交通調査基本区間番号,路線名,起点側／路線名等,終点側／路線名等,市区町村コード,自動車専用道路の別,区間延長（ｋｍ）,上り／交通量観測地点地名,上り／２４時間自動車類交通量／合計（台）,下り／交通量観測地点地名,下り／２４時間自動車類交通量／合計（台）,２４時間自動車類交通量（上下合計）／合計（台）,昼夜率,混雑度,朝夕（混雑時）／上り／旅行速度／合計（ｋｍ／ｈ）,朝夕（混雑時）／下り／旅行速度／合計（ｋｍ／ｈ）,幅員構成／道路部幅員（ｍ）,指定最高速度（ｋｍ／ｈ）
5110400010,東北自動車道,東北自動車道,一般国道２８２号,5209,1,9.7,安代～鹿角八幡平,3492,安代～鹿角八幡平,3524,7016,1.47,0.21,83.7,84,20.5,80
5110400020,東北自動車道,一般国道２８２号,一般国道１０３号,5209,1,11.9,鹿角八幡平～十和田,3238,鹿角八幡平～十和田,3283,6521,1.47,0.13,88.5,87.8,20.5,80
5110400030,東北自動車道,一般国道１０３号,鹿角市・小坂町境,5209,1,3.4,十和田～小坂,2916,十和田～小坂,2952,5868,1.47,0.13,91.6,89.3,20.5,80
5110400040,東北自動車道,鹿角市・小坂町境,大館十和田湖線,5303,1,4.7,十和田～小坂,2916,十和田～小坂,2952,5868,1.47,0.13,93.4,88.1,20.5,80
5110400045,東北自動車道,大館十和田湖線,日本海沿岸東北自動車道,5303,1,6.4,小坂～小坂JCT,2977,小坂～小坂JCT,3009,5986,1.46,0.21,89,84.8,20.5,80
5110400050,東北自動車道,日本海沿岸東北自動車道,東北自動車道,5303,1,5.8,小坂JCT～碇ヶ関,3147,小坂JCT～碇ヶ関,3084,6231,1.43,0.2,88.5,86.6,20.5,80
5110810010,日本海東北自動車道,日本海沿岸東北自動車道（本荘～岩城）,由利本荘市・秋田市境,5210,1,4,岩城～秋田空港,1072,岩城～秋田空港,1019,2091,1.2,0.25,87,88.2,12,70
5110810020,日本海東北自動車道,由利本荘市・秋田市境,秋田御所野雄和線,5201,1,10.3,岩城～秋田空港,1072,岩城～秋田空港,1019,2091,1.2,0.25,85.5,81.1,12,70
5110810030,日本海東北自動車道,秋田御所野雄和線,秋田自動車道,5201,1,2.4,秋田空港～河辺JCT,1116,秋田空港～河辺JCT,981,2097,1.22,0.26,86.3,87.8,12,70
5114200010,秋田自動車道,秋田自動車道,一般国道１３号（湯沢横手道路）,5203,1,16.7,湯田～横手,2245,湯田～横手,2257,4502,1.34,0.7,82,81.8,12,70
5114200015,秋田自動車道,一般国道１３号（湯沢横手道路）,横手大森大内線,5203,1,6.4,横手～横手北スマート,2753,横手～横手北スマート,2773,5526,1.25,0.34,91.9,91.3,12,70
5114200020,秋田自動車道,横手大森大内線,横手市・大仙市境,5203,1,8.4,横手北スマート～大曲,3163,横手北スマート～大曲,3109,6272,1.24,0.43,87.2,87.2,12,70
5114200030,秋田自動車道,横手市・大仙市境,一般国道１０５号,5212,1,6.1,横手北スマート～大曲,3163,横手北スマート～大曲,3109,6272,1.24,0.43,91.2,84.4,12,70
5114200040,秋田自動車道,一般国道１０５号,市道（西仙北ＳＩＣアクセス道路）,5212,1,16.3,大曲～西仙北スマート,4123,大曲～西仙北スマート,4116,8239,1.22,0.23,93,92.1,20.5,80
5114200050,秋田自動車道,市道（西仙北ＳＩＣアクセス道路）,一般国道３４１号,5212,1,7.6,西仙北スマート～協和,4256,西仙北スマート～協和,4234,8490,1.21,0.17,91.5,92,20.5,80
5114200060,秋田自動車道,一般国道３４１号,大仙市・秋田市境,5212,1,1.6,協和～河辺JCT,4439,協和～河辺JCT,4394,8833,1.21,0.23,93.2,90.2,20.5,80
5114200070,秋田自動車道,大仙市・秋田市境,日本海東北自動車道,5201,1,6.8,協和～河辺JCT,4439,協和～河辺JCT,4394,8833,1.21,0.23,93,93.7,20.5,80
5114200080,秋田自動車道,日本海東北自動車道,一般国道１３号,5201,1,2.9,河辺JCT～秋田南,4795,河辺JCT～秋田南,4615,9410,1.2,0.2,86.5,91.1,20.5,80
5114200090,秋田自動車道,一般国道１３号,秋田北野田線,5201,1,7,秋田南～秋田中央,3429,秋田南～秋田中央,3335,6764,1.18,0.74,85.7,86.6,12,70
5114200100,秋田自動車道,秋田北野田線,一般国道７号（秋田自動車道）,5201,1,9.2,秋田中央～秋田北、昭和男鹿半島～五城目八郎潟,2605,秋田中央～秋田北、昭和男鹿半島～五城目八郎潟,2378,4983,1.18,0.71,83.6,85.1,12,70
5114200120,秋田自動車道,一般国道７号,潟上市・井川町境,5211,1,4.8,秋田中央～秋田北、昭和男鹿半島～五城目八郎潟,2605,秋田中央～秋田北、昭和男鹿半島～五城目八郎潟,2378,4983,1.18,0.71,86.3,87,12,70
5114200130,秋田自動車道,潟上市・井川町境,井川町・五城目町境,5366,1,3.7,秋田中央～秋田北、昭和男鹿半島～五城目八郎潟,2605,秋田中央～秋田北、昭和男鹿半島～五城目八郎潟,2378,4983,1.18,0.71,82,85.9,12,70
5114200140,秋田自動車道,井川町・五城目町境,五城目町・八郎潟町境,5361,1,1.8,秋田中央～秋田北、昭和男鹿半島～五城目八郎潟,2605,秋田中央～秋田北、昭和男鹿半島～五城目八郎潟,2378,4983,1.18,0.71,83.8,84.1,12,70
5114200150,秋田自動車道,五城目町・八郎潟町境,八郎潟町・五城目町境,5363,1,0.5,秋田中央～秋田北、昭和男鹿半島～五城目八郎潟,2605,秋田中央～秋田北、昭和男鹿半島～五城目八郎潟,2378,4983,1.18,0.71,83.9,81.1,12,70
5114200160,秋田自動車道,八郎潟町・五城目町境,秋田八郎潟線,5361,1,0.3,秋田中央～秋田北、昭和男鹿半島～五城目八郎潟,2605,秋田中央～秋田北、昭和男鹿半島～五城目八郎潟,2378,4983,1.18,0.71,83.6,82.4,12,70
5114200170,秋田自動車道,秋田八郎潟線,五城目町・八郎潟町境,5361,1,2.5,五城目八郎潟～琴丘森岳,2375,五城目八郎潟～琴丘森岳,2257,4632,1.17,0.66,84.2,82.9,12,70
5114200180,秋田自動車道,五城目町・八郎潟町境,八郎潟町・三種町境,5363,1,0.5,五城目八郎潟～琴丘森岳,2375,五城目八郎潟～琴丘森岳,2257,4632,1.17,0.66,86.7,80.1,12,70
5114200190,秋田自動車道,八郎潟町・三種町境,一般国道７号（琴丘能代道路）,5348,1,6.6,五城目八郎潟～琴丘森岳,2375,五城目八郎潟～琴丘森岳,2257,4632,1.17,0.66,84.5,85.8,12,70
5135020010,日本海沿岸東北自動車道（本荘～岩城）,一般国道７号(仁賀保本荘道路),一般国道１０５号（岩谷道路）,5210,1,9.3,常観：本荘IC～大内IC,5246,常観：本荘IC～大内IC,4777,10023,1.25,0.77,78.8,77.5,12,70
5135020020,日本海沿岸東北自動車道（本荘～岩城）,一般国道１０５号（岩谷道路）,市道（松ヶ崎亀田ICアクセス道路）,5210,1,6.9,常観：大内IC～松ケ崎亀田IC,6007,常観：大内IC～松ケ崎亀田IC,6076,12083,1.22,0.84,81.5,77.6,12,70
5135020030,日本海沿岸東北自動車道（本荘～岩城）,市道（松ヶ崎亀田ICアクセス道路）,日本海東北自動車道,5210,1,5.4,常観：松ケ崎亀田IC～岩城IC,5547,常観：松ケ崎亀田IC～岩城IC,5448,10995,1.22,0.79,59.4,81.9,12,70
5135020100,日本海沿岸東北自動車道（大館北～小坂）,一般国道７号（大館西道路）,大館市・小坂町境,5204,1,12.7,大館北,1478,大館北,1410,2888,1.17,0.32,82.6,81.4,12,70
5135020105,日本海沿岸東北自動車道（大館北～小坂）,大館市・小坂町境,町道（小坂北ＩＣ連絡道路）,5303,1,1.2,大館北,1478,大館北,1410,2888,1.17,0.32,80.1,78.1,12,70
5135020110,日本海沿岸東北自動車道,町道（小坂北ＩＣ連絡道路）,東北自動車道,5303,1,0.5,小坂JCT～小坂JCT料金所,721,小坂JCT～小坂JCT料金所,626,1347,1.1,0.05,38.2,50.7,22.25,40
5300070010,一般国道７号,一般国道７号,象潟矢島線,5214,0,10.4,常観：象潟(194.6ｋｐ),3216,常観：象潟(194.6ｋｐ),2991,6207,1.26,0.54,57.5,58.7,17,60
5300070020,一般国道７号,象潟矢島線,象潟停車場線,5214,0,1.1,にかほ市象潟町大塩越73-1,6490,にかほ市象潟町大塩越73-1,6384,12874,1.18,1.3,30.8,30.6,15.8,60
5300070030,一般国道７号,象潟停車場線,,5214,0,3.8,にかほ市象潟町大塩越73-1,6490,にかほ市象潟町大塩越73-1,6384,12874,1.18,1.3,41.5,42.6,15.8,60
5300070039,一般国道７号,,一般国道７号（象潟仁賀保道路）,5214,0,1.9,にかほ市象潟町大塩越73-1,6490,にかほ市象潟町大塩越73-1,6384,12874,1.18,1.08,56.9,51.6,17,60
5300070040,一般国道７号,一般国道７号（象潟仁賀保道路）,小出金浦線,5214,0,0.5,CCTV:竹嶋,4167,CCTV:竹嶋,3285,7452,1.14,0.55,32.2,36.1,17,60
5300070050,一般国道７号,小出金浦線,小出金浦線,5214,0,1.4,CCTV:竹嶋,4167,CCTV:竹嶋,3285,7452,1.14,0.55,62.8,62.9,17,60
5300070060,一般国道７号,小出金浦線,仁賀保矢島館合線,5214,0,5,CCTV:竹嶋,4167,CCTV:竹嶋,3285,7452,1.14,0.58,43.3,42.7,13,60
5300070065,一般国道７号,仁賀保矢島館合線,一般国道７号（象潟仁賀保道路）,5214,0,0.8,CCTV:竹嶋,4167,CCTV:竹嶋,3285,7452,1.14,0.84,25.3,28.8,15.2,50
5300070070,一般国道７号,一般国道７号（象潟仁賀保道路）,,5214,0,1.6,CCTV：西目(224.7ｋｐ),5283,CCTV：西目(224.7ｋｐ),5288,10571,1.19,1.04,30.2,49.3,14.5,60
5300070080,一般国道７号,,にかほ市・由利本荘市境,5214,0,0.6,CCTV：西目(224.7ｋｐ),5283,CCTV：西目(224.7ｋｐ),5288,10571,1.19,1.05,56,59.4,8.8,60
5300070090,一般国道７号,にかほ市・由利本荘市境,本荘西目線,5210,0,5.2,CCTV：西目(224.7ｋｐ),5283,CCTV：西目(224.7ｋｐ),5288,10571,1.19,1.09,48,46.4,10.6,60
5300070100,一般国道７号,本荘西目線,一般国道１０５号,5210,0,4.9,CCTV：西目(224.7ｋｐ),5283,CCTV：西目(224.7ｋｐ),5288,10571,1.19,1.09,45.5,34,13.3,60
5300070110,一般国道７号,一般国道１０５号,,5210,0,0.9,常観：本荘,11726,常観：本荘,10196,21922,1.18,1.89,21.9,26.1,20.5,60
5300070120,一般国道７号,,,5210,0,1.5,CCTV：親川(237.8KP),5183,CCTV：親川(243.2KP),5007,10190,1.2,1,25.1,28.9,20.5,60
5300070130,一般国道７号,,一般国道３４１号,5210,0,9.1,CCTV：親川(237.8KP),5183,CCTV：親川(243.2KP),5007,10190,1.2,1,56.2,58.8,20.5,60
5300070140,一般国道７号,一般国道３４１号,一般国道３４１号,5210,0,1.2,由利本荘市松ケ崎(243.2ｋｐ),4540,由利本荘市松ケ崎(243.2ｋｐ),4326,8866,1.2,0.9,61.4,61,11.5,60
5300070150,一般国道７号,一般国道３４１号,雄和岩城線,5210,0,5.6,由利本荘市岩城二古(246.8ｋｐ),4665,由利本荘市岩城二古(246.8ｋｐ),4500,9165,1.21,0.94,56.3,53.3,13.05,60
5300070160,一般国道７号,雄和岩城線,由利本荘市・秋田市境,5210,0,4.9,由利本荘市岩城内道川,8479,由利本荘市岩城内道川,8250,16729,1.23,1.35,56.9,51.1,11.5,60
5300070165,一般国道７号,由利本荘市・秋田市境,一般国道７号（下浜道路）,5201,0,0.4,由利本荘市岩城内道川,8479,由利本荘市岩城内道川,8250,16729,1.23,1.31,62.4,60.4,14.5,60
5300070170,一般国道７号,一般国道７号（下浜道路）,川添下浜停車場線,5201,0,1.2,秋田市下浜桂根,1246,秋田市下浜桂根,1038,2284,1.18,0.24,62.1,60.7,11.5,60
5300070175,一般国道７号,川添下浜停車場線,一般国道７号（下浜道路）,5201,0,3.3,秋田市下浜桂根,1246,秋田市下浜桂根,1038,2284,1.18,0.25,55,54.3,14.1,60
5300070180,一般国道７号,一般国道７号（下浜道路）,秋田天王線,5201,0,1.4,常観：下浜長浜,8612,常観：下浜長浜,8652,17264,1.24,1.94,51.4,30.5,13,60
5300070190,一般国道７号,秋田天王線,寺内新屋雄和線,5201,0,3,秋田市浜田,6344,秋田市浜田,6432,12776,1.23,1.08,56.8,66.1,13.5,60
5300070200,一般国道７号,寺内新屋雄和線,寺内新屋雄和線,5201,0,2.2,秋田市新屋町字三ッ小屋,11292,秋田市新屋町字三ッ小屋,11167,22459,1.21,0.6,71.4,56.9,24.5,60
5300070210,一般国道７号,寺内新屋雄和線,一般国道１３号,5201,0,2.9,常観：臨海(269.1ｋｐ),8794,常観：臨海(269.1ｋｐ),8224,17018,1.23,1.32,51.5,11.5,15,60
5300070220,一般国道７号,一般国道１３号,寺内新屋雄和線,5201,0,1.5,秋田市寺内蛭根,18986,秋田市寺内蛭根,18120,37106,1.23,2.04,17.4,25.3,23.5,50
5300070230,一般国道７号,寺内新屋雄和線,秋田天王線,5201,0,2.5,秋田市土崎港西五丁目,15202,秋田市土崎港西五丁目,15548,30750,1.25,1.47,21.3,21,23.8,50
5300070240,一般国道７号,秋田天王線,秋田港線,5201,0,0.5,秋田市土崎港西五丁目,15202,秋田市土崎港西五丁目,15548,30750,1.25,1.47,16.3,26.5,23.8,50
5300070250,一般国道７号,秋田港線,土崎停車場線,5201,0,0.4,秋田市土崎港西五丁目,15202,秋田市土崎港西五丁目,15548,30750,1.25,1.47,30.1,31.6,23.8,50
5300070260,一般国道７号,土崎停車場線,上新城土崎港線,5201,0,0.8,秋田市土崎港西五丁目,15202,秋田市土崎港西五丁目,15548,30750,1.25,1.47,34.6,33.4,23.8,50
5300070270,一般国道７号,上新城土崎港線,秋田天王線,5201,0,1.5,常観：追分(280.5ｋｐ),12529,常観：追分(280.5ｋｐ),13911,26440,1.24,1.49,39,31.1,22.5,50
5300070280,一般国道７号,秋田天王線,久保秋田線,5201,0,0.1,常観：追分(280.5ｋｐ),12529,常観：追分(280.5ｋｐ),13911,26440,1.24,1.49,21.7,26.5,22.5,50
5300070285,一般国道７号,久保秋田線,市道（旧秋田天王線　北部道路）,5201,0,2,常観：追分(280.5ｋｐ),12529,常観：追分(280.5ｋｐ),13911,26440,1.24,1.49,39,36.3,22.5,50
5300070290,一般国道７号,市道（旧秋田天王線　北部道路）,秋田市・潟上市境,5201,0,1.2,常観：追分(280.5ｋｐ),12529,常観：追分(280.5ｋｐ),13911,26440,1.24,1.49,41.5,34.5,22.5,50
5300070300,一般国道７号,秋田市・潟上市境,,5211,0,0.1,秋田市金足下刈北野,8833,秋田市金足下刈北野,8944,17777,1.23,1.79,32.1,18.5,14,60
5300070310,一般国道７号,,追分停車場線,5211,0,0.2,秋田市金足下刈北野,8833,秋田市金足下刈北野,8944,17777,1.23,1.79,26.3,21.5,14,60
5300070320,一般国道７号,追分停車場線,高岡追分線,5211,0,1.3,秋田市金足下刈北野,8833,秋田市金足下刈北野,8944,17777,1.23,1.79,36.9,35.4,14,60
5300070330,一般国道７号,高岡追分線,潟上市・秋田市境,5211,0,2,秋田市金足下刈北野,8833,秋田市金足下刈北野,8944,17777,1.23,1.79,41.2,43.2,14,60
5300070340,一般国道７号,潟上市・秋田市境,秋田昭和飯田川線,5201,0,1.1,秋田市金足下刈北野,8833,秋田市金足下刈北野,8944,17777,1.23,1.79,38.3,41.6,14,60
5300070350,一般国道７号,秋田昭和飯田川線,秋田市・潟上市境,5201,0,0.5,秋田市金足下刈北野,8833,秋田市金足下刈北野,8944,17777,1.23,1.79,42,48.7,14,60
5300070360,一般国道７号,秋田市・潟上市境,秋田昭和線,5211,0,0.6,秋田市金足下刈北野,8833,秋田市金足下刈北野,8944,17777,1.23,1.49,48.5,39.7,11.6,60
5300070370,一般国道７号,秋田昭和線,潟上市・秋田市境,5211,0,0.3,秋田市金足下刈北野,8833,秋田市金足下刈北野,8944,17777,1.23,1.49,30.4,38,11.6,60
5300070380,一般国道７号,潟上市・秋田市境,秋田自動車道,5201,0,0.1,秋田市金足下刈北野,8833,秋田市金足下刈北野,8944,17777,1.23,1.49,34.5,36,11.6,60
5300070390,一般国道７号,秋田自動車道,秋田市・潟上市境,5201,0,0.4,秋田市金足下刈北野,8833,秋田市金足下刈北野,8944,17777,1.23,1.49,36.4,51.2,11.6,60
5300070400,一般国道７号,秋田市・潟上市境,古井内大久保停車場線,5211,0,1.1,秋田市金足下刈北野,8833,秋田市金足下刈北野,8944,17777,1.23,1.49,51.2,49.3,11.6,60
5300070410,一般国道７号,古井内大久保停車場線,一般国道２８５号,5211,0,4.2,秋田市金足下刈北野,8833,秋田市金足下刈北野,8944,17777,1.23,1.49,41.7,36.7,11.6,60
5300070420,一般国道７号,一般国道２８５号,秋田昭和飯田川線,5211,0,1,常観：潟上(294.7ｋｐ),4167,常観：潟上(294.7ｋｐ),3761,7928,1.22,0.69,37.2,39.9,11.6,60
5300070430,一般国道７号,秋田昭和飯田川線,北の又井川線,5366,0,1.7,南秋田郡五城目町大川,4416,南秋田郡五城目町大川,4431,8847,1.2,0.92,40.7,41.9,11.6,60
5300070440,一般国道７号,北の又井川線,井川町・五城目町境,5366,0,0.8,南秋田郡五城目町大川,4416,南秋田郡五城目町大川,4431,8847,1.2,0.92,40.1,43.3,11.6,60
5300070450,一般国道７号,井川町・五城目町境,三倉鼻五城目線,5361,0,0.5,南秋田郡五城目町大川,4416,南秋田郡五城目町大川,4431,8847,1.2,1.11,45.8,42.3,12.55,60
5300070460,一般国道７号,三倉鼻五城目線,五城目町・八郎潟町境,5361,0,0.9,南秋田郡五城目町大川,4416,南秋田郡五城目町大川,4431,8847,1.2,1.11,36.6,34.1,12.55,60
5300070470,一般国道７号,五城目町・八郎潟町境,秋田八郎潟線,5363,0,1,南秋田郡五城目町大川,4416,南秋田郡五城目町大川,4431,8847,1.2,0.94,34,31.4,11.9,60
5300070480,一般国道７号,秋田八郎潟線,真坂五城目線,5363,0,2.3,CCTV：真坂(300.0ｋｐ),4722,CCTV：真坂(300.0ｋｐ),4542,9264,1.25,0.82,42.5,45.6,11.9,60
5300070490,一般国道７号,真坂五城目線,三倉鼻五城目線,5363,0,0.9,CCTV：三倉鼻(301.4ｋｐ),4406,CCTV：三倉鼻(301.4ｋｐ),4371,8777,1.26,0.57,50.7,54.1,10.8,60
5300070500,一般国道７号,三倉鼻五城目線,八郎潟町・三種町境,5363,0,1.2,CCTV：三倉鼻(301.4ｋｐ),4406,CCTV：三倉鼻(301.4ｋｐ),4371,8777,1.26,0.57,59.7,60.9,10.8,60
5300070510,一般国道７号,八郎潟町・三種町境,琴丘上小阿仁線,5348,0,5.4,三種町鹿渡字西小瀬川,4327,三種町鹿渡字西小瀬川,4493,8820,1.22,0.58,59,57.3,10.8,60
5300070520,一般国道７号,琴丘上小阿仁線,森岳鹿渡線,5348,0,3.2,鹿渡,4257,鹿渡,4153,8410,1.19,0.76,50.5,50.6,10.8,60
5300070530,一般国道７号,森岳鹿渡線,,5348,0,1.9,鹿渡,4257,鹿渡,4153,8410,1.19,0.76,49.3,59.9,10.8,60
5300070540,一般国道７号,,金光寺鵜川線,5348,0,4,三種町鵜川字東本田,4388,三種町鵜川字東本田,4002,8390,1.17,0.8,55.7,54.5,9.7,50
5300070550,一般国道７号,金光寺鵜川線,森岳鵜川線,5348,0,0.2,三種町鵜川字東本田,4388,三種町鵜川字東本田,4002,8390,1.17,0.8,32.2,22.6,9.7,50
5300070560,一般国道７号,森岳鵜川線,一般国道１０１号,5348,0,1.8,三種町鵜川字東本田,4388,三種町鵜川字東本田,4002,8390,1.17,0.8,43.1,38.8,9.7,50
5300070570,一般国道７号,一般国道１０１号,一般国道７号（琴丘能代道路）,5348,0,1,三種町鵜川字東谷地,5248,三種町鵜川字東谷地,5003,10251,1.21,0.9,39.8,36.9,13,50
5300070580,一般国道７号,一般国道７号（琴丘能代道路）,三種町・能代市境,5348,0,1,能代市浅内字寒川家下,5250,能代市浅内字寒川家下,5013,10263,1.22,0.82,42.2,45.8,14.5,60
5300070590,一般国道７号,三種町・能代市境,一般国道７号（琴丘能代道路）,5202,0,3.6,能代市浅内字寒川家下,5250,能代市浅内字寒川家下,5013,10263,1.22,0.83,52.9,45.1,11.3,50
5300070600,一般国道７号,一般国道７号（琴丘能代道路）,,5202,0,3.6,能代市浅内浅内堤下,4176,能代市浅内浅内堤下,4504,8680,1.22,1,40.9,48.8,14.75,60
5300070610,一般国道７号,,一般国道１０１号,5202,0,1,能代市字昇平岱,4827,能代市字昇平岱,5458,10285,1.14,0.83,30,26.2,14.75,60
5300070620,一般国道７号,一般国道１０１号,富根能代線,5202,0,0.5,西大瀬,8767,西大瀬,8308,17075,1.16,1.26,19,15.4,21.8,50
5300070630,一般国道７号,富根能代線,,5202,0,2.1,西大瀬,8767,西大瀬,8308,17075,1.16,1.26,24.4,24.7,21.8,50
5300070640,一般国道７号,,東能代停車場線,5202,0,1.5,西大瀬,8767,西大瀬,8308,17075,1.16,1.06,36.8,39.7,13,60
5300070650,一般国道７号,東能代停車場線,一般国道７号（琴丘能代道路）,5202,0,0.9,能代市字宮ノ前,5728,能代市字宮ノ前,5535,11263,1.16,0.91,31.6,24.6,13,60
5300070660,一般国道７号,一般国道７号（琴丘能代道路）,能代五城目線,5202,0,1.4,能代市扇田字道地,2241,能代市扇田字道地,2213,4454,1.15,0.38,31.9,30.7,13,60
5300070670,一般国道７号,能代五城目線,,5202,0,5.4,能代市冷清水,2142,能代市冷清水,2424,4566,1.15,0.66,59.2,59.5,13,60
5300070680,一般国道７号,,富根能代線,5202,0,2.9,能代市冷清水,2142,能代市冷清水,2424,4566,1.15,0.66,63.3,59.1,13,60
5300070690,一般国道７号,富根能代線,一般国道７号（琴丘能代道路）,5202,0,2.3,能代市冷清水,2142,能代市冷清水,2424,4566,1.15,0.66,54.4,46.9,13,60
5300070700,一般国道７号,一般国道７号（琴丘能代道路）,小滝二ツ井線,5202,0,2.6,能代市二ツ井町種,5278,能代市二ツ井町種,5232,10510,1.19,0.97,51.1,48,13,60
5300070710,一般国道７号,小滝二ツ井線,西目屋二ツ井線,5202,0,1.6,能代市二ツ井町種,5278,能代市二ツ井町種,5232,10510,1.19,0.97,57.1,59.6,13,60
5300070720,一般国道７号,西目屋二ツ井線,きみまち阪藤里峡公園線,5202,0,1.5,今泉,4974,今泉,5119,10093,1.18,0.98,58.4,53.4,13,60
5300070730,一般国道７号,きみまち阪藤里峡公園線,二ツ井森吉線,5202,0,0.3,今泉,4974,今泉,5119,10093,1.18,1.18,22.5,27.3,11,60
5300070740,一般国道７号,二ツ井森吉線,能代市・北秋田市境,5202,0,1.8,今泉,4974,今泉,5119,10093,1.18,1.18,47.7,49.8,11,60
5300070750,一般国道７号,能代市・北秋田市境,大館能代空港西線,5213,0,2.2,今泉,4974,今泉,5119,10093,1.18,0.92,56.4,53.3,11.25,60
5300070760,一般国道７号,大館能代空港西線,,5213,0,2.2,北秋田市前山綱前,2893,北秋田市前山綱前,2945,5838,1.14,0.64,53.6,56.5,12.5,60
5300070770,一般国道７号,,坊沢鷹巣線,5213,0,1.1,北秋田市坊沢字深関沢尻,2246,北秋田市坊沢字深関沢尻,2464,4710,1.19,0.49,56,55,12.75,60
5300070780,一般国道７号,坊沢鷹巣線,鷹巣川井堂川線,5213,0,4.1,北秋田市坊沢字深関沢尻,2246,北秋田市坊沢字深関沢尻,2464,4710,1.19,0.49,57.9,57.9,12.75,60
5300070790,一般国道７号,鷹巣川井堂川線,一般国道１０５号,5213,0,1.2,北秋田市綴子大堤,3636,北秋田市綴子大堤,3721,7357,1.22,0.62,42.5,37.3,14.5,60
5300070800,一般国道７号,一般国道１０５号,矢坂糠沢線,5213,0,1.7,大館市長坂,4035,大館市長坂,3983,8018,1.18,0.77,42.6,40.4,14.5,60
5300070810,一般国道７号,矢坂糠沢線,北秋田市・大館市境,5213,0,0.9,大館市長坂,4035,大館市長坂,3983,8018,1.18,0.77,52.7,54.9,14.5,60
5300070820,一般国道７号,北秋田市・大館市境,,5204,0,3,大館市長坂,4035,大館市長坂,3983,8018,1.18,0.76,56.4,53.9,14.6,50
5300070830,一般国道７号,,白沢田代線,5204,0,2.9,大館市早口深沢岱,4449,大館市早口深沢岱,4317,8766,1.18,0.89,48.4,48.7,14.6,50
5300070840,一般国道７号,白沢田代線,比内田代線,5204,0,1.5,大館市早口深沢岱,4449,大館市早口深沢岱,4317,8766,1.18,0.89,36.1,37.6,14.6,50
5300070850,一般国道７号,比内田代線,一般国道１０３号,5204,0,2,大館市立花字立花,7123,大館市立花字立花,7875,14998,1.19,1.13,43,43.1,14.6,50
5300070860,一般国道７号,一般国道１０３号,,5204,0,2.3,大館市片山3丁目,8610,大館市片山3丁目,7803,16413,1.19,1.12,37.1,31,14.6,50
5300070870,一般国道７号,,大館鷹巣線,5204,0,0.5,大館市根下戸新町,6143,大館市根下戸新町,7049,13192,1.19,1.08,18.2,18.9,16.9,40
5300070880,一般国道７号,大館鷹巣線,大館十和田湖線,5204,0,1.7,大館市根下戸新町,6143,大館市根下戸新町,7049,13192,1.19,1.08,24.1,23.5,16.9,40
5300070890,一般国道７号,大館十和田湖線,大館十和田湖線,5204,0,1.8,大館市根下戸新町,6143,大館市根下戸新町,7049,13192,1.19,1.17,18.7,17.9,14.9,40
5300070900,一般国道７号,大館十和田湖線,釈迦内花岡白沢線,5204,0,1.5,大館市根下戸新町,6143,大館市根下戸新町,7049,13192,1.19,1.05,26.7,34.6,15.8,50
5300070910,一般国道７号,釈迦内花岡白沢線,一般国道７号（大館西道路）,5204,0,0.8,大館市根下戸新町,6143,大館市根下戸新町,7049,13192,1.19,1.05,37.3,31.2,15.8,50
5300070920,一般国道７号,一般国道７号（大館西道路）,白沢田代線,5204,0,4.9,大舘市釈迦内ヲコハ,4147,大舘市釈迦内ヲコハ,3985,8132,1.21,0.75,51.3,51.2,10.25,60
5300070930,一般国道７号,白沢田代線,一般国道７号,5204,0,10.6,矢立,2518,矢立,2350,4868,1.26,0.99,60.1,63.4,12,60
5300071000,一般国道７号（琴丘能代道路）,一般国道７号,一般国道７号,5202,1,6.3,浅内,3107,浅内,3026,6133,1.17,0.56,83.3,83.4,12,70
5300071010,一般国道７号（琴丘能代道路）,一般国道７号,一般国道７号,5202,1,11.1,大台野,4193,大台野,3373,7566,1.19,0.63,67,59,12,70
5300071240,一般国道７号（鷹巣西道路）,大館能代空港西線,木戸石鷹巣線,5213,1,1.8,北秋田市坊沢畑ケ沢,2311,北秋田市坊沢畑ケ沢,2444,4755,1.2,0.39,79.3,80.7,13.5,80
5300071250,一般国道７号（鷹巣西道路）,木戸石鷹巣線,,5213,1,1.8,北秋田市脇神小ヶ田,2265,北秋田市脇神小ヶ田,2307,4572,1.2,0.39,78.9,80.5,13.5,80
5300071260,一般国道７号（鷹巣大館道路への接続区間）,,大館能代空港東線,5213,1,1.8,北秋田市脇神小ヶ田,2265,北秋田市脇神小ヶ田,2307,4572,1.2,0.39,82.6,77.7,13.5,80
5300071160,一般国道７号（鷹巣大館道路）,大館能代空港東線,一般国道１０５号,5213,1,1.9,脇神,3048,脇神,2968,6016,1.16,0.44,,,13.5,80
5300071130,一般国道７号（鷹巣大館道路）,一般国道１０５号,北秋田市・大館市境,5213,1,7.1,摩当山,5001,摩当山,4715,9716,1.13,0.93,77,78.2,12,70
5300071150,一般国道７号（鷹巣大館道路）,北秋田市・大館市境,比内田代線,5204,1,5,摩当山,5001,摩当山,4715,9716,1.13,0.93,77.3,73.8,12,70
5300071100,一般国道７号（大館西道路）,比内田代線,一般国道１０３号,5204,1,2.6,櫃崎,5174,櫃崎,5415,10589,1.19,0.8,65.9,76.6,12,70
5300071030,一般国道７号（大館西道路）,一般国道１０３号,一般国道７号,5204,1,4.8,大館市釈迦内桜下,4789,大館市釈迦内桜下,4706,9495,1.19,0.79,77.8,77.5,12,70
5300071040,一般国道７号（大館西道路）,一般国道７号,日本海沿岸東北自動車道（大館北～小坂）,5204,1,1.5,大館北,1478,大館北,1410,2888,1.17,0.26,65.7,84,12,70
5300070950,一般国道７号（秋田自動車道）,秋田自動車道,秋田自動車道,5201,1,9.5,秋田北～昭和男鹿半島,2897,秋田北～昭和男鹿半島,2688,5585,1.17,0.78,83.5,84.1,12,70
5300070970,一般国道７号（琴丘能代道路）,秋田自動車道,一般国道７号,5348,1,13,琴丘森岳～八竜,2158,琴丘森岳～八竜,2050,4208,1.18,0.47,83,82.1,12,70
5300070980,一般国道７号（琴丘能代道路）,一般国道７号,三種町・能代市境,5348,1,0.7,八竜～能城南,3667,八竜～能代南,3685,7352,1.18,0.77,91.2,92.5,12,70
5300070990,一般国道７号（琴丘能代道路）,三種町・能代市境,一般国道７号,5202,1,3.4,八竜～能城南,3667,八竜～能代南,3685,7352,1.18,0.77,81.1,84.7,12,70
5300071120,一般国道７号（仁賀保本荘道路）,一般国道７号,,5214,1,1.3,CCTV：宮内,5226,CCTV：宮内,5366,10592,1.22,0.83,78,80.2,12,70
5300071050,一般国道７号(仁賀保本荘道路),,にかほ市・由利本荘市境,5214,1,0.6,CCTV：宮内,5226,CCTV：宮内,5366,10592,1.22,0.83,76.7,76.9,12,70
5300071060,一般国道７号(仁賀保本荘道路),にかほ市・由利本荘市境,日本海沿岸東北自動車道（本荘～岩城）,5210,1,10.6,CCTV：宮内,5226,CCTV：宮内,5366,10592,1.22,0.83,79.6,79.9,12,70
5300071140,一般国道7号（象潟仁賀保道路）,象潟矢島線,一般国道７号,5214,1,6.8,常観：日東道金浦,1578,常観：日東道金浦,1431,3009,1.18,0.3,56.8,49.1,13.5,70
5300071090,一般国道７号（象潟仁賀保道路）,一般国道７号,一般国道７号,5214,1,6.9,常観：金浦-仁賀保,4105,常観：金浦-仁賀保,4217,8322,1.24,0.67,35.4,72.4,12,80
5300071300,一般国道７号（下浜道路）,一般国道７号,一般国道７号,5201,0,6.2,常観：下浜長浜,8612,常観：下浜長浜,8652,17264,1.24,1.28,57.3,55.5,14.5,60
5300130005,一般国道１３号,一般国道１３号,一般国道１３号（院内道路）,5207,0,4.2,湯沢市上院内字新雄勝,1796,湯沢市上院内新雄勝,1609,3405,1.26,0.76,64.9,68.1,12,60
5300130010,一般国道１３号,一般国道１３号（院内道路）,雄勝湯沢線,5207,0,1.9,湯沢市上院内字新雄勝,1796,湯沢市上院内新雄勝,1609,3405,1.26,0.76,61.5,62.7,12,60
5300130020,一般国道１３号,雄勝湯沢線,一般国道１０８号,5207,0,0.3,湯沢市上院内字新雄勝,1796,湯沢市上院内新雄勝,1609,3405,1.26,0.76,44,53.6,12,60
5300130025,一般国道１３号,一般国道１０８号,一般国道１３号（院内道路）,5207,0,2.2,湯沢市下院内柳原（院内道路終点側交差点,2290,湯沢市下院内柳原,2149,4439,1.24,0.5,60.2,59.5,11.25,60
5300130030,一般国道１３号,一般国道１３号（院内道路）,一般国道１０８号,5207,0,1.7,湯沢市下院内柳原（院内道路終点側交差点,2290,湯沢市下院内柳原,2149,4439,1.24,0.5,58.2,56.2,11.25,60
5300130040,一般国道１３号,一般国道１０８号,一般国道１３号（湯沢横手道路）,5207,0,1.4,湯沢市横堀字中屋敷,3648,湯沢市横堀字中屋敷,3672,7320,1.25,0.67,35.6,40.4,13,60
5300130050,一般国道１３号,一般国道１３号（湯沢横手道路）,,5207,0,1,湯沢市横堀字中屋敷（雄勝こまちＩＣ交差点）,2429,湯沢市横堀字中屋敷（雄勝こまちＩＣ交差点）,2529,4958,1.14,0.46,27.8,24.5,13,60
5300130060,一般国道１３号,,湯沢栗駒公園線,5207,0,3.1,湯沢市横堀字中屋敷（雄勝こまちＩＣ交差点）,2429,湯沢市横堀字中屋敷（雄勝こまちＩＣ交差点）,2529,4958,1.14,0.47,46,48.9,11.5,50
5300130070,一般国道１３号,湯沢栗駒公園線,羽後雄勝線,5207,0,1.6,湯沢市横堀字中屋敷（雄勝こまちＩＣ交差点）,2429,湯沢市横堀字中屋敷（雄勝こまちＩＣ交差点）,2529,4958,1.14,0.47,51.7,51.7,11.5,50
5300130080,一般国道１３号,羽後雄勝線,三関停車場線,5207,0,0.5,湯沢市横堀字中屋敷（雄勝こまちＩＣ交差点）,2429,湯沢市横堀字中屋敷（雄勝こまちＩＣ交差点）,2529,4958,1.14,0.47,49.2,49.1,11.5,50
5300130090,一般国道１３号,三関停車場線,一般国道１３号（湯沢横手道路）,5207,0,3.1,湯沢市横堀字中屋敷（雄勝こまちＩＣ交差点）,2429,湯沢市横堀字中屋敷（雄勝こまちＩＣ交差点）,2529,4958,1.14,0.47,49.3,47.9,11.5,50
5300130100,一般国道１３号,一般国道１３号（湯沢横手道路）,稲庭関口線,5207,0,1.1,三関,3934,三関,4024,7958,1.14,0.91,41.9,36.3,11.5,50
5300130110,一般国道１３号,稲庭関口線,西松沢杉沢線,5207,0,0.5,三関,3934,三関,4024,7958,1.14,0.91,33.1,33.7,11.5,50
5300130120,一般国道１３号,西松沢杉沢線,雄勝湯沢線,5207,0,1.2,三関,3934,三関,4024,7958,1.14,0.54,28.2,30.8,20,50
5300130130,一般国道１３号,雄勝湯沢線,湯沢停車場線,5207,0,0.5,三関,3934,三関,4024,7958,1.14,0.54,20.7,22,20,50
5300130140,一般国道１３号,湯沢停車場線,一般国道３９８号,5207,0,0.6,三関,3934,三関,4024,7958,1.14,0.54,22.4,19.7,20,50
5300130150,一般国道１３号,一般国道３９８号,西松沢杉沢線,5207,0,0.8,湯沢北,7275,湯沢北,6800,14075,1.2,1.18,18.3,25.7,16.5,50
5300130160,一般国道１３号,西松沢杉沢線,湯沢市・横手市境,5207,0,4.2,湯沢北,7275,湯沢北,6800,14075,1.2,1.18,41.3,41.4,16.5,50
5300130170,一般国道１３号,湯沢市・横手市境,一般国道３４２号,5203,0,1.1,湯沢北,7275,湯沢北,6800,14075,1.2,1.2,44.3,30,18,60
5300130180,一般国道１３号,一般国道３４２号,野崎十文字線,5203,0,1.1,横手市十文字町梨木字街道下,6504,横手市十文字町梨木字街道下,6127,12631,1.2,1.33,25.3,31.5,18,60
5300130190,一般国道１３号,野崎十文字線,一般国道１３号（湯沢横手道路）,5203,0,0.8,横手市十文字町梨木字街道下,6504,横手市十文字町梨木字街道下,6127,12631,1.2,1.33,26.6,28.3,18,60
5300130200,一般国道１３号,一般国道１３号（湯沢横手道路）,,5203,0,0.6,醍醐,9664,醍醐,9256,18920,1.2,1.46,32.9,32.4,18,60
5300130210,一般国道１３号,,川連増田平鹿線,5203,0,0.6,醍醐,9664,醍醐,9256,18920,1.2,1.29,38.7,29,17.5,50
5300130220,一般国道１３号,川連増田平鹿線,浅舞醍醐線,5203,0,1,醍醐,9664,醍醐,9256,18920,1.2,1.29,24,26.7,17.5,50
5300130230,一般国道１３号,浅舞醍醐線,金沢吉田柳田線,5203,0,2.3,横手市大屋新町字中野（美砂古交差点）,7679,横手市大屋新町字中野（美砂古交差点）,7947,15626,1.18,1.29,33.5,32,11.5,50
5300130240,一般国道１３号,金沢吉田柳田線,,5203,0,1.6,横手市大屋新町字中野（美砂古交差点）,7679,横手市大屋新町字中野（美砂古交差点）,7947,15626,1.18,1.29,37.8,34.6,11.5,50
5300130250,一般国道１３号,,一般国道１０７号,5203,0,2,横手市大屋新町字中野（美砂古交差点）,5454,横手市大屋新町字中野（美砂古交差点）,5707,11161,1.21,1.08,40.2,36.7,11.5,50
5300130260,一般国道１３号,一般国道１０７号,一般国道１３号,5203,0,0.7,横手市大屋新町字中野（美砂古交差点）,5454,横手市大屋新町字中野（美砂古交差点）,5707,11161,1.21,1.01,21.6,21.5,13.2,50
5300130270,一般国道１３号,一般国道１３号,横手東由利線,5203,0,1.3,横手市八幡字石町（石町交差点）,8331,横手市八幡字石町（石町交差点）,8304,16635,1.2,0.8,30.9,26.9,27,60
5300130280,一般国道１３号,横手東由利線,横手大森大内線,5203,0,0.4,横手市八幡字石町（石町交差点）,8331,横手市八幡字石町（石町交差点）,8304,16635,1.2,0.8,18.6,22.2,27,60
5300130290,一般国道１３号,横手大森大内線,大曲横手線,5203,0,1,横手市八幡字石町（石町交差点）,8331,横手市八幡字石町（石町交差点）,8304,16635,1.2,0.8,31.6,27.7,27,60
5300130300,一般国道１３号,大曲横手線,御所野安田線,5203,0,2.4,金沢,6884,金沢,6878,13762,1.2,1.65,41.6,45,10.5,60
5300130310,一般国道１３号,御所野安田線,横手市・美郷町境,5203,0,3.5,金沢,6884,金沢,6878,13762,1.2,1.76,43.5,43.7,12,50
5300130320,一般国道１３号,横手市・美郷町境,金沢吉田柳田線,5434,0,0.1,金沢,6884,金沢,6878,13762,1.2,1.64,31.1,26.6,12.5,60
5300130330,一般国道１３号,金沢吉田柳田線,角館六郷線,5434,0,4.6,金沢,6884,金沢,6878,13762,1.2,1.64,45.2,46,12.5,60
5300130340,一般国道１３号,角館六郷線,川西六郷線,5434,0,1.6,金沢,6884,金沢,6878,13762,1.2,1.67,33.6,37.9,13,60
5300130350,一般国道１３号,川西六郷線,,5434,0,1.1,金沢,6884,金沢,6878,13762,1.2,1.67,45.7,48.5,13,60
5300130360,一般国道１３号,,美郷町・大仙市境,5434,0,0.1,大仙市和合字田中（和合入口交差点）,7341,大仙市和合字田中（和合入口交差点）,7390,14731,1.27,0.86,34.1,40.9,13,60
5300130370,一般国道１３号,美郷町・大仙市境,一般国道１０５号（大曲西道路）,5212,0,2.6,大仙市和合字田中（和合入口交差点）,7341,大仙市和合字田中（和合入口交差点）,7390,14731,1.27,0.9,33,33.8,14,60
5300130380,一般国道１３号,一般国道１０５号（大曲西道路）,湯沢雄物川大曲線,5212,0,1.1,大仙市和合字田中（和合入口交差点）,8360,大仙市和合字田中（和合入口交差点）,8567,16927,1.21,0.93,42.4,31.2,27,60
5300130390,一般国道１３号,湯沢雄物川大曲線,大曲田沢湖線,5212,0,1.2,大曲BP,9508,大曲BP,9989,19497,1.18,1.06,29.6,38.7,27,60
5300130400,一般国道１３号,大曲田沢湖線,一般国道１０５号,5212,0,2.3,大曲BP,9508,大曲BP,9989,19497,1.18,1.06,41.2,32.9,27,60
5300130410,一般国道１３号,一般国道１０５号,,5212,0,1.7,大仙市花館字間倉洲崎（玉川橋北交差点）,10079,大仙市花館字間倉洲崎（玉川橋北交差点）,9543,19622,1.2,0.88,33.3,36.2,27,60
5300130420,一般国道１３号,,神岡南外東由利線,5212,0,1,大仙市花館字間倉洲崎（玉川橋北交差点）,10079,大仙市花館字間倉洲崎（玉川橋北交差点）,9543,19622,1.2,0.88,39.1,39.5,27,60
5300130760,一般国道１３号,神岡南外東由利線,四ツ屋神岡線,5212,0,1.7,大仙市北楢岡字高花（高花交差点）,5771,大仙市北楢岡字高花（高花交差点）,5467,11238,1.22,0.9,45.8,48.9,14.5,60
5300130770,一般国道１３号,四ツ屋神岡線,土川神岡線,5212,0,0.8,大仙市北楢岡字高花（高花交差点）,5771,大仙市北楢岡字高花（高花交差点）,5467,11238,1.22,0.9,48.1,40.7,14.5,60
5300130780,一般国道１３号,土川神岡線,四ツ屋神岡線,5212,0,4.7,大仙市北楢岡字高花（高花交差点）,5771,大仙市北楢岡字高花（高花交差点）,5467,11238,1.22,0.9,53.1,50.9,14.5,60
5300130450,一般国道１３号,四ツ屋神岡線,,5212,0,2.6,大仙市北楢岡字高花（高花交差点）,6506,大仙市北楢岡字高花（高花交差点）,6531,13037,1.17,1.06,49.6,49.8,14.5,60
5300130460,一般国道１３号,,水沢西仙北線,5212,0,2.1,協和,5218,協和,5334,10552,1.21,0.87,50.3,52.1,17,60
5300130470,一般国道１３号,水沢西仙北線,,5212,0,2.8,協和,5218,協和,5334,10552,1.21,0.87,51.9,53.3,17,60
5300130480,一般国道１３号,,強首峰吉川線,5212,0,3.8,協和,5218,協和,5334,10552,1.21,0.85,56.1,55.8,11,60
5300130490,一般国道１３号,強首峰吉川線,一般国道３４１号,5212,0,3.8,協和,5218,協和,5334,10552,1.21,1.01,67,61.7,15.5,60
5300130500,一般国道１３号,一般国道３４１号,一般国道４６号,5212,0,0.4,協和,5218,協和,5334,10552,1.21,1.01,32.1,28.8,15.5,60
5300130510,一般国道１３号,一般国道４６号,羽後境停車場線,5212,0,2.7,CCTV：雨池沢,6554,CCTV：雨池沢,6487,13041,1.24,0.95,50.9,51.4,10.5,60
5300130520,一般国道１３号,羽後境停車場線,秋田岩見船岡線,5212,0,0.6,CCTV：雨池沢,6554,CCTV：雨池沢,6487,13041,1.24,0.95,42.9,41.4,10.5,60
5300130530,一般国道１３号,秋田岩見船岡線,大仙市・秋田市境,5212,0,4.7,CCTV：雨池沢,6554,CCTV：雨池沢,6487,13041,1.24,0.95,61,61.7,10.5,60
5300130540,一般国道１３号,大仙市・秋田市境,,5201,0,0.9,CCTV：雨池沢,6554,CCTV：雨池沢,6487,13041,1.24,1.05,43.9,33.2,12.1,60
5300130550,一般国道１３号,,河辺阿仁線,5201,0,1.9,秋田市河辺北野田高屋,8773,秋田市河辺北野田高屋,8586,17359,1.21,1.34,51.7,47.7,12.1,60
5300130560,一般国道１３号,河辺阿仁線,秋田北野田線,5201,0,2.1,秋田市河辺北野田高屋,8773,秋田市河辺北野田高屋,8586,17359,1.21,1.34,38.7,41.7,12.1,60
5300130570,一般国道１３号,秋田北野田線,秋田北野田線,5201,0,0.6,秋田市河辺北野田高屋,8773,秋田市河辺北野田高屋,8586,17359,1.21,0.43,39.4,38.2,28,60
5300130580,一般国道１３号,秋田北野田線,秋田自動車道,5201,0,2,常観：御所野,12945,常観：御所野,11299,24244,1.24,0.63,57.4,64.6,28,60
5300130590,一般国道１３号,秋田自動車道,秋田昭和線,5201,0,3.5,常観：御所野,12945,常観：御所野,11299,24244,1.24,0.63,48.8,55.2,28,60
5300130600,一般国道１３号,秋田昭和線,秋田雄和本荘線,5201,0,1.6,CCTV：横山,16206,CCTV：横山,15607,31813,1.21,0.93,46.4,24.8,29,60
5300130610,一般国道１３号,秋田雄和本荘線,秋田御所野雄和線,5201,0,0.8,秋田市仁井田新田,17194,秋田市仁井田新田,17030,34224,1.22,1.69,27.9,23.9,21.5,50
5300130620,一般国道１３号,秋田御所野雄和線,羽後牛島停車場線,5201,0,2.4,CCTV：牛島,20626,CCTV：牛島,18684,39310,1.24,1.32,30.5,22.8,21.5,50
5300130630,一般国道１３号,羽後牛島停車場線,秋田岩見船岡線,5201,0,0.7,CCTV：牛島,20626,CCTV：牛島,18684,39310,1.24,1.85,32,12.2,20.6,50
5300130640,一般国道１３号,秋田岩見船岡線,秋田天王線,5201,0,0.5,CCTV：牛島,20626,CCTV：牛島,18684,39310,1.24,2.05,17.7,10.1,19.8,50
5300130650,一般国道１３号,秋田天王線,,5201,0,1,常観：川尻,15224,常観：川尻,15398,30622,1.24,1.49,12.9,19.4,22.7,50
5300130660,一般国道１３号,,一般国道７号,5201,0,1.4,秋田市川尻町大川反,12140,秋田市川尻町大川反,11015,23155,1.25,1.19,15.5,24.4,25.35,50
5300130680,一般国道１３号（湯沢横手道路）,一般国道１３号,湯沢栗駒公園線,5207,1,4.3,雄勝須川,3465,雄勝須川,3240,6705,1.24,0.48,45.4,56.9,12,70
5300130690,一般国道１３号（湯沢横手道路）,湯沢栗駒公園線,一般国道１３号,5207,1,5.5,須川三関,4091,須川三関,3936,8027,1.23,0.61,81.1,81.8,12,70
5300130700,一般国道１３号（湯沢横手道路）,一般国道１３号,一般国道３９８号,5207,1,4.1,湯沢三関,3131,湯沢三関,3144,6275,1.25,0.47,79.2,81.2,12,70
5300130710,一般国道１３号（湯沢横手道路）,一般国道３９８号,湯沢市・横手市境,5207,1,4.6,湯沢～十文字,1558,湯沢～横手,1600,3158,1.19,0.25,84.8,86.1,12,70
5300130720,一般国道１３号（湯沢横手道路）,湯沢市・横手市境,一般国道１３号,5203,1,3.1,湯沢～十文字,1558,湯沢～横手,1600,3158,1.19,0.25,76.4,76.4,12,70
5300130730,一般国道１３号（湯沢横手道路）,一般国道１３号,秋田自動車道,5203,1,5.8,十文字～横手,2372,十文字～横手,2456,4828,1.18,0.36,84.6,85.9,12,70
5300130740,一般国道１３号,秋田自動車道,一般国道１３号,5203,0,1.3,横手市安田字向田,5078,横手市安田字向田,5965,11043,1.24,0.64,37.8,35.8,28,60
5300130800,一般国道１３号（院内道路）,一般国道１３号,一般国道１３号,5207,1,4,院内,735,院内,569,1304,1.31,0.25,44.1,72.7,12,60
5300460010,一般国道４６号,一般国道４６号,,5215,0,7.6,常観：仙岩,1918,常観：仙岩,1933,3851,1.27,0.65,63.1,,6.5,50
5300460020,一般国道４６号,,一般国道３４１号,5215,0,2.3,仙北市田沢湖生保内字野中,2699,仙北市田沢湖生保内字野中,2707,5406,1.27,0.5,49.5,44.9,17,60
5300460030,一般国道４６号,一般国道３４１号,,5215,0,4.3,常観：卒田,4498,常観：卒田,4571,9069,1.17,0.82,51.2,55.7,17,60
5300460040,一般国道４６号,,大曲田沢湖線,5215,0,8,常観：卒田,4498,常観：卒田,4571,9069,1.17,0.85,57.4,53.7,8,60
5300460050,一般国道４６号,大曲田沢湖線,神代停車場線,5215,0,0.2,CCTV：小松,3816,CCTV：小松,4044,7860,1.15,0.72,33,36.9,12.35,60
5300460060,一般国道４６号,神代停車場線,一般国道３４１号,5215,0,4.3,CCTV：小松,3816,CCTV：小松,4044,7860,1.15,0.72,54.2,53.3,12.35,60
5300460070,一般国道４６号（角館バイパス）,一般国道３４１号,一般国道１０５号,5215,1,0.8,仙北市田沢湖小松羽根ヶ台,2360,仙北市田沢湖小松羽根ヶ台,2308,4668,1.19,0.34,57.7,59,11.7,70
5300460080,一般国道４６号（角館バイパス）,一般国道１０５号,日三市角館線,5215,1,1.1,CCTV：角館BP真木口,2354,CCTV：角館BP真木口,2463,4817,1.18,0.38,71.2,69.6,11.7,70
5300460090,一般国道４６号（角館バイパス）,日三市角館線,一般国道３４１号,5215,1,1.8,常観：角館BP,2283,常観：角館BP,2475,4758,1.2,0.43,72.7,72.3,12,70
5300460220,一般国道４６号（角館バイパス）,一般国道３４１号,一般国道３４１号,5215,1,1.7,CCTV：角館BP月見堂,2780,CCTV：角館BP月見堂,3802,6582,1.19,0.46,71,68.4,12,70
5300460110,一般国道４６号,一般国道３４１号,角館長野線,5215,0,1.3,CCTV：西長野,3330,CCTV：西長野,3358,6688,1.18,0.38,62.8,62.8,12.85,60
5300460120,一般国道４６号,角館長野線,仙北市・大仙市境,5215,0,5,CCTV：西長野,3330,CCTV：西長野,3358,6688,1.18,0.38,63.2,60,12.85,60
5300460130,一般国道４６号,仙北市・大仙市境,水沢西仙北線,5212,0,4.8,CCTV：西長野,3330,CCTV：西長野,3358,6688,1.18,0.46,61.9,60.7,9.75,60
5300460140,一般国道４６号,水沢西仙北線,一般国道１３号,5212,0,10.4,CCTV：西長野,3330,CCTV：西長野,3358,6688,1.18,0.39,56.4,51.7,7.5,60
5301010010,一般国道１０１号,一般国道１０１号,,5349,0,1.8,山本郡八峰町八森乙の水,584,山本郡八峰町八森乙の水,599,1183,1.17,0.14,52.7,49.9,8,50
5301010020,一般国道１０１号,,椿台小入川線,5349,0,6,,1242,,1340,2582,1.22,0.25,59.5,60,8,50
5301010030,一般国道１０１号,椿台小入川線,椿台小入川線,5349,0,3.8,,1796,,1913,3709,1.21,0.39,59,51.9,8,50
5301010040,一般国道１０１号,椿台小入川線,常盤峰浜線,5349,0,4.4,山本郡八峰町八森磯村,3012,山本郡八峰町八森磯村,3010,6022,1.23,0.48,49,53.5,8,50
5301010050,一般国道１０１号,常盤峰浜線,,5349,0,5.7,山本郡八峰町八森磯村,3012,山本郡八峰町八森磯村,3010,6022,1.23,0.48,46.8,47.2,8,50
5301010060,一般国道１０１号,,八峰町・能代市境,5349,0,1.2,山本郡八峰町沼田字明神長根,3821,山本郡八峰町沼田字明神長根,3886,7707,1.23,0.73,53.5,57.3,10.5,50
5301010065,一般国道１０１号,八峰町・能代市境,,5202,0,1.3,山本郡八峰町沼田字明神長根,3821,山本郡八峰町沼田字明神長根,3886,7707,1.23,0.73,53.6,53,10.5,50
5301010600,一般国道１０１号（須田バイパス）,,塙川能代線,5202,0,0.2,能代市須田街道下,4712,能代市須田街道下,4682,9394,1.14,0.61,57.6,54.3,9.5,60
5301010610,一般国道１０１号（須田バイパス）,塙川能代線,,5202,0,1.2,能代市須田街道下,4712,能代市須田街道下,4682,9394,1.14,0.61,59.3,58.8,9.5,60
5301010080,一般国道１０１号,,石川向能代線,5202,0,1,能代市須田街道下,4712,能代市須田街道下,4682,9394,1.14,0.86,50.1,43.7,10.8,50
5301010090,一般国道１０１号,石川向能代線,,5202,0,1.9,能代市須田街道下,4712,能代市須田街道下,4682,9394,1.14,0.86,30.2,32,10.8,50
5301010100,一般国道１０１号,,,5202,0,2.2,能代市上町,7360,能代市上町,8063,15423,1.25,0.44,23,27.3,30,50
5301010110,一般国道１０１号,,一般国道７号,5202,0,0.7,能代市字後谷地,7937,能代市字後谷地,8342,16279,1.25,0.48,34.4,23.5,30,50
5301010130,一般国道１０１号,一般国道７号,男鹿八竜線,5348,0,1.4,,545,,542,1087,1.16,0.13,25.5,39,13,50
5301010500,一般国道１０１号,男鹿八竜線,三種町・男鹿市境,5348,0,6.5,山本郡三種町大口字中鹿,688,山本郡三種町大口字中鹿,691,1379,1.16,0.16,44.5,36.6,10,50
5301010510,一般国道１０１号,三種町・男鹿市境,払戸琴川線,5206,0,14.5,,,,,,,,47.4,48.3,6,50
5301010520,一般国道１０１号,払戸琴川線,入道崎寒風山線,5206,0,5.2,男鹿市男鹿中浜間口,504,男鹿市男鹿中浜間口,508,1012,1.12,0.16,48.9,45.3,6,50
5301010180,一般国道１０１号,入道崎寒風山線,入道崎寒風山線,5206,0,3.4,,3078,,3185,6263,1.23,0.63,44.8,44,8.7,50
5301010190,一般国道１０１号,入道崎寒風山線,,5206,0,3.8,,3078,,3185,6263,1.23,0.6,46.4,43.1,7,50
5301010200,一般国道１０１号,,,5206,0,1.4,,3078,,3185,6263,1.23,0.6,53.6,48.5,7,50
5301010210,一般国道１０１号,,男鹿半島線,5206,0,0.2,,3078,,3185,6263,1.23,0.6,28.6,18.9,7,50
5400590070,一般国道１０１号,男鹿半島線,男鹿半島線,5206,0,3.4,男鹿市脇本脇本,7342,男鹿市脇本脇本,7323,14665,1.23,0.48,54.1,53,19.8,50
5301010240,一般国道１０１号,男鹿半島線,男鹿八竜線,5206,0,2.4,男鹿市脇本脇本,7342,男鹿市脇本脇本,7323,14665,1.23,0.41,57.4,52.7,23,50
5301010250,一般国道１０１号,男鹿八竜線,男鹿昭和飯田川線,5206,0,1.6,男鹿市船越内子,10529,男鹿市船越内子,10731,21260,1.26,0.48,30.3,35.9,23.2,50
5301010260,一般国道１０１号,男鹿昭和飯田川線,男鹿市・潟上市境,5206,0,3.1,,11786,,12099,23885,1.26,0.62,52.9,59.8,23,50
5301010270,一般国道１０１号,男鹿市・潟上市境,秋田天王線,5211,0,4.1,,11786,,12099,23885,1.26,0.68,45,47.9,21,50
5301010280,一般国道１０１号,秋田天王線,男鹿昭和飯田川線,5211,0,0.7,潟上市昭和大久保,2657,潟上市昭和大久保,2667,5324,1.21,0.44,22.2,36.5,23,50
5301010290,一般国道１０１号,男鹿昭和飯田川線,男鹿昭和飯田川線,5211,0,3.3,潟上市昭和大久保,2657,潟上市昭和大久保,2667,5324,1.21,0.44,52.6,57.4,23,50
5301010300,一般国道１０１号,男鹿昭和飯田川線,潟上市・秋田市境,5211,0,1.4,潟上市昭和大久保,2657,潟上市昭和大久保,2667,5324,1.21,0.44,68.1,63.4,23,50
5301010310,一般国道１０１号,潟上市・秋田市境,秋田自動車道,5201,0,0.1,潟上市昭和大久保,2657,潟上市昭和大久保,2667,5324,1.21,0.37,20.2,9.7,21.5,50
5301030010,一般国道１０３号,一般国道１０３号,一般国道１０３号,5303,0,0.6,鹿角郡小坂町十和田湖字生出,811,鹿角郡小坂町十和田湖字生出,765,1576,1.06,0.17,57.4,59.5,13,50
5301030025,一般国道１０３号,一般国道１０３号,一般国道４５４号,5303,0,4.2,鹿角郡小坂町十和田湖字生出,811,鹿角郡小坂町十和田湖字生出,765,1576,1.06,0.2,42.2,47.4,8.5,50
5301030035,一般国道１０３号,一般国道４５４号,一般国道１０３号,5303,0,0.3,,1477,,1530,3007,1.22,0.59,37.8,39.1,8.5,50
5301030040,一般国道１０３号,一般国道１０３号,小坂町・鹿角市境,5303,0,3.3,,1477,,1530,3007,1.22,0.59,36.6,33.6,8.5,50
5301030050,一般国道１０３号,小坂町・鹿角市境,大館十和田湖線,5209,0,0.1,,1477,,1530,3007,1.22,0.55,36,26.5,12,50
5301030060,一般国道１０３号,大館十和田湖線,一般国道１０４号,5209,0,4.8,,1477,,1530,3007,1.22,0.55,45.1,43.5,12,50
5301030070,一般国道１０３号,一般国道１０４号,,5209,0,11.4,鹿角市十和田大湯字白沢,990,鹿角市十和田大湯字白沢,1017,2007,1.22,0.39,58,55.8,12,50
5301030080,一般国道１０３号,,十二所花輪大湯線,5209,0,1,,2681,,2727,5408,1.22,0.47,38.1,39.4,12,50
5301030090,一般国道１０３号,十二所花輪大湯線,一般国道２８２号,5209,0,6.6,,2681,,2727,5408,1.22,0.53,47,36,11.5,50
5301030100,一般国道１０３号,一般国道２８２号,東北自動車道,5209,0,0.9,,4647,,4855,9502,1.23,0.76,23.8,31.1,11,50
5301030105,一般国道１０３号,東北自動車道,市道（旧　一般国道１０３号）,5209,0,5.2,鹿角市十和田末広字家ノ下,3961,鹿角市十和田末広字家ノ下,4070,8031,1.23,0.62,55.8,57.7,11,50
5301030210,一般国道１０３号（葛原バイパス）,一般国道１０３号,鹿角市・大館市境,5209,0,0.8,秋田県大館市曲田字下谷地,5993,秋田県大館市曲田字下谷地,5931,11924,1.24,0.89,63.8,64.6,12,50
5301030200,一般国道１０３号（葛原バイパス）,鹿角市・大館市境,,5204,0,0.2,秋田県大館市曲田字下谷地,5993,秋田県大館市曲田字下谷地,5931,11924,1.24,0.89,63.6,62.8,12,50
5301030230,一般国道１０３号（葛原バイパス）,,十二所花輪大湯線（旧　一般国道１０３号）,5204,0,4,秋田県大館市曲田字下谷地,5993,秋田県大館市曲田字下谷地,5931,11924,1.24,0.89,62.1,62.7,12,50
5301030130,一般国道１０３号,十二所花輪大湯線（旧　一般国道１０３号）,一般国道２８５号,5204,0,7.8,秋田県大館市曲田字下谷地,5993,秋田県大館市曲田字下谷地,5931,11924,1.24,0.89,54.4,46.6,14,50
5301030140,一般国道１０３号,一般国道２８５号,,5204,0,0.5,秋田県大館市曲田字下谷地,5993,秋田県大館市曲田字下谷地,5931,11924,1.24,0.89,27.2,34.1,14,50
5301030150,一般国道１０３号,,,5204,0,3,秋田県大館市山館字館ノ下,7002,秋田県大館市山館字館ノ下,7006,14008,1.24,1.09,60.4,62.4,14,50
5301030160,一般国道１０３号,,大館鷹巣線,5204,0,3.3,,4465,,4744,9209,1.23,0.2,67.4,68.3,25,50
5301030170,一般国道１０３号,大館鷹巣線,一般国道７号（大館西道路）,5204,0,1,,4465,,4744,9209,1.23,0.2,66.4,68.8,25,50
5301030180,一般国道１０３号,一般国道７号（大館西道路）,一般国道７号,5204,0,2,,4465,,4744,9209,1.23,0.2,58.4,47.5,25,50
5301040010,一般国道１０４号,一般国道１０４号,田代平大清水線,5209,0,5.5,鹿角市十和田大湯字大清水,177,鹿角市十和田大湯字大清水,155,332,1.14,0.12,56,54.2,6.5,50
5301040020,一般国道１０４号,田代平大清水線,一般国道１０３号,5209,0,5.2,鹿角市十和田大湯字大清水,177,鹿角市十和田大湯字大清水,155,332,1.14,0.12,50.2,51.1,6.5,50
5301050010,一般国道１０５号,一般国道７号,羽後本荘停車場線,5210,0,0.7,,9263,,8290,17553,1.25,1.8,9.8,22.3,15,50
5301050020,一般国道１０５号,羽後本荘停車場線,,5210,0,0.3,,9263,,8290,17553,1.25,1.8,23.9,25.1,15,50
5301050030,一般国道１０５号,,一般国道１０８号,5210,0,1.4,由利本荘市御門,9221,由利本荘市御門,8208,17429,1.25,1.32,21.1,17.9,14.8,50
5301050040,一般国道１０５号,一般国道１０８号,一般国道１０７号,5210,0,0.2,由利本荘市御門,9221,由利本荘市御門,8208,17429,1.25,1.32,14.9,19.8,14.8,50
5301050050,一般国道１０５号,一般国道１０７号,,5210,0,1.9,由利本荘市中梵天,6541,由利本荘市中梵天,6569,13110,1.25,0.35,23,21.8,22,50
5301050060,一般国道１０５号,,,5210,0,2.2,由利本荘市川口字川口下,9920,由利本荘市川口字川口下,9390,19310,1.25,0.66,29.3,30.7,22,50
5301050070,一般国道１０５号,,一般国道１０５号（岩谷道路）,5210,0,4,由利本荘市内黒瀬字荒町,6462,由利本荘市内黒瀬字荒町,6575,13037,1.24,1.33,46.5,46.9,9.8,50
5301050080,一般国道１０５号,一般国道１０５号（岩谷道路）,,5210,0,0.2,由利本荘市内黒瀬字荒町,6462,由利本荘市内黒瀬字荒町,6575,13037,1.24,1.33,22.9,23.1,9.8,50
5301050090,一般国道１０５号,,本荘岩城線,5210,0,1.8,,4727,,3798,8525,1.23,1.26,35.9,44.4,10.5,50
5301050100,一般国道１０５号,本荘岩城線,本荘岩城線,5210,0,1.2,,4727,,3798,8525,1.23,1.26,43.6,41.6,10.5,50
5301050110,一般国道１０５号,本荘岩城線,秋田雄和本荘線,5210,0,2.2,,4727,,3798,8525,1.23,1.26,49.7,45,10.5,50
5301050120,一般国道１０５号,秋田雄和本荘線,横手大森大内線,5210,0,10.8,由利本荘市松本字道添,2546,由利本荘市松本字道添,2538,5084,1.23,0.62,61,60.5,10.5,50
5301050130,一般国道１０５号,横手大森大内線,由利本荘市・大仙市境,5210,0,7.5,大仙市南外大和野,1961,大仙市南外大和野,2005,3966,1.22,0.38,60.3,61.4,8,50
5301050140,一般国道１０５号,由利本荘市・大仙市境,西仙北南外線,5212,0,4.2,大仙市南外大和野,1961,大仙市南外大和野,2005,3966,1.22,0.38,63.8,64.8,12.5,50
5301050150,一般国道１０５号,西仙北南外線,市道（旧　神岡南外東由利線）,5212,0,2.1,大仙市南外大和野,1961,大仙市南外大和野,2005,3966,1.22,0.38,56.3,53.7,12.5,50
5301050155,一般国道１０５号,市道（旧　神岡南外東由利線）,神岡南外東由利線,5212,0,0.3,,2807,,3053,5860,1.23,0.58,36.3,32.2,14,50
5301050160,一般国道１０５号,神岡南外東由利線,秋田自動車道,5212,0,6.8,,2807,,3053,5860,1.23,0.58,59.1,58,14,50
5301050170,一般国道１０５号,秋田自動車道,大曲大森羽後線,5212,0,1.4,,2807,,3053,5860,1.23,0.58,45.1,43.6,14,50
5301050180,一般国道１０５号,大曲大森羽後線,一般国道１０５号（大曲西道路）,5212,0,0.9,,2807,,3053,5860,1.23,0.58,36.9,41.3,14,50
5301050190,一般国道１０５号,一般国道１０５号（大曲西道路）,,5212,0,0.3,,2807,,3053,5860,1.23,0.58,22.8,35.8,14,50
5301050200,一般国道１０５号,,大曲大森羽後線,5212,0,1.3,,4489,,4490,8979,1.23,0.85,47.2,46.5,12.5,50
5301050210,一般国道１０５号,大曲大森羽後線,大曲大森羽後線,5212,0,3.8,,4489,,4490,8979,1.23,0.85,40.1,37.3,12.5,50
5301050220,一般国道１０５号,大曲大森羽後線,,5212,0,0.3,,7911,,6912,14823,1.24,0.94,11.5,15.9,9.5,50
5301050230,一般国道１０５号,,一般国道１３号,5212,0,0.6,,7911,,6912,14823,1.24,0.94,25.2,21.7,9.5,50
5301050240,一般国道１０５号,一般国道１３号,国見大曲線,5212,0,4.7,大仙市四ツ屋字上古道,7003,大仙市四ツ屋字上古道,6975,13978,1.16,1.17,36.9,40.3,9.5,50
5301050250,一般国道１０５号,国見大曲線,四ツ屋神岡線,5212,0,0.8,大仙市四ツ屋字上古道,7003,大仙市四ツ屋字上古道,6975,13978,1.16,1.17,37.7,37.8,9.5,50
5301050260,一般国道１０５号,四ツ屋神岡線,土川中仙線,5212,0,3.5,大仙市四ツ屋字上古道,7003,大仙市四ツ屋字上古道,6975,13978,1.16,1.17,49.5,47.8,9.5,50
5301050270,一般国道１０５号,土川中仙線,長信田羽後長野停車場線,5212,0,1.5,大仙市下鶯野字羽場,5843,大仙市下鶯野字羽場,6197,12040,1.24,1,32.7,27.3,9.5,50
5301050280,一般国道１０５号,長信田羽後長野停車場線,角館六郷線,5212,0,3.7,大仙市下鶯野字羽場,5843,大仙市下鶯野字羽場,6197,12040,1.24,1,43.6,40.1,9.5,50
5301050290,一般国道１０５号,角館六郷線,大仙市・仙北市境,5212,0,0.4,,4619,,4279,8898,1.23,0.74,32.2,38.6,9.5,50
5301050300,一般国道１０５号,大仙市・仙北市境,白岩角館線,5215,0,0.9,,4619,,4279,8898,1.23,0.74,32.6,29.8,10.7,50
5301050310,一般国道１０５号,白岩角館線,広久内角館停車場線,5215,0,1,,4619,,4279,8898,1.23,0.74,27.9,26.1,10.7,50
5301050320,一般国道１０５号,広久内角館停車場線,一般国道３４１号,5215,0,1.6,,4619,,4279,8898,1.23,0.74,42.2,36.8,10.7,50
5300460170,一般国道１０５号,一般国道３４１号,一般国道３４１号,5215,0,0.5,,4619,,4279,8898,1.23,0.85,32.8,25.4,13,50
5301050340,一般国道１０５号,一般国道３４１号,一般国道４６号（角館バイパス）,5215,0,0.3,仙北市西木町上荒井中屋敷,3048,仙北市西木町上荒井中屋敷,2961,6009,1.23,0.6,24.7,37.4,8.5,50
5301050350,一般国道１０５号,一般国道４６号（角館バイパス）,,5215,0,7.2,仙北市西木町上荒井中屋敷,3048,仙北市西木町上荒井中屋敷,2961,6009,1.23,0.6,55.9,52.3,8.5,50
5301050360,一般国道１０５号,,田沢湖畔線,5215,0,5.8,仙北市西木町西明寺梨子木台,1607,仙北市西木町西明寺梨子木台,1483,3090,1.22,0.38,61.6,60.4,8.5,50
5301050370,一般国道１０５号,田沢湖畔線,田沢湖西木線,5215,0,5.5,仙北市西木町西明寺梨子木台,1607,仙北市西木町西明寺梨子木台,1483,3090,1.22,0.38,60.8,59.1,8.5,50
5301050380,一般国道１０５号,田沢湖西木線,上桧木内玉川線,5215,0,9,仙北市西木町上桧木内大地田,484,仙北市西木町上桧木内大地田,458,942,1.14,0.15,55.5,54.8,8.5,50
5301050390,一般国道１０５号,上桧木内玉川線,,5215,0,2.7,仙北市西木町上桧木内大地田,484,仙北市西木町上桧木内大地田,458,942,1.14,0.15,53.1,49.8,8.5,50
5301050400,一般国道１０５号,,仙北市・北秋田市境,5215,0,10,秋田県北秋田市阿仁兵治沢,392,秋田県北秋田市阿仁兵治沢,319,711,1.14,0.09,52.2,49.7,7,50
5301050410,一般国道１０５号,仙北市・北秋田市境,河辺阿仁線,5213,0,8.6,秋田県北秋田市阿仁兵治沢,392,秋田県北秋田市阿仁兵治沢,319,711,1.14,0.1,55.5,57.9,7,50
5301050420,一般国道１０５号,河辺阿仁線,河辺阿仁線,5213,0,0.5,秋田県北秋田市阿仁萱草字マタ沢,945,秋田県北秋田市阿仁萱草字マタ沢,820,1765,1.19,0.24,28,53.7,7.5,50
5301050430,一般国道１０５号,河辺阿仁線,,5213,0,10.1,秋田県北秋田市阿仁萱草字マタ沢,945,秋田県北秋田市阿仁萱草字マタ沢,820,1765,1.19,0.24,53.7,53.6,7.5,50
5301050440,一般国道１０５号,,,5213,0,8.7,,2351,,2436,4787,1.23,0.47,60.1,60.5,12,50
5301050450,一般国道１０５号,,福館阿仁前田線,5213,0,3,秋田県北秋田市浦田字横落,1952,秋田県北秋田市浦田字横落,1952,3904,1.22,0.44,57.1,58.7,7.5,50
5301050460,一般国道１０５号,福館阿仁前田線,,5213,0,4.4,秋田県北秋田市浦田字横落,1952,秋田県北秋田市浦田字横落,1952,3904,1.22,0.44,51.8,53.1,7.5,50
5301050470,一般国道１０５号,,桂瀬笹館線,5213,0,0.7,,2466,,2519,4985,1.23,0.56,56.8,59.2,10,50
5301050480,一般国道１０５号,桂瀬笹館線,二ツ井森吉線（旧　一般国道２８５号）,5213,0,3.5,,2466,,2519,4985,1.23,0.56,51.1,45.5,10,50
5301050490,一般国道１０５号,二ツ井森吉線（旧　一般国道２８５号）,,5213,0,1.8,秋田県北秋田市米内沢字羽貫上岱,3725,秋田県北秋田市米内沢字羽貫上岱,3964,7689,1.23,0.58,41,40.8,15,50
5301050500,一般国道１０５号,,揚の下岩脇線,5213,0,4.7,秋田県北秋田市米内沢字羽貫上岱,3725,秋田県北秋田市米内沢字羽貫上岱,3964,7689,1.23,0.6,48.7,50.8,10.5,50
5301050510,一般国道１０５号,揚の下岩脇線,一般国道２８５号,5213,0,1.7,秋田県北秋田市米内沢字羽貫上岱,3725,秋田県北秋田市米内沢字羽貫上岱,3964,7689,1.23,0.6,41.5,36.9,10.5,50
5301050520,一般国道１０５号,一般国道２８５号,,5213,0,0.9,,4726,,4773,9499,1.23,0.77,32,44.8,14,50
5301050525,一般国道１０５号,,一般国道７号（鷹巣大館道路）,5213,0,0.8,,4726,,4773,9499,1.23,0.77,47.3,48.4,14,50
5301050530,一般国道１０５号,一般国道７号（鷹巣大館道路）,大館鷹巣線,5213,0,3.5,,4726,,4773,9499,1.23,0.77,50.1,48.8,14,50
5301050540,一般国道１０５号,大館鷹巣線,一般国道７号,5213,0,2.4,秋田県北秋田市綴子字大堤,3476,秋田県北秋田市綴子字大堤,3310,6786,1.23,0.54,30.4,34.4,14,50
5301050560,一般国道１０５号（岩谷道路）,日本海沿岸東北自動車道（本荘～岩城）,一般国道１０５号,5210,1,2.5,,6626,,6922,13548,1.24,1.03,49.5,19.3,8.5,50
5301050580,一般国道１０５号（大曲西道路）,秋田自動車道,一般国道１０５号,5212,1,2.1,,,,,,,,67.5,69.2,12,50
5301050590,一般国道１０５号（大曲西道路）,一般国道１０５号,市道（飯田ICアクセス道路）,5212,1,2.9,,2195,,2359,4554,1.22,0.43,69.7,69.8,12,50
5301050600,一般国道１０５号（大曲西道路）,市道（飯田ICアクセス道路）,一般国道１３号,5212,1,2,,,,,,,,58.2,42.3,12,50
5301070010,一般国道１０７号,一般国道１０７号,南郷黒沢線,5203,0,1.8,横手市山内黒沢,1577,横手市山内黒沢,1513,3090,1.25,0.38,64.7,63.9,11.5,50
5301070020,一般国道１０７号,南郷黒沢線,外山落合線,5203,0,6.7,横手市山内黒沢,1577,横手市山内黒沢,1513,3090,1.25,0.38,50.5,51.4,11.5,50
5301070030,一般国道１０７号,外山落合線,横手東成瀬線,5203,0,2.6,横手市山内黒沢,1577,横手市山内黒沢,1513,3090,1.25,0.38,51.9,53.7,11.5,50
5301070040,一般国道１０７号,横手東成瀬線,御所野安田線,5203,0,4.8,横手市前郷字大乗院塚,5390,横手市前郷字大乗院塚,5668,11058,1.24,0.73,49.9,49.5,11.5,50
5301070050,一般国道１０７号,御所野安田線,一般国道１３号,5203,0,1.3,横手市前郷字大乗院塚,5390,横手市前郷字大乗院塚,5668,11058,1.24,0.73,27.3,28.2,11.5,50
5301070070,一般国道１０７号,一般国道１３号,横手東由利線,5203,0,0.6,横手市赤坂字大道添,7991,横手市赤坂字大道添,7543,15534,1.25,1.26,18.9,21.3,12.9,50
5301070080,一般国道１０７号,横手東由利線,横手東由利線,5203,0,1.5,横手市赤坂字大道添,7991,横手市赤坂字大道添,7543,15534,1.25,1.26,22.3,24.5,12.9,50
5301070090,一般国道１０７号,横手東由利線,金沢吉田柳田線,5203,0,1.2,横手市平鹿町中吉田字上藤根,5641,横手市平鹿町中吉田字上藤根,5746,11387,1.24,0.8,26.1,34.1,11.5,50
5301070099,一般国道１０７号,金沢吉田柳田線,野崎十文字線,5203,0,3.9,横手市平鹿町中吉田字上藤根,5641,横手市平鹿町中吉田字上藤根,5746,11387,1.24,0.8,37.8,40.6,11.5,50
5301070100,一般国道１０７号,野崎十文字線,市道（旧野崎十文字線）,5203,0,0.6,横手市平鹿町中吉田字上藤根,5641,横手市平鹿町中吉田字上藤根,5746,11387,1.24,0.8,36.5,34.4,11.5,50
5301070110,一般国道１０７号,市道（旧野崎十文字線）,植田平鹿線,5203,0,0.3,横手市平鹿町中吉田字上藤根,5641,横手市平鹿町中吉田字上藤根,5746,11387,1.24,0.8,25.1,27.2,11.5,50
5301070120,一般国道１０７号,植田平鹿線,,5203,0,0.8,,6061,,5736,11797,1.24,0.82,47.1,51.5,13,50
5301070130,一般国道１０７号,,湯沢雄物川大曲線,5203,0,3.2,,3181,,3077,6258,1.23,0.5,52.8,50.3,13,50
5301070140,一般国道１０７号,湯沢雄物川大曲線,湯沢雄物川大曲線,5203,0,0.8,,3181,,3077,6258,1.23,0.5,45.6,42.6,13,50
5301070150,一般国道１０７号,湯沢雄物川大曲線,大曲大森羽後線,5203,0,2.9,,3181,,3077,6258,1.23,0.5,45.7,46.7,13,50
5301070160,一般国道１０７号,大曲大森羽後線,大曲大森羽後線,5203,0,0.3,横手市雄物川町大沢字坂ノ下,1928,横手市雄物川町大沢字坂ノ下,1810,3738,1.22,0.36,49.8,50.5,13,50
5301070170,一般国道１０７号,大曲大森羽後線,,5203,0,3.6,横手市雄物川町大沢字坂ノ下,1928,横手市雄物川町大沢字坂ノ下,1810,3738,1.22,0.36,59.4,59.5,13,50
5301070180,一般国道１０７号,,横手市・由利本荘市境,5203,0,1.9,由利本荘市東由利老方字西ノ浜,2750,由利本荘市東由利老方字西ノ浜,2744,5494,1.23,0.48,60.3,58.1,13,50
5301070190,一般国道１０７号,横手市・由利本荘市境,一般国道３９８号,5210,0,4.3,由利本荘市東由利老方字西ノ浜,2750,由利本荘市東由利老方字西ノ浜,2744,5494,1.23,0.65,65.3,65.5,12,50
5301070200,一般国道１０７号,一般国道３９８号,仁賀保矢島館合線,5210,0,0.4,由利本荘市東由利老方字西ノ浜,2750,由利本荘市東由利老方字西ノ浜,2744,5494,1.23,0.65,64.7,60.3,12,50
5301070210,一般国道１０７号,仁賀保矢島館合線,横手東由利線,5210,0,2.4,由利本荘市東由利老方字西ノ浜,2750,由利本荘市東由利老方字西ノ浜,2744,5494,1.23,0.65,32.9,41.3,12,50
5301070220,一般国道１０７号,横手東由利線,,5210,0,1.2,由利本荘市東由利老方字西ノ浜,2750,由利本荘市東由利老方字西ノ浜,2744,5494,1.23,0.65,57.2,59.9,12,50
5301070230,一般国道１０７号,,神岡南外東由利線,5210,0,1.1,,3253,,3067,6320,1.22,0.75,61.1,62.7,12,50
5301070240,一般国道１０７号,神岡南外東由利線,楢渕横渡線,5210,0,0.1,,3253,,3067,6320,1.22,0.75,54.1,60.5,12,50
5301070250,一般国道１０７号,楢渕横渡線,,5210,0,5.1,,3253,,3067,6320,1.22,0.75,59.4,61.8,12,50
5301070260,一般国道１０７号,,西滝沢館線,5210,0,9,由利本荘市大簗字笹井,3002,由利本荘市大簗字笹井,2991,5993,1.23,0.64,59.8,59.1,12,50
5301070270,一般国道１０７号,西滝沢館線,本荘西目線,5210,0,3.5,由利本荘市大簗字笹井,3002,由利本荘市大簗字笹井,2991,5993,1.23,0.64,56.4,43.7,12,50
5301070280,一般国道１０７号,本荘西目線,本荘大内線,5210,0,0.6,由利本荘市大簗字笹井,3002,由利本荘市大簗字笹井,2991,5993,1.23,0.64,14.8,29.8,12,50
5301070290,一般国道１０７号,本荘大内線,一般国道１０７号,5210,0,0.9,由利本荘市上大野,7027,由利本荘市上大野,6787,13814,1.24,0.99,15.6,26.8,12.2,50
5301070300,一般国道１０７号,一般国道１０７号,一般国道１０５号,5210,0,1.9,由利本荘市上大野,7027,由利本荘市上大野,6787,13814,1.24,0.99,20,27.6,12.2,50
5301070320,一般国道１０７号,一般国道１０７号,日本海沿岸東北自動車道（本荘～岩城）,5210,1,0.2,,,,,,,,34.5,8.2,13.3,50
5301080010,一般国道１０８号,一般国道１０８号,,5207,0,10.7,湯沢市秋ノ宮字畑,918,湯沢市秋ノ宮字畑,633,1551,1.27,0.35,62.7,60.7,13,50
5301080020,一般国道１０８号,,秋の宮小安温泉線,5207,0,1.1,,2198,,2015,4213,1.22,0.42,60.9,58.9,13,50
5301080030,一般国道１０８号,秋の宮小安温泉線,雄勝金山線,5207,0,6.2,,2198,,2015,4213,1.22,0.42,59.5,59.8,13,50
5301080040,一般国道１０８号,雄勝金山線,一般国道１３号,5207,0,7.8,,3405,,3321,6726,1.23,0.59,54.8,54.1,13,50
5301080060,一般国道１０８号,一般国道１３号,湯沢市・由利本荘市境,5207,0,6.9,湯沢市上院内字長倉,641,湯沢市上院内字長倉,499,1140,1.16,0.18,55.3,57,9.5,50
5301080070,一般国道１０８号,湯沢市・由利本荘市境,,5210,0,3.8,,575,,488,1063,1.16,0.11,52.8,55.8,9,50
5301080080,一般国道１０８号,,鳥海矢島線,5210,0,2.8,,1639,,1413,3052,1.22,0.41,55.3,58.5,8.5,50
5301080090,一般国道１０８号,鳥海矢島線,十文字羽後鳥海線,5210,0,2.9,,1639,,1413,3052,1.22,0.41,51.5,55.3,8.5,50
5301080100,一般国道１０８号,十文字羽後鳥海線,,5210,0,4.1,,1491,,1514,3005,1.22,0.44,58.1,58.3,12,50
5301080110,一般国道１０８号,,大川端伏見線,5210,0,7,由利本荘市鳥海町小川字倉隅,1327,由利本荘市鳥海町小川字倉隅,1186,2513,1.23,0.33,60.6,58.5,12,50
5301080120,一般国道１０８号,大川端伏見線,,5210,0,4.3,由利本荘市鳥海町小川字倉隅,1327,由利本荘市鳥海町小川字倉隅,1186,2513,1.23,0.33,59.3,61.3,12,50
5301080130,一般国道１０８号,,象潟矢島線,5210,0,2.4,,4711,,4817,9528,1.23,0.83,59.8,61.2,12,50
5301080140,一般国道１０８号,象潟矢島線,仁賀保矢島館合線,5210,0,0.2,,4711,,4817,9528,1.23,0.83,34.8,22.5,12,50
5301080150,一般国道１０８号,仁賀保矢島館合線,仁賀保矢島館合線,5210,0,0.2,,4711,,4817,9528,1.23,0.88,23.5,32.1,8,50
5301080154,一般国道１０８号,仁賀保矢島館合線,市道（旧　一般国道１０８号）,5210,0,1.1,,4711,,4817,9528,1.23,0.88,36.7,33.3,8,50
5301080240,一般国道１０８号,市道（旧　一般国道１０８号）,市道（旧　一般国道１０８号）,5210,0,2.5,,4711,,4817,9528,1.23,0.9,51.8,57.6,11,60
5301080160,一般国道１０８号,市道（旧　一般国道１０８号）,,5210,0,3.8,,4711,,4817,9528,1.23,0.88,55.5,57,8,50
5301080170,一般国道１０８号,,西滝沢館線,5210,0,1.2,,4711,,4817,9528,1.23,0.88,49.8,45.9,8,50
5301080180,一般国道１０８号,西滝沢館線,前郷停車場線,5210,0,4.2,,4711,,4817,9528,1.23,0.89,53.7,53.8,10.2,50
5301080190,一般国道１０８号,前郷停車場線,南由利原鮎川線,5210,0,3.7,,4711,,4817,9528,1.23,0.89,44.3,40.3,10.2,50
5301080200,一般国道１０８号,南由利原鮎川線,本荘西目線,5210,0,1.2,,4711,,4817,9528,1.23,0.89,48.4,15.1,10.2,50
5301080210,一般国道１０８号,本荘西目線,,5210,0,2.7,,4711,,4817,9528,1.23,0.89,16.4,48.8,10.2,50
5301080220,一般国道１０８号,,一般国道１０５号,5210,0,2,由利本荘市薬師堂字谷地,5512,由利本荘市薬師堂字谷地,5299,10811,1.17,0.88,25.6,30.6,10.2,50
5302820010,一般国道２８２号,一般国道２８２号,,5209,0,2.3,,1350,,1139,2489,1.22,0.43,43.3,39.3,14,50
5302820020,一般国道２８２号,,一般国道３４１号,5209,0,5.9,鹿角市八幡平字湯瀬古館,1364,鹿角市八幡平字湯瀬,1252,2616,1.27,0.33,46.6,45.5,14,50
5302820030,一般国道２８２号,一般国道３４１号,東北自動車道,5209,0,3.6,鹿角市八幡平字大里下モ川原,4819,鹿角市八幡平字赤渕,4835,9654,1.23,0.75,47.5,48.6,14,50
5302820040,一般国道２８２号,東北自動車道,十二所花輪大湯線,5209,0,1.9,鹿角市八幡平字大里下モ川原,4819,鹿角市八幡平字赤渕,4835,9654,1.23,0.75,35.1,36.4,14,50
5302820050,一般国道２８２号,十二所花輪大湯線,田山花輪線,5209,0,2,鹿角市花輪字堰向,4850,鹿角市花輪字下中島,4750,9600,1.24,0.59,24.4,23.5,14,50
5302820060,一般国道２８２号,田山花輪線,,5209,0,3.1,鹿角市花輪字堰向,4850,鹿角市花輪字下中島,4750,9600,1.24,0.59,33.6,34.3,14,50
5302820070,一般国道２８２号,,一般国道１０３号,5209,0,4.6,鹿角市花輪字鉄砲,7257,鹿角市花輪字向畑,7067,14324,1.24,0.9,42.7,40.3,14,50
5302820080,一般国道２８２号,一般国道１０３号,雪沢十和田毛馬内線,5209,0,0.9,鹿角市十和田毛馬内字中陣場,6377,鹿角市十和田毛馬内字中陣場,6035,12412,1.24,0.84,23.8,25.8,14,50
5302820090,一般国道２８２号,雪沢十和田毛馬内線,鹿角市・小坂町境,5209,0,1.5,鹿角市十和田毛馬内字中陣場,6377,鹿角市十和田毛馬内字中陣場,6035,12412,1.24,0.84,35.6,36,14,50
5302820100,一般国道２８２号,鹿角市・小坂町境,大館十和田湖線,5303,0,5.1,鹿角郡小坂町荒谷外２字小滝外６国有林,264,鹿角郡小坂町荒谷外２字小滝外６国有林,280,544,1.26,0.1,44.3,42.9,7,50
5302820105,一般国道２８２号,大館十和田湖線,町道（小坂北ＩＣ連絡道路）,5303,0,6,鹿角郡小坂町荒谷外２字小滝外６国有林,264,鹿角郡小坂町荒谷外２字小滝外６国有林,280,544,1.26,0.1,34.9,36.1,7,50
5302820110,一般国道２８２号,町道（小坂北ＩＣ連絡道路）,一般国道２８２号,5303,0,7.5,鹿角郡小坂町荒谷外２字小滝外６国有林,264,鹿角郡小坂町荒谷外２字小滝外６国有林,280,544,1.26,0.1,46.9,46.8,7,50
5302850010,一般国道２８５号,一般国道７号,潟上市・井川町境,5211,0,0.5,,5318,,5232,10550,1.24,0.6,30.8,40.9,17,50
5302850020,一般国道２８５号,潟上市・井川町境,北の又井川線,5366,0,1,,5318,,5232,10550,1.24,0.63,43.6,40.8,17,50
5302850030,一般国道２８５号,北の又井川線,井川町・五城目町境,5366,0,1.8,,5318,,5232,10550,1.24,0.63,46.9,46.2,17,50
5302850040,一般国道２８５号,井川町・五城目町境,秋田八郎潟線,5361,0,2,南秋田郡五城目町樋口,4359,南秋田郡五城目町樋口,4499,8858,1.22,0.65,39.9,28.9,17,50
5302850050,一般国道２８５号,秋田八郎潟線,真坂五城目線,5361,0,0.6,南秋田郡五城目町樋口,4359,南秋田郡五城目町樋口,4499,8858,1.22,0.65,22.1,27.5,17,50
5302850060,一般国道２８５号,真坂五城目線,,5361,0,1,南秋田郡五城目町樋口,4359,南秋田郡五城目町樋口,4499,8858,1.22,0.65,35.2,43.1,17,50
5302850070,一般国道２８５号,,能代五城目線,5361,0,2.5,南秋田郡五城目町富津内下山内,3691,南秋田郡五城目町富津内下山内,3572,7263,1.19,0.64,46.1,51.8,17,50
5302850074,一般国道２８５号,能代五城目線,一般国道２８５号（中津又バイパス),5361,0,3.8,,2625,,2468,5093,1.23,0.74,52.1,55.5,11,50
5302850240,一般国道２８５号（中津又バイパス),一般国道２８５号,市道（旧　一般国道２８５号）,5361,0,1.8,,2625,,2468,5093,1.23,2.14,65.9,66.2,9.5,50
5302850080,一般国道２８５号,一般国道２８５号（中津又バイパス),五城目町・上小阿仁村境,5361,0,5.3,,2625,,2468,5093,1.23,0.74,61.5,59.4,11,50
5302850090,一般国道２８５号,五城目町・上小阿仁村境,杉沢上小阿仁線,5327,0,4.4,,2625,,2468,5093,1.23,0.74,63.4,60.1,11,50
5302850100,一般国道２８５号,杉沢上小阿仁線,琴丘上小阿仁線,5327,0,2.7,秋田県北秋田郡上小阿仁村沖田面字長根沢,2569,秋田県北秋田郡上小阿仁村沖田面字長根沢,2496,5065,1.22,0.57,65.7,63.7,12.5,50
5302850110,一般国道２８５号,琴丘上小阿仁線,屋布沖田面線,5327,0,2.1,秋田県北秋田郡上小阿仁村沖田面字長根沢,2569,秋田県北秋田郡上小阿仁村沖田面字長根沢,2496,5065,1.22,0.57,57,55.1,12.5,50
5302850120,一般国道２８５号,屋布沖田面線,福館阿仁前田線,5327,0,2.2,秋田県北秋田郡上小阿仁村沖田面字長根沢,2569,秋田県北秋田郡上小阿仁村沖田面字長根沢,2496,5065,1.22,0.57,46.4,44.3,12.5,50
5302850130,一般国道２８５号,福館阿仁前田線,鷹巣川井堂川線,5327,0,1.7,秋田県北秋田郡上小阿仁村沖田面字長根沢,2569,秋田県北秋田郡上小阿仁村沖田面字長根沢,2496,5065,1.22,0.57,54,56,12.5,50
5302850140,一般国道２８５号,鷹巣川井堂川線,上小阿仁村・北秋田市境,5327,0,2,秋田県北秋田市米内沢字滝ノ沢下段,2275,秋田県北秋田市米内沢字滝ノ沢下段,2173,4448,1.23,0.43,61.8,62.7,12.5,50
5302850145,一般国道２８５号,上小阿仁村・北秋田市境,一般国道２８５号（滝ノ沢バイパス),5213,0,3,秋田県北秋田市米内沢字滝ノ沢下段,2275,秋田県北秋田市米内沢字滝ノ沢下段,2173,4448,1.23,0.4,66.4,63.7,12,50
5302850260,一般国道２８５号（滝ノ沢バイパス),一般国道２８５号,一般国道１０５号,5327,0,3.4,,,,,,,,57.9,56.9,12,50
5302850180,一般国道２８５号,一般国道１０５号,北秋田市・大館市境,5213,0,8.4,秋田県北秋田市坊山字家屋敷沢,1040,秋田県北秋田市坊山字家屋敷沢,1067,2107,1.23,0.19,63.8,59.3,9,50
5302850190,一般国道２８５号,北秋田市・大館市境,桂瀬笹館線,5204,0,8.2,秋田県大館市比内町八木橋字板戸,1077,秋田県大館市比内町八木橋字板戸,1115,2192,1.22,0.22,58.6,58.9,10.7,50
5302850200,一般国道２８５号,桂瀬笹館線,比内大葛鹿角線,5204,0,2.1,秋田県大館市比内町八木橋字板戸,1077,秋田県大館市比内町八木橋字板戸,1115,2192,1.22,0.22,48.2,48.6,10.7,50
5302850210,一般国道２８５号,比内大葛鹿角線,比内田代線,5204,0,1.1,秋田県大館市比内町扇田字新大堤下,3780,秋田県大館市比内町扇田字新大堤下,3869,7649,1.23,0.49,29.9,31.6,10.7,50
5302850220,一般国道２８５号,比内田代線,一般国道１０３号,5204,0,0.6,秋田県大館市比内町扇田字新大堤下,3780,秋田県大館市比内町扇田字新大堤下,3869,7649,1.23,0.49,28.7,17.4,10.7,50
5303410010,一般国道３４１号,一般国道２８２号,比内大葛鹿角線,5209,0,0.3,,3082,,3067,6149,1.23,0.48,24.3,35,7.5,50
5303410020,一般国道３４１号,比内大葛鹿角線,根瀬尾去沢線,5209,0,7.3,,3082,,3067,6149,1.23,0.48,61.1,58.2,7.5,50
5303410024,一般国道３４１号,根瀬尾去沢線,一般国道３４１号（05303410027と重複）,5209,0,1.9,鹿角市八幡平字平,1308,鹿角市八幡平字平,1411,2719,1.22,0.33,58.3,58.5,7.5,50
5303410027,一般国道３４１号,一般国道３４１号（05303410027と重複）,一般国道３４１号（05303410027と重複）,5209,0,0.2,鹿角市八幡平字平,1308,鹿角市八幡平字平,1411,2719,1.22,0.33,54.2,55.4,7.5,50
5303410030,一般国道３４１号,一般国道３４１号（05303410027と重複）,大更八幡平線,5209,0,8,鹿角市八幡平字平,1308,鹿角市八幡平字平,1411,2719,1.22,0.33,53.7,50.6,7.5,50
5303410040,一般国道３４１号,大更八幡平線,鹿角市・仙北市境,5209,0,7.4,仙北市田沢湖玉川温泉,344,仙北市田沢湖玉川温泉,364,708,1.14,0.09,34.5,36.5,7.5,50
5303410050,一般国道３４１号,鹿角市・仙北市境,上桧木内玉川線,5215,0,27.4,仙北市田沢湖玉川温泉,344,仙北市田沢湖玉川温泉,364,708,1.14,0.09,46.8,48.9,7.5,50
5303410060,一般国道３４１号,上桧木内玉川線,一般国道３４１号,5215,0,2.1,,1290,,1459,2749,1.22,0.3,53.7,51.2,7.5,50
5303410070,一般国道３４１号,一般国道３４１号,一般国道３４１号,5215,0,1.6,,1290,,1459,2749,1.22,0.3,56.8,63.6,7.5,50
5303410080,一般国道３４１号,一般国道３４１号,,5215,0,6.1,,1290,,1459,2749,1.22,0.3,59.8,61.9,7.5,50
5303410090,一般国道３４１号,,春山田沢線,5215,0,3.5,,1686,,1898,3584,1.21,0.48,56.8,56.9,7.5,50
5303410100,一般国道３４１号,春山田沢線,田沢湖西木線,5215,0,3.2,,1686,,1898,3584,1.21,0.48,47.5,52.5,7.5,50
5303410110,一般国道３４１号,田沢湖西木線,一般国道４６号,5215,0,5.7,,3188,,3088,6276,1.22,0.55,39.3,41.6,7.5,50
5300460160,一般国道３４１号,一般国道４６号,一般国道１０５号,5215,0,1,,1800,,1848,3648,1.21,0.49,29.8,40.9,10,50
5300460180,一般国道３４１号,一般国道１０５号,日三市角館線,5215,0,0.9,仙北市角館町小勝田中川原,1828,仙北市角館町小勝田中川原,1846,3674,1.1,0.5,26.4,26.3,14.4,50
5300460190,一般国道３４１号,日三市角館線,本荘西仙北角館線,5215,0,1.8,仙北市角館町小勝田中川原,1828,仙北市角館町小勝田中川原,1846,3674,1.1,0.5,26.9,29.3,14.4,50
5300460200,一般国道３４１号,本荘西仙北角館線,一般国道４６号（角館バイパス）,5215,0,0.8,仙北市角館町小勝田中川原,1828,仙北市角館町小勝田中川原,1846,3674,1.1,0.5,43.6,46.9,14.4,50
5300460109,一般国道３４１号,一般国道４６号（角館バイパス）,一般国道４６号,5215,0,1.2,仙北市角館町小勝田中川原,1828,仙北市角館町小勝田中川原,1846,3674,1.1,0.53,49.7,24.4,11.9,50
5303410130,一般国道３４１号,一般国道１３号,秋田自動車道,5212,0,3.9,,991,,955,1946,1.21,0.28,50.6,56,10,50
5303410140,一般国道３４１号,秋田自動車道,雄和協和線,5212,0,3.2,,991,,955,1946,1.21,0.28,49.6,53.3,10,50
5303410150,一般国道３４１号,雄和協和線,淀川北野目線,5212,0,2.3,,991,,955,1946,1.21,0.28,53.6,52.8,10,50
5303410160,一般国道３４１号,淀川北野目線,土渕杉山田線,5212,0,2,大仙市協和小種田中,567,大仙市協和小種田中,606,1173,1.12,0.19,42.2,45,10,50
5303410170,一般国道３４１号,土渕杉山田線,大仙市・秋田市境,5212,0,1.5,大仙市協和小種田中,567,大仙市協和小種田中,606,1173,1.12,0.19,36.6,45.1,10,50
5303410180,一般国道３４１号,大仙市・秋田市境,秋田御所野雄和線,5201,0,1.4,大仙市協和小種田中,567,大仙市協和小種田中,606,1173,1.12,0.2,49.8,46.7,7,50
5303410190,一般国道３４１号,秋田御所野雄和線,秋田雄和本荘線,5201,0,0.7,秋田市雄和女米木川崎,1285,秋田市雄和女米木川崎,1271,2556,1.22,0.36,47.3,40.9,8,50
5303410195,一般国道３４１号,秋田雄和本荘線,,5201,0,3.3,秋田市雄和女米木川崎,1285,秋田市雄和女米木川崎,1271,2556,1.22,0.32,49,50.9,8,50
5303410500,一般国道３４１号,,秋田雄和本荘線,5201,0,1.3,秋田市雄和女米木川崎,1285,秋田市雄和女米木川崎,1271,2556,1.22,0.3,65.9,41.7,12,50
5303410510,一般国道３４１号,秋田雄和本荘線,,5201,0,0.3,秋田市雄和女米木川崎,1285,秋田市雄和女米木川崎,1271,2556,1.22,0.3,23.2,18.5,12,50
5303410210,一般国道３４１号,,秋田市・由利本荘市境,5201,0,5.7,秋田市雄和女米木川崎,1285,秋田市雄和女米木川崎,1271,2556,1.22,0.54,18.5,18.5,4,50
5303410220,一般国道３４１号,秋田市・由利本荘市境,市道（松ヶ崎亀田ICアクセス道路）,5210,0,10.7,由利本荘市岩城亀田最上町字鍛冶町,246,由利本荘市岩城亀田最上町字鍛冶町,236,482,1.12,0.11,32.9,32.9,5,50
5303410230,一般国道３４１号,市道（松ヶ崎亀田ICアクセス道路）,本荘岩城線,5210,0,0.4,由利本荘市岩城亀田最上町字鍛冶町,246,由利本荘市岩城亀田最上町字鍛冶町,236,482,1.12,0.11,32.9,29.2,5,50
5303410240,一般国道３４１号,本荘岩城線,一般国道７号,5210,0,2.8,由利本荘市岩城亀田最上町字鍛冶町,246,由利本荘市岩城亀田最上町字鍛冶町,236,482,1.12,0.11,34.1,45.6,5,50
5303410250,一般国道３４１号,一般国道７号,一般国道７号,5210,0,1.4,由利本荘市岩城亀田最上町字鍛冶町,246,由利本荘市岩城亀田最上町字鍛冶町,236,482,1.12,0.11,39,14,5,50
5303420010,一般国道３４２号,一般国道１３号,川連増田平鹿線,5203,0,3.6,横手市十文字町仁井田字段ノ下,5033,横手市十文字町仁井田字段ノ下,4792,9825,1.18,0.98,30.4,31.4,11,50
5303420020,一般国道３４２号,川連増田平鹿線,中村上吉野線,5203,0,5.6,,3742,,3413,7155,1.23,0.9,42.7,44.1,11,50
5303420030,一般国道３４２号,中村上吉野線,横手市・東成瀬村境,5203,0,1.7,,3742,,3413,7155,1.23,0.9,54,53.5,11,50
5303420040,一般国道３４２号,横手市・東成瀬村境,,5464,0,3.3,,3742,,3413,7155,1.23,0.73,56.5,55.8,12,50
5303420050,一般国道３４２号,,一般国道３９７号,5464,0,5.4,雄勝郡東成瀬村岩井川字東村,1865,雄勝郡東成瀬村岩井川字東村,1767,3632,1.22,0.31,56.8,55.1,12,50
5303420060,一般国道３４２号,一般国道３９７号,小安温泉椿川線,5464,0,10.7,,829,,860,1689,1.18,0.24,39.4,41.2,12,50
5303420070,一般国道３４２号,小安温泉椿川線,仁郷大湯線,5464,0,19.9,雄勝郡東成瀬村須川,72,雄勝郡東成瀬村須川,82,154,1.05,0.02,33.2,42.7,8,50
5303420080,一般国道３４２号,仁郷大湯線,一般国道３４２号,5464,0,0.6,,677,,747,1424,1.18,0.16,15.8,37.9,8,50
5303970010,一般国道３９７号,一般国道３９７号,横手東成瀬線,5464,0,9,雄勝郡東成瀬村岩井川字城ノ下,879,雄勝郡東成瀬村岩井川字城ノ下,853,1732,1.14,0.36,46.7,44,7,50
5303970020,一般国道３９７号,横手東成瀬線,一般国道３４２号,5464,0,0.3,雄勝郡東成瀬村岩井川字城ノ下,879,雄勝郡東成瀬村岩井川字城ノ下,853,1732,1.14,0.36,41.1,27.5,7,50
5303980010,一般国道３９８号,一般国道３９８号,仁郷大湯線,5207,0,6.4,湯沢市皆瀬字新処,540,湯沢市皆瀬字新処,634,1174,1.14,0.18,42,45.4,7,50
5303980020,一般国道３９８号,仁郷大湯線,,5207,0,2.4,湯沢市皆瀬字新処,540,湯沢市皆瀬字新処,634,1174,1.14,0.18,54.4,58.8,7,50
5303980030,一般国道３９８号,,湯沢栗駒公園線,5207,0,9.6,湯沢市皆瀬字新処,540,湯沢市皆瀬字新処,634,1174,1.14,0.18,48.8,49.8,7,50
5303980040,一般国道３９８号,湯沢栗駒公園線,小安温泉椿川線,5207,0,1.8,湯沢市皆瀬字新処,540,湯沢市皆瀬字新処,634,1174,1.14,0.18,54.3,58.7,7,50
5303980050,一般国道３９８号,小安温泉椿川線,,5207,0,4,湯沢市皆瀬字新処,540,湯沢市皆瀬字新処,634,1174,1.14,0.18,53.3,55,7,50
5303980055,一般国道３９８号,,一般国道３９８号,5207,0,3,,2116,,2189,4305,1.22,0.42,50.1,48.2,7,50
5303980060,一般国道３９８号,一般国道３９８号,稲庭高松線,5207,0,3.9,,2116,,2189,4305,1.22,0.42,39.7,40.9,7,50
5303980070,一般国道３９８号,稲庭高松線,川連増田平鹿線,5207,0,5.6,湯沢市三梨町字御嶽堂,2030,湯沢市三梨町字御嶽堂,2094,4124,1.23,0.45,45.4,41.4,7,50
5303980080,一般国道３９８号,川連増田平鹿線,西松沢杉沢線,5207,0,7.3,湯沢市湯の原一丁目,4804,湯沢市湯の原一丁目,4933,9737,1.23,0.88,35.1,33.6,7,50
5303980090,一般国道３９８号,西松沢杉沢線,一般国道１３号,5207,0,0.3,湯沢市湯の原一丁目,4804,湯沢市湯の原一丁目,4933,9737,1.23,0.88,13.6,10.7,7,50
5303980100,一般国道３９８号,一般国道１３号,一般国道１３号（湯沢横手道路）,5207,0,0.7,湯沢市深堀字鎌切,5255,湯沢市深堀字鎌切,5263,10518,1.12,0.81,16.5,24.4,7,50
5303980110,一般国道３９８号,一般国道１３号（湯沢横手道路）,湯沢雄物川大曲線,5207,0,0.1,湯沢市深堀字鎌切,5255,湯沢市深堀字鎌切,5263,10518,1.12,0.81,14.1,10.5,7,50
5303980120,一般国道３９８号,湯沢雄物川大曲線,湯沢市・羽後町境,5207,0,3.5,湯沢市深堀字鎌切,5255,湯沢市深堀字鎌切,5263,10518,1.12,0.81,30.5,35.5,7,50
5303980130,一般国道３９８号,湯沢市・羽後町境,下開清水線,5463,0,0.3,湯沢市深堀字鎌切,5255,湯沢市深堀字鎌切,5263,10518,1.12,0.89,41.5,33.1,7,50
5303980140,一般国道３９８号,下開清水線,十文字羽後鳥海線,5463,0,3,,3568,,3608,7176,1.23,0.61,45.8,42.5,7,50
5303980145,一般国道３９８号,十文字羽後鳥海線,十文字羽後鳥海線,5463,0,2.7,雄勝郡羽後町足田字古堤下,1015,雄勝郡羽後町足田字古堤下,1053,2068,1.22,0.32,30.3,27.6,7,50
5303980150,一般国道３９８号,十文字羽後鳥海線,十文字羽後鳥海線,5463,0,0.9,雄勝郡羽後町足田字古堤下,1015,雄勝郡羽後町足田字古堤下,1053,2068,1.22,0.32,27.4,39.3,7,50
5303980155,一般国道３９８号,十文字羽後鳥海線,,5463,0,0.9,雄勝郡羽後町足田字古堤下,1015,雄勝郡羽後町足田字古堤下,1053,2068,1.22,0.32,28.4,34.5,7,50
5303980160,一般国道３９８号,,大曲大森羽後線,5463,0,1.2,雄勝郡羽後町足田字古堤下,1015,雄勝郡羽後町足田字古堤下,1053,2068,1.22,0.32,43.8,41.3,7,50
5303980170,一般国道３９８号,大曲大森羽後線,鴻屋梺線,5463,0,9.2,由利本荘市東由利舘合字柴倉,141,由利本荘市東由利舘合字柴倉,137,278,1.15,0.03,50,48.3,7,50
5303980180,一般国道３９８号,鴻屋梺線,羽後町・由利本荘市境,5463,0,1.5,由利本荘市東由利舘合字柴倉,141,由利本荘市東由利舘合字柴倉,137,278,1.15,0.03,33.8,34.1,7,50
5303980190,一般国道３９８号,羽後町・由利本荘市境,一般国道１０７号,5210,0,4.6,由利本荘市東由利舘合字柴倉,141,由利本荘市東由利舘合字柴倉,137,278,1.15,0.03,47.8,50,7,50
5303980240,一般国道３９８号,一般国道３９８号,,5207,0,1.4,,,,,,,,,,9.5,50
5304540010,一般国道４５４号,一般国道４５４号,田代平大清水線,5209,0,1.1,鹿角市十和田大湯字大湯外１６国有林,148,鹿角市十和田大湯字大湯外１６国有林,126,274,1.04,0.06,58.1,52,7,50
5304540020,一般国道４５４号,田代平大清水線,一般国道４５４号,5209,0,2.7,鹿角市十和田大湯字大湯外１６国有林,148,鹿角市十和田大湯字大湯外１６国有林,126,274,1.04,0.06,41.4,47.3,7,50
5301030030,一般国道４５４号,一般国道１０３号,一般国道１０３号,5303,0,0.2,,232,,238,470,1.06,0.07,42.9,43.9,8.5,50
5304540040,一般国道４５４号,一般国道１０３号,,5303,0,5.1,,476,,516,992,1.15,0.12,37.2,42.5,6.5,50
5304540050,一般国道４５４号,,一般国道４５４号,5303,0,7.5,鹿角郡小坂町十和田湖字十和田国有林,233,鹿角郡小坂町十和田湖字十和田国有林,259,492,1.14,0.06,44.5,38.2,6.5,50
5400020010,大館十和田湖線,一般国道７号,大館停車場線,5204,0,1.3,秋田県大館市御成町四丁目,3758,秋田県大館市御成町四丁目,3722,7480,1.24,0.64,14.9,16.2,13.5,50
5400020020,大館十和田湖線,大館停車場線,一般国道７号,5204,0,0.4,秋田県大館市字大田面,5447,秋田県大館市字大田面,5315,10762,1.24,0.72,14.2,11.8,13.5,50
5400020030,大館十和田湖線,一般国道７号,雪沢十和田毛馬内線,5204,0,12.6,秋田県大館市字大田面,5447,秋田県大館市字大田面,5315,10762,1.24,0.72,39.4,40.6,13.5,50
5400020040,大館十和田湖線,雪沢十和田毛馬内線,大館市・小坂町境,5204,0,3.9,秋田県大館市字大田面,5447,秋田県大館市字大田面,5315,10762,1.24,0.72,59.4,58.4,13.5,50
5400020050,大館十和田湖線,大館市・小坂町境,東北自動車道,5303,0,2.1,鹿角郡小坂町小坂字中前田,1928,鹿角郡小坂町小坂字中前田,1924,3852,1.22,0.58,63.7,53.8,8.5,50
5400020060,大館十和田湖線,東北自動車道,一般国道２８２号,5303,0,1.4,鹿角郡小坂町小坂字中前田,1928,鹿角郡小坂町小坂字中前田,1924,3852,1.22,0.58,40.5,30.8,8.5,50
5400020070,大館十和田湖線,一般国道２８２号,,5303,0,1.2,,1114,,1106,2220,1.22,0.27,32.4,34.4,8.5,50
5400020080,大館十和田湖線,,,5303,0,1.8,,1114,,1106,2220,1.22,0.31,34.7,29.4,7,50
5400020089,大館十和田湖線,,,5303,0,5.4,,1114,,1106,2220,1.22,0.31,50.1,46.3,7,50
5400020090,大館十和田湖線,,小坂町・鹿角市境,5303,0,7.8,,1114,,1106,2220,1.22,0.31,47.5,47.3,7,50
5400020100,大館十和田湖線,小坂町・鹿角市境,鹿角市・小坂町境,5209,0,0.5,,1114,,1106,2220,1.22,0.31,56.3,54.7,7,50
5400020110,大館十和田湖線,鹿角市・小坂町境,小坂町・鹿角市境,5303,0,0.2,,1114,,1106,2220,1.22,0.31,56.3,57.8,7,50
5400020120,大館十和田湖線,小坂町・鹿角市境,一般国道１０３号,5209,0,5,,1114,,1106,2220,1.22,0.29,42.8,54.5,8,50
5400030050,二ツ井森吉線,一般国道７号,能代市・北秋田市境,5202,0,3,能代市二ツ井町小繋神明社下,1349,能代市二ツ井町小繋神明社下,1345,2694,1.22,0.33,44,55.2,11,50
5400030040,二ツ井森吉線,能代市・北秋田市境,,5213,0,0.8,能代市二ツ井町小繋神明社下,1349,能代市二ツ井町小繋神明社下,1345,2694,1.22,0.29,66.5,68.2,13,60
5400030090,二ツ井森吉線,,,5213,0,2,能代市二ツ井町小繋神明社下,1349,能代市二ツ井町小繋神明社下,1345,2694,1.22,0.31,66.2,63.3,8.5,50
5400030080,二ツ井森吉線,,木戸石鷹巣線,5213,0,1.2,能代市二ツ井町小繋神明社下,1349,能代市二ツ井町小繋神明社下,1345,2694,1.22,0.31,54.1,54.5,11,50
5400030070,二ツ井森吉線,木戸石鷹巣線,鷹巣川井堂川線,5213,0,1.2,能代市二ツ井町小繋神明社下,1349,能代市二ツ井町小繋神明社下,1345,2694,1.22,0.36,35.5,36.4,8,50
5400240070,二ツ井森吉線,鷹巣川井堂川線,,5213,0,0.5,能代市二ツ井町小繋神明社下,1349,能代市二ツ井町小繋神明社下,1345,2694,1.22,0.36,34.8,36.3,9.7,50
5400030020,二ツ井森吉線,二ツ井森吉線,鷹巣川井堂川線,5213,0,0.6,能代市二ツ井町小繋神明社下,1349,能代市二ツ井町小繋神明社下,1345,2694,1.22,0.34,12.6,20,10,50
5400030010,二ツ井森吉線,鷹巣川井堂川線,市道（旧　一般国道２８５号）,5213,0,5.7,秋田県北秋田市米内沢字出向,1525,秋田県北秋田市米内沢字出向,1606,3131,1.22,0.36,49.4,43.8,9,50
5302850160,二ツ井森吉線（旧　一般国道２８５号）,二ツ井森吉線,一般国道１０５号,5213,0,1,,1664,,1764,3428,1.21,0.44,27.3,28.7,12.7,50
5400040010,能代五城目線,一般国道７号,仙ノ台桧山線,5202,0,3.1,,1173,,1085,2258,1.22,0.33,42.6,53.6,11,50
5400040020,能代五城目線,仙ノ台桧山線,能代市・三種町境,5202,0,3.5,,781,,712,1493,1.18,0.21,56.2,57.4,11,50
5400040030,能代五城目線,能代市・三種町境,金光寺能代線,5348,0,3.4,,781,,712,1493,1.18,0.21,55,58.7,12,50
5400040040,能代五城目線,金光寺能代線,森岳鵜川線,5348,0,2.8,,781,,712,1493,1.18,0.21,46.8,50.3,12,50
5400040050,能代五城目線,森岳鵜川線,森岳鹿渡線,5348,0,1.3,,566,,522,1088,1.16,0.18,45,39.8,12,50
5400040060,能代五城目線,森岳鹿渡線,町道（旧能代五城目線）,5348,0,9.9,山本郡三種町下岩川字増沢川原,455,山本郡三種町下岩川字増沢川原,452,907,1.15,0.14,40.9,37.1,6.5,50
5400040130,能代五城目線,町道（旧能代五城目線）,琴丘上小阿仁線,5348,0,0.2,山本郡三種町下岩川字増沢川原,455,山本郡三種町下岩川字増沢川原,452,907,1.15,0.13,59.5,57.4,11,60
5400040140,能代五城目線,琴丘上小阿仁線,琴丘上小阿仁線,5348,0,1.7,山本郡三種町下岩川字増沢川原,455,山本郡三種町下岩川字増沢川原,452,907,1.15,0.13,59.5,55.7,11,60
5400040500,能代五城目線,琴丘上小阿仁線,,5348,0,0.5,山本郡三種町下岩川字増沢川原,455,山本郡三種町下岩川字増沢川原,452,907,1.15,0.13,62.3,54.2,11,60
5400040100,能代五城目線,,三種町・五城目町境,5348,0,5.4,山本郡三種町下岩川字増沢川原,455,山本郡三種町下岩川字増沢川原,452,907,1.15,0.13,47.6,54.7,8,50
5400040110,能代五城目線,三種町・五城目町境,一般国道２８５号,5361,0,8.1,南秋田郡五城目町内川湯ノ又,481,南秋田郡五城目町内川湯ノ又,504,985,1.16,0.13,43.1,29.3,7,50
5400090010,秋田雄和本荘線,一般国道１３号,秋田雄和本荘線,5201,0,1.8,秋田市四ツ小屋字下川原,3836,秋田市四ツ小屋字下川原,3721,7557,1.23,0.66,34.4,42.7,10,50
5400090020,秋田雄和本荘線,秋田雄和本荘線,,5201,0,4.4,秋田市四ツ小屋字下川原,3836,秋田市四ツ小屋字下川原,3721,7557,1.23,0.66,51.2,48.2,10,50
5400090030,秋田雄和本荘線,,寺内新屋雄和線,5201,0,1.8,,2363,,2188,4551,1.22,0.56,48.4,48.2,10,50
5400090040,秋田雄和本荘線,寺内新屋雄和線,秋田空港線,5201,0,2.7,,2363,,2188,4551,1.22,0.56,43.2,44.3,10,50
5400090050,秋田雄和本荘線,秋田空港線,,5201,0,1.1,,2135,,1980,4115,1.22,0.5,35.7,43.6,10,50
5400090060,秋田雄和本荘線,,雄和岩城線,5201,0,0.4,,953,,809,1762,1.19,0.2,38.7,42.2,10,50
5400090070,秋田雄和本荘線,雄和岩城線,,5201,0,1.9,秋田市雄和相川字源八沢,1743,秋田市雄和相川字源八沢,1708,3451,1.22,0.35,58.1,61.6,11,50
5400090075,秋田雄和本荘線,,,5201,0,0.7,秋田市雄和相川字源八沢,1743,秋田市雄和相川字源八沢,1708,3451,1.22,0.35,60.4,59.2,11,50
5400090500,秋田雄和本荘線,,一般国道３４１号,5201,0,1.7,秋田市雄和相川字源八沢,1743,秋田市雄和相川字源八沢,1708,3451,1.22,0.29,66.8,65.4,11,50
5400090100,秋田雄和本荘線,一般国道３４１号,本荘西仙北角館線,5201,0,0.7,,706,,796,1502,1.18,0.19,34.6,30.2,10,50
5400090110,秋田雄和本荘線,本荘西仙北角館線,秋田市・由利本荘市境,5201,0,4.6,,706,,796,1502,1.18,0.19,50.3,54.4,10,50
5400090120,秋田雄和本荘線,秋田市・由利本荘市境,一般国道１０５号,5210,0,10.5,,706,,796,1502,1.18,0.19,58.5,58.4,10,50
5400090140,秋田雄和本荘線,秋田雄和本荘線,秋田御所野雄和線,5201,0,0.4,,2730,,2328,5058,1.22,0.65,19.7,18.6,13,50
5400100010,本荘西仙北角館線,秋田雄和本荘線,秋田市・大仙市境,5201,0,5.7,秋田市雄和碇田梵天野,285,秋田市雄和碇田梵天野,277,562,1.13,0.09,46.6,46.6,8,50
5400100020,本荘西仙北角館線,秋田市・大仙市境,,5212,0,2.6,秋田市雄和碇田梵天野,285,秋田市雄和碇田梵天野,277,562,1.13,0.09,42.3,42.3,11,50
5400100030,本荘西仙北角館線,,土渕杉山田線,5212,0,0.6,大仙市大沢郷寺字葭谷地,857,大仙市大沢郷寺字葭谷地,928,1785,1.22,0.24,31.1,31.1,11,50
5400100040,本荘西仙北角館線,土渕杉山田線,西仙北南外線,5212,0,1.9,大仙市大沢郷寺字葭谷地,857,大仙市大沢郷寺字葭谷地,928,1785,1.22,0.24,48.5,57.9,11,50
5400100050,本荘西仙北角館線,西仙北南外線,市道（西仙北ＳＩＣアクセス道路）,5212,0,3.8,大仙市大沢郷寺字葭谷地,857,大仙市大沢郷寺字葭谷地,928,1785,1.22,0.24,51.6,54.4,11,50
5400100060,本荘西仙北角館線,市道（西仙北ＳＩＣアクセス道路）,淀川北野目線,5212,0,1.1,大仙市大沢郷寺字葭谷地,857,大仙市大沢郷寺字葭谷地,928,1785,1.22,0.24,55.7,56.5,11,50
5400100070,本荘西仙北角館線,淀川北野目線,,5212,0,2.4,大仙市大沢郷寺字葭谷地,857,大仙市大沢郷寺字葭谷地,928,1785,1.22,0.24,39.9,39.7,11,50
5400100080,本荘西仙北角館線,,刈和野停車場線,5212,0,0.4,,623,,693,1316,1.17,0.16,13.4,23.3,11,50
5400100090,本荘西仙北角館線,刈和野停車場線,水沢西仙北線,5212,0,1.3,,623,,693,1316,1.17,0.16,23.5,24.4,11,50
5400100100,本荘西仙北角館線,水沢西仙北線,土川神岡線,5212,0,6.6,,623,,693,1316,1.17,0.16,49.4,53,11,50
5400100110,本荘西仙北角館線,土川神岡線,土川中仙線,5212,0,4.5,,623,,693,1316,1.17,0.16,52.8,55.5,11,50
5400100120,本荘西仙北角館線,土川中仙線,大仙市・仙北市境,5212,0,2,仙北市角館町八割字坂ノ下,954,仙北市角館町八割字坂ノ下,903,1857,1.22,0.23,61.2,59,11,50
5400100130,本荘西仙北角館線,大仙市・仙北市境,角館長野線,5215,0,1.5,仙北市角館町八割字坂ノ下,954,仙北市角館町八割字坂ノ下,903,1857,1.22,0.23,58.4,58.4,10,50
5400100140,本荘西仙北角館線,角館長野線,角館長野線,5215,0,1,仙北市角館町八割字坂ノ下,954,仙北市角館町八割字坂ノ下,903,1857,1.22,0.23,53.4,55.7,10,50
5400100150,本荘西仙北角館線,角館長野線,一般国道３４１号,5215,0,3.4,仙北市角館町八割字坂ノ下,954,仙北市角館町八割字坂ノ下,903,1857,1.22,0.23,51.7,46.3,10,50
5400110010,角館六郷線,一般国道１０５号,豊岡長野線,5212,0,3.5,,3047,,3086,6133,1.23,0.58,38.9,45.6,6.5,50
5400110020,角館六郷線,豊岡長野線,長信田羽後長野停車場線,5212,0,2.3,,3047,,3086,6133,1.23,0.58,47,47.1,6.5,50
5400110030,角館六郷線,長信田羽後長野停車場線,国見大曲線,5212,0,1.2,大仙市太田町横沢相野,3088,大仙市太田町横沢相野,2986,6074,1.23,0.56,44.9,48.7,6.5,50
5400110040,角館六郷線,国見大曲線,千畑大曲線,5212,0,3.8,大仙市太田町横沢相野,3088,大仙市太田町横沢相野,2986,6074,1.23,0.56,36.9,37.6,6.5,50
5400110050,角館六郷線,千畑大曲線,大仙市・美郷町境,5212,0,0.2,大仙市太田町横沢相野,3088,大仙市太田町横沢相野,2986,6074,1.23,0.56,28,37.8,6.5,50
5400110060,角館六郷線,大仙市・美郷町境,大曲田沢湖線,5434,0,2.4,大仙市太田町横沢相野,3088,大仙市太田町横沢相野,2986,6074,1.23,0.61,41.6,41.4,7,50
5400110070,角館六郷線,大曲田沢湖線,花巻大曲線,5434,0,6,大仙市太田町横沢相野,3088,大仙市太田町横沢相野,2986,6074,1.23,0.61,39.7,40.2,7,50
5400110080,角館六郷線,花巻大曲線,一般国道１３号,5434,0,0.6,大仙市太田町横沢相野,3088,大仙市太田町横沢相野,2986,6074,1.23,0.61,28.5,19.4,7,50
5400120010,花巻大曲線,花巻大曲線,,5203,0,2.5,,,,,,,,,,5,50
5400120030,花巻大曲線,,横手市・美郷町境,5203,0,1.7,,468,,454,922,1.14,1.33,36.4,36.4,5,50
5400120040,花巻大曲線,横手市・美郷町境,美郷町・横手市境,5434,0,0.1,,468,,454,922,1.14,0.21,29.1,29.1,5,50
5400120050,花巻大曲線,美郷町・横手市境,横手市・美郷町境,5203,0,0.4,,468,,454,922,1.14,0.21,33.5,33.5,5,50
5400120060,花巻大曲線,横手市・美郷町境,美郷町・横手市境,5434,0,0.1,,468,,454,922,1.14,0.2,32.4,32.4,5.5,50
5400120070,花巻大曲線,美郷町・横手市境,横手市・美郷町境,5203,0,0.1,,468,,454,922,1.14,0.2,30.2,30.2,5.5,50
5400120080,花巻大曲線,横手市・美郷町境,美郷町・横手市境,5434,0,0.1,,468,,454,922,1.14,0.2,32.4,32.4,5.5,50
5400120090,花巻大曲線,美郷町・横手市境,横手市・美郷町境,5203,0,0.2,,468,,454,922,1.14,0.2,31.5,31.5,5.5,50
5400120100,花巻大曲線,横手市・美郷町境,角館六郷線,5434,0,14,,468,,454,922,1.14,0.16,37.6,37.6,7,50
5400130010,湯沢雄物川大曲線,一般国道３９８号,湯沢市・横手市境,5207,0,5.3,,2191,,1858,4049,1.22,0.58,39.8,45.7,12,50
5400130020,湯沢雄物川大曲線,湯沢市・横手市境,十文字羽後鳥海線,5203,0,1.2,,2191,,1858,4049,1.22,0.57,44.3,43.3,8.5,50
5400130030,湯沢雄物川大曲線,十文字羽後鳥海線,植田平鹿線,5203,0,0.3,,1090,,1093,2183,1.22,0.26,28.8,26.5,8.5,50
5400130040,湯沢雄物川大曲線,植田平鹿線,一般国道１０７号,5203,0,7.1,,1090,,1093,2183,1.22,0.26,52.6,53.8,8.5,50
5400130060,湯沢雄物川大曲線,一般国道１０７号,横手東由利線,5203,0,2.8,横手市雄物川町今宿字前田面,2989,横手市雄物川町今宿字前田面,2866,5855,1.23,0.6,36,36.2,10,50
5400130070,湯沢雄物川大曲線,横手東由利線,横手東由利線,5203,0,0.4,,1102,,1290,2392,1.23,0.29,29.3,38.6,10,50
5400130500,湯沢雄物川大曲線,横手東由利線,横手大森大内線,5203,0,4.2,,1102,,1290,2392,1.23,0.25,55.5,46.2,11,50
5400130090,湯沢雄物川大曲線,横手大森大内線,,5203,0,0.7,,1102,,1290,2392,1.23,0.38,24.9,28.8,10,50
5400130100,湯沢雄物川大曲線,,野崎十文字線,5203,0,3.3,,1444,,1538,2982,1.22,0.38,41.4,44.8,7.5,50
5400130110,湯沢雄物川大曲線,野崎十文字線,横手市・大仙市境,5203,0,0.1,,1444,,1538,2982,1.22,0.38,48.9,54.1,7.5,50
5400130120,湯沢雄物川大曲線,横手市・大仙市境,大仙市・横手市境,5212,0,1,,1444,,1538,2982,1.22,0.3,59.2,61,13,50
5400130130,湯沢雄物川大曲線,大仙市・横手市境,横手市・大仙市境,5203,0,0,,1444,,1538,2982,1.22,0.36,61.6,62.8,13,50
5400130140,湯沢雄物川大曲線,横手市・大仙市境,大曲横手線,5212,0,2.7,,1444,,1538,2982,1.22,0.31,47.9,37.6,12,50
5400130220,湯沢雄物川大曲線,大曲横手線,,5212,0,0.7,大仙市藤木西八圭,3042,大仙市藤木西八圭,3156,6198,1.23,0.49,45,50,13,50
5400130290,湯沢雄物川大曲線,,川西六郷線,5212,0,0.6,大仙市藤木西八圭,3042,大仙市藤木西八圭,3156,6198,1.23,0.49,56.8,59,12,30
5400130300,湯沢雄物川大曲線,川西六郷線,,5212,0,0.3,大仙市藤木西八圭,3042,大仙市藤木西八圭,3156,6198,1.23,0.49,54,56,12,30
5400130170,湯沢雄物川大曲線,,,5212,0,2,大仙市藤木西八圭,3042,大仙市藤木西八圭,3156,6198,1.23,0.56,43.1,29.1,7,50
5400130180,湯沢雄物川大曲線,,市道（飯田ICアクセス道路）,5212,0,1.1,大仙市藤木西八圭,3042,大仙市藤木西八圭,3156,6198,1.23,0.56,27.3,39.8,7,50
5400130190,湯沢雄物川大曲線,市道（飯田ICアクセス道路）,市道（飯田ICアクセス道路）,5212,0,1.9,大仙市飯田字大道端,6586,大仙市飯田字大道端,6134,12720,1.15,0.82,25.5,20.9,16,50
5400130200,湯沢雄物川大曲線,市道（飯田ICアクセス道路）,一般国道１３号,5212,0,1.7,大仙市飯田字大道端,6586,大仙市飯田字大道端,6134,12720,1.15,0.82,24.8,25.3,16,50
5400150010,秋田八郎潟線,秋田岩見船岡線,秋田昭和線,5201,0,2.7,秋田市手形学園町,5730,秋田市手形学園町,5585,11315,1.24,0.87,17.9,18,11,50
5400150020,秋田八郎潟線,秋田昭和線,秋田昭和線,5201,0,1.1,秋田市手形学園町,5730,秋田市手形学園町,5585,11315,1.24,0.87,23.8,26.9,11,50
5400150030,秋田八郎潟線,秋田昭和線,,5201,0,9.5,,3311,,3546,6857,1.23,0.86,49.6,49.6,11,50
5400150050,秋田八郎潟線,秋田市・五城目町境,北の又井川線,5361,0,8.3,,,,,,,,,,5,50
5400150060,秋田八郎潟線,北の又井川線,杉沢上小阿仁線,5361,0,3.9,,200,,221,421,1.12,0.06,28.4,33.9,7,60
5400150070,秋田八郎潟線,杉沢上小阿仁線,,5361,0,10,,200,,221,421,1.12,0.06,51.9,49.1,7,60
5400150080,秋田八郎潟線,,久保秋田線,5361,0,1.7,,1092,,1133,2225,1.22,0.31,50.5,49.4,7,60
5400150090,秋田八郎潟線,久保秋田線,一般国道２８５号,5361,0,3.1,,1092,,1133,2225,1.22,0.31,36.4,37.9,7,60
5400150100,秋田八郎潟線,一般国道２８５号,五城目町・八郎潟町境,5361,0,0.3,,1685,,1563,3248,1.22,0.36,22.9,31.8,7,60
5400150110,秋田八郎潟線,五城目町・八郎潟町境,八郎潟町・五城目町境,5363,0,0.7,,1685,,1563,3248,1.22,0.31,37.5,33.1,18,50
5400150120,秋田八郎潟線,八郎潟町・五城目町境,五城目町・八郎潟町境,5361,0,0.8,,1685,,1563,3248,1.22,0.31,56.4,57.9,13,50
5400150130,秋田八郎潟線,五城目町・八郎潟町境,秋田八郎潟線,5363,0,0,,1685,,1563,3248,1.22,0.31,52.8,47.6,16,50
5400150140,秋田八郎潟線,秋田八郎潟線,一般国道７号,5363,0,0.8,,1685,,1563,3248,1.22,0.31,50.9,36,16,50
5400150160,秋田八郎潟線,秋田自動車道,五城目町・八郎潟町境,5361,0,0.2,,502,,527,1029,1.16,0.14,40.5,32.3,14.5,50
5400150170,秋田八郎潟線,五城目町・八郎潟町境,秋田八郎潟線,5363,0,0.1,,502,,527,1029,1.16,0.14,41.3,20.7,15.3,50
5400210010,大館停車場線,,大館十和田湖線,5204,0,0.7,秋田県大館市御成町一丁目,591,秋田県大館市御成町一丁目,415,1006,1.21,0.14,19.5,16.7,22,50
5400220010,比内大葛鹿角線,一般国道２８５号,比内森吉線,5204,0,14.3,,1496,,1295,2791,1.22,0.4,40.5,44.4,8,50
5400220020,比内大葛鹿角線,比内森吉線,大館市・鹿角市境,5204,0,6.4,,284,,266,550,1.12,0.08,47.2,47.7,8,50
5400220030,比内大葛鹿角線,大館市・鹿角市境,根瀬尾去沢線,5209,0,4.3,,284,,266,550,1.12,0.08,60,63.6,12,50
5400220040,比内大葛鹿角線,根瀬尾去沢線,一般国道３４１号,5209,0,2.4,,284,,266,550,1.12,0.08,43.6,44.6,12,50
5400230010,大更八幡平線,大更八幡平線,八幡平公園線,5215,0,0,鹿角市八幡平字大沼,1559,鹿角市八幡平字大沼,1569,3128,1.13,0.39,15.4,10,7,50
5400230020,大更八幡平線,八幡平公園線,仙北市・鹿角市境,5215,0,9.1,鹿角市八幡平字大沼,1559,鹿角市八幡平字大沼,1569,3128,1.13,0.39,37.8,42.4,7,50
5400230030,大更八幡平線,仙北市・鹿角市境,一般国道３４１号,5209,0,6.8,鹿角市八幡平字大沼,1559,鹿角市八幡平字大沼,1569,3128,1.13,0.39,43.7,45.6,7,50
5400240010,鷹巣川井堂川線,一般国道７号,坊沢鷹巣線,5213,0,2,,1895,,2132,4027,1.22,0.44,39.1,41.8,9.2,50
5400240020,鷹巣川井堂川線,坊沢鷹巣線,,5213,0,0.3,,1895,,2132,4027,1.22,0.44,23.5,23.5,9.2,50
5400240030,鷹巣川井堂川線,,大館鷹巣線,5213,0,0.1,秋田県北秋田市鷹巣字東中岱,4319,秋田県北秋田市鷹巣字東中岱,4107,8426,1.23,0.79,19.7,15.9,9.2,50
5400240040,鷹巣川井堂川線,大館鷹巣線,市道（旧鷹巣川井堂川線）,5213,0,0.2,秋田県北秋田市鷹巣字東中岱,4319,秋田県北秋田市鷹巣字東中岱,4107,8426,1.23,0.79,10.3,10.8,9.2,50
5400240120,鷹巣川井堂川線,市道（旧鷹巣川井堂川線）,市道（旧鷹巣川井堂川線）,5213,0,1.3,秋田県北秋田市鷹巣字東中岱,4319,秋田県北秋田市鷹巣字東中岱,4107,8426,1.23,0.7,23.9,29,13,50
5400240060,鷹巣川井堂川線,市道（旧鷹巣川井堂川線）,大館能代空港西線,5213,0,1.4,秋田県北秋田市鷹巣字東中岱,4319,秋田県北秋田市鷹巣字東中岱,4107,8426,1.23,0.69,53.8,40.9,16.5,50
5400240069,鷹巣川井堂川線,大館能代空港西線,二ツ井森吉線,5213,0,5.8,秋田県北秋田市川井字横呑沢,2172,秋田県北秋田市川井字横呑沢,2138,4310,1.22,0.43,47.6,49.6,16.5,50
5400240090,鷹巣川井堂川線,二ツ井森吉線,北秋田市・上小阿仁村境,5213,0,10.8,,1059,,1064,2123,1.22,0.26,55.5,55.8,11,50
5400240100,鷹巣川井堂川線,北秋田市・上小阿仁村境,一般国道２８５号,5327,0,1.4,,1059,,1064,2123,1.22,0.26,60.2,44.3,11,50
5400250010,秋田港線,,一般国道７号,5201,0,0.4,,2739,,3260,5999,1.23,0.79,14.9,10.5,14.4,50
5400260010,秋田停車場線,,秋田岩見船岡線,5201,0,0.3,,10081,,14169,24250,1.26,0.72,,10.7,19.5,50
5400260020,秋田停車場線,秋田岩見船岡線,土崎港秋田線,5201,0,0.6,,10081,,14169,24250,1.26,0.72,,16.2,20,50
5400260030,秋田停車場線,土崎港秋田線,秋田岩見船岡線,5201,0,0.1,秋田市大町二丁目,12800,秋田市大町二丁目,9060,21860,1.26,0.44,12.5,8.7,32.5,50
5400260040,秋田停車場線,秋田岩見船岡線,秋田天王線,5201,0,0.9,秋田市大町二丁目,12800,秋田市大町二丁目,9060,21860,1.26,0.44,23.7,13.6,32.5,50
5400260050,秋田停車場線,秋田天王線,一般国道７号,5201,0,1.8,秋田市山王七丁目,12536,秋田市山王七丁目,12231,24767,1.15,0.51,17.2,16.7,32.5,50
5400280010,秋田岩見船岡線,一般国道１３号,秋田停車場線,5201,0,2,秋田市南通亀の町,7743,秋田市南通亀の町,7811,15554,1.25,0.55,12.8,15.3,22,50
5400280030,秋田岩見船岡線,秋田停車場線,秋田八郎潟線,5201,0,1.1,秋田市千秋城下町,8746,秋田市千秋城下町,7969,16715,1.25,1.01,15.5,13.2,8,50
5400280040,秋田岩見船岡線,秋田八郎潟線,秋田昭和線,5201,0,1.4,秋田市広面昼寝,7672,秋田市広面昼寝,7752,15424,1.24,0.9,17.7,16.2,8,50
5400280050,秋田岩見船岡線,秋田昭和線,,5201,0,0.8,秋田市広面昼寝,7672,秋田市広面昼寝,7752,15424,1.24,0.9,16.1,22.5,8,50
5400280060,秋田岩見船岡線,,太平山八田線,5201,0,3.2,,2438,,2111,4549,1.22,0.56,38.5,37.7,8,50
5400280070,秋田岩見船岡線,太平山八田線,河辺阿仁線,5201,0,13.4,,2438,,2111,4549,1.22,0.56,53.5,58.4,8,50
5400280080,秋田岩見船岡線,河辺阿仁線,河辺阿仁線,5201,0,0.5,,390,,394,784,1.14,0.12,36.8,42.1,8,50
5400280090,秋田岩見船岡線,河辺阿仁線,秋田市・大仙市境,5201,0,6.8,,390,,394,784,1.14,0.12,49.5,49.5,8,50
5400280100,秋田岩見船岡線,秋田市・大仙市境,唐松宇津野線,5212,0,3.7,,,,,,,,,,11,50
5400280110,秋田岩見船岡線,唐松宇津野線,一般国道１３号,5212,0,5.7,,,,,,,,46.4,38.1,11,50
5400280130,秋田岩見船岡線,秋田天王線,,5201,0,0.2,,,,,,,,5.8,10,9,50
5400290009,横手大森大内線,一般国道１３号,,5203,0,2.2,横手市赤川字樋掛,3776,横手市赤川字樋掛,3584,7360,1.22,0.77,29,33.6,9,50
5400290150,横手大森大内線,,金沢吉田柳田線,5203,0,1.1,横手市赤川字樋掛,3776,横手市赤川字樋掛,3584,7360,1.22,0.71,47.2,41.6,11,50
5400290160,横手大森大内線,金沢吉田柳田線,,5203,0,0.6,横手市大雄字精兵村,3899,横手市大雄字精兵村,3828,7727,1.23,0.74,35.4,33.8,11,50
5400290015,横手大森大内線,,秋田自動車道,5203,0,0.2,横手市大雄字精兵村,3899,横手市大雄字精兵村,3828,7727,1.23,0.74,51.6,47.6,15.5,50
5400290020,横手大森大内線,秋田自動車道,野崎十文字線,5203,0,2.5,横手市大雄字精兵村,3899,横手市大雄字精兵村,3828,7727,1.23,0.74,53.6,51.4,15.5,50
5400290030,横手大森大内線,野崎十文字線,湯沢雄物川大曲線,5203,0,3.2,横手市大雄字精兵村,3899,横手市大雄字精兵村,3828,7727,1.23,0.74,39.3,41.9,15.5,50
5400290035,横手大森大内線,湯沢雄物川大曲線,湯沢雄物川大曲線,5203,0,0.5,横手市大雄字精兵村,3899,横手市大雄字精兵村,3828,7727,1.23,0.74,35.4,29.3,15.5,50
5400290040,横手大森大内線,湯沢雄物川大曲線,大曲大森羽後線,5203,0,1,横手市大雄字精兵村,3899,横手市大雄字精兵村,3828,7727,1.23,0.74,41.2,42.2,15.5,50
5400290050,横手大森大内線,大曲大森羽後線,大曲大森羽後線,5203,0,0.7,横手市大雄字精兵村,3899,横手市大雄字精兵村,3828,7727,1.23,0.74,43.7,29.6,15.5,50
5400290060,横手大森大内線,大曲大森羽後線,二井山大森線,5203,0,2.4,,1671,,1747,3418,1.21,0.4,45.4,44.9,12,50
5400290070,横手大森大内線,二井山大森線,湯の又前田線,5203,0,5.4,,1671,,1747,3418,1.21,0.4,56.1,55.5,12,50
5400290080,横手大森大内線,湯の又前田線,神岡南外東由利線,5203,0,7.8,,358,,326,684,1.14,0.11,52.6,49,8,50
5400290090,横手大森大内線,神岡南外東由利線,神岡南外東由利線,5203,0,0.9,,596,,676,1272,1.17,0.17,53.2,51.9,8,50
5400290100,横手大森大内線,神岡南外東由利線,横手市・由利本荘市境,5203,0,3.1,,596,,676,1272,1.17,0.17,45,49.8,8,50
5400290110,横手大森大内線,横手市・由利本荘市境,楢渕横渡線,5210,0,3.7,,596,,676,1272,1.17,0.21,54.7,56.2,6,50
5400290120,横手大森大内線,楢渕横渡線,本荘大内線,5210,0,1.5,,596,,676,1272,1.17,0.21,44,30.8,6,50
5400290130,横手大森大内線,本荘大内線,一般国道１０５号,5210,0,4.1,,596,,676,1272,1.17,0.21,40.4,39.3,6,50
5300130430,神岡南外東由利線,一般国道１３号,四ツ屋神岡線,5212,0,2.3,,5528,,5792,11320,1.24,0.9,37,42,11.5,50
5300130440,神岡南外東由利線,四ツ屋神岡線,四ツ屋神岡線,5212,0,0.2,,5528,,5792,11320,1.24,0.9,16.5,20.6,11.5,50
5400300005,神岡南外東由利線,四ツ屋神岡線,市道（旧　神岡南外東由利線）,5212,0,8,,1675,,1620,3295,1.22,0.5,44.3,44.7,7,50
5400300510,神岡南外東由利線,市道（旧　神岡南外東由利線）,一般国道１０５号,5212,0,1.8,,1675,,1620,3295,1.22,1.13,59.2,47,8.5,50
5400300500,神岡南外東由利線,一般国道１０５号,市道（旧神岡南外東由利線）,5212,0,0.8,大仙市南外上釜坂,322,大仙市南外上釜坂,303,625,1.12,0.19,39.8,50.8,8.5,50
5400300020,神岡南外東由利線,市道（旧神岡南外東由利線）,湯の又前田線,5212,0,0.4,大仙市南外上釜坂,322,大仙市南外上釜坂,303,625,1.12,0.07,56.1,55.7,8,50
5400300030,神岡南外東由利線,湯の又前田線,大仙市・由利本荘市境,5212,0,7.8,大仙市南外上釜坂,322,大仙市南外上釜坂,303,625,1.12,0.07,61.4,59.6,8,50
5400300040,神岡南外東由利線,大仙市・由利本荘市境,由利本荘市・横手市境,5210,0,2.1,,293,,269,562,1.12,0.09,54.5,55.2,7,50
5400300050,神岡南外東由利線,由利本荘市・横手市境,横手大森大内線,5203,0,1.3,,293,,269,562,1.12,0.09,60.4,49.8,8.5,50
5400300070,神岡南外東由利線,横手大森大内線,横手市・由利本荘市境,5203,0,0.9,,258,,293,551,1.12,0.08,55,48.5,8,50
5400300080,神岡南外東由利線,横手市・由利本荘市境,楢渕横渡線,5210,0,6.9,,258,,293,551,1.12,0.07,50.8,60.9,8,50
5400300090,神岡南外東由利線,楢渕横渡線,一般国道１０７号,5210,0,0,,258,,293,551,1.12,0.07,32.7,9.8,8,50
5400310010,横手停車場線,,一般国道１３号,5203,0,1.2,,3978,,3684,7662,1.23,0.97,19.5,20.3,10.6,50
5400320010,仁賀保矢島館合線,一般国道７号,上郷仁賀保線,5214,0,1.6,,3088,,2916,6004,1.23,0.67,19.3,20,8.5,50
5400320020,仁賀保矢島館合線,上郷仁賀保線,,5214,0,3.9,,3088,,2916,6004,1.23,0.67,42.6,46.7,8.5,50
5400320030,仁賀保矢島館合線,,,5214,0,1.3,,3088,,2916,6004,1.23,0.67,52.1,53.1,8.5,50
5400320040,仁賀保矢島館合線,,院内孫七山線,5214,0,2.1,,3088,,2916,6004,1.23,0.67,52.1,52.8,8.5,50
5400320050,仁賀保矢島館合線,院内孫七山線,冬師西目線,5214,0,4.2,,3088,,2916,6004,1.23,0.67,45.1,43.6,8.5,50
5400320060,仁賀保矢島館合線,冬師西目線,にかほ市・由利本荘市境,5214,0,1,,277,,291,568,1.12,0.07,50.1,54.3,8.5,50
5400320070,仁賀保矢島館合線,にかほ市・由利本荘市境,南由利原鮎川線,5210,0,1.3,,277,,291,568,1.12,0.07,58.6,55.7,9,50
5400320080,仁賀保矢島館合線,南由利原鮎川線,長岡冬師城内線,5210,0,5.2,,277,,291,568,1.12,0.07,53.8,56.2,9,50
5400320090,仁賀保矢島館合線,長岡冬師城内線,象潟矢島線,5210,0,2.8,,277,,291,568,1.12,0.07,42.1,43.3,9,50
5400320100,仁賀保矢島館合線,象潟矢島線,象潟矢島線,5210,0,6.2,,828,,725,1553,1.19,0.2,37.9,37.8,9,50
5400320110,仁賀保矢島館合線,象潟矢島線,一般国道１０８号,5210,0,3.1,,828,,725,1553,1.19,0.2,16.6,16.6,9,50
5400320130,仁賀保矢島館合線,一般国道１０８号,,5210,0,6.8,,1017,,1084,2101,1.22,0.24,37,42.2,8.5,50
5400320140,仁賀保矢島館合線,,,5210,0,5.4,,280,,303,583,1.13,0.07,34,34.2,8.5,50
5400320150,仁賀保矢島館合線,,羽後向田館合線,5210,0,4.1,,789,,793,1582,1.19,0.23,38.2,40.6,11,50
5400320160,仁賀保矢島館合線,羽後向田館合線,一般国道１０７号,5210,0,4.1,,789,,793,1582,1.19,0.23,50.8,42.2,11,50
5400340010,羽後向田館合線,十文字羽後鳥海線,,5463,0,4.6,,567,,552,1119,1.16,0.17,42.5,37.6,7,50
5400340020,羽後向田館合線,,羽後町・由利本荘市境,5463,0,7.4,由利本荘市東由利黒渕字湯田,339,由利本荘市東由利黒渕字湯田,321,660,1.14,0.09,51.8,54.9,7,50
5400340030,羽後向田館合線,羽後町・由利本荘市境,仁賀保矢島館合線,5210,0,4.7,由利本荘市東由利黒渕字湯田,339,由利本荘市東由利黒渕字湯田,321,660,1.14,0.08,62.3,60.3,8,50
5400360010,大曲大森羽後線,一般国道１０５号,,5212,0,2.4,大仙市大曲花園町,4678,大仙市大曲花園町,4413,9091,1.23,0.79,23,20.7,16.1,50
5400360020,大曲大森羽後線,,一般国道１０５号,5212,0,2.2,大仙市西根字元木,2361,大仙市西根字元木,2395,4756,1.23,0.51,36,30.4,16.1,50
5400360040,大曲大森羽後線,一般国道１０５号,大仙市・横手市境,5212,0,1.7,,2986,,2818,5804,1.23,0.61,56.1,54.9,11,50
5400360050,大曲大森羽後線,大仙市・横手市境,横手市・大仙市境,5203,0,0.4,,2986,,2818,5804,1.23,0.58,47.7,31.3,11,50
5400360060,大曲大森羽後線,横手市・大仙市境,大仙市・横手市境,5212,0,0.1,,2986,,2818,5804,1.23,0.77,24.7,16.9,10,50
5400360070,大曲大森羽後線,大仙市・横手市境,大曲横手線,5203,0,0.1,,2986,,2818,5804,1.23,0.78,23,18.8,7.5,50
5400360080,大曲大森羽後線,大曲横手線,横手大森大内線,5203,0,7.7,横手市大森町袴形字影取,1723,横手市大森町袴形字影取,1578,3301,1.21,0.4,50.4,50.1,12,50
5400360100,大曲大森羽後線,横手大森大内線,横手東由利線,5203,0,4,,1115,,1048,2163,1.22,0.29,45.8,47.1,7.5,50
5400360110,大曲大森羽後線,横手東由利線,一般国道１０７号,5203,0,4,,1115,,1048,2163,1.22,0.29,53.4,49.7,7.5,50
5400360130,大曲大森羽後線,一般国道１０７号,横手市・羽後町境,5203,0,2.2,雄勝郡羽後町新町字道地,1026,雄勝郡羽後町新町字道地,935,1961,1.21,0.28,44.4,49.6,6.5,50
5400360140,大曲大森羽後線,横手市・羽後町境,一般国道３９８号,5463,0,3.4,雄勝郡羽後町新町字道地,1026,雄勝郡羽後町新町字道地,935,1961,1.21,0.25,43.2,43.2,8.5,50
5400370010,琴丘上小阿仁線,一般国道７号,琴丘上小阿仁線,5348,0,0.6,,976,,958,1934,1.21,0.26,18.1,25.7,16,50
5400370020,琴丘上小阿仁線,琴丘上小阿仁線,能代五城目線,5348,0,5.2,,502,,527,1029,1.16,0.15,49.5,51.2,8,50
5400370110,琴丘上小阿仁線,能代五城目線,町道（旧能代五城目線）,5348,0,0.3,,502,,527,1029,1.16,0.13,39.9,54.4,11,60
5400370130,琴丘上小阿仁線,町道（旧能代五城目線）,,5348,0,1,,502,,527,1029,1.16,0.13,63.3,64.3,11,60
5400370050,琴丘上小阿仁線,,濁川上岩川線,5348,0,2.8,,502,,527,1029,1.16,0.15,58.6,64.5,8,50
5400370060,琴丘上小阿仁線,濁川上岩川線,三種町・上小阿仁村境,5348,0,7,,502,,527,1029,1.16,0.13,50.6,55.6,8,50
5400370070,琴丘上小阿仁線,三種町・上小阿仁村境,一般国道２８５号,5327,0,3.7,,502,,527,1029,1.16,0.14,34.2,33.8,8,50
5400370090,琴丘上小阿仁線,秋田自動車道,琴丘上小阿仁線,5348,0,0.1,,502,,527,1029,1.16,0.13,20.2,30.2,12,50
5400380010,田沢湖西木線,一般国道３４１号,田沢湖畔線,5215,0,1.8,,972,,1012,1984,1.22,0.23,43.3,41.2,10,50
5400380020,田沢湖西木線,田沢湖畔線,春山田沢線,5215,0,2.7,,796,,813,1609,1.19,0.21,45.8,43.1,7,50
5400380030,田沢湖西木線,春山田沢線,相内潟潟野線,5215,0,2.9,,796,,813,1609,1.19,0.21,46,45.6,7,50
5400380040,田沢湖西木線,相内潟潟野線,一般国道１０５号,5215,0,5.2,,796,,813,1609,1.19,0.21,47.8,46,7,50
5400400010,横手東成瀬線,一般国道１０７号,南郷黒沢線,5203,0,8.4,横手市山内筏字大場沢,668,横手市山内筏字大場沢,660,1328,1.17,0.2,47.8,48.7,7,50
5400400020,横手東成瀬線,南郷黒沢線,横手市・東成瀬村境,5203,0,10.2,横手市山内筏字大場沢,668,横手市山内筏字大場沢,660,1328,1.17,0.2,39.9,39.9,7,50
5400400030,横手東成瀬線,横手市・東成瀬村境,一般国道３９７号,5464,0,6.4,横手市山内筏字大場沢,668,横手市山内筏字大場沢,660,1328,1.17,0.25,29.3,29.3,5,50
5400410010,秋田昭和線,秋田御所野雄和線,一般国道１３号,5201,0,1.6,秋田市上北手百埼字内山,15730,秋田市上北手百埼字内山,15869,31599,1.28,0.62,37.7,38.2,25,50
5400410020,秋田昭和線,一般国道１３号,,5201,0,4.3,秋田市上北手百埼字内山,15730,秋田市上北手百埼字内山,15869,31599,1.28,0.62,27.9,26.2,25,50
5400410030,秋田昭和線,,秋田北野田線,5201,0,0.5,秋田市広面谷地田,13835,秋田市広面谷地田,13334,27169,1.27,0.7,20.7,17.2,21,50
5400410040,秋田昭和線,秋田北野田線,秋田岩見船岡線,5201,0,1,秋田市広面谷地田,13835,秋田市広面谷地田,13334,27169,1.27,0.7,22.8,24,21,50
5400410050,秋田昭和線,秋田岩見船岡線,,5201,0,1.3,秋田市広面堤敷,11538,秋田市広面堤敷,11465,23003,1.26,1.27,21,28.4,21,50
5400410060,秋田昭和線,,秋田八郎潟線,5201,0,1.6,,8544,,8319,16863,1.25,0.88,24.2,37.4,21,50
5400410100,秋田昭和線,秋田八郎潟線,上新城土崎港線,5201,0,5.7,秋田市上新城五十丁,1489,秋田市上新城五十丁,1380,2869,1.22,0.4,45.4,50,11,50
5400410110,秋田昭和線,上新城土崎港線,久保秋田線,5201,0,3.9,秋田市上新城五十丁,1489,秋田市上新城五十丁,1380,2869,1.22,0.4,50.2,51.3,11,50
5400410120,秋田昭和線,久保秋田線,高岡追分線,5201,0,1.5,潟上市昭和八丁目樋境,4646,潟上市昭和八丁目樋境,4574,9220,1.23,1.01,42.7,48.5,11,50
5400410130,秋田昭和線,高岡追分線,秋田市・潟上市境,5201,0,3.2,潟上市昭和八丁目樋境,4646,潟上市昭和八丁目樋境,4574,9220,1.23,1.01,57.2,58.6,11,50
5400410140,秋田昭和線,秋田市・潟上市境,一般国道７号,5211,0,0.4,潟上市昭和八丁目樋境,4646,潟上市昭和八丁目樋境,4574,9220,1.23,0.98,44.5,12.1,11,50
5400420010,男鹿八竜線,一般国道１０１号,払戸琴川線,5206,0,2.8,,4775,,4615,9390,1.23,0.74,44.7,50.2,25,50
5400420020,男鹿八竜線,払戸琴川線,男鹿市・大潟村境,5206,0,1.8,,3252,,3218,6470,1.23,0.5,44.3,51.4,25,50
5400420030,男鹿八竜線,男鹿市・大潟村境,道村大川線,5368,0,3.3,,3252,,3218,6470,1.23,0.48,62.6,65.6,9.5,50
5400420040,男鹿八竜線,道村大川線,道村大川線,5368,0,2,,3252,,3218,6470,1.23,0.48,63.3,64.1,9.5,50
5400420050,男鹿八竜線,道村大川線,男鹿琴丘線,5368,0,3,,3252,,3218,6470,1.23,0.48,44.4,46.3,9.5,50
5400420060,男鹿八竜線,男鹿琴丘線,男鹿琴丘線,5368,0,1.6,,3252,,3218,6470,1.23,0.48,55.7,56.8,9.5,50
5400420070,男鹿八竜線,男鹿琴丘線,大潟村・三種町境,5368,0,8,南秋田郡大潟村方口,1998,南秋田郡大潟村方口,2018,4016,1.22,0.35,64.9,65.2,9.5,50
5400420080,男鹿八竜線,大潟村・三種町境,一般国道１０１号,5348,0,0.7,南秋田郡大潟村方口,1998,南秋田郡大潟村方口,2018,4016,1.22,0.35,56.5,52.4,11,50
5400430010,本荘西目線,一般国道１０７号,一般国道１０８号,5210,0,1.7,由利本荘市葛法字家苅,2756,由利本荘市葛法字家苅,2831,5587,1.23,0.65,36.2,28.1,10,50
5400430020,本荘西目線,一般国道１０８号,,5210,0,4,由利本荘市葛法字家苅,2756,由利本荘市葛法字家苅,2831,5587,1.23,0.65,33.2,55.6,10,50
5400430030,本荘西目線,,冬師西目線,5210,0,1.5,,1621,,1630,3251,1.22,0.38,51.4,53.4,10,50
5400430040,本荘西目線,冬師西目線,一般国道７号,5210,0,1.7,,1621,,1630,3251,1.22,0.38,29.2,18.1,10,50
5400440010,雄和岩城線,秋田雄和本荘線,秋田市・由利本荘市境,5201,0,3.3,,953,,809,1762,1.19,0.19,56.1,55.4,8,50
5400440020,雄和岩城線,秋田市・由利本荘市境,雄和岩城線,5210,0,7.9,,953,,809,1762,1.19,0.19,57.4,57.6,8,50
5400440030,雄和岩城線,雄和岩城線,一般国道７号,5210,0,1,,1402,,1592,2994,1.22,0.38,34.2,30.8,11,50
5400440050,雄和岩城線,日本海東北自動車道,雄和岩城線,5210,0,0.5,,502,,527,1029,1.16,0.12,45.1,34.1,8,50
5400460010,秋田空港線,秋田空港東線,秋田御所野雄和線,5201,0,1.4,,2320,,1996,4316,1.22,0.57,51.9,52.9,10.5,50
5400460020,秋田空港線,秋田御所野雄和線,秋田御所野雄和線,5201,0,1.5,,2320,,1996,4316,1.22,0.57,51.4,55.1,10.5,50
5400460030,秋田空港線,秋田御所野雄和線,秋田雄和本荘線,5201,0,3.7,,2453,,2490,4943,1.23,0.44,49.4,53.2,10.5,50
5400480010,横手東由利線,一般国道１３号,一般国道１０７号,5203,0,1.4,,3886,,3655,7541,1.23,0.62,16.1,19.2,25,50
5400480030,横手東由利線,一般国道１０７号,金沢吉田柳田線,5203,0,1,,2048,,2059,4107,1.22,0.54,29.4,36.1,8,50
5400480040,横手東由利線,金沢吉田柳田線,野崎十文字線,5203,0,3.6,,2048,,2059,4107,1.22,0.54,50.9,50.7,8,50
5400480050,横手東由利線,野崎十文字線,湯沢雄物川大曲線,5203,0,5.2,,2048,,2059,4107,1.22,0.54,53.9,51.5,8,50
5400480070,横手東由利線,湯沢雄物川大曲線,大曲大森羽後線,5203,0,1.8,,2730,,2328,5058,1.22,0.78,44.8,48.7,7,50
5400480080,横手東由利線,大曲大森羽後線,二井山大森線,5203,0,2.5,,2730,,2328,5058,1.22,0.78,45,39.9,7,50
5400480090,横手東由利線,二井山大森線,,5203,0,1,,2730,,2328,5058,1.22,0.78,60.6,59.2,7,50
5400480110,横手東由利線,,,5203,0,0.5,,,,,,,,,,4,50
5400480130,横手東由利線,,横手市・由利本荘市境,5203,0,4.2,由利本荘市東由利老方字下川原,177,由利本荘市東由利老方字下川原,188,365,1.12,0.45,29.7,29.7,4,50
5400480140,横手東由利線,横手市・由利本荘市境,一般国道１０７号,5210,0,6.5,由利本荘市東由利老方字下川原,177,由利本荘市東由利老方字下川原,188,365,1.12,0.02,29.7,29.7,5,50
5400490010,本荘大内線,一般国道１０７号,本荘岩城線,5210,0,4.8,,256,,226,482,1.12,0.12,30.9,43.2,5,50
5400490020,本荘大内線,本荘岩城線,横手大森大内線,5210,0,12.6,,73,,80,153,1.12,0.04,35.1,31,5,50
5400500020,大曲田沢湖線,一般国道１３号,千畑大曲線,5212,0,1.3,,1490,,1486,2976,1.22,0.31,38.1,36.7,8.7,50
5400500030,大曲田沢湖線,千畑大曲線,大仙市・美郷町境,5212,0,4.7,,1490,,1486,2976,1.22,0.31,42.1,39.9,11,50
5400500040,大曲田沢湖線,大仙市・美郷町境,角館六郷線,5434,0,2.5,,1490,,1486,2976,1.22,0.31,53.3,42.6,9.3,50
5400500050,大曲田沢湖線,角館六郷線,千畑大曲線,5434,0,5.3,,764,,652,1416,1.18,0.24,45,38.9,7,50
5400500060,大曲田沢湖線,千畑大曲線,美郷町・大仙市境,5434,0,0.6,,495,,493,988,1.15,0.14,52,51.5,7,50
5400500070,大曲田沢湖線,美郷町・大仙市境,長信田羽後長野停車場線,5212,0,4,,495,,493,988,1.15,0.14,42.5,41.8,7,50
5400500080,大曲田沢湖線,長信田羽後長野停車場線,豊岡長野線,5212,0,4,,495,,493,988,1.15,0.14,51.1,48,7,50
5400500090,大曲田沢湖線,豊岡長野線,大仙市・仙北市境,5212,0,2.9,,495,,493,988,1.15,0.14,39.6,48,7,50
5400500100,大曲田沢湖線,大仙市・仙北市境,白岩角館線,5215,0,0.5,,495,,493,988,1.15,0.13,33.2,39.9,11,50
5400500110,大曲田沢湖線,白岩角館線,,5215,0,2.5,,495,,493,988,1.15,0.13,53.4,39.8,11,50
5400500120,大曲田沢湖線,,広久内角館停車場線,5215,0,0.2,,,,,,,,32.4,15,11,50
5400500130,大曲田沢湖線,広久内角館停車場線,,5215,0,0.2,,2297,,2686,4983,1.23,0.44,33,39.4,11,50
5400500140,大曲田沢湖線,,,5215,0,1.6,,2424,,2316,4740,1.23,0.54,56.7,55.3,11,50
5400500150,大曲田沢湖線,,一般国道４６号,5215,0,0.7,,280,,303,583,1.13,0.07,53.2,35.3,11,50
5400510010,湯沢栗駒公園線,一般国道１３号,一般国道１３号（湯沢横手道路）,5207,0,0.6,湯沢市高松字中村,1341,湯沢市高松字中村,1211,2552,1.22,0.29,21.4,31.2,10,50
5400510020,湯沢栗駒公園線,一般国道１３号（湯沢横手道路）,稲庭高松線,5207,0,5.4,湯沢市高松字中村,1341,湯沢市高松字中村,1211,2552,1.22,0.29,55.3,50.3,10,50
5400510030,湯沢栗駒公園線,稲庭高松線,秋の宮小安温泉線,5207,0,12.1,,546,,513,1059,1.16,0.15,50.5,52,8,50
5400510040,湯沢栗駒公園線,秋の宮小安温泉線,,5207,0,3.5,,404,,302,706,1.13,0.11,37.9,42.7,7,50
5400510050,湯沢栗駒公園線,,,5207,0,0.9,,404,,302,706,1.13,0.11,54.7,64.4,7,50
5400510060,湯沢栗駒公園線,,一般国道３９８号,5207,0,1.2,,404,,302,706,1.13,0.11,45.1,42.4,7,50
5400520010,比内田代線,一般国道２８５号,扇田停車場線,5204,0,1.5,秋田県大館市二井田字小石台,2704,秋田県大館市二井田字小石台,2417,5121,1.19,0.82,25.3,29,9,50
5400520019,比内田代線,扇田停車場線,一般国道７号（大館西道路）,5204,0,5.9,秋田県大館市二井田字小石台,2704,秋田県大館市二井田字小石台,2417,5121,1.19,0.82,36,40.9,9,50
5400520020,比内田代線,一般国道７号（大館西道路）,大館鷹巣線,5204,0,0.8,秋田県大館市二井田字小石台,2704,秋田県大館市二井田字小石台,2417,5121,1.19,0.82,45.4,45.4,9,50
5400520030,比内田代線,大館鷹巣線,,5204,0,0.5,秋田県大館市二井田字小石台,2704,秋田県大館市二井田字小石台,2417,5121,1.19,0.82,38.6,45.1,9,50
5400520050,比内田代線,,,5204,0,1.4,,399,,1250,1649,1.19,0.22,60.6,61.3,11,50
5400520070,比内田代線,,大館鷹巣線,5204,0,0.2,,399,,1250,1649,1.19,0.22,60,48.2,11,50
5400520080,比内田代線,大館鷹巣線,一般国道７号,5204,0,1.3,,399,,1250,1649,1.19,0.22,52.7,34.1,11,50
5400540010,男鹿琴丘線,,市道（旧男鹿琴丘線）,5206,0,0.5,男鹿市脇本樽沢,1177,男鹿市脇本樽沢,1186,2363,1.15,0.3,20.3,26.3,9.5,50
5400550060,男鹿琴丘線,市道（旧男鹿琴丘線）,入道崎寒風山線,5206,0,0.8,男鹿市脇本樽沢,1177,男鹿市脇本樽沢,1186,2363,1.15,0.24,59.2,62.1,11,50
5400540205,男鹿琴丘線,入道崎寒風山線,市道（旧男鹿琴丘線）,5206,0,1.1,男鹿市脇本樽沢,1177,男鹿市脇本樽沢,1186,2363,1.15,0.24,65.6,64.3,8.5,60
5400540500,男鹿琴丘線,市道（旧男鹿琴丘線）,払戸琴川線（旧男鹿琴丘線）,5206,0,2.8,男鹿市脇本樽沢,1177,男鹿市脇本樽沢,1186,2363,1.15,0.24,63.5,59,8.5,60
5400540050,男鹿琴丘線,払戸琴川線（旧男鹿琴丘線）,,5206,0,0.4,,881,,883,1764,1.19,0.31,27.6,29,5,50
5400540060,男鹿琴丘線,,道村大川線,5206,0,1.7,,881,,883,1764,1.19,0.27,36.7,41.4,6.5,50
5400540070,男鹿琴丘線,道村大川線,市道（旧一般国道１０１号）,5206,0,5.6,,881,,883,1764,1.19,0.22,42.5,40.3,8.5,50
5400540080,男鹿琴丘線,市道（旧一般国道１０１号）,男鹿市・大潟村境,5206,0,0.6,,881,,883,1764,1.19,0.22,16.3,35.7,8.5,50
5400540090,男鹿琴丘線,男鹿市・大潟村境,男鹿八竜線,5368,0,1.8,,881,,883,1764,1.19,0.2,47.3,49,8,50
5400540110,男鹿琴丘線,男鹿八竜線,大潟村・三種町境,5368,0,10.1,南秋田郡大潟村方口,1116,南秋田郡大潟村方口,1068,2184,1.17,0.22,58,66.8,10,50
5400540120,男鹿琴丘線,大潟村・三種町境,一般国道７号,5348,0,0.9,南秋田郡大潟村方口,1116,南秋田郡大潟村方口,1068,2184,1.17,0.24,38.2,25.7,7.5,50
5400550010,入道崎寒風山線,入道崎八望台北浦線,男鹿半島線,5206,0,5.3,,658,,852,1510,1.18,0.19,45,45,11,50
5400550020,入道崎寒風山線,男鹿半島線,入道崎八望台北浦線,5206,0,2.1,,658,,852,1510,1.18,0.19,47.8,47.7,11,50
5400550030,入道崎寒風山線,入道崎八望台北浦線,一般国道１０１号,5206,0,5,,658,,852,1510,1.18,0.19,42.7,46.1,11,50
5400550050,入道崎寒風山線,一般国道１０１号,市道（旧男鹿琴丘線）,5206,0,9.9,,152,,160,312,1.15,0.04,42.3,39.7,6.5,50
5400550055,入道崎寒風山線,市道（旧男鹿琴丘線）,男鹿琴丘線,5206,0,0.4,,152,,160,312,1.15,0.04,32.1,26.8,6.5,50
5400560010,秋田天王線,一般国道７号,寺内新屋雄和線,5201,0,2.4,,4384,,3733,8117,1.23,0.89,53.5,46.6,11,50
5400560020,秋田天王線,寺内新屋雄和線,寺内新屋雄和線,5201,0,1.2,,4384,,3733,8117,1.23,0.89,24.6,30.3,11,50
5400560030,秋田天王線,寺内新屋雄和線,,5201,0,1.6,,4384,,3733,8117,1.23,0.89,25.6,11.3,11,50
5400560040,秋田天王線,,一般国道１３号,5201,0,1.5,秋田市茨島六丁目,9128,秋田市茨島六丁目,10231,19359,1.25,1.44,16.3,28.6,15,50
5400560045,秋田天王線,一般国道１３号,秋田岩見船岡線,5201,0,1.2,秋田市川元山下町,10283,秋田市川元山下町,13076,23359,1.26,1.89,11.7,18,15,50
5400560050,秋田天王線,秋田岩見船岡線,秋田停車場線,5201,0,0.6,秋田市川元山下町,10283,秋田市川元山下町,13076,23359,1.26,1.89,14.3,8.7,15,50
5400560060,秋田天王線,秋田停車場線,秋田操車場線,5201,0,2.2,秋田市山王二丁目,17435,秋田市山王二丁目,15603,33038,1.28,2,14.7,15.8,15,50
5400560070,秋田天王線,秋田操車場線,秋田北インター線,5201,0,0.8,秋田市泉登木,16399,秋田市泉登木,15459,31858,1.28,1.09,15.7,13,20,50
5400560080,秋田天王線,秋田北インター線,,5201,0,0.8,秋田市飯島穀町,2886,秋田市飯島穀町,2611,5497,1.23,0.28,20.6,30.7,20,50
5400560090,秋田天王線,,一般国道７号,5201,0,1.6,秋田市飯島穀町,2886,秋田市飯島穀町,2611,5497,1.23,0.28,26,20.8,20,50
5400560110,秋田天王線,一般国道７号,,5201,0,1.9,秋田市飯島穀町,2886,秋田市飯島穀町,2611,5497,1.23,0.28,41,32.2,20,50
5400560115,秋田天王線,,市道（旧秋田天王線　北部道路）,5201,0,3,秋田市飯島穀町,2886,秋田市飯島穀町,2611,5497,1.23,0.28,46.7,51.4,20,50
5400560120,秋田天王線,市道（旧秋田天王線　北部道路）,秋田市・潟上市境,5201,0,1.4,秋田市飯島穀町,2886,秋田市飯島穀町,2611,5497,1.23,0.28,54.8,59,20,50
5400560130,秋田天王線,秋田市・潟上市境,出戸浜停車場出戸浜線,5211,0,4.4,秋田市飯島穀町,2886,秋田市飯島穀町,2611,5497,1.23,0.21,70.3,69.8,20,50
5400560140,秋田天王線,出戸浜停車場出戸浜線,一般国道１０１号,5211,0,2.4,,8411,,7184,15595,1.25,0.63,48.5,38.6,22,50
5400570010,十文字羽後鳥海線,一般国道１３号,湯沢雄物川大曲線,5203,0,3.9,,2841,,2727,5568,1.23,0.62,46,50.9,16.5,50
5400570020,十文字羽後鳥海線,湯沢雄物川大曲線,下開清水線,5203,0,3.6,横手市十文字町睦合字川前,2779,横手市十文字町睦合字川前,2615,5394,1.22,0.7,47.9,51.1,16.5,50
5400570030,十文字羽後鳥海線,下開清水線,横手市・羽後町境,5203,0,0.1,横手市十文字町睦合字川前,2779,横手市十文字町睦合字川前,2615,5394,1.22,0.7,54.6,51.8,16.5,50
5400570040,十文字羽後鳥海線,横手市・羽後町境,一般国道３９８号,5463,0,1.7,横手市十文字町睦合字川前,2779,横手市十文字町睦合字川前,2615,5394,1.22,0.74,52.5,49.2,10,50
5400570110,十文字羽後鳥海線,一般国道３９８号,,5463,0,0.1,,,,,,,,19.2,17.2,9.3,50
5400570120,十文字羽後鳥海線,,一般国道３９８号,5463,0,0.9,,,,,,,,48.4,57.7,9.3,50
5400570060,十文字羽後鳥海線,一般国道３９８号,鴻屋梺線,5463,0,3.6,雄勝郡羽後町中仙道字堀内,827,雄勝郡羽後町中仙道字堀内,793,1620,1.19,0.25,49.4,48.5,7,50
5400570070,十文字羽後鳥海線,鴻屋梺線,羽後向田館合線,5463,0,6.3,雄勝郡羽後町中仙道字堀内,827,雄勝郡羽後町中仙道字堀内,793,1620,1.19,0.25,52.9,51.8,7,50
5400570080,十文字羽後鳥海線,羽後向田館合線,羽後町・由利本荘市境,5463,0,4.4,雄勝郡羽後町中仙道字堀内,827,雄勝郡羽後町中仙道字堀内,793,1620,1.19,0.25,58.7,57.7,7,50
5400570090,十文字羽後鳥海線,羽後町・由利本荘市境,一般国道１０８号,5210,0,3.2,雄勝郡羽後町中仙道字堀内,827,雄勝郡羽後町中仙道字堀内,793,1620,1.19,0.3,41,39.3,5.5,50
5400580005,象潟矢島線,一般国道７号,一般国道7号（象潟仁賀保道路）,5214,0,2,,870,,902,1772,1.19,0.17,34.6,37.9,12,50
5400580010,象潟矢島線,一般国道7号（象潟仁賀保道路）,鳥海公園小滝線,5214,0,2.8,にかほ市象潟町小滝字浜道,1135,にかほ市象潟町小滝字浜道,827,1962,1.22,0.58,49.1,46.6,7,50
5400580020,象潟矢島線,鳥海公園小滝線,上郷仁賀保線,5214,0,1.5,,870,,902,1772,1.19,0.33,48.3,38.4,7,50
5400580030,象潟矢島線,上郷仁賀保線,にかほ市・由利本荘市境,5214,0,15.3,,870,,902,1772,1.19,0.7,28.4,28.4,5,50
5400580040,象潟矢島線,にかほ市・由利本荘市境,仁賀保矢島館合線,5210,0,8.6,,870,,902,1772,1.19,0.69,35.1,35.1,5,50
5400580060,象潟矢島線,仁賀保矢島館合線,鳥海矢島線,5210,0,2,,280,,303,583,1.13,0.09,29,43,9,50
5400580070,象潟矢島線,鳥海矢島線,一般国道１０８号,5210,0,0.5,,280,,303,583,1.13,0.09,14.7,13.3,9,50
5400590010,男鹿半島線,入道崎寒風山線,,5206,0,1.3,,455,,460,915,1.14,0.13,53.9,55.5,7,50
5400590090,男鹿半島線,,,5206,0,3.4,,455,,460,915,1.14,0.12,55,59.4,8,50
5400590030,男鹿半島線,,,5206,0,3.2,,455,,460,915,1.14,0.15,42.2,45.3,6,50
5400590040,男鹿半島線,,,5206,0,24.8,,1101,,1043,2144,1.22,0.32,42.7,41.8,7,50
5400590050,男鹿半島線,,男鹿停車場線,5206,0,1,,2639,,2766,5405,1.23,0.6,26.2,21,18,50
5400590060,男鹿半島線,男鹿停車場線,一般国道１０１号,5206,0,2.2,,2639,,2766,5405,1.23,0.49,30.2,27.8,8,50
5301010220,男鹿半島線,一般国道１０１号,脇本脇本停車場線,5206,0,4.2,,1345,,1322,2667,1.22,0.31,38.4,36.7,8,50
5301010230,男鹿半島線,脇本脇本停車場線,一般国道１０１号,5206,0,1,,1345,,1322,2667,1.22,0.31,33.6,25.8,8,50
5400600010,田沢湖畔線,一般国道１０５号,相内潟潟野線,5215,0,4.9,,514,,407,921,1.14,0.11,45.3,44.4,6.5,50
5400600020,田沢湖畔線,相内潟潟野線,田沢湖西木線,5215,0,9.9,,249,,198,447,1.12,0.07,45,46.9,6.5,50
5400610010,秋田御所野雄和線,一般国道１３号,,5201,0,1,秋田市御野場新町四丁目,9478,秋田市御野場新町四丁目,10032,19510,1.25,1.43,16.9,14.7,20,50
5400610020,秋田御所野雄和線,,秋田雄和本荘線,5201,0,1.6,秋田市御野場新町四丁目,9478,秋田市御野場新町四丁目,10032,19510,1.25,1.43,18.7,31.2,20,50
5400610030,秋田御所野雄和線,秋田雄和本荘線,秋田昭和線,5201,0,1.7,秋田市御所野湯本二丁目,6216,秋田市御所野湯本二丁目,5961,12177,1.24,1.15,36.9,35.8,20,50
5400610039,秋田御所野雄和線,秋田昭和線,秋田御所野雄和線,5201,0,2.1,秋田市御所野湯本二丁目,6216,秋田市御所野湯本二丁目,5961,12177,1.24,1.15,22.3,25.2,20,50
5400610190,秋田御所野雄和線,秋田御所野雄和線,秋田御所野雄和線,5201,1,2.3,秋田市上北手御所野雨池通,4229,秋田市上北手御所野雨池通,4311,8540,1.23,0.63,36.5,60.6,11.5,70
5400610140,秋田御所野雄和線,秋田御所野雄和線,秋田御所野雄和線,5201,1,1.9,秋田市雄和椿川字奥椿岱,2353,秋田市雄和椿川字奥椿岱,2444,4797,1.23,0.11,81.7,76.7,22,50
5400610150,秋田御所野雄和線,秋田御所野雄和線,秋田空港線,5201,1,2.1,秋田市雄和椿川字奥椿岱,2353,秋田市雄和椿川字奥椿岱,2444,4797,1.23,0.11,64.4,56.1,22,50
5400610090,秋田御所野雄和線,秋田空港線,一般国道３４１号,5201,0,8.7,秋田市雄和平尾鳥字大巻,1470,秋田市雄和平尾鳥字大巻,1523,2993,1.22,0.44,54,51.1,8,50
5400610040,秋田御所野雄和線,秋田御所野雄和線,秋田御所野雄和線,5201,0,2,,6159,,6075,12234,1.24,1.43,20.6,23.9,7,50
5400610050,秋田御所野雄和線,秋田御所野雄和線,秋田北野田線,5201,0,1.2,,6159,,6075,12234,1.24,1.43,35.3,30.2,7,50
5400610060,秋田御所野雄和線,秋田北野田線,秋田御所野雄和線,5201,0,2.3,,1407,,1498,2905,1.22,0.37,47.5,45.3,11,50
5400610070,秋田御所野雄和線,秋田御所野雄和線,秋田空港線,5201,0,2,,840,,699,1539,1.18,0.16,41.2,35.4,11,50
5400610110,秋田御所野雄和線,日本海東北自動車道,秋田御所野雄和線,5201,0,0.4,,2841,,2727,5568,1.23,0.49,40.9,41.8,8.5,50
5400610120,秋田御所野雄和線,秋田御所野雄和線,秋田御所野雄和線,5201,0,0.1,,2841,,2727,5568,1.23,0.49,30.3,18.8,14.5,50
5400620010,秋田北野田線,秋田停車場線,秋田北野田線,5201,1,1.3,秋田市旭北寺町,10033,秋田市旭北寺町,9390,19423,1.2,0.93,16.3,32.3,9.8,50
5400620020,秋田北野田線,秋田北野田線,秋田昭和線,5201,1,2.2,,,,,,,,19.4,21.3,9.8,50
5400620030,秋田北野田線,秋田昭和線,秋田自動車道,5201,0,2.8,秋田市広面樋口,8417,秋田市広面樋口,7069,15486,1.25,1.16,30.8,40.4,10.2,50
5400620040,秋田北野田線,秋田自動車道,一般国道１３号,5201,0,10,,1690,,1725,3415,1.21,0.39,50.1,46.3,10.2,50
5400620060,秋田北野田線,一般国道１３号,秋田御所野雄和線,5201,0,1.7,,12317,,10973,23290,1.26,1.37,25.2,38.5,11,50
5400620080,秋田北野田線,,秋田北野田線,5201,1,0.3,,12317,,,12317,1.26,0.3,22.2,,9.8,50
5400640020,常磐峰浜線,能代二ツ井線,能代二ツ井線,5202,0,6,,2497,,2188,4685,1.22,0.64,60.5,60.7,11,50
5400630094,常盤峰浜線,能代二ツ井線,石川向能代線,5202,0,5.2,山本郡八峰町峰浜小手萩萩ノ城,882,山本郡八峰町峰浜小手萩萩ノ城,859,1741,1.18,0.22,57.6,55.4,7,60
5400630097,常盤峰浜線,石川向能代線,能代市・八峰町境,5202,0,1.2,山本郡八峰町峰浜小手萩萩ノ城,882,山本郡八峰町峰浜小手萩萩ノ城,859,1741,1.18,0.22,58.1,56.8,7,60
5400630100,常盤峰浜線,能代市・八峰町境,町道(旧　常盤峰浜線）,5349,0,1.5,山本郡八峰町峰浜小手萩萩ノ城,882,山本郡八峰町峰浜小手萩萩ノ城,859,1741,1.18,0.23,59.3,54.9,7,60
5400630120,常盤峰浜線,塙川能代線,町道(旧　常盤峰浜線）,5349,0,5.4,山本郡八峰町峰浜小手萩萩ノ城,882,山本郡八峰町峰浜小手萩萩ノ城,859,1741,1.18,0.55,59.8,59.6,8.5,50
5400630040,常盤峰浜線,町道(旧　常盤峰浜線）,一般国道１０１号,5349,0,1.2,山本郡八峰町峰浜小手萩萩ノ城,882,山本郡八峰町峰浜小手萩萩ノ城,859,1741,1.18,0.55,57.8,52.8,8.5,50
5400640010,能代二ツ井線,一般国道７号,常盤峰浜線,5202,0,2.5,,2497,,2188,4685,1.22,0.69,29.5,28.2,9.8,50
5400640030,能代二ツ井線,常磐峰浜線,山谷富根停車場線,5202,0,0.5,,2497,,2188,4685,1.22,0.64,59.2,58.6,11,50
5400640040,能代二ツ井線,山谷富根停車場線,富根能代線,5202,0,2.5,,615,,723,1338,1.17,0.18,58.3,57,6.5,50
5400640050,能代二ツ井線,富根能代線,西目屋二ツ井線,5202,0,6.6,,615,,723,1338,1.17,0.18,55.6,51.8,6.5,50
5400650010,寺内新屋雄和線,一般国道７号,一般国道７号,5201,0,5,秋田市新屋砂奴寄,4288,秋田市新屋砂奴寄,3925,8213,1.23,1.41,35.1,38.7,9.5,50
5400650020,寺内新屋雄和線,一般国道７号,,5201,0,1.7,秋田市新屋砂奴寄,4288,秋田市新屋砂奴寄,3925,8213,1.23,1.41,19.7,20.2,9.5,50
5400650030,寺内新屋雄和線,,秋田天王線,5201,0,2,秋田市新屋勝平町,3881,秋田市新屋勝平町,4204,8085,1.23,0.98,21.3,21.5,9,50
5400650050,寺内新屋雄和線,一般国道７号,秋田天王線,5201,0,1.4,秋田市豊岩石田坂字鎌塚,5567,秋田市豊岩石田坂字鎌塚,5574,11141,1.24,1.21,34.6,32,12.8,50
5400650060,寺内新屋雄和線,秋田天王線,,5201,0,3,秋田市豊岩石田坂字鎌塚,5567,秋田市豊岩石田坂字鎌塚,5574,11141,1.24,0.9,31.3,36.8,13,50
5400650070,寺内新屋雄和線,,,5201,0,1.2,秋田市豊岩石田坂字鎌塚,5567,秋田市豊岩石田坂字鎌塚,5574,11141,1.24,0.9,50.1,50.3,13,50
5400650080,寺内新屋雄和線,,,5201,0,1.7,秋田市豊岩石田坂字鎌塚,5567,秋田市豊岩石田坂字鎌塚,5574,11141,1.24,0.9,62.5,62.3,13,50
5400650090,寺内新屋雄和線,,川添下浜停車場線,5201,0,3.5,秋田市豊岩石田坂字鎌塚,5567,秋田市豊岩石田坂字鎌塚,5574,11141,1.24,0.9,59.4,58.4,13,50
5400650100,寺内新屋雄和線,川添下浜停車場線,秋田雄和本荘線,5201,0,1.8,,716,,727,1443,1.18,0.16,43.7,24.8,13,50
5301030125,十二所花輪大湯線（旧　一般国道１０３号）,一般国道１０３号,市道（旧　一般国道１０３号）,5204,0,0.8,,6337,,6098,12435,1.24,1.04,53.9,50.3,11,50
5400660004,十二所花輪大湯線,市道（旧　一般国道１０３号）,十二所花輪大湯線,5204,0,0.5,秋田県大館市十二所字堂ヶ下,601,秋田県大館市十二所字堂ヶ下,562,1163,1.16,0.15,49.7,45.1,12,50
5400660007,十二所花輪大湯線,十二所花輪大湯線,十二所花輪大湯線,5204,0,1.4,秋田県大館市十二所字堂ヶ下,601,秋田県大館市十二所字堂ヶ下,562,1163,1.16,0.15,58.7,62.2,12,50
5400660010,十二所花輪大湯線,十二所花輪大湯線,大館市・鹿角市境,5204,0,2.8,秋田県大館市十二所字堂ヶ下,601,秋田県大館市十二所字堂ヶ下,562,1163,1.16,0.15,60.2,57.2,12,50
5400660020,十二所花輪大湯線,大館市・鹿角市境,,5209,0,1.5,秋田県大館市十二所字堂ヶ下,601,秋田県大館市十二所字堂ヶ下,562,1163,1.16,0.15,60.7,64.2,7,50
5400660030,十二所花輪大湯線,,鹿角市・大館市境,5209,0,1.9,,1700,,1649,3349,1.21,0.59,46.2,43.1,5,50
5400660040,十二所花輪大湯線,鹿角市・大館市境,大館市・鹿角市境,5204,0,0.4,,1700,,1649,3349,1.21,0.44,43.7,43.2,7,50
5400660050,十二所花輪大湯線,大館市・鹿角市境,根瀬尾去沢線,5209,0,5.3,,1700,,1649,3349,1.21,0.45,44.6,43.4,8.5,50
5400660060,十二所花輪大湯線,根瀬尾去沢線,一般国道２８２号,5209,0,0.7,,1700,,1649,3349,1.21,0.45,24.1,18.5,8.5,50
5400660070,十二所花輪大湯線,一般国道２８２号,田山花輪線,5209,0,2.3,,647,,651,1298,1.17,0.25,19.6,20.5,8.5,50
5400660080,十二所花輪大湯線,田山花輪線,一般国道１０３号,5209,0,13.1,,647,,651,1298,1.17,0.25,45.3,43.9,8.5,50
5400670010,四ツ屋神岡線,一般国道１０５号,一般国道１３号,5212,0,7.7,,1472,,1477,2949,1.22,0.41,42.2,45.2,8,50
5400670040,四ツ屋神岡線,一般国道１３号,神岡南外東由利線,5212,0,0.8,,1472,,1477,2949,1.22,0.43,18.9,25.9,9.5,50
5300130449,四ツ屋神岡線,神岡南外東由利線,一般国道１３号,5212,0,3.9,,8225,,8293,16518,1.25,1.18,38.1,40.4,10,50
5400680010,白沢田代線,一般国道７号,,5204,0,4.5,,964,,956,1920,1.21,0.22,28.1,32.4,7,50
5400680020,白沢田代線,,釈迦内花岡白沢線,5204,0,0.5,,361,,334,695,1.14,0.09,26.3,34.8,7,50
5400680030,白沢田代線,釈迦内花岡白沢線,,5204,0,10.2,,361,,334,695,1.14,0.09,40.1,42.9,7,50
5400680040,白沢田代線,,一般国道７号,5204,0,8.9,,644,,671,1315,1.17,0.19,49.1,43.2,7,50
5400690010,本荘岩城線,本荘大内線,一般国道１０５号,5210,0,13.6,,269,,264,533,1.12,0.07,29.2,29.2,7,50
5400690030,本荘岩城線,一般国道１０５号,一般国道３４１号,5210,0,9.8,,1151,,1239,2390,1.23,0.31,36.8,36.8,8,50
5400700010,鳥海矢島線,一般国道１０８号,,5210,0,13,,439,,426,865,1.14,0.17,47.7,43.2,7,50
5400700020,鳥海矢島線,,大川端伏見線,5210,0,5.2,,1095,,1128,2223,1.22,0.29,42.4,41,7,50
5400700030,鳥海矢島線,大川端伏見線,,5210,0,7.2,,1095,,1128,2223,1.22,0.29,46.1,48.6,7,50
5400700040,鳥海矢島線,,象潟矢島線,5210,0,0.7,,1095,,1128,2223,1.22,0.29,51.4,52.6,7,50
5400710010,大曲横手線,大曲大森羽後線,横手市・大仙市境,5203,0,1.2,,1577,,1647,3224,1.22,0.43,41.8,50.7,7,50
5400710020,大曲横手線,横手市・大仙市境,湯沢雄物川大曲線,5212,0,1.1,,1577,,1647,3224,1.22,0.46,43.3,29.1,6,50
5400130150,大曲横手線,湯沢雄物川大曲線,,5212,0,0.7,,1577,,1647,3224,1.22,0.48,19.6,21.5,7,50
5400710040,大曲横手線,,大仙市・横手市境,5212,0,2.3,横手市黒川字上和野,1801,横手市黒川字上和野,1758,3559,1.22,0.44,50.6,46.8,12,50
5400710050,大曲横手線,大仙市・横手市境,横手市・大仙市境,5203,0,0.1,横手市黒川字上和野,1801,横手市黒川字上和野,1758,3559,1.22,0.43,62.9,64,13,50
5400710060,大曲横手線,横手市・大仙市境,大仙市・横手市境,5212,0,0,横手市黒川字上和野,1801,横手市黒川字上和野,1758,3559,1.22,0.51,62.1,62.9,15,50
5400710070,大曲横手線,大仙市・横手市境,耳取後三年停車場線,5203,0,3.4,横手市黒川字上和野,1801,横手市黒川字上和野,1758,3559,1.22,0.43,53.9,56.3,10,50
5400710080,大曲横手線,耳取後三年停車場線,金沢吉田柳田線,5203,0,2.7,横手市黒川字上和野,1801,横手市黒川字上和野,1758,3559,1.22,0.43,39.2,44.1,10,50
5400710090,大曲横手線,金沢吉田柳田線,一般国道１３号,5203,0,3.1,横手市黒川字上和野,1801,横手市黒川字上和野,1758,3559,1.22,0.43,41.1,30,10,50
5400720010,秋田北インター線,秋田自動車道,市道（旧秋田昭和線）,5201,0,3,秋田市上新城中字南場掛,4160,秋田市上新城中字南場掛,4263,8423,1.23,0.75,38.9,37.2,12.5,50
5400720015,秋田北インター線,市道（旧秋田昭和線）,土崎港秋田線,5201,0,0.6,秋田市上新城中字南場掛,4160,秋田市上新城中字南場掛,4263,8423,1.23,0.75,13.7,29.3,12.5,50
5400720020,秋田北インター線,土崎港秋田線,,5201,0,0.1,秋田市外旭川字三後田,11323,秋田市外旭川字三後田,12845,24168,1.25,1.74,15.9,30.9,12.5,50
5400720030,秋田北インター線,,秋田天王線,5201,0,0.6,秋田市外旭川字三後田,11323,秋田市外旭川字三後田,12845,24168,1.25,1.74,32.6,13.4,12.5,50
5400730010,雄勝金山線,一般国道１０８号,,5207,0,3.7,,85,,100,185,1.13,0.89,18.8,27.7,4,50
5400730020,雄勝金山線,,,5207,0,3,,,,,,,,,,4,50
5601020010,大館鷹巣線,一般国道７号,一般国道１０３号,5204,0,0.8,,549,,482,1031,1.16,0.22,18,29.2,13.5,50
5601020020,大館鷹巣線,一般国道１０３号,比内田代線,5204,0,3.9,,,,,,,,42.7,40.9,6.5,50
5601020050,大館鷹巣線,大館市・北秋田市境,,5213,0,1.6,,,,,,,,,,3,50
5601020064,大館鷹巣線,,大館鷹巣線,5213,0,3.3,,4493,,4610,9103,1.23,0.89,36.1,36.1,13.5,50
5601020100,大館鷹巣線,大館鷹巣線,大館鷹巣線,5213,0,0.4,,4493,,4610,9103,1.23,1.94,53.5,52.9,7,50
5601020070,大館鷹巣線,大館鷹巣線,一般国道１０５号,5213,0,2.3,,4493,,4610,9103,1.23,0.89,36.1,22,13.5,50
5601020080,大館鷹巣線,一般国道１０５号,鷹巣川井堂川線,5213,0,1.4,,4493,,4610,9103,1.23,0.89,22.6,21.6,13.5,50
5601040010,男鹿昭和飯田川線,一般国道１０１号,船越停車場線,5206,0,0.4,,2010,,2288,4298,1.22,0.4,18.2,20.3,7,50
5601040020,男鹿昭和飯田川線,船越停車場線,男鹿市・潟上市境,5206,0,1.4,,2010,,2288,4298,1.22,0.4,30.6,28.4,7,50
5601040030,男鹿昭和飯田川線,男鹿市・潟上市境,二田停車場線,5211,0,3.5,,2010,,2288,4298,1.22,0.53,29.1,30.5,6,50
5601040040,男鹿昭和飯田川線,二田停車場線,一般国道１０１号,5211,0,3.3,,2010,,2288,4298,1.22,0.53,41.1,39.5,6,50
5601040060,男鹿昭和飯田川線,一般国道１０１号,秋田昭和飯田川線,5211,0,0.6,,3664,,3861,7525,1.23,0.72,20.6,15.8,6.5,50
5601040070,男鹿昭和飯田川線,秋田昭和飯田川線,古井内大久保停車場線,5211,0,1.2,,3664,,3861,7525,1.23,0.72,28.3,31.1,6.5,50
5601040080,男鹿昭和飯田川線,古井内大久保停車場線,秋田昭和飯田川線,5211,0,1.8,,3664,,3861,7525,1.23,0.72,34.9,36.6,6.5,50
5601040090,男鹿昭和飯田川線,秋田昭和飯田川線,一般国道７号,5211,0,2.1,,3664,,3861,7525,1.23,0.72,32.2,34.8,6.5,50
5601080010,川連増田平鹿線,一般国道３９８号,湯沢市・横手市境,5207,0,4.3,湯沢市駒形町大門字大道反,2321,湯沢市駒形町大門字大道反,2283,4604,1.22,0.66,43.6,43.1,10,50
5601080020,川連増田平鹿線,湯沢市・横手市境,一般国道３４２号,5203,0,1.6,湯沢市駒形町大門字大道反,2321,湯沢市駒形町大門字大道反,2283,4604,1.22,0.67,29.5,32.4,7,50
5601080030,川連増田平鹿線,一般国道３４２号,一般国道１３号,5203,0,5.1,,817,,754,1571,1.19,0.25,27.3,29.5,7,50
5601110010,桂瀬笹館線,一般国道１０５号,桂瀬停車場線,5213,0,0.9,,38,,38,76,1.1,0.02,22.3,40.6,6,50
5601110020,桂瀬笹館線,桂瀬停車場線,揚の下岩脇線,5213,0,3.6,,38,,38,76,1.1,0.02,33.8,37.4,6,50
5601110030,桂瀬笹館線,揚の下岩脇線,,5213,0,11,,38,,38,76,1.1,0.02,27.3,27.3,6,50
5601110060,桂瀬笹館線,北秋田市・大館市境,,5204,0,1.3,,,,,,,,,,5,50
5601110080,桂瀬笹館線,,一般国道２８５号,5204,0,7.8,,,,,,,,35.4,35.4,5,50
5601120100,久保秋田線,,北の又井川線,5366,0,0.6,,,,,,,,,,8,50
5601120110,久保秋田線,北の又井川線,,5366,0,0.3,,,,,,,,49,49,6,50
5601120120,久保秋田線,,,5366,0,1.7,,32,,33,65,1.1,0.14,25.1,30.6,5,50
5601120140,久保秋田線,,,5366,0,3.7,,,,,,,,,,5,50
5601120160,久保秋田線,,古井内大久保停車場線,5211,0,1.7,,514,,594,1108,1.16,0,28,28,5,50
5601120170,久保秋田線,古井内大久保停車場線,潟上市・秋田市境,5211,0,2.1,,514,,594,1108,1.16,1.2,29.3,29.3,5,50
5601120180,久保秋田線,潟上市・秋田市境,,5201,0,1.7,,514,,594,1108,1.16,1.2,12,12,5,50
5601120190,久保秋田線,,秋田昭和線,5201,0,3.4,,2896,,3248,6144,1.23,1,44.4,40.9,10,50
5601120200,久保秋田線,秋田昭和線,一般国道７号,5201,0,4.4,秋田市下新城笠岡字堰場,1694,秋田市下新城笠岡字堰場,1806,3500,1.22,0.54,31.1,32.2,10,50
5601130010,淀川北野目線,一般国道３４１号,強首峰吉川線,5212,0,2.9,,1208,,1253,2461,1.23,0.27,53.6,57.8,8,50
5601130020,淀川北野目線,強首峰吉川線,本荘西仙北角館線,5212,0,7.8,,1208,,1253,2461,1.23,0.27,54.7,55.2,8,50
5601160100,川西六郷線,湯沢雄物川大曲線,,5212,0,0.2,,836,,865,1701,1.19,0.18,16.5,19.5,11,40
5601160010,川西六郷線,,大仙市・美郷町境,5212,0,2.2,,836,,865,1701,1.19,0.22,43.6,43.5,6,50
5601160020,川西六郷線,大仙市・美郷町境,熊堂六郷線,5434,0,0.6,,836,,865,1701,1.19,0.2,43.9,42.6,7,50
5601160030,川西六郷線,熊堂六郷線,一般国道１３号,5434,0,2.2,,836,,865,1701,1.19,0.2,45.4,39.2,7,50
5601170010,野崎十文字線,湯沢雄物川大曲線,耳取後三年停車場線,5203,0,2.9,横手市大雄字大森道北,1882,横手市大雄字大森道北,1950,3832,1.22,0.53,50.5,46.9,7,50
5601170020,野崎十文字線,耳取後三年停車場線,横手大森大内線,5203,0,1.1,横手市大雄字大森道北,1882,横手市大雄字大森道北,1950,3832,1.22,0.51,50.9,46.5,7,50
5601170030,野崎十文字線,横手大森大内線,横手東由利線,5203,0,4.3,,2065,,2016,4081,1.22,0.54,38.5,39.3,7,50
5601170039,野崎十文字線,横手東由利線,,5203,0,2,,2847,,3149,5996,1.23,0.81,49.8,50.5,7,50
5601170080,野崎十文字線,,一般国道１０７号,5203,0,1.7,,2847,,3149,5996,1.23,0.75,47.5,47.3,10.5,60
5601170200,野崎十文字線,一般国道１０７号,浅舞醍醐線,5203,0,0.8,,2847,,3149,5996,1.23,0.87,18,28.5,16,50
5601170060,野崎十文字線,浅舞醍醐線,一般国道１３号,5203,0,4.8,,2847,,3149,5996,1.23,0.76,42.1,38.3,12,50
5601210010,入道崎八望台北浦線,入道崎寒風山線,入道崎寒風山線,5206,0,12,,76,,63,139,1.11,0.03,32.1,30.5,6.5,50
5601230010,出戸浜停車場出戸浜線,,秋田天王線,5211,0,1,,1798,,1782,3580,1.21,0.54,30.7,21.2,9,50
5601240010,高岡追分線,秋田昭和線,一般国道７号,5201,0,3.2,秋田市金足小泉潟字潟向,2625,秋田市金足小泉潟字潟向,2701,5326,1.23,1.65,34,28.5,5,50
5601260010,秋田操車場線,,秋田天王線,5201,0,0.8,秋田市泉北一丁目,6653,秋田市泉北一丁目,5954,12607,1.24,0.24,23.4,15.3,30.1,50
5601270010,駒ケ岳線,一般国道３４１号,西山生保内線,5215,0,6.5,田沢湖町生保内下高野,970,田沢湖町生保内下高野,976,1946,1.22,0.37,45.6,47.1,4,50
5601270020,駒ケ岳線,西山生保内線,,5215,0,7.1,田沢湖町生保内下高野,970,田沢湖町生保内下高野,976,1946,1.22,0.37,31.6,37.6,4,50
5601280010,田代平大清水線,一般国道４５４号,一般国道１０４号,5209,0,9.1,鹿角市十和田大湯字田代平,282,鹿角市十和田大湯字田代平,288,570,1.12,0.16,56.3,60.5,8,50
5601290010,杉沢上小阿仁線,一般国道２８５号,上小阿仁村・五城目町境,5327,0,19.5,秋田県北秋田郡上小阿仁村南沢字餌刺岱,50,秋田県北秋田郡上小阿仁村南沢字餌刺岱,55,105,1.13,0.14,56.5,56.5,5,50
5601290020,杉沢上小阿仁線,上小阿仁村・五城目町境,秋田八郎潟線,5361,0,8.8,秋田県北秋田郡上小阿仁村南沢字餌刺岱,50,秋田県北秋田郡上小阿仁村南沢字餌刺岱,55,105,1.13,0.57,56.5,56.5,4,50
5601310010,鳥海公園小滝線,鳥海公園吹浦線,,5214,0,16.7,,29,,32,61,1.07,0.02,41.7,33.7,7,50
5601310020,鳥海公園小滝線,,象潟矢島線,5214,0,1.1,,193,,234,427,1.12,0.07,45.6,45.4,8.7,50
5601350010,扇田停車場線,,比内田代線,5204,0,0.2,,1798,,1782,3580,1.21,0.49,19.4,12.2,7,50
5601360010,大滝温泉停車場線,,,5204,0,0.3,,32,,33,65,1.1,0.02,8.9,11.3,6,50
5601430010,石川向能代線,,常盤峰浜線,5349,0,2.2,,370,,1197,1567,1.19,0.25,45.6,43.8,8,50
5601430020,石川向能代線,常盤峰浜線,富根能代線,5202,0,5.4,,370,,1197,1567,1.19,0.26,38.6,25,8,50
5601430030,石川向能代線,富根能代線,富根能代線,5202,0,0.6,,3134,,3089,6223,1.23,0.75,29.3,19.9,13.5,50
5601430040,石川向能代線,富根能代線,一般国道１０１号,5202,0,1.3,,3134,,3089,6223,1.23,0.54,26.7,23.3,16.5,50
5601460010,桂瀬停車場線,,桂瀬笹館線,5213,0,0.2,,32,,33,65,1.1,0.69,14.7,14.7,4,50
5601490010,土渕杉山田線,一般国道３４１号,本荘西仙北角館線,5212,0,5.5,,596,,614,1210,1.17,0.16,62,59.8,13,50
5601500010,東能代停車場線,,一般国道７号,5202,0,0.6,,1877,,1856,3733,1.21,0.21,12.9,9.2,22,50
5601540010,椿台小入川線,一般国道１０１号,一般国道１０１号,5349,0,4,,392,,374,766,1.14,0.11,27,26.3,6,50
5601570010,追分停車場線,,一般国道７号,5201,0,0.2,,1877,,1856,3733,1.21,0.59,12.5,4.4,7.5,50
5601580010,二田停車場線,,男鹿昭和飯田川線,5211,0,0.4,,1798,,1782,3580,1.21,0.61,15.8,14.4,7,50
5601590010,船越停車場線,,男鹿昭和飯田川線,5206,0,0.2,,1877,,1856,3733,1.21,0.55,23.9,11.2,16,50
5601600010,男鹿停車場線,,男鹿半島線,5206,0,0.1,,1877,,1856,3733,1.21,0.44,19.4,10.2,18,50
5601610010,土崎停車場線,,一般国道７号,5201,0,0.5,,1910,,1889,3799,1.21,0.37,14.7,9.7,18,50
5601620010,羽後牛島停車場線,,一般国道１３号,5201,0,0.2,,1910,,1889,3799,1.21,0.54,14.1,19.2,6,50
5601620020,羽後牛島停車場線,一般国道１３号,,5201,0,0.2,,1910,,1889,3799,1.21,0.54,20.4,16.5,6,50
5601640010,二井山大森線,横手東由利線,横手大森大内線,5203,0,4,,1051,,1027,2078,1.22,0.26,61.8,63.6,12,50
5601650010,羽後本荘停車場線,,一般国道１０５号,5210,0,1.8,,1910,,1889,3799,1.21,0.53,14.1,15.3,10,50
5601660010,仁賀保停車場線,,一般国道７号,5214,0,1,,1877,,1856,3733,1.21,0.55,26.1,19.1,15,50
5601680010,象潟停車場線,,一般国道７号,5214,0,0.1,,1910,,1889,3799,1.21,0.56,6.5,6,16,50
5601710010,前郷停車場線,一般国道１０８号,西滝沢館線,5210,0,0.9,,2253,,2304,4557,1.22,0.74,32.7,29.6,6.5,50
5601710020,前郷停車場線,西滝沢館線,,5210,0,0.4,,2253,,2304,4557,1.22,0.74,10.5,17.5,6.5,50
5601750010,和田停車場線,,一般国道１３号,5201,0,0.4,,526,,605,1131,1.16,0.18,8.4,7.9,6.5,50
5601760010,羽後境停車場線,,一般国道１３号,5212,0,1.1,,1798,,1782,3580,1.21,0.49,33.1,18.7,9.2,50
5601780010,刈和野停車場線,本荘西仙北角館線,,5212,0,0.6,,564,,653,1217,1.17,0.14,12.4,19.7,8,50
5601790010,神宮寺停車場線,,神岡南外東由利線,5212,0,0.2,,564,,653,1217,1.17,0.16,11.8,16,8.5,50
5601810010,神代停車場線,,一般国道４６号,5215,0,0.3,,526,,605,1131,1.16,0.17,12.4,12.5,6,50
5601850010,湯沢停車場線,,一般国道１３号,5207,0,0.1,,1910,,1889,3799,1.21,0.51,12.8,6.1,16,50
5601850020,湯沢停車場線,一般国道１３号,西松沢杉沢線,5207,0,0.3,,1910,,1889,3799,1.21,0.51,9.7,14.9,16,50
5601860010,三関停車場線,,一般国道１３号,5207,0,0.3,,32,,33,65,1.1,0.14,13.4,5.6,5,50
5601910010,根瀬尾去沢線,一般国道３４１号,比内大葛鹿角線,5209,0,9.5,,184,,217,401,1.12,0.08,42.4,42.4,6.5,50
5601910020,根瀬尾去沢線,比内大葛鹿角線,十二所花輪大湯線,5209,0,4.1,,1106,,1229,2335,1.22,0.3,41.1,43.4,6.5,50
5601920010,釈迦内花岡白沢線,一般国道７号,白沢田代線,5204,0,3.7,秋田県大館市松峰字峰南,3451,秋田県大館市松峰字峰南,3287,6738,1.22,0.97,27.2,32.6,12,50
5601940010,西山生保内線,,,5215,0,1.5,,,,,,,,,,7,50
5601940030,西山生保内線,,駒ケ岳線,5215,0,6.4,,1482,,1453,2935,1.22,0.4,35.4,34.9,7,50
5601950010,田山花輪線,田山花輪線,十二所花輪大湯線,5209,0,12.5,,40,,45,85,1.09,0.71,35.6,35.6,4,50
5601950020,田山花輪線,十二所花輪大湯線,一般国道２８２号,5209,0,0.2,,40,,45,85,1.09,0.71,13.8,11,4,50
5601960010,坊沢鷹巣線,一般国道７号,鷹巣川井堂川線,5213,0,3,,336,,338,674,1.14,0.08,38.1,26.8,7,50
5601970005,木戸石鷹巣線,二ツ井森吉線,一般国道７号（鷹巣西道路）,5213,0,5,,835,,900,1735,1.19,0.23,52.4,51.5,9.7,50
5601970010,木戸石鷹巣線,一般国道７号（鷹巣西道路）,大館能代空港西線,5213,0,0.3,,835,,900,1735,1.19,0.23,31.3,26.7,9.7,50
5601980010,揚の下岩脇線,桂瀬笹館線,一般国道１０５号,5213,0,9.5,,131,,150,281,1.12,0.06,38.3,44.2,6.5,50
5602000010,矢坂糠沢線,西目屋二ツ井線,藤里町・北秋田市境,5346,0,9.2,,33,,35,68,1.1,0.02,36,36,7,50
5602000050,矢坂糠沢線,,一般国道７号,5213,0,12.4,,151,,163,314,1.15,0.09,30.7,30.7,4,50
5602020010,小滝二ツ井線,,一般国道７号,5202,0,12.7,,856,,898,1754,1.19,2.08,45.5,45.5,4,50
5602030010,高屋敷茶屋下線,,仙ノ台桧山線,5202,0,7.1,,799,,844,1643,1.19,0.2,41.4,41.4,8.5,50
5602030020,高屋敷茶屋下線,仙ノ台桧山線,西目屋二ツ井線,5202,0,9,,799,,844,1643,1.19,0.2,35.4,35.5,8.5,50
5602030030,高屋敷茶屋下線,西目屋二ツ井線,一般国道７号,5202,0,1.7,,799,,844,1643,1.19,0.2,18.5,33,8.5,50
5602050010,富根能代線,一般国道７号,山谷富根停車場線,5202,0,0.5,,1290,,1238,2528,1.22,0.33,27.1,29.7,6.5,50
5602050020,富根能代線,山谷富根停車場線,能代二ツ井線,5202,0,0.8,,1290,,1238,2528,1.22,0.33,35.6,36.5,6.5,50
5602050034,富根能代線,常盤峰浜線,富根能代線,5202,0,1,能代市朴瀬大中島,2327,能代市朴瀬大中島,2258,4585,1.22,0.68,42.6,51.6,9.5,50
5602050070,富根能代線,富根能代線,富根能代線,5202,0,1.8,能代市朴瀬大中島,2327,能代市朴瀬大中島,2258,4585,1.22,1.7,61.3,60.5,9.5,50
5602050040,富根能代線,富根能代線,石川向能代線,5202,0,1,能代市朴瀬大中島,2327,能代市朴瀬大中島,2258,4585,1.22,0.68,49,44.3,9.5,50
5602050060,富根能代線,石川向能代線,一般国道７号,5202,0,3.5,,7665,,7588,15253,1.25,1.35,23.5,21.5,18,50
5602060010,山谷富根停車場線,,能代二ツ井線,5202,0,4.4,,526,,605,1131,1.16,0.14,55.6,55.6,8.5,50
5602060030,山谷富根停車場線,富根能代線,,5202,0,0.3,,526,,605,1131,1.16,0.15,6.2,4.3,7,50
5602090010,塙川能代線,町道(旧　常盤峰浜線）,八峰町・能代市境,5349,0,1,,527,,532,1059,1.16,0.15,39.2,41.1,9.5,50
5602090020,塙川能代線,八峰町・能代市境,,5202,0,3.7,,527,,532,1059,1.16,0.15,51.5,49.7,9,50
5602090030,塙川能代線,,一般国道１０１号（須田バイパス）,5202,0,0.1,,527,,532,1059,1.16,0.15,19.7,13.4,9,50
5602100010,金光寺能代線,能代五城目線,金光寺鵜川線,5348,0,0.4,山本郡三種町外岡黒瀬,1909,山本郡三種町外岡黒瀬,1975,3884,1.22,0.48,29.5,45.9,8,50
5602100020,金光寺能代線,金光寺鵜川線,三種町・能代市境,5348,0,4.7,山本郡三種町外岡黒瀬,1909,山本郡三種町外岡黒瀬,1975,3884,1.22,0.48,45.1,49.7,8,50
5602100030,金光寺能代線,三種町・能代市境,,5202,0,1.2,山本郡三種町外岡黒瀬,1909,山本郡三種町外岡黒瀬,1975,3884,1.22,0.47,53.3,49.6,11,50
5602100040,金光寺能代線,,,5202,0,2.8,,,,,,,,41.6,48.9,6,50
5602100050,金光寺能代線,,,5202,0,0.6,,,,,,,,23,27.3,6,50
5602100060,金光寺能代線,,一般国道７号,5202,0,0.2,,,,,,,,23.9,7.7,6,50
5602110010,金光寺鵜川線,金光寺能代線,森岳鵜川線,5348,0,6,,178,,187,365,1.13,0.04,41.5,41.5,10,50
5602110020,金光寺鵜川線,森岳鵜川線,一般国道７号,5348,0,1.1,,178,,187,365,1.13,0.04,22.7,17,10,50
5602120010,森岳鵜川線,一般国道７号,金光寺鵜川線,5348,0,1.1,,1243,,1203,2446,1.23,0.3,34.4,47.4,8.5,50
5602120020,森岳鵜川線,金光寺鵜川線,,5348,0,4.6,,1243,,1203,2446,1.23,0.3,45,44.9,8.5,50
5602120030,森岳鵜川線,,能代五城目線,5348,0,0.2,,566,,522,1088,1.16,0.17,17.3,13.9,8.5,50
5602140010,福館阿仁前田線,一般国道２８５号,上小阿仁村・北秋田市境,5327,0,7.5,,636,,652,1288,1.17,0.23,59.8,63.5,8.5,50
5602140020,福館阿仁前田線,上小阿仁村・北秋田市境,一般国道１０５号,5213,0,3.2,,636,,652,1288,1.17,8.16,55.9,58.4,4,50
5602150010,屋布沖田面線,,一般国道２８５号,5327,0,10,,262,,272,534,1.12,0.06,32.7,32.7,12,50
5602170010,森岳鹿渡線,能代五城目線,一般国道７号,5348,0,4.2,,1259,,1255,2514,1.22,0.49,53.3,52.9,6,50
5602190010,三倉鼻五城目線,一般国道７号,道村大川線,5363,0,3.3,,1952,,2024,3976,1.22,0.39,32.4,28.7,7,50
5602190020,三倉鼻五城目線,道村大川線,八郎潟町・五城目町境,5363,0,1.1,,1952,,2024,3976,1.22,0.39,24.7,23.2,7,50
5602190030,三倉鼻五城目線,八郎潟町・五城目町境,一般国道７号,5361,0,1.1,,1952,,2024,3976,1.22,0.43,32.9,23.3,6.5,50
5602200010,真坂五城目線,一般国道７号,八郎潟町・五城目町境,5363,0,1.5,,322,,292,614,1.13,0.1,34.8,41.9,7,50
5602200020,真坂五城目線,八郎潟町・五城目町境,一般国道２８５号,5361,0,3.1,,322,,292,614,1.13,0.09,49.8,29.3,8,50
5602260010,脇本脇本停車場線,,男鹿半島線,5206,0,0.4,,1798,,1782,3580,1.21,0.55,21.2,28,7,50
5602260030,脇本脇本停車場線,男鹿半島線,,5206,0,0.3,,1798,,1782,3580,1.21,0,30,30,7,50
5602280020,北の又井川線,五城目町・井川町境,,5366,0,2.6,,,,,,,,,,7,50
5602280040,北の又井川線,,久保秋田線,5366,0,9,,99,,110,209,1.11,0.04,37.6,26.9,8,60
5602280500,北の又井川線,久保秋田線,,5366,0,0.4,,672,,827,1499,1.18,0.23,55.4,52.4,7,50
5602280060,北の又井川線,,一般国道２８５号,5366,0,2.3,,672,,827,1499,1.18,0.22,29.3,31.2,7,50
5602280070,北の又井川線,一般国道２８５号,一般国道７号,5366,0,2.9,,672,,827,1499,1.18,0.22,24.3,23.7,7,50
5602290010,古井内大久保停車場線,,久保秋田線,5211,0,1.4,,674,,717,1391,1.17,0.2,43.8,43.8,9,50
5602290020,古井内大久保停車場線,久保秋田線,一般国道７号,5211,0,4.6,,674,,717,1391,1.17,0.2,35.7,28.5,9,50
5602290030,古井内大久保停車場線,一般国道７号,男鹿昭和飯田川線,5211,0,1.1,,674,,717,1391,1.17,0.2,26.4,17.3,9,50
5602290040,古井内大久保停車場線,男鹿昭和飯田川線,,5211,0,0.1,,674,,717,1391,1.17,0.2,3.1,7.7,9,50
5602310010,上新城土崎港線,,秋田昭和線,5201,0,1.5,,526,,605,1131,1.16,0.27,33.6,22.7,8,50
5602310020,上新城土崎港線,秋田昭和線,市道（旧秋田昭和線）,5201,0,3.5,秋田市土崎港北三丁目,5603,秋田市土崎港北三丁目,5189,10792,1.24,0.85,30.1,30.4,7,50
5602310030,上新城土崎港線,市道（旧秋田昭和線）,一般国道７号,5201,0,1.6,秋田市土崎港北三丁目,5603,秋田市土崎港北三丁目,5189,10792,1.24,0.85,16.6,14.6,7,50
5602320010,太平山八田線,,秋田岩見船岡線,5201,0,6.8,,561,,558,1119,1.16,0.25,30.7,34.3,16,40
5602330500,土崎港秋田線,秋田北インター線,,5201,0,0.3,秋田市泉三嶽根,7518,秋田市泉三嶽根,6965,14483,1.24,1.09,13.8,20.7,12,50
5602330020,土崎港秋田線,,秋田停車場線,5201,0,4.8,秋田市泉三嶽根,7518,秋田市泉三嶽根,6965,14483,1.24,1.09,20.1,20.8,12,50
5602400010,川添下浜停車場線,寺内新屋雄和線,一般国道７号,5201,0,9,,287,,267,554,1.12,0.08,54.8,55.3,7,50
5602440010,強首峰吉川線,淀川北野目線,一般国道１３号,5212,0,3.5,,470,,466,936,1.14,0.12,41.3,39.9,7,50
5602470010,相内潟潟野線,田沢湖西木線,田沢湖畔線,5215,0,5.1,,470,,544,1014,1.16,4.8,47.9,45.8,4,50
5602480010,春山田沢線,田沢湖西木線,一般国道３４１号,5215,0,3.4,,81,,74,155,1.12,0.04,25.4,20.7,5,50
5602500010,日三市角館線,,一般国道４６号（角館バイパス）,5215,0,7.3,,1436,,1557,2993,1.22,0.36,30.9,30.9,8,50
5602500020,日三市角館線,一般国道４６号（角館バイパス）,一般国道３４１号,5215,0,0.7,,1436,,1557,2993,1.22,0.36,42.9,36.5,8,50
5602500030,日三市角館線,一般国道３４１号,広久内角館停車場線,5215,0,1.8,,1436,,1557,2993,1.22,0.36,19.9,21.9,8,50
5602520010,水沢西仙北線,一般国道４６号,一般国道１３号,5212,0,9.2,,602,,652,1254,1.17,0.18,54.4,54,6,50
5602520020,水沢西仙北線,一般国道１３号,本荘西仙北角館線,5212,0,0.1,,602,,652,1254,1.17,0.18,8.6,24.3,6,50
5602530010,角館長野線,一般国道４６号,本荘西仙北角館線,5215,0,4,,289,,268,557,1.12,0.07,39.1,38.4,10,50
5602530030,角館長野線,本荘西仙北角館線,仙北市・大仙市境,5215,0,1.9,,526,,605,1131,1.16,0.15,43.7,56,7,50
5602530040,角館長野線,仙北市・大仙市境,長信田羽後長野停車場線,5212,0,1.4,,526,,605,1131,1.16,0.16,38.9,38.3,6.5,50
5602530050,角館長野線,長信田羽後長野停車場線,土川中仙線,5212,0,1.4,,526,,605,1131,1.16,0.16,24,21.7,6.5,50
5602540010,土川神岡線,本荘西仙北角館線,土川神岡線,5212,0,5.1,,680,,602,1282,1.17,0.14,51.3,50.6,12,50
5400670030,土川神岡線,土川神岡線,一般国道１３号,5212,0,0.1,,1472,,1477,2949,1.22,0.47,11.1,10.2,12,50
5602560010,土川中仙線,本荘西仙北角館線,角館長野線,5212,0,5.1,,768,,715,1483,1.18,0.19,52,47.7,11.5,50
5602560020,土川中仙線,角館長野線,一般国道１０５号,5212,0,0.2,,768,,715,1483,1.18,0.19,25.4,11.6,11.5,50
5602570010,広久内角館停車場線,大曲田沢湖線,一般国道１０５号,5215,0,4.4,,2452,,2867,5319,1.23,0.53,51.4,46.2,9,50
5602570020,広久内角館停車場線,一般国道１０５号,日三市角館線,5215,0,0.9,,2452,,2867,5319,1.23,0.53,17.3,20.2,9,50
5602570030,広久内角館停車場線,日三市角館線,,5215,0,0.1,,1526,,1657,3183,1.22,0.46,6.8,12.2,9,50
5602580010,白岩角館線,大曲田沢湖線,仙北市・大仙市境,5215,0,0.9,仙北市角館町薗田字大久保,922,仙北市角館町薗田字大久保,956,1878,1.19,0.21,26.9,46.6,9.2,50
5602580020,白岩角館線,仙北市・大仙市境,大仙市・仙北市境,5212,0,0.4,仙北市角館町薗田字大久保,922,仙北市角館町薗田字大久保,956,1878,1.19,0.24,57.6,40.7,9.2,50
5602580030,白岩角館線,大仙市・仙北市境,一般国道１０５号,5215,0,3.1,仙北市角館町薗田字大久保,922,仙北市角館町薗田字大久保,956,1878,1.19,0.18,44.2,36.9,9,50
5602590010,長信田羽後長野停車場線,大曲田沢湖線,角館六郷線,5212,0,3.4,,361,,421,782,1.14,0.09,47.1,45.9,9,50
5602590020,長信田羽後長野停車場線,角館六郷線,豊岡長野線,5212,0,4.6,,361,,421,782,1.14,0.09,39,33.3,9,50
5602590030,長信田羽後長野停車場線,豊岡長野線,一般国道１０５号,5212,0,0.3,,361,,421,782,1.14,0.09,23.3,24.7,9,50
5602590040,長信田羽後長野停車場線,一般国道１０５号,角館長野線,5212,0,0.2,,361,,421,782,1.14,0.09,36.5,32.2,9,50
5602610010,国見大曲線,角館六郷線,一般国道１０５号,5212,0,7.9,,326,,371,697,1.14,0.08,40.9,29.7,12,50
5602630010,熊堂六郷線,耳取後三年停車場線,川西六郷線,5434,0,5.8,,620,,682,1302,1.17,0.17,43.1,44.8,8.5,60
5602650100,湯の又前田線,神岡南外東由利線,,5212,0,0.3,,,,,,,,59.6,46.2,8,50
5602650010,湯の又前田線,,大仙市・横手市境,5212,0,4.1,大仙市南外滝中田表,159,大仙市南外滝中田表,162,321,1.12,0.06,53.4,50.3,6,50
5602650020,湯の又前田線,大仙市・横手市境,横手大森大内線,5203,0,3.2,大仙市南外滝中田表,159,大仙市南外滝中田表,162,321,1.12,0.05,47.3,29.9,10,50
5602660010,耳取後三年停車場線,野崎十文字線,大曲横手線,5203,0,2.7,横手市大雄字佐加里南,788,横手市大雄字佐加里南,810,1598,1.16,0.3,48.5,45.1,5.6,50
5602660020,耳取後三年停車場線,大曲横手線,横手市・美郷町境,5203,0,0.3,横手市大雄字佐加里南,788,横手市大雄字佐加里南,810,1598,1.16,0.3,23.1,36.4,5.6,50
5602660030,耳取後三年停車場線,横手市・美郷町境,熊堂六郷線,5434,0,0.2,横手市大雄字佐加里南,788,横手市大雄字佐加里南,810,1598,1.16,0.22,45,40,8,50
5602660040,耳取後三年停車場線,熊堂六郷線,金沢吉田柳田線,5434,0,2.1,横手市大雄字佐加里南,788,横手市大雄字佐加里南,810,1598,1.16,0.22,38.5,38.7,8,50
5602660050,耳取後三年停車場線,金沢吉田柳田線,金沢吉田柳田線,5434,0,0.1,横手市大雄字佐加里南,788,横手市大雄字佐加里南,810,1598,1.16,0.22,10.1,9.3,8,50
5602670010,金沢吉田柳田線,一般国道１３号,耳取後三年停車場線,5434,0,4.1,仙北郡美郷町飯詰東川原,388,仙北郡美郷町飯詰東川原,378,766,1.12,0.09,35.2,31.2,10,50
5602670030,金沢吉田柳田線,耳取後三年停車場線,美郷町・横手市境,5434,0,0.1,,396,,351,747,1.14,0.09,29,31.1,11,50
5602670040,金沢吉田柳田線,美郷町・横手市境,横手市・美郷町境,5203,0,1,,396,,351,747,1.14,0.09,40,47.6,8,50
5602670050,金沢吉田柳田線,横手市・美郷町境,美郷町・横手市境,5434,0,0.3,,396,,351,747,1.14,0.12,52.6,52.6,7.5,50
5602670060,金沢吉田柳田線,美郷町・横手市境,大曲横手線,5203,0,0.7,,396,,351,747,1.14,0.09,42.3,36.6,12,50
5602670069,金沢吉田柳田線,大曲横手線,横手大森大内線,5203,0,2.8,,396,,351,747,1.14,0.09,49.7,45.2,12,50
5602670070,金沢吉田柳田線,横手大森大内線,,5203,0,0.2,,396,,351,747,1.14,0.09,11.7,20.4,12,50
5602670080,金沢吉田柳田線,,横手東由利線,5203,0,3,,396,,351,747,1.14,0.09,44,38.6,12,50
5602670090,金沢吉田柳田線,横手東由利線,一般国道１０７号,5203,0,1.2,,784,,814,1598,1.19,0.21,38,33.4,11,50
5602670100,金沢吉田柳田線,一般国道１０７号,一般国道１３号,5203,0,3.9,,784,,814,1598,1.19,0.21,42.4,36.4,11,50
5602700010,浅舞醍醐線,野崎十文字線,一般国道１３号,5203,0,4.1,,523,,505,1028,1.16,0.15,34.3,33.8,8.5,50
5602710010,植田平鹿線,湯沢雄物川大曲線,一般国道１０７号,5203,0,5.3,,2466,,2516,4982,1.23,1.36,39.7,39.9,9.2,50
5602720004,御所野安田線,一般国道１３号,御所野安田線,5203,0,2.8,,3771,,3733,7504,1.23,5.12,29.7,36.3,5,50
5602720030,御所野安田線,御所野安田線,御所野安田線,5203,0,0.5,,3771,,3733,7504,1.23,5.12,25,32.1,5,50
5602720010,御所野安田線,御所野安田線,,5203,0,0.9,,3771,,3733,7504,1.23,5.12,29.9,26.2,5,50
5602720020,御所野安田線,,一般国道１０７号,5203,0,1.7,横手市羽黒町,3500,横手市羽黒町,3475,6975,1.23,5.51,24.5,29,5,50
5602730010,外山落合線,,一般国道１０７号,5203,0,8.5,,113,,110,223,1.11,0.04,39.7,32.5,7,50
5602740010,中村上吉野線,,一般国道３４２号,5203,0,5.6,,475,,513,988,1.15,0.18,57.7,58.7,6,50
5602750010,鴻屋梺線,一般国道３９８号,十文字羽後鳥海線,5463,0,12.1,,106,,122,228,1.11,0.04,38.3,38.1,8.5,50
5602760010,下開清水線,十文字羽後鳥海線,一般国道３９８号,5463,0,5,,1851,,1890,3741,1.21,0.64,35.2,38.7,6,50
5602770010,西松沢杉沢線,一般国道１３号,湯沢停車場線,5207,0,1.7,,2466,,2136,4602,1.22,12.96,25.6,25.1,3.5,50
5602770020,西松沢杉沢線,湯沢停車場線,一般国道３９８号,5207,0,0.6,,2466,,2136,4602,1.22,12.96,21.4,16.4,3.5,50
5602770030,西松沢杉沢線,一般国道３９８号,一般国道１３号,5207,0,0.8,,2466,,2136,4602,1.22,12.96,19.4,29.6,3.5,50
5602780010,雄勝湯沢線,一般国道１３号,,5207,0,3.2,,29,,32,61,1.07,0.54,31.3,31.3,4,50
5602780030,雄勝湯沢線,,,5207,0,6.6,,,,,,,,,,4,50
5602780050,雄勝湯沢線,,羽後雄勝線,5207,0,7,,4643,,4540,9183,1.23,27.35,39.6,39.6,3,50
5602780060,雄勝湯沢線,羽後雄勝線,一般国道１３号,5207,0,2.3,,4643,,4540,9183,1.23,27.35,27.3,25.3,3,50
5602790010,稲庭関口線,稲庭高松線,稲庭関口線,5207,0,3,,91,,88,179,1.13,0.07,58.2,53.3,7,50
5602790030,稲庭関口線,,,5207,0,4.8,,,,,,,,,,7,50
5602790050,稲庭関口線,,一般国道１３号,5207,0,3.8,,1453,,1613,3066,1.22,0.28,28.9,28.9,7,50
5602820010,仁郷大湯線,一般国道３４２号,東成瀬村・湯沢市境,5464,0,4.9,,102,,132,234,1.11,0.03,47.3,38,7,50
5602820020,仁郷大湯線,東成瀬村・湯沢市境,一般国道３９８号,5207,0,3.7,,102,,132,234,1.11,0.27,49,44.8,5,50
5602840010,楢渕横渡線,横手大森大内線,神岡南外東由利線,5210,0,12.5,,162,,140,302,1.15,0.07,36.7,36.7,7,50
5602840020,楢渕横渡線,神岡南外東由利線,一般国道１０７号,5210,0,0.1,,162,,140,302,1.15,0.07,39.2,65.7,7,50
5602850010,冬師西目線,長岡冬師城内線,仁賀保矢島館合線,5214,0,2.9,,258,,268,526,1.12,0.07,46.2,50.2,8,50
5602850020,冬師西目線,仁賀保矢島館合線,にかほ市・由利本荘市境,5214,0,2.1,,258,,268,526,1.12,0.07,47.4,48.3,8,50
5602850030,冬師西目線,にかほ市・由利本荘市境,院内孫七山線,5210,0,6.7,,258,,268,526,1.12,0.07,53.8,53.5,10,50
5602850040,冬師西目線,院内孫七山線,本荘西目線,5210,0,2.5,,258,,268,526,1.12,0.07,44.1,45.5,10,50
5602870010,南由利原鮎川線,仁賀保矢島館合線,一般国道１０８号,5210,0,12.8,,182,,182,364,1.13,0.05,42.4,42.3,11,50
5602890010,上郷仁賀保線,象潟矢島線,長岡冬師城内線,5214,0,1.2,,298,,344,642,1.13,0.11,48.7,58.1,12,50
5602890020,上郷仁賀保線,長岡冬師城内線,,5214,0,5.6,,298,,344,642,1.13,0.11,56.5,60.6,12,50
5602890030,上郷仁賀保線,,小出金浦線,5214,0,1,,1360,,1447,2807,1.22,0.36,39.6,44.5,12,50
5602890040,上郷仁賀保線,小出金浦線,仁賀保矢島館合線,5214,0,3.1,,1360,,1447,2807,1.22,0.36,51.1,56.5,12,50
5602900010,小出金浦線,上郷仁賀保線,一般国道７号,5214,0,2.6,,850,,873,1723,1.19,0.22,42.3,45.3,8.5,50
5602900020,小出金浦線,一般国道７号,一般国道７号,5214,0,2,,850,,873,1723,1.19,0.22,28.2,36.3,8.5,50
5602910010,大川端伏見線,鳥海矢島線,一般国道１０８号,5210,0,4.2,,1023,,1013,2036,1.22,0.28,47.4,49.7,11,50
5602930010,西滝沢館線,一般国道１０８号,前郷停車場線,5210,0,4,,230,,234,464,1.12,0.51,17.8,26.3,5,50
5602930020,西滝沢館線,前郷停車場線,一般国道１０７号,5210,0,4.8,,374,,421,795,1.14,0.84,29.7,27.9,5,50
5602940010,仙ノ台桧山線,高屋敷茶屋下線,濁川上岩川線,5202,0,3.4,,60,,70,130,1.11,0.87,29.1,30.4,4,50
5602940020,仙ノ台桧山線,濁川上岩川線,能代市・三種町境,5202,0,3.4,,60,,70,130,1.11,0.87,32.2,32.2,4,50
5602940030,仙ノ台桧山線,能代市・三種町境,三種町・能代市境,5348,0,0.6,,60,,70,130,1.11,0.87,32.2,32.2,4,50
5602940040,仙ノ台桧山線,三種町・能代市境,,5202,0,10.5,,60,,70,130,1.11,0.03,32.2,32.2,11,50
5602940050,仙ノ台桧山線,,能代五城目線,5202,0,0.8,,,,,,,,38.5,38,3,50
5602960010,院内孫七山線,仁賀保矢島館合線,にかほ市・由利本荘市境,5214,0,1,,318,,315,633,1.13,0.14,22.4,22.4,7,50
5602960020,院内孫七山線,にかほ市・由利本荘市境,冬師西目線,5210,0,5.9,,318,,315,633,1.13,0.15,34.2,29.3,7,50
5602980010,道村大川線,男鹿琴丘線,男鹿市・大潟村境,5206,0,0.9,,185,,185,370,1.13,0.05,41.1,46.7,7.5,50
5602980020,道村大川線,男鹿市・大潟村境,男鹿八竜線,5368,0,1.8,,185,,185,370,1.13,0.05,44.1,45.5,9,50
5602980040,道村大川線,男鹿八竜線,大潟村・八郎潟町境,5368,0,11.5,,249,,325,574,1.13,0.13,61.7,66.4,10,50
5602980050,道村大川線,大潟村・八郎潟町境,三倉鼻五城目線,5363,0,2,,249,,325,574,1.13,0.12,36.8,33.9,10.5,50
5603030010,秋田昭和飯田川線,一般国道７号,秋田市・潟上市境,5201,0,0.2,潟上市昭和乱橋家ノ下,2512,潟上市昭和乱橋家ノ下,2828,5340,1.21,0.45,10.5,31,10.5,50
5603030020,秋田昭和飯田川線,秋田市・潟上市境,男鹿昭和飯田川線,5211,0,1.4,潟上市昭和乱橋家ノ下,2512,潟上市昭和乱橋家ノ下,2828,5340,1.21,0.54,42.4,38.1,11,50
5603030040,秋田昭和飯田川線,男鹿昭和飯田川線,一般国道７号,5211,0,2.3,,1900,,2133,4033,1.22,0.34,41.5,37.1,8.7,50
5603040010,払戸琴川線,男鹿八竜線,男鹿琴丘線,5206,0,3.5,,2339,,2199,4538,1.22,0.46,44.9,47,11,50
5400540040,払戸琴川線（旧男鹿琴丘線）,男鹿琴丘線,市道（旧男鹿琴丘線）,5206,0,0.8,,357,,356,713,1.13,0.1,61.4,59.1,6,50
5603040030,払戸箱井線,市道（旧男鹿琴丘線）,,5206,0,3.8,,357,,356,713,1.13,0.09,47.1,43.3,8,50
5603040040,払戸琴川線,,一般国道１０１号,5206,0,1.8,,357,,356,713,1.13,0.09,45.7,28.9,8,50
5603050010,千畑大曲線,大曲田沢湖線,美郷町・大仙市境,5434,0,2.2,,219,,232,451,1.12,0.08,50.3,52.8,8,50
5603050020,千畑大曲線,美郷町・大仙市境,角館六郷線,5212,0,0.9,,219,,232,451,1.12,0.08,35.8,16.3,6.5,50
5603050030,千畑大曲線,角館六郷線,大曲田沢湖線,5212,0,9,,219,,232,451,1.12,0.08,33.7,38.9,6.5,50
5603060010,豊岡長野線,大曲田沢湖線,角館六郷線,5212,0,2.6,,526,,605,1131,1.16,0.16,41.7,25.8,6.5,50
5603060020,豊岡長野線,角館六郷線,長信田羽後長野停車場線,5212,0,3.5,,526,,605,1131,1.16,0.16,40.5,38.3,6.5,50
5603070010,稲庭高松線,一般国道３９８号,稲庭関口線,5207,0,0.7,,506,,486,992,1.15,0.32,35.9,44.1,9.5,50
5603070020,稲庭高松線,稲庭関口線,湯沢栗駒公園線,5207,0,7.3,,506,,486,992,1.15,0.32,56.5,57.4,9.5,50
5603080004,河辺阿仁線,一般国道１３号,河辺阿仁線,5201,0,5.6,,1881,,1707,3588,1.21,0.42,36.6,42.7,8,50
5603080090,河辺阿仁線,河辺阿仁線,河辺阿仁線,5201,0,0.5,,1881,,1707,3588,1.21,0.42,41.2,45,8,50
5603080010,河辺阿仁線,河辺阿仁線,秋田岩見船岡線,5201,0,2.1,,1881,,1707,3588,1.21,0.42,44.6,44.4,8,50
5603080030,河辺阿仁線,秋田岩見船岡線,,5201,0,7.1,,396,,374,770,1.14,0.12,37.6,49.6,6.5,50
5603080040,河辺阿仁線,,秋田市・北秋田市境,5201,0,19.8,,37,,41,78,1.09,0.24,18.9,18.9,4.8,50
5603080050,河辺阿仁線,秋田市・北秋田市境,一般国道１０５号,5213,0,12.5,,37,,41,78,1.09,0.02,18.9,18.9,8,50
5603080070,河辺阿仁線,一般国道１０５号,,5213,0,10.2,,471,,443,914,1.14,4.05,22.4,33.3,4.5,50
5603090010,比内森吉線,比内大葛鹿角線,大館市・北秋田市境,5204,0,8.5,,806,,843,1649,1.19,0.09,30,30,4.5,50
5603090020,比内森吉線,大館市・北秋田市境,一般国道１０５号,5213,0,40,,806,,843,1649,1.19,0.32,34.6,34.9,6,50
5603100010,秋の宮小安温泉線,一般国道１０８号,湯沢栗駒公園線,5207,0,18.2,,374,,310,684,1.14,0.09,27.6,28.8,8.5,50
5603110010,羽後雄勝線,一般国道３９８号,羽後町・湯沢市境,5463,0,4.4,,2469,,2901,5370,1.23,0.59,59.8,61.2,8.5,50
5603110020,羽後雄勝線,羽後町・湯沢市境,,5207,0,2,,2469,,2901,5370,1.23,0.44,39,36.6,9,50
5603110030,羽後雄勝線,,雄勝湯沢線,5207,0,0.3,,1318,,1399,2717,1.22,0.27,25.2,28.7,9,50
5603110040,羽後雄勝線,雄勝湯沢線,一般国道１３号,5207,0,5.8,,1318,,1399,2717,1.22,0.27,50.6,46.3,9,50
5603120010,長岡冬師城内線,上郷仁賀保線,冬師西目線,5214,0,11.7,,449,,382,831,1.15,0.99,48.4,43.6,5,50
5603120020,長岡冬師城内線,冬師西目線,にかほ市・由利本荘市境,5214,0,3.6,,526,,605,1131,1.16,1.17,23.7,23.7,5,50
5603120030,長岡冬師城内線,にかほ市・由利本荘市境,仁賀保矢島館合線,5210,0,2,,526,,605,1131,1.16,1.17,38.9,38.9,5,50
5603130010,雪沢十和田毛馬内線,大館十和田湖線,大館市・鹿角市境,5204,0,4.2,秋田県大館市雪沢字黒沢,101,秋田県大館市雪沢字黒沢,110,211,1.14,0.9,30.6,30.6,4,50
5603130020,雪沢十和田毛馬内線,大館市・鹿角市境,一般国道２８２号,5209,0,5.2,秋田県大館市雪沢字黒沢,101,秋田県大館市雪沢字黒沢,110,211,1.14,0.23,26.1,27.2,5,50
5603140010,濁川上岩川線,仙ノ台桧山線,能代市・三種町境,5202,0,6.6,,29,,32,61,1.07,0.8,12.8,12.8,4,50
5603140020,濁川上岩川線,能代市・三種町境,琴丘上小阿仁線,5348,0,3.3,,29,,32,61,1.07,0.04,29,29,4,50
5603150010,西仙北南外線,本荘西仙北角館線,一般国道１０５号,5212,0,13.7,,678,,801,1479,1.18,0.17,50.8,50.8,8,50
5603160010,唐松宇津野線,,秋田岩見船岡線,5212,0,13.1,,443,,455,898,1.14,0.13,46.9,46.9,8,50
5603170010,西目屋二ツ井線,西目屋二ツ井線,きみまち阪藤里峡公園線,5346,0,26.9,山本郡藤里町藤琴字滝ノ沢,221,山本郡藤里町藤琴字滝ノ沢,214,435,1.12,0.07,36,42.6,7,50
5603170020,西目屋二ツ井線,きみまち阪藤里峡公園線,矢坂糠沢線,5346,0,3.3,,1798,,1782,3580,1.21,0.49,53.6,56.2,7,50
5603170030,西目屋二ツ井線,矢坂糠沢線,藤里町・能代市境,5346,0,0.4,,2947,,2386,5333,1.23,0.8,57.8,60.7,7,50
5603170040,西目屋二ツ井線,藤里町・能代市境,一般国道７号,5202,0,3,,2947,,2386,5333,1.23,1.06,48.9,52.8,7,50
5603170050,西目屋二ツ井線,一般国道７号,きみまち阪藤里峡公園線,5202,0,0.2,,2947,,2386,5333,1.23,1.06,34.3,18.7,7,50
5603170060,西目屋二ツ井線,きみまち阪藤里峡公園線,高屋敷茶屋下線,5202,0,2,,3005,,3031,6036,1.23,0.55,24.2,23.9,7,50
5603170070,西目屋二ツ井線,高屋敷茶屋下線,能代二ツ井線,5202,0,0.8,,3005,,3031,6036,1.23,0.55,33,40.5,7,50
5603170080,西目屋二ツ井線,能代二ツ井線,一般国道７号,5202,0,2.6,,3005,,3031,6036,1.23,0.55,49.4,42.9,7,50
5603180010,八幡平公園線,大更八幡平線,八幡平公園線,5215,0,0.9,,29,,32,61,1.07,0.02,31.6,34.3,7,50
5603190010,雄和協和線,秋田御所野雄和線,秋田空港東線,5201,0,6.6,,756,,750,1506,1.18,0.17,45,43.4,8,50
5603190020,雄和協和線,秋田空港東線,秋田市・大仙市境,5201,0,1.8,,756,,750,1506,1.18,0.17,64.5,59.8,8,50
5603190030,雄和協和線,秋田市・大仙市境,一般国道３４１号,5212,0,1.5,,756,,750,1506,1.18,0.19,60.9,54.5,8,50
5603200010,南郷黒沢線,横手東成瀬線,一般国道１０７号,5203,0,4.5,,67,,62,129,1.11,0.16,39.8,39.7,5,50
5603210010,上桧木内玉川線,一般国道１０５号,一般国道３４１号,5215,0,7.3,,101,,85,186,1.13,0.03,38.7,39.4,10.8,50
5603220010,きみまち阪藤里峡公園線,一般国道７号,西目屋二ツ井線,5202,0,1.3,,1877,,1856,3733,1.21,0.38,27.3,39.9,10.8,50
5603220030,きみまち阪藤里峡公園線,西目屋二ツ井線,,5346,0,9.7,,32,,33,65,1.1,0.02,34.3,31.3,11,50
5603230010,小安温泉椿川線,一般国道３９８号,湯沢市・東成瀬村境,5207,0,12.8,,251,,287,538,1.12,0.58,30.4,30.4,4,50
5603230020,小安温泉椿川線,湯沢市・東成瀬村境,一般国道３４２号,5464,0,7,,251,,287,538,1.12,0.03,47.9,47.9,16.5,50
5603240010,大館能代空港東線,,一般国道７号（鷹巣大館道路）,5213,0,0.2,,1362,,1363,2725,1.22,0.28,23.4,5.3,16.5,50
5603240020,大館能代空港東線,一般国道７号（鷹巣大館道路）,一般国道１０５号,5213,0,2.4,,1362,,1363,2725,1.22,0.28,46,55.5,16.5,50
5603250010,大館能代空港西線,一般国道７号（鷹巣大館道路）,鷹巣川井堂川線,5213,0,0.9,,1531,,1474,3005,1.22,0.33,53.3,42.9,16.5,50
5603250020,大館能代空港西線,鷹巣川井堂川線,木戸石鷹巣線,5213,0,2.6,秋田県北秋田市脇神字小ヶ田囲ノ内,339,秋田県北秋田市脇神字小ヶ田囲ノ内,445,784,1.23,0.08,66.5,54.7,9.5,50
5603250030,大館能代空港西線,一般国道７号（鷹巣西道路）,一般国道７号,5213,0,1.5,秋田県北秋田市脇神字小ヶ田囲ノ内,339,秋田県北秋田市脇神字小ヶ田囲ノ内,445,784,1.23,0.08,65.8,47.6,9.5,50
5603260010,秋田空港東線,秋田空港線,雄和協和線,5201,0,3.2,秋田市雄和平尾鳥字金井田,1313,秋田市雄和平尾鳥字金井田,1236,2549,1.22,0.29,60.5,60.2,7,50
