交通調査基本区間番号,路線名,起点側／路線名等,終点側／路線名等,市区町村コード,自動車専用道路の別,区間延長（ｋｍ）,上り／交通量観測地点地名,上り／２４時間自動車類交通量／合計（台）,下り／交通量観測地点地名,下り／２４時間自動車類交通量／合計（台）,２４時間自動車類交通量（上下合計）／合計（台）,昼夜率,混雑度,朝夕（混雑時）／上り／旅行速度／合計（ｋｍ／ｈ）,朝夕（混雑時）／下り／旅行速度／合計（ｋｍ／ｈ）,幅員構成／道路部幅員（ｍ）,指定最高速度（ｋｍ／ｈ）
2110400010,東北自動車道,東北自動車道,一般国道７号,2210,1,7.8,小坂JCT～碇ヶ関,3147,小坂JCT～碇ヶ関,3084,6231,1.43,0.2,90.5,90.1,20.5,80
2110400020,東北自動車道,一般国道７号,平川市・大鰐町境,2210,1,3.8,碇ヶ関～大鰐弘前,3327,碇ヶ関～大鰐弘前,3353,6680,1.42,0.21,86.5,87.7,20.5,80
2110400030,東北自動車道,平川市・大鰐町境,一般国道７号,2362,1,9.2,碇ヶ関～大鰐弘前,3327,碇ヶ関～大鰐弘前,3353,6680,1.42,0.21,87.6,88.9,20.5,80
2110400040,東北自動車道,一般国道７号,大鰐町・弘前市境,2362,1,0.2,大鰐弘前～黒石,2566,大鰐弘前～黒石,2573,5139,1.42,0.1,86.3,91.3,23.5,100
2110400050,東北自動車道,大鰐町・弘前市境,弘前市・平川市境,2202,1,2,大鰐弘前～黒石,2566,大鰐弘前～黒石,2573,5139,1.42,0.1,90.8,90.3,23.5,100
2110400060,東北自動車道,弘前市・平川市境,平川市・黒石市境,2210,1,6.4,大鰐弘前～黒石,2566,大鰐弘前～黒石,2573,5139,1.42,0.1,91.9,88.1,23.5,100
2110400070,東北自動車道,平川市・黒石市境,一般国道１０２号,2204,1,1.3,大鰐弘前～黒石,2566,大鰐弘前～黒石,2573,5139,1.42,0.1,91.1,90.4,23.5,100
2110400080,東北自動車道,一般国道１０２号,黒石市・青森市境,2204,1,7.8,黒石～浪岡,3170,黒石～浪岡,3240,6410,1.34,0.13,92.3,91.8,23.5,100
2110400090,東北自動車道,黒石市・青森市境,一般国道７号,2201,1,6.2,黒石～浪岡,3170,黒石～浪岡,3240,6410,1.34,0.13,93.4,92.1,23.5,100
2110400100,東北自動車道,一般国道７号,青森自動車道,2201,1,9.8,浪岡～青森JCT,4090,浪岡～青森JCT,4342,8432,1.27,0.23,91.7,95.2,23.5,100
2110400110,東北自動車道,青森自動車道,一般国道７号,2201,1,2.1,青森JCT～青森,1502,青森JCT～青森,1503,3005,1.43,0.11,58.4,66.6,23.5,100
2114100010,八戸自動車道,八戸自動車道,名川階上線,2203,1,4.1,軽米～南郷,2842,軽米～南郷,2924,5766,1.35,0.23,88.6,89.7,22,80
2114100020,八戸自動車道,名川階上線,八戸市・南部町境,2203,1,5.7,南郷～八戸JCT,2941,南郷～八戸JCT,3030,5971,1.34,0.25,87.9,89.2,22,80
2114100030,八戸自動車道,八戸市・南部町境,八戸自動車道,2445,1,0.8,南郷～八戸JCT,2941,南郷～八戸JCT,3030,5971,1.34,0.25,84.6,82.1,22,80
2114100035,八戸自動車道,八戸自動車道,一般国道４５号（八戸南環状道路）,2203,1,0.8,八戸JCT～八戸JCT料金所,908,八戸JCT～八戸JCT料金所,883,1791,1.17,0.2,76.1,82,11,70
2114100039,八戸自動車道,一般国道４５号（八戸南環状道路）,一般国道４５４号,2203,1,7.8,八戸JCT～八戸西スマート,1650,八戸JCT～八戸西スマート,1572,3222,1.25,0.5,82.5,86,11,70
2114100040,八戸自動車道,一般国道４５４号,一般国道４５号,2203,1,4.6,八戸西スマート～八戸北,1618,八戸西スマート～八戸北,1564,3182,1.24,0.48,85.2,85.2,11,70
2114100060,八戸自動車道,八戸自動車道,八戸環状線,2203,1,3.8,八戸JCT～八戸,1465,八戸JCT～八戸,1657,3122,1.39,0.07,75.7,74.6,22,80
2114120010,青森自動車道,東北自動車道,一般国道７号,2201,1,6.1,青森JCT～青森中央,2588,青森JCT～青森中央,2839,5427,1.19,0.76,78.4,89.3,13,70
2114120020,青森自動車道,一般国道７号,青森東インター線,2201,1,9.5,青森中央～青森東,1279,青森中央～青森東,1291,2570,1.16,0.21,68.8,55.5,13,70
2300040010,一般国道４号,一般国道４号,目時停車場線,2441,0,0.3,三戸郡三戸町大字目時字中野,4383,三戸郡三戸町大字目時字中野,4193,8576,1.23,0.62,21.3,33.7,12.6,50
2300040020,一般国道４号,目時停車場線,,2441,0,3.9,三戸郡三戸町大字目時字中野,4383,三戸郡三戸町大字目時字中野,4193,8576,1.23,0.62,55.1,57.3,12.6,50
2300040030,一般国道４号,,一般国道１０４号,2441,0,0.3,三戸郡三戸町大字川守田字正浄寺,5552,三戸郡三戸町大字川守田字正浄寺,5376,10928,1.22,0.81,58.2,58.7,12.6,50
2300040040,一般国道４号,一般国道１０４号,十和田三戸線,2441,0,2.2,三戸郡三戸町大字川守田字正浄寺,5552,三戸郡三戸町大字川守田字正浄寺,5376,10928,1.22,0.81,51.7,49.7,12.6,50
2300040050,一般国道４号,十和田三戸線,十和田三戸線,2441,0,0.9,三戸郡三戸町大字川守田字正浄寺,5552,三戸郡三戸町大字川守田字正浄寺,5376,10928,1.22,0.81,40,41,12.6,50
2300040060,一般国道４号,十和田三戸線,三戸町・南部町境,2441,0,1.7,三戸郡三戸町大字川守田字正浄寺,5552,三戸郡三戸町大字川守田字正浄寺,5376,10928,1.22,0.81,44,29.8,12.6,50
2300040070,一般国道４号,三戸町・南部町境,三戸南部線,2445,0,1.2,三戸郡三戸町大字川守田字正浄寺,5552,三戸郡三戸町大字川守田字正浄寺,5376,10928,1.22,0.82,24.6,39.3,12.6,50
2300040080,一般国道４号,三戸南部線,浅水南部線,2445,0,0.3,三戸郡三戸町大字川守田字正浄寺,5552,三戸郡三戸町大字川守田字正浄寺,5376,10928,1.22,0.82,25.8,22.6,12.6,50
2300040090,一般国道４号,浅水南部線,赤石沖田面線,2445,0,1.7,三戸郡南部町大字玉掛字下タ川原,6523,三戸郡南部町大字玉掛字下タ川原,6289,12812,1.23,1.1,36.2,38.6,12.9,50
2300040100,一般国道４号,赤石沖田面線,高瀬諏訪平停車場線,2445,0,0.9,三戸郡南部町大字玉掛字下タ川原,6523,三戸郡南部町大字玉掛字下タ川原,6289,12812,1.23,1.1,48.4,50.2,12.9,50
2300040110,一般国道４号,高瀬諏訪平停車場線,高瀬諏訪平停車場線,2445,0,0.3,三戸郡南部町大字玉掛字下タ川原,6523,三戸郡南部町大字玉掛字下タ川原,6289,12812,1.23,1.1,35,31.8,12.9,50
2300040120,一般国道４号,高瀬諏訪平停車場線,軽米名川線,2445,0,3.8,三戸郡南部町大字虎渡字西山,6931,三戸郡南部町大字虎渡字西山,6468,13399,1.24,0.96,44.4,49.7,11.1,50
2300040130,一般国道４号,軽米名川線,一般国道１０４号,2445,0,0.6,三戸郡南部町大字虎渡字西山,6931,三戸郡南部町大字虎渡字西山,6468,13399,1.24,0.96,45.1,31.6,11.1,50
2300040140,一般国道４号,一般国道１０４号,南部町・五戸町境,2445,0,2.9,三戸郡五戸町大字浅水字十海塚,4328,三戸郡五戸町大字浅水字十海塚,4231,8559,1.2,0.97,58.5,60.5,11.1,50
2300040150,一般国道４号,南部町・五戸町境,浅水南部線,2442,0,2.3,三戸郡五戸町大字浅水字十海塚,4328,三戸郡五戸町大字浅水字十海塚,4231,8559,1.2,0.91,64.7,61.5,13,60
2300040160,一般国道４号,浅水南部線,一般国道４５４号,2442,0,1.3,三戸郡五戸町大字浅水字十海塚,4328,三戸郡五戸町大字浅水字十海塚,4231,8559,1.2,0.91,48.4,47.6,13,60
2300040170,一般国道４号,一般国道４５４号,,2442,0,1.8,三戸郡五戸町大字浅水字十海塚,4328,三戸郡五戸町大字浅水字十海塚,4231,8559,1.2,0.91,44.9,43.5,13,60
2300040180,一般国道４号,,橋向五戸線,2442,0,1.3,三戸郡五戸町大字浅水字十海塚,4328,三戸郡五戸町大字浅水字十海塚,4231,8559,1.2,0.91,50.8,55.4,13,60
2300040190,一般国道４号,橋向五戸線,一般国道４５４号,2442,0,1.3,三戸郡五戸町大字浅水字十海塚,4328,三戸郡五戸町大字浅水字十海塚,4231,8559,1.2,0.91,60.8,62.5,13,60
2300040200,一般国道４号,一般国道４５４号,五戸六戸線,2442,0,1.4,三戸郡五戸町大字浅水字十海塚,4328,三戸郡五戸町大字浅水字十海塚,4231,8559,1.2,0.91,61.1,60.1,13,60
2300040210,一般国道４号,五戸六戸線,切田五戸線,2442,0,0.5,十和田市大字三本木字野崎,3962,十和田市大字三本木字野崎,3980,7942,1.18,0.59,58.7,57.1,13,60
2300040220,一般国道４号,切田五戸線,五戸町・十和田市境,2442,0,1.8,十和田市大字三本木字野崎,3962,十和田市大字三本木字野崎,3980,7942,1.18,0.59,54.7,56.9,13,60
2300040230,一般国道４号,五戸町・十和田市境,米田六戸線,2206,0,1.1,十和田市大字三本木字野崎,3962,十和田市大字三本木字野崎,3980,7942,1.18,0.6,55.6,57.1,15,60
2300040240,一般国道４号,米田六戸線,,2206,0,2.4,十和田市大字三本木字野崎,3962,十和田市大字三本木字野崎,3980,7942,1.18,0.6,52.8,50.4,15,60
2300040250,一般国道４号,,一般国道４５号,2206,0,4.3,十和田市大字三本木字野崎,3962,十和田市大字三本木字野崎,3980,7942,1.18,0.6,45.7,39.8,15,60
2300040260,一般国道４号,一般国道４５号,十和田市・六戸町境,2206,0,0.4,十和田市大字三本木字里ノ沢,4486,十和田市大字三本木字里ノ沢,4144,8630,1.19,0.72,20.6,39.9,15,60
2300040270,一般国道４号,十和田市・六戸町境,,2405,0,0.1,十和田市大字三本木字里ノ沢,4486,十和田市大字三本木字里ノ沢,4144,8630,1.19,0.71,57.2,58.2,14,60
2300040280,一般国道４号,,六戸町・十和田市境,2405,0,0.6,十和田市大字三本木字里ノ沢,4486,十和田市大字三本木字里ノ沢,4144,8630,1.19,0.71,58.8,55.7,14,60
2300040290,一般国道４号,六戸町・十和田市境,三沢十和田線,2206,0,1.7,十和田市大字三本木字里ノ沢,4486,十和田市大字三本木字里ノ沢,4144,8630,1.19,0.72,43.8,46,14,60
2300040300,一般国道４号,三沢十和田線,上野十和田線,2206,0,1.6,十和田市大字三本木字一本木沢,5223,十和田市大字三本木字一本木沢,4533,9756,1.17,0.8,57.1,53.3,14,60
2300040310,一般国道４号,上野十和田線,三沢十和田線,2206,0,2.7,十和田市大字三本木字一本木沢,5223,十和田市大字三本木字一本木沢,4533,9756,1.17,0.8,52.7,47.3,14,60
2300040320,一般国道４号,三沢十和田線,立崎洞内線,2206,0,1.6,十和田市大字大沢田字笹舘,8495,十和田市大字大沢田字笹舘,7822,16317,1.24,1.36,39.8,37.6,12.1,50
2300040330,一般国道４号,立崎洞内線,市道（七戸旧国道線）,2206,0,2.8,十和田市大字大沢田字笹舘,8495,十和田市大字大沢田字笹舘,7822,16317,1.24,1.36,40.4,38.7,12.1,50
2300040340,一般国道４号,市道（七戸旧国道線）,十和田市・七戸町境,2206,0,0.5,上北郡七戸町字太田,6304,上北郡七戸町字太田,6211,12515,1.21,0.93,31.4,38.5,14.5,60
2300040350,一般国道４号,十和田市・七戸町境,三沢七戸線,2402,0,2.4,上北郡七戸町字太田,6304,上北郡七戸町字太田,6211,12515,1.21,0.95,52.5,52,14.5,60
2300040360,一般国道４号,三沢七戸線,一般国道３９４号,2402,0,1.2,上北郡七戸町字太田,6304,上北郡七戸町字太田,6211,12515,1.21,1.06,37.8,42.1,16.5,60
2300040370,一般国道４号,一般国道３９４号,町道（北野・荒熊内線）,2402,0,0.8,上北郡七戸町字太田,6304,上北郡七戸町字太田,6211,12515,1.21,1.06,39.7,40.6,16.5,60
2300040390,一般国道４号,町道（北野・荒熊内線）,乙供停車場中野線,2402,0,2.2,上北郡七戸町字荒熊内,5226,上北郡七戸町字荒熊内,4911,10137,1.22,0.94,39.8,38,15.75,50
2300040400,一般国道４号,乙供停車場中野線,後平青森線,2402,0,6.2,上北郡東北町字石坂,6835,上北郡東北町字石坂,6657,13492,1.24,0.99,44.1,43.4,15.2,60
2300040410,一般国道４号,後平青森線,七戸町・東北町境,2402,0,1,上北郡東北町字石坂,6835,上北郡東北町字石坂,6657,13492,1.24,0.99,41.4,48.7,15.2,60
2300040420,一般国道４号,七戸町・東北町境,八戸野辺地線,2408,0,4.8,上北郡東北町字石坂,6835,上北郡東北町字石坂,6657,13492,1.24,0.96,53.6,52.5,17.5,60
2300040430,一般国道４号,八戸野辺地線,東北町・野辺地町境,2408,0,0.8,上北郡東北町字石坂,6835,上北郡東北町字石坂,6657,13492,1.24,0.96,41.8,43.2,17.5,60
2300040440,一般国道４号,東北町・野辺地町境,野辺地町・東北町境,2401,0,0.2,上北郡東北町字石坂,6835,上北郡東北町字石坂,6657,13492,1.24,0.94,38,42.3,16.6,60
2300040450,一般国道４号,野辺地町・東北町境,一般国道２７９号,2408,0,0.3,上北郡東北町字石坂,6835,上北郡東北町字石坂,6657,13492,1.24,1.69,40,35.8,9.9,60
2300040460,一般国道４号,一般国道２７９号,東北町・野辺地町境,2408,0,0.4,上北郡東北町字石坂,6835,上北郡東北町字石坂,6657,13492,1.24,1.69,22.3,35,9.9,60
2300040470,一般国道４号,東北町・野辺地町境,一般国道２７９号,2401,0,0.5,上北郡東北町字石坂,6835,上北郡東北町字石坂,6657,13492,1.24,1.13,38.7,40.7,15.7,40
2300040480,一般国道４号,一般国道２７９号,馬門野辺地線,2401,0,5.1,上北郡野辺地町字槻ノ木,4199,上北郡野辺地町字槻ノ木,4150,8349,1.23,0.99,44.1,47,15.7,40
2300040490,一般国道４号,馬門野辺地線,野辺地町・平内町境,2401,0,0.9,上北郡野辺地町字八ノ木谷地,4971,上北郡野辺地町字八ノ木谷地,5160,10131,1.23,0.98,46.7,51.4,15.7,40
2300040500,一般国道４号,野辺地町・平内町境,狩場沢停車場線,2301,0,2,上北郡野辺地町字八ノ木谷地,4971,上北郡野辺地町字八ノ木谷地,5160,10131,1.23,1,56.4,58.5,11.9,50
2300040510,一般国道４号,狩場沢停車場線,清水川停車場線,2301,0,4.8,上北郡野辺地町字八ノ木谷地,4971,上北郡野辺地町字八ノ木谷地,5160,10131,1.23,1,55.3,55.7,11.9,50
2300040520,一般国道４号,清水川停車場線,清水川滝沢野内線,2301,0,0.7,上北郡野辺地町字八ノ木谷地,4971,上北郡野辺地町字八ノ木谷地,5160,10131,1.23,1,53.5,54.7,11.9,50
2300040530,一般国道４号,清水川滝沢野内線,夏泊公園線,2301,0,3.5,上北郡野辺地町字八ノ木谷地,4971,上北郡野辺地町字八ノ木谷地,5160,10131,1.23,1,57.4,55.4,11.9,50
2300040540,一般国道４号,夏泊公園線,小湊停車場線,2301,0,2.2,青森市大字浅虫字坂本,8142,青森市大字浅虫字坂本,6995,15137,1.26,1.56,44.4,41.4,11.9,50
2300040550,一般国道４号,小湊停車場線,,2301,0,1.7,青森市大字浅虫字坂本,8142,青森市大字浅虫字坂本,6995,15137,1.26,1.56,33.2,35.1,11.9,50
2300040560,一般国道４号,,西平内停車場線,2301,0,2.3,青森市大字浅虫字坂本,8142,青森市大字浅虫字坂本,6995,15137,1.26,1.63,51.3,53,12.7,60
2300040570,一般国道４号,西平内停車場線,夏泊公園線,2301,0,1.8,青森市大字浅虫字坂本,8142,青森市大字浅虫字坂本,6995,15137,1.26,1.63,48.7,47.1,12.7,60
2300040580,一般国道４号,夏泊公園線,町道（中野・土屋線）,2301,0,2.5,青森市大字浅虫字坂本,8142,青森市大字浅虫字坂本,6995,15137,1.26,1.26,56.1,57.8,13.8,60
2300040590,一般国道４号,町道（中野・土屋線）,平内町・青森市境,2301,0,0.9,青森市大字浅虫字坂本,8142,青森市大字浅虫字坂本,6995,15137,1.26,1.42,62.8,59.4,13,60
2300040600,一般国道４号,平内町・青森市境,市道（浅虫４０号線）,2201,0,0.3,青森市大字浅虫字坂本,8142,青森市大字浅虫字坂本,6995,15137,1.26,0.51,62.3,56.2,30.5,60
2300040610,一般国道４号,市道（浅虫４０号線）,増田浅虫線,2201,0,0.2,青森市大字浅虫字坂本,8142,青森市大字浅虫字坂本,6995,15137,1.26,0.63,55.5,53.6,24.6,60
2300040620,一般国道４号,増田浅虫線,増田浅虫線,2201,0,1.3,青森市大字浅虫字坂本,8142,青森市大字浅虫字坂本,6995,15137,1.26,0.63,52.2,47.5,24.6,60
2300040630,一般国道４号,増田浅虫線,久栗坂造道線,2201,0,1.5,青森市大字浅虫字坂本,8142,青森市大字浅虫字坂本,6995,15137,1.26,1.09,53.4,53.4,11.9,60
2300040640,一般国道４号,久栗坂造道線,青森環状野内線,2201,0,3.9,青森市大字矢田字牧原,6280,青森市大字矢田字牧原,6970,13250,1.26,0.89,51.5,52.3,11.9,60
2300040650,一般国道４号,青森環状野内線,青森東インター線,2201,0,1.2,青森市大字矢田字牧原,6280,青森市大字矢田字牧原,6970,13250,1.26,0.4,51,53.2,34.15,60
2300040660,一般国道４号,青森東インター線,,2201,0,1.1,青森市大字矢田字牧原,6280,青森市大字矢田字牧原,6970,13250,1.26,0.4,38.2,34.4,34.15,60
2300040670,一般国道４号,,一般国道７号,2201,0,0.3,青森市大字矢田字牧原,6280,青森市大字矢田字牧原,6970,13250,1.26,0.55,25.4,23.1,26.1,60
2300040675,一般国道４号,一般国道７号,久栗坂造道線,2201,0,1.7,青森市大字矢田前字弥生田,11156,青森市大字矢田前字弥生田,11178,22334,1.19,0.7,28.7,36.9,27.7,60
2300040680,一般国道４号,久栗坂造道線,市道（旧久栗坂造道線）,2201,0,1.3,青森市造道３丁目,12240,青森市造道３丁目,13609,25849,1.18,0.82,30.3,26.3,36.2,60
2300040690,一般国道４号,市道（旧久栗坂造道線）,青森浪岡線,2201,0,1.6,青森市栄町２丁目,15815,青森市栄町２丁目,17469,33284,1.21,0.74,23.6,26.7,36,50
2300040700,一般国道４号,青森浪岡線,一般国道１０３号,2201,0,0.9,青森市栄町２丁目,15815,青森市栄町２丁目,17469,33284,1.21,0.74,26.2,17.9,36,50
2300040710,一般国道４号,一般国道１０３号,青森停車場線,2201,0,0.4,青森市栄町２丁目,15815,青森市栄町２丁目,17469,33284,1.21,0.74,18.1,15.7,36,50
2300040720,一般国道４号,青森停車場線,一般国道７号,2201,0,0.4,青森市栄町２丁目,15815,青森市栄町２丁目,17469,33284,1.21,0.74,15.5,14.5,36,50
2300070010,一般国道７号,一般国道７号,一般国道２８２号,2210,0,3,平川市碇ヶ関大落前山,2826,平川市碇ヶ関大落前山,2724,5550,1.25,1.15,60.2,61.8,14.7,60
2300070020,一般国道７号,一般国道２８２号,東北自動車道,2210,0,2.3,平川市碇ヶ関大落前山,2826,平川市碇ヶ関大落前山,2724,5550,1.25,1.15,52.8,54.4,14.7,60
2300070030,一般国道７号,東北自動車道,碇ヶ関大鰐停車場線,2210,0,2.2,平川市碇ヶ関諏訪平,2597,平川市碇ヶ関諏訪平,2450,5047,1.25,1.15,47.5,48.2,14.7,60
2300070040,一般国道７号,碇ヶ関大鰐停車場線,平川市・大鰐町境,2210,0,1.4,平川市碇ヶ関諏訪平,2597,平川市碇ヶ関諏訪平,2450,5047,1.25,1.15,40.7,39.1,14.7,60
2300070050,一般国道７号,平川市・大鰐町境,一般国道４５４号,2362,0,2.5,南津軽郡大鰐町大字長峰字山辺,5410,南津軽郡大鰐町大字長峰字山辺,5379,10789,1.19,0.73,49.9,51.9,11.65,50
2300070060,一般国道７号,一般国道４５４号,大鰐停車場線,2362,0,2.4,南津軽郡大鰐町大字長峰字山辺,5410,南津軽郡大鰐町大字長峰字山辺,5379,10789,1.19,0.73,42.2,40.2,11.65,50
2300070070,一般国道７号,大鰐停車場線,蔵館大鰐線,2362,0,1.1,弘前市大字堀越字柳田,7507,弘前市大字堀越字柳田,8253,15760,1.22,0.94,43.7,43.1,12.6,50
2300070080,一般国道７号,蔵館大鰐線,蔵館大鰐線,2362,0,1.7,弘前市大字堀越字柳田,7507,弘前市大字堀越字柳田,8253,15760,1.22,0.94,33.6,30.7,12.6,50
2300070090,一般国道７号,蔵館大鰐線,大鰐浪岡線,2362,0,1.2,弘前市大字堀越字柳田,7507,弘前市大字堀越字柳田,8253,15760,1.22,0.94,30.7,35.8,12.6,50
2300070100,一般国道７号,大鰐浪岡線,大鰐町・弘前市境,2362,0,0.4,弘前市大字堀越字柳田,7507,弘前市大字堀越字柳田,8253,15760,1.22,0.94,35.6,45.2,12.6,50
2300070110,一般国道７号,大鰐町・弘前市境,石川百田線,2202,0,0.5,弘前市大字堀越字柳田,7507,弘前市大字堀越字柳田,8253,15760,1.22,1.15,36,32.8,14.7,50
2300070120,一般国道７号,石川百田線,東北自動車道,2202,0,0.2,弘前市大字堀越字柳田,7507,弘前市大字堀越字柳田,8253,15760,1.22,1.15,33.8,40.9,14.7,50
2300070130,一般国道７号,東北自動車道,弘前環状線,2202,0,1.3,弘前市大字堀越字柳田,7507,弘前市大字堀越字柳田,8253,15760,1.22,0.39,35.3,41.4,28.75,50
2300070140,一般国道７号,弘前環状線,弘前市・平川市境,2202,0,0.2,弘前市大字堀越字柳田,7507,弘前市大字堀越字柳田,8253,15760,1.22,0.39,49.2,47,28.75,50
2300070150,一般国道７号,弘前市・平川市境,大鰐浪岡線,2210,0,0.9,弘前市大字堀越字柳田,7507,弘前市大字堀越字柳田,8253,15760,1.22,0.4,44.3,54.5,22.3,50
2300070160,一般国道７号,大鰐浪岡線,平川市・弘前市境,2210,0,0.8,弘前市大字堀越字柳田,7507,弘前市大字堀越字柳田,8253,15760,1.22,0.4,51.2,61.3,22.3,50
2300070170,一般国道７号,平川市・弘前市境,,2202,0,1.1,弘前市大字堀越字柳田,7507,弘前市大字堀越字柳田,8253,15760,1.22,0.34,62.9,59.8,24.5,50
2300070180,一般国道７号,,平賀門外線,2202,0,0.5,弘前市大字堀越字川合,6348,弘前市大字堀越字川合,6792,13140,1.24,1.17,41.6,42.9,13.8,50
2300070190,一般国道７号,平賀門外線,一般国道１０２号,2202,0,2,弘前市大字堀越字川合,6348,弘前市大字堀越字川合,6792,13140,1.24,1.17,37.9,51,13.8,50
2300070200,一般国道７号,一般国道１０２号,,2202,0,1,弘前市大字堀越字川合,6348,弘前市大字堀越字川合,6792,13140,1.24,0.51,39.4,19.8,46,50
2300070210,一般国道７号,,弘前岳鯵ヶ沢線,2202,0,1,弘前市大字末広２丁目,14279,弘前市大字末広２丁目,14318,28597,1.23,0.88,19.2,19.7,23.6,50
2300070220,一般国道７号,弘前岳鯵ヶ沢線,石川百田線,2202,0,0.9,弘前市大字末広１丁目,17548,弘前市大字末広１丁目,18038,35586,1.26,1.14,14.1,42.2,23.5,50
2300070230,一般国道７号,石川百田線,,2202,0,0.9,弘前市大字末広１丁目,17548,弘前市大字末広１丁目,18038,35586,1.26,1.18,50.7,30,20.4,50
2300070240,一般国道７号,,弘前環状線,2202,0,0.4,南津軽郡藤崎町大字藤崎字豊岡,11228,南津軽郡藤崎町大字藤崎字豊岡,10412,21640,1.26,0.78,37.7,13.2,23.6,50
2300070250,一般国道７号,弘前環状線,弘前環状線,2202,0,1.5,南津軽郡藤崎町大字藤崎字豊岡,11228,南津軽郡藤崎町大字藤崎字豊岡,10412,21640,1.26,0.64,23.8,31.8,35.9,50
2300070260,一般国道７号,弘前環状線,石川百田線,2202,0,0.5,南津軽郡藤崎町大字藤崎字豊岡,11228,南津軽郡藤崎町大字藤崎字豊岡,10412,21640,1.26,0.64,17.7,37.6,35.9,50
2300070270,一般国道７号,石川百田線,弘前市・藤崎町境,2202,0,0.1,南津軽郡藤崎町大字藤崎字豊岡,11228,南津軽郡藤崎町大字藤崎字豊岡,10412,21640,1.26,0.49,25.1,34.7,25.4,50
2300070280,一般国道７号,弘前市・藤崎町境,一般国道３３９号,2361,0,0.5,南津軽郡藤崎町大字藤崎字豊岡,11228,南津軽郡藤崎町大字藤崎字豊岡,10412,21640,1.26,0.62,27.5,27.1,25.4,60
2300070290,一般国道７号,一般国道３３９号,一般国道３３９号,2361,0,1,南津軽郡藤崎町大字藤崎字豊岡,11228,南津軽郡藤崎町大字藤崎字豊岡,10412,21640,1.26,0.62,25.4,36.3,25.4,60
2300070300,一般国道７号,一般国道３３９号,浪岡藤崎線,2361,0,0.7,南津軽郡藤崎町大字藤崎字豊岡,11228,南津軽郡藤崎町大字藤崎字豊岡,10412,21640,1.26,0.6,28,33.2,25.4,60
2300070310,一般国道７号,浪岡藤崎線,前坂藤崎線,2361,0,0.4,南津軽郡藤崎町大字榊字和田,7671,南津軽郡藤崎町大字榊字和田,7924,15595,1.22,1.01,27.8,32.4,14.2,60
2300070320,一般国道７号,前坂藤崎線,五所川原黒石線,2361,0,1.7,南津軽郡藤崎町大字榊字和田,7671,南津軽郡藤崎町大字榊字和田,7924,15595,1.22,1.01,36.1,41,14.2,60
2300070330,一般国道７号,五所川原黒石線,藤崎町・青森市境,2361,0,2.1,南津軽郡藤崎町大字榊字和田,7671,南津軽郡藤崎町大字榊字和田,7924,15595,1.22,1.01,34.3,34.3,14.2,60
2300070340,一般国道７号,藤崎町・青森市境,青森市・藤崎町境,2201,0,0.2,南津軽郡藤崎町大字榊字和田,7671,南津軽郡藤崎町大字榊字和田,7924,15595,1.22,0.93,46.7,55,14,60
2300070350,一般国道７号,青森市・藤崎町境,藤崎町・青森市境,2361,0,0.2,南津軽郡藤崎町大字榊字和田,7671,南津軽郡藤崎町大字榊字和田,7924,15595,1.22,0.93,56.1,56.5,14,60
2300070360,一般国道７号,藤崎町・青森市境,浪岡藤崎線,2201,0,1.1,南津軽郡藤崎町大字榊字和田,7671,南津軽郡藤崎町大字榊字和田,7924,15595,1.22,1.03,44.5,39.3,14,60
2300070670,一般国道７号,浪岡藤崎線,浪岡藤崎線,2201,0,1.9,青森市浪岡大字下十川字扇田,8196,青森市浪岡大字下十川字扇田,8181,16377,1.22,1.01,46.9,37.9,15,60
2300070390,一般国道７号,浪岡藤崎線,青森浪岡線,2201,0,2.1,青森市浪岡大字女鹿沢字西花岡,5919,青森市浪岡大字女鹿沢字西花岡,6347,12266,1.24,0.92,35.6,35.3,17,60
2300070400,一般国道７号,青森浪岡線,東北自動車道,2201,0,2.9,青森市浪岡大字徳才子字山本,8233,青森市浪岡大字徳才子字山本,8272,16505,1.24,1.2,45.9,42.2,17,60
2300070410,一般国道７号,東北自動車道,大釈迦停車場線,2201,0,1.1,青森市浪岡大字徳才子字山本,8233,青森市浪岡大字徳才子字山本,8272,16505,1.24,1.2,34.6,31.4,17,60
2300070420,一般国道７号,大釈迦停車場線,一般国道１０１号,2201,0,0.3,青森市浪岡大字徳才子字山本,8233,青森市浪岡大字徳才子字山本,8272,16505,1.24,1.2,36.1,17,17,60
2300070430,一般国道７号,一般国道１０１号,一般国道１０１号,2201,0,2,青森市大字新城字山田,10599,青森市大字新城字山田,10992,21591,1.24,1.48,48.9,45.1,17,60
2300070440,一般国道７号,一般国道１０１号,鶴ヶ坂千刈線,2201,0,1.8,青森市大字新城字山田,10599,青森市大字新城字山田,10992,21591,1.24,1.48,30.3,40.3,17,60
2300070450,一般国道７号,鶴ヶ坂千刈線,鶴ヶ坂千刈線,2201,0,5.8,青森市大字新城字山田,10599,青森市大字新城字山田,10992,21591,1.24,1.48,37.3,52.3,17,60
2300070460,一般国道７号,鶴ヶ坂千刈線,一般国道７号,2201,0,1.5,青森市大字新城字山田,10599,青森市大字新城字山田,10992,21591,1.24,0.63,47.1,49.4,25.2,50
2300070470,一般国道７号,一般国道７号,津軽新城停車場油川線,2201,0,2.1,青森市大字新城字山田,10599,青森市大字新城字山田,10992,21591,1.24,0.63,41.4,50.4,25.2,50
2300070480,一般国道７号,津軽新城停車場油川線,一般国道２８０号,2201,0,1,青森市大字新城字山田,10599,青森市大字新城字山田,10992,21591,1.24,0.63,63.2,38.3,25.2,50
2300070490,一般国道７号,一般国道２８０号,鶴ヶ坂千刈線,2201,0,2.7,青森市大字石江字三好,16769,青森市大字石江字三好,13840,30609,1.2,1.04,27.8,28,29.7,50
2300070500,一般国道７号,鶴ヶ坂千刈線,一般国道２８０号,2201,0,0.7,青森市篠田２丁目,19343,青森市篠田２丁目,18009,37352,1.22,0.8,33.7,15.3,35.9,50
2300070510,一般国道７号,一般国道２８０号,青森環状野内線,2201,0,0.5,青森市古川２丁目,23166,青森市古川２丁目,24512,47678,1.23,0.89,30,16.5,32,50
2300070520,一般国道７号,青森環状野内線,荒川青森停車場線,2201,0,0.2,青森市古川２丁目,23166,青森市古川２丁目,24512,47678,1.23,0.89,24.8,11.7,32,50
2300070530,一般国道７号,荒川青森停車場線,一般国道４号,2201,0,0.4,青森市古川２丁目,23166,青森市古川２丁目,24512,47678,1.23,0.89,17.7,18,32,50
2300070550,一般国道７号,一般国道７号,東北自動車道,2201,0,3,青森市大字新城字山田,6402,青森市大字新城字山田,6500,12902,1.25,0.96,42.3,53.7,15.35,50
2300070560,一般国道７号,東北自動車道,青森環状野内線,2201,0,2.9,青森市大字三内字丸山,11038,青森市大字三内字丸山,10594,21632,1.23,1.45,52.8,27.5,15.35,50
2300070570,一般国道７号,青森環状野内線,青森環状野内線,2201,0,0.7,青森市大字三内字丸山,11038,青森市大字三内字丸山,10594,21632,1.23,0.81,25.6,36.2,30,50
2300070580,一般国道７号,青森環状野内線,荒川青森停車場線,2201,0,1.7,青森市大字三内字丸山,11038,青森市大字三内字丸山,10594,21632,1.23,0.81,20.7,19.2,30,50
2300070590,一般国道７号,荒川青森停車場線,青森自動車道,2201,0,0.7,青森市大字三内字丸山,11038,青森市大字三内字丸山,10594,21632,1.23,0.82,20,25.9,29,50
2300070600,一般国道７号,青森自動車道,一般国道１０３号,2201,0,1,青森市大字三内字丸山,11038,青森市大字三内字丸山,10594,21632,1.23,1.02,20.5,10,28.8,50
2300070610,一般国道７号,一般国道１０３号,青森浪岡線,2201,0,0.2,青森市大字筒井字八ツ橋,14404,青森市大字筒井字八ツ橋,14971,29375,1.25,0.87,9.1,15.9,33.6,50
2300070620,一般国道７号,青森浪岡線,青森田代十和田線,2201,0,1.4,青森市大字筒井字八ツ橋,14404,青森市大字筒井字八ツ橋,14971,29375,1.25,0.9,16.8,19,29.3,50
2300070630,一般国道７号,青森田代十和田線,駒込筒井線,2201,0,0.7,青森市大字駒込字見吉,8121,青森市大字駒込字見吉,7788,15909,1.24,0.54,20.1,18.5,26.3,50
2300070640,一般国道７号,駒込筒井線,,2201,0,0.9,青森市大字駒込字見吉,8121,青森市大字駒込字見吉,7788,15909,1.24,0.51,32.6,27,25.7,50
2300070650,一般国道７号,,一般国道４号,2201,0,3.4,青森市大字後萢字前橋,5555,青森市大字後萢字前橋,6039,11594,1.26,0.33,41.4,32.2,30,50
2300450010,一般国道４５号,一般国道４５号,八戸階上線,2446,0,2.4,三戸郡階上町大字道仏字中大古里,1503,三戸郡階上町大字道仏字中大古里,1620,3123,1.25,0.29,43.2,39.9,13.1,50
2300450015,一般国道４５号,八戸階上線,一般国道４５号（八戸南道路）,2446,0,0.2,三戸郡階上町大字道仏字大蛇長根,3079,三戸郡階上町大字道仏字大蛇長根,3018,6097,1.2,0.28,45.6,46.3,13,50
2300450019,一般国道４５号,一般国道４５号（八戸南道路）,名川階上線,2446,0,1.4,三戸郡階上町大字道仏字町道端,1951,三戸郡階上町大字道仏字町道端,1805,3756,1.22,0.32,55.8,52.6,10,50
2300450020,一般国道４５号,名川階上線,,2446,0,2.3,三戸郡階上町大字道仏字天当平,2382,三戸郡階上町大字道仏字天当平,2042,4424,1.19,0.45,32.3,36.9,15.5,50
2300450030,一般国道４５号,,,2446,0,1.3,三戸郡階上町大字道仏字天当平,2382,三戸郡階上町大字道仏字天当平,2042,4424,1.19,0.45,44,41.5,15.5,50
2300450040,一般国道４５号,,種差海岸階上岳ICアクセス道路,2446,0,0.6,三戸郡階上町蒼前東１丁目,3541,三戸郡階上町蒼前東１丁目,4271,7812,1.19,0.77,45.6,38,15.5,50
2300450050,一般国道４５号,種差海岸階上岳ICアクセス道路,階上町・八戸市境,2446,0,2.3,三戸郡階上町蒼前東１丁目,3541,三戸郡階上町蒼前東１丁目,4271,7812,1.19,0.77,33.6,39.3,15.5,50
2300450060,一般国道４５号,階上町・八戸市境,一般国道４５号（八戸南道路）,2203,0,1.2,三戸郡階上町蒼前東１丁目,3541,三戸郡階上町蒼前東１丁目,4271,7812,1.19,0.77,34.3,34.7,16.7,50
2300450070,一般国道４５号,一般国道４５号（八戸南道路）,妙売市線,2203,0,0.4,八戸市大字大久保字町畑西ノ平,9007,八戸市大字大久保字町畑西ノ平,8731,17738,1.24,0.48,32.4,39.2,28.5,50
2300450080,一般国道４５号,妙売市線,,2203,0,1.9,八戸市大字大久保字町畑西ノ平,9007,八戸市大字大久保字町畑西ノ平,8731,17738,1.24,0.48,38.8,37.1,28.5,50
2300450090,一般国道４５号,,八戸環状線,2203,0,1.4,八戸市大字新井田字小久保尻,14191,八戸市大字新井田字小久保尻,14013,28204,1.22,0.94,25.4,22.1,24,50
2300450100,一般国道４５号,八戸環状線,差波新井田線,2203,0,0.6,八戸市柏崎２丁目,12966,八戸市柏崎２丁目,16063,29029,1.22,1.06,19.8,32.4,24,50
2300450110,一般国道４５号,差波新井田線,一般国道３４０号,2203,0,2.3,八戸市柏崎２丁目,12966,八戸市柏崎２丁目,16063,29029,1.22,1.06,20.1,22.8,24,50
2300450120,一般国道４５号,一般国道３４０号,,2203,0,0.5,八戸市柏崎２丁目,12966,八戸市柏崎２丁目,16063,29029,1.22,0.62,23.8,16.8,30.8,50
2300450130,一般国道４５号,,八戸百石線,2203,0,1.8,八戸市城下４丁目,15353,八戸市城下４丁目,16158,31511,1.23,0.93,16.2,15.1,24,50
2300450140,一般国道４５号,八戸百石線,,2203,0,0.6,八戸市城下４丁目,15353,八戸市城下４丁目,16158,31511,1.23,0.93,20.5,14.8,24,50
2300450150,一般国道４５号,,一般国道１０４号,2203,0,0.6,八戸市城下４丁目,15353,八戸市城下４丁目,16158,31511,1.23,0.93,12.8,16.5,24,50
2300450160,一般国道４５号,一般国道１０４号,,2203,0,0.9,八戸市城下４丁目,15353,八戸市城下４丁目,16158,31511,1.23,0.78,13.8,46.8,24.2,50
2300450170,一般国道４５号,,,2203,0,1.7,八戸市大字河原木字見立山,19219,八戸市大字河原木字見立山,18608,37827,1.23,0.95,45.5,19.7,24.2,50
2300450180,一般国道４５号,,八戸自動車道,2203,0,1.4,八戸市大字市川町字田ノ沢頭,13424,八戸市大字市川町字田ノ沢頭,13933,27357,1.24,0.68,33.5,42,24.2,50
2300450190,一般国道４５号,八戸自動車道,八戸環状線,2203,0,0.5,八戸市大字市川町字和野前山,10399,八戸市大字市川町字和野前山,10450,20849,1.27,0.56,37.7,35.2,37.7,50
2300450200,一般国道４５号,八戸環状線,八戸野辺地線,2203,0,1.4,八戸市大字市川町字和野前山,10399,八戸市大字市川町字和野前山,10450,20849,1.27,1.42,40.4,43.1,13.6,50
2300450210,一般国道４５号,八戸野辺地線,八戸野辺地線,2203,0,0.1,八戸市大字市川町字尻引,4857,八戸市大字市川町字尻引,4600,9457,1.21,1.38,10.6,9.4,13,50
2300450220,一般国道４５号,八戸野辺地線,橋向五戸線,2203,0,1,八戸市大字市川町字尻引,4857,八戸市大字市川町字尻引,4600,9457,1.21,1.38,31.4,30,13,50
2300450230,一般国道４５号,橋向五戸線,市川下田停車場線,2203,0,1.3,八戸市大字市川町字尻引,4857,八戸市大字市川町字尻引,4600,9457,1.21,1.38,33.2,37.1,13,50
2300450240,一般国道４５号,市川下田停車場線,八戸市・おいらせ町境,2203,0,0.3,八戸市大字市川町字尻引,4857,八戸市大字市川町字尻引,4600,9457,1.21,1.38,26,34.7,13,50
2300450250,一般国道４５号,八戸市・おいらせ町境,一般国道３３８号,2412,0,0.9,八戸市大字市川町字尻引,4857,八戸市大字市川町字尻引,4600,9457,1.21,1.46,26.2,24.8,12.1,50
2300450260,一般国道４５号,一般国道３３８号,八戸野辺地線,2412,0,0.6,八戸市大字市川町字尻引,4857,八戸市大字市川町字尻引,4600,9457,1.21,0.56,27.4,26.7,25,50
2300450270,一般国道４５号,八戸野辺地線,一般国道４５号（百石道路）,2412,0,0.5,八戸市大字市川町字尻引,4857,八戸市大字市川町字尻引,4600,9457,1.21,0.56,20.6,33.7,25,50
2300450280,一般国道４５号,一般国道４５号（百石道路）,八戸野辺地線,2412,0,2.2,上北郡おいらせ町中下田,5098,上北郡おいらせ町中下田,5155,10253,1.23,0.96,38.1,34.8,12.2,50
2300450290,一般国道４５号,八戸野辺地線,おいらせ町・六戸町境,2412,0,4.2,上北郡おいらせ町中下田,5098,上北郡おいらせ町中下田,5155,10253,1.23,0.96,45.5,46.7,12.2,50
2300450300,一般国道４５号,おいらせ町・六戸町境,,2405,0,0.9,上北郡おいらせ町中下田,5098,上北郡おいらせ町中下田,5155,10253,1.23,0.79,48.7,48.7,13,50
2300450310,一般国道４５号,,八戸三沢線,2405,0,0.8,上北郡おいらせ町中下田,5098,上北郡おいらせ町中下田,5155,10253,1.23,0.79,38,42.1,13.1,50
2300450320,一般国道４５号,八戸三沢線,折茂上北町停車場線,2405,0,2.5,上北郡おいらせ町中下田,5098,上北郡おいらせ町中下田,5155,10253,1.23,0.79,33.6,32.9,13.1,50
2300450330,一般国道４５号,折茂上北町停車場線,,2405,0,0.6,上北郡おいらせ町中下田,5098,上北郡おいらせ町中下田,5155,10253,1.23,0.79,41.8,32.2,13.1,50
2300450340,一般国道４５号,,六戸町・十和田市境,2405,0,1.7,上北郡六戸町大字折茂字今熊,7888,上北郡六戸町大字折茂字今熊,7376,15264,1.19,1.04,38,32.4,13.1,50
2300450350,一般国道４５号,六戸町・十和田市境,一般国道４号,2206,0,1.5,上北郡六戸町大字折茂字今熊,7888,上北郡六戸町大字折茂字今熊,7376,15264,1.19,1.05,33.6,23.3,12.1,50
2300450370,一般国道４５号（百石道路）,八戸自動車道,八戸市・おいらせ町境,2203,1,4.1,八戸北～下田百石,2502,八戸北～下田百石,2497,4999,1.18,0.33,81.8,85.3,12,70
2300450380,一般国道４５号（百石道路）,八戸市・おいらせ町境,一般国道４５号,2412,1,1.1,八戸北～下田百石,2502,八戸北～下田百石,2497,4999,1.18,0.33,84.3,80.9,12,70
2300450570,一般国道４５号（洋野階上道路）,一般国道４５号（三陸沿岸道路）,一般国道４５号,2446,1,1.7,岩手県九戸郡洋野町種市第２５地割,2389,岩手県九戸郡洋野町種市第２５地割,2393,4782,1.26,0.4,84.9,81.2,12.5,60
2300450440,一般国道４５号（八戸南道路）,一般国道４５号,階上町・八戸市境,2446,1,3.5,三戸郡階上町大字道仏字笹畑,4402,三戸郡階上町大字道仏字笹畑,4516,8918,1.25,0.67,78.4,79,12,60
2300450450,一般国道４５号（八戸南道路）,階上町・八戸市境,種差海岸階上岳ICアクセス道路,2203,1,1.8,三戸郡階上町大字道仏字笹畑,4402,三戸郡階上町大字道仏字笹畑,4516,8918,1.25,0.82,76.3,76.6,12,60
2300450400,一般国道４５号（八戸南道路）,種差海岸階上岳ICアクセス道路,階上町・八戸市境,2446,1,1.2,八戸市大字美保野,4763,八戸市大字美保野,4802,9565,1.21,0.66,73,74.3,12,60
2300450410,一般国道４５号（八戸南道路）,階上町・八戸市境,一般国道４５号,2203,1,3.4,八戸市大字美保野,4763,八戸市大字美保野,4802,9565,1.21,0.66,80.4,76.8,12,60
2300450420,一般国道４５号（八戸南環状道路）,一般国道４５号,八戸大野線,2203,1,3.3,八戸市大字妙字蟹沢,4197,八戸市大字妙字蟹沢,4176,8373,1.18,0.63,74,77,13.5,60
2300450510,一般国道４５号（八戸南環状道路）,八戸大野線,八戸自動車道,2203,1,5.6,八戸市大字是川字下天狗沢,935,八戸市大字是川字下天狗沢,920,1855,1.17,0.21,73,72.6,12,60
2300450470,一般国道４５号（上北道路）,八戸野辺地線,三沢七戸線,2405,1,4.1,上北郡六戸町大字犬落瀬字柳沢,3443,上北郡六戸町大字犬落瀬字柳沢,3199,6642,1.23,0.46,82.9,84.7,13.5,60
2300450480,一般国道４５号（上北道路）,三沢七戸線,六戸町・東北町境,2405,1,2.1,上北郡六戸町大字犬落瀬字下淋代,2919,上北郡六戸町大字犬落瀬字下淋代,2769,5688,1.24,0.42,79.9,77.7,16.5,60
2300450490,一般国道４５号（上北道路）,六戸町・東北町境,一般国道４５号（上北天間林道路）,2408,1,1.6,上北郡六戸町大字犬落瀬字下淋代,2919,上北郡六戸町大字犬落瀬字下淋代,2769,5688,1.24,0.42,69.4,70.1,16.5,60
2300450500,一般国道４５号（上北天間林道路）,一般国道４５号（上北道路）,東北町・十和田市境,2408,1,1.4,上北郡東北町大字大浦字中渡,3551,上北郡東北町大字大浦字中渡,3495,7046,1.23,0.17,86.3,90.3,23.5,70
2300450520,一般国道４５号（上北天間林道路）,東北町・十和田市境,十和田市・東北町境,2206,1,0,上北郡東北町大字大浦字中渡,3551,上北郡東北町大字大浦字中渡,3495,7046,1.23,0.17,87.6,89.9,23.5,70
2300450530,一般国道４５号（上北天間林道路）,十和田市・東北町境,七戸上北町停車場線,2408,1,3.3,上北郡東北町大字大浦字中渡,3551,上北郡東北町大字大浦字中渡,3495,7046,1.23,0.6,79.4,82.1,16.5,70
2300450540,一般国道４５号（上北天間林道路）,七戸上北町停車場線,東北町・七戸町境,2408,1,1.3,上北郡東北町大字大浦字中渡,3551,上北郡東北町大字大浦字中渡,3495,7046,1.23,0.6,78,76.7,16.5,70
2300450550,一般国道４５号（上北天間林道路）,東北町・七戸町境,一般国道３９４号,2402,1,1.6,上北郡東北町大字大浦字中渡,3551,上北郡東北町大字大浦字中渡,3495,7046,1.23,0.6,54.9,44.1,15,70
2301010010,一般国道１０１号,一般国道７号,浪岡藤崎線,2201,0,1.7,,3555,,3370,6925,1.23,1.2,23.4,47.7,12,50
2301010020,一般国道１０１号,浪岡藤崎線,一般国道７号,2201,0,0.4,,3555,,3370,6925,1.23,1.2,14,9.3,12,50
2301010030,一般国道１０１号,一般国道７号,大釈迦停車場線,2201,0,0.7,,3555,,3370,6925,1.23,1.2,26.1,40.9,12,50
2301010040,一般国道１０１号,大釈迦停車場線,青森市・五所川原市境,2201,0,0.9,,3555,,3370,6925,1.23,1.2,57.1,53.8,12,50
2301010050,一般国道１０１号,青森市・五所川原市境,五所川原岩木線,2205,0,1.4,,3555,,3370,6925,1.23,1,56,55.1,13.9,50
2301010060,一般国道１０１号,五所川原岩木線,五所川原浪岡線,2205,0,3.2,,3555,,3370,6925,1.23,1,57.3,53.1,13.9,50
2301010070,一般国道１０１号,五所川原浪岡線,五所川原金木線,2205,0,0.7,,3555,,3370,6925,1.23,1.28,43.9,42.2,9.5,40
2301010080,一般国道１０１号,五所川原金木線,浪岡五所川原道路,2205,0,1.6,,3555,,3370,6925,1.23,1.28,47.6,42.2,9.5,40
2301010090,一般国道１０１号,浪岡五所川原道路,福山五所川原線,2205,0,0.2,,3555,,3370,6925,1.23,1.28,22.3,22,9.5,40
2301010100,一般国道１０１号,福山五所川原線,五所川原黒石線,2205,0,2.1,,3555,,3370,6925,1.23,1.28,39.5,43.8,9.5,40
2301010110,一般国道１０１号,五所川原黒石線,松野木姥萢線,2205,0,2.2,五所川原市大字姥萢字船橋,6478,五所川原市大字姥萢字船橋,6634,13112,1.24,0.98,30,28.3,16,40
2301010120,一般国道１０１号,松野木姥萢線,一般国道３３９号,2205,0,0.3,五所川原市大字姥萢字船橋,6478,五所川原市大字姥萢字船橋,6634,13112,1.24,0.98,22.5,12.9,16,40
2301010130,一般国道１０１号,一般国道３３９号,一般国道３３９号,2205,0,0.9,五所川原市大字姥萢字船橋,6478,五所川原市大字姥萢字船橋,6634,13112,1.24,0.98,20,25.4,16,40
2301010140,一般国道１０１号,一般国道３３９号,妙堂崎五所川原線,2205,0,0.4,五所川原市大字小曲字枝村,4699,五所川原市大字小曲字枝村,4995,9694,1.24,0.78,25.8,17.6,15,40
2301010150,一般国道１０１号,妙堂崎五所川原線,蒔田五所川原線,2205,0,1.2,五所川原市大字小曲字枝村,4699,五所川原市大字小曲字枝村,4995,9694,1.24,0.78,19.4,22.3,15,40
2301010160,一般国道１０１号,蒔田五所川原線,五所川原市・つがる市境,2205,0,0.9,五所川原市大字小曲字枝村,4699,五所川原市大字小曲字枝村,4995,9694,1.24,0.78,19.1,20.5,15,40
2301010170,一般国道１０１号,五所川原市・つがる市境,五所川原車力線,2209,0,0.1,五所川原市大字小曲字枝村,4699,五所川原市大字小曲字枝村,4995,9694,1.24,0.9,27.9,21.1,7.5,40
2301010175,一般国道１０１号,五所川原車力線,五所川原西バイパス,2209,0,0.9,五所川原市大字小曲字枝村,4699,五所川原市大字小曲字枝村,4995,9694,1.24,0.73,32.4,31.4,11,40
2301010180,一般国道１０１号,五所川原西バイパス,稲盛千代町山田線,2209,0,0.6,つがる市柏稲盛幾世,5062,つがる市柏稲盛幾世,6356,11418,1.24,0.9,20.9,13.8,9.2,50
2301010190,一般国道１０１号,稲盛千代町山田線,弘前柏線,2209,0,1.3,つがる市柏稲盛幾世,5062,つがる市柏稲盛幾世,6356,11418,1.24,0.9,28.8,34.1,9.2,50
2301010200,一般国道１０１号,弘前柏線,桑野木田南広森線,2209,0,1.7,つがる市柏稲盛幾世,5062,つがる市柏稲盛幾世,6356,11418,1.24,0.9,37.4,44.1,9.2,50
2301010204,一般国道１０１号,桑野木田南広森線,つがる市・鶴田町境,2209,0,1.8,つがる市柏稲盛幾世,5062,つがる市柏稲盛幾世,6356,11418,1.24,0.9,43.2,39.3,9.2,50
2301010207,一般国道１０１号,つがる市・鶴田町境,鶴田町・つがる市境,2384,0,0.2,つがる市柏稲盛幾世,5062,つがる市柏稲盛幾世,6356,11418,1.24,0.93,43.2,39.3,9.2,50
2301010210,一般国道１０１号,鶴田町・つがる市境,稲盛千代町山田線,2209,0,0.3,つがる市柏稲盛幾世,5062,つがる市柏稲盛幾世,6356,11418,1.24,1.12,33.5,27.7,9.2,50
2301010220,一般国道１０１号,稲盛千代町山田線,福原陸奥森田停車場線,2209,0,2.1,つがる市森田町森田平山,4876,つがる市森田町森田平山,4573,9449,1.23,0.68,44.8,44.6,14.5,60
2301010230,一般国道１０１号,福原陸奥森田停車場線,長平町森田線,2209,0,1.2,つがる市森田町森田平山,4876,つがる市森田町森田平山,4573,9449,1.23,0.68,46.9,46.4,14.5,60
2301010240,一般国道１０１号,長平町森田線,鯵ヶ沢蟹田線,2209,0,2.2,つがる市森田町森田平山,4876,つがる市森田町森田平山,4573,9449,1.23,0.68,50.6,50.5,14.5,60
2301010245,一般国道１０１号,鯵ヶ沢蟹田線,一般国道１０１号（鰺ヶ沢道路）,2209,0,1.5,つがる市森田町森田平山,4876,つがる市森田町森田平山,4573,9449,1.23,0.68,51.9,46.7,14.5,60
2301010250,一般国道１０１号,一般国道１０１号（鰺ヶ沢道路）,つがる市・鰺ヶ沢町境,2209,0,0.3,つがる市森田町森田平山,4876,つがる市森田町森田平山,4573,9449,1.23,0.68,31.1,42.2,14.5,60
2301010260,一般国道１０１号,つがる市・鰺ヶ沢町境,山田鯵ヶ沢線,2321,0,0,つがる市森田町森田平山,4876,つがる市森田町森田平山,4573,9449,1.23,0.74,46.9,42.2,8.8,50
2301010270,一般国道１０１号,山田鯵ヶ沢線,弘前鯵ヶ沢線,2321,0,3.2,つがる市森田町森田平山,4876,つがる市森田町森田平山,4573,9449,1.23,0.74,44.5,47.1,8.8,50
2301010280,一般国道１０１号,弘前鯵ヶ沢線,,2321,0,0.3,つがる市森田町森田平山,4876,つがる市森田町森田平山,4573,9449,1.23,0.74,25.8,26.8,8.8,50
2301010285,一般国道１０１号,,一般国道１０１号（鰺ヶ沢道路）,2321,0,0.4,西津軽郡鰺ヶ沢町大字舞戸町字鳴戸,1219,西津軽郡鰺ヶ沢町大字舞戸町字鳴戸,1381,2600,1.23,0.3,33.5,24.3,15.5,50
2301010290,一般国道１０１号,一般国道１０１号（鰺ヶ沢道路）,弘前岳鯵ヶ沢線,2321,0,2.2,西津軽郡鰺ヶ沢町大字舞戸町字鳴戸,1219,西津軽郡鰺ヶ沢町大字舞戸町字鳴戸,1381,2600,1.23,0.3,33.6,31.9,15.5,50
2301010300,一般国道１０１号,弘前岳鯵ヶ沢線,弘前岳鯵ヶ沢線,2321,0,4.6,西津軽郡鰺ヶ沢町大字赤石町字大和田,3129,西津軽郡鰺ヶ沢町大字赤石町字大和田,3117,6246,1.22,0.66,48.1,51.3,16.5,50
2301010310,一般国道１０１号,弘前岳鯵ヶ沢線,一般国道１０１号,2321,0,1.7,西津軽郡深浦町大字柳田字宮崎,2511,西津軽郡深浦町大字柳田字宮崎,2482,4993,1.23,0.4,52.6,56.3,14.5,50
2301010320,一般国道１０１号,一般国道１０１号,鰺ヶ沢町・深浦町境,2321,0,1.2,西津軽郡深浦町大字柳田字宮崎,2511,西津軽郡深浦町大字柳田字宮崎,2482,4993,1.23,0.4,54.6,57.1,14.5,50
2301010330,一般国道１０１号,鰺ヶ沢町・深浦町境,種里町柳田線,2323,0,2.1,西津軽郡深浦町大字柳田字宮崎,2511,西津軽郡深浦町大字柳田字宮崎,2482,4993,1.23,0.44,55.5,55.4,10.5,50
2301010340,一般国道１０１号,種里町柳田線,,2323,0,1.4,西津軽郡深浦町大字柳田字宮崎,2511,西津軽郡深浦町大字柳田字宮崎,2482,4993,1.23,0.44,42.6,50.3,10.5,50
2301010350,一般国道１０１号,,,2323,0,4.3,西津軽郡深浦町大字北金ケ沢字塩見形,1838,西津軽郡深浦町大字北金ケ沢字塩見形,1748,3586,1.21,0.41,56.5,54.7,11.5,50
2301010360,一般国道１０１号,,,2323,0,3.1,西津軽郡深浦町大字追良瀬字塩見崎（道路敷）,1591,西津軽郡深浦町大字追良瀬字塩見崎（道路敷）,1454,3045,1.23,0.74,55.7,58.4,11.5,50
2301010370,一般国道１０１号,,,2323,0,1.4,西津軽郡深浦町大字追良瀬字塩見崎（道路敷）,1591,西津軽郡深浦町大字追良瀬字塩見崎（道路敷）,1454,3045,1.23,0.74,,,11.5,50
2301010380,一般国道１０１号,,一般国道１０１号,2323,0,8.2,西津軽郡深浦町大字追良瀬字塩見崎（道路敷）,1591,西津軽郡深浦町大字追良瀬字塩見崎（道路敷）,1454,3045,1.23,0.74,52.5,50.8,11.5,50
2301010610,一般国道１０１号,一般国道１０１号,一般国道１０１号,2323,0,2.3,,1865,,1833,3698,1.21,0.49,,,12,50
2301010390,一般国道１０１号,一般国道１０１号,一般国道１０１号,2323,0,6.2,西津軽郡深浦町大字追良瀬字塩見崎（道路敷）,1591,西津軽郡深浦町大字追良瀬字塩見崎（道路敷）,1454,3045,1.23,0.51,46.5,45.3,12.3,40
2301010400,一般国道１０１号,一般国道１０１号,岩崎深浦線,2323,0,2.6,西津軽郡深浦町大字深浦字浜町(公園敷地),2539,西津軽郡深浦町大字深浦字浜町(公園敷地),2513,5052,1.23,0.39,,,12.3,40
2301010410,一般国道１０１号,岩崎深浦線,艫作艫作停車場線,2323,0,7,西津軽郡深浦町大字横磯字中岡崎,1331,西津軽郡深浦町大字横磯字中岡崎,1325,2656,1.22,0.29,52.4,52,9,50
2301010420,一般国道１０１号,艫作艫作停車場線,沢辺陸奥沢辺停車場線,2323,0,4.3,西津軽郡深浦町大字横磯字中岡崎,1331,西津軽郡深浦町大字横磯字中岡崎,1325,2656,1.22,0.29,56.1,53.3,9,50
2301010430,一般国道１０１号,沢辺陸奥沢辺停車場線,岩崎深浦線,2323,0,2,西津軽郡深浦町大字横磯字中岡崎,1331,西津軽郡深浦町大字横磯字中岡崎,1325,2656,1.22,0.29,56.4,52.8,9,50
2301010440,一般国道１０１号,岩崎深浦線,岩崎西目屋弘前線,2323,0,1.3,西津軽郡深浦町大字横磯字中岡崎,1331,西津軽郡深浦町大字横磯字中岡崎,1325,2656,1.22,0.3,41.4,43.2,8,50
2301010450,一般国道１０１号,岩崎西目屋弘前線,十二湖公園線,2323,0,3.7,西津軽郡深浦町大字横磯字中岡崎,1331,西津軽郡深浦町大字横磯字中岡崎,1325,2656,1.22,0.3,60.1,52.6,8,50
2301010460,一般国道１０１号,十二湖公園線,松神停車場線,2323,0,1.8,西津軽郡深浦町大字横磯字中岡崎,1331,西津軽郡深浦町大字横磯字中岡崎,1325,2656,1.22,0.3,60.6,57.9,8,50
2301010470,一般国道１０１号,松神停車場線,,2323,0,1.5,西津軽郡深浦町大字横磯字中岡崎,1331,西津軽郡深浦町大字横磯字中岡崎,1325,2656,1.22,0.3,63.3,57.7,8,50
2301010480,一般国道１０１号,,一般国道１０１号,2323,0,10.8,西津軽郡深浦町大字大間越字宮崎浜,522,西津軽郡深浦町大字大間越字宮崎浜,491,1013,1.17,0.12,60.7,56.2,10.4,50
2301010500,浪岡五所川原道路,東北自動車道,青森市・五所川原市境,2201,1,2.3,青森市浪岡大字徳才子字山本,6140,青森市浪岡大字徳才子字山本,6263,12403,1.21,1.37,49.9,69.1,12,60
2301010510,浪岡五所川原道路,青森市・五所川原市境,一般国道１０１号,2205,1,5.4,青森市浪岡大字徳才子字山本,6140,青森市浪岡大字徳才子字山本,6263,12403,1.21,0.88,75.1,76.4,12,60
2301010520,浪岡五所川原道路,一般国道１０１号,五所川原ＩＣアクセス道路,2205,1,3.4,五所川原市大字松野木字松本,6141,五所川原市大字松野木字松本,5901,12042,1.21,0.77,72.3,74.1,12,60
2301010530,浪岡五所川原道路,五所川原ＩＣアクセス道路,一般国道３３９号,2205,1,4.7,五所川原市大字金山字亀ケ岡,4571,五所川原市大字金山字亀ケ岡,4214,8785,1.2,0.66,73.1,73,12,60
2301010620,五所川原西バイパス,一般国道３３９号,一般国道１０１号,2205,1,3.4,五所川原市大字長橋字広野,3175,五所川原市大字長橋字広野,2895,6070,1.17,0.43,65.8,38.5,12,60
2301010580,一般国道１０１号,一般国道１０１号,松代町陸奥赤石停車場線,2321,0,1.1,,265,,295,560,1.12,0.07,,,7.7,40
2301010590,一般国道１０１号,松代町陸奥赤石停車場線,一般国道１０１号,2321,0,0.8,,265,,295,560,1.12,0.07,,,7.7,40
2301010640,一般国道１０１号（鰺ヶ沢道路）,一般国道１０１号,つがる市・鰺ヶ沢町境,2209,1,0.5,西津軽郡鰺ヶ沢町大字北浮田町字兼草,2476,西津軽郡鰺ヶ沢町大字北浮田町字兼草,2637,5113,1.17,0.37,38.1,42.5,15,60
2301010650,一般国道１０１号（鰺ヶ沢道路）,つがる市・鰺ヶ沢町境,弘前鯵ヶ沢線,2321,1,2.3,西津軽郡鰺ヶ沢町大字北浮田町字兼草,2476,西津軽郡鰺ヶ沢町大字北浮田町字兼草,2637,5113,1.17,0.37,67.8,65.8,13,60
2301010660,一般国道１０１号（鰺ヶ沢道路）,弘前鯵ヶ沢線,一般国道１０１号,2321,1,1.2,西津軽郡鰺ヶ沢町大字北浮田町字兼草,2476,西津軽郡鰺ヶ沢町大字北浮田町字兼草,2637,5113,1.17,0.37,59.8,65.8,13,60
2301020010,一般国道１０２号,一般国道７号,松木平撫牛子停車場線,2202,0,0.4,,11064,,10738,21802,1.26,0.65,18.7,20.1,40,50
2301020020,一般国道１０２号,松木平撫牛子停車場線,弘前平賀線,2202,0,0.6,,11064,,10738,21802,1.26,0.65,29.6,24.8,40,50
2301020030,一般国道１０２号,弘前平賀線,弘前市・平川市境,2202,0,1.9,,11064,,10738,21802,1.26,0.65,28.1,40.2,40,50
2301020040,一般国道１０２号,弘前市・平川市境,弘前環状線,2210,0,0.5,,11064,,10738,21802,1.26,0.74,56.2,25.9,23.4,50
2301020050,一般国道１０２号,弘前環状線,尾上日沼線,2210,0,0.3,平川市八幡崎松橋,8523,平川市八幡崎松橋,8523,17046,1.25,0.57,32.2,23.9,21,60
2301020060,一般国道１０２号,尾上日沼線,平川市・田舎館村境,2210,0,1.6,平川市八幡崎松橋,8523,平川市八幡崎松橋,8523,17046,1.25,0.57,43.4,46.1,21,60
2301020065,一般国道１０２号,平川市・田舎館村境,弘前田舎館黒石線,2367,0,1.5,平川市八幡崎松橋,8523,平川市八幡崎松橋,8523,17046,1.25,0.53,46.2,39.4,20.3,60
2301020070,一般国道１０２号,弘前田舎館黒石線,田舎館村・黒石市境,2367,0,1.4,南津軽郡田舎館村大字田舎館字東田,8167,南津軽郡田舎館村大字田舎館字東田,8153,16320,1.25,0.51,43.2,39.9,20.2,60
2301020080,一般国道１０２号,田舎館村・黒石市境,,2204,0,1.1,南津軽郡田舎館村大字田舎館字東田,8167,南津軽郡田舎館村大字田舎館字東田,8153,16320,1.25,0.34,32.6,34.6,35.1,60
2301020090,一般国道１０２号,,大鰐浪岡線,2204,0,0.9,黒石市大字中川字篠村,5954,黒石市大字中川字篠村,6620,12574,1.24,0.43,40.5,35.5,32,50
2301020100,一般国道１０２号,大鰐浪岡線,吹上金屋黒石線,2204,0,0.6,黒石市大字中川字篠村,5954,黒石市大字中川字篠村,6620,12574,1.24,0.43,26.8,43.3,32,50
2301020110,一般国道１０２号,吹上金屋黒石線,東北自動車道,2204,0,0.7,黒石市大字浅瀬石字櫻田,3693,黒石市大字浅瀬石字櫻田,3469,7162,1.23,0.21,40.9,40.4,32,50
2301020120,一般国道１０２号,東北自動車道,弘前田舎館黒石線,2204,0,2.3,黒石市大字浅瀬石字櫻田,3693,黒石市大字浅瀬石字櫻田,3469,7162,1.23,0.21,47.4,41.2,32,50
2301020130,一般国道１０２号,弘前田舎館黒石線,一般国道３９４号,2204,0,4.4,黒石市大字浅瀬石字櫻田,3693,黒石市大字浅瀬石字櫻田,3469,7162,1.23,0.71,44.3,47.7,15.9,50
2301020140,一般国道１０２号,一般国道３９４号,黒石市・平川市境,2204,0,8.2,黒石市大字浅瀬石字櫻田,3693,黒石市大字浅瀬石字櫻田,3469,7162,1.23,0.71,59.5,46,15.9,50
2301020150,一般国道１０２号,黒石市・平川市境,一般国道４５４号,2210,0,0.1,黒石市大字浅瀬石字櫻田,3693,黒石市大字浅瀬石字櫻田,3469,7162,1.23,0.7,46.5,42,11.5,50
2301020160,一般国道１０２号,一般国道４５４号,平川市・黒石市境,2210,0,0.3,,397,,359,756,1.14,0.13,60.2,60.5,11.5,50
2301020170,一般国道１０２号,平川市・黒石市境,黒石市・平川市境,2204,0,1.1,,397,,359,756,1.14,0.14,57.7,56,12.3,50
2301020180,一般国道１０２号,黒石市・平川市境,一般国道４５４号,2210,0,15.1,,397,,359,756,1.14,0.14,50.1,45.9,11.7,50
2301020190,一般国道１０２号,一般国道４５４号,平川市・十和田市境,2210,0,6.5,十和田市大字奥瀬字尻辺山国有林,31,十和田市大字奥瀬字尻辺山国有林,26,57,1.14,0.01,40.7,37.7,6.5,40
2301020200,一般国道１０２号,平川市・十和田市境,十和田市・平川市境,2206,0,0.2,十和田市大字奥瀬字尻辺山国有林,31,十和田市大字奥瀬字尻辺山国有林,26,57,1.14,0.01,35.4,34.8,6.5,40
2301020210,一般国道１０２号,十和田市・平川市境,平川市・十和田市境,2210,0,0.8,十和田市大字奥瀬字尻辺山国有林,31,十和田市大字奥瀬字尻辺山国有林,26,57,1.14,0.01,39.1,31.5,6.5,40
2301020220,一般国道１０２号,平川市・十和田市境,一般国道１０２号奥入瀬バイパス,2206,0,5.3,十和田市大字奥瀬字尻辺山国有林,31,十和田市大字奥瀬字尻辺山国有林,26,57,1.14,0.01,37.5,28.2,6.5,40
2301020230,一般国道１０２号,一般国道１０２号奥入瀬バイパス,一般国道１０３号,2206,0,6.3,十和田市大字奥瀬字十和田,36,十和田市大字奥瀬字十和田,28,64,1.12,0.01,53.1,36.5,6.5,40
2301020240,一般国道１０２号,一般国道１０３号,一般国道１０２号奥入瀬バイパス,2206,0,9.8,十和田市大字奥瀬惣辺山国有林,498,十和田市大字奥瀬惣辺山国有林,519,1017,1.22,0.3,39.3,39.2,9,40
2301020250,一般国道１０２号,一般国道１０２号奥入瀬バイパス,一般国道１０３号,2206,0,3.8,十和田市大字奥瀬字栃久保227,759,十和田市大字奥瀬字栃久保227,792,1551,1.22,0.43,41.4,40.7,9,40
2301020260,一般国道１０２号,一般国道１０３号,,2206,0,3.7,十和田市大字法量字焼山,834,十和田市大字法量字焼山,752,1586,1.22,0.39,51.8,50.7,8,40
2301020270,一般国道１０２号,,,2206,0,8.3,十和田市大字法量字前川原,2052,十和田市大字法量字前川原,2175,4227,1.22,0.44,54.9,57.5,11,50
2301020280,一般国道１０２号,,青森田代十和田線,2206,0,2.3,十和田市大字法量字前川原,2052,十和田市大字法量字前川原,2175,4227,1.22,0.44,41.8,46.8,11,50
2301020290,一般国道１０２号,青森田代十和田線,中ノ渡十和田線,2206,0,0.7,十和田市大字法量字前川原,2052,十和田市大字法量字前川原,2175,4227,1.22,0.44,50.9,52.7,11,50
2301020300,一般国道１０２号,中ノ渡十和田線,,2206,0,2.5,十和田市大字法量字前川原,2052,十和田市大字法量字前川原,2175,4227,1.22,0.44,53.4,53.8,11,50
2301020310,一般国道１０２号,,十和田三戸線,2206,0,5.3,十和田市西十一番町,3449,十和田市西十一番町,3767,7216,1.23,0.59,29.3,27.7,10.5,40
2301020320,一般国道１０２号,十和田三戸線,十和田三戸線,2206,0,0.9,十和田市大字三本木字稲吉,5312,十和田市大字三本木字稲吉,4959,10271,1.23,0.91,19.6,17.6,20,50
2301020330,一般国道１０２号,十和田三戸線,一般国道４号,2206,0,3.8,十和田市大字三本木字稲吉,5312,十和田市大字三本木字稲吉,4959,10271,1.23,0.91,26.8,26.3,20,50
2301020350,一般国道１０２号奥入瀬バイパス,一般国道１０２号,一般国道１０２号,2206,0,7.6,十和田市尻辺山国有林,134,十和田市尻辺山国有林,126,260,1.13,0.06,40.1,43.8,12,50
2301030010,一般国道１０３号,一般国道４号,一般国道７号,2201,0,3.3,青森市勝田一丁目,11158,青森市勝田一丁目,12728,23886,1.27,0.61,19.3,18.2,25,50
2301030020,一般国道１０３号,一般国道７号,青森浪岡線,2201,0,0.2,青森市勝田一丁目,11158,青森市勝田一丁目,12728,23886,1.27,0.61,7,15.8,25,50
2301030030,一般国道１０３号,青森浪岡線,一般国道１０３号,2201,0,1.1,青森市大字横内字神田,3747,青森市大字横内字神田,3663,7410,1.23,0.62,13,23.2,15.9,50
2301030040,一般国道１０３号,一般国道１０３号,青森環状野内線,2201,0,1,青森市大字横内字神田,3747,青森市大字横内字神田,3663,7410,1.23,0.62,32.3,27.7,15.9,50
2301030050,一般国道１０３号,青森環状野内線,一般国道１０３号,2201,0,2.4,,3563,,3660,7223,1.23,0.92,33.9,40.1,16.5,50
2301030060,一般国道１０３号,一般国道１０３号,青森田代十和田線,2201,0,10.1,,3563,,3660,7223,1.23,0.92,43.9,45.3,16.5,50
2301030070,一般国道１０３号,青森田代十和田線,酸ヶ湯高田線,2201,0,6.5,,3563,,3660,7223,1.23,0.92,46.9,48.3,16.5,50
2301030080,一般国道１０３号,酸ヶ湯高田線,一般国道３９４号,2201,0,1.4,,3563,,3660,7223,1.23,0.92,45.5,47.1,16.5,50
2301030090,一般国道１０３号,一般国道３９４号,青森市・十和田市境,2201,0,5.7,十和田市大字法量字谷地,264,十和田市大字法量字谷地,229,493,1.23,0.1,41.3,43.1,7,40
2301030100,一般国道１０３号,青森市・十和田市境,一般国道３９４号,2206,0,4.8,十和田市大字法量字谷地,264,十和田市大字法量字谷地,229,493,1.23,0.11,39.2,47.4,6.5,40
2301030110,一般国道１０３号,一般国道３９４号,一般国道１０２号,2206,0,11.4,十和田市大字奥瀬字蔦,540,十和田市大字奥瀬字蔦,536,1076,1.15,0.15,48.1,47.2,6.5,40
2301030130,一般国道１０３号,一般国道１０２号,一般国道４５４号,2206,0,3.9,十和田市大字奥瀬字十和田,535,十和田市大字奥瀬字十和田,510,1045,1.21,0.14,49.1,47.2,13,40
2301030140,一般国道１０３号,一般国道４５４号,一般国道１０３号,2206,0,0.6,十和田市大字奥瀬字十和田,535,十和田市大字奥瀬字十和田,510,1045,1.21,0.14,45.3,46.9,13,40
2301030150,一般国道１０３号,一般国道１０３号,一般国道１０３号,2206,0,2.8,十和田市大字奥瀬字十和田,535,十和田市大字奥瀬字十和田,510,1045,1.21,0.14,69.6,63.7,13,40
2301030170,一般国道１０３号,一般国道１０３号,一般国道１０３号,2206,0,0.1,十和田市大字奥瀬字十和田,535,十和田市大字奥瀬字十和田,510,1045,1.21,0.14,52.2,62.9,13.5,40
2301030180,一般国道１０３号,一般国道１０３号,一般国道１０３号,2206,0,0.7,十和田市大字奥瀬字十和田,535,十和田市大字奥瀬字十和田,510,1045,1.21,0.16,41.3,49.7,10,40
2301030200,一般国道１０３号,一般国道１０３号,青森環状野内線,2201,0,0.9,青森市大字横内字亀井,2765,青森市大字横内字亀井,3426,6191,1.23,0.52,24.2,19.7,10,40
2301030210,一般国道１０３号,青森環状野内線,一般国道１０３号,2201,0,2.4,青森市大字横内字桜峰,679,青森市大字横内字桜峰,664,1343,1.18,0.22,28.4,34.7,9.5,50
2301030230,一般国道１０３号,一般国道１０３号,一般国道１０３号,2206,0,6,,1246,,1270,2516,1.22,0.38,29.2,32.6,7.5,40
2301040010,一般国道１０４号,一般国道４５号,一般国道４５４号,2203,0,1.2,八戸市大字櫛引字上川原,7477,八戸市大字櫛引字上川原,7064,14541,1.24,1.32,15,7.5,12,40
2301040020,一般国道１０４号,一般国道４５４号,妙売市線,2203,0,1.4,八戸市大字櫛引字上川原,7477,八戸市大字櫛引字上川原,7064,14541,1.24,1.32,10.8,18.6,12,40
2301040030,一般国道１０４号,妙売市線,八戸環状線,2203,0,2.3,八戸市大字櫛引字上川原,7477,八戸市大字櫛引字上川原,7064,14541,1.24,1.32,20,21.3,18,40
2301040040,一般国道１０４号,八戸環状線,八戸三沢線,2203,0,0.7,八戸市大字櫛引字上川原,7477,八戸市大字櫛引字上川原,7064,14541,1.24,0.63,25.9,15.1,24,50
2301040050,一般国道１０４号,八戸三沢線,櫛引上名久井三戸線,2203,0,2.1,八戸市大字櫛引字上川原,7477,八戸市大字櫛引字上川原,7064,14541,1.24,1.2,27,35.6,16.5,50
2301040055,一般国道１０４号,櫛引上名久井三戸線,中野北高岩停車場線,2203,0,2.4,八戸市大字櫛引字上川原,7477,八戸市大字櫛引字上川原,7064,14541,1.24,1.18,25.9,42.8,20.6,50
2301040060,一般国道１０４号,中野北高岩停車場線,中野北高岩停車場線,2203,0,0.2,八戸市大字櫛引字上川原,7477,八戸市大字櫛引字上川原,7064,14541,1.24,1.44,25.6,22.3,8.8,50
2301040070,一般国道１０４号,中野北高岩停車場線,,2203,0,0.1,八戸市大字櫛引字上川原,7477,八戸市大字櫛引字上川原,7064,14541,1.24,1.44,35.3,36.4,8.8,50
2301040080,一般国道１０４号,,八戸市・南部町境,2203,0,0.5,三戸郡南部町大字苫米地字神明下河原,5314,三戸郡南部町大字苫米地字神明下河原,5322,10636,1.23,0.76,47.2,48.6,8.9,50
2301040090,一般国道１０４号,八戸市・南部町境,苫米地兎内線,2445,0,2.2,三戸郡南部町大字苫米地字神明下河原,5314,三戸郡南部町大字苫米地字神明下河原,5322,10636,1.23,0.96,42.2,37.5,14,50
2301040100,一般国道１０４号,苫米地兎内線,福田苫米地線,2445,0,1,三戸郡南部町大字苫米地字神明下河原,5314,三戸郡南部町大字苫米地字神明下河原,5322,10636,1.23,0.96,40.4,40.1,14,50
2301040110,一般国道１０４号,福田苫米地線,剣吉停車場線,2445,0,1.8,三戸郡南部町大字苫米地字神明下河原,5314,三戸郡南部町大字苫米地字神明下河原,5322,10636,1.23,0.96,53.4,51.5,14,50
2301040120,一般国道１０４号,剣吉停車場線,軽米名川線,2445,0,1.7,三戸郡南部町大字苫米地字神明下河原,5314,三戸郡南部町大字苫米地字神明下河原,5322,10636,1.23,0.96,47.9,47.6,14,50
2301040130,一般国道１０４号,軽米名川線,一般国道４号,2445,0,0.6,三戸郡南部町大字苫米地字神明下河原,5314,三戸郡南部町大字苫米地字神明下河原,5322,10636,1.23,0.96,45.3,28.5,14,50
2301040150,一般国道１０４号,一般国道４号,野々上斗内線,2441,0,2.7,三戸郡三戸町豊川字上村中,3919,三戸郡三戸町豊川字上村中,3923,7842,1.23,0.8,44.2,47.2,8.7,50
2301040160,一般国道１０４号,野々上斗内線,貝守斗内線,2441,0,1.7,三戸郡三戸町豊川字上村中,3919,三戸郡三戸町豊川字上村中,3923,7842,1.23,0.8,49.3,44.7,8.7,50
2301040170,一般国道１０４号,貝守斗内線,三戸町・田子町境,2441,0,1.3,三戸郡三戸町豊川字上村中,3919,三戸郡三戸町豊川字上村中,3923,7842,1.23,0.8,51.5,50.8,8.7,50
2301040179,一般国道１０４号,三戸町・田子町境,南部田子線,2443,0,2.3,三戸郡三戸町豊川字上村中,3919,三戸郡三戸町豊川字上村中,3923,7842,1.23,0.84,42.9,39.9,9.4,50
2301040180,一般国道１０４号,南部田子線,二戸田子線,2443,0,0.1,三戸郡三戸町豊川字上村中,3919,三戸郡三戸町豊川字上村中,3923,7842,1.23,0.8,29.9,21.8,8,40
2301040190,一般国道１０４号,二戸田子線,町道,2443,0,0.3,三戸郡三戸町豊川字上村中,3919,三戸郡三戸町豊川字上村中,3923,7842,1.23,0.8,25.4,29.1,8,40
2301040200,一般国道１０４号,町道,田子十和田湖線,2443,0,0.9,三戸郡田子町大字田子字田子,2169,三戸郡田子町大字田子字田子,2158,4327,1.22,0.5,25.6,30.1,8,40
2301040210,一般国道１０４号,田子十和田湖線,道前浄法寺線,2443,0,9.2,三戸郡田子町大字田子字田子,2169,三戸郡田子町大字田子字田子,2158,4327,1.22,0.5,46.6,46.2,8,40
2301040220,一般国道１０４号,道前浄法寺線,一般国道１０４号,2443,0,14.7,三戸郡田子町大字山口字八幡平,417,三戸郡田子町大字山口字八幡平,400,817,1.14,0.13,55.1,49.6,10.5,60
2302790010,一般国道２７９号,,一般国道３３８号,2423,0,1.2,下北郡大間町大字大間字奥戸下道20-1,635,下北郡大間町大字大間字奥戸下道20-1,726,1361,1.16,0.12,17.2,13.2,16.4,50
2302790020,一般国道２７９号,一般国道３３８号,大間町・風間浦村境,2423,0,2.8,下北郡大間町大字大間字奥戸下道20-1,635,下北郡大間町大字大間字奥戸下道20-1,726,1361,1.16,0.12,42.9,47.3,16.4,50
2302790030,一般国道２７９号,大間町・風間浦村境,,2425,0,0.3,下北郡大間町大字大間字奥戸下道20-1,635,下北郡大間町大字大間字奥戸下道20-1,726,1361,1.16,0.13,58.3,58.3,16.4,50
2302790040,一般国道２７９号,,,2425,0,10.3,下北郡風間浦村大字易国間字新町,1683,下北郡風間浦村大字易国間字新町,1815,3498,1.21,0.29,45.1,46.8,16.4,50
2302790050,一般国道２７９号,,風間浦村・むつ市境,2425,0,7.9,下北郡風間浦村大字易国間字新町,1683,下北郡風間浦村大字易国間字新町,1815,3498,1.21,0.26,36.9,37.6,15.2,50
2302790060,一般国道２７９号,風間浦村・むつ市境,,2208,0,2.5,下北郡風間浦村大字易国間字新町,1683,下北郡風間浦村大字易国間字新町,1815,3498,1.21,0.35,40.8,49.5,8,50
2302790070,一般国道２７９号,,,2208,0,1.1,むつ市大畑町釣屋浜二枚橋,83,むつ市大畑町釣屋浜二枚橋,91,174,1.22,0.02,42.8,48.7,6.5,60
2302790380,一般国道２７９号,,,2208,0,0.5,,2440,,2559,4999,1.23,0.3,38.6,46.8,15.3,60
2302790084,一般国道２７９号,,一般国道２７９号,2208,0,1.9,むつ市大畑町釣屋浜二枚橋,83,むつ市大畑町釣屋浜二枚橋,91,174,1.22,0.02,57.4,60.3,6.5,60
2302790630,一般国道２７９号,一般国道２７９号,一般国道２７９号,2208,0,2.5,,,,,,,,,,6.5,40
2302790090,一般国道２７９号,一般国道２７９号,一般国道２７９号,2208,0,0.6,むつ市大畑町釣屋浜二枚橋,83,むつ市大畑町釣屋浜二枚橋,91,174,1.22,0.02,57.9,60.4,6.5,60
2302790100,一般国道２７９号,一般国道２７９号,むつ恐山公園大畑線,2208,0,0.4,むつ市大畑町釣屋浜二枚橋,83,むつ市大畑町釣屋浜二枚橋,91,174,1.22,0.02,47.6,52.3,15.5,50
2302790110,一般国道２７９号,むつ恐山公園大畑線,一般国道２７９号,2208,0,7.2,むつ市大畑町釣屋浜二枚橋,83,むつ市大畑町釣屋浜二枚橋,91,174,1.22,0.02,41.8,47.3,15.5,50
2302790120,一般国道２７９号,一般国道２７９号,陸奥関根停車場線,2208,0,1.9,むつ市大字関根字北関根ノ内袖角地342-61,4542,むつ市大字関根字北関根ノ内堂ノ後,4848,9390,1.23,0.83,47.4,47.2,16,50
2302790130,一般国道２７９号,陸奥関根停車場線,関根蒲野沢線,2208,0,0.4,むつ市大字関根字北関根ノ内袖角地342-61,4542,むつ市大字関根字北関根ノ内堂ノ後,4848,9390,1.23,0.83,43.2,44,16,50
2302790140,一般国道２７９号,関根蒲野沢線,一般国道２７９号,2208,0,4.8,むつ市大字関根字北関根ノ内袖角地342-61,4542,むつ市大字関根字北関根ノ内堂ノ後,4848,9390,1.23,0.83,50.7,47.1,16,50
2302790150,一般国道２７９号,一般国道２７９号,一般国道３３８号,2208,0,0.8,むつ市大字関根字北関根ノ内袖角地342-61,4542,むつ市大字関根字北関根ノ内堂ノ後,4848,9390,1.23,0.93,27.2,33,15.5,50
2302790160,一般国道２７９号,一般国道３３８号,むつ尻屋崎線,2208,0,0.9,むつ市大字関根字北関根ノ内袖角地342-61,4542,むつ市大字関根字北関根ノ内堂ノ後,4848,9390,1.23,0.93,32.7,31.9,15.5,50
2302790170,一般国道２７９号,むつ尻屋崎線,一般国道３３８号,2208,0,0.4,むつ市大字関根字北関根ノ内袖角地342-61,4542,むつ市大字関根字北関根ノ内堂ノ後,4848,9390,1.23,0.93,18.8,18,15.5,50
2302790180,一般国道２７９号,一般国道３３８号,むつ恐山公園大畑線,2208,0,1.4,むつ市大字関根字北関根ノ内袖角地342-61,4542,むつ市大字関根字北関根ノ内堂ノ後,4848,9390,1.23,0.93,29.6,23.4,15.5,50
2302790190,一般国道２７９号,むつ恐山公園大畑線,赤川停車場線,2208,0,1.4,むつ市大曲二丁目1-1,3731,むつ市大曲二丁目1-1,3057,6788,1.23,0.67,27.7,29,10,50
2302790200,一般国道２７９号,赤川停車場線,赤川下北停車場線,2208,0,2.3,むつ市大曲二丁目1-1,3731,むつ市大曲二丁目1-1,3057,6788,1.23,0.67,44.9,43.2,10,50
2302790210,一般国道２７９号,赤川下北停車場線,むつ東通線,2208,0,8.2,むつ市大字奥内字近川8-47,5043,むつ市大字奥内字近川8-47,4524,9567,1.23,0.22,47.8,50.3,22.75,50
2302790220,一般国道２７９号,むつ東通線,むつ東通線,2208,0,0.5,むつ市大字奥内字近川8-47,5043,むつ市大字奥内字近川8-47,4524,9567,1.23,0.22,42.9,38,22.75,50
2302790230,一般国道２７９号,むつ東通線,むつ市・横浜町境,2208,0,3.6,,3124,,3099,6223,1.23,0.63,52.6,55.4,13.6,50
2302790240,一般国道２７９号,むつ市・横浜町境,泊陸奥横浜停車場線,2406,0,8.5,,3124,,3099,6223,1.23,0.63,53.4,55,13,50
2302790250,一般国道２７９号,泊陸奥横浜停車場線,泊陸奥横浜停車場線,2406,0,2.2,,3124,,3099,6223,1.23,0.63,47.2,46.6,13,50
2302790260,一般国道２７９号,泊陸奥横浜停車場線,一般国道２７９号,2406,0,4.7,,3124,,3099,6223,1.23,0.63,54.2,53.2,13,50
2302790270,一般国道２７９号,一般国道２７９号,横浜町・野辺地町境,2406,0,6,,3124,,3099,6223,1.23,0.63,56.4,58.1,8,50
2302790280,一般国道２７９号,横浜町・野辺地町境,尾駮有戸停車場線,2401,0,5,,3124,,3099,6223,1.23,0.63,55.3,59.6,11,50
2302790290,一般国道２７９号,尾駮有戸停車場線,尾駮有戸停車場線,2401,0,2.3,,3124,,3099,6223,1.23,0.67,56.8,57,10.4,50
2302790300,一般国道２７９号,尾駮有戸停車場線,野辺地六ヶ所線,2401,0,4,,3124,,3099,6223,1.23,0.67,61.6,60.4,10.4,50
2302790310,一般国道２７９号,野辺地六ヶ所線,野辺地ハーフＩＣアクセス道路,2401,0,2,上北郡野辺地町字千草橋66-1,1993,上北郡野辺地町字千草橋66-1,1833,3826,1.22,0.64,51.5,48.4,9,40
2302790320,一般国道２７９号,野辺地ハーフＩＣアクセス道路,馬門野辺地線,2401,0,1.5,上北郡野辺地町字千草橋66-1,1993,上北郡野辺地町字千草橋66-1,1833,3826,1.22,1.09,20.6,26,10,40
2302790330,一般国道２７９号,馬門野辺地線,,2401,0,0.5,上北郡野辺地町字千草橋66-1,1993,上北郡野辺地町字千草橋66-1,1833,3826,1.22,1.09,17.3,17.8,10,40
2302790340,一般国道２７９号,,水喰野辺地線,2401,0,0.2,上北郡野辺地町字千草橋66-1,1993,上北郡野辺地町字千草橋66-1,1833,3826,1.22,1.09,19.9,15.8,10,40
2302790350,一般国道２７９号,水喰野辺地線,野辺地停車場線,2401,0,0.6,上北郡野辺地町字千草橋66-1,1993,上北郡野辺地町字千草橋66-1,1833,3826,1.22,1.09,14.2,17.8,10,40
2302790360,一般国道２７９号,野辺地停車場線,一般国道４号,2401,0,1,上北郡野辺地町字千草橋66-1,1993,上北郡野辺地町字千草橋66-1,1833,3826,1.22,1.09,32.3,27.2,10,40
2302790400,一般国道２７９号,一般国道２７９号,むつ恐山公園大畑線,2208,0,0.5,むつ市大畑町新町19,933,むつ市大畑町新町19,788,1721,1.22,0.22,24.1,29.4,8,40
2302790410,一般国道２７９号,むつ恐山公園大畑線,大畑港線,2208,0,0.5,むつ市大畑町新町19,933,むつ市大畑町新町19,788,1721,1.22,0.22,28.3,18.5,8,40
2302790420,一般国道２７９号,大畑港線,正津川停車場線,2208,0,2.4,むつ市大畑町新町19,933,むつ市大畑町新町19,788,1721,1.22,0.22,27.8,33.3,8,40
2302790430,一般国道２７９号,正津川停車場線,川代停車場線,2208,0,2.3,むつ市大畑町新町19,933,むつ市大畑町新町19,788,1721,1.22,0.22,42.7,48.9,8,40
2302790440,一般国道２７９号,川代停車場線,一般国道２７９号,2208,0,0.9,むつ市大畑町新町19,933,むつ市大畑町新町19,788,1721,1.22,0.22,35.1,15.6,8,40
2302790460,一般国道２７９号,一般国道２７９号,一般国道３３８号,2208,0,0.8,むつ市柳町一丁目,1632,むつ市柳町一丁目,2084,3716,1.23,0.31,27.5,21.2,10.5,40
2302790470,一般国道２７９号,一般国道３３８号,田名部停車場線,2208,0,0.9,むつ市柳町一丁目,1632,むつ市柳町一丁目,2084,3716,1.23,0.31,21.2,18.7,10.5,40
2302790480,一般国道２７９号,田名部停車場線,一般国道３３８号,2208,0,0.3,むつ市柳町一丁目,1632,むつ市柳町一丁目,2084,3716,1.23,0.31,15.7,12,10.5,40
2302790570,一般国道２７９号,一般国道２７９号,,2406,0,0.9,,,,,,,,53,57.2,10.9,50
2302790580,一般国道２７９号,,横浜町・六ヶ所村境,2406,1,4.7,,,,,,,,64.2,71.7,13.6,70
2302790590,一般国道２７９号,横浜町・六ヶ所村境,,2411,1,1,,,,,,,,65.9,53.9,24.8,70
2302790600,一般国道２７９号,,六ヶ所村・野辺地町境,2411,1,2.5,上北郡六ヶ所村大字尾駮字家ノ後,3404,上北郡六ヶ所村大字尾駮字家ノ後,4244,7648,1.22,0.87,32.3,72.8,13.5,70
2302790610,一般国道２７９号,六ヶ所村・野辺地町境,尾駮有戸停車場線,2401,1,4.4,上北郡六ヶ所村大字尾駮字家ノ後,3404,上北郡六ヶ所村大字尾駮字家ノ後,4244,7648,1.22,1.06,79.6,80.7,13.5,70
2302790500,一般国道２７９号,尾駮有戸停車場線,野辺地六ヶ所線,2401,1,6.3,上北郡野辺地町字向田75-2,3203,上北郡野辺地町字向田75-2,4038,7241,1.23,1.15,77,81.6,12,70
2302790510,一般国道２７９号,野辺地六ヶ所線,野辺地ハーフＩＣアクセス道路,2401,1,2.4,上北郡野辺地町字大谷地東沢46-1,3549,上北郡野辺地町字大谷地東沢46-1,4436,7985,1.23,1.27,75.7,73.6,12,70
2302790520,一般国道２７９号,野辺地ハーフＩＣアクセス道路,野辺地町・東北町境,2401,1,3.2,上北郡野辺地町字坊ノ塚48-67,1839,上北郡野辺地町字坊ノ塚48-67,2490,4329,1.22,0.8,74.7,74.4,12,70
2302790530,一般国道２７９号,野辺地町・東北町境,東北町・野辺地町境,2408,1,0.4,上北郡野辺地町字坊ノ塚48-67,1839,上北郡野辺地町字坊ノ塚48-67,2490,4329,1.22,0.8,78.1,76.6,12,70
2302790540,一般国道２７９号,東北町・野辺地町境,野辺地町・東北町境,2401,1,0.8,上北郡野辺地町字坊ノ塚48-67,1839,上北郡野辺地町字坊ノ塚48-67,2490,4329,1.22,0.8,72.4,71.4,12,70
2302790550,一般国道２７９号,野辺地町・東北町境,一般国道４号,2408,1,0.7,上北郡野辺地町字坊ノ塚48-67,1839,上北郡野辺地町字坊ノ塚48-67,2490,4329,1.22,0.8,46.7,25.8,12,40
2302790087,一般国道２７９号,一般国道２７９号,一般国道２７９号,2208,0,2,むつ市大畑町釣屋浜二枚橋（バイパス）,1761,むつ市大畑町釣屋浜二枚橋（バイパス）,1970,3731,1.22,0.45,66,68.4,13.3,60
2302790650,一般国道２７９号,むつ尻屋崎線,一般国道３３８号,2208,1,1.3,,,,,,,,,,13.5,70
2302800010,一般国道２８０号,一般国道７号,津軽新城停車場油川線,2201,0,4.6,青森市柳川二丁目,4960,青森市柳川二丁目,4889,9849,1.23,0.71,20.9,22.6,14.4,40
2302800020,一般国道２８０号,津軽新城停車場油川線,青森五所川原線,2201,0,0.4,青森市柳川二丁目,4960,青森市柳川二丁目,4889,9849,1.23,0.71,16.9,20.5,14.4,40
2302800030,一般国道２８０号,青森五所川原線,屏風山内真部線,2201,0,5.9,青森市大字清水字浜元,1493,青森市大字清水字浜元,1380,2873,1.22,0.36,39.4,37.3,8,40
2302800040,一般国道２８０号,屏風山内真部線,青森市・蓬田村境,2201,0,5.3,東津軽郡外ヶ浜町字蟹田,906,東津軽郡外ヶ浜町字蟹田,782,1688,1.22,0.3,41,43.8,7.5,40
2302800050,一般国道２８０号,青森市・蓬田村境,旧一般国道２８０号,2304,0,5.2,東津軽郡外ヶ浜町字蟹田,906,東津軽郡外ヶ浜町字蟹田,782,1688,1.22,0.27,41,40.2,7.5,40
2302800060,一般国道２８０号,旧一般国道２８０号,蓬田村・外ヶ浜町境,2304,0,4,東津軽郡外ヶ浜町字蟹田,906,東津軽郡外ヶ浜町字蟹田,782,1688,1.22,0.3,48.3,49.8,6.5,40
2302800070,一般国道２８０号,蓬田村・外ヶ浜町境,蟹田停車場線,2307,0,1.3,東津軽郡外ヶ浜町字蟹田,906,東津軽郡外ヶ浜町字蟹田,782,1688,1.22,0.29,48.7,46.2,11.2,40
2302800080,一般国道２８０号,蟹田停車場線,鯵ヶ沢蟹田線,2307,0,0.9,東津軽郡外ヶ浜町字蟹田,906,東津軽郡外ヶ浜町字蟹田,782,1688,1.22,0.29,24,29.3,11.2,40
2302800090,一般国道２８０号,鯵ヶ沢蟹田線,町道（旧一般国道２８０号）,2307,0,9.2,東津軽郡外ヶ浜町字平舘根岸小川,605,東津軽郡外ヶ浜町字平舘根岸小川,594,1199,1.17,0.14,57.5,59,16.5,60
2302800250,一般国道２８０号,町道（旧一般国道２８０号）,町道（旧一般国道２８０号）,2307,0,6.5,東津軽郡外ヶ浜町字平舘根岸小川,605,東津軽郡外ヶ浜町字平舘根岸小川,594,1199,1.17,0.14,,,16.5,60
2302800110,一般国道２８０号,町道（旧一般国道２８０号）,,2307,0,4.8,東津軽郡外ヶ浜町字平舘根岸小川,605,東津軽郡外ヶ浜町字平舘根岸小川,594,1199,1.17,0.14,54.1,59.3,16.5,60
2302800120,一般国道２８０号,,外ヶ浜町・今別町境,2307,0,0.7,東津軽郡今別町大字袰月字袰村元,270,東津軽郡今別町大字袰月字袰村元,262,532,1.12,0.16,56.8,55.7,6.5,40
2302800130,一般国道２８０号,外ヶ浜町・今別町境,一般国道２８０号,2303,0,10.3,東津軽郡今別町大字袰月字袰村元,270,東津軽郡今別町大字袰月字袰村元,262,532,1.12,0.15,39.1,45.9,9,40
2302800140,一般国道２８０号,一般国道２８０号,今別蟹田線,2303,0,3.3,東津軽郡今別町大字今別字西田,925,東津軽郡今別町大字今別字西田,844,1769,1.22,0.19,53.6,55.3,13.4,50
2302800150,一般国道２８０号,今別蟹田線,今別町・外ヶ浜町境,2303,0,4.1,東津軽郡今別町大字今別字西田,925,東津軽郡今別町大字今別字西田,844,1769,1.22,0.19,55.8,58.8,13.4,50
2302800160,一般国道２８０号,今別町・外ヶ浜町境,一般国道２８０号,2307,0,0.3,東津軽郡今別町大字今別字西田,925,東津軽郡今別町大字今別字西田,844,1769,1.22,0.18,47.5,47,14.5,50
2302800170,一般国道２８０号,一般国道２８０号,一般国道３３９号,2307,0,1.5,東津軽郡今別町大字今別字西田,925,東津軽郡今別町大字今別字西田,844,1769,1.22,0.14,28.6,32.9,15,40
2302800190,一般国道２８０号,一般国道７号,津軽新城停車場油川線,2201,0,1.2,,6457,,5633,12090,1.24,0.93,17,32.7,11.5,50
2302800200,一般国道２８０号,津軽新城停車場油川線,青森五所川原線,2201,0,1,,6457,,5633,12090,1.24,0.93,29.7,33.1,11.5,50
2302800210,一般国道２８０号,青森五所川原線,屏風山内真部線,2201,0,6.4,,6457,,5633,12090,1.24,0.91,39.8,38.5,9.5,60
2302800220,一般国道２８０号,屏風山内真部線,青森市・蓬田村境,2201,0,5.5,青森市大字六枚橋字不浪知,3955,青森市大字六枚橋字不浪知,3701,7656,1.23,0.71,61.9,62.1,9.5,60
2302800225,一般国道２８０号,青森市・蓬田村境,旧一般国道２８０号,2304,0,5,青森市大字六枚橋字不浪知,3955,青森市大字六枚橋字不浪知,3701,7656,1.23,0.72,57.5,49.5,9.5,60
2302800310,一般国道２８０号,旧一般国道２８０号,蓬田村・外ヶ浜町境,2304,0,4,東津軽郡外ヶ浜町字蟹田丑ヶ沢,2377,東津軽郡外ヶ浜町字蟹田丑ヶ沢,2265,4642,1.22,0.48,61,60.9,9.5,60
2302800320,一般国道２８０号,蓬田村・外ヶ浜町境,鯵ヶ沢蟹田線,2307,0,2.6,東津軽郡外ヶ浜町字蟹田丑ヶ沢,2377,東津軽郡外ヶ浜町字蟹田丑ヶ沢,2265,4642,1.22,0.51,49,45.1,10.7,60
2302800270,一般国道２８０号,一般国道２８０号,今別蟹田線,2303,0,2.7,東津軽郡今別町大字今別字今別,499,東津軽郡今別町大字今別字今別,483,982,1.22,0.17,52.4,34,6,40
2302800280,一般国道２８０号,今別蟹田線,今別町・外ヶ浜町境,2303,0,3.6,東津軽郡今別町大字今別字今別,499,東津軽郡今別町大字今別字今別,483,982,1.22,0.17,35.8,34.7,6,40
2302800290,一般国道２８０号,今別町・外ヶ浜町境,一般国道２８０号,2307,0,0.3,東津軽郡今別町大字今別字今別,499,東津軽郡今別町大字今別字今別,483,982,1.22,0.15,30.8,27.4,7.5,40
2302820010,一般国道２８２号,一般国道７号,一般国道２８２号,2210,0,6.9,平川市碇ヶ関西碇ヶ関山,246,平川市碇ヶ関西碇ヶ関山,235,481,1.13,0.13,39.7,39.2,7.5,40
2303380010,一般国道３３８号,一般国道２７９号,大間町・佐井村境,2423,0,8.4,下北郡大間町大字奥戸字向町80-1,1718,下北郡大間町大字奥戸字向町80-1,1664,3382,1.21,0.41,44.9,39.9,16.5,40
2303380020,一般国道３３８号,大間町・佐井村境,薬研佐井線,2426,0,4.3,下北郡佐井村大字佐井字八幡堂44,359,下北郡佐井村大字佐井字八幡堂44,361,720,1.15,0.1,42.2,39.1,6.5,50
2303380030,一般国道３３８号,薬研佐井線,川内佐井線,2426,0,0.5,下北郡佐井村大字佐井字八幡堂44,359,下北郡佐井村大字佐井字八幡堂44,361,720,1.15,0.1,20.8,30.8,6.5,50
2303380040,一般国道３３８号,川内佐井線,川内佐井線,2426,0,0.1,下北郡佐井村大字佐井字糠森,415,下北郡佐井村大字佐井字糠森,413,828,1.12,0.13,17.9,17.9,8,40
2303380050,一般国道３３８号,川内佐井線,川内佐井線,2426,0,1,下北郡佐井村大字佐井字糠森,415,下北郡佐井村大字佐井字糠森,413,828,1.12,0.13,39.7,39.7,8,40
2303380060,一般国道３３８号,川内佐井線,,2426,0,8.6,下北郡佐井村大字佐井字糠森,415,下北郡佐井村大字佐井字糠森,413,828,1.12,0.13,41.4,43.1,8,40
2303380070,一般国道３３８号,,長後川内線,2426,0,25.2,下北郡佐井村大字長後縫道石国有林（牛滝）,103,下北郡佐井村大字長後縫道石国有林（牛滝）,113,216,1.11,0.04,,,7,60
2303380080,一般国道３３８号,長後川内線,佐井村・むつ市境,2426,0,0.2,むつ市脇野沢村七引201-5,208,むつ市脇野沢村七引201-5,184,392,1.12,0.07,28,43.2,10.9,60
2303380085,一般国道３３８号,佐井村・むつ市境,,2208,0,23.6,むつ市脇野沢村七引201-5,208,むつ市脇野沢村七引201-5,184,392,1.12,0.07,38.5,39.5,12.6,60
2303380090,一般国道３３８号,,九艘泊脇野沢線,2208,0,0.7,むつ市脇野沢村七引201-5,208,むつ市脇野沢村七引201-5,184,392,1.12,0.07,34.7,30,9.7,40
2303380100,一般国道３３８号,九艘泊脇野沢線,,2208,0,7.5,むつ市脇野沢村小沢鹿間平,605,むつ市脇野沢村小沢鹿間平,574,1179,1.17,0.13,45.3,39.5,8,40
2303380110,一般国道３３８号,,川内佐井線,2208,0,10.9,むつ市脇野沢村小沢鹿間平,605,むつ市脇野沢村小沢鹿間平,574,1179,1.17,0.14,47.9,48.6,7.5,40
2303380120,一般国道３３８号,川内佐井線,,2208,0,9.4,むつ市川内町砂浜25,1399,むつ市川内町砂浜25,1270,2669,1.22,0.38,51.1,53.4,8.5,60
2303380130,一般国道３３８号,,一般国道３３８号,2208,0,11.9,むつ市大湊上町,5411,むつ市大湊上町,5784,11195,1.24,1.82,39.4,40.5,7.5,50
2303380400,一般国道３３８号,一般国道３３８号,長坂大湊線,2208,0,2.1,むつ市大湊新町,2900,むつ市大湊新町,2917,5817,1.22,0.61,32.3,33.6,16,40
2303380410,一般国道３３８号,長坂大湊線,下北停車場線,2208,0,0.9,むつ市大湊新町,2900,むつ市大湊新町,2917,5817,1.22,0.61,29.6,26,16,40
2303380420,一般国道３３８号,下北停車場線,むつ恐山公園大畑線,2208,0,1.9,むつ市十二林,6814,むつ市十二林,7099,13913,1.24,0.9,22.7,25.1,16,50
2303380430,一般国道３３８号,むつ恐山公園大畑線,一般国道２７９号,2208,0,1.1,むつ市十二林,6814,むつ市十二林,7099,13913,1.24,0.9,43.7,43.3,16,50
2303380440,一般国道３３８号,一般国道２７９号,一般国道２７９号,2208,0,0.9,むつ市十二林,6814,むつ市十二林,7099,13913,1.24,0.9,24.1,22.1,16,50
2303380190,一般国道３３８号,一般国道２７９号,むつ市・東通村境,2208,0,1.1,むつ市横迎町二丁目,3357,むつ市横迎町二丁目,3639,6996,1.23,0.89,55.9,56.8,7,50
2303380200,一般国道３３８号,むつ市・東通村境,尻労小田野沢線,2424,0,14.6,下北郡東通村大字小田野沢字中川目,1915,下北郡東通村大字小田野沢字中川目,1827,3742,1.23,0.44,54.1,53.8,13,50
2303380210,一般国道３３８号,尻労小田野沢線,むつ東通線,2424,0,6,下北郡東通村大字小田野沢字中川目,1915,下北郡東通村大字小田野沢字中川目,1827,3742,1.23,0.44,62.8,62.2,13,50
2303380219,一般国道３３８号,むつ東通線,村道（旧一般国道３３８号）,2424,0,6.2,,2097,,2147,4244,1.22,0.68,45.1,42.3,6.5,40
2303380500,一般国道３３８号,村道（旧一般国道３３８号）,東通村・六ヶ所村境,2424,0,2,下北郡東通村大字白糠字下馬坂,927,下北郡東通村大字白糠字下馬坂,815,1742,1.18,0.23,52,58.2,12.7,60
2303380510,一般国道３３８号,東通村・六ヶ所村境,村道（一般国道３３８号）,2411,0,2,下北郡東通村大字白糠字下馬坂,927,下北郡東通村大字白糠字下馬坂,815,1742,1.18,0.26,67.3,68.2,8.5,60
2303380230,一般国道３３８号,村道（一般国道３３８号）,泊陸奥横浜停車場線,2411,0,3.8,上北郡六ヶ所村大字出戸字棚沢,2001,上北郡六ヶ所村大字出戸字棚沢,1841,3842,1.21,0.64,54.6,53.6,11,50
2303380240,一般国道３３８号,泊陸奥横浜停車場線,一般国道３３８号,2411,0,10.5,上北郡六ヶ所村大字出戸字棚沢,2001,上北郡六ヶ所村大字出戸字棚沢,1841,3842,1.21,0.54,54.5,55.8,8,50
2303380250,一般国道３３８号,一般国道３３８号,横浜六ヶ所線,2411,0,1.5,上北郡六ヶ所村大字尾駮字上尾駮,3766,上北郡六ヶ所村大字尾駮字上尾駮,3858,7624,1.23,0.84,47,50.2,10,60
2303380260,一般国道３３８号,横浜六ヶ所線,横浜六ヶ所線,2411,0,1.5,上北郡六ヶ所村大字尾駮字上尾駮,3766,上北郡六ヶ所村大字尾駮字上尾駮,3858,7624,1.23,0.84,40.6,46.3,10,60
2303380270,一般国道３３８号,横浜六ヶ所線,尾駮有戸停車場線,2411,0,3.8,上北郡六ヶ所村大字尾駮字上尾駮,3766,上北郡六ヶ所村大字尾駮字上尾駮,3858,7624,1.23,0.84,49.6,39.6,10,60
2303380280,一般国道３３８号,尾駮有戸停車場線,一般国道３３８号,2411,0,7.4,上北郡六ヶ所村大字尾駮字上尾駮,3766,上北郡六ヶ所村大字尾駮字上尾駮,3858,7624,1.23,0.84,36.9,39.1,10,60
2303380290,一般国道３３８号,一般国道３３８号,一般国道３９４号,2411,0,5.5,上北郡六ヶ所村大字尾駮字上尾駮,3766,上北郡六ヶ所村大字尾駮字上尾駮,3858,7624,1.23,0.84,43.8,43.4,10,60
2303380300,一般国道３３８号,一般国道３９４号,六ヶ所村・三沢市境,2411,0,3.8,,3159,,3343,6502,1.23,1.48,31.7,36.1,6.5,50
2303380310,一般国道３３８号,六ヶ所村・三沢市境,天ヶ森三沢線,2207,0,0.5,,3159,,3343,6502,1.23,1.57,20.5,35.2,6,50
2303380320,一般国道３３８号,天ヶ森三沢線,,2207,0,9,三沢市塩釜三丁目1271,1925,三沢市塩釜三丁目1271,3047,4972,1.22,0.88,34.3,53.9,7,40
2303380330,一般国道３３８号,,三沢十和田線,2207,0,7.9,三沢市淋代三丁目43-2,2657,三沢市淋代三丁目43-2,3536,6193,1.23,0.95,52,52.6,10,40
2303380340,一般国道３３８号,三沢十和田線,,2207,0,0.8,三沢市淋代三丁目43-2,2657,三沢市淋代三丁目43-2,3536,6193,1.23,0.95,53,52.4,10,40
2303380350,一般国道３３８号,,大町三沢線,2207,0,1.7,,1664,,1693,3357,1.21,0.34,42.9,45.1,8,40
2303380360,一般国道３３８号,大町三沢線,三沢市・おいらせ町境,2207,0,0.4,,1664,,1693,3357,1.21,0.34,35.3,43.1,8,40
2303380370,一般国道３３８号,三沢市・おいらせ町境,八戸百石線,2412,0,3.8,,1664,,1693,3357,1.21,0.35,45.7,42.9,9,40
2303380380,一般国道３３８号,八戸百石線,一般国道４５号,2412,0,4.4,,1664,,1693,3357,1.21,0.35,40,34.8,9,40
2303380140,一般国道３３８号,一般国道３３８号,下北停車場線,2208,0,2.7,むつ市大平町,5204,むつ市大平町,6106,11310,1.23,0.91,23.1,19.2,16.5,40
2303380150,一般国道３３８号,下北停車場線,むつ恐山公園大畑線,2208,0,2.3,むつ市小川町一丁目104-1,5613,むつ市小川町一丁目104-1,6068,11681,1.24,0.95,18.4,18.2,16,40
2303380160,一般国道３３８号,むつ恐山公園大畑線,一般国道２７９号,2208,0,0.2,むつ市横迎町二丁目,3357,むつ市横迎町二丁目,3639,6996,1.23,0.97,10,11.1,8,50
2303380170,一般国道３３８号,一般国道２７９号,むつ尻屋崎線,2208,0,0.4,むつ市横迎町二丁目,3357,むつ市横迎町二丁目,3639,6996,1.23,0.97,19.1,21.1,8,50
2303380180,一般国道３３８号,むつ尻屋崎線,一般国道２７９号,2208,0,0.3,むつ市横迎町二丁目,3357,むつ市横迎町二丁目,3639,6996,1.23,0.97,30.2,13.6,8,50
2303380185,一般国道３３８号,一般国道２７９号,一般国道２７９号,2208,0,1.7,むつ市横迎町二丁目,3357,むつ市横迎町二丁目,3639,6996,1.23,0.97,,,8,50
2303380460,一般国道３３８号,一般国道３３８号,横浜六ヶ所線,2411,0,3.5,上北郡六ヶ所村大字鷹架字道ノ下,2983,上北郡六ヶ所村大字鷹架字道ノ下,3018,6001,1.22,1.12,32.3,36.9,7,40
2303380470,一般国道３３８号,横浜六ヶ所線,尾駮有戸停車場線,2411,0,1.9,上北郡六ヶ所村大字鷹架字道ノ下,2983,上北郡六ヶ所村大字鷹架字道ノ下,3018,6001,1.22,1.12,37.1,47.9,7,40
2303380480,一般国道３３８号,尾駮有戸停車場線,一般国道３３８号,2411,0,3.7,上北郡六ヶ所村大字鷹架字道ノ下,2983,上北郡六ヶ所村大字鷹架字道ノ下,3018,6001,1.22,1.12,44.7,44.5,7,40
2303390490,一般国道３３９号,一般国道７号,前坂藤崎線,2361,0,0.9,南津軽郡藤崎町大字向根子橋,5338,南津軽郡藤崎町大字向根子橋,5629,10967,1.24,0.75,13.5,28.6,14.9,50
2303390500,一般国道３３９号,前坂藤崎線,太田藤崎線,2361,0,2.9,南津軽郡藤崎町大字向根子橋,5338,南津軽郡藤崎町大字向根子橋,5629,10967,1.24,0.75,49.5,49.2,14.9,50
2303390510,一般国道３３９号,太田藤崎線,藤崎町・板柳町境,2361,0,0.2,,6157,,6269,12426,1.24,0.7,31.6,38.9,13.9,50
2303390520,一般国道３３９号,藤崎町・板柳町境,大俵板柳停車場線,2381,0,2,,6157,,6269,12426,1.24,0.43,36.8,36.9,17.5,50
2303390530,一般国道３３９号,大俵板柳停車場線,五所川原岩木線,2381,0,0.7,,6157,,6269,12426,1.24,0.43,26.8,21.1,17.5,50
2303390540,一般国道３３９号,五所川原岩木線,五所川原岩木線,2381,0,2.1,,6157,,6269,12426,1.24,0.43,32.7,36.5,17.5,50
2303390550,一般国道３３９号,五所川原岩木線,板柳町・鶴田町境,2381,0,1.1,,6157,,6269,12426,1.24,0.43,35.4,38.2,17.5,50
2303390560,一般国道３３９号,板柳町・鶴田町境,鶴泊停車場胡桃館線,2384,0,1.3,,6157,,6269,12426,1.24,0.69,50.4,40.5,15,60
2303390570,一般国道３３９号,鶴泊停車場胡桃館線,持子沢鶴田線,2384,0,2.3,北津軽郡鶴田町大字鶴田字小泉,5849,北津軽郡鶴田町大字鶴田字小泉,5302,11151,1.24,0.76,39.9,41,15,60
2303390580,一般国道３３９号,持子沢鶴田線,持子沢鶴田線,2384,0,0.5,北津軽郡鶴田町大字山道字差岸,6902,北津軽郡鶴田町大字山道字差岸,7687,14589,1.25,0.99,31.2,21.4,13,60
2303390590,一般国道３３９号,持子沢鶴田線,胡桃館鶴田線,2384,0,0.8,北津軽郡鶴田町大字山道字差岸,6902,北津軽郡鶴田町大字山道字差岸,7687,14589,1.25,0.99,35,45.3,13,60
2303390600,一般国道３３９号,胡桃館鶴田線,鶴田町・五所川原市境,2384,0,0.1,北津軽郡鶴田町大字山道字差岸,6902,北津軽郡鶴田町大字山道字差岸,7687,14589,1.25,0.99,59.5,55.6,13,60
2303390610,一般国道３３９号,鶴田町・五所川原市境,,2205,0,0.2,北津軽郡鶴田町大字山道字差岸,6902,北津軽郡鶴田町大字山道字差岸,7687,14589,1.25,0.92,59.7,55.6,13,60
2303390620,一般国道３３９号,,五所川原市・鶴田町境,2205,0,0.6,北津軽郡鶴田町大字山道字差岸,6902,北津軽郡鶴田町大字山道字差岸,7687,14589,1.25,0.92,58.2,56.2,13,60
2303390629,一般国道３３９号,五所川原市・鶴田町境,大泉姥萢線,2384,0,0.1,北津軽郡鶴田町大字山道字差岸,6902,北津軽郡鶴田町大字山道字差岸,7687,14589,1.25,0.92,57,52.1,15,60
2303390630,一般国道３３９号,大泉姥萢線,鶴田町・五所川原市境,2384,0,0.1,,8438,,9330,17768,1.25,0.44,56.3,54.3,16,60
2303390640,一般国道３３９号,鶴田町・五所川原市境,大泉姥萢線,2205,0,0.2,,8438,,9330,17768,1.25,1.01,57.1,54,16,60
2303390650,一般国道３３９号,大泉姥萢線,一般国道１０１号,2205,0,1.2,,8438,,9330,17768,1.25,1.01,41.2,26.9,16,60
2303390150,一般国道３３９号,一般国道１０１号,福山五所川原線,2205,0,0.4,五所川原市字下平井町,3432,五所川原市字下平井町,2825,6257,1.23,0.72,15.3,21.6,14.5,40
2303390160,一般国道３３９号,福山五所川原線,五所川原停車場線,2205,0,1,五所川原市字下平井町,3432,五所川原市字下平井町,2825,6257,1.23,0.72,13.6,17.1,14.5,40
2303390170,一般国道３３９号,五所川原停車場線,一般国道３３９号,2205,0,1.1,五所川原市字下平井町,3432,五所川原市字下平井町,2825,6257,1.23,0.72,21.8,24.5,14.5,40
2303390180,一般国道３３９号,一般国道３３９号,青森五所川原線,2205,0,0.8,五所川原市字下平井町,3432,五所川原市字下平井町,2825,6257,1.23,0.72,26.2,25.9,14.5,40
2303390190,一般国道３３９号,青森五所川原線,沖飯詰五所川原線,2205,0,1.5,五所川原市大字太刀打字柳川,1442,五所川原市大字太刀打字柳川,1498,2940,1.23,0.27,45.1,44.2,13,50
2303390195,一般国道３３９号,沖飯詰五所川原線,一般国道３３９号（五所川原北バイパス）,2205,0,2.8,五所川原市大字毘沙門字中熊石,1568,五所川原市大字毘沙門字中熊石,1386,2954,1.23,0.41,42.4,40.8,13,50
2303390200,一般国道３３９号,一般国道３３９号（五所川原北バイパス）,五所川原金木線,2205,0,1.3,五所川原市大字毘沙門字中熊石,1568,五所川原市大字毘沙門字中熊石,1386,2954,1.23,0.41,47.8,47.5,13,50
2303390210,一般国道３３９号,五所川原金木線,屏風山内真部線,2205,0,3.1,五所川原金木町嘉瀬雲雀野,3421,五所川原金木町嘉瀬雲雀野,3655,7076,1.23,1.15,46.2,45.7,13,50
2303390220,一般国道３３９号,屏風山内真部線,屏風山内真部線,2205,0,0.8,五所川原金木町嘉瀬雲雀野,3421,五所川原金木町嘉瀬雲雀野,3655,7076,1.23,1.18,34.3,32.2,8.5,50
2303390230,一般国道３３９号,屏風山内真部線,五所川原市・中泊町境,2205,0,4.2,五所川原金木町嘉瀬雲雀野,3421,五所川原金木町嘉瀬雲雀野,3655,7076,1.23,1.18,40.7,40.5,8.5,50
2303390240,一般国道３３９号,五所川原市・中泊町境,大沢内停車場線,2387,0,0.5,五所川原金木町嘉瀬雲雀野,3421,五所川原金木町嘉瀬雲雀野,3655,7076,1.23,1.21,41.6,41.4,12.5,50
2303390250,一般国道３３９号,大沢内停車場線,津軽中里停車場線,2387,0,0.3,五所川原金木町嘉瀬雲雀野,3421,五所川原金木町嘉瀬雲雀野,3655,7076,1.23,1.21,36.2,35.1,12.5,50
2303390260,一般国道３３９号,津軽中里停車場線,神原中里線,2387,0,1.4,五所川原金木町嘉瀬雲雀野,3421,五所川原金木町嘉瀬雲雀野,3655,7076,1.23,1.21,49.9,44.4,12.5,50
2303390265,一般国道３３９号,神原中里線,五所川原車力線,2387,0,1.1,北津軽郡中泊町大字中里字宝森,2243,北津軽郡中泊町大字中里字宝森,2044,4287,1.21,0.42,43.5,42.2,12,40
2303390270,一般国道３３９号,五所川原車力線,,2387,0,5.1,北津軽郡中泊町大字中里字宝森,2243,北津軽郡中泊町大字中里字宝森,2044,4287,1.21,0.42,43.9,43.3,12,40
2303390280,一般国道３３９号,,富萢薄市線,2387,0,0.3,北津軽郡中泊町大字薄市字沖原,949,北津軽郡中泊町大字薄市字沖原,931,1880,1.2,0.24,34.2,34.2,11.1,50
2303390290,一般国道３３９号,富萢薄市線,鯵ヶ沢蟹田線,2387,0,3,北津軽郡中泊町大字薄市字沖原,949,北津軽郡中泊町大字薄市字沖原,931,1880,1.2,0.24,44.5,33.5,11.1,50
2303390300,一般国道３３９号,鯵ヶ沢蟹田線,中泊町・五所川原市境,2387,0,2.4,北津軽郡中泊町大字薄市字沖原,949,北津軽郡中泊町大字薄市字沖原,931,1880,1.2,0.22,49.1,49,8,50
2303390310,一般国道３３９号,中泊町・五所川原市境,,2205,0,4.4,北津軽郡中泊町大字薄市字沖原,949,北津軽郡中泊町大字薄市字沖原,931,1880,1.2,0.22,52.9,44.2,8,50
2303390320,一般国道３３９号,,鯵ヶ沢蟹田線,2205,0,4,五所川原市相内岩井,1103,五所川原市相内岩井,1119,2222,1.17,0.24,57.8,58.6,10.2,50
2303390330,一般国道３３９号,鯵ヶ沢蟹田線,五所川原市・中泊町境,2205,0,5,五所川原市磯松赤川,1652,五所川原市磯松赤川,1542,3194,1.22,0.37,49.6,52.4,11.2,40
2303390340,一般国道３３９号,五所川原市・中泊町境,権現崎線,2387,0,2.8,五所川原市磯松赤川,1652,五所川原市磯松赤川,1542,3194,1.22,0.35,36.3,35.7,9.5,40
2303390350,一般国道３３９号,権現崎線,三厩小泊線,2387,0,2.2,五所川原市磯松赤川,1652,五所川原市磯松赤川,1542,3194,1.22,0.35,46.1,47.4,9.5,40
2303390360,一般国道３３９号,三厩小泊線,,2387,0,2.2,五所川原市磯松赤川,1652,五所川原市磯松赤川,1542,3194,1.22,0.35,40.4,44.2,9.5,40
2303390370,一般国道３３９号,,中泊町・外ヶ浜町境,2387,0,14.8,北津軽郡中泊町大字小泊,125,北津軽郡中泊町大字小泊,102,227,1.12,0.03,37.4,43.8,7.5,60
2303390380,一般国道３３９号,中泊町・外ヶ浜町境,外ヶ浜町・中泊町境,2307,0,0.3,北津軽郡中泊町大字小泊,125,北津軽郡中泊町大字小泊,102,227,1.12,0.03,32.3,47.4,7,60
2303390390,一般国道３３９号,外ヶ浜町・中泊町境,中泊町・外ヶ浜町境,2387,0,2.1,北津軽郡中泊町大字小泊,125,北津軽郡中泊町大字小泊,102,227,1.12,0.03,37.5,41.4,7,60
2303390400,一般国道３３９号,中泊町・外ヶ浜町境,外ヶ浜町・中泊町境,2307,0,0.2,北津軽郡中泊町大字小泊,125,北津軽郡中泊町大字小泊,102,227,1.12,0.03,40.5,46.9,7,60
2303390410,一般国道３３９号,外ヶ浜町・中泊町境,中泊町・外ヶ浜町境,2387,0,0.5,北津軽郡中泊町大字小泊,125,北津軽郡中泊町大字小泊,102,227,1.12,0.03,42.2,47.6,7,60
2303390420,一般国道３３９号,中泊町・外ヶ浜町境,三厩停車場竜飛崎線,2307,0,0.3,北津軽郡中泊町大字小泊,125,北津軽郡中泊町大字小泊,102,227,1.12,0.03,38.3,47.9,7,60
2303390430,一般国道３３９号,三厩停車場竜飛崎線,,2307,0,1.8,北津軽郡中泊町大字小泊,125,北津軽郡中泊町大字小泊,102,227,1.12,0.03,28.8,26.6,7,60
2303390450,一般国道３３９号,,,2307,0,0.8,,,,,,,,,,2.3,50
2303390470,一般国道３３９号,,一般国道２８０号,2307,0,11.3,東津軽郡外ヶ浜町字三厩六条間,484,東津軽郡外ヶ浜町字三厩六条間,504,988,1.16,0.11,38.7,38.5,8,40
2303390010,一般国道３３９号,一般国道７号,藤崎停車場線,2361,0,0.7,南津軽郡藤崎町大字藤崎字武元,2526,南津軽郡藤崎町大字藤崎字武元,3026,5552,1.23,0.56,10.3,29.1,9,40
2303390020,一般国道３３９号,藤崎停車場線,藤崎町道,2361,0,0.2,南津軽郡藤崎町大字藤崎字武元,2526,南津軽郡藤崎町大字藤崎字武元,3026,5552,1.23,0.56,24.8,23.8,9,40
2303390025,一般国道３３９号,藤崎町道,前坂藤崎線,2361,0,1.1,南津軽郡藤崎町大字藤崎字武元,2526,南津軽郡藤崎町大字藤崎字武元,3026,5552,1.23,0.56,36.7,36.3,9,40
2303390030,一般国道３３９号,前坂藤崎線,藤崎町・板柳町境,2361,0,1.1,南津軽郡藤崎町大字藤崎字武元,2526,南津軽郡藤崎町大字藤崎字武元,3026,5552,1.23,0.56,44.5,49.1,9,40
2303390040,一般国道３３９号,藤崎町・板柳町境,五所川原岩木線,2381,0,3.8,北津軽郡板柳町大字板柳字土井,2060,北津軽郡板柳町大字板柳字土井,2187,4247,1.23,0.57,40.4,35.9,7.5,50
2303390050,一般国道３３９号,五所川原岩木線,五所川原岩木線,2381,0,0.5,北津軽郡鶴田町大字菖蒲川字一本柳,1582,北津軽郡鶴田町大字菖蒲川字一本柳,1514,3096,1.22,0.4,17.3,20.9,8,50
2303390060,一般国道３３９号,五所川原岩木線,五所川原岩木線,2381,0,2.2,北津軽郡鶴田町大字菖蒲川字一本柳,1582,北津軽郡鶴田町大字菖蒲川字一本柳,1514,3096,1.22,0.4,30.3,39.6,8,50
2303390070,一般国道３３９号,五所川原岩木線,板柳町・鶴田町境,2381,0,1.6,北津軽郡鶴田町大字菖蒲川字一本柳,1582,北津軽郡鶴田町大字菖蒲川字一本柳,1514,3096,1.22,0.4,31.3,40.1,8,50
2303390080,一般国道３３９号,板柳町・鶴田町境,米山菖蒲川線,2384,0,1.9,北津軽郡鶴田町大字菖蒲川字一本柳,1582,北津軽郡鶴田町大字菖蒲川字一本柳,1514,3096,1.22,0.4,48.1,45.1,8.5,50
2303390090,一般国道３３９号,米山菖蒲川線,山田鶴田線,2384,0,2,北津軽郡鶴田町大字鶴田字相原,2022,北津軽郡鶴田町大字鶴田字相原,2597,4619,1.23,0.57,29,31.8,12,50
2303390100,一般国道３３９号,山田鶴田線,陸奥鶴田停車場線,2384,0,0.3,北津軽郡鶴田町大字鶴田字相原,2022,北津軽郡鶴田町大字鶴田字相原,2597,4619,1.23,0.57,12.5,20.3,12,50
2303390110,一般国道３３９号,陸奥鶴田停車場線,持子沢鶴田線,2384,0,0.7,北津軽郡鶴田町大字鶴田字相原,2022,北津軽郡鶴田町大字鶴田字相原,2597,4619,1.23,0.57,19.8,21.7,12,50
2303390120,一般国道３３９号,持子沢鶴田線,胡桃館鶴田線,2384,0,1.5,北津軽郡鶴田町大字鶴田字相原,2022,北津軽郡鶴田町大字鶴田字相原,2597,4619,1.23,0.57,27.7,33.3,12,50
2303390129,一般国道３３９号,胡桃館鶴田線,大泉姥萢線,2384,0,0.4,北津軽郡鶴田町大字鶴田字相原,2022,北津軽郡鶴田町大字鶴田字相原,2597,4619,1.23,0.45,44.7,47.6,7.5,50
2303390130,一般国道３３９号,大泉姥萢線,鶴田町・五所川原市境,2384,0,0.3,北津軽郡鶴田町大字鶴田字相原,2022,北津軽郡鶴田町大字鶴田字相原,2597,4619,1.23,0.48,50,48.3,10.5,50
2303390140,一般国道３３９号,鶴田町・五所川原市境,一般国道１０１号,2205,0,2,北津軽郡鶴田町大字鶴田字相原,2022,北津軽郡鶴田町大字鶴田字相原,2597,4619,1.23,0.49,35.1,33.6,7,50
2303390670,一般国道３３９号,一般国道３３９号,浪岡五所川原道路,2205,0,1,五所川原市大字太刀打字柳川（IC南側、道路敷）,4602,五所川原市大字太刀打字柳川（IC南側、道路敷）,4810,9412,1.23,0.19,21.7,27,26,60
2303390680,一般国道３３９号,浪岡五所川原道路,沖飯詰五所川原線,2205,0,1,五所川原市大字太刀打字柳川（IC北側、道路敷）,7112,五所川原市大字太刀打字柳川（IC北側、道路敷）,6409,13521,1.23,0.94,37.1,37.7,8.5,60
2303390700,一般国道３３９号（五所川原北バイパス）,沖飯詰五所川原線,,2205,0,1.4,五所川原市大字川山千本(道路敷),6647,五所川原市大字川山千本(道路敷),5956,12603,1.22,0.43,41.3,38.1,24,60
2303390720,一般国道３３９号（五所川原北バイパス）,,一般国道３３９号,2205,0,1.4,,,,,,,,48.2,49.8,9.6,60
2303400010,一般国道３４０号,一般国道３４０号,名川階上線,2203,0,3.9,,2198,,2304,4502,1.22,0.5,45.4,44,9.5,60
2303400020,一般国道３４０号,名川階上線,,2203,0,2.5,,2198,,2304,4502,1.22,0.43,41.6,46,13.4,40
2303400030,一般国道３４０号,,,2203,0,1.9,,2198,,2304,4502,1.22,0.43,57,61.1,13.4,40
2303400040,一般国道３４０号,,八戸環状線,2203,0,6.8,,2198,,2304,4502,1.22,0.43,38.6,32.1,13.4,40
2303400050,一般国道３４０号,八戸環状線,,2203,0,1,,2198,,2304,4502,1.22,0.43,27.7,36.1,13.4,40
2303400060,一般国道３４０号,,妙売市線,2203,0,1,八戸市長者四丁目,6488,八戸市長者四丁目,6918,13406,1.24,1.04,14.8,14.6,15.5,40
2303400070,一般国道３４０号,妙売市線,八戸大野線,2203,0,0.8,,,八戸市大字三日町,8715,8715,1.23,0.56,,16.5,18,40
2303400080,一般国道３４０号,八戸大野線,本八戸停車場線,2203,0,0.2,,,八戸市大字三日町,8715,8715,1.23,0.56,,10.3,18,40
2303400090,一般国道３４０号,本八戸停車場線,一般国道４５号,2203,0,0.7,,,八戸市大字三日町,8715,8715,1.23,0.56,,13.8,18,40
2303940010,一般国道３９４号,一般国道３３８号,野辺地六ヶ所線,2411,0,0.1,上北郡六ヶ所村大字倉内字家の上,840,上北郡六ヶ所村大字倉内字家の上,856,1696,1.18,0.38,13.3,27.7,6.5,40
2303940020,一般国道３９４号,野辺地六ヶ所線,六ヶ所村・東北町境,2411,0,7.1,上北郡六ヶ所村大字倉内字家の上,840,上北郡六ヶ所村大字倉内字家の上,856,1696,1.18,0.38,48.8,51.6,6.5,40
2303940030,一般国道３９４号,六ヶ所村・東北町境,東北横浜線,2408,0,2.2,上北郡六ヶ所村大字倉内字家の上,840,上北郡六ヶ所村大字倉内字家の上,856,1696,1.18,0.37,53.1,44.9,8,40
2303940040,一般国道３９４号,東北横浜線,水喰野辺地線,2408,0,0.1,上北郡六ヶ所村大字倉内字家の上,840,上北郡六ヶ所村大字倉内字家の上,856,1696,1.18,0.37,19.3,34,8,40
2303940050,一般国道３９４号,水喰野辺地線,水喰上北町停車場線,2408,0,0.8,上北郡六ヶ所村大字倉内字家の上,840,上北郡六ヶ所村大字倉内字家の上,856,1696,1.18,0.34,24,42.1,7.5,40
2303940060,一般国道３９４号,水喰上北町停車場線,八戸野辺地線,2408,0,7.9,上北郡六ヶ所村大字倉内字家の上,840,上北郡六ヶ所村大字倉内字家の上,856,1696,1.18,0.34,38.8,41.7,7.5,40
2303940070,一般国道３９４号,八戸野辺地線,乙供停車場中野線,2408,0,0.6,上北郡七戸町字榎林家ノ前59,1177,上北郡七戸町字榎林家ノ前59,1363,2540,1.22,0.37,25.6,37.4,6.5,50
2303940080,一般国道３９４号,乙供停車場中野線,東北町・七戸町境,2408,0,1.6,上北郡七戸町字榎林家ノ前59,1177,上北郡七戸町字榎林家ノ前59,1363,2540,1.22,0.37,43.7,46.2,6.5,50
2303940085,一般国道３９４号,東北町・七戸町境,一般国道４５号（上北天間林道路）,2402,0,4.1,上北郡七戸町字榎林家ノ前59,1177,上北郡七戸町字榎林家ノ前59,1363,2540,1.22,0.34,46.3,47.1,8.7,50
2303940090,一般国道３９４号,一般国道４５号（上北天間林道路）,一般国道４号,2402,0,5.3,上北郡七戸町字榎林家ノ前59,1177,上北郡七戸町字榎林家ノ前59,1363,2540,1.22,0.34,49.6,49.9,8.7,50
2303940100,一般国道３９４号,一般国道４号,町道（北野・荒熊内線）,2402,0,0.4,上北郡七戸町字前川原,525,上北郡七戸町字前川原,510,1035,1.17,0.15,26.5,26.4,8.7,50
2300040780,一般国道３９４号,町道（北野・荒熊内線）,町道（北野・荒熊内線）,2402,0,0.8,,609,,637,1246,1.17,0.15,31.9,34.3,12.3,40
2303940120,一般国道３９４号,町道（北野・荒熊内線）,三沢七戸線,2402,0,0.7,上北郡七戸町字前川原,525,上北郡七戸町字前川原,510,1035,1.17,0.13,21.7,17.9,9.7,40
2303940130,一般国道３９４号,三沢七戸線,七戸十和田湖線,2402,0,0.4,上北郡七戸町字前川原,525,上北郡七戸町字前川原,510,1035,1.17,0.13,22.6,24.6,9.7,40
2303940140,一般国道３９４号,七戸十和田湖線,七戸町・十和田市境,2402,0,15.1,上北郡七戸町字前川原,525,上北郡七戸町字前川原,510,1035,1.17,0.13,46.7,49,9.7,40
2303940150,一般国道３９４号,七戸町・十和田市境,十和田市・青森市境,2206,0,3.9,上北郡七戸町字前川原,525,上北郡七戸町字前川原,510,1035,1.17,0.15,55.3,52.2,7,40
2303940160,一般国道３９４号,十和田市・青森市境,青森田代十和田線,2201,0,2.8,上北郡七戸町字前川原,525,上北郡七戸町字前川原,510,1035,1.17,0.15,54.6,50.2,7,40
2303940170,一般国道３９４号,青森田代十和田線,青森市・十和田市境,2201,0,4.3,十和田市大字法量字谷地,137,十和田市大字法量字谷地,137,274,1.12,0.02,49.5,48.9,7,40
2303940180,一般国道３９４号,青森市・十和田市境,一般国道１０３号,2206,0,2,十和田市大字法量字谷地,137,十和田市大字法量字谷地,137,274,1.12,0.02,50.8,53.8,7,40
2303940200,一般国道３９４号,一般国道１０３号,青森市・黒石市境,2201,0,3.7,青森市大字荒川字南荒川山,1108,青森市大字荒川字南荒川山,1133,2241,1.19,0.29,49.1,49.3,7,60
2303940210,一般国道３９４号,青森市・黒石市境,酸ヶ湯黒石線,2204,0,0,青森市大字荒川字南荒川山,1108,青森市大字荒川字南荒川山,1133,2241,1.19,0.26,34.4,55.2,12,40
2303940230,一般国道３９４号,酸ヶ湯黒石線,一般国道１０２号,2204,0,14.4,黒石市大字南中野字留矢場,648,黒石市大字南中野字留矢場,629,1277,1.22,0.13,54,54.9,12,40
2303940250,一般国道３９４号,,一般国道４５号（上北天間林道路）,2402,0,1.5,,,,,,,,40,46.8,11.5,60
2304540010,一般国道４５４号,一般国道１０４号,八戸三沢線,2203,0,2.5,八戸市大字尻内町字鴨田,10641,八戸市大字尻内町字鴨田,9027,19668,1.25,1.27,21.4,27.7,22,50
2304540020,一般国道４５４号,八戸三沢線,八戸三沢線,2203,0,1.7,八戸市大字尻内町字鴨田,10641,八戸市大字尻内町字鴨田,9027,19668,1.25,1.27,23.3,24.4,22,50
2304540030,一般国道４５４号,八戸三沢線,旧八戸三沢線,2203,0,0.1,,1213,,1037,2250,1.22,0.25,22.4,23.6,13.9,50
2304540033,一般国道４５４号,旧八戸三沢線,八戸自動車道,2203,0,0.9,,1213,,1037,2250,1.22,0.25,38.5,41.1,13.9,50
2304540035,一般国道４５４号,八戸自動車道,,2203,0,5.4,,1213,,1037,2250,1.22,0.25,48.3,48.4,13.9,50
2304540070,一般国道４５４号,,一般国道４号,2442,0,2.3,,1213,,1037,2250,1.22,0.26,52,34.3,12,40
2304540089,一般国道４５４号,一般国道４号,倉石五戸線,2442,0,6.6,三戸郡五戸町大字倉石石沢字石沢,1714,三戸郡五戸町大字倉石石沢字石沢,1795,3509,1.21,0.4,45.6,46.9,10,50
2304540090,一般国道４５４号,倉石五戸線,,2442,0,0.1,三戸郡五戸町大字倉石石沢字石沢,1714,三戸郡五戸町大字倉石石沢字石沢,1795,3509,1.21,0.31,30.3,11.8,11.5,50
2304540100,一般国道４５４号,,五戸町・新郷村境,2442,0,3.5,三戸郡五戸町大字倉石石沢字石沢,1714,三戸郡五戸町大字倉石石沢字石沢,1795,3509,1.21,0.33,55,50.9,9.2,40
2304540110,一般国道４５４号,五戸町・新郷村境,戸来十和田線,2450,0,1.2,三戸郡五戸町大字倉石石沢字石沢,1714,三戸郡五戸町大字倉石石沢字石沢,1795,3509,1.21,0.35,45.9,45.7,6.5,40
2304540120,一般国道４５４号,戸来十和田線,十和田三戸線,2450,0,0.6,三戸郡新郷村大字戸来字金ヶ沢尻,1016,三戸郡新郷村大字戸来字金ヶ沢尻,895,1911,1.22,0.25,28.4,29.1,7,40
2304540130,一般国道４５４号,十和田三戸線,十和田三戸線,2450,0,4.9,三戸郡新郷村大字戸来字金ヶ沢尻,1016,三戸郡新郷村大字戸来字金ヶ沢尻,895,1911,1.22,0.25,43.4,44.4,7,40
2304540140,一般国道４５４号,十和田三戸線,栃棚手倉橋線,2450,0,0.7,三戸郡新郷村大字戸来字金ヶ沢尻,1016,三戸郡新郷村大字戸来字金ヶ沢尻,895,1911,1.22,0.25,58.3,53.5,7,40
2304540150,一般国道４５４号,栃棚手倉橋線,戸来岳貝守線,2450,0,13.1,三戸郡新郷村大字戸来字羽井内家ノ上,272,三戸郡新郷村大字戸来字羽井内家ノ上,230,502,1.12,0.13,42.8,43.3,7,60
2304540160,一般国道４５４号,戸来岳貝守線,田子十和田湖線,2450,0,2.9,三戸郡新郷村大字戸来字羽井内家ノ上,272,三戸郡新郷村大字戸来字羽井内家ノ上,230,502,1.12,0.13,54.7,51.7,7,60
2304540170,一般国道４５４号,田子十和田湖線,一般国道４５４号,2450,0,0.2,三戸郡新郷村大字戸来字羽井内家ノ上,272,三戸郡新郷村大字戸来字羽井内家ノ上,230,502,1.12,0.13,43.1,31.9,7,60
2304540190,一般国道４５４号,一般国道４５４号,一般国道１０３号,2206,0,4.8,,56,,69,125,1.11,0.04,35.8,35,6.5,60
2304540210,一般国道４５４号,一般国道４５４号,一般国道１０２号,2210,0,0.1,,277,,332,609,1.13,0.08,36.6,36.5,6.5,40
2304540230,一般国道４５４号,一般国道１０２号,小国本町線,2210,0,2.3,南津軽郡大鰐町大字駒木字駒木平,156,南津軽郡大鰐町大字駒木字駒木平,167,323,1.12,0.05,41.5,42.7,6.5,40
2304540240,一般国道４５４号,小国本町線,平川市・大鰐町境,2210,0,4.1,南津軽郡大鰐町大字駒木字駒木平,156,南津軽郡大鰐町大字駒木字駒木平,167,323,1.12,0.05,38.7,41.1,6.5,40
2304540250,一般国道４５４号,平川市・大鰐町境,一般国道７号,2362,0,7.9,南津軽郡大鰐町大字駒木字駒木平,156,南津軽郡大鰐町大字駒木字駒木平,167,323,1.12,0.04,36,35.2,7,40
2304540500,一般国道４５４号,,八戸市・五戸町境,2203,0,0.1,,,,,,,,51.2,50.7,12,40
2304540510,一般国道４５４号,八戸市・五戸町境,苫米地兎内線,2442,0,2,,,,,,,,58.6,55.6,9.5,50
2304540520,一般国道４５４号,苫米地兎内線,,2442,0,0.1,,,,,,,,61.7,60.4,9.5,50
2400010010,八戸階上線,一般国道４５号,八戸環状線,2203,0,4.3,八戸市小中野四丁目,4147,八戸市小中野四丁目,4500,8647,1.23,0.56,23,25,12,40
2400010020,八戸階上線,八戸環状線,八戸階上線,2203,0,0.4,八戸市小中野四丁目,4147,八戸市小中野四丁目,4500,8647,1.23,0.56,34.6,34.7,12,40
2400010030,八戸階上線,八戸階上線,,2203,0,2.9,八戸市大字鮫町字二子石,2635,八戸市大字鮫町字二子石,2252,4887,1.22,1.04,32.8,33.1,6.5,40
2400010040,八戸階上線,,,2203,0,10.7,八戸市大字鮫町字遙望石,953,八戸市大字鮫町字遙望石,1000,1953,1.22,0.34,39,37.2,6,40
2400010050,八戸階上線,,八戸市・階上町境,2203,0,0.7,,350,,343,693,1.14,0.12,40.2,43,6.5,40
2400010060,八戸階上線,八戸市・階上町境,八戸階上線,2446,0,2.6,,350,,343,693,1.14,0.13,,,7,40
2400010070,八戸階上線,八戸階上線,一般国道４５号,2446,0,1.1,,350,,343,693,1.14,0.13,45,42.2,7,40
2400010090,八戸階上線,八戸階上線,,2203,0,1.9,八戸市大字鮫町字日ノ出町,2100,八戸市大字鮫町字日ノ出町,2409,4509,1.22,0.54,39,41.3,9.5,40
2400010110,八戸階上線,八戸階上線,,2446,0,0.7,,426,,417,843,1.15,0.15,11.2,12.2,6.5,40
2400020010,屏風山内真部線,鯵ヶ沢蟹田線,,2209,0,3.9,つがる市牛潟町村上,372,つがる市牛潟町村上,368,740,1.12,0.09,43.2,46,9,40
2400020030,屏風山内真部線,,下派沼崎線,2209,0,0.2,つがる市牛潟町村上,372,つがる市牛潟町村上,368,740,1.12,0.09,34.4,32.7,9,40
2400020050,屏風山内真部線,下派沼崎線,,2209,0,0.6,つがる市稲垣町福富前村,557,つがる市稲垣町福富前村,580,1137,1.16,0.17,35.7,43.7,9,40
2400020070,屏風山内真部線,,,2209,0,1.5,つがる市稲垣町福富前村,557,つがる市稲垣町福富前村,580,1137,1.16,0.17,50.3,50,9,40
2400020080,屏風山内真部線,,五所川原車力線,2209,0,0.6,つがる市稲垣町福富前村,557,つがる市稲垣町福富前村,580,1137,1.16,0.17,48.8,43.7,9,40
2400020090,屏風山内真部線,五所川原車力線,つがる市・五所川原市境,2209,0,0.3,つがる市稲垣町繁田繁川(道路敷),1967,つがる市稲垣町繁田繁川(道路敷),1799,3766,1.22,0.38,27.8,38.5,10,40
2400020100,屏風山内真部線,つがる市・五所川原市境,神原中里線,2205,0,0.2,つがる市稲垣町繁田繁川(道路敷),1967,つがる市稲垣町繁田繁川(道路敷),1799,3766,1.22,0.43,48.6,45.3,6.5,40
2400020110,屏風山内真部線,神原中里線,屏風山内真部線,2205,0,0.2,つがる市稲垣町繁田繁川(道路敷),1967,つがる市稲垣町繁田繁川(道路敷),1799,3766,1.22,0.43,50.2,46.9,6.5,40
2400020120,屏風山内真部線,屏風山内真部線,蒔田五所川原線,2205,0,1.2,五所川原市金木町沢部,1194,五所川原市金木町沢部,1217,2411,1.22,0.23,42.4,52.2,6.5,40
2400020130,屏風山内真部線,蒔田五所川原線,一般国道３３９号,2205,0,1.8,五所川原市金木町沢部,1194,五所川原市金木町沢部,1217,2411,1.22,0.23,30.7,30.6,6.5,40
2400020220,屏風山内真部線,一般国道３３９号,屏風山内真部線,2205,0,2.1,,563,,556,1119,1.16,0.27,44.9,49.3,12.5,40
2400020160,屏風山内真部線,屏風山内真部線,五所川原市・青森市境,2205,0,10.5,,563,,556,1119,1.16,0.27,38.7,45.9,7,60
2400020170,屏風山内真部線,五所川原市・青森市境,一般国道２８０号,2201,0,9.7,,563,,556,1119,1.16,0.25,44.8,49.6,9,50
2400020180,屏風山内真部線,一般国道２８０号,一般国道２８０号,2201,0,0.7,,563,,556,1119,1.16,0.25,16.9,20.5,9,50
2400020200,屏風山内真部線,屏風山内真部線,,2205,0,1.3,,1280,,1214,2494,1.22,0.28,55.8,50.3,11.5,60
2400020140,屏風山内真部線,一般国道３３９号,金木停車場線,2205,0,0.6,,563,,556,1119,1.16,0.27,14.8,24.5,7,50
2400020150,屏風山内真部線,金木停車場線,屏風山内真部線,2205,0,2.4,,563,,556,1119,1.16,0.27,28.1,23.2,7,50
2400030010,弘前岳鯵ヶ沢線,一般国道７号,,2202,0,1.3,弘前市大字和泉二丁目,9363,弘前市大字和泉二丁目,7678,17041,1.24,0.69,20,24,22,40
2400030020,弘前岳鯵ヶ沢線,,石川百田線,2202,0,0.5,弘前市大字和泉二丁目,9363,弘前市大字和泉二丁目,7678,17041,1.24,0.69,22.7,21,22,40
2400030030,弘前岳鯵ヶ沢線,石川百田線,,2202,0,0.2,弘前市大字和泉二丁目,9363,弘前市大字和泉二丁目,7678,17041,1.24,0.69,8.9,19.9,22,40
2400030040,弘前岳鯵ヶ沢線,,弘前停車場線,2202,0,0.4,弘前市大字和泉二丁目,9363,弘前市大字和泉二丁目,7678,17041,1.24,1.46,17.7,13.5,12.5,40
2400030050,弘前岳鯵ヶ沢線,弘前停車場線,石川土手町線,2202,0,0.4,弘前市大字和泉二丁目,9363,弘前市大字和泉二丁目,7678,17041,1.24,1.46,13.1,11,12.5,40
2400030060,弘前岳鯵ヶ沢線,石川土手町線,岩崎西目屋弘前線,2202,0,0.9,,,弘前市大字土手町,8513,8513,1.23,0.34,,13.5,14.8,40
2400030070,弘前岳鯵ヶ沢線,岩崎西目屋弘前線,,2202,0,2.1,,,弘前市大字土手町,8513,8513,1.23,0.76,18,17.7,9.5,40
2400030080,弘前岳鯵ヶ沢線,,五所川原岩木線,2202,0,2.7,弘前市大字一町田字村元,4420,弘前市大字一町田字村元,4175,8595,1.23,0.57,26.2,29.6,20,60
2400030090,弘前岳鯵ヶ沢線,五所川原岩木線,,2202,0,0.3,弘前市大字一町田字村元,4420,弘前市大字一町田字村元,4175,8595,1.23,0.57,22.3,23.3,20,60
2400030100,弘前岳鯵ヶ沢線,,,2202,0,2.1,弘前市大字百沢字寺沢,1273,弘前市大字百沢字寺沢,1265,2538,1.22,0.34,,,13.6,60
2400030110,弘前岳鯵ヶ沢線,,岩木山環状線,2202,0,3.6,弘前市大字百沢字寺沢,1273,弘前市大字百沢字寺沢,1265,2538,1.22,0.34,53.7,54.8,13.6,60
2400030120,弘前岳鯵ヶ沢線,岩木山環状線,,2202,0,0.2,弘前市大字百沢字寺沢,1273,弘前市大字百沢字寺沢,1265,2538,1.22,0.36,37.7,21.8,12,40
2400030130,弘前岳鯵ヶ沢線,,相馬常盤野線,2202,0,4.9,弘前市大字百沢字寺沢,1273,弘前市大字百沢字寺沢,1265,2538,1.22,0.36,53.7,50.5,12,40
2400030140,弘前岳鯵ヶ沢線,相馬常盤野線,弘前市・鰺ヶ沢町境,2202,0,6.8,,1078,,1045,2123,1.22,0.29,45.4,50.4,13.2,50
2400030150,弘前岳鯵ヶ沢線,弘前市・鰺ヶ沢町境,松代町陸奥赤石停車場線,2321,0,8.3,,1078,,1045,2123,1.22,0.31,44.7,46.2,9,60
2400030160,弘前岳鯵ヶ沢線,松代町陸奥赤石停車場線,岩木山環状線,2321,0,2.1,,1078,,1045,2123,1.22,0.31,50.3,48.2,9,60
2400030170,弘前岳鯵ヶ沢線,岩木山環状線,,2321,0,6.7,西津軽郡鰺ヶ沢町大字芦萢町字鹿子石,166,西津軽郡鰺ヶ沢町大字芦萢町字鹿子石,205,371,1.13,0.05,47.6,44.5,7.5,40
2400030180,弘前岳鯵ヶ沢線,,一般国道１０１号,2321,0,4.2,,1548,,1618,3166,1.22,0.76,42.5,35.3,7.4,40
2400030190,弘前岳鯵ヶ沢線,一般国道１０１号,鯵ヶ沢停車場線,2321,0,1,,1548,,1618,3166,1.22,0.76,30.1,28.7,7.4,40
2301010570,弘前岳鯵ヶ沢線,鯵ヶ沢停車場線,一般国道１０１号,2321,0,5.2,西津軽郡鰺ヶ沢町大字赤石町字大和田,728,西津軽郡鰺ヶ沢町大字赤石町字大和田,783,1511,1.19,0.14,29.7,29.4,8.5,40
2400040010,むつ恐山公園大畑線,一般国道２７９号,海老川新町線,2208,0,1,むつ市大字田名部字二又川目,191,むつ市大字田名部字二又川目,170,361,1.12,0.06,17.9,19.5,7.5,60
2400040020,むつ恐山公園大畑線,海老川新町線,一般国道３３８号,2208,0,0.1,むつ市大字田名部字二又川目,191,むつ市大字田名部字二又川目,170,361,1.12,0.06,13.9,8.3,7.5,60
2400040030,むつ恐山公園大畑線,一般国道３３８号,一般国道３３８号,2208,0,1.2,むつ市大字田名部字二又川目,191,むつ市大字田名部字二又川目,170,361,1.12,0.06,25.4,27.1,7.5,60
2400040040,むつ恐山公園大畑線,一般国道３３８号,長坂大湊線,2208,0,4.2,むつ市大字田名部字二又川目,191,むつ市大字田名部字二又川目,170,361,1.12,0.06,47.5,50.9,7.5,60
2400040050,むつ恐山公園大畑線,長坂大湊線,,2208,0,7.5,むつ市大字田名部字二又川目,191,むつ市大字田名部字二又川目,170,361,1.12,0.06,39,39.2,7.5,60
2400040060,むつ恐山公園大畑線,,むつ恐山公園大畑線,2208,0,14.4,,37,,39,76,1.1,0.01,36.8,34.2,6.5,60
2400040070,むつ恐山公園大畑線,むつ恐山公園大畑線,一般国道２７９号,2208,0,8.8,むつ市大畑町小目名家ノ下,364,むつ市大畑町小目名家ノ下,461,825,1.14,0.09,42.4,46.2,11.5,60
2400040080,むつ恐山公園大畑線,一般国道２７９号,一般国道２７９号,2208,0,0.6,むつ市大畑町小目名家ノ下,364,むつ市大畑町小目名家ノ下,461,825,1.14,0.09,11.8,13.5,11.5,60
2400040100,むつ恐山公園大畑線,むつ恐山公園大畑線,薬研佐井線,2208,0,2.8,むつ市大畑町小目名家ノ下,364,むつ市大畑町小目名家ノ下,461,825,1.14,0.09,47.9,32.2,7,60
2400050010,野辺地六ヶ所線,一般国道２７９号,一般国道２７９号,2401,0,1.2,上北郡六ヶ所村大字芋ヶ崎字切揚場,921,上北郡六ヶ所村大字芋ヶ崎字切揚場,914,1835,1.19,0.5,31.6,40.4,7,50
2400050020,野辺地六ヶ所線,一般国道２７９号,野辺地町・東北町境,2401,0,3,上北郡六ヶ所村大字芋ヶ崎字切揚場,921,上北郡六ヶ所村大字芋ヶ崎字切揚場,914,1835,1.19,0.5,58.2,54.9,7,50
2400050030,野辺地六ヶ所線,野辺地町・東北町境,東北横浜線,2408,0,6.1,上北郡六ヶ所村大字芋ヶ崎字切揚場,921,上北郡六ヶ所村大字芋ヶ崎字切揚場,914,1835,1.19,0.46,54,53.7,7,50
2400050040,野辺地六ヶ所線,東北横浜線,東北町・六ヶ所村境,2408,0,0.1,上北郡六ヶ所村大字芋ヶ崎字切揚場,921,上北郡六ヶ所村大字芋ヶ崎字切揚場,914,1835,1.19,0.46,30.4,27.6,7,50
2400050050,野辺地六ヶ所線,東北町・六ヶ所村境,東北横浜線,2411,0,0.1,上北郡六ヶ所村大字芋ヶ崎字切揚場,921,上北郡六ヶ所村大字芋ヶ崎字切揚場,914,1835,1.19,0.54,19.6,16.4,8.5,50
2400050060,野辺地六ヶ所線,東北横浜線,一般国道３９４号,2411,0,7.8,上北郡六ヶ所村大字芋ヶ崎字切揚場,921,上北郡六ヶ所村大字芋ヶ崎字切揚場,914,1835,1.19,0.39,52,55.5,8.5,50
2400060010,むつ尻屋崎線,一般国道３３８号,一般国道２７９号,2208,0,0.6,,1685,,1580,3265,1.22,0.59,16.9,22.6,12.4,50
2400060015,むつ尻屋崎線,一般国道２７９号,一般国道２７９号,2208,0,1.6,,1685,,1580,3265,1.22,0.59,27.4,36.4,12.4,50
2400060020,むつ尻屋崎線,一般国道２７９号,むつ市・東通村境,2208,0,1.4,,1685,,1580,3265,1.22,0.59,51.8,47,12.4,50
2400060030,むつ尻屋崎線,むつ市・東通村境,関根蒲野沢線,2424,0,9,,1685,,1580,3265,1.22,0.49,54.1,50.5,7,50
2400060040,むつ尻屋崎線,関根蒲野沢線,尻労袰部線,2424,0,5.8,,1685,,1580,3265,1.22,0.49,61,59.5,7,50
2400060042,むつ尻屋崎線,尻労袰部線,むつ尻屋崎線（岩屋バイパス）,2424,0,2.4,,,,,,,,58.6,44.3,7,60
2400060070,むつ尻屋崎線（岩屋バイパス）,むつ尻屋崎線,むつ尻屋崎線,2424,0,3,下北郡東通村大字岩屋字向,645,下北郡東通村大字岩屋字向,622,1267,1.14,0.29,70.9,61.4,12.1,60
2400060045,むつ尻屋崎線,むつ尻屋崎線（岩屋バイパス）,東通村道,2424,0,3.8,下北郡東通村大字岩屋字往来,217,下北郡東通村大字岩屋字往来,205,422,1.15,0.05,26.2,44.6,7,60
2400060100,むつ尻屋崎線,東通村道,,2424,0,0.4,,,,,,,,50.3,51.4,10,60
2400060044,むつ尻屋崎線,むつ尻屋崎線（岩屋バイパス）,むつ尻屋崎線（岩屋バイパス）,2424,0,3,下北郡東通村大字岩屋字往来,217,下北郡東通村大字岩屋字往来,205,422,1.15,0.05,,,7.9,40
2400070010,むつ東通線,,一般国道２７９号,2208,0,0.1,,,,,,,,,,8.3,40
2400070030,むつ東通線,一般国道２７９号,むつ市・東通村境,2208,0,4.4,下北郡東通村大字小田野沢字滝ノ沢,434,下北郡東通村大字小田野沢字滝ノ沢,363,797,1.14,0.13,50,46.1,7,40
2400070040,むつ東通線,むつ市・東通村境,一般国道３３８号,2424,0,5.6,下北郡東通村大字小田野沢字滝ノ沢,434,下北郡東通村大字小田野沢字滝ノ沢,363,797,1.14,0.13,50.2,36.5,7,40
2400080010,八戸野辺地線,一般国道４５号,八戸環状線,2203,0,5.7,,4409,,4422,8831,1.23,0.88,28.2,32,9.5,40
2400080020,八戸野辺地線,八戸環状線,陸奥市川停車場線,2203,0,0.3,,4409,,4422,8831,1.23,0.88,27,35.8,9.5,40
2400080030,八戸野辺地線,陸奥市川停車場線,一般国道４５号,2203,0,0.8,,4409,,4422,8831,1.23,0.88,34.7,31.4,9.5,40
2400080050,八戸野辺地線,一般国道４５号,橋向五戸線,2203,0,0.9,,4409,,4422,8831,1.23,0.71,31.9,45.9,13.2,60
2400080060,八戸野辺地線,橋向五戸線,市川下田停車場線,2203,0,1.2,,4409,,4422,8831,1.23,0.71,34.2,49.8,13.2,60
2400080070,八戸野辺地線,市川下田停車場線,八戸市・おいらせ町境,2203,0,0.4,,4409,,4422,8831,1.23,0.71,42.2,36.7,13.2,60
2400080080,八戸野辺地線,八戸市・おいらせ町境,一般国道４５号,2412,0,0.7,,4409,,4422,8831,1.23,0.68,36.1,25.6,14,60
2400080100,八戸野辺地線,一般国道４５号,三沢十和田線,2412,0,5.7,上北郡おいらせ町向山,4359,上北郡おいらせ町向山,4451,8810,1.23,0.67,36.6,39.3,8.5,40
2400080110,八戸野辺地線,三沢十和田線,おいらせ町・三沢市境,2412,0,1.9,上北郡おいらせ町青葉七丁目,1179,上北郡おいらせ町青葉七丁目,1200,2379,1.22,0.26,25.2,29.1,9.2,50
2400080120,八戸野辺地線,おいらせ町・三沢市境,三沢十和田線,2207,0,1.3,上北郡おいらせ町青葉七丁目,1179,上北郡おいらせ町青葉七丁目,1200,2379,1.22,0.24,,,7.5,50
2400080130,八戸野辺地線,三沢十和田線,三沢十和田線,2207,0,0.5,上北郡おいらせ町青葉七丁目,1179,上北郡おいらせ町青葉七丁目,1200,2379,1.22,0.24,25,21.3,7.5,50
2400080140,八戸野辺地線,三沢十和田線,三沢十和田線,2207,0,0.2,上北郡おいらせ町青葉七丁目,1179,上北郡おいらせ町青葉七丁目,1200,2379,1.22,0.24,18.1,14.7,7.5,50
2400080150,八戸野辺地線,三沢十和田線,三沢市・六戸町境,2207,0,4.1,上北郡東北町大字上野字下田,4367,上北郡東北町大字上野字下田,3928,8295,1.23,1,47.9,46.3,6.5,40
2400080160,八戸野辺地線,三沢市・六戸町境,六戸町・東北町境,2405,0,0.2,上北郡東北町大字上野字下田,4367,上北郡東北町大字上野字下田,3928,8295,1.23,1,58.1,58.6,6.5,40
2400080170,八戸野辺地線,六戸町・東北町境,水喰上北町停車場線,2408,0,5.7,上北郡東北町大字上野字下田,4367,上北郡東北町大字上野字下田,3928,8295,1.23,0.96,47.9,44.6,10.2,40
2400080180,八戸野辺地線,水喰上北町停車場線,水喰上北町停車場線,2408,0,1.4,上北郡東北町大字上野字下田,4367,上北郡東北町大字上野字下田,3928,8295,1.23,0.96,33.6,38,10.2,40
2400080190,八戸野辺地線,水喰上北町停車場線,東北町・七戸町境,2408,0,1.5,上北郡東北町大字上野字下田,4367,上北郡東北町大字上野字下田,3928,8295,1.23,0.96,52.9,50.9,10.2,40
2400080200,八戸野辺地線,東北町・七戸町境,七戸町・東北町境,2402,0,2.8,上北郡東北町大字上野字下田,4367,上北郡東北町大字上野字下田,3928,8295,1.23,0.85,51.3,50.9,9.5,40
2400080210,八戸野辺地線,七戸町・東北町境,一般国道３９４号,2408,0,1.9,上北郡東北町大字上野字下田,4367,上北郡東北町大字上野字下田,3928,8295,1.23,0.98,42.4,40.1,11.3,40
2400080220,八戸野辺地線,一般国道３９４号,一般国道４号,2408,0,11.7,上北郡東北町字ほとけ沢,1016,上北郡東北町字ほとけ沢,1082,2098,1.22,0.26,47.1,45.6,6.5,50
2400080240,八戸野辺地線,一般国道４５号,三沢十和田線,2412,1,6.1,上北郡おいらせ町山崎,2255,上北郡おいらせ町山崎,2045,4300,1.21,0.29,69.9,82.7,12,60
2400080250,八戸野辺地線,三沢十和田線,おいらせ町・六戸町境,2412,1,1,,584,,736,1320,1.17,0.13,75.4,77.4,12,60
2400080259,八戸野辺地線,おいらせ町・六戸町境,一般国道４５号（上北道路）,2405,1,1.2,,584,,736,1320,1.17,0.13,79.4,82.1,12,60
2400080260,八戸野辺地線,一般国道４５号（上北道路）,三沢十和田線,2405,1,1.4,上北郡六戸町大字犬落瀬字堀切沢60-1055,472,上北郡六戸町大字犬落瀬字堀切沢60-1055,377,849,1.14,0.09,64.7,54.1,12,60
2400080280,八戸野辺地線,,,2207,0,1.2,,,,,,,,,,12.6,50
2400090010,夏泊公園線,一般国道４号,,2301,0,8.8,,1062,,1130,2192,1.22,0.2,47.2,50.3,9,60
2400090020,夏泊公園線,,,2301,0,7.6,東津軽郡平内町大字東田沢,305,東津軽郡平内町大字東田沢,315,620,1.12,0.08,36.2,47.3,13,40
2400090024,夏泊公園線,,,2301,0,7.4,,575,,511,1086,1.16,0.14,46.7,44.2,9,30
2400090050,夏泊公園線,,,2301,0,2.2,,575,,511,1086,1.16,0.15,70,61.2,9.75,60
2400090030,夏泊公園線,,一般国道４号,2301,0,3,,575,,511,1086,1.16,0.14,56.8,38.4,8.5,60
2300040840,夏泊公園線,一般国道４号,一般国道４号,2301,0,1.6,,,,,,,,,,11.6,60
2400100010,三沢十和田線,一般国道３３８号,天ヶ森三沢線,2207,0,2.2,三沢市大字三沢字山下29,469,三沢市大字三沢字山下29,487,956,1.15,0.16,35.5,38.7,9.2,50
2400100020,三沢十和田線,天ヶ森三沢線,,2207,0,2,三沢市大字三沢字山下29,469,三沢市大字三沢字山下29,487,956,1.15,0.16,31.1,28.2,9.2,50
2400100030,三沢十和田線,,八戸野辺地線,2207,0,1.9,,7266,,7380,14646,1.24,1.39,18.9,18.9,10.2,50
2400100170,三沢十和田線,八戸野辺地線,大町三沢線,2207,0,1.8,,7045,,8014,15059,1.25,1.49,18.9,18.1,12,40
2400100180,三沢十和田線,大町三沢線,三沢市・おいらせ町境,2207,0,1.1,,7045,,8014,15059,1.25,1.49,25.7,28.2,12,40
2400100190,三沢十和田線,三沢市・おいらせ町境,八戸野辺地線,2412,0,1.3,,7045,,8014,15059,1.25,1.04,38.1,24.7,12,50
2400100200,三沢十和田線,八戸野辺地線,八戸野辺地線,2412,0,1.1,,7045,,8014,15059,1.25,1.04,19,25.6,12,50
2400100210,三沢十和田線,八戸野辺地線,おいらせ町・六戸町境,2412,0,0.7,,7045,,8014,15059,1.25,1.04,29,40,12,50
2400100220,三沢十和田線,おいらせ町・六戸町境,八戸三沢線,2405,0,1.6,,7045,,8014,15059,1.25,1.04,50.9,48.5,12.4,50
2400100230,三沢十和田線,八戸三沢線,三沢十和田線,2405,0,1,,7045,,8014,15059,1.25,1.04,44,43,12.4,50
2400100100,三沢十和田線,三沢十和田線,折茂上北町停車場線,2405,0,2.7,,5916,,5280,11196,1.24,1.28,44.8,43.6,12.5,50
2400100110,三沢十和田線,折茂上北町停車場線,六戸町・十和田市境,2405,0,3.9,,5916,,5280,11196,1.24,1.28,42.8,46.9,12.5,50
2400100120,三沢十和田線,六戸町・十和田市境,一般国道４号,2206,0,1.3,,5916,,5280,11196,1.24,1.51,40.7,42.9,8.7,50
2400100130,三沢十和田線,一般国道４号,上野十和田線,2206,0,1.6,,5916,,5280,11196,1.24,1.51,33.9,30.7,8.7,50
2400100140,三沢十和田線,上野十和田線,十和田三戸線,2206,0,1.8,十和田市大字洞内字井戸頭,6615,十和田市大字洞内字井戸頭,6616,13231,1.24,1.04,20.3,21.1,12,40
2400100150,三沢十和田線,十和田三戸線,一般国道４号,2206,0,2.4,十和田市大字洞内字井戸頭,6615,十和田市大字洞内字井戸頭,6616,13231,1.24,1.04,23.8,32.4,12,40
2400100050,三沢十和田線,八戸野辺地線,三沢七戸線,2207,0,1.4,三沢市新町二丁目,2258,三沢市新町二丁目,1881,4139,1.23,0.43,25.9,24.5,9.8,40
2400100060,三沢十和田線,三沢七戸線,三沢市・六戸町境,2207,0,0.6,三沢市新町二丁目,2258,三沢市新町二丁目,1881,4139,1.23,0.43,38.6,38.1,9.8,40
2400100070,三沢十和田線,三沢市・六戸町境,八戸野辺地線,2405,0,0.7,三沢市新町二丁目,2258,三沢市新町二丁目,1881,4139,1.23,0.47,39.6,31.5,8.2,50
2400100080,三沢十和田線,八戸野辺地線,八戸三沢線,2405,0,1.7,三沢市新町二丁目,2258,三沢市新町二丁目,1881,4139,1.23,0.47,31.7,35.9,8.2,50
2400100090,三沢十和田線,八戸三沢線,三沢十和田線,2405,0,1.1,三沢市新町二丁目,2258,三沢市新町二丁目,1881,4139,1.23,0.47,39.1,27.6,8.2,50
2400110010,八戸大野線,一般国道３４０号,妙売市線,2203,0,0.9,,2950,,3787,6737,1.23,0.51,15.2,,10,40
2400110019,八戸大野線,妙売市線,八戸環状線,2203,0,1.7,八戸市吹上五丁目,3635,八戸市吹上五丁目,2990,6625,1.23,0.92,13.9,23.6,9.5,40
2400110020,八戸大野線,八戸環状線,島守八戸線,2203,0,0.1,八戸市大字田向字デントウ平,3709,八戸市大字田向字デントウ平,4193,7902,1.23,1.51,8.9,16.5,9.5,40
2400110030,八戸大野線,島守八戸線,一般国道４５号（八戸南環状道路）,2203,0,1.6,八戸市大字田向字デントウ平,3709,八戸市大字田向字デントウ平,4193,7902,1.23,1.51,17.9,30.2,9.5,40
2400110045,八戸大野線,一般国道４５号（八戸南環状道路）,差波新井田線,2203,0,0.1,三戸郡階上町大字金山沢字伴蔵,1128,三戸郡階上町大字金山沢字伴蔵,1130,2258,1.22,0.29,8.4,10,11,50
2400110050,八戸大野線,差波新井田線,八戸市・階上町境,2203,0,2.4,三戸郡階上町大字金山沢字伴蔵,1128,三戸郡階上町大字金山沢字伴蔵,1130,2258,1.22,0.29,44.6,46.5,11,50
2400110060,八戸大野線,八戸市・階上町境,階上町・八戸市境,2446,0,6.9,三戸郡階上町大字金山沢字伴蔵,1128,三戸郡階上町大字金山沢字伴蔵,1130,2258,1.22,0.31,55,55,6.5,50
2400110070,八戸大野線,階上町・八戸市境,名川階上線,2203,0,0.1,三戸郡階上町大字金山沢字伴蔵,1128,三戸郡階上町大字金山沢字伴蔵,1130,2258,1.22,0.37,35.8,34.1,7,40
2400110110,八戸大野線,名川階上線,八戸市道,2203,0,0.8,,1423,,1331,2754,1.22,0.36,55.1,54.4,14.2,60
2400110090,八戸大野線,八戸市道,八戸大野線,2203,0,4.1,,1423,,1331,2754,1.22,0.39,51.9,50.7,7,60
2400120010,鯵ヶ沢蟹田線,一般国道１０１号,越水木造線,2209,0,0.9,つがる市木造館岡稲葉,1826,つがる市木造館岡稲葉,1287,3113,1.22,0.37,26.1,49.9,9.5,40
2400120020,鯵ヶ沢蟹田線,越水木造線,桑野木田南広森線,2209,0,3.1,つがる市木造館岡稲葉,1826,つがる市木造館岡稲葉,1287,3113,1.22,0.37,41.6,47.9,9.5,40
2400120030,鯵ヶ沢蟹田線,桑野木田南広森線,出来島丸山線,2209,0,1.9,つがる市木造館岡稲葉,1826,つがる市木造館岡稲葉,1287,3113,1.22,0.37,48.6,44.5,9.5,40
2400120040,鯵ヶ沢蟹田線,出来島丸山線,,2209,0,1.6,つがる市木造館岡稲葉,1826,つがる市木造館岡稲葉,1287,3113,1.22,0.37,56.9,54.6,9.5,40
2400120050,鯵ヶ沢蟹田線,,出来島丸山線,2209,0,0.8,つがる市木造館岡稲葉,1826,つがる市木造館岡稲葉,1287,3113,1.22,0.37,52.8,40.6,9.5,40
2400120060,鯵ヶ沢蟹田線,出来島丸山線,,2209,0,1.6,つがる市木造館岡稲葉,1826,つがる市木造館岡稲葉,1287,3113,1.22,0.37,53,54.8,9.5,40
2400120070,鯵ヶ沢蟹田線,,豊川舘岡線,2209,0,0.9,つがる市木造館岡稲葉,1826,つがる市木造館岡稲葉,1287,3113,1.22,0.37,56.3,57.8,9.5,40
2400120080,鯵ヶ沢蟹田線,豊川舘岡線,屏風山内真部線,2209,0,6.5,つがる市木造館岡稲葉,1826,つがる市木造館岡稲葉,1287,3113,1.22,0.37,48.4,46.9,9,40
2400120090,鯵ヶ沢蟹田線,屏風山内真部線,高山稲荷神社線,2209,0,0.5,つがる市車力町杵谷,992,つがる市車力町杵谷,917,1909,1.18,0.23,38.1,36.4,7.5,40
2400120100,鯵ヶ沢蟹田線,高山稲荷神社線,五所川原車力線,2209,0,2.3,つがる市車力町杵谷,992,つがる市車力町杵谷,917,1909,1.18,0.23,49.4,43.9,7.5,40
2400120110,鯵ヶ沢蟹田線,五所川原車力線,,2209,0,3.5,つがる市車力町杵谷,992,つがる市車力町杵谷,917,1909,1.18,0.23,36.9,41,7.5,40
2400120120,鯵ヶ沢蟹田線,,富萢薄市線,2209,0,0.8,,888,,890,1778,1.19,0.24,52.1,48.7,11.5,40
2400120130,鯵ヶ沢蟹田線,富萢薄市線,つがる市・五所川原市境,2209,0,1.9,,888,,890,1778,1.19,0.24,58.1,62.3,11.5,40
2400120140,鯵ヶ沢蟹田線,つがる市・五所川原市境,五所川原市・つがる市境,2205,0,0.2,,888,,890,1778,1.19,0.23,62.7,66.3,12,40
2400120150,鯵ヶ沢蟹田線,五所川原市・つがる市境,つがる市・五所川原市境,2209,0,2.3,,888,,890,1778,1.19,0.27,51.5,35.2,12,40
2400120160,鯵ヶ沢蟹田線,つがる市・五所川原市境,一般国道３３９号,2205,0,7.4,,888,,890,1778,1.19,0.25,51,55,9.45,40
2400120180,鯵ヶ沢蟹田線,一般国道３３９号,中泊町・外ヶ浜町境,2387,0,8.1,北津軽郡中泊町大字今泉字神山,651,北津軽郡中泊町大字今泉字神山,623,1274,1.17,0.18,59.8,60.3,9,40
2400120190,鯵ヶ沢蟹田線,中泊町・外ヶ浜町境,今別蟹田線,2307,0,5.6,北津軽郡中泊町大字今泉字神山,651,北津軽郡中泊町大字今泉字神山,623,1274,1.17,0.18,62.6,60.4,9.5,40
2400120195,鯵ヶ沢蟹田線,今別蟹田線,一般国道２８０号,2307,0,8.1,,1568,,1386,2954,1.22,0.45,45.8,43.7,9,40
2400120200,鯵ヶ沢蟹田線,一般国道２８０号,一般国道２８０号,2307,0,0.6,,1568,,1386,2954,1.22,0.45,22.8,23.2,9,40
2400130010,大鰐浪岡線,一般国道７号,大鰐町・弘前市境,2362,0,1,弘前市大字薬師堂字岡本,2228,弘前市大字薬師堂字岡本,2230,4458,1.22,0.49,25,35.9,6.5,60
2400130020,大鰐浪岡線,大鰐町・弘前市境,,2202,0,0.9,弘前市大字薬師堂字岡本,2228,弘前市大字薬師堂字岡本,2230,4458,1.22,0.43,,,6.5,60
2400130030,大鰐浪岡線,,弘前市・平川市境,2202,0,1.2,弘前市大字薬師堂字岡本,2228,弘前市大字薬師堂字岡本,2230,4458,1.22,0.43,,,6.5,60
2400130040,大鰐浪岡線,弘前市・平川市境,吹上金屋黒石線,2210,0,0.6,弘前市大字薬師堂字岡本,2228,弘前市大字薬師堂字岡本,2230,4458,1.22,0.5,43.7,38.9,6,40
2400130050,大鰐浪岡線,吹上金屋黒石線,大鰐浪岡線,2210,0,0.6,弘前市大字薬師堂字岡本,2228,弘前市大字薬師堂字岡本,2230,4458,1.22,0.5,28.9,26.9,6,40
2400130060,大鰐浪岡線,大鰐浪岡線,小国本町線,2210,0,1.3,黒石市大字中川字篠村,5777,黒石市大字中川字篠村,5720,11497,1.24,0.8,32.1,30,16.4,60
2400130070,大鰐浪岡線,小国本町線,町居平賀停車場線,2210,0,0.2,黒石市大字中川字篠村,5777,黒石市大字中川字篠村,5720,11497,1.24,0.8,12.5,15.8,16.4,60
2400130080,大鰐浪岡線,町居平賀停車場線,金屋尾上線,2210,0,3.7,黒石市大字中川字篠村,5777,黒石市大字中川字篠村,5720,11497,1.24,0.73,37.2,40.2,16.4,50
2400130090,大鰐浪岡線,金屋尾上線,平川市・黒石市境,2210,0,1,黒石市大字中川字篠村,5777,黒石市大字中川字篠村,5720,11497,1.24,0.73,44.3,46.3,16.4,50
2400130100,大鰐浪岡線,平川市・黒石市境,一般国道１０２号,2204,0,1.2,黒石市大字中川字篠村,5777,黒石市大字中川字篠村,5720,11497,1.24,0.72,37.9,22.4,16,50
2400130110,大鰐浪岡線,一般国道１０２号,五所川原黒石線,2204,0,0.9,黒石市大字山形町,7991,黒石市大字山形町,7788,15779,1.25,1.16,15.3,17.5,15,40
2400130120,大鰐浪岡線,五所川原黒石線,浪岡北中野黒石線,2204,0,1.1,黒石市大字山形町,7991,黒石市大字山形町,7788,15779,1.25,1.16,18.7,22.8,15,40
2400130130,大鰐浪岡線,浪岡北中野黒石線,,2204,0,1.4,黒石市北美町一丁目,4784,黒石市北美町一丁目,4907,9691,1.23,0.77,30,29.9,15,40
2400130140,大鰐浪岡線,,畑中竹鼻線,2204,0,1.5,黒石市北美町一丁目,4784,黒石市北美町一丁目,4907,9691,1.23,0.76,29.5,30,10,50
2400130150,大鰐浪岡線,畑中竹鼻線,畑中竹鼻線,2204,0,0.4,,5442,,5160,10602,1.24,0.82,26.9,31.4,10,50
2400130160,大鰐浪岡線,畑中竹鼻線,黒石市・青森市境,2204,0,1.5,,5442,,5160,10602,1.24,0.82,50.5,49.5,10,50
2400130170,大鰐浪岡線,黒石市・青森市境,浪岡北中野黒石線,2201,0,2,,5442,,5160,10602,1.24,0.77,36.2,34.8,9.5,50
2400130180,大鰐浪岡線,浪岡北中野黒石線,五所川原浪岡線,2201,0,0.2,,5442,,5160,10602,1.24,0.77,12.1,12.3,9.5,50
2601270080,大鰐浪岡線,石川土手町線,弘前市・平川市境,2202,0,0.4,弘前市大字石川字柳田,3139,弘前市大字石川字柳田,2863,6002,1.23,0.6,26.8,40.9,13,60
2601270070,大鰐浪岡線,弘前市・平川市境,一般国道７号,2210,0,0.3,弘前市大字石川字柳田,3139,弘前市大字石川字柳田,2863,6002,1.23,0.64,29.4,16.8,12.5,60
2400130200,大鰐浪岡線,一般国道７号,弘前環状線,2210,0,0.5,平川市大字原田字沢田,3235,平川市大字原田字沢田,3197,6432,1.23,0.57,22.8,31.2,16.5,60
2400130210,大鰐浪岡線,弘前環状線,大鰐浪岡線,2210,0,2.4,平川市大字原田字沢田,3235,平川市大字原田字沢田,3197,6432,1.23,0.57,36.3,36.7,16.5,60
2400140010,今別蟹田線,一般国道２８０号,,2303,0,0.6,東津軽郡今別町大字大川平字深沢,1113,東津軽郡今別町大字大川平字深沢,1147,2260,1.21,0.35,35.2,39.6,8.5,50
2400140020,今別蟹田線,,一般国道２８０号,2303,0,0.3,東津軽郡今別町大字大川平字深沢,1113,東津軽郡今別町大字大川平字深沢,1147,2260,1.21,0.35,16.6,19.3,8.5,50
2400140030,今別蟹田線,一般国道２８０号,今別町・外ヶ浜町境,2303,0,9.8,東津軽郡今別町大字大川平字深沢,1113,東津軽郡今別町大字大川平字深沢,1147,2260,1.21,0.35,57.9,57.9,8.5,50
2400140040,今別蟹田線,今別町・外ヶ浜町境,鯵ヶ沢蟹田線,2307,0,5.7,東津軽郡今別町大字大川平字深沢,1113,東津軽郡今別町大字大川平字深沢,1147,2260,1.21,0.35,51.8,51.7,9,40
2400150010,橋向五戸線,八戸百石線,,2203,0,1,,15160,,14797,29957,1.27,3.39,20.1,29.9,9.2,40
2400150020,橋向五戸線,,八戸百石線,2203,0,1,,2293,,2461,4754,1.23,0.66,23.7,23.6,12,40
2400150030,橋向五戸線,八戸百石線,市川下田停車場線,2203,0,0.1,,2293,,2461,4754,1.23,0.66,12.4,30.5,12,40
2400150040,橋向五戸線,市川下田停車場線,一般国道４５号,2203,0,1.5,,2293,,2461,4754,1.23,0.66,42.3,42.7,12,40
2400150050,橋向五戸線,一般国道４５号,八戸野辺地線,2203,0,0.3,三戸郡五戸町大字切谷内字菖蒲川,2667,三戸郡五戸町大字切谷内字菖蒲川,2494,5161,1.23,0.63,15.3,12,11,40
2400150060,橋向五戸線,八戸野辺地線,八戸市・五戸町境,2203,0,1.8,三戸郡五戸町大字切谷内字菖蒲川,2667,三戸郡五戸町大字切谷内字菖蒲川,2494,5161,1.23,0.63,28.1,35.7,11,40
2400150070,橋向五戸線,八戸市・五戸町境,八戸三沢線,2442,0,3.4,三戸郡五戸町大字切谷内字菖蒲川,2667,三戸郡五戸町大字切谷内字菖蒲川,2494,5161,1.23,0.63,47.5,44.9,13,50
2400150080,橋向五戸線,八戸三沢線,苫米地兎内線,2442,0,5,三戸郡五戸町大字切谷内字菖蒲川,2667,三戸郡五戸町大字切谷内字菖蒲川,2494,5161,1.23,0.63,47.2,45.1,13,50
2400150090,橋向五戸線,苫米地兎内線,五戸六戸線,2442,0,1.6,三戸郡五戸町字兎内,2021,三戸郡五戸町字兎内,2189,4210,1.22,0.43,40.2,38.1,13,50
2400150100,橋向五戸線,五戸六戸線,五戸六戸線,2442,0,0.5,三戸郡五戸町字兎内,2021,三戸郡五戸町字兎内,2189,4210,1.22,0.43,44.7,42.8,13,50
2400150110,橋向五戸線,五戸六戸線,,2442,0,1.5,三戸郡五戸町字中道,2521,三戸郡五戸町字中道,2754,5275,1.23,0.41,24.4,29.1,16,40
2400150120,橋向五戸線,,一般国道４号,2442,0,1.2,三戸郡五戸町字中道,2521,三戸郡五戸町字中道,2754,5275,1.23,0.44,28.5,25.6,16,50
2400160010,青森停車場線,,荒川青森停車場線,2201,0,0.3,青森市新町二丁目,3533,青森市新町二丁目,3334,6867,1.23,0.54,10.2,9.3,44.5,40
2400160020,青森停車場線,荒川青森停車場線,青森港線,2201,0,0.6,青森市新町二丁目,3533,青森市新町二丁目,3334,6867,1.23,0.54,11.4,12.9,44.5,40
2400160030,青森停車場線,青森港線,一般国道４号,2201,0,0.3,青森市新町二丁目,3533,青森市新町二丁目,3334,6867,1.23,0.54,13.1,12,44.5,40
2400170010,弘前停車場線,弘前岳鯵ヶ沢線,,2202,0,0.5,弘前市大字駅前二丁目,7712,弘前市大字駅前二丁目,6222,13934,1.24,0.57,14.5,16.2,21.5,40
2400180010,青森港線,,青森停車場線,2201,0,0.3,青森市安方二丁目,4982,青森市安方二丁目,5104,10086,1.24,0.49,12.8,14.7,49.5,60
2400190010,八戸百石線,一般国道１０４号,一般国道４５号,2203,0,1,八戸市大字川原木字八太郎,7152,八戸市大字川原木字八太郎,6113,13265,1.25,0.73,18.5,35.3,22,50
2400190020,八戸百石線,一般国道４５号,八戸環状線,2203,0,7.7,八戸市大字川原木字八太郎,7152,八戸市大字川原木字八太郎,6113,13265,1.25,0.73,30.9,30.8,22,50
2400190030,八戸百石線,八戸環状線,橋向五戸線,2203,0,0.1,八戸市大字川原木字八太郎,7152,八戸市大字川原木字八太郎,6113,13265,1.25,0.73,24.4,25.2,22,50
2400190040,八戸百石線,橋向五戸線,橋向五戸線,2203,0,1.6,八戸市大字川原木字八太郎,7152,八戸市大字川原木字八太郎,6113,13265,1.25,0.73,42.3,38.8,22,50
2400190050,八戸百石線,橋向五戸線,八戸市・おいらせ町境,2203,0,1.6,,3039,,2699,5738,1.23,0.29,40,38.3,21.4,50
2400190060,八戸百石線,八戸市・おいらせ町境,百石下田線,2412,0,0.7,,3039,,2699,5738,1.23,0.67,41.6,36.8,14.4,50
2400190070,八戸百石線,百石下田線,一般国道３３８号,2412,0,4.6,,3039,,2699,5738,1.23,0.67,49.9,44.4,14.4,50
2400200010,八戸三沢線,一般国道１０４号,八戸三沢線,2203,0,1.8,,4957,,5572,10529,1.24,0.39,13.1,18,22,40
2400200020,八戸三沢線,八戸三沢線,一般国道４５４号,2203,0,0.8,,4957,,5572,10529,1.24,0.39,22,22.6,22,40
2400200050,八戸三沢線,旧八戸三沢線,八戸市・五戸町境,2203,0,2.8,,4355,,3968,8323,1.23,0.79,54.5,53.6,14.2,60
2400200060,八戸三沢線,八戸市・五戸町境,橋向五戸線,2442,0,2.2,,4355,,3968,8323,1.23,0.9,52.3,50.1,13.6,50
2400200070,八戸三沢線,橋向五戸線,五戸町・六戸町境,2442,0,2.3,,4355,,3968,8323,1.23,0.81,43.7,47.1,13,40
2400200080,八戸三沢線,五戸町・六戸町境,五戸下田停車場線,2405,0,0.9,,4355,,3968,8323,1.23,0.85,55.4,59.8,10,30
2400200090,八戸三沢線,五戸下田停車場線,五戸六戸線,2405,0,4.4,,4355,,3968,8323,1.23,0.85,50.4,47.5,10,30
2400200100,八戸三沢線,五戸六戸線,米田六戸線,2405,0,1.1,上北郡六戸町大字犬落瀬字坪家沢（ゆとりの駐車場）,2000,上北郡六戸町大字犬落瀬字坪家沢（ゆとりの駐車場）,2152,4152,1.22,0.6,45.4,35.7,6.5,50
2400200110,八戸三沢線,米田六戸線,一般国道４５号,2405,0,0.6,上北郡六戸町大字犬落瀬字坪家沢（ゆとりの駐車場）,2000,上北郡六戸町大字犬落瀬字坪家沢（ゆとりの駐車場）,2152,4152,1.22,0.6,16.5,18,6.5,50
2400200120,八戸三沢線,一般国道４５号,向山停車場六戸線,2405,0,3.6,上北郡六戸町大字犬落瀬字坪家沢（ゆとりの駐車場）,2000,上北郡六戸町大字犬落瀬字坪家沢（ゆとりの駐車場）,2152,4152,1.22,0.6,42.8,48.7,6.5,50
2400200130,八戸三沢線,向山停車場六戸線,三沢十和田線,2405,0,1,上北郡六戸町大字犬落瀬字坪家沢（ゆとりの駐車場）,2000,上北郡六戸町大字犬落瀬字坪家沢（ゆとりの駐車場）,2152,4152,1.22,0.6,34.5,16.4,6.5,50
2400200140,八戸三沢線,三沢十和田線,三沢十和田線,2405,0,0.9,上北郡六戸町大字犬落瀬字坪家沢（ゆとりの駐車場）,2000,上北郡六戸町大字犬落瀬字坪家沢（ゆとりの駐車場）,2152,4152,1.22,0.6,35.1,26.6,6.5,50
2400200160,八戸三沢線,八戸三沢線,,2203,0,0.2,,5044,,5672,10716,1.24,1.13,12.9,9.9,15,40
2400200040,八戸三沢線,一般国道４５４号,旧八戸三沢線,2203,0,1,,4355,,3968,8323,1.23,0.83,15.2,51.5,14.2,60
2400210010,田子十和田湖線,一般国道１０４号,田子町・三戸町境,2443,0,21.5,,446,,422,868,1.14,0.21,39,52.8,6.5,60
2400210020,田子十和田湖線,田子町・三戸町境,一般国道４５４号,2441,0,2.4,,446,,422,868,1.14,0.24,37.3,52.8,6,60
2400220010,三沢七戸線,三沢十和田線,三沢市・六戸町境,2207,0,1.9,上北郡六戸町大字犬落瀬字内金矢,1810,上北郡六戸町大字犬落瀬字内金矢,1829,3639,1.22,0.44,24.4,27.7,11,40
2400220019,三沢七戸線,三沢市・六戸町境,一般国道４５号（上北道路）,2405,0,2.2,上北郡六戸町大字犬落瀬字内金矢,1810,上北郡六戸町大字犬落瀬字内金矢,1829,3639,1.22,0.44,49.5,46.3,10.7,50
2400220020,三沢七戸線,一般国道４５号（上北道路）,折茂上北町停車場線,2405,0,2.1,,1326,,1402,2728,1.22,0.35,50.2,47.7,9.7,50
2400220030,三沢七戸線,折茂上北町停車場線,六戸町・東北町境,2405,0,1.3,,1326,,1402,2728,1.22,0.41,51.3,49.9,11.6,50
2400220040,三沢七戸線,六戸町・東北町境,折茂上北町停車場線,2408,0,1.2,,1326,,1402,2728,1.22,0.34,54.1,48.7,7.5,60
2400220045,三沢七戸線,折茂上北町停車場線,,2408,0,0.1,,1326,,1402,2728,1.22,0.39,38.8,45.6,7.5,60
2400220049,三沢七戸線,,折茂上北町停車場線,2408,0,0.4,,1326,,1402,2728,1.22,0.39,44.9,38.3,7.5,60
2400220050,三沢七戸線,折茂上北町停車場線,東北町・十和田市境,2408,0,1.7,上北郡東北町大字新館字南家裏,709,上北郡東北町大字新館字南家裏,584,1293,1.23,0.16,51.7,47.9,7.5,60
2400220060,三沢七戸線,東北町・十和田市境,十和田市道（旧　三沢七戸線）,2206,0,0.3,上北郡東北町大字新館字南家裏,709,上北郡東北町大字新館字南家裏,584,1293,1.23,0.18,60.8,60.5,10.8,40
2400220070,三沢七戸線,十和田市道（旧　三沢七戸線）,十和田市道（旧　三沢七戸線）,2206,0,0.6,上北郡東北町大字新館字南家裏,709,上北郡東北町大字新館字南家裏,584,1293,1.23,0.18,57.9,56.2,10.8,40
2400220080,三沢七戸線,十和田市道（旧　三沢七戸線）,上野十和田線,2206,0,2,上北郡東北町大字新館字南家裏,709,上北郡東北町大字新館字南家裏,584,1293,1.23,0.18,50.4,45.2,10.8,40
2400220090,三沢七戸線,上野十和田線,十和田市・東北町境,2206,0,0.4,上北郡東北町大字新館字南家裏,709,上北郡東北町大字新館字南家裏,584,1293,1.23,0.18,33.5,40.8,10.8,40
2400220100,三沢七戸線,十和田市・東北町境,東北町・十和田市境,2408,0,1.7,上北郡東北町大字新館字南家裏,709,上北郡東北町大字新館字南家裏,584,1293,1.23,0.16,61.9,61.3,8,50
2400220110,三沢七戸線,東北町・十和田市境,十和田市・東北町境,2206,0,0.3,上北郡東北町大字新館字南家裏,709,上北郡東北町大字新館字南家裏,584,1293,1.23,0.18,60.4,63.2,8,50
2400220120,三沢七戸線,十和田市・東北町境,七戸上北町停車場線,2408,0,2.1,上北郡東北町大字新館字南家裏,709,上北郡東北町大字新館字南家裏,584,1293,1.23,0.17,48.2,46.6,7,50
2400220130,三沢七戸線,七戸上北町停車場線,東北町・七戸町境,2408,0,0.9,上北郡東北町大字新館字南家裏,709,上北郡東北町大字新館字南家裏,584,1293,1.23,0.17,48.8,47,7,50
2400220140,三沢七戸線,東北町・七戸町境,一般国道４号,2402,0,0.8,上北郡東北町大字新館字南家裏,709,上北郡東北町大字新館字南家裏,584,1293,1.23,0.18,30.6,31.1,8.2,40
2400220150,三沢七戸線,一般国道４号,町道（北野・荒熊内線）,2402,0,0.4,上北郡東北町大字新館字南家裏,709,上北郡東北町大字新館字南家裏,584,1293,1.23,0.18,24.5,20.5,8.2,40
2400220160,三沢七戸線,町道（北野・荒熊内線）,一般国道３９４号,2402,0,0.9,上北郡東北町大字新館字南家裏,709,上北郡東北町大字新館字南家裏,584,1293,1.23,0.18,24,21.7,8.2,40
2400230010,本八戸停車場線,,一般国道３４０号,2203,0,0.7,八戸市大字番町,2375,八戸市大字番町,5132,7507,1.23,1.15,12.1,11.7,10.3,30
2400240010,横浜六ヶ所線,一般国道２７９号,横浜町・六ヶ所村境,2406,0,5.4,上北郡六ヶ所村大字尾駮字二叉32-2,778,上北郡六ヶ所村大字尾駮字二叉32-2,702,1480,1.22,0.25,49.8,51.6,7,40
2400240020,横浜六ヶ所線,横浜町・六ヶ所村境,東北横浜線,2411,0,2.9,上北郡六ヶ所村大字尾駮字二叉32-2,778,上北郡六ヶ所村大字尾駮字二叉32-2,702,1480,1.22,0.25,51.7,57.3,7,40
2400240030,横浜六ヶ所線,東北横浜線,一般国道３３８号,2411,0,3.1,上北郡六ヶ所村大字尾駮字二叉32-2,778,上北郡六ヶ所村大字尾駮字二叉32-2,702,1480,1.22,0.25,50.7,45.2,7,40
2400240050,横浜六ヶ所線,一般国道３３８号,一般国道３３８号,2411,0,3,上北郡六ヶ所村大字尾駮字二叉32-2,778,上北郡六ヶ所村大字尾駮字二叉32-2,702,1480,1.22,0.28,31.5,33.4,12.5,60
2400250010,東北横浜線,一般国道３９４号,東北町・六ヶ所村境,2408,0,5.9,,1825,,1561,3386,1.21,0.66,55.7,55.6,7,60
2400250020,東北横浜線,東北町・六ヶ所村境,野辺地六ヶ所線,2411,0,0.4,,1825,,1561,3386,1.21,0.66,41.3,23.8,7,40
2400250040,東北横浜線,野辺地六ヶ所線,東北町・六ヶ所村境,2408,0,0,上北郡六ヶ所村大字倉内字笹崎,1520,上北郡六ヶ所村大字倉内字笹崎,1435,2955,1.22,0.54,19,39.4,12.25,60
2400250050,東北横浜線,東北町・六ヶ所村境,尾駮有戸停車場線,2411,0,9.5,上北郡六ヶ所村大字倉内字笹崎,1520,上北郡六ヶ所村大字倉内字笹崎,1435,2955,1.22,0.66,49,49.9,12,60
2400250054,東北横浜線,尾駮有戸停車場線,東北横浜線,2411,0,0.6,,696,,735,1431,1.18,0.43,38.3,42.5,7,60
2400250057,東北横浜線,東北横浜線,東北横浜線,2411,0,1.2,,696,,735,1431,1.18,0.43,40.5,30.5,7,60
2400250060,東北横浜線,東北横浜線,尾駮有戸停車場線,2411,0,1.3,,696,,735,1431,1.18,0.43,49.2,38.6,7,60
2400250070,東北横浜線,尾駮有戸停車場線,横浜六ヶ所線,2411,0,4.2,,696,,735,1431,1.18,0.43,43.5,45.9,7,60
2400250200,東北横浜線,東北横浜線,東北横浜線,2411,0,1.5,,,,,,,,52.5,55.1,7,60
2400260010,青森五所川原線,一般国道２８０号,一般国道２８０号,2201,0,1.3,青森市大字羽白字沢田,2785,青森市大字羽白字沢田,2601,5386,1.23,0.69,17.8,21.9,12,40
2400260020,青森五所川原線,一般国道２８０号,,2201,0,1.2,青森市大字羽白字沢田,2785,青森市大字羽白字沢田,2601,5386,1.23,0.69,17,22.4,12,40
2400260030,青森五所川原線,,青森市・五所川原市境,2201,0,9.8,五所川原市大字飯詰字影日沢,36,五所川原市大字飯詰字影日沢,39,75,1.09,0.01,48,43.5,6,60
2400260040,青森五所川原線,青森市・五所川原市境,五所川原金木線,2205,0,12.6,五所川原市大字飯詰字影日沢,36,五所川原市大字飯詰字影日沢,39,75,1.09,0.01,30.3,21,6,40
2400260050,青森五所川原線,五所川原金木線,五所川原金木線,2205,0,0.6,五所川原市大字飯詰字影日沢,36,五所川原市大字飯詰字影日沢,39,75,1.09,0.01,30.3,31.7,6,40
2400260060,青森五所川原線,五所川原金木線,津軽飯詰停車場線,2205,0,0.2,,1096,,908,2004,1.22,0.3,27.2,23.5,10,40
2400260070,青森五所川原線,津軽飯詰停車場線,一般国道３３９号,2205,0,2.5,,1096,,908,2004,1.22,0.3,26.7,26.9,10,40
2400270010,青森浪岡線,一般国道４号,青森田代十和田線,2201,0,1.6,青森市松原一丁目,3093,青森市松原一丁目,3759,6852,1.23,1.02,14.4,16.8,12.5,50
2400270020,青森浪岡線,青森田代十和田線,一般国道７号,2201,0,1.8,青森市松原一丁目,3093,青森市松原一丁目,3759,6852,1.23,1.02,17.4,23.3,12.5,50
2400270030,青森浪岡線,一般国道７号,一般国道１０３号,2201,0,0.2,青森市松原一丁目,3093,青森市松原一丁目,3759,6852,1.23,1.02,5.2,10,12.5,50
2400270040,青森浪岡線,一般国道１０３号,青森環状野内線,2201,0,2.1,青森市大字八ツ役字上林,6330,青森市大字八ツ役字上林,7077,13407,1.24,0.54,24.6,31.8,24.5,50
2400270050,青森浪岡線,青森環状野内線,,2201,0,0.9,青森市大字八ツ役字上林,6330,青森市大字八ツ役字上林,7077,13407,1.24,0.54,22.4,39.4,24.5,50
2400270060,青森浪岡線,,青森環状野内線,2201,0,0.9,青森市大字八ツ役字上林,6330,青森市大字八ツ役字上林,7077,13407,1.24,0.95,43.5,39.3,13,50
2400270070,青森浪岡線,青森環状野内線,,2201,0,3.7,青森市大字八ツ役字上林,6330,青森市大字八ツ役字上林,7077,13407,1.24,0.95,58,58.3,13,50
2400270080,青森浪岡線,,青森浪岡線,2201,0,0.2,青森市大字八ツ役字上林,6330,青森市大字八ツ役字上林,7077,13407,1.24,0.95,42.7,54.8,13,50
2400270090,青森浪岡線,青森浪岡線,,2201,0,1.8,青森市大字八ツ役字上林,6330,青森市大字八ツ役字上林,7077,13407,1.24,1.12,58.8,43.7,15.7,60
2400270100,青森浪岡線,,,2201,0,1.7,青森市大字大谷字小谷,2733,青森市大字大谷字小谷,1982,4715,1.23,0.62,33.3,47.7,11,60
2400270110,青森浪岡線,,青森浪岡線,2201,0,2.2,青森市大字大谷字小谷,2938,青森市大字大谷字小谷,5934,8872,1.23,1.01,57.8,55.4,9.5,60
2400270120,青森浪岡線,青森浪岡線,,2201,0,2.4,,3904,,3970,7874,1.23,0.92,45.2,46,12,60
2400270130,青森浪岡線,,浪岡藤崎線,2201,0,3.5,,3904,,3970,7874,1.23,0.92,45,46.6,12,60
2400270140,青森浪岡線,浪岡藤崎線,一般国道７号,2201,0,0.6,,3904,,3970,7874,1.23,0.92,16.2,15.4,12,60
2400270160,青森浪岡線,青森浪岡線,青森浪岡線,2201,0,7.9,青森市大字大谷字山ノ内,3667,青森市大字大谷字山ノ内,1650,5317,1.23,0.79,38.1,51.8,8,50
2400280010,岩崎西目屋弘前線,一般国道１０１号,深浦町・鰺ヶ沢町境,2323,0,29.4,中津軽郡西目屋村大字砂子瀬字水上,284,中津軽郡西目屋村大字砂子瀬字水上,338,622,1.17,0.11,42.8,36.8,7,40
2400280020,岩崎西目屋弘前線,深浦町・鰺ヶ沢町境,,2321,0,7.8,中津軽郡西目屋村大字砂子瀬字水上,284,中津軽郡西目屋村大字砂子瀬字水上,338,622,1.17,3.67,22.8,25.2,4.5,30
2400280030,岩崎西目屋弘前線,,鰺ヶ沢町・西目屋村境,2321,0,9.1,中津軽郡西目屋村大字砂子瀬字水上,284,中津軽郡西目屋村大字砂子瀬字水上,338,622,1.17,3.67,27.8,27.8,4.5,30
2400280040,岩崎西目屋弘前線,鰺ヶ沢町・西目屋村境,西目屋村・弘前市境,2343,0,0.8,中津軽郡西目屋村大字砂子瀬字水上,284,中津軽郡西目屋村大字砂子瀬字水上,338,622,1.17,3.67,24.9,24.9,3.5,30
2400280050,岩崎西目屋弘前線,西目屋村・弘前市境,弘前市・西目屋村境,2202,0,0.2,中津軽郡西目屋村大字砂子瀬字水上,284,中津軽郡西目屋村大字砂子瀬字水上,338,622,1.17,3.67,23.3,25.9,4.5,30
2400280060,岩崎西目屋弘前線,弘前市・西目屋村境,西目屋村・弘前市境,2343,0,1.3,中津軽郡西目屋村大字砂子瀬字水上,284,中津軽郡西目屋村大字砂子瀬字水上,338,622,1.17,3.67,22.9,29.3,4.5,30
2400280070,岩崎西目屋弘前線,西目屋村・弘前市境,弘前市・西目屋村境,2202,0,0.2,中津軽郡西目屋村大字砂子瀬字水上,284,中津軽郡西目屋村大字砂子瀬字水上,338,622,1.17,3.67,26.3,12.1,3.5,60
2400280075,岩崎西目屋弘前線,弘前市・西目屋村境,村道（旧岩崎西目屋弘前線）,2343,0,9.9,中津軽郡西目屋村大字砂子瀬字水上,284,中津軽郡西目屋村大字砂子瀬字水上,338,622,1.17,3.67,32,25.1,4.5,60
2400280500,岩崎西目屋弘前線,村道（旧岩崎西目屋弘前線）,西目屋二ツ井線,2343,0,2.3,中津軽郡西目屋村大字砂子瀬字水上,284,中津軽郡西目屋村大字砂子瀬字水上,338,622,1.17,0.1,56.4,54,10.5,60
2400280510,岩崎西目屋弘前線,西目屋二ツ井線,村道（旧岩崎西目屋弘前線）,2343,0,1.2,中津軽郡西目屋村大字砂子瀬字水上,284,中津軽郡西目屋村大字砂子瀬字水上,338,622,1.17,0.1,56.1,63.7,10.5,60
2400280090,岩崎西目屋弘前線,村道（旧岩崎西目屋弘前線）,岩崎西目屋弘前線,2343,0,6.8,中津軽郡西目屋村大字砂子瀬字水上,284,中津軽郡西目屋村大字砂子瀬字水上,338,622,1.17,0.1,52.9,54.2,11.5,60
2400280170,岩崎西目屋弘前線,岩崎西目屋弘前線,村道（旧岩崎西目屋弘前線）,2343,0,0.7,中津軽郡西目屋村大字砂子瀬字水上,284,中津軽郡西目屋村大字砂子瀬字水上,338,622,1.17,0.09,53.4,50,12.1,60
2400280110,岩崎西目屋弘前線,岩崎西目屋弘前線,西目屋村・弘前市境,2343,0,0.9,弘前市大字中野字中豊田,1879,弘前市大字中野字中豊田,1768,3647,1.22,0.38,40.7,41.1,12,60
2400280120,岩崎西目屋弘前線,西目屋村・弘前市境,,2202,0,11.1,弘前市大字中野字中豊田,1879,弘前市大字中野字中豊田,1768,3647,1.22,0.41,49.9,51.9,11.7,60
2400280130,岩崎西目屋弘前線,,関ヶ平五代線,2202,0,1,弘前市大字中野字中豊田,1879,弘前市大字中野字中豊田,1768,3647,1.22,0.44,35.7,35.3,9.5,50
2400280140,岩崎西目屋弘前線,関ヶ平五代線,関ヶ平五代線,2202,0,0.3,弘前市大字中野字中豊田,1879,弘前市大字中野字中豊田,1768,3647,1.22,0.44,22,20.5,9.5,50
2400280150,岩崎西目屋弘前線,関ヶ平五代線,久渡寺新寺町線,2202,0,2.6,弘前市大字中野字中豊田,1879,弘前市大字中野字中豊田,1768,3647,1.22,0.44,29.7,27.1,9.5,50
2400280160,岩崎西目屋弘前線,久渡寺新寺町線,弘前岳鯵ヶ沢線,2202,0,1.6,弘前市大字中野字中豊田,1879,弘前市大字中野字中豊田,1768,3647,1.22,0.44,14.6,17.3,9.5,50
2400280190,岩崎西目屋弘前線,,,2343,0,1,,,,,,,,,,7.5,50
2400290010,八戸環状線,八戸百石線,,2203,0,1.8,八戸市大字市川町字長七谷地,2818,八戸市大字市川町字長七谷地,2995,5813,1.23,0.65,40.6,46.9,10.5,40
2400290020,八戸環状線,,八戸野辺地線,2203,0,0.8,八戸市大字市川町字長七谷地,2818,八戸市大字市川町字長七谷地,2995,5813,1.23,0.65,61.9,59.8,10.5,40
2400290030,八戸環状線,八戸野辺地線,一般国道４５号,2203,0,1.3,八戸市大字市川町字長七谷地,2818,八戸市大字市川町字長七谷地,2995,5813,1.23,0.65,46,27.4,10.5,40
2400290050,八戸環状線,一般国道１０４号,八戸自動車道,2203,0,1.3,,6323,,5256,11579,1.24,0.61,16.6,53.4,23.2,40
2400290060,八戸環状線,八戸自動車道,一般国道３４０号,2203,0,1.4,八戸市大字里沢字二ツ屋,12032,八戸市大字里沢字二ツ屋,11796,23828,1.26,0.72,38.2,19.4,23.2,40
2400290120,八戸環状線,一般国道３４０号,八戸大野線,2203,0,1.9,八戸市大字糠塚字大開,11214,八戸市大字糠塚字大開,11986,23200,1.25,0.76,26.9,23.8,24,60
2400240400,八戸環状線,八戸大野線,妙売市線,2203,0,0.9,,9463,,8482,17945,1.25,0.68,20,23.5,25,60
2400290140,八戸環状線,妙売市線,妙売市線,2203,0,0.3,八戸市大字田向字毘沙門平,12000,八戸市大字田向字毘沙門平,12585,24585,1.26,0.97,17.7,12.6,25,60
2400290080,八戸環状線,妙売市線,差波新井田線,2203,0,1,八戸市白銀町字左新井田道,7840,八戸市白銀町字左新井田道,7466,15306,1.25,0.57,22.3,23.3,22,40
2400290090,八戸環状線,差波新井田線,一般国道４５号,2203,0,0.9,八戸市白銀町字左新井田道,7840,八戸市白銀町字左新井田道,7466,15306,1.25,0.57,25.4,19.8,22,40
2400290100,八戸環状線,一般国道４５号,八戸階上線,2203,0,2.6,八戸市白銀町字左新井田道,7840,八戸市白銀町字左新井田道,7466,15306,1.25,0.57,15.2,17.8,22,40
2400290040,八戸環状線,,,2203,0,1.4,,,,,,,,40.9,27.3,25.2,60
2400300010,岩木山環状線,弘前岳鯵ヶ沢線,長平町森田線,2321,0,8.1,,824,,810,1634,1.19,0.44,48.6,33.7,9,60
2400300020,岩木山環状線,長平町森田線,鰺ヶ沢町・弘前市境,2321,0,0.7,,824,,810,1634,1.19,0.44,63.2,61.9,9,60
2400300030,岩木山環状線,鰺ヶ沢町・弘前市境,,2202,0,6.3,,824,,810,1634,1.19,0.46,63.3,66.1,9,50
2400300040,岩木山環状線,,弘前岳鯵ヶ沢線,2202,0,9.7,弘前市大字弥生字弥生平,989,弘前市大字弥生字弥生平,1046,2035,1.22,0.32,48.9,51.8,7.5,50
2400310010,弘前鯵ヶ沢線,弘前岳鯵ヶ沢線,八幡宮線,2202,0,1.7,弘前市大字紺屋町,7490,弘前市大字紺屋町,6553,14043,1.24,0.47,15.6,15.6,22,40
2400310020,弘前鯵ヶ沢線,八幡宮線,弘前柏線,2202,0,2.7,弘前市大字紺屋町,7490,弘前市大字紺屋町,6553,14043,1.24,1.17,17.8,15.5,12,40
2400310030,弘前鯵ヶ沢線,弘前柏線,前坂藤崎線,2202,0,3.5,弘前市大字鬼沢字後田,2288,弘前市大字鬼沢字後田,2266,4554,1.22,0.56,31.7,30.1,8.5,40
2400310040,弘前鯵ヶ沢線,前坂藤崎線,五所川原岩木線,2202,0,1.3,弘前市大字鬼沢字後田,2288,弘前市大字鬼沢字後田,2266,4554,1.22,0.56,29.5,27.6,8.5,40
2400310050,弘前鯵ヶ沢線,五所川原岩木線,鬼沢種市線,2202,0,3,弘前市大字鬼沢字後田,2288,弘前市大字鬼沢字後田,2266,4554,1.22,0.56,42.7,45.1,8.5,40
2400310059,弘前鯵ヶ沢線,鬼沢種市線,小友板柳停車場線,2202,0,2.3,弘前市大字鬼沢字後田,2288,弘前市大字鬼沢字後田,2266,4554,1.22,0.56,47,45.9,8.5,40
2400310060,弘前鯵ヶ沢線,小友板柳停車場線,,2202,0,0.3,,1623,,1683,3306,1.22,0.46,42.9,37.1,7.5,50
2400310070,弘前鯵ヶ沢線,,十腰内陸奥森田停車場線,2202,0,8.3,,1623,,1683,3306,1.22,0.45,42.2,44,9.5,50
2400310080,弘前鯵ヶ沢線,十腰内陸奥森田停車場線,弘前市・鰺ヶ沢町境,2202,0,0.5,,1623,,1683,3306,1.22,0.45,42.5,43.1,9.5,50
2400310090,弘前鯵ヶ沢線,弘前市・鰺ヶ沢町境,長平町森田線,2321,0,1.8,,1623,,1683,3306,1.22,0.43,44.1,44.2,10.3,50
2400310100,弘前鯵ヶ沢線,長平町森田線,鳴沢停車場南浮田線,2321,0,4.3,,1623,,1683,3306,1.22,0.43,50.9,54.5,10.3,50
2400310105,弘前鯵ヶ沢線,鳴沢停車場南浮田線,一般国道１０１号（鰺ヶ沢道路）,2321,0,1.8,,1623,,1683,3306,1.22,0.43,50.9,54.5,10.3,50
2400310110,弘前鯵ヶ沢線,一般国道１０１号（鰺ヶ沢道路）,一般国道１０１号,2321,0,0.9,,1623,,1683,3306,1.22,0.43,54.6,48.2,10.3,50
2400320010,二戸田子線,二戸田子線,三戸町・田子町境,2441,0,1.1,三戸郡田子町大字田子字衣更,528,三戸郡田子町大字田子字衣更,454,982,1.14,0.12,44.4,51.1,7,40
2400320020,二戸田子線,三戸町・田子町境,一般国道１０４号,2443,0,4.3,三戸郡田子町大字田子字衣更,528,三戸郡田子町大字田子字衣更,454,982,1.14,0.12,36.3,39.5,11.2,40
2400330010,軽米名川線,軽米名川線,八戸市・南部町境,2203,0,2.2,,606,,623,1229,1.17,0.16,48.1,41.5,7.4,40
2400330020,軽米名川線,八戸市・南部町境,櫛引上名久井三戸線,2445,0,9,,606,,623,1229,1.17,0.19,47.1,41.7,9.5,60
2400330030,軽米名川線,櫛引上名久井三戸線,櫛引上名久井三戸線,2445,0,0.6,,606,,623,1229,1.17,0.19,35.6,37.5,9.5,60
2400330040,軽米名川線,櫛引上名久井三戸線,軽米名川線,2445,0,0.9,,606,,623,1229,1.17,0.19,45.9,48.2,9.5,60
2400330050,軽米名川線,軽米名川線,名川階上線,2445,0,0.5,,606,,623,1229,1.17,0.19,28.1,24.3,9.5,60
2400330060,軽米名川線,名川階上線,一般国道１０４号,2445,0,0.2,,606,,623,1229,1.17,0.26,19.1,17.2,7.5,60
2400330080,軽米名川線,軽米名川線,一般国道４号,2445,0,0.6,,606,,623,1229,1.17,0.18,33.8,29.7,8,40
2400340010,五所川原浪岡線,一般国道１０１号,羽野木沢梅田線,2205,0,1.3,五所川原市大字原子字山元,819,五所川原市大字原子字山元,743,1562,1.18,0.19,30.1,38.2,6,40
2400340020,五所川原浪岡線,羽野木沢梅田線,持子沢鶴田線,2205,0,0.7,五所川原市大字原子字山元,819,五所川原市大字原子字山元,743,1562,1.18,0.19,39.1,33.4,6,40
2400340030,五所川原浪岡線,持子沢鶴田線,五所川原岩木線,2205,0,1.5,五所川原市大字原子字山元,819,五所川原市大字原子字山元,743,1562,1.18,0.19,33.2,31.5,6,40
2400340040,五所川原浪岡線,五所川原岩木線,五所川原市・青森市境,2205,0,0.5,,1075,,1134,2209,1.22,0.35,28.6,39.1,5.9,40
2400340050,五所川原浪岡線,五所川原市・青森市境,常海橋銀線,2201,0,3.7,,1075,,1134,2209,1.22,0.29,39.1,35,7.8,40
2400340060,五所川原浪岡線,常海橋銀線,浪岡藤崎線,2201,0,2.6,,1075,,1134,2209,1.22,0.29,33.4,31.5,7.8,40
2400340070,五所川原浪岡線,浪岡藤崎線,大鰐浪岡線,2201,0,0.7,,3265,,3264,6529,1.23,0.78,25.8,21,15,50
2400340080,五所川原浪岡線,大鰐浪岡線,浪岡停車場線,2201,0,0.1,,3265,,3264,6529,1.23,0.78,17.5,16.3,15,50
2400350010,五所川原岩木線,一般国道１０１号,五所川原浪岡線,2205,0,3.9,五所川原市大字高野字柳田,1238,五所川原市大字高野字柳田,1079,2317,1.23,0.31,46.3,47.9,9,50
2400350020,五所川原岩木線,五所川原浪岡線,五所川原市・板柳町境,2205,0,1.3,五所川原市大字高野字柳田,1238,五所川原市大字高野字柳田,1079,2317,1.23,0.31,49.3,47.6,9,50
2400350030,五所川原岩木線,五所川原市・板柳町境,板柳町道（旧　五林平藤崎線）,2381,0,0.1,,2442,,2527,4969,1.23,0.5,25.9,20.8,9.5,40
2400350040,五所川原岩木線,板柳町道（旧　五林平藤崎線）,五林平藤崎線,2381,0,0.6,,2442,,2527,4969,1.23,0.5,38.3,32.1,9.5,40
2400350050,五所川原岩木線,五林平藤崎線,五所川原黒石線,2381,0,2.4,,2442,,2527,4969,1.23,0.5,48,48.1,9.5,40
2400350060,五所川原岩木線,五所川原黒石線,五所川原岩木線,2381,0,1,,2442,,2527,4969,1.23,0.5,40.4,38.5,9.5,40
2400350070,五所川原岩木線,五所川原岩木線,一般国道３３９号,2381,0,2.4,,2442,,2527,4969,1.23,0.5,32.8,32.8,9.5,40
2400350080,五所川原岩木線,一般国道３３９号,一般国道３３９号,2381,0,0.6,,2442,,2527,4969,1.23,0.5,15.7,18.5,9.5,40
2400350100,五所川原岩木線,一般国道３３９号,板柳町・弘前市境,2381,0,0.2,弘前市大字宮舘字宮舘沢,1605,弘前市大字宮舘字宮舘沢,1721,3326,1.22,0.39,19.8,34.6,11.5,40
2400350110,五所川原岩木線,板柳町・弘前市境,弘前柏線,2202,0,0.4,弘前市大字宮舘字宮舘沢,1605,弘前市大字宮舘字宮舘沢,1721,3326,1.22,0.43,36.9,19.5,11.7,40
2400350120,五所川原岩木線,弘前柏線,弘前柏線,2202,0,0.4,弘前市大字宮舘字宮舘沢,1605,弘前市大字宮舘字宮舘沢,1721,3326,1.22,0.43,21.4,27.9,11.7,40
2400350130,五所川原岩木線,弘前柏線,弘前鯵ヶ沢線,2202,0,4,弘前市大字宮舘字宮舘沢,1605,弘前市大字宮舘字宮舘沢,1721,3326,1.22,0.43,48.7,47.7,11.7,40
2400350140,五所川原岩木線,弘前鯵ヶ沢線,弘前環状線,2202,0,3.7,弘前市大字宮舘字宮舘沢,1605,弘前市大字宮舘字宮舘沢,1721,3326,1.22,0.43,38.2,40.2,11.7,40
2400350150,五所川原岩木線,弘前環状線,弘前岳鯵ヶ沢線,2202,0,2.8,弘前市大字宮舘字宮舘沢,1605,弘前市大字宮舘字宮舘沢,1721,3326,1.22,0.43,30.9,30.6,11.7,40
2400350170,五所川原岩木線,五所川原岩木線,七ッ館板柳線,2381,0,1.3,北津軽郡板柳町大字石野字田毎(道路敷),1917,北津軽郡板柳町大字石野字田毎(道路敷),2003,3920,1.22,0.36,48.9,45.4,16.5,60
2400350180,五所川原岩木線,七ッ館板柳線,一般国道３３９号,2381,0,1.3,北津軽郡板柳町大字石野字田毎(道路敷),1917,北津軽郡板柳町大字石野字田毎(道路敷),2003,3920,1.22,0.36,44.3,35.5,16.5,60
2400350190,五所川原岩木線,一般国道３３９号,一般国道３３９号,2381,0,0.9,,,,,,,,25.5,25.8,14.5,60
2400360010,五所川原金木線,一般国道１０１号,松野木姥萢線,2205,0,3.4,,1417,,1511,2928,1.22,0.46,46.2,43.6,8.7,50
2400360020,五所川原金木線,松野木姥萢線,青森五所川原線,2205,0,3.7,,1417,,1511,2928,1.22,0.46,38.4,46,8.7,50
2400360040,五所川原金木線,青森五所川原線,喜良市嘉瀬停車場線,2205,0,5.8,,1417,,1511,2928,1.22,0.54,31.9,44.1,7,40
2400360050,五所川原金木線,喜良市嘉瀬停車場線,嘉瀬停車場線,2205,0,0.2,,1417,,1511,2928,1.22,0.54,25.2,19.5,7,40
2400360060,五所川原金木線,嘉瀬停車場線,一般国道３３９号,2205,0,2,,1417,,1511,2928,1.22,0.54,30.6,31.9,7,40
2400370010,弘前柏線,弘前鯵ヶ沢線,,2202,0,0.1,つがる市柏桑野木田字八幡（道路敷）,2643,つがる市柏桑野木田字八幡（道路敷）,2769,5412,1.23,0.83,7.6,9.4,11,50
2400370020,弘前柏線,,弘前環状線,2202,0,1.4,つがる市柏桑野木田字八幡（道路敷）,2643,つがる市柏桑野木田字八幡（道路敷）,2769,5412,1.23,0.74,29.6,34.3,8,40
2400370030,弘前柏線,弘前環状線,前坂藤崎線,2202,0,1,つがる市柏桑野木田字八幡（道路敷）,2643,つがる市柏桑野木田字八幡（道路敷）,2769,5412,1.23,0.74,35.3,40.5,8,40
2400370040,弘前柏線,前坂藤崎線,前坂藤崎線,2202,0,0.8,つがる市柏桑野木田字八幡（道路敷）,2643,つがる市柏桑野木田字八幡（道路敷）,2769,5412,1.23,0.74,40.6,40.1,8,40
2400370050,弘前柏線,前坂藤崎線,五所川原岩木線,2202,0,3.9,つがる市柏桑野木田字八幡（道路敷）,2643,つがる市柏桑野木田字八幡（道路敷）,2769,5412,1.23,0.74,41.9,39.4,8,40
2400370070,弘前柏線,五所川原岩木線,鬼沢種市線,2202,0,1.4,つがる市柏桑野木田字八幡（道路敷）,2643,つがる市柏桑野木田字八幡（道路敷）,2769,5412,1.23,0.73,40.1,40.2,7,40
2400370080,弘前柏線,鬼沢種市線,,2202,0,0.8,つがる市柏桑野木田字八幡（道路敷）,2643,つがる市柏桑野木田字八幡（道路敷）,2769,5412,1.23,0.73,35.4,35.6,7,40
2400370090,弘前柏線,,小友板柳停車場線,2202,0,0.4,つがる市柏桑野木田字八幡（道路敷）,2643,つがる市柏桑野木田字八幡（道路敷）,2769,5412,1.23,0.73,19,27.5,7,40
2400370100,弘前柏線,小友板柳停車場線,,2202,0,2.4,つがる市柏桑野木田字八幡（道路敷）,2643,つがる市柏桑野木田字八幡（道路敷）,2769,5412,1.23,0.59,57,56.1,16.5,40
2400370110,弘前柏線,,弘前市・鶴田町境,2202,0,1.3,つがる市柏桑野木田字八幡（道路敷）,2643,つがる市柏桑野木田字八幡（道路敷）,2769,5412,1.23,0.6,50.2,47.7,16.5,50
2400370120,弘前柏線,弘前市・鶴田町境,米山菖蒲川線,2384,0,0.7,つがる市柏桑野木田字八幡（道路敷）,2643,つがる市柏桑野木田字八幡（道路敷）,2769,5412,1.23,0.59,52.8,51.4,9.5,50
2400370130,弘前柏線,米山菖蒲川線,山田鶴田線,2384,0,1.8,つがる市柏桑野木田字八幡（道路敷）,2643,つがる市柏桑野木田字八幡（道路敷）,2769,5412,1.23,0.59,40.5,38.1,9.5,50
2400370140,弘前柏線,山田鶴田線,鶴田町・つがる市境,2384,0,0.5,つがる市柏桑野木田字八幡（道路敷）,2643,つがる市柏桑野木田字八幡（道路敷）,2769,5412,1.23,0.59,31.6,44.8,9.5,50
2400370150,弘前柏線,鶴田町・つがる市境,,2209,0,1.9,つがる市柏桑野木田字八幡（道路敷）,2643,つがる市柏桑野木田字八幡（道路敷）,2769,5412,1.23,0.6,60.1,61.1,13.5,50
2400370160,弘前柏線,,妙堂崎五所川原線,2209,0,0.9,つがる市柏桑野木田字八幡（道路敷）,2643,つがる市柏桑野木田字八幡（道路敷）,2769,5412,1.23,0.6,48.1,43.5,13.5,50
2400370170,弘前柏線,妙堂崎五所川原線,,2209,0,1.3,つがる市柏桑野木田字八幡（道路敷）,2643,つがる市柏桑野木田字八幡（道路敷）,2769,5412,1.23,0.6,42,39.2,13.5,50
2400370180,弘前柏線,,妙堂崎五所川原線,2209,0,0.6,つがる市柏桑野木田字八幡（道路敷）,2643,つがる市柏桑野木田字八幡（道路敷）,2769,5412,1.23,0.66,33.8,28.2,11.3,50
2400370190,弘前柏線,妙堂崎五所川原線,一般国道１０１号,2209,0,0.8,つがる市柏桑野木田字八幡（道路敷）,2643,つがる市柏桑野木田字八幡（道路敷）,2769,5412,1.23,0.66,30.1,23,11.3,50
2400380010,五所川原黒石線,一般国道１０１号,羽野木沢梅田線,2205,0,1.5,,815,,865,1680,1.19,0.2,21.5,34.9,7,40
2400380020,五所川原黒石線,羽野木沢梅田線,五所川原市・鶴田町境,2205,0,1.1,,815,,865,1680,1.19,0.2,30.1,21.2,7,40
2400380030,五所川原黒石線,五所川原市・鶴田町境,鶴田町・板柳町境,2384,0,0.5,,815,,865,1680,1.19,0.17,34.9,30.8,7,40
2400380040,五所川原黒石線,鶴田町・板柳町境,七ッ館板柳線,2381,0,0,,815,,865,1680,1.19,0.19,24.1,24.1,7.5,40
2400380050,五所川原黒石線,七ッ館板柳線,五所川原岩木線,2381,0,3.7,北津軽郡板柳町大字大俵字和田,424,北津軽郡板柳町大字大俵字和田,478,902,1.15,0.17,42.4,41.8,7,40
2400380060,五所川原黒石線,五所川原岩木線,大俵板柳停車場線,2381,0,1,北津軽郡板柳町大字大俵字和田,424,北津軽郡板柳町大字大俵字和田,478,902,1.15,0.17,27.6,37.8,7,40
2400380070,五所川原黒石線,大俵板柳停車場線,板柳町・藤崎町境,2381,0,1.6,,1723,,1851,3574,1.21,0.43,50.8,50.3,7,60
2400380080,五所川原黒石線,板柳町・藤崎町境,五林平藤崎線,2361,0,0.8,,1723,,1851,3574,1.21,0.43,41.1,35.5,7,40
2400380090,五所川原黒石線,五林平藤崎線,藤崎町道（旧　五林平藤崎線）,2361,0,0.3,,1723,,1851,3574,1.21,0.43,41.7,30.8,7,40
2400380100,五所川原黒石線,藤崎町道（旧　五林平藤崎線）,一般国道７号,2361,0,2.9,,1723,,1851,3574,1.21,0.43,47.8,38.1,7,40
2400380110,五所川原黒石線,一般国道７号,浪岡藤崎線,2361,0,0.5,南津軽郡藤崎町大字徳下字一本木,2110,南津軽郡藤崎町大字徳下字一本木,2137,4247,1.22,0.5,24.2,24.4,7,40
2400380120,五所川原黒石線,浪岡藤崎線,浪岡藤崎線,2361,0,0.3,南津軽郡藤崎町大字徳下字一本木,2110,南津軽郡藤崎町大字徳下字一本木,2137,4247,1.22,0.69,29.2,27.7,10.2,40
2400380130,五所川原黒石線,浪岡藤崎線,常盤新山線,2361,0,1.4,南津軽郡藤崎町大字徳下字一本木,2110,南津軽郡藤崎町大字徳下字一本木,2137,4247,1.22,0.69,17.8,31.7,10.2,40
2400380140,五所川原黒石線,常盤新山線,五所川原黒石線,2361,0,0.3,南津軽郡藤崎町大字徳下字一本木,2110,南津軽郡藤崎町大字徳下字一本木,2137,4247,1.22,0.69,28.4,28.9,10.2,40
2400380150,五所川原黒石線,五所川原黒石線,増館堂野前線,2361,0,1.3,南津軽郡藤崎町大字徳下字一本木,2110,南津軽郡藤崎町大字徳下字一本木,2137,4247,1.22,0.69,47.7,45.7,10.2,40
2400380160,五所川原黒石線,増館堂野前線,藤崎町・田舎館村境,2361,0,0.4,南津軽郡藤崎町大字徳下字一本木,2110,南津軽郡藤崎町大字徳下字一本木,2137,4247,1.22,0.69,42.4,47.5,10.2,40
2400380170,五所川原黒石線,藤崎町・田舎館村境,畑中竹鼻線,2367,0,0.4,南津軽郡藤崎町大字徳下字一本木,2110,南津軽郡藤崎町大字徳下字一本木,2137,4247,1.22,0.49,25.2,21.2,10.2,40
2400380180,五所川原黒石線,畑中竹鼻線,黒石藤崎線,2367,0,0.8,南津軽郡藤崎町大字徳下字一本木,2110,南津軽郡藤崎町大字徳下字一本木,2137,4247,1.22,0.49,31.5,32.6,10.2,40
2400380190,五所川原黒石線,黒石藤崎線,田舎館村・黒石市境,2367,0,0.6,黒石市境松一丁目,1727,黒石市境松一丁目,1611,3338,1.22,0.41,31.4,31.2,7,40
2400380200,五所川原黒石線,田舎館村・黒石市境,黒石停車場線,2204,0,1.9,黒石市境松一丁目,1727,黒石市境松一丁目,1611,3338,1.22,0.57,28.4,25.4,8.4,40
2400380210,五所川原黒石線,黒石停車場線,弘前田舎館黒石線,2204,0,0.3,黒石市境松一丁目,1727,黒石市境松一丁目,1611,3338,1.22,0.21,19.4,,7.5,40
2400380220,五所川原黒石線,弘前田舎館黒石線,大鰐浪岡線,2204,0,0.6,黒石市境松一丁目,1727,黒石市境松一丁目,1611,3338,1.22,0.43,20.1,11.4,9.3,40
2400380240,五所川原黒石線,,五所川原黒石線,2361,0,0.2,,2202,,2272,4474,1.22,0.88,5.8,16.6,7.5,40
2400390010,長平町森田線,岩木山環状線,弘前鯵ヶ沢線,2321,0,7.5,,599,,610,1209,1.17,0.17,49.1,48,7,60
2400390020,長平町森田線,弘前鯵ヶ沢線,鰺ヶ沢町・つがる市境,2321,0,0.5,つがる市森田町大館八重菊（ため池敷）,810,つがる市森田町大館八重菊（ため池敷）,874,1684,1.17,0.3,32,47.5,14,60
2400390030,長平町森田線,鰺ヶ沢町・つがる市境,山田鯵ヶ沢線,2209,0,1.9,つがる市森田町大館八重菊（ため池敷）,810,つがる市森田町大館八重菊（ため池敷）,874,1684,1.17,0.28,36.1,44.7,9.5,60
2400390040,長平町森田線,山田鯵ヶ沢線,一般国道１０１号,2209,0,0.3,つがる市森田町大館八重菊（ため池敷）,810,つがる市森田町大館八重菊（ため池敷）,874,1684,1.17,0.28,14.8,8.9,9.5,60
2400400010,青森田代十和田線,青森浪岡線,駒込筒井線,2201,0,1.4,青森市桜川八丁目,3811,青森市桜川八丁目,3573,7384,1.23,0.84,11.5,16.8,8.5,40
2400400020,青森田代十和田線,駒込筒井線,一般国道７号,2201,0,0.7,青森市桜川八丁目,3811,青森市桜川八丁目,3573,7384,1.23,0.84,26.4,20.3,8.5,40
2400400030,青森田代十和田線,一般国道７号,青森環状野内線,2201,0,1.3,青森市桜川八丁目,3811,青森市桜川八丁目,3573,7384,1.23,0.84,20.4,19.6,8.5,40
2400400040,青森田代十和田線,青森環状野内線,,2201,0,2.6,青森市大字幸畑字阿部野,2631,青森市大字幸畑字阿部野,2658,5289,1.23,0.51,38.9,46.1,7.6,60
2400400050,青森田代十和田線,,青森田代十和田線,2201,0,10.8,青森市大字駒込字深沢,473,青森市大字駒込字深沢,447,920,1.19,0.15,52.1,50.4,6.5,60
2400400060,青森田代十和田線,青森田代十和田線,後平青森線,2201,0,3.6,青森市大字駒込字深沢,473,青森市大字駒込字深沢,447,920,1.19,0.15,55.1,55.7,6.5,60
2400400070,青森田代十和田線,後平青森線,一般国道３９４号,2201,0,6.2,青森市大字駒込字深沢,473,青森市大字駒込字深沢,447,920,1.19,0.15,57.6,58.1,6.5,60
2400400080,青森田代十和田線,一般国道３９４号,青森市・十和田市境,2201,0,0.2,,562,,576,1138,1.16,0.25,42.7,41,6.5,50
2400400090,青森田代十和田線,青森市・十和田市境,七戸十和田湖線,2206,0,17.5,,562,,576,1138,1.16,0.23,56.9,58,9.5,50
2400400100,青森田代十和田線,七戸十和田湖線,,2206,0,1.9,十和田市大字法量字川口下,509,十和田市大字法量字川口下,548,1057,1.18,0.13,55.8,59.4,15.9,50
2400400110,青森田代十和田線,,,2206,0,0.7,十和田市大字法量字川口下,509,十和田市大字法量字川口下,548,1057,1.18,0.13,63.8,65.4,15.9,50
2400400120,青森田代十和田線,,,2206,0,0.4,十和田市大字法量字川口下,509,十和田市大字法量字川口下,548,1057,1.18,0.13,62.2,65.4,15.9,50
2400400130,青森田代十和田線,,一般国道１０２号,2206,0,0.7,十和田市大字法量字川口下,509,十和田市大字法量字川口下,548,1057,1.18,0.13,45.6,41.9,15.9,50
2400400150,青森田代十和田線,一般国道１０３号,青森田代十和田線,2201,0,3.5,,787,,741,1528,1.18,0.31,46.9,44.6,6,60
2400410010,弘前環状線,五所川原岩木線,弘前鯵ヶ沢線,2202,0,3.6,弘前市大字蒔苗字福岡,1197,弘前市大字蒔苗字福岡,1208,2405,1.22,0.31,37.2,35.8,6,40
2400410030,弘前環状線,弘前柏線,一般国道７号,2202,0,2.6,弘前市大字清野袋字川田,5644,弘前市大字清野袋字川田,5971,11615,1.24,1.97,26.7,22.7,20.4,50
2400410050,弘前環状線,一般国道７号,石川百田線,2202,0,0.6,弘前市大字清野袋字川田,5644,弘前市大字清野袋字川田,5971,11615,1.24,2.17,9.2,18,16,50
2400410060,弘前環状線,石川百田線,弘前市・田舎館村境,2202,0,0.7,,3246,,3560,6806,1.23,1.01,25.8,36.5,10,40
2400410070,弘前環状線,弘前市・田舎館村境,常盤新山線,2367,0,2,,3246,,3560,6806,1.23,1.08,43.6,40.3,11,40
2400410080,弘前環状線,常盤新山線,田舎館村・平川市境,2367,0,1.5,,3246,,3560,6806,1.23,1.08,32.6,40.1,11,40
2400410090,弘前環状線,田舎館村・平川市境,弘前田舎館黒石線,2210,0,0.6,,3246,,3560,6806,1.23,1.08,31.2,32.7,8,40
2400410100,弘前環状線,弘前田舎館黒石線,尾上日沼線,2210,0,1.1,平川市小杉西田,664,平川市小杉西田,664,1328,1.17,0.27,44.2,32.5,7,40
2400410110,弘前環状線,尾上日沼線,一般国道１０２号,2210,0,0.4,平川市小杉西田,664,平川市小杉西田,664,1328,1.17,0.27,18,19.9,7,40
2400410120,弘前環状線,一般国道１０２号,弘前平賀線,2210,0,3,平川市小杉西田,664,平川市小杉西田,664,1328,1.17,0.27,35.1,30.2,7,40
2400410130,弘前環状線,弘前平賀線,館田停車場線,2210,0,1.1,平川市小杉西田,664,平川市小杉西田,664,1328,1.17,0.27,23.8,22,7,40
2400410140,弘前環状線,館田停車場線,平賀門外線,2210,0,0.6,平川市小杉西田,664,平川市小杉西田,664,1328,1.17,0.27,27.2,25,7,40
2400410150,弘前環状線,平賀門外線,大鰐浪岡線,2210,0,2.1,平川市小杉西田,664,平川市小杉西田,664,1328,1.17,0.27,27.8,30.9,7,40
2400410160,弘前環状線,大鰐浪岡線,平川市・弘前市境,2210,0,1.1,平川市小杉西田,664,平川市小杉西田,664,1328,1.17,0.27,30.9,23.8,7,40
2400410170,弘前環状線,平川市・弘前市境,一般国道７号,2202,0,0,平川市小杉西田,664,平川市小杉西田,664,1328,1.17,0.22,20.4,7.7,6,40
2400410180,弘前環状線,一般国道７号,石川百田線,2202,0,0.6,平川市小杉西田,664,平川市小杉西田,664,1328,1.17,0.22,19.8,17.9,6,40
2400420010,名川階上線,軽米名川線,櫛引上名久井三戸線,2445,0,0.8,三戸郡南部町大字森越字前田,784,三戸郡南部町大字森越字前田,664,1448,1.18,0.26,38.1,33.5,7.5,60
2400420020,名川階上線,櫛引上名久井三戸線,南部町・八戸市境,2445,0,4.9,三戸郡南部町大字森越字前田,784,三戸郡南部町大字森越字前田,664,1448,1.18,0.26,49,48.8,7.5,60
2400420030,名川階上線,南部町・八戸市境,中野北高岩停車場線,2203,0,2.8,三戸郡南部町大字森越字前田,784,三戸郡南部町大字森越字前田,664,1448,1.18,0.24,60.1,59.5,12,40
2400420040,名川階上線,中野北高岩停車場線,一般国道３４０号,2203,0,1.8,三戸郡南部町大字森越字前田,784,三戸郡南部町大字森越字前田,664,1448,1.18,0.24,38.2,34.7,12,40
2400420050,名川階上線,一般国道３４０号,八戸自動車道,2203,0,1,八戸市南郷区大字市野沢字松内場,1971,八戸市南郷区大字市野沢字松内場,1767,3738,1.21,0.35,23.4,31.8,11.5,60
2400420060,名川階上線,八戸自動車道,島守八戸線,2203,0,4.9,八戸市南郷区大字市野沢字松内場,1971,八戸市南郷区大字市野沢字松内場,1767,3738,1.21,0.35,46.9,50.5,11.5,60
2400420070,名川階上線,島守八戸線,八戸大野線,2203,0,4.5,八戸市南郷区大字市野沢字松内場,1971,八戸市南郷区大字市野沢字松内場,1767,3738,1.21,0.35,45.6,43.9,11.5,60
2400420080,名川階上線,八戸大野線,八戸市・階上町境,2203,0,0.1,三戸郡階上町大字平内字鳩,565,三戸郡階上町大字平内字鳩,573,1138,1.16,0.15,12.9,15.7,11.5,60
2400420090,名川階上線,八戸市・階上町境,鳥谷部十日市線,2446,0,7.2,三戸郡階上町大字平内字鳩,565,三戸郡階上町大字平内字鳩,573,1138,1.16,0.15,47.6,50,8,60
2400420095,名川階上線,鳥谷部十日市線,,2446,0,3.7,三戸郡階上町大字平内字鳩,565,三戸郡階上町大字平内字鳩,573,1138,1.16,0.16,47.2,54.7,7,40
2400420120,名川階上線,,一般国道４５号,2446,0,1.5,三戸郡階上町大字平内字鳩,565,三戸郡階上町大字平内字鳩,573,1138,1.16,0.15,25.6,35.7,9.3,40
2400430010,五所川原車力線,一般国道１０１号,つがる市・五所川原市境,2209,0,0.1,,1808,,1798,3606,1.21,0.58,12.7,34.3,8.5,40
2400430020,五所川原車力線,つがる市・五所川原市境,五所川原市・つがる市境,2205,0,1.7,,1808,,1798,3606,1.21,0.69,40.8,47.2,6.5,40
2400430030,五所川原車力線,五所川原市・つがる市境,川除木造線,2209,0,1.6,,1808,,1798,3606,1.21,0.46,43.1,44,6.5,50
2400430040,五所川原車力線,川除木造線,林五所川原線,2209,0,3.1,,1808,,1798,3606,1.21,0.46,40.4,46.2,6.5,50
2400430050,五所川原車力線,林五所川原線,林五所川原線,2209,0,0.4,,1808,,1798,3606,1.21,0.46,33.9,45.3,6.5,50
2400430060,五所川原車力線,林五所川原線,豊川舘岡線,2209,0,2.5,,1808,,1798,3606,1.21,0.46,54,54.3,6.5,50
2400430070,五所川原車力線,豊川舘岡線,,2209,0,4.8,,1808,,1798,3606,1.21,0.46,55.7,57.1,6.5,50
2400430080,五所川原車力線,,屏風山内真部線,2209,0,0.6,,1808,,1798,3606,1.21,0.46,47.1,46.6,6.5,50
2400430085,五所川原車力線,屏風山内真部線,五所川原車力線,2209,0,6.2,つがる市稲垣町繁田繁川(道路敷),1167,つがる市稲垣町繁田繁川(道路敷),948,2115,1.22,0.27,53.7,,6.5,40
2400430090,五所川原車力線,五所川原車力線,鯵ヶ沢蟹田線,2209,0,0.8,つがる市稲垣町繁田繁川(道路敷),1167,つがる市稲垣町繁田繁川(道路敷),948,2115,1.22,0.27,39.5,45,6.5,40
2400430130,五所川原車力線,一般国道３３９号,中泊町・つがる市境,2387,0,5,北津軽郡中泊町大字豊岡字三笠,1046,北津軽郡中泊町大字豊岡字三笠,1112,2158,1.22,0.19,55.2,57.4,10.95,60
2400430140,五所川原車力線,中泊町・つがる市境,五所川原車力線,2209,0,0.3,北津軽郡中泊町大字豊岡字三笠,1046,北津軽郡中泊町大字豊岡字三笠,1112,2158,1.22,0.18,55,57.6,11.5,60
2400440010,青森環状野内線,一般国道７号,一般国道７号,2201,0,4.1,,4328,,3967,8295,1.23,0.95,17.4,19.2,16,40
2400440170,青森環状野内線,一般国道７号,青森浪岡線,2201,0,1.9,青森市大字細越字堅盤,2948,青森市大字細越字堅盤,2684,5632,1.22,0.6,39.3,49.1,16,60
2400440180,青森環状野内線,青森浪岡線,青森環状野内線,2201,0,0.7,青森市大字細越字堅盤,2948,青森市大字細越字堅盤,2684,5632,1.22,0.6,31.2,34,16,60
2400440030,青森環状野内線,青森環状野内線,,2201,0,0.6,,2203,,2301,4504,1.22,0.72,29.8,32.3,9,50
2400440040,青森環状野内線,,酸ヶ湯高田線,2201,0,0.4,,5587,,5621,11208,1.24,1.29,24.7,18.4,9,50
2400440050,青森環状野内線,酸ヶ湯高田線,青森環状野内線,2201,0,1.3,,8342,,8672,17014,1.25,1.47,33.7,26,9.5,40
2400440060,青森環状野内線,青森環状野内線,一般国道１０３号,2201,0,2.2,,8342,,8672,17014,1.25,1.47,30.2,28.6,9.5,40
2400440070,青森環状野内線,一般国道１０３号,一般国道１０３号,2201,0,0.2,,8342,,8672,17014,1.25,1.47,22.8,10.1,9.5,40
2400440080,青森環状野内線,一般国道１０３号,青森田代十和田線,2201,0,2.4,,8342,,8672,17014,1.25,1.47,18.9,18.6,9.5,40
2400440090,青森環状野内線,青森田代十和田線,駒込筒井線,2201,0,1.7,青森市大字宮田字高瀬,1635,青森市大字宮田字高瀬,1666,3301,1.22,0.21,24.4,29.5,35.5,50
2400440100,青森環状野内線,駒込筒井線,青森東インター線,2201,0,5.6,青森市大字宮田字高瀬,1635,青森市大字宮田字高瀬,1666,3301,1.22,0.21,41.4,39.5,35.5,50
2400440110,青森環状野内線,青森東インター線,一般国道４号,2201,0,1.5,青森市大字宮田字高瀬,1635,青森市大字宮田字高瀬,1666,3301,1.22,0.21,36.3,28,35.5,50
2400440120,青森環状野内線,一般国道４号,久栗坂造道線,2201,0,1.4,青森市大字宮田字高瀬,1635,青森市大字宮田字高瀬,1666,3301,1.22,0.21,35,43.8,35.5,50
2400440140,青森環状野内線,青森浪岡線,,2201,0,0.4,青森市大字上野字有原,4602,青森市大字上野字有原,4223,8825,1.23,0.5,20,25.1,18,50
2400440150,青森環状野内線,,青森環状野内線,2201,0,1.5,青森市大字上野字有原,4602,青森市大字上野字有原,4223,8825,1.23,0.88,41.5,29.8,13.8,50
2400450010,十和田三戸線,三沢十和田線,一般国道１０２号,2206,0,0.8,十和田市西三番町,4416,十和田市西三番町,4328,8744,1.23,1.21,16.2,17.7,13,50
2400450030,十和田三戸線,一般国道１０２号,中ノ渡十和田線,2206,0,1.9,十和田市西三番町,4416,十和田市西三番町,4328,8744,1.23,1.04,19.1,19.1,17.9,50
2400450040,十和田三戸線,中ノ渡十和田線,切田五戸線,2206,0,2.2,十和田市大字切田字横道,411,十和田市大字切田字横道,425,836,1.16,0.1,38.1,42.3,9.7,40
2400450045,十和田三戸線,切田五戸線,十和田三戸線,2206,0,1.2,十和田市大字切田字横道,411,十和田市大字切田字横道,425,836,1.16,0.1,46,48.2,9.7,40
2400450260,十和田三戸線,十和田三戸線,,2206,0,0.4,十和田市大字切田字横道,411,十和田市大字切田字横道,425,836,1.16,0.1,42.7,50.9,11.5,50
2400450270,十和田三戸線,,,2206,0,0.6,十和田市大字切田字横道,411,十和田市大字切田字横道,425,836,1.16,0.1,64.6,59.7,11.5,50
2400450070,十和田三戸線,十和田三戸線,,2206,0,1.5,十和田市大字切田字横道,411,十和田市大字切田字横道,425,836,1.16,0.11,48.8,49.9,6.5,50
2400450080,十和田三戸線,,十和田市・新郷村境,2206,0,10.3,,35,,40,75,1.1,0.02,48.2,50.4,9.6,50
2400450090,十和田三戸線,十和田市・新郷村境,石無坂鹿田線,2450,0,6.5,,35,,40,75,1.1,0.02,,,6,50
2400450100,十和田三戸線,石無坂鹿田線,石無坂鹿田線,2450,0,0.3,,35,,40,75,1.1,0.02,33.6,38.5,6,50
2400450110,十和田三戸線,石無坂鹿田線,一般国道４５４号,2450,0,3.7,,35,,40,75,1.1,0.02,47.2,38.5,6,50
2400450130,十和田三戸線,一般国道４５４号,栃棚手倉橋線,2450,0,4.8,三戸郡新郷村大字西堀字沢口,317,三戸郡新郷村大字西堀字沢口,283,600,1.12,0.09,38.3,44.5,7,60
2400450140,十和田三戸線,栃棚手倉橋線,栃棚手倉橋線,2450,0,0.4,三戸郡新郷村大字西堀字沢口,317,三戸郡新郷村大字西堀字沢口,283,600,1.12,0.09,28,31.1,7,60
2400450150,十和田三戸線,栃棚手倉橋線,新郷村・三戸町境,2450,0,2.8,三戸郡新郷村大字西堀字沢口,317,三戸郡新郷村大字西堀字沢口,283,600,1.12,0.09,45.5,42.4,7,60
2400450160,十和田三戸線,新郷村・三戸町境,三戸町・新郷村境,2441,0,0.4,三戸郡新郷村大字西堀字沢口,317,三戸郡新郷村大字西堀字沢口,283,600,1.12,0.09,47.8,43.5,7.5,60
2400450170,十和田三戸線,三戸町・新郷村境,新郷村・南部町境,2450,0,0.5,三戸郡新郷村大字西堀字沢口,317,三戸郡新郷村大字西堀字沢口,283,600,1.12,0.09,41.8,43.1,7,60
2400450180,十和田三戸線,新郷村・南部町境,南部町・三戸町境,2445,0,1.8,三戸郡新郷村大字西堀字沢口,317,三戸郡新郷村大字西堀字沢口,283,600,1.12,0.09,45.3,47.2,7.5,60
2400450190,十和田三戸線,南部町・三戸町境,南部田子線,2441,0,1.7,三戸郡新郷村大字西堀字沢口,317,三戸郡新郷村大字西堀字沢口,283,600,1.12,0.09,38,34,7,40
2400450200,十和田三戸線,南部田子線,南部田子線,2441,0,0.2,三戸郡新郷村大字西堀字沢口,317,三戸郡新郷村大字西堀字沢口,283,600,1.12,0.09,31.1,13.8,7,40
2400450210,十和田三戸線,南部田子線,一般国道４号,2441,0,2.4,三戸郡新郷村大字西堀字沢口,317,三戸郡新郷村大字西堀字沢口,283,600,1.12,0.09,39.7,30.6,7,40
2400450220,十和田三戸線,一般国道４号,三戸南部線,2441,0,0.6,,1223,,1111,2334,1.22,0.21,26.3,19.3,10.1,40
2400450230,十和田三戸線,三戸南部線,三戸南部線,2441,0,1,,1223,,1111,2334,1.22,0.21,35.3,34.8,10.1,40
2400450240,十和田三戸線,三戸南部線,一般国道４号,2441,0,0.5,,1223,,1111,2334,1.22,0.21,23.9,26.2,10.1,40
2400460010,川内佐井線,一般国道３３８号,長後川内線,2208,0,13.3,むつ市川内町舘山下,774,むつ市川内町舘山下,748,1522,1.18,0.23,54.6,55.2,6.5,60
2400460020,川内佐井線,長後川内線,むつ市・佐井村境,2208,0,13.8,,75,,69,144,1.12,0.04,45.3,36.4,7,60
2400460030,川内佐井線,むつ市・佐井村境,,2426,0,7.2,,75,,69,144,1.12,0.04,35.6,30.8,7.5,60
2400460040,川内佐井線,,一般国道３３８号,2426,0,6.1,下北郡佐井村大字佐井字大佐井川目,143,下北郡佐井村大字佐井字大佐井川目,154,297,1.12,0.04,54.2,43.7,6.5,60
2400460050,川内佐井線,一般国道３３８号,一般国道３３８号,2426,0,0.1,下北郡佐井村大字佐井字大佐井川目,143,下北郡佐井村大字佐井字大佐井川目,154,297,1.12,0.04,22.6,23.5,6.5,60
2400460070,川内佐井線,,一般国道３３８号,2426,0,0.5,下北郡佐井村大字佐井字大佐井川目,143,下北郡佐井村大字佐井字大佐井川目,154,297,1.12,0.04,53.4,45.9,10,40
2400470010,青森東インター線,一般国道４号,青森環状野内線,2201,0,1,青森市大字三本木字川崎,3215,青森市大字三本木字川崎,3116,6331,1.22,0.61,20.8,25.9,12,60
2400470020,青森東インター線,青森環状野内線,清水川滝沢野内線,2201,0,0.8,青森市大字三本木字川崎,3215,青森市大字三本木字川崎,3116,6331,1.22,0.61,35.1,41.8,12,60
2400470030,青森東インター線,清水川滝沢野内線,青森自動車道,2201,0,0.2,青森市大字三本木字川崎,3215,青森市大字三本木字川崎,3116,6331,1.22,0.61,18.3,42.4,12,60
2601010010,金木停車場線,,屏風山内真部線,2205,0,0.4,,818,,740,1558,1.19,0.17,,,8.6,30
2601020010,大沢内停車場線,,富野大沢内停車場線,2387,0,0.2,,184,,217,401,1.12,0.03,,,6,40
2601020020,大沢内停車場線,富野大沢内停車場線,一般国道３３９号,2387,0,0.4,,184,,217,401,1.12,0.03,40.1,41.5,6,40
2601030010,津軽中里停車場線,,一般国道３３９号,2387,0,2.9,,191,,228,419,1.12,0.1,32.6,29.6,9.45,40
2601040010,館田停車場線,,弘前環状線,2210,0,0,,498,,498,996,1.15,0.14,22.4,18.1,7.3,60
2601050010,平賀停車場本町線,町居平賀停車場線,平賀門外線,2210,0,0.2,,2646,,2936,5582,1.23,0.8,14.4,9.1,12,40
2601050020,平賀停車場本町線,平賀門外線,弘前平賀線,2210,0,0.1,,2646,,2936,5582,1.23,0.62,20.2,17.9,6,40
2601060010,尾上停車場線,,,2210,0,0.2,,2558,,2843,5401,1.22,0.8,,,9.4,40
2601160020,尾上停車場線,大鰐浪岡線,尾上停車場線,2210,0,0.6,,1016,,987,2003,1.22,0.35,19.8,20.5,6.5,40
2601060020,尾上停車場線,,尾上停車場線,2210,0,0.2,,2558,,2843,5401,1.22,0.8,,,7,40
2601070010,嘉瀬停車場線,,五所川原金木線,2205,0,0.1,,1357,,1315,2672,1.22,0.26,15.1,10.8,7.5,40
2601080010,野辺地港線,,馬門野辺地線,2401,0,0.2,,4140,,4075,8215,1.23,0.72,14.3,19.7,9.5,60
2601090010,弘前平賀線,石川土手町線,石川百田線,2202,0,0.7,弘前市大字大町一丁目,15421,弘前市大字大町一丁目,16372,31793,1.28,1.03,11.5,15.9,27,50
2601090020,弘前平賀線,石川百田線,松木平撫牛子停車場線,2202,0,1.9,弘前市大字大町一丁目,15421,弘前市大字大町一丁目,16372,31793,1.28,0.93,17.5,20.3,27,40
2601090030,弘前平賀線,松木平撫牛子停車場線,一般国道７号,2202,0,0.1,弘前市大字大町一丁目,15421,弘前市大字大町一丁目,16372,31793,1.28,0.93,22.9,13.1,27,40
2601090050,弘前平賀線,一般国道１０２号,弘前市・平川市境,2202,0,1.3,,6732,,6308,13040,1.24,1.02,33.9,43.3,16,60
2601090060,弘前平賀線,弘前市・平川市境,弘前環状線,2210,0,0.7,,6732,,6308,13040,1.24,1.09,33,32.7,16,60
2601090070,弘前平賀線,弘前環状線,,2210,0,2.4,,6732,,6308,13040,1.24,1.09,27.4,26.5,16,60
2601090080,弘前平賀線,,平賀停車場本町線,2210,0,0.6,,2294,,2253,4547,1.22,0.53,20.2,19.1,9,40
2601090090,弘前平賀線,平賀停車場本町線,町居平賀停車場線,2210,0,0.2,,2294,,2253,4547,1.22,0.53,10.3,9.6,9,40
2601100010,黒石藤崎線,五所川原黒石線,畑中竹鼻線,2367,0,1.4,南津軽郡田舎館村大字川部字村元,4051,南津軽郡田舎館村大字川部字村元,3961,8012,1.23,1.13,39.8,37.5,7,50
2601100020,黒石藤崎線,畑中竹鼻線,常盤新山線,2367,0,2.6,南津軽郡田舎館村大字川部字村元,4051,南津軽郡田舎館村大字川部字村元,3961,8012,1.23,1.13,33,42.1,7,50
2601100030,黒石藤崎線,常盤新山線,黒石藤崎線,2367,0,0.6,南津軽郡田舎館村大字川部字村元,4051,南津軽郡田舎館村大字川部字村元,3961,8012,1.23,1.13,45.3,41.7,7,50
2601100040,黒石藤崎線,黒石藤崎線,田舎館村・藤崎町境,2367,0,0.4,南津軽郡田舎館村大字川部字村元,4051,南津軽郡田舎館村大字川部字村元,3961,8012,1.23,1.13,47.5,45.1,7,50
2601100050,黒石藤崎線,田舎館村・藤崎町境,一般国道７号,2361,0,1.1,南津軽郡田舎館村大字川部字村元,4051,南津軽郡田舎館村大字川部字村元,3961,8012,1.23,1.39,32.3,9.2,6.5,40
2601100070,黒石藤崎線,黒石藤崎線,川部停車場線,2367,0,0.3,南津軽郡田舎館村大字川部字村元,4051,南津軽郡田舎館村大字川部字村元,3961,8012,1.23,0.92,22.1,37.8,12,50
2601100080,黒石藤崎線,川部停車場線,,2367,0,0.1,南津軽郡田舎館村大字川部字村元,4051,南津軽郡田舎館村大字川部字村元,3961,8012,1.23,0.92,39.1,40.1,12,50
2601100090,黒石藤崎線,,田舎館村・藤崎町境,2367,0,0.3,南津軽郡田舎館村大字川部字村元,4051,南津軽郡田舎館村大字川部字村元,3961,8012,1.23,0.92,41,43.5,12,50
2601100100,黒石藤崎線,田舎館村・藤崎町境,一般国道７号,2361,0,1.2,南津軽郡田舎館村大字川部字村元,4051,南津軽郡田舎館村大字川部字村元,3961,8012,1.23,0.81,36.6,27,16.5,50
2601110010,権現崎線,,一般国道３３９号,2387,0,6.2,,371,,379,750,1.14,0.08,,,13.5,40
2601120010,八幡宮線,,弘前鯵ヶ沢線,2202,0,1.2,,6264,,5998,12262,1.24,1.21,20.3,18.4,7.5,40
2601130010,五戸六戸線,一般国道４号,橋向五戸線,2442,0,3.4,,373,,386,759,1.14,0.13,25.4,26,12,50
2601130030,五戸六戸線,橋向五戸線,五戸下田停車場線,2442,0,1.3,,373,,386,759,1.14,0.11,46,40.6,10,60
2601130040,五戸六戸線,五戸下田停車場線,五戸町・六戸町境,2442,0,3,,373,,386,759,1.14,0.11,44.5,50.3,10,60
2601130050,五戸六戸線,五戸町・六戸町境,柳町下田停車場線,2405,0,4,,373,,386,759,1.14,0.11,39.7,44.1,9.7,60
2601130060,五戸六戸線,柳町下田停車場線,八戸三沢線,2405,0,0.2,,373,,386,759,1.14,0.11,36.8,16,9.7,60
2601140020,菰槌木造線,鯵ヶ沢蟹田線,林五所川原線,2209,0,2.6,つがる市木造永田高田,2475,つがる市木造永田高田,2663,5138,1.23,0.45,45.6,44.2,9,40
2601140030,菰槌木造線,林五所川原線,,2209,0,2.5,つがる市木造永田高田,2475,つがる市木造永田高田,2663,5138,1.23,0.45,37.5,35.5,9,40
2601140040,菰槌木造線,,川除木造線,2209,0,1.1,つがる市木造朝日,2255,つがる市木造朝日,2281,4536,1.22,0.39,30.2,38.1,9.3,60
2601140050,菰槌木造線,川除木造線,木造停車場線,2209,0,0.6,つがる市木造朝日,2255,つがる市木造朝日,2281,4536,1.22,0.39,31.8,30.9,9.3,60
2601150010,川除木造線,五所川原車力線,再賀木造線,2209,0,0.6,つがる市木造芦沼,1184,つがる市木造芦沼,1189,2373,1.23,0.27,16.3,27.7,8,40
2601150020,川除木造線,再賀木造線,菰槌木造線,2209,0,1.6,つがる市木造芦沼,1184,つがる市木造芦沼,1189,2373,1.23,0.27,40.1,42.2,8,40
2601150030,川除木造線,菰槌木造線,越水木造線,2209,0,0.7,つがる市木造芦沼,1184,つがる市木造芦沼,1189,2373,1.23,0.27,23.8,22.2,8,40
2601160010,金屋尾上線,吹上金屋黒石線,大鰐浪岡線,2210,0,1.8,平川市南田中西原,1106,平川市南田中西原,1112,2218,1.22,0.27,19.9,26.5,11.9,40
2601170010,尾上日沼線,尾上停車場線,一般国道１０２号,2210,0,4.5,平川市猿賀字石林,2164,平川市猿賀字石林,2226,4390,1.22,0.68,36.9,33.2,9.9,40
2601170020,尾上日沼線,一般国道１０２号,弘前環状線,2210,0,0.1,平川市猿賀字石林,2164,平川市猿賀字石林,2226,4390,1.22,0.68,8,9.6,9.9,40
2601180010,七戸十和田湖線,一般国道３９４号,,2402,0,4.7,,258,,329,587,1.12,0.1,36.6,31.9,11.2,40
2601180020,七戸十和田湖線,,七戸町・十和田市境,2402,0,2.1,十和田市大字深持字山ノ下,425,十和田市大字深持字山ノ下,363,788,1.16,0.16,26.9,19.2,8.2,40
2601180030,七戸十和田湖線,七戸町・十和田市境,青森田代十和田線,2206,0,6.9,十和田市大字深持字山ノ下,425,十和田市大字深持字山ノ下,363,788,1.16,0.14,58.9,45.9,12.8,40
2601190010,五戸下田停車場線,五戸六戸線,五戸町・六戸町境,2442,0,5.1,,500,,491,991,1.15,0.29,50.4,50.1,7.5,40
2601190020,五戸下田停車場線,五戸町・六戸町境,八戸三沢線,2405,0,0.9,,500,,491,991,1.15,0.3,44.2,46.2,6.5,40
2601190030,五戸下田停車場線,八戸三沢線,六戸町・おいらせ町境,2405,0,1.8,,500,,491,991,1.15,0.3,45.6,50.2,6.5,40
2601190040,五戸下田停車場線,六戸町・おいらせ町境,市川下田停車場線,2412,0,3.4,,500,,491,991,1.15,0.27,60.8,56,11.5,40
2601190050,五戸下田停車場線,市川下田停車場線,下田停車場線,2412,0,1.6,,500,,491,991,1.15,0.27,46.8,50.3,11.5,40
2601190060,五戸下田停車場線,下田停車場線,柳町下田停車場線,2412,0,0.1,,500,,491,991,1.15,0.27,16.9,20.8,11.5,40
2601200010,荒川青森停車場線,青森浪岡線,一般国道７号,2201,0,1.2,青森市緑一丁目,12712,青森市緑一丁目,11629,24341,1.27,0.75,28.2,17.8,25,50
2601200020,荒川青森停車場線,一般国道７号,一般国道４号,2201,0,3.1,青森市緑一丁目,12712,青森市緑一丁目,11629,24341,1.27,0.75,18.4,19.2,25,50
2601200040,荒川青森停車場線,一般国道７号,青森停車場線,2201,0,0.3,青森市緑一丁目,12712,青森市緑一丁目,11629,24341,1.27,1.03,,10.1,17,40
2601210005,七戸上北町停車場線,三沢七戸線,一般国道４５号（上北天間林道路）,2408,0,5,上北郡東北町上北北三丁目,1954,上北郡東北町上北北三丁目,1968,3922,1.22,0.39,45.8,47.4,7.5,40
2601210010,七戸上北町停車場線,一般国道４５号（上北天間林道路）,上野十和田線,2408,0,2.9,上北郡東北町上北北三丁目,1954,上北郡東北町上北北三丁目,1968,3922,1.22,0.39,33.3,31.4,7.5,40
2601210020,七戸上北町停車場線,上野十和田線,,2408,0,0.1,上北郡東北町上北北三丁目,1954,上北郡東北町上北北三丁目,1968,3922,1.22,0.39,11.9,19,7.5,40
2601220010,酸ヶ湯高田線,青森環状野内線,,2201,0,0.6,,8113,,8162,16275,1.25,1.57,28.9,38.1,12,40
2601220020,酸ヶ湯高田線,,一般国道１０３号,2201,0,21.8,,246,,284,530,1.12,0.12,,,7.5,40
2601230010,清水川滝沢野内線,一般国道４号,平内町・青森市境,2301,0,14.7,,332,,329,661,1.14,0.13,35.3,35.3,7,30
2601230020,清水川滝沢野内線,平内町・青森市境,後平馬屋尻線,2201,0,9.5,,332,,329,661,1.14,3.92,57.3,55.3,4.5,30
2601230030,清水川滝沢野内線,後平馬屋尻線,青森東インター線,2201,0,2.2,,2330,,2074,4404,1.22,0.42,57.3,55.3,12.5,60
2601230050,清水川滝沢野内線,一般国道４号,久栗坂造道線,2201,0,1.1,,441,,397,838,1.15,0.12,19.5,35.2,12,50
2601240010,駒込筒井線,青森環状野内線,一般国道７号,2201,0,1.3,,2207,,1911,4118,1.22,0.57,27,20.1,9.5,40
2601240020,駒込筒井線,一般国道７号,青森田代十和田線,2201,0,1,,2207,,1911,4118,1.22,0.57,18.1,20.4,9.5,40
2601250110,小友板柳停車場線,弘前鯵ヶ沢線,,2202,0,2.3,弘前市大字小友字神原,1082,弘前市大字小友字神原,1070,2152,1.18,0.27,52.8,56.1,12,60
2601250020,小友板柳停車場線,,弘前柏線,2202,0,0.4,弘前市大字小友字神原,1082,弘前市大字小友字神原,1070,2152,1.18,0.27,28.9,33.9,10,60
2601250030,小友板柳停車場線,弘前柏線,弘前市・板柳町境,2202,0,0.4,弘前市大字小友字神原,1082,弘前市大字小友字神原,1070,2152,1.18,0.27,31.4,41.5,10,60
2601250040,小友板柳停車場線,弘前市・板柳町境,一般国道３３９号,2381,0,0.8,弘前市大字小友字神原,1082,弘前市大字小友字神原,1070,2152,1.18,0.27,47,38.4,12,60
2601250060,小友板柳停車場線,一般国道３３９号,大俵板柳停車場線,2381,0,0.4,弘前市大字小友字神原,1082,弘前市大字小友字神原,1070,2152,1.18,0.29,12.6,14.5,8,40
2601250070,小友板柳停車場線,大俵板柳停車場線,,2381,0,0.2,弘前市大字小友字神原,1082,弘前市大字小友字神原,1070,2152,1.18,0.29,5.2,11.6,8,40
2601260010,久渡寺新寺町線,,桔梗野富田線,2202,0,5.8,,1167,,1138,2305,1.22,0.25,33.8,24.1,8.2,40
2601260020,久渡寺新寺町線,桔梗野富田線,岩崎西目屋弘前線,2202,0,0.7,,1167,,1138,2305,1.22,0.25,26.7,18,8.2,40
2601270010,石川土手町線,大鰐浪岡線,松木平撫牛子停車場線,2202,0,3.1,弘前市大字大沢字東下田面,2917,弘前市大字大沢字東下田面,2710,5627,1.23,0.6,48.2,49.7,7.5,50
2601270020,石川土手町線,松木平撫牛子停車場線,,2202,0,0.6,弘前市大字大沢字東下田面,2917,弘前市大字大沢字東下田面,2710,5627,1.23,0.6,45.1,29.1,7.5,50
2601270030,石川土手町線,,桔梗野富田線,2202,0,3.3,弘前市大字中野四丁目,6899,弘前市大字中野四丁目,5739,12638,1.24,1.18,17.8,17.4,11.5,40
2601270040,石川土手町線,桔梗野富田線,弘前平賀線,2202,0,0.9,弘前市大字中野四丁目,6899,弘前市大字中野四丁目,5739,12638,1.24,1.18,13.6,14.8,11.5,40
2601270050,石川土手町線,弘前平賀線,弘前岳鯵ヶ沢線,2202,0,0.8,弘前市大字中野四丁目,6899,弘前市大字中野四丁目,5739,12638,1.24,1.18,14.9,10.5,11.5,40
2601280010,松木平撫牛子停車場線,石川土手町線,石川百田線,2202,0,2.7,弘前市大字小比内五丁目,302,弘前市大字小比内五丁目,1081,1383,1.19,0.54,18.7,30.7,6,40
2601280020,松木平撫牛子停車場線,石川百田線,弘前平賀線,2202,0,2.4,弘前市大字小比内五丁目,302,弘前市大字小比内五丁目,1081,1383,1.19,0.54,17.9,20.2,6,40
2601280040,松木平撫牛子停車場線,一般国道１０２号,弘前田舎館黒石線,2202,0,1.7,弘前市大字小比内五丁目,302,弘前市大字小比内五丁目,1081,1383,1.19,0.45,17.2,17.3,16,40
2601280050,松木平撫牛子停車場線,弘前田舎館黒石線,弘前田舎館黒石線,2202,0,0.3,弘前市大字小比内五丁目,302,弘前市大字小比内五丁目,1081,1383,1.19,0.45,19.7,21.5,16,40
2601280060,松木平撫牛子停車場線,弘前田舎館黒石線,石川百田線,2202,0,1.5,弘前市大字小比内五丁目,302,弘前市大字小比内五丁目,1081,1383,1.19,0.45,17,11.9,16,40
2601290010,関ヶ平五代線,,相馬常盤野線,2202,0,4.1,弘前市大字湯口字一の安田,1621,弘前市大字湯口字一の安田,1414,3035,1.22,0.32,,,6.5,40
2601290020,関ヶ平五代線,相馬常盤野線,岩崎西目屋弘前線,2202,0,7,弘前市大字湯口字一の安田,1621,弘前市大字湯口字一の安田,1414,3035,1.22,0.32,39.2,39.3,6.5,40
2601290040,関ヶ平五代線,岩崎西目屋弘前線,弘前岳鯵ヶ沢線,2202,0,4.4,弘前市大字湯口字一の安田,1621,弘前市大字湯口字一の安田,1414,3035,1.22,0.33,29.4,26.1,17,50
2601300010,桔梗野富田線,久渡寺新寺町線,石川土手町線,2202,0,1.8,弘前市大字清富町,3843,弘前市大字清富町,4388,8231,1.23,0.92,15.1,12.8,10.2,40
2601310010,前坂藤崎線,弘前鯵ヶ沢線,弘前柏線,2202,0,2.1,,3014,,3113,6127,1.23,1.13,31.1,23.3,6,40
2601310030,前坂藤崎線,弘前柏線,弘前市・藤崎町境,2202,0,1.1,,3014,,3113,6127,1.23,0.96,36.2,39,6,40
2601310035,前坂藤崎線,弘前市・藤崎町境,藤崎町道,2361,0,0.7,,3014,,3113,6127,1.23,1.13,31.1,35.5,6,40
2601310110,前坂藤崎線,藤崎町道,一般国道３３９号,2361,0,0.7,,,,,,,,32.4,30.7,11.5,60
2601310050,前坂藤崎線,一般国道３３９号,太田藤崎線,2361,0,0.1,南津軽郡藤崎町大字葛野字前田,2880,南津軽郡藤崎町大字葛野字前田,2908,5788,1.23,0.83,16.3,22.2,12,40
2601310060,前坂藤崎線,太田藤崎線,一般国道３３９号,2361,0,0.8,南津軽郡藤崎町大字葛野字前田,2880,南津軽郡藤崎町大字葛野字前田,2908,5788,1.23,0.83,17.9,19.4,12,40
2601310070,前坂藤崎線,一般国道３３９号,五林平藤崎線,2361,0,0.5,南津軽郡藤崎町大字葛野字前田,2880,南津軽郡藤崎町大字葛野字前田,2908,5788,1.23,0.83,19,27.2,12,40
2601310080,前坂藤崎線,五林平藤崎線,一般国道７号,2361,0,0.4,南津軽郡藤崎町大字葛野字前田,2880,南津軽郡藤崎町大字葛野字前田,2908,5788,1.23,0.83,23.2,11.2,12,40
2601310090,前坂藤崎線,一般国道７号,浪岡藤崎線,2361,0,0.2,南津軽郡藤崎町大字葛野字前田,2880,南津軽郡藤崎町大字葛野字前田,2908,5788,1.23,0.83,17.6,16.8,12,40
2601320010,十腰内陸奥森田停車場線,弘前鯵ヶ沢線,弘前市・つがる市境,2202,0,0.6,,400,,385,785,1.14,0.1,39,39,11,60
2601320020,十腰内陸奥森田停車場線,弘前市・つがる市境,米山菖蒲川線,2209,0,0.2,,400,,385,785,1.14,0.11,50.8,46.2,8,40
2601320030,十腰内陸奥森田停車場線,米山菖蒲川線,山田鯵ヶ沢線,2209,0,2.7,,400,,385,785,1.14,0.11,36,41.8,8,40
2601320040,十腰内陸奥森田停車場線,山田鯵ヶ沢線,山田鯵ヶ沢線,2209,0,0.2,,400,,385,785,1.14,0.11,28.6,27.8,8,40
2601320050,十腰内陸奥森田停車場線,山田鯵ヶ沢線,福原陸奥森田停車場線,2209,0,0.2,,400,,385,785,1.14,0.11,13.3,7.9,8,40
2601330010,鬼沢種市線,弘前鯵ヶ沢線,弘前柏線,2202,0,2.8,,185,,226,411,1.12,0.06,28.1,33.1,7,40
2601340010,櫛引上名久井三戸線,一般国道１０４号,八戸市・南部町境,2203,0,3.6,,827,,699,1526,1.18,0.17,39.7,36.7,7.5,40
2601340020,櫛引上名久井三戸線,八戸市・南部町境,中野北高岩停車場線,2445,0,1.4,,827,,699,1526,1.18,0.16,42.9,40.1,10.5,40
2601340030,櫛引上名久井三戸線,中野北高岩停車場線,中野北高岩停車場線,2445,0,2.6,,827,,699,1526,1.18,0.16,38.2,37.6,10.5,40
2601340040,櫛引上名久井三戸線,中野北高岩停車場線,福田苫米地線,2445,0,3.6,,827,,699,1526,1.18,0.16,35.6,35.8,10.5,40
2601340050,櫛引上名久井三戸線,福田苫米地線,名川階上線,2445,0,2.8,三戸郡南部町大字上名久井字上町,1457,三戸郡南部町大字上名久井字上町,1550,3007,1.22,0.3,47.8,53.8,11.5,40
2601340060,櫛引上名久井三戸線,名川階上線,軽米名川線,2445,0,1.1,三戸郡南部町大字上名久井字上町,1457,三戸郡南部町大字上名久井字上町,1550,3007,1.22,0.3,33.6,36.2,11.5,40
2601340080,櫛引上名久井三戸線,軽米名川線,名久井岳公園線,2445,0,2.7,三戸郡南部町大字上名久井字上町,1457,三戸郡南部町大字上名久井字上町,1550,3007,1.22,0.26,31.8,32.9,7,40
2601340090,櫛引上名久井三戸線,名久井岳公園線,高瀬諏訪平停車場線,2445,0,1,三戸郡南部町大字上名久井字上町,1457,三戸郡南部町大字上名久井字上町,1550,3007,1.22,0.26,38.3,38.1,7,40
2601340100,櫛引上名久井三戸線,高瀬諏訪平停車場線,赤石沖田面線,2445,0,1.7,三戸郡南部町大字上名久井字上町,1457,三戸郡南部町大字上名久井字上町,1550,3007,1.22,0.26,31.8,36.4,7,40
2601340110,櫛引上名久井三戸線,赤石沖田面線,南部町・三戸町境,2445,0,2.6,三戸郡南部町大字赤石字待場,762,三戸郡南部町大字赤石字待場,712,1474,1.17,0.19,46.3,47.4,7,40
2601340120,櫛引上名久井三戸線,南部町・三戸町境,名久井岳公園線,2441,0,1.4,三戸郡南部町大字赤石字待場,762,三戸郡南部町大字赤石字待場,712,1474,1.17,0.18,57.4,59.5,9.2,40
2601340130,櫛引上名久井三戸線,名久井岳公園線,三戸南部線,2441,0,2.2,三戸郡南部町大字赤石字待場,762,三戸郡南部町大字赤石字待場,712,1474,1.17,0.18,33.4,25.5,9.2,40
2601350010,吹上金屋黒石線,大鰐浪岡線,小国本町線,2210,0,1.7,平川市金屋下松元,602,平川市金屋下松元,572,1174,1.17,0.19,27.4,27.9,7,40
2601350020,吹上金屋黒石線,小国本町線,町居平賀停車場線,2210,0,1.2,平川市金屋下松元,602,平川市金屋下松元,572,1174,1.17,0.19,29.1,30.8,7,40
2601350030,吹上金屋黒石線,町居平賀停車場線,金屋尾上線,2210,0,3.9,平川市金屋下松元,602,平川市金屋下松元,572,1174,1.17,0.19,18.5,25.8,7,40
2601350040,吹上金屋黒石線,金屋尾上線,平川市・黒石市境,2210,0,1.3,平川市金屋下松元,602,平川市金屋下松元,572,1174,1.17,0.19,26.7,35.5,7,40
2601350050,吹上金屋黒石線,平川市・黒石市境,一般国道１０２号,2204,0,1.5,平川市金屋下松元,602,平川市金屋下松元,572,1174,1.17,0.21,34.6,15.5,7,40
2601350060,吹上金屋黒石線,一般国道１０２号,弘前田舎館黒石線,2204,0,1.1,平川市金屋下松元,602,平川市金屋下松元,572,1174,1.17,0.21,22.4,18.7,7,40
2601360010,常盤新山線,五所川原黒石線,藤崎町・田舎館村境,2361,0,0.9,,2815,,2523,5338,1.23,0.61,47.5,43.2,7,40
2601360020,常盤新山線,藤崎町・田舎館村境,黒石藤崎線,2367,0,2.5,,2815,,2523,5338,1.23,0.72,42.3,42.3,7,40
2601360030,常盤新山線,黒石藤崎線,弘前環状線,2367,0,0.9,,2815,,2523,5338,1.23,0.72,36.5,29.2,7,40
2601370010,七ッ館板柳線,五所川原黒石線,板柳町・鶴田町境,2381,0,0.1,,1519,,1533,3052,1.22,0.37,21.7,28.4,7,40
2601370020,七ッ館板柳線,板柳町・鶴田町境,持子沢鶴田線,2384,0,0.2,,1519,,1533,3052,1.22,0.44,34.3,38.5,7,40
2601370030,七ッ館板柳線,持子沢鶴田線,胡桃館鶴田線,2384,0,3,,419,,441,860,1.15,0.15,32.7,30.9,8.1,40
2601370040,七ッ館板柳線,胡桃館鶴田線,鶴田町・板柳町境,2384,0,1.2,,419,,441,860,1.15,0.15,44.3,34.9,8.1,40
2601370050,七ッ館板柳線,鶴田町・板柳町境,五所川原岩木線,2381,0,1.7,,419,,441,860,1.15,0.16,35,25.8,9.45,40
2601370060,七ッ館板柳線,五所川原岩木線,一般国道３３９号,2381,0,1.7,,419,,441,860,1.15,0.16,30.1,23.5,9.45,40
2601380010,島守八戸線,名川階上線,差波新井田線,2203,0,7.5,,313,,347,660,1.14,0.15,32.7,34.9,8.6,40
2601380020,島守八戸線,差波新井田線,八戸大野線,2203,0,3.9,,1000,,1107,2107,1.22,0.35,36,38.3,8.6,40
2601390010,差波新井田線,島守八戸線,八戸大野線,2203,0,2.7,,1894,,1955,3849,1.22,0.45,33.6,31.3,9.5,40
2601390100,差波新井田線,八戸大野線,,2203,0,0.3,,1894,,1955,3849,1.22,0.58,27.3,40.7,12,40
2601390040,差波新井田線,,鳥谷部十日市線,2203,0,1,,1894,,1955,3849,1.22,0.59,37.1,30.5,9,40
2601390050,差波新井田線,鳥谷部十日市線,妙売市線,2203,0,0.8,,1894,,1955,3849,1.22,0.59,24.5,19.8,9,40
2601390060,差波新井田線,妙売市線,妙売市線,2203,0,0.2,,1894,,1955,3849,1.22,0.59,21.6,17.2,9,40
2601390070,差波新井田線,妙売市線,八戸環状線,2203,0,0.8,,1894,,1955,3849,1.22,0.59,15,11.4,9,40
2601390080,差波新井田線,八戸環状線,一般国道４５号,2203,0,0.8,,1894,,1955,3849,1.22,0.59,21.6,14,9,40
2601400010,下田停車場線,五戸下田停車場線,一般国道４５号,2412,0,1.7,,4446,,4074,8520,1.23,1,35.4,32.7,11,40
2601410010,市川下田停車場線,橋向五戸線,一般国道４５号,2203,0,2.3,八戸市大字市川町字市川後,610,八戸市大字市川町字市川後,655,1265,1.17,0.14,43.9,43.7,16,40
2601410020,市川下田停車場線,一般国道４５号,八戸野辺地線,2203,0,0.3,八戸市大字市川町字市川後,610,八戸市大字市川町字市川後,655,1265,1.17,0.14,17.6,18.9,16,40
2601410030,市川下田停車場線,八戸野辺地線,八戸市・おいらせ町境,2203,0,0.4,八戸市大字市川町字市川後,610,八戸市大字市川町字市川後,655,1265,1.17,0.14,21.9,47.1,16,40
2601410040,市川下田停車場線,八戸市・おいらせ町境,五戸下田停車場線,2412,0,0.4,八戸市大字市川町字市川後,610,八戸市大字市川町字市川後,655,1265,1.17,0.15,41.6,49.1,6.7,40
2601420010,倉石五戸線,,浅水南部線,2442,0,7.2,,369,,370,739,1.14,0.11,43.3,42.3,7.3,60
2601420030,倉石五戸線,一般国道４５４号,,2442,0,0.2,,369,,370,739,1.14,0.11,23.7,43.1,7.3,60
2601430010,南部田子線,三戸南部線,南部町・三戸町境,2445,0,3.9,,442,,398,840,1.15,0.12,37.6,41,8.4,40
2601430020,南部田子線,南部町・三戸町境,十和田三戸線,2441,0,0.3,,442,,398,840,1.15,4.27,39.6,31,4,40
2601430040,南部田子線,十和田三戸線,貝守斗内線,2441,0,6,,279,,307,586,1.12,0.12,44.1,41.5,7,40
2601430050,南部田子線,貝守斗内線,戸来岳貝守線,2441,0,1.6,,279,,307,586,1.12,0.12,43.8,37.9,7,40
2601430060,南部田子線,戸来岳貝守線,三戸町・田子町境,2441,0,1.8,,279,,307,586,1.12,0.12,41.3,37.1,7,40
2601430069,南部田子線,三戸町・田子町境,町道,2443,0,1.7,,279,,307,586,1.12,0.12,36.3,33.4,7,40
2601430090,南部田子線,町道,一般国道１０４号,2443,0,1.2,,279,,307,586,1.12,0.11,44.5,41.4,13.5,40
2601440010,平賀門外線,平賀停車場本町線,,2210,0,0.3,,2214,,2413,4627,1.22,0.88,20.6,16.3,6.5,40
2601440020,平賀門外線,,弘前環状線,2210,0,1.9,,2214,,2413,4627,1.22,0.88,21.2,32.9,6.5,40
2601440030,平賀門外線,弘前環状線,平川市・弘前市境,2210,0,1,,2214,,2413,4627,1.22,0.88,36.8,38.3,6.5,40
2601440040,平賀門外線,平川市・弘前市境,一般国道７号,2202,0,0.6,,2214,,2413,4627,1.22,0.61,27.9,22.4,6.5,40
2601440050,平賀門外線,一般国道７号,石川百田線,2202,0,0.8,,2214,,2413,4627,1.22,0.61,19.3,24.9,6.5,40
2601450010,戸来十和田線,一般国道４５４号,石無坂鹿田線,2450,0,0.5,十和田市大字米田字向町,552,十和田市大字米田字向町,607,1159,1.16,0.17,29.6,25.9,6,50
2601450020,戸来十和田線,石無坂鹿田線,新郷村・十和田市境,2450,0,2.9,十和田市大字米田字向町,552,十和田市大字米田字向町,607,1159,1.16,0.17,35.9,38.2,6,50
2601450030,戸来十和田線,新郷村・十和田市境,切田五戸線,2206,0,7.5,十和田市大字米田字向町,552,十和田市大字米田字向町,607,1159,1.16,0.15,40.3,42,10.5,50
2601450040,戸来十和田線,切田五戸線,切田五戸線,2206,0,1.6,十和田市大字米田字向町,552,十和田市大字米田字向町,607,1159,1.16,0.15,37.6,42.3,10.5,50
2601450050,戸来十和田線,切田五戸線,一般国道１０２号,2206,0,8.2,十和田市大字米田字向町,552,十和田市大字米田字向町,607,1159,1.16,0.15,35.5,36.5,10.5,50
2601460010,浪岡北中野黒石線,大鰐浪岡線,,2201,0,0.6,,3794,,3855,7649,1.23,1.23,13.1,13.4,11,40
2601460020,浪岡北中野黒石線,,青森市・黒石市境,2201,0,3.7,,683,,615,1298,1.17,0.19,24.7,27.9,6.5,40
2601460030,浪岡北中野黒石線,青森市・黒石市境,畑中竹鼻線,2204,0,0.4,,683,,615,1298,1.17,0.21,38.9,43.2,9,40
2601460040,浪岡北中野黒石線,畑中竹鼻線,酸ヶ湯黒石線,2204,0,2.3,,683,,615,1298,1.17,0.21,36.5,33.2,9,40
2601460050,浪岡北中野黒石線,酸ヶ湯黒石線,大鰐浪岡線,2204,0,2,,683,,615,1298,1.17,0.21,24,24.9,9,40
2601470010,増館堂野前線,浪岡藤崎線,青森市・藤崎町境,2201,0,0,,545,,522,1067,1.16,0.13,9.4,26.6,12.5,40
2601470020,増館堂野前線,青森市・藤崎町境,五所川原黒石線,2361,0,2.6,,545,,522,1067,1.16,0.14,40.7,46,10,40
2601480010,畑中竹鼻線,弘前田舎館黒石線,黒石藤崎線,2367,0,2.2,南津軽郡田舎館村大字八反田字古舘,2780,南津軽郡田舎館村大字八反田字古舘,2466,5246,1.23,0.62,34.9,39.8,9,50
2601480020,畑中竹鼻線,黒石藤崎線,五所川原黒石線,2367,0,1.7,南津軽郡田舎館村大字八反田字古舘,2780,南津軽郡田舎館村大字八反田字古舘,2466,5246,1.23,0.62,32.9,35.9,9,50
2601480030,畑中竹鼻線,五所川原黒石線,田舎館村・黒石市境,2367,0,1.2,南津軽郡田舎館村大字八反田字古舘,2780,南津軽郡田舎館村大字八反田字古舘,2466,5246,1.23,0.62,48.6,51.4,9,50
2601480040,畑中竹鼻線,田舎館村・黒石市境,大鰐浪岡線,2204,0,2.8,南津軽郡田舎館村大字八反田字古舘,2780,南津軽郡田舎館村大字八反田字古舘,2466,5246,1.23,0.56,47.9,40.1,8.5,50
2601480060,畑中竹鼻線,大鰐浪岡線,浪岡北中野黒石線,2204,0,1.9,南津軽郡田舎館村大字八反田字古舘,2780,南津軽郡田舎館村大字八反田字古舘,2466,5246,1.23,0.63,35.4,32,6.5,50
2601490010,目時停車場線,一般国道４号,,2441,0,1.3,,1045,,1144,2189,1.22,0.3,56.8,28.4,8.95,40
2601500010,持子沢鶴田線,五所川原浪岡線,五所川原市・板柳町境,2205,0,1,北津軽郡鶴田町大字横萢字矢留崎,996,北津軽郡鶴田町大字横萢字矢留崎,1162,2158,1.22,0.29,36.6,48.4,6,40
2601500020,持子沢鶴田線,五所川原市・板柳町境,板柳町道（旧　五林平藤崎線）,2381,0,0.1,北津軽郡鶴田町大字横萢字矢留崎,996,北津軽郡鶴田町大字横萢字矢留崎,1162,2158,1.22,0.3,49.3,46.7,6,40
2601500024,持子沢鶴田線,板柳町道（旧　五林平藤崎線）,持子沢鶴田線,2381,0,0.3,北津軽郡鶴田町大字横萢字矢留崎,996,北津軽郡鶴田町大字横萢字矢留崎,1162,2158,1.22,0.3,51.7,47.5,6,40
2601500027,持子沢鶴田線,持子沢鶴田線,持子沢鶴田線,2381,0,0.3,北津軽郡鶴田町大字横萢字矢留崎,996,北津軽郡鶴田町大字横萢字矢留崎,1162,2158,1.22,0.3,52.8,53.5,6,40
2601500030,持子沢鶴田線,持子沢鶴田線,五林平藤崎線,2381,0,0.2,北津軽郡鶴田町大字横萢字矢留崎,996,北津軽郡鶴田町大字横萢字矢留崎,1162,2158,1.22,0.3,29.6,22.3,6,40
2601500040,持子沢鶴田線,五林平藤崎線,板柳町・鶴田町境,2381,0,0.3,北津軽郡鶴田町大字横萢字矢留崎,996,北津軽郡鶴田町大字横萢字矢留崎,1162,2158,1.22,0.3,32.6,37.5,6,40
2601500050,持子沢鶴田線,板柳町・鶴田町境,鶴田町・板柳町境,2384,0,1.9,北津軽郡鶴田町大字横萢字矢留崎,996,北津軽郡鶴田町大字横萢字矢留崎,1162,2158,1.22,0.26,49.2,47.5,7,40
2601500060,持子沢鶴田線,鶴田町・板柳町境,五所川原黒石線,2381,0,0.2,北津軽郡鶴田町大字横萢字矢留崎,996,北津軽郡鶴田町大字横萢字矢留崎,1162,2158,1.22,0.26,33.5,24.4,7,40
2601500080,持子沢鶴田線,七ッ館板柳線,持子沢鶴田線,2384,0,1.4,北津軽郡鶴田町大字横萢字矢留崎,996,北津軽郡鶴田町大字横萢字矢留崎,1162,2158,1.22,0.24,44.7,36.7,11.5,40
2601500090,持子沢鶴田線,持子沢鶴田線,胡桃館鶴田線,2384,0,0.9,北津軽郡鶴田町大字横萢字矢留崎,996,北津軽郡鶴田町大字横萢字矢留崎,1162,2158,1.22,0.24,51,45.2,11.5,40
2601500100,持子沢鶴田線,胡桃館鶴田線,一般国道３３９号,2384,0,0.4,北津軽郡鶴田町大字横萢字矢留崎,996,北津軽郡鶴田町大字横萢字矢留崎,1162,2158,1.22,0.24,14.8,31.6,11.5,40
2601500110,持子沢鶴田線,一般国道３３９号,一般国道３３９号,2384,0,1,北津軽郡鶴田町大字横萢字矢留崎,996,北津軽郡鶴田町大字横萢字矢留崎,1162,2158,1.22,0.24,31.2,38.2,11.5,40
2601500130,持子沢鶴田線,持子沢鶴田線,胡桃館鶴田線,2384,0,0.6,北津軽郡鶴田町大字横萢字矢留崎,996,北津軽郡鶴田町大字横萢字矢留崎,1162,2158,1.22,0.3,36,36,8,40
2601500140,持子沢鶴田線,胡桃館鶴田線,一般国道３３９号,2384,0,0.7,北津軽郡鶴田町大字横萢字矢留崎,996,北津軽郡鶴田町大字横萢字矢留崎,1162,2158,1.22,0.28,25.1,17.3,8,40
2601500170,持子沢鶴田線,持子沢鶴田線,持子沢鶴田線,2381,0,0.3,,,,,,,,,,11.5,40
2601510010,蒔田五所川原線,屏風山内真部線,五所川原市・つがる市境,2205,0,1.2,,1296,,1328,2624,1.22,10.44,38.9,32.2,4.5,40
2601510020,蒔田五所川原線,五所川原市・つがる市境,つがる市・五所川原市境,2209,0,0.1,,1296,,1328,2624,1.22,0.31,47.9,33.1,8,40
2601510030,蒔田五所川原線,つがる市・五所川原市境,林五所川原線,2205,0,6.3,,1296,,1328,2624,1.22,0.35,48.9,45.4,6.5,40
2601510040,蒔田五所川原線,林五所川原線,林五所川原線,2205,0,1.8,,1296,,1328,2624,1.22,0.35,48.9,45.4,6.5,40
2601510050,蒔田五所川原線,林五所川原線,沖飯詰五所川原線,2205,0,4.6,,1296,,1328,2624,1.22,0.35,37.5,39.7,6.5,40
2601510060,蒔田五所川原線,沖飯詰五所川原線,一般国道１０１号,2205,0,0.3,,2011,,1967,3978,1.22,0.68,14.5,11.3,14,40
2601520010,三戸停車場線,三戸南部線,,2445,0,0.2,,4629,,4243,8872,1.23,1.1,15.9,14.1,9.2,40
2601530010,山田鶴田線,山田鯵ヶ沢線,つがる市・鶴田町境,2209,0,1.7,,556,,582,1138,1.16,0.16,18.9,16.7,6.4,40
2601530020,山田鶴田線,つがる市・鶴田町境,妙堂崎五所川原線,2384,0,0.8,,556,,582,1138,1.16,0.17,49,32.5,6.2,50
2601530030,山田鶴田線,妙堂崎五所川原線,米山菖蒲川線,2384,0,2,,556,,582,1138,1.16,0.17,33.5,34.1,6.2,50
2601530035,山田鶴田線,米山菖蒲川線,町道（旧山田鶴田線）,2384,0,2.1,,556,,582,1138,1.16,0.17,27.5,29.8,6.2,50
2601530040,山田鶴田線,町道（旧山田鶴田線）,弘前柏線,2384,0,0.4,,556,,582,1138,1.16,0.17,42.8,30.8,6.2,50
2601530050,山田鶴田線,弘前柏線,,2384,0,0.4,,556,,582,1138,1.16,0.17,25.3,23.7,6.2,50
2601530060,山田鶴田線,,一般国道３３９号,2384,0,0.5,,556,,582,1138,1.16,0.17,32.8,19.3,6.2,50
2601540010,妙堂崎五所川原線,山田鶴田線,町道（旧山田鶴田線）,2384,0,0.3,,396,,517,913,1.14,0.16,23.6,20.7,9,40
2601540020,妙堂崎五所川原線,町道（旧山田鶴田線）,鶴田町・つがる市境,2384,0,1.1,,396,,517,913,1.14,0.16,41.4,49,9,40
2601540030,妙堂崎五所川原線,鶴田町・つがる市境,桑野木田南広森線,2209,0,0.2,,396,,517,913,1.14,0.13,44.1,49.3,8.7,40
2601540040,妙堂崎五所川原線,桑野木田南広森線,弘前柏線,2209,0,0.9,,396,,517,913,1.14,0.13,46.6,43.8,8.7,40
2601540060,妙堂崎五所川原線,弘前柏線,つがる市・五所川原市境,2209,0,3.2,つがる市柏上古川房田,5097,つがる市柏上古川房田,4804,9901,1.24,0.8,30.8,33.8,11.5,40
2601540070,妙堂崎五所川原線,つがる市・五所川原市境,一般国道１０１号,2205,0,0.8,つがる市柏上古川房田,5097,つがる市柏上古川房田,4804,9901,1.24,0.86,26.3,18.2,14,40
2601550010,剣吉停車場線,,一般国道１０４号,2445,0,1.3,,663,,654,1317,1.17,0.19,14.8,15.2,6.7,30
2601560010,福山五所川原線,一般国道１０１号,松野木姥萢線,2205,0,1.8,五所川原市大字野里字奥野,3277,五所川原市大字野里字奥野,3460,6737,1.23,0.61,23.8,37.6,10.5,50
2601560020,福山五所川原線,松野木姥萢線,五所川原ＩＣアクセス道路,2205,0,1.2,五所川原市中央一丁目,6798,五所川原市中央一丁目,6278,13076,1.24,2.14,43.9,41.8,16,60
2601560030,福山五所川原線,五所川原ＩＣアクセス道路,一般国道３３９号,2205,0,2.8,五所川原市中央一丁目,6798,五所川原市中央一丁目,6278,13076,1.24,2.14,20,20.1,16,60
2601560040,福山五所川原線,一般国道３３９号,一般国道１０１号,2205,0,0.1,五所川原市中央一丁目,6798,五所川原市中央一丁目,6278,13076,1.24,1.49,9.4,14.2,16,40
2601570008,松野木姥萢線,五所川原金木線,,2205,0,0.4,,1292,,1393,2685,1.22,0.37,45,50.2,9.7,60
2601570040,松野木姥萢線,,,2205,0,1.2,,1292,,1393,2685,1.22,0.29,52.2,58.3,10.3,30
2601570010,松野木姥萢線,,福山五所川原線,2205,0,0.9,,1292,,1393,2685,1.22,0.36,42.5,44.4,9.25,40
2601570020,松野木姥萢線,福山五所川原線,一般国道１０１号,2205,0,2.7,,1292,,1393,2685,1.22,0.36,27.2,23.7,9.25,40
2601580010,胡桃館鶴田線,七ッ館板柳線,鶴泊停車場胡桃館線,2384,0,0.1,,261,,279,540,1.12,0.08,21.5,27.5,6.5,40
2601580020,胡桃館鶴田線,鶴泊停車場胡桃館線,持子沢鶴田線,2384,0,2.3,,261,,279,540,1.12,0.08,35.6,38.8,6.5,40
2601580030,胡桃館鶴田線,持子沢鶴田線,持子沢鶴田線,2384,0,0.5,,261,,279,540,1.12,0.08,20.8,37.7,6.5,40
2601580040,胡桃館鶴田線,持子沢鶴田線,一般国道３３９号,2384,0,1.1,,261,,279,540,1.12,0.08,39.8,36.9,6.5,40
2601580050,胡桃館鶴田線,一般国道３３９号,,2384,0,0.3,,261,,279,540,1.12,0.08,18.1,18.1,6.5,40
2601580060,胡桃館鶴田線,,一般国道３３９号,2384,0,0.4,,261,,279,540,1.12,0.08,26.3,26.3,6.5,40
2601590060,大泉姥萢線,一般国道３３９号,一般国道３３９号,2384,0,0.3,,184,,217,401,1.12,0.08,33.4,22.4,8,60
2601590040,大泉姥萢線,一般国道３３９号,一般国道１０１号,2205,0,1.4,,184,,217,401,1.12,2.34,17.8,26.1,4.6,60
2601600010,羽野木沢梅田線,五所川原浪岡線,五所川原市・鶴田町境,2205,0,2.7,,393,,463,856,1.14,0.11,41.7,36.5,9.45,40
2601600020,羽野木沢梅田線,五所川原市・鶴田町境,鶴田町・五所川原市境,2384,0,0.8,,393,,463,856,1.14,0.1,56,51.3,9.25,40
2601600030,羽野木沢梅田線,鶴田町・五所川原市境,五所川原黒石線,2205,0,0.7,,393,,463,856,1.14,0.12,36.7,24.9,9.25,40
2601610010,豊川舘岡線,五所川原車力線,,2209,0,0.5,つがる市稲垣町沼崎船橋,1126,つがる市稲垣町沼崎船橋,1142,2268,1.22,0.27,29.5,28,10.9,40
2601610020,豊川舘岡線,,下派沼崎線,2209,0,0.6,つがる市稲垣町沼崎船橋,1126,つがる市稲垣町沼崎船橋,1142,2268,1.22,0.27,35.7,32.8,10.9,40
2601610030,豊川舘岡線,下派沼崎線,再賀木造線,2209,0,2,つがる市稲垣町千年亀菊,919,つがる市稲垣町千年亀菊,839,1758,1.22,0.25,35.7,34.9,10.9,40
2601610040,豊川舘岡線,再賀木造線,鯵ヶ沢蟹田線,2209,0,2.2,つがる市稲垣町千年高尾,692,つがる市稲垣町千年高尾,590,1282,1.19,0.18,58.2,55.1,10.9,40
2601620010,再賀木造線,豊川舘岡線,林五所川原線,2209,0,2.4,,337,,308,645,1.13,0.09,38,37.7,7.1,40
2601620020,再賀木造線,林五所川原線,林五所川原線,2209,0,0.8,,337,,308,645,1.13,0.09,37.1,41.3,7.1,40
2601620030,再賀木造線,林五所川原線,川除木造線,2209,0,4.4,,337,,308,645,1.13,0.09,38.6,41.4,7.1,40
2601630010,沖飯詰五所川原線,一般国道３３９号,一般国道３３９号,2205,0,0.7,五所川原市大字沖飯詰字帯刀,1200,五所川原市大字沖飯詰字帯刀,1301,2501,1.21,0.22,16.2,18,10,40
2601630020,沖飯詰五所川原線,一般国道３３９号,林五所川原線,2205,0,0.6,,2011,,1967,3978,1.22,0.55,26.1,31.6,10,40
2601630030,沖飯詰五所川原線,林五所川原線,蒔田五所川原線,2205,0,3,,2011,,1967,3978,1.22,0.55,35.3,37,10,40
2601640010,林五所川原線,菰槌木造線,再賀木造線,2209,0,2,,540,,567,1107,1.16,0.18,32.2,32.2,12.5,40
2601640030,林五所川原線,再賀木造線,五所川原車力線,2209,0,2,,540,,567,1107,1.16,0.17,35,40.3,6.5,50
2601640050,林五所川原線,五所川原車力線,つがる市・五所川原市境,2209,0,0.1,,540,,567,1107,1.16,0.19,17,29.8,6,60
2601640060,林五所川原線,つがる市・五所川原市境,蒔田五所川原線,2205,0,0.4,,540,,567,1107,1.16,0.19,34,30.3,6,60
2601640080,林五所川原線,蒔田五所川原線,沖飯詰五所川原線,2205,0,2.7,,540,,567,1107,1.16,0.17,40.7,47.6,9,60
2601650010,上野十和田線,七戸上北町停車場線,折茂上北町停車場線,2408,0,0.1,上北郡東北町大字大浦字中久根,1598,上北郡東北町大字大浦字中久根,1712,3310,1.22,0.32,15.8,20.9,6.5,40
2601650020,上野十和田線,折茂上北町停車場線,東北町・十和田市境,2408,0,5,上北郡東北町大字大浦字中久根,1598,上北郡東北町大字大浦字中久根,1712,3310,1.22,0.32,36.3,37.1,6.5,40
2601650030,上野十和田線,東北町・十和田市境,三沢七戸線,2206,0,0.6,上北郡東北町大字大浦字中久根,1598,上北郡東北町大字大浦字中久根,1712,3310,1.22,0.35,46.3,43.4,7.5,50
2601650040,上野十和田線,三沢七戸線,立崎洞内線,2206,0,1.8,十和田市大字三本木字一本木沢,2312,十和田市大字三本木字一本木沢,3136,5448,1.23,0.58,46.6,46.7,11,50
2601650050,上野十和田線,立崎洞内線,一般国道４号,2206,0,4.3,十和田市大字三本木字一本木沢,2312,十和田市大字三本木字一本木沢,3136,5448,1.23,0.58,47.2,41.2,11,50
2601650060,上野十和田線,一般国道４号,三沢十和田線,2206,0,1.3,十和田市大字三本木字一本木沢,2312,十和田市大字三本木字一本木沢,3136,5448,1.23,0.58,33.7,29.9,11,50
2601660010,中ノ渡十和田線,一般国道１０２号,十和田三戸線,2206,0,8,,496,,608,1104,1.16,0.16,39.6,42.6,6,40
2601670010,陸奥市川停車場線,,八戸野辺地線,2203,0,0.3,,1811,,1693,3504,1.21,0.55,22.4,23,9,30
2601680010,切田五戸線,十和田三戸線,戸来十和田線,2206,0,4.6,,335,,314,649,1.13,0.12,48.8,49.6,7,60
2601680030,切田五戸線,戸来十和田線,十和田市・五戸町境,2206,0,2.7,,335,,314,649,1.13,0.12,49,49.3,7,50
2601680040,切田五戸線,十和田市・五戸町境,一般国道４号,2442,0,2.2,,335,,314,649,1.13,0.12,49.9,45,7,50
2601690010,立崎洞内線,上野十和田線,一般国道４号,2206,0,4.2,,414,,427,841,1.15,0.11,33.1,32,7.8,40
2601700010,天ヶ森三沢線,一般国道３３８号,,2207,0,10.8,,1919,,2081,4000,1.22,0.62,59.2,57.7,9.7,50
2601700020,天ヶ森三沢線,,三沢十和田線,2207,0,8,三沢市大字三沢字下沢50-41,2107,三沢市大字三沢字下沢50-41,2524,4631,1.23,0.73,45.7,47.7,9.7,50
2601710010,向山停車場六戸線,,八戸三沢線,2412,0,1.8,,1740,,1624,3364,1.21,0.59,44,40.8,6.5,50
2601720010,尻労袰部線,,尻労小田野沢線,2424,0,4.2,,327,,368,695,1.14,0.09,42.7,28.9,10.2,60
2601720020,尻労袰部線,尻労小田野沢線,むつ尻屋崎線,2424,0,3,,327,,368,695,1.14,0.09,58.2,51.7,10.2,60
2601730010,乙供停車場中野線,,一般国道３９４号,2408,0,0.8,上北郡七戸町字家ノ下,2517,上北郡七戸町字家ノ下,2670,5187,1.23,0.59,27.8,17.2,10.2,50
2601730020,乙供停車場中野線,一般国道３９４号,東北町・七戸町境,2408,0,1.9,上北郡七戸町字家ノ下,2517,上北郡七戸町字家ノ下,2670,5187,1.23,0.59,48,48.4,10.2,50
2601730030,乙供停車場中野線,東北町・七戸町境,一般国道４号,2402,0,4.4,上北郡七戸町字家ノ下,2517,上北郡七戸町字家ノ下,2670,5187,1.23,0.63,41.5,39.8,9.2,50
2601740010,長坂大湊線,むつ恐山公園大畑線,一般国道３３８号,2208,0,5.2,,301,,341,642,1.13,0.13,36.2,30.3,7,60
2601750005,九艘泊脇野沢線,,九艘泊脇野沢線,2208,0,6.5,,245,,248,493,1.12,0.14,,,7,30
2601750010,九艘泊脇野沢線,九艘泊脇野沢線,一般国道３３８号,2208,0,0.2,,245,,248,493,1.12,0.14,20.3,13.5,7,30
2601750030,九艘泊脇野沢線,九艘泊脇野沢線,,2208,0,1,,245,,248,493,1.12,0.13,,,16,60
2601760010,赤川下北停車場線,一般国道２７９号,赤川停車場線,2208,0,2.3,むつ市仲町118-3,8052,むつ市仲町118-3,7966,16018,1.25,1.04,37.1,37.6,18,50
2601760020,赤川下北停車場線,赤川停車場線,海老川新町線,2208,0,2.3,むつ市仲町118-3,8052,むつ市仲町118-3,7966,16018,1.25,1.04,33.7,31,18,50
2601770010,海老川新町線,赤川下北停車場線,むつ恐山公園大畑線,2208,0,2.5,むつ市新町10-34,3688,むつ市新町10-34,2921,6609,1.23,0.6,22.6,21.4,16,40
2601780010,野辺地停車場線,,一般国道２７９号,2401,0,0.4,,4209,,4138,8347,1.23,0.74,20.2,16.4,16,40
2601790010,泊陸奥横浜停車場線,一般国道３３８号,六ヶ所村・横浜町境,2411,0,8.2,,158,,172,330,1.13,2.47,,,4,60
2601790020,泊陸奥横浜停車場線,六ヶ所村・横浜町境,一般国道２７９号,2406,0,9.4,,158,,172,330,1.13,0.08,38.9,38.9,7,40
2601790040,泊陸奥横浜停車場線,一般国道２７９号,,2406,0,2.7,,158,,172,330,1.13,0.1,26.7,31.3,10.7,40
2601800010,尾駮有戸停車場線,一般国道３３８号,一般国道３３８号,2411,0,5.2,,431,,441,872,1.14,0.15,47.1,53.5,14.25,60
2601800020,尾駮有戸停車場線,一般国道３３８号,東北横浜線,2411,0,0.6,,431,,441,872,1.14,0.15,16,26.5,14.25,60
2601800040,尾駮有戸停車場線,東北横浜線,六ヶ所村・東北町境,2411,0,5.7,,214,,219,433,1.12,0.07,53.7,49,7,40
2601800050,尾駮有戸停車場線,六ヶ所村・東北町境,東北町・野辺地町境,2408,0,0.3,,214,,219,433,1.12,0.08,60.4,60,7,40
2601800060,尾駮有戸停車場線,東北町・野辺地町境,一般国道２７９号,2401,0,2,,214,,219,433,1.12,0.07,50,52,7,40
2601800070,尾駮有戸停車場線,一般国道２７９号,一般国道２７９号,2401,0,0.8,,214,,219,433,1.12,0.07,37.2,29.8,7,40
2601800090,尾駮有戸停車場線,一般国道２７９号,,2401,0,0.1,,214,,219,433,1.12,0.08,5.2,4.9,7.5,40
2601810010,道前浄法寺線,一般国道１０４号,道前浄法寺線,2443,0,8.4,,241,,275,516,1.12,0.07,39,39.8,7,60
2601820010,野々上斗内線,野々上斗内線,一般国道１０４号,2441,0,8.3,三戸郡三戸町大字斗内字高間舘,129,三戸郡三戸町大字斗内字高間舘,122,251,1.15,0.04,24,16.1,7,60
2601830010,富野大沢内停車場線,神原中里線,大沢内停車場線,2387,0,2,北津軽郡中泊町大字富野字千歳,384,北津軽郡中泊町大字富野字千歳,357,741,1.15,4.03,31.9,36.1,5.8,40
2601840010,下派沼崎線,屏風山内真部線,,2209,0,2.3,,847,,918,1765,1.19,0.2,54.5,56.9,10,60
2601840030,下派沼崎線,,豊川舘岡線,2209,0,2.2,,847,,918,1765,1.19,0.2,47.6,48.1,10,60
2601140010,出来島丸山線,鯵ヶ沢蟹田線,,2209,0,0.4,,315,,332,647,1.13,0.1,26.4,35.9,7,60
2601850010,出来島丸山線,,鯵ヶ沢蟹田線,2209,0,7.7,,315,,332,647,1.13,0.1,27.1,40.1,7,60
2601860010,桑野木田南広森線,妙堂崎五所川原線,一般国道１０１号,2209,0,2.1,,372,,367,739,1.14,0.11,38,40.9,10.8,40
2601860020,桑野木田南広森線,一般国道１０１号,稲盛千代町山田線,2209,0,0.7,つがる市木造吹原桜,1036,つがる市木造吹原桜,928,1964,1.18,0.27,24.7,26.4,7,50
2601860029,桑野木田南広森線,稲盛千代町山田線,稲盛千代町山田線,2209,0,0.7,つがる市木造吹原桜,1036,つがる市木造吹原桜,928,1964,1.18,0.27,29.2,40.4,7,50
2601860030,桑野木田南広森線,稲盛千代町山田線,桑野木田南広森線,2209,0,1.1,つがる市木造吹原桜,1036,つがる市木造吹原桜,928,1964,1.18,0.25,44.8,47.5,8.5,50
2601860040,桑野木田南広森線,桑野木田南広森線,鯵ヶ沢蟹田線,2209,0,4.4,つがる市木造吹原桜,1036,つがる市木造吹原桜,928,1964,1.18,0.25,55.1,52.5,8.5,50
2601860070,桑野木田南広森線,越水木造線,桑野木田南広森線,2209,0,0.1,つがる市木造吹原桜,1036,つがる市木造吹原桜,928,1964,1.18,0.39,28.4,23.9,8.5,40
2601870010,越水木造線,鯵ヶ沢蟹田線,福原陸奥森田停車場線,2209,0,3.7,,466,,445,911,1.14,0.12,36.4,37.2,7.5,40
2601870020,越水木造線,福原陸奥森田停車場線,桑野木田南広森線,2209,0,3.1,,466,,445,911,1.14,0.15,42.3,41.4,7,40
2601870040,越水木造線,桑野木田南広森線,,2209,0,2,,466,,445,911,1.14,0.16,34.9,28.6,10,40
2601870050,越水木造線,,川除木造線,2209,0,0.4,,3440,,3298,6738,1.23,0.73,28.9,24,7.5,40
2601870060,越水木造線,川除木造線,木造停車場線,2209,0,0.3,,3440,,3298,6738,1.23,0.73,23.8,17.8,7.5,40
2601880010,福原陸奥森田停車場線,越水木造線,一般国道１０１号,2209,0,1,,463,,462,925,1.14,0.15,26.3,37.2,9,60
2601880020,福原陸奥森田停車場線,一般国道１０１号,十腰内陸奥森田停車場線,2209,0,0.5,,463,,462,925,1.14,0.15,12.6,17.4,9,60
2601890010,富萢薄市線,鯵ヶ沢蟹田線,つがる市・中泊町境,2209,0,1.2,,1762,,1667,3429,1.21,0.45,37.9,44.3,9.7,50
2601890020,富萢薄市線,つがる市・中泊町境,一般国道３３９号,2387,0,4.2,,1762,,1667,3429,1.21,0.45,37.5,34.2,6.5,50
2601900010,松代町陸奥赤石停車場線,弘前岳鯵ヶ沢線,松代町陸奥赤石停車場線,2321,0,4.1,,516,,567,1083,1.16,0.16,37.2,34.5,7,40
2601900060,松代町陸奥赤石停車場線,松代町陸奥赤石停車場線,松代町陸奥赤石停車場線,2321,0,7,,516,,567,1083,1.16,0,53.4,58,5,40
2601900040,松代町陸奥赤石停車場線,松代町陸奥赤石停車場線,一般国道１０１号,2321,0,5.2,,516,,567,1083,1.16,0,32.7,39.6,7.8,40
2601900020,松代町陸奥赤石停車場線,松代町陸奥赤石停車場線,種里町柳田線,2321,0,5.4,,,,,,,,,,7,60
2601900030,松代町陸奥赤石停車場線,種里町柳田線,松代町陸奥赤石停車場線,2321,0,2.6,,,,,,,,40.8,44.8,9.2,40
2601910010,種里町柳田線,松代町陸奥赤石停車場線,鰺ヶ沢町・深浦町境,2321,0,10.7,,439,,392,831,1.15,0,,,11.5,40
2601910020,種里町柳田線,鰺ヶ沢町・深浦町境,,2323,0,1.7,,439,,392,831,1.15,0,,,4.6,40
2601910040,種里町柳田線,,,2323,0,2.5,,,,,,,,,,4.5,60
2601910060,種里町柳田線,,一般国道１０１号,2323,0,5.2,,,,,,,,,,4.5,60
2601920010,岩崎深浦線,一般国道１０１号,一般国道１０１号,2323,0,8.2,,177,,211,388,1.13,0.98,32.1,32.4,4.5,40
2601930010,艫作艫作停車場線,一般国道１０１号,,2323,0,0.3,,191,,228,419,1.12,0.76,,,5,40
2601940010,沢辺陸奥沢辺停車場線,一般国道１０１号,,2323,0,0.2,,191,,228,419,1.12,2.14,,,6,40
2601950010,喜良市嘉瀬停車場線,屏風山内真部線,五所川原金木線,2205,0,2.8,,662,,631,1293,1.17,0.17,40.6,27.6,8.3,40
2601960070,五林平藤崎線,持子沢鶴田線,五所川原岩木線,2381,0,1.4,,1719,,1884,3603,1.21,0.43,48,38.4,9,50
2601960075,五林平藤崎線,五所川原岩木線,常海橋銀線,2381,0,2,,1719,,1884,3603,1.21,0.43,45.6,47.8,9,50
2601960080,五林平藤崎線,常海橋銀線,板柳町・藤崎町境,2381,0,1.9,,1719,,1884,3603,1.21,0.43,51.6,48.5,9,50
2601960090,五林平藤崎線,板柳町・藤崎町境,五所川原黒石線,2361,0,0.3,,1719,,1884,3603,1.21,0.41,48.3,50.5,9,40
2601960050,五林平藤崎線,五所川原黒石線,前坂藤崎線,2361,0,4.3,,1719,,1884,3603,1.21,0.41,40.8,38.6,11,40
2601970010,神原中里線,屏風山内真部線,五所川原市・中泊町境,2205,0,0.7,北津軽郡中泊町大字福浦字松野尾,637,北津軽郡中泊町大字福浦字松野尾,615,1252,1.17,0.18,51.5,53,7,50
2601970020,神原中里線,五所川原市・中泊町境,富野大沢内停車場線,2387,0,1.9,北津軽郡中泊町大字福浦字松野尾,637,北津軽郡中泊町大字福浦字松野尾,615,1252,1.17,0.15,14.1,30,7,40
2601970030,神原中里線,富野大沢内停車場線,一般国道３３９号,2387,0,3.1,北津軽郡中泊町大字福浦字松野尾,637,北津軽郡中泊町大字福浦字松野尾,615,1252,1.17,0.15,16,29,7,40
2601980010,大鰐停車場線,蔵館大鰐線,蔵館大鰐線,2362,0,0.7,,2160,,2121,4281,1.22,0.4,21.2,21.9,9.4,40
2601980020,大鰐停車場線,蔵館大鰐線,一般国道７号,2362,0,0.7,,2160,,2121,4281,1.22,0.4,20.8,23.6,12.1,40
2601990010,太田藤崎線,大俵板柳停車場線,板柳町・藤崎町境,2381,0,1.8,,1273,,1326,2599,1.22,0.43,32.7,34.9,7.5,40
2601990020,太田藤崎線,板柳町・藤崎町境,一般国道３３９号,2361,0,0.3,,1273,,1326,2599,1.22,0.51,40.5,21.4,7,40
2601990030,太田藤崎線,一般国道３３９号,前坂藤崎線,2361,0,3.3,,1273,,1326,2599,1.22,0.51,32.4,28.2,7,40
2602000010,米山菖蒲川線,十腰内陸奥森田停車場線,つがる市・鶴田町境,2209,0,0.3,北津軽郡鶴田町大字野木字西松虫,673,北津軽郡鶴田町大字野木字西松虫,790,1463,1.17,0.2,40.4,48.2,11.5,40
2602000020,米山菖蒲川線,つがる市・鶴田町境,,2384,0,0.1,北津軽郡鶴田町大字野木字西松虫,673,北津軽郡鶴田町大字野木字西松虫,790,1463,1.17,0.22,57.4,52.6,9,40
2602000030,米山菖蒲川線,,,2384,0,0.7,北津軽郡鶴田町大字野木字西松虫,673,北津軽郡鶴田町大字野木字西松虫,790,1463,1.17,0.22,61.9,61.9,9,40
2602000040,米山菖蒲川線,,山田鶴田線,2384,0,4.1,北津軽郡鶴田町大字野木字西松虫,673,北津軽郡鶴田町大字野木字西松虫,790,1463,1.17,0.22,48.4,46.2,9,40
2602000050,米山菖蒲川線,山田鶴田線,,2384,0,3.1,北津軽郡鶴田町大字野木字西松虫,673,北津軽郡鶴田町大字野木字西松虫,790,1463,1.17,0.22,25.8,37.4,9,40
2602000060,米山菖蒲川線,,,2384,0,0.1,北津軽郡鶴田町大字野木字西松虫,673,北津軽郡鶴田町大字野木字西松虫,790,1463,1.17,0.22,15.6,27.5,6.5,40
2602000070,米山菖蒲川線,,弘前柏線,2384,0,0.2,北津軽郡鶴田町大字野木字西松虫,673,北津軽郡鶴田町大字野木字西松虫,790,1463,1.17,0.24,21.9,20.1,6.7,40
2602000080,米山菖蒲川線,弘前柏線,一般国道３３９号,2384,0,0.9,北津軽郡鶴田町大字野木字西松虫,673,北津軽郡鶴田町大字野木字西松虫,790,1463,1.17,0.24,31.6,33.2,6.7,40
2602010010,蔵館大鰐線,一般国道７号,大鰐停車場線,2362,0,0.5,,1717,,1648,3365,1.22,0.56,14.7,24.2,12.7,40
2602010020,蔵館大鰐線,大鰐停車場線,碇ヶ関大鰐停車場線,2362,0,2,,1717,,1648,3365,1.22,0.56,24,26.2,12.7,40
2602010030,蔵館大鰐線,碇ヶ関大鰐停車場線,大鰐停車場線,2362,0,1,,1717,,1648,3365,1.22,0.56,32.2,28.8,12.7,40
2602010040,蔵館大鰐線,大鰐停車場線,一般国道７号,2362,0,1.6,,1717,,1648,3365,1.22,0.56,25.4,20.3,12.7,40
2602020030,碇ヶ関大鰐停車場線,一般国道７号,平川市・大鰐町境,2210,0,3.1,,587,,651,1238,1.17,0.2,33.5,33.8,8,40
2602020040,碇ヶ関大鰐停車場線,平川市・大鰐町境,蔵館大鰐線,2362,0,8,,587,,651,1238,1.17,0.24,36.9,40.2,11.2,40
2602030090,常海橋銀線,五林平藤崎線,板柳町道（旧　五林平藤崎線）,2381,0,0.3,,,,,,,,,,12,60
2602030060,常海橋銀線,板柳町道（旧　五林平藤崎線）,板柳町・藤崎町境,2381,0,0.7,,,,,,,,,,12,60
2602030070,常海橋銀線,板柳町・藤崎町境,藤崎町道（旧　常海橋銀線）,2361,0,0.4,,,,,,,,,,12,60
2602030020,常海橋銀線,藤崎町道（旧　常海橋銀線）,藤崎町・青森市境,2361,0,0.4,,862,,840,1702,1.19,0.26,33.3,41,7,50
2602030030,常海橋銀線,藤崎町・青森市境,五所川原浪岡線,2201,0,2.3,,862,,840,1702,1.19,0.23,47.3,43.8,6.5,50
2602030040,常海橋銀線,五所川原浪岡線,浪岡藤崎線,2201,0,1.7,,862,,840,1702,1.19,0.23,34.6,25.9,6.5,50
2602040010,相馬常盤野線,関ヶ平五代線,弘前市・西目屋村境,2202,0,6.5,,587,,539,1126,1.16,0.16,,,7,40
2602040020,相馬常盤野線,弘前市・西目屋村境,岩崎西目屋弘前線,2343,0,3.2,,587,,539,1126,1.16,5.16,,,3.5,40
2602040040,相馬常盤野線,村道（旧岩崎西目屋弘前線）,西目屋村・弘前市境,2343,0,5.1,,587,,539,1126,1.16,0.16,35,26.2,7,40
2602040050,相馬常盤野線,西目屋村・弘前市境,弘前岳鯵ヶ沢線,2202,0,2.9,,587,,539,1126,1.16,0.16,43.6,43.9,7.5,40
2602050010,町居平賀停車場線,吹上金屋黒石線,大鰐浪岡線,2210,0,1.5,平川市町居南田,3282,平川市町居南田,3471,6753,1.23,0.69,34.4,27.1,12.5,40
2602050020,町居平賀停車場線,大鰐浪岡線,小国本町線,2210,0,0.3,平川市町居南田,3282,平川市町居南田,3471,6753,1.23,0.69,11.8,12.6,12.5,40
2602050030,町居平賀停車場線,小国本町線,弘前平賀線,2210,0,0.4,平川市町居南田,3282,平川市町居南田,3471,6753,1.23,0.69,20.5,20.1,12.5,40
2602050040,町居平賀停車場線,弘前平賀線,平賀停車場本町線,2210,0,0.1,平川市町居南田,3282,平川市町居南田,3471,6753,1.23,0.79,11.2,9.8,14.5,40
2602060010,西平内停車場線,,小豆沢西平内停車場線,2301,0,0.2,,1740,,1624,3364,1.21,17.48,,,6,60
2602060020,西平内停車場線,小豆沢西平内停車場線,一般国道４号,2301,0,0.3,,1740,,1624,3364,1.21,17.48,22.2,13.6,6,60
2602070010,小豆沢西平内停車場線,,西平内停車場線,2301,0,1.2,,1740,,1624,3364,1.21,6.25,,,5,60
2602080010,野辺地野辺地停車場線,馬門野辺地線,,2401,0,1.5,,2207,,1911,4118,1.22,0.19,25.9,28.1,10.6,40
2602090010,狩場沢停車場線,,一般国道４号,2301,0,0.1,,1740,,1624,3364,1.21,0.22,10.9,3.7,6.5,60
2602100010,清水川停車場線,,一般国道４号,2301,0,0.1,,1811,,1693,3504,1.21,0.2,9.1,5.3,7.9,60
2602110010,折茂上北町停車場線,一般国道４５号,三沢十和田線,2405,0,5,,1029,,943,1972,1.22,0.29,35.8,29,11.4,50
2602110020,折茂上北町停車場線,三沢十和田線,三沢七戸線,2405,0,2.9,,1029,,943,1972,1.22,0.27,46,49.9,7.6,50
2602110070,折茂上北町停車場線,三沢七戸線,折茂上北町停車場線,2408,0,0.2,上北郡東北町大字大浦字家ノ前,1660,上北郡東北町大字大浦字家ノ前,1496,3156,1.22,0.32,30.3,38.9,10.6,40
2602110039,折茂上北町停車場線,折茂上北町停車場線,一般国道４５号（上北道路）,2408,0,0.4,上北郡東北町大字大浦字家ノ前,1660,上北郡東北町大字大浦字家ノ前,1496,3156,1.22,0.29,47.2,49.1,7,40
2602110040,折茂上北町停車場線,一般国道４５号（上北道路）,折茂上北町停車場線,2408,0,5.4,上北郡東北町大字大浦字上屋敷,1487,上北郡東北町大字大浦字上屋敷,1570,3057,1.23,0.36,46.8,46.5,7,40
2602110050,折茂上北町停車場線,折茂上北町停車場線,上野十和田線,2408,0,0.1,上北郡東北町大字大浦字上屋敷,1487,上北郡東北町大字大浦字上屋敷,1570,3057,1.23,0.3,18.1,18.1,7,40
2602110034,折茂上北町停車場線,三沢七戸線,,2408,0,0.4,,1029,,943,1972,1.22,0.35,,,8.5,60
2602110038,折茂上北町停車場線,,折茂上北町停車場線,2408,0,0.2,,1029,,943,1972,1.22,0.35,,,8.5,60
2602120010,米田六戸線,一般国道４号,十和田市・六戸町境,2206,0,3.8,,1244,,1255,2499,1.22,0.32,47,49,7.5,50
2602120020,米田六戸線,十和田市・六戸町境,柳町下田停車場線,2405,0,0.9,,1244,,1255,2499,1.22,0.4,42.9,43.5,8.7,50
2602120030,米田六戸線,柳町下田停車場線,八戸三沢線,2405,0,3.8,,1244,,1255,2499,1.22,0.4,47,40.2,8.7,50
2602130010,柳町下田停車場線,米田六戸線,五戸六戸線,2405,0,2.6,,66,,62,128,1.11,0.02,49.1,48.3,7,40
2602130030,柳町下田停車場線,八戸三沢線,六戸町・おいらせ町境,2405,0,3.8,,66,,62,128,1.11,0.6,30.2,37.1,4.5,40
2602130040,柳町下田停車場線,六戸町・おいらせ町境,,2412,0,2.6,,66,,62,128,1.11,0.02,42.5,40.5,5.5,40
2602130050,柳町下田停車場線,,五戸下田停車場線,2412,0,1.6,,66,,62,128,1.11,0.6,27,17.8,5,50
2602140010,苫米地兎内線,一般国道１０４号,南部町・五戸町境,2445,0,4,,412,,442,854,1.15,0.11,39.1,37,9.5,60
2602140019,苫米地兎内線,南部町・五戸町境,,2442,0,1.1,,412,,442,854,1.15,0.11,58.3,52.2,7,60
2602140055,苫米地兎内線,,一般国道４５４号,2442,0,0.4,,412,,442,854,1.15,0.12,49.8,38.8,9.5,60
2602140060,苫米地兎内線,一般国道４５４号,苫米地兎内線,2442,0,0.2,,412,,442,854,1.15,0.12,23.3,27.4,9.5,60
2304540059,苫米地兎内線,苫米地兎内線,苫米地兎内線,2442,0,0.7,,1213,,1037,2250,1.22,0.36,30.4,29.3,8,40
2602140040,苫米地兎内線,,橋向五戸線,2442,0,4.5,,301,,259,560,1.12,0.09,41.2,36.8,7,60
2602150010,小湊停車場線,,一般国道４号,2301,0,0.8,,2180,,1892,4072,1.22,0.52,23.6,18.2,7,30
2602160010,戸来岳貝守線,一般国道４５４号,新郷村・三戸町境,2450,0,0.8,,255,,298,553,1.12,4.22,33.4,38.5,5.5,60
2602160020,戸来岳貝守線,新郷村・三戸町境,三戸町・新郷村境,2441,0,0.9,,255,,298,553,1.12,4.22,36,38.6,5.5,60
2602160030,戸来岳貝守線,三戸町・新郷村境,新郷村・三戸町境,2450,0,0.8,,255,,298,553,1.12,4.22,32.2,32.8,5.5,60
2602160040,戸来岳貝守線,新郷村・三戸町境,三戸町・新郷村境,2441,0,0.2,,255,,298,553,1.12,0.13,31.4,31.8,7.5,60
2602160050,戸来岳貝守線,三戸町・新郷村境,新郷村・三戸町境,2450,0,0.4,,255,,298,553,1.12,0.13,40.3,37,7.5,60
2602160060,戸来岳貝守線,新郷村・三戸町境,南部田子線,2441,0,13.3,,255,,298,553,1.12,0.13,38.9,38.3,7,60
2602170010,貝守斗内線,南部田子線,一般国道１０４号,2441,0,4.3,,133,,131,264,1.12,0.04,28.4,33.1,7,60
2602180010,栃棚手倉橋線,一般国道４５４号,新郷村・三戸町境,2450,0,3.4,,68,,81,149,1.12,0.02,49.9,47.9,7.5,60
2602180020,栃棚手倉橋線,新郷村・三戸町境,三戸町・新郷村境,2441,0,0.7,,68,,81,149,1.12,0.02,49.9,53.2,7,60
2602180030,栃棚手倉橋線,三戸町・新郷村境,新郷村・三戸町境,2450,0,0.2,,68,,81,149,1.12,0.66,48.3,42.1,4.5,60
2602180040,栃棚手倉橋線,新郷村・三戸町境,三戸町・新郷村境,2441,0,1.2,,68,,81,149,1.12,0.02,45.3,43.2,7.7,60
2602180050,栃棚手倉橋線,三戸町・新郷村境,十和田三戸線,2450,0,6.1,,68,,81,149,1.12,0.02,37.3,37.7,8,60
2602180070,栃棚手倉橋線,十和田三戸線,新郷村・五戸町境,2450,0,3.3,,255,,259,514,1.12,0.1,45.7,42.1,7,60
2602180080,栃棚手倉橋線,新郷村・五戸町境,浅水南部線,2442,0,3.2,,255,,259,514,1.12,0.09,43.4,42.3,10.2,60
2602190004,水喰上北町停車場線,一般国道３９４号,水喰上北町停車場線,2408,0,4.6,,1336,,1479,2815,1.22,0.48,47.8,53.3,7,60
2602190007,水喰上北町停車場線,水喰上北町停車場線,水喰上北町停車場線,2408,0,1.6,,1336,,1479,2815,1.22,0.67,47.8,53.3,6.5,40
2602190070,水喰上北町停車場線,水喰上北町停車場線,水喰上北町停車場線,2408,0,1.8,,,,,,,,,,11.5,60
2602190010,水喰上北町停車場線,水喰上北町停車場線,東北町・七戸町境,2408,0,2.3,上北郡東北町字往来ノ上79,365,上北郡東北町字往来ノ上79,360,725,1.22,0.13,56.1,57.7,7,60
2602190020,水喰上北町停車場線,東北町・七戸町境,七戸町・東北町境,2402,0,0.3,上北郡東北町字往来ノ上79,365,上北郡東北町字往来ノ上79,360,725,1.22,0.12,56.1,57.7,10,40
2602190030,水喰上北町停車場線,七戸町・東北町境,八戸野辺地線,2408,0,1,上北郡東北町字往来ノ上79,365,上北郡東北町字往来ノ上79,360,725,1.22,0.12,46.2,43,10,40
2602190050,水喰上北町停車場線,八戸野辺地線,折茂上北町停車場線,2408,0,0.5,上北郡東北町字往来ノ上79,365,上北郡東北町字往来ノ上79,360,725,1.22,0.17,17.7,21.2,10,40
2602200010,石無坂鹿田線,,十和田三戸線,2450,0,3.7,,459,,486,945,1.14,4.43,,,5.5,60
2602200030,石無坂鹿田線,十和田三戸線,戸来十和田線,2450,0,4.2,,459,,486,945,1.14,1.11,35.2,37.1,6,60
2602210010,鳥谷部十日市線,名川階上線,階上町・八戸市境,2446,0,3.9,八戸市大字松舘字外ヶ口,852,八戸市大字松舘字外ヶ口,927,1779,1.18,0.22,46.1,48.1,10,60
2602210020,鳥谷部十日市線,階上町・八戸市境,差波新井田線,2203,0,4.8,八戸市大字松舘字外ヶ口,852,八戸市大字松舘字外ヶ口,927,1779,1.18,0.22,50.4,47.5,10,60
2602220010,赤石沖田面線,櫛引上名久井三戸線,一般国道４号,2445,0,1,,1811,,1693,3504,1.21,0.59,14.9,11.8,6.5,60
2602230010,福田苫米地線,一般国道１０４号,櫛引上名久井三戸線,2445,0,0.7,,1740,,1624,3364,1.21,0.55,28,28.3,9.5,40
2602240010,高瀬諏訪平停車場線,櫛引上名久井三戸線,一般国道４号,2445,0,0.3,,1535,,1605,3140,1.23,7.95,27.6,12.4,5.5,30
2602240030,高瀬諏訪平停車場線,一般国道４号,,2445,0,0.1,,1535,,1605,3140,1.23,0.27,7.6,12.8,10.7,30
2602250010,中野北高岩停車場線,名川階上線,八戸市・南部町境,2203,0,2.3,,144,,160,304,1.15,0.05,47,46.3,8.5,60
2602250020,中野北高岩停車場線,八戸市・南部町境,櫛引上名久井三戸線,2445,0,3.6,,144,,160,304,1.15,1.57,44.2,45.9,5,60
2602250040,中野北高岩停車場線,櫛引上名久井三戸線,南部町・八戸市境,2445,0,0.3,,144,,160,304,1.15,0.06,37.6,40.2,7,60
2602250045,中野北高岩停車場線,南部町・八戸市境,,2203,0,0.1,,144,,160,304,1.15,0.05,51.9,52.4,11.5,60
2602250090,中野北高岩停車場線,,一般国道１０４号,2203,0,0.7,,144,,160,304,1.15,0.05,46.6,29.5,12.7,60
2602250070,中野北高岩停車場線,一般国道１０４号,,2203,0,1.2,,144,,160,304,1.15,0.07,20.8,27,6.5,40
2602260010,酸ヶ湯黒石線,一般国道３９４号,黒石市・青森市境,2204,0,4.8,,,,,,,,,,2,20
2602260020,酸ヶ湯黒石線,黒石市・青森市境,青森市・黒石市境,2201,0,0.5,,,,,,,,,,2,20
2602260030,酸ヶ湯黒石線,青森市・黒石市境,黒石市・青森市境,2204,0,0.8,,,,,,,,,,2,20
2602260040,酸ヶ湯黒石線,黒石市・青森市境,青森市・黒石市境,2201,0,3.5,,,,,,,,,,2,20
2602260050,酸ヶ湯黒石線,青森市・黒石市境,酸ヶ湯黒石線,2204,0,5.2,,,,,,,,,,2,20
2602260070,酸ヶ湯黒石線,酸ヶ湯黒石線,浪岡北中野黒石線,2204,0,6.4,,,,,,,,,,2.5,60
2602270010,名久井岳公園線,櫛引上名久井三戸線,三戸町・南部町境,2441,0,4.4,,275,,347,622,1.13,2.72,26.1,25.5,4,40
2602270020,名久井岳公園線,三戸町・南部町境,櫛引上名久井三戸線,2445,0,5.5,,275,,347,622,1.13,0.08,30.1,28.1,7,40
2602280010,高山稲荷神社線,,鯵ヶ沢蟹田線,2209,0,3.2,,371,,379,750,1.14,0.09,37.4,24.4,7,60
2602290010,津軽新城停車場線,,津軽新城停車場油川線,2201,0,0.1,,2180,,1892,4072,1.22,0.48,13.3,21.6,8,60
2602290020,津軽新城停車場線,津軽新城停車場油川線,鶴ヶ坂千刈線,2201,0,0,,2180,,1892,4072,1.22,0.38,11.8,8.9,19,40
2602300010,三厩停車場線,三厩停車場竜飛崎線,一般国道２８０号,2307,0,0.5,,390,,405,795,1.14,0.1,23.9,8.7,10.5,50
2602310010,大釈迦停車場線,,一般国道７号,2201,0,0.1,,1535,,1605,3140,1.23,0.28,8.4,6.3,10.5,40
2602310020,大釈迦停車場線,一般国道７号,一般国道１０１号,2201,0,0.5,,1535,,1605,3140,1.23,0.28,19.5,29.6,10.5,40
2602320010,大畑港線,,一般国道２７９号,2208,0,0.3,,9028,,8671,17699,1.25,1.61,34.3,31.8,7.8,60
2602330010,浅水南部線,一般国道４号,倉石五戸線,2442,0,0.8,三戸郡五戸町大字手倉橋字舘ノ沢,241,三戸郡五戸町大字手倉橋字舘ノ沢,227,468,1.12,0.07,36.8,39,7,60
2602330020,浅水南部線,倉石五戸線,栃棚手倉橋線,2442,0,3.7,三戸郡五戸町大字手倉橋字舘ノ沢,241,三戸郡五戸町大字手倉橋字舘ノ沢,227,468,1.12,0.07,59.5,59.7,7,60
2602330030,浅水南部線,栃棚手倉橋線,五戸町・南部町境,2442,0,3.5,三戸郡五戸町大字手倉橋字舘ノ沢,241,三戸郡五戸町大字手倉橋字舘ノ沢,227,468,1.12,0.07,46.8,54.3,7,60
2602330040,浅水南部線,五戸町・南部町境,一般国道４号,2445,0,3.2,三戸郡五戸町大字手倉橋字舘ノ沢,241,三戸郡五戸町大字手倉橋字舘ノ沢,227,468,1.12,0.07,44.8,38.9,6.5,60
2602340010,津軽新城停車場油川線,津軽新城停車場線,一般国道７号,2201,0,0.9,,1696,,1487,3183,1.22,0.55,23.6,21.1,6,40
2602340020,津軽新城停車場油川線,一般国道７号,一般国道２８０号,2201,0,1.2,,1696,,1487,3183,1.22,0.47,31.3,33.6,11,40
2602340030,津軽新城停車場油川線,一般国道２８０号,一般国道２８０号,2201,0,1.4,,1696,,1487,3183,1.22,0.47,25.1,18.2,11,40
2602350010,浪岡停車場線,,,2201,0,0.5,,3794,,3855,7649,1.23,1.14,19.8,14.2,9.2,40
2602350020,浪岡停車場線,,五所川原浪岡線,2201,0,0.2,,3794,,3855,7649,1.23,1.37,16.9,12.2,8.7,40
2602360010,石川停車場線,,石川百田線,2202,0,0.5,,1535,,1605,3140,1.23,0.43,20.2,16.1,6,40
2602370010,碇ヶ関停車場線,一般国道７号,,2210,0,0.1,,1535,,1605,3140,1.23,0.28,5,10.7,8,30
2602380010,蟹田停車場線,,一般国道２８０号,2307,0,0.1,,544,,579,1123,1.16,0.13,6.6,6,14.2,40
2602390010,藤崎停車場線,,一般国道３３９号,2361,0,0.5,,3182,,3116,6298,1.23,0.65,8.7,7,8,40
2602400010,鶴泊停車場線,鶴泊停車場胡桃館線,一般国道３３９号,2384,0,1.1,,800,,777,1577,1.19,0.08,29.5,27.8,7.5,40
2602410010,木造停車場線,,,2209,0,0.6,,2427,,2042,4469,1.22,0.51,14.5,11.7,10.4,40
2602410020,木造停車場線,,,2209,0,0.2,,2427,,2042,4469,1.22,0.54,16.6,21,9,40
2602410030,木造停車場線,,越水木造線,2209,0,0.3,,2427,,2042,4469,1.22,0.54,14.9,17.4,9,40
2602410040,木造停車場線,越水木造線,菰槌木造線,2209,0,0.8,,2427,,2042,4469,1.22,0.43,20.1,17.2,15.5,40
2601140060,木造停車場線,木造停車場線,稲盛千代町山田線,2209,0,0.6,,2427,,2042,4469,1.22,0.32,33.3,33.6,14.9,40
2602410060,木造停車場線,稲盛千代町山田線,一般国道１０１号,2209,0,0.8,,2427,,2042,4469,1.22,0.32,31.5,26.7,14.9,40
2602420010,後平青森線,一般国道４号,後平馬屋尻線,2402,0,5.3,上北郡七戸町字志茂川原,2745,上北郡七戸町字志茂川原,2721,5466,1.22,0.69,58.1,58.9,13.9,60
2602420020,後平青森線,後平馬屋尻線,後平馬屋尻線,2402,0,6.8,,439,,392,831,1.15,4.82,,,3.5,60
2602420040,後平青森線,後平馬屋尻線,七戸町・青森市境,2402,0,11.9,,328,,316,644,1.13,4.91,28,30.5,3.5,60
2602420050,後平青森線,七戸町・青森市境,青森田代十和田線,2201,0,5.5,,328,,316,644,1.13,0.15,37.7,27.4,7,60
2602430010,馬門野辺地線,一般国道４号,野辺地港線,2401,0,2,上北郡野辺地町字馬門道54-1,4092,上北郡野辺地町字馬門道54-1,3915,8007,1.23,1.03,38.4,42.5,12,40
2602430020,馬門野辺地線,野辺地港線,野辺地野辺地停車場線,2401,0,1.2,上北郡野辺地町字馬門道54-1,4092,上北郡野辺地町字馬門道54-1,3915,8007,1.23,1.03,26.6,24.6,12,40
2602430030,馬門野辺地線,野辺地野辺地停車場線,一般国道２７９号,2401,0,0.4,上北郡野辺地町字馬門道54-1,4092,上北郡野辺地町字馬門道54-1,3915,8007,1.23,1.03,19.2,19.7,12,40
2602450010,稲盛千代町山田線,一般国道１０１号,木造停車場線,2209,0,1.8,つがる市木造千代町,1629,つがる市木造千代町,1350,2979,1.22,0.34,25.1,34.7,9.5,40
2602450060,稲盛千代町山田線,越水木造線,桑野木田南広森線,2209,0,1.5,つがる市木造千代町,1629,つがる市木造千代町,1350,2979,1.22,0.31,19.5,22,11.5,50
2602450040,稲盛千代町山田線,桑野木田南広森線,一般国道１０１号,2209,0,2.6,つがる市木造千代町,1629,つがる市木造千代町,1350,2979,1.22,0.32,39.2,37.1,12.5,40
2602460010,水喰野辺地線,一般国道３９４号,東北町道（旧　水喰野辺地線）,2408,0,5.6,,456,,485,941,1.14,0.1,39.5,46.2,9,50
2602460020,水喰野辺地線,東北町道（旧　水喰野辺地線）,東北町道（旧　水喰野辺地線）,2408,0,2.1,,456,,485,941,1.14,0.1,51.1,66.8,9,50
2602460030,水喰野辺地線,東北町道（旧　水喰野辺地線）,東北町道（旧　水喰野辺地線）,2408,0,2,,456,,485,941,1.14,0.1,42.8,56.6,9,50
2602460040,水喰野辺地線,東北町道（旧　水喰野辺地線）,東北町道（旧　水喰野辺地線）,2408,0,0.1,,456,,485,941,1.14,0.1,51,52.2,9,50
2602460050,水喰野辺地線,東北町道（旧　水喰野辺地線）,東北町・野辺地町境,2408,0,2.5,,456,,485,941,1.14,0.1,52,51.1,9,50
2602460060,水喰野辺地線,東北町・野辺地町境,,2401,0,2,,456,,485,941,1.14,0.1,43.7,49,9,60
2602460070,水喰野辺地線,,一般国道２７９号,2401,0,0.3,,456,,485,941,1.14,0.1,18.9,14,9,60
2602470005,鶴ヶ坂千刈線,一般国道７号,一般国道７号,2201,0,4.2,,1719,,1786,3505,1.21,0.56,47.7,42.6,9,40
2602470010,鶴ヶ坂千刈線,一般国道７号,津軽新城停車場線,2201,0,4.1,青森市大字新城字山田,1617,青森市大字新城字山田,2002,3619,1.22,0.39,39.6,37.9,9,40
2602470015,鶴ヶ坂千刈線,津軽新城停車場線,,2201,0,2.9,青森市大字石江字江渡,6922,青森市大字石江字江渡,5872,12794,1.24,1.36,20.2,20.6,9.5,40
2602470020,鶴ヶ坂千刈線,,一般国道７号,2201,0,1.2,青森市大字石江字岡部,6616,青森市大字石江字岡部,6464,13080,1.24,1.02,22.2,23,9.5,40
2602480010,尻労小田野沢線,尻労袰部線,一般国道３３８号,2424,0,14.3,下北郡東通村大字猿ヶ森字村中,257,下北郡東通村大字猿ヶ森字村中,195,452,1.15,0.07,54.8,59.3,9,60
2602490010,鶴泊停車場胡桃館線,鶴泊停車場線,一般国道３３９号,2384,0,0.4,,696,,651,1347,1.17,0.23,19.8,19.9,10.8,40
2602490020,鶴泊停車場胡桃館線,一般国道３３９号,胡桃館鶴田線,2384,0,1.2,,696,,651,1347,1.17,0.23,20.9,25.3,10.8,40
2602500010,陸奥鶴田停車場線,,一般国道３３９号,2384,0,0.4,,800,,777,1577,1.19,0.2,14.2,7.7,17,30
2602510010,妙売市線,一般国道４５号,差波新井田線,2203,0,2.8,八戸市吹上一丁目,4487,八戸市吹上一丁目,4718,9205,1.23,0.66,32,35.6,9,40
2602510030,妙売市線,差波新井田線,八戸環状線,2203,0,0.7,八戸市吹上一丁目,4487,八戸市吹上一丁目,4718,9205,1.23,0.76,19.3,15.1,17.5,40
2602510090,妙売市線,八戸環状線,八戸大野線,2203,0,1.6,八戸市吹上一丁目,4487,八戸市吹上一丁目,4718,9205,1.23,0.7,19.3,19.8,20,40
2602510050,妙売市線,八戸大野線,一般国道３４０号,2203,0,0.9,八戸市吹上一丁目,4487,八戸市吹上一丁目,4718,9205,1.23,0.47,11.9,,9,30
2602510070,妙売市線,一般国道３４０号,一般国道１０４号,2203,0,0.3,八戸市根城一丁目,6275,八戸市根城一丁目,5330,11605,1.24,1.01,14.7,18.2,17,40
2602520010,五所川原停車場線,,一般国道３３９号,2205,0,0.2,,2863,,2940,5803,1.23,0.61,11.4,10.5,14.6,40
2602530010,長後川内線,一般国道３３８号,佐井村・むつ市境,2426,0,1.9,むつ市川内町福浦山,179,むつ市川内町福浦山,191,370,1.15,0.09,48.7,51.6,7,60
2602530020,長後川内線,佐井村・むつ市境,川内佐井線,2208,0,10.5,むつ市川内町福浦山,179,むつ市川内町福浦山,191,370,1.15,0.12,56.4,54.2,7,60
2602540010,大町三沢線,三沢十和田線,一般国道３３８号,2207,0,4.6,三沢市深谷二丁目,3858,三沢市深谷二丁目,3597,7455,1.23,0.57,33.2,35.3,12,50
2602550010,川部停車場線,,黒石藤崎線,2367,0,0.6,,,,,,,,17.1,11.8,12,60
2602570010,後平馬屋尻線,後平青森線,後平青森線,2402,1,5.2,青森市大字滝沢字東滝沢山国有林,2253,青森市大字滝沢字東滝沢山国有林,2251,4504,1.21,0.48,68.7,67.6,9.5,60
2602570020,後平馬屋尻線,後平青森線,後平青森線,2402,1,3,青森市大字滝沢字東滝沢山国有林,2253,青森市大字滝沢字東滝沢山国有林,2251,4504,1.21,0.48,70.3,66.4,9.5,60
2602570030,後平馬屋尻線,後平青森線,七戸町・青森市境,2402,1,3.7,青森市大字滝沢字東滝沢山国有林,2253,青森市大字滝沢字東滝沢山国有林,2251,4504,1.21,0.48,70.4,64.5,9.5,60
2602570040,後平馬屋尻線,七戸町・青森市境,清水川滝沢野内線,2201,1,9.6,青森市大字滝沢字東滝沢山国有林,2253,青森市大字滝沢字東滝沢山国有林,2251,4504,1.21,0.48,64.4,62.2,9.5,60
2602580010,三戸南部線,一般国道４号,櫛引上名久井三戸線,2441,0,1.7,三戸郡三戸町大字川守田字沖中,2596,三戸郡三戸町大字川守田字沖中,2791,5387,1.23,0.5,26.7,21.8,10,40
2602580020,三戸南部線,櫛引上名久井三戸線,十和田三戸線,2441,0,0.7,三戸郡三戸町大字川守田字沖中,2596,三戸郡三戸町大字川守田字沖中,2791,5387,1.23,0.5,15.6,18.7,10,40
2602580040,三戸南部線,十和田三戸線,三戸町・南部町境,2441,0,0.7,三戸郡三戸町大字川守田字沖中,2596,三戸郡三戸町大字川守田字沖中,2791,5387,1.23,0.47,16.7,19.5,10.5,40
2602580050,三戸南部線,三戸町・南部町境,三戸停車場線,2445,0,0.1,三戸郡三戸町大字川守田字沖中,2596,三戸郡三戸町大字川守田字沖中,2791,5387,1.23,0.49,25.8,26.2,9,40
2602580060,三戸南部線,三戸停車場線,南部田子線,2445,0,1.3,三戸郡三戸町大字川守田字沖中,2596,三戸郡三戸町大字川守田字沖中,2791,5387,1.23,0.49,32.1,30.8,9,40
2602580070,三戸南部線,南部田子線,一般国道４号,2445,0,0.2,三戸郡三戸町大字川守田字沖中,2596,三戸郡三戸町大字川守田字沖中,2791,5387,1.23,0.49,31.9,11.6,9,40
2602590010,久栗坂造道線,一般国道４号,青森環状野内線,2201,0,3.8,青森市大字野内字菊川,2182,青森市大字野内字菊川,2566,4748,1.23,0.47,39.6,46.3,8,40
2602590020,久栗坂造道線,青森環状野内線,清水川滝沢野内線,2201,0,1.3,青森市大字野内字菊川,2182,青森市大字野内字菊川,2566,4748,1.23,0.47,37,34.9,8,40
2602590030,久栗坂造道線,清水川滝沢野内線,,2201,0,1.6,青森市大字野内字菊川,2182,青森市大字野内字菊川,2566,4748,1.23,0.47,31.5,32.9,8,40
2602590035,久栗坂造道線,,市道（旧久栗坂造道線）,2201,0,1.4,青森市大字野内字菊川,2182,青森市大字野内字菊川,2566,4748,1.23,0.47,28.8,21.7,8,40
2602590060,久栗坂造道線,市道（旧久栗坂造道線）,一般国道４号,2201,0,0.8,青森市東造道三丁目,3989,青森市東造道三丁目,4258,8247,1.23,0.79,17.2,18.3,16,40
2602600010,石川百田線,一般国道７号,弘前環状線,2202,0,0.7,弘前市大字石川字石川,2761,弘前市大字石川字石川,3436,6197,1.23,1.1,28.4,33.8,9,40
2602600020,石川百田線,弘前環状線,石川停車場線,2202,0,1.1,弘前市大字石川字石川,2761,弘前市大字石川字石川,3436,6197,1.23,1.1,35.8,36.2,9,40
2602600030,石川百田線,石川停車場線,石川土手町線,2202,0,1,弘前市大字石川字石川,2761,弘前市大字石川字石川,3436,6197,1.23,1.1,38.3,39.1,9,40
2602600040,石川百田線,石川土手町線,平賀門外線,2202,0,2.6,弘前市大字石川字石川,2761,弘前市大字石川字石川,3436,6197,1.23,1.1,33.6,33.8,9,40
2602600050,石川百田線,平賀門外線,松木平撫牛子停車場線,2202,0,0.8,弘前市大字石川字石川,2761,弘前市大字石川字石川,3436,6197,1.23,1.1,28.6,31.9,9,40
2602600060,石川百田線,松木平撫牛子停車場線,弘前平賀線,2202,0,2.2,弘前市大字松森町,6655,弘前市大字松森町,6831,13486,1.24,1.39,21.5,17.6,9,40
2602600070,石川百田線,弘前平賀線,弘前岳鯵ヶ沢線,2202,0,0.8,弘前市大字松森町,6655,弘前市大字松森町,6831,13486,1.24,1.39,19.2,11,9,40
2602600090,石川百田線,弘前岳鯵ヶ沢線,一般国道７号,2202,0,1.8,弘前市大字和徳町,6130,弘前市大字和徳町,5546,11676,1.24,0.82,18.7,22.8,10,40
2602600100,石川百田線,一般国道７号,松木平撫牛子停車場線,2202,0,0.3,弘前市大字和徳町,6130,弘前市大字和徳町,5546,11676,1.24,0.82,20.8,11.2,10,40
2602600110,石川百田線,松木平撫牛子停車場線,弘前環状線,2202,0,0.7,弘前市大字和徳町,6130,弘前市大字和徳町,5546,11676,1.24,0.82,15.1,19.2,10,40
2602600120,石川百田線,弘前環状線,一般国道７号,2202,0,1.9,弘前市大字大久保字沼田,4308,弘前市大字大久保字沼田,3911,8219,1.23,0.67,33.6,19.1,8.5,40
2602610010,鳴沢停車場線,鳴沢停車場南浮田線,鰺ヶ沢町・つがる市境,2321,0,1.7,,498,,498,996,1.15,5.01,,,6.5,60
2602610020,鳴沢停車場線,鰺ヶ沢町・つがる市境,山田鯵ヶ沢線,2209,0,0.4,,498,,498,996,1.15,5.01,,,4.5,60
2602620010,鳴沢停車場南浮田線,鳴沢停車場線,弘前鯵ヶ沢線,2321,0,0.2,,915,,998,1913,1.21,0.29,7.5,13.8,9,60
2602630010,鯵ヶ沢停車場線,,,2321,0,0.1,,1326,,1091,2417,1.23,0.25,27.5,18.2,12,40
2301010560,鯵ヶ沢停車場線,,弘前岳鯵ヶ沢線,2321,0,0.4,西津軽郡鰺ヶ沢町大字舞戸町字上富田,1744,西津軽郡鰺ヶ沢町大字舞戸町字上富田,1660,3404,1.22,0.29,10.2,6.7,11.5,40
2602640010,松神停車場線,,一般国道１０１号,2323,0,0.1,,962,,1046,2008,1.22,0.26,,,9.7,60
2602660010,関根蒲野沢線,一般国道２７９号,むつ市・東通村境,2208,0,3.6,,66,,57,123,1.11,0.02,39.4,51.1,9,60
2602660020,関根蒲野沢線,むつ市・東通村境,むつ尻屋崎線,2424,0,6,,66,,57,123,1.11,0.02,59.4,60.6,9,60
2602670010,山田鯵ヶ沢線,一般国道１０１号,山田鶴田線,2209,0,0.4,,1595,,1528,3123,1.23,0.39,17.4,20.3,7.5,40
2602670020,山田鯵ヶ沢線,山田鶴田線,十腰内陸奥森田停車場線,2209,0,1.3,,1595,,1528,3123,1.23,0.39,29.5,37.8,7.5,40
2602670040,山田鯵ヶ沢線,十腰内陸奥森田停車場線,長平町森田線,2209,0,1.5,,1595,,1528,3123,1.23,0.46,34.2,24,7.5,40
2602670050,山田鯵ヶ沢線,長平町森田線,鳴沢停車場線,2209,0,2.8,,1595,,1528,3123,1.23,0.46,33.8,26.3,7.5,40
2602670060,山田鯵ヶ沢線,鳴沢停車場線,つがる市・鰺ヶ沢町境,2209,0,0.4,,1595,,1528,3123,1.23,0.46,57,32.1,7.5,40
2602670070,山田鯵ヶ沢線,つがる市・鰺ヶ沢町境,一般国道１０１号,2321,0,1,,1595,,1528,3123,1.23,0.3,27.4,33.8,7.5,40
2602680010,弘前田舎館黒石線,一般国道７号,松木平撫牛子停車場線,2202,0,0.8,,9782,,9118,18900,1.25,1.68,6.1,23.6,10,40
2602680030,弘前田舎館黒石線,松木平撫牛子停車場線,弘前市・田舎館村境,2202,0,1,,9782,,9118,18900,1.25,1.68,19.3,35.9,7.5,40
2602680040,弘前田舎館黒石線,弘前市・田舎館村境,田舎館村・平川市境,2367,0,0.5,,9782,,9118,18900,1.25,1.57,29.3,30.5,9,40
2602680050,弘前田舎館黒石線,田舎館村・平川市境,一般国道１０２号,2210,0,0.8,,9782,,9118,18900,1.25,1.56,41.7,37.6,9.5,40
2602680070,弘前田舎館黒石線,弘前環状線,平川市・田舎館村境,2210,0,0.3,,9782,,9118,18900,1.25,1.96,47.8,46.6,6.5,40
2602680075,弘前田舎館黒石線,平川市・田舎館村境,弘前田舎館黒石線,2367,0,0.4,,9782,,9118,18900,1.25,1.48,42.7,34.1,7.5,40
2602680080,弘前田舎館黒石線,弘前田舎館黒石線,畑中竹鼻線,2367,0,0.3,南津軽郡田舎館村大字畑中樋口,2695,南津軽郡田舎館村大字畑中樋口,2364,5059,1.23,0.62,29.9,24.3,7.5,40
2602680090,弘前田舎館黒石線,畑中竹鼻線,田舎館村・黒石市境,2367,0,2.6,黒石市追子野木二丁目,2454,黒石市追子野木二丁目,2051,4505,1.23,0.62,31.1,30.9,7.5,50
2602680100,弘前田舎館黒石線,田舎館村・黒石市境,,2204,0,1.3,黒石市追子野木二丁目,2454,黒石市追子野木二丁目,2051,4505,1.23,0.55,30.7,24.4,8,40
2602680110,弘前田舎館黒石線,,五所川原黒石線,2204,0,0.7,黒石市追子野木二丁目,2454,黒石市追子野木二丁目,2051,4505,1.23,0.57,20.6,12.6,8,30
2602680130,弘前田舎館黒石線,大鰐浪岡線,吹上金屋黒石線,2204,0,0.2,黒石市追子野木二丁目,2454,黒石市追子野木二丁目,2051,4505,1.23,0.64,9.1,15.8,9.2,40
2602680140,弘前田舎館黒石線,吹上金屋黒石線,一般国道１０２号,2204,0,3.2,黒石市追子野木二丁目,2454,黒石市追子野木二丁目,2051,4505,1.23,0.64,39.6,36,9.2,40
2602680400,弘前田舎館黒石線,弘前田舎館黒石線,一般国道１０２号,2367,0,0.9,南津軽郡田舎館村大字田舎館字松橋,1474,南津軽郡田舎館村大字田舎館字松橋,1759,3233,1.19,0.4,,,13,30
2602680420,弘前田舎館黒石線,,弘前田舎館黒石線,2367,0,0.7,,,,,,,,,,13,60
2602690010,増田浅虫線,,平内町・青森市境,2301,0,0.9,,538,,678,1216,1.17,5.22,,,3.5,30
2602690020,増田浅虫線,平内町・青森市境,増田浅虫線,2201,0,3,,538,,678,1216,1.17,0.19,,,9,30
2602690030,増田浅虫線,増田浅虫線,一般国道４号,2201,0,1.1,,538,,678,1216,1.17,0.19,15.2,23.4,9,30
2602690050,増田浅虫線,増田浅虫線,一般国道４号,2201,0,0.2,,538,,678,1216,1.17,0.19,10.3,10.4,7.5,30
2602700010,黒石停車場線,,五所川原黒石線,2204,0,0.6,,3050,,3259,6309,1.23,0.39,17.9,,8,30
2602710010,赤川停車場線,,赤川下北停車場線,2208,0,0,,5890,,4741,10631,1.24,1.11,,,10.2,40
2602710020,赤川停車場線,赤川下北停車場線,一般国道２７９号,2208,0,0.8,,5890,,4741,10631,1.24,1.11,29.2,24.8,10.2,40
2602720010,下北停車場線,赤川下北停車場線,一般国道３３８号,2208,0,0.6,,5890,,4741,10631,1.24,1.08,17.5,18.1,20,50
2602720020,下北停車場線,一般国道３３８号,一般国道３３８号,2208,0,0.7,,5890,,4741,10631,1.24,1.08,20.4,14,20,50
2602730010,田名部停車場線,,一般国道２７９号,2208,0,0.3,,5354,,6348,11702,1.24,1.28,15.3,14.8,12,30
2602740010,陸奥関根停車場線,,一般国道２７９号,2208,0,0.3,,2081,,2074,4155,1.22,10.95,,,5,40
2602750010,川代停車場線,,一般国道２７９号,2208,0,0.1,,2081,,2074,4155,1.22,10.95,,,6,60
2602760010,大俵板柳停車場線,小友板柳停車場線,,2381,0,0.1,,390,,405,795,1.14,0.11,10.5,13.4,7.2,40
2602760020,大俵板柳停車場線,,一般国道３３９号,2381,0,0.3,,390,,405,795,1.14,0.17,9.1,11.1,6.5,40
2602760030,大俵板柳停車場線,一般国道３３９号,太田藤崎線,2381,0,0.8,,390,,405,795,1.14,0.17,23.1,27.7,6.5,40
2602760040,大俵板柳停車場線,太田藤崎線,五所川原黒石線,2381,0,2.8,,390,,405,795,1.14,0.17,31.8,34.4,6.5,40
2602770010,正津川停車場線,,一般国道２７９号,2208,0,0.1,,2113,,2109,4222,1.22,11.13,,,4.8,60
2602780010,大畑停車場線,,一般国道２７９号,2208,0,0.5,,2113,,2109,4222,1.22,0.44,21.8,21.8,6.7,30
2602790010,津軽飯詰停車場線,,青森五所川原線,2205,0,0.4,,191,,228,419,1.12,2.14,,,5,40
2602800010,十二湖公園線,,一般国道１０１号,2323,0,3.9,,180,,164,344,1.13,0.06,20.2,27.8,8.5,60
2602810010,三厩停車場竜飛崎線,三厩停車場線,三厩小泊線,2307,0,0.5,,881,,1971,2852,1.22,0.51,42.7,26.1,6.5,60
2602810020,三厩停車場竜飛崎線,三厩小泊線,一般国道３３９号,2307,0,12.9,,881,,1971,2852,1.22,0.51,42.7,40.6,6.5,60
2602820010,小国本町線,一般国道４５４号,平川市・大鰐町境,2210,0,4.7,,982,,1014,1996,1.22,0.33,55.2,44.1,7,50
2602820020,小国本町線,平川市・大鰐町境,大鰐町・平川市境,2362,0,0.2,,982,,1014,1996,1.22,0.33,23.4,35.9,7.5,50
2602820030,小国本町線,大鰐町・平川市境,平川市・大鰐町境,2210,0,0.3,,982,,1014,1996,1.22,0.33,50.6,51,7.5,50
2602820040,小国本町線,平川市・大鰐町境,大鰐町・平川市境,2362,0,0.5,,982,,1014,1996,1.22,0.36,41.2,37.4,7,50
2602820050,小国本町線,大鰐町・平川市境,吹上金屋黒石線,2210,0,8.1,,982,,1014,1996,1.22,0.31,44.7,41.4,8,50
2602820060,小国本町線,吹上金屋黒石線,大鰐浪岡線,2210,0,1.5,,982,,1014,1996,1.22,0.31,38.5,34.1,8,50
2602820070,小国本町線,大鰐浪岡線,町居平賀停車場線,2210,0,0.1,,982,,1014,1996,1.22,0.31,10.3,10.2,8,50
2602830010,百石下田線,一般国道４５号,八戸百石線,2412,0,2.5,上北郡おいらせ町字下屋敷,2412,上北郡おいらせ町字下屋敷,2146,4558,1.22,0.5,41.5,35.1,18.1,60
2602840010,薬研佐井線,むつ恐山公園大畑線,むつ市・佐井村境,2208,0,12.7,下北郡佐井村大字佐井字佐井川目,55,下北郡佐井村大字佐井字佐井川目,51,106,1.1,0.64,,,4.5,60
2602840020,薬研佐井線,むつ市・佐井村境,一般国道３３８号,2426,0,10,下北郡佐井村大字佐井字佐井川目,55,下北郡佐井村大字佐井字佐井川目,51,106,1.1,0.64,,,3.5,60
2602850010,浪岡藤崎線,一般国道１０１号,東北自動車道,2201,0,1.6,青森市浪岡大字杉沢字井ノ上,3263,青森市浪岡大字杉沢字井ノ上,3262,6525,1.23,0.71,44.9,49.4,10.5,50
2602850020,浪岡藤崎線,東北自動車道,青森浪岡線,2201,0,2.7,青森市浪岡大字杉沢字井ノ上,3263,青森市浪岡大字杉沢字井ノ上,3262,6525,1.23,0.71,46.2,40.4,10.5,50
2602850030,浪岡藤崎線,青森浪岡線,五所川原浪岡線,2201,0,1.2,青森市浪岡大字杉沢字井ノ上,3263,青森市浪岡大字杉沢字井ノ上,3262,6525,1.23,0.71,19.6,25.1,10.5,50
2602850050,浪岡藤崎線,五所川原浪岡線,一般国道７号,2201,0,1,青森市浪岡大字杉沢字井ノ上,3263,青森市浪岡大字杉沢字井ノ上,3262,6525,1.23,0.67,34,26.7,15,50
2300070380,浪岡藤崎線,一般国道７号,常海橋銀線,2201,0,0.9,,667,,669,1336,1.17,0.24,29.2,38.1,12.5,50
2300070370,浪岡藤崎線,常海橋銀線,一般国道７号,2201,0,1.2,,667,,669,1336,1.17,0.24,45.9,37.7,12.5,50
2602850070,浪岡藤崎線,一般国道７号,増館堂野前線,2201,0,0.7,青森市浪岡大字増館字宮元,2055,青森市浪岡大字増館字宮元,2256,4311,1.22,0.45,29.4,37.1,12.9,50
2602850080,浪岡藤崎線,増館堂野前線,青森市・藤崎町境,2201,0,1,青森市浪岡大字増館字宮元,2055,青森市浪岡大字増館字宮元,2256,4311,1.22,0.45,52.8,52.6,12.9,50
2602850090,浪岡藤崎線,青森市・藤崎町境,五所川原黒石線,2361,0,1.7,青森市浪岡大字増館字宮元,2055,青森市浪岡大字増館字宮元,2256,4311,1.22,0.46,30,33.8,12.4,50
2602850110,浪岡藤崎線,五所川原黒石線,前坂藤崎線,2361,0,1.2,青森市浪岡大字増館字宮元,2055,青森市浪岡大字増館字宮元,2256,4311,1.22,0.46,37.7,39.6,11,50
2602850120,浪岡藤崎線,前坂藤崎線,一般国道７号,2361,0,0.5,青森市浪岡大字増館字宮元,2055,青森市浪岡大字増館字宮元,2256,4311,1.22,0.46,29.4,22.7,11,50
2602860010,三厩小泊線,三厩停車場竜飛崎線,外ヶ浜町・中泊町境,2307,0,10.7,東津軽郡外ヶ浜町字三厩緑ヶ丘,39,東津軽郡外ヶ浜町字三厩緑ヶ丘,32,71,1.09,0.36,,,3.5,20
2602860020,三厩小泊線,外ヶ浜町・中泊町境,一般国道３３９号,2387,0,9.7,東津軽郡外ヶ浜町字三厩緑ヶ丘,39,東津軽郡外ヶ浜町字三厩緑ヶ丘,32,71,1.09,0.36,,,4,20
2602870010,奥津軽いまべつ停車場線,,,2303,0,0.1,,,,,,,,,,12,60
2603170500,西目屋二ツ井線,岩崎西目屋弘前線,村道（旧西目屋二ツ井線）,2343,0,1.2,,128,,103,231,1.11,0.13,44.3,43.2,6.5,60
2603170010,西目屋二ツ井線,村道（旧西目屋二ツ井線）,西目屋二ツ井線,2343,0,13.3,,128,,103,231,1.11,0.81,28,31.7,5,60
