交通調査基本区間番号,路線名,起点側／路線名等,終点側／路線名等,市区町村コード,自動車専用道路の別,区間延長（ｋｍ）,上り／交通量観測地点地名,上り／２４時間自動車類交通量／合計（台）,下り／交通量観測地点地名,下り／２４時間自動車類交通量／合計（台）,２４時間自動車類交通量（上下合計）／合計（台）,昼夜率,混雑度,朝夕（混雑時）／上り／旅行速度／合計（ｋｍ／ｈ）,朝夕（混雑時）／下り／旅行速度／合計（ｋｍ／ｈ）,幅員構成／道路部幅員（ｍ）,指定最高速度（ｋｍ／ｈ）
1110500780,道央自動車道,大沼インター線,森インター線,1345,1,9.7,大沼公園～森,1253,大沼公園～森,1200,2453,1.26,0.24,83,77.8,12,80
1110500760,道央自動車道,森インター線,森町・八雲町境,1345,1,14.1,森～落部,1361,森～落部,1304,2665,1.26,0.24,88.7,89.1,12,70
1110500770,道央自動車道,森町・八雲町境,落部インター線,1346,1,6,森～落部,1361,森～落部,1304,2665,1.26,0.24,89.1,91.8,12,80
1110500010,道央自動車道,落部インター線,一般国道２７７号,1346,1,16,落部～八雲,1378,落部～八雲,1362,2740,1.26,0.3,87.2,89,12,80
1110500020,道央自動車道,一般国道２７７号,八雲町・長万部町境,1346,1,14.8,八雲～国縫,1395,八雲～国縫,1386,2781,1.24,0.31,87.3,87.3,12,80
1110500030,道央自動車道,八雲町・長万部町境,一般国道２３０号,1347,1,6.9,八雲～国縫,1395,八雲～国縫,1386,2781,1.24,0.31,87.5,87.2,12,70
1110500040,道央自動車道,一般国道２３０号,一般国道５号,1347,1,11.1,国縫～長万部,1386,国縫～長万部,1406,2792,1.25,0.44,86.1,87.1,12,80
1110500050,道央自動車道,一般国道５号,長万部町・黒松内町境,1347,1,11.4,長万部～黒松内JCT,1348,長万部～黒松内JCT,1393,2741,1.23,0.42,87.2,85.5,12,70
1110500060,道央自動車道,長万部町・黒松内町境,一般国道５号（黒松内新道）,1393,1,4.2,長万部～黒松内JCT,1348,長万部～黒松内JCT,1393,2741,1.23,0.42,84.2,85.1,12,70
1110500070,道央自動車道,一般国道５号（黒松内新道）,黒松内町・豊浦町境,1393,1,9.9,黒松内JCT～豊浦,1310,黒松内JCT～豊浦,1344,2654,1.23,0.53,85.7,83.2,12,80
1110500080,道央自動車道,黒松内町・豊浦町境,一般国道３７号,1571,1,8.3,黒松内JCT～豊浦,1310,黒松内JCT～豊浦,1344,2654,1.23,0.53,87,85.2,12,70
1110500090,道央自動車道,一般国道３７号,豊浦町・洞爺湖町境,1571,1,9.2,豊浦～虻田洞爺湖,1234,豊浦～虻田洞爺湖,1269,2503,1.23,0.51,87.7,84.3,12,70
1110500100,道央自動車道,豊浦町・洞爺湖町境,一般国道２３０号,1584,1,4,豊浦～虻田洞爺湖,1234,豊浦～虻田洞爺湖,1269,2503,1.23,0.51,85.5,86.2,12,70
1110500110,道央自動車道,一般国道２３０号,洞爺湖町・伊達市境,1584,1,3.6,虻田洞爺湖～伊達,1457,虻田洞爺湖～伊達,1466,2923,1.21,0.44,87.5,83.8,12,70
1110500120,道央自動車道,洞爺湖町・伊達市境,伊達インター線,1233,1,10,虻田洞爺湖～伊達,1457,虻田洞爺湖～伊達,1466,2923,1.21,0.44,89.3,86,12,70
1110500130,道央自動車道,伊達インター線,伊達市・室蘭市境,1233,1,11.5,伊達～室蘭,2023,伊達～室蘭,2091,4114,1.18,0.37,85.9,83.9,12,70
1110500140,道央自動車道,伊達市・室蘭市境,室蘭環状線,1205,1,1.4,伊達～室蘭,2023,伊達～室蘭,2091,4114,1.18,0.37,92.5,86.2,12,80
1110500150,道央自動車道,室蘭環状線,室蘭市・登別市境,1205,1,5.3,室蘭～登別室蘭,2210,室蘭～登別室蘭,2282,4492,1.18,0.64,87.8,85.4,12,80
1110500160,道央自動車道,室蘭市・登別市境,一般国道３６号,1230,1,4.3,室蘭～登別室蘭,2210,室蘭～登別室蘭,2282,4492,1.18,0.64,97.2,91.5,12,70
1110500170,道央自動車道,一般国道３６号,洞爺湖登別線,1230,1,11.4,登別室蘭～登別東,3391,登別室蘭～登別東,3436,6827,1.2,0.19,98.7,98.1,24.5,100
1110500180,道央自動車道,洞爺湖登別線,登別市・白老町境,1230,1,0.7,登別東～白老,3663,登別東～白老,3688,7351,1.2,0.22,96.9,96.9,24.5,100
1110500190,道央自動車道,登別市・白老町境,白老大滝線,1578,1,17.9,登別東～白老,3663,登別東～白老,3688,7351,1.2,0.22,96.5,99.6,24.5,100
1110500200,道央自動車道,白老大滝線,白老町・苫小牧市境,1578,1,7.4,白老～苫小牧西,4111,白老～苫小牧西,4125,8236,1.2,0.25,100,100.5,24.5,100
1110500210,道央自動車道,白老町・苫小牧市境,樽前錦岡線,1213,1,8.4,白老～苫小牧西,4111,白老～苫小牧西,4125,8236,1.2,0.25,99.1,99.4,24.5,100
1110500215,道央自動車道,樽前錦岡線,苫小牧中央インター線,1213,1,8.6,苫小牧西～苫小牧中央,4675,苫小牧西～苫小牧中央,4683,9358,1.19,0.26,99.6,99.6,24.5,100
1110500220,道央自動車道,苫小牧中央インター線,一般国道２３５号（日高自動車道）,1213,1,9,苫小牧中央～苫小牧東,5681,苫小牧中央～苫小牧東,5631,11312,1.2,0.28,100.5,99.6,24.5,100
1110500230,道央自動車道,一般国道２３５号（日高自動車道）,苫小牧市・千歳市境,1213,1,7.7,苫小牧東～新千歳空港,8994,苫小牧東～新千歳空港,9575,18569,1.23,0.5,98.9,91.6,24.5,100
1110500235,道央自動車道,苫小牧市・千歳市境,新千歳空港インター線,1224,1,0.5,苫小牧東～新千歳空港,8994,苫小牧東～新千歳空港,9575,18569,1.23,0.5,99.1,95.1,24.5,100
1110500240,道央自動車道,新千歳空港インター線,千歳インター線,1224,1,3.7,新千歳空港～千歳,9349,新千歳空港～千歳,9918,19267,1.23,0.52,98.5,95.6,24.5,100
1110500250,道央自動車道,千歳インター線,道東自動車道,1224,1,5,千歳～千歳恵庭JCT,12405,千歳～千歳恵庭JCT,12862,25267,1.22,0.63,97.7,95.9,24.5,100
1110500260,道央自動車道,道東自動車道,千歳市・恵庭市境,1224,1,0.3,千歳恵庭JCT～恵庭,13705,千歳恵庭JCT～恵庭,14584,28289,1.22,0.71,98.9,94.4,24.5,100
1110500270,道央自動車道,千歳市・恵庭市境,恵庭岳公園線,1231,1,3.7,千歳恵庭JCT～恵庭,13705,千歳恵庭JCT～恵庭,14584,28289,1.22,0.61,97.2,93.2,24.5,100
1110500280,道央自動車道,恵庭岳公園線,恵庭市・北広島市境,1231,1,6,恵庭～輪厚スマート,15518,恵庭～輪厚スマート,16575,32093,1.22,0.69,95.5,89.8,24.5,100
1110500290,道央自動車道,恵庭市・北広島市境,市道広島輪厚線,1234,1,4,恵庭～輪厚スマート,15518,恵庭～輪厚スマート,16575,32093,1.22,0.69,94,89,24.5,100
1110500300,道央自動車道,市道広島輪厚線,一般国道３６号,1234,1,3.9,輪厚スマート～北広島,15942,輪厚スマート～北広島,16977,32919,1.22,0.65,93.9,90.8,24.5,100
1110500310,道央自動車道,一般国道３６号,北広島市・札幌市清田区境,1234,1,0.7,北広島～札幌南,15078,北広島～札幌南,16169,31247,1.22,0.65,92.1,91.2,23,100
1110500320,道央自動車道,北広島市・札幌市清田区境,札幌市清田区・札幌市厚別区境,1110,1,3.6,北広島～札幌南,15078,北広島～札幌南,16169,31247,1.22,0.65,82.9,79.1,23,100
1110500324,道央自動車道,札幌市清田区・札幌市厚別区境,札幌東部新道１号線,1108,1,1,北広島～札幌南,15078,北広島～札幌南,16169,31247,1.22,0.65,45.5,39.2,23,100
1110500327,道央自動車道,札幌東部新道１号線,札幌東部新道１号線,1108,1,1.1,札幌南IC～大谷地IC,13780,札幌南IC～大谷地IC,17193,30973,1.21,0.58,70.3,63.8,21.4,80
1110500330,道央自動車道,札幌東部新道１号線,札幌市厚別区・札幌市白石区境,1108,1,0.2,札幌南IC～大谷地IC,13780,札幌南IC～大谷地IC,17193,30973,1.21,0.58,82.5,88.3,21.4,80
1110500350,道央自動車道,札幌市厚別区・札幌市白石区境,一般国道２７４号,1104,1,1.5,札幌南IC～大谷地IC,13780,札幌南IC～大谷地IC,17193,30973,1.21,0.58,83.4,88.5,21.4,80
1110500360,道央自動車道,一般国道２７４号,一般国道２７４号,1104,1,2.2,大谷地IC～北郷IC,19067,大谷地IC～北郷IC,22860,41927,1.21,0.73,58.1,77.8,21.4,80
1110500370,道央自動車道,一般国道２７４号,札樽自動車道,1104,1,1.6,北郷IC～札幌JCT,16612,北郷IC～札幌JCT,19788,36400,1.22,0.68,75.3,77.2,21.4,80
1110500380,道央自動車道,札樽自動車道,一般国道２７４号,1104,1,0.5,札幌JCT～札幌IC,14979,札幌JCT～札幌IC,16741,31720,1.22,0.63,42.1,49.9,21.4,40
1110500390,道央自動車道,一般国道２７４号,札幌市白石区・札幌市厚別区境,1104,1,4.5,札幌～江別西,9096,札幌～江別西,8281,17377,1.2,0.38,85.2,95.8,25,100
1110500400,道央自動車道,札幌市白石区・札幌市厚別区境,札幌市厚別区・江別市境,1108,1,0.4,札幌～江別西,9096,札幌～江別西,8281,17377,1.2,0.38,83.9,96.6,25,100
1110500410,道央自動車道,札幌市厚別区・江別市境,江別インター線,1217,1,1.7,札幌～江別西,9096,札幌～江別西,8281,17377,1.2,0.38,84,97.2,25,100
1110500420,道央自動車道,江別インター線,一般国道３３７号,1217,1,9.6,江別西～江別東,7834,江別西～江別東,7010,14844,1.21,0.37,98.8,98.3,25,100
1110500430,道央自動車道,一般国道３３７号,江別市・岩見沢市境,1217,1,5.6,江別東～岩見沢,7671,江別東～岩見沢,6907,14578,1.2,0.35,99.6,98.6,25,100
1110500440,道央自動車道,江別市・岩見沢市境,一般国道２３４号,1210,1,10.1,江別東～岩見沢,7671,江別東～岩見沢,6907,14578,1.2,0.35,99.1,97.5,25,100
1110500450,道央自動車道,一般国道２３４号,岩見沢市・三笠市境,1210,1,6.7,岩見沢～三笠,6613,岩見沢～三笠,5776,12389,1.22,0.38,100.8,99.4,23.5,100
1110500460,道央自動車道,岩見沢市・三笠市境,三笠市・岩見沢市境,1222,1,0.1,岩見沢～三笠,6613,岩見沢～三笠,5776,12389,1.22,0.38,100.4,101,23.5,100
1110500470,道央自動車道,三笠市・岩見沢市境,岩見沢市・三笠市境,1210,1,0.1,岩見沢～三笠,6613,岩見沢～三笠,5776,12389,1.22,0.38,101,100.5,23.5,100
1110500480,道央自動車道,岩見沢市・三笠市境,岩見沢三笠線,1222,1,3,岩見沢～三笠,6613,岩見沢～三笠,5776,12389,1.22,0.38,101.3,99.3,23.5,100
1110500490,道央自動車道,岩見沢三笠線,三笠市・美唄市境,1222,1,1.2,三笠～美唄,6321,三笠～美唄,5518,11839,1.22,0.36,101.8,98.4,23.5,100
1110500500,道央自動車道,三笠市・美唄市境,美唄富良野線,1215,1,10.1,三笠～美唄,6321,三笠～美唄,5518,11839,1.22,0.36,100.5,99.7,23.5,100
1110500510,道央自動車道,美唄富良野線,美唄市・奈井江町境,1215,1,7.1,美唄～奈井江砂川,5871,美唄～奈井江砂川,5174,11045,1.22,0.33,98.7,96.4,23.5,100
1110500520,道央自動車道,美唄市・奈井江町境,赤平奈井江線,1424,1,6.5,美唄～奈井江砂川,5871,美唄～奈井江砂川,5174,11045,1.22,0.33,99.4,98.5,23.5,100
1110500530,道央自動車道,赤平奈井江線,奈井江町・砂川市境,1424,1,0.4,奈井江砂川～砂川SAスマート,5491,奈井江砂川～砂川SAスマート,4824,10315,1.21,0.26,98,99,23.5,100
1110500540,道央自動車道,奈井江町・砂川市境,,1226,1,8.5,奈井江砂川～砂川SAスマート,5491,奈井江砂川～砂川SAスマート,4824,10315,1.21,0.26,99.4,98.7,23.5,100
1110500550,道央自動車道,,砂川市・滝川市境,1226,1,4.6,砂川SAスマート～滝川,5429,砂川SAスマート～滝川,4760,10189,1.21,0.26,87.5,93.4,23.5,100
1110500560,道央自動車道,砂川市・滝川市境,一般国道３８号,1225,1,0.5,砂川SAスマート～滝川,5429,砂川SAスマート～滝川,4760,10189,1.21,0.26,97.1,93.9,23.5,100
1110500570,道央自動車道,一般国道３８号,滝川市・深川市境,1225,1,10,滝川～深川JCT,4948,滝川～深川JCT,4318,9266,1.21,0.21,99.2,96.4,23.5,100
1110500580,道央自動車道,滝川市・深川市境,一般国道２３３号（深川留萌道）,1228,1,2.8,滝川～深川JCT,4948,滝川～深川JCT,4318,9266,1.21,0.21,97.3,96.3,23.5,100
1110500590,道央自動車道,一般国道２３３号（深川留萌道）,深川豊里線,1228,1,5.1,深川JCT～深川,4395,深川JCT～深川,3899,8294,1.22,0.19,96.9,95.3,23.5,100
1110500600,道央自動車道,深川豊里線,深川市・旭川市境,1228,1,18.3,深川～旭川鷹栖,4056,深川～旭川鷹栖,3657,7713,1.22,0.18,92.1,90,22,80
1110500610,道央自動車道,深川市・旭川市境,旭川市・鷹栖町境,1204,1,6.1,深川～旭川鷹栖,4056,深川～旭川鷹栖,3657,7713,1.22,0.18,89.2,94.1,22,80
1110500620,道央自動車道,旭川市・鷹栖町境,旭川鷹栖インター線,1452,1,2.4,深川～旭川鷹栖,4056,深川～旭川鷹栖,3657,7713,1.22,0.18,89.8,88,22,80
1110500630,道央自動車道,旭川鷹栖インター線,鷹栖町・旭川市境,1452,1,0.6,旭川鷹栖～旭川北,2560,旭川鷹栖～旭川北,2018,4578,1.21,0.5,88.2,90,13,80
1110500640,道央自動車道,鷹栖町・旭川市境,旭川市・鷹栖町境,1204,1,0.8,旭川鷹栖～旭川北,2560,旭川鷹栖～旭川北,2018,4578,1.21,0.5,89.7,91.7,13,80
1110500650,道央自動車道,旭川市・鷹栖町境,鷹栖町・旭川市境,1452,1,2.3,旭川鷹栖～旭川北,2560,旭川鷹栖～旭川北,2018,4578,1.21,0.5,85.5,89.2,13,80
1110500660,道央自動車道,鷹栖町・旭川市境,旭川市・鷹栖町境,1204,1,0.5,旭川鷹栖～旭川北,2560,旭川鷹栖～旭川北,2018,4578,1.21,0.5,83.6,85.3,13,70
1110500670,道央自動車道,旭川市・鷹栖町境,鷹栖町・旭川市境,1452,1,1.4,旭川鷹栖～旭川北,2560,旭川鷹栖～旭川北,2018,4578,1.21,0.5,84.3,84.5,13,70
1110500680,道央自動車道,鷹栖町・旭川市境,旭川北インター線,1204,1,2.9,旭川鷹栖～旭川北,2560,旭川鷹栖～旭川北,2018,4578,1.21,0.5,87.4,83,13,70
1110500690,道央自動車道,旭川北インター線,旭川市・比布町境,1204,1,5.6,旭川北～比布JCT,2685,旭川北～比布JCT,2075,4760,1.18,0.44,84.1,89.2,13,80
1110500700,道央自動車道,旭川市・比布町境,一般国道４５０号（旭川紋別道）,1455,1,5.1,旭川北～比布JCT,2685,旭川北～比布JCT,2075,4760,1.18,0.44,81.5,84,13,70
1110500710,道央自動車道,一般国道４５０号（旭川紋別道）,比布町・和寒町境,1455,1,5.2,比布JCT～和寒,1463,比布JCT～和寒,1197,2660,1.17,0.33,87.9,86.9,13,80
1110500720,道央自動車道,比布町・和寒町境,一般国道４０号,1464,1,5.4,比布JCT～和寒,1463,比布JCT～和寒,1197,2660,1.17,0.33,85.7,92.3,13,80
1110500730,道央自動車道,一般国道４０号,和寒町・剣淵町境,1464,1,7.6,和寒～士別剣淵,1309,和寒～士別剣淵,1069,2378,1.16,0.29,82.5,88.2,13,80
1110500740,道央自動車道,和寒町・剣淵町境,士別剣淵インター線,1465,1,8.4,和寒～士別剣淵,1309,和寒～士別剣淵,1069,2378,1.16,0.29,88.2,89.4,13,80
1115100010,札樽自動車道,一般国道５号,小樽定山渓線,1203,1,3.1,小樽IC～朝里IC,4509,小樽IC～朝里IC,4006,8515,1.28,0.21,69.6,65.4,22.5,80
1115100015,札樽自動車道,小樽定山渓線,後志自動車道,1203,1,1.6,朝里IC～小樽JCT,5544,朝里IC～小樽JCT,3968,9512,1.27,0.32,59.5,68.1,22.5,80
1115100020,札樽自動車道,後志自動車道,銭函インター線,1203,1,10.1,小樽JCT～銭函IC,7332,小樽JCT～銭函IC,6244,13576,1.23,0.4,84.1,86.6,22.5,80
1115100030,札樽自動車道,銭函インター線,小樽市・札幌市手稲区境,1203,1,2.1,銭函IC～手稲IC,7464,銭函IC～手稲IC,6125,13589,1.23,0.29,86.5,86.6,22.5,80
1115100040,札樽自動車道,小樽市・札幌市手稲区境,手稲インター線,1109,1,4,銭函IC～手稲IC,7464,銭函IC～手稲IC,6125,13589,1.23,0.29,85.4,80.2,22.5,80
1115100050,札樽自動車道,手稲インター線,札幌市手稲区・札幌市西区境,1109,1,2.7,手稲IC～札幌西IC,9256,手稲IC～札幌西IC,7715,16971,1.22,0.34,81.9,74.3,22.5,80
1115100060,札樽自動車道,札幌市手稲区・札幌市西区境,一般国道５号,1107,1,0.8,手稲IC～札幌西IC,9256,手稲IC～札幌西IC,7715,16971,1.22,0.34,78.8,64.1,22.5,80
1115100070,札樽自動車道,一般国道５号,札幌市西区・札幌市北区境,1107,1,3.3,札幌西IC～新川IC,6775,札幌西IC～新川IC,4954,11729,1.24,0.24,84.3,82.3,20.75,80
1115100080,札樽自動車道,札幌市西区・札幌市北区境,一般国道５号,1102,1,0.5,札幌西IC～新川IC,6775,札幌西IC～新川IC,4954,11729,1.24,0.24,83.3,80.6,20.75,80
1115100090,札樽自動車道,一般国道５号,一般国道５号,1102,1,1.8,新川IC～札幌北第二IC,14496,新川IC～札幌北第二IC,14980,29476,1.23,0.72,36.3,63.6,20.75,80
1115100100,札樽自動車道,一般国道５号,札幌市北区・札幌市東区境,1102,1,0.8,札幌北第二IC～札幌北第一IC,13018,札幌北第二IC～札幌北第一IC,13533,26551,1.24,0.66,62.5,73,20.75,80
1115100110,札樽自動車道,札幌市北区・札幌市東区境,一般国道２７４号,1103,1,0.8,札幌北第二IC～札幌北第一IC,13018,札幌北第二IC～札幌北第一IC,13533,26551,1.24,0.66,78.1,79.3,20.75,80
1115100120,札樽自動車道,一般国道２７４号,一般国道２７４号,1103,1,3.4,札幌北第一IC～伏古IC,18645,札幌北第一IC～伏古IC,18984,37629,1.22,0.73,67.7,68.5,20.75,80
1115100130,札樽自動車道,一般国道２７４号,一般国道２７４号,1103,1,1.5,伏古IC～雁来IC,22836,伏古IC～雁来IC,22784,45620,1.22,0.86,57.5,59.1,20.75,80
1115100140,札樽自動車道,一般国道２７４号,札幌市東区・札幌市白石区境,1103,1,1.1,雁来IC～札幌JCT,20311,雁来IC～札幌JCT,20156,40467,1.22,0.81,78.6,76.4,20.75,80
1115100150,札樽自動車道,札幌市東区・札幌市白石区境,道央自動車道,1104,1,0.8,雁来IC～札幌JCT,20311,雁来IC～札幌JCT,20156,40467,1.22,0.81,77.1,79.7,20.75,80
1115300010,道東自動車道,道央自動車道,千歳市・恵庭市境,1224,1,2.5,千歳恵庭JCT～千歳東,2286,千歳恵庭JCT～千歳東,1864,4150,1.22,0.46,86.4,87.1,12,70
1115300020,道東自動車道,千歳市・恵庭市境,恵庭市・千歳市境,1231,1,2.7,千歳恵庭JCT～千歳東,2286,千歳恵庭JCT～千歳東,1864,4150,1.22,0.46,83.4,87,12,70
1115300030,道東自動車道,恵庭市・千歳市境,一般国道３３７号,1224,1,7.4,千歳恵庭JCT～千歳東,2286,千歳恵庭JCT～千歳東,1864,4150,1.22,0.46,85.7,85.2,12,100
1115300040,道東自動車道,一般国道３３７号,千歳市・安平町境,1224,1,8.5,千歳東～追分町,2608,千歳東～追分町,2135,4743,1.22,0.44,92.6,88.6,12,100
1115300050,道東自動車道,千歳市・安平町境,一般国道２３４号,1585,1,0.8,千歳東～追分町,2608,千歳東～追分町,2135,4743,1.22,0.44,92.4,87.9,12,70
1115300060,道東自動車道,一般国道２３４号,安平町・由仁町境,1585,1,7.1,追分町～夕張,2770,追分町～夕張,2230,5000,1.23,0.83,87.9,85.7,12,70
1115300070,道東自動車道,安平町・由仁町境,由仁町・栗山町境,1427,1,1.7,追分町～夕張,2770,追分町～夕張,2230,5000,1.23,0.83,87.1,87.4,12,70
1115300080,道東自動車道,由仁町・栗山町境,栗山町・夕張市境,1429,1,4.5,追分町～夕張,2770,追分町～夕張,2230,5000,1.23,0.83,82.1,85,12,70
1115300090,道東自動車道,栗山町・夕張市境,一般国道２７４号,1209,1,6.9,追分町～夕張,2770,追分町～夕張,2230,5000,1.23,0.83,85.1,84.5,12,70
1115300310,道東自動車道,一般国道２７４号,夕張市・むかわ町境,1209,1,10,夕張～むかわ穂別,3130,夕張～むかわ穂別,2680,5810,1.29,0.94,80.7,81,12,70
1115300320,道東自動車道,夕張市・むかわ町境,むかわ穂別インター線,1586,1,4.4,夕張～むかわ穂別,3130,夕張～むかわ穂別,2680,5810,1.29,0.94,93.6,85,12,100
1115300330,道東自動車道,むかわ穂別インター線,むかわ町・占冠村境,1586,1,8.2,むかわ穂別～占冠,3141,むかわ穂別～占冠,2695,5836,1.28,0.93,88.1,91.1,12,100
1115300340,道東自動車道,むかわ町・占冠村境,占冠インター線,1463,1,11.9,むかわ穂別～占冠,3141,むかわ穂別～占冠,2695,5836,1.28,0.93,80.2,81.4,12,70
1115300110,道東自動車道,占冠インター線,トマムインター線,1463,1,26.2,占冠～トマム,3043,占冠～トマム,2634,5677,1.28,0.9,83.7,82.3,12,70
1115300120,道東自動車道,トマムインター線,占冠村・南富良野町境,1463,1,0.7,トマム～十勝清水,3149,トマム～十勝清水,2778,5927,1.28,0.82,85.7,82.3,13,70
1115300130,道東自動車道,占冠村・南富良野町境,南富良野町・新得町境,1462,1,5.9,トマム～十勝清水,3149,トマム～十勝清水,2778,5927,1.28,0.82,82.2,81.8,13,70
1115300140,道東自動車道,南富良野町・新得町境,新得町・清水町境,1635,1,8.3,トマム～十勝清水,3149,トマム～十勝清水,2778,5927,1.28,0.82,88.2,82.4,13,80
1115300150,道東自動車道,新得町・清水町境,一般国道２７４号,1636,1,6,トマム～十勝清水,3149,トマム～十勝清水,2778,5927,1.28,0.82,82.3,91.5,13,80
1115300160,道東自動車道,一般国道２７４号,清水町・芽室町境,1636,1,12.9,十勝清水～芽室,2554,十勝清水～芽室,2279,4833,1.25,0.45,84.6,86.9,12,70
1115300170,道東自動車道,清水町・芽室町境,東瓜幕芽室線,1637,1,4.3,十勝清水～芽室,2554,十勝清水～芽室,2279,4833,1.25,0.45,84.9,82.7,12,80
1115300180,道東自動車道,東瓜幕芽室線,一般国道２３６号（帯広広尾道）,1637,1,4.4,芽室～帯広JCT,2484,芽室～帯広JCT,2207,4691,1.24,0.38,91.1,86.8,12,80
1115300190,道東自動車道,一般国道２３６号（帯広広尾道）,芽室町・音更町境,1637,1,2.4,帯広JCT～音更帯広,1729,帯広JCT～音更帯広,1540,3269,1.22,0.47,81.9,86.1,12,70
1115300200,道東自動車道,芽室町・音更町境,一般国道２４１号,1631,1,4.7,帯広JCT～音更帯広,1729,帯広JCT～音更帯広,1540,3269,1.22,0.47,87.8,85.2,12,80
1115300210,道東自動車道,一般国道２４１号,音更町・池田町境,1631,1,16.4,音更帯広～池田,1939,音更帯広～池田,1669,3608,1.21,0.55,82.3,85.2,12,80
1115300220,道東自動車道,音更町・池田町境,一般国道２４２号,1644,1,5.2,音更帯広～池田,1939,音更帯広～池田,1669,3608,1.21,0.55,57.9,87.4,12,70
1115300230,道東自動車道,一般国道２４２号,池田町・本別町境,1644,1,10.5,池田～本別JCT,1940,池田～本別JCT,1442,3382,1.16,0.38,85.2,87,12,70
1115300240,道東自動車道,池田町・本別町境,道東自動車道,1646,1,6.8,池田～本別JCT,1940,池田～本別JCT,1442,3382,1.16,0.38,87.3,86.6,12,70
1115300250,道東自動車道,道東自動車道,道東自動車道,1646,1,1.7,本別JCT～本別IC,1241,本別JCT～本別IC,1170,2411,1.17,0.29,88.9,88.3,12,70
1115300270,道東自動車道,道東自動車道,本別町・足寄町境,1646,1,11.6,本別JCT～足寄IC,716,本別JCT～足寄IC,525,1241,1.2,0.15,90.6,86.3,12,80
1115300280,道東自動車道,本別町・足寄町境,足寄町・本別町境,1647,1,0.8,本別JCT～足寄IC,716,本別JCT～足寄IC,525,1241,1.2,0.15,88,91.4,12,70
1115300290,道東自動車道,足寄町・本別町境,一般国道２４２号,1646,1,0.7,本別JCT～足寄IC,716,本別JCT～足寄IC,525,1241,1.2,0.15,51.1,48.3,12,70
1115500140,後志自動車道,登余市停車場線,余市町・小樽市境,1408,1,2.1,余市IC～小樽塩谷IC,2171,余市IC～小樽塩谷IC,2300,4471,1.17,0.51,47.2,57.6,12,70
1115500150,後志自動車道,余市町・小樽市境,小樽塩谷インター線,1203,1,6.9,余市IC～小樽塩谷IC,2171,余市IC～小樽塩谷IC,2300,4471,1.17,0.51,90.1,81.2,12,70
1115500160,後志自動車道,小樽塩谷インター線,札樽自動車道,1203,1,14.3,小樽塩谷IC～小樽JCT,2276,小樽塩谷IC～小樽JCT,2445,4721,1.16,0.51,82.1,80.8,13,70
1132010050,十勝オホーツク自動車道,一般国道２４２号,陸別町・訓子府町境,1648,1,4.9,訓子府町協成（協成）,657,訓子府町協成（協成）,592,1249,1.3,0.19,71.4,73.5,12,70
1132010060,十勝オホーツク自動車道,陸別町・訓子府町境,北見白糠線,1549,1,11.4,訓子府町協成（協成）,657,訓子府町協成（協成）,592,1249,1.3,0.16,78.8,83.6,12,70
1132010070,十勝オホーツク自動車道,北見白糠線,訓子府町・北見市境,1549,1,5.4,北見市常川（常川）,1250,北見市常川（常川）,1063,2313,1.19,0.29,79.2,84.4,12,70
1132010080,十勝オホーツク自動車道,訓子府町・北見市境,一般国道３９号（北見道路）,1208,1,6.5,北見市常川（常川）,1250,北見市常川（常川）,1063,2313,1.19,0.29,85.2,81.5,12,70
1132020010,道東自動車道,道東自動車道,本別町・浦幌町境,1646,1,2.2,十勝郡浦幌町字栄穂,2084,十勝郡浦幌町字栄穂,2056,4140,1.29,0.77,84.3,83.8,12,70
1132020020,道東自動車道,本別町・浦幌町境,町道栄穂東１４線通,1649,1,5.8,十勝郡浦幌町字栄穂,2084,十勝郡浦幌町字栄穂,2056,4140,1.29,0.77,84.1,86.8,12,70
1132020030,道東自動車道,町道栄穂東１４線通,浦幌町・釧路市境,1649,1,7.5,十勝郡浦幌町字栄穂,2159,十勝郡浦幌町字栄穂,2236,4395,1.29,0.82,77.7,82.6,12,70
1132020040,道東自動車道,浦幌町・釧路市境,釧路市・白糠町境,1206,1,12.4,十勝郡浦幌町字栄穂,2159,十勝郡浦幌町字栄穂,2236,4395,1.29,0.82,75.5,79.3,12,70
1132020050,道東自動車道,釧路市・白糠町境,一般国道３９２号,1668,1,6.2,十勝郡浦幌町字栄穂,2159,十勝郡浦幌町字栄穂,2236,4395,1.29,0.82,78,83.9,12,70
1132020060,道東自動車道,一般国道３９２号,上庶路庶路停車場線,1668,1,8.9,白糠郡白糠町縫別,2346,白糠郡白糠町縫別,2287,4633,1.28,0.83,83.1,83.2,12,70
1132020070,道東自動車道,上庶路庶路停車場線,白糠町・釧路市境,1668,1,1.4,釧路市阿寒町下舌辛,2276,釧路市阿寒町下舌辛,2258,4534,1.28,0.81,83.6,80.3,12,70
1132020080,道東自動車道,白糠町・釧路市境,一般国道２４０号,1206,1,3.8,釧路市阿寒町下舌辛,2276,釧路市阿寒町下舌辛,2258,4534,1.28,0.81,83.2,76.1,12,70
1300050010,一般国道５号,一般国道２７８号,一般国道２２７号,1202,0,1.9,函館市万代町12-12,10872,函館市万代町12-12,9576,20448,1.2,0.82,22.7,25.7,21,50
1300050020,一般国道５号,一般国道２２７号,赤川函館線,1202,0,1.3,函館市万代町12-12,9729,函館市万代町12-12,9346,19075,1.2,0.8,22.4,33,21,50
1300050025,一般国道５号,赤川函館線,,1202,0,1.2,函館市万代町12-12,9729,函館市万代町12-12,9346,19075,1.2,0.6,31.9,22.4,33,60
1300050030,一般国道５号,,一般国道５号,1202,0,0.9,函館市昭和2丁目13,16991,函館市昭和2丁目13,16625,33616,1.2,1.01,23.7,25.1,33,60
1300050040,一般国道５号,一般国道５号,一般国道５号,1202,0,0.4,函館市昭和4丁目42-15,9518,函館市昭和4丁目42-15,8998,18516,1.2,0.77,19.5,24.3,33,60
1300050050,一般国道５号,一般国道５号,函館上磯線,1202,0,0.3,函館市昭和4丁目42-15,9518,函館市昭和4丁目42-15,8998,18516,1.2,0.7,14.5,11.8,25,60
1300050060,一般国道５号,函館上磯線,函館市・七飯町境,1202,0,2.9,亀田郡七飯町字上藤城4-22,3070,亀田郡七飯町字上藤城4-22,3471,6541,1.15,0.85,24.2,28.2,15.25,50
1300050070,一般国道５号,函館市・七飯町境,大野大中山線,1337,0,1.2,亀田郡七飯町字上藤城4-22,3070,亀田郡七飯町字上藤城4-22,3471,6541,1.15,0.61,28.4,28.3,15.5,50
1300050080,一般国道５号,大野大中山線,大野大中山線,1337,0,0.3,亀田郡七飯町字上藤城4-22,3070,亀田郡七飯町字上藤城4-22,3471,6541,1.15,0.61,24.1,22.1,15.5,50
1300050090,一般国道５号,大野大中山線,七飯療養所線,1337,0,3.5,亀田郡七飯町字上藤城4-22,3070,亀田郡七飯町字上藤城4-22,3471,6541,1.15,0.61,34.6,36.1,15.5,50
1300050100,一般国道５号,七飯療養所線,七飯療養所線,1337,0,0.5,亀田郡七飯町字上藤城4-22,3070,亀田郡七飯町字上藤城4-22,3471,6541,1.15,0.61,28.5,24,15.5,50
1300050110,一般国道５号,七飯療養所線,一般国道５号（函館新道）,1337,0,4,亀田郡七飯町字上藤城4-22,3070,亀田郡七飯町字上藤城4-22,3471,6541,1.15,0.61,36.2,37.7,15.5,50
1300050120,一般国道５号,一般国道５号（函館新道）,新函館北斗停車場七飯線,1337,0,0.9,亀田郡七飯町藤城229,9190,亀田郡七飯町藤城229,9298,18488,1.29,0.65,40,43.5,28,60
1300050130,一般国道５号,新函館北斗停車場七飯線,上磯峠下線,1337,0,1.1,亀田郡七飯町藤城229,9190,亀田郡七飯町藤城229,9298,18488,1.29,0.65,54.1,48.5,28,60
1300050140,一般国道５号,上磯峠下線,大沼公園線,1337,0,3.4,亀田郡七飯町峠下212-1,10220,亀田郡七飯町峠下212-1,10013,20233,1.24,0.8,57.1,56.7,28,60
1300050150,一般国道５号,大沼公園線,大沼公園鹿部線,1337,0,4.3,亀田郡七飯町西大沼,8178,亀田郡七飯町西大沼,7846,16024,1.29,1.63,55.7,60.1,10.5,50
1300050160,一般国道５号,大沼公園鹿部線,七飯町・森町境,1337,0,1.3,亀田郡七飯町西大沼,8178,亀田郡七飯町西大沼,7846,16024,1.29,1.63,46.2,53.1,10.5,50
1300050170,一般国道５号,七飯町・森町境,大沼公園鹿部線,1345,0,0.8,亀田郡七飯町西大沼,8178,亀田郡七飯町西大沼,7846,16024,1.29,0.56,59.2,57.4,23.5,50
1300050180,一般国道５号,大沼公園鹿部線,一般国道２７８号,1345,0,11.5,茅部郡森町赤井川,6230,茅部郡森町赤井川,6350,12580,1.29,1.49,52.4,52,11,60
1300050190,一般国道５号,一般国道２７８号,森停車場線,1345,0,0.7,二海郡八雲町入沢,3791,二海郡八雲町入沢,3802,7593,1.29,0.81,31,33.2,15.75,60
1300050200,一般国道５号,森停車場線,霞台森停車場線,1345,0,0.8,二海郡八雲町入沢,3791,二海郡八雲町入沢,3802,7593,1.29,0.81,38.9,46.6,15.75,60
1300050210,一般国道５号,霞台森停車場線,森砂原線,1345,0,1.7,二海郡八雲町入沢,3791,二海郡八雲町入沢,3802,7593,1.29,0.81,46.9,51,15.75,60
1300050220,一般国道５号,森砂原線,濁川温泉線,1345,0,7.1,二海郡八雲町入沢,3791,二海郡八雲町入沢,3802,7593,1.29,0.77,58,60.2,8.5,60
1300050230,一般国道５号,濁川温泉線,森町・八雲町境,1345,0,3.4,二海郡八雲町入沢,3791,二海郡八雲町入沢,3802,7593,1.29,0.77,59.4,59.9,8.5,60
1300050240,一般国道５号,森町・八雲町境,八雲厚沢部線,1346,0,3.4,二海郡八雲町入沢,3791,二海郡八雲町入沢,3802,7593,1.29,0.79,55.7,52.1,8.5,50
1300050250,一般国道５号,八雲厚沢部線,落部インター線,1346,0,2.7,二海郡八雲町落部584,3671,二海郡八雲町落部584,4134,7805,1.3,0.71,53.6,58.3,8.5,50
1300050260,一般国道５号,落部インター線,桜野野田生停車場線,1346,0,2.8,二海郡八雲町野田追,5332,二海郡八雲町野田追,4909,10241,1.3,1.01,53.5,52.7,8.5,50
1300050270,一般国道５号,桜野野田生停車場線,花浦内浦線,1346,0,8.2,二海郡八雲町野田追,5332,二海郡八雲町野田追,4909,10241,1.3,1.01,57.7,56.3,8.5,50
1300050280,一般国道５号,花浦内浦線,八雲港線,1346,0,0.7,二海郡八雲町東雲町17-40,4482,二海郡八雲町東雲町17-40,4783,9265,1.3,0.28,41.4,30.9,30,60
1300050285,一般国道５号,八雲港線,八雲北檜山線,1346,0,0.2,二海郡八雲町東雲町17-40,4482,二海郡八雲町東雲町17-40,4783,9265,1.3,0.28,25.7,21.2,30,60
1300050290,一般国道５号,八雲北檜山線,八雲停車場線,1346,0,0.7,二海郡八雲町東雲町17-40,4482,二海郡八雲町東雲町17-40,4783,9265,1.3,0.28,36.6,37.6,30,60
1300050300,一般国道５号,八雲停車場線,一般国道２７７号,1346,0,1.1,二海郡八雲町東雲町17-40,4482,二海郡八雲町東雲町17-40,4783,9265,1.3,0.28,44.2,40.2,30,60
1300050310,一般国道５号,一般国道２７７号,花浦内浦線,1346,0,1.3,二海郡八雲町花浦,3578,二海郡八雲町花浦,3718,7296,1.38,0.34,57.5,54.5,30,60
1300050320,一般国道５号,花浦内浦線,八雲町・長万部町境,1346,0,11,二海郡八雲町花浦,3578,二海郡八雲町花浦,3718,7296,1.38,0.85,62.8,63.3,11,60
1300050330,一般国道５号,八雲町・長万部町境,一般国道２３０号,1347,0,7.7,二海郡八雲町花浦,3578,二海郡八雲町花浦,3718,7296,1.38,0.85,61.4,61.6,11,60
1300050340,一般国道５号,一般国道２３０号,長万部公園線,1347,0,8.6,山越郡長万部町大浜,3768,山越郡長万部町大浜,3920,7688,1.21,0.85,50.8,51.8,11,60
1300050350,一般国道５号,長万部公園線,一般国道３７号,1347,0,1.3,山越郡長万部町大浜,3768,山越郡長万部町大浜,3920,7688,1.21,0.85,47.1,46.5,11,60
1300050360,一般国道５号,一般国道３７号,道央自動車道,1347,0,1.6,山越郡長万部町長万部327-5,1057,山越郡長万部町長万部327-5,1470,2527,1.38,0.29,39.3,35.2,7.5,60
1300050370,一般国道５号,道央自動車道,大峯双葉線,1347,0,8,山越郡長万部町蕨岱,1026,山越郡長万部町蕨岱,1100,2126,1.38,0.31,64.5,65.3,7.5,60
1300050380,一般国道５号,大峯双葉線,寿都黒松内線,1347,0,5.3,山越郡長万部町蕨岱,1026,山越郡長万部町蕨岱,1100,2126,1.38,0.31,62.9,62,7.5,60
1300050390,一般国道５号,寿都黒松内線,長万部町・黒松内町境,1347,0,0,山越郡長万部町蕨岱,1026,山越郡長万部町蕨岱,1100,2126,1.38,0.31,33.5,30.8,7.5,60
1300050400,一般国道５号,長万部町・黒松内町境,大成黒松内停車場線,1393,0,5.6,寿都郡黒松内町字白井川17,981,寿都郡黒松内町字白井川17,999,1980,1.15,0.3,64.7,66.2,7.5,60
1300050410,一般国道５号,大成黒松内停車場線,大成黒松内停車場線,1393,0,0.4,寿都郡黒松内町字白井川17,981,寿都郡黒松内町字白井川17,999,1980,1.15,0.3,55,61.7,7.5,60
1300050420,一般国道５号,大成黒松内停車場線,熱郛白井川線,1393,0,3.6,寿都郡黒松内町字白井川17,981,寿都郡黒松内町字白井川17,999,1980,1.15,0.3,63.7,67.1,7.5,60
1300050430,一般国道５号,熱郛白井川線,白井川豊浦線,1393,0,1.5,寿都郡黒松内町字白井川17,981,寿都郡黒松内町字白井川17,999,1980,1.15,0.31,51.4,52,7.5,60
1300050440,一般国道５号,白井川豊浦線,一般国道５号（黒松内新道）,1393,0,0.2,寿都郡黒松内町字白井川17,981,寿都郡黒松内町字白井川17,999,1980,1.15,0.31,43.7,39.9,7.5,60
1300050450,一般国道５号,一般国道５号（黒松内新道）,黒松内町・蘭越町境,1393,0,4.8,寿都郡黒松内町字白井川,666,寿都郡黒松内町字白井川,709,1375,1.15,0.21,68.1,67.1,7.5,60
1300050460,一般国道５号,黒松内町・蘭越町境,名駒田下線,1394,0,4.4,寿都郡黒松内町字白井川,666,寿都郡黒松内町字白井川,709,1375,1.15,0.18,66.7,70.4,11,60
1300050470,一般国道５号,名駒田下線,相生蘭越線,1394,0,5,寿都郡黒松内町字白井川,666,寿都郡黒松内町字白井川,709,1375,1.15,0.18,62.5,65.8,11,60
1300050480,一般国道５号,相生蘭越線,磯谷蘭越線,1394,0,3.4,寿都郡黒松内町字白井川,666,寿都郡黒松内町字白井川,709,1375,1.15,0.18,63.4,65.8,11,60
1300050490,一般国道５号,磯谷蘭越線,蘭越停車場線,1394,0,2.9,磯谷郡蘭越町蘭越町,2161,磯谷郡蘭越町蘭越町,2069,4230,1.17,0.34,57.6,59.7,10.75,50
1300050500,一般国道５号,蘭越停車場線,北尻別蘭越停車場線,1394,0,0.9,磯谷郡蘭越町蘭越町,2161,磯谷郡蘭越町蘭越町,2069,4230,1.17,0.34,28.9,30.3,10.75,50
1300050510,一般国道５号,北尻別蘭越停車場線,昆布停車場ニセコ線,1394,0,6.7,磯谷郡蘭越町蘭越町,2161,磯谷郡蘭越町蘭越町,2069,4230,1.17,0.34,56.1,56,10.75,50
1300050520,一般国道５号,昆布停車場ニセコ線,蘭越町・ニセコ町境,1394,0,0.2,磯谷郡蘭越町蘭越町,2161,磯谷郡蘭越町蘭越町,2069,4230,1.17,0.34,31.1,35.5,10.75,50
1300050530,一般国道５号,蘭越町・ニセコ町境,豊浦ニセコ線,1395,0,0.2,磯谷郡蘭越町蘭越町,2161,磯谷郡蘭越町蘭越町,2069,4230,1.17,0.34,48.7,51.9,8.5,60
1300050540,一般国道５号,豊浦ニセコ線,峠宮田線,1395,0,6.3,磯谷郡蘭越町蘭越町,2161,磯谷郡蘭越町蘭越町,2069,4230,1.17,0.34,62.8,61.5,8.5,60
1300050550,一般国道５号,峠宮田線,岩内洞爺線,1395,0,3.9,磯谷郡蘭越町蘭越町,2161,磯谷郡蘭越町蘭越町,2069,4230,1.17,0.34,57.5,55.5,8.5,60
1300050560,一般国道５号,岩内洞爺線,ニセコ停車場線,1395,0,1.4,虻田郡倶知安町字比羅夫,3808,虻田郡倶知安町字比羅夫,3808,7616,1.19,0.66,38.5,34.8,8.5,60
1300050570,一般国道５号,ニセコ停車場線,ニセコ町・倶知安町境,1395,0,4.4,虻田郡倶知安町字比羅夫,3808,虻田郡倶知安町字比羅夫,3808,7616,1.19,0.66,57.7,59.1,8.5,60
1300050580,一般国道５号,ニセコ町・倶知安町境,ニセコ高原比羅夫線,1400,0,2.7,虻田郡倶知安町字比羅夫,3808,虻田郡倶知安町字比羅夫,3808,7616,1.19,0.67,57.8,55,10.75,60
1300050590,一般国道５号,ニセコ高原比羅夫線,京極倶知安線,1400,0,2.4,虻田郡倶知安町字比羅夫,4829,虻田郡倶知安町字比羅夫,5166,9995,1.19,0.84,46.9,44.4,10.75,60
1300050600,一般国道５号,京極倶知安線,蘭越ニセコ倶知安線,1400,0,0.6,虻田郡倶知安町字比羅夫,4829,虻田郡倶知安町字比羅夫,5166,9995,1.19,0.43,36.9,32.9,25,50
1300050610,一般国道５号,蘭越ニセコ倶知安線,倶知安ニセコ線,1400,0,1,虻田郡倶知安町字比羅夫,4829,虻田郡倶知安町字比羅夫,5166,9995,1.19,0.43,28.7,29,25,50
1300050620,一般国道５号,倶知安ニセコ線,倶知安停車場線,1400,0,0.3,虻田郡倶知安町字比羅夫,4829,虻田郡倶知安町字比羅夫,5166,9995,1.19,0.57,24.1,23.8,25,50
1300050630,一般国道５号,倶知安停車場線,一般国道２７６号,1400,0,0.3,虻田郡倶知安町字比羅夫,4829,虻田郡倶知安町字比羅夫,5166,9995,1.19,0.57,27.1,21.2,25,50
1300050640,一般国道５号,一般国道２７６号,倶知安町・共和町境,1400,0,4.5,虻田郡倶知安町北7条東1丁目,3417,虻田郡倶知安町北7条東1丁目,3975,7392,1.15,0.64,41.8,48.8,12.25,50
1300050650,一般国道５号,倶知安町・共和町境,老古美小沢停車場線,1401,0,4.4,虻田郡倶知安町北7条東1丁目,3417,虻田郡倶知安町北7条東1丁目,3975,7392,1.15,0.64,57.6,60.1,8.5,50
1300050655,一般国道５号,老古美小沢停車場線,老古美小沢停車場線,1401,0,2.2,虻田郡倶知安町北7条東1丁目,3417,虻田郡倶知安町北7条東1丁目,3975,7392,1.15,0.64,58.8,54.5,8.5,50
1300050660,一般国道５号,老古美小沢停車場線,一般国道２７６号,1401,0,2.5,虻田郡倶知安町北7条東1丁目,3417,虻田郡倶知安町北7条東1丁目,3975,7392,1.15,0.64,59.4,53.8,8.5,50
1300050670,一般国道５号,一般国道２７６号,共和町・仁木町境,1401,0,8.1,岩内郡共和町国富110,3799,岩内郡共和町国富110,3748,7547,1.2,0.66,56.2,60.6,8.5,50
1300050680,一般国道５号,共和町・仁木町境,仁木赤井川線,1407,0,4.4,岩内郡共和町国富110,3799,岩内郡共和町国富110,3748,7547,1.2,0.67,65.2,61.1,10.75,50
1300050690,一般国道５号,仁木赤井川線,仁木停車場線,1407,0,10.4,余市郡仁木町大江1丁目,4590,余市郡仁木町大江1丁目,4513,9103,1.19,0.84,54,53.8,10.75,50
1300050700,一般国道５号,仁木停車場線,仁木町・余市町境,1407,0,2.5,余市郡仁木町大江1丁目,4590,余市郡仁木町大江1丁目,4513,9103,1.19,0.84,48.6,48.2,10.75,50
1300050710,一般国道５号,仁木町・余市町境,余市赤井川線,1408,0,0.3,余市郡仁木町大江1丁目,4590,余市郡仁木町大江1丁目,4513,9103,1.19,1.02,44.2,35.5,18,40
1300050720,一般国道５号,余市赤井川線,然別余市線,1408,0,1.1,余市郡仁木町大江1丁目,4590,余市郡仁木町大江1丁目,4513,9103,1.19,1.02,32.3,30.7,18,40
1300050730,一般国道５号,然別余市線,登余市停車場線,1408,0,0.1,余市郡仁木町大江1丁目,4590,余市郡仁木町大江1丁目,4513,9103,1.19,1.2,21.3,15.9,18,40
1300050735,一般国道５号,登余市停車場線,登余市停車場線,1408,0,0.2,余市郡余市町黒川町7丁目,6027,余市郡余市町黒川町7丁目,5863,11890,1.18,1.43,20.2,17.3,18,40
1300050740,一般国道５号,登余市停車場線,一般国道２２９号,1408,0,0.1,余市郡余市町黒川町7丁目,6027,余市郡余市町黒川町7丁目,5863,11890,1.18,1.43,19.5,17.3,18,40
1300050750,一般国道５号,一般国道２２９号,豊丘余市停車場線,1408,0,0.6,余市郡余市町黒川町7丁目,6027,余市郡余市町黒川町7丁目,5863,11890,1.18,1.07,30.2,17.4,18,40
1300050755,一般国道５号,豊丘余市停車場線,町道大浜中登線,1408,0,2.1,余市郡余市町大川町8丁目,7000,余市郡余市町大川町8丁目,6712,13712,1.19,1.25,30.1,31.5,15,50
1300050760,一般国道５号,町道大浜中登線,栄町温泉線,1408,0,2,小樽市蘭島1丁目,6486,小樽市蘭島1丁目,6324,12810,1.25,1.06,50.6,50.2,15,50
1300050770,一般国道５号,栄町温泉線,余市町・小樽市境,1408,0,0.3,小樽市蘭島1丁目,6486,小樽市蘭島1丁目,6324,12810,1.25,1.06,51.2,53,15,50
1300050780,一般国道５号,余市町・小樽市境,小樽環状線,1203,0,6.1,小樽市蘭島1丁目,6486,小樽市蘭島1丁目,6324,12810,1.25,1.06,48.8,50.3,10.75,60
1300050790,一般国道５号,小樽環状線,小樽港稲穂線,1203,0,7.7,小樽市長橋5丁目,6638,小樽市長橋5丁目,7353,13991,1.25,0.56,41.3,37,33,60
1300050800,一般国道５号,小樽港稲穂線,天神南小樽停車場線,1203,0,0.9,小樽市稲穂2丁目,12593,小樽市稲穂2丁目,11583,24176,1.21,1.38,16.5,20.2,22,40
1300050810,一般国道５号,天神南小樽停車場線,一般国道３９３号,1203,0,1.7,小樽市稲穂2丁目,12593,小樽市稲穂2丁目,11583,24176,1.21,1.38,24.9,24.5,22,40
1300050820,一般国道５号,一般国道３９３号,札樽自動車道,1203,0,1.2,小樽市若松2丁目,9341,小樽市若松2丁目,8625,17966,1.23,1.03,22.7,23.9,22,40
1300050830,一般国道５号,札樽自動車道,小樽定山渓線,1203,0,3.4,小樽市船浜町,17066,小樽市船浜町,16544,33610,1.32,1.81,23.6,38.7,22,50
1300050840,一般国道５号,小樽定山渓線,小樽石狩線,1203,0,9.7,小樽市張碓145,13887,小樽市張碓145,14243,28130,1.31,0.68,52.8,54.1,25.5,60
1300050850,一般国道５号,小樽石狩線,銭函インター線,1203,0,1.2,小樽市張碓145,13887,小樽市張碓145,14243,28130,1.31,1.01,45.9,39.6,25,60
1300050860,一般国道５号,銭函インター線,銭函停車場線,1203,0,0.3,小樽市張碓145,13887,小樽市張碓145,14243,28130,1.31,1.01,27.3,42.5,25,60
1300050870,一般国道５号,銭函停車場線,一般国道３３７号,1203,0,1.1,小樽市張碓145,13887,小樽市張碓145,14243,28130,1.31,1.01,47.6,49,25,60
1300050880,一般国道５号,一般国道３３７号,小樽市・札幌市手稲区境,1203,0,1.4,小樽市銭函3丁目,7909,小樽市銭函3丁目,8646,16555,1.3,0.6,44.8,44,25,60
1300050890,一般国道５号,小樽市・札幌市手稲区境,石狩手稲線,1109,0,4.3,札幌市手稲区稲穂1条8丁目5番地,9643,札幌市手稲区稲穂1条8丁目5番地,10327,19970,1.28,1.01,29.6,29.6,25,50
1300050900,一般国道５号,石狩手稲線,手稲インター線,1109,0,0.5,札幌市手稲区富丘3条7丁目,15517,札幌市手稲区富丘3条7丁目,15216,30733,1.3,0.83,22,23.7,25,50
1300050910,一般国道５号,手稲インター線,札幌北広島環状線,1109,0,2.6,札幌市手稲区富丘3条7丁目,15517,札幌市手稲区富丘3条7丁目,15216,30733,1.3,0.83,29.5,25.9,25,50
1300050920,一般国道５号,札幌北広島環状線,札樽自動車道,1107,0,0.8,札幌市西区宮の沢1条3丁目,11050,札幌市西区宮の沢1条3丁目,11869,22919,1.33,0.79,21.3,19.1,25,50
1300050930,一般国道５号,札樽自動車道,下手稲札幌線,1107,0,2.4,札幌市西区発寒12条1丁目,11117,札幌市西区発寒13条2丁目,11152,22269,1.31,0.84,25.7,17.4,31,50
1300050940,一般国道５号,下手稲札幌線,前田新川線,1107,0,1,札幌市西区八軒10条西10丁目,15044,札幌市西区八軒10条西10丁目,13954,28998,1.3,1.17,22.4,21.8,31,50
1300050950,一般国道５号,前田新川線,札樽自動車道,1102,0,0.1,札幌市北区新川2条8丁目,20355,札幌市北区新川2条8丁目,10378,30733,1.3,1.22,10.1,16.1,31,50
1300059950,一般国道５号,札樽自動車道,琴似停車場新琴似線,1102,0,1.5,札幌市北区新川2条8丁目,20355,札幌市北区新川2条8丁目,10378,30733,1.3,1.35,18.5,30.7,31,50
1300059960,一般国道５号,琴似停車場新琴似線,札樽自動車道,1102,0,0.9,札幌市北区新川2条8丁目,20355,札幌市北区新川2条8丁目,10378,30733,1.3,1.35,26.4,13.3,31,50
1300050960,一般国道５号,札樽自動車道,一般国道２３１号,1102,0,0.5,札幌市北区北34条西2丁目,22526,札幌市北区北34条西2丁目,20658,43184,1.3,1.28,22.6,15.2,39,50
1300050970,一般国道５号,一般国道２３１号,札幌環状線,1102,0,1.2,札幌市東区北24条東1丁目,14995,札幌市東区北24条東1丁目,14524,29519,1.3,0.92,19.3,19.2,29.5,50
1300050980,一般国道５号,札幌環状線,北１８条線,1102,0,1,札幌市北区北19条西2丁目,17525,札幌市北区北19条西2丁目,16388,33913,1.3,1.01,23.7,18,29.5,50
1300050990,一般国道５号,北１８条線,北１５条線,1102,0,0.4,札幌市北区北15条東1丁目,16229,札幌市北区北15条東1丁目,15090,31319,1.3,0.88,20.7,14.6,29.5,50
1300051000,一般国道５号,北１５条線,花畔札幌線,1102,0,0.9,札幌市東区北8条東1丁目,16784,札幌市東区北8条東1丁目,19050,35834,1.3,1.2,17.2,15.5,29.5,50
1300051010,一般国道５号,花畔札幌線,札幌市北区・札幌市中央区境,1102,0,0.2,札幌市東区北8条東1丁目,16784,札幌市東区北8条東1丁目,19050,35834,1.3,0.92,9.9,13.6,40,50
1300051020,一般国道５号,札幌市北区・札幌市中央区境,一般国道１２号,1101,0,0.6,札幌市東区北8条東1丁目,16784,札幌市東区北8条東1丁目,19050,35834,1.3,1.19,10.9,14.3,40,50
1300051040,一般国道５号,一般国道５号,一般国道５号,1202,0,1.1,函館市石川町,6139,函館市石川町,6517,12656,1.2,0.62,32.2,54.9,13.5,50
1300051050,一般国道５号,一般国道５号,一般国道２２８号（函館江差道）,1202,0,1.8,函館市桔梗町434-16,11895,函館市桔梗町434-16,12815,24710,1.2,0.71,41.3,30.8,33,60
1300051060,一般国道５号（函館新道）,一般国道２２８号（函館江差道）,函館市・七飯町境,1202,1,1.7,函館市桔梗町440,12182,函館市桔梗町440,12136,24318,1.2,0.43,57.3,58.5,23.5,100
1300051070,一般国道５号（函館新道）,函館市・七飯町境,大野大中山線,1337,1,1.3,函館市桔梗町440,12182,函館市桔梗町440,12136,24318,1.2,0.43,90.3,92.9,23.5,100
1300051080,一般国道５号（函館新道）,大野大中山線,七飯療養所線,1337,1,3.8,亀田郡七飯町大中山,9571,亀田郡七飯町大中山,8962,18533,1.22,0.37,93.3,91.1,23.5,100
1300051090,一般国道５号（函館新道）,七飯療養所線,一般国道５号,1337,1,4.4,亀田郡七飯町字桜町646,7259,亀田郡七飯町字桜町646,7065,14324,1.22,1.05,77,80.5,28,70
1300051110,一般国道５号,一般国道５号,函館上磯線,1202,0,0.4,函館市昭和3丁目,2430,函館市昭和3丁目,2853,5283,1.15,0.6,19,22.2,32,40
1300051120,一般国道５号,函館上磯線,一般国道５号,1202,0,0.1,函館市石川町52-7,6803,函館市石川町52-7,7288,14091,1.22,0.52,13.9,37.3,42,50
1300051170,一般国道５号,,一般国道５号,1337,0,3.6,亀田郡七飯町藤城,637,亀田郡七飯町藤城,318,955,1.22,0.12,64.6,59.2,39.5,60
1300051190,一般国道５号（黒松内新道）,道央自動車道,一般国道５号,1393,1,4.8,寿都郡黒松内町字赤井川,345,寿都郡黒松内町字赤井川,335,680,1.12,0.09,69.8,65,13,70
1300120010,一般国道１２号,一般国道３６号,一般国道５号,1101,0,0.5,札幌市中央区北1条西2丁目,17757,札幌市中央区北1条西2丁目,15895,33652,1.28,1.4,12.9,13,25,50
1300120020,一般国道１２号,一般国道５号,札幌夕張線,1101,0,0.8,札幌市中央区北1条西2丁目,17757,札幌市中央区北1条西2丁目,15895,33652,1.28,1.4,17.3,14.3,25,50
1300120030,一般国道１２号,札幌夕張線,一般国道２７５号,1101,0,1.1,札幌市中央区北1条東12丁目,17725,札幌市中央区北1条東12丁目,16641,34366,1.28,1.51,20,19.9,25,50
1300120040,一般国道１２号,一般国道２７５号,札幌市中央区・札幌市白石区境,1101,0,0.1,札幌市中央区北1条東13丁目,13716,札幌市中央区北1条東13丁目,11610,25326,1.28,1.01,10.1,12.4,25,50
1300120050,一般国道１２号,札幌市中央区・札幌市白石区境,旭山公園米里線,1104,0,0.6,札幌市中央区北1条東13丁目,13716,札幌市中央区北1条東13丁目,11610,25326,1.28,1.18,16,25,25,50
1300120060,一般国道１２号,旭山公園米里線,札幌環状線,1104,0,1.7,札幌市白石区中央2条3丁目,14144,札幌市白石区中央2条3丁目,14523,28667,1.29,1.18,23.1,20.1,25,50
1300120070,一般国道１２号,札幌環状線,白石停車場線,1104,0,0.4,札幌市白石区本通4丁目北,15463,札幌市白石区本通4丁目北,16186,31649,1.26,0.98,11,20.1,25,50
1300120080,一般国道１２号,白石停車場線,西野白石線,1104,0,1.9,札幌市白石区本通4丁目北,15463,札幌市白石区本通4丁目北,16186,31649,1.26,0.98,21,22.8,25,50
1300120090,一般国道１２号,西野白石線,札幌市白石区・札幌市厚別区境,1104,0,2,札幌市白石区本通4丁目北,15463,札幌市白石区本通4丁目北,16186,31649,1.26,0.98,21.8,24.9,25,50
1300120910,一般国道１２号,札幌市白石区・札幌市厚別区境,一般国道２７４号,1108,0,0.2,札幌市白石区本通4丁目北,15463,札幌市白石区本通4丁目北,16186,31649,1.26,0.82,39.2,33.5,25,50
1300120900,一般国道１２号,一般国道２７４号,厚別停車場線,1108,0,1.4,札幌市厚別区厚別東5条8丁目,15241,札幌市厚別区厚別東5条8丁目,15019,30260,1.28,0.85,26,24.8,25,50
1300120120,一般国道１２号,厚別停車場線,厚別平岡線,1108,0,0.8,札幌市厚別区厚別東5条8丁目,15241,札幌市厚別区厚別東5条8丁目,15019,30260,1.28,0.85,24.8,23.8,25,50
1300120130,一般国道１２号,厚別平岡線,厚別東北郷線,1108,0,1.8,札幌市厚別区厚別東5条8丁目,15241,札幌市厚別区厚別東5条8丁目,15019,30260,1.28,0.85,23.5,23.6,25,50
1300120140,一般国道１２号,厚別東北郷線,札幌市厚別区・江別市境,1108,0,0.9,札幌市厚別区厚別東5条8丁目,15241,札幌市厚別区厚別東5条8丁目,15019,30260,1.28,0.85,23,35.2,25,50
1300120150,一般国道１２号,札幌市厚別区・江別市境,野幌総合運動公園線,1217,0,4.9,江別市文京台緑町,14123,江別市文京台緑町,14011,28134,1.28,0.92,40.1,40.3,25,50
1300120160,一般国道１２号,野幌総合運動公園線,江別恵庭線,1217,0,0.3,江別市文京台緑町,14123,江別市文京台緑町,14011,28134,1.28,0.92,23.2,28.5,25,50
1300120165,一般国道１２号,江別恵庭線,,1217,0,0.9,江別市文京台緑町,14123,江別市文京台緑町,14011,28134,1.28,0.92,28.6,26.6,25,50
1300120170,一般国道１２号,,江別恵庭線,1217,0,1,江別市文京台緑町,14123,江別市文京台緑町,14011,28134,1.28,0.92,35.7,23.6,25,50
1300120180,一般国道１２号,江別恵庭線,江別長沼線,1217,0,1.5,江別市一番町,8994,江別市一番町,8134,17128,1.28,0.6,31,28.6,25,50
1300120190,一般国道１２号,江別長沼線,江別長沼線,1217,0,1.5,江別市大川通6,12396,江別市大川通6,9597,21993,1.28,0.76,61.8,63,20.5,50
1300120200,一般国道１２号,江別長沼線,一般国道３３７号,1217,0,1,江別市大川通6,12396,江別市大川通6,9597,21993,1.28,0.57,58.7,55.2,28,60
1300120210,一般国道１２号,一般国道３３７号,江別市・岩見沢市境,1217,0,6.3,江別市豊幌美咲町3,9842,江別市豊幌美咲町3,9883,19725,1.3,0.53,52.2,53,28,60
1300120220,一般国道１２号,江別市・岩見沢市境,栗丘幌向停車場線,1210,0,2,岩見沢市上幌向町南1条2丁目,9808,岩見沢市上幌向町南1条2丁目,9879,19687,1.22,0.62,42.7,43.4,33,50
1300120230,一般国道１２号,栗丘幌向停車場線,中幌向栗沢線,1210,0,3.4,岩見沢市上幌向町南1条2丁目,9808,岩見沢市上幌向町南1条2丁目,9879,19687,1.22,0.55,55.1,57.2,31,60
1300120240,一般国道１２号,中幌向栗沢線,岩見沢石狩線,1210,0,1.3,岩見沢市上幌向町南1条2丁目,9808,岩見沢市上幌向町南1条2丁目,9879,19687,1.22,0.55,52,55.3,31,60
1300120250,一般国道１２号,岩見沢石狩線,岩見沢月形線,1210,0,2.4,岩見沢市上幌向町南1条2丁目,9808,岩見沢市上幌向町南1条2丁目,9879,19687,1.22,0.55,41.3,39.6,31,60
1300120260,一般国道１２号,岩見沢月形線,栗沢工業団地大和線,1210,0,0.6,岩見沢市大和2条8丁目,7404,岩見沢市大和2条8丁目,7861,15265,1.22,0.43,32.5,30.1,25,50
1300120270,一般国道１２号,栗沢工業団地大和線,一般国道２３４号,1210,0,1.9,岩見沢市大和2条8丁目,7404,岩見沢市大和2条8丁目,7861,15265,1.22,0.43,38.4,41.8,25,50
1300120280,一般国道１２号,一般国道２３４号,上志文四条東線,1210,0,1,岩見沢市10条西2丁目,11713,岩見沢市10条西2丁目,12068,23781,1.22,0.75,27.3,23.8,25,50
1300120290,一般国道１２号,上志文四条東線,宝水岩見沢線,1210,0,1.7,岩見沢市10条西2丁目,11713,岩見沢市10条西2丁目,12068,23781,1.22,0.75,35.8,32.3,25,50
1300120300,一般国道１２号,宝水岩見沢線,岩見沢桂沢線,1210,0,0.2,岩見沢市10条西2丁目,11713,岩見沢市10条西2丁目,12068,23781,1.22,0.75,23.6,23,25,50
1300120310,一般国道１２号,岩見沢桂沢線,岩見沢停車場線,1210,0,0.2,岩見沢市10条西2丁目,11713,岩見沢市10条西2丁目,12068,23781,1.22,0.75,28.2,37.3,25,50
1300120320,一般国道１２号,岩見沢停車場線,岩見沢三笠線,1210,0,2.5,岩見沢市2条東17丁目,9916,岩見沢市2条東17丁目,9613,19529,1.22,0.72,38.3,43.1,30,50
1300120330,一般国道１２号,岩見沢三笠線,三笠栗山線,1210,0,1.7,美唄市光珠内町北,7475,美唄市光珠内町北,7315,14790,1.25,0.57,37.6,40.9,30,50
1300120340,一般国道１２号,三笠栗山線,岩見沢市・美唄市境,1210,0,1.2,美唄市光珠内町北,7475,美唄市光珠内町北,7315,14790,1.25,0.65,48.6,59.2,26.75,50
1300120350,一般国道１２号,岩見沢市・美唄市境,月形峰延線,1215,0,0.7,美唄市光珠内町北,7475,美唄市光珠内町北,7315,14790,1.25,0.69,58.4,43.4,26.75,50
1300120360,一般国道１２号,月形峰延線,美唄三笠線,1215,0,0.3,美唄市光珠内町北,7475,美唄市光珠内町北,7315,14790,1.25,2,39,28.2,22,50
1300120370,一般国道１２号,美唄三笠線,美唄月形線,1215,0,8.3,美唄市光珠内町北,7475,美唄市光珠内町北,7315,14790,1.25,1.68,46.1,48,17,50
1300120380,一般国道１２号,美唄月形線,美唄停車場線,1215,0,0.1,美唄市光珠内町北,7475,美唄市光珠内町北,7315,14790,1.25,0.73,32.1,23.8,27.2,50
1300120385,一般国道１２号,美唄停車場線,,1215,0,0.2,美唄市光珠内町北,7475,美唄市光珠内町北,7315,14790,1.25,0.73,29.3,28.5,27.2,50
1300120390,一般国道１２号,,美唄富良野線,1215,0,0.6,美唄市大通西1条北3丁目,7013,美唄市大通西1条北3丁目,6281,13294,1.22,0.5,34.7,33.2,27.2,50
1300120400,一般国道１２号,美唄富良野線,開発茶志内線,1215,0,3.9,美唄市西1条北5丁目,5563,美唄市西1条北5丁目,5424,10987,1.25,0.31,47.8,49.6,35,60
1300120410,一般国道１２号,開発茶志内線,美唄市・奈井江町境,1215,0,2.9,美唄市西1条北5丁目,5563,美唄市西1条北5丁目,5424,10987,1.25,0.3,56.4,59,30,60
1300120420,一般国道１２号,美唄市・奈井江町境,江別奈井江線,1424,0,2.7,空知郡奈井江町チャシュナイ,4637,空知郡奈井江町チャシュナイ,4263,8900,1.26,0.24,53.7,48.2,35,50
1300120430,一般国道１２号,江別奈井江線,東奈井江奈井江停車場線,1424,0,0.2,空知郡奈井江町チャシュナイ,4637,空知郡奈井江町チャシュナイ,4263,8900,1.26,0.25,30.8,33.7,25.66,50
1300120440,一般国道１２号,東奈井江奈井江停車場線,東奈井江奈井江停車場線,1424,0,0.4,空知郡奈井江町チャシュナイ,4637,空知郡奈井江町チャシュナイ,4263,8900,1.26,0.25,36,41.7,25.66,50
1300120450,一般国道１２号,東奈井江奈井江停車場線,赤平奈井江線,1424,0,2.8,空知郡奈井江町チャシュナイ,4637,空知郡奈井江町チャシュナイ,4263,8900,1.26,0.27,46.7,45.2,30,60
1300120460,一般国道１２号,赤平奈井江線,奈井江町・砂川市境,1424,0,0.6,空知郡奈井江町チャシュナイ,4637,空知郡奈井江町チャシュナイ,4263,8900,1.26,0.27,54.3,57.5,30,60
1300120470,一般国道１２号,奈井江町・砂川市境,芦別砂川線,1226,0,3.4,空知郡奈井江町チャシュナイ,4637,空知郡奈井江町チャシュナイ,4263,8900,1.26,0.32,39.9,36,27.27,50
1300120480,一般国道１２号,芦別砂川線,砂川停車場線,1226,0,0.8,砂川市空知太西1条4丁目,10577,砂川市空知太西1条4丁目,9829,20406,1.22,0.79,30.1,34.4,27.27,50
1300120490,一般国道１２号,砂川停車場線,砂川新十津川線,1226,0,0.9,砂川市空知太西1条4丁目,10577,砂川市空知太西1条4丁目,9829,20406,1.22,0.79,29,30.8,27.27,50
1300120500,一般国道１２号,砂川新十津川線,砂川歌志内線,1226,0,2.2,砂川市空知太西1条4丁目,10577,砂川市空知太西1条4丁目,9829,20406,1.22,0.82,47.7,39.2,22,60
1300120510,一般国道１２号,砂川歌志内線,一般国道１２号,1226,0,2.3,砂川市空知太西1条4丁目,10577,砂川市空知太西1条4丁目,9829,20406,1.22,0.82,39.7,34,22,60
1300120520,一般国道１２号,一般国道１２号,赤平滝川線,1226,0,0.9,砂川市空知太西6条6丁目,4903,砂川市空知太西6条6丁目,4467,9370,1.22,0.65,37,38.7,21,50
1300120530,一般国道１２号,赤平滝川線,砂川市・滝川市境,1226,0,0.5,砂川市空知太西6条6丁目,4903,砂川市空知太西6条6丁目,4467,9370,1.22,0.65,25.8,28.7,21,50
1300120540,一般国道１２号,砂川市・滝川市境,一般国道４５１号,1225,0,0.3,砂川市空知太西6条6丁目,4903,砂川市空知太西6条6丁目,4467,9370,1.22,0.64,35.4,27.2,27,50
1300120550,一般国道１２号,一般国道４５１号,滝川停車場線,1225,0,0.6,滝川市空知町1,4665,滝川市空知町1,4212,8877,1.27,0.47,23.7,24.2,25,50
1300120560,一般国道１２号,滝川停車場線,一般国道３８号,1225,0,0.4,滝川市空知町1,4665,滝川市空知町1,4212,8877,1.27,0.47,17.2,20.6,25,50
1300120570,一般国道１２号,一般国道３８号,一般国道１２号,1225,0,3.5,滝川市一の坂町西2丁目,7658,滝川市一の坂町西2丁目,6259,13917,1.22,0.66,33.3,33,25,50
1300120580,一般国道１２号,一般国道１２号,江部乙赤平線,1225,0,4.2,滝川市北滝の川,5135,滝川市北滝の川,4966,10101,1.28,1.16,47.1,47.4,15,50
1300120590,一般国道１２号,江部乙赤平線,江部乙停車場線,1225,0,0.2,深川市音江町稲田,5007,深川市音江町稲田,4828,9835,1.31,1.46,26.2,33.3,25,50
1300120600,一般国道１２号,江部乙停車場線,江部乙雨竜線,1225,0,1,深川市音江町稲田,5007,深川市音江町稲田,4828,9835,1.31,1.15,41.1,39.1,11.5,60
1300120610,一般国道１２号,江部乙雨竜線,滝川市・深川市境,1225,0,4,深川市音江町稲田,5007,深川市音江町稲田,4828,9835,1.31,1.15,55.2,58,11.5,60
1300120620,一般国道１２号,滝川市・深川市境,増毛稲田線,1228,0,1,深川市音江町稲田,5007,深川市音江町稲田,4828,9835,1.31,1.15,53.8,50.8,10.75,60
1300120630,一般国道１２号,増毛稲田線,一般国道２３３号,1228,0,7.5,深川市音江町稲田,5007,深川市音江町稲田,4828,9835,1.31,1.15,55.8,53.6,10.75,60
1300120640,一般国道１２号,一般国道２３３号,湯内内園線,1228,0,5.7,深川市音江町稲田,5007,深川市音江町稲田,4828,9835,1.31,1.15,58.2,59.6,10.75,60
1300120650,一般国道１２号,湯内内園線,深川市・旭川市境,1228,0,3.5,深川市音江町稲田,5007,深川市音江町稲田,4828,9835,1.31,1.15,62.7,60.3,10.75,60
1300120660,一般国道１２号,深川市・旭川市境,旭川芦別線,1204,0,0.2,旭川市神居町神居古潭,7900,旭川市神居町神居古潭,8159,16059,1.27,0.67,36,29.2,26.5,60
1300120670,一般国道１２号,旭川芦別線,旭川深川線,1204,0,1.2,旭川市神居町神居古潭,7900,旭川市神居町神居古潭,8159,16059,1.27,0.67,37.7,42.4,26.5,60
1300120680,一般国道１２号,旭川深川線,一般国道１２号,1204,0,11.4,旭川市神居町神居古潭,7900,旭川市神居町神居古潭,8159,16059,1.27,1.79,58.4,54.9,16.75,60
1300120800,一般国道１２号,一般国道１２号,旭川環状線,1204,0,2,旭川市忠和4条1丁目66-510,4813,旭川市忠和4条1丁目66-510,4932,9745,1.24,0.41,39.5,39.6,51,50
1300120810,一般国道１２号,旭川環状線,近文停車場緑町線,1204,0,2.1,旭川市忠和4条2丁目10-24,9163,旭川市忠和4条2丁目10-24,8730,17893,1.24,0.62,45,36.4,28.5,60
1300120820,一般国道１２号,近文停車場緑町線,旭川鷹栖インター線,1204,0,0.5,旭川市旭町1条21丁目563番　	,11125,旭川市旭町1条21丁目563番　	,12529,23654,1.24,0.8,34.7,31.9,41.5,60
1300120830,一般国道１２号,旭川鷹栖インター線,旭川幌加内線,1204,0,2.4,旭川市旭町1条21丁目563番　	,11125,旭川市旭町1条21丁目563番　	,12529,23654,1.24,0.8,37.2,39.7,41.5,60
1300120840,一般国道１２号,旭川幌加内線,旭川環状線,1204,0,1.8,旭川市春光7条6丁目2-16,10013,旭川市春光7条6丁目2-16,8989,19002,1.24,0.4,58.5,46.5,41.5,60
1300120850,一般国道１２号,旭川環状線,雨竜旭川線,1204,0,1.7,旭川市末広6条12丁目4997-35,7273,旭川市末広6条12丁目4997-35,7371,14644,1.24,0.66,47.3,45.7,51,60
1300120860,一般国道１２号,雨竜旭川線,一般国道４０号,1204,0,1.5,旭川市末広6条12丁目4997-35,7273,旭川市末広6条12丁目4997-35,7371,14644,1.24,0.66,36,25.2,51,60
1300120870,一般国道１２号,一般国道４０号,北旭川停車場永山線,1204,0,1.5,旭川市永山町7丁目19-2,8651,旭川市永山町7丁目19-2,8379,17030,1.24,0.67,23.6,25.4,31.5,60
1300120880,一般国道１２号,北旭川停車場永山線,一般国道３９号,1204,0,0.6,旭川市永山町7丁目19-2,8651,旭川市永山町7丁目19-2,8379,17030,1.24,0.74,31.1,16.8,32,60
1300120750,一般国道１２号,一般国道１２号,砂川市・滝川市境,1226,0,1.2,砂川市空知太東1条7丁目,3749,砂川市空知太東1条7丁目,5171,8920,1.27,0.34,37.9,48.1,25.7,60
1300120760,一般国道１２号,砂川市・滝川市境,一般国道３８号,1225,0,0.3,砂川市空知太東1条7丁目,3749,砂川市空知太東1条7丁目,5171,8920,1.27,0.33,39.9,23,27.7,60
1300120770,一般国道１２号,一般国道３８号,北滝の川東滝川停車場線,1225,0,3.5,砂川市空知太東1条7丁目,3749,砂川市空知太東1条7丁目,5171,8920,1.27,0.35,28,28.4,28,60
1300120780,一般国道１２号,北滝の川東滝川停車場線,一般国道１２号,1225,0,1.3,砂川市空知太東1条7丁目,3749,砂川市空知太東1条7丁目,5171,8920,1.27,0.35,40.4,29.3,28,60
1300120690,一般国道１２号,一般国道１２号,上雨紛台場線,1204,0,0.4,旭川市神居3条1丁目482-2,8402,旭川市神居3条1丁目482-2,9662,18064,1.27,0.75,38.4,43.6,18.75,50
1300120700,一般国道１２号,上雨紛台場線,旭川環状線,1204,0,2.1,旭川市神居3条1丁目482-2,8402,旭川市神居3条1丁目482-2,9662,18064,1.27,0.56,40.7,38.6,27,50
1300120710,一般国道１２号,旭川環状線,一般国道２３７号,1204,0,2,旭川市神居1条1丁目196-1,9798,旭川市神居1条1丁目196-1,10958,20756,1.21,0.98,22.2,26.4,27,40
1300120720,一般国道１２号,一般国道２３７号,一般国道４０号,1204,0,0.7,北海道旭川市4条通3丁目,7665,北海道旭川市4条通3丁目,7986,15651,1.21,0.7,23,22.8,27,40
1300120730,一般国道１２号,一般国道４０号,一般国道３９号,1204,0,0.1,北海道旭川市4条通3丁目,7665,北海道旭川市4条通3丁目,7986,15651,1.21,0.7,11.7,14,27,40
1300360010,一般国道３６号,一般国道１２号,南４条線,1101,0,0.7,札幌市中央区北1条西3丁目,6715,札幌市中央区北1条西3丁目,5723,12438,1.32,0.39,10.1,10.2,36,40
1300360020,一般国道３６号,南４条線,真駒内篠路線,1101,0,0.4,札幌市中央区南4条西3丁目,13645,札幌市中央区南4条西3丁目,13400,27045,1.32,0.69,14.8,12.6,36,40
1300360030,一般国道３６号,真駒内篠路線,札幌市中央区・札幌市豊平区境,1101,0,0.6,札幌市中央区南4条東4丁目,15598,札幌市中央区南4条東4丁目,23700,39298,1.3,0.78,16.8,10,45,40
1300360040,一般国道３６号,札幌市中央区・札幌市豊平区境,旭山公園米里線,1105,0,0.4,札幌市豊平区豊平4条1丁目,15453,札幌市豊平区豊平4条1丁目,19918,35371,1.32,1.07,17.9,20,25,50
1300360050,一般国道３６号,旭山公園米里線,一般国道４５３号,1105,0,0.3,札幌市豊平区豊平4条1丁目,15453,札幌市豊平区豊平4条1丁目,19918,35371,1.32,1.07,16.3,17.7,25,50
1300360060,一般国道３６号,一般国道４５３号,札幌環状線,1105,0,2.1,札幌市豊平区豊平4条1丁目,15453,札幌市豊平区豊平4条1丁目,19918,35371,1.32,1.07,20.1,21.3,25,50
1300360070,一般国道３６号,札幌環状線,西野白石線,1105,0,1.7,札幌市豊平区豊平4条1丁目,15453,札幌市豊平区豊平4条1丁目,19918,35371,1.32,1.07,17.4,19.3,25,50
1300360080,一般国道３６号,西野白石線,西野真駒内清田線,1105,0,1.2,札幌市豊平区豊平4条1丁目,15453,札幌市豊平区豊平4条1丁目,19918,35371,1.32,1.07,17.4,21.9,25,50
1300360090,一般国道３６号,西野真駒内清田線,札幌市豊平区・札幌市清田区境,1105,0,1.4,札幌市豊平区月寒東1条16丁目,16101,札幌市豊平区月寒東1条16丁目,16577,32678,1.3,0.95,26.6,33.8,25,50
1300360100,一般国道３６号,札幌市豊平区・札幌市清田区境,真駒内御料札幌線,1110,0,2.1,札幌市清田区北野1条1丁目,16101,札幌市清田区北野1条1丁目,16577,32678,1.3,1.4,23.6,22.5,25,50
1300360110,一般国道３６号,真駒内御料札幌線,厚別平岡線,1110,0,1.1,札幌市清田区北野1条1丁目,16101,札幌市清田区北野1条1丁目,16577,32678,1.3,1.4,30.7,29.2,25,50
1300360120,一般国道３６号,厚別平岡線,羊ヶ丘線,1110,0,1.9,札幌市清田区北野1条1丁目,16101,札幌市清田区北野1条1丁目,16577,32678,1.3,1.4,28.9,31.7,25,50
1300360130,一般国道３６号,羊ヶ丘線,札幌市清田区・北広島市境,1110,0,0.2,札幌市清田区里塚2条6丁目,20680,札幌市清田区里塚2条6丁目,20929,41609,1.32,1.08,13.4,20.7,25,50
1300360140,一般国道３６号,札幌市清田区・北広島市境,道央自動車道,1234,0,0.5,北広島市大曲幸町2丁目,20555,北広島市大曲幸町2丁目,18798,39353,1.32,1.11,30,25.9,23.5,50
1300360150,一般国道３６号,道央自動車道,仁別大曲線,1234,0,0.3,北広島市大曲中央１丁目,18534,北広島市大曲中央１丁目,17411,35945,1.32,1.17,19.7,16.6,27,50
1300360155,一般国道３６号,仁別大曲線,仁別大曲線,1234,0,2.4,北広島市大曲中央2丁目,16948,北広島市大曲中央2丁目,18450,35398,1.36,1.28,28.1,37.2,35,50
1300360160,一般国道３６号,仁別大曲線,市道広島輪厚線,1234,0,1.6,北広島市輪厚,14995,北広島市輪厚,18104,33099,1.32,1.26,32.8,37.9,35,50
1300360170,一般国道３６号,市道広島輪厚線,北広島市・恵庭市境,1234,0,4.1,北広島市輪厚,16899,北広島市輪厚,20160,37059,1.32,1.11,46.8,44.1,35,50
1300360180,一般国道３６号,北広島市・恵庭市境,江別恵庭線,1231,0,1.8,北広島市輪厚,16899,北広島市輪厚,20160,37059,1.32,1.19,37.9,49.2,30,60
1300360190,一般国道３６号,江別恵庭線,江別恵庭線,1231,0,1.7,恵庭市北柏木町2丁目,9938,恵庭市北柏木町2丁目,9661,19599,1.32,0.79,43,43.8,35.5,50
1300360200,一般国道３６号,江別恵庭線,恵庭栗山線,1231,0,3,恵庭市南島松817,12752,恵庭市南島松817,13444,26196,1.32,0.97,31.7,36.1,35.5,50
1300360210,一般国道３６号,恵庭栗山線,江別恵庭線,1231,0,3.4,恵庭市南島松817,12752,恵庭市南島松817,13444,26196,1.32,0.82,42.7,40.9,30,50
1300360220,一般国道３６号,江別恵庭線,恵庭市・千歳市境,1231,0,0.6,千歳市上長都,17787,千歳市上長都,17498,35285,1.29,1.11,27.3,54.4,30,50
1300360230,一般国道３６号,恵庭市・千歳市境,早来千歳線,1224,0,1.5,千歳市上長都,17787,千歳市上長都,17498,35285,1.29,0.91,42.1,38,27.5,50
1300360240,一般国道３６号,早来千歳線,島松千歳線,1224,0,2.3,千歳市錦町3丁目,9766,千歳市錦町3丁目,9634,19400,1.32,0.64,39.5,32.9,27.5,50
1300360250,一般国道３６号,島松千歳線,一般国道３３７号,1224,0,1.3,千歳市錦町3丁目,9766,千歳市錦町3丁目,9634,19400,1.32,2.47,28.6,30.5,20,40
1300360260,一般国道３６号,一般国道３３７号,千歳インター線,1224,0,0.8,千歳市錦町3丁目,9766,千歳市錦町3丁目,9634,19400,1.32,2.47,18.4,15,20,40
1300360270,一般国道３６号,千歳インター線,早来千歳線,1224,0,1.3,千歳市本町2丁目,6930,千歳市本町2丁目,7466,14396,1.32,0.69,30.1,27.7,25.5,60
1300360280,一般国道３６号,早来千歳線,一般国道３３７号,1224,0,3,千歳市平和,14434,千歳市平和,14252,28686,1.32,1.2,57.1,60.5,25.5,60
1300360290,一般国道３６号,一般国道３３７号,早来千歳線,1224,0,0.4,千歳市美々,13371,千歳市美々,13197,26568,1.32,1.16,49.7,35.7,25.5,60
1300360300,一般国道３６号,早来千歳線,千歳市・苫小牧市境,1224,0,3.2,千歳市美々,13371,千歳市美々,13197,26568,1.32,0.8,58.7,61.4,21.5,60
1300360310,一般国道３６号,千歳市・苫小牧市境,千歳鵡川線,1213,0,0.4,苫小牧市美沢,11311,苫小牧市美沢,11546,22857,1.36,0.89,52.5,48,30,60
1300360320,一般国道３６号,千歳鵡川線,静川美沢線,1213,0,3,苫小牧市美沢,11311,苫小牧市美沢,11546,22857,1.36,0.89,59.3,60.5,30,60
1300360330,一般国道３６号,静川美沢線,一般国道２３５号,1213,0,5.7,苫小牧市美沢,11311,苫小牧市美沢,11546,22857,1.36,0.89,49.2,48.2,30,60
1300360340,一般国道３６号,一般国道２３５号,一般国道２３４号,1213,0,1.2,苫小牧市柳町4丁目19,17263,苫小牧市柳町4丁目19,16414,33677,1.29,1.1,27.4,31.5,30,60
1300360345,一般国道３６号,一般国道２３４号,苫小牧環状線,1213,0,0.4,苫小牧市柳町4丁目19,17263,苫小牧市柳町4丁目19,16414,33677,1.29,1.1,26.3,23.9,30,60
1300360350,一般国道３６号,苫小牧環状線,苫小牧環状線,1213,0,1.8,苫小牧市柳町4丁目19,17263,苫小牧市柳町4丁目19,16414,33677,1.29,1.1,36.5,33.6,30,60
1300360360,一般国道３６号,苫小牧環状線,上厚真苫小牧線,1213,0,5.9,苫小牧市柳町4丁目19,17263,苫小牧市柳町4丁目19,16414,33677,1.29,1.14,27.5,26.3,30,60
1300360370,一般国道３６号,上厚真苫小牧線,一般国道２７６号,1213,0,0.7,苫小牧市柳町4丁目19,17263,苫小牧市柳町4丁目19,16414,33677,1.29,0.74,21.2,24.7,39,50
1300360380,一般国道３６号,一般国道２７６号,苫小牧停車場線,1213,0,1.1,苫小牧市柳町4丁目19,17263,苫小牧市柳町4丁目19,16414,33677,1.29,0.74,28.3,25.2,39,50
1300360390,一般国道３６号,苫小牧停車場線,樽前錦岡線,1213,0,7.5,苫小牧市日吉町2丁目1番地5号,13831,苫小牧市日吉町2丁目1番地5号,12358,26189,1.29,0.91,31.5,31.9,27.3,50
1300360400,一般国道３６号,樽前錦岡線,苫小牧市・白老町境,1213,0,8.2,苫小牧市錦岡29,9865,苫小牧市錦岡29,9315,19180,1.29,0.49,60.1,60.7,31.6,60
1300360410,一般国道３６号,苫小牧市・白老町境,白老停車場線,1578,0,6.3,苫小牧市錦岡29,9865,苫小牧市錦岡29,9315,19180,1.29,0.42,59.9,58.6,22.25,60
1300360420,一般国道３６号,白老停車場線,白老大滝線,1578,0,1.7,白老郡白老町字竹浦,5739,白老郡白老町字竹浦,5661,11400,1.24,0.36,60.6,62.6,30.5,60
1300360425,一般国道３６号,白老大滝線,白老大滝線,1578,0,2.9,白老郡白老町字竹浦,5739,白老郡白老町字竹浦,5661,11400,1.24,0.29,51.5,52.2,29,60
1300360430,一般国道３６号,白老大滝線,白老町・登別市境,1578,0,14.1,白老郡白老町字竹浦,5739,白老郡白老町字竹浦,5661,11400,1.24,1.35,53.8,52.2,10,50
1300360440,一般国道３６号,白老町・登別市境,洞爺湖登別線,1230,0,0.4,白老郡白老町字竹浦,5739,白老郡白老町字竹浦,5661,11400,1.24,0.33,43.3,34,28,50
1300360450,一般国道３６号,洞爺湖登別線,登別港線,1230,0,3.4,登別市富浦町1丁目,7085,登別市富浦町1丁目,7051,14136,1.24,1.78,45.3,44,10.5,60
1300360460,一般国道３６号,登別港線,弁景幌別線,1230,0,3.2,登別市富浦町1丁目,7085,登別市富浦町1丁目,7051,14136,1.24,1.78,52.1,43.2,10.5,60
1300360470,一般国道３６号,弁景幌別線,登別室蘭インター線,1230,0,2.2,登別市富浦町1丁目,7085,登別市富浦町1丁目,7051,14136,1.24,1.92,49.5,48.5,14.5,60
1300360480,一般国道３６号,登別室蘭インター線,幌別停車場線,1230,0,0.4,登別市大和町2丁目34番地1,11898,登別市大和町2丁目34番地1,11795,23693,1.24,0.77,33.5,37.2,25,60
1300360490,一般国道３６号,幌別停車場線,道央自動車道,1230,0,1.9,登別市大和町2丁目34番地1,11898,登別市大和町2丁目34番地1,11795,23693,1.24,0.77,53.3,58.6,25,60
1300360500,一般国道３６号,道央自動車道,室蘭環状線,1230,0,4.9,登別市大和町2丁目34番地1,11898,登別市大和町2丁目34番地1,11795,23693,1.24,0.77,38.6,40.9,25,60
1300360510,一般国道３６号,室蘭環状線,登別市・室蘭市境,1230,0,0.1,登別市鷲別町1丁目26,12856,登別市鷲別町1丁目26,12565,25421,1.24,1.2,19.7,29.7,25,60
1300360520,一般国道３６号,登別市・室蘭市境,室蘭環状線,1205,0,0.1,登別市鷲別町1丁目26,12856,登別市鷲別町1丁目26,12565,25421,1.24,1.36,19.2,36.3,22,60
1300360530,一般国道３６号,室蘭環状線,一般国道３７号,1205,0,2.1,登別市鷲別町1丁目26,12856,登別市鷲別町1丁目26,12565,25421,1.24,1.36,33.5,30.4,22,60
1300360540,一般国道３６号,一般国道３７号,中央東線,1205,0,0.6,室蘭市御崎町2丁目,12593,室蘭市御崎町2丁目,12403,24996,1.24,1.3,20.7,30.8,22,60
1300360550,一般国道３６号,中央東線,,1205,0,0.4,室蘭市御崎町2丁目,12593,室蘭市御崎町2丁目,12403,24996,1.24,1.3,27.9,43.9,22,60
1300360560,一般国道３６号,,,1205,1,4.2,室蘭市御崎町2丁目,12593,室蘭市御崎町2丁目,12403,24996,1.24,0.51,61.4,66.9,17.25,60
1300360570,一般国道３６号,,室蘭港線,1205,0,0.6,室蘭市御崎町2丁目,12593,室蘭市御崎町2丁目,12403,24996,1.24,0.77,43.9,21,32,50
1300360580,一般国道３６号,室蘭港線,,1205,0,1.1,室蘭市中央町4丁目5,5197,室蘭市中央町4丁目5,4414,9611,1.22,0.84,27,26.1,8.25,50
1300370010,一般国道３７号,一般国道５号,長万部町・黒松内町境,1347,0,13.2,檜山郡厚沢部町峠下,1355,檜山郡厚沢部町峠下,1598,2953,1.31,0.44,63.1,65.1,11.5,60
1300370020,一般国道３７号,長万部町・黒松内町境,大成黒松内停車場線,1393,0,1,寿都郡黒松内町大成,1582,寿都郡黒松内町大成,1878,3460,1.31,0.95,63.6,64,8.5,60
1300370030,一般国道３７号,大成黒松内停車場線,黒松内町・長万部町境,1393,0,3.7,寿都郡黒松内町大成,1582,寿都郡黒松内町大成,1878,3460,1.31,0.95,60.9,66,8.5,60
1300370040,一般国道３７号,黒松内町・長万部町境,長万部町・豊浦町境,1347,0,0.8,山越郡長万部町静狩,1570,山越郡長万部町静狩,1797,3367,1.31,0.84,64.9,67.2,9.5,60
1300370050,一般国道３７号,長万部町・豊浦町境,白井川豊浦線,1571,0,4.6,虻田郡豊浦町字大岸252-2,1848,虻田郡豊浦町字大岸252-2,1961,3809,1.31,0.91,61.3,66.8,8.5,50
1300370060,一般国道３７号,白井川豊浦線,豊浦ニセコ線,1571,0,5.9,虻田郡豊浦町字大岸252-2,1848,虻田郡豊浦町字大岸252-2,1961,3809,1.31,0.91,65.7,63.2,8.5,50
1300370070,一般国道３７号,豊浦ニセコ線,道央自動車道,1571,0,0.4,虻田郡豊浦町字大岸252-2,1848,虻田郡豊浦町字大岸252-2,1961,3809,1.31,0.52,50,56.8,8.5,60
1300370080,一般国道３７号,道央自動車道,美和豊浦停車場線,1571,0,6.3,虻田郡豊浦町字大岸252-2,1848,虻田郡豊浦町字大岸252-2,1961,3809,1.31,0.52,61.4,62.5,8.5,60
1300370090,一般国道３７号,美和豊浦停車場線,豊浦京極線,1571,0,2,虻田郡豊浦町旭町,3032,虻田郡豊浦町旭町,3193,6225,1.21,0.58,37.5,36.1,15,50
1300370100,一般国道３７号,豊浦京極線,豊浦町・洞爺湖町境,1571,0,0.7,虻田郡豊浦町旭町,3032,虻田郡豊浦町旭町,3193,6225,1.21,0.85,48,51.5,8.5,50
1300370110,一般国道３７号,豊浦町・洞爺湖町境,一般国道２３０号,1584,0,2.8,虻田郡豊浦町旭町,3032,虻田郡豊浦町旭町,3193,6225,1.21,0.86,48.4,51.1,8.5,50
1300370120,一般国道３７号,一般国道２３０号,洞爺虻田線,1584,0,1.8,虻田郡洞爺湖町入江54番地10,5061,虻田郡洞爺湖町入江54番地10,4843,9904,1.18,0.9,31,35.4,22,50
1300370130,一般国道３７号,洞爺虻田線,洞爺湖町・伊達市境,1584,0,2.5,虻田郡洞爺湖町入江54番地10,5061,虻田郡洞爺湖町入江54番地10,4843,9904,1.18,0.9,43.2,45,22,50
1300370140,一般国道３７号,洞爺湖町・伊達市境,有珠停車場線,1233,0,1.9,虻田郡洞爺湖町入江54番地10,5061,虻田郡洞爺湖町入江54番地10,4843,9904,1.18,0.83,52.2,50.2,12.25,50
1300370150,一般国道３７号,有珠停車場線,一般国道４５３号,1233,0,4.6,虻田郡洞爺湖町入江54番地10,5061,虻田郡洞爺湖町入江54番地10,4843,9904,1.18,0.83,52.3,49.6,12.25,50
1300370160,一般国道３７号,一般国道４５３号,長和停車場線,1233,0,0.1,虻田郡洞爺湖町入江54番地10,5061,虻田郡洞爺湖町入江54番地10,4843,9904,1.18,0.83,27.6,27.6,12.25,50
1300370170,一般国道３７号,長和停車場線,伊達紋別停車場線,1233,0,3.2,虻田郡洞爺湖町入江54番地10,5061,虻田郡洞爺湖町入江54番地10,4843,9904,1.18,0.83,35.5,35.2,12.25,50
1300370180,一般国道３７号,伊達紋別停車場線,伊達インター線,1233,0,1.1,伊達市舟岡町176,7565,伊達市舟岡町176,6871,14436,1.23,1.15,22.6,22.2,16.5,50
1300370190,一般国道３７号,伊達インター線,上長和萩原線,1233,0,2.3,伊達市舟岡町176,7565,伊達市舟岡町176,6871,14436,1.23,1.15,31.1,39.3,16.5,50
1300370200,一般国道３７号,上長和萩原線,稀府停車場線,1233,0,2.9,伊達市舟岡町176,7565,伊達市舟岡町176,6871,14436,1.23,0.88,52.7,52.2,13.25,60
1300370210,一般国道３７号,稀府停車場線,南黄金長和線,1233,0,3.5,伊達市舟岡町176,7565,伊達市舟岡町176,6871,14436,1.23,0.88,51.5,52.4,13.25,60
1300370220,一般国道３７号,南黄金長和線,伊達市・室蘭市境,1233,0,2,伊達市舟岡町176,7565,伊達市舟岡町176,6871,14436,1.23,1.09,33.5,30,13.25,50
1300370230,一般国道３７号,伊達市・室蘭市境,室蘭環状線,1205,0,0.1,伊達市舟岡町176,7565,伊達市舟岡町176,6871,14436,1.23,1.02,35.9,25,9.5,60
1300370240,一般国道３７号,室蘭環状線,崎守停車場線,1205,0,1.4,室蘭市幌萌町,9619,室蘭市幌萌町,9597,19216,1.23,1.56,50.8,51.1,9.5,60
1300370250,一般国道３７号,崎守停車場線,一般国道３７号,1205,0,3.3,室蘭市幌萌町,9619,室蘭市幌萌町,9597,19216,1.23,1.56,51.5,54.2,9.5,60
1300370260,一般国道３７号,一般国道３７号,中央東線,1205,0,6.5,室蘭市幌萌町,9619,室蘭市幌萌町,9597,19216,1.23,1.02,46,44.5,19.75,50
1300370270,一般国道３７号,中央東線,室蘭環状線,1205,0,1.7,室蘭市中島町4丁目14,14798,室蘭市中島町4丁目14,17181,31979,1.26,1.77,21.6,18.4,19.75,50
1300370280,一般国道３７号,室蘭環状線,一般国道３６号,1205,0,0.3,室蘭市中島町4丁目14,14798,室蘭市中島町4丁目14,17181,31979,1.26,1.77,22.8,15,19.75,50
1300370300,一般国道３７号,一般国道３７号,室蘭インター線,1205,0,0.5,室蘭市陣屋町3丁目29,4814,室蘭市陣屋町3丁目29,4887,9701,1.17,0.56,49.2,53,11.5,40
1300370310,一般国道３７号,室蘭インター線,室蘭港線,1205,1,3.3,室蘭市陣屋町3丁目29,4814,室蘭市陣屋町3丁目29,4887,9701,1.17,0.35,39.2,47.9,14.25,60
1300380010,一般国道３８号,一般国道１２号,一般国道１２号,1225,0,1.5,滝川市緑町1丁目,3001,滝川市緑町1丁目,3226,6227,1.17,0.71,23.8,26,22,40
1300380020,一般国道３８号,一般国道１２号,道央自動車道,1225,0,2.7,滝川市流通団地1丁目,3143,滝川市流通団地1丁目,2761,5904,1.21,0.23,41.5,41.6,27.5,60
1300380030,一般国道３８号,道央自動車道,滝川市・赤平市境,1225,0,3.5,滝川市東滝川,3803,滝川市東滝川,3588,7391,1.17,0.61,54.9,60.2,11,60
1300380040,一般国道３８号,滝川市・赤平市境,江部乙赤平線,1218,0,0.8,滝川市東滝川,3803,滝川市東滝川,3588,7391,1.17,0.61,51.3,48.8,10,60
1300380050,一般国道３８号,江部乙赤平線,芦別赤平線,1218,0,3.4,滝川市東滝川,3803,滝川市東滝川,3588,7391,1.17,0.61,49.7,48.6,10,60
1300380055,一般国道３８号,芦別赤平線,赤平奈井江線,1218,0,2,赤平市北文京町5丁目,1984,赤平市北文京町5丁目,2110,4094,1.15,0.44,50.9,57,17,60
1300380060,一般国道３８号,赤平奈井江線,,1218,0,0.5,赤平市豊里,1967,赤平市豊里,2166,4133,1.17,0.45,45.1,42.3,17,60
1300380070,一般国道３８号,,芦別赤平線,1218,0,3.3,赤平市百戸町東1丁目,1751,赤平市百戸町東1丁目,1959,3710,1.16,0.45,56.8,55.2,14,60
1300380080,一般国道３８号,芦別赤平線,芦別赤平線,1218,0,0.6,赤平市茂尻元町北1丁目,1244,赤平市茂尻元町北1丁目,1185,2429,1.15,0.29,28.8,23.5,16.76,50
1300380090,一般国道３８号,芦別赤平線,高根平岸停車場線,1218,0,3.5,芦別市北6条西4丁目,3238,芦別市北6条西4丁目,3277,6515,1.17,0.58,45,45.6,16.76,50
1300380100,一般国道３８号,高根平岸停車場線,赤平市・芦別市境,1218,0,2.3,芦別市北6条西4丁目,3238,芦別市北6条西4丁目,3277,6515,1.17,0.53,57.9,57.2,13.5,50
1300380110,一般国道３８号,赤平市・芦別市境,高根平岸停車場線,1216,0,0.1,芦別市北6条西4丁目,3238,芦別市北6条西4丁目,3277,6515,1.17,0.52,63.4,62.2,13.5,50
1300380120,一般国道３８号,高根平岸停車場線,旭川芦別線,1216,0,1.8,芦別市北6条西4丁目,3238,芦別市北6条西4丁目,3277,6515,1.17,0.52,56.1,52.3,13.5,50
1300380130,一般国道３８号,旭川芦別線,芦別停車場線,1216,0,0.5,芦別市北6条西4丁目,3238,芦別市北6条西4丁目,3277,6515,1.17,0.66,26.4,28.3,17,50
1300380140,一般国道３８号,芦別停車場線,一般国道４５２号,1216,0,0.7,芦別市北6条西4丁目,3238,芦別市北6条西4丁目,3277,6515,1.17,0.66,34.4,32.6,17,50
1300380150,一般国道３８号,一般国道４５２号,一般国道４５２号,1216,0,0.4,芦別市北5条東1丁目,2402,芦別市北5条東1丁目,2595,4997,1.21,0.56,21.3,22.5,17,50
1300380160,一般国道３８号,一般国道４５２号,芦別砂川線,1216,0,0.8,芦別市北3条東2丁目,2595,芦別市北3条東2丁目,2540,5135,1.2,0.59,32.1,33.4,17,50
1300380170,一般国道３８号,芦別砂川線,芦別砂川線,1216,0,2.2,芦別市北3条東2丁目,2595,芦別市北3条東2丁目,2540,5135,1.2,0.52,51,49.7,17,60
1300380180,一般国道３８号,芦別砂川線,上芦別停車場線,1216,0,0.8,芦別市上芦別町,2965,芦別市上芦別町,2677,5642,1.17,0.48,30.8,24.3,17,60
1300380190,一般国道３８号,上芦別停車場線,芦別美瑛線,1216,0,5.1,芦別市上芦別町,2965,芦別市上芦別町,2677,5642,1.17,0.46,58.7,59.4,13.5,60
1300380200,一般国道３８号,芦別美瑛線,野花南停車場線,1216,0,0.6,芦別市上芦別町,2965,芦別市上芦別町,2677,5642,1.17,0.46,60.9,61.8,13.5,60
1300380210,一般国道３８号,野花南停車場線,芦別市・富良野市境,1216,0,12.6,芦別市上芦別町,2965,芦別市上芦別町,2677,5642,1.17,0.46,64.1,64.1,13.5,60
1300380220,一般国道３８号,芦別市・富良野市境,富良野市・中富良野町境,1229,0,0.5,富良野市富問3707-3,1044,富良野市富問3707-3,1003,2047,1.23,0.25,65.2,62.1,14,60
1300380230,一般国道３８号,富良野市・中富良野町境,中富良野町・富良野市境,1461,0,0.9,富良野市富問3707-3,1044,富良野市富問3707-3,1003,2047,1.23,0.25,65.4,66.2,14.75,60
1300380240,一般国道３８号,中富良野町・富良野市境,富良野市・芦別市境,1229,0,0.7,富良野市富問3707-3,1044,富良野市富問3707-3,1003,2047,1.23,0.25,64.5,67.4,14.75,60
1300380250,一般国道３８号,富良野市・芦別市境,芦別市・富良野市境,1216,0,0.5,富良野市富問3707-3,1044,富良野市富問3707-3,1003,2047,1.23,0.25,65.8,65.6,17.5,60
1300380260,一般国道３８号,芦別市・富良野市境,美唄富良野線,1229,0,0.4,富良野市島の下,1232,富良野市島の下,1282,2514,1.23,0.34,48.4,42.7,17.5,60
1300380265,一般国道３８号,美唄富良野線,一般国道３８号（旭川十勝道路）,1229,0,2,富良野市島の下,1232,富良野市島の下,1282,2514,1.23,0.31,56.7,60.6,14.75,60
1300380270,一般国道３８号,一般国道３８号（旭川十勝道路）,北の峯線,1229,0,1.9,富良野市新富町4496番,3352,富良野市新富町4496番,3693,7045,1.16,0.61,44.2,39.1,14.75,60
1300380280,一般国道３８号,北の峯線,一般国道２３７号,1229,0,0.8,富良野市新富町4496番,3352,富良野市新富町4496番,3693,7045,1.16,0.68,24.1,22.1,15.3,40
1300380290,一般国道３８号,一般国道２３７号,山部北の峰線,1229,0,0.6,富良野市幸町5282-1,3398,富良野市幸町5282-1,3425,6823,1.16,0.91,19.9,21.1,18,40
1300380295,一般国道３８号,山部北の峰線,上富良野旭中富良野線,1229,0,4.5,富良野市幸町5282-1,3398,富良野市幸町5282-1,3425,6823,1.16,0.77,39,36,12,50
1300380300,一般国道３８号,上富良野旭中富良野線,,1229,0,1.3,富良野市幸町5282-1,3398,富良野市幸町5282-1,3425,6823,1.16,0.77,60.4,62,12,50
1300380305,一般国道３８号,,一般国道３８号（旭川十勝道路）,1229,0,1.6,富良野市幸町5282-1,3398,富良野市幸町5282-1,3425,6823,1.16,0.75,55.1,45.8,11.5,60
1300380310,一般国道３８号,一般国道３８号（旭川十勝道路）,麓郷山部停車場線,1229,0,4.5,富良野市上五区5088-1,3345,富良野市上五区5088-1,2804,6149,1.21,0.48,57.8,60.1,11.5,60
1300380320,一般国道３８号,麓郷山部停車場線,麓郷山部停車場線,1229,0,0.7,富良野市字山部3525番,2563,富良野市字山部3525番,2552,5115,1.18,0.57,37.2,38.3,20,50
1300380330,一般国道３８号,麓郷山部停車場線,南陽山部停車場線,1229,0,0.3,富良野市字山部3525番,2563,富良野市字山部3525番,2552,5115,1.18,0.57,35,31.8,20,50
1300380340,一般国道３８号,南陽山部停車場線,一般国道２３７号,1229,0,5,富良野市字山部3525番,2563,富良野市字山部3525番,2552,5115,1.18,0.5,53.9,57.3,10,60
1300380350,一般国道３８号,一般国道２３７号,東山富良野停車場線,1229,0,3.5,空知郡南富良野町字幾寅1853番,1374,空知郡南富良野町字幾寅1853番,1332,2706,1.2,0.34,55.2,56.1,10,60
1300380360,一般国道３８号,東山富良野停車場線,富良野市・南富良野町境,1229,0,14.7,空知郡南富良野町字幾寅1853番,1374,空知郡南富良野町字幾寅1853番,1332,2706,1.2,0.34,64.4,64.3,12.25,60
1300380370,一般国道３８号,富良野市・南富良野町境,金山幾寅停車場線,1462,0,3.6,空知郡南富良野町字幾寅1853番,1374,空知郡南富良野町字幾寅1853番,1332,2706,1.2,0.33,66,65.9,14.25,60
1300380380,一般国道３８号,金山幾寅停車場線,石勝高原幾寅線,1462,0,0.8,空知郡南富良野町字幾寅1853番,1374,空知郡南富良野町字幾寅1853番,1332,2706,1.2,0.33,34,30.7,14.54,40
1300380390,一般国道３８号,石勝高原幾寅線,金山幾寅停車場線,1462,0,0.1,空知郡南富良野町字幾寅1853番,1374,空知郡南富良野町字幾寅1853番,1332,2706,1.2,0.27,15,32,19.25,40
1300380400,一般国道３８号,金山幾寅停車場線,落合停車場線,1462,0,9.7,空知郡南富良野町字幾寅1853番,1374,空知郡南富良野町字幾寅1853番,1332,2706,1.2,0.34,61.2,61,12.5,60
1300380410,一般国道３８号,落合停車場線,落合停車場線,1462,0,0.8,空知郡南富良野町字幾寅1853番,1374,空知郡南富良野町字幾寅1853番,1332,2706,1.2,0.27,55.1,57.5,15.75,50
1300380420,一般国道３８号,落合停車場線,南富良野町・新得町境,1462,0,9.1,空知郡南富良野町字幾寅1853番,1374,空知郡南富良野町字幾寅1853番,1332,2706,1.2,0.33,66.9,67.6,12.8,60
1300380430,一般国道３８号,南富良野町・新得町境,新内線,1635,0,7,上川郡新得町字北新得,862,上川郡新得町字北新得,942,1804,1.23,0.53,65,62.2,9,60
1300380440,一般国道３８号,新内線,帯広新得線,1635,0,9.3,上川郡新得町字北新得,862,上川郡新得町字北新得,942,1804,1.23,0.53,63.6,61.1,9,60
1300380450,一般国道３８号,帯広新得線,新得停車場線,1635,0,0.7,上川郡新得町字南新得,1824,上川郡新得町字南新得,1761,3585,1.19,0.37,39.5,37.8,14,60
1300380460,一般国道３８号,新得停車場線,夕張新得線,1635,0,0.5,上川郡新得町字南新得,1824,上川郡新得町字南新得,1761,3585,1.19,0.37,30.8,25.3,14,60
1300380470,一般国道３８号,夕張新得線,新得町・清水町境,1635,0,4.4,上川郡新得町字南新得,1824,上川郡新得町字南新得,1761,3585,1.19,0.37,54.5,51,14,60
1300380480,一般国道３８号,新得町・清水町境,北清水清水線,1636,0,3.8,上川郡新得町字南新得,1824,上川郡新得町字南新得,1761,3585,1.19,0.38,61.4,58.6,10.75,60
1300380490,一般国道３８号,北清水清水線,一般国道２７４号,1636,0,0.5,上川郡新得町字南新得,1824,上川郡新得町字南新得,1761,3585,1.19,0.38,25.4,26.1,10.75,60
1300380500,一般国道３８号,一般国道２７４号,一般国道２７４号,1636,0,0.3,上川郡新得町字南新得,1824,上川郡新得町字南新得,1761,3585,1.19,0.38,23.8,21.1,10.75,60
1300380510,一般国道３８号,一般国道２７４号,忠別清水線,1636,0,9.2,上川郡清水町字羽帯,4392,上川郡清水町字羽帯,4239,8631,1.26,1.15,53.9,54.2,12.75,60
1300380520,一般国道３８号,忠別清水線,熊牛御影線,1636,0,0.7,上川郡清水町字羽帯,4392,上川郡清水町字羽帯,4239,8631,1.26,1.15,39.8,41,12.75,60
1300380530,一般国道３８号,熊牛御影線,清水町・芽室町境,1636,0,3.8,河西郡芽室日進,5251,河西郡芽室日進,5044,10295,1.3,0.87,55.6,57.3,11.25,60
1300380540,一般国道３８号,清水町・芽室町境,豊頃糠内芽室線,1637,0,6,河西郡芽室日進,5251,河西郡芽室日進,5044,10295,1.3,0.36,65.2,62.4,35,60
1300380550,一般国道３８号,豊頃糠内芽室線,東瓜幕芽室線,1637,0,0.1,河西郡芽室日進,5251,河西郡芽室日進,5044,10295,1.3,0.36,38.5,33.8,35,60
1300380560,一般国道３８号,東瓜幕芽室線,芽室町・帯広市境,1637,0,5,帯広市新帯橋,7313,帯広市新帯橋,8026,15339,1.26,0.54,42.7,43.7,30,60
1300380570,一般国道３８号,芽室町・帯広市境,芽室帯広インター線,1207,0,0,帯広市新帯橋,7313,帯広市新帯橋,8026,15339,1.26,0.6,23.5,23.2,24,60
1300380580,一般国道３８号,芽室帯広インター線,川西芽室音更線,1207,0,1.1,帯広市新帯橋,7313,帯広市新帯橋,8026,15339,1.26,0.6,31.9,32.9,24,60
1300380590,一般国道３８号,川西芽室音更線,西帯広停車場線,1207,0,0.2,帯広市新帯橋,7313,帯広市新帯橋,8026,15339,1.26,0.74,21.7,32.4,31,50
1300380600,一般国道３８号,西帯広停車場線,幕別帯広芽室線,1207,0,0.4,帯広市新帯橋,7313,帯広市新帯橋,8026,15339,1.26,0.74,33.9,26.9,31,50
1300380610,一般国道３８号,幕別帯広芽室線,一般国道２４１号,1207,0,3,帯広市新帯橋,7313,帯広市新帯橋,8026,15339,1.26,0.74,38.6,28.8,31,50
1300380620,一般国道３８号,一般国道２４１号,帯広新得線,1207,0,1.8,帯広市西5号,11713,帯広市西5号,11699,23412,1.25,1.06,21.9,28.9,31,50
1300380630,一般国道３８号,帯広新得線,帯広停車場線,1207,0,1.3,帯広市西5号,11713,帯広市西5号,11699,23412,1.25,1.06,25,23.3,31,50
1300380640,一般国道３８号,帯広停車場線,一般国道２３６号,1207,0,0.4,帯広市西5号,11713,帯広市西5号,11699,23412,1.25,1.06,19.8,16.5,31,50
1300380650,一般国道３８号,一般国道２３６号,帯広市・幕別町境,1207,0,2.4,帯広市西5号,11713,帯広市西5号,11699,23412,1.25,1.06,27.4,30.7,31,50
1300380660,一般国道３８号,帯広市・幕別町境,更別幕別線,1643,0,1.2,中川郡幕別町札内,17306,中川郡幕別町札内,17779,35085,1.25,1.08,29.6,28.2,30,60
1300380665,一般国道３８号,更別幕別線,札内停車場線,1643,0,1,中川郡幕別町札内,17306,中川郡幕別町札内,17779,35085,1.25,1.08,32.6,36.7,30,60
1300380670,一般国道３８号,札内停車場線,幕別帯広芽室線,1643,0,0.2,中川郡幕別町札内,17306,中川郡幕別町札内,17779,35085,1.25,1.08,24.6,29.4,30,60
1300380680,一般国道３８号,幕別帯広芽室線,幕別大樹線,1643,0,8.2,中川郡幕別町札内,5861,中川郡幕別町札内,5988,11849,1.22,1.14,50.2,48.3,14,60
1300380690,一般国道３８号,幕別大樹線,一般国道２４２号,1643,0,1.3,中川郡幕別町札内,5861,中川郡幕別町札内,5988,11849,1.22,1.14,20.4,28.3,14,60
1300380700,一般国道３８号,一般国道２４２号,幕別町・豊頃町境,1643,0,6.1,中川郡豊頃町（豊頃大橋）,2215,中川郡豊頃町（豊頃大橋）,2242,4457,1.24,0.45,55.7,61.8,14,60
1300380710,一般国道３８号,幕別町・豊頃町境,豊頃糠内芽室線,1645,0,8.2,中川郡豊頃町（豊頃大橋）,2215,中川郡豊頃町（豊頃大橋）,2242,4457,1.24,0.46,64.6,63.8,12.75,60
1300380720,一般国道３８号,豊頃糠内芽室線,尾田豊頃停車場線,1645,0,1,中川郡豊頃町（豊頃大橋）,2215,中川郡豊頃町（豊頃大橋）,2242,4457,1.24,0.46,61.9,58.2,12.75,60
1300380730,一般国道３８号,尾田豊頃停車場線,旅来豊頃停車場線,1645,0,2.6,中川郡豊頃町（豊頃大橋）,2215,中川郡豊頃町（豊頃大橋）,2242,4457,1.24,0.46,54.8,56.3,12.75,60
1300380740,一般国道３８号,旅来豊頃停車場線,帯広浦幌線,1645,0,0.9,中川郡豊頃町（豊頃大橋）,2215,中川郡豊頃町（豊頃大橋）,2242,4457,1.24,0.46,41.7,42.7,12.75,60
1300380750,一般国道３８号,帯広浦幌線,豊頃町・浦幌町境,1645,0,5.9,中川郡豊頃町（豊頃大橋）,2215,中川郡豊頃町（豊頃大橋）,2242,4457,1.24,0.46,62.8,65.7,12.5,60
1300380760,一般国道３８号,豊頃町・浦幌町境,瀬多来吉野線,1649,0,0.9,中川郡豊頃町（豊頃大橋）,2215,中川郡豊頃町（豊頃大橋）,2242,4457,1.24,0.47,64.1,65.2,12,60
1300380770,一般国道３８号,瀬多来吉野線,一般国道３３６号,1649,0,1.5,中川郡豊頃町（豊頃大橋）,2215,中川郡豊頃町（豊頃大橋）,2242,4457,1.24,0.47,52.4,53.3,12,60
1300380780,一般国道３８号,一般国道３３６号,本別浦幌線,1649,0,4.7,中川郡豊頃町（豊頃大橋）,2215,中川郡豊頃町（豊頃大橋）,2242,4457,1.24,0.47,57.7,61.7,12,60
1300380790,一般国道３８号,本別浦幌線,十弗浦幌線,1649,0,1.4,十勝郡浦幌町字万年,1407,十勝郡浦幌町字万年,1430,2837,1.24,0.31,54,56.6,10.5,60
1300380800,一般国道３８号,十弗浦幌線,直別共栄線,1649,0,19.1,十勝郡浦幌町上厚内,1266,十勝郡浦幌町上厚内,1331,2597,1.36,0.34,63.3,64.2,10.5,60
1300380810,一般国道３８号,直別共栄線,浦幌町・釧路市境,1649,0,0.5,十勝郡浦幌町上厚内,1266,十勝郡浦幌町上厚内,1331,2597,1.36,0.34,63.2,61.6,10.5,60
1300380820,一般国道３８号,浦幌町・釧路市境,尺別尺別停車場線,1206,0,4.6,釧路市音別町あけぼの2丁目,2223,釧路市音別町あけぼの2丁目,2256,4479,1.23,0.93,65.2,65.8,10,60
1300380830,一般国道３８号,尺別尺別停車場線,本流音別停車場線,1206,0,3,釧路市音別町あけぼの2丁目,2223,釧路市音別町あけぼの2丁目,2256,4479,1.23,0.93,52.8,52.5,10,60
1300380840,一般国道３８号,本流音別停車場線,釧路市・白糠町境,1206,0,7.1,釧路市音別町あけぼの2丁目,2223,釧路市音別町あけぼの2丁目,2256,4479,1.23,0.93,63,63.8,10,60
1300380850,一般国道３８号,釧路市・白糠町境,一般国道３９２号,1668,0,7.3,釧路市音別町あけぼの2丁目,2223,釧路市音別町あけぼの2丁目,2256,4479,1.23,0.94,62.3,62.6,14,60
1300380860,一般国道３８号,一般国道３９２号,白糠停車場線,1668,0,0.3,白糠郡白糠町西庶路,5027,白糠郡白糠町西庶路,5132,10159,1.32,1.08,25.9,30.9,11.5,60
1300380870,一般国道３８号,白糠停車場線,上庶路庶路停車場線,1668,0,5.9,白糠郡白糠町西庶路,5027,白糠郡白糠町西庶路,5132,10159,1.32,1.08,51,52.8,11.5,60
1300380880,一般国道３８号,上庶路庶路停車場線,白糠町・釧路市境,1668,0,7.5,釧路市大楽毛,6226,釧路市大楽毛,6008,12234,1.26,1.28,59.3,58.3,8.5,60
1300380890,一般国道３８号,白糠町・釧路市境,一般国道３８号,1206,0,2.8,釧路市大楽毛,6226,釧路市大楽毛,6008,12234,1.26,0.5,55.6,53.9,28,60
1300380900,一般国道３８号,一般国道３８号,一般国道２４０号,1206,0,0.9,釧路市大楽毛,6226,釧路市大楽毛,6008,12234,1.26,0.5,31.6,38,28,60
1300380910,一般国道３８号,一般国道２４０号,釧路環状線,1206,0,5.4,釧路市大楽毛3丁目,8456,釧路市大楽毛3丁目,7149,15605,1.23,0.69,34.7,33.9,22,50
1300380920,一般国道３８号,釧路環状線,釧路鶴居弟子屈線,1206,0,2,釧路市鳥取大通1丁目,10779,釧路市鳥取大通1丁目,10980,21759,1.24,1.18,30.2,30.9,22,50
1300380930,一般国道３８号,釧路鶴居弟子屈線,釧路鶴居弟子屈線,1206,0,1.8,釧路市鳥取大通1丁目,10779,釧路市鳥取大通1丁目,10980,21759,1.24,1.18,26.9,27.6,22,50
1300380940,一般国道３８号,釧路鶴居弟子屈線,一般国道４４号,1206,0,3.3,釧路市鳥取大通1丁目,10779,釧路市鳥取大通1丁目,10980,21759,1.24,1.18,25.2,22.5,22,50
1300380950,一般国道３８号,一般国道４４号,釧路港線,1206,0,0.5,釧路市北大通5丁目,8364,釧路市北大通5丁目,8372,16736,1.23,0.91,19.7,19,22,50
1300381110,一般国道３８号（旭川十勝道路）,一般国道３８号,山部北の峰線,1229,1,4.2,富良野市学田三区,447,富良野市学田三区,407,854,1.2,0.08,70.2,74.4,15,70
1300381120,一般国道３８号（旭川十勝道路）,山部北の峰線,一般国道３８号,1229,1,3.8,富良野市中五区,944,富良野市中五区,752,1696,1.2,0.2,74.7,71.5,15,80
1300381010,一般国道３８号,一般国道３８号,一般国道２４０号,1206,0,2.1,釧路市大楽毛,3185,釧路市大楽毛,3704,6889,1.28,0.22,66.3,70,33,60
1300381020,一般国道３８号,一般国道２４０号,釧路鶴居弟子屈線,1206,0,4.4,釧路市大楽毛3丁目,5782,釧路市大楽毛3丁目,8127,13909,1.27,1.31,72,65.6,16.5,60
1300381030,一般国道３８号,釧路鶴居弟子屈線,釧路西インター線,1206,0,1.1,釧路市鶴野,5973,釧路市鶴野,6527,12500,1.22,1.17,53,39.5,16.5,60
1300381040,一般国道３８号（釧路外環状道路）,釧路西インター線,市道柳橋通,1206,1,6.2,釧路市昭和,7060,釧路市昭和,7063,14123,1.22,0.99,62.3,66.3,12,70
1300381050,一般国道３８号（釧路外環状道路）,市道柳橋通,市道共栄橋通,1206,1,1.6,釧路郡釧路町字別保原野,4796,釧路郡釧路町字別保原野,4701,9497,1.22,0.78,71.6,67.2,12,70
1300381060,一般国道３８号（釧路外環状道路）,市道共栄橋通,一般国道４４号（釧路東インター線）,1661,1,2.1,釧路郡釧路町字別保原野,4796,釧路郡釧路町字別保原野,4701,9497,1.22,0.78,71.1,71,12,70
1300390010,一般国道３９号,一般国道１２号,旭川停車場線,1204,0,0.1,旭川市4条通11丁目1725-3,7802,旭川市4条通11丁目1725-3,7484,15286,1.19,0.45,13.5,11,27.26,50
1300390020,一般国道３９号,旭川停車場線,愛別当麻旭川線,1204,0,2,旭川市4条通11丁目1725-3,7802,旭川市4条通11丁目1725-3,7484,15286,1.19,0.45,21.3,20.6,27.26,50
1300390025,一般国道３９号,愛別当麻旭川線,,1204,0,0.6,旭川市大雪通1丁目484-3,14335,旭川市大雪通1丁目484-3,15357,29692,1.19,0.84,21.8,25.1,27.26,50
1300390030,一般国道３９号,,旭川環状線,1204,0,2.5,旭川市大雪通1丁目484-3,14335,旭川市大雪通1丁目484-3,15357,29692,1.19,0.84,28.9,27.4,27.26,50
1300390040,一般国道３９号,旭川環状線,一般国道１２号,1204,0,1.9,旭川市大雪通1丁目484-3,14335,旭川市大雪通1丁目484-3,15357,29692,1.19,0.84,25.4,26.8,27.26,50
1300390050,一般国道３９号,一般国道１２号,鷹栖東神楽線,1204,0,1.4,旭川市永山2条13丁目45-3,10667,旭川市永山2条13丁目45-3,10402,21069,1.19,0.71,25,27.9,27.26,50
1300390060,一般国道３９号,鷹栖東神楽線,永山停車場線,1204,0,0.2,旭川市永山2条24丁目93番,4511,旭川市永山2条24丁目93番,4246,8757,1.19,0.34,19.2,27.9,27.26,50
1300390070,一般国道３９号,永山停車場線,北旭川停車場永山線,1204,0,2.6,旭川市永山2条24丁目93番,4511,旭川市永山2条24丁目93番,4246,8757,1.19,0.38,39.7,37.3,23,50
1300390080,一般国道３９号,北旭川停車場永山線,旭川市・当麻町境,1204,0,0.6,旭川市永山2条24丁目93番,4511,旭川市永山2条24丁目93番,4246,8757,1.19,0.19,58.8,61.2,23,60
1300390090,一般国道３９号,旭川市・当麻町境,当麻比布線,1454,0,2.5,旭川市永山2条24丁目93番,4511,旭川市永山2条24丁目93番,4246,8757,1.19,0.3,50.5,48.4,23,60
1300390100,一般国道３９号,当麻比布線,当麻比布線,1454,0,1.7,上川郡比布町宇園別3区436-11,3780,上川郡比布町宇園別3区436-11,3301,7081,1.31,0.18,54.9,53.9,21.5,60
1300390110,一般国道３９号,当麻比布線,当麻町・比布町境,1454,0,4.9,上川郡比布町宇園別3区436-11,3780,上川郡比布町宇園別3区436-11,3301,7081,1.31,0.47,59.5,62.4,11.5,60
1300390120,一般国道３９号,当麻町・比布町境,比布町・愛別町境,1455,0,1.7,上川郡比布町宇園別3区436-11,3780,上川郡比布町宇園別3区436-11,3301,7081,1.31,0.47,58.3,58.9,9.5,50
1300390130,一般国道３９号,比布町・愛別町境,下川愛別線,1456,0,3.9,上川郡比布町宇園別3区436-11,3780,上川郡比布町宇園別3区436-11,3301,7081,1.31,0.47,60.3,56.5,12.5,60
1300390140,一般国道３９号,下川愛別線,中愛別上川線,1456,0,8.3,上川郡比布町宇園別3区436-11,3780,上川郡比布町宇園別3区436-11,3301,7081,1.31,0.47,57.8,57.7,11.25,60
1300390150,一般国道３９号,中愛別上川線,一般国道４５０号（旭川紋別道）,1456,0,2.6,上川郡比布町宇園別3区436-11,3780,上川郡比布町宇園別3区436-11,3301,7081,1.31,0.47,64.2,61.8,11.5,60
1300390160,一般国道３９号,一般国道４５０号（旭川紋別道）,愛山溪上川線,1456,0,1.5,上川郡上川町共進60番,1346,上川郡上川町共進60番,1454,2800,1.29,0.33,63.2,60.8,11.5,60
1300390170,一般国道３９号,愛山溪上川線,愛別町・上川町境,1456,0,1,上川郡上川町共進60番,1346,上川郡上川町共進60番,1454,2800,1.29,0.33,63.5,63.6,11.5,60
1300390180,一般国道３９号,愛別町・上川町境,愛山溪上川線,1457,0,0.2,上川郡上川町共進60番,1346,上川郡上川町共進60番,1454,2800,1.29,0.33,52.3,61.1,11.5,50
1300390190,一般国道３９号,愛山溪上川線,上川停車場線,1457,0,5.5,上川郡上川町共進60番,1346,上川郡上川町共進60番,1454,2800,1.29,0.33,47.7,49.4,11.5,50
1300390200,一般国道３９号,上川停車場線,一般国道２７３号,1457,0,1.5,上川郡上川町共進60番,1346,上川郡上川町共進60番,1454,2800,1.29,0.33,47.9,49.9,11.5,50
1300390210,一般国道３９号,一般国道２７３号,日東東雲線,1457,0,5.6,上川郡上川町字清川197番,1539,上川郡上川町字清川197番,1615,3154,1.23,0.39,63.7,68.2,11.5,50
1300390220,一般国道３９号,日東東雲線,一般国道２７３号,1457,0,23.9,上川郡上川町字清川197番,1539,上川郡上川町字清川197番,1615,3154,1.23,0.59,63.4,64.4,14,60
1300390230,一般国道３９号,一般国道２７３号,上川町・北見市境,1457,0,12.5,上川郡上川町層雲峡国有林大雪事業区262林班,803,上川郡上川町層雲峡国有林大雪事業区262林班,738,1541,1.23,0.4,65.7,67.9,8.5,50
1300390240,一般国道３９号,上川町・北見市境,本別留辺蕊線,1208,0,26.7,北見市留辺蘂町平里（留辺蘂）,1405,北見市留辺蘂町平里（留辺蘂）,1427,2832,1.23,0.46,65.4,65.8,8.5,60
1300390250,一般国道３９号,本別留辺蕊線,置戸温根湯線,1208,0,10.2,北見市留辺蘂町平里（留辺蘂）,1405,北見市留辺蘂町平里（留辺蘂）,1427,2832,1.23,0.32,60.9,60.7,11,60
1300390260,一般国道３９号,置戸温根湯線,一般国道２４２号,1208,0,7.6,北見市留辺蘂町昭栄,1882,北見市留辺蘂町昭栄,1575,3457,1.22,0.49,61.3,59.1,11,60
1300390270,一般国道３９号,一般国道２４２号,留辺蕊停車場線,1208,0,0.3,北見市留辺蘂町旭西,2817,北見市留辺蘂町旭西,2988,5805,1.2,0.62,25,32.8,16,50
1300390280,一般国道３９号,留辺蕊停車場線,一般国道２４２号,1208,0,1.2,北見市留辺蘂町旭西,2817,北見市留辺蘂町旭西,2988,5805,1.2,0.62,40,39.4,16,50
1300390290,一般国道３９号,一般国道２４２号,留辺蕊浜佐呂間線,1208,0,0.9,北見市西相内,3396,北見市西相内,3501,6897,1.27,0.74,40,43.7,16,50
1300390300,一般国道３９号,留辺蕊浜佐呂間線,北見白糠線,1208,0,9.5,北見市西相内,3396,北見市西相内,3501,6897,1.27,0.62,61.2,61.8,17.5,60
1300390310,一般国道３９号,北見白糠線,下仁頃相内停車場線,1208,0,1.3,北見市西三輪4丁目（北見）,6633,北見市西三輪4丁目（北見）,7154,13787,1.2,0.59,54.9,52.3,22,60
1300390320,一般国道３９号,下仁頃相内停車場線,下仁頃相内停車場線,1208,0,0.4,北見市西三輪4丁目（北見）,6633,北見市西三輪4丁目（北見）,7154,13787,1.2,0.59,31.9,30.1,22,60
1300390330,一般国道３９号,下仁頃相内停車場線,東相内停車場線,1208,0,4.2,北見市西三輪4丁目（北見）,6633,北見市西三輪4丁目（北見）,7154,13787,1.2,0.59,53.8,51.5,22,60
1300390340,一般国道３９号,東相内停車場線,北見環状線,1208,0,2.8,北見市西三輪4丁目（北見）,6633,北見市西三輪4丁目（北見）,7154,13787,1.2,0.58,41.5,40,21,50
1300390350,一般国道３９号,北見環状線,北見常呂線,1208,0,2.8,北見市西富町,9589,北見市西富町,9696,19285,1.2,0.87,25.6,24.9,21,50
1300390360,一般国道３９号,北見常呂線,置戸福野北見線,1208,0,1.1,北見市西富町,9589,北見市西富町,9696,19285,1.2,0.87,25.7,23.7,21,50
1300390370,一般国道３９号,置戸福野北見線,北見端野美幌線,1208,0,0.2,北見市西富町,9589,北見市西富町,9696,19285,1.2,0.87,14.4,21.5,21,50
1300390380,一般国道３９号,北見端野美幌線,北見美幌線,1208,0,1.4,北見市西富町,9589,北見市西富町,9696,19285,1.2,0.87,25,25.4,21,50
1300390390,一般国道３９号,北見美幌線,北見環状線,1208,0,1.1,北見市西富町,9589,北見市西富町,9696,19285,1.2,0.87,29.9,32.4,21,50
1300390395,一般国道３９号,北見環状線,,1208,0,2.2,北見市西富町,9589,北見市西富町,9696,19285,1.2,0.87,37.8,36,21,50
1300390400,一般国道３９号,,川向端野線,1208,0,2.8,北見市端野町三区,5030,北見市端野町三区,4631,9661,1.2,0.35,43.4,40,21,50
1300390410,一般国道３９号,川向端野線,一般国道３３３号,1208,0,0.6,北見市端野町三区,5030,北見市端野町三区,4631,9661,1.2,0.35,38.3,37.6,21,50
1300390420,一般国道３９号,一般国道３３３号,日吉端野線,1208,0,1.7,網走郡美幌町字高野（美幌）,2972,網走郡美幌町字高野（美幌）,2931,5903,1.19,0.24,56.7,56.9,28,60
1300390430,一般国道３９号,日吉端野線,緋牛内北見線,1208,0,5.1,網走郡美幌町字高野（美幌）,2972,網走郡美幌町字高野（美幌）,2931,5903,1.19,0.24,62.3,64.6,28,60
1300390440,一般国道３９号,緋牛内北見線,網走端野線,1208,0,0.7,網走郡美幌町字高野（美幌）,2972,網走郡美幌町字高野（美幌）,2931,5903,1.19,0.24,46.2,53.3,28,60
1300390450,一般国道３９号,網走端野線,北見市・美幌町境,1208,0,3.1,網走郡美幌町字高野（美幌）,2972,網走郡美幌町字高野（美幌）,2931,5903,1.19,0.58,61.3,62.9,8.5,60
1300390460,一般国道３９号,北見市・美幌町境,一般国道３９号（美幌バイパス）,1543,0,4.5,網走郡美幌町字高野（美幌）,2972,網走郡美幌町字高野（美幌）,2931,5903,1.19,0.99,60.6,57.3,8.5,60
1300390470,一般国道３９号,一般国道３９号（美幌バイパス）,北見端野美幌線,1543,0,2,網走郡美幌町美芳,3466,網走郡美幌町美芳,3345,6811,1.18,0.52,41.9,46.4,14,60
1300390480,一般国道３９号,北見端野美幌線,一般国道２４０号,1543,0,1.1,網走郡美幌町美芳,3466,網走郡美幌町美芳,3345,6811,1.18,0.52,27.7,24,14,60
1300390490,一般国道３９号,一般国道２４０号,北見端野美幌線,1543,0,0.4,網走郡美幌町美芳,3466,網走郡美幌町美芳,3345,6811,1.18,0.59,15.6,22,15.5,40
1300390500,一般国道３９号,北見端野美幌線,一般国道３３４号,1543,0,1.4,網走郡美幌町美芳,3466,網走郡美幌町美芳,3345,6811,1.18,0.59,27.9,25.8,15.5,40
1300390510,一般国道３９号,一般国道３３４号,一般国道３９号（美幌バイパス）,1543,0,2,網走郡美幌町瑞治,1534,網走郡美幌町瑞治,1431,2965,1.25,0.33,47.3,50.6,12,60
1300390520,一般国道３９号,一般国道３９号（美幌バイパス）,美幌町・大空町境,1543,0,3.2,網走郡美幌町瑞治,1534,網走郡美幌町瑞治,1431,2965,1.25,0.33,52.1,54.5,12,60
1300390530,一般国道３９号,美幌町・大空町境,小清水女満別線,1564,0,1.7,網走郡美幌町瑞治,1534,網走郡美幌町瑞治,1431,2965,1.25,0.34,61.4,60.4,12,60
1300390540,一般国道３９号,小清水女満別線,住吉女満別停車場線,1564,0,2.2,網走郡美幌町瑞治,1534,網走郡美幌町瑞治,1431,2965,1.25,0.34,62.3,61.1,12,60
1300390550,一般国道３９号,住吉女満別停車場線,福住女満別線,1564,0,2.4,網走郡美幌町瑞治,1534,網走郡美幌町瑞治,1431,2965,1.25,0.34,54.3,55.7,12,60
1300390560,一般国道３９号,福住女満別線,住吉女満別停車場線,1564,0,0.2,網走郡美幌町瑞治,1534,網走郡美幌町瑞治,1431,2965,1.25,0.32,29.5,19.2,15,50
1300390570,一般国道３９号,住吉女満別停車場線,女満別空港線,1564,0,0.2,網走郡美幌町瑞治,1534,網走郡美幌町瑞治,1431,2965,1.25,0.32,19.5,22,15,50
1300390580,一般国道３９号,女満別空港線,小清水女満別線,1564,0,0.9,網走市大曲2丁目（大曲）,2531,網走市大曲2丁目（大曲）,2526,5057,1.17,0.47,27.4,35.2,15,50
1300390590,一般国道３９号,小清水女満別線,大空町・網走市境,1564,0,4.3,網走市大曲2丁目（大曲）,2531,網走市大曲2丁目（大曲）,2526,5057,1.17,0.43,58.2,59.1,12.25,60
1300390600,一般国道３９号,大空町・網走市境,大観山公園線,1211,0,1.3,網走市大曲2丁目（大曲）,2531,網走市大曲2丁目（大曲）,2526,5057,1.17,0.44,54.1,49.9,11.5,60
1300390610,一般国道３９号,大観山公園線,一般国道２３８号,1211,0,7,網走市大曲2丁目（大曲）,2531,網走市大曲2丁目（大曲）,2526,5057,1.17,0.44,56.2,54.5,11.5,60
1300390620,一般国道３９号,一般国道２３８号,網走停車場線,1211,0,2,網走市新町2丁目,5249,網走市新町2丁目,5468,10717,1.17,0.54,38.6,41,26.5,50
1300390630,一般国道３９号,網走停車場線,網走公園線,1211,0,1.2,網走市北6条西2丁目,1959,網走市北6条西2丁目,2389,4348,1.17,0.62,19.5,19.6,25.45,40
1300390640,一般国道３９号,網走公園線,網走停車場線,1211,0,0.6,網走市北6条西2丁目,1959,網走市北6条西2丁目,2389,4348,1.17,0.62,24.5,27.3,25.45,40
1300390650,一般国道３９号,網走停車場線,一般国道２４４号,1211,0,0.1,網走市北6条西2丁目,1959,網走市北6条西2丁目,2389,4348,1.17,0.62,14.2,12.8,25.45,40
1300390705,一般国道３９号（北見道路）,十勝オホーツク自動車道,北見津別線,1208,1,1.5,北見市南丘（南丘）,2870,北見市南丘（南丘）,2847,5717,1.18,0.2,79.2,81.9,20.5,70
1300390710,一般国道３９号（北見道路）,北見津別線,北見美幌線,1208,1,4.7,北見市南丘（南丘）,2870,北見市南丘（南丘）,2847,5717,1.18,0.47,77,73.4,10.5,70
1300390715,一般国道３９号（北見道路）,北見美幌線,市道川東東６号道路,1208,1,2.2,北見市川東（川東）,2434,北見市川東（川東）,2419,4853,1.18,0.49,82.8,78.4,11,70
1300390720,一般国道３９号（北見道路）,市道川東東６号道路,川向端野線,1208,1,2.4,北見市川東（川東）,2434,北見市川東（川東）,2419,4853,1.18,0.49,55.4,61.5,20.5,70
1300390670,一般国道３９号（美幌バイパス）,一般国道３９号,一般国道３９号,1543,1,3.4,網走郡美幌町字美禽（美幌美禽）,1775,網走郡美幌町字美禽（美幌美禽）,1758,3533,1.17,0.4,76.5,78.3,12,70
1300390680,一般国道３９号（美幌バイパス）,一般国道３９号,美幌町・大空町境,1543,1,3.6,網走郡大空町女満別中央（新女満別）,2310,網走郡大空町女満別中央（新女満別）,2252,4562,1.17,0.4,82.6,82.8,12,70
1300390690,一般国道３９号（美幌バイパス）,美幌町・大空町境,女満別空港インター線,1564,1,1.7,網走郡大空町女満別中央（新女満別）,2310,網走郡大空町女満別中央（新女満別）,2252,4562,1.17,0.4,67.9,67.4,12,70
1300400010,一般国道４０号,一般国道１２号,近文停車場線,1204,0,1.6,旭川市旭町1条1丁目438-27,9607,旭川市旭町1条1丁目438-27,8616,18223,1.21,0.78,21.9,21.5,27,50
1300400020,一般国道４０号,近文停車場線,旭川幌加内線,1204,0,0.6,旭川市旭町1条1丁目438-27,9607,旭川市旭町1条1丁目438-27,8616,18223,1.21,0.78,17.9,17.6,27,50
1300400030,一般国道４０号,旭川幌加内線,旭川環状線,1204,0,2.8,旭川市花咲町5丁目2272-1,11040,旭川市花咲町5丁目2272-1,10760,21800,1.21,0.76,28,26.1,27,50
1300400040,一般国道４０号,旭川環状線,一般国道１２号,1204,0,1.7,旭川市東鷹栖2線11号72番,7300,旭川市東鷹栖2線11号72番,7369,14669,1.21,0.62,23.3,25.6,27,50
1300400050,一般国道４０号,一般国道１２号,鷹栖東神楽線,1204,0,1.7,旭川市東鷹栖2線11号72番,7300,旭川市東鷹栖2線11号72番,7369,14669,1.21,0.61,36.1,36.2,25,50
1300400060,一般国道４０号,鷹栖東神楽線,東鷹栖永山線,1204,0,2.9,旭川市東鷹栖2線11号72番,7300,旭川市東鷹栖2線11号72番,7369,14669,1.21,1.16,51.2,54.8,12.75,60
1300400070,一般国道４０号,東鷹栖永山線,旭川市・比布町境,1204,0,1.3,旭川市東鷹栖1線2821-20,4772,旭川市東鷹栖1線2821-20,4250,9022,1.29,0.76,50.8,53.9,14,50
1300400080,一般国道４０号,旭川市・比布町境,比布愛別停車場線,1455,0,3.3,旭川市東鷹栖1線2821-20,4772,旭川市東鷹栖1線2821-20,4250,9022,1.29,0.74,50.2,49.6,10.75,60
1300400090,一般国道４０号,比布愛別停車場線,比布停車場線,1455,0,0.3,旭川市東鷹栖1線2821-20,4772,旭川市東鷹栖1線2821-20,4250,9022,1.29,0.74,38.3,31.5,10.75,60
1300400100,一般国道４０号,比布停車場線,鷹栖東鷹栖比布線,1455,0,6.2,上川郡比布町北12線14号2604番,3809,上川郡比布町北12線14号2604番,3191,7000,1.23,0.7,53.5,56.6,10.75,60
1300400110,一般国道４０号,鷹栖東鷹栖比布線,比布町・和寒町境,1455,0,7.3,上川郡比布町北12線14号2604番,3809,上川郡比布町北12線14号2604番,3191,7000,1.23,0.7,57.2,59.4,12,60
1300400120,一般国道４０号,比布町・和寒町境,道央自動車道,1464,0,5.2,上川郡比布町北12線14号2604番,3809,上川郡比布町北12線14号2604番,3191,7000,1.23,0.69,61.1,58.7,12.5,60
1300400130,一般国道４０号,道央自動車道,上士別和寒線,1464,0,2.1,上川郡比布町北12線14号2604番,3809,上川郡比布町北12線14号2604番,3191,7000,1.23,0.7,53.4,51.2,13,60
1300400140,一般国道４０号,上士別和寒線,和寒鷹栖線,1464,0,0.5,上川郡比布町北12線14号2604番,3809,上川郡比布町北12線14号2604番,3191,7000,1.23,0.76,34.7,34.8,17,50
1300400150,一般国道４０号,和寒鷹栖線,和寒町・剣淵町境,1464,0,4.9,上川郡比布町北12線14号2604番,3809,上川郡比布町北12線14号2604番,3191,7000,1.23,0.69,53.8,56,12.5,60
1300400160,一般国道４０号,和寒町・剣淵町境,上士別ビバカルウシ線,1465,0,3.9,上川郡比布町北12線14号2604番,3809,上川郡比布町北12線14号2604番,3191,7000,1.23,0.69,57.6,55.1,13.25,60
1300400170,一般国道４０号,上士別ビバカルウシ線,剣淵町・士別市境,1465,0,4.5,士別市南町469-18,3441,士別市南町469-18,3713,7154,1.2,0.89,59.6,56.8,13.25,60
1300400180,一般国道４０号,剣淵町・士別市境,士別剣淵インター線,1220,0,0.1,士別市南町469-18,3441,士別市南町469-18,3713,7154,1.2,1.1,29.1,23.7,13.25,50
1300400190,一般国道４０号,士別剣淵インター線,剣淵原野士別線,1220,0,2.7,士別市南町西1区3142番,5096,士別市南町西1区3142番,4937,10033,1.2,1.14,42.4,40.1,17,40
1300400200,一般国道４０号,剣淵原野士別線,士別滝の上線,1220,0,0.8,士別市南町西1区3142番,5096,士別市南町西1区3142番,4937,10033,1.2,1.48,21.8,22.1,21.8,40
1300400210,一般国道４０号,士別滝の上線,一般国道２３９号,1220,0,0.3,士別市南町西1区3142番,5096,士別市南町西1区3142番,4937,10033,1.2,1.48,18.1,24.5,21.8,50
1300400220,一般国道４０号,一般国道２３９号,瑞生下士別線,1220,0,4.1,士別市東1条北9丁目,3981,士別市東1条北9丁目,4020,8001,1.22,0.91,39.9,39.7,21.8,60
1300400230,一般国道４０号,瑞生下士別線,東陽多寄線,1220,0,2.8,士別市東1条北9丁目,3981,士別市東1条北9丁目,4020,8001,1.22,0.86,54.6,56.6,11.5,60
1300400240,一般国道４０号,東陽多寄線,士別市・名寄市境,1220,0,4.4,士別市東1条北9丁目,3981,士別市東1条北9丁目,4020,8001,1.22,0.87,54,54,10.75,60
1300400250,一般国道４０号,士別市・名寄市境,下川風連線,1221,0,2.2,士別市東1条北9丁目,3981,士別市東1条北9丁目,4020,8001,1.22,0.85,54.2,49.7,10.75,40
1300400260,一般国道４０号,下川風連線,風連停車場線,1221,0,0.4,士別市東1条北9丁目,3981,士別市東1条北9丁目,4020,8001,1.22,0.86,29.8,27.4,18.18,60
1300400270,一般国道４０号,風連停車場線,一般国道４０号,1221,0,5.1,名寄市字徳田249,2418,名寄市字徳田249,2470,4888,1.22,0.4,46.6,44.6,11.25,50
1300400280,一般国道４０号,一般国道４０号,名寄停車場線,1221,0,2.1,名寄市字徳田249,2479,名寄市字徳田249,2777,5256,1.22,0.46,27.5,27.4,17,40
1300400290,一般国道４０号,名寄停車場線,一般国道２３９号,1221,0,1.1,名寄市字徳田249,2479,名寄市字徳田249,2777,5256,1.22,0.55,20.2,17.1,21.82,40
1300400300,一般国道４０号,一般国道２３９号,美深名寄線,1221,0,0.6,名寄市砺波158-3,2040,名寄市砺波158-3,2193,4233,1.27,0.72,24.1,20.5,21.82,40
1300400310,一般国道４０号,美深名寄線,一般国道４０号（名寄美深道路）,1221,0,1.7,名寄市砺波158-3,2040,名寄市砺波158-3,2193,4233,1.27,0.61,25.4,28.4,18,60
1300400320,一般国道４０号,一般国道４０号（名寄美深道路）,名寄遠別線,1221,0,1.1,名寄市砺波158-3,2040,名寄市砺波158-3,2193,4233,1.27,0.65,40.5,42.6,11,60
1300400330,一般国道４０号,名寄遠別線,一般国道４０号（名寄美深道路）,1221,0,7.6,名寄市砺波158-3,2040,名寄市砺波158-3,2193,4233,1.27,0.62,63,56.5,8,60
1300400340,一般国道４０号,一般国道４０号（名寄美深道路）,美深名寄線,1221,0,2.1,名寄市智恵文511,1196,名寄市智恵文511,1084,2280,1.2,0.31,60.9,44.9,10.5,60
1300400350,一般国道４０号,美深名寄線,一般国道４０号（名寄美深道路）,1221,0,2.6,名寄市智恵文511,1196,名寄市智恵文511,1084,2280,1.2,0.31,58,49.3,11,60
1300400360,一般国道４０号,一般国道４０号（名寄美深道路）,智恵文美深線,1221,0,0.7,名寄市智恵文511,1196,名寄市智恵文511,1084,2280,1.2,0.31,63,56.5,13.5,60
1300400370,一般国道４０号,智恵文美深線,名寄市・美深町境,1221,0,1.2,名寄市智恵文511,1196,名寄市智恵文511,1084,2280,1.2,0.31,67.3,62.1,13.5,60
1300400380,一般国道４０号,名寄市・美深町境,美深雄武線,1469,0,1.5,名寄市智恵文511,1196,名寄市智恵文511,1084,2280,1.2,0.31,58.5,55.9,17,50
1300400390,一般国道４０号,美深雄武線,班渓美深停車場線,1469,0,1.4,中川郡美深町敷島65番地,909,中川郡美深町敷島65番地,910,1819,1.14,0.22,21,21.5,18.05,60
1300400400,一般国道４０号,班渓美深停車場線,一般国道２７５号,1469,0,0.3,中川郡美深町敷島65番地,909,中川郡美深町敷島65番地,910,1819,1.14,0.22,12,14.8,18.05,60
1300400405,一般国道４０号,一般国道２７５号,一般国道４０号（名寄美深道路）,1469,0,1.4,中川郡美深町敷島65番地,909,中川郡美深町敷島65番地,910,1819,1.14,0.33,30.7,34.7,11.5,60
1300400410,一般国道４０号,一般国道４０号（名寄美深道路）,紋穂内停車場線,1469,0,5.4,中川郡美深町敷島45-3,2821,中川郡美深町敷島45-3,2303,5124,1.22,0.59,63.6,64.9,11.5,60
1300400420,一般国道４０号,紋穂内停車場線,美深中川線,1469,0,6.2,中川郡美深町敷島45-3,2821,中川郡美深町敷島45-3,2303,5124,1.22,0.59,64.3,65.9,11.25,60
1300400430,一般国道４０号,美深中川線,美深町・音威子府村境,1469,0,7.6,中川郡美深町敷島45-3,2821,中川郡美深町敷島45-3,2303,5124,1.22,0.59,66.1,66.9,12.5,60
1300400440,一般国道４０号,美深町・音威子府村境,歌登咲来停車場線,1470,0,5.2,中川郡美深町敷島45-3,2821,中川郡美深町敷島45-3,2303,5124,1.22,1.07,65.9,64.5,10.5,60
1300400450,一般国道４０号,歌登咲来停車場線,音威子府停車場線,1470,0,4.9,中川郡美深町敷島45-3,2821,中川郡美深町敷島45-3,2303,5124,1.22,1.08,52.3,49.5,8.5,60
1300400460,一般国道４０号,音威子府停車場線,一般国道２７５号,1470,0,0.1,中川郡美深町敷島45-3,2821,中川郡美深町敷島45-3,2303,5124,1.22,0.67,19.5,28.9,17,60
1300400470,一般国道４０号,一般国道２７５号,音威子府村・中川町境,1470,0,9.5,中川郡音威子府村字音威子府208,1248,中川郡音威子府村字音威子府208,1031,2279,1.24,0.49,65.3,63.2,8.5,60
1300400480,一般国道４０号,音威子府村・中川町境,美深中川線,1471,0,13.9,中川郡音威子府村字音威子府208,1248,中川郡音威子府村字音威子府208,1031,2279,1.24,0.49,68.5,67.7,8,60
1300400490,一般国道４０号,美深中川線,板谷佐久停車場線,1471,0,0.1,中川郡音威子府村字音威子府208,1248,中川郡音威子府村字音威子府208,1031,2279,1.24,0.35,61,60,11.25,60
1300400495,一般国道４０号,板谷佐久停車場線,天塩中川停車場線,1471,0,7.3,中川郡音威子府村字音威子府208,1248,中川郡音威子府村字音威子府208,1031,2279,1.24,0.35,64,57.5,11.25,60
1300400500,一般国道４０号,天塩中川停車場線,,1471,0,1.7,中川郡音威子府村字音威子府208,1248,中川郡音威子府村字音威子府208,1031,2279,1.24,0.35,59.8,58.6,11.25,60
1300400510,一般国道４０号,,中川町・天塩町境,1471,0,10.6,中川郡中川町字誉669番地,1142,中川郡中川町字誉669番地,985,2127,1.24,0.33,68.4,69.1,11.25,60
1300400520,一般国道４０号,中川町・天塩町境,問寒別停車場下国府線,1487,0,0.2,天塩郡天塩町ペンケビラ,921,天塩郡天塩町ペンケビラ,889,1810,1.16,0.27,64.1,60.2,8.5,60
1300400530,一般国道４０号,問寒別停車場下国府線,豊富遠別線,1487,0,5.5,天塩郡天塩町ペンケビラ,921,天塩郡天塩町ペンケビラ,889,1810,1.16,0.27,66.9,70,8.5,60
1300400540,一般国道４０号,豊富遠別線,豊富遠別線,1487,0,1.4,天塩郡天塩町字雄信内34711,730,天塩郡天塩町字雄信内34711,781,1511,1.16,0.24,56.8,57.9,12.25,50
1300400550,一般国道４０号,豊富遠別線,円山天塩停車場線,1487,0,7.3,天塩郡天塩町サクカヘシ5071-9,1245,天塩郡天塩町サクカヘシ5071-9　　,1201,2446,1.16,0.41,64.7,65.1,8.5,60
1300400555,一般国道４０号,円山天塩停車場線,,1487,0,6.3,天塩郡天塩町サクカヘシ5071-9,1245,天塩郡天塩町サクカヘシ5071-9　　,1201,2446,1.16,0.41,69,70.3,8.5,60
1300400870,一般国道４０号,,一般国道２３２号,1487,0,0.6,天塩郡天塩町サクカヘシ5071-9,1245,天塩郡天塩町サクカヘシ5071-9,1201,2446,1.16,0.45,62.4,58.9,15.54,60
1300400880,一般国道４０号,一般国道２３２号,天塩町・幌延町境,1487,0,0.4,天塩郡天塩町サクカヘシ5071-9,539,天塩郡天塩町サクカヘシ5071-9,506,1045,1.16,0.22,52.3,43.2,15.54,60
1300400890,一般国道４０号,天塩町・幌延町境,稚内幌延線,1520,0,0.7,天塩郡幌延町幌延国道４０号線新天塩大橋,1299,天塩郡幌延町幌延国道４０号線新天塩大橋,1326,2625,1.36,0.36,53.4,56.1,16,60
1401210140,一般国道４０号,稚内幌延線,,1520,0,1.3,天塩郡幌延町字下沼,477,天塩郡幌延町字下沼,601,1078,1.36,0.15,47.3,57.5,12,60
1300400590,一般国道４０号,,浜里下沼線,1520,0,5.7,天塩郡幌延町字下沼,477,天塩郡幌延町字下沼,601,1078,1.36,0.14,62.9,61.4,8.5,60
1300400600,一般国道４０号,浜里下沼線,幌延町・豊富町境,1520,0,6.5,天塩郡幌延町字下沼,477,天塩郡幌延町字下沼,601,1078,1.36,0.14,62.3,67.1,8.5,60
1300400610,一般国道４０号,幌延町・豊富町境,稚咲内豊富停車場線,1516,0,3.6,天塩郡豊富町豊富大通1丁目,590,天塩郡豊富町豊富大通1丁目,670,1260,1.24,0.2,42.4,47.7,13.5,60
1300400620,一般国道４０号,稚咲内豊富停車場線,豊富浜頓別線,1516,0,0.6,天塩郡豊富町豊富大通1丁目,590,天塩郡豊富町豊富大通1丁目,670,1260,1.24,0.2,17.2,19.5,13.5,60
1300400630,一般国道４０号,豊富浜頓別線,メナシベツ豊富線,1516,0,5.1,天塩郡豊富町徳満,942,天塩郡豊富町徳満,937,1879,1.15,0.26,49.7,49.4,8,60
1300400640,一般国道４０号,メナシベツ豊富線,兜沼停車場線,1516,0,8.1,天塩郡豊富町芦川,663,天塩郡豊富町芦川,666,1329,1.18,0.17,67,67.8,8,60
1300400650,一般国道４０号,兜沼停車場線,一般国道４０号（豊富バイパス）,1516,0,1.4,天塩郡豊富町芦川,725,天塩郡豊富町芦川,790,1515,1.17,0.19,66.5,67.9,8,60
1300400660,一般国道４０号,一般国道４０号（豊富バイパス）,豊富町・稚内市境,1516,0,4.5,稚内市声問村更喜苫内,2276,稚内市声問村更喜苫内,2768,5044,1.23,0.59,71.3,66,15.5,60
1300400670,一般国道４０号,豊富町・稚内市境,上勇知兜沼停車場線,1214,0,0.8,稚内市声問村更喜苫内,2276,稚内市声問村更喜苫内,2768,5044,1.23,0.6,66.4,67.8,20,60
1300400680,一般国道４０号,上勇知兜沼停車場線,一般国道２３８号,1214,0,15.2,稚内市声問村更喜苫内,2276,稚内市声問村更喜苫内,2768,5044,1.23,0.6,59,57.9,20,60
1300400690,一般国道４０号,一般国道２３８号,稚内天塩線,1214,0,4.1,稚内市潮見4丁目4番地,5152,稚内市潮見4丁目4番地,5258,10410,1.23,0.41,29,28.8,25,60
1300400710,一般国道４０号,一般国道４０号,,1221,0,0.7,名寄市字徳田249,1045,名寄市字徳田249,776,1821,1.22,0.26,20.7,25.8,13,60
1300400720,一般国道４０号（名寄美深道路）,,一般国道４０号,1221,1,4.5,名寄市字豊栄196番,1764,名寄市字豊栄196番,1936,3700,1.24,0.33,60,69.9,13,70
1300400730,一般国道４０号（名寄美深道路）,一般国道４０号,一般国道４０号,1221,1,6.2,名寄市字智恵文2090番,2812,名寄市字智恵文2090番,2835,5647,1.21,0.46,81.1,81.3,15,70
1300400740,一般国道４０号（名寄美深道路）,一般国道４０号,一般国道４０号,1221,1,3.7,名寄市字智恵文,2557,名寄市字智恵文,2835,5392,1.21,0.4,80.8,75.9,15,80
1300400750,一般国道４０号（名寄美深道路）,一般国道４０号,名寄市・美深町境,1221,1,3.2,中川郡美深町字美深,1957,中川郡美深町字美深,1956,3913,1.21,0.31,83.1,77.7,13.5,80
1300400760,一般国道４０号（名寄美深道路）,名寄市・美深町境,美深雄武線,1469,1,1.1,中川郡美深町字美深,1957,中川郡美深町字美深,1956,3913,1.21,0.31,86.7,75.8,13.5,80
1300400840,一般国道４０号（名寄美深道路）,美深雄武線,一般国道４０号,1469,1,3.8,中川郡美深町字敷島,1544,中川郡美深町字敷島,1547,3091,1.22,0.3,78.9,75.6,13.5,80
1300400780,一般国道４０号（幌富バイパス）,町道幌延３号線,幌延町・豊富町境,1520,1,4.8,天塩郡幌延町幌延,923,天塩郡幌延町幌延,1053,1976,1.26,0.18,80.9,76.8,13.5,80
1300400790,一般国道４０号（幌富バイパス）,幌延町・豊富町境,豊富浜頓別線,1516,1,6.4,天塩郡幌延町幌延,923,天塩郡幌延町幌延,1053,1976,1.26,0.17,86.6,86.4,13.5,80
1300400800,一般国道４０号（豊富バイパス）,豊富浜頓別線,メナシベツ豊富線,1516,1,7,天塩郡豊富町福永,968,天塩郡豊富町福永,970,1938,1.25,0.26,84.8,83.9,13,70
1300400810,一般国道４０号（豊富バイパス）,メナシベツ豊富線,豊富猿払線,1516,1,8.7,天塩郡豊富町修徳,1078,天塩郡豊富町修徳,1132,2210,1.29,0.23,79.1,79.7,13,70
1300400820,一般国道４０号（豊富バイパス）,豊富猿払線,一般国道４０号,1516,1,0.2,天塩郡豊富町修徳,1078,天塩郡豊富町修徳,1132,2210,1.29,0.23,52.5,27.5,13,70
1300440010,一般国道４４号,一般国道３８号,,1206,0,0.8,釧路市旭町,8170,釧路市旭町,8118,16288,1.18,0.65,18.4,19.1,30,50
1300440020,一般国道４４号,,釧路環状線,1206,0,1.8,釧路市旭町,8170,釧路市旭町,8118,16288,1.18,0.65,29.5,25.7,30,50
1300440030,一般国道４４号,釧路環状線,釧路市・釧路町境,1206,0,0.1,釧路郡釧路町中央2丁目,13514,釧路郡釧路町中央2丁目,11977,25491,1.18,1.2,16.3,13.8,30,50
1300440040,一般国道４４号,釧路市・釧路町境,一般国道３９１号,1661,0,2.5,釧路郡釧路町中央2丁目,13514,釧路郡釧路町中央2丁目,11977,25491,1.18,1.1,21,22.7,30,50
1300440045,一般国道４４号,一般国道３９１号,釧路環状線,1661,0,1.6,釧路郡釧路町中央2丁目,13514,釧路郡釧路町中央2丁目,11977,25491,1.18,1.1,34.4,31.6,30,50
1300440050,一般国道４４号,釧路環状線,遠野別保線,1661,0,4.2,釧路郡釧路町字別保原野南25線,4013,釧路郡釧路町字別保原野南25線,4218,8231,1.18,0.91,50.8,52.9,14,60
1300440060,一般国道４４号,遠野別保線,一般国道２７２号,1661,0,2,釧路郡釧路町字別保原野南25線,4013,釧路郡釧路町字別保原野南25線,4218,8231,1.18,0.91,54,54.3,14,60
1300440070,一般国道４４号,一般国道２７２号,厚岸昆布森線,1661,0,3.8,厚岸郡厚岸町門静1丁目,4040,厚岸郡厚岸町門静1丁目,4113,8153,1.16,1.08,55.7,65.6,8.5,60
1300440080,一般国道４４号,厚岸昆布森線,釧路町・厚岸町境,1661,0,4.7,厚岸郡厚岸町門静1丁目,4040,厚岸郡厚岸町門静1丁目,4113,8153,1.16,1.08,62.5,67.7,8.5,60
1300440090,一般国道４４号,釧路町・厚岸町境,厚岸町・釧路町境,1662,0,0.3,厚岸郡厚岸町門静1丁目,4040,厚岸郡厚岸町門静1丁目,4113,8153,1.16,1.08,62.2,67,8.5,60
1300440100,一般国道４４号,厚岸町・釧路町境,釧路町・厚岸町境,1661,0,0.3,厚岸郡厚岸町門静1丁目,4040,厚岸郡厚岸町門静1丁目,4113,8153,1.16,1.08,61.4,67.1,8.5,60
1300440110,一般国道４４号,釧路町・厚岸町境,塘路厚岸線,1662,0,4.7,厚岸郡厚岸町門静1丁目,4040,厚岸郡厚岸町門静1丁目,4113,8153,1.16,1.09,61.9,67.2,8.5,60
1300440120,一般国道４４号,塘路厚岸線,根室浜中釧路線,1662,0,6.5,厚岸郡厚岸町門静1丁目,4040,厚岸郡厚岸町門静1丁目,4113,8153,1.16,1.09,64.7,63.2,8.5,60
1300440130,一般国道４４号,根室浜中釧路線,厚岸標茶線,1662,0,13,厚岸郡厚岸町門静1丁目,4040,厚岸郡厚岸町門静1丁目,4113,8153,1.16,0.78,60.2,61.1,10.5,60
1300440140,一般国道４４号,厚岸標茶線,別海厚岸線,1662,0,1.4,厚岸郡厚岸町宮園,4928,厚岸郡厚岸町宮園,4883,9811,1.16,1.19,43.5,41.8,10.5,60
1300440150,一般国道４４号,別海厚岸線,厚岸町・浜中町境,1662,0,18.3,厚岸郡浜中町茶内西,2021,厚岸郡浜中町茶内西,1974,3995,1.16,0.57,62.7,64.6,10.5,60
1300440160,一般国道４４号,厚岸町・浜中町境,茶内停車場線,1663,0,1.6,厚岸郡浜中町茶内西,2021,厚岸郡浜中町茶内西,1974,3995,1.16,0.57,57.4,51.8,9.5,60
1300440170,一般国道４４号,茶内停車場線,別海厚岸線,1663,0,5.8,厚岸郡浜中町茶内西,2021,厚岸郡浜中町茶内西,1974,3995,1.16,0.57,63.8,63.2,9.5,60
1300440180,一般国道４４号,別海厚岸線,別海厚岸線,1663,0,0.6,厚岸郡浜中町茶内西,2021,厚岸郡浜中町茶内西,1974,3995,1.16,0.57,57,62,9.5,60
1300440190,一般国道４４号,別海厚岸線,貰人姉別原野線,1663,0,10.9,厚岸郡浜中町茶内西,2021,厚岸郡浜中町茶内西,1974,3995,1.16,0.57,70.7,71.4,9.5,60
1300440200,一般国道４４号,貰人姉別原野線,浜中町・根室市境,1663,0,3.6,厚岸郡浜中町茶内西,2021,厚岸郡浜中町茶内西,1974,3995,1.16,0.57,72.2,70.1,9.5,60
1300440210,一般国道４４号,浜中町・根室市境,一般国道２４３号,1223,0,3,根室市西厚床,1058,根室市西厚床,1048,2106,1.17,0.3,60.3,58.3,9.5,60
1300440220,一般国道４４号,一般国道２４３号,初田牛厚床線,1223,0,0.7,根室市川口,1835,根室市川口,1832,3667,1.16,0.38,33.4,37.6,9.5,60
1300440230,一般国道４４号,初田牛厚床線,別当賀酪陽線,1223,0,15.3,根室市川口,1835,根室市川口,1832,3667,1.16,0.38,69.5,67.9,9.5,60
1300440235,一般国道４４号,別当賀酪陽線,一般国道４４号（根室道路）,1223,0,6.5,根室市川口,1835,根室市川口,1832,3667,1.16,0.38,66.9,63.9,9.5,60
1300440240,一般国道４４号,一般国道４４号（根室道路）,花咲港温根沼線,1223,0,1.5,根室市温根沼,616,根室市温根沼,609,1225,1.17,0.16,47.8,49.7,9.5,60
1300440245,一般国道４４号,花咲港温根沼線,一般国道４４号（根室道路）,1223,0,5.3,根室市温根沼,386,根室市温根沼,502,888,1.15,0.12,58.7,52.9,13,60
1300440250,一般国道４４号,一般国道４４号（根室道路）,根室半島線,1223,0,2.5,根室市常盤町2丁目,3927,根室市常盤町2丁目,5124,9051,1.15,0.48,35.1,34.3,25,50
1300440260,一般国道４４号,根室半島線,根室停車場線,1223,0,0.3,根室市常盤町2丁目,3927,根室市常盤町2丁目,5124,9051,1.15,0.48,27.5,33.1,25,50
1300440270,一般国道４４号,根室停車場線,根室半島線,1223,0,0.4,根室市常盤町2丁目,3927,根室市常盤町2丁目,5124,9051,1.15,0.48,27.2,22.9,25,50
1300440400,一般国道４４号（釧路東インター線）,一般国道３８号（釧路外環状道路）,一般国道３９１号,1661,1,0.7,釧路郡釧路町中央4丁目,3199,釧路郡釧路町中央4丁目,3460,6659,1.2,0.65,49.2,36.2,14.5,40
1300441010,一般国道４４号（釧路外環状道路）,一般国道３８号（釧路外環状道路）,一般国道２７２号,1661,1,6.6,釧路郡釧路町字別保,2839,釧路郡釧路町字別保,2755,5594,1.2,0.5,73,72.5,12,70
1300440280,一般国道４４号（根室道路）,一般国道４４号,一般国道４４号,1223,1,6.5,根室市幌茂尻,1586,根室市幌茂尻,1604,3190,1.15,0.28,75.1,74.7,13.5,80
1302270010,一般国道２２７号,一般国道５号,赤川函館線,1202,0,1.8,函館市北浜町10-8,12408,函館市北浜町10-8,10182,22590,1.29,0.75,30,34.8,25,50
1302270020,一般国道２２７号,赤川函館線,函館市・北斗市境,1202,0,1.3,函館市北浜町10-8,12408,函館市北浜町10-8,10182,22590,1.29,0.75,31.4,37.9,25,50
1302270030,一般国道２２７号,函館市・北斗市境,七重浜停車場線,1236,0,0.6,函館市北浜町10-8,12408,函館市北浜町10-8,10182,22590,1.29,0.87,37.2,22.9,25,50
1302270040,一般国道２２７号,七重浜停車場線,一般国道２２８号,1236,0,0.4,函館市北浜町10-8,12408,函館市北浜町10-8,10182,22590,1.29,0.87,36,20.8,25,50
1302270050,一般国道２２７号,一般国道２２８号,函館上磯線,1236,0,0.7,北斗市七重浜6丁目8-21,10255,北斗市七重浜6丁目8-21,9998,20253,1.29,0.83,19.3,19.9,25,50
1302270060,一般国道２２７号,函館上磯線,一般国道２２８号（函館江差道）,1236,0,1.9,北斗市七重浜6丁目8-21,12325,北斗市七重浜6丁目8-21,11461,23786,1.29,0.69,24.9,29.6,30,60
1302270065,一般国道２２７号,一般国道２２８号（函館江差道）,,1236,0,0.3,北斗市追分5丁目11-5,12376,北斗市追分5丁目11-5,11398,23774,1.29,0.81,24.4,23.1,30,60
1302270070,一般国道２２７号,,大野大中山線,1236,0,6.3,北斗市追分5丁目11-5,12376,北斗市追分5丁目11-5,11398,23774,1.29,0.81,48,49.7,30,60
1302270080,一般国道２２７号,大野大中山線,七飯大野線,1236,0,0.6,北斗市追分5丁目11-5,12376,北斗市追分5丁目11-5,11398,23774,1.29,0.81,46,42.2,30,60
1302270090,一般国道２２７号,七飯大野線,上磯峠下線,1236,0,1.1,北斗市追分5丁目11-5,12376,北斗市追分5丁目11-5,11398,23774,1.29,0.81,45.6,31.3,30,60
1302270100,一般国道２２７号,上磯峠下線,上磯峠下線,1236,0,0.4,北斗市市渡155,2654,北斗市市渡155,2676,5330,1.17,0.29,28.7,32.4,30,60
1302270110,一般国道２２７号,上磯峠下線,北斗市・厚沢部町境,1236,0,18.3,北斗市市渡155,2654,北斗市市渡155,2676,5330,1.17,0.85,60,62.6,9,60
1302270120,一般国道２２７号,北斗市・厚沢部町境,共和鶉線,1363,0,13.4,檜山郡厚沢部町峠下,2064,檜山郡厚沢部町峠下,1951,4015,1.17,0.62,61.6,59.3,11.5,60
1302270130,一般国道２２７号,共和鶉線,上磯厚沢部線,1363,0,4,檜山郡厚沢部町峠下,2064,檜山郡厚沢部町峠下,1951,4015,1.17,0.62,58.6,59.2,11.5,60
1302270140,一般国道２２７号,上磯厚沢部線,城丘江差線,1363,0,5.3,檜山郡江差町柳崎町182,2397,檜山郡江差町柳崎町182,2575,4972,1.15,0.59,58,59.1,11.5,60
1302270150,一般国道２２７号,城丘江差線,八雲厚沢部線,1363,0,0.7,檜山郡江差町柳崎町182,2397,檜山郡江差町柳崎町182,2575,4972,1.15,0.64,27.7,30.4,12.25,60
1302270160,一般国道２２７号,八雲厚沢部線,厚沢部町・江差町境,1363,0,6.2,檜山郡江差町柳崎町182,2397,檜山郡江差町柳崎町182,2575,4972,1.15,0.64,54.8,53,12.25,60
1302270170,一般国道２２７号,厚沢部町・江差町境,一般国道２２９号,1361,0,0.1,檜山郡江差町柳崎町182,2397,檜山郡江差町柳崎町182,2575,4972,1.15,0.63,25.6,17.5,17.25,50
1302270180,一般国道２２７号,一般国道２２９号,一般国道２２８号,1361,0,6.5,檜山郡江差町字泊1038,4623,檜山郡江差町字泊1038,4711,9334,1.15,0.81,46.3,45.4,17.25,50
1302280005,一般国道２２８号,一般国道２２７号,,1236,0,1.6,北斗市七重浜7丁目3-1,16156,北斗市七重浜7丁目3-1,15302,31458,1.25,1.38,26.4,31.9,25,50
1302280010,一般国道２２８号,,大野上磯線,1236,0,1.6,北斗市七重浜7丁目3-1,16156,北斗市七重浜7丁目3-1,15302,31458,1.25,1.38,41.2,42.7,25,50
1302280020,一般国道２２８号,大野上磯線,上磯峠下線,1236,0,1.5,北斗市七重浜7丁目3-1,16156,北斗市七重浜7丁目3-1,15302,31458,1.25,1.04,34,39.4,29,60
1302280030,一般国道２２８号,上磯峠下線,上磯停車場線,1236,0,0.7,北斗市飯生1丁目14-9,6617,北斗市飯生1丁目14-9,6229,12846,1.22,0.44,32.1,36.2,29,60
1302280040,一般国道２２８号,上磯停車場線,一般国道２２８号（函館江差道）,1236,0,2.3,北斗市飯生1丁目14-9,6617,北斗市飯生1丁目14-9,6229,12846,1.22,0.44,42.8,43.8,29,60
1302280050,一般国道２２８号,一般国道２２８号（函館江差道）,上磯厚沢部線,1236,0,5.2,北斗市茂辺地1丁目2-7,3025,北斗市茂辺地1丁目2-7,2679,5704,1.22,0.65,54.7,56.9,11,50
1302280060,一般国道２２８号,上磯厚沢部線,北斗市・木古内町境,1236,0,7.3,上磯郡木古内町字大平2,4059,上磯郡木古内町字大平2,4244,8303,1.22,0.68,56.6,58.9,11,50
1302280070,一般国道２２８号,北斗市・木古内町境,,1334,0,11.7,上磯郡木古内町字大平2,4059,上磯郡木古内町字大平2,4244,8303,1.22,0.7,56,54,16,50
1302280075,一般国道２２８号,,江差木古内線,1334,0,0.1,上磯郡木古内町字大平2,4059,上磯郡木古内町字大平2,4244,8303,1.22,0.74,28.3,28.4,16,60
1302280080,一般国道２２８号,江差木古内線,木古内停車場線,1334,0,2.4,上磯郡木古内町字大平2,4059,上磯郡木古内町字大平2,4244,8303,1.22,0.74,54.3,53.9,16,60
1302280090,一般国道２２８号,木古内停車場線,木古内町・知内町境,1334,0,0.3,上磯郡知内町森越,3293,上磯郡知内町森越,2757,6050,1.22,0.62,39.7,42.7,16,60
1302280100,一般国道２２８号,木古内町・知内町境,小谷石渡島知内停車場線,1333,0,6,上磯郡知内町森越,3293,上磯郡知内町森越,2757,6050,1.22,0.62,57.6,58.4,10.5,60
1302280110,一般国道２２８号,小谷石渡島知内停車場線,湯の里渡島知内停車場線,1333,0,0.2,上磯郡知内町森越,3293,上磯郡知内町森越,2757,6050,1.22,0.62,36.7,31.6,10.5,60
1302280120,一般国道２２８号,湯の里渡島知内停車場線,小谷石渡島知内停車場線,1333,0,0.6,上磯郡知内町森越,3293,上磯郡知内町森越,2757,6050,1.22,0.62,32.2,28.9,10.5,60
1302280130,一般国道２２８号,小谷石渡島知内停車場線,湯の里渡島知内停車場線,1333,0,9.4,上磯郡知内町森越,3293,上磯郡知内町森越,2757,6050,1.22,0.62,56.7,52.8,10.5,60
1302280140,一般国道２２８号,湯の里渡島知内停車場線,知内町・福島町境,1333,0,1.8,松前郡福島町三岳,1359,松前郡福島町三岳,1363,2722,1.2,0.3,64.2,64.3,10.5,60
1302280150,一般国道２２８号,知内町・福島町境,館町福島線,1332,0,1.1,松前郡福島町三岳,1359,松前郡福島町三岳,1363,2722,1.2,0.41,66.3,65.9,8.5,60
1302280160,一般国道２２８号,館町福島線,岩部渡島福島停車場線,1332,0,13.4,松前郡福島町三岳,1359,松前郡福島町三岳,1363,2722,1.2,0.41,53.3,53.6,8.5,60
1302280170,一般国道２２８号,岩部渡島福島停車場線,渡島吉岡停車場線,1332,0,4.9,松前郡福島町字福島127,2055,松前郡福島町字福島127,2094,4149,1.13,0.39,45,45.2,13,50
1302280180,一般国道２２８号,渡島吉岡停車場線,福島町・松前町境,1332,0,5.6,松前郡松前町白神,1007,松前郡松前町白神,969,1976,1.13,0.29,54.7,55.1,13,50
1302280190,一般国道２２８号,福島町・松前町境,石崎松前線,1331,0,8.5,松前郡松前町白神,1007,松前郡松前町白神,969,1976,1.13,0.29,51.9,51.9,8,60
1302280200,一般国道２２８号,石崎松前線,松前港線,1331,0,1.5,松前郡松前町朝日,1433,松前郡松前町朝日,1470,2903,1.13,0.4,42.8,40.3,8,60
1302280210,一般国道２２８号,松前港線,松前停車場線,1331,0,1.3,松前郡松前町朝日,1433,松前郡松前町朝日,1470,2903,1.13,0.4,40.4,37.3,8,60
1302280220,一般国道２２８号,松前停車場線,松前町・上ノ国町境,1331,0,28.4,松前郡松前町赤神,1236,松前郡松前町赤神,1261,2497,1.13,0.28,60,53.9,8,60
1302280230,一般国道２２８号,松前町・上ノ国町境,石崎松前線,1362,0,9,檜山郡上ノ国町小砂子,244,檜山郡上ノ国町小砂子,273,517,1.11,0.06,67.8,67.4,8,60
1302280240,一般国道２２８号,石崎松前線,江差木古内線,1362,0,17.4,檜山郡上ノ国町大留143-10,1957,檜山郡上ノ国町大留143-10,2016,3973,1.19,0.37,57.4,59.6,8,60
1302280250,一般国道２２８号,江差木古内線,上ノ国町・江差町境,1362,0,2.3,檜山郡上ノ国町大留143-10,2706,檜山郡上ノ国町大留143-10,2756,5462,1.21,0.45,49.4,52.4,8,60
1302280260,一般国道２２８号,上ノ国町・江差町境,江差停車場線,1361,0,4.8,檜山郡上ノ国町大留143-10,2706,檜山郡上ノ国町大留143-10,2756,5462,1.21,0.44,46.1,45,9,60
1302280270,一般国道２２８号,江差停車場線,一般国道２２７号,1361,0,0.5,桧山郡江差町姥神町167,3753,桧山郡江差町姥神町167,3998,7751,1.21,0.63,26.5,32.1,18,40
1302280290,一般国道２２８号（函館江差道）,一般国道５号,函館市・北斗市境,1202,1,3.2,函館市西桔梗町784,8595,函館市西桔梗町784,8565,17160,1.2,1.16,42,78,15,80
1302280300,一般国道２２８号（函館江差道）,函館市・北斗市境,一般国道２２７号,1236,1,0.9,函館市西桔梗町784,8595,函館市西桔梗町784,8565,17160,1.2,1.16,72.9,78.3,12,70
1302280310,一般国道２２８号（函館江差道）,一般国道２２７号,上磯峠下線,1236,1,3.9,北斗市一本木686,4018,北斗市一本木686,4107,8125,1.2,0.74,77.5,80.1,12,70
1302280320,一般国道２２８号（函館江差道）,上磯峠下線,一般国道２２８号,1236,1,4.5,北斗市桜岱66,2447,北斗市桜岱66,2398,4845,1.2,0.55,79.6,83.6,12,70
1302280330,一般国道２２８号（函館江差道）,一般国道２２８号,茂辺地インター線,1236,1,5.4,北斗市矢不来,1787,北斗市矢不来,1452,3239,1.2,0.45,81.3,85.6,12,70
1302290010,一般国道２２９号,一般国道５号,豊丘余市停車場線,1408,0,1.2,余市郡余市町入舟町,3425,余市郡余市町入舟町,3731,7156,1.26,0.8,17.9,21.7,14,40
1302290020,一般国道２２９号,豊丘余市停車場線,豊丘余市停車場線,1408,0,1.1,余市郡余市町白岩町,2422,余市郡余市町白岩町,2329,4751,1.26,0.6,26.7,30.7,14,40
1302290030,一般国道２２９号,豊丘余市停車場線,豊丘余市停車場線,1408,0,0.2,余市郡余市町白岩町,2422,余市郡余市町白岩町,2329,4751,1.26,0.6,32.3,26.7,14,40
1302290040,一般国道２２９号,豊丘余市停車場線,余市町・古平町境,1408,0,10.9,余市郡余市町白岩町,2422,余市郡余市町白岩町,2329,4751,1.26,0.53,51,49.3,10.25,50
1302290050,一般国道２２９号,余市町・古平町境,古平神恵内線,1406,0,3.6,古平郡古平町大字沢江町736,2449,古平郡古平町大字沢江町736,2393,4842,1.2,0.44,59.9,55.7,11.25,40
1302290060,一般国道２２９号,古平神恵内線,古平町・積丹町境,1406,0,4.1,古平郡古平町浜町,2001,古平郡古平町浜町,2172,4173,1.2,0.33,36.9,38.5,11.25,40
1302290070,一般国道２２９号,古平町・積丹町境,船澗美国港線,1405,0,2.5,積丹郡積丹町大字美国町,1543,積丹郡積丹町大字美国町,1509,3052,1.24,0.25,50.6,49.7,7.5,60
1302290080,一般国道２２９号,船澗美国港線,野塚婦美線,1405,0,6.8,積丹郡積丹町大字美国町,1543,積丹郡積丹町大字美国町,1509,3052,1.24,0.25,54,55.2,7.5,60
1302290090,一般国道２２９号,野塚婦美線,野塚婦美線,1405,0,8.3,積丹郡積丹町大字婦美町,527,積丹郡積丹町大字婦美町,433,960,1.11,0.13,58.9,57.4,7.5,60
1302290100,一般国道２２９号,野塚婦美線,積丹町・神恵内村境,1405,0,14.7,積丹郡積丹町大字西河町,428,積丹郡積丹町大字西河町,440,868,1.11,0.12,43.4,53.1,7.5,60
1302290110,一般国道２２９号,積丹町・神恵内村境,古平神恵内線,1404,0,19.7,古宇郡神恵内村大字珊内村,142,古宇郡神恵内村大字珊内村,127,269,1.15,0.04,52.1,53.1,10.25,50
1302290120,一般国道２２９号,古平神恵内線,神恵内村・泊村境,1404,0,2.8,古宇郡泊村大字堀株村103,2418,古宇郡泊村大字堀株村103,2506,4924,1.16,0.55,50.7,41.4,10.25,50
1302290130,一般国道２２９号,神恵内村・泊村境,茅沼鉱山泊線,1403,0,9.5,古宇郡泊村大字堀株村103,2418,古宇郡泊村大字堀株村103,2506,4924,1.16,0.56,55.2,55.7,11.5,60
1302290140,一般国道２２９号,茅沼鉱山泊線,泊村・共和町境,1403,0,4.1,古宇郡泊村大字堀株村103,2418,古宇郡泊村大字堀株村103,2506,4924,1.16,0.56,46,44.4,11.5,60
1302290150,一般国道２２９号,泊村・共和町境,蕨台古平線,1401,0,1.7,古宇郡泊村大字堀株村103,2418,古宇郡泊村大字堀株村103,2506,4924,1.16,0.58,32.6,34.8,11,60
1302290160,一般国道２２９号,蕨台古平線,蕨岱国富停車場線,1401,0,2,岩内郡共和町宮丘,1962,岩内郡共和町宮丘,1905,3867,1.16,0.63,49.5,44.4,11,60
1302290165,一般国道２２９号,蕨岱国富停車場線,一般国道２７６号,1401,0,1,岩内郡共和町宮丘,1962,岩内郡共和町宮丘,1905,3867,1.16,0.63,38.5,39,11,60
1302290170,一般国道２２９号,一般国道２７６号,共和町・岩内町境,1401,0,1.3,岩内郡共和町梨野舞納,3855,岩内郡共和町梨野舞納,4217,8072,1.26,0.97,40.7,36.3,11,60
1302290180,一般国道２２９号,共和町・岩内町境,一般国道２７６号,1402,0,1,岩内郡共和町梨野舞納,3855,岩内郡共和町梨野舞納,4217,8072,1.26,1.15,33.7,29.7,21,40
1302290190,一般国道２２９号,一般国道２７６号,岩内蘭越線,1402,0,0.3,岩内郡岩内町字高台,3497,岩内郡岩内町字高台,3134,6631,1.27,0.54,22.1,24.9,21,40
1302290200,一般国道２２９号,岩内蘭越線,岩内洞爺線,1402,0,0.7,岩内郡岩内町字高台,3497,岩内郡岩内町字高台,3134,6631,1.27,0.54,19.9,22.6,21,40
1302290210,一般国道２２９号,岩内洞爺線,岩内町・蘭越町境,1402,0,14.1,岩内郡岩内町字敷島内89,1459,岩内郡岩内町字敷島内89,1482,2941,1.27,0.29,54.5,55.8,9,50
1302290220,一般国道２２９号,岩内町・蘭越町境,北尻別蘭越停車場線,1394,0,3.2,岩内郡岩内町字敷島内89,1459,岩内郡岩内町字敷島内89,1482,2941,1.27,0.33,62,57.9,7.5,50
1302290230,一般国道２２９号,北尻別蘭越停車場線,磯谷蘭越線,1394,0,0.5,岩内郡岩内町字敷島内89,1459,岩内郡岩内町字敷島内89,1482,2941,1.27,0.33,48.4,46.5,7.5,50
1302290240,一般国道２２９号,磯谷蘭越線,蘭越町・寿都町境,1394,0,0.3,寿都郡寿都町字歌棄町美谷,1249,寿都郡寿都町字歌棄町美谷,1113,2362,1.27,0.22,42,47.2,7.5,50
1302290250,一般国道２２９号,蘭越町・寿都町境,寿都町・黒松内町境,1392,0,14.2,寿都郡寿都町字歌棄町美谷,1249,寿都郡寿都町字歌棄町美谷,1113,2362,1.27,0.2,63,62.7,11.5,50
1302290260,一般国道２２９号,寿都町・黒松内町境,寿都黒松内線,1393,0,1.4,寿都郡寿都町字歌棄町美谷,1249,寿都郡寿都町字歌棄町美谷,1113,2362,1.27,0.21,55.9,54.1,10.5,50
1302290270,一般国道２２９号,寿都黒松内線,黒松内町・寿都町境,1393,0,0.1,寿都郡寿都町字歌棄町美谷,1249,寿都郡寿都町字歌棄町美谷,1113,2362,1.27,0.21,26.1,28,10.5,50
1302290280,一般国道２２９号,黒松内町・寿都町境,寿都黒松内線,1392,0,5.2,寿都郡寿都町字歌棄町美谷,1249,寿都郡寿都町字歌棄町美谷,1113,2362,1.27,0.21,57.5,57.9,11.5,50
1302290290,一般国道２２９号,寿都黒松内線,寿都停車場線,1392,0,2,寿都郡寿都町字歌棄町美谷,1249,寿都郡寿都町字歌棄町美谷,1113,2362,1.27,0.21,37.9,47.5,11.5,50
1302290300,一般国道２２９号,寿都停車場線,寿都停車場線,1392,0,0.3,寿都郡寿都町字歌棄町美谷,1249,寿都郡寿都町字歌棄町美谷,1113,2362,1.27,0.21,22.8,24,11.5,50
1302290310,一般国道２２９号,寿都停車場線,寿都停車場線,1392,0,2,寿都郡寿都町字歌棄町美谷,1249,寿都郡寿都町字歌棄町美谷,1113,2362,1.27,0.21,40.2,32.6,11.5,50
1302290320,一般国道２２９号,寿都停車場線,寿都町・島牧村境,1392,0,5.3,島牧郡島牧村字本目,627,島牧郡島牧村字本目,620,1247,1.19,0.1,67.2,66.4,11.5,50
1302290330,一般国道２２９号,寿都町・島牧村境,美川黒松内線,1391,0,7,島牧郡島牧村字本目,627,島牧郡島牧村字本目,620,1247,1.19,0.1,68.2,64.7,11,60
1302290340,一般国道２２９号,美川黒松内線,島牧美利河線,1391,0,10.6,島牧郡島牧村字本目,627,島牧郡島牧村字本目,620,1247,1.19,0.1,59.7,57.6,11,60
1302290350,一般国道２２９号,島牧美利河線,島牧村・せたな町境,1391,0,22.8,島牧郡島牧村字原歌175,226,島牧郡島牧村字原歌175,214,440,1.15,0.07,60.9,56.5,11,60
1302290360,一般国道２２９号,島牧村・せたな町境,西大里瀬棚停車場線,1371,0,20.7,久遠郡せたな町北島歌,141,久遠郡せたな町北島歌,120,261,1.18,0.04,62.5,58.5,11.5,60
1302290370,一般国道２２９号,西大里瀬棚停車場線,西大里瀬棚停車場線,1371,0,0.6,久遠郡せたな町瀬棚区本町838-3,1643,久遠郡せたな町瀬棚区本町838-3,1695,3338,1.17,0.4,35.3,38.2,22,50
1302290380,一般国道２２９号,西大里瀬棚停車場線,東大里瀬棚停車場線,1371,0,0.3,久遠郡せたな町瀬棚区本町838-3,1643,久遠郡せたな町瀬棚区本町838-3,1695,3338,1.17,0.4,32.9,33.5,22,50
1302290390,一般国道２２９号,東大里瀬棚停車場線,北桧山大成線,1371,0,3.4,久遠郡せたな町北檜山区豊岡160-4,1301,久遠郡せたな町北檜山区豊岡160-4,1497,2798,1.17,0.29,56.6,59.5,11,60
1302290400,一般国道２２９号,北桧山大成線,矢淵東瀬棚停車場線,1371,0,1.2,久遠郡せたな町北檜山区豊岡160-4,1301,久遠郡せたな町北檜山区豊岡160-4,1497,2798,1.17,0.3,31.9,32.3,21.8,40
1302290410,一般国道２２９号,矢淵東瀬棚停車場線,矢淵東瀬棚停車場線,1371,0,0.2,久遠郡せたな町北檜山区豊岡160-4,1301,久遠郡せたな町北檜山区豊岡160-4,1497,2798,1.17,0.3,22.2,22.6,21.8,40
1302290420,一般国道２２９号,矢淵東瀬棚停車場線,一般国道２３０号,1371,0,0.4,久遠郡せたな町北檜山区豊岡160-4,1301,久遠郡せたな町北檜山区豊岡160-4,1497,2798,1.17,0.3,17.7,18.1,21.8,40
1302290430,一般国道２２９号,一般国道２３０号,今金北檜山線,1371,0,0.9,久遠郡せたな町北檜山区若松1030,804,久遠郡せたな町北檜山区若松1030,796,1600,1.16,0.19,24.4,31.7,8.5,60
1302290440,一般国道２２９号,今金北檜山線,八雲北檜山線,1371,0,8.3,久遠郡せたな町北檜山区若松1030,804,久遠郡せたな町北檜山区若松1030,796,1600,1.16,0.19,58.2,57.3,8.5,60
1302290450,一般国道２２９号,八雲北檜山線,北桧山大成線,1371,0,15.8,久遠郡せたな町大成区宮野116,486,久遠郡せたな町大成区宮野116,486,972,1.18,0.13,60.1,61,8.5,60
1302290460,一般国道２２９号,北桧山大成線,せたな町・八雲町境,1371,0,11.5,久遠郡せたな町平浜,399,久遠郡せたな町平浜,462,861,1.15,0.14,57.9,62.6,8,60
1302290470,一般国道２２９号,せたな町・八雲町境,一般国道２７７号,1346,0,8.4,二海郡八雲町熊石雲石町,790,二海郡八雲町熊石雲石町,777,1567,1.15,0.14,49.7,51,14,50
1302290480,一般国道２２９号,一般国道２７７号,八雲町・乙部町境,1346,0,8.5,二海郡八雲町熊石折戸,808,二海郡八雲町熊石折戸,797,1605,1.2,0.13,58,56.2,14,50
1302290490,一般国道２２９号,八雲町・乙部町境,旭岱鳥山線,1364,0,10.1,乙部町豊浜,771,乙部町豊浜,841,1612,1.2,0.18,56.4,57,10,50
1302290500,一般国道２２９号,旭岱鳥山線,乙部厚沢部線,1364,0,3.1,乙部町豊浜,771,乙部町豊浜,841,1612,1.2,0.18,34,34,10,50
1302290510,一般国道２２９号,乙部厚沢部線,乙部町・江差町境,1364,0,2.4,檜山郡江差町柳崎町182,2169,檜山郡江差町柳崎町182,2119,4288,1.21,0.38,41.6,46.7,10,50
1302290520,一般国道２２９号,乙部町・江差町境,小黒部鰔川線,1361,0,2.5,檜山郡江差町柳崎町182,2169,檜山郡江差町柳崎町182,2119,4288,1.21,0.36,57.3,57.8,11,50
1302290530,一般国道２２９号,小黒部鰔川線,一般国道２２７号,1361,0,1.5,檜山郡江差町柳崎町182,2169,檜山郡江差町柳崎町182,2119,4288,1.21,0.36,42.3,33.9,11,50
1302300010,一般国道２３０号,一般国道１２号,宮の沢北１条線,1101,0,0.9,札幌市中央区北1条西9丁目,14922,札幌市中央区北1条西9丁目,15371,30293,1.29,1.32,14.3,16,33,50
1302300020,一般国道２３０号,宮の沢北１条線,南４条線,1101,0,0.7,札幌市中央区北1条西10丁目,13163,札幌市中央区北1条西10丁目,14743,27906,1.19,0.88,15.5,15.1,45,50
1302300030,一般国道２３０号,南４条線,旭山公園米里線,1101,0,0.7,札幌市中央区北1条西10丁目,13163,札幌市中央区北1条西10丁目,14743,27906,1.19,0.88,20.2,16.8,45,50
1302300040,一般国道２３０号,旭山公園米里線,札幌環状線,1101,0,1.6,札幌市中央区北1条西10丁目,13163,札幌市中央区北1条西10丁目,14743,27906,1.19,1.34,22.1,25.5,23.64,50
1302300050,一般国道２３０号,札幌環状線,西野白石線,1101,0,0.4,札幌市中央区北1条西10丁目,13163,札幌市中央区北1条西10丁目,14743,27906,1.19,1.34,22.6,25.2,23.64,50
1302300060,一般国道２３０号,西野白石線,札幌市中央区・札幌市南区境,1101,0,1.5,札幌市中央区南22条西11丁目,14079,札幌市中央区南22条西11丁目,12152,26231,1.19,0.92,27.2,30.5,23.64,50
1302300070,一般国道２３０号,札幌市中央区・札幌市南区境,真駒内篠路線,1106,0,0.8,札幌市南区南33条西11丁目,17524,札幌市南区南33条西11丁目,16402,33926,1.19,1.15,26.5,14.2,25,50
1302300080,一般国道２３０号,真駒内篠路線,西野真駒内清田線,1106,0,1.3,札幌市南区南37条西10丁目,19733,札幌市南区南37条西10丁目,19263,38996,1.25,1.37,26.6,31,25,50
1302300090,一般国道２３０号,西野真駒内清田線,川沿石山連絡線,1106,0,1.9,札幌市南区川沿10条1丁目,16309,札幌市南区川沿10条1丁目,15073,31382,1.19,1,34.3,26.7,25,50
1302300100,一般国道２３０号,川沿石山連絡線,川沿石山連絡線,1106,0,2.6,札幌市南区川沿11条1丁目,13256,札幌市南区川沿11条1丁目,12865,26121,1.19,0.84,31.5,30.5,25,50
1302300110,一般国道２３０号,川沿石山連絡線,小樽定山渓線,1106,0,13.8,札幌市南区小金湯,7733,札幌市南区小金湯,7550,15283,1.19,1.02,44.7,44.8,25,60
1302300115,一般国道２３０号,小樽定山渓線,,1106,0,2,札幌市南区定山渓温泉東2丁目,5992,札幌市南区定山渓温泉東2丁目,5854,11846,1.19,1.77,33.9,34.2,18,50
1302300120,一般国道２３０号,,札幌市南区・喜茂別町境,1106,0,17.1,札幌市南区定山渓,3040,札幌市南区定山渓,2754,5794,1.19,0.7,61.8,62.9,10,50
1302300130,一般国道２３０号,札幌市南区・喜茂別町境,黒橋京極線,1398,0,9.4,虻田郡喜茂別町字伏見284,3362,虻田郡喜茂別町字伏見284,3375,6737,1.21,0.52,66.5,59.4,8.5,60
1302300140,一般国道２３０号,黒橋京極線,喜茂別停車場線,1398,0,10.5,虻田郡喜茂別町字伏見284,3362,虻田郡喜茂別町字伏見284,3375,6737,1.21,0.52,58,56.4,8.5,60
1302300150,一般国道２３０号,喜茂別停車場線,一般国道２７６号,1398,0,0.7,虻田郡喜茂別町字伏見284,3362,虻田郡喜茂別町字伏見284,3375,6737,1.21,0.52,40,43.5,9.5,60
1302300160,一般国道２３０号,一般国道２７６号,一般国道２７６号,1398,0,1.1,虻田郡喜茂別町字伏見284,3362,虻田郡喜茂別町字伏見284,3375,6737,1.21,0.52,41.8,44.6,9.5,60
1302300170,一般国道２３０号,一般国道２７６号,喜茂別町・留寿都村境,1398,0,2.6,虻田郡留寿都村字泉川228,2662,虻田郡留寿都村字泉川228,2629,5291,1.22,0.41,59.9,63.1,9.5,60
1302300180,一般国道２３０号,喜茂別町・留寿都村境,岩内洞爺線,1397,0,4.9,虻田郡留寿都村字泉川228,2662,虻田郡留寿都村字泉川228,2629,5291,1.22,0.41,54.6,51.3,8.5,50
1302300190,一般国道２３０号,岩内洞爺線,仲洞爺留寿都線,1397,0,0.8,虻田郡留寿都村字三ノ原,2198,虻田郡留寿都村字三ノ原,2259,4457,1.22,0.41,35.6,38.2,8.5,50
1302300200,一般国道２３０号,仲洞爺留寿都線,三ノ原ニセコ線,1397,0,5.7,虻田郡留寿都村字三ノ原,2198,虻田郡留寿都村字三ノ原,2259,4457,1.22,0.41,61.9,64.6,8.5,50
1302300210,一般国道２３０号,三ノ原ニセコ線,留寿都村・洞爺湖町境,1397,0,1.7,虻田郡留寿都村字三ノ原,2198,虻田郡留寿都村字三ノ原,2259,4457,1.22,0.41,58.2,60.2,8.5,50
1302300220,一般国道２３０号,留寿都村・洞爺湖町境,岩内洞爺線,1584,0,2.9,虻田郡洞爺湖町成香,1631,虻田郡洞爺湖町成香,1628,3259,1.22,0.43,62.1,61,8.5,50
1302300230,一般国道２３０号,岩内洞爺線,豊浦洞爺線,1584,0,2.3,虻田郡洞爺湖町成香,1631,虻田郡洞爺湖町成香,1628,3259,1.22,0.33,59.5,59.9,8.5,60
1302300240,一般国道２３０号,豊浦洞爺線,豊浦洞爺線,1584,0,2.5,虻田郡洞爺湖町成香,1631,虻田郡洞爺湖町成香,1628,3259,1.22,0.33,64.2,64.7,8.5,60
1302300245,一般国道２３０号,豊浦洞爺線,洞爺虻田線,1584,0,7.4,虻田郡洞爺湖町成香,1631,虻田郡洞爺湖町成香,1628,3259,1.22,0.33,61.2,61.1,8.5,60
1302300250,一般国道２３０号,洞爺虻田線,洞爺虻田線,1584,0,1.9,虻田郡洞爺湖町成香,1631,虻田郡洞爺湖町成香,1628,3259,1.22,0.33,63.5,62,8.5,60
1302300260,一般国道２３０号,洞爺虻田線,洞爺湖登別線,1584,0,0.9,虻田郡洞爺湖町成香,1631,虻田郡洞爺湖町成香,1628,3259,1.22,0.33,57.2,50.1,8.5,60
1302300270,一般国道２３０号,洞爺湖登別線,道央自動車道,1584,0,2.2,虻田郡洞爺湖町字三豊129,3199,虻田郡洞爺湖町字三豊129,2488,5687,1.17,0.51,40.1,53.9,8.5,60
1302300280,一般国道２３０号,道央自動車道,洞爺虻田線,1584,0,0.3,虻田郡洞爺湖町三豊,1276,虻田郡洞爺湖町三豊,1068,2344,1.21,0.29,35.2,44.9,8.5,60
1302300290,一般国道２３０号,洞爺虻田線,一般国道３７号,1584,0,2.1,虻田郡洞爺湖町三豊,1276,虻田郡洞爺湖町三豊,1068,2344,1.21,0.29,64.7,47.6,8.5,60
1302300310,一般国道２３０号,一般国道５号,道央自動車道,1347,0,1.6,山越郡長万部町国縫208-5,414,山越郡長万部町国縫208-5,395,809,1.13,0.18,52.5,46.2,8,60
1302300320,一般国道２３０号,道央自動車道,長万部町・今金町境,1347,0,9.6,山越郡長万部町国縫258,507,山越郡長万部町国縫258,510,1017,1.19,0.24,65.6,65.9,8,60
1302300330,一般国道２３０号,長万部町・今金町境,美利河二股自然休養村線,1370,0,0.7,瀬棚郡今金町美利河377-2,293,瀬棚郡今金町美利河377-2,372,665,1.23,0.15,58.7,68.3,14,60
1302300340,一般国道２３０号,美利河二股自然休養村線,島牧美利河線,1370,0,1.1,瀬棚郡今金町種川372,550,瀬棚郡今金町種川372,611,1161,1.13,0.21,58.7,65.2,14,60
1302300344,一般国道２３０号,島牧美利河線,丹羽今金線,1370,0,3.5,瀬棚郡今金町種川372,550,瀬棚郡今金町種川372,611,1161,1.13,0.21,62.8,66.6,14,60
1302300347,一般国道２３０号,丹羽今金線,丹羽今金線,1370,0,6.1,瀬棚郡今金町種川372,550,瀬棚郡今金町種川372,611,1161,1.13,0.21,67.9,70.7,14,60
1302300350,一般国道２３０号,丹羽今金線,今金北檜山線,1370,0,3.5,瀬棚郡今金町種川372,550,瀬棚郡今金町種川372,611,1161,1.13,0.21,59.3,61.9,14,60
1302300360,一般国道２３０号,今金北檜山線,光台種川線,1370,0,1.1,瀬棚郡今金町字本町61,2046,瀬棚郡今金町字本町61,1868,3914,1.11,0.47,54.6,55.6,14,60
1302300370,一般国道２３０号,光台種川線,丹羽今金線,1370,0,2.6,瀬棚郡今金町字本町61,2046,瀬棚郡今金町字本町61,1868,3914,1.11,0.42,62.4,61.9,12,50
1302300380,一般国道２３０号,丹羽今金線,鈴岡今金停車場線,1370,0,1.1,瀬棚郡今金町字本町61,2046,瀬棚郡今金町字本町61,1868,3914,1.11,0.42,34.5,28.6,12,50
1302300390,一般国道２３０号,鈴岡今金停車場線,八雲今金線,1370,0,0.5,瀬棚郡今金町字本町61,2046,瀬棚郡今金町字本町61,1868,3914,1.11,0.42,27.3,19.9,12,50
1302300400,一般国道２３０号,八雲今金線,鈴岡今金停車場線,1370,0,1.8,瀬棚郡今金町字本町61,2046,瀬棚郡今金町字本町61,1868,3914,1.11,0.42,41.9,37.8,12,50
1302300410,一般国道２３０号,鈴岡今金停車場線,今金町・せたな町境,1370,0,3.1,久遠郡せたな町北檜山区丹羽5-7,1148,久遠郡せたな町北檜山区丹羽5-7,1176,2324,1.15,0.3,59.1,62.2,9.75,60
1302300420,一般国道２３０号,今金町・せたな町境,小倉山丹羽停車場線,1371,0,1.3,久遠郡せたな町北檜山区丹羽5-7,1148,久遠郡せたな町北檜山区丹羽5-7,1176,2324,1.15,0.27,57.7,62.3,11.5,50
1302300430,一般国道２３０号,小倉山丹羽停車場線,丹羽今金線,1371,0,0.3,久遠郡せたな町北檜山区丹羽5-7,1148,久遠郡せたな町北檜山区丹羽5-7,1176,2324,1.15,0.27,53.3,56.4,11.5,50
1302300440,一般国道２３０号,丹羽今金線,小倉山丹羽停車場線,1371,0,0.3,久遠郡せたな町北檜山区丹羽5-7,1148,久遠郡せたな町北檜山区丹羽5-7,1176,2324,1.15,0.27,53.8,56.1,11.5,50
1302300450,一般国道２３０号,小倉山丹羽停車場線,一般国道２２９号,1371,0,5.3,久遠郡せたな町北檜山区丹羽5-7,1148,久遠郡せたな町北檜山区丹羽5-7,1176,2324,1.15,0.27,52.2,49.5,11.5,50
1302310010,一般国道２３１号,一般国道５号,丘珠空港線,1103,0,0.9,札幌市北区北34条西2丁目,16211,札幌市北区北34条西2丁目,15861,32072,1.28,0.81,20.2,22.1,33,50
1302310020,一般国道２３１号,丘珠空港線,琴似停車場新琴似線,1103,0,0.9,札幌市北区麻生町3丁目,18523,札幌市北区麻生町3丁目,19883,38406,1.28,0.88,23.3,22.3,33,50
1302310030,一般国道２３１号,琴似停車場新琴似線,札幌市東区・札幌市北区境,1103,0,0.6,札幌市北区北49条東2丁目,21115,札幌市北区北49条東2丁目,22361,43476,1.28,0.97,14.6,32.2,33,50
1302310040,一般国道２３１号,札幌市東区・札幌市北区境,真駒内篠路線,1102,0,3.6,札幌市北区北49条東2丁目,21115,札幌市北区北49条東2丁目,22361,43476,1.28,1,28.4,28.6,44.5,50
1302310050,一般国道２３１号,真駒内篠路線,札幌北広島環状線,1102,0,0.4,札幌市北区北49条東2丁目,21115,札幌市北区北49条東2丁目,22361,43476,1.28,1,30,14,44.5,50
1302310060,一般国道２３１号,札幌北広島環状線,札幌北広島環状線,1102,0,0.1,札幌市北区北49条東2丁目,21115,札幌市北区北49条東2丁目,22361,43476,1.28,1,15.9,9.3,44.5,50
1302310070,一般国道２３１号,札幌北広島環状線,矢臼場札幌線,1102,0,0.3,札幌市北区東茨戸1-1,10428,札幌市北区東茨戸1-1,11460,21888,1.28,0.85,22.5,33.9,44.5,50
1302310080,一般国道２３１号,矢臼場札幌線,札幌市北区・石狩市境,1102,0,0.2,札幌市北区東茨戸1-1,10428,札幌市北区東茨戸1-1,11460,21888,1.28,0.54,23.5,48,35.5,50
1302310090,一般国道２３１号,札幌市北区・石狩市境,花畔札幌線,1235,0,0.2,石狩市花川東,8191,石狩市花川東,9337,17528,1.18,0.58,31.5,27.9,40,60
1302310100,一般国道２３１号,花畔札幌線,一般国道３３７号,1235,0,1.7,石狩市花川東,8191,石狩市花川東,9337,17528,1.18,0.58,47.2,58.9,40,60
1302310110,一般国道２３１号,一般国道３３７号,一般国道３３７号,1235,0,2.1,石狩市生振,16450,石狩市生振,25337,41787,1.18,1.48,65,64.1,40,60
1302310120,一般国道２３１号,一般国道３３７号,小樽石狩線,1235,0,2.9,石狩市新港南2丁目,11710,石狩市新港南2丁目,11786,23496,1.22,1.7,39.7,39.2,30,60
1302310130,一般国道２３１号,小樽石狩線,小樽石狩線,1235,0,0.9,石狩市志美,6855,石狩市志美,5698,12553,1.18,0.34,43.8,44.2,30,60
1302310140,一般国道２３１号,小樽石狩線,矢臼場札幌線,1235,0,1.5,石狩市船場町,6320,石狩市船場町,5438,11758,1.18,1.37,48.3,44.8,10,50
1302310150,一般国道２３１号,矢臼場札幌線,岩見沢石狩線,1235,0,2.6,石狩市船場町,6320,石狩市船場町,5438,11758,1.18,1.37,50.7,43.1,10,50
1302310160,一般国道２３１号,岩見沢石狩線,望来当別線,1235,0,8.8,石狩市厚田区小谷,1633,石狩市厚田区小谷,1657,3290,1.18,0.53,59.2,58.8,8.5,60
1302310170,一般国道２３１号,望来当別線,月形厚田線,1235,0,13.3,石狩市厚田区小谷,1633,石狩市厚田区小谷,1657,3290,1.18,0.53,59.7,61,8.5,60
1302310180,一般国道２３１号,月形厚田線,一般国道４５１号,1235,0,27,石狩市浜益区川下,1025,石狩市浜益区川下,900,1925,1.17,0.24,61.2,62.1,8.5,60
1302310190,一般国道２３１号,一般国道４５１号,石狩市・増毛町境,1235,0,19.6,石狩市浜益区川下,1025,石狩市浜益区川下,900,1925,1.17,0.25,64.2,63.1,8.5,60
1302310200,一般国道２３１号,石狩市・増毛町境,増毛港線,1481,0,21.8,増毛郡増毛町雄冬393-6,586,増毛郡増毛町雄冬393-6,542,1128,1.19,0.17,56.3,56.5,8.5,60
1302310210,一般国道２３１号,増毛港線,暑寒別公園線,1481,0,0.9,増毛郡増毛町阿分25,2330,増毛郡増毛町阿分25,2297,4627,1.19,0.43,24.2,26.6,20,40
1302310220,一般国道２３１号,暑寒別公園線,増毛稲田線,1481,0,8,増毛郡増毛町阿分25,2330,増毛郡増毛町阿分25,2297,4627,1.19,0.41,56.7,56.2,11.5,50
1302310230,一般国道２３１号,増毛稲田線,増毛町・留萌市境,1481,0,2.8,増毛郡増毛町阿分25,2330,増毛郡増毛町阿分25,2297,4627,1.19,0.41,60.4,60.4,11.5,50
1302310235,一般国道２３１号,増毛町・留萌市境,浜中元川線,1212,0,4.3,留萌市沖見町1丁目93-5,2485,留萌市沖見町1丁目93-5,2578,5063,1.19,0.43,55.8,55.8,11.5,50
1302310240,一般国道２３１号,浜中元川線,一般国道２３１号,1212,0,0.8,留萌市沖見町1丁目93-5,2485,留萌市沖見町1丁目93-5,2578,5063,1.19,0.22,32.3,30.7,32,50
1302310280,一般国道２３１号,一般国道２３１号,,1212,0,0.3,留萌市明元町6丁目8,2942,留萌市明元町6丁目8,2880,5822,1.19,0.45,22.6,27.7,32,40
1302310320,一般国道２３１号,,,1212,0,0.3,留萌市明元町6丁目8,2942,留萌市明元町6丁目8,2880,5822,1.19,0.48,23.1,20.3,31,50
1302310330,一般国道２３１号,,,1212,0,0.2,留萌市船場町1丁目12-3,3755,留萌市船場町1丁目12-3,3464,7219,1.19,0.49,14.5,30.9,31,50
1302310300,一般国道２３１号,,一般国道２３２号,1212,0,0.5,留萌市船場町1丁目12-3,3755,留萌市船場町1丁目12-3,3464,7219,1.19,0.49,27.6,22.3,33,50
1302310250,一般国道２３１号,一般国道２３１号,留萌停車場線,1212,0,1.8,留萌市錦町3丁目2-47,2989,留萌市錦町3丁目2-47,2994,5983,1.19,0.76,18.9,22.4,21.82,50
1302310260,一般国道２３１号,留萌停車場線,一般国道２３２号,1212,0,0.3,留萌市五十嵐町2丁目11,4566,留萌市五十嵐町2丁目11,4006,8572,1.19,1.07,16.8,20.2,21.82,50
1302320390,一般国道２３２号,一般国道４０号,,1487,0,0.8,天塩郡天塩町川口557-1,683,天塩郡天塩町川口557-1,726,1409,1.22,0.16,53.3,60.2,8.56,60
1302320003,一般国道２３２号,,一般国道２３２号,1487,0,9,天塩郡天塩町川口557-1,683,天塩郡天塩町川口557-1,726,1409,1.22,0.16,67.4,67.9,8.5,60
1302320370,一般国道２３２号,一般国道２３２号,一般国道２３２号,1487,0,4.7,天塩郡天塩町字川口3202,777,天塩郡天塩町字川口3202,824,1601,1.22,0.23,66.6,65.1,8.5,60
1302320010,一般国道２３２号,一般国道２３２号,天塩港線,1487,0,0.8,天塩郡天塩町字川口3202,777,天塩郡天塩町字川口3202,824,1601,1.22,0.24,28.4,28,15.5,60
1302320020,一般国道２３２号,天塩港線,稚内天塩線,1487,0,0.2,天塩郡天塩町字川口3202,777,天塩郡天塩町字川口3202,824,1601,1.22,0.24,18.1,21.4,15.5,60
1302320030,一般国道２３２号,稚内天塩線,天塩町・遠別町境,1487,0,8.8,天塩郡遠別町北里193-7,808,天塩郡遠別町北里193-7,996,1804,1.22,0.29,61.3,61.8,11.5,60
1302320040,一般国道２３２号,天塩町・遠別町境,丸松線,1486,0,4.6,天塩郡遠別町北里193-7,808,天塩郡遠別町北里193-7,996,1804,1.22,0.29,68.1,68.6,11.5,60
1302320050,一般国道２３２号,丸松線,遠別中川線,1486,0,1.7,天塩郡遠別町北里193-7,808,天塩郡遠別町北里193-7,996,1804,1.22,0.29,69.1,69.1,11.5,60
1302320060,一般国道２３２号,遠別中川線,豊富遠別線,1486,0,3.3,天塩郡遠別町北里193-7,808,天塩郡遠別町北里193-7,996,1804,1.22,0.29,61.6,62,11.5,60
1302320070,一般国道２３２号,豊富遠別線,遠別停車場線,1486,0,0.2,天塩郡遠別町字富士見49-1,948,天塩郡遠別町字富士見49-1,1163,2111,1.21,0.48,34.2,35.1,16.3,40
1302320080,一般国道２３２号,遠別停車場線,旭温泉旭線,1486,0,8.4,天塩郡遠別町字富士見49-1,948,天塩郡遠別町字富士見49-1,1163,2111,1.21,0.56,41.2,42.5,8.5,60
1302320090,一般国道２３２号,旭温泉旭線,遠別町・初山別村境,1486,0,1.5,天塩郡遠別町歌越51,839,天塩郡遠別町歌越51,958,1797,1.21,0.29,69.7,71.6,8.5,60
1302320100,一般国道２３２号,遠別町・初山別村境,千代田初山別停車場線,1485,0,13,天塩郡遠別町歌越51,839,天塩郡遠別町歌越51,958,1797,1.21,0.29,66.2,65.3,8.5,60
1302320110,一般国道２３２号,千代田初山別停車場線,千代田初山別停車場線,1485,0,0.1,天塩郡遠別町歌越51,839,天塩郡遠別町歌越51,958,1797,1.21,0.27,30.7,32.2,16,40
1302320120,一般国道２３２号,千代田初山別停車場線,築別天塩有明停車場線,1485,0,8.1,苫前郡初山別村栄357,1311,苫前郡初山別村栄357,1512,2823,1.21,0.39,62.5,64.5,8.5,60
1302320130,一般国道２３２号,築別天塩有明停車場線,築別天塩有明停車場線,1485,0,1.2,苫前郡初山別村栄357,1311,苫前郡初山別村栄357,1512,2823,1.21,0.39,69.6,70,8.5,60
1302320140,一般国道２３２号,築別天塩有明停車場線,有明天塩有明停車場線,1485,0,0.2,苫前郡初山別村栄357,1311,苫前郡初山別村栄357,1512,2823,1.21,0.39,66.1,69.1,8.5,60
1302320150,一般国道２３２号,有明天塩有明停車場線,初山別村・羽幌町境,1485,0,1.8,苫前郡初山別村栄357,1311,苫前郡初山別村栄357,1512,2823,1.21,0.39,69.1,69.1,8.5,60
1302320160,一般国道２３２号,初山別村・羽幌町境,平羽幌線,1484,0,7.3,苫前郡初山別村栄357,1311,苫前郡初山別村栄357,1512,2823,1.21,0.39,67.8,68.4,8.5,60
1302320170,一般国道２３２号,平羽幌線,上羽幌羽幌停車場線,1484,0,0.2,苫前郡羽幌町南大通1丁目8,2167,苫前郡羽幌町南大通1丁目8,2444,4611,1.21,0.6,36.9,32.6,18,50
1302320180,一般国道２３２号,上羽幌羽幌停車場線,羽幌港線,1484,0,1.2,苫前郡羽幌町南大通1丁目8,2167,苫前郡羽幌町南大通1丁目8,2444,4611,1.21,0.6,23.7,27.3,18,50
1302320190,一般国道２３２号,羽幌港線,羽幌町・苫前町境,1484,0,2.4,苫前郡羽幌町南大通1丁目8,2167,苫前郡羽幌町南大通1丁目8,2444,4611,1.21,0.6,32.5,33.5,18,50
1302320200,一般国道２３２号,羽幌町・苫前町境,苫前港線,1483,0,4.8,苫前郡苫前町字栄浜54,2285,苫前郡苫前町字栄浜54,2278,4563,1.18,0.38,59,59.9,11,60
1302320210,一般国道２３２号,苫前港線,苫前停車場線,1483,0,0.3,苫前郡苫前町字栄浜54,2285,苫前郡苫前町字栄浜54,2278,4563,1.18,0.43,26.7,25.2,16,40
1302320220,一般国道２３２号,苫前停車場線,一般国道２３９号,1483,0,3.8,苫前郡苫前町字栄浜54,2285,苫前郡苫前町字栄浜54,2278,4563,1.18,0.38,57.7,59.9,11.5,60
1302320230,一般国道２３２号,一般国道２３９号,力昼九重線,1483,0,5.2,苫前郡苫前町上平26,1737,苫前郡苫前町上平26,1834,3571,1.18,0.5,58.1,59.9,11.5,60
1302320240,一般国道２３２号,力昼九重線,苫前町・小平町境,1483,0,2.3,苫前郡苫前町上平26,1737,苫前郡苫前町上平26,1834,3571,1.18,0.5,64.6,63.9,11.5,60
1302320250,一般国道２３２号,苫前町・小平町境,田代港町線,1482,0,5.8,苫前郡苫前町上平26,1737,苫前郡苫前町上平26,1834,3571,1.18,0.5,65.9,65.8,11.5,60
1302320260,一般国道２３２号,田代港町線,鬼鹿停車場線,1482,0,0.2,留萌郡小平町大椴58-1,2075,留萌郡小平町大椴58-1,2329,4404,1.2,0.64,29.9,27.7,17,40
1302320270,一般国道２３２号,鬼鹿停車場線,大椴線,1482,0,9.2,留萌郡小平町大椴58-1,2075,留萌郡小平町大椴58-1,2329,4404,1.2,0.56,59.2,58.5,9,60
1302320280,一般国道２３２号,大椴線,小平幌加内線,1482,0,5.5,留萌郡小平町大椴58-1,2075,留萌郡小平町大椴58-1,2329,4404,1.2,0.56,62.3,60,9,60
1302320290,一般国道２３２号,小平幌加内線,幌糠小平停車場線,1482,0,0.9,留萌郡小平町字臼谷56,3157,留萌郡小平町字臼谷56,3103,6260,1.2,0.7,39.8,41.6,18,40
1302320300,一般国道２３２号,幌糠小平停車場線,幌糠小平停車場線,1482,0,0.3,留萌郡小平町字臼谷56,3157,留萌郡小平町字臼谷56,3103,6260,1.2,0.7,36.6,35,18,40
1302320310,一般国道２３２号,幌糠小平停車場線,小平町・留萌市境,1482,0,2.6,留萌郡小平町字臼谷56,3157,留萌郡小平町字臼谷56,3103,6260,1.2,0.28,51.8,54.1,26,60
1302320320,一般国道２３２号,小平町・留萌市境,留萌小平線,1212,0,4.6,留萌郡小平町字臼谷56,3157,留萌郡小平町字臼谷56,3103,6260,1.2,0.62,52.8,51.5,11.5,50
1302320330,一般国道２３２号,留萌小平線,一般国道２３１号,1212,0,0.8,留萌市留萌村カモイワ497-9,4180,留萌市留萌村カモイワ497-9,4333,8513,1.15,0.7,38.7,39.5,9,60
1302320335,一般国道２３２号,一般国道２３１号,一般国道２３３号（深川留萌道）,1212,0,1.8,留萌市留萌村カモイワ497-9,2449,留萌市留萌村カモイワ497-9,2726,5175,1.15,0.41,50.3,48.8,9,60
1302320340,一般国道２３２号,一般国道２３３号（深川留萌道）,神居岩総合公園線,1212,0,0.2,留萌市留萌村カモイワ497-9,2449,留萌市留萌村カモイワ497-9,2726,5175,1.15,0.41,21.5,20.7,9,60
1302320350,一般国道２３２号,神居岩総合公園線,一般国道２３１号,1212,0,0.4,留萌市元川町1丁目30,2042,留萌市元川町1丁目30,2149,4191,1.15,0.53,26.6,18.3,30,50
1302320006,一般国道２３２号,一般国道２３２号,一般国道２３２号,1487,0,5.5,天塩郡天塩町川口287-1,267,天塩郡天塩町川口287-1,267,534,1.06,0.1,50.4,47,11.5,60
1302330010,一般国道２３３号,一般国道１２号,深川雨竜線,1228,0,3.2,深川市音江町音江296-5,2005,深川市音江町音江296-5,2079,4084,1.14,0.41,32,32.1,13.25,40
1302330020,一般国道２３３号,深川雨竜線,旭川深川線,1228,0,0.4,深川市4条11丁目,3581,深川市4条11丁目,3375,6956,1.14,0.31,28.2,22,27.26,40
1302330030,一般国道２３３号,旭川深川線,深川多度志線,1228,0,3,深川市あけぼの町,2714,深川市あけぼの町,2766,5480,1.13,0.47,32.1,33.9,14,60
1302330040,一般国道２３３号,深川多度志線,深川市・秩父別町境,1228,0,2.5,深川市一已町,2138,深川市一已町,2010,4148,1.17,0.44,49.2,53.6,14,60
1302330050,一般国道２３３号,深川市・秩父別町境,一般国道２３３号（深川留萌道）,1434,0,2.5,深川市一已町,2138,深川市一已町,2010,4148,1.17,0.42,56.7,52.8,11,50
1302330060,一般国道２３３号,一般国道２３３号（深川留萌道）,沼田妹背牛線,1434,0,1.7,雨竜郡秩父別町2条2丁目,1501,雨竜郡秩父別町2条2丁目,1592,3093,1.21,0.32,34.8,34.1,11,50
1302330070,一般国道２３３号,沼田妹背牛線,沼田妹背牛線,1434,0,0.6,雨竜郡秩父別町2条2丁目,1501,雨竜郡秩父別町2条2丁目,1592,3093,1.21,0.31,32.9,36.7,18,40
1302330080,一般国道２３３号,沼田妹背牛線,小藤沼田線,1434,0,3.1,雨竜郡秩父別町2条2丁目,1501,雨竜郡秩父別町2条2丁目,1592,3093,1.21,0.32,52.5,57.1,9.75,60
1302330090,一般国道２３３号,小藤沼田線,秩父別町・北竜町境,1434,0,1.4,雨竜郡秩父別町2条2丁目,1501,雨竜郡秩父別町2条2丁目,1592,3093,1.21,0.32,54.4,51.9,9.75,60
1302330100,一般国道２３３号,秩父別町・北竜町境,一般国道２７５号,1437,0,1.3,雨竜郡秩父別町2条2丁目,1501,雨竜郡秩父別町2条2丁目,1592,3093,1.21,0.32,41.3,46,12,60
1302330110,一般国道２３３号,一般国道２７５号,奥美葉牛沼田線,1437,0,5.4,雨竜郡北竜町字美葉牛,724,雨竜郡北竜町字美葉牛,655,1379,1.22,0.21,53.6,48.5,12,60
1302330120,一般国道２３３号,奥美葉牛沼田線,一般国道２３３号（深川留萌道）,1437,0,2.6,雨竜郡北竜町字美葉牛,724,雨竜郡北竜町字美葉牛,655,1379,1.22,0.21,64.5,64.6,12,60
1302330130,一般国道２３３号,一般国道２３３号（深川留萌道）,北竜町・留萌市境,1437,0,0.9,雨竜郡北竜町字美葉牛,285,雨竜郡北竜町字美葉牛,277,562,1.2,0.08,40.7,60.2,8.5,50
1302330140,一般国道２３３号,北竜町・留萌市境,峠下沼田線,1212,0,2.4,留萌市留萌村峠下3690-5,283,留萌市留萌村峠下3690-5,310,593,1.1,0.1,55.9,61.8,8.5,50
1302330150,一般国道２３３号,峠下沼田線,樽真布幌糠線,1212,0,3,留萌市留萌村峠下3690-5,380,留萌市留萌村峠下3690-5,414,794,1.1,0.11,60.1,60.5,10.25,60
1302330160,一般国道２３３号,樽真布幌糠線,留萌北竜線,1212,0,1.6,留萌市留萌村峠下3690-5,380,留萌市留萌村峠下3690-5,414,794,1.1,0.11,61.8,63.7,10.25,60
1302330170,一般国道２３３号,留萌北竜線,幌糠小平停車場線,1212,0,0.5,留萌市留萌村峠下3690-5,380,留萌市留萌村峠下3690-5,414,794,1.1,0.11,59.7,61.4,10.25,60
1302330180,一般国道２３３号,幌糠小平停車場線,一般国道２３３号（深川留萌道）,1212,0,0.4,留萌市留萌村峠下3690-5,380,留萌市留萌村峠下3690-5,414,794,1.1,0.11,47.1,58.5,10.75,60
1302330185,一般国道２３３号,一般国道２３３号（深川留萌道）,一般国道２３３号（深川留萌道）,1212,0,9.5,留萌市藤山町4480,499,留萌市藤山町4480,532,1031,1.1,0.14,57.9,58.9,10.75,60
1302330189,一般国道２３３号,一般国道２３３号（深川留萌道）,,1212,0,2.2,留萌市潮静4丁目1413,1538,留萌市潮静4丁目1413,1666,3204,1.24,0.35,52.2,48.8,34,50
1302330190,一般国道２３３号,,一般国道２３１号,1212,0,2.7,留萌市潮静4丁目1413,1538,留萌市潮静4丁目1413,1666,3204,1.24,0.35,30.8,27.1,34,50
1302330210,一般国道２３３号（深川留萌道）,道央自動車道,深川雨竜線,1228,1,4.4,深川JCT～深川西本線,892,深川JCT～深川西本線,758,1650,1.11,0.27,80.2,78.6,12,70
1302330220,一般国道２３３号（深川留萌道）,深川雨竜線,深川市・秩父別町境,1228,1,5.6,深川市深川町字メム,1067,深川市深川町字メム,1006,2073,1.1,0.25,85.9,87.7,23.5,70
1302330230,一般国道２３３号（深川留萌道）,深川市・秩父別町境,一般国道２３３号,1434,1,1.6,深川市深川町字メム,1067,深川市深川町字メム,1006,2073,1.1,0.25,90.3,85.5,23.5,70
1302330240,一般国道２３３号（深川留萌道）,一般国道２３３号,秩父別町・沼田町境,1434,1,5.3,雨竜郡沼田町字旭町,1525,雨竜郡沼田町字旭町,1426,2951,1.1,0.3,83.2,85.1,23.5,70
1302330250,一般国道２３３号（深川留萌道）,秩父別町・沼田町境,一般国道２７５号,1438,1,2,雨竜郡沼田町字旭町,1525,雨竜郡沼田町字旭町,1426,2951,1.1,0.3,85.5,83.6,23.5,70
1302330260,一般国道２３３号（深川留萌道）,一般国道２７５号,沼田町・北竜町境,1438,1,2.9,雨竜郡北竜町字美葉牛,1690,雨竜郡北竜町字美葉牛,1610,3300,1.1,0.34,83.3,85.3,14.25,70
1302330270,一般国道２３３号（深川留萌道）,沼田町・北竜町境,一般国道２３３号,1437,1,4.9,雨竜郡北竜町字美葉牛,1690,雨竜郡北竜町字美葉牛,1610,3300,1.1,0.34,83.1,85.2,14.25,70
1302330280,一般国道２３３号（深川留萌道）,一般国道２３３号,北竜町・留萌市境,1437,1,1.6,留萌市大字留萌村字幌糠,1962,留萌市大字留萌村字幌糠,1921,3883,1.1,0.32,86.8,84.9,14.25,70
1302330290,一般国道２３３号（深川留萌道）,北竜町・留萌市境,一般国道２３３号,1212,1,7.5,留萌市大字留萌村字幌糠,1965,留萌市大字留萌村字幌糠,1940,3905,1.1,0.63,80.1,82.4,13,70
1302330300,一般国道２３３号（深川留萌道）,一般国道２３３号,一般国道２３３号,1212,1,9,留萌市藤山町,2105,留萌市藤山町,2027,4132,1.11,0.56,80.2,79.7,12,70
1302330310,一般国道２３３号（深川留萌道）,一般国道２３３号,一般国道２３２号,1212,1,3.6,留萌市大字留萌村字バンゴベ,1725,留萌市大字留萌村字バンゴベ,1665,3390,1.11,0.47,81.1,72.8,12,70
1302340010,一般国道２３４号,一般国道１２号,道央自動車道,1210,0,1.7,岩見沢市美園1条1丁目,11187,岩見沢市美園1条1丁目,10771,21958,1.2,0.68,25.8,30.1,30,50
1302340020,一般国道２３４号,道央自動車道,夕張岩見沢線,1210,0,0.5,岩見沢市美園1条1丁目,11187,岩見沢市美園1条1丁目,10771,21958,1.2,0.68,38.4,36.3,30,50
1302340030,一般国道２３４号,夕張岩見沢線,栗沢工業団地大和線,1210,0,0.8,岩見沢市南町9条3丁目,6607,岩見沢市南町9条3丁目,6337,12944,1.2,0.42,44.3,39.2,30,60
1302340040,一般国道２３４号,栗沢工業団地大和線,栗沢工業団地大和線,1210,0,0.1,岩見沢市南町9条3丁目,6607,岩見沢市南町9条3丁目,6337,12944,1.2,0.42,24.8,21,28,60
1302340050,一般国道２３４号,栗沢工業団地大和線,栗沢工業団地大和線,1210,0,2.2,岩見沢市南町9条3丁目,6607,岩見沢市南町9条3丁目,6337,12944,1.2,0.42,48,46.2,28,60
1302340060,一般国道２３４号,栗沢工業団地大和線,栗沢南幌線,1210,0,3.1,岩見沢市南町9条3丁目,6607,岩見沢市南町9条3丁目,6337,12944,1.2,0.42,52.1,48.8,28,60
1302340070,一般国道２３４号,栗沢南幌線,茂世丑最上線,1210,0,0.4,岩見沢市栗沢町最上,4223,岩見沢市栗沢町最上,4243,8466,1.2,0.3,27.6,30.7,28,60
1302340075,一般国道２３４号,茂世丑最上線,,1210,0,2.5,岩見沢市栗沢町最上,4223,岩見沢市栗沢町最上,4243,8466,1.2,0.33,60.2,63.8,28,50
1302340080,一般国道２３４号,,栗丘幌向停車場線,1210,0,0.9,岩見沢市栗沢町最上,4223,岩見沢市栗沢町最上,4243,8466,1.2,0.33,55.6,53,28,50
1302340090,一般国道２３４号,栗丘幌向停車場線,岩見沢市・栗山町境,1210,0,1.5,岩見沢市栗沢町最上,4223,岩見沢市栗沢町最上,4243,8466,1.2,0.33,46.6,48.7,28,50
1302340100,一般国道２３４号,岩見沢市・栗山町境,恵庭栗山線,1429,0,2.2,岩見沢市栗沢町最上,4223,岩見沢市栗沢町最上,4243,8466,1.2,0.72,52.4,50.5,8.5,50
1302340110,一般国道２３４号,恵庭栗山線,朝日桜丘線,1429,0,1.4,岩見沢市栗沢町最上,4223,岩見沢市栗沢町最上,4243,8466,1.2,0.89,32.2,35.9,15.5,50
1302340120,一般国道２３４号,朝日桜丘線,三笠栗山線,1429,0,0.1,岩見沢市栗沢町最上,4223,岩見沢市栗沢町最上,4243,8466,1.2,0.95,34.2,30.5,13.5,50
1302340130,一般国道２３４号,三笠栗山線,角田栗山停車場線,1429,0,3.5,岩見沢市栗沢町最上,4223,岩見沢市栗沢町最上,4243,8466,1.2,0.76,40.1,42.9,13.25,50
1302340140,一般国道２３４号,角田栗山停車場線,札幌夕張線,1429,0,0.6,岩見沢市栗沢町最上,4223,岩見沢市栗沢町最上,4243,8466,1.2,0.76,38.7,29.9,13.25,50
1302340150,一般国道２３４号,札幌夕張線,栗山町・由仁町境,1429,0,0.2,夕張郡栗山町角田,3516,夕張郡栗山町角田,3463,6979,1.23,0.96,31.2,35.8,13.25,50
1302340155,一般国道２３４号,栗山町・由仁町境,東三川由仁停車場線,1427,0,1.1,夕張郡栗山町角田,3516,夕張郡栗山町角田,3463,6979,1.23,0.94,59.8,56.5,10.75,50
1302340160,一般国道２３４号,東三川由仁停車場線,滝下由仁停車場線,1427,0,0.7,夕張郡栗山町角田,3516,夕張郡栗山町角田,3463,6979,1.23,0.94,47.9,44.4,10.75,50
1302340170,一般国道２３４号,滝下由仁停車場線,札幌夕張線,1427,0,0.8,夕張郡栗山町角田,3516,夕張郡栗山町角田,3463,6979,1.23,0.94,33.3,31.9,10.75,50
1302340180,一般国道２３４号,札幌夕張線,夕張長沼線,1427,0,3.8,夕張郡由仁町本三川140,2391,夕張郡由仁町本三川140,2390,4781,1.26,0.69,53.3,53.7,10.75,50
1302340190,一般国道２３４号,夕張長沼線,一般国道２７４号,1427,0,2.8,夕張郡由仁町本三川140,2391,夕張郡由仁町本三川140,2390,4781,1.26,0.69,54.1,51,10.75,50
1302340200,一般国道２３４号,一般国道２７４号,由仁町・千歳市境,1427,0,2.4,夕張郡由仁町三川緑町71,2622,夕張郡由仁町三川緑町71,2535,5157,1.25,0.75,49.5,51.2,10.75,50
1302340210,一般国道２３４号,由仁町・千歳市境,千歳市・安平町境,1224,0,4,千歳市東丘,2980,千歳市東丘,2881,5861,1.25,0.54,60.9,59.9,10,60
1302340220,一般国道２３４号,千歳市・安平町境,道東自動車道,1585,0,0.1,勇払郡安平町追分緑が丘,2648,勇払郡安平町追分緑が丘,2731,5379,1.27,0.67,41.8,37.5,11.75,60
1302340230,一般国道２３４号,道東自動車道,川端追分線,1585,0,0.8,勇払郡安平町追分緑が丘,2648,勇払郡安平町追分緑が丘,2731,5379,1.27,0.67,43.6,44.7,11.75,60
1302340240,一般国道２３４号,川端追分線,舞鶴追分線,1585,0,3.9,勇払郡安平町追分緑が丘,2648,勇払郡安平町追分緑が丘,2731,5379,1.27,0.67,55.2,54.9,11.75,60
1302340250,一般国道２３４号,舞鶴追分線,瑞穂安平停車場線,1585,0,4.5,勇払郡安平町安平,3700,勇払郡安平町安平,3752,7452,1.22,0.74,58.1,57.3,11.75,60
1302340260,一般国道２３４号,瑞穂安平停車場線,千歳鵡川線,1585,0,4.3,勇払郡安平町安平,3700,勇払郡安平町安平,3752,7452,1.22,0.74,55.2,53.8,11.75,60
1302340270,一般国道２３４号,千歳鵡川線,千歳鵡川線,1585,0,1.1,勇払郡安平町安平,3700,勇払郡安平町安平,3752,7452,1.22,0.19,48.6,52.8,35.5,60
1302340280,一般国道２３４号,千歳鵡川線,上幌内早来停車場線,1585,0,0.8,勇払郡安平町早来栄町,2301,勇払郡安平町早来栄町,3018,5319,1.22,0.2,41,35.5,35,60
1302340290,一般国道２３４号,上幌内早来停車場線,豊川遠浅停車場線,1585,0,5.1,勇払郡安平町早来栄町,2301,勇払郡安平町早来栄町,3018,5319,1.22,0.55,54,53.9,11.5,60
1302340300,一般国道２３４号,豊川遠浅停車場線,豊川遠浅停車場線,1585,0,0.3,苫小牧市字柏原,4670,苫小牧市字柏原,4717,9387,1.24,1.26,28.8,31.6,12.5,40
1302340310,一般国道２３４号,豊川遠浅停車場線,安平町・苫小牧市境,1585,0,1.3,苫小牧市字柏原,4670,苫小牧市字柏原,4717,9387,1.24,1.26,48.5,53.5,12.5,40
1302340320,一般国道２３４号,安平町・苫小牧市境,静川美沢線,1213,0,1.4,苫小牧市字柏原,4670,苫小牧市字柏原,4717,9387,1.24,0.96,61.2,59.9,8.5,60
1302340330,一般国道２３４号,静川美沢線,一般国道２３５号,1213,0,4.9,苫小牧市字柏原,4670,苫小牧市字柏原,4717,9387,1.24,0.96,57.9,51.4,8.5,60
1302340340,一般国道２３４号,一般国道２３５号,上厚真苫小牧線,1213,0,1.4,苫小牧市沼ノ端23-42,8044,苫小牧市沼ノ端23-42,8472,16516,1.23,0.71,33.1,27.1,19,60
1302340350,一般国道２３４号,上厚真苫小牧線,一般国道３６号,1213,0,2.3,苫小牧市沼ノ端,2880,苫小牧市沼ノ端,3050,5930,1.29,0.63,29,28.9,15.75,60
1302350110,一般国道２３５号,一般国道３６号,一般国道２３５号（日高自動車道）,1213,0,0.8,苫小牧市ウトナイ南1丁目1,5832,苫小牧市沼ノ端,5611,11443,1.27,1.35,38.4,44.7,16,60
1302350120,一般国道２３５号,一般国道２３５号（日高自動車道）,一般国道２３４号,1213,0,1.9,苫小牧市ウトナイ南1丁目1,5832,苫小牧市沼ノ端,5611,11443,1.27,1.35,32.9,35.6,16,60
1302350130,一般国道２３５号,一般国道２３４号,上厚真苫小牧線,1213,0,1.4,苫小牧市柏原,5673,苫小牧市柏原,5820,11493,1.27,1.37,60.1,58,16,60
1302350140,一般国道２３５号,上厚真苫小牧線,一般国道２３５号（日高自動車道）,1213,0,0.2,苫小牧市柏原,5673,苫小牧市柏原,5820,11493,1.27,1.37,37.6,60,16,60
1302350150,一般国道２３５号,一般国道２３５号（日高自動車道）,一般国道２３５号（日高自動車道）,1213,0,4.7,苫小牧市柏原,3117,苫小牧市柏原,3066,6183,1.45,0.72,56.4,60,16,60
1302350160,一般国道２３５号,一般国道２３５号（日高自動車道）,静川美沢線,1213,0,2.1,勇払郡厚真町字共和825,2271,勇払郡厚真町字共和825,1863,4134,1.45,0.38,60.4,57.8,11,60
1302350170,一般国道２３５号,静川美沢線,苫小牧市・厚真町境,1213,0,0.5,勇払郡厚真町字共和825,2271,勇払郡厚真町字共和825,1863,4134,1.45,0.38,48.6,58.4,11,60
1302350180,一般国道２３５号,苫小牧市・厚真町境,上厚真苫小牧線,1581,0,1.4,勇払郡厚真町字共和825,2271,勇払郡厚真町字共和825,1863,4134,1.45,0.38,57.1,56.7,11,60
1302350190,一般国道２３５号,上厚真苫小牧線,上厚真苫小牧線,1581,0,1.9,勇払郡厚真町字共和825,2271,勇払郡厚真町字共和825,1863,4134,1.45,0.38,53.8,54,11,60
1302350200,一般国道２３５号,上厚真苫小牧線,厚真浜厚真停車場線,1581,0,1.8,勇払郡厚真町字共和825,2271,勇払郡厚真町字共和825,1863,4134,1.45,0.38,53.2,53,11,60
1302350210,一般国道２３５号,厚真浜厚真停車場線,厚真浜厚真停車場線,1581,0,1.7,勇払郡厚真町字浜厚真139-10,1931,勇払郡厚真町字浜厚真139-10,1718,3649,1.23,0.52,47,49.3,11,60
1302350220,一般国道２３５号,厚真浜厚真停車場線,厚真町・むかわ町境,1581,0,3.7,勇払郡厚真町字浜厚真139-10,1931,勇払郡厚真町字浜厚真139-10,1718,3649,1.23,0.52,62.7,63,11,60
1302350230,一般国道２３５号,厚真町・むかわ町境,千歳鵡川線,1586,0,4.4,勇払郡厚真町字浜厚真139-10,1931,勇払郡厚真町字浜厚真139-10,1718,3649,1.23,0.53,47,45.9,13.75,50
1302350240,一般国道２３５号,千歳鵡川線,穂別鵡川線,1586,0,2.3,勇払郡むかわ町宮戸,3275,勇払郡むかわ町宮戸,3150,6425,1.21,0.66,35.2,34.1,14,40
1302350250,一般国道２３５号,穂別鵡川線,むかわ町・日高町境,1586,0,4.7,勇払郡むかわ町米原,1737,勇払郡むかわ町米原,1805,3542,1.23,0.42,58.4,57.1,11.25,60
1302350260,一般国道２３５号,むかわ町・日高町境,富川停車場線,1601,0,4.3,沙流郡日高町富川南1丁目3,4997,沙流郡日高町富川南1丁目3,4493,9490,1.21,0.42,40.8,44.2,28,60
1302350270,一般国道２３５号,富川停車場線,一般国道２３７号,1601,0,0.4,沙流郡日高町富川南1丁目3,4997,沙流郡日高町富川南1丁目3,4493,9490,1.21,0.97,24.4,18.6,21,50
1302350280,一般国道２３５号,一般国道２３７号,正和門別停車場線,1601,0,5.8,沙流郡日高町字清畠90,1534,沙流郡日高町字清畠90,1507,3041,1.17,0.38,42.6,41.8,8.5,60
1302350290,一般国道２３５号,正和門別停車場線,比宇厚賀停車場線,1601,0,14.4,沙流郡日高町字清畠90,1534,沙流郡日高町字清畠90,1507,3041,1.17,0.38,59.3,61.1,8.5,60
1302350300,一般国道２３５号,比宇厚賀停車場線,比宇厚賀停車場線,1601,0,0.2,沙流郡日高町字清畠90,1534,沙流郡日高町字清畠90,1507,3041,1.17,0.38,31.6,23.5,8.5,60
1302350310,一般国道２３５号,比宇厚賀停車場線,日高町・新冠町境,1601,0,0.7,新冠郡新冠町節婦町,3551,新冠郡新冠町節婦町,3661,7212,1.19,0.9,26.7,34.8,22,50
1302350320,一般国道２３５号,日高町・新冠町境,滑若新冠停車場線,1604,0,9.8,新冠郡新冠町節婦町,3551,新冠郡新冠町節婦町,3661,7212,1.19,0.79,58.9,59,8.5,60
1302350330,一般国道２３５号,滑若新冠停車場線,滑若新冠停車場線,1604,0,1.3,日高郡新ひだか町静内末広町1丁目3,5399,日高郡新ひだか町静内末広町1丁目3,5395,10794,1.19,0.78,44.6,37.8,11.75,40
1302350340,一般国道２３５号,滑若新冠停車場線,新冠町・新ひだか町境,1604,0,2.9,日高郡新ひだか町静内末広町1丁目3,5399,日高郡新ひだか町静内末広町1丁目3,5395,10794,1.19,0.78,42.1,41,11.75,40
1302350350,一般国道２３５号,新冠町・新ひだか町境,平取静内線,1610,0,2.6,日高郡新ひだか町静内末広町1丁目3,5399,日高郡新ひだか町静内末広町1丁目3,5395,10794,1.19,0.84,31.3,29.2,11,50
1302350360,一般国道２３５号,平取静内線,静内停車場線,1610,0,0.3,日高郡新ひだか町静内古川町1丁目3-6,4350,日高郡新ひだか町静内古川町1丁目3-6,4340,8690,1.19,0.82,26.1,24.6,11,50
1302350370,一般国道２３５号,静内停車場線,西川東静内停車場線,1610,0,8.7,日高郡新ひだか町静内古川町1丁目3-6,4350,日高郡新ひだか町静内古川町1丁目3-6,4340,8690,1.19,0.72,45.2,50.2,9,50
1302350380,一般国道２３５号,西川東静内停車場線,西川東静内停車場線,1610,0,0.2,日高郡新ひだか町静内古川町1丁目3-6,4350,日高郡新ひだか町静内古川町1丁目3-6,4340,8690,1.19,0.72,34.3,29.6,11.5,40
1302350390,一般国道２３５号,西川東静内停車場線,西端春立線,1610,0,6.2,日高郡新ひだか町東静内37,3300,日高郡新ひだか町東静内37,2938,6238,1.19,0.52,53.4,55.5,11.5,40
1302350400,一般国道２３５号,西端春立線,富沢日高三石停車場線,1610,0,6.7,浦河郡浦河町字絵笛,2998,浦河郡浦河町字絵笛,3010,6008,1.19,0.54,48.8,46.1,8.5,60
1302350410,一般国道２３５号,富沢日高三石停車場線,美河三石停車場線,1610,0,5.2,浦河郡浦河町字絵笛,2998,浦河郡浦河町字絵笛,3010,6008,1.19,0.46,58.4,57.4,8.5,60
1302350420,一般国道２３５号,美河三石停車場線,新ひだか町・浦河町境,1610,0,2.7,浦河郡浦河町字絵笛,2998,浦河郡浦河町字絵笛,3010,6008,1.19,0.46,54.4,54.1,8.5,60
1302350430,一般国道２３５号,新ひだか町・浦河町境,荻伏停車場線,1607,0,3.2,浦河郡浦河町字絵笛,2998,浦河郡浦河町字絵笛,3010,6008,1.19,0.45,52.3,50.3,11.5,40
1302350440,一般国道２３５号,荻伏停車場線,上向別浦河停車場線,1607,0,7.4,浦河郡浦河町字絵笛,2998,浦河郡浦河町字絵笛,3010,6008,1.19,0.45,53.8,50.4,11.5,40
1302350450,一般国道２３５号,上向別浦河停車場線,一般国道２３６号,1607,0,2,浦河郡浦河町昌平町,6723,浦河郡浦河町昌平町,6635,13358,1.22,1.27,30.5,30.2,18,50
1302350010,一般国道２３５号（日高自動車道）,道央自動車道,一般国道２３５号,1213,1,4,苫小牧東JCT～沼ノ端西,2776,苫小牧東JCT～沼ノ端西,2303,5079,1.2,0.17,85.5,88,24.5,100
1302350020,一般国道２３５号（日高自動車道）,一般国道２３５号,一般国道２３５号,1213,1,3.5,苫小牧市柏原5,1668,苫小牧市柏原5,1555,3223,1.21,0.12,89.3,91,23.5,100
1302350030,一般国道２３５号（日高自動車道）,一般国道２３５号,一般国道２３５号,1213,1,4.7,苫小牧市字柏原,4997,苫小牧市字柏原,4780,9777,1.27,0.18,90.5,90.4,23.5,100
1302350040,一般国道２３５号（日高自動車道）,一般国道２３５号,苫小牧市・厚真町境,1213,1,2.6,勇払郡厚真町共和16-3,5614,勇払郡厚真町共和16-3,5783,11397,1.27,0.24,86.1,86.7,23.5,100
1302350050,一般国道２３５号（日高自動車道）,苫小牧市・厚真町境,厚真浜厚真停車場線,1581,1,5,勇払郡厚真町共和16-3,5614,勇払郡厚真町共和16-3,5783,11397,1.27,0.83,90,91.6,25,100
1302350060,一般国道２３５号（日高自動車道）,厚真浜厚真停車場線,厚真町・むかわ町境,1581,1,5.1,勇払郡むかわ町田浦214-1,5365,勇払郡むかわ町田浦214-1,5432,10797,1.24,0.74,77.5,82,12,70
1302350070,一般国道２３５号（日高自動車道）,厚真町・むかわ町境,千歳鵡川線,1586,1,2.9,勇払郡むかわ町田浦214-1,5365,勇払郡むかわ町田浦214-1,5432,10797,1.24,0.74,79,80,12,70
1302350080,一般国道２３５号（日高自動車道）,千歳鵡川線,むかわ町・日高町境,1586,1,9.5,勇払郡むかわ町米原,4291,勇払郡むかわ町米原,4300,8591,1.24,0.6,80,82.1,12,70
1302350090,一般国道２３５号（日高自動車道）,むかわ町・日高町境,一般国道２３７号,1601,1,3,勇払郡むかわ町米原,4291,勇払郡むかわ町米原,4300,8591,1.24,0.6,80.8,82.4,12.8,70
1302350470,一般国道２３５号（日高自動車道）,一般国道２３７号,正和門別停車場線,1601,1,5.1,沙流郡日高町富川東,2695,沙流郡日高町富川東,2666,5361,1.2,0.38,81.9,82.7,12.8,70
1302350480,一般国道２３５号（日高自動車道）,正和門別停車場線,比宇厚賀停車場線,1601,1,15,沙流郡日高町字清畠738-1,2286,沙流郡日高町字清畠738-1,2273,4559,1.21,0.35,78.9,70.2,12.8,70
1302360010,一般国道２３６号,一般国道３８号,幕別帯広芽室線,1207,0,3.6,帯広市南橋,9006,帯広市南橋,8844,17850,1.18,0.66,23.9,25.8,27.2,50
1302360020,一般国道２３６号,幕別帯広芽室線,帯広の森公園線,1207,0,0.9,帯広市南橋,9006,帯広市南橋,8844,17850,1.18,0.57,29.9,27.3,27,60
1302360030,一般国道２３６号,帯広の森公園線,帯広川西インター線,1207,0,4.8,帯広市南橋,9006,帯広市南橋,8844,17850,1.18,0.57,36.3,37.7,27,60
1302360040,一般国道２３６号,帯広川西インター線,川西芽室音更線,1207,0,0.9,帯広市川西町南帯橋,4133,帯広市川西町南帯橋,4200,8333,1.19,0.89,43.8,47.4,11.25,60
1302360050,一般国道２３６号,川西芽室音更線,愛国停車場線,1207,0,1.5,帯広市川西町南帯橋,4133,帯広市川西町南帯橋,4200,8333,1.19,0.89,50.9,46.9,11.25,60
1302360060,一般国道２３６号,愛国停車場線,豊頃糠内芽室線,1207,0,5,帯広市川西町南帯橋,4133,帯広市川西町南帯橋,4200,8333,1.19,0.89,59.2,55.5,11.25,60
1302360070,一般国道２３６号,豊頃糠内芽室線,大正停車場線,1207,0,0.2,帯広市川西町南帯橋,4133,帯広市川西町南帯橋,4200,8333,1.19,0.89,19.7,18.4,11.25,60
1302360080,一般国道２３６号,大正停車場線,帯広市・中札内村境,1207,0,7,河西郡中札内村市街,2277,河西郡中札内村市街,2151,4428,1.19,0.41,60.7,59,11.5,60
1302360090,一般国道２３６号,帯広市・中札内村境,中札内インター線,1638,0,4.1,河西郡中札内村市街,2277,河西郡中札内村市街,2151,4428,1.19,0.44,48.9,52,11,60
1302360100,一般国道２３６号,中札内インター線,中札内停車場線,1638,0,0.3,河西郡中札内村IC線交差点,2301,河西郡中札内村IC線交差点,2253,4554,1.17,0.45,13.8,23,11,60
1302360110,一般国道２３６号,中札内停車場線,清水大樹線,1638,0,0.4,河西郡中札内村IC線交差点,2301,河西郡中札内村IC線交差点,2253,4554,1.17,0.45,24,26.6,11,60
1302360120,一般国道２３６号,清水大樹線,清水大樹線,1638,0,0.5,河西郡中札内村IC線交差点,2301,河西郡中札内村IC線交差点,2253,4554,1.17,0.45,19.8,16.4,11,60
1302360130,一般国道２３６号,清水大樹線,中札内村・更別村境,1638,0,3.8,河西郡更別村上更別,752,河西郡更別村上更別,786,1538,1.13,0.2,55,55,9.75,60
1302360140,一般国道２３６号,中札内村・更別村境,更別停車場線,1639,0,2.8,河西郡更別村上更別,752,河西郡更別村上更別,786,1538,1.13,0.21,55.4,56.6,11.5,60
1302360150,一般国道２３６号,更別停車場線,尾田豊頃停車場線,1639,0,6.8,河西郡更別村上更別,752,河西郡更別村上更別,786,1538,1.13,0.21,51.6,50.8,11.5,60
1302360160,一般国道２３６号,尾田豊頃停車場線,尾田豊頃停車場線,1639,0,0.7,河西郡更別村上更別,752,河西郡更別村上更別,786,1538,1.13,0.21,34.4,33.5,11.5,60
1302360170,一般国道２３６号,尾田豊頃停車場線,更別幕別線,1639,0,2.1,河西郡更別村上更別,752,河西郡更別村上更別,786,1538,1.13,0.21,64.7,63.7,11.5,60
1302360180,一般国道２３６号,更別幕別線,更別村・幕別町境,1639,0,0.8,広尾郡大樹町南町,2320,広尾郡大樹町南町,2358,4678,1.17,0.44,56.1,56.8,9.5,60
1302360190,一般国道２３６号,更別村・幕別町境,幕別大樹線,1643,0,3,広尾郡大樹町南町,2320,広尾郡大樹町南町,2358,4678,1.17,0.45,66.4,65.3,12.5,60
1302360200,一般国道２３６号,幕別大樹線,生花大樹線,1643,0,1.2,広尾郡大樹町南町,2320,広尾郡大樹町南町,2358,4678,1.17,0.45,35.6,41,12.5,60
1302360205,一般国道２３６号,生花大樹線,一般国道２３６号（忠類インター線）,1643,0,0.8,広尾郡大樹町南町,2320,広尾郡大樹町南町,2358,4678,1.17,0.45,29.8,31.8,12.5,60
1302360210,一般国道２３６号,一般国道２３６号（忠類インター線）,町道西当北４線,1643,0,2.8,広尾郡大樹町南町,2320,広尾郡大樹町南町,2358,4678,1.17,0.45,66.3,64.7,12.5,60
1302360220,一般国道２３６号,町道西当北４線,清水大樹線,1641,0,4.2,広尾郡大樹町南町,2320,広尾郡大樹町南町,2358,4678,1.17,0.42,58.9,59.7,11.5,50
1302360230,一般国道２３６号,清水大樹線,清水大樹線,1641,0,0.4,広尾郡大樹町南町,2320,広尾郡大樹町南町,2358,4678,1.17,0.42,31.4,26.6,11.5,50
1302360240,一般国道２３６号,清水大樹線,萌和大樹停車場線,1641,0,0.8,広尾郡大樹町南町,2320,広尾郡大樹町南町,2358,4678,1.17,0.42,25.5,23.4,11.5,50
1302360250,一般国道２３６号,萌和大樹停車場線,幸徳大樹停車場線,1641,0,0.2,広尾郡大樹町南町,2320,広尾郡大樹町南町,2358,4678,1.17,0.42,20,27,11.5,50
1302360260,一般国道２３６号,幸徳大樹停車場線,幸徳大樹停車場線,1641,0,0.2,広尾郡大樹町南町,2320,広尾郡大樹町南町,2358,4678,1.17,0.42,26.2,27.8,11.5,50
1302360270,一般国道２３６号,幸徳大樹停車場線,大樹町・広尾町境,1641,0,5.2,広尾郡大樹町南町,2320,広尾郡大樹町南町,2358,4678,1.17,0.42,55.9,56.1,11.5,50
1302360280,一般国道２３６号,大樹町・広尾町境,一般国道３３６号,1642,0,5.3,広尾郡大樹町南町,2320,広尾郡大樹町南町,2358,4678,1.17,0.44,64.6,63.4,9,60
1302360290,一般国道２３６号,一般国道３３６号,一般国道３３６号,1642,0,0.7,広尾郡広尾町豊似市街,1892,広尾郡広尾町豊似市街,1894,3786,1.19,0.31,42.7,41.4,19,50
1302360300,一般国道２３６号,一般国道３３６号,豊似広尾線,1642,0,4.1,広尾郡広尾町上トヨイ基線,211,広尾郡広尾町上トヨイ基線,269,480,1.18,0.12,60.7,56.2,9.5,60
1302360310,一般国道２３６号,豊似広尾線,広尾町・浦河町境,1642,0,23.2,広尾郡広尾町上トヨイ基線,211,広尾郡広尾町上トヨイ基線,269,480,1.18,0.12,66,69.4,9.5,60
1302360320,一般国道２３６号,広尾町・浦河町境,高見西舎線,1607,0,28.9,浦河郡浦河町字上杵臼1296,256,浦河郡浦河町字上杵臼1296,321,577,1.17,0.14,61,65.5,9.5,60
1302360330,一般国道２３６号,高見西舎線,静内浦河線,1607,0,1.5,浦河郡浦河町西舎320,778,浦河郡浦河町西舎320,934,1712,1.2,0.26,50.1,41.6,9.15,50
1302360340,一般国道２３６号,静内浦河線,一般国道３３６号,1607,0,4.6,浦河郡浦河町西舎320,778,浦河郡浦河町西舎320,934,1712,1.2,0.26,51.1,49.2,9.15,50
1302360350,一般国道２３６号,一般国道３３６号,一般国道２３５号,1607,0,5.7,浦河郡浦河町月寒,2644,浦河郡浦河町月寒,2785,5429,1.21,0.58,32.9,31.6,9.15,50
1302360360,一般国道２３６号（忠類インター線）,一般国道２３６号,一般国道２３６号（帯広広尾道）,1643,0,0.4,中川郡幕別町忠類堺町,610,中川郡幕別町忠類堺町,425,1035,1.17,0.2,30.5,30,8.5,60
1302360370,一般国道２３６号（帯広広尾道）,道東自動車道,芽室帯広インター線,1637,1,3.6,河西郡芽室町西士狩,1338,河西郡芽室町西士狩,1404,2742,1.22,0.22,68.5,59.2,12,70
1302360380,一般国道２３６号（帯広広尾道）,芽室帯広インター線,芽室町・帯広市境,1637,1,7.5,河西郡芽室町北伏古,1971,河西郡芽室町北伏古,1926,3897,1.13,0.45,79.1,79.1,12,70
1302360390,一般国道２３６号（帯広広尾道）,芽室町・帯広市境,帯広川西インター線,1207,1,4.6,河西郡芽室町北伏古,1971,河西郡芽室町北伏古,1926,3897,1.13,0.45,78.5,79.8,12,70
1302360400,一般国道２３６号（帯広広尾道）,帯広川西インター線,幸福インター線,1207,1,13.2,帯広市昭和町,3999,帯広市昭和町,4040,8039,1.16,0.89,79.2,80.7,12,70
1302360410,一般国道２３６号（帯広広尾道）,幸福インター線,帯広市・中札内村境,1207,1,1.9,河西郡中札内村新生,3713,河西郡中札内村新生,3738,7451,1.16,0.84,81.5,84.6,12,70
1302360420,一般国道２３６号（帯広広尾道）,帯広市・中札内村境,中札内インター線,1638,1,4.4,河西郡中札内村新生,3713,河西郡中札内村新生,3738,7451,1.16,0.84,80.3,78.8,12,70
1302360430,一般国道２３６号（帯広広尾道）,中札内インター線,中札内村・更別村境,1638,1,4.4,河西郡中札内村栄東2線,2724,河西郡中札内村栄東2線,2696,5420,1.17,0.64,84.3,82.6,13.5,80
1302360440,一般国道２３６号（帯広広尾道）,中札内村・更別村境,駒畠更別線,1639,1,2.3,河西郡中札内村栄東2線,2724,河西郡中札内村栄東2線,2696,5420,1.17,0.64,85.5,87.2,13.5,80
1302360445,一般国道２３６号（帯広広尾道）,駒畠更別線,更別村・幕別町境,1639,1,9.7,河西郡更別村字更別南4線,2192,河西郡更別村字更別南4線,2227,4419,1.17,0.56,80.8,84.7,13.5,80
1302360450,一般国道２３６号（帯広広尾道）,更別村・幕別町境,一般国道２３６号（忠類インター線）,1643,1,4.2,河西郡更別村字更別南4線,2192,河西郡更別村字更別南4線,2227,4419,1.17,0.56,78.6,83.7,13.5,80
1302360460,一般国道２３６号（帯広広尾道）,一般国道２３６号（忠類インター線）,町道西当北４線,1643,1,2.5,中川郡幕別町忠類共栄,1774,中川郡幕別町忠類共栄,1576,3350,1.17,0.41,76.9,73.3,13.5,80
1302370010,一般国道２３７号,一般国道１２号,,1204,0,0.4,旭川市神楽4条3丁目47,6835,旭川市神楽4条3丁目47,7486,14321,1.2,0.91,14.2,20.1,26.05,40
1302370020,一般国道２３７号,,旭川多度志線,1204,0,0.9,旭川市神楽4条3丁目47,6835,旭川市神楽4条3丁目47,7486,14321,1.2,0.66,25.3,24.2,32,50
1302370025,一般国道２３７号,旭川多度志線,旭川多度志線,1204,0,0.9,旭川市神楽4条9丁目4355-1,7304,旭川市神楽4条9丁目4355-1,7509,14813,1.2,0.47,21.4,23.9,32,50
1302370030,一般国道２３７号,旭川多度志線,新開旭川線,1204,0,1,旭川市神楽4条9丁目4355-1,7304,旭川市神楽4条9丁目4355-1,7509,14813,1.2,0.47,26,27.7,32,50
1302370040,一般国道２３７号,新開旭川線,旭川環状線,1204,0,2.7,旭川市神楽4条9丁目4355-1,7304,旭川市神楽4条9丁目4355-1,7509,14813,1.2,0.5,34.7,39.6,26,60
1302370050,一般国道２３７号,旭川環状線,新開西神楽停車場線,1204,0,4.9,旭川市神楽町西神楽2線15号,4553,旭川市神楽町西神楽2線15号,4540,9093,1.2,0.71,51.5,53.3,11.25,60
1302370060,一般国道２３７号,新開西神楽停車場線,旭川空港線,1204,0,2.3,旭川市神楽町西神楽2線15号,4553,旭川市神楽町西神楽2線15号,4540,9093,1.2,0.73,48.1,50.4,11.75,50
1302370070,一般国道２３７号,旭川空港線,一般国道４５２号,1204,0,0.1,旭川市西神楽2線23号457-2,7224,旭川市西神楽2線23号457-2,6749,13973,1.22,1.06,33.3,21.9,11.75,50
1302370080,一般国道２３７号,一般国道４５２号,旭川市・美瑛町境,1204,0,7.2,旭川市西神楽2線23号457-2,7224,旭川市西神楽2線23号457-2,6749,13973,1.22,0.86,52.1,54.4,10.5,60
1302370090,一般国道２３７号,旭川市・美瑛町境,十勝岳温泉美瑛線,1459,0,3.8,旭川市西神楽2線23号457-2,7224,旭川市西神楽2線23号457-2,6749,13973,1.22,0.9,50.2,44.1,12,60
1302370100,一般国道２３７号,十勝岳温泉美瑛線,天人峡美瑛線,1459,0,1.1,上川郡美瑛町北町3丁目363-34,4210,上川郡美瑛町北町3丁目363-34,4100,8310,1.22,0.72,35.4,38.1,20.5,50
1302370110,一般国道２３７号,天人峡美瑛線,美沢美馬牛線,1459,0,5.9,上川郡美瑛町北町3丁目363-34,4210,上川郡美瑛町北町3丁目363-34,4100,8310,1.22,0.9,55.6,57.2,8,60
1302370120,一般国道２３７号,美沢美馬牛線,美瑛町・上富良野町境,1459,0,0,上川郡美瑛町北町3丁目363-34,4210,上川郡美瑛町北町3丁目363-34,4100,8310,1.22,0.9,34.6,29.5,8,60
1302370130,一般国道２３７号,美瑛町・上富良野町境,芦別美瑛線,1460,0,0.2,上川郡美瑛町北町3丁目363-34,4210,上川郡美瑛町北町3丁目363-34,4100,8310,1.22,0.9,40.5,46.2,9.5,60
1302370140,一般国道２３７号,芦別美瑛線,吹上上富良野線,1460,0,7.4,上川郡美瑛町北町3丁目363-34,4210,上川郡美瑛町北町3丁目363-34,4100,8310,1.22,0.9,62.4,60,13,60
1302370150,一般国道２３７号,吹上上富良野線,留辺蕊上富良野線,1460,0,2.8,空知郡上富良野町光町2丁目1084-9,2606,空知郡上富良野町光町2丁目1084-9,2558,5164,1.22,0.51,51.7,50.9,16,60
1302370160,一般国道２３７号,留辺蕊上富良野線,上富良野停車場線,1460,0,1.7,空知郡上富良野町光町2丁目1084-9,2606,空知郡上富良野町光町2丁目1084-9,2558,5164,1.22,0.51,39.5,41.6,16,60
1302370170,一般国道２３７号,上富良野停車場線,上富良野町・中富良野町境,1460,0,1.5,空知郡中富良野町合力237-16,3442,空知郡中富良野町合力237-16,3480,6922,1.18,0.75,50.3,56.4,11.25,60
1302370180,一般国道２３７号,上富良野町・中富良野町境,ベベルイ中富良野停車場線,1461,0,4.3,空知郡中富良野町合力237-16,3442,空知郡中富良野町合力237-16,3480,6922,1.18,0.74,47.7,46.8,11,50
1302370190,一般国道２３７号,ベベルイ中富良野停車場線,ベベルイ中富良野停車場線,1461,0,0.3,空知郡中富良野町合力237-16,3442,空知郡中富良野町合力237-16,3480,6922,1.18,0.85,24.4,23.8,18,40
1302370200,一般国道２３７号,ベベルイ中富良野停車場線,上富良野中富良野線,1461,0,1.1,空知郡中富良野町合力237-16,3442,空知郡中富良野町合力237-16,3480,6922,1.18,0.76,39.2,43.9,10.5,50
1302370210,一般国道２３７号,上富良野中富良野線,中富良野町・富良野市境,1461,0,3.4,富良野市東学田二区3933番,3600,富良野市東学田二区3933番,3785,7385,1.18,0.79,56.9,57.2,10.5,60
1302370220,一般国道２３７号,中富良野町・富良野市境,奈江富良野線,1229,0,2.5,富良野市東学田二区3933番,3600,富良野市東学田二区3933番,3785,7385,1.18,0.8,48.2,41,10.5,40
1302370230,一般国道２３７号,奈江富良野線,一般国道３８号,1229,0,0.6,富良野市東学田二区3933番,3600,富良野市東学田二区3933番,3785,7385,1.18,0.96,18.5,16.5,22,40
1302370250,一般国道２３７号,一般国道３８号,富良野市・南富良野町境,1229,0,0.6,南富良野町字金山423-1,864,南富良野町字金山423-1,825,1689,1.16,0.25,32.6,48.1,11,60
1302370260,一般国道２３７号,富良野市・南富良野町境,金山幾寅停車場線,1462,0,8.4,南富良野町字金山423-1,864,南富良野町字金山423-1,825,1689,1.16,0.23,63.9,61,10.5,60
1302370270,一般国道２３７号,金山幾寅停車場線,南富良野町・占冠村境,1462,0,7.3,勇払郡占冠村字中央57-72,1159,勇払郡占冠村字中央57-72,1155,2314,1.35,0.31,63.5,59.8,8.5,60
1302370280,一般国道２３７号,南富良野町・占冠村境,夕張新得線,1463,0,11.2,勇払郡占冠村字中央57-72,1159,勇払郡占冠村字中央57-72,1155,2314,1.35,0.31,67.7,64.8,8.5,60
1302370290,一般国道２３７号,夕張新得線,夕張新得線,1463,0,3.1,勇払郡占冠村字中央57-72,1159,勇払郡占冠村字中央57-72,1155,2314,1.35,0.26,51.8,45.4,12.5,50
1302370300,一般国道２３７号,夕張新得線,占冠インター線,1463,0,1.3,勇払郡占冠村字中央57-72,1159,勇払郡占冠村字中央57-72,1155,2314,1.35,0.26,39,39.8,20,40
1302370310,一般国道２３７号,占冠インター線,占冠村・日高町境,1463,0,8.5,勇払郡占冠村字中央57-72,1159,勇払郡占冠村字中央57-72,1155,2314,1.35,0.27,67.1,63.2,8.5,60
1302370320,一般国道２３７号,占冠村・日高町境,一般国道２７４号,1601,0,4.4,沙流郡日高町字日高515,328,沙流郡日高町字日高515,381,709,1.24,0.15,41.1,38.3,9,60
1302370330,一般国道２３７号,一般国道２７４号,三岩日高線,1601,0,4.2,沙流郡日高町字日高360-1,1178,沙流郡日高町字日高360-1,1228,2406,1.32,0.61,37.2,50.2,9,60
1302370340,一般国道２３７号,三岩日高線,日高町・平取町境,1601,0,8.1,沙流郡日高町字日高360-1,1178,沙流郡日高町字日高360-1,1228,2406,1.32,0.61,61.2,58.9,9,60
1302370350,一般国道２３７号,日高町・平取町境,宿志別振内停車場線,1602,0,9.7,沙流郡日高町字日高360-1,1178,沙流郡日高町字日高360-1,1228,2406,1.32,0.61,60.3,62.8,9,60
1302370360,一般国道２３７号,宿志別振内停車場線,宿志別振内停車場線,1602,0,2.8,沙流郡平取町振内町23-1,1598,沙流郡平取町振内町23-1,1963,3561,1.3,0.67,55,55.9,9,60
1302370370,一般国道２３７号,宿志別振内停車場線,平取穂別線,1602,0,3,沙流郡平取町振内町23-1,1598,沙流郡平取町振内町23-1,1963,3561,1.3,0.67,59.2,57.8,9,60
1302370380,一般国道２３７号,平取穂別線,平取静内線,1602,0,7.1,沙流郡平取町字荷負130-5,1511,沙流郡平取町字荷負130-5,1540,3051,1.3,0.88,63,61.8,9,60
1302370390,一般国道２３７号,平取静内線,平取門別線,1602,0,11,沙流郡平取町字二風谷18-5,2155,沙流郡平取町字二風谷18-5,2192,4347,1.27,0.64,62.5,61.2,9,60
1302370400,一般国道２３７号,平取門別線,平取門別線,1602,0,0.5,沙流郡平取町字二風谷18-5,2155,沙流郡平取町字二風谷18-5,2192,4347,1.27,0.64,62.4,60.3,9,60
1302370410,一般国道２３７号,平取門別線,平取門別線,1602,0,1.5,沙流郡平取町字二風谷18-5,2155,沙流郡平取町字二風谷18-5,2192,4347,1.27,0.64,35.8,35.8,9,60
1302370420,一般国道２３７号,平取門別線,平取厚真線,1602,0,0.9,沙流郡平取町字二風谷18-5,2155,沙流郡平取町字二風谷18-5,2192,4347,1.27,0.42,40.1,37.9,17,50
1302370430,一般国道２３７号,平取厚真線,平取町・日高町境,1602,0,7.2,沙流郡平取町字荷菜90-7,2982,沙流郡平取町字荷菜90-7,2872,5854,1.23,0.55,56.3,57.4,13.75,50
1302370440,一般国道２３７号,平取町・日高町境,一般国道２３５号（日高自動車道）,1601,0,2,沙流郡平取町字荷菜90-7,2982,沙流郡平取町字荷菜90-7,2872,5854,1.23,0.56,51,46.8,11.25,60
1302370450,一般国道２３７号,一般国道２３５号（日高自動車道）,一般国道２３５号,1601,0,1.1,沙流郡日高町富川北1丁目252-7,2752,沙流郡日高町富川北1丁目252-7,3056,5808,1.23,0.52,28.6,27.1,23,50
1302380010,一般国道２３８号,一般国道３９号,能取三眺線,1211,0,1.4,網走市三眺,3402,網走市三眺,3259,6661,1.2,0.23,35.3,36.5,23.5,50
1302380020,一般国道２３８号,能取三眺線,網走端野線,1211,0,4.1,網走市三眺,3402,網走市三眺,3259,6661,1.2,0.46,49.6,56.6,9,60
1302380030,一般国道２３８号,網走端野線,網走公園線,1211,0,1.7,北見市常呂町常呂,1852,北見市常呂町常呂,2031,3883,1.18,0.43,59.6,60.1,9,60
1302380035,一般国道２３８号,網走公園線,嘉多山卯原内停車場線,1211,0,2.9,北見市常呂町常呂,1852,北見市常呂町常呂,2031,3883,1.18,0.43,62.5,62.7,9,60
1302380040,一般国道２３８号,嘉多山卯原内停車場線,,1211,0,0.9,北見市常呂町常呂,1852,北見市常呂町常呂,2031,3883,1.18,0.43,47.3,51.4,9,60
1302380050,一般国道２３８号,,網走市・北見市境,1211,0,13.2,北見市常呂町常呂,1852,北見市常呂町常呂,2031,3883,1.18,0.43,63.8,62.5,9,60
1302380060,一般国道２３８号,網走市・北見市境,土佐東浜線,1208,0,2.7,北見市常呂町常呂,1852,北見市常呂町常呂,2031,3883,1.18,0.44,60.5,61,9,60
1302380070,一般国道２３８号,土佐東浜線,北見常呂線,1208,0,2.4,北見市常呂町常呂,1852,北見市常呂町常呂,2031,3883,1.18,0.44,58.4,57.2,9,60
1302380080,一般国道２３８号,北見常呂線,土佐東浜線,1208,0,1.5,北見市常呂町常呂,1852,北見市常呂町常呂,2031,3883,1.18,0.47,36.6,35.6,22,50
1302380090,一般国道２３８号,土佐東浜線,サロマ湖公園線,1208,0,0.7,北見市常呂町常呂,1852,北見市常呂町常呂,2031,3883,1.18,0.43,58.5,55.8,9,60
1302380100,一般国道２３８号,サロマ湖公園線,サロマ湖公園線,1208,0,7.8,北見市常呂町常呂,1852,北見市常呂町常呂,2031,3883,1.18,0.43,69.8,68,9,60
1302380110,一般国道２３８号,サロマ湖公園線,北見市・佐呂間町境,1208,0,0.7,北見市常呂町常呂,1852,北見市常呂町常呂,2031,3883,1.18,0.43,67.9,67.2,9,60
1302380120,一般国道２３８号,北見市・佐呂間町境,留辺蕊浜佐呂間線,1552,0,1.5,北見市常呂町常呂,1852,北見市常呂町常呂,2031,3883,1.18,0.44,57.7,50.9,9,60
1302380130,一般国道２３８号,留辺蕊浜佐呂間線,キムアネップ岬浜佐呂間線,1552,0,0.6,常呂郡佐呂間町浪速,833,常呂郡佐呂間町浪速,697,1530,1.18,0.2,51.4,53.4,9,60
1302380140,一般国道２３８号,キムアネップ岬浜佐呂間線,富武士佐呂間線,1552,0,11.8,常呂郡佐呂間町浪速,833,常呂郡佐呂間町浪速,697,1530,1.18,0.2,68.6,68.6,9,60
1302380150,一般国道２３８号,富武士佐呂間線,佐呂間町・湧別町境,1552,0,5.1,常呂郡佐呂間町浪速,833,常呂郡佐呂間町浪速,697,1530,1.18,0.2,66.9,65.4,9,60
1302380160,一般国道２３８号,佐呂間町・湧別町境,計呂地若佐線,1559,0,1.3,常呂郡佐呂間町浪速,833,常呂郡佐呂間町浪速,697,1530,1.18,0.2,63.8,57,9.5,60
1302380170,一般国道２３８号,計呂地若佐線,遠軽芭露線,1559,0,7.6,紋別郡湧別町志撫子,1787,紋別郡湧別町志撫子,1779,3566,1.14,0.36,59.6,59.4,9.5,60
1302380180,一般国道２３８号,遠軽芭露線,一般国道２４２号,1559,0,9.3,紋別郡湧別町志撫子,1787,紋別郡湧別町志撫子,1779,3566,1.14,0.36,61.2,58.5,9.5,60
1302380190,一般国道２３８号,一般国道２４２号,湧別上湧別線,1559,0,1.7,紋別市小向（紋別）,2463,紋別市小向（紋別）,2539,5002,1.15,0.46,45.4,45.6,14,50
1302380200,一般国道２３８号,湧別上湧別線,湧別町・紋別市境,1559,0,7.4,紋別市小向（紋別）,2463,紋別市小向（紋別）,2539,5002,1.15,0.47,55,60.4,7.5,60
1302380210,一般国道２３８号,湧別町・紋別市境,小向元紋別線,1219,0,9.2,紋別市小向（紋別）,2463,紋別市小向（紋別）,2539,5002,1.15,0.46,62.3,62.5,18.5,60
1302380220,一般国道２３８号,小向元紋別線,新紋別空港線,1219,0,3.7,紋別市元紋別（元紋別）,3347,紋別市元紋別（元紋別）,3310,6657,1.15,0.59,63.8,62.8,18.5,60
1302380230,一般国道２３８号,新紋別空港線,紋別丸瀬布線,1219,0,3.6,紋別市元紋別（元紋別）,3347,紋別市元紋別（元紋別）,3310,6657,1.15,0.59,61.5,56.6,18.5,60
1302380240,一般国道２３８号,紋別丸瀬布線,紋別港線,1219,0,0.3,紋別市元紋別（元紋別）,3347,紋別市元紋別（元紋別）,3310,6657,1.15,0.62,33.2,30.7,17,60
1302380250,一般国道２３８号,紋別港線,中渚滑紋別停車場線,1219,0,1.6,紋別市元紋別（元紋別）,3347,紋別市元紋別（元紋別）,3310,6657,1.15,0.62,46.9,42.7,17,60
1302380260,一般国道２３８号,中渚滑紋別停車場線,一般国道２７３号,1219,0,7.2,紋別市落石（元新）,3376,紋別市落石（元新）,3260,6636,1.15,0.63,42.2,40.5,17,60
1302380270,一般国道２３８号,一般国道２７３号,紋別市・興部町境,1219,0,4,紋別郡興部町字興部（興部）,2627,紋別郡興部町字興部（興部）,2582,5209,1.15,0.41,54.3,59.3,10.5,60
1302380280,一般国道２３８号,紋別市・興部町境,沙留停車場線,1561,0,5.3,紋別郡興部町字興部（興部）,2627,紋別郡興部町字興部（興部）,2582,5209,1.15,0.42,63.8,64.7,12.25,60
1302380290,一般国道２３８号,沙留停車場線,中藻興部興部線,1561,0,6.8,紋別郡興部町字興部（興部）,2627,紋別郡興部町字興部（興部）,2582,5209,1.15,0.42,62.3,60.1,12.25,60
1302380300,一般国道２３８号,中藻興部興部線,一般国道２３９号,1561,0,3.2,紋別郡興部町字興部（興部）,2627,紋別郡興部町字興部（興部）,2582,5209,1.15,0.42,50.6,48.5,12.25,60
1302380310,一般国道２３８号,一般国道２３９号,興部町・雄武町境,1561,0,2.5,紋別郡雄武町字雄武（雄武）,2064,紋別郡雄武町字雄武（雄武）,2081,4145,1.17,0.35,43.4,49.4,12.25,60
1302380320,一般国道２３８号,興部町・雄武町境,宇津沢木線,1563,0,6,紋別郡雄武町字雄武（雄武）,2064,紋別郡雄武町字雄武（雄武）,2081,4145,1.17,0.36,65.5,65.9,9,60
1302380330,一般国道２３８号,宇津沢木線,美深雄武線,1563,0,8.8,紋別郡雄武町字雄武（雄武）,2064,紋別郡雄武町字雄武（雄武）,2081,4145,1.17,0.36,64.9,63.3,9,60
1302380340,一般国道２３８号,美深雄武線,雄武港線,1563,0,2.2,紋別郡雄武町字雄武（雄武）,2064,紋別郡雄武町字雄武（雄武）,2081,4145,1.17,0.36,32,38,9,60
1302380350,一般国道２３８号,雄武港線,下川雄武線,1563,0,11.2,紋別郡雄武町字雄武（雄武）,2064,紋別郡雄武町字雄武（雄武）,2081,4145,1.17,0.36,57.6,57.6,9,60
1302380360,一般国道２３８号,下川雄武線,雄武町・枝幸町境,1563,0,3.9,紋別郡雄武町字雄武（雄武）,2064,紋別郡雄武町字雄武（雄武）,2081,4145,1.17,0.36,67.5,66.8,9,60
1302380370,一般国道２３８号,雄武町・枝幸町境,上音標音標線,1514,0,4.1,枝幸郡枝幸町乙忠部,833,枝幸郡枝幸町乙忠部,775,1608,1.16,0.23,58.9,67.7,9,60
1302380380,一般国道２３８号,上音標音標線,上徳志別乙忠部線,1514,0,10.8,枝幸郡枝幸町乙忠部,833,枝幸郡枝幸町乙忠部,775,1608,1.16,0.23,63.4,64.9,9,60
1302380390,一般国道２３８号,上徳志別乙忠部線,枝幸音威子府線,1514,0,19,枝幸郡枝幸町岬町,1548,枝幸郡枝幸町岬町,1291,2839,1.18,0.34,64.3,63.6,12,60
1302380400,一般国道２３８号,枝幸音威子府線,ウエンナイ幌内保線,1514,0,0.4,枝幸郡枝幸町岬町,1548,枝幸郡枝幸町岬町,1291,2839,1.18,0.34,37,31.5,12,60
1302380410,一般国道２３８号,ウエンナイ幌内保線,ウエンナイ幌内保線,1514,0,4.1,枝幸郡枝幸町岬町,1548,枝幸郡枝幸町岬町,1291,2839,1.18,0.34,49.5,48.4,12,60
1302380420,一般国道２３８号,ウエンナイ幌内保線,枝幸町・浜頓別町境,1514,0,14.4,枝幸郡枝幸町岬町,1548,枝幸郡枝幸町岬町,1291,2839,1.18,0.34,57.2,56.8,12,60
1302380430,一般国道２３８号,枝幸町・浜頓別町境,豊牛下頓別停車場線,1512,0,7,枝幸郡枝幸町岬町,1548,枝幸郡枝幸町岬町,1291,2839,1.18,0.34,64.7,62.6,12.25,60
1302380440,一般国道２３８号,豊牛下頓別停車場線,頓別港線,1512,0,4.6,枝幸郡枝幸町岬町,1548,枝幸郡枝幸町岬町,1291,2839,1.18,0.34,64.3,64.8,12.25,60
1302380450,一般国道２３８号,頓別港線,一般国道２７５号,1512,0,1.9,枝幸郡枝幸町岬町,1548,枝幸郡枝幸町岬町,1291,2839,1.18,0.34,33.2,27.4,12.25,60
1302380460,一般国道２３８号,一般国道２７５号,浜頓別町・猿払村境,1512,0,6.2,宗谷郡猿払村浜鬼志別,1190,宗谷郡猿払村浜鬼志別,1089,2279,1.15,0.33,50.4,55.1,12.25,60
1302380470,一般国道２３８号,浜頓別町・猿払村境,浅芽野台地浜頓別線,1511,0,3.1,宗谷郡猿払村浜鬼志別,1190,宗谷郡猿払村浜鬼志別,1089,2279,1.15,0.32,71.2,71.3,12.25,60
1302380480,一般国道２３８号,浅芽野台地浜頓別線,上猿払浅茅野線,1511,0,6.1,宗谷郡猿払村浜鬼志別,1190,宗谷郡猿払村浜鬼志別,1089,2279,1.15,0.32,67.7,70,12.25,60
1302380490,一般国道２３８号,上猿払浅茅野線,猿払停車場線,1511,0,7,宗谷郡猿払村浜鬼志別,1190,宗谷郡猿払村浜鬼志別,1089,2279,1.15,0.32,71.9,71.4,12.25,60
1302380500,一般国道２３８号,猿払停車場線,浜鬼志別港線,1511,0,9.3,宗谷郡猿払村浜鬼志別,1190,宗谷郡猿払村浜鬼志別,1089,2279,1.15,0.33,66.3,62.5,12.25,60
1302380510,一般国道２３８号,浜鬼志別港線,豊富猿払線,1511,0,0.3,宗谷郡猿払村浜鬼志別,1190,宗谷郡猿払村浜鬼志別,1089,2279,1.15,0.33,34.6,33.1,12.25,60
1302380520,一般国道２３８号,豊富猿払線,猿払村・稚内市境,1511,0,10.4,宗谷郡猿払村知来別,1062,宗谷郡猿払村知来別,692,1754,1.15,0.21,63.5,64.1,12.25,60
1302380530,一般国道２３８号,猿払村・稚内市境,稚内猿払線,1214,0,1,宗谷郡猿払村知来別,1062,宗谷郡猿払村知来別,692,1754,1.15,0.21,63.9,62.9,12,60
1302380540,一般国道２３８号,稚内猿払線,上猿払清浜線,1214,0,22.5,宗谷郡猿払村知来別,1062,宗谷郡猿払村知来別,692,1754,1.15,0.21,59.9,60.9,12,60
1302380550,一般国道２３８号,上猿払清浜線,稚内猿払線,1214,0,9.5,稚内市声問村メクマ,981,稚内市声問村メクマ,1092,2073,1.17,0.36,59.1,59.2,12.5,60
1302380560,一般国道２３８号,稚内猿払線,稚内幌延線,1214,0,5.8,稚内市声問村メクマ,981,稚内市声問村メクマ,1092,2073,1.17,0.36,72.3,71.5,12.5,60
1302380565,一般国道２３８号,稚内幌延線,宗谷ふれあい公園線,1214,0,1.8,稚内市声問1丁目,2781,稚内市声問1丁目,3065,5846,1.17,0.36,64.8,61.9,30,50
1302380570,一般国道２３８号,宗谷ふれあい公園線,一般国道４０号,1214,0,4.4,稚内市声問1丁目,2781,稚内市声問1丁目,3065,5846,1.17,0.36,47.5,45.3,30,50
1302390010,一般国道２３９号,一般国道２３８号,宇津沢木線,1561,0,8.9,紋別郡西興部村字奥興部（友喜橋）,608,紋別郡西興部村字奥興部（友喜橋）,542,1150,1.2,0.16,45.6,47.1,10.5,60
1302390020,一般国道２３９号,宇津沢木線,興部町・西興部村境,1561,0,4.8,紋別郡西興部村字奥興部（友喜橋）,608,紋別郡西興部村字奥興部（友喜橋）,542,1150,1.2,0.16,60.6,62.8,10.5,60
1302390030,一般国道２３９号,興部町・西興部村境,遠軽雄武線,1562,0,4.7,紋別郡西興部村字奥興部（友喜橋）,608,紋別郡西興部村字奥興部（友喜橋）,542,1150,1.2,0.16,70.2,67.9,8.5,60
1302390040,一般国道２３９号,遠軽雄武線,遠軽雄武線,1562,0,5.2,紋別郡西興部村字奥興部（友喜橋）,608,紋別郡西興部村字奥興部（友喜橋）,542,1150,1.2,0.16,54.2,60.1,8.5,60
1302390050,一般国道２３９号,遠軽雄武線,西興部村・下川町境,1562,0,11.8,紋別郡西興部村字奥興部（友喜橋）,608,紋別郡西興部村字奥興部（友喜橋）,542,1150,1.2,0.16,62.8,61.8,8.5,60
1302390060,一般国道２３９号,西興部村・下川町境,下川停車場線,1468,0,16.7,上川郡下川町一の橋493,366,上川郡下川町一の橋493,437,803,1.2,0.09,62.8,62.9,8.5,60
1302390070,一般国道２３９号,下川停車場線,下川雄武線,1468,0,0.4,名寄市中名寄5線,1818,名寄市中名寄5線,1822,3640,1.17,0.36,21.7,27.5,21.7,40
1302390080,一般国道２３９号,下川雄武線,下川愛別線,1468,0,0.2,名寄市中名寄5線,1818,名寄市中名寄5線,1822,3640,1.17,0.36,15.9,25.2,21.7,40
1302390090,一般国道２３９号,下川愛別線,下川町・名寄市境,1468,0,7,名寄市中名寄5線,1818,名寄市中名寄5線,1822,3640,1.17,0.35,57.8,58.9,11.75,60
1302390100,一般国道２３９号,下川町・名寄市境,旭名寄線,1221,0,8.2,名寄市中名寄5線,1818,名寄市中名寄5線,1822,3640,1.17,0.35,56.7,53.7,10.75,60
1302390110,一般国道２３９号,旭名寄線,日進名寄線,1221,0,1.9,名寄市中名寄5線,1818,名寄市中名寄5線,1822,3640,1.17,0.37,29.8,32.9,12.25,50
1302390120,一般国道２３９号,日進名寄線,一般国道４０号,1221,0,0.5,名寄市中名寄5線,1818,名寄市中名寄5線,1822,3640,1.17,0.19,16.7,18.6,36,50
1302390140,一般国道２３９号,一般国道４０号,西風連士別線,1220,0,0.6,士別市温根別,927,士別市温根別,897,1824,1.16,0.37,20.2,23.2,15,40
1302390150,一般国道２３９号,西風連士別線,士別市・剣淵町境,1220,0,5.9,士別市温根別,927,士別市温根別,897,1824,1.16,0.33,55.8,56.6,9,60
1302390160,一般国道２３９号,士別市・剣淵町境,剣淵町・士別市境,1465,0,0.7,士別市温根別,927,士別市温根別,897,1824,1.16,0.32,60.5,65.5,9.5,60
1302390170,一般国道２３９号,剣淵町・士別市境,温根別剣淵停車場線,1220,0,1.2,士別市温根別,927,士別市温根別,897,1824,1.16,0.32,59.2,66,10.5,60
1302390180,一般国道２３９号,温根別剣淵停車場線,雨竜旭川線,1220,0,1.7,士別市温根別,927,士別市温根別,897,1824,1.16,0.32,54.6,52.8,10.5,60
1302390190,一般国道２３９号,雨竜旭川線,雨竜旭川線,1220,0,1.1,士別市温根別,927,士別市温根別,897,1824,1.16,0.31,41.5,47.5,17,50
1302390200,一般国道２３９号,雨竜旭川線,士別市・幌加内町境,1220,0,7.9,士別市温根別,927,士別市温根別,897,1824,1.16,0.36,61.3,66.6,7.5,60
1302390210,一般国道２３９号,士別市・幌加内町境,一般国道２７５号,1472,0,3.7,雨竜郡幌加内町士別峠,168,雨竜郡幌加内町士別峠,143,311,1.13,0.05,55.3,60.6,8,60
1302390220,一般国道２３９号,一般国道２７５号,一般国道２７５号,1472,0,1.8,雨竜郡幌加内町北星8035,258,雨竜郡幌加内町北星8035,186,444,1.11,0.09,58.2,56.7,22,60
1302390230,一般国道２３９号,一般国道２７５号,幌加内町・苫前町境,1472,0,8.5,雨竜郡幌加内町添牛内5927-5,188,雨竜郡幌加内町添牛内5927-5,159,347,1.1,0.09,52.2,60,9.5,60
1302390240,一般国道２３９号,幌加内町・苫前町境,霧立小平線,1483,0,9.3,苫前郡苫前町霧立,187,苫前郡苫前町霧立,178,365,1.1,0.12,49.4,65.9,8.5,60
1302390250,一般国道２３９号,霧立小平線,上遠別霧立線,1483,0,12.3,苫前郡苫前町東川232,207,苫前郡苫前町東川232,210,417,1.1,0.12,55.3,64.1,8.5,60
1302390260,一般国道２３９号,上遠別霧立線,羽幌原野古丹別停車場線,1483,0,19.6,苫前郡苫前町東川232,207,苫前郡苫前町東川232,210,417,1.1,0.12,53.7,52.2,8.5,60
1302390270,一般国道２３９号,羽幌原野古丹別停車場線,一般国道２３２号,1483,0,4.8,苫前郡苫前町長島40-2,682,苫前郡苫前町長島40-2,627,1309,1.1,0.21,56,54.1,11.5,60
1302400010,一般国道２４０号,一般国道３８号,一般国道３８号,1206,0,1.1,釧路市大楽毛西,2614,釧路市大楽毛西,3566,6180,1.2,0.69,28,36.6,9.5,60
1302400020,一般国道２４０号,一般国道３８号,釧路空港線,1206,0,4.7,釧路市大楽毛西,2614,釧路市大楽毛西,3566,6180,1.2,0.69,46.6,55.4,9.5,60
1302400030,一般国道２４０号,釧路空港線,雄別釧路線,1206,0,6.7,釧路市大楽毛西,2614,釧路市大楽毛西,3566,6180,1.2,0.69,56.2,58.2,9,60
1302400035,一般国道２４０号,雄別釧路線,道東自動車道,1206,0,2.2,釧路市大楽毛西,2614,釧路市大楽毛西,3566,6180,1.2,0.69,56.2,50.2,9,60
1302400040,一般国道２４０号,道東自動車道,雄別釧路線,1206,0,2.1,釧路市阿寒町旭町3丁目,2992,釧路市阿寒町旭町3丁目,2805,5797,1.2,0.6,51.7,51.8,9,60
1302400050,一般国道２４０号,雄別釧路線,阿寒標茶線,1206,0,2.6,釧路市阿寒町旭町3丁目,2992,釧路市阿寒町旭町3丁目,2805,5797,1.2,0.6,41.8,41.2,9,60
1302400060,一般国道２４０号,阿寒標茶線,一般国道２７４号,1206,0,9.2,釧路市阿寒町飽別,953,釧路市阿寒町飽別,1012,1965,1.19,0.34,62.3,63.1,11.5,60
1302400070,一般国道２４０号,一般国道２７４号,徹別原野雄別停車場線,1206,0,4,釧路市阿寒町飽別,953,釧路市阿寒町飽別,1012,1965,1.19,0.46,63.3,64,8.5,60
1302400080,一般国道２４０号,徹別原野雄別停車場線,徹別原野釧路線,1206,0,3.6,釧路市阿寒町飽別,953,釧路市阿寒町飽別,1012,1965,1.19,0.46,66.4,67.9,8.5,60
1302400090,一般国道２４０号,徹別原野釧路線,一般国道２４１号,1206,0,20.7,釧路市阿寒町飽別,953,釧路市阿寒町飽別,1012,1965,1.19,0.46,63.2,60.7,8.5,60
1302400100,一般国道２４０号,一般国道２４１号,一般国道２４１号,1206,0,11.2,釧路市阿寒町飽別,953,釧路市阿寒町飽別,1012,1965,1.19,0.47,62.7,61.6,10.5,60
1302400110,一般国道２４０号,一般国道２４１号,釧路市・津別町境,1206,0,2.6,釧路市阿寒町尻駒別,693,釧路市阿寒町尻駒別,614,1307,1.19,0.28,61.2,61.3,10.5,60
1302400120,一般国道２４０号,釧路市・津別町境,相生津別停車場線,1544,0,9.9,網走郡津別町字双葉（本岐）,1551,網走郡津別町字双葉（本岐）,1474,3025,1.19,0.75,62.5,57.4,9,60
1302400130,一般国道２４０号,相生津別停車場線,津別陸別線,1544,0,13.3,網走郡津別町字双葉（本岐）,1551,網走郡津別町字双葉（本岐）,1474,3025,1.19,0.46,65.4,62.5,9,60
1302400140,一般国道２４０号,津別陸別線,訓子府津別線,1544,0,0.8,網走郡津別町字双葉（本岐）,1551,網走郡津別町字双葉（本岐）,1474,3025,1.19,0.38,48.9,46.9,16,40
1302400150,一般国道２４０号,訓子府津別線,相生津別停車場線,1544,0,2.4,網走郡津別町字双葉（本岐）,1551,網走郡津別町字双葉（本岐）,1474,3025,1.19,0.46,64.8,63.4,9,60
1302400160,一般国道２４０号,相生津別停車場線,北見津別線,1544,0,4.3,網走郡津別町字双葉（本岐）,1551,網走郡津別町字双葉（本岐）,1474,3025,1.19,0.46,43.7,49.7,9,60
1302400170,一般国道２４０号,北見津別線,屈斜路津別線,1544,0,0.5,網走郡津別町柏町,1770,網走郡津別町柏町,1938,3708,1.17,0.42,24.7,20.4,21.56,50
1302400180,一般国道２４０号,屈斜路津別線,津別町・美幌町境,1544,0,7.9,網走郡津別町柏町,1770,網走郡津別町柏町,1938,3708,1.17,0.38,53.9,56.3,11.75,60
1302400190,一般国道２４０号,津別町・美幌町境,一般国道２４３号,1543,0,7.3,網走郡美幌町豊幌,890,網走郡美幌町豊幌,1164,2054,1.17,0.33,52.2,52.8,11,60
1302400200,一般国道２４０号,一般国道２４３号,一般国道３９号,1543,0,1.2,網走郡美幌町豊幌,890,網走郡美幌町豊幌,1164,2054,1.17,0.35,21,24,14.54,40
1302410010,一般国道２４１号,一般国道２４３号,札友内弟子屈停車場線,1665,0,1.1,川上郡弟子屈町字奥春別,549,川上郡弟子屈町字奥春別,578,1127,1.12,0.18,31.4,32.2,9.5,60
1302410020,一般国道２４１号,札友内弟子屈停車場線,弟子屈町・釧路市境,1665,0,21.4,川上郡弟子屈町字奥春別,549,川上郡弟子屈町字奥春別,578,1127,1.12,0.18,62.7,63,9.5,60
1302410030,一般国道２４１号,弟子屈町・釧路市境,阿寒公園鶴居線,1206,0,10.4,川上郡弟子屈町字奥春別,549,川上郡弟子屈町字奥春別,578,1127,1.12,0.19,58.1,56.5,8.5,40
1302410040,一般国道２４１号,阿寒公園鶴居線,一般国道２４０号,1206,0,2.4,川上郡弟子屈町字奥春別,549,川上郡弟子屈町字奥春別,578,1127,1.12,0.19,59.3,54.2,8.5,40
1302410060,一般国道２４１号,一般国道２４０号,釧路市・足寄町境,1206,0,2,足寄郡足寄町字上足寄,439,足寄郡足寄町字上足寄,468,907,1.14,0.19,56.8,58.4,8.5,50
1302410070,一般国道２４１号,釧路市・足寄町境,オンネトー線,1647,0,5.3,足寄郡足寄町字上足寄,439,足寄郡足寄町字上足寄,468,907,1.14,0.18,66.4,71.9,9.5,60
1302410080,一般国道２４１号,オンネトー線,北見白糠線,1647,0,16.3,足寄郡足寄町字上足寄,439,足寄郡足寄町字上足寄,468,907,1.14,0.18,67.3,68.5,9.5,60
1302410090,一般国道２４１号,北見白糠線,モアショロ原野螺湾足寄停車場線,1647,0,8.4,足寄郡足寄町字上足寄,439,足寄郡足寄町字上足寄,468,907,1.14,0.18,67.7,68.9,9.5,60
1302410100,一般国道２４１号,モアショロ原野螺湾足寄停車場線,足寄原野上利別停車場線,1647,0,2.3,足寄郡足寄町字上足寄,439,足寄郡足寄町字上足寄,468,907,1.14,0.18,58.4,62.5,9.5,60
1302410103,一般国道２４１号,足寄原野上利別停車場線,モアショロ原野螺湾足寄停車場線,1647,0,2.9,足寄郡足寄町字上足寄,439,足寄郡足寄町字上足寄,468,907,1.14,0.14,68.9,67.9,10,60
1302410105,一般国道２４１号,モアショロ原野螺湾足寄停車場線,植坂足寄停車場線,1647,0,10.1,足寄郡足寄町中足寄,917,足寄郡足寄町中足寄,1072,1989,1.13,0.27,63,61.2,10,60
1302410110,一般国道２４１号,植坂足寄停車場線,一般国道２４２号,1647,0,0.5,足寄郡足寄町北1条,1285,足寄郡足寄町北1条,1338,2623,1.13,0.38,17.7,17.9,10,60
1302410120,一般国道２４１号,一般国道２４２号,一般国道２４２号,1647,0,1.5,足寄郡足寄町市街,4329,足寄郡足寄町市街,4440,8769,1.2,0.6,24.3,24.7,10,60
1302410130,一般国道２４１号,一般国道２４２号,足寄町・本別町境,1647,0,2.5,河東郡上士幌町居辺,1747,河東郡上士幌町居辺,1789,3536,1.26,0.68,55.2,56.9,12.5,60
1302410140,一般国道２４１号,足寄町・本別町境,本別町・足寄町境,1646,0,1.8,河東郡上士幌町居辺,1747,河東郡上士幌町居辺,1789,3536,1.26,0.68,63.9,63.1,9.5,60
1302410150,一般国道２４１号,本別町・足寄町境,足寄町・本別町境,1647,0,0.4,河東郡上士幌町居辺,1747,河東郡上士幌町居辺,1789,3536,1.26,0.68,66.7,67.6,9.5,60
1302410160,一般国道２４１号,足寄町・本別町境,本別町・足寄町境,1646,0,0.1,河東郡上士幌町居辺,1747,河東郡上士幌町居辺,1789,3536,1.26,0.68,68.6,67.7,9.5,60
1302410170,一般国道２４１号,本別町・足寄町境,足寄町・本別町境,1647,0,0.3,河東郡上士幌町居辺,1747,河東郡上士幌町居辺,1789,3536,1.26,0.68,68.3,66.5,12.5,60
1302410180,一般国道２４１号,足寄町・本別町境,本別町・足寄町境,1646,0,1.6,河東郡上士幌町居辺,1747,河東郡上士幌町居辺,1789,3536,1.26,0.68,65.5,67.9,12.5,60
1302410190,一般国道２４１号,本別町・足寄町境,本別留辺蕊線,1647,0,0.6,河東郡上士幌町居辺,1747,河東郡上士幌町居辺,1789,3536,1.26,0.68,66,66.2,9.5,60
1302410200,一般国道２４１号,本別留辺蕊線,本別留辺蕊線,1647,0,6.8,河東郡上士幌町居辺,1747,河東郡上士幌町居辺,1789,3536,1.26,0.68,63.2,62.6,9.5,60
1302410210,一般国道２４１号,本別留辺蕊線,足寄町・上士幌町境,1647,0,2,河東郡上士幌町居辺,1747,河東郡上士幌町居辺,1789,3536,1.26,0.68,65.5,66.6,9.5,60
1302410220,一般国道２４１号,足寄町・上士幌町境,居辺本別線,1633,0,8.5,河東郡上士幌町居辺,1747,河東郡上士幌町居辺,1789,3536,1.26,0.41,67,68.4,8.5,60
1302410230,一般国道２４１号,居辺本別線,上士幌音更線,1633,0,2.5,河東郡上士幌町居辺,1747,河東郡上士幌町居辺,1789,3536,1.26,0.41,64.6,65.5,8.5,60
1302410240,一般国道２４１号,上士幌音更線,一般国道２７３号,1633,0,1.3,河東郡上士幌町居辺,1747,河東郡上士幌町居辺,1789,3536,1.26,0.41,55.1,44.8,8.5,60
1302410245,一般国道２４１号,一般国道２７３号,上士幌士幌音更線,1633,0,0.2,河東郡士幌町字士幌,2721,河東郡士幌町字士幌,2785,5506,1.2,0.49,26,37.7,12,60
1302410250,一般国道２４１号,上士幌士幌音更線,上士幌町・士幌町境,1633,0,1.8,河東郡士幌町字士幌,2721,河東郡士幌町字士幌,2785,5506,1.2,0.49,50.3,59.4,12,60
1302410260,一般国道２４１号,上士幌町・士幌町境,本別士幌線,1632,0,5.1,河東郡士幌町字士幌,2721,河東郡士幌町字士幌,2785,5506,1.2,0.5,62,62.2,10.75,60
1302410270,一般国道２４１号,本別士幌線,笹川士幌線,1632,0,2.7,河東郡士幌町字士幌,2721,河東郡士幌町字士幌,2785,5506,1.2,0.5,54.9,55.9,10.75,60
1302410275,一般国道２４１号,笹川士幌線,一般国道２７４号,1632,0,0.8,河東郡士幌町字士幌,2721,河東郡士幌町字士幌,2785,5506,1.2,0.5,43.2,41.3,10.75,60
1302410280,一般国道２４１号,一般国道２７４号,笹川士幌線,1632,0,5.2,河東郡士幌町字中士幌,3801,河東郡士幌町字中士幌,3846,7647,1.22,0.86,57.9,59.7,10.75,60
1302410290,一般国道２４１号,笹川士幌線,中士幌停車場線,1632,0,0.3,河東郡士幌町字中士幌,3801,河東郡士幌町字中士幌,3846,7647,1.22,0.86,35.5,33.5,10.75,60
1302410300,一般国道２４１号,中士幌停車場線,士幌町・音更町境,1632,0,1.2,河東郡士幌町字中士幌,3801,河東郡士幌町字中士幌,3846,7647,1.22,0.86,46.8,52.1,10.75,60
1302410310,一般国道２４１号,士幌町・音更町境,音更池田線,1631,0,5.7,河東郡士幌町字中士幌,3801,河東郡士幌町字中士幌,3846,7647,1.22,0.43,64.3,62.4,28,60
1302410320,一般国道２４１号,音更池田線,一般国道２４１号,1631,0,3,河東郡士幌町字中士幌,3801,河東郡士幌町字中士幌,3846,7647,1.22,0.43,63,56.6,28,60
1302410330,一般国道２４１号,一般国道２４１号,音更新得線,1631,0,1.6,河東郡音更町共和橋,2708,河東郡音更町共和橋,2725,5433,1.26,0.34,60.1,54.1,28,60
1302410340,一般国道２４１号,音更新得線,道東自動車道,1631,0,3.5,河東郡音更町共栄,4400,河東郡音更町共栄,4577,8977,1.24,0.38,51.4,52,28,60
1302410345,一般国道２４１号,道東自動車道,上士幌士幌音更線,1631,0,0.2,河東郡音更町共栄,4400,河東郡音更町共栄,4577,8977,1.24,0.38,24.8,20.9,28,60
1302410350,一般国道２４１号,上士幌士幌音更線,帯広新得線,1631,0,4.1,河東郡音更町共栄,4400,河東郡音更町共栄,4577,8977,1.24,0.38,54.8,52.9,28,60
1302410360,一般国道２４１号,帯広新得線,音更町・帯広市境,1631,0,1.6,河東郡音更町然別（平原大橋）,7442,河東郡音更町然別（平原大橋）,7563,15005,1.25,0.28,26.5,52.2,28,60
1302410370,一般国道２４１号,音更町・帯広市境,一般国道３８号,1207,0,1.3,河東郡音更町然別（平原大橋）,7442,河東郡音更町然別（平原大橋）,7563,15005,1.25,0.81,27.8,23.5,50,60
1302410390,一般国道２４１号,一般国道２４１号,音更新得線,1631,0,3.2,河東郡音更町字下音更橋,2855,河東郡音更町字下音更橋,2651,5506,1.22,0.56,36.3,39.3,17,50
1302410400,一般国道２４１号,音更新得線,帯広浦幌線,1631,0,3.4,河東郡音更町住吉,4883,河東郡音更町住吉,4624,9507,1.25,0.76,27.1,27,17,50
1302410410,一般国道２４１号,帯広浦幌線,帯広浦幌線,1631,0,1.1,河東郡音更町木野,14875,河東郡音更町木野,15177,30052,1.27,1.41,25.4,25.7,16,40
1302410420,一般国道２４１号,帯広浦幌線,上士幌士幌音更線,1631,0,0.6,河東郡音更町木野,14875,河東郡音更町木野,15177,30052,1.27,1.41,27.5,18.1,16,40
1302410430,一般国道２４１号,上士幌士幌音更線,音更町・帯広市境,1631,0,0.9,河東郡音更町木野,14875,河東郡音更町木野,15177,30052,1.27,1.41,16.1,25,16,40
1302410440,一般国道２４１号,音更町・帯広市境,一般国道３８号,1207,0,0.4,河東郡音更町木野,14875,河東郡音更町木野,15177,30052,1.27,0.75,12.3,17.6,25,50
1302420010,一般国道２４２号,一般国道２３８号,緑蔭中湧別停車場線,1559,0,1.3,紋別郡湧別町北兵村一区（屯田市街地）,2836,紋別郡湧別町北兵村一区（屯田市街地）,2877,5713,1.17,0.63,26.6,31.1,27.28,50
1302420020,一般国道２４２号,緑蔭中湧別停車場線,上湧別停車場線,1559,0,4.7,紋別郡湧別町北兵村一区（屯田市街地）,2836,紋別郡湧別町北兵村一区（屯田市街地）,2877,5713,1.17,0.54,43.1,47.6,14.75,60
1302420030,一般国道２４２号,上湧別停車場線,上社名淵上湧別線,1559,0,0.1,紋別郡湧別町北兵村一区（屯田市街地）,2836,紋別郡湧別町北兵村一区（屯田市街地）,2877,5713,1.17,0.54,39.3,34.2,14.75,60
1302420040,一般国道２４２号,上社名淵上湧別線,湧別町・遠軽町境,1559,0,6.9,紋別郡湧別町北兵村一区（屯田市街地）,2836,紋別郡湧別町北兵村一区（屯田市街地）,2877,5713,1.17,0.54,57.9,58.9,14.75,60
1302420050,一般国道２４２号,湧別町・遠軽町境,遠軽雄武線,1555,0,2,紋別郡湧別町北兵村一区（屯田市街地）,2836,紋別郡湧別町北兵村一区（屯田市街地）,2877,5713,1.17,0.51,56.6,51.3,12.8,50
1302420060,一般国道２４２号,遠軽雄武線,遠軽芭露線,1555,0,2,紋別郡遠軽町大通北1丁目,5600,紋別郡遠軽町大通北1丁目,5461,11061,1.17,1.02,25.3,24.5,18.5,40
1302420065,一般国道２４２号,遠軽芭露線,,1555,0,0.7,紋別郡遠軽町大通北1丁目,5600,紋別郡遠軽町大通北1丁目,5461,11061,1.17,1.02,21.2,23.6,18.5,40
1302420070,一般国道２４２号,,遠軽安国線,1555,0,0.2,紋別郡遠軽町大通北1丁目,5600,紋別郡遠軽町大通北1丁目,5461,11061,1.17,1.02,18.5,16.9,18.5,40
1302420075,一般国道２４２号,遠軽安国線,,1555,0,1.3,紋別郡遠軽町豊里,2396,紋別郡遠軽町豊里,2493,4889,1.17,0.42,28.5,24.5,17,50
1302420080,一般国道２４２号,,一般国道３３３号,1555,0,2.1,紋別郡遠軽町豊里,2396,紋別郡遠軽町豊里,2493,4889,1.17,0.42,44.5,40.1,17,50
1302420090,一般国道２４２号,一般国道３３３号,一般国道３３３号,1555,0,3.1,紋別郡遠軽町生田原水穂,3980,紋別郡遠軽町生田原水穂,3806,7786,1.2,0.77,46.5,50.2,8,60
1302420100,一般国道２４２号,一般国道３３３号,湯里生田原停車場線,1555,0,9.8,紋別郡遠軽町生田原豊原,1794,紋別郡遠軽町生田原豊原,1588,3382,1.18,0.44,57.9,56.5,8,60
1302420110,一般国道２４２号,湯里生田原停車場線,湯里生田原停車場線,1555,0,1.3,紋別郡遠軽町生田原豊原,1794,紋別郡遠軽町生田原豊原,1588,3382,1.18,0.43,36.2,37.4,16,40
1302420120,一般国道２４２号,湯里生田原停車場線,遠軽町・北見市境,1555,0,11.5,北見市留辺蘂町金華,794,北見市留辺蘂町金華,742,1536,1.15,0.22,66.4,65.5,8.5,60
1302420130,一般国道２４２号,遠軽町・北見市境,一般国道３９号,1208,0,8.5,北見市留辺蘂町金華,794,北見市留辺蘂町金華,742,1536,1.15,0.24,62.5,60,8.5,60
1302420150,一般国道２４２号,一般国道３９号,北見市・置戸町境,1208,0,2.8,常呂郡置戸町秋田,520,常呂郡置戸町秋田,565,1085,1.13,0.21,47.4,47.9,8.5,60
1302420160,一般国道２４２号,北見市・置戸町境,置戸福野北見線,1550,0,2.9,常呂郡置戸町秋田,520,常呂郡置戸町秋田,565,1085,1.13,0.21,62.7,65.5,8.5,60
1302420170,一般国道２４２号,置戸福野北見線,北見置戸線,1550,0,6.2,常呂郡置戸町秋田,520,常呂郡置戸町秋田,565,1085,1.13,0.21,65.3,62.8,8.5,60
1302420180,一般国道２４２号,北見置戸線,置戸訓子府北見線,1550,0,1.8,常呂郡置戸町拓殖　池北峠,162,常呂郡置戸町拓殖　池北峠,124,286,1.17,0.06,56.3,55.8,8.5,60
1302420190,一般国道２４２号,置戸訓子府北見線,春日置戸線,1550,0,2.2,常呂郡置戸町拓殖　池北峠,162,常呂郡置戸町拓殖　池北峠,124,286,1.17,0.06,49.6,44.1,8.5,60
1302420200,一般国道２４２号,春日置戸線,置戸町・陸別町境,1550,0,9,常呂郡置戸町拓殖　池北峠,162,常呂郡置戸町拓殖　池北峠,124,286,1.17,0.08,61,63.1,8.5,60
1302420205,一般国道２４２号,置戸町・陸別町境,十勝オホーツク自動車道,1648,0,5.7,足寄郡陸別町小利別,136,足寄郡陸別町小利別,120,256,1.14,0.05,64.7,47.2,9,60
1302420210,一般国道２４２号,十勝オホーツク自動車道,苫務小利別停車場線,1648,0,0.3,足寄郡陸別町字小利別,735,足寄郡陸別町字小利別,790,1525,1.25,0.28,48.7,49.1,9,60
1302420220,一般国道２４２号,苫務小利別停車場線,北見白糠線,1648,0,0.3,足寄郡陸別町字陸別,1605,足寄郡陸別町字陸別,1588,3193,1.22,0.47,65.2,68.7,9,60
1302420230,一般国道２４２号,北見白糠線,津別陸別線,1648,0,15.7,足寄郡陸別町字陸別,1605,足寄郡陸別町字陸別,1588,3193,1.22,0.47,56.4,60.5,9,60
1302420240,一般国道２４２号,津別陸別線,斗満陸別停車場線,1648,0,1.1,足寄郡陸別町字陸別,1605,足寄郡陸別町字陸別,1588,3193,1.22,0.47,34.3,35.4,9,60
1302420250,一般国道２４２号,斗満陸別停車場線,陸別町・足寄町境,1648,0,2.3,足寄郡陸別町字陸別,1605,足寄郡陸別町字陸別,1588,3193,1.22,0.47,63.6,62.7,9,60
1302420260,一般国道２４２号,陸別町・足寄町境,上斗満大誉地線,1647,0,7.3,足寄郡足寄町字上利別,1554,足寄郡足寄町字上利別,1615,3169,1.22,0.35,64.4,67.8,8.5,60
1302420270,一般国道２４２号,上斗満大誉地線,足寄原野上利別停車場線,1647,0,8.3,足寄郡足寄町字上利別,1554,足寄郡足寄町字上利別,1615,3169,1.22,0.35,66.3,68.3,8.5,60
1302420280,一般国道２４２号,足寄原野上利別停車場線,足寄原野上利別停車場線,1647,0,0.9,足寄郡足寄町字上利別,1554,足寄郡足寄町字上利別,1615,3169,1.22,0.35,65,65.5,8.5,60
1302420290,一般国道２４２号,足寄原野上利別停車場線,清水谷足寄線,1647,0,1.5,足寄郡足寄町字上利別,1554,足寄郡足寄町字上利別,1615,3169,1.22,0.35,65.6,62.7,8.5,60
1302420300,一般国道２４２号,清水谷足寄線,植坂足寄停車場線,1647,0,7.9,足寄郡足寄町字上利別,1554,足寄郡足寄町字上利別,1615,3169,1.22,0.35,66.6,65.7,8.5,60
1302420305,一般国道２４２号,植坂足寄停車場線,植坂足寄停車場線,1647,0,2.9,足寄郡足寄町字上利別,1554,足寄郡足寄町字上利別,1615,3169,1.22,0.35,53,56.2,8.5,60
1302420310,一般国道２４２号,植坂足寄停車場線,一般国道２４１号,1647,0,0.8,足寄郡足寄町下愛冠,2670,足寄郡足寄町下愛冠,2735,5405,1.23,0.49,38.2,34.5,8.5,60
1302420330,一般国道２４２号,一般国道２４１号,道東自動車道,1647,0,2.6,中川郡本別町仙美里元町,1641,中川郡本別町仙美里元町,1630,3271,1.2,0.32,47.2,52.2,12.5,60
1302420340,一般国道２４２号,道東自動車道,足寄町・本別町境,1647,0,2.6,中川郡本別町仙美里元町,1641,中川郡本別町仙美里元町,1630,3271,1.2,0.32,64.1,66,12.5,60
1302420350,一般国道２４２号,足寄町・本別町境,本別留辺蕊線,1646,0,7.8,中川郡本別町仙美里元町,1641,中川郡本別町仙美里元町,1630,3271,1.2,0.34,56.7,58.4,12.25,60
1302420360,一般国道２４２号,本別留辺蕊線,勇足本別停車場線,1646,0,0.5,中川郡本別町仙美里元町,1641,中川郡本別町仙美里元町,1630,3271,1.2,0.34,23.7,25.8,12.25,60
1302420370,一般国道２４２号,勇足本別停車場線,本別本別停車場線,1646,0,0.6,中川郡本別町仙美里元町,1641,中川郡本別町仙美里元町,1630,3271,1.2,0.34,22.9,26.5,12.25,60
1302420380,一般国道２４２号,本別本別停車場線,一般国道２７４号,1646,0,0.6,中川郡本別町仙美里元町,1641,中川郡本別町仙美里元町,1630,3271,1.2,0.34,29,32.1,12.25,60
1302420390,一般国道２４２号,一般国道２７４号,本別インター線,1646,0,2,中川郡本別町共栄,3063,中川郡本別町共栄,3126,6189,1.19,0.57,43.3,41.4,12.25,60
1302420400,一般国道２４２号,本別インター線,本別士幌線,1646,0,5.9,中川郡本別町共栄,3063,中川郡本別町共栄,3126,6189,1.19,0.57,60.5,59.6,12.25,60
1302420410,一般国道２４２号,本別士幌線,勇足池田線,1646,0,0.2,中川郡池田町豊田,3235,中川郡池田町豊田,3206,6441,1.21,0.51,38.2,43.1,12.5,60
1302420420,一般国道２４２号,勇足池田線,本別町・池田町境,1646,0,3.4,中川郡池田町豊田,3235,中川郡池田町豊田,3206,6441,1.21,0.51,64.1,64.7,12.5,60
1302420430,一般国道２４２号,本別町・池田町境,下居辺高島停車場線,1644,0,5.1,中川郡池田町豊田,3235,中川郡池田町豊田,3206,6441,1.21,0.51,66.4,66.4,15.5,60
1302420440,一般国道２４２号,下居辺高島停車場線,下居辺高島停車場線,1644,0,1.6,中川郡池田町豊田,3235,中川郡池田町豊田,3206,6441,1.21,0.51,65.7,65.3,15.5,60
1302420450,一般国道２４２号,下居辺高島停車場線,道東自動車道,1644,0,3.4,中川郡池田町豊田,3235,中川郡池田町豊田,3206,6441,1.21,0.51,62.9,61.9,15.5,60
1302420460,一般国道２４２号,道東自動車道,音更池田線,1644,0,0.4,中川郡池田町豊田,3235,中川郡池田町豊田,3206,6441,1.21,0.51,44,47.3,15.5,60
1302420470,一般国道２４２号,音更池田線,帯広浦幌線,1644,0,7.5,中川郡池田町豊田,3235,中川郡池田町豊田,3206,6441,1.21,0.51,58.7,53.8,15.5,60
1302420480,一般国道２４２号,帯広浦幌線,帯広浦幌線,1644,0,0.4,中川郡池田町千代田,2323,中川郡池田町千代田,2566,4889,1.22,0.45,25,29.8,10.5,60
1302420490,一般国道２４２号,帯広浦幌線,池田町・幕別町境,1644,0,3.3,中川郡池田町千代田,2323,中川郡池田町千代田,2566,4889,1.22,0.45,57.1,58.8,10.5,60
1302420500,一般国道２４２号,池田町・幕別町境,一般国道３８号,1643,0,1.3,中川郡池田町千代田,2323,中川郡池田町千代田,2566,4889,1.22,0.45,56.9,42.5,10.5,60
1302430010,一般国道２４３号,一般国道２４０号,福住女満別線,1543,0,6.5,網走郡美幌町都橋,980,網走郡美幌町都橋,955,1935,1.17,0.28,37,39.9,9,60
1302430020,一般国道２４３号,福住女満別線,東藻琴豊富線,1543,0,2.1,網走郡美幌町都橋,980,網走郡美幌町都橋,955,1935,1.17,0.28,66.6,68,9,60
1302430030,一般国道２４３号,東藻琴豊富線,美幌町・弟子屈町境,1543,0,17.6,網走郡美幌町字古梅（古梅）,597,網走郡美幌町字古梅（古梅）,618,1215,1.14,0.24,69.8,67.7,8.5,60
1302430040,一般国道２４３号,美幌町・弟子屈町境,屈斜路津別線,1665,0,11.3,川上郡弟子屈町字屈斜路,853,川上郡弟子屈町字屈斜路,853,1706,1.16,0.28,61.2,59.8,8.5,60
1302430050,一般国道２４３号,屈斜路津別線,屈斜路摩周湖畔線,1665,0,6.9,川上郡弟子屈町字屈斜路,853,川上郡弟子屈町字屈斜路,853,1706,1.16,0.28,64.6,62.7,8.5,60
1302430060,一般国道２４３号,屈斜路摩周湖畔線,札友内弟子屈停車場線,1665,0,7.9,川上郡弟子屈町札友内,1008,川上郡弟子屈町札友内,1071,2079,1.16,0.26,64.3,66.4,9,60
1302430070,一般国道２４３号,札友内弟子屈停車場線,一般国道３９１号,1665,0,1.2,川上郡弟子屈町札友内,1008,川上郡弟子屈町札友内,1071,2079,1.16,0.26,63.1,62.7,9,60
1302430080,一般国道２４３号,一般国道３９１号,屈斜路摩周湖畔線,1665,0,2.8,川上郡弟子屈町字弟子屈原野,1115,川上郡弟子屈町字弟子屈原野,1144,2259,1.17,0.31,53.4,53.5,9,60
1302430090,一般国道２４３号,屈斜路摩周湖畔線,一般国道２４１号,1665,0,0.8,川上郡弟子屈町摩周,2611,川上郡弟子屈町摩周,2597,5208,1.15,0.39,32.1,27,9,60
1302430100,一般国道２４３号,一般国道２４１号,釧路鶴居弟子屈線,1665,0,1.5,川上郡弟子屈町鈴蘭,2188,川上郡弟子屈町鈴蘭,2001,4189,1.17,0.34,46.5,48.6,12,60
1302430110,一般国道２４３号,釧路鶴居弟子屈線,一般国道３９１号,1665,0,1.3,川上郡弟子屈町鈴蘭,2188,川上郡弟子屈町鈴蘭,2001,4189,1.17,0.34,59.8,60.1,12,60
1302430120,一般国道２４３号,一般国道３９１号,弟子屈町・標茶町境,1665,0,8.6,川上郡弟子屈町字弟子屈,974,川上郡弟子屈町字弟子屈,872,1846,1.15,0.22,70.1,68.7,10.5,60
1302430130,一般国道２４３号,弟子屈町・標茶町境,弟子屈熊牛原野線,1664,0,1.9,川上郡弟子屈町字弟子屈,974,川上郡弟子屈町字弟子屈,872,1846,1.15,0.23,71.4,68.2,10.5,60
1302430140,一般国道２４３号,弟子屈熊牛原野線,養老牛虹別線,1664,0,1.6,川上郡弟子屈町字弟子屈,974,川上郡弟子屈町字弟子屈,872,1846,1.15,0.23,64.4,64.9,10.5,60
1302430150,一般国道２４３号,養老牛虹別線,中標津標茶線,1664,0,4.2,川上郡弟子屈町字弟子屈,974,川上郡弟子屈町字弟子屈,872,1846,1.15,0.23,67.7,68.5,10.5,60
1302430160,一般国道２４３号,中標津標茶線,中標津標茶線,1664,0,1,川上郡標茶町虹別市街,1392,川上郡標茶町虹別市街,1389,2781,1.15,0.3,35.6,30.7,10.5,60
1302430170,一般国道２４３号,中標津標茶線,標茶町・別海町境,1664,0,2.2,川上郡標茶町虹別原野,351,川上郡標茶町虹別原野,348,699,1.15,0.11,50.4,58.5,10.5,60
1302430180,一般国道２４３号,標茶町・別海町境,泉川線,1691,0,3.9,野付郡別海町西春別,814,野付郡別海町西春別,691,1505,1.15,0.22,70.8,63,9,60
1302430190,一般国道２４３号,泉川線,泉川西春別線,1691,0,3.5,野付郡別海町西春別,814,野付郡別海町西春別,691,1505,1.15,0.22,64.8,67.3,9,60
1302430200,一般国道２４３号,泉川西春別線,西春別停車場線,1691,0,0.3,野付郡別海町西春別,814,野付郡別海町西春別,691,1505,1.15,0.22,14.3,9.5,9,60
1302430210,一般国道２４３号,西春別停車場線,西春別春別停車場線,1691,0,4.1,野付郡別海町西春別,814,野付郡別海町西春別,691,1505,1.15,0.22,57.2,57.1,9,60
1302430220,一般国道２４３号,西春別春別停車場線,一般国道２７２号,1691,0,4.4,野付郡別海町西春別,814,野付郡別海町西春別,691,1505,1.15,0.22,61.2,64.1,9,60
1302430230,一般国道２４３号,一般国道２７２号,中西別計根別線,1691,0,10.8,野付郡別海町西春別,814,野付郡別海町西春別,691,1505,1.15,0.22,66.1,67.6,9,60
1302430240,一般国道２４３号,中西別計根別線,上風連中西別線,1691,0,0.1,野付郡別海町西春別,814,野付郡別海町西春別,691,1505,1.15,0.22,25.1,29.6,9,60
1302430250,一般国道２４３号,上風連中西別線,別海厚岸線,1691,0,7.6,野付郡別海町西春別,814,野付郡別海町西春別,691,1505,1.15,0.22,64.4,65.4,9,60
1302430260,一般国道２４３号,別海厚岸線,根室中標津線,1691,0,3.9,野付郡別海町西春別,814,野付郡別海町西春別,691,1505,1.15,0.22,47.1,44.9,9,60
1302430270,一般国道２４３号,根室中標津線,本別海別海停車場線,1691,0,0.1,野付郡別海町別海鶴舞町,1361,野付郡別海町別海鶴舞町,1342,2703,1.14,0.45,18.7,15.4,9,60
1302430280,一般国道２４３号,本別海別海停車場線,本別海別海停車場線,1691,0,0.1,野付郡別海町別海鶴舞町,1361,野付郡別海町別海鶴舞町,1342,2703,1.14,0.45,21.8,16.8,9,60
1302430290,一般国道２４３号,本別海別海停車場線,上風連奥行線,1691,0,12,野付郡別海町別海鶴舞町,1361,野付郡別海町別海鶴舞町,1342,2703,1.14,0.45,59.5,61.7,9,60
1302430300,一般国道２４３号,上風連奥行線,一般国道２４４号,1691,0,0.2,野付郡別海町別海鶴舞町,1361,野付郡別海町別海鶴舞町,1342,2703,1.14,0.45,33.6,26.6,9,60
1302430310,一般国道２４３号,一般国道２４４号,別海町・根室市境,1691,0,4.4,根室市厚床2丁目,924,根室市厚床2丁目,933,1857,1.13,0.26,66.8,67.9,10.3,60
1302430320,一般国道２４３号,別海町・根室市境,一般国道４４号,1223,0,6,根室市厚床2丁目,924,根室市厚床2丁目,933,1857,1.13,0.33,60.2,56.9,8.5,60
1302440010,一般国道２４４号,一般国道３９号,大観山公園線,1211,0,0.1,網走市南6条東1丁目,2485,網走市南6条東1丁目,2232,4717,1.18,0.44,13.4,11.5,18.18,40
1302440020,一般国道２４４号,大観山公園線,中園網走停車場線,1211,0,0.4,網走市南6条東1丁目,2485,網走市南6条東1丁目,2232,4717,1.18,0.44,19,20.9,18.18,40
1302440030,一般国道２４４号,中園網走停車場線,網走川湯線,1211,0,8.2,網走市鱒浦（網走）,5173,網走市鱒浦（網走）,5179,10352,1.18,0.58,49.8,49.6,21,60
1302440040,一般国道２４４号,網走川湯線,明生北浜線,1211,0,3.4,網走市北浜,3652,網走市字北浜,3508,7160,1.18,0.24,54.8,51,26,60
1302440050,一般国道２４４号,明生北浜線,網走市・小清水町境,1211,0,0.2,網走市北浜,3652,網走市字北浜,3508,7160,1.18,0.24,56.8,55.3,26,60
1302440060,一般国道２４４号,網走市・小清水町境,栄浜小清水線,1547,0,7.1,網走市北浜,3652,網走市字北浜,3508,7160,1.18,0.55,64.2,66.3,11.5,60
1302440070,一般国道２４４号,栄浜小清水線,一般国道３９１号,1547,0,4.9,網走市北浜,3652,網走市字北浜,3508,7160,1.18,0.55,58.8,55.3,11.5,60
1302440080,一般国道２４４号,一般国道３９１号,清里止別線,1547,0,3.3,斜里郡小清水町止別（止別）,1636,斜里郡小清水町止別（止別）,1546,3182,1.18,0.35,65.5,63,11.5,60
1302440090,一般国道２４４号,清里止別線,斜里停車場美咲線,1547,0,3.2,斜里郡小清水町止別（止別）,1636,斜里郡小清水町止別（止別）,1546,3182,1.18,0.35,64.3,65.2,11.5,60
1302440100,一般国道２４４号,斜里停車場美咲線,,1545,0,4.9,斜里郡小清水町止別（止別）,1636,斜里郡小清水町止別（止別）,1546,3182,1.18,0.35,66.7,66.7,9,60
1302440110,一般国道２４４号,,一般国道３３４号,1545,0,3.9,斜里郡小清水町止別（止別）,1636,斜里郡小清水町止別（止別）,1546,3182,1.18,0.35,49,46.1,9,60
1302440120,一般国道２４４号,一般国道３３４号,一般国道３３４号,1545,0,1.7,斜里郡斜里町青葉町,3400,斜里郡斜里町青葉町,3465,6865,1.18,0.52,35.7,35.3,10.5,50
1302440130,一般国道２４４号,一般国道３３４号,越川中斜里停車場線,1545,0,6.9,斜里郡斜里町越川,352,斜里郡斜里町越川,334,686,1.18,0.11,60.9,60.1,10.5,60
1302440140,一般国道２４４号,越川中斜里停車場線,斜里町・標津町境,1545,0,15.1,斜里郡斜里町越川,352,斜里郡斜里町越川,334,686,1.18,0.13,67.6,63.5,8.5,60
1302440150,一般国道２４４号,斜里町・標津町境,開陽川北線,1693,0,19.3,標津郡標津町川北,333,標津郡標津町川北,353,686,1.24,0.1,71.2,73.5,9,60
1302440160,一般国道２４４号,開陽川北線,薫別川北線,1693,0,1.7,標津郡標津町川北,333,標津郡標津町川北,353,686,1.24,0.1,70.1,71.2,9,60
1302440170,一般国道２４４号,薫別川北線,川北中標津線,1693,0,2.2,標津郡標津町川北,333,標津郡標津町川北,353,686,1.24,0.1,64.4,59.4,9,60
1302440180,一般国道２４４号,川北中標津線,一般国道３３５号,1693,0,4.6,標津郡標津町忠類,356,標津郡標津町忠類,355,711,1.24,0.09,70,68.7,9.75,60
1302440190,一般国道２４４号,一般国道３３５号,標津停車場線,1693,0,3.8,標津郡標津町伊茶仁,1666,標津郡標津町伊茶仁,1838,3504,1.24,0.32,50.2,49.4,14.5,40
1302440200,一般国道２４４号,標津停車場線,川北茶志骨線,1693,0,0.4,標津郡標津町伊茶仁,1666,標津郡標津町伊茶仁,1838,3504,1.24,0.32,32.1,31.2,14.5,40
1302440210,一般国道２４４号,川北茶志骨線,一般国道２７２号,1693,0,1,標津郡標津町伊茶仁,1666,標津郡標津町伊茶仁,1838,3504,1.24,0.32,21.9,25.4,14.5,40
1302440220,一般国道２４４号,一般国道２７２号,野付風連公園線,1693,0,2.6,野付郡別海町尾岱沼,894,野付郡別海町尾岱沼,949,1843,1.16,0.24,58.9,57.2,15.5,50
1302440230,一般国道２４４号,野付風連公園線,標津町・別海町境,1693,0,4.1,野付郡別海町尾岱沼,894,野付郡別海町尾岱沼,949,1843,1.16,0.24,69.7,65.2,15.5,50
1302440240,一般国道２４４号,標津町・別海町境,尾岱沼港春別停車場線,1691,0,6.4,野付郡別海町尾岱沼,894,野付郡別海町尾岱沼,949,1843,1.16,0.26,55.1,50.9,9,50
1302440250,一般国道２４４号,尾岱沼港春別停車場線,中春別床丹線,1691,0,9.5,野付郡別海町床丹,255,野付郡別海町床丹,285,540,1.09,0.1,58.7,58.2,9,60
1302440260,一般国道２４４号,中春別床丹線,本別海別海停車場線,1691,0,11.3,野付郡別海町床丹,255,野付郡別海町床丹,285,540,1.09,0.1,69.6,65.3,9,60
1302440270,一般国道２４４号,本別海別海停車場線,風蓮湖公園線,1691,0,0.6,野付郡別海町床丹,255,野付郡別海町床丹,285,540,1.09,0.1,56.7,60.4,9,60
1302440280,一般国道２４４号,風蓮湖公園線,一般国道２４３号,1691,0,12.6,野付郡別海町床丹,255,野付郡別海町床丹,285,540,1.09,0.1,70.7,68.3,9,60
1302720005,一般国道２７２号,一般国道４４号,一般国道４４号（釧路外環状道路）,1661,0,0.8,釧路郡釧路町字別保原野,2109,釧路郡釧路町字別保原野,1702,3811,1.22,0.73,39.4,48.5,9,60
1302720010,一般国道２７２号,一般国道４４号（釧路外環状道路）,釧路町・標茶町境,1661,0,5,釧路郡釧路町字上別保原野,2108,釧路郡釧路町字上別保原野,2060,4168,1.2,0.71,65.4,65.6,9,60
1302720020,一般国道２７２号,釧路町・標茶町境,塘路厚岸線,1664,0,3.6,釧路郡釧路町字上別保原野,2108,釧路郡釧路町字上別保原野,2060,4168,1.2,0.42,64.5,66.8,9.6,60
1302720030,一般国道２７２号,塘路厚岸線,厚岸標茶線,1664,0,21.4,釧路郡釧路町字上別保原野,2108,釧路郡釧路町字上別保原野,2060,4168,1.2,0.42,65.8,66,9.6,60
1302720040,一般国道２７２号,厚岸標茶線,標茶町・厚岸町境,1664,0,9.3,川上郡標茶町中チャンベツ原野,1807,川上郡標茶町中チャンベツ原野,1806,3613,1.15,0.61,66.2,65,10,60
1302720050,一般国道２７２号,標茶町・厚岸町境,厚岸町・別海町境,1662,0,5.3,川上郡標茶町中チャンベツ原野,1807,川上郡標茶町中チャンベツ原野,1806,3613,1.15,0.61,66.5,61.2,10.4,60
1302720060,一般国道２７２号,厚岸町・別海町境,一般国道２４３号,1691,0,11.4,野付郡別海町西春別,1729,野付郡別海町西春別,1748,3477,1.16,0.47,69.1,70.3,11,60
1302720070,一般国道２７２号,一般国道２４３号,西春別春別停車場線,1691,0,4.1,野付郡別海町西春別,1729,野付郡別海町西春別,1748,3477,1.16,0.49,68.7,70.2,8.8,60
1302720080,一般国道２７２号,西春別春別停車場線,中西別計根別線,1691,0,3.4,野付郡別海町西春別,1729,野付郡別海町西春別,1748,3477,1.16,0.5,59.9,61.6,8.8,60
1302720090,一般国道２７２号,中西別計根別線,西春別春別停車場線,1691,0,4.5,野付郡別海町西春別,1729,野付郡別海町西春別,1748,3477,1.16,0.5,61.5,62.6,8.8,60
1302720100,一般国道２７２号,西春別春別停車場線,別海町・中標津町境,1691,0,0.6,野付郡別海町西春別,1729,野付郡別海町西春別,1748,3477,1.16,0.5,63.4,66.5,8.8,60
1302720110,一般国道２７２号,別海町・中標津町境,中標津標茶線,1692,0,7.5,野付郡別海町西春別,1729,野付郡別海町西春別,1748,3477,1.16,0.5,61.6,58.7,8,60
1302720120,一般国道２７２号,中標津標茶線,中標津標茶線,1692,0,1.5,標津郡中標津町桜ヶ丘3丁目,6416,標津郡中標津町桜ヶ丘3丁目,6346,12762,1.16,0.88,37.1,39.2,15.5,60
1302720130,一般国道２７２号,中標津標茶線,俣落西５条線,1692,0,1.7,標津郡中標津町桜ヶ丘3丁目,6416,標津郡中標津町桜ヶ丘3丁目,6346,12762,1.16,0.88,31.4,30.2,15.5,60
1302720140,一般国道２７２号,俣落西５条線,根室中標津線,1692,0,0.6,標津郡中標津町桜ヶ丘3丁目,6416,標津郡中標津町桜ヶ丘3丁目,6346,12762,1.16,0.88,21.6,23.6,15.5,60
1302720150,一般国道２７２号,根室中標津線,川北中標津線,1692,0,3.8,標津郡標津町字茶志骨,2123,標津郡標津町字茶志骨,1959,4082,1.16,0.43,39.4,36.5,15.5,60
1302720160,一般国道２７２号,川北中標津線,中春別俵橋線,1692,0,4.9,標津郡標津町字茶志骨,2123,標津郡標津町字茶志骨,1959,4082,1.16,0.43,57.5,60.7,15.5,60
1302720170,一般国道２７２号,中春別俵橋線,中標津町・標津町境,1692,0,1.1,標津郡標津町字茶志骨,2123,標津郡標津町字茶志骨,1959,4082,1.16,0.43,63.2,63,15.5,60
1302720180,一般国道２７２号,中標津町・標津町境,一般国道２４４号,1693,0,8.4,標津郡標津町字茶志骨,2123,標津郡標津町字茶志骨,1959,4082,1.16,0.42,63.7,61.6,12.5,60
1302730010,一般国道２７３号,一般国道２４１号,上士幌音更線,1633,0,1,河東郡上士幌町字上士幌,1039,河東郡上士幌町字上士幌,1049,2088,1.15,0.28,24.2,26.2,12,60
1302730020,一般国道２７３号,上士幌音更線,清水谷足寄線,1633,0,10.2,河東郡上士幌町字上士幌,1039,河東郡上士幌町字上士幌,1049,2088,1.15,0.28,60.1,62,12,60
1302730030,一般国道２７３号,清水谷足寄線,鹿追糠平線,1633,0,12,河東郡上士幌町黒石平,526,河東郡上士幌町黒石平,466,992,1.14,0.17,64.5,64.5,11.75,60
1302730040,一般国道２７３号,鹿追糠平線,上士幌町・上川町境,1633,0,32.2,河東郡上士幌町緑深橋,299,河東郡上士幌町緑深橋,269,568,1.21,0.12,67.3,68.1,9.5,60
1302730050,一般国道２７３号,上士幌町・上川町境,銀泉台線,1457,0,18,上川郡上川町字層雲峡287林班,421,上川郡上川町字層雲峡287林班,476,897,1.18,0.18,63.4,64,11.5,60
1302730060,一般国道２７３号,銀泉台線,一般国道３９号,1457,0,2.2,上川郡上川町字層雲峡287林班,421,上川郡上川町字層雲峡287林班,476,897,1.18,0.18,48,46.7,11.5,60
1302730080,一般国道２７３号,一般国道３９号,一般国道３３３号,1457,0,16.9,上川郡上川町字天幕48番,187,上川郡上川町字天幕48番,160,347,1.31,0.07,57.1,65.4,8.5,60
1302730090,一般国道２７３号,一般国道３３３号,一般国道４５０号（旭川紋別道）,1457,0,0.3,上川郡上川町字天幕48番,187,上川郡上川町字天幕48番,160,347,1.31,0.07,51.7,46.4,8.5,50
1302730100,一般国道２７３号,一般国道４５０号（旭川紋別道）,上川町・滝上町境,1457,0,5.5,紋別郡滝上町第五区,434,紋別郡滝上町第五区,294,728,1.25,0.14,68.5,76.5,8.5,50
1302730110,一般国道２７３号,上川町・滝上町境,シラトリマップ滝ノ上原野線,1560,0,36.3,紋別郡滝上町第五区,360,紋別郡滝上町第五区,412,772,1.29,0.16,68.2,65.6,8.5,60
1302730120,一般国道２７３号,シラトリマップ滝ノ上原野線,士別滝の上線,1560,0,0.6,紋別郡滝上町旭町,1480,紋別郡滝上町旭町,1475,2955,1.17,0.24,26.3,30.5,15.5,50
1302730130,一般国道２７３号,士別滝の上線,遠軽雄武線,1560,0,2.2,紋別郡滝上町旭町,1480,紋別郡滝上町旭町,1475,2955,1.17,0.24,54,53.7,15.5,50
1302730140,一般国道２７３号,遠軽雄武線,上渚滑原野滝ノ上線,1560,0,2,紋別郡滝上町滝下,960,紋別郡滝上町滝下,923,1883,1.19,0.25,64.4,63.7,8.5,60
1302730150,一般国道２７３号,上渚滑原野滝ノ上線,上渚滑原野上渚滑線,1560,0,0.8,紋別郡滝上町滝下,960,紋別郡滝上町滝下,923,1883,1.19,0.25,68.4,66.5,8.5,60
1302730160,一般国道２７３号,上渚滑原野上渚滑線,滝上町・紋別市境,1560,0,5.1,紋別郡滝上町滝下,960,紋別郡滝上町滝下,923,1883,1.19,0.25,68.1,66.8,8.5,60
1302730170,一般国道２７３号,滝上町・紋別市境,丸瀬布上渚滑線,1219,0,5,紋別郡滝上町滝下,960,紋別郡滝上町滝下,923,1883,1.19,0.25,70,65.4,8.5,60
1302730180,一般国道２７３号,丸瀬布上渚滑線,上藻別上渚滑停車場線,1219,0,1.8,紋別郡滝上町滝下,960,紋別郡滝上町滝下,923,1883,1.19,0.25,61.6,59.7,8.5,60
1302730190,一般国道２７３号,上藻別上渚滑停車場線,和訓辺上渚滑線,1219,0,0.1,紋別郡滝上町滝下,960,紋別郡滝上町滝下,923,1883,1.19,0.25,20,25.9,8.5,60
1302730200,一般国道２７３号,和訓辺上渚滑線,上藻別上渚滑停車場線,1219,0,2.6,紋別市上渚滑町8丁目（渚滑）,1488,紋別市上渚滑町8丁目（渚滑）,1506,2994,1.17,0.34,53.4,54.8,8.5,60
1302730210,一般国道２７３号,上藻別上渚滑停車場線,中渚滑紋別停車場線,1219,0,4.9,紋別市上渚滑町8丁目（渚滑）,1488,紋別市上渚滑町8丁目（渚滑）,1506,2994,1.17,0.34,65,61.6,8.5,60
1302730220,一般国道２７３号,中渚滑紋別停車場線,和訓辺渚滑停車場線,1219,0,5.5,紋別市上渚滑町8丁目（渚滑）,1488,紋別市上渚滑町8丁目（渚滑）,1506,2994,1.17,0.34,67.1,65.5,8.5,60
1302730230,一般国道２７３号,和訓辺渚滑停車場線,一般国道２３８号,1219,0,3.4,紋別市上渚滑町8丁目（渚滑）,1488,紋別市上渚滑町8丁目（渚滑）,1506,2994,1.17,0.34,55.2,49.8,8.5,60
1302740005,一般国道２７４号,一般国道５号,札樽自動車道,1103,0,0.5,札幌市東区北34条東2丁目,22862,札幌市東区北34条東2丁目,26574,49436,1.31,1.08,20.4,22.7,32.5,50
1302740010,一般国道２７４号,札樽自動車道,真駒内篠路線,1103,0,0.6,札幌市東区北34条東2丁目,22862,札幌市東区北34条東2丁目,26574,49436,1.31,1.19,21.9,23.3,31,50
1302740020,一般国道２７４号,真駒内篠路線,花畔札幌線,1103,0,2.4,札幌市北区北34条東7丁目,24410,札幌市北区北34条東7丁目,26195,50605,1.31,1.53,37.3,28.7,31,50
1302740030,一般国道２７４号,花畔札幌線,札幌当別線,1103,0,0.2,札幌市北区北34条東7丁目,24410,札幌市北区北34条東7丁目,26195,50605,1.31,1.53,34,26.1,31,50
1302740040,一般国道２７４号,札幌当別線,札樽自動車道,1103,0,0.1,札幌市北区北34条東7丁目,24410,札幌市北区北34条東7丁目,26195,50605,1.31,1.53,22,31.6,31,50
1302740050,一般国道２７４号,札樽自動車道,,1103,0,2.2,札幌市北区北34条東7丁目,24410,札幌市北区北34条東7丁目,26195,50605,1.31,1.53,34,21.9,31,50
1302740060,一般国道２７４号,,札樽自動車道,1103,0,0.1,札幌市北区北34条東7丁目,24410,札幌市北区北34条東7丁目,26195,50605,1.31,1.53,30.8,12.5,31,50
1302740070,一般国道２７４号,札樽自動車道,札幌市東区・札幌市白石区境,1103,0,0.4,札幌市東区東雁来町,25852,札幌市東区東雁来町,26579,52431,1.31,1.58,18.3,23,31,50
1302740080,一般国道２７４号,札幌市東区・札幌市白石区境,道央自動車道,1104,0,1,札幌市東区東雁来町,25852,札幌市東区東雁来町,26579,52431,1.31,1.68,19,19.7,25,50
1302740090,一般国道２７４号,道央自動車道,道央自動車道,1104,0,2,札幌市白石区米里2条2丁目2,22461,札幌市白石区米里2条2丁目2,23584,46045,1.31,1.33,37,35,25,50
1302740100,一般国道２７４号,道央自動車道,厚別東北郷線,1104,0,0.7,札幌市白石区北郷5条6丁目,17904,札幌市白石区北郷5条6丁目,21129,39033,1.31,1.35,45.2,25.7,25,50
1302740110,一般国道２７４号,厚別東北郷線,大麻東雁来線,1104,0,0.7,札幌市白石区北郷5条6丁目,17904,札幌市白石区北郷5条6丁目,21129,39033,1.31,1.35,32.5,18.3,25,50
1302740120,一般国道２７４号,大麻東雁来線,道央自動車道,1104,0,1.4,札幌市白石区北郷5条6丁目,17904,札幌市白石区北郷5条6丁目,21129,39033,1.31,1.35,22.6,13.1,25,50
1302740130,一般国道２７４号,道央自動車道,札幌市白石区・札幌市厚別区境,1104,0,1.5,札幌市白石区本通20丁目北,15040,札幌市白石区本通20丁目北,14170,29210,1.31,1.01,18.6,19.1,25,50
1302740140,一般国道２７４号,札幌市白石区・札幌市厚別区境,一般国道１２号,1108,0,0.1,札幌市厚別区大谷地東1,18099,札幌市厚別区大谷地東1,14735,32834,1.36,1.04,57.5,60.8,31.5,50
1302740150,一般国道２７４号,一般国道１２号,札幌夕張線,1108,0,0.1,札幌市厚別区大谷地東1,18099,札幌市厚別区大谷地東1,14735,32834,1.36,1.04,60.8,60.9,31.5,50
1302740160,一般国道２７４号,札幌夕張線,真駒内御料札幌線,1108,0,0.7,札幌市厚別区大谷地東1,18099,札幌市厚別区大谷地東1,14735,32834,1.36,1.04,44.4,39,31.5,50
1302740170,一般国道２７４号,真駒内御料札幌線,札幌夕張線,1108,0,0.7,札幌市厚別区大谷地,8832,札幌市厚別区大谷地,9155,17987,1.31,0.55,44.6,28.9,31.5,60
1302740180,一般国道２７４号,札幌夕張線,厚別平岡線,1108,0,0.6,札幌市厚別区厚別南7丁目25番地,14033,札幌市厚別区厚別南7丁目25番地,13922,27955,1.27,1.12,25.2,16.1,48,50
1302740190,一般国道２７４号,厚別平岡線,札幌市厚別区・北広島市境,1108,0,1.3,札幌市厚別区厚別南7丁目25番地,14033,札幌市厚別区厚別南7丁目25番地,13922,27955,1.27,1.12,17.5,26.2,29,50
1302740200,一般国道２７４号,札幌市厚別区・北広島市境,江別恵庭線,1234,0,6.8,北広島市西の里東4丁目,13865,北広島市西の里東4丁目,12157,26022,1.29,0.95,42.1,34.7,28,60
1302740210,一般国道２７４号,江別恵庭線,北広島市・長沼町境,1234,0,2,北広島市共栄,8403,北広島市共栄,7428,15831,1.31,0.56,39.5,42.4,28,60
1302740220,一般国道２７４号,北広島市・長沼町境,札幌夕張線,1428,0,0.2,夕張郡長沼町西12線南6,8244,夕張郡長沼町西12線南6,7346,15590,1.29,0.58,35.7,32.3,30,50
1302740230,一般国道２７４号,札幌夕張線,一般国道３３７号,1428,0,7.5,夕張郡長沼町東2線南,4299,夕張郡長沼町東2線南,3910,8209,1.29,1.14,57,55.8,12,60
1302740240,一般国道２７４号,一般国道３３７号,,1428,0,3.9,夕張郡長沼町東2線南,4299,夕張郡長沼町東2線南,3910,8209,1.29,1.14,48.8,47.1,12,60
1302740245,一般国道２７４号,,一般国道３３７号,1428,0,0.1,夕張郡長沼町東10線南,2503,夕張郡長沼町東10線南,2102,4605,1.24,0.57,31.6,20.7,12,60
1302740250,一般国道２７４号,一般国道３３７号,長沼町・千歳市境,1428,0,3.4,夕張郡長沼町東10線南,2503,夕張郡長沼町東10線南,2102,4605,1.24,0.57,58.7,58.2,12,60
1302740260,一般国道２７４号,長沼町・千歳市境,千歳市・由仁町境,1224,0,1.3,千歳市新川,2470,千歳市新川,2138,4608,1.29,0.59,62.8,64.3,9,60
1302740270,一般国道２７４号,千歳市・由仁町境,一般国道２３４号,1427,0,2.9,夕張郡由仁町西三川308-6,2230,夕張郡由仁町西三川308-6,2112,4342,1.31,0.64,58,56.2,12,50
1302740275,一般国道２７４号,一般国道２３４号,東三川由仁停車場線,1427,0,1.3,夕張郡由仁町三川緑町31,1605,夕張郡由仁町三川緑町31,1401,3006,1.29,0.43,52.5,55.9,12,50
1302740280,一般国道２７４号,東三川由仁停車場線,東三川由仁停車場線,1427,0,2.3,夕張郡由仁町三川緑町31,1605,夕張郡由仁町三川緑町31,1401,3006,1.29,0.43,62.8,61.9,12,50
1302740290,一般国道２７４号,東三川由仁停車場線,川端追分線,1427,0,5.8,夕張郡由仁町三川緑町31,1605,夕張郡由仁町三川緑町31,1401,3006,1.29,0.43,46.7,48.7,12,50
1302740300,一般国道２７４号,川端追分線,由仁町・栗山町境,1427,0,1.6,夕張郡由仁町河端,2371,夕張郡由仁町河端,2340,4711,1.29,0.77,45.3,51.1,12,50
1302740310,一般国道２７４号,由仁町・栗山町境,滝下由仁停車場線,1429,0,0.1,夕張郡由仁町河端,2371,夕張郡由仁町河端,2340,4711,1.29,0.75,64.8,64.7,11.5,50
1302740320,一般国道２７４号,滝下由仁停車場線,栗山町・由仁町境,1429,0,3.4,夕張郡由仁町河端,2371,夕張郡由仁町河端,2340,4711,1.29,0.75,63.7,65.2,11.5,50
1302740330,一般国道２７４号,栗山町・由仁町境,由仁町・栗山町境,1427,0,1.1,夕張郡由仁町河端,2371,夕張郡由仁町河端,2340,4711,1.29,0.75,62.5,62,8.5,50
1302740340,一般国道２７４号,由仁町・栗山町境,栗山町・夕張市境,1429,0,0.8,夕張郡由仁町河端,2371,夕張郡由仁町河端,2340,4711,1.29,0.75,63.5,63.3,11.5,50
1302740350,一般国道２７４号,栗山町・夕張市境,夕張厚真線,1209,0,3,夕張郡由仁町河端,2371,夕張郡由仁町河端,2340,4711,1.29,0.77,63,62.6,11.5,50
1302740360,一般国道２７４号,夕張厚真線,道東自動車道,1209,0,4.2,夕張郡由仁町河端,2371,夕張郡由仁町河端,2340,4711,1.29,0.77,60.9,60.7,11.5,50
1302740370,一般国道２７４号,道東自動車道,一般国道４５２号,1209,0,1.8,夕張市紅葉山,1845,夕張市紅葉山,1938,3783,1.29,0.62,41.9,41.3,11.5,50
1302740380,一般国道２７４号,一般国道４５２号,夕張市・むかわ町境,1209,0,8.2,夕張市登川,4624,夕張市登川,4935,9559,1.29,0.76,48.4,50.5,11.5,50
1302740390,一般国道２７４号,夕張市・むかわ町境,穂別鵡川線,1586,0,8.4,勇払郡むかわ町穂別稲里589,1091,勇払郡むかわ町穂別稲里589,1130,2221,1.38,0.43,60.9,64.5,9.5,50
1302740400,一般国道２７４号,穂別鵡川線,むかわ穂別インター線,1586,0,3.5,勇払郡むかわ町穂別稲里589,1091,勇払郡むかわ町穂別稲里589,1130,2221,1.38,0.43,61.6,62.4,9.5,50
1302740410,一般国道２７４号,むかわ穂別インター線,占冠穂別線,1586,0,6.8,勇払郡むかわ町穂別稲里589,1091,勇払郡むかわ町穂別稲里589,1130,2221,1.38,0.43,56.2,64,9.5,50
1302740420,一般国道２７４号,占冠穂別線,占冠穂別線,1586,0,0.1,勇払郡むかわ町穂別稲里589,1091,勇払郡むかわ町穂別稲里589,1130,2221,1.38,0.43,61.2,53.7,9.5,50
1302740430,一般国道２７４号,占冠穂別線,むかわ町・占冠村境,1586,0,10.4,勇払郡むかわ町穂別稲里589,1091,勇払郡むかわ町穂別稲里589,1130,2221,1.38,0.43,62.5,62.3,9.5,50
1302740440,一般国道２７４号,むかわ町・占冠村境,占冠穂別線,1463,0,3.4,勇払郡占冠村ニニウ,865,勇払郡占冠村ニニウ,885,1750,1.38,0.4,69.2,66.3,9.5,50
1302740450,一般国道２７４号,占冠穂別線,占冠村・日高町境,1463,0,3.5,勇払郡占冠村ニニウ,733,勇払郡占冠村ニニウ,741,1474,1.43,0.38,60.9,61.2,9.5,50
1302740460,一般国道２７４号,占冠村・日高町境,一般国道２３７号,1601,0,5.4,沙流郡日高町字日高585-1,830,沙流郡日高町字日高585-1,751,1581,1.42,0.25,53.4,56.8,9.5,50
1302740470,一般国道２７４号,一般国道２３７号,三岩日高線,1601,0,0.9,沙流郡日高町千栄,1476,沙流郡日高町千栄,1345,2821,1.45,0.51,27.9,29.6,22,40
1302740480,一般国道２７４号,三岩日高線,日高町・清水町境,1601,0,35.5,沙流郡日高町千栄,1476,沙流郡日高町千栄,1345,2821,1.45,0.89,59.3,62.3,8.5,60
1302740485,一般国道２７４号,日高町・清水町境,清水大樹線,1636,0,16.3,上川郡清水町石山,1505,上川郡清水町石山,1539,3044,1.39,0.79,58.3,57.5,12,60
1302740490,一般国道２７４号,清水大樹線,道東自動車道,1636,0,0.7,上川郡清水町石山,1505,上川郡清水町石山,1539,3044,1.39,0.79,56.3,55.2,12,60
1302740500,一般国道２７４号,道東自動車道,一般国道３８号,1636,0,3.8,上川郡清水町西清水,1826,上川郡清水町西清水,1855,3681,1.33,0.86,39.9,38.7,14.5,50
1302740520,一般国道２７４号,一般国道３８号,忠別清水線,1636,0,3.5,上川郡清水町上川橋,1316,上川郡清水町上川橋,1307,2623,1.21,0.33,52,57.2,9.75,60
1302740530,一般国道２７４号,忠別清水線,帯広新得線,1636,0,1.6,上川郡清水町上川橋,1316,上川郡清水町上川橋,1307,2623,1.21,0.33,57.3,54,9.75,60
1302740540,一般国道２７４号,帯広新得線,清水町・鹿追町境,1636,0,5.3,上川郡清水町字熊牛,954,上川郡清水町字熊牛,940,1894,1.21,0.37,60.6,62.4,9,60
1302740550,一般国道２７４号,清水町・鹿追町境,音更新得線,1634,0,3,上川郡清水町字熊牛,954,上川郡清水町字熊牛,940,1894,1.21,0.38,53.3,54.5,9.75,60
1302740560,一般国道２７４号,音更新得線,音更新得線,1634,0,1.9,河東郡鹿追町中鹿追,1918,河東郡鹿追町中鹿追,1945,3863,1.22,0.44,31.4,36.7,9.75,60
1302740570,一般国道２７４号,音更新得線,,1634,0,3.6,河東郡鹿追町笹川,782,河東郡鹿追町笹川,842,1624,1.2,0.28,43,43.8,11,60
1302740575,一般国道２７４号,,笹川士幌線,1634,0,2.8,河東郡鹿追町笹川,782,河東郡鹿追町笹川,842,1624,1.2,0.28,57.6,59.9,11,60
1302740580,一般国道２７４号,笹川士幌線,鹿追糠平線,1634,0,1.7,河東郡鹿追町笹川,782,河東郡鹿追町笹川,842,1624,1.2,0.28,62.6,56.5,11,60
1302740590,一般国道２７４号,鹿追糠平線,屈足鹿追線,1634,0,3.8,河東郡鹿追町瓜幕,789,河東郡鹿追町瓜幕,722,1511,1.17,0.27,51.6,50.3,11,60
1302740600,一般国道２７４号,屈足鹿追線,東瓜幕芽室線,1634,0,6.6,河東郡鹿追町瓜幕,789,河東郡鹿追町瓜幕,722,1511,1.17,0.27,65.4,67.2,11,60
1302740610,一般国道２７４号,東瓜幕芽室線,鹿追町・士幌町境,1634,0,1.6,河東郡士幌町吉野,1032,河東郡士幌町吉野,1001,2033,1.2,0.35,64.5,68.5,11,60
1302740620,一般国道２７４号,鹿追町・士幌町境,上士幌士幌音更線,1632,0,5.1,河東郡士幌町吉野,1032,河東郡士幌町吉野,1001,2033,1.2,0.35,66.4,69.2,11,60
1302740630,一般国道２７４号,上士幌士幌音更線,本別士幌線,1632,0,1.6,河東郡士幌町吉野,1032,河東郡士幌町吉野,1001,2033,1.2,0.35,65.1,65.6,11,60
1302740870,一般国道２７４号,本別士幌線,一般国道２４１号,1632,0,2.7,河東郡士幌町字士幌幹西1線,992,河東郡士幌町字士幌幹西1線,984,1976,1.21,0.33,45.7,40.5,11.5,60
1302740680,一般国道２７４号,一般国道２４２号,本別町・浦幌町境,1646,0,2.3,中川郡本別町南3,970,中川郡本別町南3,764,1734,1.19,0.23,51,53.2,9.5,50
1302740690,一般国道２７４号,本別町・浦幌町境,本別浦幌線,1649,0,0.4,中川郡本別町南3,970,中川郡本別町南3,764,1734,1.19,0.23,63.8,57.4,9.5,60
1302740700,一般国道２７４号,本別浦幌線,町道栄穂東１４線通,1649,0,4.7,十勝郡浦幌町字川上,100,十勝郡浦幌町字川上,95,195,1.19,0.03,60.4,64.1,9.5,60
1302740710,一般国道２７４号,町道栄穂東１４線通,浦幌町・白糠町境,1649,0,10.6,十勝郡浦幌町字川上,100,十勝郡浦幌町字川上,95,195,1.19,0.03,51.7,59.9,9.5,60
1302740720,一般国道２７４号,浦幌町・白糠町境,一般国道３９２号,1668,0,13.1,白糠郡白糠町上茶路基線,31,白糠郡白糠町上茶路基線,45,76,1.19,0.02,55.7,55.3,8,60
1302740740,一般国道２７４号,雄別釧路線,一般国道２４０号,1206,0,7.1,釧路市阿寒町徹別中央,80,釧路市阿寒町徹別中央,76,156,1.12,0.03,53.6,54.5,9.5,60
1302740750,一般国道２７４号,一般国道２４０号,,1206,0,3.3,釧路市阿寒町東栄,150,釧路市阿寒町東栄,171,321,1.21,0.06,53.5,61.7,9.5,60
1302740760,一般国道２７４号,,徹別原野釧路線,1206,0,2.1,釧路市阿寒町東栄,150,釧路市阿寒町東栄,171,321,1.21,0.06,51,61.6,9.5,60
1302740770,一般国道２７４号,徹別原野釧路線,徹別原野釧路線,1206,0,3.9,釧路市阿寒町東栄,150,釧路市阿寒町東栄,171,321,1.21,0.06,59.8,58.1,9.5,60
1302740780,一般国道２７４号,徹別原野釧路線,釧路市・鶴居村境,1206,0,1.5,阿寒郡鶴居村雪裡原野北23線西,258,阿寒郡鶴居村雪裡原野北23線西,253,511,1.21,0.09,71.3,69,9.5,60
1302740790,一般国道２７４号,釧路市・鶴居村境,幌呂原野鶴居線,1667,0,3.5,阿寒郡鶴居村雪裡原野北23線西,258,阿寒郡鶴居村雪裡原野北23線西,253,511,1.21,0.1,69.9,70.2,8,60
1302740800,一般国道２７４号,幌呂原野鶴居線,阿寒公園鶴居線,1667,0,5,阿寒郡鶴居村雪裡原野北23線西,258,阿寒郡鶴居村雪裡原野北23線西,253,511,1.21,0.1,69.1,69.4,8,60
1302740810,一般国道２７４号,阿寒公園鶴居線,釧路鶴居弟子屈線,1667,0,7.2,阿寒郡鶴居村雪裡原野北23線西,258,阿寒郡鶴居村雪裡原野北23線西,253,511,1.21,0.1,70.1,66,8,60
1302740820,一般国道２７４号,釧路鶴居弟子屈線,鶴居村・標茶町境,1667,0,3.8,阿寒郡鶴居村雪裡原野北24線西,935,阿寒郡鶴居村雪裡原野北24線西,942,1877,1.17,0.75,64,64.2,8,60
1302740830,一般国道２７４号,鶴居村・標茶町境,クチヨロ原野線,1664,0,0.5,阿寒郡鶴居村雪裡原野北24線西,935,阿寒郡鶴居村雪裡原野北24線西,942,1877,1.17,0.76,58,57.4,7.5,60
1302740840,一般国道２７４号,クチヨロ原野線,釧路鶴居弟子屈線,1664,0,6.7,阿寒郡鶴居村雪裡原野北24線西,935,阿寒郡鶴居村雪裡原野北24線西,942,1877,1.17,0.76,57.1,56.8,7.5,60
1302740850,一般国道２７４号,釧路鶴居弟子屈線,一般国道３９１号,1664,0,18,川上郡標茶町標茶,379,川上郡標茶町標茶,376,755,1.17,0.11,58.8,59.1,7.5,60
1302750010,一般国道２７５号,一般国道１２号,札幌市中央区・札幌市東区境,1101,0,0.8,札幌市中央区北1条東13丁目,9533,札幌市中央区北1条東13丁目,10525,20058,1.26,0.79,12.5,32.1,20,50
1302750020,一般国道２７５号,札幌市中央区・札幌市東区境,札幌環状線,1103,0,1.4,札幌市東区苗穂町11丁目,12346,札幌市東区苗穂町11丁目,15479,27825,1.26,1.03,25.8,20.8,25,50
1302750030,一般国道２７５号,札幌環状線,札樽自動車道,1103,0,1.7,札幌市東区東苗穂2条3丁目,12465,札幌市東区東苗穂2条3丁目,13578,26043,1.26,1.41,23.1,17.4,25,50
1302750040,一般国道２７５号,札樽自動車道,丘珠空港東線,1103,0,1.1,札幌市東区東雁来8条1丁目,13597,札幌市東区東雁来8条1丁目,12892,26489,1.26,1.44,12.4,21.8,25,50
1302750050,一般国道２７５号,丘珠空港東線,札幌市東区・札幌市白石区境,1103,0,1.2,札幌市東区東雁来9条3丁目,17031,札幌市東区東雁来9条3丁目,18603,35634,1.26,1.56,15.6,24.2,25.5,50
1302750060,一般国道２７５号,札幌市東区・札幌市白石区境,東雁来江別線,1104,0,0.2,札幌市東区東雁来9条3丁目,17031,札幌市東区東雁来9条3丁目,18603,35634,1.26,1.22,20.3,20.4,25.5,50
1302750070,一般国道２７５号,東雁来江別線,札幌市白石区・札幌市東区境,1104,0,0.2,札幌市東区東米里,9602,札幌市東区東米里,9512,19114,1.29,0.65,16.6,28.5,25.5,50
1302750080,一般国道２７５号,札幌市白石区・札幌市東区境,札幌市東区・江別市境,1103,0,0.8,札幌市東区東米里,9602,札幌市東区東米里,9512,19114,1.29,0.66,17.9,37.3,25.5,60
1302750090,一般国道２７５号,札幌市東区・江別市境,江別恵庭線,1217,0,2.4,江別市角山,9602,江別市角山,9512,19114,1.29,0.67,52.3,45.4,33,60
1302750100,一般国道２７５号,江別恵庭線,札幌北広島環状線,1217,0,3.6,江別市角山,9602,江別市角山,9512,19114,1.29,0.67,57,58.6,33,60
1302750110,一般国道２７５号,札幌北広島環状線,江別長沼線,1217,0,0.2,江別市角山,9602,江別市角山,9512,19114,1.29,0.67,18.8,20.3,33,60
1302750120,一般国道２７５号,江別長沼線,江別市・当別町境,1217,0,4.5,江別市篠津,8769,江別市篠津,8004,16773,1.33,1.2,50.7,56.8,11.25,50
1302750130,一般国道２７５号,江別市・当別町境,一般国道３３７号,1303,0,1.8,江別市篠津,8769,江別市篠津,8004,16773,1.33,0.61,60,59.1,25.75,60
1302750140,一般国道２７５号,一般国道３３７号,岩見沢石狩線,1303,0,3.2,石狩郡当別町字蕨岱3457-11,4439,石狩郡当別町字蕨岱3457-11,4531,8970,1.33,0.83,46.2,42.2,15,50
1302750150,一般国道２７５号,岩見沢石狩線,当別浜益港線,1303,0,1.1,石狩郡当別町字金沢,4170,石狩郡当別町字金沢,4173,8343,1.33,1.04,24.6,32.5,15,50
1302750160,一般国道２７５号,当別浜益港線,中原金沢線,1303,0,4.8,石狩郡当別町字金沢,4170,石狩郡当別町字金沢,4173,8343,1.33,1.04,57.1,57.7,15,50
1302750170,一般国道２７５号,中原金沢線,新篠津金沢線,1303,0,0.4,石狩郡当別町字金沢,4170,石狩郡当別町字金沢,4173,8343,1.33,1.04,67.9,68.8,15,50
1302750180,一般国道２７５号,新篠津金沢線,当別町・月形町境,1303,0,8.2,石狩郡当別町字金沢,4170,石狩郡当別町字金沢,4173,8343,1.33,1.04,60,64.4,15,50
1302750190,一般国道２７５号,当別町・月形町境,月形幌向線,1430,0,4,樺戸郡月形町月ヶ岡1538,3126,樺戸郡月形町月ヶ岡1538,3112,6238,1.35,0.52,57.4,60.6,12.5,60
1302750200,一般国道２７５号,月形幌向線,月形厚田線,1430,0,0.7,樺戸郡月形町月ヶ岡1538,3126,樺戸郡月形町月ヶ岡1538,3112,6238,1.35,0.52,46.8,50.7,12.5,60
1302750210,一般国道２７５号,月形厚田線,石狩月形停車場線,1430,0,1.8,樺戸郡月形町月ヶ岡1538,3126,樺戸郡月形町月ヶ岡1538,3112,6238,1.35,0.55,49.7,49.8,18,40
1302750220,一般国道２７５号,石狩月形停車場線,岩見沢月形線,1430,0,0.3,樺戸郡月形町月ヶ岡1538,3126,樺戸郡月形町月ヶ岡1538,3112,6238,1.35,0.55,28.6,29.3,18,40
1302750230,一般国道２７５号,岩見沢月形線,月形町・浦臼町境,1430,0,9.4,樺戸郡浦臼町浦臼内127番地,4095,樺戸郡浦臼町浦臼内127番地,4055,8150,1.28,0.71,57.6,58.3,10.5,50
1302750240,一般国道２７５号,月形町・浦臼町境,美唄浦臼線,1431,0,1.7,樺戸郡浦臼町浦臼内127番地,4095,樺戸郡浦臼町浦臼内127番地,4055,8150,1.28,0.72,64.7,60.5,11.5,60
1302750250,一般国道２７５号,美唄浦臼線,浦臼停車場線,1431,0,4.9,樺戸郡浦臼町浦臼内127番地,4095,樺戸郡浦臼町浦臼内127番地,4055,8150,1.28,0.72,61.6,59.5,11.5,60
1302750260,一般国道２７５号,浦臼停車場線,奈井江浦臼線,1431,0,1.3,樺戸郡浦臼町浦臼内127番地,4095,樺戸郡浦臼町浦臼内127番地,4055,8150,1.28,0.89,46.8,46.8,10.25,40
1302750270,一般国道２７５号,奈井江浦臼線,浦臼町・新十津川町境,1431,0,4,樺戸郡浦臼町浦臼内127番地,4095,樺戸郡浦臼町浦臼内127番地,4055,8150,1.28,0.73,54.4,54.3,9.75,50
1302750280,一般国道２７５号,浦臼町・新十津川町境,砂川新十津川線,1432,0,4.2,樺戸郡浦臼町浦臼内127番地,4095,樺戸郡浦臼町浦臼内127番地,4055,8150,1.28,0.71,54,51.3,11,60
1302750290,一般国道２７５号,砂川新十津川線,一般国道４５１号,1432,0,4,樺戸郡浦臼町浦臼内127番地,4095,樺戸郡浦臼町浦臼内127番地,4055,8150,1.28,0.71,51,50.2,11,60
1302750300,一般国道２７５号,一般国道４５１号,学園新十津川停車場線,1432,0,1.3,樺戸郡新十津川町中央,4897,樺戸郡新十津川町中央,4237,9134,1.33,0.97,32.4,30.6,20.73,40
1302750310,一般国道２７５号,学園新十津川停車場線,一般国道４５１号,1432,0,1.4,樺戸郡新十津川町字中央,3499,樺戸郡新十津川町字中央,4020,7519,1.19,0.67,30.1,31.9,10.5,50
1302750320,一般国道２７５号,一般国道４５１号,一般国道４５１号,1432,0,1.2,樺戸郡新十津川町字中央54-4,2242,樺戸郡新十津川町字中央54-4,2172,4414,1.22,0.42,38.3,48.2,10.5,50
1302750330,一般国道２７５号,一般国道４５１号,新十津川町・雨竜町境,1432,0,4.9,樺戸郡新十津川町字中央,2352,樺戸郡新十津川町字中央,2252,4604,1.2,0.57,51.5,54.8,10.5,50
1302750340,一般国道２７５号,新十津川町・雨竜町境,江部乙雨竜線,1436,0,4.2,樺戸郡新十津川町字中央,2352,樺戸郡新十津川町字中央,2252,4604,1.2,0.57,56.5,54.3,11,60
1302750350,一般国道２７５号,江部乙雨竜線,暑寒別雨竜停車場線,1436,0,0.1,樺戸郡新十津川町字中央,2352,樺戸郡新十津川町字中央,2252,4604,1.2,0.62,27,31,27.28,50
1302750360,一般国道２７５号,暑寒別雨竜停車場線,深川雨竜線,1436,0,3.3,樺戸郡新十津川町字中央,2352,樺戸郡新十津川町字中央,2252,4604,1.2,0.56,48.4,46.5,12,50
1302750370,一般国道２７５号,深川雨竜線,雨竜町・北竜町境,1436,0,4.8,雨竜郡雨竜町渭の津,1595,雨竜郡雨竜町渭の津,1603,3198,1.27,0.57,53,58.3,12,50
1302750380,一般国道２７５号,雨竜町・北竜町境,増毛稲田線,1437,0,1.1,雨竜郡雨竜町渭の津,1595,雨竜郡雨竜町渭の津,1603,3198,1.27,0.57,46.5,40.9,11,50
1302750390,一般国道２７５号,増毛稲田線,一般国道２３３号,1437,0,4.8,雨竜郡雨竜町渭の津,1595,雨竜郡雨竜町渭の津,1603,3198,1.27,0.57,51.3,49.9,11,50
1302750400,一般国道２７５号,一般国道２３３号,北竜町・沼田町境,1437,0,0.8,雨竜郡北竜町碧水,1300,雨竜郡北竜町碧水,1026,2326,1.33,0.38,43.6,44.1,11,50
1302750410,一般国道２７５号,北竜町・沼田町境,一般国道２３３号（深川留萌道）,1438,0,3.9,雨竜郡北竜町碧水,1300,雨竜郡北竜町碧水,1026,2326,1.33,0.37,57.1,61.5,11.5,60
1302750420,一般国道２７５号,一般国道２３３号（深川留萌道）,奥美葉牛沼田線,1438,0,0.7,雨竜郡沼田町字北竜208-45,694,雨竜郡沼田町字北竜208-45,653,1347,1.17,0.19,50.2,41.2,11.5,60
1302750430,一般国道２７５号,奥美葉牛沼田線,達布石狩沼田停車場線,1438,0,2,雨竜郡沼田町北竜,681,雨竜郡沼田町北竜,710,1391,1.33,0.14,35.1,39.4,10.25,40
1302750440,一般国道２７５号,達布石狩沼田停車場線,恵比島旭町線,1438,0,0.1,雨竜郡沼田町北竜,681,雨竜郡沼田町北竜,710,1391,1.33,0.14,27,15.9,10.25,40
1302750450,一般国道２７５号,恵比島旭町線,沼田妹背牛線,1438,0,0.2,雨竜郡沼田町北竜,681,雨竜郡沼田町北竜,710,1391,1.33,0.14,13,12.6,10.25,40
1302750460,一般国道２７５号,沼田妹背牛線,石狩沼田停車場線,1438,0,0.1,雨竜郡沼田町北竜,681,雨竜郡沼田町北竜,710,1391,1.33,0.14,22.2,17.9,10.25,40
1302750470,一般国道２７５号,石狩沼田停車場線,沼田町・深川市境,1438,0,6.6,雨竜郡沼田町北竜,681,雨竜郡沼田町北竜,710,1391,1.33,0.17,53.9,51.7,11.5,60
1302750480,一般国道２７５号,沼田町・深川市境,旭川多度志線,1228,0,0.7,深川市多度志,591,深川市多度志,622,1213,1.16,0.17,31.8,27.7,8.5,60
1302750490,一般国道２７５号,旭川多度志線,幌内湯内線,1228,0,11,深川市多度志,297,深川市多度志,459,756,1.16,0.12,62.3,63.1,8.5,60
1302750500,一般国道２７５号,幌内湯内線,鷹泊鷹泊停車場線,1228,0,3.1,深川市多度志,297,深川市多度志,459,756,1.16,0.12,68.5,63.2,8.5,60
1302750510,一般国道２７５号,鷹泊鷹泊停車場線,鷹泊鷹泊停車場線,1228,0,0.7,深川市多度志,297,深川市多度志,459,756,1.16,0.1,64.1,45.1,20,50
1302750520,一般国道２７５号,鷹泊鷹泊停車場線,深川市・幌加内町境,1228,0,6.1,深川市多度志,297,深川市多度志,459,756,1.16,0.14,73.2,63.9,9.5,50
1302750530,一般国道２７５号,深川市・幌加内町境,旭川幌加内線,1472,0,7,雨竜郡幌加内町新成生1222-2,408,雨竜郡幌加内町新成生1222-2,344,752,1.18,0.11,66.5,63.2,12,60
1302750540,一般国道２７５号,旭川幌加内線,和寒幌加内線,1472,0,3.3,雨竜郡幌加内町新成生1222-2,408,雨竜郡幌加内町新成生1222-2,344,752,1.18,0.11,61.6,58.9,12,60
1302750550,一般国道２７５号,和寒幌加内線,幌加内停車場線,1472,0,0.4,雨竜郡幌加内町字幌加内1327,803,雨竜郡幌加内町字幌加内1327,768,1571,1.13,0.18,23.1,25.4,20,50
1302750560,一般国道２７５号,幌加内停車場線,小平幌加内線,1472,0,0.1,雨竜郡幌加内町字幌加内1327,803,雨竜郡幌加内町字幌加内1327,768,1571,1.13,0.18,23.5,43.8,20,50
1302750570,一般国道２７５号,小平幌加内線,伊文政和線,1472,0,14.3,雨竜郡幌加内町字幌加内1327,803,雨竜郡幌加内町字幌加内1327,768,1571,1.13,0.2,56.9,65.1,8.5,60
1302750580,一般国道２７５号,伊文政和線,一般国道２３９号,1472,0,9.5,雨竜郡幌加内町字政和第三5257-2,223,雨竜郡幌加内町字政和第三5257-2,224,447,1.13,0.07,66.7,67.6,8.5,60
1302750600,一般国道２７５号,一般国道２３９号,蕗の台朱鞠内停車場線,1472,0,9.3,雨竜郡幌加内町北星7993-1,180,雨竜郡幌加内町北星7993-1,229,409,1.15,0.06,62.6,56.3,10.75,60
1302750610,一般国道２７５号,蕗の台朱鞠内停車場線,雨竜旭川線,1472,0,4.2,雨竜郡幌加内町朱鞠内6491-1,180,雨竜郡幌加内町朱鞠内6491-1,153,333,1.15,0.06,60.6,60,11.3,60
1302750620,一般国道２７５号,雨竜旭川線,朱鞠内風連線,1472,0,5.2,雨竜郡幌加内町朱鞠内6491-1,180,雨竜郡幌加内町朱鞠内6491-1,153,333,1.15,0.06,59.7,57.7,11.3,60
1302750630,一般国道２７５号,朱鞠内風連線,名寄遠別線,1472,0,7.4,雨竜郡幌加内町朱鞠内6491-1,180,雨竜郡幌加内町朱鞠内6491-1,153,333,1.15,0.06,57.2,57.5,11.3,60
1302750640,一般国道２７５号,名寄遠別線,幌加内町・美深町境,1472,0,4.6,雨竜郡幌加内町朱鞠内6491-1,180,雨竜郡幌加内町朱鞠内6491-1,153,333,1.15,0.06,61.9,57.5,11.3,60
1302750650,一般国道２７５号,幌加内町・美深町境,智恵文美深線,1469,0,17,中川郡美深町西町25,613,中川郡美深町西町25,591,1204,1.14,0.22,71.4,61.2,8.5,60
1302750660,一般国道２７５号,智恵文美深線,一般国道４０号,1469,0,1.1,中川郡美深町西町25,613,中川郡美深町西町25,591,1204,1.14,0.15,15.2,21.4,9,40
1302750680,一般国道２７５号,一般国道４０号,枝幸音威子府線,1470,0,0.2,中川郡音威子府村字上音威子府168番地,517,中川郡音威子府村字上音威子府168番地,410,927,1.19,0.11,29.3,21.6,11.5,60
1302750690,一般国道２７５号,枝幸音威子府線,音威子府村・中頓別町境,1470,0,11.9,中川郡音威子府村字上音威子府168番地,517,中川郡音威子府村字上音威子府168番地,410,927,1.19,0.12,68,66.6,9,60
1302750700,一般国道２７５号,音威子府村・中頓別町境,小頓別停車場線,1513,0,2.2,枝幸郡中頓別町敏音知周麿橋,576,枝幸郡中頓別町敏音知周麿橋,497,1073,1.19,0.19,64.6,66.1,8,60
1302750710,一般国道２７５号,小頓別停車場線,枝幸音威子府線,1513,0,0.5,枝幸郡中頓別町敏音知周麿橋,576,枝幸郡中頓別町敏音知周麿橋,497,1073,1.19,0.19,52.4,61.6,8,60
1302750720,一般国道２７５号,枝幸音威子府線,兵安上頓別停車場線,1513,0,4.7,枝幸郡中頓別町敏音知周麿橋,576,枝幸郡中頓別町敏音知周麿橋,497,1073,1.19,0.19,68.2,67.7,8,60
1302750730,一般国道２７５号,兵安上頓別停車場線,兵安上頓別停車場線,1513,0,0.9,枝幸郡中頓別町敏音知周麿橋,576,枝幸郡中頓別町敏音知周麿橋,497,1073,1.19,0.19,65.7,64,8,60
1302750740,一般国道２７５号,兵安上頓別停車場線,豊富中頓別線,1513,0,15.8,枝幸郡中頓別町敏音知周麿橋,576,枝幸郡中頓別町敏音知周麿橋,497,1073,1.19,0.18,66.1,64.5,12,60
1302750750,一般国道２７５号,豊富中頓別線,美深中頓別線,1513,0,4.2,枝幸郡中頓別町敏音知周麿橋,576,枝幸郡中頓別町敏音知周麿橋,497,1073,1.19,0.18,53.8,58.9,12,60
1302750760,一般国道２７５号,美深中頓別線,中頓別停車場線,1513,0,0.1,枝幸郡中頓別町旭台和泉橋,906,枝幸郡中頓別町旭台和泉橋,803,1709,1.2,0.25,31.6,32.1,12,60
1302750770,一般国道２７５号,中頓別停車場線,中頓別町・浜頓別町境,1513,0,6.1,枝幸郡中頓別町旭台和泉橋,906,枝幸郡中頓別町旭台和泉橋,803,1709,1.2,0.25,62.2,63.7,12,60
1302750780,一般国道２７５号,中頓別町・浜頓別町境,豊牛下頓別停車場線,1512,0,2.6,枝幸郡中頓別町旭台和泉橋,906,枝幸郡中頓別町旭台和泉橋,803,1709,1.2,0.25,65.4,68.2,11.5,60
1302750790,一般国道２７５号,豊牛下頓別停車場線,豊富浜頓別線,1512,0,10.9,枝幸郡浜頓別町中央北ラウンドアバウト,935,枝幸郡浜頓別町中央北ラウンドアバウト,926,1861,1.2,0.21,56.6,54,9,60
1302750800,一般国道２７５号,豊富浜頓別線,一般国道２３８号,1512,0,0.5,枝幸郡浜頓別町中央北ラウンドアバウト,935,枝幸郡浜頓別町中央北ラウンドアバウト,926,1861,1.2,0.21,15.1,16.3,9,60
1302760310,一般国道２７６号,一般国道２２９号,発足前田線,1401,0,3.4,岩内郡共和町南幌似,1742,岩内郡共和町南幌似,1613,3355,1.26,0.33,65.2,62.6,14,60
1302760320,一般国道２７６号,発足前田線,蕨岱国富停車場線,1401,0,3,岩内郡共和町南幌似,1742,岩内郡共和町南幌似,1613,3355,1.26,0.33,67,70.1,14,60
1302760330,一般国道２７６号,蕨岱国富停車場線,,1401,0,0.4,岩内郡共和町南幌似,1742,岩内郡共和町南幌似,1613,3355,1.26,0.33,57.7,60.2,14,60
1302760340,一般国道２７６号,,一般国道２７６号,1401,0,0.5,岩内郡共和町南幌似,1742,岩内郡共和町南幌似,1613,3355,1.26,0.33,45.7,44.3,14,60
1302760350,一般国道２７６号,一般国道２７６号,,1401,0,0.5,岩内郡共和町幌似,4964,岩内郡共和町幌似,4643,9607,1.22,0.72,41.1,47.6,9.5,60
1302760360,一般国道２７６号,,蕨岱国富停車場線,1401,0,2,岩内郡共和町幌似,4964,岩内郡共和町幌似,4643,9607,1.22,0.89,56.9,56.2,11,50
1302760060,一般国道２７６号,蕨岱国富停車場線,一般国道５号,1401,0,0.5,岩内郡共和町幌似,4964,岩内郡共和町幌似,4643,9607,1.22,1.37,34,26.1,11,50
1302760080,一般国道２７６号,一般国道５号,一般国道３９３号,1400,0,1.7,虻田郡倶知安町北4条東6丁目,2177,虻田郡倶知安町北4条東6丁目,1989,4166,1.19,0.45,25.6,28.3,20,50
1302760090,一般国道２７６号,一般国道３９３号,倶知安町・京極町境,1400,0,6.5,虻田郡倶知安町字寒別253,1500,虻田郡倶知安町字寒別253,1496,2996,1.17,0.26,55.4,58.5,10,50
1302760100,一般国道２７６号,倶知安町・京極町境,京極定山渓線,1399,0,3.8,虻田郡倶知安町字寒別253,1500,虻田郡倶知安町字寒別253,1496,2996,1.17,0.26,60.6,59.8,8.5,60
1302760110,一般国道２７６号,京極定山渓線,京極倶知安線,1399,0,2.1,虻田郡倶知安町字寒別253,1500,虻田郡倶知安町字寒別253,1496,2996,1.17,0.26,50,50.1,8.5,60
1302760120,一般国道２７６号,京極倶知安線,豊浦京極線,1399,0,0.2,虻田郡倶知安町字寒別253,1500,虻田郡倶知安町字寒別253,1496,2996,1.17,0.26,15.3,14.1,8.5,60
1302760130,一般国道２７６号,豊浦京極線,京極町・喜茂別町境,1399,0,5.2,虻田郡喜茂別町字留産,1197,虻田郡喜茂別町字留産,1270,2467,1.2,0.23,54.4,54,8.5,60
1302760140,一般国道２７６号,京極町・喜茂別町境,留寿都喜茂別線,1398,0,0.9,虻田郡喜茂別町字留産,1197,虻田郡喜茂別町字留産,1270,2467,1.2,0.23,54,55.6,8.5,60
1302760150,一般国道２７６号,留寿都喜茂別線,留寿都喜茂別線,1398,0,0.6,虻田郡喜茂別町字留産,1197,虻田郡喜茂別町字留産,1270,2467,1.2,0.23,47,49.2,8.5,60
1302760160,一般国道２７６号,留寿都喜茂別線,一般国道２３０号,1398,0,4.3,虻田郡喜茂別町字留産,1197,虻田郡喜茂別町字留産,1270,2467,1.2,0.23,63.5,62.9,8.5,60
1302760180,一般国道２７６号,一般国道２３０号,清原喜茂別線,1398,0,3.5,虻田郡喜茂別町尻別,1306,虻田郡喜茂別町尻別,1462,2768,1.2,0.29,54.7,62.7,11.25,60
1302760190,一般国道２７６号,清原喜茂別線,喜茂別町・伊達市境,1398,0,8,虻田郡喜茂別町尻別,1306,虻田郡喜茂別町尻別,1462,2768,1.2,0.29,65.6,66,11.25,60
1302760200,一般国道２７６号,喜茂別町・伊達市境,清原喜茂別線,1233,0,3.5,伊達市大滝区清陵,1037,伊達市大滝区清陵,1043,2080,1.17,0.5,60.3,59.6,8.5,50
1302760210,一般国道２７６号,清原喜茂別線,一般国道４５３号,1233,0,4.1,伊達市大滝区清陵,1037,伊達市大滝区清陵,1043,2080,1.17,0.5,57.5,56.7,8.5,50
1302760220,一般国道２７６号,一般国道４５３号,伊達市・千歳市境,1233,0,7.7,伊達市大滝区三階滝,1347,伊達市大滝区三階滝,1370,2717,1.23,0.55,53,54.8,8.5,50
1302760230,一般国道２７６号,伊達市・千歳市境,支笏湖線,1224,0,8.6,千歳市美笛,1316,千歳市美笛,1721,3037,1.21,0.7,56.1,59.1,12.5,60
1302760240,一般国道２７６号,支笏湖線,樽前錦岡線,1224,0,15.3,千歳市モラップ,1729,千歳市モラップ,1799,3528,1.21,0.68,65.7,63.8,12.5,60
1302760250,一般国道２７６号,樽前錦岡線,千歳市・苫小牧市境,1224,0,0.1,千歳市モラップ,1559,千歳市モラップ,1968,3527,1.21,0.69,51.4,59.4,9.5,50
1302760260,一般国道２７６号,千歳市・苫小牧市境,一般国道４５３号,1213,0,2.6,苫小牧市丸山,1559,苫小牧市丸山,1968,3527,1.21,0.51,58.8,56.6,12.5,50
1302760265,一般国道２７６号,一般国道４５３号,苫小牧中央インター線,1213,0,16.5,苫小牧市丸山303林班,1188,苫小牧市丸山303林班,1104,2292,1.24,0.4,65.6,62.9,12.5,60
1302760270,一般国道２７６号,苫小牧中央インター線,苫小牧環状線,1213,0,1.8,苫小牧市字高丘,3715,苫小牧市字高丘,3787,7502,1.19,0.62,50.4,29.5,12.5,50
1302760280,一般国道２７６号,苫小牧環状線,苫小牧環状線,1213,0,0.4,苫小牧市住吉町2丁目7,8056,苫小牧市住吉町2丁目7,11280,19336,1.24,0.58,19.8,19.6,36,50
1302760290,一般国道２７６号,苫小牧環状線,一般国道３６号,1213,0,1.4,苫小牧市住吉町2丁目7,8056,苫小牧市住吉町2丁目7,11280,19336,1.24,0.58,23.4,19.5,36,50
1302760010,一般国道２７６号,一般国道２２９号,岩内町・共和町境,1402,0,0.9,岩内郡岩内町字東山,2468,岩内郡岩内町字東山,2470,4938,1.18,0.52,25.2,27.1,22,50
1302760020,一般国道２７６号,岩内町・共和町境,学田前田線,1401,0,3.5,岩内郡岩内町字東山,2468,岩内郡岩内町字東山,2470,4938,1.18,0.48,42,43.9,13.25,50
1302760030,一般国道２７６号,学田前田線,発足前田線,1401,0,0.1,岩内郡岩内町字東山,2468,岩内郡岩内町字東山,2470,4938,1.18,0.48,33,33.8,13.25,50
1302760040,一般国道２７６号,発足前田線,,1401,0,4,岩内郡岩内町字東山,2468,岩内郡岩内町字東山,2470,4938,1.18,0.48,53,52.3,13.25,50
1302760370,一般国道２７６号,,一般国道２７６号,1401,0,0.2,岩内郡岩内町字東山,2468,岩内郡岩内町字東山,2470,4938,1.18,0.48,22,17.2,13.25,50
1302770010,一般国道２７７号,一般国道２２９号,八雲北檜山線,1346,0,27.4,二海郡八雲町熊石大谷,325,二海郡八雲町熊石大谷,315,640,1.17,0.09,57.7,58.2,7.5,60
1302770020,一般国道２７７号,八雲北檜山線,道央自動車道,1346,0,3.6,二海郡八雲町立岩288,866,二海郡八雲町立岩288,754,1620,1.15,0.2,64.2,61.2,12,60
1302770030,一般国道２７７号,道央自動車道,花浦内浦線,1346,0,1,二海郡八雲町立岩337,1121,二海郡八雲町立岩337,861,1982,1.15,0.27,41.8,37.7,12,60
1302770040,一般国道２７７号,花浦内浦線,一般国道５号,1346,0,0.5,二海郡八雲町立岩337,1121,二海郡八雲町立岩337,861,1982,1.15,0.27,32.4,17.1,12,60
1302780010,一般国道２７８号,一般国道５号,函館南茅部線,1202,0,0.4,函館市松風町6番10号東,4447,函館市松風町6番10号東,3864,8311,1.27,0.74,16.1,13.3,20.8,40
1302780020,一般国道２７８号,函館南茅部線,函館上磯線,1202,0,5.2,函館市湯川町3丁目7-12,7951,函館市湯川町3丁目7-12,8282,16233,1.17,0.84,32.6,32.1,25,50
1302780030,一般国道２７８号,函館上磯線,函館空港線,1202,0,0.6,函館市高松町190-1,7933,函館市高松町190-1,8369,16302,1.17,0.81,26.9,33.1,25,50
1302780040,一般国道２７８号,函館空港線,米原古川線,1202,0,5.4,函館市高松町224-8,5167,函館市高松町224-8,5144,10311,1.17,0.83,48.5,43.1,11,50
1302780050,一般国道２７８号,米原古川線,蛾眉野原木線,1202,0,18.6,函館市古川町,3199,函館市古川町,2921,6120,1.21,0.48,55.4,55,11,50
1302780060,一般国道２７８号,蛾眉野原木線,函館恵山線,1202,0,2.2,函館市古川町,3199,函館市古川町,2921,6120,1.21,0.48,58.1,57.4,11,50
1302780070,一般国道２７８号,函館恵山線,函館恵山線,1202,0,3.6,函館市古川町,3199,函館市古川町,2921,6120,1.21,0.48,66.5,57.6,11,50
1302780080,一般国道２７８号,函館恵山線,元村恵山線,1202,0,4.4,函館市古部町,506,函館市古部町,501,1007,1.19,0.15,46,49.6,11,50
1302780090,一般国道２７８号,元村恵山線,椴法華港線,1202,0,7.1,函館市古部町,506,函館市古部町,501,1007,1.19,0.16,49.5,56.7,8,60
1302780100,一般国道２７８号,椴法華港線,一般国道２７８号,1202,0,14.5,函館市古部町,506,函館市古部町,501,1007,1.19,0.14,56.2,51,11,60
1302780110,一般国道２７８号,一般国道２７８号,函館南茅部線,1202,0,4.4,函館市豊崎町190,611,函館市豊崎町190,606,1217,1.19,0.17,35.8,36.2,6.5,40
1302780120,一般国道２７８号,函館南茅部線,臼尻豊崎線,1202,0,7.1,函館市豊崎町190,611,函館市豊崎町190,606,1217,1.19,0.17,42.6,39.1,6.5,40
1302780130,一般国道２７８号,臼尻豊崎線,函館市・鹿部町境,1202,0,8.8,函館市大船町,1318,函館市大船町,1365,2683,1.17,0.41,55,55.1,6.5,40
1302780140,一般国道２７８号,函館市・鹿部町境,大沼公園鹿部線,1343,0,1.8,函館市大船町,1318,函館市大船町,1365,2683,1.17,0.36,55.5,58.6,8,60
1302780240,一般国道２７８号,大沼公園鹿部線,,1343,0,1.4,茅部郡鹿部町字鹿部136,874,茅部郡鹿部町字鹿部136,932,1806,1.17,0.24,68.3,63.4,12.5,60
1302780270,一般国道２７８号,,大沼公園鹿部線,1343,0,2.9,茅部郡鹿部町字鹿部136,874,茅部郡鹿部町字鹿部136,932,1806,1.17,0.24,53.8,54.1,12.5,60
1302780280,一般国道２７８号,大沼公園鹿部線,大沼公園鹿部線,1343,0,2.7,茅部郡鹿部町宮浜,895,茅部郡鹿部町宮浜,803,1698,1.17,0.24,59.4,63.9,12.5,60
1302780160,一般国道２７８号,大沼公園鹿部線,鹿部停車場線,1343,0,0.9,茅部郡森町砂原,1191,茅部郡森町砂原,1215,2406,1.17,0.29,64.1,59.2,11,60
1302780170,一般国道２７８号,鹿部停車場線,鹿部町・森町境,1343,0,3.8,茅部郡森町砂原,1191,茅部郡森町砂原,1215,2406,1.17,0.3,65.5,64.7,8,60
1302780180,一般国道２７８号,鹿部町・森町境,森砂原線,1345,0,6.6,茅部郡森町砂原,1191,茅部郡森町砂原,1215,2406,1.17,0.29,60.1,59.9,12.5,60
1302780190,一般国道２７８号,森砂原線,一般国道５号,1345,0,12.1,茅部郡森町森川町238-1,2354,茅部郡森町森川町238-1,2367,4721,1.19,0.44,49.4,45.6,11,50
1302780210,一般国道２７８号,一般国道２７８号,函館南茅部線,1202,0,4.8,函館市川汲町1371,1318,函館市川汲町1371,1394,2712,1.14,0.27,54.7,54,12.5,60
1302780220,一般国道２７８号,函館南茅部線,,1202,0,1.2,函館市川汲町1650,1414,函館市川汲町1650,1625,3039,1.19,0.4,39.2,35.8,12.5,60
1302780250,一般国道２７８号,,臼尻豊崎線,1202,0,5.8,函館市川汲町1650,1414,函館市川汲町1650,1625,3039,1.19,0.4,68.2,63.3,12.5,60
1302780310,一般国道２７８号（函館新外環状道路）,一般国道５号,赤川函館線,1202,1,2.6,函館市亀田中野町,11823,函館市亀田中野町,12454,24277,1.21,0.45,81.2,80.2,20.5,80
1302780320,一般国道２７８号（函館新外環状道路）,赤川函館線,函館臨空工業団地線,1202,1,4.1,函館市陣川町,8964,函館市陣川町,9021,17985,1.21,1.08,83,87.9,20.5,80
1302780330,一般国道２７８号（函館新外環状道路）,函館臨空工業団地線,函館空港インター線,1202,1,3.2,函館市滝沢町,4684,函館市滝沢町,4493,9177,1.19,0.7,74.4,78.2,12,70
1302790010,一般国道２７９号,一般国道５号,立待岬函館停車場線,1202,0,1.3,函館市大手町13-5,3692,函館市大手町13-5,3295,6987,1.19,0.84,19.8,23.4,26.5,40
1302790020,一般国道２７９号,立待岬函館停車場線,函館漁港線,1202,0,0.4,函館市大手町13-5,3692,函館市大手町13-5,3295,6987,1.19,0.84,18,21.6,26.5,40
1302790030,一般国道２７９号,函館漁港線,,1202,0,0.1,函館市大手町13-5,3692,函館市大手町13-5,3295,6987,1.19,0.84,11.6,7.3,26.5,40
1303330010,一般国道３３３号,一般国道２７３号,上川町・遠軽町境,1457,0,5.3,上川郡上川町字上越75林班,42,上川郡上川町字上越75林班,25,67,1.31,0.01,48.7,54,9.1,50
1303330020,一般国道３３３号,上川町・遠軽町境,町道奥白滝上支湧別線,1555,0,8.9,紋別郡遠軽町国有林　北見峠,39,紋別郡遠軽町国有林　北見峠,27,66,1.1,0.01,62.2,54.9,8,40
1303330030,一般国道３３３号,町道奥白滝上支湧別線,白滝原野白滝停車場線,1555,0,8.8,紋別郡遠軽町奥白滝,105,紋別郡遠軽町奥白滝,93,198,1.1,0.03,62.2,60.4,8.5,60
1303330040,一般国道３３３号,白滝原野白滝停車場線,一般国道４５０号（旭川紋別道）,1555,0,1.4,紋別郡遠軽町下白滝,277,紋別郡遠軽町下白滝,272,549,1.14,0.09,36.3,40.3,13,60
1303330050,一般国道３３３号,一般国道４５０号（旭川紋別道）,丸瀬布インター線,1555,0,16.7,紋別郡遠軽町下白滝,277,紋別郡遠軽町下白滝,272,549,1.14,0.07,58.8,56.9,8.5,60
1303330060,一般国道３３３号,丸瀬布インター線,丸瀬布上渚滑線,1555,0,1.8,紋別郡遠軽町瀬戸瀬西町（瀬戸瀬）,929,紋別郡遠軽町瀬戸瀬西町（瀬戸瀬）,974,1903,1.16,0.27,33.7,43.9,22,40
1303330070,一般国道３３３号,丸瀬布上渚滑線,紋別丸瀬布線,1555,0,2.3,紋別郡遠軽町瀬戸瀬西町（瀬戸瀬）,929,紋別郡遠軽町瀬戸瀬西町（瀬戸瀬）,974,1903,1.16,0.31,43.8,55,8.5,60
1303330080,一般国道３３３号,紋別丸瀬布線,奥瀬戸瀬瀬戸瀬停車場線,1555,0,5.7,紋別郡遠軽町瀬戸瀬西町（瀬戸瀬）,929,紋別郡遠軽町瀬戸瀬西町（瀬戸瀬）,974,1903,1.16,0.31,62.3,64.8,8.5,60
1303330090,一般国道３３３号,奥瀬戸瀬瀬戸瀬停車場線,奥瀬戸瀬瀬戸瀬停車場線,1555,0,1,紋別郡遠軽町瀬戸瀬西町（瀬戸瀬）,929,紋別郡遠軽町瀬戸瀬西町（瀬戸瀬）,974,1903,1.16,0.31,56.8,49.4,8.5,60
1303330095,一般国道３３３号,奥瀬戸瀬瀬戸瀬停車場線,一般国道４５０号（旭川紋別道）,1555,0,6,紋別郡遠軽町瀬戸瀬西町（瀬戸瀬）,929,紋別郡遠軽町瀬戸瀬西町（瀬戸瀬）,974,1903,1.16,0.31,59,55.8,8.5,60
1303330100,一般国道３３３号,一般国道４５０号（旭川紋別道）,一般国道２４２号,1555,0,0.7,遠軽町豊里,2459,遠軽町豊里,2533,4992,1.23,0.47,40,36.2,8.5,60
1303330120,一般国道３３３号,一般国道２４２号,遠軽安国線,1555,0,1.2,紋別郡遠軽町生田原旭野（旭野）,1981,紋別郡遠軽町生田原旭野（旭野）,2086,4067,1.19,0.48,44.8,57.7,7.5,60
1303330130,一般国道３３３号,遠軽安国線,,1555,0,3.9,紋別郡遠軽町生田原旭野（旭野）,1981,紋別郡遠軽町生田原旭野（旭野）,2086,4067,1.19,0.48,47.5,49.8,7.5,60
1303330140,一般国道３３３号（遠軽北見道路）,,遠軽町・佐呂間町境,1555,1,1.9,紋別郡遠軽町生田原旭野（旭野）,1981,紋別郡遠軽町生田原旭野（旭野）,2086,4067,1.19,0.67,67.4,67.8,11,60
1303330150,一般国道３３３号（遠軽北見道路）,遠軽町・佐呂間町境,,1552,1,1.8,紋別郡遠軽町生田原旭野（旭野）,1981,紋別郡遠軽町生田原旭野（旭野）,2086,4067,1.19,0.69,69.1,69.1,12,60
1303330160,一般国道３３３号,,留辺蕊浜佐呂間線,1552,0,4.7,紋別郡遠軽町生田原旭野（旭野）,1981,紋別郡遠軽町生田原旭野（旭野）,2086,4067,1.19,0.47,62.9,56.9,10,60
1303330170,一般国道３３３号,留辺蕊浜佐呂間線,留辺蕊浜佐呂間線,1552,0,4.4,常呂郡佐呂間町字栄,1832,常呂郡佐呂間町字栄,1945,3777,1.15,0.51,58.4,55.3,10,60
1303330180,一般国道３３３号,留辺蕊浜佐呂間線,佐呂間町・北見市境,1552,0,6.5,常呂郡佐呂間町字中園（ルクシ峠）,3292,常呂郡佐呂間町字中園（ルクシ峠）,3421,6713,1.18,0.67,59.2,65.4,10,60
1303330190,一般国道３３３号,佐呂間町・北見市境,北見常呂線,1208,0,14.5,常呂郡佐呂間町字中園（ルクシ峠）,3292,常呂郡佐呂間町字中園（ルクシ峠）,3421,6713,1.18,0.79,66,63.1,9.5,60
1303330200,一般国道３３３号,北見常呂線,一般国道３９号,1208,0,5.8,北見市端野町二区,1692,北見市端野町二区,1698,3390,1.21,0.54,53,46.1,9.75,60
1303340010,一般国道３３４号,一般国道３３５号,羅臼町・斜里町境,1694,0,17,目梨郡羅臼町湯ノ沢町,622,目梨郡羅臼町湯ノ沢町,561,1183,1.16,0.16,46.2,47.1,9.5,40
1303340020,一般国道３３４号,羅臼町・斜里町境,知床公園線,1545,0,10.4,斜里郡斜里町遠音別村岩尾別,326,斜里郡斜里町遠音別村岩尾別,286,612,1.1,0.07,56.9,58,8,50
1303340030,一般国道３３４号,知床公園線,一般国道２４４号,1545,0,40.4,斜里郡斜里町字峰浜（斜里）,1041,斜里郡斜里町字峰浜（斜里）,1103,2144,1.16,0.29,57.2,56,12.5,60
1303340050,一般国道３３４号,一般国道２４４号,富士川上線,1545,0,5.4,斜里郡斜里町字豊倉,1480,斜里郡斜里町字豊倉,1701,3181,1.16,0.36,43.8,43.2,11.25,50
1303340060,一般国道３３４号,富士川上線,斜里町・清里町境,1545,0,1,斜里郡清里町字上斜里,850,斜里郡清里町字上斜里,821,1671,1.18,0.25,51.1,56.9,11.25,50
1303340070,一般国道３３４号,斜里町・清里町境,清里町・小清水町境,1546,0,4.7,斜里郡清里町字上斜里,850,斜里郡清里町字上斜里,821,1671,1.18,0.26,63.6,63.8,10.75,60
1303340080,一般国道３３４号,清里町・小清水町境,清里止別線,1547,0,2.8,斜里郡清里町字上斜里,850,斜里郡清里町字上斜里,821,1671,1.18,0.26,63.6,63.7,11.25,60
1303340090,一般国道３３４号,清里止別線,一般国道３９１号,1547,0,4.6,網走郡大空町東藻琴明生,1235,網走郡大空町東藻琴明生,1360,2595,1.18,0.4,58.3,58.1,11.25,60
1303340100,一般国道３３４号,一般国道３９１号,小清水女満別線,1547,0,0.5,網走郡大空町東藻琴明生,1235,網走郡大空町東藻琴明生,1360,2595,1.18,0.4,31.2,33.8,11.25,60
1303340110,一般国道３３４号,小清水女満別線,小清水町・網走市境,1547,0,4.7,網走郡大空町東藻琴明生,1235,網走郡大空町東藻琴明生,1360,2595,1.18,0.58,57.7,56.9,7.5,50
1303340120,一般国道３３４号,小清水町・網走市境,栄浜小清水線,1211,0,1.6,網走郡大空町東藻琴明生,1235,網走郡大空町東藻琴明生,1360,2595,1.18,0.55,65.8,59.7,9.5,60
1303340130,一般国道３３４号,栄浜小清水線,網走市・大空町境,1211,0,1.8,網走郡大空町東藻琴明生,1235,網走郡大空町東藻琴明生,1360,2595,1.18,0.55,65.5,67,9.5,60
1303340140,一般国道３３４号,網走市・大空町境,明生北浜線,1564,0,3.8,網走郡大空町東藻琴明生,1235,網走郡大空町東藻琴明生,1360,2595,1.18,0.55,65.4,64.3,9,50
1303340150,一般国道３３４号,明生北浜線,網走川湯線,1564,0,5.4,網走郡大空町東藻琴明生,1235,網走郡大空町東藻琴明生,1360,2595,1.18,0.55,59.2,56.7,9,50
1303340160,一般国道３３４号,網走川湯線,福住女満別線,1564,0,7,網走郡大空町女満別開陽,1330,網走郡大空町女満別開陽,1558,2888,1.21,0.56,49.6,52,9,50
1303340170,一般国道３３４号,福住女満別線,大空町・美幌町境,1564,0,0.9,網走郡大空町女満別開陽,1330,網走郡大空町女満別開陽,1558,2888,1.21,0.56,56,57.9,9,50
1303340180,一般国道３３４号,大空町・美幌町境,一般国道３９号,1543,0,8.2,網走郡大空町女満別開陽,1330,網走郡大空町女満別開陽,1558,2888,1.21,0.4,55.8,47.6,11,50
1303350010,一般国道３３５号,一般国道３３４号,知床公園羅臼線,1694,0,0.6,目梨郡羅臼町松法町,2697,目梨郡羅臼町松法町,2994,5691,1.18,0.42,33.7,35,18,50
1303350020,一般国道３３５号,知床公園羅臼線,羅臼町・標津町境,1694,0,20.8,目梨郡羅臼町松法町,2697,目梨郡羅臼町松法町,2994,5691,1.18,0.42,59,60.7,18,50
1303350030,一般国道３３５号,羅臼町・標津町境,薫別川北線,1693,0,7.4,標津郡標津町崎無異,1003,標津郡標津町崎無異,1121,2124,1.18,0.26,70.3,69.8,8,60
1303350040,一般国道３３５号,薫別川北線,一般国道２４４号,1693,0,13.7,標津郡標津町崎無異,1003,標津郡標津町崎無異,1121,2124,1.18,0.26,69,68.8,8,60
1303360010,一般国道３３６号,一般国道２３６号,浦河町・様似町境,1607,0,2.8,様似郡様似町鵜苫,2416,様似郡様似町鵜苫,2445,4861,1.19,0.5,52.2,50,9,60
1303360020,一般国道３３６号,浦河町・様似町境,様似港線,1608,0,4.7,様似郡様似町鵜苫,2416,様似郡様似町鵜苫,2445,4861,1.19,0.5,54.1,54.3,20,50
1303360030,一般国道３３６号,様似港線,新富様似停車場線,1608,0,2,様似郡様似町大通1丁目28,3003,様似郡様似町大通1丁目28,2928,5931,1.19,0.41,31.4,34.7,20,50
1303360040,一般国道３３６号,新富様似停車場線,新富様似停車場線,1608,0,0.1,様似郡様似町大通1丁目28,3003,様似郡様似町大通1丁目28,2928,5931,1.19,0.41,16.6,14.3,11,60
1303360050,一般国道３３６号,新富様似停車場線,様似町・えりも町境,1608,0,14,様似郡様似町東平宇,1589,様似郡様似町東平宇,1488,3077,1.19,0.34,54.5,55.7,11,60
1303360060,一般国道３３６号,様似町・えりも町境,襟裳公園線,1609,0,10.9,様似郡様似町東平宇,1589,様似郡様似町東平宇,1488,3077,1.19,0.36,52.4,49.8,8.5,60
1303360070,一般国道３３６号,襟裳公園線,襟裳公園線,1609,0,14.3,幌泉郡えりも町庶野,552,幌泉郡えりも町庶野,479,1031,1.21,0.15,56.2,64.4,8.5,60
1303360080,一般国道３３６号,襟裳公園線,えりも町・広尾町境,1609,0,14.3,幌泉郡えりも町目黒,371,幌泉郡えりも町目黒,379,750,1.21,0.09,62.5,65.8,7.5,60
1303360090,一般国道３３６号,えりも町・広尾町境,音調津陣屋線,1642,0,7.9,広尾郡広尾町音調津,451,広尾郡広尾町音調津,459,910,1.21,0.12,70.9,72.3,7.5,60
1303360100,一般国道３３６号,音調津陣屋線,音調津陣屋線,1642,0,6.9,広尾郡広尾町音調津,451,広尾郡広尾町音調津,459,910,1.21,0.12,56.8,49.5,7.5,60
1303360110,一般国道３３６号,音調津陣屋線,十勝港線,1642,0,0.7,広尾郡広尾町並木通,1983,広尾郡広尾町並木通,1938,3921,1.17,0.35,30.9,38.4,9,60
1303360120,一般国道３３６号,十勝港線,豊似広尾線,1642,0,0.4,広尾郡広尾町並木通,1983,広尾郡広尾町並木通,1938,3921,1.17,0.35,28.7,20.5,9,60
1303360130,一般国道３３６号,豊似広尾線,広尾停車場線,1642,0,0.6,広尾郡広尾町並木通,1983,広尾郡広尾町並木通,1938,3921,1.17,0.35,17.1,17.6,9,60
1303360135,一般国道３３６号,広尾停車場線,,1642,0,2.2,広尾郡広尾町並木通,1983,広尾郡広尾町並木通,1938,3921,1.17,0.35,29.6,32.3,9,60
1303360140,一般国道３３６号,,広尾大樹線,1642,0,0.8,広尾郡広尾町並木通,1983,広尾郡広尾町並木通,1938,3921,1.17,0.35,51.7,51.5,9,60
1303360150,一般国道３３６号,広尾大樹線,一般国道２３６号,1642,0,9.6,広尾郡広尾町並木通,1983,広尾郡広尾町並木通,1938,3921,1.17,0.35,63,63.1,9,60
1303360170,一般国道３３６号,一般国道２３６号,広尾町・大樹町境,1642,0,4.5,広尾郡大樹町日向,568,広尾郡大樹町日向,616,1184,1.22,0.18,58.2,63.1,9,60
1303360180,一般国道３３６号,広尾町・大樹町境,旭浜大樹停車場線,1641,0,0.8,広尾郡大樹町日向,568,広尾郡大樹町日向,616,1184,1.22,0.18,65.6,65.9,11.5,60
1303360190,一般国道３３６号,旭浜大樹停車場線,旭浜大樹停車場線,1641,0,2,広尾郡大樹町日向,568,広尾郡大樹町日向,616,1184,1.22,0.18,63.3,64.5,11.5,60
1303360200,一般国道３３６号,旭浜大樹停車場線,清水大樹線,1641,0,2.9,広尾郡大樹町日向,568,広尾郡大樹町日向,616,1184,1.22,0.18,63.3,64.5,11.5,60
1303360210,一般国道３３６号,清水大樹線,美成忠類停車場線,1641,0,3.6,広尾郡大樹町日向,568,広尾郡大樹町日向,616,1184,1.22,0.18,66,66.5,11.5,60
1303360220,一般国道３３６号,美成忠類停車場線,大樹町・幕別町境,1641,0,3.5,広尾郡大樹町日向,568,広尾郡大樹町日向,616,1184,1.22,0.18,72.1,69.3,11.5,60
1303360230,一般国道３３６号,大樹町・幕別町境,幕別町・大樹町境,1643,0,2.7,広尾郡大樹町晩成,567,広尾郡大樹町晩成,540,1107,1.16,0.18,67.2,61.8,11.25,60
1303360240,一般国道３３６号,幕別町・大樹町境,生花大樹線,1641,0,7.6,広尾郡大樹町晩成,567,広尾郡大樹町晩成,540,1107,1.16,0.26,64.5,65.7,8.5,60
1303360250,一般国道３３６号,生花大樹線,大樹町・豊頃町境,1641,0,3.7,中川郡豊頃町長節,277,中川郡豊頃町長節,269,546,1.17,0.16,62.9,61.1,8.5,60
1303360260,一般国道３３６号,大樹町・豊頃町境,豊頃町・大樹町境,1645,0,0.9,中川郡豊頃町長節,277,中川郡豊頃町長節,269,546,1.17,0.15,45.3,58.4,9.5,60
1303360270,一般国道３３６号,豊頃町・大樹町境,大樹町・豊頃町境,1641,0,0.9,中川郡豊頃町長節,277,中川郡豊頃町長節,269,546,1.17,0.15,70.9,69.1,9.5,60
1303360280,一般国道３３６号,大樹町・豊頃町境,湧洞豊頃停車場線,1645,0,2.3,中川郡豊頃町長節,277,中川郡豊頃町長節,269,546,1.17,0.1,70,69.5,12,60
1303360290,一般国道３３６号,湧洞豊頃停車場線,大津長節線,1645,0,9.7,中川郡豊頃町長節,277,中川郡豊頃町長節,269,546,1.17,0.1,65.8,67.1,12,60
1303360300,一般国道３３６号,大津長節線,大津旅来線,1645,0,2.4,中川郡豊頃町長節,277,中川郡豊頃町長節,269,546,1.17,0.1,60.4,60.4,12,60
1303360310,一般国道３３６号,大津旅来線,豊頃町・浦幌町境,1645,0,0.7,中川郡豊頃町（十勝河口橋）,853,中川郡豊頃町（十勝河口橋）,882,1735,1.09,0.35,62.2,59.3,11,60
1303360320,一般国道３３６号,豊頃町・浦幌町境,一般国道３３６号,1649,0,2.1,中川郡豊頃町（十勝河口橋）,853,中川郡豊頃町（十勝河口橋）,882,1735,1.09,0.4,62.2,59.3,7.5,60
1303360330,一般国道３３６号,一般国道３３６号,一般国道３８号,1649,0,7.1,十勝郡浦幌町養老,398,十勝郡浦幌町養老,930,1328,1.09,0.34,55.2,47.1,7.5,60
1303360350,一般国道３３６号,一般国道３３６号,直別共栄線,1649,0,11.9,十勝郡浦幌町字十勝太,320,十勝郡浦幌町字十勝太,308,628,1.25,0.08,65.6,69.1,12.5,60
1303370010,一般国道３３７号,一般国道３６号,早来千歳線,1224,0,0.9,千歳市錦町3丁目,4129,千歳市錦町3丁目,3175,7304,1.3,0.92,14.4,15.2,21,40
1303370020,一般国道３３７号,早来千歳線,早来千歳線,1224,0,0.2,千歳市千代田町7丁目,10406,千歳市千代田町7丁目,11584,21990,1.3,2.94,12.2,22.1,21,40
1303370030,一般国道３３７号,早来千歳線,市道祝梅大通,1224,0,3.5,千歳市根志越,4070,千歳市根志越,4058,8128,1.23,0.66,26.5,24.8,15.5,60
1303370035,一般国道３３７号,市道祝梅大通,一般国道３３７号,1224,0,3,千歳市中央,1198,千歳市中央,1348,2546,1.3,0.24,53.1,54.8,15.5,60
1303370040,一般国道３３７号,一般国道３３７号,道東自動車道,1224,0,2.8,千歳市中央,1198,千歳市中央,1348,2546,1.3,0.24,55.7,52.5,15.5,60
1303370050,一般国道３３７号,道東自動車道,舞鶴追分線,1224,0,2.2,千歳市泉郷,1129,千歳市泉郷,1250,2379,1.16,0.24,58.3,58,15.5,60
1303370060,一般国道３３７号,舞鶴追分線,舞鶴追分線,1224,0,0.6,千歳市泉郷,1153,千歳市泉郷,1119,2272,1.13,0.25,56,47.7,15.5,60
1303370065,一般国道３３７号,舞鶴追分線,一般国道３３７号,1224,0,0.4,千歳市泉郷,1153,千歳市泉郷,1119,2272,1.13,0.25,44.3,52.8,15.5,60
1303370070,一般国道３３７号,一般国道３３７号,千歳市・長沼町境,1224,0,1.5,千歳市泉郷,1153,千歳市泉郷,1119,2272,1.13,0.25,52.8,55.4,15.5,60
1303370080,一般国道３３７号,千歳市・長沼町境,幌内三川停車場線,1428,0,2.4,夕張郡長沼町幌内,911,夕張郡長沼町幌内,2102,3013,1.26,0.71,60.8,60.4,10.5,60
1303370085,一般国道３３７号,幌内三川停車場線,,1428,0,1.1,夕張郡長沼町幌内,911,夕張郡長沼町幌内,2102,3013,1.26,0.71,51.6,53.9,10.5,60
1303370550,一般国道３３７号,,一般国道２７４号,1428,0,0.2,夕張郡長沼町東10線南,911,夕張郡長沼町東10線南,2102,3013,1.26,0.65,44.7,15.6,9.5,50
1303370110,一般国道３３７号,一般国道２７４号,夕張長沼線,1428,0,5.1,夕張郡長沼町東2線南,2899,夕張郡長沼町東2線南,3888,6787,1.3,0.61,48,48.2,11.5,50
1303370120,一般国道３３７号,夕張長沼線,札幌夕張線,1428,0,0.6,夕張郡長沼町銀座南1丁目,2343,夕張郡長沼町銀座南1丁目,2145,4488,1.3,0.63,27.1,26.4,18,40
1303370130,一般国道３３７号,札幌夕張線,長沼町・南幌町境,1428,0,4.3,夕張郡長沼町銀座南1丁目,2343,夕張郡長沼町銀座南1丁目,2145,4488,1.3,0.66,41.1,41.7,26,50
1303370140,一般国道３３７号,長沼町・南幌町境,栗山北広島線,1423,0,2.4,夕張郡長沼町銀座南1丁目,2343,夕張郡長沼町銀座南1丁目,2145,4488,1.3,0.71,55.3,51.8,11,50
1303370150,一般国道３３７号,栗山北広島線,長沼南幌線,1423,0,2.2,空知郡南幌町南15線西,2285,空知郡南幌町南15線西,2408,4693,1.2,0.64,37.9,33.8,11,50
1303370160,一般国道３３７号,長沼南幌線,南幌向停車場線,1423,0,0.6,空知郡南幌町南12線西9号2540-2,2707,空知郡南幌町南12線西9号2540-2,2872,5579,1.25,0.6,31.5,30.1,11,50
1303370170,一般国道３３７号,南幌向停車場線,栗沢南幌線,1423,0,0.5,空知郡南幌町南12線西9号2540-2,2707,空知郡南幌町南12線西9号2540-2,2872,5579,1.25,0.68,31.7,29.4,16.5,40
1303370180,一般国道３３７号,栗沢南幌線,南幌町・江別市境,1423,0,3.9,空知郡南幌町南12線西9号2540-2,2707,空知郡南幌町南12線西9号2540-2,2872,5579,1.25,0.62,51.4,56.9,7,60
1303370190,一般国道３３７号,南幌町・江別市境,道央自動車道,1217,0,2.7,江別市江別太371-6,3287,江別市江別太371-6,3032,6319,1.23,0.75,42.9,48.6,13.5,60
1303370200,一般国道３３７号,道央自動車道,一般国道１２号,1217,0,1.2,江別市江別太,4728,江別市江別太,4879,9607,1.2,1.38,56.1,56.8,13.5,60
1303370440,一般国道３３７号,一般国道１２号,市道美原南１４号道路の１,1217,0,2.9,江別市美原,4798,江別市美原,4436,9234,1.26,0.35,69.8,69.4,20,60
1303370450,一般国道３３７号,市道美原南１４号道路の１,江別奈井江線,1217,0,2.4,江別市美原,4547,江別市美原,4493,9040,1.25,0.36,72.2,73.2,20,60
1303370460,一般国道３３７号,江別奈井江線,江別市・当別町境,1217,0,1.8,江別市美原,3001,江別市美原,3090,6091,1.29,0.33,65.6,68.7,18,60
1303370470,一般国道３３７号,江別市・当別町境,一般国道２７５号,1303,0,4.4,石狩郡当別町蕨岱,3902,石狩郡当別町蕨岱,3972,7874,1.27,0.41,66.3,63.9,18,60
1303370250,一般国道３３７号,一般国道２７５号,札幌当別線,1303,0,7.8,石狩郡当別町ビトエ,9817,石狩郡当別町ビトエ,9782,19599,1.25,0.36,59.6,57,23.8,60
1303370260,一般国道３３７号,札幌当別線,当別町・札幌市北区境,1303,0,1.1,石狩郡当別町ビトエ,14123,石狩郡当別町ビトエ,14151,28274,1.24,0.57,45.8,48.2,21,60
1303370270,一般国道３３７号,当別町・札幌市北区境,札幌当別線,1102,0,0.7,札幌市北区あいの里4条9丁目,11340,札幌市北区あいの里4条9丁目,11795,23135,1.3,0.21,47.7,31,22.5,50
1303370280,一般国道３３７号,札幌当別線,札幌市北区・石狩市境,1102,0,2,札幌市北区あいの里4条9丁目,10178,札幌市北区あいの里4条9丁目,11155,21333,1.3,0.73,42.6,52,33,60
1303370290,一般国道３３７号,札幌市北区・石狩市境,矢臼場札幌線,1235,0,0.3,石狩市生振,10284,石狩市生振,11012,21296,1.28,0.81,62.3,54.7,38,60
1303370300,一般国道３３７号,矢臼場札幌線,矢臼場札幌線,1235,0,3.1,石狩市生振,10284,石狩市生振,11012,21296,1.28,0.81,59.7,55,38,60
1303370310,一般国道３３７号,矢臼場札幌線,一般国道２３１号,1235,0,0.3,石狩市生振,10284,石狩市生振,11012,21296,1.28,0.81,27.7,23.8,38,60
1303370330,一般国道３３７号,一般国道２３１号,小樽石狩線,1235,0,7.3,石狩市新港南,8200,石狩市新港南,12790,20990,1.3,0.72,45.8,43,26.5,60
1303370340,一般国道３３７号,小樽石狩線,石狩市・小樽市境,1235,0,0.1,石狩市新港南,8200,石狩市新港南,12790,20990,1.3,0.72,22.9,23.3,26.5,60
1303370350,一般国道３３７号,石狩市・小樽市境,前田新川線,1203,0,1.2,小樽市銭函４丁目,14949,小樽市銭函４丁目,14297,29246,1.29,1.38,45.5,15.4,26.5,60
1303370360,一般国道３３７号,前田新川線,小樽市・札幌市手稲区境,1203,0,0.1,小樽市銭函４丁目,14949,小樽市銭函４丁目,14297,29246,1.29,1.64,11,12.3,23.5,60
1303370370,一般国道３３７号,小樽市・札幌市手稲区境,札幌市手稲区・小樽市境,1109,0,3.7,札幌市手稲山口,9895,札幌市手稲山口,9967,19862,1.28,0.66,28.4,35.3,30,60
1303370380,一般国道３３７号,札幌市手稲区・小樽市境,小樽石狩線,1203,0,1.4,小樽市銭函3丁目,9159,小樽市銭函3丁目,9040,18199,1.31,0.66,39.8,40.3,45,50
1303370390,一般国道３３７号,小樽石狩線,一般国道５号,1203,0,1.1,小樽市銭函3丁目,9159,小樽市銭函3丁目,9040,18199,1.31,0.66,34.5,34.9,45,50
1303370410,一般国道３３７号,一般国道３６号,南千歳停車場線,1224,0,2.5,千歳市柏台,6181,千歳市柏台,6606,12787,1.3,0.38,77.3,74.9,21,70
1303370420,一般国道３３７号,南千歳停車場線,市道祝梅大通,1224,0,0.9,千歳市柏台,4529,千歳市柏台,4632,9161,1.3,0.31,78.3,76.8,21,70
1303370490,一般国道３３７号,市道祝梅大通,一般国道３３７号,1224,0,3.5,千歳市祝梅,4573,千歳市祝梅,4571,9144,1.31,0.43,78.9,77.1,11.5,70
1303370500,一般国道３３７号,一般国道３３７号,道東自動車道,1224,0,2.5,千歳市中央,4201,千歳市中央,4618,8819,1.32,0.18,82.3,80.7,21,70
1303370510,一般国道３３７号,道東自動車道,一般国道３３７号,1224,0,3.7,千歳市中央,3654,千歳市中央,3727,7381,1.32,0.17,80.5,80.2,21.25,70
1303370520,一般国道３３７号,一般国道３３７号,千歳市・長沼町境,1224,0,0.8,千歳市泉郷,3402,千歳市泉郷,3359,6761,1.33,0.2,79.2,78.4,21.25,70
1303370530,一般国道３３７号,千歳市・長沼町境,一般国道２７４号,1428,0,4.4,夕張郡長沼町東12線南,3402,夕張郡長沼町東12線南,3359,6761,1.33,0.2,78.9,75.3,21.25,70
1303910005,一般国道３９１号,一般国道４４号,一般国道４４号（釧路東インター線）,1661,0,0.7,釧路郡釧路町中央2丁目,9436,釧路郡釧路町中央2丁目,8680,18116,1.22,0.91,27.1,32.7,28.5,60
1303910010,一般国道３９１号,一般国道４４号（釧路東インター線）,,1661,0,4.6,釧路郡釧路町河畔3丁目,5057,釧路郡釧路町河畔3丁目,4759,9816,1.22,0.72,46.4,44.7,12,60
1303910020,一般国道３９１号,,遠野別保線,1661,0,4.9,釧路郡釧路町遠矢2丁目,3015,釧路郡釧路町遠矢2丁目,3072,6087,1.18,0.87,55.5,56.3,9.5,60
1303910030,一般国道３９１号,遠野別保線,釧路町・標茶町境,1661,0,7.2,釧路郡釧路町遠矢2丁目,3015,釧路郡釧路町遠矢2丁目,3072,6087,1.18,0.87,63.3,64.2,9.5,60
1303910040,一般国道３９１号,釧路町・標茶町境,塘路厚岸線,1664,0,4.6,釧路郡釧路町遠矢2丁目,3015,釧路郡釧路町遠矢2丁目,3072,6087,1.18,0.99,52.6,54,11.7,60
1303910050,一般国道３９１号,塘路厚岸線,クチョロ原野塘路線,1664,0,1.3,川上郡標茶町字熊牛原野,1489,川上郡標茶町字熊牛原野,1582,3071,1.22,0.38,57.8,58.8,7.5,60
1303910060,一般国道３９１号,クチョロ原野塘路線,シラルトロ湖線,1664,0,6.8,川上郡標茶町字熊牛原野,1489,川上郡標茶町字熊牛原野,1582,3071,1.22,0.38,63.7,64,7.5,60
1303910070,一般国道３９１号,シラルトロ湖線,阿寒標茶線,1664,0,8.6,川上郡標茶町字熊牛原野,1489,川上郡標茶町字熊牛原野,1582,3071,1.22,0.38,67.6,65.8,7.5,60
1303910080,一般国道３９１号,阿寒標茶線,一般国道２７４号,1664,0,4.6,川上郡標茶町字熊牛原野,1489,川上郡標茶町字熊牛原野,1582,3071,1.22,0.38,58.9,53.8,7.5,60
1303910090,一般国道３９１号,一般国道２７４号,厚岸標茶線,1664,0,0.8,川上郡標茶町字熊牛原野,1489,川上郡標茶町字熊牛原野,1582,3071,1.22,0.37,29.1,26.3,10.5,60
1303910100,一般国道３９１号,厚岸標茶線,磯分内停車場線,1664,0,9.3,川上郡標茶町字熊牛原野,1489,川上郡標茶町字熊牛原野,1582,3071,1.22,0.37,61.7,61.1,10.5,60
1303910110,一般国道３９１号,磯分内停車場線,弟子屈熊牛原野線,1664,0,1,川上郡標茶町熊牛原野16線西,1411,川上郡標茶町熊牛原野16線西,1408,2819,1.17,0.33,46.8,47.8,11,40
1303910120,一般国道３９１号,弟子屈熊牛原野線,標茶町・弟子屈町境,1664,0,0.7,川上郡標茶町熊牛原野16線西,1411,川上郡標茶町熊牛原野16線西,1408,2819,1.17,0.33,65.7,66.2,11,40
1303910130,一般国道３９１号,標茶町・弟子屈町境,一般国道２４３号,1665,0,11.6,川上郡標茶町字熊牛原野,1060,川上郡標茶町字熊牛原野,1127,2187,1.22,0.26,67,65.7,8,60
1303910150,一般国道３９１号,一般国道２４３号,屈斜路摩周湖畔線,1665,0,11.2,川上郡弟子屈町美留和,1321,川上郡弟子屈町美留和,1265,2586,1.16,0.3,59.7,64.3,11.75,60
1303910160,一般国道３９１号,屈斜路摩周湖畔線,川湯停車場線,1665,0,0.7,川上郡弟子屈町美留和,1321,川上郡弟子屈町美留和,1265,2586,1.16,0.3,61.8,55.3,11.75,60
1303910170,一般国道３９１号,川湯停車場線,屈斜路摩周湖畔線,1665,0,0.4,川上郡弟子屈町美留和,1321,川上郡弟子屈町美留和,1265,2586,1.16,0.3,51.4,49.7,11.75,60
1303910180,一般国道３９１号,屈斜路摩周湖畔線,網走川湯線,1665,0,4.2,川上郡弟子屈町川湯温泉,1072,川上郡弟子屈町川湯温泉,1036,2108,1.22,0.39,60.1,62.6,8.5,60
1303910190,一般国道３９１号,網走川湯線,弟子屈町・小清水町境,1665,0,5.2,川上郡弟子屈町字跡佐登,628,川上郡弟子屈町字跡佐登,590,1218,1.15,0.21,65.9,62.1,8.5,60
1303910200,一般国道３９１号,弟子屈町・小清水町境,札弦停車場水上線,1547,0,8.8,斜里郡小清水町字水上（水上）,516,斜里郡小清水町字水上（水上）,513,1029,1.15,0.21,64.2,59.7,8.5,60
1303910210,一般国道３９１号,札弦停車場水上線,神威小清水線,1547,0,11.5,斜里郡小清水町字水上（水上）,516,斜里郡小清水町字水上（水上）,513,1029,1.15,0.15,64.1,66.4,12.5,60
1303910220,一般国道３９１号,神威小清水線,跡佐登小清水線,1547,0,0.6,斜里郡小清水町美和,617,斜里郡小清水町美和,557,1174,1.12,0.18,20.8,24.7,20,40
1303910230,一般国道３９１号,跡佐登小清水線,小清水女満別線,1547,0,0.2,斜里郡小清水町美和,617,斜里郡小清水町美和,557,1174,1.12,0.18,20.6,17.6,20,40
1303910240,一般国道３９１号,小清水女満別線,一般国道３３４号,1547,0,0.5,斜里郡小清水町美和,617,斜里郡小清水町美和,557,1174,1.12,0.18,15.9,16.3,20,40
1303910250,一般国道３９１号,一般国道３３４号,一般国道２４４号,1547,0,6.2,斜里郡小清水町美和,617,斜里郡小清水町美和,557,1174,1.12,0.18,55.3,52.3,11.5,60
1303920005,一般国道３９２号,一般国道３８号,道東自動車道,1668,0,19.4,白糠郡白糠町茶路基線,417,白糠郡白糠町茶路基線,426,843,1.15,0.18,58.7,57.2,7.5,60
1303920010,一般国道３９２号,道東自動車道,上茶路上茶路停車場線,1668,0,7,白糠郡白糠町茶路基線,93,白糠郡白糠町茶路基線,78,171,1.15,0.03,63.2,58.6,7.5,60
1303920020,一般国道３９２号,上茶路上茶路停車場線,上茶路上茶路停車場線,1668,0,0.8,白糠郡白糠町茶路基線,93,白糠郡白糠町茶路基線,78,171,1.15,0.03,67,62.6,7.5,60
1303920030,一般国道３９２号,上茶路上茶路停車場線,一般国道２７４号,1668,0,7.6,白糠郡白糠町茶路基線,93,白糠郡白糠町茶路基線,78,171,1.15,0.03,64.2,56.3,7.5,60
1303930010,一般国道３９３号,一般国道５号,天神南小樽停車場線,1203,0,1.9,小樽市奥沢1丁目,3842,小樽市奥沢1丁目,3670,7512,1.19,0.68,24.4,28.5,18,40
1303930020,一般国道３９３号,天神南小樽停車場線,小樽環状線,1203,0,2.3,小樽市奥沢5丁目,2045,小樽市奥沢5丁目,2039,4084,1.19,0.44,37.9,42.5,7.5,50
1303930030,一般国道３９３号,小樽環状線,小樽市・赤井川村境,1203,0,11.9,余市郡赤井川村字常盤,1453,余市郡赤井川村字常盤,1282,2735,1.16,0.44,51.9,51.3,7.5,50
1303930040,一般国道３９３号,小樽市・赤井川村境,余市赤井川線,1409,0,17.2,余市郡赤井川村字常盤,1453,余市郡赤井川村字常盤,1282,2735,1.16,0.39,60.1,58.5,9.5,60
1303930050,一般国道３９３号,余市赤井川線,赤井川村・倶知安町境,1409,0,9.4,余市郡赤井川村字轟,1206,余市郡赤井川村字轟,1015,2221,1.16,0.33,67.3,67.4,9.5,60
1303930060,一般国道３９３号,赤井川村・倶知安町境,一般国道２７６号,1400,0,15.6,余市郡赤井川村字轟,1206,余市郡赤井川村字轟,1015,2221,1.16,0.25,58,58.5,8,60
1304500010,一般国道４５０号（旭川紋別道）,道央自動車道,比布インター線,1455,1,2.2,上川郡比布町北9線13号1473番,1386,上川郡比布町北9線13号1473番,1251,2637,1.21,0.07,84.6,80.5,25,70
1304500020,一般国道４５０号（旭川紋別道）,比布インター線,比布町・愛別町境,1455,1,4,上川郡愛別町字金富115番,1711,上川郡愛別町字金富115番,1549,3260,1.21,0.57,85,88.3,14.5,70
1304500030,一般国道４５０号（旭川紋別道）,比布町・愛別町境,愛別インター線,1456,1,3,上川郡愛別町字金富115番,1711,上川郡愛別町字金富115番,1549,3260,1.21,0.34,89.1,88,14.5,70
1304500040,一般国道４５０号（旭川紋別道）,愛別インター線,愛別町・当麻町境,1456,1,5.2,上川郡愛別町字愛別392番,3528,上川郡愛別町字愛別392番,3205,6733,1.23,0.96,81.1,82.9,14.5,70
1304500050,一般国道４５０号（旭川紋別道）,愛別町・当麻町境,当麻町・愛別町境,1454,1,1.7,上川郡愛別町字愛別392番,3528,上川郡愛別町字愛別392番,3205,6733,1.23,0.96,81.6,81.4,11.5,70
1304500060,一般国道４５０号（旭川紋別道）,当麻町・愛別町境,一般国道３９号,1456,1,2.7,上川郡愛別町字愛別392番,3528,上川郡愛別町字愛別392番,3205,6733,1.23,0.25,84.4,84.4,25,70
1304500070,一般国道４５０号（旭川紋別道）,一般国道３９号,愛別町・上川町境,1456,1,1.9,上川郡上川町字東雲538番,3004,上川郡上川町字東雲538番,3012,6016,1.23,0.5,82.4,86.1,14.5,70
1304500080,一般国道４５０号（旭川紋別道）,愛別町・上川町境,上川層雲峡インター線,1457,1,5.9,上川郡上川町字東雲538番,3004,上川郡上川町字東雲538番,3012,6016,1.23,0.5,85.8,84.1,14.5,70
1304500090,一般国道４５０号（旭川紋別道）,上川層雲峡インター線,一般国道２７３号,1457,1,18.2,上川郡上川町日東360番,1844,上川郡上川町日東360番,1934,3778,1.26,0.34,85.5,85.5,14.5,70
1304500100,一般国道４５０号（旭川紋別道）,一般国道２７３号,上川町・遠軽町境,1457,1,4.6,上川郡上川町字上越,1520,上川郡上川町字上越,1838,3358,1.25,0.36,82.8,84.2,13,70
1304500110,一般国道４５０号（旭川紋別道）,上川町・遠軽町境,町道奥白滝ＩＣ線,1555,1,4.5,上川郡上川町字上越（上越）,1520,上川郡上川町字上越（上越）,1838,3358,1.25,0.36,81.8,84.4,13,70
1304500120,一般国道４５０号（旭川紋別道）,町道奥白滝ＩＣ線,一般国道３３３号,1555,1,10.7,上川郡上川町字上越（上越）,1520,上川郡上川町字上越（上越）,1838,3358,1.25,0.36,85.4,88.2,13,70
1304500130,一般国道４５０号（旭川紋別道）,一般国道３３３号,丸瀬布インター線,1555,1,16.3,紋別郡遠軽町下白滝（下白滝）,1730,紋別郡遠軽町下白滝（下白滝）,1722,3452,1.24,0.34,83.4,87.4,15,70
1304500150,一般国道４５０号（旭川紋別道）,丸瀬布インター線,奥瀬戸瀬瀬戸瀬停車場線,1555,1,11.1,遠軽町瀬戸瀬西町（遠軽瀬戸瀬）,1657,遠軽町瀬戸瀬西町（遠軽瀬戸瀬）,1688,3345,1.24,0.32,84.7,86.2,13.5,80
1304500160,一般国道４５０号（旭川紋別道）,奥瀬戸瀬瀬戸瀬停車場線,一般国道３３３号,1555,1,6.6,遠軽町瀬戸瀬東町（遠軽）,1614,遠軽町瀬戸瀬東町（遠軽）,1616,3230,1.25,0.32,77.5,77.9,13.5,80
1304510010,一般国道４５１号,一般国道２３１号,石狩市・当別町境,1235,0,18.4,石狩市浜益区柏木,370,石狩市浜益区柏木,397,767,1.3,0.09,55.6,58.8,8,60
1304510020,一般国道４５１号,石狩市・当別町境,当別浜益港線,1303,0,4.8,石狩市浜益区柏木,370,石狩市浜益区柏木,397,767,1.3,0.09,67.3,56.9,8,60
1304510030,一般国道４５１号,当別浜益港線,当別町・新十津川町境,1303,0,3.6,石狩郡当別町青山奥4番川,178,石狩郡当別町青山奥4番川,237,415,1.3,0.07,61.3,58.2,8,60
1304510040,一般国道４５１号,当別町・新十津川町境,学園新十津川停車場線,1432,0,21.5,樺戸郡新十津川町学園,178,樺戸郡新十津川町学園,237,415,1.3,0.05,59.9,58.3,18,60
1304510050,一般国道４５１号,学園新十津川停車場線,一般国道２７５号,1432,0,4,樺戸郡新十津川町字中央37-3,255,樺戸郡新十津川町字中央37-3,227,482,1.09,0.06,53.1,46.7,18,60
1304510070,一般国道４５１号,一般国道２７５号,新十津川町・滝川市境,1432,0,0.3,樺戸郡新十津川町中央71,4082,樺戸郡新十津川町中央71,3488,7570,1.21,0.79,25.3,37.3,11,40
1304510080,一般国道４５１号,新十津川町・滝川市境,一般国道１２号,1225,0,2.3,樺戸郡新十津川町中央71,4082,樺戸郡新十津川町中央71,3488,7570,1.21,0.76,27.5,24.1,9.25,40
1304510100,一般国道４５１号,一般国道２７５号,新十津川町・滝川市境,1432,0,1.1,樺戸郡新十津川町,3274,樺戸郡新十津川町,3307,6581,1.3,0.62,23.3,45.4,20,50
1304510110,一般国道４５１号,新十津川町・滝川市境,一般国道１２号,1225,0,1.7,樺戸郡新十津川町,3274,樺戸郡新十津川町,3307,6581,1.3,0.67,30.6,27.2,15,50
1304520010,一般国道４５２号,一般国道２７４号,真谷地沼の沢停車場線,1209,0,2.3,夕張市沼ノ沢1414,1456,夕張市沼ノ沢1414,1477,2933,1.12,0.27,45.1,43.2,12,50
1304520020,一般国道４５２号,真谷地沼の沢停車場線,夕張長沼線,1209,0,3.4,夕張市沼ノ沢1414,1456,夕張市沼ノ沢1414,1477,2933,1.12,0.24,35.9,49,12.5,50
1304520030,一般国道４５２号,夕張長沼線,夕張岩見沢線,1209,0,2,夕張市沼ノ沢1414,1456,夕張市沼ノ沢1414,1477,2933,1.12,0.24,35.7,36.1,12.5,50
1304520040,一般国道４５２号,夕張岩見沢線,夕張長沼線,1209,0,0.1,夕張市清水沢1丁目,2267,夕張市清水沢1丁目,2074,4341,1.17,0.36,11.6,11.7,12.5,50
1304520050,一般国道４５２号,夕張長沼線,夕張新得線,1209,0,7,夕張市清水沢3丁目,248,夕張市清水沢3丁目,263,511,1.17,0.07,49.3,50.2,9,50
1304520060,一般国道４５２号,夕張新得線,夕張市・三笠市境,1209,0,18.2,夕張市鹿島明石町,62,夕張市鹿島明石町,58,120,1.1,0.02,61,55,9,60
1304520070,一般国道４５２号,夕張市・三笠市境,岩見沢三笠線,1222,0,12.8,夕張市鹿島明石町,62,夕張市鹿島明石町,58,120,1.1,0.02,48.8,50.4,8,50
1304520080,一般国道４５２号,岩見沢三笠線,三笠市・芦別市境,1222,0,7.7,三笠市三笠国有林192林班,791,三笠市三笠国有林192林班,688,1479,1.17,0.35,55.4,55.4,8,50
1304520090,一般国道４５２号,三笠市・芦別市境,美唄富良野線,1216,0,16,三笠市三笠国有林192林班,791,三笠市三笠国有林192林班,688,1479,1.17,0.35,63.4,63,8,60
1304520100,一般国道４５２号,美唄富良野線,芦別砂川線,1216,0,12.5,芦別市芦別国有林31林班68,167,芦別市芦別国有林31林班68,147,314,1.12,0.07,60.6,54.4,8,50
1304520110,一般国道４５２号,芦別砂川線,芦別砂川線,1216,0,3.7,芦別市西芦別町11-1,397,芦別市西芦別町11-1,383,780,1.13,0.11,49.5,51,14,50
1304520120,一般国道４５２号,芦別砂川線,芦別砂川線,1216,0,1.9,芦別市本町,1897,芦別市本町,1864,3761,1.16,0.37,25.3,24,22,40
1304520130,一般国道４５２号,芦別砂川線,一般国道３８号,1216,0,1.1,芦別市北4条西1丁目,1393,芦別市北4条西1丁目,1737,3130,1.17,0.45,16.2,16.6,22,40
1304520150,一般国道４５２号,一般国道３８号,野花南芦別線,1216,0,2.2,芦別市旭町144-3,459,芦別市旭町144-3,476,935,1.12,0.15,45.8,55.7,13,50
1304520160,一般国道４５２号,野花南芦別線,,1216,0,6.1,芦別市旭町213-6,372,芦別市旭町213-6,382,754,1.11,0.11,41.9,42.7,13,50
1304520180,一般国道４５２号,,美馬牛神楽線,1459,0,5.6,上川郡美瑛町五稜台2468-2,94,上川郡美瑛町五稜台2468-2,104,198,1.08,0.06,48.2,44.8,6,60
1304520190,一般国道４５２号,美馬牛神楽線,美瑛町・旭川市境,1459,0,7.3,上川郡美瑛町旭中央,1218,上川郡美瑛町旭中央,1027,2245,1.15,0.4,63.6,62.7,7,60
1304520200,一般国道４５２号,美瑛町・旭川市境,一般国道２３７号,1204,0,0.2,上川郡美瑛町旭中央,1218,上川郡美瑛町旭中央,1027,2245,1.15,0.5,38.2,19.4,11.36,50
1304530010,一般国道４５３号,一般国道３６号,札幌環状線,1105,0,2.4,札幌市豊平区豊平3条4丁目,8237,札幌市豊平区豊平3条4丁目,7009,15246,1.32,0.45,17.8,19.4,25,40
1304530020,一般国道４５３号,札幌環状線,西野白石線,1105,0,0.5,札幌市南区真駒内曙町1丁目,10348,札幌市南区真駒内曙町1丁目,11073,21421,1.28,0.6,13.3,18.8,25,40
1304530030,一般国道４５３号,西野白石線,札幌市豊平区・札幌市南区境,1105,0,1.7,札幌市南区真駒内曙町1丁目,10348,札幌市南区真駒内曙町1丁目,11073,21421,1.28,0.69,22.1,22.8,20,50
1304530040,一般国道４５３号,札幌市豊平区・札幌市南区境,西野真駒内清田線,1106,0,2.1,札幌市南区真駒内曙町1丁目,10348,札幌市南区真駒内曙町1丁目,11073,21421,1.28,0.68,29.3,22.6,20,50
1304530045,一般国道４５３号,西野真駒内清田線,川沿石山連絡線,1106,0,2.8,札幌市南区真駒内曙町1丁目,10348,札幌市南区真駒内曙町1丁目,11073,21421,1.28,0.68,35.5,33.2,20,50
1304530050,一般国道４５３号,川沿石山連絡線,真駒内御料札幌線,1106,0,4.6,札幌市南区常盤4条2丁目,3940,札幌市南区常盤4条2丁目,3922,7862,1.18,0.53,37.1,34.1,20,50
1304530060,一般国道４５３号,真駒内御料札幌線,札幌市南区・恵庭市境,1106,0,7.6,札幌市南区常盤,1385,札幌市南区常盤,1787,3172,1.18,0.39,58.2,58.4,11,50
1304530070,一般国道４５３号,札幌市南区・恵庭市境,恵庭岳公園線,1231,0,1.7,恵庭市盤尻,1385,恵庭市盤尻,1787,3172,1.18,0.42,58.2,60.2,13.5,50
1304530080,一般国道４５３号,恵庭岳公園線,支笏湖線,1231,0,11,恵庭市盤尻,1287,恵庭市盤尻,1813,3100,1.18,0.42,58.4,55.4,13.5,50
1304530090,一般国道４５３号,支笏湖線,恵庭市・千歳市境,1231,0,0.1,恵庭市盤尻,1287,恵庭市盤尻,1813,3100,1.18,0.42,56,47.5,13.5,50
1304530100,一般国道４５３号,恵庭市・千歳市境,丸駒線,1224,0,4.6,恵庭市盤尻,1287,恵庭市盤尻,1813,3100,1.18,0.42,56.6,61,7.5,50
1304530110,一般国道４５３号,丸駒線,千歳市・苫小牧市境,1224,0,10.6,千歳市水明郷,1221,千歳市水明郷,1242,2463,1.1,0.39,58.3,57.3,7.5,50
1304530120,一般国道４５３号,千歳市・苫小牧市境,苫小牧市・千歳市境,1213,0,0.4,苫小牧市丸山,1221,苫小牧市丸山,1242,2463,1.1,0.3,59.7,61.4,10.75,50
1304530130,一般国道４５３号,苫小牧市・千歳市境,支笏湖公園線,1224,0,0.7,千歳市水明郷国有林74林班,1045,千歳市水明郷国有林74林班,1063,2108,1.1,0.26,55,51.6,11,50
1304530140,一般国道４５３号,支笏湖公園線,千歳市・苫小牧市境,1224,0,0.5,千歳市西森国有林74林班,1507,千歳市西森国有林74林班,1448,2955,1.16,0.41,27.1,51.5,11,50
1304530150,一般国道４５３号,千歳市・苫小牧市境,一般国道２７６号,1213,0,0.4,苫小牧市丸山,1761,苫小牧市丸山,1691,3452,1.16,0.5,40.9,41.5,9.5,60
1304530170,一般国道４５３号,一般国道２７６号,白老大滝線,1233,0,2.7,伊達市大滝区三階滝町300-1,979,伊達市大滝区三階滝町300-1,902,1881,1.26,0.37,57.6,57.4,8,60
1304530180,一般国道４５３号,白老大滝線,伊達市・壮瞥町境,1233,0,9.9,有珠郡壮瞥町字滝之町392,2013,有珠郡壮瞥町字滝之町392,2194,4207,1.12,0.42,58.4,60,8,60
1304530190,一般国道４５３号,伊達市・壮瞥町境,洞爺湖登別線,1575,0,9.1,有珠郡壮瞥町字滝之町392,2013,有珠郡壮瞥町字滝之町392,2194,4207,1.12,0.39,50.3,52,9,60
1304530195,一般国道４５３号,洞爺湖登別線,洞爺公園洞爺線,1575,0,4.2,有珠郡壮瞥町字滝之町392,2013,有珠郡壮瞥町字滝之町392,2194,4207,1.12,0.39,58.7,48.8,9,60
1304530200,一般国道４５３号,洞爺公園洞爺線,滝之町伊達線,1575,0,1.7,有珠郡壮瞥町字滝之町392,2013,有珠郡壮瞥町字滝之町392,2194,4207,1.12,0.39,52.1,48.3,9,60
1304530210,一般国道４５３号,滝之町伊達線,洞爺湖登別線,1575,0,0.5,有珠郡壮瞥町字滝之町392,2013,有珠郡壮瞥町字滝之町392,2194,4207,1.12,0.39,35.9,27.9,9.5,40
1304530220,一般国道４５３号,洞爺湖登別線,壮瞥町・伊達市境,1575,0,4.3,伊達市上長和,1126,伊達市上長和,1247,2373,1.12,0.24,44.2,52.7,9.5,40
1304530230,一般国道４５３号,壮瞥町・伊達市境,洞爺湖公園線,1233,0,0.6,伊達市上長和,1126,伊達市上長和,1247,2373,1.12,0.36,59.7,53.3,9,50
1304530240,一般国道４５３号,洞爺湖公園線,一般国道３７号,1233,0,3.8,伊達市上長和,1126,伊達市上長和,1247,2373,1.12,0.36,46.8,40.2,9,50
1400010010,小樽定山渓線,一般国道５号,札樽自動車道,1203,0,0.9,,5402,,5003,10405,1.22,0.67,15.1,20.4,8,40
1400010020,小樽定山渓線,札樽自動車道,小樽環状線,1203,0,0.3,,5402,,5003,10405,1.22,0.67,20.2,13,8,40
1400010030,小樽定山渓線,小樽環状線,,1203,0,14.1,小樽市朝里川温泉2丁目,260,小樽市朝里川温泉2丁目,242,502,1.11,0.11,44.4,50.7,8,40
1400010040,小樽定山渓線,,京極定山渓線,1106,0,19.4,,764,,735,1499,1.19,0.25,56.7,59,8,50
1400010050,小樽定山渓線,京極定山渓線,一般国道２３０号,1106,0,3.2,,1451,,1207,2658,1.2,0.25,45.5,41.3,8,50
1400020010,洞爺湖登別線,一般国道２３０号,洞爺湖町・壮瞥町境,1584,0,2.8,虻田郡洞爺湖町洞爺湖温泉町,1806,虻田郡洞爺湖町洞爺湖温泉町,1892,3698,1.15,0.36,37.7,38.4,18,40
1400020020,洞爺湖登別線,洞爺湖町・壮瞥町境,洞爺湖公園線,1575,0,3,虻田郡洞爺湖町洞爺湖温泉町,1806,虻田郡洞爺湖町洞爺湖温泉町,1892,3698,1.15,0.42,51.8,49.6,15.5,50
1400020030,洞爺湖登別線,洞爺湖公園線,洞爺公園洞爺線,1575,0,2.5,,1690,,1886,3576,1.2,0.39,53.7,54,9,50
1400020040,洞爺湖登別線,洞爺公園洞爺線,一般国道４５３号,1575,0,0.6,,1690,,1886,3576,1.2,0.39,43.7,35.2,9,50
1400020060,洞爺湖登別線,一般国道４５３号,立香南久保内線,1575,0,0.4,,700,,690,1390,1.19,0.24,38,29.3,7.5,50
1400020070,洞爺湖登別線,立香南久保内線,弁景幌別線,1575,0,8.6,,700,,690,1390,1.19,0.24,53.8,51.7,7.5,50
1400020080,洞爺湖登別線,弁景幌別線,壮瞥町・登別市境,1575,0,7.9,,456,,560,1016,1.18,0.23,53,52.6,9.5,40
1400020090,洞爺湖登別線,壮瞥町・登別市境,上登別室蘭線,1230,0,14.7,,456,,560,1016,1.18,0.21,55.6,54.2,9.5,40
1400020100,洞爺湖登別線,上登別室蘭線,倶多楽湖公園線,1230,0,1.1,,2847,,2945,5792,1.21,0.79,44.3,39.2,10,50
1400020110,洞爺湖登別線,倶多楽湖公園線,倶多楽湖公園線,1230,0,1.2,,2847,,2945,5792,1.21,0.43,45.3,44,25,60
1400020120,洞爺湖登別線,倶多楽湖公園線,道央自動車道,1230,0,1.4,,2847,,2945,5792,1.21,0.43,49.2,50.3,25,60
1400020130,洞爺湖登別線,道央自動車道,一般国道３６号,1230,0,1.6,,2847,,2945,5792,1.21,0.43,35.3,33.5,25,60
1400030010,札幌夕張線,一般国道１２号,札幌市中央区・札幌市白石区境,1101,0,0.5,札幌市中央区南1条東7丁目,10302,札幌市中央区南1条東7丁目,9610,19912,1.24,0.98,10.3,13.5,27,40
1400030020,札幌夕張線,札幌市中央区・札幌市白石区境,旭山公園米里線,1104,0,0.7,札幌市白石区東札幌3条6丁目,12722,札幌市白石区東札幌3条6丁目,13846,26568,1.25,1.12,21.9,16,25,50
1400030030,札幌夕張線,旭山公園米里線,東札幌停車場線,1104,0,0.5,札幌市白石区東札幌3条6丁目,12722,札幌市白石区東札幌3条6丁目,13846,26568,1.25,1.12,12.7,13.8,25,50
1400030040,札幌夕張線,東札幌停車場線,札幌環状線,1104,0,1.7,札幌市白石区東札幌3条6丁目,12722,札幌市白石区東札幌3条6丁目,13846,26568,1.25,1.12,21.6,16,25,50
1400030050,札幌夕張線,札幌環状線,西野白石線,1104,0,2.4,札幌市白石区東札幌3条6丁目,12722,札幌市白石区東札幌3条6丁目,13846,26568,1.25,1.12,19.3,24.9,25,50
1400030060,札幌夕張線,西野白石線,札幌市白石区・札幌市厚別区境,1104,0,2.1,札幌市白石区東札幌3条6丁目,12722,札幌市白石区東札幌3条6丁目,13846,26568,1.25,1.12,21.3,23,25,50
1400030070,札幌夕張線,札幌市白石区・札幌市厚別区境,一般国道２７４号,1108,0,0.4,札幌市白石区東札幌3条6丁目,12722,札幌市白石区東札幌3条6丁目,13846,26568,1.25,0.69,22.4,11.3,32,50
1400030080,札幌夕張線,一般国道２７４号,一般国道２７４号,1108,0,1.8,札幌市白石区東札幌3条6丁目,12722,札幌市白石区東札幌3条6丁目,13846,26568,1.25,0.69,22.3,22.5,32,50
1400030100,札幌夕張線,一般国道２７４号,江別長沼線,1428,0,0.2,,4209,,4561,8770,1.21,0.79,13.1,39.3,13.5,50
1400030110,札幌夕張線,江別長沼線,一般国道３３７号,1428,0,8.7,,4209,,4561,8770,1.21,0.79,53.5,53,13.5,50
1400030220,札幌夕張線,一般国道３３７号,恵庭栗山線,1428,0,0.8,,,,,,,,53.5,53,11,50
1400030230,札幌夕張線,恵庭栗山線,,1428,0,1.6,,,,,,,,54.3,55.5,11,50
1400030140,札幌夕張線,,長沼町・由仁町境,1428,0,3.1,,2458,,2191,4649,1.21,0.73,54.3,55.5,11,50
1400030150,札幌夕張線,長沼町・由仁町境,東三川由仁停車場線,1427,0,2.4,,2458,,2191,4649,1.21,0.88,55.6,54.8,11,50
1400030160,札幌夕張線,東三川由仁停車場線,一般国道２３４号,1427,0,0.3,,2458,,2191,4649,1.21,0.88,34.5,18.6,11,50
1400030180,札幌夕張線,一般国道２３４号,鳩山継立停車場線,1429,0,4.4,夕張郡栗山町字日の出23番地,1546,夕張郡栗山町字日の出23番地,1479,3025,1.2,0.45,50.2,51.9,11.5,50
1400030190,札幌夕張線,鳩山継立停車場線,栗山町・夕張市境,1429,0,4.5,夕張郡栗山町字日の出23番地,1546,夕張郡栗山町字日の出23番地,1479,3025,1.2,0.45,53.3,51.2,11.5,50
1400030200,札幌夕張線,栗山町・夕張市境,夕張岩見沢線,1209,0,7.1,夕張郡栗山町字日の出23番地,1546,夕張郡栗山町字日の出23番地,1479,3025,1.2,0.42,56.5,48.3,13,50
1400040010,旭川芦別線,一般国道１２号,旭川市・深川市境,1204,0,0.1,,1111,,1107,2218,1.2,0.33,12.6,41,15,50
1400040020,旭川芦別線,旭川市・深川市境,深川市・旭川市境,1228,0,0.7,,1111,,1107,2218,1.2,0.26,56.2,56.3,13.25,40
1400040030,旭川芦別線,深川市・旭川市境,旭川市・深川市境,1204,0,0.2,,1111,,1107,2218,1.2,0.26,61.2,40.5,14.5,50
1400040040,旭川芦別線,旭川市・深川市境,深川市・旭川市境,1228,0,3,,1111,,1107,2218,1.2,0.27,58.6,59.8,11.25,50
1400040050,旭川芦別線,深川市・旭川市境,深川豊里線,1204,0,4.4,,1494,,1571,3065,1.2,0.31,64.8,64.3,14,60
1400040060,旭川芦別線,深川豊里線,旭川市・深川市境,1204,0,0.8,,1494,,1571,3065,1.2,0.31,62.9,63.1,14,60
1400040070,旭川芦別線,旭川市・深川市境,深川市・芦別市境,1228,0,0.7,,740,,725,1465,1.19,0.22,60.3,59.5,10.3,50
1400040080,旭川芦別線,深川市・芦別市境,芦別赤平線,1216,0,12.1,,740,,725,1465,1.19,0.22,61.3,64.1,14,50
1400040090,旭川芦別線,芦別赤平線,一般国道３８号,1216,0,1.9,,2703,,2813,5516,1.21,0.48,48.8,42.9,11.75,50
1400050010,江差木古内線,一般国道２２８号,館町福島線,1362,0,16,檜山郡上ノ国町字早瀬,549,檜山郡上ノ国町字早瀬,580,1129,1.17,0.13,48.7,48.9,8.5,60
1400050020,江差木古内線,館町福島線,上ノ国町・木古内町境,1362,0,9.2,,277,,305,582,1.12,0.12,59.5,58.5,7.5,60
1400050030,江差木古内線,上ノ国町・木古内町境,木古内停車場線,1334,0,13.3,上磯郡木古内町大川,289,上磯郡木古内町大川,324,613,1.12,0.1,49.5,54.8,7.5,50
1400050040,江差木古内線,木古内停車場線,木古内停車場線,1334,0,0.7,上磯郡木古内町本町,1526,上磯郡木古内町本町,1575,3101,1.2,0.35,22.9,25,7.5,50
1400050045,江差木古内線,木古内停車場線,,1334,0,0.7,上磯郡木古内町本町,1526,上磯郡木古内町本町,1575,3101,1.2,0.35,19.4,21.8,7.5,50
1400050060,江差木古内線,,一般国道２２８号,1334,0,0.1,上磯郡木古内町本町,1526,上磯郡木古内町本町,1575,3101,1.2,0.31,35.1,6.9,13,40
1400060010,岩見沢月形線,一般国道１２号,美唄達布岩見沢線,1210,0,2.2,,4475,,4058,8533,1.21,0.88,25.7,23.8,21.82,50
1400060020,岩見沢月形線,美唄達布岩見沢線,岩見沢停車場線,1210,0,0.5,,4475,,4058,8533,1.21,0.75,13,15.1,12.25,60
1400060030,岩見沢月形線,岩見沢停車場線,上志文四条東線,1210,0,0.5,,4475,,4058,8533,1.21,0.75,16.1,16.2,12.25,60
1400060040,岩見沢月形線,上志文四条東線,岩見沢停車場線,1210,0,0.2,,4475,,4058,8533,1.21,0.75,19.1,18.1,12.25,60
1400060050,岩見沢月形線,岩見沢停車場線,峯延稔町線,1210,0,5,,4596,,4166,8762,1.21,0.69,37.3,37.9,12.25,60
1400060060,岩見沢月形線,峯延稔町線,江別奈井江線,1210,0,3.3,,1175,,1130,2305,1.2,0.25,48.5,50.4,12.55,60
1400060070,岩見沢月形線,江別奈井江線,江別奈井江線,1210,0,1.4,,1175,,1130,2305,1.2,0.26,34.1,35.3,17.1,60
1400060080,岩見沢月形線,江別奈井江線,月形峰延線,1210,0,7.6,,2085,,1900,3985,1.2,0.46,52.5,54.1,10.25,50
1400060090,岩見沢月形線,月形峰延線,美唄月形線,1210,0,0.2,樺戸郡月形町新生月形大橋,1235,樺戸郡月形町新生月形大橋,1217,2452,1.2,0.37,24.2,36,10.25,50
1400060100,岩見沢月形線,美唄月形線,岩見沢市・月形町境,1210,0,2.4,樺戸郡月形町新生月形大橋,1235,樺戸郡月形町新生月形大橋,1217,2452,1.2,0.37,48.5,41.2,10.25,50
1400060110,岩見沢月形線,岩見沢市・月形町境,一般国道２７５号,1430,0,0.2,樺戸郡月形町新生月形大橋,1235,樺戸郡月形町新生月形大橋,1217,2452,1.2,0.46,48.5,41.2,14.58,50
1400070010,北見常呂線,一般国道３９号,北見環状線,1208,0,2.8,北見市北進町1丁目,4543,北見市北進町1丁目,5810,10353,1.22,0.51,25.6,24.3,22,50
1400070020,北見常呂線,北見環状線,,1208,0,4.1,北見市昭和,2685,北見市昭和,2495,5180,1.16,0.63,46.9,51.2,9,60
1400070030,北見常呂線,,下仁頃相内停車場線,1208,0,4.6,北見市昭和,2685,北見市昭和,2495,5180,1.16,0.63,64.2,62.2,9,60
1400070040,北見常呂線,下仁頃相内停車場線,一般国道３３３号,1208,0,1,,1060,,891,1951,1.2,0.36,47.7,40.7,12.25,60
1400070050,北見常呂線,一般国道３３３号,仁倉端野線,1208,0,3,,1060,,891,1951,1.2,0.36,49.6,57.1,12.25,60
1400070060,北見常呂線,仁倉端野線,仁倉端野線,1208,0,0.8,,913,,674,1587,1.19,0.31,47,58.9,9,60
1400070070,北見常呂線,仁倉端野線,日吉端野線,1208,0,5.5,,913,,674,1587,1.19,0.31,63.7,64.8,9,60
1400070080,北見常呂線,日吉端野線,一般国道２３８号,1208,0,20.9,北見市日吉,1425,北見市日吉,1159,2584,1.2,0.33,60.7,61.7,14,60
1400070090,北見常呂線,一般国道２３８号,土佐東浜線,1208,0,0.8,,1096,,954,2050,1.2,0.23,16.5,18.7,10.2,40
1400080010,根室中標津線,一般国道２４３号,中春別床丹線,1691,0,9.6,野付郡別海町中春別,2903,野付郡別海町中春別,3083,5986,1.21,0.86,59.7,61.5,16.25,60
1400080020,根室中標津線,中春別床丹線,西春別春別停車場線,1691,0,1.2,野付郡別海町中春別,2903,野付郡別海町中春別,3083,5986,1.21,0.86,48.7,45.4,12.8,60
1400080030,根室中標津線,西春別春別停車場線,中春別俵橋線,1691,0,0.2,野付郡別海町中春別,2903,野付郡別海町中春別,3083,5986,1.21,0.86,23.7,28.9,12.8,60
1400080040,根室中標津線,中春別俵橋線,西春別春別停車場線,1691,0,0.1,野付郡別海町中春別,2903,野付郡別海町中春別,3083,5986,1.21,0.86,39.9,47.1,12.8,60
1400080050,根室中標津線,西春別春別停車場線,別海町・中標津町境,1691,0,4.1,野付郡別海町中春別,2903,野付郡別海町中春別,3083,5986,1.21,0.86,62.6,64,12.8,60
1400080060,根室中標津線,別海町・中標津町境,一般国道２７２号,1692,0,5.4,野付郡別海町中春別,2903,野付郡別海町中春別,3083,5986,1.21,0.91,60.1,50.3,9,60
1400090010,寿都黒松内線,寿都停車場線,一般国道２２９号,1392,0,2.6,,925,,907,1832,1.2,0.22,24.8,32.2,6.5,40
1400090030,寿都黒松内線,一般国道２２９号,熱郛白井川線,1393,0,8,寿都郡黒松内町字南作開,703,寿都郡黒松内町字南作開,607,1310,1.19,0.24,60.8,60.8,11.5,60
1400090040,寿都黒松内線,熱郛白井川線,大成黒松内停車場線,1393,0,3.2,,1527,,1505,3032,1.2,0.34,43.1,41.5,11.5,60
1400090050,寿都黒松内線,大成黒松内停車場線,黒松内町・長万部町境,1393,0,3.1,寿都郡黒松内町字黒松内,682,寿都郡黒松内町字黒松内,645,1327,1.19,0.22,58.9,60.5,11.5,60
1400090060,寿都黒松内線,黒松内町・長万部町境,一般国道５号,1347,0,0.9,寿都郡黒松内町黒松内,672,寿都郡黒松内町黒松内,677,1349,1.19,0.24,46.6,29.9,9.5,60
1400100010,千歳鵡川線,一般国道３６号,苫小牧市・安平町境,1213,0,3,勇払郡安平町早来富岡210,2144,勇払郡安平町早来富岡210,2049,4193,1.22,0.57,43.6,55.3,8,60
1400100020,千歳鵡川線,苫小牧市・安平町境,早来千歳線,1585,0,2.5,勇払郡安平町早来富岡210,2144,勇払郡安平町早来富岡210,2049,4193,1.22,0.6,58.2,56.7,11.55,50
1400100030,千歳鵡川線,早来千歳線,上幌内早来停車場線,1585,0,3.9,勇払郡安平町早来富岡210,2144,勇払郡安平町早来富岡210,2049,4193,1.22,0.6,47.5,47.4,11.55,50
1400100040,千歳鵡川線,上幌内早来停車場線,一般国道２３４号,1585,0,0.8,,2669,,2685,5354,1.21,0.53,21,22.6,16,40
1400100060,千歳鵡川線,一般国道２３４号,北進平取線,1585,0,0.4,,3170,,2895,6065,1.21,0.59,27,34.6,13,60
1400100070,千歳鵡川線,北進平取線,安平町・厚真町境,1585,0,3.1,,3170,,2895,6065,1.21,0.59,57.3,60.6,13,60
1400100080,千歳鵡川線,安平町・厚真町境,平取厚真線,1581,0,4.5,,3170,,2895,6065,1.21,0.6,49.9,50,14,60
1400100090,千歳鵡川線,平取厚真線,厚真浜厚真停車場線,1581,0,0.8,厚真町豊沢,866,厚真町豊沢,848,1714,1.19,0.26,18.5,21.1,10.25,50
1400100100,千歳鵡川線,厚真浜厚真停車場線,富野軽舞線,1581,0,7,厚真町豊沢,866,厚真町豊沢,848,1714,1.19,0.26,49.1,32.9,10.25,50
1400100110,千歳鵡川線,富野軽舞線,厚真町・むかわ町境,1581,0,5.9,厚真町豊沢,866,厚真町豊沢,848,1714,1.19,0.25,53.8,52.9,10.95,50
1400100120,千歳鵡川線,厚真町・むかわ町境,米原田浦線,1586,0,1,厚真町豊沢,866,厚真町豊沢,848,1714,1.19,0.26,52.1,52.8,8.75,50
1400100130,千歳鵡川線,米原田浦線,一般国道２３５号（日高自動車道）,1586,0,2.2,,1998,,2060,4058,1.2,0.49,52.4,54.9,10.95,50
1400100140,千歳鵡川線,一般国道２３５号（日高自動車道）,鵡川停車場線,1586,0,1.4,,1998,,2060,4058,1.2,0.49,37.6,35.7,10.95,50
1400100150,千歳鵡川線,鵡川停車場線,一般国道２３５号,1586,0,0.4,,1998,,2060,4058,1.2,0.49,18.3,12.4,10.95,50
1400110010,月形厚田線,一般国道２７５号,月形町・当別町境,1430,0,7.5,,125,,112,237,1.18,0.04,55.8,54.7,7.8,50
1400110020,月形厚田線,月形町・当別町境,当別浜益港線,1303,0,2,,611,,542,1153,1.19,0.17,51.5,45.8,11.3,60
1400110030,月形厚田線,当別浜益港線,当別浜益港線,1303,0,3.4,,611,,542,1153,1.19,0.17,66.2,65.7,11.3,60
1400110040,月形厚田線,当別浜益港線,当別町・石狩市境,1303,0,4,石狩市厚田区発足大橋,118,石狩市厚田区発足大橋,102,220,1.12,0.05,48.8,48.4,7,60
1400110050,月形厚田線,当別町・石狩市境,一般国道２３１号,1235,0,13.3,石狩市厚田区発足大橋,118,石狩市厚田区発足大橋,102,220,1.12,0.03,48.8,48.4,11,60
1400120010,枝幸音威子府線,一般国道２３８号,美深中頓別線,1514,0,13.8,歌登西町,799,歌登西町,750,1549,1.16,0.18,58.1,55.2,14.5,60
1400120020,枝幸音威子府線,美深中頓別線,美深中頓別線,1514,0,1.3,,883,,897,1780,1.2,0.2,44.7,43.2,18,60
1400120030,枝幸音威子府線,美深中頓別線,歌登咲来停車場線,1514,0,2.1,,883,,897,1780,1.2,0.2,69.4,67.4,18,60
1400120040,枝幸音威子府線,歌登咲来停車場線,本幌別上毛登別線,1514,0,9.1,,137,,140,277,1.16,0.05,62.9,68,14.5,60
1400120050,枝幸音威子府線,本幌別上毛登別線,枝幸町・中頓別町境,1514,0,2.6,,137,,140,277,1.16,0.05,62.4,68.3,14.5,60
1400120060,枝幸音威子府線,枝幸町・中頓別町境,一般国道２７５号,1513,0,0.3,,137,,140,277,1.16,0.05,56.2,63.2,12.8,60
1400120080,枝幸音威子府線,一般国道２７５号,音威子府停車場線,1470,0,0.4,,146,,134,280,1.16,0.06,10.2,16.1,12.5,60
1400130010,中標津標茶線,中標津空港線,俣落西５条線,1692,0,0.5,,3259,,2879,6138,1.21,0.64,17.2,21.1,12.5,40
1400130020,中標津標茶線,俣落西５条線,一般国道２７２号,1692,0,1.3,,3259,,2879,6138,1.21,0.64,32.9,33.2,12.5,40
1400130040,中標津標茶線,一般国道２７２号,中西別計根別線,1692,0,11,野付郡別海町本別,1072,野付郡別海町本別,980,2052,1.18,0.29,63.6,65.2,11.55,60
1400130050,中標津標茶線,中西別計根別線,養老牛計根別停車場線,1692,0,0.6,野付郡別海町本別,1072,野付郡別海町本別,980,2052,1.18,0.29,42.7,47.5,11.55,60
1400130060,中標津標茶線,養老牛計根別停車場線,養老牛計根別停車場線,1692,0,1.8,野付郡別海町本別,1072,野付郡別海町本別,980,2052,1.18,0.29,50.9,46.6,11.55,60
1400130070,中標津標茶線,養老牛計根別停車場線,中標津町・別海町境,1692,0,0.6,野付郡別海町本別,1072,野付郡別海町本別,980,2052,1.18,0.29,66.9,66.2,11.55,60
1400130080,中標津標茶線,中標津町・別海町境,別海町・標茶町境,1691,0,6,野付郡別海町本別,1072,野付郡別海町本別,980,2052,1.18,0.29,69.4,67.6,9,60
1400130090,中標津標茶線,別海町・標茶町境,一般国道２４３号,1664,0,3,,1735,,1853,3588,1.2,0.34,57.4,59.4,11.55,60
1400130110,中標津標茶線,一般国道２４３号,標茶町・別海町境,1664,0,2.5,川上郡標茶町標茶,647,川上郡標茶町標茶,645,1292,1.15,0.2,61.2,64.2,11.55,60
1400130120,中標津標茶線,標茶町・別海町境,別海町・標茶町境,1691,0,3.7,,3061,,3379,6440,1.21,0.88,70.4,68,8.3,60
1400130130,中標津標茶線,別海町・標茶町境,泉川線,1664,0,0.6,川上郡標茶町標茶,647,川上郡標茶町標茶,645,1292,1.15,0.27,65.1,66.4,14.5,60
1400130140,中標津標茶線,泉川線,厚岸標茶線,1664,0,13,川上郡標茶町上多和,848,川上郡標茶町上多和,963,1811,1.2,0.32,67.8,65.6,14.5,60
1400130150,中標津標茶線,厚岸標茶線,厚岸標茶線,1664,0,0.9,,1387,,1530,2917,1.2,0.32,30.2,24,18,40
1400130160,中標津標茶線,厚岸標茶線,一般国道２７４号,1664,0,0.5,,1387,,1530,2917,1.2,0.32,14,17.3,18,40
1400140010,厚岸標茶線,一般国道４４号,厚岸昆布森線,1662,0,5.4,,1801,,1731,3532,1.2,0.48,47.6,47.4,20,60
1400140020,厚岸標茶線,厚岸昆布森線,上風連大別線,1662,0,3,,1801,,1731,3532,1.2,0.48,67.3,64.3,20,60
1400140030,厚岸標茶線,上風連大別線,厚岸町・標茶町境,1662,0,6.5,川上郡標茶町中チャンベツ,403,川上郡標茶町中チャンベツ,379,782,1.18,0.12,69,68.2,13.5,60
1400140040,厚岸標茶線,厚岸町・標茶町境,一般国道２７２号,1664,0,9.6,川上郡標茶町中チャンベツ,403,川上郡標茶町中チャンベツ,379,782,1.18,0.12,65,62,10,60
1400140050,厚岸標茶線,一般国道２７２号,中標津標茶線,1664,0,11.8,,1278,,1279,2557,1.2,0.24,50.5,52.5,8,60
1400140070,厚岸標茶線,中標津標茶線,一般国道３９１号,1664,0,0.6,,2162,,2486,4648,1.21,0.58,23.7,32,18,50
1400150010,幕別大樹線,一般国道３８号,幕別停車場線,1643,0,0.3,中川郡幕別町軍岡,901,中川郡幕別町軍岡,719,1620,1.19,0.18,15.1,20.5,13,60
1400150020,幕別大樹線,幕別停車場線,明倫幕別停車場線,1643,0,1.1,中川郡幕別町軍岡,901,中川郡幕別町軍岡,719,1620,1.19,0.18,25.2,31.6,13,60
1400150030,幕別大樹線,明倫幕別停車場線,豊頃糠内芽室線,1643,0,11,中川郡幕別町軍岡,901,中川郡幕別町軍岡,719,1620,1.19,0.18,64.8,63.9,13,60
1400150040,幕別大樹線,豊頃糠内芽室線,豊頃糠内芽室線,1643,0,2.8,中川郡幕別町軍岡,901,中川郡幕別町軍岡,719,1620,1.19,0.24,51.8,56.2,15,50
1400150050,幕別大樹線,豊頃糠内芽室線,駒畠更別線,1643,0,12.3,中川郡幕別町軍岡,901,中川郡幕別町軍岡,719,1620,1.19,0.24,68.1,69,15,50
1400150060,幕別大樹線,駒畠更別線,尾田豊頃停車場線,1643,0,0.1,,573,,611,1184,1.19,0.28,29.3,44.4,15.25,40
1400150070,幕別大樹線,尾田豊頃停車場線,一般国道２３６号,1643,0,11.7,,573,,611,1184,1.19,0.22,67,64.8,14,60
1400160010,支笏湖公園線,一般国道３６号,一般国道４５３号,1224,0,20.7,,4184,,3703,7887,1.21,0.67,57.4,57.8,13,50
1400170010,小樽港線,,小樽海岸公園線,1203,0,0.1,,13163,,11438,24601,1.25,0.59,8.7,6.3,30,50
1400170020,小樽港線,小樽海岸公園線,札樽自動車道,1203,0,2.6,,13163,,11438,24601,1.25,0.59,28.6,31.9,30,50
1400180010,札幌停車場線,,一般国道１２号,1101,0,0.5,札幌市中央区北5条西4丁目,5082,札幌市中央区北5条西4丁目,2796,7878,1.23,0.49,6.6,13.1,36.36,40
1400190010,苫小牧停車場線,,一般国道３６号,1213,0,0.8,,2788,,2075,4863,1.21,0.29,15.1,13.5,27,40
1400200010,旭川停車場線,,旭川多度志線,1204,0,0.1,,4689,,5672,10361,1.22,0.6,9.1,8.3,36.36,40
1400200020,旭川停車場線,旭川多度志線,一般国道３９号,1204,0,0.4,,4689,,5672,10361,1.22,0.6,15.1,11.1,36.36,40
1400210010,留萌停車場線,,一般国道２３１号,1212,0,1.1,留萌市栄町3丁目,875,留萌市栄町3丁目,620,1495,1.19,0.17,16.4,22.5,21.82,40
1400220010,留萌港線,,一般国道２３１号,1212,0,1.3,留萌市港町3丁目,1458,留萌市港町3丁目,1645,3103,1.13,0.3,24.9,26.1,18,40
1400230010,網走停車場線,一般国道３９号,一般国道３９号,1211,0,1.1,網走市南2条西1丁目,4582,網走市南2条西1丁目,4010,8592,1.22,0.34,25,24.2,22,40
1400240010,釧路停車場線,,釧路鶴居弟子屈線,1206,0,0.5,釧路市北大通13丁目,5689,釧路市北大通13丁目,4674,10363,1.25,0.46,12.1,13,30,40
1400240020,釧路停車場線,釧路鶴居弟子屈線,一般国道３８号,1206,0,0.2,釧路市北大通13丁目,5689,釧路市北大通13丁目,4674,10363,1.25,0.46,17.4,14.4,30,40
1400250010,釧路港線,,一般国道３８号,1206,0,1.2,,3336,,2637,5973,1.21,0.29,25.4,22,22,40
1400260010,帯広停車場線,,,1207,0,0.5,帯広市西2条南5丁目,2589,帯広市西2条南5丁目,2732,5321,1.22,0.45,12.1,11.7,22,40
1400260020,帯広停車場線,,一般国道３８号,1207,0,0.9,帯広市西2条南5丁目,2589,帯広市西2条南5丁目,2732,5321,1.22,0.45,24.2,24.5,22,40
1400270010,北見津別線,一般国道３９号,北見環状線,1208,0,1.4,北見市とん田東町,8158,北見市とん田東町,6012,14170,1.2,1.27,23.7,25.6,11.5,60
1400270020,北見津別線,北見環状線,置戸福野北見線,1208,0,0.4,北見市北光町,6078,北見市北光町,5267,11345,1.19,1.31,24.1,24.1,11.5,60
1400270025,北見津別線,置戸福野北見線,一般国道３９号（北見道路）,1208,0,1.5,北見市北光町,6078,北見市北光町,5267,11345,1.19,1.31,41.5,44,11.5,60
1400270030,北見津別線,一般国道３９号（北見道路）,北見置戸線,1208,0,0.1,北見市北光町,6078,北見市北光町,5267,11345,1.19,1.31,32.6,22.3,11.5,60
1400270040,北見津別線,北見置戸線,北見市・津別町境,1208,0,8,北見市北光町,6078,北見市北光町,5267,11345,1.19,1.31,62.7,64.3,11.5,60
1400270050,北見津別線,北見市・津別町境,二又北見線,1544,0,1.3,北見市北光町,6078,北見市北光町,5267,11345,1.19,1.27,62.9,68.3,9,60
1400270060,北見津別線,二又北見線,二又北見線,1544,0,4.2,,1315,,1276,2591,1.2,0.4,65.6,67.8,9,60
1400270070,北見津別線,二又北見線,一般国道２４０号,1544,0,8.9,,1315,,1276,2591,1.2,0.4,60.8,61,9,60
1400280010,当別浜益港線,一般国道２７５号,月形厚田線,1303,0,19.6,石狩郡当別町弁華別,820,石狩郡当別町弁華別,777,1597,1.18,0.36,49.2,50.5,15.5,60
1400280030,当別浜益港線,月形厚田線,一般国道４５１号,1303,0,19.1,,233,,195,428,1.15,0.06,59.3,64,8.5,60
1400290005,上磯厚沢部線,一般国道２２８号,茂辺地インター線,1236,0,0.6,,441,,437,878,1.17,0.17,31.2,41.4,9,60
1400290010,上磯厚沢部線,茂辺地インター線,北斗市・厚沢部町境,1236,0,19.8,,441,,437,878,1.17,0.17,46.9,46.9,9,60
1400290020,上磯厚沢部線,北斗市・厚沢部町境,館町福島線,1363,0,15.3,,48,,46,94,1.21,0.02,59.8,59.8,7.5,60
1400290030,上磯厚沢部線,館町福島線,一般国道２２７号,1363,0,5.8,,640,,739,1379,1.19,0.22,58,45.1,9.75,60
1400300010,三笠栗山線,一般国道１２号,岩見沢三笠線,1222,0,1.5,,1737,,1970,3707,1.2,0.62,35.6,44.6,11.55,50
1400300020,三笠栗山線,岩見沢三笠線,岩見沢桂沢線,1222,0,1.7,,2705,,2640,5345,1.21,0.8,36.2,38.9,14,50
1400300030,三笠栗山線,岩見沢桂沢線,三笠市・岩見沢市境,1222,0,2.3,,2705,,2640,5345,1.21,0.8,52.6,58.1,14,50
1400300040,三笠栗山線,三笠市・岩見沢市境,宝水岩見沢線,1210,0,0.6,,2705,,2640,5345,1.21,0.72,61.5,61.6,18.5,60
1400300050,三笠栗山線,宝水岩見沢線,上志文四条東線,1210,0,3.1,,2705,,2640,5345,1.21,0.72,62.1,63.8,18.5,60
1400300060,三笠栗山線,上志文四条東線,夕張岩見沢線,1210,0,0.9,,2705,,2640,5345,1.21,0.72,49.5,47.7,18.5,60
1400300070,三笠栗山線,夕張岩見沢線,夕張岩見沢線,1210,0,2.1,岩見沢市栗沢町上幌,2370,岩見沢市栗沢町上幌,2411,4781,1.21,0.59,49.5,45.7,10.75,50
1400300080,三笠栗山線,夕張岩見沢線,茂世丑最上線,1210,0,4.3,岩見沢市栗沢町上幌,2370,岩見沢市栗沢町上幌,2411,4781,1.21,0.6,49.7,56.5,10.75,50
1400300090,三笠栗山線,茂世丑最上線,岩見沢市・栗山町境,1210,0,2.2,岩見沢市栗沢町上幌,2370,岩見沢市栗沢町上幌,2411,4781,1.21,0.53,60.7,59.4,14,50
1400300100,三笠栗山線,岩見沢市・栗山町境,鳩山継立停車場線,1429,0,1.4,岩見沢市栗沢町上幌,2370,岩見沢市栗沢町上幌,2411,4781,1.21,0.53,55.7,44.3,17,50
1400300110,三笠栗山線,鳩山継立停車場線,一般国道２３４号,1429,0,4.6,,1899,,2015,3914,1.2,0.39,61.2,59.1,17,50
1400310010,音更池田線,一般国道２４１号,上士幌音更線,1631,0,5.1,河東郡音更町東和東,476,河東郡音更町東和東,379,855,1.14,0.19,59.5,61.9,8.5,60
1400310020,音更池田線,上士幌音更線,上士幌音更線,1631,0,0.7,河東郡音更町東和東,476,河東郡音更町東和東,379,855,1.14,0.19,56.1,52.5,8.5,60
1400310030,音更池田線,上士幌音更線,長流枝内木野停車場線,1631,0,6.8,,523,,461,984,1.18,0.26,63.3,64.8,9.5,60
1400310040,音更池田線,長流枝内木野停車場線,音更町・池田町境,1631,0,1,,523,,461,984,1.18,0.26,54.3,59,9.5,60
1400310050,音更池田線,音更町・池田町境,一般国道２４２号,1644,0,8.5,,523,,461,984,1.18,0.26,65.6,67.5,9,60
1400320010,豊浦ニセコ線,一般国道３７号,新富神里線,1571,0,14.3,,188,,202,390,1.15,3.29,55.8,54.4,4.5,60
1400320020,豊浦ニセコ線,新富神里線,豊浦町・蘭越町境,1571,0,5.5,,107,,91,198,1.18,0.02,55.8,54.4,7.6,60
1400320030,豊浦ニセコ線,豊浦町・蘭越町境,蘭越町・ニセコ町境,1394,0,6.7,,595,,653,1248,1.19,0.32,54.5,57.6,7.8,60
1400320040,豊浦ニセコ線,蘭越町・ニセコ町境,一般国道５号,1395,0,4.1,,595,,653,1248,1.19,0.3,41.3,39.9,11.55,60
1400330010,美唄月形線,一般国道１２号,開発峰延線,1215,0,4.7,美唄市桜井開発橋,1032,美唄市桜井開発橋,955,1987,1.2,0.27,40.4,38.8,13,50
1400330020,美唄月形線,開発峰延線,江別奈井江線,1215,0,2.8,美唄市桜井開発橋,1032,美唄市桜井開発橋,955,1987,1.2,0.27,58.1,55,13,50
1400330030,美唄月形線,江別奈井江線,江別奈井江線,1215,0,1.1,,785,,810,1595,1.19,0.25,57,57.6,12,50
1400330040,美唄月形線,江別奈井江線,岩見沢月形線,1215,0,5.7,,785,,810,1595,1.19,0.25,55.1,54.3,12,50
1400340010,襟裳公園線,一般国道３３６号,一般国道３３６号,1609,0,26.1,,187,,216,403,1.15,0.05,50.7,51.3,9,60
1400350010,根室半島線,一般国道４４号,友知牧之内線,1223,0,7.5,,3891,,3377,7268,1.21,0.8,44.5,40.9,11.25,60
1400350020,根室半島線,友知牧之内線,豊里歯舞線,1223,0,7.5,根室市豊里,520,根室市豊里,607,1127,1.19,0.19,53.1,51.6,10.5,60
1400350030,根室半島線,豊里歯舞線,豊里歯舞線,1223,0,13.7,根室市豊里,520,根室市豊里,607,1127,1.19,0.19,44.8,44.8,10.5,60
1400350040,根室半島線,豊里歯舞線,友知牧之内線,1223,0,9.8,,512,,627,1139,1.19,0.16,64.9,70,10.25,60
1400350050,根室半島線,友知牧之内線,根室港線,1223,0,6.2,,2401,,2549,4950,1.21,0.36,40.7,42.9,10.35,40
1400350060,根室半島線,根室港線,一般国道４４号,1223,0,1.4,,2401,,2549,4950,1.21,0.36,20.9,20.1,10.35,40
1400360010,余市赤井川線,一般国道５号,登余市停車場線,1408,0,4.6,余市郡余市町黒川町,1069,余市郡余市町黒川町,1107,2176,1.11,0.31,46.7,51.7,11.5,50
1400360020,余市赤井川線,登余市停車場線,余市町・仁木町境,1408,0,2.5,余市郡余市町黒川町,1069,余市郡余市町黒川町,1107,2176,1.11,0.28,54.5,54.4,8.5,50
1400360030,余市赤井川線,余市町・仁木町境,仁木町・赤井川村境,1407,0,1.3,余市郡余市町黒川町,1069,余市郡余市町黒川町,1107,2176,1.11,0.28,62,65,8.5,50
1400360040,余市赤井川線,仁木町・赤井川村境,仁木赤井川線,1409,0,7.7,余市郡余市町黒川町,1069,余市郡余市町黒川町,1107,2176,1.11,0.28,57.7,60.6,8.5,50
1400360050,余市赤井川線,仁木赤井川線,一般国道３９３号,1409,0,1.6,,826,,784,1610,1.19,0.24,46.9,52.3,17.5,50
1400370010,鷹栖東神楽線,雨竜旭川線,鷹栖東鷹栖比布線,1452,0,1.7,旭川市東鷹栖,2245,旭川市東鷹栖,2326,4571,1.2,0.57,42.3,36.6,10.15,60
1400370020,鷹栖東神楽線,鷹栖東鷹栖比布線,旭川北インター線,1204,0,3.6,旭川市東鷹栖,2245,旭川市東鷹栖,2326,4571,1.2,0.56,55,56.4,10.55,60
1400370030,鷹栖東神楽線,旭川北インター線,一般国道４０号,1204,0,1.3,,5368,,5741,11109,1.22,0.43,27,30.8,25,50
1400370040,鷹栖東神楽線,一般国道４０号,北旭川停車場永山線,1204,0,1.6,,7510,,7888,15398,1.23,0.69,28.2,30.6,25,50
1400370050,鷹栖東神楽線,北旭川停車場永山線,一般国道３９号,1204,0,0.6,,7510,,7888,15398,1.23,0.69,29.4,24.4,25,50
1400370060,鷹栖東神楽線,一般国道３９号,愛別当麻旭川線,1204,0,3.3,,5970,,6051,12021,1.22,0.47,37.7,39.2,25.5,60
1400370070,鷹栖東神楽線,愛別当麻旭川線,愛別当麻旭川線,1204,0,1.8,,5970,,6051,12021,1.22,0.47,43.5,39.9,25.5,60
1400370080,鷹栖東神楽線,愛別当麻旭川線,東川旭川線,1204,0,2.9,旭川市東旭川町上兵村,3615,旭川市東旭川町上兵村,3507,7122,1.21,0.8,47,42.6,11.2,60
1400370090,鷹栖東神楽線,東川旭川線,旭川旭岳温泉線,1204,0,1.7,旭川市東旭川町上兵村,3615,旭川市東旭川町上兵村,3507,7122,1.21,0.8,52.3,44.2,11.2,60
1400370100,鷹栖東神楽線,旭川旭岳温泉線,旭川旭岳温泉線,1204,0,0.7,旭川市東旭川町旭正,6342,旭川市東旭川町旭正,6084,12426,1.22,1.21,28.6,30.2,11.2,60
1400370110,鷹栖東神楽線,旭川旭岳温泉線,旭川市・東神楽町境,1204,0,2.4,上川郡東神楽町南1条東1丁目,3599,上川郡東神楽町南1条東1丁目,3519,7118,1.21,0.84,44.9,52.3,11.2,60
1400370120,鷹栖東神楽線,旭川市・東神楽町境,東川東神楽旭川線,1453,0,0.9,上川郡東神楽町南1条東1丁目,3599,上川郡東神楽町南1条東1丁目,3519,7118,1.21,0.83,43.6,39.5,22,40
1400370130,鷹栖東神楽線,東川東神楽旭川線,旭川空港線,1453,0,1.5,上川郡東神楽町南1条東1丁目,3599,上川郡東神楽町南1条東1丁目,3519,7118,1.21,0.84,34.8,35.2,22,50
1400380010,夕張岩見沢線,一般国道４５２号,札幌夕張線,1209,0,6,,4312,,4393,8705,1.21,1.16,43.9,43.3,14.5,50
1400380020,夕張岩見沢線,札幌夕張線,夕張市・岩見沢市境,1209,0,12.4,夕張市鹿の谷3丁目27番地,1487,夕張市鹿の谷3丁目27番地,1471,2958,1.1,0.35,47.6,50.7,18,40
1400380030,夕張岩見沢線,夕張市・岩見沢市境,三笠栗沢線,1210,0,16.3,岩見沢市栗沢町万字英町,260,岩見沢市栗沢町万字英町,300,560,1.17,0.08,47.6,50.7,12,60
1400380040,夕張岩見沢線,三笠栗沢線,三笠栗山線,1210,0,8.3,,1286,,1397,2683,1.2,0.46,55.7,47.8,13,50
1400380060,夕張岩見沢線,三笠栗山線,一般国道２３４号,1210,0,3.8,,1285,,1469,2754,1.2,0.34,43.1,44.2,10.25,50
1400390010,奥尻島線,,米岡奥尻空港線,1367,0,1.3,奥尻郡奥尻町字湯浜,90,奥尻郡奥尻町字湯浜,78,168,1.16,0.04,40.7,39.7,7.5,60
1400390020,奥尻島線,米岡奥尻空港線,,1367,0,63.1,奥尻郡奥尻町字湯浜,90,奥尻郡奥尻町字湯浜,78,168,1.16,0.04,40.7,39.7,7.5,60
1400390030,奥尻島線,,,1367,0,1.3,奥尻郡奥尻町字青苗,211,奥尻郡奥尻町字青苗,231,442,1.15,0.05,60,58.5,13,40
1400400010,礼文島線,船泊港利礼公園線,元地香深線,1517,0,17.3,香深井,716,香深井,806,1522,1.19,0.19,43.9,45.9,15.5,50
1400400020,礼文島線,元地香深線,,1517,0,5.1,香深井,716,香深井,806,1522,1.19,0.21,19.9,26.7,10.75,50
1400410010,函館恵山線,函館南茅部線,蛾眉野原木線,1202,0,10.5,函館市蛾眉野町,282,函館市蛾眉野町,242,524,1.11,0.09,48.3,47.1,7.5,60
1400410020,函館恵山線,蛾眉野原木線,一般国道２７８号,1202,0,8.7,,764,,722,1486,1.19,0.2,64.8,62.2,12.5,60
1400410030,函館恵山線,一般国道２７８号,一般国道２７８号,1202,0,4.2,,1068,,1076,2144,1.2,0.28,18.5,23.4,12.5,30
1400420070,八雲北檜山線,一般国道５号,,1346,0,0.5,二海郡八雲町栄町,2668,二海郡八雲町栄町,2420,5088,1.2,0.34,48,47,16,60
1400420080,八雲北檜山線,,,1346,0,0.1,二海郡八雲町栄町,2668,二海郡八雲町栄町,2420,5088,1.2,0.34,48,47,16,60
1400420020,八雲北檜山線,,一般国道２７７号,1346,0,6,二海郡八雲町上八雲,728,二海郡八雲町上八雲,744,1472,1.16,0.18,38.3,33.6,9.6,60
1400420030,八雲北檜山線,一般国道２７７号,八雲今金線,1346,0,17.1,二海郡八雲町上八雲,728,二海郡八雲町上八雲,744,1472,1.16,0.18,63.2,64.5,9.6,60
1400420040,八雲北檜山線,八雲今金線,八雲町・せたな町境,1346,0,2.3,,952,,850,1802,1.2,0.27,53.7,54,7.6,60
1400420050,八雲北檜山線,八雲町・せたな町境,一般国道２２９号,1371,0,14.3,,644,,540,1184,1.19,0.19,64.9,67.4,7.5,60
1400430010,大沼公園鹿部線,一般国道５号,大沼公園線,1337,0,2.7,亀田郡七飯町字西大沼,716,七飯町西大沼,667,1383,1.19,0.2,34.3,39.6,10,60
1400430020,大沼公園鹿部線,大沼公園線,大沼公園線,1337,0,1.3,亀田郡七飯町字大沼,1118,七飯町大沼,1209,2327,1.2,0.3,33.9,24.6,9,40
1400430030,大沼公園鹿部線,大沼公園線,大沼公園線,1337,0,1.2,亀田郡七飯町字大沼,1118,七飯町大沼,1209,2327,1.2,0.3,36.1,33.6,9,40
1400430040,大沼公園鹿部線,大沼公園線,七飯町・鹿部町境,1337,0,7.1,亀田郡七飯町字大沼,1118,七飯町大沼,1209,2327,1.2,0.3,57.1,59.6,9,40
1400430050,大沼公園鹿部線,七飯町・鹿部町境,鹿部町・七飯町境,1343,0,0.2,,1755,,1593,3348,1.2,0.33,61,62.3,10.8,60
1400430060,大沼公園鹿部線,鹿部町・七飯町境,七飯町・鹿部町境,1337,0,1.7,,1755,,1593,3348,1.2,0.34,62.4,63.3,10,60
1400430065,大沼公園鹿部線,七飯町・鹿部町境,一般国道２７８号,1343,0,6.3,,1755,,1593,3348,1.2,0.34,60.8,60.8,10,60
1400430070,大沼公園鹿部線,一般国道２７８号,大沼公園鹿部線,1343,0,0.8,,1755,,1593,3348,1.2,0.34,24.5,20.1,10,60
1400430090,大沼公園鹿部線,一般国道５号,大沼公園線,1345,0,4.3,茅部郡森町赤井川,215,茅部郡森町赤井川,226,441,1.17,0.05,51.6,48.7,12.5,60
1302780150,大沼公園鹿部線,一般国道２７８号,大沼公園鹿部線,1343,0,4.1,,1561,,1587,3148,1.16,0.32,36.1,32.1,9.5,40
1302780155,大沼公園鹿部線,大沼公園鹿部線,一般国道２７８号,1343,0,2.7,,1273,,1445,2718,1.2,0.3,42.7,42.9,9,50
1400440010,石狩手稲線,一般国道２３１号,花畔札幌線,1235,0,1.3,,9243,,10046,19289,1.24,0.87,31.7,32.7,31.5,50
1400440020,石狩手稲線,花畔札幌線,樽川篠路線,1235,0,4.3,石狩市花畔・花川南1-1,10298,石狩市花畔・花川南1-1,8083,18381,1.24,0.95,31,33.4,31.5,50
1400440030,石狩手稲線,樽川篠路線,,1235,0,0.6,石狩市花畔・花川南1-1,10298,石狩市花畔・花川南1-1,8083,18381,1.24,0.95,32.7,31.9,31.5,50
1400440040,石狩手稲線,,前田新川線,1109,0,1.1,札幌市手稲区前田5条10丁目,10143,札幌市手稲区前田5条10丁目,10269,20412,1.24,0.73,34.9,28.7,25.5,50
1400440050,石狩手稲線,前田新川線,下手稲札幌線,1109,0,1.2,札幌市手稲区前田5条10丁目,10143,札幌市手稲区前田5条10丁目,10269,20412,1.24,0.78,23.3,22.8,25.45,50
1400440060,石狩手稲線,下手稲札幌線,一般国道５号,1109,0,1.4,札幌市手稲区前田5条10丁目,10143,札幌市手稲区前田5条10丁目,10269,20412,1.24,0.94,21.3,21.6,25.45,40
1400450120,恵庭栗山線,江別恵庭線,一般国道３６号,1231,0,2.5,,2414,,2236,4650,1.21,0.56,40.9,44.3,17.5,50
1400450010,恵庭栗山線,一般国道３６号,島松千歳線,1231,0,1.7,,2414,,2236,4650,1.21,0.56,40.9,44.3,17.5,50
1400450020,恵庭栗山線,島松千歳線,恵庭市・長沼町境,1231,0,5.8,,2414,,2236,4650,1.21,0.56,50.1,51,17.5,50
1400450030,恵庭栗山線,恵庭市・長沼町境,舞鶴追分線,1428,0,0.2,,2530,,2344,4874,1.21,0.47,51.7,45.4,11.25,60
1400450040,恵庭栗山線,舞鶴追分線,一般国道２７４号,1428,0,3,,2530,,2344,4874,1.21,0.47,56.9,47.4,11.25,60
1400450055,恵庭栗山線,一般国道３３７号,札幌夕張線,1428,0,0.6,,3745,,3781,7526,1.21,0.55,26.9,25.8,17,50
1400450060,恵庭栗山線,札幌夕張線,長沼南幌線,1428,0,2.2,,3745,,3781,7526,1.21,0.55,43.9,49.2,17,50
1400450070,恵庭栗山線,長沼南幌線,北長沼由仁線,1428,0,3.4,,3745,,3781,7526,1.21,0.55,51.3,54.4,17,50
1400450075,恵庭栗山線,北長沼由仁線,,1428,0,0.8,長沼町1区馬追橋,2475,長沼町1区馬追橋,2537,5012,1.21,0.48,40.4,39.2,16.25,50
1400450080,恵庭栗山線,,長沼町・栗山町境,1428,0,2.5,長沼町1区馬追橋,2475,長沼町1区馬追橋,2537,5012,1.21,0.48,52.4,56.2,16.25,50
1400450090,恵庭栗山線,長沼町・栗山町境,朝日桜丘線,1429,0,0.7,長沼町1区馬追橋,2475,長沼町1区馬追橋,2537,5012,1.21,0.47,46.6,42.6,16.25,50
1400450100,恵庭栗山線,朝日桜丘線,一般国道２３４号,1429,0,0.2,長沼町1区馬追橋,2475,長沼町1区馬追橋,2537,5012,1.21,0.47,18.1,15.5,16.25,50
1400460010,江別恵庭線,一般国道２７５号,江別インター線,1217,0,2.8,江別市角山456番地,3425,江別市角山456番地,3199,6624,1.21,0.83,39.7,45.8,8.25,50
1400460020,江別恵庭線,江別インター線,東雁来江別線,1217,0,2,,3530,,3676,7206,1.21,0.3,28.9,26.6,31.75,60
1400460030,江別恵庭線,東雁来江別線,一般国道１２号,1217,0,0.4,,3530,,3676,7206,1.21,0.54,15.7,11.8,15.5,60
1400460050,江別恵庭線,一般国道１２号,江別長沼線,1217,0,1.4,江別市西野幌107番地,8349,江別市西野幌107番地,8203,16552,1.26,1.85,23,21.7,15.5,60
1400460060,江別恵庭線,江別長沼線,野幌総合運動公園線,1217,0,2.6,江別市西野幌107番地,8349,江別市西野幌107番地,8203,16552,1.26,0.85,50.5,48.6,26,50
1400460070,江別恵庭線,野幌総合運動公園線,野幌総合運動公園線,1217,0,0.6,江別市西野幌107番地,8349,江別市西野幌107番地,8203,16552,1.26,0.85,35.9,38.3,26,50
1400460080,江別恵庭線,野幌総合運動公園線,江別市・北広島市境,1217,0,5.3,江別市西野幌107番地,8349,江別市西野幌107番地,8203,16552,1.26,0.85,60.7,61.8,26,50
1400460090,江別恵庭線,江別市・北広島市境,栗山北広島線,1234,0,1.4,江別市西野幌107番地,8349,江別市西野幌107番地,8203,16552,1.26,0.83,63.4,54.3,26,50
1400460100,江別恵庭線,栗山北広島線,一般国道２７４号,1234,0,1.5,,7951,,7882,15833,1.23,0.67,45.6,35.9,26,50
1400460110,江別恵庭線,一般国道２７４号,栗山北広島線,1234,0,1.2,,7025,,7331,14356,1.22,0.67,23.5,27.2,20,50
1400460120,江別恵庭線,栗山北広島線,北広島停車場線,1234,0,0.7,,7025,,7331,14356,1.22,0.67,32.5,42.2,20,50
1400460130,江別恵庭線,北広島停車場線,北広島市・恵庭市境,1234,0,4.6,,7025,,7331,14356,1.22,0.67,52.5,50.4,20,50
1400460140,江別恵庭線,北広島市・恵庭市境,島松停車場線,1231,0,2.5,,7025,,7331,14356,1.22,0.65,42.4,43.3,25,50
1400460150,江別恵庭線,島松停車場線,一般国道３６号,1231,0,1.9,,6628,,6785,13413,1.22,0.57,37.6,30.7,25,50
1400460170,江別恵庭線,一般国道３６号,恵庭岳公園線,1231,0,3.1,,7318,,6234,13552,1.22,0.69,33,35.9,33,50
1400460180,江別恵庭線,恵庭岳公園線,恵庭停車場線,1231,0,0.6,,3321,,3195,6516,1.21,0.35,23.7,20.5,33,50
1400460185,江別恵庭線,恵庭停車場線,恵庭栗山線,1231,0,1.1,,3321,,3195,6516,1.21,0.35,34.4,31.4,33,50
1400460190,江別恵庭線,恵庭栗山線,一般国道３６号,1231,0,1.3,,3321,,3195,6516,1.21,0.35,32.5,31.4,33,50
1400470010,深川雨竜線,一般国道２３３号,深川多度志線,1228,0,1.6,,3743,,3782,7525,1.21,0.29,26.7,26.6,21.82,50
1400470020,深川雨竜線,深川多度志線,一般国道２３３号（深川留萌道）,1228,0,1.8,,3743,,3782,7525,1.21,0.29,40.1,44.7,21.82,50
1400470030,深川雨竜線,一般国道２３３号（深川留萌道）,深川市・妹背牛町境,1228,0,2,妹背牛町字妹背牛,2221,妹背牛町字妹背牛,1961,4182,1.14,0.1,50.3,53,23,50
1400470040,深川雨竜線,深川市・妹背牛町境,増毛稲田線,1433,0,0.8,妹背牛町字妹背牛,2221,妹背牛町字妹背牛,1961,4182,1.14,0.39,34.5,42.2,14,50
1400470050,深川雨竜線,増毛稲田線,沼田妹背牛線,1433,0,0.5,妹背牛町字妹背牛,2221,妹背牛町字妹背牛,1961,4182,1.14,0.39,35.4,32.4,14,50
1400470060,深川雨竜線,沼田妹背牛線,増毛稲田線,1433,0,0.4,妹背牛町字妹背牛,2221,妹背牛町字妹背牛,1961,4182,1.14,0.39,27.5,23.7,14,50
1400470070,深川雨竜線,増毛稲田線,妹背牛町・雨竜町境,1433,0,5.3,,1003,,1068,2071,1.2,0.3,53.8,57.5,14,50
1400470080,深川雨竜線,妹背牛町・雨竜町境,一般国道２７５号,1436,0,1.1,,1003,,1068,2071,1.2,0.29,47.1,38.3,22.5,60
1400480010,和寒幌加内線,和寒鷹栖線,三和剣淵線,1464,0,3.4,名寄市東風連町東風連,370,名寄市東風連町東風連,356,726,1.15,0.13,49.2,40.7,14,60
1400480020,和寒幌加内線,三和剣淵線,雨竜旭川線,1464,0,5.2,名寄市東風連町東風連,370,名寄市東風連町東風連,356,726,1.15,0.13,57.2,52,14,60
1400480030,和寒幌加内線,雨竜旭川線,雨竜旭川線,1464,0,5,名寄市東風連町東風連,370,名寄市東風連町東風連,356,726,1.15,0.13,61.9,60.6,14,60
1400480040,和寒幌加内線,雨竜旭川線,和寒町・幌加内町境,1464,0,3.9,下川町南町,242,下川町南町,205,447,1.15,0.08,64.3,58.7,9,60
1400480050,和寒幌加内線,和寒町・幌加内町境,一般国道２７５号,1472,0,10.2,下川町南町,242,下川町南町,205,447,1.15,0.08,55.9,52.4,9,60
1400490010,美深雄武線,一般国道４０号,班渓美深停車場線,1469,0,1.1,,409,,478,887,1.17,0.25,29.1,30.1,10.7,60
1400490015,美深雄武線,班渓美深停車場線,一般国道４０号（名寄美深道路）,1469,0,0.4,,,,,,,,40,47.5,7.5,60
1400490020,美深雄武線,一般国道４０号（名寄美深道路）,美深名寄線,1469,0,2.6,,409,,478,887,1.17,0.23,61.9,62.7,7.5,60
1400490030,美深雄武線,美深名寄線,美深中頓別線,1469,0,16.3,,409,,478,887,1.17,0.23,65.2,64.5,7.5,60
1400490040,美深雄武線,美深中頓別線,美深町・雄武町境,1469,0,6.6,,409,,478,887,1.17,0.23,65.4,62.2,7.5,60
1400490050,美深雄武線,美深町・雄武町境,下川雄武線,1563,0,7.8,雄武町上幌内,76,雄武町上幌内,55,131,1.12,0.03,51.9,52.5,7.5,60
1400490060,美深雄武線,下川雄武線,下川雄武線,1563,0,4,雄武町上幌内,76,雄武町上幌内,55,131,1.12,0.03,53.1,52.7,7.5,60
1400490070,美深雄武線,下川雄武線,遠軽雄武線,1563,0,13.4,雄武町上幌内,76,雄武町上幌内,55,131,1.12,0.03,64.2,59,7.5,60
1400490080,美深雄武線,遠軽雄武線,一般国道２３８号,1563,0,9.6,,501,,467,968,1.18,0.27,54.5,58,10.5,60
1400500005,北見置戸線,北見津別線,置戸福野北見線,1208,0,1.3,,4540,,4052,8592,1.21,0.87,43.8,46.8,15,60
1400500010,北見置戸線,置戸福野北見線,上常呂停車場線,1208,0,1.5,,4540,,4052,8592,1.21,0.87,41.6,39.5,15,60
1400500020,北見置戸線,上常呂停車場線,北見市・訓子府町境,1208,0,3.5,,4540,,4052,8592,1.21,0.83,58.4,56.8,14,60
1400500030,北見置戸線,北見市・訓子府町境,訓子府津別線,1549,0,1.2,,4540,,4052,8592,1.21,0.83,54.6,46.2,14,60
1400500040,北見置戸線,訓子府津別線,北見白糠線,1549,0,4.5,訓子府町字穂波,2289,訓子府町字穂波,2171,4460,1.18,0.43,32.7,35.6,11,60
1400500050,北見置戸線,北見白糠線,訓子府町・置戸町境,1549,0,5.3,,1298,,1280,2578,1.2,0.32,51,49.6,12.5,60
1400500060,北見置戸線,訓子府町・置戸町境,一般国道２４２号,1550,0,6.1,,1298,,1280,2578,1.2,0.35,62.5,62.8,9.75,60
1400510010,津別陸別線,一般国道２４０号,二又北見線,1544,0,13.7,津別町字木樋,313,津別町字木樋,448,761,1.17,0.27,64,62.1,7.5,60
1400510020,津別陸別線,二又北見線,津別町・陸別町境,1544,0,4.7,津別町字木樋,313,津別町字木樋,448,761,1.17,0.26,65.7,61.4,9.5,60
1400510030,津別陸別線,津別町・陸別町境,北見白糠線,1648,0,12.2,足寄郡陸別町陸別,465,足寄郡陸別町陸別,601,1066,1.17,0.24,62.7,64.7,18.5,60
1400510040,津別陸別線,北見白糠線,一般国道２４２号,1648,0,0.3,足寄郡陸別町陸別,465,足寄郡陸別町陸別,601,1066,1.17,0.24,23.8,21.3,18.5,60
1400520010,屈斜路摩周湖畔線,一般国道２４３号,一般国道３９１号,1665,0,18.9,川上郡弟子屈町川湯温泉,404,川上郡弟子屈町川湯温泉,461,865,1.18,0.1,42.6,33.9,13,60
1400520030,屈斜路摩周湖畔線,一般国道３９１号,一般国道２４３号,1665,0,21.3,,534,,457,991,1.18,0.18,51.6,48.7,11.5,60
1400530010,釧路鶴居弟子屈線,釧路停車場線,一般国道３８号,1206,0,3.2,釧路市川北町1,11590,釧路市川北町1,11530,23120,1.18,1.17,21.8,25.1,22,50
1400530020,釧路鶴居弟子屈線,一般国道３８号,新富士停車場線,1206,0,0.9,釧路市鶴野,3930,釧路市鶴野,4368,8298,1.21,1.08,30.1,32.9,18,50
1400530030,釧路鶴居弟子屈線,新富士停車場線,一般国道３８号,1206,0,0.8,釧路市鶴野,3930,釧路市鶴野,4368,8298,1.21,1.08,30.4,25.9,18,50
1400530040,釧路鶴居弟子屈線,一般国道３８号,釧路環状線,1206,0,3,釧路市鶴野,3930,釧路市鶴野,4368,8298,1.21,1.08,29,32.3,18,50
1400530050,釧路鶴居弟子屈線,釧路環状線,一般国道３８号,1206,0,1.5,釧路市鶴野,3930,釧路市鶴野,4368,8298,1.21,1.07,32.2,20.4,14.25,50
1400530060,釧路鶴居弟子屈線,一般国道３８号,徹別原野釧路線,1206,0,3.1,,12316,,10086,22402,1.24,1.38,32.1,40.3,12.55,60
1400530070,釧路鶴居弟子屈線,徹別原野釧路線,釧路市・鶴居村境,1206,0,4.6,阿寒郡鶴居村アトコシヤラカ,2713,阿寒郡鶴居村アトコシヤラカ,2322,5035,1.21,0.75,55.3,59.1,14.8,60
1400530080,釧路鶴居弟子屈線,釧路市・鶴居村境,阿寒標茶線,1667,0,8.5,阿寒郡鶴居村アトコシヤラカ,2713,阿寒郡鶴居村アトコシヤラカ,2322,5035,1.21,0.56,62.7,63.7,11.55,60
1400530090,釧路鶴居弟子屈線,阿寒標茶線,阿寒標茶線,1667,0,2.3,阿寒郡鶴居村下雪裡第一,1753,阿寒郡鶴居村下雪裡第一,1534,3287,1.2,0.47,65.6,66.5,11.55,60
1400530100,釧路鶴居弟子屈線,阿寒標茶線,幌呂原野鶴居線,1667,0,7.4,阿寒郡鶴居村下雪裡第一,1753,阿寒郡鶴居村下雪裡第一,1534,3287,1.2,0.47,59.6,64.4,11.55,60
1400530110,釧路鶴居弟子屈線,幌呂原野鶴居線,阿寒公園鶴居線,1667,0,0.1,阿寒郡鶴居村下雪裡第一,1753,阿寒郡鶴居村下雪裡第一,1534,3287,1.2,0.47,37.5,37.9,11.55,60
1400530120,釧路鶴居弟子屈線,阿寒公園鶴居線,一般国道２７４号,1667,0,4.3,,1278,,1123,2401,1.2,0.55,63.1,63.8,9.85,60
1400530140,釧路鶴居弟子屈線,一般国道２７４号,標茶町・弟子屈町境,1664,0,9.7,,899,,850,1749,1.19,0.33,67.8,64.7,10.5,60
1400530150,釧路鶴居弟子屈線,標茶町・弟子屈町境,札友内弟子屈停車場線,1665,0,11.5,,899,,850,1749,1.19,0.36,64.3,57.2,8.5,60
1400530160,釧路鶴居弟子屈線,札友内弟子屈停車場線,札友内弟子屈停車場線,1665,0,0.9,,1691,,1555,3246,1.2,0.34,22.4,18.2,10.3,40
1400530170,釧路鶴居弟子屈線,札友内弟子屈停車場線,一般国道２４３号,1665,0,0.5,,1691,,1555,3246,1.2,0.34,33.6,39,10.3,40
1400540010,東瓜幕芽室線,一般国道２７４号,鹿追町・音更町境,1634,0,1.2,,166,,174,340,1.16,0.06,41.7,49.7,14.5,60
1400540020,東瓜幕芽室線,鹿追町・音更町境,笹川士幌線,1631,0,2.8,,166,,174,340,1.16,0.06,61.4,58.5,10.5,60
1400540030,東瓜幕芽室線,笹川士幌線,,1631,0,2.8,,166,,174,340,1.16,0.06,65.6,59.5,10.5,60
1400540040,東瓜幕芽室線,,音更新得線,1631,0,6.9,,380,,448,828,1.17,0.13,65.5,62,10.56,60
1400540050,東瓜幕芽室線,音更新得線,音更町・鹿追町境,1631,0,2.4,河東郡音更町上然別西,1207,河東郡音更町上然別西,1020,2227,1.2,0.31,66.3,64.1,17.5,60
1400540060,東瓜幕芽室線,音更町・鹿追町境,音更新得線,1634,0,3.4,河東郡音更町上然別西,1207,河東郡音更町上然別西,1020,2227,1.2,0.31,67.4,67.7,14,60
1400540070,東瓜幕芽室線,音更新得線,鹿追町・芽室町境,1634,0,4.7,,546,,459,1005,1.18,0.23,56.1,58.4,8.36,60
1400540080,東瓜幕芽室線,鹿追町・芽室町境,熊牛音更線,1637,0,2.5,,546,,459,1005,1.18,0.22,60,62.8,10.3,60
1400540090,東瓜幕芽室線,熊牛音更線,熊牛音更線,1637,0,1.4,,546,,459,1005,1.18,0.22,62.3,60.5,10.3,60
1400540100,東瓜幕芽室線,熊牛音更線,道東自動車道,1637,0,3.5,河西郡芽室町祥栄北6線,933,河西郡芽室町祥栄北6線,1071,2004,1.19,0.33,65.1,68.3,10.8,50
1400540110,東瓜幕芽室線,道東自動車道,帯広新得線,1637,0,3.5,河西郡芽室町祥栄北6線,933,河西郡芽室町祥栄北6線,1071,2004,1.19,0.33,57.4,61.1,10.8,50
1400540120,東瓜幕芽室線,帯広新得線,一般国道３８号,1637,0,1.9,,1724,,1841,3565,1.2,0.43,44.4,40,11.5,60
1400550210,清水大樹線,一般国道２７４号,,1636,0,10.3,上川郡清水町羽帯,702,上川郡清水町羽帯,599,1301,1.36,0.41,55.2,55.6,7.5,50
1400550010,清水大樹線,,旭山線,1636,0,3.2,,415,,566,981,1.18,0.11,63.8,61.5,13.6,60
1400550020,清水大樹線,旭山線,清水町・芽室町境,1636,0,2.7,河西郡芽室町渋山　渋山新橋,230,河西郡芽室町渋山　渋山新橋,214,444,1.15,0.06,65.4,62.9,8.5,50
1400550030,清水大樹線,清水町・芽室町境,中美生芽室線,1637,0,8,河西郡芽室町渋山　渋山新橋,230,河西郡芽室町渋山　渋山新橋,214,444,1.15,0.06,62.4,59.3,10.5,60
1400550040,清水大樹線,中美生芽室線,芽室町・帯広市境,1637,0,13.9,,1013,,912,1925,1.2,0.31,60.9,62.6,10.5,60
1400550050,清水大樹線,芽室町・帯広市境,八千代帯広線,1207,0,2.9,,1013,,912,1925,1.2,0.31,56.6,53,7.5,60
1400550060,清水大樹線,八千代帯広線,上札内帯広線,1207,0,4,,474,,515,989,1.18,0.13,59,62.1,8.5,60
1400550070,清水大樹線,上札内帯広線,帯広市・中札内村境,1207,0,4,河西郡中札内村中戸蔦東5線,184,河西郡中札内村中戸蔦東5線,172,356,1.16,0.06,52.1,61.5,14,50
1400550080,清水大樹線,帯広市・中札内村境,一般国道２３６号,1638,0,5.6,河西郡中札内村中戸蔦東5線,184,河西郡中札内村中戸蔦東5線,172,356,1.16,0.07,56.9,48,8,60
1400550100,清水大樹線,一般国道２３６号,上札内帯広線,1638,0,6.2,,1237,,1156,2393,1.2,0.35,56.5,51,10.5,60
1400550110,清水大樹線,上札内帯広線,静内中札内線,1638,0,0.5,,689,,662,1351,1.19,0.2,38.5,47.8,8,60
1400550120,清水大樹線,静内中札内線,中札内村・更別村境,1638,0,4.8,,689,,662,1351,1.19,0.2,52.8,66.2,8,60
1400550130,清水大樹線,中札内村・更別村境,更南更別停車場線,1639,0,1.1,,689,,662,1351,1.19,0.19,71.7,69,8.3,60
1400550140,清水大樹線,更南更別停車場線,更別村・大樹町境,1639,0,1.3,,689,,662,1351,1.19,0.19,68.4,56.5,8.3,60
1400550150,清水大樹線,更別村・大樹町境,光地園尾田線,1641,0,6,,689,,662,1351,1.19,0.19,68.8,70.7,8,60
1400550160,清水大樹線,光地園尾田線,尾田豊頃停車場線,1641,0,1.1,,689,,662,1351,1.19,0.19,63.4,70.9,8,60
1400550170,清水大樹線,尾田豊頃停車場線,一般国道２３６号,1641,0,9.1,,760,,802,1562,1.19,0.17,50.1,55.7,11.5,60
1400550190,清水大樹線,一般国道２３６号,萌和大樹停車場線,1641,0,0.6,,607,,588,1195,1.19,0.16,29.7,39.4,10.9,60
1400550200,清水大樹線,萌和大樹停車場線,一般国道３３６号,1641,0,8,,607,,588,1195,1.19,0.16,63.2,62.9,10.9,60
1400560010,本別浦幌線,一般国道２７４号,東台留真線,1649,0,21.8,十勝郡浦幌町暁橋,803,十勝郡浦幌町暁橋,756,1559,1.19,0.28,60.5,63.4,11.5,60
1400560020,本別浦幌線,東台留真線,留真線,1649,0,1.9,,634,,618,1252,1.19,0.19,51.1,62.1,9.5,60
1400560030,本別浦幌線,留真線,音別浦幌線,1649,0,5.7,,634,,618,1252,1.19,0.19,58.5,63.6,9.5,60
1400560040,本別浦幌線,音別浦幌線,浦幌停車場線,1649,0,6.9,,829,,811,1640,1.19,0.22,47.3,51.5,11.5,60
1400560050,本別浦幌線,浦幌停車場線,十弗浦幌線,1649,0,0.6,,1710,,1638,3348,1.2,0.47,33.7,25.4,21,40
1400560060,本別浦幌線,十弗浦幌線,一般国道３８号,1649,0,0.4,,1710,,1638,3348,1.2,0.47,26.6,27.8,21,40
1400570010,旭川深川線,一般国道１２号,旭川市・深川市境,1204,0,1.2,,4027,,3859,7886,1.21,0.87,38.4,51.6,11.25,50
1400570020,旭川深川線,旭川市・深川市境,湯内内園線,1228,0,3.5,深川市納内町字納内5丁目,2765,深川市納内町字納内5丁目,2598,5363,1.21,0.27,59.5,58.5,27,60
1400570030,旭川深川線,湯内内園線,多度志一己線,1228,0,5.5,深川市納内町字納内5丁目,2765,深川市納内町字納内5丁目,2598,5363,1.21,0.27,60.9,63.4,27,60
1400570040,旭川深川線,多度志一己線,一般国道２３３号,1228,0,1.7,,6108,,6459,12567,1.22,0.48,33.4,30.5,21,50
1400580010,倶知安ニセコ線,一般国道５号,倶知安町・ニセコ町境,1400,0,14.9,,747,,769,1516,1.19,0.71,42.8,43,5.5,50
1400580020,倶知安ニセコ線,倶知安町・ニセコ町境,ニセコ町・蘭越町境,1395,0,0.8,,566,,557,1123,1.18,0.16,44,47.7,9.3,60
1400580030,倶知安ニセコ線,ニセコ町・蘭越町境,岩内洞爺線,1394,0,3.8,,566,,557,1123,1.18,0.16,44.8,45,8.5,60
1400590010,平取厚真線,一般国道２３７号,平取町・むかわ町境,1602,0,1.8,沙流郡平取町字荷菜,740,沙流郡平取町字荷菜,802,1542,1.24,0.25,35.9,43.3,10.5,50
1400590020,平取厚真線,平取町・むかわ町境,穂別鵡川線,1586,0,2.2,,1447,,1255,2702,1.2,0.44,54,52.8,7.5,50
1400590030,平取厚真線,穂別鵡川線,穂別鵡川線,1586,0,6.5,,868,,809,1677,1.19,0.2,59,58.5,13.25,50
1400590040,平取厚真線,穂別鵡川線,むかわ町・厚真町境,1586,0,8.6,,984,,1072,2056,1.2,0.26,54.2,62.7,14,50
1400590050,平取厚真線,むかわ町・厚真町境,千歳鵡川線,1581,0,11.2,,984,,1072,2056,1.2,0.31,51.4,54.6,7.8,60
1400600010,下川雄武線,一般国道２３９号,下川町・雄武町境,1468,0,27.4,,105,,81,186,1.19,0.03,68.5,70.5,7.8,60
1400600020,下川雄武線,下川町・雄武町境,美深雄武線,1563,0,3.3,,52,,48,100,1.12,0.02,59.3,66.1,9.5,60
1400600040,下川雄武線,美深雄武線,一般国道２３８号,1563,0,21.1,,52,,48,100,1.12,0.02,60.4,58.6,7.6,60
1400610010,士別滝の上線,一般国道４０号,旭士別線,1220,0,0.6,,1294,,1210,2504,1.2,0.4,17.5,19.8,21.82,40
1400610020,士別滝の上線,旭士別線,上士別ビバカルウシ線,1220,0,9.8,,1294,,1210,2504,1.2,0.29,47.1,45,10.25,50
1400610030,士別滝の上線,上士別ビバカルウシ線,上士別和寒線,1220,0,6.1,剣淵町南桜町,529,剣淵町南桜町,529,1058,1.19,0.13,61,61,10.25,60
1400610040,士別滝の上線,上士別和寒線,下川愛別線,1220,0,10.1,剣淵町南桜町,529,剣淵町南桜町,529,1058,1.19,0.13,42.2,43.5,10.25,60
1400610050,士別滝の上線,下川愛別線,下川愛別線,1220,0,8.1,,230,,131,361,1.15,0.07,52.1,49.2,7.8,60
1400610060,士別滝の上線,下川愛別線,士別市・滝上町境,1220,0,13.5,,230,,131,361,1.15,0.07,60.2,67.3,7.8,60
1400610070,士別滝の上線,士別市・滝上町境,遠軽雄武線,1560,0,22.7,,65,,71,136,1.12,0.03,67.2,74.7,7.8,60
1400610080,士別滝の上線,遠軽雄武線,上渚滑原野滝ノ上線,1560,0,5.6,,401,,447,848,1.17,0.1,47.9,59.9,8.3,60
1400610090,士別滝の上線,上渚滑原野滝ノ上線,シラトリマップ滝ノ上原野線,1560,0,1.2,,1639,,1654,3293,1.2,0.35,27.8,37.9,14,40
1400610100,士別滝の上線,シラトリマップ滝ノ上原野線,一般国道２７３号,1560,0,0.5,,1639,,1654,3293,1.2,0.35,22,31,14,40
1400620010,豊頃糠内芽室線,一般国道３８号,湧洞豊頃停車場線,1645,0,9.4,中川郡豊頃町礼作別,270,中川郡豊頃町礼作別,279,549,1.15,0.08,58.9,55.8,13,60
1400620020,豊頃糠内芽室線,湧洞豊頃停車場線,豊頃町・幕別町境,1645,0,1.9,,386,,530,916,1.17,0.15,68.6,66.1,9,60
1400620030,豊頃糠内芽室線,豊頃町・幕別町境,幕別大樹線,1643,0,1.9,,386,,530,916,1.17,0.18,58.3,56.2,9.12,60
1400620050,豊頃糠内芽室線,幕別大樹線,明倫幕別停車場線,1643,0,6.6,中川郡幕別町美川　栄橋,342,中川郡幕別町美川　栄橋,402,744,1.16,0.14,66.2,58,14,60
1400620060,豊頃糠内芽室線,明倫幕別停車場線,幕別町・帯広市境,1643,0,0.4,,605,,772,1377,1.19,0.27,61.3,62,9,50
1400620070,豊頃糠内芽室線,幕別町・帯広市境,更別幕別線,1207,0,1.6,,605,,772,1377,1.19,0.28,69.4,65.2,11.5,60
1400620080,豊頃糠内芽室線,更別幕別線,更別幕別線,1207,0,0.8,,605,,772,1377,1.19,0.28,63.3,60.5,11.5,60
1400620090,豊頃糠内芽室線,更別幕別線,新帯広空港線,1207,0,4.7,,605,,772,1377,1.19,0.28,58.9,63.7,11.5,60
1400620100,豊頃糠内芽室線,新帯広空港線,一般国道２３６号,1207,0,2.4,,605,,772,1377,1.19,0.28,47.7,42.8,11.5,60
1400620110,豊頃糠内芽室線,一般国道２３６号,上札内帯広線,1207,0,3.5,,1365,,1502,2867,1.2,0.4,45.2,47.4,11.5,60
1400620120,豊頃糠内芽室線,上札内帯広線,八千代帯広線,1207,0,2.7,,1365,,1502,2867,1.2,0.4,60.3,58.8,11.5,60
1400620130,豊頃糠内芽室線,八千代帯広線,八千代帯広線,1207,0,3.6,,183,,201,384,1.15,0.07,63.7,57.8,10.75,60
1400620140,豊頃糠内芽室線,八千代帯広線,帯広市・芽室町境,1207,0,1,,183,,201,384,1.15,0.07,42.1,31.2,10.75,60
1400620150,豊頃糠内芽室線,帯広市・芽室町境,中美生芽室線,1637,0,15.1,,183,,201,384,1.15,0.06,58,58.7,11.8,60
1400620160,豊頃糠内芽室線,中美生芽室線,芽室東四条帯広線,1637,0,0.2,,1332,,1403,2735,1.2,0.53,15.3,16.1,20,40
1400620170,豊頃糠内芽室線,芽室東四条帯広線,芽室停車場線,1637,0,0.5,,1332,,1403,2735,1.2,0.53,20.8,20.3,20,40
1400620180,豊頃糠内芽室線,芽室停車場線,一般国道３８号,1637,0,1.1,,1332,,1403,2735,1.2,0.53,16.1,19.5,20,40
1400630010,函館空港線,,函館空港インター線,1202,0,0.5,,5469,,5322,10791,1.22,0.29,39.9,22.7,25,50
1400630020,函館空港線,函館空港インター線,一般国道２７８号,1202,0,1.6,,5469,,5322,10791,1.22,0.52,42.8,37.9,25,50
1400640010,女満別空港線,,小清水女満別線,1564,0,0.4,,2450,,2667,5117,1.21,0.45,32.7,36.5,17.25,60
1400640015,女満別空港線,小清水女満別線,女満別空港インター線,1564,0,0.1,,2450,,2667,5117,1.21,0.45,21.3,18.6,17.25,60
1400640020,女満別空港線,女満別空港インター線,福住女満別線,1564,0,4.1,,2450,,2667,5117,1.21,0.45,47.7,49.5,17.25,60
1400640030,女満別空港線,福住女満別線,一般国道３９号,1564,0,0.1,,2450,,2667,5117,1.21,0.45,25,11.9,17.25,60
1400650010,釧路空港線,,一般国道２４０号,1206,0,2.9,,1590,,1399,2989,1.2,0.44,56.4,48.5,28.5,60
1400660010,岩内洞爺線,一般国道２２９号,野束清住線,1402,0,0.2,岩内郡岩内町字高台,2504,岩内郡岩内町字高台,2303,4807,1.21,0.53,10.8,17.2,16.5,40
1400660020,岩内洞爺線,野束清住線,岩内蘭越線,1402,0,0.7,岩内郡岩内町字高台,2504,岩内郡岩内町字高台,2303,4807,1.21,0.53,18.4,21.2,16.5,40
1400660030,岩内洞爺線,岩内蘭越線,岩内町・共和町境,1402,0,1.6,岩内郡岩内町字高台,2504,岩内郡岩内町字高台,2303,4807,1.21,0.53,20.5,27.9,16.5,40
1400660040,岩内洞爺線,岩内町・共和町境,老古美小沢停車場線,1401,0,3.3,岩内郡岩内町字高台,2504,岩内郡岩内町字高台,2303,4807,1.21,0.61,64.3,64.4,9.1,60
1400660050,岩内洞爺線,老古美小沢停車場線,岩内蘭越線,1401,0,8.2,,465,,431,896,1.17,0.11,53.4,54.3,9.1,60
1400660060,岩内洞爺線,岩内蘭越線,共和町・蘭越町境,1401,0,7.4,,492,,444,936,1.17,0.13,69.2,61.8,9.1,60
1400660070,岩内洞爺線,共和町・蘭越町境,倶知安ニセコ線,1394,0,4.7,,492,,444,936,1.17,0.14,51.6,50.7,9.1,50
1400660080,岩内洞爺線,倶知安ニセコ線,岩内洞爺線,1394,0,3.7,,492,,444,936,1.17,0.14,51.4,55.6,9.1,50
1400660090,岩内洞爺線,岩内洞爺線,昆布停車場ニセコ線,1394,0,3.3,,492,,444,936,1.17,0.14,55.5,48.1,9.1,50
1400660100,岩内洞爺線,昆布停車場ニセコ線,蘭越町・ニセコ町境,1394,0,1,,492,,444,936,1.17,0.14,44.4,49.3,9.1,50
1400660110,岩内洞爺線,蘭越町・ニセコ町境,蘭越ニセコ倶知安線,1395,0,3.5,虻田郡ニセコ町字曽我,2311,虻田郡ニセコ町字曽我,2337,4648,1.2,0.42,51.8,48.8,16.5,60
1400660120,岩内洞爺線,蘭越ニセコ倶知安線,蘭越ニセコ倶知安線,1395,0,0.8,虻田郡ニセコ町字曽我,2311,虻田郡ニセコ町字曽我,2337,4648,1.2,0.42,46.6,54.3,16.5,60
1400660130,岩内洞爺線,蘭越ニセコ倶知安線,ニセコ停車場線,1395,0,3.1,虻田郡ニセコ町字曽我,2311,虻田郡ニセコ町字曽我,2337,4648,1.2,0.42,36.7,42.9,16.5,60
1400660140,岩内洞爺線,ニセコ停車場線,ニセコ停車場線,1395,0,0.2,虻田郡ニセコ町字曽我,2311,虻田郡ニセコ町字曽我,2337,4648,1.2,0.42,22.9,21.8,16.5,60
1400660150,岩内洞爺線,ニセコ停車場線,一般国道５号,1395,0,1.5,虻田郡ニセコ町字曽我,2311,虻田郡ニセコ町字曽我,2337,4648,1.2,0.42,35.4,36.2,16.5,60
1400660160,岩内洞爺線,一般国道５号,三ノ原ニセコ線,1395,0,1,,2244,,2114,4358,1.21,0.5,33.1,36.4,16.5,60
1400660170,岩内洞爺線,三ノ原ニセコ線,ニセコ町・真狩村境,1395,0,3.9,,2244,,2114,4358,1.21,0.5,57.8,57.3,16.5,60
1400660180,岩内洞爺線,ニセコ町・真狩村境,豊浦京極線,1396,0,4.5,,1440,,1391,2831,1.2,0.33,57.7,54.5,12.75,60
1400660190,岩内洞爺線,豊浦京極線,豊浦京極線,1396,0,1,,1440,,1391,2831,1.2,0.33,35.9,35.1,12.75,60
1400660200,岩内洞爺線,豊浦京極線,真狩村・留寿都村境,1396,0,4,,1440,,1391,2831,1.2,0.33,46.1,41.6,12.75,60
1400660210,岩内洞爺線,真狩村・留寿都村境,留寿都喜茂別線,1397,0,3.1,虻田郡留寿都村字豊岡,811,虻田郡留寿都村字豊岡,849,1660,1.19,0.2,62.1,59.4,12,40
1400660220,岩内洞爺線,留寿都喜茂別線,一般国道２３０号,1397,0,0.3,虻田郡留寿都村字豊岡,811,虻田郡留寿都村字豊岡,849,1660,1.19,0.2,35.7,26.1,12,40
1400660240,岩内洞爺線,一般国道２３０号,洞爺公園洞爺線,1584,0,4,,870,,814,1684,1.19,0.25,46.8,37.8,9.5,40
1400660260,岩内洞爺線,岩内蘭越線,,1394,0,3.2,,,,,,,,52.7,54.8,9,60
1400660270,岩内洞爺線,,,1394,0,0.4,,,,,,,,61.4,57.7,9,60
1400660280,岩内洞爺線,,岩内洞爺線,1394,0,1.9,,,,,,,,43.6,54.6,9,60
1400670010,八雲厚沢部線,一般国道５号,八雲町・厚沢部町境,1346,0,20.5,二海郡八雲町上の湯,755,二海郡八雲町上の湯,726,1481,1.16,0.46,51.7,53.7,7.5,60
1400670020,八雲厚沢部線,八雲町・厚沢部町境,乙部厚沢部線,1363,0,20.6,檜山郡厚沢部町字清水,290,檜山郡厚沢部町字清水,317,607,1.15,0.1,57.1,57.1,7.5,60
1400670030,八雲厚沢部線,乙部厚沢部線,一般国道２２７号,1363,0,0.5,,1143,,988,2131,1.2,0.28,28.5,24,14.5,40
1400680010,旭川空港線,,鷹栖東神楽線,1453,0,2.6,上川郡東神楽町南13号,1942,上川郡東神楽町南13号,2096,4038,1.21,0.38,39.4,43.5,20.4,60
1400680020,旭川空港線,鷹栖東神楽線,東神楽町・旭川市境,1453,0,1,上川郡東神楽町東1線,1902,上川郡東神楽町東1線,1824,3726,1.2,0.43,45.5,39.9,10,60
1400680030,旭川空港線,東神楽町・旭川市境,一般国道２３７号,1204,0,2.8,上川郡東神楽町東1線,1902,上川郡東神楽町東1線,1824,3726,1.2,0.43,33.6,32.1,11.5,60
1400690010,中標津空港線,,摩周湖中標津線,1692,0,0.4,標津郡中標津町丸山,2415,標津郡中標津町丸山,2575,4990,1.21,0.59,30.4,26.9,18,50
1400690020,中標津空港線,摩周湖中標津線,川北中標津線,1692,0,0.9,標津郡中標津町丸山,2415,標津郡中標津町丸山,2575,4990,1.21,0.59,43.8,39,18,50
1400690030,中標津空港線,川北中標津線,中標津標茶線,1692,0,2.7,標津郡中標津町丸山,2415,標津郡中標津町丸山,2575,4990,1.21,0.59,36,36.8,18,50
1400690040,中標津空港線,中標津標茶線,一般国道２７２号,1692,0,1.2,標津郡中標津町丸山,2415,標津郡中標津町丸山,2575,4990,1.21,0.59,23.6,24.5,18,50
1400700010,芦別美瑛線,一般国道３８号,野花南芦別線,1216,0,1.6,芦別市幌内落辺３号橋,26,芦別市幌内落辺３号橋,32,58,1.1,0.01,49.2,59.2,9.5,60
1400700020,芦別美瑛線,野花南芦別線,芦別市・美瑛町境,1216,0,12.3,芦別市幌内落辺３号橋,26,芦別市幌内落辺３号橋,32,58,1.1,0.01,41,41,9.5,60
1400700030,芦別美瑛線,芦別市・美瑛町境,留辺蕊上富良野線,1459,0,3.9,,168,,207,375,1.15,0.11,36.5,33.5,7.8,60
1400700040,芦別美瑛線,留辺蕊上富良野線,美瑛町・上富良野町境,1459,0,5.6,,168,,207,375,1.15,0.11,58.9,56.1,7.8,60
1400700050,芦別美瑛線,美瑛町・上富良野町境,上富良野町・美瑛町境,1460,0,0.6,,168,,207,375,1.15,0.11,51.1,52.4,10,60
1400700060,芦別美瑛線,上富良野町・美瑛町境,,1459,0,0.2,,168,,207,375,1.15,0.11,52.9,47.6,9.3,60
1400700070,芦別美瑛線,,美瑛町・上富良野町境,1459,0,0.2,,168,,207,375,1.15,0.11,53.7,51.9,8.8,60
1400700080,芦別美瑛線,美瑛町・上富良野町境,上富良野町・美瑛町境,1460,0,0.2,,168,,207,375,1.15,0.11,56,41.4,10,60
1400700085,芦別美瑛線,上富良野町・美瑛町境,美馬牛神楽線,1459,0,1.3,,168,,207,375,1.15,0.11,44.5,45.6,10,60
1400700090,芦別美瑛線,美馬牛神楽線,美瑛町・上富良野町境,1459,0,0.3,,168,,207,375,1.15,0.11,54.9,49.8,10,60
1400700100,芦別美瑛線,美瑛町・上富良野町境,一般国道２３７号,1460,0,1.2,,168,,207,375,1.15,0.11,54.6,50.7,10,60
1400710010,平取静内線,一般国道２３７号,貫気別振内線,1602,0,6.6,平取町字貫気別,587,平取町字貫気別,515,1102,1.19,0.26,61.5,60.3,11.55,60
1400710020,平取静内線,貫気別振内線,芽生貫気別線,1602,0,0.7,平取町字貫気別,587,平取町字貫気別,515,1102,1.19,0.26,35.5,38.8,11.55,60
1400710030,平取静内線,芽生貫気別線,平取町・日高町境,1602,0,15.1,平取町字旭,105,平取町字旭,101,206,1.12,0.05,60.8,59.7,9.75,60
1400710040,平取静内線,平取町・日高町境,平取門別線,1601,0,10.5,平取町字旭,105,平取町字旭,101,206,1.12,0.05,60.8,59.7,9.5,60
1400710050,平取静内線,平取門別線,日高町・新冠町境,1601,0,3.1,,376,,362,738,1.17,0.21,59.7,52.5,10.35,60
1400710060,平取静内線,日高町・新冠町境,比宇厚賀停車場線,1604,0,3.8,,376,,362,738,1.17,0.21,60.1,46,9.95,60
1400710070,平取静内線,比宇厚賀停車場線,滑若新冠停車場線,1604,0,17.5,新冠町字泉,189,新冠町字泉,223,412,1.15,0.06,51.1,54.5,7.6,60
1400710080,平取静内線,滑若新冠停車場線,新冠平取線,1604,0,11.5,,117,,125,242,1.18,0.04,57.1,53.2,10.25,60
1400710090,平取静内線,新冠平取線,新冠町・新ひだか町境,1604,0,2.9,,898,,884,1782,1.2,0.4,54.5,53,7.8,60
1400710100,平取静内線,新冠町・新ひだか町境,静内中札内線,1610,0,3.2,,898,,884,1782,1.2,0.42,53.7,48.3,7.8,60
1400710110,平取静内線,静内中札内線,一般国道２３５号,1610,0,8.6,新ひだか町目名,1825,新ひだか町目名,1978,3803,1.21,0.41,36.9,35.3,9.75,50
1400720010,旭川幌加内線,一般国道４０号,一般国道１２号,1204,0,3.3,,8077,,8607,16684,1.23,0.68,23.6,25.3,27.27,50
1400720020,旭川幌加内線,一般国道１２号,旭川市・鷹栖町境,1204,0,1.8,上川郡鷹栖町北野西4条1丁目,1076,上川郡鷹栖町北野西4条1丁目,1178,2254,1.18,0.35,31.8,36.2,20,50
1400720030,旭川幌加内線,旭川市・鷹栖町境,和寒鷹栖線,1452,0,1.1,上川郡鷹栖町北野西4条1丁目,1076,上川郡鷹栖町北野西4条1丁目,1178,2254,1.18,0.44,38.4,40.6,20,40
1400720040,旭川幌加内線,和寒鷹栖線,鷹栖町・旭川市境,1452,0,5,,1167,,1071,2238,1.2,0.34,56.8,55.8,14,60
1400720050,旭川幌加内線,鷹栖町・旭川市境,共和嵐山線,1204,0,1.8,,1167,,1071,2238,1.2,0.34,57,57.5,8,60
1400720060,旭川幌加内線,共和嵐山線,鷹栖江丹別線,1204,0,4.8,旭川市江丹別町中園,705,旭川市江丹別町中園,635,1340,1.19,0.15,62.3,58.9,8.3,60
1400720070,旭川幌加内線,鷹栖江丹別線,旭川市・幌加内町境,1204,0,10.4,旭川市江丹別町拓北,428,旭川市江丹別町拓北,383,811,1.16,0.2,55.4,54.2,12,60
1400720080,旭川幌加内線,旭川市・幌加内町境,一般国道２７５号,1472,0,10.7,旭川市江丹別町拓北,428,旭川市江丹別町拓北,383,811,1.16,0.17,55.9,55.4,13,60
1400730010,帯広浦幌線,一般国道２４１号,長流枝内木野停車場線,1631,0,1.8,,9288,,9204,18492,1.24,1.63,24.3,29.3,11.5,40
1400730020,帯広浦幌線,長流枝内木野停車場線,帯広浦幌線,1631,0,2.7,,9288,,9204,18492,1.24,1.63,55.5,53.3,11.5,40
1400730030,帯広浦幌線,帯広浦幌線,音更町・池田町境,1631,0,5.9,河東郡音更町十勝川温泉北12丁目,3598,河東郡音更町十勝川温泉北12丁目,3375,6973,1.21,0.64,50.1,50.2,11.5,50
1400730040,帯広浦幌線,音更町・池田町境,一般国道２４２号,1644,0,9.8,河東郡音更町十勝川温泉北12丁目,3598,河東郡音更町十勝川温泉北12丁目,3375,6973,1.21,0.61,57.4,55.2,14,60
1400730060,帯広浦幌線,一般国道２４２号,池田停車場高島線,1644,0,1.5,,6342,,6114,12456,1.22,1.14,29.3,30.6,20,40
1400730070,帯広浦幌線,池田停車場高島線,池田停車場高島線,1644,0,1.1,,6342,,6114,12456,1.22,1.14,18.7,17.5,20,40
1400730080,帯広浦幌線,池田停車場高島線,勇足池田線,1644,0,1.3,,6342,,6114,12456,1.22,1.14,41,46.2,20,40
1400730090,帯広浦幌線,勇足池田線,池田町・豊頃町境,1644,0,4.8,,1332,,1253,2585,1.2,0.31,56.6,58.5,10.5,50
1400730100,帯広浦幌線,池田町・豊頃町境,十弗浦幌線,1645,0,3.1,,1332,,1253,2585,1.2,0.31,61.8,60.1,10.25,60
1400730110,帯広浦幌線,十弗浦幌線,尾田豊頃停車場線,1645,0,5.1,,578,,618,1196,1.19,0.16,67.3,63.7,10.25,60
1400730120,帯広浦幌線,尾田豊頃停車場線,一般国道３８号,1645,0,0.2,,578,,618,1196,1.19,0.16,36.3,13.9,10.25,60
1400730140,帯広浦幌線,一般国道２４１号,上士幌音更線,1631,0,3.6,河東郡音更町宝来北2条4丁目,3085,河東郡音更町宝来北2条4丁目,2821,5906,1.17,0.57,51.2,53.3,15,50
1400730150,帯広浦幌線,上士幌音更線,帯広浦幌線,1631,0,1.8,河東郡音更町宝来北2条4丁目,3085,河東郡音更町宝来北2条4丁目,2821,5906,1.17,0.57,45.8,44.5,15,50
1400740010,穂別鵡川線,一般国道２７４号,北進平取線,1586,0,13.6,勇払郡むかわ町穂別稲里,235,勇払郡むかわ町穂別稲里,264,499,1.16,0.1,53,56.4,10.45,60
1400740020,穂別鵡川線,北進平取線,平取穂別線,1586,0,1.4,勇払郡むかわ町穂別稲里,235,勇払郡むかわ町穂別稲里,264,499,1.16,0.1,19.9,21,15.5,40
1400740030,穂別鵡川線,平取穂別線,平取厚真線,1586,0,13.1,勇払郡むかわ町穂別和泉,887,勇払郡むかわ町穂別和泉,902,1789,1.2,0.2,58.9,59.6,11.5,50
1400740050,穂別鵡川線,平取厚真線,米原田浦線,1586,0,9.3,勇払郡むかわ町米原無番地,954,勇払郡むかわ町米原無番地,1032,1986,1.17,0.31,58.5,59.7,14,50
1400740060,穂別鵡川線,米原田浦線,一般国道２３５号,1586,0,3.2,勇払郡むかわ町米原無番地,954,勇払郡むかわ町米原無番地,1032,1986,1.17,0.31,42.9,48.2,14,50
1400750010,帯広新得線,一般国道３８号,帯広市・音更町境,1207,0,2,帯広市鈴蘭大橋,7409,帯広市鈴蘭大橋,7494,14903,1.22,1.08,20.5,20.5,18.5,40
1400750020,帯広新得線,帯広市・音更町境,上士幌士幌音更線,1631,0,0.1,帯広市鈴蘭大橋,7409,帯広市鈴蘭大橋,7494,14903,1.22,1.08,26.6,11.5,20.5,60
1400750030,帯広新得線,上士幌士幌音更線,上士幌士幌音更線,1631,0,0.8,帯広市鈴蘭大橋,7409,帯広市鈴蘭大橋,7494,14903,1.22,1.08,15.3,14.8,20.5,60
1400750040,帯広新得線,上士幌士幌音更線,一般国道２４１号,1631,0,2.2,帯広市鈴蘭大橋,7409,帯広市鈴蘭大橋,7494,14903,1.22,1.08,46.8,42,20.5,60
1400750050,帯広新得線,一般国道２４１号,川西芽室音更線,1631,0,0.2,,5039,,5314,10353,1.22,0.94,11,28.6,12.5,60
1400750060,帯広新得線,川西芽室音更線,音更町・芽室町境,1631,0,1,,5039,,5314,10353,1.22,0.94,18.3,55.5,12.5,60
1400750070,帯広新得線,音更町・芽室町境,芽室町・帯広市境,1637,0,0.1,,5039,,5314,10353,1.22,0.94,41.6,53.5,11,60
1400750080,帯広新得線,芽室町・帯広市境,川西芽室音更線,1207,0,1.7,,5039,,5314,10353,1.22,0.96,50.9,43.8,14,60
1400750090,帯広新得線,川西芽室音更線,帯広市・芽室町境,1207,0,0.3,,3031,,3071,6102,1.21,0.64,28.3,37.2,13,60
1400750100,帯広新得線,帯広市・芽室町境,東瓜幕芽室線,1637,0,6.4,,3031,,3071,6102,1.21,0.69,58.6,58.1,11,60
1400750110,帯広新得線,東瓜幕芽室線,熊牛御影線,1637,0,7,,1692,,1638,3330,1.2,0.49,62.5,63.1,11.5,60
1400750120,帯広新得線,熊牛御影線,芽室町・清水町境,1637,0,0,,1692,,1638,3330,1.2,0.49,51.8,55.7,11.5,60
1400750130,帯広新得線,芽室町・清水町境,熊牛音更線,1636,0,6.6,,1092,,1126,2218,1.2,0.41,66.3,63.4,13,60
1400750140,帯広新得線,熊牛音更線,一般国道２７４号,1636,0,2.4,,882,,982,1864,1.2,0.26,58.9,56.2,11.5,60
1400750150,帯広新得線,一般国道２７４号,音更新得線,1636,0,6,,882,,982,1864,1.2,0.26,61.7,62.2,11.75,60
1400750160,帯広新得線,音更新得線,清水町・新得町境,1636,0,1.7,上川郡新得町上佐幌,1071,上川郡新得町上佐幌,1216,2287,1.2,0.25,65.2,62.3,14,60
1400750170,帯広新得線,清水町・新得町境,忠別清水線,1635,0,0.9,上川郡新得町上佐幌,1071,上川郡新得町上佐幌,1216,2287,1.2,0.27,42.4,48.4,10.5,60
1400750180,帯広新得線,忠別清水線,一般国道３８号,1635,0,6.6,上川郡新得町上佐幌,1071,上川郡新得町上佐幌,1216,2287,1.2,0.27,56.6,53.6,10.5,60
1400760010,網走公園線,一般国道２３８号,能取三眺線,1211,0,3.1,網走市美岬,57,網走市美岬,52,109,1.15,0.04,49,54.6,7.6,60
1400760020,網走公園線,能取三眺線,一般国道３９号,1211,0,21.4,網走市美岬,57,網走市美岬,52,109,1.15,0.04,47.6,47.6,7.6,60
1400770010,千歳インター線,一般国道３６号,道央自動車道,1224,0,1.5,,12878,,12182,25060,1.25,1.11,21.4,30.1,25,50
1400780010,支笏湖線,一般国道２７６号,千歳市・恵庭市境,1224,0,14.6,,95,,91,186,1.18,0.02,41,41,9,40
1400780020,支笏湖線,千歳市・恵庭市境,一般国道４５３号,1231,0,1.6,,95,,91,186,1.18,0.02,16.4,25,9,40
1400790010,深川豊里線,一般国道１２号,道央自動車道,1228,0,1.1,,3608,,2265,5873,1.21,0.99,32.9,33.1,9.5,40
1400790020,深川豊里線,道央自動車道,深川市・旭川市境,1228,0,17.7,,3608,,2265,5873,1.21,0.99,51,51,9.5,40
1400790030,深川豊里線,深川市・旭川市境,旭川芦別線,1204,0,0.2,,55,,73,128,1.12,0.02,41.5,31.1,8.8,60
1400800010,平取門別線,一般国道２３７号,一般国道２３７号,1602,0,1.9,,145,,117,262,1.16,0.05,20.1,22.2,9,50
1400800030,平取門別線,一般国道２３７号,平取町・日高町境,1602,0,4.1,,145,,117,262,1.16,0.05,52.6,41.4,6.5,60
1400800040,平取門別線,平取町・日高町境,正和門別停車場線,1601,0,2.3,,145,,117,262,1.16,0.05,53.3,47.9,6.5,60
1400800050,平取門別線,正和門別停車場線,平取静内線,1601,0,14.3,,145,,117,262,1.16,0.05,58.2,54.3,7.6,60
1400810010,岩見沢石狩線,一般国道１２号,月形幌向線,1210,0,5.8,,1466,,1356,2822,1.2,0.28,46,51.7,13,50
1400810020,岩見沢石狩線,月形幌向線,江別奈井江線,1210,0,0.7,,1466,,1356,2822,1.2,0.28,55.1,54.7,13,50
1400810030,岩見沢石狩線,江別奈井江線,岩見沢市・新篠津村境,1210,0,0.6,,1466,,1356,2822,1.2,0.28,49.6,49.6,13,50
1400810040,岩見沢石狩線,岩見沢市・新篠津村境,江別奈井江線,1304,0,0.9,石狩郡新篠津村39線,1170,石狩郡新篠津村39線,1169,2339,1.2,0.34,47.8,42.8,15.5,60
1400810050,岩見沢石狩線,江別奈井江線,中原金沢線,1304,0,6.2,石狩郡新篠津村39線,1170,石狩郡新篠津村39線,1169,2339,1.2,0.34,44.8,43.8,15.5,60
1400810060,岩見沢石狩線,中原金沢線,新篠津村・当別町境,1304,0,0.6,,1531,,1541,3072,1.2,0.38,52.2,50.3,7,60
1400810070,岩見沢石狩線,新篠津村・当別町境,一般国道２７５号,1303,0,3.3,,1531,,1541,3072,1.2,0.32,53.4,42.7,11.5,60
1400810090,岩見沢石狩線,一般国道２７５号,札幌当別線,1303,0,0.6,,1914,,2154,4068,1.2,0.49,26.8,26.5,9,60
1400810100,岩見沢石狩線,札幌当別線,石狩当別停車場線,1303,0,0.3,石狩郡当別町上当別町1126番地,1453,石狩郡当別町上当別町1126番地,1563,3016,1.2,0.39,22.8,20.6,9,60
1400810110,岩見沢石狩線,石狩当別停車場線,望来当別線,1303,0,1.8,石狩郡当別町上当別町1126番地,1453,石狩郡当別町上当別町1126番地,1563,3016,1.2,0.39,26,30.1,9,60
1400810120,岩見沢石狩線,望来当別線,当別町・石狩市境,1303,0,8.5,石狩郡当別町上当別町1126番地,1453,石狩郡当別町上当別町1126番地,1563,3016,1.2,0.39,56,54.6,9,60
1400810130,岩見沢石狩線,当別町・石狩市境,一般国道２３１号,1235,0,4.5,石狩郡当別町上当別町1126番地,1453,石狩郡当別町上当別町1126番地,1563,3016,1.2,0.33,55.4,50.5,11,60
1400810140,岩見沢石狩線,一般国道２３１号,,1235,0,0.7,,3094,,3219,6313,1.21,0.67,28.1,30.1,9,40
1400820010,西野真駒内清田線,宮の沢北１条線,西野白石線,1107,0,2,札幌市西区西野2条5丁目,5971,札幌市西区西野2条5丁目,6852,12823,1.22,1.15,21.7,24.9,18,40
1400820020,西野真駒内清田線,西野白石線,南１９条宮の沢線,1107,0,0.3,札幌市西区西野3条2丁目,9797,札幌市西区西野3条2丁目,8486,18283,1.24,1.46,16.2,13.4,18,40
1400820030,西野真駒内清田線,南１９条宮の沢線,札幌市西区・札幌市中央区境,1107,0,4.4,道道西野真駒内清田線×道道西野真駒内清田線,4346,道道西野真駒内清田線×道道西野真駒内清田線,4137,8483,1.24,0.9,27.1,31,18,40
1400820040,西野真駒内清田線,札幌市西区・札幌市中央区境,札幌市中央区・札幌市南区境,1101,0,4.2,道道西野真駒内清田線×道道西野真駒内清田線,4346,道道西野真駒内清田線×道道西野真駒内清田線,4137,8483,1.24,0.98,47.1,46.7,14,40
1400820050,西野真駒内清田線,札幌市中央区・札幌市南区境,一般国道２３０号,1106,0,4.6,道道西野真駒内清田線×道道西野真駒内清田線,4346,道道西野真駒内清田線×道道西野真駒内清田線,4137,8483,1.24,0.87,31.2,31,14.72,40
1400820060,西野真駒内清田線,一般国道２３０号,一般国道４５３号,1106,0,0.9,道道西野真駒内清田線×道道西野真駒内清田線,4346,道道西野真駒内清田線×道道西野真駒内清田線,4137,8483,1.24,0.87,17.5,25.4,14.72,40
1400820070,西野真駒内清田線,一般国道４５３号,札幌市南区・札幌市豊平区境,1106,0,2.2,道道西野真駒内清田線（五輪通）×真駒内住宅団地線（平岸通）,7278,道道西野真駒内清田線（五輪通）×真駒内住宅団地線（平岸通）,6813,14091,1.23,1.36,20.9,25.1,14.72,40
1400820080,西野真駒内清田線,札幌市南区・札幌市豊平区境,羊ヶ丘線,1105,0,3.6,札幌市豊平区福住3条9丁目,11622,札幌市豊平区福住3条9丁目,11232,22854,1.24,1.33,31.2,23.3,20,50
1400820090,西野真駒内清田線,羊ヶ丘線,一般国道３６号,1105,0,0.6,主要市道羊ケ丘線×道道西野真駒内清田線,7356,主要市道羊ケ丘線×道道西野真駒内清田線,7294,14650,1.23,0.76,24,15.3,20,50
1400830010,函館南茅部線,一般国道２７８号,五稜郭公園線,1202,0,2.6,函館市本町,8287,函館市本町,8691,16978,1.23,1.41,21.2,19.8,25,40
1400830020,函館南茅部線,五稜郭公園線,函館上磯線,1202,0,3.6,,9957,,9946,19903,1.24,1.49,19.4,20.9,25,40
1400830030,函館南茅部線,函館上磯線,函館上磯線,1202,0,0.2,函館市湯川町,9449,函館市湯川3丁目,9062,18511,1.2,1.34,15.8,14.7,16,40
1400830040,函館南茅部線,函館上磯線,米原古川線,1202,0,6.7,函館市湯川3丁目,5035,函館市湯川3丁目,4175,9210,1.22,0.7,35.4,35.4,16,40
1400830050,函館南茅部線,米原古川線,函館恵山線,1202,0,3.1,函館市亀尾町,2439,函館市亀尾町,2079,4518,1.21,0.5,55.7,56.8,14.5,40
1400830060,函館南茅部線,函館恵山線,一般国道２７８号,1202,0,14.3,,1772,,1557,3329,1.2,0.49,51.9,51.6,7.5,60
1400830070,函館南茅部線,一般国道２７８号,一般国道２７８号,1202,0,0.4,,1772,,1557,3329,1.2,0.73,20.5,20.9,8,40
1400840010,豊富浜頓別線,一般国道４０号,一般国道４０号（幌富バイパス）,1516,0,1.9,上サロベツ（東豊富）,1248,上サロベツ（東豊富）,1276,2524,1.19,0.38,35.7,37.1,13.75,60
1400840020,豊富浜頓別線,一般国道４０号（幌富バイパス）,豊富町・幌延町境,1516,0,6.4,上サロベツ（東豊富）,1248,上サロベツ（東豊富）,1276,2524,1.19,0.38,57.4,57.8,13.75,60
1400840030,豊富浜頓別線,豊富町・幌延町境,稚内幌延線,1520,0,0.5,上サロベツ（東豊富）,1248,上サロベツ（東豊富）,1276,2524,1.19,0.34,56.7,57.8,11.8,60
1400840040,豊富浜頓別線,稚内幌延線,幌延町・豊富町境,1520,0,1.1,上サロベツ（東豊富）,1248,上サロベツ（東豊富）,1276,2524,1.19,0.34,28.9,50.1,11.8,60
1400840050,豊富浜頓別線,幌延町・豊富町境,稚内幌延線,1516,0,0.3,上サロベツ（東豊富）,1248,上サロベツ（東豊富）,1276,2524,1.19,0.37,40,46.7,11.8,60
1400840060,豊富浜頓別線,稚内幌延線,豊富中頓別線,1516,0,6.4,,150,,132,282,1.16,0.08,66.4,66.2,11.8,60
1400840070,豊富浜頓別線,豊富中頓別線,豊富町・猿払村境,1516,0,3.3,,150,,132,282,1.16,0.08,47,57,11.8,60
1400840080,豊富浜頓別線,豊富町・猿払村境,上猿払清浜線,1511,0,8.7,,150,,132,282,1.16,0.08,53.3,59.2,9,60
1400840090,豊富浜頓別線,上猿払清浜線,上猿払浅茅野線,1511,0,2.3,,150,,132,282,1.16,0.08,69.5,60,9,60
1400840100,豊富浜頓別線,上猿払浅茅野線,猿払村・浜頓別町境,1511,0,10.1,上猿払,147,上猿払,113,260,1.18,0.04,67.5,57.1,10.5,60
1400840110,豊富浜頓別線,猿払村・浜頓別町境,浅芽野台地浜頓別線,1512,0,10,上猿払,147,上猿払,113,260,1.18,0.04,67.5,58.8,10.5,60
1400840120,豊富浜頓別線,浅芽野台地浜頓別線,一般国道２７５号,1512,0,7.8,上猿払,147,上猿払,113,260,1.18,0.04,34.9,45.6,20,60
1400850010,鹿追糠平線,一般国道２７４号,屈足鹿追線,1634,0,2.7,,471,,452,923,1.17,0.14,58.7,58.1,10.5,60
1400850020,鹿追糠平線,屈足鹿追線,然別峡線,1634,0,4,,471,,452,923,1.17,0.14,61.4,57.4,10.5,60
1400850030,鹿追糠平線,然別峡線,鹿追町・上士幌町境,1634,0,19.5,,411,,408,819,1.17,0.12,45.3,40.9,9.5,60
1400850040,鹿追糠平線,鹿追町・上士幌町境,上士幌町・鹿追町境,1633,0,0.6,,411,,408,819,1.17,0.12,45.5,48.3,7.5,60
1400850050,鹿追糠平線,上士幌町・鹿追町境,鹿追町・上士幌町境,1634,0,0.8,,411,,408,819,1.17,0.12,51.2,40.4,7.5,60
1400850060,鹿追糠平線,鹿追町・上士幌町境,一般国道２７３号,1633,0,12.4,,411,,408,819,1.17,0.12,49.9,46.9,7.3,60
1400860005,白老大滝線,一般国道３６号,白老大滝線,1578,0,0.6,,1462,,1453,2915,1.2,0.32,22.7,34.4,15.5,60
1400860010,白老大滝線,白老大滝線,道央自動車道,1578,0,1.6,,1462,,1453,2915,1.2,0.32,47.6,51.9,15.5,60
1400860020,白老大滝線,道央自動車道,千歳白老線,1578,0,12,,1462,,1453,2915,1.2,0.32,58.7,58.2,15.5,60
1400860030,白老大滝線,千歳白老線,白老町・伊達市境,1578,0,9,,1252,,1227,2479,1.2,0.53,57,55.7,9,60
1400860040,白老大滝線,白老町・伊達市境,一般国道４５３号,1233,0,7.6,,1252,,1227,2479,1.2,0.5,57,59.2,10,60
1400860060,白老大滝線,一般国道３６号,白老大滝線,1578,0,3.5,,1252,,1227,2479,1.2,0.47,39.4,45.1,15.5,60
1400870010,知床公園羅臼線,,一般国道３３４号,1694,0,23.9,目梨郡羅臼町共栄町,1066,目梨郡羅臼町共栄町,1149,2215,1.2,0.29,42.8,42.8,10.25,60
1400870020,知床公園羅臼線,一般国道３３４号,一般国道３３５号,1694,0,0.5,,1097,,995,2092,1.2,0.42,11.6,26,8.5,40
1400880010,本別留辺蕊線,一般国道２４２号,美里別本別停車場線,1646,0,15.6,,1428,,1486,2914,1.2,0.32,58.8,64,9.75,60
1400880020,本別留辺蕊線,美里別本別停車場線,本別町・足寄町境,1646,0,1.5,,549,,454,1003,1.18,0.16,57.2,68.5,9,60
1400880030,本別留辺蕊線,本別町・足寄町境,一般国道２４１号,1647,0,0.3,,549,,454,1003,1.18,0.16,33.9,27.7,9,60
1400880050,本別留辺蕊線,一般国道２４１号,清水谷足寄線,1647,0,1,,792,,751,1543,1.19,0.24,20.5,42.2,7.8,60
1400880060,本別留辺蕊線,清水谷足寄線,清水谷足寄線,1647,0,5.6,,792,,751,1543,1.19,0.24,59.8,59.5,7.8,60
1400880070,本別留辺蕊線,清水谷足寄線,足寄町・置戸町境,1647,0,28.2,,792,,751,1543,1.19,0.24,66,65.6,7.8,60
1400880080,本別留辺蕊線,足寄町・置戸町境,常元中里線,1550,0,11.8,置戸町常元,201,置戸町常元,152,353,1.15,0.14,61.6,65,7.6,60
1400880090,本別留辺蕊線,常元中里線,常元中里線,1550,0,0.7,置戸町常元,201,置戸町常元,152,353,1.15,0.14,52.4,52.6,7.6,60
1400880100,本別留辺蕊線,常元中里線,置戸町・北見市境,1550,0,7.3,置戸町常元,201,置戸町常元,152,353,1.15,0.14,61.1,62.7,8.5,60
1400880110,本別留辺蕊線,置戸町・北見市境,一般国道３９号,1208,0,7.4,置戸町常元,201,置戸町常元,152,353,1.15,0.14,57,49.3,9.5,60
1400890010,札幌環状線,一般国道５号,真駒内篠路線,1103,0,1.1,札幌市東区北15条東7丁目,8989,札幌市東区北15条東7丁目,8843,17832,1.24,0.57,19.8,22.1,36,50
1400890020,札幌環状線,真駒内篠路線,真駒内篠路線,1103,0,1.4,札幌市東区北15条東7丁目,8989,札幌市東区北15条東7丁目,8843,17832,1.24,0.57,24,19.9,36,50
1400890030,札幌環状線,真駒内篠路線,花畔札幌線,1103,0,1.1,札幌市東区北14条東10丁目,12998,札幌市東区北14条東10丁目,13407,26405,1.25,0.8,17.9,26,36,50
1400890040,札幌環状線,花畔札幌線,伏古川通線,1103,0,0.5,札幌市東区北14条東10丁目,12998,札幌市東区北14条東10丁目,13407,26405,1.25,0.8,21.2,23,36,50
1400890050,札幌環状線,伏古川通線,伏古川通線,1103,0,0,札幌市東区東苗穂1条2丁目,13477,札幌市東区東苗穂1条2丁目,13739,27216,1.26,0.85,15.1,37.2,36,50
1400890060,札幌環状線,伏古川通線,一般国道２７５号,1103,0,2,札幌市東区東苗穂1条2丁目,13477,札幌市東区東苗穂1条2丁目,13739,27216,1.26,0.85,20,22.2,36,50
1400890070,札幌環状線,一般国道２７５号,旭山公園米里線,1104,0,0.3,札幌市白石区菊水元町5条1丁目（環状北大橋）,18792,札幌市白石区菊水元町5条1丁目（環状北大橋）,21353,40145,1.26,1.22,11.8,11.4,36,50
1400890080,札幌環状線,旭山公園米里線,菊水元町６条中通１号線,1104,0,0.5,札幌市白石区菊水元町5条1丁目（環状北大橋）,18792,札幌市白石区菊水元町5条1丁目（環状北大橋）,21353,40145,1.26,1.22,13.5,20.8,36,50
1400890090,札幌環状線,菊水元町６条中通１号線,大麻東雁来線,1104,0,0.5,札幌市豊平区美園3条7丁目,14659,札幌市豊平区美園3条7丁目,13534,28193,1.25,0.84,25.2,26.1,36,50
1400890100,札幌環状線,大麻東雁来線,一般国道１２号,1104,0,1.2,札幌市豊平区美園3条7丁目,14659,札幌市豊平区美園3条7丁目,13534,28193,1.25,0.84,26.2,16.2,36,50
1400890110,札幌環状線,一般国道１２号,札幌夕張線,1104,0,0.9,札幌市豊平区美園3条7丁目,14659,札幌市豊平区美園3条7丁目,13534,28193,1.25,0.84,22.1,16.2,36,50
1400890120,札幌環状線,札幌夕張線,札幌市白石区・札幌市豊平区境,1104,0,0.5,札幌市豊平区美園3条7丁目,14659,札幌市豊平区美園3条7丁目,13534,28193,1.25,0.84,15,18.8,36,50
1400890130,札幌環状線,札幌市白石区・札幌市豊平区境,一般国道３６号,1105,0,0.4,札幌市豊平区美園3条7丁目,14659,札幌市豊平区美園3条7丁目,13534,28193,1.25,0.97,14.9,9.8,27,50
1400890140,札幌環状線,一般国道３６号,羊ヶ丘線,1105,0,1.1,札幌市豊平区平岸6条9丁目,11490,札幌市豊平区平岸6条9丁目,11821,23311,1.25,0.8,18.1,21.3,27,50
1400890150,札幌環状線,羊ヶ丘線,一般国道４５３号,1105,0,1,札幌市豊平区平岸6条9丁目,12127,札幌市豊平区平岸6条9丁目,12601,24728,1.25,0.9,15.7,20.5,27,50
1400890160,札幌環状線,一般国道４５３号,真駒内篠路線,1105,0,1.1,,13968,,10982,24950,1.25,0.79,26.1,28.5,27,50
1400890170,札幌環状線,真駒内篠路線,真駒内篠路線,1101,0,0.2,,13968,,10982,24950,1.25,0.79,21.3,11.4,27,50
1400890180,札幌環状線,真駒内篠路線,一般国道２３０号,1101,0,0.8,,10826,,9307,20133,1.24,0.65,14.2,12.8,27,50
1400890190,札幌環状線,一般国道２３０号,南１９条宮の沢線,1101,0,0.8,札幌市中央区南19条西15丁目,4815,札幌市中央区南19条西15丁目,5288,10103,1.23,0.31,15.7,15.1,27,50
1400890200,札幌環状線,南１９条宮の沢線,旭山公園米里線,1101,0,1.8,札幌市中央区南19条西16丁目,4798,札幌市中央区南19条西16丁目,4975,9773,1.22,0.8,24.7,30,15,40
1400890210,札幌環状線,旭山公園米里線,南１９条宮の沢線,1101,0,3.2,札幌市北区北24条西5丁目,5856,札幌市北区北24条西5丁目,6375,12231,1.23,1.01,24.8,24.2,15,40
1400890220,札幌環状線,南１９条宮の沢線,西野白石線,1101,0,0.6,札幌市北区北24条西5丁目,5856,札幌市北区北24条西5丁目,6375,12231,1.23,1.01,19.2,20.3,15,40
1400890230,札幌環状線,西野白石線,宮の沢北１条線,1101,0,0.7,札幌市北区北24条西5丁目,5856,札幌市北区北24条西5丁目,6375,12231,1.23,0.81,17.7,19.5,20,50
1400890240,札幌環状線,宮の沢北１条線,下手稲札幌線,1107,0,2,札幌市北区北24条西5丁目,5856,札幌市北区北24条西5丁目,6375,12231,1.23,0.78,20.3,15.1,20,50
1400890250,札幌環状線,下手稲札幌線,新川支線,1107,0,0.7,札幌市北区北24条西5丁目,5856,札幌市北区北24条西5丁目,6375,12231,1.23,0.58,10.6,18.3,20,50
1400890260,札幌環状線,新川支線,一般国道５号,1102,0,1.7,札幌市北区北24条西5丁目,5856,札幌市北区北24条西5丁目,6375,12231,1.23,0.74,17.6,18.1,20,40
1400900010,旭川環状線,一般国道１２号,旭川多度志線,1204,0,1.3,,8014,,8158,16172,1.23,0.71,24.4,27.6,27,50
1400900020,旭川環状線,旭川多度志線,新開旭川線,1204,0,4,,5073,,6935,12008,1.22,0.86,37.9,36.3,27.26,60
1400900030,旭川環状線,新開旭川線,一般国道２３７号,1204,0,0.8,旭川市旭神3条5丁目,9881,旭川市旭神3条5丁目,10322,20203,1.24,0.65,24.8,41.5,25,50
1400900040,旭川環状線,一般国道２３７号,東川東神楽旭川線,1204,0,2.2,旭川市旭神3条5丁目,9881,旭川市旭神3条5丁目,10322,20203,1.24,0.65,24.8,25.9,25,50
1400900050,旭川環状線,東川東神楽旭川線,旭川旭岳温泉線,1204,0,2.7,旭川市旭神3条5丁目,9881,旭川市旭神3条5丁目,10322,20203,1.24,0.65,28.7,25.9,25,50
1400900060,旭川環状線,旭川旭岳温泉線,東川旭川線,1204,0,1,旭川市永山6条5丁目,10816,旭川市永山6条5丁目,10204,21020,1.24,0.65,32.8,28.9,25,50
1400900070,旭川環状線,東川旭川線,愛別当麻旭川線,1204,0,1.4,旭川市永山6条5丁目,10816,旭川市永山6条5丁目,10204,21020,1.24,0.65,26.3,27.5,25,50
1400900075,旭川環状線,愛別当麻旭川線,,1204,0,1.2,旭川市永山6条5丁目,10816,旭川市永山6条5丁目,10204,21020,1.24,0.65,21.9,25.1,25,50
1400900080,旭川環状線,,一般国道３９号,1204,0,1.3,旭川市永山6条5丁目,10816,旭川市永山6条5丁目,10204,21020,1.24,0.65,24.8,20.5,25,50
1400900090,旭川環状線,一般国道３９号,北旭川停車場線,1204,0,0.6,旭川市永山6条5丁目,10816,旭川市永山6条5丁目,10204,21020,1.24,0.65,13,21.9,25,50
1400900100,旭川環状線,北旭川停車場線,一般国道４０号,1204,0,1.3,,12683,,11995,24678,1.25,1.05,36.3,20.7,25,50
1400900110,旭川環状線,一般国道４０号,一般国道１２号,1204,0,1.8,,8595,,8950,17545,1.23,0.88,28.8,26.3,25,50
1400900130,旭川環状線,一般国道１２号,一般国道１２号,1204,0,2,,6546,,7059,13605,1.22,0.56,26.7,28.1,22,50
1400910010,苫小牧東インター線,一般国道３６号,道央自動車道,1213,0,2.8,苫小牧市字植苗,2239,苫小牧市字植苗,2271,4510,1.32,0.49,24,48,11.5,60
1400920010,斜里停車場線,,斜里停車場美咲線,1545,0,0.2,斜里町本町,1193,斜里町本町,1129,2322,1.2,0.23,5.2,6.5,18,40
1400920020,斜里停車場線,斜里停車場美咲線,一般国道２４４号,1545,0,2,斜里町本町,1193,斜里町本町,1129,2322,1.2,0.23,23.5,21.6,18,40
1400930005,知床公園線,,,1545,0,11.6,斜里町遠音別村,209,斜里町遠音別村,208,417,1.19,0.93,26.8,27.7,5,60
1400930010,知床公園線,,一般国道３３４号,1545,0,8.3,,745,,757,1502,1.19,0.24,37.4,36.7,9.1,60
1400940010,増毛稲田線,一般国道２３１号,増毛町・北竜町境,1481,0,19.9,増毛町御料1844,186,増毛町御料1844,225,411,1.28,0.09,55.8,64.6,10.5,60
1400940020,増毛稲田線,増毛町・北竜町境,留萌北竜線,1437,0,6,,392,,474,866,1.17,0.15,65.6,66.7,10.45,50
1400940030,増毛稲田線,留萌北竜線,一般国道２７５号,1437,0,12.4,,392,,474,866,1.17,0.15,60.9,58,10.45,50
1400940040,増毛稲田線,一般国道２７５号,和停車場線,1437,0,0.2,,756,,831,1587,1.19,0.2,19.6,32,11,60
1400940050,増毛稲田線,和停車場線,北竜町・妹背牛町境,1437,0,2.3,,756,,831,1587,1.19,0.2,63.3,58,11,60
1400940060,増毛稲田線,北竜町・妹背牛町境,小藤沼田線,1433,0,0.5,,756,,831,1587,1.19,0.2,48.1,42.7,13,60
1400940070,増毛稲田線,小藤沼田線,深川雨竜線,1433,0,5.8,,756,,831,1587,1.19,0.2,50.3,47.6,13,60
1400940090,増毛稲田線,深川雨竜線,妹背牛町・深川市境,1433,0,2.2,深川市音江町稲田,840,深川市音江町稲田,743,1583,1.19,0.27,50.5,49.8,12,60
1400940100,増毛稲田線,妹背牛町・深川市境,一般国道１２号,1228,0,2.2,深川市音江町稲田,840,深川市音江町稲田,743,1583,1.19,0.29,59.9,51.7,10.25,60
1400950010,京極定山渓線,一般国道２７６号,,1399,0,7.8,,677,,606,1283,1.19,0.4,42.1,36.8,10.8,60
1400950030,京極定山渓線,,,1399,0,1.7,,,,,,,,34.8,32.8,4,60
1400950050,京極定山渓線,,,1399,0,2.8,,,,,,,,21.9,32.4,7.5,60
1400950070,京極定山渓線,,小樽定山渓線,1106,0,10.9,,,,,,,,42.4,45.6,13.8,60
1400960010,上磯峠下線,一般国道２２８号,一般国道２２８号（函館江差道）,1236,0,1.8,北斗市中野通,3759,北斗市中野通,3119,6878,1.21,0.7,27.4,27.7,13,50
1400960020,上磯峠下線,一般国道２２８号（函館江差道）,大野大中山線,1236,0,6.2,北斗市中野通,2257,北斗市中野通,2187,4444,1.21,0.44,49.7,49.4,13,50
1400960030,上磯峠下線,大野大中山線,大野上磯線,1236,0,1.4,北斗市中野通,2257,北斗市中野通,2187,4444,1.21,0.44,42.3,40.2,13,50
1400960040,上磯峠下線,大野上磯線,一般国道２２７号,1236,0,0.4,,1226,,1245,2471,1.2,0.31,26.4,20.8,11,40
1400960060,上磯峠下線,一般国道２２７号,,1236,0,0.5,北斗市市渡,3206,北斗市市渡,3022,6228,1.21,0.29,38.6,33.7,25,60
1400960070,上磯峠下線,,北斗市・七飯町境,1236,0,1.6,北斗市市渡,3206,北斗市市渡,3022,6228,1.21,0.29,55.7,59.9,25,60
1400960080,上磯峠下線,北斗市・七飯町境,一般国道５号,1337,0,1.7,北斗市市渡,3206,北斗市市渡,3022,6228,1.21,0.27,55.3,43.5,25,60
1400970010,豊浦京極線,一般国道３７号,豊浦洞爺線,1571,0,4.6,,1574,,1602,3176,1.2,0.5,47.8,51.4,9,50
1400970020,豊浦京極線,豊浦洞爺線,豊浦町・洞爺湖町境,1571,0,3.8,,788,,857,1645,1.19,0.32,56.8,61.2,8.5,50
1400970030,豊浦京極線,豊浦町・洞爺湖町境,洞爺湖町・豊浦町境,1584,0,0.3,,788,,857,1645,1.19,0.32,68.6,67.6,8.5,50
1400970040,豊浦京極線,洞爺湖町・豊浦町境,豊浦町・洞爺湖町境,1571,0,3.8,,788,,857,1645,1.19,0.32,60.1,58.8,8.5,50
1400970050,豊浦京極線,豊浦町・洞爺湖町境,洞爺湖町・真狩村境,1584,0,0.6,,788,,857,1645,1.19,0.32,58.1,58.1,8.5,50
1400970060,豊浦京極線,洞爺湖町・真狩村境,川崎三の原線,1396,0,0.3,虻田郡真狩村字川崎,456,虻田郡真狩村字川崎,438,894,1.14,0.14,49.2,49.8,7.8,60
1400970070,豊浦京極線,川崎三の原線,新富神里線,1396,0,6.3,虻田郡真狩村字川崎,456,虻田郡真狩村字川崎,438,894,1.14,0.14,64.1,61.6,7.8,60
1400970080,豊浦京極線,新富神里線,三ノ原ニセコ線,1396,0,0.7,虻田郡真狩村字豊川,872,虻田郡真狩村字豊川,920,1792,1.19,0.26,63.6,66.2,7.8,60
1400970090,豊浦京極線,三ノ原ニセコ線,岩内洞爺線,1396,0,6.5,虻田郡真狩村字豊川,872,虻田郡真狩村字豊川,920,1792,1.19,0.26,59.6,58.3,7.8,60
1400970110,豊浦京極線,岩内洞爺線,真狩村・喜茂別町境,1396,0,6.5,,1039,,975,2014,1.2,0.28,62.3,61.5,11.55,60
1400970120,豊浦京極線,真狩村・喜茂別町境,喜茂別町・京極町境,1398,0,2,,1039,,975,2014,1.2,0.27,66.7,66.1,11.55,60
1400970130,豊浦京極線,喜茂別町・京極町境,一般国道２７６号,1399,0,5.2,,1039,,975,2014,1.2,0.28,56.5,55.8,12,60
1400980130,旭川多度志線,旭川停車場線,新開旭川線,1204,0,0.1,旭川市1条通9丁目,7819,旭川市1条通9丁目,8435,16254,1.23,0.63,19,17.4,27.26,40
1400980120,旭川多度志線,新開旭川線,一般国道２３７号,1204,0,1.3,,,,,,,,20.1,25.4,34.5,40
1400980030,旭川多度志線,一般国道２３７号,旭川環状線,1204,0,0.8,,10768,,9884,20652,1.24,0.77,21.5,27.4,25.5,40
1400980050,旭川多度志線,一般国道１２号,共和嵐山線,1204,0,5.3,旭川市江丹別町嵐山142-30,703,旭川市江丹別町嵐山142-30,711,1414,1.19,0.27,48.9,55.9,12.8,50
1400980060,旭川多度志線,共和嵐山線,旭川市・深川市境,1204,0,4.3,旭川市江丹別町嵐山142-30,703,旭川市江丹別町嵐山142-30,711,1414,1.19,0.34,62.8,68.3,11.5,60
1400980070,旭川多度志線,旭川市・深川市境,幌内湯内線,1228,0,5.8,,642,,565,1207,1.19,0.14,62.5,65.1,10,60
1400980080,旭川多度志線,幌内湯内線,湯内内園線,1228,0,5.5,,642,,565,1207,1.19,0.14,64.8,64.8,10,60
1400980090,旭川多度志線,湯内内園線,多度志一己線,1228,0,3.5,深川市多度志,676,深川市多度志,651,1327,1.19,0.16,63.4,68.3,12.5,60
1400980100,旭川多度志線,多度志一己線,多度志停車場線,1228,0,3.7,深川市多度志,676,深川市多度志,651,1327,1.19,0.16,61.2,63.4,12.5,60
1400980110,旭川多度志線,多度志停車場線,一般国道２７５号,1228,0,0.5,深川市多度志,676,深川市多度志,651,1327,1.19,0.16,32.9,34.7,12.5,60
1400990010,和寒鷹栖線,一般国道４０号,和寒幌加内線,1464,0,0.1,上川郡鷹栖町15線,914,上川郡鷹栖町15線,1004,1918,1.22,0.4,10.6,22.6,13,30
1400990020,和寒鷹栖線,和寒幌加内線,和寒町・鷹栖町境,1464,0,11.3,上川郡鷹栖町15線,914,上川郡鷹栖町15線,1004,1918,1.22,0.33,48.2,47,9.8,60
1400990030,和寒鷹栖線,和寒町・鷹栖町境,鷹栖東鷹栖比布線,1452,0,11.9,上川郡鷹栖町15線,914,上川郡鷹栖町15線,1004,1918,1.22,0.34,60.5,59.1,11.55,60
1400990040,和寒鷹栖線,鷹栖東鷹栖比布線,雨竜旭川線,1452,0,1.8,,2000,,1997,3997,1.2,0.56,52.2,52.8,13,60
1400990050,和寒鷹栖線,雨竜旭川線,旭川幌加内線,1452,0,2.8,,857,,830,1687,1.19,0.23,57.8,56.5,13,60
1401000010,函館上磯線,一般国道２７８号,函館南茅部線,1202,0,0.7,函館市湯川町,4597,函館市湯川町,5153,9750,1.18,0.48,20.8,18.1,25,40
1401000030,函館上磯線,函館南茅部線,函館臨空工業団地線,1202,0,1.5,函館市山の手,11787,函館市山の手,12479,24266,1.26,0.7,28.9,28.8,25,50
1401000040,函館上磯線,函館臨空工業団地線,赤川函館線,1202,0,3.6,函館市山の手,11787,函館市山の手,12479,24266,1.26,0.7,26.9,22.9,25,50
1401000050,函館上磯線,赤川函館線,一般国道５号,1202,0,1.7,函館市美原,12121,函館市美原,11948,24069,1.25,0.78,21.7,21.4,25,50
1401000060,函館上磯線,一般国道５号,一般国道５号,1202,0,0.3,,16570,,16193,32763,1.26,1.01,24.9,13.9,25,50
1401000070,函館上磯線,一般国道５号,函館市・北斗市境,1202,0,1.2,北斗市七重浜,11933,北斗市七重浜,11978,23911,1.24,0.61,21,25.2,25,50
1401000080,函館上磯線,函館市・北斗市境,一般国道２２７号,1236,0,0.7,北斗市七重浜,11933,北斗市七重浜,11978,23911,1.24,0.8,21.7,16.7,25,50
1401000090,函館上磯線,一般国道２２７号,北斗市・函館市境,1236,0,1.1,北斗市七重浜,5659,北斗市七重浜,5847,11506,1.22,1.16,18.9,22.7,16,40
1401000100,函館上磯線,北斗市・函館市境,,1202,0,0.1,北斗市七重浜,5659,北斗市七重浜,5847,11506,1.22,1.16,19.6,24.4,16,40
1401010010,下川愛別線,一般国道２３９号,ペンケ下川停車場線,1468,0,0.1,士別市上士別町25線,594,士別市上士別町25線,615,1209,1.19,0.15,8.7,39.2,22,40
1401010020,下川愛別線,ペンケ下川停車場線,ペンケ下川停車場線,1468,0,0.6,士別市上士別町25線,594,士別市上士別町25線,615,1209,1.19,0.15,37.8,43.8,22,40
1401010030,下川愛別線,ペンケ下川停車場線,パンケ風連線,1468,0,2.2,士別市上士別町25線,594,士別市上士別町25線,615,1209,1.19,0.14,57.4,55.2,7.8,60
1401010040,下川愛別線,パンケ風連線,下川風連線,1468,0,2.9,士別市上士別町25線,594,士別市上士別町25線,615,1209,1.19,0.14,64.1,66.1,7.8,60
1401010050,下川愛別線,下川風連線,下川町・士別市境,1468,0,10.7,,151,,156,307,1.16,0.07,47.3,47.3,9.1,60
1401010060,下川愛別線,下川町・士別市境,士別滝の上線,1220,0,6.8,,151,,156,307,1.16,0.07,64,70.3,9,60
1401010080,下川愛別線,士別滝の上線,士別市・愛別町境,1220,0,11.4,,710,,744,1454,1.19,0.27,63.6,52.9,7.8,60
1401010090,下川愛別線,士別市・愛別町境,比布愛別停車場線,1456,0,18.7,,710,,744,1454,1.19,0.24,62.4,59.1,11.05,60
1401010100,下川愛別線,比布愛別停車場線,一般国道３９号,1456,0,0.6,,710,,744,1454,1.19,0.3,17.4,13.1,15.5,40
1401020010,網走川湯線,一般国道２４４号,小清水女満別線,1211,0,5.6,,870,,804,1674,1.19,0.23,36.1,49.5,11.8,60
1401020020,網走川湯線,小清水女満別線,小清水女満別線,1211,0,1.3,網走市稲富,754,網走市稲富,756,1510,1.19,0.19,65.1,64.2,12,60
1401020030,網走川湯線,小清水女満別線,網走市・大空町境,1211,0,4.8,網走市稲富,754,網走市稲富,756,1510,1.19,0.19,57.6,62.2,12,60
1401020040,網走川湯線,網走市・大空町境,一般国道３３４号,1564,0,3.4,網走市稲富,754,網走市稲富,756,1510,1.19,0.2,42,52,12,60
1401020050,網走川湯線,一般国道３３４号,東藻琴豊富線,1564,0,9.2,,442,,405,847,1.17,0.11,52.1,59.5,8,60
1401020060,網走川湯線,東藻琴豊富線,大空町・小清水町境,1564,0,6.7,,442,,405,847,1.17,0.11,59.9,64.5,8,60
1401020070,網走川湯線,大空町・小清水町境,跡佐登小清水線,1547,0,4.5,,442,,405,847,1.17,0.11,55.8,63.9,9.5,60
1401020080,網走川湯線,跡佐登小清水線,小清水町・弟子屈町境,1547,0,0.4,斜里郡小清水町　藻琴峠,87,斜里郡小清水町　藻琴峠,112,199,1.32,0.04,63.2,65,7.5,60
1401020090,網走川湯線,小清水町・弟子屈町境,一般国道３９１号,1665,0,9.7,,205,,226,431,1.15,0.09,56.4,57.9,7.5,50
1401030010,留辺蕊浜佐呂間線,一般国道３９号,北見市・佐呂間町境,1208,0,18.3,,397,,364,761,1.17,0.21,57.4,58.6,14,60
1401030020,留辺蕊浜佐呂間線,北見市・佐呂間町境,一般国道３３３号,1552,0,3.4,,397,,364,761,1.17,0.25,59.7,58.1,10.55,60
1401030040,留辺蕊浜佐呂間線,一般国道３３３号,富武士佐呂間線,1552,0,7.2,佐呂間町字若佐,1358,佐呂間町字若佐,1290,2648,1.2,0.37,48.2,48.1,10.75,60
1401030050,留辺蕊浜佐呂間線,富武士佐呂間線,知来東線,1552,0,2.7,,916,,867,1783,1.2,0.24,33.9,35.7,13,60
1401030060,留辺蕊浜佐呂間線,知来東線,仁倉端野線,1552,0,10,,916,,867,1783,1.2,0.24,67.6,67.6,13,60
1401030070,留辺蕊浜佐呂間線,仁倉端野線,一般国道２３８号,1552,0,4.6,,800,,899,1699,1.19,0.26,62.3,58.3,12.55,60
1401040010,網走端野線,一般国道２３８号,嘉多山美幌線,1211,0,7.1,網走市二見ケ岡,2213,網走市二見ケ岡,2345,4558,1.18,0.39,59.4,61.2,12.55,60
1401040020,網走端野線,嘉多山美幌線,,1211,0,0.3,網走市二見ケ岡,2213,網走市二見ケ岡,2345,4558,1.18,0.39,29.8,43,12.55,60
1401040030,網走端野線,,網走市・大空町境,1211,0,2.7,北見市端野町緋牛内,2106,北見市端野町緋牛内,2160,4266,1.18,0.85,66,64.8,10.5,60
1401040040,網走端野線,網走市・大空町境,大空町・北見市境,1564,0,3.4,北見市端野町緋牛内,2106,北見市端野町緋牛内,2160,4266,1.18,0.85,68.6,66,11,60
1401040050,網走端野線,大空町・北見市境,一般国道３９号,1208,0,7.1,北見市端野町緋牛内,2106,北見市端野町緋牛内,2160,4266,1.18,0.85,65.6,65,10,60
1401050050,利尻富士利尻線,沓形仙法志鴛泊線,,1519,0,0.3,,,,,,,,48.2,45.5,16,60
1401050040,利尻富士利尻線,,,1519,0,0.4,日出町,974,日出町,941,1915,1.2,0.27,48.2,45.5,16,60
1401050010,利尻富士利尻線,,本泊利尻空港線,1519,0,3.7,日出町,974,日出町,941,1915,1.2,0.27,48.2,45.5,16,60
1401050020,利尻富士利尻線,本泊利尻空港線,利尻富士町・利尻町境,1519,0,4,日出町,974,日出町,941,1915,1.2,0.27,48.2,45.5,16,60
1401050030,利尻富士利尻線,利尻富士町・利尻町境,沓形仙法志鴛泊線,1518,0,5,日出町,974,日出町,941,1915,1.2,0.27,48.2,45.5,15.5,60
1401060010,稚内天塩線,一般国道４０号,抜海港線,1214,0,0.2,緑4丁目,2583,緑4丁目,2791,5374,1.19,0.64,11.8,7.3,14.54,50
1401060020,稚内天塩線,抜海港線,抜海港線,1214,0,6.8,緑4丁目,2583,緑4丁目,2791,5374,1.19,0.64,31.5,30.5,14.54,50
1401060030,稚内天塩線,抜海港線,抜海兜沼停車場線,1214,0,7.1,,978,,980,1958,1.2,0.27,70.5,68.3,12.25,60
1401060040,稚内天塩線,抜海兜沼停車場線,勇知上勇知線,1214,0,6.8,,978,,980,1958,1.2,0.27,65,64.4,14,60
1401060050,稚内天塩線,勇知上勇知線,稚内市・豊富町境,1214,0,10.7,,714,,678,1392,1.19,0.24,70.3,73.9,14,60
1401060060,稚内天塩線,稚内市・豊富町境,稚咲内豊富停車場線,1516,0,11.1,,714,,678,1392,1.19,0.24,65.4,72.1,9.1,60
1401060070,稚内天塩線,稚咲内豊富停車場線,豊富町・幌延町境,1516,0,6.4,,819,,950,1769,1.2,0.26,68.5,72.4,9.1,60
1401060080,稚内天塩線,豊富町・幌延町境,浜里下沼線,1520,0,4.6,,819,,950,1769,1.2,0.26,57.9,68,13,60
1401060090,稚内天塩線,浜里下沼線,幌延町・天塩町境,1520,0,8.7,,819,,950,1769,1.2,0.26,59.5,67,13,60
1401060100,稚内天塩線,幌延町・天塩町境,天塩港線,1487,0,4.8,天塩郡天塩町字川口774,567,天塩郡天塩町字川口774,522,1089,1.15,0.18,52.4,58.9,11.55,60
1401060110,稚内天塩線,天塩港線,天塩港線,1487,0,0.2,天塩郡天塩町字川口774,567,天塩郡天塩町字川口774,522,1089,1.15,0.18,22.8,21.3,11.55,60
1401060120,稚内天塩線,天塩港線,一般国道２３２号,1487,0,0.5,天塩郡天塩町字川口774,567,天塩郡天塩町字川口774,522,1089,1.15,0.18,16.4,16.7,11.55,60
1401070010,室蘭環状線,一般国道３７号,中央東線,1205,0,0.8,室蘭市東町2丁目22,4857,室蘭市東町2丁目22,3989,8846,1.19,0.78,18.4,21.8,26,50
1401070020,室蘭環状線,中央東線,一般国道３６号,1205,0,1,室蘭市東町2丁目22,4857,室蘭市東町2丁目22,3989,8846,1.19,0.78,29.5,29.4,26,50
1401070040,室蘭環状線,一般国道３６号,登別市・室蘭市境,1230,0,0.7,室蘭市東町2丁目22,4857,室蘭市東町2丁目22,3989,8846,1.19,0.8,19.2,23,25,50
1401070050,室蘭環状線,登別市・室蘭市境,上登別室蘭線,1205,0,0.2,室蘭市東町2丁目22,4857,室蘭市東町2丁目22,3989,8846,1.19,1.27,25.7,7.4,12.75,50
1401070060,室蘭環状線,上登別室蘭線,中央東線,1205,0,4.3,室蘭市東町2丁目22,4857,室蘭市東町2丁目22,3989,8846,1.19,1.27,25.9,29.1,12.75,50
1401070070,室蘭環状線,中央東線,中央東線,1205,0,0.6,室蘭市東町2丁目22,4857,室蘭市東町2丁目22,3989,8846,1.19,1.27,21.7,19.8,12.75,50
1401070080,室蘭環状線,中央東線,道央自動車道,1205,0,9.6,室蘭市東町2丁目22,4857,室蘭市東町2丁目22,3989,8846,1.19,1.27,46.8,48.2,12.75,50
1401070090,室蘭環状線,道央自動車道,一般国道３７号,1205,0,4.2,,3068,,2882,5950,1.21,0.81,26.9,28.6,14.05,50
1401080010,沓形仙法志鴛泊線,利尻富士利尻線,利尻町・利尻富士町境,1518,0,13.9,久連,512,久連,498,1010,1.18,0.12,54.1,53.1,13.25,50
1401080015,沓形仙法志鴛泊線,利尻町・利尻富士町境,利尻富士利尻線,1519,0,25.2,,553,,514,1067,1.18,0.13,54.1,53.1,17,60
1401090010,新帯広空港線,,幸福インター線,1207,0,2.8,,2913,,3193,6106,1.21,0.57,44.3,31.2,11.75,60
1401090020,新帯広空港線,幸福インター線,豊頃糠内芽室線,1207,0,3.7,,2913,,3193,6106,1.21,0.57,62,63.2,11.75,60
1401100010,江別インター線,一般国道１２号,札幌北広島環状線,1217,0,2.3,,8992,,8507,17499,1.23,0.77,25.2,27.2,25,50
1401100020,江別インター線,札幌北広島環状線,江別恵庭線,1217,0,1.9,,5685,,6079,11764,1.22,0.56,52.7,52.1,23.4,60
1401100030,江別インター線,江別恵庭線,道央自動車道,1217,0,1.2,,5685,,6079,11764,1.22,0.56,50.8,53.8,23.4,60
1401100040,江別インター線,道央自動車道,大麻東雁来線,1217,0,0.3,,5685,,6079,11764,1.22,0.56,47.2,49.4,23.4,60
1401110010,静内中札内線,平取静内線,,1610,0,12.6,,942,,757,1699,1.19,0.21,34.3,40.1,10.15,60
1401110030,静内中札内線,,,1610,0,33.7,,,,,,,,25.4,25.4,5,60
1401110050,静内中札内線,,清水大樹線,1638,0,26.4,,133,,129,262,1.16,0.05,50.3,50.3,8.6,60
1401120010,札幌当別線,一般国道２７４号,丘珠空港東線,1103,0,0.7,札幌市北区篠路町拓北,10692,札幌市北区篠路町拓北,10126,20818,1.24,1.27,9.1,19.2,65,60
1401120020,札幌当別線,丘珠空港東線,札幌市東区・札幌市北区境,1103,0,4.7,札幌市北区篠路町拓北,10692,札幌市北区篠路町拓北,10126,20818,1.24,0.69,38.4,43.7,50,60
1401120030,札幌当別線,札幌市東区・札幌市北区境,札幌北広島環状線,1102,0,2,札幌市北区篠路町拓北,10692,札幌市北区篠路町拓北,10126,20818,1.24,0.65,46.9,43.8,50,60
1401120040,札幌当別線,札幌北広島環状線,一般国道３３７号,1102,0,1.3,札幌市北区篠路町拓北,8493,札幌市北区篠路町拓北,8218,16711,1.23,0.55,34.1,20.4,50,60
1401120060,札幌当別線,一般国道３３７号,岩見沢石狩線,1303,0,10.3,石狩郡当別町当別太3577番地7,1470,石狩郡当別町当別太3577番地7,1312,2782,1.2,0.34,38.4,42.2,12.5,50
1401130010,釧路環状線,一般国道３８号,根室浜中釧路線,1206,0,5.8,釧路市富士見2丁目,6462,釧路市富士見2丁目,6244,12706,1.22,1.43,29.1,28.8,18,40
1401130015,釧路環状線,根室浜中釧路線,,1206,0,1.4,,12360,,11931,24291,1.25,2.18,35.2,42.6,18,50
1401130033,釧路環状線,一般国道４４号,市道共栄橋通,1206,0,0.6,,7411,,6874,14285,1.25,0.76,24.9,23.7,30,50
1401130034,釧路環状線,市道共栄橋通,市道柳橋通,1206,0,0.8,,7411,,6874,14285,1.25,0.76,24.8,28.9,30,50
1401130035,釧路環状線,市道柳橋通,釧路西インター線,1206,0,5.4,,7411,,6874,14285,1.25,0.76,29.8,32,30,50
1401130040,釧路環状線,釧路西インター線,釧路鶴居弟子屈線,1206,0,0.6,,7411,,6874,14285,1.25,0.76,24.9,33.3,30,50
1401130050,釧路環状線,釧路鶴居弟子屈線,一般国道３８号,1206,0,1,,7411,,6874,14285,1.25,0.76,25,23.5,30,50
1401130060,釧路環状線,,,1206,0,0.4,,12360,,11931,24291,1.25,2,29,23.7,13,60
1401130065,釧路環状線,,釧路市・釧路町境,1206,0,1.7,,12360,,11931,24291,1.25,2,23.3,24,13,60
1401130070,釧路環状線,釧路市・釧路町境,一般国道４４号,1661,0,0.1,,12360,,11931,24291,1.25,2.09,42.8,11.9,13,60
1401140010,赤平奈井江線,芦別赤平線,,1218,0,0.3,,1713,,1679,3392,1.2,0.4,25.6,42.3,13.4,40
1401140020,赤平奈井江線,,赤平市・歌志内市境,1218,0,2.1,,1713,,1679,3392,1.2,0.34,59,52.3,13,40
1401140030,赤平奈井江線,赤平市・歌志内市境,赤平歌志内線,1227,0,1,,1713,,1679,3392,1.2,0.5,45.1,45.2,16,40
1401140040,赤平奈井江線,赤平歌志内線,砂川歌志内線,1227,0,3,,2267,,2301,4568,1.21,0.45,38.9,41,16,40
1401140050,赤平奈井江線,砂川歌志内線,文珠砂川線,1227,0,3.8,上砂川町北3条1丁目,512,上砂川町北3条1丁目,463,975,1.18,0.12,44.1,39.5,16,40
1401140060,赤平奈井江線,文珠砂川線,歌志内市・上砂川町境,1227,0,0.8,上砂川町北3条1丁目,512,上砂川町北3条1丁目,463,975,1.18,0.12,45.3,44.4,16,40
1401140070,赤平奈井江線,歌志内市・上砂川町境,芦別砂川線,1425,0,0.3,上砂川町北3条1丁目,512,上砂川町北3条1丁目,463,975,1.18,0.15,35.8,21.6,8.75,40
1401140080,赤平奈井江線,芦別砂川線,芦別砂川線,1425,0,1,,994,,942,1936,1.2,0.29,24.9,31.2,9,40
1401140085,赤平奈井江線,芦別砂川線,芦別砂川線,1425,0,0.5,,994,,942,1936,1.2,0.29,30.9,39,9,40
1401140090,赤平奈井江線,芦別砂川線,上砂川町・奈井江町境,1425,0,4.7,,994,,942,1936,1.2,0.29,48.4,51.6,9,40
1401140100,赤平奈井江線,上砂川町・奈井江町境,道央自動車道,1424,0,5.8,,994,,942,1936,1.2,0.31,52.5,55.2,7.5,60
1401140110,赤平奈井江線,道央自動車道,砂川奈井江美唄線,1424,0,0.5,,994,,942,1936,1.2,0.31,39.8,23.9,7.5,60
1401140120,赤平奈井江線,砂川奈井江美唄線,一般国道１２号,1424,0,1.1,,994,,942,1936,1.2,0.31,46.6,39.6,7.5,60
1401140140,赤平奈井江線,一般国道３８号,芦別赤平線,1218,0,1,赤平市豊里町,247,赤平市豊里町,248,495,1.15,0.09,19.4,24.4,15,40
1401140150,赤平奈井江線,芦別赤平線,,1218,0,1.2,,,,,,,,19.4,24.4,17,50
1300380980,赤平奈井江線,,芦別赤平線,1218,0,2.4,,4021,,3746,7767,1.21,0.74,26.1,27.7,18,40
1401150010,芦別砂川線,一般国道３８号,一般国道４５２号,1216,0,0.9,,2080,,2082,4162,1.21,0.47,28.7,41.8,14.25,50
1401150030,芦別砂川線,一般国道４５２号,芦別市・歌志内市境,1216,0,11.5,,20,,13,33,1.1,0.18,42.4,42.4,5.5,50
1401150040,芦別砂川線,芦別市・歌志内市境,歌志内市・上砂川町境,1227,0,7.6,,444,,402,846,1.17,4.63,42.4,42.4,5.5,50
1401150050,芦別砂川線,歌志内市・上砂川町境,赤平奈井江線,1425,0,2.8,,444,,402,846,1.17,0.15,36.1,35.7,10.25,50
1401150060,芦別砂川線,赤平奈井江線,赤平奈井江線,1425,0,0.6,,444,,402,846,1.17,0.15,11.1,23.4,10.25,50
1401150080,芦別砂川線,赤平奈井江線,上砂川町・砂川市境,1425,0,2.9,砂川市吉野南4丁目,1786,砂川市吉野南4丁目,1809,3595,1.21,0.32,44.1,45.9,16.5,40
1401150090,芦別砂川線,上砂川町・砂川市境,砂川奈井江美唄線,1226,0,2.3,砂川市吉野南4丁目,1786,砂川市吉野南4丁目,1809,3595,1.21,0.2,52.1,50.7,22,50
1401150100,芦別砂川線,砂川奈井江美唄線,一般国道１２号,1226,0,1.1,砂川市吉野南4丁目,1786,砂川市吉野南4丁目,1809,3595,1.21,0.2,25.8,21.9,22,50
1304520220,芦別砂川線,一般国道４５２号,一般国道３８号,1216,0,0.8,,532,,410,942,1.17,0.19,11.1,8.9,11,40
1401160010,岩見沢三笠線,一般国道１２号,岩見沢市・三笠市境,1210,0,0.1,,2956,,2788,5744,1.21,0.2,8.9,18.7,28.85,50
1401160020,岩見沢三笠線,岩見沢市・三笠市境,三笠栗山線,1222,0,1.7,,2956,,2788,5744,1.21,0.25,43.4,42.4,30,50
1401160030,岩見沢三笠線,三笠栗山線,道央自動車道,1222,0,1.1,三笠市弥生藤枝町双柳橋,2579,三笠市弥生藤枝町双柳橋,2309,4888,1.2,0.23,44.9,44.5,25,50
1401160040,岩見沢三笠線,道央自動車道,美唄三笠線,1222,0,2.2,三笠市弥生藤枝町双柳橋,2579,三笠市弥生藤枝町双柳橋,2309,4888,1.2,0.23,55.3,53.6,25,50
1401160050,岩見沢三笠線,美唄三笠線,三笠栗沢線,1222,0,1.8,三笠市弥生藤枝町双柳橋,2579,三笠市弥生藤枝町双柳橋,2309,4888,1.2,0.23,38.5,33.8,25,50
1401160055,岩見沢三笠線,三笠栗沢線,岩見沢桂沢線,1222,0,4.8,三笠市弥生藤枝町双柳橋,2579,三笠市弥生藤枝町双柳橋,2309,4888,1.2,0.23,46.3,50.7,25,50
1401160060,岩見沢三笠線,岩見沢桂沢線,,1222,0,0.1,三笠市弥生藤枝町双柳橋,2579,三笠市弥生藤枝町双柳橋,2309,4888,1.2,0.23,49.7,52.3,25,50
1401160090,岩見沢三笠線,,,1222,0,0.5,三笠市弥生藤枝町双柳橋,2579,三笠市弥生藤枝町双柳橋,2309,4888,1.2,0.23,59.9,59.4,25,50
1401160070,岩見沢三笠線,,一般国道４５２号,1222,0,8.7,三笠市桂沢,1505,三笠市桂沢,1535,3040,1.2,0.15,53.6,52.5,25,50
1401170010,恵庭岳公園線,一般国道４５３号,道央自動車道,1231,0,20.8,,517,,526,1043,1.18,0.22,58.2,57.4,11,40
1401170020,恵庭岳公園線,道央自動車道,江別恵庭線,1231,0,1.9,,4687,,4823,9510,1.22,0.29,33.9,28.2,25,50
1401180010,美深中川線,一般国道４０号,美深町・中川町境,1469,0,14.5,,174,,193,367,1.15,0.88,34.1,34.1,4.5,60
1401180020,美深中川線,美深町・中川町境,板谷蕗ノ台線,1471,0,9.5,,,,,,,,50.4,50.4,4.5,60
1401180030,美深中川線,板谷蕗ノ台線,遠別中川線,1471,0,20,上川郡和寒町字東丘,109,上川郡和寒町字東丘,98,207,1.12,0.04,60.4,58.3,8,60
1401180040,美深中川線,遠別中川線,一般国道４０号,1471,0,0.2,上川郡和寒町字東丘,109,上川郡和寒町字東丘,98,207,1.12,0.04,34,24.7,16,40
1401190010,遠別中川線,一般国道２３２号,豊富遠別線,1486,0,7.4,,455,,453,908,1.17,0.21,61.8,61.8,10.45,60
1401190020,遠別中川線,豊富遠別線,豊富遠別線,1486,0,1.3,天塩郡遠別町清川,235,天塩郡遠別町清川,241,476,1.15,0.08,62,60.7,9,60
1401190030,遠別中川線,豊富遠別線,遠別町・中川町境,1486,0,8.2,天塩郡遠別町清川,235,天塩郡遠別町清川,241,476,1.15,0.08,63,60.5,9,60
1401190040,遠別中川線,遠別町・中川町境,美深中川線,1471,0,5.6,中川郡中川町字安川64-9,180,中川郡中川町字安川64-9,178,358,1.15,0.06,56.8,58.8,10.5,60
1401200010,美深中頓別線,美深雄武線,美深町・枝幸町境,1469,0,6.3,,192,,178,370,1.15,0.06,56.5,59,7.5,60
1401200020,美深中頓別線,美深町・枝幸町境,上音標音標線,1514,0,8.4,,228,,161,389,1.15,0.07,67.2,68.7,8.5,60
1401200030,美深中頓別線,上音標音標線,上徳志別乙忠部線,1514,0,13.3,,228,,161,389,1.15,0.07,63.9,64.1,8.5,60
1401200040,美深中頓別線,上徳志別乙忠部線,枝幸音威子府線,1514,0,15.6,,88,,84,172,1.16,0.04,60,63.4,18,60
1401200060,美深中頓別線,枝幸音威子府線,枝幸町・中頓別町境,1514,0,9.6,,88,,84,172,1.16,0.04,59.2,54.5,7.6,60
1401200070,美深中頓別線,枝幸町・中頓別町境,兵安上頓別停車場線,1513,0,10,,88,,84,172,1.16,0.04,54.8,44.5,15.5,60
1401200080,美深中頓別線,兵安上頓別停車場線,一般国道２７５号,1513,0,8.4,,88,,84,172,1.16,0.04,52.4,47.4,15.5,60
1401210010,稚内幌延線,一般国道２３８号,稚内空港線,1214,0,1.2,,965,,824,1789,1.2,0.34,50.5,54.9,14,60
1401210020,稚内幌延線,稚内空港線,稚内豊富線,1214,0,3.2,,965,,824,1789,1.2,0.34,61.8,62.6,14,60
1401210030,稚内幌延線,稚内豊富線,稚内豊富線,1214,0,15.2,,600,,575,1175,1.19,0.2,54.8,57.8,13.5,60
1401210040,稚内幌延線,稚内豊富線,豊富猿払線,1214,0,0.6,,600,,575,1175,1.19,0.2,28.8,45.4,13.5,60
1401210050,稚内幌延線,豊富猿払線,豊富猿払線,1214,0,1,,600,,575,1175,1.19,0.2,43.2,39.1,13.5,60
1401210060,稚内幌延線,豊富猿払線,稚内市・豊富町境,1214,0,10.1,,185,,197,382,1.15,0.06,66.2,63.8,14,60
1401210070,稚内幌延線,稚内市・豊富町境,豊富浜頓別線,1516,0,13.5,,185,,197,382,1.15,0.06,64.5,62.3,14,60
1401210090,稚内幌延線,豊富浜頓別線,豊富遠別線,1520,0,7.2,三条南,464,三条南,438,902,1.12,0.16,59.4,66.1,13,60
1401210100,稚内幌延線,豊富遠別線,上問寒幌延停車場線,1520,0,0.7,幌延,744,幌延,764,1508,1.19,0.24,21.5,26.3,13,40
1401210110,稚内幌延線,上問寒幌延停車場線,豊富遠別線,1520,0,0.5,幌延,744,幌延,764,1508,1.19,0.24,19.7,14.9,13,40
1401210120,稚内幌延線,豊富遠別線,豊富遠別線,1520,0,0.3,,754,,839,1593,1.19,0.21,17.6,13.4,15,60
1401210130,稚内幌延線,豊富遠別線,町道幌延３号線,1520,0,0.1,,754,,839,1593,1.19,0.21,37.4,32,15,60
1401210135,稚内幌延線,町道幌延３号線,一般国道４０号,1520,0,2.2,,754,,839,1593,1.19,0.21,56.3,57.8,15,60
1401220010,北見端野美幌線,一般国道３９号,北見美幌線,1208,0,1,北見市川東,2420,北見市川東,2426,4846,1.21,0.59,21.9,18.5,18,50
1401220020,北見端野美幌線,北見美幌線,北見美幌線,1208,0,1.1,北見市川東,2420,北見市川東,2426,4846,1.21,0.59,22.8,28.7,18,50
1401220025,北見端野美幌線,北見美幌線,市道川東東６号道路,1208,0,1.9,北見市川東,2420,北見市川東,2426,4846,1.21,0.59,35.8,40.7,10.45,50
1401220030,北見端野美幌線,市道川東東６号道路,緋牛内北見線,1208,0,2.5,北見市川東,2312,北見市川東,2286,4598,1.21,0.5,48.3,50.6,10.45,50
1401220040,北見端野美幌線,緋牛内北見線,北見市・美幌町境,1208,0,4.9,北見市川東,2312,北見市川東,2286,4598,1.21,0.47,51.6,59.3,12.25,60
1401220050,北見端野美幌線,北見市・美幌町境,北見美幌線,1543,0,9.2,美幌町字豊岡,3634,美幌町字豊岡,3501,7135,1.21,1.12,60.7,57.3,6,60
1401220060,北見端野美幌線,北見美幌線,,1543,0,0.4,,3381,,3102,6483,1.21,1.01,45.8,41.7,12,60
1401220070,北見端野美幌線,,一般国道３９号,1543,0,2,,3381,,3102,6483,1.21,1.01,56.4,51.3,12,60
1401220090,北見端野美幌線,一般国道３９号,一般国道３９号,1543,0,1.9,美幌町瑞治,1199,美幌町瑞治,1158,2357,1.2,0.32,25.8,24.8,12.5,40
1401230010,別海厚岸線,一般国道２４３号,上風連奥行線,1691,0,12.6,野付郡別海町上風連,261,野付郡別海町上風連,265,526,1.11,0.09,64.7,60.8,11.5,60
1401230020,別海厚岸線,上風連奥行線,上風連大別線,1691,0,2.4,野付郡別海町上風連,261,野付郡別海町上風連,265,526,1.11,0.09,68.5,69.8,11.5,60
1401230030,別海厚岸線,上風連大別線,別海町・浜中町境,1691,0,1.2,野付郡別海町上風連,261,野付郡別海町上風連,265,526,1.11,0.09,69.4,67.1,11.5,60
1401230040,別海厚岸線,別海町・浜中町境,一般国道４４号,1663,0,10.3,,574,,633,1207,1.19,0.14,65,66.1,14.5,60
1401230060,別海厚岸線,一般国道４４号,別海浜中停車場線,1663,0,2.8,,917,,1017,1934,1.2,0.35,43.5,56.4,10.5,50
1401230070,別海厚岸線,別海浜中停車場線,根室浜中釧路線,1663,0,3.3,,917,,1017,1934,1.2,0.35,49.4,47.1,10.5,50
1401230080,別海厚岸線,根室浜中釧路線,霧多布岬線,1663,0,5.1,,917,,1017,1934,1.2,0.35,48.3,55.1,10.5,50
1401230090,別海厚岸線,霧多布岬線,琵琶瀬茶内停車場線,1663,0,1.2,,770,,782,1552,1.19,0.25,32.5,40.8,13.5,60
1401230100,別海厚岸線,琵琶瀬茶内停車場線,火散布茶内停車場線,1663,0,9.2,,770,,782,1552,1.19,0.25,55.7,54.6,13.5,60
1401230110,別海厚岸線,火散布茶内停車場線,浜中町・厚岸町境,1663,0,7.4,,366,,387,753,1.17,0.12,49.4,57.2,8,60
1401230120,別海厚岸線,浜中町・厚岸町境,床潭筑紫恋線,1662,0,13.8,,366,,387,753,1.17,0.12,57.9,58.4,8,60
1401230130,別海厚岸線,床潭筑紫恋線,一般国道４４号,1662,0,5.3,,5969,,6098,12067,1.22,0.94,34,32.1,20,40
1401240010,宮の沢北１条線,札樽自動車道,西野真駒内清田線,1107,0,0.5,札幌市西区西町北1丁目（発寒橋）,14822,札幌市西区西町北1丁目（発寒橋）,14740,29562,1.23,1.16,15,20.8,25,50
1401240020,宮の沢北１条線,西野真駒内清田線,琴似停車場線,1107,0,2.6,札幌市西区西町北1丁目（発寒橋）,14822,札幌市西区西町北1丁目（発寒橋）,14740,29562,1.23,1.16,23.6,20.3,25,50
1401240030,宮の沢北１条線,琴似停車場線,札幌環状線,1107,0,0.9,札幌市西区西町北1丁目（発寒橋）,14822,札幌市西区西町北1丁目（発寒橋）,14740,29562,1.23,1.16,21.9,22.7,25,50
1401240040,宮の沢北１条線,札幌環状線,西２８丁目線,1107,0,0.6,札幌市西区西町北1丁目（発寒橋）,14822,札幌市西区西町北1丁目（発寒橋）,14740,29562,1.23,1.16,16.8,21.8,25,50
1401240050,宮の沢北１条線,西２８丁目線,西野白石線,1101,0,0.5,札幌市西区西町北1丁目（発寒橋）,14822,札幌市西区西町北1丁目（発寒橋）,14740,29562,1.23,1.21,22.6,30.7,25,40
1401240060,宮の沢北１条線,西野白石線,西野白石線,1101,0,0.5,札幌市西区西町北1丁目（発寒橋）,14822,札幌市西区西町北1丁目（発寒橋）,14740,29562,1.23,1.21,21.1,17.2,25,40
1401240070,宮の沢北１条線,西野白石線,桑園停車場線,1101,0,1.2,札幌市西区西町北1丁目（発寒橋）,14822,札幌市西区西町北1丁目（発寒橋）,14740,29562,1.23,1.21,19.5,21.8,25,40
1401240080,宮の沢北１条線,桑園停車場線,一般国道２３０号,1101,0,0.5,札幌市西区西町北1丁目（発寒橋）,14822,札幌市西区西町北1丁目（発寒橋）,14740,29562,1.23,0.93,21,15,25,40
1401250010,前田新川線,一般国道３３７号,石狩手稲線,1109,0,3,札幌市手稲区手稲前田,8529,札幌市手稲区手稲前田,8456,16985,1.23,0.74,41.5,43.2,37,60
1401250020,前田新川線,石狩手稲線,札幌市手稲区・札幌市北区境,1109,0,0.2,札幌市北区新川西1条4丁目（新琴似第8条）,16212,札幌市北区新川西1条4丁目（新琴似第8条）,15784,31996,1.25,1.27,15.7,36.1,37,60
1401250030,前田新川線,札幌市手稲区・札幌市北区境,札幌北広島環状線,1102,0,2.4,札幌市北区新川西1条4丁目（新琴似第8条）,16212,札幌市北区新川西1条4丁目（新琴似第8条）,15784,31996,1.25,1.18,39,41.3,37,50
1401250040,前田新川線,札幌北広島環状線,一般国道５号,1102,0,2.4,,21980,,20289,42269,1.26,1.36,33,17.5,37,50
1401260004,小平幌加内線,一般国道２３２号,達布小平町線,1482,0,5.9,,895,,801,1696,1.19,0.27,66.4,59.2,12,60
1401260007,小平幌加内線,達布小平町線,達布小平町線,1482,0,1.7,留萌郡小平町冨里,470,留萌郡小平町冨里,405,875,1.19,0.16,51.3,55.3,11.25,60
1401260010,小平幌加内線,達布小平町線,苫前小平線,1482,0,5.3,,376,,334,710,1.16,0.1,61.5,60.4,11.7,60
1401260020,小平幌加内線,苫前小平線,達布石狩沼田停車場線,1482,0,7.3,,376,,334,710,1.16,0.1,65.1,57.1,11.7,60
1401260030,小平幌加内線,達布石狩沼田停車場線,霧立小平線,1482,0,9.8,,128,,122,250,1.18,0.04,65.2,58.3,11.05,60
1401260040,小平幌加内線,霧立小平線,,1482,0,6.3,,,,,,,,65.2,58.3,8.5,60
1401260060,小平幌加内線,,一般国道２７５号,1472,0,6.1,,141,,139,280,1.16,0.05,57.8,57.8,7.5,60
1401270010,室蘭インター線,一般国道３７号,道央自動車道,1205,0,2.6,,1406,,1487,2893,1.2,0.42,55.6,52.2,11.5,50
1401280010,札幌北広島環状線,一般国道５号,札幌市手稲区・札幌市西区境,1109,0,1,札幌市手稲区新発寒5条1丁目,12037,札幌市手稲区新発寒5条1丁目,11868,23905,1.24,0.83,17.9,26.5,50,50
1401280020,札幌北広島環状線,札幌市手稲区・札幌市西区境,下手稲札幌線,1107,0,1.1,札幌市手稲区新発寒5条1丁目,12037,札幌市手稲区新発寒5条1丁目,11868,23905,1.24,0.59,24.6,22,50,60
1401280030,札幌北広島環状線,下手稲札幌線,札幌市西区・札幌市北区境,1107,0,1.1,札幌市手稲区新発寒5条1丁目,12037,札幌市手稲区新発寒5条1丁目,11868,23905,1.24,0.59,16.4,21.4,50,60
1401280040,札幌北広島環状線,札幌市西区・札幌市北区境,前田新川線,1102,0,0.1,札幌市手稲区新発寒5条1丁目,12037,札幌市手稲区新発寒5条1丁目,11868,23905,1.24,1.87,22.4,16.8,20,60
1401280050,札幌北広島環状線,前田新川線,樽川篠路線,1102,0,1.8,札幌市手稲区新発寒5条1丁目,12037,札幌市手稲区新発寒5条1丁目,11868,23905,1.24,1.87,32.7,31.9,20,60
1401280060,札幌北広島環状線,樽川篠路線,一般国道２３１号,1102,0,6.7,,8498,,9004,17502,1.23,0.72,24.8,26.1,20,60
1401280080,札幌北広島環状線,一般国道２３１号,花畔札幌線,1102,0,0.6,札幌市北区あいの里2条4丁目,4737,札幌市北区あいの里2条4丁目,4640,9377,1.22,0.77,28.5,37.3,20,60
1401280090,札幌北広島環状線,花畔札幌線,札幌当別線,1102,0,4.5,札幌市北区あいの里2条4丁目,4737,札幌市北区あいの里2条4丁目,4640,9377,1.22,0.36,38,33.2,39,50
1401280100,札幌北広島環状線,札幌当別線,札幌市北区・札幌市東区境,1102,0,1.9,札幌市東区中沼町,2461,札幌市東区中沼町,2166,4627,1.21,0.28,59,56.9,39,50
1401280110,札幌北広島環状線,札幌市北区・札幌市東区境,,1103,0,1,札幌市東区中沼町,2461,札幌市東区中沼町,2166,4627,1.21,0.14,59.1,57,39,50
1401280130,札幌北広島環状線,一般国道２７５号,江別インター線,1217,0,1.7,江別市工栄町23番地4,5490,江別市工栄町23番地4,5041,10531,1.22,0.69,31.2,37.9,23.5,50
1401290010,静川美沢線,一般国道２３５号,苫小牧市・厚真町境,1213,0,0.4,,1116,,1074,2190,1.2,0.34,14.9,34.2,11,60
1401290020,静川美沢線,苫小牧市・厚真町境,,1581,0,0.1,,1116,,1074,2190,1.2,0.34,15.9,14.6,11,60
1401290040,静川美沢線,,一般国道２３４号,1213,0,2.7,,1116,,1074,2190,1.2,0.35,60.1,60.9,15,60
1401290050,静川美沢線,一般国道２３４号,一般国道３６号,1213,0,6,,1116,,1074,2190,1.2,0.35,62.5,62.1,15,60
1401300010,新千歳空港線,,千歳市・苫小牧市境,1224,0,0.1,,1741,,1777,3518,1.2,0.35,65.8,66.3,9,50
1401300020,新千歳空港線,千歳市・苫小牧市境,泉沢新千歳空港線,1213,0,1.2,,1741,,1777,3518,1.2,0.33,58.3,51.6,10.5,60
1401300030,新千歳空港線,泉沢新千歳空港線,一般国道３６号,1213,0,3.8,,1741,,1777,3518,1.2,0.33,54.1,48.3,10.5,60
1401310010,平取穂別線,一般国道２３７号,平取町・むかわ町境,1602,0,4.3,,107,,149,256,1.16,0.06,48.7,50.3,8.3,50
1401310020,平取穂別線,平取町・むかわ町境,占冠穂別線,1586,0,5.4,,107,,149,256,1.16,0.06,44.1,52.5,7.8,50
1401310030,平取穂別線,占冠穂別線,穂別鵡川線,1586,0,8,,678,,619,1297,1.19,0.22,60.8,58.2,7.8,60
1401320050,洞爺公園洞爺線,一般国道４５３号,洞爺公園洞爺線,1575,0,1.4,,,,,,,,53.3,53.3,8,40
1401320010,洞爺公園洞爺線,洞爺公園洞爺線,仲洞爺留寿都線,1575,0,5.9,有珠郡壮瞥町字仲洞爺,517,有珠郡壮瞥町字仲洞爺,479,996,1.18,0.2,46.6,47.3,6.5,40
1401320020,洞爺公園洞爺線,仲洞爺留寿都線,壮瞥町・洞爺湖町境,1575,0,1.1,有珠郡壮瞥町字仲洞爺,517,有珠郡壮瞥町字仲洞爺,479,996,1.18,0.19,54.4,57.1,7.5,40
1401320030,洞爺公園洞爺線,壮瞥町・洞爺湖町境,岩内洞爺線,1584,0,7.6,有珠郡壮瞥町字仲洞爺,517,有珠郡壮瞥町字仲洞爺,479,996,1.18,0.18,50.5,52.4,13,40
1401320005,洞爺公園洞爺線,洞爺湖登別線,洞爺公園洞爺線,1575,0,1.9,有珠郡壮瞥町字仲洞爺,517,有珠郡壮瞥町字仲洞爺,479,996,1.18,0.19,49.4,52.9,7.5,40
1401330010,音更新得線,一般国道２４１号,音更停車場線,1631,0,1.3,河東郡音更町大通13丁目,1205,河東郡音更町大通13丁目,1423,2628,1.15,0.21,19.6,27.3,13,50
1401330020,音更新得線,音更停車場線,上士幌士幌音更線,1631,0,1.6,河東郡音更町大通13丁目,1205,河東郡音更町大通13丁目,1423,2628,1.15,0.21,31.6,31.9,13,50
1401330030,音更新得線,上士幌士幌音更線,一般国道２４１号,1631,0,0.4,河東郡音更町大通13丁目,1205,河東郡音更町大通13丁目,1423,2628,1.15,0.21,38.5,28.3,13,50
1401330040,音更新得線,一般国道２４１号,熊牛音更線,1631,0,1.1,河東郡音更町大通13丁目,1205,河東郡音更町大通13丁目,1423,2628,1.15,0.21,42.6,49.8,13,50
1401330050,音更新得線,熊牛音更線,上士幌士幌音更線,1631,0,1.7,河東郡音更町大通13丁目,1205,河東郡音更町大通13丁目,1423,2628,1.15,0.21,60.1,58.9,13,50
1401330060,音更新得線,上士幌士幌音更線,川西芽室音更線,1631,0,4.8,河東郡音更町駒場並木　種馬橋,747,河東郡音更町駒場並木　種馬橋,693,1440,1.19,0.18,57.2,56.5,13.5,50
1401330070,音更新得線,川西芽室音更線,東瓜幕芽室線,1631,0,3.3,河東郡音更町駒場並木　種馬橋,747,河東郡音更町駒場並木　種馬橋,693,1440,1.19,0.18,59.6,61.3,13.5,50
1401330090,音更新得線,東瓜幕芽室線,一般国道２７４号,1634,0,3.3,,1378,,1311,2689,1.2,0.33,60.7,54.8,14,60
1401330110,音更新得線,一般国道２７４号,鹿追町・清水町境,1634,0,3.8,,1378,,1311,2689,1.2,0.35,55.8,57.6,9,60
1401330120,音更新得線,鹿追町・清水町境,帯広新得線,1636,0,2.2,,1378,,1311,2689,1.2,0.34,62,63.5,10.5,60
1401340010,本別士幌線,一般国道２４２号,勇足本別停車場線,1646,0,1.3,中川郡本別町押帯,471,中川郡本別町押帯,521,992,1.16,0.29,34.1,47.5,10.5,60
1401340020,本別士幌線,勇足本別停車場線,本別町・士幌町境,1646,0,11.8,中川郡本別町押帯,471,中川郡本別町押帯,521,992,1.16,0.29,63.2,61,10.5,60
1401340030,本別士幌線,本別町・士幌町境,下居辺高島停車場線,1632,0,4.3,中川郡本別町押帯,471,中川郡本別町押帯,521,992,1.16,0.31,66.5,68.3,12.5,50
1401340040,本別士幌線,下居辺高島停車場線,上士幌音更線,1632,0,5.9,,1305,,1303,2608,1.2,0.31,61.4,59.2,14,60
1401340050,本別士幌線,上士幌音更線,上士幌音更線,1632,0,0.5,,1305,,1303,2608,1.2,0.31,60,60.8,14,60
1401340060,本別士幌線,上士幌音更線,一般国道２４１号,1632,0,3.4,,1305,,1303,2608,1.2,0.31,56.9,54.7,14,60
1302740640,本別士幌線,士幌然別湖線,一般国道２７４号,1632,0,1.6,,1179,,987,2166,1.2,0.26,58.9,57.4,11.5,60
1302740650,本別士幌線,士幌停車場線,士幌然別湖線,1632,0,3.3,,1179,,987,2166,1.2,0.26,35.7,34.8,11.5,60
1302740660,本別士幌線,一般国道２４１号,士幌停車場線,1632,0,1.6,,1179,,987,2166,1.2,0.27,30.4,30.2,17.5,50
1401350010,美唄富良野線,一般国道１２号,砂川奈井江美唄線,1215,0,1,美唄市東7条北1丁目1,3072,美唄市東7条北1丁目1,3294,6366,1.21,0.59,27.1,27.6,18,50
1401350015,美唄富良野線,砂川奈井江美唄線,,1215,0,0.9,,2019,,2025,4044,1.2,0.44,27.7,31.1,18,50
1401350020,美唄富良野線,,道央自動車道,1215,0,0.4,,2019,,2025,4044,1.2,0.4,32.4,29,18.5,50
1401350030,美唄富良野線,道央自動車道,,1215,0,15.3,美唄市美唄町常盤台,127,美唄市美唄町常盤台,107,234,1.21,0.04,39.9,42.9,8.5,50
1401350050,美唄富良野線,一般国道４５２号,芦別市・富良野市境,1216,0,13.3,芦別市咲別,823,芦別市咲別,800,1623,1.19,0.37,60.6,64.6,9.5,60
1401350060,美唄富良野線,芦別市・富良野市境,富良野市・芦別市境,1229,0,0.9,,1240,,1047,2287,1.2,0.53,61.4,64.6,9,60
1401350070,美唄富良野線,富良野市・芦別市境,芦別市・富良野市境,1216,0,1.7,,706,,610,1316,1.19,0.3,64.8,66.3,7.6,60
1401350080,美唄富良野線,芦別市・富良野市境,一般国道３８号,1229,0,1.7,,1377,,1154,2531,1.2,0.58,54.2,45.5,8.5,60
1401360010,夕張新得線,一般国道４５２号,,1209,0,27.6,,176,,172,348,1.15,0.07,53.6,53.6,10,40
1401360030,夕張新得線,,,1209,0,1.8,,,,,,,,,,7.5,40
1401360050,夕張新得線,,占冠穂別線,1463,0,8.9,,553,,533,1086,1.18,5.68,39.8,37.5,4.5,60
1401360060,夕張新得線,占冠穂別線,占冠穂別線,1463,0,6.9,,553,,533,1086,1.18,1.42,39.8,37.5,5,60
1401360070,夕張新得線,占冠穂別線,一般国道２３７号,1463,0,5.6,,3284,,3070,6354,1.21,0.79,55.5,50.6,9,60
1401360090,夕張新得線,一般国道２３７号,石勝高原幾寅線,1463,0,16.1,,224,,203,427,1.15,0.06,63.5,62.2,11,60
1401360100,夕張新得線,石勝高原幾寅線,トマムインター線,1463,0,11.3,勇払郡占冠村字トマム,551,勇払郡占冠村字トマム,514,1065,1.19,0.13,56.1,51.8,8.6,60
1401360110,夕張新得線,トマムインター線,占冠村・南富良野町境,1463,0,1,,711,,655,1366,1.19,0.16,58.2,60.8,10.5,50
1401360120,夕張新得線,占冠村・南富良野町境,落合停車場線,1462,0,3.8,,711,,655,1366,1.19,0.18,62.1,65.8,9.5,50
1401360130,夕張新得線,落合停車場線,,1462,0,3.9,,711,,655,1366,1.19,0.18,38.9,46.2,9.5,50
1401360150,夕張新得線,,一般国道３８号,1635,0,4.9,,1411,,1572,2983,1.2,0.32,42.3,27.8,10.3,60
1401370010,遠軽雄武線,一般国道２４２号,社名淵瀬戸瀬停車場線,1555,0,5.6,遠軽町美晴,197,遠軽町美晴,229,426,1.15,0.08,50.2,51.7,9.1,60
1401370020,遠軽雄武線,社名淵瀬戸瀬停車場線,上社名淵上湧別線,1555,0,3.6,遠軽町美晴,197,遠軽町美晴,229,426,1.15,0.08,56.7,51.7,9.1,60
1401370030,遠軽雄武線,上社名淵上湧別線,遠軽町・紋別市境,1555,0,9.3,紋別市鴻之舞,98,紋別市鴻之舞,89,187,1.08,0.04,68,62.8,9.1,60
1401370040,遠軽雄武線,遠軽町・紋別市境,紋別丸瀬布線,1219,0,5.6,紋別市鴻之舞,98,紋別市鴻之舞,89,187,1.08,0.04,59.4,65.7,7.5,60
1401370050,遠軽雄武線,紋別丸瀬布線,紋別丸瀬布線,1219,0,1.7,紋別市鴻之舞,98,紋別市鴻之舞,89,187,1.08,0.04,63.2,49,7.5,60
1401370060,遠軽雄武線,紋別丸瀬布線,丸瀬布上渚滑線,1219,0,15.1,紋別市鴻之舞,98,紋別市鴻之舞,89,187,1.08,0.04,51.8,61.4,9,60
1401370070,遠軽雄武線,丸瀬布上渚滑線,丸瀬布上渚滑線,1219,0,1.4,,75,,84,159,1.12,0.04,58.3,54.5,9,60
1401370080,遠軽雄武線,丸瀬布上渚滑線,紋別市・滝上町境,1219,0,5.5,,445,,513,958,1.17,0.14,62.7,66.4,8.5,60
1401370090,遠軽雄武線,紋別市・滝上町境,オシラネップ原野濁川停車場線,1560,0,2.9,,445,,513,958,1.17,0.14,56.5,57.1,7.5,60
1401370100,遠軽雄武線,オシラネップ原野濁川停車場線,一般国道２７３号,1560,0,3.9,,445,,513,958,1.17,0.14,44,46.8,7.5,60
1401370120,遠軽雄武線,士別滝の上線,滝上町・西興部村境,1560,0,3.1,西興部村上藻布袋橋,113,西興部村上藻布袋橋,149,262,1.17,0.04,55.4,56.6,10.5,60
1401370130,遠軽雄武線,滝上町・西興部村境,中藻興部興部線,1562,0,11.6,西興部村上藻布袋橋,113,西興部村上藻布袋橋,149,262,1.17,0.05,55.4,56.9,7.5,60
1401370140,遠軽雄武線,中藻興部興部線,一般国道２３９号,1562,0,3.5,,403,,431,834,1.17,0.16,48.6,36.2,8.5,40
1401370160,遠軽雄武線,一般国道２３９号,,1562,0,1.2,,38,,56,94,1.21,0.03,54.6,54.6,10,60
1401370180,遠軽雄武線,,美深雄武線,1563,0,4.2,,38,,56,94,1.21,0.03,35.2,39.4,9.8,60
1401380010,豊富猿払線,一般国道４０号（豊富バイパス）,豊富町・稚内市境,1516,0,2.9,メナシベツ,207,メナシベツ,203,410,1.1,0.07,47.5,47.8,7.8,60
1401380020,豊富猿払線,豊富町・稚内市境,稚内幌延線,1214,0,7.6,メナシベツ,207,メナシベツ,203,410,1.1,0.07,51.8,50.3,10.05,60
1401380040,豊富猿払線,稚内幌延線,曲渕停車場線,1214,0,3.5,メナシベツ,207,メナシベツ,203,410,1.1,0.07,57.1,57.9,14,60
1401380050,豊富猿払線,曲渕停車場線,稚内市・猿払村境,1214,0,9.2,メナシベツ,207,メナシベツ,203,410,1.1,0.07,52.3,53,14,60
1401380060,豊富猿払線,稚内市・猿払村境,上猿払清浜線,1511,0,8.2,メナシベツ,207,メナシベツ,203,410,1.1,0.09,59.4,57.6,8.6,60
1401380070,豊富猿払線,上猿払清浜線,鬼志別停車場線,1511,0,5.8,,1025,,1111,2136,1.2,0.33,50.4,48.1,14,60
1401380080,豊富猿払線,鬼志別停車場線,一般国道２３８号,1511,0,4.1,,921,,896,1817,1.2,0.28,34.5,34.7,14,60
1401390010,江別奈井江線,江別長沼線,市道美原南１４号道路の１,1217,0,2.1,,2948,,2889,5837,1.21,0.89,31.7,41.4,12.5,40
1401390020,江別奈井江線,市道美原南１４号道路の１,一般国道３３７号,1217,0,3.4,,2948,,2889,5837,1.21,0.85,44.5,48.6,7.5,40
1401390030,江別奈井江線,一般国道３３７号,江別市・新篠津村境,1217,0,1.1,,728,,706,1434,1.19,0.23,29.3,32.4,9.5,60
1401390040,江別奈井江線,江別市・新篠津村境,中原金沢線,1304,0,1.7,,728,,706,1434,1.19,0.23,44.8,43.7,9.5,60
1401390050,江別奈井江線,中原金沢線,岩見沢石狩線,1304,0,11,,766,,846,1612,1.19,0.27,52.4,48.8,10,60
1401390070,江別奈井江線,岩見沢石狩線,美唄達布岩見沢線,1210,0,1,,1025,,967,1992,1.2,0.28,38.4,50.5,7.5,50
1401390080,江別奈井江線,美唄達布岩見沢線,岩見沢月形線,1210,0,4.6,,1025,,967,1992,1.2,0.28,52.6,50.5,7.5,50
1401390100,江別奈井江線,岩見沢月形線,岩見沢市・美唄市境,1210,0,7.1,,356,,361,717,1.16,0.13,47.4,44.5,7.5,60
1401390110,江別奈井江線,岩見沢市・美唄市境,月形峰延線,1215,0,0.1,,356,,361,717,1.16,0.13,31.2,17.4,9.75,60
1401390120,江別奈井江線,月形峰延線,月形峰延線,1215,0,0.5,,160,,158,318,1.16,0.04,53.7,54.2,9.75,60
1401390130,江別奈井江線,月形峰延線,美唄月形線,1215,0,3.7,,160,,158,318,1.16,0.04,54.8,51.3,9.75,60
1401390150,江別奈井江線,美唄月形線,美唄市・奈井江町境,1215,0,9.5,奈井江町茶志内,228,奈井江町茶志内,268,496,1.15,0.08,50.5,53,7.5,60
1401390160,江別奈井江線,美唄市・奈井江町境,奈井江浦臼線,1424,0,4.4,奈井江町茶志内,228,奈井江町茶志内,268,496,1.15,0.08,50.5,53,7.5,50
1401390170,江別奈井江線,奈井江浦臼線,一般国道１２号,1424,0,1.7,奈井江町奈江原野,1050,奈井江町奈江原野,1066,2116,1.2,0.22,36,34,18.18,50
1401400010,愛別当麻旭川線,一般国道３９号,比布愛別停車場線,1456,0,0.3,,895,,1056,1951,1.2,0.35,22.4,14.9,10,40
1401400020,愛別当麻旭川線,比布愛別停車場線,愛別インター線,1456,0,0.9,,895,,1056,1951,1.2,0.21,35.2,45.8,14,50
1401400030,愛別当麻旭川線,愛別インター線,愛別町・当麻町境,1456,0,1.4,上川郡当麻町4条東4丁目,1221,上川郡当麻町4条東4丁目,1251,2472,1.2,0.38,57.8,59.8,10.5,50
1401400040,愛別当麻旭川線,愛別町・当麻町境,豊田当麻線,1454,0,9.2,上川郡当麻町4条東4丁目,1221,上川郡当麻町4条東4丁目,1251,2472,1.2,0.36,55.7,56.9,7.5,50
1401400050,愛別当麻旭川線,豊田当麻線,当麻町・旭川市境,1454,0,2.4,旭川市東旭川町桜岡,1860,旭川市東旭川町桜岡,2020,3880,1.2,0.52,41.9,47,11.5,50
1401400060,愛別当麻旭川線,当麻町・旭川市境,鷹栖東神楽線,1204,0,4.4,旭川市東旭川町桜岡,1860,旭川市東旭川町桜岡,2020,3880,1.2,0.47,47.9,44.2,11.55,50
1401400080,愛別当麻旭川線,鷹栖東神楽線,東旭川停車場線,1204,0,1.1,旭川市東旭川町上兵村,3650,旭川市東旭川町上兵村,3704,7354,1.18,1.04,28.7,31.3,21,40
1401400090,愛別当麻旭川線,東旭川停車場線,旭川環状線,1204,0,2.3,旭川市東旭川町上兵村,3650,旭川市東旭川町上兵村,3704,7354,1.18,0.42,27.3,25,22,50
1401400100,愛別当麻旭川線,旭川環状線,一般国道３９号,1204,0,2.6,,7538,,9994,17532,1.23,1.09,23.9,24.2,22,50
1401410010,樽前錦岡線,一般国道２７６号,千歳市・苫小牧市境,1224,0,0,,415,,423,838,1.17,0.11,16.6,31.4,8.9,60
1401410020,樽前錦岡線,千歳市・苫小牧市境,苫小牧市・千歳市境,1213,0,0.2,,415,,423,838,1.17,0.12,35.3,45.1,6.5,60
1401410030,樽前錦岡線,苫小牧市・千歳市境,千歳市・苫小牧市境,1224,0,0.7,,415,,423,838,1.17,0.11,41.1,44.3,7,60
1401410040,樽前錦岡線,千歳市・苫小牧市境,苫小牧市・千歳市境,1213,0,0.1,,415,,423,838,1.17,0.12,42,42.3,6.5,60
1401410050,樽前錦岡線,苫小牧市・千歳市境,千歳市・苫小牧市境,1224,0,0.5,,415,,423,838,1.17,0.11,46.6,47.8,7,60
1401410060,樽前錦岡線,千歳市・苫小牧市境,苫小牧市・千歳市境,1213,0,1.3,,415,,423,838,1.17,0.12,40.9,42.7,6.5,60
1401410070,樽前錦岡線,苫小牧市・千歳市境,千歳市・苫小牧市境,1224,0,0.3,,415,,423,838,1.17,0.11,37.5,37.2,7,60
1401410080,樽前錦岡線,千歳市・苫小牧市境,道央自動車道,1213,0,14.9,,415,,423,838,1.17,0.11,62.3,60.3,7.6,60
1401410090,樽前錦岡線,道央自動車道,苫小牧環状線,1213,0,2.2,苫小牧市錦岡,1630,苫小牧市錦岡,1564,3194,1.21,0.58,34.4,30.5,13.5,50
1401410100,樽前錦岡線,苫小牧環状線,一般国道３６号,1213,0,1.3,苫小牧市錦岡,1630,苫小牧市錦岡,1564,3194,1.21,0.58,27.5,27.2,13.5,50
1401420010,根室浜中釧路線,一般国道４４号,花咲港温根沼線,1223,0,7.4,,1221,,1312,2533,1.2,0.36,46.1,46.4,12,60
1401420020,根室浜中釧路線,花咲港温根沼線,落石港線,1223,0,9.5,,1221,,1312,2533,1.2,0.36,62.5,58.2,12,60
1401420030,根室浜中釧路線,落石港線,別当賀酪陽線,1223,0,8.8,,132,,138,270,1.16,0.03,62.5,64.4,7.6,60
1401420040,根室浜中釧路線,別当賀酪陽線,別当賀酪陽線,1223,0,0.1,,132,,138,270,1.16,0.03,48.6,32,7.6,60
1401420050,根室浜中釧路線,別当賀酪陽線,初田牛厚床線,1223,0,8.6,,132,,138,270,1.16,0.03,71.5,61.5,7.6,60
1401420060,根室浜中釧路線,初田牛厚床線,根室市・浜中町境,1223,0,3.6,,132,,138,270,1.16,0.03,59.7,63.6,7.6,60
1401420070,根室浜中釧路線,根室市・浜中町境,貰人姉別原野線,1663,0,3.7,,716,,843,1559,1.19,0.23,61.4,61.7,9.5,60
1401420080,根室浜中釧路線,貰人姉別原野線,別海厚岸線,1663,0,17.7,,716,,843,1559,1.19,0.23,56.2,57.1,9.5,60
1401420100,根室浜中釧路線,一般国道４４号,厚岸町・釧路町境,1662,0,3.5,,716,,843,1559,1.19,0.25,40,50.1,10.35,60
1401420110,根室浜中釧路線,厚岸町・釧路町境,厚岸昆布森線,1661,0,29,,716,,843,1559,1.19,0.23,48.5,50.5,9.5,60
1401420120,根室浜中釧路線,厚岸昆布森線,釧路町・釧路市境,1661,0,2.3,,989,,1021,2010,1.2,0.3,60.3,61.6,10.5,60
1401420130,根室浜中釧路線,釧路町・釧路市境,釧路環状線,1206,0,4.4,,989,,1021,2010,1.2,0.33,51.9,48.1,9,40
1401430010,北見白糠線,一般国道３９号,北見市・訓子府町境,1208,0,1.7,北見市豊田,633,北見市豊田,661,1294,1.15,0.25,55.5,56.8,9,60
1401430020,北見白糠線,北見市・訓子府町境,置戸福野北見線,1549,0,0.8,北見市豊田,633,北見市豊田,661,1294,1.15,0.25,52.3,49.6,9.75,60
1401430030,北見白糠線,置戸福野北見線,置戸福野北見線,1549,0,3.4,,1190,,1217,2407,1.2,0.39,57.1,51.5,9.75,60
1401430040,北見白糠線,置戸福野北見線,北見置戸線,1549,0,2.5,,1190,,1217,2407,1.2,0.39,54,52.7,9.75,60
1401430050,北見白糠線,北見置戸線,置戸訓子府北見線,1549,0,0.9,常呂郡訓子府町開盛　美園峠,552,常呂郡訓子府町開盛　美園峠,516,1068,1.23,0.26,29.2,32.4,9.5,60
1401430055,北見白糠線,置戸訓子府北見線,十勝オホーツク自動車道,1549,0,0.1,常呂郡訓子府町開盛　美園峠,552,常呂郡訓子府町開盛　美園峠,516,1068,1.23,0.26,22.8,36.4,9.5,60
1401430060,北見白糠線,十勝オホーツク自動車道,訓子府町・陸別町境,1549,0,13.3,常呂郡訓子府町開盛　美園峠,552,常呂郡訓子府町開盛　美園峠,516,1068,1.23,0.26,54.9,50.9,9.5,60
1401430070,北見白糠線,訓子府町・陸別町境,苫務小利別停車場線,1648,0,4.6,足寄郡陸別町利別川上原野基線東,78,足寄郡陸別町利別川上原野基線東,81,159,1.06,0.04,65.8,68.6,9,60
1401430080,北見白糠線,苫務小利別停車場線,一般国道２４２号,1648,0,0.4,足寄郡陸別町利別川上原野基線東,78,足寄郡陸別町利別川上原野基線東,81,159,1.06,0.04,32.9,39.9,9,60
1401430100,北見白糠線,津別陸別線,陸別町・足寄町境,1648,0,8.2,足寄郡陸別町ウエンベツ,25,足寄郡陸別町ウエンベツ,23,48,1.1,0.01,45.9,45.5,8.5,60
1401430110,北見白糠線,陸別町・足寄町境,一般国道２４１号,1647,0,14.6,足寄郡陸別町ウエンベツ,25,足寄郡陸別町ウエンベツ,23,48,1.1,0.01,62.7,45.5,7.6,60
1401430130,北見白糠線,モアショロ原野螺湾足寄停車場線,,1647,0,2.6,足寄郡陸別町ウエンベツ,25,足寄郡陸別町ウエンベツ,23,48,1.1,0.01,48,48,9.1,60
1401430150,北見白糠線,,一般国道２７４号,1668,0,12.3,,117,,132,249,1.18,0.06,51.3,51.3,8.5,60
1401440010,登別室蘭インター線,一般国道３６号,道央自動車道,1230,0,2.4,登別市緑町2丁目2番地1,4798,登別市緑町2丁目2番地1,4770,9568,1.22,0.81,28.9,30.2,18,40
1401450010,伊達インター線,一般国道３７号,道央自動車道,1233,0,1.5,,3879,,3779,7658,1.21,0.41,25.7,29.6,30,50
1401460010,旭川鷹栖インター線,一般国道１２号,道央自動車道,1204,0,0.8,,3079,,3027,6106,1.21,0.22,42.4,40.3,17.3,40
1401470010,銭函インター線,一般国道５号,札樽自動車道,1203,0,0.9,,1184,,1169,2353,1.2,0.29,27.4,41.1,12,40
1401480010,釧路西インター線,釧路環状線,一般国道３８号,1206,0,0.6,釧路市鶴野,5996,釧路市鶴野,5245,11241,1.21,0.73,33.7,25.8,26.5,60
1401490010,大沼インター線,一般国道５号,道央自動車道,1345,0,1,,1159,,1158,2317,1.2,0.27,31.9,49.7,22.25,60
1401500010,摩周湖中標津線,,清里町・中標津町境,1546,0,0,,114,,114,228,1.18,0.03,55.2,51,9.5,60
1401500020,摩周湖中標津線,清里町・中標津町境,中標津町・清里町境,1692,0,0.3,,114,,114,228,1.18,0.03,37.2,22.6,9.3,60
1401500030,摩周湖中標津線,中標津町・清里町境,清里町・中標津町境,1546,0,1.9,,114,,114,228,1.18,0.03,41.6,16.4,9.1,60
1401500040,摩周湖中標津線,清里町・中標津町境,中標津町・清里町境,1692,0,0.1,,114,,114,228,1.18,0.03,54.3,35.7,7.8,60
1401500050,摩周湖中標津線,中標津町・清里町境,摩周湖斜里線,1546,0,0.2,,496,,502,998,1.18,0.2,53.5,35.6,7.8,60
1401500060,摩周湖中標津線,摩周湖斜里線,清里町・中標津町境,1546,0,0.1,,496,,502,998,1.18,0.19,64.7,59.3,8.5,60
1401500070,摩周湖中標津線,清里町・中標津町境,養老牛計根別停車場線,1692,0,11.8,標津郡中標津町養老牛,210,標津郡中標津町養老牛,241,451,1.1,0.1,66,67.1,8,60
1401500080,摩周湖中標津線,養老牛計根別停車場線,養老牛計根別停車場線,1692,0,2.2,標津郡中標津町養老牛,210,標津郡中標津町養老牛,241,451,1.1,0.1,52.6,41.4,8,60
1401500090,摩周湖中標津線,養老牛計根別停車場線,養老牛計根別停車場線,1692,0,3.4,標津郡中標津町養老牛,210,標津郡中標津町養老牛,241,451,1.1,0.13,59.9,59.9,10.25,60
1401500100,摩周湖中標津線,養老牛計根別停車場線,俣落西５条線,1692,0,10.4,,367,,386,753,1.17,0.1,68.8,66,14,60
1401500110,摩周湖中標津線,俣落西５条線,上武佐計根別停車場線,1692,0,5.9,,367,,386,753,1.17,0.1,58.3,59.2,14,60
1401500120,摩周湖中標津線,上武佐計根別停車場線,中標津空港線,1692,0,4.6,,367,,386,753,1.17,0.1,54.2,62.2,14,60
1401510010,幕別帯広芽室線,一般国道３８号,更別幕別線,1643,0,1.8,中川郡幕別町札内字依田,3495,中川郡幕別町札内字依田,3199,6694,1.21,0.58,19.5,19.5,18,40
1401510020,幕別帯広芽室線,更別幕別線,更別幕別線,1643,0,1.1,中川郡幕別町札内みずほ町,2585,中川郡幕別町札内みずほ町,2578,5163,1.21,0.56,36.7,33.8,18,40
1401510030,幕別帯広芽室線,更別幕別線,幕別町・帯広市境,1643,0,2.4,中川郡幕別町札内みずほ町,2585,中川郡幕別町札内みずほ町,2578,5163,1.21,0.22,43.7,54,36,60
1401510040,幕別帯広芽室線,幕別町・帯広市境,,1207,0,0.2,中川郡幕別町札内みずほ町,2585,中川郡幕別町札内みずほ町,2578,5163,1.21,0.26,54.7,37.1,29.1,60
1401510050,幕別帯広芽室線,,一般国道２３６号,1207,0,0.6,中川郡幕別町札内みずほ町,2585,中川郡幕別町札内みずほ町,2578,5163,1.21,0.31,26.8,24.1,26,50
1401510060,幕別帯広芽室線,一般国道２３６号,八千代帯広線,1207,0,2.2,,7476,,6527,14003,1.22,0.51,25.5,27.8,27.27,50
1401510070,幕別帯広芽室線,八千代帯広線,八千代帯広線,1207,0,0.5,,,,,,,,40.1,16.4,27.27,50
1401510080,幕別帯広芽室線,八千代帯広線,芽室東四条帯広線,1207,0,2.9,帯広市西17条南6丁目,10267,帯広市西17条南6丁目,9754,20021,1.24,0.78,28,27.4,50,50
1401510090,幕別帯広芽室線,芽室東四条帯広線,芽室東四条帯広線,1207,0,2.8,,,,,,,,27.9,26.2,30,50
1401510100,幕別帯広芽室線,芽室東四条帯広線,一般国道３８号,1207,0,1.1,,10527,,10260,20787,1.24,0.65,29.2,20.2,30,50
1509000010,真駒内篠路線,一般国道２３０号,真駒内篠路線,1106,0,0.2,札幌市中央区南11条西1丁目,13312,札幌市中央区南11条西1丁目,13197,26509,1.25,1.61,7,28.4,25,40
1509000110,真駒内篠路線,真駒内篠路線,札幌市南区・札幌市中央区境,1106,0,1.6,,,札幌市中央区南11条西1丁目,13197,13197,1.25,0.51,,42.1,11.8,50
1509000120,真駒内篠路線,札幌市南区・札幌市中央区境,西野白石線,1101,0,1,,,札幌市中央区南11条西1丁目,13197,13197,1.25,0.57,,31.1,10.6,50
1509000130,真駒内篠路線,西野白石線,札幌環状線,1101,0,0.5,,,札幌市中央区南11条西1丁目,13197,13197,1.25,0.57,,20.4,10.6,50
1509000140,真駒内篠路線,札幌環状線,旭山公園米里線,1101,0,1.7,,,札幌市中央区南11条西1丁目,13197,13197,1.25,0.57,,25.4,10.6,50
1509000150,真駒内篠路線,旭山公園米里線,真駒内篠路線,1101,0,0.5,,,札幌市中央区南5条東1丁,22021,22021,1.26,0.96,,12.1,10.6,50
1509000080,真駒内篠路線,真駒内篠路線,一般国道３６号,1101,0,0.5,札幌市中央区南5条東1丁,15080,札幌市中央区南5条東1丁,22021,37101,1.26,1.88,15,17.5,28,50
1509000090,真駒内篠路線,一般国道３６号,一般国道５号,1101,0,0.7,札幌市中央区北1条西1丁目,13767,札幌市中央区北1条西1丁目,15096,28863,1.25,1.27,28.8,28.4,28,50
1509000170,真駒内篠路線,一般国道１２号,札幌市中央区・札幌市東区境,1101,0,0.5,札幌市東区北7条東7丁目,12262,札幌市東区北7条東7丁目,10719,22981,1.25,1.75,10.4,13,20,40
1509000180,真駒内篠路線,札幌市中央区・札幌市東区境,花畔札幌線,1103,0,0.7,札幌市東区北7条東7丁目,12262,札幌市東区北7条東7丁目,10719,22981,1.25,1,16.1,20,25,40
1509000190,真駒内篠路線,花畔札幌線,札幌環状線,1103,0,0.6,札幌市東区北7条東7丁目,12262,札幌市東区北7条東7丁目,10719,22981,1.25,1,20.4,16.3,25,40
1509000210,真駒内篠路線,札幌環状線,一般国道２７４号,1103,0,1.2,札幌市東区北34条東8丁目,7540,札幌市東区北34条東8丁目,7598,15138,1.23,1.03,22.9,16.3,20,40
1509000220,真駒内篠路線,一般国道２７４号,丘珠空港線,1103,0,0.9,札幌市東区北34条東8丁目,7540,札幌市東区北34条東8丁目,7598,15138,1.23,1.03,16.8,20.3,20,40
1509000230,真駒内篠路線,丘珠空港線,札幌市東区・札幌市北区境,1103,0,1.3,札幌市東区北34条東8丁目,7540,札幌市東区北34条東8丁目,7598,15138,1.23,1.03,18.6,23,20,40
1509000240,真駒内篠路線,札幌市東区・札幌市北区境,花畔札幌線,1102,0,3.3,札幌市北区篠路2条4丁目,4690,札幌市北区篠路2条4丁目,5994,10684,1.21,0.45,26.4,27.6,20,40
1509000250,真駒内篠路線,花畔札幌線,一般国道２３１号,1102,0,0.7,札幌市北区篠路2条4丁目,4690,札幌市北区篠路2条4丁目,5994,10684,1.21,0.51,24.5,20,20,40
1509000020,真駒内篠路線,真駒内篠路線,札幌市南区・札幌市豊平区境,1106,0,0.9,札幌市中央区南11条西1丁目,13312,,,13312,1.25,0.48,17.7,,15.2,50
1509000030,真駒内篠路線,札幌市南区・札幌市豊平区境,西野白石線,1105,0,2,札幌市中央区南11条西1丁目,13312,,,13312,1.25,0.5,34.2,,13,50
1509000040,真駒内篠路線,西野白石線,札幌環状線,1105,0,0.7,札幌市中央区南11条西1丁目,13312,,,13312,1.25,0.5,26.8,,13,50
1509000050,真駒内篠路線,札幌環状線,旭山公園米里線,1105,0,1.6,札幌市中央区南11条西1丁目,13312,,,13312,1.25,0.5,26.4,,13,50
1509000060,真駒内篠路線,旭山公園米里線,札幌市豊平区・札幌市中央区境,1105,0,0.4,札幌市中央区南5条東1丁,15080,,,15080,1.26,0.6,14.3,,13,50
1509000070,真駒内篠路線,札幌市豊平区・札幌市中央区境,真駒内篠路線,1101,0,0.3,札幌市中央区南5条東1丁,15080,,,15080,1.26,0.36,13.7,,20,40
1509010010,旭山公園米里線,札幌環状線,南１９条宮の沢線,1101,0,0.6,,3541,,3864,7405,1.21,0.4,15.3,17.2,25,40
1509010020,旭山公園米里線,南１９条宮の沢線,一般国道２３０号,1101,0,1.6,札幌市中央区南9条西10丁目,9262,札幌市中央区南9条西10丁目,8393,17655,1.24,0.92,19.1,17,25,40
1509010030,旭山公園米里線,一般国道２３０号,真駒内篠路線,1101,0,1.3,札幌市中央区南9条西10丁目,9262,札幌市中央区南9条西10丁目,8393,17655,1.24,0.92,17.4,16.6,25,40
1509010040,旭山公園米里線,真駒内篠路線,真駒内篠路線,1101,0,0.3,札幌市中央区南9条西10丁目,9262,札幌市中央区南9条西10丁目,8393,17655,1.24,0.87,31.3,13.1,18.8,40
1509010050,旭山公園米里線,真駒内篠路線,一般国道３６号,1105,0,0.8,札幌市豊平区豊平6条2丁目,4234,札幌市豊平区豊平6条2丁目,5850,10084,1.22,0.65,11.9,11.5,20,40
1509010060,旭山公園米里線,一般国道３６号,札幌市豊平区・札幌市白石区境,1105,0,0.3,国道１２号×旭山公園米里線,5975,国道１２号×旭山公園米里線,7029,13004,1.23,0.83,6.8,17.7,20,40
1509010070,旭山公園米里線,札幌市豊平区・札幌市白石区境,札幌夕張線,1104,0,0.3,国道１２号×旭山公園米里線,5975,国道１２号×旭山公園米里線,7029,13004,1.23,0.8,15.6,17.2,20,40
1509010080,旭山公園米里線,札幌夕張線,一般国道１２号,1104,0,1.1,国道１２号×旭山公園米里線,5975,国道１２号×旭山公園米里線,7029,13004,1.23,0.63,16.9,16.6,20,40
1509010090,旭山公園米里線,一般国道１２号,札幌環状線,1104,0,2.2,国道１２号×旭山公園米里線,5975,国道１２号×旭山公園米里線,7029,13004,1.23,0.63,18.6,22.7,20,40
1509010100,旭山公園米里線,札幌環状線,道央自動車道,1104,0,1.2,札幌市白石区米里1条3丁目,4497,札幌市白石区米里1条3丁目,5537,10034,1.22,0.49,15.3,21.2,20,40
1509020010,南１９条宮の沢線,札幌環状線,旭山公園米里線,1101,0,1.7,札幌市中央区南12条西21丁目,10408,中央区南12条西21丁目,10933,21341,1.25,0.77,26,25,20,50
1509020020,南１９条宮の沢線,旭山公園米里線,西野白石線,1101,0,0.1,,14477,,13127,27604,1.25,1.05,14.6,17.8,20,50
1509020030,南１９条宮の沢線,西野白石線,西２８丁目線,1101,0,1.4,,14477,,13127,27604,1.25,0.72,23.1,22.7,27,50
1509020040,南１９条宮の沢線,西２８丁目線,札幌環状線,1101,0,1.4,札幌市中央区北1条西28丁目,9921,札幌市中央区北1条西28丁目,9751,19672,1.24,0.67,18.9,26.2,27,50
1509020050,南１９条宮の沢線,札幌環状線,札幌市中央区・札幌市西区境,1101,0,0.4,札幌市西区山の手7条7丁目（山の手橋）,11560,札幌市西区山の手7条7丁目（山の手橋）,12326,23886,1.25,0.83,14.1,35.4,27,50
1509020060,南１９条宮の沢線,札幌市中央区・札幌市西区境,西野真駒内清田線,1107,0,1.9,札幌市西区山の手7条7丁目（山の手橋）,11560,札幌市西区山の手7条7丁目（山の手橋）,12326,23886,1.25,1.14,28.5,27.5,27,50
1509020070,南１９条宮の沢線,西野真駒内清田線,札幌市西区・札幌市手稲区境,1107,0,2.8,札幌市西区西野3条10丁目,9999,札幌市西区西野3条10丁目,10002,20001,1.24,0.84,24.9,28.6,27,50
1509020080,南１９条宮の沢線,札幌市西区・札幌市手稲区境,一般国道５号,1109,0,0.5,札幌市西区西野3条10丁目,9999,札幌市西区西野3条10丁目,10002,20001,1.24,0.86,37,12.7,27,50
1509030010,羊ヶ丘線,札幌環状線,西野白石線,1105,0,0.8,札幌市豊平区平岸6条9丁目,14188,札幌市豊平区平岸6条9丁目,13425,27613,1.25,0.81,15.7,23,32,50
1509030020,羊ヶ丘線,西野白石線,西野真駒内清田線,1105,0,2.4,主要市道羊ケ丘線×道道西野真駒内清田線,13483,主要市道羊ケ丘線×道道西野真駒内清田線,15523,29006,1.26,0.9,22.8,27.8,32,50
1509030030,羊ヶ丘線,西野真駒内清田線,札幌市豊平区・札幌市清田区境,1105,0,2.2,札幌市清田区清田2条2丁目,18840,札幌市清田区清田2条2丁目,21014,39854,1.25,1.3,23.6,54.1,32,50
1509030040,羊ヶ丘線,札幌市豊平区・札幌市清田区境,真駒内御料札幌線,1110,0,2.1,札幌市清田区清田2条2丁目,18840,札幌市清田区清田2条2丁目,21014,39854,1.25,1.25,35.2,27.7,32,60
1509030050,羊ヶ丘線,真駒内御料札幌線,大曲工業団地美しが丘線,1110,0,2.6,札幌市清田区清田2条2丁目,18840,札幌市清田区清田2条2丁目,21014,39854,1.25,1.55,27.8,30.4,32,60
1509030060,羊ヶ丘線,大曲工業団地美しが丘線,一般国道３６号,1110,0,0.5,,6863,,6517,13380,1.22,0.5,19.1,14.4,32,60
1509040010,厚別東北郷線,一般国道１２号,大麻東雁来線,1108,0,0.7,札幌市白石区北郷5条9丁目,9862,札幌市白石区北郷5条9丁目,9400,19262,1.24,0.69,19.5,35.2,27,50
1509040020,厚別東北郷線,大麻東雁来線,大麻東雁来線,1108,0,0.4,札幌市白石区北郷5条9丁目,9862,札幌市白石区北郷5条9丁目,9400,19262,1.24,0.69,32.1,13.7,27,50
1509040030,厚別東北郷線,大麻東雁来線,札幌市厚別区・札幌市白石区境,1108,0,2.3,札幌市白石区北郷5条9丁目,9862,札幌市白石区北郷5条9丁目,9400,19262,1.24,0.69,24.3,27.8,27,50
1509040040,厚別東北郷線,札幌市厚別区・札幌市白石区境,一般国道２７４号,1104,0,1.9,札幌市白石区北郷5条9丁目,9862,札幌市白石区北郷5条9丁目,9400,19262,1.24,0.62,33.4,23.6,27,50
1509050010,手稲インター線,一般国道５号,札樽自動車道,1109,0,0.5,,2860,,2511,5371,1.21,0.74,13.4,21.9,18,40
1602010010,岩見沢停車場線,,岩見沢月形線,1210,0,0.3,岩見沢市2条西6丁目1番地1,2047,岩見沢市2条西6丁目1番地1,1672,3719,1.2,0.23,30.9,30,18,40
1602010030,岩見沢停車場線,岩見沢月形線,一般国道１２号,1210,0,1.5,,4271,,4199,8470,1.21,0.79,27.6,21.6,18,40
1602020010,八雲停車場線,,花浦内浦線,1346,0,0.1,,1495,,1523,3018,1.2,0.32,3.4,3.6,16,40
1602020020,八雲停車場線,花浦内浦線,一般国道５号,1346,0,0.5,,1495,,1523,3018,1.2,0.32,17.6,19.7,16,40
1602030010,滝川停車場線,,一般国道１２号,1225,0,0.6,滝川市栄町3丁目,431,滝川市栄町3丁目,486,917,1.17,0.14,24.5,26,20,40
1602040010,湧別上湧別線,,湧別停車場サロマ湖線,1559,0,0.7,,2034,,1825,3859,1.2,0.39,20.9,14,14.5,40
1602040020,湧別上湧別線,湧別停車場サロマ湖線,湧別停車場サロマ湖線,1559,0,0.6,,2034,,1825,3859,1.2,0.39,23.5,17.3,14.5,40
1602040030,湧別上湧別線,湧別停車場サロマ湖線,一般国道２３８号,1559,0,1,,2034,,1825,3859,1.2,0.39,20.1,25.9,14.5,40
1602050010,上士別ビバカルウシ線,士別滝の上線,士別市・和寒町境,1220,0,5.9,,598,,672,1270,1.19,0.19,52.5,53.3,10.55,60
1602050020,上士別ビバカルウシ線,士別市・和寒町境,和寒町・剣淵町境,1464,0,2.9,,598,,672,1270,1.19,0.19,67,62.1,9.5,60
1602050030,上士別ビバカルウシ線,和寒町・剣淵町境,一般国道４０号,1465,0,4.4,,598,,672,1270,1.19,0.18,55.8,51.8,13,60
1602060010,下川風連線,下川愛別線,下川町・名寄市境,1468,0,1.9,,641,,578,1219,1.19,0.21,66.7,62.4,9.1,60
1602060020,下川風連線,下川町・名寄市境,旭士別線,1221,0,13.5,,641,,578,1219,1.19,0.21,65.1,69.8,13.3,60
1602060030,下川風連線,旭士別線,一般国道４０号,1221,0,4.7,,641,,578,1219,1.19,0.21,47.5,42.4,13.3,60
1602070010,昆布停車場ニセコ線,一般国道５号,蘭越ニセコ倶知安線,1394,0,0.5,,618,,555,1173,1.19,0.18,17.5,33.9,10.25,50
1602070020,昆布停車場ニセコ線,蘭越ニセコ倶知安線,蘭越ニセコ倶知安線,1394,0,0.7,,618,,555,1173,1.19,0.18,43.4,50,10.25,50
1602070030,昆布停車場ニセコ線,蘭越ニセコ倶知安線,岩内洞爺線,1394,0,4.7,,618,,555,1173,1.19,0.18,52.7,46.2,10.25,50
1602080010,比宇厚賀停車場線,平取静内線,新冠町・日高町境,1604,0,1.3,,417,,480,897,1.17,0.18,61.5,55.6,7.8,60
1602080020,比宇厚賀停車場線,新冠町・日高町境,日高町・新冠町境,1601,0,0.3,,417,,480,897,1.17,0.18,57.2,52.8,7.8,60
1602080030,比宇厚賀停車場線,日高町・新冠町境,新冠町・日高町境,1604,0,0.2,,417,,480,897,1.17,0.18,63.6,62.5,7.8,60
1602080040,比宇厚賀停車場線,新冠町・日高町境,日高町・新冠町境,1601,0,3.4,,417,,480,897,1.17,0.18,61.3,62.3,7.8,60
1602080050,比宇厚賀停車場線,日高町・新冠町境,新冠平取線,1604,0,1.4,日高町字厚賀,1694,日高町字厚賀,1614,3308,1.18,0.48,58.2,63,10.25,60
1602080060,比宇厚賀停車場線,新冠平取線,新冠町・日高町境,1604,0,2.9,日高町字厚賀,1694,日高町字厚賀,1614,3308,1.18,0.48,56.7,63.5,10.25,60
1602080065,比宇厚賀停車場線,新冠町・日高町境,一般国道２３５号（日高自動車道）,1601,0,4,日高町字厚賀,1694,日高町字厚賀,1614,3308,1.18,0.48,57.5,56.2,7.8,50
1602080070,比宇厚賀停車場線,一般国道２３５号（日高自動車道）,一般国道２３５号,1601,0,1.6,日高町字厚賀,1694,日高町字厚賀,1614,3308,1.18,0.48,41.8,34.3,7.8,50
1602080090,比宇厚賀停車場線,一般国道２３５号,,1601,0,0.7,日高町字厚賀,1694,日高町字厚賀,1614,3308,1.18,0.43,20.2,11.5,10,40
1602090010,滑若新冠停車場線,平取静内線,新冠平取線,1604,0,9.9,新冠町字古岸105-3,315,新冠町字古岸105-3,383,698,1.16,0.13,50.8,51.8,9.75,60
1602090020,滑若新冠停車場線,新冠平取線,新冠平取線,1604,0,1.8,新冠町字古岸105-3,315,新冠町字古岸105-3,383,698,1.16,0.13,58.5,59.4,9.75,60
1602090030,滑若新冠停車場線,新冠平取線,一般国道２３５号,1604,0,6.2,,876,,1004,1880,1.2,0.26,61.2,60.9,9.75,60
1602090050,滑若新冠停車場線,一般国道２３５号,,1604,0,0.9,,973,,897,1870,1.2,0.29,13.1,16.4,11.9,40
1602100010,尾田豊頃停車場線,清水大樹線,大樹町・更別村境,1641,0,5,,118,,132,250,1.18,0.04,55.6,60.3,9.75,60
1602100020,尾田豊頃停車場線,大樹町・更別村境,一般国道２３６号,1639,0,4.8,,118,,132,250,1.18,0.04,61.9,61.4,11.5,60
1602100040,尾田豊頃停車場線,一般国道２３６号,更別幕別線,1639,0,3.4,,55,,45,100,1.12,0.02,49.5,45.2,8,60
1602100050,尾田豊頃停車場線,更別幕別線,更別村・幕別町境,1639,0,0.1,,55,,45,100,1.12,0.02,27.8,36.3,8,60
1602100060,尾田豊頃停車場線,更別村・幕別町境,幕別大樹線,1643,0,5.7,,55,,45,100,1.12,0.02,59.9,62,8,60
1602100070,尾田豊頃停車場線,幕別大樹線,幕別町・豊頃町境,1643,0,2,,358,,381,739,1.17,0.09,56.6,51.2,8,60
1602100080,尾田豊頃停車場線,幕別町・豊頃町境,湧洞豊頃停車場線,1645,0,12.4,,358,,381,739,1.17,0.09,66.6,64.1,9.15,60
1602100090,尾田豊頃停車場線,湧洞豊頃停車場線,湧洞豊頃停車場線,1645,0,3,,358,,381,739,1.17,0.09,49.8,63.9,9.15,60
1602100100,尾田豊頃停車場線,湧洞豊頃停車場線,旅来豊頃停車場線,1645,0,5.7,,856,,802,1658,1.19,0.24,56,54.8,11.05,60
1602100110,尾田豊頃停車場線,旅来豊頃停車場線,旅来豊頃停車場線,1645,0,0.8,,856,,802,1658,1.19,0.24,26.8,26.9,11.05,60
1602100120,尾田豊頃停車場線,旅来豊頃停車場線,一般国道３８号,1645,0,0.8,,856,,802,1658,1.19,0.24,36.3,16.5,11.05,60
1602100140,尾田豊頃停車場線,帯広浦幌線,,1645,0,0.2,,856,,802,1658,1.19,0.27,7.7,10.6,18,40
1602110010,春日置戸線,,常元中里線,1550,0,6.1,,32,,27,59,1.1,0.01,24.2,43.2,7.8,60
1602110020,春日置戸線,常元中里線,置戸温根湯線,1550,0,4.8,,757,,757,1514,1.19,0.19,64.3,64.1,14,60
1602110030,春日置戸線,置戸温根湯線,一般国道２４２号,1550,0,1.9,,757,,757,1514,1.19,0.19,57,55.4,14,60
1602130010,天人峡美瑛線,,美瑛町・東川町境,1459,0,0.8,,613,,609,1222,1.19,0.17,13.1,17.4,9,40
1602130020,天人峡美瑛線,美瑛町・東川町境,東川町・美瑛町境,1458,0,1.3,,613,,609,1222,1.19,0.17,50.6,50,9,40
1602130030,天人峡美瑛線,東川町・美瑛町境,富良野上川線,1459,0,5.6,,613,,609,1222,1.19,0.18,51,39.2,7.8,60
1602130040,天人峡美瑛線,富良野上川線,富良野上川線,1459,0,2.2,,903,,879,1782,1.2,0.34,60.5,60.2,7.8,60
1602130050,天人峡美瑛線,富良野上川線,美瑛町・東神楽町境,1459,0,3.3,,903,,879,1782,1.2,0.34,61.9,64.4,7.8,60
1602130060,天人峡美瑛線,美瑛町・東神楽町境,旭川旭岳温泉線,1453,0,4.4,,903,,879,1782,1.2,0.35,62,63.1,10.25,60
1602130070,天人峡美瑛線,旭川旭岳温泉線,東神楽町・美瑛町境,1453,0,1.3,上川郡美瑛町下宇莫別,455,上川郡美瑛町下宇莫別,447,902,1.19,0.15,36.4,53.7,7.5,60
1602130080,天人峡美瑛線,東神楽町・美瑛町境,美瑛町・旭川市境,1459,0,4.8,上川郡美瑛町下宇莫別,455,上川郡美瑛町下宇莫別,447,902,1.19,0.15,54.4,50.4,7.5,60
1602130090,天人峡美瑛線,美瑛町・旭川市境,旭川市・美瑛町境,1204,0,2.9,上川郡美瑛町下宇莫別,455,上川郡美瑛町下宇莫別,447,902,1.19,0.15,61.5,60.4,7.5,60
1602130100,天人峡美瑛線,旭川市・美瑛町境,上宇莫別美瑛停車場線,1459,0,2.2,上川郡美瑛町下宇莫別,455,上川郡美瑛町下宇莫別,447,902,1.19,0.15,57.5,58.4,7.5,60
1602130110,天人峡美瑛線,上宇莫別美瑛停車場線,十勝岳温泉美瑛線,1459,0,2.7,上川郡美瑛町下宇莫別,455,上川郡美瑛町下宇莫別,447,902,1.19,0.15,50.1,48.4,12.05,60
1602130115,天人峡美瑛線,十勝岳温泉美瑛線,上宇莫別美瑛停車場線,1459,0,0.6,,732,,815,1547,1.19,0.27,20.5,21.4,22,40
1602130120,天人峡美瑛線,上宇莫別美瑛停車場線,一般国道２３７号,1459,0,1,,732,,815,1547,1.19,0.27,25.5,21.5,22,40
1602140010,川西芽室音更線,一般国道２３６号,上札内帯広線,1207,0,1.9,,1660,,1671,3331,1.2,0.47,31.1,32,10.8,60
1602140020,川西芽室音更線,上札内帯広線,,1207,0,1.3,,1660,,1671,3331,1.2,0.47,47.4,44.4,10.8,60
1602140025,川西芽室音更線,,八千代帯広線,1207,0,0.6,,1660,,1671,3331,1.2,0.47,44.1,44,10.8,60
1602140030,川西芽室音更線,八千代帯広線,帯広市・芽室町境,1207,0,2,河西郡芽室町北伏古南,2263,河西郡芽室町北伏古南,2376,4639,1.16,0.65,48.1,50.6,8.5,60
1602140040,川西芽室音更線,帯広市・芽室町境,芽室町・帯広市境,1637,0,3.7,河西郡芽室町北伏古南,2263,河西郡芽室町北伏古南,2376,4639,1.16,0.66,53.5,52.4,13,60
1602140050,川西芽室音更線,芽室町・帯広市境,芽室東四条帯広線,1207,0,2.4,河西郡芽室町北伏古南,2263,河西郡芽室町北伏古南,2376,4639,1.16,0.74,37.4,32.8,8,50
1602140060,川西芽室音更線,芽室東四条帯広線,一般国道３８号,1207,0,1.1,,4173,,4275,8448,1.21,1.34,19.7,20.6,18,40
1602140080,川西芽室音更線,一般国道３８号,帯広新得線,1207,0,2.2,帯広市西22条北3丁目中島橋,5460,帯広市西22条北3丁目中島橋,4772,10232,1.22,0.43,27.6,23.6,25.5,50
1602140100,川西芽室音更線,帯広新得線,熊牛音更線,1631,0,7.5,河東郡音更町然別北8線西,1968,河東郡音更町然別北8線西,1494,3462,1.2,0.52,58.3,61.2,11.55,60
1602140110,川西芽室音更線,熊牛音更線,音更新得線,1631,0,3.6,,1199,,936,2135,1.2,0.37,61.9,61.5,10.75,60
1602150010,江差停車場線,,一般国道２２８号,1361,0,1.6,,997,,1396,2393,1.2,0.27,26.1,16.8,12,40
1602160010,八千代帯広線,,清水大樹線,1207,0,9.8,,134,,141,275,1.16,0.04,54.9,56.3,11,60
1602160020,八千代帯広線,清水大樹線,豊頃糠内芽室線,1207,0,4.8,,559,,618,1177,1.19,0.18,58.3,63.7,10.25,60
1602160035,八千代帯広線,豊頃糠内芽室線,,1207,0,3.4,,738,,849,1587,1.19,0.31,64.5,63.9,10.8,60
1602160130,八千代帯広線,,川西芽室音更線,1207,0,2.2,,,,,,,,62.3,59.2,12,60
1602160140,八千代帯広線,川西芽室音更線,,1207,0,1.2,,,,,,,,46.5,45.5,12,60
1602160050,八千代帯広線,,帯広の森公園線,1207,0,2.2,帯広市西18条南37丁目,6206,帯広市西18条南37丁目,6183,12389,1.21,1.01,38.2,39.7,10.5,50
1602160060,八千代帯広線,帯広の森公園線,帯広の森公園線,1207,0,0.5,帯広市西18条南37丁目,6206,帯広市西18条南37丁目,6183,12389,1.21,0.52,19.5,18.2,37,60
1602160070,八千代帯広線,帯広の森公園線,幕別帯広芽室線,1207,0,1.3,帯広市西18条南37丁目,6206,帯広市西18条南37丁目,6183,12389,1.21,0.52,32.9,38.9,37,60
1602160085,八千代帯広線,幕別帯広芽室線,,1207,0,1.6,帯広市緑ケ丘,2999,帯広市緑ケ丘,3400,6399,1.21,0.53,27.4,22.9,14.5,40
1602160100,八千代帯広線,,,1207,0,1.1,帯広市西12条南17丁目,3366,帯広市西12条南17丁目,3083,6449,1.21,0.6,15.8,15.4,20,40
1602160110,八千代帯広線,,一般国道３８号,1207,0,1.1,帯広市新町西,5758,帯広市新町西,5289,11047,1.22,0.57,19.8,20.9,25,50
1602170005,北見美幌線,一般国道３９号,,1208,0,0.6,北見市朝日町,2780,北見市朝日町,2650,5430,1.21,0.45,18.9,19.5,11.5,50
1602170010,北見美幌線,,北見端野美幌線,1208,0,1.1,北見市朝日町,2780,北見市朝日町,2650,5430,1.21,0.45,30.9,31.4,11.5,50
1602170025,北見美幌線,北見端野美幌線,一般国道３９号（北見道路）,1208,0,0.5,北見市朝日町,2780,北見市朝日町,2650,5430,1.21,0.45,31.3,34.8,11.5,50
1602170030,北見美幌線,一般国道３９号（北見道路）,二又北見線,1208,0,4.5,北見市朝日町,2780,北見市朝日町,2650,5430,1.21,0.45,48,47.8,11.5,50
1602170040,北見美幌線,二又北見線,北見市・美幌町境,1208,0,1.9,北見市朝日町,2780,北見市朝日町,2650,5430,1.21,0.45,62.8,58.3,11.5,50
1602170050,北見美幌線,北見市・美幌町境,北見端野美幌線,1543,0,16.5,,1358,,1144,2502,1.2,0.52,63,61.5,8.6,60
1602180010,板谷佐久停車場線,一般国道４０号,問寒別佐久停車場線,1471,0,0.4,,428,,344,772,1.17,0.12,37.8,23.9,10,40
1602180020,板谷佐久停車場線,問寒別佐久停車場線,,1471,0,0.1,,428,,344,772,1.17,0.12,15.7,2.5,10,40
1602190010,新開旭川線,新開西神楽停車場線,上雨紛台場線,1204,0,4.1,旭川市神居町雨紛,532,旭川市神居町雨紛,578,1110,1.19,0.2,57.2,55.9,10.25,50
1602190020,新開旭川線,上雨紛台場線,旭川環状線,1204,0,2.2,旭川市神居町雨紛,532,旭川市神居町雨紛,578,1110,1.19,0.2,53.1,47.8,10.25,50
1602190040,新開旭川線,一般国道２３７号,東川東神楽旭川線,1204,0,2.2,,,,,,,,23.2,27.4,22,50
1602190045,新開旭川線,東川東神楽旭川線,旭川多度志線,1204,0,1.2,,,,,,,,21.9,24.6,27.26,40
1602200010,歌登咲来停車場線,枝幸音威子府線,本幌別上毛登別線,1514,0,9.8,歌登中央,344,歌登中央,371,715,1.17,0.09,74,72.3,14,60
1602200020,歌登咲来停車場線,本幌別上毛登別線,枝幸町・音威子府村境,1514,0,7.4,歌登中央,344,歌登中央,371,715,1.17,0.09,70.5,69.4,9,60
1602200030,歌登咲来停車場線,枝幸町・音威子府村境,一般国道４０号,1470,0,7,,432,,431,863,1.17,0.13,65.8,67.6,9,60
1602200040,歌登咲来停車場線,一般国道４０号,,1470,0,0.8,,432,,431,863,1.17,0.14,65.8,67.6,17.5,40
1602210010,塘路厚岸線,一般国道３９１号,一般国道２７２号,1664,0,16.5,,366,,387,753,1.17,0.12,53.5,50.7,8.5,60
1602210020,塘路厚岸線,一般国道２７２号,標茶町・厚岸町境,1664,0,1.5,,126,,140,266,1.16,0.06,47.3,50.8,9.7,60
1602210030,塘路厚岸線,標茶町・厚岸町境,厚岸昆布森線,1662,0,3.2,,126,,140,266,1.16,0.06,64.8,49.9,8.9,60
1602210040,塘路厚岸線,厚岸昆布森線,一般国道４４号,1662,0,3.3,,126,,140,266,1.16,0.06,57.4,53.1,8.9,60
1602220010,雄別釧路線,,徹別原野雄別停車場線,1206,0,0.4,釧路市阿寒町舌辛原野,190,釧路市阿寒町舌辛原野,184,374,1.15,0.06,27.1,19.8,7,60
1602220020,雄別釧路線,徹別原野雄別停車場線,一般国道２７４号,1206,0,4.6,釧路市阿寒町舌辛原野,190,釧路市阿寒町舌辛原野,184,374,1.15,0.06,34.4,29.2,7,60
1602220030,雄別釧路線,一般国道２７４号,一般国道２４０号,1206,0,9.7,釧路市阿寒町舌辛原野,190,釧路市阿寒町舌辛原野,184,374,1.15,0.06,45.4,45.4,7,60
1602220050,雄別釧路線,一般国道２４０号,山花鶴丘線,1206,0,6.7,,1538,,1529,3067,1.2,0.43,62.3,65.6,13,60
1602220060,雄別釧路線,山花鶴丘線,山花鶴丘線,1206,0,0.2,,1538,,1529,3067,1.2,0.4,61.3,59.4,16.35,50
1602230010,愛山溪上川線,,一般国道３９号,1457,0,18.9,,76,,64,140,1.12,0.33,49.9,49.9,5,60
1602230030,愛山溪上川線,一般国道３９号,愛別町・上川町境,1456,0,1.5,,144,,131,275,1.16,0.05,36.9,36.2,11,40
1602230040,愛山溪上川線,愛別町・上川町境,中愛別上川線,1457,0,0.5,,144,,131,275,1.16,0.04,48.2,45.4,10,60
1602240010,芦別赤平線,旭川芦別線,芦別市・赤平市境,1216,0,5.2,芦別市常盤,1527,芦別市常盤,1583,3110,1.2,0.32,53.7,55.4,13,50
1602240020,芦別赤平線,芦別市・赤平市境,一般国道３８号,1218,0,1.1,芦別市常盤,1527,芦別市常盤,1583,3110,1.2,0.33,53.8,44.9,16.5,50
1300380990,芦別赤平線,赤平奈井江線,一般国道３８号,1218,0,1.3,,4021,,3746,7767,1.21,0.56,43.1,42.2,15,50
1602240040,芦別赤平線,赤平奈井江線,一般国道３８号,1218,0,1.6,赤平市泉町赤平橋,2298,赤平市泉町赤平橋,2322,4620,1.21,0.5,38.2,37.5,12.5,50
1602250010,小樽石狩線,一般国道５号,銭函停車場線,1203,0,1.2,,2959,,2813,5772,1.21,1.03,19.5,23.8,6.5,30
1602250020,小樽石狩線,銭函停車場線,一般国道３３７号,1203,0,1.7,,2959,,2813,5772,1.21,1.03,34.3,33.5,6.5,30
1602250040,小樽石狩線,一般国道３３７号,石狩湾新港線,1235,0,1.1,,2970,,3024,5994,1.21,0.2,32.1,40.8,44.9,60
1602250050,小樽石狩線,石狩湾新港線,一般国道２３１号,1235,0,8.7,,2871,,2959,5830,1.21,0.21,42.4,42.2,44.9,60
1602250070,小樽石狩線,一般国道２３１号,矢臼場札幌線,1235,0,1.4,,2013,,2073,4086,1.2,0.51,25.1,31.9,14.5,50
1602250080,小樽石狩線,矢臼場札幌線,,1235,0,2.4,,2013,,2073,4086,1.2,0.51,35.3,44.6,14.5,50
1602260010,舞鶴追分線,恵庭栗山線,馬追原野北信濃線,1428,0,2.4,長沼町東9号南,1382,長沼町東9号南,1251,2633,1.2,0.45,50.5,53.6,13,60
1602260020,舞鶴追分線,馬追原野北信濃線,長沼町・千歳市境,1428,0,4.2,長沼町東9号南,1382,長沼町東9号南,1251,2633,1.2,0.45,59.9,59.3,13,60
1602260030,舞鶴追分線,長沼町・千歳市境,一般国道３３７号,1224,0,0.9,,622,,600,1222,1.19,0.21,58.8,50.1,8,60
1602260050,舞鶴追分線,一般国道３３７号,千歳市・安平町境,1224,0,9.2,千歳市協和,1257,千歳市協和,1133,2390,1.2,0.39,62.5,61.8,15.5,50
1602260060,舞鶴追分線,千歳市・安平町境,川端追分線,1585,0,1.2,,864,,835,1699,1.19,0.2,44,41.2,12,50
1602260070,舞鶴追分線,川端追分線,追分停車場線,1585,0,0.6,,864,,835,1699,1.19,0.2,29.6,35,12,50
1602260080,舞鶴追分線,追分停車場線,一般国道２３４号,1585,0,2.4,,864,,835,1699,1.19,0.2,40,36.9,12,50
1602270040,赤平滝川線,赤平奈井江線,赤平歌志内線,1218,0,1.6,,,,,,,,54.4,56.5,16,40
1602270020,赤平滝川線,赤平歌志内線,赤平市・砂川市境,1218,0,4.5,赤平市住吉,1754,赤平市住吉,1911,3665,1.2,0.43,54.4,56.5,13.1,50
1602270030,赤平滝川線,赤平市・砂川市境,一般国道１２号,1226,0,5.3,赤平市住吉,1754,赤平市住吉,1911,3665,1.2,0.44,57.3,50.4,9.75,50
1602280010,豊丘余市停車場線,,一般国道２２９号,1408,0,8.7,,199,,201,400,1.15,0.09,37.9,36.2,7.6,60
1602280020,豊丘余市停車場線,一般国道２２９号,余市港線,1408,0,0.1,,199,,201,400,1.15,0.09,8.3,8.6,7.6,60
1602280030,豊丘余市停車場線,余市港線,一般国道２２９号,1408,0,0.2,,5005,,4707,9712,1.22,0.75,33.8,23.4,7.6,60
1602280050,豊丘余市停車場線,一般国道２２９号,一般国道５号,1408,0,0.8,,4902,,4608,9510,1.22,0.93,19.5,20.2,22,40
1602280070,豊丘余市停車場線,一般国道５号,,1408,0,0.1,余市郡余市町黒川町8丁目,882,余市郡余市町黒川町8丁目,1204,2086,1.2,0.16,5.4,7.7,28.5,60
1602290010,北尻別蘭越停車場線,一般国道２２９号,岩内蘭越線,1394,0,18.5,,422,,460,882,1.17,0.16,53.4,54.7,10.25,60
1602290020,北尻別蘭越停車場線,岩内蘭越線,蘭越ニセコ倶知安線,1394,0,0.1,,130,,159,289,1.16,0.04,57.4,53.9,10.25,60
1602290030,北尻別蘭越停車場線,蘭越ニセコ倶知安線,一般国道５号,1394,0,1,,130,,159,289,1.16,0.04,42,32.9,10.25,60
1602290040,北尻別蘭越停車場線,一般国道５号,蘭越停車場線,1394,0,0.4,,130,,159,289,1.16,0.04,9.4,17.9,10.25,60
1602300010,三ノ原ニセコ線,一般国道２３０号,川崎三の原線,1397,0,0.2,,91,,105,196,1.18,0.03,21.2,36.1,10,60
1602300020,三ノ原ニセコ線,川崎三の原線,留寿都村・真狩村境,1397,0,2.7,,91,,105,196,1.18,0.03,46.3,47.6,10,60
1602300030,三ノ原ニセコ線,留寿都村・真狩村境,豊浦京極線,1396,0,4,,91,,105,196,1.18,0.03,44,57.5,10,60
1602300050,三ノ原ニセコ線,岩内洞爺線,桜川線,1396,0,3.9,虻田郡真狩村字緑岡,476,虻田郡真狩村字緑岡,515,991,1.19,0.12,45.6,44.2,7.8,60
1602300060,三ノ原ニセコ線,桜川線,真狩村・ニセコ町境,1396,0,4.7,虻田郡真狩村字緑岡,476,虻田郡真狩村字緑岡,515,991,1.19,0.12,56.8,47.8,7.8,60
1602300070,三ノ原ニセコ線,真狩村・ニセコ町境,岩内洞爺線,1395,0,3.4,虻田郡真狩村字緑岡,476,虻田郡真狩村字緑岡,515,991,1.19,0.11,48.2,51.1,7.8,60
1602310010,椴法華港線,,元村恵山線,1202,0,0.2,,771,,745,1516,1.19,0.25,16.3,11.4,6.75,30
1602310020,椴法華港線,元村恵山線,一般国道２７８号,1202,0,2.9,,771,,745,1516,1.19,0.25,33.9,33.7,6.75,30
1602320010,今金北檜山線,一般国道２３０号,八雲今金線,1370,0,5.3,,646,,637,1283,1.19,0.16,46.8,52.2,10.25,60
1602320020,今金北檜山線,八雲今金線,八雲今金線,1370,0,0.7,,646,,637,1283,1.19,0.16,34.1,37.2,10.25,60
1602320030,今金北檜山線,八雲今金線,金原今金線,1370,0,1.6,,646,,637,1283,1.19,0.16,39.1,42.9,10.25,60
1602320040,今金北檜山線,金原今金線,今金町・せたな町境,1370,0,5.4,,646,,637,1283,1.19,0.16,58.7,59.5,10.25,60
1602320050,今金北檜山線,今金町・せたな町境,一般国道２２９号,1371,0,3.5,,646,,637,1283,1.19,0.16,56.2,45.1,10.25,60
1602330010,新富様似停車場線,,一般国道３３６号,1608,0,13.2,,423,,443,866,1.17,0.16,45.5,38.3,7.5,60
1602330030,新富様似停車場線,一般国道３３６号,,1608,0,0.1,,423,,443,866,1.17,0.21,5.6,5.6,17.5,60
1602340010,美河三石停車場線,高見西舎線,高見西舎線,1610,0,2.5,,359,,386,745,1.17,0.11,40.8,36.7,7.8,60
1602340020,美河三石停車場線,高見西舎線,静内浦河線,1610,0,9.7,,359,,386,745,1.17,0.11,58.7,63.7,7.8,60
1602340030,美河三石停車場線,静内浦河線,一般国道２３５号,1610,0,6.2,新ひだか町三石川上,80,新ひだか町三石川上,80,160,1.12,0.04,50.5,48,9.75,60
1602350010,上幌内早来停車場線,北進平取線,夕張厚真線,1581,0,11.9,勇払郡厚真町幌内,394,勇払郡厚真町幌内,491,885,1.19,0.29,42.5,49.9,7.8,40
1602350020,上幌内早来停車場線,夕張厚真線,千歳鵡川線,1581,0,5.8,勇払郡厚真町幌内,394,勇払郡厚真町幌内,491,885,1.19,0.29,49.8,50.4,7.8,40
1602350040,上幌内早来停車場線,千歳鵡川線,一般国道２３４号,1585,0,0.1,勇払郡厚真町幌内,394,勇払郡厚真町幌内,491,885,1.19,0.34,9.6,11.1,15.5,40
1602350050,上幌内早来停車場線,一般国道２３４号,,1585,0,0,勇払郡厚真町幌内,394,勇払郡厚真町幌内,491,885,1.19,0.34,10.6,17,15.5,40
1602360010,勇足池田線,一般国道２４２号,本別町・池田町境,1646,0,3.4,,34,,28,62,1.1,0.01,50.8,50.4,9.5,60
1602360020,勇足池田線,本別町・池田町境,東台留真線,1644,0,15.8,,34,,28,62,1.1,0.01,67.9,59.2,7.6,60
1602360030,勇足池田線,東台留真線,帯広浦幌線,1644,0,5.2,,164,,202,366,1.15,0.06,64.6,64.2,8.5,60
1602370010,池田停車場高島線,,帯広浦幌線,1644,0,0.1,,464,,431,895,1.17,0.12,24,32.7,20,60
1602370030,池田停車場高島線,帯広浦幌線,下居辺高島停車場線,1644,0,10.8,中川郡池田町高島,435,中川郡池田町高島,443,878,1.19,0.13,57.3,44.3,7.9,60
1602380010,更別幕別線,一般国道２３６号,尾田豊頃停車場線,1639,0,4.9,,806,,895,1701,1.19,0.22,61.4,66.5,9,60
1602380020,更別幕別線,尾田豊頃停車場線,駒畠更別線,1639,0,6.2,,806,,895,1701,1.19,0.22,63.1,62.7,9,60
1602380030,更別幕別線,駒畠更別線,更別村・帯広市境,1639,0,3.9,,222,,218,440,1.15,0.08,61.6,55.6,7.8,60
1602380040,更別幕別線,更別村・帯広市境,豊頃糠内芽室線,1207,0,7.2,,222,,218,440,1.15,0.08,64.7,58.3,7.8,60
1602380060,更別幕別線,豊頃糠内芽室線,愛国停車場古舞線,1643,0,8.1,,690,,832,1522,1.19,0.26,59.2,62.7,11.05,60
1602380070,更別幕別線,愛国停車場古舞線,幕別帯広芽室線,1643,0,9,,1152,,1039,2191,1.2,0.37,54.4,56.5,10.45,60
1602380090,更別幕別線,幕別帯広芽室線,一般国道３８号,1643,0,0.9,,4286,,4379,8665,1.21,1.03,35.1,23,15.5,60
1602390010,熊牛音更線,帯広新得線,清水町・芽室町境,1636,0,5.1,,119,,82,201,1.17,0.03,42.4,58.6,9.1,60
1602390020,熊牛音更線,清水町・芽室町境,東瓜幕芽室線,1637,0,3.8,,119,,82,201,1.17,0.03,52.4,57.5,7.6,60
1602390040,熊牛音更線,東瓜幕芽室線,芽室町・音更町境,1637,0,6.8,,167,,207,374,1.15,0.09,60.9,59.9,7.6,60
1602390050,熊牛音更線,芽室町・音更町境,川西芽室音更線,1631,0,5.6,,167,,207,374,1.15,0.09,58.7,58.4,12.05,60
1602390060,熊牛音更線,川西芽室音更線,音更新得線,1631,0,3,,585,,593,1178,1.19,0.17,58.2,56.4,10.55,60
1602400010,上札内帯広線,清水大樹線,中札内村・帯広市境,1638,0,4.5,,192,,175,367,1.15,0.06,26.2,40.7,7.8,60
1602400020,上札内帯広線,中札内村・帯広市境,清水大樹線,1207,0,12.7,,192,,175,367,1.15,0.06,54.7,58.2,10.25,60
1602400030,上札内帯広線,清水大樹線,豊頃糠内芽室線,1207,0,7.8,,1280,,1335,2615,1.2,0.49,58.9,61.3,10.5,60
1602400040,上札内帯広線,豊頃糠内芽室線,川西芽室音更線,1207,0,5.6,,1280,,1335,2615,1.2,0.49,52,57.3,10.5,60
1602410010,本流音別停車場線,,音別浦幌線,1206,0,12.2,,148,,148,296,1.17,0.06,59.9,49.3,8,60
1602410020,本流音別停車場線,音別浦幌線,一般国道３８号,1206,0,11.4,,450,,465,915,1.17,0.16,59.9,49.3,8,60
1602420005,上庶路庶路停車場線,,道東自動車道,1668,0,4.7,白糠郡白糠町西庶路,1200,白糠郡白糠町西庶路,1164,2364,1.2,0.29,56.8,49.9,8,60
1602420010,上庶路庶路停車場線,道東自動車道,一般国道３８号,1668,0,13.1,白糠郡白糠町西庶路,1200,白糠郡白糠町西庶路,1164,2364,1.2,0.29,59.6,56.6,8,60
1602430010,阿寒標茶線,一般国道２４０号,徹別原野釧路線,1206,0,11.2,釧路市阿寒町東栄南,151,釧路市阿寒町東栄南,155,306,1.16,0.08,55.6,49.2,7.6,60
1602430020,阿寒標茶線,徹別原野釧路線,釧路市・鶴居村境,1206,0,2.4,,641,,691,1332,1.19,0.21,51.5,50.5,7.8,60
1602430030,阿寒標茶線,釧路市・鶴居村境,釧路鶴居弟子屈線,1667,0,7.4,,641,,691,1332,1.19,0.22,55.2,56.6,7.8,60
1602430050,阿寒標茶線,釧路鶴居弟子屈線,鶴居村・標茶町境,1667,0,13.4,川上郡標茶町西標茶,72,川上郡標茶町西標茶,88,160,1.18,0.03,58.6,53.8,9.5,60
1602430060,阿寒標茶線,鶴居村・標茶町境,クチョロ原野塘路線,1664,0,0.1,川上郡標茶町西標茶,72,川上郡標茶町西標茶,88,160,1.18,0.03,50.8,28.1,9.5,60
1602430070,阿寒標茶線,クチョロ原野塘路線,クチヨロ原野線,1664,0,1,川上郡標茶町西標茶,72,川上郡標茶町西標茶,88,160,1.18,0.03,49.7,49.7,9.5,60
1602430080,阿寒標茶線,クチヨロ原野線,一般国道３９１号,1664,0,16.8,川上郡標茶町西標茶,72,川上郡標茶町西標茶,88,160,1.18,0.03,49.7,49.7,9.5,60
1602440010,遠軽芭露線,一般国道２４２号,遠軽町・湧別町境,1555,0,5.2,遠軽町2条通北1丁目,1535,遠軽町2条通北1丁目,1682,3217,1.11,0.27,37.1,46.4,7.5,60
1602440020,遠軽芭露線,遠軽町・湧別町境,一般国道２３８号,1559,0,16.6,湧別町芭露,421,湧別町芭露,527,948,1.19,0.14,46,46.4,11.55,60
1602450010,下仁頃相内停車場線,北見常呂線,,1208,0,3.8,,446,,506,952,1.17,0.21,47.7,51.1,7.5,60
1602450020,下仁頃相内停車場線,,一般国道３９号,1208,0,14.8,,446,,506,952,1.17,0.21,53.3,52.2,7.5,60
1602450040,下仁頃相内停車場線,一般国道３９号,,1208,0,0.1,,366,,327,693,1.16,0.14,7.6,8.7,10.8,30
1602460010,小清水女満別線,一般国道３９１号,一般国道３３４号,1547,0,0.4,,2390,,2411,4801,1.21,0.5,24.9,26.8,7.8,60
1602460020,小清水女満別線,一般国道３３４号,小清水町・網走市境,1547,0,4.2,,2390,,2411,4801,1.21,0.5,51.9,56.3,7.8,60
1602460030,小清水女満別線,小清水町・網走市境,栄浜小清水線,1211,0,1.1,,2390,,2411,4801,1.21,0.5,47.2,47.2,8.1,60
1602460040,小清水女満別線,栄浜小清水線,明生北浜線,1211,0,4.2,,2390,,2411,4801,1.21,0.5,40.9,53.8,8.1,60
1602460050,小清水女満別線,明生北浜線,網走川湯線,1211,0,7.7,網走市字実豊,154,網走市字実豊,262,416,1.15,0.11,51.3,52.8,9.1,60
1602460070,小清水女満別線,網走川湯線,中園網走停車場線,1211,0,3.1,,885,,1015,1900,1.2,0.57,56.7,54.1,7.8,60
1602460080,小清水女満別線,中園網走停車場線,網走市・大空町境,1211,0,2.2,大空町女満別昭和,544,大空町女満別昭和,564,1108,1.19,0.2,60.9,64.8,7.8,60
1602460090,小清水女満別線,網走市・大空町境,一般国道３９号,1564,0,5.7,大空町女満別昭和,544,大空町女満別昭和,564,1108,1.19,0.2,58.7,56.3,7.8,60
1602460110,小清水女満別線,女満別空港線,一般国道３９号,1564,0,1.4,大空町女満別昭和,544,大空町女満別昭和,564,1108,1.19,0.2,34.2,27.1,11.55,60
1602470010,置戸温根湯線,春日置戸線,置戸町・北見市境,1550,0,7.4,,94,,107,201,1.17,0.03,46.7,59.5,8.5,60
1602470020,置戸温根湯線,置戸町・北見市境,一般国道３９号,1208,0,6.9,,94,,107,201,1.17,0.03,51.9,47.1,10.8,60
1602480010,嘉多山美幌線,網走端野線,網走市・大空町境,1211,0,2,大空町女満別住吉,505,大空町女満別住吉,516,1021,1.2,0.21,47.4,54.2,8.8,50
1602480020,嘉多山美幌線,網走市・大空町境,住吉女満別停車場線,1564,0,2.5,大空町女満別住吉,505,大空町女満別住吉,516,1021,1.2,0.16,58,58,7.8,60
1602480030,嘉多山美幌線,住吉女満別停車場線,大空町・美幌町境,1564,0,6.4,,796,,806,1602,1.19,0.24,64.1,60.9,12,60
1602480040,嘉多山美幌線,大空町・美幌町境,一般国道３９号,1543,0,2,,796,,806,1602,1.19,0.24,49.7,45.3,12.5,60
1602490010,福住女満別線,一般国道２４３号,美幌町・大空町境,1543,0,6.3,,55,,51,106,1.12,0.04,44,42.8,7.5,60
1602490020,福住女満別線,美幌町・大空町境,一般国道３３４号,1564,0,4.4,,55,,51,106,1.12,0.04,60.9,55.5,8.5,60
1602490030,福住女満別線,一般国道３３４号,女満別空港線,1564,0,11.6,大空町女満別大東,171,大空町女満別大東,225,396,1.15,0.07,50.5,50,7,60
1602490040,福住女満別線,女満別空港線,一般国道３９号,1564,0,0.3,大空町女満別大東,171,大空町女満別大東,225,396,1.15,0.07,12.5,14,7,60
1602500010,清里止別線,摩周湖斜里線,神威小清水線,1546,0,4.7,清里町神威,189,清里町神威,196,385,1.15,0.05,51.3,50.5,11.5,60
1602500020,清里止別線,神威小清水線,清里町・小清水町境,1546,0,0.6,,553,,544,1097,1.18,0.15,53.9,43.9,7.8,60
1602500030,清里止別線,清里町・小清水町境,一般国道３３４号,1547,0,3.3,,553,,544,1097,1.18,0.15,55.4,59.2,10.25,60
1602500040,清里止別線,一般国道３３４号,一般国道２４４号,1547,0,5.6,,553,,544,1097,1.18,0.15,54.1,60.4,10.25,60
1602510010,雨竜旭川線,一般国道２７５号,幌加内町・士別市境,1472,0,0.6,,197,,189,386,1.15,0.07,52,44,7.8,60
1602510020,雨竜旭川線,幌加内町・士別市境,一般国道２３９号,1220,0,16.2,,197,,189,386,1.15,0.06,53.1,46.3,13,60
1602510040,雨竜旭川線,一般国道２３９号,温根別ビバカルウシ線,1220,0,5.3,,355,,530,885,1.17,0.33,49.7,50.1,10.5,60
1602510050,雨竜旭川線,温根別ビバカルウシ線,士別市・剣淵町境,1220,0,13.1,,355,,530,885,1.17,0.32,49.7,50.1,8.5,60
1602510060,雨竜旭川線,士別市・剣淵町境,剣淵町・和寒町境,1465,0,0.5,,355,,530,885,1.17,0.4,50,50,7,60
1602510070,雨竜旭川線,剣淵町・和寒町境,和寒幌加内線,1464,0,3.6,,355,,530,885,1.17,0.32,50,50,8.5,60
1602510090,雨竜旭川線,和寒幌加内線,和寒町・鷹栖町境,1464,0,6.7,上川郡鷹栖町19線,459,上川郡鷹栖町19線,488,947,1.17,0.14,46.2,45.2,7.8,60
1602510100,雨竜旭川線,和寒町・鷹栖町境,鷹栖江丹別線,1452,0,9.3,上川郡鷹栖町19線,459,上川郡鷹栖町19線,488,947,1.17,0.14,44.2,51.8,7.5,60
1602510110,雨竜旭川線,鷹栖江丹別線,和寒鷹栖線,1452,0,3.6,上川郡鷹栖町19線,459,上川郡鷹栖町19線,488,947,1.17,0.13,58.3,50.9,11.55,40
1602510120,雨竜旭川線,和寒鷹栖線,鷹栖東神楽線,1452,0,1.7,,1024,,1328,2352,1.2,0.35,38.2,34.9,11,50
1602510130,雨竜旭川線,鷹栖東神楽線,鷹栖町・旭川市境,1452,0,1.7,,3763,,4118,7881,1.21,0.7,46.8,48.1,13,60
1602510140,雨竜旭川線,鷹栖町・旭川市境,一般国道１２号,1204,0,1.9,,3763,,4118,7881,1.21,0.71,50.1,39.8,13,60
1602520010,美深名寄線,美深雄武線,美深町・名寄市境,1469,0,0.1,,594,,632,1226,1.19,0.19,32.2,45.5,7,60
1602520020,美深名寄線,美深町・名寄市境,智恵文停車場線,1221,0,4.5,,594,,632,1226,1.19,0.2,36.7,57.1,7.8,60
1602520030,美深名寄線,智恵文停車場線,一般国道４０号,1221,0,2.2,,594,,632,1226,1.19,0.2,28.5,24.4,7.8,60
1602520040,美深名寄線,一般国道４０号,一般国道４０号,1221,0,11.2,,1018,,1144,2162,1.2,0.32,50.6,51.1,10.5,60
1602530010,東山富良野停車場線,一般国道３８号,麓郷山部停車場線,1229,0,15.5,,902,,1178,2080,1.2,0.33,60.4,58.8,9,60
1602530020,東山富良野停車場線,麓郷山部停車場線,上富良野旭中富良野線,1229,0,16.7,,902,,1178,2080,1.2,0.33,52.5,52.9,9,60
1602530025,東山富良野停車場線,上富良野旭中富良野線,上富良野旭中富良野線,1229,0,1.2,,902,,1178,2080,1.2,0.3,61.3,62.1,12,60
1602530030,東山富良野停車場線,上富良野旭中富良野線,,1229,0,3.7,富良野市字大沼,553,富良野市字大沼,737,1290,1.19,0.18,32.6,30.3,10.5,60
1602540010,抜海港線,稚内天塩線,稚内港線,1214,0,12.4,,1015,,1017,2032,1.2,0.24,41.3,42.7,14.54,60
1602540020,抜海港線,稚内港線,稚内天塩線,1214,0,0.5,宝来4丁目,2066,宝来4丁目,2321,4387,1.16,0.38,16.5,19.1,14.54,40
1602550010,燒尻島線,,東浜焼尻港線,1484,0,9.4,,187,,191,378,1.15,0.06,,32.1,10.75,60
1602560010,豊富遠別線,稚内幌延線,稚内幌延線,1520,0,1.6,,727,,765,1492,1.19,0.21,29.7,28.7,18,60
1602560030,豊富遠別線,稚内幌延線,上問寒幌延停車場線,1520,0,4.2,,727,,765,1492,1.19,0.14,64,60.4,16,60
1602560040,豊富遠別線,上問寒幌延停車場線,雄信内停車場線,1520,0,10.5,,727,,765,1492,1.19,0.14,58.3,58.3,16,60
1602560050,豊富遠別線,雄信内停車場線,幌延町・天塩町境,1520,0,0.2,,415,,432,847,1.17,0.16,58.9,55.7,7.8,60
1602560060,豊富遠別線,幌延町・天塩町境,一般国道４０号,1487,0,1.1,天塩郡天塩町字雄信内3468,526,天塩郡天塩町字雄信内3468,542,1068,1.15,0.19,44.2,34.5,7.8,50
1602560080,豊富遠別線,一般国道４０号,六志内西雄信内線,1487,0,1.7,,154,,164,318,1.16,0.04,45.4,47.8,10.35,60
1602560090,豊富遠別線,六志内西雄信内線,天塩町・遠別町境,1487,0,15.7,,154,,164,318,1.16,0.04,63.8,65.9,10.35,60
1602560100,豊富遠別線,天塩町・遠別町境,遠別中川線,1486,0,2.5,,154,,164,318,1.16,0.04,58.7,55.1,7.5,60
1602560120,豊富遠別線,遠別中川線,清川線,1486,0,0.1,天塩郡遠別町幸和,459,天塩郡遠別町幸和,468,927,1.19,0.15,41,39.3,7.6,60
1602560130,豊富遠別線,清川線,名寄遠別線,1486,0,5.1,天塩郡遠別町幸和,459,天塩郡遠別町幸和,468,927,1.19,0.15,72.9,67.9,7.6,60
1602560140,豊富遠別線,名寄遠別線,一般国道２３２号,1486,0,3.9,天塩郡遠別町幸和,459,天塩郡遠別町幸和,468,927,1.19,0.15,59.1,42.3,7.6,60
1602570010,留寿都喜茂別線,岩内洞爺線,留寿都村・真狩村境,1397,0,3.5,,414,,332,746,1.17,0.14,56.9,53.8,7.8,60
1602570020,留寿都喜茂別線,留寿都村・真狩村境,真狩村・喜茂別町境,1396,0,2.8,,414,,332,746,1.17,0.14,58,55.2,7.6,60
1602570030,留寿都喜茂別線,真狩村・喜茂別町境,一般国道２７６号,1398,0,2.5,,414,,332,746,1.17,0.14,52.4,54.6,7.6,60
1602570050,留寿都喜茂別線,一般国道２７６号,,1398,0,0.3,,414,,332,746,1.17,0.17,27.9,23.9,11.5,50
1602580010,早来千歳線,千歳鵡川線,安平町・千歳市境,1585,0,3.7,勇払郡安平町早来富岡,937,勇払郡安平町早来富岡,902,1839,1.26,0.26,57.6,58.9,10.45,60
1602580020,早来千歳線,安平町・千歳市境,一般国道３６号,1224,0,7.7,,2550,,2196,4746,1.21,0.49,54.8,55.8,16,50
1602580040,早来千歳線,一般国道３６号,一般国道３３７号,1224,0,1.1,,12177,,11786,23963,1.25,0.93,22.2,21.2,24,40
1602580060,早来千歳線,一般国道３３７号,島松千歳線,1224,0,1.6,,12177,,11786,23963,1.25,1.09,22.9,22.4,24,40
1602580070,早来千歳線,島松千歳線,一般国道３６号,1224,0,2.1,,12177,,11786,23963,1.25,1.09,32.6,35.5,24,40
1602590010,上厚真苫小牧線,厚真浜厚真停車場線,一般国道２３５号,1581,0,2,苫小牧市静川,1276,苫小牧市静川,1426,2702,1.2,0.52,35.4,36.8,10.7,60
1602590030,上厚真苫小牧線,一般国道２３５号,厚真町・苫小牧市境,1581,0,1.2,苫小牧市静川,1276,苫小牧市静川,1426,2702,1.2,0.45,36.1,45.7,9.7,60
1602590040,上厚真苫小牧線,厚真町・苫小牧市境,,1213,0,1.5,,877,,959,1836,1.2,0.24,48.6,51.1,14,60
1602590050,上厚真苫小牧線,,,1213,0,5.5,,877,,959,1836,1.2,0.24,61,65.3,14,60
1602590055,上厚真苫小牧線,,上厚真苫小牧線,1213,0,0.6,,877,,959,1836,1.2,0.24,54.2,58.6,14,60
1602590070,上厚真苫小牧線,上厚真苫小牧線,苫小牧環状線,1213,0,2.4,,,,,,,,53.5,54.9,14,60
1602590080,上厚真苫小牧線,苫小牧環状線,,1213,0,0.3,,1242,,1218,2460,1.2,0.32,35.6,22.3,14.5,60
1602590060,上厚真苫小牧線,上厚真苫小牧線,一般国道２３５号,1213,0,1.5,,1213,,1318,2531,1.2,0.44,43.4,45.1,11,60
1602590100,上厚真苫小牧線,一般国道２３４号,苫小牧環状線,1213,0,0.9,苫小牧市沼ノ端中央3丁目2,9184,苫小牧市沼ノ端中央3丁目2,9613,18797,1.24,0.58,18,19,50,60
1602590110,上厚真苫小牧線,苫小牧環状線,一般国道３６号,1213,0,6.3,苫小牧市沼ノ端中央3丁目2,9184,苫小牧市沼ノ端中央3丁目2,9613,18797,1.24,0.58,31.9,29.2,50,60
1602600010,幕別停車場線,,幕別大樹線,1643,0,0.1,,1125,,1017,2142,1.2,0.34,13.6,11.7,27,40
1602610010,置戸福野北見線,一般国道２４２号,置戸町・訓子府町境,1550,0,3.7,,359,,379,738,1.17,0.1,52.1,54.5,7.8,60
1602610020,置戸福野北見線,置戸町・訓子府町境,北見白糠線,1549,0,5.6,,359,,379,738,1.17,0.1,61,59.7,10.25,60
1602610040,置戸福野北見線,北見白糠線,訓子府町・北見市境,1549,0,4.6,,4852,,4396,9248,1.22,0.84,60.2,62.9,10.25,60
1602610050,置戸福野北見線,訓子府町・北見市境,北見環状線,1208,0,4,,4852,,4396,9248,1.22,0.86,57.4,54,10.7,60
1602610120,置戸福野北見線,北見環状線,十勝オホーツク自動車道,1208,0,2.2,,,,,,,,53.1,54.7,18,40
1602610130,置戸福野北見線,十勝オホーツク自動車道,北見置戸線,1208,0,0.8,北見市花園町,4773,北見市花園町,4935,9708,1.19,1.08,50.7,34.3,18,40
1602610080,置戸福野北見線,北見津別線,北見環状線,1208,0,1.8,北見市花園町,4773,北見市花園町,4935,9708,1.19,1.08,27.7,30.3,18,40
1602610090,置戸福野北見線,北見環状線,一般国道３９号,1208,0,1.4,北見市花園町,4773,北見市花園町,4935,9708,1.19,1.08,28.7,25.8,18,40
1611760040,新函館北斗停車場線,,一般国道２２７号,1236,0,1,,132,,105,237,1.18,0.03,22.8,24.3,24,60
1602630010,八雲今金線,八雲北檜山線,八雲町・今金町境,1346,0,1.1,二海郡八雲町上八雲,360,二海郡八雲町上八雲,400,760,1.12,0.14,68.3,61.9,9,60
1602630020,八雲今金線,八雲町・今金町境,今金北檜山線,1370,0,16.6,瀬棚郡今金町字日進,450,瀬棚郡今金町字日進,411,861,1.17,0.15,65.4,62.2,7.5,60
1602630040,八雲今金線,今金北檜山線,丹羽今金線,1370,0,1,瀬棚郡今金町字日進,450,瀬棚郡今金町字日進,411,861,1.17,0.14,36.6,43.4,15,40
1602630050,八雲今金線,丹羽今金線,一般国道２３０号,1370,0,0.5,瀬棚郡今金町字日進,450,瀬棚郡今金町字日進,411,861,1.17,0.14,24,19.2,15,40
1602640010,七飯療養所線,,一般国道５号,1337,0,0.6,,2967,,3048,6015,1.21,0.96,25.4,16.5,13.34,40
1602640030,七飯療養所線,一般国道５号,,1337,0,0.8,,2967,,3048,6015,1.21,1,24.8,28.8,13.5,40
1602640040,七飯療養所線,,一般国道５号（函館新道）,1337,0,0,,2967,,3048,6015,1.21,1,41.1,41.1,13.5,40
1602650010,熱郛白井川線,寿都黒松内線,一般国道５号,1393,0,6.5,,735,,719,1454,1.19,0.2,59.4,59.6,7.5,60
1602660010,大成黒松内停車場線,一般国道３７号,一般国道５号,1393,0,12.1,,403,,374,777,1.17,0.14,59.7,57.1,10.25,60
1602660030,大成黒松内停車場線,一般国道５号,寿都黒松内線,1393,0,6,,455,,393,848,1.17,0.14,43.7,47.2,7.5,60
1602660040,大成黒松内停車場線,寿都黒松内線,美川黒松内線,1393,0,1.1,,403,,374,777,1.17,0.12,15,16.3,7.5,60
1602660050,大成黒松内停車場線,美川黒松内線,,1393,0,0.1,,403,,374,777,1.17,0.12,6.3,10.4,7.5,60
1602670010,磯谷蘭越線,一般国道２２９号,名駒田下線,1394,0,10.2,磯谷郡蘭越町字共栄,224,磯谷郡蘭越町字共栄,188,412,1.15,0.07,59.7,55.1,11.55,60
1602670020,磯谷蘭越線,名駒田下線,一般国道５号,1394,0,5.2,磯谷郡蘭越町字共栄,224,磯谷郡蘭越町字共栄,188,412,1.15,0.07,57.4,54.1,11.55,60
1602680010,岩内蘭越線,一般国道２２９号,岩内洞爺線,1402,0,0.3,,3786,,3735,7521,1.21,0.72,12.8,18.1,22,30
1602680030,岩内蘭越線,岩内洞爺線,共和町・蘭越町境,1401,0,2.8,,116,,119,235,1.18,0.16,37.6,37.6,5.5,60
1602680040,岩内蘭越線,共和町・蘭越町境,岩内洞爺線,1394,0,5.8,,116,,119,235,1.18,0.03,22.6,13.3,7.5,60
1602680050,岩内蘭越線,岩内洞爺線,北尻別蘭越停車場線,1394,0,7.9,,116,,119,235,1.18,0.03,57.4,53.1,7.5,60
1602690010,蕨岱国富停車場線,一般国道２２９号,発足線,1401,0,2.5,,1183,,1297,2480,1.2,0.47,29.6,38,13,50
1602690020,蕨岱国富停車場線,発足線,発足前田線,1401,0,2.1,,1183,,1297,2480,1.2,0.47,50.7,50,13,50
1602690035,蕨岱国富停車場線,発足前田線,,1401,0,3,,,,,,,,62.1,61,10.5,50
1602690070,蕨岱国富停車場線,,一般国道２７６号,1401,0,0.1,,,,,,,,62.1,61,10.5,50
1602690050,蕨岱国富停車場線,一般国道２７６号,,1401,0,0.4,,1280,,1402,2682,1.2,0.5,14.9,28.9,13,30
1602700010,岩内港線,,一般国道２２９号,1402,0,1.3,,956,,1031,1987,1.2,0.24,15.7,19,18,40
1602710010,倶知安停車場線,,一般国道５号,1400,0,0.5,,647,,662,1309,1.19,0.19,17.7,11.8,17.5,40
1602720010,寿都停車場線,,一般国道２２９号,1392,0,0.2,,768,,806,1574,1.19,0.21,26.7,7.8,8.5,30
1602720030,寿都停車場線,一般国道２２９号,寿都黒松内線,1392,0,0.2,,768,,806,1574,1.19,0.18,6.4,13.5,7.5,40
1602720040,寿都停車場線,寿都黒松内線,一般国道２２９号,1392,0,2.2,,768,,806,1574,1.19,0.18,28.7,31.8,7.5,40
1602730010,花畔札幌線,石狩手稲線,一般国道２３１号,1235,0,2.9,,5587,,4785,10372,1.22,0.94,27.3,28.5,25.9,50
1602730020,花畔札幌線,一般国道２３１号,,1235,0,0.2,,4055,,4363,8418,1.21,0.66,8.5,13.4,25.9,50
1602730030,花畔札幌線,,矢臼場札幌線,1102,0,0,,7201,,8445,15646,1.23,1.11,9.2,13.7,21,40
1602730040,花畔札幌線,矢臼場札幌線,矢臼場札幌線,1102,0,0.3,,7201,,8445,15646,1.23,1.33,18.7,20.5,21,40
1602730050,花畔札幌線,矢臼場札幌線,札幌北広島環状線,1102,0,0.8,,7201,,8445,15646,1.23,1.38,23.2,22.9,21,40
1602730060,花畔札幌線,札幌北広島環状線,花畔札幌線,1102,0,0.2,,7201,,8445,15646,1.23,0.38,9.6,20.2,20,40
1602730170,花畔札幌線,花畔札幌線,花畔札幌線,1102,0,1.4,,3481,,3362,6843,1.21,0.49,24.8,28.2,16.75,40
1602730180,花畔札幌線,花畔札幌線,花畔札幌線,1102,0,1.6,,3481,,3362,6843,1.21,0.67,25.7,20,20,40
1602730100,花畔札幌線,花畔札幌線,札幌市北区・札幌市東区境,1102,0,2.1,,7201,,8445,15646,1.23,1.19,41.3,42.7,16,40
1602730110,花畔札幌線,札幌市北区・札幌市東区境,丘珠空港東線,1103,0,2.7,,7201,,8445,15646,1.23,0.61,44.2,35.9,20,50
1602730120,花畔札幌線,丘珠空港東線,一般国道２７４号,1103,0,0.6,,7201,,8445,15646,1.23,1.11,20.5,8.8,20,50
1602730130,花畔札幌線,一般国道２７４号,札幌環状線,1103,0,2.5,,7201,,8445,15646,1.23,1.8,14.2,16.8,9.09,30
1602730140,花畔札幌線,札幌環状線,真駒内篠路線,1103,0,1.4,,7201,,8445,15646,1.23,1.69,15.8,16.4,9.09,30
1602730150,花畔札幌線,真駒内篠路線,一般国道５号,1103,0,1,,7201,,8445,15646,1.23,0.97,9.7,13.4,20,40
1602730070,花畔札幌線,花畔札幌線,真駒内篠路線,1102,0,0.5,,7201,,8445,15646,1.23,0,31,30.8,20,40
1602730080,花畔札幌線,真駒内篠路線,花畔札幌線,1102,0,0.9,,7201,,8445,15646,1.23,0,26.5,35.2,22,40
1602730090,花畔札幌線,花畔札幌線,花畔札幌線,1102,0,1.4,,7201,,8445,15646,1.23,0,23.8,25.8,28,50
1602740010,栗沢南幌線,一般国道２３４号,栗沢停車場線,1210,0,0.5,,964,,1267,2231,1.2,0.28,23.9,22,20,60
1602740020,栗沢南幌線,栗沢停車場線,栗丘幌向停車場線,1210,0,3.5,,964,,1267,2231,1.2,0.28,41.6,41,20,60
1602740030,栗沢南幌線,栗丘幌向停車場線,岩見沢市・南幌町境,1210,0,1.7,,964,,1267,2231,1.2,0.28,56.1,58.1,20,60
1602740040,栗沢南幌線,岩見沢市・南幌町境,長沼南幌線,1423,0,3.9,,964,,1267,2231,1.2,0.18,58.6,57.7,15,50
1602740050,栗沢南幌線,長沼南幌線,一般国道３３７号,1423,0,0.6,,964,,1267,2231,1.2,0.18,28.4,28,15,50
1602750010,月形峰延線,岩見沢月形線,江別奈井江線,1215,0,3.9,,809,,731,1540,1.19,0.21,58.1,55.4,11.55,50
1602750030,月形峰延線,江別奈井江線,開発峰延線,1215,0,4.1,美唄市上美唄町南第二幹線橋,584,美唄市上美唄町南第二幹線橋,654,1238,1.19,0.18,59,54.8,11.55,50
1602750040,月形峰延線,開発峰延線,峯延稔町線,1215,0,0.2,美唄市上美唄町南第二幹線橋,584,美唄市上美唄町南第二幹線橋,654,1238,1.19,0.18,55.7,56.5,11.55,50
1602750050,月形峰延線,峯延稔町線,一般国道１２号,1215,0,2.8,美唄市上美唄町南第二幹線橋,584,美唄市上美唄町南第二幹線橋,654,1238,1.19,0.18,39.9,42,11.55,50
1602760010,琴似停車場線,琴似停車場新琴似線,宮の沢北１条線,1107,0,1.1,札幌市西区琴似2条7丁目,6535,札幌市西区琴似2条7丁目,7202,13737,1.23,1.09,14.8,12.6,22,40
1602770010,琴似停車場新琴似線,琴似停車場線,下手稲札幌線,1107,0,0.9,,7463,,7306,14769,1.22,1.54,17.9,12.1,18.18,40
1602770020,琴似停車場新琴似線,下手稲札幌線,新川支線,1107,0,0.8,,7463,,7306,14769,1.22,1.54,12.1,11.5,18.18,40
1602770025,琴似停車場新琴似線,新川支線,一般国道５号,1102,0,1.1,,7463,,7306,14769,1.22,0.76,16.8,18.6,20.91,40
1602770030,琴似停車場新琴似線,一般国道５号,樽川篠路線,1102,0,1.3,,7463,,7306,14769,1.22,0.76,22,17.6,20.91,40
1602770040,琴似停車場新琴似線,樽川篠路線,一般国道２３１号,1102,0,1,札幌市北区麻生町8丁目,10133,札幌市北区麻生町8丁目,7761,17894,1.24,1.01,16.6,18.3,20.91,40
1602780010,奈井江浦臼線,江別奈井江線,奈井江町・浦臼町境,1424,0,2.3,奈井江町キナウスナイ吾妻橋,1075,奈井江町キナウスナイ吾妻橋,1079,2154,1.2,0.27,63.1,63.3,13,50
1602780020,奈井江浦臼線,奈井江町・浦臼町境,一般国道２７５号,1431,0,1.5,奈井江町キナウスナイ吾妻橋,1075,奈井江町キナウスナイ吾妻橋,1079,2154,1.2,0.28,60.4,54,13,50
1602790010,江部乙雨竜線,一般国道１２号,滝川市・雨竜町境,1225,0,3.1,雨竜町伏古93-86,1313,雨竜町伏古93-86,1436,2749,1.18,0.37,48.9,55.4,12.5,50
1602790020,江部乙雨竜線,滝川市・雨竜町境,一般国道２７５号,1436,0,1.7,雨竜町伏古93-86,1313,雨竜町伏古93-86,1436,2749,1.18,0.3,51.7,42.3,18,50
1602800010,妹背牛停車場線,,深川雨竜線,1433,0,0.4,,2109,,2190,4299,1.21,0.37,15.4,11.6,16.5,40
1602810010,深川多度志線,深川雨竜線,一般国道２３３号,1228,0,4.6,,407,,431,838,1.17,0.15,38.1,40.2,9.95,40
1602810020,深川多度志線,一般国道２３３号,深川市・秩父別町境,1228,0,4.6,深川市多度志町多度志,796,深川市多度志町多度志,714,1510,1.19,0.24,37.2,44.2,9.95,40
1602810030,深川多度志線,深川市・秩父別町境,秩父別町・深川市境,1434,0,1.6,深川市多度志町多度志,796,深川市多度志町多度志,714,1510,1.19,0.27,56.2,56.1,7.5,40
1602810040,深川多度志線,秩父別町・深川市境,一般国道２７５号,1228,0,2.9,深川市多度志町多度志,796,深川市多度志町多度志,714,1510,1.19,0.22,55,55,13.5,50
1602820010,沼田妹背牛線,一般国道２７５号,小藤沼田線,1438,0,0.4,,1364,,1511,2875,1.2,0.38,23,24.4,15.5,50
1602820020,沼田妹背牛線,小藤沼田線,沼田町・秩父別町境,1438,0,1.1,,1364,,1511,2875,1.2,0.38,32,36.6,15.5,50
1602820030,沼田妹背牛線,沼田町・秩父別町境,一般国道２３３号,1434,0,4.1,,1364,,1511,2875,1.2,0.35,59,59.1,12.5,50
1602820050,沼田妹背牛線,一般国道２３３号,秩父別町・妹背牛町境,1434,0,2,妹背牛町字妹背牛,328,妹背牛町字妹背牛,391,719,1.15,0.11,41.3,51.4,11.25,40
1602820060,沼田妹背牛線,秩父別町・妹背牛町境,深川雨竜線,1433,0,6.2,妹背牛町字妹背牛,328,妹背牛町字妹背牛,391,719,1.15,0.11,56.1,49,11.5,40
1602830010,砂川新十津川線,一般国道１２号,砂川市・新十津川町境,1226,0,1,,2026,,1893,3919,1.2,0.54,29.4,37.4,22.25,50
1602830020,砂川新十津川線,砂川市・新十津川町境,一般国道２７５号,1432,0,3,,2026,,1893,3919,1.2,0.47,56.9,49.5,10.25,50
1602840010,深川停車場線,,一般国道２３３号,1228,0,0.2,,1070,,904,1974,1.2,0.2,6,6.7,22,40
1602850010,豊浦洞爺線,豊浦京極線,豊浦町・洞爺湖町境,1571,0,1.7,虻田郡洞爺湖町香川,501,虻田郡洞爺湖町香川,607,1108,1.19,0.21,61.4,62.6,13.5,50
1602850020,豊浦洞爺線,豊浦町・洞爺湖町境,一般国道２３０号,1584,0,8.7,虻田郡洞爺湖町香川,501,虻田郡洞爺湖町香川,607,1108,1.19,0.22,61.3,56.9,10.25,50
1602850040,豊浦洞爺線,一般国道２３０号,洞爺虻田線,1584,0,3.4,,822,,890,1712,1.19,0.21,43.2,48.1,11.5,40
1602850050,豊浦洞爺線,洞爺虻田線,岩内洞爺線,1584,0,0.6,,822,,890,1712,1.19,0.21,24.8,28.3,11.5,40
1602860010,登別停車場線,,一般国道３６号,1230,0,0.3,,3690,,4139,7829,1.21,0.47,9.9,17.4,20,40
1602870010,厚真浜厚真停車場線,千歳鵡川線,豊川遠浅停車場線,1581,0,3.8,,1492,,1496,2988,1.2,0.37,50.7,54.7,10.7,60
1602870020,厚真浜厚真停車場線,豊川遠浅停車場線,富野軽舞線,1581,0,5.9,,1342,,1250,2592,1.2,0.4,60.2,57.9,10.7,40
1602870030,厚真浜厚真停車場線,富野軽舞線,鵡川厚真線,1581,0,0.2,,1342,,1250,2592,1.2,0.4,31.1,18.4,10.7,40
1602870040,厚真浜厚真停車場線,鵡川厚真線,上厚真苫小牧線,1581,0,0.5,,1342,,1250,2592,1.2,0.4,34.9,25.8,10.7,40
1602870050,厚真浜厚真停車場線,上厚真苫小牧線,一般国道２３５号（日高自動車道）,1581,0,2.3,厚真町上厚真,472,厚真町上厚真,496,968,1.18,0.15,42,45.9,9.95,60
1602870060,厚真浜厚真停車場線,一般国道２３５号（日高自動車道）,一般国道２３５号,1581,0,0.5,厚真町上厚真,472,厚真町上厚真,496,968,1.18,0.15,34,28.6,9.95,60
1602870080,厚真浜厚真停車場線,一般国道２３５号,,1581,0,0.4,厚真町上厚真,472,厚真町上厚真,496,968,1.18,0.14,19.1,33.1,8.5,60
1602880010,浦河港線,,一般国道２３５号,1607,0,0.1,,353,,379,732,1.17,0.12,11.2,5.4,16,40
1602890010,富川停車場線,,一般国道２３５号,1601,0,0.7,,911,,915,1826,1.2,0.22,29.4,32.2,13.25,40
1602900010,追分停車場線,,舞鶴追分線,1585,0,0.1,,1263,,1348,2611,1.2,0.51,25.5,12.5,14.5,60
1602910010,吹上上富良野線,,十勝岳温泉美瑛線,1460,0,2.6,,793,,814,1607,1.19,1.1,35.2,24.5,8,60
1602910014,吹上上富良野線,十勝岳温泉美瑛線,,1460,0,16.2,,793,,814,1607,1.19,0.13,46.1,45.6,14,60
1602910060,吹上上富良野線,,上富良野停車場線,1460,0,0.1,,793,,814,1607,1.19,0.13,16.4,12,14,60
1602910020,吹上上富良野線,,上富良野停車場線,1460,0,0.1,,793,,814,1607,1.19,0.13,7.6,13,14,60
1602910030,吹上上富良野線,上富良野停車場線,美沢上富良野線,1460,0,1.5,空知郡上富良野町字栄町2丁目,2043,空知郡上富良野町字栄町2丁目,1921,3964,1.2,0.33,41.4,37.5,10.3,50
1602910040,吹上上富良野線,美沢上富良野線,一般国道２３７号,1460,0,0.8,空知郡上富良野町字栄町2丁目,2043,空知郡上富良野町字栄町2丁目,1921,3964,1.2,0.33,48.3,37.6,10.3,50
1602920010,智恵文停車場線,,美深名寄線,1221,0,0.1,,1138,,1281,2419,1.2,0.3,22.5,22.5,10,40
1602930010,温根別剣淵停車場線,一般国道２３９号,士別市・剣淵町境,1220,0,1,,177,,207,384,1.15,0.07,57.3,60.7,12,60
1602930020,温根別剣淵停車場線,士別市・剣淵町境,剣淵原野士別線,1465,0,6.9,,177,,207,384,1.15,0.07,61.7,61.7,7.8,60
1602930030,温根別剣淵停車場線,剣淵原野士別線,温根別ビバカルウシ線,1465,0,2.8,,1975,,1930,3905,1.2,0.44,62.8,62.4,13.5,60
1602930040,温根別剣淵停車場線,温根別ビバカルウシ線,三和剣淵線,1465,0,0.6,,1975,,1930,3905,1.2,0.44,36.1,36,13.5,60
1602930050,温根別剣淵停車場線,三和剣淵線,温根別ビバカルウシ線,1465,0,0.6,,1975,,1930,3905,1.2,0.54,23.4,25.6,21,40
1602930060,温根別剣淵停車場線,温根別ビバカルウシ線,,1465,0,0.4,,1975,,1930,3905,1.2,0.45,14.8,14.5,17,40
1602940010,東川東神楽旭川線,瑞穂東川線,東川町・東神楽町境,1458,0,0.7,,1573,,1543,3116,1.2,0.44,23.6,29.3,14.5,40
1602940020,東川東神楽旭川線,東川町・東神楽町境,鷹栖東神楽線,1453,0,4,,1573,,1543,3116,1.2,0.36,43.5,44,14,50
1602940030,東川東神楽旭川線,鷹栖東神楽線,東神楽町・旭川市境,1453,0,5.7,上川郡東神楽町ひじり野北1条1丁目,3248,上川郡東神楽町ひじり野北1条1丁目,3470,6718,1.21,0.76,35.7,36,17,50
1602940040,東川東神楽旭川線,東神楽町・旭川市境,旭川環状線,1204,0,0.8,上川郡東神楽町ひじり野北1条1丁目,3248,上川郡東神楽町ひじり野北1条1丁目,3470,6718,1.21,0.86,32.8,21.5,14,50
1602940050,東川東神楽旭川線,旭川環状線,旭川旭岳温泉線,1204,0,2.9,上川郡東神楽町ひじり野北1条1丁目,3248,上川郡東神楽町ひじり野北1条1丁目,3470,6718,1.21,0.93,22.4,23.3,18,40
1602940060,東川東神楽旭川線,旭川旭岳温泉線,新開旭川線,1204,0,1.3,旭川市1条通24丁目,9645,旭川市1条通24丁目,9338,18983,1.24,0.7,25.3,24.8,22,40
1602950010,瑞穂旭川停車場線,瑞穂東川線,豊田当麻線,1204,0,7.6,旭川市東旭川町字米原,318,旭川市東旭川町字米原,342,660,1.15,0.09,59.1,50.9,7.5,60
1602950020,瑞穂旭川停車場線,豊田当麻線,鷹栖東神楽線,1204,0,8.4,旭川市東旭川町日の出,1986,旭川市東旭川町日の出,2010,3996,1.2,0.38,48.5,40.1,10.85,50
1602960010,比布愛別停車場線,一般国道４０号,当麻比布線,1455,0,0.2,,1853,,1507,3360,1.2,0.39,27.3,26.4,11.55,60
1602960020,比布愛別停車場線,当麻比布線,比布町・愛別町境,1455,0,5.9,,1222,,1118,2340,1.2,0.28,56.1,59.4,11.55,60
1602960030,比布愛別停車場線,比布町・愛別町境,愛別町・比布町境,1456,0,0.3,,1222,,1118,2340,1.2,0.27,57.2,63.4,12,60
1602960040,比布愛別停車場線,愛別町・比布町境,比布町・愛別町境,1455,0,0.1,,1222,,1118,2340,1.2,0.27,57.3,62.6,12,60
1602960050,比布愛別停車場線,比布町・愛別町境,下川愛別線,1456,0,3.1,,1222,,1118,2340,1.2,0.27,48.9,43.9,12,50
1602960070,比布愛別停車場線,愛別当麻旭川線,,1456,0,0.4,,610,,601,1211,1.19,0.15,9.2,8.5,12,40
1602970010,士別停車場線,一般国道４０号,,1220,0,0.4,,954,,863,1817,1.2,0.19,16.4,16,21.82,40
1602980010,上富良野旭中富良野線,上富良野停車場線,上富良野町・中富良野町境,1460,0,7.2,空知郡上富良野町東8線,856,空知郡上富良野町東8線,817,1673,1.19,0.24,52.8,55,12,60
1602980020,上富良野旭中富良野線,上富良野町・中富良野町境,ベベルイ中富良野停車場線,1461,0,1.4,空知郡上富良野町東8線,856,空知郡上富良野町東8線,817,1673,1.19,0.24,64.7,67.4,12,50
1602980030,上富良野旭中富良野線,ベベルイ中富良野停車場線,ベベルイ中富良野停車場線,1461,0,0.6,空知郡上富良野町東8線,856,空知郡上富良野町東8線,817,1673,1.19,0.24,61,63.5,12,50
1602980040,上富良野旭中富良野線,ベベルイ中富良野停車場線,中富良野町・富良野市境,1461,0,2,空知郡上富良野町東8線,856,空知郡上富良野町東8線,817,1673,1.19,0.24,63.2,65.7,12,50
1602980050,上富良野旭中富良野線,中富良野町・富良野市境,東山富良野停車場線,1229,0,3.5,空知郡上富良野町東8線,856,空知郡上富良野町東8線,817,1673,1.19,0.24,60.7,61.4,12,60
1602980080,上富良野旭中富良野線,東山富良野停車場線,麓郷山部停車場線,1229,0,3.3,富良野市字南扇山,677,富良野市字南扇山,669,1346,1.19,0.23,63.6,60.1,7.5,60
1602980090,上富良野旭中富良野線,麓郷山部停車場線,一般国道３８号,1229,0,0.2,,,,,,,,19,15.8,13,40
1602990010,上富良野停車場線,吹上上富良野線,吹上上富良野線,1460,0,0.2,空知郡上富良野町本町1丁目,2132,空知郡上富良野町本町1丁目,2037,4169,1.2,0.54,21.1,19.3,17.5,40
1602990020,上富良野停車場線,吹上上富良野線,上富良野旭中富良野線,1460,0,0.8,空知郡上富良野町本町1丁目,2132,空知郡上富良野町本町1丁目,2037,4169,1.2,0.54,24.3,22.2,17.5,40
1602990030,上富良野停車場線,上富良野旭中富良野線,一般国道２３７号,1460,0,1.1,空知郡上富良野町本町1丁目,2132,空知郡上富良野町本町1丁目,2037,4169,1.2,0.37,27.4,22.7,12.1,40
1603000010,上川停車場線,,中愛別上川線,1457,0,0.4,,823,,861,1684,1.19,0.17,15.7,14.9,19,40
1603000020,上川停車場線,中愛別上川線,一般国道３９号,1457,0,0.7,,823,,861,1684,1.19,0.17,24,21.8,19,40
1603010010,増毛港線,,一般国道２３１号,1481,0,1.1,増毛郡増毛町弁天町1丁目,1052,増毛郡増毛町弁天町1丁目,1140,2192,1.2,0.26,22.5,20.4,16,40
1603020010,雄信内停車場線,,豊富遠別線,1520,0,0.3,,664,,682,1346,1.19,0.18,8.6,8.6,11,60
1603030010,沓形港線,,利尻富士利尻線,1518,0,0.1,,955,,929,1884,1.2,0.24,22,16,12,40
1603040010,紋別港線,中渚滑紋別停車場線,紋別丸瀬布線,1219,0,3.2,,2597,,2694,5291,1.21,0.47,32.2,31.3,18,50
1603040020,紋別港線,紋別丸瀬布線,一般国道２３８号,1219,0,0.2,,2597,,2694,5291,1.21,0.47,20.4,12.6,18,50
1603050010,紋別丸瀬布線,一般国道２３８号,中渚滑紋別停車場線,1219,0,5,紋別市南ヶ丘2丁目,2346,紋別市南ヶ丘2丁目,2143,4489,1.21,0.41,39.9,41.1,13.75,50
1603050020,紋別丸瀬布線,中渚滑紋別停車場線,中渚滑紋別停車場線,1219,0,0.6,紋別市南ヶ丘2丁目,2346,紋別市南ヶ丘2丁目,2143,4489,1.21,0.41,17.6,14.7,13.75,50
1603050030,紋別丸瀬布線,中渚滑紋別停車場線,中渚滑紋別停車場線,1219,0,1.5,紋別市南ヶ丘2丁目,2346,紋別市南ヶ丘2丁目,2143,4489,1.21,0.41,23,19.7,13.75,50
1603050040,紋別丸瀬布線,中渚滑紋別停車場線,紋別港線,1219,0,1.9,紋別市南ヶ丘2丁目,2346,紋別市南ヶ丘2丁目,2143,4489,1.21,0.41,33.5,39,13.75,50
1603050050,紋別丸瀬布線,紋別港線,一般国道２３８号,1219,0,0.4,紋別市南ヶ丘2丁目,2346,紋別市南ヶ丘2丁目,2143,4489,1.21,0.41,27.8,25,13.75,50
1603050060,紋別丸瀬布線,一般国道２３８号,小向元紋別線,1219,0,0.6,,1647,,1579,3226,1.2,0.47,29.1,29,13,60
1603050070,紋別丸瀬布線,小向元紋別線,上藻別上渚滑停車場線,1219,0,11.7,,1647,,1579,3226,1.2,0.47,49.1,52,13,60
1603050080,紋別丸瀬布線,上藻別上渚滑停車場線,遠軽雄武線,1219,0,14,,198,,170,368,1.15,0.06,64,68.3,7.5,60
1603050100,紋別丸瀬布線,遠軽雄武線,紋別市・遠軽町境,1219,0,7.5,遠軽町丸瀬布金山,178,遠軽町丸瀬布金山,176,354,1.15,0.07,54.1,55,10,60
1603050110,紋別丸瀬布線,紋別市・遠軽町境,一般国道３３３号,1555,0,4.9,遠軽町丸瀬布金山,178,遠軽町丸瀬布金山,176,354,1.15,0.07,54.1,55,9.5,60
1603060010,丸瀬布上渚滑線,一般国道３３３号,,1555,0,14.8,遠軽町丸瀬布上丸,47,遠軽町丸瀬布上丸,44,91,1.12,0.02,68.1,64.8,7.8,60
1603060030,丸瀬布上渚滑線,,,1219,0,4.9,,,,,,,,,,4,60
1603060050,丸瀬布上渚滑線,,遠軽雄武線,1219,0,11.3,,32,,29,61,1.1,0.01,59.6,59.6,7.6,60
1603060070,丸瀬布上渚滑線,遠軽雄武線,上渚滑原野上渚滑線,1219,0,9.2,,119,,111,230,1.18,0.08,40.6,38.5,7.8,60
1603060080,丸瀬布上渚滑線,上渚滑原野上渚滑線,一般国道２７３号,1219,0,3.1,,119,,111,230,1.18,0.08,52.1,60,7.8,60
1603070010,留辺蕊停車場線,,一般国道３９号,1208,0,2.1,,771,,687,1458,1.19,0.2,26.5,26.3,18,40
1603080010,日吉端野線,北見常呂線,仁倉端野線,1208,0,3.3,,684,,714,1398,1.19,0.25,60.5,66,9,60
1603080020,日吉端野線,仁倉端野線,一般国道３９号,1208,0,7.5,,684,,714,1398,1.19,0.25,56.5,52.2,9,60
1603090010,美幌停車場線,,一般国道３９号,1543,0,0.3,,3164,,3329,6493,1.21,0.7,12.9,11.6,22,40
1603100010,花咲港線,,一般国道４４号,1223,0,5.3,,4278,,4390,8668,1.21,0.77,34.1,33.6,15.5,40
1603110010,中西別計根別線,一般国道２４３号,一般国道２７２号,1691,0,10.5,野付郡別海町中西別,409,野付郡別海町中西別,391,800,1.17,0.15,61.7,62.7,9.5,60
1603110020,中西別計根別線,一般国道２７２号,大成西春別線,1691,0,6.1,,195,,194,389,1.15,0.06,61.9,56.1,8.2,60
1603110030,中西別計根別線,大成西春別線,別海町・中標津町境,1691,0,1.2,,195,,194,389,1.15,0.06,53.9,63.2,8.2,60
1603110040,中西別計根別線,別海町・中標津町境,中標津標茶線,1692,0,2,,195,,194,389,1.15,0.06,57.7,51.9,8.5,60
1603120010,根室停車場線,,一般国道４４号,1223,0,0.1,,1049,,1079,2128,1.2,0.08,15.6,6.6,36,40
1603130010,根室港線,根室半島線,一般国道４４号,1223,0,0.8,,5432,,5239,10671,1.22,0.4,16.3,12.9,25,50
1603140010,白糠停車場線,,一般国道３８号,1668,0,0.1,,524,,570,1094,1.18,0.14,10.3,5.7,20,40
1603150010,十勝港線,,一般国道３３６号,1642,0,0.4,,1125,,1017,2142,1.2,0.32,29.6,11.6,9.7,30
1603160010,上士幌音更線,一般国道２７３号,一般国道２４１号,1633,0,0.6,河東郡上士幌町上士幌東4線,486,河東郡上士幌町上士幌東4線,446,932,1.17,0.13,33.7,40.7,12.2,40
1603160020,上士幌音更線,一般国道２４１号,居辺本別線,1633,0,1.6,,641,,611,1252,1.19,0.21,59.4,56.9,8.5,60
1603160030,上士幌音更線,居辺本別線,上士幌町・士幌町境,1633,0,2.8,,641,,611,1252,1.19,0.2,63.7,67.4,8.5,60
1603160040,上士幌音更線,上士幌町・士幌町境,本別士幌線,1632,0,5,,641,,611,1252,1.19,0.2,62.9,57.7,10.25,60
1603160060,上士幌音更線,本別士幌線,士幌町・音更町境,1632,0,5.1,,641,,611,1252,1.19,0.19,60.4,64.8,13,60
1603160070,上士幌音更線,士幌町・音更町境,音更池田線,1631,0,8.5,,641,,611,1252,1.19,0.2,67.6,65.7,8,60
1603160090,上士幌音更線,音更池田線,帯広浦幌線,1631,0,9.6,河東郡音更町下士幌北6線,393,河東郡音更町下士幌北6線,368,761,1.15,0.14,64.7,66.6,8.5,50
1603170010,中美生芽室線,清水大樹線,豊頃糠内芽室線,1637,0,5.8,,945,,1031,1976,1.2,0.29,47.4,47.5,13.3,60
1603180010,湧洞豊頃停車場線,一般国道３３６号,尾田豊頃停車場線,1645,0,16.3,,138,,156,294,1.17,0.06,58,68.1,13,60
1603180030,湧洞豊頃停車場線,尾田豊頃停車場線,豊頃糠内芽室線,1645,0,8.2,,39,,63,102,1.12,0.02,66.7,70.8,7.6,60
1603190010,生花大樹線,一般国道３３６号,大樹町・幕別町境,1641,0,8.7,,88,,111,199,1.18,0.03,65,60.9,8.2,60
1603190020,生花大樹線,大樹町・幕別町境,美成忠類停車場線,1643,0,8.7,,88,,111,199,1.18,0.03,50.3,35.4,7.5,60
1603190030,生花大樹線,美成忠類停車場線,一般国道２３６号,1643,0,1.1,,88,,111,199,1.18,0.03,35.3,33.5,7.5,60
1603200010,旅来豊頃停車場線,大津旅来線,尾田豊頃停車場線,1645,0,11,,969,,605,1574,1.19,0.32,59.7,66.4,10.5,60
1603200030,旅来豊頃停車場線,尾田豊頃停車場線,一般国道３８号,1645,0,2.2,中川郡豊頃町中央若葉町,1023,中川郡豊頃町中央若葉町,1036,2059,1.2,0.24,39.7,34,15.5,50
1603210010,中札内停車場線,,一般国道２３６号,1638,0,0.2,,361,,350,711,1.16,0.11,20,18,21.8,40
1603220010,砂川停車場線,,一般国道１２号,1226,0,0.1,,1967,,1832,3799,1.2,0.45,18.4,10.8,16,40
1603230010,江部乙停車場線,,一般国道１２号,1225,0,0.4,,743,,841,1584,1.19,0.19,10,8.6,10.6,40
1603240010,石狩沼田停車場線,達布石狩沼田停車場線,一般国道２７５号,1438,0,0.3,,1089,,1018,2107,1.2,0.3,17,15.3,19,40
1603250010,厚別停車場線,一般国道１２号,,1108,0,1,,3435,,3146,6581,1.21,0.62,16.5,23.1,15,40
1603260010,桑園停車場線,,宮の沢北１条線,1101,0,1.2,札幌市中央区北5条西14丁目,4427,札幌市中央区北5条西14丁目,4953,9380,1.21,0.47,14.5,13.9,20,40
1603270010,弁景幌別線,洞爺湖登別線,,1575,0,1.2,,421,,407,828,1.17,1.3,,,5,30
1603270030,弁慶幌別線,,,1575,0,2.7,,,,,,,,,,2.5,30
1603270050,弁景幌別線,,上登別室蘭線,1230,0,10,,433,,415,848,1.17,0.17,31.1,29.3,7.6,60
1603270060,弁景幌別線,上登別室蘭線,幌別停車場線,1230,0,0.6,,1453,,1422,2875,1.2,0.48,19.3,18.4,15,40
1603270070,弁景幌別線,幌別停車場線,幌別停車場線,1230,0,0.8,,1453,,1422,2875,1.2,0.48,17.4,16.4,15,40
1603270080,弁景幌別線,幌別停車場線,一般国道３６号,1230,0,1.5,,1453,,1422,2875,1.2,0.48,29.6,26.3,15,40
1603280010,風連停車場線,,一般国道４０号,1221,0,0.1,,853,,843,1696,1.19,0.2,8.8,7.4,18.18,40
1603290010,新旭川停車場線,,一般国道４０号,1204,0,2,旭川市花咲町1丁目,10747,旭川市花咲町1丁目,10157,20904,1.23,0.92,22.8,20,27,40
1603300010,下川停車場線,,ペンケ下川停車場線,1468,0,0.1,,708,,643,1351,1.19,0.22,32.5,9.3,17.5,60
1603300020,下川停車場線,ペンケ下川停車場線,一般国道２３９号,1468,0,0.1,,708,,643,1351,1.19,0.22,23.5,13.3,17.5,60
1603310010,永山停車場線,,一般国道３９号,1204,0,0.2,,1360,,1171,2531,1.2,0.26,17,13.4,21,40
1603320010,当麻停車場線,,当麻比布線,1454,0,0.4,,1485,,1474,2959,1.2,0.41,23.2,12.7,15,40
1603330010,遠軽停車場線,,一般国道２４２号,1555,0,0.1,遠軽町岩見通南1丁目,759,遠軽町岩見通南1丁目,1475,2234,1.2,0.29,8.2,7.3,18,40
1603340010,中藻興部興部線,遠軽雄武線,西興部村・興部町境,1562,0,9.1,,91,,86,177,1.19,0.05,62.5,57.3,7.5,60
1603340020,中藻興部興部線,西興部村・興部町境,紋別興部線,1561,0,8,,91,,86,177,1.19,0.06,63,59.3,7.5,60
1603340030,中藻興部興部線,紋別興部線,一般国道２３８号,1561,0,6.2,,127,,147,274,1.16,0.05,64.9,62.6,7.5,60
1603350010,訓子府停車場線,,北見置戸線,1549,0,0.1,,2781,,2792,5573,1.21,0.56,16.5,10.6,19,40
1603360010,上社名淵上湧別線,遠軽雄武線,遠軽町・湧別町境,1555,0,3.6,,89,,97,186,1.19,0.04,49.9,57.3,9.3,60
1603360020,上社名淵上湧別線,遠軽町・湧別町境,一般国道２４２号,1559,0,15.1,,191,,180,371,1.15,0.06,44.8,51.5,8,60
1603370220,上士幌士幌音更線,一般国道２４１号,,1633,0,0.2,,,,,,,,17.4,17.4,14.5,40
1603370160,上士幌士幌音更線,,,1633,0,0.2,河東郡上士幌町東3線,836,河東郡上士幌町東3線,695,1531,1.16,0.16,37.2,37.6,11.5,40
1603370180,上士幌士幌音更線,,上士幌停車場線,1633,0,0.1,河東郡上士幌町東3線,836,河東郡上士幌町東3線,695,1531,1.16,0.2,26.6,21.2,11.5,40
1604180010,上士幌士幌音更線,上士幌停車場線,上士幌停車場線,1633,0,0.5,河東郡上士幌町東3線,836,河東郡上士幌町東3線,695,1531,1.16,0.17,20.9,22.9,18,40
1603370200,上士幌士幌音更線,上士幌停車場線,上音更上士幌線,1633,0,0.1,河東郡上士幌町東3線,836,河東郡上士幌町東3線,695,1531,1.16,0.16,6.6,15.6,11.5,40
1608060015,上士幌士幌音更線,上音更上士幌線,上音更上士幌線,1633,0,0.9,,134,,133,267,1.16,0.08,22.5,25.8,10,40
1603370030,上士幌士幌音更線,上音更上士幌線,上士幌町・士幌町境,1633,0,7.2,,770,,708,1478,1.19,0.16,61.9,58.3,13,60
1603370040,上士幌士幌音更線,上士幌町・士幌町境,士幌然別湖線,1632,0,6.1,,770,,708,1478,1.19,0.16,68.4,61.6,13,60
1603370050,上士幌士幌音更線,士幌然別湖線,一般国道２７４号,1632,0,2.2,,770,,708,1478,1.19,0.16,57.5,59.7,13,60
1603370070,上士幌士幌音更線,一般国道２７４号,士幌町・音更町境,1632,0,1.1,,790,,944,1734,1.19,0.3,51.7,55.7,8.5,60
1603370080,上士幌士幌音更線,士幌町・音更町境,笹川士幌線,1631,0,2.8,,790,,944,1734,1.19,0.3,67.4,66.2,8.5,60
1603370090,上士幌士幌音更線,笹川士幌線,笹川士幌線,1631,0,0.9,,790,,944,1734,1.19,0.3,61,62.7,8.5,60
1603370100,上士幌士幌音更線,笹川士幌線,音更新得線,1631,0,8.8,河東郡音更町駒場北町,6423,河東郡音更町駒場北町,5511,11934,1.2,1.7,45.3,58.7,9.75,60
1603370115,上士幌士幌音更線,音更新得線,上士幌士幌音更線,1631,0,4.8,河東郡音更町鈴蘭,1219,河東郡音更町鈴蘭,1620,2839,1.2,0.31,45.3,41.8,15,50
1603370120,上士幌士幌音更線,上士幌士幌音更線,帯広新得線,1631,0,1.5,河東郡音更町鈴蘭,1219,河東郡音更町鈴蘭,1620,2839,1.2,0.31,47.5,37.5,15,50
1603370140,上士幌士幌音更線,帯広新得線,一般国道２４１号,1631,0,1.6,河東郡音更町南鈴蘭,3909,河東郡音更町南鈴蘭,3268,7177,1.21,0.69,38.4,30.1,22,50
1603370210,上士幌士幌音更線,一般国道２４１号,上士幌士幌音更線,1631,0,1.5,河東郡音更町鈴蘭鈴蘭川橋,2881,河東郡音更町鈴蘭鈴蘭川橋,2929,5810,1.2,0.72,41.8,49.2,13.5,50
1603380010,大沼公園線,大沼公園鹿部線,七飯町・森町境,1337,0,1.3,,335,,400,735,1.17,0.1,41.5,47.4,10.5,40
1603380020,大沼公園線,七飯町・森町境,大沼公園鹿部線,1345,0,0.7,,335,,400,735,1.17,0.1,43.5,43.8,10.5,40
1603380030,大沼公園線,大沼公園鹿部線,森町・七飯町境,1345,0,2.1,,335,,400,735,1.17,0.1,41.9,48,10.5,40
1603380040,大沼公園線,森町・七飯町境,七飯町・森町境,1337,0,0.4,,335,,400,735,1.17,0.1,41.9,48,10.5,40
1603380050,大沼公園線,七飯町・森町境,森町・七飯町境,1345,0,0.1,,335,,400,735,1.17,0.1,41.9,48,10.5,40
1603380060,大沼公園線,森町・七飯町境,大沼公園鹿部線,1337,0,7.6,亀田郡七飯町字上軍川,342,亀田郡七飯町字上軍川,366,708,1.16,0.09,41.9,48,10,40
1603380080,大沼公園線,大沼公園鹿部線,一般国道５号,1337,0,2.6,,3957,,3731,7688,1.21,0.56,43.1,39.2,8.5,50
1603390010,高根平岸停車場線,,一般国道３８号,1216,0,4.2,芦別市高根町１号橋・２号橋・３号橋,89,芦別市高根町１号橋・２号橋・３号橋,108,197,1.16,0.05,47.9,46.2,7,60
1603390030,高根平岸停車場線,一般国道３８号,,1218,0,0,芦別市高根町１号橋・２号橋・３号橋,89,芦別市高根町１号橋・２号橋・３号橋,108,197,1.16,0.04,15.9,19.1,16,60
1603400010,栗丘幌向停車場線,一般国道２３４号,栗沢南幌線,1210,0,3.6,,949,,931,1880,1.2,0.27,50.3,55.8,10.25,60
1603400020,栗丘幌向停車場線,栗沢南幌線,一般国道１２号,1210,0,7.2,,949,,931,1880,1.2,0.27,49.6,47.6,10.25,60
1603410010,真駒内御料札幌線,一般国道４５３号,札幌市南区・札幌市清田区境,1106,0,5.8,札幌市清田区有明187,2141,札幌市清田区有明187,1987,4128,1.21,0.34,50.2,52.9,13,40
1603410020,真駒内御料札幌線,札幌市南区・札幌市清田区境,羊ヶ丘線,1110,0,10.9,札幌市清田区有明187,2141,札幌市清田区有明187,1987,4128,1.21,0.5,47,46,13.5,60
1603410030,真駒内御料札幌線,羊ヶ丘線,一般国道３６号,1110,0,1,札幌市清田区真栄3条2丁目,7731,札幌市清田区真栄3条2丁目,8358,16089,1.22,1.61,24.1,25.2,13.5,60
1603410040,真駒内御料札幌線,一般国道３６号,札幌市清田区・札幌市厚別区境,1110,0,2.3,札幌市清田区清田1条3丁目,8724,札幌市清田区清田1条3丁目,8599,17323,1.24,1.77,21.7,24,13.5,60
1603410045,真駒内御料札幌線,札幌市清田区・札幌市厚別区境,札幌東部新道２号線,1108,0,0.5,札幌市清田区清田1条3丁目,8724,札幌市清田区清田1条3丁目,8599,17323,1.24,0.66,16.4,25.3,25.5,50
1603410050,真駒内御料札幌線,札幌東部新道２号線,一般国道２７４号,1108,0,0.1,札幌市清田区清田1条3丁目,8724,札幌市清田区清田1条3丁目,8599,17323,1.24,0.66,35.3,25.5,25.5,50
1603420010,茅沼鉱山泊線,,一般国道２２９号,1403,0,5.1,古宇郡泊村大字茅沼村,74,古宇郡泊村大字茅沼村,72,146,1.1,0.13,33.6,32.8,5.5,60
1603430010,蘭越ニセコ倶知安線,北尻別蘭越停車場線,,1394,0,3.6,,71,,69,140,1.12,0.02,21.5,24.1,7.6,60
1603430030,蘭越ニセコ倶知安線,,昆布停車場ニセコ線,1394,0,1.5,,28,,37,65,1.1,0.01,19.2,21.2,7,60
1603430050,蘭越ニセコ倶知安線,昆布停車場ニセコ線,蘭越町・ニセコ町境,1394,0,2.1,,28,,37,65,1.1,0.01,59.2,61.2,7.8,60
1603430060,蘭越ニセコ倶知安線,蘭越町・ニセコ町境,岩内洞爺線,1395,0,3.9,,28,,37,65,1.1,0.01,58.1,53.8,9.5,60
1603430080,蘭越ニセコ倶知安線,岩内洞爺線,ニセコ町・倶知安町境,1395,0,2.7,,2021,,2137,4158,1.21,0.44,48.6,54.2,7.8,50
1603430090,蘭越ニセコ倶知安線,ニセコ町・倶知安町境,ニセコ高原比羅夫線,1400,0,4.2,,2021,,2137,4158,1.21,0.44,53.9,54,7.8,50
1603430100,蘭越ニセコ倶知安線,ニセコ高原比羅夫線,ニセコ高原比羅夫線,1400,0,1.9,,2021,,2137,4158,1.21,0.44,37.1,37.3,7.8,50
1603430110,蘭越ニセコ倶知安線,ニセコ高原比羅夫線,一般国道５号,1400,0,4.3,,2021,,2137,4158,1.21,0.44,45.7,34.2,7.8,50
1603440010,白井川豊浦線,一般国道５号,,1393,0,13.2,,136,,153,289,1.16,0.04,48.9,48.1,7.6,60
1603440030,白井川豊浦線,,,1393,0,1.1,,,,,,,,20.7,22.3,4,60
1603440050,白井川豊浦線,,一般国道３７号,1571,0,1.3,,225,,176,401,1.15,0.06,32.4,46,9.45,60
1603450010,矢淵東瀬棚停車場線,,一般国道２２９号,1371,0,13.6,,1073,,1146,2219,1.2,0.26,52.6,52.6,7.5,60
1603450030,矢淵東瀬棚停車場線,一般国道２２９号,,1371,0,0.1,,1073,,1146,2219,1.2,0.32,4.8,6.4,17.2,40
1603470005,赤川函館線,,一般国道２７８号（函館新外環状道路）,1202,0,4.4,函館市美原2丁目,9069,函館市美原2丁目,10096,19165,1.23,0.56,25.7,24.8,25,50
1603470010,赤川函館線,一般国道２７８号（函館新外環状道路）,函館上磯線,1202,0,2.1,函館市美原2丁目,9069,函館市美原2丁目,10096,19165,1.23,0.56,20.2,28.6,25,50
1603470020,赤川函館線,函館上磯線,一般国道５号,1202,0,2.9,函館市富岡町2丁目,10479,函館市富岡町2丁目,11515,21994,1.19,0.83,25.7,24.8,25,50
1603470030,赤川函館線,一般国道５号,一般国道２２７号,1202,0,0.9,函館市港町1丁目,10363,函館市港町1丁目,5690,16053,1.24,1.01,23,15.6,20,50
1603480010,野深荻伏停車場線,,高見西舎線,1607,0,2.1,,438,,470,908,1.17,0.16,32.3,32.3,9.95,60
1603480020,野深荻伏停車場線,高見西舎線,静内浦河線,1607,0,8.8,,438,,470,908,1.17,0.16,52.9,41.4,9.95,60
1603480030,野深荻伏停車場線,静内浦河線,静内浦河線,1607,0,3.5,,646,,650,1296,1.19,0.21,55.2,56.4,7.8,60
1603480040,野深荻伏停車場線,静内浦河線,荻伏停車場線,1607,0,1.3,,646,,650,1296,1.19,0.21,36.1,43.3,7.8,60
1603480050,野深荻伏停車場線,荻伏停車場線,,1607,0,0.1,,646,,650,1296,1.19,0.21,11.1,6.7,7.8,60
1603500010,倶多楽湖公園線,洞爺湖登別線,登別市・白老町境,1230,0,6.9,登別市登別温泉町メタルロード橋（仮称）,1876,登別市登別温泉町メタルロード橋（仮称）,1988,3864,1.21,0.49,25.9,26.3,8,30
1603500020,倶多楽湖公園線,登別市・白老町境,白老町・登別市境,1578,0,6.9,,202,,225,427,1.15,0.52,27.4,29.3,6,40
1603500030,倶多楽湖公園線,白老町・登別市境,洞爺湖登別線,1230,0,1.5,,202,,225,427,1.15,0.07,39.3,34.2,7.6,50
1603510010,正和門別停車場線,平取門別線,新冠平取線,1601,0,6.6,,334,,391,725,1.16,0.09,61.7,21,7.8,60
1603510015,正和門別停車場線,新冠平取線,一般国道２３５号（日高自動車道）,1601,0,7.4,,334,,391,725,1.16,0.1,61,62.7,7.8,60
1603510020,正和門別停車場線,一般国道２３５号（日高自動車道）,一般国道２３５号,1601,0,1.7,,334,,391,725,1.16,0.1,36.8,46,7.8,60
1603510030,正和門別停車場線,一般国道２３５号,,1601,0,0.6,,334,,391,725,1.16,0.1,18.2,14.8,7.8,60
1603530010,美沢上富良野線,十勝岳温泉美瑛線,美瑛町・上富良野町境,1459,0,1.6,,522,,673,1195,1.19,0.18,51.3,38.8,9.1,60
1603530020,美沢上富良野線,美瑛町・上富良野町境,吹上上富良野線,1460,0,12.8,,522,,673,1195,1.19,0.18,61.9,48.6,9.5,60
1603540010,ペンケ下川停車場線,,下川愛別線,1468,0,10.7,,195,,196,391,1.15,0.06,33.9,33.9,6.5,60
1603540030,ペンケ下川停車場線,下川愛別線,下川停車場線,1468,0,0.6,,195,,196,391,1.15,0.06,19,17.2,14.5,30
1603560010,築別炭鉱築別停車場線,上遠別霧立線,築別天塩有明停車場線,1484,0,0.9,,41,,40,81,1.21,0.01,12.8,17.5,7.5,60
1603560020,築別炭鉱築別停車場線,築別天塩有明停車場線,上遠別霧立線,1484,0,4.6,,41,,40,81,1.21,0.01,45.3,39.3,7.5,60
1603560030,築別炭鉱築別停車場線,上遠別霧立線,,1484,0,10.8,,118,,95,213,1.17,0.04,56.3,50.8,9.95,60
1603610010,尺別尺別停車場線,,一般国道３８号,1206,0,10.3,,107,,123,230,1.18,0.03,51.8,51.8,8,60
1603610020,尺別尺別停車場線,一般国道３８号,,1206,0,0.9,,107,,123,230,1.18,0.03,7.9,7.9,8,60
1603620010,西春別春別停車場線,一般国道２４３号,一般国道２７２号,1691,0,6.7,,452,,402,854,1.17,0.15,55.7,51.5,7.5,60
1603620030,西春別春別停車場線,一般国道２７２号,上春別別海線,1691,0,3.4,,113,,117,230,1.18,0.04,64.2,61.7,7.8,60
1603620040,西春別春別停車場線,上春別別海線,根室中標津線,1691,0,8.9,,113,,117,230,1.18,0.04,72.1,67.2,7.8,60
1603620060,西春別春別停車場線,根室中標津線,尾岱沼港春別停車場線,1691,0,0.3,,113,,117,230,1.18,0.05,23.8,36.1,11,40
1603620070,西春別春別停車場線,尾岱沼港春別停車場線,,1691,0,0.1,,113,,117,230,1.18,0.05,22.6,33,11,40
1603630010,尾岱沼港春別停車場線,,一般国道２４４号,1691,0,1,野付郡別海町尾岱沼,377,野付郡別海町尾岱沼,412,789,1.17,0.09,24.2,24.2,7.5,60
1603630020,尾岱沼港春別停車場線,一般国道２４４号,西春別春別停車場線,1691,0,16.6,野付郡別海町尾岱沼,377,野付郡別海町尾岱沼,412,789,1.17,0.09,58.4,52.7,7.5,60
1603640010,本別海別海停車場線,一般国道２４４号,一般国道２４３号,1691,0,14.5,野付郡別海町別海旭町,1540,野付郡別海町別海旭町,1690,3230,1.2,0.41,50.5,50.5,8.2,60
1603640030,本別海別海停車場線,一般国道２４３号,,1691,0,0.1,野付郡別海町別海旭町,1540,野付郡別海町別海旭町,1690,3230,1.2,0.42,3.7,4.6,14.5,40
1603650010,上芦別停車場線,上芦別停車場野花南湖線,一般国道３８号,1216,0,0.8,,743,,841,1584,1.19,0.21,43.7,35,18,40
1603660010,石狩当別停車場線,,岩見沢石狩線,1303,0,0.2,,1302,,1274,2576,1.2,0.24,15.8,18.5,25,30
1603680010,白石停車場線,,一般国道１２号,1104,0,0.7,,3435,,3146,6581,1.21,0.77,13.5,10.6,11,30
1603690010,島松停車場線,,島松千歳線,1231,0,0.7,恵庭市島松東町,1916,恵庭市島松東町,2105,4021,1.21,0.48,20.2,23,15,40
1603690020,島松停車場線,島松千歳線,江別恵庭線,1231,0,0.4,恵庭市島松東町,1916,恵庭市島松東町,2105,4021,1.21,0.48,12.3,12.3,15,40
1603700010,野幌停車場線,,一般国道１２号,1217,0,0.3,江別市野幌町57番地16,2489,江別市野幌町57番地16,2789,5278,1.21,0.46,18.2,14.6,15.25,40
1603710010,北広島停車場線,,江別恵庭線,1234,0,0.2,,2901,,2166,5067,1.21,0.75,9.5,7.1,17,40
1603720010,秩父別停車場線,,一般国道２３３号,1434,0,1,,1089,,1018,2107,1.2,0.27,12.7,18,14.6,40
1603730010,幌加内停車場線,,一般国道２７５号,1472,0,0.2,,169,,148,317,1.16,0.06,28.8,21.1,14.5,50
1603740010,栗沢停車場線,,栗沢南幌線,1210,0,0.1,,1513,,1264,2777,1.2,0.28,7.9,8.4,20,40
1603760010,石狩月形停車場線,,一般国道２７５号,1430,0,0.6,,2573,,2228,4801,1.21,0.62,11.6,13.8,18,40
1603780010,余市港線,,豊丘余市停車場線,1408,0,1.3,,1453,,1535,2988,1.2,0.27,30.6,16.5,16,40
1603800010,松前停車場線,,松前港線,1331,0,0.2,,43,,39,82,1.21,0.02,32.5,23.8,6.75,30
1603800020,松前停車場線,松前港線,一般国道２２８号,1331,0,0.1,,43,,39,82,1.21,0.02,15.7,11.5,6.75,30
1603830010,木古内停車場線,,中野木古内停車場線,1334,0,0.1,上磯郡木古内町本町,1098,上磯郡木古内町本町,1111,2209,1.2,0.2,24.5,19.8,12.25,50
1603830020,木古内停車場線,中野木古内停車場線,江差木古内線,1334,0,0.1,上磯郡木古内町本町,1098,上磯郡木古内町本町,1111,2209,1.2,0.2,9.8,12.2,12.25,50
1603830040,木古内停車場線,江差木古内線,一般国道２２８号,1334,0,1.2,,43,,39,82,1.21,0.01,32.5,20.4,12.25,50
1603840010,荻伏停車場線,野深荻伏停車場線,一般国道２３５号,1607,0,1.3,浦河町荻伏,1059,浦河町荻伏,1023,2082,1.2,0.24,26,28,15,40
1603850010,長和停車場線,,一般国道３７号,1233,0,0.3,,3690,,4139,7829,1.21,0.8,7.2,6.6,15,60
1603860010,有珠停車場線,,一般国道３７号,1233,0,0.1,,3690,,4139,7829,1.21,0.83,8.4,7.9,12.5,40
1603870010,幌別停車場線,,弁景幌別線,1230,0,0.2,,3230,,3626,6856,1.21,0.73,15.8,15.8,20,40
1603870030,幌別停車場線,弁景幌別線,一般国道３６号,1230,0,1,,3230,,3626,6856,1.21,0.68,35.4,39.3,20,50
1603880010,白老停車場線,,一般国道３６号,1578,0,0.6,,3230,,3626,6856,1.21,0.47,16.5,18.5,20,40
1603890010,様似港線,,一般国道３３６号,1608,0,0.3,,391,,424,815,1.17,0.11,9.5,7.6,8,40
1603900010,比布停車場線,,一般国道４０号,1455,0,1.2,,1485,,1474,2959,1.2,0.33,16.9,11.1,9.5,40
1603910010,音威子府停車場線,枝幸音威子府線,一般国道４０号,1470,0,0.1,,610,,601,1211,1.19,0.15,5.2,10.3,14,60
1603930010,遠別停車場線,,一般国道２３２号,1486,0,0,,451,,424,875,1.17,0.14,18,20.7,22,40
1603950010,問寒別停車場下国府線,,上問寒問寒別停車場線,1520,0,0.1,,439,,551,990,1.18,0.22,3.3,8.7,14.5,40
1603950020,問寒別停車場下国府線,上問寒問寒別停車場線,幌延町・天塩町境,1520,0,1.3,,439,,551,990,1.18,0.22,28.6,30.2,14.5,40
1603950030,問寒別停車場下国府線,幌延町・天塩町境,一般国道４０号,1487,0,2.5,天塩郡天塩町字下コクネップ3328,211,天塩郡天塩町字下コクネップ3328,208,419,1.09,0.09,35.9,38.1,8.5,60
1603970010,豊富停車場線,,一般国道４０号,1516,0,0.3,,705,,659,1364,1.19,0.24,8.7,13.7,21,40
1603980010,北見枝幸停車場線,,ウエンナイ幌内保線,1514,0,0.5,栄町,1275,栄町,1197,2472,1.2,0.33,12.6,17.3,14,40
1603990010,中頓別停車場線,,一般国道２７５号,1513,0,0.3,,371,,352,723,1.16,0.12,22.2,23.1,12.5,40
1604000010,小頓別停車場線,,一般国道２７５号,1513,0,0,,371,,352,723,1.16,0.14,10,4.1,15,40
1604040010,上湧別停車場線,一般国道２４２号,,1559,0,0.1,,219,,207,426,1.15,0.09,19.7,13,10.5,40
1604070010,稚内港線,,抜海港線,1214,0,0.2,,2620,,2124,4744,1.21,0.61,21.2,12,16,40
1604080010,枝幸港線,,ウエンナイ幌内保線,1514,0,0.2,,3027,,2448,5475,1.21,0.53,10.5,15.5,12.5,40
1604090010,常呂港線,土佐東浜線,,1208,0,1.9,,1187,,1189,2376,1.2,0.3,23.6,39.3,9.25,40
1604100010,雄武港線,,一般国道２３８号,1563,0,0.2,,96,,91,187,1.19,0.05,16.1,11.9,15,40
1604130010,浦幌停車場線,,本別浦幌線,1649,0,0.3,,699,,680,1379,1.19,0.22,12.3,23.4,18,40
1604140010,広尾停車場線,,一般国道３３６号,1642,0,0.3,,1125,,1017,2142,1.2,0.34,18.7,10.2,21.82,40
1604150010,音更停車場線,,音更新得線,1631,0,0.1,,1365,,1429,2794,1.2,0.23,17.3,17.3,19.5,60
1604160010,鹿追停車場線,,一般国道２７４号,1634,0,1.1,,1346,,1406,2752,1.2,0.42,19.4,24.1,18,40
1604170010,士幌停車場線,,笹川士幌線,1632,0,0.2,,1584,,1546,3130,1.2,0.33,26.4,23.7,18,40
1604170020,士幌停車場線,笹川士幌線,本別士幌線,1632,0,0.8,,1584,,1546,3130,1.2,0.33,26.4,23.7,18,40
1604180005,上士幌停車場線,,上士幌士幌音更線,1633,0,0.2,,155,,155,310,1.16,0.1,22.2,19.2,18,40
1604180020,上士幌停車場線,上士幌士幌音更線,上音更上士幌線,1633,0,0.2,,155,,155,310,1.16,0.1,11.8,11.5,18,40
1604180030,上士幌停車場線,上音更上士幌線,一般国道２７３号,1633,0,0.1,,155,,155,310,1.16,0.1,18.5,13.7,18,40
1604190010,大正停車場線,,一般国道２３６号,1207,0,0.2,,673,,860,1533,1.19,0.35,28.8,28.8,13.5,60
1604200010,芽室停車場線,,豊頃糠内芽室線,1637,0,0.1,,6231,,6689,12920,1.22,1.43,8,10.2,20,60
1604220010,川湯停車場線,,一般国道３９１号,1665,0,0.2,,615,,525,1140,1.19,0.2,11.1,13.7,18.18,40
1604230010,西春別停車場線,,大成西春別線,1691,0,0.1,,797,,881,1678,1.19,0.27,7,7.9,13.5,40
1604230020,西春別停車場線,大成西春別線,大成西春別線,1691,0,0.2,,797,,881,1678,1.19,0.27,17.2,9.6,13.5,40
1604230030,西春別停車場線,大成西春別線,一般国道２４３号,1691,0,0.2,,797,,881,1678,1.19,0.27,15.6,10.5,13.5,40
1604240010,磯分内停車場線,,一般国道３９１号,1664,0,0.2,,615,,525,1140,1.19,0.21,3.6,11.4,12.5,40
1604250010,厚岸停車場線,,一般国道４４号,1662,0,1.8,,867,,885,1752,1.19,0.26,33.8,38.3,11,40
1604280010,奥美葉牛沼田線,一般国道２３３号,北竜町・沼田町境,1437,0,3.3,,53,,47,100,1.12,0.03,48.3,38.5,11.5,60
1604280020,奥美葉牛沼田線,北竜町・沼田町境,一般国道２７５号,1438,0,3.4,,53,,47,100,1.12,0.03,62.5,37.9,9.5,60
1604290010,多度志停車場線,,旭川多度志線,1228,0,0.7,,1089,,1018,2107,1.2,0.27,24.7,23.3,16,40
1604300010,南幌向停車場線,,一般国道３３７号,1423,0,0.5,,1513,,1264,2777,1.2,0.25,12.3,15.4,20,40
1604310010,丘珠空港線,丘珠空港東線,真駒内篠路線,1103,0,2.2,札幌市東区北41条東1丁目,6296,札幌市東区北41条東1丁目,6441,12737,1.22,0.5,23.6,18.1,20,40
1604310020,丘珠空港線,真駒内篠路線,一般国道２３１号,1103,0,1,札幌市東区北41条東1丁目,6296,札幌市東区北41条東1丁目,6441,12737,1.22,0.72,21.9,16.2,20,40
1604320010,暑寒別雨竜停車場線,,雨竜町・新十津川町境,1436,0,2.8,,356,,390,746,1.17,0.14,37.9,28.9,7.5,60
1604320020,暑寒別雨竜停車場線,雨竜町・新十津川町境,新十津川町・雨竜町境,1432,0,6.8,,356,,390,746,1.17,0.14,28.1,30.6,7.5,60
1604320030,暑寒別雨竜停車場線,新十津川町・雨竜町境,雨竜町・新十津川町境,1436,0,2.4,,356,,390,746,1.17,0.14,45.6,41.6,7.5,60
1604320040,暑寒別雨竜停車場線,雨竜町・新十津川町境,新十津川町・雨竜町境,1432,0,0.6,,356,,390,746,1.17,0.14,49.6,47,7.5,60
1604320050,暑寒別雨竜停車場線,新十津川町・雨竜町境,一般国道２７５号,1436,0,8.4,,356,,390,746,1.17,0.14,44.3,43.3,7.75,60
1604320070,暑寒別雨竜停車場線,一般国道２７５号,,1436,0,0.3,,755,,854,1609,1.19,0.2,22.7,3.9,12.5,60
1604350010,松前港線,,松前停車場線,1331,0,1,松前郡松前町松城,1078,松前郡松前町松城,1099,2177,1.2,0.24,21.2,19.1,6.5,30
1604350020,松前港線,松前停車場線,一般国道２２８号,1331,0,1.4,松前郡松前町松城,1078,松前郡松前町松城,1099,2177,1.2,0.24,16.4,20.4,6.5,30
1604370010,羽幌原野古丹別停車場線,上羽幌羽幌停車場線,羽幌町・苫前町境,1484,0,2.3,苫前郡苫前町古丹別,398,苫前郡苫前町古丹別,364,762,1.15,0.16,45.5,45.3,9,60
1604370020,羽幌原野古丹別停車場線,羽幌町・苫前町境,小川古丹別線,1483,0,6.1,苫前郡苫前町古丹別,398,苫前郡苫前町古丹別,364,762,1.15,0.12,45.5,45.3,11.5,60
1604370030,羽幌原野古丹別停車場線,小川古丹別線,一般国道２３９号,1483,0,0.9,苫前郡苫前町古丹別,398,苫前郡苫前町古丹別,364,762,1.15,0.12,40.9,39.4,11.5,60
1604370040,羽幌原野古丹別停車場線,一般国道２３９号,苫前小平線,1483,0,0.3,苫前郡苫前町古丹別,398,苫前郡苫前町古丹別,364,762,1.15,0.12,19.3,19.3,11.5,60
1604370050,羽幌原野古丹別停車場線,苫前小平線,,1483,0,0.1,苫前郡苫前町古丹別,398,苫前郡苫前町古丹別,364,762,1.15,0.12,7.4,9,11.5,60
1604380010,天塩中川停車場線,,,1471,0,0.1,,823,,749,1572,1.19,0.16,5.4,5.4,18.5,60
1605410035,天塩中川停車場線,,問寒別佐久停車場線,1471,0,1,,175,,379,554,1.15,0.16,31.7,33.6,19.5,60
1604380050,天塩中川停車場線,問寒別佐久停車場線,一般国道４０号,1471,0,0.4,,,,,,,,31.7,33.6,14,60
1604400010,西帯広停車場線,,一般国道３８号,1207,0,0.2,,6192,,5693,11885,1.22,1.33,11.9,11.6,14.5,60
1604410010,札内停車場線,,一般国道３８号,1643,0,0.1,,1125,,1017,2142,1.2,0.37,22.5,22.5,18,40
1604420010,サロマ湖公園線,一般国道２３８号,一般国道２３８号,1208,0,9.9,,556,,531,1087,1.18,0.17,51.8,54.3,10.25,60
1604430010,鬼志別停車場線,猿払鬼志別線,豊富猿払線,1511,0,0.2,,221,,210,431,1.15,0.09,15.8,13.8,16,40
1604440010,稚咲内豊富停車場線,稚内天塩線,兜沼豊徳線,1516,0,3.4,サロベツ,248,サロベツ,290,538,1.15,0.07,51.5,51.7,16.5,60
1604440020,稚咲内豊富停車場線,兜沼豊徳線,一般国道４０号,1516,0,9.9,サロベツ,248,サロベツ,290,538,1.15,0.07,52,51.8,16.5,60
1604450010,紋穂内停車場線,,一般国道４０号,1469,0,1.1,,548,,538,1086,1.18,0.2,42.1,42.1,4.5,60
1604470010,西大里瀬棚停車場線,,一般国道２２９号,1371,0,9.6,,741,,736,1477,1.19,0.25,52.9,52.9,7.6,60
1604470030,西大里瀬棚停車場線,一般国道２２９号,瀬棚港線,1371,0,0.1,,759,,757,1516,1.19,0.27,20.8,18.4,12.5,60
1604480010,千代田初山別停車場線,,一般国道２３２号,1485,0,7.4,,178,,175,353,1.15,0.06,55,55,7.6,60
1604480030,千代田初山別停車場線,一般国道２３２号,,1485,0,0.1,,178,,175,353,1.15,0.08,7.7,9.5,14.6,40
1604490010,別海浜中停車場線,別海厚岸線,,1663,0,0.9,,788,,799,1587,1.19,0.23,27.6,5.7,11.25,40
1604510010,北長沼停車場線,,栗山北広島線,1428,0,0.1,,1218,,1205,2423,1.2,0.27,6.6,4.6,12,40
1604520010,下手稲札幌線,石狩手稲線,札幌北広島環状線,1109,0,2.7,札幌市手稲区新発寒5条1丁目,8801,札幌市手稲区新発寒5条1丁目,8580,17381,1.23,0.69,25.5,26.2,20,50
1604520020,下手稲札幌線,札幌北広島環状線,一般国道５号,1107,0,2.1,札幌市手稲区新発寒5条1丁目,8801,札幌市手稲区新発寒5条1丁目,8580,17381,1.23,1.03,24.1,20.1,20,50
1604520030,下手稲札幌線,一般国道５号,琴似停車場新琴似線,1107,0,1.8,札幌市西区八軒6条西1丁目,9445,札幌市西区八軒6条西1丁目,8830,18275,1.24,1.1,21.4,23.4,20,50
1604520040,下手稲札幌線,琴似停車場新琴似線,札幌環状線,1107,0,0.8,札幌市西区八軒6条西1丁目,9445,札幌市西区八軒6条西1丁目,8830,18275,1.24,0.83,24.5,11.5,20,50
1604520050,下手稲札幌線,札幌環状線,二十四軒１条線,1107,0,0.2,札幌市西区八軒6条西1丁目,9445,札幌市西区八軒6条西1丁目,8830,18275,1.24,0.81,8.8,13.6,20,50
1604520060,下手稲札幌線,二十四軒１条線,競馬場線,1101,0,0.4,札幌市西区八軒6条西1丁目,9445,札幌市西区八軒6条西1丁目,8830,18275,1.24,0.44,14.6,14,27,50
1604520070,下手稲札幌線,競馬場線,札幌市中央区・札幌市北区境,1101,0,1.5,札幌市中央区北2条西10丁目,13987,札幌市中央区北2条西10丁目,13999,27986,1.26,0.94,13,26.6,25,50
1604520080,下手稲札幌線,札幌市中央区・札幌市北区境,札幌市北区・札幌市中央区境,1102,0,0.2,札幌市中央区北2条西10丁目,13987,札幌市中央区北2条西10丁目,13999,27986,1.26,0.92,24.1,18.2,30.06,50
1604520090,下手稲札幌線,札幌市北区・札幌市中央区境,一般国道２３０号,1101,0,0.8,札幌市中央区北2条西10丁目,13987,札幌市中央区北2条西10丁目,13999,27986,1.26,0.99,14.1,11.2,25,50
1604530010,西野白石線,西野真駒内清田線,札幌市西区・札幌市中央区境,1107,0,1.9,札幌市中央区宮の森2条6丁目,5552,札幌市中央区宮の森2条6丁目,5420,10972,1.23,0.55,26.3,27.2,20,50
1604530020,西野白石線,札幌市西区・札幌市中央区境,札幌環状線,1101,0,0.2,札幌市中央区宮の森2条6丁目,5552,札幌市中央区宮の森2条6丁目,5420,10972,1.23,0.6,23.9,23.3,20,40
1604530030,西野白石線,札幌環状線,西２８丁目線,1101,0,1,札幌市中央区宮の森2条6丁目,5552,札幌市中央区宮の森2条6丁目,5420,10972,1.23,0.6,17,19.5,20,40
1604530040,西野白石線,西２８丁目線,宮の沢北１条線,1101,0,0.4,札幌市中央区北1条西25丁目,4265,札幌市中央区北1条西25丁目,5298,9563,1.22,0.51,20.7,14.7,20,40
1604530060,西野白石線,宮の沢北１条線,南１９条宮の沢線,1101,0,1.3,札幌市中央区北1条西25丁目,4265,札幌市中央区北1条西25丁目,5298,9563,1.22,0.53,19,18.2,20,40
1604530080,西野白石線,札幌環状線,一般国道２３０号,1101,0,1,札幌市中央区南22条西14丁目,2956,札幌市中央区南22条西14丁目,3135,6091,1.22,0.47,13.8,14.9,20,40
1604530090,西野白石線,一般国道２３０号,真駒内篠路線,1101,0,0.8,札幌市中央区南22条西14丁目,2956,札幌市中央区南22条西14丁目,3135,6091,1.22,0.47,11.9,13.3,20,40
1604530100,西野白石線,真駒内篠路線,真駒内篠路線,1105,0,0.2,札幌市豊平区平岸2条13丁目,7700,札幌市豊平区平岸2条13丁目,7962,15662,1.23,0.7,18.9,16.8,20,40
1604530110,西野白石線,真駒内篠路線,一般国道４５３号,1105,0,1,札幌市豊平区平岸2条13丁目,7700,札幌市豊平区平岸2条13丁目,7962,15662,1.23,0.7,24.5,16.9,20,40
1604530120,西野白石線,一般国道４５３号,羊ヶ丘線,1105,0,1.1,札幌市豊平区平岸2条13丁目,8488,札幌市豊平区平岸2条13丁目,9774,18262,1.24,0.73,13.2,13.6,20,40
1604530130,西野白石線,羊ヶ丘線,一般国道３６号,1105,0,1.5,札幌市豊平区平岸7条13丁目,12202,札幌市豊平区平岸7条13丁目,5398,17600,1.23,1.29,24.4,20.5,20,40
1604530140,西野白石線,一般国道３６号,札幌市豊平区・札幌市白石区境,1105,0,1.7,札幌市豊平区月寒東1条10丁目,7906,札幌市豊平区月寒東1条10丁目,6349,14255,1.23,0.67,16.8,23.2,20,40
1604530150,西野白石線,札幌市豊平区・札幌市白石区境,札幌夕張線,1104,0,0.6,札幌市豊平区月寒東1条10丁目,7906,札幌市豊平区月寒東1条10丁目,6349,14255,1.23,0.84,19.9,14.7,20,40
1604530160,西野白石線,札幌夕張線,一般国道１２号,1104,0,0.5,札幌市豊平区月寒東1条10丁目,7906,札幌市豊平区月寒東1条10丁目,6349,14255,1.23,0.84,15.7,16.4,20,40
1604540010,小樽海岸公園線,,小樽港稲穂線,1203,0,5,,1013,,1037,2050,1.2,0.25,28.3,28.2,16,40
1604540020,小樽海岸公園線,小樽港稲穂線,小樽港線,1203,0,0.5,,9693,,9469,19162,1.24,0.55,21.9,30.6,35,50
1604550010,仁木停車場線,,一般国道５号,1407,0,0.4,,890,,724,1614,1.19,0.26,17.5,21.9,12.5,60
1604570010,函館漁港線,,一般国道２７９号,1202,0,1.6,,1068,,1082,2150,1.2,0.27,23.2,23.8,18,40
1604590010,瀬棚港線,,西大里瀬棚停車場線,1371,0,1,,945,,925,1870,1.2,0.2,19.9,19.9,8.25,60
1604600010,乙部厚沢部線,一般国道２２９号,乙部町・江差町境,1364,0,6.1,,489,,502,991,1.18,0.13,51.7,53.7,10.25,60
1604600020,乙部厚沢部線,乙部町・江差町境,小黒部鰔川線,1361,0,6.5,,489,,502,991,1.18,0.12,57.6,55.6,9.25,60
1604600030,乙部厚沢部線,小黒部鰔川線,江差町・厚沢部町境,1361,0,1.9,檜山郡江差町字小黒部町,564,檜山郡江差町字小黒部町,475,1039,1.17,0.15,49.3,46.1,9.5,40
1604600040,乙部厚沢部線,江差町・厚沢部町境,八雲厚沢部線,1363,0,1.2,檜山郡江差町字小黒部町,564,檜山郡江差町字小黒部町,475,1039,1.17,0.16,34.8,39.2,9.5,40
1604610010,乙部港線,,一般国道２２９号,1364,0,0.7,爾志郡乙部町字緑町,345,爾志郡乙部町字緑町,311,656,1.17,0.07,31.9,33.2,15.5,40
1604620010,川端追分線,一般国道２７４号,由仁町・安平町境,1427,0,1.4,,937,,961,1898,1.2,0.2,47.6,49.1,14,50
1604620020,川端追分線,由仁町・安平町境,一般国道２３４号,1585,0,6.6,,842,,863,1705,1.19,0.22,59.1,52.6,8.8,50
1604620030,川端追分線,一般国道２３４号,舞鶴追分線,1585,0,0.9,,842,,863,1705,1.19,0.22,37.6,39.1,8.8,50
1604650010,金山幾寅停車場線,一般国道２３７号,一般国道３８号,1462,0,18.3,空知郡南富良野町金山１号橋・２号橋,220,空知郡南富良野町金山１号橋・２号橋,211,431,1.15,0.07,50.9,51.7,11,60
1604650030,金山幾寅停車場線,一般国道３８号,,1462,0,0.1,空知郡南富良野町金山１号橋・２号橋,220,空知郡南富良野町金山１号橋・２号橋,211,431,1.15,0.07,11.3,5.8,11,40
1604670010,栄浜小清水線,一般国道３３４号,小清水女満別線,1211,0,3.4,,220,,186,406,1.15,0.06,58.8,67.8,7.5,60
1604670020,栄浜小清水線,小清水女満別線,網走市・小清水町境,1211,0,4.5,,136,,119,255,1.17,0.03,61.2,66.4,7.5,60
1604670030,栄浜小清水線,網走市・小清水町境,一般国道２４４号,1547,0,1.7,,136,,119,255,1.17,0.03,54.5,52.6,10.25,60
1604680010,清水谷足寄線,一般国道２７３号,上士幌町・足寄町境,1633,0,2.7,,104,,95,199,1.18,0.03,53.9,58.8,9.5,60
1604680020,清水谷足寄線,上士幌町・足寄町境,足寄町・上士幌町境,1647,0,7.2,,104,,95,199,1.18,0.03,55,57.7,9.5,60
1604680030,清水谷足寄線,足寄町・上士幌町境,上士幌町・足寄町境,1633,0,1.8,,104,,95,199,1.18,0.03,58.4,54.6,9.5,60
1604680040,清水谷足寄線,上士幌町・足寄町境,本別留辺蕊線,1647,0,2.9,,104,,95,199,1.18,0.03,54.2,50.9,7.5,60
1604680060,清水谷足寄線,本別留辺蕊線,植坂足寄停車場線,1647,0,10,,49,,59,108,1.12,0.02,53.5,45.2,7.5,60
1604680070,清水谷足寄線,植坂足寄停車場線,一般国道２４２号,1647,0,16.8,,134,,151,285,1.16,0.05,51.7,52.7,7.5,60
1604700005,更別停車場線,更南更別停車場線,駒畠更別線,1639,0,0.4,,683,,694,1377,1.19,0.14,22.3,8.2,15.5,40
1604700010,更別停車場線,駒畠更別線,一般国道２３６号,1639,0,0.4,,683,,694,1377,1.19,0.14,24.3,20.7,15.5,40
1604720010,更南更別停車場線,清水大樹線,更別停車場線,1639,0,10.9,河西郡更別村更別南3線,300,河西郡更別村更別南3線,314,614,1.16,0.1,52.5,55,7.8,60
1604750010,風蓮湖公園線,,一般国道２４４号,1691,0,8.1,,209,,217,426,1.15,0.06,47.5,46.4,8.6,60
1604770010,滝下由仁停車場線,一般国道２７４号,夕張長沼線,1429,0,8.3,,756,,636,1392,1.19,0.22,44,55.7,10,60
1604770020,滝下由仁停車場線,夕張長沼線,一般国道２３４号,1429,0,7.9,夕張郡栗山町南学田706,428,夕張郡栗山町南学田706,562,990,1.17,0.14,56.7,55.6,13.5,50
1604770040,滝下由仁停車場線,一般国道２３４号,北長沼由仁線,1427,0,0.5,夕張郡栗山町南学田706,428,夕張郡栗山町南学田706,562,990,1.17,0.18,18.5,22.9,18,40
1604770050,滝下由仁停車場線,北長沼由仁線,東三川由仁停車場線,1427,0,0.5,夕張郡栗山町南学田706,428,夕張郡栗山町南学田706,562,990,1.17,0.18,13.1,33.2,18,40
1604780010,京極倶知安線,一般国道２７６号,京極停車場線,1399,0,0.2,虻田郡倶知安町字高砂,2596,虻田郡倶知安町字高砂,2607,5203,1.21,0.45,15.4,19.7,11.55,40
1604780020,京極倶知安線,京極停車場線,京極町・倶知安町境,1399,0,3.4,虻田郡倶知安町字高砂,2596,虻田郡倶知安町字高砂,2607,5203,1.21,0.45,39.1,39,11.55,40
1604780030,京極倶知安線,京極町・倶知安町境,一般国道５号,1400,0,8.6,虻田郡倶知安町字高砂,2596,虻田郡倶知安町字高砂,2607,5203,1.21,0.48,59.1,55.1,7.8,60
1604800010,鹿部停車場線,,一般国道２７８号,1343,0,1.5,,815,,886,1701,1.19,0.26,34.3,29.4,6.5,60
1604810010,上向別浦河停車場線,高見西舎線,高見西舎線,1607,0,1.7,,487,,524,1011,1.18,0.23,40.6,22.4,7.8,60
1604810020,上向別浦河停車場線,高見西舎線,静内浦河線,1607,0,7.3,,487,,524,1011,1.18,0.23,53,45,7.8,60
1604810030,上向別浦河停車場線,静内浦河線,静内浦河線,1607,0,1.4,,487,,524,1011,1.18,0.23,44,41.5,7.8,60
1604810040,上向別浦河停車場線,静内浦河線,一般国道２３５号,1607,0,1.5,浦河町堺町,3340,浦河町堺町,2962,6302,1.21,0.68,25.2,23.4,14.75,40
1604820010,豊川遠浅停車場線,厚真浜厚真停車場線,厚真町・安平町境,1581,0,3,,1109,,1151,2260,1.2,0.28,54.6,58.5,7.8,50
1604820020,豊川遠浅停車場線,厚真町・安平町境,一般国道２３４号,1585,0,5.5,,1109,,1151,2260,1.2,0.27,54,49.5,12.5,50
1604820040,豊川遠浅停車場線,一般国道２３４号,,1585,0,0.1,,1109,,1151,2260,1.2,0.31,9.6,12,12.5,40
1604830010,苫前港線,,一般国道２３２号,1483,0,0.8,,494,,563,1057,1.18,0.11,21.1,18.6,10.25,40
1604840010,天塩港線,,稚内天塩線,1487,0,0.5,,879,,699,1578,1.19,0.2,38.5,31.7,12,40
1604840030,天塩港線,稚内天塩線,一般国道２３２号,1487,0,0.5,,879,,699,1578,1.19,0.22,13.5,15.5,15.5,40
1604860010,豊田当麻線,瑞穂旭川停車場線,旭川市・当麻町境,1204,0,2.8,,469,,458,927,1.17,0.23,55.3,53.6,9.5,60
1604860020,豊田当麻線,旭川市・当麻町境,当麻上川線,1454,0,7.9,,469,,458,927,1.17,0.23,37.5,41.1,7.5,60
1604860030,豊田当麻線,当麻上川線,愛別当麻旭川線,1454,0,0.6,,469,,458,927,1.17,0.23,41.8,32.5,13.5,40
1604870010,近文停車場線,,近文停車場緑町線,1204,0,0.2,旭川市旭町1条7丁目,4987,旭川市旭町1条7丁目,6823,11810,1.23,0.94,16.8,13.5,19,40
1604870020,近文停車場線,近文停車場緑町線,一般国道４０号,1204,0,3.5,旭川市旭町1条7丁目,4987,旭川市旭町1条7丁目,6823,11810,1.23,0.66,25.8,25.6,22,40
1604900010,中園網走停車場線,小清水女満別線,一般国道２４４号,1211,0,14.3,網走市南9条東3丁目,6934,網走市南9条東3丁目,6480,13414,1.21,1.42,42.3,39.3,7.8,60
1604910010,芭露停車場線,,一般国道２３８号,1559,0,0.1,,801,,819,1620,1.19,0.21,5.8,9,13,40
1604920010,沙留停車場線,,一般国道２３８号,1561,0,0.9,,610,,678,1288,1.19,0.17,16.2,22.1,13,40
1604930005,奥瀬戸瀬瀬戸瀬停車場線,湯里生田原停車場線,一般国道４５０号（旭川紋別道）,1555,0,8.3,,435,,495,930,1.17,0.18,33.1,44.2,7.8,60
1604930010,奥瀬戸瀬瀬戸瀬停車場線,一般国道４５０号（旭川紋別道）,一般国道３３３号,1555,0,0.3,,435,,495,930,1.17,0.18,32.3,24.8,7.8,60
1604930030,奥瀬戸瀬瀬戸瀬停車場線,一般国道３３３号,,1555,0,0.1,,435,,495,930,1.17,0.19,5.6,14.3,12,40
1604940010,訓子府津別線,北見置戸線,置戸訓子府北見線,1549,0,0.9,,59,,50,109,1.12,0.13,34.4,42.5,5.5,60
1604940020,訓子府津別線,置戸訓子府北見線,置戸訓子府北見線,1549,0,0.3,,59,,50,109,1.12,0.13,43.1,39,5.5,60
1604940030,訓子府津別線,置戸訓子府北見線,訓子府町・津別町境,1549,0,10.9,,59,,50,109,1.12,0.13,43.1,39,5.5,60
1604940040,訓子府津別線,訓子府町・津別町境,二又北見線,1544,0,5.7,,59,,50,109,1.12,0.13,42.3,42.3,5.5,60
1604940050,訓子府津別線,二又北見線,二又北見線,1544,0,3,,59,,50,109,1.12,0.13,24.3,31,5.5,60
1604940060,訓子府津別線,二又北見線,一般国道２４０号,1544,0,12.1,,47,,44,91,1.12,0.03,38.3,34.9,7.5,60
1604950010,上常呂停車場線,,北見置戸線,1208,0,0.1,,2781,,2792,5573,1.21,0.7,30.6,20.4,18,40
1604960010,下居辺高島停車場線,本別士幌線,士幌町・池田町境,1632,0,5.1,中川郡池田町常磐常磐橋,103,中川郡池田町常磐常磐橋,92,195,1.19,0.03,65.1,70.6,12,60
1604960020,下居辺高島停車場線,士幌町・池田町境,一般国道２４２号,1644,0,11.9,中川郡池田町常磐常磐橋,103,中川郡池田町常磐常磐橋,92,195,1.19,0.03,58.4,61.3,7.8,60
1604960040,下居辺高島停車場線,一般国道２４２号,池田停車場高島線,1644,0,0.6,,414,,528,942,1.17,0.16,30.9,39.2,13.25,40
1604980010,長流枝内木野停車場線,音更池田線,帯広浦幌線,1631,0,15.1,河東郡音更町長流枝,373,河東郡音更町長流枝,468,841,1.19,0.17,63.7,63.3,8,60
1604980030,長流枝内木野停車場線,帯広浦幌線,一般国道２４１号,1631,0,1.9,河東郡音更町宝来南1条1丁目　宝来橋,4871,河東郡音更町宝来南1条1丁目　宝来橋,5594,10465,1.22,1.13,22.5,20.5,20,40
1604990010,勇足本別停車場線,本別士幌線,美里別本別停車場線,1646,0,10.3,中川郡本別町西勇足,421,中川郡本別町西勇足,382,803,1.17,0.13,57.4,55.3,10.5,60
1604990020,勇足本別停車場線,美里別本別停車場線,一般国道２４２号,1646,0,1.2,中川郡本別町西勇足,421,中川郡本別町西勇足,382,803,1.17,0.12,24.4,21.6,13.5,40
1604990030,勇足本別停車場線,一般国道２４２号,,1646,0,0.1,中川郡本別町西勇足,421,中川郡本別町西勇足,382,803,1.17,0.12,5.2,15.9,13.5,40
1605000010,音別浦幌線,本流音別停車場線,,1206,0,8.6,,101,,98,199,1.17,0.05,54,54,8,60
1605000030,音別浦幌線,,本別浦幌線,1649,0,15.3,,6,,4,10,1.21,0,41.9,46.1,7.6,60
1605010010,旭浜大樹停車場線,,広尾大樹線,1641,0,0.7,,353,,441,794,1.17,0.11,23.8,12.2,10.9,60
1605010020,旭浜大樹停車場線,広尾大樹線,一般国道３３６号,1641,0,4,,353,,441,794,1.17,0.11,68.4,59,10.9,60
1605010040,旭浜大樹停車場線,一般国道３３６号,幸徳大樹停車場線,1641,0,7.5,,489,,520,1009,1.18,0.16,58.5,54.8,8.6,60
1605020010,斗満陸別停車場線,,上斗満大誉地線,1648,0,3.6,,171,,173,344,1.15,0.07,55.2,49.9,7.8,60
1605020020,斗満陸別停車場線,上斗満大誉地線,苫務小利別停車場線,1648,0,1.7,,171,,173,344,1.15,0.07,55.2,49.9,7.8,60
1605020030,斗満陸別停車場線,苫務小利別停車場線,一般国道２４２号,1648,0,8.7,,171,,173,344,1.15,0.07,46.7,25.2,7.8,60
1605020050,斗満陸別停車場線,一般国道２４２号,,1648,0,0,,171,,173,344,1.15,0.09,2.8,7.5,22,60
1605030010,明倫幕別停車場線,豊頃糠内芽室線,幕別大樹線,1643,0,19.2,,125,,150,275,1.16,0.07,56.8,56.8,7.5,60
1605050010,養老牛計根別停車場線,摩周湖中標津線,摩周湖中標津線,1692,0,9.4,,144,,126,270,1.16,0.03,40.9,63.8,7.5,60
1605050030,養老牛計根別停車場線,摩周湖中標津線,中標津標茶線,1692,0,8.9,,144,,126,270,1.16,0.03,64.1,69.3,7.5,60
1605050050,養老牛計根別停車場線,中標津標茶線,,1692,0,0.1,,144,,126,270,1.16,0.04,16.7,16.7,16,40
1605060010,茶内停車場線,火散布茶内停車場線,一般国道４４号,1663,0,1,,1593,,1772,3365,1.2,0.57,27.6,30.6,16,40
1605070010,船泊港利礼公園線,,礼文空港線,1517,0,1.1,,914,,887,1801,1.2,0.26,37.7,37.7,12.25,60
1605070020,船泊港利礼公園線,礼文空港線,礼文島線,1517,0,1.5,,914,,887,1801,1.2,0.26,30.6,37.9,12.25,60
1605070030,船泊港利礼公園線,礼文島線,,1517,0,7.7,,914,,887,1801,1.2,0.26,42.9,42.9,12.25,60
1605080010,矢臼場札幌線,小樽石狩線,一般国道２３１号,1235,0,0.7,,795,,904,1699,1.19,0.3,27.1,24.8,9,60
1605080020,矢臼場札幌線,一般国道２３１号,一般国道３３７号,1235,0,6.9,石狩市生振,1239,石狩市生振,1222,2461,1.2,0.5,59.4,56.6,9,60
1605080040,矢臼場札幌線,一般国道３３７号,,1235,0,1.5,,795,,904,1699,1.19,0.29,43.3,51.9,12.5,60
1605080050,矢臼場札幌線,,花畔札幌線,1102,0,0.2,,3563,,3440,7003,1.21,0.9,36.6,22.9,7,50
1605080070,矢臼場札幌線,花畔札幌線,一般国道２３１号,1102,0,0.2,,3563,,3440,7003,1.21,0.83,15.6,14.7,9,30
1605100010,抜海兜沼停車場線,稚内天塩線,勇知上勇知線,1214,0,9.1,,438,,382,820,1.17,0.14,51.7,44.6,15.5,60
1605100020,抜海兜沼停車場線,勇知上勇知線,上勇知兜沼停車場線,1214,0,1.6,,438,,382,820,1.17,0.13,32.1,20.1,13,60
1605100030,抜海兜沼停車場線,上勇知兜沼停車場線,稚内市・豊富町境,1214,0,1.3,,438,,382,820,1.17,0.13,60.9,56.7,13,60
1605100040,抜海兜沼停車場線,稚内市・豊富町境,兜沼豊徳線,1516,0,1.4,,438,,382,820,1.17,0.14,58.7,60.9,13.5,60
1605100050,抜海兜沼停車場線,兜沼豊徳線,兜沼停車場線,1516,0,0.3,,438,,382,820,1.17,0.14,12.5,17.4,13.5,60
1605190010,滝之町伊達線,一般国道４５３号,立香南久保内線,1575,0,2,,493,,363,856,1.17,0.13,50.2,43,9.85,50
1605190020,滝之町伊達線,立香南久保内線,壮瞥町・伊達市境,1575,0,2.8,伊達市西関内342,1685,伊達市西関内342,1550,3235,1.2,0.53,57.4,58.9,10.25,50
1605190030,滝之町伊達線,壮瞥町・伊達市境,上長和萩原線,1233,0,3,伊達市西関内342,1685,伊達市西関内342,1550,3235,1.2,0.46,58.4,58.2,10,50
1605190040,滝之町伊達線,上長和萩原線,上長和萩原線,1233,0,0.9,,3984,,4054,8038,1.21,0.91,34.6,26.6,9.75,50
1605190050,滝之町伊達線,上長和萩原線,道央自動車道,1233,0,3.5,,3984,,4054,8038,1.21,0.91,43.5,42.2,9.75,50
1605200010,鷹栖東鷹栖比布線,和寒鷹栖線,鷹栖東神楽線,1452,0,1.7,上川郡比布町北3線,442,上川郡比布町北3線,399,841,1.15,0.13,44.4,49.3,12,60
1605200020,鷹栖東鷹栖比布線,鷹栖東神楽線,旭川市・比布町境,1204,0,8.5,上川郡比布町北3線,442,上川郡比布町北3線,399,841,1.15,0.13,55.6,54.7,8.3,60
1605200030,鷹栖東鷹栖比布線,旭川市・比布町境,一般国道４０号,1455,0,7.3,上川郡比布町北3線,442,上川郡比布町北3線,399,841,1.15,0.12,54.2,53.1,13,60
1605230010,美川黒松内線,一般国道２２９号,島牧村・黒松内町境,1391,0,8.9,,171,,170,341,1.16,0.06,57.9,57.9,9.3,60
1605230020,美川黒松内線,島牧村・黒松内町境,大成黒松内停車場線,1393,0,12.3,,171,,170,341,1.16,0.06,50.9,53.7,7.5,60
1605250010,蘭越停車場線,北尻別蘭越停車場線,相生蘭越線,1394,0,0.2,磯谷郡蘭越町蘭越町,488,磯谷郡蘭越町蘭越町,594,1082,1.18,0.14,14.8,17.8,10.5,40
1605250020,蘭越停車場線,相生蘭越線,一般国道５号,1394,0,0.3,磯谷郡蘭越町蘭越町,488,磯谷郡蘭越町蘭越町,594,1082,1.18,0.14,11.3,18.7,10.5,40
1605260010,東札幌停車場線,,札幌夕張線,1104,0,0.3,,3435,,3146,6581,1.21,0.33,20.4,,11,40
1605270010,望来当別線,一般国道２３１号,石狩市・当別町境,1235,0,12.3,,520,,510,1030,1.18,0.17,55,52.1,6.5,60
1605270020,望来当別線,石狩市・当別町境,岩見沢石狩線,1303,0,4.7,,520,,510,1030,1.18,0.16,56.3,48.4,8.5,60
1605280010,蕗の台朱鞠内停車場線,名寄遠別線,一般国道２７５号,1472,0,16.7,,116,,126,242,1.18,0.14,46.4,46.4,5.5,60
1605290010,東奈井江奈井江停車場線,,砂川奈井江美唄線,1424,0,8.8,奈井江町奈井江,83,奈井江町奈井江,98,181,1.19,0.06,37.9,39.9,6.5,60
1605290020,東奈井江奈井江停車場線,砂川奈井江美唄線,砂川奈井江美唄線,1424,0,0.6,奈井江町奈井江,83,奈井江町奈井江,98,181,1.19,0.06,43.9,44.5,6.5,60
1605290030,東奈井江奈井江停車場線,砂川奈井江美唄線,一般国道１２号,1424,0,1.1,奈井江町奈井江,83,奈井江町奈井江,98,181,1.19,0.06,31.1,33.6,6.5,60
1605290050,東奈井江奈井江停車場線,一般国道１２号,,1424,0,0.2,奈井江町奈井江,83,奈井江町奈井江,98,181,1.19,0.04,42,44.2,22,60
1605300010,上磯停車場線,,一般国道２２８号,1236,0,0.2,,43,,39,82,1.21,0.02,11.6,8.8,16,30
1605310010,小谷石渡島知内停車場線,,一般国道２２８号,1333,0,9.7,,1254,,1259,2513,1.2,0.32,41.2,41.5,13.5,50
1605310030,小谷石渡島知内停車場線,一般国道２２８号,,1333,0,0.1,,1254,,1259,2513,1.2,0.41,13.8,8.9,13.5,50
1605320010,岩部渡島福島停車場線,,一般国道２２８号,1332,0,8.2,松前郡福島町浦和,385,松前郡福島町浦和,379,764,1.15,0.1,39.1,38.8,10,50
1605320020,岩部渡島福島停車場線,一般国道２２８号,,1332,0,0.5,松前郡福島町浦和,385,松前郡福島町浦和,379,764,1.15,0.1,18.6,14.4,10,50
1605340010,富沢日高三石停車場線,,静内浦河線,1610,0,5.3,,440,,422,862,1.17,0.11,47.3,60.7,9.75,60
1605340020,富沢日高三石停車場線,静内浦河線,一般国道２３５号,1610,0,6.8,,440,,422,862,1.17,0.11,47.3,60.7,9.75,60
1605360010,剣淵原野士別線,温根別剣淵停車場線,剣淵町・士別市境,1465,0,1.7,,1971,,2015,3986,1.2,0.41,64.1,64.8,11.55,60
1605360020,剣淵原野士別線,剣淵町・士別市境,一般国道４０号,1220,0,4.1,,1971,,2015,3986,1.2,0.46,42,40.8,10.35,60
1605370010,旭士別線,下川風連線,名寄市・士別市境,1221,0,2.4,,404,,481,885,1.17,0.12,58.4,55.9,7.8,60
1605370020,旭士別線,名寄市・士別市境,東陽多寄線,1220,0,1.5,,404,,481,885,1.17,0.12,70.7,69.9,7.8,60
1605370030,旭士別線,東陽多寄線,武徳下士別線,1220,0,4.1,,404,,481,885,1.17,0.12,61,66.6,7.8,60
1605370040,旭士別線,武徳下士別線,士別滝の上線,1220,0,8.4,,404,,481,885,1.17,0.13,39.3,39.9,10.25,40
1605380010,旭名寄線,下川風連線,パンケ風連線,1221,0,4.5,士別市多寄,1002,士別市多寄,1012,2014,1.2,0.3,62.8,58.2,10.55,60
1605380020,旭名寄線,パンケ風連線,名寄停車場線,1221,0,3.9,士別市多寄,1002,士別市多寄,1012,2014,1.2,0.3,46.1,44.1,10.55,60
1605380030,旭名寄線,名寄停車場線,一般国道２３９号,1221,0,0.9,,2293,,2483,4776,1.21,0.54,29.8,27.8,17,40
1605400010,名寄停車場線,,旭名寄線,1221,0,0.4,,2061,,2374,4435,1.21,0.21,15.7,12.3,36,50
1605400020,名寄停車場線,旭名寄線,一般国道４０号,1221,0,0.5,,2061,,2374,4435,1.21,0.49,16.1,19.8,18,40
1605410010,問寒別佐久停車場線,上問寒問寒別停車場線,幌延町・中川町境,1520,0,3,,73,,75,148,1.12,0.02,61.3,57.5,8.6,60
1605410020,問寒別佐久停車場線,幌延町・中川町境,,1471,0,10.5,,47,,46,93,1.21,0.02,50.2,64.9,7.8,60
1605410040,問寒別佐久停車場線,天塩中川停車場線,板谷佐久停車場線,1471,0,7.6,中川町板谷永代橋,111,中川町板谷永代橋,105,216,1.15,0.03,35.1,48.6,7.6,60
1605420010,東旭川停車場線,,愛別当麻旭川線,1204,0,0.6,,1360,,1171,2531,1.2,0.17,32.2,25.7,21.9,40
1605430010,上宇莫別美瑛停車場線,,富良野上川線,1459,0,4.3,,368,,402,770,1.17,0.12,38.5,18.3,7.5,60
1605430020,上宇莫別美瑛停車場線,富良野上川線,天人峡美瑛線,1459,0,11.9,,368,,402,770,1.17,0.12,65.1,55.7,7.5,60
1605430040,上宇莫別美瑛停車場線,天人峡美瑛線,,1459,0,0.1,,,,,,,,8.6,11,52.99,40
1605440005,麓郷山部停車場線,東山富良野停車場線,上富良野旭中富良野線,1229,0,11.1,,634,,612,1246,1.19,0.15,64.2,64.2,12,60
1605440010,麓郷山部停車場線,上富良野旭中富良野線,一般国道３８号,1229,0,6.9,富良野市字麓郷,591,富良野市字麓郷,562,1153,1.2,1.28,48.4,37,5,60
1605440030,麓郷山部停車場線,一般国道３８号,,1229,0,0,,206,,222,428,1.15,0.09,3,12.9,15.5,50
1605450010,三和剣淵線,和寒幌加内線,和寒町・剣淵町境,1464,0,3.3,雨竜郡幌加内町字母子里,853,雨竜郡幌加内町母子里,1024,1877,1.19,0.29,50.8,54.9,13,60
1605450020,三和剣淵線,和寒町・剣淵町境,温根別剣淵停車場線,1465,0,5.7,雨竜郡幌加内町字母子里,853,雨竜郡幌加内町母子里,1024,1877,1.19,0.31,63,62.1,9.95,60
1605460010,暑寒別公園線,,一般国道２３１号,1481,0,10.3,,821,,769,1590,1.19,0.3,37.3,37.3,7.5,60
1605470010,羽幌港線,,一般国道２３２号,1484,0,0.7,,754,,713,1467,1.19,0.17,22.4,23.5,20,40
1605480010,天売島線,,,1484,0,0.7,,448,,437,885,1.17,0.35,36.9,36.9,4,40
1605480020,天売島線,,,1484,0,9.2,,448,,437,885,1.17,0.35,36.9,36.9,4,40
1605490010,峠下沼田線,一般国道２３３号,豊平峠下停車場線,1212,0,3,留萌市大字留萌村字峠下,187,留萌市大字留萌村字峠下,213,400,1.19,0.08,60,53.5,7.5,60
1605490020,峠下沼田線,豊平峠下停車場線,留萌市・沼田町境,1212,0,1.3,留萌市大字留萌村字峠下,187,留萌市大字留萌村字峠下,213,400,1.19,0.08,60.7,55.5,7.5,60
1605490030,峠下沼田線,留萌市・沼田町境,達布石狩沼田停車場線,1438,0,2.6,沼田町恵比島,83,沼田町恵比島,102,185,1.18,0.03,56.7,52.3,7.5,60
1605490040,峠下沼田線,達布石狩沼田停車場線,一般国道２７５号,1438,0,5.2,,396,,415,811,1.17,0.14,53.2,58.6,7.8,60
1605500010,幌糠小平停車場線,一般国道２３３号,留萌市・小平町境,1212,0,10.7,留萌郡小平町岐富,109,留萌郡小平町岐富,103,212,1.15,0.03,50.3,63.3,7.5,60
1605500020,幌糠小平停車場線,留萌市・小平町境,留萌小平線,1482,0,7.5,留萌郡小平町岐富,109,留萌郡小平町岐富,103,212,1.15,0.03,50.3,62,10.5,60
1605500025,幌糠小平停車場線,留萌小平線,達布小平町線,1482,0,1.4,留萌郡小平町岐富,109,留萌郡小平町岐富,103,212,1.15,0.03,59.5,61.2,10.5,60
1605500030,幌糠小平停車場線,達布小平町線,,1482,0,0.3,,705,,597,1302,1.19,0.18,40.7,42.8,15.5,40
1605500040,幌糠小平停車場線,,一般国道２３２号,1482,0,5.2,,1118,,1275,2393,1.2,0.34,54,48.8,10.25,60
1605500060,幌糠小平停車場線,一般国道２３２号,,1482,0,0.1,,1118,,1275,2393,1.2,0.39,9.5,6.6,12.5,40
1605510010,円山天塩停車場線,一般国道４０号,六志内西雄信内線,1487,0,6.4,,829,,902,1731,1.19,0.21,57.1,61.4,9.95,60
1605510020,円山天塩停車場線,六志内西雄信内線,一般国道２３２号,1487,0,4.9,,829,,902,1731,1.19,0.21,48.2,48.6,10.25,60
1605530010,上藻別上渚滑停車場線,紋別丸瀬布線,一般国道２７３号,1219,0,7.9,,185,,213,398,1.15,0.14,52.8,42.6,7.5,60
1605530030,上藻別上渚滑停車場線,一般国道２７３号,,1219,0,0.4,,185,,213,398,1.15,0.17,7.1,12.5,15,40
1605550010,東相内停車場線,,一般国道３９号,1208,0,0.2,,366,,327,693,1.16,0.13,15.5,23,14.54,40
1605560010,緋牛内北見線,一般国道３９号,北見端野美幌線,1208,0,8.3,,979,,1020,1999,1.2,0.33,55.3,56.3,7.5,60
1605570010,止別停車場線,一般国道２４４号,,1547,0,0.8,小清水町字止別,730,小清水町字止別,745,1475,1.2,0.15,38.8,27.7,10.25,40
1605580010,白滝原野白滝停車場線,,一般国道３３３号,1555,0,10.4,,508,,526,1034,1.18,0.13,44.7,50,7.5,60
1605580020,白滝原野白滝停車場線,一般国道３３３号,一般国道３３３号,1555,0,1.3,,508,,526,1034,1.18,0.13,28.6,35.1,7.5,60
1605590010,新富士停車場線,,釧路鶴居弟子屈線,1206,0,0.6,釧路市鳥取南,6563,釧路市鳥取南,5770,12333,1.23,0.72,20.2,20,22,50
1605590020,新富士停車場線,釧路鶴居弟子屈線,釧路西港線,1206,0,1.2,釧路市鳥取南,6563,釧路市鳥取南,5770,12333,1.23,0.72,27.2,24.5,22,50
1605590030,新富士停車場線,釧路西港線,一般国道３８号,1206,0,1,釧路市鳥取南,6563,釧路市鳥取南,5770,12333,1.23,0.72,27.6,27.3,22,50
1605600010,仲洞爺留寿都線,洞爺公園洞爺線,,1575,0,2.2,,93,,120,213,1.17,0.41,20.2,20.2,5,60
1605600030,仲洞爺留寿都線,,洞爺湖町・留寿都村境,1584,0,4.2,,139,,145,284,1.16,0.07,34.3,38.6,9.1,60
1605600040,仲洞爺留寿都線,洞爺湖町・留寿都村境,一般国道２３０号,1397,0,5.1,,143,,147,290,1.16,0.05,34.3,44.1,7.6,60
1605640010,江部乙赤平線,一般国道１２号,滝川市・赤平市境,1225,0,6.6,滝川市江部乙,530,滝川市江部乙,476,1006,1.19,0.14,51.5,55.5,10.25,50
1605640020,江部乙赤平線,滝川市・赤平市境,一般国道３８号,1218,0,2.5,滝川市江部乙,530,滝川市江部乙,476,1006,1.19,0.18,51.7,45.8,9.5,50
1605650010,和停車場線,,増毛稲田線,1437,0,0.3,,1008,,1142,2150,1.2,0.29,19.5,30,10.5,40
1605670010,上芦別停車場野花南湖線,上芦別停車場線,,1216,0,1.3,,830,,824,1654,1.19,0.18,41.8,41.8,18,40
1605680010,船澗美国港線,,一般国道２２９号,1405,0,6.6,,103,,95,198,1.18,0.03,30.1,26.4,7.5,60
1605680020,船澗美国港線,一般国道２２９号,,1405,0,0.5,,103,,95,198,1.18,0.03,6.3,7.3,7.5,60
1605690010,蕨台古平線,一般国道２２９号,発足線,1401,0,0.2,,398,,408,806,1.17,0.15,17.3,38.9,13,50
1605690020,蕨台古平線,発足線,,1401,0,5.4,,398,,408,806,1.17,0.13,17.3,38.9,7.8,60
1605690040,蕨台古平線,,古平神恵内線,1406,0,5.6,,38,,41,79,1.21,0.02,67.1,67.1,7.5,60
1605710010,五稜郭公園線,,函館南茅部線,1202,0,0.7,函館市本町,8719,函館市本町,9208,17927,1.24,1.5,11.6,10.5,15,40
1605710020,五稜郭公園線,函館南茅部線,一般国道５号,1202,0,1.6,函館市本町,8719,函館市本町,9208,17927,1.24,0.64,16.8,21,25,50
1605720010,八雲港線,,一般国道５号,1346,0,0.1,,3864,,3538,7402,1.21,0.81,11.9,7.7,10,60
1605730010,桜野野田生停車場線,,一般国道５号,1346,0,20.4,,405,,399,804,1.17,0.13,51.8,51.8,8.5,60
1605730030,桜野野田生停車場線,一般国道５号,,1346,0,0.3,,405,,399,804,1.17,0.15,8.6,35.2,12.5,60
1605750010,鵡川停車場線,,千歳鵡川線,1586,0,0.4,,3690,,4139,7829,1.21,0.83,20,24.8,18,40
1605760010,瑞穂安平停車場線,,一般国道２３４号,1585,0,8.4,,345,,392,737,1.17,0.1,47,36.7,7.8,60
1605760020,瑞穂安平停車場線,一般国道２３４号,,1585,0,0.5,,345,,392,737,1.17,0.1,11.3,9.1,7.8,60
1605780010,洞爺虻田線,豊浦洞爺線,一般国道２３０号,1584,0,9.7,,538,,658,1196,1.19,0.74,43.6,42.7,5.5,30
1605780040,洞爺虻田線,一般国道２３０号,道央自動車道,1584,0,4.4,,1631,,1653,3284,1.2,0.32,40.8,40.9,8,60
1605780030,洞爺虻田線,一般国道２３０号,一般国道３７号,1584,0,1.7,,1631,,1653,3284,1.2,0.32,32.8,27,8,60
1605790010,新開西神楽停車場線,,新開旭川線,1204,0,4.7,,1336,,1369,2705,1.2,5.81,36.9,31.1,4,60
1605790020,新開西神楽停車場線,新開旭川線,一般国道２３７号,1204,0,1.3,旭川市西神楽北1条4丁目,978,旭川市西神楽北1条4丁目,1086,2064,1.2,0.32,36.9,31.1,9.5,40
1605800030,美馬牛神楽線,芦別美瑛線,一般国道４５２号,1459,0,9.9,上川郡美瑛町字五稜,526,上川郡美瑛町字五稜,640,1166,1.17,0.19,61.4,61.1,9.5,60
1605810010,留辺蕊上富良野線,芦別美瑛線,美瑛町・上富良野町境,1459,0,2.6,,562,,557,1119,1.18,0.2,62.8,62.3,8,60
1605810020,留辺蕊上富良野線,美瑛町・上富良野町境,奈江富良野線,1460,0,0.3,,562,,557,1119,1.18,0.2,50,48.8,9,60
1605810030,留辺蕊上富良野線,奈江富良野線,上富良野中富良野線,1460,0,4.5,,562,,557,1119,1.18,0.2,65.8,56,9,60
1605810040,留辺蕊上富良野線,上富良野中富良野線,一般国道２３７号,1460,0,1.9,,562,,557,1119,1.18,0.2,47.5,41.8,9,60
1605810050,留辺蕊上富良野線,一般国道２３７号,吹上上富良野線,1460,0,0.8,,562,,557,1119,1.18,0.25,21.3,29,16,40
1605820010,苫前停車場線,,一般国道２３２号,1483,0,0.6,,853,,808,1661,1.19,0.2,25.5,25.5,18.5,40
1605830010,上問寒問寒別停車場線,,上問寒幌延停車場線,1520,0,4.6,,66,,71,137,1.12,0.02,62.8,60.2,7.6,60
1605830020,上問寒問寒別停車場線,上問寒幌延停車場線,豊富中頓別線,1520,0,5,,66,,71,137,1.12,0.02,62.8,60.2,7.6,60
1605830030,上問寒問寒別停車場線,豊富中頓別線,問寒別佐久停車場線,1520,0,8.3,,204,,223,427,1.15,0.07,57.6,50.8,9.1,60
1605830040,上問寒問寒別停車場線,問寒別佐久停車場線,問寒別停車場下国府線,1520,0,0.7,,204,,223,427,1.15,0.07,52.7,48.9,9.1,60
1605840010,猿払停車場線,猿払鬼志別線,狩別猿払停車場線,1511,0,0.1,,32,,31,63,1.1,0.01,32.9,31.1,11,60
1605840020,猿払停車場線,狩別猿払停車場線,一般国道２３８号,1511,0,3.7,,32,,31,63,1.1,0.01,41.5,47.1,11,60
1605850010,狩別猿払停車場線,,猿払停車場線,1511,0,9.6,,46,,45,91,1.12,0.02,35.8,47.1,7.6,60
1605860010,豊牛下頓別停車場線,一般国道２３８号,一般国道２７５号,1512,0,12.2,,189,,151,340,1.16,0.07,57.8,59.1,15.5,60
1605870010,跡佐登小清水線,網走川湯線,一般国道３９１号,1547,0,22.2,,215,,228,443,1.15,0.08,42.3,33,7.6,60
1605880010,屈斜路津別線,一般国道２４３号,弟子屈町・津別町境,1665,0,8.2,,94,,83,177,1.19,0.23,42.3,38.9,6.9,30
1605880020,屈斜路津別線,弟子屈町・津別町境,一般国道２４０号,1544,0,27.7,津別町字幸町,515,津別町字幸町,430,945,1.17,0.11,43.2,42.8,7.8,60
1605910030,嘉多山卯原内停車場線,網走端野線,一般国道２３８号,1211,0,7.1,網走市字嘉多山,363,網走市字嘉多山,362,725,1.14,0.11,23.3,50.5,10.7,60
1605920010,湯里生田原停車場線,奥瀬戸瀬瀬戸瀬停車場線,一般国道２４２号,1555,0,14.8,,177,,174,351,1.15,2.82,45,45,4,60
1605920030,湯里生田原停車場線,一般国道２４２号,,1555,0,0.1,,177,,174,351,1.15,0.09,9,12.1,20.5,40
1605930010,屈足鹿追線,忠別清水線,新得町・鹿追町境,1635,0,2.4,,542,,487,1029,1.18,0.31,50.2,47.5,9.5,60
1605930020,屈足鹿追線,新得町・鹿追町境,一般国道２７４号,1634,0,6.5,,542,,487,1029,1.18,0.31,56.1,50.2,7.5,60
1605930040,屈足鹿追線,鹿追糠平線,一般国道２７４号,1634,0,0.6,,542,,487,1029,1.18,0.29,45.6,46.3,11.25,40
1605950010,愛国停車場線,,一般国道２３６号,1207,0,0.4,,2549,,2441,4990,1.21,0.66,12.7,12.2,14.5,40
1605960010,中士幌停車場線,,一般国道２４１号,1632,0,0.2,,212,,217,429,1.15,0.1,20.1,20.4,13.5,60
1605970010,十弗浦幌線,帯広浦幌線,豊頃町・浦幌町境,1645,0,5.8,,186,,197,383,1.15,0.06,71,71.8,7.5,60
1605970020,十弗浦幌線,豊頃町・浦幌町境,瀬多来吉野線,1649,0,4.6,,186,,197,383,1.15,0.06,67.8,72.2,7.5,60
1605970030,十弗浦幌線,瀬多来吉野線,瀬多来吉野線,1649,0,6.7,,186,,197,383,1.15,0.06,42.5,47.7,7.5,60
1605970040,十弗浦幌線,瀬多来吉野線,本別浦幌線,1649,0,4.3,,186,,197,383,1.15,0.06,46,55.1,7.5,60
1605970060,十弗浦幌線,本別浦幌線,一般国道３８号,1649,0,0.6,,186,,197,383,1.15,0.08,13.7,16.6,18,40
1605990010,火散布茶内停車場線,別海厚岸線,琵琶瀬茶内停車場線,1663,0,8.8,,831,,875,1706,1.19,0.24,46.6,53.5,8.5,60
1605990020,火散布茶内停車場線,琵琶瀬茶内停車場線,茶内停車場線,1663,0,2.6,,831,,875,1706,1.19,0.24,52.5,50.9,8.5,60
1606000010,島松千歳線,島松停車場線,恵庭栗山線,1231,0,3.4,,3899,,3990,7889,1.21,1.06,38.5,39.2,15.6,50
1606000020,島松千歳線,恵庭栗山線,恵庭市・千歳市境,1231,0,1.7,,1368,,1663,3031,1.2,0.44,52.4,56.8,12.5,50
1606000030,島松千歳線,恵庭市・千歳市境,馬追原野北信濃線,1224,0,4.4,,1368,,1663,3031,1.2,0.43,44,43.1,12.5,50
1606000040,島松千歳線,馬追原野北信濃線,早来千歳線,1224,0,4.5,,1368,,1663,3031,1.2,0.43,34.1,33,12.5,50
1606000050,島松千歳線,早来千歳線,一般国道３６号,1224,0,0.9,,3749,,3904,7653,1.21,0.66,20.6,20.5,20,40
1606010010,野花南停車場線,,一般国道３８号,1216,0,0.3,,755,,854,1609,1.19,0.21,36,36,11.5,40
1606020010,東三川由仁停車場線,一般国道２７４号,夕張長沼線,1427,0,3.4,,127,,110,237,1.18,0.04,61,63.9,7.5,40
1606020015,東三川由仁停車場線,夕張長沼線,東三川由仁停車場線,1427,0,4.1,,127,,110,237,1.18,0.04,63.9,66,7.5,40
1606020020,東三川由仁停車場線,東三川由仁停車場線,一般国道２３４号,1427,0,1.3,,844,,877,1721,1.19,0.35,39.8,38.1,7.5,40
1606020040,東三川由仁停車場線,札幌夕張線,滝下由仁停車場線,1427,0,0.5,,1686,,1685,3371,1.2,0.39,20.2,25.5,15.6,40
1606020050,東三川由仁停車場線,一般国道２７４号,夕張長沼線,1427,0,3.1,由仁町山桝山桝橋,121,由仁町山桝山桝橋,116,237,1.18,0.05,,,7.5,40
1606020060,東三川由仁停車場線,夕張長沼線,東三川由仁停車場線,1427,0,3.4,,,,,,,,,,7.5,40
1606020070,東三川由仁停車場線,東三川由仁停車場線,一般国道２３４号,1427,0,1.4,,,,,,,,47,41.6,7.5,40
1606030010,浦臼停車場線,,一般国道２７５号,1431,0,0.1,,2573,,2228,4801,1.21,0.62,20.3,12,11,60
1606040010,老古美小沢停車場線,岩内洞爺線,学田前田線,1401,0,1.8,,110,,140,250,1.18,0.04,53.5,52.4,10,60
1606040020,老古美小沢停車場線,学田前田線,一般国道５号,1401,0,13.6,,110,,140,250,1.18,0.04,70.7,61.7,10,60
1606040040,老古美小沢停車場線,一般国道５号,,1401,0,0.1,,95,,113,208,1.17,0.07,4.9,11,13.5,60
1606050010,中野木古内停車場線,,木古内停車場線,1334,0,7.7,,852,,839,1691,1.19,0.21,33.1,20.4,10,60
1606060010,霞台森停車場線,,一般国道５号,1345,0,11.7,茅部郡森町上台,963,茅部郡森町上台,965,1928,1.2,7.54,28.8,25.7,4.5,60
1606060020,霞台森停車場線,一般国道５号,森砂原線,1345,0,0.9,茅部郡森町上台,963,茅部郡森町上台,965,1928,1.2,7.54,28.4,25.2,4.5,60
1606060030,霞台森停車場線,森砂原線,森停車場線,1345,0,0.2,茅部郡森町上台,963,茅部郡森町上台,965,1928,1.2,7.54,12.4,11.5,4.5,60
1606070010,石崎松前線,一般国道２２８号,,1362,0,13.5,,34,,31,65,1.1,0.01,56,56,7.5,60
1606070030,石崎松前線,,一般国道２２８号,1331,0,22.3,,484,,507,991,1.18,2.93,28.8,28.8,4.1,60
1606080010,大岸礼文停車場線,一般国道３７号,礼文停車場線,1571,0,6.2,虻田郡豊浦町字大岸,160,虻田郡豊浦町字大岸,142,302,1.18,0.05,43.3,44.6,10.25,40
1606090010,礼文停車場線,大岸礼文停車場線,一般国道３７号,1571,0,2.6,,366,,405,771,1.17,0.11,49.1,52,7.5,60
1606100010,占冠穂別線,夕張新得線,一般国道２７４号,1463,0,4,,2649,,2935,5584,1.21,1.09,48.5,54.4,9.5,40
1606100030,占冠穂別線,夕張新得線,占冠村・むかわ町境,1463,0,2.5,,51,,54,105,1.12,0.9,50.7,23.8,4.5,60
1606100040,占冠穂別線,占冠村・むかわ町境,一般国道２７４号,1586,0,8.5,,45,,54,99,1.21,0.25,,,5,60
1606100060,占冠穂別線,一般国道２７４号,平取穂別線,1586,0,16.1,,45,,54,99,1.21,1,,,4.5,60
1606110010,瑞穂東川線,瑞穂旭川停車場線,旭川市・東川町境,1204,0,4.8,旭川市東旭川町瑞穂,48,旭川市東旭川町瑞穂,39,87,1.12,0.01,53.5,68.6,11.1,60
1606110015,瑞穂東川線,旭川市・東川町境,富良野上川線,1458,0,0.7,旭川市東旭川町瑞穂,48,旭川市東旭川町瑞穂,39,87,1.12,0.1,38.8,63.7,7,60
1606110060,瑞穂東川線,富良野上川線,,1458,0,2.1,旭川市東旭川町瑞穂,48,旭川市東旭川町瑞穂,39,87,1.12,0.01,42.8,45,7.7,40
1606110030,瑞穂東川線,,東川旭川線,1458,0,10.2,,126,,136,262,1.16,0.06,42.8,45,7.7,40
1606110040,瑞穂東川線,東川旭川線,東川東神楽旭川線,1458,0,2.8,,897,,875,1772,1.2,0.25,31.5,30.8,14,50
1606120010,築別天塩有明停車場線,築別炭鉱築別停車場線,羽幌町・初山別村境,1484,0,3.3,,32,,33,65,1.1,0.01,40.7,40.7,9.5,60
1606120020,築別天塩有明停車場線,羽幌町・初山別村境,一般国道２３２号,1485,0,16.2,,32,,33,65,1.1,0.01,40.7,40.7,7.6,60
1606120040,築別天塩有明停車場線,一般国道２３２号,,1485,0,0.1,,32,,33,65,1.1,0.02,4.5,34.6,9.25,40
1606130010,豊平峠下停車場線,,峠下沼田線,1212,0,7.9,,204,,223,427,1.15,0.11,30,30,6,60
1606160010,上勇知兜沼停車場線,一般国道４０号,抜海兜沼停車場線,1214,0,3.9,,428,,377,805,1.17,0.19,45.4,52.1,7.8,60
1606170010,オシラネップ原野濁川停車場線,,遠軽雄武線,1560,0,18.6,,44,,55,99,1.21,0.01,67,67,7.5,60
1606200010,苫務小利別停車場線,斗満陸別停車場線,,1648,0,6.6,,16,,13,29,1.1,0.01,42.4,46.6,9.6,60
1606200030,苫務小利別停車場線,,一般国道２４２号,1648,0,6.5,足寄郡陸別町小利別日輪橋,48,足寄郡陸別町小利別日輪橋,50,98,1.1,0.01,42.9,48.2,9.5,60
1606200050,苫務小利別停車場線,北見白糠線,,1648,0,0.4,足寄郡陸別町小利別日輪橋,48,足寄郡陸別町小利別日輪橋,50,98,1.1,0.01,16.8,17.4,14.5,40
1606210010,足寄原野上利別停車場線,一般国道２４１号,一般国道２４２号,1647,0,10.2,,34,,27,61,1.1,0.02,53.6,53.9,9.5,60
1606210030,足寄原野上利別停車場線,一般国道２４２号,,1647,0,0.1,,34,,27,61,1.1,0.02,7.8,7.8,12,60
1606220010,幸徳大樹停車場線,光地園尾田線,光地園尾田線,1641,0,1.2,広尾郡大樹町緑町,175,広尾郡大樹町緑町,191,366,1.15,0.05,55.7,43.7,7.6,60
1606220020,幸徳大樹停車場線,光地園尾田線,一般国道２３６号,1641,0,9.7,広尾郡大樹町緑町,175,広尾郡大樹町緑町,191,366,1.15,0.05,52,50.5,7.6,60
1606220040,幸徳大樹停車場線,一般国道２３６号,旭浜大樹停車場線,1641,0,0.3,広尾郡大樹町緑町,175,広尾郡大樹町緑町,191,366,1.15,0.06,14.8,28.2,18.5,40
1606250010,学園新十津川停車場線,一般国道４５１号,一般国道２７５号,1432,0,6.1,,1295,,1370,2665,1.2,0.33,33.4,35.4,10.25,60
1606250020,学園新十津川停車場線,一般国道２７５号,,1432,0,0.3,,1295,,1370,2665,1.2,0.33,17.8,14.5,10.25,60
1606260010,東雁来江別線,一般国道２７５号,札幌市白石区・札幌市厚別区境,1104,0,2.9,札幌市白石区東米里2135,8686,札幌市白石区東米里2135,7417,16103,1.22,0.7,15.4,35.3,25,50
1606260020,東雁来江別線,札幌市白石区・札幌市厚別区境,,1108,0,0.6,札幌市白石区東米里2135,8686,札幌市白石区東米里2135,7417,16103,1.22,0.75,37.5,37.4,25,50
1606260030,東雁来江別線,,大麻東雁来線,1217,0,0.9,,4590,,3926,8516,1.21,0.62,54.6,39.4,18,50
1606260040,東雁来江別線,大麻東雁来線,大麻東雁来線,1217,0,0.4,,4590,,3926,8516,1.21,0.62,28.8,13.7,18,50
1606260050,東雁来江別線,大麻東雁来線,江別恵庭線,1217,0,4.1,,4590,,3926,8516,1.21,0.62,27,27.1,18,50
1606270010,文珠砂川線,赤平奈井江線,歌志内市・砂川市境,1227,0,1.1,砂川市焼山,1533,砂川市焼山,1591,3124,1.2,0.35,47.5,44.9,16.5,50
1606270020,文珠砂川線,歌志内市・砂川市境,砂川奈井江美唄線,1226,0,4.4,砂川市焼山,1533,砂川市焼山,1591,3124,1.2,0.37,57,54.4,10.5,50
1606270030,文珠砂川線,砂川奈井江美唄線,一般国道１２号,1226,0,1.1,砂川市焼山,1533,砂川市焼山,1591,3124,1.2,0.37,28.1,29.7,10.5,50
1606280010,小藤沼田線,増毛稲田線,妹背牛町・秩父別町境,1433,0,1.8,,353,,386,739,1.17,0.11,62.4,56.1,11.85,60
1606280020,小藤沼田線,妹背牛町・秩父別町境,一般国道２３３号,1434,0,1.9,,353,,386,739,1.17,0.12,60.8,56.2,12,60
1606280030,小藤沼田線,一般国道２３３号,秩父別町・沼田町境,1434,0,3.2,,446,,474,920,1.17,0.13,47.8,34,9,60
1606280040,小藤沼田線,秩父別町・沼田町境,沼田妹背牛線,1438,0,2.9,,446,,474,920,1.17,0.13,54.7,50.6,11.05,50
1606310010,ニセコ高原比羅夫線,,蘭越ニセコ倶知安線,1400,0,0.9,虻田郡倶知安町字山田,710,虻田郡倶知安町字山田,767,1477,1.19,0.23,36.8,38.1,15.5,30
1606310030,ニセコ高原比羅夫線,蘭越ニセコ倶知安線,一般国道５号,1400,0,1.7,,1218,,1200,2418,1.2,0.4,49,39.2,13,50
1606330010,函館港線,,一般国道２２７号,1202,0,0.1,,6772,,3976,10748,1.22,0.94,14.3,9,20,40
1606340010,城丘江差線,館町福島線,館町福島線,1363,0,5.7,檜山郡厚沢部町松園町,665,檜山郡厚沢部町松園町,661,1326,1.18,0.17,50.8,50.8,7.5,60
1606340020,城丘江差線,館町福島線,一般国道２２７号,1363,0,10.9,檜山郡厚沢部町松園町,665,檜山郡厚沢部町松園町,661,1326,1.18,0.17,53.4,53.7,7.5,60
1606350010,元村恵山線,椴法華港線,,1202,0,2,,172,,179,351,1.15,0.05,38.6,30.3,10,60
1606350030,元村恵山線,,一般国道２７８号,1202,0,7.2,函館市古武井町,853,函館市古武井町,846,1699,1.2,0.2,37.3,36.5,11,60
1606360010,渡島吉岡停車場線,,一般国道２２８号,1332,0,1,,945,,925,1870,1.2,0.19,18.4,32.6,15.5,30
1606370010,西川東静内停車場線,,,1610,0,3.4,,553,,497,1050,1.18,0,,,4,60
1606370030,西川東静内停車場線,,静内浦河線,1610,0,4.5,,553,,497,1050,1.18,0.14,60.6,61.6,7.6,60
1606370040,西川東静内停車場線,静内浦河線,静内浦河線,1610,0,1.8,,553,,497,1050,1.18,0.14,60.6,61.6,7.8,60
1606370050,西川東静内停車場線,静内浦河線,一般国道２３５号,1610,0,5.3,,609,,693,1302,1.19,0.22,55.2,59.4,7.8,60
1606370070,西川東静内停車場線,一般国道２３５号,,1610,0,0.2,,609,,693,1302,1.19,0.19,3.4,2.8,13,60
1606380010,宿志別振内停車場線,芽生貫気別線,一般国道２３７号,1602,0,12.5,平取町字芽生,70,平取町字芽生,62,132,1.12,0.03,43.5,45.4,8.5,60
1606380030,宿志別振内停車場線,一般国道２３７号,,1602,0,0.2,平取町字芽生,70,平取町字芽生,62,132,1.12,0.03,4.9,12.5,12,60
1606390010,上士別和寒線,士別滝の上線,士別市・和寒町境,1220,0,23.7,中川郡中川町字佐久,415,中川郡中川町字佐久,388,803,1.13,0.12,49.7,49.7,7.8,60
1606390020,上士別和寒線,士別市・和寒町境,一般国道４０号,1464,0,8.9,中川郡中川町字佐久,415,中川郡中川町字佐久,388,803,1.13,1.22,49.7,49.7,5,60
1606400010,中愛別上川線,一般国道３９号,愛別町・上川町境,1456,0,3.4,,195,,176,371,1.15,0.07,38.8,25.2,6.5,60
1606400020,中愛別上川線,愛別町・上川町境,愛山溪上川線,1457,0,0.1,,195,,176,371,1.15,0.06,55.4,45.7,9.5,60
1606400030,中愛別上川線,愛山溪上川線,上川停車場線,1457,0,8.3,,195,,176,371,1.15,0.07,38.9,50,7.8,60
1606410010,北旭川停車場線,北旭川停車場永山線,旭川環状線,1204,0,0.9,,9214,,10064,19278,1.24,0.8,33.1,21.9,25,50
1606430010,鬼鹿停車場線,,一般国道２３２号,1482,0,0.6,,853,,808,1661,1.19,0.22,22.2,8.1,9,40
1606450010,上問寒幌延停車場線,上問寒問寒別停車場線,豊富中頓別線,1520,0,6.1,上問寒,56,上問寒,48,104,1.12,0.02,60,56.7,9.5,60
1606450020,上問寒幌延停車場線,豊富中頓別線,豊富遠別線,1520,0,16.1,上問寒,56,上問寒,48,104,1.12,0.02,46.4,40.5,9.5,60
1606450040,上問寒幌延停車場線,稚内幌延線,,1520,0,0.3,上問寒,56,上問寒,48,104,1.12,0.03,7.8,10.6,15.5,40
1606460010,曲渕停車場線,,豊富猿払線,1214,0,0.6,,197,,187,384,1.15,0.06,24.7,23.3,11,40
1606470010,兵安上頓別停車場線,美深中頓別線,一般国道２７５号,1513,0,8.4,,52,,50,102,1.12,0.02,67.2,64,7.6,60
1606470030,兵安上頓別停車場線,一般国道２７５号,,1513,0,0,,52,,50,102,1.12,0.03,51.7,51.7,5,60
1606550010,仁倉端野線,留辺蕊浜佐呂間線,佐呂間町・北見市境,1552,0,7.2,,163,,204,367,1.15,0.09,54.8,54.6,9.5,60
1606550020,仁倉端野線,佐呂間町・北見市境,北見常呂線,1208,0,12,,163,,204,367,1.15,0.09,57.7,54.9,7.6,60
1606550040,仁倉端野線,北見常呂線,日吉端野線,1208,0,3.5,,126,,103,229,1.18,0.06,36.1,50.7,7.5,60
1606560010,湧別停車場サロマ湖線,,湧別上湧別線,1559,0,0.2,湧別町東,530,湧別町東,472,1002,1.18,0.15,23.4,16.3,17.2,40
1606560030,湧別停車場サロマ湖線,湧別上湧別線,,1559,0,12.8,湧別町東,530,湧別町東,472,1002,1.18,0.16,44.9,44.4,10.25,60
1606570010,美成忠類停車場線,一般国道３３６号,大樹町・幕別町境,1641,0,1.6,,88,,121,209,1.17,0.04,63,36.8,8,60
1606570020,美成忠類停車場線,大樹町・幕別町境,生花大樹線,1643,0,10,,88,,121,209,1.17,0.04,52.2,57.4,7.8,60
1606570040,美成忠類停車場線,一般国道２３６号,,1643,0,0.1,,88,,121,209,1.17,0.05,10.3,13.7,16,60
1606580010,本別本別停車場線,,一般国道２４２号,1646,0,7.2,中川郡本別町南1丁目,713,中川郡本別町南1丁目,775,1488,1.19,0.16,50.6,39,7.5,60
1606590010,勇足停車場線,,一般国道２４２号,1646,0,0.2,,178,,221,399,1.15,0.09,9,8.4,12,60
1606600010,居辺本別線,一般国道２４１号,上士幌音更線,1633,0,1.7,,174,,212,386,1.15,0.06,52.8,57.8,13,60
1606600020,居辺本別線,上士幌音更線,上士幌町・本別町境,1633,0,9.1,,22,,23,45,1.1,0.01,52.7,52.9,13,60
1606600030,居辺本別線,上士幌町・本別町境,本別士幌線,1646,0,18.2,,22,,23,45,1.1,0.01,60,55.9,8.2,60
1606610010,士幌然別湖線,本別士幌線,上士幌士幌音更線,1632,0,1.9,河東郡士幌町上音更,231,河東郡士幌町上音更,205,436,1.15,0.05,61.2,57,7.5,60
1606610020,士幌然別湖線,上士幌士幌音更線,士幌町・上士幌町境,1632,0,14.5,河東郡士幌町上音更,231,河東郡士幌町上音更,205,436,1.15,0.05,47.4,49.5,7.5,60
1606610030,士幌然別湖線,士幌町・上士幌町境,上士幌町・士幌町境,1633,0,0.3,河東郡士幌町上音更,231,河東郡士幌町上音更,205,436,1.15,0.05,53.4,53.4,9.2,60
1606610040,士幌然別湖線,上士幌町・士幌町境,士幌町・上士幌町境,1632,0,0.3,河東郡士幌町上音更,231,河東郡士幌町上音更,205,436,1.15,0.05,53.4,53.4,9.2,60
1606610050,士幌然別湖線,士幌町・上士幌町境,,1633,0,1.8,河東郡士幌町上音更,231,河東郡士幌町上音更,205,436,1.15,0.06,53.4,53.4,8.5,60
1606630010,植坂足寄停車場線,清水谷足寄線,一般国道２４２号,1647,0,12.2,,210,,221,431,1.15,0.13,44.8,54.2,8.5,60
1606630030,植坂足寄停車場線,一般国道２４１号,一般国道２４２号,1647,0,1.1,,210,,221,431,1.15,0.16,32.9,34.6,16.5,60
1606640050,モアショロ原野螺湾足寄停車場線,オンネトー線,,1647,0,3,,,,,,,,23.2,22.6,4.5,60
1606640010,モアショロ原野螺湾足寄停車場線,,北見白糠線,1647,0,12.6,足寄郡足寄町上螺湾,34,足寄郡足寄町上螺湾,19,53,1.21,0.01,44.8,42.2,8.5,60
1606640020,モアショロ原野螺湾足寄停車場線,北見白糠線,一般国道２４１号,1647,0,10.8,足寄郡足寄町上螺湾,34,足寄郡足寄町上螺湾,19,53,1.21,0.01,57.4,48.6,8.5,60
1606640030,モアショロ原野螺湾足寄停車場線,一般国道２４１号,,1647,0,11.6,足寄郡足寄町平和,181,足寄郡足寄町平和,182,363,1.12,0.07,60.2,46.1,7.5,60
1606650010,上茶路上茶路停車場線,,一般国道３９２号,1668,0,6.7,,5,,3,8,1.21,0.01,36.7,36.7,6,60
1606650030,上茶路上茶路停車場線,一般国道３９２号,,1668,0,0.1,,5,,3,8,1.21,0,36.7,36.7,6.5,60
1606660010,徹別原野釧路線,一般国道２４０号,一般国道２７４号,1206,0,8.4,,398,,450,848,1.17,0.21,38.1,38.1,8,60
1606660030,徹別原野釧路線,一般国道２７４号,阿寒標茶線,1206,0,8.2,,398,,450,848,1.17,0.21,57.5,63.2,8,60
1606660040,徹別原野釧路線,阿寒標茶線,山花鶴丘線,1206,0,9.6,釧路市北斗,2330,釧路市北斗,2070,4400,1.19,0.57,59,58.5,8,60
1606660050,徹別原野釧路線,山花鶴丘線,釧路鶴居弟子屈線,1206,0,5.3,釧路市北斗,2330,釧路市北斗,2070,4400,1.19,0.57,61,59,8,60
1606670010,徹別原野雄別停車場線,一般国道２４０号,雄別釧路線,1206,0,7.7,,23,,19,42,1.1,0.01,19.8,19.8,7,60
1606690010,中標津停車場線,,川北中標津線,1692,0,0.1,,754,,758,1512,1.19,0.17,8.9,7.6,18,40
1606750010,立待岬函館停車場線,,一般国道２７９号,1202,0,7,,567,,521,1088,1.18,0.13,,28.7,7,40
1606760030,七飯大野線,一般国道５号,七飯町・北斗市境,1337,0,1.7,,2468,,2604,5072,1.21,0.44,21.9,30.1,13.38,40
1606760040,七飯大野線,七飯町・北斗市境,一般国道２２７号,1236,0,2.7,,2468,,2604,5072,1.21,0.44,48.3,38.5,16,60
1606760050,七飯大野線,一般国道２２７号,大野上磯線,1236,0,0.5,,2468,,2604,5072,1.21,0.44,13.5,25.4,16,60
1606770010,小倉山丹羽停車場線,,一般国道２３０号,1371,0,11.6,,81,,70,151,1.12,0.03,48.5,48.5,7.5,60
1606770030,小倉山丹羽停車場線,一般国道２３０号,,1371,0,0.3,,81,,70,151,1.12,0.03,20.7,20.7,12.1,60
1606800010,班渓美深停車場線,,美深雄武線,1469,0,10.1,,158,,139,297,1.17,0.03,35.7,32.2,10.55,60
1606800030,班渓美深停車場線,一般国道４０号,,1469,0,0.3,,158,,139,297,1.17,0.05,5.5,8.3,17.5,40
1606820010,二又北見線,津別陸別線,訓子府津別線,1544,0,7.3,,15,,19,34,1.21,0.05,22.6,24.7,5,60
1606820030,二又北見線,訓子府津別線,北見津別線,1544,0,7.8,,31,,28,59,1.1,0.11,31.4,28.2,5,60
1606820050,二又北見線,北見津別線,津別町・北見市境,1544,0,4.6,津別町最上,23,津別町最上,15,38,1.21,0.05,31.8,31.8,5,60
1606820060,二又北見線,津別町・北見市境,,1208,0,3.3,津別町最上,23,津別町最上,15,38,1.21,0.2,,,4,60
1606820080,二又北見線,,北見美幌線,1208,0,0.8,,20,,18,38,1.21,0.42,31.8,31.8,4,60
1606830010,大観山公園線,一般国道３９号,一般国道２４４号,1211,0,9.5,網走市字呼人,2288,網走市字呼人,2149,4437,1.21,0.53,40,48.8,11.05,50
1606850010,計呂地若佐線,一般国道２３８号,湧別町・佐呂間町境,1559,0,9.6,,1307,,1305,2612,1.2,0.32,64.5,66.6,13.5,60
1606850020,計呂地若佐線,湧別町・佐呂間町境,一般国道３３３号,1552,0,3.2,,1307,,1305,2612,1.2,0.32,64,65.8,9.5,60
1606860010,鈴岡今金停車場線,,一般国道２３０号,1370,0,3.9,,518,,490,1008,1.18,0.17,53.7,39.3,10.25,60
1606860030,鈴岡今金停車場線,一般国道２３０号,,1370,0,0.1,,518,,490,1008,1.18,0.23,11.5,7.2,18,40
1606870010,美唄達布岩見沢線,江別奈井江線,岩見沢月形線,1210,0,9,,774,,835,1609,1.19,0.22,36.5,35.9,7.5,60
1606870020,美唄達布岩見沢線,岩見沢月形線,一般国道１２号,1210,0,0.8,,5817,,6642,12459,1.22,1.12,21.3,18.2,18,40
1606880010,名寄遠別線,一般国道４０号,名寄市・幌加内町境,1221,0,11.6,和寒町菊野,86,和寒町菊野,71,157,1.21,0.03,49.5,57.3,13.1,60
1606880020,名寄遠別線,名寄市・幌加内町境,一般国道２７５号,1472,0,6.9,和寒町菊野,86,和寒町菊野,71,157,1.21,0.04,55.5,63,8.6,60
1606880030,名寄遠別線,一般国道２７５号,蕗の台朱鞠内停車場線,1472,0,11.4,和寒町菊野,86,和寒町菊野,71,157,1.21,0.04,50,45,8.6,60
1606880040,名寄遠別線,蕗の台朱鞠内停車場線,板谷蕗の台線,1472,0,4.8,和寒町菊野,86,和寒町菊野,71,157,1.21,0.04,29.6,35.6,8.6,60
1606880050,名寄遠別線,板谷蕗の台線,,1472,0,5.6,和寒町菊野,86,和寒町菊野,71,157,1.21,0.04,52.4,47.2,8.6,60
1606880070,名寄遠別線,,上遠別霧立線,1486,0,3.5,天塩郡遠別町東野,263,天塩郡遠別町東野,288,551,1.15,0.12,50,50.4,9.5,60
1606880080,名寄遠別線,上遠別霧立線,豊富遠別線,1486,0,30.3,天塩郡遠別町東野,263,天塩郡遠別町東野,288,551,1.15,0.12,50,50.4,9.5,60
1602270015,赤平歌志内線,赤平滝川線,,1218,0,1.9,,1928,,1935,3863,1.2,0.59,43.3,46.6,16.5,40
1606910010,赤平歌志内線,,赤平市・歌志内市境,1218,0,5.6,,101,,101,202,1.17,0.03,39.5,43.6,7.5,40
1606910020,赤平歌志内線,赤平市・歌志内市境,赤平奈井江線,1227,0,2.6,,101,,101,202,1.17,0.03,21.5,21,7.5,40
1606920010,角田栗山停車場線,一般国道２３４号,朝日桜丘線,1429,0,5.8,,2580,,2619,5199,1.21,0.58,49.5,49.3,13.75,40
1606920020,角田栗山停車場線,朝日桜丘線,,1429,0,0.1,,2580,,2619,5199,1.21,0.58,4,9.5,13.75,40
1606930010,鷹泊鷹泊停車場線,,一般国道２７５号,1228,0,4.7,,101,,104,205,1.17,0.04,27,24.7,8.25,60
1606930030,鷹泊鷹泊停車場線,一般国道２７５号,,1228,0,0.2,,101,,104,205,1.17,0.04,50.4,50.4,12.5,60
1606940010,北長沼由仁線,恵庭栗山線,長沼町・由仁町境,1428,0,2.5,,1007,,1002,2009,1.2,0.44,52.1,55.9,10.06,40
1606940020,北長沼由仁線,長沼町・由仁町境,滝下由仁停車場線,1427,0,4.4,,1007,,1002,2009,1.2,0.44,56.4,54.2,10.06,40
1606950010,清原喜茂別線,一般国道２７６号,伊達市・喜茂別町境,1233,0,3.5,,92,,96,188,1.19,0.04,59.5,56.8,7.6,60
1606950020,清原喜茂別線,伊達市・喜茂別町境,一般国道２７６号,1398,0,8,,92,,96,188,1.19,0.04,60.2,56.9,9.85,60
1606960010,喜茂別停車場線,,一般国道２３０号,1398,0,0.9,,122,,155,277,1.16,0.05,44.3,33.6,15,40
1606970010,天神南小樽停車場線,,一般国道３９３号,1203,0,1.5,,2669,,2591,5260,1.21,0.68,25.4,15.8,18,40
1606970020,天神南小樽停車場線,一般国道３９３号,小樽環状線,1203,0,1.9,,5731,,5783,11514,1.22,1.09,31.3,31.4,18,40
1606970030,天神南小樽停車場線,小樽環状線,一般国道５号,1203,0,1.5,,5731,,5783,11514,1.22,1.09,23.5,22,18,40
1606970050,天神南小樽停車場線,一般国道５号,,1203,0,0.7,,4902,,4608,9510,1.22,1,14.8,16,18,40
1606980010,湯の里渡島知内停車場線,一般国道２２８号,一般国道２２８号,1333,0,10.2,,473,,517,990,1.18,0.13,59.3,59,10,50
1606990010,室蘭港線,一般国道３７号,祝津西小路中央線,1205,0,0.1,,7271,,6688,13959,1.22,1.47,27.9,27.7,18,40
1606990020,室蘭港線,祝津西小路中央線,祝津西小路中央線,1205,0,3.1,,7271,,6688,13959,1.22,1.47,28.2,27.2,18,40
1606990030,室蘭港線,祝津西小路中央線,中央東線,1205,0,0.3,,7271,,6688,13959,1.22,0.48,14.9,18.5,31.5,40
1606990040,室蘭港線,中央東線,一般国道３６号,1205,0,0.4,,7271,,6688,13959,1.22,0.48,25.6,22.8,31.5,40
1607010010,登別港線,,一般国道３６号,1230,0,3.5,,3690,,4139,7829,1.21,0.67,43.9,36.3,8,50
1607020010,美和豊浦停車場線,新富神里線,一般国道３７号,1571,0,7.5,虻田郡豊浦町字幸町88,320,虻田郡豊浦町字幸町88,349,669,1.17,0.08,55.6,55,7.6,60
1607020020,美和豊浦停車場線,一般国道３７号,,1571,0,1.5,虻田郡豊浦町字幸町88,320,虻田郡豊浦町字幸町88,349,669,1.17,0.08,27.3,26.9,7.6,60
1607030010,洞爺湖公園線,洞爺湖登別線,壮瞥町・伊達市境,1575,0,4.1,,1595,,1793,3388,1.2,0.54,49.8,52.6,12,50
1607030020,洞爺湖公園線,壮瞥町・伊達市境,上長和萩原線,1233,0,0.5,,1595,,1793,3388,1.2,0.61,48.8,47.1,11,50
1607030030,洞爺湖公園線,上長和萩原線,一般国道４５３号,1233,0,0.3,,1595,,1793,3388,1.2,0.61,21.8,18.7,11,50
1607040010,崎守停車場線,,一般国道３７号,1205,0,0.9,,655,,763,1418,1.19,0.17,41.5,18,18,50
1607050010,ベベルイ中富良野停車場線,,上富良野旭中富良野線,1461,0,4.8,,956,,1007,1963,1.2,0.26,47.8,55.7,7.8,60
1607050030,ベベルイ中富良野停車場線,上富良野旭中富良野線,一般国道２３７号,1461,0,4.7,,956,,1007,1963,1.2,0.26,34.8,32.2,13,60
1607050050,ベベルイ中富良野停車場線,一般国道２３７号,,1461,0,0.1,,956,,1007,1963,1.2,0.36,6.1,12.7,15.5,40
1607060010,南陽山部停車場線,,山部北の峰線,1229,0,6.1,,1007,,894,1901,1.2,0.28,40.3,41.5,7.5,60
1607060020,南陽山部停車場線,山部北の峰線,一般国道３８号,1229,0,1.4,,1007,,894,1901,1.2,0.27,40.3,41.5,16.5,60
1607070010,鬼鹿港線,,一般国道２３２号,1482,0,0.1,,853,,808,1661,1.19,0.25,7.5,6.6,9.25,60
1607080010,有明天塩有明停車場線,,一般国道２３２号,1485,0,11.8,,195,,204,399,1.15,0.09,48.2,48.9,7.8,60
1607100010,浅芽野台地浜頓別線,一般国道２３８号,猿払村・浜頓別町境,1511,0,0.3,,64,,64,128,1.12,0.05,38.1,45.1,7.6,60
1607100020,浅芽野台地浜頓別線,猿払村・浜頓別町境,豊富浜頓別線,1512,0,9.7,,64,,64,128,1.12,0.05,50.9,51.7,7.6,60
1607110010,社名淵瀬戸瀬停車場線,遠軽雄武線,一般国道３３３号,1555,0,9.1,,135,,129,264,1.16,0.05,61.7,58.7,8.5,60
1607120010,緑蔭中湧別停車場線,,一般国道２３８号,1559,0,5,,1428,,1217,2645,1.2,0.38,52.3,52.3,7.6,60
1607120030,緑蔭中湧別停車場線,一般国道２４２号,,1559,0,0.2,,1428,,1217,2645,1.2,0.52,11.6,11.9,13,40
1607130010,中渚滑紋別停車場線,一般国道２７３号,一般国道２３８号,1219,0,6.2,,1356,,1409,2765,1.2,0.4,45,52.8,12.25,60
1607130020,中渚滑紋別停車場線,一般国道２３８号,紋別丸瀬布線,1219,0,1.1,,1356,,1409,2765,1.2,0.4,21.6,23.4,12.25,60
1607130040,中渚滑紋別停車場線,紋別丸瀬布線,紋別港線,1219,0,0.7,,1356,,1409,2765,1.2,0.56,23,27.8,18,40
1607130050,中渚滑紋別停車場線,紋別港線,紋別丸瀬布線,1219,0,0.1,,1356,,1409,2765,1.2,0.56,11.5,13.4,18,40
1607130060,中渚滑紋別停車場線,紋別丸瀬布線,,1219,0,0.2,,1356,,1409,2765,1.2,0.28,11.2,11.7,22,40
1607140010,住吉女満別停車場線,,嘉多山美幌線,1564,0,4.3,,750,,777,1527,1.19,0.31,51,38.1,13,60
1607140020,住吉女満別停車場線,嘉多山美幌線,一般国道３９号,1564,0,2.4,,750,,777,1527,1.19,0.31,51,38.1,13,60
1607140040,住吉女満別停車場線,一般国道３９号,,1564,0,0.1,,750,,777,1527,1.19,0.45,10.2,18.2,19,40
1607150010,芽室東四条帯広線,豊頃糠内芽室線,芽室町・帯広市境,1637,0,4.6,河西郡芽室町東芽室南2線,6309,河西郡芽室町東芽室南2線,6522,12831,1.22,0.39,45.4,47.3,32,60
1607150020,芽室東四条帯広線,芽室町・帯広市境,川西芽室音更線,1207,0,1.1,,10322,,11523,21845,1.24,0.8,36,33.3,25,50
1607150030,芽室東四条帯広線,川西芽室音更線,幕別帯広芽室線,1207,0,0.5,,10322,,11523,21845,1.24,0.8,23.2,23.4,25,50
1607150050,芽室東四条帯広線,幕別帯広芽室線,一般国道３８号,1207,0,1.1,,8775,,8669,17444,1.23,0.65,21.2,15.2,50,50
1607160010,駒畠更別線,幕別大樹線,幕別町・更別村境,1643,0,3.7,,377,,375,752,1.17,0.12,59.3,59.1,7.5,60
1607160020,駒畠更別線,幕別町・更別村境,更別幕別線,1639,0,6.1,,377,,375,752,1.17,0.12,57.4,57.6,7.5,60
1607160030,駒畠更別線,更別幕別線,一般国道２３６号,1639,0,3.1,,818,,791,1609,1.19,0.22,39.2,46.1,10.45,60
1607160050,駒畠更別線,更別停車場線,一般国道２３６号（帯広広尾道）,1639,0,0.8,,818,,791,1609,1.19,0.23,31.3,32.4,12,60
1607170010,札友内弟子屈停車場線,一般国道２４３号,一般国道２４１号,1665,0,4,川上郡弟子屈町美里2丁目,1061,川上郡弟子屈町美里2丁目,1119,2180,1.2,0.34,50.8,48.4,10.55,60
1607170020,札友内弟子屈停車場線,一般国道２４１号,釧路鶴居弟子屈線,1665,0,1.7,川上郡弟子屈町美里2丁目,1061,川上郡弟子屈町美里2丁目,1119,2180,1.2,0.34,50.8,48.4,10.55,60
1607170040,札友内弟子屈停車場線,釧路鶴居弟子屈線,,1665,0,0,川上郡弟子屈町美里2丁目,1061,川上郡弟子屈町美里2丁目,1119,2180,1.2,0.3,4.2,20,15,40
1607180010,忠別清水線,,,1459,0,3.9,,188,,198,386,1.15,0.35,39.3,39.3,6.5,60
1607180030,忠別清水線,,屈足鹿追線,1635,0,38,上川郡新得町トムラウシ　パンケ橋,166,上川郡新得町トムラウシ　パンケ橋,176,342,1.19,0.08,47.7,44.1,7.5,60
1607180040,忠別清水線,屈足鹿追線,帯広新得線,1635,0,10.9,,870,,989,1859,1.2,0.22,52.8,50.5,14,60
1607180050,忠別清水線,帯広新得線,新得町・清水町境,1635,0,0.4,,733,,979,1712,1.19,0.24,31.4,31.7,11.5,60
1607180060,忠別清水線,新得町・清水町境,一般国道２７４号,1636,0,6.7,,733,,979,1712,1.19,0.24,59.7,55,10.25,60
1607180070,忠別清水線,一般国道２７４号,一般国道３８号,1636,0,11.5,,733,,979,1712,1.19,0.24,59.3,61.7,8.56,60
1607280010,中幌向栗沢線,一般国道１２号,栗沢南幌線,1210,0,6.9,岩見沢市双葉町181番地,1039,岩見沢市双葉町181番地,1083,2122,1.2,0.26,44.6,48.9,9.75,50
1607290010,朱鞠内風連線,一般国道２７５号,幌加内町・名寄市境,1472,0,3.9,,191,,178,369,1.15,0.09,57.1,64.5,9.5,60
1607290020,朱鞠内風連線,幌加内町・名寄市境,西風連士別線,1221,0,4.5,,191,,178,369,1.15,0.09,56.2,66.5,7.8,60
1607290030,朱鞠内風連線,西風連士別線,西風連名寄線,1221,0,3.2,,191,,178,369,1.15,0.09,57.7,54.4,7.8,60
1607290040,朱鞠内風連線,西風連名寄線,瑞生下士別線,1221,0,0.8,,609,,650,1259,1.19,0.2,61.2,53.4,9.25,40
1607290050,朱鞠内風連線,瑞生下士別線,一般国道４０号,1221,0,3.8,,609,,650,1259,1.19,0.2,37.4,27.3,9.25,40
1607300010,丸駒線,一般国道４５３号,,1224,0,2.8,,359,,377,736,1.17,0.1,35,21.7,7.5,40
1607320010,上猿払浅茅野線,豊富浜頓別線,一般国道２３８号,1511,0,17.8,,4,,3,7,1.21,0,38.8,43.5,4.5,60
1607340010,熊牛御影線,帯広新得線,芽室町・清水町境,1637,0,1,河西郡芽室町毛根北,1203,河西郡芽室町毛根北,1082,2285,1.2,0.32,49.4,55.4,7.5,60
1607340020,熊牛御影線,芽室町・清水町境,一般国道３８号,1636,0,2,河西郡芽室町毛根北,1203,河西郡芽室町毛根北,1082,2285,1.2,0.33,55.4,48.7,10.5,60
1607370010,標津停車場線,,一般国道２４４号,1693,0,0.1,,797,,881,1678,1.19,0.27,25.4,12.6,26,40
1607400010,北桧山大成線,一般国道２２９号,,1371,0,13.1,久遠郡せたな町北檜山区太櫓,248,久遠郡せたな町北檜山区太櫓,238,486,1.15,0.07,46.9,46.5,8,60
1607400020,北桧山大成線,,,1371,0,7.2,久遠郡せたな町北檜山区太櫓,248,久遠郡せたな町北檜山区太櫓,238,486,1.15,0.07,46.9,46.5,8,60
1607400030,北桧山大成線,,一般国道２２９号,1371,0,12.4,久遠郡せたな町大成区上浦,266,久遠郡せたな町大成区上浦,249,515,1.16,0.07,46.9,46.5,8,60
1607410010,上遠別霧立線,名寄遠別線,,1486,0,0.5,,32,,32,64,1.1,0.01,,,12.3,60
1607410030,上遠別霧立線,,築別炭鉱築別停車場線,1484,0,6.3,,32,,32,64,1.1,0.01,48.3,48.3,9.3,60
1607410050,上遠別霧立線,築別炭鉱築別停車場線,上羽幌羽幌停車場線,1484,0,7.1,,32,,32,64,1.1,0.01,42,49,9.5,60
1607410060,上遠別霧立線,上羽幌羽幌停車場線,,1484,0,9,,32,,32,64,1.1,0.01,48.3,48.3,9.5,60
1607410080,上遠別霧立線,,一般国道２３９号,1483,0,1.9,,32,,32,64,1.1,0.01,48.3,48.3,9.1,60
1607420010,霧立小平線,一般国道２３９号,苫前町・小平町境,1483,0,5.9,留萌郡小平町川上,124,留萌郡小平町川上,129,253,1.16,0.1,51.5,50.2,9.5,60
1607420020,霧立小平線,苫前町・小平町境,小平幌加内線,1482,0,9.5,留萌郡小平町川上,124,留萌郡小平町川上,129,253,1.16,0.1,51.5,50.2,8.6,60
1607460010,高見西舎線,,美河三石停車場線,1610,0,2.1,,40,,39,79,1.21,0.01,42.4,41.1,8.6,60
1607460030,高見西舎線,美河三石停車場線,新ひだか町・浦河町境,1610,0,3.8,,40,,39,79,1.21,0.09,29.1,45.1,5.5,60
1607460040,高見西舎線,新ひだか町・浦河町境,野深荻伏停車場線,1607,0,2,,40,,39,79,1.21,0.09,43.7,45.2,6,60
1607460060,高見西舎線,,上向別浦河停車場線,1607,0,8,,40,,39,79,1.21,0.01,59,62.5,9.5,60
1607460080,高見西舎線,上向別浦河停車場線,一般国道２３６号,1607,0,9.5,浦河町字上向別,37,浦河町字上向別,33,70,1.1,0.01,37.3,38.7,7.8,60
1607470010,上羽幌羽幌停車場線,上遠別霧立線,平羽幌線,1484,0,8.8,,111,,94,205,1.17,0.03,42.1,58.1,7.8,60
1607470020,上羽幌羽幌停車場線,平羽幌線,羽幌原野古丹別停車場線,1484,0,1.8,,111,,94,205,1.17,0.03,38.5,39.5,7.8,60
1607470030,上羽幌羽幌停車場線,羽幌原野古丹別停車場線,一般国道２３２号,1484,0,7.8,,847,,859,1706,1.19,0.19,39.5,36.5,21.82,60
1607470050,上羽幌羽幌停車場線,一般国道２３２号,,1484,0,0.6,,847,,859,1706,1.19,0.27,8.3,14.2,22,40
1607490010,鳩山継立停車場線,三笠栗山線,札幌夕張線,1429,0,9.1,夕張郡栗山町雨煙別163,624,夕張郡栗山町雨煙別163,598,1222,1.19,0.21,58.6,57.7,15.5,50
1607500010,真谷地沼の沢停車場線,,一般国道４５２号,1209,0,4.9,,39,,28,67,1.1,0.01,51.4,51.4,9,40
1607510010,新篠津金沢線,月形幌向線,新篠津村・当別町境,1304,0,5.7,,148,,126,274,1.16,0.04,52.9,57.9,8.5,60
1607510020,新篠津金沢線,新篠津村・当別町境,一般国道２７５号,1303,0,0.2,,148,,126,274,1.16,0.04,38.1,26,8.5,60
1607520010,名駒田下線,磯谷蘭越線,一般国道５号,1394,0,10.8,,112,,97,209,1.17,0.05,42.4,54.3,7.5,60
1607530005,登余市停車場線,余市赤井川線,後志自動車道,1408,0,5.3,余市郡余市町黒川町15丁目,3550,余市郡余市町黒川町15丁目,3777,7327,1.21,0.68,45.4,44,13,60
1607530010,登余市停車場線,後志自動車道,一般国道５号,1408,0,2.4,余市郡余市町黒川町15丁目,3550,余市郡余市町黒川町15丁目,3777,7327,1.21,0.68,32.9,32,13,60
1607530020,登余市停車場線,一般国道５号,,1408,0,0.1,,,,,,,,4.4,6,11,60
1607550010,然別余市線,,仁木町・余市町境,1407,0,12.4,,199,,201,400,1.15,0.09,30.6,27.4,7.5,60
1607550020,然別余市線,仁木町・余市町境,一般国道５号,1408,0,3,,199,,201,400,1.15,0.09,40.6,35,15.5,50
1607560010,大野上磯線,上磯峠下線,七飯大野線,1236,0,0.8,北斗市久根別,1587,北斗市久根別,1513,3100,1.21,0.34,26.1,30.1,12.5,40
1607560020,大野上磯線,七飯大野線,大野大中山線,1236,0,0.6,北斗市久根別,1587,北斗市久根別,1513,3100,1.21,0.34,20.2,21.8,12.5,40
1607560030,大野上磯線,大野大中山線,一般国道２２８号,1236,0,7.5,北斗市久根別,1587,北斗市久根別,1513,3100,1.21,0.34,37.9,37.8,12.5,40
1607580010,パンケ風連線,下川愛別線,,1468,0,3.2,,80,,71,151,1.12,0.3,57.3,57.3,4,60
1607580030,パンケ風連線,,下川町・名寄市境,1468,0,0.8,,,,,,,,,,4,60
1607580040,パンケ風連線,下川町・名寄市境,,1221,0,2.5,,,,,,,,,,4,60
1607580060,パンケ風連線,,,1221,0,1.7,,,,,,,,,,9.5,60
1607580080,パンケ風連線,,,1221,0,0.8,,,,,,,,,,3.5,60
1607580100,パンケ風連線,,旭名寄線,1221,0,8.7,,54,,52,106,1.12,0.02,53.3,53.3,7.6,50
1607590010,奈江富良野線,留辺蕊上富良野線,上富良野町・中富良野町境,1460,0,0.8,,139,,138,277,1.16,0.04,51.9,59.8,9,60
1607590020,奈江富良野線,上富良野町・中富良野町境,上富良野中富良野線,1461,0,9.6,,139,,138,277,1.16,0.04,59.7,59,9.3,60
1607590030,奈江富良野線,上富良野中富良野線,,1461,0,0.3,,139,,138,277,1.16,0.04,54.1,56.5,9.3,60
1607590080,奈江富良野線,,上富良野中富良野線,1461,0,1.5,空知郡中富良野町福原,409,空知郡中富良野町福原,458,867,1.17,0.16,42,46.5,7.5,60
1607590060,奈江富良野線,上富良野中富良野線,中富良野町・富良野市境,1461,0,3.3,空知郡中富良野町字中富良野基線北,1138,空知郡中富良野町字中富良野基線北,1047,2185,1.2,0.26,42,46.5,7.5,60
1607590070,奈江富良野線,中富良野町・富良野市境,,1229,0,0.2,空知郡中富良野町字中富良野基線北,1138,空知郡中富良野町字中富良野基線北,1047,2185,1.2,0.23,43,34.3,12,60
1607590050,奈江富良野線,,一般国道２３７号,1229,0,2.5,空知郡中富良野町字中富良野基線北,1138,空知郡中富良野町字中富良野基線北,1047,2185,1.2,0.23,43,34.3,12,40
1607600010,智恵文美深線,一般国道４０号,名寄市・美深町境,1221,0,3.3,,135,,126,261,1.16,0.06,43.7,52.7,7.5,60
1607600020,智恵文美深線,名寄市・美深町境,一般国道２７５号,1469,0,2.9,,135,,126,261,1.16,0.06,34.9,55.4,7.8,60
1607610010,北旭川停車場永山線,北旭川停車場線,一般国道１２号,1204,0,1,旭川市永山町6丁目,6499,旭川市永山町6丁目,6270,12769,1.23,0.65,38.5,32.1,25,50
1607610020,北旭川停車場永山線,一般国道１２号,鷹栖東神楽線,1204,0,1.4,旭川市永山町6丁目,6499,旭川市永山町6丁目,6270,12769,1.23,0.65,30.1,32.8,25,50
1607610030,北旭川停車場永山線,鷹栖東神楽線,東鷹栖永山線,1204,0,2.8,旭川市永山町,1353,旭川市永山町,1371,2724,1.2,0.34,40.9,45.4,14,50
1607610040,北旭川停車場永山線,東鷹栖永山線,一般国道３９号,1204,0,0.6,旭川市永山町,1353,旭川市永山町,1371,2724,1.2,0.33,29,25.4,12,60
1607620010,平羽幌線,上羽幌羽幌停車場線,一般国道２３２号,1484,0,9.4,,367,,437,804,1.17,0.14,30.1,50.1,11.5,60
1607630010,兜沼豊徳線,抜海兜沼停車場線,稚咲内豊富停車場線,1516,0,18.7,,85,,101,186,1.18,0.03,46.3,53.9,13.25,60
1607640010,本幌別上毛登別線,歌登咲来停車場線,枝幸音威子府線,1514,0,9,,54,,43,97,1.21,0.01,52,52,9.5,60
1607650010,元地香深線,,礼文島線,1517,0,2.3,トンナイ,398,トンナイ,396,794,1.18,0.15,39.8,36.5,8,40
1607660010,和訓辺渚滑停車場線,,紋別興部線,1219,0,5.1,,39,,41,80,1.21,0.01,50.8,62.8,7.5,60
1607660020,和訓辺渚滑停車場線,紋別興部線,一般国道２７３号,1219,0,4.5,,39,,41,80,1.21,0.01,50.8,38.3,7.5,60
1607670010,明生北浜線,一般国道３３４号,大空町・網走市境,1564,0,3.1,,199,,184,383,1.15,0.06,66.3,55.8,7.6,60
1607670020,明生北浜線,大空町・網走市境,小清水女満別線,1211,0,3.4,,199,,184,383,1.15,0.06,51,33.3,7.6,60
1607670030,明生北浜線,小清水女満別線,一般国道２４４号,1211,0,8.2,,199,,184,383,1.15,0.06,44.5,52,7.6,60
1607680010,相生津別停車場線,一般国道２４０号,一般国道２４０号,1544,0,19,,154,,151,305,1.16,0.08,59.3,44.5,7.5,60
1607680030,相生津別停車場線,一般国道２４０号,,1544,0,0.4,,154,,151,305,1.16,0.08,10.1,7.7,17.5,40
1607690010,斜里停車場美咲線,斜里停車場線,斜里港線,1545,0,0.2,,192,,189,381,1.15,0.08,14,17.8,8,60
1607690015,斜里停車場美咲線,斜里港線,,1545,0,4.2,,192,,189,381,1.15,0.08,55.6,52.2,8,60
1607690040,斜里停車場美咲線,,一般国道２４４号,1545,0,4.6,,192,,189,381,1.15,0.08,58,44.8,8,60
1607700010,美里別本別停車場線,本別留辺蕊線,勇足本別停車場線,1646,0,17.4,,200,,198,398,1.15,0.07,57.6,53.1,8.5,60
1607710100,笹川士幌線,一般国道２７４号,鹿追町・音更町境,1634,0,5.7,,,,,,,,48.4,37.9,9.5,60
1607710110,笹川士幌線,鹿追町・音更町境,東瓜幕芽室線,1631,0,2.8,,,,,,,,49.2,46.3,8.8,60
1607710040,笹川士幌線,東瓜幕芽室線,上士幌士幌音更線,1631,0,8.5,,176,,195,371,1.15,0.07,55.8,58.7,7.5,60
1607710060,笹川士幌線,上士幌士幌音更線,音更町・士幌町境,1631,0,1,,176,,195,371,1.15,0.07,46.3,55.5,10,60
1607710070,笹川士幌線,音更町・士幌町境,一般国道２４１号,1632,0,1.9,,176,,195,371,1.15,0.07,44.4,30.9,10,60
1607710090,笹川士幌線,一般国道２４１号,士幌停車場線,1632,0,1.3,,1409,,1377,2786,1.2,0.3,40.3,30.1,16.5,50
1607720010,上斗満大誉地線,斗満陸別停車場線,陸別町・足寄町境,1648,0,3.5,,30,,32,62,1.1,0.01,48.5,19.2,9.5,60
1607720020,上斗満大誉地線,陸別町・足寄町境,一般国道２４２号,1647,0,10.4,,30,,32,62,1.1,0.01,59,46.9,9.5,60
1607730010,萌和大樹停車場線,,清水大樹線,1641,0,7.1,,137,,130,267,1.16,0.05,41.8,33.2,8.2,60
1607730030,萌和大樹停車場線,一般国道２３６号,旭浜大樹停車場線,1641,0,0.5,,584,,512,1096,1.18,0.18,15.5,16.1,18,40
1607740010,川北中標津線,一般国道２４４号,川北茶志骨線,1693,0,6,,1155,,1159,2314,1.2,0.26,65,65.4,11.8,60
1607740020,川北中標津線,川北茶志骨線,標津町・中標津町境,1693,0,3.4,,1155,,1159,2314,1.2,0.26,57.8,59,11.8,60
1607740030,川北中標津線,標津町・中標津町境,上武佐計根別停車場線,1692,0,1.7,,1155,,1159,2314,1.2,0.26,67.7,65.5,12.5,60
1607740040,川北中標津線,上武佐計根別停車場線,中標津空港線,1692,0,6.1,標津郡中標津町字武佐,1393,標津郡中標津町字武佐,1332,2725,1.18,0.51,66.8,61,11.55,60
1607740060,川北中標津線,中標津標茶線,中標津停車場線,1692,0,0.2,,4530,,4858,9388,1.22,1.02,17.4,18.5,18,50
1607740070,川北中標津線,中標津停車場線,一般国道２７２号,1692,0,3.6,,4530,,4858,9388,1.22,1.02,28.5,27.8,18,50
1607750010,上武佐計根別停車場線,川北中標津線,開陽川北線,1692,0,3.4,標津郡中標津町字西竹,219,標津郡中標津町字西竹,193,412,1.15,0.06,60.3,40.1,10.5,60
1607750020,上武佐計根別停車場線,開陽川北線,摩周湖中標津線,1692,0,4.8,標津郡中標津町字西竹,219,標津郡中標津町字西竹,193,412,1.15,0.06,64.7,62.4,10.5,60
1607750030,上武佐計根別停車場線,摩周湖中標津線,俣落西５条線,1692,0,4.3,標津郡中標津町字西竹,219,標津郡中標津町字西竹,193,412,1.15,0.06,64.4,55.3,10.5,60
1607750040,上武佐計根別停車場線,俣落西５条線,中標津標茶線,1692,0,12.9,標津郡中標津町字西竹,219,標津郡中標津町字西竹,193,412,1.15,0.06,49.7,49.7,10.5,60
1607760010,北滝の川東滝川停車場線,一般国道１２号,,1225,0,3.8,,643,,536,1179,1.19,0.21,42.6,45.3,10,50
1607770010,川崎三の原線,豊浦京極線,真狩村・留寿都村境,1396,0,2.2,,324,,387,711,1.16,0.12,58.7,56,8.5,60
1607770020,川崎三の原線,真狩村・留寿都村境,三ノ原ニセコ線,1397,0,5.7,,324,,387,711,1.16,0.12,61.9,61.1,7.6,60
1607780010,濁川温泉線,,一般国道５号,1345,0,7.1,,517,,517,1034,1.18,0.2,33.7,30,10,60
1607790010,南黄金長和線,一般国道３７号,伊達紋別停車場線,1233,0,9,伊達市山下町,2901,伊達市山下町,3027,5928,1.21,0.51,41.3,41.9,9.75,50
1607790020,南黄金長和線,伊達紋別停車場線,伊達紋別停車場線,1233,0,3.6,,3230,,3626,6856,1.21,0.76,34.3,25.6,21,40
1607800010,花咲港温根沼線,,根室浜中釧路線,1223,0,2,根室市東和田,191,根室市東和田,249,440,1.16,0.08,64.5,62.1,13.5,60
1607800020,花咲港温根沼線,根室浜中釧路線,一般国道４４号,1223,0,3.1,根室市温根沼,356,根室市温根沼,442,798,1.19,0.15,60.1,52.3,10.5,50
1607810005,苫小牧環状線,,上厚真苫小牧線,1213,0,12.8,,5117,,5107,10224,1.22,0.67,45.8,41.5,18.5,60
1607810010,苫小牧環状線,上厚真苫小牧線,一般国道２３４号,1213,0,1.7,,5117,,5107,10224,1.22,1.4,35.8,36.5,18.8,50
1607810030,苫小牧環状線,上厚真苫小牧線,,1213,0,0.7,,,,,,,,14,29.2,22.5,60
1607810040,苫小牧環状線,,一般国道３６号,1213,0,1.1,,,,,,,,26.1,24.1,36,60
1607810050,苫小牧環状線,一般国道３６号,一般国道２７６号,1213,0,4.7,苫小牧市三光町三光町6丁目,12410,苫小牧市三光町三光町6丁目,13286,25696,1.25,1.07,31.2,26.7,30,60
1607810070,苫小牧環状線,一般国道２７６号,樽前錦岡線,1213,0,9,苫小牧市日新日新歩道橋,11067,苫小牧市日新日新歩道橋,11038,22105,1.25,0.6,29.4,26.2,36,50
1607810080,苫小牧環状線,樽前錦岡線,,1213,0,4.3,,3776,,3980,7756,1.21,0.31,37,33.4,36,50
1607820010,上登別室蘭線,洞爺湖登別線,弁景幌別線,1230,0,10.5,登別市中央町5丁目,863,登別市中央町5丁目,962,1825,1.2,0.24,47.7,47,12.3,50
1607820015,上登別室蘭線,弁景幌別線,,1230,0,2.9,,9223,,9466,18689,1.24,1.29,30.2,30.2,13.5,40
1607820020,上登別室蘭線,,登別市・室蘭市境,1230,0,4.6,登別市若山2丁目,8919,登別市若山2丁目,9006,17925,1.25,0.53,28.4,30.7,25,50
1607820030,上登別室蘭線,登別市・室蘭市境,室蘭環状線,1205,0,0.1,登別市若山2丁目,8919,登別市若山2丁目,9006,17925,1.25,0.67,18.6,13.5,23,50
1607830010,東大里瀬棚停車場線,,一般国道２２９号,1371,0,10.7,,68,,72,140,1.12,0.03,40,40,7.5,60
1607840010,黒橋京極線,一般国道２３０号,喜茂別町・京極町境,1398,0,4.3,,,,,,,,,,3,60
1607840020,黒橋京極線,喜茂別町・京極町境,,1399,0,5.7,,,,,,,,,,3,60
1607840040,黒橋京極線,,一般国道２７６号,1399,0,6.9,虻田郡京極町字京極,425,虻田郡京極町字京極,340,765,1.17,0.11,48.3,45.2,9.5,60
1607850010,豊富中頓別線,豊富浜頓別線,豊富町・幌延町境,1516,0,3.2,,31,,36,67,1.1,0.02,48.7,58.1,10,60
1607850020,豊富中頓別線,豊富町・幌延町境,上問寒幌延停車場線,1520,0,5.7,,31,,36,67,1.1,0.02,54.6,60.7,9.5,60
1607850040,豊富中頓別線,上問寒問寒別停車場線,幌延町・中頓別町境,1520,0,8.3,,79,,68,147,1.12,0.03,64.7,61.3,10,60
1607850050,豊富中頓別線,幌延町・中頓別町境,一般国道２７５号,1513,0,12.4,,79,,68,147,1.12,0.03,64.2,60.4,9,60
1607880010,芦別停車場線,,一般国道３８号,1216,0,1.7,,2195,,2454,4649,1.21,0.42,18.8,19.3,15,40
1607890010,上志文四条東線,三笠栗山線,一般国道１２号,1210,0,5.5,,584,,668,1252,1.19,0.15,40.1,40.6,9.75,50
1607890020,上志文四条東線,一般国道１２号,岩見沢月形線,1210,0,0.7,,3240,,3301,6541,1.21,0.62,15.9,15.5,18,50
1607900010,仁別大曲線,,仁別大曲線,1234,0,6,北広島市大曲148,4382,北広島市大曲148,4890,9272,1.22,0.68,50,39.1,18,50
1607900020,仁別大曲線,仁別大曲線,一般国道３６号,1234,0,0.6,北広島市大曲148,4382,北広島市大曲148,4890,9272,1.22,0.68,14.3,17.4,18,50
1607900030,仁別大曲線,仁別大曲線,,1234,0,1.9,北広島市大曲148,4382,北広島市大曲148,4890,9272,1.22,0.68,37.5,38.7,18,50
1607900040,仁別大曲線,,,1234,0,0.8,北広島市大曲148,4382,北広島市大曲148,4890,9272,1.22,0.68,62.5,62.9,18,50
1607900050,仁別大曲線,,一般国道３６号,1234,0,0.7,,,,,,,,52.1,44,18,40
1607910010,峠宮田線,,一般国道５号,1395,0,4,,228,,156,384,1.15,0.21,35,35,6,60
1607920010,ニセコ停車場線,,岩内洞爺線,1395,0,0.5,,1220,,1204,2424,1.2,0.38,28.7,21.3,12,40
1607920030,ニセコ停車場線,岩内洞爺線,一般国道５号,1395,0,2.1,虻田郡ニセコ町字富士見,1313,虻田郡ニセコ町字富士見,1303,2616,1.2,0.32,30.8,19.5,10.75,40
1607930010,旭台今金線,,今金北檜山線,1370,0,15,,420,,428,848,1.17,0.29,49.6,49.6,7.5,60
1607940010,森停車場線,霞台森停車場線,森砂原線,1345,0,0.6,,2308,,2292,4600,1.21,0.57,14.4,15.9,16,40
1607940020,森停車場線,森砂原線,一般国道５号,1345,0,1.1,,2308,,2292,4600,1.21,0.57,26.6,26.4,16,40
1607950010,共和鶉線,,一般国道２２７号,1363,0,6.5,,356,,390,746,1.17,0.09,53.8,46.9,12.5,60
1607960010,西端春立線,,静内浦河線,1610,0,1.7,,432,,479,911,1.17,0.15,60.7,52.9,7.8,60
1607960020,西端春立線,静内浦河線,一般国道２３５号,1610,0,7.2,,432,,479,911,1.17,0.15,60.7,52.9,7.8,60
1607970010,貫気別振内線,平取静内線,一般国道２３７号,1602,0,8.1,平取町振内町,73,平取町振内町,80,153,1.16,0.03,46.9,46.5,7,60
1607980010,西風連名寄線,朱鞠内風連線,一般国道４０号,1221,0,12.2,,99,,82,181,1.19,0.03,52.9,49.5,16,60
1608000010,北の峯線,,一般国道３８号,1229,0,0.9,,3301,,3695,6996,1.21,0.62,24.3,17.8,24,40
1608010010,樽真布幌糠線,,一般国道２３３号,1212,0,9.2,留萌市東幌糠町,19,留萌市東幌糠町,15,34,1.12,0.01,45.9,44.7,7.6,60
1608020010,斜里港線,,斜里停車場美咲線,1545,0,0.4,斜里町文光町,2141,斜里町文光町,2162,4303,1.2,0.6,31.4,20.5,18,40
1608020020,斜里港線,斜里停車場美咲線,一般国道２４４号,1545,0,1.3,斜里町文光町,2141,斜里町文光町,2162,4303,1.2,0.6,22.3,22.5,18,40
1608040010,和訓辺上渚滑線,,一般国道２７３号,1219,0,7.3,紋別市上渚滑町7丁目,114,紋別市上渚滑町7丁目,124,238,1.1,0.04,61.1,61.1,7.5,60
1608050010,札弦停車場水上線,,摩周湖斜里線,1546,0,0.2,清里町札弦町,411,清里町札弦町,460,871,1.18,0.16,13.6,17.1,13,60
1608050020,札弦停車場水上線,摩周湖斜里線,摩周湖斜里線,1546,0,0.6,清里町札弦町,411,清里町札弦町,460,871,1.18,0.16,39.7,44.4,13,60
1608050030,札弦停車場水上線,摩周湖斜里線,清里町・小清水町境,1546,0,4.4,清里町札弦町,411,清里町札弦町,460,871,1.18,0.16,56,55.3,13,60
1608050040,札弦停車場水上線,清里町・小清水町境,一般国道３９１号,1547,0,0.5,清里町札弦町,411,清里町札弦町,460,871,1.18,0.16,39.9,35.8,11,50
1608060010,上音更上士幌線,,上士幌士幌音更線,1633,0,8.8,,134,,133,267,1.16,0.07,65.9,59.2,9.1,60
1608060020,上音更上士幌線,上士幌士幌音更線,上士幌停車場線,1633,0,0.2,河東郡上士幌町上士幌東3線,406,河東郡上士幌町上士幌東3線,317,723,1.16,0.1,19.4,28.1,11,40
1608070010,円朱別原野茶内線,上風連大別線,上風連大別線,1663,0,2.3,,358,,373,731,1.17,0.12,60,66.2,10.75,60
1608070020,円朱別原野茶内線,上風連大別線,一般国道４４号,1663,0,10.6,,358,,373,731,1.17,0.12,46.4,58.1,10.75,60
1608080010,琵琶瀬茶内停車場線,別海厚岸線,火散布茶内停車場線,1663,0,6.6,,860,,966,1826,1.2,0.28,57.5,59.4,10.6,60
1608100010,金原今金線,,今金北檜山線,1370,0,7.3,,183,,215,398,1.15,0.05,46.1,46.1,6.5,60
1608110010,勇知上勇知線,稚内天塩線,抜海兜沼停車場線,1214,0,7.4,,88,,99,187,1.19,0.03,57.4,59,12,60
1608120010,館町福島線,上磯厚沢部線,城丘江差線,1363,0,0.5,,457,,501,958,1.17,0.12,30.5,39.4,16.5,30
1608120030,館町福島線,,城丘江差線,1363,0,4.7,,457,,501,958,1.17,0.12,42.9,42.9,8,60
1608120050,館町福島線,,江差木古内線,1362,0,0.7,,457,,501,958,1.17,0.12,54.8,54.8,8.7,60
1608120070,館町福島線,,知内町・福島町境,1333,0,3.3,,457,,501,958,1.17,0.12,48.9,36.4,9.6,60
1608120080,館町福島線,知内町・福島町境,一般国道２２８号,1332,0,0.6,,457,,501,958,1.17,0.12,48.9,36.4,9,60
1608130010,上風連大別線,別海厚岸線,上風連中西別線,1691,0,5.1,,103,,111,214,1.17,0.05,67.4,57.9,7.6,60
1608130020,上風連大別線,上風連中西別線,別海町・浜中町境,1691,0,3.4,,103,,111,214,1.17,0.05,70.3,74.1,7.6,60
1608130030,上風連大別線,別海町・浜中町境,円朱別原野茶内線,1663,0,1.8,,103,,111,214,1.17,0.05,73.3,73.3,9.1,60
1608130050,上風連大別線,円朱別原野茶内線,浜中町・厚岸町境,1663,0,4.7,,362,,384,746,1.17,0.16,66.1,72.7,7.6,60
1608130060,上風連大別線,浜中町・厚岸町境,厚岸標茶線,1662,0,16.4,,362,,384,746,1.17,0.16,64.9,69.2,9.5,60
1608160010,峯延稔町線,月形峰延線,岩見沢月形線,1210,0,7,,197,,230,427,1.15,0.05,53.9,49.2,11.25,60
1608170010,茂世丑最上線,三笠栗山線,一般国道２３４号,1210,0,6.6,,608,,640,1248,1.19,0.22,45.5,20.6,14.5,40
1608180010,発足線,,蕨岱国富停車場線,1401,0,4.1,岩内郡共和町発足,265,岩内郡共和町発足,267,532,1.15,0.1,47.9,42.3,9,60
1608180020,発足線,蕨岱国富停車場線,蕨台古平線,1401,0,1.7,,1346,,1268,2614,1.2,0.34,52.6,54.3,13,50
1608200010,小樽港稲穂線,小樽海岸公園線,一般国道５号,1203,0,0.4,,9693,,9469,19162,1.24,0.59,21.8,20.7,32,50
1608210010,京極停車場線,,京極倶知安線,1399,0,0.8,,122,,155,277,1.16,0.05,8.6,6.8,11,60
1608240010,美沢美馬牛線,十勝岳温泉美瑛線,一般国道２３７号,1459,0,13,,434,,458,892,1.17,0.19,42,48.2,7.6,60
1608260010,丸松線,,一般国道２３２号,1486,0,4.3,,74,,59,133,1.12,0.02,36.2,20.5,7.6,60
1608270010,越川中斜里停車場線,一般国道２４４号,豊里中斜里停車場線,1545,0,5.2,,666,,624,1290,1.19,0.25,58,62.6,7.8,60
1608270020,越川中斜里停車場線,豊里中斜里停車場線,富士川上線,1545,0,1.7,,666,,624,1290,1.19,0.25,47,53.5,7.8,60
1608270030,越川中斜里停車場線,富士川上線,富士川上線,1545,0,0.2,,666,,624,1290,1.19,0.25,40.2,42.7,7.8,60
1608270040,越川中斜里停車場線,富士川上線,,1545,0,0.4,,666,,624,1290,1.19,0.25,28,18.9,7.8,60
1608280010,シラトリマップ滝ノ上原野線,,一般国道２７３号,1560,0,7,,32,,27,59,1.1,0.01,36.5,36.5,7.5,60
1608280020,シラトリマップ滝ノ上原野線,一般国道２７３号,士別滝の上線,1560,0,0.4,,32,,27,59,1.1,0.01,24.7,21.5,7.5,60
1608290010,幌呂原野鶴居線,,一般国道２７４号,1667,0,5.8,,464,,454,918,1.17,0.16,36.6,46,10.6,60
1608290020,幌呂原野鶴居線,一般国道２７４号,釧路鶴居弟子屈線,1667,0,15.3,,464,,454,918,1.17,0.16,36.6,46,10.6,60
1608300010,泉川西春別線,泉川線,一般国道２４３号,1691,0,16.2,,103,,104,207,1.17,0.03,57,48.4,7.6,60
1608310010,上春別別海線,西春別春別停車場線,一般国道２４３号,1691,0,12.8,,210,,217,427,1.15,0.07,58.6,61.4,7.9,60
1608330010,俣落西５条線,摩周湖中標津線,上武佐計根別停車場線,1692,0,1.6,標津郡中標津町西町1丁目,2377,標津郡中標津町西町1丁目,2498,4875,1.21,0.54,62.2,67.7,10.25,60
1608330020,俣落西５条線,上武佐計根別停車場線,中標津標茶線,1692,0,10.9,標津郡中標津町西町1丁目,2377,標津郡中標津町西町1丁目,2498,4875,1.21,0.54,46.4,54.6,10.25,60
1608330030,俣落西５条線,中標津標茶線,一般国道２７２号,1692,0,1.2,,1979,,1757,3736,1.2,0.34,26.2,26,18,40
1608360010,島牧美利河線,一般国道２２９号,,1391,0,9.6,,95,,91,186,1.18,0.03,47.8,47.8,8,60
1608360030,島牧美利河線,,一般国道２３０号,1370,0,8.2,,852,,839,1691,1.19,0.21,52.3,52.3,8,60
1608400010,野束清住線,,岩内洞爺線,1402,0,5.2,,2778,,3046,5824,1.21,0.67,37.8,30.3,11.8,50
1608410010,桜川線,,三ノ原ニセコ線,1396,0,2.6,,228,,156,384,1.15,0.07,46.4,46.4,7.6,60
1608420010,大峯双葉線,,一般国道５号,1347,0,7.1,,61,,67,128,1.12,0.01,46.9,40.6,7.6,60
1608430010,宿野辺保養基地線,道央自動車道,,1345,0,1.1,,1159,,1158,2317,1.2,0.26,47.6,53.9,22.25,60
1608440010,祝津西小路中央線,室蘭港線,室蘭港線,1205,0,7.3,,1833,,2087,3920,1.2,0.44,26.8,23.6,15.5,30
1608450010,芽生貫気別線,宿志別振内停車場線,平取静内線,1602,0,12.2,,135,,154,289,1.16,0.08,53.3,51.8,7.6,60
1608470010,三岩日高線,一般国道２３７号,一般国道２７４号,1601,0,4.8,,134,,75,209,1.17,0.04,37.2,37.1,7.6,60
1608480010,鷹栖江丹別線,雨竜旭川線,鷹栖町・旭川市境,1452,0,3.9,,40,,43,83,1.22,0.01,53.2,59.5,9,60
1608480020,鷹栖江丹別線,鷹栖町・旭川市境,旭川幌加内線,1204,0,2,,40,,43,83,1.22,0.01,55.1,61,9,60
1608490010,日東東雲線,一般国道３９号,上川層雲峡インター線,1457,0,7.6,,55,,50,105,1.12,0.02,51.4,47,7.6,60
1608490020,日東東雲線,上川層雲峡インター線,一般国道３９号,1457,0,0.6,,55,,50,105,1.12,0.02,36,26,13,60
1608500010,瑞生下士別線,朱鞠内風連線,名寄市・士別市境,1221,0,2.5,,765,,757,1522,1.19,0.18,67.6,68.2,10.45,60
1608500020,瑞生下士別線,名寄市・士別市境,西風連士別線,1220,0,2.5,,765,,757,1522,1.19,0.18,73.4,72,10.45,60
1608500030,瑞生下士別線,西風連士別線,西風連士別線,1220,0,4.4,,765,,757,1522,1.19,0.18,69.6,72,10.45,60
1608500040,瑞生下士別線,西風連士別線,一般国道４０号,1220,0,1.7,,765,,757,1522,1.19,0.18,60.6,32,10.45,60
1608510010,上富良野中富良野線,留辺蕊上富良野線,上富良野町・中富良野町境,1460,0,1.7,,760,,711,1471,1.19,0.25,61.5,58.3,7.5,60
1608510020,上富良野中富良野線,上富良野町・中富良野町境,奈江富良野線,1461,0,5.7,,760,,711,1471,1.19,0.25,66.1,66.6,7.5,60
1608510040,上富良野中富良野線,奈江富良野線,一般国道２３７号,1461,0,0.3,,760,,711,1471,1.19,0.3,20,13.7,7.5,60
1608530010,田代港町線,,一般国道２３２号,1482,0,3.9,,120,,110,230,1.18,0.04,46,33.4,10.55,60
1608540010,清川線,,豊富遠別線,1486,0,4.3,,54,,51,105,1.12,0.02,59,59,10.35,60
1608550010,六志内西雄信内線,円山天塩停車場線,豊富遠別線,1487,0,9.9,,231,,197,428,1.15,0.06,57.8,59,7.6,60
1608560010,本泊利尻空港線,利尻富士利尻線,,1519,0,0.7,,862,,836,1698,1.19,0.18,34.5,53.5,16.5,60
1608570010,江南清里停車場線,,向陽清里停車場線,1546,0,14.2,清里町字向陽,263,清里町字向陽,259,522,1.17,0.12,35.9,34.5,9.25,60
1608570020,江南清里停車場線,向陽清里停車場線,摩周湖斜里線,1546,0,0.1,清里町字向陽,263,清里町字向陽,259,522,1.17,0.12,15.3,24.4,9.25,60
1608570030,江南清里停車場線,摩周湖斜里線,,1546,0,0.2,清里町字向陽,263,清里町字向陽,259,522,1.17,0.12,15.4,27,9.25,60
1608580010,キムアネップ岬浜佐呂間線,,一般国道２３８号,1552,0,4.5,,44,,47,91,1.12,0.01,30.6,32.3,6.5,40
1608590010,旭山線,,清水大樹線,1636,0,4.2,,126,,124,250,1.18,0.04,36.9,37,9.8,60
1608600010,釧路西港線,,新富士停車場線,1206,0,0.6,,7428,,7334,14762,1.22,0.67,28.5,29.2,25,60
1608600020,釧路西港線,新富士停車場線,,1206,0,2.1,,7428,,7334,14762,1.22,0.67,38,36.8,25,60
1608630010,川北茶志骨線,川北中標津線,一般国道２４４号,1693,0,10.1,,692,,741,1433,1.19,0.21,52.3,51.4,10.25,60
1608640010,大麻東雁来線,江別インター線,東雁来江別線,1217,0,2.3,,3698,,4120,7818,1.21,1.01,34,29,6.5,60
1608640030,大麻東雁来線,東雁来江別線,,1217,0,1.3,,9146,,10260,19406,1.24,0.45,28.8,30.2,32.5,50
1608640040,大麻東雁来線,,厚別東北郷線,1108,0,0.6,札幌市白石区北郷3条11丁目,6958,札幌市白石区北郷3条11丁目,7237,14195,1.22,0.36,28.9,23.2,33,50
1608640060,大麻東雁来線,厚別東北郷線,札幌市厚別区・札幌市白石区境,1108,0,2.3,札幌市白石区北郷3条11丁目,6958,札幌市白石区北郷3条11丁目,7237,14195,1.22,0.43,18.2,23.1,26,40
1608640070,大麻東雁来線,札幌市厚別区・札幌市白石区境,一般国道２７４号,1104,0,1.9,札幌市白石区北郷3条11丁目,6958,札幌市白石区北郷3条11丁目,7237,14195,1.22,0.63,31.4,23.8,20,40
1608640080,大麻東雁来線,一般国道２７４号,札幌環状線,1104,0,2.2,札幌市白石区北郷3条11丁目,6958,札幌市白石区北郷3条11丁目,7237,14195,1.22,0.63,20.1,22.9,20,40
1608650010,樽川篠路線,石狩手稲線,,1235,0,1.2,,6433,,6356,12789,1.22,0.7,23,29.1,19.5,40
1608650020,樽川篠路線,,札幌北広島環状線,1102,0,1.1,札幌市北区新琴似7条13丁目,8646,札幌市北区新琴似7条13丁目,8889,17535,1.24,0.65,35.9,30,25,50
1608650030,樽川篠路線,札幌北広島環状線,琴似停車場新琴似線,1102,0,3.7,札幌市北区新琴似7条13丁目,8646,札幌市北区新琴似7条13丁目,8889,17535,1.24,0.68,26.4,23.7,25,40
1608660010,東浜焼尻港線,燒尻島線,,1484,0,0.2,,462,,449,911,1.17,0.18,45.6,45.6,8.25,40
1608670010,達布石狩沼田停車場線,小平幌加内線,達布小平町線,1482,0,0.7,,13,,68,81,1.21,0.01,15.7,47.7,8.6,60
1608670020,達布石狩沼田停車場線,達布小平町線,小平町・沼田町境,1482,0,13.7,,13,,68,81,1.21,0.01,52.8,59.1,8.6,60
1608670030,達布石狩沼田停車場線,小平町・沼田町境,恵比島旭町線,1438,0,16.5,沼田町浅野春月橋,58,沼田町浅野春月橋,61,119,1.12,0.03,47.3,47.3,16,60
1608670040,達布石狩沼田停車場線,恵比島旭町線,峠下沼田線,1438,0,0.6,沼田町浅野春月橋,58,沼田町浅野春月橋,61,119,1.12,0.03,18,38.4,16,60
1608670060,達布石狩沼田停車場線,一般国道２７５号,恵比島旭町線,1438,0,0.2,沼田町浅野春月橋,58,沼田町浅野春月橋,61,119,1.12,0.03,18.8,19.9,18,40
1608670070,達布石狩沼田停車場線,恵比島旭町線,石狩沼田停車場線,1438,0,0.4,沼田町浅野春月橋,58,沼田町浅野春月橋,61,119,1.12,0.03,29.3,12.3,18,40
1608700010,幌内三川停車場線,一般国道３３７号,長沼町・千歳市境,1428,0,2.9,,123,,144,267,1.16,0.06,57.9,52.5,11,40
1608700020,幌内三川停車場線,長沼町・千歳市境,千歳市・由仁町境,1224,0,3,,123,,144,267,1.16,0.06,58.2,57.6,10,40
1608700030,幌内三川停車場線,千歳市・由仁町境,,1427,0,2.6,,123,,144,267,1.16,0.06,36,43.2,10,50
1608730010,小向元紋別線,一般国道２３８号,紋別丸瀬布線,1219,0,6.9,紋別市小向,174,紋別市小向,239,413,1.17,0.06,52.2,66.3,14,60
1608740010,朝日桜丘線,一般国道２３４号,角田栗山停車場線,1429,0,1.2,,1560,,1537,3097,1.2,0.31,17.5,24,14.6,40
1608740020,朝日桜丘線,角田栗山停車場線,恵庭栗山線,1429,0,0.5,,1560,,1537,3097,1.2,0.31,25.5,27.3,14.6,40
1608750010,多度志一己線,旭川多度志線,旭川深川線,1228,0,9.3,,72,,34,106,1.12,0.02,51.7,37.1,9.5,60
1608770010,学田前田線,老古美小沢停車場線,一般国道２７６号,1401,0,3.4,,234,,175,409,1.15,0.06,47.7,51.1,9.75,60
1608780010,光台種川線,,一般国道２３０号,1370,0,4.1,,38,,62,100,1.12,0.02,55.5,55.5,7.5,60
1608790010,米原古川線,函館南茅部線,一般国道２７８号,1202,0,3.8,函館市亀尾町,690,函館市亀尾町,698,1388,1.17,0.18,49.2,52.8,10.5,50
1608800010,上音標音標線,美深中頓別線,一般国道２３８号,1514,0,19.7,,185,,168,353,1.15,0.08,46.9,37.2,13,60
1608810010,ホロカヤントー線,,一般国道３３６号,1641,0,9.1,,130,,123,253,1.17,0.04,27.8,45.3,10,60
1608820010,利別牛首別線,一般国道２４２号,池田町・豊頃町境,1644,0,8.2,,943,,845,1788,1.2,0.28,57.2,57.7,8,60
1608820020,利別牛首別線,池田町・豊頃町境,一般国道３８号,1645,0,8.1,,943,,845,1788,1.2,0.28,63.3,61.4,10.75,60
1608830010,宇津沢木線,一般国道２３９号,興部町・雄武町境,1561,0,5.6,,198,,173,371,1.15,0.08,50.7,45.8,7.5,60
1608830020,宇津沢木線,興部町・雄武町境,一般国道２３８号,1563,0,7.7,,198,,173,371,1.15,0.08,55.4,61.6,8.5,60
1608850010,養老牛虹別線,摩周湖中標津線,中標津町・標茶町境,1692,0,2.8,,491,,500,991,1.18,0.18,59.9,61.8,7.5,60
1608850020,養老牛虹別線,中標津町・標茶町境,一般国道２４３号,1664,0,8.5,,491,,500,991,1.18,0.18,62.5,71.3,7.5,60
1608860010,知来東線,,留辺蕊浜佐呂間線,1552,0,4.6,,56,,58,114,1.12,0.03,47,47,7.6,60
1608870010,中原金沢線,江別奈井江線,岩見沢石狩線,1304,0,5.6,,185,,214,399,1.15,0.07,50.8,48.2,8,60
1608870020,中原金沢線,岩見沢石狩線,新篠津村・当別町境,1304,0,2.7,,153,,143,296,1.17,0.05,52.8,48.6,8,60
1608870030,中原金沢線,新篠津村・当別町境,一般国道２７５号,1303,0,0.4,,153,,143,296,1.17,0.05,44.7,35.5,8,60
1608880010,東陽多寄線,旭士別線,一般国道４０号,1220,0,5.9,和寒町西和辺乙部橋,109,和寒町西和辺乙部橋,108,217,1.16,0.04,60.2,62.1,9.5,60
1608890010,上猿払清浜線,豊富浜頓別線,,1511,0,6.6,,50,,48,98,1.21,0.02,53,53,8.5,60
1608890030,上猿払清浜線,,豊富猿払線,1511,0,13.1,,50,,48,98,1.21,0.02,53,53,8.5,60
1608890050,上猿払清浜線,稚内猿払線,一般国道２３８号,1214,0,17.3,,80,,101,181,1.19,0.06,53.7,62.3,16,60
1609110010,大津旅来線,大津長節線,一般国道３３６号,1645,0,3,中川郡豊頃町大津,180,中川郡豊頃町大津,218,398,1.16,0.06,42.6,52.7,7.8,60
1609110020,大津旅来線,一般国道３３６号,旅来豊頃停車場線,1645,0,4.1,,371,,435,806,1.17,0.12,62,64.7,7.8,60
1609120010,大津長節線,大津旅来線,一般国道３３６号,1645,0,6.3,,115,,127,242,1.18,0.04,39.6,43.9,7.8,60
1609130010,野塚婦美線,一般国道２２９号,一般国道２２９号,1405,0,13.8,,480,,468,948,1.17,0.17,50.9,51.6,7.5,60
1609140010,新富神里線,豊浦ニセコ線,美和豊浦停車場線,1571,0,14.2,虻田郡豊浦町字美和,93,虻田郡豊浦町字美和,119,212,1.12,0.03,49.5,52.8,7.6,60
1609140020,新富神里線,美和豊浦停車場線,豊浦町・ニセコ町境,1571,0,10.3,虻田郡豊浦町字美和,93,虻田郡豊浦町字美和,119,212,1.12,0.03,55.3,51.2,7.6,60
1609140030,新富神里線,豊浦町・ニセコ町境,ニセコ町・真狩村境,1395,0,1.6,虻田郡真狩村字神里,5,虻田郡真狩村字神里,14,19,1.1,0,30.5,32.7,10,60
1609140040,新富神里線,ニセコ町・真狩村境,,1396,0,0.6,虻田郡真狩村字神里,5,虻田郡真狩村字神里,14,19,1.1,0.04,30.5,32.7,5,60
1609140060,新富神里線,,ニセコ町・真狩村境,1395,0,0.2,虻田郡真狩村字神里,5,虻田郡真狩村字神里,14,19,1.1,0.15,30.5,32.7,4,60
1609140070,新富神里線,ニセコ町・真狩村境,豊浦京極線,1396,0,1.3,虻田郡真狩村字神里,5,虻田郡真狩村字神里,14,19,1.1,0.15,30.5,32.7,4,60
1609150010,共和嵐山線,旭川幌加内線,旭川多度志線,1204,0,5,,723,,719,1442,1.19,0.48,51.6,45.7,7.5,60
1609160010,湯内内園線,旭川多度志線,旭川深川線,1228,0,7.4,深川市内園,335,深川市内園,335,670,1.15,0.11,44.8,49.6,7.5,60
1609160020,湯内内園線,旭川深川線,一般国道１２号,1228,0,2.3,深川市内園,335,深川市内園,335,670,1.15,0.11,40.1,32.3,16.5,50
1609170010,岩見沢桂沢線,一般国道１２号,岩見沢市・三笠市境,1210,0,3.6,,4696,,4703,9399,1.22,0.72,36,43.6,14,50
1609170020,岩見沢桂沢線,岩見沢市・三笠市境,三笠栗山線,1222,0,0.1,,4696,,4703,9399,1.22,0.83,29.5,21.9,14,50
1609170030,岩見沢桂沢線,三笠栗山線,三笠栗沢線,1222,0,4.7,三笠市本町,1364,三笠市本町,1208,2572,1.2,0.45,53.7,47,10.25,50
1609170040,岩見沢桂沢線,三笠栗沢線,三笠栗沢線,1222,0,0.1,三笠市本町,1364,三笠市本町,1208,2572,1.2,0.45,13.4,20.7,10.25,50
1609170045,岩見沢桂沢線,三笠栗沢線,,1222,0,4.6,三笠市本町,1364,三笠市本町,1208,2572,1.2,0.45,50.1,52.1,10.25,50
1609170060,岩見沢桂沢線,,岩見沢三笠線,1222,0,0.1,三笠市本町,1364,三笠市本町,1208,2572,1.2,0.45,43.1,27.5,10.25,50
1609190010,中央東線,室蘭港線,,1205,0,1.2,室蘭市栄町2丁目,909,室蘭市栄町2丁目,869,1778,1.2,0.24,17.1,18.5,14.6,40
1609190030,中央東線,,一般国道３６号,1205,0,10.1,室蘭市母恋南町1丁目,67,室蘭市母恋南町1丁目,44,111,1.12,0.14,26.9,28.2,5.8,30
1609190040,中央東線,一般国道３６号,,1205,0,0.6,室蘭市母恋南町1丁目,67,室蘭市母恋南町1丁目,44,111,1.12,0.14,18.8,16.7,5.8,30
1609190050,中央東線,,一般国道３７号,1205,0,0.3,室蘭市母恋南町1丁目,67,室蘭市母恋南町1丁目,44,111,1.12,0.14,19.6,16.5,5.8,30
1609190070,中央東線,室蘭環状線,室蘭環状線,1205,0,1.6,室蘭市宮の森町4丁目,4673,室蘭市宮の森町4丁目,3931,8604,1.16,0.87,22.1,18.7,18,40
1609190090,中央東線,室蘭環状線,一般国道３７号,1205,0,0.9,室蘭市中島町1丁目19,6731,室蘭市中島町1丁目19,5251,11982,1.22,0.45,20.2,16.1,25,50
1609200010,幌内湯内線,一般国道２７５号,旭川多度志線,1228,0,8.7,深川市下幌内,87,深川市下幌内,105,192,1.12,0.05,46.1,46.1,7.6,60
1609210010,開発峰延線,月形峰延線,美唄月形線,1215,0,6.2,,190,,180,370,1.15,0.05,59.6,63,11.55,60
1609220010,立香南久保内線,滝之町伊達線,洞爺湖登別線,1575,0,5.4,,1197,,1210,2407,1.2,0.4,60.4,53.5,8.1,50
1609230010,メナシベツ豊富線,,一般国道４０号（豊富バイパス）,1516,0,3.1,,22,,18,40,1.1,0.01,52,46.3,10.5,60
1609230020,メナシベツ豊富線,一般国道４０号（豊富バイパス）,一般国道４０号,1516,0,3.3,,22,,18,40,1.1,0.01,46.9,53.2,10.5,60
1609240010,富野軽舞線,厚真浜厚真停車場線,千歳鵡川線,1581,0,5.5,,374,,367,741,1.17,0.1,48.1,36.7,8.6,60
1609250010,武徳下士別線,旭士別線,一般国道４０号,1220,0,5,,124,,104,228,1.18,0.04,41.1,36.4,7.6,60
1609260010,礼文空港線,,船泊港利礼公園線,1517,0,1.1,,201,,182,383,1.15,0.1,28.5,28.5,6,60
1609280010,上風連中西別線,上風連大別線,一般国道２４３号,1691,0,18.4,,172,,138,310,1.16,0.05,48.2,47.7,7.6,60
1609290010,中春別床丹線,根室中標津線,一般国道２４４号,1691,0,19,野付郡別海町中春別,191,野付郡別海町中春別,178,369,1.16,0.08,51.7,51.7,7.6,60
1609300010,上風連奥行線,別海厚岸線,一般国道２４３号,1691,0,13,,370,,376,746,1.17,0.09,52.3,46.9,7.5,60
1609320010,上渚滑原野上渚滑線,一般国道２７３号,滝上町・紋別市境,1560,0,5.4,,27,,20,47,1.1,0.02,48.4,49.2,7.5,60
1609320020,上渚滑原野上渚滑線,滝上町・紋別市境,丸瀬布上渚滑線,1219,0,3.1,,27,,20,47,1.1,0.02,49.1,54.8,7.5,60
1609330010,北進平取線,千歳鵡川線,,1585,0,3.8,,97,,91,188,1.19,0.02,34,54.1,7.6,60
1609330050,北進平取線,上幌内早来停車場線,厚真町・むかわ町境,1581,0,5.5,勇払郡むかわ町穂別114番地,213,勇払郡むかわ町穂別114番地,260,473,1.15,0.1,42,42,6.5,60
1609330060,北進平取線,厚真町・むかわ町境,,1586,0,0.4,勇払郡むかわ町穂別114番地,213,勇払郡むかわ町穂別114番地,260,473,1.15,0.09,28.3,39.2,9.5,60
1609330030,北進平取線,,穂別鵡川線,1586,0,5.9,,395,,436,831,1.17,0.12,33.9,48.6,8.9,60
1609340010,相生蘭越線,一般国道５号,蘭越停車場線,1394,0,5.2,,172,,198,370,1.15,0.07,48.7,47.8,9.5,60
1609350010,小黒部鰔川線,乙部厚沢部線,一般国道２２９号,1361,0,4.1,檜山郡江差町字越前町,624,檜山郡江差町字越前町,580,1204,1.19,0.13,38.6,48.9,11,50
1609360010,丹羽今金線,一般国道２３０号,せたな町・今金町境,1371,0,2.7,,93,,115,208,1.17,0.03,48.2,49.7,10.35,60
1609360020,丹羽今金線,せたな町・今金町境,八雲今金線,1370,0,4.3,,93,,115,208,1.17,0.03,35.5,44.9,11.6,60
1609360030,丹羽今金線,八雲今金線,一般国道２３０号,1370,0,1.6,,93,,115,208,1.17,0.03,18.3,24.3,11.6,60
1609360050,丹羽今金線,一般国道２３０号,一般国道２３０号,1370,0,13.2,,,,,,,,41.7,44.2,7.5,60
1609370010,上雨紛台場線,新開旭川線,一般国道１２号,1204,0,13.2,旭川市神居町富沢,581,旭川市神居町富沢,546,1127,1.19,0.16,53.8,54.1,10.25,60
1609380010,伊文政和線,,一般国道２７５号,1472,0,2.2,,5,,7,12,1.21,0,60,60,7.6,60
1609390010,日進名寄線,,一般国道２３９号,1221,0,7.8,,951,,929,1880,1.2,0.34,36,35,11.6,60
1609400010,東川旭川線,瑞穂東川線,東川町・旭川市境,1458,0,4.5,,1820,,1888,3708,1.2,0.52,55.1,58.5,12.25,60
1609400020,東川旭川線,東川町・旭川市境,鷹栖東神楽線,1204,0,2.6,,1820,,1888,3708,1.2,0.52,44.4,41.9,11.55,60
1609400030,東川旭川線,鷹栖東神楽線,旭川環状線,1204,0,4.8,旭川市豊岡4条10丁目,3658,旭川市豊岡4条10丁目,4117,7775,1.21,0.91,31.1,30.5,13,60
1609420010,東鷹栖永山線,一般国道４０号,北旭川停車場永山線,1204,0,1.8,,1167,,1363,2530,1.2,0.3,43.9,49.7,11.25,60
1609430010,北見環状線,一般国道３９号,北見常呂線,1208,0,3.4,北見市東陵町,3193,北見市東陵町,3859,7052,1.21,1.05,27,31.7,18,50
1609430020,北見環状線,北見常呂線,一般国道３９号,1208,0,4.9,,4804,,4899,9703,1.22,0.9,33.4,32.6,18,50
1609430030,北見環状線,一般国道３９号,置戸福野北見線,1208,0,1.1,,4804,,4899,9703,1.22,0.9,21.9,25.4,18,50
1609430050,北見環状線,置戸福野北見線,北見津別線,1208,0,1.6,,4804,,4899,9703,1.22,0.84,28.5,28.7,18,50
1609430060,北見環状線,北見津別線,置戸福野北見線,1208,0,1.5,,4804,,4899,9703,1.22,0.84,28.5,28.7,18,50
1609430080,北見環状線,,北見端野美幌線,1208,0,0.9,,,,,,,,23.9,20.1,9.75,40
1609430100,北見環状線,,一般国道３９号,1208,0,0.6,北見市春光町,2670,北見市春光町,3308,5978,1.19,0.61,20.4,17.4,18,40
1609440010,神威小清水線,清里止別線,清里町・小清水町境,1546,0,0.6,,702,,732,1434,1.19,0.18,51,53.1,9.1,60
1609440020,神威小清水線,清里町・小清水町境,一般国道３９１号,1547,0,5.3,,702,,732,1434,1.19,0.18,54.9,56.6,7.5,60
1609450010,豊里中斜里停車場線,富士川上線,富士川上線,1545,0,2.8,,192,,200,392,1.15,0.11,38.7,54.5,9.1,60
1609450020,豊里中斜里停車場線,富士川上線,越川中斜里停車場線,1545,0,6.4,,192,,200,392,1.15,0.11,53.3,55.3,9.1,60
1609460010,向陽清里停車場線,,清里町・斜里町境,1546,0,1.4,,81,,66,147,1.12,0.03,61,61,9.1,60
1609460020,向陽清里停車場線,清里町・斜里町境,斜里町・清里町境,1545,0,0.3,,81,,66,147,1.12,0.03,19.3,50.1,9.1,60
1609460030,向陽清里停車場線,斜里町・清里町境,江南清里停車場線,1546,0,4.2,,81,,66,147,1.12,0.04,38.5,51.6,7.6,60
1609470010,留真線,本別浦幌線,,1649,0,4.5,,49,,48,97,1.21,0.02,42.9,49.7,10.25,60
1609490010,オンネトー線,モアショロ原野螺湾足寄停車場線,一般国道２４１号,1647,0,6.8,足寄郡足寄町茂足寄,481,足寄郡足寄町茂足寄,480,961,1.15,0.1,40.3,34.5,9.1,60
1609500010,野付風連公園線,,別海町・標津町境,1691,0,10.6,,537,,488,1025,1.18,0.13,62.3,60.8,10.6,60
1609500020,野付風連公園線,別海町・標津町境,一般国道２４４号,1693,0,7.3,,537,,488,1025,1.18,0.15,62.3,60.8,10.6,60
1609510010,泉川線,中標津標茶線,標茶町・別海町境,1664,0,0.1,,414,,424,838,1.17,0.16,15.1,44.3,7.6,60
1609510020,泉川線,標茶町・別海町境,泉川西春別線,1691,0,3.3,,414,,424,838,1.17,0.14,63.2,60.3,7.6,60
1609510030,泉川線,泉川西春別線,一般国道２４３号,1691,0,6.4,,414,,424,838,1.17,0.14,59.8,61.8,7.6,60
1609520010,山花鶴丘線,徹別原野釧路線,雄別釧路線,1206,0,0.4,,1716,,1607,3323,1.2,0.41,42.2,45.7,16.35,40
1609520030,山花鶴丘線,雄別釧路線,一般国道２４０号,1206,0,2.9,,1716,,1607,3323,1.2,0.39,47.6,53.2,12,60
1609530010,別当賀酪陽線,,根室浜中釧路線,1223,0,0.3,,34,,27,61,1.1,0.01,24.6,46.8,10.6,60
1609530030,別当賀酪陽線,根室浜中釧路線,一般国道４４号,1223,0,4.8,,34,,27,61,1.1,0.01,44.7,47.9,7.6,60
1609550010,床潭筑紫恋線,,別海厚岸線,1662,0,2.2,,773,,761,1534,1.19,0.19,51.3,66.1,13.5,60
1609560005,小樽環状線,一般国道５号,小樽塩谷インター線,1203,0,1.9,小樽市塩谷2丁目,1363,小樽市塩谷2丁目,1640,3003,1.21,0.37,43.6,44.9,10.75,50
1609560010,小樽環状線,小樽塩谷インター線,天神南小樽停車場線,1203,0,6.3,小樽市最上1丁目,2365,小樽市最上1丁目,3213,5578,1.21,0.47,42.2,41.4,10.75,50
1609560030,小樽環状線,一般国道３９３号,小樽定山渓線,1203,0,5,,2124,,2336,4460,1.21,0.41,44.3,40.5,19,50
1609570010,大成西春別線,中西別計根別線,西春別停車場線,1691,0,9.1,,351,,398,749,1.17,0.09,63,61,7.6,60
1609570030,大成西春別線,西春別停車場線,一般国道２４３号,1691,0,0.2,,351,,398,749,1.17,0.14,11.7,4.8,9.2,40
1609580010,大椴線,一般国道２３２号,,1482,0,6.2,留萌郡小平町鬼鹿字大椴,80,留萌郡小平町鬼鹿字大椴,73,153,1.17,0.03,47.9,47.3,7.6,60
1609580020,大椴線,,苫前小平線,1482,0,2.8,,,,,,,,47.9,47.3,6.3,20
1609590010,シラルトロ湖線,,一般国道３９１号,1664,0,2.4,,133,,129,262,1.16,0.04,51.2,15.7,11.3,60
1609600010,宝水岩見沢線,三笠栗山線,一般国道１２号,1210,0,3.9,,1771,,1734,3505,1.2,0.42,32.1,38.9,13.5,60
1609610010,富武士佐呂間線,一般国道２３８号,留辺蕊浜佐呂間線,1552,0,9.6,佐呂間町字北,693,佐呂間町字北,777,1470,1.18,0.2,46.2,52.2,9.25,60
1609620010,愛国停車場古舞線,一般国道２３６号,帯広市・幕別町境,1207,0,1.7,,1117,,1201,2318,1.2,0.48,37.8,50.1,7.5,60
1609620020,愛国停車場古舞線,帯広市・幕別町境,更別幕別線,1643,0,0.5,,1117,,1201,2318,1.2,0.52,50.5,55.4,10.5,60
1609640010,板谷蕗ノ台線,美深中川線,,1471,0,14.8,,34,,29,63,1.1,0.01,55.9,55.9,8.5,60
1609640030,板谷蕗の台線,,名寄遠別線,1472,0,5.8,,53,,47,100,1.12,0.03,52.9,52.9,9.4,60
1609660010,十勝岳温泉美瑛線,吹上上富良野線,上富良野町・美瑛町境,1460,0,5.3,上川郡美瑛町字美沢,548,上川郡美瑛町字美沢,573,1121,1.19,1.27,39.2,44.8,6,60
1609660020,十勝岳温泉美瑛線,上富良野町・美瑛町境,美沢上富良野線,1459,0,9.6,上川郡美瑛町字美沢,548,上川郡美瑛町字美沢,573,1121,1.19,0.15,52.3,48.8,9.5,60
1609660030,十勝岳温泉美瑛線,美沢上富良野線,美沢美馬牛線,1459,0,4.2,上川郡美瑛町字美沢,548,上川郡美瑛町字美沢,573,1121,1.19,0.14,59.8,59.3,8,60
1609660040,十勝岳温泉美瑛線,美沢美馬牛線,天人峡美瑛線,1459,0,10.6,,1112,,940,2052,1.2,0.3,46.3,49.2,12,60
1609660050,十勝岳温泉美瑛線,天人峡美瑛線,一般国道２３７号,1459,0,0.6,,1112,,940,2052,1.2,0.45,18.2,11.5,18,40
1609670010,馬追原野北信濃線,舞鶴追分線,長沼町・千歳市境,1428,0,4.8,,1022,,1031,2053,1.2,0.27,61.3,62.5,10,60
1609670020,馬追原野北信濃線,長沼町・千歳市境,島松千歳線,1224,0,3.2,,1623,,1369,2992,1.2,0.35,54.7,48.8,10,60
1609690010,大野大中山線,上磯峠下線,大野上磯線,1236,0,0.4,北斗市細入,596,北斗市細入,667,1263,1.19,0.21,30.9,27,16,40
1609690030,大野大中山線,大野上磯線,一般国道２２７号,1236,0,0.7,北斗市細入,596,北斗市細入,667,1263,1.19,0.17,31.8,24.3,15.5,50
1609690040,大野大中山線,一般国道２２７号,北斗市・七飯町境,1236,0,4.1,北斗市細入,596,北斗市細入,667,1263,1.19,0.17,46.4,43.4,15.5,50
1609690050,大野大中山線,北斗市・七飯町境,一般国道５号,1337,0,2.5,北斗市細入,596,北斗市細入,667,1263,1.19,0.17,36.3,29.1,15.5,50
1609690070,大野大中山線,一般国道５号,一般国道５号（函館新道）,1337,0,1.3,北斗市細入,596,北斗市細入,667,1263,1.19,0.2,25,21.9,16,40
1609700010,蛾眉野原木線,函館恵山線,一般国道２７８号,1202,0,11.8,,194,,177,371,1.15,1.67,21.5,21.5,4,60
1609710010,旭温泉旭線,,一般国道２３２号,1486,0,6.1,,101,,76,177,1.19,0.03,49.4,55.4,7.6,60
1609720010,浜里下沼線,稚内天塩線,一般国道４０号,1520,0,8.6,,103,,125,228,1.18,0.05,42,54.6,11.5,60
1609730010,北清水清水線,,一般国道３８号,1636,0,6.2,,111,,113,224,1.18,0.03,40.1,33.2,13,60
1609740010,東台留真線,勇足池田線,池田町・浦幌町境,1644,0,7.3,,56,,52,108,1.12,0.03,33.3,27.8,8.56,60
1609740020,東台留真線,池田町・浦幌町境,瀬多来吉野線,1649,0,4,,45,,35,80,1.21,0.01,53.3,52.2,7.62,60
1609740030,東台留真線,瀬多来吉野線,本別浦幌線,1649,0,4.7,,45,,35,80,1.21,0.01,43.5,32.4,7.62,60
1609750010,開陽川北線,上武佐計根別停車場線,中標津町・標津町境,1692,0,2.8,,150,,132,282,1.16,0.06,59.7,56.6,7.6,60
1609750020,開陽川北線,中標津町・標津町境,一般国道２４４号,1693,0,8.9,,150,,132,282,1.16,0.06,67.9,69.2,7.6,60
1609760010,西風連士別線,朱鞠内風連線,名寄市・士別市境,1221,0,1,,97,,84,181,1.19,0.03,45,53.1,9.5,60
1609760020,西風連士別線,名寄市・士別市境,瑞生下士別線,1220,0,4.1,,97,,84,181,1.19,0.03,52.3,57,11.5,60
1609760040,西風連士別線,瑞生下士別線,一般国道２３９号,1220,0,4.4,,765,,757,1522,1.19,0.18,37,43.9,13.5,60
1609780010,野花南芦別線,芦別美瑛線,一般国道４５２号,1216,0,8,芦別市旭町朝日橋,127,芦別市旭町朝日橋,136,263,1.19,0.06,48.2,48.2,7.5,50
1609790005,開発茶志内線,美唄月形線,美唄浦臼線,1215,0,5.6,美唄市茶志内町協和,343,美唄市茶志内町協和,348,691,1.15,0.12,44.8,49.8,10.25,50
1609790010,開発茶志内線,美唄浦臼線,一般国道１２号,1215,0,3.8,美唄市茶志内町協和,343,美唄市茶志内町協和,348,691,1.15,0.12,49.1,41.4,10.25,50
1609800005,臼尻豊崎線,,一般国道２７８号,1202,0,6.8,函館市豊崎,977,函館市豊崎町,941,1918,1.17,11.54,33.5,35,4,50
1609800010,臼尻豊崎線,一般国道２７８号,一般国道２７８号,1202,0,0.6,函館市豊崎,977,函館市豊崎町,941,1918,1.17,11.54,37.7,28.2,4,50
1609810010,上長和萩原線,洞爺湖公園線,滝之町伊達線,1233,0,2.5,,2347,,2625,4972,1.21,0.7,40.8,35.3,11.5,60
1609810030,上長和萩原線,滝之町伊達線,一般国道３７号,1233,0,8.7,伊達市松ヶ枝町,9,伊達市松ヶ枝町,17,26,1.1,0,37.7,38.4,9.25,50
1609820010,伊達紋別停車場線,,南黄金長和線,1233,0,0.2,伊達市錦町2番地3,4331,伊達市錦町2番地3,4988,9319,1.21,0.8,41.5,43.2,14.4,40
1609820030,伊達紋別停車場線,南黄金長和線,一般国道３７号,1233,0,0.7,伊達市錦町2番地3,4331,伊達市錦町2番地3,4988,9319,1.21,0.8,16.5,15.1,16,40
1609830010,米原田浦線,穂別鵡川線,千歳鵡川線,1586,0,7.9,,415,,378,793,1.17,0.13,46.3,54.2,14,60
1609840010,温根別ビバカルウシ線,雨竜旭川線,士別市・剣淵町境,1220,0,4.7,,247,,180,427,1.15,0.08,46.3,46.3,7.6,60
1609840020,温根別ビバカルウシ線,士別市・剣淵町境,温根別剣淵停車場線,1465,0,6.9,,247,,180,427,1.15,0.08,46.3,46.3,7.6,60
1609840040,温根別ビバカルウシ線,温根別剣淵停車場線,一般国道４０号,1465,0,2.2,,989,,938,1927,1.2,0.25,47.6,38.2,16.05,50
1609850005,山部北の峰線,南陽山部停車場線,一般国道３８号（旭川十勝道路）,1229,0,10.7,,1803,,1972,3775,1.2,0.45,53.2,55,7.5,50
1609850010,山部北の峰線,一般国道３８号（旭川十勝道路）,一般国道３８号,1229,0,1.8,,1803,,1972,3775,1.2,0.45,46.8,36.8,7.5,50
1609860010,置戸訓子府北見線,一般国道２４２号,北光置戸線,1550,0,0.6,,766,,697,1463,1.19,0.19,32.6,43.1,8.5,60
1609860020,置戸訓子府北見線,北光置戸線,置戸町・訓子府町境,1550,0,8,,766,,697,1463,1.19,0.19,52.5,58.6,8.5,60
1609860030,置戸訓子府北見線,置戸町・訓子府町境,北見白糠線,1549,0,5.5,,766,,697,1463,1.19,0.19,58.4,58.8,10.25,60
1609860040,置戸訓子府北見線,北見白糠線,訓子府津別線,1549,0,4.8,訓子府町清住清実橋,451,訓子府町清住清実橋,528,979,1.19,0.13,42.9,49.8,13,60
1609860060,置戸訓子府北見線,訓子府津別線,訓子府町・北見市境,1549,0,1.1,訓子府町清住清実橋,451,訓子府町清住清実橋,528,979,1.19,0.14,56.1,47.1,10.25,60
1609860070,置戸訓子府北見線,訓子府町・北見市境,北見置戸線,1208,0,4.5,訓子府町清住清実橋,451,訓子府町清住清実橋,528,979,1.19,0.14,52.3,54.6,10.25,60
1609870010,豊似広尾線,一般国道２３６号,,1642,0,4.7,,45,,37,82,1.21,0.01,49.7,49.7,8.56,60
1609870030,豊似広尾線,,,1642,0,2.3,,,,,,,,,,3,30
1609870050,豊似広尾線,,,1642,0,1.9,,,,,,,,,,7.6,60
1609870070,豊似広尾線,,一般国道３３６号,1642,0,13.9,,487,,511,998,1.18,0.15,48.6,48.6,7.6,60
1609880010,貰人姉別原野線,根室浜中釧路線,浜中町・根室市境,1663,0,7.7,,487,,528,1015,1.18,0.21,45.1,45.1,9.5,60
1609880020,貰人姉別原野線,浜中町・根室市境,根室市・浜中町境,1223,0,1.3,,487,,528,1015,1.18,0.22,47,50.6,9.5,60
1609880030,貰人姉別原野線,根室市・浜中町境,一般国道４４号,1663,0,7.1,,487,,528,1015,1.18,0.22,47.3,28.2,9.5,60
1609890010,豊里歯舞線,根室半島線,根室半島線,1223,0,5.1,,111,,127,238,1.18,0.03,61.9,54,9.75,60
1609920010,静内停車場線,,一般国道２３５号,1610,0,0.5,,1954,,1825,3779,1.2,0.49,21.7,15.7,18,40
1609940010,中春別俵橋線,根室中標津線,別海町・中標津町境,1691,0,13.4,野付郡別海町中春別,84,野付郡別海町中春別,74,158,1.18,0.02,61.7,59.5,7.6,60
1609940020,中春別俵橋線,別海町・中標津町境,一般国道２７２号,1692,0,5.8,野付郡別海町中春別,84,野付郡別海町中春別,74,158,1.18,0.02,65.5,64.2,7.6,60
1609950010,東藻琴豊富線,網走川湯線,大空町・美幌町境,1564,0,10.1,,140,,130,270,1.16,0.06,51.1,48.7,8,60
1609950020,東藻琴豊富線,大空町・美幌町境,一般国道２４３号,1543,0,8.2,,140,,130,270,1.16,0.06,68.3,54.7,8,60
1609960010,上渚滑原野滝ノ上線,一般国道２７３号,士別滝の上線,1560,0,5.9,,407,,501,908,1.17,0.29,44.4,49,7.5,60
1609980010,古平神恵内線,一般国道２２９号,蕨台古平線,1406,0,6.1,,228,,148,376,1.15,0.06,40.6,47.8,9.7,50
1609980020,古平神恵内線,蕨台古平線,古平町・神恵内村境,1406,0,11.3,,228,,148,376,1.15,0.06,55.4,59.4,9.7,50
1609980030,古平神恵内線,古平町・神恵内村境,一般国道２２９号,1404,0,14.6,,228,,148,376,1.15,0.06,58.2,49.1,10.3,50
1609990010,美利河二股自然休養村線,,一般国道２３０号,1370,0,8.9,,828,,812,1640,1.19,4.29,32.7,32.7,4.6,60
1610000010,富士川上線,,豊里中斜里停車場線,1545,0,2.1,斜里町川上,608,斜里町川上,549,1157,1.2,0.17,61,61,7.6,60
1610000030,富士川上線,豊里中斜里停車場線,越川中斜里停車場線,1545,0,5.3,斜里町川上,608,斜里町川上,549,1157,1.2,0.17,55.4,48.5,9.1,60
1610000050,富士川上線,越川中斜里停車場線,一般国道３３４号,1545,0,2.4,斜里町川上,608,斜里町川上,549,1157,1.2,0.18,46.1,42.6,10.25,60
1610010010,北光置戸線,置戸訓子府北見線,一般国道２４２号,1550,0,1.6,,2247,,2389,4636,1.21,0.44,27.6,28.2,18,40
1610020010,光地園尾田線,,幸徳大樹停車場線,1641,0,8.2,,11,,18,29,1.1,0.01,58.9,43.9,8.5,60
1610020030,光地園尾田線,幸徳大樹停車場線,清水大樹線,1641,0,6.8,,11,,18,29,1.1,0.01,63.6,51.7,7.6,60
1610030010,遠野別保線,一般国道３９１号,一般国道４４号,1661,0,9.5,,516,,557,1073,1.18,0.29,49,49.3,7.5,60
1610050010,野幌総合運動公園線,,江別恵庭線,1217,0,0.7,,6522,,5643,12165,1.22,0.99,18.5,11.9,23.5,40
1610050025,野幌総合運動公園線,江別恵庭線,,1217,0,1.3,,4649,,4591,9240,1.22,0.57,25.5,40.1,25,50
1610050030,野幌総合運動公園線,,一般国道１２号,1217,0,1.3,江別市緑ケ丘24番地1,4422,江別市緑ケ丘24番地1,4334,8756,1.22,0.7,25.2,22.8,25,50
1610060020,達布小平町線,達布石狩沼田停車場線,小平幌加内線,1482,0,11.1,留萌郡小平町本郷,329,留萌郡小平町本郷,288,617,1.16,0.11,58.5,49.1,11.25,60
1610060030,達布小平町線,小平幌加内線,幌糠小平停車場線,1482,0,1.1,留萌郡小平町沖内,162,留萌郡小平町沖内,199,361,1.16,0.08,54.4,54.1,9.5,60
1610070010,恵比島旭町線,達布石狩沼田停車場線,達布石狩沼田停車場線,1438,0,5.9,沼田町沼田,294,沼田町沼田,299,593,1.15,0.09,57.8,53.7,12,60
1610070020,恵比島旭町線,達布石狩沼田停車場線,一般国道２７５号,1438,0,0.1,沼田町沼田,294,沼田町沼田,299,593,1.15,0.09,21.2,21.2,12,60
1610080010,夕張長沼線,一般国道４５２号,一般国道４５２号,1209,0,2,夕張市南清水沢熊の沢跨線橋,578,夕張市南清水沢熊の沢跨線橋,674,1252,1.19,0.14,40.9,43.4,11,40
1610080020,夕張長沼線,一般国道４５２号,,1209,0,3.8,夕張市南清水沢熊の沢跨線橋,578,夕張市南清水沢熊の沢跨線橋,674,1252,1.19,0.14,40.9,43.4,11,40
1610080040,夕張長沼線,,滝下由仁停車場線,1429,0,2.7,,820,,853,1673,1.19,0.4,53.5,57.9,12,40
1610080050,夕張長沼線,滝下由仁停車場線,栗山町・由仁町境,1429,0,0.7,,645,,710,1355,1.19,0.19,53.5,57.9,13,50
1610080060,夕張長沼線,栗山町・由仁町境,東三川由仁停車場線,1427,0,2.2,,645,,710,1355,1.19,0.2,62.5,58.2,10.5,50
1610080065,夕張長沼線,東三川由仁停車場線,東三川由仁停車場線,1427,0,1.9,,645,,710,1355,1.19,0.2,24.7,52.5,10.5,50
1610080070,夕張長沼線,東三川由仁停車場線,一般国道２３４号,1427,0,1.4,,645,,710,1355,1.19,0.2,35.4,48.9,10.5,50
1610080080,夕張長沼線,一般国道２３４号,由仁町・長沼町境,1427,0,3.9,長沼町東8線北,1186,長沼町東8線北,1246,2432,1.2,0.33,45.7,46.7,10.5,50
1610080090,夕張長沼線,由仁町・長沼町境,,1428,0,6.2,長沼町東8線北,1186,長沼町東8線北,1246,2432,1.2,0.34,45.7,46.7,13.5,50
1400030130,夕張長沼線,,一般国道３３７号,1428,0,0.8,,2458,,2191,4649,1.21,0.88,24.5,26.8,11,50
1610090010,長沼南幌線,恵庭栗山線,長沼町・南幌町境,1428,0,3.4,長沼町西5線北,2185,長沼町西5線北,2265,4450,1.2,0.65,56,60.3,7.5,50
1610090020,長沼南幌線,長沼町・南幌町境,一般国道３３７号,1423,0,2.3,長沼町西5線北,2185,長沼町西5線北,2265,4450,1.2,0.67,54.9,54.7,12.5,50
1610090030,長沼南幌線,一般国道３３７号,栗山北広島線,1423,0,0.6,長沼町西5線北,2185,長沼町西5線北,2265,4450,1.2,0.67,33.3,34.4,12.5,50
1610090040,長沼南幌線,栗山北広島線,栗沢南幌線,1423,0,1.1,長沼町西5線北,2185,長沼町西5線北,2265,4450,1.2,0.67,41.1,40.6,12.5,50
1610100010,能取三眺線,網走公園線,一般国道２３８号,1211,0,3.6,,663,,816,1479,1.19,0.26,48.8,52.9,8,60
1610210010,恵庭停車場線,,江別恵庭線,1231,0,0.7,,1881,,2167,4048,1.2,0.46,16.2,18.3,20,40
1610220010,仁木赤井川線,一般国道５号,仁木町・赤井川村境,1407,0,11.4,余市郡仁木町銀山2丁目,895,余市郡仁木町銀山2丁目,676,1571,1.19,0.29,46.2,57.1,8.75,50
1610220020,仁木赤井川線,仁木町・赤井川村境,余市赤井川線,1409,0,1.9,余市郡仁木町銀山2丁目,895,余市郡仁木町銀山2丁目,676,1571,1.19,0.29,54.3,56.3,10.25,50
1610230010,上徳志別乙忠部線,美深中頓別線,一般国道２３８号,1514,0,10.2,,343,,410,753,1.17,0.13,60,63.1,11,60
1610240005,川向端野線,北見端野美幌線,一般国道３９号（北見道路）,1208,0,0.7,北見市端野町川向,2584,北見市端野町川向,2805,5389,1.2,0.49,43.5,45.3,14.5,50
1610240010,川向端野線,一般国道３９号（北見道路）,一般国道３９号,1208,0,4,北見市端野町川向,2584,北見市端野町川向,2805,5389,1.2,0.63,41.2,37.8,20,50
1610250010,静内浦河線,平取静内線,西川東静内停車場線,1610,0,7.5,,631,,557,1188,1.19,0.19,58.2,57.6,7.5,60
1610250030,静内浦河線,西川東静内停車場線,西端春立線,1610,0,6.8,,631,,557,1188,1.19,0.2,60.4,63.9,9.5,60
1610250040,静内浦河線,西端春立線,富沢日高三石停車場線,1610,0,7.3,,,,,,,,60.4,63.9,5.5,60
1610250050,静内浦河線,富沢日高三石停車場線,美河三石停車場線,1610,0,7.8,,,,,,,,51,46.2,7.5,60
1610250060,静内浦河線,美河三石停車場線,新ひだか町・浦河町境,1610,0,6.8,,,,,,,,52.9,53.9,9,60
1610250070,静内浦河線,新ひだか町・浦河町境,野深荻伏停車場線,1607,0,1.5,,,,,,,,52.4,56.5,9,60
1610250090,静内浦河線,野深荻伏停車場線,上向別浦河停車場線,1607,0,7.1,,1296,,1348,2644,1.2,0.35,59.1,55,7,60
1610250110,静内浦河線,上向別浦河停車場線,一般国道２３６号,1607,0,6.8,,1296,,1348,2644,1.2,0.37,54.4,52.5,9.5,60
1610260010,新冠平取線,平取静内線,滑若新冠停車場線,1604,0,2.9,,882,,809,1691,1.19,0.28,56.9,57.2,9.75,60
1610260030,新冠平取線,滑若新冠停車場線,比宇厚賀停車場線,1604,0,12.1,,226,,182,408,1.15,0.12,62.8,61.3,7.6,60
1610260040,新冠平取線,比宇厚賀停車場線,新冠町・日高町境,1604,0,0.5,日高町字豊郷,83,日高町字豊郷,111,194,1.18,0.03,51.8,46.5,10.5,60
1610260050,新冠平取線,新冠町・日高町境,正和門別停車場線,1601,0,18.9,日高町字豊郷,83,日高町字豊郷,111,194,1.18,0.03,51.8,46.5,7.5,60
1610270005,砂川歌志内線,一般国道１２号,市道砂川ＳＡインター線,1226,0,1.2,,496,,486,982,1.18,0.27,34.7,32.9,11,50
1610270010,砂川歌志内線,市道砂川ＳＡインター線,砂川奈井江美唄線,1226,0,0.3,,496,,486,982,1.18,0.27,29.9,29,11,50
1610270020,砂川歌志内線,砂川奈井江美唄線,砂川市・歌志内市境,1226,0,5.4,,496,,486,982,1.18,0.27,61.5,60.7,11,50
1610270030,砂川歌志内線,砂川市・歌志内市境,歌志内市・砂川市境,1227,0,0.4,,496,,486,982,1.18,0.25,59.8,60.7,7.5,40
1610270040,砂川歌志内線,歌志内市・砂川市境,砂川市・歌志内市境,1226,0,0.1,,496,,486,982,1.18,0.25,57.2,62.5,7.5,40
1610270050,砂川歌志内線,砂川市・歌志内市境,赤平奈井江線,1227,0,5.7,,496,,486,982,1.18,0.24,43.1,46.4,12.5,40
1610280010,森砂原線,一般国道５号,霞台森停車場線,1345,0,2,,2801,,2568,5369,1.21,0.51,36.3,45.4,7.75,40
1610280030,森砂原線,森停車場線,一般国道２７８号,1345,0,11.5,,2801,,2568,5369,1.21,0.63,39.6,35,7.75,40
1610290010,花浦内浦線,一般国道５号,一般国道２７７号,1346,0,1.4,,1619,,1628,3247,1.2,0.38,40.7,48.1,18,40
1610290020,花浦内浦線,一般国道２７７号,八雲停車場線,1346,0,1.6,,1619,,1628,3247,1.2,0.38,24.9,24.1,18,40
1610290030,花浦内浦線,八雲停車場線,,1346,0,0.4,,1619,,1628,3247,1.2,0.38,13.5,14.7,18,40
1400420010,花浦内浦線,,一般国道５号,1346,0,1.3,二海郡八雲町立岩,1905,二海郡八雲町立岩,1995,3900,1.2,0.49,19.6,20.6,13,40
1610300010,石勝高原幾寅線,夕張新得線,占冠村・南富良野町境,1463,0,8.8,,182,,184,366,1.15,0.47,37.8,53.7,5,60
1610300020,石勝高原幾寅線,占冠村・南富良野町境,一般国道３８号,1462,0,8.8,,182,,184,366,1.15,1.88,38,36,4.5,60
1610310010,神居岩総合公園線,,一般国道２３２号,1212,0,1.7,留萌市東雲町1丁目,229,留萌市東雲町1丁目,235,464,1.17,0.1,37.8,27.3,10.35,50
1610320010,遠軽安国線,一般国道２４２号,一般国道３３３号,1555,0,9,遠軽町豊里,1576,遠軽町豊里,1490,3066,1.2,0.36,45.6,43.3,7.5,60
1610330010,土佐東浜線,一般国道２３８号,北見常呂線,1208,0,1.6,北見市常呂町字常呂,325,北見市常呂町字常呂,312,637,1.19,0.07,31.4,35,12.45,40
1610330020,土佐東浜線,北見常呂線,常呂港線,1208,0,0.9,北見市常呂町字常呂,325,北見市常呂町字常呂,312,637,1.19,0.07,27.8,37.4,12.45,40
1610330030,土佐東浜線,常呂港線,一般国道２３８号,1208,0,0.9,北見市常呂町字常呂,325,北見市常呂町字常呂,312,637,1.19,0.07,46.7,34.1,12.45,40
1610370010,広尾大樹線,一般国道３３６号,広尾町・大樹町境,1642,0,12.3,,175,,183,358,1.15,0.07,78,64.1,7.5,60
1610370020,広尾大樹線,広尾町・大樹町境,旭浜大樹停車場線,1641,0,0.7,,175,,183,358,1.15,0.07,60.6,54,8.6,60
1610380005,直別共栄線,一般国道３８号,一般国道３３６号,1649,0,15.1,十勝郡浦幌町昆布刈石,168,十勝郡浦幌町昆布刈石,191,359,1.15,0.07,60.1,57,7.5,60
1610380010,直別共栄線,一般国道３３６号,一般国道３８号,1649,0,14.4,,439,,513,952,1.17,0.15,54.5,59.3,7.5,60
1610390010,霧多布岬線,,別海厚岸線,1663,0,5.1,厚岸郡浜中町霧多布,1393,厚岸郡浜中町霧多布,1366,2759,1.2,0.34,37.2,37.2,10.6,60
1610400010,弟子屈熊牛原野線,一般国道２４３号,一般国道３９１号,1664,0,12.1,,415,,413,828,1.17,0.14,58.6,69.2,9.5,60
1610450010,千歳白老線,,白老大滝線,1578,0,9.8,,93,,120,213,1.17,0.41,,,5,30
1610460010,鵡川厚真線,千歳鵡川線,むかわ町・厚真町境,1586,0,1.1,,1263,,1160,2423,1.2,0.42,53,57.5,8.6,60
1610460020,鵡川厚真線,むかわ町・厚真町境,厚真浜厚真停車場線,1581,0,6.3,,1263,,1160,2423,1.2,0.42,51.5,55.4,7.6,60
1610480010,留萌小平線,一般国道２３２号,,1212,0,2.8,留萌市留萌村マサリベツ,397,留萌市留萌村マサリベツ,348,745,1.15,0.16,31.1,40.1,18,60
1610480050,留萌小平線,,留萌市・小平町境,1212,0,1.2,留萌市留萌村マサリベツ,397,留萌市留萌村マサリベツ,348,745,1.15,0.16,50.3,50.4,18,60
1610480060,留萌小平線,留萌市・小平町境,,1482,0,2.2,留萌市留萌村マサリベツ,397,留萌市留萌村マサリベツ,348,745,1.15,0.17,50.3,50.4,9.5,60
1610480030,留萌小平線,,幌糠小平停車場線,1482,0,2.9,留萌市留萌村マサリベツ,397,留萌市留萌村マサリベツ,348,745,1.15,0.17,50.3,50.4,9.5,60
1610490010,苫前小平線,羽幌原野古丹別停車場線,力昼九重線,1483,0,0.9,苫前郡苫前町古丹別,575,苫前郡苫前町古丹別,575,1150,1.1,0.14,31.2,32.7,12,40
1610490020,苫前小平線,力昼九重線,,1483,0,17.8,,116,,114,230,1.18,0.05,40.1,44.1,7.5,60
1610490100,苫前小平線,大椴線,,1482,0,4.5,,,,,,,,29.1,28.7,5,20
1610490040,苫前小平線,,,1482,0,0.4,,,,,,,,39.8,39.8,7,60
1610490060,苫前小平線,,,1482,0,0.5,,,,,,,,45.7,45.7,5,60
1610490080,苫前小平線,,小平幌加内線,1482,0,2.3,留萌郡小平町寧楽,28,留萌郡小平町寧楽,31,59,1.12,0.01,42.9,41.8,6.5,60
1610500010,常元中里線,,本別留辺蕊線,1550,0,9.9,,170,,183,353,1.15,0.06,53,41.9,8,60
1610500030,常元中里線,本別留辺蕊線,春日置戸線,1550,0,6.3,,170,,183,353,1.15,0.07,59.7,59.7,8,60
1610510010,湧洞線,,一般国道３３６号,1645,0,9.1,,8,,4,12,1.21,0,44.1,47.7,10.35,60
1610520010,クチヨロ原野線,阿寒標茶線,一般国道２７４号,1664,0,7.4,,140,,137,277,1.16,0.04,65.7,58.1,7.6,60
1610550010,紋別興部線,和訓辺渚滑停車場線,紋別市・興部町境,1219,0,4.1,,35,,32,67,1.1,0.09,43.9,43.9,5,60
1610550020,紋別興部線,紋別市・興部町境,,1561,0,12.3,,35,,32,67,1.1,0.01,43.9,43.9,7.5,60
1610550040,紋別興部線,,中藻興部興部線,1561,0,3.2,,25,,21,46,1.1,0.02,48.2,41.9,6.5,60
1610560010,江別長沼線,一般国道１２号,江別長沼線,1217,0,0.5,江別市東光町100番地,4020,江別市東光町100番地,3588,7608,1.21,0.74,18.5,23.5,12,60
1610560020,江別長沼線,江別長沼線,江別市・南幌町境,1217,0,3.4,江別市東光町100番地,4020,江別市東光町100番地,3588,7608,1.21,0.74,47.9,46.7,12,60
1610560030,江別長沼線,江別市・南幌町境,栗山北広島線,1423,0,8.3,,148,,220,368,1.15,0.06,53.3,46.5,12,60
1610560040,江別長沼線,栗山北広島線,南幌町・長沼町境,1423,0,4.4,,437,,453,890,1.17,0.12,49.2,50,12,60
1610560050,江別長沼線,南幌町・長沼町境,札幌夕張線,1428,0,0.3,,437,,453,890,1.17,0.12,40.8,24.1,7.5,60
1610560070,江別長沼線,江別長沼線,,1217,0,0.5,,,,,,,,41.3,46.8,25,60
1610560080,江別長沼線,,,1217,0,0.4,,,,,,,,60.5,57.6,25,60
1610560090,江別長沼線,,江別恵庭線,1217,0,1.4,江別市上江別427番地,3367,江別市上江別427番地,3425,6792,1.21,0.4,31.7,25.3,25,60
1303370220,江別長沼線,一般国道１２号,江別奈井江線,1217,0,1,,2443,,4507,6950,1.21,0.98,26.4,27.1,15.75,60
1303370230,江別長沼線,江別奈井江線,一般国道２７５号,1217,0,3,,2443,,4507,6950,1.21,0.98,42.2,40.1,15.75,60
1610570010,稀府停車場線,,一般国道３７号,1233,0,0.5,,655,,763,1418,1.19,0.21,15.3,21.8,12.5,40
1610590010,稚内空港線,,稚内幌延線,1214,0,0.9,,856,,878,1734,1.19,0.22,46.7,38.8,13.55,60
1610600010,クチョロ原野塘路線,阿寒標茶線,一般国道３９１号,1664,0,10.1,,61,,53,114,1.12,0.01,28.2,30,7,60
1610610010,旭岱鳥山線,一般国道２２９号,,1364,0,12.6,,79,,105,184,1.19,0.03,41.7,41.3,7.5,60
1610620010,力昼九重線,一般国道２３２号,苫前小平線,1483,0,7.1,苫前郡苫前町力昼,260,苫前郡苫前町力昼,239,499,1.15,0.09,42.3,41.1,10,60
1610630010,小川古丹別線,,羽幌原野古丹別停車場線,1483,0,9.1,,41,,40,81,1.1,0.02,54.7,51.7,7,60
1610640010,友知牧之内線,根室半島線,根室半島線,1223,0,6.3,,49,,45,94,1.21,0.01,58.6,49.2,9.85,60
1610650010,夕張厚真線,一般国道２７４号,,1209,0,5,,33,,49,82,1.21,0.02,26.3,28.9,9.5,40
1610650030,夕張厚真線,,上幌内早来停車場線,1581,0,4.7,,97,,91,188,1.19,0.2,32.8,33.8,5,60
1610660010,石狩湾新港線,,小樽石狩線,1203,0,2.1,,1299,,1181,2480,1.2,0.28,47.8,41.9,30,60
1610670010,七重浜停車場線,,一般国道２２７号,1236,0,0.4,,543,,500,1043,1.18,0.12,13.6,14.6,15.5,40
1610680010,留萌北竜線,一般国道２３３号,,1212,0,7.2,,811,,719,1530,1.19,0.25,29.8,29.8,11.8,60
1610680030,留萌北竜線,,増毛稲田線,1437,0,1.7,,,,,,,,,,7.6,60
1610690010,ウエンナイ幌内保線,一般国道２３８号,北見枝幸停車場線,1514,0,2,,1864,,2083,3947,1.2,0.35,30.9,33.9,22,50
1610690020,ウエンナイ幌内保線,北見枝幸停車場線,枝幸港線,1514,0,0.3,,1864,,2083,3947,1.2,0.35,22.5,11.2,22,50
1610690030,ウエンナイ幌内保線,枝幸港線,一般国道２３８号,1514,0,1.5,,1864,,2083,3947,1.2,0.35,25.5,24.5,22,50
1610700010,上武利丸瀬布線,,一般国道３３３号,1555,0,28.8,遠軽町丸瀬布上武利無名橋,1,遠軽町丸瀬布上武利無名橋,1,2,1.15,0,62.4,61.9,7.5,60
1610710010,音調津陣屋線,一般国道３３６号,一般国道３３６号,1642,0,9.2,広尾郡広尾町茂寄,56,広尾郡広尾町茂寄,60,116,1.21,0.05,59,59,7.5,60
1610740010,頓別港線,,一般国道２３８号,1512,0,1.3,,697,,749,1446,1.19,0.18,25.2,19.2,13,40
1610750010,新得停車場線,,一般国道３８号,1635,0,0.4,,1576,,1748,3324,1.2,0.31,17.2,19.7,18,40
1610770010,稚内猿払線,一般国道２３８号,上猿払清浜線,1214,0,13.6,,67,,66,133,1.12,0.02,64.6,68.6,10,60
1610770020,稚内猿払線,上猿払清浜線,一般国道２３８号,1214,0,7.6,増幌,870,増幌,764,1634,1.19,0.24,66.3,67.3,8.5,60
1610800010,栗山北広島線,恵庭栗山線,北長沼停車場線,1428,0,0.8,長沼町東8線北,1118,長沼町東8線北,1119,2237,1.19,0.37,46.1,19.9,12,50
1610800020,栗山北広島線,北長沼停車場線,長沼町・南幌町境,1428,0,2,長沼町東8線北,1118,長沼町東8線北,1119,2237,1.19,0.37,46.7,43.1,12,50
1610800030,栗山北広島線,長沼町・南幌町境,長沼南幌線,1423,0,4,長沼町東8線北,1118,長沼町東8線北,1119,2237,1.19,0.41,54.9,53,11,50
1610800050,栗山北広島線,一般国道３３７号,江別長沼線,1423,0,3.9,長沼町東8線北,1118,長沼町東8線北,1119,2237,1.19,0.4,58.6,56.2,11,50
1610800060,栗山北広島線,江別長沼線,南幌町・北広島市境,1423,0,1.8,長沼町東8線北,1118,長沼町東8線北,1119,2237,1.19,0.4,50.7,51.9,11,50
1610800070,栗山北広島線,南幌町・北広島市境,江別恵庭線,1234,0,1.6,,2914,,3212,6126,1.21,0.62,58.2,47.3,14.5,50
1610800090,栗山北広島線,江別恵庭線,一般国道３６号,1234,0,8.1,北広島市大曲中央,8077,北広島市大曲中央,7130,15207,1.22,0.74,35.7,31.5,24,50
1610810010,東室蘭停車場線,,室蘭環状線,1205,0,0.8,室蘭市中島町3丁目,3817,室蘭市中島町3丁目,3515,7332,1.24,0.56,16.9,17.3,22,40
1610830010,網走港線,,一般国道３９号,1211,0,0.8,網走市南2条東1丁目,7182,網走市南2条東1丁目,6430,13612,1.15,1.53,24.1,23,25,40
1610840010,帯広の森公園線,,八千代帯広線,1207,0,2.9,帯広市空港南町,4430,帯広市空港南町,4328,8758,1.22,0.92,36.6,37.2,20,50
1610840030,帯広の森公園線,八千代帯広線,一般国道２３６号,1207,0,2.6,帯広市西18条南38丁目,4286,帯広市西18条南38丁目,4275,8561,1.22,0.94,22.1,23.1,18,40
1610850010,新内線,,一般国道３８号,1635,0,2.2,,437,,315,752,1.17,0.13,30,19.7,17.5,60
1610880010,然別峡線,,鹿追糠平線,1634,0,14.4,,45,,42,87,1.08,0.02,35.6,35.8,7.5,60
1610890010,猿払鬼志別線,猿払停車場線,,1511,0,10.2,,191,,163,354,1.15,0.06,64.8,63.3,13,60
1610890030,猿払鬼志別線,,鬼志別停車場線,1511,0,0.6,,197,,187,384,1.15,0.06,25.6,34.9,18,60
1610910005,泉沢新千歳空港線,,新千歳空港インター線,1224,0,4.2,千歳市平和1006番地,1792,千歳市平和1006番地,2032,3824,1.21,0.26,52,47.9,30,60
1610910010,泉沢新千歳空港線,新千歳空港インター線,千歳市・苫小牧市境,1224,0,0.8,千歳市平和1006番地,1792,千歳市平和1006番地,2032,3824,1.21,0.26,59.6,57.5,30,60
1610910020,泉沢新千歳空港線,千歳市・苫小牧市境,苫小牧市・千歳市境,1213,0,0.3,,,,,,,,56.3,58.1,8.8,60
1610910030,泉沢新千歳空港線,苫小牧市・千歳市境,千歳市・苫小牧市境,1224,0,0.5,,807,,1096,1903,1.2,0.19,58.8,60.3,30,60
1610910040,泉沢新千歳空港線,千歳市・苫小牧市境,新千歳空港線,1213,0,2.8,,,,,,,,59.8,56.9,8.8,60
1610920010,栄町温泉線,,一般国道５号,1408,0,6.2,,670,,681,1351,1.19,0.25,37.3,40.5,15.5,40
1610930010,阿寒公園鶴居線,一般国道２４１号,釧路市・鶴居村境,1206,0,6,,,,,,,,29.1,27,4,60
1610930020,阿寒公園鶴居線,釧路市・鶴居村境,,1667,0,7.3,,,,,,,,32,32.3,4,60
1610930040,阿寒公園鶴居線,,一般国道２７４号,1667,0,10.1,阿寒郡鶴居村茂雪裡,147,阿寒郡鶴居村茂雪裡,161,308,1.15,0.04,48.7,54.6,7,60
1610930050,阿寒公園鶴居線,一般国道２７４号,釧路鶴居弟子屈線,1667,0,5.8,阿寒郡鶴居村茂雪裡,147,阿寒郡鶴居村茂雪裡,161,308,1.15,0.04,50.1,50.1,9.5,60
1611150010,摩周湖斜里線,摩周湖中標津線,札弦停車場水上線,1546,0,22.5,,469,,445,914,1.17,0.21,61.4,61.9,9,60
1611150030,摩周湖斜里線,札弦停車場水上線,清里止別線,1546,0,0.3,清里町札弦町,996,清里町札弦町,982,1978,1.2,0.3,45.9,47.4,13,60
1611150035,摩周湖斜里線,清里止別線,摩周湖斜里線,1546,0,6.5,清里町札弦町,996,清里町札弦町,982,1978,1.2,0.3,56.1,57.8,13,60
1611150040,摩周湖斜里線,摩周湖斜里線,江南清里停車場線,1546,0,0.9,清里町札弦町,996,清里町札弦町,982,1978,1.2,0.3,25.9,20.1,13,60
1611150060,摩周湖斜里線,江南清里停車場線,清里町・斜里町境,1546,0,3.8,清里町札弦町,996,清里町札弦町,982,1978,1.2,0.29,46.1,48.8,11.55,60
1611150070,摩周湖斜里線,清里町・斜里町境,一般国道３３４号,1545,0,1.2,,1661,,1777,3438,1.2,0.4,56.5,54,13,60
1611150100,摩周湖斜里線,,摩周湖斜里線,1546,0,0.6,清里町羽衣町,615,清里町羽衣町,733,1348,1.19,0.19,58.5,58.1,10.75,40
1611150090,摩周湖斜里線,摩周湖斜里線,清里止別線,1546,0,4.9,,1661,,1777,3438,1.2,0.42,58.5,58.1,7.5,60
1611160010,富良野上川線,上宇莫別美瑛停車場線,,1459,0,4.9,,,,,,,,44.1,27.3,6,60
1611160020,富良野上川線,,,1459,0,3.2,,,,,,,,52.4,55.4,7.5,60
1611160030,富良野上川線,,,1459,0,1.7,,,,,,,,19.9,35.2,6,60
1611160050,富良野上川線,,天人峡美瑛線,1459,0,1.2,,,,,,,,40.1,52.9,6,60
1611160100,富良野上川線,天人峡美瑛線,美瑛町・東川町境,1459,0,0.4,,,,,,,,39,62.9,7.8,60
1611160110,富良野上川線,美瑛町・東川町境,旭川旭岳温泉線,1458,0,0.2,,,,,,,,43.7,56.3,9.5,60
1611160120,富良野上川線,旭川旭岳温泉線,,1458,0,2.5,,,,,,,,41.4,27.5,7.5,60
1611160070,富良野上川線,,,1458,0,12.2,,6,,4,10,1.21,0.04,39.1,39.3,6,60
1611160080,富良野上川線,,瑞穂東川線,1458,0,0.3,,6,,4,10,1.21,0,61.7,57,9.5,60
1611170010,落合停車場線,,一般国道３８号,1462,0,0.1,空知郡南富良野町字落合,594,空知郡南富良野町字落合,589,1183,1.19,0.17,4.3,8.9,11.5,40
1611170030,落合停車場線,一般国道３８号,夕張新得線,1462,0,6.2,空知郡南富良野町字落合,594,空知郡南富良野町字落合,589,1183,1.19,0.23,57.5,58.7,8.6,50
1611180010,兜沼停車場線,抜海兜沼停車場線,一般国道４０号,1516,0,3.8,,186,,156,342,1.15,0.07,50.8,51.6,12.5,60
1611190010,稚内豊富線,稚内幌延線,稚内幌延線,1214,0,16.1,,130,,134,264,1.16,0.05,50.8,61.6,11,60
1611200010,浜鬼志別港線,,一般国道２３８号,1511,0,0.4,,551,,590,1141,1.19,0.17,16,12,10.25,40
1611210010,月形幌向線,一般国道２７５号,月形町・新篠津村境,1430,0,5.3,樺戸郡月形町篠津原野昭栄橋,519,樺戸郡月形町篠津原野昭栄橋,604,1123,1.17,0.2,56,57.2,10.45,50
1611210020,月形幌向線,月形町・新篠津村境,新篠津金沢線,1304,0,3.4,石狩郡新篠津村47線北26番地,642,石狩郡新篠津村47線北26番地,742,1384,1.19,0.17,54.5,57.2,12.5,60
1611210030,月形幌向線,新篠津金沢線,岩見沢石狩線,1304,0,3.4,石狩郡新篠津村47線北26番地,642,石狩郡新篠津村47線北26番地,742,1384,1.19,0.17,58,56.1,12.5,60
1611210050,月形幌向線,岩見沢石狩線,一般国道１２号,1210,0,8.2,,666,,692,1358,1.19,0.21,51.7,48.8,7.5,50
1611220010,当麻比布線,愛別当麻旭川線,当麻停車場線,1454,0,0.5,,1342,,1333,2675,1.2,0.36,21.2,21.9,9.75,60
1611220020,当麻比布線,当麻停車場線,一般国道３９号,1454,0,2.7,,1342,,1333,2675,1.2,0.36,33.7,34.8,9.75,60
1611220040,当麻比布線,一般国道３９号,当麻町・比布町境,1454,0,1,,836,,876,1712,1.19,0.21,43.2,55.5,17.5,50
1611220050,当麻比布線,当麻町・比布町境,比布愛別停車場線,1455,0,1.2,,836,,876,1712,1.19,0.21,45.7,48.6,17.5,50
1611220060,当麻比布線,比布愛別停車場線,一般国道４０号,1455,0,0.2,,836,,876,1712,1.19,0.21,20.9,17.5,17.5,50
1611230010,落石港線,,根室浜中釧路線,1223,0,2.6,,830,,884,1714,1.19,0.25,51,44.8,9.25,40
1611240010,近文停車場緑町線,近文停車場線,一般国道１２号,1204,0,0.7,,4166,,4698,8864,1.21,0.42,27,19.3,25,50
1611250010,嵐山公園線,,鷹栖町・旭川市境,1452,0,1.5,,12490,,11461,23951,1.25,1.32,35,21.4,15.5,40
1611250020,嵐山公園線,鷹栖町・旭川市境,一般国道１２号,1204,0,0.3,,12490,,11461,23951,1.25,1.85,38.7,18.4,13,40
1611260010,銭函停車場線,小樽石狩線,一般国道５号,1203,0,0.7,,1058,,774,1832,1.2,0.37,20.9,15.2,8,30
1611270010,初田牛厚床線,根室浜中釧路線,一般国道４４号,1223,0,7.2,,68,,80,148,1.12,0.02,56.2,51.4,7.8,60
1611280010,厚岸昆布森線,厚岸標茶線,塘路厚岸線,1662,0,21.7,,379,,374,753,1.17,0.13,59.1,63.3,7.5,60
1611280030,厚岸昆布森線,一般国道４４号,根室浜中釧路線,1661,0,3.6,,869,,805,1674,1.19,0.22,59.4,63.2,9,60
1611290010,三笠栗沢線,岩見沢三笠線,岩見沢桂沢線,1222,0,0.8,,774,,604,1378,1.19,0.17,9.1,16.4,18,40
1611290030,三笠栗沢線,岩見沢桂沢線,,1222,0,3.8,,898,,924,1822,1.2,0.2,25.6,25.6,16,40
1611290050,三笠栗沢線,,夕張岩見沢線,1210,0,0.7,,,,,,,,,,6.5,60
1611300010,砂川奈井江美唄線,砂川歌志内線,文珠砂川線,1226,0,1.9,,1617,,1975,3592,1.2,0.5,44.7,46,14.5,50
1611300020,砂川奈井江美唄線,文珠砂川線,芦別砂川線,1226,0,1.7,,1617,,1975,3592,1.2,0.5,34.3,37.3,14.5,50
1611300030,砂川奈井江美唄線,芦別砂川線,砂川市・奈井江町境,1226,0,3.4,砂川市東豊沼224-2番地,1521,砂川市東豊沼244-2番地,1348,2869,1.2,0.36,47.6,54.3,12,50
1611300040,砂川奈井江美唄線,砂川市・奈井江町境,赤平奈井江線,1424,0,0.6,砂川市東豊沼224-2番地,1521,砂川市東豊沼244-2番地,1348,2869,1.2,0.42,50.6,44.1,7.5,50
1611300050,砂川奈井江美唄線,赤平奈井江線,東奈井江奈井江停車場線,1424,0,2.8,砂川市東豊沼224-2番地,1521,砂川市東豊沼244-2番地,1348,2869,1.2,0.39,57,55.2,8.5,50
1611300070,砂川奈井江美唄線,東奈井江奈井江停車場線,奈井江町・美唄市境,1424,0,3,,803,,746,1549,1.19,0.24,45,44.3,7.6,50
1611300080,砂川奈井江美唄線,奈井江町・美唄市境,美唄富良野線,1215,0,7,,803,,746,1549,1.19,0.24,53.8,48.5,7.5,50
1611310010,美唄停車場線,,一般国道１２号,1215,0,0.1,,2078,,1286,3364,1.2,0.36,12.4,7.6,22,30
1611320005,函館臨空工業団地線,,一般国道２７８号（函館新外環状道路）,1202,0,2.6,函館市日吉町4丁目,3229,函館市日吉町4丁目,2636,5865,1.21,0.53,19.9,18.1,15,40
1611320010,函館臨空工業団地線,一般国道２７８号（函館新外環状道路）,函館上磯線,1202,0,1.7,函館市日吉町4丁目,3229,函館市日吉町4丁目,2636,5865,1.21,0.53,19.9,18.1,15,40
1611330010,宗谷ふれあい公園線,,一般国道２３８号,1214,0,0.6,,2676,,2169,4845,1.21,0.61,24.6,24.5,26,40
1611340010,当麻上川線,豊田当麻線,,1454,0,10.1,,924,,787,1711,1.19,0.28,54,54,11.5,60
1611350010,浜中元川線,一般国道２３１号,,1212,0,1.4,留萌市見晴町1丁目,1131,留萌市見晴町1丁目,740,1871,1.2,0.2,21.2,25.5,15.5,40
1611350030,浜中元川線,,一般国道２３１号,1212,0,0.5,留萌市千鳥町2丁目,623,留萌市千鳥町2丁目,798,1421,1.2,0.2,,,11.5,40
1611370010,丘珠空港東線,丘珠空港線,花畔札幌線,1103,0,1,札幌市東区伏古13条3丁目,8905,札幌市東区伏古13条3丁目,9694,18599,1.24,1,30.3,26.8,25,50
1611370020,丘珠空港東線,花畔札幌線,札幌当別線,1103,0,0.3,札幌市東区伏古13条3丁目,8905,札幌市東区伏古13条3丁目,9694,18599,1.24,0.84,18.5,19.6,25,50
1611370030,丘珠空港東線,札幌当別線,一般国道２７５号,1103,0,2.8,札幌市東区伏古13条3丁目,8905,札幌市東区伏古13条3丁目,9694,18599,1.24,1.16,26.4,20.9,25,50
1611380010,厚別平岡線,一般国道１２号,一般国道２７４号,1108,0,2,,11507,,10430,21937,1.24,1.17,22.9,22.9,32,50
1611380020,厚別平岡線,一般国道２７４号,札幌市厚別区・札幌市清田区境,1108,0,1.2,,11507,,10430,21937,1.24,1.03,21.5,29.4,32,50
1611380024,厚別平岡線,札幌市厚別区・札幌市清田区境,札幌東部新道１号線,1110,0,0.4,,11507,,10430,21937,1.24,1.19,21.2,14,32,50
1611380027,厚別平岡線,札幌東部新道１号線,札幌東部新道２号線,1110,0,0.1,,11507,,10430,21937,1.24,1.19,17.5,8,32,50
1611380030,厚別平岡線,札幌東部新道２号線,一般国道３６号,1110,0,2.6,,11507,,10430,21937,1.24,1.19,26.3,28,32,50
1611390010,栗沢工業団地大和線,一般国道２３４号,一般国道２３４号,1210,0,2.7,岩見沢市大和町171番地,3265,岩見沢市大和町171番地,3144,6409,1.21,0.65,32.4,27.2,16.5,50
1611390030,栗沢工業団地大和線,一般国道２３４号,一般国道１２号,1210,0,2.6,岩見沢市大和町171番地,3265,岩見沢市大和町171番地,3144,6409,1.21,0.58,26.3,27.5,14.5,50
1611400010,美唄三笠線,一般国道１２号,美唄市・三笠市境,1215,0,1.9,,1204,,1365,2569,1.2,0.43,34.7,38.2,11.5,50
1611400020,美唄三笠線,美唄市・三笠市境,岩見沢三笠線,1222,0,2.2,,1204,,1365,2569,1.2,0.4,45.7,38.9,7.5,50
1611410010,長万部公園線,,一般国道５号,1347,0,2.7,山越郡長万部町富野,790,山越郡長万部町富野,777,1567,1.15,0.27,33.5,31.9,12.5,40
1611430010,比布インター線,一般国道４０号,,1455,0,0.8,,874,,568,1442,1.19,0.2,37.8,43.7,14,60
1611430020,比布インター線,,一般国道４５０号（旭川紋別道）,1455,0,0.1,,874,,568,1442,1.19,0.2,13.7,27.6,14,60
1611440010,士幌上士幌線,本別士幌線,士幌町・上士幌町境,1632,0,5,,930,,779,1709,1.19,0.24,54.8,57.4,12,60
1611440020,士幌上士幌線,士幌町・上士幌町境,,1633,0,2.6,,930,,779,1709,1.19,0.26,54,58.7,7.5,60
1611440030,士幌上士幌線,,上士幌士幌音更線,1633,0,1.1,,930,,779,1709,1.19,0.33,35,31,14.54,40
1611450010,薫別川北線,一般国道３３５号,一般国道２４４号,1693,0,12.8,標津郡標津町字古多糠,660,標津郡標津町字古多糠,738,1398,1.18,0.24,48.4,48.4,10.25,60
1611460010,瀬多来吉野線,東台留真線,十弗浦幌線,1649,0,8.1,,20,,20,40,1.1,0.01,44,44,8.5,60
1611460030,瀬多来吉野線,十弗浦幌線,一般国道３８号,1649,0,4.3,,40,,40,80,1.21,0.01,50.9,55.3,7.5,60
1611470010,大曲工業団地美しが丘線,仁別大曲線,,1234,0,0.7,,15759,,14287,30046,1.25,1.04,24.8,26.9,38,50
1611470020,大曲工業団地美しが丘線,,羊ヶ丘線,1110,0,0.2,,12840,,13233,26073,1.25,0.83,32.8,14.4,46,60
1611490010,南千歳停車場線,,一般国道３３７号,1224,0,1.5,,2788,,2651,5439,1.21,0.51,24.2,12.3,19,50
1611500010,旭川北インター線,鷹栖東神楽線,道央自動車道,1204,0,0.2,,1971,,2015,3986,1.2,0.48,18.5,31.9,16.5,40
1611510010,新紋別空港線,,一般国道２３８号,1219,0,0.1,,319,,434,753,1.17,0.11,31.8,11.3,19.5,30
1611520010,芽室帯広インター線,一般国道３８号,一般国道２３６号（帯広広尾道）,1207,0,0.6,,100,,98,198,1.17,0.03,18.6,23.1,22,60
1611530010,帯広川西インター線,一般国道２３６号,一般国道２３６号（帯広広尾道）,1207,0,0.6,,884,,838,1722,1.19,0.29,20.3,39.5,14,40
1611540010,本別インター線,一般国道２４２号,道東自動車道,1646,0,1,,884,,838,1722,1.19,0.23,43.6,52,11.5,40
1611550010,落部インター線,一般国道５号,道央自動車道,1346,0,0.3,,1348,,1344,2692,1.2,0.35,18.6,41.5,10.5,40
1611560010,森インター線,一般国道５号,道央自動車道,1345,0,0.9,,573,,537,1110,1.18,0.14,25.2,26.6,16.5,50
1611570010,幸福インター線,新帯広空港線,一般国道２３６号（帯広広尾道）,1207,0,2.1,,679,,747,1426,1.19,0.18,64.9,61.1,16,50
1611580010,米岡奥尻空港線,奥尻島線,,1367,0,0.4,,954,,928,1882,1.2,0.23,49.7,49.7,14.5,60
1611590020,美唄浦臼線,開発茶志内線,美唄市・浦臼町境,1215,0,1.2,,121,,109,230,1.18,0.03,53.8,62.1,12,50
1611590030,美唄浦臼線,美唄市・浦臼町境,,1431,0,0.4,,121,,109,230,1.18,0.03,54.4,68.1,12,50
1611590010,美唄浦臼線,,一般国道２７５号,1431,0,2.7,,121,,109,230,1.18,0.03,61,55.7,12.5,50
1611600010,旭川旭岳温泉線,東川東神楽旭川線,旭川環状線,1204,0,1.7,旭川市東光9条9丁目,6021,旭川市東光9条9丁目,5313,11334,1.22,0.56,27.4,22.7,22,50
1611600020,旭川旭岳温泉線,旭川環状線,鷹栖東神楽線,1204,0,4.1,旭川市東光9条9丁目,6021,旭川市東光9条9丁目,5313,11334,1.22,0.93,28,33.3,16,50
1611600040,旭川旭岳温泉線,鷹栖東神楽線,旭川市・東川町境,1204,0,1.6,旭川市東光9条9丁目,6021,旭川市東光9条9丁目,5313,11334,1.22,0.89,44.3,51.6,16,50
1611600050,旭川旭岳温泉線,旭川市・東川町境,東川東神楽旭川線,1458,0,3.4,旭川市東光9条9丁目,6021,旭川市東光9条9丁目,5313,11334,1.22,0.87,41.1,39.6,16,50
1611600060,旭川旭岳温泉線,東川東神楽旭川線,東川町・東神楽町境,1458,0,7.8,,2851,,2996,5847,1.21,0.6,51.5,51.1,12.25,60
1611600070,旭川旭岳温泉線,東川町・東神楽町境,天人峡美瑛線,1453,0,1.1,,2851,,2996,5847,1.21,0.62,56.4,51.1,9.75,50
1611600100,旭川旭岳温泉線,富良野上川線,,1458,0,13,上川郡東川町勇駒別,180,上川郡東川町勇駒別,175,355,1.15,0.06,46.4,57.1,9.1,60
1611610010,士別剣淵インター線,一般国道４０号,士別市・剣淵町境,1220,0,0.1,,1336,,1369,2705,1.2,0.43,12.4,32.7,12.5,40
1611610020,士別剣淵インター線,士別市・剣淵町境,道央自動車道,1465,0,0,,1336,,1369,2705,1.2,0.35,28.5,45,20.5,40
1611620010,銀泉台線,,一般国道２７３号,1457,0,14.8,,76,,64,140,1.12,0.13,32.4,32.4,6,60
1611630010,丸瀬布インター線,一般国道３３３号,一般国道４５０号（旭川紋別道）,1555,0,0.4,,1748,,1994,3742,1.2,0.38,38.5,36.6,11.5,40
1611650020,むかわ穂別インター線,一般国道２７４号,道東自動車道,1586,0,3.2,,,,,,,,50.1,50.3,8,60
1611660010,中札内インター線,一般国道２３６号（帯広広尾道）,一般国道２３６号,1638,0,2,,1126,,1114,2240,1.2,0.32,44.6,38,12,60
1611670010,茂辺地インター線,上磯厚沢部線,一般国道２２８号（函館江差道）,1236,0,0.7,,,,,,,,60.2,55.8,8.5,40
1611680010,女満別空港インター線,女満別空港線,一般国道３９号（美幌バイパス）,1564,0,0.1,,,,,,,,17.2,32.4,13.5,40
1611690010,愛別インター線,一般国道４５０号（旭川紋別道）,愛別当麻旭川線,1456,0,0.2,,974,,1023,1997,1.2,0.25,31.6,17.7,16.5,30
1611700010,トマムインター線,道東自動車道,夕張新得線,1463,0,0.1,,563,,484,1047,1.18,0.13,25.7,21.1,10.5,40
1611710010,上川層雲峡インター線,一般国道４５０号（旭川紋別道）,日東東雲線,1457,0,0.2,,1175,,1358,2533,1.2,0.33,37,28.3,17.8,30
1611720010,占冠インター線,道東自動車道,一般国道２３７号,1463,0,0.4,,2581,,3314,5895,1.21,0.77,39,31,9.5,40
1609970010,小樽塩谷インター線,後志自動車道,小樽環状線,1203,0,0.9,,,,,,,,39.2,32.4,11.5,40
1611740005,発足前田線,蕨岱国富停車場線,一般国道２７６号,1401,0,1.4,岩内郡共和町前田,390,岩内郡共和町前田,527,917,1.19,0.13,43.7,38.4,12,40
1611740010,発足前田線,一般国道２７６号,一般国道２７６号,1401,0,1.2,岩内郡共和町前田,390,岩内郡共和町前田,527,917,1.19,0.13,28,38.4,12,40
1611750010,新千歳空港インター線,泉沢新千歳空港線,道央自動車道,1224,1,2.1,,,,,,,,44.8,46.2,12.6,60
1611760010,新函館北斗停車場七飯線,一般国道５号,七飯町・北斗市境,1337,0,1.4,,132,,105,237,1.18,0.03,37.9,41.2,12.5,60
1611760020,新函館北斗停車場七飯線,七飯町・北斗市境,,1236,0,1.3,,132,,105,237,1.18,0.03,41.8,38.8,12.5,60
1611770010,函館空港インター線,一般国道２７８号（函館新外環状道路）,函館空港線,1202,0,1.3,函館市高松町,3435,函館市高松町,3559,6994,1.22,0.22,42.5,39,25,40
1611790010,苫小牧中央インター線,一般国道２７６号,道央自動車道,1213,0,1.7,,,,,,,,,,14.5,40
1700090010,南４条線,一般国道３６号,一般国道２３０号,1101,0,0.9,札幌市中央区南4条西4丁目,11388,札幌市中央区南4条西4丁目,11392,22780,1.25,0.71,13,15.1,45,40
1700230010,伏古川通線,札幌環状線,一般国道２７４号,1103,0,2,,6021,,6632,12653,1.22,0.74,,20.7,20,40
1700230030,伏古川通線,札幌環状線,一般国道２７４号,1103,0,2,,6021,,6632,12653,1.22,0.74,20.6,,20,40
1700450010,競馬場線,下手稲札幌線,樽川支線,1101,0,0.4,中央区北18条西15丁目,12918,中央区北18条西15丁目,13310,26228,1.25,0.9,22.6,9.7,38.37,50
1701280010,西２８丁目線,南１９条宮の沢線,西野白石線,1101,0,0.5,札幌市中央区北1条西27丁目,8951,札幌市中央区北1条西27丁目,8911,17862,1.24,0.55,14.5,12.4,27,50
1701280020,西２８丁目線,西野白石線,宮の沢北１条線,1101,0,0.4,札幌市中央区北1条西27丁目,8951,札幌市中央区北1条西27丁目,8911,17862,1.24,0.55,11,12.7,27,50
1701900010,新川支線,札幌環状線,琴似停車場新琴似線,1107,0,0.8,札幌市北区新川1条1丁目,17712,札幌市北区新川1条1丁目,19072,36784,1.26,1.12,12.4,20.6,33.5,50
1701900020,新川支線,琴似停車場新琴似線,一般国道５号,1107,0,1.3,札幌市北区新川1条1丁目,17712,札幌市北区新川1条1丁目,19072,36784,1.26,1.12,24.3,12.7,33.5,50
1702140010,二十四軒１条線,宮の沢北１条線,下手稲札幌線,1101,0,2.1,札幌市中央区北12条西23丁目,6909,札幌市中央区北12条西23丁目,6791,13700,1.23,0.45,23.9,22.1,36,50
1723640010,里塚９８号線,札幌東部新道１号線,札幌東部新道２号線,1110,0,0.1,札幌市清田区里塚2条7丁目,15588,札幌市清田区里塚2条7丁目,14196,29784,1.26,1.08,,,25,50
1723640020,里塚９８号線,札幌東部新道２号線,一般国道３６号,1110,0,0.6,札幌市清田区里塚2条7丁目,15588,札幌市清田区里塚2条7丁目,14196,29784,1.26,1.08,,,25,50
1705170010,北大横断線,下手稲札幌線,北１５条線,1102,0,1.3,札幌市北区北18条西9丁目,15332,札幌市北区北18条西9丁目,14496,29828,1.25,0.65,22.6,12.7,31.12,50
1705330010,北１５条線,北大横断線,一般国道５号,1102,0,0.9,札幌市東区北15条東7丁目,12691,札幌市東区北15条東7丁目,11859,24550,1.23,0.98,18.4,17.1,36,50
1705330020,北１５条線,一般国道５号,札幌環状線,1103,0,1,札幌市東区北15条東7丁目,12691,札幌市東区北15条東7丁目,11859,24550,1.23,0.83,18.8,18.1,36,50
1705430010,北１８条線,北大横断線,一般国道５号,1102,0,0.4,北区北18条西3丁目,5124,北区北18条西3丁目,7384,12508,1.24,0.48,12.5,12.4,27,50
1705840010,樽川支線,競馬場線,札幌環状線,1107,0,0.3,札幌市北区北24条西14丁目,13653,札幌市北区北24条西14丁目,12809,26462,1.25,0.89,18.9,16.4,44.02,50
1796230010,札幌東部新道１号線,道央自動車道,道央自動車道,1108,0,1,,,清田区平岡公園東1丁目,13403,13403,1.22,0.48,,20.1,14.15,60
1796230020,札幌東部新道１号線,道央自動車道,札幌市厚別区・札幌市清田区境,1108,0,0.1,,,清田区平岡公園東1丁目,13403,13403,1.22,0.48,,20.1,14.15,60
1796230030,札幌東部新道１号線,札幌市厚別区・札幌市清田区境,厚別平岡線,1110,0,0.5,,,清田区平岡公園東1丁目,13403,13403,1.22,0.43,,20.1,14.15,60
1796230040,札幌東部新道１号線,厚別平岡線,里塚９８号線,1110,0,2.9,,,清田区平岡公園東1丁目,11186,11186,1.22,0.45,,39.9,14.15,60
1796240010,札幌東部新道２号線,真駒内御料札幌線,道央自動車道,1108,0,0.6,清田区平岡公園東1丁目,16331,,,16331,1.23,0.72,57.4,,14.45,60
1796240020,札幌東部新道２号線,道央自動車道,厚別平岡線,1110,0,1,清田区平岡公園東1丁目,16331,,,16331,1.23,0.67,57.4,,14.15,60
1796240030,札幌東部新道２号線,厚別平岡線,里塚９８号線,1110,0,2.9,清田区平岡公園東1丁目,12248,,,12248,1.22,0.44,40.9,,14.15,60
1708260010,川沿石山連絡線,一般国道２３０号,一般国道４５３号,1106,0,1.4,札幌市南区石山1条6丁目,7159,札幌市南区石山1条6丁目,7136,14295,1.25,1.12,29.3,29.9,26.2,50
1708260020,川沿石山連絡線,一般国道４５３号,一般国道２３０号,1106,0,2.1,,9617,,11196,20813,1.24,1.16,24.7,23.8,20,50
1709770010,菊水元町６条中通１号線,一般国道２７４号,札幌環状線,1104,0,2.1,,9622,,9323,18945,1.24,0.49,23.2,20.1,35,50
