交通調査基本区間番号,路線名,起点側／路線名等,終点側／路線名等,市区町村コード,自動車専用道路の別,区間延長（ｋｍ）,上り／交通量観測地点地名,上り／２４時間自動車類交通量／合計（台）,下り／交通量観測地点地名,下り／２４時間自動車類交通量／合計（台）,２４時間自動車類交通量（上下合計）／合計（台）,昼夜率,混雑度,朝夕（混雑時）／上り／旅行速度／合計（ｋｍ／ｈ）,朝夕（混雑時）／下り／旅行速度／合計（ｋｍ／ｈ）,幅員構成／道路部幅員（ｍ）,指定最高速度（ｋｍ／ｈ）
28110110010,名神高速道路,名神高速道路,尼崎池田線,28202,1,4.3,豊中～尼崎～西宮,24800,豊中～尼崎～西宮,25106,49906,1.35,0.73,73.7,85.8,21,100
28110110020,名神高速道路,尼崎池田線,尼崎市・西宮市境,28202,1,3.5,尼崎～西宮,21035,尼崎～西宮,20995,42030,1.35,0.6,84.1,76.6,21,100
28110110030,名神高速道路,尼崎市・西宮市境,高速神戸西宮線,28204,1,3.5,尼崎～西宮,21035,尼崎～西宮,20995,42030,1.35,0.6,78,39.6,21,80
28110200010,山陽自動車道,新名神高速道路,灘三田線,28109,1,2.6,神戸JCT～神戸北,26481,神戸JCT～神戸北,26211,52692,1.57,0.76,83.6,82.2,25,100
28110200020,山陽自動車道,灘三田線,,28109,1,12.2,神戸北～三木JCT,26630,神戸北～三木JCT,26376,53006,1.57,0.76,84.9,84.1,25,100
28110200030,山陽自動車道,,神戸市北区・三木市境,28109,1,0.4,神戸北～三木JCT,26630,神戸北～三木JCT,26376,53006,1.57,0.76,87.3,87.8,24,100
28110200040,山陽自動車道,神戸市北区・三木市境,山陽自動車道,28215,1,0.2,神戸北～三木JCT,26630,神戸北～三木JCT,26376,53006,1.57,0.76,86.8,88.3,27,100
28110200050,山陽自動車道,山陽自動車道,神戸加東線,28215,1,2.6,三木JCT～三木東,25255,三木JCT～三木東,25520,50775,1.55,0.92,84.4,88,25,100
28110200060,山陽自動車道,神戸加東線,三木市・小野市境,28215,1,8.5,三木東～三木小野,23618,三木東～三木小野,23838,47456,1.57,0.66,85.5,86.2,25,80
28110200070,山陽自動車道,三木市・小野市境,小野市・三木市境,28218,1,0.9,三木東～三木小野,23618,三木東～三木小野,23838,47456,1.57,0.66,83.5,86.3,25,80
28110200080,山陽自動車道,小野市・三木市境,一般国道１７５号,28215,1,0.3,三木小野～加古川北,20946,三木小野～加古川北,21110,42056,1.62,0.73,80.2,89.1,25,100
28110200090,山陽自動車道,一般国道１７５号,三木市・小野市境,28215,1,1.7,三木小野～加古川北,20946,三木小野～加古川北,21110,42056,1.62,0.73,86.4,88.4,25,100
28110200100,山陽自動車道,三木市・小野市境,小野市・三木市境,28218,1,0.1,三木小野～加古川北,20946,三木小野～加古川北,21110,42056,1.62,0.73,86.2,89.2,25,100
28110200110,山陽自動車道,小野市・三木市境,三木市・小野市境,28215,1,0.7,三木小野～加古川北,20946,三木小野～加古川北,21110,42056,1.62,0.73,85.4,90.2,23.5,100
28110200120,山陽自動車道,三木市・小野市境,小野市・加古川市境,28218,1,0.9,三木小野～加古川北,20946,三木小野～加古川北,21110,42056,1.62,0.73,87.6,87.8,23.5,100
28110200130,山陽自動車道,小野市・加古川市境,加古川北インター線,28210,1,9.8,三木小野～加古川北,20946,三木小野～加古川北,21110,42056,1.62,0.73,87.6,88,25,100
28110200140,山陽自動車道,加古川北インター線,加古川市・姫路市境,28210,1,2.7,加古川北～山陽姫路東,20728,加古川北～山陽姫路東,20652,41380,1.63,0.79,88.7,89.7,25,100
28110200150,山陽自動車道,加古川市・姫路市境,一般国道３１２号,28201,1,5.9,加古川北～山陽姫路東,20728,加古川北～山陽姫路東,20652,41380,1.63,0.79,87.8,83.8,25,100
28110200160,山陽自動車道,一般国道３１２号,一般国道２９号,28201,1,12.9,山陽姫路東～山陽姫路西,19477,山陽姫路東～山陽姫路西,19250,38727,1.69,0.73,87.8,86,25,80
28110200170,山陽自動車道,一般国道２９号,姫路市・たつの市境,28201,1,2.8,山陽姫路西～龍野,19542,山陽姫路西～龍野,19703,39245,1.72,0.68,87.4,87,25,80
28110200180,山陽自動車道,姫路市・たつの市境,網干たつの線,28229,1,3.8,山陽姫路西～龍野,19542,山陽姫路西～龍野,19703,39245,1.72,0.68,88.5,86.6,22,80
28110200190,山陽自動車道,網干たつの線,竜野西インタ－線,28229,1,4.4,龍野～龍野西,19895,龍野～龍野西,19946,39841,1.73,0.52,87.7,85.9,24,80
28110200200,山陽自動車道,竜野西インタ－線,播磨自動車道,28229,1,1.5,龍野西～播磨JCT,19467,龍野西～播磨JCT,19684,39151,1.76,0.66,88.6,84.6,22.5,80
28110200210,山陽自動車道,播磨自動車道,たつの市・相生市境,28229,1,0.5,播磨JCT～赤穂,19051,播磨JCT～赤穂,19262,38313,1.78,0.74,87,84.8,22.5,80
28110200220,山陽自動車道,たつの市・相生市境,相生市・赤穂市境,28208,1,7.2,播磨JCT～赤穂,19051,播磨JCT～赤穂,19262,38313,1.78,0.74,89.1,88.7,22.5,80
28110200230,山陽自動車道,相生市・赤穂市境,岡山赤穂線,28212,1,5.4,播磨JCT～赤穂,19051,播磨JCT～赤穂,19262,38313,1.78,0.74,85.8,89,22.5,80
28110200240,山陽自動車道,岡山赤穂線,山陽自動車道,28212,1,5.6,赤穂～備前,17571,赤穂～備前,17702,35273,1.88,0.71,88.5,87.2,24.25,80
28110200260,山陽自動車道,山陽自動車道,神戸市北区・三木市境,28109,1,0.9,三木JCT～神戸西,8130,三木JCT～神戸西,7611,15741,1.32,0.34,84.1,87.8,23.5,100
28110200270,山陽自動車道,神戸市北区・三木市境,三木市・神戸市北区境,28215,1,2.7,三木JCT～神戸西,8130,三木JCT～神戸西,7611,15741,1.32,0.34,91.5,91.2,23.5,100
28110200280,山陽自動車道,三木市・神戸市北区境,神戸市北区・神戸市西区境,28109,1,3,三木JCT～神戸西,8130,三木JCT～神戸西,7611,15741,1.32,0.34,90.2,93.3,23.5,100
28110200290,山陽自動車道,神戸市北区・神戸市西区境,神戸三木線,28111,1,2.5,三木JCT～神戸西,8130,三木JCT～神戸西,7611,15741,1.32,0.34,87.6,93.2,23.5,100
28110200300,山陽自動車道,神戸三木線,一般国道２８号（本四道路）,28111,1,0.5,三木JCT～神戸西,8130,三木JCT～神戸西,7611,15741,1.32,0.34,45.8,89.9,23.5,100
28112010010,中国自動車道,中国自動車道,川西市・宝塚市境,28217,1,1.4,中国池田～宝塚,32543,中国池田～宝塚,32099,64642,1.33,0.71,41.9,64.5,28,100
28112010020,中国自動車道,川西市・宝塚市境,宝塚市・伊丹市境,28214,1,1,中国池田～宝塚,32543,中国池田～宝塚,32099,64642,1.33,0.71,44.4,69.1,28,100
28112010030,中国自動車道,宝塚市・伊丹市境,伊丹市・宝塚市境,28207,1,1.3,中国池田～宝塚,32543,中国池田～宝塚,32099,64642,1.33,0.71,51.3,72.4,28,100
28112010040,中国自動車道,伊丹市・宝塚市境,一般国道１７６号,28214,1,1,中国池田～宝塚,32543,中国池田～宝塚,32099,64642,1.33,0.71,53.7,76,28,100
28112010050,中国自動車道,一般国道１７６号,宝塚市・西宮市境,28214,1,3.8,宝塚～西宮山口JCT,38645,宝塚～西宮山口JCT,38580,77225,1.32,1.04,54.3,80,33.25,80
28112010060,中国自動車道,宝塚市・西宮市境,高速北神戸線,28204,1,7,宝塚～西宮山口JCT,38645,宝塚～西宮山口JCT,38580,77225,1.32,1.04,90,83.5,33.25,80
28112010070,中国自動車道,高速北神戸線,大沢西宮線,28204,1,2.6,西宮山口JCT～西宮北,32098,西宮山口JCT～西宮北,32310,64408,1.34,0.87,84.2,90.2,33.25,80
28112010080,中国自動車道,大沢西宮線,西宮市・神戸市北区境,28204,1,0.1,西宮北～神戸JCT,28946,西宮北～神戸JCT,28906,57852,1.34,0.7,87.6,85.2,41.75,80
28112010090,中国自動車道,西宮市・神戸市北区境,新名神高速道路,28109,1,1.5,西宮北～神戸JCT,28946,西宮北～神戸JCT,28906,57852,1.34,0.7,88.3,88.1,38,80
28112010100,中国自動車道,新名神高速道路,灘三田線,28109,1,5.1,神戸JCT～神戸三田,21461,神戸JCT～神戸三田,20406,41867,1.33,0.63,89.2,89.4,30,80
28112010110,中国自動車道,灘三田線,神戸市北区・三木市境,28109,1,2.2,神戸三田～吉川JCT,21152,神戸三田～吉川JCT,19921,41073,1.31,0.57,88.3,83.2,30,80
28112010120,中国自動車道,神戸市北区・三木市境,舞鶴若狭自動車道,28215,1,1.5,神戸三田～吉川JCT,21152,神戸三田～吉川JCT,19921,41073,1.31,0.57,83.7,88.9,30,80
28112010130,中国自動車道,舞鶴若狭自動車道,一般国道４２８号,28215,1,3.3,吉川JCT～吉川,14697,吉川JCT～吉川,14188,28885,1.36,0.65,84.3,86.8,23.5,80
28112010140,中国自動車道,一般国道４２８号,三木市・加東市境,28215,1,2.5,吉川～ひょうご東条,12858,吉川～ひょうご東条,12416,25274,1.38,0.52,78.6,89.4,23.5,80
28112010150,中国自動車道,三木市・加東市境,ひょうご東条インター線,28228,1,1.5,吉川～ひょうご東条,12858,吉川～ひょうご東条,12416,25274,1.38,0.52,72.6,88.6,23.5,80
28112010160,中国自動車道,ひょうご東条インター線,西脇三田線,28228,1,11.8,ひょうご東条～滝野社,11300,ひょうご東条～滝野社,11112,22412,1.4,0.45,86.2,90,23.5,80
28112010170,中国自動車道,西脇三田線,加東市・加西市境,28228,1,3.1,滝野社～加西,9225,滝野社～加西,9126,18351,1.42,0.27,91.2,88.4,23.5,80
28112010180,中国自動車道,加東市・加西市境,加西市・加東市境,28220,1,1.8,滝野社～加西,9225,滝野社～加西,9126,18351,1.42,0.27,92,89.1,23.5,80
28112010190,中国自動車道,加西市・加東市境,加東市・加西市境,28228,1,1,滝野社～加西,9225,滝野社～加西,9126,18351,1.42,0.27,90.7,90.4,23.5,80
28112010200,中国自動車道,加東市・加西市境,多可北条線,28220,1,3.8,滝野社～加西,9225,滝野社～加西,9126,18351,1.42,0.27,89.3,89.4,23.5,80
28112010210,中国自動車道,多可北条線,加西市・福崎町境,28220,1,6.6,加西～福崎,8969,加西～福崎,8702,17671,1.4,0.27,91.3,86.5,23.5,80
28112010220,中国自動車道,加西市・福崎町境,一般国道３１２号,28443,1,3.4,加西～福崎,8969,加西～福崎,8702,17671,1.4,0.27,90,87.6,23.5,80
28112010230,中国自動車道,一般国道３１２号,福崎町・姫路市境,28443,1,4.3,福崎～夢前スマート,7460,福崎～夢前スマート,7158,14618,1.42,0.33,91.5,89,23.5,80
28112010235,中国自動車道,福崎町・姫路市境,三木宍粟線,28201,1,2.4,福崎～夢前スマート,7460,福崎～夢前スマート,7158,14618,1.42,0.33,91.2,88.7,23.5,80
28112010240,中国自動車道,三木宍粟線,姫路市・宍粟市境,28201,1,10.9,夢前スマート～山崎,7103,夢前スマート～山崎,6815,13918,1.44,0.35,90.7,87.5,23.5,80
28112010250,中国自動車道,姫路市・宍粟市境,一般国道２９号,28227,1,2.8,夢前スマート～山崎,7103,夢前スマート～山崎,6815,13918,1.44,0.35,89.5,89.8,23.5,80
28112010260,中国自動車道,一般国道２９号,宍粟市・佐用町境,28227,1,12.2,山崎～佐用JCT,6234,山崎～佐用JCT,5989,12223,1.5,0.31,90.1,87.6,21.5,80
28112010270,中国自動車道,宍粟市・佐用町境,中国横断自動車道姫路鳥取線,28501,1,5,山崎～佐用JCT,6234,山崎～佐用JCT,5989,12223,1.5,0.31,91.3,89.3,21.5,80
28112010280,中国自動車道,中国横断自動車道姫路鳥取線,一般国道３７３号,28501,1,2.4,佐用JCT～佐用,5158,佐用JCT～佐用,4881,10039,1.51,0.26,88.6,86.4,21.75,80
28112010290,中国自動車道,一般国道３７３号,中国自動車道,28501,1,10.2,佐用～作東,4681,佐用～作東,4635,9316,1.55,0.32,87.6,87.7,20.5,80
28112100010,舞鶴若狭自動車道,中国自動車道,三木市・三田市境,28215,1,2,吉川JCT～三田西,9334,吉川JCT～三田西,8612,17946,1.26,0.4,87.1,86.9,20.25,80
28112100020,舞鶴若狭自動車道,三木市・三田市境,三田西インター線,28219,1,2.3,吉川JCT～三田西,9334,吉川JCT～三田西,8612,17946,1.26,0.4,89.8,89.6,22,80
28112100030,舞鶴若狭自動車道,三田西インター線,三田市・丹波篠山市境,28219,1,9.1,三田西～丹南篠山口,8544,三田西～丹南篠山口,7935,16479,1.27,0.39,91,89.3,22,80
28112100040,舞鶴若狭自動車道,三田市・丹波篠山市境,丹南篠山口インター線,28221,1,9.1,三田西～丹南篠山口,8544,三田西～丹南篠山口,7935,16479,1.27,0.39,90.3,88.4,21,80
28112100050,舞鶴若狭自動車道,丹南篠山口インター線,丹波篠山市・丹波市境,28221,1,7.5,丹南篠山口～春日,7215,丹南篠山口～春日,6726,13941,1.29,0.23,89.4,86.7,22,80
28112100060,舞鶴若狭自動車道,丹波篠山市・丹波市境,一般国道４８３号（北近畿豊岡道）,28223,1,6.5,丹南篠山口～春日,7215,丹南篠山口～春日,6726,13941,1.29,0.23,91,90.8,22,80
28112100070,舞鶴若狭自動車道,一般国道４８３号（北近畿豊岡道）,舞鶴若狭自動車道,28223,1,8.1,春日～福知山,4333,春日～福知山,4183,8516,1.39,0.19,90.7,88.8,22,80
28112410010,播磨自動車道,山陽自動車道,たつの市・相生市境,28229,1,4.8,播磨JCT～播磨新宮,630,播磨JCT～播磨新宮,636,1266,1.1,0.21,84.9,79.2,9.5,80
28112410020,播磨自動車道,たつの市・相生市境,相生市・たつの市境,28208,1,5.4,播磨JCT～播磨新宮,630,播磨JCT～播磨新宮,636,1266,1.1,0.21,90.7,84.7,9,80
28112410030,播磨自動車道,相生市・たつの市境,播磨新宮インター線,28229,1,2.6,播磨JCT～播磨新宮,630,播磨JCT～播磨新宮,636,1266,1.1,0.21,65.3,62.9,10.5,80
28103070010,新名神高速道路,新名神高速道路,川西インター線,28217,1,4.3,箕面とどろみ～川西,17916,箕面とどろみ～川西,16786,34702,1.69,0.8,85.7,89.9,21,100
28103070020,新名神高速道路,川西インター線,川西市・猪名川町境,28217,1,1.1,川西～宝塚北スマート,17559,川西～宝塚北スマート,16366,33925,1.7,0.82,85.7,89.8,21.5,100
28103070030,新名神高速道路,川西市・猪名川町境,猪名川町・宝塚市境,28301,1,4.1,川西～宝塚北スマート,17559,川西～宝塚北スマート,16366,33925,1.7,0.82,88.3,88.9,21.5,100
28103070040,新名神高速道路,猪名川町・宝塚市境,宝塚北インター線,28214,1,3.2,川西～宝塚北スマート,17559,川西～宝塚北スマート,16366,33925,1.7,0.82,86.8,87.5,23.5,100
28103070050,新名神高速道路,宝塚北インター線,宝塚市・神戸市北区境,28214,1,1.5,宝塚北スマート～神戸JCT,17846,宝塚北スマート～神戸JCT,16561,34407,1.68,0.82,85.3,86.4,23.5,100
28103070060,新名神高速道路,宝塚市・神戸市北区境,山陽自動車道,28109,1,6.7,宝塚北スマート～神戸JCT,17846,宝塚北スマート～神戸JCT,16561,34407,1.68,0.82,87.4,88.4,23.5,100
28152010010,中国横断自動車道姫路鳥取線,中国自動車道,,28501,1,1,佐用JCT～佐用本線,1415,佐用JCT～佐用本線,1447,2862,1.36,0.36,62.3,58.2,10.5,80
28152010020,中国横断自動車道姫路鳥取線,,一般国道３７３号,28501,1,2,佐用JCT-佐用平福IC,1491,佐用JCT-佐用平福IC,1569,3060,1.38,0.34,82.5,83.1,9.5,70
28152010030,中国横断自動車道姫路鳥取線,一般国道３７３号,中国横断自動車道姫路鳥取線,28501,1,5.4,佐用平福IC-大原IC,2421,佐用平福IC-大原IC,2911,5332,1.33,0.6,75.2,77.8,9.5,70
28200060010,高速大阪池田線,高速大阪池田線,高速大阪池田線,28202,1,0.1,大阪市淀川区加島2丁目,31402,大阪市淀川区加島2丁目,36570,67972,1.27,0.84,20.4,65.4,18,60
28200060030,高速大阪池田線,高速大阪池田線,高速大阪池田線,28207,1,1.2,池田市神田2丁目,6392,池田市神田2丁目,5963,12355,1.27,0.24,78.3,80.1,18,50
28200060050,高速大阪池田線,高速大阪池田線,一般国道１７６号,28217,1,0.4,川西市小花1丁目,7766,川西市小花1丁目,7817,15583,1.27,0.31,74.5,71.9,18,60
28200060060,高速大阪池田線,一般国道１７６号,高速大阪池田線,28217,1,1,池田市木部町,5415,池田市木部町,4835,10250,1.27,0.23,79.5,78.7,18,60
28200080010,高速大阪西宮線,高速大阪西宮線,一般国道４３号,28202,1,3.6,尼崎市西本町6丁目,34346,尼崎市西本町6丁目,32557,66903,1.41,0.58,75.5,79.3,25.75,60
28200080020,高速大阪西宮線,一般国道４３号,尼崎市・西宮市境,28202,1,0.9,尼崎市武庫川町1丁目,37778,尼崎市武庫川町1丁目,36015,73793,1.41,0.64,75.4,76.2,25.75,60
28200080030,高速大阪西宮線,尼崎市・西宮市境,一般国道４３号,28204,1,0.3,尼崎市武庫川町1丁目,37778,尼崎市武庫川町1丁目,36015,73793,1.41,0.64,72,74.4,25.75,60
28200080040,高速大阪西宮線,一般国道４３号,高速神戸西宮線,28204,1,2.5,西宮市池開町,30332,西宮市池開町,28740,59072,1.44,0.68,73.6,63.1,20.25,60
28200100010,高速湾岸線,市道（ＲＩ－１号線）,魚崎浜町１号線,28101,1,1.3,神戸市東灘区向洋町東3丁目,5978,神戸市東灘区向洋町東3丁目,5978,11956,1.23,0.19,76.2,70,27.25,80
28200100020,高速湾岸線,魚崎浜町１号線,東灘芦屋線,28101,1,2.2,神戸市東灘区魚崎浜町,22973,神戸市東灘区魚崎浜町,22345,45318,1.36,0.47,45.5,81.6,27.25,80
28200100030,高速湾岸線,東灘芦屋線,神戸市東灘区・芦屋市境,28101,1,0.5,芦屋市陽光町,24175,芦屋市陽光町,24748,48923,1.36,0.53,76.8,80.2,27.25,80
28200100040,高速湾岸線,神戸市東灘区・芦屋市境,芦屋鳴尾浜線,28206,1,0.6,芦屋市陽光町,24175,芦屋市陽光町,24748,48923,1.36,0.53,76.1,83.1,27.25,80
28200100050,高速湾岸線,芦屋鳴尾浜線,芦屋市・西宮市境,28206,1,1.3,西宮市西宮浜1丁目,23253,西宮市西宮浜1丁目,23777,47030,1.36,0.51,80.6,83.9,27.25,80
28200100060,高速湾岸線,芦屋市・西宮市境,芦屋鳴尾浜線,28204,1,1.4,西宮市西宮浜1丁目,23253,西宮市西宮浜1丁目,23777,47030,1.36,0.51,84.7,81.8,27.25,80
28200100070,高速湾岸線,芦屋鳴尾浜線,芦屋鳴尾浜線,28204,1,0.9,西宮市甲子園浜2丁目,26040,西宮市甲子園浜2丁目,26839,52879,1.35,0.58,80.2,81,27.25,80
28200100080,高速湾岸線,芦屋鳴尾浜線,芦屋鳴尾浜線,28204,1,2.4,西宮市鳴尾浜1丁目,24468,西宮市鳴尾浜1丁目,25176,49644,1.36,0.55,83.1,84.4,27.25,80
28200100090,高速湾岸線,芦屋鳴尾浜線,西宮市・尼崎市境,28204,1,0.6,西宮市高須町1丁目,27262,西宮市高須町1丁目,29172,56434,1.35,0.63,83.2,83.9,27.25,80
28200100100,高速湾岸線,西宮市・尼崎市境,尼崎港崇徳院線,28202,1,1.6,西宮市高須町1丁目,27262,西宮市高須町1丁目,29172,56434,1.35,0.63,83.9,81.8,27.25,80
28200100110,高速湾岸線,尼崎港崇徳院線,尼崎港線,28202,1,0.8,尼崎市西海岸町,33091,尼崎市西海岸町,33330,66421,1.35,0.71,80.9,78.6,27.25,80
28200100120,高速湾岸線,尼崎港線,高速湾岸線,28202,1,0.7,尼崎市東海岸町,30570,尼崎市東海岸町,30731,61301,1.35,0.66,81.7,81.5,27.25,80
28200100140,高速道路湾岸線,一般国道２号（第二神明道路北線）,一般国道２号（第二神明道路）,28108,1,1.2,神戸市垂水区名谷町,7001,神戸市垂水区名谷町,7980,14981,1.46,0.19,74.9,79.4,34.25,50
28200110010,高速神戸西宮線,一般国道２号（第二神明道路）,一般国道２号,28107,1,1.5,神戸市須磨区北町1丁目,30581,神戸市須磨区北町1丁目,34590,65171,1.43,0.81,61.5,28.3,17.6,50
28200110020,高速神戸西宮線,一般国道２号,神戸市須磨区・神戸市長田区境,28107,1,0.2,神戸市長田区大橋町7丁目,32591,神戸市長田区腕塚町5丁目,36159,68750,1.42,0.78,65.1,27.8,17.6,60
28200110030,高速神戸西宮線,神戸市須磨区・神戸市長田区境,高速道路２号線,28106,1,1.8,神戸市長田区大橋町7丁目,32591,神戸市長田区腕塚町5丁目,36159,68750,1.42,0.78,67.1,27.8,17.6,60
28200110040,高速神戸西宮線,高速道路２号線,神戸市長田区・神戸市兵庫区境,28106,1,0.8,神戸市長田区梅ヶ香町2丁目,39849,神戸市長田区梅ヶ香町2丁目,44655,84504,1.43,0.99,60.7,30.8,17.6,60
28200110050,高速神戸西宮線,神戸市長田区・神戸市兵庫区境,一般国道２号,28105,1,1.4,神戸市長田区梅ヶ香町2丁目,39849,神戸市長田区梅ヶ香町2丁目,44655,84504,1.43,0.99,59.8,35.1,17.6,60
28200110060,高速神戸西宮線,一般国道２号,神戸市兵庫区・神戸市中央区境,28105,1,0.9,神戸市中央区東川崎町1丁目,40160,神戸市中央区東川崎町1丁目,44729,84889,1.45,0.99,49.1,31.7,17.6,60
28200110070,高速神戸西宮線,神戸市兵庫区・神戸市中央区境,京橋線,28110,1,2.3,神戸市中央区東川崎町1丁目,40160,神戸市中央区東川崎町1丁目,44729,84889,1.45,0.99,48.6,29.1,17.6,60
28200110080,高速神戸西宮線,京橋線,一般国道２号,28110,1,1.2,神戸市中央区小野浜町,38041,神戸市中央区小野浜町,41104,79145,1.47,0.89,39.1,23.5,17.6,60
28200110090,高速神戸西宮線,一般国道２号,神戸市中央区・神戸市灘区境,28110,1,1.5,神戸市中央区脇浜町2丁目,43740,神戸市中央区脇浜町2丁目,45924,89664,1.45,0.99,43.3,28.7,17.6,60
28200110100,高速神戸西宮線,神戸市中央区・神戸市灘区境,摩耶埠頭線,28102,1,0.8,神戸市中央区脇浜町2丁目,43740,神戸市中央区脇浜町2丁目,45924,89664,1.45,0.99,25.1,29.2,17.6,60
28200110110,高速神戸西宮線,摩耶埠頭線,神戸市灘区・神戸市東灘区境,28102,1,1.9,神戸市灘区御影石町1丁目,39460,神戸市灘区御影石町1丁目,38766,78226,1.41,0.87,30.8,25,20.25,60
28200110120,高速神戸西宮線,神戸市灘区・神戸市東灘区境,一般国道４３号,28101,1,2.7,神戸市灘区御影石町1丁目,39460,神戸市灘区御影石町1丁目,38766,78226,1.41,0.87,33.9,26.3,20.25,60
28200110130,高速神戸西宮線,一般国道４３号,一般国道４３号,28101,1,1.3,神戸市東灘区魚崎南町1丁目,44608,神戸市東灘区魚崎南町1丁目,43465,88073,1.4,1.01,34.9,34.9,20.25,60
28200110140,高速神戸西宮線,一般国道４３号,神戸市東灘区・芦屋市境,28101,1,1.7,芦屋市平田北町,41190,芦屋市平田北町,39214,80404,1.4,0.94,30.5,46.1,20.25,60
28200110150,高速神戸西宮線,神戸市東灘区・芦屋市境,芦屋市・西宮市境,28206,1,2.1,芦屋市平田北町,41190,芦屋市平田北町,39214,80404,1.4,0.94,28.6,54,20.25,60
28200110160,高速神戸西宮線,芦屋市・西宮市境,一般国道４３号,28204,1,0.1,芦屋市平田北町,41190,芦屋市平田北町,39214,80404,1.4,0.94,37.6,52.2,20.25,60
28200110170,高速神戸西宮線,一般国道４３号,一般国道４３号,28204,1,0.7,西宮市川西町,46664,西宮市川西町,45674,92338,1.39,1.15,41.6,50.1,20.25,60
28200110180,高速神戸西宮線,一般国道４３号,名神高速道路,28204,1,2.3,西宮市本町西宮市久保町,40575,西宮市本町西宮市久保町,38088,78663,1.4,0.99,35.6,61.7,20.25,60
28200110190,高速神戸西宮線,名神高速道路,高速大阪西宮線,28204,1,0.1,西宮市池開町,30332,西宮市池開町,28740,59072,1.44,0.68,26.4,69.9,20.25,60
28200120010,高速北神戸線,一般国道２号（第二神明道路）,一般国道２号（第二神明道路北線）,28111,1,1.5,神戸市西区伊川谷町別府,10839,神戸市西区伊川谷町別府,12163,23002,1.28,0.34,82.6,77.4,20.5,70
28200120020,高速北神戸線,一般国道２号（第二神明道路北線）,神戸加古川姫路線,28111,1,3.4,神戸市西区伊川谷町上脇,9493,神戸市西区伊川谷町上脇,10803,20296,1.26,0.34,86.2,80.6,20.5,70
28200120030,高速北神戸線,神戸加古川姫路線,一般国道２８号（本四道路）,28111,1,2.4,神戸市西区伊川谷町前開,12415,神戸市西区伊川谷町前開,13815,26230,1.26,0.43,83.2,74.1,20.5,70
28200120040,高速北神戸線,一般国道２８号（本四道路）,明石神戸宝塚線,28111,1,1.7,神戸市西区伊川谷町布施畑,14591,神戸市西区伊川谷町布施畑,16902,31493,1.26,0.48,82.8,80.4,20.5,80
28200120050,高速北神戸線,明石神戸宝塚線,神戸市西区・神戸市北区境,28111,1,0.4,神戸市西区伊川谷町布施畑,16041,神戸市西区伊川谷町布施畑,18716,34757,1.26,0.56,81.9,77.5,20.5,80
28200120060,高速北神戸線,神戸市西区・神戸市北区境,高速道路２号線,28109,1,0.4,神戸市西区伊川谷町布施畑,16041,神戸市西区伊川谷町布施畑,18716,34757,1.26,0.56,82.2,79.7,20.5,80
28200120070,高速北神戸線,高速道路２号線,市道（しあわせの村）,28109,1,1,神戸市北区山田町下谷上,10715,神戸市北区山田町下谷上,13721,24436,1.18,0.4,86.7,81.3,20.5,80
28200120080,高速北神戸線,市道（しあわせの村）,小部明石線,28109,1,2.8,神戸市北区山田町藍那,10584,神戸市北区山田町藍那,13657,24241,1.17,0.34,86.7,83,20.5,80
28200120090,高速北神戸線,小部明石線,一般国道４２８号,28109,1,4.5,神戸市北区山田町原野,10950,神戸市北区山田町原野,14183,25133,1.17,0.4,84.9,81.1,20.5,80
28200120100,高速北神戸線,一般国道４２８号,灘三田線,28109,1,4.3,神戸市北区山田町下谷上字鷺谷,14766,神戸市北区山田町下谷上字鷺谷,15199,29965,1.19,0.48,86.3,76.5,20.5,70
28200120110,高速北神戸線,灘三田線,灘三田線,28109,1,2.4,神戸市北区有野町唐櫃,14026,神戸市北区有野町唐櫃,14252,28278,1.19,0.48,86.1,86.5,20.5,70
28200120120,高速北神戸線,灘三田線,高速道路北神戸線,28109,1,1,神戸市北区有野町唐櫃,14449,神戸市北区有野町唐櫃,14740,29189,1.19,0.49,77.4,81.8,20.5,70
28200120130,高速北神戸線,高速道路北神戸線,宝塚唐櫃線,28109,1,0.3,神戸市北区有野町唐櫃,8650,神戸市北区有野町唐櫃,9169,17819,1.19,0.41,81.8,86,20.5,70
28200120140,高速北神戸線,宝塚唐櫃線,神戸市北区・西宮市境,28109,1,1.4,西宮市山口町上山口,7940,神戸市北区有野町唐櫃,8615,16555,1.2,0.37,86,85.2,20.5,70
28200120150,高速北神戸線,神戸市北区・西宮市境,有馬山口線,28204,1,1.5,西宮市山口町上山口,7940,神戸市北区有野町唐櫃,8615,16555,1.2,0.37,81.9,87.1,20.5,70
28200120160,高速北神戸線,有馬山口線,一般国道１７６号,28204,1,2.5,西宮市山口町金仙寺,7088,西宮市山口町金仙寺,7476,14564,1.19,0.35,88.7,85.4,20.5,60
28200120170,高速北神戸線,一般国道１７６号,中国自動車道,28204,1,0.8,西宮市山口町金仙寺,6410,西宮市山口町金仙寺,6890,13300,1.18,1.16,60.6,63.4,16.25,40
28200120190,高速道路北神戸線,高速北神戸線,神戸三田線,28109,1,1.5,神戸市北区有野町唐櫃,5890,神戸市北区有野町唐櫃,5454,11344,1.18,0.2,83.6,84.2,20.5,70
28200120200,高速道路北神戸線,神戸三田線,灘三田線,28109,1,1.8,神戸市北区有野町有野,4327,神戸市北区有野町有野,4175,8502,1.17,0.16,74.9,75.7,20.5,70
28200140010,高速道路２号線,高速北神戸線,夢野白川線,28107,1,2.5,神戸市須磨区白川字池ノ谷,9581,神戸市須磨区白川字池ノ谷,10296,19877,1.33,0.33,83,83.9,19,60
28200140020,高速道路２号線,夢野白川線,垂水妙法寺線,28107,1,1.3,神戸市須磨区清水台,9622,神戸市須磨区清水台,10762,20384,1.36,0.31,77.3,81.4,19,60
28200140030,高速道路２号線,垂水妙法寺線,神戸市須磨区・神戸市長田区境,28107,1,2.4,神戸市須磨区妙法寺,10992,神戸市須磨区妙法寺,12103,23095,1.36,0.31,81.6,88.3,19,60
28200140040,高速道路２号線,神戸市須磨区・神戸市長田区境,神戸明石線,28106,1,1.6,神戸市須磨区妙法寺,10992,神戸市須磨区妙法寺,12103,23095,1.36,0.31,77.9,60.3,19,60
28200140060,高速道路２号線,神戸明石線,高速神戸西宮線,28106,1,1.4,神戸市長田区蓮池町,7880,神戸市長田区西尻池町２丁目,8717,16597,1.46,0.26,74.5,68.1,18,60
28700140040,生田川箕谷線,高速神戸西宮線,山手幹線,28110,1,0.5,神戸市中央区二宮町１丁目,6645,神戸市中央区二宮町１丁目,11913,18558,1.27,0.3,9.8,43.9,16,40
28700140010,生田川箕谷線,山手幹線,生田川鵯線,28110,1,1,神戸市中央区加納町１丁目,10163,神戸市中央区加納町１丁目,19478,29641,1.25,0.26,65.4,56.4,16,40
28700140020,生田川箕谷線,生田川鵯線,神戸市中央区・神戸市北区境,28110,1,1.8,神戸市中央区葺合町,12488,神戸市中央区葺合町山郡,9274,21762,1.2,0.27,78.8,81.7,16,60
28700140030,生田川箕谷線,神戸市中央区・神戸市北区境,高速北神戸線,28109,1,5.4,神戸市中央区葺合町,12488,神戸市中央区葺合町山郡,9274,21762,1.2,0.21,84.1,77.9,16,60
28300020010,一般国道２号,一般国道２号,尼崎停車場線,28202,0,1.1,尼崎市杭瀬北新町３丁目,15948,尼崎市杭瀬北新町３丁目,15921,31869,1.39,0.89,20.2,25.1,28.53,50
28300020020,一般国道２号,尼崎停車場線,昭和東本町線,28202,0,0.6,尼崎市杭瀬北新町３丁目,15948,尼崎市杭瀬北新町３丁目,15921,31869,1.39,0.89,28,15.3,28.53,50
28300020030,一般国道２号,昭和東本町線,尼崎池田線,28202,0,0.9,尼崎市杭瀬北新町３丁目,15948,尼崎市杭瀬北新町３丁目,15921,31869,1.39,0.89,19.8,10.2,28.53,50
28300020040,一般国道２号,尼崎池田線,米谷昆陽尼崎線,28202,0,0.2,尼崎市杭瀬北新町３丁目,15948,尼崎市杭瀬北新町３丁目,15921,31869,1.39,0.89,10.8,12.7,28.53,50
28300020050,一般国道２号,米谷昆陽尼崎線,尼崎宝塚線,28202,0,2.9,尼崎市杭瀬北新町３丁目,15948,尼崎市杭瀬北新町３丁目,15921,31869,1.39,0.89,17.6,21.7,28.53,50
28300020060,一般国道２号,尼崎宝塚線,尼崎市・西宮市境,28202,0,0.7,西宮市津門大塚町,11901,西宮市津門大塚町,13132,25033,1.35,0.73,15.8,22.1,28.53,50
28300020070,一般国道２号,尼崎市・西宮市境,西宮宝塚線,28204,0,0.1,西宮市津門大塚町,11901,西宮市津門大塚町,13132,25033,1.35,0.66,19,11,28.54,50
28300020080,一般国道２号,西宮宝塚線,浜甲子園甲子園口停車場線,28204,0,0.5,西宮市津門大塚町,11901,西宮市津門大塚町,13132,25033,1.35,0.66,14.5,16.9,28.54,50
28300020090,一般国道２号,浜甲子園甲子園口停車場線,浜甲子園甲子園口停車場線,28204,0,0.1,西宮市津門大塚町,11901,西宮市津門大塚町,13132,25033,1.35,0.66,14.9,23.2,28.54,50
28300020100,一般国道２号,浜甲子園甲子園口停車場線,今津港津門大箇線,28204,0,1.2,西宮市津門大塚町,11901,西宮市津門大塚町,13132,25033,1.35,0.66,17.5,24.1,28.54,50
28300020110,一般国道２号,今津港津門大箇線,西宮豊中線,28204,0,0.7,西宮市津門大塚町,11901,西宮市津門大塚町,13132,25033,1.35,0.66,29.3,15.9,28.54,50
28300020120,一般国道２号,西宮豊中線,西宮停車場線,28204,0,0.5,西宮市津門大塚町,11901,西宮市津門大塚町,13132,25033,1.35,0.66,15,18,28.54,50
28300020130,一般国道２号,西宮停車場線,甲子園六湛寺線,28204,0,0.3,西宮市津門大塚町,11901,西宮市津門大塚町,13132,25033,1.35,0.66,17,10.1,28.54,50
28300020140,一般国道２号,甲子園六湛寺線,一般国道１７１号,28204,0,0.4,西宮市津門大塚町,11901,西宮市津門大塚町,13132,25033,1.35,0.66,11.8,11.7,28.54,50
28300020150,一般国道２号,一般国道１７１号,西宮港線,28204,0,0.3,西宮市津門大塚町,11901,西宮市津門大塚町,13132,25033,1.35,0.66,12.2,17.1,28.54,50
28300020160,一般国道２号,西宮港線,大沢西宮線,28204,0,0.4,西宮市津門大塚町,11901,西宮市津門大塚町,13132,25033,1.35,0.66,15.8,17.5,28.54,50
28300020170,一般国道２号,大沢西宮線,西宮市・芦屋市境,28204,0,1,西宮市津門大塚町,11901,西宮市津門大塚町,13132,25033,1.35,0.66,21.8,27.3,28.54,50
28300020180,一般国道２号,西宮市・芦屋市境,芦屋停車場線,28206,0,0.9,芦屋市業平町,13215,芦屋市業平町,14755,27970,1.37,1.07,23.7,16.9,28.59,50
28300020190,一般国道２号,芦屋停車場線,奥山精道線,28206,0,0.8,芦屋市業平町,13215,芦屋市業平町,14755,27970,1.37,1.07,11.8,21.7,28.59,50
28300020200,一般国道２号,奥山精道線,芦屋市・神戸市東灘区境,28206,0,0.7,芦屋市業平町,13215,芦屋市業平町,14755,27970,1.37,1.07,22,28.1,28.59,50
28300020210,一般国道２号,芦屋市・神戸市東灘区境,商船学校線,28101,0,0.7,神戸市東灘区住吉宮町3丁目,13382,神戸市東灘区住吉宮町3丁目,14939,28321,1.33,0.7,26.1,26,28.68,50
28300020220,一般国道２号,商船学校線,本山本庄線,28101,0,0.8,神戸市東灘区住吉宮町3丁目,13382,神戸市東灘区住吉宮町3丁目,14939,28321,1.33,0.7,26.4,30.2,28.68,50
28300020230,一般国道２号,本山本庄線,魚崎幹線,28101,0,0.6,神戸市東灘区住吉宮町3丁目,13382,神戸市東灘区住吉宮町3丁目,14939,28321,1.33,0.7,31.7,24,28.68,50
28300020240,一般国道２号,魚崎幹線,弓場線,28101,0,1.9,神戸市東灘区住吉宮町3丁目,13382,神戸市東灘区住吉宮町3丁目,14939,28321,1.33,0.7,18.5,21,28.68,50
28300020250,一般国道２号,弓場線,神戸市東灘区・神戸市灘区境,28101,0,0.5,神戸市東灘区住吉宮町3丁目,13382,神戸市東灘区住吉宮町3丁目,14939,28321,1.33,0.7,17.6,15.9,28.68,50
28300020260,一般国道２号,神戸市東灘区・神戸市灘区境,灘三田線,28102,0,0.3,神戸市東灘区住吉宮町3丁目,13382,神戸市東灘区住吉宮町3丁目,14939,28321,1.33,1.07,15.4,21.6,28.1,50
28300020270,一般国道２号,灘三田線,東灘停車場線,28102,0,1.8,神戸市灘区琵琶町1丁目,12761,神戸市灘区琵琶町1丁目,13871,26632,1.32,1.07,23.7,24.9,28.1,50
28300020280,一般国道２号,東灘停車場線,一般国道４３号,28102,0,0.5,神戸市灘区琵琶町1丁目,12761,神戸市灘区琵琶町1丁目,13871,26632,1.32,1.07,15,16.6,28.1,50
28300020290,一般国道２号,一般国道４３号,一般国道４３号,28102,0,0.4,神戸市灘区琵琶町1丁目,12761,神戸市灘区琵琶町1丁目,13871,26632,1.32,1.07,29.9,14.8,28.1,50
28300020300,一般国道２号,一般国道４３号,神戸市灘区・神戸市中央区境,28102,0,0.4,神戸市中央区脇浜町2丁目,37702,神戸市中央区脇浜町2丁目,37085,74787,1.33,1,33.3,21.6,28.1,50
28300020310,一般国道２号,神戸市灘区・神戸市中央区境,梅香浜辺脇浜線,28110,0,0.6,神戸市中央区脇浜町2丁目,37702,神戸市中央区脇浜町2丁目,37085,74787,1.33,0.78,24.6,22.5,47.86,50
28300020320,一般国道２号,梅香浜辺脇浜線,高速神戸西宮線,28110,0,0.8,神戸市中央区吾妻通６丁目,16170,神戸市中央区吾妻通６丁目,23912,40082,1.33,0.5,21.7,21.2,47.86,50
28300020330,一般国道２号,高速神戸西宮線,生田川右岸線,28110,0,0.1,神戸市中央区吾妻通６丁目,16170,神戸市中央区吾妻通６丁目,23912,40082,1.33,0.5,8.7,8.7,47.86,50
28300020340,一般国道２号,生田川右岸線,神戸明石線,28110,0,0.6,神戸市中央区吾妻通６丁目,16170,神戸市中央区吾妻通６丁目,23912,40082,1.33,0.5,9.1,14.7,47.86,50
28300020350,一般国道２号,神戸明石線,梅香浜辺脇浜線,28110,0,0.7,神戸市中央区八幡通3丁目,3632,神戸市中央区八幡通3丁目,1974,5606,1.21,0.14,8.2,13.1,47.86,50
28300020360,一般国道２号,梅香浜辺脇浜線,一般国道１７４号,28110,0,0.3,神戸市中央区東川崎町1丁目,14853,神戸市中央区東川崎町1丁目,11992,26845,1.38,0.31,28.6,23.4,47.86,50
28300020370,一般国道２号,一般国道１７４号,,28110,0,1.6,神戸市中央区東川崎町1丁目,14853,神戸市中央区東川崎町1丁目,11992,26845,1.38,0.31,17.9,22.8,47.86,50
28300020380,一般国道２号,,一般国道２号（浜手バイパス）,28110,0,0.4,神戸市中央区東川崎町1丁目,14853,神戸市中央区東川崎町1丁目,11992,26845,1.38,0.31,23.2,17.4,47.86,50
28300020390,一般国道２号,一般国道２号（浜手バイパス）,湊町線,28110,0,0.4,神戸市中央区東川崎町1丁目,38525,神戸市中央区東川崎町1丁目,31983,70508,1.38,0.93,33.1,15.9,47.86,50
28300020400,一般国道２号,湊町線,神戸市中央区・神戸市兵庫区境,28110,0,0.2,神戸市中央区東川崎町1丁目,38525,神戸市中央区東川崎町1丁目,31983,70508,1.38,0.93,14.3,19.6,47.86,50
28300020410,一般国道２号,神戸市中央区・神戸市兵庫区境,西出高松前池線,28105,0,0.3,神戸市中央区東川崎町1丁目,38525,神戸市中央区東川崎町1丁目,31983,70508,1.38,1.27,11.5,27.3,50.24,50
28300020420,一般国道２号,西出高松前池線,湊町線,28105,0,0.1,神戸市中央区東川崎町1丁目,38525,神戸市中央区東川崎町1丁目,31983,70508,1.38,1.27,9.8,19.1,50.24,50
28300020430,一般国道２号,湊町線,高速神戸西宮線,28105,0,1,神戸市中央区東川崎町1丁目,38525,神戸市中央区東川崎町1丁目,31983,70508,1.38,1.27,15.5,27.4,50.24,50
28300020440,一般国道２号,高速神戸西宮線,兵庫埠頭線,28105,0,0.4,神戸市中央区東川崎町1丁目,38525,神戸市中央区東川崎町1丁目,31983,70508,1.38,1.27,32.5,25.6,50.24,50
28300020450,一般国道２号,兵庫埠頭線,神戸市兵庫区・神戸市長田区境,28105,0,0.4,神戸市中央区東川崎町1丁目,38525,神戸市中央区東川崎町1丁目,31983,70508,1.38,1.27,34.4,41.4,50.24,50
28300020460,一般国道２号,神戸市兵庫区・神戸市長田区境,一般国道２８号,28106,0,0.1,神戸市中央区東川崎町1丁目,38525,神戸市中央区東川崎町1丁目,31983,70508,1.38,1.01,33.5,11.8,49.59,50
28300020470,一般国道２号,一般国道２８号,新湊川左岸線,28106,0,0.6,神戸市長田区大橋町8丁目,17772,神戸市長田区大橋町8丁目,16492,34264,1.38,0.4,21.8,24,49.59,50
28300020480,一般国道２号,新湊川左岸線,若松線,28106,0,1,神戸市長田区大橋町8丁目,17772,神戸市長田区大橋町8丁目,16492,34264,1.38,0.4,25.1,27.7,49.59,50
28300020490,一般国道２号,若松線,西出高松前池線,28106,0,0.3,神戸市長田区大橋町8丁目,17772,神戸市長田区大橋町8丁目,16492,34264,1.38,0.4,29.9,19,49.59,50
28300020500,一般国道２号,西出高松前池線,神戸市長田区・神戸市須磨区境,28106,0,0.6,神戸市長田区大橋町8丁目,17772,神戸市長田区大橋町8丁目,16492,34264,1.38,0.4,22.9,36.6,49.59,50
28300020510,一般国道２号,神戸市長田区・神戸市須磨区境,高速神戸西宮線,28107,0,0.5,神戸市長田区大橋町8丁目,17772,神戸市長田区大橋町8丁目,16492,34264,1.38,1.01,32.3,31.3,21.49,50
28300020520,一般国道２号,高速神戸西宮線,野田外浜線,28107,0,0.1,神戸市須磨区一ノ谷町５丁目,14728,神戸市須磨区一ノ谷町５丁目,14294,29022,1.46,0.99,20.6,27.4,21.49,50
28300020530,一般国道２号,野田外浜線,,28107,0,0.1,神戸市須磨区一ノ谷町５丁目,14728,神戸市須磨区一ノ谷町５丁目,14294,29022,1.46,0.99,30.4,22.7,21.49,50
28300020540,一般国道２号,,神戸加古川姫路線,28107,0,0.7,神戸市須磨区一ノ谷町５丁目,14728,神戸市須磨区一ノ谷町５丁目,14294,29022,1.46,0.99,26.8,29,21.49,50
28300020550,一般国道２号,神戸加古川姫路線,中央幹線,28107,0,0.6,神戸市須磨区一ノ谷町５丁目,14728,神戸市須磨区一ノ谷町５丁目,14294,29022,1.46,0.99,36.2,11.5,21.49,50
28300020560,一般国道２号,中央幹線,須磨停車場線,28107,0,0.2,神戸市須磨区一ノ谷町５丁目,14728,神戸市須磨区一ノ谷町５丁目,14294,29022,1.46,0.99,11.1,20.5,21.49,50
28300020570,一般国道２号,須磨停車場線,神戸市須磨区・神戸市垂水区境,28107,0,2.2,神戸市須磨区一ノ谷町５丁目,14728,神戸市須磨区一ノ谷町５丁目,14294,29022,1.46,0.99,18.2,23.7,21.49,50
28300020580,一般国道２号,神戸市須磨区・神戸市垂水区境,塩屋丸山線,28108,0,1,神戸市須磨区一ノ谷町５丁目,14728,神戸市須磨区一ノ谷町５丁目,14294,29022,1.46,1.66,54.9,19.6,19.33,50
28300020590,一般国道２号,塩屋丸山線,高尾箕の谷線,28108,0,0.4,神戸市垂水区泉ヶ丘1丁目,13246,神戸市垂水区泉ヶ丘1丁目,12379,25625,1.52,1.37,35.2,25,15.78,50
28300020600,一般国道２号,高尾箕の谷線,長坂垂水線,28108,0,1.9,神戸市垂水区泉ヶ丘1丁目,13246,神戸市垂水区泉ヶ丘1丁目,12379,25625,1.52,1.27,44.5,14.2,14.32,50
28300020610,一般国道２号,長坂垂水線,長坂垂水線,28108,0,0.2,神戸市垂水区海岸通,10874,神戸市垂水区海岸通,12150,23024,1.37,1.84,12.7,17.3,13.31,50
28300020620,一般国道２号,長坂垂水線,垂水停車場線,28108,0,0.2,神戸市垂水区海岸通,10874,神戸市垂水区海岸通,12150,23024,1.37,1.84,14,19.2,13.31,50
28300020630,一般国道２号,垂水停車場線,商大線,28108,0,0.1,神戸市垂水区海岸通,10874,神戸市垂水区海岸通,12150,23024,1.37,1.84,12.9,21.5,13.31,50
28300020640,一般国道２号,商大線,平野舞子停車場線,28108,0,1.8,神戸市垂水区海岸通,10874,神戸市垂水区海岸通,12150,23024,1.37,1.84,11.4,25.4,13.31,50
28300020650,一般国道２号,平野舞子停車場線,神戸市垂水区・明石市境,28108,0,1.8,神戸市垂水区狩口台7丁目,10615,神戸市垂水区狩口台7丁目,12238,22853,1.47,1.4,36.5,33.6,13.31,50
28300020660,一般国道２号,神戸市垂水区・明石市境,一般国道２８号,28203,0,0.1,神戸市垂水区狩口台7丁目,10615,神戸市垂水区狩口台7丁目,12238,22853,1.47,1.21,37.3,28.1,14.86,50
28300020670,一般国道２号,一般国道２８号,有瀬大蔵線,28203,0,1.1,明石市大蔵中町,8263,明石市大蔵中町,9112,17375,1.49,1.34,36.3,28.4,17.31,50
28300020680,一般国道２号,有瀬大蔵線,明石停車場線,28203,0,1.1,明石市大蔵中町,8263,明石市大蔵中町,9112,17375,1.49,1.34,16.9,20.4,17.31,50
28300020690,一般国道２号,明石停車場線,明石神戸宝塚線,28203,0,0.3,明石市大明石町,10423,明石市大明石町,11419,21842,1.52,0.55,15.8,15.7,30.2,50
28300020700,一般国道２号,明石神戸宝塚線,一般国道２号,28203,0,1.6,明石市大明石町,10423,明石市大明石町,11419,21842,1.52,0.57,26.5,19.5,26.95,50
28300020710,一般国道２号,一般国道２号,西明石停車場線,28203,0,1.8,明石市西明石町５丁目,7957,明石市西明石町５丁目,10057,18014,1.32,1.6,20,23.4,18,50
28300020720,一般国道２号,西明石停車場線,一般国道２５０号,28203,0,0.2,明石市西明石町５丁目,7957,明石市西明石町５丁目,10057,18014,1.32,1.66,24.8,8.6,19.5,50
28300020730,一般国道２号,一般国道２５０号,大久保稲美加古川線,28203,0,2.6,明石市魚住町金ヶ崎,7531,明石市魚住町金ヶ崎,7933,15464,1.32,1.14,16.9,19.6,11,50
28300020740,一般国道２号,大久保稲美加古川線,江井ケ島大久保停車場線,28203,0,0.4,明石市魚住町金ヶ崎,7531,明石市魚住町金ヶ崎,7933,15464,1.32,1.14,16.4,14.6,16,50
28300020750,一般国道２号,江井ケ島大久保停車場線,岩岡魚住線,28203,0,2.7,明石市魚住町金ヶ崎,7531,明石市魚住町金ヶ崎,7933,15464,1.32,1.03,21.5,18.2,13.9,50
28300020760,一般国道２号,岩岡魚住線,二見港土山線,28203,0,2.9,明石市魚住町金ヶ崎,7531,明石市魚住町金ヶ崎,7933,15464,1.32,1.04,15.8,15.6,12.1,50
28300020770,一般国道２号,二見港土山線,明石市・加古川市境,28203,0,0.4,明石市魚住町金ヶ崎,7531,明石市魚住町金ヶ崎,7933,15464,1.32,1.04,9.1,21,16.3,50
28300020780,一般国道２号,明石市・加古川市境,宗佐土山線,28210,0,0,明石市魚住町金ヶ崎,7531,明石市魚住町金ヶ崎,7933,15464,1.32,0.91,13.5,21.1,11.5,50
28300020790,一般国道２号,宗佐土山線,別府平岡線,28210,0,0.1,加古川市野口町野口,8709,加古川市野口町野口,8318,17027,1.3,1.36,11.3,17.7,11.5,50
28300020800,一般国道２号,別府平岡線,野谷平岡線,28210,0,1.9,加古川市野口町野口,8709,加古川市野口町野口,8318,17027,1.3,1.18,24.1,24,11.8,50
28300020810,一般国道２号,野谷平岡線,八幡別府線,28210,0,1.7,加古川市野口町野口,8709,加古川市野口町野口,8318,17027,1.3,1.29,15.5,15,11.2,50
28300020820,一般国道２号,八幡別府線,野口尾上線,28210,0,1.4,加古川市野口町野口,8709,加古川市野口町野口,8318,17027,1.3,1.27,12.7,15.9,12.7,50
28300020830,一般国道２号,野口尾上線,加古川小野線,28210,0,0.4,加古川市野口町野口,8709,加古川市野口町野口,8318,17027,1.3,1.3,14.3,18.8,11.2,50
28300020840,一般国道２号,加古川小野線,,28210,0,0.9,加古川市野口町野口,8709,加古川市野口町野口,8318,17027,1.3,1.22,15.5,14.6,16.2,50
28300020850,一般国道２号,,加古川停車場線,28210,0,0.2,加古川市加古川町本町,9145,,,9145,1.27,0.4,17.3,,12,50
28300020860,一般国道２号,加古川停車場線,別府港加古川停車場線,28210,0,0.1,加古川市加古川町本町,9145,,,9145,1.27,0.4,27.8,,13,50
28300020870,一般国道２号,別府港加古川停車場線,加古川小野線,28210,0,0.2,加古川市加古川町本町,9145,,,9145,1.27,0.41,17.9,,11.7,50
28300020880,一般国道２号,加古川小野線,高砂加古川加西線,28210,0,1.1,加古川市加古川町本町,9145,,,9145,1.27,0.38,24.2,,11.5,50
28300020890,一般国道２号,高砂加古川加西線,加古川市・高砂市境,28210,0,0.8,加古川市米田町東平津,5083,加古川市米田町東平津,5346,10429,1.28,0.98,6.6,28.7,11,50
28300020900,一般国道２号,加古川市・高砂市境,高砂市・加古川市境,28216,0,0.4,加古川市米田町東平津,5083,加古川市米田町東平津,5346,10429,1.28,0.7,29.8,31.1,12.2,50
28300020910,一般国道２号,高砂市・加古川市境,高砂北条線,28210,0,0.2,加古川市米田町東平津,5083,加古川市米田町東平津,5346,10429,1.28,0.7,26.8,15.5,11.4,50
28300020920,一般国道２号,高砂北条線,飾東宝殿停車場線,28210,0,0.4,高砂市米田町島,4817,高砂市米田町島,5454,10271,1.28,0.82,18,16.3,11,50
28300020930,一般国道２号,飾東宝殿停車場線,加古川市・高砂市境,28210,0,0.2,高砂市米田町島,4817,高砂市米田町島,5454,10271,1.28,0.88,13.1,14.8,10.8,50
28300020940,一般国道２号,加古川市・高砂市境,生石宝殿停車場線,28216,0,0.1,高砂市米田町島,4817,高砂市米田町島,5454,10271,1.28,0.8,12,13.4,13.5,50
28300020950,一般国道２号,生石宝殿停車場線,一般国道２号,28216,0,0.9,高砂市米田町島,4817,高砂市米田町島,5454,10271,1.28,0.76,17.2,20.8,12.3,50
28300020960,一般国道２号,一般国道２号,平荘魚橋線,28216,0,0.1,高砂市米田町島,4817,高砂市米田町島,5454,10271,1.28,0.64,22.3,11.6,14,50
28300020970,一般国道２号,平荘魚橋線,一般国道２号,28216,0,0.2,高砂市米田町島,4817,高砂市米田町島,5454,10271,1.28,0.71,14.3,10.5,14.4,50
28300020980,一般国道２号,一般国道２号,伊保阿弥陀線,28216,0,0.1,高砂市阿弥陀町阿弥陀,7358,高砂市阿弥陀町阿弥陀,6260,13618,1.3,1.2,21.7,12.1,12,50
28300020990,一般国道２号,伊保阿弥陀線,曽根魚橋線,28216,0,1.3,高砂市阿弥陀町阿弥陀,7358,高砂市阿弥陀町阿弥陀,6260,13618,1.3,1.19,20.2,20,11.2,50
28300021000,一般国道２号,曽根魚橋線,曽根阿弥陀線,28216,0,1.1,高砂市阿弥陀町阿弥陀,7358,高砂市阿弥陀町阿弥陀,6260,13618,1.3,1.06,23.3,22.4,12.5,50
28300021010,一般国道２号,曽根阿弥陀線,曽根停車場線,28216,0,0.1,姫路市別所町北宿,7161,姫路市別所町北宿,6686,13847,1.3,1.03,14.6,22.1,14.5,50
28300021020,一般国道２号,曽根停車場線,高砂市・姫路市境,28216,0,0.7,姫路市別所町北宿,7161,姫路市別所町北宿,6686,13847,1.3,1.03,19.4,25.3,13.9,50
28300021030,一般国道２号,高砂市・姫路市境,市道別所８６号線,28201,0,0.8,姫路市別所町北宿,7161,姫路市別所町北宿,6686,13847,1.3,0.88,28.2,28.1,11,50
28300021040,一般国道２号,市道別所８６号線,大塩別所線,28201,0,1.7,姫路市別所町北宿,7161,姫路市別所町北宿,6686,13847,1.3,1.03,22.4,24.1,18,50
28300021050,一般国道２号,大塩別所線,豊富御国野線,28201,0,0.5,姫路市別所町北宿,7161,姫路市別所町北宿,6686,13847,1.3,0.92,28.6,15.2,11,50
28300021060,一般国道２号,豊富御国野線,一般国道３１２号,28201,0,0.5,姫路市別所町北宿,7161,姫路市別所町北宿,6686,13847,1.3,1.03,22.8,13.9,11,50
28300021070,一般国道２号,一般国道３１２号,飾東御着停車場線,28201,0,0.1,姫路市御国野町御着,8886,姫路市御国野町御着,7590,16476,1.31,1.16,11.7,17.1,13,50
28300021080,一般国道２号,飾東御着停車場線,花田野里線,28201,0,1.7,姫路市御国野町御着,8886,姫路市御国野町御着,7590,16476,1.31,1.09,15.1,11.5,12,50
28300021090,一般国道２号,花田野里線,妻鹿花田線,28201,0,0.1,姫路市御国野町御着,8886,姫路市御国野町御着,7590,16476,1.31,1.16,16.3,10.6,18,50
28300021100,一般国道２号,妻鹿花田線,一般国道３１２号,28201,0,1,姫路市御国野町御着,8886,姫路市御国野町御着,7590,16476,1.31,1.03,13.1,18.5,16,50
28300021110,一般国道２号,一般国道３１２号,一般国道３７２号,28201,0,0.7,姫路市神屋町2丁目,8894,姫路市神屋町2丁目,7141,16035,1.32,0.64,13.6,21.4,27,50
28300021120,一般国道２号,一般国道３７２号,砥堀本町線,28201,0,0.5,姫路市本町,21477,,,21477,1.33,0.48,19,,27,50
28300021130,一般国道２号,砥堀本町線,姫路港線,28201,0,0.9,姫路市本町,21477,,,21477,1.33,0.48,24.8,,26.5,50
28300021140,一般国道２号,姫路港線,和久今宿線,28201,0,0.8,姫路市本町,21477,,,21477,1.33,0.48,20.7,,27,50
28300021150,一般国道２号,和久今宿線,姫路神河線,28201,0,0.9,姫路市本町,21477,,,21477,1.33,0.64,17.5,,16,50
28300021160,一般国道２号,姫路神河線,,28201,0,0.5,姫路市本町,21477,,,21477,1.33,0.64,19.6,,16,50
28300021170,一般国道２号,,田寺今在家線,28201,0,0.3,姫路市下手野町,18124,姫路市下手野町,17972,36096,1.27,0.91,18.4,16,26,50
28300021180,一般国道２号,田寺今在家線,姫路環状線,28201,0,1.3,姫路市下手野町,18124,姫路市下手野町,17972,36096,1.27,1.02,23.5,11.6,25,50
28300021190,一般国道２号,姫路環状線,広畑青山線,28201,0,0.3,姫路市下手野町,18124,姫路市下手野町,17972,36096,1.27,1.21,12.5,9.2,25,50
28300021200,一般国道２号,広畑青山線,姫路市・太子町境,28201,0,2,姫路市青山西1丁目,7612,姫路市青山西1丁目,7396,15008,1.26,1.02,16.3,22.7,17,50
28300021210,一般国道２号,姫路市・太子町境,一般国道１７９号,28464,0,0.9,姫路市青山西1丁目,7612,姫路市青山西1丁目,7396,15008,1.26,0.86,23.6,37.8,14.5,50
28300021650,一般国道２号,一般国道１７９号,一般国道２９号,28464,1,1.8,揖保郡太子町山田,33208,揖保郡太子町山田,35034,68242,1.44,0.79,21.4,75.7,19.5,70
28300021660,一般国道２号,一般国道２９号,町道丸山線,28464,1,1.5,揖保郡太子町松尾,30149,揖保郡太子町松尾,30739,60888,1.41,0.81,38.3,75.7,19.5,70
28300021670,一般国道２号,町道丸山線,,28464,1,0.2,たつの市誉田町福田,26893,たつの市誉田町福田,28656,55549,1.42,0.79,62.4,77.1,21,70
28300021680,一般国道２号,,太子町・たつの市境,28464,0,0.7,たつの市誉田町福田,26893,たつの市誉田町福田,28656,55549,1.42,0.79,64.5,75.9,21,70
28300021690,一般国道２号,太子町・たつの市境,一般国道１７９号,28229,0,0.6,たつの市誉田町福田,26893,たつの市誉田町福田,28656,55549,1.42,0.79,66.6,73.5,21,70
28300021700,一般国道２号,一般国道１７９号,たつの市・太子町境,28229,0,0.5,たつの市誉田町福田,26893,たつの市誉田町福田,28656,55549,1.42,0.79,70.4,76.2,21,70
28300021710,一般国道２号,たつの市・太子町境,町道,28464,0,0.5,たつの市誉田町福田,26893,たつの市誉田町福田,28656,55549,1.42,0.79,72.4,74.4,21,70
28300021720,一般国道２号,町道,太子町・たつの市境,28464,0,0.5,たつの市誉田町福田,26893,たつの市誉田町福田,28656,55549,1.42,0.79,74.9,56.4,21,70
28300021730,一般国道２号,太子町・たつの市境,東觜崎網干停車場線,28229,0,0.1,たつの市誉田町福田,26893,たつの市誉田町福田,28656,55549,1.42,1.2,77.1,28.8,18.5,70
28300021740,一般国道２号,東觜崎網干停車場線,一般国道２号,28229,0,0.9,たつの市誉田町福田,26893,たつの市誉田町福田,28656,55549,1.42,1.2,71,12.5,18.5,70
28300021750,一般国道２号,一般国道２号,網干たつの線,28229,0,0.2,たつの市誉田町福田,26893,たつの市誉田町福田,28656,55549,1.42,1.2,33.2,10.9,18.5,70
28300021760,一般国道２号,網干たつの線,一般国道２号,28229,0,0.4,たつの市揖保川町西溝,21227,たつの市揖保川町西溝,22212,43439,1.44,0.95,22.5,22.4,25.5,60
28300021770,一般国道２号,一般国道２号,たつの竜野停車場線,28229,0,1.8,たつの市揖保川町西溝,21227,たつの市揖保川町西溝,22212,43439,1.44,0.95,34.4,19.5,25.5,60
28300021780,一般国道２号,たつの竜野停車場線,桑原北山揖保川線,28229,0,0.5,たつの市揖保川町片島,21424,たつの市揖保川町片島,21779,43203,1.42,0.91,16.7,29.9,25.5,60
28300021790,一般国道２号,桑原北山揖保川線,たつの相生線,28229,0,1.8,たつの市揖保川町片島,21424,たつの市揖保川町片島,21779,43203,1.42,0.91,19.1,53,25.5,60
28300021800,一般国道２号,たつの相生線,たつの市・相生市境,28229,0,0.4,たつの市揖保川町片島,21424,たつの市揖保川町片島,21779,43203,1.42,0.91,57.6,58.7,25.5,60
28300021810,一般国道２号,たつの市・相生市境,たつの相生線,28208,0,1.1,相生市池ノ内,17943,相生市池ノ内,17773,35716,1.43,1,40.7,41.1,25.5,60
28300021820,一般国道２号,たつの相生線,たつの相生線,28208,0,0.4,相生市池ノ内,17943,相生市池ノ内,17773,35716,1.43,1,34.9,65.1,25.5,60
28300021830,一般国道２号,たつの相生線,相生宍粟線,28208,0,2.5,相生市竜泉町,13794,相生市竜泉町,13937,27731,1.45,1.2,43.3,33.5,25.5,60
28300021840,一般国道２号,相生宍粟線,,28208,0,0.6,相生市竜泉町,13794,相生市竜泉町,13937,27731,1.45,1.2,38.2,41.4,25.5,60
28300021850,一般国道２号,,多賀相生線,28208,0,2.2,相生市若狭野町福井,9694,相生市若狭野町福井,9627,19321,1.49,1.25,46,44.4,10.5,50
28300021860,一般国道２号,多賀相生線,相生市・赤穂市境,28208,0,1.8,相生市若狭野町福井,9694,相生市若狭野町福井,9627,19321,1.49,1.25,36.4,43.4,10.5,50
28300021870,一般国道２号,相生市・赤穂市境,野桑有年停車場線,28212,0,1.6,相生市若狭野町福井,9694,相生市若狭野町福井,9627,19321,1.49,1.24,51.7,47,12.75,40
28300021880,一般国道２号,野桑有年停車場線,周世有年原線,28212,0,0.7,相生市若狭野町福井,9694,相生市若狭野町福井,9627,19321,1.49,1.24,40.5,36.1,12.75,40
28300021890,一般国道２号,周世有年原線,一般国道３７３号,28212,0,0.2,相生市若狭野町福井,9694,相生市若狭野町福井,9627,19321,1.49,1.24,33.9,17.5,12.75,40
28300021900,一般国道２号,一般国道３７３号,赤穂佐伯線,28212,0,1.3,赤穂市東有年,8206,赤穂市東有年,8268,16474,1.43,1.07,33.6,43.2,15,50
28300021905,一般国道２号,赤穂佐伯線,赤穂佐伯線,28212,0,0.6,赤穂市東有年,8206,赤穂市東有年,8268,16474,1.43,1.07,31.9,34.4,15,50
28300021910,一般国道２号,赤穂佐伯線,,28212,0,0.1,赤穂市東有年,8206,赤穂市東有年,8268,16474,1.43,1.07,31.5,35.3,15,50
28300021920,一般国道２号,,大津西有年線,28212,0,1.3,赤穂市東有年,8206,赤穂市東有年,8268,16474,1.43,1.07,50.1,42.8,15,50
28300021930,一般国道２号,大津西有年線,赤穂市・上郡町境,28212,0,3.1,赤穂郡上郡町落地,5217,赤穂郡上郡町落地,5178,10395,1.43,1.83,57.4,56.5,11.5,50
28300021940,一般国道２号,赤穂市・上郡町境,姫路上郡線,28481,0,0.4,赤穂郡上郡町落地,5217,赤穂郡上郡町落地,5178,10395,1.43,0.64,61.3,62.6,15,50
28300021950,一般国道２号,姫路上郡線,一般国道２号,28481,0,3.6,赤穂郡上郡町落地,5217,赤穂郡上郡町落地,5178,10395,1.43,1.8,58.9,59.2,8.5,50
28300021230,一般国道２号（第二神明道路）,高速神戸西宮線,神戸加古川姫路線,28107,1,0.9,月見山IC～須磨IC,30400,月見山IC～須磨IC,32209,62609,1.41,0.7,44.4,61.4,18,50
28300021240,一般国道２号（第二神明道路）,神戸加古川姫路線,神戸市須磨区・神戸市垂水区境,28107,1,1.4,須磨IC～名谷JCT,36940,須磨IC～名谷JCT,38438,75378,1.39,1,56.1,61.3,21.5,70
28300021250,一般国道２号（第二神明道路）,神戸市須磨区・神戸市垂水区境,高速道路湾岸線,28108,1,2.2,須磨IC～名谷JCT,36940,須磨IC～名谷JCT,38438,75378,1.39,1,78.1,72.7,21.5,70
28300021260,一般国道２号（第二神明道路）,高速道路湾岸線,,28108,1,0.4,名谷JCT～名谷IC,27914,名谷JCT～名谷IC,28950,56864,1.38,0.75,79.2,77.6,22.5,70
28300021270,一般国道２号（第二神明道路）,,神戸明石線,28108,1,0.5,名谷JCT～名谷IC,27914,名谷JCT～名谷IC,28950,56864,1.38,0.75,80.8,80.2,22.5,70
28300021280,一般国道２号（第二神明道路）,神戸明石線,商大線,28108,1,1.5,名谷IC～高丸IC,29834,名谷IC～高丸IC,31716,61550,1.37,0.77,80.4,73.3,23,70
28300021290,一般国道２号（第二神明道路）,商大線,神戸市垂水区・明石市境,28108,1,2.3,高丸IC～大蔵谷IC,29605,高丸IC～大蔵谷IC,30194,59799,1.39,0.71,77.6,74.5,22,70
28300021300,一般国道２号（第二神明道路）,神戸市垂水区・明石市境,神戸明石線,28203,1,0.4,高丸IC～大蔵谷IC,29605,高丸IC～大蔵谷IC,30194,59799,1.39,0.71,75.1,70.5,22,70
28300021310,一般国道２号（第二神明道路）,神戸明石線,明石市・神戸市西区境,28203,1,0.1,高丸IC～大蔵谷IC,29605,高丸IC～大蔵谷IC,30194,59799,1.39,0.71,81.2,76,22,70
28300021320,一般国道２号（第二神明道路）,明石市・神戸市西区境,高速北神戸線,28111,1,2.2,大蔵谷IC～伊川谷JCT,29201,大蔵谷IC～伊川谷JCT,29334,58535,1.4,0.66,76.4,74.8,23,70
28300021330,一般国道２号（第二神明道路）,高速北神戸線,一般国道２号,28111,1,3.3,伊川谷JCT～玉津IC,46122,伊川谷JCT～玉津IC,45327,91449,1.36,1.22,66.6,66.7,23,70
28300021340,一般国道２号（第二神明道路）,一般国道２号,神戸市西区・明石市境,28111,1,1.9,玉津IC～大久保IC,40719,玉津IC～大久保IC,40351,81070,1.37,1.03,62.8,73,23,70
28300021350,一般国道２号（第二神明道路）,神戸市西区・明石市境,大久保稲美加古川線,28203,1,2.1,玉津IC～大久保IC,40719,玉津IC～大久保IC,40351,81070,1.37,1.03,64,75.2,23,70
28300021360,一般国道２号（第二神明道路）,大久保稲美加古川線,明石市・神戸市西区境,28203,1,0.4,玉津IC～大久保IC,40719,玉津IC～大久保IC,40351,81070,1.37,1.03,66.9,76.8,23,70
28300021370,一般国道２号（第二神明道路）,明石市・神戸市西区境,神戸市西区・明石市境,28111,1,2.8,大久保IC～明石西IC,35880,大久保IC～明石西IC,35194,71074,1.4,0.74,73,74.7,23,70
28300021380,一般国道２号（第二神明道路）,神戸市西区・明石市境,一般国道２号,28203,1,1.4,大久保IC～明石西IC,35880,大久保IC～明石西IC,35194,71074,1.4,0.74,74.8,52.1,23,70
28300021390,一般国道２号（第二神明道路）,一般国道２号,,28203,1,0.5,大久保IC～明石西IC,35880,大久保IC～明石西IC,35194,71074,1.4,0.74,48.3,27.6,23,70
28300021400,一般国道２号,,志染土山線,28203,1,0.3,明石市魚住町清水,40170,明石市魚住町清水,38028,78198,1.44,0.83,43.1,26.3,21,60
28300021410,一般国道２号,志染土山線,明石市・加古川市境,28203,1,0.1,明石市魚住町清水,40170,明石市魚住町清水,38028,78198,1.44,0.83,52.5,28.2,21,60
28300021420,一般国道２号,明石市・加古川市境,一般国道２号,28210,1,3.2,明石市魚住町清水,40170,明石市魚住町清水,38028,78198,1.44,0.83,63,28.3,21,60
28300021430,一般国道２号,一般国道２号,一般国道２号,28210,1,1,加古川市加古川町溝ノ口,42085,加古川市加古川町溝ノ口,40013,82098,1.45,0.92,58.4,18,21,60
28300021435,一般国道２号,一般国道２号,加古川小野線,28210,1,1.3,加古川市加古川町溝ノ口,42085,加古川市加古川町溝ノ口,40013,82098,1.45,0.92,57.3,20.5,21,60
28300021440,一般国道２号,加古川小野線,一般国道２号,28210,1,1,加古川市加古川町美乃利,43348,加古川市加古川町美乃利,39458,82806,1.48,0.98,51.3,29.3,21,60
28300021450,一般国道２号,一般国道２号,一般国道２号,28210,1,0.9,加古川市加古川町美乃利,43348,加古川市加古川町美乃利,39458,82806,1.48,0.98,37.2,38.6,21,60
28300021460,一般国道２号,一般国道２号,一般国道２号,28210,1,0.5,加古川市西神吉町岸,42950,加古川市西神吉町岸,45298,88248,1.5,0.89,36,37.1,21,60
28300021470,一般国道２号,一般国道２号,一般国道２号,28210,1,1.6,加古川市西神吉町岸,42950,加古川市西神吉町岸,45298,88248,1.5,0.89,29.3,42.6,21,60
28300021480,一般国道２号,一般国道２号,一般国道２号,28210,1,0.5,加古川市西神吉町岸,42950,加古川市西神吉町岸,45298,88248,1.5,0.89,22.1,42.9,21,60
28300021490,一般国道２号,一般国道２号,加古川市・高砂市境,28210,1,1.3,加古川市西神吉町岸,42950,加古川市西神吉町岸,45298,88248,1.5,0.89,24.7,46.9,21,60
28300021500,一般国道２号,加古川市・高砂市境,一般国道２号,28216,1,0.1,加古川市西神吉町岸,42950,加古川市西神吉町岸,45298,88248,1.5,0.89,18.2,65.8,21,60
28300021510,一般国道２号,一般国道２号,一般国道２号,28216,1,0.7,高砂市中筋,39429,高砂市中筋,42239,81668,1.44,0.97,17.7,64.9,21,70
28300021520,一般国道２号,一般国道２号,一般国道２５０号,28216,1,2.7,高砂市中筋,39429,高砂市中筋,42239,81668,1.44,0.97,20.6,60.3,21,70
28300021530,一般国道２号,一般国道２５０号,高砂市・姫路市境,28216,1,1,高砂市北浜町牛谷,51008,高砂市北浜町牛谷,54023,105031,1.44,0.8,24.2,65.6,28,70
28300021540,一般国道２号,高砂市・姫路市境,市道別所８６号線,28201,1,1.2,高砂市北浜町牛谷,51008,高砂市北浜町牛谷,54023,105031,1.44,0.8,37.7,62.7,28,70
28300021550,一般国道２号,市道別所８６号線,姫路市・高砂市境,28201,1,0.1,高砂市北浜町牛谷,51008,高砂市北浜町牛谷,54023,105031,1.44,0.8,56.8,54.9,28,70
28300021560,一般国道２号,姫路市・高砂市境,高砂市・姫路市境,28216,1,0.4,高砂市北浜町牛谷,51008,高砂市北浜町牛谷,54023,105031,1.44,0.8,58.1,54.4,28,70
28300021570,一般国道２号,高砂市・姫路市境,一般国道３１２号,28201,1,0.3,高砂市北浜町牛谷,51008,高砂市北浜町牛谷,54023,105031,1.44,0.89,67,52.7,28,70
28300021580,一般国道２号,一般国道３１２号,一般国道３１２号,28201,1,1.2,高砂市北浜町牛谷,51008,高砂市北浜町牛谷,54023,105031,1.44,0.8,71.8,46.6,28,70
28300021590,一般国道２号,一般国道３１２号,一般国道２号,28201,1,3.4,姫路市北原,55540,姫路市北原,54017,109557,1.43,0.82,72.4,30.9,28,70
28300021600,一般国道２号,一般国道２号,一般国道２号,28201,1,0.6,姫路市北原,55540,姫路市北原,54017,109557,1.43,0.82,69.5,23.7,28,70
28300021610,一般国道２号,一般国道２号,一般国道２号,28201,1,1.5,姫路市中地,45485,姫路市中地,45273,90758,1.43,1.03,39.3,49.8,21,70
28300021620,一般国道２号,一般国道２号,市道八幡１８２号線,28201,1,4.1,姫路市中地,45485,姫路市中地,45273,90758,1.43,1.03,33.4,64.1,21,70
28300021630,一般国道２号,市道八幡１８２号線,姫路市・太子町境,28201,1,0.8,姫路市中地,45485,姫路市中地,45273,90758,1.43,1.05,25,67.7,21,70
28300021640,一般国道２号,姫路市・太子町境,一般国道１７９号,28464,1,1,揖保郡太子町山田,40145,揖保郡太子町山田,41458,81603,1.4,0.98,24.6,70.4,21,70
28300021970,一般国道２号（浜手バイパス）,梅香浜辺脇浜線,市道（ハーバーハイウェイ）,28110,1,0.6,神戸市中央区浜辺通,14965,神戸市中央区浜辺通,17947,32912,1.44,0.5,9,56.7,16.25,50
28300021980,一般国道２号（浜手バイパス）,市道（ハーバーハイウェイ）,一般国道２号,28110,1,2.2,神戸市中央区東川崎町1丁目,25715,神戸市中央区東川崎町1丁目,23714,49429,1.44,0.82,44.9,18.1,16.25,50
28300022000,一般国道２号（第二神明道路北線）,高速道路湾岸線,,28108,1,0.6,垂水JCT～学園南IC,2578,垂水JCT～学園南IC,2599,5177,1.29,0.12,82.8,83.2,19,80
28300022010,一般国道２号（第二神明道路北線）,,一般国道２号（神戸西バイパス一般部）,28108,1,1.7,垂水JCT～学園南IC,2578,垂水JCT～学園南IC,2599,5177,1.29,0.12,83.8,81.2,19,80
28300022020,一般国道２号（第二神明道路北線）,一般国道２号（神戸西バイパス一般部）,一般国道２号（神戸西バイパス一般部）,28108,1,0.7,学園南IC～長坂IC,4333,学園南IC～長坂IC,3947,8280,1.28,0.14,79.4,78.2,22,80
28300022030,一般国道２号（第二神明道路北線）,一般国道２号（神戸西バイパス一般部）,高速北神戸線,28111,1,2.6,長坂IC～永井谷JCT,3469,長坂IC～永井谷JCT,3223,6692,1.28,0.14,82.5,84.9,20,80
28300022050,一般国道２号,一般国道２号,明石市・神戸市西区境,28203,0,0.5,神戸市西区森友,8170,神戸市西区森友,8053,16223,1.33,0.5,14.5,28.2,20.09,50
28300022060,一般国道２号,明石市・神戸市西区境,玉津鳥羽線,28111,0,0.6,神戸市西区森友,8170,神戸市西区森友,8053,16223,1.33,0.63,31.6,33.6,20.17,50
28300022070,一般国道２号,玉津鳥羽線,神戸明石線,28111,0,0.5,神戸市西区森友,8170,神戸市西区森友,8053,16223,1.33,0.63,23.2,20.1,20.17,50
28300022080,一般国道２号,神戸明石線,野村明石線,28111,0,1,神戸市西区玉津町出合,15268,神戸市西区玉津町出合,15813,31081,1.33,1.31,20.1,19.9,20.17,50
28300022090,一般国道２号,野村明石線,一般国道２号（第二神明道路）,28111,0,1,神戸市西区玉津町出合,15268,神戸市西区玉津町出合,15813,31081,1.33,1.31,9.3,22.5,20.17,50
28300022110,一般国道２号,一般国道２号（第二神明道路）,宗佐土山線,28203,0,0.4,明石市魚住町清水地内,3030,明石市魚住町清水地内,3411,6441,1.22,0.52,8.8,10.1,52,40
28300022120,一般国道２号,宗佐土山線,明石市・加古川市境,28203,0,0,明石市魚住町清水地内,3030,明石市魚住町清水地内,3411,6441,1.22,0.52,13.4,24.3,52,40
28300022130,一般国道２号,明石市・加古川市境,野谷平岡線,28210,0,2,明石市魚住町清水地内,3030,明石市魚住町清水地内,3411,6441,1.22,0.5,19.3,18.4,40.5,40
28300022140,一般国道２号,野谷平岡線,一般国道２号,28210,0,1.3,明石市魚住町清水地内,3030,明石市魚住町清水地内,3411,6441,1.22,0.5,12.7,20.1,40.5,40
28300022150,一般国道２号,一般国道２号,八幡別府線,28210,0,0.3,明石市魚住町清水地内,3030,明石市魚住町清水地内,3411,6441,1.22,0.5,39.5,5.9,40.5,40
28300022160,一般国道２号,八幡別府線,一般国道２号,28210,0,0.5,明石市魚住町清水地内,3030,明石市魚住町清水地内,3411,6441,1.22,0.5,7.3,33.9,40.5,40
28300022170,一般国道２号,一般国道２号,野口尾上線,28210,0,1,明石市魚住町清水地内,3030,明石市魚住町清水地内,3411,6441,1.22,0.5,23.3,12.3,40.5,40
28300022180,一般国道２号,野口尾上線,,28210,0,1.3,明石市魚住町清水地内,3030,明石市魚住町清水地内,3411,6441,1.22,0.5,24.3,22.9,40.5,40
28300022190,一般国道２号,,一般国道２号,28210,0,0.4,加古川市加古川町河原地内,3079,加古川市加古川町河原地内,2973,6052,1.3,0.49,37.7,8.8,40.5,40
28300022200,一般国道２号,一般国道２号,加古川小野線,28210,0,0.2,加古川市加古川町河原地内,3079,加古川市加古川町河原地内,2973,6052,1.3,0.49,13.2,8.1,40.5,40
28300022210,一般国道２号,加古川小野線,一般国道２号,28210,0,0.1,加古川市加古川町河原地内,2319,加古川市加古川町河原地内,2605,4924,1.26,0.56,5.5,36,40.5,40
28300022220,一般国道２号,一般国道２号,,28210,0,0.3,加古川市加古川町河原地内,2319,加古川市加古川町河原地内,2605,4924,1.26,0.56,13.5,12.6,40.5,40
28300022240,一般国道２号,,一般国道２号,28210,0,0.3,加古川市加古川町河原地内,2319,加古川市加古川町河原地内,2605,4924,1.26,0.57,15.5,13.9,40,40
28300022250,一般国道２号,一般国道２号,神吉船頭線,28210,0,0.6,加古川市加古川町河原地内,2319,加古川市加古川町河原地内,2605,4924,1.26,0.57,23.9,39.6,40,40
28300022260,一般国道２号,神吉船頭線,一般国道２号,28210,0,0.9,加古川市加古川町河原地内,2319,加古川市加古川町河原地内,2605,4924,1.26,0.57,23.1,24.6,40,40
28300022270,一般国道２号,一般国道２号,高砂北条線,28210,0,0.1,加古川市加古川町河原地内,2319,加古川市加古川町河原地内,2605,4924,1.26,0.57,10.2,12.4,40,40
28300022280,一般国道２号,高砂北条線,一般国道２号,28210,0,0.1,加古川市加古川町河原地内,2319,加古川市加古川町河原地内,2605,4924,1.26,0.57,8.3,16.6,40,40
28300022290,一般国道２号,一般国道２号,小原宝殿停車場線,28210,0,0.7,加古川市加古川町河原地内,2319,加古川市加古川町河原地内,2605,4924,1.26,0.57,10.1,19.4,40,40
28300022300,一般国道２号,小原宝殿停車場線,平荘魚橋線,28210,0,0.3,加古川市加古川町河原地内,2319,加古川市加古川町河原地内,2605,4924,1.26,0.57,17.9,32,40,40
28300022310,一般国道２号,平荘魚橋線,平荘魚橋線,28210,0,0.1,加古川市加古川町河原地内,2319,加古川市加古川町河原地内,2605,4924,1.26,0.57,18.9,23.2,40,40
28300022320,一般国道２号,平荘魚橋線,飾東宝殿停車場線,28210,0,0.1,加古川市加古川町河原地内,2319,加古川市加古川町河原地内,2605,4924,1.26,0.57,12.6,16.4,40,40
28300022330,一般国道２号,飾東宝殿停車場線,加古川市・高砂市境,28210,0,0.3,加古川市加古川町河原地内,2319,加古川市加古川町河原地内,2605,4924,1.26,0.57,17.1,27.3,40,40
28300022340,一般国道２号,加古川市・高砂市境,平荘魚橋線,28216,0,0.2,加古川市加古川町河原地内,2319,加古川市加古川町河原地内,2605,4924,1.26,0.51,37.7,19.6,59,40
28300022360,一般国道２号（神戸西バイパス一般部）,長坂垂水線,一般国道２号（第二神明道路北線）,28108,0,0.1,神戸市垂水区多聞町,6118,神戸市垂水区多聞町,7644,13762,1.24,1.1,8.6,26.5,23.56,50
28300022370,一般国道２号（神戸西バイパス一般部）,一般国道２号（第二神明道路北線）,神戸市垂水区・神戸市西区境,28108,0,1.2,神戸市垂水区多聞町,6118,神戸市垂水区多聞町,7644,13762,1.24,1.1,24.5,18,23.56,50
28300022380,一般国道２号（神戸西バイパス一般部）,神戸市垂水区・神戸市西区境,一般国道２号（第二神明道路北線）,28111,0,0.4,神戸市垂水区多聞町,6118,神戸市垂水区多聞町,7644,13762,1.24,1.02,51.4,48.1,20.8,50
28300022390,一般国道２号（神戸西バイパス一般部）,一般国道２号（第二神明道路北線）,平野舞子停車場線,28111,0,0.7,神戸市垂水区多聞町,6118,神戸市垂水区多聞町,7644,13762,1.24,1.02,39.6,16.7,20.8,50
28300022400,一般国道２号（神戸西バイパス一般部）,平野舞子停車場線,平野舞子停車場線,28111,0,0.3,神戸市垂水区多聞町,6118,神戸市垂水区多聞町,7644,13762,1.24,1.24,8.4,25.2,22.4,50
28300022410,一般国道２号（神戸西バイパス一般部）,平野舞子停車場線,明石神戸宝塚線,28111,0,0.3,神戸市垂水区多聞町,6118,神戸市垂水区多聞町,7644,13762,1.24,1.02,25.4,7.3,23.44,50
28300022420,一般国道２号（神戸西バイパス一般部）,明石神戸宝塚線,永井谷前開線,28111,0,1.5,神戸市西区伊川谷町上脇,4092,神戸市西区伊川谷町上脇,3630,7722,1.23,0.64,29.7,56.7,21.88,50
28300022440,一般国道２号,妻鹿花田線,一般国道２号,28201,0,0.6,姫路市兼田地内,2226,姫路市兼田地内,3104,5330,1.27,0.54,37.3,24.7,50,50
28300022450,一般国道２号,一般国道２号,中島姫路停車場線,28201,0,0.2,姫路市兼田地内,2226,姫路市兼田地内,3104,5330,1.27,0.54,25.2,8.2,50,50
28300022460,一般国道２号,中島姫路停車場線,一般国道２号,28201,0,0.8,姫路市兼田地内,2226,姫路市兼田地内,3104,5330,1.27,0.54,17.3,9.9,50,50
28300022470,一般国道２号,一般国道２号,姫路港線,28201,0,0.9,姫路市兼田地内,2226,姫路市兼田地内,3104,5330,1.27,0.54,11.9,14.2,50,50
28300022480,一般国道２号,姫路港線,一般国道２号,28201,0,0.7,姫路市中地地内,1513,姫路市中地地内,1995,3508,1.21,0.97,24.1,23.6,38,50
28300022490,一般国道２号,一般国道２号,田寺今在家線,28201,0,0.7,姫路市中地地内,1513,姫路市中地地内,1995,3508,1.21,0.97,7.5,19.1,38,50
28300022500,一般国道２号,田寺今在家線,和久今宿線,28201,0,0.6,姫路市中地地内,1513,姫路市中地地内,1995,3508,1.21,0.97,32.4,34.8,38,50
28300022510,一般国道２号,一般国道２号,一般国道２号,28229,0,0.7,,,,,,,,,18.4,4.5,50
28300022530,一般国道２号（神戸西バイパス一般部）,小部明石線,西神２号線,28111,0,0.8,神戸市西区櫨谷町菅野,2078,神戸市西区櫨谷町菅野,1739,3817,1.22,0.37,24.9,42.3,20,40
28300022540,一般国道２号（神戸西バイパス一般部）,西神２号線,西神２号線,28111,0,0.4,神戸市西区櫨谷町菅野,2078,神戸市西区櫨谷町菅野,1739,3817,1.22,0.37,19.6,19.6,20,40
28300090010,一般国道９号,一般国道９号,山東大江線,28225,0,2.1,朝来市山東町金浦,2436,朝来市山東町金浦,2370,4806,1.24,0.42,56.1,55.6,11.5,50
28300090020,一般国道９号,山東大江線,一般国道４２７号,28225,0,2.8,朝来市山東町金浦,2436,朝来市山東町金浦,2370,4806,1.24,0.42,42.1,39.4,11.5,50
28300090030,一般国道９号,一般国道４２７号,一般国道３１２号,28225,0,2.5,朝来市山東町滝田,5016,朝来市山東町滝田,5052,10068,1.23,0.74,28.9,26.4,16.8,50
28300090040,一般国道９号,一般国道３１２号,物部藪崎線,28225,0,2.4,朝来市和田山町玉置,4414,朝来市和田山町玉置,4503,8917,1.22,0.69,38.5,41.1,14.4,50
28300090050,一般国道９号,物部藪崎線,朝来出石線,28225,0,1.7,朝来市和田山町玉置,4414,朝来市和田山町玉置,4503,8917,1.22,0.69,35,34.8,14.4,50
28300090060,一般国道９号,朝来出石線,畑宮田線,28225,0,1.2,朝来市和田山町宮田,4971,朝来市和田山町宮田,4939,9910,1.23,0.81,31.4,33.7,14.4,50
28300090070,一般国道９号,畑宮田線,朝来市・養父市境,28225,0,1,朝来市和田山町宮田,4971,朝来市和田山町宮田,4939,9910,1.23,0.81,46.3,48.1,14.4,50
28300090080,一般国道９号,朝来市・養父市境,朝倉養父停車場線,28222,0,0.3,朝来市和田山町宮田,4971,朝来市和田山町宮田,4939,9910,1.23,0.78,53.9,51.9,14.4,50
28300090090,一般国道９号,朝倉養父停車場線,朝倉養父停車場線,28222,0,2,朝来市和田山町宮田,4971,朝来市和田山町宮田,4939,9910,1.23,0.78,52,51.2,14.4,50
28300090100,一般国道９号,朝倉養父停車場線,一般国道３１２号,28222,0,0.5,朝来市和田山町宮田,4971,朝来市和田山町宮田,4939,9910,1.23,0.78,46.9,36.8,14.4,50
28300090110,一般国道９号,一般国道３１２号,養父宍粟線,28222,0,0.7,養父市上野,3840,養父市上野,3889,7729,1.22,0.57,27.7,28.6,17.2,50
28300090120,一般国道９号,養父宍粟線,朝倉養父停車場線,28222,0,3.1,養父市上野,3840,養父市上野,3889,7729,1.22,0.57,49.9,49.5,17.2,50
28300090130,一般国道９号,朝倉養父停車場線,養父宍粟線,28222,0,0.5,養父市上野,3840,養父市上野,3889,7729,1.22,0.56,30.8,28.3,17.2,50
28300090135,一般国道９号,養父宍粟線,一般国道４８３号（北近畿豊岡道）,28222,0,0.4,養父市八鹿町国木,5445,養父市八鹿町国木,5489,10934,1.17,0.81,19.4,18.5,17.2,50
28300090140,一般国道９号,一般国道４８３号（北近畿豊岡道）,宮垣八木線,28222,0,3.8,養父市八鹿町八木,5041,養父市八鹿町八木,4857,9898,1.2,0.84,37.8,41.2,17.2,50
28300090150,一般国道９号,宮垣八木線,大屋関宮線,28222,0,6.6,養父市万久里,3239,養父市万久里,3288,6527,1.17,0.73,52.8,52,17.2,50
28300090160,一般国道９号,大屋関宮線,関宮小代線,28222,0,0.5,養父市万久里,3239,養父市万久里,3288,6527,1.17,0.83,30.3,18.2,14,50
28300090170,一般国道９号,関宮小代線,養父市・香美町境,28222,0,4.5,養父市関宮,2139,養父市関宮,2072,4211,1.23,0.6,52.7,60.5,15.4,50
28300090180,一般国道９号,養父市・香美町境,福岡出合線,28585,0,2.4,養父市関宮,2139,養父市関宮,2072,4211,1.23,0.63,55.3,60.9,15.4,50
28300090190,一般国道９号,福岡出合線,村岡小代線,28585,0,0.3,美方郡香美町村岡区黒田,2569,美方郡香美町村岡区黒田,2267,4836,1.23,0.47,38.3,33.7,14.4,50
28300090200,一般国道９号,村岡小代線,日影養父線,28585,0,2,美方郡香美町村岡区黒田,2569,美方郡香美町村岡区黒田,2267,4836,1.23,0.47,49.4,52.4,14.4,50
28300090210,一般国道９号,日影養父線,耀山日高線,28585,0,1.3,美方郡香美町村岡区黒田,2569,美方郡香美町村岡区黒田,2267,4836,1.23,0.47,54.5,55.3,14.4,50
28300090220,一般国道９号,耀山日高線,村岡竹野線,28585,0,2.2,美方郡香美町村岡区黒田,2569,美方郡香美町村岡区黒田,2267,4836,1.23,0.47,45.9,50.3,14.4,50
28300090230,一般国道９号,村岡竹野線,一般国道４８２号,28585,0,0.8,美方郡香美町村岡区黒田,2569,美方郡香美町村岡区黒田,2267,4836,1.23,0.47,35.2,37.5,14.4,50
28300090240,一般国道９号,一般国道４８２号,川会入江線,28585,0,3.5,美方郡香美町村岡区用野,3615,美方郡香美町村岡区用野,3556,7171,1.18,0.7,42.7,47.7,16.9,50
28300090250,一般国道９号,川会入江線,香住村岡線,28585,0,0.6,美方郡香美町村岡区用野,3615,美方郡香美町村岡区用野,3556,7171,1.18,0.7,34.9,40.8,16.9,50
28300090260,一般国道９号,香住村岡線,一般国道４８２号,28585,0,0.3,美方郡香美町村岡区用野,3615,美方郡香美町村岡区用野,3556,7171,1.18,0.97,26.6,31.8,14.25,50
28300090270,一般国道９号,一般国道４８２号,香美町・新温泉町境,28585,0,4,美方郡香美町村岡区柤岡,2173,美方郡香美町村岡区柤岡,2078,4251,1.22,0.63,60.1,59.2,14.25,50
28300090280,一般国道９号,香美町・新温泉町境,湯谷和田線,28586,0,1.5,美方郡香美町村岡区柤岡,2173,美方郡香美町村岡区柤岡,2078,4251,1.22,0.63,61.3,63.4,14.25,50
28300090290,一般国道９号,湯谷和田線,若桜湯村温泉線,28586,0,4.6,美方郡香美町村岡区柤岡,2173,美方郡香美町村岡区柤岡,2078,4251,1.22,0.63,55.5,56,14.25,50
28300090300,一般国道９号,若桜湯村温泉線,浜坂井土線,28586,0,2.1,美方郡香美町村岡区柤岡,2173,美方郡香美町村岡区柤岡,2078,4251,1.22,0.63,39.6,36.6,14.25,50
28300090310,一般国道９号,浜坂井土線,丸味竹田線,28586,0,1.7,美方郡新温泉町千谷,1440,美方郡新温泉町千谷,1483,2923,1.18,0.27,42.6,39.7,11.65,50
28300090320,一般国道９号,丸味竹田線,岸田諸寄線,28586,0,1.9,美方郡新温泉町千谷,1440,美方郡新温泉町千谷,1483,2923,1.18,0.27,53.4,52.1,11.65,50
28300090330,一般国道９号,岸田諸寄線,岸田諸寄線,28586,0,2.5,美方郡新温泉町千谷,1440,美方郡新温泉町千谷,1483,2923,1.18,0.27,57.9,56.8,11.65,50
28300090340,一般国道９号,岸田諸寄線,千谷蕪島線,28586,0,1.1,美方郡新温泉町千谷,1440,美方郡新温泉町千谷,1483,2923,1.18,0.46,60.9,58.3,13.4,50
28300090350,一般国道９号,千谷蕪島線,一般国道９号,28586,0,1.2,美方郡新温泉町千谷,1440,美方郡新温泉町千谷,1483,2923,1.18,0.46,64.7,64.2,13.4,50
28300280010,一般国道２８号,神戸明石線,神戸停車場線,28110,0,0.2,神戸市中央区中町通４丁目,15809,神戸市中央区中町通４丁目,17041,32850,1.37,0.53,26.6,18.4,50.2,50
28300280020,一般国道２８号,神戸停車場線,一般国道４２８号,28110,0,0.3,神戸市中央区中町通４丁目,15809,神戸市中央区中町通４丁目,17041,32850,1.37,0.45,22.2,18.4,47.9,50
28300280030,一般国道２８号,一般国道４２８号,湊町線,28105,0,0.6,神戸市中央区中町通４丁目,15809,神戸市中央区中町通４丁目,17041,32850,1.37,0.54,17.1,16.1,50.3,50
28300280040,一般国道２８号,湊町線,神戸市兵庫区・神戸市長田区境,28105,0,1.3,神戸市兵庫区大開通９丁目,17230,神戸市兵庫区大開通９丁目,14090,31320,1.35,0.4,22.1,22.4,49.7,50
28300280050,一般国道２８号,神戸市兵庫区・神戸市長田区境,神戸明石線,28106,0,0.7,神戸市兵庫区大開通９丁目,17230,神戸市兵庫区大開通９丁目,14090,31320,1.35,0.38,21.1,20.2,50,50
28300280060,一般国道２８号,神戸明石線,一般国道２号,28106,0,0.9,,8182,,10037,18219,1.32,0.51,15,17.8,29.9,50
28300280080,一般国道２８号,一般国道２号,,28203,0,2.4,明石市中崎1丁目,4830,明石市中崎1丁目,5724,10554,1.33,0.81,23,22.5,13.4,50
28300280100,一般国道２８号,,福良江井岩屋線,28226,0,0.1,淡路市岩屋,2421,淡路市岩屋,2405,4826,1.17,0.48,4.3,5.3,10.55,40
28300280110,一般国道２８号,福良江井岩屋線,一般国道２８号（岩屋改良）,28226,0,1.8,淡路市岩屋,2421,淡路市岩屋,2405,4826,1.17,0.48,27.1,24.9,10.55,40
28300280120,一般国道２８号,一般国道２８号（岩屋改良）,,28226,0,4.3,淡路市夢舞台,5490,淡路市夢舞台,5995,11485,1.27,0.85,39.6,37.7,26.5,50
28300280130,一般国道２８号,,野島浦線,28226,0,1.5,淡路市仮屋,6583,淡路市仮屋,6391,12974,1.26,0.98,35.7,31.2,13.9,50
28300280140,一般国道２８号,野島浦線,富島久留麻線,28226,0,1.4,淡路市仮屋,6583,淡路市仮屋,6391,12974,1.26,0.98,28.5,27.3,13.9,50
28300280150,一般国道２８号,富島久留麻線,佐野仁井岩屋線,28226,0,7.5,淡路市仮屋,6583,淡路市仮屋,6391,12974,1.26,0.99,43.6,45.9,12.64,50
28300280160,一般国道２８号,佐野仁井岩屋線,佐野仁井岩屋線,28226,0,0.9,淡路市仮屋,6583,淡路市仮屋,6391,12974,1.26,0.93,56.9,55.4,14.93,50
28300280170,一般国道２８号,佐野仁井岩屋線,生穂育波線,28226,0,2.6,淡路市仮屋,6583,淡路市仮屋,6391,12974,1.26,0.93,49.6,28.6,14.93,50
28300280180,一般国道２８号,生穂育波線,大谷鮎原神代線,28226,0,1.5,淡路市仮屋,6583,淡路市仮屋,6391,12974,1.26,0.98,25.4,23.3,16.67,50
28300280190,一般国道２８号,大谷鮎原神代線,志筑郡家線,28226,0,1.4,淡路市里,6819,淡路市里,6878,13697,1.23,1.54,22.5,21.6,10.78,40
28300280200,一般国道２８号,志筑郡家線,上内膳塩尾線,28226,0,2.2,淡路市里,6819,淡路市里,6878,13697,1.23,1.27,23.8,27.4,10.68,40
28300280210,一般国道２８号,上内膳塩尾線,淡路市・洲本市境,28226,0,1.8,淡路市里,6819,淡路市里,6878,13697,1.23,1.37,46.1,51.2,16.15,50
28300280220,一般国道２８号,淡路市・洲本市境,明神安乎線,28205,0,0.8,洲本市塩屋２丁目,5655,洲本市塩屋２丁目,5710,11365,1.25,0.88,44,35.9,12.69,50
28300280230,一般国道２８号,明神安乎線,洲本灘賀集線,28205,0,5.3,洲本市塩屋２丁目,5655,洲本市塩屋２丁目,5710,11365,1.25,0.94,39.9,33.5,8.82,50
28300280240,一般国道２８号,洲本灘賀集線,洲本五色線,28205,0,1.1,洲本市宇山,6789,洲本市宇山,7854,14643,1.25,1.39,12.8,14.2,9.12,40
28300280250,一般国道２８号,洲本五色線,一般国道２８号（本四道路）,28205,0,3.6,洲本市宇山,6789,洲本市宇山,7854,14643,1.25,1.13,36.5,38.6,17.17,50
28300280260,一般国道２８号,一般国道２８号（本四道路）,洲本市・南あわじ市境,28205,0,0.6,南あわじ市福良甲,4262,南あわじ市福良甲,3915,8177,1.21,0.8,16.3,20.8,10.73,50
28300280270,一般国道２８号,洲本市・南あわじ市境,広田洲本線,28224,0,1.6,南あわじ市福良甲,4262,南あわじ市福良甲,3915,8177,1.21,0.71,28.3,23.5,13.73,50
28300280280,一般国道２８号,広田洲本線,松帆八木線,28224,0,3.3,南あわじ市福良甲,4262,南あわじ市福良甲,3915,8177,1.21,0.8,35.8,33.2,10.3,50
28300280290,一般国道２８号,松帆八木線,灘市線,28224,0,2.9,南あわじ市福良甲,4262,南あわじ市福良甲,3915,8177,1.21,0.71,30.9,28.4,13.17,50
28300280300,一般国道２８号,灘市線,阿那賀市線,28224,0,0.8,南あわじ市福良甲,4262,南あわじ市福良甲,3915,8177,1.21,0.76,26.2,26,12.15,50
28300280310,一般国道２８号,阿那賀市線,大谷鮎原神代線,28224,0,2.3,南あわじ市福良甲,4262,南あわじ市福良甲,3915,8177,1.21,0.7,32,33.2,13.21,50
28300280320,一般国道２８号,大谷鮎原神代線,福良江井岩屋線,28224,0,1.8,南あわじ市福良甲,4262,南あわじ市福良甲,3915,8177,1.21,0.73,28.2,30.2,10.69,50
28300280330,一般国道２８号,福良江井岩屋線,阿万福良湊線,28224,0,1.1,南あわじ市福良甲,4262,南あわじ市福良甲,3915,8177,1.21,0.76,32,37.2,14.91,50
28300280340,一般国道２８号,阿万福良湊線,阿万福良湊線,28224,0,1,南あわじ市福良甲,4262,南あわじ市福良甲,3915,8177,1.21,0.68,29.7,32.9,14.1,50
28300280520,一般国道２８号,阿万福良湊線,,28224,0,0.2,,,,,,,,15.9,18.8,14.64,50
28300280360,一般国道２８号（岩屋改良）,一般国道２８号（本四道路）,一般国道２８号,28226,0,1,淡路市岩屋,4129,淡路市岩屋,4308,8437,1.29,0.92,37.2,39.8,14.64,50
28300280380,一般国道２８号（本四道路）,山陽自動車道,高速北神戸線,28111,1,5,神戸西IC～布施畑IC,7712,神戸西IC～布施畑IC,5052,12764,1.3,0.3,84.8,92.4,23.5,100
28300280390,一般国道２８号（本四道路）,高速北神戸線,神戸市西区・神戸市垂水区境,28111,1,2,布施畑JCT～垂水JCT,4437,布施畑JCT～垂水JCT,5505,9942,1.3,0.2,84.6,96.9,23.5,100
28300280400,一般国道２８号（本四道路）,神戸市西区・神戸市垂水区境,高速道路湾岸線,28108,1,1.8,布施畑JCT～垂水JCT,4437,布施畑JCT～垂水JCT,5505,9942,1.3,0.2,87.5,95.1,23.5,100
28300280410,一般国道２８号（本四道路）,高速道路湾岸線,神戸市垂水区・淡路市境,28108,1,6.7,垂水JCT～市境（神戸市・淡路市）,16224,垂水JCT～市境（神戸市・淡路市）,16064,32288,1.35,0.34,88.8,94.3,31,80
28300280420,一般国道２８号（本四道路）,神戸市垂水区・淡路市境,一般国道２８号（岩屋改良）,28226,1,4.6,市境（神戸市・淡路市）～淡路IC,16224,市境（神戸市・淡路市）～淡路IC,16064,32288,1.35,0.34,87.4,89.7,31,80
28300280430,一般国道２８号（本四道路）,一般国道２８号（岩屋改良）,野島浦線,28226,1,5.4,淡路IC・淡路北SIC～東浦IC,12234,淡路IC・淡路北SIC～東浦IC,12109,24343,1.34,0.48,92.3,92.3,23.5,100
28300280440,一般国道２８号（本四道路）,野島浦線,生穂育波線,28226,1,8.8,東浦IC～北淡IC,11665,東浦IC～北淡IC,11694,23359,1.34,0.38,94.9,94.1,23.5,100
28300280450,一般国道２８号（本四道路）,生穂育波線,大谷鮎原神代線,28226,1,10.1,北淡IC～津名一宮IC,11193,北淡IC～津名一宮IC,11256,22449,1.35,0.36,91.5,92.2,23.5,100
28300280460,一般国道２８号（本四道路）,大谷鮎原神代線,淡路市・洲本市境,28226,1,3.3,津名一宮IC～淡路島中央SIC,10667,津名一宮IC～淡路島中央SIC,10778,21445,1.35,0.34,92.5,94.9,23.5,100
28300280465,一般国道２８号（本四道路）,淡路市・洲本市境,洲本五色線,28205,1,4.7,津名一宮IC～淡路島中央SIC,10667,津名一宮IC～淡路島中央SIC,10778,21445,1.35,0.34,93.5,94,23.5,100
28300280470,一般国道２８号（本四道路）,洲本五色線,一般国道２８号,28205,1,3.9,淡路島中央SIC～洲本IC,10170,淡路島中央SIC～洲本IC,9851,20021,1.36,0.33,92.9,93.6,23.5,100
28300280480,一般国道２８号（本四道路）,一般国道２８号,洲本市・南あわじ市境,28205,1,0.9,洲本IC～西淡三原IC,9387,洲本IC～西淡三原IC,9281,18668,1.38,0.31,95.4,94.5,23.5,100
28300280490,一般国道２８号（本四道路）,洲本市・南あわじ市境,福良江井岩屋線,28224,1,8.6,洲本IC～西淡三原IC,9387,洲本IC～西淡三原IC,9281,18668,1.38,0.31,92.8,95.4,23.5,100
28300280500,一般国道２８号（本四道路）,福良江井岩屋線,阿万福良湊線,28224,1,8.8,西淡三原IC～淡路島南IC,9340,西淡三原IC～淡路島南IC,9275,18615,1.4,0.4,90.6,91.4,23.5,80
28300280510,一般国道２８号（本四道路）,阿万福良湊線,一般国道２８号（本四道路）,28224,1,4,淡路島南IC～県境（兵庫県・徳島県）,10112,淡路島南IC～県境（兵庫県・徳島県）,10004,20116,1.39,0.33,88.9,90.6,23.5,70
28300290010,一般国道２９号,一般国道２号,石倉太子線,28464,1,0.1,姫路市太市中,14869,姫路市太市中,15459,30328,1.3,0.57,56.7,72.1,21,40
28300290020,一般国道２９号,石倉太子線,太子町・姫路市境,28464,1,0.4,姫路市太市中,14869,姫路市太市中,15459,30328,1.3,0.57,63.1,78.7,21,40
28300290030,一般国道２９号,太子町・姫路市境,姫路上郡線,28201,1,2.5,姫路市太市中,14869,姫路市太市中,15459,30328,1.3,0.57,73,78.2,21,70
28300290040,一般国道２９号,姫路上郡線,山陽自動車道,28201,1,0.1,姫路市太市中,14869,姫路市太市中,15459,30328,1.3,0.57,75.3,41.6,21,70
28300290050,一般国道２９号,山陽自動車道,姫路新宮線,28201,1,0.3,山陽姫路西ランプ～相野ランプ,13192,山陽姫路西ランプ～相野ランプ,13242,26434,1.3,0.39,71.9,24.2,21,70
28300290330,一般国道２９号,姫路新宮線,姫路新宮線,28201,1,0.4,姫路市林田町下伊勢,6499,姫路市林田町下伊勢,5811,12310,1.31,0.71,60.3,60.3,10.5,70
28300290340,一般国道２９号,姫路新宮線,姫路新宮線,28201,1,1.1,姫路市林田町下伊勢,6499,姫路市林田町下伊勢,5811,12310,1.31,0.71,52.3,22.5,10.5,70
28300290070,一般国道２９号,姫路新宮線,護持下伊勢線,28201,0,0.9,姫路市林田町下伊勢,7131,姫路市林田町下伊勢,8528,15659,1.29,1.15,29.5,22.6,10,60
28300290080,一般国道２９号,護持下伊勢線,姫路市・たつの市境,28201,0,1,姫路市林田町下伊勢,7131,姫路市林田町下伊勢,8528,15659,1.29,1.15,22.4,45.3,10,60
28300290090,一般国道２９号,姫路市・たつの市境,姫路新宮線,28229,0,0.6,姫路市林田町下伊勢,7131,姫路市林田町下伊勢,8528,15659,1.29,1.28,28.4,32.8,10,60
28300290100,一般国道２９号,姫路新宮線,たつの市・姫路市境,28229,0,0.8,宍粟市山崎町須賀沢,6963,宍粟市山崎町須賀沢,7232,14195,1.24,1.03,37.7,45.3,7.75,60
28300290110,一般国道２９号,たつの市・姫路市境,上伊勢誉田線,28201,0,0.9,宍粟市山崎町須賀沢,6963,宍粟市山崎町須賀沢,7232,14195,1.24,1.04,35.8,28.2,12.5,60
28300290120,一般国道２９号,上伊勢誉田線,菅生澗林田線,28201,0,1.8,宍粟市山崎町須賀沢,6963,宍粟市山崎町須賀沢,7232,14195,1.24,1.04,38.5,39,12.5,60
28300290130,一般国道２９号,菅生澗林田線,新宮林田線,28201,0,0.2,宍粟市山崎町須賀沢,6963,宍粟市山崎町須賀沢,7232,14195,1.24,1.04,51.7,51.5,12.5,60
28300290140,一般国道２９号,新宮林田線,宍粟香寺線,28201,0,4.3,宍粟市山崎町須賀沢,6963,宍粟市山崎町須賀沢,7232,14195,1.24,1.04,56.8,56,12.5,60
28300290150,一般国道２９号,宍粟香寺線,宍粟香寺線,28201,0,0.1,宍粟市山崎町須賀沢,6963,宍粟市山崎町須賀沢,7232,14195,1.24,1.04,45.6,46.5,12.5,60
28300290160,一般国道２９号,宍粟香寺線,三木宍粟線,28201,0,3.7,宍粟市山崎町須賀沢,6963,宍粟市山崎町須賀沢,7232,14195,1.24,1.04,46.5,43.9,12.5,60
28300290170,一般国道２９号,三木宍粟線,姫路市・宍粟市境,28201,0,1.6,宍粟市山崎町須賀沢,6963,宍粟市山崎町須賀沢,7232,14195,1.24,1.16,32.1,38.4,9.25,50
28300290180,一般国道２９号,姫路市・宍粟市境,宍粟新宮線,28227,0,3.1,宍粟市山崎町須賀沢,6963,宍粟市山崎町須賀沢,7232,14195,1.24,1.15,27.5,28.9,10,50
28300290190,一般国道２９号,宍粟新宮線,中国自動車道,28227,0,0.2,宍粟市山崎町須賀沢,6963,宍粟市山崎町須賀沢,7232,14195,1.24,1.15,21.8,30,10,50
28300290200,一般国道２９号,中国自動車道,宍粟下徳久線,28227,0,0.2,宍粟市山崎町山田地内,6201,宍粟市山崎町山田地内,8367,14568,1.22,1.25,36.4,13.5,10,50
28300290210,一般国道２９号,宍粟下徳久線,田井中広瀬線,28227,0,0.1,宍粟市山崎町中広瀬,7310,宍粟市山崎町中広瀬,8304,15614,1.23,0.94,15.6,15,10,50
28300290220,一般国道２９号,田井中広瀬線,岩野辺山崎線,28227,0,0.6,宍粟市山崎町中広瀬,7310,宍粟市山崎町中広瀬,8304,15614,1.23,0.94,19.1,23.1,10,50
28300290230,一般国道２９号,岩野辺山崎線,塩田一宮線,28227,0,5.6,宍粟市山崎町中広瀬,7310,宍粟市山崎町中広瀬,8304,15614,1.23,0.94,35.7,34.2,10,50
28300290240,一般国道２９号,塩田一宮線,,28227,0,0.4,宍粟市山崎町中広瀬,7310,宍粟市山崎町中広瀬,8304,15614,1.23,0.94,31.2,35.1,10,50
28300290250,一般国道２９号,,加美宍粟線,28227,0,5.6,宍粟市山崎町中広瀬,7310,宍粟市山崎町中広瀬,8304,15614,1.23,0.94,48.6,46.1,10,50
28300290260,一般国道２９号,加美宍粟線,養父宍粟線,28227,0,1.7,宍粟市山崎町中広瀬,7310,宍粟市山崎町中広瀬,8304,15614,1.23,0.94,32.4,33.1,10,50
28300290270,一般国道２９号,養父宍粟線,上ノ波賀線,28227,0,5.6,宍粟市波賀町小野,2455,宍粟市波賀町小野,2443,4898,1.19,0.62,50.2,50.4,9.5,50
28300290280,一般国道２９号,上ノ波賀線,一般国道４２９号,28227,0,2.6,宍粟市波賀町小野,2455,宍粟市波賀町小野,2443,4898,1.19,0.62,51.3,50.1,9.5,50
28300290290,一般国道２９号,一般国道４２９号,一般国道４２９号,28227,0,0.7,宍粟市波賀町戸倉,310,宍粟市波賀町戸倉,309,619,1.13,0.09,25.1,27.6,10,50
28300290300,一般国道２９号,一般国道４２９号,養父波賀線,28227,0,17.4,宍粟市波賀町戸倉,310,宍粟市波賀町戸倉,309,619,1.13,0.09,53.5,54.1,10,50
28300290310,一般国道２９号,養父波賀線,一般国道２９号,28227,0,4.3,宍粟市波賀町戸倉,310,宍粟市波賀町戸倉,309,619,1.13,0.09,51.5,52.2,8,50
28300430010,一般国道４３号,一般国道４３号,高速大阪西宮線,28202,0,0.6,尼崎市東本町２丁目,31352,尼崎市東本町２丁目,29487,60839,1.46,1.08,13.1,11.9,50.01,40
28300430020,一般国道４３号,高速大阪西宮線,尼崎港線,28202,0,0.7,尼崎市東本町２丁目,31352,尼崎市東本町２丁目,29487,60839,1.46,1.08,15.2,9.6,50.01,40
28300430030,一般国道４３号,尼崎港線,尼崎港線,28202,0,0.3,尼崎市東本町２丁目,31352,尼崎市東本町２丁目,29487,60839,1.46,1.08,10,14.5,50.01,40
28300430040,一般国道４３号,尼崎港線,甲子園尼崎線,28202,0,0.9,尼崎市東本町２丁目,31352,尼崎市東本町２丁目,29487,60839,1.46,1.08,9.8,19.2,50.01,40
28300430050,一般国道４３号,甲子園尼崎線,高速大阪西宮線,28202,0,0.8,尼崎市東本町２丁目,31352,尼崎市東本町２丁目,29487,60839,1.46,1.08,16.1,23.2,50.01,40
28300430060,一般国道４３号,高速大阪西宮線,尼崎港崇徳院線,28202,0,0.7,尼崎市東本町２丁目,31352,尼崎市東本町２丁目,29487,60839,1.46,1.08,30,18.4,50.01,40
28300430070,一般国道４３号,尼崎港崇徳院線,尼崎市・西宮市境,28202,0,0.5,尼崎市東本町２丁目,31352,尼崎市東本町２丁目,29487,60839,1.46,1.08,28.5,35.5,50.01,40
28300430080,一般国道４３号,尼崎市・西宮市境,高速大阪西宮線,28204,0,0.6,尼崎市東本町２丁目,31352,尼崎市東本町２丁目,29487,60839,1.46,0.98,52.3,34,38.86,40
28300430090,一般国道４３号,高速大阪西宮線,,28204,0,0.2,尼崎市東本町２丁目,31352,尼崎市東本町２丁目,29487,60839,1.46,0.98,24.3,13.2,38.86,40
28300430100,一般国道４３号,,浜甲子園甲子園口停車場線,28204,0,1.1,尼崎市東本町２丁目,31352,尼崎市東本町２丁目,29487,60839,1.46,0.98,18.9,38,38.86,40
28300430110,一般国道４３号,浜甲子園甲子園口停車場線,名神高速道路,28204,0,0.6,尼崎市東本町２丁目,31352,尼崎市東本町２丁目,29487,60839,1.46,0.98,30.7,39.7,38.86,40
28300430120,一般国道４３号,名神高速道路,今津港津門大箇線,28204,0,0.3,尼崎市東本町２丁目,31352,尼崎市東本町２丁目,29487,60839,1.46,0.98,44.5,15,38.86,40
28300430130,一般国道４３号,今津港津門大箇線,甲子園六湛寺線,28204,0,1.2,尼崎市東本町２丁目,31352,尼崎市東本町２丁目,29487,60839,1.46,0.98,24.3,17.1,38.86,40
28300430140,一般国道４３号,甲子園六湛寺線,,28204,0,0.5,尼崎市東本町２丁目,31352,尼崎市東本町２丁目,29487,60839,1.46,0.98,24.2,14.8,38.86,40
28300430150,一般国道４３号,,西宮港線,28204,0,0.3,尼崎市東本町２丁目,31352,尼崎市東本町２丁目,29487,60839,1.46,0.98,20.2,29.1,38.86,40
28300430160,一般国道４３号,西宮港線,高速神戸西宮線,28204,0,0.2,尼崎市東本町２丁目,31352,尼崎市東本町２丁目,29487,60839,1.46,0.98,21,30.6,38.86,40
28300430170,一般国道４３号,高速神戸西宮線,西宮市・芦屋市境,28204,0,1,尼崎市東本町２丁目,31352,尼崎市東本町２丁目,29487,60839,1.46,0.98,33.3,36,38.86,40
28300430180,一般国道４３号,西宮市・芦屋市境,高速神戸西宮線,28206,0,0.3,芦屋市平田町,26527,芦屋市平田町,25318,51845,1.4,0.85,50.3,39,49.74,40
28300430190,一般国道４３号,高速神戸西宮線,奥山精道線,28206,0,1.5,芦屋市平田町,26527,芦屋市平田町,25318,51845,1.4,0.85,24.7,25.4,49.74,40
28300430200,一般国道４３号,奥山精道線,芦屋市・神戸市東灘区境,28206,0,0.3,芦屋市平田町,26527,芦屋市平田町,25318,51845,1.4,0.85,18.3,24.3,49.74,40
28300430210,一般国道４３号,芦屋市・神戸市東灘区境,東灘芦屋線,28101,0,0.9,神戸市東灘区深江南町４丁目,27843,神戸市東灘区深江南町４丁目,26610,54453,1.41,0.95,35.1,15,50.4,40
28300430220,一般国道４３号,東灘芦屋線,商船学校線,28101,0,0.5,,27836,,28394,56230,1.34,0.83,14.2,21.5,50.4,40
28300430230,一般国道４３号,商船学校線,高速神戸西宮線,28101,0,0.3,,27836,,28394,56230,1.34,0.83,14.7,40.9,50.4,40
28300430235,一般国道４３号,高速神戸西宮線,本山本庄線,28101,0,0.5,,27836,,28394,56230,1.34,0.56,23.6,26.7,50.4,40
28300430240,一般国道４３号,本山本庄線,魚崎幹線,28101,0,0.6,神戸市東灘区御影塚町1丁目,26496,神戸市東灘区御影塚町1丁目,27512,54008,1.34,0.86,33,22.4,50.4,40
28300430250,一般国道４３号,魚崎幹線,魚崎浜町１号線,28101,0,0.5,神戸市東灘区御影塚町1丁目,26496,神戸市東灘区御影塚町1丁目,27512,54008,1.34,0.86,30.2,26.2,50.4,40
28300430260,一般国道４３号,魚崎浜町１号線,高速神戸西宮線,28101,0,0.4,神戸市東灘区御影塚町1丁目,26496,神戸市東灘区御影塚町1丁目,27512,54008,1.34,0.86,17.6,24.7,50.4,40
28300430270,一般国道４３号,高速神戸西宮線,東御影線,28101,0,0.8,神戸市東灘区御影塚町1丁目,26496,神戸市東灘区御影塚町1丁目,27512,54008,1.34,0.86,18.5,20.4,50.4,40
28300430280,一般国道４３号,東御影線,弓場線,28101,0,0.3,神戸市東灘区御影塚町1丁目,26496,神戸市東灘区御影塚町1丁目,27512,54008,1.34,0.86,15.4,21.3,50.4,40
28300430290,一般国道４３号,弓場線,神戸六甲線,28101,0,0.8,神戸市東灘区御影塚町1丁目,26496,神戸市東灘区御影塚町1丁目,27512,54008,1.34,0.86,19.7,14.2,50.4,40
28300430300,一般国道４３号,神戸六甲線,鳴尾御影線,28101,0,0.1,神戸市灘区大石東町,29718,神戸市灘区大石東町,27742,57460,1.33,1.01,11.8,13.6,50.4,40
28300430310,一般国道４３号,鳴尾御影線,一般国道２号,28102,0,1.6,神戸市灘区大石東町,29718,神戸市灘区大石東町,27742,57460,1.33,1.57,23,28.9,46.43,40
28300430320,一般国道４３号,一般国道２号,一般国道２号,28102,0,0.3,神戸市灘区大石東町,29718,神戸市灘区大石東町,27742,57460,1.33,1.57,51.5,47.7,46.43,40
28301710010,一般国道１７１号,一般国道１７１号,伊丹池田線,28207,0,0.5,伊丹市下河原町,23562,伊丹市下河原町,23384,46946,1.42,2.4,37.3,15.7,19.99,50
28301710020,一般国道１７１号,伊丹池田線,尼崎池田線,28207,0,0.6,伊丹市下河原町,23562,伊丹市下河原町,23384,46946,1.42,2.4,14.1,29,19.99,50
28301710030,一般国道１７１号,尼崎池田線,山本伊丹線,28207,0,1.3,伊丹市下河原町,23562,伊丹市下河原町,23384,46946,1.42,2.4,32,10.9,19.99,50
28301710040,一般国道１７１号,山本伊丹線,姥ケ茶屋伊丹線,28207,0,0.3,伊丹市下河原町,23562,伊丹市下河原町,23384,46946,1.42,2.4,19.3,14.2,19.99,50
28301710050,一般国道１７１号,姥ケ茶屋伊丹線,米谷昆陽尼崎線,28207,0,1.1,伊丹市下河原町,23562,伊丹市下河原町,23384,46946,1.42,2.4,21.8,17.6,19.99,50
28301710060,一般国道１７１号,米谷昆陽尼崎線,尼崎宝塚線,28207,0,1.2,伊丹市下河原町,23562,伊丹市下河原町,23384,46946,1.42,2.4,17.7,44.9,19.99,50
28301710070,一般国道１７１号,尼崎宝塚線,伊丹市・尼崎市境,28207,0,0.4,西宮市河原町,19460,西宮市河原町,15796,35256,1.41,1.07,22.8,43.6,34.21,50
28301710080,一般国道１７１号,伊丹市・尼崎市境,尼崎市・西宮市境,28202,0,1.6,西宮市河原町,19460,西宮市河原町,15796,35256,1.41,0.9,17.9,24.8,22.05,50
28301710090,一般国道１７１号,尼崎市・西宮市境,西宮宝塚線,28204,0,0.2,西宮市河原町,19460,西宮市河原町,15796,35256,1.41,0.57,24.6,19.9,20.98,50
28301710100,一般国道１７１号,西宮宝塚線,,28204,0,2,西宮市河原町,19460,西宮市河原町,15796,35256,1.41,0.84,16,23,22.3,50
28301710110,一般国道１７１号,,一般国道２号,28204,0,2.4,西宮市河原町,19460,西宮市河原町,15796,35256,1.41,0.87,18.3,12.2,22.45,40
28301730010,一般国道１７３号,一般国道１７３号,多田停車場多田院線,28217,0,1,川西市平野２丁目,16403,川西市平野２丁目,16577,32980,1.32,0.99,18.8,18.3,24,40
28301730020,一般国道１７３号,多田停車場多田院線,一般国道４７７号,28217,0,2.1,川西市平野２丁目,16403,川西市平野２丁目,16577,32980,1.32,0.79,29.4,29.5,24,40
28301730030,一般国道１７３号,川西インター線,一般国道１７３号,28217,0,1.6,川西市東畦野二丁目,10991,川西市東畦野二丁目,10869,21860,1.27,0.68,28.6,29.3,24,40
28301730040,一般国道１７３号,一般国道１７３号,一般国道１７３号,28217,0,0.9,川西市東畦野二丁目,10991,川西市東畦野二丁目,10869,21860,1.27,1.12,44.2,35.9,8,40
28301730050,一般国道１７３号,一般国道１７３号,川西市・猪名川町境,28217,0,2,川辺郡猪名川町民田,5777,川辺郡猪名川町民田,5529,11306,1.33,0.86,50.3,53.2,10.5,50
28301730060,一般国道１７３号,川西市・猪名川町境,猪名川町・川西市境,28301,0,0.5,川辺郡猪名川町民田,5777,川辺郡猪名川町民田,5529,11306,1.33,0.86,59,59.2,10.5,50
28301730070,一般国道１７３号,猪名川町・川西市境,川西市・猪名川町境,28217,0,0.3,川辺郡猪名川町民田,5777,川辺郡猪名川町民田,5529,11306,1.33,0.86,59.6,61.7,10.5,50
28301730080,一般国道１７３号,川西市・猪名川町境,一般国道１７３号,28301,0,1.4,川辺郡猪名川町民田,5777,川辺郡猪名川町民田,5529,11306,1.33,0.86,57.4,56.3,10.5,50
28301730025,一般国道１７３号,一般国道４７７号,川西インター線,28217,0,0.9,川西市東畦野二丁目,13138,川西市東畦野二丁目,13602,26740,1.29,0.65,36.6,30.5,24,40
28301730100,一般国道１７３号,一般国道１７３号,一般国道１７３号,28301,0,0.1,,6615,,5965,12580,1.36,0.99,55.1,45.1,10.5,50
28301730120,一般国道１７３号,一般国道１７３号,一般国道１７３号,28301,0,0,,6615,,5965,12580,1.36,0.99,45.5,44.9,10.5,50
28301730140,一般国道１７３号,一般国道１７３号,一般国道１７３号,28221,0,1,丹波篠山市福住,1543,丹波篠山市福住,1535,3078,1.34,0.54,59.8,62.2,8,50
28301730160,一般国道１７３号,一般国道１７３号,福住三田線,28221,0,1.3,丹波篠山市福住,1543,丹波篠山市福住,1535,3078,1.34,0.54,60.1,60.3,8,50
28301730170,一般国道１７３号,福住三田線,一般国道３７２号,28221,0,1.8,丹波篠山市福住,1543,丹波篠山市福住,1535,3078,1.34,0.45,35.5,33.2,8,50
28301730180,一般国道１７３号,一般国道３７２号,一般国道３７２号,28221,0,0.3,丹波篠山市安田,4140,丹波篠山市安田,4106,8246,1.28,0.7,23.4,27,13,50
28301730190,一般国道１７３号,一般国道３７２号,上宿栃梨線,28221,0,1.3,丹波篠山市塩岡,2507,丹波篠山市塩岡,2437,4944,1.25,0.47,51.1,53.6,11.5,50
28301730200,一般国道１７３号,上宿栃梨線,篠山京丹波線,28221,0,1.4,丹波篠山市塩岡,2507,丹波篠山市塩岡,2437,4944,1.25,0.46,51.5,48,11.5,50
28301730210,一般国道１７３号,篠山京丹波線,瀬利小田中線,28221,0,1.3,丹波篠山市塩岡,2507,丹波篠山市塩岡,2437,4944,1.25,0.51,49,51,11.5,50
28301730220,一般国道１７３号,瀬利小田中線,篠山京丹波線,28221,0,2.6,丹波篠山市塩岡,2507,丹波篠山市塩岡,2437,4944,1.25,0.47,57.1,56.3,11.5,50
28301730230,一般国道１７３号,篠山京丹波線,本郷藤坂線,28221,0,2.1,,2050,,2030,4080,1.25,0.58,58.2,56.7,10.5,50
28301730240,一般国道１７３号,本郷藤坂線,一般国道１７３号,28221,0,1,,2050,,2030,4080,1.25,0.53,64.7,60.1,8,50
28301730260,一般国道１７３号,一般国道１７３号,川西三田線,28217,0,0.5,川西市一庫,6121,川西市一庫,6211,12332,1.28,1.15,27.4,26.4,11.5,40
28301730270,一般国道１７３号,川西三田線,一般国道１７３号,28217,0,0.8,川西市一庫,6121,川西市一庫,6211,12332,1.28,1.04,26.3,22.8,8,40
28301740010,一般国道１７４号,一般国道２号,京橋線,28110,0,0.1,神戸市中央区小野浜町,9095,神戸市中央区小野浜町,9444,18539,1.33,0.59,8.9,11.6,50.1,40
28301740020,一般国道１７４号,京橋線,,28110,0,0.1,神戸市中央区小野浜町,9095,神戸市中央区小野浜町,9444,18539,1.33,0.64,5.7,9.3,26.1,40
28301750010,一般国道１７５号,一般国道２号（第二神明道路）,西神２号線,28111,0,1.1,神戸市西区玉津町小山,14114,神戸市西区玉津町小山,15515,29629,1.29,0.9,15.3,23,25.96,50
28301750015,一般国道１７５号,西神２号線,平野舞子停車場線,28111,0,0.8,神戸市西区玉津町小山,14114,神戸市西区玉津町小山,15515,29629,1.29,0.9,28.1,26.3,25.96,50
28301750020,一般国道１７５号,平野舞子停車場線,平野舞子停車場線,28111,0,0.6,神戸市西区玉津町小山,14114,神戸市西区玉津町小山,15515,29629,1.29,0.9,31.2,22.9,25.96,50
28301750030,一般国道１７５号,平野舞子停車場線,神戸二見線,28111,0,0.3,神戸市西区玉津町小山,14114,神戸市西区玉津町小山,15515,29629,1.29,0.9,35.2,15.3,25.96,50
28301750040,一般国道１７５号,神戸二見線,平野三木線,28111,0,0.4,神戸市西区平野町常本,7735,神戸市西区平野町常本,7647,15382,1.31,1.34,27,26.4,7.77,50
28301750043,一般国道１７５号,平野三木線,,28111,0,1.3,神戸市西区平野町常本,7735,神戸市西区平野町常本,7647,15382,1.31,1.34,43.8,29.1,7.77,50
28301750045,一般国道１７５号,,一般国道１７５号（神出バイパス）,28111,0,0.9,神戸市西区神出町田井,8236,神戸市西区神出町田井,8138,16374,1.32,1.28,44,19.3,7.77,50
28301750050,一般国道１７５号,一般国道１７５号（神出バイパス）,神戸加古川姫路線,28111,0,0.8,神戸市西区神出町広谷,5514,神戸市西区神出町広谷,5417,10931,1.33,0.98,30.9,24.5,7.77,50
28301750060,一般国道１７５号,神戸加古川姫路線,神戸加古川姫路線,28111,0,0.5,神戸市西区神出町広谷,5514,神戸市西区神出町広谷,5417,10931,1.33,0.98,12.3,13.9,7.77,50
28301750070,一般国道１７５号,神戸加古川姫路線,大久保広野線,28111,0,0.8,神戸市西区神出町広谷,5514,神戸市西区神出町広谷,5417,10931,1.33,0.98,23.7,27.2,7.77,50
28301750075,一般国道１７５号,大久保広野線,一般国道１７５号,28111,0,1.7,神戸市西区神出町広谷,5514,神戸市西区神出町広谷,5417,10931,1.33,0.98,29.7,22.1,7.77,50
28301750080,一般国道１７５号,一般国道１７５号,神戸市西区・三木市境,28111,0,0.9,三木市別所町高木1丁目,14967,三木市別所町高木1丁目,14692,29659,1.3,0.85,21.3,36.1,25.5,60
28301750090,一般国道１７５号,神戸市西区・三木市境,三木環状線,28215,0,0.4,三木市別所町高木1丁目,14967,三木市別所町高木1丁目,14692,29659,1.3,0.53,37,23.8,27.8,60
28301750100,一般国道１７５号,三木環状線,正法寺三木停車場線,28215,0,4,三木市別所町高木1丁目,14967,三木市別所町高木1丁目,14692,29659,1.3,0.85,42,47.7,26.69,60
28301750110,一般国道１７５号,正法寺三木停車場線,山陽自動車道,28215,0,0.3,三木市別所町高木1丁目,14967,三木市別所町高木1丁目,14692,29659,1.3,0.77,17.5,49.7,37.25,60
28301750120,一般国道１７５号,山陽自動車道,三木市・小野市境,28215,0,0.5,三木市別所町高木1丁目,14967,三木市別所町高木1丁目,14692,29659,1.3,0.77,30.4,55.6,37.25,60
28301750130,一般国道１７５号,三木市・小野市境,三木宍粟線,28218,0,0.1,三木市別所町高木1丁目,14967,三木市別所町高木1丁目,14692,29659,1.3,0.53,49.8,48.9,40.6,60
28301750140,一般国道１７５号,三木宍粟線,三木宍粟線,28218,0,2.1,三木市別所町高木1丁目,14967,三木市別所町高木1丁目,14692,29659,1.3,0.53,60.7,21.8,25.09,60
28301750150,一般国道１７５号,三木宍粟線,小野香寺線,28218,0,1.9,小野市黒川町,18587,小野市黒川町,18526,37113,1.29,0.97,15.6,52.1,19.46,60
28301750160,一般国道１７５号,小野香寺線,三木宍粟線,28218,0,1.2,小野市黒川町,18587,小野市黒川町,18526,37113,1.29,1.01,37,33.5,25.72,60
28301750170,一般国道１７５号,三木宍粟線,住吉住永線,28218,0,2.5,小野市黒川町,18587,小野市黒川町,18526,37113,1.29,1.01,40.1,43.9,25.72,60
28301750180,一般国道１７５号,住吉住永線,加古川小野線,28218,0,0.6,小野市黒川町,18587,小野市黒川町,18526,37113,1.29,1.01,46.3,25.2,25.72,60
28301750190,一般国道１７５号,加古川小野線,小野市・加東市境,28218,0,0.1,加東市社,11520,加東市社,11964,23484,1.27,0.86,28.2,18.6,25.72,60
28301750200,一般国道１７５号,小野市・加東市境,大門小田線,28228,0,1.4,加東市社,11520,加東市社,11964,23484,1.27,0.83,50.8,47.7,25.75,60
28301750210,一般国道１７５号,大門小田線,松尾青野ヶ原停車場線,28228,0,1.3,加東市社,11520,加東市社,11964,23484,1.27,0.72,51,54.4,20.38,60
28301750215,一般国道１７５号,松尾青野ヶ原停車場線,,28228,0,0.4,加東市社,11520,加東市社,11964,23484,1.27,0.72,50.4,47.1,20.38,60
28301750220,一般国道１７５号,,（元）一般国道３７２号,28228,0,0.6,加東市社,11520,加東市社,11964,23484,1.27,0.72,35.9,23.3,20.38,60
28301750230,一般国道１７５号,（元）一般国道３７２号,中国自動車道,28228,0,1.8,加東市社,11520,加東市社,11964,23484,1.27,0.72,30.1,31.8,20.38,60
28301750240,一般国道１７５号,中国自動車道,市場多井田線,28228,0,1.7,西脇市高松町,13073,西脇市高松町,12930,26003,1.24,0.79,36.1,31,30.51,60
28301750250,一般国道１７５号,市場多井田線,加東市・西脇市境,28228,0,0.9,西脇市高松町,13073,西脇市高松町,12930,26003,1.24,0.79,41.6,39.8,30.51,60
28301750260,一般国道１７５号,加東市・西脇市境,西脇口吉川神戸線,28213,0,0.6,西脇市高松町,13073,西脇市高松町,12930,26003,1.24,0.63,39.9,40.5,25.6,60
28301750270,一般国道１７５号,西脇口吉川神戸線,黒田庄多井田線,28213,0,0.9,西脇市高松町,13073,西脇市高松町,12930,26003,1.24,0.63,40.1,42.2,25.6,60
28301750275,一般国道１７５号,黒田庄多井田線,黒田庄多井田線,28213,0,1,西脇市高松町,13073,西脇市高松町,12930,26003,1.24,0.71,53,32.6,22.39,60
28301750280,一般国道１７５号,黒田庄多井田線,一般国道４２７号,28213,0,1.4,西脇市上戸田,9755,西脇市上戸田,9274,19029,1.29,0.51,43,20.5,22.39,60
28301750290,一般国道１７５号,一般国道４２７号,上鴨川西脇線,28213,0,0.5,西脇市上戸田,9755,西脇市上戸田,9274,19029,1.29,1.38,23.8,25.7,15.84,50
28301750300,一般国道１７５号,上鴨川西脇線,西脇篠山線,28213,0,1.6,西脇市上戸田,9755,西脇市上戸田,9274,19029,1.29,1.54,25.9,31.4,9.74,50
28301750305,一般国道１７５号,西脇篠山線,,28213,0,0.4,西脇市上戸田,9755,西脇市上戸田,9274,19029,1.29,1.57,26.4,29,9.49,50
28301750310,一般国道１７５号,,津万井西田線,28213,0,1.8,西脇市上戸田,9755,西脇市上戸田,9274,19029,1.29,1.57,41.2,38.8,9.49,50
28301750315,一般国道１７５号,津万井西田線,一般国道１７５号（西脇北バイパス）,28213,0,0.3,西脇市黒田庄町石原,5549,西脇市黒田庄町石原,5551,11100,1.25,0.96,21.7,20.4,10.6,50
28301750320,一般国道１７５号,一般国道１７５号（西脇北バイパス）,山南多可線,28213,0,3,西脇市黒田庄町石原,5549,西脇市黒田庄町石原,5551,11100,1.25,0.96,44.7,46.9,10.6,50
28301750330,一般国道１７５号,山南多可線,山南多可線,28213,0,2.7,西脇市黒田庄町石原,5549,西脇市黒田庄町石原,5551,11100,1.25,1.09,39.8,38.4,10.98,50
28301750340,一般国道１７５号,山南多可線,西脇市・丹波市境,28213,0,0.9,西脇市黒田庄町石原,5549,西脇市黒田庄町石原,5551,11100,1.25,1.32,43.6,46.6,9.96,50
28301750350,一般国道１７５号,西脇市・丹波市境,篠山山南線,28223,0,0.5,丹波市山南町梶,5352,丹波市山南町梶,5209,10561,1.28,0.85,48,49,12.84,50
28301750360,一般国道１７５号,篠山山南線,多可柏原線,28223,0,0.3,丹波市山南町梶,5352,丹波市山南町梶,5209,10561,1.28,1.04,30.4,23.8,10.05,50
28301750370,一般国道１７５号,多可柏原線,福知山山南線,28223,0,2.8,丹波市山南町梶,5352,丹波市山南町梶,5209,10561,1.28,0.98,41.6,43.4,9.51,50
28301750380,一般国道１７５号,福知山山南線,,28223,0,1.1,丹波市山南町梶,5352,丹波市山南町梶,5209,10561,1.28,0.91,43.1,46.4,13.83,50
28301750390,一般国道１７５号,,福知山山南線,28223,0,1.7,丹波市氷上町朝阪,4379,丹波市氷上町朝阪,5931,10310,1.29,0.76,51.2,48.9,10.54,50
28301750400,一般国道１７５号,福知山山南線,稲畑柏原線,28223,0,2.5,丹波市氷上町朝阪,4379,丹波市氷上町朝阪,5931,10310,1.29,0.85,45.1,46.8,10.4,50
28301750410,一般国道１７５号,稲畑柏原線,奥野々氷上線,28223,0,2.6,丹波市氷上町朝阪,4379,丹波市氷上町朝阪,5931,10310,1.29,0.78,52,51.1,9.59,50
28301750420,一般国道１７５号,奥野々氷上線,奥野々氷上線,28223,0,0.1,丹波市氷上町朝阪,4379,丹波市氷上町朝阪,5931,10310,1.29,0.85,37.5,23.3,15.66,50
28301750430,一般国道１７５号,奥野々氷上線,一般国道１７６号,28223,0,0.5,丹波市氷上町朝阪,4379,丹波市氷上町朝阪,5931,10310,1.29,0.85,23,14.1,15.66,50
28301750440,一般国道１７５号,一般国道１７６号,青垣柏原線,28223,0,0.2,丹波市氷上町石生,5827,丹波市氷上町石生,5837,11664,1.19,0.97,11,25.3,16.5,50
28301750450,一般国道１７５号,青垣柏原線,一般国道１７５号,28223,0,2.4,丹波市氷上町石生,5827,丹波市氷上町石生,5837,11664,1.19,0.75,39.7,37.7,17.5,50
28301750460,一般国道１７５号,一般国道１７５号,黒井停車場線,28223,0,2.2,丹波市春日町石才,7409,丹波市春日町石才,7423,14832,1.31,1.02,36.9,36.5,16.5,50
28301750470,一般国道１７５号,黒井停車場線,春日栗柄線,28223,0,2.1,丹波市春日町石才,7409,丹波市春日町石才,7423,14832,1.31,1.05,30.5,31.5,16.5,50
28301750480,一般国道１７５号,春日栗柄線,一般国道４８３号（北近畿豊岡道）,28223,0,0.1,丹波市春日町石才,7409,丹波市春日町石才,7423,14832,1.31,1.12,17.5,13.4,15.5,50
28301750490,一般国道１７５号,一般国道４８３号（北近畿豊岡道）,多利多田線,28223,0,1.9,丹波市市島町上田,5427,丹波市市島町上田,5568,10995,1.29,0.8,27.8,32.2,13,50
28301750500,一般国道１７５号,多利多田線,絹山市島線,28223,0,2.4,丹波市市島町上田,5427,丹波市市島町上田,5568,10995,1.29,0.79,39.7,41.4,10.5,50
28301750510,一般国道１７５号,絹山市島線,追入市島線,28223,0,1,丹波市市島町上田,5427,丹波市市島町上田,5568,10995,1.29,0.79,46.3,49.1,13,50
28301750520,一般国道１７５号,追入市島線,市島和知線,28223,0,0.8,丹波市市島町上田,5427,丹波市市島町上田,5568,10995,1.29,0.81,31.2,25.2,13,50
28301750530,一般国道１７５号,市島和知線,沼市島線,28223,0,2.2,丹波市市島町上竹田,4532,丹波市市島町上竹田,4612,9144,1.27,0.88,36.2,30.5,10,50
28301750540,一般国道１７５号,沼市島線,丹波竹田停車場線,28223,0,2.8,丹波市市島町上竹田,4532,丹波市市島町上竹田,4612,9144,1.27,0.7,43.7,49.8,15,50
28301750550,一般国道１７５号,丹波竹田停車場線,一般国道１７５号,28223,0,2.3,,5501,,6274,11775,1.29,1,55,54.7,15,50
28301750660,一般国道１７５号（神出バイパス）,一般国道１７５号,,28111,0,1,神戸市西区神出町田井,6085,神戸市西区神出町田井,5956,12041,1.34,0.73,44.3,25.5,12,50
28301750570,一般国道１７５号（神出バイパス）,,神戸加古川姫路線,28111,0,0.1,神戸市西区神出町田井,6085,神戸市西区神出町田井,5956,12041,1.34,0.73,23.5,10.7,12,50
28301750580,一般国道１７５号（神出バイパス）,神戸加古川姫路線,六分一神出線,28111,0,0.2,神戸市西区神出町北,10076,神戸市西区神出町北,10619,20695,1.36,1.28,16.5,13,12.81,50
28301750590,一般国道１７５号（神出バイパス）,六分一神出線,神戸加古川姫路線,28111,0,0.7,神戸市西区神出町北,10076,神戸市西区神出町北,10619,20695,1.36,1.28,17,13.8,12.81,50
28301750650,一般国道１７５号（神出バイパス）,神戸加古川姫路線,一般国道１７５号,28111,0,2.2,神戸市西区神出町北,8474,神戸市西区神出町北,8727,17201,1.34,1.22,29.1,29.7,12,50
28301750670,一般国道１７５号（西脇北バイパス）,,一般国道１７５号,28213,0,2.1,西脇市黒田庄町大伏,2983,西脇市黒田庄町大伏,1466,4449,1.23,0.45,34.7,38.7,8.25,50
28301750620,一般国道１７５号,青垣柏原線,石生停車場線,28223,0,0.3,,3834,,3769,7603,1.27,0.86,27.5,30.6,6.5,50
28301750630,一般国道１７５号,石生停車場線,一般国道１７５号,28223,0,1.3,,3834,,3769,7603,1.27,0.6,43.1,39.8,6.5,50
28301760010,一般国道１７６号,一般国道１７５号,青垣柏原線,28223,0,3.2,丹波市柏原町南多田,7212,丹波市柏原町南多田,6318,13530,1.3,0.8,23.5,26.6,16.5,50
28301760020,一般国道１７６号,青垣柏原線,稲畑柏原線,28223,0,0.2,丹波市柏原町柏原,7264,丹波市柏原町柏原,7174,14438,1.23,1.37,15.4,15.7,11.5,50
28301760030,一般国道１７６号,稲畑柏原線,多可柏原線,28223,0,2.2,丹波市柏原町柏原,7264,丹波市柏原町柏原,7174,14438,1.23,1.27,25.3,24.8,11.5,50
28301760040,一般国道１７６号,多可柏原線,下立杭柏原線,28223,0,0.1,丹波篠山市長安寺,5647,丹波篠山市長安寺,5646,11293,1.25,1.32,15.5,35.7,10,50
28301760050,一般国道１７６号,下立杭柏原線,丹波市・丹波篠山市境,28223,0,2.9,丹波篠山市長安寺,5647,丹波篠山市長安寺,5646,11293,1.25,0.95,43.5,55.1,11.5,50
28301760060,一般国道１７６号,丹波市・丹波篠山市境,追入市島線,28221,0,0.9,丹波篠山市長安寺,5647,丹波篠山市長安寺,5646,11293,1.25,0.8,54.9,54.3,11.5,50
28301760070,一般国道１７６号,追入市島線,長安寺西岡屋線,28221,0,3.7,丹波篠山市長安寺,5647,丹波篠山市長安寺,5646,11293,1.25,0.96,49.8,51.6,15,50
28301760080,一般国道１７６号,長安寺西岡屋線,篠山山南線,28221,0,1.4,丹波篠山市長安寺,5647,丹波篠山市長安寺,5646,11293,1.25,0.99,41.8,37.4,10,50
28301760090,一般国道１７６号,篠山山南線,篠山三和線,28221,0,0.9,丹波篠山市味間南,4587,丹波篠山市味間南,4713,9300,1.28,0.82,36.6,33,10,50
28301760100,一般国道１７６号,篠山三和線,丹波大山停車場線,28221,0,0.4,丹波篠山市味間南,4587,丹波篠山市味間南,4713,9300,1.28,0.87,39.3,42.2,9,50
28301760110,一般国道１７６号,丹波大山停車場線,西脇篠山線,28221,0,0.4,丹波篠山市味間南,4587,丹波篠山市味間南,4713,9300,1.28,0.87,43,38.1,6.5,50
28301760120,一般国道１７６号,西脇篠山線,西脇篠山線,28221,0,0.4,丹波篠山市味間南,4587,丹波篠山市味間南,4713,9300,1.28,0.99,39.2,43.1,8.5,50
28301760130,一般国道１７６号,西脇篠山線,丹南篠山口インター線,28221,0,1.5,丹波篠山市味間南,4587,丹波篠山市味間南,4713,9300,1.28,0.87,40.8,31.6,9.5,50
28301760140,一般国道１７６号,丹南篠山口インター線,大沢新東吹線,28221,0,1.2,丹波篠山市南矢代,4893,丹波篠山市南矢代,4714,9607,1.29,1.15,27.7,30.2,12.5,50
28301760150,一般国道１７６号,大沢新東吹線,一般国道３７２号（丹南バイパス）,28221,0,3.9,丹波篠山市南矢代,4893,丹波篠山市南矢代,4714,9607,1.29,1.01,42.5,42.9,13.5,50
28301760160,一般国道１７６号,一般国道３７２号（丹南バイパス）,一般国道３７２号,28221,0,1,丹波篠山市古市,8342,丹波篠山市古市,8294,16636,1.31,1.21,32.4,23.9,7.5,50
28301760170,一般国道１７６号,一般国道３７２号,丹波篠山市・三田市境,28221,0,3.6,三田市四ツ辻,6088,三田市四ツ辻,6683,12771,1.24,1.21,42.4,42.3,13.5,50
28301760180,一般国道１７６号,丹波篠山市・三田市境,小野藍本線,28219,0,2.5,三田市四ツ辻,6088,三田市四ツ辻,6683,12771,1.24,1.07,52.4,52.2,7.5,50
28301760190,一般国道１７６号,小野藍本線,上本庄藍本線,28219,0,0.6,三田市四ツ辻,6088,三田市四ツ辻,6683,12771,1.24,1.14,42.1,37.9,9.5,50
28301760200,一般国道１７６号,上本庄藍本線,福住三田線,28219,0,2.3,三田市四ツ辻,6088,三田市四ツ辻,6683,12771,1.24,1.21,46.5,42.1,6.5,50
28301760210,一般国道１７６号,福住三田線,三田西インター線,28219,0,3.1,三田市四ツ辻,6088,三田市四ツ辻,6683,12771,1.24,1.13,37.9,39.8,9.8,50
28301760220,一般国道１７６号,三田西インター線,曽地中三田線,28219,0,0.5,三田市四ツ辻,6088,三田市四ツ辻,6683,12771,1.24,1.24,18,14.8,15,50
28301760230,一般国道１７６号,曽地中三田線,有馬富士公園線,28219,0,2.6,三田市大原,6930,三田市大原,6772,13702,1.22,1.01,35.2,32.8,12.3,50
28301760240,一般国道１７６号,有馬富士公園線,三田後川上線,28219,0,2.6,三田市大原,6930,三田市大原,6772,13702,1.22,1.13,24.8,25.9,11.8,50
28301760250,一般国道１７６号,三田後川上線,西脇三田線,28219,0,2.6,三田市対中町三丁目,7065,三田市対中町三丁目,7351,14416,1.3,1.1,23.5,26.5,12,50
28301760260,一般国道１７６号,西脇三田線,,28219,0,0.2,三田市対中町三丁目,7065,三田市対中町三丁目,7351,14416,1.3,0.32,25.9,20,24.1,50
28301760270,一般国道１７６号,,定塚四軒茶屋線,28109,0,0.1,三田市横山町,12034,三田市横山町,12148,24182,1.31,1.06,19.9,18.5,25.9,50
28301760280,一般国道１７６号,定塚四軒茶屋線,神戸三田線,28109,0,1.1,神戸市北区道場町塩田,12542,神戸市北区道場町塩田,11824,24366,1.31,1.44,18.5,39,25.8,50
28301760290,一般国道１７６号,神戸三田線,切畑道場線,28109,0,0.7,神戸市北区道場町塩田,12542,神戸市北区道場町塩田,11824,24366,1.31,1.48,44,46.5,21.6,50
28301760300,一般国道１７６号,切畑道場線,神戸三田線,28109,0,0.1,神戸市北区道場町塩田,12542,神戸市北区道場町塩田,11824,24366,1.31,1.39,26.6,30.1,24.7,50
28301760310,一般国道１７６号,神戸三田線,神戸三田線,28109,0,0.6,神戸市北区道場町塩田,12542,神戸市北区道場町塩田,11824,24366,1.31,1.27,30.4,22.3,27.8,50
28301760320,一般国道１７６号,神戸三田線,,28109,0,1.7,神戸市北区道場町塩田,11223,神戸市北区道場町塩田,10048,21271,1.33,0.93,33.7,42.7,21.3,50
28301760330,一般国道１７６号,,大沢西宮線,28204,0,1.3,西宮市山口町名来１丁目,10913,西宮市山口町名来１丁目,10057,20970,1.31,0.62,30.5,22.1,21,60
28301760340,一般国道１７６号,大沢西宮線,大沢西宮線,28204,0,0.3,西宮市山口町下山口,11729,西宮市山口町下山口,10568,22297,1.48,0.57,20.3,21.3,23.91,60
28301760350,一般国道１７６号,大沢西宮線,,28204,0,1.5,西宮市山口町下山口,11729,西宮市山口町下山口,10568,22297,1.48,0.64,34.6,29.7,24,60
28301760360,一般国道１７６号,,高速北神戸線,28204,0,0.7,西宮市山口町下山口,11729,西宮市山口町下山口,10568,22297,1.48,0.56,34.5,50,24.91,60
28301760370,一般国道１７６号,高速北神戸線,,28204,0,0.8,西宮市山口町下山口,11729,西宮市山口町下山口,10568,22297,1.48,1.71,29.6,29.5,15.69,50
28301760380,一般国道１７６号,,,28204,0,1.2,西宮市山口町下山口,11729,西宮市山口町下山口,10568,22297,1.48,1.71,31.4,36.4,15.69,50
28301760390,一般国道１７６号,,,28204,0,0.5,西宮市山口町下山口,11729,西宮市山口町下山口,10568,22297,1.48,1.71,33.7,27.3,15.69,50
28301760400,一般国道１７６号,,,28204,0,0.2,西宮市山口町下山口,11729,西宮市山口町下山口,10568,22297,1.48,1.71,14.2,24.7,15.69,50
28301760410,一般国道１７６号,,,28204,0,0.4,西宮市山口町下山口,11729,西宮市山口町下山口,10568,22297,1.48,1.71,14.3,42.6,15.69,50
28301760420,一般国道１７６号,,一般国道１７６号,28204,0,0.4,西宮市山口町下山口,11729,西宮市山口町下山口,10568,22297,1.48,1.71,14.4,38.2,15.69,50
28301760760,一般国道１７６号（名塩道路）,一般国道１７６号,一般国道１７６号,28204,0,1.4,西宮市名塩3丁目,9470,西宮市名塩3丁目,10397,19867,1.48,0.54,24.7,56,18,50
28301760440,一般国道１７６号,一般国道１７６号,,28204,0,0.5,西宮市塩瀬町生瀬,10838,西宮市塩瀬町生瀬,22124,32962,1.44,2.58,32.4,23.5,27.2,40
28301760450,一般国道１７６号,,,28204,0,0.3,西宮市塩瀬町生瀬,10838,西宮市塩瀬町生瀬,22124,32962,1.44,2.58,42.7,18.2,27.2,40
28301760460,一般国道１７６号,,宝塚唐櫃線,28204,0,1.5,西宮市塩瀬町生瀬,10838,西宮市塩瀬町生瀬,22124,32962,1.44,2.41,37.7,14.1,9.66,40
28301760470,一般国道１７６号,宝塚唐櫃線,塩瀬宝塚線,28204,0,1.4,西宮市塩瀬町生瀬,13203,西宮市塩瀬町生瀬,12930,26133,1.45,2.21,18.6,36.1,9.05,50
28301760480,一般国道１７６号,塩瀬宝塚線,西宮市・宝塚市境,28204,0,0.4,西宮市塩瀬町生瀬,13203,西宮市塩瀬町生瀬,12930,26133,1.45,0.77,22.4,32.8,24.92,50
28301760490,一般国道１７６号,西宮市・宝塚市境,,28214,0,0.1,西宮市塩瀬町生瀬,13203,西宮市塩瀬町生瀬,12930,26133,1.45,0.48,32.4,26.3,24.69,50
28301760500,一般国道１７６号,,一般国道１７６号,28214,0,1.3,宝塚市栄町一丁目,15042,宝塚市栄町一丁目,17209,32251,1.36,1.02,29,11.9,22,40
28301760650,一般国道１７６号,一般国道１７６号,尼崎宝塚線,28214,0,1.2,宝塚市山本野里２丁目,24043,宝塚市山本野里２丁目,23525,47568,1.4,1.62,18.1,26.9,22,50
28301760660,一般国道１７６号,尼崎宝塚線,中国自動車道,28214,0,0.6,宝塚市山本野里２丁目,24043,宝塚市山本野里２丁目,23525,47568,1.4,1.95,45.7,18.2,22,50
28301760670,一般国道１７６号,中国自動車道,米谷昆陽尼崎線,28214,0,0.5,宝塚市山本野里２丁目,24043,宝塚市山本野里２丁目,23525,47568,1.4,1.18,28.7,10.7,22,50
28301760680,一般国道１７６号,米谷昆陽尼崎線,宝塚市・伊丹市境,28214,0,0.4,宝塚市山本野里２丁目,24043,宝塚市山本野里２丁目,23525,47568,1.4,0.79,11.1,46.1,22,50
28301760690,一般国道１７６号,宝塚市・伊丹市境,中野中筋線,28207,0,0.1,宝塚市山本野里２丁目,24043,宝塚市山本野里２丁目,23525,47568,1.4,0.79,17.3,52.9,22,50
28301760700,一般国道１７６号,中野中筋線,伊丹市・宝塚市境,28207,0,1.3,宝塚市山本野里２丁目,24043,宝塚市山本野里２丁目,23525,47568,1.4,1.41,23.6,26.1,22,50
28301760710,一般国道１７６号,伊丹市・宝塚市境,山本伊丹線,28214,0,0.3,宝塚市山本野里２丁目,24043,宝塚市山本野里２丁目,23525,47568,1.4,1.39,30.2,15.8,22,50
28301760720,一般国道１７６号,山本伊丹線,宝塚市・川西市境,28214,0,0.7,宝塚市山本野里２丁目,24043,宝塚市山本野里２丁目,23525,47568,1.4,0.79,37.9,20,22,50
28301760730,一般国道１７６号,宝塚市・川西市境,尼崎池田線,28217,0,0.4,宝塚市山本野里２丁目,24043,宝塚市山本野里２丁目,23525,47568,1.4,2.39,23.4,21.1,22,50
28301760740,一般国道１７６号,尼崎池田線,一般国道１７６号,28217,0,1.2,川西市東久代１丁目,24675,川西市東久代１丁目,23488,48163,1.43,0.73,22.6,55,18,50
28301760430,一般国道１７６号,一般国道１７６号,一般国道１７６号,28204,0,1.7,西宮市名塩2丁目,1146,西宮市名塩2丁目,1141,2287,1.22,0.33,21.9,31.4,7.91,40
28301760510,一般国道１７６号,一般国道１７６号,米谷昆陽尼崎線,28214,0,0.9,宝塚市中山寺一丁目,7976,宝塚市中山寺一丁目,7812,15788,1.31,1.48,13.8,17.6,10.5,40
28301760520,一般国道１７６号,米谷昆陽尼崎線,中山寺停車場中山寺線,28214,0,1.9,宝塚市中山寺一丁目,7976,宝塚市中山寺一丁目,7812,15788,1.31,1.48,19.7,17.2,10.5,40
28301760530,一般国道１７６号,中山寺停車場中山寺線,中山寺停車場中山寺線,28214,0,0.1,宝塚市中山寺一丁目,7976,宝塚市中山寺一丁目,7812,15788,1.31,1.18,22.6,15.5,10.5,40
28301760540,一般国道１７６号,中山寺停車場中山寺線,中野中筋線,28214,0,0.3,宝塚市中山寺一丁目,7976,宝塚市中山寺一丁目,7812,15788,1.31,1.42,20.6,10.4,10.5,40
28301760550,一般国道１７６号,中野中筋線,山本伊丹線,28214,0,0.7,宝塚市中山寺一丁目,7976,宝塚市中山寺一丁目,7812,15788,1.31,1.38,13.2,22.9,10.5,40
28301760560,一般国道１７６号,山本伊丹線,宝塚市・川西市境,28214,0,1.4,宝塚市中山寺一丁目,7976,宝塚市中山寺一丁目,7812,15788,1.31,1.48,16.7,18,10.5,40
28301760570,一般国道１７６号,宝塚市・川西市境,雲雀丘停車場線,28217,0,0.3,宝塚市中山寺一丁目,7976,宝塚市中山寺一丁目,7812,15788,1.31,1.42,32.9,22.5,6.5,40
28301760580,一般国道１７６号,雲雀丘停車場線,花屋敷停車場線,28217,0,0.5,宝塚市中山寺一丁目,7976,宝塚市中山寺一丁目,7812,15788,1.31,1.31,24.8,16.2,6.5,40
28301760590,一般国道１７６号,花屋敷停車場線,川西篠山線,28217,0,0.6,宝塚市中山寺一丁目,7976,宝塚市中山寺一丁目,7812,15788,1.31,1.42,13.4,10.6,15.4,40
28301760600,一般国道１７６号,川西篠山線,高速大阪池田線,28217,0,0.7,川西市小戸,7516,川西市小戸,7071,14587,1.29,0.94,10.9,13.5,18,40
28301760610,一般国道１７６号,高速大阪池田線,一般国道１７６号,28217,0,0.1,川西市小戸,7516,川西市小戸,7071,14587,1.29,0.94,13.4,6.7,18,40
28301780010,一般国道１７８号,一般国道１７８号,一般国道３１２号,28209,0,3.9,豊岡市下宮,3422,豊岡市下宮,3548,6970,1.17,0.75,46.9,45.1,10.5,50
28301780020,一般国道１７８号,一般国道３１２号,戸島玄武洞豊岡線,28209,0,1.9,豊岡市下宮,3422,豊岡市下宮,3548,6970,1.17,0.65,39.6,45.3,12,50
28301780030,一般国道１７８号,戸島玄武洞豊岡線,豊岡瀬戸線,28209,0,0.6,豊岡市宮島,7917,豊岡市宮島,7783,15700,1.31,1.02,38.2,31.4,12,50
28301780040,一般国道１７８号,豊岡瀬戸線,一般国道４２６号,28209,0,1.4,豊岡市宮島,7917,豊岡市宮島,7783,15700,1.31,1.23,15.2,16.5,12,50
28301780050,一般国道１７８号,一般国道４２６号,辻福田線,28209,0,0.9,豊岡市新堂,6760,豊岡市新堂,6232,12992,1.29,1.26,21.6,28.4,9,50
28301780060,一般国道１７８号,辻福田線,日高竹野線,28209,0,7.1,豊岡市新堂,6760,豊岡市新堂,6232,12992,1.29,1.13,48.9,50.5,9,50
28301780070,一般国道１７８号,日高竹野線,村岡竹野線,28209,0,2.3,美方郡香美町香住区下岡,4034,美方郡香美町香住区下岡,3834,7868,1.27,0.83,49.9,51.4,11.9,50
28301780080,一般国道１７８号,村岡竹野線,豊岡市・香美町境,28209,0,1.6,美方郡香美町香住区下岡,4034,美方郡香美町香住区下岡,3834,7868,1.27,0.78,52.8,50.8,9.3,50
28301780090,一般国道１７８号,豊岡市・香美町境,三川下岡線,28585,0,3.8,美方郡香美町香住区下岡,4034,美方郡香美町香住区下岡,3834,7868,1.27,0.83,55.7,51.7,12,50
28301780100,一般国道１７８号,三川下岡線,一般国道１７８号,28585,1,7.1,美方郡香美町香住区上岡,3441,美方郡香美町香住区上岡,3244,6685,1.27,0.7,66.1,68.7,10.5,60
28301780260,一般国道１７８号,一般国道１７８号,香住村岡線,28585,1,6.1,美方郡香美町香住区余部,2335,美方郡香美町香住区余部,2437,4772,1.25,0.46,77,79.1,11.5,60
28301780280,一般国道１７８号,香住村岡線,香美町・新温泉町境,28585,1,3.8,美方郡新温泉町対田,1965,美方郡新温泉町対田,2103,4068,1.24,0.38,79.8,75.4,11.5,60
28301780290,一般国道１７８号,香美町・新温泉町境,山田新温泉線,28586,1,2.8,美方郡新温泉町対田,1965,美方郡新温泉町対田,2103,4068,1.24,0.38,78.9,77.7,11.5,60
28301780300,一般国道１７８号,山田新温泉線,浜坂井土線,28586,1,2.7,美方郡新温泉町栃谷,1515,美方郡新温泉町栃谷,1707,3222,1.25,0.26,72.3,60.8,11.5,60
28400470013,一般国道１７８号,浜坂井土線,竹田指杭線,28586,0,0.5,美方郡新温泉町七釜,5441,美方郡新温泉町七釜,5282,10723,1.28,0.79,24.2,28,10,50
28400470010,一般国道１７８号,竹田指杭線,浜坂停車場線,28586,0,0.6,美方郡新温泉町七釜,5441,美方郡新温泉町七釜,5282,10723,1.28,0.71,26.4,34,10,50
28301780220,一般国道１７８号,浜坂停車場線,諸寄停車場線,28586,0,3.2,美方郡新温泉町諸寄,3510,美方郡新温泉町諸寄,3615,7125,1.26,0.47,36,38.2,12,40
28301780230,一般国道１７８号,諸寄停車場線,居組港居組停車場線,28586,0,3.8,美方郡新温泉町諸寄,3510,美方郡新温泉町諸寄,3615,7125,1.26,0.64,52.3,53.5,12,50
28301780240,一般国道１７８号,居組港居組停車場線,一般国道１７８号,28586,1,1.8,美方郡新温泉町居組,2726,美方郡新温泉町居組,2723,5449,1.25,0.48,58.9,63.8,10,60
28301780110,一般国道１７８号,一般国道１７８号,香住村岡線,28585,0,0.3,美方郡香美町香住区香住,3790,美方郡香美町香住区香住,3657,7447,1.27,0.75,23.2,16.2,10.5,50
28301790010,一般国道１７９号,一般国道２号,一般国道２号,28464,0,0.2,揖保郡太子町太田,7885,揖保郡太子町太田,8153,16038,1.29,1.06,32.8,34.3,10.7,50
28301790020,一般国道１７９号,一般国道２号,石倉太子線,28464,0,1.8,揖保郡太子町太田,7885,揖保郡太子町太田,8153,16038,1.29,1.01,24.9,25.4,15.7,50
28301790030,一般国道１７９号,石倉太子線,上太田鵤線,28464,0,1.5,揖保郡太子町太田,7885,揖保郡太子町太田,8153,16038,1.29,1.01,22.6,19.1,13,50
28301790040,一般国道１７９号,上太田鵤線,太子御津線,28464,0,0.6,揖保郡太子町太田,7885,揖保郡太子町太田,8153,16038,1.29,1,19.4,21.5,12,50
28301790050,一般国道１７９号,太子御津線,門前鵤線,28464,0,0.1,揖保郡太子町太田,7885,揖保郡太子町太田,8153,16038,1.29,1.14,15.2,12,13.2,50
28301790060,一般国道１７９号,門前鵤線,太子町・たつの市境,28464,0,1.3,たつの市誉田町福田,7794,たつの市誉田町福田,7051,14845,1.31,1.2,17.8,25.8,7,40
28301790070,一般国道１７９号,太子町・たつの市境,一般国道２号,28229,0,0.5,たつの市誉田町福田,7794,たつの市誉田町福田,7051,14845,1.31,1.1,28,18.9,10.3,40
28301790080,一般国道１７９号,一般国道２号,西脇誉田線,28229,0,0.2,たつの市誉田町広山,7660,たつの市誉田町広山,7505,15165,1.31,1.05,10.1,25.1,17,40
28301790090,一般国道１７９号,西脇誉田線,上伊勢誉田線,28229,0,0.3,たつの市誉田町広山,7660,たつの市誉田町広山,7505,15165,1.31,1,10.8,23.9,16,40
28301790100,一般国道１７９号,上伊勢誉田線,東觜崎網干停車場線,28229,0,1.5,たつの市誉田町広山,7660,たつの市誉田町広山,7505,15165,1.31,1.12,25.1,24.7,8.5,40
28301790110,一般国道１７９号,東觜崎網干停車場線,網干たつの線,28229,0,0.3,たつの市誉田町広山,7660,たつの市誉田町広山,7505,15165,1.31,1.21,18.7,11.6,6.5,40
28301790120,一般国道１７９号,網干たつの線,本竜野停車場線,28229,0,0.3,たつの市誉田町広山,7660,たつの市誉田町広山,7505,15165,1.31,1.07,13.9,14.6,7.5,40
28301790130,一般国道１７９号,本竜野停車場線,姫路上郡線,28229,0,0.4,たつの市誉田町広山,7660,たつの市誉田町広山,7505,15165,1.31,1.33,17.5,5.8,8.5,40
28301790140,一般国道１７９号,姫路上郡線,姫路上郡線,28229,0,1.2,たつの市龍野町北龍野,7736,たつの市龍野町北龍野,7560,15296,1.31,1.46,15.3,31.8,7.8,40
28301790150,一般国道１７９号,姫路上郡線,姫路新宮線,28229,0,2.3,たつの市新宮町船渡,6934,たつの市新宮町船渡,6724,13658,1.3,1.11,39,33.3,10.5,40
28301790160,一般国道１７９号,姫路新宮線,新宮林田線,28229,0,1.9,たつの市新宮町船渡,6934,たつの市新宮町船渡,6724,13658,1.3,1.18,25.4,30.3,9.5,40
28301790170,一般国道１７９号,新宮林田線,宍粟新宮線,28229,0,0.8,たつの市新宮町船渡,6934,たつの市新宮町船渡,6724,13658,1.3,1.09,28.3,21.2,10.5,40
28301790180,一般国道１７９号,宍粟新宮線,播磨新宮停車場線,28229,0,0.5,たつの市新宮町平野,5897,たつの市新宮町平野,5764,11661,1.23,1.13,11.2,19.3,7,50
28301790190,一般国道１７９号,播磨新宮停車場線,姫路新宮線,28229,0,0.5,たつの市新宮町平野,5897,たつの市新宮町平野,5764,11661,1.23,1.13,17,15.1,7.5,50
28301790200,一般国道１７９号,姫路新宮線,上笹千本停車場線,28229,0,3.5,たつの市新宮町平野,5897,たつの市新宮町平野,5764,11661,1.23,0.86,31.7,39.7,11,50
28301790210,一般国道１７９号,上笹千本停車場線,上笹千本停車場線,28229,0,1.7,たつの市新宮町栗町,5604,たつの市新宮町栗町,5632,11236,1.28,1.02,49.6,50.5,11.6,50
28301790220,一般国道１７９号,上笹千本停車場線,相生宍粟線,28229,0,2.4,たつの市新宮町栗町,5604,たつの市新宮町栗町,5632,11236,1.28,1.18,50.6,46,6.5,50
28301790230,一般国道１７９号,相生宍粟線,相生宍粟線,28229,0,2.6,佐用郡佐用町乃井野,3467,佐用郡佐用町乃井野,3412,6879,1.22,0.52,49.9,51.8,7.5,50
28301790240,一般国道１７９号,相生宍粟線,千種新宮線,28229,0,1.4,佐用郡佐用町乃井野,3467,佐用郡佐用町乃井野,3412,6879,1.22,0.61,53.7,53.4,13,50
28301790250,一般国道１７９号,千種新宮線,たつの市・佐用町境,28229,0,0.7,佐用郡佐用町乃井野,3467,佐用郡佐用町乃井野,3412,6879,1.22,0.73,55.3,56.1,6.5,50
28301790260,一般国道１７９号,たつの市・佐用町境,塩田三日月線,28501,0,1.7,佐用郡佐用町乃井野,3467,佐用郡佐用町乃井野,3412,6879,1.22,0.61,50.2,50.2,9,50
28301790270,一般国道１７９号,塩田三日月線,三日月停車場線,28501,0,0.5,佐用郡佐用町乃井野,3467,佐用郡佐用町乃井野,3412,6879,1.22,0.56,35,35.6,14.2,50
28301790280,一般国道１７９号,三日月停車場線,千種新宮線,28501,0,0.4,佐用郡佐用町乃井野,3467,佐用郡佐用町乃井野,3412,6879,1.22,0.63,37.3,41.1,14.3,50
28301790290,一般国道１７９号,千種新宮線,上郡末広線,28501,0,1.1,佐用郡佐用町乃井野,3467,佐用郡佐用町乃井野,3412,6879,1.22,0.61,47.4,39.9,13,50
28301790295,一般国道１７９号,上郡末広線,一般国道１７９号,28501,0,3,,3348,,3120,6468,1.28,0.54,49.2,49.2,10,50
28301790400,一般国道１７９号（徳久バイパス）,一般国道１７９号,佐用町道,28501,0,0.2,佐用郡佐用町佐用,5649,佐用郡佐用町佐用,5751,11400,1.28,0.79,33.2,22.5,10,50
28301790410,一般国道１７９号（徳久バイパス）,佐用町道,吉永下徳久線,28501,0,1,佐用郡佐用町佐用,5649,佐用郡佐用町佐用,5751,11400,1.28,0.79,49.7,52.7,10,50
28301790320,一般国道１７９号,吉永下徳久線,一般国道３７３号,28501,0,2.4,佐用郡佐用町佐用,5649,佐用郡佐用町佐用,5751,11400,1.28,0.77,51.4,44.9,10.4,50
28301790330,一般国道１７９号,一般国道３７３号,下庄佐用線,28501,0,0.2,佐用郡佐用町真盛,2901,佐用郡佐用町真盛,2765,5666,1.26,0.53,18.6,23,12.3,50
28301790340,一般国道１７９号,下庄佐用線,佐用停車場線,28501,0,0.2,佐用郡佐用町真盛,2901,佐用郡佐用町真盛,2765,5666,1.26,0.56,21.3,20.7,11.6,50
28301790350,一般国道１７９号,佐用停車場線,上福原佐用線,28501,0,0.5,佐用郡佐用町真盛,2901,佐用郡佐用町真盛,2765,5666,1.26,0.52,25.8,24.9,11.7,50
28301790360,一般国道１７９号,上福原佐用線,一般国道３７３号,28501,0,4.9,佐用郡佐用町真盛,2901,佐用郡佐用町真盛,2765,5666,1.26,0.48,43.7,41.7,9.5,50
28301790370,一般国道１７９号,一般国道３７３号,宮原力石線,28501,0,0.9,佐用郡佐用町西大畠,998,佐用郡佐用町西大畠,932,1930,1.21,0.28,26,34.6,10.5,50
28301790380,一般国道１７９号,宮原力石線,一般国道１７９号,28501,0,4.8,佐用郡佐用町西大畠,998,佐用郡佐用町西大畠,932,1930,1.21,0.53,47.6,47,9.5,50
28301790300,一般国道１７９号,一般国道１７９号,,28501,0,0.1,,3348,,3120,6468,1.28,0.54,2.9,2.9,10,50
28302500010,一般国道２５０号,一般国道２号,江井ケ島大久保停車場線,28203,0,3.3,明石市西明石西町１丁目,12464,明石市西明石西町１丁目,14140,26604,1.33,0.77,23.3,33,30,60
28302500020,一般国道２５０号,江井ケ島大久保停車場線,江井ケ島大久保停車場線,28203,0,0.5,明石市西明石西町１丁目,12464,明石市西明石西町１丁目,14140,26604,1.33,0.65,37.3,28.1,30.1,60
28302500030,一般国道２５０号,江井ケ島大久保停車場線,岩岡魚住線,28203,0,2.1,明石市魚住町住吉４丁目,17732,明石市魚住町住吉４丁目,17388,35120,1.3,0.97,34.4,23.4,30,60
28302500040,一般国道２５０号,岩岡魚住線,二見港土山線,28203,0,2.9,明石市魚住町住吉４丁目,17732,明石市魚住町住吉４丁目,17388,35120,1.3,0.87,19.2,18.4,30,60
28302500050,一般国道２５０号,二見港土山線,明石市・播磨町境,28203,0,0.5,明石市魚住町住吉４丁目,17732,明石市魚住町住吉４丁目,17388,35120,1.3,2.02,49,35.5,44.5,60
28302500060,一般国道２５０号,明石市・播磨町境,本荘平岡線,28382,0,0.8,明石市魚住町住吉４丁目,17732,明石市魚住町住吉４丁目,17388,35120,1.3,1.23,39,14.2,30,60
28302500070,一般国道２５０号,本荘平岡線,本荘平岡線,28382,0,1.4,加古川市別府町別府,20501,加古川市別府町別府,21787,42288,1.37,1.24,20.3,22.1,30,60
28302500080,一般国道２５０号,本荘平岡線,播磨町・加古川市境,28382,0,0.3,加古川市別府町別府,20501,加古川市別府町別府,21787,42288,1.37,1.2,19.5,23.1,30,60
28302500090,一般国道２５０号,播磨町・加古川市境,八幡別府線,28210,0,1,加古川市別府町別府,20501,加古川市別府町別府,21787,42288,1.37,1.13,31.8,24.1,30,60
28302500100,一般国道２５０号,八幡別府線,別府港加古川停車場線,28210,0,2,加古川市野口町坂井,22929,加古川市野口町坂井,23518,46447,1.3,1.73,29.8,29.4,40,60
28302500110,一般国道２５０号,別府港加古川停車場線,鶴林寺線,28210,0,1.1,加古川市野口町坂井,22929,加古川市野口町坂井,23518,46447,1.3,2.16,43,17.5,52,60
28302500120,一般国道２５０号,鶴林寺線,加古川高砂線,28210,0,0.7,加古川市野口町坂井,22929,加古川市野口町坂井,23518,46447,1.3,2.08,18.8,24.4,40,60
28302500130,一般国道２５０号,加古川高砂線,加古川市・高砂市境,28210,0,1.8,加古川市加古川町友沢,27139,加古川市加古川町友沢,27336,54475,1.29,2.19,20,28.1,40,60
28302500140,一般国道２５０号,加古川市・高砂市境,高砂北条線,28216,0,0.2,加古川市加古川町友沢,27139,加古川市加古川町友沢,27336,54475,1.29,0.68,42.3,15.5,49.5,60
28302500150,一般国道２５０号,高砂北条線,伊保宝殿停車場線,28216,0,0.6,加古川市加古川町友沢,27139,加古川市加古川町友沢,27336,54475,1.29,3.32,20.3,18.6,40,60
28302500160,一般国道２５０号,伊保宝殿停車場線,伊保阿弥陀線,28216,0,0.7,高砂市伊保町竜山,19365,高砂市伊保町竜山,17273,36638,1.36,0.88,33,20.8,43,60
28302500170,一般国道２５０号,伊保阿弥陀線,伊保宝殿停車場線,28216,0,0,高砂市伊保町竜山,19365,高砂市伊保町竜山,17273,36638,1.36,1.04,19.4,18.1,43,60
28302500180,一般国道２５０号,伊保宝殿停車場線,曽根魚橋線,28216,0,1.1,高砂市伊保町竜山,19365,高砂市伊保町竜山,17273,36638,1.36,0.89,21.6,30.7,30,60
28302500190,一般国道２５０号,曽根魚橋線,一般国道２号,28216,0,1.1,高砂市伊保町竜山,19365,高砂市伊保町竜山,17273,36638,1.36,0.94,28.9,13.9,30,60
28302500200,一般国道２５０号,一般国道２号,曽根阿弥陀線,28216,0,1.1,高砂市曽根町曽根,3952,高砂市曽根町曽根,4020,7972,1.27,0.56,19.5,15.2,10,40
28302500210,一般国道２５０号,曽根阿弥陀線,高砂市・姫路市境,28216,0,0.7,姫路市大塩町,6584,姫路市大塩町,5401,11985,1.23,1.47,26.8,38.5,7.5,40
28302500220,一般国道２５０号,高砂市・姫路市境,姫路市・高砂市境,28201,0,1.4,姫路市大塩町,6584,姫路市大塩町,5401,11985,1.23,1.4,26.6,27.6,7,40
28302500230,一般国道２５０号,姫路市・高砂市境,大塩別所線,28216,0,0.1,姫路市大塩町,6584,姫路市大塩町,5401,11985,1.23,1.3,22.3,12.5,7,40
28302500240,一般国道２５０号,大塩別所線,高砂市・姫路市境,28216,0,0.2,姫路市大塩町,6584,姫路市大塩町,5401,11985,1.23,1.7,21.1,17.3,6.5,40
28302500250,一般国道２５０号,高砂市・姫路市境,北原八家線,28201,0,2.4,姫路市大塩町,6584,姫路市大塩町,5401,11985,1.23,1.69,14.3,20.1,15.5,40
28302500260,一般国道２５０号,北原八家線,（元）一般国道２５０号,28201,0,0.8,姫路市大塩町,6584,姫路市大塩町,5401,11985,1.23,1.55,23.3,27.7,11.5,40
28302500600,一般国道２５０号,（元）一般国道２５０号,,28201,0,2.4,姫路市白浜町宇佐崎中3丁目,8074,姫路市白浜町宇佐崎中3丁目,8422,16496,1.32,0.68,25.5,28.3,18,50
28302500605,一般国道２５０号,,白浜姫路停車場線,28201,0,0.1,,,,,,,,26,17.3,18,50
28302500610,一般国道２５０号,白浜姫路停車場線,,28201,0,1,姫路市飾磨区妻鹿,10160,姫路市飾磨区妻鹿,11006,21166,1.32,0.79,25.1,25.9,25,50
28302500620,一般国道２５０号,,一般国道２５０号,28201,0,0.5,姫路市飾磨区中島,7996,姫路市飾磨区中島,10112,18108,1.31,0.71,20.7,27.2,25,50
28302500310,一般国道２５０号,一般国道２５０号,飾磨港線,28201,0,0.6,姫路市飾磨区御幸,17334,姫路市飾磨区御幸,15917,33251,1.36,0.86,26.6,17.3,25,50
28302500320,一般国道２５０号,飾磨港線,姫路港線,28201,0,0.6,姫路市飾磨区御幸,17334,姫路市飾磨区御幸,15917,33251,1.36,1.02,15.6,13,25,50
28302500330,一般国道２５０号,姫路港線,一般国道４３６号,28201,0,0.2,姫路市飾磨区御幸,17334,姫路市飾磨区御幸,15917,33251,1.36,1,16.6,24.6,25,50
28302500340,一般国道２５０号,一般国道４３６号,姫路環状線,28201,0,0.5,姫路市飾磨区御幸,17334,姫路市飾磨区御幸,15917,33251,1.36,1.32,20.5,21.2,25,50
28302500350,一般国道２５０号,姫路環状線,田寺今在家線,28201,0,0.9,姫路市飾磨区構,8214,姫路市飾磨区構,7218,15432,1.3,0.98,18.3,13.2,17,50
28302500360,一般国道２５０号,田寺今在家線,英賀保停車場線,28201,0,1.3,姫路市広畑区長町,9896,姫路市広畑区長町,10248,20144,1.36,1.45,12.3,10.8,18,50
28302500370,一般国道２５０号,英賀保停車場線,才広畑線,28201,0,1.4,姫路市広畑区長町,9896,姫路市広畑区長町,10248,20144,1.36,1.29,10.1,14.4,18,50
28302500380,一般国道２５０号,才広畑線,大江島太子線,28201,0,2.8,姫路市広畑区長町,9896,姫路市広畑区長町,10248,20144,1.36,1.44,11,19.5,18,50
28302500390,一般国道２５０号,大江島太子線,網干港線,28201,0,0.7,姫路市広畑区長町,9896,姫路市広畑区長町,10248,20144,1.36,0.58,25,27.1,18,50
28302500400,一般国道２５０号,網干港線,太子御津線,28201,0,0.2,姫路市網干区浜田,6246,姫路市網干区浜田,6431,12677,1.23,0.39,16.1,21.5,20,50
28302500410,一般国道２５０号,太子御津線,姫路木材港線,28201,0,0.8,姫路市網干区浜田,6246,姫路市網干区浜田,6431,12677,1.23,0.6,22.5,23.9,18,50
28302500420,一般国道２５０号,姫路木材港線,姫路市・たつの市境,28201,0,0.4,姫路市網干区浜田,6246,姫路市網干区浜田,6431,12677,1.23,1.03,15.8,34.3,15,50
28302500430,一般国道２５０号,姫路市・たつの市境,網干停車場新舞子線,28229,0,0.6,姫路市網干区浜田,6246,姫路市網干区浜田,6431,12677,1.23,1.24,28.4,26.8,11,50
28302500440,一般国道２５０号,網干停車場新舞子線,網干停車場新舞子線,28229,0,1,姫路市網干区浜田,6246,姫路市網干区浜田,6431,12677,1.23,1.22,27.1,27.3,11.7,50
28302500450,一般国道２５０号,網干停車場新舞子線,岩見揖保川線,28229,0,2.5,姫路市網干区浜田,6246,姫路市網干区浜田,6431,12677,1.23,0.97,40.6,41.6,9.3,50
28302500460,一般国道２５０号,岩見揖保川線,たつの市・相生市境,28229,0,8.7,相生市相生4丁目,1471,相生市相生4丁目,1431,2902,1.13,0.54,45.1,44.9,6.5,40
28302500470,一般国道２５０号,たつの市・相生市境,相生停車場線,28208,0,5.9,相生市相生4丁目,1471,相生市相生4丁目,1431,2902,1.13,0.4,39.3,35.8,7.5,40
28302500480,一般国道２５０号,相生停車場線,相生壷根公園線,28208,0,1.4,赤穂市高野,7917,赤穂市高野,7698,15615,1.29,1.26,17.2,20.5,17,50
28302500490,一般国道２５０号,相生壷根公園線,相生市・赤穂市境,28208,0,1.9,赤穂市高野,7917,赤穂市高野,7698,15615,1.29,1.15,35.8,43.8,10,50
28302500500,一般国道２５０号,相生市・赤穂市境,,28212,0,2.6,赤穂市高野,7917,赤穂市高野,7698,15615,1.29,1.15,45.7,42,10,50
28302500640,一般国道２５０号,,周世尾崎線,28212,0,0.1,,,,,,,,26.3,18.1,18.5,50
28302500650,一般国道２５０号,周世尾崎線,赤穂佐伯線,28212,0,0.3,,,,,,,,24.2,17.1,18.5,50
28400900005,一般国道２５０号,赤穂佐伯線,,28212,0,0.8,,2884,,2978,5862,1.26,0.2,30.6,34.7,18.5,50
28302500540,一般国道２５０号,,坂越御崎加里屋線,28212,0,3,赤穂市中広,5609,赤穂市中広,4764,10373,1.28,0.76,30.9,24.7,14.5,40
28302500550,一般国道２５０号,坂越御崎加里屋線,赤穂港線,28212,0,0.6,赤穂市塩屋,7645,赤穂市塩屋,7149,14794,1.31,1.18,15,17.5,15.3,40
28302500560,一般国道２５０号,赤穂港線,岡山赤穂線,28212,0,2.1,赤穂市塩屋,7645,赤穂市塩屋,7149,14794,1.31,1.09,21.1,23.9,14.5,40
28302500570,一般国道２５０号,岡山赤穂線,,28212,0,3,赤穂市新田,5066,赤穂市新田,4883,9949,1.28,1.19,32.4,36.9,12,40
28302500580,一般国道２５０号,,一般国道２５０号,28212,0,3.3,赤穂市福浦,2647,赤穂市福浦,2466,5113,1.2,0.39,51,48.2,10,40
28302500290,一般国道２５０号,妻鹿花田線,中島姫路停車場線,28201,0,0.6,,5725,,6037,11762,1.29,1.17,22.8,14.1,9.5,40
28302500300,一般国道２５０号,中島姫路停車場線,一般国道２５０号,28201,0,0.4,,5725,,6037,11762,1.29,1.07,16.2,11.1,9.5,40
28303120010,一般国道３１２号,一般国道１７８号,奥野但馬三江停車場線,28209,0,0.1,豊岡市梶原,2931,豊岡市梶原,3418,6349,1.26,0.62,11,28.5,9,40
28303120020,一般国道３１２号,奥野但馬三江停車場線,奥野但馬三江停車場線,28209,0,0.2,豊岡市梶原,2931,豊岡市梶原,3418,6349,1.26,0.55,23.1,22.9,8,40
28303120030,一般国道３１２号,奥野但馬三江停車場線,口小野庄境線,28209,0,0.1,豊岡市梶原,2931,豊岡市梶原,3418,6349,1.26,0.59,17.8,18.4,9.5,40
28303120040,一般国道３１２号,口小野庄境線,豊岡瀬戸線,28209,0,2,豊岡市梶原,2931,豊岡市梶原,3418,6349,1.26,0.52,30.4,29.2,9.5,40
28303120050,一般国道３１２号,豊岡瀬戸線,一般国道４２６号,28209,0,1.9,豊岡市元町,7314,豊岡市元町,6314,13628,1.31,1.02,21.6,26.7,9.5,40
28303120060,一般国道３１２号,一般国道４２６号,但馬空港線,28209,0,2.4,豊岡市上佐野,6505,豊岡市上佐野,6024,12529,1.23,1.05,32.7,37.1,7.5,40
28303120070,一般国道３１２号,但馬空港線,藤井上石線,28209,0,2,豊岡市上佐野,6505,豊岡市上佐野,6024,12529,1.23,1.06,38.8,39.5,8.5,40
28303120080,一般国道３１２号,藤井上石線,府市場伏線,28209,0,1.4,豊岡市上佐野,6505,豊岡市上佐野,6024,12529,1.23,1.32,30.6,29.1,6.5,40
28303120090,一般国道３１２号,府市場伏線,（元）一般国道３１２号,28209,0,0.8,豊岡市上佐野,6505,豊岡市上佐野,6024,12529,1.23,1.13,49,47.9,6.5,40
28303120095,一般国道３１２号,（元）一般国道３１２号,日高竹野線,28209,0,0.5,豊岡市日高町祢布,5666,豊岡市日高町祢布,4250,9916,1.31,0.88,16,15.9,15,40
28303120100,一般国道３１２号,日高竹野線,（元）日高竹野線,28209,0,1,豊岡市日高町祢布,5666,豊岡市日高町祢布,4250,9916,1.31,1.06,30.7,36.7,15,40
28303120110,一般国道３１２号,（元）日高竹野線,一般国道４８２号,28209,0,1.2,豊岡市日高町祢布,5666,豊岡市日高町祢布,4250,9916,1.31,0.79,49.5,40.8,15,40
28303120120,一般国道３１２号,一般国道４８２号,一般国道４８２号,28209,0,0.3,養父市八鹿町八鹿,4068,養父市八鹿町八鹿,3378,7446,1.29,0.7,21,24.2,15,40
28303120130,一般国道３１２号,一般国道４８２号,豊岡市・養父市境,28209,0,2.2,養父市八鹿町八鹿,4068,養父市八鹿町八鹿,3378,7446,1.29,0.58,37.7,41.6,15.5,40
28303120140,一般国道３１２号,豊岡市・養父市境,宮津養父線,28222,0,3.4,養父市八鹿町八鹿,4068,養父市八鹿町八鹿,3378,7446,1.29,0.64,47.2,45.4,11,50
28303120150,一般国道３１２号,宮津養父線,宮津養父線,28222,0,0.6,養父市八鹿町八鹿,4068,養父市八鹿町八鹿,3378,7446,1.29,0.59,29.6,24.5,13,50
28303120160,一般国道３１２号,宮津養父線,,28222,0,0.8,養父市八鹿町八鹿,4068,養父市八鹿町八鹿,3378,7446,1.29,0.61,18.2,34.8,11,50
28303120170,一般国道３１２号,,養父宍粟線,28222,0,1.5,養父市八鹿町八鹿,4068,養父市八鹿町八鹿,3378,7446,1.29,0.59,45.3,44,7.5,50
28303120180,一般国道３１２号,養父宍粟線,宮津養父線,28222,0,1.8,養父市薮崎,3231,養父市薮崎,3122,6353,1.15,0.5,37.7,41.1,10,50
28303120190,一般国道３１２号,宮津養父線,養父宍粟線,28222,0,1.1,養父市上野,1872,養父市上野,1863,3735,1.25,0.39,31.9,35.5,14,50
28303120200,一般国道３１２号,養父宍粟線,一般国道９号,28222,0,0.5,養父市上野,1872,養父市上野,1863,3735,1.25,0.42,32.3,29.1,8,50
28303120220,一般国道３１２号,一般国道９号,一般国道３１２号,28225,0,2.4,朝来市和田山町立ノ原,7795,朝来市和田山町立ノ原,6508,14303,1.3,1.08,27.3,26.9,13.5,60
28303120230,一般国道３１２号,一般国道３１２号,浅野山東線,28225,0,0.6,朝来市和田山町竹田,6030,朝来市和田山町竹田,5873,11903,1.29,0.95,13.3,24.3,12.5,60
28303120240,一般国道３１２号,浅野山東線,浅野山東線,28225,0,0.5,朝来市和田山町竹田,6030,朝来市和田山町竹田,5873,11903,1.29,0.96,28.4,29.5,12.5,60
28303120250,一般国道３１２号,浅野山東線,溝黒竹田線,28225,0,1.4,朝来市和田山町竹田,6030,朝来市和田山町竹田,5873,11903,1.29,0.98,37.3,41.5,14,60
28303120260,一般国道３１２号,溝黒竹田線,十二所澤線,28225,0,2.2,朝来市和田山町竹田,6030,朝来市和田山町竹田,5873,11903,1.29,0.95,41.4,39.6,15,60
28303120270,一般国道３１２号,十二所澤線,与布土桑市線,28225,0,2,朝来市多々良木,4322,朝来市多々良木,4399,8721,1.28,0.65,46.2,39.4,12,60
28303120280,一般国道３１２号,与布土桑市線,与布土桑市線,28225,0,0.9,朝来市多々良木,4322,朝来市多々良木,4399,8721,1.28,0.65,43.9,44.4,12,60
28303120290,一般国道３１２号,与布土桑市線,一般国道４２９号,28225,0,3.6,朝来市多々良木,4322,朝来市多々良木,4399,8721,1.28,0.64,45.3,43.9,12,60
28303120300,一般国道３１２号,一般国道４２９号,一般国道３１２号,28225,0,4.6,朝来市羽渕,3513,朝来市羽渕,3603,7116,1.27,0.61,42.1,46.3,13,50
28303120310,一般国道３１２号,一般国道３１２号,一般国道３１２号,28225,0,1.1,朝来市羽渕,3513,朝来市羽渕,3603,7116,1.27,0.89,55.8,55.3,13,40
28303120320,一般国道３１２号,一般国道３１２号,一般国道４２９号,28225,0,1.3,朝来市羽渕,3513,朝来市羽渕,3603,7116,1.27,0.77,50,54.6,12.5,40
28303120330,一般国道３１２号,一般国道４２９号,一宮生野線,28225,0,0.9,神崎郡神河町猪篠,2776,神崎郡神河町猪篠,3072,5848,1.26,0.56,35,35.6,10,40
28303120340,一般国道３１２号,一宮生野線,朝来市・神河町境,28225,0,2.5,神崎郡神河町猪篠,2776,神崎郡神河町猪篠,3072,5848,1.26,0.72,55.2,53.5,10,40
28303120350,一般国道３１２号,朝来市・神河町境,一般国道３１２号,28446,0,2.8,神崎郡神河町猪篠,2776,神崎郡神河町猪篠,3072,5848,1.26,0.71,57.6,58.3,15.3,40
28303120360,一般国道３１２号,,加美宍粟線,28446,0,2.9,神崎郡神河町福本,4805,神崎郡神河町福本,4794,9599,1.2,0.91,39.5,42,13,40
28303120370,一般国道３１２号,加美宍粟線,加美宍粟線,28446,0,1.1,神崎郡神河町福本,4805,神崎郡神河町福本,4794,9599,1.2,1.02,30.9,31.8,10.7,40
28303120380,一般国道３１２号,加美宍粟線,神河町・市川町境,28446,0,1.8,神崎郡神河町福本,4805,神崎郡神河町福本,4794,9599,1.2,0.84,28.1,39.7,14.4,40
28303120390,一般国道３１２号,神河町・市川町境,一般国道３１２号,28442,0,1.2,神崎郡神河町福本,4805,神崎郡神河町福本,4794,9599,1.2,0.82,43.4,34.6,13.8,40
28303120400,一般国道３１２号,一般国道３１２号,鶴居停車場線,28442,0,0.2,神崎郡市川町西川辺,6715,神崎郡市川町西川辺,7230,13945,1.3,1.08,30.2,33.4,12,40
28303120410,一般国道３１２号,鶴居停車場線,甘地停車場線,28442,0,4.9,神崎郡市川町西川辺,6715,神崎郡市川町西川辺,7230,13945,1.3,1.04,43.9,38.7,11,40
28303120420,一般国道３１２号,甘地停車場線,西脇八千代市川線,28442,0,2.2,神崎郡市川町西川辺,6715,神崎郡市川町西川辺,7230,13945,1.3,0.98,30.4,33.9,14.2,40
28303120430,一般国道３１２号,西脇八千代市川線,市川町・福崎町境,28442,0,0.7,神崎郡市川町西川辺,6715,神崎郡市川町西川辺,7230,13945,1.3,1.1,31.5,36.3,9,40
28303120440,一般国道３１２号,市川町・福崎町境,,28443,0,1,神崎郡市川町西川辺,6715,神崎郡市川町西川辺,7230,13945,1.3,1.02,20.5,23.3,15.2,40
28303120450,一般国道３１２号,,甘地福崎線,28443,0,0.7,神崎郡福崎町西田原,2970,神崎郡福崎町西田原,3165,6135,1.26,0.48,19.6,20.9,9.5,40
28303120460,一般国道３１２号,甘地福崎線,三木宍粟線,28443,0,0.3,姫路市香寺町溝口,7633,姫路市香寺町溝口,7189,14822,1.3,1.29,21.5,17.8,8,40
28303120470,一般国道３１２号,三木宍粟線,福崎町・姫路市境,28443,0,1.9,姫路市香寺町溝口,7633,姫路市香寺町溝口,7189,14822,1.3,1.12,29.8,30.9,11.2,40
28303120480,一般国道３１２号,福崎町・姫路市境,中寺北条線,28201,0,1.2,姫路市香寺町溝口,7633,姫路市香寺町溝口,7189,14822,1.3,1.07,32.6,23.8,9,40
28303120490,一般国道３１２号,中寺北条線,中寺北条線,28201,0,0.3,姫路市香寺町溝口,7633,姫路市香寺町溝口,7189,14822,1.3,1.23,15.3,24.2,8,40
28303120500,一般国道３１２号,中寺北条線,小野香寺線,28201,0,1.2,姫路市香寺町溝口,7633,姫路市香寺町溝口,7189,14822,1.3,1.12,35.6,31.8,9,40
28303120510,一般国道３１２号,小野香寺線,宍粟香寺線,28201,0,0.4,姫路市香寺町犬飼,10070,姫路市香寺町犬飼,10017,20087,1.33,1.26,27,20.5,14,40
28303120520,一般国道３１２号,宍粟香寺線,大柳仁豊野線,28201,0,2.6,姫路市香寺町犬飼,10070,姫路市香寺町犬飼,10017,20087,1.33,1.33,27.4,19.1,9,40
28303120530,一般国道３１２号,大柳仁豊野線,仁豊野停車場線,28201,0,0.4,姫路市香寺町犬飼,10070,姫路市香寺町犬飼,10017,20087,1.33,1.5,23.5,12.4,8.5,40
28303120540,一般国道３１２号,仁豊野停車場線,一般国道３１２号,28201,0,1.4,姫路市香寺町犬飼,10070,姫路市香寺町犬飼,10017,20087,1.33,1.41,18.2,16.1,8.5,40
28303120550,一般国道３１２号,一般国道３１２号,砥堀本町線,28201,0,0.2,姫路市保城,16991,姫路市保城,17855,34846,1.36,0.6,11.1,21.2,20,50
28303120560,一般国道３１２号,砥堀本町線,西田原姫路線,28201,0,0.3,姫路市保城,16991,姫路市保城,17855,34846,1.36,1.11,12.6,24.5,17,50
28303120570,一般国道３１２号,西田原姫路線,西田原姫路線,28201,0,2.6,姫路市保城,16991,姫路市保城,17855,34846,1.36,1.18,30.4,28.5,17,50
28303120580,一般国道３１２号,西田原姫路線,姫路環状線,28201,0,0.2,姫路市保城,16991,姫路市保城,17855,34846,1.36,1.03,29.4,19.6,18,50
28303120590,一般国道３１２号,姫路環状線,西田原姫路線,28201,0,0.3,姫路市保城,16991,姫路市保城,17855,34846,1.36,1,26.8,12.2,18,50
28303120600,一般国道３１２号,西田原姫路線,西田原姫路線,28201,0,0.5,姫路市保城,16991,姫路市保城,17855,34846,1.36,1.28,16,20,18,50
28303120610,一般国道３１２号,西田原姫路線,一般国道３７２号,28201,0,0.9,姫路市保城,16991,姫路市保城,17855,34846,1.36,0.98,25.3,22,18,50
28303120620,一般国道３１２号,一般国道３７２号,一般国道２号,28201,0,1.1,姫路市城東町,10417,姫路市城東町,12600,23017,1.33,1.07,12.7,18.6,17,40
28303120355,一般国道３１２号,一般国道３１２号,,28446,0,3.2,,5509,,5070,10579,1.27,0.87,46.1,45.3,13,40
28303120640,一般国道３１２号,一般国道２号,一般国道２号,28201,0,2.8,姫路市四郷町見野,5684,姫路市四郷町見野,5990,11674,1.3,0.77,18.1,16.7,16,50
28303120660,一般国道３１２号,一般国道３１２号,一般国道４２９号,28225,1,11.6,朝来市和田山町久世田,1976,朝来市和田山町久世田,1949,3925,1.25,0.4,57.9,75.4,11,70
28303120670,一般国道３１２号,一般国道４２９号,一般国道３１２号,28225,1,5.2,朝来市岩津,1629,朝来市岩津,1532,3161,1.25,0.38,78.9,69.7,11,70
28303120680,一般国道３１２号,一般国道３１２号,一般国道３１２号,28225,1,0.4,朝来市岩津,1629,朝来市岩津,1532,3161,1.25,0.38,82.7,76.7,10.5,60
28303120690,一般国道３１２号,一般国道３１２号,一宮生野線,28225,1,2.6,神崎郡神河町猪篠,2465,神崎郡神河町猪篠,2258,4723,1.25,0.54,79.8,73.8,10,60
28303120700,一般国道３１２号,一宮生野線,朝来市・神河町境,28225,1,2.4,神崎郡神河町猪篠,2465,神崎郡神河町猪篠,2258,4723,1.25,0.54,76.5,76.6,10,60
28303120710,一般国道３１２号,朝来市・神河町境,一般国道３１２号,28446,1,3,神崎郡神河町猪篠,2465,神崎郡神河町猪篠,2258,4723,1.25,0.54,79,78,10,60
28303120720,一般国道３１２号,一般国道３１２号,加美宍粟線,28446,1,6.7,神崎郡神河町吉富,2658,神崎郡神河町吉富,2616,5274,1.26,0.62,75.1,72.8,9,60
28303120730,一般国道３１２号,加美宍粟線,神河町・市川町境,28446,1,2.2,神崎郡神河町吉富,2658,神崎郡神河町吉富,2616,5274,1.26,0.42,75,74.7,9,60
28303120740,一般国道３１２号,神河町・市川町境,一般国道３１２号,28442,1,1.4,神崎郡神河町吉富,2658,神崎郡神河町吉富,2616,5274,1.26,0.62,73.2,73.1,9,60
28303120750,一般国道３１２号,一般国道３１２号,市川町・福崎町境,28442,1,7.7,神崎郡福崎町西田原,5818,神崎郡福崎町西田原,5734,11552,1.28,1.12,70.6,73.3,10,60
28303120760,一般国道３１２号,市川町・福崎町境,三木宍粟線,28443,1,1.1,神崎郡福崎町西田原,5818,神崎郡福崎町西田原,5734,11552,1.28,1.12,73.6,71.8,10,60
28303120770,一般国道３１２号,三木宍粟線,中国自動車道,28443,1,1.6,神崎郡福崎町西田原,5818,神崎郡福崎町西田原,5734,11552,1.28,0.82,77.3,76.3,10,60
28303120780,一般国道３１２号,中国自動車道,福崎町・姫路市境,28443,1,1.1,姫路市船津町八幡,9866,姫路市船津町八幡,10092,19958,1.32,0.39,80.1,67.2,20.5,80
28303120790,一般国道３１２号,福崎町・姫路市境,小野香寺線,28201,1,2.5,姫路市船津町八幡,9866,姫路市船津町八幡,10092,19958,1.32,0.39,78.9,76.3,20.5,80
28303120800,一般国道３１２号,小野香寺線,一般国道３１２号,28201,1,4.1,姫路市豊富町御蔭塚室,11730,姫路市豊富町御蔭塚室,11086,22816,1.32,0.44,84.8,85.7,20.5,80
28303120810,一般国道３１２号,一般国道３１２号,西田原姫路線,28201,1,0.8,姫路市飾東町豊国,10997,姫路市飾東町豊国,10006,21003,1.33,0.39,87,86.1,20.5,80
28303120820,一般国道３１２号,西田原姫路線,山陽自動車道,28201,1,1.9,姫路市飾東町豊国,10997,姫路市飾東町豊国,10006,21003,1.33,0.39,81.4,78.6,20.5,80
28303120830,一般国道３１２号,山陽自動車道,飾東御着停車場線,28201,1,2.4,姫路市飾東町豊国,10997,姫路市飾東町豊国,10006,21003,1.33,0.39,73.1,68.9,20.5,80
28303120840,一般国道３１２号,飾東御着停車場線,大塩別所線,28201,1,4,姫路市別所町佐土,13088,姫路市別所町佐土,16160,29248,1.34,0.44,80.8,69.3,20.5,80
28303120850,一般国道３１２号,大塩別所線,一般国道２号,28201,1,0.7,姫路市別所町佐土,13088,姫路市別所町佐土,16160,29248,1.34,0.44,49.9,57.9,20.5,80
28303120920,一般国道３１２号,一般国道３１２号,一般国道３１２号,28201,1,1.3,姫路市砥堀,2404,姫路市砥堀,2772,5176,1.26,0.12,53.6,36.2,19.7,40
28303720010,一般国道３７２号,一般国道３７２号,市野々西野々線,28221,0,1,丹波篠山市安口,2131,丹波篠山市安口,2111,4242,1.32,0.74,58.1,54.8,10,50
28303720020,一般国道３７２号,市野々西野々線,一般国道１７３号,28221,0,3.7,丹波篠山市安口,2131,丹波篠山市安口,2111,4242,1.32,0.42,45.6,38.7,13.5,50
28303720040,一般国道３７２号,一般国道１７３号,上宿栃梨線,28221,0,4.3,丹波篠山市日置,3827,丹波篠山市日置,3911,7738,1.27,0.65,45.4,47.9,10.5,50
28303720050,一般国道３７２号,上宿栃梨線,川西篠山線,28221,0,0.4,丹波篠山市日置,3827,丹波篠山市日置,3911,7738,1.27,0.73,36,33.1,13,50
28303720060,一般国道３７２号,川西篠山線,泉八上新線,28221,0,0.5,丹波篠山市日置,3827,丹波篠山市日置,3911,7738,1.27,0.71,38,33.8,13,50
28303720070,一般国道３７２号,泉八上新線,瀬利八上上線,28221,0,1.6,丹波篠山市日置,3827,丹波篠山市日置,3911,7738,1.27,0.66,44.8,44.1,13,50
28303720080,一般国道３７２号,瀬利八上上線,篠山山南線,28221,0,1.3,丹波篠山市日置,3827,丹波篠山市日置,3911,7738,1.27,0.86,28.6,25,8.5,50
28303720090,一般国道３７２号,篠山山南線,三田篠山線,28221,0,2.5,丹波篠山市栗栖野,3596,丹波篠山市栗栖野,3546,7142,1.27,0.71,44.8,52.3,13,50
28303720100,一般国道３７２号,三田篠山線,三田篠山線,28221,0,0.2,丹波篠山市栗栖野,3596,丹波篠山市栗栖野,3546,7142,1.27,0.68,41.1,40.3,13,50
28303720105,一般国道３７２号,三田篠山線,,28221,0,5.7,丹波篠山市栗栖野,3596,丹波篠山市栗栖野,3546,7142,1.27,0.7,47.8,48,13,50
28303720110,一般国道３７２号（丹南バイパス）,,一般国道１７６号,28221,0,1,丹波篠山市栗栖野,3596,丹波篠山市栗栖野,3546,7142,1.27,0.7,31.5,16.2,13,50
28303720130,一般国道３７２号,一般国道１７６号,古市停車場線,28221,0,0.2,丹波篠山市今田町辰巳,3214,丹波篠山市今田町辰巳,3096,6310,1.26,0.64,9,18.1,7,50
28303720140,一般国道３７２号,古市停車場線,下立杭柏原線,28221,0,2.4,丹波篠山市今田町辰巳,3214,丹波篠山市今田町辰巳,3096,6310,1.26,0.51,42.9,43.1,9.5,50
28303720150,一般国道３７２号,下立杭柏原線,黒石三田線,28221,0,3.5,丹波篠山市今田町辰巳,3214,丹波篠山市今田町辰巳,3096,6310,1.26,0.53,45.3,43.6,12,50
28303720160,一般国道３７２号,黒石三田線,丹波篠山市・加東市境,28221,0,1.9,加東市馬瀬,2036,加東市馬瀬,2097,4133,1.24,0.43,47.5,47.7,12,50
28303720170,一般国道３７２号,丹波篠山市・加東市境,上鴨川木津線,28228,0,3.4,加東市馬瀬,2036,加東市馬瀬,2097,4133,1.24,0.68,53.4,54.4,7,50
28303720180,一般国道３７２号,上鴨川木津線,西脇口吉川神戸線,28228,0,8.1,加東市馬瀬,2036,加東市馬瀬,2097,4133,1.24,0.42,54.1,50.9,7,50
28303720190,一般国道３７２号,西脇口吉川神戸線,西脇三田線,28228,0,1.4,加東市馬瀬,2036,加東市馬瀬,2097,4133,1.24,0.44,33.1,28.3,10.5,50
28303720200,一般国道３７２号,西脇三田線,,28228,0,1.5,加東市木梨,3579,加東市木梨,3921,7500,1.23,0.67,29.2,27.5,7,40
28303720530,一般国道３７２号,,厚利社線,28228,0,0.5,加東市山国,5738,加東市山国,5648,11386,1.28,1.06,20.5,19.3,13.8,40
28303720540,一般国道３７２号,厚利社線,神戸加東線,28228,0,0.7,加東市山国,5738,加東市山国,5648,11386,1.28,0.93,22.7,31.5,16,50
28303720550,一般国道３７２号,神戸加東線,東古瀬穂積線,28228,0,0.8,加東市山国,5738,加東市山国,5648,11386,1.28,0.92,35.5,30.4,15,50
28303720650,一般国道３７２号,東古瀬穂積線,,28228,0,0.7,,5561,,5383,10944,1.28,1.07,33.8,31,15.6,50
28303720660,一般国道３７２号,,,28228,0,0.9,,5931,,5701,11632,1.29,1.09,29.9,38.7,17.1,50
28303720625,一般国道３７２号,,社町停車場線,28228,0,0.6,,5931,,5701,11632,1.29,1.24,32.4,30.7,16.6,50
28303720630,一般国道３７２号,社町停車場線,（元）一般国道３７２号,28228,0,0.4,,5931,,5701,11632,1.29,1.24,31.1,25.3,11,50
28303720270,一般国道３７２号,（元）一般国道３７２号,市場多井田線,28228,0,0.3,加東市佐保,5521,加東市佐保,5185,10706,1.29,0.87,33.9,14.3,11,50
28303720280,一般国道３７２号,市場多井田線,高岡北条線,28228,0,1.6,加東市高岡,6942,加東市高岡,6957,13899,1.31,1.07,25.4,23.7,10.5,50
28303720290,一般国道３７２号,高岡北条線,加東市・小野市境,28228,0,0.6,加東市高岡,6942,加東市高岡,6957,13899,1.31,1.13,21.1,29.6,7.5,50
28303720300,一般国道３７２号,加東市・小野市境,小野市・加東市境,28218,0,0.2,加東市高岡,6942,加東市高岡,6957,13899,1.31,1.04,49,51.5,8,50
28303720310,一般国道３７２号,小野市・加東市境,加東市・加西市境,28228,0,0.4,加東市高岡,6942,加東市高岡,6957,13899,1.31,1.04,48.1,46.2,8,50
28303720320,一般国道３７２号,加東市・加西市境,高砂加古川加西線,28220,0,2.2,加東市高岡,6942,加東市高岡,6957,13899,1.31,1.06,36.1,30.1,7.5,50
28303720330,一般国道３７２号,高砂加古川加西線,三木宍粟線,28220,0,1,加東市高岡,6942,加東市高岡,6957,13899,1.31,1.22,22.4,24.9,8.8,50
28303720340,一般国道３７２号,三木宍粟線,三木宍粟線,28220,0,0.9,加西市田原町,3343,加西市田原町,3327,6670,1.26,0.7,27.1,21.4,7.5,50
28303720350,一般国道３７２号,三木宍粟線,小野香寺線,28220,0,2.3,加西市田原町,3343,加西市田原町,3327,6670,1.26,0.67,25.6,23.5,9.5,50
28303720360,一般国道３７２号,小野香寺線,玉野倉谷線,28220,0,0.1,加西市田原町,3343,加西市田原町,3327,6670,1.26,0.82,11.5,8.6,7,50
28303720370,一般国道３７２号,玉野倉谷線,高砂北条線,28220,0,1.3,加西市田原町,3343,加西市田原町,3327,6670,1.26,0.68,16,32.2,6.5,50
28303720380,一般国道３７２号,高砂北条線,高砂北条線,28220,0,0.2,姫路市飾東町山崎,7072,姫路市飾東町山崎,6955,14027,1.31,1.99,14.7,19.3,6.5,50
28303720390,一般国道３７２号,高砂北条線,法華山線,28220,0,0.6,姫路市飾東町山崎,7072,姫路市飾東町山崎,6955,14027,1.31,1.66,23.3,40.1,9.5,50
28303720400,一般国道３７２号,法華山線,加西市・姫路市境,28220,0,2.4,姫路市飾東町山崎,7072,姫路市飾東町山崎,6955,14027,1.31,1.49,51.3,51.7,10,50
28303720410,一般国道３７２号,加西市・姫路市境,山下飾東線,28201,0,1.4,姫路市飾東町山崎,7072,姫路市飾東町山崎,6955,14027,1.31,1.78,50.3,47,6.5,50
28303720420,一般国道３７２号,山下飾東線,飾東宝殿停車場線,28201,0,2.1,姫路市飾東町山崎,7072,姫路市飾東町山崎,6955,14027,1.31,1.43,36.6,44.4,14,50
28303720430,一般国道３７２号,飾東宝殿停車場線,豊富御国野線,28201,0,0.7,姫路市飾東町山崎,7072,姫路市飾東町山崎,6955,14027,1.31,1.72,36.9,39.5,14,50
28303720440,一般国道３７２号,豊富御国野線,一般国道３７２号,28201,0,1.9,姫路市飾東町山崎,7072,姫路市飾東町山崎,6955,14027,1.31,1.56,21.5,28.7,14,50
28303720450,一般国道３７２号,一般国道３７２号,神戸加古川姫路線,28201,0,1.4,姫路市花田町小川,9472,姫路市花田町小川,8272,17744,1.25,1.16,35.6,34.5,16,50
28303720460,一般国道３７２号,神戸加古川姫路線,飾東御着停車場線,28201,0,0.8,姫路市花田町小川,9472,姫路市花田町小川,8272,17744,1.25,1.1,21.6,24.1,16,50
28303720470,一般国道３７２号,（元）飾東御着停車場線,花田野里線,28201,0,1.2,姫路市花田町小川,9472,姫路市花田町小川,8272,17744,1.25,1.29,20.6,16.6,16,50
28303720480,一般国道３７２号,花田野里線,花田野里線,28201,0,0.2,姫路市花田町小川,9472,姫路市花田町小川,8272,17744,1.25,1.41,18.9,13.9,16,50
28303720490,一般国道３７２号,花田野里線,一般国道３７２号,28201,0,0.4,姫路市花田町小川,9472,姫路市花田町小川,8272,17744,1.25,1.41,24.5,12.8,16,50
28303720500,一般国道３７２号,一般国道３７２号,一般国道３１２号,28201,0,0.3,姫路市五軒邸2丁目,6604,姫路市五軒邸2丁目,7066,13670,1.3,0.48,18,10.5,20,50
28303720510,一般国道３７２号,一般国道３１２号,一般国道２号,28201,0,1.7,姫路市五軒邸2丁目,6604,姫路市五軒邸2丁目,7066,13670,1.3,1.19,15.6,17,18,40
28303720590,一般国道３７２号,（元）一般国道３７２号,一般国道３７２号,28201,0,0.5,,5432,,6498,11930,1.29,1.39,10.1,4.9,9,40
28303720610,一般国道３７２号,一般国道３７２号,山陽自動車道,28201,0,1.7,,1911,,1798,3709,1.25,0.38,26.5,34.9,7.5,40
28303730010,一般国道３７３号,一般国道２号,赤穂市・上郡町境,28212,0,1.4,赤穂市有年楢原,4304,赤穂市有年楢原,4210,8514,1.27,0.74,33.1,40.9,14.5,50
28303730020,一般国道３７３号,赤穂市・上郡町境,野桑有年停車場線,28481,0,0.3,赤穂市有年楢原,4304,赤穂市有年楢原,4210,8514,1.27,0.74,56,55.8,10,50
28303730030,一般国道３７３号,野桑有年停車場線,姫路上郡線,28481,0,2.5,赤穂市有年楢原,4304,赤穂市有年楢原,4210,8514,1.27,0.86,53.6,48.5,9,50
28303730040,一般国道３７３号,姫路上郡線,上郡末広線,28481,0,1.4,赤穂郡上郡町上郡,4641,赤穂郡上郡町上郡,4146,8787,1.27,0.84,38.4,34.5,9,50
28303730050,一般国道３７３号,上郡末広線,上郡町・佐用町境,28481,0,8.1,赤穂郡上郡町赤松,2523,赤穂郡上郡町赤松,2596,5119,1.25,0.71,50.5,52.5,9.5,50
28303730060,一般国道３７３号,上郡町・佐用町境,吉永下徳久線,28501,0,3.7,赤穂郡上郡町赤松,2523,赤穂郡上郡町赤松,2596,5119,1.25,0.72,43.5,40.7,12,50
28303730070,一般国道３７３号,吉永下徳久線,吉永下徳久線,28501,0,1.6,赤穂郡上郡町赤松,2523,赤穂郡上郡町赤松,2596,5119,1.25,0.64,49.6,47.8,15,50
28303730080,一般国道３７３号,吉永下徳久線,一般国道１７９号,28501,0,1.7,赤穂郡上郡町赤松,2523,赤穂郡上郡町赤松,2596,5119,1.25,0.73,42.4,34.4,12,50
28303730100,一般国道３７３号,一般国道１７９号,横坂下徳久線,28501,0,1.8,佐用郡佐用町円應寺,4427,佐用郡佐用町円應寺,4430,8857,1.27,0.76,32.2,34.7,12,50
28303730110,一般国道３７３号,横坂下徳久線,中国自動車道,28501,0,0.4,佐用郡佐用町円應寺,4427,佐用郡佐用町円應寺,4430,8857,1.27,0.72,30.5,28.3,12.5,50
28303730120,一般国道３７３号,中国自動車道,中三河佐用線,28501,0,1.4,佐用郡佐用町平福,1896,佐用郡佐用町平福,1947,3843,1.25,0.48,35.8,40.3,12.5,50
28303730130,一般国道３７３号,中三河佐用線,才金宗行線,28501,0,0.2,佐用郡佐用町平福,1896,佐用郡佐用町平福,1947,3843,1.25,0.48,53.6,53.8,10,50
28303730140,一般国道３７３号,才金宗行線,上三河平福線,28501,0,1.3,佐用郡佐用町平福,1896,佐用郡佐用町平福,1947,3843,1.25,0.48,49.3,50.2,12.5,50
28303730150,一般国道３７３号,上三河平福線,市場佐用線,28501,0,0.8,佐用郡佐用町平福,1896,佐用郡佐用町平福,1947,3843,1.25,0.48,54.5,55.9,12.5,50
28303730160,一般国道３７３号,市場佐用線,中国横断自動車道姫路鳥取線,28501,0,0.6,,311,,327,638,1.18,0.08,49.5,50.2,12.5,50
28303730170,一般国道３７３号,中国横断自動車道姫路鳥取線,後山上石井線,28501,0,6.5,,311,,327,638,1.18,0.08,53.7,51.8,12.5,50
28303730180,一般国道３７３号,後山上石井線,一般国道３７３号,28501,0,0.8,,311,,327,638,1.18,0.09,49.1,49.2,6.5,50
28304260005,一般国道４２６号,一般国道１７８号,（元）一般国道４２６号,28209,0,0.8,豊岡市中陰,5984,豊岡市中陰,5891,11875,1.22,0.91,18.9,18.9,7.7,40
28304260300,一般国道４２６号,（元）一般国道４２６号,,28209,0,2.5,豊岡市中陰,5984,豊岡市中陰,5891,11875,1.22,1.21,23.8,24.5,10.7,40
28304260250,一般国道４２６号,,,28209,0,0.8,豊岡市戸牧,6807,豊岡市戸牧,7034,13841,1.3,0.34,13.8,23.7,25.5,40
28304260270,一般国道４２６号,,,28209,0,0.3,豊岡市戸牧,6807,豊岡市戸牧,7034,13841,1.3,0.34,13.5,18.6,25.5,40
28304260280,一般国道４２６号,,一般国道３１２号,28209,0,0.4,豊岡市戸牧,6807,豊岡市戸牧,7034,13841,1.3,0.34,15.6,15.9,25.5,40
28304260040,一般国道４２６号,一般国道３１２号,永留豊岡線,28209,0,0.3,豊岡市九日市下町,8538,豊岡市九日市下町,9146,17684,1.32,0.56,15.5,14.9,25.5,50
28304260050,一般国道４２６号,永留豊岡線,府市場伏線,28209,0,1.6,豊岡市出石町嶋,5332,豊岡市出石町嶋,4863,10195,1.29,0.76,13,37,7.7,50
28304260060,一般国道４２６号,府市場伏線,香住大谷線,28209,0,2.8,豊岡市出石町嶋,5332,豊岡市出石町嶋,4863,10195,1.29,0.75,40.1,43.8,8,50
28304260070,一般国道４２６号,香住大谷線,,28209,0,2.4,豊岡市出石町嶋,5332,豊岡市出石町嶋,4863,10195,1.29,0.72,37.8,41,8,50
28304260075,一般国道４２６号,,一般国道４８２号,28209,0,0.1,豊岡市出石町嶋,5332,豊岡市出石町嶋,4863,10195,1.29,0.72,32.1,28.8,8,50
28304260080,一般国道４２６号,一般国道４８２号,,28209,0,0.7,豊岡市出石町嶋,5332,豊岡市出石町嶋,4863,10195,1.29,0.72,33.6,25.2,8,50
28304260090,一般国道４２６号,,宮津養父線,28209,0,0.8,豊岡市出石町福住,3146,豊岡市出石町福住,2814,5960,1.26,0.58,34.5,33.7,8,50
28304260100,一般国道４２６号,宮津養父線,,28209,0,0.3,豊岡市出石町福住,3146,豊岡市出石町福住,2814,5960,1.26,0.58,31.8,32.7,8,50
28304260110,一般国道４２６号,,朝来出石線,28209,0,1.1,豊岡市出石町福住,3146,豊岡市出石町福住,2814,5960,1.26,0.58,39.4,38,8,50
28304260120,一般国道４２６号,朝来出石線,寺坂福住線,28209,0,1.1,豊岡市出石町福住,3146,豊岡市出石町福住,2814,5960,1.26,0.61,50.8,51.8,14.5,50
28304260130,一般国道４２６号,寺坂福住線,宮津養父線,28209,0,0.3,豊岡市出石町福住,3146,豊岡市出石町福住,2814,5960,1.26,0.7,39.3,31.1,14.5,50
28304260140,一般国道４２６号,宮津養父線,寺坂福住線,28209,0,3,,2703,,2792,5495,1.26,0.47,51.4,52.6,12.2,50
28304260150,一般国道４２６号,寺坂福住線,寺坂柳線,28209,0,0.4,,2703,,2792,5495,1.26,0.46,57.4,56.6,12.2,50
28304260154,一般国道４２６号,寺坂柳線,（元）一般国道４２６号,28209,0,1.2,,2703,,2792,5495,1.26,0.46,60.2,57.2,12.2,50
28304260320,一般国道４２６号,（元）一般国道４２６号,（元）一般国道４２６号,28209,0,0.3,,,,,,,,58.9,56.7,12.2,50
28304260160,一般国道４２６号,（元）一般国道４２６号,口小野矢根線,28209,0,1.5,豊岡市出石町寺坂,2482,豊岡市出石町寺坂,2501,4983,1.26,0.41,50.4,49.7,12.2,50
28304260170,一般国道４２６号,口小野矢根線,但東夜久野線,28209,0,1.1,豊岡市出石町寺坂,2482,豊岡市出石町寺坂,2501,4983,1.26,0.46,40.2,43.9,9.6,50
28304260180,一般国道４２６号,但東夜久野線,一般国道４８２号,28209,0,1.2,豊岡市出石町寺坂,2482,豊岡市出石町寺坂,2501,4983,1.26,0.48,42.9,38.8,9,50
28304260190,一般国道４２６号,一般国道４８２号,佐々木小谷線,28209,0,1.5,豊岡市但東町平田,1895,豊岡市但東町平田,2331,4226,1.25,0.58,43.2,52,13.2,40
28304260200,一般国道４２６号,佐々木小谷線,天谷佐田線,28209,0,6.8,豊岡市但東町平田,1895,豊岡市但東町平田,2331,4226,1.25,0.69,59.8,60.1,10.7,40
28304260210,一般国道４２６号,天谷佐田線,山東大江線,28209,0,0.5,豊岡市但東町平田,1895,豊岡市但東町平田,2331,4226,1.25,0.62,53.5,52.5,14.6,40
28304260220,一般国道４２６号,山東大江線,山東大江線,28209,0,1.7,豊岡市但東町久畑,1532,豊岡市但東町久畑,1525,3057,1.19,0.51,59.6,60.1,11.5,40
28304260230,一般国道４２６号,山東大江線,一般国道４２６号,28209,0,2.2,豊岡市但東町大河内,1329,豊岡市但東町大河内,1470,2799,1.25,0.36,65.7,64.2,13.3,40
28304270010,一般国道４２７号,一般国道１７５号,西脇三田線,28213,0,0.6,西脇市下戸田,4234,西脇市下戸田,3815,8049,1.27,0.71,19.5,19.8,11.5,40
28304270020,一般国道４２７号,西脇三田線,西脇口吉川神戸線,28213,0,2.5,西脇市下戸田,4234,西脇市下戸田,3815,8049,1.27,0.64,24,23,12,50
28304270030,一般国道４２７号,西脇口吉川神戸線,津万井西田線,28213,0,1.3,西脇市西田町,3271,西脇市西田町,2849,6120,1.16,0.69,32.7,31.7,14,50
28304270040,一般国道４２７号,津万井西田線,西脇口吉川神戸線,28213,0,0.8,西脇市西田町,3271,西脇市西田町,2849,6120,1.16,0.73,32.6,31.6,12,50
28304270050,一般国道４２７号,西脇口吉川神戸線,,28213,0,0.1,多可郡多可町中区曽我井,4253,多可郡多可町中区曽我井,3986,8239,1.29,0.77,15.6,28.2,14,50
28304270060,一般国道４２７号,,西脇市・多可町境,28213,0,1.1,多可郡多可町中区曽我井,4253,多可郡多可町中区曽我井,3986,8239,1.29,0.74,46.1,48.4,9,50
28304270070,一般国道４２７号,西脇市・多可町境,多可北条線,28365,0,2.5,多可郡多可町中区曽我井,4253,多可郡多可町中区曽我井,3986,8239,1.29,0.69,32.7,31.4,17,50
28304270080,一般国道４２７号,多可北条線,多可柏原線,28365,0,1.4,多可郡多可町中区高岸,4744,多可郡多可町中区高岸,4825,9569,1.19,0.94,29.1,33,12,50
28304270090,一般国道４２７号,多可柏原線,多可柏原線,28365,0,0.5,多可郡多可町中区高岸,4744,多可郡多可町中区高岸,4825,9569,1.19,0.96,29.9,26.5,11.6,50
28304270100,一般国道４２７号,多可柏原線,加美宍粟線,28365,0,5.2,多可郡多可町中区高岸,4744,多可郡多可町中区高岸,4825,9569,1.19,0.92,38.4,35.4,13,50
28304270110,一般国道４２７号,加美宍粟線,門村山南線,28365,0,6.2,多可郡多可町加美区轟,868,多可郡多可町加美区轟,847,1715,1.22,0.25,44.6,42.5,12,50
28304270120,一般国道４２７号,門村山南線,丹波加美線,28365,0,1.4,多可郡多可町加美区轟,868,多可郡多可町加美区轟,847,1715,1.22,0.18,51.6,46.4,12.5,50
28304270130,一般国道４２７号,丹波加美線,（元）丹波加美線,28365,0,2.6,多可郡多可町加美区轟,868,多可郡多可町加美区轟,847,1715,1.22,0.24,51.6,46.4,10,50
28304270140,一般国道４２７号,（元）丹波加美線,多可町・丹波市境,28365,0,5.9,多可郡多可町加美区轟,868,多可郡多可町加美区轟,847,1715,1.22,0.25,46.5,53.5,7,50
28304270150,一般国道４２７号,多可町・丹波市境,一般国道４２９号,28223,0,3.2,多可郡多可町加美区轟,868,多可郡多可町加美区轟,847,1715,1.22,0.22,60.5,63.8,9,50
28304270160,一般国道４２７号,一般国道４２９号,檜倉山東線,28223,0,3,丹波市青垣町桧倉,1708,丹波市青垣町桧倉,1722,3430,1.25,0.31,55.3,58.1,12.8,50
28304270170,一般国道４２７号,檜倉山東線,青垣柏原線,28223,0,2.8,丹波市青垣町桧倉,1708,丹波市青垣町桧倉,1722,3430,1.25,0.31,47.4,49.3,12.8,50
28304270180,一般国道４２７号,青垣柏原線,一般国道４２９号,28223,0,1,丹波市青垣町中佐治,1156,丹波市青垣町中佐治,1095,2251,1.22,0.32,34,36.4,9,50
28304270190,一般国道４２７号,一般国道４２９号,一般国道４８３号（北近畿豊岡道）,28223,0,4.8,丹波市青垣町中佐治,1156,丹波市青垣町中佐治,1095,2251,1.22,0.31,55.4,54.6,9,50
28304270200,一般国道４２７号,一般国道４８３号（北近畿豊岡道）,小坂青垣線,28223,0,0.2,丹波市青垣町中佐治,1156,丹波市青垣町中佐治,1095,2251,1.22,0.32,51.1,53.5,7,40
28304270210,一般国道４２７号,小坂青垣線,丹波市・朝来市境,28223,0,3.6,丹波市青垣町遠阪,410,丹波市青垣町遠阪,447,857,1.17,0.13,47,47.3,6.5,40
28304270220,一般国道４２７号,丹波市・朝来市境,一般国道４８３号（北近畿豊岡道）,28225,0,4,朝来市山東町早田,1549,朝来市山東町早田,1334,2883,1.25,0.42,39.3,40.3,9.5,50
28304270230,一般国道４２７号,一般国道４８３号（北近畿豊岡道）,栗鹿早田線,28225,0,0.3,朝来市山東町早田,1549,朝来市山東町早田,1334,2883,1.25,0.32,43.5,48.6,7,50
28304270240,一般国道４２７号,栗鹿早田線,浅野山東線,28225,0,2.1,朝来市山東町末歳,2153,朝来市山東町末歳,2040,4193,1.25,0.37,49.7,47,9.5,50
28304270250,一般国道４２７号,浅野山東線,一般国道９号,28225,0,0.6,朝来市山東町末歳,2153,朝来市山東町末歳,2040,4193,1.25,0.37,23.4,21.4,12.5,50
28304280010,一般国道４２８号,一般国道２８号,長田楠日尾線,28105,0,0.4,神戸市兵庫区下祇園町,11085,神戸市兵庫区下祇園町,7800,18885,1.32,0.83,13.2,15.1,26.8,50
28304280020,一般国道４２８号,長田楠日尾線,山麓線,28105,0,1,神戸市兵庫区下祇園町,11085,神戸市兵庫区下祇園町,7800,18885,1.32,0.82,22.3,11.9,25,50
28304280030,一般国道４２８号,山麓線,神戸三田線,28105,0,0.3,神戸市兵庫区上祇園町,11703,神戸市兵庫区上祇園町,10260,21963,1.38,1.87,17,11.5,20.2,40
28304280040,一般国道４２８号,神戸三田線,生田川鵯線,28105,0,1,神戸市兵庫区上祇園町,11703,神戸市兵庫区上祇園町,10260,21963,1.38,1.56,33.3,11.7,7.9,40
28304280050,一般国道４２８号,生田川鵯線,神戸三田線,28105,0,0.1,神戸市北区山田町下谷上,10688,神戸市北区山田町下谷上,10134,20822,1.33,1.88,36.3,12.1,11.6,40
28304280060,一般国道４２８号,神戸三田線,神戸三田線,28105,0,0.8,神戸市北区山田町下谷上,10688,神戸市北区山田町下谷上,10134,20822,1.33,1.6,36.1,16.9,8.4,40
28304280070,一般国道４２８号,神戸三田線,小部明石線,28109,0,2,神戸市北区山田町下谷上,10688,神戸市北区山田町下谷上,10134,20822,1.33,1.54,22.9,21.6,9.5,40
28304280080,一般国道４２８号,小部明石線,鈴蘭台停車場線,28109,0,0.9,神戸市北区山田町下谷上,8675,神戸市北区山田町下谷上,8172,16847,1.32,1.6,11.4,18.7,11.8,40
28304280090,一般国道４２８号,鈴蘭台停車場線,明石神戸宝塚線,28109,0,0.8,神戸市北区山田町小部,10257,神戸市北区山田町小部,9712,19969,1.32,0.57,18.6,27.8,16.7,40
28304280100,一般国道４２８号,明石神戸宝塚線,明石神戸宝塚線,28109,0,0.2,,14557,,13056,27613,1.35,0.96,18.5,20.6,15.1,50
28304280110,一般国道４２８号,明石神戸宝塚線,一般国道４２８号,28109,0,1.5,,14557,,13056,27613,1.35,0.72,26.5,26.8,13.1,50
28304280120,一般国道４２８号,一般国道４２８号,長田箕谷線,28109,0,0.6,,14557,,13056,27613,1.35,1.38,25.9,17.1,8.7,50
28304280130,一般国道４２８号,長田箕谷線,一般国道４２８号,28109,0,0.5,,14557,,13056,27613,1.35,0.58,22.9,11.8,20.6,50
28304280140,一般国道４２８号,一般国道４２８号,高速北神戸線,28109,0,0.1,神戸市北区山田町下谷上,8182,神戸市北区山田町下谷上,6718,14900,1.27,0.54,7.1,13.8,24.6,40
28304280150,一般国道４２８号,高速北神戸線,日ノ峰１号線,28109,0,1.1,神戸市北区山田町下谷上,8182,神戸市北区山田町下谷上,6718,14900,1.27,1.4,24.2,18.3,8.4,40
28304280160,一般国道４２８号,日ノ峰１号線,一般国道４２８号,28109,0,0.2,神戸市北区山田町原野,10640,神戸市北区山田町原野,9156,19796,1.32,1.99,22.2,22.6,9.8,40
28304280170,一般国道４２８号,一般国道４２８号,神戸加東線,28109,0,0.5,神戸市北区山田町原野,10640,神戸市北区山田町原野,9156,19796,1.32,1.72,22.8,23.7,10.8,40
28304280180,一般国道４２８号,神戸加東線,一般国道４２８号,28109,0,0.2,神戸市北区山田町原野,2476,神戸市北区山田町原野,2840,5316,1.25,0.87,12.3,21,10.7,40
28304280190,一般国道４２８号,一般国道４２８号,三木三田線,28109,0,8.2,神戸市北区山田町原野,2476,神戸市北区山田町原野,2840,5316,1.25,0.74,43.8,44.6,11.2,40
28304280200,一般国道４２８号,三木三田線,,28109,0,4.1,,2559,,2464,5023,1.25,0.64,36.6,43.1,10.1,50
28304280210,一般国道４２８号,,楠原三木線,28215,0,0,三木市吉川町奥谷,4321,三木市吉川町奥谷,4342,8663,1.27,0.97,39.3,40.5,9,60
28304280220,一般国道４２８号,楠原三木線,淡河吉川線,28215,0,0.8,三木市吉川町奥谷,4321,三木市吉川町奥谷,4342,8663,1.27,0.91,39.3,37.8,10.5,60
28304280230,一般国道４２８号,淡河吉川線,西脇三田線,28215,0,4.2,三木市吉川町奥谷,4321,三木市吉川町奥谷,4342,8663,1.27,0.86,43.9,53.7,11,60
28304280240,一般国道４２８号,西脇三田線,中国自動車道,28215,0,0.3,三木市吉川町奥谷,4321,三木市吉川町奥谷,4342,8663,1.27,0.74,15.7,34.3,9,60
28304280260,一般国道４２８号,一般国道４２８号,一般国道４２８号,28109,0,1.1,,2514,,2484,4998,1.25,0.69,21.1,23.7,7.2,40
28304280280,一般国道４２８号,一般国道４２８号,一般国道４２８号,28109,0,0.5,,2969,,2614,5583,1.26,0.96,18.4,20.9,6,40
28304290010,一般国道４２９号,一般国道４２９号,若桜下三河線,28227,0,5.3,宍粟市千種町西山,441,宍粟市千種町西山,508,949,1.17,0.17,41.9,38.4,10,50
28304290250,一般国道４２９号,若桜下三河線,千種新宮線,28227,0,0.6,宍粟市千種町西山,441,宍粟市千種町西山,508,949,1.17,0.16,29.4,29.4,9,40
28304290260,一般国道４２９号,千種新宮線,若桜下三河線,28227,0,0.6,宍粟市千種町西山,441,宍粟市千種町西山,508,949,1.17,0.16,24.5,28.6,8,40
28304290040,一般国道４２９号,若桜下三河線,岩野辺山崎線,28227,0,4.5,宍粟市波賀町斉木,728,宍粟市波賀町斉木,707,1435,1.18,0.19,49.9,52.3,11.3,50
28304290050,一般国道４２９号,岩野辺山崎線,,28227,0,0.2,宍粟市波賀町斉木,728,宍粟市波賀町斉木,707,1435,1.18,0.21,61.4,65.2,12,50
28304290060,一般国道４２９号,,,28227,0,1.2,宍粟市波賀町斉木,728,宍粟市波賀町斉木,707,1435,1.18,0.24,62.8,66.5,9.5,50
28304290070,一般国道４２９号,,一般国道２９号,28227,0,4.2,宍粟市波賀町斉木,728,宍粟市波賀町斉木,707,1435,1.18,0.21,54,52.7,11,50
28304290090,一般国道４２９号,一般国道２９号,養父宍粟線,28227,0,12.9,宍粟市波賀町上野,114,宍粟市波賀町上野,131,245,1.18,0.36,38.7,38.4,5,40
28304290100,一般国道４２９号,養父宍粟線,森添三方線,28227,0,0.2,宍粟市一宮町百千家満,672,宍粟市一宮町百千家満,648,1320,1.21,0.18,49.2,43.7,9,40
28304290110,一般国道４２９号,森添三方線,養父宍粟線,28227,0,4.1,宍粟市一宮町百千家満,672,宍粟市一宮町百千家満,648,1320,1.21,1.4,42.4,41.7,5,40
28304290120,一般国道４２９号,養父宍粟線,宍粟市・朝来市境,28227,0,6.6,宍粟市一宮町井内,234,宍粟市一宮町井内,252,486,1.17,0.09,38.9,47.8,7,40
28304290130,一般国道４２９号,宍粟市・朝来市境,十二所澤線,28225,0,12.5,朝来市土肥,481,朝来市土肥,512,993,1.17,0.14,42.2,38.5,9.5,40
28304290140,一般国道４２９号,十二所澤線,一般国道３１２号,28225,0,0.1,朝来市土肥,481,朝来市土肥,512,993,1.17,0.14,31.5,18.8,9.5,40
28304290150,一般国道４２９号,一般国道３１２号,一般国道３１２号,28225,0,1,朝来市土肥,481,朝来市土肥,512,993,1.17,0.13,43.3,37.4,12,40
28304290170,一般国道４２９号,一般国道３１２号,岩屋生野線,28225,0,1.8,朝来市生野町口銀谷,1500,朝来市生野町口銀谷,1434,2934,1.25,0.3,31.9,33.6,8,40
28304290180,一般国道４２９号,岩屋生野線,,28225,0,4.6,朝来市生野町上生野,91,朝来市生野町上生野,107,198,1.18,0.04,42.2,44.6,9.5,40
28304290190,一般国道４２９号,,,28225,0,11.8,朝来市生野町上生野,91,朝来市生野町上生野,107,198,1.18,0.04,40,39.7,7,30
28304290200,一般国道４２９号,,朝来市・丹波市境,28225,0,1.9,朝来市生野町上生野,91,朝来市生野町上生野,107,198,1.18,0.04,39.9,48.4,7,30
28304290210,一般国道４２９号,朝来市・丹波市境,一般国道４２７号,28223,0,5,朝来市生野町上生野,91,朝来市生野町上生野,107,198,1.18,0.04,43.2,34,7,40
28304290230,一般国道４２９号,一般国道４２７号,一般国道４２９号,28223,0,4.4,丹波市青垣町中佐治平野,67,丹波市青垣町中佐治平野,71,138,1.13,0.17,35.9,38.5,5,40
28304360010,一般国道４３６号,一般国道２５０号,,28201,0,1.3,姫路市飾磨区細江,1477,姫路市飾磨区細江,1035,2512,1.22,0.45,22.2,21.3,12,40
28304770010,一般国道４７７号,一般国道４７７号,国崎野間口線,28217,0,2,,1892,,1679,3571,1.25,0.54,53.3,52.5,9,40
28304770020,一般国道４７７号,国崎野間口線,一般国道４７７号,28217,0,0.2,,1892,,1679,3571,1.25,0.54,47.6,42.6,9,40
28304770040,一般国道４７７号,一般国道４７７号,一般国道１７３号,28217,0,2,川西市長尾町５丁目,3852,川西市長尾町５丁目,1945,5797,1.27,0.64,40.1,35.9,6.5,40
28304820010,一般国道４８２号,一般国道４８２号,宮津養父線,28209,0,4.5,豊岡市但東町坂野,584,豊岡市但東町坂野,572,1156,1.18,0.16,53.1,51.8,12,40
28304820020,一般国道４８２号,宮津養父線,一般国道４２６号,28209,0,7,豊岡市但東町畑山,1263,豊岡市但東町畑山,1315,2578,1.24,0.35,51.9,50.6,7,40
28304820260,一般国道４８２号,一般国道４２６号,,28209,0,0.4,豊岡市中郷,2791,豊岡市中郷,2764,5555,1.26,0.72,19.5,31.2,8.5,50
28304820040,一般国道４８２号,,香住大谷線,28209,0,1.6,豊岡市中郷,2791,豊岡市中郷,2764,5555,1.26,0.7,49.5,44.1,8.5,40
28304820050,一般国道４８２号,香住大谷線,府市場伏線,28209,0,2.4,豊岡市中郷,2791,豊岡市中郷,2764,5555,1.26,0.7,49.2,50.3,8.5,40
28304820060,一般国道４８２号,府市場伏線,府市場伏線,28209,0,1.8,豊岡市中郷,2791,豊岡市中郷,2764,5555,1.26,0.7,46.4,41.2,8.5,40
28304820065,一般国道４８２号,府市場伏線,,28209,0,0.6,豊岡市中郷,2791,豊岡市中郷,2764,5555,1.26,0.7,55.5,52.2,8.5,40
28304820280,一般国道４８２号,,（元）一般国道３１２号,28209,0,0.8,豊岡市中郷,2791,豊岡市中郷,2764,5555,1.26,0.73,44.2,18.9,6.5,50
28303120870,一般国道４８２号,（元）一般国道３１２号,,28209,0,0.3,豊岡市日高町鶴岡,3364,豊岡市日高町鶴岡,3583,6947,1.27,0.73,30.3,27,10.7,40
28303120880,一般国道４８２号,,,28209,0,0.9,豊岡市日高町鶴岡,3364,豊岡市日高町鶴岡,3583,6947,1.27,0.73,30.5,31,10.7,40
28303120890,一般国道４８２号,,江原停車場線,28209,0,0.2,豊岡市日高町鶴岡,3364,豊岡市日高町鶴岡,3583,6947,1.27,0.73,23.2,23.7,10.7,40
28303120900,一般国道４８２号,江原停車場線,一般国道３１２号,28209,0,1.1,豊岡市日高町鶴岡,3364,豊岡市日高町鶴岡,3583,6947,1.27,0.93,21.1,21.6,10.7,40
28304820085,一般国道４８２号,一般国道３１２号,一般国道４８３号（北近畿豊岡道）,28209,0,0.6,豊岡市日高町久斗,5513,豊岡市日高町久斗,5856,11369,1.28,0.76,25.8,26.6,8.5,50
28304820090,一般国道４８２号,一般国道４８３号（北近畿豊岡道）,耀山日高線,28209,0,2.8,豊岡市日高町久斗,5513,豊岡市日高町久斗,5856,11369,1.28,0.76,37.6,37.9,8.5,50
28304820100,一般国道４８２号,耀山日高線,十戸養父線,28209,0,1.8,豊岡市日高町久斗,5513,豊岡市日高町久斗,5856,11369,1.28,0.77,41.7,41.3,9.5,50
28304820110,一般国道４８２号,十戸養父線,八代石井線,28209,0,1.6,豊岡市日高町久斗,5513,豊岡市日高町久斗,5856,11369,1.28,0.81,45.4,48.1,9.5,50
28304820120,一般国道４８２号,八代石井線,床瀬神鍋高原線,28209,0,4.5,豊岡市日高町山宮,2274,豊岡市日高町山宮,2437,4711,1.16,0.54,48.7,50.1,13.5,40
28304820130,一般国道４８２号,床瀬神鍋高原線,村岡竹野線,28209,0,1.6,豊岡市日高町山宮,2274,豊岡市日高町山宮,2437,4711,1.16,0.54,50.9,52,14.5,40
28304820140,一般国道４８２号,村岡竹野線,山田日高線,28209,0,0.7,豊岡市日高町山宮,2274,豊岡市日高町山宮,2437,4711,1.16,0.54,59.1,60.4,13.5,40
28304820150,一般国道４８２号,山田日高線,豊岡市・香美町境,28209,0,3.6,美方郡香美町村岡区村岡,1610,美方郡香美町村岡区村岡,1489,3099,1.25,0.36,63.5,65.2,11.8,50
28304820160,一般国道４８２号,豊岡市・香美町境,一般国道９号,28585,0,4.4,美方郡香美町村岡区村岡,1610,美方郡香美町村岡区村岡,1489,3099,1.25,0.41,54.5,52.2,8,50
28304820180,一般国道４８２号,一般国道９号,霧滝村岡線,28585,0,0.9,美方郡香美町村岡区長板,1149,美方郡香美町村岡区長板,1140,2289,1.25,0.31,50.4,47.9,13,50
28304820190,一般国道４８２号,霧滝村岡線,村岡小代線,28585,0,3.3,美方郡香美町村岡区長板,1149,美方郡香美町村岡区長板,1140,2289,1.25,0.36,50.4,47.9,7,40
28304820194,一般国道４８２号,村岡小代線,（元）一般国道４８２号,28585,0,0.5,美方郡香美町小代区大谷,434,美方郡香美町小代区大谷,503,937,1.22,0.34,43.9,43.6,6,40
28304820310,一般国道４８２号（大谷バイパス）,（元）一般国道４８２号,（元）一般国道４８２号,28585,0,0.9,美方郡香美町小代区大谷,434,美方郡香美町小代区大谷,503,937,1.22,0.1,39.1,41.7,10,40
28304820200,一般国道４８２号,（元）一般国道４８２号,茅野福岡線,28585,0,2.5,美方郡香美町小代区大谷,434,美方郡香美町小代区大谷,503,937,1.22,0.34,44.7,43.8,6,40
28304820210,一般国道４８２号,茅野福岡線,関宮小代線,28585,0,1.8,美方郡香美町小代区大谷,434,美方郡香美町小代区大谷,503,937,1.22,0.34,36.7,41.2,6,40
28304820220,一般国道４８２号,関宮小代線,,28585,0,5.6,美方郡香美町小代区大谷,434,美方郡香美町小代区大谷,503,937,1.22,3.43,27.2,27.7,4,40
28304820240,一般国道４８２号,,一般国道４８２号,28585,0,4,,,,,,,,27.3,27.6,4,40
28304830010,一般国道４８３号（北近畿豊岡道）,舞鶴若狭自動車道,一般国道１７５号,28223,1,0.1,丹波市春日町七日市,3857,丹波市春日町七日市,3943,7800,1.2,0.84,48.4,52.7,12,70
28304830020,一般国道４８３号（北近畿豊岡道）,一般国道１７５号,青垣柏原線,28223,1,6.9,丹波市春日町坂,5558,丹波市春日町坂,5910,11468,1.19,0.94,79.7,79.2,12,70
28304830030,一般国道４８３号（北近畿豊岡道）,青垣柏原線,青垣柏原線,28223,1,10.1,丹波市青垣町栗住野,4623,丹波市青垣町栗住野,4673,9296,1.16,0.77,80.7,81.3,12,70
28304830040,一般国道４８３号（北近畿豊岡道）,青垣柏原線,一般国道４２７号,28223,1,7.3,丹波市青垣町遠阪,2522,丹波市青垣町遠阪,2671,5193,1.16,0.71,79.6,83.8,12,70
28304830050,一般国道４８３号（北近畿豊岡自動車道）,,丹波市・朝来市境,28223,1,2.7,朝来市山東町柴,3881,朝来市山東町柴,3809,7690,1.27,0.76,77,73.5,8.5,70
28304830060,一般国道４８３号（北近畿豊岡自動車道）,丹波市・朝来市境,,28225,1,1.6,朝来市山東町柴,3881,朝来市山東町柴,3809,7690,1.27,0.76,62.1,62.4,8.5,70
28304830070,一般国道４８３号（北近畿豊岡道）,,一般国道４２７号,28225,1,1.2,朝来市山東町柴,3147,朝来市山東町柴,3162,6309,1.22,0.62,74.9,73.6,12,70
28304830080,一般国道４８３号（北近畿豊岡道）,一般国道４２７号,一般国道３１２号,28225,1,5.9,朝来市山東町柿坪,3147,朝来市山東町柿坪,3214,6361,1.16,0.76,77.1,78.1,12,70
28304830100,一般国道４８３号（北近畿豊岡道）,一般国道３１２号,朝来市・養父市境,28225,1,5.8,朝来市和田山町岡,4196,朝来市和田山町岡,4799,8995,1.2,0.69,79,78.9,12,70
28304830110,一般国道４８３号（北近畿豊岡道）,朝来市・養父市境,十二所澤線,28222,1,3.9,朝来市和田山町岡,4196,朝来市和田山町岡,4799,8995,1.2,0.69,73,81,12,70
28304830120,一般国道４８３号（北近畿豊岡道）,十二所澤線,一般国道９号,28222,1,4,養父市十二所,4127,養父市十二所,4401,8528,1.2,0.73,74.2,80.4,12,70
28304830130,一般国道４８３号（北近畿豊岡道）,一般国道９号,養父市・豊岡市境,28222,1,7.4,豊岡市日高町浅倉,4780,豊岡市日高町浅倉,4729,9509,1.19,0.75,78.8,79.2,12,70
28304830140,一般国道４８３号（北近畿豊岡道）,養父市・豊岡市境,一般国道４８２号,28209,1,2.3,豊岡市日高町浅倉,4780,豊岡市日高町浅倉,4729,9509,1.19,0.75,80.3,79.9,12,70
28304830150,一般国道４８３号（北近畿豊岡道）,一般国道４８２号,日高竹野線,28209,1,3.5,豊岡市日高町山本,4517,豊岡市日高町山本,4463,8980,1.19,0.71,82.7,79.3,12,70
28304830160,一般国道４８３号（北近畿豊岡道）,日高竹野線,但馬空港線,28209,1,2.4,豊岡市上佐野,5118,豊岡市上佐野,5026,10144,1.19,0.74,69.4,65.6,12,70
28400010100,日高竹野線,一般国道３１２号,（元）日高竹野線,28209,0,1.1,豊岡市日高町山本,1841,豊岡市日高町山本,1704,3545,1.21,0.39,38.1,44.5,11,40
28400010019,日高竹野線,（元）日高竹野線,一般国道４８３号（北近畿豊岡道）,28209,0,0.1,豊岡市日高町山本,1841,豊岡市日高町山本,1704,3545,1.21,0.39,37.1,35.3,11.8,50
28400010020,日高竹野線,一般国道４８３号（北近畿豊岡道）,藤井上石線,28209,0,0.4,豊岡市日高町山本,1426,豊岡市日高町山本,1330,2756,1.21,0.35,50.1,51.8,11.8,50
28400010025,日高竹野線,藤井上石線,,28209,0,0.2,豊岡市日高町山本,1426,豊岡市日高町山本,1330,2756,1.21,0.35,46.9,36.5,11.8,50
28400010110,日高竹野線,,豊岡日高線,28209,0,0.5,豊岡市日高町山本,1426,豊岡市日高町山本,1330,2756,1.21,0.35,47.2,48.6,11,40
28400010120,日高竹野線,豊岡日高線,,28209,0,0.3,豊岡市日高町山本,1426,豊岡市日高町山本,1330,2756,1.21,0.35,55.4,52.1,11,40
28400010040,日高竹野線,,八代石井線,28209,0,3.1,豊岡市日高町山本,1426,豊岡市日高町山本,1330,2756,1.21,0.42,32.6,50.5,8.5,50
28400010050,日高竹野線,八代石井線,辻福田線,28209,0,3.4,豊岡市日高町山本,1426,豊岡市日高町山本,1330,2756,1.21,0.42,45.2,45.8,8.5,50
28400010060,日高竹野線,辻福田線,床瀬神鍋高原線,28209,0,6.2,豊岡市竹野町小城,295,豊岡市竹野町小城,299,594,1.2,0.54,35.5,35.5,5,50
28400010070,日高竹野線,床瀬神鍋高原線,一般国道１７８号,28209,0,8.2,豊岡市竹野町小城,295,豊岡市竹野町小城,299,594,1.2,0.07,48.1,47.5,8.5,40
28400010080,日高竹野線,一般国道１７８号,香美久美浜線,28209,0,9.2,,2075,,1866,3941,1.25,0.63,41,37.7,6,50
28400020010,宮津養父線,宮津養父線,中藤加悦線,28209,0,1.7,,1725,,1643,3368,1.25,0.42,56.4,56.6,6.5,40
28400020020,宮津養父線,中藤加悦線,鱒留但東線,28209,0,0.3,豊岡市但東町虫生,812,豊岡市但東町虫生,808,1620,1.2,0.27,51.9,53.8,6.5,50
28400020030,宮津養父線,鱒留但東線,加悦但東線,28209,0,4.1,豊岡市但東町虫生,812,豊岡市但東町虫生,808,1620,1.2,0.24,51.5,48.9,7.5,50
28400020040,宮津養父線,加悦但東線,一般国道４８２号,28209,0,0.3,豊岡市但東町虫生,812,豊岡市但東町虫生,808,1620,1.2,0.27,28.2,38.3,11,50
28400020060,宮津養父線,一般国道４２６号,朝来出石線,28209,0,1.8,豊岡市出石町弘原,3485,豊岡市出石町弘原,3229,6714,1.25,0.55,28.4,25.4,11,50
28602530020,宮津養父線,朝来出石線,寺坂柳線,28209,0,0.5,豊岡市出石町弘原,3485,豊岡市出石町弘原,3229,6714,1.25,0.44,25.9,23.6,11,50
28607060005,宮津養父線,寺坂柳線,町分久美浜線,28209,0,0.2,豊岡市出石町弘原,3485,豊岡市出石町弘原,3229,6714,1.25,0.53,12.5,20.9,6.5,50
28400020190,宮津養父線,町分久美浜線,,28209,0,1,豊岡市出石町弘原,3485,豊岡市出石町弘原,3229,6714,1.25,0.55,21.7,22.1,11,50
28400020180,宮津養父線,,一般国道４２６号,28209,0,0.4,豊岡市出石町弘原,3485,豊岡市出石町弘原,3229,6714,1.25,0.55,25.4,23.6,11,50
28400020100,宮津養父線,一般国道４２６号,豊岡市・養父市境,28209,0,5.5,豊岡市出石町弘原,3485,豊岡市出石町弘原,3229,6714,1.25,0.55,43.5,48,11,50
28400020110,宮津養父線,豊岡市・養父市境,,28222,0,2.2,養父市八鹿町下小田,2016,養父市八鹿町下小田,1979,3995,1.25,0.39,51.9,53,10.5,50
28400020120,宮津養父線,,,28222,0,0.5,養父市八鹿町下小田,2016,養父市八鹿町下小田,1979,3995,1.25,0.48,24.3,27.1,9,50
28400020130,宮津養父線,,一般国道３１２号,28222,0,0.9,養父市八鹿町下小田,2016,養父市八鹿町下小田,1979,3995,1.25,0.43,39.2,19.7,12,50
28400020150,宮津養父線,一般国道３１２号,物部藪崎線,28222,0,4.2,養父市八鹿町舞狂,2750,養父市八鹿町舞狂,2801,5551,1.27,0.61,38.6,48.3,10,50
28400020160,宮津養父線,物部藪崎線,一般国道３１２号,28222,0,0.7,,1418,,1573,2991,1.25,0.31,21.6,17.3,11,40
28304260020,豊岡瀬戸線,一般国道３１２号,（元）一般国道４２６号,28209,0,0.8,豊岡市城崎町二見,5019,豊岡市城崎町二見,4708,9727,1.28,0.75,19.3,24.9,7.5,50
28400030010,豊岡瀬戸線,（元）一般国道４２６号,一般国道１７８号,28209,0,0.8,豊岡市城崎町二見,5019,豊岡市城崎町二見,4708,9727,1.28,0.68,27.8,27.9,7.5,50
28400030020,豊岡瀬戸線,一般国道１７８号,豊岡竹野線,28209,0,7.8,豊岡市城崎町二見,5019,豊岡市城崎町二見,4708,9727,1.28,0.65,47.6,48.1,7.5,50
28400030030,豊岡瀬戸線,豊岡竹野線,豊岡竹野線,28209,0,0.1,豊岡市城崎町二見,5019,豊岡市城崎町二見,4708,9727,1.28,0.87,33.5,29.3,11.3,50
28400030040,豊岡瀬戸線,豊岡竹野線,豊岡竹野線,28209,0,1.1,豊岡市城崎町二見,5019,豊岡市城崎町二見,4708,9727,1.28,0.79,27.4,26.5,6.6,50
28400030050,豊岡瀬戸線,豊岡竹野線,香美久美浜線,28209,0,1.6,豊岡市城崎町二見,5019,豊岡市城崎町二見,4708,9727,1.28,0.71,42.9,42.1,6.7,50
28400030060,豊岡瀬戸線,香美久美浜線,香美久美浜線,28209,0,0.9,,2244,,2182,4426,1.25,0.38,34.8,31.1,6.7,40
28301780135,香住村岡線,余部浜坂線,鎧停車場線,28585,0,2.1,美方郡香美町香住区下浜,853,美方郡香美町香住区下浜,845,1698,1.22,0.16,53.3,48.6,12,50
28301780130,香住村岡線,鎧停車場線,香住停車場線,28585,0,5.4,美方郡香美町香住区下浜,853,美方郡香美町香住区下浜,845,1698,1.22,0.2,29.6,28.4,8.5,50
28301780120,香住村岡線,香住停車場線,一般国道１７８号,28585,0,0.4,美方郡香美町香住区下浜,853,美方郡香美町香住区下浜,845,1698,1.22,0.22,14.4,11.9,10.5,50
28400040002,香住村岡線,一般国道１７８号,（元）香住村岡線,28585,0,0.4,美方郡香美町香住区森,2645,美方郡香美町香住区森,2699,5344,1.14,0.44,25.8,36,10,50
28400040090,香住村岡線,（元）香住村岡線,,28585,0,1.1,美方郡香美町香住区森,2645,美方郡香美町香住区森,2699,5344,1.14,0.44,43.4,43.3,10,50
28400040004,香住村岡線,,香住村岡線,28585,0,7.7,美方郡香美町香住区森,2645,美方郡香美町香住区森,2699,5344,1.14,0.45,52.4,50.9,10,50
28400040070,香住村岡線,香住村岡線,香住村岡線,28585,0,1.1,美方郡香美町香住区森,2645,美方郡香美町香住区森,2699,5344,1.14,0.61,60.4,54.8,11,50
28400040010,香住村岡線,香住村岡線,山田日高線,28585,0,0.7,美方郡香美町香住区森,2645,美方郡香美町香住区森,2699,5344,1.14,0.5,56.7,55,6.5,50
28400040020,香住村岡線,山田日高線,,28585,0,0.2,美方郡香美町村岡区長瀬,875,美方郡香美町村岡区長瀬,891,1766,1.2,0.19,56,58.1,12,50
28400040030,香住村岡線,,熊谷味取線,28585,0,3.7,美方郡香美町村岡区長瀬,875,美方郡香美町村岡区長瀬,891,1766,1.2,0.19,53.5,52.5,12,50
28400040040,香住村岡線,熊谷味取線,川会入江線,28585,0,5.7,美方郡香美町村岡区長瀬,875,美方郡香美町村岡区長瀬,891,1766,1.2,0.21,58.7,55.7,11.5,50
28400040050,香住村岡線,川会入江線,一般国道９号,28585,0,1.1,美方郡香美町村岡区長瀬,875,美方郡香美町村岡区長瀬,891,1766,1.2,0.24,37.8,30.1,9.25,50
28400050010,姫路上郡線,姫路神河線,田寺今在家線,28201,0,0.3,姫路市書写,7548,姫路市書写,7571,15119,1.31,1.06,16.9,8.2,9,40
28400050020,姫路上郡線,田寺今在家線,姫路環状線,28201,0,0.8,姫路市書写,7548,姫路市書写,7571,15119,1.31,1.36,9.6,15.6,8,40
28400050030,姫路上郡線,姫路環状線,山之内莇野姫路線,28201,0,1.7,姫路市書写,7548,姫路市書写,7571,15119,1.31,1.18,16.9,15.9,8.5,40
28400050040,姫路上郡線,山之内莇野姫路線,姫路新宮線,28201,0,0.9,姫路市書写,7548,姫路市書写,7571,15119,1.31,1.07,24.8,15.8,11,40
28400050050,姫路上郡線,姫路新宮線,姫路新宮線,28201,0,0.5,姫路市書写,7548,姫路市書写,7571,15119,1.31,0.99,25.7,18.2,10.5,50
28400050060,姫路上郡線,姫路新宮線,一般国道２９号,28201,0,1.2,姫路市太市中,4817,姫路市太市中,4152,8969,1.27,0.87,23,34.7,10.5,40
28400050070,姫路上郡線,一般国道２９号,石倉太子線,28201,0,1.3,姫路市太市中,4817,姫路市太市中,4152,8969,1.27,0.92,30.7,26.1,10.5,40
28400050080,姫路上郡線,石倉太子線,西脇誉田線,28201,0,1,姫路市太市中,4817,姫路市太市中,4152,8969,1.27,0.94,35.4,35.7,9,40
28400050090,姫路上郡線,西脇誉田線,姫路市・たつの市境,28201,0,0.7,姫路市太市中,4817,姫路市太市中,4152,8969,1.27,0.9,36.9,41.5,12,50
28400050100,姫路上郡線,姫路市・たつの市境,上伊勢誉田線,28229,0,1.9,姫路市太市中,4817,姫路市太市中,4152,8969,1.27,0.88,27.2,21.4,12,50
28400050110,姫路上郡線,上伊勢誉田線,東觜崎網干停車場線,28229,0,1.1,たつの市龍野町片山,6838,たつの市龍野町片山,6579,13417,1.3,1.5,23.5,16.5,12,50
28400050120,姫路上郡線,東觜崎網干停車場線,東觜崎網干停車場線,28229,0,0.9,たつの市龍野町片山,6838,たつの市龍野町片山,6579,13417,1.3,1.15,17.5,21.4,12,50
28400050130,姫路上郡線,東觜崎網干停車場線,一般国道１７９号,28229,0,0.6,たつの市龍野町片山,6838,たつの市龍野町片山,6579,13417,1.3,1.04,19.9,11.9,13.3,40
28400050150,姫路上郡線,一般国道１７９号,たつの竜野停車場線,28229,0,0.9,たつの市揖西町新宮,2823,たつの市揖西町新宮,2997,5820,1.22,0.69,17,20.8,12,40
28400050160,姫路上郡線,たつの竜野停車場線,桑原北山揖保川線,28229,0,1.1,たつの市揖西町新宮,2823,たつの市揖西町新宮,2997,5820,1.22,0.68,14.9,25.6,12.5,40
28400050170,姫路上郡線,桑原北山揖保川線,竜野西インタ－線,28229,0,3.2,たつの市揖西町新宮,2823,たつの市揖西町新宮,2997,5820,1.22,0.7,39.8,38.4,9.5,40
28400050180,姫路上郡線,竜野西インタ－線,たつの市・相生市境,28229,0,2.8,たつの市揖西町小犬丸,3782,たつの市揖西町小犬丸,3868,7650,1.27,0.91,49.5,51.2,8.3,40
28400050190,姫路上郡線,たつの市・相生市境,相生宍粟線,28208,0,1.6,たつの市揖西町小犬丸,3782,たつの市揖西町小犬丸,3868,7650,1.27,0.92,54.3,42.7,13,50
28400050200,姫路上郡線,相生宍粟線,多賀相生線,28208,0,1.4,赤穂郡上郡町高田台,2232,赤穂郡上郡町高田台,2257,4489,1.2,0.48,42.4,46.5,10.5,50
28400050210,姫路上郡線,多賀相生線,相生市・上郡町境,28208,0,1.8,赤穂郡上郡町高田台,2232,赤穂郡上郡町高田台,2257,4489,1.2,0.5,50.1,49.7,7,50
28400050220,姫路上郡線,相生市・上郡町境,野桑有年停車場線,28481,0,1.9,赤穂郡上郡町高田台,2232,赤穂郡上郡町高田台,2257,4489,1.2,0.48,51.7,53.1,7,50
28400050230,姫路上郡線,野桑有年停車場線,野桑有年停車場線,28481,0,0.3,赤穂郡上郡町高田台,2232,赤穂郡上郡町高田台,2257,4489,1.2,0.48,32,29.5,9,50
28400050240,姫路上郡線,野桑有年停車場線,一般国道３７３号,28481,0,2.6,赤穂郡上郡町高田台,2232,赤穂郡上郡町高田台,2257,4489,1.2,0.57,36.7,31.3,12,50
28400050250,姫路上郡線,一般国道３７３号,赤穂佐伯線,28481,0,0.6,赤穂郡上郡町山野里,1466,赤穂郡上郡町山野里,1414,2880,1.25,0.31,22.4,27.9,16,40
28400050260,姫路上郡線,赤穂佐伯線,一般国道２号,28481,0,5.8,赤穂郡上郡町山野里,1466,赤穂郡上郡町山野里,1414,2880,1.25,0.36,47.9,48,10,40
28400060010,養父宍粟線,一般国道９号,八鹿停車場線,28222,0,2.4,養父市八鹿町八鹿,4044,養父市八鹿町八鹿,4348,8392,1.13,0.65,21.4,26.7,13,50
28400060020,養父宍粟線,八鹿停車場線,一般国道３１２号,28222,0,0.2,養父市八鹿町八鹿,4044,養父市八鹿町八鹿,4348,8392,1.13,0.56,14.4,18.9,13.5,50
28400060040,養父宍粟線,一般国道３１２号,一般国道９号,28222,0,0.3,養父市十二所,2513,養父市十二所,2531,5044,1.14,0.61,12.4,15.6,13.5,40
28400060050,養父宍粟線,一般国道９号,朝倉養父停車場線,28222,0,0.4,養父市十二所,2513,養父市十二所,2531,5044,1.14,0.58,18.7,22.2,13,40
28400060054,養父宍粟線,朝倉養父停車場線,（元）養父宍粟線,28222,0,0.5,養父市十二所,2513,養父市十二所,2531,5044,1.14,0.5,36.7,37,10.5,40
28400060170,養父宍粟線,（元）養父宍粟線,（元）養父宍粟線,28222,0,0.5,養父市十二所,2513,養父市十二所,2531,5044,1.14,0.68,52.6,55.2,6.5,50
28400060060,養父宍粟線,（元）養父宍粟線,十二所澤線,28222,0,1.2,養父市大屋町宮垣,1248,養父市大屋町宮垣,1248,2496,1.14,0.29,48,47.1,10.5,40
28400060070,養父宍粟線,十二所澤線,宮垣八木線,28222,0,5.8,養父市大屋町宮垣,1248,養父市大屋町宮垣,1248,2496,1.14,0.31,49,49.4,11.5,40
28400060080,養父宍粟線,宮垣八木線,大屋波賀線,28222,0,5.8,養父市大屋町宮垣,1248,養父市大屋町宮垣,1248,2496,1.14,0.34,47.8,46.7,8.7,40
28400060090,養父宍粟線,大屋波賀線,森大屋線,28222,0,3.6,養父市大屋町大屋市場,952,養父市大屋町大屋市場,891,1843,1.22,0.21,52.2,53.4,10.5,40
28400060100,養父宍粟線,森大屋線,,28222,0,6.6,養父市大屋町大屋市場,952,養父市大屋町大屋市場,891,1843,1.22,0.28,40.9,47.4,8.5,40
28400060110,養父宍粟線,,養父市・宍粟市境,28222,0,4,養父市大屋町大屋市場,952,養父市大屋町大屋市場,891,1843,1.22,0.28,45.2,43.3,8.5,40
28400060120,養父宍粟線,養父市・宍粟市境,一般国道４２９号,28227,0,7.2,養父市大屋町大屋市場,952,養父市大屋町大屋市場,891,1843,1.22,0.26,44.7,47.3,6.5,40
28400060140,養父宍粟線,一般国道４２９号,一宮生野線,28227,0,2.7,宍粟市一宮町生栖,1868,宍粟市一宮町生栖,1928,3796,1.25,0.49,49.2,50.4,9.5,40
28400060150,養父宍粟線,一宮生野線,一般国道２９号,28227,0,6.9,宍粟市一宮町生栖,1868,宍粟市一宮町生栖,1928,3796,1.25,0.53,49,48.4,6.5,40
28400070010,青垣柏原線,一般国道４２７号,一般国道４８３号（北近畿豊岡道）,28223,0,1.3,丹波市青垣町佐治,3739,丹波市青垣町佐治,3292,7031,1.27,0.8,30.9,34.9,11.5,50
28400070020,青垣柏原線,一般国道４８３号（北近畿豊岡道）,福知山山南線,28223,0,2.9,丹波市氷上町絹山,3795,丹波市氷上町絹山,3991,7786,1.27,1.15,44.8,46.8,9,50
28400070030,青垣柏原線,福知山山南線,沼市島線,28223,0,1,丹波市氷上町絹山,3795,丹波市氷上町絹山,3991,7786,1.27,1.13,48.1,50.1,8.5,50
28400070040,青垣柏原線,沼市島線,福知山山南線,28223,0,0.3,丹波市氷上町絹山,3795,丹波市氷上町絹山,3991,7786,1.27,1.13,38,34.2,6.5,50
28400070050,青垣柏原線,福知山山南線,絹山市島線,28223,0,1.6,丹波市氷上町絹山,3795,丹波市氷上町絹山,3991,7786,1.27,1.17,39.5,47.3,12,50
28400070060,青垣柏原線,絹山市島線,賀茂春日線,28223,0,1.9,丹波市氷上町絹山,3795,丹波市氷上町絹山,3991,7786,1.27,1.16,38.1,38.2,6.5,50
28400070070,青垣柏原線,賀茂春日線,丹波加美線,28223,0,1.7,丹波市氷上町絹山,3795,丹波市氷上町絹山,3991,7786,1.27,1.2,41.4,39.4,8.75,50
28400070080,青垣柏原線,丹波加美線,一般国道４８３号（北近畿豊岡道）,28223,0,1.5,丹波市氷上町市辺,4039,丹波市氷上町市辺,3920,7959,1.21,0.67,30.6,27.4,11,50
28400070090,青垣柏原線,一般国道４８３号（北近畿豊岡道）,一般国道１７５号,28223,0,0.9,丹波市氷上町横田,7369,丹波市氷上町横田,7036,14405,1.23,1.09,20.3,12.8,12.5,50
28301750610,青垣柏原線,一般国道１７５号,青垣柏原線,28223,0,1.1,,3834,,3769,7603,1.27,1.05,18.1,18,8.5,50
28301760630,青垣柏原線,青垣柏原線,一般国道１７６号,28223,0,1.9,,4092,,4533,8625,1.27,0.9,33.4,32.3,6.5,40
28400080010,加美宍粟線,一般国道４２７号,加美八千代線,28365,0,0.6,,1132,,1048,2180,1.22,0.36,25.2,43.1,12,40
28400080020,加美宍粟線,加美八千代線,多可町・神河町境,28365,0,5.2,,881,,829,1710,1.21,0.31,55.2,52.9,7.5,40
28400080030,加美宍粟線,多可町・神河町境,岩屋生野線,28446,0,2.1,,881,,829,1710,1.21,0.33,48.7,52.3,7.7,40
28400080040,加美宍粟線,岩屋生野線,一般国道３１２号,28446,0,6.5,,881,,829,1710,1.21,0.37,44.2,43.4,9.4,40
28400080060,加美宍粟線,一般国道３１２号,一般国道３１２号,28446,0,0.7,,904,,820,1724,1.21,0.33,15.5,21.6,10.7,40
28400080070,加美宍粟線,一般国道３１２号,長谷市川線,28446,0,2.3,,904,,820,1724,1.21,0.3,34.2,34,12.2,40
28400080080,加美宍粟線,長谷市川線,姫路神河線,28446,0,3.7,,904,,820,1724,1.21,0.29,45.5,48.9,10,40
28400080090,加美宍粟線,姫路神河線,神河町・宍粟市境,28446,0,10.3,神崎郡神河町上小田,234,神崎郡神河町上小田,223,457,1.18,0.07,45.5,46.3,9.3,40
28400080100,加美宍粟線,神河町・宍粟市境,,28227,0,3.1,神崎郡神河町上小田,234,神崎郡神河町上小田,223,457,1.18,0.06,37.7,42.6,7,40
28400080110,加美宍粟線,,一般国道２９号,28227,0,8,宍粟市一宮町能倉,903,宍粟市一宮町能倉,931,1834,1.22,0.29,42.9,41.1,9.5,40
28400090010,豊岡竹野線,香美久美浜線,戸島玄武洞豊岡線,28209,0,4.4,豊岡市城崎町飯谷,314,豊岡市城崎町飯谷,299,613,1.17,0.1,36.2,37.4,7,30
28400090020,豊岡竹野線,戸島玄武洞豊岡線,豊岡瀬戸線,28209,0,0.3,豊岡市城崎町飯谷,314,豊岡市城崎町飯谷,299,613,1.17,0.75,20.1,20.6,4.5,30
28400090040,豊岡竹野線,豊岡瀬戸線,香美久美浜線,28209,0,8.8,,448,,411,859,1.19,0.11,30.7,32.7,7,40
28400090060,豊岡竹野線,豊岡瀬戸線,,28209,0,0.7,,487,,493,980,1.17,0.12,26.6,20.7,11.5,40
28400100010,朝来出石線,一般国道９号,物部藪崎線,28225,0,0.2,朝来市和田山町宮田,1945,朝来市和田山町宮田,1901,3846,1.18,0.5,7.5,12.5,11,40
28400100020,朝来出石線,物部藪崎線,岡田林垣線,28225,0,1.1,朝来市和田山町宮田,1945,朝来市和田山町宮田,1901,3846,1.18,0.44,34,41.1,9,40
28400100030,朝来出石線,岡田林垣線,,28225,0,3.3,朝来市和田山町宮田,1945,朝来市和田山町宮田,1901,3846,1.18,0.38,39.4,50.2,12.5,40
28400100040,朝来出石線,,朝来市・豊岡市境,28225,0,4.5,朝来市和田山町宮田,1945,朝来市和田山町宮田,1901,3846,1.18,0.54,35.1,29.1,8.5,40
28400100050,朝来出石線,朝来市・豊岡市境,上村養父停車場線,28209,0,5.3,,285,,316,601,1.17,0.67,37.4,45.6,5,40
28400100060,朝来出石線,上村養父停車場線,一般国道４２６号,28209,0,3,,285,,316,601,1.17,0.08,52.4,44,7,40
28400100070,朝来出石線,一般国道４２６号,,28209,0,1,,285,,316,601,1.17,0.09,27.5,20.6,6.5,40
28400020070,朝来出石線,,宮津養父線,28209,0,0.1,,285,,316,601,1.17,0.08,12,11,7,40
28400110010,香美久美浜線,一般国道１７８号,香住港線,28585,0,2.4,,1840,,1899,3739,1.25,0.39,39,37.5,14,50
28400110020,香美久美浜線,香住港線,柴山停車場線,28585,0,4,,1840,,1899,3739,1.25,0.39,39.3,39.4,10,40
28400110030,香美久美浜線,柴山停車場線,,28585,0,2.7,,1840,,1899,3739,1.25,0.36,45.8,43.3,8,50
28400110040,香美久美浜線,,香美町・豊岡市境,28585,0,7.1,,315,,290,605,1.17,0.08,40.2,43.2,7.5,40
28400110050,香美久美浜線,香美町・豊岡市境,日高竹野線,28209,0,3,,315,,290,605,1.17,0.1,38,37,7,40
28400110060,香美久美浜線,日高竹野線,豊岡竹野線,28209,0,0.1,豊岡市竹野町田久日,148,豊岡市竹野町田久日,145,293,1.13,0.05,19.7,19.8,6.5,40
28400110070,香美久美浜線,豊岡竹野線,豊岡瀬戸線,28209,0,10,豊岡市竹野町田久日,148,豊岡市竹野町田久日,145,293,1.13,0.04,33.3,32.5,6.5,40
28400110090,香美久美浜線,豊岡瀬戸線,香美久美浜線,28209,0,0.9,,337,,345,682,1.18,0.09,38.2,38,7,50
28400110100,香美久美浜線,香美久美浜線,久美浜気比線,28209,0,1.5,,337,,345,682,1.18,0.08,39.2,35.8,7,50
28400110110,香美久美浜線,久美浜気比線,豊岡竹野線,28209,0,2,,337,,345,682,1.18,0.08,48.7,55.3,10.75,50
28400110120,香美久美浜線,豊岡竹野線,香美久美浜線,28209,0,3.3,,1015,,943,1958,1.22,0.2,38,40.1,10,40
28400110140,香美久美浜線,香美久美浜線,,28209,0,0.6,,219,,188,407,1.21,0.05,22.1,38.4,10,40
28400120010,川西篠山線,一般国道１７６号,川西篠山線,28217,0,0.9,川西市中央町,23638,川西市中央町,21039,44677,1.36,0.71,12.9,19.9,31.9,40
28400120020,川西篠山線,川西篠山線,川西篠山線,28217,0,2.5,川西市火打二丁目,16212,川西市火打二丁目,15053,31265,1.35,0.74,29.1,32,24,50
28400120030,川西篠山線,川西篠山線,（元）川西篠山線,28217,0,4,川西市清和台東五丁目,10428,川西市清和台東五丁目,9994,20422,1.24,0.96,29.1,32,24,50
28400120040,川西篠山線,（元）川西篠山線,川西市・猪名川町境,28217,0,0.1,川辺郡猪名川町広根,6680,川辺郡猪名川町広根,6672,13352,1.3,0.23,31.7,28.3,24,50
28400120050,川西篠山線,川西市・猪名川町境,切畑猪名川線,28301,0,1.8,川辺郡猪名川町広根,6680,川辺郡猪名川町広根,6672,13352,1.3,0.41,35.6,35.2,24,50
28400120060,川西篠山線,切畑猪名川線,川西三田線,28301,0,2,川辺郡猪名川町広根,6680,川辺郡猪名川町広根,6672,13352,1.3,0.44,28.2,30.8,24,50
28400120070,川西篠山線,川西三田線,川西三田線,28301,0,2.6,川辺郡猪名川町広根,6680,川辺郡猪名川町広根,6672,13352,1.3,0.91,29,33.3,11,50
28400120080,川西篠山線,川西三田線,下佐曽利笹尾線,28301,0,5.2,川辺郡猪名川町笹尾,2513,川辺郡猪名川町笹尾,2497,5010,1.25,0.5,48.3,46.9,9.5,50
28400120090,川西篠山線,下佐曽利笹尾線,島川原線,28301,0,3.7,川辺郡猪名川町笹尾,2513,川辺郡猪名川町笹尾,2497,5010,1.25,0.59,46,43.6,8.5,50
28400120100,川西篠山線,島川原線,杉生能勢線,28301,0,4.8,川辺郡猪名川町笹尾,2513,川辺郡猪名川町笹尾,2497,5010,1.25,0.52,53.8,53.8,14,50
28400120110,川西篠山線,杉生能勢線,猪名川町・丹波篠山市境,28301,0,1.2,川辺郡猪名川町笹尾,2513,川辺郡猪名川町笹尾,2497,5010,1.25,0.53,46,44,7,50
28400120120,川西篠山線,猪名川町・丹波篠山市境,福住三田線,28221,0,2.2,川辺郡猪名川町笹尾,2513,川辺郡猪名川町笹尾,2497,5010,1.25,0.61,52.2,55.8,7.5,50
28400120130,川西篠山線,福住三田線,三田後川上線,28221,0,0.1,川辺郡猪名川町笹尾,2513,川辺郡猪名川町笹尾,2497,5010,1.25,0.49,42.5,24.2,7.5,50
28400120140,川西篠山線,三田後川上線,曽地中三田線,28221,0,4.9,,1011,,1089,2100,1.22,0.27,50.8,50.8,7,50
28400120150,川西篠山線,曽地中三田線,一般国道３７２号,28221,0,1.3,,1011,,1089,2100,1.22,0.29,44.6,40.3,7,50
28400120165,川西篠山線,川西篠山線,（元）川西篠山線,28217,0,3.7,川西市出在家町,4289,川西市出在家町,4651,8940,1.28,0.73,17.8,19.7,8,40
28400120200,川西篠山線,川西篠山線,川西篠山線,28217,0,0.4,,,,,,,,11.9,17.1,13.5,40
28400130010,尼崎池田線,一般国道２号,,28202,0,0.8,尼崎市久々知西町１丁目,15602,尼崎市久々知西町１丁目,14090,29692,1.35,0.54,13.7,26.1,30,50
28400130020,尼崎池田線,,,28202,0,1,尼崎市久々知西町１丁目,15602,尼崎市久々知西町１丁目,14090,29692,1.35,0.8,19.2,19.4,30,50
28400130030,尼崎池田線,,尼崎池田線,28202,0,0.2,尼崎市久々知西町１丁目,15602,尼崎市久々知西町１丁目,14090,29692,1.35,0.93,22.3,22.1,22.1,50
28400130040,尼崎池田線,尼崎池田線,尼崎池田線,28202,0,0.4,尼崎市久々知西町１丁目,15602,尼崎市久々知西町１丁目,14090,29692,1.35,1.15,19.3,13,22,50
28400130050,尼崎池田線,尼崎池田線,西宮豊中線,28202,0,0.5,尼崎市塚口本町４丁目,15288,尼崎市塚口本町４丁目,15675,30963,1.33,1.2,10,21.3,20,50
28400130060,尼崎池田線,西宮豊中線,塚口停車場線,28202,0,0.3,尼崎市塚口本町４丁目,15288,尼崎市塚口本町４丁目,15675,30963,1.33,1.11,11.3,26.2,20,50
28400130070,尼崎池田線,塚口停車場線,西宮豊中線,28202,0,0.7,尼崎市塚口本町４丁目,15288,尼崎市塚口本町４丁目,15675,30963,1.33,0.97,20,22.4,20,50
28400130080,尼崎池田線,西宮豊中線,尼崎市・伊丹市境,28202,0,0.8,尼崎市塚口本町４丁目,15288,尼崎市塚口本町４丁目,15675,30963,1.33,1,22.5,21.2,20.1,50
28400130090,尼崎池田線,尼崎市・伊丹市境,大阪伊丹線,28207,0,0,尼崎市塚口本町４丁目,15288,尼崎市塚口本町４丁目,15675,30963,1.33,0.6,23.8,16.6,27,40
28400130100,尼崎池田線,大阪伊丹線,伊丹停車場線,28207,0,1.6,伊丹市南本町四丁目,14910,伊丹市南本町四丁目,17845,32755,1.35,1.06,30.4,23.6,27,50
28400130110,尼崎池田線,伊丹停車場線,伊丹豊中線,28207,0,0.3,伊丹市南本町四丁目,14910,伊丹市南本町四丁目,17845,32755,1.35,1.16,18.8,15.2,27,50
28400130120,尼崎池田線,伊丹豊中線,一般国道１７１号,28207,0,1.7,伊丹市北本町三丁目,15481,伊丹市北本町三丁目,13981,29462,1.35,0.98,20,20.7,27,50
28400130130,尼崎池田線,一般国道１７１号,伊丹市・川西市境,28207,0,0.5,川西市久代一丁目,12866,川西市久代一丁目,13070,25936,1.34,1.12,13.2,27.1,27,50
28400130140,尼崎池田線,伊丹市・川西市境,一般国道１７６号,28217,0,1,川西市久代一丁目,12866,川西市久代一丁目,13070,25936,1.34,0.77,36.4,24.4,27,50
28400130150,尼崎池田線,一般国道１７６号,寺本川西線,28217,0,0.9,川西市下加茂二丁目,16180,川西市下加茂二丁目,16250,32430,1.34,0.47,15.4,22.7,30,50
28400130160,尼崎池田線,寺本川西線,一般国道１７６号,28217,0,0.8,川西市下加茂二丁目,16180,川西市下加茂二丁目,16250,32430,1.34,0.52,32.4,16,30,50
28400130180,尼崎池田線,尼崎池田線,,28202,0,0.5,尼崎市尾浜町３丁目,4649,尼崎市尾浜町３丁目,4471,9120,1.27,0.35,8.6,14.7,21,40
28400130190,尼崎池田線,,名神高速道路,28202,0,0.2,尼崎市尾浜町３丁目,4649,尼崎市尾浜町３丁目,4471,9120,1.27,0.41,13,22.8,23,40
28400130200,尼崎池田線,名神高速道路,,28202,0,0.1,尼崎市尾浜町３丁目,4649,尼崎市尾浜町３丁目,4471,9120,1.27,0.4,21.8,8.6,23,40
28400130210,尼崎池田線,,尼崎池田線,28202,0,0.3,尼崎市名神町,12228,尼崎市名神町,13399,25627,1.35,0.57,13.6,11.2,37.8,40
28400140010,本竜野停車場線,,東觜崎網干停車場線,28229,0,0.3,たつの市龍野町堂本,1190,たつの市龍野町堂本,1084,2274,1.25,0.46,14.8,10.2,7,40
28400140020,本竜野停車場線,東觜崎網干停車場線,一般国道１７９号,28229,0,0.3,たつの市龍野町堂本,1190,たつの市龍野町堂本,1084,2274,1.25,0.37,14.3,12,8.5,40
28400150010,神戸三田線,一般国道４２８号,一般国道４２８号,28105,0,1.2,,867,,839,1706,1.21,0.18,32.7,45.6,6.75,30
28400150020,神戸三田線,一般国道４２８号,一般国道４２８号,28105,0,0.8,,867,,839,1706,1.21,0.19,48.6,19.7,6,30
28400150040,神戸三田線,一般国道４２８号,高速北神戸線,28109,0,0.2,神戸市北区山田町下谷上,13372,神戸市北区山田町下谷上,13797,27169,1.33,0.63,8.5,14.1,25.4,50
28400150050,神戸三田線,高速北神戸線,山田三田線,28109,0,0.4,神戸市北区山田町下谷上,13372,神戸市北区山田町下谷上,13797,27169,1.33,1.72,20.7,20.7,17.8,50
28400150060,神戸三田線,山田三田線,,28109,0,2.8,神戸市北区山田町下谷上,13372,神戸市北区山田町下谷上,13797,27169,1.33,1.76,17.8,20.1,18.1,50
28400150070,神戸三田線,,灘三田線,28109,0,2.7,神戸市北区有野町唐櫃,9698,神戸市北区有野町唐櫃,10244,19942,1.29,1.34,26.9,19.8,15.9,50
28400150080,神戸三田線,灘三田線,宝塚唐櫃線,28109,0,1.5,神戸市北区有野町唐櫃,10912,神戸市北区有野町唐櫃,11961,22873,1.32,1.78,18.9,24.7,6.6,40
28400150090,神戸三田線,宝塚唐櫃線,高速道路北神戸線,28109,0,1.2,神戸市北区有野町有野,11527,神戸市北区有野町有野,11525,23052,1.33,1.47,24.4,32,9.9,40
28400150100,神戸三田線,高速道路北神戸線,五社停車場線,28109,0,0.1,神戸市北区有野町有野,11527,神戸市北区有野町有野,11525,23052,1.33,0.52,23.4,19.1,20,40
28400150110,神戸三田線,五社停車場線,市野瀬有馬線,28109,0,0.3,神戸市北区有野町有野,11527,神戸市北区有野町有野,11525,23052,1.33,0.52,26.8,20.2,19.1,40
28400150120,神戸三田線,市野瀬有馬線,市野瀬有馬線,28109,0,0.3,神戸市北区有野町有野,11527,神戸市北区有野町有野,11525,23052,1.33,0.61,17.7,11.1,18.5,50
28400150130,神戸三田線,市野瀬有馬線,有野藤原線,28109,0,1.6,神戸市北区有野町有野,7013,神戸市北区有野町有野,6902,13915,1.3,0.91,19.3,17.2,18.9,40
28400150140,神戸三田線,有野藤原線,岡場停車場線,28109,0,0.1,神戸市北区有野町有野,7013,神戸市北区有野町有野,6902,13915,1.3,0.83,8,16.3,18,40
28400150150,神戸三田線,岡場停車場線,大沢西宮線,28109,0,1.3,神戸市北区有野町有野,7013,神戸市北区有野町有野,6902,13915,1.3,1.03,20,20,18,50
28400150160,神戸三田線,大沢西宮線,宅原中央線,28109,0,2.4,神戸市北区道場町日下部,2753,神戸市北区道場町日下部,3112,5865,1.26,0.61,22.4,34.7,9.9,50
28400150170,神戸三田線,宅原中央線,三木三田線,28109,0,0.6,神戸市北区道場町日下部,2753,神戸市北区道場町日下部,3112,5865,1.26,0.65,34.2,25.8,11.5,50
28400150180,神戸三田線,三木三田線,一般国道１７６号,28109,0,0.1,神戸市北区道場町日下部,2753,神戸市北区道場町日下部,3112,5865,1.26,0.79,20.8,6.9,7.3,50
28400150200,神戸三田線,一般国道１７６号,切畑道場線,28109,0,0.1,,,,,,,,10,15.9,7.1,40
28400150210,神戸三田線,切畑道場線,一般国道１７６号,28109,0,0.7,,,,,,,,23.3,21.7,12.9,40
28400160010,明石神戸宝塚線,明石神戸宝塚線,,28203,0,1.2,明石市鷹匠町４丁目,5138,明石市鷹匠町４丁目,4805,9943,1.27,0.81,18.4,20.3,9,40
28400160020,明石神戸宝塚線,,小部明石線,28111,0,0.1,,5480,,5011,10491,1.28,0.65,25.3,18.6,10.5,40
28400160030,明石神戸宝塚線,小部明石線,玉津鳥羽線,28111,0,0.7,,5234,,4907,10141,1.28,1.01,26.8,27.9,6.1,40
28400160040,明石神戸宝塚線,玉津鳥羽線,神戸明石線,28111,0,1,,5234,,4907,10141,1.28,0.78,23.6,20.3,10.4,40
28400160050,明石神戸宝塚線,神戸明石線,出合白水線,28111,0,0.6,神戸市西区伊川谷町上脇,10574,神戸市西区伊川谷町上脇,10277,20851,1.33,1.51,16.8,25.8,9.6,50
28400160060,明石神戸宝塚線,出合白水線,平野舞子停車場線,28111,0,2.5,神戸市西区伊川谷町上脇,10574,神戸市西区伊川谷町上脇,10277,20851,1.33,1.55,19,14.8,8.9,50
28400160070,明石神戸宝塚線,平野舞子停車場線,一般国道２号（神戸西バイパス一般部）,28111,0,0.1,神戸市西区伊川谷町上脇,8275,神戸市西区伊川谷町上脇,8261,16536,1.31,1.21,21.5,8.2,18.5,50
28400160080,明石神戸宝塚線,一般国道２号（神戸西バイパス一般部）,西神中央線,28111,0,1.4,神戸市西区伊川谷町上脇,8275,神戸市西区伊川谷町上脇,8261,16536,1.31,1,13.3,18.5,20,50
28400160090,明石神戸宝塚線,西神中央線,神戸加古川姫路線,28111,0,1.8,神戸市西区前開南町１丁目,3191,神戸市西区前開南町１丁目,3312,6503,1.26,0.55,23.6,29.1,10.1,50
28400160100,明石神戸宝塚線,神戸加古川姫路線,明石神戸宝塚線,28111,0,1.1,,2681,,3047,5728,1.26,0.52,34.2,39.4,10,50
28400160110,明石神戸宝塚線,明石神戸宝塚線,明石神戸宝塚線,28111,0,0.7,,2681,,3047,5728,1.26,0.54,48.6,34.5,8.5,40
28400160120,明石神戸宝塚線,明石神戸宝塚線,神戸加古川姫路線,28111,0,0.3,,2681,,3047,5728,1.26,0.25,16.9,14.1,28.2,40
28400160130,明石神戸宝塚線,神戸加古川姫路線,明石神戸宝塚線,28111,0,0.3,,6705,,6924,13629,1.3,0.47,22.1,24.3,31.1,50
28400160140,明石神戸宝塚線,明石神戸宝塚線,神戸加古川姫路線,28111,0,0.4,,6705,,6924,13629,1.3,0.62,32.1,18.8,27.4,50
28400160150,明石神戸宝塚線,神戸加古川姫路線,高速北神戸線,28111,0,0.6,,7767,,9260,17027,1.31,1.32,27,43,16.5,50
28400160160,明石神戸宝塚線,高速北神戸線,神戸三木線,28111,0,0.5,,7767,,9260,17027,1.31,1.47,44.7,20.8,18.2,50
28400160170,明石神戸宝塚線,神戸三木線,明石神戸宝塚線,28111,0,0.1,神戸市西区伊川谷町布施畑,11968,神戸市西区伊川谷町布施畑,12068,24036,1.33,0.75,12.1,24,17.6,50
28400160180,明石神戸宝塚線,明石神戸宝塚線,神戸市西区・神戸市須磨区境,28111,0,0.5,神戸市西区伊川谷町布施畑,11968,神戸市西区伊川谷町布施畑,12068,24036,1.33,0.69,14.6,26.5,19.5,50
28400160190,明石神戸宝塚線,神戸市西区・神戸市須磨区境,高倉白川線,28107,0,0.4,神戸市西区伊川谷町布施畑,11968,神戸市西区伊川谷町布施畑,12068,24036,1.33,0.73,19.8,14.5,19.5,50
28400160200,明石神戸宝塚線,高倉白川線,神戸三木線,28107,0,0.4,神戸市西区伊川谷町布施畑,11968,神戸市西区伊川谷町布施畑,12068,24036,1.33,2.92,9.5,20.5,9.2,50
28400160220,明石神戸宝塚線,神戸三木線,,28107,0,1.8,,,,,,,,,,4.1,60
28400160240,明石神戸宝塚線,長田箕谷線,小部明石線,28109,0,1.7,,11264,,11577,22841,1.33,0.7,31.7,28,20,50
28400160250,明石神戸宝塚線,小部明石線,小部明石線,28109,0,0.3,,11089,,11770,22859,1.26,0.89,19.9,21.9,23,50
28400160260,明石神戸宝塚線,小部明石線,長田箕谷線,28109,0,2,,10911,,10906,21817,1.33,0.66,27.5,24.2,20,50
28400160270,明石神戸宝塚線,長田箕谷線,一般国道４２８号,28109,0,1.2,神戸市北区若葉台３丁目,4038,神戸市北区若葉台３丁目,3784,7822,1.27,0.62,18.7,16.7,14.9,40
28400160290,明石神戸宝塚線,一般国道４２８号,神戸市北区・神戸市灘区境,28109,0,5.9,,368,,378,746,1.18,0.17,22.6,34.7,9.6,40
28400160300,明石神戸宝塚線,神戸市北区・神戸市灘区境,神戸六甲線,28102,0,4.1,,368,,378,746,1.18,0.17,30.5,31.8,10.5,40
28400160310,明石神戸宝塚線,神戸六甲線,有野六甲線,28102,0,1,,846,,813,1659,1.21,0.24,24.2,25.3,14.2,40
28400160320,明石神戸宝塚線,有野六甲線,神戸市灘区・神戸市北区境,28102,0,2.5,,274,,274,548,1.17,0.06,27.3,26.7,10,40
28400160330,明石神戸宝塚線,神戸市灘区・神戸市北区境,神戸市北区・神戸市東灘区境,28109,0,2.5,,274,,274,548,1.17,0.06,36,33,7.8,40
28400160340,明石神戸宝塚線,神戸市北区・神戸市東灘区境,神戸市東灘区・神戸市北区境,28101,0,0.3,,274,,274,548,1.17,0.06,34.9,35,7.5,40
28400160350,明石神戸宝塚線,神戸市東灘区・神戸市北区境,,28109,0,0.3,,274,,274,548,1.17,0.06,38.4,38,7.1,40
28400160360,明石神戸宝塚線,,明石神戸宝塚線（旧道）,28206,0,0.2,,328,,264,592,1.17,0.09,47.7,47,7,40
28400160370,明石神戸宝塚線,明石神戸宝塚線（旧道）,西宮市・芦屋市境,28204,0,0.4,,328,,264,592,1.17,0.09,35,34.8,7,40
28400160380,明石神戸宝塚線,西宮市・芦屋市境,芦屋市・西宮市境,28206,0,0.9,,328,,264,592,1.17,0.09,30.9,34.8,7,40
28400160390,明石神戸宝塚線,芦屋市・西宮市境,西宮市道,28204,0,2.7,,328,,264,592,1.17,0.09,38.3,37.4,7,40
28400160400,明石神戸宝塚線,西宮市道,大沢西宮線（西宮北道路）,28204,0,0.4,,1167,,1020,2187,1.22,0.24,35.4,29.9,8,40
28400160410,明石神戸宝塚線,大沢西宮線（西宮北道路）,大沢西宮線（西宮北道路）,28204,0,0.7,西宮市越水,8875,西宮市越水,9893,18768,1.3,1.46,28.7,40.8,10.6,40
28400160420,明石神戸宝塚線,大沢西宮線（西宮北道路）,大沢西宮線,28204,0,0.6,宝塚市野上二丁目,3872,宝塚市野上二丁目,3392,7264,1.27,0.64,42.9,73,8,40
28400160430,明石神戸宝塚線,大沢西宮線,西宮市・宝塚市境,28204,0,1.2,宝塚市野上二丁目,3872,宝塚市野上二丁目,3392,7264,1.27,0.67,34.1,46.3,7,40
28400160440,明石神戸宝塚線,西宮市・宝塚市境,西宮宝塚線,28214,0,3.9,宝塚市野上二丁目,3872,宝塚市野上二丁目,3392,7264,1.27,0.62,18.4,13.8,13.5,40
28400160450,明石神戸宝塚線,西宮宝塚線,生瀬門戸荘線,28214,0,0.7,宝塚市野上二丁目,3872,宝塚市野上二丁目,3392,7264,1.27,0.69,18,12.3,13.5,40
28400160460,明石神戸宝塚線,生瀬門戸荘線,一般国道１７６号,28214,0,0.5,宝塚市野上二丁目,3872,宝塚市野上二丁目,3392,7264,1.27,0.61,9.6,10.3,13.5,40
28400160480,明石神戸宝塚線,明石神戸宝塚線,明石神戸宝塚線,28111,0,0.8,,3536,,3586,7122,1.27,0.62,26,26,6.7,40
28400160500,明石神戸宝塚線,明石神戸宝塚線,神戸三木線,28111,0,1.4,,873,,849,1722,1.21,0.18,35,38.3,9,40
28400160510,明石神戸宝塚線,神戸三木線,明石神戸宝塚線,28111,0,0.1,,873,,849,1722,1.21,0.59,11.1,15.1,9.5,40
28400160530,明石神戸宝塚線（旧道）,明石神戸宝塚線,,28204,0,0.1,,,,,,,,,,8.4,40
28400170010,西脇三田線,一般国道４２７号,和布西脇線,28213,0,0.8,西脇市下戸田,4840,西脇市下戸田,3967,8807,1.27,0.68,20.1,23,7.5,40
28400170020,西脇三田線,和布西脇線,野村野村停車場線,28213,0,1,西脇市下戸田,4840,西脇市下戸田,3967,8807,1.27,0.94,16.2,17.2,6.5,40
28400170030,西脇三田線,野村野村停車場線,野村野村停車場線,28213,0,0.2,西脇市下戸田,4840,西脇市下戸田,3967,8807,1.27,0.7,25.3,24.1,6.5,40
28400170040,西脇三田線,野村野村停車場線,西脇八千代市川線,28213,0,0.1,西脇市下戸田,4840,西脇市下戸田,3967,8807,1.27,0.87,23.3,14.5,6.5,40
28400170050,西脇三田線,西脇八千代市川線,西脇市・加東市境,28213,0,1.9,西脇市下戸田,4840,西脇市下戸田,3967,8807,1.27,0.67,35.3,36.4,7,40
28400170060,西脇三田線,西脇市・加東市境,市場多井田線,28228,0,1,西脇市下戸田,4840,西脇市下戸田,3967,8807,1.27,0.69,36.3,34.6,7,40
28400170070,西脇三田線,市場多井田線,滝野停車場線,28228,0,0.9,加東市上滝野,3591,加東市上滝野,3755,7346,1.27,0.82,21.8,26.9,9.5,40
28400170080,西脇三田線,滝野停車場線,下滝野市川線,28228,0,0.2,加東市上滝野,3591,加東市上滝野,3755,7346,1.27,0.91,20.9,17.1,9,40
28400170090,西脇三田線,下滝野市川線,中国自動車道,28228,0,0.6,加東市上滝野,3591,加東市上滝野,3755,7346,1.27,0.91,19.2,19.6,12,40
28400170100,西脇三田線,中国自動車道,一般国道１７５号,28228,0,0.2,加東市上滝野,3591,加東市上滝野,3755,7346,1.27,0.34,17.2,12.1,15,40
28400170110,西脇三田線,一般国道１７５号,東古瀬穂積線,28228,0,0.7,加東市木梨,3909,加東市木梨,3812,7721,1.26,0.64,17.1,22.4,13.5,50
28400170120,西脇三田線,東古瀬穂積線,一般国道３７２号,28228,0,1.7,加東市木梨,3909,加東市木梨,3812,7721,1.26,0.65,22.4,26.5,11,50
28400170130,西脇三田線,一般国道３７２号,西脇口吉川神戸線,28228,0,3.4,加東市上久米,5382,加東市上久米,5315,10697,1.28,0.89,40.1,44.3,11.5,50
28400170140,西脇三田線,西脇口吉川神戸線,西脇口吉川神戸線,28228,0,1.5,加東市上久米,5382,加東市上久米,5315,10697,1.28,0.86,40.1,29.8,10.3,50
28400170150,西脇三田線,西脇口吉川神戸線,小野藍本線,28228,0,3.1,加東市上久米,5382,加東市上久米,5315,10697,1.28,0.9,40.3,32.3,8,50
28400170160,西脇三田線,小野藍本線,小野藍本線,28228,0,0.2,加東市横谷,3709,加東市横谷,3877,7586,1.26,0.95,16,21.7,12,50
28400170170,西脇三田線,小野藍本線,下相野森線,28228,0,0.5,加東市横谷,3709,加東市横谷,3877,7586,1.26,0.85,29.4,33.4,10.5,50
28400170180,西脇三田線,下相野森線,ひょうご東条インター線,28228,0,1.6,加東市横谷,3709,加東市横谷,3877,7586,1.26,0.78,35.5,29.6,11.5,50
28400170190,西脇三田線,ひょうご東条インター線,加東市・三木市境,28228,0,1.3,加東市横谷,3709,加東市横谷,3877,7586,1.26,1.06,45,49,10.5,50
28400170200,西脇三田線,加東市・三木市境,,28215,0,0.1,加東市横谷,3709,加東市横谷,3877,7586,1.26,1.06,48.2,52.2,8,50
28400170210,西脇三田線,,加古川三田線,28215,0,0.8,三木市吉川町古市,3575,三木市吉川町古市,3699,7274,1.26,0.93,46.9,38.7,11.5,50
28400170220,西脇三田線,加古川三田線,大川瀬吉川線,28215,0,0.2,三木市吉川町大畑,5938,三木市吉川町大畑,6237,12175,1.3,1.25,14.7,22.6,9.5,50
28400170230,西脇三田線,大川瀬吉川線,淡河吉川線,28215,0,0.5,三木市吉川町大畑,5938,三木市吉川町大畑,6237,12175,1.3,1.06,22.8,28.3,10,40
28400170240,西脇三田線,淡河吉川線,一般国道４２８号,28215,0,1.2,三木市吉川町大畑,5938,三木市吉川町大畑,6237,12175,1.3,0.95,25.1,25.7,10,40
28400170250,西脇三田線,一般国道４２８号,新田大沢線,28215,0,0.8,三木市吉川町金会,5586,三木市吉川町金会,6327,11913,1.28,0.98,26.3,16.1,12,40
28400170260,西脇三田線,新田大沢線,市野瀬有馬線,28215,0,2.9,三木市吉川町金会,5586,三木市吉川町金会,6327,11913,1.28,0.95,38.5,37.5,9.5,40
28400170270,西脇三田線,市野瀬有馬線,,28215,0,0.9,三木市吉川町金会,5586,三木市吉川町金会,6327,11913,1.28,0.91,25.8,44.6,9.8,40
28400170280,西脇三田線,,大沢西宮線,28109,0,1.2,,2974,,3374,6348,1.26,0.61,46.2,40.6,9.5,50
28400170290,西脇三田線,大沢西宮線,西脇三田線,28109,0,0.4,,2974,,3374,6348,1.26,0.59,23,40.4,9,50
28400170300,西脇三田線,西脇三田線,西脇三田線,28109,0,0.1,,2974,,3374,6348,1.26,0.53,51.4,46.7,11.5,50
28400170310,西脇三田線,西脇三田線,長尾線,28109,0,1.5,,2974,,3374,6348,1.26,0.56,32.2,37.9,10.5,50
28400170320,西脇三田線,長尾線,山田三田線,28109,0,1.2,,2974,,3374,6348,1.26,0.62,40.5,24,10.7,50
28400170330,西脇三田線,山田三田線,定塚四軒茶屋線,28109,0,1.8,神戸市北区長尾町宅原,4592,神戸市北区長尾町宅原,4670,9262,1.28,0.8,32.8,30.6,9.8,50
28400170340,西脇三田線,定塚四軒茶屋線,北神中央線,28109,0,0.3,,13235,,12910,26145,1.34,1.94,17.3,17.2,8.1,50
28400170350,西脇三田線,北神中央線,,28109,0,0.2,,13235,,12910,26145,1.34,0.58,26.7,21.2,21.2,50
28400170360,西脇三田線,,テクノパーク三田線,28219,0,0.4,三田市南が丘二丁目,6575,三田市南が丘二丁目,6153,12728,1.3,0.28,38.5,14.4,21.4,50
28400170370,西脇三田線,テクノパーク三田線,黒石三田線,28219,0,0.9,三田市南が丘二丁目,6575,三田市南が丘二丁目,6153,12728,1.3,0.55,16.8,21.9,28.1,50
28400170380,西脇三田線,黒石三田線,一般国道１７６号,28219,0,0.5,三田市南が丘二丁目,6575,三田市南が丘二丁目,6153,12728,1.3,1.29,21.1,13.1,8.5,50
28400170430,西脇三田線,西脇三田線,西脇三田線,28109,0,0.1,,,,,,,,42.4,37.8,10.6,50
28400180010,加古川小野線,一般国道２号,一般国道２号,28210,0,1,加古川市加古川町河原,10687,加古川市加古川町河原,10884,21571,1.33,0.93,19.6,11.8,30,40
28400180020,加古川小野線,一般国道２号,平荘大久保線,28210,0,3,加古川市神野町神野,4950,加古川市神野町神野,4555,9505,1.27,0.76,20,24.5,12,40
28400180030,加古川小野線,平荘大久保線,八幡別府線,28210,0,2.2,加古川市神野町神野,4950,加古川市神野町神野,4555,9505,1.27,0.73,28,38.3,8,40
28400180040,加古川小野線,八幡別府線,神戸加古川姫路線,28210,0,1.2,加古川市神野町神野,4950,加古川市神野町神野,4555,9505,1.27,0.75,33.2,12.4,7.8,40
28400180050,加古川小野線,神戸加古川姫路線,厄神停車場線,28210,0,0.8,加古川市上荘町国包,7448,加古川市上荘町国包,7646,15094,1.31,0.96,22.5,12.5,8.5,40
28400180060,加古川小野線,厄神停車場線,加古川三田線,28210,0,0.4,加古川市上荘町国包,7448,加古川市上荘町国包,7646,15094,1.31,0.9,9.4,23.7,8.5,50
28400180070,加古川小野線,加古川三田線,宗佐土山線,28210,0,1.5,小野市樫山町,9622,小野市樫山町,9267,18889,1.32,1.18,20.8,37.7,8,40
28400180080,加古川小野線,宗佐土山線,加古川市・三木市境,28210,0,0.1,小野市樫山町,9622,小野市樫山町,9267,18889,1.32,1.47,21.8,16.1,8,40
28400180090,加古川小野線,加古川市・三木市境,正法寺三木停車場線,28215,0,0.2,小野市樫山町,9622,小野市樫山町,9267,18889,1.32,1.5,18.7,21,7.3,40
28400180100,加古川小野線,正法寺三木停車場線,三木市・小野市境,28215,0,0.2,小野市樫山町,9622,小野市樫山町,9267,18889,1.32,1.23,14.3,28.1,9.5,40
28400180110,加古川小野線,三木市・小野市境,市場多井田線,28218,0,1.6,小野市樫山町,9622,小野市樫山町,9267,18889,1.32,1.14,21.9,23.2,10,40
28400180120,加古川小野線,市場多井田線,三木宍粟線,28218,0,0.6,小野市樫山町,9622,小野市樫山町,9267,18889,1.32,1.41,14.6,10.8,11,40
28400180130,加古川小野線,三木宍粟線,小野香寺線,28218,0,2,小野市上本町,4211,小野市上本町,4906,9117,1.28,0.68,20.8,30.7,8.5,40
28400180140,加古川小野線,小野香寺線,小野香寺線,28218,0,0.3,小野市上本町,4211,小野市上本町,4906,9117,1.28,0.73,17.2,21.6,7.5,40
28400180150,加古川小野線,小野香寺線,三木宍粟線,28218,0,1.4,小野市上本町,4211,小野市上本町,4906,9117,1.28,0.69,21.9,19.2,7.5,40
28400180160,加古川小野線,三木宍粟線,住吉住永線,28218,0,2.2,小野市上本町,4211,小野市上本町,4906,9117,1.28,0.67,30.1,28.8,9,40
28400180170,加古川小野線,住吉住永線,住吉住永線,28218,0,0.4,小野市上本町,4211,小野市上本町,4906,9117,1.28,0.72,37.1,34.2,8.5,40
28400180180,加古川小野線,住吉住永線,一般国道１７５号,28218,0,0.8,小野市上本町,4211,小野市上本町,4906,9117,1.28,0.63,17.5,13.3,7,40
28400180200,加古川小野線,一般国道２号,（元）野口尾上線,28210,0,0.4,加古川市野口町坂元,11152,加古川市野口町坂元,10247,21399,1.32,0.73,10.1,22.3,30,50
28400180250,加古川小野線,（元）野口尾上線,一般国道２号,28210,0,0.8,加古川市野口町水足,14300,加古川市野口町水足,13601,27901,1.28,0.46,35.9,28.6,38,50
28400180260,加古川小野線,一般国道２号,,28210,1,2.2,加古川市野口町水足,14300,加古川市野口町水足,13601,27901,1.28,1.61,59.6,41.3,12.7,80
28400180220,加古川小野線,,,28210,1,1.5,加古川市神野町福留,16238,加古川市神野町福留,17168,33406,1.35,1.52,22.5,57.2,12.7,80
28400180230,加古川小野線,,神戸加古川姫路線,28210,1,1.9,加古川市神野町西条,9097,加古川市神野町西条,7874,16971,1.31,0.81,38.4,16,12.7,80
28400190010,加古川高砂線,一般国道２号,一般国道２５０号,28210,0,1.5,加古川市加古川町備後,8581,加古川市加古川町備後,9756,18337,1.31,0.74,22.2,19.3,19,50
28400190020,加古川高砂線,一般国道２５０号,明石高砂線,28210,0,1.2,加古川市加古川町備後,8581,加古川市加古川町備後,9756,18337,1.31,0.71,18.9,20.6,22,50
28400200010,加古川三田線,加古川小野線,宗佐土山線,28210,0,1,三木市別所町高木,6513,三木市別所町高木,6159,12672,1.26,0.99,28.2,30,6.5,50
28400200020,加古川三田線,宗佐土山線,加古川市・三木市境,28210,0,0.2,三木市別所町高木,6513,三木市別所町高木,6159,12672,1.26,1.24,8.7,30.6,6.5,50
28400200030,加古川三田線,加古川市・三木市境,三木環状線,28215,0,3.6,三木市別所町高木,6513,三木市別所町高木,6159,12672,1.26,0.87,30.5,37.3,11,50
28400200040,加古川三田線,三木環状線,加古川三田線,28215,0,1.6,三木市別所町高木,6513,三木市別所町高木,6159,12672,1.26,0.94,22.9,18.3,11,50
28400200050,加古川三田線,加古川三田線,三木三田線,28215,0,1.9,三木市福井,4423,三木市福井,4561,8984,1.27,0.75,30.5,18.5,16,50
28400200060,加古川三田線,三木三田線,加古川三田線,28215,0,0.2,三木市福井,4423,三木市福井,4561,8984,1.27,0.89,13.8,7.9,16.5,50
28400200070,加古川三田線,加古川三田線,万勝寺久留美線,28215,0,2.2,三木市細川町豊地,5548,三木市細川町豊地,5408,10956,1.28,1.29,18,30.3,10,40
28400200080,加古川三田線,万勝寺久留美線,三木環状線,28215,0,1.3,三木市細川町豊地,5548,三木市細川町豊地,5408,10956,1.28,1.15,42.2,40.5,10.5,40
28400200090,加古川三田線,三木環状線,神戸加東線,28215,0,1.4,三木市細川町豊地,5548,三木市細川町豊地,5408,10956,1.28,1.23,38.6,30.4,9,40
28400200100,加古川三田線,神戸加東線,神戸加東線,28215,0,2.4,三木市口吉川町殿畑,8653,三木市口吉川町殿畑,8737,17390,1.27,1.58,38.7,35.6,9.5,50
28400200110,加古川三田線,神戸加東線,西脇口吉川神戸線,28215,0,2.4,三木市口吉川町殿畑,8653,三木市口吉川町殿畑,8737,17390,1.27,1.58,40.1,48.3,8.5,50
28400200120,加古川三田線,西脇口吉川神戸線,西脇口吉川神戸線,28215,0,1.2,三木市口吉川町殿畑,8653,三木市口吉川町殿畑,8737,17390,1.27,1.61,40.3,40.1,7,50
28400200130,加古川三田線,西脇口吉川神戸線,西脇三田線,28215,0,3.8,三木市口吉川町殿畑,8653,三木市口吉川町殿畑,8737,17390,1.27,1.56,40.8,35.4,9.5,50
28400200150,加古川三田線,加古川三田線,三木宍粟線,28215,0,0.4,三木市本町,5238,三木市本町,5266,10504,1.28,0.88,18.3,19.6,11,40
28400200160,加古川三田線,三木宍粟線,加古川三田線,28215,0,0.9,三木市本町,5238,三木市本町,5266,10504,1.28,0.88,20.9,13.6,8.5,40
28400210010,神戸明石線,一般国道２号,新神戸停車場線,28110,0,0.2,神戸市中央区三宮町１丁目,8306,神戸市中央区三宮町１丁目,20580,28886,1.35,0.5,14.8,11.1,51,40
28400210020,神戸明石線,新神戸停車場線,,28110,0,0.6,神戸市中央区三宮町１丁目,8306,神戸市中央区三宮町１丁目,20580,28886,1.35,0.74,10.2,18.6,35.8,40
28400210030,神戸明石線,,一般国道２８号,28110,0,1.4,,,神戸市中央区元町高架通,14083,14083,1.3,0.28,,18.3,26.9,50
28400210050,神戸明石線,一般国道２８号,高速道路２号線,28106,0,0.4,神戸市長田区大道通１丁目,16784,神戸市長田区大道通１丁目,13956,30740,1.36,0.54,13.4,19.5,48,50
28400210060,神戸明石線,高速道路２号線,神戸三木線,28106,0,0.4,神戸市長田区大道通１丁目,16784,神戸市長田区大道通１丁目,13956,30740,1.36,0.84,15.7,33,29.5,50
28400210070,神戸明石線,神戸三木線,若松線,28106,0,0.4,神戸市長田区大道通１丁目,16784,神戸市長田区大道通１丁目,13956,30740,1.36,0.84,28.7,23,29.5,50
28400210080,神戸明石線,若松線,神戸市長田区・神戸市須磨区境,28106,0,0.3,神戸市長田区大道通１丁目,16784,神戸市長田区大道通１丁目,13956,30740,1.36,0.82,15.8,24.1,30.1,50
28400210090,神戸明石線,神戸市長田区・神戸市須磨区境,西出高松前池線,28107,0,0.2,神戸市長田区大道通１丁目,16784,神戸市長田区大道通１丁目,13956,30740,1.36,0.76,18.6,16.1,30.1,50
28400210100,神戸明石線,西出高松前池線,中央幹線,28107,0,1.2,神戸市須磨区戸政町１丁目,8557,神戸市須磨区戸政町１丁目,8539,17096,1.31,0.44,21.4,20.1,30,50
28400210110,神戸明石線,中央幹線,高速神戸西宮線,28107,0,0.4,神戸市須磨区戸政町４丁目,8294,神戸市須磨区戸政町４丁目,6392,14686,1.3,1.36,10.1,6.4,16.4,40
28400210120,神戸明石線,高速神戸西宮線,神戸加古川姫路線,28107,0,0.6,神戸市須磨区戸政町４丁目,8294,神戸市須磨区戸政町４丁目,6392,14686,1.3,0.31,9.3,24.6,23.1,40
28400210130,神戸明石線,神戸加古川姫路線,神戸市須磨区・神戸市垂水区境,28107,0,1.8,神戸市須磨区西須磨,8350,神戸市須磨区西須磨,8015,16365,1.38,1.49,28,40.6,11.8,40
28400210140,神戸明石線,神戸市須磨区・神戸市垂水区境,塩屋丸山線,28108,0,1.5,神戸市須磨区西須磨,8350,神戸市須磨区西須磨,8015,16365,1.38,1.61,26.9,11.9,14.9,40
28400210150,神戸明石線,塩屋丸山線,高尾箕の谷線,28108,0,0.5,神戸市須磨区西須磨,8350,神戸市須磨区西須磨,8015,16365,1.38,1.61,18.2,11.2,10.9,40
28400210160,神戸明石線,高尾箕の谷線,一般国道２号（第二神明道路）,28108,0,0.9,神戸市須磨区西須磨,8350,神戸市須磨区西須磨,8015,16365,1.38,1.53,25.6,20.9,12.9,40
28400210180,神戸明石線,一般国道２号（第二神明道路）,漆山多聞線,28111,0,0.1,神戸市西区伊川谷町潤和,9869,神戸市西区伊川谷町潤和,9593,19462,1.32,1.48,20.6,5.5,15.9,40
28400210190,神戸明石線,漆山多聞線,有瀬大蔵線,28111,0,0.7,神戸市西区伊川谷町潤和,9869,神戸市西区伊川谷町潤和,9593,19462,1.32,1.28,8.7,15.9,14.4,40
28400210200,神戸明石線,有瀬大蔵線,明石神戸宝塚線,28111,0,1.2,神戸市西区伊川谷町潤和,9869,神戸市西区伊川谷町潤和,9593,19462,1.32,1.35,18.6,14.5,15.3,40
28400210210,神戸明石線,明石神戸宝塚線,永井谷線,28111,0,0.1,神戸市西区伊川谷町潤和,9869,神戸市西区伊川谷町潤和,9593,19462,1.32,1.04,12.1,9.9,16.6,40
28400210220,神戸明石線,永井谷線,小部明石線,28111,0,1,神戸市西区伊川谷町潤和,9869,神戸市西区伊川谷町潤和,9593,19462,1.32,1.39,10.5,18.7,18.4,40
28400210230,神戸明石線,小部明石線,出合森友線,28111,0,0.6,神戸市西区伊川谷町潤和,9869,神戸市西区伊川谷町潤和,9593,19462,1.32,1.29,16.4,21.1,16.65,40
28400210240,神戸明石線,出合森友線,一般国道２号,28111,0,0.5,神戸市西区伊川谷町潤和,9869,神戸市西区伊川谷町潤和,9593,19462,1.32,1.48,20.4,11.7,16.1,40
28400210250,神戸明石線,一般国道２号,,28111,0,0.8,神戸市西区枝吉３丁目,8104,神戸市西区枝吉３丁目,8007,16111,1.31,1.04,12.3,8,15.5,40
28400210260,神戸明石線,,一般国道２号,28203,0,1,,8291,,9084,17375,1.32,1.19,6.7,11,16.1,50
28400220010,神戸三木線,神戸明石線,,28106,0,0.7,,,,,,,,22.6,20.7,26.3,40
28400220030,神戸三木線,山麓線,塩屋丸山線,28107,0,2.8,神戸市須磨区妙法寺乗越,3887,神戸市須磨区妙法寺乗越,3626,7513,1.26,0.77,13.8,18.3,9.8,40
28400220040,神戸三木線,塩屋丸山線,夢野白川線,28107,0,1.8,神戸市須磨区妙法寺乗越,5561,神戸市須磨区妙法寺乗越,6076,11637,1.27,0.99,18.6,19.7,9.3,50
28400220050,神戸三木線,夢野白川線,明石神戸宝塚線,28107,0,1.6,神戸市須磨区車,10163,神戸市須磨区車,7331,17494,1.31,1.48,22.1,16.1,9.7,50
28400220070,神戸三木線,明石神戸宝塚線,明石神戸宝塚線,28111,0,0.1,神戸市西区見津が丘４丁目,8202,神戸市西区見津が丘４丁目,7979,16181,1.31,1.74,15.1,28.5,17.1,50
28400220080,神戸三木線,明石神戸宝塚線,高速北神戸線,28111,0,0.2,神戸市西区見津が丘４丁目,8202,神戸市西区見津が丘４丁目,7979,16181,1.31,1.74,17.2,37.3,17.1,50
28400220090,神戸三木線,高速北神戸線,神戸三木線,28111,0,3.2,神戸市西区見津が丘４丁目,8202,神戸市西区見津が丘４丁目,7979,16181,1.31,1.39,49.7,47.5,25,50
28400220100,神戸三木線,神戸三木線,小部明石線,28111,0,0.2,神戸市西区見津が丘４丁目,8202,神戸市西区見津が丘４丁目,7979,16181,1.31,1.74,34.3,19.3,16.9,50
28400220110,神戸三木線,小部明石線,山陽自動車道,28111,0,0.4,神戸市西区見津が丘４丁目,8202,神戸市西区見津が丘４丁目,7979,16181,1.31,1.59,29.7,21.9,14.3,50
28400220120,神戸三木線,山陽自動車道,小部明石線,28111,0,0.6,神戸市西区見津が丘４丁目,10909,神戸市西区見津が丘４丁目,10719,21628,1.31,1.6,27.1,11.7,11.3,50
28400220130,神戸三木線,小部明石線,神戸三木線,28111,0,1.6,,7581,,8290,15871,1.31,1.14,28.5,38,12.2,50
28400220140,神戸三木線,神戸三木線,平野三木線,28111,0,3.6,神戸市西区押部谷町福住,7066,神戸市西区押部谷町福住,7405,14471,1.3,1.02,21.6,21.1,25.5,50
28400220150,神戸三木線,平野三木線,大久保広野線,28111,0,1.2,神戸市西区押部谷町西盛,8849,神戸市西区押部谷町西盛,7732,16581,1.31,1.08,11.7,16.7,13.5,50
28400220160,神戸三木線,大久保広野線,,28111,0,0.1,神戸市西区押部谷町西盛,8849,神戸市西区押部谷町西盛,7732,16581,1.31,1.22,20,13.9,10.2,50
28400220170,神戸三木線,,三木環状線,28215,0,2.8,三木市志染町広野,6973,三木市志染町広野,7766,14739,1.31,0.99,25.2,21.6,9.3,50
28400220180,神戸三木線,三木環状線,志染土山線,28215,0,0.1,三木市志染町広野,6973,三木市志染町広野,7766,14739,1.31,0.92,13.6,17.4,9.2,50
28400220190,神戸三木線,志染土山線,三木環状線,28215,0,0.2,三木市志染町広野,6973,三木市志染町広野,7766,14739,1.31,1.15,11,19.8,9,50
28400220200,神戸三木線,三木環状線,加古川三田線,28215,0,3,三木市志染町広野,6973,三木市志染町広野,7766,14739,1.31,0.91,19.3,30.5,9.5,50
28400220220,神戸三木線,神戸三木線,小部明石線,28111,0,1.6,,873,,849,1722,1.21,0.2,39.7,41.2,8.5,50
28400220230,神戸三木線,小部明石線,神戸三木線,28111,0,1.3,,873,,849,1722,1.21,0.22,17.7,8.8,9,50
28400230010,三木宍粟線,加古川三田線,正法寺三木停車場線,28215,0,0.6,小野市樫山町,4712,小野市樫山町,4321,9033,1.28,1.07,13.5,17.6,8.5,40
28400230020,三木宍粟線,正法寺三木停車場線,正法寺三木停車場線,28215,0,0.6,小野市樫山町,4712,小野市樫山町,4321,9033,1.28,1.09,15.7,19,7,40
28400230030,三木宍粟線,正法寺三木停車場線,三木市・小野市境,28215,0,1.6,小野市樫山町,4712,小野市樫山町,4321,9033,1.28,0.99,30.3,28.9,8.5,40
28400230040,三木宍粟線,三木市・小野市境,一般国道１７５号,28218,0,0.4,小野市樫山町,4712,小野市樫山町,4321,9033,1.28,1.3,26.8,24.2,10,40
28400230050,三木宍粟線,一般国道１７５号,加古川小野線,28218,0,2.1,小野市樫山町,4712,小野市樫山町,4321,9033,1.28,0.94,24.7,23,8.5,40
28400230060,三木宍粟線,加古川小野線,一般国道１７５号,28218,0,0.9,小野市市場町,5682,小野市市場町,5710,11392,1.28,0.71,27.1,13.4,14,50
28400230080,三木宍粟線,一般国道１７５号,加古川小野線,28218,0,1.3,小野市黒川町,5142,小野市黒川町,4855,9997,1.27,0.58,20.4,23.7,15,50
28400230090,三木宍粟線,加古川小野線,住吉住永線,28218,0,1.5,小野市粟生町,3346,小野市粟生町,3235,6581,1.3,0.7,25.3,26,15,50
28400230100,三木宍粟線,住吉住永線,市場多井田線,28218,0,0.4,小野市粟生町,3346,小野市粟生町,3235,6581,1.3,0.69,45.8,35.1,10,50
28400230120,三木宍粟線,市場多井田線,小野市・加西市境,28218,0,2.2,小野市粟生町,3346,小野市粟生町,3235,6581,1.3,0.75,44.3,47.1,9,50
28400230130,三木宍粟線,小野市・加西市境,高砂加古川加西線,28220,0,1.9,小野市粟生町,3346,小野市粟生町,3235,6581,1.3,0.7,48.6,44.4,6.5,50
28400230140,三木宍粟線,高砂加古川加西線,一般国道３７２号,28220,0,0.9,小野市粟生町,3346,小野市粟生町,3235,6581,1.3,0.73,35.4,23.4,10,50
28400230160,三木宍粟線,一般国道３７２号,玉野倉谷線,28220,0,2.9,加西市北条町東高室,5630,加西市北条町東高室,5337,10967,1.28,1.24,38.1,42.2,8.5,40
28400230170,三木宍粟線,玉野倉谷線,高砂北条線,28220,0,2.4,加西市北条町東高室,5630,加西市北条町東高室,5337,10967,1.28,1.15,24.3,25,13,40
28400230305,三木宍粟線（丸山バイパス）,高砂北条線,（元）三木宍粟線,28220,0,0.3,加西市北条町東南,4211,加西市北条町東南,3127,7338,1.27,0.59,23.6,27.1,20.9,50
28400230310,三木宍粟線（丸山バイパス）,（元）三木宍粟線,多可北条線,28220,0,0.4,加西市北条町東南,4211,加西市北条町東南,3127,7338,1.27,0.59,35,27.5,20.9,50
28400230200,三木宍粟線,多可北条線,豊富北条線,28220,0,0.3,加西市北条町北条,5845,加西市北条町北条,4533,10378,1.27,0.95,12.9,14.2,20.9,40
28400230210,三木宍粟線,豊富北条線,加西市・福崎町境,28220,0,3.7,加西市畑町,6575,加西市畑町,6596,13171,1.23,1.19,33.2,33.4,8.5,40
28400230220,三木宍粟線,加西市・福崎町境,一般国道３１２号,28443,0,2.6,加西市畑町,6575,加西市畑町,6596,13171,1.23,1.13,37.1,31.1,12.3,40
28400230230,三木宍粟線,一般国道３１２号,西田原姫路線,28443,0,0.2,神崎郡福崎町南田原,5369,神崎郡福崎町南田原,5027,10396,1.2,1.15,14,15.8,12.3,40
28400230240,三木宍粟線,西田原姫路線,一般国道３１２号,28443,0,1.8,神崎郡福崎町南田原,5369,神崎郡福崎町南田原,5027,10396,1.2,0.93,20.5,20,12.6,40
28400230250,三木宍粟線,一般国道３１２号,福崎町・姫路市境,28443,0,3.4,神崎郡福崎町西治,5615,神崎郡福崎町西治,5750,11365,1.24,0.97,34.4,37.6,13.4,50
28400230260,三木宍粟線,福崎町・姫路市境,久畑香呂線,28201,0,0.7,神崎郡福崎町西治,5615,神崎郡福崎町西治,5750,11365,1.24,1.04,43.2,29.5,7,50
28400230265,三木宍粟線,久畑香呂線,中国自動車道,28201,0,1.6,神崎郡福崎町西治,5615,神崎郡福崎町西治,5750,11365,1.24,1.07,26.9,28.2,8.5,50
28400230270,三木宍粟線,中国自動車道,姫路神河線,28201,0,0.7,神崎郡福崎町西治,5615,神崎郡福崎町西治,5750,11365,1.24,1.07,15.8,27.3,10,50
28400230280,三木宍粟線,姫路神河線,山之内莇野姫路線,28201,0,5.3,姫路市安富町三森,3549,姫路市安富町三森,3791,7340,1.25,0.71,44.5,47.5,7.5,50
28400230290,三木宍粟線,山之内莇野姫路線,東河内安富線,28201,0,3.7,姫路市安富町三森,3549,姫路市安富町三森,3791,7340,1.25,0.71,50.2,43.6,7.5,50
28400230300,三木宍粟線,東河内安富線,一般国道２９号,28201,0,0.3,姫路市安富町三森,3549,姫路市安富町三森,3791,7340,1.25,0.92,19,16.5,11,40
28400240010,多可北条線,一般国道４２７号,西脇八千代市川線,28365,0,7.1,多可郡多可町八千代区仕出原,2685,多可郡多可町八千代区仕出原,2579,5264,1.26,0.6,45,48.1,11,50
28400240020,多可北条線,西脇八千代市川線,多可町・西脇市境,28365,0,0.1,加西市河内町,3753,加西市河内町,3649,7402,1.27,0.79,25.1,27.8,14.5,50
28400240030,多可北条線,多可町・西脇市境,西脇八千代市川線,28213,0,0.9,加西市河内町,3753,加西市河内町,3649,7402,1.27,0.71,42.3,33.7,11,50
28400240040,多可北条線,西脇八千代市川線,西脇市・加西市境,28213,0,2,加西市河内町,3753,加西市河内町,3649,7402,1.27,0.67,41.3,35.7,11,50
28400240050,多可北条線,西脇市・加西市境,高砂加古川加西線,28220,0,1.2,加西市河内町,3753,加西市河内町,3649,7402,1.27,0.7,48.6,40.7,10,50
28400240060,多可北条線,高砂加古川加西線,下滝野市川線,28220,0,1.9,加西市河内町,3753,加西市河内町,3649,7402,1.27,0.69,32.6,34.4,10,50
28400240070,多可北条線,下滝野市川線,中国自動車道,28220,0,2,加西市河内町,3753,加西市河内町,3649,7402,1.27,0.65,33.2,32.7,11.5,50
28400240080,多可北条線,中国自動車道,高岡北条線,28220,0,1,加西市河内町,3753,加西市河内町,3649,7402,1.27,0.71,26.9,28.5,11.5,50
28400240090,多可北条線,高岡北条線,大和北条停車場線,28220,0,2.5,加西市北条町古坂,7876,加西市北条町古坂,7527,15403,1.22,1.16,22.2,19.6,20,40
28400240100,多可北条線,大和北条停車場線,三木宍粟線,28220,0,0.2,加西市北条町古坂,7876,加西市北条町古坂,7527,15403,1.22,1.36,11.5,14.1,15,40
28400250010,阿万福良湊線,洲本灘賀集線,一般国道２８号,28224,0,6.9,南あわじ市阿万塩屋町,389,南あわじ市阿万塩屋町,396,785,1.17,0.1,33.6,39.3,6.5,40
28400250030,阿万福良湊線,一般国道２８号,鳴門観潮線,28224,0,6.5,,1054,,1072,2126,1.22,0.28,38.8,38.4,7.5,40
28400250040,阿万福良湊線,鳴門観潮線,一般国道２８号（本四道路）,28224,0,1,南あわじ市阿那賀,737,南あわじ市阿那賀,650,1387,1.18,0.2,39.3,40.1,8,40
28400250050,阿万福良湊線,一般国道２８号（本四道路）,阿那賀市線,28224,0,2.2,南あわじ市阿那賀,737,南あわじ市阿那賀,650,1387,1.18,0.2,38.3,39.6,7.5,40
28400250060,阿万福良湊線,阿那賀市線,津井津井港線,28224,0,9.9,南あわじ市阿那賀,318,南あわじ市阿那賀,305,623,1.15,0.07,34,33.7,7.5,40
28400250070,阿万福良湊線,津井津井港線,湊港線,28224,0,2.2,南あわじ市湊,2622,南あわじ市湊,2817,5439,1.26,0.49,36.3,24,6.5,40
28400250080,阿万福良湊線,湊港線,福良江井岩屋線,28224,0,0.7,南あわじ市湊,2622,南あわじ市湊,2817,5439,1.26,0.47,22.3,22.2,6.5,40
28400260005,宍粟新宮線,一般国道２９号,,28227,0,0.2,宍粟市山崎町御名,3733,宍粟市山崎町御名,4000,7733,1.26,0.97,5.6,22.8,12,40
28400260080,宍粟新宮線,,宍粟香寺線,28227,0,1.6,宍粟市山崎町御名,3733,宍粟市山崎町御名,4000,7733,1.26,0.79,28.4,35,16,40
28400260020,宍粟新宮線,宍粟香寺線,,28227,0,0.2,宍粟市山崎町下比地,5157,宍粟市山崎町下比地,5162,10319,1.28,1.02,28.5,33.9,7,40
28400260030,宍粟新宮線,,宍粟市・たつの市境,28227,0,1.5,宍粟市山崎町下比地,5157,宍粟市山崎町下比地,5162,10319,1.28,1.07,45,49.3,6.5,40
28400260040,宍粟新宮線,宍粟市・たつの市境,上笹千本停車場線,28229,0,3.7,たつの市新宮町香山,4842,たつの市新宮町香山,4885,9727,1.24,0.91,46,45.4,9.5,40
28400260050,宍粟新宮線,上笹千本停車場線,宇原新宮線,28229,0,1.9,たつの市新宮町香山,4842,たつの市新宮町香山,4885,9727,1.24,0.96,45.3,45.4,9.5,40
28400260060,宍粟新宮線,宇原新宮線,一般国道１７９号,28229,0,1.2,たつの市新宮町香山,4842,たつの市新宮町香山,4885,9727,1.24,1.5,34.3,27.8,8.5,40
28400270010,太子御津線,一般国道１７９号,太子町・姫路市境,28464,0,2.1,姫路市勝原区大谷,5884,姫路市勝原区大谷,5138,11022,1.27,0.89,23.5,22.4,18,40
28400270020,太子御津線,太子町・姫路市境,東觜崎網干停車場線,28201,0,0.1,姫路市勝原区大谷,5884,姫路市勝原区大谷,5138,11022,1.27,1.18,14.7,9.7,8,40
28400270030,太子御津線,東觜崎網干停車場線,網干停車場新舞子線,28201,0,0.4,姫路市勝原区大谷,5884,姫路市勝原区大谷,5138,11022,1.27,1.01,10,16.4,7,40
28400270035,太子御津線,網干停車場新舞子線,,28201,0,2.4,姫路市勝原区大谷,5884,姫路市勝原区大谷,5138,11022,1.27,1.01,19.9,20.1,8.5,40
28400270060,太子御津線,,一般国道２５０号,28201,0,1,姫路市勝原区大谷,5884,姫路市勝原区大谷,5138,11022,1.27,0.82,20.7,15.8,18,40
28400280010,上郡末広線,一般国道３７３号,多賀相生線,28481,0,4.9,,1538,,1603,3141,1.25,0.39,47.8,50.3,10.5,50
28400280020,上郡末広線,多賀相生線,多賀相生線,28481,0,0.7,,1538,,1603,3141,1.25,0.39,58.6,52.3,10.5,50
28400280030,上郡末広線,多賀相生線,（元）上郡末広線,28481,0,2.7,,1538,,1603,3141,1.25,0.39,56.9,55,10.5,50
28400280040,上郡末広線,（元）上郡末広線,相生宍粟線,28481,0,3.8,赤穂郡上郡町金出地,918,赤穂郡上郡町金出地,957,1875,1.22,0.29,52.3,51.9,8,50
28400280050,上郡末広線,相生宍粟線,上郡町・たつの市境,28481,0,1,佐用郡佐用町,1972,佐用郡佐用町,1972,3944,1.25,0.11,37.9,43.8,33,60
28400280060,上郡末広線,上郡町・たつの市境,たつの市・佐用町境,28229,0,1.9,佐用郡佐用町,1972,佐用郡佐用町,1972,3944,1.25,0.11,60.6,60.2,25,60
28400280070,上郡末広線,たつの市・佐用町境,上郡末広線,28501,0,0.3,佐用郡佐用町,1972,佐用郡佐用町,1972,3944,1.25,0.11,46,44.5,25.4,50
28400280080,上郡末広線,上郡末広線,一般国道１７９号,28501,0,3.8,佐用郡佐用町,1972,佐用郡佐用町,1972,3944,1.25,0.43,54.3,52.5,10.6,50
28400290010,網干たつの線,一般国道２５０号,網干停車場新舞子線,28201,0,2.8,姫路市網干区余子浜,596,姫路市網干区余子浜,235,831,1.17,0.77,42.2,41.3,5.5,40
28400290020,網干たつの線,網干停車場新舞子線,姫路市・太子町境,28201,0,1,姫路市網干区余子浜,596,姫路市網干区余子浜,235,831,1.17,1.33,27.3,36.4,5,40
28400290025,網干たつの線,姫路市・太子町境,（元）網干たつの線,28464,0,0.1,姫路市網干区余子浜,596,姫路市網干区余子浜,235,831,1.17,0.76,32.3,18.4,5.5,40
28400290100,網干たつの線,網干停車場新舞子線,,28464,0,1.2,,,,,,,,39.7,40.9,15,40
28400290110,網干たつの線,,太子町・たつの市境,28464,0,0.1,揖保郡太子町吉福,4458,揖保郡太子町吉福,4761,9219,1.27,0.98,18.2,27,14,40
28400290130,網干たつの線,太子町・たつの市境,（元）網干たつの線,28229,0,1.1,たつの市揖保川町萩原,5742,たつの市揖保川町萩原,6098,11840,1.29,0.98,43.2,40.3,19.4,40
28400290160,網干たつの線,（元）網干たつの線,一般国道２号,28229,0,1.4,たつの市揖保川町萩原,5742,たつの市揖保川町萩原,6098,11840,1.29,1.02,43.2,40.3,19.4,40
28400290060,網干たつの線,一般国道２号,山陽自動車道,28229,0,2.3,たつの市揖保町中臣,5152,たつの市揖保町中臣,4626,9778,1.28,0.86,27.4,31,11.8,40
28400290070,網干たつの線,山陽自動車道,一般国道１７９号,28229,0,1.1,たつの市揖保町中臣,5152,たつの市揖保町中臣,4626,9778,1.28,0.88,17.2,16,15,40
28400300010,新神戸停車場線,長田楠日尾線,神若線,28110,0,0.7,,6034,,13721,19755,1.32,0.87,15.6,19.4,29.8,50
28400300020,新神戸停車場線,神若線,長田楠日尾線,28110,0,0.3,神戸市中央区布引町２丁目,7428,神戸市中央区布引町２丁目,10984,18412,1.33,0.64,20,12.4,29.7,50
28400300030,新神戸停車場線,長田楠日尾線,神戸明石線,28110,0,0.6,神戸市中央区布引町３丁目,9320,神戸市中央区布引町３丁目,10915,20235,1.34,0.44,16.5,19.2,33.2,50
28400300040,新神戸停車場線,神戸明石線,一般国道２号,28110,0,0.8,神戸市中央区加納町６丁目,7984,神戸市中央区加納町６丁目,8117,16101,1.32,0.5,13.8,14.9,50,50
28400310010,福良江井岩屋線,一般国道２８号,阿那賀市線,28224,0,4.1,南あわじ市志知中島,4323,南あわじ市志知中島,4228,8551,1.27,0.68,31.7,34.4,10,50
28400310020,福良江井岩屋線,阿那賀市線,一般国道２８号（本四道路）,28224,0,1.1,南あわじ市志知,5247,南あわじ市志知,4791,10038,1.28,0.73,35.4,37.3,10.3,40
28400310030,福良江井岩屋線,一般国道２８号（本四道路）,阿万福良湊線,28224,0,2,南あわじ市志知,5247,南あわじ市志知,4791,10038,1.28,0.78,31.9,30.9,10,40
28400310040,福良江井岩屋線,阿万福良湊線,洲本松帆線,28224,0,0.1,南あわじ市松帆古津路,2892,南あわじ市松帆古津路,3049,5941,1.26,0.56,13.2,14.3,11,40
28400310050,福良江井岩屋線,洲本松帆線,南あわじ市・洲本市境,28224,0,2.9,南あわじ市松帆古津路,2892,南あわじ市松帆古津路,3049,5941,1.26,0.61,31.6,34.8,8.5,40
28400310060,福良江井岩屋線,南あわじ市・洲本市境,,28205,0,2.3,南あわじ市松帆古津路,2892,南あわじ市松帆古津路,3049,5941,1.26,0.63,48.3,46.6,6.5,40
28400310065,福良江井岩屋線,,鳥飼浦洲本線,28205,0,0.8,,1537,,1548,3085,1.25,0.39,40.1,45.1,9.5,40
28400310070,福良江井岩屋線,鳥飼浦洲本線,都志港線,28205,0,4.4,,1537,,1548,3085,1.25,0.39,50.2,49.2,7.5,40
28400310080,福良江井岩屋線,都志港線,倭文五色線,28205,0,0.6,,1537,,1548,3085,1.25,0.39,35.2,38.3,7.5,40
28400310090,福良江井岩屋線,倭文五色線,洲本五色線,28205,0,0.1,,1537,,1548,3085,1.25,0.46,20,20.3,7.5,40
28400310100,福良江井岩屋線,洲本五色線,洲本市・淡路市境,28205,0,1.8,淡路市多賀,2858,淡路市多賀,2822,5680,1.25,0.55,38.9,41,10.5,40
28400310110,福良江井岩屋線,洲本市・淡路市境,明神安乎線,28226,0,2.8,淡路市多賀,2858,淡路市多賀,2822,5680,1.25,0.57,51.4,51.2,7,40
28400310120,福良江井岩屋線,明神安乎線,江井港線,28226,0,3.1,淡路市多賀,2858,淡路市多賀,2822,5680,1.25,0.61,45.9,45.2,6.5,40
28400310130,福良江井岩屋線,江井港線,志筑郡家線,28226,0,2.5,淡路市多賀,2858,淡路市多賀,2822,5680,1.25,0.61,41.7,41.1,6.5,40
28400310140,福良江井岩屋線,志筑郡家線,尾崎志筑線,28226,0,3,淡路市尾崎,3301,淡路市尾崎,3493,6794,1.15,0.65,31.7,33.7,6.5,40
28400310150,福良江井岩屋線,尾崎志筑線,室津志筑線,28226,0,4.1,淡路市尾崎,3301,淡路市尾崎,3493,6794,1.15,0.62,44.3,43.3,6.5,40
28400310160,福良江井岩屋線,室津志筑線,生穂育波線,28226,0,0.4,淡路市尾崎,3301,淡路市尾崎,3493,6794,1.15,0.62,32.1,27,6.5,40
28400310170,福良江井岩屋線,生穂育波線,富島久留麻線,28226,0,4.2,淡路市浅野南,4406,淡路市浅野南,4489,8895,1.27,1.27,38.7,38.5,6.5,40
28400310180,福良江井岩屋線,富島久留麻線,野島浦線,28226,0,2.8,,1666,,1682,3348,1.25,0.31,38.9,41.6,15,40
28400310190,福良江井岩屋線,野島浦線,福良江井岩屋線,28226,0,8.8,,975,,1054,2029,1.21,0.31,45.8,45.4,6.5,40
28400310200,福良江井岩屋線,福良江井岩屋線,一般国道２８号（岩屋改良）,28226,0,2.2,,1212,,1226,2438,1.22,0.27,45.9,38.6,13,40
28400310220,福良江井岩屋線,福良江井岩屋線,一般国道２８号,28226,0,1.4,,1212,,1226,2438,1.22,0.37,30.2,25.3,7,40
28400320010,坂越御崎加里屋線,周世尾崎線,壺根坂越線,28212,0,0.7,,497,,419,916,1.17,0.19,26.9,36.8,7,40
28400320020,坂越御崎加里屋線,壺根坂越線,,28212,0,5.2,,497,,419,916,1.17,0.18,39.2,39.7,7,40
28400320030,坂越御崎加里屋線,,周世尾崎線,28212,0,1.6,赤穂市尾崎,4723,赤穂市尾崎,4530,9253,1.18,0.46,30.4,29.1,22,50
28400320040,坂越御崎加里屋線,周世尾崎線,,28212,0,1.4,赤穂市尾崎,4723,赤穂市尾崎,4530,9253,1.18,0.51,29.4,33.8,23,50
28400320050,坂越御崎加里屋線,,一般国道２５０号,28212,0,1.8,赤穂市駅前町,1968,赤穂市駅前町,2146,4114,1.25,0.34,19.1,18.2,14,40
28400330010,塩瀬宝塚線,一般国道１７６号,西宮市・宝塚市境,28204,0,0.3,,2271,,2112,4383,1.25,0.51,9.6,31.5,8.3,40
28400330020,塩瀬宝塚線,西宮市・宝塚市境,切畑多田院線,28214,0,5.9,,2271,,2112,4383,1.25,0.5,41.5,38.7,7,40
28400330030,塩瀬宝塚線,切畑多田院線,切畑猪名川線,28214,0,2.7,宝塚市玉瀬大岩谷,899,宝塚市玉瀬大岩谷,791,1690,1.25,0.21,47.5,46.9,7,40
28400330040,塩瀬宝塚線,切畑猪名川線,切畑道場線,28214,0,2.8,宝塚市玉瀬大岩谷,899,宝塚市玉瀬大岩谷,791,1690,1.25,0.22,47.4,53.7,7,40
28400330045,塩瀬宝塚線,切畑道場線,宝塚北インター線,28214,0,0.2,宝塚市玉瀬大岩谷,899,宝塚市玉瀬大岩谷,791,1690,1.25,0.21,31.8,30.6,9.5,40
28400330050,塩瀬宝塚線,宝塚北インター線,川西三田線,28214,0,5.8,宝塚市玉瀬大岩谷,899,宝塚市玉瀬大岩谷,791,1690,1.25,0.21,43.1,41.3,9.5,40
28400340010,西脇八千代市川線,黒田庄多井田線,西脇三田線,28213,0,0.4,西脇市野村町,4688,西脇市野村町,5328,10016,1.28,1.05,15.6,23.1,16,50
28400340020,西脇八千代市川線,西脇三田線,郷の瀬野村線,28213,0,0.6,西脇市野村町,5002,西脇市野村町,4719,9721,1.27,1.12,17.4,15.7,12,50
28400340030,西脇八千代市川線,郷の瀬野村線,多可北条線,28213,0,5.9,西脇市野村町,5002,西脇市野村町,4719,9721,1.27,0.73,35.3,36.4,12,50
28400340050,西脇八千代市川線,多可北条線,加美八千代線,28365,0,1.9,多可郡多可町八千代区下三原,668,多可郡多可町八千代区下三原,612,1280,1.2,0.24,35,39.2,6.5,40
28400340060,西脇八千代市川線,加美八千代線,大和北条停車場線,28365,0,3.7,多可郡多可町八千代区下三原,668,多可郡多可町八千代区下三原,612,1280,1.2,0.2,46.4,49.4,7.5,40
28400340070,西脇八千代市川線,大和北条停車場線,多可町・市川町境,28365,0,6.2,多可郡多可町八千代区下三原,668,多可郡多可町八千代区下三原,612,1280,1.2,0.18,52.7,53.2,11.5,40
28400340080,西脇八千代市川線,多可町・市川町境,下滝野市川線,28442,0,6.5,多可郡多可町八千代区下三原,668,多可郡多可町八千代区下三原,612,1280,1.2,0.2,48.7,52.4,12.1,40
28400340090,西脇八千代市川線,下滝野市川線,一般国道３１２号,28442,0,4.2,,2209,,2201,4410,1.25,0.56,42.2,42.3,9.1,40
28400360010,西脇篠山線,一般国道１７５号,,28213,0,0.8,西脇市住吉町,263,西脇市住吉町,260,523,1.18,0.09,27.8,31.7,11,50
28400360020,西脇篠山線,,黒田庄多井田線,28213,0,0.5,西脇市住吉町,263,西脇市住吉町,260,523,1.18,0.09,29.7,27.4,11,50
28400360030,西脇篠山線,黒田庄多井田線,黒田庄多井田線,28213,0,0.2,西脇市住吉町,263,西脇市住吉町,260,523,1.18,0.1,28.5,29.4,11,40
28400360040,西脇篠山線,黒田庄多井田線,西脇市・丹波篠山市境,28213,0,11.5,西脇市住吉町,263,西脇市住吉町,260,523,1.18,0.09,46.5,52.1,10.5,40
28400360050,西脇篠山線,西脇市・丹波篠山市境,黒石三田線,28221,0,0.8,西脇市住吉町,263,西脇市住吉町,260,523,1.18,0.78,40.1,41.2,5,40
28400360060,西脇篠山線,黒石三田線,丹波篠山市・丹波市境,28221,0,1.8,西脇市住吉町,263,西脇市住吉町,260,523,1.18,0.78,38,38.2,5,40
28400360070,西脇篠山線,丹波篠山市・丹波市境,丹波市・丹波篠山市境,28223,0,1.5,西脇市住吉町,263,西脇市住吉町,260,523,1.18,0.1,33.5,35.9,6.5,40
28400360080,西脇篠山線,丹波市・丹波篠山市境,（旧）下立杭柏原線,28221,0,0,西脇市住吉町,263,西脇市住吉町,260,523,1.18,0.31,32,35.5,6,40
28400360090,西脇篠山線,（旧）下立杭柏原線,一般国道１７６号,28221,0,3.7,西脇市住吉町,263,西脇市住吉町,260,523,1.18,0.08,37.2,37.2,11.5,40
28400360110,西脇篠山線,一般国道１７６号,大沢新東吹線,28221,0,3,丹波篠山市西吹,1667,丹波篠山市西吹,1683,3350,1.25,0.43,34.7,35.4,12.6,50
28400360120,西脇篠山線,大沢新東吹線,篠山山南線,28221,0,0.4,丹波篠山市西吹,1667,丹波篠山市西吹,1683,3350,1.25,0.49,25.4,26.2,12,50
28400370010,三田後川上線,一般国道１７６号,川西三田線,28219,0,3,三田市志手原,4591,三田市志手原,4496,9087,1.21,0.78,29.1,31.2,12,40
28400370020,三田後川上線,川西三田線,三田篠山線,28219,0,0.6,三田市川原,472,三田市川原,458,930,1.22,0.13,28.5,29,13,40
28400370030,三田後川上線,三田篠山線,上佐曽利木器線,28219,0,3.6,三田市川原,472,三田市川原,458,930,1.22,0.12,46.4,45.7,8.8,40
28400370040,三田後川上線,上佐曽利木器線,島川原線,28219,0,4.8,三田市川原,472,三田市川原,458,930,1.22,0.11,54.8,51.3,10,40
28400370050,三田後川上線,島川原線,福住三田線,28219,0,2.9,三田市川原,472,三田市川原,458,930,1.22,0.12,54.7,56.9,9.3,40
28400370060,三田後川上線,福住三田線,三田市・丹波篠山市境,28219,0,4.1,三田市川原,472,三田市川原,458,930,1.22,1.07,38.9,43.5,5,40
28400370070,三田後川上線,三田市・丹波篠山市境,川西篠山線,28221,0,3,三田市川原,472,三田市川原,458,930,1.22,0.12,47,43.7,9.5,40
28400380010,三木三田線,加古川三田線,三木三田線,28215,0,0.5,三木市大塚,6403,三木市大塚,7923,14326,1.26,1.18,15,15.4,16,40
28400380020,三木三田線,三木三田線,三木三田線,28215,0,0.6,三木市志染町吉田,5575,三木市志染町吉田,6151,11726,1.29,0.92,10.9,23.9,17,40
28400380030,三木三田線,三木三田線,志染土山線,28215,0,0.8,三木市志染町吉田,5575,三木市志染町吉田,6151,11726,1.29,0.9,14.8,32.4,17,40
28400380040,三木三田線,志染土山線,平野三木線,28215,0,2.8,三木市志染町吉田,5575,三木市志染町吉田,6151,11726,1.29,0.84,36.1,34.5,17,40
28400380050,三木三田線,平野三木線,三木三田線,28215,0,0.3,,3508,,3401,6909,1.26,0.77,20.6,13.2,26,40
28400380060,三木三田線,三木三田線,神戸加東線,28215,0,1.2,,3590,,3393,6983,1.26,0.7,23.4,29.9,10,40
28400380070,三木三田線,神戸加東線,,28215,0,2.9,三木市志染町戸田,7147,三木市志染町戸田,7100,14247,1.29,1.37,36.1,34.8,10,40
28400380080,三木三田線,,西脇口吉川神戸線,28109,0,2,,5037,,5291,10328,1.28,1.07,51.5,49.2,10.7,50
28400380090,三木三田線,西脇口吉川神戸線,一般国道４２８号,28109,0,0.4,,5037,,5291,10328,1.28,1.36,21.2,18.8,10.6,50
28400380100,三木三田線,一般国道４２８号,市野瀬有馬線,28109,0,7.2,神戸市北区淡河町木津,4509,神戸市北区淡河町木津,4610,9119,1.3,0.71,48,46.2,10.4,50
28400380110,三木三田線,市野瀬有馬線,山田三田線,28109,0,2.3,神戸市北区淡河町木津,4509,神戸市北区淡河町木津,4610,9119,1.3,0.72,43,42.4,9.9,50
28400380120,三木三田線,山田三田線,市野瀬有馬線,28109,0,0.4,,4874,,5020,9894,1.33,0.95,35.6,22.1,9.8,50
28400380130,三木三田線,市野瀬有馬線,大沢西宮線,28109,0,2.4,神戸市北区八多町附物,5747,神戸市北区八多町附物,6068,11815,1.29,0.91,29.9,37.4,9.8,50
28400380140,三木三田線,大沢西宮線,大沢西宮線,28109,0,0.3,,5258,,4778,10036,1.28,1.04,16.9,21.2,9.7,50
28400380150,三木三田線,大沢西宮線,北神中央線,28109,0,0.9,,5258,,4778,10036,1.28,0.83,31.2,27.6,10.7,50
28400380160,三木三田線,北神中央線,宅原中央線,28109,0,1.6,,5258,,4778,10036,1.28,0.95,25,23.9,20,50
28400380170,三木三田線,宅原中央線,神戸三田線,28109,0,1.1,神戸市北区道場町日下部,2385,神戸市北区道場町日下部,2395,4780,1.25,0.52,13.1,19.6,11.2,50
28400380190,三木三田線,三木三田線,三木環状線,28215,0,0.4,三木市志染町吉田,3963,三木市志染町吉田,4086,8049,1.26,1,3.7,24.5,6.5,40
28400380200,三木三田線,三木環状線,三木三田線,28215,0,0.2,三木市志染町吉田,3963,三木市志染町吉田,4086,8049,1.26,1.09,17.8,24.5,6.5,40
28400380210,三木三田線,三木三田線,志染土山線,28215,0,0.8,三木市志染町吉田,3963,三木市志染町吉田,4086,8049,1.26,0.81,33,42.1,10,40
28400380220,三木三田線,志染土山線,三木三田線,28215,0,3,三木市志染町吉田,3963,三木市志染町吉田,4086,8049,1.26,0.82,41.3,41.4,9,40
28400380240,三木三田線,三木三田線,三木三田線,28215,0,0.2,,1049,,1889,2938,1.25,0.35,11.1,8.8,8,40
28400390010,一宮生野線,養父宍粟線,宍粟市・神河町境,28227,0,6.8,,292,,315,607,1.17,2.93,44.4,44.4,6.5,30
28400390030,一宮生野線,宍粟市・神河町境,,28446,0,4.8,,,,,,,,58.3,17,5.1,40
28400390044,一宮生野線,,（元）一宮生野線,28446,0,0.3,,384,,395,779,1.18,0.11,17.7,41.5,10.7,40
28400390100,一宮生野線,（元）一宮生野線,（元）一宮生野線,28446,0,1,,384,,395,779,1.18,0.11,47,45.6,10.7,40
28400390050,一宮生野線,（元）一宮生野線,長谷停車場線,28446,0,6.5,,384,,395,779,1.18,0.11,51,48.9,10.7,40
28400390060,一宮生野線,長谷停車場線,神河町・朝来市境,28446,0,3.7,,574,,621,1195,1.18,0.18,48.3,34.5,10.3,40
28400390070,一宮生野線,神河町・朝来市境,一般国道３１２号,28225,0,5.2,,574,,621,1195,1.18,0.15,50.5,42.1,10,40
28400390080,一宮生野線,一般国道３１２号,一般国道３１２号,28225,0,0.4,,574,,621,1195,1.18,0.16,38.5,19.5,12,40
28400410010,大阪伊丹線,大阪伊丹線,尼崎停車場西川線,28202,0,0.2,尼崎市西川２丁目,7514,尼崎市西川２丁目,6504,14018,1.4,0.23,22.6,12,24,50
28400410020,大阪伊丹線,尼崎停車場西川線,,28202,0,0.5,尼崎市西川２丁目,7514,尼崎市西川２丁目,6504,14018,1.4,0.43,18.6,17,28.1,50
28400410030,大阪伊丹線,,高田久々知線,28202,0,0.6,尼崎市西川２丁目,7514,尼崎市西川２丁目,6504,14018,1.4,0.89,22.3,17,23.9,50
28400410040,大阪伊丹線,高田久々知線,,28202,0,0.6,尼崎市西川２丁目,7514,尼崎市西川２丁目,6504,14018,1.4,0.34,21.9,11.3,27,50
28400410050,大阪伊丹線,,高田久々知線,28202,0,0.1,尼崎市西川２丁目,7514,尼崎市西川２丁目,6504,14018,1.4,0.25,8.8,10.2,37.45,50
28400410060,大阪伊丹線,高田久々知線,西宮豊中線,28202,0,0.7,尼崎市西川２丁目,7514,尼崎市西川２丁目,6504,14018,1.4,1.06,16.1,14.2,20,50
28400410070,大阪伊丹線,西宮豊中線,,28202,0,0.8,尼崎市口田中２丁目,4518,尼崎市口田中２丁目,4122,8640,1.27,0.43,11.5,7.5,19.5,50
28400410080,大阪伊丹線,,,28202,0,1,尼崎市口田中２丁目,4518,尼崎市口田中２丁目,4122,8640,1.27,0.83,19.9,17.6,7.6,40
28400410090,大阪伊丹線,,尼崎市・伊丹市境,28202,0,0.4,尼崎市猪名寺１丁目,4421,尼崎市猪名寺１丁目,5570,9991,1.27,1.12,12.3,4.8,11.9,40
28400410100,大阪伊丹線,尼崎市・伊丹市境,尼崎池田線,28207,0,0,尼崎市猪名寺１丁目,4421,尼崎市猪名寺１丁目,5570,9991,1.27,0.74,4.5,5,13,40
28400420010,尼崎宝塚線,一般国道２号,,28202,0,0.4,尼崎市稲葉荘２丁目,9934,尼崎市稲葉荘２丁目,9839,19773,1.33,1.06,9.1,23.1,17.9,50
28400420020,尼崎宝塚線,,,28202,0,1.1,尼崎市稲葉荘２丁目,9934,尼崎市稲葉荘２丁目,9839,19773,1.33,0.88,21.1,9,18,50
28400420030,尼崎宝塚線,,,28202,0,0.2,尼崎市武庫之荘,14242,尼崎市武庫之荘,13892,28134,1.4,1.07,12.1,14.7,17.2,50
28400420040,尼崎宝塚線,,,28202,0,0.6,尼崎市武庫之荘,14242,尼崎市武庫之荘,13892,28134,1.4,1.98,18.6,15.5,13,50
28400420050,尼崎宝塚線,,西宮豊中線,28202,0,0.1,尼崎市武庫之荘,14242,尼崎市武庫之荘,13892,28134,1.4,2.01,13.7,14.9,17.9,50
28400420060,尼崎宝塚線,西宮豊中線,,28202,0,0.4,尼崎市武庫之荘,14242,尼崎市武庫之荘,13892,28134,1.4,2.01,13.6,29.9,17.5,50
28400420070,尼崎宝塚線,,尼崎市・伊丹市境,28202,0,1.2,尼崎市武庫之荘,14242,尼崎市武庫之荘,13892,28134,1.4,2.2,25.9,28.6,12.3,50
28400420080,尼崎宝塚線,尼崎市・伊丹市境,一般国道１７１号,28207,0,0.6,尼崎市武庫之荘,14242,尼崎市武庫之荘,13892,28134,1.4,2.29,28.5,18.8,11,40
28400420090,尼崎宝塚線,一般国道１７１号,中野中筋線,28207,0,1.9,伊丹市池尻四丁目,14728,伊丹市池尻四丁目,14587,29315,1.35,1.16,19.5,21,17,40
28400420100,尼崎宝塚線,中野中筋線,伊丹市・宝塚市境,28207,0,0.3,宝塚市安倉中二丁目,11765,宝塚市安倉中二丁目,10657,22422,1.33,1.89,22.5,19.1,16,40
28400420110,尼崎宝塚線,伊丹市・宝塚市境,中国自動車道,28214,0,1.5,宝塚市安倉中二丁目,11765,宝塚市安倉中二丁目,10657,22422,1.33,0.85,22.8,13.1,18,40
28400420120,尼崎宝塚線,中国自動車道,,28214,0,0.5,宝塚市安倉中二丁目,11765,宝塚市安倉中二丁目,10657,22422,1.33,1.11,6.8,24.7,16,40
28400420130,尼崎宝塚線,,一般国道１７６号,28214,0,0.1,宝塚市安倉中二丁目,11765,宝塚市安倉中二丁目,10657,22422,1.33,0.47,5.8,15.5,18,40
28400430010,高砂北条線,,明石高砂線,28216,0,0.7,高砂市米田町米田新,10298,高砂市米田町米田新,9353,19651,1.32,0.7,17.7,15.9,30,40
28400430020,高砂北条線,明石高砂線,一般国道２５０号,28216,0,0.9,高砂市米田町米田新,10298,高砂市米田町米田新,9353,19651,1.32,0.72,9.4,16.8,30,40
28400430030,高砂北条線,一般国道２５０号,高砂市・加古川市境,28216,0,1.6,高砂市米田町米田新,10298,高砂市米田町米田新,9353,19651,1.32,0.74,22.7,24.2,30,40
28400430040,高砂北条線,高砂市・加古川市境,一般国道２号,28210,0,0.1,高砂市米田町米田新,10298,高砂市米田町米田新,9353,19651,1.32,0.34,20,39.5,30,40
28400430050,高砂北条線,一般国道２号,一般国道２号,28210,0,0.7,加古川市東神吉町西井ノ口,13145,加古川市東神吉町西井ノ口,11422,24567,1.23,1.05,24.9,20.3,31.6,40
28400430060,高砂北条線,一般国道２号,平荘魚橋線,28210,0,0.8,加古川市東神吉町神吉,10160,加古川市東神吉町神吉,9167,19327,1.32,0.42,14.1,24,25,50
28400430064,高砂北条線,平荘魚橋線,高砂北条線,28210,0,1,加古川市西神吉町宮前,7846,加古川市西神吉町宮前,7459,15305,1.29,1.22,36.4,38.1,10,50
28400430180,高砂北条線,高砂北条線,高砂北条線,28210,0,1,加古川市西神吉町宮前,7846,加古川市西神吉町宮前,7459,15305,1.29,1.22,57.2,45.8,10,50
28400430070,高砂北条線,高砂北条線,神戸加古川姫路線,28210,0,0.8,加古川市西神吉町宮前,7846,加古川市西神吉町宮前,7459,15305,1.29,0.42,32.1,22.1,25,50
28400430080,高砂北条線,神戸加古川姫路線,小野志方線,28210,0,2.1,加古川市志方町細工所,7500,加古川市志方町細工所,6462,13962,1.29,1.24,31.5,25.8,11.5,50
28400430090,高砂北条線,小野志方線,小野志方線,28210,0,0.5,加古川市志方町細工所,7500,加古川市志方町細工所,6462,13962,1.29,1.22,23.1,12.2,9,50
28400430100,高砂北条線,小野志方線,加古川北インター線,28210,0,0.9,加古川市志方町細工所,7500,加古川市志方町細工所,6462,13962,1.29,1.55,34.3,37.1,9,50
28400430110,高砂北条線,加古川北インター線,加古川市・加西市境,28210,0,1.3,加古川市志方町細工所,7500,加古川市志方町細工所,6462,13962,1.29,1.53,41.1,45.4,9,50
28400430120,高砂北条線,加古川市・加西市境,玉野倉谷線,28220,0,0.2,加古川市志方町細工所,7500,加古川市志方町細工所,6462,13962,1.29,1.24,23.7,29.7,9,50
28400430130,高砂北条線,玉野倉谷線,一般国道３７２号,28220,0,1.7,加古川市志方町細工所,7500,加古川市志方町細工所,6462,13962,1.29,1.16,38.9,41.6,7,50
28400430150,高砂北条線,一般国道３７２号,小野香寺線,28220,0,1.1,加西市両月町,3504,加西市両月町,3184,6688,1.26,0.7,23.1,30.2,8,40
28400430160,高砂北条線,小野香寺線,三木宍粟線,28220,0,4.6,加西市両月町,3504,加西市両月町,3184,6688,1.26,0.61,33,33,9,40
28400440010,相生宍粟線,一般国道２号,姫路上郡線,28208,0,4.3,相生市矢野町下田,2849,相生市矢野町下田,2631,5480,1.26,0.67,39.7,47.6,14,50
28400440020,相生宍粟線,姫路上郡線,相生市・たつの市境,28208,0,6.3,相生市矢野町上,2864,相生市矢野町上,3110,5974,1.26,0.85,45.9,52,14,50
28400440030,相生宍粟線,相生市・たつの市境,たつの市・上郡町境,28229,0,1.2,たつの市新宮町光都3丁目,2444,たつの市新宮町光都3丁目,2445,4889,1.19,0.88,60.4,57.3,14,50
28400440040,相生宍粟線,たつの市・上郡町境,上郡末広線,28481,0,1.6,たつの市新宮町光都3丁目,2444,たつの市新宮町光都3丁目,2445,4889,1.19,0.24,46.3,43.3,25,50
28400440050,相生宍粟線,上郡末広線,上郡町・たつの市境,28481,0,0.3,赤穂郡上郡町光都,2542,赤穂郡上郡町光都,2461,5003,1.19,0.25,19.5,45.1,25,50
28400440060,相生宍粟線,上郡町・たつの市境,播磨新宮インター線,28229,0,0.3,赤穂郡上郡町光都,2542,赤穂郡上郡町光都,2461,5003,1.19,0.25,51.8,62.9,25,50
28400440070,相生宍粟線,播磨新宮インター線,千種新宮線,28229,0,0.3,,2273,,2255,4528,1.25,0.27,44.6,40.4,29.4,50
28400440080,相生宍粟線,千種新宮線,一般国道１７９号,28229,0,2,,2273,,2255,4528,1.25,0.63,40.7,35.1,17,50
28400440100,相生宍粟線,一般国道１７９号,,28229,0,6.7,,538,,494,1032,1.17,0.15,33.6,38.9,8.3,40
28400440120,相生宍粟線,,たつの市・宍粟市境,28229,0,2.4,,,,,,,,,,1.5,40
28400440130,相生宍粟線,たつの市・宍粟市境,,28227,0,1.3,,,,,,,,,,0.5,40
28400440150,相生宍粟線,,宍粟下徳久線,28227,0,0.9,,1604,,1522,3126,1.25,13.37,9.5,8.4,3.5,60
28400450010,芦屋停車場線,,,28206,0,0.2,芦屋市上宮川町,5663,芦屋市上宮川町,5527,11190,1.28,0.96,9.3,5.9,15,40
28400450020,芦屋停車場線,,一般国道２号,28206,0,0.2,芦屋市上宮川町,5663,芦屋市上宮川町,5527,11190,1.28,0.93,9.1,5.7,14.9,40
28400460010,洲本五色線,一般国道２８号,洲本松帆線,28205,0,0.5,洲本市中川原町三木田,5120,洲本市中川原町三木田,4935,10055,1.26,0.81,17,23.1,9.3,40
28400460013,洲本五色線,洲本松帆線,洲本五色線,28205,0,1.3,,3325,,3030,6355,1.26,0.61,18.5,21.1,11,40
28400460015,洲本五色線,洲本五色線,（元）洲本五色線,28205,0,0.3,洲本市中川原町三木田,5120,洲本市中川原町三木田,4935,10055,1.26,0.81,45.4,45.3,11,40
28400460090,洲本五色線,（元）洲本五色線,（元）洲本五色線,28205,0,1.1,洲本市中川原町三木田,5120,洲本市中川原町三木田,4935,10055,1.26,0.77,48.2,42.6,11,50
28400460035,洲本五色線,（元）洲本五色線,一般国道２８号（本四道路）,28205,0,1,,2726,,2501,5227,1.2,0.64,41.7,44.5,7,40
28400460039,洲本五色線,一般国道２８号（本四道路）,,28205,0,0.3,,2726,,2501,5227,1.2,0.64,49.5,39.6,7,40
28400460040,洲本五色線,,多賀洲本線,28205,0,2.9,洲本市中川原町市原,2658,洲本市中川原町市原,2455,5113,1.2,0.63,46.7,46.3,7,40
28400460050,洲本五色線,多賀洲本線,多賀洲本線,28205,0,0.3,洲本市中川原町市原,2658,洲本市中川原町市原,2455,5113,1.2,0.63,46.7,48.5,7,40
28400460060,洲本五色線,多賀洲本線,大谷鮎原神代線,28205,0,2.3,洲本市中川原町市原,2658,洲本市中川原町市原,2455,5113,1.2,0.6,48.4,47.8,10.5,40
28400460070,洲本五色線,大谷鮎原神代線,福良江井岩屋線,28205,0,3.9,,1659,,1557,3216,1.25,0.35,34.7,37.4,7,40
28400460110,洲本五色線,洲本五色線,下内膳物部線,28205,0,0.6,,,,,,,,44,39.5,11,40
28400470015,浜坂井土線,一般国道１７８号,,28586,0,0.1,,5216,,5432,10648,1.28,0.89,23.3,22.2,10,50
28400470060,浜坂井土線,,竹田指杭線,28586,0,0.2,,5216,,5432,10648,1.28,0.68,37.4,42.7,9,50
28400470070,浜坂井土線,竹田指杭線,,28586,0,0.7,,5216,,5432,10648,1.28,0.68,56,55.9,9,50
28400470030,浜坂井土線,,久斗山今岡線,28586,0,2.9,,5216,,5432,10648,1.28,0.65,52.1,53,9.5,50
28400470040,浜坂井土線,久斗山今岡線,一般国道９号,28586,0,2.3,,5216,,5432,10648,1.28,0.61,40,37.8,10,50
28400480010,大屋波賀線,養父宍粟線,大屋関宮線,28222,0,0.3,養父市大屋町加保,1510,養父市大屋町加保,1609,3119,1.17,0.43,24.5,27.9,11,40
28400480020,大屋波賀線,大屋関宮線,,28222,0,10.8,養父市大屋町加保,1510,養父市大屋町加保,1609,3119,1.17,0.41,48.7,51.5,9.5,40
28400480030,大屋波賀線,,養父市・宍粟市境,28222,0,3,養父市大屋町加保,1510,養父市大屋町加保,1609,3119,1.17,0.41,36.6,35.4,7,40
28400480040,養父波賀線,養父市・宍粟市境,道谷三方線,28227,0,0.9,養父市大屋町加保,1510,養父市大屋町加保,1609,3119,1.17,0.41,37.9,42,7,40
28400480050,養父波賀線,道谷三方線,一般国道２９号,28227,0,2.6,養父市大屋町加保,1510,養父市大屋町加保,1609,3119,1.17,0.41,52.5,49.9,7.5,40
28400490010,三田篠山線,三田後川上線,福住三田線,28219,0,4.2,三田市乙原,366,三田市乙原,339,705,1.25,0.08,42.2,44.5,9,40
28400490020,三田篠山線,福住三田線,曽地中三田線,28219,0,10.3,三田市乙原,366,三田市乙原,339,705,1.25,0.08,41.6,37.1,9.3,40
28400490030,三田篠山線,曽地中三田線,曽地中三田線,28219,0,0.6,三田市乙原,366,三田市乙原,339,705,1.25,0.09,46.8,43,10.4,40
28400490040,三田篠山線,曽地中三田線,三田市・丹波篠山市境,28219,0,0.8,,212,,225,437,1.21,0.06,31.2,41.2,6,40
28400490050,三田篠山線,三田市・丹波篠山市境,一般国道３７２号,28221,0,4.3,,212,,225,437,1.21,0.41,37.5,33.5,5,40
28400490100,三田篠山線,一般国道３７２号,三田篠山線,28221,0,1.2,丹波篠山市北,3858,丹波篠山市北,3564,7422,1.27,0.53,37,38.6,11,40
28400490080,三田篠山線,池上杉線,篠山山南線,28221,0,0.5,丹波篠山市北,3858,丹波篠山市北,3564,7422,1.27,0.59,22.1,22.4,16,40
28400490070,三田篠山線,一般国道３７２号,三田篠山線,28221,0,1.2,,212,,225,437,1.21,0.05,34.5,26.8,11,40
28400500010,但馬空港線,,豊岡日高線,28209,0,0.2,豊岡市上佐野,1614,豊岡市上佐野,1710,3324,1.2,0.8,51.1,51.1,8,50
28400500015,但馬空港線,豊岡日高線,一般国道４８３号（北近畿豊岡道）,28209,0,2.2,豊岡市上佐野,1614,豊岡市上佐野,1710,3324,1.2,0.66,46.8,41,8,50
28400500020,但馬空港線,一般国道４８３号（北近畿豊岡道）,一般国道３１２号,28209,0,1.6,豊岡市上佐野,5017,豊岡市上佐野,5219,10236,1.2,0.88,28.1,21.7,8,50
28400510010,宝塚唐櫃線,一般国道１７６号,西宮市道,28204,0,5.1,,2697,,2007,4704,1.25,0.66,42.8,42.4,7,40
28400510020,宝塚唐櫃線,西宮市道,大沢西宮線,28204,0,0.3,西宮市山口町船坂,2006,西宮市山口町船坂,2303,4309,1.26,0.64,24.1,12.4,8.7,30
28400510030,宝塚唐櫃線,大沢西宮線,,28204,0,1.3,,2699,,2534,5233,1.26,0.66,19.8,29.3,7.1,40
28400510040,宝塚唐櫃線,,宝塚唐櫃線,28109,0,1.8,神戸市北区有馬町,3132,神戸市北区有馬町,2896,6028,1.25,0.62,33.8,17.2,7.5,40
28400510045,宝塚唐櫃線,宝塚唐櫃線,有馬山口線,28109,0,0.5,神戸市北区有馬町,3132,神戸市北区有馬町,2896,6028,1.25,0.62,27.7,25.5,7.5,40
28400510050,宝塚唐櫃線,有馬山口線,有馬山口線,28109,0,0.4,神戸市北区有馬町,3132,神戸市北区有馬町,2896,6028,1.25,0.62,22.1,21.9,7.5,40
28400510060,宝塚唐櫃線,有馬山口線,高速北神戸線,28109,0,1.6,神戸市北区有馬町,3132,神戸市北区有馬町,2896,6028,1.25,0.62,29,33.4,7.5,40
28400510070,宝塚唐櫃線,高速北神戸線,神戸三田線,28109,0,1.3,神戸市北区有野町唐櫃,3079,神戸市北区有野町唐櫃,3120,6199,1.26,0.7,33.9,20.2,6.6,40
28400510090,宝塚唐櫃線,宝塚唐櫃線,有馬住吉線,28109,0,1,,1651,,1624,3275,1.25,1.32,20.5,19,4.9,30
28400520010,小部明石線,一般国道４２８号,明石神戸宝塚線,28109,0,2.6,神戸市北区鈴蘭台東町９丁目,3649,神戸市北区鈴蘭台東町９丁目,3603,7252,1.27,0.69,17.3,21.2,15.9,40
28400520030,小部明石線,明石神戸宝塚線,高速北神戸線,28109,0,0.8,神戸市北区北五葉２丁目,6458,神戸市北区北五葉２丁目,7007,13465,1.29,1.73,12.2,13.3,13.4,40
28400520040,小部明石線,高速北神戸線,神戸市北区・神戸市西区境,28109,0,3.2,神戸市北区北五葉２丁目,6458,神戸市北区北五葉２丁目,7007,13465,1.29,1.39,33.3,42.4,7.9,40
28400520050,小部明石線,神戸市北区・神戸市西区境,神戸市西区・神戸市北区境,28111,0,0.1,神戸市北区北五葉２丁目,6458,神戸市北区北五葉２丁目,7007,13465,1.29,1.32,51.1,48,8,40
28400520060,小部明石線,神戸市西区・神戸市北区境,神戸三木線,28109,0,1.3,神戸市西区押部谷町木見,4457,神戸市西区押部谷町木見,4696,9153,1.27,0.58,51.6,20.1,10.6,50
28400520080,小部明石線,神戸三木線,神戸三木線,28111,0,0.6,神戸市西区押部谷町木見,5757,神戸市西区押部谷町木見,5449,11206,1.27,1.13,9.1,23.2,10.5,40
28400520090,小部明石線,神戸三木線,神戸加古川姫路線,28111,0,3.8,神戸市西区押部谷町木見,5757,神戸市西区押部谷町木見,5449,11206,1.27,1.11,37.8,38.2,10.5,40
28400520100,小部明石線,神戸加古川姫路線,神戸加古川姫路線,28111,0,0.2,神戸市西区押部谷町木見,5757,神戸市西区押部谷町木見,5449,11206,1.27,1.23,14.4,20.5,12,40
28400520110,小部明石線,神戸加古川姫路線,西神中央線,28111,0,1.9,,4279,,3665,7944,1.27,0.97,24.1,21.7,9.5,50
28400520120,小部明石線,西神中央線,小部明石線,28111,0,1.5,神戸市西区櫨谷町長谷,7267,神戸市西区櫨谷町長谷,7920,15187,1.31,1.01,18.5,30.2,7.6,50
28400520125,小部明石線,小部明石線,一般国道２号（神戸西バイパス一般部）,28111,0,0.4,神戸市西区櫨谷町長谷,7267,神戸市西区櫨谷町長谷,7920,15187,1.31,0.96,26.3,20.9,16,50
28400520130,小部明石線,一般国道２号（神戸西バイパス一般部）,小部明石線,28111,0,1.1,神戸市西区櫨谷町長谷,7267,神戸市西区櫨谷町長谷,7920,15187,1.31,0.96,40.4,21.4,16,50
28400520135,小部明石線,小部明石線,小部明石線,28111,0,1.2,神戸市西区水谷３丁目,10581,神戸市西区水谷３丁目,10234,20815,1.32,1.89,16.5,16.8,16,50
28400520220,小部明石線（バイパス部）,小部明石線,出合白水線,28111,0,1.1,神戸市西区水谷３丁目,10581,神戸市西区水谷３丁目,10234,20815,1.32,1.82,,,16,50
28400520230,小部明石線（バイパス部）,出合白水線,小部明石線,28111,0,0.1,神戸市西区水谷３丁目,10581,神戸市西区水谷３丁目,10234,20815,1.32,1.65,21.5,7.4,16,50
28400520150,小部明石線,小部明石線,神戸明石線,28111,0,0.3,神戸市西区水谷３丁目,10581,神戸市西区水谷３丁目,10234,20815,1.32,1.98,21.5,7.4,17.2,50
28400520160,小部明石線,神戸明石線,玉津鳥羽線,28111,0,0.6,,4785,,4745,9530,1.28,0.77,12.7,11.8,15.9,40
28400520170,小部明石線,玉津鳥羽線,明石神戸宝塚線,28111,0,0.3,,4785,,4745,9530,1.28,0.7,11.8,20.7,15.9,40
28400520140,小部明石線,小部明石線,出合白水線,28111,0,1.1,,10146,,9275,19421,1.32,0,20,24.6,8.5,50
28400520145,小部明石線,出合白水線,小部明石線,28111,0,0.1,,10146,,9275,19421,1.32,1.31,18.3,,8.75,50
28400520190,小部明石線,小部明石線,一般国道２号（神戸西バイパス一般部）,28111,0,0.3,,6852,,7622,14474,1.3,1.79,19.4,21.5,8.2,50
28400520200,小部明石線,一般国道２号（神戸西バイパス一般部）,小部明石線,28111,0,1.3,,6852,,7622,14474,1.3,1.19,42.6,27.7,7.7,50
28400530010,宍粟下徳久線,一般国道２９号,相生宍粟線,28227,0,2.2,宍粟市山崎町葛根,2184,宍粟市山崎町葛根,2197,4381,1.18,0.56,21.6,24.9,11,40
28400530020,宍粟下徳久線,相生宍粟線,塩田三日月線,28227,0,4.3,宍粟市山崎町葛根,2184,宍粟市山崎町葛根,2197,4381,1.18,0.53,47.9,46,9.5,40
28400530030,宍粟下徳久線,塩田三日月線,塩田三日月線,28227,0,0.4,宍粟市山崎町葛根,2184,宍粟市山崎町葛根,2197,4381,1.18,0.49,50.2,51,13.5,40
28400530040,宍粟下徳久線,塩田三日月線,千種新宮線,28227,0,3.9,宍粟市山崎町葛根,2184,宍粟市山崎町葛根,2197,4381,1.18,0.54,53.8,52.7,9.5,40
28400530050,宍粟下徳久線,千種新宮線,千種新宮線,28227,0,0.7,宍粟市山崎町葛根,2184,宍粟市山崎町葛根,2197,4381,1.18,0.55,52.3,52,10,40
28400530060,宍粟下徳久線,千種新宮線,宍粟市・佐用町境,28227,0,1.1,宍粟市山崎町葛根,2184,宍粟市山崎町葛根,2197,4381,1.18,0.51,54.8,54.2,10.2,40
28400530070,宍粟下徳久線,宍粟市・佐用町境,若桜下三河線,28501,0,1.6,宍粟市山崎町葛根,2184,宍粟市山崎町葛根,2197,4381,1.18,0.58,47.4,41.7,9,40
28400530080,宍粟下徳久線,若桜下三河線,横坂下徳久線,28501,0,8.8,,1248,,1352,2600,1.23,0.4,53.5,55,9,50
28400530085,宍粟下徳久線,横坂下徳久線,,28501,0,0.1,,1248,,1352,2600,1.23,0.37,29.3,26.6,9.5,50
28400530110,宍粟下徳久線,,佐用町道,28501,0,0.2,,1248,,1352,2600,1.23,0.47,31.8,12.2,9.5,50
28400540010,西脇停車場線,,和布西脇線,28213,0,0.4,,6467,,5235,11702,1.29,1.29,12,12,9.5,40
28400540020,西脇停車場線,和布西脇線,一般国道４２７号,28213,0,0.6,,6467,,5235,11702,1.29,1.1,23.5,24.2,7,40
28400550010,伊丹停車場線,,尼崎池田線,28207,0,0.4,,1631,,1375,3006,1.25,0.34,13,8.4,18,40
28400560010,但東夜久野線,一般国道４２６号,天谷佐田線,28209,0,4.7,豊岡市但東町日殿,489,豊岡市但東町日殿,517,1006,1.17,0.13,55.6,54.8,6.5,40
28400560020,但東夜久野線,天谷佐田線,但東夜久野線,28209,0,2.3,豊岡市但東町日殿,489,豊岡市但東町日殿,517,1006,1.17,0.14,55.6,54.8,5.5,40
28400570010,尼崎港線,高速湾岸線,,28202,0,0.2,尼崎市大高洲町,4817,尼崎市大高洲町,4899,9716,1.28,1,26.1,16.4,14.5,50
28400570020,尼崎港線,,,28202,0,0.6,尼崎市大高洲町,4817,尼崎市大高洲町,4899,9716,1.28,1.2,24,22.9,16.5,50
28400570030,尼崎港線,,,28202,0,0.2,尼崎市大高洲町,4817,尼崎市大高洲町,4899,9716,1.28,1.22,16,19.2,16,50
28400570040,尼崎港線,,一般国道４３号,28202,0,1.1,尼崎市東向島西之町,5958,尼崎市東向島西之町,5240,11198,1.29,1.41,22.2,6.9,18,50
28400570060,尼崎港線,一般国道４３号,一般国道２号,28202,0,0.6,尼崎市西大物町,7489,尼崎市西大物町,6300,13789,1.3,1.24,8.1,6.1,21.3,50
28400580010,西宮停車場線,,一般国道２号,28204,0,0.1,,1631,,1375,3006,1.25,0.25,5.5,3.5,27,40
28400590010,市島和知線,一般国道１７５号,神池寺線,28223,0,3.9,,878,,846,1724,1.21,0.24,39.6,43.6,10,50
28400590020,市島和知線,神池寺線,市島和知線,28223,0,4.2,,304,,299,603,1.17,0.11,52.4,50.2,9.5,50
28400610010,加古川停車場線,,一般国道２号,28210,0,0.3,加古川市加古川町寺前町,3478,加古川市加古川町寺前町,1353,4831,1.26,0.36,12.2,6,36,40
28400620010,姫路港線,一般国道２５０号,付城細江線,28201,0,1.2,姫路市延末,9307,姫路市延末,9986,19293,1.28,1.73,15.2,18.3,14,40
28400620020,姫路港線,付城細江線,一般国道２号,28201,0,0.9,姫路市延末,9307,姫路市延末,9986,19293,1.28,1.62,22.6,17.8,13,40
28400620030,姫路港線,一般国道２号,一般国道２号,28201,0,2.4,姫路市延末,9307,姫路市延末,9986,19293,1.28,0.81,15.1,12.2,30,40
28400630010,山東大江線,一般国道９号,金浦和田山線,28225,0,1.9,朝来市山東町金浦,254,朝来市山東町金浦,208,462,1.2,0.08,39.6,36.5,6.5,40
28400630020,山東大江線,金浦和田山線,山東大江線,28225,0,0.1,朝来市山東町金浦,254,朝来市山東町金浦,208,462,1.2,0.07,17.2,35.2,10,50
28400630040,山東大江線,山東大江線,小坂青垣線,28209,0,1.9,,579,,556,1135,1.17,0.17,32.6,31.3,5.5,40
28400630050,山東大江線,小坂青垣線,一般国道４２６号,28209,0,2.5,,579,,556,1135,1.17,0.15,43.5,39.5,6.5,40
28400630070,山東大江線,一般国道４２６号,赤花薬王寺線,28209,0,1.5,豊岡市但東町薬王寺,102,豊岡市但東町薬王寺,88,190,1.32,0.03,44.3,52.2,6.5,40
28400630080,山東大江線,赤花薬王寺線,山東大江線,28209,0,1.9,豊岡市但東町薬王寺,102,豊岡市但東町薬王寺,88,190,1.32,0.03,66.5,36.9,6.5,40
28400640010,相生停車場線,,たつの相生線,28208,0,0.7,,8500,,7689,16189,1.31,1.15,13.5,16.5,8.5,40
28400640020,相生停車場線,たつの相生線,一般国道２５０号,28208,0,1.1,,8500,,7689,16189,1.31,1.3,14,19.3,15.5,40
28400650010,神戸加古川姫路線,一般国道２号,中央幹線,28107,0,0.4,,2649,,2482,5131,1.25,0.67,15,9.6,10,40
28400650020,神戸加古川姫路線,中央幹線,神戸明石線,28107,0,0.5,神戸市須磨区天神町５丁目,3159,神戸市須磨区天神町５丁目,3688,6847,1.26,0.85,4.6,6.9,15,40
28400650030,神戸加古川姫路線,神戸明石線,一般国道２号（第二神明道路）,28107,0,0.5,神戸市須磨区離宮西町２丁目,12976,神戸市須磨区離宮西町２丁目,14098,27074,1.34,1.01,10.9,34.2,22.1,50
28400650040,神戸加古川姫路線,一般国道２号（第二神明道路）,高倉白川線,28107,0,1.1,神戸市須磨区高倉台２丁目,8509,神戸市須磨区高倉台２丁目,9372,17881,1.32,0.44,15.8,22.4,24,50
28400650050,神戸加古川姫路線,高倉白川線,塩屋丸山線,28107,0,1,神戸市須磨区多井畑池ノ奥上,3703,神戸市須磨区多井畑池ノ奥上,3270,6973,1.28,0.78,24,25.9,9.4,40
28400650060,神戸加古川姫路線,塩屋丸山線,神戸加古川姫路線,28107,0,0.2,神戸市須磨区多井畑池ノ奥上,3703,神戸市須磨区多井畑池ノ奥上,3270,6973,1.28,1.17,19,23.9,5.5,40
28400650080,神戸加古川姫路線,神戸加古川姫路線,神戸加古川姫路線,28108,0,3.2,,,,,,,,,,4.8,40
28400650100,神戸加古川姫路線,神戸加古川姫路線,神戸加古川姫路線,28108,0,0.1,,9008,,9739,18747,1.32,0.48,27,18.3,19.9,50
28400650110,神戸加古川姫路線,神戸加古川姫路線,須磨多聞線,28108,0,0.2,,9008,,9739,18747,1.32,0.51,17.1,17.6,20.9,50
28400650120,神戸加古川姫路線,須磨多聞線,神戸加古川姫路線,28108,0,0.8,,9008,,9739,18747,1.32,0.56,19.9,25.7,20.7,50
28400650130,神戸加古川姫路線,神戸加古川姫路線,落合名谷線,28108,0,0.3,,9008,,9739,18747,1.32,0.51,25.2,18.1,20.8,50
28400650140,神戸加古川姫路線,落合名谷線,垂水妙法寺線,28108,0,0.5,,9008,,9739,18747,1.32,0.58,21.9,27.6,18.9,50
28400650150,神戸加古川姫路線,垂水妙法寺線,神戸市垂水区・神戸市須磨区境,28108,0,0.1,神戸市須磨区緑台,4748,神戸市須磨区緑台,5097,9845,1.28,0.82,14.2,33.7,9,40
28400650160,神戸加古川姫路線,神戸市垂水区・神戸市須磨区境,白川伊川谷線,28107,0,0.9,神戸市須磨区緑台,4748,神戸市須磨区緑台,5097,9845,1.28,0.81,31.6,12.6,9.5,40
28400650170,神戸加古川姫路線,白川伊川谷線,神戸加古川姫路線,28107,0,0.7,,19713,,20029,39742,1.36,0.9,23.3,24.2,17.8,60
28400650180,神戸加古川姫路線,神戸加古川姫路線,神戸市西区・神戸市須磨区境,28111,0,0,神戸市須磨区弥栄台５丁目,4699,神戸市須磨区弥栄台５丁目,4719,9418,1.28,0.6,5.8,12.1,15.6,50
28400650190,神戸加古川姫路線,神戸市西区・神戸市須磨区境,高速北神戸線,28107,0,1.1,神戸市須磨区弥栄台５丁目,4699,神戸市須磨区弥栄台５丁目,4719,9418,1.28,0.28,19.5,22.7,25,50
28400650200,神戸加古川姫路線,高速北神戸線,神戸市須磨区・神戸市西区境,28107,0,0.1,神戸市須磨区弥栄台５丁目,4699,神戸市須磨区弥栄台５丁目,4719,9418,1.28,0.27,26.5,36.1,27,50
28400650210,神戸加古川姫路線,神戸市須磨区・神戸市西区境,高速北神戸線,28111,0,0.6,神戸市須磨区弥栄台５丁目,4699,神戸市須磨区弥栄台５丁目,4719,9418,1.28,0.3,43.5,31.5,18.6,50
28400650220,神戸加古川姫路線,高速北神戸線,明石神戸宝塚線,28111,0,0.1,,6632,,6848,13480,1.3,0.49,28,8.2,29.8,50
28400650240,神戸加古川姫路線,明石神戸宝塚線,神戸加古川姫路線,28111,0,1.9,,6976,,7489,14465,1.3,0.49,36.1,33.9,28.2,50
28400650250,神戸加古川姫路線,神戸加古川姫路線,永井谷前開線,28111,0,0.1,,17176,,14467,31643,1.35,1,11.3,28.5,28,50
28400650260,神戸加古川姫路線,永井谷前開線,神戸加古川姫路線,28111,0,1.6,,17176,,14467,31643,1.35,0.97,30.6,38.4,27.5,50
28400650270,神戸加古川姫路線,神戸加古川姫路線,小部明石線,28111,0,0.4,,17176,,14467,31643,1.35,0.93,35.9,37.8,28.4,50
28400650280,神戸加古川姫路線,小部明石線,西神２号線,28111,0,0.3,,16249,,13590,29839,1.35,0.52,24.9,16.7,28.9,50
28400650290,神戸加古川姫路線,西神２号線,西神１号線,28111,0,1.2,,16249,,13590,29839,1.35,0.6,48.5,28.2,33.5,50
28400650300,神戸加古川姫路線,西神１号線,平野三木線,28111,0,2.5,,11925,,12720,24645,1.34,0.64,31.6,34.9,32,40
28400650310,神戸加古川姫路線,平野三木線,平野三木線,28111,0,0.4,,11925,,12720,24645,1.34,0.63,13.1,24.9,28,50
28400650320,神戸加古川姫路線,平野三木線,神戸加古川姫路線,28111,0,0.4,,8840,,8609,17449,1.32,0.6,18.5,27,28,50
28400650330,神戸加古川姫路線,神戸加古川姫路線,一般国道１７５号,28111,0,1.6,神戸市西区神出町南,9768,神戸市西区神出町南,9781,19549,1.32,0.54,47.7,36.9,28,50
28400650340,神戸加古川姫路線,一般国道１７５号,一般国道１７５号（神出バイパス）,28111,0,0.3,神戸市西区神出町南,9768,神戸市西区神出町南,9781,19549,1.32,0.54,23.9,8.4,28,50
28400650390,神戸加古川姫路線,一般国道１７５号（神出バイパス）,野村明石線,28111,0,1,,5227,,3610,8837,1.27,0.69,19.3,36.3,12.6,40
28400650400,神戸加古川姫路線,野村明石線,野村明石線,28111,0,0.8,,5227,,3610,8837,1.27,0.81,31.2,43.1,10,40
28400650410,神戸加古川姫路線,野村明石線,志染土山線,28381,0,1.6,,3640,,3349,6989,1.26,0.52,41.1,23.1,7,50
28400650420,神戸加古川姫路線,志染土山線,大久保稲美加古川線,28381,0,2.5,加古川市八幡町上西条,3813,加古川市八幡町上西条,3155,6968,1.27,0.59,30,36.7,7.5,50
28400650430,神戸加古川姫路線,大久保稲美加古川線,大久保稲美加古川線,28381,0,0.3,加古川市八幡町上西条,3813,加古川市八幡町上西条,3155,6968,1.27,0.55,32.3,19.2,7.5,50
28400650440,神戸加古川姫路線,大久保稲美加古川線,宗佐土山線,28381,0,0.6,加古川市八幡町上西条,3813,加古川市八幡町上西条,3155,6968,1.27,0.56,14.7,25.7,14,50
28400650450,神戸加古川姫路線,宗佐土山線,稲美町・加古川市境,28381,0,1.3,加古川市八幡町上西条,3813,加古川市八幡町上西条,3155,6968,1.27,0.54,33.2,37.5,14,50
28400650460,神戸加古川姫路線,稲美町・加古川市境,加古川市・稲美町境,28210,0,0.4,加古川市八幡町上西条,3813,加古川市八幡町上西条,3155,6968,1.27,0.52,50.3,51.5,11,50
28400650470,神戸加古川姫路線,加古川市・稲美町境,稲美町・加古川市境,28381,0,0.8,加古川市八幡町上西条,3813,加古川市八幡町上西条,3155,6968,1.27,0.51,53.5,53.1,14,50
28400650475,神戸加古川姫路線,稲美町・加古川市境,加古川小野線,28210,0,0.8,加古川市八幡町上西条,3813,加古川市八幡町上西条,3155,6968,1.27,0.55,43.7,28.3,11.5,50
28400650480,神戸加古川姫路線,加古川小野線,加古川小野線,28210,0,1.3,加古川市八幡町上西条,11542,加古川市八幡町上西条,9919,21461,1.33,1.44,14.2,10.6,11.5,50
28400650490,神戸加古川姫路線,加古川小野線,高砂加古川加西線,28210,0,3.6,加古川市平荘町山角,4019,加古川市平荘町山角,4024,8043,1.27,0.75,17.3,31.4,9.5,40
28400650500,神戸加古川姫路線,高砂加古川加西線,平荘魚橋線,28210,0,0.4,加古川市平荘町山角,4019,加古川市平荘町山角,4024,8043,1.27,0.81,15.4,34.4,9.5,40
28400650510,神戸加古川姫路線,平荘魚橋線,高砂北条線,28210,0,2.7,加古川市平荘町山角,4019,加古川市平荘町山角,4024,8043,1.27,0.75,39.6,34.3,9,40
28400650520,神戸加古川姫路線,高砂北条線,小原宝殿停車場線,28210,0,1.6,加古川市平荘町山角,4019,加古川市平荘町山角,4024,8043,1.27,0.85,30.2,28.2,8.5,40
28400650530,神戸加古川姫路線,小原宝殿停車場線,飾東宝殿停車場線,28210,0,1.6,加古川市平荘町山角,4019,加古川市平荘町山角,4024,8043,1.27,0.88,33.5,38.4,8.5,40
28400650540,神戸加古川姫路線,飾東宝殿停車場線,加古川市・姫路市境,28210,0,2.9,加古川市平荘町山角,4019,加古川市平荘町山角,4024,8043,1.27,0.8,47.4,47.2,8.5,40
28400650550,神戸加古川姫路線,加古川市・姫路市境,豊富御国野線,28201,0,2.4,姫路市飾東町唐端新,2846,姫路市飾東町唐端新,2665,5511,1.25,0.74,48.6,48.3,7,40
28400650560,神戸加古川姫路線,豊富御国野線,一般国道３７２号,28201,0,0.9,姫路市飾東町唐端新,2846,姫路市飾東町唐端新,2665,5511,1.25,0.78,45.6,39.4,7,40
28400650590,神戸加古川姫路線,神戸加古川姫路線,長坂垂水線,28108,0,0.5,,867,,842,1709,1.21,0.2,19.8,13.2,8,40
28400650600,神戸加古川姫路線,長坂垂水線,神戸加古川姫路線,28108,0,0.6,,867,,842,1709,1.21,0.2,19.8,17.5,7.8,40
28400650620,神戸加古川姫路線,神戸加古川姫路線,西神中央線,28111,0,1.1,,22143,,24011,46154,1.37,1.31,37.8,9.9,31.5,60
28400650630,神戸加古川姫路線,西神中央線,明石神戸宝塚線,28111,0,1.5,神戸市西区学園東町３丁目,7489,神戸市西区学園東町３丁目,6448,13937,1.3,0.48,29.9,29.6,24,50
28400650640,神戸加古川姫路線,明石神戸宝塚線,高速北神戸線,28111,0,0.6,,6260,,5879,12139,1.29,0.9,28.7,15,14,50
28400650650,神戸加古川姫路線,高速北神戸線,神戸加古川姫路線,28111,0,0.9,,6260,,5879,12139,1.29,0.79,21.5,18,11.6,50
28400650660,神戸加古川姫路線,神戸加古川姫路線,,28111,0,0.6,,3368,,3415,6783,1.26,0.81,25.8,28.7,6.6,50
28400650680,神戸加古川姫路線,神戸加古川姫路線,小部明石線,28111,0,0.5,,3368,,3415,6783,1.26,0.6,18.7,24.5,8.6,50
28400650360,神戸加古川姫路線,神戸加古川姫路線,一般国道１７５号,28111,0,2.4,,3747,,2184,5931,1.26,0.55,25.4,31.8,8.6,40
28400650370,神戸加古川姫路線,一般国道１７５号,六分一神出線,28111,0,0.1,,5227,,3610,8837,1.27,0.97,7.6,16.1,11.9,40
28400650380,神戸加古川姫路線,六分一神出線,一般国道１７５号（神出バイパス）,28111,0,0.6,,5227,,3610,8837,1.27,1,14,25,9,40
28400660010,大谷鮎原神代線,一般国道２８号,室津志筑線,28226,0,1.2,淡路市志筑,4598,淡路市志筑,3967,8565,1.27,0.65,22.6,46.7,9.3,50
28400660020,大谷鮎原神代線,室津志筑線,尾崎志筑線,28226,0,0.7,淡路市志筑,4598,淡路市志筑,3967,8565,1.27,0.65,38.2,33.5,9.3,50
28400660030,大谷鮎原神代線,尾崎志筑線,志筑郡家線,28226,0,1.5,淡路市志筑,4598,淡路市志筑,3967,8565,1.27,0.67,33.5,25,9.3,50
28400660040,大谷鮎原神代線,志筑郡家線,一般国道２８号（本四道路）,28226,0,0.4,淡路市志筑,4598,淡路市志筑,3967,8565,1.27,0.19,23,21.5,17,50
28400660050,大谷鮎原神代線,一般国道２８号（本四道路）,志筑郡家線,28226,0,0.9,淡路市志筑,4598,淡路市志筑,3967,8565,1.27,0.67,32.2,29.8,11.5,50
28400660060,大谷鮎原神代線,志筑郡家線,明神安乎線,28226,0,2.6,淡路市木曽下,4144,淡路市木曽下,4039,8183,1.27,0.72,30.9,42.9,10.8,40
28400660070,大谷鮎原神代線,明神安乎線,木曽上中田線,28226,0,0.5,淡路市木曽下,4144,淡路市木曽下,4039,8183,1.27,0.7,30.9,42.9,11.5,40
28400660080,大谷鮎原神代線,木曽上中田線,明神安乎線,28226,0,0.2,淡路市木曽下,4144,淡路市木曽下,4039,8183,1.27,0.66,25.6,25.3,8,40
28400660090,大谷鮎原神代線,明神安乎線,淡路市・洲本市境,28226,0,1.7,淡路市木曽下,4144,淡路市木曽下,4039,8183,1.27,0.75,45,44.7,7,40
28400660100,大谷鮎原神代線,淡路市・洲本市境,多賀洲本線,28205,0,0.9,淡路市木曽下,4144,淡路市木曽下,4039,8183,1.27,0.75,49,47.8,7,40
28400660110,大谷鮎原神代線,多賀洲本線,多賀洲本線,28205,0,0.1,淡路市木曽下,4144,淡路市木曽下,4039,8183,1.27,0.75,44,37.3,7,40
28400660120,大谷鮎原神代線,多賀洲本線,鮎原江井線,28205,0,1.7,淡路市木曽下,4144,淡路市木曽下,4039,8183,1.27,0.75,44.1,42.2,10.3,40
28400660130,大谷鮎原神代線,鮎原江井線,洲本五色線,28205,0,0.2,淡路市木曽下,4144,淡路市木曽下,4039,8183,1.27,0.77,25.9,24.8,8.8,40
28400660140,大谷鮎原神代線,洲本五色線,倭文五色線,28205,0,2.8,,3152,,3040,6192,1.26,0.73,38.6,40.2,8.8,40
28400660150,大谷鮎原神代線,倭文五色線,倭文五色線,28205,0,0.4,,3152,,3040,6192,1.26,0.72,39.9,41.1,7,40
28400660154,大谷鮎原神代線,倭文五色線,（元）大谷鮎原神代線,28205,0,0.1,,3152,,3040,6192,1.26,0.67,41.7,38.3,11,40
28400660240,大谷鮎原神代線,（元）大谷鮎原神代線,（元）大谷鮎原神代線,28205,0,0.6,,3152,,3040,6192,1.26,0.67,41.5,43.6,11,40
28400660160,大谷鮎原神代線,（元）大谷鮎原神代線,鳥飼浦洲本線,28205,0,0.7,洲本市五色町広石下,2977,洲本市五色町広石下,2770,5747,1.26,0.75,20.9,26.2,9.5,40
28400660170,大谷鮎原神代線,鳥飼浦洲本線,鳥飼浦洲本線,28205,0,1,洲本市五色町広石下,2977,洲本市五色町広石下,2770,5747,1.26,0.71,41.2,31.4,9,40
28400660180,大谷鮎原神代線,鳥飼浦洲本線,洲本市・南あわじ市境,28205,0,1.5,洲本市五色町広石下,2977,洲本市五色町広石下,2770,5747,1.26,0.72,48.4,48.5,8.8,40
28400660190,大谷鮎原神代線,洲本市・南あわじ市境,洲本松帆線,28224,0,3.4,洲本市五色町広石下,2977,洲本市五色町広石下,2770,5747,1.26,0.75,43.5,43.7,8.3,40
28400660200,大谷鮎原神代線,洲本松帆線,松帆八木線,28224,0,1.7,洲本市五色町広石下,2977,洲本市五色町広石下,2770,5747,1.26,2.84,26.7,28.9,5.5,40
28400660210,大谷鮎原神代線,松帆八木線,阿那賀市線,28224,0,1,南あわじ市市三條,344,南あわじ市市三條,395,739,1.17,0.11,27.6,24.9,6.5,40
28400660220,大谷鮎原神代線,阿那賀市線,一般国道２８号,28224,0,3.6,南あわじ市市三條,344,南あわじ市市三條,395,739,1.17,0.69,29.1,29.5,7.5,40
28400670010,姫路神河線,一般国道２号,姫路上郡線,28201,0,1.9,姫路市辻井,5227,姫路市辻井,4894,10121,1.28,0.87,13,13.6,12,40
28400670020,姫路神河線,姫路上郡線,田寺今在家線,28201,0,0.8,姫路市夢前町宮置,6340,姫路市夢前町宮置,6512,12852,1.29,1.72,28,22.7,7.5,40
28400670030,姫路神河線,田寺今在家線,姫路環状線,28201,0,0.8,姫路市夢前町宮置,6340,姫路市夢前町宮置,6512,12852,1.29,1.52,19.6,11.4,16,40
28400670040,姫路神河線,姫路環状線,姫路環状線,28201,0,0.8,姫路市夢前町宮置,6340,姫路市夢前町宮置,6512,12852,1.29,1.33,19,17,16,40
28400670050,姫路神河線,姫路環状線,宍粟香寺線,28201,0,4.7,姫路市夢前町宮置,6340,姫路市夢前町宮置,6512,12852,1.29,1.47,25.3,35.9,9.5,50
28400670060,姫路神河線,宍粟香寺線,宍粟香寺線,28201,0,0.8,姫路市夢前町宮置,6340,姫路市夢前町宮置,6512,12852,1.29,1.43,43.7,43,7,50
28400670065,姫路神河線,宍粟香寺線,置塩１３４号線,28201,0,4.7,,6279,,6378,12657,1.29,1.26,40.2,38.8,7.5,50
28400670070,姫路神河線,置塩１３４号線,三木宍粟線,28201,0,0.8,,6279,,6378,12657,1.29,1.31,35.8,28.6,7.5,50
28400670080,姫路神河線,三木宍粟線,前之庄市川線,28201,0,0.8,,576,,551,1127,1.17,0.15,26.8,29.8,7.5,40
28400670090,姫路神河線,前之庄市川線,山之内莇野姫路線,28201,0,7,,576,,551,1127,1.17,0.14,48.8,49.5,6.5,40
28400670100,姫路神河線,山之内莇野姫路線,,28201,0,6.4,,,,,,,,47.2,44.4,5,40
28400670120,姫路神河線,,姫路神河線,28201,0,1.7,,233,,231,464,1.2,0,,,3,40
28400670140,姫路神河線,姫路神河線,,28446,0,2.2,,233,,231,464,1.2,2.67,48.4,48.4,1,40
28400670150,姫路神河線,,加美宍粟線,28446,0,0.9,,233,,231,464,1.2,2.67,48.4,48.4,3,60
28400680010,川西三田線,一般国道１７３号,川西市・猪名川町境,28217,0,1,川辺郡猪名川町伏見台一丁目,6641,川辺郡猪名川町伏見台一丁目,6791,13432,1.3,6.78,31.9,23.7,5,50
28400680020,川西三田線,川西市・猪名川町境,能勢猪名川線,28301,0,2.3,川辺郡猪名川町伏見台一丁目,6641,川辺郡猪名川町伏見台一丁目,6791,13432,1.3,0.29,40.4,41.1,24,50
28400680030,川西三田線,能勢猪名川線,川西篠山線,28301,0,0.3,川辺郡猪名川町伏見台一丁目,6641,川辺郡猪名川町伏見台一丁目,6791,13432,1.3,0.38,30.1,23.1,24,50
28400680050,川西三田線,川西篠山線,猪名川町・宝塚市境,28301,0,2.2,宝塚市下佐曽利,2354,宝塚市下佐曽利,2297,4651,1.16,0.46,40.9,51.1,7,40
28400680060,川西三田線,猪名川町・宝塚市境,塩瀬宝塚線,28214,0,2.1,宝塚市下佐曽利,2354,宝塚市下佐曽利,2297,4651,1.16,0.56,50,50.1,8.5,40
28400680070,川西三田線,塩瀬宝塚線,下佐曽利笹尾線,28214,0,0.1,宝塚市大原野,2128,宝塚市大原野,2208,4336,1.25,0.74,30.8,18.1,6.5,40
28400680080,川西三田線,下佐曽利笹尾線,宝塚市・三田市境,28214,0,3.9,宝塚市大原野,2128,宝塚市大原野,2208,4336,1.25,0.6,43.1,44.8,8,40
28400680090,川西三田線,宝塚市・三田市境,三田後川上線,28219,0,3.9,宝塚市大原野,2128,宝塚市大原野,2208,4336,1.25,0.56,47.4,41.1,6.5,40
28400690010,春日栗柄線,一般国道１７５号,追入市島線,28223,0,2.9,丹波市春日町中山,2641,丹波市春日町中山,2663,5304,1.25,0.58,32.8,38.5,7,50
28400690020,春日栗柄線,追入市島線,東中下板井線,28223,0,1.3,丹波市春日町中山,2641,丹波市春日町中山,2663,5304,1.25,0.58,38.4,41.3,7,50
28400690030,春日栗柄線,東中下板井線,中山綾部線,28223,0,2,丹波市春日町中山,2641,丹波市春日町中山,2663,5304,1.25,0.55,50,48.4,7,50
28400690040,春日栗柄線,中山綾部線,丹波市・丹波篠山市境,28223,0,5.8,丹波市春日町中山,2641,丹波市春日町中山,2663,5304,1.25,0.55,51.1,52.6,7,50
28400690050,春日栗柄線,丹波市・丹波篠山市境,篠山三和線,28221,0,0.2,丹波市春日町中山,2641,丹波市春日町中山,2663,5304,1.25,0.73,39.8,28.1,7,50
28400700005,十二所澤線,養父宍粟線,一般国道４８３号（北近畿豊岡道）,28222,0,0.2,,1162,,1065,2227,1.22,0.31,19.3,32.2,11.5,50
28400700010,十二所澤線,一般国道４８３号（北近畿豊岡道）,浅野山東線,28222,0,0.6,,1162,,1065,2227,1.22,0.31,55.2,54.2,11.5,50
28400700020,十二所澤線,浅野山東線,森大屋線,28222,0,5.3,,1162,,1065,2227,1.22,0.33,52.8,51.7,9.5,50
28400700030,十二所澤線,森大屋線,養父市・朝来市境,28222,0,7.1,,1162,,1065,2227,1.22,0.36,55.5,56,9.5,50
28400700040,十二所澤線,養父市・朝来市境,一般国道４２９号,28225,0,5.4,,383,,310,693,1.18,0.12,56.3,55.5,10,50
28400700060,十二所澤線,一般国道３１２号,,28225,0,1.1,,480,,512,992,1.17,0.15,29.6,28.9,8,40
28400700070,十二所澤線,,,28225,0,1.5,,1272,,1191,2463,1.22,0.35,32.6,31.5,10.5,40
28400700080,十二所澤線,,与布土桑市線,28225,0,1.8,,1272,,1191,2463,1.22,0.37,41.6,43.8,9,40
28400700090,十二所澤線,与布土桑市線,物部藪崎線,28225,0,2.6,,1272,,1191,2463,1.22,0.36,48.8,52,11.5,40
28400700100,十二所澤線,物部藪崎線,一般国道３１２号,28225,0,0.2,,1272,,1191,2463,1.22,0.32,34.6,19.1,7.5,40
28400710010,富島久留麻線,福良江井岩屋線,佐野仁井岩屋線,28226,0,3.1,淡路市石田,1351,淡路市石田,1309,2660,1.22,0.3,32.9,39.5,10,40
28400710020,富島久留麻線,佐野仁井岩屋線,一般国道２８号,28226,0,4.9,,1302,,1558,2860,1.25,0.36,38.6,36.4,6.5,40
28400720010,若桜下三河線,,,28227,0,1.5,,281,,298,579,1.18,2.91,45.7,45.7,1,40
28400720025,若桜下三河線,,,28227,0,14.3,宍粟市千種町西河内,313,宍粟市千種町西河内,309,622,1.17,0.1,50.2,40.2,8,40
28400720120,若桜下三河線,,一般国道４２９号,28227,0,0.5,宍粟市千種町西河内,313,宍粟市千種町西河内,309,622,1.17,0.1,19.3,24.7,9,40
28400720050,若桜下三河線,一般国道４２９号,宍粟市・佐用町境,28227,0,5.1,佐用郡佐用町船越,1249,佐用郡佐用町船越,1309,2558,1.25,0.29,50.6,52.5,7,50
28400720060,若桜下三河線,宍粟市・佐用町境,若桜下三河線,28501,0,6.6,佐用郡佐用町船越,1249,佐用郡佐用町船越,1309,2558,1.25,0.29,56.9,58.3,9.5,50
28400720080,若桜下三河線,若桜下三河線,若桜下三河線,28501,0,0.8,,,,,,,,52.3,54.1,6.5,50
28400720100,若桜下三河線,若桜下三河線,宍粟下徳久線,28501,0,0.6,,1769,,1802,3571,1.25,0.47,43.5,34.7,10,50
28400730010,山田三田線,神戸三田線,,28109,0,3.1,,,,,,,,,,5.4,60
28400730030,山田三田線,,三木三田線,28109,0,1.9,,,,,,,,,,4.2,60
28400730050,山田三田線,三木三田線,大沢西宮線,28109,0,3.1,,910,,884,1794,1.21,4.4,17.7,28.6,4.6,40
28400730070,山田三田線,大沢西宮線,長尾線,28109,0,3,,643,,773,1416,1.18,0.18,32.7,31.1,7.8,40
28400730080,山田三田線,長尾線,西脇三田線,28109,0,1.1,,643,,773,1416,1.18,0.18,36,21.5,10.8,40
28400740010,尼崎停車場線,,尼崎停車場西川線,28202,0,0.2,尼崎市長洲中通２丁目,4984,尼崎市長洲中通２丁目,4854,9838,1.28,0.67,22.3,24.3,12.5,40
28400740020,尼崎停車場線,尼崎停車場西川線,一般国道２号,28202,0,1.4,尼崎市長洲中通２丁目,4984,尼崎市長洲中通２丁目,4854,9838,1.28,0.44,21.3,15,20,40
28400750010,小野藍本線,一般国道１７５号,住吉住永線,28218,0,3.4,小野市住吉町,1051,小野市住吉町,994,2045,1.25,0.25,30,27.8,8.6,40
28400750020,小野藍本線,住吉住永線,神戸加東線,28218,0,3.3,小野市住吉町,1051,小野市住吉町,994,2045,1.25,0.24,33.7,36.2,6.5,40
28400750030,小野藍本線,神戸加東線,（元）神戸加東線,28218,0,1,加東市厚利,4580,加東市厚利,4290,8870,1.26,0.85,43.1,42.6,7,40
28400750040,小野藍本線,（元）神戸加東線,小野市・加東市境,28218,0,0.1,加東市厚利,4580,加東市厚利,4290,8870,1.26,0.94,40.8,35.5,6,40
28400750050,小野藍本線,小野市・加東市境,厚利社線,28228,0,1.3,加東市厚利,4580,加東市厚利,4290,8870,1.26,0.85,42.7,42.1,7,40
28400750060,小野藍本線,厚利社線,西脇口吉川神戸線,28228,0,1.5,加東市厚利,4580,加東市厚利,4290,8870,1.26,0.91,39.1,28.6,7,40
28400750070,小野藍本線,西脇口吉川神戸線,西脇三田線,28228,0,3,加東市厚利,4580,加東市厚利,4290,8870,1.26,0.87,30.7,28.8,10,40
28400750090,小野藍本線,西脇三田線,平木南山線,28228,0,1.6,三田市大川瀬,382,三田市大川瀬,342,724,1.25,0.12,25.7,29,7,40
28400750100,小野藍本線,平木南山線,加東市・三田市境,28228,0,3.7,三田市大川瀬,382,三田市大川瀬,342,724,1.25,0.11,42.4,40.6,7,40
28400750110,小野藍本線,加東市・三田市境,大川瀬吉川線,28219,0,1.5,三田市大川瀬,382,三田市大川瀬,342,724,1.25,0.1,42.2,42.9,7,40
28400750120,小野藍本線,大川瀬吉川線,黒石三田線,28219,0,2.9,三田市大川瀬,382,三田市大川瀬,342,724,1.25,0.1,43.7,38.4,9.8,40
28400750130,小野藍本線,黒石三田線,黒石三田線,28219,0,0.3,三田市大川瀬,382,三田市大川瀬,342,724,1.25,0.13,25.9,39,7,40
28400750140,小野藍本線,黒石三田線,一般国道１７６号,28219,0,2.5,三田市大川瀬,382,三田市大川瀬,342,724,1.25,0.1,32,30,9.8,40
28400760010,洲本灘賀集線,一般国道２８号,広田洲本線,28205,0,0.4,洲本市塩屋,2588,洲本市塩屋,2351,4939,1.26,0.43,14.4,15.3,12,40
28400760020,洲本灘賀集線,広田洲本線,相川下清水線,28205,0,19.8,,2467,,2191,4658,1.25,0.49,33.5,36,10.5,40
28400760030,洲本灘賀集線,相川下清水線,畑田組栄町線,28205,0,2.9,,2467,,2191,4658,1.25,0.58,52.2,49.4,6,40
28400760040,洲本灘賀集線,畑田組栄町線,洲本市・南あわじ市境,28205,0,0.3,,2467,,2191,4658,1.25,0.52,50.3,43.3,7,40
28400760050,洲本灘賀集線,洲本市・南あわじ市境,灘市線,28224,0,6.4,,2467,,2191,4658,1.25,0.54,56.6,51.1,6.5,40
28400760060,洲本灘賀集線,灘市線,阿万港線,28224,0,10.8,,2467,,2191,4658,1.25,0.49,44.7,41.3,7,40
28400760070,洲本灘賀集線,阿万港線,阿万福良湊線,28224,0,0.5,南あわじ市北阿万伊賀野,2193,南あわじ市北阿万伊賀野,2177,4370,1.25,0.35,33,38,15,50
28400760080,洲本灘賀集線,阿万福良湊線,一般国道２８号,28224,0,4,南あわじ市北阿万伊賀野,2193,南あわじ市北阿万伊賀野,2177,4370,1.25,0.37,46.2,45.8,15,50
28400770010,篠山山南線,一般国道３７２号,池上杉線,28221,0,1.4,丹波篠山市河原町,3070,丹波篠山市河原町,3284,6354,1.27,0.53,36.2,40.6,8.5,50
28400770020,篠山山南線,池上杉線,篠山京丹波線,28221,0,0.5,丹波篠山市河原町,3070,丹波篠山市河原町,3284,6354,1.27,0.57,30.6,22.6,9,50
28400770030,篠山山南線,篠山京丹波線,丸山南新町線,28221,0,0.5,丹波篠山市河原町,3070,丹波篠山市河原町,3284,6354,1.27,0.55,24.1,33.5,10.5,50
28400770040,篠山山南線,丸山南新町線,三田篠山線,28221,0,0.3,丹波篠山市河原町,3070,丹波篠山市河原町,3284,6354,1.27,0.52,26.6,17.1,13,50
28400770050,篠山山南線,三田篠山線,西脇篠山線,28221,0,1.9,丹波篠山市河原町,3070,丹波篠山市河原町,3284,6354,1.27,0.48,16.4,25.2,11.5,50
28400770060,篠山山南線,西脇篠山線,長安寺西岡屋線,28221,0,0.5,丹波篠山市川北新田,1808,丹波篠山市川北新田,1667,3475,1.25,0.34,16.6,26.3,15,50
28400770070,篠山山南線,長安寺西岡屋線,篠山三和線,28221,0,2.8,丹波篠山市川北新田,1808,丹波篠山市川北新田,1667,3475,1.25,0.38,34.8,32.9,8,50
28400770080,篠山山南線,篠山三和線,一般国道１７６号,28221,0,1,丹波篠山市川北新田,1808,丹波篠山市川北新田,1667,3475,1.25,0.44,29.6,31.8,6.5,40
28400770084,篠山山南線,一般国道１７６号,,28221,0,1.7,丹波市山南町上滝,1712,丹波市山南町上滝,1638,3350,1.25,0.44,41.5,49.5,6.5,40
28400770220,篠山山南線,,,28221,0,1.7,丹波市山南町上滝,1712,丹波市山南町上滝,1638,3350,1.25,0.44,59.7,62.4,6.5,40
28400770090,篠山山南線,,丹波篠山市・丹波市境,28221,0,0.6,丹波市山南町上滝,1712,丹波市山南町上滝,1638,3350,1.25,0.44,53.6,55,6.5,40
28400770100,篠山山南線,丹波篠山市・丹波市境,下立杭柏原線,28223,0,1.3,丹波市山南町上滝,1712,丹波市山南町上滝,1638,3350,1.25,0.37,50.8,50.3,6.5,40
28400770110,篠山山南線,下立杭柏原線,下立杭柏原線,28223,0,0.8,丹波市山南町上滝,1712,丹波市山南町上滝,1638,3350,1.25,0.43,55.7,54.9,9.25,40
28400770113,篠山山南線,下立杭柏原線,篠山山南線,28223,0,1.5,丹波市山南町上滝,1712,丹波市山南町上滝,1638,3350,1.25,0.43,43.8,45.4,9.25,40
28400770240,篠山山南線,篠山山南線,,28223,0,0.3,丹波市山南町太田,1411,丹波市山南町太田,1342,2753,1.24,0.34,52,54.5,9.25,50
28400770230,篠山山南線,,,28223,0,0.6,丹波市山南町太田,1411,丹波市山南町太田,1342,2753,1.24,0.34,52,54.5,9.25,50
28400770190,篠山山南線,,,28223,0,0.6,丹波市山南町太田,1411,丹波市山南町太田,1342,2753,1.24,0.34,57.6,58.9,9.25,50
28400770160,篠山山南線,,,28223,0,0.6,丹波市山南町太田,1411,丹波市山南町太田,1342,2753,1.24,0.34,51.5,59.9,9.25,50
28400770200,篠山山南線,,篠山山南線,28223,0,0.2,丹波市山南町太田,1411,丹波市山南町太田,1342,2753,1.24,0.34,51.4,58.4,9.75,50
28400770119,篠山山南線,篠山山南線,多可柏原線,28223,0,2.1,丹波市山南町上滝,1712,丹波市山南町上滝,1638,3350,1.25,0.43,49,54.1,9.25,50
28400770120,篠山山南線,多可柏原線,（元）多可柏原線,28223,0,0.2,丹波市山南町谷川,1499,丹波市山南町谷川,1386,2885,1.25,0.39,23.1,25.6,9.25,40
28400770130,篠山山南線,（元）多可柏原線,山南多可線,28223,0,0.9,丹波市山南町谷川,1499,丹波市山南町谷川,1386,2885,1.25,0.33,39.1,38.3,9.25,40
28400770140,篠山山南線,山南多可線,一般国道１７５号,28223,0,2.6,,1715,,1934,3649,1.25,0.37,36.2,30.6,14,50
28400780010,丹波加美線,青垣柏原線,福知山山南線,28223,0,1.5,丹波市氷上町下新庄,2150,丹波市氷上町下新庄,2050,4200,1.25,0.58,22.7,22,9,40
28400780020,丹波加美線,福知山山南線,福知山山南線,28223,0,0.3,丹波市氷上町下新庄,2150,丹波市氷上町下新庄,2050,4200,1.25,0.57,24.6,22.4,8.5,40
28400780025,丹波加美線,福知山山南線,（元）丹波加美線,28223,0,6,丹波市氷上町下新庄,2150,丹波市氷上町下新庄,2050,4200,1.25,0.48,39.7,44.2,7,50
28400780110,丹波加美線,（元）丹波加美線,丹波市・多可町境,28223,0,2.1,丹波市氷上町下新庄,2150,丹波市氷上町下新庄,2050,4200,1.25,0.54,65.5,60.5,7,40
28400780120,丹波加美線,丹波市・多可町境,,28365,0,2.1,多可郡多可町加美区丹治,498,多可郡多可町加美区丹治,491,989,1.18,0.13,67.5,64,9.7,40
28400780100,丹波加美線,,一般国道４２７号,28365,0,1.8,多可郡多可町加美区丹治,498,多可郡多可町加美区丹治,491,989,1.18,0.13,57.6,55.2,9.8,40
28400790010,高砂加古川加西線,明石高砂線,一般国道２５０号,28216,0,1.3,高砂市米田町古新,4011,高砂市米田町古新,5979,9990,1.28,0.62,23,43,13,50
28400790020,高砂加古川加西線,一般国道２５０号,高砂市・加古川市境,28216,0,1.7,高砂市米田町古新,4011,高砂市米田町古新,5979,9990,1.28,0.69,53.9,38.9,7,50
28400790030,高砂加古川加西線,高砂市・加古川市境,一般国道２号,28210,0,0.4,高砂市米田町古新,4011,高砂市米田町古新,5979,9990,1.28,0.74,32.8,8.5,10.1,50
28400790040,高砂加古川加西線,一般国道２号,神吉船頭線,28210,0,0.5,加古川市平荘町里,5089,加古川市平荘町里,5828,10917,1.28,0.93,5.8,22.9,8.7,50
28400790050,高砂加古川加西線,神吉船頭線,平荘大久保線,28210,0,3.3,加古川市平荘町里,5089,加古川市平荘町里,5828,10917,1.28,1.01,42.2,29.4,9.8,50
28400790060,高砂加古川加西線,平荘大久保線,神戸加古川姫路線,28210,0,1.6,加古川市平荘町里,5089,加古川市平荘町里,5828,10917,1.28,0.94,16.2,30.5,7.5,50
28400790070,高砂加古川加西線,神戸加古川姫路線,下来住平荘線,28210,0,3,加古川市平荘町上原,3217,加古川市平荘町上原,3459,6676,1.18,1.04,42.1,45.3,9.4,50
28400790080,高砂加古川加西線,下来住平荘線,小野志方線,28210,0,1.8,加古川市平荘町上原,3217,加古川市平荘町上原,3459,6676,1.18,1.07,49.7,30,13.5,50
28400790090,高砂加古川加西線,小野志方線,加古川市・加西市境,28210,0,0.2,加西市桑原田町,2916,加西市桑原田町,3050,5966,1.26,0.73,23,30.1,6.5,40
28400790100,高砂加古川加西線,加古川市・加西市境,小野香寺線,28220,0,2.7,加西市桑原田町,2916,加西市桑原田町,3050,5966,1.26,0.72,37.8,33.4,10,40
28400790110,高砂加古川加西線,小野香寺線,三木宍粟線,28220,0,2.2,加西市桑原田町,2916,加西市桑原田町,3050,5966,1.26,0.79,44.5,37,6.5,40
28400790120,高砂加古川加西線,三木宍粟線,一般国道３７２号,28220,0,1.8,加西市桑原田町,2916,加西市桑原田町,3050,5966,1.26,0.8,38.9,40.7,6.5,40
28400790130,高砂加古川加西線,一般国道３７２号,高岡北条線,28220,0,2.7,加西市都染町,2522,加西市都染町,2389,4911,1.25,0.7,37.2,36.5,6.5,40
28400790140,高砂加古川加西線,高岡北条線,野上河高線,28220,0,1.4,加西市都染町,2522,加西市都染町,2389,4911,1.25,0.76,34.6,45.1,6.5,40
28400790150,高砂加古川加西線,野上河高線,下滝野市川線,28220,0,1.7,加西市都染町,2522,加西市都染町,2389,4911,1.25,0.7,46.2,41,6.5,40
28400790160,高砂加古川加西線,下滝野市川線,多可北条線,28220,0,1.3,加西市都染町,2522,加西市都染町,2389,4911,1.25,0.71,45.6,30.4,6.5,40
28400800200,宍粟香寺線,,宍粟新宮線,28227,0,1.7,宍粟市山崎町御名,773,宍粟市山崎町御名,863,1636,1.2,0.25,40.3,19.4,9.5,40
28400800010,宍粟香寺線,宍粟新宮線,,28227,0,0.5,宍粟市山崎町川戸,862,宍粟市山崎町川戸,853,1715,1.22,0.23,23.6,37.5,11,40
28400800020,宍粟香寺線,,宇原新宮線,28227,0,3.1,宍粟市山崎町川戸,862,宍粟市山崎町川戸,853,1715,1.22,0.23,32,42.1,11,40
28400800030,宍粟香寺線,宇原新宮線,宍粟市・姫路市境,28227,0,1.9,宍粟市山崎町川戸,862,宍粟市山崎町川戸,853,1715,1.22,7.64,37.5,41.4,4.5,30
28400800040,宍粟香寺線,宍粟市・姫路市境,一般国道２９号,28201,0,1.2,宍粟市山崎町川戸,862,宍粟市山崎町川戸,853,1715,1.22,1.93,32.9,31.6,5,30
28400800054,宍粟香寺線,一般国道２９号,宍粟香寺線,28201,0,2.9,,564,,684,1248,1.18,0.22,49.9,50.7,9.5,40
28400800210,宍粟香寺線,宍粟香寺線,宍粟香寺線,28201,0,0.9,,,,,,,,42.4,50.6,7.5,40
28400800060,宍粟香寺線,宍粟香寺線,護持下伊勢線,28201,0,0.2,,564,,684,1248,1.18,0.22,53.5,55.3,9.5,40
28400800070,宍粟香寺線,護持下伊勢線,山之内莇野姫路線,28201,0,2,,564,,684,1248,1.18,0.23,48.8,40.1,7,40
28400800080,宍粟香寺線,山之内莇野姫路線,菅生澗林田線,28201,0,1.8,姫路市夢前町寺,2341,姫路市夢前町寺,2536,4877,1.27,0.74,39,40.7,10,50
28400800090,宍粟香寺線,菅生澗林田線,山之内莇野姫路線,28201,0,0.2,姫路市夢前町寺,2341,姫路市夢前町寺,2536,4877,1.27,0.75,47.6,46.5,7.5,50
28400800100,宍粟香寺線,山之内莇野姫路線,姫路神河線,28201,0,5,姫路市夢前町寺,2341,姫路市夢前町寺,2536,4877,1.27,0.75,42.8,42.5,9,40
28400800120,宍粟香寺線,姫路神河線,久畑香呂線,28201,0,8.8,姫路市香寺町須加院,111,姫路市香寺町須加院,127,238,1.14,0.03,38.8,35.1,7,40
28400800130,宍粟香寺線,久畑香呂線,一般国道３１２号,28201,0,0.2,姫路市香寺町須加院,111,姫路市香寺町須加院,127,238,1.14,0.04,16.8,11.6,7,40
28400800057,宍粟香寺線,宍粟香寺線,宍粟香寺線,28201,0,0.9,,564,,684,1248,1.18,0.22,49.2,56.4,9.5,40
28400810010,小野香寺線,一般国道１７５号,加古川小野線,28218,0,1.3,小野市下来住町,2861,小野市下来住町,2873,5734,1.27,0.66,16.7,19.5,12,30
28400810025,小野香寺線,加古川小野線,市場多井田線,28218,0,1.7,小野市下来住町,2861,小野市下来住町,2873,5734,1.27,1.15,,17.9,4.5,30
28400810030,小野香寺線,市場多井田線,,28218,0,0.2,小野市下来住町,2861,小野市下来住町,2873,5734,1.27,0.39,,35.7,12,40
28400810040,小野香寺線,,小野町停車場線,28218,0,0.2,小野市下来住町,2861,小野市下来住町,2873,5734,1.27,0.64,31.8,28,12,30
28400810050,小野香寺線,小野町停車場線,小野志方線,28218,0,0.4,小野市下来住町,2861,小野市下来住町,2873,5734,1.27,0.61,23,38.8,7.5,30
28400810060,小野香寺線,小野志方線,市場多井田線,28218,0,1.6,小野市下来住町,2861,小野市下来住町,2873,5734,1.27,0.61,49.2,48.4,9,30
28400810070,小野香寺線,市場多井田線,小野市・加西市境,28218,0,2.3,,1481,,1622,3103,1.25,0.42,33,39.9,9,40
28400810080,小野香寺線,小野市・加西市境,高砂加古川加西線,28220,0,0.6,,1481,,1622,3103,1.25,0.44,48.8,40.3,10,40
28400810090,小野香寺線,高砂加古川加西線,一般国道３７２号,28220,0,2.8,,1481,,1622,3103,1.25,1.28,39.6,41.7,6,40
28400810110,小野香寺線,高砂北条線,山下飾東線,28220,0,3.6,,1912,,1811,3723,1.25,2.05,47.2,49.6,5.5,40
28400810120,小野香寺線,山下飾東線,加西市・姫路市境,28220,0,1.4,,1912,,1811,3723,1.25,1.99,30.8,38.5,5.5,40
28400810130,小野香寺線,加西市・姫路市境,豊富北条線,28201,0,0.4,,1912,,1811,3723,1.25,0.47,42,33.7,6.5,40
28400810140,小野香寺線,豊富北条線,豊富北条線,28201,0,2.2,姫路市香寺町広瀬,4980,姫路市香寺町広瀬,5503,10483,1.2,3.21,36.9,32.7,6,40
28400810150,小野香寺線,豊富北条線,西田原姫路線,28201,0,1,姫路市香寺町広瀬,4980,姫路市香寺町広瀬,5503,10483,1.2,1.05,32.3,39,9,40
28400810160,小野香寺線,西田原姫路線,一般国道３１２号,28201,0,0.6,姫路市香寺町広瀬,4980,姫路市香寺町広瀬,5503,10483,1.2,1.09,18.9,16.5,9,40
28400810170,小野香寺線,一般国道３１２号,一般国道３１２号,28201,0,1.4,姫路市香寺町広瀬,4980,姫路市香寺町広瀬,5503,10483,1.2,1.09,12.2,24.7,9,40
28400820010,大沢西宮線,西脇三田線,山田三田線,28109,0,2.9,,2233,,2562,4795,1.25,0.52,40,47.8,10.5,50
28400820020,大沢西宮線,山田三田線,山田三田線,28109,0,0.6,,2233,,2562,4795,1.25,0.52,40.1,44.4,11.7,50
28400820030,大沢西宮線,山田三田線,三木三田線,28109,0,2.8,,2233,,2562,4795,1.25,0.51,49.6,44.2,10.6,50
28400820050,大沢西宮線,三木三田線,灘三田線,28109,0,0.2,,9368,,10106,19474,1.32,0.55,17.2,16.3,19.2,60
28400820060,大沢西宮線,灘三田線,北神中央線,28109,0,0.8,,9368,,10106,19474,1.32,0.74,21.7,36.7,20.1,60
28400820070,大沢西宮線,北神中央線,神戸三田線,28109,0,0.8,,9368,,10106,19474,1.32,0.71,28.6,18.2,24,60
28400820080,大沢西宮線,神戸三田線,,28109,0,0.3,神戸市北区有野中町４丁目,13096,神戸市北区有野中町４丁目,14097,27193,1.34,0.69,11.4,29.7,19.2,60
28400820090,大沢西宮線,,中国自動車道,28204,0,0.3,西宮市山口町下山口３丁目,9734,西宮市山口町下山口３丁目,9943,19677,1.33,0.46,23.6,45.8,26.7,60
28400820100,大沢西宮線,中国自動車道,一般国道１７６号,28204,0,0.3,西宮市山口町下山口３丁目,9734,西宮市山口町下山口３丁目,9943,19677,1.33,0.69,25.3,16.1,20.3,60
28400820120,大沢西宮線,一般国道１７６号,大沢西宮線,28204,0,1,西宮市山口町上山口１丁目,3742,西宮市山口町上山口１丁目,3976,7718,1.27,0.7,17,23.5,7.5,40
28400820130,大沢西宮線,大沢西宮線,（元）有馬山口線,28204,0,0.4,西宮市山口町上山口１丁目,3742,西宮市山口町上山口１丁目,3976,7718,1.27,0.73,19.1,18.6,7.4,40
28400820140,大沢西宮線,（元）有馬山口線,有馬山口線,28204,0,0.2,西宮市山口町中野,3685,西宮市山口町中野,3948,7633,1.26,0.7,18,19.7,21.5,40
28400820150,大沢西宮線,有馬山口線,大沢西宮線,28204,0,0.4,西宮市山口町中野,3685,西宮市山口町中野,3948,7633,1.26,0.62,21.8,9,14,50
28400820160,大沢西宮線,大沢西宮線,宝塚唐櫃線,28204,0,3.3,西宮市山口町船坂,7762,西宮市山口町船坂,8179,15941,1.29,1.26,28.5,36.2,12.7,50
28400820170,大沢西宮線（西宮北道路）,宝塚唐櫃線,明石神戸宝塚線,28204,0,3.2,西宮市山口町船坂,7994,西宮市山口町船坂,8380,16374,1.28,1.44,30,47.4,7,50
28400820200,大沢西宮線,大沢西宮線,,28204,0,0.6,西宮市鷲林寺２丁目,9419,西宮市鷲林寺２丁目,9672,19091,1.31,1.6,33.2,22.2,14,40
28400820210,大沢西宮線,,,28204,0,1.9,西宮市神園町,6186,西宮市神園町,4582,10768,1.36,0.75,28.2,26,9.9,40
28400820220,大沢西宮線,,,28204,0,1.6,西宮市神園町,6186,西宮市神園町,4582,10768,1.36,0.87,24.9,15.3,7.6,40
28400820230,大沢西宮線,,,28204,0,1.4,西宮市南郷町,6003,西宮市南郷町,5705,11708,1.29,1.2,12,14.3,20,40
28400820240,大沢西宮線,,一般国道２号,28204,0,0.4,西宮市神楽町,6518,西宮市神楽町,6980,13498,1.3,1.08,9.7,10.1,20,40
28400820320,大沢西宮線,明石神戸宝塚線,大沢西宮線（西宮北道路）,28204,0,0.1,西宮市越水,2308,西宮市越水,2437,4745,1.25,0.47,34.3,34.3,13.5,40
28400820190,大沢西宮線（西宮北道路）,明石神戸宝塚線,大沢西宮線,28204,0,0.8,西宮市越水,6640,西宮市越水,7217,13857,1.28,1.28,49.8,48.4,8,40
28400820260,大沢西宮線,大沢西宮線,大沢西宮線,28204,0,0.8,,4503,,4189,8692,1.27,0.85,19.3,10,9,40
28400830010,平野三木線,一般国道１７５号,神戸加古川姫路線,28111,0,3.8,,3853,,3822,7675,1.27,0.73,42.7,39.3,11,50
28400830030,平野三木線,神戸加古川姫路線,神戸三木線,28111,0,3.3,神戸市西区押部谷町西盛,6712,神戸市西区押部谷町西盛,5289,12001,1.28,0.95,25.9,17.2,10.7,40
28400830040,平野三木線,神戸三木線,,28111,0,2,神戸市西区押部谷町福住,4605,神戸市西区押部谷町福住,4623,9228,1.28,0.9,23.3,37.7,12,40
28400830050,平野三木線,,,28111,0,0.2,,4979,,5244,10223,1.28,1.11,13.2,42.3,7.7,40
28400830060,平野三木線,,三木三田線,28215,0,2.7,三木市志染町窟屋,3943,三木市志染町窟屋,3680,7623,1.26,0.34,45.1,41.5,27,40
28400840010,宗佐土山線,加古川小野線,加古川三田線,28210,0,1.3,加古川市八幡町野村,7102,加古川市八幡町野村,7738,14840,1.3,1.52,15.7,34.7,6.5,40
28400840020,宗佐土山線,加古川三田線,野村明石線,28210,0,1.8,加古川市八幡町野村,7102,加古川市八幡町野村,7738,14840,1.3,1.5,21.7,24.1,6.5,40
28400840030,宗佐土山線,野村明石線,加古川市・稲美町境,28210,0,0.6,加古川市八幡町野村,5161,加古川市八幡町野村,4919,10080,1.29,1.12,16.5,41.6,6,40
28400840040,宗佐土山線,加古川市・稲美町境,神戸加古川姫路線,28381,0,1.1,加古川市八幡町野村,5161,加古川市八幡町野村,4919,10080,1.29,1.15,37.5,30.5,6.5,40
28400840050,宗佐土山線,神戸加古川姫路線,大久保稲美加古川線,28381,0,0.5,加古郡稲美町国安,5517,加古郡稲美町国安,4694,10211,1.23,1.1,19.8,16.5,6.5,40
28400840060,宗佐土山線,大久保稲美加古川線,野谷平岡線,28381,0,1.5,加古郡稲美町国安,5517,加古郡稲美町国安,4694,10211,1.23,3.76,21.7,20.6,7.5,40
28400840070,宗佐土山線,野谷平岡線,平荘大久保線,28381,0,1.5,加古郡稲美町国安,5517,加古郡稲美町国安,4694,10211,1.23,1.02,23.4,25.2,9,40
28400840080,宗佐土山線,平荘大久保線,志染土山線,28381,0,1.1,加古郡稲美町国安,5517,加古郡稲美町国安,4694,10211,1.23,0.97,25.2,27.4,8,40
28400840090,宗佐土山線,志染土山線,稲美町・加古川市境,28381,0,0.1,加古郡稲美町国安,5517,加古郡稲美町国安,4694,10211,1.23,0.88,8.4,14.7,9.5,40
28400840100,宗佐土山線,稲美町・加古川市境,加古川市・明石市境,28210,0,0.5,加古郡稲美町国安,5517,加古郡稲美町国安,4694,10211,1.23,0.83,13.4,8.1,10,40
28400840110,宗佐土山線,加古川市・明石市境,一般国道２号,28203,0,0,加古郡稲美町国安,5517,加古郡稲美町国安,4694,10211,1.23,0.93,11.1,7.8,9,40
28400840120,宗佐土山線,一般国道２号,明石市・加古川市境,28203,0,0.4,加古郡稲美町国安,5517,加古郡稲美町国安,4694,10211,1.23,0.95,9.6,5.8,6,40
28400840130,宗佐土山線,明石市・加古川市境,一般国道２号,28210,0,0,加古郡稲美町国安,5517,加古郡稲美町国安,4694,10211,1.23,0.78,11,4.7,8,40
28400850010,神戸加東線,一般国道４２８号,神戸加東線,28109,0,1.1,,6947,,6277,13224,1.29,1.1,22.6,38.4,10.7,50
28400850020,神戸加東線,神戸加東線,神戸加東線,28109,0,1.1,,6947,,6277,13224,1.29,1.14,41.3,46.7,10.4,50
28400850030,神戸加東線,神戸加東線,西下木津線,28109,0,0.9,,6947,,6277,13224,1.29,1.12,37.1,25.4,8,50
28400850040,神戸加東線,西下木津線,,28109,0,4.7,,4714,,4313,9027,1.27,0.78,64.3,66.3,9.3,40
28400850050,神戸加東線,,三木三田線,28215,0,3.1,三木市志染町三津田,5554,三木市志染町三津田,4989,10543,1.28,1.01,45.3,33.2,11,50
28400850070,神戸加東線,三木三田線,山陽自動車道,28215,0,0.5,三木市志染町大谷,4243,三木市志染町大谷,4036,8279,1.27,1.15,12.2,22,13,50
28400850080,神戸加東線,山陽自動車道,楠原三木線,28215,0,3.5,三木市志染町大谷,4243,三木市志染町大谷,4036,8279,1.27,1.17,12.2,22,9.5,50
28400850090,神戸加東線,楠原三木線,加古川三田線,28215,0,1.2,三木市志染町大谷,4243,三木市志染町大谷,4036,8279,1.27,1.03,33.3,17.1,10,50
28400850110,神戸加東線,加古川三田線,三木市・加東市境,28215,0,1,加東市大畑,3724,加東市大畑,3856,7580,1.25,4.06,25.6,37.4,5.5,40
28400850120,神戸加東線,三木市・加東市境,大畑小野線,28228,0,0.1,加東市大畑,3724,加東市大畑,3856,7580,1.25,0.73,30.9,30.2,7.5,40
28400850125,神戸加東線,大畑小野線,（元）神戸加東線,28228,0,3.1,加東市大畑,3724,加東市大畑,3856,7580,1.25,0.73,55.4,55,10,50
28400850240,神戸加東線,（元）神戸加東線,加東市・小野市境,28228,0,0.4,,1693,,1807,3500,1.25,0.37,43.7,49.6,11,50
28400850250,神戸加東線,加東市・小野市境,（元）神戸加東線,28218,0,0.7,,1693,,1807,3500,1.25,0.37,45,46.7,11,50
28400850260,神戸加東線,（元）神戸加東線,小野藍本線,28218,0,1.8,,1693,,1807,3500,1.25,0.38,44,38.3,8,50
28400850160,神戸加東線,小野藍本線,大門小田線,28218,0,1.4,,2201,,2419,4620,1.25,0.56,33.7,42.3,7,50
28400850170,神戸加東線,大門小田線,小野市・加東市境,28218,0,1.4,,2201,,2419,4620,1.25,0.54,40.7,38.6,7,40
28400850180,神戸加東線,小野市・加東市境,一般国道３７２号,28228,0,1.6,,2201,,2419,4620,1.25,0.51,38.2,29.7,10,40
28400850210,神戸加東線,一般国道４２８号,神戸加東線,28109,0,1.2,,867,,839,1706,1.21,0.18,32.9,25.4,6.5,30
28400850220,神戸加東線,神戸加東線,神戸加東線,28109,0,1.1,,867,,839,1706,1.21,0.17,30.7,26,6.6,30
28400860010,多可柏原線,一般国道４２７号,山南多可線,28365,0,0.2,,2183,,2428,4611,1.25,0.61,17.7,10.4,14,40
28400860020,多可柏原線,山南多可線,多可柏原線,28365,0,0.5,,2183,,2428,4611,1.25,0.61,21,20.9,17,50
28400860030,多可柏原線,多可柏原線,多可町・丹波市境,28365,0,5.2,,2183,,2428,4611,1.25,0.48,33.2,34.7,10,40
28400860040,多可柏原線,多可町・丹波市境,門村山南線,28223,0,2.8,,2183,,2428,4611,1.25,0.44,46.6,48.5,7,40
28400860050,多可柏原線,門村山南線,福知山山南線,28223,0,2,,2183,,2428,4611,1.25,0.44,38,36.1,9.5,40
28400860060,多可柏原線,福知山山南線,一般国道１７５号,28223,0,2.5,,2183,,2428,4611,1.25,0.44,34.4,37.2,9.5,40
28400860130,多可柏原線,篠山山南線,（元）多可柏原線,28223,0,0.3,,2079,,2164,4243,1.25,0.52,26.5,37.4,9.25,40
28400860080,多可柏原線,（元）多可柏原線,奥野々氷上線,28223,0,2.4,,2079,,2164,4243,1.25,0.52,48.1,48.1,10.25,50
28400860090,多可柏原線,奥野々氷上線,一般国道１７６号,28223,0,3.7,,2079,,2164,4243,1.25,0.53,53.8,44.9,9.25,50
28400860110,多可柏原線,一般国道４２７号,多可柏原線,28365,0,0.2,,703,,775,1478,1.19,0.28,10.3,24,8.5,40
28400870010,関宮小代線,一般国道９号,福岡出合線,28222,0,3.8,養父市轟,898,養父市轟,856,1754,1.2,0.27,43.2,40.9,8,40
28400870020,関宮小代線,福岡出合線,関宮小代線,28222,0,7.6,養父市轟,898,養父市轟,856,1754,1.2,0.26,50.2,45.4,11,40
28400870040,関宮小代線,,,28222,0,0.4,,,,,,,,51.2,51.2,7.5,30
28400870050,関宮小代線,,養父市・香美町境,28222,0,2.7,,,,,,,,,,5.5,30
28400870060,関宮小代線,養父市・香美町境,関宮小代線,28585,0,1.6,,,,,,,,,,1,30
28400870074,関宮小代線,関宮小代線,（元）養父小代線,28585,0,4.8,,292,,315,607,1.17,0.73,37.7,37.7,5,50
28400870120,関宮小代線に変更,（元）養父小代線,（元）養父小代線,28585,0,1.3,,292,,315,607,1.17,0.09,19.3,23.9,7,50
28400870080,関宮小代線,（元）養父小代線,一般国道４８２号,28585,0,0.6,,292,,315,607,1.17,0.1,46.5,40.2,6,50
28400870100,関宮小代線,関宮小代線,,28222,0,2.4,,292,,315,607,1.17,2.93,35.1,35.8,3.5,30
28400880010,志筑郡家線,一般国道２８号,木曽上中田線,28226,0,2,淡路市中田,4837,淡路市中田,4753,9590,1.16,0.84,18.1,28.2,12,40
28400880020,志筑郡家線,木曽上中田線,大谷鮎原神代線,28226,0,0.5,淡路市中田,4837,淡路市中田,4753,9590,1.16,0.83,31.7,27.1,6.5,40
28400880040,志筑郡家線,大谷鮎原神代線,多賀洲本線,28226,0,3.4,淡路市中村,3546,淡路市中村,3553,7099,1.26,0.57,35.6,33.4,10,40
28400880050,志筑郡家線,多賀洲本線,福良江井岩屋線,28226,0,0.3,淡路市中村,3546,淡路市中村,3553,7099,1.26,0.54,31.4,16,6.5,40
28400890010,村岡小代線,一般国道９号,村岡竹野線,28585,0,8.3,,175,,173,348,1.18,0.06,26,32.4,10,40
28400890020,村岡小代線,村岡竹野線,一般国道４８２号,28585,0,5.9,,175,,173,348,1.18,0.32,36.8,36.8,5.5,40
28400900010,赤穂佐伯線,一般国道２５０号,高尾有年横尾線,28212,0,3.1,赤穂市浜市,3466,赤穂市浜市,3424,6890,1.26,0.58,42.3,44.3,7.5,50
28400900020,赤穂佐伯線,高尾有年横尾線,一般国道２号,28212,0,5.2,赤穂市浜市,3466,赤穂市浜市,3424,6890,1.26,0.57,50,46.7,10,50
28400900110,赤穂佐伯線,一般国道２号,,28212,0,0.3,赤穂郡上郡町竹万,992,赤穂郡上郡町竹万,1088,2080,1.22,0.26,18,36.4,7,40
28400900040,赤穂佐伯線,,赤穂市・上郡町境,28212,0,2.5,赤穂郡上郡町竹万,992,赤穂郡上郡町竹万,1088,2080,1.22,0.26,47.4,51.6,7,40
28400900050,赤穂佐伯線,赤穂市・上郡町境,姫路上郡線,28481,0,1.7,赤穂郡上郡町竹万,992,赤穂郡上郡町竹万,1088,2080,1.22,0.18,40.7,45,11,40
28400900060,赤穂佐伯線,姫路上郡線,上郡停車場線,28481,0,1.2,,4305,,4085,8390,1.27,0.65,23.5,24,16,40
28400900070,赤穂佐伯線,上郡停車場線,,28481,0,0.4,,4305,,4085,8390,1.27,0.75,17,19.7,11,40
28400900080,赤穂佐伯線,,高田上郡線,28481,0,3.5,赤穂郡上郡町船坂,1145,赤穂郡上郡町船坂,1189,2334,1.25,0.33,45.5,45.7,9.3,40
28400900090,赤穂佐伯線,高田上郡線,赤穂佐伯線,28481,0,5.4,赤穂郡上郡町八保甲,279,赤穂郡上郡町八保甲,270,549,1.17,0.08,53.4,48.8,9,40
28400910010,ひょうご東条インター線,中国自動車道,西脇三田線,28228,0,0.4,,1917,,1717,3634,1.25,0.53,29.3,21.8,16,50
28400920010,三田西インター線,舞鶴若狭自動車道,テクノパーク三田線,28219,0,0.2,三田市テクノパーク,3748,三田市テクノパーク,3618,7366,1.27,0.45,14.6,8.9,23.6,40
28400920020,三田西インター線,テクノパーク三田線,黒石三田線,28219,0,1.4,三田市テクノパーク,3748,三田市テクノパーク,3618,7366,1.27,0.65,33,28.8,23.8,40
28400920030,三田西インター線,黒石三田線,黒石三田線,28219,0,1.9,三田市テクノパーク,3748,三田市テクノパーク,3618,7366,1.27,1.13,39.3,38.8,7,40
28400920040,三田西インター線,黒石三田線,広野停車場線,28219,0,0.4,三田市テクノパーク,3748,三田市テクノパーク,3618,7366,1.27,5.28,16.7,30.6,5.5,40
28400920050,三田西インター線,広野停車場線,一般国道１７６号,28219,0,0.4,三田市テクノパーク,3748,三田市テクノパーク,3618,7366,1.27,8.7,22.7,15.7,5,40
28400930010,竜野西インタ－線,山陽自動車道,たつの相生線,28229,0,0.2,たつの市揖西町南山,2250,たつの市揖西町南山,2265,4515,1.25,0.12,35.6,19.6,18,50
28400930020,竜野西インタ－線,たつの相生線,たつの相生線,28229,0,1.2,たつの市揖西町南山,2250,たつの市揖西町南山,2265,4515,1.25,0.48,26.6,27.5,20,50
28400930030,竜野西インタ－線,たつの相生線,姫路上郡線,28229,0,2,たつの市揖西町南山,2250,たつの市揖西町南山,2265,4515,1.25,0.46,37.7,31.4,14.5,50
28400940010,丹南篠山口インター線,舞鶴若狭自動車道,一般国道１７６号,28221,0,0.6,丹波篠山市味間新,5169,丹波篠山市味間新,4960,10129,1.28,0.65,30.8,16,7.5,50
28400950010,灘三田線,一般国道２号,神戸六甲線,28102,0,0.5,神戸市灘区中郷町３丁目,8614,神戸市灘区中郷町３丁目,7803,16417,1.32,0.63,12.6,15.8,26.9,50
28400950020,灘三田線,神戸六甲線,山麓線,28102,0,0.7,,4942,,5335,10277,1.28,0.34,13.7,21.3,24.4,50
28400950030,灘三田線,山麓線,神戸六甲線,28102,0,2,神戸市灘区鶴甲４丁目,10935,神戸市灘区鶴甲４丁目,7831,18766,1.32,1.84,31.1,38.5,8,50
28400950040,灘三田線,神戸六甲線,神戸六甲線,28102,0,0.9,六甲山TN,8849,六甲山TN,8316,17165,1.31,0.78,37.5,36.6,8,40
28400950050,灘三田線,神戸六甲線,神戸市灘区・神戸市北区境,28102,0,2.5,六甲山TN,8849,六甲山TN,8316,17165,1.31,0.8,45,51,8,50
28400950060,灘三田線,神戸市灘区・神戸市北区境,有野六甲線,28109,0,1.9,六甲山TN,8849,六甲山TN,8316,17165,1.31,0.78,51.8,52.9,8,50
28400950070,灘三田線,有野六甲線,高速北神戸線,28109,0,1.7,六甲山TN-唐櫃,8912,六甲山TN-唐櫃,8962,17874,1.31,0.76,50.7,49.3,8,50
28400950080,灘三田線,高速北神戸線,高速北神戸線,28109,0,1.3,六甲山TN-唐櫃,8912,六甲山TN-唐櫃,8962,17874,1.31,0.76,59,51.1,8,50
28400950090,灘三田線,高速北神戸線,神戸三田線,28109,0,0.5,六甲山TN-唐櫃,8912,六甲山TN-唐櫃,8962,17874,1.31,0.53,54,39.8,8,50
28400950100,灘三田線,神戸三田線,高速道路北神戸線,28109,0,2.2,唐櫃-柳谷,6297,唐櫃-柳谷,5931,12228,1.29,0.67,58.9,58.3,8,50
28400950110,灘三田線,高速道路北神戸線,大沢西宮線,28109,0,3.1,柳谷-吉尾,9464,柳谷-吉尾,9067,18531,1.31,0.19,77.2,80.5,16,70
28400950120,灘三田線,大沢西宮線,山陽自動車道,28109,0,1.3,吉尾-神戸北,10110,吉尾-神戸北,9340,19450,1.31,0.14,77.8,80.7,16,70
28400950130,灘三田線,山陽自動車道,,28109,0,0.3,吉尾-神戸北,10110,吉尾-神戸北,9340,19450,1.31,0.2,77.4,77.6,16,70
28400950140,灘三田線,,,28109,0,0.8,神戸北-大沢,10164,神戸北-大沢,9925,20089,1.31,0.22,67.2,71.7,16,70
28400950150,灘三田線,,,28109,0,1.6,大沢-長尾,8399,大沢-長尾,7232,15631,1.31,0.61,60,66,8,60
28400950160,灘三田線,,中国自動車道,28109,0,1.7,長尾-神戸三田,5814,長尾-神戸三田,5659,11473,1.18,0.59,58.9,62,8,60
28400950170,灘三田線,中国自動車道,,28109,0,0.4,長尾-神戸三田,5814,長尾-神戸三田,5659,11473,1.18,0.59,63.2,62.5,8,60
28400950180,灘三田線,,神戸市北区・三田市境,28109,0,0.2,長尾-神戸三田,5814,長尾-神戸三田,5659,11473,1.18,0.59,58.4,35.5,8,60
28400950190,灘三田線,神戸市北区・三田市境,三田市・神戸市北区境,28219,0,0.1,神戸三田-上津,7357,神戸三田-上津,7273,14630,1.24,1.02,45.1,14.4,8,60
28400950200,灘三田線,三田市・神戸市北区境,長尾線,28109,0,0.1,神戸三田-上津,7357,神戸三田-上津,7273,14630,1.24,1.27,24.6,9.5,8,60
28400950210,灘三田線,長尾線,,28109,0,0,,6640,,5579,12219,1.29,1.13,15,24.3,8,60
28400950220,灘三田線,,テクノパーク三田線,28219,0,1.3,三田市弥生が丘四丁目,7656,三田市弥生が丘四丁目,6273,13929,1.31,0.3,35.8,48.5,38,60
28400960010,岡山赤穂線,岡山赤穂線,大津西有年線,28212,0,3.9,,1597,,1762,3359,1.25,0.5,60,60.8,7,50
28400960020,岡山赤穂線,大津西有年線,山陽自動車道,28212,0,1.5,赤穂市大津,2135,赤穂市大津,2156,4291,1.25,0.57,49.1,54.5,7,40
28400960030,岡山赤穂線,山陽自動車道,一般国道２５０号,28212,0,0.3,赤穂市大津,2135,赤穂市大津,2156,4291,1.25,0.57,29.4,16.8,14,40
28400970010,篠山三和線,一般国道１７６号,篠山山南線,28221,0,0.9,,865,,739,1604,1.2,0.21,25.2,39.8,7,50
28400970020,篠山三和線,篠山山南線,長安寺西岡屋線,28221,0,1.3,,865,,739,1604,1.2,0.2,34.2,34.5,7,50
28400970030,篠山三和線,長安寺西岡屋線,東中下板井線,28221,0,0.4,,865,,739,1604,1.2,0.22,24.9,31,9,50
28400970040,篠山三和線,東中下板井線,春日栗柄線,28221,0,6.3,,865,,739,1604,1.2,0.2,45.9,46.7,10,50
28400970050,篠山三和線,春日栗柄線,桑原栗柄線,28221,0,0.3,,832,,786,1618,1.2,0.21,45.4,50.6,7,40
28400970060,篠山三和線,桑原栗柄線,本郷藤坂線,28221,0,6.1,,832,,786,1618,1.2,0.21,49,49.2,7,40
28400970070,篠山三和線,本郷藤坂線,遠方瑞穂線,28221,0,0.7,,294,,334,628,1.18,0.1,46.9,49.6,9.5,40
28400970080,篠山三和線,遠方瑞穂線,篠山三和線,28221,0,1.5,,294,,334,628,1.18,0.1,47.1,43.1,9.5,40
28400980060,有馬山口線,宝塚唐櫃線,,28109,0,0.5,,,,,,,,26.3,39.2,10,40
28400980070,有馬山口線,,高速北神戸線,28204,0,1.4,西宮市山口町中野,3102,西宮市山口町中野,3272,6374,1.25,0.88,54.3,53.7,11,40
28400980050,有馬山口線,高速北神戸線,大沢西宮線,28204,0,0.1,西宮市山口町金仙寺,1768,西宮市山口町金仙寺,1621,3389,1.25,0.39,21.9,18.7,26.6,50
28400980010,有馬山口線,宝塚唐櫃線,市野瀬有馬線,28109,0,0.7,,2648,,2501,5149,1.25,0.49,20.3,24.2,10,40
28400980020,有馬山口線,市野瀬有馬線,,28109,0,0.9,,2648,,2501,5149,1.25,0.49,36.1,36.8,10,40
28400990010,伊丹豊中線,尼崎池田線,伊丹豊中線,28207,0,2.5,伊丹市桑津３丁目,8995,伊丹市桑津３丁目,8228,17223,1.31,0.57,21.8,27.5,18,50
28501010010,神戸六甲線,一般国道４３号,鳴尾御影線,28101,0,0.1,,8013,,8203,16216,1.31,0.57,5.1,15,27.2,50
28501010020,神戸六甲線,鳴尾御影線,神戸市東灘区・神戸市灘区境,28101,0,0.2,,8013,,8203,16216,1.31,0.5,7,15.7,26.4,50
28501010030,神戸六甲線,神戸市東灘区・神戸市灘区境,一般国道２号,28102,0,0.2,,8013,,8203,16216,1.31,0.61,10.1,9,27,50
28501010050,神戸六甲線,灘三田線,長田楠日尾線,28102,0,0.5,,12636,,12255,24891,1.34,0.69,22.4,25.4,27,50
28501010060,神戸六甲線,長田楠日尾線,山麓線,28102,0,0.8,,4942,,6145,11087,1.28,1.17,10.4,15.1,18.1,50
28501010070,神戸六甲線,山麓線,灘三田線,28102,0,1.8,,4942,,6145,11087,1.28,1.56,22.9,28.4,9.7,30
28501010080,神戸六甲線,灘三田線,,28102,0,0.2,,4942,,6145,11087,1.28,0.73,35.6,36,9.4,40
28501010090,神戸六甲線,,灘三田線,28102,0,0.6,,607,,653,1260,1.18,0.23,41,19.9,6.1,40
28501010100,神戸六甲線,灘三田線,明石神戸宝塚線,28102,0,4.8,,607,,653,1260,1.18,0.18,29.7,29,7.8,40
28501020010,梅香浜辺脇浜線,一般国道２号,一般国道２号（浜手バイパス）,28110,0,0.4,神戸市中央区南本町通３丁目,19227,神戸市中央区南本町通３丁目,23890,43117,1.35,0.51,23.5,24.9,49.3,40
28501020020,梅香浜辺脇浜線,一般国道２号（浜手バイパス）,生田川右岸線,28110,0,0.2,神戸市中央区南本町通３丁目,19227,神戸市中央区南本町通３丁目,23890,43117,1.35,0.59,20.9,8.4,38.6,40
28501020030,梅香浜辺脇浜線,生田川右岸線,一般国道２号,28110,0,0.9,神戸市中央区南本町通３丁目,19227,神戸市中央区南本町通３丁目,23890,43117,1.35,0.58,11.3,18.2,49.5,40
28501030010,長田楠日尾線,一般国道２８号,長田線,28106,0,0.1,神戸市兵庫区上沢通４丁目,10987,神戸市兵庫区上沢通４丁目,11404,22391,1.33,0.26,4.8,7,50.1,50
28501030020,長田楠日尾線,長田線,神戸市長田区・神戸市兵庫区境,28106,0,0.8,神戸市兵庫区上沢通４丁目,10987,神戸市兵庫区上沢通４丁目,11404,22391,1.33,0.77,20.6,23.9,36.1,50
28501030030,長田楠日尾線,神戸市長田区・神戸市兵庫区境,湊町線,28105,0,1,神戸市兵庫区上沢通４丁目,10987,神戸市兵庫区上沢通４丁目,11404,22391,1.33,0.42,20.9,21.3,36,50
28501030040,長田楠日尾線,湊町線,一般国道４２８号,28105,0,0.6,神戸市中央区下山手通７丁目,13442,神戸市中央区下山手通７丁目,13125,26567,1.34,0.46,15.8,24.4,36.1,50
28501030050,長田楠日尾線,一般国道４２８号,,28110,0,2,神戸市中央区下山手通７丁目,13442,神戸市中央区下山手通７丁目,13125,26567,1.34,0.43,17.8,19.5,35.5,50
28501030060,長田楠日尾線,,新神戸停車場線,28110,0,0.9,神戸市中央区加納町３丁目,16493,神戸市中央区加納町３丁目,16120,32613,1.36,0.51,15.7,18.9,36,50
28501030080,長田楠日尾線,新神戸停車場線,山麓線,28110,0,0.1,神戸市中央区坂口通５丁目,5771,神戸市中央区坂口通５丁目,7398,13169,1.3,0.28,14.9,9,29.6,50
28501030090,長田楠日尾線,山麓線,神戸市中央区・神戸市灘区境,28110,0,1.6,神戸市中央区坂口通５丁目,5771,神戸市中央区坂口通５丁目,7398,13169,1.3,0.44,24.4,21.9,27,50
28501030100,長田楠日尾線,神戸市中央区・神戸市灘区境,山手幹線,28102,0,0.4,神戸市中央区坂口通５丁目,5771,神戸市中央区坂口通５丁目,7398,13169,1.3,0.51,30.1,29.2,27.1,50
28501030110,長田楠日尾線,山手幹線,神戸六甲線,28102,0,2.1,神戸市灘区水道筋４丁目,12362,神戸市灘区水道筋４丁目,12658,25020,1.33,0.79,26,23.3,22,50
28501040010,西出高松前池線,一般国道２号,湊町線,28105,0,0.1,神戸市兵庫区中之島１丁目,9792,神戸市兵庫区中之島１丁目,11065,20857,1.32,0.54,9.3,32.5,36,50
28501040020,西出高松前池線,湊町線,兵庫埠頭線,28105,0,0.9,神戸市兵庫区中之島１丁目,9792,神戸市兵庫区中之島１丁目,11065,20857,1.32,0.66,18.7,28.3,30,50
28501040030,西出高松前池線,兵庫埠頭線,神戸市兵庫区・神戸市長田区境,28105,0,2.3,神戸市兵庫区笠松通６丁目,6084,神戸市兵庫区笠松通６丁目,6795,12879,1.29,0.44,19.5,27,30,50
28501040040,西出高松前池線,神戸市兵庫区・神戸市長田区境,新町線,28106,0,0.2,神戸市兵庫区笠松通６丁目,6084,神戸市兵庫区笠松通６丁目,6795,12879,1.29,0.4,21.1,16.7,32.6,50
28501040050,西出高松前池線,新町線,若松線,28106,0,1,,5558,,5474,11032,1.28,0.49,20.1,19.6,27,50
28501040060,西出高松前池線,若松線,野田外浜線,28106,0,0.6,,5558,,5474,11032,1.28,0.45,27.8,36,26.7,50
28501040070,西出高松前池線,野田外浜線,一般国道２号,28106,0,0.5,神戸市須磨区千歳町３丁目,5739,神戸市須磨区千歳町３丁目,5817,11556,1.29,0.49,17.8,15.6,27.1,50
28501040080,西出高松前池線,一般国道２号,神戸市長田区・神戸市須磨区境,28106,0,0.3,神戸市須磨区千歳町３丁目,5739,神戸市須磨区千歳町３丁目,5817,11556,1.29,0.51,16.1,23.2,26.9,50
28501040090,西出高松前池線,神戸市長田区・神戸市須磨区境,神戸明石線,28107,0,0.4,神戸市須磨区千歳町３丁目,5739,神戸市須磨区千歳町３丁目,5817,11556,1.29,0.55,25.5,13.6,26,50
28501040100,西出高松前池線,神戸明石線,山麓線,28107,0,0.6,神戸市須磨区千歳町３丁目,5739,神戸市須磨区千歳町３丁目,5817,11556,1.29,0.26,12,,25,50
28501050010,神戸停車場線,一般国道２８号,,28110,0,0.1,,4712,,4450,9162,1.27,0.81,5.4,9,19.9,40
28501060010,山麓線,灘三田線,神戸六甲線,28102,0,0.8,神戸市灘区高羽町５丁目,3686,神戸市灘区高羽町５丁目,5369,9055,1.28,0.56,17.6,18.1,24.6,40
28501060020,山麓線,神戸六甲線,神戸市灘区・神戸市中央区境,28102,0,2.2,,1427,,1634,3061,1.25,0.18,16.4,18.1,18.1,40
28501060030,山麓線,神戸市灘区・神戸市中央区境,,28110,0,0.6,,1427,,1634,3061,1.25,0.33,15.9,14.2,12.1,40
28501060040,山麓線,,長田楠日尾線,28110,0,1.3,神戸市中央区野崎通７丁目,3444,神戸市中央区野崎通７丁目,3292,6736,1.26,0.19,16.6,16.9,36,40
28501060060,山麓線,新神戸停車場線,,28110,0,1.2,神戸市中央区北野町１丁目,3161,,,3161,1.25,0.46,16.8,,11.1,30
28501060070,山麓線,,神戸市中央区・神戸市兵庫区境,28110,0,1.2,神戸市兵庫区下祇園町,7486,神戸市兵庫区下祇園町,6757,14243,1.41,1.06,21.3,24.4,18,40
28501060080,山麓線,神戸市中央区・神戸市兵庫区境,一般国道４２８号,28105,0,0.8,神戸市兵庫区下祇園町,7486,神戸市兵庫区下祇園町,6757,14243,1.41,1.06,25,13.5,18,40
28501060090,山麓線,一般国道４２８号,湊町線,28105,0,1,神戸市兵庫区下三条町,6899,神戸市兵庫区下三条町,4265,11164,1.34,0.39,16.1,18.9,17.9,40
28501060100,山麓線,湊町線,夢野白川線,28105,0,0.9,神戸市兵庫区菊水町１０丁目,13825,神戸市兵庫区菊水町１０丁目,12322,26147,1.39,0.75,22,15.1,17.8,40
28501060110,山麓線,夢野白川線,長田箕谷線,28106,0,1.1,神戸市兵庫区菊水町１０丁目,4575,神戸市兵庫区菊水町１０丁目,5456,10031,1.28,0.87,18.8,12.8,18.3,40
28501060120,山麓線,長田箕谷線,神戸市長田区・神戸市須磨区境,28106,0,2,神戸市長田区宮川町９丁目,4006,神戸市長田区宮川町９丁目,4436,8442,1.27,0.6,12.9,20.7,15,40
28501060130,山麓線,神戸市長田区・神戸市須磨区境,西出高松前池線,28107,0,0.3,神戸市長田区宮川町９丁目,4006,神戸市長田区宮川町９丁目,4436,8442,1.27,0.65,12.8,11.8,20,40
28501060140,山麓線,西出高松前池線,神戸三木線,28107,0,0.1,神戸市長田区宮川町９丁目,4006,神戸市長田区宮川町９丁目,4436,8442,1.27,0.34,11.8,9.7,20,40
28501060150,山麓線,神戸三木線,高速神戸西宮線,28107,0,2,神戸市須磨区若木町４丁目,5863,神戸市須磨区若木町４丁目,5450,11313,1.28,0.89,17.3,16.1,16.2,40
28601030010,若桜湯村温泉線,若桜湯村温泉線,若桜湯村温泉線,28586,0,3.5,,,,,,,,,,1,40
28601030030,若桜湯村温泉線,若桜湯村温泉線,岸田諸寄線,28586,0,6.7,美方郡新温泉町岸田,31,美方郡新温泉町岸田,28,59,1.18,0.31,16.7,26.5,4.5,40
28601030040,若桜湯村温泉線,岸田諸寄線,,28586,0,2.8,,,,,,,,,,1,40
28601030060,若桜湯村温泉線,,丸味竹田線,28586,0,2.5,美方郡新温泉町桐岡,439,美方郡新温泉町桐岡,483,922,1.18,0.14,29.2,20.1,9,40
28601030070,若桜湯村温泉線,丸味竹田線,一般国道９号,28586,0,3.9,,612,,682,1294,1.18,0.21,40.9,44.9,8.5,40
28601040010,物部藪崎線,十二所澤線,溝黒竹田線,28225,0,2.5,朝来市和田山町竹田,333,朝来市和田山町竹田,348,681,1.25,0.1,40.7,46.4,6.5,40
28601040020,物部藪崎線,溝黒竹田線,浅野山東線,28225,0,1.2,朝来市和田山町竹田,333,朝来市和田山町竹田,348,681,1.25,0.1,24.1,24.5,9.5,40
28601040030,物部藪崎線,浅野山東線,,28225,0,1.1,朝来市和田山町竹田,333,朝来市和田山町竹田,348,681,1.25,0.1,41.8,44,6.5,40
28601040040,物部藪崎線,,物部藪崎線,28225,0,3.2,朝来市和田山町竹田,333,朝来市和田山町竹田,348,681,1.25,0.1,30.4,26.6,8,40
28601040050,物部藪崎線,物部藪崎線,一般国道９号,28225,0,1.7,朝来市和田山町竹田,333,朝来市和田山町竹田,348,681,1.25,0.12,24.1,26,13,40
28601040070,物部藪崎線,物部藪崎線,金浦和田山線,28225,0,0.1,朝来市和田山町寺谷,4653,朝来市和田山町寺谷,4644,9297,1.2,0.55,13,14,9.5,50
28601040080,物部藪崎線,金浦和田山線,金浦和田山線,28225,0,0.7,朝来市和田山町寺谷,4653,朝来市和田山町寺谷,4644,9297,1.2,1.08,17.3,15.6,10,50
28601040090,物部藪崎線,金浦和田山線,金浦和田山線,28225,0,0.7,朝来市和田山町寺谷,4653,朝来市和田山町寺谷,4644,9297,1.2,0.75,20.1,20.7,10,50
28601040100,物部藪崎線,金浦和田山線,朝来出石線,28225,0,3.2,朝来市和田山町寺谷,4653,朝来市和田山町寺谷,4644,9297,1.2,0.76,45.9,44.5,10,50
28601040110,物部藪崎線,朝来出石線,朝来市・養父市境,28225,0,1.9,朝来市和田山町林垣,3103,朝来市和田山町林垣,3115,6218,1.2,0.69,43.1,49.3,9.2,50
28601040120,物部藪崎線,朝来市・養父市境,上村養父停車場線,28222,0,1.9,朝来市和田山町林垣,3103,朝来市和田山町林垣,3115,6218,1.2,0.69,52.5,49.9,9.5,50
28601040130,物部藪崎線,上村養父停車場線,宮津養父線,28222,0,2.3,朝来市和田山町林垣,3103,朝来市和田山町林垣,3115,6218,1.2,0.72,52.6,52.1,9.5,50
28601090010,福知山山南線,福知山山南線,青垣柏原線,28223,0,5.1,丹波市青垣町東芦田,1003,丹波市青垣町東芦田,1090,2093,1.19,0.27,42.5,42.6,9,40
28601090030,福知山山南線,青垣柏原線,賀茂春日線,28223,0,3.1,丹波市氷上町賀茂,1863,丹波市氷上町賀茂,1978,3841,1.25,0.55,42.6,45.3,6,40
28601090040,福知山山南線,賀茂春日線,丹波加美線,28223,0,1.7,丹波市氷上町賀茂,1863,丹波市氷上町賀茂,1978,3841,1.25,0.56,33.6,32.3,6,40
28601090060,福知山山南線,丹波加美線,奥野々氷上線,28223,0,0.2,丹波市氷上町谷村,2982,丹波市氷上町谷村,3304,6286,1.17,1.06,26.6,18.7,8.5,50
28601090070,福知山山南線,奥野々氷上線,朝阪山南線,28223,0,6.4,丹波市氷上町谷村,2982,丹波市氷上町谷村,3304,6286,1.17,0.85,48.1,49.6,8.5,50
28601090080,福知山山南線,朝阪山南線,一般国道１７５号,28223,0,0.3,丹波市氷上町谷村,2982,丹波市氷上町谷村,3304,6286,1.17,0.85,23.4,29,8.5,50
28601090100,福知山山南線,一般国道１７５号,朝阪山南線,28223,0,0.6,,2979,,3254,6233,1.26,0.67,27.3,41.1,9,40
28601090110,福知山山南線,朝阪山南線,多可柏原線,28223,0,1,,2979,,3254,6233,1.26,0.61,45,41.6,6.5,40
28601130010,伊丹池田線,一般国道１７１号,伊丹池田線,28207,0,0.3,,4068,,3679,7747,1.27,0.59,7.9,28.8,9.5,40
28601140010,西宮宝塚線,一般国道２号,,28204,0,1.2,西宮市甲子園口北町,9731,西宮市甲子園口北町,9854,19585,1.32,1.71,13.6,11.4,6.5,40
28601140020,西宮宝塚線,,西宮豊中線,28204,0,0.5,西宮市松並町,8703,西宮市松並町,9751,18454,1.32,1.44,8.7,27,7.5,40
28601140030,西宮宝塚線,西宮豊中線,一般国道１７１号,28204,0,1.9,西宮市堤町,9115,西宮市堤町,8469,17584,1.32,1.49,27.2,23.8,6.6,40
28601140040,西宮宝塚線,一般国道１７１号,西宮市・宝塚市境,28204,0,1,西宮市田近野町,7588,西宮市田近野町,5961,13549,1.3,1.25,33.9,7.9,16,40
28601140050,西宮宝塚線,西宮市・宝塚市境,宝塚市・西宮市境,28214,0,0.1,西宮市田近野町,7588,西宮市田近野町,5961,13549,1.3,1.57,9.5,14.7,11,40
28601140060,西宮宝塚線,宝塚市・西宮市境,西宮市・宝塚市境,28204,0,0.8,西宮市田近野町,7588,西宮市田近野町,5961,13549,1.3,1.18,15.4,34.9,14.2,40
28601140070,西宮宝塚線,西宮市・宝塚市境,生瀬門戸荘線,28214,0,2.3,西宮市田近野町,7588,西宮市田近野町,5961,13549,1.3,1.38,24.8,15.9,11,40
28601140080,西宮宝塚線,生瀬門戸荘線,明石神戸宝塚線,28214,0,0.8,西宮市田近野町,7588,西宮市田近野町,5961,13549,1.3,1.34,12.2,16.4,11,40
28601170010,豊富北条線,西田原姫路線,小野香寺線,28201,0,1.8,,5157,,5175,10332,1.28,1.01,44.9,45.9,6.5,40
28601170030,豊富北条線,小野香寺線,姫路市・加西市境,28201,0,0.3,加西市福居町,3749,加西市福居町,3720,7469,1.2,0.76,49.1,48.2,6.5,40
28601170040,豊富北条線,姫路市・加西市境,山下飾東線,28220,0,1.9,加西市福居町,3749,加西市福居町,3720,7469,1.2,0.76,48.3,47.5,6.5,40
28601170050,豊富北条線,山下飾東線,中寺北条線,28220,0,2.1,加西市福居町,3749,加西市福居町,3720,7469,1.2,0.76,44.2,42.2,6.5,40
28601170060,豊富北条線,中寺北条線,三木宍粟線,28220,0,0.4,加西市福居町,3749,加西市福居町,3720,7469,1.2,0.81,26.7,16.3,12,40
28601180010,小野志方線,小野香寺線,,28218,0,1.4,加古川市平荘町中山,1505,加古川市平荘町中山,1571,3076,1.22,0.42,29.8,36.4,11,40
28601180020,小野志方線,,小野市・加古川市境,28218,0,2.2,加古川市平荘町中山,1505,加古川市平荘町中山,1571,3076,1.22,0.41,47.3,47.7,6.5,40
28601180030,小野志方線,小野市・加古川市境,高砂加古川加西線,28210,0,0.5,加古川市平荘町中山,1505,加古川市平荘町中山,1571,3076,1.22,0.44,43.2,30.3,7,40
28601180040,小野志方線,高砂加古川加西線,高砂北条線,28210,0,3.8,加古川市平荘町中山,1505,加古川市平荘町中山,1571,3076,1.22,0.39,44.2,39.5,10,40
28601180054,小野志方線,高砂北条線,小野志方線,28210,0,1.2,加古川市志方町大宗,1422,加古川市志方町大宗,1497,2919,1.22,0.53,39.2,46.2,10,40
28601180080,小野志方線,小野志方線,,28210,0,0.5,加古川市志方町大宗,1422,加古川市志方町大宗,1497,2919,1.22,0.48,50.4,48.8,10,40
28601180090,小野志方線,,小野志方線,28210,0,0.3,加古川市志方町大宗,1422,加古川市志方町大宗,1497,2919,1.22,0.5,46.9,48.7,12,40
28601180060,小野志方線,小野志方線,小原宝殿停車場線,28210,0,0.3,加古川市志方町大宗,1422,加古川市志方町大宗,1497,2919,1.22,0.5,33.5,25.5,12,40
28601190010,千谷蕪島線,一般国道９号,千谷蕪島線,28586,0,2.1,美方郡新温泉町千谷,24,美方郡新温泉町千谷,16,40,1.32,0,41.4,49.7,7.5,40
28601200010,たつの竜野停車場線,姫路上郡線,一般国道２号,28229,0,4,たつの市揖保川町野田,5057,たつの市揖保川町野田,5070,10127,1.28,0.82,28.5,23,7,40
28601200020,たつの竜野停車場線,一般国道２号,中島揖保川線,28229,0,0.2,たつの市揖保川町野田,5057,たつの市揖保川町野田,5070,10127,1.28,0.97,3.7,10.2,9,40
28601200030,たつの竜野停車場線,中島揖保川線,,28229,0,0.3,たつの市揖保川町野田,5057,たつの市揖保川町野田,5070,10127,1.28,14,9.8,9.8,4.6,40
28601210040,たつの相生線,一般国道２号,相生停車場線,28208,0,1.1,相生市双葉１丁目,3763,相生市双葉１丁目,4077,7840,1.23,0.92,28,25.5,13,40
28601210060,たつの相生線,一般国道２号,竜野西インタ－線,28229,0,1,たつの市揖保川町大門,3819,たつの市揖保川町大門,4212,8031,1.27,0.75,33.4,39,12.2,40
28601220010,久美浜気比線,,久美浜気比線,28209,0,2.3,,,,,,,,,,2,30
28601220030,久美浜気比線,久美浜気比線,香美久美浜線,28209,0,1.3,,368,,366,734,1.18,0.73,24,22.5,5,30
28601230010,生穂育波線,一般国道２８号,仁井黒谷線,28226,0,8.3,淡路市生穂,672,淡路市生穂,711,1383,1.19,1.87,24.2,24.2,5,30
28601230020,生穂育波線,仁井黒谷線,一般国道２８号（本四道路）,28226,0,2.2,淡路市育波,2294,淡路市育波,2180,4474,1.25,0.54,42.7,48.9,7,40
28601230030,生穂育波線,一般国道２８号（本四道路）,福良江井岩屋線,28226,0,0.3,淡路市育波,2294,淡路市育波,2180,4474,1.25,0.39,29.6,18.8,13,40
28601240010,宮原力石線,宮原上月線,才金宗行線,28501,0,3.2,,64,,60,124,1.32,0.02,40.9,40.9,7,40
28601240020,宮原力石線,才金宗行線,上福原佐用線,28501,0,0.7,,64,,60,124,1.32,0.02,31.9,45.3,7,40
28601240030,宮原力石線,上福原佐用線,上福原佐用線,28501,0,0.9,,64,,60,124,1.32,0.02,43.6,36.8,9.5,40
28601240040,宮原力石線,上福原佐用線,一般国道１７９号,28501,0,2.6,,64,,60,124,1.32,0.02,50.5,43.9,9.5,40
28601250010,洲本松帆線,洲本五色線,下内膳物部線,28205,0,0.6,洲本市桑間,6636,洲本市桑間,6352,12988,1.21,0.99,25.1,23.9,11.5,40
28601250020,洲本松帆線,下内膳物部線,鳥飼浦洲本線,28205,0,1.8,洲本市桑間,6636,洲本市桑間,6352,12988,1.21,0.91,33.6,34.7,12.5,40
28601250030,洲本松帆線,鳥飼浦洲本線,上内膳塩尾線,28205,0,0.2,南あわじ市倭文長田,3733,南あわじ市倭文長田,3604,7337,1.2,0.87,11,14.9,6.5,50
28601250040,洲本松帆線,上内膳塩尾線,洲本市・南あわじ市境,28205,0,1.3,南あわじ市倭文長田,3733,南あわじ市倭文長田,3604,7337,1.2,0.81,26.7,32.1,9,50
28601250050,洲本松帆線,洲本市・南あわじ市境,倭文五色線,28224,0,4.6,南あわじ市倭文長田,3733,南あわじ市倭文長田,3604,7337,1.2,0.81,38,37.6,7,50
28601250060,洲本松帆線,倭文五色線,大谷鮎原神代線,28224,0,2.6,南あわじ市倭文長田,3733,南あわじ市倭文長田,3604,7337,1.2,0.79,44.8,42.4,7,50
28601250070,洲本松帆線,大谷鮎原神代線,福良江井岩屋線,28224,0,4.1,南あわじ市松帆塩浜,1154,南あわじ市松帆塩浜,1120,2274,1.25,0.29,39.1,37,6,40
28601260010,松帆八木線,一般国道２８号（本四道路）,大谷鮎原神代線,28224,0,2.3,,1353,,1445,2798,1.25,1.26,35.6,37.4,5.5,40
28601260020,松帆八木線,大谷鮎原神代線,市八木線,28224,0,2.1,南あわじ市八木野原,3992,南あわじ市八木野原,3867,7859,1.27,7.09,32.2,31.1,5,40
28601260030,松帆八木線,市八木線,一般国道２８号,28224,0,2.2,南あわじ市八木野原,3992,南あわじ市八木野原,3867,7859,1.27,1.01,33.2,28.4,9.5,40
28601270010,浜坂港浜坂停車場線,浜坂停車場線,三尾浜坂線,28586,0,1,美方郡新温泉町芦屋,1820,美方郡新温泉町芦屋,1869,3689,1.15,0.28,21.5,24.9,14,30
28601270020,浜坂港浜坂停車場線,三尾浜坂線,,28586,0,0.2,美方郡新温泉町芦屋,1820,美方郡新温泉町芦屋,1869,3689,1.15,0.32,17.3,36.6,10,40
28601280010,居組港居組停車場線,,一般国道１７８号,28586,0,0.7,,173,,192,365,1.18,0.05,10.7,10.4,7.5,40
28601280020,居組港居組停車場線,一般国道１７８号,,28586,0,1,,173,,192,365,1.18,0.4,19.2,18.5,5,40
28601290010,別府港加古川停車場線,,明石高砂線,28210,0,0.5,加古川市加古川町粟津,4616,加古川市加古川町粟津,4118,8734,1.27,0.74,24.6,18,17,40
28601290020,別府港加古川停車場線,明石高砂線,八幡別府線,28210,0,0.4,加古川市加古川町粟津,4616,加古川市加古川町粟津,4118,8734,1.27,0.68,14.4,11.2,16,40
28601290030,別府港加古川停車場線,八幡別府線,一般国道２５０号,28210,0,2,加古川市加古川町粟津,4616,加古川市加古川町粟津,4118,8734,1.27,1,18.9,20.2,10.5,40
28601290050,別府港加古川停車場線,一般国道２５０号,鶴林寺線,28210,0,0.7,加古川市加古川町粟津,4616,加古川市加古川町粟津,4118,8734,1.27,16.9,13.7,20.8,4,40
28601290060,別府港加古川停車場線,鶴林寺線,一般国道２号,28210,0,1.7,加古川市加古川町粟津,4616,加古川市加古川町粟津,4118,8734,1.27,0.67,17.8,14.5,15,40
28601300010,多田停車場多田院線,一般国道１７３号,（元）川西篠山線,28217,0,2,川西市多田院二丁目,453,川西市多田院二丁目,465,918,1.25,2.58,22.4,22.6,4.5,30
28601310010,中山寺停車場中山寺線,,一般国道１７６号,28214,0,0.2,,259,,327,586,1.17,0.07,20.2,7.3,9.25,40
28601310030,中山寺停車場中山寺線,一般国道１７６号,,28214,0,0.5,,,,,,,,12.8,19.8,2.75,40
28601330010,網干停車場新舞子線,,姫路市・太子町境,28201,0,0.4,たつの市御津町中島,2141,たつの市御津町中島,2216,4357,1.26,1.11,24.7,31,6,40
28601330015,網干停車場新舞子線,姫路市・太子町境,網干停車場新舞子線,28464,0,0.9,たつの市御津町中島,2141,たつの市御津町中島,2216,4357,1.26,1.57,23.2,17.4,5.5,40
28601330020,網干停車場新舞子線,網干停車場新舞子線,太子町・姫路市境,28464,0,0.1,たつの市御津町中島,2141,たつの市御津町中島,2216,4357,1.26,1.74,17.7,25.6,5.6,40
28601330030,網干停車場新舞子線,太子町・姫路市境,網干たつの線,28201,0,0.9,たつの市御津町中島,2141,たつの市御津町中島,2216,4357,1.26,0.47,16.4,20.9,8.5,40
28601330040,網干停車場新舞子線,網干たつの線,姫路市・たつの市境,28201,0,0.2,たつの市御津町中島,2141,たつの市御津町中島,2216,4357,1.26,0.47,8.6,25.5,8.5,40
28601330050,網干停車場新舞子線,姫路市・たつの市境,中島揖保川線,28229,0,0.3,たつの市御津町中島,2141,たつの市御津町中島,2216,4357,1.26,0.5,19,12,10.7,40
28601330060,網干停車場新舞子線,中島揖保川線,一般国道２５０号,28229,0,2.2,たつの市御津町中島,2141,たつの市御津町中島,2216,4357,1.26,0.4,34,35,10,40
28601330005,網干停車場新舞子線,太子御津線,,28201,0,0.2,たつの市御津町中島,2141,たつの市御津町中島,2216,4357,1.26,1.39,5.4,22.5,6,40
28601330080,網干停車場新舞子線,一般国道２５０号,,28229,0,1.2,たつの市御津町中島,2141,たつの市御津町中島,2216,4357,1.26,0.5,13.8,34.7,8.5,40
28400290090,網干停車場新舞子線,,網干停車場新舞子線,28464,0,0.2,揖保郡太子町沖代,2432,揖保郡太子町沖代,2367,4799,1.25,0.67,9.9,23.3,13,40
28601350010,村岡竹野線,村岡小代線,一般国道９号,28585,0,3,美方郡香美町村岡区相田,317,美方郡香美町村岡区相田,346,663,1.17,0.11,32,32.3,10,40
28601350030,村岡竹野線,一般国道４８２号,,28209,0,1,,276,,232,508,1.22,0.07,41.2,41.2,7.5,40
28601350050,村岡竹野線,,,28209,0,0.4,,276,,232,508,1.22,2.43,13.4,7.8,2,60
28601350070,村岡竹野線,,,28209,0,1,,276,,232,508,1.22,2.43,27,27,3.5,60
28601350090,村岡竹野線,,村岡竹野線,28209,0,2.6,,,,,,,,,,1,30
28601350110,村岡竹野線,村岡竹野線,一般国道１７８号,28209,0,7.2,,148,,154,302,1.2,0.17,50.8,50.8,6,30
28601360010,浅野山東線,十二所澤線,畑宮田線,28222,0,3,養父市稲津,176,養父市稲津,171,347,1.18,0.06,32.4,32.4,8.7,40
28601360020,浅野山東線,畑宮田線,,28222,0,0.3,,,,,,,,,,5,30
28601360040,浅野山東線,,養父市・朝来市境,28222,0,1.7,,,,,,,,,,5.5,30
28601360050,浅野山東線,養父市・朝来市境,,28225,0,2.6,,,,,,,,,,1.5,30
28601360070,浅野山東線,,物部藪崎線,28225,0,4.3,,276,,232,508,1.22,0.07,44.1,44.1,10,40
28601360080,浅野山東線,物部藪崎線,一般国道３１２号,28225,0,0.2,,276,,232,508,1.22,0.07,20.6,10.6,10,40
28601360100,浅野山東線,一般国道３１２号,檜倉山東線,28225,0,3.4,,1710,,1835,3545,1.21,0.43,36.6,44.9,12.5,40
28601360110,浅野山東線,檜倉山東線,一般国道４２７号,28225,0,1.1,,1710,,1835,3545,1.21,0.5,24.7,15.4,7,40
28601380010,追入市島線,一般国道１７６号,,28221,0,0.8,,52,,52,104,1.32,0.01,29.1,14.3,8,50
28601380030,追入市島線,,丹波篠山市・丹波市境,28221,0,1.2,,,,,,,,,,3,30
28601380040,追入市島線,丹波篠山市・丹波市境,,28223,0,1.3,,,,,,,,,,2.5,30
28601380060,追入市島線,,春日栗柄線,28223,0,1.2,,1044,,1059,2103,1.22,0.29,18.9,22.7,6.5,40
28601380070,追入市島線,春日栗柄線,多利多田線,28223,0,4.3,,1976,,1990,3966,1.24,0.43,37.7,40.1,9,50
28601380080,追入市島線,多利多田線,一般国道１７５号,28223,0,3.4,,1976,,1990,3966,1.24,0.43,37.7,40.1,9,50
28601390010,山南多可線,篠山山南線,丹波市・西脇市境,28223,0,1,,1077,,1254,2331,1.22,0.31,31.9,38.6,9.25,40
28601390020,山南多可線,丹波市・西脇市境,黒田庄多井田線,28213,0,2.1,,1077,,1254,2331,1.22,0.3,43.3,42.8,9.5,40
28601390030,山南多可線,黒田庄多井田線,一般国道１７５号,28213,0,0.3,,1077,,1254,2331,1.22,0.38,30.2,11.1,8,40
28601390050,山南多可線,一般国道１７５号,西脇市・多可町境,28213,0,1.9,,1864,,2114,3978,1.25,0.45,36,46.1,7,50
28601390060,山南多可線,西脇市・多可町境,中安田市原線,28365,0,2.1,,1864,,2114,3978,1.25,0.46,44.7,43.3,7,50
28601390070,山南多可線,中安田市原線,多可柏原線,28365,0,3.4,,1864,,2114,3978,1.25,0.49,25.1,30.7,15,50
28601400010,長安寺西岡屋線,一般国道１７６号,篠山三和線,28221,0,2.2,丹波篠山市大野,2921,丹波篠山市大野,2952,5873,1.26,0.54,41,45.2,6.5,50
28601400020,長安寺西岡屋線,篠山三和線,本郷東浜谷線,28221,0,3.1,丹波篠山市大野,2921,丹波篠山市大野,2952,5873,1.26,0.54,40.5,40.1,6.5,50
28601400030,長安寺西岡屋線,本郷東浜谷線,篠山山南線,28221,0,0.5,丹波篠山市大野,2921,丹波篠山市大野,2952,5873,1.26,0.44,24.1,28.2,15,40
28601410010,黒石三田線,西脇篠山線,下立杭柏原線,28221,0,2.8,丹波篠山市今田町黒石,134,丹波篠山市今田町黒石,119,253,1.17,0.05,52.2,45.3,7,40
28601410020,黒石三田線,下立杭柏原線,一般国道３７２号,28221,0,3.3,丹波篠山市今田町黒石,134,丹波篠山市今田町黒石,119,253,1.17,0.04,56.3,47.2,7,40
28601410030,黒石三田線,一般国道３７２号,丹波篠山市・加東市境,28221,0,1.5,,1698,,1907,3605,1.25,0.44,43.8,51.2,9.5,40
28601410040,黒石三田線,丹波篠山市・加東市境,加東市・丹波篠山市境,28228,0,0.3,,1698,,1907,3605,1.25,0.42,53.9,31.1,9.5,40
28601410050,黒石三田線,加東市・丹波篠山市境,上鴨川木津線,28221,0,1.8,,1698,,1907,3605,1.25,0.42,53.3,54.5,9.5,40
28601410060,黒石三田線,上鴨川木津線,下立杭柏原線,28221,0,3.3,,1698,,1907,3605,1.25,0.42,45.9,47.9,7,40
28601410070,黒石三田線,下立杭柏原線,丹波篠山市・三田市境,28221,0,0.1,,1698,,1907,3605,1.25,0.42,39,41.3,7,40
28601410080,黒石三田線,丹波篠山市・三田市境,小野藍本線,28219,0,0.7,,1698,,1907,3605,1.25,0.42,42.1,36,7,40
28601410100,黒石三田線,小野藍本線,下相野森線,28219,0,2.1,三田市上相野,7629,三田市上相野,7868,15497,1.3,1.37,26.6,25.8,10,40
28601410110,黒石三田線,下相野森線,三田西インター線,28219,0,2.2,三田市上相野,7629,三田市上相野,7868,15497,1.3,1.18,36.7,38,10,40
28601410130,黒石三田線,三田西インター線,広野永福線,28219,0,0.3,三田市貴志,5510,三田市貴志,5001,10511,1.28,0.74,26,21.6,11.4,50
28601410140,黒石三田線,広野永福線,上荒川三田線,28219,0,4.1,三田市貴志,5510,三田市貴志,5001,10511,1.28,0.77,22.1,30.8,11,50
28601410150,黒石三田線,上荒川三田線,西脇三田線,28219,0,3.1,三田市天神一丁目,3115,三田市天神一丁目,3111,6226,1.26,0.44,15.3,14.7,18,40
28601420010,米谷昆陽尼崎線,一般国道１７６号,一般国道１７６号,28214,0,2.1,,1615,,2071,3686,1.25,15.6,22.4,19.5,8.5,30
28601420020,米谷昆陽尼崎線,一般国道１７６号,姥ケ茶屋伊丹線,28214,0,0.6,宝塚市安倉中四丁目,5793,宝塚市安倉中四丁目,5564,11357,1.23,1.06,7.8,20.9,17,40
28601420030,米谷昆陽尼崎線,姥ケ茶屋伊丹線,宝塚市・伊丹市境,28214,0,0.8,宝塚市安倉中四丁目,5793,宝塚市安倉中四丁目,5564,11357,1.23,0.9,20.5,17.2,17,40
28601420040,米谷昆陽尼崎線,宝塚市・伊丹市境,中野中筋線,28207,0,0.5,宝塚市安倉中四丁目,5793,宝塚市安倉中四丁目,5564,11357,1.23,0.22,15.6,17.4,22,40
28601420050,米谷昆陽尼崎線,中野中筋線,中野中筋線,28207,0,0.2,宝塚市安倉中四丁目,5793,宝塚市安倉中四丁目,5564,11357,1.23,0.4,25.1,10.3,21,40
28601420060,米谷昆陽尼崎線,中野中筋線,寺本川西線,28207,0,0.6,伊丹市昆陽北一丁目,9066,伊丹市昆陽北一丁目,8404,17470,1.31,0.51,15.6,18.4,22,40
28601420070,米谷昆陽尼崎線,寺本川西線,寺本川西線,28207,0,0.3,伊丹市昆陽北一丁目,9066,伊丹市昆陽北一丁目,8404,17470,1.31,0.85,10.5,29.3,22,40
28601420080,米谷昆陽尼崎線,寺本川西線,一般国道１７１号,28207,0,0.8,伊丹市昆陽北一丁目,9066,伊丹市昆陽北一丁目,8404,17470,1.31,0.51,27.2,14.1,22,40
28601420090,米谷昆陽尼崎線,一般国道１７１号,寺本伊丹線,28207,0,0.4,伊丹市南野北一丁目,4601,伊丹市南野北一丁目,4648,9249,1.27,0.37,10.4,11.7,22,40
28601420100,米谷昆陽尼崎線,寺本伊丹線,東富松御願塚線,28207,0,1.8,伊丹市南野北一丁目,4601,伊丹市南野北一丁目,4648,9249,1.27,0.83,20.4,17.8,9.9,40
28601420110,米谷昆陽尼崎線,東富松御願塚線,山本伊丹線,28207,0,0.3,伊丹市南野北一丁目,4601,伊丹市南野北一丁目,4648,9249,1.27,0.86,14.3,12,9.9,40
28601420120,米谷昆陽尼崎線,山本伊丹線,伊丹市・尼崎市境,28207,0,0.3,尼崎市南塚口町１丁目,10494,尼崎市南塚口町１丁目,13477,23971,1.33,1.13,30.7,30.5,18,50
28601420130,米谷昆陽尼崎線,伊丹市・尼崎市境,西宮豊中線,28202,0,0.2,尼崎市南塚口町１丁目,10494,尼崎市南塚口町１丁目,13477,23971,1.33,1.09,26.2,26.9,17.6,50
28601420140,米谷昆陽尼崎線,西宮豊中線,,28202,0,1.4,尼崎市南塚口町１丁目,10494,尼崎市南塚口町１丁目,13477,23971,1.33,1.17,19.3,14.9,17.9,50
28601420150,米谷昆陽尼崎線,,,28202,0,0.4,尼崎市尾浜町１丁目,14335,尼崎市尾浜町１丁目,11239,25574,1.31,1.21,13.8,21.9,22,50
28601420160,米谷昆陽尼崎線,,,28202,0,0.8,尼崎市尾浜町１丁目,14335,尼崎市尾浜町１丁目,11239,25574,1.31,0.83,16,17,22,50
28601420170,米谷昆陽尼崎線,,,28202,0,0.5,尼崎市東難波町４丁目,7851,尼崎市東難波町４丁目,7797,15648,1.31,0.53,24.3,21.3,18.9,50
28601420180,米谷昆陽尼崎線,,一般国道２号,28202,0,1.3,尼崎市東難波町４丁目,7851,尼崎市東難波町４丁目,7797,15648,1.31,0.47,19.8,13.8,18,50
28601430004,加美八千代線,加美宍粟線,,28365,0,5.6,多可郡多可町八千代区中村,1248,多可郡多可町八千代区中村,1320,2568,1.22,2.58,41.8,41.8,5.5,40
28601430007,加美八千代線,,,28365,0,0.4,多可郡多可町八千代区中村,1248,多可郡多可町八千代区中村,1320,2568,1.22,2.58,57.4,57.5,5.5,40
28601430010,加美八千代線,,八千代中線,28365,0,2.1,多可郡多可町八千代区中村,1248,多可郡多可町八千代区中村,1320,2568,1.22,2.58,52.5,55.1,5.5,40
28601430020,加美八千代線,八千代中線,西脇八千代市川線,28365,0,5,多可郡多可町八千代区中村,1248,多可郡多可町八千代区中村,1320,2568,1.22,0.34,48.5,46.5,7.5,40
28601440010,西脇口吉川神戸線,一般国道４２７号,郷の瀬野村線,28213,0,2.2,西脇市市原町,5092,西脇市市原町,4896,9988,1.28,0.82,31.5,38,12,50
28601440020,西脇口吉川神戸線,郷の瀬野村線,一般国道４２７号,28213,0,0.2,西脇市市原町,5092,西脇市市原町,4896,9988,1.28,0.97,15,18,12,50
28601440040,西脇口吉川神戸線,一般国道１７５号,西脇市・加東市境,28213,0,0.6,加東市牧野,2768,加東市牧野,2734,5502,1.26,0.79,15.2,31.1,9,40
28601440050,西脇口吉川神戸線,西脇市・加東市境,一般国道３７２号,28228,0,3.3,加東市牧野,2768,加東市牧野,2734,5502,1.26,0.76,46,39.7,9.5,40
28601440054,西脇口吉川神戸線,一般国道３７２号,,28228,0,1.8,加東市牧野,2768,加東市牧野,2734,5502,1.26,0.73,41,49.7,10,40
28601440170,西脇口吉川神戸線,,,28228,0,0.6,加東市牧野,2768,加東市牧野,2734,5502,1.26,0.71,52.5,54.9,10,40
28601440060,西脇口吉川神戸線,,西脇三田線,28228,0,0.5,加東市牧野,2768,加東市牧野,2734,5502,1.26,0.73,49.7,30,10,40
28601440080,西脇口吉川神戸線,西脇三田線,小野藍本線,28228,0,4,,794,,814,1608,1.2,0.19,39.4,43.2,10,50
28601440090,西脇口吉川神戸線,小野藍本線,加東市・三木市境,28228,0,3.2,加東市新定,2858,加東市新定,2855,5713,1.25,0.7,30.6,46.3,10,50
28601440100,西脇口吉川神戸線,加東市・三木市境,加古川三田線,28215,0,0.9,加東市新定,2858,加東市新定,2855,5713,1.25,0.75,41.1,33.5,8,40
28601440120,西脇口吉川神戸線,加古川三田線,楠原三木線,28215,0,3.4,,635,,596,1231,1.18,0.18,40.3,39.6,7,40
28601440130,西脇口吉川神戸線,楠原三木線,楠原三木線,28215,0,0.4,,635,,596,1231,1.18,0.22,43.2,45.2,9.5,40
28601440140,西脇口吉川神戸線,楠原三木線,,28215,0,1,,803,,737,1540,1.2,0.2,45.6,45.7,7,40
28601440150,西脇口吉川神戸線,,三木三田線,28109,0,1.9,,707,,867,1574,1.2,0.22,46.5,42.5,9,40
28601450010,下滝野市川線,西脇三田線,市場多井田線,28228,0,0.6,加西市田谷町,1912,加西市田谷町,1994,3906,1.25,0.46,15.3,25.3,13,50
28601450020,下滝野市川線,市場多井田線,市場多井田線,28228,0,0.5,加西市田谷町,1912,加西市田谷町,1994,3906,1.25,0.47,22.3,19.3,17,50
28601450030,下滝野市川線,市場多井田線,加東市・加西市境,28228,0,1.5,加西市田谷町,1912,加西市田谷町,1994,3906,1.25,0.46,41.9,47.1,13.5,50
28601450040,下滝野市川線,加東市・加西市境,高砂加古川加西線,28220,0,4.5,加西市田谷町,1912,加西市田谷町,1994,3906,1.25,0.52,46.4,45.2,8.5,50
28601450050,下滝野市川線,高砂加古川加西線,多可北条線,28220,0,1.7,加西市田谷町,1912,加西市田谷町,1994,3906,1.25,0.5,35.7,34.4,9.5,50
28601450060,下滝野市川線,多可北条線,大和北条停車場線,28220,0,1.6,,1311,,1083,2394,1.22,0.42,29.8,28.5,6.5,40
28601450070,下滝野市川線,大和北条停車場線,加西市・市川町境,28220,0,5.9,,1311,,1083,2394,1.22,0.36,41.1,40.4,7.5,40
28601450080,下滝野市川線,加西市・市川町境,西脇八千代市川線,28442,0,2.6,,1311,,1083,2394,1.22,0.36,34.9,36.8,7,40
28601480010,大久保稲美加古川線,一般国道２号,平荘大久保線,28203,0,1.2,明石市大久保町大窪,8086,明石市大久保町大窪,6885,14971,1.3,1.28,11.6,14.7,16,40
28601480020,大久保稲美加古川線,平荘大久保線,大久保稲美加古川線,28203,0,1.7,明石市大久保町大窪,8086,明石市大久保町大窪,6885,14971,1.3,1.12,23.5,18,16,40
28601480030,大久保稲美加古川線,大久保稲美加古川線,一般国道２号（第二神明道路）,28111,0,0.2,,7765,,7922,15687,1.31,0.48,9.9,13.5,22.7,40
28601480040,大久保稲美加古川線,一般国道２号（第二神明道路）,,28111,0,0.2,,7765,,7922,15687,1.31,0.46,18.3,11.7,23,40
28601480050,大久保稲美加古川線,,岩岡魚住線,28111,0,0.3,神戸市西区岩岡町,4934,神戸市西区岩岡町,4598,9532,1.28,1.12,12.9,16.6,7.4,40
28601480060,大久保稲美加古川線,岩岡魚住線,神戸二見線,28111,0,0.9,神戸市西区岩岡町,4934,神戸市西区岩岡町,4598,9532,1.28,1.2,19.3,22.3,8,40
28601480070,大久保稲美加古川線,神戸二見線,上村二見線,28111,0,1.4,神戸市西区岩岡町,4934,神戸市西区岩岡町,4598,9532,1.28,0.92,28.8,29.6,11.6,40
28601480080,大久保稲美加古川線,上村二見線,,28111,0,0.2,神戸市西区岩岡町,4934,神戸市西区岩岡町,4598,9532,1.28,4.11,16.5,21.7,5.8,40
28601480090,大久保稲美加古川線,,六分一神出線,28381,0,0.7,,8268,,9398,17666,1.32,1.33,31.7,32.5,6,40
28601480100,大久保稲美加古川線,六分一神出線,志染土山線,28381,0,1.4,,8268,,9398,17666,1.32,1.38,32.9,31.4,6,40
28601480110,大久保稲美加古川線,志染土山線,野谷平岡線,28381,0,1.1,,8268,,9398,17666,1.32,1.36,33,27.8,7,40
28601480120,大久保稲美加古川線,野谷平岡線,神戸加古川姫路線,28381,0,1.1,,8268,,9398,17666,1.32,1.3,32.2,30,7,40
28601480140,大久保稲美加古川線,神戸加古川姫路線,宗佐土山線,28381,0,0.4,,4458,,4512,8970,1.27,0.94,22.9,14.3,7,40
28601480150,大久保稲美加古川線,宗佐土山線,平荘大久保線,28381,0,2.9,,4458,,4512,8970,1.27,1.01,23.1,29.4,7,40
28601480160,大久保稲美加古川線,平荘大久保線,稲美町・加古川市境,28381,0,0.1,,1111,,687,1798,1.21,0.36,10.6,20.2,10,40
28601480170,大久保稲美加古川線,稲美町・加古川市境,八幡別府線,28210,0,0.8,,1111,,687,1798,1.21,0.28,28.2,24.6,10,40
28601480180,大久保稲美加古川線,八幡別府線,野口尾上線,28210,0,1.6,,1111,,687,1798,1.21,0.31,16.9,17.6,11,40
28601480185,大久保稲美加古川線,野口尾上線,,28210,0,0.8,,1111,,687,1798,1.21,2.25,20.9,22.2,6,40
28601480240,大久保稲美加古川線,,,28210,0,1.3,,1111,,687,1798,1.21,0.23,12.2,14.7,25,40
28601480220,大久保稲美加古川線,平荘大久保線,大久保稲美加古川線,28111,0,0.4,,8202,,9322,17524,1.32,0.85,19.1,19.4,23.4,40
28601540010,千種新宮線,一般国道４２９号,大沢岩野辺線,28227,0,8.1,宍粟市山崎町塩山,258,宍粟市山崎町塩山,273,531,1.17,0.33,39.5,45.3,6,40
28601540020,千種新宮線,大沢岩野辺線,宍粟下徳久線,28227,0,9.4,宍粟市山崎町塩山,258,宍粟市山崎町塩山,273,531,1.17,0.33,39.5,45.3,6,40
28601540040,千種新宮線,宍粟下徳久線,宍粟市・佐用町境,28227,0,1.7,佐用郡佐用町乃井野,567,佐用郡佐用町乃井野,555,1122,1.17,0.64,38.2,39.9,5.5,40
28601540050,千種新宮線,宍粟市・佐用町境,一般国道１７９号,28501,0,7.5,佐用郡佐用町乃井野,567,佐用郡佐用町乃井野,555,1122,1.17,0.14,46.6,44.6,9.5,40
28601540070,千種新宮線,一般国道１７９号,相生宍粟線,28229,0,4.1,,306,,336,642,1.18,0.67,33.6,35.2,5,40
28601570010,佐野仁井岩屋線,一般国道２８号,一般国道２８号,28226,0,1.2,淡路市佐野,627,淡路市佐野,838,1465,1.2,0.89,33.1,47.3,5.5,30
28601570020,佐野仁井岩屋線,一般国道２８号,仁井黒谷線,28226,0,8.9,,25,,26,51,1.32,0.2,20.1,20.1,3,60
28601570030,佐野仁井岩屋線,仁井黒谷線,富島久留麻線,28226,0,0.6,,466,,491,957,1.17,0.82,25.2,31.9,5.5,40
28601570040,佐野仁井岩屋線,富島久留麻線,野島浦線,28226,0,2.4,,466,,491,957,1.17,0.2,36.1,41.5,6,40
28601570050,佐野仁井岩屋線,野島浦線,,28226,0,7.6,,466,,491,957,1.17,0.16,47.2,47.2,12,40
28601570060,佐野仁井岩屋線,,一般国道２８号（岩屋改良）,28226,0,1.8,淡路市岩屋,1649,淡路市岩屋,1798,3447,1.17,0.13,47,39.3,25,40
28601590010,津居山港線,,豊岡瀬戸線,28209,0,0.5,,2059,,1824,3883,1.25,1.97,16.7,8.8,5,30
28601600010,奥野但馬三江停車場線,永留豊岡線,一般国道３１２号,28209,0,4.4,,324,,360,684,1.18,0.11,35.9,35.9,6.5,30
28601600030,奥野但馬三江停車場線,一般国道３１２号,下宮六地蔵線,28209,0,0.7,,324,,360,684,1.18,0.32,24.7,47.9,6,30
28601610010,市場佐用線,市場佐用線,下庄佐用線,28501,0,2.6,佐用郡佐用町淀,107,佐用郡佐用町淀,105,212,1.21,0.2,36.3,41.8,5,40
28601610020,市場佐用線,下庄佐用線,下庄佐用線,28501,0,0.3,佐用郡佐用町淀,107,佐用郡佐用町淀,105,212,1.21,0.03,50.6,47.3,10,40
28601610030,市場佐用線,下庄佐用線,一般国道３７３号,28501,0,2.5,佐用郡佐用町淀,107,佐用郡佐用町淀,105,212,1.21,0.2,37.3,42.9,5,40
28601620010,江原停車場線,,一般国道４８２号,28209,0,0.1,,1604,,1834,3438,1.25,0.39,14.5,7.2,18,50
28601630010,柴山停車場線,,香美久美浜線,28585,0,0.4,,241,,257,498,1.18,2.37,4.2,4.2,4,40
28601640010,香住港線,,香美久美浜線,28585,0,1,,467,,435,902,1.17,0.1,13,13,7,40
28601650010,香住停車場線,,香住村岡線,28585,0,0.4,,3587,,3515,7102,1.27,0.57,12.6,20.7,9.5,40
28601660010,鎧停車場線,,香住村岡線,28585,0,1.3,,241,,257,498,1.18,0.24,23.5,18.2,6,40
28601670010,浜坂停車場線,浜坂港浜坂停車場線,旭町福富線,28586,0,0.8,,3076,,3820,6896,1.26,0.61,12.2,13.3,7,40
28301780210,浜坂停車場線,旭町福富線,一般国道１７８号,28586,0,0.3,,2879,,3017,5896,1.26,0.57,23.1,19.9,10,40
28601680010,諸寄停車場線,,岸田諸寄線,28586,0,0.5,,2059,,1824,3883,1.25,7.9,32,7.4,4,40
28601680020,諸寄停車場線,岸田諸寄線,一般国道１７８号,28586,0,0.1,,2059,,1824,3883,1.25,0.3,32.9,17.8,10,40
28601690010,八鹿停車場線,,,28222,0,1,,1856,,2695,4551,1.25,0.52,37.4,21.1,14.5,40
28601690020,八鹿停車場線,,日影養父線,28222,0,0.6,,1856,,2695,4551,1.25,0.33,,29.1,6,40
28601690030,八鹿停車場線,日影養父線,養父宍粟線,28222,0,0.7,,1856,,2695,4551,1.25,0.61,20.3,15.7,7.5,40
28601700010,丹波竹田停車場線,,岩崎市島線,28223,0,0.3,,946,,1035,1981,1.22,0.27,15,19.6,6.5,40
28601700020,丹波竹田停車場線,岩崎市島線,一般国道１７５号,28223,0,0.3,,946,,1035,1981,1.22,0.22,26.4,21.7,11.5,40
28601710010,黒井停車場線,,賀茂春日線,28223,0,0.4,,2093,,2127,4220,1.25,0.61,20.3,21.6,11,40
28601710020,黒井停車場線,賀茂春日線,一般国道１７５号,28223,0,0.6,,2093,,2127,4220,1.25,0.52,43.5,30.7,7.5,40
28601720010,石生停車場線,,一般国道１７５号,28223,0,0.1,,2059,,1824,3883,1.25,0.79,7.4,3.1,6,40
28601740010,本黒田停車場線,,黒田庄多井田線,28213,0,0.1,,206,,211,417,1.21,1.84,7.2,8.1,4.5,50
28601740020,本黒田停車場線,黒田庄多井田線,黒田庄多井田線,28213,0,0.8,,206,,211,417,1.21,0.06,32,33.4,10,50
28601740030,本黒田停車場線,黒田庄多井田線,一般国道１７５号,28213,0,0.4,,206,,211,417,1.21,0.07,13.9,20.6,9.5,50
28601790010,丹波大山停車場線,,一般国道１７６号,28221,0,0.3,,2059,,1824,3883,1.25,1.44,11.2,10.6,5.25,40
28601800010,篠山口停車場線,,大沢新東吹線,28221,0,0.1,丹波篠山市大沢新,650,丹波篠山市大沢新,616,1266,1.18,0.15,3.3,8.7,20,40
28601810010,古市停車場線,,一般国道３７２号,28221,0,0.4,,2059,,1824,3883,1.25,7.9,57.9,38.2,4,30
28601820010,相野停車場線,,福住三田線,28219,0,0.1,,939,,1025,1964,1.22,0.27,4.5,5.9,16,40
28601830010,広野停車場線,,三田西インター線,28219,0,0.1,,939,,1025,1964,1.22,7.67,7.9,5.4,4.1,40
28601850010,絹延橋停車場線,,絹延橋停車場線,28217,0,0.1,,548,,607,1155,1.18,3.35,10.6,3.2,3.5,60
28601860010,花屋敷停車場線,,一般国道１７６号,28217,0,0.2,,548,,607,1155,1.18,0.48,8.7,6.3,5.5,40
28601870010,雲雀丘停車場線,,宝塚市・川西市境,28214,0,0.4,,548,,607,1155,1.18,0.84,13.9,6.2,6,30
28601870020,雲雀丘停車場線,宝塚市・川西市境,一般国道１７６号,28217,0,0,,548,,607,1155,1.18,0.84,15.3,6.4,6,30
28601880010,宝塚停車場線,,生瀬門戸荘線,28214,0,0.3,,2318,,2182,4500,1.25,0.48,9.4,5.7,14,40
28601890010,阪急伊丹停車場線,,尼崎池田線,28207,0,0.3,,2318,,2182,4500,1.25,0.44,10.7,8.2,21,40
28601900010,塚口停車場線,,尼崎池田線,28202,0,0.2,,2318,,2182,4500,1.25,0.36,16,10,10.5,40
28601910010,尼崎停車場西川線,尼崎停車場線,,28202,0,0.5,尼崎市西川１丁目,10161,尼崎市西川１丁目,12184,22345,1.33,1.72,29.5,23.4,14.2,40
28601910020,尼崎停車場西川線,,,28202,0,0.1,尼崎市西川１丁目,10161,尼崎市西川１丁目,12184,22345,1.33,0.89,13.9,20.8,24.5,40
28601910030,尼崎停車場西川線,,大阪伊丹線,28202,0,0.6,尼崎市西川１丁目,10161,尼崎市西川１丁目,12184,22345,1.33,3.57,,8.6,8.1,40
28601920010,尼崎港崇徳院線,高速湾岸線,甲子園尼崎線,28202,0,1.3,尼崎市大浜町１丁目,8765,尼崎市大浜町１丁目,8872,17637,1.28,1.04,22.5,23.8,30,40
28601920020,尼崎港崇徳院線,甲子園尼崎線,一般国道４３号,28202,0,0.6,尼崎市元浜町２丁目,7482,尼崎市元浜町２丁目,6718,14200,1.27,0.63,15.4,4.6,33,40
28601920030,尼崎港崇徳院線,一般国道４３号,一般国道２号,28202,0,1.5,尼崎市大庄西町４丁目,7524,尼崎市大庄西町４丁目,7933,15457,1.3,0.61,14.4,17.3,19,50
28601930010,西宮港線,,一般国道４３号,28204,0,0.5,西宮市馬場町,4444,西宮市馬場町,4537,8981,1.27,0.63,12.9,14.6,19.9,40
28601930020,西宮港線,一般国道４３号,一般国道２号,28204,0,0.6,西宮市馬場町,4444,西宮市馬場町,4537,8981,1.27,0.68,8.5,7.7,22,40
28601950010,岡場停車場線,,神戸三田線,28109,0,0.1,,867,,839,1706,1.21,5.34,12.8,7.9,4.2,40
28601960010,五社停車場線,,神戸三田線,28109,0,0.2,,1683,,1657,3340,1.25,1.59,8.4,7,5.7,40
28601970010,鈴蘭台停車場線,一般国道４２８号,,28109,0,2.6,神戸市北区山田町小部,4264,神戸市北区山田町小部,4245,8509,1.27,0.65,15.1,23.9,10.3,30
28601980010,東灘停車場線,,一般国道２号,28102,0,0.4,,1665,,1639,3304,1.25,0.52,19.1,13.7,17.8,40
28601990010,須磨停車場線,,一般国道２号,28107,0,0.1,,4712,,4450,9162,1.27,0.64,6.6,2.9,18,30
28602000010,垂水停車場線,,一般国道２号,28108,0,0.1,,4712,,4450,9162,1.27,0.82,4.2,3,7.5,30
28602010010,明石港線,,明石高砂線,28203,0,0.5,,259,,327,586,1.17,0.08,11.4,15,10.5,40
28602020010,林崎港線,,明石高砂線,28203,0,0.4,,259,,327,586,1.17,0.1,20.8,16.1,6.7,40
28602030010,滝野停車場線,,西脇三田線,28228,0,0.2,,939,,1025,1964,1.22,0.27,10.8,19.7,15,40
28602040010,社町停車場線,,,28228,0,0.2,,939,,1025,1964,1.22,0.29,9.6,4.7,10.3,40
28303720260,社町停車場線,（元）一般国道３７２号,（元）一般国道３７２号,28228,0,0.3,,4493,,4497,8990,1.27,0.79,33.6,18.3,7,40
28602040020,社町停車場線,（元）一般国道３７２号,一般国道３７２号,28228,0,0.1,,939,,1025,1964,1.22,0.27,16.3,10.9,10.8,40
28602050010,小野町停車場線,,小野香寺線,28218,0,0.3,,2059,,1824,3883,1.25,1.97,17.9,5.6,5,40
28602060010,法華山線,一乗寺法華口線,一般国道３７２号,28220,0,2.8,加西市坂本町,92,加西市坂本町,87,179,1.22,0.09,33.6,22,6.5,30
28602070010,厄神停車場線,,加古川小野線,28210,0,0.5,,2704,,2114,4818,1.25,6.1,10.2,10.8,5,40
28602080010,二見港土山線,,明石高砂線,28203,0,0.5,明石市二見町西二見,10328,明石市二見町西二見,9662,19990,1.32,0.43,31.7,19.6,21,50
28602080020,二見港土山線,明石高砂線,一般国道２５０号,28203,0,1,明石市二見町西二見,10328,明石市二見町西二見,9662,19990,1.32,0.77,11.8,21.6,22,50
28602080030,二見港土山線,一般国道２５０号,一般国道２号,28203,0,1.5,明石市二見町西二見,12903,明石市二見町西二見,12718,25621,1.34,1.14,23.4,18.4,22,50
28602090010,鶴林寺線,別府港加古川停車場線,一般国道２５０号,28210,0,0,加古川市尾上町長田,2036,加古川市尾上町長田,2103,4139,1.25,0.32,17.8,8.3,15.4,30
28602090020,鶴林寺線,一般国道２５０号,明石高砂線,28210,0,1.3,加古川市尾上町長田,2036,加古川市尾上町長田,2103,4139,1.25,1,15.1,19,7.3,30
28602100010,高砂港線,,明石高砂線,28216,0,1.8,,382,,457,839,1.17,0.1,21.8,12.6,10,40
28602120010,曽根停車場線,,一般国道２号,28216,0,0.2,,259,,327,586,1.17,0.1,9.5,25.8,8.8,40
28602130010,長谷停車場線,,一宮生野線,28446,0,0.3,,2080,,1840,3920,1.25,0.8,35,4.6,6,40
28602140010,鶴居停車場線,,長谷市川線,28442,0,0.1,,946,,1035,1981,1.22,0.77,17.9,2.9,6,40
28602140020,鶴居停車場線,長谷市川線,一般国道３１２号,28442,0,1.1,,946,,1035,1981,1.22,0.81,26.7,34.2,6,40
28602150010,甘地停車場線,,甘地福崎線,28442,0,0.1,,946,,1035,1981,1.22,0.28,7.2,8.9,14.6,40
28602150020,甘地停車場線,甘地福崎線,長谷市川線,28442,0,0.2,,946,,1035,1981,1.22,7.73,21.1,21.4,6.5,40
28602150030,甘地停車場線,長谷市川線,一般国道３１２号,28442,0,0.4,,946,,1035,1981,1.22,0.27,22.4,14,10,40
28602160010,仁豊野停車場線,,一般国道３１２号,28201,0,0.1,,2059,,1824,3883,1.25,7.9,9.6,3.5,3.5,60
28602180010,西田原姫路線,三木宍粟線,福崎町・姫路市境,28443,0,2.2,,1772,,1641,3413,1.25,14.07,27.9,29,8,40
28602180020,西田原姫路線,福崎町・姫路市境,中寺北条線,28201,0,0.7,,1772,,1641,3413,1.25,3.64,38.2,32.7,5,40
28602180030,西田原姫路線,中寺北条線,小野香寺線,28201,0,2,,1772,,1641,3413,1.25,3.47,39.8,35.2,6,40
28602180040,西田原姫路線,小野香寺線,豊富北条線,28201,0,1.6,,1772,,1641,3413,1.25,3.49,39.1,42.4,6,40
28602180050,西田原姫路線,豊富北条線,大柳仁豊野線,28201,0,2.6,,1772,,1641,3413,1.25,0.5,30.9,30.7,6.5,40
28602180060,西田原姫路線,大柳仁豊野線,,28201,0,0.9,,1772,,1641,3413,1.25,0.48,25.5,18.8,6.5,40
28602180070,西田原姫路線,,一般国道３１２号,28201,0,0.3,姫路市豊富町御蔭,7560,姫路市豊富町御蔭,8513,16073,1.27,1.62,12.9,19.8,10,40
28602180080,西田原姫路線,一般国道３１２号,一般国道３１２号,28201,0,1.6,姫路市豊富町御蔭,7560,姫路市豊富町御蔭,8513,16073,1.27,1.37,21.1,14.8,10.5,40
28602180100,西田原姫路線,一般国道３１２号,一般国道３１２号,28201,0,0.4,,548,,607,1155,1.18,3.35,11.9,21,4,40
28602180110,西田原姫路線,一般国道３１２号,一般国道３１２号,28201,0,0.5,,548,,607,1155,1.18,3.72,29.9,36.5,4,40
28602190010,姫路停車場線,,中島姫路停車場線,28201,0,0.4,姫路市南駅前町,8519,姫路市南駅前町,6449,14968,1.31,0.68,11.2,9.2,20,40
28602190040,姫路停車場線,中島姫路停車場線,白浜姫路停車場線,28201,0,0.2,姫路市北条,9119,姫路市北条,9602,18721,1.31,0.6,18.6,18.6,18,40
28602190020,姫路停車場線,白浜姫路停車場線,一般国道２号,28201,0,1,姫路市北条口,16260,,,16260,1.32,0.32,16.6,,30,40
28602200010,余部停車場線,,姫路新宮線,28201,0,0.1,,2318,,2182,4500,1.25,0.47,4.1,3.1,9,40
28602220010,網干港線,,一般国道２５０号,28201,0,1.7,姫路市網干区新在家,3014,姫路市網干区新在家,2834,5848,1.26,4.47,20.4,14.6,6,40
28602230010,播磨新宮停車場線,,一般国道１７９号,28229,0,0.1,,939,,1025,1964,1.22,0.29,9.2,3.8,11,40
28602250010,播磨徳久停車場線,,佐用町道,28501,0,0.1,,939,,1025,1964,1.22,0.27,21.1,14.5,7.5,40
28602260010,三日月停車場線,,一般国道１７９号,28501,0,0,,,,,,,,3,3,7,40
28602270010,坂越停車場線,,,28212,0,0.3,,939,,1025,1964,1.22,0.27,8.8,6.8,15.5,40
28602290010,赤穂港線,,一般国道２５０号,28212,0,2.3,,1602,,1541,3143,1.25,0.27,28.5,23.7,13,40
28602300010,江井港線,,福良江井岩屋線,28226,0,0.6,,2059,,1824,3883,1.25,7.9,29.1,20.8,3.5,60
28602310010,都志港線,,福良江井岩屋線,28205,0,0.7,,2059,,1824,3883,1.25,1.97,14.4,14.4,5,30
28602320010,西明石停車場線,,一般国道２号,28203,0,0.1,,5285,,4750,10035,1.28,0.88,8.9,5.6,20,40
28602340010,湊港線,,阿万福良湊線,28224,0,0.5,,2060,,1824,3884,1.25,0.68,,27.8,3.5,60
28602350010,阿万港線,,洲本灘賀集線,28224,0,1,,5106,,5124,10230,1.28,1.24,23.7,22.2,6.5,40
28602360010,上郡停車場線,,赤穂佐伯線,28481,0,0.2,,939,,1025,1964,1.22,0.36,6.1,8.8,10.5,40
28602360020,上郡停車場線,赤穂佐伯線,西新宿上郡線,28481,0,0.5,,939,,1025,1964,1.22,0.32,23.5,22.2,10,40
28602360030,上郡停車場線,西新宿上郡線,一般国道３７３号,28481,0,0.2,,939,,1025,1964,1.22,0.34,17.6,16.7,17,40
28602370010,鳴門観潮線,,阿万福良湊線,28224,0,1.5,,2804,,3056,5860,1.26,0.64,36.5,26.1,11.5,40
28602390010,下宮六地蔵線,奥野但馬三江停車場線,戸島玄武洞豊岡線,28209,0,0.8,豊岡市六地蔵,1786,豊岡市六地蔵,1613,3399,1.25,1.9,31.3,29.7,5.25,40
28602400010,下庄佐用線,下庄佐用線,市場佐用線,28501,0,4.6,,238,,252,490,1.22,2.48,39.1,40.9,4.5,60
28602400030,下庄佐用線,市場佐用線,才金宗行線,28501,0,2.3,佐用郡佐用町長尾,803,佐用郡佐用町長尾,802,1605,1.25,0.25,43.7,46.1,11.5,40
28602400040,下庄佐用線,才金宗行線,一般国道１７９号,28501,0,3.8,佐用郡佐用町長尾,803,佐用郡佐用町長尾,802,1605,1.25,0.23,44,36.5,10,40
28602420010,辻福田線,日高竹野線,豊岡日高線,28209,0,5.1,豊岡市庄,935,豊岡市庄,902,1837,1.22,0.23,51.2,47,9.5,40
28602420020,辻福田線,豊岡日高線,一般国道１７８号,28209,0,1.2,豊岡市庄,935,豊岡市庄,902,1837,1.22,0.21,35.5,23.7,7.5,40
28602470010,口小野矢根線,町分久美浜線,口小野矢根線,28209,0,0.9,,276,,232,508,1.22,0.07,48.4,50,10.5,40
28602470030,口小野矢根線,口小野矢根線,,28209,0,2.6,,,,,,,,54.4,52.6,0.75,40
28602470050,口小野矢根線,,一般国道４２６号,28209,0,3.7,,276,,232,508,1.22,0.07,56,47.9,10.5,50
28602480010,香住大谷線,口小野庄境線,口小野庄境線,28209,0,2.4,豊岡市長谷,1463,豊岡市長谷,1380,2843,1.25,0.38,28.8,28.8,9,40
28602480020,香住大谷線,口小野庄境線,口小野庄境線,28209,0,0.6,豊岡市長谷,1463,豊岡市長谷,1380,2843,1.25,0.36,44.8,45.5,10,40
28602480030,香住大谷線,口小野庄境線,一般国道４２６号,28209,0,0.8,豊岡市長谷,1463,豊岡市長谷,1380,2843,1.25,0.36,46,34.9,10,40
28602480040,香住大谷線,一般国道４２６号,一般国道４８２号,28209,0,1.1,豊岡市長谷,1463,豊岡市長谷,1380,2843,1.25,0.38,42.1,47.6,7,40
28602490010,府市場伏線,一般国道３１２号,一般国道４８２号,28209,0,0.5,,552,,501,1053,1.17,1.28,31.1,33.9,4.5,40
28602490030,府市場伏線,一般国道４８２号,一般国道４２６号,28209,0,3.4,,1841,,1788,3629,1.25,0.37,37.6,41.2,9.5,40
28602500010,藤井上石線,日高竹野線,一般国道３１２号,28209,0,1.9,豊岡市日高町竹貫,617,豊岡市日高町竹貫,780,1397,1.22,0.22,36.8,33.1,7,40
28602510010,赤花薬王寺線,加悦但東線,山東大江線,28209,0,8.3,豊岡市但東町奥赤,40,豊岡市但東町奥赤,27,67,1.32,0.01,24.8,24.8,7.5,40
28602520010,佐々木小谷線,天谷佐田線,一般国道４２６号,28209,0,5.1,豊岡市但東町佐々木,66,豊岡市但東町佐々木,63,129,1.32,0.02,39.1,39.8,7,40
28602530005,寺坂柳線,一般国道４２６号,,28209,0,4.1,,241,,257,498,1.18,0.59,31.5,31.5,4,40
28602530040,寺坂柳線,,宮津養父線,28209,0,1,,241,,257,498,1.18,0.07,16.8,17.3,11,40
28602550010,上村養父停車場線,朝来出石線,,28209,0,0,,,,,,,,39,43.4,6,40
28602550030,上村養父停車場線,,豊岡市・養父市境,28209,0,2.8,,,,,,,,25.8,35.3,1,40
28602550040,上村養父停車場線,豊岡市・養父市境,上村養父停車場線,28222,0,1.2,,,,,,,,,,1.5,40
28602550060,上村養父停車場線,上村養父停車場線,物部藪崎線,28222,0,4.2,養父市口米地,310,養父市口米地,336,646,1.17,0.09,36.7,32.4,9.5,40
28602550070,上村養父停車場線,物部藪崎線,朝倉養父停車場線,28222,0,1.9,養父市口米地,310,養父市口米地,336,646,1.17,0.24,31.6,29.1,7.5,40
28602560010,三川下岡線,,一般国道１７８号,28585,0,10.7,美方郡香美町香住区下岡,224,美方郡香美町香住区下岡,245,469,1.13,0.67,46.1,46.1,5,30
28602570010,山田新温泉線,,香美町・新温泉町境,28585,0,3,,,,,,,,,,1.6,30
28602570020,山田新温泉線,香美町・新温泉町境,,28586,0,1.2,,,,,,,,,,1.5,30
28602570040,山田新温泉線,,久斗山今岡線,28586,0,2.5,美方郡新温泉町対田,459,美方郡新温泉町対田,433,892,1.12,1.09,43.5,43.5,5,40
28602570045,山田新温泉線,久斗山今岡線,一般国道１７８号,28586,0,8.9,美方郡新温泉町対田,459,美方郡新温泉町対田,433,892,1.12,0.43,41.3,32.9,6,40
28602570050,山田新温泉線,一般国道１７８号,二日市久斗線,28586,0,0.3,美方郡新温泉町対田,459,美方郡新温泉町対田,433,892,1.12,0.52,39.7,22.1,6,40
28301780170,山田新温泉線,二日市久斗線,赤崎久谷停車場線,28586,0,0.2,,2327,,2365,4692,1.18,0.35,34.7,27.5,11.5,50
28602580010,山田日高線,香住村岡線,,28585,0,6.1,美方郡香美町村岡区山田,86,美方郡香美町村岡区山田,84,170,1.13,0.25,20.4,20.4,5,50
28602580030,山田日高線,,香美町・豊岡市境,28585,0,1.3,,,,,,,,,,1,40
28602580040,山田日高線,香美町・豊岡市境,,28209,0,2.5,,,,,,,,,,1,40
28602580060,山田日高線,,一般国道４８２号,28209,0,2.3,,276,,232,508,1.22,0.07,13.4,13.4,7,50
28602590010,耀山日高線,一般国道９号,,28585,0,2.5,,241,,257,498,1.18,2.37,14,18.1,4,40
28602590030,耀山日高線,,香美町・豊岡市境,28585,0,1.3,,330,,365,695,1.18,4.36,34.9,34.9,1,40
28602590040,耀山日高線,香美町・豊岡市境,,28209,0,4.2,,330,,365,695,1.18,4.36,34.9,34.9,1,40
28602590060,耀山日高線,,十戸養父線,28209,0,5.8,豊岡市日高町殿,369,豊岡市日高町殿,339,708,1.18,0.09,34.9,34.9,7,40
28602590070,耀山日高線,十戸養父線,十戸養父線,28209,0,0.7,豊岡市日高町伊府,1303,豊岡市日高町伊府,1293,2596,1.25,0.33,42.5,41.7,7,40
28602590080,耀山日高線,十戸養父線,一般国道４８２号,28209,0,1,豊岡市日高町伊府,1303,豊岡市日高町伊府,1293,2596,1.25,1.5,43,35.4,5.5,40
28602600010,三尾浜坂線,,赤崎久谷停車場線,28586,0,2.6,美方郡新温泉町清富,288,美方郡新温泉町清富,327,615,1.18,0.28,22.6,25,6,40
28602600020,三尾浜坂線,赤崎久谷停車場線,竹田指杭線,28586,0,4.6,美方郡新温泉町清富,288,美方郡新温泉町清富,327,615,1.18,0.28,33.9,35.5,6,40
28602600030,三尾浜坂線,竹田指杭線,浜坂港浜坂停車場線,28586,0,1.8,美方郡新温泉町浜坂,943,美方郡新温泉町浜坂,984,1927,1.18,0.23,39,40.8,6.5,50
28602610010,赤崎久谷停車場線,三尾浜坂線,山田新温泉線,28586,0,2.2,,243,,260,503,1.22,0.58,46.2,47.6,5,40
28301780160,赤崎久谷停車場線,山田新温泉線,町道久谷桃観線,28586,0,1.9,,2327,,2365,4692,1.18,0.33,66.8,50,8,50
28602610030,赤崎久谷停車場線,町道久谷桃観線,,28586,0,0.4,,243,,260,503,1.22,2.31,21.5,20.6,3.5,60
28602620010,岸田諸寄線,若桜湯村温泉線,一般国道９号,28586,0,3.7,美方郡新温泉町千谷,492,美方郡新温泉町千谷,539,1031,1.18,0.15,43.7,45.5,7,40
28602620030,岸田諸寄線,一般国道９号,竹田指杭線,28586,0,3.8,,,,,,,,,,1.6,30
28602620050,岸田諸寄線,竹田指杭線,岸田諸寄線,28586,0,1.8,,,,,,,,,,1,30
28602620070,岸田諸寄線,岸田諸寄線,諸寄停車場線,28586,0,5.3,,241,,257,498,1.18,0.34,17.5,17.5,5.5,30
28602630010,竹田指杭線,岸田諸寄線,,28586,0,2.9,,,,,,,,,,1,50
28602630014,竹田指杭線,,浜坂井土線,28586,0,2.4,,,,,,,,55.5,55.5,5.2,50
28602630040,竹田指杭線,一般国道１７８号,二日市久斗線,28586,0,0.9,,2199,,2245,4444,1.25,0.42,24.4,35.8,8.75,50
28301780190,竹田指杭線,二日市久斗線,旭町福富線,28586,0,0.9,美方郡新温泉町二日市,2192,美方郡新温泉町二日市,2163,4355,1.27,0.49,39.3,39,7,50
28602630060,竹田指杭線,旭町福富線,三尾浜坂線,28586,0,0.5,,1435,,1419,2854,1.25,0.33,51.9,52.8,6.5,50
28602650010,丸味竹田線,湯谷和田線,香美町・新温泉町境,28585,0,5.2,美方郡新温泉町多子,284,美方郡新温泉町多子,286,570,1.2,0.08,30.7,30.7,7,40
28602650020,丸味竹田線,香美町・新温泉町境,若桜湯村温泉線,28586,0,4.3,美方郡新温泉町多子,284,美方郡新温泉町多子,286,570,1.2,0.08,35,35,7,40
28602650030,丸味竹田線,若桜湯村温泉線,一般国道９号,28586,0,5.5,美方郡新温泉町多子,284,美方郡新温泉町多子,286,570,1.2,0.08,36,35.3,7,40
28602660010,川会入江線,香住村岡線,一般国道９号,28585,0,1.2,,1609,,1762,3371,1.25,0.54,45.5,26.9,9.25,40
28602670010,日影養父線,一般国道９号,,28585,0,4.3,,306,,336,642,1.18,2.68,38.6,38.6,4.5,40
28602670030,日影養父線,,香美町・養父市境,28585,0,1.8,,,,,,,,,,1,40
28602670040,日影養父線,香美町・養父市境,,28222,0,4.1,,,,,,,,,,3,40
28602670060,日影養父線,,,28222,0,3.3,養父市八鹿町石原,17,養父市八鹿町石原,16,33,1.18,0.03,36.7,36.7,5,40
28602670070,日影養父線,,十戸養父線,28222,0,2.6,養父市八鹿町石原,17,養父市八鹿町石原,16,33,1.18,0,39.8,45.6,11,40
28602670080,日影養父線,十戸養父線,,28222,0,0.5,養父市八鹿町石原,17,養父市八鹿町石原,16,33,1.18,0,51.9,51.9,7,40
28602670090,日影養父線,,八鹿停車場線,28222,0,2.8,養父市八鹿町石原,17,養父市八鹿町石原,16,33,1.18,0,34,36,7,40
28602680010,十戸養父線,一般国道４８２号,耀山日高線,28209,0,1.8,豊岡市日高町荒川,551,豊岡市日高町荒川,638,1189,1.18,0.15,37,42.6,7,40
28602680030,十戸養父線,耀山日高線,豊岡市・養父市境,28209,0,3.8,豊岡市日高町知見,901,豊岡市日高町知見,840,1741,1.17,0.22,53.6,54,7,40
28602680040,十戸養父線,豊岡市・養父市境,日影養父線,28222,0,1.3,養父市八鹿町九鹿,741,養父市八鹿町九鹿,801,1542,1.2,0.21,57.1,57.9,8,40
28602690010,福岡出合線,一般国道９号,香美町・養父市境,28585,0,3.7,養父市葛畑,134,養父市葛畑,137,271,1.17,0.47,37.6,40.9,5,40
28602690020,福岡出合線,香美町・養父市境,,28222,0,1.3,養父市葛畑,134,養父市葛畑,137,271,1.17,0.19,46.5,43.3,6.5,40
28602690040,福岡出合線,,関宮小代線,28222,0,3.7,養父市葛畑,134,養父市葛畑,137,271,1.17,0.04,37.3,43.6,10.5,40
28602710010,朝倉養父停車場線,一般国道９号,,28222,0,1.4,,74,,82,156,1.13,0.84,25.4,25.4,3,30
28602710030,朝倉養父停車場線,,,28222,0,0.5,,,,,,,,,,2.7,30
28602710050,朝倉養父停車場線,,養父宍粟線,28222,0,0.9,,2080,,1840,3920,1.25,0.34,14.4,17.5,7.5,30
28602710060,朝倉養父停車場線,養父宍粟線,一般国道９号,28222,0,1.4,,2080,,1840,3920,1.25,0.8,36.5,35.6,8,30
28602710080,朝倉養父停車場線,一般国道９号,上村養父停車場線,28222,0,0.7,,368,,366,734,1.18,0.29,21.8,23.2,5.5,30
28602720010,宮垣八木線,養父宍粟線,一般国道９号,28222,0,2.4,,1595,,1645,3240,1.25,0.36,54.5,56.2,10.5,50
28602730010,金浦和田山線,山東大江線,岡田林垣線,28225,0,5.3,朝来市和田山町東和田,1042,朝来市和田山町東和田,1174,2216,1.22,0.27,48,46.6,11.5,40
28602730020,金浦和田山線,岡田林垣線,物部藪崎線,28225,0,1.5,朝来市和田山町柳原,1678,朝来市和田山町柳原,1760,3438,1.25,0.51,41.4,40.7,13,40
28602730030,金浦和田山線,物部藪崎線,物部藪崎線,28225,0,0.3,朝来市和田山町柳原,1678,朝来市和田山町柳原,1760,3438,1.25,0.64,17.1,12.9,12,40
28602730050,金浦和田山線,物部藪崎線,一般国道９号,28225,0,0.3,朝来市和田山町柳原,1678,朝来市和田山町柳原,1760,3438,1.25,0.37,13.1,17.2,12.4,40
28602740010,岡田林垣線,金浦和田山線,朝来出石線,28225,0,2.4,朝来市和田山町弥生が丘,1194,朝来市和田山町弥生が丘,1215,2409,1.25,0.27,41.6,34.9,13.5,50
28602750010,栗鹿早田線,,一般国道４２７号,28225,0,1.1,,368,,366,734,1.18,0.73,26.2,18.5,5,30
28602760010,檜倉山東線,一般国道４２７号,,28223,0,4.1,丹波市青垣町文室,291,丹波市青垣町文室,246,537,1.32,0.21,27.4,25.5,6,40
28602760030,檜倉山東線,,丹波市・朝来市境,28223,0,2.2,,,,,,,,48.7,48.7,1.5,40
28602760040,檜倉山東線,丹波市・朝来市境,,28225,0,1,,,,,,,,48.7,48.7,1.2,40
28602760060,檜倉山東線,与布土桑市線,,28225,0,3.4,,,,,,,,,,5,30
28602760070,檜倉山東線,,檜倉山東線,28225,0,1.6,,,,,,,,34.7,34.7,5,30
28602770005,檜倉山東線,檜倉山東線,溝黒竹田線,28225,0,0.3,朝来市山東町溝黒,1249,朝来市山東町溝黒,1320,2569,1.22,0.25,4.1,10.3,12.5,40
28602760090,檜倉山東線,溝黒竹田線,檜倉山東線,28225,0,1.1,朝来市山東町大月,1596,朝来市山東町大月,1805,3401,1.13,0.34,44.1,52.9,12.5,40
28602760080,檜倉山東線,檜倉山東線,浅野山東線,28225,0,1.4,朝来市山東町大月,1596,朝来市山東町大月,1805,3401,1.13,0.39,53.2,54.7,9.2,40
28602770010,溝黒竹田線,新立雲峡,一般国道３１２号,28225,0,0.9,,1076,,1071,2147,1.22,0.33,41.7,30.4,11,40
28602770020,溝黒竹田線,一般国道３１２号,物部藪崎線,28225,0,0.3,,1076,,1071,2147,1.22,0.31,12.6,18.7,11,40
28602770009,溝黒竹田線,檜倉山東線,新立雲峡,28225,0,2.8,,1076,,1071,2147,1.22,0.32,48,47.1,11,40
28602790010,森大屋線,十二所澤線,,28222,0,1.9,,243,,260,503,1.22,0.23,38,35.3,6.5,40
28602790030,森大屋線,,森大屋線,28222,0,1,,,,,,,,,,1.2,40
28602790050,森大屋線,森大屋線,養父宍粟線,28222,0,4,,306,,336,642,1.18,0.38,50.9,50.9,5.5,40
28602820010,沼市島線,青垣柏原線,沼市島線,28223,0,2.2,,1562,,1709,3271,1.25,0.57,34.9,34.9,6.5,40
28602820030,沼市島線,沼市島線,沼市島線,28223,0,2.4,,,,,,,,,,1.5,40
28602820050,沼市島線,沼市島線,一般国道１７５号,28223,0,5.4,丹波市市島町上竹田,552,丹波市市島町上竹田,552,1104,1.19,0.19,48,48,9,30
28602830010,絹山市島線,青垣柏原線,,28223,0,2.3,,946,,1035,1981,1.22,0.25,28.7,24.4,7,30
28602830030,絹山市島線,,絹山市島線,28223,0,2.1,,,,,,,,,,1.5,30
28602830050,絹山市島線,絹山市島線,一般国道１７５号,28223,0,3.7,,1044,,1059,2103,1.22,0.27,38.5,41.1,9.5,30
28602840010,多利多田線,追入市島線,一般国道１７５号,28223,0,0.3,,1044,,1059,2103,1.22,0.35,18.9,15,9.5,40
28602850010,賀茂春日線,福知山山南線,青垣柏原線,28223,0,0.8,,327,,327,654,1.18,0.09,32.1,28.3,6.5,40
28602850020,賀茂春日線,青垣柏原線,黒井停車場線,28223,0,7.1,,327,,327,654,1.18,0.09,31,30.6,6,40
28602890010,東中下板井線,春日栗柄線,,28223,0,1.4,,243,,260,503,1.22,2.31,24.2,24.2,4,30
28602890030,東中下板井線,,丹波市・丹波篠山市境,28223,0,1,,,,,,,,,,1.5,30
28602890040,東中下板井線,丹波市・丹波篠山市境,,28221,0,1.6,,,,,,,,,,1.5,30
28602890060,東中下板井線,,篠山三和線,28221,0,3.8,,299,,329,628,1.18,0.28,35.3,35.3,6,50
28602900010,稲畑柏原線,一般国道１７５号,奥野々氷上線,28223,0,2.4,丹波市柏原町挙田,2132,丹波市柏原町挙田,2537,4669,1.25,0.52,42.9,40.5,6.5,50
28602900020,稲畑柏原線,奥野々氷上線,奥野々氷上線,28223,0,0.2,丹波市柏原町挙田,2132,丹波市柏原町挙田,2537,4669,1.25,0.5,31.3,37.3,8.25,40
28602900030,稲畑柏原線,奥野々氷上線,一般国道１７６号,28223,0,2.4,丹波市柏原町挙田,2132,丹波市柏原町挙田,2537,4669,1.25,0.52,32.9,25.6,8.5,40
28602910010,奥野々氷上線,多可柏原線,奥野々氷上線,28223,0,1.9,,406,,404,810,1.17,0.09,18,15.5,7,40
28602910030,奥野々氷上線,奥野々氷上線,奥野々氷上線,28223,0,1.5,,,,,,,,,,2,40
28602910050,奥野々氷上線,奥野々氷上線,稲畑柏原線,28223,0,1.4,,368,,366,734,1.18,2.91,37.4,37.4,4,30
28602910070,奥野々氷上線,稲畑柏原線,一般国道１７５号,28223,0,2.4,,946,,1035,1981,1.22,0.25,26,26,7.5,40
28602910090,奥野々氷上線,一般国道１７５号,福知山山南線,28223,0,2.6,,1174,,1000,2174,1.22,0.29,34.4,34.1,6.5,40
28602920010,下立杭柏原線,黒石三田線,一般国道３７２号,28221,0,5.7,,1260,,1410,2670,1.24,0.27,48.5,48.2,7,40
28602920020,下立杭柏原線,一般国道３７２号,,28221,0,2.5,,243,,260,503,1.22,0.59,40,40,5,40
28602920040,下立杭柏原線,,,28221,0,1.1,,,,,,,,,,2,40
28602920060,下立杭柏原線,,黒石三田線,28221,0,0.6,,368,,366,734,1.18,2.91,12.4,12.4,3,60
28602920090,下立杭柏原線,丹波篠山市・丹波市境,篠山山南線,28223,0,3.9,,299,,329,628,1.18,0.65,32.2,28.1,5,40
28602920110,下立杭柏原線,篠山山南線,,28223,0,2.2,,368,,366,734,1.18,0.29,39.3,39.3,6,30
28602920130,下立杭柏原線,,,28223,0,1.4,,,,,,,,,,5,30
28602920150,下立杭柏原線,,一般国道１７６号,28223,0,0.8,,368,,366,734,1.18,0.41,17.2,52.2,5.5,30
28602930010,門村山南線,一般国道４２７号,,28365,0,0.8,,206,,211,417,1.21,0.06,13.6,24.4,11,60
28602930030,門村山南線,,多可町・丹波市境,28365,0,1.3,,,,,,,,,,1.2,40
28602930040,門村山南線,多可町・丹波市境,,28223,0,1.3,,,,,,,,,,1,40
28602930060,門村山南線,,多可柏原線,28223,0,2.9,,206,,211,417,1.21,0.06,43.2,43.2,12,40
28602940010,黒田庄多井田線,山南多可線,本黒田停車場線,28213,0,1.6,西脇市黒田庄町前坂,2094,西脇市黒田庄町前坂,2209,4303,1.25,1.98,42,43.1,5.5,40
28602940030,黒田庄多井田線,本黒田停車場線,門柳大門線,28213,0,2.6,西脇市黒田庄町前坂,2094,西脇市黒田庄町前坂,2209,4303,1.25,0.45,46.7,42.6,11.5,40
28602940040,黒田庄多井田線,門柳大門線,黒田庄多井田線,28213,0,1,,1397,,1517,2914,1.25,0.39,46.8,46.3,7.5,40
28602940050,黒田庄多井田線,黒田庄多井田線,西脇篠山線,28213,0,1.4,,1397,,1517,2914,1.25,0.39,50.3,44.8,10,40
28602940070,黒田庄多井田線,西脇篠山線,上鴨川西脇線,28213,0,1.8,西脇市堀町,1805,西脇市堀町,1591,3396,1.25,0.43,41.7,39.7,9,50
28602940080,黒田庄多井田線,上鴨川西脇線,上鴨川西脇線,28213,0,0.8,西脇市堀町,1805,西脇市堀町,1591,3396,1.25,0.4,27.6,35.2,8,40
28602940090,黒田庄多井田線,上鴨川西脇線,一般国道１７５号,28213,0,2,西脇市堀町,1805,西脇市堀町,1591,3396,1.25,0.43,35.7,43.6,7,40
28602940100,黒田庄多井田線,一般国道１７５号,野村野村停車場線,28213,0,0.4,西脇市堀町,1805,西脇市堀町,1591,3396,1.25,0.51,26.8,39.1,6.5,40
28602940110,黒田庄多井田線,野村野村停車場線,西脇八千代市川線,28213,0,0.3,西脇市堀町,1805,西脇市堀町,1591,3396,1.25,0.5,16.1,35,9.7,40
28602940120,黒田庄多井田線,西脇八千代市川線,一般国道１７５号,28213,0,0.2,西脇市堀町,1805,西脇市堀町,1591,3396,1.25,0.45,16.1,35,6.5,40
28602940140,黒田庄多井田線,一般国道１７５号,西脇市・加東市境,28213,0,0.1,西脇市堀町,1805,西脇市堀町,1591,3396,1.25,0.45,30.9,50.5,6.5,40
28602940150,黒田庄多井田線,西脇市・加東市境,市場多井田線,28228,0,1,西脇市堀町,1805,西脇市堀町,1591,3396,1.25,1.29,27.5,32.8,6.25,40
28602940210,黒田庄多井田線,西脇八千代市川線,一般国道１７５号,28213,0,0.2,,1728,,2037,3765,1.25,0.29,20.3,,6.5,40
28602940230,黒田庄多井田線,黒田庄多井田線,,28213,0,0.2,,,,,,,,31.8,39,3.5,60
28602950010,八千代中線,加美八千代線,一般国道４２７号,28365,0,4.5,多可郡多可町中区徳畑,812,多可郡多可町中区徳畑,795,1607,1.21,0.18,50.3,49.7,11.5,60
28602960010,中安田市原線,山南多可線,多可町・西脇市境,28365,0,0.2,,1274,,1532,2806,1.25,0.48,24.5,35.2,6.5,40
28602960020,中安田市原線,多可町・西脇市境,一般国道４２７号,28213,0,2.4,,1274,,1532,2806,1.25,0.34,44.3,34.5,12.25,40
28602970010,津万井西田線,一般国道１７５号,一般国道４２７号,28213,0,2.4,西脇市冨吉南町,3331,西脇市冨吉南町,3419,6750,1.26,0.69,38.9,43.1,10.5,40
28602990010,大沢新東吹線,一般国道１７６号,篠山口停車場線,28221,0,0.4,,1573,,1611,3184,1.25,0.59,17,14,7.5,40
28602990020,大沢新東吹線,篠山口停車場線,大沢新東吹線,28221,0,1.5,,1573,,1611,3184,1.25,0.42,22.7,22.7,7.5,40
28602990030,大沢新東吹線,大沢新東吹線,西脇篠山線,28221,0,1.2,,1573,,1611,3184,1.25,0.42,26.8,28.2,7.5,40
28602990050,大沢新東吹線,舞鶴若狭自動車道,大沢新東吹線,28221,0,1,丹波篠山市東吹,4752,丹波篠山市東吹,4679,9431,1.19,0.72,17,20.3,10,50
28603000010,本郷藤坂線,篠山三和線,本郷東浜谷線,28221,0,1.9,丹波篠山市川阪,348,丹波篠山市川阪,362,710,1.17,0.09,39.9,43.4,7,40
28603000020,本郷藤坂線,本郷東浜谷線,一般国道１７３号,28221,0,7.2,丹波篠山市川阪,348,丹波篠山市川阪,362,710,1.17,0.09,51.9,52.3,9.5,40
28603010010,本郷東浜谷線,本郷藤坂線,瀬利小田中線,28221,0,9.1,丹波篠山市火打岩,130,丹波篠山市火打岩,109,239,1.2,0.23,37.3,31.8,5,50
28603010020,本郷東浜谷線,瀬利小田中線,瀬利八上上線,28221,0,1.6,丹波篠山市火打岩,130,丹波篠山市火打岩,109,239,1.2,0.03,46.1,42.1,7.5,50
28603010030,本郷東浜谷線,瀬利八上上線,丸山南新町線,28221,0,3.3,丹波篠山市火打岩,130,丹波篠山市火打岩,109,239,1.2,0.03,45.6,48.1,10.5,50
28603010040,本郷東浜谷線,丸山南新町線,長安寺西岡屋線,28221,0,1.9,丹波篠山市火打岩,130,丹波篠山市火打岩,109,239,1.2,0.03,22.9,25.8,9.75,50
28603030010,市野々西野々線,篠山京丹波線,市野々西野々線,28221,0,2.8,,369,,339,708,1.18,0.09,33.5,37.1,7,40
28603030030,市野々西野々線,市野々西野々線,,28221,0,1.5,,,,,,,,,,2.5,40
28603030050,市野々西野々線,,市野々西野々線,28221,0,0.4,,,,,,,,,,8,40
28603030070,市野々西野々線,市野々西野々線,一般国道３７２号,28221,0,4.5,,255,,218,473,1.2,0.1,53.8,48.2,7,40
28603040010,泉八上新線,瀬利八上上線,一般国道３７２号,28221,0,0.8,,406,,404,810,1.17,0.11,30.1,32.1,6.5,30
28603050010,瀬利八上上線,本郷東浜谷線,泉八上新線,28221,0,2.9,,738,,672,1410,1.18,0.56,46.8,47.5,6,40
28603050020,瀬利八上上線,泉八上新線,篠山京丹波線,28221,0,1.3,,738,,672,1410,1.18,0.18,46.9,48.4,10.5,40
28603050030,瀬利八上上線,篠山京丹波線,一般国道３７２号,28221,0,0.5,,738,,672,1410,1.18,0.56,25.8,22.7,6,40
28603060010,池上杉線,篠山山南線,三田篠山線,28221,0,0.9,丹波篠山市谷山,4403,丹波篠山市谷山,4726,9129,1.28,0.6,34.6,35.8,9.5,50
28603060020,池上杉線,三田篠山線,大沢新東吹線,28221,0,3,丹波篠山市谷山,4403,丹波篠山市谷山,4726,9129,1.28,0.62,43.3,40.4,10.3,50
28603080010,曽地中三田線,川西篠山線,,28221,0,4.5,,368,,366,734,1.18,0.09,42.3,42.3,8,60
28603080030,曽地中三田線,,丹波篠山市・三田市境,28221,0,0.8,,,,,,,,,,1,40
28603080040,曽地中三田線,丹波篠山市・三田市境,三田篠山線,28219,0,1.3,,,,,,,,,,8,40
28603080060,曽地中三田線,三田篠山線,福住三田線,28219,0,9,三田市母子,148,三田市母子,173,321,1.17,0.05,38.9,36.2,7,40
28603080070,曽地中三田線,福住三田線,福住三田線,28219,0,0.4,,905,,720,1625,1.2,0.27,38.2,42.2,7,40
28603080080,曽地中三田線,福住三田線,一般国道１７６号,28219,0,4.4,,905,,720,1625,1.2,0.28,47.8,49.6,8.8,40
28603090010,福住三田線,一般国道１７３号,福住三田線,28221,0,1.4,,241,,257,498,1.18,0.59,50.4,50.4,5,40
28603090030,福住三田線,福住三田線,福住三田線,28221,0,1.5,,,,,,,,,,2,40
28603090050,福住三田線,福住三田線,篭坊温泉線,28221,0,1.7,,243,,260,503,1.22,0.23,48.6,48.6,6,40
28603090060,福住三田線,篭坊温泉線,川西篠山線,28221,0,3.5,,243,,260,503,1.22,0.18,39.5,39.5,6.5,40
28603090080,福住三田線,三田後川上線,三田篠山線,28219,0,6.2,三田市小野,607,三田市小野,621,1228,1.25,0.2,47.8,50.1,6,40
28603090090,福住三田線,三田篠山線,曽地中三田線,28219,0,3.2,三田市小野,607,三田市小野,621,1228,1.25,0.2,40.8,43.6,6,40
28603090110,福住三田線,曽地中三田線,一般国道１７６号,28219,0,3.5,,1019,,1093,2112,1.22,0.32,41.2,40.4,8.8,40
28603090120,福住三田線,一般国道１７６号,相野停車場線,28219,0,1.7,,1019,,1093,2112,1.22,0.33,28.3,27.2,8.5,40
28603090130,福住三田線,相野停車場線,下相野森線,28219,0,0.1,,1019,,1093,2112,1.22,9.67,19.1,13.5,3.6,40
28603100010,上本庄藍本線,,一般国道１７６号,28219,0,3.9,,190,,196,386,1.22,0.06,40.9,41.2,7,40
28603110010,上鴨川木津線,一般国道３７２号,平木南山線,28228,0,2.9,,1274,,1254,2528,1.22,0.3,48.5,52.7,7.5,40
28603110020,上鴨川木津線,平木南山線,加東市・丹波篠山市境,28228,0,2.3,,1274,,1254,2528,1.22,0.3,50.2,52.9,7.5,40
28603110030,上鴨川木津線,加東市・丹波篠山市境,黒石三田線,28221,0,1.1,,1274,,1254,2528,1.22,0.29,50.7,44.2,7.5,40
28603130010,平木南山線,上鴨川木津線,小野藍本線,28228,0,6.1,加東市黒谷,717,加東市黒谷,728,1445,1.25,0.16,44.4,43.3,10,30
28603130020,平木南山線,小野藍本線,下相野森線,28228,0,0.5,加東市黒谷,717,加東市黒谷,728,1445,1.25,0.19,39.2,41.5,10.5,30
28603130040,平木南山線,下相野森線,広野永福線,28228,0,1.1,加東市永福,1480,加東市永福,1600,3080,1.25,0.46,43,44.1,7.5,50
28603130050,平木南山線,広野永福線,中国自動車道,28228,0,1.8,加東市永福,1480,加東市永福,1600,3080,1.25,0.45,37.3,34.1,10,50
28603140010,大川瀬吉川線,小野藍本線,三田市・加東市境,28219,0,1.3,三木市吉川町前田,3117,三木市吉川町前田,2883,6000,1.22,0.68,52.1,48,7,40
28603140020,大川瀬吉川線,三田市・加東市境,下相野森線,28228,0,0,三木市吉川町前田,3117,三木市吉川町前田,2883,6000,1.22,0.67,42.4,39.4,7,40
28603140030,大川瀬吉川線,下相野森線,下相野森線,28228,0,0,三木市吉川町前田,3117,三木市吉川町前田,2883,6000,1.22,0.67,34.1,38.6,7,40
28603140040,大川瀬吉川線,下相野森線,広野永福線,28215,0,2.1,三木市吉川町前田,3117,三木市吉川町前田,2883,6000,1.22,0.7,50.5,46.8,7,40
28603140050,大川瀬吉川線,広野永福線,,28215,0,3.6,三木市吉川町前田,3117,三木市吉川町前田,2883,6000,1.22,0.67,42.5,40.4,11,40
28400170410,大川瀬吉川線,,西脇三田線,28215,0,0.5,三木市吉川町有安,1593,三木市吉川町有安,1365,2958,1.26,1.66,32.4,19.7,5.5,40
28603150010,下相野森線,福住三田線,黒石三田線,28219,0,0.1,,502,,511,1013,1.17,3.9,13.6,13.6,4.1,40
28603150020,下相野森線,黒石三田線,新田大沢線,28219,0,1.1,,502,,511,1013,1.17,0.12,25.8,33.1,8,40
28603150030,下相野森線,新田大沢線,三田市・加東市境,28219,0,3.4,,502,,511,1013,1.17,0.13,33.9,36,6,40
28603150040,下相野森線,三田市・加東市境,大川瀬吉川線,28228,0,0.1,,502,,511,1013,1.17,0.12,52.6,32.8,7,40
28603150060,下相野森線,大川瀬吉川線,平木南山線,28228,0,4.5,,502,,511,1013,1.17,0.12,49.6,53.3,7,40
28603150070,下相野森線,平木南山線,平木南山線,28228,0,1,,502,,511,1013,1.17,0.12,35.3,34.4,10,40
28603150080,下相野森線,平木南山線,西脇三田線,28228,0,0.7,,502,,511,1013,1.17,0.13,31,18.1,6.5,40
28603160010,広野永福線,黒石三田線,テクノパーク三田線,28219,0,2,三田市中内神,2582,三田市中内神,2738,5320,1.26,0.68,34.8,32.3,7,40
28603160020,広野永福線,テクノパーク三田線,三田市・三木市境,28219,0,2,三田市中内神,2582,三田市中内神,2738,5320,1.26,0.65,22.5,38.8,9.3,40
28603160030,広野永福線,三田市・三木市境,上荒川三田線,28215,0,0.6,三田市中内神,2582,三田市中内神,2738,5320,1.26,0.66,40.1,38.8,7,40
28603160040,広野永福線,上荒川三田線,新田大沢線,28215,0,1,加東市永福,2036,加東市永福,2102,4138,1.26,3.52,42,42.2,5.5,40
28603160050,広野永福線,新田大沢線,新田大沢線,28215,0,1.4,加東市永福,2036,加東市永福,2102,4138,1.26,0.47,40.7,42.4,9,40
28603160060,広野永福線,新田大沢線,大川瀬吉川線,28215,0,0.6,加東市永福,2036,加東市永福,2102,4138,1.26,0.42,42.2,36.3,10,40
28603160080,広野永福線,大川瀬吉川線,三木市・加東市境,28215,0,1.1,加東市永福,2036,加東市永福,2102,4138,1.26,0.47,32.9,38.9,9,40
28603160090,広野永福線,三木市・加東市境,平木南山線,28228,0,2.6,加東市永福,2036,加東市永福,2102,4138,1.26,0.47,45,42.1,6.5,40
28603190010,下佐曽利笹尾線,川西篠山線,猪名川町・宝塚市境,28301,0,1.1,宝塚市下佐曽利,788,宝塚市下佐曽利,822,1610,1.2,0.2,32.6,35.6,7,40
28603190020,下佐曽利笹尾線,猪名川町・宝塚市境,上佐曽利木器線,28214,0,0.9,宝塚市下佐曽利,788,宝塚市下佐曽利,822,1610,1.2,0.2,39.3,44.3,7,40
28603190030,下佐曽利笹尾線,上佐曽利木器線,川西三田線,28214,0,2.5,宝塚市下佐曽利,788,宝塚市下佐曽利,822,1610,1.2,0.2,42.1,44.1,7,40
28603230010,上佐曽利木器線,下佐曽利笹尾線,宝塚市・三田市境,28214,0,0.9,,809,,806,1615,1.2,0.25,43.9,44.7,12,40
28603230020,上佐曽利木器線,宝塚市・三田市境,三田後川上線,28219,0,3.8,,809,,806,1615,1.2,0.27,41.3,41.5,6.5,40
28603240010,切畑猪名川線,塩瀬宝塚線,宝塚市・猪名川町境,28214,0,0.7,川辺郡猪名川町猪渕,1996,川辺郡猪名川町猪渕,1989,3985,1.17,0.56,41.8,52.1,11.5,40
28603240020,切畑猪名川線,宝塚市・猪名川町境,川西篠山線,28301,0,3.2,川辺郡猪名川町猪渕,1996,川辺郡猪名川町猪渕,1989,3985,1.17,0.56,51.4,45.2,7,40
28603250010,切畑多田院線,塩瀬宝塚線,宝塚市・川西市境,28214,0,2.2,,664,,602,1266,1.18,0.87,35.8,40.2,5.5,30
28603250020,切畑多田院線,宝塚市・川西市境,（元）川西篠山線,28217,0,3.5,,664,,602,1266,1.18,0.87,37.8,36.7,5.5,30
28400120180,切畑多田院線,（元）川西篠山線,（元）川西篠山線,28217,0,0.2,,4949,,4791,9740,1.28,0.92,16.4,9.9,8,40
28603270010,切畑道場線,塩瀬宝塚線,,28214,0,1.5,,241,,257,498,1.18,2.37,38.7,38,6.5,40
28603270030,切畑道場線,,宝塚市・西宮市境,28214,0,0,,,,,,,,11.9,11.9,4,40
28603270040,切畑道場線,宝塚市・西宮市境,西宮市・宝塚市境,28204,0,0.6,,,,,,,,16.8,17.4,4,40
28603270050,切畑道場線,西宮市・宝塚市境,,28214,0,1.9,,,,,,,,,,4,40
28603270070,切畑道場線,,,28109,0,4.7,,2777,,2541,5318,1.25,0.62,37.6,34.7,11.4,40
28603270080,切畑道場線,,一般国道１７６号,28109,0,4.9,,2614,,2647,5261,1.26,0.71,41.7,32.3,10.2,40
28603270090,切畑道場線,一般国道１７６号,神戸三田線,28109,0,0.2,,2614,,2647,5261,1.26,6.07,8,10,6.8,40
28603310010,姥ケ茶屋伊丹線,米谷昆陽尼崎線,宝塚市・伊丹市境,28214,0,0.4,伊丹市瑞ケ丘一丁目,7074,伊丹市瑞ケ丘一丁目,6798,13872,1.3,1.19,17.4,13.2,6.5,40
28603310020,姥ケ茶屋伊丹線,宝塚市・伊丹市境,,28207,0,0.1,伊丹市瑞ケ丘一丁目,7074,伊丹市瑞ケ丘一丁目,6798,13872,1.3,1.13,15.6,10.1,7,40
28603310030,姥ケ茶屋伊丹線,,中野中筋線,28207,0,0.4,伊丹市瑞ケ丘一丁目,7074,伊丹市瑞ケ丘一丁目,6798,13872,1.3,1,22.8,24.4,16,40
28603310040,姥ケ茶屋伊丹線,中野中筋線,寺本川西線,28207,0,0.8,伊丹市瑞ケ丘一丁目,7074,伊丹市瑞ケ丘一丁目,6798,13872,1.3,1.06,17,19,16,40
28603310050,姥ケ茶屋伊丹線,寺本川西線,一般国道１７１号,28207,0,1.1,伊丹市瑞ケ丘一丁目,7074,伊丹市瑞ケ丘一丁目,6798,13872,1.3,1.15,20.7,12.3,16,40
28603320010,山本伊丹線,一般国道１７６号,寺本川西線,28214,0,1.4,宝塚市山本丸橋二丁目,3929,宝塚市山本丸橋二丁目,4919,8848,1.27,0.73,18.6,12.7,12,40
28603320020,山本伊丹線,寺本川西線,一般国道１７６号,28214,0,0,,787,,934,1721,1.21,0.15,10.4,5.3,12,40
28603320030,山本伊丹線,一般国道１７６号,宝塚市・伊丹市境,28214,0,0.6,,787,,934,1721,1.21,0.15,15.5,18.6,12,40
28603320050,山本伊丹線,宝塚市・伊丹市境,寺本川西線,28207,0,0.3,,787,,934,1721,1.21,0.15,21.5,23,12,40
28603320060,山本伊丹線,寺本川西線,山本伊丹線,28207,0,0.8,,787,,934,1721,1.21,0.18,25.2,19.3,12,40
28603320080,山本伊丹線,山本伊丹線,山本伊丹線,28207,0,0.4,,,,,,,,13.7,5.4,12,40
28603320100,山本伊丹線,山本伊丹線,一般国道１７１号,28207,0,0.6,伊丹市瑞穂町三丁目,3461,伊丹市瑞穂町三丁目,3926,7387,1.26,0.63,19.3,8.7,12,40
28603320120,山本伊丹線,一般国道１７１号,寺本伊丹線,28207,0,1,伊丹市稲野町七丁目,6289,伊丹市稲野町七丁目,6282,12571,1.29,1.17,12.3,15.8,15,50
28603320130,山本伊丹線,寺本伊丹線,東富松御願塚線,28207,0,1.7,伊丹市稲野町七丁目,6289,伊丹市稲野町七丁目,6282,12571,1.29,1.16,18.2,22.6,15,50
28603320140,山本伊丹線,東富松御願塚線,米谷昆陽尼崎線,28207,0,0.4,伊丹市稲野町七丁目,6289,伊丹市稲野町七丁目,6282,12571,1.29,1.13,22.6,23.5,15,50
28603330010,寺本川西線,一般国道１７１号,米谷昆陽尼崎線,28207,0,1.6,伊丹市寺本五丁目,345,伊丹市寺本五丁目,327,672,1.2,0.55,18.5,20.5,8,40
28603330030,寺本川西線,米谷昆陽尼崎線,姥ケ茶屋伊丹線,28207,0,0.7,伊丹市寺本五丁目,345,伊丹市寺本五丁目,327,672,1.2,0.13,14.8,19.4,9.5,40
28603330040,寺本川西線,姥ケ茶屋伊丹線,山本伊丹線,28207,0,1.3,伊丹市寺本五丁目,345,伊丹市寺本五丁目,327,672,1.2,0.18,17.6,19.1,8,40
28603330060,寺本川西線,山本伊丹線,宝塚市・川西市境,28214,0,0.7,,2039,,2090,4129,1.25,0.4,14.3,18.4,8,30
28603330070,寺本川西線,宝塚市・川西市境,尼崎池田線,28217,0,1.3,,2039,,2090,4129,1.25,0.79,16.7,14.9,6.5,30
28603340010,寺本伊丹線,一般国道１７１号,米谷昆陽尼崎線,28207,0,0.8,伊丹市千僧六丁目,8521,伊丹市千僧六丁目,8547,17068,1.31,0.35,18,21.1,19,40
28603340020,寺本伊丹線,米谷昆陽尼崎線,山本伊丹線,28207,0,1.1,伊丹市千僧六丁目,8521,伊丹市千僧六丁目,8547,17068,1.31,0.52,22,19,20,40
28603340030,寺本伊丹線,山本伊丹線,尼崎池田線,28207,0,0.7,伊丹市千僧六丁目,8521,伊丹市千僧六丁目,8547,17068,1.31,0.73,12,12,20,40
28603350010,中野中筋線,尼崎宝塚線,米谷昆陽尼崎線,28207,0,0.6,伊丹市鴻池二丁目,8005,伊丹市鴻池二丁目,7358,15363,1.29,1.39,12.9,17.8,12,40
28603350030,中野中筋線,米谷昆陽尼崎線,姥ケ茶屋伊丹線,28207,0,0.3,伊丹市鴻池二丁目,8005,伊丹市鴻池二丁目,7358,15363,1.29,0.88,26.8,21.5,18,40
28603350040,中野中筋線,姥ケ茶屋伊丹線,一般国道１７６号,28207,0,1.4,伊丹市鴻池二丁目,8005,伊丹市鴻池二丁目,7358,15363,1.29,0.56,19.7,18,18,40
28603350050,中野中筋線,一般国道１７６号,伊丹市・宝塚市境,28207,0,0.5,宝塚市中筋六丁目,7062,宝塚市中筋六丁目,6422,13484,1.3,0.38,21.4,17.8,17,40
28603350060,中野中筋線,伊丹市・宝塚市境,一般国道１７６号,28214,0,0.7,宝塚市中筋六丁目,7062,宝塚市中筋六丁目,6422,13484,1.3,1.01,18.9,9.7,14,40
28603360010,東富松御願塚線,,西宮豊中線,28202,0,0.4,伊丹市御願塚四丁目,4194,伊丹市御願塚四丁目,3827,8021,1.27,6.71,16.1,12.7,5.8,40
28603360020,東富松御願塚線,西宮豊中線,尼崎市・伊丹市境,28202,0,0.8,伊丹市御願塚四丁目,4194,伊丹市御願塚四丁目,3827,8021,1.27,0.67,13.6,14.9,7,40
28603360030,東富松御願塚線,尼崎市・伊丹市境,米谷昆陽尼崎線,28207,0,0.5,伊丹市御願塚四丁目,4194,伊丹市御願塚四丁目,3827,8021,1.27,0.63,12.8,13.1,13,40
28603360040,東富松御願塚線,米谷昆陽尼崎線,山本伊丹線,28207,0,0.2,伊丹市御願塚四丁目,4194,伊丹市御願塚四丁目,3827,8021,1.27,0.63,8.5,9.5,13,40
28603360050,東富松御願塚線,山本伊丹線,尼崎池田線,28207,0,0.8,伊丹市御願塚四丁目,4194,伊丹市御願塚四丁目,3827,8021,1.27,0.86,10.8,10.5,13,40
28603370010,生瀬門戸荘線,一般国道１７６号,,28204,0,0.1,,1612,,2067,3679,1.25,0.5,9,11.9,9.5,40
28603370020,生瀬門戸荘線,,西宮市・宝塚市境,28204,0,0.4,,1612,,2067,3679,1.25,0.57,22.8,23.9,13.4,40
28603370030,生瀬門戸荘線,西宮市・宝塚市境,宝塚停車場線,28214,0,1,,1612,,2067,3679,1.25,0.56,27.5,26.3,12,40
28603370040,生瀬門戸荘線,宝塚停車場線,明石神戸宝塚線,28214,0,0.7,,1612,,2067,3679,1.25,0.6,15.5,14.1,12,40
28603370060,生瀬門戸荘線,西宮宝塚線,宝塚市・西宮市境,28214,0,2.9,宝塚市鹿塩一丁目,9541,宝塚市鹿塩一丁目,9748,19289,1.32,1.79,14.3,19.1,16,40
28603370070,生瀬門戸荘線,宝塚市・西宮市境,,28204,0,0.1,,2139,,1894,4033,1.25,0.65,,14.2,16.5,40
28603370080,生瀬門戸荘線,,,28204,0,1.9,,2139,,1894,4033,1.25,0.71,,20.6,8,40
28603380010,高田久々知線,,,28202,0,0.2,尼崎市神崎町,5620,尼崎市神崎町,5960,11580,1.28,0.25,25,23.7,27,50
28603380020,高田久々知線,,大阪伊丹線,28202,0,0.7,尼崎市神崎町,5620,尼崎市神崎町,5960,11580,1.28,0.36,16.4,14.8,27,50
28603380040,高田久々知線,大阪伊丹線,尼崎池田線,28202,0,1,尼崎市久々知２丁目,14360,尼崎市久々知２丁目,12350,26710,1.35,0.47,20.2,13.3,26.6,50
28603390010,昭和東本町線,一般国道２号,一般国道４３号,28202,0,0.8,尼崎市東大物町１丁目,6473,尼崎市東大物町１丁目,8417,14890,1.29,0.76,15,11,27,40
28603400010,浜甲子園甲子園口停車場線,,甲子園尼崎線,28204,0,0.5,西宮市甲子園五番町,4270,西宮市甲子園五番町,3500,7770,1.27,0.34,20.4,13.9,18.9,40
28603400020,浜甲子園甲子園口停車場線,甲子園尼崎線,一般国道４３号,28204,0,0.5,西宮市甲子園五番町,4270,西宮市甲子園五番町,3500,7770,1.27,0.36,13.4,21.1,26.9,40
28603400030,浜甲子園甲子園口停車場線,一般国道４３号,一般国道２号,28204,0,1.6,西宮市甲子園五番町,4270,西宮市甲子園五番町,3500,7770,1.27,0.27,24.1,19.3,22.9,50
28603400050,浜甲子園甲子園口停車場線,一般国道２号,,28204,0,0.5,西宮市甲子園五番町,4270,西宮市甲子園五番町,3500,7770,1.27,6.7,10.8,16.4,10.2,40
28603410010,甲子園尼崎線,浜甲子園甲子園口停車場線,,28204,0,0.6,尼崎市西向島町,4882,尼崎市西向島町,6476,11358,1.3,0.51,13.2,22.1,29.5,50
28603410020,甲子園尼崎線,,,28204,0,0.5,尼崎市西向島町,4882,尼崎市西向島町,6476,11358,1.3,0.41,29.3,20.4,29.5,50
28603410030,甲子園尼崎線,,西宮市・尼崎市境,28204,0,0.6,尼崎市西向島町,4882,尼崎市西向島町,6476,11358,1.3,0.55,19.4,15.1,22,50
28603410040,甲子園尼崎線,西宮市・尼崎市境,尼崎港崇徳院線,28202,0,0.7,尼崎市西向島町,4882,尼崎市西向島町,6476,11358,1.3,0.53,25.2,23.6,21.5,50
28603410050,甲子園尼崎線,尼崎港崇徳院線,,28202,0,0.7,尼崎市西向島町,4882,尼崎市西向島町,6476,11358,1.3,0.57,22.8,23.3,21.7,50
28603410060,甲子園尼崎線,,,28202,0,0.6,尼崎市西向島町,4882,尼崎市西向島町,6476,11358,1.3,0.61,26.8,23.2,22,50
28603410070,甲子園尼崎線,,一般国道４３号,28202,0,0.7,尼崎市西向島町,4882,尼崎市西向島町,6476,11358,1.3,0.72,18.4,10.3,19,50
28603420010,甲子園六湛寺線,浜甲子園甲子園口停車場線,,28204,0,0.5,西宮市津門住江町,7558,西宮市津門住江町,8311,15869,1.31,0.49,17.6,24.8,27,50
28603420020,甲子園六湛寺線,,今津港津門大箇線,28204,0,0.5,西宮市津門住江町,7558,西宮市津門住江町,8311,15869,1.31,0.52,23.1,24,27,50
28603420030,甲子園六湛寺線,今津港津門大箇線,,28204,0,0.3,西宮市津門住江町,7558,西宮市津門住江町,8311,15869,1.31,0.68,21.1,20.2,27.7,50
28603420040,甲子園六湛寺線,,,28204,0,0.1,西宮市津門住江町,7558,西宮市津門住江町,8311,15869,1.31,0.5,16.5,17.1,28,50
28603420050,甲子園六湛寺線,,一般国道４３号,28204,0,0.7,西宮市津門住江町,7558,西宮市津門住江町,8311,15869,1.31,1.17,18.4,17.3,8.5,40
28603420060,甲子園六湛寺線,一般国道４３号,,28204,0,0.3,西宮市津門住江町,7558,西宮市津門住江町,8311,15869,1.31,3.27,20.1,,3.5,60
28603420070,甲子園六湛寺線,,一般国道２号,28204,0,0.2,西宮市津門住江町,7558,西宮市津門住江町,8311,15869,1.31,1,15.1,8,20,40
28603430010,今津港津門大箇線,甲子園六湛寺線,一般国道４３号,28204,0,0.3,西宮市今津山中町,4306,西宮市今津山中町,5283,9589,1.27,0.8,14.2,11.7,27,40
28603430020,今津港津門大箇線,一般国道４３号,一般国道２号,28204,0,1.1,西宮市今津山中町,4306,西宮市今津山中町,5283,9589,1.27,0.77,27.7,14.3,23.3,40
28603440010,奥山精道線,,,28206,0,2.7,芦屋市山手町,2425,芦屋市山手町,2470,4895,1.2,0.45,34.2,34.8,8,40
28603440020,奥山精道線,,,28206,0,0.9,芦屋市山手町,2425,芦屋市山手町,2470,4895,1.2,0.47,27.4,24.3,11,40
28603440030,奥山精道線,,,28206,0,0.5,芦屋市山手町,2425,芦屋市山手町,2470,4895,1.2,0.67,13.7,16.9,7.5,40
28603440040,奥山精道線,,一般国道２号,28206,0,0.3,芦屋市業平町,2632,芦屋市業平町,2744,5376,1.26,0.51,12.9,7.6,8.5,40
28603440050,奥山精道線,一般国道２号,一般国道４３号,28206,0,0.6,芦屋市公光町,1214,芦屋市公光町,950,2164,1.25,0.34,9.3,8.5,11.5,40
28603450010,本山本庄線,一般国道４３号,鳴尾御影線,28101,0,0.5,,2815,,3329,6144,1.26,0.85,15.5,13.2,6.1,40
28603450020,本山本庄線,鳴尾御影線,一般国道２号,28101,0,0.4,,2815,,3329,6144,1.26,3.55,11,8.9,5.4,40
28603460010,郷の瀬野村線,西脇口吉川神戸線,西脇八千代市川線,28213,0,3.1,西脇市和田町,6695,西脇市和田町,6867,13562,1.19,1.34,22.4,22,12,50
28603470010,和布西脇線,一般国道１７５号,西脇三田線,28213,0,0.4,西脇市西脇,2058,西脇市西脇,858,2916,1.25,0.75,18.7,12.2,14,40
28603470020,和布西脇線,西脇三田線,西脇停車場線,28213,0,0.8,西脇市西脇,2058,西脇市西脇,858,2916,1.25,0.51,26.5,22.2,6.5,40
28603480030,野村野村停車場線,西脇三田線,,28213,0,0.2,,212,,260,472,1.2,0.47,7,9,5,40
28603490010,市場多井田線,加古川小野線,平荘市場線,28218,0,0.1,,1044,,1059,2103,1.22,0.27,8.2,25.1,7.5,40
28603490015,市場多井田線,平荘市場線,,28218,0,0.8,,1044,,1059,2103,1.22,0.27,16.9,42.1,10,50
28603490150,市場多井田線,,小野香寺線,28218,0,1.7,,1044,,1059,2103,1.22,0.29,35.6,35.3,13,50
28603490040,市場多井田線,小野香寺線,三木宍粟線,28218,0,1.4,小野市河合中町,3165,小野市河合中町,3177,6342,1.26,0.86,34.5,17.6,7,50
28603490060,市場多井田線,三木宍粟線,小野市・加東市境,28218,0,5.8,小野市河合中町,3165,小野市河合中町,3177,6342,1.26,0.82,39.8,44.3,7.5,50
28603490070,市場多井田線,小野市・加東市境,一般国道３７２号,28228,0,0.9,小野市河合中町,3165,小野市河合中町,3177,6342,1.26,0.79,44.9,33.2,7.5,50
28603490080,市場多井田線,一般国道３７２号,野上河高線,28228,0,0.4,加東市下滝野,5819,加東市下滝野,5595,11414,1.28,1.72,18.1,22.8,16,50
28603490090,市場多井田線,野上河高線,下滝野市川線,28228,0,2.2,加東市下滝野,5819,加東市下滝野,5595,11414,1.28,1.37,39.4,43,16,50
28603490110,市場多井田線,下滝野市川線,西脇三田線,28228,0,1.5,加東市下滝野,5819,加東市下滝野,5595,11414,1.28,2.08,24.7,26,15,50
28603490120,市場多井田線,西脇三田線,黒田庄多井田線,28228,0,0.3,加東市下滝野,5819,加東市下滝野,5595,11414,1.28,1.9,19,20.9,10,40
28603490130,市場多井田線,黒田庄多井田線,一般国道１７５号,28228,0,0.3,加東市下滝野,5819,加東市下滝野,5595,11414,1.28,1.44,27.4,13.8,12,40
28603500010,松尾青野ヶ原停車場線,東古瀬穂積線,一般国道１７５号,28228,0,0.6,加東市福吉,1041,加東市福吉,955,1996,1.25,0.35,22.5,19,7,40
28603500020,松尾青野ヶ原停車場線,一般国道１７５号,大門小田線,28228,0,1.9,加東市福吉,1041,加東市福吉,955,1996,1.25,0.31,29.5,34.2,11,40
28603500030,松尾青野ヶ原停車場線,大門小田線,加東市・小野市境,28228,0,0.5,加東市福吉,1041,加東市福吉,955,1996,1.25,0.33,32.1,37.3,6.5,40
28603500040,松尾青野ヶ原停車場線,加東市・小野市境,,28218,0,0.9,加東市福吉,1041,加東市福吉,955,1996,1.25,2.37,15.5,26.1,5,40
28603510010,大門小田線,松尾青野ヶ原停車場線,一般国道１７５号,28228,0,0.8,,1318,,1695,3013,1.25,0.38,31.8,26.8,8,40
28603510020,大門小田線,一般国道１７５号,東古瀬穂積線,28228,0,0.2,,1318,,1695,3013,1.25,0.38,14.3,14.4,8,40
28603510030,大門小田線,東古瀬穂積線,加東市・小野市境,28228,0,1.4,,1318,,1695,3013,1.25,2.84,36.4,39.4,5,40
28603510040,大門小田線,加東市・小野市境,神戸加東線,28218,0,1.8,,1318,,1695,3013,1.25,2.84,42,34.1,5,40
28603520010,住吉住永線,小野藍本線,一般国道１７５号,28218,0,1.6,,352,,383,735,1.18,0.09,31,28.7,7,40
28603520020,住吉住永線,一般国道１７５号,加古川小野線,28218,0,0.7,,352,,383,735,1.18,0.09,23.3,28.1,7,40
28603520040,住吉住永線,加古川小野線,三木宍粟線,28218,0,2.8,,206,,211,417,1.21,0.06,27.6,35.7,8,40
28603530010,大畑小野線,神戸加東線,加東市・三木市境,28228,0,0.4,小野市万勝寺町,1637,小野市万勝寺町,1591,3228,1.22,0.45,31,41.8,7,40
28603530020,大畑小野線,加東市・三木市境,三木市・小野市境,28215,0,0.9,小野市万勝寺町,1637,小野市万勝寺町,1591,3228,1.22,1.43,46.6,48.7,6,40
28603530030,大畑小野線,三木市・小野市境,万勝寺久留美線,28218,0,0.7,小野市万勝寺町,1637,小野市万勝寺町,1591,3228,1.22,2.04,45.8,43.7,5.5,40
28603530040,大畑小野線,万勝寺久留美線,一般国道１７５号,28218,0,6.8,小野市万勝寺町,1637,小野市万勝寺町,1591,3228,1.22,0.43,42.9,41.6,10,40
28603540010,淡河吉川線,一般国道４２８号,西脇三田線,28215,0,3.9,,955,,1061,2016,1.21,0.27,32.9,35.9,7,40
28603550010,楠原三木線,市野瀬有馬線,一般国道４２８号,28215,0,2.6,三木市吉川町奥谷,2724,三木市吉川町奥谷,2668,5392,1.24,0.58,49.5,37.3,10,40
28603550030,楠原三木線,一般国道４２８号,西脇口吉川神戸線,28215,0,3.8,,1562,,1709,3271,1.25,0.53,50.4,53.1,9.5,50
28603550050,楠原三木線,西脇口吉川神戸線,神戸加東線,28215,0,3.8,三木市細川町垂穂,2135,三木市細川町垂穂,2065,4200,1.25,0.48,53.9,49,8,50
28603560010,上荒川三田線,広野永福線,三木市・三田市境,28215,0,2,三田市沢谷,2638,三田市沢谷,2529,5167,1.14,0.61,47.9,47,7,40
28603560020,上荒川三田線,三木市・三田市境,テクノパーク三田線,28219,0,4,三田市沢谷,2638,三田市沢谷,2529,5167,1.14,0.65,42.3,40.8,8.5,40
28603560030,上荒川三田線,テクノパーク三田線,黒石三田線,28219,0,1.8,三田市沢谷,2638,三田市沢谷,2529,5167,1.14,0.64,34.1,23.7,9,40
28603570010,定塚四軒茶屋線,西脇三田線,北神中央線,28109,0,0.2,,5465,,4477,9942,1.28,1.05,18.8,13.8,9.2,50
28603570020,定塚四軒茶屋線,北神中央線,一般国道１７６号,28109,0,1,,5465,,4477,9942,1.28,0.84,30.9,17.7,11.1,50
28603600010,正法寺三木停車場線,加古川小野線,一般国道１７５号,28215,0,4.1,,1592,,1534,3126,1.25,0.35,20,30.7,13.6,40
28603600020,正法寺三木停車場線,一般国道１７５号,三木宍粟線,28215,0,1,,1592,,1534,3126,1.25,0.41,14.4,20.7,10,40
28603600040,正法寺三木停車場線,三木宍粟線,,28215,0,0.6,,7062,,7680,14742,1.3,1.06,18.8,21.8,7,40
28603650010,上福原佐用線,上福原作用線,宮原力石線,28501,0,4.4,佐用郡佐用町山田,803,佐用郡佐用町山田,725,1528,1.21,0.17,49.2,49.9,9,50
28603650030,上福原佐用線,宮原力石線,一般国道１７９号,28501,0,3.6,佐用郡佐用町山田,803,佐用郡佐用町山田,725,1528,1.21,0.2,46.6,38.8,6.5,40
28603660010,有瀬大蔵線,神戸明石線,,28111,0,0.4,,3486,,3063,6549,1.26,2.54,10.2,10.8,11.5,40
28603660015,有瀬大蔵線,,,28203,0,1.5,明石市東人丸町,3719,明石市東人丸町,3148,6867,1.27,0.64,19,22.4,12.5,40
28603660040,有瀬大蔵線,,一般国道２号,28203,0,0.3,明石市東人丸町,3719,明石市東人丸町,3148,6867,1.27,0.54,25.8,13.9,16,40
28603670010,岩屋生野線,加美宍粟線,神河町・朝来市境,28446,0,11.1,,309,,302,611,1.17,3.24,34.2,47.5,4.5,40
28603670020,岩屋生野線,神河町・朝来市境,一般国道４２９号,28225,0,4.9,,,,,,,,32.6,29.7,5.5,40
28603680010,吉永下徳久線,吉永下徳久線,西新宿上郡線,28501,0,2.1,佐用郡佐用町上秋里,35,佐用郡佐用町上秋里,40,75,1.13,0.11,33.6,33.6,5,40
28603680020,吉永下徳久線,西新宿上郡線,一般国道３７３号,28501,0,7.7,佐用郡佐用町上秋里,35,佐用郡佐用町上秋里,40,75,1.13,0.11,37.7,30.7,5,40
28603680040,吉永下徳久線,一般国道３７３号,多賀相生線,28501,0,3.6,,1576,,1569,3145,1.25,0.42,45.8,47.1,9,40
28603680050,吉永下徳久線,多賀相生線,佐用町道,28501,0,2.3,,1576,,1569,3145,1.25,0.42,45.4,36.1,9.5,40
28301790315,吉永下徳久線,佐用町道,一般国道１７９号,28501,0,0.6,,1576,,1569,3145,1.25,0.39,36.3,35.3,10.4,50
28603690010,大和北条停車場線,西脇八千代市川線,多可町・加西市境,28365,0,2,加西市下芥田町,355,加西市下芥田町,408,763,1.18,0.14,39.4,44.5,7,40
28603690020,大和北条停車場線,多可町・加西市境,下滝野市川線,28220,0,4.7,加西市下芥田町,355,加西市下芥田町,408,763,1.18,0.46,46.6,46.8,6,40
28603690030,大和北条停車場線,下滝野市川線,多可北条線,28220,0,3.8,加西市下芥田町,355,加西市下芥田町,408,763,1.18,0.16,29.2,23.3,11.5,40
28603700010,野上河高線,高砂加古川加西線,加西市・加東市境,28220,0,2.1,,853,,929,1782,1.21,0.98,46.7,42.4,6,30
28603700020,野上河高線,加西市・加東市境,市場多井田線,28228,0,3.2,,853,,929,1782,1.21,0.31,41.5,33.6,13,30
28603710010,高岡北条線,一般国道３７２号,加東市・加西市境,28228,0,0.7,加西市山枝町,5109,加西市山枝町,4990,10099,1.27,0.91,32.7,44.5,8.5,50
28603710020,高岡北条線,加東市・加西市境,高砂加古川加西線,28220,0,1.6,加西市山枝町,5109,加西市山枝町,4990,10099,1.27,0.94,46.9,46.2,8.5,50
28603710030,高岡北条線,高砂加古川加西線,多可北条線,28220,0,2.8,加西市山枝町,5109,加西市山枝町,4990,10099,1.27,0.93,40.4,39.5,11.5,50
28603720010,山下飾東線,豊富北条線,小野香寺線,28220,0,2.6,,1618,,1495,3113,1.25,0.32,41.5,40.9,10,50
28603720020,山下飾東線,小野香寺線,大柳仁豊野線,28220,0,2.3,,1618,,1495,3113,1.25,0.33,30.7,40.5,10,50
28603720030,山下飾東線,大柳仁豊野線,加西市・姫路市境,28220,0,0.1,,1618,,1495,3113,1.25,0.32,47.6,35.3,10,50
28603720040,山下飾東線,加西市・姫路市境,一般国道３７２号,28201,0,1.3,,1618,,1495,3113,1.25,0.38,47.2,33.6,10.5,40
28603730010,大柳仁豊野線,山下飾東線,加西市・姫路市境,28220,0,0.2,姫路市豊富町神谷,1908,姫路市豊富町神谷,1803,3711,1.24,0.43,17.5,41.8,7,40
28603730020,大柳仁豊野線,加西市・姫路市境,豊富御国野線,28201,0,2.4,姫路市豊富町神谷,1908,姫路市豊富町神谷,1803,3711,1.24,0.4,49.6,50.9,10,40
28603730030,大柳仁豊野線,豊富御国野線,西田原姫路線,28201,0,2.4,姫路市豊富町神谷,1908,姫路市豊富町神谷,1803,3711,1.24,0.46,30.8,27.3,9,40
28603730040,大柳仁豊野線,西田原姫路線,一般国道３１２号,28201,0,1.3,姫路市豊富町神谷,1908,姫路市豊富町神谷,1803,3711,1.24,3.37,23.8,22.9,5,40
28603740010,下来住平荘線,,小野市・加古川市境,28218,0,1.4,,,,,,,,,,1.5,40
28603740020,下来住平荘線,小野市・加古川市境,,28210,0,0.5,,,,,,,,,,2.5,40
28603740040,下来住平荘線,,平荘市場線,28210,0,0.5,,306,,336,642,1.18,2.68,29.9,29.9,2.5,40
28603740050,下来住平荘線,平荘市場線,高砂加古川加西線,28210,0,0.3,,558,,577,1135,1.17,0.51,42.4,24.8,6,40
28603750010,平荘市場線,下来住平荘線,加古川市・小野市境,28210,0,3.8,小野市黍田町,1472,小野市黍田町,1366,2838,1.25,0.43,47.5,47.3,6.5,40
28603750020,平荘市場線,加古川市・小野市境,市場多井田線,28218,0,1.8,小野市黍田町,1472,小野市黍田町,1366,2838,1.25,0.41,42.3,20.2,9.5,40
28603770010,野村明石線,宗佐土山線,加古川市・稲美町境,28210,0,1.3,,2464,,2251,4715,1.25,0.58,25.7,42,7.5,40
28603770020,野村明石線,加古川市・稲美町境,志染土山線,28381,0,2.4,,2464,,2251,4715,1.25,0.6,43,33.6,7,40
28603770030,野村明石線,志染土山線,三木環状線,28381,0,0.9,加古郡稲美町草谷,4473,加古郡稲美町草谷,5126,9599,1.28,1.21,20.3,42.4,12,40
28603770040,野村明石線,三木環状線,神戸加古川姫路線,28381,0,1.7,,3251,,3446,6697,1.26,25.55,30.9,30.9,3,40
28603770060,野村明石線,神戸加古川姫路線,六分一神出線,28111,0,1.3,,3056,,4497,7553,1.27,0.77,33.9,21,11,40
28603770080,野村明石線,六分一神出線,神戸二見線,28111,0,3,,2892,,4625,7517,1.27,0.75,41.3,40.8,10.9,40
28603770090,野村明石線,神戸二見線,,28111,0,2.8,神戸市西区平野町中津,5613,神戸市西区平野町中津,6244,11857,1.3,0.94,18.6,26.3,14.5,50
28603770100,野村明石線,,一般国道２号,28111,0,1.8,神戸市西区玉津町出合,3250,神戸市西区玉津町出合,4478,7728,1.26,0.67,36.3,25.7,13.9,40
28603780010,六分一神出線,志染土山線,大久保稲美加古川線,28381,0,2,加古郡稲美町印南,1037,加古郡稲美町印南,896,1933,1.19,0.26,26.7,37.9,6.8,40
28603780020,六分一神出線,大久保稲美加古川線,六分一神出線,28381,0,1,加古郡稲美町印南,1037,加古郡稲美町印南,896,1933,1.19,0.72,38.2,39.7,6,40
28603780040,六分一神出線,六分一神出線,六分一神出線,28111,0,0.8,,,,,,,,49.2,24,2.6,40
28603780060,六分一神出線,六分一神出線,野村明石線,28111,0,0.6,神戸市西区神出町田井,2064,神戸市西区神出町田井,1759,3823,1.25,0.55,33.5,27.7,9.8,50
28603780070,六分一神出線,野村明石線,野村明石線,28111,0,0.2,神戸市西区神出町田井,2064,神戸市西区神出町田井,1759,3823,1.25,0.57,13.6,20.8,10.6,40
28603780080,六分一神出線,野村明石線,一般国道１７５号（神出バイパス）,28111,0,1.5,神戸市西区神出町田井,2064,神戸市西区神出町田井,1759,3823,1.25,0.47,27.6,6.4,10.3,50
28603780090,六分一神出線,一般国道１７５号（神出バイパス）,神戸加古川姫路線,28111,0,0.4,神戸市西区神出町田井,2064,神戸市西区神出町田井,1759,3823,1.25,0.57,20.6,17.3,9.5,50
28603790010,岩岡魚住線,大久保稲美加古川線,平荘大久保線,28111,0,1.3,神戸市西区上新地２丁目,2497,神戸市西区上新地２丁目,2571,5068,1.26,0.58,18.4,15,10,40
28603790020,岩岡魚住線,平荘大久保線,,28111,0,1.1,,4346,,3918,8264,1.27,0.96,18.2,37.3,9.5,50
28603790030,岩岡魚住線,,一般国道２号,28203,0,1.2,,4767,,4350,9117,1.27,1.14,27.2,15.4,9.5,40
28603790040,岩岡魚住線,一般国道２号,一般国道２５０号,28203,0,1.3,,2586,,2357,4943,1.25,0.58,12.9,16.8,8.5,30
28603790050,岩岡魚住線,一般国道２５０号,明石高砂線,28203,0,0.3,,2586,,2357,4943,1.25,0.67,10.2,12.4,9.5,30
28603800010,江井ケ島大久保停車場線,,明石高砂線,28203,0,1.5,,2312,,2064,4376,1.25,0.39,21.9,19.5,10,40
28603800020,江井ケ島大久保停車場線,明石高砂線,一般国道２５０号,28203,0,0.9,,2312,,2064,4376,1.25,0.34,13.9,17.3,6.5,40
28603800040,江井ケ島大久保停車場線,一般国道２５０号,一般国道２号,28203,0,0.8,,2312,,2064,4376,1.25,0.38,9.6,6.8,17,40
28603800060,江井ケ島大久保停車場線,一般国道２号,,28203,0,0.1,,2312,,2064,4376,1.25,0.31,7.9,18.3,20,40
28603810010,野谷平岡線,志染土山線,大久保稲美加古川線,28381,0,1.5,加古郡稲美町蛸草,3893,加古郡稲美町蛸草,3916,7809,1.25,0.73,31.2,31.1,8.5,40
28603810020,野谷平岡線,大久保稲美加古川線,宗佐土山線,28381,0,1.6,加古郡稲美町蛸草,3893,加古郡稲美町蛸草,3916,7809,1.25,0.81,18.5,18.3,8.5,40
28603810030,野谷平岡線,宗佐土山線,平荘大久保線,28381,0,1.1,加古郡稲美町幸竹,6106,加古郡稲美町幸竹,6583,12689,1.25,1.08,20.8,23.7,20,40
28603810050,野谷平岡線,平荘大久保線,稲美町・加古川市境,28381,0,1,加古郡稲美町幸竹,6106,加古郡稲美町幸竹,6583,12689,1.25,1,23.2,28.4,6.5,40
28603810060,野谷平岡線,稲美町・加古川市境,加古川市・稲美町境,28210,0,0.1,加古郡稲美町幸竹,6106,加古郡稲美町幸竹,6583,12689,1.25,2.75,22.7,19.3,6,40
28603810070,野谷平岡線,加古川市・稲美町境,稲美町・加古川市境,28381,0,0.3,加古郡稲美町幸竹,6106,加古郡稲美町幸竹,6583,12689,1.25,2.12,30.4,21.2,7,40
28603810080,野谷平岡線,稲美町・加古川市境,一般国道２号,28210,0,0.6,加古郡稲美町幸竹,6106,加古郡稲美町幸竹,6583,12689,1.25,0.94,25.7,7.1,10,40
28603810090,野谷平岡線,一般国道２号,一般国道２号,28210,0,0.5,加古郡稲美町幸竹,6106,加古郡稲美町幸竹,6583,12689,1.25,1.33,5.4,8.3,8,40
28603820010,本荘平岡線,東播磨港線,一般国道２５０号,28382,0,1.3,加古郡播磨町東本荘一丁目,7882,加古郡播磨町東本荘一丁目,8636,16518,1.31,1.35,17.3,17.7,20,50
28603820030,本荘平岡線,一般国道２５０号,別府平岡線,28382,0,0.1,加古川市平岡町山之上,4594,加古川市平岡町山之上,4918,9512,1.28,0.87,5.8,17.2,6.5,40
28603820040,本荘平岡線,別府平岡線,播磨町・加古川市境,28382,0,0.3,加古川市平岡町山之上,4594,加古川市平岡町山之上,4918,9512,1.28,1.04,12.7,24.2,6.5,40
28603820050,本荘平岡線,播磨町・加古川市境,一般国道２号,28210,0,0.9,加古川市平岡町山之上,4594,加古川市平岡町山之上,4918,9512,1.28,1.01,23.1,12.4,6.5,40
28603830005,八幡別府線,加古川小野線,,28210,0,2.1,加古川市神野町石守,5007,加古川市神野町石守,5252,10259,1.27,0.76,29.5,30.3,6.5,40
28603830010,八幡別府線,,平荘大久保線,28210,0,0.4,加古川市神野町石守,5007,加古川市神野町石守,5252,10259,1.27,0.83,24.2,23.9,6.5,40
28603830020,八幡別府線,平荘大久保線,大久保稲美加古川線,28210,0,1.2,加古川市神野町石守,5007,加古川市神野町石守,5252,10259,1.27,0.83,24.8,22.6,11,40
28603830030,八幡別府線,大久保稲美加古川線,一般国道２号,28210,0,1.8,加古川市野口町北野,6915,加古川市野口町北野,5813,12728,1.29,1.04,20.1,12.5,13,40
28603830040,八幡別府線,一般国道２号,一般国道２号,28210,0,0.6,加古川市平岡町一色,9080,加古川市平岡町一色,8046,17126,1.29,1.61,8.3,9.6,11.4,40
28603830050,八幡別府線,一般国道２号,一般国道２５０号,28210,0,1.6,加古川市平岡町一色,9080,加古川市平岡町一色,8046,17126,1.29,1.53,14.2,17.5,12,40
28603830060,八幡別府線,一般国道２５０号,別府港加古川停車場線,28210,0,0.7,加古川市平岡町一色,9080,加古川市平岡町一色,8046,17126,1.29,1.62,11,10.1,17,40
28603840010,平荘大久保線,高砂加古川加西線,加古川小野線,28210,0,0.6,加古川市神野町神野,6061,加古川市神野町神野,6125,12186,1.28,1.1,15.7,6.6,8,40
28603840015,平荘大久保線,加古川小野線,,28210,0,0.6,加古川市神野町神野,6061,加古川市神野町神野,6125,12186,1.28,0.89,6.1,32.2,12.8,40
28603840020,平荘大久保線,,八幡別府線,28210,0,1.2,加古川市神野町神野,6061,加古川市神野町神野,6125,12186,1.28,0.89,21.4,24,12.8,40
28603840030,平荘大久保線,八幡別府線,加古川市・稲美町境,28210,0,1.6,加古川市神野町石守,6000,加古川市神野町石守,5586,11586,1.19,0.88,30.8,33.2,12.2,40
28603840040,平荘大久保線,加古川市・稲美町境,大久保稲美加古川線,28381,0,0,加古川市神野町石守,6000,加古川市神野町石守,5586,11586,1.19,0.79,15.5,13.3,15.5,40
28603840050,平荘大久保線,大久保稲美加古川線,野谷平岡線,28381,0,2.2,加古郡稲美町中村,8237,加古郡稲美町中村,7448,15685,1.31,1.09,25.8,25.7,12,50
28603840060,平荘大久保線,野谷平岡線,野谷平岡線,28381,0,0.2,加古郡稲美町中村,8237,加古郡稲美町中村,7448,15685,1.31,1.27,16.6,18.8,15.4,50
28603840070,平荘大久保線,野谷平岡線,宗佐土山線,28381,0,1.3,加古郡稲美町中村,8237,加古郡稲美町中村,7448,15685,1.31,1.1,29.3,23.3,13,50
28603840080,平荘大久保線,宗佐土山線,志染土山線,28381,0,1.6,加古郡稲美町中村,8237,加古郡稲美町中村,7448,15685,1.31,1.08,27.7,25.5,8,50
28603840090,平荘大久保線,志染土山線,,28381,0,0.5,加古郡稲美町中村,8237,加古郡稲美町中村,7448,15685,1.31,1.13,11,28.5,8.5,50
28603840100,平荘大久保線,,上村二見線,28111,0,0.4,神戸市西区福吉台１丁目,8078,神戸市西区福吉台１丁目,6978,15056,1.31,1.11,18.8,16.4,11.4,40
28603840110,平荘大久保線,上村二見線,岩岡魚住線,28111,0,1.7,神戸市西区福吉台１丁目,8078,神戸市西区福吉台１丁目,6978,15056,1.31,1.44,13.4,12,12,40
28603840120,平荘大久保線,岩岡魚住線,大久保稲美加古川線,28111,0,0.7,神戸市西区福吉台１丁目,8078,神戸市西区福吉台１丁目,6978,15056,1.31,1.3,21.1,25.6,12,40
28603840130,平荘大久保線,大久保稲美加古川線,大久保稲美加古川線,28203,0,1.4,,7824,,7617,15441,1.31,1.57,20.6,17.7,8.4,40
28603850010,高田上郡線,高田上郡線,,28481,0,1.4,,,,,,,,,,1.5,40
28603850030,高田上郡線,,赤穂佐伯線,28481,0,5.6,赤穂郡上郡町高山,305,赤穂郡上郡町高山,256,561,1.18,0.09,53.9,53.9,10,40
28603860040,野口尾上線,野口尾上線,一般国道２５０号,28210,0,0.7,加古川市野口町長砂,8504,加古川市野口町長砂,8337,16841,1.32,1.36,17,10.3,7,40
28603860050,野口尾上線,一般国道２５０号,明石高砂線,28210,0,1.4,加古川市野口町長砂,8504,加古川市野口町長砂,8337,16841,1.32,1.47,20.3,17.2,7,40
28603860090,野口尾上線,一般国道２号,野口尾上線,28210,0,0.9,,,,,,,,17.9,18.9,30,50
28603870010,平荘魚橋線,神戸加古川姫路線,神吉船頭線,28210,0,4.3,,1387,,1414,2801,1.25,0.28,35.3,39,8.5,40
28603870020,平荘魚橋線,神吉船頭線,高砂北条線,28210,0,0.4,,1387,,1414,2801,1.25,2.17,31.2,26.1,5,40
28603870030,平荘魚橋線,高砂北条線,小原宝殿停車場線,28210,0,1.3,,1387,,1414,2801,1.25,2.26,31.2,26.1,5,40
28603870040,平荘魚橋線,小原宝殿停車場線,一般国道２号,28210,0,0.4,,1387,,1414,2801,1.25,2.17,26.4,37.7,6.8,40
28603870060,平荘魚橋線,一般国道２号,加古川市・高砂市境,28210,0,0.2,,1387,,1414,2801,1.25,8.65,8.6,30.2,3,40
28603870070,平荘魚橋線,加古川市・高砂市境,一般国道２号,28216,0,0.4,,1387,,1414,2801,1.25,8.65,10.2,27.1,4.5,40
28603870080,平荘魚橋線,一般国道２号,一般国道２号,28216,0,0.1,,1387,,1414,2801,1.25,0.33,23.9,9.9,10,40
28603880010,飾東宝殿停車場線,一般国道３７２号,姫路市・加古川市境,28201,0,3.5,,,,,,,,34.8,34.8,7,40
28603880020,飾東宝殿停車場線,姫路市・加古川市境,,28210,0,1.3,,,,,,,,34.8,34.8,1.5,40
28603880040,飾東宝殿停車場線,,神戸加古川姫路線,28210,0,1.2,,2704,,2114,4818,1.25,6.1,26.8,26.8,5,30
28603880050,飾東宝殿停車場線,神戸加古川姫路線,志方魚橋線,28210,0,2.2,,2704,,2114,4818,1.25,24.39,14.5,27.7,4,30
28603880060,飾東宝殿停車場線,志方魚橋線,志方魚橋線,28210,0,0.5,,2704,,2114,4818,1.25,24.39,37,32.9,4,30
28603880070,飾東宝殿停車場線,志方魚橋線,飾東宝殿停車場線,28210,0,0.4,,2704,,2114,4818,1.25,24.39,30.8,27.4,4,30
28603880080,飾東宝殿停車場線,飾東宝殿停車場線,一般国道２号,28210,0,0.5,,2704,,2114,4818,1.25,0.69,28.7,24.1,18,30
28603880100,飾東宝殿停車場線,志方魚橋線,飾東宝殿停車場線,28210,0,1.9,,2704,,2114,4818,1.25,0.78,45.2,47.2,7.5,30
28603880120,飾東宝殿停車場線,一般国道２号,加古川市・高砂市境,28210,0,0.2,,2704,,2114,4818,1.25,24.39,13.7,15.4,4,30
28603880130,飾東宝殿停車場線,加古川市・高砂市境,小原宝殿停車場線,28216,0,0.4,,2704,,2114,4818,1.25,3.48,24,23.1,6,30
28603880150,飾東宝殿停車場線,小原宝殿停車場線,高砂市・加古川市境,28216,0,0.2,,2704,,2114,4818,1.25,3.05,22,19.1,6,30
28603880170,飾東宝殿停車場線,高砂市・加古川市境,一般国道２号,28210,0,0.2,,,,,,,,9.5,7.2,7.5,30
28603890010,志方魚橋線,小原宝殿停車場線,飾東宝殿停車場線,28210,0,1.2,加古川市志方町横大路,166,加古川市志方町横大路,171,337,1.13,1.67,22.3,22.4,4,40
28603890020,志方魚橋線,飾東宝殿停車場線,飾東宝殿停車場線,28210,0,0.4,加古川市志方町横大路,166,加古川市志方町横大路,171,337,1.13,1.61,34.9,37.6,4,40
28603890040,志方魚橋線,飾東宝殿停車場線,加古川市・高砂市境,28210,0,0.7,加古川市志方町横大路,166,加古川市志方町横大路,171,337,1.13,1.61,53.9,60.9,4,40
28603890050,志方魚橋線,加古川市・高砂市境,一般国道２号,28216,0,0.7,加古川市志方町横大路,166,加古川市志方町横大路,171,337,1.13,1.61,28.9,26.8,5.5,40
28603900010,神吉船頭線,平荘魚橋線,一般国道２号,28210,0,1.3,,771,,2219,2990,1.25,0.57,24.1,29.2,6,40
28603900020,神吉船頭線,一般国道２号,高砂加古川加西線,28210,0,0.8,,771,,2219,2990,1.25,0.59,26.6,15.8,8,40
28603910010,伊保宝殿停車場線,,明石高砂線,28216,0,1.7,高砂市伊保崎南,2905,高砂市伊保崎南,3190,6095,1.31,0.57,20.6,19.2,30,40
28603910020,伊保宝殿停車場線,明石高砂線,一般国道２５０号,28216,0,0.7,高砂市伊保崎南,2905,高砂市伊保崎南,3190,6095,1.31,0.65,20.8,25.1,30,40
28603910040,伊保宝殿停車場線,一般国道２５０号,高砂市・加古川市境,28216,0,1.6,高砂市米田町塩市,5677,高砂市米田町塩市,5657,11334,1.28,0.9,19,20.6,16,50
28603910050,伊保宝殿停車場線,高砂市・加古川市境,一般国道２号,28210,0,0.1,高砂市米田町塩市,5677,高砂市米田町塩市,5657,11334,1.28,1.01,12.9,6.7,16,50
28603920010,伊保阿弥陀線,一般国道２５０号,生石宝殿停車場線,28216,0,0.6,高砂市阿弥陀町生石,418,高砂市阿弥陀町生石,388,806,1.18,4.15,16.2,19.6,4,40
28603920020,伊保阿弥陀線,生石宝殿停車場線,一般国道２号,28216,0,1.1,高砂市阿弥陀町生石,418,高砂市阿弥陀町生石,388,806,1.18,1,32,19.6,5,40
28603930010,生石宝殿停車場線,伊保阿弥陀線,一般国道２号,28216,0,1.4,,2039,,2090,4129,1.25,0.44,18.3,16.9,6,40
28603950010,曽根魚橋線,明石高砂線,一般国道２５０号,28216,0,0.8,高砂市阿弥陀町南池,3965,高砂市阿弥陀町南池,4257,8222,1.27,0.64,11.9,18.3,12,40
28603950020,曽根魚橋線,一般国道２５０号,一般国道２号,28216,0,1.2,高砂市阿弥陀町南池,3965,高砂市阿弥陀町南池,4257,8222,1.27,0.65,19.7,21.7,12,40
28603960010,豊富御国野線,大柳仁豊野線,一般国道３７２号,28201,0,2.7,,368,,366,734,1.18,0.73,40,35.6,5,40
28603960030,豊富御国野線,一般国道３７２号,神戸加古川姫路線,28201,0,1.6,姫路市御国野町深志野,2661,姫路市御国野町深志野,2525,5186,1.25,14.77,33.8,32,4.5,40
28603960040,豊富御国野線,神戸加古川姫路線,一般国道２号,28201,0,2.5,姫路市御国野町深志野,2661,姫路市御国野町深志野,2525,5186,1.25,15.09,29.4,24.2,4.5,40
28603970020,飾東御着停車場線,一般国道３７２号,一般国道３１２号,28201,0,0.3,姫路市御国野町深志野,7659,姫路市御国野町深志野,7473,15132,1.33,1.3,7.8,31.4,17,40
28603970030,飾東御着停車場線,一般国道３１２号,一般国道２号,28201,0,1.8,姫路市御国野町深志野,7659,姫路市御国野町深志野,7473,15132,1.33,1.22,20.1,13.6,18,50
28603970050,飾東御着停車場線,一般国道２号,,28201,0,0.3,姫路市御国野町深志野,7659,姫路市御国野町深志野,7473,15132,1.33,31.92,9.5,14.5,4.5,40
28603980010,花田野里線,一般国道２号,一般国道３７２号,28201,0,1.5,姫路市花田町高木,6010,姫路市花田町高木,6262,12272,1.29,27.34,16.6,22.3,5.5,40
28603980030,花田野里線,一般国道３７２号,（元）一般国道３７２号,28201,0,0.2,姫路市花田町高木,6010,姫路市花田町高木,6262,12272,1.29,0.94,8.9,12.3,18,40
28603980040,花田野里線,（元）一般国道３７２号,一般国道３１２号,28201,0,1.7,姫路市花田町高木,6010,姫路市花田町高木,6262,12272,1.29,0.97,31,18,18,40
28603990010,大塩別所線,一般国道２５０号,高砂市・姫路市境,28216,0,1.9,高砂市北浜町西浜,4335,高砂市北浜町西浜,4023,8358,1.21,0.99,32.4,37.5,9,40
28603990020,大塩別所線,高砂市・姫路市境,姫路市・高砂市境,28201,0,0.2,高砂市北浜町西浜,4335,高砂市北浜町西浜,4023,8358,1.21,0.94,48.7,47,9,40
28603990030,大塩別所線,姫路市・高砂市境,一般国道３１２号,28216,0,0.5,高砂市北浜町西浜,4335,高砂市北浜町西浜,4023,8358,1.21,0.94,30.7,21.6,9,40
28603990040,大塩別所線,一般国道３１２号,高砂市・姫路市境,28216,0,0,高砂市北浜町西浜,4335,高砂市北浜町西浜,4023,8358,1.21,0.94,17.6,20.9,9,40
28603990050,大塩別所線,高砂市・姫路市境,一般国道２号,28201,0,1.5,高砂市北浜町西浜,4335,高砂市北浜町西浜,4023,8358,1.21,1.27,24.8,21.4,8.5,40
28604010010,中島姫路停車場線,一般国道２５０号,一般国道２号,28201,0,1.9,姫路市飾磨区阿成,10903,姫路市飾磨区阿成,11084,21987,1.32,0.94,26.1,19.6,36,50
28604010015,中島姫路停車場線,一般国道２号,姫路環状線,28201,0,0.5,,8663,,11045,19708,1.32,0.81,6.9,14.5,35,50
28604010050,中島姫路停車場線,姫路環状線,姫路市道,28201,0,1.3,,,,,,,,6.9,14.5,35,50
28604010060,中島姫路停車場線,姫路市道,姫路停車場線,28201,0,0.1,,,,,,,,24.4,12.8,35,50
28604020070,白浜姫路停車場線,一般国道２５０号,妻鹿花田線,28201,0,0.3,姫路市兼田,5171,姫路市兼田,5523,10694,1.27,1.08,13.5,13.8,6.5,40
28302500275,白浜姫路停車場線,妻鹿花田線,（元）一般国道２５０号,28201,0,0.8,姫路市兼田,5171,姫路市兼田,5523,10694,1.27,0.96,20.7,26.5,7,40
28604020010,白浜姫路停車場線,（元）一般国道２５０号,北原八家線,28201,0,1.4,姫路市兼田,5171,姫路市兼田,5523,10694,1.27,2.29,24.1,20,7.5,40
28604020020,白浜姫路停車場線,北原八家線,妻鹿花田線,28201,0,1.1,姫路市兼田,5171,姫路市兼田,5523,10694,1.27,0.94,15.5,24.3,6.5,40
28604020030,白浜姫路停車場線,妻鹿花田線,妻鹿花田線,28201,0,0.9,姫路市兼田,5171,姫路市兼田,5523,10694,1.27,0.95,29.6,17.6,8.5,40
28604020040,白浜姫路停車場線,妻鹿花田線,姫路環状線,28201,0,0.3,姫路市兼田,5171,姫路市兼田,5523,10694,1.27,1.05,16,7.8,8.5,40
28604020050,白浜姫路停車場線,姫路環状線,姫路停車場線,28201,0,1.4,姫路市兼田,5171,姫路市兼田,5523,10694,1.27,1,20.2,17.8,7,40
28604040005,長谷市川線,一宮生野線,長谷市川線,28446,0,6.5,,1067,,1084,2151,1.22,0.29,47.9,49.6,12,40
28604040100,長谷市川線,長谷市川線,加美宍粟線,28446,0,0.2,,1067,,1084,2151,1.22,0.28,26.7,18.8,12,40
28604040020,長谷市川線,加美宍粟線,神河町・市川町境,28446,0,2.7,,646,,766,1412,1.18,0.23,44.9,44.6,7.6,40
28604040030,長谷市川線,神河町・市川町境,長谷市川線,28442,0,0.4,,646,,766,1412,1.18,6.76,55.4,53.9,3.1,40
28604040040,長谷市川線,長谷市川線,長谷市川線,28442,0,1.5,,646,,766,1412,1.18,6.76,32.1,39.6,3.5,40
28604040050,長谷市川線,長谷市川線,鶴居停車場線,28442,0,0.5,,646,,766,1412,1.18,0.2,11.1,39.6,9.3,40
28604040060,長谷市川線,鶴居停車場線,甘地停車場線,28442,0,3.7,神崎郡市川町小谷,2640,神崎郡市川町小谷,2680,5320,1.21,0.64,38.2,38.3,9,40
28604040010,長谷市川線,長谷市川線,加美宍粟線,28446,0,0.4,,,,,,,,5.9,10.3,12,40
28604040080,長谷市川線,長谷市川線,長谷市川線,28442,0,1.7,,1220,,1302,2522,1.22,0.34,42.2,43.6,11,40
28604050010,甘地福崎線,甘地停車場線,市川町・福崎町境,28442,0,1.3,神崎郡福崎町山崎山崎,1046,神崎郡福崎町山崎山崎,1217,2263,1.25,0.77,39.6,40.2,11.1,40
28604050020,甘地福崎線,市川町・福崎町境,田口福田線,28443,0,2.2,神崎郡福崎町山崎山崎,1046,神崎郡福崎町山崎山崎,1217,2263,1.25,0.77,40.2,36.8,11.6,40
28604050030,甘地福崎線,田口福田線,一般国道３１２号,28443,0,0.6,神崎郡福崎町山崎山崎,1046,神崎郡福崎町山崎山崎,1217,2263,1.25,2.51,20.4,18.7,5,40
28604060010,田口福田線,,前之庄市川線,28443,0,3,,765,,755,1520,1.2,6.56,24.7,24.7,8.1,40
28604060020,田口福田線,前之庄市川線,前之庄市川線,28443,0,1.2,,765,,755,1520,1.2,0.21,40.9,29.7,9.9,40
28604060030,田口福田線,前之庄市川線,甘地福崎線,28443,0,1.5,,765,,755,1520,1.2,0.22,29.7,32.3,10.7,40
28604070160,前之庄市川線,前之庄市川線,姫路神河線,28201,0,0.2,,,,,,,,32.4,22.5,1,40
28604070010,前之庄市川線,前之庄市川線,,28201,0,1.1,,,,,,,,29,15.9,7,40
28604070030,前之庄市川線,,姫路市・福崎町境,28201,0,0.8,,,,,,,,,,2,40
28604070040,前之庄市川線,姫路市・福崎町境,,28443,0,1.1,,,,,,,,,,1,40
28604070060,前之庄市川線,,田口福田線,28443,0,1.4,,,,,,,,18.6,18.6,7,40
28604070080,前之庄市川線,田口福田線,福崎町・市川町境,28443,0,2,,691,,696,1387,1.18,0.22,43.9,45.8,6.6,40
28604070100,前之庄市川線,福崎町・市川町境,（元）前之庄市川線,28442,0,1.8,,691,,696,1387,1.18,0.21,48.8,49.6,13.3,40
28604070130,前之庄市川線,（元）前之庄市川線,,28442,0,0.3,,,,,,,,24.4,31.1,9,40
28604070140,前之庄市川線,,甘地停車場線,28442,0,0.2,,,,,,,,19,20.6,9.3,40
28604080010,霧滝村岡線,若桜湯村温泉線,,28586,0,0.8,,241,,257,498,1.18,0.59,33.1,33.1,5,40
28604080030,霧滝村岡線,,新温泉町・香美町境,28586,0,2.3,,,,,,,,,,1,40
28604080040,霧滝村岡線,新温泉町・香美町境,,28585,0,3.6,,,,,,,,,,1,40
28604080060,霧滝村岡線,,,28585,0,1.6,,,,,,,,,,1,40
28604080080,霧滝村岡線,,霧滝村岡線,28585,0,0.8,,,,,,,,,,1,40
28604080100,霧滝村岡線,霧滝村岡線,一般国道４８２号,28585,0,7,美方郡香美町村岡区熊波,64,美方郡香美町村岡区熊波,67,131,1.32,0.15,19.9,19.9,5,30
28604090010,久畑香呂線,三木宍粟線,中寺北条線,28201,0,3.8,姫路市香寺町恒屋,3575,姫路市香寺町恒屋,3148,6723,1.26,1.23,32.2,35.1,9.3,40
28604090020,久畑香呂線,中寺北条線,宍粟香寺線,28201,0,2.7,姫路市香寺町恒屋,3575,姫路市香寺町恒屋,3148,6723,1.26,4.62,25.8,28.4,5.5,40
28604100010,中寺北条線,久畑香呂線,一般国道３１２号,28201,0,1.6,,1820,,1836,3656,1.25,0.53,30.7,32.9,14,40
28604100030,中寺北条線,一般国道３１２号,西田原姫路線,28201,0,1.6,神崎郡福崎町八千種庄,1510,神崎郡福崎町八千種庄,1703,3213,1.25,1.51,20.6,32.8,6,40
28604100040,中寺北条線,西田原姫路線,姫路市・福崎町境,28201,0,0.5,神崎郡福崎町八千種庄,1510,神崎郡福崎町八千種庄,1703,3213,1.25,4.2,31.3,34.8,5,40
28604100050,中寺北条線,姫路市・福崎町境,福崎町・加西市境,28443,0,2.7,神崎郡福崎町八千種庄,1510,神崎郡福崎町八千種庄,1703,3213,1.25,2.03,39.1,43,5.6,40
28604100060,中寺北条線,福崎町・加西市境,豊富北条線,28220,0,2.9,神崎郡福崎町八千種庄,1510,神崎郡福崎町八千種庄,1703,3213,1.25,2.16,43.9,41.2,5.5,40
28604110010,山之内莇野姫路線,姫路神河線,雪彦山線,28201,0,0.8,,241,,257,498,1.18,2.37,36.1,35,4,40
28604110020,山之内莇野姫路線,雪彦山線,山之内莇野姫路線,28201,0,1.6,,241,,257,498,1.18,2.37,22.5,23.5,3.5,40
28604110040,山之内莇野姫路線,山之内莇野姫路線,山之内莇野姫路線,28201,0,1.3,,,,,,,,,,1.5,40
28604110060,山之内莇野姫路線,山之内莇野姫路線,三木宍粟線,28201,0,7.6,,285,,298,583,1.17,0.09,32.5,31.3,6.5,40
28604110070,山之内莇野姫路線,三木宍粟線,宍粟香寺線,28201,0,5,,285,,298,583,1.17,0.1,42.3,45.9,8.5,40
28604110090,山之内莇野姫路線,宍粟香寺線,石倉玉田線,28201,0,4.7,姫路市刀出,6478,姫路市刀出,6173,12651,1.29,1.3,38.1,36.6,10,40
28604110100,山之内莇野姫路線,石倉玉田線,石倉玉田線,28201,0,0.1,姫路市刀出,6478,姫路市刀出,6173,12651,1.29,1.71,18.7,16.9,10,40
28604110110,山之内莇野姫路線,石倉玉田線,姫路上郡線,28201,0,1.7,姫路市刀出,6478,姫路市刀出,6173,12651,1.29,1.52,28.7,19.7,9,40
28604110120,山之内莇野姫路線,姫路上郡線,姫路新宮線,28201,0,0.6,姫路市刀出,6478,姫路市刀出,6173,12651,1.29,1.56,13,16.3,9,40
28604130010,護持下伊勢線,宍粟香寺線,菅生澗林田線,28201,0,2.6,姫路市林田町上伊勢,895,姫路市林田町上伊勢,853,1748,1.17,0.73,42.6,43.7,6,40
28604130020,護持下伊勢線,菅生澗林田線,菅生澗林田線,28201,0,1.1,姫路市林田町上伊勢,895,姫路市林田町上伊勢,853,1748,1.17,0.23,43.4,40.3,9,40
28604130030,護持下伊勢線,菅生澗林田線,上伊勢誉田線,28201,0,1.3,姫路市林田町上伊勢,895,姫路市林田町上伊勢,853,1748,1.17,0.23,45.9,46.6,6.5,40
28604130040,護持下伊勢線,上伊勢誉田線,一般国道２９号,28201,0,2,姫路市林田町上伊勢,895,姫路市林田町上伊勢,853,1748,1.17,0.24,44.7,45.9,8.5,40
28604140010,田寺今在家線,姫路神河線,姫路上郡線,28201,0,0.6,,,,,,,,22.2,8.1,6,40
28604140020,田寺今在家線,姫路上郡線,一般国道２号,28201,0,1.5,,1615,,2071,3686,1.25,0.59,8.9,19.3,16,40
28604140040,田寺今在家線,一般国道２号,和久今宿線,28201,0,2.5,姫路市岡田,7886,姫路市岡田,6441,14327,1.31,3.82,16.7,16.7,7.5,40
28604140050,田寺今在家線,和久今宿線,一般国道２号,28201,0,0.5,姫路市岡田,7886,姫路市岡田,6441,14327,1.31,3.65,11,11.7,7.5,40
28604140060,田寺今在家線,一般国道２号,付城細江線,28201,0,0.6,姫路市岡田,7886,姫路市岡田,6441,14327,1.31,1.34,19,23.3,18,40
28604140070,田寺今在家線,付城細江線,姫路環状線,28201,0,1,姫路市岡田,7886,姫路市岡田,6441,14327,1.31,1.43,23.3,20.3,7,40
28604140080,田寺今在家線,姫路環状線,一般国道２５０号,28201,0,0.7,姫路市岡田,7886,姫路市岡田,6441,14327,1.31,32.84,18.8,20.4,4,40
28604150010,和久今宿線,東觜崎網干停車場線,大江島太子線,28201,0,1.3,姫路市勝原区朝日谷,3902,姫路市勝原区朝日谷,4044,7946,1.27,22.35,16.8,16.5,6,40
28604150020,和久今宿線,大江島太子線,大江島太子線,28201,0,0.6,姫路市勝原区朝日谷,3902,姫路市勝原区朝日谷,4044,7946,1.27,0.77,13.9,12.3,13,40
28604150030,和久今宿線,大江島太子線,才広畑線,28201,0,2.3,姫路市広畑区小坂,7915,姫路市広畑区小坂,7489,15404,1.31,1.11,17.2,19.8,18,50
28604150040,和久今宿線,才広畑線,広畑青山線,28201,0,1,姫路市広畑区小坂,7915,姫路市広畑区小坂,7489,15404,1.31,1.2,17.1,8.5,16,50
28604150050,和久今宿線,広畑青山線,姫路環状線,28201,0,0.2,姫路市中地,10197,姫路市中地,8197,18394,1.28,1.58,11.4,13.5,16,50
28604150060,和久今宿線,姫路環状線,英賀保停車場線,28201,0,1,姫路市中地,10197,姫路市中地,8197,18394,1.28,1.58,7.9,13.2,15,50
28604150070,和久今宿線,英賀保停車場線,付城細江線,28201,0,0.3,姫路市中地,10197,姫路市中地,8197,18394,1.28,1.51,16.2,16.7,15.5,50
28604150080,和久今宿線,付城細江線,一般国道２号,28201,0,0.4,姫路市中地,10197,姫路市中地,8197,18394,1.28,1.44,19.8,19.5,14.5,50
28604150090,和久今宿線,一般国道２号,田寺今在家線,28201,0,1,姫路市中地,10197,姫路市中地,8197,18394,1.28,1.4,20.9,19.9,14.5,50
28604150100,和久今宿線,田寺今在家線,一般国道２号,28201,0,2.6,姫路市中地,10197,姫路市中地,8197,18394,1.28,1.03,18.9,11.8,20,50
28604170010,広畑青山線,英賀保停車場線,和久今宿線,28201,0,1,姫路市広畑区西蒲田,9368,姫路市広畑区西蒲田,8096,17464,1.32,1.43,14.6,11.8,8,40
28604170020,広畑青山線,和久今宿線,市道八幡１８２号線,28201,0,2.7,姫路市広畑区西蒲田,9368,姫路市広畑区西蒲田,8096,17464,1.32,1.33,14.4,14.9,15.5,40
28604170030,広畑青山線,市道八幡１８２号線,一般国道２号,28201,0,1.6,姫路市広畑区西蒲田,9368,姫路市広畑区西蒲田,8096,17464,1.32,1.38,19.5,13.4,15.5,40
28604180010,付城細江線,和久今宿線,田寺今在家線,28201,0,0.9,,2130,,2384,4514,1.25,0.43,18.8,28.2,6.5,40
28604180020,付城細江線,田寺今在家線,姫路港線,28201,0,1.6,,2130,,2384,4514,1.25,0.42,17.5,15.7,12,40
28604190010,才広畑線,和久今宿線,一般国道２５０号,28201,0,1.3,姫路市広畑区早瀬町2丁目,4528,姫路市広畑区早瀬町2丁目,3361,7889,1.27,1.35,14.2,10.6,16,40
28604200010,石倉太子線,姫路新宮線,姫路上郡線,28201,0,1.5,揖保郡太子町上太田,3481,揖保郡太子町上太田,3594,7075,1.24,6.79,29.6,28.6,5,40
28604200020,石倉太子線,姫路上郡線,一般国道２９号,28201,0,1.2,揖保郡太子町上太田,3481,揖保郡太子町上太田,3594,7075,1.24,0.94,33,40.9,12,40
28604200030,石倉太子線,一般国道２９号,姫路市・太子町境,28201,0,0.1,揖保郡太子町上太田,3481,揖保郡太子町上太田,3594,7075,1.24,0.9,30,27.4,12,40
28604200040,石倉太子線,姫路市・太子町境,上太田鵤線,28464,0,1.1,揖保郡太子町上太田,3481,揖保郡太子町上太田,3594,7075,1.24,0.9,49.8,49.3,12,40
28604200050,石倉太子線,上太田鵤線,一般国道１７９号,28464,0,1.3,揖保郡太子町上太田,3481,揖保郡太子町上太田,3594,7075,1.24,2.01,21.8,18.4,7.8,40
28604210010,大江島太子線,一般国道２５０号,和久今宿線,28201,0,2.5,姫路市網干区田井,5062,姫路市網干区田井,5175,10237,1.28,1.23,18.6,17.9,8.5,40
28604210030,大江島太子線,和久今宿線,姫路市・太子町境,28201,0,1.5,姫路市網干区田井,5062,姫路市網干区田井,5175,10237,1.28,0.91,12.9,16.4,8.5,40
28604210040,大江島太子線,姫路市・太子町境,一般国道１７９号,28464,0,0.4,姫路市網干区田井,5062,姫路市網干区田井,5175,10237,1.28,0.76,27.3,10,7,40
28604230010,西脇誉田線,姫路上郡線,姫路市・太子町境,28201,0,0.5,,2115,,2704,4819,1.25,0.54,15.2,44.2,12,50
28604230020,西脇誉田線,姫路市・太子町境,太子町・たつの市境,28464,0,2.2,,2115,,2704,4819,1.25,0.51,40,40.3,12,40
28604230030,西脇誉田線,太子町・たつの市境,一般国道１７９号,28229,0,1,,2115,,2704,4819,1.25,3.36,29.5,24.8,5.1,40
28604240010,上太田鵤線,石倉太子線,町道丸山線,28464,0,1.6,,5157,,5175,10332,1.28,0.97,33.8,30.1,16,40
28604240020,上太田鵤線,町道丸山線,一般国道１７９号,28464,0,1.2,揖保郡太子町佐用岡,5080,揖保郡太子町佐用岡,4857,9937,1.28,0.84,27.6,15.7,10.5,40
28604250010,宮真浦線,,網手の浜加野線,28201,0,1.9,姫路市家島町真浦,219,姫路市家島町真浦,271,490,1.17,2.76,8,8,4,30
28604260010,網手の浜加野線,宮真浦線,,28201,0,1.8,姫路市家島町真浦,101,姫路市家島町真浦,116,217,1.13,0.8,24.4,24.4,4.5,40
28604270010,坊勢島線,,,28201,0,1,姫路市家島町坊勢,271,姫路市家島町坊勢,270,541,1.21,2.19,19.3,19.3,4,40
28604280010,森添三方線,,道谷三方線,28227,0,0.4,,397,,420,817,1.17,4.47,11.6,10.2,4.5,40
28604280020,森添三方線,道谷三方線,一般国道４２９号,28227,0,0.9,,397,,420,817,1.17,0.14,28.9,27.4,11,40
28604290010,岩野辺山崎線,一般国道４２９号,,28227,0,1.4,,153,,147,300,1.2,0.39,34.4,40.2,5,40
28604290020,岩野辺山崎線,,大沢岩野辺線,28227,0,0.2,,276,,232,508,1.22,0.07,33.2,41.2,8,60
28604290030,岩野辺山崎線,大沢岩野辺線,,28227,0,0.1,,,,,,,,,,5,60
28604290050,岩野辺山崎線,,岩野辺山崎線,28227,0,3.7,,,,,,,,,,1,60
28604290070,岩野辺山崎線,岩野辺山崎線,上ノ波賀線,28227,0,3.5,,,,,,,,25.6,29.5,5.5,60
28604290080,岩野辺山崎線,上ノ波賀線,塩田一宮線,28227,0,5.2,宍粟市山崎町中野,848,宍粟市山崎町中野,933,1781,1.21,0.19,45.4,51.4,7.5,40
28604290090,岩野辺山崎線,塩田一宮線,一般国道２９号,28227,0,5.8,宍粟市山崎町下町,2466,宍粟市山崎町下町,2570,5036,1.25,0.61,41.7,36.5,6,40
28604300010,東河内安富線,,宍粟市・姫路市境,28227,0,1.8,,,,,,,,,,1,40
28604300020,東河内安富線,宍粟市・姫路市境,,28201,0,2.2,,,,,,,,,,1,40
28604300040,東河内安富線,,名坂宍粟線,28201,0,9.9,姫路市安富町皆河,195,姫路市安富町皆河,198,393,1.18,0.05,42.1,38.8,7.5,40
28604300050,東河内安富線,名坂宍粟線,三木宍粟線,28201,0,2,姫路市安富町皆河,195,姫路市安富町皆河,198,393,1.18,0.05,39.8,42.3,8.5,50
28604320010,宇原新宮線,宍粟香寺線,宍粟市・たつの市境,28227,0,1,,1126,,1335,2461,1.22,0.34,38.8,42.6,10,40
28604320020,宇原新宮線,宍粟市・たつの市境,上笹千本停車場線,28229,0,1,,1126,,1335,2461,1.22,2.82,49.7,47.2,5,40
28604320030,宇原新宮線,上笹千本停車場線,宍粟新宮線,28229,0,2.4,,1126,,1335,2461,1.22,1.61,35,40.7,7.5,40
28604330010,塩田三日月線,,塩田一宮線,28227,0,1.7,,691,,696,1387,1.18,7.04,30,23,4.5,50
28604330020,塩田三日月線,塩田一宮線,宍粟下徳久線,28227,0,1.9,,691,,696,1387,1.18,7.04,34.1,32.3,4,50
28604330040,塩田三日月線,宍粟下徳久線,,28227,0,0.8,,241,,257,498,1.18,0.07,45,45,7,60
28604330060,塩田三日月線,,宍粟市・佐用町境,28227,0,1.3,,,,,,,,,,1,40
28604330070,塩田三日月線,宍粟市・佐用町境,,28501,0,2.6,,,,,,,,,,2,40
28604330090,塩田三日月線,,一般国道１７９号,28501,0,4.9,佐用郡佐用町下本郷,181,佐用郡佐用町下本郷,203,384,1.21,0.07,50.4,50.4,10.5,40
28604340010,上笹千本停車場線,宇原新宮線,宍粟新宮線,28229,0,0.5,,462,,483,945,1.17,0.35,25.1,27.1,8,40
28604340020,上笹千本停車場線,宍粟新宮線,一般国道１７９号,28229,0,5.2,,462,,483,945,1.17,0.11,38.7,38.2,7,40
28604340040,上笹千本停車場線,一般国道１７９号,,28229,0,0.2,,462,,483,945,1.17,0.11,2.9,28.4,6.8,40
28604350010,上伊勢誉田線,護持下伊勢線,一般国道２９号,28201,0,2.2,,1878,,1998,3876,1.25,0.46,36.4,39.4,7,40
28604350020,上伊勢誉田線,一般国道２９号,姫路市・たつの市境,28201,0,1.3,たつの市神岡町沢田,4316,たつの市神岡町沢田,3950,8266,1.22,3.21,23.8,30.8,5.5,40
28604350030,上伊勢誉田線,姫路市・たつの市境,姫路新宮線,28229,0,0.6,たつの市神岡町沢田,4316,たつの市神岡町沢田,3950,8266,1.22,3.09,34,36.7,5.5,40
28604350040,上伊勢誉田線,姫路新宮線,姫路上郡線,28229,0,3.2,たつの市神岡町沢田,4316,たつの市神岡町沢田,3950,8266,1.22,0.78,34.3,28.5,7,40
28604350050,上伊勢誉田線,姫路上郡線,一般国道１７９号,28229,0,1.9,たつの市神岡町沢田,4316,たつの市神岡町沢田,3950,8266,1.22,1.66,34.2,30,7,40
28604360010,大住寺東觜崎停車場線,姫路新宮線,,28229,0,0.7,,2059,,1824,3883,1.25,1.13,16.6,21,5.5,40
28604370010,東觜崎網干停車場線,姫路新宮線,姫路上郡線,28229,0,2,たつの市神岡町東觜崎,5105,たつの市神岡町東觜崎,4956,10061,1.28,0.85,23.6,29.5,11,50
28604370030,東觜崎網干停車場線,姫路上郡線,本竜野停車場線,28229,0,0.4,たつの市龍野町富永,6624,たつの市龍野町富永,6848,13472,1.3,0.86,20.7,16.4,15,50
28604370040,東觜崎網干停車場線,本竜野停車場線,一般国道１７９号,28229,0,0.2,たつの市龍野町富永,6624,たつの市龍野町富永,6848,13472,1.3,0.86,16.5,10.1,15,50
28604370060,東觜崎網干停車場線,一般国道１７９号,一般国道２号,28229,0,2.5,,1771,,1592,3363,1.25,2.05,25.3,26.9,5.5,40
28604370070,東觜崎網干停車場線,一般国道２号,門前鵤線,28229,0,0.4,,1128,,760,1888,1.21,0.75,31.2,21.2,6,40
28604370080,東觜崎網干停車場線,門前鵤線,たつの市・太子町境,28229,0,1,,1128,,760,1888,1.21,0.94,16.8,29.8,7,40
28604370090,東觜崎網干停車場線,たつの市・太子町境,太子町・姫路市境,28464,0,2.8,,1128,,760,1888,1.21,0.94,38.7,40.7,5.5,40
28604370100,東觜崎網干停車場線,太子町・姫路市境,太子御津線,28201,0,0.1,,1128,,760,1888,1.21,0.94,17.5,15.9,5.5,40
28604370110,東觜崎網干停車場線,太子御津線,和久今宿線,28201,0,0.2,,4035,,3849,7884,1.27,0.73,15.5,20.8,7.5,40
28604400010,桑原北山揖保川線,一般国道２号,姫路上郡線,28229,0,5.2,,2142,,2292,4434,1.25,0.43,36.7,40.6,10.5,40
28604410010,中島揖保川線,網干停車場新舞子線,岩見揖保川線,28229,0,3,たつの市揖保川町市場,4123,たつの市揖保川町市場,4020,8143,1.26,1.04,34.9,33.3,8,40
28604410020,中島揖保川線,岩見揖保川線,岩見揖保川線,28229,0,1.9,たつの市揖保川町市場,4123,たつの市揖保川町市場,4020,8143,1.26,0.93,41,42.3,7.5,40
28604410030,中島揖保川線,岩見揖保川線,たつの竜野停車場線,28229,0,0.7,たつの市揖保川町山津屋,2096,たつの市揖保川町山津屋,1993,4089,1.25,0.45,24,15.8,8.5,40
28604420010,岩見揖保川線,一般国道２５０号,中島揖保川線,28229,0,3.9,たつの市揖保川町浦部,2211,たつの市揖保川町浦部,2219,4430,1.25,0.7,42.1,39.7,10.1,40
28604420030,岩見揖保川線,中島揖保川線,一般国道２号,28229,0,2.9,たつの市揖保川町原,2340,たつの市揖保川町原,2363,4703,1.25,0.52,41.8,41.8,11.5,40
28604430010,上三河平福線,若桜下三河線,一般国道３７３号,28501,0,9.4,,261,,278,539,1.17,0.07,39.6,30.8,9.5,60
28604440010,中三河佐用線,若桜下三河線,中三河佐用線,28501,0,0.2,,368,,366,734,1.18,0.73,31.3,31.3,5,40
28604440030,中三河佐用線,中三河佐用線,中三河佐用線,28501,0,2.8,,,,,,,,,,2.5,40
28604440050,中三河佐用線,中三河佐用線,一般国道３７３号,28501,0,4.6,佐用郡佐用町口長谷,105,佐用郡佐用町口長谷,119,224,1.2,0.04,30.3,37.6,9.5,40
28604490010,多賀相生線,吉永下徳久線,,28501,0,4.4,,268,,231,499,1.22,0.1,31,36.8,6.5,40
28604490030,多賀相生線,,,28501,0,1,,,,,,,,,,2.5,40
28604490040,多賀相生線,,,28501,0,0.7,,,,,,,,27.1,27.1,4,40
28604490060,多賀相生線,,上郡末広線,28481,0,5.3,,241,,257,498,1.18,0.59,44.8,48.4,5,60
28604490080,多賀相生線,上郡末広線,,28481,0,1.4,,368,,366,734,1.18,2.91,11.3,14.8,3.5,40
28604490100,多賀相生線,,野桑有年停車場線,28481,0,1,,,,,,,,,,1,40
28604490110,多賀相生線,野桑有年停車場線,上郡町・相生市境,28481,0,0.6,,,,,,,,,,1,40
28604490120,多賀相生線,上郡町・相生市境,,28208,0,2.5,,,,,,,,,,1,40
28604490140,多賀相生線,,姫路上郡線,28208,0,1.9,,368,,366,734,1.18,0.41,86.8,30,9,60
28604490150,多賀相生線,姫路上郡線,一般国道２号,28208,0,3.1,相生市矢野町上土井,430,相生市矢野町上土井,449,879,1.17,0.13,37.6,34.6,9,40
28604500010,野桑有年停車場線,多賀相生線,野桑有年停車場線,28481,0,1.1,,,,,,,,,,1,40
28604500030,野桑有年停車場線,野桑有年停車場線,姫路上郡線,28481,0,4.5,,306,,336,642,1.18,2.68,33,33,4,40
28604500050,野桑有年停車場線,姫路上郡線,一般国道３７３号,28481,0,2.9,,266,,290,556,1.17,0.07,29.5,36.1,8.5,40
28604500070,野桑有年停車場線,一般国道２号,,28212,0,0,,266,,290,556,1.17,0.52,1.7,6.3,5,40
28604510010,西新宿上郡線,吉永下徳久線,佐用町・上郡町境,28501,0,0.7,,,,,,,,,,2,40
28604510020,西新宿上郡線,佐用町・上郡町境,西新宿上郡線,28481,0,1.9,,,,,,,,,,2,40
28604510035,西新宿上郡線,西新宿上郡線,西新宿上郡線,28481,0,5.6,,616,,773,1389,1.18,0.21,38.1,46.3,9,40
28604510060,西新宿上郡線,西新宿上郡線,上郡停車場線,28481,0,1.2,赤穂郡上郡町上郡,1551,赤穂郡上郡町上郡,1286,2837,1.18,0.33,40.3,26.7,10,40
28604570010,高尾有年横尾線,赤穂佐伯線,周世有年原線,28212,0,0.6,,205,,233,438,1.21,0.05,28.3,34.6,9,40
28604570020,高尾有年横尾線,周世有年原線,周世尾崎線,28212,0,0.8,,205,,233,438,1.21,0.05,53.6,42.4,9,40
28604570030,高尾有年横尾線,周世尾崎線,一般国道２号,28212,0,3.3,,205,,233,438,1.21,1.48,36.3,28.1,4,40
28604580010,壺根坂越線,相生壷根公園線,,28212,0,0.2,,939,,1025,1964,1.22,0.23,31.5,35,7,40
28604580020,壺根坂越線,,,28212,0,2.2,,939,,1025,1964,1.22,0.29,30.4,40.4,9,40
28604580030,壺根坂越線,,,28212,0,0.2,,939,,1025,1964,1.22,0.27,32.9,46.2,12.2,40
28604580040,壺根坂越線,,坂越御崎加里屋線,28212,0,0.4,,939,,1025,1964,1.22,0.26,40.1,43.1,8.5,40
28604590005,周世尾崎線,高尾有年横尾線,,28212,0,4.2,,401,,446,847,1.17,1.12,39.7,32.3,5,40
28604590010,周世尾崎線,,一般国道２５０号,28212,0,0.3,赤穂市高野,574,赤穂市高野,587,1161,1.21,1.41,21.5,10.1,5,40
28604590060,周世尾崎線,一般国道２５０号,,28212,0,0.1,,,,,,,,13.4,18.6,5,40
28302500510,周世尾崎線,,坂越御崎加里屋線,28212,0,0.8,,8011,,7557,15568,1.31,1.11,34.2,32.1,14.4,50
28302500520,周世尾崎線,坂越御崎加里屋線,,28212,0,0.1,,8011,,7557,15568,1.31,1.29,20.8,20.4,12.5,50
28604590030,周世尾崎線,,,28212,0,1.6,赤穂市尾崎,3697,赤穂市尾崎,3578,7275,1.27,0.9,53.4,53.4,11,40
28604590040,周世尾崎線,,坂越御崎加里屋線,28212,0,2,赤穂市尾崎,3697,赤穂市尾崎,3578,7275,1.27,0.96,28.8,23.9,12.5,40
28604600010,野島浦線,福良江井岩屋線,佐野仁井岩屋線,28226,0,4.2,,306,,336,642,1.18,0.67,31.4,32.6,5,30
28604600020,野島浦線,佐野仁井岩屋線,一般国道２８号（本四道路）,28226,0,2.6,,569,,651,1220,1.18,0.67,24,31.2,8,30
28604600030,野島浦線,一般国道２８号（本四道路）,一般国道２８号,28226,0,0.4,,569,,651,1220,1.18,0.17,21.5,13.4,14,30
28604620010,仁井黒谷線,佐野仁井岩屋線,生穂育波線,28226,0,6.9,,998,,1183,2181,1.22,11.18,22.3,22.3,4,30
28604630004,室津志筑線,福良江井岩屋線,（元）室津志筑線,28226,0,11.3,,569,,586,1155,1.18,4.64,44.5,44.5,4,30
28604630030,室津志筑線,（元）室津志筑線,（元）室津志筑線,28226,0,0.1,,569,,586,1155,1.18,0.2,10.4,13.8,5,30
28604630010,室津志筑線,（元）室津志筑線,大谷鮎原神代線,28226,0,0.4,,569,,586,1155,1.18,0.14,6.8,7.6,8,30
28604640010,尾崎志筑線,福良江井岩屋線,大谷鮎原神代線,28226,0,7.3,,1314,,1536,2850,1.25,0.32,42.8,43.4,9.5,30
28604650010,多賀洲本線,志筑郡家線,明神安乎線,28226,0,5.3,,,,,,,,,,5,30
28604650020,多賀洲本線,明神安乎線,明神安乎線,28226,0,1,,998,,1183,2181,1.22,2.79,36.8,28.8,5,30
28604650030,多賀洲本線,明神安乎線,淡路市・洲本市境,28226,0,0.6,,998,,1183,2181,1.22,2.79,37.2,35.7,5,30
28604650040,多賀洲本線,淡路市・洲本市境,大谷鮎原神代線,28205,0,1.9,,998,,1183,2181,1.22,2.79,31.9,32.7,5,30
28604650060,多賀洲本線,大谷鮎原神代線,安乎鮎原線,28205,0,1.8,,998,,1183,2181,1.22,0.32,35.6,42.4,7.5,30
28604650070,多賀洲本線,安乎鮎原線,洲本五色線,28205,0,0.3,,998,,1183,2181,1.22,2.79,35.4,28.5,5,30
28604650090,多賀洲本線,洲本五色線,（元）洲本五色線,28205,0,6.4,,998,,1183,2181,1.22,2.79,18.5,16.8,5,30
28604660010,鮎原江井線,大谷鮎原神代線,洲本市・淡路市境,28205,0,3.1,,729,,736,1465,1.19,1.84,30.5,35.1,5,30
28604660020,鮎原江井線,洲本市・淡路市境,明神安乎線,28226,0,1.3,,729,,736,1465,1.19,1.84,36.4,36.4,5,30
28604660030,鮎原江井線,明神安乎線,明神安乎線,28226,0,0.6,淡路市高山乙,262,淡路市高山乙,246,508,1.2,0.55,25.6,32.9,5,30
28604660040,鮎原江井線,明神安乎線,福良江井岩屋線,28226,0,3.8,淡路市高山乙,262,淡路市高山乙,246,508,1.2,0.65,46.3,38.5,5,30
28604670010,木曽上中田線,大谷鮎原神代線,志筑郡家線,28226,0,3.9,淡路市大町畑,77,淡路市大町畑,70,147,1.32,0.12,31.8,31.8,5,30
28604680010,明神安乎線,福良江井岩屋線,,28226,0,0.1,,,,,,,,31.8,26.2,5.5,30
28604680020,明神安乎線,,鮎原江井線,28226,0,3.4,,,,,,,,41.5,56.3,5,30
28604680040,明神安乎線,鮎原江井線,多賀洲本線,28226,0,0.4,,,,,,,,26.1,23.4,5,30
28604680060,明神安乎線,多賀洲本線,大谷鮎原神代線,28226,0,2.6,,,,,,,,32.3,32.2,5,30
28604680080,明神安乎線,大谷鮎原神代線,淡路市・洲本市境,28226,0,0.6,,891,,1031,1922,1.22,1.9,30.9,36.5,5,30
28604680090,明神安乎線,淡路市・洲本市境,洲本市・淡路市境,28205,0,2.1,,891,,1031,1922,1.22,1.9,30.7,33.8,5,30
28604680100,明神安乎線,洲本市・淡路市境,上内膳塩尾線,28226,0,0.1,,891,,1031,1922,1.22,0,36.2,35.3,5,30
28604680120,明神安乎線,上内膳塩尾線,上内膳塩尾線,28226,0,0,,891,,1031,1922,1.22,1.09,28.3,24.4,5.5,30
28604680130,明神安乎線,上内膳塩尾線,淡路市・洲本市境,28226,0,0.8,,891,,1031,1922,1.22,1.9,44.6,42.3,5,30
28604680140,明神安乎線,淡路市・洲本市境,一般国道２８号,28205,0,1.2,,891,,1031,1922,1.22,1.98,35.6,30.1,5,30
28604690010,上内膳塩尾線,洲本松帆線,下内膳物部線,28205,0,1.6,洲本市下内膳,6668,洲本市下内膳,6105,12773,1.28,0.91,29.4,35.6,10,30
28604690020,上内膳塩尾線,下内膳物部線,（元）洲本五色線,28205,0,1.2,洲本市下内膳,6668,洲本市下内膳,6105,12773,1.28,4.1,27.2,31.3,8,30
28604690040,上内膳塩尾線,（元）洲本五色線,安乎鮎原線,28205,0,3.5,洲本市中川原町二ツ石,1737,洲本市中川原町二ツ石,1803,3540,1.25,0.4,38.4,42,9.5,40
28604690050,上内膳塩尾線,安乎鮎原線,洲本市・淡路市境,28205,0,1,洲本市中川原町二ツ石,1737,洲本市中川原町二ツ石,1803,3540,1.25,1.82,36.3,35.1,5.5,40
28604690060,上内膳塩尾線,洲本市・淡路市境,明神安乎線,28226,0,0.3,洲本市中川原町二ツ石,1737,洲本市中川原町二ツ石,1803,3540,1.25,1.82,32.1,32.4,5.5,40
28604690070,上内膳塩尾線,明神安乎線,一般国道２８号,28226,0,2,洲本市中川原町二ツ石,1737,洲本市中川原町二ツ石,1803,3540,1.25,0.39,37.5,29.2,10,40
28604700010,倭文五色線,洲本松帆線,鳥飼浦洲本線,28224,0,3.9,南あわじ市倭文安住寺,238,南あわじ市倭文安住寺,231,469,1.21,0.57,37.5,36.2,7.5,30
28604700020,倭文五色線,鳥飼浦洲本線,鳥飼浦洲本線,28205,0,0.2,南あわじ市倭文安住寺,238,南あわじ市倭文安住寺,231,469,1.21,0.65,31.5,40,5,30
28604700030,倭文五色線,鳥飼浦洲本線,大谷鮎原神代線,28205,0,3.3,南あわじ市倭文安住寺,238,南あわじ市倭文安住寺,231,469,1.21,0.65,32.5,35.2,5,30
28604700050,倭文五色線,大谷鮎原神代線,福良江井岩屋線,28205,0,4.1,,1181,,1213,2394,1.22,2.53,39.2,40.5,7,30
28604710010,安乎鮎原線,上内膳塩尾線,多賀洲本線,28205,0,4.1,,729,,736,1465,1.19,1.84,28.2,28.2,5,30
28604720110,鳥飼浦洲本線,福良江井岩屋線,,28205,0,1.3,洲本市五色町下堺,1663,洲本市五色町下堺,1661,3324,1.25,0.33,48.7,52.8,10,40
28604720010,鳥飼浦洲本線,,大谷鮎原神代線,28205,0,1.6,洲本市五色町下堺,1663,洲本市五色町下堺,1661,3324,1.25,0.41,42.6,38.4,8,40
28604720030,鳥飼浦洲本線,大谷鮎原神代線,洲本市・南あわじ市境,28205,0,2.3,洲本市五色町上堺,973,洲本市五色町上堺,927,1900,1.22,0.2,47.8,46.5,9.5,40
28604720040,鳥飼浦洲本線,洲本市・南あわじ市境,倭文五色線,28224,0,0,洲本市五色町上堺,973,洲本市五色町上堺,927,1900,1.22,1.6,40,45.2,5,40
28604720060,鳥飼浦洲本線,倭文五色線,南あわじ市・洲本市境,28224,0,1,洲本市五色町上堺,973,洲本市五色町上堺,927,1900,1.22,0.22,40.1,38.6,6,40
28604720070,鳥飼浦洲本線,南あわじ市・洲本市境,洲本松帆線,28205,0,3.6,洲本市五色町上堺,973,洲本市五色町上堺,927,1900,1.22,0.2,41.7,38.8,7,40
28604720090,鳥飼浦洲本線,洲本松帆線,一般国道２８号,28205,0,0.3,洲本市五色町上堺,973,洲本市五色町上堺,927,1900,1.22,0.25,24.2,17.1,13.5,40
28604730010,広田洲本線,一般国道２８号,南あわじ市・洲本市境,28224,0,1.4,洲本市宇原,4033,洲本市宇原,4308,8341,1.27,0.7,19.9,31.4,9,40
28604730020,広田洲本線,南あわじ市・洲本市境,畑田組栄町線,28205,0,2.2,洲本市宇原,4033,洲本市宇原,4308,8341,1.27,0.68,35.5,36,9,40
28604730030,広田洲本線,畑田組栄町線,下内膳物部線,28205,0,2.3,洲本市宇原,4033,洲本市宇原,4308,8341,1.27,0.7,30.1,27.6,9.5,40
28604730040,広田洲本線,下内膳物部線,相川下清水線,28205,0,0.5,洲本市宇原,4033,洲本市宇原,4308,8341,1.27,0.73,13.4,22.8,9.5,40
28604730050,広田洲本線,相川下清水線,洲本灘賀集線,28205,0,0.4,洲本市宇原,4033,洲本市宇原,4308,8341,1.27,0.86,14.5,10.6,10.5,40
28604740010,下内膳物部線,,上内膳塩尾線,28205,0,0.8,,1878,,1998,3876,1.25,11.97,14.2,19,4,30
28604740030,下内膳物部線,上内膳塩尾線,,28205,0,0.4,,1878,,1998,3876,1.25,3.43,21.4,30.6,5,30
28604740040,下内膳物部線,,洲本松帆線,28205,0,0.6,,1878,,1998,3876,1.25,1.71,27.8,13,5.5,30
28604740060,下内膳物部線,洲本五色線,広田洲本線,28205,0,0.9,,548,,607,1155,1.18,0.16,26.2,26.6,9,30
28604740080,下内膳物部線,上内膳塩尾線,洲本五色線,28205,0,0.5,,1891,,2022,3913,1.25,0.42,21.2,26,14,30
28604760010,津井津井港線,,阿万福良湊線,28224,0,1.8,,368,,366,734,1.18,0.73,32,34,5,30
28604770010,阿那賀市線,阿万福良湊線,福良江井岩屋線,28224,0,8.9,南あわじ市志知奥,1533,南あわじ市志知奥,1701,3234,1.25,0.4,47.4,44.3,7.5,50
28604770020,阿那賀市線,福良江井岩屋線,大谷鮎原神代線,28224,0,1.9,南あわじ市志知奥,1533,南あわじ市志知奥,1701,3234,1.25,0.34,31.5,37.4,10,50
28604770030,阿那賀市線,大谷鮎原神代線,市八木線,28224,0,0.2,,5157,,5175,10332,1.28,1.26,22.8,28.6,9,40
28604770040,阿那賀市線,市八木線,一般国道２８号,28224,0,2.1,,1393,,1115,2508,1.22,0.26,23.8,24.5,6.5,30
28604780010,市八木線,阿那賀市線,松帆八木線,28224,0,1.4,,5157,,5175,10332,1.28,1.13,30.2,31.9,9.5,40
28604810010,相川下清水線,洲本灘賀集線,,28205,0,3.4,,,,,,,,,,2.5,40
28604810030,相川下清水線,,広田洲本線,28205,0,12.2,洲本市千草,85,洲本市千草,88,173,1,1.3,27.7,27.7,4,30
28604820010,沼島線,,,28224,0,0.1,,206,,211,417,1.21,0.05,36,36,10,40
28604870010,平野舞子停車場線,一般国道１７５号,,28111,0,0.7,,,,,,,,19.9,35.5,11.4,40
28604870050,平野舞子停車場線,明石神戸宝塚線,一般国道２号（神戸西バイパス一般部）,28111,0,0.3,神戸市西区伊川谷町長坂,7597,神戸市西区伊川谷町長坂,8817,16414,1.32,1.2,18.9,21.2,8.1,30
28604870070,平野舞子停車場線,一般国道２号（神戸西バイパス一般部）,,28111,0,0.7,神戸市西区伊川谷町長坂,7597,神戸市西区伊川谷町長坂,8817,16414,1.32,1.44,7.5,22.1,7.9,30
28604870080,平野舞子停車場線,,漆山多聞線,28111,0,0.2,神戸市西区伊川谷町長坂,7597,神戸市西区伊川谷町長坂,8817,16414,1.32,0.59,10,8.5,20,30
28604870090,平野舞子停車場線,漆山多聞線,神戸市西区・神戸市垂水区境,28111,0,0.6,,3994,,3974,7968,1.27,0.34,17.7,21.6,18.8,50
28604870100,平野舞子停車場線,神戸市西区・神戸市垂水区境,舞子多聞線,28108,0,4.2,,3994,,3974,7968,1.27,0.38,24.2,19.8,25.5,50
28604870110,平野舞子停車場線,舞子多聞線,一般国道２号,28108,0,0.7,,4828,,4377,9205,1.27,0.28,25.9,19.5,19.3,50
28810200010,平野舞子停車場線,一般国道１７５号,西神１号線,28111,0,0.6,神戸市西区平野町下村,5669,神戸市西区平野町下村,5435,11104,1.28,1.05,,,15,40
28604880010,長坂垂水線,,神戸市西区・神戸市垂水区境,28111,0,0.9,,,,,,,,18.2,18.8,6,40
28604880020,長坂垂水線,神戸市西区・神戸市垂水区境,,28108,0,0.4,,,,,,,,17.1,21.9,7.5,40
28604880030,長坂垂水線,,神戸市垂水区・神戸市西区境,28108,0,0.2,,,,,,,,24.7,26.2,7,40
28604880035,長坂垂水線,神戸市垂水区・神戸市西区境,長坂垂水線,28111,0,0.1,,,,,,,,22.2,20.9,12.4,40
28604880270,長坂垂水線,長坂垂水線,,28108,0,0.6,,,,,,,,26.1,30.2,12,40
28604880250,長坂垂水線,,多聞小寺線,28108,0,0.6,,,,,,,,27.9,27,12,40
28604880060,長坂垂水線,一般国道２号（神戸西バイパス一般部）,高速道路湾岸線,28108,0,1.1,,7839,,8045,15884,1.31,0.71,15.4,23.1,34.6,50
28604880070,長坂垂水線,高速道路湾岸線,須磨多聞線,28108,0,0.3,,12784,,13638,26422,1.34,0.87,6.9,22.6,27.1,40
28604880080,長坂垂水線,須磨多聞線,神戸加古川姫路線,28108,0,0.1,,12784,,13638,26422,1.34,1.94,13.7,10.6,10,40
28604880100,長坂垂水線,神戸加古川姫路線,長坂垂水線,28108,0,0.5,,8503,,8917,17420,1.32,0.47,30.4,32.6,23,50
28604880110,長坂垂水線,長坂垂水線,長坂垂水線,28108,0,0.4,,8503,,8917,17420,1.32,0.42,29.7,32.2,20,40
28604880120,長坂垂水線,長坂垂水線,名谷高丸線,28108,0,0.8,,8503,,8917,17420,1.32,0.63,27.7,25,21,40
28604880130,長坂垂水線,名谷高丸線,長坂垂水線,28108,0,1.2,神戸市垂水区向陽３丁目,9295,神戸市垂水区向陽３丁目,9485,18780,1.31,0.66,19.8,26.2,20.5,40
28604880150,長坂垂水線,長坂垂水線,一般国道２号,28108,0,1.2,神戸市垂水区向陽３丁目,9295,神戸市垂水区向陽３丁目,9485,18780,1.31,0.94,19.6,16.1,17.1,40
28604880040,長坂垂水線,長坂垂水線,多聞小寺線,28111,0,1.4,,,,,,,,,,12.4,40
28604880170,長坂垂水線,長坂垂水線,長坂垂水線,28108,0,1.4,,8088,,8127,16215,1.31,31.5,21.2,12.8,7.8,40
28604880190,長坂垂水線,長坂垂水線,,28108,0,1,,8088,,8127,16215,1.31,32.92,18.2,22.4,7.8,40
28604880210,長坂垂水線,,,28108,0,0.3,,8088,,8127,16215,1.31,0,8.3,10,10.39,40
28604880230,長坂垂水線,,一般国道２号,28108,0,0.1,,8088,,8127,16215,1.31,2.1,4.6,,4,40
28604890010,兵庫埠頭線,,西出高松前池線,28105,0,0.1,,4456,,4335,8791,1.27,0.25,18.6,14,34,40
28604890020,兵庫埠頭線,西出高松前池線,一般国道２号,28105,0,1.2,,4456,,4335,8791,1.27,0.46,19.8,17,26.4,40
28604910010,摩耶埠頭線,灘浜住吉川線,高速神戸西宮線,28102,0,0.1,神戸市灘区味泥町,9112,神戸市灘区味泥町,6930,16042,1.29,0.29,9.6,12.8,44,50
28604910020,摩耶埠頭線,高速神戸西宮線,一般国道２号,28102,0,0.1,神戸市灘区味泥町,9112,神戸市灘区味泥町,6930,16042,1.29,0.23,12.3,7.8,60.8,50
28605020010,英賀保停車場線,和久今宿線,広畑青山線,28201,0,1.6,姫路市飾磨区英賀東町,8090,姫路市飾磨区英賀東町,7758,15848,1.32,1.56,10.5,13.4,21,40
28605020020,英賀保停車場線,広畑青山線,一般国道２５０号,28201,0,0.6,姫路市飾磨区英賀東町,8090,姫路市飾磨区英賀東町,7758,15848,1.32,1.99,6.9,11.3,16,40
28605030010,姫路木材港線,,一般国道２５０号,28201,0,1.3,姫路市網干区浜田,3538,姫路市網干区浜田,4128,7666,1.27,1.06,24.9,23.8,18,50
28605040010,雪彦山線,,山之内莇野姫路線,28201,0,3.1,,306,,336,642,1.18,2.68,33.9,34.2,4,40
28605050010,新宮林田線,一般国道１７９号,新宮林田線,28229,0,1.8,,160,,167,327,1.18,0.03,8.3,16.5,10,40
28605050030,新宮林田線,新宮林田線,新宮林田線,28229,0,0.5,,,,,,,,,,1.8,40
28605050050,新宮林田線,新宮林田線,一般国道２９号,28201,0,0.9,,368,,366,734,1.18,2.91,,,3,40
28605060010,市野瀬有馬線,西脇三田線,楠原三木線,28215,0,1.9,,2338,,2230,4568,1.25,0.49,41.7,46.1,10,40
28605060020,市野瀬有馬線,楠原三木線,,28215,0,2.8,,780,,812,1592,1.2,0.22,51.3,51.6,10,40
28605060030,市野瀬有馬線,,三木三田線,28109,0,3.1,,1166,,1251,2417,1.22,0.33,52,49.7,10,40
28605060050,市野瀬有馬線,三木三田線,有野八多線,28109,0,0.9,,3744,,3726,7470,1.27,0.98,18.3,39.9,9.6,50
28605060060,市野瀬有馬線,有野八多線,神戸三田線,28109,0,2.1,,3744,,3726,7470,1.27,1.12,33.2,20.3,7.4,40
28605060080,市野瀬有馬線,神戸三田線,,28109,0,0.9,神戸市北区有野町有野,4086,神戸市北区有野町有野,4772,8858,1.27,1.09,16,18.7,10.3,40
28605060090,市野瀬有馬線,,,28109,0,1.7,,1943,,1860,3803,1.25,0.32,46.6,43.2,10.3,40
28605060100,市野瀬有馬線,,,28204,0,0.5,,1943,,1860,3803,1.25,0.43,39.6,41.5,9.1,40
28605060110,市野瀬有馬線,,有馬山口線,28109,0,0.2,,2777,,2541,5318,1.25,0.86,33.4,15.5,8.6,40
28605070010,島川原線,川西篠山線,,28301,0,3.4,,339,,367,706,1.18,0.09,32.8,45.1,9,40
28605070030,島川原線,,猪名川町・三田市境,28301,0,0.9,,,,,,,,,,2,40
28605070040,島川原線,猪名川町・三田市境,,28219,0,0.9,,,,,,,,,,1.5,40
28605070060,島川原線,,三田後川上線,28219,0,3.4,,368,,366,734,1.18,0.09,25.3,30.5,7,40
28605080010,瀬利小田中線,本郷東浜谷線,,28221,0,0.3,,241,,257,498,1.18,0.59,9.4,9.4,5,40
28605080030,瀬利小田中線,,,28221,0,1.1,,,,,,,,,,2,40
28605080050,瀬利小田中線,,一般国道１７３号,28221,0,5.1,丹波篠山市口県守,130,丹波篠山市口県守,141,271,1.32,0.16,27.8,27.8,5.5,40
28605090010,桑原栗柄線,本郷辻線,篠山三和線,28221,0,5.9,,299,,329,628,1.18,2.62,22.4,29.4,3.5,60
28605100010,万勝寺久留美線,大畑小野線,小野市・三木市境,28218,0,0.7,,995,,964,1959,1.22,0.27,37.7,47.8,7,50
28605100020,万勝寺久留美線,小野市・三木市境,三木市・小野市境,28215,0,1.8,,995,,964,1959,1.22,2.1,41.3,46.7,5,50
28605100030,万勝寺久留美線,三木市・小野市境,小野市・三木市境,28218,0,1.2,,995,,964,1959,1.22,2.1,38.9,41.8,5,50
28605100040,万勝寺久留美線,小野市・三木市境,加古川三田線,28215,0,1.7,,995,,964,1959,1.22,2.1,46,34.4,5,50
28605120010,新田大沢線,下相野森線,三田西インター吉川線,28215,0,2.6,,412,,484,896,1.17,0.14,45.3,43.1,7,40
28605120020,新田大沢線,三田西インター吉川線,広野永福線,28215,0,1,,412,,484,896,1.17,0.62,19.9,40.7,5.5,40
28605120040,新田大沢線,広野永福線,西脇三田線,28215,0,3.1,,412,,484,896,1.17,0.13,40.8,36.5,8,40
28605130010,三木環状線,加古川三田線,三木三田線,28215,0,3,三木市宿原,3093,三木市宿原,2533,5626,1.26,0.97,42.1,32.4,10,40
28605130030,三木環状線,三木三田線,志染土山線,28215,0,1.6,三木市別所町小林,5699,三木市別所町小林,5163,10862,1.3,1.16,28.1,18.9,6.5,40
28605130040,三木環状線,志染土山線,神戸三木線,28215,0,0.1,三木市別所町小林,5699,三木市別所町小林,5163,10862,1.3,1.16,12.8,3,6.5,40
28605130060,三木環状線,神戸三木線,一般国道１７５号,28215,0,2,三木市別所町小林,5699,三木市別所町小林,5163,10862,1.3,1.06,16.1,23.7,9,40
28605130070,三木環状線,一般国道１７５号,三木市・稲美町境,28215,0,2.6,三木市別所町興治,5281,三木市別所町興治,5550,10831,1.28,0.92,24,43.4,10,40
28605130080,三木環状線,三木市・稲美町境,野村明石線,28381,0,0.1,三木市別所町興治,5281,三木市別所町興治,5550,10831,1.28,0.92,47.3,33,10,40
28605130090,三木環状線,野村明石線,稲美町・三木市境,28381,0,0.1,三木市別所町東這田,455,三木市別所町東這田,441,896,1.25,0.84,16.1,26.2,5,40
28605130100,三木環状線,稲美町・三木市境,三木市・稲美町境,28215,0,0.6,三木市別所町東這田,455,三木市別所町東這田,441,896,1.25,0.84,19.1,29.9,5,40
28605130110,三木環状線,三木市・稲美町境,稲美町・三木市境,28381,0,0.6,三木市別所町東這田,455,三木市別所町東這田,441,896,1.25,0.15,37.5,17,8.5,40
28605130120,三木環状線,稲美町・三木市境,加古川三田線,28215,0,2.2,三木市別所町東這田,455,三木市別所町東這田,441,896,1.25,0.84,32.3,31.3,5,40
28605140010,志染土山線,三木三田線,三木三田線,28215,0,0.4,,552,,615,1167,1.18,0.11,14.2,21.6,7,40
28605140020,志染土山線,三木三田線,三木環状線,28215,0,1.6,,552,,615,1167,1.18,3.39,21.1,20.8,3,40
28605140030,志染土山線,三木環状線,神戸三木線,28215,0,0.1,,552,,615,1167,1.18,3.39,11.1,4.4,3,40
28605140050,志染土山線,野村明石線,神戸加古川姫路線,28381,0,0.5,加古郡稲美町六分一,6853,加古郡稲美町六分一,5592,12445,1.29,1.33,23.9,12,13,40
28605140060,志染土山線,神戸加古川姫路線,野谷平岡線,28381,0,1.2,加古郡稲美町六分一,6853,加古郡稲美町六分一,5592,12445,1.29,1.31,16.5,23.2,11,40
28605140070,志染土山線,野谷平岡線,大久保稲美加古川線,28381,0,0.9,加古郡稲美町六分一,6853,加古郡稲美町六分一,5592,12445,1.29,1.36,39.6,32.6,9,40
28605140080,志染土山線,大久保稲美加古川線,六分一神出線,28381,0,1.9,加古郡稲美町六分一,6853,加古郡稲美町六分一,5592,12445,1.29,1.25,36.2,34.3,9,40
28605140090,志染土山線,六分一神出線,平荘大久保線,28381,0,0.1,加古郡稲美町六分一,6853,加古郡稲美町六分一,5592,12445,1.29,4.19,17.3,9.9,6,40
28605140100,志染土山線,平荘大久保線,宗佐土山線,28381,0,2.1,加古郡稲美町六分一,6853,加古郡稲美町六分一,5592,12445,1.29,1.36,24.9,21.8,10.5,40
28605140110,志染土山線,宗佐土山線,稲美町・明石市境,28381,0,0,加古郡稲美町六分一,6853,加古郡稲美町六分一,5592,12445,1.29,0.33,8.7,13.5,23.8,40
28605140120,志染土山線,稲美町・明石市境,一般国道２号,28203,0,0.6,加古郡稲美町六分一,6853,加古郡稲美町六分一,5592,12445,1.29,0.53,11.6,7.5,18,40
28605140130,志染土山線,一般国道２号,一般国道２号,28203,0,0.4,加古郡稲美町六分一,6853,加古郡稲美町六分一,5592,12445,1.29,0.6,9.3,7.8,21,40
28605150010,小原宝殿停車場線,一般国道３７２号,姫路市・加古川市境,28201,0,0.1,,1259,,1413,2672,1.24,0.36,14.4,27.7,10,40
28605150020,小原宝殿停車場線,姫路市・加古川市境,一乗寺法華口線,28210,0,1.8,,1259,,1413,2672,1.24,0.28,51,54.1,7,40
28605150030,小原宝殿停車場線,一乗寺法華口線,小野志方線,28210,0,4.3,,1259,,1413,2672,1.24,0.3,42.2,42.2,10.5,40
28605150040,小原宝殿停車場線,小野志方線,神戸加古川姫路線,28210,0,0.5,加古川市西神吉町鼎,3495,加古川市西神吉町鼎,4154,7649,1.27,0.97,22.8,20.5,10,40
28605150050,小原宝殿停車場線,神戸加古川姫路線,志方魚橋線,28210,0,0.3,加古川市西神吉町鼎,3495,加古川市西神吉町鼎,4154,7649,1.27,0.89,14.5,27.8,7,40
28605150060,小原宝殿停車場線,志方魚橋線,平荘魚橋線,28210,0,2.6,加古川市西神吉町鼎,3495,加古川市西神吉町鼎,4154,7649,1.27,0.8,29.1,29.4,7,40
28605150070,小原宝殿停車場線,平荘魚橋線,一般国道２号,28210,0,0.3,加古川市西神吉町鼎,3495,加古川市西神吉町鼎,4154,7649,1.27,0.89,21.3,14.3,7,40
28605150080,小原宝殿停車場線,一般国道２号,加古川市・高砂市境,28210,0,0.1,加古川市西神吉町鼎,3495,加古川市西神吉町鼎,4154,7649,1.27,0.74,13.2,18.4,7,40
28605150090,小原宝殿停車場線,加古川市・高砂市境,飾東宝殿停車場線,28216,0,0.3,加古川市西神吉町鼎,3495,加古川市西神吉町鼎,4154,7649,1.27,1.89,17.9,9.2,6.5,40
28605160005,姫路環状線,和久今宿線,四ツ池線,28201,0,0.6,,2007,,1911,3918,1.25,0.48,9.7,23.5,9,40
28605160010,姫路環状線,四ツ池線,一般国道２号,28201,0,3.6,,2007,,1911,3918,1.25,0.42,29.5,15.2,9,40
28605160020,姫路環状線,一般国道２号,姫路上郡線,28201,0,2.2,,2007,,1911,3918,1.25,0.49,29.5,15.2,7.5,40
28605160030,姫路環状線,姫路上郡線,姫路神河線,28201,0,0.9,,2007,,1911,3918,1.25,1.05,24,13.9,6,40
28605160050,姫路環状線,姫路神河線,砥堀本町線,28201,0,4.3,,4376,,4070,8446,1.27,1.62,19.6,25,7,40
28605160060,姫路環状線,砥堀本町線,砥堀本町線,28201,0,0.5,,4376,,4070,8446,1.27,0.69,14.3,19,15,40
28605160070,姫路環状線,砥堀本町線,一般国道３１２号,28201,0,0.4,,4376,,4070,8446,1.27,0.63,14.6,10.8,11.5,40
28605160090,姫路環状線,一般国道２号,姫路市道,28201,0,0.5,姫路市市之郷,11439,姫路市市之郷,11341,22780,1.31,0.56,17.2,18.4,36,40
28604010020,姫路環状線,姫路市道,中島姫路停車場線,28201,0,1,姫路市南条,9398,姫路市南条,11375,20773,1.32,0.59,20.7,23.3,35,50
28605160120,姫路環状線,一般国道２５０号,田寺今在家線,28201,0,0.9,姫路市飾磨区今在家4丁目,3313,姫路市飾磨区今在家4丁目,3496,6809,1.26,0.58,11.1,12.7,17,40
28605160130,姫路環状線,田寺今在家線,和久今宿線,28201,0,1.3,姫路市飾磨区今在家4丁目,3313,姫路市飾磨区今在家4丁目,3496,6809,1.26,0.55,19.2,13.5,18,40
28302500280,妻鹿花田線,白浜姫路停車場線,一般国道２５０号,28201,0,0.5,姫路市飾磨区妻鹿,5248,姫路市飾磨区妻鹿,5219,10467,1.29,1,15.8,21.4,6.5,40
28605170010,妻鹿花田線,一般国道２５０号,一般国道２号,28201,0,2.1,,3523,,4425,7948,1.27,0.63,,29.6,7,40
28605170020,妻鹿花田線,一般国道２号,白浜姫路停車場線,28201,0,0.2,,3523,,4425,7948,1.27,1.45,,23,5,40
28605170034,妻鹿花田線,白浜姫路停車場線,妻鹿花田線,28201,0,2.6,,3523,,4425,7948,1.27,0.46,,34.4,6.5,40
28605170050,妻鹿花田線,妻鹿花田線,妻鹿花田線,28201,0,0.3,,,,,,,,31.2,18.7,6.5,40
28605170040,妻鹿花田線,妻鹿花田線,一般国道２号,28201,0,0.5,,3523,,4425,7948,1.27,0.46,,6.4,6.5,40
28605170037,妻鹿花田線,妻鹿花田線,妻鹿花田線,28201,0,0.4,,3523,,4425,7948,1.27,0.46,,22.5,6.5,40
28605180010,砥堀本町線,一般国道３１２号,姫路環状線,28201,0,2.9,姫路市河間町,7292,姫路市河間町,8497,15789,1.31,1.52,13.3,18.2,8,40
28605180030,砥堀本町線,姫路環状線,一般国道２号,28201,0,2.5,姫路市河間町,7292,姫路市河間町,8497,15789,1.31,1.21,14.5,15,21,40
28605190010,菅生澗林田線,宍粟香寺線,護持下伊勢線,28201,0,2.5,,558,,577,1135,1.17,0.72,40.8,42.5,5.5,40
28605190030,菅生澗林田線,護持下伊勢線,一般国道２９号,28201,0,3.2,,669,,662,1331,1.18,0.16,27.1,34.7,7,40
28605200010,大沢岩野辺線,千種新宮線,,28227,0,4.6,,,,,,,,28.4,28.4,4,40
28605200030,大沢岩野辺線,,大沢岩野辺線,28227,0,1.2,,,,,,,,9.7,9.7,1,40
28605200050,大沢岩野辺線,大沢岩野辺線,岩野辺山崎線,28227,0,1.3,,276,,232,508,1.22,0.07,45,44.8,7,60
28605210010,道谷三方線,養父波賀線,,28227,0,2,,,,,,,,57.6,57.6,3.5,40
28605210030,道谷三方線,,,28227,0,9.5,,,,,,,,,,3.5,40
28605210050,道谷三方線,,森添三方線,28227,0,5.8,,306,,336,642,1.18,2.68,30.3,17.6,3.5,40
28605220010,名坂宍粟線,東河内安富線,,28201,0,0.6,,368,,366,734,1.18,0.73,25.7,25.7,5.5,40
28605220030,名坂宍粟線,,姫路市・宍粟市境,28201,0,0.6,,,,,,,,,,1,40
28605220040,名坂宍粟線,姫路市・宍粟市境,名坂宍粟線,28227,0,0.3,,,,,,,,,,1,40
28605220060,名坂宍粟線,名坂宍粟線,,28227,0,3.6,,368,,366,734,1.18,2.91,28.3,28.3,3,40
28605370015,名坂宍粟線,,田井中広瀬線,28227,0,0.3,,368,,366,734,1.18,2.91,31.9,29.8,4.5,40
28605230010,塩田一宮線,塩田三日月線,,28227,0,0.4,,,,,,,,26.7,26.7,5,60
28605230030,塩田一宮線,,塩田一宮線,28227,0,1.2,,,,,,,,,,1,40
28605230050,塩田一宮線,塩田一宮線,岩野辺山崎線,28227,0,1.2,,558,,577,1135,1.17,5.08,28.8,22.5,3.5,60
28605230070,塩田一宮線,岩野辺山崎線,塩田一宮線,28227,0,2.2,,558,,577,1135,1.17,5.08,35.8,34.2,4,60
28605230090,塩田一宮線,塩田一宮線,塩田一宮線,28227,0,1.5,,,,,,,,,,1,40
28605230110,塩田一宮線,塩田一宮線,塩田一宮線,28227,0,0.4,,,,,,,,,,3.5,60
28605230130,塩田一宮線,塩田一宮線,,28227,0,1.4,,,,,,,,,,1,40
28605230150,塩田一宮線,,,28227,0,1.6,宍粟市山崎町与位,394,宍粟市山崎町与位,411,805,1.17,3.07,31.9,22.1,4,40
28605230160,塩田一宮線,,,28227,0,0.6,宍粟市山崎町与位,394,宍粟市山崎町与位,411,805,1.17,0.09,33.2,25.6,11,40
28605230170,塩田一宮線,,一般国道２９号,28227,0,0.6,宍粟市山崎町与位,394,宍粟市山崎町与位,411,805,1.17,0.1,44.7,25.4,9.5,40
28605240010,才金宗行線,宮原力石線,下庄佐用線,28501,0,7.9,佐用郡佐用町西河内,139,佐用郡佐用町西河内,142,281,1.18,1.47,25.7,25.7,4.5,40
28605240020,才金宗行線,下庄佐用線,,28501,0,0.2,,,,,,,,14.7,14.7,3,60
28605240040,才金宗行線,,才金宗行線,28501,0,1.4,,,,,,,,,,1.5,40
28605240060,才金宗行線,才金宗行線,一般国道３７３号,28501,0,0.2,,,,,,,,,,5.5,40
28605250010,周世有年原線,高尾有年横尾線,一般国道２号,28212,0,5.3,赤穂市中山,159,赤穂市中山,85,244,1.2,1.03,41.6,34.4,4,40
28605260010,与布土桑市線,檜倉山東線,,28225,0,3.1,,,,,,,,33.1,33.1,2,40
28605260030,与布土桑市線,,一般国道３１２号,28225,0,3.9,,413,,366,779,1.18,0.11,48.1,48.1,9.5,40
28605260050,与布土桑市線,一般国道３１２号,十二所澤線,28225,0,0.3,,413,,366,779,1.18,0.14,13.5,16,9,50
28605270010,畑宮田線,浅野山東線,養父市・朝来市境,28222,0,1.1,養父市畑,39,養父市畑,52,91,1.32,0.03,29.6,29.6,6,40
28605270020,畑宮田線,養父市・朝来市境,,28225,0,1.6,養父市畑,39,養父市畑,52,91,1.32,0.01,19.9,34.1,8,40
28605270030,畑宮田線,,一般国道９号,28225,0,2.2,養父市畑,39,養父市畑,52,91,1.32,0.01,38.2,30.7,12.5,40
28605280010,寺坂福住線,一般国道４２６号,一般国道４２６号,28209,0,3.8,豊岡市出石町上野,372,豊岡市出石町上野,357,729,1.18,0.96,33.9,26.8,5,40
28605290010,八代石井線,日高竹野線,一般国道４８２号,28209,0,4.6,豊岡市日高町頃垣,198,豊岡市日高町頃垣,224,422,1.17,0.07,58.1,50.1,7,40
28605310010,茅野福岡線,一般国道４８２号,茅野福岡線,28585,0,1.1,,241,,257,498,1.18,2.37,42.7,26.2,4,40
28605310030,茅野福岡線,茅野福岡線,茅野福岡線,28585,0,5.1,,,,,,,,,,1,40
28605310050,茅野福岡線,茅野福岡線,一般国道９号,28585,0,4.8,,306,,336,642,1.18,0.27,32.3,36.1,6,40
28605320010,朝阪山南線,福知山山南線,福知山山南線,28223,0,3.7,,1798,,1803,3601,1.25,0.44,51.2,47.7,7,40
28605340010,畑田組栄町線,洲本灘賀集線,畑田組栄町線,28205,0,0.2,,558,,577,1135,1.17,5.08,14.1,14.1,4,20
28605340030,畑田組栄町線,畑田組栄町線,畑田組栄町線,28205,0,4.4,,,,,,,,,,1.5,30
28605340050,畑田組栄町線,畑田組栄町線,広田洲本線,28205,0,8.5,,544,,560,1104,1.17,1.12,28.2,28.2,5,30
28605350010,灘市線,洲本灘賀集線,灘市線,28224,0,5.8,,998,,1183,2181,1.22,11.18,42.7,35.6,3,60
28605350030,灘市線,灘市線,灘市線,28224,0,3.3,,,,,,,,,,2,40
28605350050,灘市線,灘市線,一般国道２８号,28224,0,5,,1771,,1592,3363,1.25,0.48,33.5,32,6.5,40
28605360010,口小野庄境線,町分久美浜線,香住大谷線,28209,0,3.1,豊岡市出石町安良,844,豊岡市出石町安良,809,1653,1.18,2.02,37.1,26.8,5,40
28605360030,口小野庄境線,香住大谷線,香住大谷線,28209,0,3,,368,,366,734,1.18,2.91,38.7,37.8,4.5,40
28605360040,口小野庄境線,香住大谷線,永留豊岡線,28209,0,0.8,,368,,366,734,1.18,0.09,41.3,41.5,9.5,40
28605360050,口小野庄境線,永留豊岡線,永留豊岡線,28209,0,1.6,豊岡市中谷,1460,豊岡市中谷,1415,2875,1.25,0.42,40.1,40.1,9.5,40
28605360060,口小野庄境線,永留豊岡線,一般国道３１２号,28209,0,3,豊岡市中谷,1460,豊岡市中谷,1415,2875,1.25,0.4,41.2,33.7,11,40
28605370005,田井中広瀬線,一般国道２９号,,28227,0,2.7,宍粟市山崎町中,2984,宍粟市山崎町中,3432,6416,1.26,0.74,46.9,47.3,7.5,40
28605370040,田井中広瀬線,,名坂宍粟線,28227,0,2.3,宍粟市山崎町中,2984,宍粟市山崎町中,3432,6416,1.26,0.75,45.8,45.7,10,40
28605370020,田井中広瀬線,名坂宍粟線,一般国道２９号,28227,0,1.5,宍粟市山崎町中,2984,宍粟市山崎町中,3432,6416,1.26,0.76,38.6,31.8,10,40
28605380010,篭坊温泉線,福住三田線,杉生能勢線,28221,0,1.2,,368,,366,734,1.18,2.91,28.9,28.9,4,40
28605390010,東播磨港線,,本荘平岡線,28382,0,0.7,加古郡播磨町本荘,6270,加古郡播磨町本荘,6711,12981,1.3,0.68,30.9,17.5,21.2,40
28605400010,飾磨港線,,一般国道２５０号,28201,0,2.5,,2039,,2090,4129,1.25,0.36,35.2,23.5,10.5,40
28605410010,神池寺線,,市島和知線,28223,0,5,,299,,329,628,1.18,0.65,13.6,13.6,5,40
28605430010,上宿栃梨線,一般国道３７２号,一般国道１７３号,28221,0,4.7,,406,,404,810,1.17,0.42,40.7,39.7,5.5,40
28605440010,丸山南新町線,,本郷東浜谷線,28221,0,4.6,,406,,404,810,1.17,0.74,17.5,22.8,5,40
28605440020,丸山南新町線,本郷東浜谷線,篠山山南線,28221,0,1.5,,406,,404,810,1.17,0.13,21.3,20.9,8.5,40
28605450010,石倉玉田線,一般国道２９号,山之内莇野姫路線,28201,0,3,姫路市書写,4997,姫路市書写,4823,9820,1.26,0.72,26.7,30.1,12,40
28605450030,石倉玉田線,山之内莇野姫路線,姫路神河線,28201,0,3,姫路市書写,4997,姫路市書写,4823,9820,1.26,0.71,29.8,23.4,14.5,40
28605450050,石倉玉田線,山之内莇野姫路線,,28201,0,0.6,姫路市書写,4997,姫路市書写,4823,9820,1.26,0.74,29.5,41.7,11,40
28605460010,上ノ波賀線,岩野辺山崎線,,28227,0,7.7,,,,,,,,31,31,4,60
28605460030,上ノ波賀線,,上ノ波賀線,28227,0,2.3,,,,,,,,,,2.5,40
28605460050,上ノ波賀線,上ノ波賀線,一般国道２９号,28227,0,1.2,,558,,577,1135,1.17,5.08,18.5,18.5,4,60
28605470010,横坂下徳久線,一般国道３７３号,宍粟下徳久線,28501,0,4.8,,306,,336,642,1.18,0.67,35.8,35.8,5,30
28605480010,戸島玄武洞豊岡線,豊岡竹野線,一般国道１７８号,28209,0,7.7,豊岡市赤石,761,豊岡市赤石,697,1458,1.17,0.26,47.8,47.2,9,40
28605480020,戸島玄武洞豊岡線,一般国道１７８号,下宮六地蔵線,28209,0,1.2,豊岡市赤石,761,豊岡市赤石,697,1458,1.17,8.42,16.9,21.5,4,40
28605480030,戸島玄武洞豊岡線,下宮六地蔵線,（元）一般国道４２６号,28209,0,0.3,豊岡市赤石,761,豊岡市赤石,697,1458,1.17,10.3,30.8,15,4,40
28605490010,久斗山今岡線,山田新温泉線,熊谷味取線,28586,0,3.5,,180,,192,372,1.2,2.23,22.5,21.3,4,30
28605490020,久斗山今岡線,熊谷味取線,浜坂井土線,28586,0,4.3,,180,,192,372,1.2,0.17,40.2,39.3,6.5,40
28605500010,熊谷味取線,久斗山今岡線,新温泉町・香美町境,28586,0,6,,475,,420,895,1.17,0.92,40.6,40.6,5,40
28605500020,熊谷味取線,新温泉町・香美町境,香住村岡線,28585,0,2.9,,475,,420,895,1.17,0.92,27,27,5,40
28605510010,国分寺白浜線,一般国道２号,北原八家線,28201,0,0.7,姫路市継,8906,姫路市継,10384,19290,1.32,1.43,7.5,14,16,50
28605510020,国分寺白浜線,北原八家線,一般国道２５０号,28201,0,1.1,姫路市継,8906,姫路市継,10384,19290,1.32,1.51,18.6,21.7,16,50
28605520010,北原八家線,白浜姫路停車場線,国分寺白浜線,28201,0,1.4,,940,,1029,1969,1.22,0.31,15.7,19.8,8.5,40
28605520020,北原八家線,国分寺白浜線,一般国道２５０号,28201,0,1.3,,940,,1029,1969,1.22,7.69,18.8,19.4,4.5,40
28605530010,別府平岡線,明石高砂線,加古川市・播磨町境,28210,0,0.4,,6256,,6187,12443,1.29,1.46,11.2,15.9,7,40
28605530020,別府平岡線,加古川市・播磨町境,一般国道２５０号,28382,0,1.2,,6256,,6187,12443,1.29,33.38,19.4,12.8,4,40
28605530040,別府平岡線,本荘平岡線,播磨町・加古川市境,28382,0,2.2,,6256,,6187,12443,1.29,1.6,18.6,17.1,12.5,40
28605530050,別府平岡線,播磨町・加古川市境,一般国道２号,28210,0,0.1,,6256,,6187,12443,1.29,1.46,9.9,4.8,7.6,40
28605550010,曽根阿弥陀線,,一般国道２５０号,28216,0,1.1,,2333,,2197,4530,1.25,0.34,21.3,11.4,7.4,40
28605550030,曽根阿弥陀線,一般国道２号,一般国道２号,28216,0,0.7,高砂市中筋1丁目,5022,高砂市中筋1丁目,5112,10134,1.28,0.64,12.1,25.8,21,40
28605560010,後山上石井線,後山上石井線,一般国道３７３号,28501,0,9.4,,306,,336,642,1.18,0.67,29.8,33.6,5,40
28605570010,大津西有年線,岡山赤穂線,一般国道２号,28212,0,9.7,,569,,586,1155,1.18,4.64,37.7,37.7,4.5,40
28605580010,天谷佐田線,但東夜久野線,,28209,0,0.2,,,,,,,,57.2,59.4,2,40
28605580030,天谷佐田線,,,28209,0,0,,,,,,,,57.8,58.3,1,40
28605580050,天谷佐田線,,佐々木小谷線,28209,0,2.2,,,,,,,,,,2,40
28605580070,天谷佐田線,佐々木小谷線,一般国道４２６号,28209,0,3.4,,306,,336,642,1.18,2.68,26,26,4.5,40
28605590010,門柳大門線,,黒田庄多井田線,28213,0,5.5,,1771,,1592,3363,1.25,3.52,32.8,32.4,5,30
28602940170,門柳大門線,黒田庄多井田線,門柳大門線,28213,0,0.7,西脇市黒田庄町大門,728,西脇市黒田庄町大門,1342,2070,1.25,0.36,22.5,20.4,6.5,40
28605590030,門柳大門線,門柳大門線,一般国道１７５号,28213,0,0.6,西脇市黒田庄町津万井,1744,西脇市黒田庄町津万井,1657,3401,1.27,0.34,23.7,23.7,7,40
28605610010,湯谷和田線,一般国道９号,新温泉町・香美町境,28586,0,4,,466,,491,957,1.17,0.17,35.8,35.8,7,40
28605610020,湯谷和田線,新温泉町・香美町境,丸味竹田線,28585,0,0.4,,466,,491,957,1.17,0.17,32.2,32.2,7,40
28605610030,湯谷和田線,丸味竹田線,一般国道９号,28585,0,4.4,,466,,491,957,1.17,0.17,30.6,32.3,7,40
28605620010,佐用停車場線,,一般国道１７９号,28501,0,0.5,,1503,,1103,2606,1.23,0.47,16.4,16.1,7,30
28605640010,厚利社線,小野藍本線,一般国道３７２号,28228,0,6.4,加東市山国,2871,加東市山国,2805,5676,1.28,0.65,33.1,32.6,13.6,40
28605660010,上鴨川西脇線,一般国道３７２号,加東市・西脇市境,28228,0,1.4,西脇市鹿野町,1498,西脇市鹿野町,1713,3211,1.25,0.4,47.1,50.4,7,40
28605660020,上鴨川西脇線,加東市・西脇市境,黒田庄多井田線,28213,0,4.8,西脇市鹿野町,1498,西脇市鹿野町,1713,3211,1.25,0.43,52.2,50.7,7,40
28605660040,上鴨川西脇線,黒田庄多井田線,一般国道１７５号,28213,0,0.5,西脇市鹿野町,1498,西脇市鹿野町,1713,3211,1.25,0.52,33.3,21,7,40
28605670010,東古瀬穂積線,一般国道１７５号,大門小田線,28228,0,1.4,加東市東実,4814,加東市東実,4719,9533,1.28,0.66,33.4,36.3,9.5,40
28605670020,東古瀬穂積線,大門小田線,松尾青野ヶ原停車場線,28228,0,1.3,加東市東実,4814,加東市東実,4719,9533,1.28,0.68,39.3,41.1,7.5,40
28605670030,東古瀬穂積線,松尾青野ヶ原停車場線,一般国道３７２号,28228,0,0.4,加東市東実,4814,加東市東実,4719,9533,1.28,0.75,29.8,16.8,9.5,40
28605670040,東古瀬穂積線,一般国道３７２号,,28228,0,0.4,加東市梶原,5327,加東市梶原,5658,10985,1.28,1.03,20.3,20.6,7.5,40
28303720240,東古瀬穂積線,,,28228,0,0.3,加東市梶原,5327,加東市梶原,5658,10985,1.28,1,20.4,27.6,10.7,40
28605670060,東古瀬穂積線,,西脇三田線,28228,0,1.3,加東市梶原,5327,加東市梶原,5658,10985,1.28,0.89,22.6,23.7,9.5,40
28605680010,相生壷根公園線,壺根坂越線,一般国道２５０号,28208,0,4.5,,241,,257,498,1.18,0.08,41.4,34.1,6,40
28605700010,有馬富士公園線,,一般国道１７６号,28219,0,1.5,三田市福島,5697,三田市福島,5459,11156,1.29,0.52,34.4,16.4,25,50
28605730010,芦屋鳴尾浜線,,東灘芦屋線,28206,0,1.3,芦屋市陽光町,5319,芦屋市陽光町,5972,11291,1.28,1.15,20.9,40,15.2,50
28605730020,芦屋鳴尾浜線,東灘芦屋線,高速湾岸線,28206,0,0.4,芦屋市陽光町,5319,芦屋市陽光町,5972,11291,1.28,0.95,50.8,54.7,31.2,50
28605730030,芦屋鳴尾浜線,高速湾岸線,芦屋市・西宮市境,28206,0,0.5,芦屋市陽光町,5319,芦屋市陽光町,5972,11291,1.28,1.26,52.4,57.9,9.8,50
28605730040,芦屋鳴尾浜線,芦屋市・西宮市境,高速湾岸線,28204,0,0.9,芦屋市陽光町,5319,芦屋市陽光町,5972,11291,1.28,1.07,18,18.9,9.8,50
28605730050,芦屋鳴尾浜線,高速湾岸線,高速湾岸線,28204,0,1.6,西宮市甲子園浜１丁目,5408,西宮市甲子園浜１丁目,5905,11313,1.33,0.93,35.9,53.3,9.8,50
28605730060,芦屋鳴尾浜線,高速湾岸線,高速湾岸線,28204,0,1.7,西宮市甲子園浜１丁目,5408,西宮市甲子園浜１丁目,5905,11313,1.33,0.93,46.9,38,9.8,50
28606010010,杉生能勢線,川西篠山線,猪名川町・丹波篠山市境,28301,0,1,,241,,257,498,1.18,0.59,35.2,35.2,5,60
28606010020,杉生能勢線,猪名川町・丹波篠山市境,篭坊温泉線,28221,0,0.7,,241,,257,498,1.18,0.59,27.1,27.1,5,40
28606010030,杉生能勢線,篭坊温泉線,杉生能勢線,28221,0,0.9,,241,,257,498,1.18,0.59,26.6,29.3,5,40
28606020010,島能勢線,川西篠山線,島能勢線,28301,0,3,川辺郡猪名川町鎌倉,616,川辺郡猪名川町鎌倉,536,1152,1.18,0.14,44.9,45.8,7.5,40
28606030010,能勢猪名川線,能勢猪名川線,川西三田線,28301,0,5.5,,737,,883,1620,1.2,0.21,36.3,36,8,40
28606040010,野間出野一庫線,野間出野一庫線,吉野下田尻線,28217,0,0.4,,2119,,2180,4299,1.25,0.67,15,25.8,7,40
28606040020,野間出野一庫線,吉野下田尻線,国崎野間口線,28217,0,1.7,,2119,,2180,4299,1.25,0.67,49,48.4,8.5,40
28606040030,野間出野一庫線,国崎野間口線,野間出野一庫線,28217,0,1.8,,2119,,2180,4299,1.25,0.67,51.7,50.1,8.5,40
28606040050,野間出野一庫線,野間出野一庫線,一般国道１７３号,28217,0,1.5,,2119,,2180,4299,1.25,0.67,42.6,39.2,11,40
28606050010,国崎野間口線,野間出野一庫線,一般国道４７７号,28217,0,2.5,,276,,232,508,1.22,0.07,46.1,45.2,7.5,40
28606050030,国崎野間口線,一般国道４７７号,,28217,0,0.6,,1771,,1592,3363,1.25,0.45,18,18,7,40
28606050040,国崎野間口線,,国崎野間口線,28217,0,1.7,,,,,,,,,,2,40
28606060010,西宮豊中線,一般国道２号,,28204,0,0.7,西宮市神祇官町,5754,西宮市神祇官町,5440,11194,1.28,0.93,10.6,11.4,13,40
28606060020,西宮豊中線,,,28204,0,0.5,西宮市神祇官町,5754,西宮市神祇官町,5440,11194,1.28,1.06,12.2,15.5,24,40
28606060320,西宮豊中線,,,28204,0,0.4,,,,,,,,13,19.7,14,30
28606060040,西宮豊中線,,,28204,0,0.5,西宮市松山町,3303,西宮市松山町,3265,6568,1.26,0.62,18.1,16.4,7.8,30
28606060050,西宮豊中線,,西宮宝塚線,28204,0,1,西宮市松山町,3303,西宮市松山町,3265,6568,1.26,0.84,16,16.5,7.2,40
28606060060,西宮豊中線,西宮宝塚線,西宮市・尼崎市境,28204,0,0.1,西宮市松並町,3874,西宮市松並町,4010,7884,1.26,0.72,11.4,16.6,11.5,40
28606060070,西宮豊中線,西宮市・尼崎市境,尼崎宝塚線,28202,0,1.3,西宮市松並町,3874,西宮市松並町,4010,7884,1.26,1.12,11.4,16.6,14.2,40
28606060080,西宮豊中線,尼崎宝塚線,,28202,0,1.2,尼崎市塚口町６丁目,5269,尼崎市塚口町６丁目,5567,10836,1.28,0.93,14.8,16.2,15,40
28606060090,西宮豊中線,,東富松御願塚線,28202,0,0.3,尼崎市塚口町６丁目,5269,尼崎市塚口町６丁目,5567,10836,1.28,0.89,17.5,20.4,14.7,40
28606060100,西宮豊中線,東富松御願塚線,米谷昆陽尼崎線,28202,0,0.8,尼崎市塚口町６丁目,5269,尼崎市塚口町６丁目,5567,10836,1.28,0.93,20.4,14.2,14.2,40
28606060110,西宮豊中線,米谷昆陽尼崎線,尼崎市・伊丹市境,28202,0,0.2,尼崎市塚口本町３丁目,3217,尼崎市塚口本町３丁目,3723,6940,1.26,0.65,9,14.2,15,40
28606060120,西宮豊中線,尼崎市・伊丹市境,伊丹市・尼崎市境,28207,0,0.2,尼崎市塚口本町３丁目,3217,尼崎市塚口本町３丁目,3723,6940,1.26,0.83,12.2,13.6,15,40
28606060130,西宮豊中線,伊丹市・尼崎市境,尼崎池田線,28202,0,0.3,尼崎市塚口本町３丁目,3217,尼崎市塚口本町３丁目,3723,6940,1.26,0.62,18.4,8.6,15,40
28606060150,西宮豊中線,尼崎池田線,大阪伊丹線,28202,0,0.9,尼崎市若王寺２丁目,4612,尼崎市若王寺２丁目,4682,9294,1.27,0.81,13.3,14.1,11.9,40
28606060160,西宮豊中線,大阪伊丹線,,28202,0,0.6,尼崎市若王寺２丁目,4612,尼崎市若王寺２丁目,4682,9294,1.27,0.75,13,18.2,10.4,40
28606060170,西宮豊中線,,,28202,0,0.3,尼崎市小中島１丁目,581,尼崎市小中島１丁目,289,870,1.17,0.16,20.2,19.6,10.5,40
28606060190,西宮豊中線,,,28202,0,0.1,尼崎市小中島１丁目,581,尼崎市小中島１丁目,289,870,1.17,3.59,24.2,21.2,3,40
28606060210,西宮豊中線,,,28202,0,0.5,尼崎市東園田町４丁目,1651,尼崎市東園田町４丁目,1057,2708,1.24,4.39,28,12.2,5.5,40
28606060220,西宮豊中線,,,28202,0,0.4,尼崎市東園田町４丁目,1651,尼崎市東園田町４丁目,1057,2708,1.24,4.39,14.9,13.7,6.5,40
28606060230,西宮豊中線,,,28202,0,0.2,,1450,,1215,2665,1.24,0.57,13.3,,6.5,40
28606060240,西宮豊中線,,,28202,0,0.3,,1450,,1215,2665,1.24,0.55,9.8,,5,40
28606060250,西宮豊中線,,,28202,0,0.1,,1450,,1215,2665,1.24,2.72,15.4,17.6,8,40
28606060260,西宮豊中線,,,28202,0,0.4,,1450,,1215,2665,1.24,0.46,,24.5,5.5,40
28606060270,西宮豊中線,,,28202,0,0.1,尼崎市東園田町２丁目,7363,尼崎市東園田町２丁目,7886,15249,1.38,0.42,15.3,21.3,27,40
28606060280,西宮豊中線,,西宮豊中線,28202,0,0.2,尼崎市東園田町１丁目,11589,尼崎市東園田町１丁目,12386,23975,1.33,0.72,29.1,30.2,16,40
28607010010,加悦但東線,加悦但東線,赤花薬王寺線,28209,0,2.7,豊岡市但東町畑山,412,豊岡市但東町畑山,418,830,1.17,0.11,38.5,37.7,7,40
28607010020,加悦但東線,赤花薬王寺線,宮津養父線,28209,0,3.7,豊岡市但東町畑山,412,豊岡市但東町畑山,418,830,1.17,0.11,47.4,36.4,9.5,40
28607020010,篠山京丹波線,篠山山南線,瀬利八上上線,28221,0,3.1,丹波篠山市野間,2647,丹波篠山市野間,2561,5208,1.26,0.43,44.6,43.2,10.5,50
28607020030,篠山京丹波線,泉八上新線,一般国道１７３号,28221,0,4.3,丹波篠山市西本荘,2495,丹波篠山市西本荘,2320,4815,1.25,0.51,47.4,48.6,8.5,50
28607020050,篠山京丹波線,一般国道１７３号,市野々西野々線,28221,0,3.1,,344,,322,666,1.18,0.07,47.5,47.6,11,40
28607020060,篠山京丹波線,市野々西野々線,篠山京丹波線,28221,0,2.9,,192,,234,426,1.21,0.05,45.7,45.1,8,40
28607030010,永留豊岡線,永留豊岡線,永留豊岡線,28209,0,1.5,,,,,,,,,,2.5,40
28607030030,永留豊岡線,永留豊岡線,奥野但馬三江停車場線,28209,0,2.7,豊岡市江本,2776,豊岡市江本,2189,4965,1.25,1.58,53.1,57.5,8,50
28607030040,永留豊岡線,奥野但馬三江停車場線,口小野庄境線,28209,0,2.7,豊岡市江本,2776,豊岡市江本,2189,4965,1.25,0.52,52.3,53.3,8.9,50
28607030060,永留豊岡線,口小野庄境線,一般国道４２６号,28209,0,1.7,豊岡市江本,2776,豊岡市江本,2189,4965,1.25,0.52,20,21.4,9,50
28607040010,鱒留但東線,宮津養父線,鱒留但東線,28209,0,1.6,,241,,257,498,1.18,2.37,19.1,19.1,2.5,40
28607040030,鱒留但東線,鱒留但東線,,28209,0,0.6,,,,,,,,,,0.5,40
28607050010,中藤加悦線,宮津養父線,中藤加悦線,28209,0,2.7,,833,,911,1744,1.21,0.19,36.9,44.2,8,40
28607060010,町分久美浜線,宮津養父線,口小野庄境線,28209,0,4.3,豊岡市出石町口小野,1411,豊岡市出石町口小野,1385,2796,1.25,0.28,36.7,36.7,8,40
28607060020,町分久美浜線,口小野庄境線,口小野矢根線,28209,0,1,豊岡市出石町口小野,1411,豊岡市出石町口小野,1385,2796,1.25,0.28,42.4,26.4,8,40
28607060030,町分久美浜線,口小野矢根線,町分久美浜線,28209,0,2.8,豊岡市出石町口小野,1411,豊岡市出石町口小野,1385,2796,1.25,0.28,13,13,7.5,40
28607060050,町分久美浜線,町分久美浜線,町分久美浜線,28209,0,1.8,,,,,,,,,,1,40
28607070010,小坂青垣線,山東大江線,,28209,0,0.5,,,,,,,,22.2,22.2,2.5,40
28607070030,小坂青垣線,,小坂青垣線,28209,0,1,,,,,,,,,,1,40
28607070050,小坂青垣線,,一般国道４２７号,28223,0,0.6,,,,,,,,,,3,40
28607080010,岩崎市島線,岩崎市島線,丹波竹田停車場線,28223,0,2.9,,1842,,1897,3739,1.25,0.39,28.7,32.8,10.5,50
28607090010,中山綾部線,春日栗柄線,中山綾部線,28223,0,7.1,,528,,476,1004,1.17,0.13,27.1,34.8,10,50
28607100010,本郷辻線,篠山三和線,桑原栗柄線,28221,0,1.8,丹波篠山市桑原,530,丹波篠山市桑原,524,1054,1.17,0.16,40.9,45.1,7,50
28607100020,本郷辻線,桑原栗柄線,本郷辻線,28221,0,1.1,丹波篠山市桑原,530,丹波篠山市桑原,524,1054,1.17,0.16,45.8,46,7,50
28607110010,遠方瑞穂線,篠山三和線,遠方瑞穂線,28221,0,3,,389,,408,797,1.18,1,30.8,33.2,5,40
28607120010,床瀬神鍋高原線,日高竹野線,一般国道４８２号,28209,0,7.8,豊岡市竹野町床瀬,163,豊岡市竹野町床瀬,162,325,1.13,0.06,36.3,42.3,9.5,40
28607130010,豊岡日高線,辻福田線,但馬空港線,28209,0,4.2,豊岡市岩井,1765,豊岡市岩井,1844,3609,1.25,0.5,47.6,45.9,7,40
28607130020,豊岡日高線,但馬空港線,,28209,0,3.4,豊岡市岩井,1765,豊岡市岩井,1844,3609,1.25,0.5,42.5,47.2,7,40
28607130030,豊岡日高線,,日高竹野線,28209,0,0.1,豊岡市岩井,1765,豊岡市岩井,1844,3609,1.25,0.5,36.6,24.2,7,40
28607140010,大屋関宮線,大屋波賀線,,28222,0,0.5,養父市大屋町加保,97,養父市大屋町加保,94,191,1.2,0.1,19.6,21.1,7,40
28607140020,大屋関宮線,,,28222,0,9.5,養父市大屋町加保,97,養父市大屋町加保,94,191,1.2,0.07,38.9,38.9,5.5,40
28607140030,大屋関宮線,,一般国道９号,28222,0,0.7,養父市大屋町加保,97,養父市大屋町加保,94,191,1.2,0.02,37.4,33,10,40
28607150010,竜泉那波線,一般国道２号,,28208,0,1.6,,1661,,2042,3703,1.25,0.46,14.8,36.8,16,40
28607160010,玉野倉谷線,多可北条線,三木宍粟線,28220,0,2.1,加西市豊倉町,5242,加西市豊倉町,5110,10352,1.29,0.74,29.4,25.5,11.5,50
28607160020,玉野倉谷線,三木宍粟線,一般国道３７２号,28220,0,4,加西市豊倉町,5242,加西市豊倉町,5110,10352,1.29,0.85,35.3,32.9,8.5,50
28607160030,玉野倉谷線,一般国道３７２号,高砂北条線,28220,0,2.7,加西市豊倉町,5242,加西市豊倉町,5110,10352,1.29,0.75,27,29.1,11,50
28607170010,一乗寺法華口線,法華山線,加西市・加古川市境,28220,0,0.5,加西市坂本町,76,加西市坂本町,87,163,1.13,0.02,32.4,40.3,6.5,40
28607170020,一乗寺法華口線,加西市・加古川市境,小原宝殿停車場線,28210,0,0.6,加西市坂本町,76,加西市坂本町,87,163,1.13,0.02,40.8,38.1,6.5,40
28607180010,明石高砂線,,明石港線,28203,0,0.2,明石市藤江,7873,明石市藤江,7493,15366,1.31,1.22,19.4,28.5,15,40
28607180020,明石高砂線,明石港線,林崎港線,28203,0,1.7,明石市藤江,7873,明石市藤江,7493,15366,1.31,1.22,21.3,21.1,20,40
28607180030,明石高砂線,林崎港線,江井ケ島大久保停車場線,28203,0,5.8,明石市藤江,7873,明石市藤江,7493,15366,1.31,1.32,21.8,22.7,11,40
28607180040,明石高砂線,江井ケ島大久保停車場線,岩岡魚住線,28203,0,1.6,明石市藤江,7873,明石市藤江,7493,15366,1.31,1.3,19.1,21.5,8.8,40
28607180050,明石高砂線,岩岡魚住線,,28203,0,1.8,明石市藤江,7873,明石市藤江,7493,15366,1.31,1.42,17.4,11.4,10,40
28607180060,明石高砂線,,二見港土山線,28203,0,1.6,加古郡播磨町古宮,5164,加古郡播磨町古宮,5400,10564,1.28,1.12,18.5,20,10,40
28607180070,明石高砂線,二見港土山線,明石市・播磨町境,28203,0,0.3,加古郡播磨町古宮,5164,加古郡播磨町古宮,5400,10564,1.28,0.91,6.3,26.7,9.5,40
28607180080,明石高砂線,明石市・播磨町境,本荘平岡線,28382,0,1.2,加古郡播磨町古宮,5164,加古郡播磨町古宮,5400,10564,1.28,1.09,22.8,21.3,8,40
28607180090,明石高砂線,本荘平岡線,播磨町・加古川市境,28382,0,1.4,加古郡播磨町古宮,5164,加古郡播磨町古宮,5400,10564,1.28,1.02,18,27.4,8,40
28607180100,明石高砂線,播磨町・加古川市境,加古川市・播磨町境,28210,0,0,加古郡播磨町古宮,5164,加古郡播磨町古宮,5400,10564,1.28,0.91,36.2,25.2,10,40
28607180110,明石高砂線,加古川市・播磨町境,播磨町・加古川市境,28382,0,0.1,加古郡播磨町古宮,5164,加古郡播磨町古宮,5400,10564,1.28,0.91,36.3,23.4,10,40
28607180120,明石高砂線,播磨町・加古川市境,別府平岡線,28210,0,0.4,加古郡播磨町古宮,5164,加古郡播磨町古宮,5400,10564,1.28,1.14,24.6,19.5,10,40
28607180130,明石高砂線,別府平岡線,別府港加古川停車場線,28210,0,0.3,加古川市尾上町口里,7071,加古川市尾上町口里,6097,13168,1.3,1.27,23.1,14.9,12,40
28607180140,明石高砂線,別府港加古川停車場線,野口尾上線,28210,0,2.6,加古川市尾上町口里,7071,加古川市尾上町口里,6097,13168,1.3,1.22,26.3,20.1,12,40
28607180150,明石高砂線,野口尾上線,鶴林寺線,28210,0,0.4,加古川市尾上町口里,7071,加古川市尾上町口里,6097,13168,1.3,1.26,12.7,20,8,40
28607180160,明石高砂線,鶴林寺線,加古川高砂線,28210,0,0.7,加古川市尾上町口里,7071,加古川市尾上町口里,6097,13168,1.3,1.19,29.3,12,8,40
28607180170,明石高砂線,加古川高砂線,加古川市・高砂市境,28210,0,0.6,高砂市荒井町中新町,7158,高砂市荒井町中新町,7060,14218,1.3,1.06,19.9,9.4,17,40
28607180180,明石高砂線,加古川市・高砂市境,高砂港線,28216,0,0.2,高砂市荒井町中新町,7158,高砂市荒井町中新町,7060,14218,1.3,0.59,34.9,6.8,16,40
28607180190,明石高砂線,高砂港線,高砂加古川加西線,28216,0,1,高砂市荒井町中新町,7158,高砂市荒井町中新町,7060,14218,1.3,1.02,13.2,23.6,95,40
28607180200,明石高砂線,高砂加古川加西線,高砂北条線,28216,0,0.9,高砂市荒井町中新町,7158,高砂市荒井町中新町,7060,14218,1.3,1.17,22,20.3,15,40
28607180210,明石高砂線,高砂北条線,伊保宝殿停車場線,28216,0,1.8,高砂市伊保町伊保,5390,高砂市伊保町伊保,4959,10349,1.31,1.2,16.6,18.4,15,40
28607180220,明石高砂線,伊保宝殿停車場線,曽根魚橋線,28216,0,0.9,高砂市伊保町伊保,5390,高砂市伊保町伊保,4959,10349,1.31,1.36,24.1,16,12.5,40
28607180230,明石高砂線,曽根魚橋線,一般国道２５０号,28216,0,0.7,高砂市伊保町伊保,5390,高砂市伊保町伊保,4959,10349,1.31,1.36,15,21.2,9.3,40
28607190010,三田西インター吉川線,舞鶴若狭自動車道,三田市・三木市境,28219,0,1,三木市吉川町上荒川,1671,三木市吉川町上荒川,1333,3004,1.25,0.38,25.2,28.6,15.4,40
28607190020,三田西インター吉川線,三田市・三木市境,新田大沢線,28215,0,1.5,三木市吉川町上荒川,1671,三木市吉川町上荒川,1333,3004,1.25,0.34,48.9,49.1,11.5,40
28607200010,テクノパーク三田線,三田西インター線,広野永福線,28219,0,1,三田市武庫が丘四丁目,14571,三田市武庫が丘四丁目,15848,30419,1.3,0.92,29.7,35.9,24,60
28607200020,テクノパーク三田線,広野永福線,上荒川三田線,28219,0,3.7,三田市武庫が丘四丁目,14571,三田市武庫が丘四丁目,15848,30419,1.3,0.48,44,63.2,39,60
28607200030,テクノパーク三田線,上荒川三田線,灘三田線,28219,0,0.8,三田市武庫が丘四丁目,14571,三田市武庫が丘四丁目,15848,30419,1.3,0.3,65.7,67.3,48.5,60
28607200040,テクノパーク三田線,灘三田線,西脇三田線,28219,0,1.8,三田市武庫が丘四丁目,14571,三田市武庫が丘四丁目,15848,30419,1.3,0.3,55.4,31.1,37.7,60
28607210010,川西インター線,川西篠山線,新名神高速道路,28217,0,0.9,川西市石道,6295,川西市石道,6469,12764,1.19,0.5,17.7,30.5,26,40
28607210020,川西インター線,新名神高速道路,一般国道１７３号,28217,0,2.4,川西市西畦野,3953,川西市西畦野,4155,8108,1.17,0.33,44.5,34.6,26,40
28607220010,東灘芦屋線,一般国道４３号,高速湾岸線,28101,0,1.2,神戸市東灘区深江南町４丁目,14710,神戸市東灘区深江南町４丁目,12683,27393,1.37,1.03,17.9,27.3,30,50
28607220020,東灘芦屋線,高速湾岸線,,28101,0,0.5,,3819,,3284,7103,1.27,0.37,9.1,51.5,15.85,50
28607220030,東灘芦屋線,,芦屋鳴尾浜線,28206,0,0.7,芦屋市陽光町,4417,芦屋市陽光町,3708,8125,1.27,0.81,39.2,60.9,13.8,50
28607230010,加古川北インター線,高砂北条線,山陽自動車道,28210,1,0.4,,513,,754,1267,1.18,0.17,20.5,43.8,33.5,40
28607240010,姫路新宮線,一般国道２号,余部停車場線,28201,0,1.3,姫路市青山北一丁目,7601,姫路市青山北一丁目,7423,15024,1.31,1.02,10.4,22.6,16,50
28607240020,姫路新宮線,余部停車場線,山之内莇野姫路線,28201,0,0.3,姫路市青山北一丁目,7601,姫路市青山北一丁目,7423,15024,1.31,1.08,20.1,20.6,11,50
28607240030,姫路新宮線,山之内莇野姫路線,姫路上郡線,28201,0,1.1,姫路市青山北一丁目,7601,姫路市青山北一丁目,7423,15024,1.31,0.98,22.6,23.3,12.5,50
28607240050,姫路新宮線,姫路上郡線,一般国道２９号,28201,0,1.1,姫路市打越,6590,姫路市打越,5955,12545,1.29,0.8,34.9,34.8,10.5,50
28300290055,姫路新宮線,一般国道２９号,一般国道２９号,28201,0,0.2,姫路市石倉,4599,姫路市石倉,5024,9623,1.32,0.88,12.9,29.7,17,50
28300290060,姫路新宮線,一般国道２９号,石倉太子線,28201,0,0.7,姫路市石倉,4599,姫路市石倉,5024,9623,1.32,0.8,40.7,41.6,12,50
28300290065,姫路新宮線,石倉太子線,一般国道２９号,28201,0,0.8,姫路市石倉,4599,姫路市石倉,5024,9623,1.32,0.76,37.3,33.3,8.5,50
28607240070,姫路新宮線,一般国道２９号,上伊勢誉田線,28229,0,1.5,たつの市神岡町野部,3782,たつの市神岡町野部,3723,7505,1.29,0.63,29.4,36.1,9,40
28607240080,姫路新宮線,上伊勢誉田線,大住寺東觜崎停車場線,28229,0,1.3,たつの市神岡町野部,3782,たつの市神岡町野部,3723,7505,1.29,0.68,25.7,27.8,8.5,40
28607240090,姫路新宮線,大住寺東觜崎停車場線,東觜崎網干停車場線,28229,0,0.7,たつの市神岡町野部,3782,たつの市神岡町野部,3723,7505,1.29,0.68,40.4,14.1,6.5,40
28607240100,姫路新宮線,東觜崎網干停車場線,一般国道１７９号,28229,0,0.9,たつの市新宮町觜崎,6261,たつの市新宮町觜崎,6024,12285,1.28,1.13,19.9,16.2,8.5,40
28607240110,姫路新宮線,一般国道１７９号,一般国道１７９号,28229,0,3.3,たつの市新宮町馬立,5914,たつの市新宮町馬立,5739,11653,1.29,1.21,33.8,32.5,10.8,40
28607250010,門前鵤線,一般国道２号,東觜崎網干停車場線,28229,0,0.6,揖保郡太子町阿曽,6729,揖保郡太子町阿曽,7149,13878,1.3,0.79,13.6,30.3,11.8,50
28607250020,門前鵤線,東觜崎網干停車場線,たつの市・太子町境,28229,0,0.4,揖保郡太子町阿曽,6729,揖保郡太子町阿曽,7149,13878,1.3,0.79,39.1,39,13.4,50
28607250030,門前鵤線,たつの市・太子町境,町道,28464,0,0.4,揖保郡太子町阿曽,6729,揖保郡太子町阿曽,7149,13878,1.3,0.9,29.7,20.9,13.8,50
28607250040,門前鵤線,町道,一般国道１７９号,28464,0,1.3,揖保郡太子町阿曽,6729,揖保郡太子町阿曽,7149,13878,1.3,0.96,27.7,19.6,16.8,50
28607260010,播磨新宮インター線,相生宍粟線,播磨自動車道,28229,1,0.5,,1641,,1800,3441,1.25,0.28,44.3,51.3,25,40
28700010010,長田箕谷線,山麓線,花山線,28106,0,1.9,神戸市長田区宮川町９丁目,9101,神戸市長田区宮川町９丁目,9787,18888,1.32,0.93,19.2,30.8,21.1,50
28700010020,長田箕谷線,花山線,,28107,0,0.2,神戸市長田区宮川町９丁目,9101,神戸市長田区宮川町９丁目,9787,18888,1.32,1.63,22.3,22.6,18,50
28700010030,長田箕谷線,,神戸市須磨区・神戸市北区境,28107,0,1,神戸市北区ひよどり台南町１丁目,9374,神戸市北区ひよどり台南町１丁目,8715,18089,1.32,0.6,26.3,27.1,20.35,50
28700010040,長田箕谷線,神戸市須磨区・神戸市北区境,夢野白川線,28109,0,0.6,神戸市北区ひよどり台南町１丁目,9374,神戸市北区ひよどり台南町１丁目,8715,18089,1.32,1.26,27.4,28.2,22.8,50
28700010050,長田箕谷線,夢野白川線,明石神戸宝塚線,28109,0,2.9,神戸市北区ひよどり台４丁目,14219,神戸市北区ひよどり台４丁目,13101,27320,1.34,1.19,39.2,38.2,20.4,50
28700010070,長田箕谷線,明石神戸宝塚線,日ノ峰１号線,28109,0,1.8,,8653,,9192,17845,1.32,0.54,47.1,44.5,20.5,50
28700010080,長田箕谷線,日ノ峰１号線,一般国道４２８号,28109,0,1,,8653,,9192,17845,1.32,0.51,24.7,25,19,50
28700020010,舞子多聞線,平野舞子停車場線,舞子山手線,28108,0,0.4,,6541,,7318,13859,1.3,0.69,25.3,27,20,50
28700020020,舞子多聞線,舞子山手線,多聞伊川谷線,28108,0,1.7,,6541,,7318,13859,1.3,0.38,23.3,22.8,21.2,50
28700020030,舞子多聞線,多聞伊川谷線,多聞小寺線,28108,0,1.9,,6541,,7318,13859,1.3,0.41,26.1,19.5,20,50
28700020040,舞子多聞線,多聞小寺線,高速道路湾岸線,28108,0,1.5,,5771,,6632,12403,1.29,0.5,18.7,22.6,20,50
28700030010,魚崎幹線,魚崎浜町１号線,一般国道４３号,28101,0,1.1,神戸市東灘区魚崎南町１丁目,4663,神戸市東灘区魚崎南町１丁目,6780,11443,1.28,0.63,17,18.2,20.15,40
28700030020,魚崎幹線,一般国道４３号,鳴尾御影線,28101,0,0.6,,3237,,3314,6551,1.26,0.3,16.2,18.1,22.35,40
28700030030,魚崎幹線,鳴尾御影線,一般国道２号,28101,0,0.4,,3237,,3314,6551,1.26,0.39,17.5,11.4,21.9,40
28700030040,魚崎幹線,一般国道２号,山手幹線,28101,0,0.4,,3237,,3314,6551,1.26,0.38,11.9,12.7,22,40
28700040010,山手幹線,,商船学校線,28101,0,0.7,神戸市東灘区森北町２丁目,9317,神戸市東灘区森北町２丁目,9564,18881,1.32,0.6,24.9,28.7,23.7,50
28700040020,山手幹線,商船学校線,魚崎幹線,28101,0,1.3,,10041,,9044,19085,1.32,0.53,18.8,20.6,27,50
28700040030,山手幹線,魚崎幹線,,28101,0,0.9,,9518,,8779,18297,1.32,0.63,21.3,22.7,22,50
28700040040,山手幹線,,弓場線,28101,0,1.1,神戸市灘区高徳町１丁目,12007,神戸市灘区高徳町１丁目,12966,24973,1.33,0.74,22,25.3,27,50
28700040050,山手幹線,弓場線,神戸市東灘区・神戸市灘区境,28101,0,0.5,神戸市灘区高徳町１丁目,12007,神戸市灘区高徳町１丁目,12966,24973,1.33,0.74,21.7,20,27,50
28700040060,山手幹線,神戸市東灘区・神戸市灘区境,灘三田線,28102,0,0.3,神戸市灘区高徳町１丁目,12007,神戸市灘区高徳町１丁目,12966,24973,1.33,0.71,21.5,21.1,26,50
28700040080,山手幹線,長田楠日尾線,神若線,28102,0,0.3,神戸市中央区若菜通６丁目,7820,神戸市中央区若菜通６丁目,8495,16315,1.34,0.33,11.6,15.9,27,50
28700040090,山手幹線,神若線,神戸市灘区・神戸市中央区境,28102,0,0.1,神戸市中央区若菜通６丁目,7820,神戸市中央区若菜通６丁目,8495,16315,1.34,0.4,13,26.3,28.52,50
28700040100,山手幹線,神戸市灘区・神戸市中央区境,生田川箕谷線,28110,0,1.5,神戸市中央区若菜通６丁目,7820,神戸市中央区若菜通６丁目,8495,16315,1.34,0.33,21.8,18.1,36.06,50
28700040110,山手幹線,生田川箕谷線,生田川右岸線,28110,0,0,神戸市中央区若菜通６丁目,7820,神戸市中央区若菜通６丁目,8495,16315,1.34,0.3,7.7,7.5,39.2,50
28700040120,山手幹線,生田川右岸線,新神戸停車場線,28110,0,0.6,神戸市中央区二宮町４丁目,11239,神戸市中央区二宮町４丁目,9585,20824,1.33,0.39,9.2,13.5,36,50
28700050010,湊町線,一般国道２８号,一般国道２号,28110,0,0.5,,11385,,10399,21784,1.33,0.84,17.4,8.3,27,50
28700050020,湊町線,一般国道２号,神戸市中央区・神戸市兵庫区境,28110,0,0.6,,11385,,10399,21784,1.33,0.84,19.5,16.9,27.05,50
28700050030,湊町線,神戸市中央区・神戸市兵庫区境,西出高松前池線,28105,0,0.6,,11385,,10399,21784,1.33,0.77,21,13.6,26.5,50
28700050040,湊町線,西出高松前池線,一般国道２号,28105,0,0.1,,11385,,10399,21784,1.33,0.9,9.2,19.2,29.6,50
28700050050,湊町線,一般国道２号,一般国道２８号,28105,0,0.7,,11385,,10399,21784,1.33,0.76,18.3,18.6,37,50
28700050060,湊町線,一般国道２８号,長田楠日尾線,28105,0,0.4,神戸市兵庫区荒田町１丁目,11407,神戸市兵庫区荒田町１丁目,10188,21595,1.33,0.48,15.5,15.6,29.9,50
28700050070,湊町線,長田楠日尾線,山麓線,28105,0,1,神戸市兵庫区荒田町１丁目,11407,神戸市兵庫区荒田町１丁目,10188,21595,1.33,0.96,17.8,21.9,21.95,50
28700060010,高倉白川線,神戸加古川姫路線,塩屋丸山線,28107,0,1,神戸市須磨区横尾９丁目,10684,神戸市須磨区横尾９丁目,12568,23252,1.33,1,35,27.5,22.1,40
28700060020,高倉白川線,塩屋丸山線,白川伊川谷線,28107,0,2.1,神戸市須磨区横尾９丁目,10684,神戸市須磨区横尾９丁目,12568,23252,1.33,0.53,33.1,33.9,17.65,60
28700060030,高倉白川線,白川伊川谷線,明石神戸宝塚線,28107,0,1.3,神戸市須磨区白川台３丁目,7389,神戸市須磨区白川台３丁目,6940,14329,1.3,0.63,19.6,24.8,25.6,50
28700070010,白川伊川谷線,高倉白川線,神戸加古川姫路線,28107,0,1.9,,21876,,23149,45025,1.37,1.18,44.6,17.4,18.4,60
28700080010,西神中央線,神戸加古川姫路線,明石神戸宝塚線,28111,0,1.8,神戸市西区学園西町６丁目,19064,神戸市西区学園西町６丁目,23143,42207,1.37,1.05,27.6,15.6,34.05,60
28700080020,西神中央線,明石神戸宝塚線,永井谷前開線,28111,0,1.4,,20815,,23670,44485,1.37,0.53,31.6,61.4,33,60
28700080030,西神中央線,永井谷前開線,小部明石線,28111,0,1.4,,20815,,23670,44485,1.37,0.77,62.1,63.5,33,60
28700080040,西神中央線,小部明石線,西神２号線,28111,0,0.6,,20815,,23670,44485,1.37,0.86,64.1,57.5,33,60
28700080050,西神中央線,西神２号線,西神５号線,28111,0,1,神戸市西区竹の台１丁目,13455,神戸市西区竹の台１丁目,15597,29052,1.35,0.6,37.5,14,32.06,50
28700080060,西神中央線,西神５号線,西神１号線,28111,0,0.9,神戸市西区竹の台１丁目,13455,神戸市西区竹の台１丁目,15597,29052,1.35,0.48,20.2,18.3,25.1,50
28700090010,多聞小寺線,舞子多聞線,一般国道２号（神戸西バイパス一般部）,28108,0,1.1,神戸市垂水区舞多聞東２丁目,15687,神戸市垂水区舞多聞東２丁目,14805,30492,1.35,0.9,14.7,17,20.1,50
28700090015,多聞小寺線,一般国道２号（神戸西バイパス一般部）,長坂垂水線,28108,0,0.2,,12982,,14076,27058,1.35,1.02,9.8,29.4,20.1,50
28700090020,多聞小寺線,長坂垂水線,長坂垂水線,28108,0,0.1,,12982,,14076,27058,1.35,1.02,18.3,27.6,20.1,50
28700090030,多聞小寺線,長坂垂水線,神戸市垂水区・神戸市西区境,28108,0,0.1,,12982,,14076,27058,1.35,0.97,18.1,26,20.1,50
28700090040,多聞小寺線,神戸市垂水区・神戸市西区境,神戸加古川姫路線,28111,0,0.9,,12982,,14076,27058,1.35,1,22.7,20.5,20.1,50
28700100010,生田川右岸線,灘浜脇浜線,梅香浜辺脇浜線,28110,0,0.1,神戸市中央区小野浜町,8662,神戸市中央区小野浜町,11007,19669,1.33,0.43,17,6.7,33.8,50
28700100020,生田川右岸線,梅香浜辺脇浜線,高速神戸西宮線,28110,0,0.2,神戸市中央区御幸通１丁目,6765,神戸市中央区御幸通１丁目,10716,17481,1.28,0.36,12.5,11.5,46.8,50
28700100030,生田川右岸線,高速神戸西宮線,一般国道２号,28110,0,0.2,神戸市中央区御幸通１丁目,6765,神戸市中央区御幸通１丁目,10716,17481,1.28,0.48,14.2,11,63.7,50
28700100040,生田川右岸線,一般国道２号,山手幹線,28110,0,0.5,神戸市中央区雲井通１丁目,10864,神戸市中央区雲井通１丁目,14572,25436,1.25,0.68,10.4,26.8,42.5,50
28700100050,生田川右岸線,山手幹線,神若線,28110,0,0.2,神戸市中央区二宮町１丁目,9308,神戸市中央区二宮町１丁目,8409,17717,1.32,0.34,6.2,14.5,37.2,50
28700100060,生田川右岸線,神若線,長田楠日尾線,28110,0,0.2,,,,,,,,10.9,10.7,41.14,50
28700110010,永井谷線,神戸明石線,出合白水線,28111,0,0.6,神戸市西区伊川谷町潤和,5433,神戸市西区伊川谷町潤和,5763,11196,1.28,0.77,14.8,17.6,22,40
28700110020,永井谷線,出合白水線,高速北神戸線,28111,0,1.1,神戸市西区伊川谷町潤和,5433,神戸市西区伊川谷町潤和,5763,11196,1.28,0.79,18.6,17.2,22.8,40
28700110030,永井谷線,高速北神戸線,,28111,0,0.1,神戸市西区伊川谷町潤和,5433,神戸市西区伊川谷町潤和,5763,11196,1.28,0.81,10.4,20.8,9.5,40
28700120010,夢野白川線,山麓線,神戸市兵庫区・神戸市長田区境,28105,0,0.7,神戸市兵庫区菊水町１０丁目,13508,神戸市兵庫区菊水町１０丁目,11068,24576,1.38,0.88,16.6,28.8,11.52,40
28700120020,夢野白川線,神戸市兵庫区・神戸市長田区境,生田川鵯線,28106,0,2.5,,8950,,8462,17412,1.32,0.73,15.6,37.8,14.4,40
28700120030,夢野白川線,生田川鵯線,長田箕谷線,28109,0,0.4,神戸市北区山田町下谷上中一里山,18979,神戸市北区山田町下谷上中一里山,20668,39647,1.37,0.34,33,24.8,15.5,50
28700120040,夢野白川線,長田箕谷線,神戸市北区・神戸市須磨区境,28109,0,0.2,神戸市北区山田町下谷上中一里山,18979,神戸市北区山田町下谷上中一里山,20668,39647,1.37,0.34,47.1,27,15.4,40
28700120050,夢野白川線,神戸市北区・神戸市須磨区境,,28107,0,1.2,神戸市須磨区車,26370,神戸市須磨区車,22964,49334,1.36,0.42,50.9,20.6,18.4,50
28700120060,夢野白川線,,神戸三木線,28107,0,0.1,神戸市須磨区車,26370,神戸市須磨区車,22964,49334,1.36,0.92,43.3,27,20.2,50
28700120070,夢野白川線,神戸三木線,,28107,0,0.1,,22004,,20421,42425,1.37,0.41,32.9,40.7,22.4,60
28700120080,夢野白川線,,高速道路２号線,28107,0,0.4,,22004,,20421,42425,1.37,0.58,27,34.8,19.2,60
28700120090,夢野白川線,高速道路２号線,高倉白川線,28107,0,0.5,神戸市須磨区東落合２丁目,24102,神戸市須磨区東落合２丁目,25302,49404,1.32,0.71,33.7,34.9,21.3,60
28700130010,生田川鵯線,生田川箕谷線,神戸市中央区・神戸市兵庫区境,28110,0,2,山麓バイパス東区間,10601,山麓バイパス東区間,10277,20878,1.33,0.2,16.1,81,16,60
28700130020,生田川鵯線,神戸市中央区・神戸市兵庫区境,一般国道４２８号,28105,0,1,山麓バイパス東区間,10601,山麓バイパス東区間,10277,20878,1.33,0.2,76.3,72.7,16,60
28700130030,生田川鵯線,一般国道４２８号,神戸市兵庫区・神戸市長田区境,28105,0,3,山麓バイパス西区間,9283,山麓バイパス西区間,8269,17552,1.32,0.76,59.6,29.8,8,50
28700130040,生田川鵯線,神戸市兵庫区・神戸市長田区境,神戸市長田区・神戸市北区境,28106,0,0.2,山麓バイパス西区間,9283,山麓バイパス西区間,8269,17552,1.32,0.2,63.1,18.6,16,50
28700130050,生田川鵯線,神戸市長田区・神戸市北区境,夢野白川線,28109,0,0.1,山麓バイパス西区間,9283,山麓バイパス西区間,8269,17552,1.32,0.2,64.8,17.6,16,50
28700160010,灘浜住吉川線,摩耶埠頭線,市道（ハーバーハイウェイ）,28102,0,2.2,神戸市灘区灘浜東町,9295,神戸市灘区灘浜東町,8294,17589,1.56,1.7,9.8,17.4,15,50
28700160020,灘浜住吉川線,市道（ハーバーハイウェイ）,高羽線,28101,0,0.1,神戸市灘区灘浜東町,9295,神戸市灘区灘浜東町,8294,17589,1.56,1.83,5.8,8.4,14.6,40
28700160030,灘浜住吉川線,高羽線,弓場線,28101,0,0.8,神戸市東灘区住吉南町４丁目,5963,神戸市東灘区住吉南町４丁目,6921,12884,1.28,0.62,21.1,20,22.15,50
28700160040,灘浜住吉川線,弓場線,東御影線,28101,0,0.4,神戸市東灘区住吉南町４丁目,5963,神戸市東灘区住吉南町４丁目,6921,12884,1.28,0.69,12.8,14.6,15.55,50
28700160050,灘浜住吉川線,東御影線,魚崎浜町１号線,28101,0,1.3,神戸市東灘区住吉南町４丁目,5963,神戸市東灘区住吉南町４丁目,6921,12884,1.28,1.19,18.1,31.1,17.2,50
28700170010,有野六甲線,明石神戸宝塚線,灘三田線,28109,0,3.7,,404,,399,803,1.17,0.13,30.5,34.8,8.8,40
28700200010,西下木津線,神戸加東線,神戸市北区・神戸市西区境,28109,0,3.6,,2002,,2512,4514,1.25,0.54,40.6,47.2,8.5,40
28700200020,西下木津線,神戸市北区・神戸市西区境,,28111,0,1.3,,2002,,2512,4514,1.25,0.55,35.7,37.9,8.9,40
28700200030,西下木津線,,神戸三木線,28111,0,0.1,神戸市西区見津が丘４丁目,5656,神戸市西区見津が丘４丁目,5429,11085,1.27,1.55,22.1,37.2,12,40
28700210010,花山線,,長田箕谷線,28106,0,0.8,,1665,,1639,3304,1.25,0.57,20.8,21,7.5,30
28700220010,塩屋丸山線,一般国道２号,神戸明石線,28108,0,2.2,神戸市垂水区塩屋町,2406,神戸市垂水区塩屋町,2184,4590,1.26,1.58,18.9,20.6,5.55,30
28700220020,塩屋丸山線,神戸明石線,石畳２号線,28108,0,0.9,,2738,,3042,5780,1.26,0.76,11.5,25.2,16,40
28700220030,塩屋丸山線,石畳２号線,神戸市垂水区・神戸市須磨区境,28108,0,0.2,,2742,,3043,5785,1.26,0.89,37.7,44.1,16,30
28700220040,塩屋丸山線,神戸市垂水区・神戸市須磨区境,神戸加古川姫路線,28107,0,0.6,,2742,,3043,5785,1.26,0.86,26.3,25,16,30
28700220060,塩屋丸山線,神戸加古川姫路線,高倉白川線,28107,0,1.3,,2742,,3043,5785,1.26,0.76,29.7,26.5,9.6,30
28700220080,塩屋丸山線,高倉白川線,垂水妙法寺線,28107,0,1.1,神戸市須磨区妙法寺乗越,2423,神戸市須磨区妙法寺乗越,3199,5622,1.25,0.63,16.2,19.5,21.9,40
28700220090,塩屋丸山線,垂水妙法寺線,神戸三木線,28108,0,0.2,神戸市須磨区妙法寺乗越,2423,神戸市須磨区妙法寺乗越,3199,5622,1.25,0.63,9.3,6.1,20,40
28700230010,落合名谷線,神戸加古川姫路線,,28107,0,2.4,,4677,,4867,9544,1.28,0.87,27.6,28.5,22.1,40
28700270010,出合白水線,出合森友線,小部明石線,28111,0,1,神戸市西区玉津町高津橋,4488,神戸市西区玉津町高津橋,4800,9288,1.28,0.86,20.9,22.2,7.9,40
28700270015,出合白水線,小部明石線,小部明石線（バイパス部）,28111,0,0.1,神戸市西区玉津町高津橋,4488,神戸市西区玉津町高津橋,4800,9288,1.28,0.86,17.7,19.1,9.5,40
28700270020,出合白水線,小部明石線（バイパス部）,永井谷線,28111,0,1,神戸市西区玉津町高津橋,4488,神戸市西区玉津町高津橋,4800,9288,1.28,0.86,20.3,15.1,9.5,40
28700270030,出合白水線,永井谷線,明石神戸宝塚線,28111,0,0.1,神戸市西区玉津町高津橋,4488,神戸市西区玉津町高津橋,4800,9288,1.28,0.87,9.5,6.6,9.5,40
28700280010,出合森友線,一般国道２号,出合白水線,28111,0,0.5,,3355,,5198,8553,1.27,1.08,7.1,13.7,8.1,40
28700280020,出合森友線,出合白水線,神戸明石線,28111,0,0.7,,3355,,5198,8553,1.27,0.91,17.2,18,7,40
28700290010,神戸二見線,一般国道１７５号,野村明石線,28111,0,0.9,,7568,,6753,14321,1.3,1.11,15.7,15.1,10.8,40
28700290020,神戸二見線,野村明石線,上新地南古線,28111,0,1.6,神戸市西区岩岡町岩岡,4834,神戸市西区岩岡町岩岡,4436,9270,1.28,0.79,18.3,27.6,9.5,40
28700290030,神戸二見線,上新地南古線,大久保稲美加古川線,28111,0,1,神戸市西区岩岡町岩岡,4834,神戸市西区岩岡町岩岡,4436,9270,1.28,0.81,37.2,18.6,10.4,40
28700300010,上新地南古線,神戸二見線,大久保稲美加古川線,28111,0,1.7,神戸市西区上新地１丁目,2997,神戸市西区上新地１丁目,3192,6189,1.27,0.57,21.1,18.5,10.3,40
28700310010,上村二見線,,大久保稲美加古川線,28111,0,0.3,,5295,,4251,9546,1.28,1.02,22.7,18.1,10,50
28700310020,上村二見線,大久保稲美加古川線,平荘大久保線,28111,0,2.4,,5295,,4251,9546,1.28,0.8,44.5,28.6,10.4,50
28700320010,大久保広野線,一般国道１７５号,高和志染線,28111,0,2.1,,2230,,1550,3780,1.25,0.48,32.1,36.9,10.8,40
28700320020,大久保広野線,高和志染線,神戸三木線,28111,0,1.8,,2230,,1550,3780,1.25,0.53,32.8,27.1,9.4,40
28700330010,永井谷前開線,神戸加古川姫路線,西神中央線,28111,0,2.8,,3717,,3229,6946,1.26,0.47,33,33.3,25.15,60
28700330020,永井谷前開線,西神中央線,一般国道２号（神戸西バイパス一般部）,28111,0,1.5,神戸市西区井吹台西町,5706,神戸市西区井吹台西町,5312,11018,1.28,0.59,35,35,24.6,60
28700340010,高和志染線,大久保広野線,高和志染線,28111,0,1.4,神戸市西区神出町東,1613,神戸市西区神出町東,1529,3142,1.24,0.32,45.1,54.6,14,50
28700350010,弓場線,灘浜住吉川線,一般国道４３号,28101,0,0.3,神戸市東灘区御影本町３丁目,4424,神戸市東灘区御影本町３丁目,3775,8199,1.27,0.59,11.3,11.1,22,50
28700350020,弓場線,一般国道４３号,鳴尾御影線,28101,0,0.5,,4558,,3854,8412,1.27,0.31,10.2,14.8,26.5,50
28700350030,弓場線,鳴尾御影線,一般国道２号,28101,0,0.3,,4558,,3854,8412,1.27,0.41,11.1,11.9,26.3,50
28700350040,弓場線,一般国道２号,山手幹線,28101,0,0.5,,4558,,3854,8412,1.27,0.44,13.1,12.8,25.5,40
28700350050,弓場線,山手幹線,,28101,0,0.3,,5219,,4408,9627,1.28,0.4,12.3,15.8,27.5,50
28700360010,玉津鳥羽線,明石神戸宝塚線,小部明石線,28111,0,0.4,,9118,,8406,17524,1.32,1.36,15.4,16.8,17.9,40
28700360020,玉津鳥羽線,小部明石線,一般国道２号,28111,0,1.2,,9118,,8406,17524,1.32,1.24,17.9,13.4,20,40
28700360030,玉津鳥羽線,一般国道２号,,28111,0,0.4,,9118,,8406,17524,1.32,1.38,7.5,14.8,12,40
28700370010,日ノ峰１号線,長田箕谷線,一般国道４２８号,28109,0,1.2,,3616,,3632,7248,1.27,0.52,21.9,13.1,16,40
28700380010,長尾線,,宅原中央線,28109,0,0.7,神戸市北区赤松台１丁目,5446,神戸市北区赤松台１丁目,5714,11160,1.28,0.36,24,20.1,22.9,50
28700380020,長尾線,宅原中央線,北神中央線,28109,0,0.3,神戸市北区赤松台１丁目,5446,神戸市北区赤松台１丁目,5714,11160,1.28,0.37,22,17.4,29,50
28700380030,長尾線,北神中央線,山田三田線,28109,0,3,神戸市北区赤松台１丁目,5446,神戸市北区赤松台１丁目,5714,11160,1.28,0.33,30.1,22.4,30.8,50
28700380040,長尾線,山田三田線,西脇三田線,28109,0,0.8,神戸市北区赤松台１丁目,5446,神戸市北区赤松台１丁目,5714,11160,1.28,0.33,43.2,39.2,25.8,50
28700380050,長尾線,西脇三田線,灘三田線,28109,0,1.8,神戸市北区赤松台１丁目,5446,神戸市北区赤松台１丁目,5714,11160,1.28,0.3,30.6,36.1,24.8,50
28700390010,西神２号線,一般国道１７５号,一般国道２号（神戸西バイパス一般部）,28111,0,1.5,神戸市西区平野町芝崎,3839,神戸市西区平野町芝崎,4370,8209,1.27,0.79,33.2,37.8,16.2,50
28700390020,西神２号線,一般国道２号（神戸西バイパス一般部）,西神中央線,28111,0,2.1,,6319,,6126,12445,1.29,0.58,34.8,41.1,20.9,60
28700390030,西神２号線,西神中央線,神戸加古川姫路線,28111,0,2.3,神戸市西区狩場台１丁目,2574,神戸市西区狩場台１丁目,2467,5041,1.26,0.29,34.9,32.8,22.5,60
28700400010,西神５号線,西神中央線,一般国道２号（神戸西バイパス一般部）,28111,0,2.9,神戸市西区美賀多台１丁目,3120,神戸市西区美賀多台１丁目,2840,5960,1.26,0.55,22.3,25.8,24,50
28700410010,東御影線,灘浜住吉川線,一般国道４３号,28101,0,0.3,,6821,,6058,12879,1.29,0.97,6.5,8.3,15,40
28700420010,新町線,西出高松前池線,一般国道２号,28106,0,0.8,神戸市長田区東尻池町７丁目,5410,神戸市長田区東尻池町７丁目,4881,10291,1.28,0.49,19.6,19.1,24.9,50
28700430010,野田外浜線,西出高松前池線,神戸市長田区・神戸市須磨区境,28106,0,0.7,,4474,,3776,8250,1.27,0.34,30.6,30.5,28,50
28700430020,野田外浜線,神戸市長田区・神戸市須磨区境,一般国道２号,28107,0,0.7,,4474,,3776,8250,1.27,0.58,18,17,27.1,50
28700440010,商大線,一般国道２号,,28108,0,1.2,神戸市垂水区五色山１丁目,6928,神戸市垂水区五色山１丁目,5805,12733,1.28,1.16,13.7,20.5,19.7,40
28700440020,商大線,,舞子山手線,28108,0,1,神戸市垂水区千代が丘２丁目,10304,神戸市垂水区千代が丘２丁目,10139,20443,1.25,1.71,19.7,23.3,18,40
28700440030,商大線,舞子山手線,一般国道２号（第二神明道路）,28108,0,0.1,神戸市垂水区千代が丘２丁目,10304,神戸市垂水区千代が丘２丁目,10139,20443,1.25,1.71,12.9,10.5,15,40
28700440040,商大線,一般国道２号（第二神明道路）,高丸商大線,28108,0,0.1,神戸市垂水区千代が丘２丁目,10304,神戸市垂水区千代が丘２丁目,10139,20443,1.25,1.61,9.4,10,22,40
28700440050,商大線,高丸商大線,舞子多聞線,28108,0,1.7,,6821,,6058,12879,1.29,0.37,20.2,27.3,22.1,50
28700450010,漆山多聞線,神戸明石線,平野舞子停車場線,28111,0,1.4,神戸市西区伊川谷町有瀬,6325,神戸市西区伊川谷町有瀬,6324,12649,1.29,0.99,11.4,17.8,9,40
28700470010,西神１号線,平野舞子停車場線,西神中央線,28111,0,3.4,,5031,,4675,9706,1.28,0.49,38.7,38.3,17.8,60
28700470020,西神１号線,西神中央線,神戸加古川姫路線,28111,0,3,,5575,,5277,10852,1.28,0.51,27.9,23.9,21.3,50
28700470030,西神１号線,神戸加古川姫路線,,28111,0,3.2,,5608,,5327,10935,1.28,1.1,33.9,34,14.2,50
28700480010,長田線,長田楠日尾線,山麓線,28106,0,1,神戸市長田区長田町９丁目,6778,神戸市長田区長田町９丁目,6629,13407,1.29,1.19,11.5,9.3,19.3,40
28700490010,高羽線,灘浜住吉川線,一般国道４３号,28101,0,0.2,,5051,,5686,10737,1.28,0.55,11,7.1,27.2,40
28700500010,北神中央線,有野八多線,大沢西宮線,28109,0,2.7,,11269,,11114,22383,1.33,0.82,35.3,28.8,33,60
28700500020,北神中央線,大沢西宮線,三木三田線,28109,0,1.2,,11269,,11114,22383,1.33,0.74,37.1,32.1,30.5,60
28700500030,北神中央線,三木三田線,長尾線,28109,0,2.7,神戸市北区八多町下小名田,11400,神戸市北区八多町下小名田,11749,23149,1.32,0.77,27.7,29.6,30,60
28700500040,北神中央線,長尾線,定塚四軒茶屋線,28109,0,1,神戸市北区八多町下小名田,11400,神戸市北区八多町下小名田,11749,23149,1.32,0.73,19.1,20.2,22,60
28700500050,北神中央線,定塚四軒茶屋線,西脇三田線,28109,0,0.3,神戸市北区八多町下小名田,11400,神戸市北区八多町下小名田,11749,23149,1.32,0.62,26.4,21.2,20.2,60
28700510010,高尾箕の谷線,一般国道２号,神戸明石線,28108,0,2.1,,1665,,1639,3304,1.25,0.49,19.1,19.4,10.6,40
28700520010,有馬住吉線,,宝塚唐櫃線,28109,0,1.3,,1430,,1162,2592,1.23,0.32,18.1,19.2,8.3,40
28700520020,有馬住吉線,宝塚唐櫃線,宝塚唐櫃線,28109,0,0.1,,1867,,1634,3501,1.25,0.41,14.3,12,9,40
28700540010,有野藤原線,神戸三田線,,28109,0,0.7,神戸市北区有野町有野,8188,神戸市北区有野町有野,7363,15551,1.31,1.05,9.9,18.9,11,50
28700550010,神若線,山手幹線,神戸市灘区・神戸市中央区境,28102,0,0.1,,2467,,1737,4204,1.25,0.4,9.2,17.7,18,40
28700550020,神若線,神戸市灘区・神戸市中央区境,生田川右岸線,28110,0,1.5,,2467,,1737,4204,1.25,0.4,22.5,21.4,18,40
28700550030,神若線,生田川右岸線,新神戸停車場線,28110,0,0.4,,3453,,3824,7277,1.27,0.59,11,11.8,18,40
28700560010,鳴尾御影線,,商船学校線,28101,0,1.1,神戸市東灘区深江北町４丁目,3194,神戸市東灘区深江北町４丁目,2854,6048,1.25,0.55,17.8,17.1,15,40
28700560020,鳴尾御影線,商船学校線,本山本庄線,28101,0,0.8,神戸市東灘区深江北町４丁目,3194,神戸市東灘区深江北町４丁目,2854,6048,1.25,0.55,21.2,21.9,15,40
28700560030,鳴尾御影線,本山本庄線,魚崎幹線,28101,0,0.6,神戸市東灘区深江北町４丁目,3194,神戸市東灘区深江北町４丁目,2854,6048,1.25,0.59,18.4,15,15,40
28700560040,鳴尾御影線,魚崎幹線,,28101,0,0.7,神戸市東灘区深江北町４丁目,3194,神戸市東灘区深江北町４丁目,2854,6048,1.25,0.58,19,20.8,14.35,40
28700560050,鳴尾御影線,,弓場線,28101,0,1.4,神戸市東灘区深江北町４丁目,3194,神戸市東灘区深江北町４丁目,2854,6048,1.25,0.58,18.7,18.9,15,40
28700560060,鳴尾御影線,弓場線,神戸六甲線,28101,0,0.8,神戸市東灘区深江北町４丁目,3194,神戸市東灘区深江北町４丁目,2854,6048,1.25,0.55,17.7,16.2,14.8,40
28700560070,鳴尾御影線,神戸六甲線,一般国道４３号,28101,0,0.3,神戸市東灘区深江北町４丁目,3194,神戸市東灘区深江北町４丁目,2854,6048,1.25,0.55,13.9,29.6,15.3,40
28700570010,多聞伊川谷線,高丸商大線,舞子多聞線,28108,0,1.4,神戸市垂水区本多聞１丁目,4874,神戸市垂水区本多聞１丁目,4311,9185,1.29,0.81,33.2,16.5,16,50
28700570030,多聞伊川谷線,舞子多聞線,（市道）多聞伊川谷線,28108,0,0.9,神戸市西区伊川谷町有瀬,4403,神戸市西区伊川谷町有瀬,3849,8252,1.26,0.61,20.6,41.9,10,40
28700570050,多聞伊川谷線,（市道）多聞伊川谷線,神戸明石線,28111,0,0.2,神戸市西区伊川谷町有瀬,4403,神戸市西区伊川谷町有瀬,3849,8252,1.26,0.79,15.5,4.2,7,40
28700580010,名谷高丸線,一般国道２号（第二神明道路）,長坂垂水線,28108,0,0.3,,9919,,9791,19710,1.32,0.58,18,11.4,16,40
28700580020,名谷高丸線,長坂垂水線,高丸商大線,28108,0,0.9,,,,,,,,24.2,26.6,8,40
28700590010,魚崎浜町１号線,一般国道４３号,灘浜住吉川線,28101,0,0.4,,3453,,3824,7277,1.27,0.62,8.6,10,14,40
28700590020,魚崎浜町１号線,灘浜住吉川線,魚崎幹線,28101,0,0.3,,3453,,3824,7277,1.27,0.59,17.1,12.3,19.24,40
28700590030,魚崎浜町１号線,魚崎幹線,高速湾岸線,28101,0,0.3,,3453,,3824,7277,1.27,0.25,17.7,25.3,19.9,40
28700590040,魚崎浜町１号線,高速湾岸線,,28101,0,0.7,,3453,,3824,7277,1.27,0.14,16,17.1,21,40
28700630010,垂水妙法寺線,神戸加古川姫路線,神戸市垂水区・神戸市須磨区境,28108,0,0.1,神戸市須磨区西落合,5697,神戸市須磨区西落合,5352,11049,1.28,0.34,23.5,31.8,22.8,50
28700630020,垂水妙法寺線,神戸市垂水区・神戸市須磨区境,高速道路２号線,28107,0,2.6,神戸市須磨区西落合,5697,神戸市須磨区西落合,5352,11049,1.28,0.3,51.8,46.8,24,50
28700630030,垂水妙法寺線,高速道路２号線,塩屋丸山線,28107,0,0.2,神戸市須磨区西落合,5697,神戸市須磨区西落合,5352,11049,1.28,0.43,24.9,6.8,20.9,40
28700640010,有野八多線,市野瀬有馬線,北神中央線,28109,0,1.2,神戸市北区有野町有野,6724,神戸市北区有野町有野,6531,13255,1.29,0.34,31.8,22.5,21.5,50
28700640020,有野八多線,北神中央線,神戸三田線,28109,0,0.9,神戸市北区有野町有野,6724,神戸市北区有野町有野,6531,13255,1.29,0.4,25.5,20.3,34.35,50
28700650010,舞子山手線,舞子多聞線,商大線,28108,0,2.6,,2845,,2725,5570,1.26,0.5,19.5,19,11.2,50
28700660010,中央幹線,神戸明石線,神戸加古川姫路線,28107,0,0.8,神戸市須磨区行幸町３丁目,3607,神戸市須磨区行幸町３丁目,4004,7611,1.27,0.64,19.6,18.7,27.3,50
28700660020,中央幹線,神戸加古川姫路線,一般国道２号,28107,0,0.6,神戸市須磨区天神町４丁目,2719,神戸市須磨区天神町４丁目,2775,5494,1.25,0.52,22.7,34.3,28.2,50
28700670010,灘浜脇浜線,摩耶埠頭線,神戸市灘区・神戸市中央区境,28102,0,0.8,神戸市中央区脇浜海岸通４丁目,7338,神戸市中央区脇浜海岸通４丁目,6733,14071,1.31,0.47,19.9,26.6,42.1,40
28700670020,灘浜脇浜線,神戸市灘区・神戸市中央区境,生田川右岸線,28110,0,1.5,神戸市中央区脇浜海岸通４丁目,7338,神戸市中央区脇浜海岸通４丁目,6733,14071,1.31,0.57,21.6,15.3,39.9,40
28700720010,須磨多聞線,西下畑１号線,神戸加古川姫路線,28108,0,1.1,神戸市垂水区下畑町,7782,神戸市垂水区下畑町,7472,15254,1.3,0.44,30.3,38.9,28,50
28700720020,須磨多聞線,神戸加古川姫路線,長坂垂水線,28108,0,0.5,神戸市垂水区下畑町,7782,神戸市垂水区下畑町,7472,15254,1.3,0.42,45.3,33.5,29,50
28700740010,商船学校線,一般国道４３号,鳴尾御影線,28101,0,0.3,,4167,,2730,6897,1.26,0.42,7,10.9,21.7,40
28700740020,商船学校線,鳴尾御影線,一般国道２号,28101,0,0.4,,4167,,2730,6897,1.26,0.43,21.3,14.3,22,40
28700740030,商船学校線,一般国道２号,山手幹線,28101,0,0.4,,4167,,2730,6897,1.26,0.46,12.4,12.6,21,40
28700750010,高丸商大線,名谷高丸線,一般国道２号（第二神明道路）,28108,0,0.2,,,,,,,,19.1,20.7,8,40
28700750020,高丸商大線,一般国道２号（第二神明道路）,多聞伊川谷線,28108,0,0.9,,,,,,,,29,5.9,10.7,40
28700750030,高丸商大線,多聞伊川谷線,商大線,28108,0,0.1,,,,,,,,7.2,7.8,12.6,40
28700760010,西下畑１号線,名谷下畑線,石畳２号線,28108,0,0.3,,,,,,,,23.2,32.1,20,40
28700760020,西下畑１号線,石畳２号線,須磨多聞線,28108,0,0.2,,,,,,,,21.9,44.5,20,40
28700770010,名谷下畑線,西下畑１号線,神戸明石線,28108,0,1.3,神戸市垂水区桃山台３丁目,6514,神戸市垂水区桃山台３丁目,6908,13422,1.29,0.42,28.2,23.5,20,50
28700780010,宅原中央線,神戸三田線,三木三田線,28109,0,0.7,,,,,,,,23,40.8,24,40
28700780020,宅原中央線,三木三田線,長尾線,28109,0,1.2,,,,,,,,26.5,27.8,30,40
28700840010,若松線,西出高松前池線,一般国道２号,28106,0,0.5,,2712,,2656,5368,1.26,0.51,,17.9,23.05,40
28700840020,若松線,一般国道２号,,28106,0,0.3,,2712,,2656,5368,1.26,0.21,,,28.2,40
28700840040,若松線,,神戸明石線,28106,0,0.5,,2712,,2656,5368,1.26,0.23,,14.3,27.6,40
28710040010,新湊川左岸線,高速神戸西宮線,一般国道２号,28106,0,0.2,,,,,,,,27.8,9.9,27.6,40
28710050010,京橋線,一般国道１７４号,高速神戸西宮線,28110,0,0.2,神戸市中央区新港町,8185,神戸市中央区新港町,5176,13361,1.3,0.48,5.9,35.2,53,40
28710180010,港島１号線,市道（ＰＩ北－１号線）,市道（ＰＩ－２号線）,28110,0,0.1,,,,,,,,19.1,23.8,65,40
