交通調査基本区間番号,路線名,起点側／路線名等,終点側／路線名等,市区町村コード,自動車専用道路の別,区間延長（ｋｍ）,上り／交通量観測地点地名,上り／２４時間自動車類交通量／合計（台）,下り／交通量観測地点地名,下り／２４時間自動車類交通量／合計（台）,２４時間自動車類交通量（上下合計）／合計（台）,昼夜率,混雑度,朝夕（混雑時）／上り／旅行速度／合計（ｋｍ／ｈ）,朝夕（混雑時）／下り／旅行速度／合計（ｋｍ／ｈ）,幅員構成／道路部幅員（ｍ）,指定最高速度（ｋｍ／ｈ）
37116110010,高松自動車道,高松自動車道,白鳥引田線,37207,1,7.1,板野～引田,7631,板野～引田,7331,14962,1.4,0.28,97.6,96.3,23.5,100
37116110020,高松自動車道,白鳥引田線,大内白鳥インター線,37207,1,5.2,引田～白鳥大内,7648,引田～白鳥大内,7350,14998,1.39,0.29,95.9,94.2,23.5,100
37116110030,高松自動車道,大内白鳥インター線,東かがわ市・さぬき市境,37207,1,6.4,白鳥大内～津田東,8182,白鳥大内～津田東,7808,15990,1.37,0.31,95.1,92.5,23.5,100
37116110040,高松自動車道,東かがわ市・さぬき市境,一般国道１１号,37206,1,1,白鳥大内～津田東,8182,白鳥大内～津田東,7808,15990,1.37,0.31,90.5,93.4,22,80
37116110050,高松自動車道,一般国道１１号,,37206,1,0.3,白鳥大内～津田東,8182,白鳥大内～津田東,7808,15990,1.37,0.31,92.3,91.7,22,80
37300111210,高松自動車道,,三木津田線,37206,1,5.2,津田東～津田寒川,8565,津田東～津田寒川,8240,16805,1.36,0.25,91,89.3,22,80
37300111220,高松自動車道,三木津田線,石田東志度線,37206,1,3.4,津田寒川～志度,8828,津田寒川～志度,8441,17269,1.36,0.26,91.4,92.9,22,80
37300111230,高松自動車道,石田東志度線,さぬき市・三木町境,37206,1,3.4,志度～さぬき三木,9048,志度～さぬき三木,8667,17715,1.35,0.24,93.1,90.9,22,80
37300111240,高松自動車道,さぬき市・三木町境,一般国道１１号,37341,1,1.3,志度～さぬき三木,9048,志度～さぬき三木,8667,17715,1.35,0.34,93.7,90.3,22,80
37300111250,高松自動車道,一般国道１１号,三木町・高松市境,37341,1,2.3,さぬき三木～高松東,8313,さぬき三木～高松東,7944,16257,1.36,0.24,91,91.3,22,80
37116110070,高松自動車道,三木町・高松市境,一般国道１１号,37201,1,0.4,さぬき三木～高松東,8313,さぬき三木～高松東,7944,16257,1.36,0.24,91.2,92.2,22,80
37116110080,高松自動車道,一般国道１１号,中徳三谷高松線,37201,1,4.1,高松東～高松中央,9602,高松東～高松中央,9132,18734,1.33,0.3,85.9,88.2,22,80
37116110090,高松自動車道,中徳三谷高松線,一般国道１１号,37201,1,6.5,高松中央～高松檀紙,11065,高松中央～高松檀紙,10592,21657,1.31,0.37,90.8,90.6,22,80
37116110100,高松自動車道,一般国道１１号,三木国分寺線,37201,1,2.5,高松檀紙～高松西,8958,高松檀紙～高松西,8560,17518,1.32,0.29,91.8,89.7,22,80
37116110110,高松自動車道,三木国分寺線,高松市・綾川町境,37201,1,4.6,高松西～府中湖スマート,13479,高松西～府中湖スマート,12943,26422,1.28,0.54,90.3,91.4,23.5,100
37116110120,高松自動車道,高松市・綾川町境,綾川町・坂出市境,37387,1,0.9,高松西～府中湖スマート,13479,高松西～府中湖スマート,12943,26422,1.28,0.54,93.2,95.2,23.5,100
37116110130,高松自動車道,綾川町・坂出市境,川西北側道線,37203,1,1.9,高松西～府中湖スマート,13479,高松西～府中湖スマート,12943,26422,1.28,0.54,86.9,94.7,23.5,100
37116110140,高松自動車道,川西北側道線,坂出市・丸亀市境,37203,1,3,府中湖スマート～坂出JCT,13584,府中湖スマート～坂出JCT,13073,26657,1.28,0.43,82.4,90.7,23.5,100
37116110150,高松自動車道,坂出市・丸亀市境,高松自動車道,37202,1,3.7,府中湖スマート～坂出JCT,13584,府中湖スマート～坂出JCT,13073,26657,1.28,0.43,89.8,93,23.5,100
37116110160,高松自動車道,高松自動車道,坂出市・丸亀市境,37203,1,0.7,坂出JCT～善通寺,13436,坂出JCT～善通寺,13061,26497,1.31,0.45,92.6,90.1,23.5,100
37116110170,高松自動車道,坂出市・丸亀市境,丸亀市・善通寺市境,37202,1,5.2,坂出JCT～善通寺,13436,坂出JCT～善通寺,13061,26497,1.31,0.48,92,88.8,23.5,100
37116110180,高松自動車道,丸亀市・善通寺市境,一般国道３１９号,37204,1,1.7,坂出JCT～善通寺,13436,坂出JCT～善通寺,13061,26497,1.31,0.48,90.9,89.3,23.5,100
37116110190,高松自動車道,一般国道３１９号,善通寺市・三豊市境,37204,1,5.7,善通寺～三豊鳥坂,12899,善通寺～三豊鳥坂,12593,25492,1.32,0.44,93.3,94.8,23.5,100
37116110200,高松自動車道,善通寺市・三豊市境,大見吉津仁尾線,37208,1,2.1,善通寺～三豊鳥坂,12899,善通寺～三豊鳥坂,12593,25492,1.32,0.44,94.8,94.1,23.5,100
37116110210,高松自動車道,大見吉津仁尾線,一般国道１１号,37208,1,6.8,三豊鳥坂～さぬき豊中,11636,三豊鳥坂～さぬき豊中,11396,23032,1.34,0.4,94.7,95.3,23.5,100
37116110220,高松自動車道,一般国道１１号,三豊市・観音寺市境,37208,1,2.1,さぬき豊中～大野原,10465,さぬき豊中～大野原,10252,20717,1.35,0.37,91,95.7,23.5,100
37116110230,高松自動車道,三豊市・観音寺市境,一般国道１１号,37205,1,7,さぬき豊中～大野原,10465,さぬき豊中～大野原,10252,20717,1.35,0.37,94.5,95.6,23.5,100
37116110240,高松自動車道,一般国道１１号,高松自動車道,37205,1,7.2,大野原～川之江JCT,10098,大野原～川之江JCT,9891,19989,1.34,0.33,93.1,93.8,23.5,100
37116110260,高松自動車道,一般国道１１号,高松自動車道,37203,1,2,坂出JCT～坂出,8715,坂出JCT～坂出,8851,17566,1.31,0.27,86.3,79.3,22,80
37300110010,一般国道１１号,一般国道１１号,徳島引田線,37207,0,0.9,東かがわ市坂元,3300,東かがわ市坂元,3280,6580,1.29,0.54,55.2,51.1,15.16,50
37300110020,一般国道１１号,徳島引田線,川股馬宿線,37207,0,1.6,東かがわ市坂元,3300,東かがわ市坂元,3280,6580,1.29,0.54,51.6,49.9,15.16,50
37300110030,一般国道１１号,川股馬宿線,石井引田線,37207,0,0.5,東かがわ市坂元,3300,東かがわ市坂元,3280,6580,1.29,0.54,37.6,38.8,15.16,50
37300110040,一般国道１１号,石井引田線,津田引田線,37207,0,1.3,東かがわ市引田,4291,東かがわ市引田,4528,8819,1.29,0.68,32.6,34.7,15.16,50
37300110050,一般国道１１号,津田引田線,白鳥引田線,37207,0,1.3,東かがわ市引田,4291,東かがわ市引田,4528,8819,1.29,0.68,45.1,49.2,15.16,50
37300110060,一般国道１１号,白鳥引田線,讃岐白鳥（停）線,37207,0,2.6,東かがわ市松原,7823,東かがわ市松原,8132,15955,1.29,1.08,44.7,46.7,15.16,50
37300110070,一般国道１１号,讃岐白鳥（停）線,一般国道３１８号,37207,0,1.2,東かがわ市白鳥88-1,9104,東かがわ市白鳥88-1,9326,18430,1.29,1.07,28.3,23.6,15.16,50
37300110080,一般国道１１号,一般国道３１８号,讃岐白鳥（停）湊線,37207,0,0.5,東かがわ市三本松1255-1,8132,東かがわ市三本松1255-1,7674,15806,1.29,1.22,27,29,12.33,40
37300110090,一般国道１１号,讃岐白鳥（停）湊線,三本松港線,37207,0,0.9,東かがわ市三本松1255-1,8132,東かがわ市三本松1255-1,7674,15806,1.29,1.22,31.4,30.8,12.33,40
37300110100,一般国道１１号,三本松港線,大内白鳥インター線,37207,0,0.8,東かがわ市三本松1255-1,8132,東かがわ市三本松1255-1,7674,15806,1.29,1.22,29,25,12.33,40
37300110110,一般国道１１号,大内白鳥インター線,水主三本松線,37207,0,1.2,東かがわ市三本松1255-1,8132,東かがわ市三本松1255-1,7674,15806,1.29,1.22,25.1,24.8,12.33,40
37300110120,一般国道１１号,水主三本松線,中村落合線,37207,0,1.1,東かがわ市三本松1255-1,8132,東かがわ市三本松1255-1,7674,15806,1.29,1.01,35.3,26.8,13.2,50
37300110130,一般国道１１号,中村落合線,高松長尾大内線,37207,0,0.6,東かがわ市落合123-1,9778,東かがわ市落合123-1,10122,19900,1.29,1.25,29.9,30.6,13.2,50
37300110140,一般国道１１号,高松長尾大内線,丹生（停）線,37207,0,0.3,さぬき市津田町鶴羽2783,5601,さぬき市津田町鶴羽2783,5741,11342,1.29,0.9,21.2,25.3,13.2,50
37300110150,一般国道１１号,丹生（停）線,東かがわ市・さぬき市境,37207,0,2.5,さぬき市津田町鶴羽2783,5601,さぬき市津田町鶴羽2783,5741,11342,1.29,0.9,49.3,48.1,13.2,50
37300110160,一般国道１１号,東かがわ市・さぬき市境,津田引田線,37206,0,0,さぬき市津田町鶴羽2783,5601,さぬき市津田町鶴羽2783,5741,11342,1.29,0.94,36.1,30.4,12.66,50
37300110170,一般国道１１号,津田引田線,高松自動車道,37206,0,0.4,さぬき市津田町鶴羽2783,5601,さぬき市津田町鶴羽2783,5741,11342,1.29,0.94,34.5,34.6,12.66,50
37300110180,一般国道１１号,高松自動車道,津田川島線,37206,0,2.3,さぬき市津田町鶴羽2783,5601,さぬき市津田町鶴羽2783,5741,11342,1.29,0.94,43.2,45.1,12.66,50
37300110190,一般国道１１号,津田川島線,富田中津田線,37206,0,1.2,さぬき市津田町鶴羽2783,5601,さぬき市津田町鶴羽2783,5741,11342,1.29,0.94,37.4,40.8,12.66,50
37300110200,一般国道１１号,富田中津田線,津田引田線,37206,0,0.3,さぬき市鴨部,5821,さぬき市鴨部,5859,11680,1.29,1.01,28,29.6,12.66,50
37300110210,一般国道１１号,津田引田線,三木津田線,37206,0,0.7,さぬき市鴨部,5821,さぬき市鴨部,5859,11680,1.29,1.25,29.5,31.2,10.01,50
37300110220,一般国道１１号,三木津田線,志度小田津田線,37206,0,0.1,さぬき市鴨部,5821,さぬき市鴨部,5859,11680,1.29,0.96,27,31.2,15.07,50
37300110230,一般国道１１号,志度小田津田線,大串鴨部線,37206,0,2.8,さぬき市鴨部,5821,さぬき市鴨部,5859,11680,1.29,0.96,46,48.9,15.07,50
37300110240,一般国道１１号,大串鴨部線,富田中鴨部線,37206,0,0.1,さぬき市鴨部,5821,さぬき市鴨部,5859,11680,1.29,0.96,30,35.3,15.07,50
37300110250,一般国道１１号,富田中鴨部線,富田西鴨庄線,37206,0,2,さぬき市鴨部,5821,さぬき市鴨部,5859,11680,1.29,0.96,42,40.8,15.07,50
37300110260,一般国道１１号,富田西鴨庄線,志度小田津田線,37206,0,2.6,さぬき市鴨部,5821,さぬき市鴨部,5859,11680,1.29,1.23,44.5,32.5,11.58,50
37300110270,一般国道１１号,志度小田津田線,志度山川線,37206,0,0.6,高松市牟礼町大町,9063,高松市牟礼町大町,9126,18189,1.29,1.25,21.8,23.5,12.96,50
37300110280,一般国道１１号,志度山川線,大串志度線,37206,0,0.5,高松市牟礼町大町,9063,高松市牟礼町大町,9126,18189,1.29,1.25,21.3,31.3,12.96,50
37300110290,一般国道１１号,大串志度線,太田上町志度線,37206,0,0.2,高松市牟礼町大町,9063,高松市牟礼町大町,9126,18189,1.29,1.25,27.6,28.9,12.96,50
37300110300,一般国道１１号,太田上町志度線,さぬき市・高松市境,37206,0,0.6,高松市牟礼町大町,9063,高松市牟礼町大町,9126,18189,1.29,1.25,37.8,38,12.96,50
37300110310,一般国道１１号,さぬき市・高松市境,三木牟礼線,37201,0,1.1,高松市牟礼町大町,9063,高松市牟礼町大町,9126,18189,1.29,1.17,28.1,33.6,14.92,50
37300110320,一般国道１１号,三木牟礼線,高松牟礼線,37201,0,0.3,高松市牟礼町大町,9063,高松市牟礼町大町,9126,18189,1.29,1.17,23,32.5,14.92,50
37300110330,一般国道１１号,高松牟礼線,八栗原線,37201,0,0.8,高松市牟礼町大町,9063,高松市牟礼町大町,9126,18189,1.29,1.17,29.2,31.9,14.92,50
37300110340,一般国道１１号,八栗原線,牟礼中新線,37201,0,2.3,高松市牟礼町大町,9063,高松市牟礼町大町,9126,18189,1.29,1.17,29.4,28.3,14.92,50
37300110350,一般国道１１号,牟礼中新線,高松牟礼線,37201,0,1.2,高松市高松町2309,11316,高松市高松町2309,14716,26032,1.26,1.16,28.4,28.4,22,60
37300110360,一般国道１１号,高松牟礼線,屋島（停）屋島（公）線,37201,0,0.5,高松市木太町2705-1,14152,高松市木太町2705-1,15098,29250,1.26,1.04,19.3,19.8,22,60
37300110370,一般国道１１号,屋島（停）屋島（公）線,屋島公園線,37201,0,0.7,高松市木太町2705-1,14152,高松市木太町2705-1,15098,29250,1.26,1.04,27.6,21,22,60
37300110380,一般国道１１号,屋島公園線,屋島（停）屋島（公）線,37201,0,0.3,高松市木太町2705-1,14152,高松市木太町2705-1,15098,29250,1.26,1.04,27.1,17.7,22,60
37300110390,一般国道１１号,屋島（停）屋島（公）線,屋島東山崎線,37201,0,0.7,高松市木太町2705-1,14152,高松市木太町2705-1,15098,29250,1.26,1.04,33.2,14.9,22,60
37300110400,一般国道１１号,屋島東山崎線,中徳三谷高松線,37201,0,1.6,高松市木太町2705-1,14152,高松市木太町2705-1,15098,29250,1.26,1.5,24.4,17.1,25.24,50
37300110410,一般国道１１号,中徳三谷高松線,市道,37201,0,0.5,高松市松島町1丁目13-10,11567,高松市松島町1丁目13-10,11166,22733,1.26,1.23,11.6,22,25.24,50
37300110420,一般国道１１号,市道,,37201,0,0.5,高松市松島町1丁目13-10,11567,高松市松島町1丁目13-10,11166,22733,1.26,1.23,15.6,16.4,25.24,50
37300110430,一般国道１１号,,高松港栗林（公）線,37201,0,0.7,高松市松島町1丁目13-10,11567,高松市松島町1丁目13-10,11166,22733,1.26,1.23,20.2,11.4,25.24,50
37300110440,一般国道１１号,高松港栗林（公）線,一般国道３０号,37201,0,0.7,高松市松島町1丁目13-10,11567,高松市松島町1丁目13-10,11166,22733,1.26,1.23,9.9,11.9,25.24,50
37300110450,一般国道１１号,一般国道３０号,高松善通寺線,37201,0,0.5,高松市亀井町6-1,17239,高松市亀井町6-1,17014,34253,1.27,1.06,19.1,14.1,35.9,50
37300110460,一般国道１１号,高松善通寺線,高松香川線,37201,0,0.8,高松市中新町,19844,高松市中新町,20314,40158,1.21,1.33,17.6,18.7,35.9,50
37300110470,一般国道１１号,高松香川線,花ノ宮木太線,37201,0,0.4,高松市中新町,19844,高松市中新町,20314,40158,1.21,1.33,22.3,18.3,35.9,50
37300110480,一般国道１１号,花ノ宮木太線,勅使室新線,37201,0,0.3,高松市中新町,19844,高松市中新町,20314,40158,1.21,1.33,16.4,17.1,35.9,50
37300110490,一般国道１１号,勅使室新線,木太鬼無線,37201,0,0.5,高松市上天神町196,19121,高松市上天神町196,18998,38119,1.21,1.2,18.3,22.8,35.9,50
37300110500,一般国道１１号,木太鬼無線,,37201,0,0.5,高松市上天神町196,19121,高松市上天神町196,18998,38119,1.21,1.2,12.7,21.5,35.9,50
37300110510,一般国道１１号,,一般国道１１号,37201,0,0.5,高松市上天神町196,19121,高松市上天神町196,18998,38119,1.21,1.2,21.9,12.6,35.9,50
37300110520,一般国道１１号,一般国道１１号,川東高松線,37201,0,0.2,高松市田村町226-6,25606,高松市田村町226-6,23422,49028,1.28,0.96,16.5,25.1,42,60
37300110530,一般国道１１号,川東高松線,一般国道３２号,37201,0,0.5,高松市田村町226-6,25606,高松市田村町226-6,23422,49028,1.28,0.96,16.2,14,42,60
37300110540,一般国道１１号,一般国道３２号,勅使室新線,37201,0,1.1,高松市勅使町1216-3,18145,高松市勅使町1216-3,17467,35612,1.3,0.77,17.3,27.6,40.75,60
37300110550,一般国道１１号,勅使室新線,高松自動車道,37201,0,1.7,高松市勅使町1216-3,18145,高松市勅使町1216-3,17467,35612,1.3,0.79,26.3,35.6,40,60
37300110560,一般国道１１号,高松自動車道,檀紙鶴市線,37201,0,0.2,高松市勅使町1216-3,18145,高松市勅使町1216-3,17467,35612,1.3,0.64,36.9,14.6,32.74,60
37300110570,一般国道１１号,檀紙鶴市線,円座香西線,37201,0,0.7,高松市御厩町1393-4,19769,高松市御厩町1393-4,17891,37660,1.32,0.77,17,42.6,32.74,60
37300110580,一般国道１１号,円座香西線,国分寺太田上町線,37201,0,0.7,高松市御厩町1393-4,19769,高松市御厩町1393-4,17891,37660,1.32,0.77,37.7,47.5,32.74,60
37300110590,一般国道１１号,国分寺太田上町線,国分寺太田上町線,37201,0,0.2,高松市御厩町1393-4,19769,高松市御厩町1393-4,17891,37660,1.32,0.77,38.1,28,32.74,60
37300110600,一般国道１１号,国分寺太田上町線,三木国分寺線,37201,0,2,高松市御厩町1393-4,19769,高松市御厩町1393-4,17891,37660,1.32,0.77,35.8,27.3,32.74,60
37300110610,一般国道１１号,三木国分寺線,綾川国分寺線,37201,0,0.6,高松市国分寺町新名,19857,高松市国分寺町新名,19754,39611,1.32,1.01,13.7,25.7,32.2,60
37300110620,一般国道１１号,綾川国分寺線,高松市・坂出市境,37201,0,1.5,高松市国分寺町新名,19857,高松市国分寺町新名,19754,39611,1.32,0.85,39.1,40.2,32.2,60
37300110630,一般国道１１号,高松市・坂出市境,高松善通寺線,37203,0,0.1,高松市国分寺町新名,19857,高松市国分寺町新名,19754,39611,1.32,1.21,62.5,61.5,23.73,60
37300110640,一般国道１１号,高松善通寺線,林田府中線,37203,0,2.8,坂出市府中町,17572,坂出市府中町,17221,34793,1.32,1.26,51.5,38.9,23.73,60
37300110650,一般国道１１号,林田府中線,鴨川（停）五色台線,37203,0,0.5,坂出市府中町,17572,坂出市府中町,17221,34793,1.32,1.26,37.2,33.5,23.73,60
37300110660,一般国道１１号,鴨川（停）五色台線,林田府中線,37203,0,1.2,坂出市府中町,17572,坂出市府中町,17221,34793,1.32,1.26,34.4,27.9,23.73,60
37300110670,一般国道１１号,林田府中線,高松善通寺線,37203,0,1.1,坂出市加茂町甲588-2,13351,坂出市加茂町甲588-2,12342,25693,1.29,0.75,34.4,51.4,23.73,60
37300110680,一般国道１１号,高松善通寺線,一般国道４３８号,37203,0,4.5,坂出市西庄町,14236,坂出市西庄町,15442,29678,1.29,1.04,60.7,55.6,24.5,60
37300110690,一般国道１１号,一般国道４３８号,高松自動車道,37203,0,0.7,綾歌郡宇多津町東分,18313,綾歌郡宇多津町東分,18280,36593,1.29,0.88,63.1,53.9,35.33,60
37300110700,一般国道１１号,高松自動車道,坂出市・宇多津町境,37203,0,0.4,綾歌郡宇多津町東分,18313,綾歌郡宇多津町東分,18280,36593,1.29,0.88,59,27.7,35.33,60
37300110710,一般国道１１号,坂出市・宇多津町境,富熊宇多津線,37386,0,0.3,綾歌郡宇多津町東分,18313,綾歌郡宇多津町東分,18280,36593,1.29,0.91,38.4,15.7,24.11,60
37300110720,一般国道１１号,富熊宇多津線,町道,37386,0,0.6,綾歌郡宇多津町東分,18313,綾歌郡宇多津町東分,18280,36593,1.29,0.91,23.6,22.1,24.11,60
37300110730,一般国道１１号,町道,町道,37386,0,0.2,綾歌郡宇多津町東分,18313,綾歌郡宇多津町東分,18280,36593,1.29,0.91,20.6,15.9,24.11,60
37300110740,一般国道１１号,町道,宇多津町・丸亀市境,37386,0,0.1,綾歌郡宇多津町東分,18313,綾歌郡宇多津町東分,18280,36593,1.29,0.91,16.1,28,24.11,60
37300110750,一般国道１１号,宇多津町・丸亀市境,飯野宇多津線,37202,0,0.2,綾歌郡宇多津町東分,18313,綾歌郡宇多津町東分,18280,36593,1.29,0.92,15,23.1,24,60
37300110760,一般国道１１号,飯野宇多津線,飯野土器線,37202,0,1.1,綾歌郡宇多津町東分,18313,綾歌郡宇多津町東分,18280,36593,1.29,0.92,20.2,19.7,24,60
37300110770,一般国道１１号,飯野土器線,岡田丸亀線,37202,0,0.1,丸亀市土器町,17335,丸亀市土器町,17980,35315,1.29,0.8,15.8,17.6,24,60
37300110780,一般国道１１号,岡田丸亀線,丸亀詫間豊浜線,37202,0,0.3,丸亀市土器町,17335,丸亀市土器町,17980,35315,1.29,0.8,19,16.6,24,60
37300110790,一般国道１１号,丸亀詫間豊浜線,丸亀三好線,37202,0,1.7,丸亀市土器町,17335,丸亀市土器町,17980,35315,1.29,0.8,25.2,24.7,24,60
37300110800,一般国道１１号,丸亀三好線,,37202,0,0.5,丸亀市土器町,17335,丸亀市土器町,17980,35315,1.29,0.8,14.5,31.3,24,60
37300110810,一般国道１１号,,原田琴平線,37202,0,0.5,丸亀市土器町,17335,丸亀市土器町,17980,35315,1.29,0.8,21.9,24.9,24,60
37300110820,一般国道１１号,原田琴平線,高松善通寺線,37202,0,0.7,丸亀市土器町,17335,丸亀市土器町,17980,35315,1.29,0.8,21.5,38.3,24,60
37300110830,一般国道１１号,高松善通寺線,一般国道３１９号,37202,0,0.6,丸亀市原田町1862-2,13203,丸亀市原田町1862-2,10952,24155,1.31,0.6,40.6,38.2,24,60
37300110840,一般国道１１号,一般国道３１９号,丸亀市・善通寺市境,37202,0,0.1,善通寺市金蔵寺町1864,11887,善通寺市金蔵寺町1864,10957,22844,1.31,0.55,25.3,36.8,24,60
37300110850,一般国道１１号,丸亀市・善通寺市境,善通寺多度津線,37204,0,0.9,善通寺市金蔵寺町1864,11887,善通寺市金蔵寺町1864,10957,22844,1.31,0.54,33.6,42.2,25,60
37300110860,一般国道１１号,善通寺多度津線,善通寺市・多度津町境,37204,0,0,善通寺市金蔵寺町1864,11887,善通寺市金蔵寺町1864,10957,22844,1.31,0.54,59.3,61.8,25,60
37300110870,一般国道１１号,善通寺市・多度津町境,多度津町・善通寺市境,37404,0,0.4,善通寺市金蔵寺町1864,11887,善通寺市金蔵寺町1864,10957,22844,1.31,0.54,58.9,54.4,34.4,60
37300110880,一般国道１１号,多度津町・善通寺市境,高松善通寺線,37204,0,0.2,善通寺市金蔵寺町1864,11887,善通寺市金蔵寺町1864,10957,22844,1.31,0.52,39.5,27.6,25,60
37300110890,一般国道１１号,高松善通寺線,善通寺市・多度津町境,37204,0,0,善通寺市弘田町,9834,善通寺市弘田町,9776,19610,1.31,0.44,25.4,23,25,60
37300110900,一般国道１１号,善通寺市・多度津町境,多度津町・善通寺市境,37404,0,0,善通寺市弘田町,9834,善通寺市弘田町,9776,19610,1.31,0.44,25.1,29.1,25,60
37300110910,一般国道１１号,多度津町・善通寺市境,多度津善通寺線,37204,0,0.9,善通寺市弘田町,9834,善通寺市弘田町,9776,19610,1.31,0.44,34.8,25.9,25,60
37300110920,一般国道１１号,多度津善通寺線,西白方善通寺線,37204,0,1.5,善通寺市弘田町,9834,善通寺市弘田町,9776,19610,1.31,1.26,26,34.9,11.27,50
37300110930,一般国道１１号,西白方善通寺線,善通寺詫間線,37204,0,1.5,善通寺市弘田町,9834,善通寺市弘田町,9776,19610,1.31,1.26,39.6,19.7,11.27,50
37300110940,一般国道１１号,善通寺詫間線,善通寺市・三豊市境,37204,0,1.1,三豊市高瀬町下勝間,8685,三豊市高瀬町下勝間,8926,17611,1.3,1.04,26.1,23.8,9.5,50
37300110950,一般国道１１号,善通寺市・三豊市境,善通寺詫間線,37208,0,0,三豊市高瀬町下勝間,8685,三豊市高瀬町下勝間,8926,17611,1.3,1.13,19.6,17.9,9.76,50
37300110960,一般国道１１号,善通寺詫間線,大見吉津仁尾線,37208,0,1.4,三豊市高瀬町下勝間,8685,三豊市高瀬町下勝間,8926,17611,1.3,1.13,30.2,38.3,9.76,50
37300110970,一般国道１１号,大見吉津仁尾線,下高瀬高瀬線,37208,0,2.1,三豊市高瀬町下勝間,8685,三豊市高瀬町下勝間,8926,17611,1.3,1.04,31.5,37.7,10.27,50
37300110980,一般国道１１号,下高瀬高瀬線,神田高瀬線,37208,0,0.2,三豊市高瀬町下勝間,8685,三豊市高瀬町下勝間,8926,17611,1.3,1.04,27.5,22.3,10.27,50
37300110990,一般国道１１号,神田高瀬線,詫間琴平線,37208,0,0.6,三豊市高瀬町下勝間,8685,三豊市高瀬町下勝間,8926,17611,1.3,1.04,26.4,20.3,10.27,50
37300111000,一般国道１１号,詫間琴平線,財田上高瀬線,37208,0,0.3,三豊市高瀬町下勝間,8685,三豊市高瀬町下勝間,8926,17611,1.3,1.29,15.3,24.9,11.65,50
37300111010,一般国道１１号,財田上高瀬線,観音寺善通寺線,37208,0,1.2,三豊市高瀬町下勝間,8685,三豊市高瀬町下勝間,8926,17611,1.3,1.01,22.6,27.9,12.65,50
37300111020,一般国道１１号,観音寺善通寺線,,37208,0,1.7,三豊市高瀬町下勝間,8685,三豊市高瀬町下勝間,8926,17611,1.3,1.01,37.6,38.4,12.65,50
37300111030,一般国道１１号,,豊中三野線,37208,0,0.1,三豊市高瀬町下勝間,8685,三豊市高瀬町下勝間,8926,17611,1.3,1.01,24.3,24.4,12.65,50
37300111040,一般国道１１号,豊中三野線,高松自動車道,37208,0,0.7,三豊市豊中町本山甲1303-1,9851,三豊市豊中町本山甲1303-1,10170,20021,1.31,1.24,29.8,29.4,12.65,50
37300111050,一般国道１１号,高松自動車道,羽方豊中線,37208,0,0.9,三豊市豊中町本山甲1303-1,9851,三豊市豊中町本山甲1303-1,10170,20021,1.31,1.51,27.5,24.5,12,40
37300111060,一般国道１１号,羽方豊中線,三豊市・観音寺市境,37208,0,0.8,三豊市豊中町本山甲1303-1,9851,三豊市豊中町本山甲1303-1,10170,20021,1.31,1.27,22,26.7,12.25,40
37300111070,一般国道１１号,三豊市・観音寺市境,観音寺池田線,37205,0,0.2,三豊市豊中町本山甲1303-1,9851,三豊市豊中町本山甲1303-1,10170,20021,1.31,1.39,24.9,19.2,15.45,40
37300111080,一般国道１１号,観音寺池田線,黒渕本大線,37205,0,0.1,観音寺市植田町上727-1,8170,観音寺市植田町上727-1,8212,16382,1.3,1.13,14.1,13.3,13.05,50
37300111090,一般国道１１号,黒渕本大線,,37205,0,1.4,観音寺市植田町上727-1,8170,観音寺市植田町上727-1,8212,16382,1.3,1.13,20.8,29.1,13.05,50
37300111100,一般国道１１号,,込野観音寺線,37205,0,0.8,観音寺市植田町上727-1,8170,観音寺市植田町上727-1,8212,16382,1.3,0.99,29.8,32.2,11.8,50
37300111110,一般国道１１号,込野観音寺線,粟井観音寺線,37205,0,1.1,観音寺市豊浜町和田浜,7568,観音寺市豊浜町和田浜,7683,15251,1.3,1.1,24.4,24.6,11.8,50
37300111120,一般国道１１号,粟井観音寺線,福田原観音寺線,37205,0,0.9,観音寺市豊浜町和田浜,7568,観音寺市豊浜町和田浜,7683,15251,1.3,1.1,25.8,28.4,11.8,50
37300111130,一般国道１１号,福田原観音寺線,観音寺佐野線,37205,0,0.8,観音寺市豊浜町和田浜,7568,観音寺市豊浜町和田浜,7683,15251,1.3,1.1,35,23.9,11.8,50
37300111140,一般国道１１号,観音寺佐野線,高松自動車道,37205,0,1.6,観音寺市豊浜町和田浜,7568,観音寺市豊浜町和田浜,7683,15251,1.3,1.1,28.2,31.3,11.8,50
37300111150,一般国道１１号,高松自動車道,丸亀詫間豊浜線,37205,0,1,観音寺市豊浜町和田浜,7568,観音寺市豊浜町和田浜,7683,15251,1.3,1.1,34.8,33.3,11.8,50
37300111160,一般国道１１号,丸亀詫間豊浜線,市道,37205,0,0.3,観音寺市豊浜町和田浜,7568,観音寺市豊浜町和田浜,7683,15251,1.3,1.1,27.9,17.2,11.8,50
37300111170,一般国道１１号,市道,一般国道３７７号,37205,0,0.5,観音寺市豊浜町和田浜,7568,観音寺市豊浜町和田浜,7683,15251,1.3,1.35,23.3,18.9,15.2,50
37300111180,一般国道１１号,一般国道３７７号,丸井萩原豊浜線,37205,0,3.3,観音寺市豊浜町和田浜,7568,観音寺市豊浜町和田浜,7683,15251,1.3,1.07,34.7,36.7,10.7,50
37300111190,一般国道１１号,丸井萩原豊浜線,一般国道１１号,37205,0,2.8,観音寺市豊浜町和田浜,7568,観音寺市豊浜町和田浜,7683,15251,1.3,1.07,38.7,36.7,10.7,50
37300111270,一般国道１１号,高松自動車道,太田上町志度線,37341,0,0.4,木田郡三木町井上2132,3429,木田郡三木町井上2132,3465,6894,1.24,0.48,16.5,19.1,22.7,50
37300111280,一般国道１１号,太田上町志度線,小蓑前田東線,37341,0,1.5,木田郡三木町井上2132,3429,木田郡三木町井上2132,3465,6894,1.24,0.48,29.5,29.8,22.7,50
37300111290,一般国道１１号,小蓑前田東線,三木町・高松市境,37341,0,0.1,高松市前田東町375-3,7324,高松市前田東町375-3,7025,14349,1.24,0.36,17.4,39.5,40,60
37300111300,一般国道１１号,三木町・高松市境,高松自動車道,37201,0,0.3,高松市前田東町375-3,7324,高松市前田東町375-3,7025,14349,1.24,0.37,35,56.1,40.35,60
37300111310,一般国道１１号,高松自動車道,塩江屋島西線,37201,0,0.7,高松市前田東町375-3,7324,高松市前田東町375-3,7025,14349,1.24,0.37,44.5,41.7,40.35,60
37300111320,一般国道１１号,塩江屋島西線,高松長尾大内線,37201,0,2,高松市東山崎町466-3,8312,高松市東山崎町466-3,8711,17023,1.24,0.43,28.2,31.3,40,60
37300111330,一般国道１１号,高松長尾大内線,西植田高松線,37201,0,0.2,高松市六条町,19320,高松市六条町,19087,38407,1.26,0.95,9,22.3,40,60
37300111340,一般国道１１号,西植田高松線,中徳三谷高松線,37201,0,1.3,高松市六条町,19320,高松市六条町,19087,38407,1.26,0.77,24,25.9,40,60
37300111350,一般国道１１号,中徳三谷高松線,上福岡多肥下町線,37201,0,1.3,高松市伏石町2134-1,23020,高松市伏石町2134-1,23357,46377,1.29,0.84,22.7,22.8,41.7,60
37300111360,一般国道１１号,上福岡多肥下町線,朝日町仏生山線,37201,0,0.6,高松市伏石町2134-1,23020,高松市伏石町2134-1,23357,46377,1.29,0.84,18.9,25.1,41.7,60
37300111370,一般国道１１号,朝日町仏生山線,高松香川線,37201,0,0.8,高松市太田下町2465,24466,高松市太田下町2465,23463,47929,1.29,0.89,20.9,14.6,40,60
37300111380,一般国道１１号,高松香川線,一般国道１１号,37201,0,0.7,高松市上天神町828,23118,高松市上天神町828,20987,44105,1.28,0.83,16.2,9,40.75,60
37300111420,一般国道１１号,一般国道３１８号,大内白鳥インター線,37207,0,2.1,東かがわ市川東,3106,東かがわ市川東,2867,5973,1.29,0.56,31.8,35.3,16.48,50
37300111400,一般国道１１号,大内白鳥インター線,水主三本松線,37207,0,1.2,東かがわ市西村1346,2940,東かがわ市西村1346,2696,5636,1.29,0.45,34.3,33.8,16.48,50
37300111440,一般国道１１号,水主三本松線,中村落合線,37207,0,1.2,東かがわ市西村1365-2,2427,東かがわ市西村1365-2,2388,4815,1.29,0.46,39.3,31.5,29,50
37300300010,一般国道３０号（本四道路）,一般国道３０号（本四道路）,櫃石島線,37203,1,1,県境（岡山県・香川県）～坂出北IC,9490,県境（岡山県・香川県）～坂出北IC,9818,19308,1.37,0.32,90.7,92.4,22.5,80
37300300020,一般国道３０号（本四道路）,櫃石島線,,37203,1,3.8,県境（岡山県・香川県）～坂出北IC,9490,県境（岡山県・香川県）～坂出北IC,9818,19308,1.37,0.32,91.1,90.3,22.5,80
37300300030,一般国道３０号（本四道路）,,瀬居坂出港線,37203,1,8.3,県境（岡山県・香川県）～坂出北IC,9490,県境（岡山県・香川県）～坂出北IC,9818,19308,1.37,0.32,90.7,91.3,22.5,80
37300300040,一般国道３０号（本四道路）,瀬居坂出港線,坂出市・宇多津町境,37203,1,1,坂出北IC～坂出IC,6432,坂出北IC～坂出IC,6448,12880,1.33,0.35,93.7,95.3,25,80
37300300050,一般国道３０号（本四道路）,坂出市・宇多津町境,宇多津町・坂出市境,37386,1,0.9,坂出北IC～坂出IC,6432,坂出北IC～坂出IC,6448,12880,1.33,0.35,94.3,91.4,25,80
37300300060,一般国道３０号（本四道路）,宇多津町・坂出市境,高松自動車道,37203,1,0.7,坂出北IC～坂出IC,6432,坂出北IC～坂出IC,6448,12880,1.33,0.23,91.2,76.4,25,80
37300300080,一般国道３０号,,,37201,0,0.5,高松市浜ノ町1-1,5516,高松市浜ノ町1-1,5478,10994,1.24,0.48,29.4,15.8,35.95,50
37300300090,一般国道３０号,,高松（停）栗林（公）線,37201,0,0.1,高松市浜ノ町1-1,5516,高松市浜ノ町1-1,5478,10994,1.24,0.48,8.3,10.8,35.95,50
37300300100,一般国道３０号,高松（停）栗林（公）線,高松海岸線,37201,0,0.3,高松市浜ノ町1-1,5516,高松市浜ノ町1-1,5478,10994,1.24,0.48,14.2,13.3,35.95,50
37300300110,一般国道３０号,高松海岸線,高松港線,37201,0,0.2,高松市磨屋町8-1,13310,高松市磨屋町8-1,13764,27074,1.24,1.03,10.9,16.6,35.95,50
37300300120,一般国道３０号,高松港線,一般国道１１号,37201,0,0.5,高松市磨屋町8-1,13310,高松市磨屋町8-1,13764,27074,1.24,1.03,17.9,16.4,35.95,50
37300320010,一般国道３２号,一般国道１１号,国分寺太田上町線,37201,0,1.2,高松市成合町1327-2,14116,高松市成合町1327-2,14035,28151,1.25,0.76,13.6,33.1,30.18,60
37300320020,一般国道３２号,国分寺太田上町線,円座香南線,37201,0,1.6,高松市成合町1327-2,14116,高松市成合町1327-2,14035,28151,1.25,0.76,32.2,38.2,30.18,60
37300320030,一般国道３２号,円座香南線,高松琴平線,37201,0,0.1,高松市成合町1327-2,14116,高松市成合町1327-2,14035,28151,1.25,0.76,14.5,21,30.18,60
37300320040,一般国道３２号,高松琴平線,三木国分寺線,37201,0,0.3,高松市成合町1327-2,14116,高松市成合町1327-2,14035,28151,1.25,0.76,17.8,14.7,30.18,60
37300320050,一般国道３２号,三木国分寺線,円座香南線,37201,0,1.7,高松市西山崎町,11260,高松市西山崎町,10774,22034,1.25,0.67,27.8,35.1,30.18,60
37300320060,一般国道３２号,円座香南線,岡本香川線,37201,0,0.8,高松市西山崎町,11260,高松市西山崎町,10774,22034,1.25,0.67,28.5,35.7,30.18,60
37300320070,一般国道３２号,岡本香川線,国分寺中通線,37201,0,1,高松市西山崎町,11260,高松市西山崎町,10774,22034,1.25,0.67,45.3,49.4,30.18,60
37300320080,一般国道３２号,国分寺中通線,高松市・綾川町境,37201,0,1.4,高松市国分寺町福家285-3,11178,高松市国分寺町福家285-3,10765,21943,1.25,0.65,46.1,40.8,30.18,60
37300320090,一般国道３２号,高松市・綾川町境,三木綾川線,37387,0,1.5,高松市国分寺町福家285-3,11178,高松市国分寺町福家285-3,10765,21943,1.25,0.56,47.7,46.6,23.99,60
37300320100,一般国道３２号,三木綾川線,府中造田線,37387,0,1,高松市国分寺町福家285-3,11178,高松市国分寺町福家285-3,10765,21943,1.25,0.56,34.7,23.8,23.99,60
37300320110,一般国道３２号,府中造田線,,37387,0,1.6,高松市国分寺町福家285-3,11178,高松市国分寺町福家285-3,10765,21943,1.25,0.56,37.1,30.7,23.99,60
37300320120,一般国道３２号,,綾川国分寺線,37387,0,0.7,高松市国分寺町福家285-3,11178,高松市国分寺町福家285-3,10765,21943,1.25,0.56,28.7,26.3,23.99,60
37300320130,一般国道３２号,綾川国分寺線,高松琴平線,37387,0,2,綾歌郡綾川町滝宮,11109,綾歌郡綾川町滝宮,10525,21634,1.25,0.53,43,45,23.99,60
37300320140,一般国道３２号,高松琴平線,綾川町・丸亀市境,37387,0,0.6,綾歌郡綾川町滝宮,11109,綾歌郡綾川町滝宮,10525,21634,1.25,0.53,41,42,23.99,60
37300320150,一般国道３２号,綾川町・丸亀市境,一般国道３７７号,37202,0,0.1,綾歌郡綾川町滝宮,11109,綾歌郡綾川町滝宮,10525,21634,1.25,0.61,47.2,31.5,26.5,60
37300320160,一般国道３２号,一般国道３７７号,善通寺綾歌線,37202,0,1.6,丸亀市綾歌町栗熊東,14840,丸亀市綾歌町栗熊東,14844,29684,1.25,0.82,40.1,36.2,26.5,60
37300320170,一般国道３２号,善通寺綾歌線,,37202,0,0.6,丸亀市綾歌町栗熊東,14840,丸亀市綾歌町栗熊東,14844,29684,1.25,0.82,34.9,34.6,26.5,60
37300320180,一般国道３２号,,その他道路,37202,0,1.3,丸亀市綾歌町栗熊東,14840,丸亀市綾歌町栗熊東,14844,29684,1.25,0.82,38.7,43.8,26.5,60
37300320185,一般国道３２号,その他道路,高松琴平線,37202,0,0.1,丸亀市綾歌町岡田上1234-4,7872,丸亀市綾歌町岡田上1234-4,7036,14908,1.25,0.47,45.7,29.9,26.5,60
37300320190,一般国道３２号,高松琴平線,一般国道４３８号,37202,0,0.5,丸亀市綾歌町岡田上1234-4,7872,丸亀市綾歌町岡田上1234-4,7036,14908,1.25,0.47,49.3,31.7,26.5,60
37300320195,一般国道３２号,一般国道４３８号,一般国道４３８号,37202,0,0.2,丸亀市綾歌町岡田上1234-4,7872,丸亀市綾歌町岡田上1234-4,7036,14908,1.25,0.47,31.6,31.4,25,60
37300320200,一般国道３２号,一般国道４３８号,岡田丸亀線,37202,0,0.9,丸亀市綾歌町岡田上1234-4,7872,丸亀市綾歌町岡田上1234-4,7036,14908,1.25,0.47,43.7,43,25,60
37300320210,一般国道３２号,岡田丸亀線,高松琴平線,37202,0,0.7,丸亀市綾歌町岡田上1234-4,7872,丸亀市綾歌町岡田上1234-4,7036,14908,1.25,0.47,55.9,44.6,25,60
37300320220,一般国道３２号,高松琴平線,丸亀市・まんのう町境,37202,0,0.2,丸亀市綾歌町岡田上359-1,6740,丸亀市綾歌町岡田上359-1,6193,12933,1.25,0.42,44.1,46.6,25.88,60
37300320230,一般国道３２号,丸亀市・まんのう町境,長尾丸亀線,37406,0,1.5,丸亀市綾歌町岡田上359-1,6740,丸亀市綾歌町岡田上359-1,6193,12933,1.25,0.6,60.3,55.4,25,60
37300320240,一般国道３２号,長尾丸亀線,炭所西善通寺線,37406,0,0.2,丸亀市綾歌町岡田上359-1,6740,丸亀市綾歌町岡田上359-1,6193,12933,1.25,0.6,53.8,42.7,25,60
37300320250,一般国道３２号,炭所西善通寺線,まんのう善通寺線,37406,0,0.7,丸亀市綾歌町岡田上359-1,6740,丸亀市綾歌町岡田上359-1,6193,12933,1.25,0.6,32.9,33.3,25.3,60
37300320260,一般国道３２号,まんのう善通寺線,丸亀三好線,37406,0,0.4,仲多度郡まんのう町五條,9276,仲多度郡まんのう町五條,8510,17786,1.25,0.96,32.2,37.5,25.3,60
37300320270,一般国道３２号,丸亀三好線,一般国道３１９号,37406,0,1.3,仲多度郡まんのう町五條,9276,仲多度郡まんのう町五條,8510,17786,1.25,0.96,42.9,31,25.3,60
37300320280,一般国道３２号,一般国道３１９号,大麻琴平買田線,37406,0,0.3,仲多度郡まんのう町追上,3458,仲多度郡まんのう町追上,3144,6602,1.26,0.62,10.7,25.8,12.17,50
37300320290,一般国道３２号,大麻琴平買田線,まんのう町・三豊市境,37406,0,4.8,仲多度郡まんのう町追上,3458,仲多度郡まんのう町追上,3144,6602,1.26,0.77,48.1,49.5,9.48,50
37300320300,一般国道３２号,まんのう町・三豊市境,財田まんのう線,37208,0,0.2,仲多度郡まんのう町追上,3458,仲多度郡まんのう町追上,3144,6602,1.26,0.79,39.7,25.3,9.75,50
37300320310,一般国道３２号,財田まんのう線,春日讃岐財田（停）線,37208,0,0.6,仲多度郡まんのう町追上,3458,仲多度郡まんのう町追上,3144,6602,1.26,0.79,42.2,43.3,9.75,50
37300320320,一般国道３２号,春日讃岐財田（停）線,春日讃岐財田（停）線,37208,0,1.4,三豊市財田町財田上669,2543,三豊市財田町財田上669,2390,4933,1.26,0.74,53.3,53.5,9.75,50
37300320330,一般国道３２号,春日讃岐財田（停）線,財田上高瀬線,37208,0,0.2,三豊市財田町財田上669,2543,三豊市財田町財田上669,2390,4933,1.26,0.74,38.2,31.9,9.75,50
37300320340,一般国道３２号,財田上高瀬線,観音寺池田線,37208,0,1.3,三豊市財田町財田上669,2543,三豊市財田町財田上669,2390,4933,1.26,0.74,45.9,45.2,9.75,50
37300320345,一般国道３２号,観音寺池田線,観音寺池田線,37208,0,1.4,三豊市財田町財田上,2275,三豊市財田町財田上,2190,4465,1.26,0.85,46.3,45.2,9.75,50
37300320430,一般国道３２号,観音寺池田線,一般国道３２号（猪ノ鼻道路）,37208,0,3.1,三豊市財田町財田上7533-3,2040,三豊市財田町財田上7533-3,2098,4138,1.24,0.64,63.4,64.5,7.5,60
37301930010,一般国道１９３号,一般国道１１号,国分寺太田上町線,37201,0,1.1,高松市三名町678-1地先,15482,高松市三名町678-1地先,14907,30389,1.27,1.17,10,25.3,25,50
37301930015,一般国道１９３号,国分寺太田上町線,太田上町志度線,37201,0,0.6,高松市三名町678-1地先,15482,高松市三名町678-1地先,14907,30389,1.27,1.17,17.2,17.1,25,50
37301930020,一般国道１９３号,太田上町志度線,三木国分寺線,37201,0,1,高松市三名町678-1地先,15482,高松市三名町678-1地先,14907,30389,1.27,1.17,24.7,10.9,25,50
37301930030,一般国道１９３号,三木国分寺線,三谷香川線,37201,0,1.7,,11132,,10911,22043,1.27,0.66,21.5,29.3,24.9,60
37301930040,一般国道１９３号,三谷香川線,岡本香川線,37201,0,0.8,,11132,,10911,22043,1.27,0.66,41.5,30.9,24.9,60
37301930050,一般国道１９３号,岡本香川線,川東高松線,37201,0,2.8,高松市香川町川東下1835地先,8271,高松市香川町川東下1835地先,7935,16206,1.26,0.63,41.2,37.8,25,60
37301930060,一般国道１９３号,川東高松線,一般国道１９３号,37201,0,0.1,高松市香川町川東下1835地先,8271,高松市香川町川東下1835地先,7935,16206,1.26,0.63,26.4,7.4,25,60
37301930070,一般国道１９３号,一般国道１９３号,川東高松線,37201,0,0.2,,5363,,4989,10352,1.24,0.51,12.8,18.5,25,60
37301930080,一般国道１９３号,川東高松線,高松空港線,37201,0,0.9,,5363,,4989,10352,1.24,0.51,44.2,34.5,25,60
37301930090,一般国道１９３号,高松空港線,円座香南線,37201,0,0.2,,5363,,4989,10352,1.24,0.51,19.4,38.2,25,60
37301930100,一般国道１９３号,円座香南線,円座香南線,37201,0,0.2,,5363,,4989,10352,1.24,0.51,55.5,59.8,25,60
37301930110,一般国道１９３号,円座香南線,円座香南線,37201,0,0.3,,5363,,4989,10352,1.24,0.51,57.9,55.3,25,60
37301930120,一般国道１９３号,円座香南線,一般国道１９３号,37201,0,0.6,,5363,,4989,10352,1.24,0.51,47,45.1,25,60
37301930130,一般国道１９３号,一般国道１９３号,一般国道３７７号,37201,0,0.9,,5363,,4989,10352,1.24,0.51,44.2,36.4,25,60
37301930135,一般国道１９３号,一般国道３７７号,市道檀・橋谷線,37201,0,0.2,,3545,,3500,7045,1.23,0.66,32.1,41.6,10.8,40
37301930140,一般国道１９３号,市道檀・橋谷線,中徳三谷高松線,37201,0,1.9,,3545,,3500,7045,1.23,0.66,51.1,53,10.8,40
37301930150,一般国道１９３号,中徳三谷高松線,枌所西中徳線,37201,0,0.2,,3545,,3500,7045,1.23,0.76,45.6,46.7,11,40
37301930160,一般国道１９３号,枌所西中徳線,塩江屋島西線,37201,0,5.2,,3545,,3500,7045,1.23,0.76,50.7,50.2,11,40
37301930170,一般国道１９３号,塩江屋島西線,美馬塩江線,37201,0,0.4,,3545,,3500,7045,1.23,0.76,47.8,45.4,11,40
37301930180,一般国道１９３号,美馬塩江線,穴吹塩江線,37201,0,1.5,木田郡三木町大字小蓑1674-2地先,1481,木田郡三木町大字小蓑1674-2地先,1483,2964,1.25,0.35,47.6,49.7,7.9,50
37301930190,一般国道１９３号,穴吹塩江線,高松市・三木町境,37201,0,2.9,木田郡三木町大字小蓑1674-2地先,1481,木田郡三木町大字小蓑1674-2地先,1483,2964,1.25,0.35,51.9,52.5,7.9,50
37301930200,一般国道１９３号,高松市・三木町境,小蓑前田東線,37341,0,0.2,木田郡三木町大字小蓑1674-2地先,1481,木田郡三木町大字小蓑1674-2地先,1483,2964,1.25,0.38,53.6,54.7,7.7,50
37301930210,一般国道１９３号,小蓑前田東線,鹿庭奥山線,37341,0,2,木田郡三木町大字小蓑1674-2地先,1481,木田郡三木町大字小蓑1674-2地先,1483,2964,1.25,0.38,53.5,52.6,7.7,50
37301930220,一般国道１９３号,鹿庭奥山線,一般国道１９３号,37341,0,1.3,木田郡三木町大字小蓑1674-2地先,1481,木田郡三木町大字小蓑1674-2地先,1483,2964,1.25,0.38,51.2,49.5,7.7,50
37301930240,一般国道１９３号,一般国道１９３号,三木綾川線,37201,0,0.5,,5325,,5185,10510,1.24,1.21,14,19.1,8.3,40
37301930250,一般国道１９３号,三木綾川線,川東高松線,37201,0,1.2,,8327,,8504,16831,1.26,1.65,17.1,33.6,8.3,40
37301930260,一般国道１９３号,川東高松線,岩崎高松線,37201,0,0.1,,8327,,8504,16831,1.26,1.65,23.2,30,8.3,40
37301930270,一般国道１９３号,岩崎高松線,東谷岩崎線,37201,0,0.2,,8327,,8504,16831,1.26,1.65,29.4,32.4,8.3,40
37301930280,一般国道１９３号,東谷岩崎線,円座香南線,37201,0,0.3,,8327,,8504,16831,1.26,1.65,33.6,32.1,8.3,40
37301930290,一般国道１９３号,円座香南線,一般国道１９３号,37201,0,0.6,,8327,,8504,16831,1.26,1.65,39.2,30.6,8.3,40
37303180010,一般国道３１８号,一般国道３１８号,一般国道３７７号,37207,0,4.4,,1873,,1907,3780,1.25,0.73,48.7,47.5,8.1,50
37303180015,一般国道３１８号,一般国道３７７号,一般国道１１号,37207,0,4.2,東かがわ市白鳥2130-1地先,1548,東かがわ市白鳥2130-1地先,1520,3068,1.24,0.33,33.6,31.1,8.1,50
37303180020,一般国道３１８号,一般国道１１号,一般国道１１号,37207,0,0.5,東かがわ市白鳥2130-1地先,1548,東かがわ市白鳥2130-1地先,1520,3068,1.24,0.33,21.2,10.1,8.1,50
37303190010,一般国道３１９号,一般国道１１号,丸亀市・善通寺市境,37202,0,0.4,丸亀市原田町1607,4516,丸亀市原田町1607,3427,7943,1.23,0.22,21.9,39.2,30.05,50
37303190020,一般国道３１９号,丸亀市・善通寺市境,高松善通寺線,37204,0,0.3,丸亀市原田町1607,4516,丸亀市原田町1607,3427,7943,1.23,0.2,30.1,20.6,30.25,50
37303190030,一般国道３１９号,高松善通寺線,善通寺府中線,37204,0,0.7,善通寺市原田町土居1256-1,8654,善通寺市原田町土居1256-1,7825,16479,1.23,0.35,22.6,27.6,30.25,50
37303190040,一般国道３１９号,善通寺府中線,高松自動車道,37204,0,0.4,善通寺市原田町土居1256-1,8654,善通寺市原田町土居1256-1,7825,16479,1.23,0.35,27.6,23.9,30.25,50
37303190050,一般国道３１９号,高松自動車道,善通寺大野原線,37204,0,0.9,善通寺市原田町2321-3,8989,善通寺市原田町2321-3,8224,17213,1.23,0.36,35.1,22.3,30.25,50
37303190060,一般国道３１９号,善通寺大野原線,善通寺綾歌線,37204,0,0.9,善通寺市生野町532,4088,善通寺市生野町532,3712,7800,1.23,0.19,33.1,32.6,30.25,50
37303190070,一般国道３１９号,善通寺綾歌線,善通寺多度津線,37204,0,0.9,善通寺市生野町532,4088,善通寺市生野町532,3712,7800,1.23,0.19,38.1,43.9,30.25,50
37303190080,一般国道３１９号,善通寺多度津線,岡田善通寺線,37204,0,1.5,善通寺市大麻町343-2,3796,善通寺市大麻町343-2,4326,8122,1.23,0.6,41,36.2,12.69,50
37303190090,一般国道３１９号,岡田善通寺線,大麻琴平買田線,37204,0,1.2,善通寺市大麻町343-2,3796,善通寺市大麻町343-2,4326,8122,1.23,0.6,27.5,39.9,12.69,50
37303190100,一般国道３１９号,大麻琴平買田線,善通寺市・琴平町境,37204,0,0.3,善通寺市大麻町343-2,3796,善通寺市大麻町343-2,4326,8122,1.23,0.6,17.7,37.4,12.69,50
37303190110,一般国道３１９号,善通寺市・琴平町境,原田琴平線,37403,0,0.7,善通寺市大麻町343-2,3796,善通寺市大麻町343-2,4326,8122,1.23,0.62,42,37.1,12.64,50
37303190120,一般国道３１９号,原田琴平線,原田琴平線,37403,0,1,善通寺市大麻町343-2,3796,善通寺市大麻町343-2,4326,8122,1.23,0.62,35.1,31.4,12.64,50
37303190130,一般国道３１９号,原田琴平線,炭所東琴平線,37403,0,0.4,善通寺市大麻町343-2,3796,善通寺市大麻町343-2,4326,8122,1.23,0.79,23.9,28.5,11.05,50
37303190140,一般国道３１９号,炭所東琴平線,琴平町・まんのう町境,37403,0,0.6,善通寺市大麻町343-2,3796,善通寺市大麻町343-2,4326,8122,1.23,0.62,40.6,37.7,12.54,50
37303190150,一般国道３１９号,琴平町・まんのう町境,一般国道３２号,37406,0,0.2,善通寺市大麻町343-2,3796,善通寺市大麻町343-2,4326,8122,1.23,0.56,25.1,10.2,12.77,50
37303770010,一般国道３７７号,一般国道３１８号,田面入野山線,37207,0,3.7,,1335,,1398,2733,1.27,0.3,46.2,48,10,50
37303770020,一般国道３７７号,田面入野山線,津田川島線,37207,0,4.9,,1335,,1398,2733,1.27,0.3,45.1,36,10,50
37303770030,一般国道３７７号,津田川島線,津田川島線,37207,0,3.8,,559,,510,1069,1.24,0.27,43.8,40.8,10.2,40
37303770035,一般国道３７７号,津田川島線,市道払川２号線,37207,0,3.8,,163,,165,328,1.29,0.06,46.6,41.4,11.6,60
37303770460,一般国道３７７号,市道払川２号線,東かがわ市・さぬき市境,37207,0,0.7,,163,,165,328,1.29,0.06,57.7,51.1,8.3,60
37303770470,一般国道３７７号,東かがわ市・さぬき市境,市道払川２号線,37206,0,0.2,,163,,165,328,1.29,0.05,59.1,52.9,13,60
37303770050,一般国道３７７号,市道払川２号線,志度山川線,37206,0,2.7,,163,,165,328,1.29,0.06,40.7,48.9,8.7,60
37303770060,一般国道３７７号,志度山川線,志度山川線,37206,0,2.5,,545,,536,1081,1.23,0.2,44.1,46.1,8.7,60
37303770070,一般国道３７７号,志度山川線,多和三木線,37206,0,0.8,,1137,,1164,2301,1.25,0.38,48.7,48.2,7.2,50
37303770080,一般国道３７７号,多和三木線,さぬき市・三木町境,37206,0,2.1,,1137,,1164,2301,1.25,0.38,55.6,55.5,7.2,50
37303770090,一般国道３７７号,さぬき市・三木町境,一般国道３７７号,37341,0,0.4,,1137,,1164,2301,1.25,0.38,49.6,43.1,7.3,50
37303770110,一般国道３７７号,一般国道１９３号,高松市・綾川町境,37201,0,1.9,,1836,,1945,3781,1.25,0.55,44.9,49.1,8.2,50
37303770120,一般国道３７７号,高松市・綾川町境,国分寺中通線,37387,0,2.3,,1836,,1945,3781,1.25,0.6,53.5,53.5,10.6,50
37303770130,一般国道３７７号,国分寺中通線,国分寺中通線,37387,0,0.1,,1836,,1945,3781,1.25,0.6,31,31,10.6,50
37303770140,一般国道３７７号,国分寺中通線,千疋西分線,37387,0,2.6,,2546,,2605,5151,1.24,0.51,49.7,50.5,9.5,50
37303770150,一般国道３７７号,千疋西分線,千疋西分線,37387,0,0.2,,2546,,2605,5151,1.24,0.51,47.8,51.2,9.5,50
37303770160,一般国道３７７号,千疋西分線,一般国道３７７号,37387,0,0.5,,2546,,2605,5151,1.24,0.51,41.5,33.6,9.5,50
37303770170,一般国道３７７号,一般国道３７７号,府中造田線,37387,0,1.8,,2546,,2605,5151,1.24,0.51,42.9,41.3,9.5,50
37303770180,一般国道３７７号,府中造田線,府中造田線,37387,0,0.3,,2546,,2605,5151,1.24,0.6,17.2,27,8.1,50
37303770190,一般国道３７７号,府中造田線,造田滝宮線,37387,0,1.7,,2116,,2134,4250,1.25,0.48,41.7,46.3,9.3,50
37303770200,一般国道３７７号,造田滝宮線,綾歌綾川線,37387,0,0.9,,2116,,2134,4250,1.25,0.48,42.6,42.2,9.3,50
37303770210,一般国道３７７号,綾歌綾川線,綾歌綾川線,37387,0,0.6,,2116,,2134,4250,1.25,0.48,28.2,29.6,9.3,50
37303770220,一般国道３７７号,綾歌綾川線,綾川町・丸亀市境,37387,0,1.4,,2116,,2134,4250,1.25,0.48,43.3,45.9,9.3,50
37303770230,一般国道３７７号,綾川町・丸亀市境,一般国道３２号,37202,0,0.1,,2116,,2134,4250,1.25,0.45,36.6,11.6,9,50
37303770250,一般国道３７７号,一般国道３２号,大麻琴平買田線,37406,0,0.2,仲多度郡まんのう町買田506-2地先,7086,仲多度郡まんのう町買田506-2地先,6833,13919,1.25,1.67,20.9,22.8,9,50
37303770260,一般国道３７７号,大麻琴平買田線,まんのう町・琴平町境,37406,0,0.1,仲多度郡まんのう町買田506-2地先,7086,仲多度郡まんのう町買田506-2地先,6833,13919,1.25,1.67,16.6,33.4,9,50
37303770270,一般国道３７７号,まんのう町・琴平町境,琴平町・まんのう町境,37403,0,0.9,仲多度郡まんのう町買田506-2地先,7086,仲多度郡まんのう町買田506-2地先,6833,13919,1.25,1.87,22.8,37.3,10.9,50
37303770280,一般国道３７７号,琴平町・まんのう町境,詫間琴平線,37406,0,0.5,仲多度郡まんのう町買田506-2地先,7086,仲多度郡まんのう町買田506-2地先,6833,13919,1.25,1.72,31.3,25.4,13.4,50
37303770290,一般国道３７７号,詫間琴平線,まんのう町・三豊市境,37406,0,1.1,三豊市高瀬町上麻890地先,5081,三豊市高瀬町上麻890地先,4613,9694,1.24,1.02,48.1,49.3,10.2,50
37303770300,一般国道３７７号,まんのう町・三豊市境,神田高瀬線,37208,0,2.6,三豊市高瀬町上麻890地先,5081,三豊市高瀬町上麻890地先,4613,9694,1.24,1.04,51.3,53.9,9.6,50
37303770310,一般国道３７７号,神田高瀬線,財田上高瀬線,37208,0,1.4,三豊市高瀬町上麻890地先,5081,三豊市高瀬町上麻890地先,4613,9694,1.24,1.04,51.1,49.2,9.6,50
37303770320,一般国道３７７号,財田上高瀬線,財田上高瀬線,37208,0,0.5,三豊市高瀬町上麻890地先,5081,三豊市高瀬町上麻890地先,4613,9694,1.24,1.04,37.1,27.6,9.6,50
37303770330,一般国道３７７号,財田上高瀬線,観音寺池田線,37208,0,3.1,三豊市高瀬町上麻890地先,5081,三豊市高瀬町上麻890地先,4613,9694,1.24,1.04,42.6,42.2,9.6,50
37303770340,一般国道３７７号,観音寺池田線,込野観音寺線,37208,0,1.6,三豊市山本町辻3372地先,5528,三豊市山本町辻3372地先,4832,10360,1.24,1.15,36,35.6,11.1,50
37303770350,一般国道３７７号,込野観音寺線,三豊市・観音寺市境,37208,0,1.5,三豊市山本町辻3372地先,5528,三豊市山本町辻3372地先,4832,10360,1.24,1.15,40.5,31.2,11.1,50
37303770360,一般国道３７７号,三豊市・観音寺市境,粟井観音寺線,37205,0,2.2,三豊市山本町辻3372地先,5528,三豊市山本町辻3372地先,4832,10360,1.24,1.18,41,32.9,12,50
37303770370,一般国道３７７号,粟井観音寺線,丸井萩原豊浜線,37205,0,0.3,三豊市山本町辻3372地先,5528,三豊市山本町辻3372地先,4832,10360,1.24,1.18,27.8,21.8,12,50
37303770380,一般国道３７７号,丸井萩原豊浜線,福田原観音寺線,37205,0,1.2,,2033,,1946,3979,1.25,0.48,25,35.2,6.5,50
37303770390,一般国道３７７号,福田原観音寺線,善通寺大野原線,37205,0,0.8,,2033,,1946,3979,1.25,0.48,42,42.6,6.5,50
37303770400,一般国道３７７号,善通寺大野原線,観音寺佐野線,37205,0,0.7,,2257,,2431,4688,1.24,0.69,30.1,27.2,7.4,50
37303770410,一般国道３７７号,観音寺佐野線,豊浜（停）線,37205,0,2.6,,2257,,2431,4688,1.24,0.69,31.2,32.2,7.4,50
37303770420,一般国道３７７号,豊浜（停）線,一般国道１１号,37205,0,0.4,,2257,,2431,4688,1.24,0.69,23.9,13.2,7.4,50
37303770440,一般国道３７７号,千疋西分線,一般国道３７７号,37387,0,0.2,,,,,,,,16.2,19,9.8,40
37304360005,一般国道４３６号,土庄福田線,橘大角坂手港線,37324,0,9.4,,479,,531,1010,1.28,0.1,42,42.1,8.2,40
37304360150,一般国道４３６号,橘大角坂手港線,その他道路,37324,0,1.9,小豆郡小豆島町安田乙23-10地先,982,小豆郡小豆島町安田乙23-10地先,1024,2006,1.25,0.23,50.1,55.2,9.8,50
37304360020,一般国道４３６号,その他道路,坂手港線,37324,0,1.2,小豆郡小豆島町安田乙23-10地先,982,小豆郡小豆島町安田乙23-10地先,1024,2006,1.25,0.27,35.4,33.3,12.1,40
37304360030,一般国道４３６号,坂手港線,寒霞渓（公）線,37324,0,1.2,小豆郡小豆島町片城甲44-128,4964,小豆郡小豆島町片城甲44-128,4685,9649,1.23,0.85,29.2,25.4,12.1,40
37304360040,一般国道４３６号,寒霞渓（公）線,蒲野西村線,37324,0,3.5,小豆郡小豆島町片城甲44-128,4964,小豆郡小豆島町片城甲44-128,4685,9649,1.23,0.85,29.9,33.2,12.1,40
37304360050,一般国道４３６号,蒲野西村線,上庄池田線,37324,0,3.6,,4914,,4912,9826,1.24,1.3,47.7,49.6,15,50
37304360060,一般国道４３６号,上庄池田線,三都港平木線,37324,0,0.9,,4914,,4912,9826,1.24,1.3,32,23.2,15,50
37304360070,一般国道４３６号,三都港平木線,小豆島町・土庄町境,37324,0,2.8,小豆郡小豆島町蒲生甲2020-1,5669,小豆郡小豆島町蒲生甲2020-1,5901,11570,1.13,0.98,30.5,38,15.1,40
37304360080,一般国道４３６号,小豆島町・土庄町境,土庄福田線,37322,0,0.9,小豆郡小豆島町蒲生甲2020-1,5669,小豆郡小豆島町蒲生甲2020-1,5901,11570,1.13,1.12,39.3,23.8,14.3,40
37304360090,一般国道４３６号,土庄福田線,本町小瀬土庄港線,37322,0,1.4,,4775,,4914,9689,1.24,0.79,21.6,22.4,16,40
37304360100,一般国道４３６号,本町小瀬土庄港線,土庄福田線,37322,0,0.4,,4775,,4914,9689,1.24,0.79,21.1,21.1,16,40
37304360105,一般国道４３６号,土庄福田線,本町小瀬土庄港線,37322,0,0.5,,4775,,4914,9689,1.24,0.79,14.1,28.1,16,40
37304360110,一般国道４３６号,本町小瀬土庄港線,,37322,0,0.1,,4775,,4914,9689,1.24,0.79,26.1,29,16,40
37304360120,一般国道４３６号,,本町小瀬土庄港線,37322,0,0.7,,4775,,4914,9689,1.24,0.79,28.1,27.1,16,40
37304360130,一般国道４３６号,本町小瀬土庄港線,,37322,0,0.2,,4775,,4914,9689,1.24,0.73,16.9,17.9,13.3,40
37304380010,一般国道４３８号,一般国道４３８号,久保谷塩江線,37406,0,1.4,,1407,,1406,2813,1.27,0.39,60.7,59.8,9.1,50
37304380020,一般国道４３８号,久保谷塩江線,勝浦三野線,37406,0,4.3,,1407,,1406,2813,1.27,0.39,52.5,52.6,9.1,50
37304380030,一般国道４３８号,勝浦三野線,国分寺中通線,37406,0,3.3,,2084,,1975,4059,1.25,0.49,54.4,53.2,12.1,50
37304380040,一般国道４３８号,国分寺中通線,府中造田線,37406,0,5.1,,2084,,1975,4059,1.25,0.49,55.5,55.1,12.1,50
37304380050,一般国道４３８号,府中造田線,炭所西善通寺線,37406,0,3,仲多度郡まんのう町炭所西2327-5地先,2591,仲多度郡まんのう町炭所西2327-5地先,2705,5296,1.23,0.52,46.3,46.7,10,50
37304380060,一般国道４３８号,炭所西善通寺線,炭所東琴平線,37406,0,1.8,,2551,,2297,4848,1.24,0.58,49.1,49.2,10,50
37304380070,一般国道４３８号,炭所東琴平線,長尾丸亀線,37406,0,2.9,,2551,,2297,4848,1.24,0.58,47.1,48.1,10,50
37304380080,一般国道４３８号,長尾丸亀線,まんのう町・丸亀市境,37406,0,0.5,丸亀市綾歌町岡田上717-7地先,3212,丸亀市綾歌町岡田上717-7地先,3238,6450,1.21,0.73,31.8,36.9,8.1,50
37304380090,一般国道４３８号,まんのう町・丸亀市境,岡田丸亀線,37202,0,0.6,丸亀市綾歌町岡田上717-7地先,3212,丸亀市綾歌町岡田上717-7地先,3238,6450,1.21,0.79,45.3,46.3,7,50
37304380100,一般国道４３８号,岡田丸亀線,綾歌綾川線,37202,0,1.2,丸亀市綾歌町岡田上717-7地先,3212,丸亀市綾歌町岡田上717-7地先,3238,6450,1.21,0.79,45.2,47.1,7,50
37304380110,一般国道４３８号,綾歌綾川線,高松琴平線,37202,0,0.4,丸亀市綾歌町岡田上717-7地先,3212,丸亀市綾歌町岡田上717-7地先,3238,6450,1.21,0.79,28.1,23,7,50
37304380120,一般国道４３８号,高松琴平線,岡田善通寺線,37202,0,0.1,丸亀市綾歌町岡田上717-7地先,3212,丸亀市綾歌町岡田上717-7地先,3238,6450,1.21,0.87,13.6,19.3,9.5,40
37304380130,一般国道４３８号,岡田善通寺線,一般国道３２号,37202,0,0.2,丸亀市綾歌町岡田上717-7地先,3212,丸亀市綾歌町岡田上717-7地先,3238,6450,1.21,0.77,19.1,13.6,7.4,40
37304380135,一般国道４３８号,一般国道３２号,一般国道４３８号,37202,0,0.8,丸亀市綾歌町岡田上717-7地先,3212,丸亀市綾歌町岡田上717-7地先,3238,6450,1.21,0.77,23.3,28.7,7.4,40
37304380140,一般国道４３８号,一般国道４３８号,善通寺綾歌線,37202,0,2.9,丸亀市綾歌町岡田上717-7地先,3212,丸亀市綾歌町岡田上717-7地先,3238,6450,1.21,0.77,35.6,35.8,7.4,40
37304380150,一般国道４３８号,善通寺綾歌線,善通寺府中線,37202,0,1.2,丸亀市飯山町東坂元308地先,6998,丸亀市飯山町東坂元308地先,7181,14179,1.22,1.71,23.6,20.3,7.4,40
37304380155,一般国道４３８号,善通寺府中線,一般国道４３８号,37202,0,0.6,丸亀市飯山町東坂元308地先,6998,丸亀市飯山町東坂元308地先,7181,14179,1.22,1.71,22.7,15,7.4,40
37304380160,一般国道４３８号,一般国道４３８号,丸亀市・坂出市境,37202,0,1,丸亀市飯山町東坂元308地先,6998,丸亀市飯山町東坂元308地先,7181,14179,1.22,1.71,38,38.1,7.4,40
37304380170,一般国道４３８号,丸亀市・坂出市境,富熊宇多津線,37203,0,0.1,丸亀市飯山町東坂元308地先,6998,丸亀市飯山町東坂元308地先,7181,14179,1.22,0.63,44.2,22.6,26.6,60
37304380180,一般国道４３８号,富熊宇多津線,富熊宇多津線,37203,0,0.1,丸亀市飯山町東坂元308地先,6998,丸亀市飯山町東坂元308地先,7181,14179,1.22,0.54,35.2,20.5,30,60
37304380190,一般国道４３８号,富熊宇多津線,富熊宇多津線,37203,0,0.1,丸亀市飯山町東坂元308地先,6998,丸亀市飯山町東坂元308地先,7181,14179,1.22,0.87,24.9,26.6,25.1,50
37304380200,一般国道４３８号,富熊宇多津線,城山川津線,37203,0,0.7,丸亀市飯山町東坂元308地先,6998,丸亀市飯山町東坂元308地先,7181,14179,1.22,0.87,43.7,45.1,25.1,50
37304380210,一般国道４３８号,城山川津線,川津丸亀線,37203,0,1.1,丸亀市飯山町東坂元308地先,6998,丸亀市飯山町東坂元308地先,7181,14179,1.22,0.87,38.3,40.6,25.1,50
37304380220,一般国道４３８号,川津丸亀線,一般国道１１号,37203,0,0.5,丸亀市飯山町東坂元308地先,6998,丸亀市飯山町東坂元308地先,7181,14179,1.22,0.87,38,24.5,25.1,50
37304380300,一般国道４３８号（飯山バイパス）,善通寺綾歌線,,37202,0,0.9,丸亀市飯山町川原278-4地先,3584,丸亀市飯山町川原278-4地先,3749,7333,1.23,0.82,29.2,42.2,12,50
37304380280,一般国道４３８号,,善通寺府中線,37202,0,0.3,丸亀市飯山町川原278-4地先,3584,丸亀市飯山町川原278-4地先,3749,7333,1.23,0.82,30.3,17.3,12,50
37304380240,一般国道４３８号,善通寺府中線,一般国道４３８号,37202,0,1.1,丸亀市飯山町川原79地先,3743,丸亀市飯山町川原79地先,3129,6872,1.15,0.75,24.6,31.5,25.6,60
37304380260,一般国道４３８号,一般国道３２号,一般国道４３８号,37202,0,0.7,丸亀市綾歌町岡田上地先,924,丸亀市綾歌町岡田上地先,787,1711,1.26,0.11,27.3,31.3,25.6,60
37400010010,徳島引田線,徳島引田線,一般国道１１号,37207,0,5.1,,35,,42,77,1.16,0.04,56.3,43.4,4.8,30
37400020010,津田川島線,一般国道１１号,高松長尾大内線,37206,0,3.6,,1239,,1185,2424,1.25,0.29,37.3,34.7,8,40
37400020020,津田川島線,高松長尾大内線,高松長尾大内線,37206,0,0.1,,5969,,5805,11774,1.24,0.45,41.6,36.9,16.8,60
37400020030,津田川島線,高松長尾大内線,田面富田西線,37206,0,3.1,,270,,240,510,1.3,0.07,41.6,35.1,7.6,40
37400020040,津田川島線,田面富田西線,さぬき市・東かがわ市境,37206,0,2.8,,270,,240,510,1.3,0.07,44.6,39.7,7.6,40
37400020050,津田川島線,さぬき市・東かがわ市境,一般国道３７７号,37207,0,2.3,,270,,240,510,1.3,0.07,46.7,40.5,7.6,40
37400020070,津田川島線,一般国道３７７号,津田川島線,37207,0,0.4,東かがわ市五名1542-3,537,東かがわ市五名1542-3,584,1121,2.06,0.12,55.7,52,10.1,40
37400030010,志度山川線,一般国道１１号,高松志度線,37206,0,0.4,さぬき市長尾西321-1地先,5005,さぬき市長尾西321-1地先,4754,9759,1.24,0.78,6.1,15.6,9.8,50
37400030020,志度山川線,高松志度線,三木津田線,37206,0,3.8,さぬき市長尾西321-1地先,5005,さぬき市長尾西321-1地先,4754,9759,1.24,0.78,34.2,38.3,9.8,50
37400030030,志度山川線,三木津田線,三木津田線,37206,0,0.6,さぬき市長尾西321-1地先,5005,さぬき市長尾西321-1地先,4754,9759,1.24,0.78,31.4,31,9.8,50
37400030040,志度山川線,三木津田線,高松長尾大内線,37206,0,1.9,さぬき市長尾西321-1地先,5005,さぬき市長尾西321-1地先,4754,9759,1.24,0.85,28.2,28.4,9.8,50
37400030050,志度山川線,高松長尾大内線,三木寒川線,37206,0,1.2,,3228,,3270,6498,1.23,0.59,35.6,29.9,9.8,50
37400030060,志度山川線,三木寒川線,三木寒川線,37206,0,0.3,,3228,,3270,6498,1.23,0.54,19.8,23.3,8.5,50
37400030070,志度山川線,三木寒川線,一般国道３７７号,37206,0,9.5,,2444,,2318,4762,1.24,0.59,43.4,46,9,50
37400030090,志度山川線,一般国道３７７号,多和脇線,37206,0,1.8,,304,,286,590,1.29,0.14,35.2,33.6,8.2,60
37400030100,志度山川線,多和脇線,志度山川線,37206,0,0.3,,304,,286,590,1.29,0.14,15.7,14.8,8.2,60
37400040010,丸亀三好線,一般国道１１号,善通寺府中線,37202,0,1.6,善通寺市与北町978-1,4574,善通寺市与北町978-1,4565,9139,1.23,0.82,17.4,24.5,10,50
37400040020,丸亀三好線,善通寺府中線,丸亀市・善通寺市境,37202,0,1.8,善通寺市与北町978-1,4574,善通寺市与北町978-1,4565,9139,1.23,0.82,22.6,29.5,10,50
37400040030,丸亀三好線,丸亀市・善通寺市境,善通寺綾歌線,37204,0,0.5,善通寺市与北町978-1,4574,善通寺市与北町978-1,4565,9139,1.23,0.76,34,31.1,10.2,50
37400040040,丸亀三好線,善通寺綾歌線,炭所西善通寺線,37204,0,1.4,,5332,,4887,10219,1.24,0.82,43.1,46.6,10.5,50
37400040050,丸亀三好線,炭所西善通寺線,善通寺市・まんのう町境,37204,0,0,,5332,,4887,10219,1.24,0.82,49.1,46.6,10.5,50
37400040060,丸亀三好線,善通寺市・まんのう町境,まんのう善通寺線,37406,0,0,,5332,,4887,10219,1.24,1.06,49.1,46.6,5.6,50
37400040070,丸亀三好線,まんのう善通寺線,岡田善通寺線,37406,0,1,,332,,307,639,1.29,0.44,44.4,40.3,4.1,50
37400040080,丸亀三好線,岡田善通寺線,まんのう町・琴平町境,37406,0,0.5,,332,,307,639,1.29,0.44,31.5,33.1,4.1,50
37400040090,丸亀三好線,まんのう町・琴平町境,琴平町・まんのう町境,37403,0,0.1,,332,,307,639,1.29,0.04,41.5,38.2,7.5,50
37400040100,丸亀三好線,琴平町・まんのう町境,まんのう町・琴平町境,37406,0,0.8,,332,,307,639,1.29,0.2,22.5,41.4,5,50
37400040110,丸亀三好線,まんのう町・琴平町境,高松琴平線,37403,0,1.7,,332,,307,639,1.29,0.05,24.8,21,5.7,50
37400040120,丸亀三好線,高松琴平線,炭所東琴平線,37403,0,0.7,仲多度郡まんのう町七箇2000-6地先,789,仲多度郡まんのう町七箇2000-6地先,726,1515,1.24,1.66,29.4,30.7,3.7,50
37400040130,丸亀三好線,炭所東琴平線,丸亀三好線,37403,0,0.1,仲多度郡まんのう町七箇2000-6地先,789,仲多度郡まんのう町七箇2000-6地先,726,1515,1.24,1.66,34.9,28.6,3.7,50
37400040140,丸亀三好線,丸亀三好線,琴平町・まんのう町境,37403,0,0,仲多度郡まんのう町七箇2000-6地先,789,仲多度郡まんのう町七箇2000-6地先,726,1515,1.24,1.66,31.4,27.5,3.7,50
37400040150,丸亀三好線,琴平町・まんのう町境,財田まんのう線,37406,0,3.2,仲多度郡まんのう町七箇2000-6地先,789,仲多度郡まんのう町七箇2000-6地先,726,1515,1.24,0.1,43.8,41.6,7.1,50
37400040160,丸亀三好線,財田まんのう線,塩入（停）線,37406,0,0.8,仲多度郡まんのう町七箇2000-6地先,789,仲多度郡まんのう町七箇2000-6地先,726,1515,1.24,0.04,31.1,36.7,4.5,60
37400040170,丸亀三好線,塩入（停）線,春日讃岐財田（停）線,37406,0,2,仲多度郡まんのう町七箇2000-6地先,789,仲多度郡まんのう町七箇2000-6地先,726,1515,1.24,0.04,42.7,44.8,4.5,60
37400040180,丸亀三好線,春日讃岐財田（停）線,丸亀三好線,37406,0,11,仲多度郡まんのう町七箇2000-6地先,789,仲多度郡まんのう町七箇2000-6地先,726,1515,1.24,0.04,31.9,32.5,4.5,60
37601900070,丸亀三好線,炭所東琴平線,一般国道３２号,37406,0,0.3,,2796,,2846,5642,1.23,0.5,17.9,21.1,7.2,40
37601900080,丸亀三好線,一般国道３２号,まんのう町・琴平町境,37406,0,0.3,,2796,,2846,5642,1.23,0.5,16.2,26.6,7.2,40
37601900090,丸亀三好線,まんのう町・琴平町境,丸亀三好線,37403,0,0,,2796,,2846,5642,1.23,0.62,31.3,18.3,6.5,40
37400050010,観音寺池田線,丸亀詫間豊浜線,観音寺善通寺線,37205,0,1.4,,2429,,2085,4514,1.24,0.43,30.9,30.3,16,40
37400050020,観音寺池田線,観音寺善通寺線,一般国道１１号,37205,0,2.9,観音寺市本大町1044-1地先,4270,観音寺市本大町1044-1地先,3702,7972,1.23,0.76,31.7,29.9,8.7,40
37400050030,観音寺池田線,一般国道１１号,善通寺大野原線,37205,0,1.7,観音寺市本大町1044-1地先,4270,観音寺市本大町1044-1地先,3702,7972,1.23,0.67,30.4,38.2,7.9,40
37400050040,観音寺池田線,善通寺大野原線,観音寺市・三豊市境,37205,0,0.1,観音寺市本大町1044-1地先,4270,観音寺市本大町1044-1地先,3702,7972,1.23,0.63,17,23,8.2,40
37400050050,観音寺池田線,観音寺市・三豊市境,財田西豊中線,37208,0,2.7,観音寺市本大町1044-1地先,4270,観音寺市本大町1044-1地先,3702,7972,1.23,0.78,34.5,35.3,7,40
37400050060,観音寺池田線,財田西豊中線,一般国道３７７号,37208,0,0.8,観音寺市本大町1044-1地先,4270,観音寺市本大町1044-1地先,3702,7972,1.23,0.78,35,23.3,7,40
37400050070,観音寺池田線,一般国道３７７号,一般国道３２号,37208,0,6.8,,2931,,3044,5975,1.23,0.61,40,37,9,50
37300320350,観音寺池田線,一般国道３２号,観音寺池田線,37208,0,4.1,,2044,,1864,3908,1.28,0.53,56.2,50.7,7.7,40
37400060010,込野観音寺線,込野観音寺線,一般国道３７７号,37208,0,11.7,三豊市山本町河内1080-1地先,427,三豊市山本町河内1080-1地先,440,867,1.15,0.13,34.7,35,14,60
37400060020,込野観音寺線,一般国道３７７号,三豊市・観音寺市境,37208,0,1.8,観音寺市中田井町133地先,2394,観音寺市中田井町133地先,2296,4690,1.25,0.49,29,33.8,14,60
37400060030,込野観音寺線,三豊市・観音寺市境,善通寺大野原線,37205,0,1.5,観音寺市中田井町133地先,2394,観音寺市中田井町133地先,2296,4690,1.25,0.42,40.6,38,7.7,50
37400060040,込野観音寺線,善通寺大野原線,善通寺大野原線,37205,0,0.5,観音寺市中田井町133地先,2394,観音寺市中田井町133地先,2296,4690,1.25,0.5,28.8,26.1,6.6,50
37400060050,込野観音寺線,善通寺大野原線,一般国道１１号,37205,0,1.3,観音寺市中田井町133地先,2394,観音寺市中田井町133地先,2296,4690,1.25,0.58,31.6,24.8,7.9,50
37400060060,込野観音寺線,一般国道１１号,黒渕本大線,37205,0,1.4,,3376,,3567,6943,1.23,0.77,20,26.3,7.9,50
37400060070,込野観音寺線,黒渕本大線,観音寺善通寺線,37205,0,0.3,,3376,,3567,6943,1.23,0.77,11.8,14,7.9,50
37400070010,美馬塩江線,美馬塩江線,大滝上西線,37201,0,4.2,高松市塩江町上西甲2547,29,高松市塩江町上西甲2547,27,56,1.31,0.01,27.3,26.5,8,60
37400070020,美馬塩江線,大滝上西線,久保谷塩江線,37201,0,1.3,,605,,646,1251,1.24,0.17,32.8,38,8,60
37400070030,美馬塩江線,久保谷塩江線,一般国道１９３号,37201,0,4.1,,605,,646,1251,1.24,0.17,34.3,35,8,60
37400080010,観音寺佐野線,丸亀詫間豊浜線,粟井観音寺線,37205,0,0.2,観音寺市観音寺町2598－2地先,4282,観音寺市観音寺町2598－2地先,4475,8757,1.23,0.72,16.6,12.4,16,40
37400080020,観音寺佐野線,粟井観音寺線,観音寺港観音寺（停）線,37205,0,0.3,観音寺市観音寺町2598－2地先,4282,観音寺市観音寺町2598－2地先,4475,8757,1.23,0.72,16,20.6,16,40
37400080030,観音寺佐野線,観音寺港観音寺（停）線,黒渕本大線,37205,0,1,観音寺市南町1－2－25地先,3443,観音寺市南町1－2－25地先,3232,6675,1.23,0.6,31.7,26.2,16,40
37400080040,観音寺佐野線,黒渕本大線,一般国道１１号,37205,0,1.9,観音寺市大野原町大野原2119-1地先,2727,観音寺市大野原町大野原2119-1地先,2733,5460,1.23,0.5,33.5,32.3,16,40
37400080050,観音寺佐野線,一般国道１１号,一般国道３７７号,37205,0,1.7,観音寺市大野原町大野原2119-1地先,2727,観音寺市大野原町大野原2119-1地先,2733,5460,1.23,0.5,29.3,31.3,16,40
37400080060,観音寺佐野線,一般国道３７７号,丸井萩原豊浜線,37205,0,1.4,,2212,,2101,4313,1.25,0.49,34.5,32.7,8.7,40
37400080070,観音寺佐野線,丸井萩原豊浜線,大野原川之江線,37205,0,2.7,,2212,,2101,4313,1.25,0.49,40.7,42.5,8.7,40
37400080080,観音寺佐野線,大野原川之江線,観音寺佐野線,37205,0,7.3,観音寺市大野原町海老済乙,138,観音寺市大野原町海老済乙,135,273,1.12,0.05,41.5,39.1,6.7,60
37400090010,大野原川之江線,観音寺佐野線,大野原川之江線,37205,0,8,,165,,161,326,1.29,0.05,40.3,34.5,6.3,60
37837270020,高松長尾大内線,一般国道１１号,牟礼中新線,37201,0,0.5,高松市東山崎町716地先,12070,高松市東山崎町716地先,11613,23683,1.27,1.19,9.3,18.6,22,50
37400100350,高松長尾大内線,牟礼中新線,高松志度線,37201,0,1.3,高松市東山崎町716地先,12070,高松市東山崎町716地先,11613,23683,1.27,0.69,30.9,20.6,25.2,50
37400100360,高松長尾大内線,高松志度線,市道,37201,0,1.9,高松市東山崎町716地先,12070,高松市東山崎町716地先,11613,23683,1.27,0.69,25.7,24.9,25.2,50
37400100080,高松長尾大内線,市道,一般国道１１号,37201,0,0.5,高松市東山崎町716地先,12070,高松市東山崎町716地先,11613,23683,1.27,0.77,19,12.3,25,50
37400100090,高松長尾大内線,一般国道１１号,太田上町志度線,37201,0,1,さぬき市昭和3087-2地先,8535,さぬき市昭和3087-2地先,8827,17362,1.24,0.49,16.7,32.2,22,60
37400100100,高松長尾大内線,太田上町志度線,三木国分寺線,37201,0,2.4,さぬき市昭和3087-2地先,8535,さぬき市昭和3087-2地先,8827,17362,1.24,0.49,42.4,33.3,22,60
37400100110,高松長尾大内線,三木国分寺線,塩江屋島西線,37201,0,0.9,さぬき市昭和3087-2地先,8535,さぬき市昭和3087-2地先,8827,17362,1.24,0.49,18.4,24.7,22,60
37400100120,高松長尾大内線,塩江屋島西線,高松市・三木町境,37201,0,0.5,さぬき市昭和3087-2地先,8535,さぬき市昭和3087-2地先,8827,17362,1.24,0.49,39.4,44,22,60
37400100130,高松長尾大内線,高松市・三木町境,小蓑前田東線,37341,0,1.3,さぬき市昭和3087-2地先,8535,さぬき市昭和3087-2地先,8827,17362,1.24,0.49,45.7,38.4,21.9,60
37400100140,高松長尾大内線,小蓑前田東線,三木牟礼線,37341,0,0.8,さぬき市昭和3087-2地先,8535,さぬき市昭和3087-2地先,8827,17362,1.24,0.49,33.5,31.2,21.9,60
37400100150,高松長尾大内線,三木牟礼線,三木綾川線,37341,0,1.1,さぬき市昭和3087-2地先,8535,さぬき市昭和3087-2地先,8827,17362,1.24,0.49,32.3,34.4,21.9,60
37400100160,高松長尾大内線,三木綾川線,多和三木線,37341,0,1.1,さぬき市昭和3087-2地先,8535,さぬき市昭和3087-2地先,8827,17362,1.24,0.49,45.6,41.1,21.9,60
37400100170,高松長尾大内線,多和三木線,三木町・さぬき市境,37341,0,0.4,さぬき市昭和3087-2地先,8535,さぬき市昭和3087-2地先,8827,17362,1.24,0.49,36.8,39.4,21.9,60
37400100180,高松長尾大内線,三木町・さぬき市境,志度山川線,37206,0,1.1,さぬき市昭和3087-2地先,8535,さぬき市昭和3087-2地先,8827,17362,1.24,0.52,44.2,31.9,19,60
37400100190,高松長尾大内線,志度山川線,三木寒川線,37206,0,2.1,,7981,,7667,15648,1.25,0.5,43.4,39.7,19,60
37400100200,高松長尾大内線,三木寒川線,石田東志度線,37206,0,0.7,,7981,,7667,15648,1.25,0.5,36.5,31.7,19,60
37400100210,高松長尾大内線,石田東志度線,田面富田西線,37206,0,0.6,,7981,,7667,15648,1.25,0.48,40.1,32.5,19,60
37400100220,高松長尾大内線,田面富田西線,富田西鴨庄線,37206,0,1.5,,7981,,7667,15648,1.25,0.48,51.7,54.1,19,60
37400100230,高松長尾大内線,富田西鴨庄線,富田中津田線,37206,0,1.5,,7981,,7667,15648,1.25,0.48,39.8,44.9,19,60
37400100240,高松長尾大内線,富田中津田線,津田川島線,37206,0,0.4,,7981,,7667,15648,1.25,0.48,49.2,41.2,19,60
37400100260,高松長尾大内線,津田川島線,高松長尾大内線,37206,0,1.8,さぬき市大川町田面966-7地先,5979,さぬき市大川町田面966-7地先,5843,11822,1.24,0.36,51,51.8,19.3,60
37400100380,高松長尾大内線,高松長尾大内線,高松長尾大内線,37206,0,0.8,さぬき市大川町田面966-7地先,5979,さぬき市大川町田面966-7地先,5843,11822,1.24,0.43,59.5,61.1,25.1,50
37400100290,高松長尾大内線,高松長尾大内線,さぬき市・東かがわ市境,37206,0,0.3,さぬき市大川町田面966-7地先,5979,さぬき市大川町田面966-7地先,5843,11822,1.24,0.58,55.9,64.3,25.3,50
37400100300,高松長尾大内線,さぬき市・東かがわ市境,一般国道１１号,37207,0,2.5,さぬき市大川町田面966-7地先,5979,さぬき市大川町田面966-7地先,5843,11822,1.24,0.98,50.6,35.5,9.4,50
37400100050,高松長尾大内線,中徳三谷高松線,市道,37201,0,0.8,,5308,,5222,10530,1.24,1,14.1,12.1,9.9,40
37400100270,高松長尾大内線,高松長尾大内線,田面入野山線,37206,0,0.4,,5084,,5158,10242,1.24,0.92,32,42.1,11,50
37400100280,高松長尾大内線,田面入野山線,高松長尾大内線,37206,0,0.6,,5084,,5158,10242,1.24,0.92,31.2,30.7,11,50
37400120010,三木国分寺線,小蓑前田東線,三木町・高松市境,37341,0,0.5,木田郡三木町池戸3148-6地先,4153,木田郡三木町池戸3148-6地先,4303,8456,1.23,0.67,34.3,36.8,7.7,50
37400120020,三木国分寺線,三木町・高松市境,塩江屋島西線,37201,0,0.6,木田郡三木町池戸3148-6地先,4153,木田郡三木町池戸3148-6地先,4303,8456,1.23,0.72,36.8,28.4,14,50
37400120030,三木国分寺線,塩江屋島西線,塩江屋島西線,37201,0,0,木田郡三木町池戸3148-6地先,4153,木田郡三木町池戸3148-6地先,4303,8456,1.23,0.72,17.8,15.7,14,50
37400120040,三木国分寺線,塩江屋島西線,高松長尾大内線,37201,0,0.5,木田郡三木町池戸3148-6地先,4153,木田郡三木町池戸3148-6地先,4303,8456,1.23,0.72,19.4,19.8,14,50
37400120050,三木国分寺線,高松長尾大内線,西植田高松線,37201,0,1.8,木田郡三木町池戸3148-6地先,4153,木田郡三木町池戸3148-6地先,4303,8456,1.23,0.72,19.5,23.9,14,50
37400120060,三木国分寺線,西植田高松線,西植田高松線,37201,0,0.1,木田郡三木町池戸3148-6地先,4153,木田郡三木町池戸3148-6地先,4303,8456,1.23,0.65,15.9,20.5,12,50
37400120070,三木国分寺線,西植田高松線,中徳三谷高松線,37201,0,1.2,高松市三谷町287地先,8898,高松市三谷町287地先,8646,17544,1.26,1.11,24.9,21.8,12,50
37400120080,三木国分寺線,中徳三谷高松線,三谷香川線,37201,0,1.1,高松市三谷町287地先,8898,高松市三谷町287地先,8646,17544,1.26,1.11,18.7,24.4,12,50
37400120090,三木国分寺線,三谷香川線,市道,37201,0,1.2,高松市三谷町287地先,8898,高松市三谷町287地先,8646,17544,1.26,1.11,29.6,17.4,12,50
37400120100,三木国分寺線,市道,岩崎高松線,37201,0,0.4,高松市三谷町287地先,8898,高松市三谷町287地先,8646,17544,1.26,1.11,13.8,11.5,12,50
37400120110,三木国分寺線,岩崎高松線,高松香川線,37201,0,0.7,高松市仏生山町甲383-1地先,7639,高松市仏生山町甲383-1地先,8069,15708,1.26,0.97,21.3,19.3,12,50
37400120120,三木国分寺線,高松香川線,一般国道１９３号,37201,0,0.6,高松市仏生山町甲383-1地先,7639,高松市仏生山町甲383-1地先,8069,15708,1.26,1.03,21.1,10.1,12,50
37400120130,三木国分寺線,一般国道１９３号,川東高松線,37201,0,0.4,高松市仏生山町甲383-1地先,7639,高松市仏生山町甲383-1地先,8069,15708,1.26,1.03,9.2,19.8,12,50
37400120140,三木国分寺線,川東高松線,円座香南線,37201,0,1.6,高松市仏生山町甲383-1地先,7639,高松市仏生山町甲383-1地先,8069,15708,1.26,1.03,14,22.5,12,50
37400120150,三木国分寺線,円座香南線,高松琴平線,37201,0,0.2,高松市仏生山町甲383-1地先,7639,高松市仏生山町甲383-1地先,8069,15708,1.26,1.03,11.5,11.8,12,50
37400120160,三木国分寺線,高松琴平線,一般国道３２号,37201,0,0.2,高松市仏生山町甲383-1地先,7639,高松市仏生山町甲383-1地先,8069,15708,1.26,1.03,9.9,12.7,12,50
37400120170,三木国分寺線,一般国道３２号,円座香西線,37201,0,0.1,高松市仏生山町甲383-1地先,7639,高松市仏生山町甲383-1地先,8069,15708,1.26,0.47,10.7,17.5,27.7,50
37400120180,三木国分寺線,円座香西線,円座香南線,37201,0,1,高松市仏生山町甲383-1地先,7639,高松市仏生山町甲383-1地先,8069,15708,1.26,0.47,25.8,42,27.7,50
37400120190,三木国分寺線,円座香南線,高松自動車道,37201,0,0.2,高松市仏生山町甲383-1地先,7639,高松市仏生山町甲383-1地先,8069,15708,1.26,0.47,14.7,29,27.7,50
37400120200,三木国分寺線,高松自動車道,山崎御厩線,37201,0,0.3,高松市仏生山町甲383-1地先,7639,高松市仏生山町甲383-1地先,8069,15708,1.26,1.02,26,18.3,9.3,50
37400120210,三木国分寺線,山崎御厩線,国分寺中通線,37201,0,2.8,高松市仏生山町甲383-1地先,7639,高松市仏生山町甲383-1地先,8069,15708,1.26,1.02,41.4,32.5,9.3,50
37400120220,三木国分寺線,国分寺中通線,一般国道１１号,37201,0,0.4,,5442,,5580,11022,1.24,0.92,22.1,8.4,9.3,50
37400130010,三木綾川線,高松長尾大内線,三木寒川線,37341,0,1.2,,1293,,1250,2543,1.28,0.3,36,35.3,8,60
37400130020,三木綾川線,三木寒川線,小蓑前田東線,37341,0,1.7,高松市十川東町1898地先,4210,高松市十川東町1898地先,4493,8703,1.23,0.78,34.5,33.3,8,60
37400130030,三木綾川線,小蓑前田東線,三木町・高松市境,37341,0,1.7,高松市十川東町1898地先,4210,高松市十川東町1898地先,4493,8703,1.23,0.78,40.2,39,8,60
37400130040,三木綾川線,三木町・高松市境,塩江屋島西線,37201,0,0.9,高松市十川東町1898地先,4210,高松市十川東町1898地先,4493,8703,1.23,0.74,35.4,33.8,8,50
37400130050,三木綾川線,塩江屋島西線,西植田高松線,37201,0,1.5,高松市十川東町1898地先,4210,高松市十川東町1898地先,4493,8703,1.23,0.74,42.2,23.9,8,50
37400130060,三木綾川線,西植田高松線,中徳三谷高松線,37201,0,1.8,高松市十川東町1898地先,4210,高松市十川東町1898地先,4493,8703,1.23,0.74,25.1,31.5,8,50
37400130070,三木綾川線,中徳三谷高松線,岩崎高松線,37201,0,3.3,高松市香川町川内原1575-1地先,5574,高松市香川町川内原1575-1地先,5329,10903,1.24,1.07,42.5,34.6,8,50
37400130080,三木綾川線,岩崎高松線,一般国道１９３号,37201,0,1.1,高松市香川町川内原1575-1地先,5574,高松市香川町川内原1575-1地先,5329,10903,1.24,1.07,30.6,22,8,50
37400130100,三木綾川線,一般国道１９３号,円座香南線,37201,0,0.7,,9089,,9297,18386,1.26,1.47,12.4,27.1,10,50
37400130105,三木綾川線,円座香南線,円座香南線,37201,0,1.3,,9089,,9297,18386,1.26,1.47,21.3,27.9,10,50
37400130110,三木綾川線,円座香南線,千疋高松線,37201,0,0.7,,9089,,9297,18386,1.26,1.47,23.5,26.2,10,50
37400130120,三木綾川線,千疋高松線,高松市・綾川町境,37201,0,1.3,,9089,,9297,18386,1.26,1.47,37.2,40,10,50
37400130130,三木綾川線,高松市・綾川町境,国分寺中通線,37387,0,0.1,,9089,,9297,18386,1.26,1.45,26.9,16.3,9.9,50
37400130140,三木綾川線,国分寺中通線,綾歌綾川線,37387,0,1,綾歌郡綾川町陶7410-2地先,3299,綾歌郡綾川町陶7410-2地先,3363,6662,1.23,0.59,32.1,26,9.9,50
37400130150,三木綾川線,綾歌綾川線,高松琴平線,37387,0,2.2,綾歌郡綾川町陶7410-2地先,3299,綾歌郡綾川町陶7410-2地先,3363,6662,1.23,0.59,42.2,45.2,9.9,50
37400130160,三木綾川線,高松琴平線,一般国道３２号,37387,0,0.1,綾歌郡綾川町陶7410-2地先,3299,綾歌郡綾川町陶7410-2地先,3363,6662,1.23,0.59,15,10.4,9.9,50
37400140010,屋島公園線,,一般国道１１号,37201,0,2.5,,1032,,1129,2161,1.26,2.8,47.6,17.4,3,40
37400160010,高松王越坂出線,高松善通寺線,円座香西線,37201,0,0.9,,2590,,2308,4898,1.24,0.39,14.8,21.3,7.5,40
37400160020,高松王越坂出線,円座香西線,高松王越坂出線,37201,0,1.9,,2590,,2308,4898,1.24,0.39,29.1,32.5,7.5,40
37400160030,高松王越坂出線,高松王越坂出線,鴨川（停）五色台線,37201,0,2.4,,953,,767,1720,1.22,0.19,31.4,29.1,6.8,40
37400160040,高松王越坂出線,鴨川（停）五色台線,高松市・坂出市境,37201,0,4.8,,953,,767,1720,1.22,0.19,43.5,48,6.8,40
37400160050,高松王越坂出線,高松市・坂出市境,五色台線,37203,0,0.1,,953,,767,1720,1.22,0.17,27.1,33.9,10.9,40
37400160060,高松王越坂出線,五色台線,大屋富築港宇多津線,37203,0,10.4,,1123,,1042,2165,1.25,0.21,42.8,41.1,10.9,40
37400160070,高松王越坂出線,大屋富築港宇多津線,高松坂出線,37203,0,1.2,,402,,401,803,1.15,0.29,31.8,27.7,5.2,30
37400160080,高松王越坂出線,高松坂出線,鴨川（停）五色台線,37203,0,0.5,,402,,401,803,1.15,0.29,18.8,24.4,5.2,30
37400160090,高松王越坂出線,鴨川（停）五色台線,高松王越坂出線,37203,0,0.2,,402,,401,803,1.15,0.29,28.9,21.9,5.2,30
37400160100,高松王越坂出線,高松王越坂出線,鴨川（停）五色台線,37203,0,0.5,,1526,,1265,2791,1.27,0.31,39,38.6,16,50
37400160110,高松王越坂出線,鴨川（停）五色台線,林田府中線,37203,0,1,,1526,,1265,2791,1.27,0.31,40.1,33,16,50
37400160120,高松王越坂出線,林田府中線,高松善通寺線,37203,0,2.5,,3013,,2900,5913,1.23,0.51,38.9,34.3,16,50
37400160140,高松王越坂出線,高松海岸線,郷東中央線,37201,0,0.5,高松市郷東町543地先,13707,高松市郷東町543地先,14408,28115,1.28,0.91,26.2,14.2,20,60
37400160150,高松王越坂出線,郷東中央線,,37201,0,1.3,高松市郷東町543地先,13707,高松市郷東町543地先,14408,28115,1.28,0.91,21.6,30.1,20,60
37400160160,高松王越坂出線,,高松王越坂出線,37201,0,2,,8277,,7001,15278,1.25,0.55,29.8,37.3,20.5,60
37400160180,高松王越坂出線,高松王越坂出線,高松坂出線,37203,0,0.6,,1526,,1265,2791,1.27,0.29,42,28,16.5,50
37400170010,府中造田線,高松善通寺線,坂出市・綾川町境,37203,0,3.2,坂出市府中町1750地先,3576,坂出市府中町1750地先,3805,7381,1.23,1.14,34.5,49,10.5,50
37400170020,府中造田線,坂出市・綾川町境,綾川国分寺線,37387,0,0.2,坂出市府中町1750地先,3576,坂出市府中町1750地先,3805,7381,1.23,0.92,34.7,22.7,8.5,50
37400170030,府中造田線,綾川国分寺線,一般国道３２号,37387,0,1.6,坂出市府中町1750地先,3576,坂出市府中町1750地先,3805,7381,1.23,0.92,30,33.9,8.5,50
37400170040,府中造田線,一般国道３２号,高松琴平線,37387,0,0.6,坂出市府中町1750地先,3576,坂出市府中町1750地先,3805,7381,1.23,0.87,9.2,19.7,9.8,50
37400170050,府中造田線,高松琴平線,高松琴平線,37387,0,0.2,坂出市府中町1750地先,3576,坂出市府中町1750地先,3805,7381,1.23,0.87,21.6,30.7,9.8,50
37400170060,府中造田線,高松琴平線,綾歌綾川線,37387,0,1.7,坂出市府中町1750地先,3576,坂出市府中町1750地先,3805,7381,1.23,0.87,39.3,38.7,9.8,50
37400170070,府中造田線,綾歌綾川線,一般国道３７７号,37387,0,0.9,坂出市府中町1750地先,3576,坂出市府中町1750地先,3805,7381,1.23,0.87,36.3,37.1,9.8,50
37400170090,府中造田線,一般国道３７７号,千疋西分線,37387,0,3.8,仲多度郡まんのう町造田備中地先,800,仲多度郡まんのう町造田備中,779,1579,1.23,0.17,44.5,45.2,10.3,40
37400170100,府中造田線,千疋西分線,綾川町・まんのう町境,37387,0,3.8,仲多度郡まんのう町造田備中地先,800,仲多度郡まんのう町造田備中,779,1579,1.23,0.17,51,49.2,10.3,40
37400170110,府中造田線,綾川町・まんのう町境,枌所西造田線,37406,0,1.3,仲多度郡まんのう町造田備中地先,800,仲多度郡まんのう町造田備中,779,1579,1.23,0.17,53.1,54.4,8.6,40
37400170120,府中造田線,枌所西造田線,造田滝宮線,37406,0,0.4,仲多度郡まんのう町造田備中地先,800,仲多度郡まんのう町造田備中,779,1579,1.23,0.17,54.1,48.1,8.6,40
37400170130,府中造田線,造田滝宮線,一般国道４３８号,37406,0,0.7,仲多度郡まんのう町造田備中地先,800,仲多度郡まんのう町造田備中,779,1579,1.23,0.17,41.3,28.9,8.6,40
37400180010,善通寺府中線,善通寺多度津線,一般国道３１９号,37204,0,0.8,丸亀市三条町1119-1地先,5914,丸亀市三条町1119-1地先,6014,11928,1.24,0.86,27,25.6,9.7,50
37400180020,善通寺府中線,一般国道３１９号,原田琴平線,37204,0,0.7,丸亀市三条町1119-1地先,5914,丸亀市三条町1119-1地先,6014,11928,1.24,0.86,19.7,18.5,9.7,50
37400180030,善通寺府中線,原田琴平線,善通寺市・丸亀市境,37204,0,0.4,丸亀市三条町1119-1地先,5914,丸亀市三条町1119-1地先,6014,11928,1.24,0.86,22.3,29.2,9.7,50
37400180040,善通寺府中線,善通寺市・丸亀市境,丸亀三好線,37202,0,0.9,丸亀市三条町1119-1地先,5914,丸亀市三条町1119-1地先,6014,11928,1.24,0.85,22.7,21.2,8.5,50
37400180050,善通寺府中線,丸亀三好線,長尾丸亀線,37202,0,1.7,丸亀市三条町1119-1地先,5914,丸亀市三条町1119-1地先,6014,11928,1.24,0.85,19.2,22,8.5,50
37400180060,善通寺府中線,長尾丸亀線,岡田丸亀線,37202,0,0.7,坂出市府中町3410-6地先,5739,坂出市府中町3410-6地先,5710,11449,1.26,1.36,19.8,18.1,8.5,50
37400180070,善通寺府中線,岡田丸亀線,市道飯野町東二南北線,37202,0,0.2,坂出市府中町3410-6地先,5739,坂出市府中町3410-6地先,5710,11449,1.26,1.37,15.4,24.6,9.3,40
37400180075,善通寺府中線,市道飯野町東二南北線,一般国道４３８号,37202,0,1.7,坂出市府中町3410-6地先,5739,坂出市府中町3410-6地先,5710,11449,1.26,1.37,25.1,28.2,9.3,40
37400180080,善通寺府中線,一般国道４３８号,一般国道４３８号,37202,0,0.3,坂出市府中町3410-6地先,5739,坂出市府中町3410-6地先,5710,11449,1.26,1.37,21.3,11.9,9.3,40
37400180090,善通寺府中線,一般国道４３８号,富熊宇多津線,37202,0,0.9,坂出市府中町3410-6地先,5739,坂出市府中町3410-6地先,5710,11449,1.26,1.37,26.4,32.7,9.3,40
37400180100,善通寺府中線,富熊宇多津線,丸亀市・坂出市境,37202,0,3.2,坂出市府中町3410-6地先,5739,坂出市府中町3410-6地先,5710,11449,1.26,1.23,41.7,42.2,10.5,50
37400180110,善通寺府中線,丸亀市・坂出市境,綾川府中線,37203,0,2.5,坂出市府中町3410-6地先,5739,坂出市府中町3410-6地先,5710,11449,1.26,1.3,44.8,37.6,10.4,50
37400180120,善通寺府中線,綾川府中線,高松善通寺線,37203,0,1,坂出市府中町3410-6地先,5739,坂出市府中町3410-6地先,5710,11449,1.26,1.33,36.8,19.2,10.4,40
37400190010,坂出港線,,大屋富築港宇多津線,37203,0,0.6,,4461,,4969,9430,1.23,0.81,37.7,24,17.8,40
37400190020,坂出港線,大屋富築港宇多津線,坂出（停）線,37203,0,0.4,,4461,,4969,9430,1.23,0.81,14.6,9.2,17.8,40
37400190030,坂出港線,坂出（停）線,高松善通寺線,37203,0,0.5,,7621,,7885,15506,1.25,1.68,17.2,15.9,15.6,40
37400190040,坂出港線,高松善通寺線,一般国道１１号,37203,0,1.9,坂出市富士見町2丁目5-1地先,7716,坂出市富士見町2丁目5-1地先,7790,15506,1.25,0.7,19.9,23.8,27.4,40
37400200010,坂出（停）線,,坂出港線,37203,0,0.5,,3896,,4287,8183,1.23,0.71,13.7,11.6,14.1,40
37400210010,丸亀詫間豊浜線,一般国道１１号,岡田丸亀線,37202,0,0.9,丸亀市大手前3-3-3地先,3578,丸亀市大手前3-3-3地先,4689,8267,1.23,0.69,13.7,28.1,11,40
37400210020,丸亀詫間豊浜線,岡田丸亀線,高松善通寺線,37202,0,1.7,丸亀市大手前3-3-3地先,3578,丸亀市大手前3-3-3地先,4689,8267,1.23,0.69,18.4,17.7,11,40
37400210030,丸亀詫間豊浜線,高松善通寺線,高松善通寺線,37202,0,0.3,,7702,,8407,16109,1.26,0.59,21.5,9.7,22,40
37400210040,丸亀詫間豊浜線,高松善通寺線,昭和町田村線,37202,0,1.6,,4656,,5653,10309,1.24,0.68,27.3,21.4,20,50
37400210050,丸亀詫間豊浜線,昭和町田村線,市道,37202,0,0.2,,6254,,7600,13854,1.25,1.26,25.8,11.7,20,50
37837290010,丸亀詫間豊浜線,市道,川津丸亀線,37202,0,0.4,,6254,,7600,13854,1.25,0.71,16.2,9.3,20.5,50
37400210400,丸亀詫間豊浜線,川津丸亀線,丸亀市・多度津町境,37202,0,1.1,仲多度郡多度津町堀江5丁目10-1地先,8278,仲多度郡多度津町堀江5丁目10-1地先,7587,15865,1.26,0.66,26.6,43.2,25,50
37400210410,丸亀詫間豊浜線,丸亀市・多度津町境,,37404,0,1.1,仲多度郡多度津町堀江5丁目10-1地先,8278,仲多度郡多度津町堀江5丁目10-1地先,7587,15865,1.26,0.58,51.3,40.9,25,50
37837400010,丸亀詫間豊浜線,,多度津港線,37404,0,1.5,仲多度郡多度津町堀江5丁目10-1地先,8278,仲多度郡多度津町堀江5丁目10-1地先,7587,15865,1.26,0.78,45.1,43,22.3,50
37602150020,丸亀詫間豊浜線,多度津港線,多度津港線,37404,0,0.1,仲多度郡多度津町堀江5丁目10-1地先,8278,仲多度郡多度津町堀江5丁目10-1地先,7587,15865,1.26,0.84,22.5,27.7,21.7,50
37837400030,丸亀詫間豊浜線,多度津港線,,37404,0,1.2,,6060,,5535,11595,1.24,0.74,28.6,31.1,22.3,50
37400210430,丸亀詫間豊浜線,,町道,37404,0,0.7,,6060,,5535,11595,1.24,0.49,41.4,32.6,25.7,50
37400210140,丸亀詫間豊浜線,町道,西白方善通寺線,37404,0,0.9,仲多度郡多度津町大字見立2445-1地先,6601,仲多度郡多度津町大字見立2445-1地先,6819,13420,1.25,1.76,33,35.8,8.7,40
37400210150,丸亀詫間豊浜線,西白方善通寺線,多度津丸亀線,37404,0,2.1,仲多度郡多度津町大字見立2445-1地先,6601,仲多度郡多度津町大字見立2445-1地先,6819,13420,1.25,1.38,27.7,44.6,26.3,50
37400210160,丸亀詫間豊浜線,多度津丸亀線,町道,37404,0,0.5,仲多度郡多度津町大字見立2445-1地先,6601,仲多度郡多度津町大字見立2445-1地先,6819,13420,1.25,1.38,30.3,54.3,26.3,50
37400210170,丸亀詫間豊浜線,町道,多度津町・三豊市境,37404,0,0.1,仲多度郡多度津町大字見立2445-1地先,6601,仲多度郡多度津町大字見立2445-1地先,6819,13420,1.25,1.38,31.2,62,26.3,50
37400210180,丸亀詫間豊浜線,多度津町・三豊市境,宮尾高瀬線,37208,0,0.5,仲多度郡多度津町大字見立2445-1地先,6601,仲多度郡多度津町大字見立2445-1地先,6819,13420,1.25,0.85,32.8,49.9,25.3,50
37400210190,丸亀詫間豊浜線,宮尾高瀬線,丸亀詫間豊浜線,37208,0,2.3,仲多度郡多度津町大字見立2445-1地先,6601,仲多度郡多度津町大字見立2445-1地先,6819,13420,1.25,0.85,42,34.8,25.3,50
37400210200,丸亀詫間豊浜線,丸亀詫間豊浜線,丸亀詫間豊浜線,37208,0,0.2,,6033,,5191,11224,1.24,0.46,26.6,13.5,25.3,50
37400210210,丸亀詫間豊浜線,丸亀詫間豊浜線,丸亀詫間豊浜線,37208,0,0.4,,2537,,2278,4815,1.24,0.51,22.9,17.6,10,40
37400210220,丸亀詫間豊浜線,丸亀詫間豊浜線,,37208,0,1.7,,2266,,2097,4363,1.25,0.61,35.5,40.4,7.9,40
37400210230,丸亀詫間豊浜線,,,37208,0,0.5,,2266,,2097,4363,1.25,0.61,48.2,46.9,7.9,40
37400210240,丸亀詫間豊浜線,,詫間仁尾線,37208,0,2.5,,2266,,2097,4363,1.25,0.61,36,36.1,7.9,40
37400210250,丸亀詫間豊浜線,詫間仁尾線,大見吉津仁尾線,37208,0,0.5,三豊市仁尾町仁尾甲177地先,3736,三豊市仁尾町仁尾甲177地先,4084,7820,1.23,0.84,23.5,31.3,16.6,50
37400210260,丸亀詫間豊浜線,大見吉津仁尾線,豊中仁尾線,37208,0,0.9,三豊市仁尾町仁尾甲177地先,3736,三豊市仁尾町仁尾甲177地先,4084,7820,1.23,0.84,30.7,30.6,16.6,50
37400210270,丸亀詫間豊浜線,豊中仁尾線,三豊市・観音寺市境,37208,0,3.3,三豊市仁尾町仁尾甲177地先,3736,三豊市仁尾町仁尾甲177地先,4084,7820,1.23,0.84,43.6,47,16.6,50
37400210280,丸亀詫間豊浜線,三豊市・観音寺市境,室本港線,37205,0,1.4,三豊市仁尾町仁尾甲177地先,3736,三豊市仁尾町仁尾甲177地先,4084,7820,1.23,0.86,46,44.3,11.2,50
37400210290,丸亀詫間豊浜線,室本港線,,37205,0,0.1,観音寺市室本町409-1地先,3951,観音寺市室本町409-1地先,4370,8321,1.24,1.02,16.7,13.7,10.5,40
37602360005,丸亀詫間豊浜線,,室本流岡線,37205,0,1.4,,2986,,3548,6534,1.23,0.73,33.4,36.1,9.2,50
37400210570,丸亀詫間豊浜線,室本流岡線,,37205,0,1.3,観音寺市八幡町3丁目地先,915,観音寺市八幡町3丁目地先,933,1848,1.22,0.22,34.8,25.3,12.3,50
37400210510,丸亀詫間豊浜線,丸亀詫間豊浜線,詫間仁尾線,37208,0,0.4,,6061,,5216,11277,1.24,1,14.1,13.6,16,40
37400210520,丸亀詫間豊浜線,詫間仁尾線,丸亀詫間豊浜線,37208,0,0.3,,6061,,5216,11277,1.24,0.91,12.5,24.6,15.2,60
37400210300,丸亀詫間豊浜線,,観音寺池田線,37205,0,0.2,,2314,,2456,4770,1.24,0.73,19,23.7,10,40
37400210310,丸亀詫間豊浜線,観音寺池田線,観音寺佐野線,37205,0,0.3,,2314,,2456,4770,1.24,0.73,22.5,18.6,10,40
37400210320,丸亀詫間豊浜線,観音寺佐野線,観音寺港線,37205,0,0.6,観音寺市大野原町花稲432-4地先,3264,観音寺市大野原町花稲432-4地先,3299,6563,1.23,0.7,25.2,24.7,15,50
37400210330,丸亀詫間豊浜線,観音寺港線,観音寺港観音寺（停）線,37205,0,0.5,観音寺市大野原町花稲432-4地先,3264,観音寺市大野原町花稲432-4地先,3299,6563,1.23,0.7,24.5,17.4,15,50
37400210340,丸亀詫間豊浜線,観音寺港観音寺（停）線,市道観音寺大野原線,37205,0,2.1,観音寺市大野原町花稲432-4地先,3264,観音寺市大野原町花稲432-4地先,3299,6563,1.23,0.7,26.7,26.2,15,50
37400210350,丸亀詫間豊浜線,市道観音寺大野原線,市道観音寺大野原豊浜線,37205,0,1.9,観音寺市大野原町花稲432-4地先,3264,観音寺市大野原町花稲432-4地先,3299,6563,1.23,0.64,44,39.2,15.4,50
37400210360,丸亀詫間豊浜線,市道観音寺大野原豊浜線,一般国道１１号,37205,0,0.4,観音寺市大野原町花稲432-4地先,3264,観音寺市大野原町花稲432-4地先,3299,6563,1.23,0.64,22.2,14.5,15.4,50
37400210480,丸亀詫間豊浜線,善通寺詫間線,汐木洲崎詫間線,37208,0,0.3,,2537,,2278,4815,1.24,0.39,29.9,17.1,14.7,50
37400210490,丸亀詫間豊浜線,汐木洲崎詫間線,丸亀詫間豊浜線,37208,0,0.1,,2537,,2278,4815,1.24,0.39,22.2,16.5,14.7,50
37400220010,善通寺綾歌線,善通寺多度津線,一般国道３１９号,37204,0,0.4,善通寺市与北町637-1地先,4199,善通寺市与北町637-1地先,4680,8879,1.23,0.83,15,21,9.2,50
37400220020,善通寺綾歌線,一般国道３１９号,原田琴平線,37204,0,0.1,善通寺市与北町637-1地先,4199,善通寺市与北町637-1地先,4680,8879,1.23,0.83,8.9,16.5,9.2,50
37400220030,善通寺綾歌線,原田琴平線,丸亀三好線,37204,0,1.7,善通寺市与北町637-1地先,4199,善通寺市与北町637-1地先,4680,8879,1.23,0.83,32.5,34,9.2,50
37400220040,善通寺綾歌線,丸亀三好線,善通寺市・丸亀市境,37204,0,0.5,善通寺市与北町637-1地先,4199,善通寺市与北町637-1地先,4680,8879,1.23,0.83,20.5,37,9.2,50
37400220050,善通寺綾歌線,善通寺市・丸亀市境,長尾丸亀線,37202,0,1.5,善通寺市与北町637-1地先,4199,善通寺市与北町637-1地先,4680,8879,1.23,0.78,37.4,34,8.9,40
37400220060,善通寺綾歌線,長尾丸亀線,岡田丸亀線,37202,0,0.8,善通寺市与北町637-1地先,4199,善通寺市与北町637-1地先,4680,8879,1.23,0.78,13.5,14,8.9,40
37400220065,善通寺綾歌線,岡田丸亀線,一般国道４３８号（飯山バイパス）,37202,0,1.3,善通寺市与北町637-1地先,4199,善通寺市与北町637-1地先,4680,8879,1.23,0.77,26.5,28,9.5,50
37400220070,善通寺綾歌線,一般国道４３８号（飯山バイパス）,一般国道４３８号,37202,0,0.4,善通寺市与北町637-1地先,4199,善通寺市与北町637-1地先,4680,8879,1.23,0.78,20.3,13.1,8.6,50
37400220080,善通寺綾歌線,一般国道４３８号,富熊宇多津線,37202,0,1.2,,4343,,4969,9312,1.23,0.9,27.2,33.5,8.6,50
37400220090,善通寺綾歌線,富熊宇多津線,一般国道３２号,37202,0,2.6,,4343,,4969,9312,1.23,0.96,30.7,26.9,9.1,50
37400230010,詫間琴平線,丸亀詫間豊浜線,汐木洲崎詫間線,37208,0,0.8,三豊市三野町吉津46-4地先,5302,三豊市三野町吉津46-4地先,5482,10784,1.24,0.82,28.5,42.1,9.9,50
37400230020,詫間琴平線,汐木洲崎詫間線,豊中三野線,37208,0,0.5,三豊市三野町吉津46-4地先,5302,三豊市三野町吉津46-4地先,5482,10784,1.24,0.82,38.8,32.1,9.9,50
37400230030,詫間琴平線,豊中三野線,大見吉津仁尾線,37208,0,1,三豊市三野町吉津46-4地先,5302,三豊市三野町吉津46-4地先,5482,10784,1.24,0.82,30.4,29.7,9.9,50
37400230040,詫間琴平線,大見吉津仁尾線,岡本高瀬線,37208,0,1.9,三豊市三野町吉津46-4地先,5302,三豊市三野町吉津46-4地先,5482,10784,1.24,0.82,36.5,37,9.9,50
37400230050,詫間琴平線,岡本高瀬線,宮尾高瀬線,37208,0,0.3,三豊市三野町吉津46-4地先,5302,三豊市三野町吉津46-4地先,5482,10784,1.24,0.82,27,25,9.9,50
37400230060,詫間琴平線,宮尾高瀬線,一般国道１１号,37208,0,0.5,三豊市三野町吉津46-4地先,5302,三豊市三野町吉津46-4地先,5482,10784,1.24,0.82,27.6,11,9.9,50
37400230070,詫間琴平線,一般国道１１号,観音寺善通寺線,37208,0,0.7,,3874,,3908,7782,1.23,0.63,17.7,27,9.9,50
37400230080,詫間琴平線,観音寺善通寺線,善通寺大野原線,37208,0,2.6,,3874,,3908,7782,1.23,0.63,41.7,41.2,9.9,50
37400230090,詫間琴平線,善通寺大野原線,神田高瀬線,37208,0,1.4,,4517,,5012,9529,1.23,0.92,39.5,39.1,9.6,50
37400230100,詫間琴平線,神田高瀬線,善通寺大野原線,37208,0,0.4,,4517,,5012,9529,1.23,0.92,40.2,35.7,9.6,50
37400230110,詫間琴平線,善通寺大野原線,神田高瀬線,37208,0,1.2,三豊市高瀬町上麻2413地先,2652,三豊市高瀬町上麻2413地先,2865,5517,1.23,0.57,37.2,41.3,7.4,50
37400230120,詫間琴平線,神田高瀬線,三豊市・まんのう町境,37208,0,2.9,三豊市高瀬町上麻2413地先,2652,三豊市高瀬町上麻2413地先,2865,5517,1.23,0.57,53.1,50.9,7.4,50
37400230130,詫間琴平線,三豊市・まんのう町境,一般国道３７７号,37406,0,0.9,三豊市高瀬町上麻2413地先,2652,三豊市高瀬町上麻2413地先,2865,5517,1.23,0.59,43.9,34.5,14,50
37400240010,善通寺大野原線,一般国道３１９号,善通寺多度津線,37204,0,0.6,善通寺市上吉田町238地先,4992,善通寺市上吉田町238地先,4395,9387,1.24,0.35,19.8,20.5,22,50
37400240020,善通寺大野原線,善通寺多度津線,善通寺多度津線,37204,0,0.3,,5252,,4984,10236,1.24,1.04,16.9,19.6,12.6,50
37400240030,善通寺大野原線,善通寺多度津線,善通寺詫間線,37204,0,1,,5149,,4553,9702,1.24,1.16,30.2,20,18.1,40
37400240040,善通寺大野原線,善通寺詫間線,善通寺（停）線,37204,0,0.2,,5149,,4553,9702,1.24,1,17.7,19,22.5,50
37400240050,善通寺大野原線,善通寺（停）線,岡田善通寺線,37204,0,0.6,,5149,,4553,9702,1.24,1,25.9,20.7,22.5,50
37400240060,善通寺大野原線,岡田善通寺線,観音寺善通寺線,37204,0,1,,5149,,4553,9702,1.24,1,29.8,30.7,22.5,50
37400240070,善通寺大野原線,観音寺善通寺線,善通寺市・三豊市境,37204,0,2.9,善通寺市善通寺町3556-2地先,1973,善通寺市善通寺町3556-2地先,1776,3749,1.25,0.4,44.1,46.7,8,50
37400240080,善通寺大野原線,善通寺市・三豊市境,詫間琴平線,37208,0,3.2,善通寺市善通寺町3556-2地先,1973,善通寺市善通寺町3556-2地先,1776,3749,1.25,0.42,50.3,46.2,8,50
37400240100,善通寺大野原線,詫間琴平線,財田上高瀬線,37208,0,1.1,,3180,,3047,6227,1.23,0.65,39.1,43.1,8,50
37400240110,善通寺大野原線,財田上高瀬線,財田上高瀬線,37208,0,0.2,,3180,,3047,6227,1.23,0.65,35,29.4,8,50
37400240120,善通寺大野原線,財田上高瀬線,羽方豊中線,37208,0,2,,3180,,3047,6227,1.23,0.65,32.3,33.9,8,50
37400240130,善通寺大野原線,羽方豊中線,財田西豊中線,37208,0,1.7,観音寺市本大町779地先,5038,観音寺市本大町779地先,4463,9501,1.23,0.9,43.1,40.2,8,50
37400240140,善通寺大野原線,財田西豊中線,三豊市・観音寺市境,37208,0,0.8,観音寺市本大町779地先,5038,観音寺市本大町779地先,4463,9501,1.23,0.9,24,30,8,50
37400240150,善通寺大野原線,三豊市・観音寺市境,観音寺池田線,37205,0,0.3,観音寺市本大町779地先,5038,観音寺市本大町779地先,4463,9501,1.23,0.9,31,20.4,7.8,60
37400240160,善通寺大野原線,観音寺池田線,込野観音寺線,37205,0,1.7,,3365,,3265,6630,1.23,0.63,32.9,35.6,7.8,60
37400240180,善通寺大野原線,込野観音寺線,粟井観音寺線,37205,0,1.6,,3365,,3265,6630,1.23,0.6,29.7,29.4,8,60
37400240190,善通寺大野原線,粟井観音寺線,福田原観音寺線,37205,0,0.7,,3365,,3265,6630,1.23,0.6,29.4,29.2,8,60
37400240200,善通寺大野原線,福田原観音寺線,一般国道３７７号,37205,0,1.1,,3365,,3265,6630,1.23,0.6,43.8,38.9,8,60
37400250010,善通寺多度津線,一般国道３１９号,善通寺綾歌線,37204,0,0.9,善通寺市金蔵寺町字下所144-2地先,5705,善通寺市金蔵寺町字下所144-2地先,5488,11193,1.24,1.32,19.6,24.4,12.6,50
37400250020,善通寺多度津線,善通寺綾歌線,善通寺大野原線,37204,0,0.4,善通寺市金蔵寺町字下所144-2地先,5705,善通寺市金蔵寺町字下所144-2地先,5488,11193,1.24,1.32,17.7,20,12.6,50
37400250040,善通寺多度津線,善通寺大野原線,善通寺府中線,37204,0,1.2,善通寺市金蔵寺町字下所144-2地先,5705,善通寺市金蔵寺町字下所144-2地先,5488,11193,1.24,1.06,27.5,28.9,12.6,50
37400250050,善通寺多度津線,善通寺府中線,高松善通寺線,37204,0,0.9,善通寺市金蔵寺町字下所144-2地先,5705,善通寺市金蔵寺町字下所144-2地先,5488,11193,1.24,1.06,26.1,25.5,12.6,50
37400250060,善通寺多度津線,高松善通寺線,善通寺市・多度津町境,37204,0,0.3,善通寺市金蔵寺町字下所144-2地先,5705,善通寺市金蔵寺町字下所144-2地先,5488,11193,1.24,1.04,19.7,33.6,11,50
37400250070,善通寺多度津線,善通寺市・多度津町境,一般国道１１号,37404,0,0.1,善通寺市金蔵寺町字下所144-2地先,5705,善通寺市金蔵寺町字下所144-2地先,5488,11193,1.24,1.19,32.1,29.4,11,50
37400250080,善通寺多度津線,一般国道１１号,多度津丸亀線,37404,0,1.4,善通寺市金蔵寺町字下所144-2地先,5705,善通寺市金蔵寺町字下所144-2地先,5488,11193,1.24,1.19,27.1,25.5,11,50
37400250090,善通寺多度津線,多度津丸亀線,町道,37404,0,0.5,善通寺市金蔵寺町字下所144-2地先,5705,善通寺市金蔵寺町字下所144-2地先,5488,11193,1.24,1.19,19,24.7,11,50
37400250100,善通寺多度津線,町道,町道,37404,0,0.7,,4015,,4476,8491,1.23,1.1,29.7,33.4,11,50
37400250110,善通寺多度津線,町道,多度津（停）線,37404,0,0.4,,4015,,4476,8491,1.23,1.1,27.1,24.9,11,50
37400250120,善通寺多度津線,多度津（停）線,山階多度津線,37404,0,0.1,,4015,,4476,8491,1.23,1.03,20.3,10.7,8.2,30
37400260010,土庄福田線,一般国道４３６号,屋形崎小江渕崎線,37322,0,0.7,小豆郡土庄町上庄1539-1地先,3535,小豆郡土庄町上庄1539-1地先,3513,7048,1.22,0.76,19.3,15.2,8.8,40
37400260020,土庄福田線,屋形崎小江渕崎線,一般国道４３６号,37322,0,0.3,小豆郡土庄町上庄1539-1地先,3535,小豆郡土庄町上庄1539-1地先,3513,7048,1.22,0.76,16.7,15.8,8.8,40
37400260030,土庄福田線,一般国道４３６号,上庄池田線,37322,0,1.8,小豆郡土庄町上庄1539-1地先,3535,小豆郡土庄町上庄1539-1地先,3513,7048,1.22,0.74,32.3,35.4,11.4,50
37400260040,土庄福田線,上庄池田線,土庄神懸線,37322,0,2.3,小豆郡土庄町上庄1539-1地先,3535,小豆郡土庄町上庄1539-1地先,3513,7048,1.22,0.74,43.4,42.5,11.4,50
37400260050,土庄福田線,土庄神懸線,屋形崎小江渕崎線,37322,0,1.9,,1731,,1639,3370,1.25,0.39,44.3,46.4,9.1,50
37400260060,土庄福田線,屋形崎小江渕崎線,嶮岨山線,37322,0,7,,1731,,1639,3370,1.25,0.39,43.9,46.5,9.1,50
37400260070,土庄福田線,嶮岨山線,土庄町・小豆島町境,37322,0,6,,285,,285,570,1.29,0.06,44.8,49,8.1,60
37400260080,土庄福田線,土庄町・小豆島町境,福田港神懸線,37324,0,6,,285,,285,570,1.29,0.06,44.8,46,8.6,60
37400260090,土庄福田線,福田港神懸線,一般国道４３６号,37324,0,0.1,,285,,285,570,1.29,0.09,34.3,30.8,6.6,40
37400270010,土庄神懸線,土庄福田線,土庄町・小豆島町境,37322,0,4.6,,63,,77,140,1.18,0.02,39.5,39.5,8,60
37400270020,土庄神懸線,土庄町・小豆島町境,小豆島町・土庄町境,37324,0,0.8,,63,,77,140,1.18,0.02,38.8,38.8,7.3,60
37400270030,土庄神懸線,小豆島町・土庄町境,土庄町・小豆島町境,37322,0,1.3,,63,,77,140,1.18,0.03,32.7,32.7,7.9,60
37400270040,土庄神懸線,土庄町・小豆島町境,小豆島町・土庄町境,37324,0,0.5,,63,,77,140,1.18,0.03,32.7,32.7,7.5,60
37400270050,土庄神懸線,小豆島町・土庄町境,土庄町・小豆島町境,37322,0,0.2,,63,,77,140,1.18,0.02,11.1,11.1,8.5,60
37400270060,土庄神懸線,土庄町・小豆島町境,小豆島町・土庄町境,37324,0,1.2,,63,,77,140,1.18,0.02,38.2,38.2,7.3,60
37400270070,土庄神懸線,小豆島町・土庄町境,土庄町・小豆島町境,37322,0,0.3,,63,,77,140,1.18,0.02,36.6,36.6,8.2,60
37400270080,土庄神懸線,土庄町・小豆島町境,小豆島町・土庄町境,37324,0,0.3,,63,,77,140,1.18,0.03,34.7,34.7,6.9,60
37400270090,土庄神懸線,小豆島町・土庄町境,土庄町・小豆島町境,37322,0,0.4,,63,,77,140,1.18,0.02,86.1,33.4,7.2,60
37400270100,土庄神懸線,土庄町・小豆島町境,小豆島町・土庄町境,37324,0,0.1,,63,,77,140,1.18,0.02,35,35,7.1,60
37400270110,土庄神懸線,小豆島町・土庄町境,土庄町・小豆島町境,37322,0,0.2,,63,,77,140,1.18,0.03,34.7,34.7,6.8,60
37400270120,土庄神懸線,土庄町・小豆島町境,小豆島町・土庄町境,37324,0,0.1,,63,,77,140,1.18,0.02,20.6,20.6,9.6,60
37400270130,土庄神懸線,小豆島町・土庄町境,土庄町・小豆島町境,37322,0,0.1,,63,,77,140,1.18,0.02,35.1,35.1,7.9,60
37400270140,土庄神懸線,土庄町・小豆島町境,嶮岨山線,37324,0,0.1,,63,,77,140,1.18,0.02,27.6,11.8,7.5,60
37400270150,土庄神懸線,嶮岨山線,寒霞渓（公）線,37324,0,0.5,,63,,77,140,1.18,0.02,16.3,16.3,7.5,60
37400280010,坂手港線,橘大角坂手港線,田浦坂手港線,37324,0,0.9,,3232,,3050,6282,1.23,0.67,18.4,25,8.3,40
37400280020,坂手港線,田浦坂手港線,一般国道４３６号,37324,0,2.4,,3232,,3050,6282,1.23,0.67,29.2,28.2,8.3,40
37400290010,寒霞渓（公）線,土庄神懸線,小豆島町・土庄町境,37324,0,0.1,,60,,53,113,1.16,0.03,39,6.2,7.7,40
37400290020,寒霞渓（公）線,小豆島町・土庄町境,土庄町・小豆島町境,37322,0,1.4,,60,,53,113,1.16,0.03,48.1,36.2,7.6,40
37400290030,寒霞渓（公）線,土庄町・小豆島町境,福田港神懸線,37324,0,2.7,,60,,53,113,1.16,0.03,46,42.9,7.6,40
37400290034,寒霞渓（公）線,福田港神懸線,,37324,0,8.8,,60,,53,113,1.16,0.03,44.5,39.9,7.6,40
37400290050,寒霞渓（公）線,,,37324,0,0.8,,60,,53,113,1.16,0.03,43.7,55.8,13,40
37400290040,寒霞渓（公）線,,一般国道４３６号,37324,0,1.5,,60,,53,113,1.16,0.04,35.7,28.8,8.3,40
37400300010,塩江屋島西線,一般国道１９３号,三木綾川線,37201,0,13,,1108,,1171,2279,1.25,0.41,25.6,25.6,10.2,60
37400300020,塩江屋島西線,三木綾川線,高松長尾大内線,37201,0,2.5,,2598,,2727,5325,1.24,0.45,28.9,40.8,10.2,60
37400300030,塩江屋島西線,高松長尾大内線,三木国分寺線,37201,0,0.7,,2598,,2727,5325,1.24,0.45,24.9,14.6,10.2,60
37400300050,塩江屋島西線,三木国分寺線,太田上町志度線,37201,0,1.5,,1299,,1510,2809,1.27,0.6,25.1,31.5,4.6,50
37400300060,塩江屋島西線,太田上町志度線,太田上町志度線,37201,0,0.7,,1299,,1510,2809,1.27,0.43,22.1,23.5,7,40
37400300070,塩江屋島西線,太田上町志度線,一般国道１１号,37201,0,0.5,,1299,,1510,2809,1.27,0.43,31,25.2,7,40
37400300080,塩江屋島西線,一般国道１１号,小蓑前田東線,37201,0,0.2,高松市新田町甲2094-1地先,5118,高松市新田町甲2094-1地先,5488,10606,1.24,0.87,15.1,21.6,7,40
37400300090,塩江屋島西線,小蓑前田東線,高松志度線,37201,0,3,高松市新田町甲2094-1地先,5118,高松市新田町甲2094-1地先,5488,10606,1.24,0.87,35.5,31.9,7,40
37400300100,塩江屋島西線,高松志度線,牟礼中新線,37201,0,1.4,高松市新田町甲2094-1地先,5118,高松市新田町甲2094-1地先,5488,10606,1.24,0.87,13.7,16.6,7,40
37400300110,塩江屋島西線,牟礼中新線,牟礼中新線,37201,0,0.6,,8307,,7898,16205,1.28,1.2,18.3,23.2,13.8,40
37400300120,塩江屋島西線,牟礼中新線,一般国道１１号,37201,0,0.3,,5710,,5996,11706,1.24,1.08,9.7,10.5,9.7,40
37400310010,嶮岨山線,土庄神懸線,小豆島町・土庄町境,37324,0,0.1,,185,,168,353,1.29,0.04,54.2,54.2,8,60
37400310020,嶮岨山線,小豆島町・土庄町境,土庄福田線,37322,0,8.6,,185,,168,353,1.29,0.04,33.4,36.4,6.9,60
37400330010,高松善通寺線,一般国道１１号,高松（停）栗林（公）線,37201,0,0.3,高松市宮脇町1丁目6-18地先,8831,高松市宮脇町1丁目6-18地先,8813,17644,1.22,0.93,9.4,13.2,22,50
37400330020,高松善通寺線,高松（停）栗林（公）線,川東高松線,37201,0,0.4,高松市宮脇町1丁目6-18地先,8831,高松市宮脇町1丁目6-18地先,8813,17644,1.22,0.93,11.5,18.7,22,50
37400330030,高松善通寺線,川東高松線,五番町西宝線,37201,0,1.6,高松市宮脇町1丁目6-18地先,8831,高松市宮脇町1丁目6-18地先,8813,17644,1.22,0.93,24.7,29.7,22,50
37400330040,高松善通寺線,五番町西宝線,衣掛郷東線,37201,0,0.9,高松市西宝町3丁目12-10地先,15401,高松市西宝町3丁目12-10地先,14400,29801,1.28,1.13,28.8,14.8,18.3,50
37400330050,高松善通寺線,衣掛郷東線,高松王越坂出線,37201,0,0.7,高松市西宝町3丁目12-10地先,15401,高松市西宝町3丁目12-10地先,14400,29801,1.28,1.13,17.1,19.2,18.3,50
37400330060,高松善通寺線,高松王越坂出線,円座香西線,37201,0,1.1,高松市鬼無町藤井53-2地先,8899,高松市鬼無町藤井53-2地先,9096,17995,1.26,1.14,16,21.1,10.4,50
37400330070,高松善通寺線,円座香西線,円座香西線,37201,0,1.4,高松市鬼無町藤井53-2地先,8899,高松市鬼無町藤井53-2地先,9096,17995,1.26,1.14,22.4,19.7,10.4,50
37400330080,高松善通寺線,円座香西線,衣掛郷東線,37201,0,2.1,高松市鬼無町藤井53-2地先,8899,高松市鬼無町藤井53-2地先,9096,17995,1.26,1.14,25.3,33,10.4,50
37400330090,高松善通寺線,衣掛郷東線,国分寺太田上町線,37201,0,0.8,高松市鬼無町藤井53-2地先,8899,高松市鬼無町藤井53-2地先,9096,17995,1.26,1.14,40,34.1,10.4,50
37400330100,高松善通寺線,国分寺太田上町線,端岡（停）線,37201,0,0.7,,4426,,4751,9177,1.23,0.9,24.8,25.2,11,50
37400330110,高松善通寺線,端岡（停）線,端岡（停）線,37201,0,0.7,,4426,,4751,9177,1.23,0.9,24.8,19.8,11,50
37400330120,高松善通寺線,端岡（停）線,綾川国分寺線,37201,0,0.3,,4426,,4751,9177,1.23,0.9,24.4,33.3,11,50
37400330130,高松善通寺線,綾川国分寺線,高松市・坂出市境,37201,0,1.7,,4426,,4751,9177,1.23,0.9,34.1,33.4,11,50
37400330140,高松善通寺線,高松市・坂出市境,一般国道１１号,37203,0,0.4,,4426,,4751,9177,1.23,0.91,32.8,15.1,10.7,50
37400330150,高松善通寺線,一般国道１１号,府中造田線,37203,0,0.6,坂出市府中町697-3地先,9115,坂出市府中町697-3地先,8690,17805,1.26,1.32,25.5,22,12.7,50
37400330160,高松善通寺線,府中造田線,善通寺府中線,37203,0,0.8,坂出市府中町697-3地先,9115,坂出市府中町697-3地先,8690,17805,1.26,1.32,31,17,12.7,50
37400330170,高松善通寺線,善通寺府中線,林田府中線,37203,0,1.8,,6015,,6639,12654,1.24,1.03,34.4,41.4,12.7,50
37400330180,高松善通寺線,林田府中線,鴨川（停）五色台線,37203,0,0.6,,7621,,7885,15506,1.25,1.44,31.1,34.6,12.5,50
37400330190,高松善通寺線,鴨川（停）五色台線,城山鴨川線,37203,0,0.2,,7621,,7885,15506,1.25,1.44,26.3,36.9,12.5,50
37400330200,高松善通寺線,城山鴨川線,一般国道１１号,37203,0,1.4,,7621,,7885,15506,1.25,1.44,43.1,34.1,12.5,50
37400330210,高松善通寺線,一般国道１１号,高松王越坂出線,37203,0,1.5,,7621,,7885,15506,1.25,1.58,25.3,28.3,15,50
37400330220,高松善通寺線,高松王越坂出線,坂出港線,37203,0,1.9,,7621,,7885,15506,1.25,1.58,20.5,21.4,15,50
37400330240,高松善通寺線,坂出港線,市道,37203,0,0.2,,10375,,10259,20634,1.26,1.33,14.4,18.7,11.1,40
37400330250,高松善通寺線,市道,市道,37203,0,0.6,,10375,,10259,20634,1.26,1.33,17.4,24.1,11.1,40
37400330260,高松善通寺線,市道,坂出市・宇多津町境,37203,0,0.4,,10375,,10259,20634,1.26,1.63,23.7,24.9,12.8,50
37400330270,高松善通寺線,坂出市・宇多津町境,大屋富築港宇多津線,37386,0,0.9,,10375,,10259,20634,1.26,1.4,36.3,35.6,16.3,50
37400330280,高松善通寺線,大屋富築港宇多津線,宇多津町・丸亀市境,37386,0,1.5,綾歌郡宇多津町浜六番丁82-3地先,9624,綾歌郡宇多津町浜六番丁82-3地先,9229,18853,1.26,1.42,23.6,25,20,40
37400330290,高松善通寺線,宇多津町・丸亀市境,土器線,37202,0,0.9,綾歌郡宇多津町浜六番丁82-3地先,9624,綾歌郡宇多津町浜六番丁82-3地先,9229,18853,1.26,1.48,27.8,16.3,11.3,40
37400330300,高松善通寺線,土器線,丸亀港線,37202,0,1.5,,10727,,10072,20799,1.26,0.7,16.1,22.5,17,40
37400330310,高松善通寺線,丸亀港線,丸亀詫間豊浜線,37202,0,0.5,,10727,,10072,20799,1.26,0.7,24,14.6,17,40
37400330330,高松善通寺線,丸亀詫間豊浜線,,37202,0,0.5,,7702,,8407,16109,1.26,0.5,23.4,27.6,22.1,40
37400330340,高松善通寺線,,丸亀（停）線,37202,0,0.2,,7702,,8407,16109,1.26,0.5,16.6,18.6,22.1,40
37400330350,高松善通寺線,丸亀（停）線,多度津丸亀線,37202,0,0.3,,7702,,8407,16109,1.26,0.5,29.5,22.5,22.1,40
37400330360,高松善通寺線,多度津丸亀線,昭和町田村線,37202,0,1.3,,7702,,8407,16109,1.26,1.21,26.7,19.3,12.5,40
37400330370,高松善通寺線,昭和町田村線,一般国道１１号,37202,0,0.8,,7702,,8407,16109,1.26,1.21,22.8,22.5,12.5,40
37400330380,高松善通寺線,一般国道１１号,丸亀市・善通寺市境,37202,0,0.7,善通寺市原田町1569-1地先,5249,善通寺市原田町1569-1地先,5971,11220,1.24,0.81,29.6,27.3,12.6,40
37400330390,高松善通寺線,丸亀市・善通寺市境,一般国道３１９号,37204,0,0.1,善通寺市原田町1569-1地先,5249,善通寺市原田町1569-1地先,5971,11220,1.24,0.81,21.3,13.9,11.8,40
37400330400,高松善通寺線,一般国道３１９号,善通寺多度津線,37204,0,0.9,,2613,,2838,5451,1.24,0.38,23.3,25.1,11.8,40
37400330410,高松善通寺線,善通寺多度津線,善通寺市・多度津町境,37204,0,0.1,,5083,,5936,11019,1.24,0.77,20.2,28.7,11.8,40
37400330420,高松善通寺線,善通寺市・多度津町境,多度津町・善通寺市境,37404,0,0.1,,5083,,5936,11019,1.24,0.67,35.7,47.4,11.3,50
37400330430,高松善通寺線,多度津町・善通寺市境,一般国道１１号,37204,0,0.2,,5083,,5936,11019,1.24,0.67,34.8,16.7,11.4,50
37400340010,石井引田線,,引田滝宮線,37207,0,2.1,,278,,283,561,1.29,0.07,30.6,30.6,8.1,60
37400340020,石井引田線,引田滝宮線,川股馬宿線,37207,0,1,,278,,283,561,1.29,0.07,9.9,9.9,8.1,60
37400340030,石井引田線,川股馬宿線,一般国道１１号,37207,0,3,,278,,283,561,1.29,0.07,30.1,35,8.1,60
37400350010,豊中三野線,一般国道１１号,観音寺善通寺線,37208,0,0.5,,2624,,2600,5224,1.24,0.46,16.4,26.8,10.5,50
37400350020,豊中三野線,観音寺善通寺線,岡本高瀬線,37208,0,1.5,,2624,,2600,5224,1.24,0.46,39.3,29.7,10.5,50
37400350030,豊中三野線,岡本高瀬線,岡本高瀬線,37208,0,0.4,,2624,,2600,5224,1.24,0.47,21.8,21.9,15,50
37400350040,豊中三野線,岡本高瀬線,豊中仁尾線,37208,0,0.2,,5125,,5200,10325,1.24,0.91,9.6,29.1,10.2,50
37400350050,豊中三野線,豊中仁尾線,大見吉津仁尾線,37208,0,3.6,,5125,,5200,10325,1.24,0.91,40.9,43.1,10.2,50
37400350060,豊中三野線,大見吉津仁尾線,詫間琴平線,37208,0,1,,5125,,5200,10325,1.24,0.91,35.8,23.4,10.2,50
37400360010,高松牟礼線,一般国道１１号,屋島（停）屋島（公）線,37201,0,0.6,,8307,,7898,16205,1.28,1.18,13.6,22.1,10.6,40
37400360020,高松牟礼線,屋島（停）屋島（公）線,牟礼中新線,37201,0,0.5,,8307,,7898,16205,1.28,1.18,20,16,10.6,40
37400360030,高松牟礼線,牟礼中新線,八栗牟礼線,37201,0,0.3,,2478,,2337,4815,1.24,0.49,11.1,14.3,9.3,40
37400360040,高松牟礼線,八栗牟礼線,一般国道１１号,37201,0,18.4,,2478,,2337,4815,1.24,0.49,37.2,36.4,9.3,40
37400370010,三木津田線,三木牟礼線,三木町・さぬき市境,37341,0,1.9,さぬき市昭和5179地先,2972,さぬき市昭和5179地先,2756,5728,1.24,0.63,37.8,43.6,10.5,60
37400370020,三木津田線,三木町・さぬき市境,志度山川線,37206,0,1.9,さぬき市昭和5179地先,2972,さぬき市昭和5179地先,2756,5728,1.24,0.63,42.6,40.5,10.1,60
37400370040,三木津田線,志度山川線,造田（停）線,37206,0,0.8,,2712,,2498,5210,1.24,0.55,35.3,37.3,8.5,50
37400370050,三木津田線,造田（停）線,石田東志度線,37206,0,1.2,,2712,,2498,5210,1.24,0.55,40.5,38.7,8.5,50
37400370060,三木津田線,石田東志度線,富田西鴨庄線,37206,0,0.9,,2712,,2498,5210,1.24,0.5,45,36.7,9.9,50
37400370070,三木津田線,富田西鴨庄線,富田西鴨庄線,37206,0,0.6,,2712,,2498,5210,1.24,0.6,31.6,36,10.1,50
37400370080,三木津田線,富田西鴨庄線,富田中鴨部線,37206,0,1.2,さぬき市津田町津田1777地先,1760,さぬき市津田町津田1777地先,1628,3388,1.25,0.39,45.9,49.3,9.1,50
37400370090,三木津田線,富田中鴨部線,富田中鴨部線,37206,0,0.2,さぬき市津田町津田1777地先,1760,さぬき市津田町津田1777地先,1628,3388,1.25,0.39,38,33.1,9.1,50
37400370100,三木津田線,富田中鴨部線,高松自動車道,37206,0,0.6,さぬき市津田町津田1777地先,1760,さぬき市津田町津田1777地先,1628,3388,1.25,0.39,38.7,37.7,9.1,50
37400370110,三木津田線,高松自動車道,一般国道１１号,37206,0,1.9,さぬき市津田町津田1777地先,1760,さぬき市津田町津田1777地先,1628,3388,1.25,0.39,39.4,27.6,9.1,50
37400380010,三木牟礼線,高松長尾大内線,三木津田線,37341,0,2.3,,3582,,3407,6989,1.23,0.61,18.7,21.7,9.5,50
37400380020,三木牟礼線,三木津田線,太田上町志度線,37341,0,1.9,,3582,,3407,6989,1.23,0.61,42.6,42.7,9.5,50
37400380030,三木牟礼線,太田上町志度線,太田上町志度線,37341,0,0.2,,3582,,3407,6989,1.23,0.61,47.1,45.1,9.5,50
37400380040,三木牟礼線,太田上町志度線,高松自動車道,37341,0,0.3,高松市牟礼町原2516-9地先,2126,高松市牟礼町原2516-9地先,2468,4594,1.24,0.6,39.7,23.2,8,40
37400380050,三木牟礼線,高松自動車道,三木町・高松市境,37341,0,1.5,高松市牟礼町原2516-9地先,2126,高松市牟礼町原2516-9地先,2468,4594,1.24,0.6,38.8,43.4,8,40
37400380060,三木牟礼線,三木町・高松市境,高松志度線,37201,0,1.8,高松市牟礼町原2516-9地先,2126,高松市牟礼町原2516-9地先,2468,4594,1.24,0.62,48.4,35.5,8,40
37400380070,三木牟礼線,高松志度線,高松志度線,37201,0,0.5,,5123,,4325,9448,1.23,1.07,20,17.6,11,40
37400380080,三木牟礼線,高松志度線,一般国道１１号,37201,0,0.7,,2291,,2784,5075,1.24,0.58,27.3,7.5,10.2,40
37400390010,国分寺中通線,三木国分寺線,一般国道３２号,37201,0,3.7,,5442,,5580,11022,1.24,1.03,29.6,27.4,10,50
37400390020,国分寺中通線,一般国道３２号,高松琴平線,37201,0,0.3,高松市国分寺町福家甲20-1,2855,高松市国分寺町福家甲20-1,2992,5847,1.23,0.61,20,17.6,7.2,60
37400390030,国分寺中通線,高松琴平線,高松市・綾川町境,37201,0,0.7,高松市国分寺町福家甲20-1,2855,高松市国分寺町福家甲20-1,2992,5847,1.23,0.61,14.5,28.2,7.2,60
37400390040,国分寺中通線,高松市・綾川町境,三木綾川線,37387,0,2.3,高松市国分寺町福家甲20-1,2855,高松市国分寺町福家甲20-1,2992,5847,1.23,0.56,47.7,43.7,8.5,60
37400390050,国分寺中通線,三木綾川線,千疋西分線,37387,0,0.4,高松市国分寺町福家甲20-1,2855,高松市国分寺町福家甲20-1,2992,5847,1.23,0.56,20.4,33.6,8.5,60
37400390060,国分寺中通線,千疋西分線,千疋高松線,37387,0,3.2,高松市国分寺町福家甲20-1,2855,高松市国分寺町福家甲20-1,2992,5847,1.23,0.56,45.1,36.3,8.5,60
37400390070,国分寺中通線,千疋高松線,国分寺中通線,37387,0,0.1,高松市国分寺町福家甲20-1,2855,高松市国分寺町福家甲20-1,2992,5847,1.23,0.56,17.5,20.7,8.5,60
37400390080,国分寺中通線,国分寺中通線,一般国道３７７号,37387,0,0.9,高松市国分寺町福家甲20-1,2855,高松市国分寺町福家甲20-1,2992,5847,1.23,0.56,42.3,40.5,8.5,60
37400390090,国分寺中通線,一般国道３７７号,枌所西造田線,37387,0,5.4,,169,,145,314,1.31,0.05,46.9,49.4,11.6,60
37400390100,国分寺中通線,枌所西造田線,枌所西中徳線,37387,0,0.6,,169,,145,314,1.31,0.05,52.5,56.2,11.6,60
37400390110,国分寺中通線,枌所西中徳線,綾川町・まんのう町境,37387,0,1.1,,169,,145,314,1.31,0.05,40.3,40.3,11.6,60
37400390120,国分寺中通線,綾川町・まんのう町境,一般国道４３８号,37406,0,3.9,,169,,145,314,1.31,0.13,37.5,38.1,7,60
37400390140,国分寺中通線,国分寺中通線,一般国道３７７号,37387,0,1,,286,,267,553,1.3,0.1,42.3,42.3,6.8,60
37400400010,白鳥引田線,一般国道３１８号,高松自動車道,37207,0,5.8,東かがわ市小海1372-1地先,860,東かがわ市小海1372-1地先,866,1726,1.25,0.23,41.4,44.9,15.3,40
37400400020,白鳥引田線,高松自動車道,一般国道１１号,37207,0,0.6,東かがわ市小海1372-1地先,860,東かがわ市小海1372-1地先,866,1726,1.25,0.23,29.6,28.1,15.3,40
37400410005,大内白鳥インター線,一般国道１１号,一般国道１１号,37207,0,0.8,,2240,,2086,4326,1.25,0.44,24.3,34.1,20.3,50
37400410010,大内白鳥インター線,一般国道１１号,大内白鳥インター線,37207,0,0.6,,2240,,2086,4326,1.25,0.44,31,36.6,20.3,50
37400410020,大内白鳥インター線,大内白鳥インター線,高松自動車道,37207,0,0.3,,2240,,2086,4326,1.25,0.44,19.9,43.3,20.3,50
37400410040,大内白鳥インター線,大内白鳥インター線,,37207,0,0.8,,2231,,2079,4310,1.25,0.44,24.7,23.9,20.3,50
37400420010,小蓑前田東線,一般国道１９３号,三木綾川線,37341,0,12.4,,281,,281,562,1.3,0.14,31.1,31.5,10.1,60
37400420020,小蓑前田東線,三木綾川線,高松長尾大内線,37341,0,1.1,,2644,,3168,5812,1.23,0.67,32,31.9,10.1,60
37400420030,小蓑前田東線,高松長尾大内線,三木国分寺線,37341,0,1.3,,2644,,3168,5812,1.23,0.67,16,19.1,10.1,60
37400420040,小蓑前田東線,三木国分寺線,太田上町志度線,37341,0,2.3,高松市前田東町369-1地先,1031,高松市前田東町369-1地先,1156,2187,1.26,0.25,27.7,28.6,13.1,40
37400420050,小蓑前田東線,太田上町志度線,一般国道１１号,37341,0,0.5,高松市前田東町369-1地先,1031,高松市前田東町369-1地先,1156,2187,1.26,0.25,33.6,21.3,13.1,40
37400420060,小蓑前田東線,一般国道１１号,三木町・高松市境,37341,0,0,高松市前田東町369-1地先,1031,高松市前田東町369-1地先,1156,2187,1.26,0.25,14.4,22.8,13.1,40
37400420070,小蓑前田東線,三木町・高松市境,太田上町志度線,37201,0,0.2,高松市前田東町369-1地先,1031,高松市前田東町369-1地先,1156,2187,1.26,0.25,14.9,28.1,6.7,40
37400420080,小蓑前田東線,太田上町志度線,塩江屋島西線,37201,0,1.1,高松市前田東町369-1地先,1031,高松市前田東町369-1地先,1156,2187,1.26,0.25,38.2,23.4,6.7,40
37400430010,中徳三谷高松線,一般国道１９３号,東谷岩崎線,37201,0,3.2,,520,,618,1138,1.24,4.81,28.9,26.6,3.1,60
37400430020,中徳三谷高松線,東谷岩崎線,三木綾川線,37201,0,5.3,,520,,618,1138,1.24,0.03,29.6,31.6,4.5,60
37400430030,中徳三谷高松線,三木綾川線,三木国分寺線,37201,0,4.7,高松市三谷町2650-2地先,5357,高松市三谷町2650-2地先,5328,10685,1.24,0.85,43.3,38.2,10.8,50
37400430040,中徳三谷高松線,三木国分寺線,太田上町志度線,37201,0,1.9,高松市由良町891-4地先,9140,高松市由良町891-4地先,8942,18082,1.26,0.71,28.9,32.9,25,50
37400430050,中徳三谷高松線,太田上町志度線,市道,37201,0,0.7,高松市由良町891-4地先,9140,高松市由良町891-4地先,8942,18082,1.26,0.71,19.9,16.6,25,50
37400430060,中徳三谷高松線,市道,一般国道１１号,37201,0,0.3,高松市由良町891-4地先,9140,高松市由良町891-4地先,8942,18082,1.26,0.58,19.6,11.5,22,50
37400430070,中徳三谷高松線,一般国道１１号,高松自動車道,37201,0,0.2,高松市木太町9区597地先,14391,高松市木太町9区597地先,15189,29580,1.28,0.84,9.1,23.8,22,50
37400430080,中徳三谷高松線,高松自動車道,高松志度線,37201,0,2,高松市木太町9区597地先,14391,高松市木太町9区597地先,15189,29580,1.28,0.84,28,17.3,22,50
37400430090,中徳三谷高松線,高松志度線,高松長尾大内線,37201,0,0.3,高松市木太町9区597地先,14391,高松市木太町9区597地先,15189,29580,1.28,1.48,8.2,9.1,22,50
37400100040,中徳三谷高松線,高松長尾大内線,市道,37201,0,0.2,,5049,,7463,12512,1.24,1.3,7.4,9.4,8.6,40
37400430110,中徳三谷高松線,市道,上福岡多肥下町線,37201,0,0.7,,5049,,7463,12512,1.24,1.3,17.2,13.8,8.6,40
37400430120,中徳三谷高松線,上福岡多肥下町線,中徳三谷高松線,37201,0,0.5,,5049,,7463,12512,1.24,1.35,18.2,26.6,8.6,40
37400430130,中徳三谷高松線,中徳三谷高松線,朝日町仏生山線,37201,0,0.1,,5049,,7463,12512,1.24,1.35,17,12.6,8.6,40
37400430140,中徳三谷高松線,朝日町仏生山線,牟礼中新線,37201,0,0.2,,,,,,,,,10.8,6.1,40
37400430150,中徳三谷高松線,牟礼中新線,高松港栗林（公）線,37201,0,0.6,,12476,,13659,26135,1.27,1.31,13.8,11.5,30,50
37400430160,中徳三谷高松線,高松港栗林（公）線,一般国道１１号,37201,0,0.6,,12476,,13659,26135,1.27,1.31,11.3,10.5,30,50
37400430260,中徳三谷高松線,栗林（停）今里線,中徳三谷高松線,37201,0,0.7,,290,,270,560,1.3,0.1,10.6,10.1,6.5,30
37400430250,中徳三谷高松線,朝日町仏生山線,栗林（停）今里線,37201,0,0.1,,290,,270,560,1.3,0.32,19.6,20.7,4.2,30
37400430240,中徳三谷高松線,花ノ宮木太線,朝日町仏生山線,37201,0,0.3,,290,,270,560,1.3,0.32,10.2,13.9,4.2,30
37400430230,中徳三谷高松線,,花ノ宮木太線,37201,0,1.5,,290,,270,560,1.3,0.32,20.6,19.8,4.2,30
37400430280,中徳三谷高松線,中徳三谷高松線,牟礼中新線,37201,0,1,高松市木太町3区1914-3地先,10892,高松市木太町3区1914-3地先,11240,22132,1.27,1.16,17.3,19.8,14.5,50
37837200010,中徳三谷高松線,牟礼中新線,一般国道１１号,37201,0,0.5,高松市木太町3区1914-3地先,10892,高松市木太町3区1914-3地先,11240,22132,1.27,1.16,14.6,8,14.5,50
37400440010,円座香南線,一般国道３２号,三木国分寺線,37201,0,0.3,高松市円座町１０３２－１地先,4657,高松市円座町１０３２－１地先,4435,9092,1.23,0.71,10.2,7.7,8,40
37400440020,円座香南線,三木国分寺線,岡本香川線,37201,0,2.6,高松市円座町１０３２－１地先,4657,高松市円座町１０３２－１地先,4435,9092,1.23,0.71,23.9,30.9,8,40
37400440030,円座香南線,岡本香川線,千疋高松線,37201,0,0.7,高松市香南町430-1地先,1582,高松市香南町430-1地先,1592,3174,1.24,0.35,28.7,37.2,8,40
37400440040,円座香南線,千疋高松線,三木綾川線,37201,0,3,高松市香南町430-1地先,1582,高松市香南町430-1地先,1592,3174,1.24,0.35,42.3,40.4,8,40
37400440050,円座香南線,三木綾川線,高松空港線,37201,0,1.3,高松市香南町430-1地先,1582,高松市香南町430-1地先,1592,3174,1.24,0.35,31.6,33.1,8,40
37400440060,円座香南線,高松空港線,円座香南線,37201,0,0.3,,1536,,1532,3068,1.24,0.39,15.4,20.1,8,40
37400440070,円座香南線,円座香南線,一般国道１９３号,37201,0,0,,1536,,1532,3068,1.24,0.39,36.8,11.2,8,40
37400440170,円座香南線,円座香南線,一般国道１９３号,37201,0,0.2,,1534,,1528,3062,1.24,0.39,26.5,37.7,9.6,40
37400440090,円座香南線,一般国道１９３号,一般国道１９３号,37201,0,0.2,,,,,,,,21,15.6,9.1,40
37400440110,円座香南線,三木国分寺線,山崎御厩線,37201,0,0.9,高松市西山崎町1106地先,6704,高松市西山崎町1106地先,6686,13390,1.24,1.36,34.7,39.3,7.3,50
37400440120,円座香南線,山崎御厩線,一般国道３２号,37201,0,0.7,高松市西山崎町1106地先,6704,高松市西山崎町1106地先,6686,13390,1.24,1.36,43.3,21.5,7.3,50
37400440130,円座香南線,一般国道３２号,高松琴平線,37201,0,0.2,高松市西山崎町1106地先,6704,高松市西山崎町1106地先,6686,13390,1.24,1.36,14.2,19.6,7.3,50
37400440150,円座香南線,高松琴平線,岡本香川線,37201,0,0.5,高松市西山崎町1106地先,6704,高松市西山崎町1106地先,6686,13390,1.24,1.34,30.9,25.1,53.4,50
37400440190,円座香南線,,,37201,0,0.1,,,,,,,,10.3,4.1,14,40
37400440200,円座香南線,,三木綾川線,37201,0,0.2,,,,,,,,24.1,18.1,14,40
37400450010,高松空港線,,円座香南線,37201,0,1.9,高松市香南町岡1225-1地先,2195,高松市香南町岡1225-1地先,2084,4279,1.24,0.68,30.5,42,17.4,50
37400450020,高松空港線,円座香南線,一般国道１９３号,37201,0,0.1,高松市香南町岡1225-1地先,2195,高松市香南町岡1225-1地先,2084,4279,1.24,0.68,17.8,10.9,17.4,50
37400460010,長尾丸亀線,一般国道４３８号,一般国道３２号,37406,0,1.4,,2331,,2082,4413,1.25,0.48,41.3,43.7,7.1,40
37400460020,長尾丸亀線,一般国道３２号,炭所西善通寺線,37406,0,0.3,,2331,,2082,4413,1.25,0.48,38.6,14.3,7.1,40
37400460030,長尾丸亀線,炭所西善通寺線,高松琴平線,37406,0,0.2,,2188,,2227,4415,1.25,0.41,27.2,33.2,10.8,40
37400460040,長尾丸亀線,高松琴平線,炭所西善通寺線,37406,0,1.3,丸亀市垂水町26-1地先,2650,丸亀市垂水町26-1地先,2714,5364,1.23,0.51,31.8,39.2,11.6,60
37400460050,長尾丸亀線,炭所西善通寺線,まんのう町・丸亀市境,37406,0,1.3,丸亀市垂水町26-1地先,2650,丸亀市垂水町26-1地先,2714,5364,1.23,0.51,50.3,54.1,11.6,60
37400460060,長尾丸亀線,まんのう町・丸亀市境,岡田善通寺線,37202,0,0.4,丸亀市垂水町26-1地先,2650,丸亀市垂水町26-1地先,2714,5364,1.23,0.48,42.3,41.2,9.3,50
37400460070,長尾丸亀線,岡田善通寺線,善通寺綾歌線,37202,0,2.4,丸亀市垂水町26-1地先,2650,丸亀市垂水町26-1地先,2714,5364,1.23,0.48,38.9,40.1,9.3,50
37400460080,長尾丸亀線,善通寺綾歌線,善通寺府中線,37202,0,2.1,丸亀市垂水町26-1地先,2650,丸亀市垂水町26-1地先,2714,5364,1.23,0.48,22,30.1,9.3,50
37400460090,長尾丸亀線,善通寺府中線,一般国道１１号,37202,0,2.1,丸亀市垂水町26-1地先,2650,丸亀市垂水町26-1地先,2714,5364,1.23,0.48,21.8,24.8,9.3,50
37400470010,岡田善通寺線,高松琴平線,一般国道４３８号,37202,0,0.1,仲多度郡まんのう町東高篠232地先,4546,仲多度郡まんのう町東高篠232地先,4369,8915,1.23,0.51,15.9,,3.9,30
37400470020,岡田善通寺線,一般国道４３８号,岡田丸亀線,37202,0,1,仲多度郡まんのう町東高篠232地先,4546,仲多度郡まんのう町東高篠232地先,4369,8915,1.23,0.76,35.2,37.5,6,50
37400470030,岡田善通寺線,岡田丸亀線,長尾丸亀線,37202,0,1.4,仲多度郡まんのう町東高篠232地先,4546,仲多度郡まんのう町東高篠232地先,4369,8915,1.23,0.76,33.4,16.5,6,50
37400470040,岡田善通寺線,長尾丸亀線,丸亀市・まんのう町境,37202,0,0.6,仲多度郡まんのう町東高篠232地先,4546,仲多度郡まんのう町東高篠232地先,4369,8915,1.23,0.76,33.8,36.3,6,50
37400470050,岡田善通寺線,丸亀市・まんのう町境,炭所西善通寺線,37406,0,0.3,仲多度郡まんのう町東高篠232地先,4546,仲多度郡まんのう町東高篠232地先,4369,8915,1.23,0.49,42.2,33.9,7.5,50
37400470060,岡田善通寺線,炭所西善通寺線,まんのう善通寺線,37406,0,0.3,仲多度郡まんのう町東高篠232地先,4546,仲多度郡まんのう町東高篠232地先,4369,8915,1.23,0.49,30.2,14.2,7.5,50
37400470070,岡田善通寺線,まんのう善通寺線,丸亀三好線,37406,0,0.5,仲多度郡まんのう町東高篠232地先,4546,仲多度郡まんのう町東高篠232地先,4369,8915,1.23,0.49,23.8,29.1,7.5,50
37400470080,岡田善通寺線,丸亀三好線,まんのう町・琴平町境,37406,0,0,仲多度郡まんのう町東高篠232地先,4546,仲多度郡まんのう町東高篠232地先,4369,8915,1.23,0.49,48.4,46.6,7.5,50
37400470090,岡田善通寺線,まんのう町・琴平町境,原田琴平線,37403,0,0.7,仲多度郡まんのう町東高篠232地先,4546,仲多度郡まんのう町東高篠232地先,4369,8915,1.23,0.44,44.1,34,8,50
37400470100,岡田善通寺線,原田琴平線,琴平町・善通寺市境,37403,0,0.4,仲多度郡まんのう町東高篠232地先,4546,仲多度郡まんのう町東高篠232地先,4369,8915,1.23,0.44,37.6,32.6,8,50
37400470110,岡田善通寺線,琴平町・善通寺市境,一般国道３１９号,37204,0,0.3,仲多度郡まんのう町東高篠232地先,4546,仲多度郡まんのう町東高篠232地先,4369,8915,1.23,0.66,26.8,9.8,7.7,50
37400470120,岡田善通寺線,一般国道３１９号,善通寺大野原線,37204,0,2.7,,3153,,2462,5615,1.23,0.58,26.1,31.8,7.7,50
37400480010,善通寺詫間線,善通寺大野原線,多度津善通寺線,37204,0,0.3,,4918,,4503,9421,1.23,0.67,21.2,15.5,14,40
37400480020,善通寺詫間線,多度津善通寺線,一般国道１１号,37204,0,3.5,,4918,,4503,9421,1.23,0.67,30.1,28.3,14,40
37400480040,善通寺詫間線,一般国道１１号,宮尾高瀬線,37208,0,1.9,三豊市三野町大見甲5001地先,2669,三豊市三野町大見甲5001地先,2513,5182,1.24,0.5,25.8,42.5,12,50
37400480044,善通寺詫間線,宮尾高瀬線,市道,37208,0,0.2,三豊市三野町大見甲5001地先,2669,三豊市三野町大見甲5001地先,2513,5182,1.24,0.5,44.3,43.2,12,50
37400480047,善通寺詫間線,市道,市道,37208,0,0.3,三豊市三野町大見甲5001地先,2669,三豊市三野町大見甲5001地先,2513,5182,1.24,0.5,43.3,45.9,12,50
37400480050,善通寺詫間線,市道,市道,37208,0,1.4,三豊市三野町大見甲5001地先,2669,三豊市三野町大見甲5001地先,2513,5182,1.24,0.5,40.6,29.4,12,50
37400480070,善通寺詫間線,,,37208,0,0.2,,,,,,,,57.9,57.9,6.8,60
37400490010,観音寺善通寺線,観音寺佐野線,観音寺港観音寺（停）線,37205,0,0.6,観音寺市観音寺町甲2984地先,3302,観音寺市観音寺町甲2984地先,3219,6521,1.24,0.67,17.2,20.6,16.2,40
37400490020,観音寺善通寺線,観音寺港観音寺（停）線,込野観音寺線,37205,0,0.5,観音寺市観音寺町甲2984地先,3302,観音寺市観音寺町甲2984地先,3219,6521,1.24,0.67,22.3,19.9,16.2,40
37400490030,観音寺善通寺線,込野観音寺線,観音寺池田線,37205,0,0.9,観音寺市観音寺町甲2984地先,3302,観音寺市観音寺町甲2984地先,3219,6521,1.24,0.67,16.5,19.5,16.2,40
37400490040,観音寺善通寺線,観音寺池田線,室本流岡線,37205,0,0.5,観音寺市流岡町1269-1地先,6939,観音寺市流岡町1269-1地先,6819,13758,1.25,1.23,20.7,16.1,10,40
37400490050,観音寺善通寺線,室本流岡線,観音寺市・三豊市境,37205,0,1.2,観音寺市流岡町1269-1地先,6939,観音寺市流岡町1269-1地先,6819,13758,1.25,1.23,27.4,37.4,10,40
37400490060,観音寺善通寺線,観音寺市・三豊市境,岡本高瀬線,37208,0,0.9,観音寺市流岡町1269-1地先,6939,観音寺市流岡町1269-1地先,6819,13758,1.25,1.24,44.7,45.2,9.7,40
37400490070,観音寺善通寺線,岡本高瀬線,本山（停）線,37208,0,0.6,,1599,,1715,3314,1.25,0.56,16.8,18.9,7,40
37400490080,観音寺善通寺線,本山（停）線,本山（停）線,37208,0,0.4,,1599,,1715,3314,1.25,0.56,29.7,24.7,7,40
37400490090,観音寺善通寺線,本山（停）線,豊中三野線,37208,0,1.5,,1599,,1715,3314,1.25,0.56,26.8,29.5,7,40
37400490110,観音寺善通寺線,一般国道１１号,財田上高瀬線,37208,0,1.1,善通寺市善通寺町3676-1地先,1874,善通寺市善通寺町3676-1地先,1962,3836,1.25,0.52,25.3,30.5,5.8,50
37400490120,観音寺善通寺線,財田上高瀬線,詫間琴平線,37208,0,0.2,善通寺市善通寺町3676-1地先,1874,善通寺市善通寺町3676-1地先,1962,3836,1.25,0.52,21.2,20.4,5.8,50
37400490130,観音寺善通寺線,詫間琴平線,神田高瀬線,37208,0,1.9,善通寺市善通寺町3676-1地先,1874,善通寺市善通寺町3676-1地先,1962,3836,1.25,0.52,41.4,41.4,5.8,50
37400490140,観音寺善通寺線,神田高瀬線,三豊市・善通寺市境,37208,0,2.2,善通寺市善通寺町3676-1地先,1874,善通寺市善通寺町3676-1地先,1962,3836,1.25,0.42,48.6,47.6,8,40
37400490150,観音寺善通寺線,三豊市・善通寺市境,善通寺大野原線,37204,0,2.7,善通寺市善通寺町3676-1地先,1874,善通寺市善通寺町3676-1地先,1962,3836,1.25,0.37,45.8,46.3,8.2,40
37601020010,引田滝宮線,石井引田線,,37207,0,3.3,,77,,65,142,1.18,0.46,65.3,43.8,3.5,60
37601050010,多和脇線,志度山川線,多和脇線,37206,0,0.1,,18,,20,38,1.11,0.18,23.5,29.3,3.1,60
37601060010,穴吹塩江線,穴吹塩江線,大滝上西線,37201,0,0.7,,304,,286,590,1.29,0.24,20,19.7,5,60
37601060020,穴吹塩江線,大滝上西線,一般国道１９３号,37201,0,15.8,,304,,286,590,1.29,0.24,36.2,37.2,5,60
37601080010,勝浦三野線,一般国道４３８号,,37406,0,8.1,,260,,257,517,1.3,0.2,34.4,34.8,5.2,60
37601210010,川股馬宿線,石井引田線,一般国道１１号,37207,0,2.8,,516,,595,1111,1.23,0.19,54,26.5,7.1,60
37601220010,津田引田線,一般国道１１号,さぬき市・東かがわ市境,37206,0,4.4,さぬき市津田町鶴羽2796-1地先,237,さぬき市津田町鶴羽2796-1地先,234,471,1.29,0.74,29.4,27,4.7,60
37601220020,津田引田線,さぬき市・東かがわ市境,津田引田線,37207,0,0.3,さぬき市津田町鶴羽2796-1地先,237,さぬき市津田町鶴羽2796-1地先,234,471,1.29,0.05,24.4,30.6,10.5,60
37601220030,津田引田線,津田引田線,三本松港線,37207,0,6.8,,968,,911,1879,1.26,0.2,38.4,38.6,10.5,60
37601220040,津田引田線,三本松港線,讃岐白鳥（停）湊線,37207,0,1.1,,968,,911,1879,1.26,0.22,35.5,37.2,9.5,60
37601220050,津田引田線,讃岐白鳥（停）湊線,引田港線,37207,0,9.8,,557,,555,1112,1.23,0.12,29.8,29.8,9.5,60
37601220060,津田引田線,引田港線,一般国道１１号,37207,0,0.4,,557,,555,1112,1.23,0.12,23.8,17.8,10.5,40
37601220090,津田引田線,さぬき市・東かがわ市境,津田引田線,37207,0,0.2,,968,,911,1879,1.26,0.25,23.7,43,8.2,60
37601220080,津田引田線,一般国道１１号,さぬき市・東かがわ市境,37206,0,0.1,,968,,911,1879,1.26,0.19,8.2,38.7,11,60
37601230010,引田港線,,津田引田線,37207,0,0.4,,323,,350,673,1.29,0.1,13.9,11,7.4,60
37601250010,讃岐白鳥（停）線,,讃岐白鳥（停）湊線,37207,0,0.1,,323,,350,673,1.29,0.16,8.7,8.9,5.7,30
37601250020,讃岐白鳥（停）線,讃岐白鳥（停）湊線,一般国道１１号,37207,0,0.4,,323,,350,673,1.29,0.16,17.4,13.4,5.7,30
37601260010,讃岐白鳥（停）湊線,讃岐白鳥（停）線,津田引田線,37207,0,1.1,,323,,350,673,1.29,0.1,18.8,20.1,10.5,30
37601260020,讃岐白鳥（停）湊線,津田引田線,一般国道１１号,37207,0,0.5,,323,,350,673,1.29,0.1,19.5,17.9,10.5,30
37601270010,三本松港線,津田引田線,一般国道１１号,37207,0,0.5,,323,,350,673,1.29,0.11,18.9,15.1,7.9,30
37601280010,三本松（停）線,,一般国道１１号,37207,0,0.2,,323,,350,673,1.29,0.08,10.3,8.7,22.9,60
37601290010,水主三本松線,田面入野山線,中村落合線,37207,0,2.1,,362,,364,726,1.15,0.09,52.8,51.4,8.5,60
37601290015,水主三本松線,中村落合線,一般国道１１号,37207,0,2,,362,,364,726,1.15,0.09,37.6,33.7,8.5,60
37601290020,水主三本松線,一般国道１１号,一般国道１１号,37207,0,0.4,,362,,364,726,1.15,0.09,13.2,13.5,8.5,60
37601300010,中村落合線,一般国道１１号,一般国道１１号,37207,0,2,,1902,,1964,3866,1.25,0.4,30.5,8.6,12.2,60
37601300005,中村落合線,水主三本松線,一般国道１１号,37207,0,0.2,,1902,,1964,3866,1.25,0.4,29.6,34.7,12.2,60
37601310010,丹生（停）線,,一般国道１１号,37207,0,0.1,,323,,350,673,1.29,0.1,2.6,2.6,9.3,60
37601320010,田面入野山線,高松長尾大内線,さぬき市・東かがわ市境,37206,0,1,さぬき市大川町田面2393-4地先,1193,さぬき市大川町田面2393-4地先,1294,2487,1.24,0.26,53.1,53.3,10.3,50
37601320020,田面入野山線,さぬき市・東かがわ市境,水主三本松線,37207,0,2.5,さぬき市大川町田面2393-4地先,1193,さぬき市大川町田面2393-4地先,1294,2487,1.24,0.26,53.3,53.9,8.4,50
37601320030,田面入野山線,水主三本松線,一般国道３７７号,37207,0,2.8,さぬき市大川町田面2393-4地先,1193,さぬき市大川町田面2393-4地先,1294,2487,1.24,0.26,46.5,46.5,10.2,60
37601330010,富田中津田線,高松長尾大内線,富田中鴨部線,37206,0,2.2,,1093,,1242,2335,1.25,0.34,31.9,31.1,6.1,40
37601330020,富田中津田線,富田中鴨部線,一般国道１１号,37206,0,2.4,,1093,,1242,2335,1.25,0.34,23.2,36.3,6.1,40
37601340010,讃岐津田（停）線,,一般国道１１号,37206,0,0.1,,323,,350,673,1.29,0.08,7.1,2.3,8.7,60
37601350010,大串志度線,,大串鴨部線,37206,0,1.7,,579,,568,1147,1.24,0.09,35.4,39.4,7.1,40
37601350020,大串志度線,大串鴨部線,大串志度線,37206,0,1.4,,579,,568,1147,1.24,0.09,40.4,30.4,7.1,40
37601350030,大串志度線,大串志度線,志度小田津田線,37206,0,1.9,,579,,568,1147,1.24,0.09,27.4,29.2,7.1,40
37601350040,大串志度線,志度小田津田線,志度小田津田線,37206,0,0.8,,579,,568,1147,1.24,0.09,30.4,31,7.1,40
37601350050,大串志度線,志度小田津田線,大串志度線,37206,0,0.6,,579,,568,1147,1.24,0.09,27.5,28.9,7.1,40
37601350060,大串志度線,大串志度線,一般国道１１号,37206,0,0.8,,579,,568,1147,1.24,0.09,23.7,13,7.1,40
37601350080,大串志度線,大串志度線,,37206,0,0.3,,3495,,3284,6779,1.23,0.66,27.2,30.5,10.1,60
37601350100,大串志度線,,大串志度線,37206,0,1.5,,3495,,3284,6779,1.23,0.81,30.4,31.9,7.1,60
37601360010,志度小田津田線,一般国道１１号,大串志度線,37206,0,0.7,,3495,,3284,6779,1.23,0.7,14.1,17.6,12,50
37601360030,志度小田津田線,大串志度線,大串鴨部線,37206,0,4.4,,1493,,1303,2796,1.24,0.34,43.7,42.6,11.7,40
37601360040,志度小田津田線,大串鴨部線,大串鴨部線,37206,0,0.4,,1493,,1303,2796,1.24,0.34,34.7,42.4,11.7,40
37601360050,志度小田津田線,大串鴨部線,一般国道１１号,37206,0,8.9,,457,,520,977,1.28,0.24,33,31.8,7,40
37601370010,大串鴨部線,大串志度線,志度小田津田線,37206,0,3.3,,123,,132,255,1.31,0.14,21,21,5.1,60
37601370030,大串鴨部線,志度小田津田線,一般国道１１号,37206,0,3.5,,746,,803,1549,1.22,0.25,42,32.1,8.5,40
37601390010,富田中鴨部線,富田中津田線,三木津田線,37206,0,3,,898,,819,1717,1.22,0.18,40.9,46.6,8,50
37601390030,富田中鴨部線,三木津田線,一般国道１１号,37206,0,2.3,,898,,819,1717,1.22,0.19,35.5,39.7,9.5,50
37601400010,富田西鴨庄線,高松長尾大内線,田面富田西線,37206,0,1.2,,1710,,1520,3230,1.25,0.41,31.8,33.1,12,50
37601400020,富田西鴨庄線,田面富田西線,石田東志度線,37206,0,2.5,,1710,,1520,3230,1.25,0.41,40.1,37.4,12,50
37601400030,富田西鴨庄線,石田東志度線,三木津田線,37206,0,0.2,,1710,,1520,3230,1.25,0.49,22.4,19.9,11.6,50
37601400050,富田西鴨庄線,三木津田線,一般国道１１号,37206,0,4.4,,1778,,1583,3361,1.25,0.4,39,36.5,10.2,50
37601410010,石田東志度線,高松長尾大内線,富田西鴨庄線,37206,0,2,,2577,,2393,4970,1.24,0.49,28.8,34.2,10.3,50
37601410030,石田東志度線,三木津田線,高松自動車道,37206,0,3,,2770,,2531,5301,1.24,0.82,43.2,44,9.3,50
37601410040,石田東志度線,高松自動車道,高松志度線,37206,0,1.4,,2770,,2531,5301,1.24,0.82,36,29.5,9.3,50
37601410050,石田東志度線,高松志度線,一般国道１１号,37206,0,0.3,,2770,,2531,5301,1.24,0.82,15.5,5.9,9.3,50
37601420010,造田（停）線,,三木津田線,37206,0,0.4,,323,,347,670,1.29,0.09,24.2,19.3,7.7,40
37601450010,八栗原線,八栗牟礼線,一般国道１１号,37201,0,3.1,,437,,538,975,1.28,0.12,24.6,25,8.1,40
37601460010,八栗牟礼線,八栗原線,高松牟礼線,37201,0,2.3,,989,,984,1973,1.26,0.38,26.3,26.3,6.3,30
37601470010,太田上町志度線,国分寺太田上町線,岩崎高松線,37201,0,0.1,高松市太田下町１３８６－１地先,5234,高松市太田下町１３８６－１地先,5616,10850,1.25,1.06,10.6,10.5,8.3,30
37601470020,太田上町志度線,岩崎高松線,朝日町仏生山線,37201,0,0.9,高松市太田下町１３８６－１地先,5234,高松市太田下町１３８６－１地先,5616,10850,1.25,1.06,14.5,15.3,8.3,30
37601470030,太田上町志度線,朝日町仏生山線,市道,37201,0,0.2,高松市太田下町１３８６－１地先,5234,高松市太田下町１３８６－１地先,5616,10850,1.25,1.06,12,13.3,8.3,30
37601470045,太田上町志度線,中徳三谷高松線,太田上町志度線,37201,0,1,,2383,,2634,5017,1.24,0.62,21,26.1,5.6,40
37601470050,太田上町志度線,太田上町志度線,西植田高松線,37201,0,0.5,,2383,,2634,5017,1.24,0.62,20.6,10.9,5.6,40
37601470060,太田上町志度線,西植田高松線,西植田高松線,37201,0,0.2,,2383,,2634,5017,1.24,0.62,19.7,11.9,5.6,40
37601470070,太田上町志度線,西植田高松線,高松長尾大内線,37201,0,0.4,,2383,,2634,5017,1.24,0.62,12.9,7.7,5.6,40
37601470080,太田上町志度線,高松長尾大内線,塩江屋島西線,37201,0,2.2,,2383,,2634,5017,1.24,0.62,28.3,23,5.6,40
37601470100,太田上町志度線,塩江屋島西線,小蓑前田東線,37201,0,0.9,,2039,,1667,3706,1.25,0.46,30.5,27,12.3,50
37601470120,太田上町志度線,小蓑前田東線,高松市・三木町境,37201,0,0.3,,1426,,2068,3494,1.25,0.48,43,44,8.7,40
37601470130,太田上町志度線,高松市・三木町境,一般国道１１号,37341,0,1.4,,1426,,2068,3494,1.25,0.38,39,29.8,7.9,40
37601470140,太田上町志度線,一般国道１１号,三木牟礼線,37341,0,0.3,,1426,,2068,3494,1.25,0.38,15,27.9,7.9,40
37601470160,太田上町志度線,三木牟礼線,三木町・さぬき市境,37341,0,3.2,,176,,190,366,1.29,0.7,17.5,17.5,3.8,60
37601470170,太田上町志度線,三木町・さぬき市境,高松志度線,37206,0,2.6,,176,,190,366,1.29,0.02,16.6,18.9,6.3,60
37601470180,太田上町志度線,高松志度線,一般国道１１号,37206,0,0.7,,176,,190,366,1.29,0.02,26.5,14.4,6.3,60
37601470270,太田上町志度線,一般国道１９３号,高松香川線,37201,0,0.6,高松市多肥上町191地先,10525,高松市多肥上町191地先,11459,21984,1.27,0.76,10.3,27.6,25,50
37601470240,太田上町志度線,高松香川線,岩崎高松線,37201,0,0.5,高松市多肥上町191地先,10525,高松市多肥上町191地先,11459,21984,1.27,0.76,17,16.2,25,50
37601470250,太田上町志度線,岩崎高松線,市道,37201,0,1.2,高松市多肥上町191地先,10525,高松市多肥上町191地先,11459,21984,1.27,0.76,29.3,24.3,25,50
37601470200,太田上町志度線,市道,多肥上町１９号線,37201,0,0.3,高松市多肥上町1486-2地先,12015,高松市多肥上町1486-2地先,12406,24421,1.26,0.53,14.9,20,25,60
37601470210,太田上町志度線,多肥上町１９号線,中徳三谷高松線,37201,0,1.6,高松市多肥上町1486-2地先,12015,高松市多肥上町1486-2地先,12406,24421,1.26,0.53,26.7,22.4,25,60
37601470220,太田上町志度線,中徳三谷高松線,,37201,0,0.4,高松市多肥上町1486-2地先,12015,高松市多肥上町1486-2地先,12406,24421,1.26,0.53,21.7,31.8,25,60
37601470290,太田上町志度線,,太田上町志度線,37201,0,0.1,,,,,,,,33.7,24.1,26,50
37601480010,多和三木線,一般国道３７７号,さぬき市・三木町境,37206,0,0.4,,43,,42,85,1.17,0.02,35.8,47.1,8.1,60
37601480020,多和三木線,さぬき市・三木町境,鹿庭奥山線,37341,0,7.9,,43,,42,85,1.17,0.05,33.2,25.7,7.3,60
37601480030,多和三木線,鹿庭奥山線,三木寒川線,37341,0,3.6,,944,,967,1911,1.26,0.2,39.8,38.6,10,60
37601480040,多和三木線,三木寒川線,高松長尾大内線,37341,0,1.1,,944,,967,1911,1.26,0.2,25.6,18.9,10,60
37601500010,屋島（停）屋島（公）線,,牟礼中新線,37201,0,0.2,,3774,,4294,8068,1.23,0.64,15.9,10.2,9.4,40
37601500020,屋島（停）屋島（公）線,牟礼中新線,牟礼中新線,37201,0,0.1,高松市木太町6区3095-1地先,7868,高松市木太町6区3095-1地先,7519,15387,1.24,0.9,16.5,15.5,10,40
37601500030,屋島（停）屋島（公）線,牟礼中新線,一般国道１１号,37201,0,0.2,,3774,,4294,8068,1.23,0.64,8,6.2,10.4,40
37601500050,屋島（停）屋島（公）線,一般国道１１号,高松牟礼線,37201,0,10,,3706,,4221,7927,1.23,0.58,26.5,27.9,12,40
37601530010,大滝上西線,穴吹塩江線,美馬塩江線,37201,0,8.3,,58,,56,114,1.16,0.1,29.8,35.9,4,60
37601540010,久保谷塩江線,一般国道４３８号,,37406,0,5.5,,77,,65,142,1.18,0.09,36.9,36.9,5.6,60
37601540030,久保谷塩江線,,美馬塩江線,37201,0,3.4,,77,,65,142,1.18,0.46,19,19,3.5,60
37601550010,牟礼中新線,一般国道１１号,高松牟礼線,37201,0,0.2,高松市木太町6区3095-1地先,7868,高松市木太町6区3095-1地先,7519,15387,1.24,0.91,8.7,11.6,10.9,40
37601550030,牟礼中新線,一般国道１１号,屋島（停）屋島（公）線,37201,0,0.4,高松市木太町6区3095-1地先,7868,高松市木太町6区3095-1地先,7519,15387,1.24,0.91,10.8,20.4,10,40
37601550050,牟礼中新線,屋島（停）屋島（公）線,塩江屋島西線,37201,0,0.1,高松市木太町6区3095-1地先,7868,高松市木太町6区3095-1地先,7519,15387,1.24,0.95,11.9,17,11.7,40
37601550070,牟礼中新線,塩江屋島西線,高松長尾大内線,37201,0,0.9,高松市木太町6区3095-1地先,7868,高松市木太町6区3095-1地先,7519,15387,1.24,1.07,18.8,13.4,13,40
37601550080,牟礼中新線,高松長尾大内線,中徳三谷高松線,37201,0,1.7,高松市木太町6区3095-1地先,7868,高松市木太町6区3095-1地先,7519,15387,1.24,1.08,14.4,15.4,11,40
37601550090,牟礼中新線,中徳三谷高松線,市道,37201,0,0.5,,7917,,7901,15818,1.25,0.42,14.6,26.1,29.9,50
37400100020,牟礼中新線,市道,市道,37201,0,0.2,,7917,,7901,15818,1.25,0.42,19,15.1,29.9,50
37601550110,牟礼中新線,市道,朝日町仏生山線,37201,0,0.4,,7917,,7901,15818,1.25,0.42,16,14.7,29.9,50
37601550120,牟礼中新線,朝日町仏生山線,中徳三谷高松線,37201,0,0.1,,7917,,7901,15818,1.25,0.42,9.9,12.9,29.9,50
37601560010,西植田高松線,三木綾川線,西植田高松線,37201,0,1.8,,3291,,3137,6428,1.23,0.5,37.2,38.6,9,50
37601560020,西植田高松線,西植田高松線,三木国分寺線,37201,0,0.8,,3291,,3137,6428,1.23,0.5,28.2,20.5,9,50
37601560030,西植田高松線,三木国分寺線,太田上町志度線,37201,0,2,,2017,,2152,4169,1.25,0.54,31.2,32.5,9,50
37601560040,西植田高松線,太田上町志度線,一般国道１１号,37201,0,1,,2017,,2152,4169,1.25,0.58,21.6,18.9,7.3,60
37601560050,西植田高松線,一般国道１１号,市道,37201,0,0.6,,2017,,2152,4169,1.25,0.58,17.9,12.6,7.3,60
37601560070,西植田高松線,西植田高松線,三木国分寺線,37201,0,0.8,,3291,,3137,6428,1.23,0.49,34.8,26.4,8.8,50
37601560080,西植田高松線,三木国分寺線,太田上町志度線,37201,0,2,高松市川島本町288-1地先,2799,高松市川島本町288-1地先,2511,5310,1.21,0.45,32.4,29.9,8.8,50
37601570010,高松東港線,,福岡林線,37201,0,0.8,,6860,,6478,13338,1.25,0.62,36.6,15.8,22,50
37601570020,高松東港線,福岡林線,高松海岸線,37201,0,0.5,,12211,,13278,25489,1.27,1.22,22.7,24.5,30,50
37601570030,高松東港線,高松海岸線,一般国道１１号,37201,0,0.8,,6860,,6478,13338,1.25,1.17,12.2,9.2,18,50
37601590010,高松港線,,高松海岸線,37201,0,0.4,,4551,,4610,9161,1.23,0.7,16.4,11.8,14.2,40
37601590020,高松港線,高松海岸線,高松港栗林（公）線,37201,0,0.3,,4551,,4610,9161,1.23,0.73,10.8,12.4,15.5,40
37601590030,高松港線,高松港栗林（公）線,一般国道３０号,37201,0,0.6,,4551,,4610,9161,1.23,1.03,11.7,11,15,40
37601600010,高松港栗林（公）線,高松港線,一般国道１１号,37201,0,0.6,,4551,,4610,9161,1.23,0.89,11.2,12,18,40
37601600020,高松港栗林（公）線,一般国道１１号,中徳三谷高松線,37201,0,0.5,,4551,,4610,9161,1.23,0.89,9.6,10.5,18,40
37601600030,高松港栗林（公）線,中徳三谷高松線,栗林（停）今里線,37201,0,0.9,,4551,,4610,9161,1.23,0.73,11.9,13.3,18,40
37601600040,高松港栗林（公）線,栗林（停）今里線,高松香川線,37201,0,0.5,,4551,,4610,9161,1.23,1.08,13,10.5,11,40
37601610010,高松坂出線,高松王越坂出線,鴨川（停）五色台線,37201,0,1.6,高松市生島町424-78地先,6827,高松市生島町424-78地先,7077,13904,1.25,1.81,33.5,38.5,8.5,50
37601610020,高松坂出線,鴨川（停）五色台線,高松市・坂出市境,37201,0,2.9,高松市生島町424-78地先,6827,高松市生島町424-78地先,7077,13904,1.25,1.81,50.3,51.5,8.5,50
37601610030,高松坂出線,高松市・坂出市境,高松王越坂出線,37203,0,4.1,高松市生島町424-78地先,6827,高松市生島町424-78地先,7077,13904,1.25,1.46,44,46.4,8.3,50
37601610040,高松坂出線,高松王越坂出線,高松王越坂出線,37203,0,0.3,高松市生島町424-78地先,6827,高松市生島町424-78地先,7077,13904,1.25,0.59,28.5,26.6,21.5,50
37601610050,高松坂出線,高松王越坂出線,大屋富築港宇多津線,37203,0,1.4,高松市生島町424-78地先,6827,高松市生島町424-78地先,7077,13904,1.25,0.59,41.5,33.9,21.5,50
37601630010,栗林（停）今里線,高松港栗林（公）線,中徳三谷高松線,37201,0,0.5,,2844,,2559,5403,1.24,0.36,17,14.9,12.3,30
37601640010,三谷香川線,三木国分寺線,岩崎高松線,37201,0,1.2,,1554,,1660,3214,1.25,0.47,19.9,21.3,7.2,60
37601640020,三谷香川線,岩崎高松線,高松香川線,37201,0,1.6,,1554,,1660,3214,1.25,0.47,26.9,21.7,7.2,60
37601640040,三谷香川線,,高松香川線,37201,0,0.2,,1554,,1660,3214,1.25,0.26,18.2,14.2,15.1,60
37601640050,三谷香川線,高松香川線,一般国道１９３号,37201,0,0.2,,1554,,1660,3214,1.25,0.26,12.5,13,15.1,60
37601650010,東谷岩崎線,中徳三谷高松線,一般国道１９３号,37201,0,4.2,,241,,269,510,1.3,0.09,35.5,33.9,8.5,60
37601660010,岩崎高松線,一般国道１９３号,三木綾川線,37201,0,1.7,,1671,,2098,3769,1.25,0.21,34.8,36.1,14.8,50
37601660020,岩崎高松線,三木綾川線,三谷香川線,37201,0,4.2,,1671,,2098,3769,1.25,0.21,27.4,31.8,14.8,50
37601660030,岩崎高松線,三谷香川線,三木国分寺線,37201,0,1,,1671,,2098,3769,1.25,0.21,25.1,28.5,14.8,50
37601660035,岩崎高松線,三木国分寺線,太田上町志度線,37201,0,0.6,,2370,,1829,4199,1.25,0.68,21.2,22,7.3,40
37601660040,岩崎高松線,太田上町志度線,太田上町志度線,37201,0,1.2,,2370,,1829,4199,1.25,0.68,19.2,20.2,7.3,40
37601660050,岩崎高松線,太田上町志度線,高松香川線,37201,0,0.1,,2370,,1829,4199,1.25,0.68,12.6,8.4,7.3,40
37601670010,枌所西中徳線,国分寺中通線,綾川町・高松市境,37387,0,7.1,,163,,181,344,1.29,0.59,23.1,16.6,4,60
37601670020,枌所西中徳線,綾川町・高松市境,一般国道１９３号,37201,0,5.9,,163,,181,344,1.29,0.15,29.9,23.7,5.1,60
37601700010,岡本香川線,一般国道３２号,高松琴平線,37201,0,0.1,高松市岡本町１２５２－１地先,3537,高松市岡本町１２５２－１地先,3215,6752,1.25,0.67,9.4,11.8,9,40
37601700020,岡本香川線,高松琴平線,円座香南線,37201,0,0.8,高松市岡本町１２５２－１地先,3537,高松市岡本町１２５２－１地先,3215,6752,1.25,0.67,24.2,25.6,9,40
37601700030,岡本香川線,円座香南線,円座香南線,37201,0,0.9,高松市岡本町１２５２－１地先,3537,高松市岡本町１２５２－１地先,3215,6752,1.25,0.67,23.7,20.2,9,40
37601700040,岡本香川線,円座香南線,川東高松線,37201,0,1.5,高松市岡本町１２５２－１地先,3537,高松市岡本町１２５２－１地先,3215,6752,1.25,0.67,17.3,17.6,9,40
37601700050,岡本香川線,川東高松線,一般国道１９３号,37201,0,0.4,高松市岡本町１２５２－１地先,3537,高松市岡本町１２５２－１地先,3215,6752,1.25,0.67,13.3,11.1,9,40
37601700060,岡本香川線,一般国道１９３号,高松香川線,37201,0,0.5,高松市岡本町１２５２－１地先,3537,高松市岡本町１２５２－１地先,3215,6752,1.25,0.67,19.7,14.7,9,40
37601710010,国分寺太田上町線,高松善通寺線,一般国道１１号,37201,0,0.5,,933,,1221,2154,1.25,0.31,22.5,9.7,7.3,40
37601710030,国分寺太田上町線,一般国道１１号,円座香西線,37201,0,0.8,,933,,1221,2154,1.25,0.34,27.3,25,7,40
37601710040,国分寺太田上町線,円座香西線,山崎御厩線,37201,0,0.6,,933,,1221,2154,1.25,0.34,19.9,18.7,7,40
37601710050,国分寺太田上町線,山崎御厩線,高松琴平線,37201,0,1.7,,933,,1221,2154,1.25,0.34,25.7,25.4,7,40
37601710060,国分寺太田上町線,高松琴平線,一般国道３２号,37201,0,0.8,,933,,1221,2154,1.25,0.34,18.4,15.3,7,40
37601710070,国分寺太田上町線,一般国道３２号,川東高松線,37201,0,0.8,高松市鹿角町８４２－２地先,5733,高松市鹿角町８４２－２地先,5599,11332,1.24,0.74,9.8,12.5,9,40
37601710080,国分寺太田上町線,川東高松線,一般国道１９３号,37201,0,0.2,高松市鹿角町８４２－２地先,5733,高松市鹿角町８４２－２地先,5599,11332,1.24,0.74,9.8,8.8,9,40
37601710090,国分寺太田上町線,一般国道１９３号,太田上町志度線,37201,0,0.5,高松市鹿角町８４２－２地先,5733,高松市鹿角町８４２－２地先,5599,11332,1.24,0.74,13.4,12.5,9,40
37601720010,川東高松線,一般国道１９３号,一般国道１９３号,37201,0,1.2,,,,,,,,24.3,23.7,5.6,50
37601720030,川東高松線,一般国道１９３号,岡本香川線,37201,0,3,,2150,,1929,4079,1.25,0.23,34.4,,12,50
37601720040,川東高松線,岡本香川線,三木国分寺線,37201,0,2.4,,4192,,4043,8235,1.23,0.95,24.2,25.3,9.6,40
37601720050,川東高松線,三木国分寺線,国分寺太田上町線,37201,0,1.6,,3166,,3385,6551,1.23,0.38,17.3,22.7,7.1,40
37601720060,川東高松線,国分寺太田上町線,一般国道１１号,37201,0,1.1,,3166,,3385,6551,1.23,0.38,25.1,11.5,7.1,40
37601720080,川東高松線,一般国道１１号,勅使室新線,37201,0,0.5,高松市亀岡町１０地先,6451,高松市亀岡町１０地先,7270,13721,1.26,0.6,9.2,21.4,22,40
37601720090,川東高松線,勅使室新線,木太鬼無線,37201,0,0.6,高松市亀岡町１０地先,6451,高松市亀岡町１０地先,7270,13721,1.26,0.6,26.2,16,22,40
37601720100,川東高松線,木太鬼無線,高松善通寺線,37201,0,2.2,高松市亀岡町１０地先,6451,高松市亀岡町１０地先,7270,13721,1.26,1.08,26,23.3,12.9,40
37601730010,高松（停）栗林（公）線,一般国道３０号,,37201,0,0.1,高松市西の丸町１４－７地先,1590,高松市西の丸町１４－７地先,1443,3033,1.23,0.27,5.8,11.7,20.1,40
37601730020,高松（停）栗林（公）線,,高松海岸線,37201,0,0.2,高松市西の丸町１４－７地先,1590,高松市西の丸町１４－７地先,1443,3033,1.23,0.27,9.1,7.7,20.1,40
37601730030,高松（停）栗林（公）線,高松海岸線,高松海岸線,37201,0,0.1,,14842,,14301,29143,1.28,1.1,14.3,18.2,25.4,40
37601730040,高松（停）栗林（公）線,高松海岸線,五番町西宝線,37201,0,0.7,高松市西の丸町１３－８地先,3487,高松市西の丸町１３－８地先,3894,7381,1.23,0.69,13.9,12.8,15,40
37601730050,高松（停）栗林（公）線,五番町西宝線,高松善通寺線,37201,0,0.5,高松市西の丸町１３－８地先,3487,高松市西の丸町１３－８地先,3894,7381,1.23,0.69,10.3,10.4,15,40
37601730060,高松（停）栗林（公）線,高松善通寺線,,37201,0,0.6,高松市西の丸町１３－８地先,3487,高松市西の丸町１３－８地先,3894,7381,1.23,0.69,12.7,14.1,15,40
37601740010,千疋高松線,国分寺中通線,綾川町・高松市境,37387,0,2.5,,279,,285,564,1.3,0.06,40,44,8,60
37601740020,千疋高松線,綾川町・高松市境,三木綾川線,37201,0,2,,279,,285,564,1.3,0.07,41.1,22.8,8.8,60
37601740030,千疋高松線,三木綾川線,千疋高松線,37201,0,0.5,高松市香南町池内780-3地先,3025,高松市香南町池内780-3地先,2777,5802,1.24,0.71,24.7,37.5,15,50
37601740040,千疋高松線,千疋高松線,円座香南線,37201,0,2.8,高松市香南町池内780-3地先,3025,高松市香南町池内780-3地先,2777,5802,1.24,0.71,40,40.1,15,50
37601740060,千疋高松線,千疋高松線,円座香南線,37201,0,2.3,,1986,,2139,4125,1.25,7.47,32.6,18.1,3.7,60
37601750010,衣掛郷東線,高松善通寺線,円座香西線,37201,0,0.9,,1530,,2155,3685,1.25,0.76,35.4,34.8,6,60
37601750020,衣掛郷東線,円座香西線,円座香西線,37201,0,0.7,,1530,,2155,3685,1.25,0.76,27.5,23.2,6,60
37601750030,衣掛郷東線,円座香西線,檀紙鶴市線,37201,0,3.1,,1530,,2155,3685,1.25,0.76,24.6,27.4,6,60
37601750040,衣掛郷東線,檀紙鶴市線,高松善通寺線,37201,0,0.5,高松市鶴市町62-1地先,9652,高松市鶴市町62-1地先,10280,19932,1.26,0.98,20.9,12.1,19.9,60
37601760010,檀紙鶴市線,一般国道１１号,木太鬼無線,37201,0,3.1,高松市鶴市町62-1地先,9652,高松市鶴市町62-1地先,10280,19932,1.26,0.79,38,18.8,20,60
37601760020,檀紙鶴市線,木太鬼無線,衣掛郷東線,37201,0,1.1,高松市鶴市町62-1地先,9652,高松市鶴市町62-1地先,10280,19932,1.26,0.79,24.1,29.4,20,60
37601770010,円座香西線,三木国分寺線,山崎御厩線,37201,0,1.2,高松市円座町５７２－１地先,915,高松市円座町５７２－１地先,880,1795,1.25,1.36,28.8,25.4,4.2,30
37601770020,円座香西線,山崎御厩線,国分寺太田上町線,37201,0,0.8,高松市円座町５７２－１地先,915,高松市円座町５７２－１地先,880,1795,1.25,1.36,24.1,29.3,4.2,30
37601770030,円座香西線,国分寺太田上町線,一般国道１１号,37201,0,0.2,高松市円座町５７２－１地先,915,高松市円座町５７２－１地先,880,1795,1.25,0.08,13.3,,4,30
37601770040,円座香西線,一般国道１１号,衣掛郷東線,37201,0,1.1,高松市円座町５７２－１地先,915,高松市円座町５７２－１地先,880,1795,1.25,0.13,20.2,25.9,7.7,30
37601770060,円座香西線,衣掛郷東線,高松善通寺線,37201,0,0.6,,1127,,1024,2151,1.25,0.74,20.6,19.8,4.9,40
37601770080,円座香西線,高松善通寺線,高松王越坂出線,37201,0,1,,1127,,1024,2151,1.25,0.78,11.7,14,4.9,30
37601780010,山崎御厩線,円座香南線,三木国分寺線,37201,0,1,,2694,,3085,5779,1.23,0.78,27.8,27.9,12.6,40
37601780030,山崎御厩線,三木国分寺線,円座香西線,37201,0,0.7,高松市中間町４７１－１地先,8845,高松市中間町４７１－１地先,9258,18103,1.25,0.7,28.4,29.4,30.1,60
37601780040,山崎御厩線,円座香西線,国分寺太田上町線,37201,0,0.5,高松市中間町４７１－１地先,8845,高松市中間町４７１－１地先,9258,18103,1.25,0.7,35.7,16.8,30.1,60
37601780050,山崎御厩線,国分寺太田上町線,一般国道１１号,37201,0,0.1,高松市中間町４７１－１地先,8845,高松市中間町４７１－１地先,9258,18103,1.25,0.7,17.9,8.4,30.1,60
37601790010,端岡（停）線,,高松善通寺線,37201,0,0.1,,4607,,5709,10316,1.24,0.36,5.1,5,9,40
37601790030,端岡（停）線,高松善通寺線,一般国道１１号,37201,0,0.6,,4585,,5685,10270,1.24,0.68,15.5,18.3,12,40
37601800010,鴨川（停）五色台線,高松善通寺線,一般国道１１号,37203,0,0.3,,1145,,1010,2155,1.25,0.31,14.3,12.9,6.5,40
37601800020,鴨川（停）五色台線,一般国道１１号,高松王越坂出線,37203,0,2.8,,1145,,1010,2155,1.25,0.31,23.7,33.7,6.5,40
37601800030,鴨川（停）五色台線,高松王越坂出線,高松王越坂出線,37203,0,0.9,,1145,,1010,2155,1.25,0.31,11.1,30.5,6.5,40
37601800040,鴨川（停）五色台線,高松王越坂出線,坂出市・高松市境,37203,0,9.9,,323,,393,716,1.27,0.11,35.7,38.9,6.5,60
37601800050,鴨川（停）五色台線,坂出市・高松市境,五色台線,37201,0,1.2,,323,,393,716,1.27,0.12,41.8,41.6,5.9,60
37601800055,鴨川（停）五色台線,五色台線,高松坂出線,37201,0,5.3,,229,,230,459,1.29,0.07,29.5,35.8,7.1,60
37601800060,鴨川（停）五色台線,高松坂出線,高松王越坂出線,37201,0,1.1,,229,,230,459,1.29,0.05,48.2,37.9,14.3,30
37601820010,千疋西分線,国分寺中通線,一般国道３７７号,37387,0,2.9,,1527,,1394,2921,1.24,0.38,44,45,11.5,40
37601820020,千疋西分線,一般国道３７７号,一般国道３７７号,37387,0,0.4,,1527,,1394,2921,1.24,0.38,18.4,20.3,11.5,40
37601820040,千疋西分線,一般国道３７７号,府中造田線,37387,0,3.2,,1527,,1394,2921,1.24,0.36,34.5,35,11.5,40
37601830010,綾川国分寺線,高松琴平線,一般国道３２号,37387,0,0.4,,1237,,1558,2795,1.27,0.37,14.1,11.6,11.1,60
37601830020,綾川国分寺線,一般国道３２号,綾川府中線,37387,0,0.3,,1237,,1558,2795,1.27,0.37,9.9,24.8,11.1,60
37601830030,綾川国分寺線,綾川府中線,府中造田線,37387,0,2,,1237,,1558,2795,1.27,0.34,39.3,39.2,10,60
37601830040,綾川国分寺線,府中造田線,綾川町・高松市境,37387,0,1.2,,1237,,1558,2795,1.27,0.34,31.3,30.2,10,60
37601830050,綾川国分寺線,綾川町・高松市境,一般国道１１号,37201,0,3.4,,2861,,2860,5721,1.23,0.54,41.7,31.3,7,50
37601830060,綾川国分寺線,一般国道１１号,高松善通寺線,37201,0,0.6,,2861,,2860,5721,1.23,0.54,16.4,13.6,7,50
37601840010,綾川府中線,綾川国分寺線,綾川町・坂出市境,37387,0,1.4,坂出市府中町打越2077-4地先,2356,坂出市府中町打越2077-4地先,2352,4708,1.24,0.46,43.1,45.8,9.5,60
37601840020,綾川府中線,綾川町・坂出市境,川西南側道線,37203,0,1,坂出市府中町打越2077-4地先,2356,坂出市府中町打越2077-4地先,2352,4708,1.24,0.57,47.6,49.5,8,60
37601840030,綾川府中線,川西南側道線,川西北側道線,37203,0,0.1,坂出市府中町打越2077-4地先,2356,坂出市府中町打越2077-4地先,2352,4708,1.24,0.57,38.9,43,8,60
37601840040,綾川府中線,川西北側道線,善通寺府中線,37203,0,2.1,坂出市府中町打越2077-4地先,2356,坂出市府中町打越2077-4地先,2352,4708,1.24,0.57,46.8,36.4,8,60
37601850010,造田滝宮線,府中造田線,炭所東琴平線,37406,0,4.4,綾歌郡綾川町羽床上地先,594,綾歌郡綾川町羽床上地先,674,1268,1.23,0.13,47.7,51.1,7.5,60
37601850020,造田滝宮線,炭所東琴平線,まんのう町・綾川町境,37406,0,1.5,綾歌郡綾川町羽床上地先,594,綾歌郡綾川町羽床上地先,674,1268,1.23,0.13,40.8,44.8,7.5,60
37601850030,造田滝宮線,まんのう町・綾川町境,一般国道３７７号,37387,0,4,綾歌郡綾川町羽床上地先,594,綾歌郡綾川町羽床上地先,674,1268,1.23,0.12,48,50.2,10.1,60
37601850040,造田滝宮線,一般国道３７７号,綾歌綾川線,37387,0,0.8,,1590,,1731,3321,1.25,0.39,38.5,39.2,9,50
37601850050,造田滝宮線,綾歌綾川線,高松琴平線,37387,0,1.6,,1590,,1731,3321,1.25,0.39,33.8,33.6,9,50
37601860010,大屋富築港宇多津線,高松王越坂出線,,37203,0,2.2,,2174,,2242,4416,1.25,0.17,47.1,47.1,25,60
37601860020,大屋富築港宇多津線,,高松坂出線,37203,0,1,,7322,,6899,14221,1.25,0.68,29.7,32.1,25,60
37601860030,大屋富築港宇多津線,高松坂出線,坂出港線,37203,0,3.7,坂出市江尻町1721-10地先,12759,坂出市江尻町1721-10地先,14277,27036,1.28,0.85,24.9,29.5,22,50
37601860040,大屋富築港宇多津線,坂出港線,市道,37203,0,0.6,坂出市江尻町1721-10地先,12759,坂出市江尻町1721-10地先,14277,27036,1.28,0.85,28.8,31.4,22,50
37601860050,大屋富築港宇多津線,市道,瀬居坂出港線,37203,0,0.3,,3060,,1909,4969,1.24,0.36,18,18.4,22.5,50
37601860060,大屋富築港宇多津線,瀬居坂出港線,瀬居坂出港線,37203,0,1,,3060,,1909,4969,1.24,0.36,26.6,24.2,22.5,50
37601860070,大屋富築港宇多津線,瀬居坂出港線,瀬居坂出港線,37203,0,0.5,,14212,,15074,29286,1.28,0.62,32.8,16.8,35.4,50
37601860080,大屋富築港宇多津線,瀬居坂出港線,坂出市・宇多津町境,37203,0,0.2,,14212,,15074,29286,1.28,1.24,9,34.6,22.9,50
37601860090,大屋富築港宇多津線,坂出市・宇多津町境,川津丸亀線,37386,0,0.9,,14212,,15074,29286,1.28,0.83,26.9,32.8,21,50
37601860100,大屋富築港宇多津線,川津丸亀線,富熊宇多津線,37386,0,0.8,,2182,,2029,4211,1.25,0.47,18.4,32,8.5,40
37601860110,大屋富築港宇多津線,富熊宇多津線,高松善通寺線,37386,0,0.1,,2182,,2029,4211,1.25,0.47,8.6,6.5,8.5,40
37601870010,林田府中線,高松坂出線,高松王越坂出線,37203,0,1,,7322,,6899,14221,1.25,0.57,24.5,38.7,22,50
37601870020,林田府中線,高松王越坂出線,一般国道１１号,37203,0,1.2,,7322,,6899,14221,1.25,0.85,35.6,30.1,22,50
37601870040,林田府中線,一般国道１１号,高松善通寺線,37203,0,0.2,,,,,,,,10,13.6,9,50
37601880010,城山鴨川線,城山川津線,高松善通寺線,37203,0,7.5,,336,,315,651,1.29,0.13,42.3,42.3,6.7,60
37601890010,城山川津線,城山鴨川線,一般国道４３８号,37203,0,6.9,,1551,,1528,3079,1.24,0.39,32.1,32.1,6.5,60
37601900010,炭所東琴平線,造田滝宮線,一般国道４３８号,37406,0,3.5,,1595,,1519,3114,1.24,0.37,47.4,48.1,10.6,60
37601900020,炭所東琴平線,一般国道４３８号,炭所西善通寺線,37406,0,0.2,,1595,,1519,3114,1.24,0.37,20.6,14.2,10.6,60
37601900030,炭所東琴平線,炭所西善通寺線,炭所西善通寺線,37406,0,0.3,,2796,,2846,5642,1.23,0.49,33.5,41,10.5,40
37601900040,炭所東琴平線,炭所西善通寺線,財田まんのう線,37406,0,1.8,,2796,,2846,5642,1.23,0.49,37.3,37.9,10.5,40
37601900050,炭所東琴平線,財田まんのう線,まんのう善通寺線,37406,0,1.3,,2796,,2846,5642,1.23,0.49,34.9,34.1,10.5,40
37601900060,炭所東琴平線,まんのう善通寺線,丸亀三好線,37406,0,0.3,,2796,,2846,5642,1.23,0.6,25.9,23.4,10,40
37601900110,炭所東琴平線,丸亀三好線,一般国道３１９号,37403,0,0.6,,2796,,2846,5642,1.23,0.48,38.1,24.2,15.9,40
37601910010,富熊宇多津線,善通寺綾歌線,善通寺府中線,37202,0,1.8,,4249,,4576,8825,1.23,0.99,30.5,29.7,7.5,40
37601910020,富熊宇多津線,善通寺府中線,富熊宇多津線,37202,0,1.2,,4249,,4576,8825,1.23,0.99,26,34.7,7.5,40
37601910030,富熊宇多津線,富熊宇多津線,丸亀市・坂出市境,37202,0,0.4,,4249,,4576,8825,1.23,0.99,33,34.5,7.5,40
37601910040,富熊宇多津線,丸亀市・坂出市境,一般国道４３８号,37203,0,0.3,,4249,,4576,8825,1.23,1.07,33.2,16.9,8.5,40
37601910060,富熊宇多津線,一般国道４３８号,坂出市・宇多津町境,37203,0,2,,2452,,2451,4903,1.24,0.54,38.3,43.9,8,40
37601910070,富熊宇多津線,坂出市・宇多津町境,川津丸亀線,37386,0,0.1,,2452,,2451,4903,1.24,0.58,27.7,18.5,9.5,50
37601910080,富熊宇多津線,川津丸亀線,一般国道１１号,37386,0,0.3,,2452,,2451,4903,1.24,0.58,17,9.2,9.5,50
37601910090,富熊宇多津線,一般国道１１号,大屋富築港宇多津線,37386,0,2,,5201,,5038,10239,1.24,0.92,23.9,24.5,9.5,50
37601910110,富熊宇多津線,富熊宇多津線,丸亀市・坂出市境,37202,0,0.3,,402,,400,802,1.15,0.8,23,23,4.1,60
37601910120,富熊宇多津線,丸亀市・坂出市境,一般国道４３８号,37203,0,0.1,,402,,400,802,1.15,0.6,46.1,46.1,4.2,60
37601910140,富熊宇多津線,一般国道４３８号,,37203,0,0.3,,323,,347,670,1.29,0.1,17.9,23.7,12.3,40
37601920010,瀬居坂出港線,,大屋富築港宇多津線,37203,0,6.1,,10803,,8134,18937,1.26,0.8,38.3,37.3,38,60
37601920030,瀬居坂出港線,大屋富築港宇多津線,市道,37203,0,0.3,,14212,,15074,29286,1.28,0.78,23.6,18.4,34.3,50
37837350020,瀬居坂出港線,市道,一般国道３０号（本四道路）,37203,0,0.4,,,,,,,,19.9,27.1,44.3,50
37837350010,瀬居坂出港線,一般国道３０号（本四道路）,大屋富築港宇多津線,37203,0,0.5,坂出市西大浜北1丁目地先,13117,坂出市西大浜北1丁目地先,11182,24299,1.27,0.82,39.1,33.4,29.5,50
37601920080,瀬居坂出港線,大屋富築港宇多津線,,37203,0,0.3,,4073,,3179,7252,1.23,0.89,23,21,16.5,50
37601930010,川津丸亀線,一般国道４３８号,坂出市・宇多津町境,37203,0,0.7,,2070,,2174,4244,1.25,0.64,26.4,27.3,7.1,40
37601930020,川津丸亀線,坂出市・宇多津町境,富熊宇多津線,37386,0,0.2,,2070,,2174,4244,1.25,0.62,32.1,22.8,6.5,40
37837380010,川津丸亀線,大屋富築港宇多津線,宇多津中央線,37386,0,1.1,綾歌郡宇多津町浜五番丁61-8地先,13437,綾歌郡宇多津町浜五番丁61-8地先,14979,28416,1.28,0.57,26.6,31.5,50.4,50
37837380020,川津丸亀線,宇多津中央線,宇多津町・丸亀市境,37386,0,0.9,綾歌郡宇多津町浜五番丁61-8地先,13437,綾歌郡宇多津町浜五番丁61-8地先,14979,28416,1.28,0.57,17.7,27.5,50.4,50
37837320010,川津丸亀線,宇多津町・丸亀市境,土器線,37202,0,0.3,綾歌郡宇多津町浜五番丁61-8地先,13437,綾歌郡宇多津町浜五番丁61-8地先,14979,28416,1.28,1.09,37,18.2,36.3,50
37837310010,川津丸亀線,土器線,丸亀港線,37202,0,1.2,綾歌郡宇多津町浜五番丁61-8地先,13437,綾歌郡宇多津町浜五番丁61-8地先,14979,28416,1.28,1.14,21.7,21.3,30.8,50
37400210380,川津丸亀線,丸亀港線,,37202,0,0.6,,13002,,12698,25700,1.27,1.22,21.1,13.3,30.8,50
37837300010,川津丸亀線,,丸亀詫間豊浜線,37202,0,1.6,,13002,,12698,25700,1.27,1.22,25.7,32.4,30.8,50
37601940010,飯野宇多津線,岡田丸亀線,一般国道１１号,37202,0,2.3,丸亀市飯野町東分,5512,丸亀市飯野町東分,6131,11643,1.25,1.03,28.1,20.7,11,50
37601940030,飯野宇多津線,一般国道１１号,宇多津中央線,37386,0,2.7,,5717,,6327,12044,1.24,0.88,22.9,44.2,11.3,50
37601950010,岡田丸亀線,一般国道４３８号,高松琴平線,37202,0,1,,384,,437,821,1.15,4.08,12.6,11.4,4.5,50
37601950020,岡田丸亀線,高松琴平線,一般国道３２号,37202,0,0.4,,384,,437,821,1.15,4.08,24.2,29.5,4.5,50
37601950030,岡田丸亀線,一般国道３２号,岡田善通寺線,37202,0,0.7,,2123,,2419,4542,1.24,0.64,30.8,31.2,7.8,50
37601950040,岡田丸亀線,岡田善通寺線,善通寺綾歌線,37202,0,2.7,,2123,,2419,4542,1.24,0.64,42,38.6,7.8,50
37601950050,岡田丸亀線,善通寺綾歌線,市道飯野町東二南北線,37202,0,1.2,,2123,,2419,4542,1.24,0.64,37,42.5,7.8,50
37601950060,岡田丸亀線,市道飯野町東二南北線,善通寺府中線,37202,0,0.9,,2123,,2419,4542,1.24,0.64,36.6,16.8,7.8,50
37601950070,岡田丸亀線,善通寺府中線,市道茶円南北線,37202,0,0.8,,2123,,2419,4542,1.24,0.64,16.6,32,8,60
37601950080,岡田丸亀線,市道茶円南北線,飯野宇多津線,37202,0,0.1,,2123,,2419,4542,1.24,0.64,33,18.8,8,60
37601950090,岡田丸亀線,飯野宇多津線,一般国道１１号,37202,0,1.4,,2123,,2419,4542,1.24,0.64,34.7,34.7,8,60
37601950100,岡田丸亀線,一般国道１１号,市道,37202,0,0.4,,2123,,2419,4542,1.24,0.76,8.3,28.8,12.2,60
37601950110,岡田丸亀線,市道,丸亀詫間豊浜線,37202,0,0.7,,2123,,2419,4542,1.24,0.76,26,22.7,12.2,60
37601970010,財田まんのう線,一般国道３２号,三豊市・まんのう町境,37208,0,0,,1277,,1319,2596,1.27,0.34,8.9,27.8,6.9,50
37601970020,財田まんのう線,三豊市・まんのう町境,丸亀三好線,37406,0,4.6,,1277,,1319,2596,1.27,0.35,40.2,41.5,9.5,50
37601970030,財田まんのう線,丸亀三好線,まんのう善通寺線,37406,0,1.1,,2943,,3056,5999,1.23,0.61,36,44,9.5,50
37601970040,財田まんのう線,まんのう善通寺線,炭所東琴平線,37406,0,2.5,,2943,,3056,5999,1.23,0.61,39.3,40.2,9.5,50
37601970050,財田まんのう線,炭所東琴平線,炭所西善通寺線,37406,0,0.6,,2943,,3056,5999,1.23,0.61,29.8,34.4,9.5,50
37601970060,財田まんのう線,炭所西善通寺線,一般国道４３８号,37406,0,1.1,,2943,,3056,5999,1.23,0.61,46,41.5,9.5,50
37601990010,炭所西善通寺線,一般国道４３８号,炭所東琴平線,37406,0,1.8,,106,,105,211,1.16,0.03,39.3,41.1,7.7,50
37601990030,炭所西善通寺線,炭所東琴平線,財田まんのう線,37406,0,1.9,,106,,105,211,1.16,0.38,31.8,34.9,3.8,50
37601990040,炭所西善通寺線,財田まんのう線,一般国道３２号,37406,0,1.6,,106,,105,211,1.16,0.38,39.2,37.9,3.8,50
37601990050,炭所西善通寺線,一般国道３２号,高松琴平線,37406,0,0.3,,106,,105,211,1.16,0.38,27.3,21.2,3.8,50
37601990060,炭所西善通寺線,高松琴平線,長尾丸亀線,37406,0,0.3,仲多度郡まんのう町羽間2951地先,2186,仲多度郡まんのう町羽間2951地先,2182,4368,1.25,0.38,26.2,22.9,9.4,40
37601990080,炭所西善通寺線,長尾丸亀線,岡田善通寺線,37406,0,1.5,,289,,272,561,1.29,0.07,37.3,32.3,6.6,40
37601990090,炭所西善通寺線,岡田善通寺線,まんのう町・善通寺市境,37406,0,0.8,,289,,272,561,1.29,0.07,16.1,31.9,6.6,40
37601990100,炭所西善通寺線,まんのう町・善通寺市境,丸亀三好線,37204,0,0.3,,289,,272,561,1.29,2.05,21.4,24.5,3.8,40
37602000010,まんのう善通寺線,,財田まんのう線,37406,0,0.6,,5756,,5664,11420,1.24,0.81,40.9,21.2,10.1,50
37602000020,まんのう善通寺線,財田まんのう線,炭所東琴平線,37406,0,2.8,,5756,,5664,11420,1.24,0.81,26.1,25,10.1,50
37602000040,まんのう善通寺線,炭所東琴平線,一般国道３２号,37406,0,0.2,,5756,,5664,11420,1.24,0.87,20.1,13.4,11.3,50
37602000050,まんのう善通寺線,一般国道３２号,高松琴平線,37406,0,0.7,,5756,,5664,11420,1.24,0.87,18,26.4,11.3,50
37602000060,まんのう善通寺線,高松琴平線,岡田善通寺線,37406,0,2.9,,4399,,4657,9056,1.23,0.75,35.7,36.9,9.5,50
37602000070,まんのう善通寺線,岡田善通寺線,丸亀三好線,37406,0,0.9,,4399,,4657,9056,1.23,0.75,39.2,33.7,9.5,50
37602010010,塩入（停）線,,丸亀三好線,37406,0,0.2,,323,,347,670,1.29,0.08,11.6,8.1,11,60
37602020010,春日讃岐財田（停）線,丸亀三好線,まんのう町・三豊市境,37406,0,4.6,,256,,290,546,1.3,0.07,46.9,51.2,7.1,40
37602020020,春日讃岐財田（停）線,まんのう町・三豊市境,一般国道３２号,37208,0,0.4,,256,,290,546,1.3,0.07,37.6,30.4,7.2,60
37602020040,春日讃岐財田（停）線,一般国道３２号,,37208,0,1.3,,323,,347,670,1.29,0.09,22.2,47.5,7.1,60
37602030010,丸亀港線,川津丸亀線,高松善通寺線,37202,0,0.8,,4073,,3179,7252,1.23,1.09,16.5,15.2,11.9,40
37602040010,丸亀（停）線,,丸亀詫間豊浜線,37202,0,0.3,丸亀市南条町４６－７地先,3848,丸亀市南条町４６－７地先,3662,7510,1.23,0.43,15.2,15.8,22,40
37602040030,丸亀（停）線,高松善通寺線,一般国道１１号,37202,0,1.6,,6191,,5853,12044,1.24,1.34,17.1,16.7,7.4,40
37602050010,多度津丸亀線,丸亀詫間豊浜線,,37404,0,0.8,,1102,,936,2038,1.25,0.29,34.4,38.9,8.7,60
37602050030,多度津丸亀線,,西白方善通寺線,37404,0,1.3,,1102,,936,2038,1.25,0.3,51,55.8,14.1,60
37602050040,多度津丸亀線,西白方善通寺線,山階多度津線,37404,0,0.6,,1102,,936,2038,1.25,9.59,33.3,30,4.2,60
37602050050,多度津丸亀線,山階多度津線,多度津善通寺線,37404,0,1,,1102,,936,2038,1.25,9.59,24.6,23,4.2,60
37602050060,多度津丸亀線,多度津善通寺線,その他道路,37404,0,0.1,,1102,,936,2038,1.25,0.26,12.3,25.8,17.4,60
37602050180,多度津丸亀線,多度津丸亀線,善通寺多度津線,37404,0,0.2,仲多度郡多度津町大字道福寺258-3地先,3377,仲多度郡多度津町大字道福寺258-3地先,3221,6598,1.23,0.51,24.8,32.3,17.1,50
37602050140,多度津丸亀線,善通寺多度津線,多度津町・丸亀市境,37404,0,1,仲多度郡多度津町南鴨7-1地先,4708,仲多度郡多度津町南鴨7-1地先,4984,9692,1.23,0.72,24.8,32.3,16,50
37602050150,多度津丸亀線,多度津町・丸亀市境,昭和町田村線,37202,0,1.2,仲多度郡多度津町南鴨7-1地先,4708,仲多度郡多度津町南鴨7-1地先,4984,9692,1.23,0.78,36.7,16,16,50
37602050160,多度津丸亀線,昭和町田村線,,37202,0,0.7,,4407,,4364,8771,1.23,0.67,12.5,20.1,16,50
37602050170,多度津丸亀線,,高松善通寺線,37202,0,0.7,,4407,,4364,8771,1.23,0.67,28.9,17.6,16,50
37602060010,原田琴平線,一般国道１１号,丸亀市・善通寺市境,37202,0,0.7,丸亀市田村町232-1地先,2631,丸亀市田村町232-1地先,2863,5494,1.24,0.46,18.1,26.6,10.1,40
37602060020,原田琴平線,丸亀市・善通寺市境,善通寺府中線,37204,0,0.8,丸亀市田村町232-1地先,2631,丸亀市田村町232-1地先,2863,5494,1.24,0.47,38.9,32.3,9.6,40
37602060030,原田琴平線,善通寺府中線,善通寺綾歌線,37204,0,2.6,丸亀市田村町232-1地先,2631,丸亀市田村町232-1地先,2863,5494,1.24,0.47,30.3,31,9.6,40
37602060040,原田琴平線,善通寺綾歌線,善通寺市・琴平町境,37204,0,1.4,,2342,,2226,4568,1.24,0.56,40,47,9.6,40
37602060050,原田琴平線,善通寺市・琴平町境,岡田善通寺線,37403,0,1,,2342,,2226,4568,1.24,0.66,48.4,44.6,8.7,40
37602060060,原田琴平線,岡田善通寺線,一般国道３１９号,37403,0,2,,2342,,2226,4568,1.24,0.66,35.7,36,8.7,40
37602060080,原田琴平線,一般国道３１９号,大麻琴平買田線,37403,0,0.8,,3689,,3713,7402,1.22,0.96,13.1,19.6,9.2,40
37602070010,琴平（停）琴平（公）線,,大麻琴平買田線,37403,0,0.3,,316,,338,654,1.29,0.08,15.3,14.7,10.1,30
37602070020,琴平（停）琴平（公）線,大麻琴平買田線,大麻琴平買田線,37403,0,0.3,,2797,,1948,4745,1.24,0.25,24.1,,7.4,30
37602070030,琴平（停）琴平（公）線,大麻琴平買田線,,37403,0,0.2,,316,,338,654,1.29,0.08,15.9,22,7.3,30
37602080010,大麻琴平買田線,一般国道３１９号,善通寺市・琴平町境,37204,0,0.7,仲多度郡まんのう町買田70-5地先,1563,仲多度郡まんのう町買田70-5地先,1315,2878,1.24,0.28,29,24.5,12.2,40
37602080020,大麻琴平買田線,善通寺市・琴平町境,琴平（停）琴平（公）線,37403,0,0.6,仲多度郡まんのう町買田70-5地先,1563,仲多度郡まんのう町買田70-5地先,1315,2878,1.24,0.23,38.8,30.4,8.4,40
37602080040,大麻琴平買田線,琴平（停）琴平（公）線,原田琴平線,37403,0,0.1,仲多度郡まんのう町買田70-5地先,1563,仲多度郡まんのう町買田70-5地先,1315,2878,1.24,0.29,19.2,22.3,7.2,40
37602080050,大麻琴平買田線,原田琴平線,琴平町・まんのう町境,37403,0,0.8,仲多度郡まんのう町買田70-5地先,1563,仲多度郡まんのう町買田70-5地先,1315,2878,1.24,0.29,32.6,33.2,7.2,40
37602080060,大麻琴平買田線,琴平町・まんのう町境,一般国道３７７号,37406,0,0.2,仲多度郡まんのう町買田70-5地先,1563,仲多度郡まんのう町買田70-5地先,1315,2878,1.24,0.37,24.2,7.7,10.8,40
37602080070,大麻琴平買田線,一般国道３７７号,一般国道３２号,37406,0,0.2,仲多度郡まんのう町買田70-5地先,1563,仲多度郡まんのう町買田70-5地先,1315,2878,1.24,0.37,11.8,11.9,10.8,40
37602090010,善通寺（停）線,,善通寺大野原線,37204,0,0.8,,2759,,2380,5139,1.24,0.39,17.8,17.1,18,40
37602120010,多度津善通寺線,山階多度津線,多度津丸亀線,37404,0,0.8,,3291,,3276,6567,1.23,0.94,28.5,31.3,12.4,50
37602120020,多度津善通寺線,多度津丸亀線,多度津町・善通寺市境,37404,0,1,,3291,,3276,6567,1.23,0.92,27.1,29.4,10.9,50
37602120030,多度津善通寺線,多度津町・善通寺市境,一般国道１１号,37204,0,0.8,,3291,,3276,6567,1.23,0.96,32.6,14.4,11,50
37602120040,多度津善通寺線,一般国道１１号,西白方善通寺線,37204,0,0.3,,3291,,3276,6567,1.23,0.96,11.4,17.6,11,50
37602120050,多度津善通寺線,西白方善通寺線,善通寺詫間線,37204,0,1.7,,3291,,3276,6567,1.23,0.96,34.5,25.1,11,50
37602130010,多度津（停）線,多度津（停）道隆寺線,善通寺多度津線,37404,0,0.4,,1241,,1129,2370,1.25,0.26,16.1,16.9,16,40
37602140010,多度津（停）道隆寺線,多度津（停）線,町道,37404,0,0.5,,316,,338,654,1.29,0.08,32.4,20.4,16.5,40
37602150010,多度津港線,,丸亀詫間豊浜線,37404,0,0.2,,288,,275,563,1.3,0.06,10.2,14.2,10,60
37602150030,多度津港線,丸亀詫間豊浜線,山階多度津線,37404,0,0.3,,288,,275,563,1.3,0.05,13.8,13.5,16.4,60
37602160010,山階多度津線,多度津丸亀線,町道,37404,0,0.8,,1261,,1150,2411,1.25,0.33,22,20.6,7.2,40
37400210120,山階多度津線,町道,多度津善通寺線,37404,0,0.4,,7194,,8207,15401,1.25,1.72,29,20.6,10.1,50
37400210110,山階多度津線,多度津善通寺線,町道,37404,0,0.4,,7194,,8207,15401,1.25,1.46,27.5,21.7,13.8,40
37400210100,山階多度津線,町道,多度津港線,37404,0,0.7,,7194,,8207,15401,1.25,1.48,32.5,29,8.1,30
37400210090,山階多度津線,多度津港線,善通寺多度津線,37404,0,0.4,,6649,,6595,13244,1.25,1.3,17.3,17.9,8.1,30
37400210080,山階多度津線,善通寺多度津線,町道,37404,0,0.7,,6649,,6595,13244,1.25,1.3,27.6,26.4,8.1,30
37602170010,西白方善通寺線,丸亀詫間豊浜線,多度津丸亀線,37404,0,1.4,,849,,770,1619,1.22,0.22,23.8,22.8,7.4,60
37602170020,西白方善通寺線,多度津丸亀線,多度津町・善通寺市境,37404,0,1.7,,849,,770,1619,1.22,0.22,33.6,33.6,7.4,60
37602170030,西白方善通寺線,多度津町・善通寺市境,一般国道１１号,37204,0,0.1,,849,,770,1619,1.22,0.22,26,6.3,8.3,60
37602170040,西白方善通寺線,一般国道１１号,多度津善通寺線,37204,0,1.7,,4365,,4646,9011,1.23,0.85,32.9,33.2,8.5,40
37602170050,西白方善通寺線,多度津善通寺線,善通寺府中線,37204,0,1.5,,4365,,4646,9011,1.23,0.85,28.5,31,8.5,40
37602180010,財田上高瀬線,一般国道３２号,一般国道３７７号,37208,0,5,,1117,,1139,2256,1.25,0.28,41.3,40.1,10.6,50
37602180030,財田上高瀬線,一般国道３７７号,羽方豊中線,37208,0,2.4,,1467,,1446,2913,1.24,0.29,37.2,43.4,8.5,60
37602180040,財田上高瀬線,羽方豊中線,善通寺大野原線,37208,0,1.5,,1467,,1446,2913,1.24,0.29,46.2,39.6,8.5,60
37602180060,財田上高瀬線,善通寺大野原線,財田上高瀬線,37208,0,1.5,,1511,,1489,3000,1.24,0.34,37.3,42.3,7,60
37602180090,財田上高瀬線,財田上高瀬線,観音寺善通寺線,37208,0,1.4,,1511,,1489,3000,1.24,2.69,37.9,35.6,5.3,60
37602180100,財田上高瀬線,観音寺善通寺線,一般国道１１号,37208,0,0.5,,1511,,1489,3000,1.24,2.69,19,20.1,5.3,60
37602180070,財田上高瀬線,財田上高瀬線,,37208,0,0.2,,1467,,1446,2913,1.24,0.31,45.7,27.6,8.6,60
37602190010,神田高瀬線,一般国道３７７号,詫間琴平線,37208,0,2.8,,456,,495,951,1.26,0.15,41,44.7,8,60
37602190030,神田高瀬線,詫間琴平線,観音寺善通寺線,37208,0,3.1,,483,,524,1007,1.27,0.17,43.6,39.4,8,60
37602190040,神田高瀬線,観音寺善通寺線,一般国道１１号,37208,0,1.7,,483,,524,1007,1.27,0.17,27.3,22.8,8,60
37602200010,大見吉津仁尾線,高松自動車道,一般国道１１号,37208,0,1.3,三豊市三野町下高瀬568-2地先,2554,三豊市三野町下高瀬568-2地先,2660,5214,1.24,0.45,43.2,37.8,15,30
37602200020,大見吉津仁尾線,一般国道１１号,宮尾高瀬線,37208,0,0.6,三豊市三野町下高瀬568-2地先,2554,三豊市三野町下高瀬568-2地先,2660,5214,1.24,0.45,27.2,42,15,30
37602200030,大見吉津仁尾線,宮尾高瀬線,宮尾高瀬線,37208,0,0.4,三豊市三野町下高瀬568-2地先,2554,三豊市三野町下高瀬568-2地先,2660,5214,1.24,0.53,35.8,25.8,10.3,30
37602200040,大見吉津仁尾線,宮尾高瀬線,下高瀬高瀬線,37208,0,1.1,三豊市三野町下高瀬568-2地先,2554,三豊市三野町下高瀬568-2地先,2660,5214,1.24,0.57,27.1,31.7,6.4,30
37602200050,大見吉津仁尾線,下高瀬高瀬線,詫間琴平線,37208,0,0.9,三豊市三野町下高瀬568-2地先,2554,三豊市三野町下高瀬568-2地先,2660,5214,1.24,0.57,33.4,25.1,6.4,30
37602200060,大見吉津仁尾線,詫間琴平線,豊中三野線,37208,0,0.5,,1107,,1091,2198,1.25,0.29,21.3,26.7,7.5,40
37602200070,大見吉津仁尾線,豊中三野線,丸亀詫間豊浜線,37208,0,5.1,,1107,,1091,2198,1.25,0.29,40.8,41.4,7.5,40
37602210010,宮尾高瀬線,町道,丸亀詫間豊浜線,37208,0,0.2,,962,,1019,1981,1.25,0.28,7.9,26.2,6.9,60
37602210020,宮尾高瀬線,丸亀詫間豊浜線,善通寺詫間線,37208,0,2.4,,962,,1019,1981,1.25,0.28,44,40.8,6.9,60
37602210030,宮尾高瀬線,善通寺詫間線,大見吉津仁尾線,37208,0,1,,1004,,1064,2068,1.26,0.28,19.6,28.2,10,60
37602210050,宮尾高瀬線,大見吉津仁尾線,下高瀬高瀬線,37208,0,2,,1004,,1064,2068,1.26,9.07,27,28.1,3.5,60
37602210060,宮尾高瀬線,下高瀬高瀬線,詫間琴平線,37208,0,0.8,,1004,,1064,2068,1.26,9.07,28.1,24.3,3.5,60
37602210070,宮尾高瀬線,詫間琴平線,一般国道１１号,37208,0,1.1,,1004,,1064,2068,1.26,9.07,19.9,16.6,3.5,60
37602220010,下高瀬高瀬線,大見吉津仁尾線,宮尾高瀬線,37208,0,1.7,,356,,335,691,1.15,0.07,46.7,44.8,8,60
37602220020,下高瀬高瀬線,宮尾高瀬線,一般国道１１号,37208,0,0.2,,356,,335,691,1.15,0.07,26.4,22,8,60
37602230010,詫間（停）線,,丸亀詫間豊浜線,37208,0,0.2,,323,,350,673,1.29,0.08,16.1,6.7,16,30
37602240010,岡本高瀬線,観音寺善通寺線,帰来本山（停）線,37208,0,0.8,,7234,,7196,14430,1.25,1.1,39.4,37.5,10.7,40
37602240020,岡本高瀬線,帰来本山（停）線,豊中三野線,37208,0,1.7,,7234,,7196,14430,1.25,1.1,33.6,32.1,10.7,40
37602240040,岡本高瀬線,豊中三野線,詫間琴平線,37208,0,3.1,,2692,,2670,5362,1.24,0.49,38.1,36.5,9,60
37602250010,羽方豊中線,財田上高瀬線,善通寺大野原線,37208,0,2.5,,918,,835,1753,1.22,0.26,36.9,40.3,7.6,60
37602250020,羽方豊中線,善通寺大野原線,財田西豊中線,37208,0,1.2,,918,,835,1753,1.22,0.26,39.5,39.5,7.6,60
37602250030,羽方豊中線,財田西豊中線,一般国道１１号,37208,0,1.3,,918,,835,1753,1.22,0.26,26.3,20,7.6,60
37602260010,財田西豊中線,観音寺池田線,善通寺大野原線,37208,0,2.5,,1451,,1443,2894,1.24,0.3,37.8,25.4,7.9,60
37602260020,財田西豊中線,善通寺大野原線,羽方豊中線,37208,0,1.4,,1451,,1443,2894,1.24,0.3,25.6,36.7,7.9,60
37602260030,財田西豊中線,羽方豊中線,一般国道１１号,37208,0,1.8,,1451,,1443,2894,1.24,0.29,39.7,33.1,10,60
37602270010,汐木洲崎詫間線,詫間琴平線,丸亀詫間豊浜線,37208,0,1,,183,,276,459,1.29,0.1,25.5,28.6,8.5,30
37602290010,本山（停）線,観音寺善通寺線,帰来本山（停）線,37208,0,0.5,,2314,,2388,4702,1.24,0.48,26.1,26,6.8,40
37602290020,本山（停）線,帰来本山（停）線,観音寺善通寺線,37208,0,0.4,,2314,,2388,4702,1.24,1.91,20.4,14.6,4.7,40
37602290030,本山（停）線,観音寺善通寺線,一般国道１１号,37208,0,1.1,,2314,,2388,4702,1.24,1.91,23.7,19.5,4.7,40
37602300010,帰来本山（停）線,岡本高瀬線,本山（停）線,37208,0,0.4,,323,,347,670,1.29,0.09,14.2,19.7,10,40
37602310010,詫間仁尾線,丸亀詫間豊浜線,紫雲出山線,37208,0,2.6,,5477,,5570,11047,1.24,1.24,26.7,25.8,16,50
37602310020,詫間仁尾線,紫雲出山線,大浜仁尾線,37208,0,2.9,,2140,,2205,4345,1.25,0.58,46,43.6,12,50
37602310030,詫間仁尾線,大浜仁尾線,仁尾港線,37208,0,0.1,,2140,,2205,4345,1.25,0.58,16.8,31.9,12,50
37602310040,詫間仁尾線,仁尾港線,丸亀詫間豊浜線,37208,0,0.6,,2140,,2205,4345,1.25,0.58,38.7,35.9,12,50
37602320010,紫雲出山線,,大浜仁尾線,37208,0,3.6,,1438,,1512,2950,1.24,0.63,31.2,30.4,5.6,60
37602320020,紫雲出山線,大浜仁尾線,詫間仁尾線,37208,0,16.3,,1438,,1512,2950,1.24,0.63,37.1,37.1,5.6,60
37602330010,仁尾港線,,詫間仁尾線,37208,0,0.2,,3685,,3725,7410,1.22,0.69,16,24.7,7.8,60
37602340010,大浜仁尾線,紫雲出山線,詫間仁尾線,37208,0,7.3,,256,,297,553,1.3,0.07,35.3,26.3,8.2,40
37602350010,室本港線,,丸亀詫間豊浜線,37205,0,0.5,,183,,276,459,1.29,0.85,8,18,3.9,60
37602360010,室本流岡線,丸亀詫間豊浜線,観音寺善通寺線,37205,0,0.9,,2986,,3548,6534,1.23,0.68,41.4,37.1,9.8,40
37602370010,黒渕本大線,観音寺佐野線,福田原観音寺線,37205,0,0.6,観音寺市流岡町1339-1地先,6242,観音寺市流岡町1339-1地先,6474,12716,1.25,0.92,16.1,24.6,16,40
37602370020,黒渕本大線,福田原観音寺線,粟井観音寺線,37205,0,0.1,観音寺市流岡町1339-1地先,6242,観音寺市流岡町1339-1地先,6474,12716,1.25,0.92,19.4,22.9,16,40
37602370030,黒渕本大線,粟井観音寺線,込野観音寺線,37205,0,1,観音寺市流岡町1339-1地先,6242,観音寺市流岡町1339-1地先,6474,12716,1.25,0.92,25.2,20.2,16,40
37602370040,黒渕本大線,込野観音寺線,一般国道１１号,37205,0,3,観音寺市流岡町1339-1地先,6242,観音寺市流岡町1339-1地先,6474,12716,1.25,0.92,30.9,24.1,16,40
37602380010,観音寺港線,,丸亀詫間豊浜線,37205,0,0.9,,3620,,3658,7278,1.23,0.69,22.8,20.1,6.7,30
37602390010,観音寺港観音寺（停）線,,丸亀詫間豊浜線,37205,0,0.7,観音寺市栄町2－4－15地先,3806,観音寺市栄町2－4－15地先,3932,7738,1.23,0.58,24.5,27.4,16,40
37602390020,観音寺港観音寺（停）線,丸亀詫間豊浜線,観音寺佐野線,37205,0,0.5,観音寺市栄町2－4－15地先,3806,観音寺市栄町2－4－15地先,3932,7738,1.23,0.58,22.6,34.3,16,40
37602390030,観音寺港観音寺（停）線,観音寺佐野線,粟井観音寺線,37205,0,0.2,観音寺市栄町2－4－15地先,3806,観音寺市栄町2－4－15地先,3932,7738,1.23,0.58,28.1,20.8,16,40
37602390040,観音寺港観音寺（停）線,粟井観音寺線,観音寺善通寺線,37205,0,0.3,観音寺市栄町2－4－15地先,3806,観音寺市栄町2－4－15地先,3932,7738,1.23,0.58,14.3,17.1,16,40
37602400010,粟井観音寺線,,一般国道３７７号,37205,0,4,,480,,495,975,1.28,0.14,28.4,14.6,10.6,60
37602400020,粟井観音寺線,一般国道３７７号,善通寺大野原線,37205,0,1.2,,2211,,2365,4576,1.24,0.4,33.1,37.5,9.1,40
37602400030,粟井観音寺線,善通寺大野原線,一般国道１１号,37205,0,1.5,,2211,,2365,4576,1.24,0.4,29.8,26,9.1,40
37602400040,粟井観音寺線,一般国道１１号,黒渕本大線,37205,0,1.7,観音寺市栄町3－5－13地先,4748,観音寺市栄町3－5－13地先,4008,8756,1.23,0.71,22.5,24.7,9.8,40
37602400050,粟井観音寺線,黒渕本大線,福田原観音寺線,37205,0,0.1,観音寺市栄町3－5－13地先,4748,観音寺市栄町3－5－13地先,4008,8756,1.23,0.71,13.6,17.3,9.8,40
37602400060,粟井観音寺線,福田原観音寺線,観音寺港観音寺（停）線,37205,0,0.4,観音寺市栄町3－5－13地先,4748,観音寺市栄町3－5－13地先,4008,8756,1.23,0.71,16.7,12.7,9.8,40
37602400070,粟井観音寺線,観音寺港観音寺（停）線,観音寺佐野線,37205,0,0.2,観音寺市栄町3－5－13地先,4748,観音寺市栄町3－5－13地先,4008,8756,1.23,0.71,15.5,16.6,9.8,40
37602410010,丸井萩原豊浜線,一般国道３７７号,福田原観音寺線,37205,0,1.4,,4116,,3671,7787,1.23,0.79,40.9,41.8,9.5,50
37602410020,丸井萩原豊浜線,福田原観音寺線,観音寺佐野線,37205,0,1.4,,4116,,3671,7787,1.23,0.79,41.1,35.8,9.5,50
37602410030,丸井萩原豊浜線,観音寺佐野線,一般国道１１号,37205,0,6,,3006,,2897,5903,1.23,0.6,42.9,38,10.5,50
37602420010,福田原観音寺線,丸井萩原豊浜線,一般国道３７７号,37205,0,1,,1976,,2217,4193,1.25,0.58,13.3,31.4,9.4,60
37602420020,福田原観音寺線,一般国道３７７号,善通寺大野原線,37205,0,1,,1976,,2217,4193,1.25,0.58,30.9,28.6,9.4,60
37602420030,福田原観音寺線,善通寺大野原線,一般国道１１号,37205,0,1.4,,1976,,2217,4193,1.25,0.58,36.4,34.3,9.4,60
37602420040,福田原観音寺線,一般国道１１号,黒渕本大線,37205,0,2.2,,1976,,2217,4193,1.25,0.58,25.3,18.2,9.4,60
37602420050,福田原観音寺線,黒渕本大線,粟井観音寺線,37205,0,0.1,,1976,,2217,4193,1.25,0.58,9.1,18,9.4,60
37602430010,豊浜（停）線,,先林姫浜線,37205,0,0.1,,323,,350,673,1.29,0.08,6.5,7.4,7.1,40
37602430020,豊浜（停）線,先林姫浜線,一般国道３７７号,37205,0,0.2,,323,,350,673,1.29,0.08,21.7,18,7.1,40
37602440010,先林姫浜線,一般国道１１号,豊浜（停）線,37205,0,0.4,,2822,,3156,5978,1.23,0.7,15.2,18.9,7.7,60
37602450010,豊浜港線,,一般国道１１号,37205,0,0.2,,3685,,3725,7410,1.22,0.64,11.1,11.3,14.9,60
37602460010,福田港神懸線,土庄福田線,福田港神懸線,37324,0,3,,272,,264,536,1.3,0.07,32.7,26,5.4,60
37602460020,福田港神懸線,福田港神懸線,,37324,0,1.7,,82,,66,148,1.18,0.05,31.2,31.2,5.4,60
37602460040,福田港神懸線,福田港神懸線,寒霞渓（公）線,37324,0,6,,272,,264,536,1.3,0.44,38.7,38.9,5.6,60
37304360010,橘大角坂手港線,一般国道４３６号,その他道路,37324,0,1.1,,202,,201,403,1.27,0.14,16.9,16.9,5,60
37602480010,橘大角坂手港線,その他道路,坂手港線,37324,0,11.4,,202,,201,403,1.27,0.14,25.9,26.7,5,60
37602490010,田浦坂手港線,,坂手港線,37324,0,6.1,,279,,307,586,1.29,0.1,38.9,33.5,8.8,60
37602500010,三都港平木線,,神の浦吉野線,37324,0,0.4,,245,,276,521,1.3,0.08,42.7,3.3,8.3,60
37602500020,三都港平木線,神の浦吉野線,蒲野西村線,37324,0,2.4,,245,,276,521,1.3,0.08,36.5,18.5,8.3,60
37602500030,三都港平木線,蒲野西村線,神の浦吉野線,37324,0,2.6,,1086,,1277,2363,1.25,0.31,41.2,29.7,8,40
37602500040,三都港平木線,神の浦吉野線,一般国道４３６号,37324,0,4.7,,1086,,1277,2363,1.25,0.31,43.5,39.2,8,40
37602510010,蒲野西村線,三都港平木線,一般国道４３６号,37324,0,5.3,,273,,301,574,1.29,0.06,27.3,27.3,8.5,60
37602520010,上庄池田線,土庄福田線,土庄町・小豆島町境,37322,0,2.6,,409,,429,838,1.15,0.14,33.5,35.7,7.8,60
37602520020,上庄池田線,土庄町・小豆島町境,一般国道４３６号,37324,0,4.3,,409,,429,838,1.15,0.12,33.7,29.7,8,40
37602530010,屋形崎小江渕崎線,土庄福田線,土庄福田線,37322,0,12.1,,406,,419,825,1.15,0.12,38.7,39.8,8.1,60
37602540005,本町小瀬土庄港線,一般国道４３６号,本町小瀬土庄港線,37322,0,0.4,,2265,,2318,4583,1.24,0.32,16.1,19.8,7.9,40
37602540010,本町小瀬土庄港線,本町小瀬土庄港線,,37322,0,0.2,,2265,,2318,4583,1.24,0.32,34.1,33.6,7.9,40
37602540020,本町小瀬土庄港線,,一般国道４３６号,37322,0,9.3,,2265,,2318,4583,1.24,0.32,32.2,31.7,7.9,40
37602540040,本町小瀬土庄港線,本町小瀬土庄港線,一般国道４３６号,37322,0,0.8,小豆郡土庄町土庄甲737-4地先,1146,小豆郡土庄町土庄甲737-4地先,1389,2535,1.26,0.4,36.6,35.3,12,60
37602550060,豊島循環線,その他道路,その他道路,37322,0,1.5,,341,,351,692,1.15,0.05,,,7.4,60
37602550010,豊島循環線,その他道路,豊島循環線,37322,0,0.2,,341,,351,692,1.15,0.31,36,35.4,5,60
37602550020,豊島循環線,豊島循環線,豊島循環線,37322,0,10.7,,341,,351,692,1.15,0.31,30,30,5,60
37602560010,北風戸積浦線,,北風戸積浦線,37364,0,0.4,,1384,,1423,2807,1.24,0.47,5.5,10.1,5,40
37602560020,北風戸積浦線,北風戸積浦線,,37364,0,1.3,,1384,,1423,2807,1.24,0.47,15.2,16.2,5,40
37602560030,北風戸積浦線,,北風戸積浦線,37364,0,1.3,,1384,,1423,2807,1.24,0.47,20.5,19.8,5,40
37602560040,北風戸積浦線,北風戸積浦線,,37364,0,6.8,,1384,,1423,2807,1.24,0.47,26.3,23.7,5,40
37602560060,北風戸積浦線,北風戸積浦線,北風戸積浦線,37364,0,2.9,,1384,,1423,2807,1.24,0.33,36,34,7.4,40
37602570010,本島循環線,,,37202,0,1.8,,181,,174,355,1.29,0.05,30.8,28.6,5.4,60
37602570030,本島循環線,,,37202,0,2.9,,181,,174,355,1.29,0.04,39.5,39.5,7.2,60
37602570050,本島循環線,,,37202,0,8.1,,181,,174,355,1.29,0.32,26.7,26.7,5.6,60
37602580010,広島循環線,,,37202,0,1.4,,180,,159,339,1.29,0.05,32.8,38.4,5,60
37602580020,広島循環線,,,37202,0,12.3,,180,,159,339,1.29,0.05,26.8,26.8,5,60
37602590010,大久保田の上線,,,37404,0,2.6,,182,,166,348,1.29,1.08,33,33,2.4,60
37602600010,長崎本浦線,,,37404,0,3.2,,182,,166,348,1.29,0.27,26.6,26.6,4,60
37602610010,京浜下新田線,,,37208,0,6.2,,180,,159,339,1.29,0.11,,,5.2,60
37602620010,伊吹循環線,,,37205,0,2.8,,180,,159,339,1.29,1.05,,,3.2,60
37602620020,伊吹循環線,,,37205,0,2,,180,,159,339,1.29,0.1,,,5.1,60
37602630010,鹿庭奥山線,多和三木線,一般国道１９３号,37341,0,9.1,,66,,69,135,1.18,0.02,27.9,24.9,7.2,60
37602640010,田面富田西線,津田川島線,,37206,0,4,,77,,65,142,1.18,0.1,39.5,39.5,5.4,60
37602640030,田面富田西線,,,37206,0,0.8,,,,,,,,,,1,60
37602640050,田面富田西線,,高松長尾大内線,37206,0,5.7,,523,,496,1019,1.27,0.11,29.6,17.1,8.2,50
37602640060,田面富田西線,高松長尾大内線,富田西鴨庄線,37206,0,1,,523,,496,1019,1.27,0.11,28,23.6,8.2,50
37602650010,枌所西造田線,国分寺中通線,綾川町・まんのう町境,37387,0,3.4,,77,,65,142,1.18,0.04,36,36,8.1,60
37602650020,枌所西造田線,綾川町・まんのう町境,府中造田線,37406,0,1.6,,77,,65,142,1.18,0.04,46.6,41.3,8,60
37602660010,勅使室新線,一般国道１１号,川東高松線,37201,0,1.5,,3138,,5543,8681,1.23,0.88,23.1,11,7.6,40
37602660020,勅使室新線,川東高松線,木太鬼無線,37201,0,0.7,,3138,,5543,8681,1.23,0.88,9.5,21.3,7.6,40
37602660030,勅使室新線,木太鬼無線,一般国道１１号,37201,0,0.7,,3138,,5543,8681,1.23,0.88,23.1,8.8,7.6,40
37602680010,神の浦吉野線,三都港平木線,三都港平木線,37324,0,4.2,,245,,276,521,1.3,0.11,33.1,32.6,5.7,60
37602710010,豊中仁尾線,豊中三野線,丸亀詫間豊浜線,37208,0,5.3,,1009,,1022,2031,1.25,0.22,46.5,46.1,9.8,50
37400100320,高松志度線,花ノ宮木太線,中徳三谷高松線,37201,0,0.7,,14757,,14313,29070,1.28,0.93,24.5,10,22,50
37400100330,高松志度線,中徳三谷高松線,高松長尾大内線,37201,0,0.6,,14757,,14313,29070,1.28,0.95,10.3,13.6,13.7,50
37602720090,高松志度線,高松長尾大内線,高松長尾大内線,37201,0,1.4,高松市元山町579地先,13139,高松市元山町579地先,13767,26906,1.27,0.77,16.2,20.4,22,50
37602720100,高松志度線,高松長尾大内線,塩江屋島西線,37201,0,1.1,高松市元山町579地先,13139,高松市元山町579地先,13767,26906,1.27,0.77,20.2,22.9,22,50
37602720010,高松志度線,塩江屋島西線,三木牟礼線,37201,0,3.8,,5123,,4325,9448,1.23,0.89,37.4,38.1,14.6,50
37602720030,高松志度線,三木牟礼線,高松市・さぬき市境,37201,0,1.7,,5123,,4325,9448,1.23,1.02,29.9,36.8,10.2,50
37602720040,高松志度線,高松市・さぬき市境,太田上町志度線,37206,0,0.7,,5123,,4325,9448,1.23,1.03,41.8,35.7,10.1,50
37602720045,高松志度線,太田上町志度線,市道志度駅中央線,37206,0,0.3,さぬき市志度2325-3地先,5828,さぬき市志度2325-3地先,5489,11317,1.22,0.76,25.1,29.4,14.4,50
37602720050,高松志度線,市道志度駅中央線,志度山川線,37206,0,0.6,さぬき市志度2325-3地先,5828,さぬき市志度2325-3地先,5489,11317,1.22,0.76,24,18.7,14.4,50
37602720070,高松志度線,志度山川線,石田東志度線,37206,0,0.4,,,,,,,,22.1,13,14.9,50
37602730010,櫃石島線,,一般国道３０号（本四道路）,37203,0,1.6,,182,,166,348,1.29,0.06,15.3,15.3,7.6,60
37602740010,与島線,,,37203,0,1.8,,182,,166,348,1.29,0.06,,,6.4,60
37602780010,綾歌綾川線,一般国道４３８号,,37202,0,2.2,丸亀市綾歌町栗熊東,2342,丸亀市綾歌町栗熊東,2411,4753,1.25,0.61,36.2,40.5,8,50
37602780020,綾歌綾川線,,丸亀市・綾川町境,37202,0,1.8,丸亀市綾歌町栗熊東,2342,丸亀市綾歌町栗熊東,2411,4753,1.25,0.61,43.2,46.5,8,50
37602780030,綾歌綾川線,丸亀市・綾川町境,一般国道３７７号,37387,0,1.6,丸亀市綾歌町栗熊東,2342,丸亀市綾歌町栗熊東,2411,4753,1.25,0.65,40.3,36.5,8.7,50
37602780050,綾歌綾川線,一般国道３７７号,造田滝宮線,37387,0,1.2,,2263,,2355,4618,1.24,0.6,39.3,39.7,8,50
37602780060,綾歌綾川線,造田滝宮線,府中造田線,37387,0,1.5,,2263,,2355,4618,1.24,0.6,42.9,42.6,8,50
37602780070,綾歌綾川線,府中造田線,三木綾川線,37387,0,3.3,,2263,,2355,4618,1.24,0.6,45.7,42.8,8,50
37602790010,三木寒川線,三木綾川線,多和三木線,37341,0,1.3,木田郡三木町井戸1290-1地先,4109,木田郡三木町井戸1290-1地先,4218,8327,1.23,0.75,41.2,39.9,7.5,50
37602790020,三木寒川線,多和三木線,三木町・さぬき市境,37341,0,0.4,木田郡三木町井戸1290-1地先,4109,木田郡三木町井戸1290-1地先,4218,8327,1.23,0.75,31.5,33.1,7.5,50
37602790030,三木寒川線,三木町・さぬき市境,志度山川線,37206,0,0.8,木田郡三木町井戸1290-1地先,4109,木田郡三木町井戸1290-1地先,4218,8327,1.23,0.77,41.9,36,8.2,50
37602790050,三木寒川線,志度山川線,高松長尾大内線,37206,0,2.7,,3934,,3874,7808,1.23,0.78,42.2,39.7,8,50
37602800010,高松香川線,一般国道１１号,高松港栗林（公）線,37201,0,0.1,,8009,,6352,14361,1.25,1.4,5.9,11.3,11.3,40
37602800020,高松香川線,高松港栗林（公）線,花ノ宮木太線,37201,0,0.4,,8009,,6352,14361,1.25,1.4,18.3,15.3,11.3,40
37602800030,高松香川線,花ノ宮木太線,木太鬼無線,37201,0,0.8,,8009,,6352,14361,1.25,1.4,14.5,16.4,11.3,40
37602800040,高松香川線,木太鬼無線,一般国道１１号,37201,0,1,,8009,,6352,14361,1.25,1.4,15.9,11.1,11.3,40
37602800050,高松香川線,一般国道１１号,岩崎高松線,37201,0,1,,8009,,6352,14361,1.25,1.4,8.6,21.9,11.3,40
37602800060,高松香川線,岩崎高松線,太田上町志度線,37201,0,0.1,,8009,,6352,14361,1.25,1.4,14.7,12.8,11.3,40
37602800065,高松香川線,太田上町志度線,太田上町志度線,37201,0,0.6,高松市香川町浅野156地先,5007,高松市香川町浅野156地先,4773,9780,1.24,0.83,13,19,11.3,40
37602800070,高松香川線,太田上町志度線,三木国分寺線,37201,0,1,高松市香川町浅野156地先,5007,高松市香川町浅野156地先,4773,9780,1.24,0.83,25.7,16.1,11.3,40
37602800080,高松香川線,三木国分寺線,三谷香川線,37201,0,1.6,高松市香川町浅野156地先,5007,高松市香川町浅野156地先,4773,9780,1.24,0.99,15,22.9,8,40
37602800090,高松香川線,三谷香川線,三谷香川線,37201,0,0.2,高松市香川町浅野156地先,5007,高松市香川町浅野156地先,4773,9780,1.24,0.99,22.1,28.8,8,40
37602800100,高松香川線,三谷香川線,岡本香川線,37201,0,0.6,高松市香川町浅野156地先,5007,高松市香川町浅野156地先,4773,9780,1.24,0.99,33.5,27.3,8,40
37602800110,高松香川線,岡本香川線,一般国道１９３号,37201,0,2.8,高松市香川町浅野156地先,5007,高松市香川町浅野156地先,4773,9780,1.24,0.75,28.6,27.6,8.4,40
37602810010,五色台線,鴨川（停）五色台線,五色台線,37201,0,3.2,,158,,197,355,1.29,0.04,44.6,47.3,8.3,40
37602810020,五色台線,五色台線,高松市・坂出市境,37201,0,2,,158,,197,355,1.29,0.04,52.5,50.1,8.3,40
37602810030,五色台線,高松市・坂出市境,高松王越坂出線,37203,0,3.5,,158,,197,355,1.29,0.04,38,38.3,8.5,40
37602810050,五色台線,五色台線,,37203,0,1.3,,158,,197,355,1.29,0.04,44.4,40.7,9,40
37602820010,高松琴平線,一般国道１１号,国分寺太田上町線,37201,0,0.5,,4510,,4566,9076,1.23,0.87,9.7,15.8,8.1,40
37602820020,高松琴平線,国分寺太田上町線,一般国道３２号,37201,0,1.3,,4510,,4566,9076,1.23,0.87,24.6,20,8.1,40
37602820040,高松琴平線,一般国道３２号,三木国分寺線,37201,0,0.2,高松市国分寺町福家甲219-1,3452,高松市国分寺町福家甲219-1,3239,6691,1.23,0.56,6.6,11.8,8.5,40
37602820050,高松琴平線,三木国分寺線,円座香南線,37201,0,1.9,高松市国分寺町福家甲219-1,3452,高松市国分寺町福家甲219-1,3239,6691,1.23,0.56,18.7,32.6,8.5,40
37602820060,高松琴平線,円座香南線,岡本香川線,37201,0,0.8,高松市国分寺町福家甲219-1,3452,高松市国分寺町福家甲219-1,3239,6691,1.23,0.56,30.7,30.8,8.5,40
37602820070,高松琴平線,岡本香川線,国分寺中通線,37201,0,0.9,高松市国分寺町福家甲219-1,3452,高松市国分寺町福家甲219-1,3239,6691,1.23,0.56,25.1,32.4,8.5,40
37602820080,高松琴平線,国分寺中通線,高松市・綾川町境,37201,0,0.2,高松市国分寺町福家甲219-1,3452,高松市国分寺町福家甲219-1,3239,6691,1.23,0.56,24.4,32.2,8.5,40
37602820090,高松琴平線,高松市・綾川町境,三木綾川線,37387,0,2.8,高松市国分寺町福家甲219-1,3452,高松市国分寺町福家甲219-1,3239,6691,1.23,0.55,38.2,34.8,7.2,40
37602820100,高松琴平線,三木綾川線,府中造田線,37387,0,1.5,高松市国分寺町福家甲219-1,3452,高松市国分寺町福家甲219-1,3239,6691,1.23,0.55,32.2,31.9,7.2,40
37602820120,高松琴平線,府中造田線,造田滝宮線,37387,0,1.2,,2060,,2421,4481,1.24,0.5,36.3,36.8,7.5,40
37602820130,高松琴平線,造田滝宮線,綾川国分寺線,37387,0,0.9,,2060,,2421,4481,1.24,0.5,24.5,26.8,7.5,40
37602820140,高松琴平線,綾川国分寺線,一般国道３２号,37387,0,1.6,,2060,,2421,4481,1.24,0.5,35.3,31.9,7.5,40
37602820155,高松琴平線,高松琴平線,丸亀市・まんのう町境,37202,0,0.2,仲多度郡まんのう町羽間2951地先,2186,仲多度郡まんのう町羽間2951地先,2182,4368,1.25,0.4,48.1,49.5,9.5,40
37602820160,高松琴平線,丸亀市・まんのう町境,長尾丸亀線,37406,0,1.3,仲多度郡まんのう町羽間2951地先,2186,仲多度郡まんのう町羽間2951地先,2182,4368,1.25,0.4,43.5,42.8,9.6,50
37602820180,高松琴平線,炭所西善通寺線,まんのう善通寺線,37406,0,0.4,仲多度郡まんのう町羽間2951地先,2186,仲多度郡まんのう町羽間2951地先,2182,4368,1.25,0.4,20.5,17.7,8.5,40
37602820190,高松琴平線,まんのう善通寺線,まんのう町・琴平町境,37406,0,0.7,仲多度郡まんのう町羽間2951地先,2186,仲多度郡まんのう町羽間2951地先,2182,4368,1.25,0.4,20.6,29.9,8.5,40
37602820200,高松琴平線,まんのう町・琴平町境,丸亀三好線,37403,0,0.1,仲多度郡まんのう町羽間2951地先,2186,仲多度郡まんのう町羽間2951地先,2182,4368,1.25,0.48,29.7,27.5,7.9,40
37602820210,高松琴平線,丸亀三好線,一般国道３１９号,37403,0,0.4,仲多度郡まんのう町羽間2951地先,2186,仲多度郡まんのう町羽間2951地先,2182,4368,1.25,0.48,28,14.3,7.9,40
37602820430,高松琴平線,一般国道３２号,その他道路,37202,0,0.1,,,,,,,,6.8,37.5,11.4,60
37300320370,高松琴平線,その他道路,岡田善通寺線,37202,0,0.4,,2169,,1890,4059,1.25,0.46,29.5,31.1,6.8,40
37300320380,高松琴平線,岡田善通寺線,一般国道４３８号,37202,0,0.1,,2169,,1890,4059,1.25,0.46,33.8,16.2,6.8,40
37300320390,高松琴平線,一般国道４３８号,岡田丸亀線,37202,0,1.2,,2169,,1890,4059,1.25,0.46,48.9,49.5,6.8,40
37300320400,高松琴平線,岡田丸亀線,高松琴平線,37202,0,0.4,,2169,,1890,4059,1.25,0.5,52.9,51.9,9.6,40
37300320410,高松琴平線,高松琴平線,一般国道３２号,37202,0,0.1,,2169,,1890,4059,1.25,0.5,19.8,9.4,9.6,40
