交通調査基本区間番号,路線名,起点側／路線名等,終点側／路線名等,市区町村コード,自動車専用道路の別,区間延長（ｋｍ）,上り／交通量観測地点地名,上り／２４時間自動車類交通量／合計（台）,下り／交通量観測地点地名,下り／２４時間自動車類交通量／合計（台）,２４時間自動車類交通量（上下合計）／合計（台）,昼夜率,混雑度,朝夕（混雑時）／上り／旅行速度／合計（ｋｍ／ｈ）,朝夕（混雑時）／下り／旅行速度／合計（ｋｍ／ｈ）,幅員構成／道路部幅員（ｍ）,指定最高速度（ｋｍ／ｈ）
14110100010,東名高速道路,東名高速道路,川崎市多摩区・川崎市宮前区境,14135,1,1.9,東京～東名川崎,46444,東京～東名川崎,46850,93294,1.58,0.65,15.5,73.5,32,100
14110100020,東名高速道路,川崎市多摩区・川崎市宮前区境,野川菅生線,14136,1,2.4,東京～東名川崎,46444,東京～東名川崎,46850,93294,1.58,0.65,25.3,75.3,32.1,100
14110100030,東名高速道路,野川菅生線,川崎市宮前区・横浜市青葉区境,14136,1,1,東名川崎～横浜青葉,49384,東名川崎～横浜青葉,47455,96839,1.53,0.66,61.2,86.4,32.1,100
14110100040,東名高速道路,川崎市宮前区・横浜市青葉区境,横浜北西線,14117,1,4.8,東名川崎～横浜青葉,49384,東名川崎～横浜青葉,47455,96839,1.53,0.66,79.3,63.8,33.6,100
14110100050,東名高速道路,横浜北西線,横浜市青葉区・横浜市緑区境,14117,1,0.8,横浜青葉～横浜町田,62726,横浜青葉～横浜町田,59310,122036,1.49,0.87,85.6,41.1,33.6,100
14110100060,東名高速道路,横浜市青葉区・横浜市緑区境,横浜市緑区・横浜市青葉区境,14113,1,1.1,横浜青葉～横浜町田,62726,横浜青葉～横浜町田,59310,122036,1.49,0.87,44.7,35,33.6,100
14110100070,東名高速道路,横浜市緑区・横浜市青葉区境,横浜市青葉区・横浜市緑区境,14117,1,0.4,横浜青葉～横浜町田,62726,横浜青葉～横浜町田,59310,122036,1.49,0.87,46.6,32.1,33.6,100
14110100080,東名高速道路,横浜市青葉区・横浜市緑区境,一般国道１６号,14113,1,4,横浜青葉～横浜町田,62726,横浜青葉～横浜町田,59310,122036,1.49,0.87,35.2,24.5,33.6,100
14110100090,東名高速道路,一般国道１６号,東名高速道路,14113,1,0.4,横浜町田～綾瀬スマート,72008,横浜町田～綾瀬スマート,68417,140425,1.47,1.04,44.3,19.8,33.6,100
14110100110,東名高速道路,東名高速道路,横浜市瀬谷区・大和市境,14114,1,1.4,横浜町田～綾瀬スマート,72008,横浜町田～綾瀬スマート,68417,140425,1.47,1.04,62.3,38.4,33.6,100
14110100120,東名高速道路,横浜市瀬谷区・大和市境,大和市・綾瀬市境,14213,1,3.9,横浜町田～綾瀬スマート～海老名JCT,72008,横浜町田～綾瀬スマート～海老名JCT,68417,140425,1.47,1.04,56.8,48.9,33.6,100
14110100125,東名高速道路,大和市・綾瀬市境,藤沢座間厚木,14218,1,2.9,横浜町田～綾瀬スマート～海老名JCT,72008,横浜町田～綾瀬スマート～海老名JCT,68417,140425,1.47,1.04,40.8,56.6,33.6,100
14110100130,東名高速道路,藤沢座間厚木,綾瀬市・海老名市境,14218,1,1.3,横浜町田～綾瀬スマート～海老名JCT,72008,横浜町田～綾瀬スマート～海老名JCT,68417,140425,1.47,1.04,27.2,61.4,33.6,100
14110100140,東名高速道路,綾瀬市・海老名市境,東名高速道路,14215,1,3.8,横浜町田～綾瀬スマート～海老名JCT,72008,横浜町田～綾瀬スマート～海老名JCT,68417,140425,1.47,1.04,29.4,58.1,33.6,100
14110100150,東名高速道路,東名高速道路,海老名市・厚木市境,14215,1,0.2,海老名JCT～厚木,70791,海老名JCT～厚木,66546,137337,1.54,1.04,35.1,77,33.6,100
14110100160,東名高速道路,海老名市・厚木市境,一般国道１２９号,14212,1,0.8,海老名JCT～厚木,70791,海老名JCT～厚木,66546,137337,1.54,1.04,25.6,76.7,33.6,100
14110100170,東名高速道路,一般国道１２９号,厚木市・伊勢原市境,14212,1,2.6,厚木～伊勢原JCT～秦野中井,47221,厚木～伊勢原JCT～秦野中井,45651,92872,1.67,0.66,35.1,85.1,33.6,100
14110100175,東名高速道路,厚木市・伊勢原市境,新東名高速道路,14214,1,2.5,厚木～伊勢原JCT～秦野中井,47221,厚木～伊勢原JCT～秦野中井,45651,92872,1.67,0.66,43.3,85.4,33.6,100
14110100180,東名高速道路,新東名高速道路,伊勢原市・秦野市境,14214,1,4.4,厚木～伊勢原JCT～秦野中井,47221,厚木～伊勢原JCT～秦野中井,45651,92872,1.67,0.66,62.6,85.2,33.6,100
14110100190,東名高速道路,伊勢原市・秦野市境,秦野二宮,14211,1,5.5,厚木～伊勢原JCT～秦野中井,47221,厚木～伊勢原JCT～秦野中井,45651,92872,1.67,0.66,83.5,82,33.6,100
14110100200,東名高速道路,秦野二宮,秦野市・中井町境,14211,1,0.1,秦野中井～大井松田,46332,秦野中井～大井松田,44328,90660,1.73,1.22,86.3,83.9,33.6,100
14110100210,東名高速道路,秦野市・中井町境,中井町・大井町境,14361,1,4.4,秦野中井～大井松田,46332,秦野中井～大井松田,44328,90660,1.73,1.22,85.7,80.9,33.6,80
14110100220,東名高速道路,中井町・大井町境,一般国道２５５号,14362,1,3.3,秦野中井～大井松田,46332,秦野中井～大井松田,44328,90660,1.73,1.22,84.6,74.8,33.6,80
14110100230,東名高速道路,一般国道２５５号,大井町・松田町境,14362,1,0.4,大井松田～足柄スマート,41031,大井松田～足柄スマート,39352,80383,1.8,1.01,83.9,76.6,33.6,80
14110100240,東名高速道路,大井町・松田町境,松田町・山北町境,14363,1,3.8,大井松田～足柄スマート,41031,大井松田～足柄スマート,39352,80383,1.8,0.97,86,75.2,39.7,80
14110100250,東名高速道路,松田町・山北町境,東名高速道路,14364,1,11,大井松田～足柄スマート,41031,大井松田～足柄スマート,39352,80383,1.8,0.97,89.2,75,39.7,80
14304681050,東名高速道路,新東名高速道路,東名高速道路,14215,1,1.5,海老名JCT～海老名南JCT～寒川北,18355,海老名JCT～海老名南JCT～寒川北,19739,38094,1.28,0.62,83.9,44.7,23.5,80
14304680010,東名高速道路,東名高速道路,藤沢厚木,14215,1,1.9,海老名～海老名JCT,41400,海老名～海老名JCT,42912,84312,1.45,1.08,47.5,62.8,18.3,80
14111010010,中央自動車道富士吉田線,中央自動車道富士吉田線,一般国道２０号,14151,1,2.5,八王子JCT～相模湖東,26979,八王子JCT～相模湖東,23061,50040,1.45,0.96,47,87.8,23.5,80
14111010020,中央自動車道富士吉田線,一般国道２０号,一般国道２０号,14151,1,2.7,相模湖東～相模湖,26979,相模湖東～相模湖,22558,49537,1.44,0.96,58.3,84.6,23.5,80
14111010030,中央自動車道富士吉田線,一般国道２０号,中央自動車道富士吉田線,14151,1,4.6,相模湖～上野原,26138,相模湖～上野原,22345,48483,1.44,0.93,62.2,84.4,23.5,80
14119000010,新東名高速道路,一般国道４６８号（圏央道）,海老名市・厚木市境,14215,1,0.7,海老名南JCT～厚木南～伊勢原JCT～伊勢原大山,6302,海老名南JCT～厚木南～伊勢原JCT～伊勢原大山,6573,12875,1.41,0.18,52,69.6,22.3,100
14119000020,新東名高速道路,海老名市・厚木市境,一般国道１２９号,14212,1,0.8,海老名南JCT～厚木南～伊勢原JCT～伊勢原大山,6302,海老名南JCT～厚木南～伊勢原JCT～伊勢原大山,6573,12875,1.41,0.18,34.1,79.7,22.3,100
14119000030,新東名高速道路,一般国道１２９号,厚木市・伊勢原市境,14212,1,1.1,海老名南JCT～厚木南～伊勢原JCT～伊勢原大山,6302,海老名南JCT～厚木南～伊勢原JCT～伊勢原大山,6573,12875,1.41,0.18,45.7,85.9,22.3,100
14119000040,新東名高速道路,厚木市・伊勢原市境,東名高速道路,14214,1,3.5,海老名南JCT～厚木南～伊勢原JCT～伊勢原大山,6302,海老名南JCT～厚木南～伊勢原JCT～伊勢原大山,6573,12875,1.41,0.18,82.4,81.4,22.3,100
14119000050,新東名高速道路,東名高速道路,上粕屋厚木,14214,1,2.4,海老名南JCT～厚木南～伊勢原JCT～伊勢原大山,6302,海老名南JCT～厚木南～伊勢原JCT～伊勢原大山,6573,12875,1.41,0.18,,,22.3,100
14200330030,横浜北西線,高速神奈川７号横浜北線,横浜市都筑区・横浜市緑区境,14118,1,5.4,東名高速道路～横浜北線港北出入口,22637,東名高速道路～横浜北線港北出入口,21255,43892,1.35,0.73,65.6,75.6,19.5,60
14200330020,横浜北西線,横浜市都筑区・横浜市緑区境,横浜市緑区・横浜市青葉区境,14113,1,0.7,東名高速道路～横浜北線港北出入口,22637,東名高速道路～横浜北線港北出入口,21255,43892,1.35,0.73,42.8,72.9,19.5,60
14200330010,横浜北西線,横浜市緑区・横浜市青葉区境,東名高速道路,14117,1,1,東名高速道路～横浜北線港北出入口,22637,東名高速道路～横浜北線港北出入口,21255,43892,1.35,0.73,45.1,53.2,19.5,60
14200510010,高速湾岸線,高速湾岸線,高速神奈川６号川崎線,14131,1,0.5,都県境～川崎線浮島JCT・浮島出入口,50758,都県境～川崎線浮島JCT・浮島出入口,51416,102174,1.41,0.83,75.7,43.7,28.2,80
14200510020,高速湾岸線,高速神奈川６号川崎線,一般国道３５７号,14131,1,2.7,川崎線浮島JCT・浮島出入口～東扇島出入口,49453,川崎線浮島JCT・浮島出入口～東扇島出入口,52732,102185,1.44,1.03,62.7,43.4,28.2,80
14200510030,高速湾岸線,一般国道３５７号,,14131,1,2.6,東扇島出入口～高速湾岸線,48100,東扇島出入口～高速湾岸線,49920,98020,1.42,0.95,58.4,42.4,35,80
14200520010,高速湾岸線,,高速神奈川５号大黒線,14101,1,5.9,高速湾岸線～大黒線大黒JCT・大黒ふ頭出入口,48100,高速湾岸線～大黒線大黒JCT・大黒ふ頭出入口,49920,98020,1.42,0.95,30.5,72.3,30.5,80
14200520020,高速湾岸線,高速神奈川５号大黒線,横浜市鶴見区・横浜市中区境,14101,1,1.2,大黒線大黒JCT・大黒ふ頭出入口～本牧JCT・本牧ふ頭出入口,39633,大黒線大黒JCT・大黒ふ頭出入口～本牧JCT・本牧ふ頭出入口,44736,84369,1.44,0.75,33.1,80.7,30.5,80
14200520030,高速湾岸線,横浜市鶴見区・横浜市中区境,高速神奈川３号狩場線,14104,1,2.5,大黒線大黒JCT・大黒ふ頭出入口～本牧JCT・本牧ふ頭出入口,39633,大黒線大黒JCT・大黒ふ頭出入口～本牧JCT・本牧ふ頭出入口,44736,84369,1.44,0.75,34.5,82.1,28.95,80
14200520035,高速湾岸線,高速神奈川３号狩場線,一般国道３５７号,14104,1,0.1,本牧JCT・本牧ふ頭出入口～本牧ふ頭出入口,17748,本牧JCT・本牧ふ頭出入口～本牧ふ頭出入口,17897,35645,1.42,0.37,39.3,87.4,28.95,80
14200520039,高速湾岸線,一般国道３５７号,,14104,1,1.4,本牧ふ頭出入口～南本牧出入口,23004,本牧ふ頭出入口～南本牧出入口,23144,46148,1.37,0.45,55,85,28.95,80
14200520040,高速湾岸線,,一般国道３５７号,14104,1,2.3,南本牧出入口～三渓園出入口,21225,南本牧出入口～三渓園出入口,21399,42624,1.38,0.45,78.5,85.3,28.95,80
14200520050,高速湾岸線,一般国道３５７号,横浜市中区・横浜市磯子区境,14104,1,2.3,三渓園出入口～磯子出入口,23494,三渓園出入口～磯子出入口,23314,46808,1.37,0.43,88.3,82.9,28.95,80
14200520060,高速湾岸線,横浜市中区・横浜市磯子区境,一般国道３５７号,14107,1,2.6,三渓園出入口～磯子出入口,23494,三渓園出入口～磯子出入口,23314,46808,1.37,0.43,86.6,72.3,28.95,80
14200520070,高速湾岸線,一般国道３５７号,一般国道３５７号,14107,1,2.1,磯子出入口～杉田出入口,19478,磯子出入口～杉田出入口,19217,38695,1.37,0.32,85.1,86.6,28.95,80
14200520080,高速湾岸線,一般国道３５７号,横浜市磯子区・横浜市金沢区境,14107,1,0.5,杉田出入口～幸浦出入口,14098,杉田出入口～幸浦出入口,13793,27891,1.34,0.28,87.9,90.2,28.95,80
14200520090,高速湾岸線,横浜市磯子区・横浜市金沢区境,一般国道３５７号,14108,1,2.6,杉田出入口～幸浦出入口,14098,杉田出入口～幸浦出入口,13793,27891,1.34,0.28,73.8,86.3,28.95,80
14200520100,高速湾岸線,一般国道３５７号,一般国道１６号（横浜横須賀道路）,14108,1,0.9,幸浦出入口～並木IC,6413,幸浦出入口～並木IC,7286,13699,1.36,0.14,90.9,88,28.95,80
14201100010,高速神奈川１号横羽線,高速１号羽田線,高速神奈川６号川崎線,14131,1,0.8,都県境～大師JCT・大師出入口,43189,都県境～大師JCT・大師出入口,42888,86077,1.45,0.9,30.5,32.5,16.5,60
14201100020,高速神奈川１号横羽線,高速神奈川６号川崎線,東京大師横浜線,14131,1,3.6,川崎線大師JCT・大師出入口～浜川崎出入口,40378,川崎線大師JCT・大師出入口～浜川崎出入口,40781,81159,1.46,0.85,34.8,34.8,16.5,60
14201100030,高速神奈川１号横羽線,東京大師横浜線,川崎市川崎区・横浜市鶴見区境,14131,1,2,浜川崎出入口～浅田出入口,34555,浜川崎出入口～浅田出入口,35272,69827,1.46,0.72,24.7,32.3,16.5,60
14201100040,高速神奈川１号横羽線,川崎市川崎区・横浜市鶴見区境,東京大師横浜線,14101,1,0.1,浜川崎出入口～浅田出入口,34555,浜川崎出入口～浅田出入口,35272,69827,1.46,0.72,30.4,27.8,16.5,60
14201100050,高速神奈川１号横羽線,東京大師横浜線,東京大師横浜線,14101,1,0.7,浅田出入口～汐入出入口,42661,浅田出入口～汐入出入口,44998,87659,1.44,0.93,28.2,43.7,16.5,60
14201100060,高速神奈川１号横羽線,東京大師横浜線,高速神奈川５号大黒線,14101,1,2.2,汐入出入口～生麦JCT・生麦出入口,39300,汐入出入口～生麦JCT・生麦出入口,40996,80296,1.44,0.85,23.3,58.8,16.5,60
14201100070,高速神奈川１号横羽線,高速神奈川５号大黒線,横浜市鶴見区・横浜市神奈川区境,14101,1,0.7,生麦JCT・生麦出入口～守屋町出口,30250,生麦JCT・生麦出入口～守屋町出口,31222,61472,1.42,0.7,27.9,67.7,16.5,60
14201100080,高速神奈川１号横羽線,横浜市鶴見区・横浜市神奈川区境,横浜市神奈川区道,14102,1,0.6,生麦JCT・生麦出入口～守屋町出口,30250,生麦JCT・生麦出入口～守屋町出口,31222,61472,1.42,0.7,33.2,69.3,16.5,60
14201100090,高速神奈川１号横羽線,横浜市神奈川区道,横浜市神奈川区道,14102,1,0.4,守屋町出口～子安出入口,30250,守屋町出口～子安出入口,30059,60309,1.42,0.7,37.4,69.1,16.5,60
14201100100,高速神奈川１号横羽線,横浜市神奈川区道,一般国道１５号,14102,1,2.1,子安出入口～東神奈川出入口,29812,子安出入口～東神奈川出入口,30543,60355,1.41,0.7,44.7,69.8,16.5,60
14201100110,高速神奈川１号横羽線,一般国道１５号,高速神奈川２号三ツ沢線,14102,1,1.3,東神奈川出入口～三ツ沢線金港JCT,27931,東神奈川出入口～三ツ沢線金港JCT,29343,57274,1.39,0.66,56.9,63.8,16.5,60
14201100120,高速神奈川１号横羽線,高速神奈川２号三ツ沢線,横浜市神奈川区・横浜市西区境,14102,1,0.1,金港JCT～横浜駅東口出入口,21655,金港JCT～横浜駅東口出入口,23247,44902,1.28,0.74,67.5,71.5,18,60
14201100130,高速神奈川１号横羽線,横浜市神奈川区・横浜市西区境,一般国道１号,14103,1,0.9,金港JCT～横浜駅東口出入口,21655,金港JCT～横浜駅東口出入口,23247,44902,1.28,0.74,64.6,68.1,18,60
14201100140,高速神奈川１号横羽線,一般国道１号,栄本町線,14103,1,0.9,横浜駅東口出入口～みなとみらい出入口,22314,横浜駅東口出入口～みなとみらい出入口,24783,47097,1.28,0.78,64.4,63.4,18,60
14201100150,高速神奈川１号横羽線,栄本町線,横浜市西区・横浜市中区境,14103,1,0.1,みなとみらい出入口～横浜公園出入口,18011,みなとみらい出入口～横浜公園出入口,20834,38845,1.27,0.65,71.7,76.9,18,60
14201100160,高速神奈川１号横羽線,横浜市西区・横浜市中区境,関内本牧線,14104,1,1.8,みなとみらい出入口～横浜公園出入口,18011,みなとみらい出入口～横浜公園出入口,20834,38845,1.27,0.65,71.3,72.8,18,50
14201100170,高速神奈川１号横羽線,関内本牧線,高速神奈川３号狩場線,14104,1,1.2,横浜公園出入口～石川町JCT・石川町出入口,13813,横浜公園出入口～石川町JCT・石川町出入口,14728,28541,1.28,0.48,71.2,26,18,50
14201150010,高速神奈川２号三ツ沢線,高速神奈川１号横羽線,青木浅間線,14102,1,0.3,金港JCT～横浜駅西口出入口,26304,金港JCT～横浜駅西口出入口,28339,54643,1.34,0.78,47.8,52,16.4,60
14201150020,高速神奈川２号三ツ沢線,青木浅間線,横浜市神奈川区・横浜市西区境,14102,1,0.1,横浜駅西口出入口～三ツ沢出入口,25562,横浜駅西口出入口～三ツ沢出入口,25279,50841,1.35,0.76,51.2,48.6,16.4,60
14201150030,高速神奈川２号三ツ沢線,横浜市神奈川区・横浜市西区境,横浜市神奈川区道,14103,1,1.4,横浜駅西口出入口～三ツ沢出入口,25562,横浜駅西口出入口～三ツ沢出入口,25279,50841,1.35,0.76,45.8,41.6,16.4,60
14201150040,高速神奈川２号三ツ沢線,横浜市神奈川区道,横浜市西区・横浜市神奈川区境,14103,1,0.3,三ツ沢出入口～保土ヶ谷JCT,23785,三ツ沢出入口～保土ヶ谷JCT,21764,45549,1.36,0.69,48.4,36.8,17.5,60
14201150050,高速神奈川２号三ツ沢線,横浜市西区・横浜市神奈川区境,一般国道４６６号（第三京浜道路）,14102,1,0.2,三ツ沢出入口～保土ヶ谷JCT,23785,三ツ沢出入口～保土ヶ谷JCT,21764,45549,1.36,0.69,50.4,44.2,16.4,60
14201400010,高速神奈川３号狩場線,高速湾岸線,山下町第３９号線,14104,1,1,本牧JCT・本牧ふ頭出入口～新山下出入口,21685,本牧JCT・本牧ふ頭出入口～新山下出入口,22186,43871,1.49,0.6,26.6,66,18,50
14201400020,高速神奈川３号狩場線,山下町第３９号線,山下本牧磯子線,14104,1,0.7,新山下出入口～山下町出口,28850,新山下出入口～山下町出口,29375,58225,1.41,0.78,33.2,63.7,18,50
14201400030,高速神奈川３号狩場線,山下本牧磯子線,高速神奈川１号横羽線,14104,1,0.5,山下町出口～石川町JCT・石川町出入口,29746,山下町出口～石川町JCT・石川町出入口,29375,59121,1.42,0.8,33.4,66.5,18,50
14201400040,高速神奈川３号狩場線,高速神奈川１号横羽線,横浜市中区・横浜市南区境,14104,1,1.7,石川町JCT・石川町出入口～阪東橋出入口,25846,石川町JCT・石川町出入口～阪東橋出入口,26045,51891,1.46,0.66,56.9,64.5,18,50
14201400050,高速神奈川３号狩場線,横浜市中区・横浜市南区境,横浜市中区道,14105,1,1.5,石川町JCT・石川町出入口～阪東橋出入口,25846,石川町JCT・石川町出入口～阪東橋出入口,26045,51891,1.46,0.66,67.6,60.7,18.4,50
14201400060,高速神奈川３号狩場線,横浜市中区道,横浜市南区道,14105,1,0.7,阪東橋出入口～花之木出入口,31703,阪東橋出入口～花之木出入口,32327,64030,1.43,0.78,67.5,55.5,18.4,50
14201400070,高速神奈川３号狩場線,横浜市南区道,横浜市南区・横浜市保土ケ谷区境,14105,1,1.5,花之木出入口～永田出入口,28136,花之木出入口～永田出入口,28826,56962,1.44,0.72,75.3,50.9,21,60
14201400080,高速神奈川３号狩場線,横浜市南区・横浜市保土ケ谷区境,横浜市保土ケ谷区・横浜市南区境,14106,1,0.1,花之木出入口～永田出入口,28136,花之木出入口～永田出入口,28826,56962,1.44,0.72,72.3,44.5,21,60
14201400090,高速神奈川３号狩場線,横浜市保土ケ谷区・横浜市南区境,保土ケ谷宮元線,14105,1,0.1,花之木出入口～永田出入口,28136,花之木出入口～永田出入口,28826,56962,1.44,0.72,73.8,43.8,21,60
14201400100,高速神奈川３号狩場線,保土ケ谷宮元線,横浜市南区・横浜市保土ケ谷区境,14105,1,0.9,永田出入口～狩場IC,26125,永田出入口～狩場IC,27869,53994,1.43,0.67,73,39.6,21,60
14201400110,高速神奈川３号狩場線,横浜市南区・横浜市保土ケ谷区境,一般国道１号,14106,1,1.2,永田出入口～狩場IC,26125,永田出入口～狩場IC,27869,53994,1.43,0.67,55.4,33.7,21,60
14201500010,高速神奈川５号大黒線,高速神奈川１号横羽線,高速湾岸線,14101,1,4.6,生麦JCT・生麦出入口～大黒JCT・大黒ふ頭出入口,15824,生麦JCT・生麦出入口～大黒JCT・大黒ふ頭出入口,14081,29905,1.38,0.57,57.1,56.4,19,50
14201600010,高速神奈川６号川崎線,高速湾岸線,一般国道４０９号,14131,1,3.5,浮島JCT・浮島出入口～殿町出入口,5196,浮島JCT・浮島出入口～殿町出入口,4341,9537,1.35,0.17,67.1,71.9,19,80
14201600020,高速神奈川６号川崎線,一般国道４０９号,高速神奈川１号横羽線,14131,1,2.1,殿町出入口～大師JCT・大師出入口,2889,殿町出入口～大師JCT・大師出入口,3155,6044,1.36,0.1,64.2,78.9,19,80
14201700010,高速神奈川７号横浜北線,高速神奈川１号横羽線,横浜市鶴見区道,14101,1,1,生麦JCT～岸谷生麦出入口,21313,生麦JCT～岸谷生麦出入口,22928,44241,1.4,0.77,17.4,74.1,19.4,60
14201700020,高速神奈川７号横浜北線,横浜市鶴見区道,横浜市鶴見区・横浜市神奈川区境,14101,1,0.3,岸谷生麦出入口～馬場出入口,21529,岸谷生麦出入口～馬場出入口,23845,45374,1.4,0.79,17.3,77.8,19.4,60
14201700030,高速神奈川７号横浜北線,横浜市鶴見区・横浜市神奈川区境,横浜市神奈川区・横浜市鶴見区境,14102,1,1.7,岸谷生麦出入口～馬場出入口,21529,岸谷生麦出入口～馬場出入口,23845,45374,1.4,0.79,32.3,78.5,19.5,60
14201700040,高速神奈川７号横浜北線,横浜市神奈川区・横浜市鶴見区境,横浜市鶴見区・横浜市神奈川区境,14101,1,0.2,岸谷生麦出入口～馬場出入口,21529,岸谷生麦出入口～馬場出入口,23845,45374,1.4,0.79,43.2,77.6,19.5,60
14201700050,高速神奈川７号横浜北線,横浜市鶴見区・横浜市神奈川区境,横浜市神奈川区・横浜市鶴見区境,14102,1,0.2,岸谷生麦出入口～馬場出入口,21529,岸谷生麦出入口～馬場出入口,23845,45374,1.4,0.79,48,79.4,19.5,60
14201700060,高速神奈川７号横浜北線,横浜市神奈川区・横浜市鶴見区境,横浜市鶴見区道,14101,1,0.1,岸谷生麦出入口～馬場出入口,21529,岸谷生麦出入口～馬場出入口,23845,45374,1.4,0.79,51.2,80.4,19.5,60
14201700070,高速神奈川７号横浜北線,横浜市鶴見区道,横浜市鶴見区・横浜市港北区境,14101,1,0.2,馬場出入口～新横浜出入口,22420,馬場出入口～新横浜出入口,23905,46325,1.39,0.76,56.4,81.2,19.5,60
14201700080,高速神奈川７号横浜北線,横浜市鶴見区・横浜市港北区境,横浜市港北区道,14109,1,3.5,馬場出入口～新横浜出入口,22420,馬場出入口～新横浜出入口,23905,46325,1.39,0.76,81.5,75,19.5,60
14201700090,高速神奈川７号横浜北線,横浜市港北区道,横浜市港南区・横浜市都筑区境,14111,1,0.3,新横浜出入口～港北JCT・港北出入口,21485,新横浜出入口～港北JCT・港北出入口,22720,44205,1.38,0.7,83.5,64.6,19.4,60
14201700100,高速神奈川７号横浜北線,横浜市港南区・横浜市都筑区境,一般国道４６６号（第三京浜道路）,14118,1,0.5,新横浜出入口～港北JCT・港北出入口,21485,新横浜出入口～港北JCT・港北出入口,22720,44205,1.38,0.7,56.8,55.4,19.4,60
14300010010,一般国道１号,一般国道１号,一般国道４０９号,14132,0,1.4,川崎市幸区小向仲野４,19287,川崎市幸区小向仲野４,19534,38821,1.43,1.1,25.9,15.6,23,60
14300010020,一般国道１号,一般国道４０９号,川崎町田,14132,0,1.5,川崎市幸区神明町１丁目４１,18764,川崎市幸区神明町１丁目４１,18252,37016,1.42,0.75,12.5,13.8,23,60
14300010030,一般国道１号,川崎町田,川崎市幸区・横浜市鶴見区境,14132,0,0.2,川崎市幸区神明町１丁目４１,18764,川崎市幸区神明町１丁目４１,18252,37016,1.42,0.75,7,19.4,23,60
14300010040,一般国道１号,川崎市幸区・横浜市鶴見区境,鶴見溝ノ口,14101,0,1.9,横浜市鶴見区下末吉４丁目９,18659,横浜市鶴見区下末吉４丁目９,14331,32990,1.39,0.66,16.6,19.9,23,60
14300010045,一般国道１号,鶴見溝ノ口,横浜市鶴見区道,14101,0,2.9,横浜市神奈川区子安台２－８－３７,14715,横浜市神奈川区子安台２－８－３７,18047,32762,1.38,0.6,19.3,24.2,23,60
14300010050,一般国道１号,横浜市鶴見区道,横浜市鶴見区・横浜市神奈川区境,14101,0,0.1,横浜市神奈川区子安台２－８－３７,14715,横浜市神奈川区子安台２－８－３７,18047,32762,1.38,0.6,27.1,22.4,23,60
14300010060,一般国道１号,横浜市鶴見区・横浜市神奈川区境,大田神奈川,14102,0,1.5,横浜市神奈川区子安台２－８－３７,14715,横浜市神奈川区子安台２－８－３７,18047,32762,1.38,0.6,18.7,18.6,23,60
14300010070,一般国道１号,大田神奈川,東京丸子横浜,14102,0,0.5,横浜市神奈川区子安台２－８－３７,14715,横浜市神奈川区子安台２－８－３７,18047,32762,1.38,0.6,18.7,28.1,23,60
14300010080,一般国道１号,東京丸子横浜,一般国道１号,14102,0,0.6,横浜市神奈川区子安台２－８－３７,14715,横浜市神奈川区子安台２－８－３７,18047,32762,1.38,0.6,23.9,28.5,23,60
14300010090,一般国道１号,一般国道１号,横浜上麻生,14102,0,0.5,横浜市神奈川区西神奈川１丁目６,14723,横浜市神奈川区西神奈川１丁目６,18114,32837,1.44,0.91,16.6,42.7,22.5,60
14300010100,一般国道１号,横浜上麻生,青木浅間線,14102,0,1,横浜市神奈川区西神奈川１丁目６,14723,横浜市神奈川区西神奈川１丁目６,18114,32837,1.44,0.91,26.4,23.7,22.5,60
14300010110,一般国道１号,青木浅間線,一般国道１５号,14102,0,0.2,横浜市神奈川区西神奈川１丁目６,14723,横浜市神奈川区西神奈川１丁目６,18114,32837,1.44,0.91,11.2,11.8,22.5,60
14300010120,一般国道１号,一般国道１５号,横浜市神奈川区・横浜市西区境,14102,0,0.5,横浜市神奈川区金港町３?３,27615,横浜市神奈川区金港町３?３,25028,52643,1.47,1.37,16.9,20.1,22.5,60
14300010130,一般国道１号,横浜市神奈川区・横浜市西区境,高速神奈川１号横羽線,14103,0,0.2,横浜市神奈川区金港町３?３,27615,横浜市神奈川区金港町３?３,25028,52643,1.47,1.37,24.9,35.7,22.5,60
14300010140,一般国道１号,高速神奈川１号横羽線,一般国道１６号,14103,0,0.6,横浜市神奈川区金港町３?３,27615,横浜市神奈川区金港町３?３,25028,52643,1.47,1.37,44.4,37.6,22.5,60
14300010150,一般国道１号,一般国道１６号,横浜駅根岸線,14103,0,0.6,横浜市西区中央1－41－7,18967,横浜市西区中央1－41－7,20376,39343,1.49,0.91,35.4,21.1,44.5,60
14300010160,一般国道１号,横浜駅根岸線,一般国道１６号,14103,0,0.6,横浜市西区中央1－41－7,18967,横浜市西区中央1－41－7,20376,39343,1.49,0.91,15.5,10.6,44.5,60
14300010170,一般国道１号,一般国道１６号,横浜市西区・横浜市保土ケ谷区境,14103,0,0.7,横浜市保土ケ谷区岩井町45,12980,横浜市保土ケ谷区岩井町45,13147,26127,1.36,1.26,13.4,23,35,60
14300010180,一般国道１号,横浜市西区・横浜市保土ケ谷区境,保土ケ谷宮元線,14106,0,1.2,横浜市保土ケ谷区岩井町45,12980,横浜市保土ケ谷区岩井町45,13147,26127,1.36,1.03,26.9,11.2,23.5,60
14300010190,一般国道１号,保土ケ谷宮元線,保土ケ谷停車場,14106,0,0.1,横浜市保土ケ谷区狩場町11,17253,横浜市保土ケ谷区狩場町11,13645,30898,1.39,1.21,8.6,14.7,17.5,50
14300010200,一般国道１号,保土ケ谷停車場,高速神奈川３号狩場線,14106,0,1,横浜市保土ケ谷区狩場町11,17253,横浜市保土ケ谷区狩場町11,13645,30898,1.39,1.21,11.6,20.3,17.5,50
14300010210,一般国道１号,高速神奈川３号狩場線,保土ヶ谷二俣川線,14106,0,0.6,戸塚区平戸2-2,6848,戸塚区平戸2-2,6995,13843,1.35,0.35,19.8,26.3,22.25,50
14300010220,一般国道１号,保土ヶ谷二俣川線,,14106,0,0.1,戸塚区平戸2-2,6848,戸塚区平戸2-2,6995,13843,1.35,0.35,27,11.3,22.25,50
14300010230,一般国道１号,,横浜市保土ケ谷区・横浜市戸塚区境,14106,0,1.6,戸塚区平戸2-2,6848,戸塚区平戸2-2,6995,13843,1.35,0.64,27.2,19.7,15,40
14300010240,一般国道１号,横浜市保土ケ谷区・横浜市戸塚区境,弥生台桜木町,14110,0,0.8,戸塚区平戸2-2,6848,戸塚区平戸2-2,6995,13843,1.35,1.47,26.1,16.4,14,40
14300010250,一般国道１号,弥生台桜木町,汐見台平戸線,14110,0,0.9,横浜市戸塚区平戸町100,13182,横浜市戸塚区平戸町100,11350,24532,1.36,2.07,14.8,13.2,12,40
14300010260,一般国道１号,汐見台平戸線,環状２号線,14110,0,0.1,横浜市戸塚区平戸町100,13182,横浜市戸塚区平戸町100,11350,24532,1.36,2.07,9.5,8.5,12,40
14300010270,一般国道１号,環状２号線,一般国道１号,14110,0,1.8,横浜市戸塚区平戸町100,13182,横浜市戸塚区平戸町100,11350,24532,1.36,2.07,16.4,11.9,12,40
14300010280,一般国道１号,一般国道１号,横浜伊勢原,14110,0,0.5,横浜市戸塚区柏尾町444-1,7850,横浜市戸塚区柏尾町444-1,7872,15722,1.33,0.42,10.9,17.6,12,40
14300010285,一般国道１号,横浜伊勢原,一般国道１号,14110,0,0.7,横浜市戸塚区柏尾町444-1,7850,横浜市戸塚区柏尾町444-1,7872,15722,1.33,0.42,14.5,11.9,12,40
14300011450,一般国道１号,一般国道１号,横浜伊勢原,14110,0,0.6,横浜市戸塚区戸塚町4100,8911,横浜市戸塚区戸塚町4100,8343,17254,1.33,0.6,14.1,9.8,21.8,40
14300010310,一般国道１号,横浜伊勢原,一般国道１号,14110,0,1.9,横浜市戸塚区戸塚町4100,13054,横浜市戸塚区戸塚町4100,9965,23019,1.31,0.39,15,13.5,16,40
14300010320,一般国道１号,一般国道１号,原宿六ツ浦,14110,0,1.8,横浜市戸塚区原宿,28715,横浜市戸塚区原宿,30336,59051,1.51,1.75,10.7,14.1,18.75,50
14300010330,一般国道１号,原宿六ツ浦,阿久和鎌倉,14110,0,1,横浜市戸塚区原宿４丁目５－１１,29134,横浜市戸塚区原宿４丁目５－１１,23487,52621,1.53,1.55,11.3,11.4,18.75,50
14300010340,一般国道１号,阿久和鎌倉,戸塚茅ヶ崎,14110,0,0.5,横浜市戸塚区原宿４丁目５－１１,29134,横浜市戸塚区原宿４丁目５－１１,23487,52621,1.53,1.55,9.9,38.3,18.75,50
14300010350,一般国道１号,戸塚茅ヶ崎,横浜市戸塚区・藤沢市境,14110,0,0.8,横浜市戸塚区東俣野町３２－１０,20036,横浜市戸塚区東俣野町３２－１０,20860,40896,1.68,0.8,10.8,53.8,16.75,60
14300010360,一般国道１号,横浜市戸塚区・藤沢市境,一般国道４６７号,14205,0,1.7,藤沢市西富７３０－１,19562,藤沢市西富７３０－１,21276,40838,1.46,1.13,18.8,47,18,50
14300010370,一般国道１号,一般国道４６７号,藤沢厚木,14205,0,1.9,藤沢市西富７３０－１,19562,藤沢市西富７３０－１,21276,40838,1.46,1.13,36.5,13.7,18,50
14300010380,一般国道１号,藤沢厚木,一般国道１号（新湘南バイパス）,14205,0,0.5,藤沢市西富７３０－１,19562,藤沢市西富７３０－１,21276,40838,1.46,1.13,13.7,25.3,18,50
14300010390,一般国道１号,一般国道１号（新湘南バイパス）,一般国道１号,14205,0,0.1,茅ヶ崎市本村３丁目４,10571,茅ヶ崎市本村３丁目４,10594,21165,1.48,1.63,8,22.8,12.7,40
14300010400,一般国道１号,一般国道１号,伊勢原藤沢,14205,0,0.2,茅ヶ崎市本村３丁目４,10571,茅ヶ崎市本村３丁目４,10594,21165,1.48,1.63,14.7,10.5,12.7,40
14300010410,一般国道１号,伊勢原藤沢,伊勢原藤沢,14205,0,0.7,茅ヶ崎市本村３丁目４,10571,茅ヶ崎市本村３丁目４,10594,21165,1.48,1.63,14.5,15.7,12.7,40
14300010420,一般国道１号,伊勢原藤沢,藤沢市・茅ヶ崎市境,14205,0,0,茅ヶ崎市本村３丁目４,10571,茅ヶ崎市本村３丁目４,10594,21165,1.48,1.63,19.6,16.7,12.7,40
14300010430,一般国道１号,藤沢市・茅ヶ崎市境,遠藤茅ヶ崎,14207,0,2.9,茅ヶ崎市本村３丁目４,10571,茅ヶ崎市本村３丁目４,10594,21165,1.48,1.63,21.5,18.2,12.7,40
14300010440,一般国道１号,遠藤茅ヶ崎,丸子中山茅ヶ崎,14207,0,0.9,茅ヶ崎市本村３丁目４,10571,茅ヶ崎市本村３丁目４,10594,21165,1.48,1.63,15,14.9,12.7,40
14300010450,一般国道１号,丸子中山茅ヶ崎,一般国道１号（新湘南バイパス）,14207,0,2.3,茅ヶ崎市十間坂２丁目２－３５,13850,茅ヶ崎市十間坂２丁目２－３５,11203,25053,1.45,1.47,18.9,18.4,16,40
14300010460,一般国道１号,一般国道１号（新湘南バイパス）,相模原茅ヶ崎,14207,0,0.6,茅ヶ崎市十間坂２丁目２－３５,13850,茅ヶ崎市十間坂２丁目２－３５,11203,25053,1.45,1.47,21.5,12.5,16,40
14300010470,一般国道１号,相模原茅ヶ崎,茅ヶ崎市・平塚市境,14207,0,0.5,,12016,,12602,24618,1.39,1.78,12.8,24.5,12.2,50
14300010480,一般国道１号,茅ヶ崎市・平塚市境,一般国道１２９号,14203,0,1.2,,12016,,12602,24618,1.39,1.78,15.3,17.9,12.2,50
14300010490,一般国道１号,一般国道１２９号,大島明石,14203,0,1,平塚市天沼３－３０,8617,平塚市天沼３－３０,9013,17630,1.29,0.59,16.8,23.8,30,50
14300010500,一般国道１号,大島明石,平塚伊勢原,14203,0,0.8,平塚市天沼３－３０,8617,平塚市天沼３－３０,9013,17630,1.29,0.59,18.8,19.4,30,50
14300010510,一般国道１号,平塚伊勢原,平塚市・大磯町境,14203,0,1.1,平塚市天沼３－３０,8617,平塚市天沼３－３０,9013,17630,1.29,0.59,20,22.3,30,50
14300010520,一般国道１号,平塚市・大磯町境,平塚秦野,14341,0,0.1,平塚市天沼３－３０,8617,平塚市天沼３－３０,9013,17630,1.29,0.59,23.9,18.1,30,50
14300010530,一般国道１号,平塚秦野,公所大磯,14341,0,0.2,平塚市天沼３－３０,8617,平塚市天沼３－３０,9013,17630,1.29,0.59,23,18.3,30,50
14300010540,一般国道１号,公所大磯,平塚秦野,14341,0,0,平塚市天沼３－３０,8617,平塚市天沼３－３０,9013,17630,1.29,0.59,20.7,15.8,30,50
14300010550,一般国道１号,平塚秦野,一般国道１３４号,14341,0,1.2,平塚市天沼３－３０,8617,平塚市天沼３－３０,9013,17630,1.29,0.59,25.5,22.6,30,50
14300010560,一般国道１号,一般国道１３４号,一般国道１３４号,14341,0,0.7,平塚市天沼３－３０,8617,平塚市天沼３－３０,9013,17630,1.29,0.59,24.1,21.6,30,50
14300010570,一般国道１号,一般国道１３４号,一般国道１号,14341,0,3,中郡大磯町東小磯２８６,6854,中郡大磯町東小磯２８６,8272,15126,1.26,1.16,27.1,24.8,15,40
14300010580,一般国道１号,一般国道１号,相模原大磯,14341,0,0.9,中郡大磯町東小磯２８６,6854,中郡大磯町東小磯２８６,8272,15126,1.26,1.16,27.9,16.4,15,40
14300010590,一般国道１号,相模原大磯,大磯町・二宮町境,14341,0,0.9,中郡大磯町東小磯２８６,6854,中郡大磯町東小磯２８６,8272,15126,1.26,1.16,26.1,20.8,15,40
14300010600,一般国道１号,大磯町・二宮町境,一般国道１号,14342,0,0.6,中郡大磯町東小磯２８６,6854,中郡大磯町東小磯２８６,8272,15126,1.26,1.16,27.4,15.7,15,40
14300010610,一般国道１号,一般国道１号,二宮停車場,14342,0,0.4,二宮町山西５５０－１０,6118,二宮町山西５５０－１０,8934,15052,1.4,1.33,17.5,17.6,13,40
14300010620,一般国道１号,二宮停車場,二宮町・小田原市境,14342,0,2.1,二宮町山西５５０－１０,6118,二宮町山西５５０－１０,8934,15052,1.4,1.33,29,14.4,13,40
14300010630,一般国道１号,二宮町・小田原市境,中井羽根尾,14206,0,0,二宮町山西５５０－１０,6118,二宮町山西５５０－１０,8934,15052,1.4,1.33,26.6,8.2,13,40
14300010640,一般国道１号,中井羽根尾,小田原市・二宮町境,14206,0,0.1,二宮町山西５５０－１０,6118,二宮町山西５５０－１０,8934,15052,1.4,1.33,26.5,10.1,13,40
14300010650,一般国道１号,小田原市・二宮町境,二宮町・小田原市境,14342,0,0.1,二宮町山西５５０－１０,6118,二宮町山西５５０－１０,8934,15052,1.4,1.33,24.7,10.9,13,40
14300010660,一般国道１号,二宮町・小田原市境,一般国道１号（西湘バイパス）,14206,0,0.1,二宮町山西５５０－１０,6118,二宮町山西５５０－１０,8934,15052,1.4,1.33,22.5,13.4,13,40
14300010670,一般国道１号,一般国道１号（西湘バイパス）,一般国道１号（西湘バイパス）,14206,0,2.9,二宮町山西５５０－１０,6118,二宮町山西５５０－１０,8934,15052,1.4,1.33,17.3,24,13,40
14300010680,一般国道１号,一般国道１号（西湘バイパス）,一般国道１号（西湘バイパス）,14206,0,2.4,小田原市本町２丁目９?２８,6902,小田原市本町２丁目９?２８,12023,18925,1.4,1.34,16.3,25,13.15,40
14300010690,一般国道１号,一般国道１号（西湘バイパス）,一般国道１号（西湘バイパス）,14206,0,1.7,小田原市本町２丁目９?２８,6902,小田原市本町２丁目９?２８,12023,18925,1.4,1.34,20.2,19.7,13.15,40
14300010700,一般国道１号,一般国道１号（西湘バイパス）,一般国道２５５号,14206,0,1.2,小田原市本町２丁目９?２８,6902,小田原市本町２丁目９?２８,12023,18925,1.4,1.34,20,25.7,13.15,40
14300010710,一般国道１号,一般国道２５５号,一般国道１３５号,14206,0,1.2,小田原市本町２丁目９?２８,6902,小田原市本町２丁目９?２８,12023,18925,1.4,1.34,17.5,24.5,13.15,40
14300010720,一般国道１号,一般国道１３５号,一般国道１号（西湘バイパス）,14206,0,2.1,,7000,,6374,13374,1.31,0.52,22.3,24,21.9,40
14300010730,一般国道１号,一般国道１号（西湘バイパス）,小田原市・箱根町境,14206,0,1,,6548,,955,7503,1.32,0.39,34.1,34.8,12.15,40
14300010740,一般国道１号,小田原市・箱根町境,一般国道１号（箱根新道）,14382,0,0.5,,6548,,955,7503,1.32,0.39,46.4,41.9,12.15,40
14300010750,一般国道１号,一般国道１号（箱根新道）,湯本元箱根,14382,0,0.8,,13494,,13921,27415,1.37,1.49,40.5,26.9,13.5,40
14300010760,一般国道１号,湯本元箱根,,14382,0,4.6,足柄下郡箱根町湯本687　　,6447,足柄下郡箱根町湯本687　　,6441,12888,1.21,0.91,22.1,32.5,14.5,40
14300010770,一般国道１号,,一般国道１３８号,14382,0,2,,10398,,10769,21167,1.34,0.87,31.8,30.6,9.5,40
14300010780,一般国道１号,一般国道１３８号,関本小涌谷,14382,0,1.9,足柄下郡箱根町元箱根110-121,1463,足柄下郡箱根町元箱根110-121,1495,2958,1.23,0.36,27.5,28.7,13.35,40
14300010790,一般国道１号,関本小涌谷,大涌谷小涌谷,14382,0,0.6,足柄下郡箱根町元箱根110-121,1463,足柄下郡箱根町元箱根110-121,1495,2958,1.23,0.36,30.5,28.9,13.35,40
14300010800,一般国道１号,大涌谷小涌谷,湯河原箱根仙石原,14382,0,6.4,足柄下郡箱根町元箱根110-121,1463,足柄下郡箱根町元箱根110-121,1495,2958,1.23,0.36,41.9,41.4,13.35,40
14300010810,一般国道１号,湯河原箱根仙石原,湯本元箱根,14382,0,0.3,足柄下郡箱根町元箱根110-121,1463,足柄下郡箱根町元箱根110-121,1495,2958,1.23,0.36,28.3,23,13.35,40
14300010820,一般国道１号,湯本元箱根,湯河原箱根仙石原,14382,0,2.4,足柄下郡箱根町元箱根110-121,1463,足柄下郡箱根町元箱根110-121,1495,2958,1.23,0.36,,33.3,13.35,40
14300010830,一般国道１号,湯河原箱根仙石原,長尾芦川,14382,0,0.2,足柄下郡箱根町元箱根110-121,1463,足柄下郡箱根町元箱根110-121,1495,2958,1.23,0.36,26.9,29.9,13.35,40
14300010840,一般国道１号,長尾芦川,一般国道１号（箱根新道）,14382,0,1.4,足柄下郡箱根町元箱根110-121,1463,足柄下郡箱根町元箱根110-121,1495,2958,1.23,0.36,42.9,40.7,13.35,40
14300010850,一般国道１号,一般国道１号（箱根新道）,一般国道１号,14382,0,0.3,箱根町箱根３８１－１２,5059,箱根町箱根３８１－１２,5104,10163,1.31,1.29,43.9,32.7,28.4,40
14300010870,一般国道１号,一般国道１号,横浜上麻生,14102,0,0.4,横浜市神奈川区二ツ谷町９－５,12447,横浜市神奈川区二ツ谷町９－５,13622,26069,1.45,0.95,24.2,12.6,26.8,50
14300010880,一般国道１号,横浜上麻生,横浜生田,14102,0,3,横浜市神奈川区三ツ沢中町６,15096,横浜市神奈川区三ツ沢中町６,14654,29750,1.43,1.06,22.1,20.2,26.8,50
14300010890,一般国道１号,横浜生田,横浜市神奈川区・横浜市保土ケ谷区境,14102,0,0,横浜市神奈川区三ツ沢中町６,15096,横浜市神奈川区三ツ沢中町６,14654,29750,1.43,1.06,15.4,14.7,26.8,50
14300010900,一般国道１号,横浜市神奈川区・横浜市保土ケ谷区境,一般国道４６６号（第三京浜道路）,14106,0,0.2,横浜市神奈川区三ツ沢中町６,15096,横浜市神奈川区三ツ沢中町６,14654,29750,1.43,1.06,15.9,29.9,26.8,50
14300010910,一般国道１号,一般国道４６６号（第三京浜道路）,一般国道１号（横浜新道）,14106,0,0.8,横浜市神奈川区三ツ沢中町６,15096,横浜市神奈川区三ツ沢中町６,14654,29750,1.43,1.06,29,35.1,26.8,50
14300010930,一般国道１号（横浜新道）,一般国道４６６号（第三京浜道路）,一般国道１号,14106,1,1.2,起点～国大入口（国道1号）,38039,起点～国大入口（国道1号）,41231,79270,1.32,0.67,57.9,53.8,29,70
14300010940,一般国道１号（横浜新道）,一般国道１号,横浜市保土ヶ谷区道,14106,1,0.3,国大入口(国道1号)～常盤台出口,46059,国大入口(国道1号)～常盤台出口,48762,94821,1.32,0.83,57,53.5,29,70
14300010950,一般国道１号（横浜新道）,横浜市保土ヶ谷区道,横浜市保土ヶ谷区道,14106,1,0.4,常盤台出口～峰岡出口,46810,常盤台出口～峰岡出口,48762,95572,1.32,0.85,60.8,57.7,29,70
14300010960,一般国道１号（横浜新道）,横浜市保土ヶ谷区道,横浜市保土ヶ谷区道,14106,1,0.7,峰岡出口～星川入口,46810,峰岡出口～星川入口,45167,91977,1.32,0.85,60.9,60.8,29,70
14300010970,一般国道１号（横浜新道）,横浜市保土ヶ谷区道,横浜市保土ヶ谷区道,14106,1,2,星川入口～藤塚IC,46810,星川入口～藤塚IC,46784,93594,1.32,0.85,61.2,61.1,29,70
14300010980,一般国道１号（横浜新道）,横浜市保土ヶ谷区道,一般国道１６号（保土ヶ谷バイパス）,14106,1,0.3,藤塚IC～新保土ヶ谷IC,46810,藤塚IC～新保土ヶ谷IC,46784,93594,1.32,1.3,60,63.8,17.1,70
14300010990,一般国道１号（横浜新道）,一般国道１６号（保土ヶ谷バイパス）,環状２号線,14106,1,1,新保土ヶ谷IC～今井IC,42226,新保土ヶ谷IC～今井IC,38624,80850,1.33,1.19,54,62.3,17.1,70
14300011000,一般国道１号（横浜新道）,環状２号線,横浜市保土ケ谷区・横浜市戸塚区境,14106,1,0.3,今井IC～川上IC,38937,今井IC～川上IC,35363,74300,1.34,1.08,43.1,63.4,17.1,70
14300011010,一般国道１号（横浜新道）,横浜市保土ケ谷区・横浜市戸塚区境,横浜市戸塚区道,14110,1,1.2,今井IC～川上IC,38937,今井IC～川上IC,35363,74300,1.34,1.08,35.5,62.2,17.1,70
14300011020,一般国道１号（横浜新道）,横浜市戸塚区道,瀬谷柏尾,14110,1,2,川上IC～上矢部IC,36044,川上IC～上矢部IC,31289,67333,1.34,0.96,30.6,23.7,17.1,70
14300011030,一般国道１号（横浜新道）,瀬谷柏尾,一般国道１号,14110,1,0.8,上矢部IC～戸塚終点,32616,上矢部IC～戸塚終点,33634,66250,1.35,0.86,36.2,24.2,17.1,70
14300011040,一般国道１号,一般国道１号,横浜伊勢原,14110,0,1.3,横浜市戸塚区矢部町１５３０－１,33091,横浜市戸塚区矢部町１５３０－１,30602,63693,1.51,1.91,45.1,29.4,20.5,60
14300011050,一般国道１号,横浜伊勢原,一般国道１号,14110,0,1.9,横浜市戸塚区矢部町１５３０－１,33091,横浜市戸塚区矢部町１５３０－１,30602,63693,1.51,1.91,20.6,20.6,20.5,60
14300011070,一般国道１号,一般国道１号,瀬谷柏尾,14110,0,0,横浜市戸塚区柏尾町444-1,10197,横浜市戸塚区柏尾町444-1,7906,18103,1.33,1.01,10.9,10.3,11,50
14300011080,一般国道１号,瀬谷柏尾,一般国道１号（横浜新道）,14110,0,0.7,横浜市戸塚区柏尾町444-1,10197,横浜市戸塚区柏尾町444-1,7906,18103,1.33,1.01,12.4,30.3,11,50
14300010290,一般国道１号,一般国道１号,大船停車場矢部,14110,0,0.4,横浜市戸塚区矢部町3001,3439,横浜市戸塚区矢部町3001,2955,6394,1.33,0.2,9.2,17.1,12,40
14300011100,一般国道１号（新湘南バイパス）,一般国道１号,藤沢市・茅ヶ崎市境,14205,1,0.8,藤沢IC～茅ヶ崎中央IC,13326,藤沢IC～茅ヶ崎中央IC,13277,26603,1.33,0.35,26.9,43.8,20.2,70
14300011110,一般国道１号（新湘南バイパス）,藤沢市・茅ヶ崎市境,伊勢原藤沢,14207,1,4.3,藤沢IC～茅ヶ崎中央IC,13326,藤沢IC～茅ヶ崎中央IC,13277,26603,1.33,0.35,60.4,77.1,20.2,70
14300011115,一般国道１号（新湘南バイパス）,伊勢原藤沢,一般国道４６８号（圏央道）,14207,1,0.3,茅ヶ崎中央IC～茅ヶ崎JCT,8503,茅ヶ崎中央IC～茅ヶ崎JCT,10770,19273,1.32,0.29,84.9,83,20.2,70
14300011120,一般国道１号（新湘南バイパス）,一般国道４６８号（圏央道）,一般国道１号,14207,1,2.1,茅ヶ崎JCT～茅ヶ崎西IC,11267,茅ヶ崎JCT～茅ヶ崎西IC,10258,21525,1.29,0.28,82.1,81.1,20.2,70
14300011130,一般国道１号（新湘南バイパス）,一般国道１号,相模原茅ヶ崎,14207,1,1.1,茅ヶ崎西IC～茅ヶ崎海岸IC,7518,茅ヶ崎西IC～茅ヶ崎海岸IC,6841,14359,1.27,0.19,78.1,72.6,20.2,70
14300011320,一般国道１号,一般国道１号,藤沢市・茅ヶ崎市境,14205,0,0.8,茅ヶ崎市赤羽根４６９－２５,6777,茅ヶ崎市赤羽根４６９－２５,7071,13848,1.48,0.84,22.4,29.4,45.3,40
14300011330,一般国道１号,藤沢市・茅ヶ崎市境,伊勢原藤沢,14207,0,1,茅ヶ崎市赤羽根４６９－２５,6777,茅ヶ崎市赤羽根４６９－２５,7071,13848,1.48,0.84,46,28.8,45.3,40
14300011350,一般国道１号,伊勢原藤沢,伊勢原藤沢,14207,0,1.4,茅ヶ崎市赤羽根４６９－２５,6777,茅ヶ崎市赤羽根４６９－２５,7071,13848,1.48,0.84,52.1,29.1,45.3,40
14300011150,一般国道１号,一般国道１３４号,一般国道１号,14341,1,3.7,中郡大磯町東町１,21105,中郡大磯町東町１,14111,35216,1.39,0.53,40.7,72.3,18.5,70
14300011160,一般国道１号,一般国道１号,大磯町・二宮町境,14341,1,1.8,中郡大磯町東町１,21105,中郡大磯町東町１,14111,35216,1.39,0.53,77,65.5,18.5,70
14300011170,一般国道１号,大磯町・二宮町境,一般国道１号,14342,1,0.6,中郡大磯町東町１,21105,中郡大磯町東町１,14111,35216,1.39,0.53,74.9,81.1,18.5,70
14300011180,一般国道１号（西湘バイパス）,一般国道１号,二宮町・小田原市境,14342,1,2.7,西湘二宮IC～橘IC,15660,西湘二宮IC～橘IC,11854,27514,1.26,0.46,75.1,76,18.5,70
14300011190,一般国道１号（西湘バイパス）,二宮町・小田原市境,一般国道１号,14206,1,0.1,西湘二宮IC～橘IC,15660,西湘二宮IC～橘IC,11854,27514,1.26,0.49,53.5,43.8,17.4,70
14300011200,一般国道１号（西湘バイパス）,一般国道１号,一般国道１号,14206,1,2.8,橘IC～国府津IC,11872,橘IC～国府津IC,11348,23220,1.21,0.42,44.8,74.4,18.5,70
14300011210,一般国道１号（西湘バイパス）,一般国道１号,一般国道１号,14206,1,2.4,国府津IC～酒匂IC,11590,国府津IC～酒匂IC,8201,19791,1.22,0.27,77.5,75.6,18.5,70
14300011220,一般国道１号（西湘バイパス）,一般国道１号,一般国道１号,14206,1,1.7,酒匂IC～小田原IC,10197,酒匂IC～小田原IC,9539,19736,1.28,0.29,77.7,79.1,18.5,70
14300011230,一般国道１号（西湘バイパス）,一般国道１号,一般国道１３５号,14206,1,2.6,小田原IC～早川IC,6961,小田原IC～早川IC,6762,13723,1.29,0.2,73.9,77.2,18.5,70
14300011240,一般国道１号（西湘バイパス）,一般国道１３５号,一般国道２７１号(小田原厚木道路),14206,1,1.7,早川IC～小田原西IC,5929,早川IC～小田原西IC,5076,11005,1.27,0.23,71.9,68.3,18.5,70
14300011250,一般国道１号（西湘バイパス）,一般国道２７１号(小田原厚木道路),一般国道１号,14206,1,0.6,小田原西IC～箱根口IC,6316,小田原西IC～箱根口IC,5619,11935,1.22,0.23,68.5,66.4,17.7,70
14300011260,一般国道１号,一般国道１号,,14206,1,1.3,小田原市入生田,8185,小田原市入生田,8740,16925,1.31,0.26,68.7,70.5,19,50
14300011270,一般国道１号（箱根新道）,,一般国道１号,14382,1,0.7,小田原市入生田,8185,小田原市入生田,8740,16925,1.31,0.26,52.1,61.1,19,50
14300011280,一般国道１号（箱根新道）,一般国道１号,湯本元箱根,14382,1,3.9,箱根町湯本５７４,5524,箱根町湯本５７４,5218,10742,1.31,0.95,50.5,53.7,9.9,50
14300011290,一般国道１号（箱根新道）,湯本元箱根,湯河原箱根仙石原,14382,1,8.3,箱根町湯本５７４,5524,箱根町湯本５７４,5218,10742,1.31,0.95,54.9,53,9.9,50
14300011300,一般国道１号（箱根新道）,湯河原箱根仙石原,一般国道１号,14382,1,1.6,箱根町湯本５７４,5524,箱根町湯本５７４,5218,10742,1.31,0.95,51.6,46.6,9.9,50
14300011370,一般国道１号,一般国道１号,一般国道１号,14341,0,0.4,大磯町国府本郷４５４－２,2120,大磯町国府本郷４５４－２,6393,8513,1.26,0.67,15.3,26.4,8.2,30
14300011390,一般国道１号,一般国道１号,一般国道１号,14342,0,0.3,二宮町２８０,2089,二宮町２８０,4637,6726,1.26,0.79,7,22.9,15.75,30
14300150010,一般国道１５号,一般国道１５号,一般国道４０９号,14131,0,0.6,川崎市川崎区宮前町８?６,17194,川崎市川崎区宮前町８?６,18900,36094,1.51,0.51,52.3,23.8,54.1,60
14300150020,一般国道１５号,一般国道４０９号,一般国道１３２号,14131,0,0.2,川崎市川崎区宮前町８?６,17194,川崎市川崎区宮前町８?６,18900,36094,1.51,0.51,27.2,12.7,54.1,60
14300150030,一般国道１５号,一般国道１３２号,扇町川崎停車場線,14131,0,0.4,川崎市川崎区宮前町８?６,17194,川崎市川崎区宮前町８?６,18900,36094,1.51,0.51,17,12.6,54.1,60
14300150040,一般国道１５号,扇町川崎停車場線,川崎町田,14131,0,0.6,川崎市川崎区東田町１１?２７,21791,川崎市川崎区東田町１１?２７,18693,40484,1.5,0.69,14.5,13.9,47.6,60
14300150050,一般国道１５号,川崎町田,川崎市川崎区・横浜市鶴見区境,14131,0,0.9,川崎市川崎区東田町１１?２７,21791,川崎市川崎区東田町１１?２７,18693,40484,1.5,0.69,13.8,15.5,47.6,60
14300150060,一般国道１５号,川崎市川崎区・横浜市鶴見区境,鶴見溝ノ口,14101,0,1.4,横浜市鶴見区生麦４丁目６－３９,17435,横浜市鶴見区生麦４丁目６－３９,17685,35120,1.5,1.24,22.4,16.2,19.5,50
14300150070,一般国道１５号,鶴見溝ノ口,鶴見停車場,14101,0,0.1,横浜市鶴見区生麦４丁目６－３９,17435,横浜市鶴見区生麦４丁目６－３９,17685,35120,1.5,1.24,9.2,12.7,19.5,50
14300150080,一般国道１５号,鶴見停車場,東京大師横浜線,14101,0,1.8,横浜市鶴見区生麦４丁目６－３９,17435,横浜市鶴見区生麦４丁目６－３９,17685,35120,1.5,1.24,21.6,15.5,19.5,50
14300150090,一般国道１５号,東京大師横浜線,横浜市鶴見区・横浜市神奈川区境,14101,0,0.5,横浜市神奈川区新町６－４,19535,横浜市神奈川区新町６－４,19984,39519,1.42,1.19,13.7,33.1,27.25,50
14300150100,一般国道１５号,横浜市鶴見区・横浜市神奈川区境,横浜市神奈川区道,14102,0,0.5,横浜市神奈川区新町６－４,19535,横浜市神奈川区新町６－４,19984,39519,1.42,1.19,19.1,30.1,27.25,50
14300150110,一般国道１５号,横浜市神奈川区道,横浜市神奈川区道,14102,0,0.4,横浜市神奈川区新町６－４,19535,横浜市神奈川区新町６－４,19984,39519,1.42,1.19,25.7,20.4,27.25,50
14300150120,一般国道１５号,横浜市神奈川区道,大田神奈川,14102,0,0.6,横浜市神奈川区新町６－４,19535,横浜市神奈川区新町６－４,19984,39519,1.42,1.19,27.3,25.3,27.25,50
14300150130,一般国道１５号,大田神奈川,高速神奈川１号横羽線,14102,0,1,横浜市神奈川区新町６－４,19535,横浜市神奈川区新町６－４,19984,39519,1.42,1.19,31.2,24.5,27.25,50
14300150140,一般国道１５号,高速神奈川１号横羽線,横浜市神奈川区道,14102,0,0.4,横浜市神奈川区新町６－４,19535,横浜市神奈川区新町６－４,19984,39519,1.42,1.19,27.1,21.2,27.25,50
14300150150,一般国道１５号,横浜市神奈川区道,栄本町線,14102,0,0.7,横浜市神奈川区新町６－４,19535,横浜市神奈川区新町６－４,19984,39519,1.42,1.19,20.1,22.7,27.25,50
14300150160,一般国道１５号,栄本町線,一般国道１号,14102,0,0.3,横浜市神奈川区新町６－４,19535,横浜市神奈川区新町６－４,19984,39519,1.42,1.19,18.5,12.6,27.25,50
14300160010,一般国道１６号,観音崎環状,観音崎環状,14201,0,1.9,横須賀市馬堀海岸４丁目１?５０,4200,横須賀市馬堀海岸４丁目１?５０,4416,8616,1.24,0.33,39.9,37.9,25.4,50
14300160020,一般国道１６号,観音崎環状,一般国道１６号（横浜横須賀道路）,14201,0,0.6,横須賀市馬堀海岸４丁目１?５０,4200,横須賀市馬堀海岸４丁目１?５０,4416,8616,1.24,0.33,32.3,28.7,25.4,50
14300160030,一般国道１６号,一般国道１６号（横浜横須賀道路）,一般国道１３４号,14201,0,2.6,横須賀市馬堀海岸４丁目１?５０,4200,横須賀市馬堀海岸４丁目１?５０,4416,8616,1.24,0.33,28.3,28.5,25.4,50
14300160040,一般国道１６号,一般国道１３４号,横須賀三崎,14201,0,2.7,横須賀市三春町２丁目,12263,横須賀市三春町２丁目,13010,25273,1.31,1.22,21.3,22.1,22,40
14300160050,一般国道１６号,横須賀三崎,横須賀停車場,14201,0,0.8,横須賀市三春町２丁目,12263,横須賀市三春町２丁目,13010,25273,1.31,1.22,14.9,20.6,22,40
14300160060,一般国道１６号,横須賀停車場,田浦停車場,14201,0,2.5,横須賀市三春町２丁目,12263,横須賀市三春町２丁目,13010,25273,1.31,1.22,16.6,24.1,22,40
14300160070,一般国道１６号,田浦停車場,横須賀逗子,14201,0,1.5,横須賀市三春町２丁目,12263,横須賀市三春町２丁目,13010,25273,1.31,1.22,16.6,13.7,22,40
14300160080,一般国道１６号,横須賀逗子,横須賀市・横浜市金沢区境,14201,0,2.2,横須賀市追浜町１丁目,11431,横須賀市追浜町１丁目,11482,22913,1.42,0.79,14.3,24.4,22,40
14300160090,一般国道１６号,横須賀市・横浜市金沢区境,原宿六ツ浦,14108,0,1.1,横須賀市追浜町１丁目,13501,横須賀市追浜町１丁目,12316,25817,1.41,1.06,19.7,16.8,22,50
14300160100,一般国道１６号,原宿六ツ浦,泥亀釜利谷線,14108,0,0.6,横浜市金沢区瀬戸１－１,13856,横浜市金沢区瀬戸１－１,14533,28389,1.43,0.79,8.9,14.1,22,50
14300160110,一般国道１６号,泥亀釜利谷線,横浜逗子線,14108,0,1,横浜市金沢区瀬戸１－１,13856,横浜市金沢区瀬戸１－１,14533,28389,1.43,0.79,15.2,19.1,22,50
14300160120,一般国道１６号,横浜逗子線,横浜市金沢区道,14108,0,2,横浜市金沢区片吹６６－１２,10763,横浜市金沢区片吹６６－１２,10900,21663,1.38,1.53,18,23,13.5,40
14300160130,一般国道１６号,横浜市金沢区道,環状３号線,14108,0,3.1,横浜市金沢区富岡東６丁目,9750,横浜市金沢区富岡東６丁目,9934,19684,1.34,1.5,17.4,16.7,12.5,40
14300160140,一般国道１６号,環状３号線,横浜伊勢原,14107,0,0.7,横浜市金沢区富岡東６丁目,9750,横浜市金沢区富岡東６丁目,9934,19684,1.34,1.5,10.6,17.8,12.5,40
14300160150,一般国道１６号,横浜伊勢原,環状２号線,14107,0,1.3,横浜市磯子区磯子１丁目３?５,11074,横浜市磯子区磯子１丁目３?５,17088,28162,1.36,1.37,22.5,21.1,20,50
14300160160,一般国道１６号,環状２号線,山下本牧磯子線,14107,0,2.5,横浜市磯子区磯子１丁目３?５,11074,横浜市磯子区磯子１丁目３?５,17088,28162,1.36,1.37,23.2,23.8,20,50
14300160170,一般国道１６号,山下本牧磯子線,横浜市磯子区・横浜市南区境,14107,0,1.4,横浜市磯子区磯子１丁目３?５,11074,横浜市磯子区磯子１丁目３?５,17088,28162,1.36,1.37,24.1,28.7,20,50
14300160180,一般国道１６号,横浜市磯子区・横浜市南区境,山下高砂線,14105,0,0.8,横浜市磯子区磯子１丁目３?５,11074,横浜市磯子区磯子１丁目３?５,17088,28162,1.36,1.37,19.9,17.9,20,50
14300160190,一般国道１６号,山下高砂線,横浜鎌倉,14105,0,0.2,横浜市磯子区磯子１丁目３?５,11074,横浜市磯子区磯子１丁目３?５,17088,28162,1.36,1.37,14.4,9.7,20,50
14300160200,一般国道１６号,横浜鎌倉,横浜市南区・横浜市中区境,14105,0,0.4,横浜市中区曙町３－３２,12358,横浜市中区曙町３－３２,10744,23102,1.5,0.5,13.5,17.7,24.75,50
14300160210,一般国道１６号,横浜市南区・横浜市中区境,藤棚伊勢佐木線,14104,0,0.3,横浜市中区曙町３－３２,12358,横浜市中区曙町３－３２,10744,23102,1.5,0.5,17.4,9.4,24.75,50
14300160220,一般国道１６号,藤棚伊勢佐木線,横浜駅根岸線,14104,0,0.8,横浜市中区曙町３－３２,12358,横浜市中区曙町３－３２,10744,23102,1.5,0.5,13.7,17.8,24.75,50
14300160230,一般国道１６号,横浜駅根岸線,山下長津田線（山下町第１３２号線）,14104,0,0.4,横浜市中区曙町３－３２,12358,横浜市中区曙町３－３２,10744,23102,1.5,0.5,11.6,14.2,24.75,50
14300160240,一般国道１６号,山下長津田線（山下町第１３２号線）,関内本牧線,14104,0,0.2,横浜市中区曙町３－３２,12358,横浜市中区曙町３－３２,10744,23102,1.5,0.5,12.6,12,24.75,50
14300160250,一般国道１６号,関内本牧線,一般国道１３３号,14104,0,0.5,横浜市西区高島２丁目１,4585,横浜市西区高島２丁目１,9469,14054,1.32,0.53,12.9,18.9,25,50
14300160260,一般国道１６号,一般国道１３３号,弥生台桜木町,14104,0,0.2,横浜市西区高島２丁目１,6765,横浜市西区高島２丁目１,8381,15146,1.42,0.39,27.5,20.1,25,50
14300160270,一般国道１６号,弥生台桜木町,横浜市中区・横浜市西区境,14104,0,0.3,横浜市西区高島２丁目１,6765,横浜市西区高島２丁目１,8381,15146,1.42,0.39,21.6,18.2,25,50
14300160280,一般国道１６号,横浜市中区・横浜市西区境,一般国道１号,14103,0,0.9,横浜市西区高島２丁目１,6765,横浜市西区高島２丁目１,8381,15146,1.42,0.39,24.9,26.6,25,50
14300160850,一般国道１６号,一般国道１号,青木浅間線,14103,0,0.7,横浜市西区南浅間町１９－９,16261,横浜市西区南浅間町１９－９,14483,30744,1.42,1.07,13.6,18.1,22.25,50
14300160860,一般国道１６号,青木浅間線,横浜市保土ヶ谷区道,14106,0,1.3,横浜市西区南浅間町１９－９,16261,横浜市西区南浅間町１９－９,14483,30744,1.42,1.07,16.4,19.8,22.25,50
14300160870,一般国道１６号,横浜市保土ヶ谷区道,横浜市保土ヶ谷区道,14106,0,0.2,横浜市西区南浅間町１９－９,16261,横浜市西区南浅間町１９－９,14483,30744,1.42,1.07,15.6,21.1,22.25,50
14300160880,一般国道１６号,横浜市保土ヶ谷区道,横浜市保土ヶ谷区道,14106,0,0.7,横浜市西区南浅間町１９－９,16261,横浜市西区南浅間町１９－９,14483,30744,1.42,1.07,22.6,13.8,22.25,50
14300160890,一般国道１６号,横浜市保土ヶ谷区道,環状２号線,14106,0,1.1,横浜市保土ケ谷区西谷町１１９３,13036,横浜市保土ケ谷区西谷町１１９３,13450,26486,1.55,2.1,24.5,17.8,15,40
14300160900,一般国道１６号,環状２号線,青砥上星川,14106,0,0.9,横浜市保土ケ谷区西谷町１１９３,13036,横浜市保土ケ谷区西谷町１１９３,13450,26486,1.55,2.1,17,9.7,15,40
14300160910,一般国道１６号,青砥上星川,横浜市保土ケ谷区・横浜市旭区境,14106,0,0.8,横浜市保土ケ谷区西谷町１１９３,13036,横浜市保土ケ谷区西谷町１１９３,13450,26486,1.55,2.1,10.6,18.1,15,40
14300160920,一般国道１６号,横浜市保土ケ谷区・横浜市旭区境,横浜厚木,14112,0,1.6,横浜市保土ケ谷区西谷町１１９３,13036,横浜市保土ケ谷区西谷町１１９３,13450,26486,1.55,2.1,8.4,17.2,15,40
14300160930,一般国道１６号,横浜厚木,丸子中山茅ヶ崎,14112,0,2.4,横浜市旭区今宿西町１７９,7777,横浜市旭区今宿西町１７９,7252,15029,1.36,1.08,16.9,18.9,12,40
14300160940,一般国道１６号,丸子中山茅ヶ崎,一般国道１６号（保土ヶ谷バイパス）,14112,0,2.8,横浜市旭区今宿西町１７９,7777,横浜市旭区今宿西町１７９,7252,15029,1.36,1.08,15.5,19.7,12,40
14300160360,一般国道１６号（保土ヶ谷バイパス）,一般国道１号（横浜新道）,環状２号線,14106,1,1.1,横浜市旭区桐ケ作１４９２,73299,横浜市旭区桐ケ作１４９２,74056,147355,1.47,1.2,40.9,28.4,21.5,80
14300160350,一般国道１６号（保土ヶ谷バイパス）,環状２号線,保土ヶ谷二俣川線,14112,1,1.8,横浜市旭区桐ケ作１４９２,73299,横浜市旭区桐ケ作１４９２,74056,147355,1.47,1.2,43.9,41.7,21.5,80
14300160340,一般国道１６号（保土ヶ谷バイパス）,保土ヶ谷二俣川線,横浜厚木,14112,1,1,横浜市旭区桐ケ作１４９２,73299,横浜市旭区桐ケ作１４９２,74056,147355,1.47,1.2,29.2,47.8,21.5,80
14300160330,一般国道１６号（保土ヶ谷バイパス）,横浜厚木,丸子中山茅ヶ崎,14112,1,2.8,横浜市旭区桐ケ作１４９２,73299,横浜市旭区桐ケ作１４９２,74056,147355,1.47,1.2,23.1,56.9,21.5,80
14300160320,一般国道１６号（保土ヶ谷バイパス）,丸子中山茅ヶ崎,一般国道１６号（保土ヶ谷バイパス）,14112,1,1.5,横浜市旭区今宿１丁目６７,57824,横浜市旭区今宿１丁目６７,56601,114425,1.52,0.99,19.3,51,21.5,80
14300160750,一般国道１６号（保土ヶ谷バイパス）,一般国道１６号（保土ヶ谷バイパス）,横浜市旭区・横浜市緑区境,14112,1,1.4,横浜市旭区上川井町１０３９,37252,横浜市旭区上川井町１０３９,35703,72955,1.53,0.89,19.2,51.5,16.5,80
14300160760,一般国道１６号（保土ヶ谷バイパス）,横浜市旭区・横浜市緑区境,,14113,1,0.1,横浜市旭区上川井町１０３９,37252,横浜市旭区上川井町１０３９,35703,72955,1.53,0.89,21.1,49.2,16.5,80
14300160770,一般国道１６号（保土ヶ谷バイパス）,,一般国道１６号,14113,1,0.2,横浜市旭区上川井町１０３９,37252,横浜市旭区上川井町１０３９,35703,72955,1.53,0.89,22.3,48.1,16.5,80
14300160580,一般国道１６号,一般国道１６号,目黒町町田,14213,0,0.7,大和市下鶴間４２９－１,25008,大和市下鶴間４２９－１,25837,50845,1.48,0.68,13.4,44.6,34.37,60
14300160590,一般国道１６号,目黒町町田,目黒町町田,14213,0,0.3,相模原市南区上鶴間本町４－９,31221,相模原市南区上鶴間本町４－９,29660,60881,1.55,0.84,14.4,34.7,34.37,60
14300160600,一般国道１６号,目黒町町田,大和市・相模原市南区境,14213,0,0.1,相模原市南区上鶴間本町４－９,31221,相模原市南区上鶴間本町４－９,29660,60881,1.55,0.84,14.8,27.4,34.37,60
14300160610,一般国道１６号,大和市・相模原市南区境,町田厚木,14153,0,2.1,相模原市南区上鶴間本町４－９,35142,相模原市南区上鶴間本町４－９,32365,67507,1.5,0.89,19.5,18.1,29,60
14300160620,一般国道１６号,町田厚木,相模原町田,14153,0,1.3,相模原市南区上鶴間本町４－９,35142,相模原市南区上鶴間本町４－９,32365,67507,1.5,0.89,35.8,10.6,29,60
14300160630,一般国道１６号,相模原町田,市道古淵麻溝台,14153,0,1.6,相模原市南区鵜野森１－９,23144,相模原市南区鵜野森１－９,23700,46844,1.59,1.01,14.3,14.7,22,50
14300160640,一般国道１６号,市道古淵麻溝台,相模原市南区・相模原市中央区境,14153,0,1.5,相模原市南区鵜野森１－９,23144,相模原市南区鵜野森１－９,23700,46844,1.59,1.01,11.9,14.5,22,50
14300160650,一般国道１６号,相模原市南区・相模原市中央区境,相模原大蔵町,14152,0,1.5,相模原市南区鵜野森１－９,23144,相模原市南区鵜野森１－９,23700,46844,1.59,1.01,15.5,15.6,22,50
14300160660,一般国道１６号,相模原大蔵町,相模原立川,14152,0,2.6,相模原市中央区矢部３－９,15492,相模原市中央区矢部３－９,15967,31459,1.42,0.9,15.1,19.8,18.15,50
14300160670,一般国道１６号,相模原立川,相模原立川,14152,0,0.6,相模原市中央区矢部３－９,15492,相模原市中央区矢部３－９,15967,31459,1.42,0.9,17.5,17.2,18.15,50
14300160680,一般国道１６号,相模原立川,一般国道１２９号,14152,0,1.3,相模原市中央区矢部３－９,15492,相模原市中央区矢部３－９,15967,31459,1.42,0.9,17.4,17.7,18.15,50
14300160690,一般国道１６号,一般国道１２９号,市道橋本駅西口,14151,0,1.6,相模原市緑区西橋本１－２２,21840,相模原市緑区西橋本１－２２,20188,42028,1.52,1.23,21.2,14.4,40,50
14300160700,一般国道１６号,市道橋本駅西口,一般国道４１３号,14151,0,0.1,相模原市緑区西橋本１－２２,21840,相模原市緑区西橋本１－２２,20188,42028,1.52,1.23,8.4,22.5,40,50
14300160710,一般国道１６号,一般国道４１３号,一般国道１６号,14151,0,0.5,相模原市緑区西橋本１－２２,21840,相模原市緑区西橋本１－２２,20188,42028,1.52,1.23,7.4,24.3,40,50
14300160720,一般国道１６号,一般国道１６号,橋本停車場,14151,0,0.1,相模原市緑区元橋本７－２６,20912,相模原市緑区元橋本７－２６,15580,36492,1.53,1.15,9.8,10.4,40,50
14300160730,一般国道１６号,橋本停車場,一般国道１６号（八王子バイパス）,14151,0,0.5,相模原市緑区元橋本７－２６,20912,相模原市緑区元橋本７－２６,15580,36492,1.53,1.15,7.2,28.8,40,50
14300160315,一般国道１６号（保土ヶ谷バイパス）,一般国道１６号（保土ヶ谷バイパス）,一般国道１６号,14112,1,0.5,横浜市旭区上川井町２４５４,12855,横浜市旭区上川井町２４５４,13125,25980,1.49,0.35,10.4,55.2,21.5,60
14300160310,一般国道１６号（保土ヶ谷バイパス）,一般国道１６号,横浜市緑区道,14112,0,0.8,横浜市旭区上川井町２４５４,16378,横浜市旭区上川井町２４５４,17329,33707,1.46,0.8,8.9,35,29,50
14300160300,一般国道１６号（保土ヶ谷バイパス）,横浜市緑区道,一般国道１６号,14113,0,0.2,横浜市旭区上川井町２４５４,16378,横浜市旭区上川井町２４５４,17329,33707,1.46,0.8,23.9,27.1,29,50
14300160820,一般国道１６号,一般国道１６号,橋本停車場,14151,0,0.1,相模原市緑区橋本５－５０－１,4309,相模原市緑区橋本５－５０－１,6803,11112,1.42,1.06,10.9,11.9,11.74,40
14300160830,一般国道１６号,橋本停車場,一般国道１６号,14151,0,0.4,相模原市緑区橋本５－５０－１,4309,相模原市緑区橋本５－５０－１,6803,11112,1.42,1.06,9.2,29.9,11.74,40
14300160370,一般国道１６号(保土ヶ谷バイパス),一般国道１号（横浜新道）,高速神奈川３号狩場線,14106,1,1.3,新保土ヶ谷IC～狩場IC,55238,新保土ヶ谷IC～狩場IC,55529,110767,1.37,0.87,32.2,51.8,34,70
14300160380,一般国道１６号（横浜横須賀道路）,高速神奈川３号狩場線,横浜市保土ケ谷区・横浜市南区境,14106,1,1.1,狩場～六ツ川～別所,30181,狩場～六ツ川～別所,29282,59463,1.28,0.87,37.1,77.7,22,80
14300160390,一般国道１６号（横浜横須賀道路）,横浜市保土ケ谷区・横浜市南区境,汐見台平戸線,14105,1,1.6,狩場～六ツ川～別所,30181,狩場～六ツ川～別所,29282,59463,1.28,0.87,63.6,75,22,80
14300160400,一般国道１６号（横浜横須賀道路）,汐見台平戸線,横浜市南区・横浜市港南区境,14105,1,0.7,別所～日野,28201,別所～日野,27554,55755,1.28,0.78,67.9,77.9,22,80
14300160410,一般国道１６号（横浜横須賀道路）,横浜市南区・横浜市港南区境,横浜鎌倉,14111,1,3.8,別所～日野,28201,別所～日野,27554,55755,1.28,0.78,75.3,83,22,80
14300160420,一般国道１６号（横浜横須賀道路）,横浜鎌倉,環状３号線,14111,1,1.6,日野～港南台,26643,日野～港南台,26168,52811,1.27,0.72,81,80.2,22,80
14300160430,一般国道１６号（横浜横須賀道路）,環状３号線,横浜市港南区・横浜市磯子区境,14111,1,0.8,港南台～釜利谷JCT,27478,港南台～釜利谷JCT,26824,54302,1.26,0.81,83.6,76.3,22,80
14300160440,一般国道１６号（横浜横須賀道路）,横浜市港南区・横浜市磯子区境,横浜市磯子区・横浜市金沢区境,14107,1,1.3,港南台～釜利谷JCT,27478,港南台～釜利谷JCT,26824,54302,1.26,0.81,80.8,69.5,22,80
14300160450,一般国道１６号（横浜横須賀道路）,横浜市磯子区・横浜市金沢区境,一般国道１６号（横浜横須賀道路）,14108,1,0.4,港南台～釜利谷JCT,27478,港南台～釜利谷JCT,26824,54302,1.26,0.81,84,76.9,22,80
14300160460,一般国道１６号（横浜横須賀道路）,一般国道１６号（横浜横須賀道路）,原宿六ツ浦,14108,1,2.3,釜利谷JCT～朝比奈,32188,釜利谷JCT～朝比奈,31012,63200,1.29,1,74.4,75.9,22,80
14300160470,一般国道１６号（横浜横須賀道路）,原宿六ツ浦,横浜市金沢区・逗子市境,14108,1,3.2,朝比奈～逗子,26417,朝比奈～逗子,25796,52213,1.3,0.9,76.8,78.3,22,80
14300160480,一般国道１６号（横浜横須賀道路）,横浜市金沢区・逗子市境,逗子市道,14208,1,2.3,朝比奈～逗子,26417,朝比奈～逗子,25796,52213,1.3,0.9,78.9,77,22,80
14300160490,一般国道１６号（横浜横須賀道路）,逗子市道,逗子市・横須賀市境,14208,1,1.1,逗子～横須賀,24993,逗子～横須賀,25155,50148,1.3,0.83,80.7,75.1,22,80
14300160500,一般国道１６号（横浜横須賀道路）,逗子市・横須賀市境,本町山中,14201,1,1.1,逗子～横須賀,24993,逗子～横須賀,25155,50148,1.3,0.83,83.7,78.1,22,80
14300160510,一般国道１６号（横浜横須賀道路）,本町山中,横須賀市・葉山町境,14201,1,1.2,横須賀～衣笠,17237,横須賀～衣笠,16635,33872,1.3,0.62,83.5,83.8,22,80
14300160520,一般国道１６号（横浜横須賀道路）,横須賀市・葉山町境,葉山町・横須賀市境,14301,1,1.6,横須賀～衣笠,17237,横須賀～衣笠,16635,33872,1.3,0.62,82.8,85.6,22,80
14300160530,一般国道１６号（横浜横須賀道路）,葉山町・横須賀市境,横須賀三崎（三浦縦貫道路）,14201,1,2.5,横須賀～衣笠,17237,横須賀～衣笠,16635,33872,1.3,0.62,82.8,81.5,22,80
14300160540,一般国道１６号（横浜横須賀道路）,横須賀三崎（三浦縦貫道路）,横須賀葉山,14201,1,1.8,衣笠～佐原,10086,衣笠～佐原,10188,20274,1.31,0.28,78.5,82.7,22,80
14300160550,一般国道１６号（横浜横須賀道路）,横須賀葉山,浦賀港,14201,1,3.2,佐原IC～浦賀IC,3082,佐原IC～浦賀IC,3189,6271,1.39,0.53,70.6,66.9,12,80
14300160560,一般国道１６号（横浜横須賀道路）,浦賀港,一般国道１６号,14201,1,1.1,浦賀IC～馬堀海岸IC,1287,浦賀IC～馬堀海岸IC,1319,2606,1.37,0.14,69.7,61.9,12,80
14300160790,一般国道１６号（横浜横須賀道路）,一般国道１６号（横浜横須賀道路）,横浜市金沢区道,14108,1,2.9,釜利谷JCT～堀口能見台IC,14170,釜利谷JCT～堀口能見台IC,14773,28943,1.28,0.54,,,22,80
14300160800,一般国道１６号（横浜横須賀道路）,横浜市金沢区道,高速湾岸線,14108,1,1.3,堀口能見台IC～並木IC,12470,堀口能見台IC～並木IC,12685,25155,1.29,0.45,77.3,82.3,22,80
14300200010,一般国道２０号,一般国道２０号,三井相模湖,14151,0,3.9,相模原市緑区与瀬本町１６,3929,相模原市緑区与瀬本町１６,3681,7610,1.37,0.77,40,40.6,10.55,30
14300200020,一般国道２０号,三井相模湖,浅川相模湖,14151,0,0.4,相模原市緑区与瀬本町１６,3929,相模原市緑区与瀬本町１６,3681,7610,1.37,0.77,32.9,37.7,10.55,30
14300200030,一般国道２０号,浅川相模湖,中央自動車道富士吉田線,14151,0,1,相模原市緑区与瀬本町１６,3929,相模原市緑区与瀬本町１６,3681,7610,1.37,0.77,40.3,39.2,10.55,30
14300200040,一般国道２０号,中央自動車道富士吉田線,一般国道４１２号,14151,0,0.9,相模原市緑区与瀬本町１６,3929,相模原市緑区与瀬本町１６,3681,7610,1.37,0.77,32.5,24.2,10.55,30
14300200050,一般国道２０号,一般国道４１２号,中央自動車道富士吉田線,14151,0,2.9,相模原市緑区与瀬１３１７－１,5867,相模原市緑区与瀬１３１７－１,5980,11847,1.3,0.98,28.8,34.5,12,40
14300200060,一般国道２０号,中央自動車道富士吉田線,吉野上野原停車場,14151,0,0.2,相模原市緑区与瀬１３１７－１,5867,相模原市緑区与瀬１３１７－１,5980,11847,1.3,0.98,16.7,22,12,40
14300200070,一般国道２０号,吉野上野原停車場,山北藤野,14151,0,1.7,相模原市藤野町小淵１４８５,3932,相模原市藤野町小淵１４８５,4056,7988,1.33,0.72,32.7,26.7,11.1,40
14300200080,一般国道２０号,山北藤野,棡原藤野,14151,0,0.1,相模原市藤野町小淵１４８５,3932,相模原市藤野町小淵１４８５,4056,7988,1.33,0.72,14.8,14.6,11.1,40
14300200090,一般国道２０号,棡原藤野,藤野停車場,14151,0,0.2,相模原市藤野町小淵１４８５,3932,相模原市藤野町小淵１４８５,4056,7988,1.33,0.72,12.6,19.5,11.1,40
14300200100,一般国道２０号,藤野停車場,一般国道２０号,14151,0,2.6,相模原市藤野町小淵１４８５,3932,相模原市藤野町小淵１４８５,4056,7988,1.33,0.72,34.4,38.8,11.1,40
14301290010,一般国道１２９号,一般国道１３４号,平塚港平塚停車場,14203,0,0.6,平塚市幸町22-2　　,7972,平塚市幸町22-2　　,7436,15408,1.32,0.84,21.2,25.8,23.1,50
14301290020,一般国道１２９号,平塚港平塚停車場,一般国道１号,14203,0,1.1,平塚市幸町22-2　　,7972,平塚市幸町22-2　　,7436,15408,1.32,0.84,23,13.7,23.1,50
14301290030,一般国道１２９号,一般国道１号,伊勢原藤沢,14203,0,2.5,平塚市東真土2丁目1-29,17901,平塚市東真土2丁目1-29,22969,40870,1.39,1.44,18.1,21.1,23.1,50
14301290040,一般国道１２９号,伊勢原藤沢,伊勢原藤沢,14203,0,2.4,平塚市東真土2丁目1-29,17901,平塚市東真土2丁目1-29,22969,40870,1.39,1.44,22.5,23.2,23.1,50
14301290050,一般国道１２９号,伊勢原藤沢,平塚市・厚木市境,14203,0,2.1,平塚市大神592,15027,平塚市大神592,14655,29682,1.38,0.72,22.7,27.9,22.5,50
14301290060,一般国道１２９号,平塚市・厚木市境,横浜伊勢原,14212,0,1.1,平塚市大神592,15027,平塚市大神592,14655,29682,1.38,0.83,32.9,35.6,22.5,50
14301290070,一般国道１２９号,新東名高速道路,酒井金田,14212,0,0.9,厚木市戸田72-1,20294,厚木市戸田72-1,20411,40705,1.44,1.07,25,22.2,25.25,50
14301290080,一般国道１２９号,酒井金田,愛甲石田停車場酒井,14212,0,0.2,厚木市戸田72-1,20294,厚木市戸田72-1,20411,40705,1.44,1.07,23.2,17.7,25.25,50
14301290090,一般国道１２９号,愛甲石田停車場酒井,東名高速道路,14212,0,0.2,厚木市戸田72-1,20294,厚木市戸田72-1,20411,40705,1.44,1.07,16.8,15.8,25.25,50
14301290100,一般国道１２９号,東名高速道路,相模原大磯,14212,0,1.1,厚木市戸田72-1,20294,厚木市戸田72-1,20411,40705,1.44,1.07,26.2,9.5,25.25,50
14301290110,一般国道１２９号,相模原大磯,一般国道２４６号,14212,0,0.7,厚木市戸田72-1,20294,厚木市戸田72-1,20411,40705,1.44,1.07,23.3,9.9,25.25,50
14301290125,一般国道１２９号,一般国道２４６号,一般国道４６８号（圏央道）,14212,0,1.3,,21565,,20822,42387,1.42,0.72,13.5,25.3,22,50
14301290130,一般国道１２９号,一般国道４６８号（圏央道）,藤沢座間厚木,14212,0,1.2,,21565,,20822,42387,1.42,0.72,28.4,16.6,22,50
14301290140,一般国道１２９号,藤沢座間厚木,厚木愛川津久井,14212,0,1.6,,21565,,20822,42387,1.42,0.72,16.4,21.9,22,50
14301290150,一般国道１２９号,厚木愛川津久井,厚木城山,14212,0,0.7,厚木市山際619-1,20505,厚木市山際619-1,18473,38978,1.41,0.61,24.6,26.6,23.25,50
14301290160,一般国道１２９号,厚木城山,太井上依知,14212,0,1.5,厚木市山際619-1,20505,厚木市山際619-1,18473,38978,1.41,0.61,60.9,50.9,23.25,50
14301290170,一般国道１２９号,太井上依知,厚木市・相模原市南区境,14212,0,0.3,,23853,,23523,47376,1.43,1.03,19.8,31.9,21.6,60
14301290175,一般国道１２９号,厚木市・相模原市南区境,一般国道４６８号（圏央道）,14153,0,0.6,相模原市南区当麻346-1,22761,相模原市南区当麻346-1,22591,45352,1.43,0.55,21.7,22.4,22.2,60
14301290180,一般国道１２９号,一般国道４６８号（圏央道）,相模原市南区・相模原市中央区境,14153,0,1,相模原市南区当麻346-1,22761,相模原市南区当麻346-1,22591,45352,1.43,0.55,40.3,16.5,22.2,60
14301290190,一般国道１２９号,相模原市南区・相模原市中央区境,厚木城山,14152,0,0.2,相模原市南区当麻346-1,22761,相模原市南区当麻346-1,22591,45352,1.43,1.45,20,17.5,36,60
14301290200,一般国道１２９号,厚木城山,厚木城山,14152,0,0.4,相模原市中央区上溝4072,18781,相模原市中央区上溝4072,19092,37873,1.41,1.29,10,15.9,22,60
14301290210,一般国道１２９号,厚木城山,相模原愛川,14152,0,1.6,相模原市中央区上溝4072,18781,相模原市中央区上溝4072,19092,37873,1.41,1.29,13.1,17.7,22,60
14301290220,一般国道１２９号,相模原愛川,厚木城山,14152,0,1.6,相模原市中央区上溝4072,18781,相模原市中央区上溝4072,19092,37873,1.41,1.29,31.8,22.1,22,60
14301290230,一般国道１２９号,厚木城山,相模原市緑区・相模原市中央区境,14151,0,0.6,相模原市緑区下九沢468-1,18912,相模原市緑区下九沢468-1,19016,37928,1.41,0.95,36.5,21.1,22.1,50
14301290240,一般国道１２９号,相模原市緑区・相模原市中央区境,相模原市中央区・相模原市緑区境,14152,0,0.9,相模原市緑区下九沢468-1,18912,相模原市緑区下九沢468-1,19016,37928,1.41,1.09,18.8,15,22,50
14301290250,一般国道１２９号,相模原市中央区・相模原市緑区境,一般国道１６号,14151,0,0.8,相模原市中央区下九沢13-4,12822,相模原市中央区下九沢13-4,13320,26142,1.37,1.19,26,13.7,22,50
14301290270,一般国道１２９号,,,14203,0,0,,,,,,,,,,21.6,50
14301290280,一般国道１２９号,,,14203,0,0.2,,,,,,,,,,21.6,50
14301290065,一般国道１２９号,横浜伊勢原,新東名高速道路,14212,0,0.2,厚木市戸田72-1,20294,厚木市戸田72-1,20411,40705,1.44,1.07,31.6,20.2,25.25,50
14301320010,一般国道１３２号,,殿町夜光線,14131,0,0.5,川崎市川崎区夜光2丁目2?6,14663,川崎市川崎区夜光2丁目2?6,14954,29617,1.44,1.27,22.4,13.1,25.3,50
14301320020,一般国道１３２号,殿町夜光線,東京大師横浜線,14131,0,1,川崎市川崎区夜光2丁目2?6,14663,川崎市川崎区夜光2丁目2?6,14954,29617,1.44,1.27,10.6,18.4,25.3,50
14301320030,一般国道１３２号,東京大師横浜線,富士見鶴見駅線,14131,0,2.2,川崎市川崎区中島2丁目3?5,9905,川崎市川崎区中島2丁目3?5,9387,19292,1.35,1.02,15.1,15.5,24.6,50
14301320040,一般国道１３２号,富士見鶴見駅線,一般国道１５号,14131,0,0.9,川崎市川崎区中島2丁目3?5,9905,川崎市川崎区中島2丁目3?5,9387,19292,1.35,1.02,15.3,13.9,24.6,50
14301330010,一般国道１３３号,山下本牧磯子線,新港第７９号線,14104,0,0.3,,10265,,10338,20603,1.34,1.46,11,10.1,21.75,50
14301330020,一般国道１３３号,新港第７９号線,栄本町線,14104,0,0.6,,10265,,10338,20603,1.34,1.46,18,19.4,21.75,50
14301330030,一般国道１３３号,栄本町線,一般国道１６号,14104,0,0.5,,10265,,10338,20603,1.34,1.46,16,19.7,21.75,50
14301340010,一般国道１３４号,一般国道１６号,浦賀港,14201,0,0.7,横須賀市大津町1丁目6-20,15991,横須賀市大津町1丁目6-20,15698,31689,1.38,1.41,26.3,15.5,22.75,40
14301340020,一般国道１３４号,浦賀港,横須賀市道,14201,0,2.1,横須賀市大津町1丁目6-20,15991,横須賀市大津町1丁目6-20,15698,31689,1.38,1.41,20.9,23.5,22.75,40
14301340030,一般国道１３４号,横須賀市道,浦賀港久里浜停車場,14201,0,2.5,横須賀市大津町1丁目6-20,15991,横須賀市大津町1丁目6-20,15698,31689,1.38,1.41,24.9,19.7,22.75,40
14301340040,一般国道１３４号,浦賀港久里浜停車場,横須賀葉山,14201,0,3.1,横須賀市野比2丁目1-1,5658,横須賀市野比2丁目1-1,4372,10030,1.3,0.93,19.8,20,13.35,40
14301340050,一般国道１３４号,横須賀葉山,久里浜港,14201,0,0.2,横須賀市野比2丁目1-1,5658,横須賀市野比2丁目1-1,4372,10030,1.3,0.93,10,14.7,13.35,40
14301340060,一般国道１３４号,久里浜港,横須賀葉山,14201,0,0.6,横須賀市津久井1丁目4?10,9292,横須賀市津久井1丁目4?10,8124,17416,1.33,1.38,23.5,18,13.75,40
14301340070,一般国道１３４号,横須賀葉山,横須賀市・三浦市境,14201,0,1.9,横須賀市津久井1丁目4?10,9292,横須賀市津久井1丁目4?10,8124,17416,1.33,1.38,28.5,23.5,13.75,40
14301340080,一般国道１３４号,横須賀市・三浦市境,武上宮田,14210,0,1.3,横須賀市津久井1丁目4?10,9292,横須賀市津久井1丁目4?10,8124,17416,1.33,1.52,25.8,20.6,13.35,40
14301340090,一般国道１３４号,武上宮田,横須賀三崎,14210,0,2.8,三浦市初声町下宮田314,6987,三浦市初声町下宮田314,7625,14612,1.32,0.94,24.8,31.2,13.35,40
14301340100,一般国道１３４号,横須賀三崎,,14210,0,2,三浦市初声町三戸238-6,8767,三浦市初声町三戸238-6,8008,16775,1.33,1.09,19.4,27.3,14.75,50
14301340110,一般国道１３４号,,三浦市・横須賀市境,14210,0,2.1,横須賀市長井1丁目13-1,6675,横須賀市長井1丁目13-1,6669,13344,1.33,0.92,31.3,28.5,14.75,50
14301340120,一般国道１３４号,三浦市・横須賀市境,横須賀三崎（三浦縦貫道路）,14201,0,1.4,横須賀市長井1丁目13-1,6675,横須賀市長井1丁目13-1,6669,13344,1.33,0.9,27.1,24.3,14.75,50
14301340130,一般国道１３４号,横須賀三崎（三浦縦貫道路）,横須賀三崎,14201,0,1.3,横須賀市長井1丁目13-1,6675,横須賀市長井1丁目13-1,6669,13344,1.33,0.9,20.4,22.9,14.75,50
14301340140,一般国道１３４号,横須賀三崎,佐島港,14201,0,1.5,横須賀市芦名1丁目2-17,8640,横須賀市芦名1丁目2-17,8942,17582,1.34,0.96,18.6,16.1,14.75,50
14301340150,一般国道１３４号,佐島港,逗子葉山横須賀,14201,0,3,横須賀市芦名1丁目2-17,8640,横須賀市芦名1丁目2-17,8942,17582,1.34,0.96,24,27,14.75,50
14301340160,一般国道１３４号,逗子葉山横須賀,横須賀市・葉山町境,14201,0,2,横須賀市秋谷5596,4674,横須賀市秋谷5596,4814,9488,1.31,0.67,35.2,34.2,12.5,40
14301340170,一般国道１３４号,横須賀市・葉山町境,森戸海岸,14301,0,0.9,横須賀市秋谷5596,4674,横須賀市秋谷5596,4814,9488,1.31,0.76,31.6,25.1,12.5,40
14301340180,一般国道１３４号,森戸海岸,横須賀葉山,14301,0,0.8,横須賀市秋谷5596,4674,横須賀市秋谷5596,4814,9488,1.31,0.76,21.7,19.2,12.5,40
14301340190,一般国道１３４号,横須賀葉山,森戸海岸,14301,0,1.2,三浦郡葉山町堀内731,9072,三浦郡葉山町堀内731,9450,18522,1.32,0.93,15.3,18.3,12.5,40
14301340200,一般国道１３４号,森戸海岸,鎌倉葉山,14301,0,0.8,三浦郡葉山町堀内731,9072,三浦郡葉山町堀内731,9450,18522,1.32,0.93,19.5,16.2,12.5,40
14301340210,一般国道１３４号,鎌倉葉山,葉山町・逗子市境,14301,0,0.3,,7160,,7865,15025,1.33,0.82,7.8,23.9,14,40
14301340220,一般国道１３４号,葉山町・逗子市境,横須賀逗子,14208,0,0.4,,7160,,7865,15025,1.33,0.94,22,17.6,14,40
14301340230,一般国道１３４号,横須賀逗子,逗子市・鎌倉市境,14208,0,3,鎌倉市材木座6丁目15,9607,鎌倉市材木座6丁目15,9530,19137,1.33,1.33,24,39.7,15.6,50
14301340240,一般国道１３４号,逗子市・鎌倉市境,横浜鎌倉,14204,0,1.2,鎌倉市材木座6丁目15,9607,鎌倉市材木座6丁目15,9530,19137,1.33,1.36,38.1,21.9,15.6,50
14301340250,一般国道１３４号,横浜鎌倉,藤沢鎌倉,14204,0,0.7,鎌倉市七里ガ浜東2丁目2-3,10956,鎌倉市七里ガ浜東2丁目2-3,12746,23702,1.34,1.94,19.1,21.7,16.35,50
14301340260,一般国道１３４号,藤沢鎌倉,腰越大船,14204,0,4.7,鎌倉市七里ガ浜東2丁目2-3,10956,鎌倉市七里ガ浜東2丁目2-3,12746,23702,1.34,1.94,20,20.6,16.35,50
14301340270,一般国道１３４号,腰越大船,鎌倉市・藤沢市境,14204,0,0.3,藤沢市片瀬海岸1丁目7-7,11251,藤沢市片瀬海岸1丁目7-7,11721,22972,1.35,1.44,10.2,19.1,16.35,50
14301340280,一般国道１３４号,鎌倉市・藤沢市境,一般国道４６７号,14205,0,0.1,藤沢市片瀬海岸1丁目7-7,11251,藤沢市片瀬海岸1丁目7-7,11721,22972,1.35,1.39,9.4,21.8,16.35,50
14301340290,一般国道１３４号,一般国道４６７号,江ノ島,14205,0,3.6,藤沢市鵠沼海岸1丁目11-19,19601,藤沢市鵠沼海岸1丁目11-19,19535,39136,1.4,2.75,14.8,26.7,16.35,50
14301340300,一般国道１３４号,江ノ島,辻堂停車場辻堂,14205,0,0.3,茅ヶ崎市汐見台3,14221,茅ヶ崎市汐見台3,14534,28755,1.4,1.9,29.5,31.9,16.35,50
14301340310,一般国道１３４号,辻堂停車場辻堂,藤沢市・茅ヶ崎市境,14205,0,1.4,茅ヶ崎市汐見台3,14221,茅ヶ崎市汐見台3,14534,28755,1.4,1.9,41,47.5,16.35,50
14301340320,一般国道１３４号,藤沢市・茅ヶ崎市境,戸塚茅ヶ崎,14207,0,0.5,茅ヶ崎市汐見台3,14221,茅ヶ崎市汐見台3,14534,28755,1.4,0.77,51.9,38,24.85,50
14301340330,一般国道１３４号,戸塚茅ヶ崎,茅ヶ崎停車場茅ヶ崎,14207,0,2.3,茅ヶ崎市中海岸4丁目15-31,17173,茅ヶ崎市中海岸4丁目15-31,20598,37771,1.32,0.7,40.6,35.2,24.85,50
14301340340,一般国道１３４号,茅ヶ崎停車場茅ヶ崎,相模原茅ヶ崎,14207,0,3.1,茅ヶ崎市中海岸4丁目15-31,17173,茅ヶ崎市中海岸4丁目15-31,20598,37771,1.32,0.7,30.2,19.2,24.85,50
14301340350,一般国道１３４号,相模原茅ヶ崎,茅ヶ崎市・平塚市境,14207,0,0.2,茅ヶ崎市柳島1900,17737,茅ヶ崎市柳島1900,18336,36073,1.43,0.61,17.2,19.9,24.85,50
14301340360,一般国道１３４号,茅ヶ崎市・平塚市境,一般国道１２９号,14203,0,1.1,茅ヶ崎市柳島1900,17737,茅ヶ崎市柳島1900,18336,36073,1.43,0.89,27.8,46.8,24.85,50
14301340370,一般国道１３４号,一般国道１２９号,平塚停車場袖ケ浜,14203,0,0.7,平塚市龍城ヶ丘19　　,22982,平塚市龍城ヶ丘19　　,21591,44573,1.41,2.36,23.1,47.6,18.85,40
14301340380,一般国道１３４号,平塚停車場袖ケ浜,平塚伊勢原,14203,0,0.8,平塚市龍城ヶ丘19　　,22982,平塚市龍城ヶ丘19　　,21591,44573,1.41,2.36,27.8,35.1,18.85,40
14301340390,一般国道１３４号,平塚伊勢原,平塚秦野,14203,0,1,平塚市龍城ヶ丘19　　,22982,平塚市龍城ヶ丘19　　,21591,44573,1.41,2.36,29.3,37.3,18.85,40
14301340400,一般国道１３４号,平塚秦野,一般国道１３４号,14203,0,0.3,平塚市龍城ヶ丘19　　,22982,平塚市龍城ヶ丘19　　,21591,44573,1.41,2.36,20.1,35.7,18.85,40
14301340410,一般国道１３４号,一般国道１３４号,平塚市・大磯町境,14203,0,0.2,平塚市唐ヶ原 ,17150,平塚市唐ヶ原 ,19318,36468,1.41,2.18,17.3,48.3,18.85,40
14301340420,一般国道１３４号,平塚市・大磯町境,一般国道１号,14341,0,0.4,平塚市唐ヶ原 ,17150,平塚市唐ヶ原 ,19318,36468,1.41,2.13,20.3,59,18.85,40
14301340430,一般国道１３４号,一般国道１号,一般国道１号,14341,0,0.9,平塚市唐ヶ原 ,17150,平塚市唐ヶ原 ,19318,36468,1.41,2.13,25.6,18.4,18.85,40
14301340450,一般国道１３４号,一般国道１３４号,平塚市・大磯町境,14203,0,0.4,中郡大磯町高麗1丁目10,2035,中郡大磯町高麗1丁目10,1581,3616,1.18,0.41,14.6,19.3,18.85,40
14301340460,一般国道１３４号,平塚市・大磯町境,一般国道１号,14341,0,0.7,中郡大磯町高麗1丁目10,2035,中郡大磯町高麗1丁目10,1581,3616,1.18,0.39,28.5,19.8,18.85,40
14301350010,一般国道１３５号,一般国道１３５号,湯河原箱根仙石原,14384,0,0.4,足柄下郡湯河原町吉浜1576?1,7547,足柄下郡湯河原町吉浜1576?1,6731,14278,1.3,1.09,27.6,27.8,13,50
14301350020,一般国道１３５号,湯河原箱根仙石原,一般国道１３５号（真鶴道路）,14384,0,0.3,足柄下郡湯河原町吉浜1576?1,7547,足柄下郡湯河原町吉浜1576?1,6731,14278,1.3,1.09,18.9,25.7,13,50
14301350030,一般国道１３５号,一般国道１３５号（真鶴道路）,小田原湯河原,14384,0,1.1,足柄下郡湯河原町吉浜1576?1,7547,足柄下郡湯河原町吉浜1576?1,6731,14278,1.3,1.09,27.7,31,13,50
14301350040,一般国道１３５号,小田原湯河原,一般国道１３５号,14384,0,0.8,足柄下郡真鶴町岩901-15,8021,足柄下郡真鶴町岩901-15,7301,15322,1.34,1.08,30.2,19.7,13,50
14301350060,一般国道１３５号,一般国道１３５号,湯河原町・真鶴町境,14384,0,0.2,足柄下郡真鶴町岩901-15,8021,足柄下郡真鶴町岩901-15,7301,15322,1.34,1.08,19.4,14,13,50
14301350070,一般国道１３５号,湯河原町・真鶴町境,真鶴半島公園,14383,0,0.3,足柄下郡真鶴町岩901-15,8021,足柄下郡真鶴町岩901-15,7301,15322,1.34,1.14,19.8,9.8,10.5,50
14301350080,一般国道１３５号,真鶴半島公園,一般国道１３５号（真鶴道路）,14383,0,2.8,足柄下郡真鶴町岩901-15,8021,足柄下郡真鶴町岩901-15,7301,15322,1.34,1.14,32.8,46.7,10.5,50
14301350090,一般国道１３５号,一般国道１３５号（真鶴道路）,真鶴町・小田原市境,14383,0,1,,3865,,3595,7460,1.29,0.74,52.6,49.7,8,50
14301350100,一般国道１３５号,真鶴町・小田原市境,小田原湯河原,14206,0,3.7,,3865,,3595,7460,1.29,0.74,50.3,43.7,8,50
14301350110,一般国道１３５号,小田原湯河原,,14206,0,2.3,小田原市石橋2　,14832,小田原市石橋2　,14818,29650,1.37,1.53,46.1,42.8,15.1,50
14301350120,一般国道１３５号,,早川停車場,14206,0,1,小田原市石橋2　,14832,小田原市石橋2　,14818,29650,1.37,1.53,43.3,43,15.1,50
14301350130,一般国道１３５号,早川停車場,一般国道１号（西湘バイパス）,14206,0,0.8,小田原市石橋2　,14832,小田原市石橋2　,14818,29650,1.37,1.53,25.4,26.9,15.1,50
14301350140,一般国道１３５号,一般国道１号（西湘バイパス）,一般国道１号,14206,0,0.4,小田原市石橋2　,14832,小田原市石橋2　,14818,29650,1.37,1.53,23.6,14.2,15.1,50
14301350160,一般国道１３５号,一般国道１３５号,小田原湯河原,14384,0,0.1,,9243,,9596,18839,1.34,1.47,12.7,6.7,13,50
14301350180,一般国道１３５号（真鶴道路）,一般国道１３５号,湯河原町・真鶴町境,14384,1,2,足柄下郡真鶴町岩,3528,足柄下郡真鶴町岩,3909,7437,1.21,0.6,63.4,60.3,8.5,60
14301350190,一般国道１３５号（真鶴道路）,湯河原町・真鶴町境,一般国道１３５号,14383,1,2.6,足柄下郡真鶴町岩,3528,足柄下郡真鶴町岩,3909,7437,1.21,0.6,63.5,56.5,8.5,60
14301380010,一般国道１３８号,一般国道１３８号,御殿場箱根,14382,0,1.2,足柄下郡箱根町仙石原1236-27,3506,足柄下郡箱根町仙石原1236-27,3679,7185,1.28,0.67,47.4,49.7,9.9,40
14301380015,一般国道１３８号,御殿場箱根,矢倉沢仙石原（はこね金太郎ライン）,14382,0,1.5,足柄下郡箱根町仙石原1236-27,3506,足柄下郡箱根町仙石原1236-27,3679,7185,1.28,0.67,45.3,45.4,9.9,40
14301380020,一般国道１３８号,矢倉沢仙石原（はこね金太郎ライン）,矢倉沢仙石原,14382,0,0.9,足柄下郡箱根町仙石原1236-27,3506,足柄下郡箱根町仙石原1236-27,3679,7185,1.28,0.67,45.3,45.4,9.9,40
14301380030,一般国道１３８号,矢倉沢仙石原,湯河原箱根仙石原,14382,0,0.3,足柄下郡箱根町仙石原1236-27,3506,足柄下郡箱根町仙石原1236-27,3679,7185,1.28,0.67,33.4,22,9.9,40
14301380040,一般国道１３８号,湯河原箱根仙石原,関本小涌谷,14382,0,4.6,足柄下郡箱根町仙石原27-4,3447,足柄下郡箱根町仙石原27-4,3831,7278,1.29,0.67,36.5,37,11.35,40
14301380050,一般国道１３８号,関本小涌谷,関本小涌谷,14382,0,0.3,足柄下郡箱根町宮城野107　,4763,足柄下郡箱根町宮城野107　,4723,9486,1.3,0.86,22.5,24.2,11.35,40
14301380060,一般国道１３８号,関本小涌谷,一般国道１号,14382,0,1.2,足柄下郡箱根町宮城野107　,4763,足柄下郡箱根町宮城野107　,4723,9486,1.3,0.86,31.7,31.7,11.35,40
14302460010,一般国道２４６号,一般国道２４６号,一般国道２４６号,14134,0,0.6,川崎市高津区溝口,34181,川崎市高津区溝口,31213,65394,1.56,1.71,27.3,44.1,22.25,60
14302460020,一般国道２４６号,一般国道２４６号,一般国道４０９号,14134,0,0.6,川崎市高津区溝口,34181,川崎市高津区溝口,31213,65394,1.56,1.71,27.2,26.3,22.25,60
14302460030,一般国道２４６号,一般国道４０９号,小杉菅線,14134,0,0.3,川崎市高津区溝口,34181,川崎市高津区溝口,31213,65394,1.56,1.71,31.4,15.5,22.25,60
14302460040,一般国道２４６号,小杉菅線,子母口宿河原線,14134,0,2.2,川崎市高津区下作延４丁目２４,24623,川崎市高津区下作延４丁目２４,22626,47249,1.54,1.18,14.3,10.6,22,60
14302460050,一般国道２４６号,子母口宿河原線,野川菅生線,14136,0,0.9,川崎市高津区下作延４丁目２４,24623,川崎市高津区下作延４丁目２４,22626,47249,1.54,1.18,11.6,44.1,22,60
14302460060,一般国道２４６号,野川菅生線,久末鷺沼線,14136,0,1.6,横浜市青葉区荏田町４２０－５,27653,横浜市青葉区荏田町４２０－５,27793,55446,1.6,1.18,25.2,25.5,22,60
14302460070,一般国道２４６号,久末鷺沼線,川崎市宮前区・横浜市青葉区境,14136,0,1.1,横浜市青葉区荏田町４２０－５,27653,横浜市青葉区荏田町４２０－５,27793,55446,1.6,1.18,31.6,28.4,22,60
14302460080,一般国道２４６号,川崎市宮前区・横浜市青葉区境,荏田綱島,14117,0,0.6,横浜市青葉区荏田町４２０－５,27031,横浜市青葉区荏田町４２０－５,27038,54069,1.56,1.29,44.8,54.7,19.05,50
14302460090,一般国道２４６号,荏田綱島,横浜生田,14117,0,0.9,横浜市青葉区荏田町４２０－５,27031,横浜市青葉区荏田町４２０－５,27038,54069,1.56,1.29,45.9,17.9,19.05,50
14302460100,一般国道２４６号,横浜生田,新横浜元石川線,14117,0,0.5,横浜市青葉区市ケ尾町１１５４,28543,横浜市青葉区市ケ尾町１１５４,29723,58266,1.57,1.28,26.9,12.7,18.75,50
14302460110,一般国道２４６号,新横浜元石川線,横浜上麻生,14117,0,1.4,横浜市青葉区市ケ尾町１１５４,28543,横浜市青葉区市ケ尾町１１５４,29723,58266,1.57,1.28,13.8,34.3,18.75,50
14302460120,一般国道２４６号,横浜上麻生,東名高速道路,14117,0,0.2,横浜市青葉区市ケ尾町１１５４,28543,横浜市青葉区市ケ尾町１１５４,29723,58266,1.57,1.28,24.3,39.7,18.75,50
14302460130,一般国道２４６号,東名高速道路,横浜市青葉区道,14117,0,2.1,横浜市青葉区市ケ尾町１１５４,28543,横浜市青葉区市ケ尾町１１５４,29723,58266,1.57,1.28,49.6,26.6,18.75,50
14302460140,一般国道２４６号,横浜市青葉区道,川崎町田,14117,0,1.2,横浜市青葉区しらとり台１９－７,28460,横浜市青葉区しらとり台１９－７,29632,58092,1.54,1.26,29,17.1,17.5,50
14302460150,一般国道２４６号,川崎町田,真光寺長津田,14113,0,0.6,横浜市青葉区しらとり台１９－７,28460,横浜市青葉区しらとり台１９－７,29632,58092,1.54,1.26,22.6,11,17.5,50
14302460160,一般国道２４６号,真光寺長津田,山下長津田線,14113,0,0.3,横浜市青葉区しらとり台１９－７,28460,横浜市青葉区しらとり台１９－７,29632,58092,1.54,1.26,20.8,12.2,17.5,50
14302460170,一般国道２４６号,山下長津田線,一般国道２４６号,14113,0,1.8,横浜市緑区長津田６丁目２０－２４,23869,横浜市緑区長津田６丁目２０－２４,26070,49939,1.57,1.27,9,21.6,17.5,50
14302460190,一般国道２４６号,一般国道２４６号,一般国道２４６号,14113,0,1.2,町田市つくし野４丁目３４－１,25218,町田市つくし野４丁目３４－１,24053,49271,1.63,1.13,14.4,24.2,17.5,50
14302460210,一般国道２４６号,一般国道２４６号,目黒町町田,14114,0,0.3,横浜市瀬谷区五貫目町２,30004,横浜市瀬谷区五貫目町２,30414,60418,1.62,1.27,55.7,10.7,22.45,50
14302460220,一般国道２４６号,目黒町町田,瀬谷柏尾,14114,0,0.4,横浜市瀬谷区五貫目町２,30004,横浜市瀬谷区五貫目町２,30414,60418,1.62,1.27,41.1,9.7,22.45,50
14302460230,一般国道２４６号,瀬谷柏尾,横浜市瀬谷区・大和市境,14114,0,0.1,横浜市瀬谷区五貫目町２,30004,横浜市瀬谷区五貫目町２,30414,60418,1.62,1.27,18.2,20.4,22.45,50
14302460240,一般国道２４６号,横浜市瀬谷区・大和市境,一般国道４６７号,14213,0,0.2,,31596,,34573,66169,1.54,1.5,15.6,27.5,36,60
14302460250,一般国道２４６号,一般国道４６７号,一般国道４６７号,14213,0,0.1,,31596,,34573,66169,1.54,1.5,7.3,47.6,36,60
14302460260,一般国道２４６号,一般国道４６７号,大和市・座間市境,14213,0,3.5,,31596,,34573,66169,1.54,1.5,20.1,31.3,36,60
14302460270,一般国道２４６号,大和市・座間市境,藤沢座間厚木,14216,0,2,座間市栗原４２１１,26368,座間市栗原４２１１,23408,49776,1.6,1.23,16.4,13.8,22,50
14302460280,一般国道２４６号,藤沢座間厚木,座間市・海老名市境,14216,0,0.6,座間市栗原４２１１,26368,座間市栗原４２１１,23408,49776,1.6,1.23,11.3,16.2,22,50
14302460290,一般国道２４６号,座間市・海老名市境,町田厚木,14215,0,2.1,座間市栗原４２１１,26368,座間市栗原４２１１,23408,49776,1.6,1.23,19.9,16.8,22,50
14302460300,一般国道２４６号,町田厚木,海老名市・厚木市境,14215,0,1.1,厚木市金田４７９,27608,厚木市金田４７９,29137,56745,1.55,0.76,26.1,18.4,21.2,50
14302460310,一般国道２４６号,海老名市・厚木市境,一般国道１２９号,14212,0,1.2,厚木市金田４７９,27608,厚木市金田４７９,29137,56745,1.55,0.76,25.6,19.1,21.2,50
14302460320,一般国道２４６号,一般国道１２９号,厚木市道,14212,0,1.4,厚木市妻田西１丁目１９,28564,厚木市妻田西１丁目１９,30653,59217,1.53,1.15,18.7,11.9,28,50
14302460330,一般国道２４６号,厚木市道,一般国道４１２号,14212,0,0.7,厚木市水引１丁目１６,34230,厚木市水引１丁目１６,39030,73260,1.58,1.3,28.7,12.5,35.25,50
14302460340,一般国道２４６号,一般国道４１２号,上粕屋厚木,14212,0,0.8,厚木市水引１丁目１６,34230,厚木市水引１丁目１６,39030,73260,1.58,1.3,13.8,21,35.25,50
14302460350,一般国道２４６号,上粕屋厚木,一般国道１２９号,14212,0,0.9,厚木市水引１丁目１６,34230,厚木市水引１丁目１６,39030,73260,1.58,1.3,15.6,17.1,35.25,50
14302460360,一般国道２４６号,一般国道１２９号,上粕屋厚木,14212,0,0.9,厚木市船子５７９－１,9576,厚木市船子５７９－１,11641,21217,1.5,0.62,13.3,22.3,19.95,40
14302460370,一般国道２４６号,上粕屋厚木,上粕屋厚木,14212,0,0.3,厚木市船子１１９４,16470,厚木市船子１１９４,16018,32488,1.46,0.84,24.5,10.9,22.65,40
14302460380,一般国道２４６号,上粕屋厚木,愛甲石田停車場酒井,14212,0,0.9,伊勢原市石田８２０－１２,9725,伊勢原市石田８２０－１２,8797,18522,1.62,1.27,12.4,18,14.5,40
14302460390,一般国道２４６号,愛甲石田停車場酒井,厚木市・伊勢原市境,14212,0,0.2,伊勢原市石田８２０－１２,9725,伊勢原市石田８２０－１２,8797,18522,1.62,1.27,9,15.4,14.5,40
14302460400,一般国道２４６号,厚木市・伊勢原市境,愛甲石田停車場酒井,14214,0,0.2,伊勢原市石田８２０－１２,9725,伊勢原市石田８２０－１２,8797,18522,1.62,1.27,9.2,18.3,14.5,40
14302460410,一般国道２４６号,愛甲石田停車場酒井,横浜伊勢原,14214,0,1.9,伊勢原市石田８２０－１２,9725,伊勢原市石田８２０－１２,8797,18522,1.62,1.27,13.4,24.6,14.5,40
14302460420,一般国道２４６号,横浜伊勢原,伊勢原藤沢,14214,0,1.2,伊勢原市石田８２０－１２,9725,伊勢原市石田８２０－１２,8797,18522,1.62,1.27,21.2,17.8,14.5,40
14302460430,一般国道２４６号,伊勢原藤沢,平塚伊勢原,14214,0,0.7,伊勢原市石田８２０－１２,9725,伊勢原市石田８２０－１２,8797,18522,1.62,1.27,20,12,14.5,40
14302460440,一般国道２４６号,平塚伊勢原,相模原大磯,14214,0,0.6,伊勢原市坪ノ内６２,11693,伊勢原市坪ノ内６２,11757,23450,1.55,1.37,8.8,15,13.6,40
14302460450,一般国道２４６号,相模原大磯,上粕屋南金目,14214,0,0.8,伊勢原市坪ノ内６２,11693,伊勢原市坪ノ内６２,11757,23450,1.55,1.37,11.8,9,13.6,40
14302460460,一般国道２４６号,上粕屋南金目,上粕屋南金目,14214,0,1.1,伊勢原市坪ノ内６２,11693,伊勢原市坪ノ内６２,11757,23450,1.55,1.37,19,11.9,13.6,40
14302460470,一般国道２４６号,上粕屋南金目,伊勢原市・秦野市境,14214,0,2.8,伊勢原市坪ノ内６２,11693,伊勢原市坪ノ内６２,11757,23450,1.55,1.37,19.1,17.4,13.6,40
14302460480,一般国道２４６号,伊勢原市・秦野市境,秦野清川,14211,0,1.6,伊勢原市坪ノ内６２,11693,伊勢原市坪ノ内６２,11757,23450,1.55,1.37,12.2,12.6,13.6,40
14302460490,一般国道２４６号,秦野清川,秦野二宮,14211,0,0.2,伊勢原市坪ノ内６２,11693,伊勢原市坪ノ内６２,11757,23450,1.55,1.37,13.9,12.8,13.6,40
14302460495,一般国道２４６号,秦野二宮,堀山下秦野停車場,14211,0,0.8,秦野市平沢,9671,秦野市平沢,10436,20107,1.48,1.24,25.4,16.4,16,40
14302460500,一般国道２４６号,堀山下秦野停車場,山北町道,14211,0,0.2,秦野市平沢,9671,秦野市平沢,10436,20107,1.48,1.24,19,33.5,16,40
14302460510,一般国道２４６号,山北町道,平塚秦野,14211,0,1.7,秦野市平沢,9671,秦野市平沢,10436,20107,1.48,1.24,21.6,20.8,16,40
14302460520,一般国道２４６号,平塚秦野,秦野大井,14211,0,1.5,足柄上郡松田町松田惣領,8782,足柄上郡松田町松田惣領,9900,18682,1.39,1.37,20.2,13.4,16,40
14302460530,一般国道２４６号,秦野大井,丹沢公園松原町,14211,0,0.2,足柄上郡松田町松田惣領,8782,足柄上郡松田町松田惣領,9900,18682,1.39,1.37,16.6,15.3,16,40
14302460540,一般国道２４６号,丹沢公園松原町,神縄神山,14211,0,3.6,足柄上郡松田町松田惣領,8782,足柄上郡松田町松田惣領,9900,18682,1.39,1.37,18.1,29,16,40
14302460550,一般国道２４６号,神縄神山,秦野市・松田町境,14211,0,0,足柄上郡松田町松田惣領,8782,足柄上郡松田町松田惣領,9900,18682,1.39,1.37,16.2,38.6,16,40
14302460560,一般国道２４６号,秦野市・松田町境,一般国道２５５号,14363,0,2.1,足柄上郡松田町松田惣領,8782,足柄上郡松田町松田惣領,9900,18682,1.39,1.37,26.3,45.2,16,40
14302460570,一般国道２４６号,一般国道２５５号,松田国府津,14363,0,2.2,足柄上郡松田町松田惣領,8782,足柄上郡松田町松田惣領,9900,18682,1.39,1.37,37.6,38.4,16,40
14302460580,一般国道２４６号,松田国府津,松田町・山北町境,14363,0,0.9,山北町庶子１０３５,11382,山北町庶子１０３５,10174,21556,1.49,1.7,37.9,34.4,15.7,40
14302460584,一般国道２４６号,松田町・山北町境,山北藤野,14364,0,0.4,山北町庶子１０３５,11382,山北町庶子１０３５,10174,21556,1.49,1.7,33.8,27,15.7,40
14302460730,一般国道２４６号,山北藤野,山北藤野,14364,0,0.5,山北町向原２４５９,9420,山北町向原２４５９,7773,17193,1.52,1.33,22.7,23.4,13,50
14302460590,一般国道２４６号,山北藤野,山北藤野,14364,0,0.7,山北町向原１７９８,11553,山北町向原１７９８,9601,21154,1.52,1.69,24.8,36.5,12.2,40
14302460600,一般国道２４６号,山北藤野,小田原山北,14364,0,1.4,山北町向原１７９８,11553,山北町向原１７９８,9601,21154,1.52,1.69,32.2,12.2,12.2,40
14302460610,一般国道２４６号,小田原山北,山北藤野,14364,0,1.6,山北町向原１７９８,11553,山北町向原１７９８,9601,21154,1.52,1.69,35.6,15.6,12.2,40
14302460620,一般国道２４６号,山北藤野,山北藤野,14364,0,0.2,足柄上郡山北町川西,7958,足柄上郡山北町川西,7393,15351,1.41,1.2,26.7,19,10.5,40
14302460630,一般国道２４６号,山北藤野,山北藤野,14364,0,2.1,足柄上郡山北町川西,7958,足柄上郡山北町川西,7393,15351,1.41,1.2,36,32.5,10.5,40
14302460640,一般国道２４６号,山北藤野,山北藤野,14364,0,1.4,足柄上郡山北町川西,7958,足柄上郡山北町川西,7393,15351,1.41,1.2,34.6,25.8,10.5,40
14302460650,一般国道２４６号,山北藤野,山北藤野,14364,0,0.2,足柄上郡山北町川西,7958,足柄上郡山北町川西,7393,15351,1.41,1.2,34,23.3,10.5,40
14302460660,一般国道２４６号,山北藤野,一般国道２４６号,14364,0,2.6,足柄上郡山北町川西,7958,足柄上郡山北町川西,7393,15351,1.41,1.2,38.7,47.9,10.5,40
14302460680,一般国道２４６号,一般国道２４６号,幸多摩線,14134,0,0.3,川崎市高津区二子1丁目4?1,13160,川崎市高津区二子1丁目4?1,12197,25357,1.44,1.99,6.6,5.3,13.1,40
14302460690,一般国道２４６号,幸多摩線,一般国道２４６号,14134,0,0.4,川崎市高津区二子1丁目4?1,13160,川崎市高津区二子1丁目4?1,12197,25357,1.44,1.48,12.7,22.2,19.8,40
14302550010,一般国道２５５号,一般国道２４６号,松田町・大井町境,14363,0,0.5,,17419,,18905,36324,1.41,1.63,25,31.5,14.8,50
14302550020,一般国道２５５号,松田町・大井町境,東名高速道路,14362,0,0.1,,17419,,18905,36324,1.41,1.92,35.5,24.2,16.6,50
14302550030,一般国道２５５号,東名高速道路,御殿場大井,14362,0,0.3,,17419,,18905,36324,1.41,1.92,25.5,13.7,16.6,50
14302550040,一般国道２５５号,御殿場大井,松田国府津,14362,0,0.3,足柄上郡大井町金子1626　,11726,足柄上郡大井町金子1626　,12565,24291,1.38,0.73,25.9,11.4,16.6,50
14302550050,一般国道２５５号,松田国府津,松田国府津,14362,0,1.1,足柄上郡大井町金子1626　,11726,足柄上郡大井町金子1626　,12565,24291,1.38,0.73,19.9,17.4,16.6,50
14302550060,一般国道２５５号,松田国府津,栢山停車場曽我,14362,0,1.2,足柄上郡大井町金子1626　,11726,足柄上郡大井町金子1626　,12565,24291,1.38,0.73,21.5,28.5,16.6,50
14302550070,一般国道２５５号,栢山停車場曽我,大井町・小田原市境,14362,0,0.2,足柄上郡大井町上大井223,8325,足柄上郡大井町上大井223,8045,16370,1.33,0.94,28.4,27.3,15.6,50
14302550080,一般国道２５５号,大井町・小田原市境,大井町道,14206,0,2,小田原市西大友125-1,7946,小田原市西大友125-1,7869,15815,1.33,0.87,31.4,25.5,15.6,50
14302550090,一般国道２５５号,大井町道,小田原松田,14206,0,0.1,小田原市西大友125-1,7946,小田原市西大友125-1,7869,15815,1.33,0.87,22,12.8,15.6,50
14302550100,一般国道２５５号,小田原松田,成田下曽我停車場,14206,0,0.6,小田原市成田143,10095,小田原市成田143,11665,21760,1.34,1.13,20.6,18.6,15.6,50
14302550110,一般国道２５５号,成田下曽我停車場,沼田国府津,14206,0,0.3,小田原市成田143,10095,小田原市成田143,11665,21760,1.34,1.13,19.8,11.3,15.6,50
14302550120,一般国道２５５号,沼田国府津,一般国道２７１号(小田原厚木道路),14206,0,0.7,小田原市成田143,10095,小田原市成田143,11665,21760,1.34,1.13,14.7,17.1,15.6,50
14302550130,一般国道２５５号,一般国道２７１号(小田原厚木道路),小田原市道,14206,0,0.7,小田原市成田143,10095,小田原市成田143,11665,21760,1.34,1.13,15.3,13.3,15.6,50
14302550140,一般国道２５５号,小田原市道,小田原松田,14206,0,0.6,小田原市飯泉1000-1,9072,小田原市飯泉1000-1,8449,17521,1.33,0.99,14.9,10.3,15.6,50
14302550150,一般国道２５５号,小田原松田,怒田開成小田原,14206,0,0.7,小田原市飯泉1000-1,9072,小田原市飯泉1000-1,8449,17521,1.33,0.99,13.6,11.3,15.6,50
14302550160,一般国道２５５号,怒田開成小田原,一般国道１号,14206,0,2.6,,11995,,11234,23229,1.35,1.59,13.3,,15.6,40
14302710010,一般国道２７１号(小田原厚木道路),一般国道１号（西湘バイパス）,小田原市道,14206,1,1.8,小田原西IC～荻窪IC,8052,小田原西IC～荻窪IC,6552,14604,1.24,0.27,75,72.9,17.7,70
14302710020,一般国道２７１号(小田原厚木道路),小田原市道,一般国道２５５号,14206,1,4.8,荻窪IC～小田原東IC,9289,荻窪IC～小田原東IC,8557,17846,1.21,0.3,79.6,77.2,17.7,70
14302710030,一般国道２７１号(小田原厚木道路),一般国道２５５号,小田原市・二宮町境,14206,1,6.9,小田原東IC～二宮IC,12459,小田原東IC～二宮IC,11721,24180,1.26,0.4,53.6,75.6,17.8,70
14302710040,一般国道２７１号(小田原厚木道路),小田原市・二宮町境,二宮町道,14342,1,0.2,小田原東IC～二宮IC,12459,小田原東IC～二宮IC,11721,24180,1.26,0.4,76.1,59,17.8,70
14302710050,一般国道２７１号(小田原厚木道路),二宮町道,二宮町・大磯町境,14342,1,2.4,二宮IC～大磯IC,15749,二宮IC～大磯IC,15515,31264,1.28,0.59,74.3,48.6,17.7,70
14302710060,一般国道２７１号(小田原厚木道路),二宮町・大磯町境,大磯町道,14341,1,1.1,二宮IC～大磯IC,15749,二宮IC～大磯IC,15515,31264,1.28,0.59,76,75.3,17.7,70
14302710070,一般国道２７１号(小田原厚木道路),大磯町道,大磯町・平塚市境,14341,1,2,大磯IC～平塚IC,14499,大磯IC～平塚IC,12246,26745,1.3,0.41,79.6,78.7,17.7,70
14302710080,一般国道２７１号(小田原厚木道路),大磯町・平塚市境,平塚秦野,14203,1,4,大磯IC～平塚IC,14499,大磯IC～平塚IC,12246,26745,1.3,0.41,73.9,77.2,17.7,70
14302710090,一般国道２７１号(小田原厚木道路),平塚秦野,平塚市・伊勢原市境,14203,1,1.3,平塚IC～伊勢原IC,15591,平塚IC～伊勢原IC,14604,30195,1.29,0.42,76.3,77.8,17.7,70
14302710100,一般国道２７１号(小田原厚木道路),平塚市・伊勢原市境,伊勢原市・平塚市境,14214,1,0.4,平塚IC～伊勢原IC,15591,平塚IC～伊勢原IC,14604,30195,1.29,0.42,77.7,74,17.7,70
14302710110,一般国道２７１号(小田原厚木道路),伊勢原市・平塚市境,平塚市・伊勢原市境,14203,1,1.2,平塚IC～伊勢原IC,15591,平塚IC～伊勢原IC,14604,30195,1.29,0.42,77.6,73.3,17.7,70
14302710120,一般国道２７１号(小田原厚木道路),平塚市・伊勢原市境,伊勢原藤沢,14214,1,0.5,平塚IC～伊勢原IC,15591,平塚IC～伊勢原IC,14604,30195,1.29,0.42,77.6,63.2,17.7,70
14302710130,一般国道２７１号(小田原厚木道路),伊勢原藤沢,伊勢原市・厚木市境,14214,1,3.7,伊勢原IC～厚木西IC,13776,伊勢原IC～厚木西IC,12572,26348,1.31,0.4,78.9,50.2,18.3,70
14302710140,一般国道２７１号(小田原厚木道路),伊勢原市・厚木市境,相模原大磯,14212,1,0.3,伊勢原IC～厚木西IC,13776,伊勢原IC～厚木西IC,12572,26348,1.31,0.4,77.9,27.2,18.3,70
14302710150,一般国道２７１号(小田原厚木道路),相模原大磯,東名高速道路,14212,1,1,厚木西IC～厚木IC,16952,厚木西IC～厚木IC,14406,31358,1.33,0.43,62.1,27,18.3,70
14303570010,一般国道３５７号,,高速湾岸線,14131,0,0.4,川崎市川崎区東扇島１７－１,15143,川崎市川崎区東扇島１７－１,9335,24478,1.57,2,22.3,34,14,40
14303570020,一般国道３５７号,高速湾岸線,,14131,0,2.6,川崎市川崎区東扇島１８－５,10701,川崎市川崎区東扇島１８－５,7523,18224,1.41,1.4,30.9,27.4,14,50
14303570040,一般国道３５７号,,横浜市鶴見区・横浜市中区境,14101,0,0.9,横浜市中区新山下３丁目７－２４,3801,横浜市中区新山下３丁目７－２４,3748,7549,1.33,0.54,37.3,46.9,13,50
14303570050,一般国道３５７号,一般国道３５７号,山下町第３９号線,14104,0,1,横浜市中区新山下３丁目７－２４,3801,横浜市中区新山下３丁目７－２４,3748,7549,1.33,0.54,21.2,31.8,13,50
14303570045,一般国道３５７号,横浜市鶴見区・横浜市中区境,一般国道３５７号,14104,0,1,横浜市中区本牧ふ頭５－７,7292,横浜市中区本牧ふ頭５－７,7946,15238,1.33,1.01,21.7,52.5,13,50
14303570180,一般国道３５７号,一般国道３５７号,高速湾岸線,14104,0,2.4,横浜市中区本牧ふ頭５－７,7292,横浜市中区本牧ふ頭５－７,7946,15238,1.33,1.01,44.5,61.1,13,50
14303570190,一般国道３５７号,高速湾岸線,本牧第２８号線,14104,0,0.6,横浜市中区本牧ふ頭５－７,7292,横浜市中区本牧ふ頭５－７,7946,15238,1.33,1.1,48.4,50.6,13,50
14700020015,一般国道３５７号,本牧第２８号線,,14104,0,1.6,,4693,,5261,9954,1.36,0.49,30.1,41.1,53.35,50
14700020010,一般国道３５７号,,一般国道３５７号,14104,0,0.5,,4693,,5261,9954,1.36,0.49,30,45.2,53.35,50
14700020005,一般国道３５７号,一般国道３５７号,山下本牧磯子線,14104,0,1.2,,4693,,5261,9954,1.36,0.49,34.3,37.5,53.35,50
14303570150,一般国道３５７号,一般国道３５７号,横浜市中区・横浜市磯子区境,14104,0,1.9,,14255,,13101,27356,1.36,0.94,66.2,65.3,36,50
14303570160,一般国道３５７号,横浜市中区・横浜市磯子区境,,14107,0,2.3,,14255,,13101,27356,1.36,0.94,62.4,28.1,36,50
14303570070,一般国道３５７号,,高速湾岸線,14107,0,0.4,横浜市磯子区磯子３丁目１４－５０,18401,横浜市磯子区磯子３丁目１４－５０,19104,37505,1.47,0.94,38.3,15,50,40
14303570080,一般国道３５７号,高速湾岸線,環状２号線,14107,0,0.4,横浜市磯子区森１丁目１,15241,横浜市磯子区森１丁目１,16891,32132,1.5,0.62,41.8,51.4,40,40
14303570090,一般国道３５７号,環状２号線,高速湾岸線,14107,0,1.9,横浜市磯子区新杉田町６,13322,横浜市磯子区新杉田町６,12663,25985,1.45,0.93,22.1,14.3,40,40
14303570100,一般国道３５７号,高速湾岸線,横浜市磯子区・横浜市金沢区境,14107,0,0.2,横浜市金沢区鳥浜町１５－１３,15496,横浜市金沢区鳥浜町１５－１３,11352,26848,1.45,1.16,14.2,14.4,40,40
14303570110,一般国道３５７号,横浜市磯子区・横浜市金沢区境,高速湾岸線,14108,0,3.4,横浜市金沢区鳥浜町１５－１３,15496,横浜市金沢区鳥浜町１５－１３,11352,26848,1.45,1.16,20.6,21.6,40,40
14303570120,一般国道３５７号,高速湾岸線,柴線（柴町第１１０号線）,14108,0,1.5,横浜市金沢区鳥浜町１５－１３,15496,横浜市金沢区鳥浜町１５－１３,11352,26848,1.45,1.16,39.3,22.9,40,40
14303570130,一般国道３５７号,柴線（柴町第１１０号線）,,14108,0,1.1,横浜市金沢区鳥浜町１５－１３,15496,横浜市金沢区鳥浜町１５－１３,11352,26848,1.45,1.16,37.5,37.5,40,40
14304090010,一般国道４０９号（アクアライン）,高速湾岸線,一般国道４０９号（アクアライン）,14131,1,7.2,高速湾岸線～千葉県境(海ほたるPA),24746,高速湾岸線～千葉県境(海ほたるPA),21999,46745,1.35,0.74,51.3,61.1,21,80
14304090080,一般国道４０９号,一般国道１５号,富士見鶴見駅線,14131,0,0.6,川崎市川崎区中瀬３丁目２０,7857,川崎市川崎区中瀬３丁目２０,10096,17953,1.48,0.96,4.5,22.3,25,50
14304090070,一般国道４０９号,富士見鶴見駅線,高速神奈川１号横羽線,14131,0,2.4,川崎市川崎区中瀬３丁目２０,7857,川崎市川崎区中瀬３丁目２０,10096,17953,1.48,0.96,15,15.5,25,50
14304090060,一般国道４０９号,高速神奈川１号横羽線,東京大師横浜線,14131,0,0.3,川崎市川崎区大師河原２丁目５?１０,10468,川崎市川崎区大師河原２丁目５?１０,8885,19353,1.4,0.88,20,10.6,25,50
14304090050,一般国道４０９号,東京大師横浜線,殿町夜光線,14131,0,0.8,川崎市川崎区殿町３丁目２５?２６,13146,川崎市川崎区殿町３丁目２５?２６,12647,25793,1.38,1.42,12.4,14.9,25,50
14304090040,一般国道４０９号,殿町夜光線,高速神奈川６号川崎線,14131,0,0.4,川崎市川崎区殿町３丁目２５?２６,13146,川崎市川崎区殿町３丁目２５?２６,12647,25793,1.38,1.42,20.3,21,25,50
14304090030,一般国道４０９号,高速神奈川６号川崎線,高速湾岸線,14131,0,4,川崎市川崎区殿町３丁目２５?２６,13146,川崎市川崎区殿町３丁目２５?２６,12647,25793,1.38,1.42,34.4,32.2,25,50
14304090090,一般国道４０９号,一般国道１５号,川崎市川崎区・川崎市幸区境,14131,0,0.6,川崎市川崎区駅前本町26,12858,川崎市川崎区駅前本町26,14760,27618,1.38,0.93,8.7,6.1,19.3,50
14304090100,一般国道４０９号,川崎市川崎区・川崎市幸区境,川崎府中線,14132,0,0.3,川崎市川崎区駅前本町26,12858,川崎市川崎区駅前本町26,14760,27618,1.38,1.27,7,30.5,22,50
14304090110,一般国道４０９号,川崎府中線,幸多摩線,14132,0,0.4,川崎市幸区戸手4丁目7,8754,川崎市幸区戸手4丁目7,9755,18509,1.34,0.92,16.7,23.4,22,50
14304090120,一般国道４０９号,幸多摩線,一般国道１号,14132,0,0.7,川崎市幸区戸手4丁目7,8754,川崎市幸区戸手4丁目7,9755,18509,1.34,0.92,16.8,14.3,22,50
14304090130,一般国道４０９号,一般国道１号,川崎駅丸子線,14132,0,1.5,川崎市幸区下平間213,11136,川崎市幸区下平間213,11042,22178,1.34,1.36,17,23.1,22,50
14304090140,一般国道４０９号,川崎駅丸子線,大田神奈川,14132,0,1.5,川崎市幸区鹿島田3丁目6?40,3202,川崎市幸区鹿島田3丁目6?40,3700,6902,1.28,0.95,13,16.3,8.6,40
14304090150,一般国道４０９号,大田神奈川,川崎市幸区・川崎市中原区境,14132,0,0.1,川崎市中原区中丸子150,4145,川崎市中原区中丸子150,4403,8548,1.3,1.01,7.1,14.5,8.6,40
14304090160,一般国道４０９号,川崎市幸区・川崎市中原区境,東京丸子横浜,14133,0,1.3,川崎市中原区中丸子150,4145,川崎市中原区中丸子150,4403,8548,1.3,0.71,19.4,20,20,40
14304090170,一般国道４０９号,東京丸子横浜,川崎駅丸子線,14133,0,0.8,川崎市中原区小杉御殿町2丁目77,4999,川崎市中原区小杉御殿町2丁目77,5379,10378,1.3,1.06,14.5,13,13,40
14304090180,一般国道４０９号,川崎駅丸子線,丸子中山茅ヶ崎,14133,0,0.6,川崎市中原区小杉御殿町2丁目77,4999,川崎市中原区小杉御殿町2丁目77,5379,10378,1.3,1.06,12,21.3,13,40
14304090190,一般国道４０９号,丸子中山茅ヶ崎,宮内新横浜線,14133,0,1.7,川崎市中原区宮内2丁目5?3,5095,川崎市中原区宮内2丁目5?3,4946,10041,1.3,0.93,19.6,21.7,13,40
14304090200,一般国道４０９号,宮内新横浜線,川崎市中原区・川崎市高津区境,14133,0,0.6,川崎市高津区北見方3丁目12?5,6898,川崎市高津区北見方3丁目12?5,6496,13394,1.32,1.26,12.5,19.7,13,40
14304090210,一般国道４０９号,川崎市中原区・川崎市高津区境,二子千年線,14134,0,0.4,川崎市高津区北見方3丁目12?5,6898,川崎市高津区北見方3丁目12?5,6496,13394,1.32,1.38,19.6,11.4,20,40
14304090220,一般国道４０９号,二子千年線,鶴見溝ノ口,14134,0,1.7,川崎市高津区溝口3丁目15?12,8233,川崎市高津区溝口3丁目15?12,8556,16789,1.43,1.42,18.2,13.6,20,40
14304090230,一般国道４０９号,鶴見溝ノ口,一般国道２４６号,14134,0,0.4,川崎市高津区溝口3丁目15?12,8233,川崎市高津区溝口3丁目15?12,8556,16789,1.43,1.42,17.6,12.4,20,40
14304120010,一般国道４１２号,一般国道２４６号,厚木清川,14212,0,0.5,厚木市林5丁目12-3,11539,厚木市林5丁目12-3,13141,24680,1.36,0.75,5.8,23.4,20.85,40
14304120020,一般国道４１２号,厚木清川,相模原大磯,14212,0,2.4,厚木市林5丁目12-3,11539,厚木市林5丁目12-3,13141,24680,1.36,0.75,27.8,28.6,20.85,40
14304120030,一般国道４１２号,相模原大磯,一般,14212,0,1.9,厚木市及川1135-5,10475,厚木市及川1135-5,8372,18847,1.34,1.26,36.5,33.7,12,40
14304120040,一般国道４１２号,一般,,14212,0,1.4,厚木市及川1135-5,10475,厚木市及川1135-5,8372,18847,1.34,1.22,32.4,22.9,12,40
14304120050,一般国道４１２号,,厚木市・愛川町境,14212,0,4,厚木市上荻野2684-1,5422,厚木市上荻野2684-1,5350,10772,1.3,1.15,32.7,31.7,12,40
14304120060,一般国道４１２号,厚木市・愛川町境,相模原愛川,14401,0,0.6,厚木市上荻野2684-1,5422,厚木市上荻野2684-1,5350,10772,1.3,1.18,35.7,34.8,12,40
14304120070,一般国道４１２号,相模原愛川,宮ケ瀬愛川,14401,0,3.5,愛甲郡愛川町半原455-1,4379,愛甲郡愛川町半原455-1,4315,8694,1.3,0.67,35,31.1,12.5,40
14304120080,一般国道４１２号,宮ケ瀬愛川,相模原愛川,14401,0,1.6,愛甲郡愛川町半原455-1,4379,愛甲郡愛川町半原455-1,4315,8694,1.3,0.67,36.9,39.7,12.5,40
14304120090,一般国道４１２号,相模原愛川,,14401,0,0.7,,3838,,3822,7660,1.29,0.55,43.9,47.7,11.75,30
14304120100,一般国道４１２号,,長竹川尻,14151,0,2.1,相模原市緑区長竹1226,7531,相模原市緑区長竹1226,7088,14619,1.32,1.11,41.9,40.9,10,40
14304120110,一般国道４１２号,長竹川尻,鳥屋川尻,14151,0,0.7,相模原市緑区長竹1226,7531,相模原市緑区長竹1226,7088,14619,1.32,1.11,35.8,34.2,10,40
14304120120,一般国道４１２号,鳥屋川尻,鳥屋川尻,14151,0,0.9,相模原市緑区長竹1226,7531,相模原市緑区長竹1226,7088,14619,1.32,1.11,32.2,29.8,10,40
14304120130,一般国道４１２号,鳥屋川尻,一般国道４１３号,14151,0,2.2,相模原市緑区長竹1226,7531,相模原市緑区長竹1226,7088,14619,1.32,1.11,42.3,39.1,10,40
14304120140,一般国道４１２号,一般国道４１３号,一般国道４１３号,14151,0,0.9,相模原市緑区三ケ木346,5272,相模原市緑区三ケ木346,5102,10374,1.31,0.75,30.9,21.8,10,40
14304120150,一般国道４１２号,一般国道４１３号,奥牧野相模湖,14151,0,2.4,相模原市緑区与瀬本町46,3478,相模原市緑区与瀬本町46,3217,6695,1.29,0.72,27.2,34.1,10.7,40
14304120160,一般国道４１２号,奥牧野相模湖,奥牧野相模湖,14151,0,1.6,相模原市緑区与瀬本町46,3478,相模原市緑区与瀬本町46,3217,6695,1.29,0.72,34.9,34.4,10.7,40
14304120170,一般国道４１２号,奥牧野相模湖,一般国道２０号,14151,0,3.2,相模原市緑区与瀬本町46,3478,相模原市緑区与瀬本町46,3217,6695,1.29,0.72,32.9,23.4,10.7,40
14304130010,一般国道４１３号,一般国道４１３号,一般国道４１３号,14151,0,1.3,相模原市緑区青根1804,1138,相模原市緑区青根1804,1293,2431,1.21,0.45,44.2,43.2,10,40
14304130020,一般国道４１３号,一般国道４１３号,一般国道４１３号,14151,0,0.7,相模原市緑区青根1804,1138,相模原市緑区青根1804,1293,2431,1.21,0.45,51,47.3,10,40
14304130030,一般国道４１３号,一般国道４１３号,一般国道４１３号,14151,0,0.3,,945,,1029,1974,1.22,0.31,36.3,10.6,10,40
14304130040,一般国道４１３号,一般国道４１３号,一般国道４１３号,14151,0,5.1,相模原市緑区青野原2995,2051,相模原市緑区青野原2995,2175,4226,1.23,0.6,41.2,41.3,11.4,40
14304130050,一般国道４１３号,一般国道４１３号,一般国道４１３号,14151,0,1.5,相模原市緑区青野原2995,2051,相模原市緑区青野原2995,2175,4226,1.23,0.6,46.6,49.3,12.4,40
14304130060,一般国道４１３号,一般国道４１３号,藤野津久井,14151,0,1.9,相模原市緑区青野原2995,2051,相模原市緑区青野原2995,2175,4226,1.23,0.6,51,52.2,12.4,40
14304130070,一般国道４１３号,藤野津久井,伊勢原津久井,14151,0,0.2,相模原市緑区青野原2995,2051,相模原市緑区青野原2995,2175,4226,1.23,0.6,34,37.2,12.4,40
14304130080,一般国道４１３号,伊勢原津久井,一般国道４１２号,14151,0,3.3,相模原市緑区青山3811,3282,相模原市緑区青山3811,3450,6732,1.27,0.84,47.2,41.8,12.4,40
14304130100,一般国道４１３号,一般国道４１２号,厚木愛川津久井,14151,0,1.5,相模原市緑区中野1342,8243,相模原市緑区中野1342,8818,17061,1.33,1.22,32.7,36.5,10.6,40
14304130110,一般国道４１３号,厚木愛川津久井,厚木愛川津久井,14151,0,1.4,相模原市緑区中野1342,8243,相模原市緑区中野1342,8818,17061,1.33,1.22,26.3,22.4,10.6,40
14304130120,一般国道４１３号,厚木愛川津久井,厚木愛川津久井,14151,0,0.1,相模原市緑区中野1342,8243,相模原市緑区中野1342,8818,17061,1.33,1.22,14.2,21,10.6,40
14304130130,一般国道４１３号,厚木愛川津久井,鳥屋川尻,14151,0,0.8,相模原市緑区中野1342,8243,相模原市緑区中野1342,8818,17061,1.33,1.22,15.8,20.8,10.6,40
14304130140,一般国道４１３号,鳥屋川尻,,14151,0,1,相模原市緑区中野1342,8243,相模原市緑区中野1342,8818,17061,1.33,1.26,19.4,31.8,9.9,40
14304130150,一般国道４１３号,,鳥屋川尻,14151,0,0.6,相模原市緑区中野1342,8243,相模原市緑区中野1342,8818,17061,1.33,1.26,37.6,29.5,9.9,40
14304130160,一般国道４１３号,鳥屋川尻,厚木城山,14151,0,1.3,相模原市緑区谷ヶ原1-17-5,10305,相模原市緑区谷ヶ原1-17-5,10864,21169,1.34,1.59,25.9,25.4,9.9,40
14304130170,一般国道４１３号,厚木城山,長竹川尻,14151,0,0.2,相模原市緑区谷ヶ原1-17-5,10305,相模原市緑区谷ヶ原1-17-5,10864,21169,1.34,1.59,17.8,22.7,9.9,40
14304130180,一般国道４１３号,長竹川尻,鍛冶谷相模原,14151,0,0.4,相模原市緑区谷ヶ原1-17-5,10305,相模原市緑区谷ヶ原1-17-5,10864,21169,1.34,1.59,10.7,11.6,9.9,40
14304130190,一般国道４１３号,鍛冶谷相模原,八王子城山,14151,0,1,相模原市緑区谷ヶ原1-17-5,10305,相模原市緑区谷ヶ原1-17-5,10864,21169,1.34,1.59,19.2,20.2,9.9,40
14304130200,一般国道４１３号,八王子城山,市道橋本１８号,14151,0,1.9,相模原市緑区谷ヶ原1-17-5,10305,相模原市緑区谷ヶ原1-17-5,10864,21169,1.34,1.59,15.2,17.7,9.9,40
14304130210,一般国道４１３号,市道橋本１８号,一般国道１６号,14151,0,0.4,相模原市緑区谷ヶ原1-17-5,10305,相模原市緑区谷ヶ原1-17-5,10864,21169,1.34,1.59,14.1,14.8,9.9,40
14304130230,一般国道４１３号,一般国道４１３号,山北藤野,14151,0,0.7,相模原市緑区青根1848,92,相模原市緑区青根1848,107,199,1.37,0.06,23.8,26.9,5.4,40
14304130240,一般国道４１３号,山北藤野,一般国道４１３号,14151,0,0.1,相模原市緑区青根1848,92,相模原市緑区青根1848,107,199,1.37,0.06,22.9,14.9,5.4,40
14304130250,一般国道４１３号,一般国道４１３号,一般国道４１３号,14151,0,0.3,,2030,,2115,4145,1.24,0.6,38.8,39.5,11,40
14304130270,一般国道４１３号,一般国道４１３号,一般国道４１３号,14151,0,1.9,相模原市緑区青野原3570,54,相模原市緑区青野原3570,45,99,1.37,0.04,32.6,25.3,6.3,40
14304660010,一般国道４６６号（第三京浜道路）,一般国道４６６号（第三京浜道路）,二子千年線,14134,1,1.9,東京都境（玉川IC）～京浜川崎IC,33687,東京都境（玉川IC）～京浜川崎IC,30782,64469,1.36,0.66,25,77.1,31.1,80
14304660020,一般国道４６６号（第三京浜道路）,二子千年線,川崎市高津区・川崎市宮前区境,14134,1,1,京浜川崎IC～市境(都筑IC),40202,京浜川崎IC～市境(都筑IC),37416,77618,1.36,0.73,38.6,76.4,31.1,80
14304660030,一般国道４６６号（第三京浜道路）,川崎市高津区・川崎市宮前区境,川崎市宮前区・川崎市高津区境,14136,1,0.8,京浜川崎IC～市境(都筑IC),40202,京浜川崎IC～市境(都筑IC),37416,77618,1.36,0.73,62.2,82.9,31.1,80
14304660040,一般国道４６６号（第三京浜道路）,川崎市宮前区・川崎市高津区境,川崎市高津区・横浜市都筑区境,14134,1,1.2,京浜川崎IC～市境(都筑IC),40202,京浜川崎IC～市境(都筑IC),37416,77618,1.36,0.73,72.9,79.9,31.1,80
14304660050,一般国道４６６号（第三京浜道路）,川崎市高津区・横浜市都筑区境,大熊東山田線,14118,1,2.6,市境(都筑IC)～都筑IC,40202,市境(都筑IC)～都筑IC,37416,77618,1.36,0.73,78.1,82,31.1,80
14304660060,一般国道４６６号（第三京浜道路）,大熊東山田線,横浜市都筑区・横浜市港北区境,14118,1,0.4,都筑IC～港北IC,40288,都筑IC～港北IC,37301,77589,1.34,0.69,89.1,81.5,31.1,80
14304660070,一般国道４６６号（第三京浜道路）,横浜市都筑区・横浜市港北区境,横浜市港北区・横浜市都筑区境,14109,1,1.2,都筑IC～港北IC,40288,都筑IC～港北IC,37301,77589,1.34,0.69,81.7,82,31.1,80
14304660080,一般国道４６６号（第三京浜道路）,横浜市港北区・横浜市都筑区境,高速神奈川７号横浜北線,14118,1,1.4,都筑IC～港北IC,40288,都筑IC～港北IC,37301,77589,1.34,0.69,81.4,81.2,31.1,80
14304660090,一般国道４６６号（第三京浜道路）,高速神奈川７号横浜北線,横浜市都筑区・横浜市港北区境,14118,1,0.7,港北IC～羽沢IC(入口),42786,港北IC～羽沢IC(入口),40489,83275,1.32,0.75,82.2,80.5,31.1,80
14304660100,一般国道４６６号（第三京浜道路）,横浜市都筑区・横浜市港北区境,横浜市港北区・横浜市神奈川区境,14109,1,1,港北IC～羽沢IC(入口),42786,港北IC～羽沢IC(入口),40489,83275,1.32,0.75,81.2,80.4,31.1,80
14304660105,一般国道４６６号（第三京浜道路）,横浜市港北区・横浜市神奈川区境,環状２号線,14102,1,1.6,港北IC～羽沢IC(入口),42786,港北IC～羽沢IC(入口),40489,83275,1.32,0.75,84.2,79.1,31.1,80
14304660110,一般国道４６６号（第三京浜道路）,環状２号線,横浜生田,14102,1,0.5,羽沢IC(入口)～羽沢IC(出口),38284,羽沢IC(入口)～羽沢IC(出口),40489,78773,1.32,0.74,83.3,59.2,31.1,80
14304660120,一般国道４６６号（第三京浜道路）,横浜生田,横浜市神奈川区・横浜市保土ケ谷区境,14102,1,0.5,羽沢IC(出口)～保土ヶ谷IC,38284,羽沢IC(出口)～保土ヶ谷IC,37204,75488,1.32,0.69,80.7,43.5,31.1,80
14304660130,一般国道４６６号（第三京浜道路）,横浜市神奈川区・横浜市保土ケ谷区境,一般国道１号（横浜新道）,14106,1,0.2,羽沢IC(出口)～保土ヶ谷IC,38284,羽沢IC(出口)～保土ヶ谷IC,37204,75488,1.32,0.69,77.9,78.9,31.1,80
14304660140,一般国道４６６号（第三京浜道路）,一般国道１号（横浜新道）,一般国道１号,14106,1,0.4,保土ヶ谷IC～岡沢出入口,33537,保土ヶ谷IC～岡沢出入口,33287,66824,1.33,0.62,79.4,68.5,31.1,80
14304660150,一般国道４６６号（第三京浜道路）,一般国道１号,横浜市保土ケ谷区・横浜市神奈川区境,14106,1,0.4,岡沢出入口～三ツ沢出入口,24711,岡沢出入口～三ツ沢出入口,23943,48654,1.33,0.45,73.8,55.9,31.1,80
14304660160,一般国道４６６号（第三京浜道路）,横浜市保土ケ谷区・横浜市神奈川区境,高速神奈川２号三ツ沢線,14102,1,0.2,岡沢出入口～三ツ沢出入口,24711,岡沢出入口～三ツ沢出入口,23943,48654,1.33,0.45,74.7,49.2,31.1,80
14304670010,一般国道４６７号,一般国道２４６号,一般国道２４６号,14213,0,0.4,,13175,,11641,24816,1.36,1.35,6.4,19.3,16.1,40
14304670030,一般国道４６７号,一般国道２４６号,横浜厚木,14213,0,2.7,大和市大和東1丁目10-18,9310,大和市大和東1丁目10-18,8764,18074,1.34,1.28,15.4,11.4,15,40
14304670040,一般国道４６７号,横浜厚木,丸子中山茅ヶ崎,14213,0,1.5,大和市上和田947-1,6727,大和市上和田947-1,8300,15027,1.32,1.29,17,21.5,14.75,40
14304670050,一般国道４６７号,丸子中山茅ヶ崎,大和市・藤沢市境,14213,0,2.9,藤沢市長後1208?1,8939,藤沢市長後1208?1,9467,18406,1.33,1.41,16.9,17.5,14.75,40
14304670060,一般国道４６７号,大和市・藤沢市境,横浜伊勢原,14205,0,1.7,藤沢市長後1208?1,8939,藤沢市長後1208?1,9467,18406,1.33,1.43,21.2,12.1,14.75,40
14304670070,一般国道４６７号,横浜伊勢原,菖蒲沢戸塚,14205,0,2.4,藤沢市湘南台1丁目21-5,8909,藤沢市湘南台1丁目21-5,9359,18268,1.36,1.33,15.2,19.3,14.75,50
14304670080,一般国道４６７号,菖蒲沢戸塚,菖蒲沢戸塚,14205,0,0.9,藤沢市湘南台1丁目21-5,8909,藤沢市湘南台1丁目21-5,9359,18268,1.36,1.33,18.8,21.6,14.75,50
14304670090,一般国道４６７号,菖蒲沢戸塚,藤沢市道,14205,0,0.3,藤沢市湘南台1丁目21-5,8909,藤沢市湘南台1丁目21-5,9359,18268,1.36,1.33,26.7,21.6,14.75,50
14304670100,一般国道４６７号,藤沢市道,一般国道１号,14205,0,1.4,,12535,,12614,25149,1.36,1.54,29.2,19.5,14.75,50
14304670110,一般国道４６７号,一般国道１号,藤沢厚木,14205,0,1.8,,12535,,12614,25149,1.36,1.54,11.2,7.4,14.75,50
14304670120,一般国道４６７号,藤沢厚木,戸塚茅ヶ崎,14205,0,0.8,藤沢市鵠沼石上2丁目7-1,5842,藤沢市鵠沼石上2丁目7-1,7409,13251,1.32,1.14,13.6,8.3,14.75,40
14304670130,一般国道４６７号,戸塚茅ヶ崎,藤沢停車場,14205,0,0.4,藤沢市鵠沼石上2丁目7-1,5842,藤沢市鵠沼石上2丁目7-1,7409,13251,1.32,1.14,7.3,18.8,14.75,40
14304670140,一般国道４６７号,藤沢停車場,藤沢鎌倉,14205,0,0.7,藤沢市鵠沼石上2丁目7-1,5842,藤沢市鵠沼石上2丁目7-1,7409,13251,1.32,1.14,9.7,11.5,14.75,40
14304670150,一般国道４６７号,藤沢鎌倉,一般国道１３４号,14205,0,3.4,藤沢市鵠沼石上2丁目7-1,5842,藤沢市鵠沼石上2丁目7-1,7409,13251,1.32,1.14,13.8,20.4,14.75,40
14304681000,一般国道４６８号（圏央道）,一般国道１号（新湘南バイパス）,茅ヶ崎市・寒川町境,14207,1,0.6,寒川南～茅ヶ崎JCT,10080,寒川南～茅ヶ崎JCT,11064,21144,1.27,0.36,78.8,75,19.5,80
14304681010,一般国道４６８号（圏央道）,茅ヶ崎市・寒川町境,伊勢原藤沢,14321,1,1.3,寒川南～茅ヶ崎JCT,10080,寒川南～茅ヶ崎JCT,11064,21144,1.27,0.36,85.2,84.3,19.5,80
14304681020,一般国道４６８号（圏央道）,伊勢原藤沢,相模原茅ヶ崎,14321,1,3.2,寒川北～寒川南,15532,寒川北～寒川南,17203,32735,1.28,0.54,83.7,83.9,19.5,80
14304681030,一般国道４６８号（圏央道）,相模原茅ヶ崎,寒川町・海老名市境,14321,1,1.9,海老名JCT～海老名南JCT～寒川北,18355,海老名JCT～海老名南JCT～寒川北,19739,38094,1.28,0.64,84.5,83.3,19.5,80
14304681040,一般国道４６８号（圏央道）,寒川町・海老名市境,新東名高速道路,14215,1,0.9,海老名JCT～海老名南JCT～寒川北,18355,海老名JCT～海老名南JCT～寒川北,19739,38094,1.28,0.64,83.2,82.8,23.5,80
14304680020,一般国道４６８号（圏央道）,東名高速道路,海老名市・厚木市境,14215,1,1.9,圏央厚木～海老名,39421,圏央厚木～海老名,41523,80944,1.45,0.98,44.8,71.9,18.3,80
14304680030,一般国道４６８号（圏央道）,海老名市・厚木市境,一般国道１２９号,14212,1,3,圏央厚木～海老名,39421,圏央厚木～海老名,41523,80944,1.45,1.06,53,76.6,23.5,80
14304680035,一般国道４６８号（圏央道）,一般国道１２９号,,14212,1,1.3,相模原愛川～厚木PAスマート～圏央厚木,37175,相模原愛川～厚木PAスマート～圏央厚木,38032,75207,1.46,1.15,58.4,70.2,23.5,80
14304680040,一般国道４６８号（圏央道）,,一般国道１２９号,14212,1,3.9,相模原愛川～厚木PAスマート～圏央厚木,37175,相模原愛川～厚木PAスマート～圏央厚木,38032,75207,1.46,1.15,67.6,74,23.5,80
14304680050,一般国道４６８号（圏央道）,一般国道１２９号,厚木市・愛川町境,14212,1,0.3,相模原～相模原愛川,31996,相模原～相模原愛川,31371,63367,1.49,1.39,71.2,75.5,23.5,80
14304680060,一般国道４６８号（圏央道）,厚木市・愛川町境,愛川町・相模原市緑区境,14401,1,3.4,相模原～相模原愛川,31996,相模原～相模原愛川,31371,63367,1.49,1.39,77.5,77.5,23.5,80
14304680070,一般国道４６８号（圏央道）,愛川町・相模原市緑区境,長竹川尻,14151,1,5.2,相模原～相模原愛川,31996,相模原～相模原愛川,31371,63367,1.49,1.39,80,75.6,23.5,80
14304680080,一般国道４６８号（圏央道）,長竹川尻,一般国道４６８号（圏央道）,14151,1,4,高尾山～相模原,33355,高尾山～相模原,32609,65964,1.49,1.3,80.9,76.3,21,80
14400020010,東京丸子横浜,東京丸子横浜線,丸子中山茅ヶ崎,14133,0,0.5,川崎市中原区丸子通1丁目468?6,18445,川崎市中原区丸子通1丁目468?6,18434,36879,1.51,1.65,14.1,11.8,24.6,40
14400020020,東京丸子横浜,丸子中山茅ヶ崎,川崎駅丸子線,14133,0,0.5,川崎市中原区新丸子東3丁目1156?2,10092,川崎市中原区新丸子東3丁目1156?2,9387,19479,1.33,0.8,11.9,16.1,24.6,40
14400020030,東京丸子横浜,川崎駅丸子線,一般国道４０９号,14133,0,0.9,川崎市中原区新丸子東3丁目1156?2,10092,川崎市中原区新丸子東3丁目1156?2,9387,19479,1.33,0.62,12.1,20.1,25,40
14400020040,東京丸子横浜,一般国道４０９号,鶴見溝ノ口,14133,0,1.4,川崎市中原区木月住吉町33?1,13278,川崎市中原区木月住吉町33?1,12908,26186,1.35,1.36,20.3,17.6,25,40
14400020050,東京丸子横浜,鶴見溝ノ口,川崎市中原区・横浜市港北区境,14133,0,0.4,川崎市中原区木月4-32,9622,川崎市中原区木月4-32,8796,18418,1.34,0.52,15.6,19.2,25,40
14400020060,東京丸子横浜,川崎市中原区・横浜市港北区境,荏田綱島,14109,0,1.9,横浜市港北区箕輪町2丁目4-3,7547,横浜市港北区箕輪町2丁目4-3,7291,14838,1.33,1.06,15.6,15.3,12.5,40
14400020070,東京丸子横浜,荏田綱島,子母口綱島,14109,0,1,横浜市港北区箕輪町2丁目4-3,6548,横浜市港北区箕輪町2丁目4-3,6840,13388,1.33,1.06,16.5,14.2,12.5,40
14400020080,東京丸子横浜,子母口綱島,川崎町田,14109,0,0.3,横浜市港北区樽町2丁目7-21,10662,横浜市港北区樽町2丁目7-21,10144,20806,1.34,1.56,7.5,14.4,12.5,40
14400020090,東京丸子横浜,川崎町田,川崎町田,14109,0,0.2,横浜市港北区樽町2丁目7-21,10662,横浜市港北区樽町2丁目7-21,10144,20806,1.34,0.85,11.1,12.3,20,40
14400020100,東京丸子横浜,川崎町田,環状２号線,14109,0,1.5,横浜市港北区樽町2丁目7-21,10662,横浜市港北区樽町2丁目7-21,10144,20806,1.34,1.48,18.9,16.3,12.25,40
14400020110,東京丸子横浜,環状２号線,大田神奈川,14109,0,1.7,横浜市港北区大豆戸町82-82,6614,横浜市港北区大豆戸町82-82,6242,12856,1.33,0.94,11.5,16.8,12.25,40
14400020120,東京丸子横浜,大田神奈川,横浜市鶴見区・横浜市神奈川区境,14101,0,0.2,横浜市港北区大豆戸町82-82,6614,横浜市港北区大豆戸町82-82,6242,12856,1.33,1.09,12.2,8.5,10.25,40
14400020130,東京丸子横浜,横浜市鶴見区・横浜市神奈川区境,鶴見駅三ッ沢線,14102,0,0.4,横浜市港北区大豆戸町82-82,6614,横浜市港北区大豆戸町82-82,6242,12856,1.33,1.09,13.2,21.6,10.25,40
14400020134,東京丸子横浜,鶴見駅三ッ沢線,横浜市神奈川区・横浜市港北区境,14102,0,0.5,神奈川区白幡向町27,3504,神奈川区白幡向町27,3681,7185,1.3,0.61,19.8,23.2,10.25,40
14400020137,東京丸子横浜,横浜市神奈川区・横浜市港北区境,横浜市港北区・横浜市神奈川区境,14109,0,0.5,神奈川区白幡向町27,3504,神奈川区白幡向町27,3681,7185,1.3,0.61,22.4,20.1,10.25,40
14400020140,東京丸子横浜,横浜市港北区・横浜市神奈川区境,一般国道１号,14102,0,1.1,神奈川区白幡向町27,3504,神奈川区白幡向町27,3681,7185,1.3,0.61,28.4,19.6,10.25,40
14400030010,世田谷町田線,世田谷町田線,幸多摩線,14135,0,0.3,東京都狛江市東和泉4-9,13160,東京都狛江市東和泉4-9,14399,27559,1.36,0.77,15.7,8.3,25.6,40
14400030020,世田谷町田線,幸多摩線,川崎府中線,14135,0,1.1,川崎市多摩区登戸1612?1,10888,川崎市多摩区登戸1612?1,10705,21593,1.44,0.8,14.3,14,34.5,40
14400030030,世田谷町田線,川崎府中線,横浜生田,14135,0,0.5,川崎市多摩区枡形4丁目1?1,13573,川崎市多摩区枡形4丁目1?1,13280,26853,1.37,0.93,9.2,23.2,34.5,40
14400030040,世田谷町田線,横浜生田,稲城読売ランド前停車場線,14135,0,2.8,川崎市多摩区西生田2丁目1?2,6741,川崎市多摩区西生田2丁目1?2,6305,13046,1.32,1.08,20.3,15.8,10.5,40
14400030050,世田谷町田線,稲城読売ランド前停車場線,万福寺王禅寺線,14137,0,2.3,川崎市麻生区万福寺3丁目2?1,7060,川崎市麻生区万福寺3丁目2?1,7734,14794,1.33,1.05,19.9,20.2,17.2,40
14400030060,世田谷町田線,万福寺王禅寺線,尻手黒川線,14137,0,1.3,川崎市麻生区片平2丁目24?6,8125,川崎市麻生区片平2丁目24?6,8570,16695,1.33,1.16,23.1,15.7,12.7,40
14400030070,世田谷町田線,尻手黒川線,上麻生蓮光寺,14137,0,0.3,川崎市麻生区片平2丁目24?6,8125,川崎市麻生区片平2丁目24?6,8570,16695,1.33,1.16,18.8,10.4,12.7,40
14400030080,世田谷町田線,上麻生蓮光寺,横浜上麻生,14137,0,0.5,川崎市麻生区上麻生6丁目11?22,9431,川崎市麻生区上麻生6丁目11?22,11935,21366,1.51,1.49,13.4,13.9,12.7,40
14400030090,世田谷町田線,横浜上麻生,世田谷町田線,14137,0,0.1,川崎市麻生区上麻生6丁目11?22,9431,川崎市麻生区上麻生6丁目11?22,11935,21366,1.51,1.49,5.5,13.6,12.7,40
14400060010,東京大師横浜線,東京大師横浜線,高速神奈川１号横羽線,14131,0,0.7,川崎市川崎区大師河原1丁目3?2,20828,川崎市川崎区大師河原1丁目3?2,16728,37556,1.47,0.99,48.7,18.2,39,50
14400060020,東京大師横浜線,高速神奈川１号横羽線,一般国道４０９号,14131,0,0.2,川崎市川崎区大師河原1丁目3?2,20828,川崎市川崎区大師河原1丁目3?2,16728,37556,1.47,0.99,22,10.6,39,50
14400060030,東京大師横浜線,一般国道４０９号,一般国道１３２号,14131,0,1.1,川崎市川崎区昭和2丁目17?12,11942,川崎市川崎区昭和2丁目17?12,11197,23139,1.34,0.6,18.4,14.4,39,50
14400060040,東京大師横浜線,一般国道１３２号,皐橋水江町線,14131,0,1,川崎市川崎区池上新町2丁目25?15,12453,川崎市川崎区池上新町2丁目25?15,13991,26444,1.36,0.85,17.9,15,40,50
14400060050,東京大師横浜線,皐橋水江町線,扇町川崎停車場線,14131,0,1.3,川崎市川崎区小田7丁目3,21455,川崎市川崎区小田7丁目3,21372,42827,1.41,1.35,15.7,21.3,40,50
14400060060,東京大師横浜線,扇町川崎停車場線,高速神奈川１号横羽線,14131,0,0.5,川崎市川崎区小田7丁目3,21455,川崎市川崎区小田7丁目3,21372,42827,1.41,1.35,15.8,8.4,40,50
14400060070,東京大師横浜線,高速神奈川１号横羽線,高速神奈川１号横羽線,14131,0,1.4,川崎市川崎区小田7丁目3,21455,川崎市川崎区小田7丁目3,21372,42827,1.41,1.35,22.4,19.5,40,50
14400060080,東京大師横浜線,高速神奈川１号横羽線,川崎市川崎区・横浜市鶴見区境,14131,0,0.2,,21377,,28031,49408,1.43,0.88,14,36.5,40,50
14400060090,東京大師横浜線,川崎市川崎区・横浜市鶴見区境,高速神奈川１号横羽線,14101,0,1.1,,19875,,19092,38967,1.41,1,24.9,29.5,25,50
14400060100,東京大師横浜線,高速神奈川１号横羽線,高速神奈川１号横羽線,14101,0,2.1,横浜市鶴見区生麦2丁目3,11919,横浜市鶴見区生麦2丁目3,13004,24923,1.47,0.61,18.5,18.3,25,50
14400060105,東京大師横浜線,高速神奈川１号横羽線,横浜市鶴見区道,14101,0,0.2,横浜市鶴見区生麦2丁目3,13167,横浜市鶴見区生麦2丁目3,14601,27768,1.52,0.67,11.6,10.8,25,50
14400060110,東京大師横浜線,横浜市鶴見区道,一般国道１５号,14101,0,0.2,横浜市鶴見区生麦2丁目3,13167,横浜市鶴見区生麦2丁目3,14601,27768,1.52,0.67,9.2,5.8,25,50
14400090010,川崎府中線,一般国道１５号,川崎府中線,14131,0,0.7,川崎市川崎区砂子2-11-17,9804,川崎市川崎区砂子2-11-17,10107,19911,1.34,0.66,15.2,10.9,38.5,50
14400090140,川崎府中線,川崎府中線,川崎市川崎区・川崎市幸区境,14131,0,0.2,,10535,,10157,20692,1.34,4.67,,19.1,10,40
14400090150,川崎府中線,川崎市川崎区・川崎市幸区境,川崎府中線,14132,0,0.1,,10535,,10157,20692,1.34,0.67,9.5,12,24,40
14400090020,川崎府中線,川崎府中線,一般国道４０９号,14132,0,0.3,,10535,,10157,20692,1.34,0.98,12.4,17.3,32.9,50
14400090040,川崎府中線,一般国道２４６号,鹿島田菅線,14134,0,0.2,川崎市高津区久地1丁目7?25,9430,川崎市高津区久地1丁目7?25,10179,19609,1.43,1.84,7.5,16.6,15.5,40
14400090050,川崎府中線,鹿島田菅線,小杉菅線,14134,0,1.6,川崎市多摩区宿河原6-32,2050,川崎市多摩区宿河原6-32,2124,4174,1.26,0.58,15.9,21.7,15.5,40
14400090060,川崎府中線,小杉菅線,川崎市高津区・川崎市多摩区境,14134,0,0.2,川崎市多摩区宿河原6-32,2050,川崎市多摩区宿河原6-32,2124,4174,1.26,0.58,3.7,6.5,15.5,40
14400090070,川崎府中線,川崎市高津区・川崎市多摩区境,子母口宿河原線,14135,0,1.5,川崎市多摩区宿河原6-32,2050,川崎市多摩区宿河原6-32,2124,4174,1.26,0.49,19.1,24.4,8.3,40
14400090080,川崎府中線,子母口宿河原線,鹿島田菅線,14135,0,0.7,川崎市多摩区宿河原6-32,2050,川崎市多摩区宿河原6-32,2124,4174,1.26,0.49,13.2,8.3,8.3,40
14400090090,川崎府中線,鹿島田菅線,向ヶ丘遊園駅菅生線,14135,0,0.3,川崎市多摩区東生田1丁目17?4,10046,川崎市多摩区東生田1丁目17?4,9230,19276,1.34,0.84,12.2,7.8,20.3,40
14400090100,川崎府中線,向ヶ丘遊園駅菅生線,世田谷町田線,14135,0,0.8,川崎市多摩区東生田1丁目17?4,10046,川崎市多摩区東生田1丁目17?4,9230,19276,1.34,0.84,16.2,20.1,20.3,40
14400090110,川崎府中線,世田谷町田線,横浜生田,14135,0,0.6,川崎市多摩区枡形2丁目18?5,8700,川崎市多摩区枡形2丁目18?5,7440,16140,1.33,1.34,19.2,12.5,23,40
14400090120,川崎府中線,横浜生田,川崎府中線,14135,0,3.3,川崎市多摩区菅2丁目6?1,9885,川崎市多摩区菅2丁目6?1,10475,20360,1.41,1.18,14.3,17.6,23,40
14400120010,横浜上麻生,一般国道１号,一般国道１号,14102,0,0.2,横浜市神奈川区西神奈川1丁目20,12049,横浜市神奈川区西神奈川1丁目20,7854,19903,1.35,0.84,12.1,9,28,40
14400120020,横浜上麻生,一般国道１号,,14102,0,1.6,港北区六角橋6-2,10902,港北区六角橋6-2,10070,20972,1.35,0.55,19.7,19.4,28,40
14400120030,横浜上麻生,,鶴見駅三ッ沢線,14102,0,0.5,港北区六角橋6-2,10902,港北区六角橋6-2,10070,20972,1.35,0.52,23.5,14.3,22.5,40
14400120040,横浜上麻生,鶴見駅三ッ沢線,横浜生田,14109,0,1.3,横浜市港北区新横浜1丁目14-3,13093,横浜市港北区新横浜1丁目14-3,11797,24890,1.45,1.13,13.2,11.8,15.75,40
14400120050,横浜上麻生,横浜生田,横浜生田,14109,0,0.9,横浜市港北区新横浜1丁目14-3,13093,横浜市港北区新横浜1丁目14-3,11797,24890,1.45,1.13,8,16.5,15.75,40
14400120060,横浜上麻生,横浜生田,鴨居第８８号,14109,0,1.3,横浜市港北区新横浜1丁目14-3,13093,横浜市港北区新横浜1丁目14-3,11797,24890,1.45,1.13,14,13.1,15.75,40
14400120070,横浜上麻生,鴨居第８８号,,14109,0,0.8,横浜市港北区新横浜1丁目14-3,13093,横浜市港北区新横浜1丁目14-3,11797,24890,1.45,1.13,15,24.9,15.75,40
14400120080,横浜上麻生,,横浜市港北区・横浜市都筑区境,14109,0,0.1,横浜市港北区新横浜1丁目14-3,13093,横浜市港北区新横浜1丁目14-3,11797,24890,1.45,1.03,34.5,24.1,15.5,40
14400120090,横浜上麻生,横浜市港北区・横浜市都筑区境,川崎町田（川和第３６３号線）,14118,0,1,横浜市都筑区池辺町4800,8356,横浜市都筑区池辺町4800,8542,16898,1.39,0.86,21,10.4,15.5,40
14400120100,横浜上麻生,川崎町田（川和第３６３号線）,川崎町田,14118,0,0.6,横浜市都筑区池辺町4800,8356,横浜市都筑区池辺町4800,8542,16898,1.39,0.86,8.8,18.5,15.5,40
14400120110,横浜上麻生,川崎町田,横浜上麻生（池辺市ヶ尾線）,14118,0,0.1,横浜市都筑区池辺町3939,7982,横浜市都筑区池辺町3939,10179,18161,1.34,1.14,9.5,13.1,15.5,40
14400120120,横浜上麻生,横浜上麻生（池辺市ヶ尾線）,丸子中山茅ヶ崎,14118,0,0.8,横浜市都筑区池辺町3939,5737,横浜市都筑区池辺町3939,8873,14610,1.32,0.96,15.3,14.6,15.5,40
14400120130,横浜上麻生,丸子中山茅ヶ崎,川崎町田,14118,0,0.6,横浜市都筑区佐江戸町2079-1,6741,横浜市都筑区佐江戸町2079-1,7224,13965,1.38,1.01,17.1,19.6,15.5,40
14400120140,横浜上麻生,川崎町田,中山北山田線,14118,0,1,,3663,,4513,8176,1.29,0.85,18.2,18.5,6.5,40
14400120150,横浜上麻生,中山北山田線,横浜市都筑区・横浜市青葉区境,14118,0,1.2,青葉区市ケ尾町14,3031,青葉区市ケ尾町14,3118,6149,1.28,0.66,19.7,20.5,6.5,40
14400120160,横浜上麻生,横浜市都筑区・横浜市青葉区境,横浜上麻生（池辺市ヶ尾線）,14117,0,0.9,青葉区市ケ尾町14,3031,青葉区市ケ尾町14,3118,6149,1.28,0.62,20.6,20.1,7.5,40
14400120170,横浜上麻生,横浜上麻生（池辺市ヶ尾線）,一般国道２４６号,14117,0,0.7,横浜市青葉区市ケ尾町1152-6,12332,横浜市青葉区市ケ尾町1152-6,10889,23221,1.32,0.6,21.2,16.3,22,50
14400120180,横浜上麻生,一般国道２４６号,横浜上麻生（寺家１０５号線）,14117,0,0.1,,14140,,13252,27392,1.37,0.51,7,13.6,22,50
14400120190,横浜上麻生,横浜上麻生（寺家１０５号線）,横浜上麻生（寺家１０５号線）,14117,0,2.9,,14140,,13252,27392,1.37,1.41,22.7,21.8,12.5,30
14400120200,横浜上麻生,横浜上麻生（寺家１０５号線）,横浜市青葉区・川崎市麻生区境,14117,0,0.2,,16837,,16577,33414,1.4,1.71,21.3,32.3,12.5,30
14400120205,横浜上麻生,横浜市青葉区・川崎市麻生区境,菅早野線,14137,0,1.2,川崎市麻生区下麻生3丁目25?15,8627,川崎市麻生区下麻生3丁目25?15,8057,16684,1.33,1.15,22.1,23.1,10,40
14400120210,横浜上麻生,菅早野線,世田谷町田線,14137,0,1.9,川崎市麻生区下麻生3丁目25?15,8627,川崎市麻生区下麻生3丁目25?15,8057,16684,1.33,0.99,21.3,11,11.3,40
14400130010,横浜生田,一般国道１号,横浜駅根岸線,14103,0,0.3,西区北軽井沢33-7,19221,西区北軽井沢33-7,20069,39290,1.4,1.31,18.5,14.2,27.5,50
14400130020,横浜生田,横浜駅根岸線,青木浅間線,14103,0,0.9,西区北軽井沢33-7,19221,西区北軽井沢33-7,20069,39290,1.4,1.31,13.2,10.2,27.5,50
14400130030,横浜生田,青木浅間線,横浜市神奈川区道,14103,0,0.8,西区北軽井沢33-7,19221,西区北軽井沢33-7,20069,39290,1.4,1.31,9.5,19.4,27.5,50
14400130040,横浜生田,横浜市神奈川区道,一般国道１号,14102,0,0.8,西区北軽井沢33-7,19221,西区北軽井沢33-7,20069,39290,1.4,1.1,17.9,34.4,20.25,40
14400130050,横浜生田,一般国道１号,鶴見駅三ッ沢線,14106,0,0.4,横浜市保土ケ谷区岡沢町82,26246,横浜市保土ケ谷区岡沢町82,26251,52497,1.42,1.82,21.7,14.4,22.5,50
14400130060,横浜生田,鶴見駅三ッ沢線,横浜市保土ケ谷区・横浜市神奈川区境,14106,0,0.5,横浜市神奈川区三枚町640,9291,横浜市神奈川区三枚町640,11171,20462,1.34,0.92,12.2,26.3,22.5,50
14400130070,横浜生田,横浜市保土ケ谷区・横浜市神奈川区境,一般国道４６６号（第三京浜道路）,14102,0,0.2,横浜市神奈川区三枚町640,9291,横浜市神奈川区三枚町640,11171,20462,1.34,0.64,24.6,15,25.75,40
14400130080,横浜生田,一般国道４６６号（第三京浜道路）,横浜生田,14102,0,0.3,横浜市神奈川区三枚町640,9291,横浜市神奈川区三枚町640,11171,20462,1.34,0.64,20.6,11.2,25.75,40
14400130090,横浜生田,横浜生田,横浜生田,14102,0,1.3,横浜市神奈川区三枚町640,3368,横浜市神奈川区三枚町640,4102,7470,1.26,0.38,31.3,19.4,41.5,40
14400130100,横浜生田,横浜生田,横浜市神奈川区・横浜市港北区境,14102,0,0.6,港北区鳥山町475,18145,港北区鳥山町475,17171,35316,1.41,1.39,15.8,8.3,41.5,40
14400130110,横浜生田,横浜市神奈川区・横浜市港北区境,小机第３５５号線,14109,0,0.2,港北区鳥山町475,18145,港北区鳥山町475,17171,35316,1.41,0.65,28.4,4.4,38,50
14400130120,横浜生田,小机第３５５号線,横浜上麻生,14109,0,0.2,横浜市港北区新横浜1丁目14-3,25576,横浜市港北区新横浜1丁目14-3,25620,51196,1.41,0.89,16,6.9,38,50
14400130140,横浜生田,横浜上麻生,新横浜元石川線,14109,0,0.8,横浜市港北区小机町2081,6377,横浜市港北区小机町2081,6770,13147,1.32,1.23,13.3,15.6,14,40
14400130150,横浜生田,新横浜元石川線,新横浜元石川線,14109,0,0.5,横浜市港北区小机町2081,20800,横浜市港北区小机町2081,19786,40586,1.42,0.42,23.1,20.9,32,60
14400130155,横浜生田,新横浜元石川線,横浜市港北区道,14109,0,0.4,,3102,,4171,7273,1.28,0.77,12.8,25.1,8,40
14400130160,横浜生田,横浜市港北区道,川崎町田,14109,0,1.5,,3102,,4171,7273,1.28,0.77,21.6,21.6,8,40
14400130170,横浜生田,川崎町田,横浜市港北区・横浜市都筑区境,14109,0,2,都筑区新栄町10,4948,都筑区新栄町10,4505,9453,1.28,1.18,19.1,20.3,8,40
14400130180,横浜生田,横浜市港北区・横浜市都筑区境,大熊東山田線,14118,0,0.1,都筑区新栄町10,4948,都筑区新栄町10,4505,9453,1.28,1.42,17.2,7.2,9.5,40
14400130190,横浜生田,大熊東山田線,丸子中山茅ヶ崎,14118,0,1.1,,7675,,7052,14727,1.32,1.79,17.9,18.4,9.5,40
14400130210,横浜生田,丸子中山茅ヶ崎,佐江戸北山田線,14118,0,1.2,,7894,,8546,16440,1.33,1.53,29,23.5,8.5,40
14400130220,横浜生田,佐江戸北山田線,中山北山田線,14118,0,0.4,,7894,,8546,16440,1.33,1.46,19.8,14.4,21.25,40
14400130230,横浜生田,中山北山田線,横浜市都筑区・横浜市青葉区境,14118,0,1.4,青葉区荏田町974,6537,青葉区荏田町974,5791,12328,1.33,1.04,24,25.1,8.5,40
14400130240,横浜生田,横浜市都筑区・横浜市青葉区境,一般国道２４６号,14117,0,0.5,青葉区荏田町974,6537,青葉区荏田町974,5791,12328,1.33,1.24,15.7,10.2,8.75,30
14400130250,横浜生田,一般国道２４６号,新横浜元石川線,14117,0,1.3,,9135,,12115,21250,1.34,1.82,21.1,19.9,8.75,30
14400130260,横浜生田,新横浜元石川線,横浜市青葉区・川崎市宮前区境,14117,0,2.8,,9135,,12115,21250,1.34,0.8,19.2,17.4,28.25,50
14400130270,横浜生田,横浜市青葉区・川崎市宮前区境,野川菅生線,14136,0,1,川崎市宮前区水沢2丁目1?5,6781,川崎市宮前区水沢2丁目1?5,6552,13333,1.32,1.08,26.1,14,16,30
14400130280,横浜生田,野川菅生線,野川柿生線,14136,0,0.5,川崎市宮前区菅生5丁目17?13,10163,川崎市宮前区菅生5丁目17?13,10379,20542,1.34,1.41,15.7,12.9,19.3,40
14400130290,横浜生田,野川柿生線,川崎市宮前区・川崎市多摩区境,14136,0,1.1,川崎市宮前区菅生2丁目11?2,11248,川崎市宮前区菅生2丁目11?2,9918,21166,1.34,1.45,14.8,17.4,19.3,40
14400130300,横浜生田,川崎市宮前区・川崎市多摩区境,世田谷町田線,14135,0,1.5,川崎市多摩区枡形5丁目19?7,10029,川崎市多摩区枡形5丁目19?7,10489,20518,1.34,1.56,20.8,23.6,17.5,30
14400130310,横浜生田,世田谷町田線,川崎府中線,14135,0,0.6,川崎市多摩区枡形4丁目12,4980,川崎市多摩区枡形4丁目12,5490,10470,1.3,0.69,16.9,12.4,19.1,40
14400130330,横浜生田,横浜生田,横浜生田,14102,0,1.3,横浜市神奈川区三枚町640,18944,横浜市神奈川区三枚町640,17433,36377,1.41,0.63,18.6,55.1,15.5,60
14400140010,鶴見溝ノ口,一般国道１５号,一般国道１号,14101,0,1.7,横浜市鶴見区豊岡町40-20,18457,横浜市鶴見区豊岡町40-20,9870,28327,1.35,1.1,14.2,13.6,22.25,40
14400140020,鶴見溝ノ口,一般国道１号,環状２号線,14101,0,1.4,,32640,,17459,50099,1.43,3.72,17.4,21.1,7,30
14400140030,鶴見溝ノ口,環状２号線,川崎町田,14101,0,0.2,横浜市鶴見区上末吉5丁目14?19,8645,横浜市鶴見区上末吉5丁目14?19,9136,17781,1.34,0.51,19,5,22.25,50
14400140040,鶴見溝ノ口,川崎町田,横浜市鶴見区・川崎市幸区境,14101,0,0.1,横浜市鶴見区上末吉5丁目14?19,8645,横浜市鶴見区上末吉5丁目14?19,9136,17781,1.34,0.51,8.5,6.2,22.25,50
14400140050,鶴見溝ノ口,横浜市鶴見区・川崎市幸区境,川崎町田,14132,0,0.1,横浜市鶴見区上末吉5-12,7875,横浜市鶴見区上末吉5-12,9067,16942,1.34,1.6,7.5,6.2,12.8,40
14400140060,鶴見溝ノ口,川崎町田,大田神奈川,14132,0,1.8,川崎市幸区小倉5丁目18?2,8659,川崎市幸区小倉5丁目18?2,6766,15425,1.33,1.26,20.3,16.1,12.8,40
14400140070,鶴見溝ノ口,大田神奈川,大田神奈川,14132,0,0.5,川崎市幸区北加瀬2丁目17?4,12810,川崎市幸区北加瀬2丁目17?4,11720,24530,1.36,1.77,18.1,17.2,17.8,40
14400140080,鶴見溝ノ口,大田神奈川,川崎市幸区・川崎市中原区境,14132,0,0.4,川崎市幸区矢上4,9683,川崎市幸区矢上4,9204,18887,1.34,1.56,14.9,27.5,17.8,40
14400140090,鶴見溝ノ口,川崎市幸区・川崎市中原区境,東京丸子横浜,14133,0,0.6,川崎市幸区矢上4,9683,川崎市幸区矢上4,9204,18887,1.34,0.7,18.7,15.8,18,40
14400140100,鶴見溝ノ口,東京丸子横浜,川崎市中原区・川崎市高津区境,14133,0,1.3,川崎市高津区明津231,8985,川崎市高津区明津231,9444,18429,1.34,1.37,13.7,16,13.4,40
14400140110,鶴見溝ノ口,川崎市中原区・川崎市高津区境,尻手黒川線,14134,0,1,川崎市高津区明津231,8985,川崎市高津区明津231,9444,18429,1.34,1.33,18.2,17.7,12,40
14400140120,鶴見溝ノ口,尻手黒川線,宮内新横浜線,14134,0,0.2,川崎市高津区子母口393?5,4489,川崎市高津区子母口393?5,3961,8450,1.3,0.72,8.4,12.8,12,40
14400140130,鶴見溝ノ口,宮内新横浜線,子母口綱島,14134,0,0.2,川崎市高津区子母口393?5,4489,川崎市高津区子母口393?5,3961,8450,1.3,0.66,16.3,15.3,15.6,40
14400140140,鶴見溝ノ口,子母口綱島,丸子中山茅ヶ崎,14134,0,0.5,川崎市高津区子母口393?5,4489,川崎市高津区子母口393?5,3961,8450,1.3,0.66,17.3,14,15.6,40
14400140150,鶴見溝ノ口,丸子中山茅ヶ崎,子母口宿河原線,14134,0,1,川崎市高津区千年792?1,6600,川崎市高津区千年792?1,6628,13228,1.32,1.14,12.3,20.4,15.5,30
14400140160,鶴見溝ノ口,子母口宿河原線,二子千年線,14134,0,0.3,川崎市高津区末長2丁目10?18,4853,川崎市高津区末長2丁目10?18,4634,9487,1.3,1.06,10.3,13.4,15.5,30
14400140170,鶴見溝ノ口,二子千年線,野川柿生線,14134,0,1.5,川崎市高津区末長2丁目10?18,4853,川崎市高津区末長2丁目10?18,4634,9487,1.3,1.06,18.3,18,15.5,30
14400140180,鶴見溝ノ口,野川柿生線,小杉菅線,14134,0,0.6,川崎市高津区末長2丁目10?18,4853,川崎市高津区末長2丁目10?18,4634,9487,1.3,0.91,6.4,6,7,30
14400140190,鶴見溝ノ口,小杉菅線,一般国道４０９号,14134,0,0.5,川崎市高津区溝口2丁目16?13,3272,川崎市高津区溝口2丁目16?13,2578,5850,1.27,0.71,8.9,9.5,7.4,30
14400190010,町田調布線,町田調布線,上麻生蓮光寺,14137,0,0.9,,10930,,11695,22625,1.35,1.69,19.4,14.1,16.4,40
14400190020,町田調布線,上麻生蓮光寺,上麻生蓮光寺,14137,0,0.7,川崎市麻生区黒川27?1,7752,川崎市麻生区黒川27?1,8099,15851,1.33,1.22,20.8,19.5,16.4,40
14400190030,町田調布線,上麻生蓮光寺,町田調布線,14137,0,0.2,東京都町田市真光寺2-1-1,7142,東京都町田市真光寺2-1-1,7860,15002,1.33,1.46,19.2,24.3,16.4,40
14400210010,横浜鎌倉,一般国道１６号,保土ケ谷宮元線,14105,0,1.4,横浜市南区吉野町3丁目7,11821,横浜市南区吉野町3丁目7,8476,20297,1.41,0.86,17.6,17.4,21.5,50
14400210020,横浜鎌倉,保土ケ谷宮元線,汐見台平戸線,14105,0,1.4,横浜市南区中里１丁目13-21,12129,横浜市南区中里１丁目13-21,11665,23794,1.41,0.95,22.6,17.7,21.5,50
14400210030,横浜鎌倉,汐見台平戸線,横浜市南区・横浜市港南区境,14105,0,0.1,横浜市港南区上大岡西2丁目15-23,11979,横浜市港南区上大岡西2丁目15-23,15373,27352,1.38,0.89,10.8,17.1,21.5,50
14400210040,横浜鎌倉,横浜市南区・横浜市港南区境,横浜伊勢原,14111,0,1.4,横浜市港南区上大岡西2丁目15-23,11979,横浜市港南区上大岡西2丁目15-23,15373,27352,1.38,0.76,16,13.9,21,50
14400210050,横浜鎌倉,横浜伊勢原,横浜伊勢原,14111,0,1,横浜市港南区上大岡西2丁目15-23,11861,横浜市港南区上大岡西2丁目15-23,12577,24438,1.37,1.03,19.5,19,21,50
14400210060,横浜鎌倉,横浜伊勢原,環状２号線,14111,0,0.5,横浜市戸塚区平戸町100,11215,横浜市戸塚区平戸町100,11735,22950,1.35,1.2,28.6,18.5,21.75,50
14400210070,横浜鎌倉,環状２号線,一般国道１６号（横浜横須賀道路）,14111,0,1.1,横浜市港南区港南台4丁目38-1,10408,横浜市港南区港南台4丁目38-1,11100,21508,1.34,1.32,15.4,19.5,21.75,50
14400210080,横浜鎌倉,一般国道１６号（横浜横須賀道路）,舞岡上郷線,14111,0,0.4,横浜市港南区港南台4丁目38-1,10408,横浜市港南区港南台4丁目38-1,11100,21508,1.34,1.32,17.5,14.4,21.75,50
14400210090,横浜鎌倉,舞岡上郷線,環状３号線,14111,0,1.3,横浜市港南区港南台4丁目38-1,10408,横浜市港南区港南台4丁目38-1,11100,21508,1.34,1.32,17.3,23.5,21.75,50
14400210100,横浜鎌倉,環状３号線,横浜市港南区・横浜市栄区境,14111,0,0.4,栄区鍛冶ケ谷1-35,9256,栄区鍛冶ケ谷1-35,9651,18907,1.33,1.12,26.8,28.8,21.75,50
14400210110,横浜鎌倉,横浜市港南区・横浜市栄区境,市道小菅ヶ谷第４６４号線,14115,0,0.9,栄区鍛冶ケ谷1-35,9256,栄区鍛冶ケ谷1-35,9651,18907,1.33,1.17,31.9,24.2,22,50
14400210120,横浜鎌倉,市道小菅ヶ谷第４６４号線,原宿六ツ浦,14115,0,0.6,,2275,,4573,6848,1.28,1.26,16.2,11.2,11.5,40
14400210130,横浜鎌倉,原宿六ツ浦,桂町戸塚遠藤線,14115,0,0.5,横浜市栄区桂町158-6 ,12200,横浜市栄区桂町158-6 ,12818,25018,1.34,0.7,20.5,23.1,28,50
14400210140,横浜鎌倉,桂町戸塚遠藤線,,14115,0,0.3,横浜市栄区桂町158-6 ,12200,横浜市栄区桂町158-6 ,12818,25018,1.34,0.7,22.7,18.4,28,50
14400210150,横浜鎌倉,,原宿六ツ浦,14204,0,0.1,鎌倉市岩瀬1456 ,14077,鎌倉市岩瀬1456 ,18073,32150,1.33,3.65,13.3,15.6,17.1,40
14400210160,横浜鎌倉,原宿六ツ浦,大船停車場,14204,0,2,鎌倉市大船4丁目18-4,6633,鎌倉市大船4丁目18-4,6920,13553,1.31,1.28,10.9,18,11.8,40
14400210170,横浜鎌倉,大船停車場,小袋谷藤沢,14204,0,0.3,鎌倉市大船4丁目18-4,6633,鎌倉市大船4丁目18-4,6920,13553,1.31,1.28,9.7,6.6,11.8,40
14400210180,横浜鎌倉,小袋谷藤沢,金沢鎌倉,14204,0,2.8,鎌倉市雪ﾉ下2丁目8-9,5029,鎌倉市雪ﾉ下2丁目8-9,4703,9732,1.3,0.9,16.5,15.8,14.5,40
14400210190,横浜鎌倉,金沢鎌倉,鎌倉停車場,14204,0,0.6,鎌倉市雪ﾉ下2丁目8-9,5029,鎌倉市雪ﾉ下2丁目8-9,4703,9732,1.3,0.9,12.7,17.2,14.5,40
14400210200,横浜鎌倉,鎌倉停車場,鎌倉葉山,14204,0,0.4,鎌倉市雪ﾉ下2丁目8-9,5029,鎌倉市雪ﾉ下2丁目8-9,4703,9732,1.3,0.9,16.1,14.4,14.5,40
14400210210,横浜鎌倉,鎌倉葉山,一般国道１３４号,14204,0,0.9,,16735,,14243,30978,1.39,2.12,22.2,15.5,23,40
14400220010,横浜伊勢原,一般国道１６号,横浜逗子線,14107,0,1.3,横浜市磯子区杉田1丁目11-1,920,,,920,1.17,0.14,12.3,,6,30
14400220020,横浜伊勢原,横浜逗子線,横浜市磯子区・横浜市港南区境,14107,0,1.1,磯子区洋光台1-13,7771,磯子区洋光台1-13,7790,15561,1.33,1.65,10.2,16.7,14,40
14400220030,横浜伊勢原,横浜市磯子区・横浜市港南区境,環状２号線,14111,0,0.7,磯子区洋光台1-13,7771,磯子区洋光台1-13,7790,15561,1.33,1.65,20.9,12.3,14,40
14400220040,横浜伊勢原,環状２号線,横浜鎌倉,14111,0,1.5,横浜市港南区上大岡西2丁目15-23,4610,横浜市港南区上大岡西2丁目15-23,5085,9695,1.31,1.02,19.1,16.1,14,40
14400220060,横浜伊勢原,横浜鎌倉,環状２号線,14111,0,0.5,,23458,,23972,47430,1.43,8.22,12.3,,8.5,40
14400220070,横浜伊勢原,環状２号線,環状２号線,14111,0,0.4,,23458,,23972,47430,1.43,3.87,12.2,9.4,9.25,40
14400220080,横浜伊勢原,環状２号線,環状２号線,14111,0,1.6,横浜市港南区上永谷2丁目10-25,22893,横浜市港南区上永谷2丁目10-25,22015,44908,1.43,1.14,22.4,15.1,52.5,60
14400220090,横浜伊勢原,環状２号線,環状２号線,14111,0,1,,23458,,23972,47430,1.43,4.47,16.5,17,9.5,40
14400220100,横浜伊勢原,環状２号線,横浜市港南区・横浜市戸塚区境,14111,0,0.7,港南区下永谷6-9,4233,港南区下永谷6-9,4084,8317,1.3,0.79,10.2,24.5,9.5,40
14400220110,横浜伊勢原,横浜市港南区・横浜市戸塚区境,一般国道１号,14110,0,1.6,港南区下永谷6-9,4233,港南区下永谷6-9,4084,8317,1.3,0.67,15.9,13.4,9,30
14400220130,横浜伊勢原,一般国道１号,一般国道１号,14110,0,0.3,横浜市戸塚区戸塚町4100,9200,横浜市戸塚区戸塚町4100,11595,20795,1.33,0.98,6.5,8.6,28,40
14400220140,横浜伊勢原,一般国道１号,横浜市戸塚区・横浜市泉区境,14110,0,1,泉区中田東1-1,12260,泉区中田東1-1,14801,27061,1.34,0.51,8.9,18.6,19.75,40
14400220150,横浜伊勢原,横浜市戸塚区・横浜市泉区境,阿久和鎌倉,14116,0,2.2,泉区中田東1-1,12260,泉区中田東1-1,14801,27061,1.34,1.04,18,18,22.75,40
14400220160,横浜伊勢原,阿久和鎌倉,環状４号線,14116,0,1.4,横浜市泉区和泉中央北5丁目14,13758,横浜市泉区和泉中央北5丁目14,14268,28026,1.38,1.41,17.4,19.8,22.75,40
14400220170,横浜伊勢原,環状４号線,,14116,0,0.7,横浜市泉区和泉中央北5丁目14,13745,横浜市泉区和泉中央北5丁目14,13486,27231,1.37,1.45,19.6,16.5,22.75,40
14400220180,横浜伊勢原,,一般国道４６７号,14205,0,1.3,藤沢市高倉2106-16,7827,藤沢市高倉2106-16,6165,13992,1.32,1.15,20.7,9.3,19.6,40
14400220190,横浜伊勢原,一般国道４６７号,藤沢座間厚木,14205,0,2.5,藤沢市下土棚1004,8914,藤沢市下土棚1004,9046,17960,1.33,0.77,16.3,23.3,14.6,40
14400220200,横浜伊勢原,藤沢座間厚木,横浜伊勢原,14205,0,0.3,藤沢市下土棚1004,8914,藤沢市下土棚1004,9046,17960,1.33,0.77,20.4,11.2,14.6,40
14400220210,横浜伊勢原,横浜伊勢原,菖蒲沢戸塚,14205,0,0.5,,10631,,10155,20786,1.34,1.35,16.7,20.5,14.6,40
14400220220,横浜伊勢原,菖蒲沢戸塚,藤沢厚木,14205,0,1.4,,10631,,10155,20786,1.34,1.35,35.5,33.7,14.6,40
14400220310,横浜伊勢原,横浜伊勢原,横浜伊勢原線,14205,0,2.4,藤沢市用田647-4,9301,藤沢市用田647-4,8042,17343,1.32,0.66,29.7,30.1,25,50
14400220350,横浜伊勢原線,横浜伊勢原,藤沢市・綾瀬市境,14205,0,1.4,,,,,,,,25,27.9,25,50
14400220360,横浜伊勢原線,藤沢市・綾瀬市境,藤沢厚木,14218,0,0.1,,,,,,,,19.6,7.7,25,50
14400220240,横浜伊勢原,藤沢厚木,相模原茅ヶ崎,14215,0,2.1,,19098,,19442,38540,1.41,1.72,14.9,12.4,13,50
14400220250,横浜伊勢原,相模原茅ヶ崎,海老名市・厚木市境,14215,0,1.3,海老名市門沢橋3丁目7-17,13394,海老名市門沢橋3丁目7-17,13734,27128,1.5,1.42,18.1,6.9,15.5,40
14400220260,横浜伊勢原,海老名市・厚木市境,一般国道１２９号,14212,0,0.7,海老名市門沢橋3丁目7-17,13394,海老名市門沢橋3丁目7-17,13734,27128,1.5,1.42,7.4,15.4,15.5,40
14400220270,横浜伊勢原,一般国道１２９号,厚木市・伊勢原市境,14212,0,1.1,伊勢原市下落合539,8467,伊勢原市下落合539,9573,18040,1.33,0.51,13.6,14.6,19.5,30
14400220280,横浜伊勢原,厚木市・伊勢原市境,横浜伊勢原,14214,0,1,伊勢原市下落合539,8467,伊勢原市下落合539,9573,18040,1.33,0.33,25.2,28.1,23.1,50
14400220290,横浜伊勢原,横浜伊勢原,一般国道２４６号,14214,0,1.7,伊勢原市下落合539,8467,伊勢原市下落合539,9573,18040,1.33,0.3,36.5,22.8,19.5,30
14400220330,横浜伊勢原,横浜伊勢原,下粕屋平塚,14214,0,0.2,,10331,,11486,21817,1.35,0.4,11.6,23,19.5,30
14400230010,原宿六ツ浦,一般国道１号,横浜市戸塚区・横浜市栄区境,14110,0,1.6,栄区田谷町1416,7898,栄区田谷町1416,8287,16185,1.33,1.22,10.5,19.4,11,40
14400230020,原宿六ツ浦,横浜市戸塚区・横浜市栄区境,田谷藤沢,14115,0,0.6,栄区田谷町1416,7898,栄区田谷町1416,8287,16185,1.33,1.33,19.1,12.1,11,40
14400230030,原宿六ツ浦,田谷藤沢,阿久和鎌倉,14115,0,0.5,横浜市栄区田谷町995-1,11456,横浜市栄区田谷町995-1,10267,21723,1.34,1.8,19.9,24.9,11,40
14400230040,原宿六ツ浦,阿久和鎌倉,大船停車場矢部,14115,0,1.2,横浜市栄区笠間5丁目27-23,8361,横浜市栄区笠間5丁目27-23,7479,15840,1.32,1,22.6,9.5,17,40
14400230050,原宿六ツ浦,大船停車場矢部,,14115,0,0.2,横浜市栄区笠間5丁目27-23,11114,横浜市栄区笠間5丁目27-23,9229,20343,1.34,1.91,9.5,11.3,17,40
14400230060,原宿六ツ浦,,横浜鎌倉,14204,0,0.4,鎌倉市岩瀬1420,12672,鎌倉市岩瀬1420,10308,22980,1.36,0.79,14.1,12.9,17.1,40
14400230080,原宿六ツ浦,横浜鎌倉,市道小菅ヶ谷第４６４号線,14115,0,0.2,横浜市栄区桂町655,8657,横浜市栄区桂町655,10650,19307,1.34,0.75,18.2,14.9,24,50
14400230090,原宿六ツ浦,市道小菅ヶ谷第４６４号線,舞岡上郷線,14115,0,1.6,横浜市横浜市栄区上郷町690-5,6629,横浜市横浜市栄区上郷町690-5,6285,12914,1.34,1,21.3,13.1,10.5,40
14400230100,原宿六ツ浦,舞岡上郷線,横浜市栄区・鎌倉市境,14115,0,3.3,横浜市横浜市栄区上郷町690-5,9629,横浜市横浜市栄区上郷町690-5,9266,18895,1.35,1.34,19.6,26,10.5,40
14400230120,原宿六ツ浦,鎌倉市・横浜市金沢区境,金沢鎌倉,14108,0,0.3,金沢区朝比奈151,9221,金沢区朝比奈151,9550,18771,1.38,1.45,29.9,12.5,13.5,40
14400230130,原宿六ツ浦,金沢鎌倉,一般国道１６号（横浜横須賀道路）,14108,0,0,,11291,,11459,22750,1.35,1.59,12.1,22.1,13.5,40
14400230140,原宿六ツ浦,一般国道１６号（横浜横須賀道路）,金沢逗子,14108,0,2.3,横浜市金沢区六浦1丁目10-16,9580,横浜市金沢区六浦1丁目10-16,10669,20249,1.35,1.46,16.4,16.3,12.5,40
14400230150,原宿六ツ浦,金沢逗子,一般国道１６号,14108,0,0.5,横浜市金沢区六浦1丁目10-16,9580,横浜市金沢区六浦1丁目10-16,10669,20249,1.35,1.46,16.6,12.7,12.5,40
14400240010,横須賀逗子,一般国道１６号,横須賀市・逗子市境,14201,0,0.9,横須賀市船越町3丁目21-2,5960,横須賀市船越町3丁目21-2,7495,13455,1.35,0.77,7.5,30.9,12,30
14400240020,横須賀逗子,横須賀市・逗子市境,逗子市道,14208,0,0.7,横須賀市船越町3丁目21-2,5960,横須賀市船越町3丁目21-2,7495,13455,1.35,1.16,20.1,29.3,12,30
14400240030,横須賀逗子,逗子市道,金沢逗子,14208,0,3.1,逗子市沼間1丁目3-8,6942,逗子市沼間1丁目3-8,6490,13432,1.32,1.18,18.2,15.6,12,30
14400240040,横須賀逗子,金沢逗子,鎌倉葉山,14208,0,0.3,逗子市沼間1丁目3-8,6942,逗子市沼間1丁目3-8,6490,13432,1.32,1.87,6.3,,12,30
14400240050,横須賀逗子,鎌倉葉山,鎌倉葉山,14208,0,0.5,逗子市沼間1丁目3-8,6942,逗子市沼間1丁目3-8,6490,13432,1.32,1.03,11.6,10.8,12,30
14400240060,横須賀逗子,鎌倉葉山,一般国道１３４号,14208,0,0.7,逗子市沼間1丁目3-8,6942,逗子市沼間1丁目3-8,6490,13432,1.32,1.03,15.5,15.6,12,30
14400250010,横須賀停車場,本町山中,一般国道１６号,14201,0,0.5,,2065,,2180,4245,1.24,0.39,34.8,8.1,26,40
14400260010,横須賀三崎,一般国道１６号,横須賀市道,14201,0,3.4,横須賀市佐野町2丁目2-13,8283,横須賀市佐野町2丁目2-13,7877,16160,1.33,1.22,15.6,11.9,15.85,40
14400260020,横須賀三崎,横須賀市道,横須賀葉山,14201,0,2.2,横須賀市小矢部4丁目1-1,9321,横須賀市小矢部4丁目1-1,9288,18609,1.37,1.05,13,19.5,14.5,40
14400260030,横須賀三崎,横須賀葉山,武上宮田,14201,0,3.3,横須賀市武2丁目2-17,11020,横須賀市武2丁目2-17,10683,21703,1.34,1.08,19.5,17.2,14.5,40
14400260040,横須賀三崎,武上宮田,一般国道１３４号,14201,0,0.6,横須賀市武2丁目2-17,11020,横須賀市武2丁目2-17,10683,21703,1.34,1.08,13.6,14.7,14.5,40
14400260120,横須賀三崎,一般国道１３４号,油壺,14210,0,2,三浦市原町15-16,8863,三浦市原町15-16,9354,18217,1.33,0.93,24.2,25.1,13,30
14400260130,横須賀三崎,油壺,上宮田金田三崎港,14210,0,2.6,三浦市原町15-16,8863,三浦市原町15-16,9354,18217,1.33,0.93,18.2,,13,30
14400260060,横須賀三崎（三浦縦貫道路）,横須賀葉山,一般国道１６号（横浜横須賀道路）,14201,1,0.9,横須賀市太田和３丁目,2743,横須賀市太田和３丁目,2452,5195,1.18,0.31,30.4,,12,60
14400260065,横須賀三崎（三浦縦貫道路）,一般国道１６号（横浜横須賀道路）,,14201,1,4.2,横須賀市太田和３丁目,2743,横須賀市太田和３丁目,2452,5195,1.18,0.31,64.4,62.5,12,60
14400260150,横須賀三崎（三浦縦貫道路Ⅱ期）,横須賀三崎（三浦縦貫道路）,横須賀市・三浦市境,14201,0,0.9,三浦市初声町高円坊,1446,三浦市初声町高円坊,2136,3582,1.23,0.31,67.7,74.1,13,60
14400260160,横須賀三崎（三浦縦貫道路Ⅱ期）,横須賀市・三浦市境,,14210,0,1,三浦市初声町高円坊,1446,三浦市初声町高円坊,2136,3582,1.23,0.31,44.7,30.9,13,60
14400260070,横須賀三崎（三浦縦貫道路）,横須賀三崎（三浦縦貫道路Ⅱ期）,一般国道１３４号,14201,0,0.3,,,,,,,,42,26.8,12,60
14400270010,横須賀葉山,一般国道１３４号,横須賀葉山,14201,0,1,横須賀市佐原1丁目14-3,14542,横須賀市佐原1丁目14-3,16171,30713,1.38,0.91,16.4,15.9,18.6,40
14400270020,横須賀葉山,横須賀葉山,一般国道１６号（横浜横須賀道路）,14201,0,2.5,横須賀市佐原1丁目14-3,14542,横須賀市佐原1丁目14-3,16171,30713,1.38,0.91,24.9,25.3,18.6,40
14400270025,横須賀葉山,一般国道１６号（横浜横須賀道路）,横須賀市道,14201,0,0.4,横須賀市佐原1丁目14-3,14542,横須賀市佐原1丁目14-3,16171,30713,1.38,0.91,14,9.6,18.6,40
14400270190,横須賀葉山,横須賀市道,横須賀三崎,14201,0,1.7,神奈川県横須賀市平作３丁目７,11068,神奈川県横須賀市平作３丁目７,10020,21088,1.34,0.55,17.4,20.1,20,50
14400260090,横須賀葉山,横須賀三崎,一般国道１６号（横浜横須賀道路）,14201,0,0.3,,12003,,10846,22849,1.35,0.41,35,28,23.1,40
14400260100,横須賀葉山,一般国道１６号（横浜横須賀道路）,横須賀三崎（三浦縦貫道路）,14201,0,0.4,,12003,,10846,22849,1.35,0.41,,,23.1,40
14400270170,横須賀葉山,横須賀三崎（三浦縦貫道路）,横須賀市道,14201,0,2.8,,,,,,,,40.4,25.7,21.9,50
14400270070,横須賀葉山,横須賀市道,横須賀市・葉山町境,14201,0,0.4,横須賀市池上6丁目5?25,8191,横須賀市池上6丁目5?25,7873,16064,1.32,0.87,13.9,19,13.6,40
14400270080,横須賀葉山,横須賀市・葉山町境,逗子葉山横須賀,14301,0,3.2,横須賀市池上6丁目5?25,8191,横須賀市池上6丁目5?25,7873,16064,1.32,0.84,23.9,21.3,13.6,40
14400270090,横須賀葉山,逗子葉山横須賀,一般国道１３４号,14301,0,2.1,横須賀市池上6丁目5?25,8191,横須賀市池上6丁目5?25,7873,16064,1.32,0.84,24.5,17.9,13.6,40
14400270110,横須賀葉山,一般国道１３４号,,14201,0,0.9,,19135,,22887,42022,1.42,1.21,22.1,25.4,18.6,40
14400270130,横須賀葉山,,横須賀葉山,14201,0,0.4,,8468,,7993,16461,1.33,0.98,19.6,23.7,16.35,40
14400280010,本町山中,横須賀停車場,一般国道１６号（横浜横須賀道路）,14201,1,2.5,横須賀市吉倉町２丁目,4380,横須賀市吉倉町２丁目,3836,8216,1.22,0.49,,,11,60
14400300010,戸塚茅ヶ崎,一般国道１号,,14110,0,0.3,戸塚区東俣野町10,7855,戸塚区東俣野町10,8399,16254,1.34,1.33,13.8,20.5,11.25,40
14400300020,戸塚茅ヶ崎,,小袋谷藤沢,14205,0,1.4,藤沢市大鋸2丁目8-1,11547,藤沢市大鋸2丁目8-1,7602,19149,1.33,1.16,23.3,12.9,17.75,40
14400300030,戸塚茅ヶ崎,小袋谷藤沢,一般国道４６７号,14205,0,0.2,藤沢市大鋸2丁目8-1,11547,藤沢市大鋸2丁目8-1,7602,19149,1.33,1.16,14.8,6.8,17.75,40
14400300040,戸塚茅ヶ崎,一般国道４６７号,辻堂停車場辻堂,14205,0,3.9,藤沢市辻堂大平台1丁目1-2,7582,藤沢市辻堂大平台1丁目1-2,7730,15312,1.33,0.77,14.6,20.1,18.75,40
14400300050,戸塚茅ヶ崎,辻堂停車場辻堂,藤沢市・茅ヶ崎市境,14205,0,1.2,茅ヶ崎市常盤町6?35,5225,茅ヶ崎市常盤町6?35,4980,10205,1.3,0.43,18.7,21.3,18.75,40
14400300060,戸塚茅ヶ崎,藤沢市・茅ヶ崎市境,一般国道１３４号,14207,0,0.8,茅ヶ崎市常盤町6?35,5225,茅ヶ崎市常盤町6?35,4980,10205,1.3,0.54,26.7,24.1,18.75,40
14400320010,藤沢鎌倉,一般国道４６７号,田谷藤沢,14205,0,1,藤沢市川名772,8168,藤沢市川名772,9259,17427,1.33,0.98,8.6,8.4,13.85,40
14400320020,藤沢鎌倉,田谷藤沢,藤沢市・鎌倉市境,14205,0,0.3,藤沢市川名772,8168,藤沢市川名772,9259,17427,1.33,0.98,6,23.5,13.85,40
14400320030,藤沢鎌倉,藤沢市・鎌倉市境,腰越大船,14204,0,0.6,藤沢市川名772,8168,藤沢市川名772,9259,17427,1.33,0.98,11.4,17.7,13.85,40
14400320040,藤沢鎌倉,腰越大船,鎌倉葉山,14204,0,3.5,鎌倉市常磐383,10501,鎌倉市常磐383,10206,20707,1.33,1.56,16.9,18.2,13.85,40
14400320050,藤沢鎌倉,鎌倉葉山,一般国道１３４号,14204,0,0.4,鎌倉市常磐383,10501,鎌倉市常磐383,10206,20707,1.33,1.56,,8.8,13.85,40
14400350010,四日市場上野原,四日市場上野原線,奥牧野相模湖,14151,0,0.4,相模原市緑区牧野8710,433,相模原市緑区牧野8710,455,888,1.2,0.14,29.5,30.2,6,30
14400350020,四日市場上野原,奥牧野相模湖,四日市場上野原線,14151,0,1.7,相模原市緑区牧野8710,433,相模原市緑区牧野8710,455,888,1.2,0.14,32.3,33.4,6,30
14400400010,横浜厚木,一般国道１６号,一般国道１６号（保土ヶ谷バイパス）,14112,0,1.3,横浜市旭区鶴ケ峰本町1丁目36-18,9291,横浜市旭区鶴ケ峰本町1丁目36-18,11490,20781,1.41,1.02,19.3,13.1,18,50
14400400020,横浜厚木,一般国道１６号（保土ヶ谷バイパス）,保土ヶ谷二俣川線,14112,0,0.2,,18188,,21038,39226,1.41,1.76,5.8,16.2,18,50
14400400030,横浜厚木,保土ヶ谷二俣川線,鴨居上飯田線,14112,0,0.8,,10467,,12286,22753,1.35,1.14,7.7,14.3,18,50
14400400040,横浜厚木,鴨居上飯田線,横浜市旭区・横浜市瀬谷区境,14112,0,2.6,,6896,,6774,13670,1.32,0.99,20.6,18.2,9.75,40
14400400050,横浜厚木,横浜市旭区・横浜市瀬谷区境,瀬谷柏尾,14114,0,1.1,横浜市瀬谷区二ツ橋町162,7464,横浜市瀬谷区二ツ橋町162,6597,14061,1.33,1.17,15.5,13.4,12,40
14400400060,横浜厚木,瀬谷柏尾,丸子中山茅ヶ崎,14114,0,0.3,横浜市瀬谷区二ツ橋町162,7464,横浜市瀬谷区二ツ橋町162,6597,14061,1.33,1.17,14.2,13.9,12,40
14400400070,横浜厚木,丸子中山茅ヶ崎,環状４号線,14114,0,1,横浜市瀬谷区二ツ橋町162,7464,横浜市瀬谷区二ツ橋町162,6597,14061,1.33,1.17,12.9,16.2,12,40
14400400080,横浜厚木,環状４号線,,14114,0,0.7,横浜市瀬谷区二ツ橋町162,7464,横浜市瀬谷区二ツ橋町162,6597,14061,1.33,1.17,11.7,13.5,12,40
14400400090,横浜厚木,,一般国道４６７号,14213,0,0.5,,8533,,8565,17098,1.33,1.29,20.5,4,13.5,40
14400400100,横浜厚木,一般国道４６７号,大和市・海老名市境,14213,0,3.7,大和市中央5丁目14-2,4224,大和市中央5丁目14-2,5304,9528,1.3,0.92,15,16.7,13.5,40
14400400110,横浜厚木,大和市・海老名市境,海老名市・綾瀬市境,14215,0,1.1,海老名市東柏ケ谷6丁目22?6,6926,海老名市東柏ケ谷6丁目22?6,7199,14125,1.33,1.25,8.5,16.2,13.5,40
14400400120,横浜厚木,海老名市・綾瀬市境,横浜厚木,14218,0,0.6,綾瀬市大上6丁目15?23,6635,綾瀬市大上6丁目15?23,6589,13224,1.32,0.64,21.6,13.4,14.85,40
14400400130,横浜厚木,横浜厚木,横浜厚木,14218,0,0.4,綾瀬市大上6丁目15?23,6635,綾瀬市大上6丁目15?23,6589,13224,1.32,0.64,18.2,10,14.85,40
14400400140,横浜厚木,横浜厚木,藤沢座間厚木,14218,0,0.3,綾瀬市大上6丁目15?23,6635,綾瀬市大上6丁目15?23,6589,13224,1.32,0.64,18.8,15,14.85,40
14400400150,横浜厚木,藤沢座間厚木,藤沢座間厚木,14218,0,0.9,綾瀬市寺尾中2丁目1-9,7460,綾瀬市寺尾中2丁目1-9,7358,14818,1.32,0.78,12.3,15.8,14.85,40
14400400160,横浜厚木,藤沢座間厚木,綾瀬市・海老名市境,14218,0,1,綾瀬市小園1467?33,5476,綾瀬市小園1467?33,5244,10720,1.32,0.59,19.2,15.7,14.85,40
14400400170,横浜厚木,綾瀬市・海老名市境,横浜厚木,14215,0,0.4,綾瀬市小園1467?33,5476,綾瀬市小園1467?33,5244,10720,1.32,0.8,13.8,7.5,14.85,40
14400400180,横浜厚木,横浜厚木,杉久保座間,14215,0,0.4,綾瀬市小園1467?33,5476,綾瀬市小園1467?33,5244,10720,1.32,0.8,11,9,14.85,40
14400400190,横浜厚木,杉久保座間,横浜厚木,14215,0,0.1,綾瀬市小園1467?33,5476,綾瀬市小園1467?33,5244,10720,1.32,0.8,13.6,8.1,14.85,40
14400400200,横浜厚木,横浜厚木,町田厚木,14215,0,1.5,綾瀬市小園1467?33,5476,綾瀬市小園1467?33,5244,10720,1.32,0.8,7.4,11.1,14.85,40
14400400220,横浜厚木,横浜厚木,横浜厚木,14218,0,0.8,,12262,,10433,22695,1.35,1.64,13.7,10.3,15.75,40
14400400240,横浜厚木,横浜厚木,吉岡海老名,14215,0,0.2,,12262,,10433,22695,1.35,1.73,5.3,10.4,11,40
14400400250,横浜厚木,吉岡海老名,杉久保座間,14215,0,0,,12262,,10433,22695,1.35,1.73,10.1,9,11,40
14400400260,横浜厚木,杉久保座間,杉久保座間,14215,0,0.2,,12262,,10433,22695,1.35,1.73,12.4,19.5,11,40
14400400270,横浜厚木,杉久保座間,横浜厚木,14215,0,0.1,,12262,,10433,22695,1.35,1.73,17.6,6.8,11,40
14400420010,藤沢座間厚木,横浜伊勢原,藤沢市・綾瀬市境,14205,0,1.5,藤沢市葛原701,15729,藤沢市葛原701,14026,29755,1.37,0.76,39,37.7,25.2,50
14400420020,藤沢座間厚木,藤沢市・綾瀬市境,丸子中山茅ヶ崎,14218,0,1.1,藤沢市葛原701,15729,藤沢市葛原701,14026,29755,1.37,1,27.7,13.9,25.3,50
14400420025,藤沢座間厚木,丸子中山茅ヶ崎,東名高速道路,14218,0,2.5,綾瀬市深谷4176-3,16332,綾瀬市深谷4176-3,14575,30907,1.34,1.18,,,27.2,50
14400420030,藤沢座間厚木,東名高速道路,横浜厚木,14218,0,0.9,綾瀬市深谷4176-3,16332,綾瀬市深谷4176-3,14575,30907,1.34,1.18,21.2,13.7,27.2,50
14400420050,藤沢座間厚木,横浜厚木,綾瀬市・海老名市境,14218,0,1.3,座間市さがみ野3丁目1,4903,座間市さがみ野3丁目1,4578,9481,1.3,0.73,18.8,14.2,11.75,40
14400420060,藤沢座間厚木,綾瀬市・海老名市境,海老名市・座間市境,14215,0,0.1,座間市さがみ野3丁目1,4903,座間市さがみ野3丁目1,4578,9481,1.3,0.81,11.8,4.2,11.75,40
14400420070,藤沢座間厚木,海老名市・座間市境,藤沢座間厚木,14216,0,0.6,座間市さがみ野3丁目1,4903,座間市さがみ野3丁目1,4578,9481,1.3,0.99,6.5,9.4,11.75,40
14400420080,藤沢座間厚木,藤沢座間厚木,一般国道２４６号,14216,0,0.8,座間市南栗原1丁目13-28,4718,座間市南栗原1丁目13-28,3900,8618,1.29,0.91,23.5,10.4,11.75,40
14400420090,藤沢座間厚木,一般国道２４６号,藤沢座間厚木,14216,0,0.4,座間市南栗原1丁目13-28,4718,座間市南栗原1丁目13-28,3900,8618,1.29,0.91,7.2,18.4,11.75,40
14400420100,藤沢座間厚木,藤沢座間厚木,藤沢座間厚木,14216,0,0.1,座間市南栗原1丁目13-28,4718,座間市南栗原1丁目13-28,3900,8618,1.29,0.91,16.3,14.7,11.75,40
14400420110,藤沢座間厚木,藤沢座間厚木,杉久保座間,14216,0,1.7,座間市南栗原1丁目13-28,4718,座間市南栗原1丁目13-28,3900,8618,1.29,0.91,16,16.5,11.75,40
14400420120,藤沢座間厚木,杉久保座間,町田厚木,14216,0,0.3,座間市南栗原1丁目13-28,4718,座間市南栗原1丁目13-28,3900,8618,1.29,0.91,5.4,6.7,11.75,40
14400420130,藤沢座間厚木,町田厚木,町田厚木,14216,0,0.4,座間市南栗原1丁目13-28,4718,座間市南栗原1丁目13-28,3900,8618,1.29,0.91,14.4,9,11.75,40
14400420150,藤沢座間厚木,町田厚木,座間市・厚木市境,14216,0,1.6,厚木市関口（座架依橋西側）,12789,厚木市関口（座架依橋西側）,13054,25843,1.36,1.74,19.4,8.4,16.25,40
14400420160,藤沢座間厚木,座間市・厚木市境,一般国道１２９号,14212,0,0.8,厚木市関口246-1,5365,厚木市関口246-1,5005,10370,1.3,0.72,9.6,25,9.8,40
14400420170,藤沢座間厚木,一般国道１２９号,,14212,0,1.1,厚木市関口246-1,5365,厚木市関口246-1,5005,10370,1.3,0.72,17.1,17.9,9.8,40
14400420240,藤沢座間厚木,,丸子中山茅ヶ崎,14218,0,2.4,,7921,,7395,15316,1.32,1.93,20,17.7,10.85,40
14400430040,藤沢厚木,伊勢原藤沢,一般国道１号,14205,0,0.2,藤沢市石川636-6,20650,藤沢市石川636-6,20007,40657,1.41,1.18,9.4,6.3,23.6,40
14400430050,藤沢厚木,一般国道１号,藤沢厚木,14205,0,0.3,藤沢市石川636-6,20650,藤沢市石川636-6,20007,40657,1.41,1.18,5.5,17.6,23.6,40
14400430060,藤沢厚木,藤沢厚木,藤沢平塚,14205,0,0.8,藤沢市石川636-6,20650,藤沢市石川636-6,20007,40657,1.41,1.18,22.4,26.8,23.6,40
14400430070,藤沢厚木,藤沢平塚,菖蒲沢戸塚,14205,0,4.1,藤沢市石川636-6,20650,藤沢市石川636-6,20007,40657,1.41,1.18,23.4,22.8,23.6,40
14400430080,藤沢厚木,菖蒲沢戸塚,遠藤茅ヶ崎,14205,0,0.2,藤沢市石川636-6,20650,藤沢市石川636-6,20007,40657,1.41,1.18,9.4,15.8,23.6,40
14400430090,藤沢厚木,遠藤茅ヶ崎,菖蒲沢戸塚,14205,0,0.7,藤沢市石川636-6,20650,藤沢市石川636-6,20007,40657,1.41,1.18,19.7,19.5,23.6,40
14400430100,藤沢厚木,菖蒲沢戸塚,横浜伊勢原,14205,0,1.9,藤沢市石川636-6,20650,藤沢市石川636-6,20007,40657,1.41,1.18,29.1,30.3,23.6,40
14400430110,藤沢厚木,横浜伊勢原,丸子中山茅ヶ崎,14205,0,0.8,藤沢市用田584,3418,藤沢市用田584,3177,6595,1.31,0.39,21.4,16.4,12.75,40
14400430120,藤沢厚木,丸子中山茅ヶ崎,藤沢市・海老名市境,14205,0,0.7,海老名市本郷3610,4834,海老名市本郷3610,4689,9523,1.3,0.48,16.1,21.7,12.75,40
14400430130,藤沢厚木,藤沢市・海老名市境,横浜伊勢原,14215,0,0.1,海老名市本郷3610,4834,海老名市本郷3610,4689,9523,1.3,0.54,15.5,9.9,12.75,40
14400430140,藤沢厚木,横浜伊勢原,吉岡海老名,14215,0,0.3,海老名市中新田3丁目3-3,4373,海老名市中新田3丁目3-3,3133,7506,1.25,0.8,7.1,17.4,12.1,40
14400430150,藤沢厚木,吉岡海老名,杉久保座間,14215,0,1.4,海老名市中新田3丁目3-3,4373,海老名市中新田3丁目3-3,3133,7506,1.25,0.8,22.1,27.7,12.1,40
14400430160,藤沢厚木,杉久保座間,社家停車場,14215,0,0.8,海老名市中新田3丁目3-3,4373,海老名市中新田3丁目3-3,3133,7506,1.25,0.8,16.6,14.1,12.1,40
14400430170,藤沢厚木,社家停車場,藤沢厚木,14215,0,1.7,海老名市中新田3丁目3-3,4373,海老名市中新田3丁目3-3,3133,7506,1.25,0.8,31.3,23.4,12.1,40
14400430220,藤沢厚木,藤沢厚木,相模原茅ヶ崎,14215,0,0.1,海老名市中新田3丁目17-53,6928,海老名市中新田3丁目17-53,7965,14893,1.33,1.23,14.7,11.1,12.1,40
14400430230,藤沢厚木,相模原茅ヶ崎,藤沢厚木,14215,0,0.4,海老名市中新田3丁目17-53,6928,海老名市中新田3丁目17-53,7965,14893,1.33,1.23,12,15.1,12.1,40
14400430240,藤沢厚木,藤沢厚木,藤沢厚木,14215,0,0.6,,,,,,,,17.1,17.1,12.1,40
14400430280,藤沢厚木,町田厚木,本厚木停車場,14212,0,0.3,,5523,,4299,9822,1.3,0.91,9.7,12.8,11.5,40
14400430290,藤沢厚木,本厚木停車場,酒井金田,14212,0,0.4,,5523,,4299,9822,1.3,0.91,9.9,13.1,11.5,40
14400430300,藤沢厚木,酒井金田,厚木清川,14212,0,0.6,,5523,,4299,9822,1.3,0.91,13.3,10.1,11.5,40
14400430310,藤沢厚木,厚木清川,一般国道２４６号,14212,0,0.8,,5523,,4299,9822,1.3,0.91,12.9,11.3,11.5,40
14400430010,藤沢厚木,一般国道４６７号,伊勢原藤沢,14205,0,1.7,藤沢市羽鳥4丁目11-12,9778,藤沢市羽鳥4丁目11-12,10124,19902,1.34,0.46,9.2,15.9,21.5,40
14400430020,藤沢厚木,伊勢原藤沢,藤沢厚木,14205,0,0.6,藤沢市石川636-6,20650,藤沢市石川636-6,20007,40657,1.41,1.91,11.8,14.7,23.6,40
14400430260,藤沢厚木,藤沢厚木,東名高速道路,14215,1,0.2,,,,,,,,11.3,26.9,16.6,40
14400430180,藤沢厚木,藤沢厚木,相模原茅ヶ崎,14215,0,0.1,海老名市中新田3丁目3-3,4373,海老名市中新田3丁目3-3,3133,7506,1.25,0.77,,,12.1,40
14400430190,藤沢厚木,相模原茅ヶ崎,藤沢厚木,14215,0,0.8,海老名市中新田3丁目3-3,4373,海老名市中新田3丁目3-3,3133,7506,1.25,0.77,17.6,7.2,12.1,40
14400430200,藤沢厚木,藤沢厚木,町田厚木,14215,0,0.4,海老名市中新田3丁目3-3,4373,海老名市中新田3丁目3-3,3133,7506,1.25,0.73,9.6,7,12.1,40
14400440040,伊勢原藤沢,伊勢原藤沢,一般国道２７１号(小田原厚木道路),14214,0,2.2,伊勢原市沼目5丁目28-28,5725,伊勢原市沼目5丁目28-28,5894,11619,1.3,1.32,19.4,20.6,13,30
14400440050,伊勢原藤沢,一般国道２７１号(小田原厚木道路),下粕屋平塚,14214,0,0.9,伊勢原市上平間（伊勢原IC東側）,6588,伊勢原市上平間（伊勢原IC東側）,6679,13267,1.32,0.89,34.9,30.6,13,30
14400440060,伊勢原藤沢,下粕屋平塚,伊勢原市・平塚市境,14214,0,0.1,伊勢原市上平間（伊勢原IC東側）,6588,伊勢原市上平間（伊勢原IC東側）,6679,13267,1.32,0.89,15.1,27.8,13,30
14400440070,伊勢原藤沢,伊勢原市・平塚市境,大島明石,14203,0,0.6,伊勢原市上平間（伊勢原IC東側）,6588,伊勢原市上平間（伊勢原IC東側）,6679,13267,1.32,0.9,29.5,25.6,13,30
14400440080,伊勢原藤沢,大島明石,一般国道１２９号,14203,0,1.8,伊勢原市上平間（伊勢原IC東側）,6588,伊勢原市上平間（伊勢原IC東側）,6679,13267,1.32,0.9,16.6,15.3,13,30
14400440100,伊勢原藤沢,一般国道１２９号,平塚市・寒川町境,14203,0,1.2,平塚市四之宮4丁目4-21,14503,平塚市四之宮4丁目4-21,15524,30027,1.38,1,9.6,22.7,20.1,40
14400440105,伊勢原藤沢,平塚市・寒川町境,一般国道４６８号（圏央道）,14321,0,0.6,平塚市四之宮4丁目4-21,14503,平塚市四之宮4丁目4-21,15524,30027,1.38,0.83,21.8,28.1,25.1,50
14400440110,伊勢原藤沢,一般国道４６８号（圏央道）,伊勢原藤沢,14321,0,0.3,平塚市四之宮4丁目4-21,14503,平塚市四之宮4丁目4-21,15524,30027,1.38,0.83,22.7,10.9,25.1,50
14400440310,伊勢原藤沢,伊勢原藤沢,寒川町・茅ヶ崎市境,14321,0,0.5,茅ヶ崎市萩園459,12064,茅ヶ崎市萩園459,10433,22497,1.34,4.38,12.9,26.4,6.5,30
14400440320,伊勢原藤沢,寒川町・茅ヶ崎市境,一般国道１号（新湘南バイパス）,14207,0,1,茅ヶ崎市萩園459,12064,茅ヶ崎市萩園459,10433,22497,1.34,2.38,47.3,14.1,42.5,30
14400440340,伊勢原藤沢,一般国道１号（新湘南バイパス）,伊勢原藤沢,14207,0,1.2,茅ヶ崎市萩園459,12064,茅ヶ崎市萩園459,10433,22497,1.34,2.38,15.7,14,42.5,30
14400440170,伊勢原藤沢,伊勢原藤沢,一般国道１号,14207,0,0.4,,955,,1081,2036,1.21,0.29,17.8,14.9,42.5,30
14400440190,伊勢原藤沢,伊勢原藤沢,遠藤茅ヶ崎,14207,0,0.4,,955,,1081,2036,1.21,1.57,,,5.6,30
14400440200,伊勢原藤沢,遠藤茅ヶ崎,一般国道１号,14207,0,1.4,,955,,1081,2036,1.21,1.57,22.6,,5.6,30
14400440210,伊勢原藤沢,一般国道１号,一般国道１号,14207,0,0.3,,955,,1081,2036,1.21,1.57,45.4,30.6,5.6,30
14400440220,伊勢原藤沢,一般国道１号,茅ヶ崎市・藤沢市境,14207,0,1.4,,955,,1081,2036,1.21,1.57,24.9,21.3,5.6,30
14400440230,伊勢原藤沢,茅ヶ崎市・藤沢市境,一般国道１号,14205,0,0.1,,955,,1081,2036,1.21,0.36,31.9,16.6,13,30
14400440250,伊勢原藤沢,一般国道１号,辻堂停車場羽鳥,14205,0,0.6,,9703,,9147,18850,1.34,1.57,17.1,22.1,13,30
14400440260,伊勢原藤沢,辻堂停車場羽鳥,藤沢厚木,14205,0,0.1,,9703,,9147,18850,1.34,1.57,13.8,11.5,13,30
14400440270,伊勢原藤沢,藤沢厚木,藤沢厚木,14205,0,0.3,,9703,,9147,18850,1.34,1.57,7.7,11.9,13,30
14400440010,伊勢原藤沢,一般国道２４６号,伊勢原藤沢,14214,0,0.6,,7745,,7325,15070,1.33,1.25,7.3,14,13,30
14400440020,伊勢原藤沢,伊勢原藤沢,,14214,0,0.2,,7745,,7325,15070,1.33,1.25,,,13,30
14400440120,伊勢原藤沢,伊勢原藤沢,相模原茅ヶ崎,14321,0,1.4,高座郡寒川町田端1271-2,8337,高座郡寒川町田端1271-2,8428,16765,1.32,0.86,18.9,18.8,15,50
14400440130,伊勢原藤沢,相模原茅ヶ崎,丸子中山茅ヶ崎,14321,0,0.6,,13804,,13638,27442,1.37,2.13,11.1,19.1,10.6,40
14400440290,伊勢原藤沢,,茅ヶ崎市道,14207,0,0.5,,955,,1081,2036,1.21,9.05,22,14.4,8.5,30
14400440160,伊勢原藤沢,茅ヶ崎市道,伊勢原藤沢,14207,0,0.2,,955,,1081,2036,1.21,0.29,25.8,9.9,42.5,30
14400450010,丸子中山茅ヶ崎,東京丸子横浜,一般国道４０９号,14133,0,1.3,川崎市中原区小杉御殿町1丁目939?2,6106,川崎市中原区小杉御殿町1丁目939?2,5084,11190,1.31,1.1,9.6,12.5,15,40
14400450020,丸子中山茅ヶ崎,一般国道４０９号,小杉菅線,14133,0,0.7,川崎市中原区上小田中6丁目27?8,5995,川崎市中原区上小田中6丁目27?8,5992,11987,1.31,1.28,16.8,14.4,15,40
14400450030,丸子中山茅ヶ崎,小杉菅線,宮内新横浜線,14133,0,0.9,川崎市中原区下小田中1丁目19?9,6507,川崎市中原区下小田中1丁目19?9,6949,13456,1.32,1.22,10.5,11.6,15,40
14400450040,丸子中山茅ヶ崎,宮内新横浜線,川崎市中原区・川崎市高津区境,14133,0,0.4,川崎市中原区下新城3-15,9533,川崎市中原区下新城3-15,9602,19135,1.48,1.37,10.5,10.4,15,40
14400450050,丸子中山茅ヶ崎,川崎市中原区・川崎市高津区境,鶴見溝ノ口,14134,0,0.2,川崎市中原区下新城3-15,9533,川崎市中原区下新城3-15,9602,19135,1.48,1.37,11.7,11.1,15,40
14400450060,丸子中山茅ヶ崎,鶴見溝ノ口,野川菅生線,14134,0,1.1,川崎市高津区千年567,8117,川崎市高津区千年567,7552,15669,1.33,1.11,14.1,12.3,15,30
14400450070,丸子中山茅ヶ崎,野川菅生線,久末鷺沼線,14134,0,1.1,川崎市高津区久末252,6680,川崎市高津区久末252,6898,13578,1.32,0.92,9.5,13,15,30
14400450080,丸子中山茅ヶ崎,久末鷺沼線,川崎市高津区・横浜市都筑区境,14134,0,0.1,川崎市高津区久末252,6680,川崎市高津区久末252,6898,13578,1.32,0.92,10.1,20.4,15,30
14400450090,丸子中山茅ヶ崎,川崎市高津区・横浜市都筑区境,荏田綱島,14118,0,1.3,,4984,,5374,10358,1.3,0.88,20.7,21.7,18,40
14400450100,丸子中山茅ヶ崎,荏田綱島,横浜生田,14118,0,1.3,,4984,,5374,10358,1.3,0.88,21,21.2,18,40
14400450120,丸子中山茅ヶ崎,横浜生田,新横浜元石川線,14118,0,1.6,,5649,,3471,9120,1.3,0.67,23.4,17.2,20.25,40
14400450130,丸子中山茅ヶ崎,新横浜元石川線,新横浜元石川線,14118,0,0.5,,5649,,3471,9120,1.3,0.32,27.6,19.2,39.5,60
14400450140,丸子中山茅ヶ崎,新横浜元石川線,佐江戸北山田線,14118,0,0.6,横浜市都筑区池辺町2226-1,8619,横浜市都筑区池辺町2226-1,7467,16086,1.3,2.28,13.8,18.3,14.25,40
14400450150,丸子中山茅ヶ崎,佐江戸北山田線,横浜上麻生（池辺市ヶ尾線）,14118,0,0.9,横浜市都筑区池辺町2226-1,8619,横浜市都筑区池辺町2226-1,7467,16086,1.3,1.02,23.6,23.4,18,40
14400450160,丸子中山茅ヶ崎,横浜上麻生（池辺市ヶ尾線）,横浜上麻生,14118,0,1,横浜市都筑区池辺町2226-1,8619,横浜市都筑区池辺町2226-1,7467,16086,1.3,2.13,19.2,16.8,16.5,40
14400450170,丸子中山茅ヶ崎,横浜上麻生,川崎町田（川和第３６３号線）,14118,0,0.7,栄区田谷町1416,14222,栄区田谷町1416,13828,28050,1.29,2.19,12.5,15.5,8,40
14400450180,丸子中山茅ヶ崎,川崎町田（川和第３６３号線）,横浜市都筑区・横浜市緑区境,14118,0,0.6,栄区田谷町1416,14222,栄区田谷町1416,13828,28050,1.29,2.19,25.5,20.1,8,40
14400450190,丸子中山茅ヶ崎,横浜市都筑区・横浜市緑区境,青砥上星川,14113,0,0.7,緑区寺山町718,12503,緑区寺山町718,11863,24366,1.33,1.28,22.2,11.8,23,50
14400450200,丸子中山茅ヶ崎,青砥上星川,横浜市緑区・横浜市旭区境,14113,0,1.2,緑区寺山町718,12503,緑区寺山町718,11863,24366,1.33,1.28,23.2,26.4,23,50
14400450210,丸子中山茅ヶ崎,横浜市緑区・横浜市旭区境,一般国道１６号,14112,0,2.2,横浜市旭区都岡町8?3,11102,横浜市旭区都岡町8?3,11417,22519,1.34,0.78,19.1,21.9,21,60
14400450220,丸子中山茅ヶ崎,一般国道１６号,一般国道１６号（保土ヶ谷バイパス）,14112,0,0.8,横浜市旭区都岡町8?3,13397,横浜市旭区都岡町8?3,9993,23390,1.34,1.25,22.3,7.1,21,60
14400450230,丸子中山茅ヶ崎,一般国道１６号（保土ヶ谷バイパス）,丸子中山茅ヶ崎,14112,0,0.3,,22810,,17468,40278,1.41,2.15,5.6,26.4,21,60
14400450240,丸子中山茅ヶ崎,丸子中山茅ヶ崎,丸子中山茅ヶ崎,14112,0,1.2,旭区笠野台2-3,13651,旭区笠野台2-3,16481,30132,1.39,0.93,7.9,16.9,21,60
14400450250,丸子中山茅ヶ崎,丸子中山茅ヶ崎,瀬谷柏尾,14114,0,0.9,旭区笠野台2-3,13651,旭区笠野台2-3,16481,30132,1.39,0.73,15.4,9.7,21.75,50
14400450260,丸子中山茅ヶ崎,瀬谷柏尾,横浜厚木,14114,0,0.3,瀬谷区北新23,6632,瀬谷区北新23,7304,13936,1.35,0.42,17.4,10.1,21.75,50
14400450270,丸子中山茅ヶ崎,横浜厚木,環状４号線,14114,0,1.3,瀬谷区北新23,6632,瀬谷区北新23,7304,13936,1.35,0.42,16.3,19.5,21.75,50
14400450280,丸子中山茅ヶ崎,環状４号線,,14114,0,0.6,瀬谷区北新23,6632,瀬谷区北新23,7304,13936,1.35,0.42,18.7,19.2,21.75,50
14400450290,丸子中山茅ヶ崎,,一般国道４６７号,14213,0,1,,17754,,17702,35456,1.41,2.55,21.7,7.6,11,40
14400450300,丸子中山茅ヶ崎,一般国道４６７号,大和市・綾瀬市境,14213,0,2.4,大和市代官4丁目19,11080,大和市代官4丁目19,10970,22050,1.37,1.3,11.3,11.2,11.75,40
14400450310,丸子中山茅ヶ崎,大和市・綾瀬市境,藤沢座間厚木,14218,0,1.7,大和市代官4丁目19,11080,大和市代官4丁目19,10970,22050,1.37,1.31,18.2,14.4,11.75,40
14400450320,丸子中山茅ヶ崎,藤沢座間厚木,藤沢座間厚木,14218,0,0.4,大和市代官4丁目19,11080,大和市代官4丁目19,10970,22050,1.37,1.31,11.9,12,11.75,40
14400450330,丸子中山茅ヶ崎,藤沢座間厚木,綾瀬市・藤沢市境,14218,0,1.7,綾瀬市吉岡661,5895,綾瀬市吉岡661,6306,12201,1.31,1.39,13.7,24.5,11.75,40
14400450340,丸子中山茅ヶ崎,綾瀬市・藤沢市境,横浜伊勢原,14205,0,1.5,綾瀬市吉岡661,5895,綾瀬市吉岡661,6306,12201,1.31,1.25,33.3,29.6,11.75,40
14400450350,丸子中山茅ヶ崎,横浜伊勢原,藤沢厚木,14205,0,0.1,綾瀬市吉岡661,5895,綾瀬市吉岡661,6306,12201,1.31,1.25,14.4,14,11.75,40
14400450360,丸子中山茅ヶ崎,藤沢厚木,藤沢市・寒川町境,14205,0,2.8,藤沢市獺郷1307,6376,藤沢市獺郷1307,6769,13145,1.32,1.05,21.9,20.2,10.6,40
14400450370,丸子中山茅ヶ崎,藤沢市・寒川町境,藤沢平塚,14321,0,2.1,藤沢市獺郷1307,6376,藤沢市獺郷1307,6769,13145,1.32,1.41,20.3,15.5,10.6,40
14400450380,丸子中山茅ヶ崎,藤沢平塚,藤沢平塚,14321,0,0.3,藤沢市獺郷1307,6376,藤沢市獺郷1307,6769,13145,1.32,1.41,7.9,7.3,10.6,40
14400450390,丸子中山茅ヶ崎,藤沢平塚,伊勢原藤沢,14321,0,0.3,藤沢市獺郷1307,6376,藤沢市獺郷1307,6769,13145,1.32,1.41,7.3,7.9,10.6,40
14400450400,丸子中山茅ヶ崎,伊勢原藤沢,寒川町・茅ヶ崎市境,14321,0,1.4,高座郡寒川町大曲4丁目3?17,6189,高座郡寒川町大曲4丁目3?17,5625,11814,1.32,0.8,23.6,20.6,10.6,40
14400450410,丸子中山茅ヶ崎,寒川町・茅ヶ崎市境,茅ヶ崎市道,14207,0,0.2,高座郡寒川町大曲4丁目3?17,6189,高座郡寒川町大曲4丁目3?17,5625,11814,1.32,0.92,26.5,6,15,40
14400450420,丸子中山茅ヶ崎,茅ヶ崎市道,一般国道１号（新湘南バイパス）,14207,0,0.1,茅ヶ崎市円蔵2433-16,8905,茅ヶ崎市円蔵2433-16,9586,18491,1.34,1.07,7.9,10,15,40
14400450430,丸子中山茅ヶ崎,一般国道１号（新湘南バイパス）,一般国道１号,14207,0,2.2,茅ヶ崎市円蔵2433-16,8905,茅ヶ崎市円蔵2433-16,9586,18491,1.34,1.07,13.6,15,15,40
14400450450,丸子中山茅ヶ崎,丸子中山茅ヶ崎,丸子中山茅ヶ崎,14112,0,1.2,,,,,,,,,37,9,30
14400460010,相模原茅ヶ崎,相模原愛川,相模原大蔵町,14152,0,0.2,相模原市南区当麻898-7,5063,相模原市南区当麻898-7,5132,10195,1.3,0.73,6.2,8.2,16,40
14400460020,相模原茅ヶ崎,相模原大蔵町,厚木城山,14152,0,1.1,相模原市南区当麻898-7,5063,相模原市南区当麻898-7,5132,10195,1.3,0.73,9.4,12.5,16,40
14400460030,相模原茅ヶ崎,厚木城山,相模原市中央区・相模原市南区境,14152,0,1.7,相模原市南区当麻898-7,5063,相模原市南区当麻898-7,5132,10195,1.3,0.73,18.5,28.2,16,40
14400460040,相模原茅ヶ崎,相模原市中央区・相模原市南区境,相模原町田,14153,0,1,相模原市南区当麻898-7,5063,相模原市南区当麻898-7,5132,10195,1.3,0.93,25.3,17.4,9.5,40
14400460050,相模原茅ヶ崎,相模原町田,,14153,0,4.2,座間市座間1-3302-1,6105,座間市座間1-3302-1,6064,12169,1.32,0.99,17.3,20.6,9.5,40
14400460060,相模原茅ヶ崎,,相武台下停車場,14216,0,0.2,座間市座間1-3328,6306,座間市座間1-3328,6732,13038,1.34,0.8,28.9,9,11.1,40
14400460070,相模原茅ヶ崎,相武台下停車場,町田厚木,14216,0,0.1,座間市座間1-3328,6306,座間市座間1-3328,6732,13038,1.34,0.8,15.8,11.6,11.1,40
14400460090,相模原茅ヶ崎,,藤沢厚木,14215,0,1.4,海老名市中新田1丁目4-51,8364,海老名市中新田1丁目4-51,9411,17775,1.32,1.7,22.4,19.7,8.25,50
14400460100,相模原茅ヶ崎,藤沢厚木,藤沢厚木,14215,0,0.2,海老名市社家429-3,6379,海老名市社家429-3,5349,11728,1.31,1.05,16.5,9.2,8.25,50
14400460110,相模原茅ヶ崎,藤沢厚木,社家停車場,14215,0,1.5,海老名市社家429-3,6379,海老名市社家429-3,5349,11728,1.31,1.05,21.6,30.4,8.25,50
14400460120,相模原茅ヶ崎,社家停車場,横浜伊勢原,14215,0,1.6,海老名市社家429-3,6379,海老名市社家429-3,5349,11728,1.31,1.05,29.1,24,8.25,50
14400460130,相模原茅ヶ崎,横浜伊勢原,海老名市・寒川町境,14215,0,0.6,海老名市門沢橋6丁目8?32,7010,海老名市門沢橋6丁目8?32,6585,13595,1.32,0.86,19.1,21.3,13.1,50
14400460135,相模原茅ヶ崎,海老名市・寒川町境,一般国道４６８号（圏央道）,14321,0,1.4,海老名市門沢橋6丁目8?32,7010,海老名市門沢橋6丁目8?32,6585,13595,1.32,0.77,20.5,17.4,13.1,50
14400460140,相模原茅ヶ崎,一般国道４６８号（圏央道）,藤沢平塚,14321,0,2.3,海老名市門沢橋6丁目8?32,7010,海老名市門沢橋6丁目8?32,6585,13595,1.32,0.77,21.2,19.9,13.1,50
14400460150,相模原茅ヶ崎,藤沢平塚,伊勢原藤沢,14321,0,0.5,海老名市門沢橋6丁目8?32,7010,海老名市門沢橋6丁目8?32,6585,13595,1.32,0.77,15.9,15.3,13.1,50
14400460170,相模原茅ヶ崎,伊勢原藤沢,寒川町・茅ヶ崎市境,14321,0,0.2,海老名市門沢橋6丁目8?32,7010,海老名市門沢橋6丁目8?32,6585,13595,1.32,0.77,10.8,20.8,13.1,50
14400460180,相模原茅ヶ崎,寒川町・茅ヶ崎市境,一般国道１号,14207,0,2,茅ヶ崎市萩園720,8477,茅ヶ崎市萩園720,8952,17429,1.32,1.17,22.8,11.8,16.85,50
14400460190,相模原茅ヶ崎,一般国道１号,一般国道１号（新湘南バイパス）,14207,0,1.3,茅ヶ崎市萩園720,8477,茅ヶ崎市萩園720,8952,17429,1.32,1.17,9.1,25.7,16.85,50
14400460200,相模原茅ヶ崎,一般国道１号（新湘南バイパス）,一般国道１３４号,14207,0,0.2,茅ヶ崎市萩園720,8477,茅ヶ崎市萩園720,8952,17429,1.32,1.17,43.3,6.5,16.85,50
14400470010,藤沢平塚,藤沢厚木,藤沢市・茅ヶ崎市境,14205,0,1.9,茅ヶ崎市堤48,4092,茅ヶ崎市堤48,3569,7661,1.3,0.75,19.4,22.9,14.85,40
14400470020,藤沢平塚,藤沢市・茅ヶ崎市境,遠藤茅ヶ崎,14207,0,1.2,茅ヶ崎市堤48,4092,茅ヶ崎市堤48,3569,7661,1.3,0.73,29.6,23.5,14.85,40
14400470030,藤沢平塚,遠藤茅ヶ崎,遠藤茅ヶ崎,14207,0,0.3,茅ヶ崎市堤48,4092,茅ヶ崎市堤48,3569,7661,1.3,0.73,15.7,13.1,14.85,40
14400470040,藤沢平塚,遠藤茅ヶ崎,茅ヶ崎市・寒川町境,14207,0,2.4,高座郡寒川町岡田8-4,5825,高座郡寒川町岡田8-4,7086,12911,1.32,1.13,22,29.9,14.85,40
14400470050,藤沢平塚,茅ヶ崎市・寒川町境,丸子中山茅ヶ崎,14321,0,1.1,高座郡寒川町岡田8-4,5825,高座郡寒川町岡田8-4,7086,12911,1.32,1.19,24,15.1,14.85,40
14400470070,藤沢平塚,丸子中山茅ヶ崎,相模原茅ヶ崎,14321,0,0.7,,17733,,18473,36206,1.41,1.74,17,15.5,15,40
14400470080,藤沢平塚,相模原茅ヶ崎,藤沢平塚,14321,0,0.8,,17733,,18473,36206,1.41,1.74,14.6,7.6,15,40
14400470090,藤沢平塚,藤沢平塚,寒川町・平塚市境,14321,0,0.2,平塚市田村7丁目31-18,11915,平塚市田村7丁目31-18,10774,22689,1.34,1.45,20.9,14.3,14,40
14400470100,藤沢平塚,寒川町・平塚市境,一般国道１２９号,14203,0,0.9,平塚市田村7丁目31-18,11915,平塚市田村7丁目31-18,10774,22689,1.34,1.4,16.9,12,14,40
14400470120,藤沢平塚,伊勢原藤沢,藤沢平塚,14321,0,2,,4476,,5838,10314,1.3,0.79,19.7,20.1,10,40
14400480010,鍛冶谷相模原,鍛冶谷相模原線,一般国道４１３号,14151,0,2.5,相模原市中央区田名2224-3,6214,相模原市中央区田名2224-3,6370,12584,1.31,1.1,28.5,24.5,12.8,40
14400480020,鍛冶谷相模原,一般国道４１３号,厚木城山,14151,0,0.4,相模原市中央区田名2224-3,6214,相模原市中央区田名2224-3,6370,12584,1.31,1.03,7.3,12.7,12.5,40
14400480030,鍛冶谷相模原,厚木城山,長竹川尻,14151,0,0.3,相模原市中央区田名2224-3,6214,相模原市中央区田名2224-3,6370,12584,1.31,1.03,10.8,10,12.5,40
14400480040,鍛冶谷相模原,長竹川尻,相模原市緑区・相模原市中央区境,14151,0,3.8,相模原市中央区田名2224-3,6214,相模原市中央区田名2224-3,6370,12584,1.31,1.03,19.2,18.6,12.5,40
14400480050,鍛冶谷相模原,相模原市緑区・相模原市中央区境,相模原大磯,14152,0,1.1,相模原市中央区田名2224-3,6214,相模原市中央区田名2224-3,6370,12584,1.31,1.06,24.6,17.4,10.6,40
14400480060,鍛冶谷相模原,相模原大磯,相模原愛川,14152,0,0.2,相模原市中央区田名塩田3-23,3504,相模原市中央区田名塩田3-23,3575,7079,1.37,0.79,13.7,10.5,10.6,40
14400480070,鍛冶谷相模原,相模原愛川,相模原市中央区・相模原市南区境,14152,0,3.4,相模原市中央区田名塩田3-23,3504,相模原市中央区田名塩田3-23,3575,7079,1.37,0.79,25.5,30.1,10.6,40
14400480080,鍛冶谷相模原,相模原市中央区・相模原市南区境,相模原町田,14153,0,1.1,相模原市中央区田名塩田3-23,3504,相模原市中央区田名塩田3-23,3575,7079,1.37,0.75,25.5,30.1,7.6,40
14400500010,座間大和,町田厚木,座間市・大和市境,14216,0,1.8,座間市相模が丘6丁目39,9044,座間市相模が丘6丁目39,7304,16348,1.33,1.49,12.9,7.4,15.85,40
14400500020,座間大和,座間市・大和市境,目黒町町田,14213,0,3,座間市相模が丘6丁目39,9044,座間市相模が丘6丁目39,7304,16348,1.33,1.41,14,13.8,15.85,40
14400510010,町田厚木,町田厚木線,一般国道１６号,14153,0,0.9,相模原市南区上鶴間本町1丁目37,6103,相模原市南区上鶴間本町1丁目37,7324,13427,1.32,1.12,18.1,13.1,11.8,40
14400510020,町田厚木,一般国道１６号,,14153,0,2.7,座間市相模が丘1-25-3,8401,座間市相模が丘1-25-3,8751,17152,1.33,0.9,13.3,15.4,11.8,40
14400510030,町田厚木,,座間大和,14216,0,1,座間市相模が丘1－26,8477,座間市相模が丘1－26,9047,17524,1.35,0.98,14.5,14.7,12.25,40
14400510040,町田厚木,座間大和,町田厚木,14216,0,1.8,座間市相武台1丁目32-2,8132,座間市相武台1丁目32-2,7282,15414,1.32,0.8,11.7,10.3,16.85,40
14400510050,町田厚木,町田厚木,藤沢座間厚木,14216,0,1.5,座間市相武台1丁目32-2,8132,座間市相武台1丁目32-2,7282,15414,1.32,0.8,34.2,30.8,16.85,40
14400510060,町田厚木,藤沢座間厚木,町田厚木,14216,0,0.4,座間市相武台1丁目32-2,8132,座間市相武台1丁目32-2,7282,15414,1.32,0.8,16.2,17.4,16.85,40
14400510080,町田厚木,町田厚木,相模原茅ヶ崎,14216,0,1.2,,4562,,5950,10512,1.3,0.82,23.7,14.6,16.85,40
14400510090,町田厚木,相模原茅ヶ崎,藤沢座間厚木,14216,0,0.5,,4562,,5950,10512,1.3,0.82,11.4,15.7,16.85,40
14400510100,町田厚木,藤沢座間厚木,藤沢座間厚木,14216,0,0.4,,4562,,5950,10512,1.3,0.82,17.9,20.3,16.85,40
14400510110,町田厚木,藤沢座間厚木,町田厚木,14216,0,0.3,,4562,,5950,10512,1.3,0.82,17.2,10.1,16.85,40
14400510120,町田厚木,町田厚木,座間市・海老名市境,14216,0,1.2,海老名市下今泉3丁目5,8671,海老名市下今泉3丁目5,9552,18223,1.34,1.19,22.1,15.7,13.1,40
14400510130,町田厚木,座間市・海老名市境,一般国道２４６号,14215,0,0.8,海老名市下今泉3丁目5,8671,海老名市下今泉3丁目5,9552,18223,1.34,1.36,16.1,12.9,13.1,40
14400510140,町田厚木,一般国道２４６号,横浜厚木,14215,0,1.7,海老名市下今泉3丁目5,8671,海老名市下今泉3丁目5,9552,18223,1.34,1.36,14.9,16.8,13.1,40
14400510150,町田厚木,横浜厚木,藤沢厚木,14215,0,0.9,海老名市河原口1丁目11?19,10316,海老名市河原口1丁目11?19,10125,20441,1.45,1.3,12.4,6.3,15,40
14400510160,町田厚木,藤沢厚木,海老名市・厚木市境,14215,0,0.6,海老名市河原口1丁目11?19,10316,海老名市河原口1丁目11?19,10125,20441,1.45,1.3,8.6,9.6,15,40
14400510170,町田厚木,海老名市・厚木市境,藤沢厚木,14212,0,0.2,海老名市河原口1丁目11?19,10316,海老名市河原口1丁目11?19,10125,20441,1.45,1.41,12.1,8.8,15,40
14400520010,相模原町田,鍛冶谷相模原,厚木城山,14153,0,0.6,神奈川県相模原市南区当麻2313-1,6398,神奈川県相模原市南区当麻2313-1,7781,14179,1.32,1.27,7,24.6,13.6,40
14400520020,相模原町田,厚木城山,相模原茅ヶ崎,14153,0,0.9,相模原市南区麻溝台1-2-5,7762,相模原市南区麻溝台1-2-5,8670,16432,1.33,1.33,18.7,12.6,10.5,40
14400520030,相模原町田,相模原茅ヶ崎,相武台相模原,14153,0,2.1,相模原市南区麻溝台1-2-5,7762,相模原市南区麻溝台1-2-5,8670,16432,1.33,1.33,9.6,11,10.5,40
14400520040,相模原町田,相武台相模原,市道古淵麻溝台,14153,0,2,相模原市南区麻溝台1-2-5,7762,相模原市南区麻溝台1-2-5,8670,16432,1.33,1.08,13.2,8.1,16,40
14400520050,相模原町田,市道古淵麻溝台,一般国道１６号,14153,0,1.9,相模原市南区麻溝台1-2-5,7762,相模原市南区麻溝台1-2-5,8670,16432,1.33,1.08,11.8,13.4,16,40
14400520060,相模原町田,一般国道１６号,相模原町田線,14153,0,0.6,相模原市南区鵜野森1-38-1,6430,相模原市南区鵜野森1-38-1,8180,14610,1.32,1.13,5.2,12.7,16,40
14400540010,相模原愛川,相模原茅ヶ崎,一般国道１２９号,14152,0,0.8,相模原市中央区田名4093-1,9105,相模原市中央区田名4093-1,10312,19417,1.35,1.69,8.7,9,16,40
14400540020,相模原愛川,一般国道１２９号,鍛冶谷相模原,14152,0,1.4,相模原市中央区田名4093-1,9105,相模原市中央区田名4093-1,10312,19417,1.35,1.69,10.9,18,16,40
14400540030,相模原愛川,鍛冶谷相模原,相模原大磯,14152,0,0.3,相模原市中央区田名4093-1,9105,相模原市中央区田名4093-1,10312,19417,1.35,1.69,11.5,13.5,16,40
14400540050,相模原愛川,相模原大磯,厚木愛川津久井,14401,0,1.9,愛甲郡愛川町角田2408,3843,愛甲郡愛川町角田2408,3512,7355,1.32,0.47,25.8,28.4,12.1,40
14400540060,相模原愛川,厚木愛川津久井,相模原愛川,14401,0,2.8,愛甲郡愛川町角田2408,3843,愛甲郡愛川町角田2408,3512,7355,1.32,0.47,32.3,28.8,12.1,40
14400540070,相模原愛川,相模原愛川,一般国道４１２号,14401,0,4.1,愛甲郡愛川町田代431,2814,愛甲郡愛川町田代431,3238,6052,1.27,0.39,32.3,31.3,10.5,40
14400540090,相模原愛川,相模原愛川,一般国道４１２号,14401,0,0.7,愛甲郡愛川町田代431,2814,愛甲郡愛川町田代431,3238,6052,1.27,0.33,15,25.2,12.1,40
14400560010,目黒町町田,一般国道２４６号,,14114,0,0,,5523,,4299,9822,1.3,0.89,12.6,12.4,15,40
14400560020,目黒町町田,,座間大和,14213,0,0.5,大和市下鶴間253,6644,大和市下鶴間253,7607,14251,1.3,0.56,10.1,12.9,17.85,40
14400560030,目黒町町田,座間大和,一般国道１６号,14213,0,1.3,大和市下鶴間253,6644,大和市下鶴間253,7607,14251,1.3,0.56,16.7,20.3,17.85,40
14400560050,目黒町町田,一般国道１６号,目黒町町田線,14213,0,0.7,,8448,,8310,16758,1.33,0.61,19.2,25.4,19.75,40
14400570010,相模原大蔵町,相模原茅ヶ崎,相武台相模原,14152,0,1.6,相模原市中央区陽光台2丁目2-2,5376,相模原市中央区陽光台2丁目2-2,5312,10688,1.31,0.73,12.2,14.6,15,40
14400570020,相模原大蔵町,相武台相模原,一般国道１６号,14152,0,1.7,相模原市中央区陽光台2丁目2-2,5376,相模原市中央区陽光台2丁目2-2,5312,10688,1.31,0.73,13.6,13.5,15,40
14400570030,相模原大蔵町,一般国道１６号,淵野辺停車場,14152,0,0.7,相模原市中央区淵野辺本町3-30-6,4445,相模原市中央区淵野辺本町3-30-6,4911,9356,1.3,0.9,9.7,7.7,15,40
14400570040,相模原大蔵町,淵野辺停車場,相模原大蔵町線,14152,0,1.2,相模原市中央区淵野辺本町3-30-6,4445,相模原市中央区淵野辺本町3-30-6,4911,9356,1.3,0.9,11.7,22.8,15,40
14400600010,厚木清川,藤沢厚木,一般国道２４６号,14212,0,0.2,,5332,,4740,10072,1.3,0.85,9.6,6.1,15.1,40
14400600030,厚木清川,一般国道４１２号,相模原大磯,14212,0,2.4,厚木市林3丁目6-47,3843,厚木市林3丁目6-47,5352,9195,1.3,0.77,21.4,17.9,15.1,40
14400600040,厚木清川,相模原大磯,厚木市・清川村境,14212,0,4.9,厚木市飯山5749,3169,厚木市飯山5749,3087,6256,1.26,0.58,34.2,37,11.35,30
14400600050,厚木清川,厚木市・清川村境,伊勢原津久井,14402,0,1.8,厚木市飯山5749,3169,厚木市飯山5749,3087,6256,1.26,0.78,45.9,43.5,11.35,30
14400610010,平塚伊勢原,一般国道１３４号,一般国道１号,14203,0,1.9,平塚市桃浜町10-14,5560,平塚市桃浜町10-14,5196,10756,1.31,0.36,17.8,18.7,22.75,40
14400610020,平塚伊勢原,一般国道１号,下粕屋平塚,14203,0,3.1,平塚市豊原町4-5,6550,平塚市豊原町4-5,7157,13707,1.32,0.7,18.3,14.3,21,40
14400610030,平塚伊勢原,下粕屋平塚,平塚市・伊勢原市境,14203,0,1.7,平塚市城所1121-5,5457,平塚市城所1121-5,5640,11097,1.3,0.67,24,27.4,17.25,40
14400610040,平塚伊勢原,平塚市・伊勢原市境,相模原大磯,14214,0,0.2,平塚市城所1121-5,5457,平塚市城所1121-5,5640,11097,1.3,0.67,41.5,38.3,17.25,40
14400610050,平塚伊勢原,相模原大磯,一般国道２４６号,14214,0,3.6,伊勢原市東大竹931　,5297,伊勢原市東大竹931　,5387,10684,1.34,0.78,16.5,17.5,17.25,40
14400620010,平塚秦野,一般国道１３４号,平塚市・大磯町境,14203,0,0.9,平塚市撫子原1-22,5725,平塚市撫子原1-22,6475,12200,1.31,0.9,19.7,30.6,12.8,40
14400620020,平塚秦野,平塚市・大磯町境,一般国道１号,14341,0,0.3,平塚市撫子原1-22,5725,平塚市撫子原1-22,6475,12200,1.31,0.96,28.3,10.5,12.8,40
14400620040,平塚秦野,一般国道１号,大磯町・平塚市境,14341,0,0.1,平塚市上平塚1-70　,8440,平塚市上平塚1-70　,8794,17234,1.33,0.9,11.3,21.8,15.5,40
14400620050,平塚秦野,大磯町・平塚市境,一般国道２７１号(小田原厚木道路),14203,0,4.6,平塚市上平塚1-70　,8440,平塚市上平塚1-70　,8794,17234,1.33,0.81,20.6,18.5,15.5,40
14400620060,平塚秦野,一般国道２７１号(小田原厚木道路),,14203,0,0.4,平塚市上平塚1-70　,8440,平塚市上平塚1-70　,8794,17234,1.33,0.81,29.8,10.7,15.5,40
14400620070,平塚秦野,,相模原大磯,14203,0,0.1,平塚市南金目907　　,9989,平塚市南金目907　　,8070,18059,1.33,1.2,19.5,10,12.5,40
14400620080,平塚秦野,相模原大磯,上粕屋南金目,14203,0,1.1,平塚市南金目907　　,9989,平塚市南金目907　　,8070,18059,1.33,1.2,12.1,24.4,12.5,40
14400620090,平塚秦野,上粕屋南金目,平塚松田,14203,0,1.6,平塚市南金目907　　,9989,平塚市南金目907　　,8070,18059,1.33,1.2,21.5,18.5,12.5,40
14400620100,平塚秦野,平塚松田,平塚市・秦野市境,14203,0,0.2,秦野市下大槻1110,6966,秦野市下大槻1110,6557,13523,1.32,0.9,16.6,26.3,10.3,40
14400620110,平塚秦野,平塚市・秦野市境,曽屋鶴巻,14211,0,1.8,秦野市下大槻1110,6966,秦野市下大槻1110,6557,13523,1.32,1.07,34.3,35.1,13.1,40
14400620120,平塚秦野,曽屋鶴巻,秦野二宮,14211,0,1.5,秦野市下大槻1110,6966,秦野市下大槻1110,6557,13523,1.32,1.07,28.1,12.4,13.1,40
14400620130,平塚秦野,秦野二宮,秦野二宮,14211,0,0.9,秦野市今泉1312-1,9449,秦野市今泉1312-1,10002,19451,1.34,1.36,17.8,22.1,15,40
14400620140,平塚秦野,秦野二宮,一般国道２４６号,14211,0,3.5,秦野市今泉1312-1,9449,秦野市今泉1312-1,10002,19451,1.34,1.36,18.7,19.4,15,40
14400630010,相模原大磯,一般国道１６号,相模原市緑区・相模原市中央区境,14151,0,0.7,相模原市中央区田名2804-9,7489,相模原市中央区田名2804-9,6871,14360,1.32,1,13.3,22.2,8.6,40
14400630020,相模原大磯,相模原市緑区・相模原市中央区境,相模原市中央区・相模原市緑区境,14152,0,0.3,相模原市中央区田名2804-9,7489,相模原市中央区田名2804-9,6871,14360,1.32,0.93,20,18.7,9.2,40
14400630030,相模原大磯,相模原市中央区・相模原市緑区境,厚木城山,14151,0,0.4,相模原市中央区田名2804-9,7489,相模原市中央区田名2804-9,6871,14360,1.32,0.89,17.7,16.1,9,40
14400630040,相模原大磯,厚木城山,厚木城山,14151,0,0.4,相模原市中央区田名2804-9,7489,相模原市中央区田名2804-9,6871,14360,1.32,0.89,11.2,13.1,9,40
14400630050,相模原大磯,厚木城山,鍛冶谷相模原,14152,0,2.4,相模原市中央区田名2804-9,7489,相模原市中央区田名2804-9,6871,14360,1.32,0.97,15.1,17.3,10,40
14400630060,相模原大磯,鍛冶谷相模原,相模原愛川,14152,0,0.3,相模原市中央区田名2804-9,7489,相模原市中央区田名2804-9,6871,14360,1.32,0.97,13,9.8,10,40
14400630070,相模原大磯,相模原愛川,相模原市中央区・愛川町境,14152,0,1.3,相模原市中央区水郷田名3丁目26?5,8785,相模原市中央区水郷田名3丁目26?5,8413,17198,1.33,0.91,23.1,7.5,15.9,40
14400630080,相模原大磯,相模原市中央区・愛川町境,相模原愛川,14401,0,0.2,,8366,,7562,15928,1.33,0.7,22.1,10.1,15.9,40
14400630090,相模原大磯,相模原愛川,太井上依知,14401,0,0.2,厚木市棚沢634-2,3367,厚木市棚沢634-2,4453,7820,1.3,0.75,5.1,14.6,12.85,30
14400630100,相模原大磯,太井上依知,厚木愛川津久井,14401,0,1.9,厚木市棚沢634-2,3367,厚木市棚沢634-2,4453,7820,1.3,0.75,18.1,23.3,12.85,30
14400630110,相模原大磯,厚木愛川津久井,厚木愛川津久井,14401,0,2.5,厚木市棚沢634-2,3367,厚木市棚沢634-2,4453,7820,1.3,0.75,20.5,20.6,12.85,30
14400630120,相模原大磯,厚木愛川津久井,愛川町・厚木市境,14401,0,1.4,厚木市棚沢634-2,3367,厚木市棚沢634-2,4453,7820,1.3,0.75,18.4,22.7,12.85,30
14400630130,相模原大磯,愛川町・厚木市境,厚木市道,14212,0,2.7,厚木市棚沢634-2,3367,厚木市棚沢634-2,4453,7820,1.3,0.8,11.7,11.5,12.85,30
14400630140,相模原大磯,厚木市道,一般国道４１２号,14212,0,0.9,厚木市棚沢634-2,3367,厚木市棚沢634-2,4453,7820,1.3,0.8,13,13.8,12.85,30
14400630150,相模原大磯,一般国道４１２号,厚木清川,14212,0,0.5,厚木市飯山595-1　,8327,厚木市飯山595-1　,9488,17815,1.33,0.9,14.8,9.8,13.75,30
14400630160,相模原大磯,厚木清川,上粕屋厚木,14212,0,4.6,厚木市飯山595-1　,8327,厚木市飯山595-1　,9488,17815,1.33,0.9,17.9,18.7,13.75,30
14400630170,相模原大磯,上粕屋厚木,厚木市・伊勢原市境,14212,0,1.6,伊勢原市西富岡540,5669,伊勢原市西富岡540,5753,11422,1.3,0.82,18.3,24.8,13.75,30
14400630180,相模原大磯,厚木市・伊勢原市境,伊勢原津久井,14214,0,0.6,伊勢原市西富岡540,5669,伊勢原市西富岡540,5753,11422,1.3,0.75,33,27.8,13.75,30
14400630190,相模原大磯,伊勢原津久井,上粕屋厚木,14214,0,0.9,伊勢原市上粕屋236-1,7322,伊勢原市上粕屋236-1,7627,14949,1.32,1.16,15.6,25,13.5,40
14400630200,相模原大磯,上粕屋厚木,一般国道２４６号,14214,0,1.6,伊勢原市上粕屋236-1,7322,伊勢原市上粕屋236-1,7627,14949,1.32,1.16,21.1,13.5,13.5,40
14400630220,相模原大磯,一般国道２４６号,伊勢原市・平塚市境,14214,0,2.2,伊勢原市東大竹1544-3,5146,伊勢原市東大竹1544-3,4807,9953,1.3,0.75,16.3,21.2,11.1,40
14400630230,相模原大磯,伊勢原市・平塚市境,平塚秦野,14203,0,2.4,伊勢原市東大竹1544-3,5146,伊勢原市東大竹1544-3,4807,9953,1.3,0.7,21.3,18.5,11.1,40
14400630240,相模原大磯,平塚秦野,公所大磯,14203,0,1.4,平塚市広川65-1,6540,平塚市広川65-1,7435,13975,1.31,0.89,11.7,29,11.1,40
14400630250,相模原大磯,公所大磯,平塚市・大磯町境,14203,0,2.6,平塚市下吉沢14,4585,平塚市下吉沢14,4873,9458,1.3,1.15,24.9,29.6,11.1,40
14400630260,相模原大磯,平塚市・大磯町境,大磯町道,14341,0,2.2,平塚市下吉沢14,4585,平塚市下吉沢14,4873,9458,1.3,1.14,38.5,34.3,11.1,40
14400630270,相模原大磯,大磯町道,一般国道１号,14341,0,1.4,中郡大磯町月京6-10,5504,中郡大磯町月京6-10,4953,10457,1.3,0.82,19.5,19.2,11.1,40
14400630290,相模原大磯,一般国道１２９号,愛甲石田停車場酒井,14212,0,1.2,伊勢原市東成瀬49-12,7191,伊勢原市東成瀬49-12,4879,12070,1.31,1.29,12,12.9,9.3,40
14400630300,相模原大磯,愛甲石田停車場酒井,一般国道２７１号(小田原厚木道路),14212,0,0.3,伊勢原市東成瀬49-12,7191,伊勢原市東成瀬49-12,4879,12070,1.31,0.67,15.1,10.1,14,40
14400630310,相模原大磯,一般国道２７１号(小田原厚木道路),相模原大磯,14212,0,0.4,伊勢原市東成瀬49-12,7191,伊勢原市東成瀬49-12,4879,12070,1.31,0.67,10.2,21.3,14,40
14400630320,相模原大磯,相模原大磯,相模原大磯,14214,0,3.6,伊勢原市東成瀬49-12,7191,伊勢原市東成瀬49-12,4879,12070,1.31,1.23,30.1,31.6,6.7,40
14400630330,相模原大磯,相模原大磯,伊勢原市・平塚市境,14214,0,0.7,平塚市小鍋島1187-1,5768,平塚市小鍋島1187-1,4767,10535,1.3,0.89,17,39.8,7.7,40
14400630340,相模原大磯,伊勢原市・平塚市境,平塚伊勢原,14203,0,1.1,平塚市小鍋島1187-1,5768,平塚市小鍋島1187-1,4767,10535,1.3,0.82,42.4,39.7,11.2,40
14400630350,相模原大磯,平塚伊勢原,伊勢原市・平塚市境,14214,0,0.5,伊勢原市岡崎4782,5626,伊勢原市岡崎4782,4543,10169,1.3,1.14,36.9,39,7.7,40
14400630360,相模原大磯,伊勢原市・平塚市境,相模原大磯,14203,0,0.5,平塚市岡崎1265,3563,平塚市岡崎1265,5258,8821,1.3,0.92,31.9,16,7.7,40
14400630370,相模原大磯,相模原大磯,一般国道２７１号(小田原厚木道路),14203,0,1.3,平塚市岡崎1265,3563,平塚市岡崎1265,5258,8821,1.3,0.92,25.9,25.3,7.7,40
14400630400,相模原大磯,相模原大磯,相模原大磯,14214,0,3.5,伊勢原市石田1830,2952,伊勢原市石田1830,5868,8820,1.29,0.81,39.2,39.1,7.8,40
14400630410,相模原大磯,相模原大磯,伊勢原市・平塚市境,14214,0,0.6,平塚市小鍋島1275,4925,平塚市小鍋島1275,6418,11343,1.3,1.22,28.8,42.8,7.8,40
14400630420,相模原大磯,伊勢原市・平塚市境,平塚伊勢原,14203,0,1.2,平塚市小鍋島1275,4925,平塚市小鍋島1275,6418,11343,1.3,1.22,41.6,34.7,7.8,40
14400630430,相模原大磯,平塚伊勢原,伊勢原市・平塚市境,14214,0,0.5,伊勢原市岡崎4760-1,5310,伊勢原市岡崎4760-1,5176,10486,1.29,1.12,32.8,38.3,7.8,40
14400630440,相模原大磯,伊勢原市・平塚市境,相模原大磯,14203,0,0.5,平塚市岡崎3871-3,4096,平塚市岡崎3871-3,4614,8710,1.33,1.04,38.6,10.7,7.8,40
14400640010,伊勢原津久井,相模原大磯,伊勢原市・厚木市境,14214,0,1.4,伊勢原市日向70 ,4003,伊勢原市日向70 ,3790,7793,1.27,0.67,22.9,35.4,11.5,30
14400640020,伊勢原津久井,伊勢原市・厚木市境,厚木市・清川村境,14212,0,3.5,厚木市七沢2110-4,3360,厚木市七沢2110-4,3566,6926,1.26,0.79,32.9,29.7,11.5,30
14400640030,伊勢原津久井,厚木市・清川村境,厚木清川,14402,0,1.1,厚木市七沢2110-4,3360,厚木市七沢2110-4,3566,6926,1.26,1.03,41.5,32,11.5,30
14400640040,伊勢原津久井,厚木清川,宮ケ瀬愛川,14402,0,8,愛甲郡清川村煤ヶ谷1116-12,3446,愛甲郡清川村煤ヶ谷1116-12,3737,7183,1.28,0.89,39.5,40.5,11.1,30
14400640050,伊勢原津久井,宮ケ瀬愛川,秦野清川,14402,0,0.9,愛甲郡清川村煤ヶ谷1116-12,3446,愛甲郡清川村煤ヶ谷1116-12,3737,7183,1.28,0.89,46.3,44.1,11.1,30
14400640060,伊勢原津久井,秦野清川,,14402,0,2.3,愛甲郡清川村宮ヶ瀬940-16,1270,愛甲郡清川村宮ヶ瀬940-16,1204,2474,1.2,0.3,52.4,53,9.3,30
14400640070,伊勢原津久井,,鳥屋川尻,14151,0,2.1,相模原市緑区鳥屋1064,1501,相模原市緑区鳥屋1064,1456,2957,1.23,0.5,37.4,41.9,12,40
14400640080,伊勢原津久井,鳥屋川尻,一般国道４１３号,14151,0,2.5,相模原市緑区鳥屋1064,1501,相模原市緑区鳥屋1064,1456,2957,1.23,0.5,36.2,38,12,40
14400650010,厚木愛川津久井,一般国道１２９号,厚木市・愛川町境,14212,0,1.4,厚木市下川入37,2844,厚木市下川入37,2813,5657,1.26,0.56,12.6,14.6,13.35,40
14400650020,厚木愛川津久井,厚木市・愛川町境,相模原大磯,14401,0,0.8,厚木市下川入37,2844,厚木市下川入37,2813,5657,1.26,0.48,33.4,28.2,10.55,40
14400650040,厚木愛川津久井,相模原大磯,相模原愛川,14401,0,0.8,,1216,,1428,2644,1.21,0.46,29.8,23.1,10.25,40
14400650050,厚木愛川津久井,相模原愛川,,14401,0,4.4,,1216,,1428,2644,1.21,0.46,40.4,42.7,10.25,40
14400650060,厚木愛川津久井,,長竹川尻,14151,0,2.8,相模原市緑区中野6,2002,相模原市緑区中野6,1892,3894,1.22,0.49,48.8,49.6,8.7,40
14400650065,厚木愛川津久井,長竹川尻,長竹川尻,14151,0,0.8,相模原市緑区中野6,2002,相模原市緑区中野6,1892,3894,1.22,0.49,24.1,25.7,8.7,40
14400650070,厚木愛川津久井,長竹川尻,一般国道４１３号,14151,0,2,相模原市緑区中野6,2002,相模原市緑区中野6,1892,3894,1.22,0.49,30.3,24.3,8.7,40
14400650090,厚木愛川津久井,一般国道４１３号,鳥屋川尻,14151,0,0.2,相模原市緑区中野1007,2200,相模原市緑区中野1007,2278,4478,1.25,0.44,12.2,21.3,6.6,30
14400650100,厚木愛川津久井,鳥屋川尻,一般国道４１３号,14151,0,1.1,相模原市緑区中野1007,2200,相模原市緑区中野1007,2278,4478,1.25,0.44,23.4,23.5,6.6,30
14400700010,秦野清川,一般国道２４６号,大山秦野,14211,0,2.1,,779,,770,1549,1.22,0.21,25.9,30.1,10.6,30
14400700020,秦野清川,大山秦野,秦野市・清川村境,14211,0,15.6,,779,,770,1549,1.22,0.21,,,10.6,30
14400700030,秦野清川,秦野市・清川村境,伊勢原津久井,14402,0,12.5,,779,,770,1549,1.22,0.21,,,10.6,30
14400710010,秦野二宮,一般国道２４６号,秦野停車場,14211,0,0.4,秦野市曽屋3525-12,8587,秦野市曽屋3525-12,6852,15439,1.33,0.72,17.5,19.7,19.75,50
14400710020,秦野二宮,秦野停車場,平塚秦野,14211,0,1.1,秦野市曽屋3525-12,8587,秦野市曽屋3525-12,6852,15439,1.33,0.72,27.8,20.2,19.75,50
14400710040,秦野二宮,平塚秦野,東名高速道路,14211,0,0.8,秦野市西大竹116-1,13927,秦野市西大竹116-1,11734,25661,1.37,0.94,22.5,21,21,50
14400710050,秦野二宮,東名高速道路,秦野市・中井町境,14211,0,0.3,秦野市西大竹766,10569,秦野市西大竹766,11630,22199,1.35,0.93,12.5,35.2,21,50
14400710060,秦野二宮,秦野市・中井町境,平塚松田,14361,0,1.6,秦野市西大竹766,10569,秦野市西大竹766,11630,22199,1.35,1.01,30.2,34.4,19.6,50
14400710070,秦野二宮,平塚松田,中井町・二宮町境,14361,0,1.8,足柄上郡中井町井ノ口3408,6701,足柄上郡中井町井ノ口3408,6556,13257,1.32,0.58,42.9,51.1,19.6,50
14400710080,秦野二宮,中井町・二宮町境,二宮町道,14342,0,1.7,足柄上郡中井町井ノ口3408,6701,足柄上郡中井町井ノ口3408,6556,13257,1.32,0.56,28.1,22.5,22.6,50
14400710090,秦野二宮,二宮町道,一般国道１号,14342,0,1.9,中郡二宮町二宮1264-28,6920,中郡二宮町二宮1264-28,5566,12486,1.33,0.92,20.2,16.8,9.3,40
14400710110,秦野二宮,平塚松田,,14361,0,1.8,,537,,535,1072,1.21,0.19,30.4,32.4,11,30
14400720010,松田国府津,一般国道２４６号,松田停車場,14363,0,1,足柄上郡松田町松田惣領1192-5,5451,足柄上郡松田町松田惣領1192-5,5600,11051,1.31,1.08,31.4,32.4,11.5,40
14400720020,松田国府津,松田停車場,松田停車場,14363,0,0.6,足柄上郡松田町松田惣領1192-5,5451,足柄上郡松田町松田惣領1192-5,5600,11051,1.31,1.08,14.9,14,11.5,40
14400720030,松田国府津,松田停車場,小田原松田,14363,0,0.1,足柄上郡松田町松田惣領1192-5,5451,足柄上郡松田町松田惣領1192-5,5600,11051,1.31,1.08,13.2,13.1,11.5,40
14400720040,松田国府津,小田原松田,松田町道,14363,0,0.7,足柄上郡松田町松田惣領1192-5,5451,足柄上郡松田町松田惣領1192-5,5600,11051,1.31,1.08,20.4,13.7,11.5,40
14400720050,松田国府津,松田町道,平塚松田,14363,0,0.2,足柄上郡松田町松田惣領1192-5,5451,足柄上郡松田町松田惣領1192-5,5600,11051,1.31,1.08,7.9,9.9,11.5,40
14400720060,松田国府津,平塚松田,松田町・大井町境,14363,0,0.3,足柄上郡松田町松田惣領1192-5,5451,足柄上郡松田町松田惣領1192-5,5600,11051,1.31,1.08,29.2,35.8,11.5,40
14400720070,松田国府津,松田町・大井町境,一般国道２５５号,14362,0,0.7,足柄上郡松田町松田惣領1192-5,5451,足柄上郡松田町松田惣領1192-5,5600,11051,1.31,0.81,35.7,18.8,9.5,40
14400720090,松田国府津,一般国道２５５号,大井町・小田原市境,14362,0,1.4,足柄上郡大井町上大井956,5043,足柄上郡大井町上大井956,5307,10350,1.37,0.75,32.1,34.5,13.85,40
14400720100,松田国府津,大井町・小田原市境,栢山停車場曽我,14206,0,0.1,,4198,,4130,8328,1.3,0.78,28.4,30.7,13.85,40
14400720110,松田国府津,栢山停車場曽我,成田下曽我停車場,14206,0,2.4,,4198,,4130,8328,1.3,0.78,35.5,31.6,13.85,40
14400720120,松田国府津,成田下曽我停車場,沼田国府津,14206,0,3.3,小田原市国府津1920-1,2998,小田原市国府津1920-1,2822,5820,1.26,0.51,34.5,32.9,13.85,40
14400720130,松田国府津,沼田国府津,一般国道１号,14206,0,0.6,小田原市国府津1920-1,2998,小田原市国府津1920-1,2822,5820,1.26,0.51,20.6,12.7,13.85,40
14400730010,小田原停車場,,小田原山北,14206,0,0.2,小田原市城内6-1,6609,小田原市城内6-1,6208,12817,1.31,0.87,17.8,9,15.5,30
14400730020,小田原停車場,小田原山北,一般国道１号,14206,0,1,小田原市城内6-1,6609,小田原市城内6-1,6208,12817,1.31,0.87,16,11.3,15.5,30
14400740040,小田原山北,怒田開成小田原,小田原山北,14206,0,0.1,,10912,,10087,20999,1.34,1.52,13.1,11,10.25,40
14400740050,小田原山北,小田原山北,小田原市・南足柄市境,14206,0,2.5,,10912,,10087,20999,1.34,1.52,18,23.6,10.25,40
14400740060,小田原山北,小田原市・南足柄市境,沼田国府津,14217,0,0.7,,10912,,10087,20999,1.34,1.28,17,16.4,10.25,40
14400740070,小田原山北,沼田国府津,栢山停車場塚原,14217,0,1.6,南足柄市塚原1647,7141,南足柄市塚原1647,6712,13853,1.32,1.05,18.3,18.2,9.85,40
14400740080,小田原山北,栢山停車場塚原,関本小涌谷,14217,0,2.4,南足柄市塚原1647,7141,南足柄市塚原1647,6712,13853,1.32,1.05,21.9,25.3,9.85,40
14400740090,小田原山北,関本小涌谷,御殿場大井,14217,0,0.3,南足柄市塚原1647,7141,南足柄市塚原1647,6712,13853,1.32,1.05,16.7,13.5,9.85,40
14400740100,小田原山北,御殿場大井,御殿場大井,14217,0,0.2,,3809,,4061,7870,1.29,1.01,10.3,16.3,9.85,40
14400740110,小田原山北,御殿場大井,怒田開成小田原,14217,0,3,,3809,,4061,7870,1.29,1.01,25.6,28.9,9.85,40
14400740120,小田原山北,怒田開成小田原,南足柄市・山北町境,14217,0,0.1,足柄上郡山北町岸1815,3923,足柄上郡山北町岸1815,3977,7900,1.29,1.01,18.4,22.2,9.85,40
14400740130,小田原山北,南足柄市・山北町境,東山北停車場,14364,0,0.1,足柄上郡山北町岸1815,3923,足柄上郡山北町岸1815,3977,7900,1.29,0.97,15,29.5,11.35,40
14400740140,小田原山北,東山北停車場,一般国道２４６号,14364,0,1.9,足柄上郡山北町岸1815,3923,足柄上郡山北町岸1815,3977,7900,1.29,0.97,24.3,22.6,11.35,40
14400740150,小田原山北,一般国道２４６号,山北藤野,14364,0,0.4,足柄上郡山北町岸1815,3923,足柄上郡山北町岸1815,3977,7900,1.29,0.97,,,11.35,40
14400740010,小田原山北,小田原停車場,小田原市道,14206,0,0.9,小田原市荻窪586　　,9276,小田原市荻窪586　　,9433,18709,1.34,1.45,13.9,15.1,13.1,30
14400740020,小田原山北,小田原市道,小田原山北,14206,0,2.2,小田原市荻窪586　　,9276,小田原市荻窪586　　,9433,18709,1.34,1.45,16.1,13.9,13.1,30
14400750010,湯河原箱根仙石原,一般国道１３５号,湯河原町道,14384,0,1.9,足柄下郡湯河原町土肥1丁目9-16　,4871,足柄下郡湯河原町土肥1丁目9-16　,5285,10156,1.3,0.84,18.6,19.2,13.6,40
14400750020,湯河原箱根仙石原,湯河原町道,湯河原町道,14384,0,3.6,足柄下郡湯河原町宮上679-18　　,578,足柄下郡湯河原町宮上679-18　　,581,1159,1.22,0.14,,,13.6,40
14400750030,湯河原箱根仙石原,湯河原町道,湯河原町・箱根町境,14384,0,14,足柄下郡湯河原町宮上679-18　　,578,足柄下郡湯河原町宮上679-18　　,581,1159,1.22,0.14,38.8,,13.6,40
14400750040,湯河原箱根仙石原,湯河原町・箱根町境,一般国道１号（箱根新道）,14382,0,3.7,足柄下郡湯河原町宮上679-18　　,578,足柄下郡湯河原町宮上679-18　　,581,1159,1.22,0.14,40.7,39.5,12,30
14400750050,湯河原箱根仙石原,一般国道１号（箱根新道）,一般国道１号,14382,0,1.3,,657,,725,1382,1.22,0.15,34.5,29,12,30
14400750070,湯河原箱根仙石原,一般国道１号,大涌谷湖尻,14382,0,7,足柄下郡箱根町元箱根138　,1534,足柄下郡箱根町元箱根138　,1429,2963,1.22,0.33,41.8,42.6,9.75,40
14400750080,湯河原箱根仙石原,大涌谷湖尻,仙石原強羅停車場,14382,0,6,,1761,,1635,3396,1.23,0.27,37.7,37.2,12,40
14400750090,湯河原箱根仙石原,仙石原強羅停車場,一般国道１３８号,14382,0,1.1,,1761,,1635,3396,1.23,0.27,30.7,24.9,12,40
14400760010,山北藤野,一般国道２４６号,小田原山北,14364,0,1.5,足柄上郡山北町山北2617　,703,足柄上郡山北町山北2617　,722,1425,1.21,0.17,36.1,37.8,9.75,40
14400760020,山北藤野,小田原山北,玄倉山北,14364,0,1.2,足柄上郡山北町山北2617　,703,足柄上郡山北町山北2617　,722,1425,1.21,0.17,35.6,28.7,9.75,40
14400760030,山北藤野,玄倉山北,一般国道２４６号,14364,0,0.4,足柄上郡山北町山北2617　,703,足柄上郡山北町山北2617　,722,1425,1.21,0.17,36.9,3.1,9.75,40
14400760050,山北藤野,一般国道２４６号,一般国道２４６号,14364,0,2.7,,1242,,1427,2669,1.21,0.32,41.2,29.8,9.25,40
14400760060,山北藤野,一般国道２４６号,川西,14364,0,0.2,,11203,,9532,20735,1.34,2.47,10.4,14.4,7.75,40
14400760070,山北藤野,川西,谷峨停車場,14364,0,0.8,,11203,,9532,20735,1.34,2.47,24,19.7,7.75,40
14400760080,山北藤野,谷峨停車場,谷峨停車場,14364,0,0.4,,11203,,9532,20735,1.34,2.47,21.6,42.8,7.75,40
14400760090,山北藤野,谷峨停車場,一般国道２４６号,14364,0,0.4,,11203,,9532,20735,1.34,2.47,37.7,21.6,7.75,40
14400760110,山北藤野,一般国道２４６号,川西,14364,0,0.4,足柄上郡山北町神縄348,920,足柄上郡山北町神縄348,1034,1954,1.2,0.27,15.6,34.1,12.75,30
14400760120,山北藤野,川西,神縄神山,14364,0,4.6,足柄上郡山北町神縄348,920,足柄上郡山北町神縄348,1034,1954,1.2,0.27,46.6,45.6,12.75,30
14400760130,山北藤野,神縄神山,神縄神山,14364,0,0.2,足柄上郡山北町神縄348,920,足柄上郡山北町神縄348,1034,1954,1.2,0.27,47.2,46.5,12.75,30
14400760140,山北藤野,神縄神山,山北山中湖,14364,0,1.6,,518,,453,971,1.2,0.12,39.4,46.5,11.25,30
14400760150,山北藤野,山北山中湖,,14364,0,9.9,,518,,453,971,1.2,0.12,38.7,41.1,11.25,30
14400760170,山北藤野,,,14364,0,2.5,,,,,,,,,,9.25,30
14400760180,山北藤野,,,14151,0,1.9,,,,,,,,,,0.5,30
14302460587,山北藤野,一般国道２４６号,一般国道２４６号,14364,0,0.6,,1714,,1440,3154,1.34,0.45,18.6,19.7,7.7,40
14400760220,山北藤野,一般国道４１３号,奥牧野相模湖,14151,0,7.4,相模原市緑区牧野4232,776,相模原市緑区牧野4232,833,1609,1.21,0.22,34.5,35.1,7.5,30
14400760230,山北藤野,奥牧野相模湖,奥牧野相模湖,14151,0,1.2,相模原市緑区牧野4232,776,相模原市緑区牧野4232,833,1609,1.21,0.22,36,35.2,7.5,30
14400760240,山北藤野,奥牧野相模湖,吉野上野原停車場,14151,0,2.3,相模原市緑区牧野4232,776,相模原市緑区牧野4232,833,1609,1.21,0.22,37.2,37.5,7.5,30
14400760250,山北藤野,吉野上野原停車場,吉野上野原停車場,14151,0,0.3,相模原市緑区牧野4232,776,相模原市緑区牧野4232,833,1609,1.21,0.22,21.5,22.1,7.5,30
14400760260,山北藤野,吉野上野原停車場,一般国道２０号,14151,0,0.6,相模原市緑区牧野4232,776,相模原市緑区牧野4232,833,1609,1.21,0.22,28.7,14.2,7.5,30
14400760200,山北藤野,,一般国道４１３号,14151,0,9.2,相模原市緑区牧野4232,776,相模原市緑区牧野4232,833,1609,1.21,0.26,36.4,38.5,5.7,30
14400760280,山北藤野,山北藤野,,14151,0,0.1,相模原市緑区牧野4232,776,相模原市緑区牧野4232,833,1609,1.21,0.25,33.9,30.7,7,30
14400760300,山北藤野,山北藤野,,14151,0,0.6,相模原市緑区牧野4232,776,相模原市緑区牧野4232,833,1609,1.21,0.26,31.7,36,6.9,30
14400770010,平塚松田,平塚秦野,平塚市・中井町境,14203,0,4.2,足柄上郡中井町井ノ口1720-1,2614,足柄上郡中井町井ノ口1720-1,2702,5316,1.25,0.61,31.8,38,10.35,30
14400770020,平塚松田,平塚市・中井町境,秦野二宮,14361,0,1.4,足柄上郡中井町井ノ口1720-1,2614,足柄上郡中井町井ノ口1720-1,2702,5316,1.25,0.63,39.2,35.2,10.35,30
14400770030,平塚松田,秦野二宮,秦野二宮,14361,0,0.3,,4354,,4615,8969,1.3,0.82,17.5,13.1,11.6,30
14400770040,平塚松田,秦野二宮,中井羽根尾,14361,0,2.6,,4354,,4615,8969,1.3,0.82,26,33.4,11.6,30
14400770050,平塚松田,中井羽根尾,中井町・大井町境,14361,0,2.3,足柄上郡中井町鴨沢515　　,5604,足柄上郡中井町鴨沢515　　,5323,10927,1.3,1.17,43.1,44.2,10.6,30
14400770060,平塚松田,中井町・大井町境,秦野大井,14362,0,3.6,足柄上郡中井町鴨沢515　　,5604,足柄上郡中井町鴨沢515　　,5323,10927,1.3,1.19,41.6,40.8,10.6,30
14400770070,平塚松田,秦野大井,大井町・松田町境,14362,0,0.9,足柄上郡中井町鴨沢515　　,5604,足柄上郡中井町鴨沢515　　,5323,10927,1.3,1.19,32,36.9,10.6,30
14400770080,平塚松田,大井町・松田町境,神縄神山,14363,0,0.7,足柄上郡中井町鴨沢515　　,5604,足柄上郡中井町鴨沢515　　,5323,10927,1.3,1.23,35.5,22.7,10.6,30
14400770090,平塚松田,神縄神山,松田国府津,14363,0,0.1,足柄上郡中井町鴨沢515　　,5604,足柄上郡中井町鴨沢515　　,5323,10927,1.3,1.23,24.1,6.5,10.6,30
14400780010,御殿場大井,御殿場大井線,御殿場大井,14217,0,2.9,,2830,,2738,5568,1.26,0.59,27.4,26.2,8.3,30
14400780020,御殿場大井,御殿場大井,御殿場大井,14217,0,0.8,,2830,,2738,5568,1.26,0.59,7.7,7.1,8.3,30
14400780030,御殿場大井,御殿場大井,御殿場大井,14217,0,0.4,,2830,,2738,5568,1.26,0.59,21.4,26.2,8.3,30
14400780040,御殿場大井,御殿場大井,御殿場大井,14217,0,0.2,,2830,,2738,5568,1.26,0.59,93.9,64,8.3,30
14400780045,御殿場大井,御殿場大井,矢倉沢仙石原（はこね金太郎ライン）,14217,0,0.6,,2830,,2738,5568,1.26,0.59,93.9,64,8.3,30
14400780050,御殿場大井,矢倉沢仙石原（はこね金太郎ライン）,矢倉沢山北,14217,0,1.7,,2830,,2738,5568,1.26,0.59,27.6,30,8.3,30
14400780060,御殿場大井,矢倉沢山北,小田原山北,14217,0,4.5,南足柄市雨坪452　　,2778,南足柄市雨坪452　　,2849,5627,1.26,0.62,43,41.9,10,40
14400780080,御殿場大井,小田原山北,南足柄市・開成町境,14217,0,1.5,足柄上郡開成町宮台69,7934,足柄上郡開成町宮台69,8331,16265,1.32,1.1,24.7,25.9,18,40
14400780090,御殿場大井,南足柄市・開成町境,怒田開成小田原,14366,0,0.7,足柄上郡開成町宮台69,7934,足柄上郡開成町宮台69,8331,16265,1.32,1.32,21.4,17.5,14.5,40
14400780100,御殿場大井,怒田開成小田原,怒田開成小田原,14366,0,0.3,足柄上郡大井町金手7-9,8814,足柄上郡大井町金手7-9,8888,17702,1.33,1.06,15.9,17,19,40
14400780110,御殿場大井,怒田開成小田原,開成町・大井町境,14366,0,0.7,足柄上郡大井町金手7-9,8814,足柄上郡大井町金手7-9,8888,17702,1.33,1.06,20.1,36,19,40
14400780120,御殿場大井,開成町・大井町境,小田原松田,14362,0,0.4,足柄上郡大井町金手7-9,8814,足柄上郡大井町金手7-9,8888,17702,1.33,1.07,32.3,24.8,19,40
14400780130,御殿場大井,小田原松田,小田原松田,14362,0,0.4,足柄上郡大井町金手7-9,8814,足柄上郡大井町金手7-9,8888,17702,1.33,1.07,16.1,16.7,19,40
14400780140,御殿場大井,小田原松田,東名高速道路,14362,0,0.4,,11938,,12391,24329,1.36,1.73,18,27,19,40
14400780150,御殿場大井,東名高速道路,一般国道２５５号,14362,0,0.3,,11938,,12391,24329,1.36,1.73,25.7,10.6,19,40
14400780170,御殿場大井,御殿場大井,御殿場大井,14217,0,0.9,,2830,,2738,5568,1.26,0.59,,,8.3,30
14400780190,御殿場大井,御殿場大井,御殿場大井,14217,0,0.3,,2830,,2738,5568,1.26,0.59,,,8.3,30
14500010010,幸多摩線,一般国道４０９号,川崎市幸区・川崎市中原区境,14132,0,3,川崎市幸区古市場1-1,4497,川崎市古市場1-1,5501,9998,1.3,0.86,25.5,29,11.9,40
14500010020,幸多摩線,川崎市幸区・川崎市中原区境,大田神奈川,14133,0,0.6,川崎市幸区古市場1-1,4497,川崎市古市場1-1,5501,9998,1.3,0.81,36,18.4,7,40
14500010030,幸多摩線,大田神奈川,二子千年線,14133,0,5.2,川崎市高津区下野毛1-13,7923,川崎市高津区下野毛1-13,8151,16074,1.33,1.32,19.4,25.5,7,40
14500010050,幸多摩線,二子千年線,一般国道２４６号,14134,0,1.3,川崎市高津区諏訪2丁目7?15,9355,川崎市高津区諏訪2丁目7?15,7206,16561,1.33,1.58,23.6,10,7.2,40
14500010070,幸多摩線,一般国道２４６号,川崎市高津区・川崎市多摩区境,14134,0,1.7,川崎市高津区宇奈根681,6702,川崎市高津区宇奈根681,6425,13127,1.32,0.88,11.4,22.7,7.8,40
14500010080,幸多摩線,川崎市高津区・川崎市多摩区境,子母口宿河原線,14135,0,2,川崎市高津区宇奈根681,6702,川崎市高津区宇奈根681,6425,13127,1.32,0.99,17.6,16.9,7.9,40
14500010090,幸多摩線,子母口宿河原線,小杉菅線,14135,0,0.5,川崎市高津区宇奈根681,6702,川崎市高津区宇奈根681,6425,13127,1.32,0.99,22.9,6.4,7.9,40
14500010100,幸多摩線,小杉菅線,世田谷町田線,14135,0,0.8,川崎市多摩区登戸3510,6970,川崎市多摩区登戸3510,12551,19521,1.34,0.95,21.1,11.8,20.3,40
14500020010,野川菅生線,丸子中山茅ヶ崎,一般国道２４６号,14136,0,2.5,川崎市高津区梶ケ谷5丁目7?1,11998,川崎市高津区梶ケ谷5丁目7?1,9174,21172,1.34,0.94,19.7,19.2,22,50
14500020020,野川菅生線,一般国道２４６号,東名高速道路,14136,0,2.3,川崎市宮前区土橋6丁目1?3,17370,川崎市宮前区土橋6丁目1?3,15473,32843,1.4,1.3,22.1,23.4,22,50
14500020030,野川菅生線,東名高速道路,向ヶ丘遊園駅菅生線,14136,0,0.5,川崎市宮前区犬蔵1丁目8?3,17407,川崎市宮前区犬蔵1丁目8?3,18377,35784,1.41,1.14,18.9,9.8,22,50
14500020040,野川菅生線,向ヶ丘遊園駅菅生線,横浜生田,14136,0,1.2,川崎市宮前区犬蔵1丁目8?3,17407,川崎市宮前区犬蔵1丁目8?3,18377,35784,1.41,1.14,22.9,12.1,22,50
14500170010,環状２号線,鶴見溝ノ口,大田神奈川,14101,0,1.5,鶴見区獅子ケ谷3-35,14672,鶴見区獅子ケ谷3-35,15438,30110,1.42,1.38,22.7,27.4,22.5,50
14500170020,環状２号線,大田神奈川,横浜市鶴見区・横浜市港北区境,14101,0,0.5,鶴見区獅子ケ谷3-35,14672,鶴見区獅子ケ谷3-35,15438,30110,1.42,1.38,17.4,17.7,22.5,50
14500170030,環状２号線,横浜市鶴見区・横浜市港北区境,東京丸子横浜,14109,0,1.7,鶴見区獅子ケ谷3-35,14672,鶴見区獅子ケ谷3-35,15438,30110,1.42,1.49,28.6,21.9,21.5,50
14500170040,環状２号線,東京丸子横浜,新横浜元石川線,14109,0,1.5,横浜市港北区大豆戸町82-82,8950,横浜市港北区大豆戸町82-82,10496,19446,1.36,0.78,23.7,11.7,28.5,50
14500170050,環状２号線,新横浜元石川線,宮内新横浜線,14109,0,0.2,横浜市港北区大豆戸町82-82,8950,横浜市港北区大豆戸町82-82,10496,19446,1.36,0.78,14,12.3,28.5,50
14500170060,環状２号線,宮内新横浜線,横浜上麻生,14109,0,1.1,横浜市港北区新横浜1丁目14-3,23547,横浜市港北区新横浜1丁目14-3,22629,46176,1.38,1.5,26.4,14,28.5,50
14500170350,環状２号線,横浜生田,一般国道４６６号（第三京浜道路）,14102,0,0.4,横浜市神奈川区三枚町640,16160,横浜市神奈川区三枚町640,17637,33797,1.31,0.31,64.6,60.9,15.5,60
14500170360,環状２号線,一般国道４６６号（第三京浜道路）,環状２号線,14102,0,1.2,横浜市神奈川区三枚町640,16160,横浜市神奈川区三枚町640,17637,33797,1.31,0.31,59.9,62.8,15.5,60
14500170380,環状２号線,環状２号線,環状２号線,14111,0,0.8,横浜市港南区日野5丁目24,23884,横浜市港南区日野5丁目24,18550,42434,1.38,1.27,34.5,50.6,18,40
14500170330,環状２号線,環状２号線,一般国道３５７号,14107,0,1.3,横浜市磯子区森1丁目2-1,13402,横浜市磯子区森1丁目2-1,12899,26301,1.36,1.71,47,24,17.5,60
14500170080,環状２号線,一般国道４６６号（第三京浜道路）,環状２号線,14102,0,1.6,横浜市神奈川区三枚町640,6426,横浜市神奈川区三枚町640,7329,13755,1.35,0.35,29.6,25.8,51,40
14500170090,環状２号線,環状２号線,横浜市神奈川区・横浜市保土ケ谷区境,14102,0,0.1,横浜市神奈川区三枚町640,6426,横浜市神奈川区三枚町640,7329,13755,1.35,0.3,50.9,46.4,46.75,60
14500170100,環状２号線,横浜市神奈川区・横浜市保土ケ谷区境,一般国道１６号,14106,0,0.6,,30830,,26766,57596,1.44,0.96,23.8,39.8,39,60
14500170110,環状２号線,一般国道１６号,横浜市保土ケ谷区・横浜市旭区境,14106,0,1.4,旭区市沢町157,29508,旭区市沢町157,28608,58116,1.44,1,47.1,28.3,39,60
14500170120,環状２号線,横浜市保土ケ谷区・横浜市旭区境,横浜市旭区道,14112,0,0.9,旭区市沢町4962,28540,旭区市沢町4962,28370,56910,1.44,1.11,24.2,11.3,37,60
14500170130,環状２号線,横浜市旭区道,一般国道１６号（保土ヶ谷バイパス）,14112,0,0.4,旭区市沢町4962,28540,旭区市沢町4962,28370,56910,1.44,1.11,16.6,12.4,37,60
14500170140,環状２号線,一般国道１６号（保土ヶ谷バイパス）,保土ヶ谷二俣川線,14106,0,0.6,,32799,,27118,59917,1.44,1.36,13.4,38,41.25,60
14500170150,環状２号線,保土ヶ谷二俣川線,一般国道１号（横浜新道）,14106,0,0.8,,32799,,27118,59917,1.44,1.36,18.2,46.4,41.25,60
14500170160,環状２号線,一般国道１号（横浜新道）,横浜市保土ケ谷区・横浜市戸塚区境,14106,0,0.6,横浜市戸塚区品濃町554,24835,横浜市戸塚区品濃町554,25397,50232,1.44,1.17,37.9,13.4,41.25,60
14500170170,環状２号線,横浜市保土ケ谷区・横浜市戸塚区境,弥生台桜木町,14110,0,1.1,横浜市戸塚区品濃町554,24835,横浜市戸塚区品濃町554,25397,50232,1.44,1.29,14.2,23.5,39.5,60
14500170180,環状２号線,弥生台桜木町,一般国道１号,14110,0,0.6,横浜市戸塚区品濃町554,24835,横浜市戸塚区品濃町554,25397,50232,1.44,1.29,30.3,51.4,39.5,60
14500170190,環状２号線,一般国道１号,横浜市戸塚区・横浜市港南区境,14110,0,0.1,横浜市戸塚区平戸町100,28759,横浜市戸塚区平戸町100,28354,57113,1.43,1.48,43.6,44.6,39.5,60
14500170200,環状２号線,横浜市戸塚区・横浜市港南区境,横浜伊勢原,14111,0,0.7,横浜市戸塚区平戸町100,28759,横浜市戸塚区平戸町100,28354,57113,1.43,1.44,41,21.1,41.75,60
14500170210,環状２号線,横浜伊勢原,横浜伊勢原,14111,0,1,横浜市戸塚区平戸町100,28759,横浜市戸塚区平戸町100,28354,57113,1.43,1.44,20.7,19.5,41.75,60
14500170230,環状２号線,横浜伊勢原,環状２号線,14111,0,0.1,,4981,,4218,9199,1.3,0.64,18.4,45.7,42,40
14500170240,環状２号線,環状２号線,横浜伊勢原,14111,0,0.3,,4981,,4218,9199,1.3,0.64,21.1,30,42,40
14500170250,環状２号線,横浜伊勢原,横浜鎌倉,14111,0,0.4,横浜市港南区日野5丁目24,5076,横浜市港南区日野5丁目24,5067,10143,1.3,0.68,25.8,12.5,42,40
14500170260,環状２号線,横浜鎌倉,環状２号線,14111,0,0.2,横浜市港南区日野5丁目24,5379,横浜市港南区日野5丁目24,4578,9957,1.3,0.22,6.4,31.3,41,60
14500170270,環状２号線,環状２号線,横浜伊勢原,14111,0,1.2,打越,23004,打越,22620,45624,1.3,1.09,22.1,27.8,41,60
14500170280,環状２号線,横浜伊勢原,横浜市港南区・横浜市磯子区境,14111,0,0.2,打越,23004,打越,22620,45624,1.3,1.09,41.6,36.5,41,60
14500170290,環状２号線,横浜市港南区・横浜市磯子区境,環状２号線,14107,0,0.3,打越,23004,打越,22620,45624,1.3,2.34,46.2,31.9,23.25,40
14500170300,環状２号線,環状２号線,汐見台平戸線,14107,0,0.5,横浜市磯子区森1丁目16-17,7876,横浜市磯子区森1丁目16-17,8252,16128,1.33,1.35,34.6,8.6,23.25,40
14500170310,環状２号線,汐見台平戸線,一般国道１６号,14107,0,0.4,横浜市磯子区森1丁目16-17,7876,横浜市磯子区森1丁目16-17,8252,16128,1.33,1.35,13.4,14.5,23.25,40
14500180010,環状４号線,横浜厚木,丸子中山茅ヶ崎,14114,0,0.7,横浜市瀬谷区下瀬谷2丁目20-1,9815,横浜市瀬谷区下瀬谷2丁目20-1,11549,21364,1.34,1.46,9.3,15.5,18.5,40
14500180020,環状４号線,丸子中山茅ヶ崎,横浜市瀬谷区・横浜市泉区境,14114,0,1.2,横浜市瀬谷区下瀬谷2丁目20-1,9815,横浜市瀬谷区下瀬谷2丁目20-1,11549,21364,1.34,1.46,13.4,19.1,18.5,40
14500180030,環状４号線,横浜市瀬谷区・横浜市泉区境,鴨居上飯田線,14116,0,0.6,横浜市瀬谷区下瀬谷2丁目20-1,9815,横浜市瀬谷区下瀬谷2丁目20-1,11549,21364,1.34,1.18,17.8,15.3,18.5,40
14500180035,環状４号線,鴨居上飯田線,権太坂和泉線,14116,0,1.8,横浜市泉区和泉中央北5丁目14,9249,横浜市泉区和泉中央北5丁目14,8418,17667,1.34,1.03,18.2,17.2,18.5,40
14500180040,環状４号線,権太坂和泉線,横浜伊勢原,14116,0,1.1,横浜市泉区和泉中央北5丁目14,9249,横浜市泉区和泉中央北5丁目14,8418,17667,1.34,1.03,16.7,16.3,18.5,40
14500180050,環状４号線,横浜伊勢原,横浜市泉区・横浜市戸塚区境,14116,0,3.2,横浜市泉区和泉中央北5丁目14,9249,横浜市泉区和泉中央北5丁目14,8418,17667,1.34,1.03,21.8,24,18.5,40
14500180060,環状４号線,横浜市泉区・横浜市戸塚区境,菖蒲沢戸塚,14110,0,2.3,横浜市泉区和泉中央北5丁目14,9249,横浜市泉区和泉中央北5丁目14,8418,17667,1.34,1.06,20.7,8.5,18.5,40
14500180070,環状４号線,菖蒲沢戸塚,阿久和鎌倉,14110,0,0,横浜市戸塚区深谷町200,12095,横浜市戸塚区深谷町200,10558,22653,1.34,1.57,8.4,6.6,18.5,40
14500180080,環状４号線,阿久和鎌倉,一般国道１号,14110,0,0.7,横浜市戸塚区深谷町200,12095,横浜市戸塚区深谷町200,10558,22653,1.34,1.33,12.6,9.8,18,40
14500800010,横浜駅根岸線,,横浜生田,14103,0,0.5,,,,,,,,12.2,10.6,22.25,50
14500800020,横浜駅根岸線,横浜生田,一般国道１号,14103,0,0.5,,,,,,,,11.4,11,22.25,50
14500800030,横浜駅根岸線,一般国道１号,横浜市西区・横浜市中区境,14103,0,1.2,横浜市中区日ノ出町1丁目18,4859,横浜市中区日ノ出町1丁目18,3875,8734,1.32,0.5,17.6,22.1,22.25,50
14500800040,横浜駅根岸線,横浜市西区・横浜市中区境,弥生台桜木町,14104,0,0.4,横浜市中区日ノ出町1丁目18,4859,横浜市中区日ノ出町1丁目18,3875,8734,1.32,0.52,22,14.9,19.25,50
14500800050,横浜駅根岸線,弥生台桜木町,一般国道１６号,14104,0,0.5,横浜市中区日ノ出町1丁目18,4859,横浜市中区日ノ出町1丁目18,3875,8734,1.32,0.52,11.7,11.5,19.25,50
14500800060,横浜駅根岸線,一般国道１６号,山下高砂線,14104,0,0.6,横浜市中区日ノ出町1丁目18,4859,横浜市中区日ノ出町1丁目18,3875,8734,1.32,0.52,11.5,11.3,19.25,50
14500800070,横浜駅根岸線,山下高砂線,横浜市中区・横浜市南区境,14104,0,0.6,横浜市中区根岸町3丁目165-1,2980,横浜市中区根岸町3丁目165-1,2753,5733,1.29,0.29,18.1,21.9,19.25,50
14500800080,横浜駅根岸線,横浜市中区・横浜市南区境,横浜市南区・横浜市中区境,14105,0,0.2,横浜市中区根岸町3丁目165-1,2980,横浜市中区根岸町3丁目165-1,2753,5733,1.29,0.19,24.1,13.4,19.25,50
14500800090,横浜駅根岸線,横浜市南区・横浜市中区境,山下本牧磯子線,14104,0,2.2,横浜市中区根岸町3丁目165-1,2980,横浜市中区根岸町3丁目165-1,2753,5733,1.29,0.58,20.4,19.3,12.5,30
14500810004,藤棚伊勢佐木線,一般国道１号,横浜市西区・横浜市南区境,14103,0,1.1,南区西中町1,10860,南区西中町1,12101,22961,1.39,1.05,16.9,24.4,18.25,50
14500810007,藤棚伊勢佐木線,横浜市西区・横浜市南区境,横浜市南区・横浜市西区境,14105,0,0,南区西中町1,10860,南区西中町1,12101,22961,1.39,1.05,26.1,29.1,18.25,50
14500810010,藤棚伊勢佐木線,横浜市南区・横浜市西区境,横浜市西区・横浜市中区境,14103,0,0.6,南区西中町1,10860,南区西中町1,12101,22961,1.39,1.05,33.6,30.1,18.25,50
14500810020,藤棚伊勢佐木線,横浜市西区・横浜市中区境,弥生台桜木町,14104,0,0.2,南区西中町1,10860,南区西中町1,12101,22961,1.39,1.24,27,12,21.75,50
14500810030,藤棚伊勢佐木線,弥生台桜木町,一般国道１６号,14104,0,0.3,中区末吉町3,9674,中区末吉町3,12332,22006,1.39,1,12.8,10.6,21.75,50
14500820010,山下本牧磯子線,一般国道１３３号,高速神奈川３号狩場線,14104,0,0.9,,11769,,14662,26431,1.37,2.54,20.3,17.8,28,40
14500820020,山下本牧磯子線,高速神奈川３号狩場線,新山下第３４号線,14104,0,1.7,,11769,,14662,26431,1.37,2.16,18.3,21,22.25,50
14500820030,山下本牧磯子線,新山下第３４号線,関内本牧線,14104,0,0.3,,11769,,14662,26431,1.37,2.16,15.6,10.3,22.25,50
14500820040,山下本牧磯子線,関内本牧線,一般国道３５７号,14104,0,2.4,横浜市中区根岸町3丁目165-1,9473,横浜市中区根岸町3丁目165-1,9607,19080,1.3,0.78,22.7,22.8,30.75,50
14500820050,山下本牧磯子線,一般国道３５７号,横浜駅根岸線,14104,0,0.7,横浜市中区根岸町3丁目165-1,9473,横浜市中区根岸町3丁目165-1,9607,19080,1.3,2.27,32.4,28.4,26.5,50
14500820060,山下本牧磯子線,横浜駅根岸線,横浜市中区・横浜市磯子区境,14104,0,0.2,横浜市中区根岸町3丁目165-1,9473,横浜市中区根岸町3丁目165-1,9607,19080,1.3,2.27,26.1,19.8,26.5,50
14500820070,山下本牧磯子線,横浜市中区・横浜市磯子区境,一般国道１６号,14107,0,1.1,横浜市中区根岸町3丁目165-1,9473,横浜市中区根岸町3丁目165-1,9607,19080,1.3,0.98,25.9,12.9,24.75,50
14500830010,青木浅間線,一般国道１号,横浜市神奈川区・横浜市西区境,14102,0,0.9,神奈川区台町34-3,8405,神奈川区台町34-3,9665,18070,1.37,0.93,13.6,20.8,20,50
14500830020,青木浅間線,横浜市神奈川区・横浜市西区境,高速神奈川２号三ツ沢線,14103,0,0.1,,12875,,13240,26115,1.37,0.88,19.3,24.6,27.25,50
14500830030,青木浅間線,高速神奈川２号三ツ沢線,横浜市西区道,14103,0,0.1,,12875,,13240,26115,1.37,0.88,15.8,19.7,27.25,50
14500830040,青木浅間線,横浜市西区道,横浜生田,14103,0,0.5,横浜市西区浅間町1丁目16-1,11568,横浜市西区浅間町1丁目16-1,9673,21241,1.37,0.75,18.7,6.7,27.25,50
14500830050,青木浅間線,横浜生田,一般国道１６号,14103,0,1.1,横浜市西区浅間町1丁目16-1,12615,横浜市西区浅間町1丁目16-1,10499,23114,1.38,0.85,15.5,17.1,27.25,50
14500840010,保土ケ谷宮元線,一般国道１号,高速神奈川３号狩場線,14106,0,0.4,横浜市南区井土ケ谷下町212-2,6596,横浜市南区井土ケ谷下町212-2,8010,14606,1.35,1.61,5.1,22.8,22,50
14500840020,保土ケ谷宮元線,高速神奈川３号狩場線,弥生台桜木町,14105,0,1.1,横浜市南区井土ケ谷下町212-2,6596,横浜市南区井土ケ谷下町212-2,8010,14606,1.35,1.14,16.3,14.8,22.5,50
14500840030,保土ケ谷宮元線,弥生台桜木町,横浜鎌倉,14105,0,0.6,横浜市南区井土ケ谷下町212-2,6596,横浜市南区井土ケ谷下町212-2,8010,14606,1.35,1.14,13.4,12.9,22.5,50
14500850010,鶴見駅三ッ沢線,,横浜市鶴見区・横浜市神奈川区境,14101,0,3.5,横浜市鶴見区北寺尾1丁目1-1,4858,横浜市鶴見区北寺尾1丁目1-1,5172,10030,1.3,1,13.2,15,11.5,40
14500850020,鶴見駅三ッ沢線,横浜市鶴見区・横浜市神奈川区境,大田神奈川,14102,0,0.1,,5374,,4448,9822,1.3,0.89,15.1,10.1,8.75,40
14500850030,鶴見駅三ッ沢線,大田神奈川,東京丸子横浜,14102,0,0.6,,5374,,4448,9822,1.3,0.89,18.6,13.1,8.75,40
14500850040,鶴見駅三ッ沢線,東京丸子横浜,横浜上麻生,14109,0,1.8,港北区菊名2-16,6018,港北区菊名2-16,6201,12219,1.33,0.93,19,14.7,8.75,40
14500850050,鶴見駅三ッ沢線,横浜上麻生,小机第３５５号線,14102,0,1.2,港北区岸根町725,5844,港北区岸根町725,4824,10668,1.3,1.16,16.2,15.7,12.5,40
14500850060,鶴見駅三ッ沢線,小机第３５５号線,横浜生田,14102,0,1.4,横浜市神奈川区片倉3丁目29-20,14096,横浜市神奈川区片倉3丁目29-20,14268,28364,1.37,1.05,23.4,20.6,22.5,50
14601010010,扇町川崎停車場線,,東京大師横浜線,14131,0,1.5,川崎市川崎区浅野町1?3,6667,川崎市川崎区浅野町1?3,6830,13497,1.32,1.45,17,13.7,15.6,40
14601010020,扇町川崎停車場線,東京大師横浜線,富士見鶴見駅線,14131,0,1.1,川崎市川崎区大島2丁目6?11,5657,川崎市川崎区大島2丁目6?11,5608,11265,1.31,0.39,18.5,16.4,33.6,50
14601010030,扇町川崎停車場線,富士見鶴見駅線,皐橋水江町線,14131,0,0.5,川崎市川崎区大島2丁目6?11,5657,川崎市川崎区大島2丁目6?11,5608,11265,1.31,0.39,15.3,14.2,33.6,50
14601010040,扇町川崎停車場線,皐橋水江町線,一般国道１５号,14131,0,0.5,川崎市川崎区大島2丁目6?11,5657,川崎市川崎区大島2丁目6?11,5608,11265,1.31,0.39,15.3,10.9,33.6,50
14601010050,扇町川崎停車場線,一般国道１５号,,14131,0,0.5,川崎市川崎区砂子2丁目8?14,7004,川崎市川崎区砂子2丁目8?14,8228,15232,1.33,0.56,10.8,10.8,33.6,50
14601020010,荏田綱島,一般国道２４６号,中山北山田線,14118,0,1.6,横浜市青葉区荏田町134-1,13896,横浜市青葉区荏田町134-1,14245,28141,1.29,1.42,24,23,21.25,60
14601020020,荏田綱島,中山北山田線,佐江戸北山田線,14118,0,0.7,,15690,,15507,31197,1.39,1.68,20.5,21.3,21.25,60
14601020030,荏田綱島,佐江戸北山田線,丸子中山茅ヶ崎,14118,0,1.4,,14902,,15148,30050,1.38,1.64,21.4,25.9,21.25,60
14601020040,荏田綱島,丸子中山茅ヶ崎,大熊東山田線,14118,0,0.6,,17044,,16258,33302,1.4,0.85,21.6,15.6,22,50
14601020050,荏田綱島,大熊東山田線,横浜市都筑区・横浜市港北区境,14118,0,0.3,横浜市港北区高田東4丁目19-24,14313,横浜市港北区高田東4丁目19-24,13361,27674,1.37,0.71,13.6,20.4,22,50
14601020055,荏田綱島,横浜市都筑区・横浜市港北区境,宮内新横浜線,14109,0,0.9,横浜市港北区高田東4丁目19-24,14313,横浜市港北区高田東4丁目19-24,13361,27674,1.37,0.78,22.8,13.9,22,50
14601020060,荏田綱島,宮内新横浜線,子母口綱島,14109,0,0.3,横浜市港北区高田東4丁目19-24,14313,横浜市港北区高田東4丁目19-24,13361,27674,1.37,0.78,12.3,9.4,22,50
14601020070,荏田綱島,子母口綱島,東京丸子横浜,14109,0,1.9,横浜市港北区高田東4丁目19-24,12074,横浜市港北区高田東4丁目19-24,11876,23950,1.34,0.67,21.1,24.5,22,50
14601040010,鶴見停車場,,一般国道１５号,14101,0,0.3,,7238,,8068,15306,1.33,1.19,6.9,6.6,35.75,40
14601060010,子母口綱島,鶴見溝ノ口,尻手黒川線,14134,0,0.2,川崎市高津区久末1795?8,2677,川崎市高津区久末1795?8,3278,5955,1.27,1.09,,8.8,6.4,30
14601060020,子母口綱島,尻手黒川線,川崎市高津区・横浜市港北区境,14134,0,1.1,川崎市高津区久末1795?8,2677,川崎市高津区久末1795?8,3278,5955,1.27,0.61,11,19.3,10.1,30
14601060030,子母口綱島,川崎市高津区・横浜市港北区境,荏田綱島,14109,0,1.8,横浜市港北区高田東4丁目19-24,2588,横浜市港北区高田東4丁目19-24,2783,5371,1.27,0.5,16.4,16.6,6.75,30
14601060040,子母口綱島,荏田綱島,東京丸子横浜,14109,0,1.9,横浜市港北区高田東4丁目19-24,2588,横浜市港北区高田東4丁目19-24,2783,5371,1.27,0.48,15.2,12.3,13,30
14601090010,青砥上星川,川崎町田,中山停車場,14113,0,0.6,横浜市緑区中山5丁目14-16 ,2930,横浜市緑区中山5丁目14-16 ,2393,5323,1.27,0.64,12.7,8.9,13,30
14601090020,青砥上星川,中山停車場,山下長津田線,14113,0,0.2,横浜市緑区中山5丁目14-16 ,2930,横浜市緑区中山5丁目14-16 ,2393,5323,1.27,0.64,6.1,6.6,13,30
14601090030,青砥上星川,山下長津田線,丸子中山茅ヶ崎,14113,0,0.3,横浜市緑区中山4丁目2-2-724-1,12574,横浜市緑区中山4丁目2-2-724-1,11920,24494,1.34,1.02,17.4,5.2,22.75,50
14601090040,青砥上星川,丸子中山茅ヶ崎,市道東本郷第３９９号線,14113,0,1.3,横浜市緑区中山4丁目2-2-724-1,10616,横浜市緑区中山4丁目2-2-724-1,10368,20984,1.34,0.73,14.2,20.2,22.5,50
14601090050,青砥上星川,市道東本郷第３９９号線,鴨居第８８号,14113,0,0.7,,4296,,4456,8752,1.3,0.67,16.7,9,12.75,40
14601090060,青砥上星川,鴨居第８８号,鴨居上飯田線,14113,0,0.1,,13101,,13915,27016,1.37,1.86,12.7,12.9,12.75,40
14601090070,青砥上星川,鴨居上飯田線,市道東本郷第３９９号線,14113,0,0.5,,13101,,13915,27016,1.37,1.86,18.2,14.7,12.75,40
14601090080,青砥上星川,市道東本郷第３９９号線,横浜市緑区・横浜市保土ケ谷区境,14113,0,0.8,保土ケ谷区上菅田町192,5504,保土ケ谷区上菅田町1292,5564,11068,1.3,1,22.5,22.9,12.75,40
14601090090,青砥上星川,横浜市緑区・横浜市保土ケ谷区境,一般国道１６号,14106,0,2.5,保土ケ谷区上菅田町192,5504,保土ケ谷区上菅田町1292,5564,11068,1.3,0.99,16.7,10.1,8,40
14601100010,中山停車場,,青砥上星川,14113,0,0.2,,2260,,2043,4303,1.24,0.39,9.1,6.3,8,30
14601110010,大田神奈川,大田神奈川線,幸多摩線,14133,0,0.1,東京都大田区下丸子2,5399,東京都大田区下丸子2,4514,9913,1.3,1.33,17.3,4.5,14.8,40
14601110020,大田神奈川,幸多摩線,川崎駅丸子線,14133,0,0.4,川崎市中原区上平間369,3667,川崎市中原区上平間369,3360,7027,1.43,1.05,7.5,14,14.8,40
14601110030,大田神奈川,川崎駅丸子線,川崎市中原区・川崎市幸区境,14133,0,0.4,川崎市中原区市ノ坪628,2687,川崎市中原区市ノ坪628,2757,5444,1.26,0.58,8.7,8.2,14.8,40
14601110040,大田神奈川,川崎市中原区・川崎市幸区境,一般国道４０９号,14132,0,0.1,川崎市中原区市ノ坪628,2687,川崎市中原区市ノ坪628,2757,5444,1.26,0.5,4.8,8.2,13.9,40
14601110050,大田神奈川,一般国道４０９号,川崎市幸区・川崎市中原区境,14132,0,0.3,川崎市中原区苅宿56,3230,川崎市中原区苅宿56,1978,5208,1.26,0.61,6.7,13.9,13.9,40
14601110060,大田神奈川,川崎市幸区・川崎市中原区境,川崎市中原区・川崎市幸区境,14133,0,0.5,川崎市中原区苅宿56,3230,川崎市中原区苅宿56,1978,5208,1.26,0.56,17.5,17.2,11.5,40
14601110070,大田神奈川,川崎市中原区・川崎市幸区境,鶴見溝ノ口,14132,0,0.6,川崎市中原区苅宿56,3230,川崎市中原区苅宿56,1978,5208,1.26,0.56,21.2,9.9,11.5,40
14601110090,大田神奈川,鶴見溝ノ口,川崎市幸区・横浜市鶴見区境,14132,0,1.2,川崎市幸区南加瀬5丁目34?10,8172,川崎市幸区南加瀬5丁目34?10,8026,16198,1.32,1.17,16.9,23,15,40
14601110100,大田神奈川,川崎市幸区・横浜市鶴見区境,川崎町田,14101,0,0.9,,4078,横浜市鶴見区獅子ケ谷1丁目15-8,5556,9634,1.3,0.75,19,13.4,16,40
14601110110,大田神奈川,川崎町田,環状２号線,14101,0,0.7,,4078,横浜市鶴見区獅子ケ谷1丁目15-8,5556,9634,1.3,0.75,15.9,15.9,16,40
14601110120,大田神奈川,横浜市鶴見区・横浜市神奈川区境,大田神奈川,14102,0,0.1,,4078,横浜市鶴見区獅子ケ谷1丁目15-8,5556,9634,1.3,0.42,,23.6,11.5,40
14601110130,大田神奈川,大田神奈川,鶴見駅三ッ沢線,14102,0,0.3,神奈川区西寺尾1-25,5972,神奈川区西寺尾1-25,6355,12327,1.3,0.7,27.9,11.2,23,40
14601110140,大田神奈川,鶴見駅三ッ沢線,一般国道１号,14102,0,1.8,神奈川区西寺尾1-25,5972,神奈川区西寺尾1-25,6355,12327,1.3,1.5,,13.1,11,30
14601110150,大田神奈川,一般国道１号,,14102,0,0.2,神奈川区西寺尾1-25,5972,神奈川区西寺尾1-25,6355,12327,1.3,2.63,9.2,10.3,10.5,40
14601110115,大田神奈川,環状２号線,横浜市鶴見区・横浜市神奈川区境,14101,0,2.7,,4078,横浜市鶴見区獅子ケ谷1丁目15-8,5556,9634,1.3,0.36,,15.8,11.5,40
14601110170,大田神奈川,,一般国道１５号,14102,0,0.1,,,,,,,,1.7,7.7,11.5,40
14601110160,大田神奈川,横浜市鶴見区・横浜市神奈川区境,大田神奈川,14102,0,0.1,横浜市横浜市鶴見区馬場7丁目4,4519,横浜市横浜市鶴見区馬場7丁目4,5585,10104,1.36,0.18,,,23,40
14601110180,大田神奈川,横浜市鶴見区道,横浜市鶴見区・横浜市神奈川区境,14101,0,0.1,横浜市横浜市鶴見区馬場7丁目4,4519,横浜市横浜市鶴見区馬場7丁目4,5585,10104,1.36,0.3,,,23,40
14601110190,大田神奈川,高速神奈川７号横浜北線,横浜市鶴見区道,14101,0,0.2,横浜市横浜市鶴見区馬場7丁目4,6016,横浜市横浜市鶴見区馬場7丁目4,3751,9767,1.35,0.21,,,23,40
14601110200,大田神奈川,東京丸子横浜,高速神奈川７号横浜北線,14109,0,0.1,横浜市横浜市鶴見区馬場7丁目7-15,6007,横浜市横浜市鶴見区馬場7丁目7-15,5222,11229,1.37,0.44,,,23,40
14601240010,稲城読売ランド前停車場線,稲城読売ランド前停車場線,川崎市多摩区・川崎市麻生区境,14135,0,0.1,川崎市麻生区細山2丁目1,4588,川崎市麻生区細山2丁目1,4548,9136,1.3,0.72,18.8,17.6,12.4,40
14601240020,稲城読売ランド前停車場線,川崎市多摩区・川崎市麻生区境,世田谷町田線,14137,0,1.4,川崎市麻生区細山2丁目1,4588,川崎市麻生区細山2丁目1,4548,9136,1.3,0.71,27.3,14.9,10.2,40
14601370010,上麻生蓮光寺,世田谷町田線,上麻生蓮光寺,14137,0,0.7,川崎市麻生区白鳥1丁目3?5,5920,川崎市麻生区白鳥1丁目3?5,6376,12296,1.31,1.17,6,21.4,8.9,40
14601370020,上麻生蓮光寺,上麻生蓮光寺,上麻生蓮光寺,14137,0,0.4,川崎市麻生区白鳥1丁目3?5,5920,川崎市麻生区白鳥1丁目3?5,6376,12296,1.31,1.17,17.8,27.8,8.9,40
14601370030,上麻生蓮光寺,上麻生蓮光寺,町田調布線,14137,0,2.7,川崎市麻生区白鳥1丁目3?5,5920,川崎市麻生区白鳥1丁目3?5,6376,12296,1.31,1.17,28.4,24,8.9,40
14601370070,上麻生蓮光寺,町田調布線,上麻生連光寺線,14137,0,1.5,川崎市麻生区黒川612?1,5093,川崎市麻生区黒川612?1,5130,10223,1.31,0.68,27,29.3,16.4,40
14601370050,上麻生蓮光寺,上麻生蓮光寺,上麻生蓮光寺,14137,0,0.4,川崎市麻生区片平5-5,357,川崎市麻生区片平5-5,490,847,1.18,0.39,21.6,20.9,7,30
14601390010,真光寺長津田,真光寺長津田線,川崎市麻生区・横浜市青葉区境,14137,0,1.5,川崎市麻生区岡上732?7,5325,川崎市麻生区岡上732?7,6079,11404,1.31,1.06,10,17.8,7.5,40
14601390020,真光寺長津田,川崎市麻生区・横浜市青葉区境,長津田奈良線,14117,0,0,,8240,,7975,16215,1.33,1.31,19.6,24.7,16.5,40
14601390030,真光寺長津田,長津田奈良線,真光寺長津田,14117,0,1.2,,8240,,7975,16215,1.33,0,25.2,27.7,7.75,30
14601390050,真光寺長津田,真光寺長津田,川崎町田,14117,0,2.5,横浜市青葉区奈良町1966-7,5942,横浜市青葉区奈良町1966-7,6002,11944,1.3,0.95,24.9,20.9,9,40
14601390060,真光寺長津田,川崎町田,川崎町田,14117,0,0.5,,9181,,8890,18071,1.33,1.02,13.7,16.3,9,40
14601390070,真光寺長津田,川崎町田,横浜市青葉区・横浜市緑区境,14117,0,0.2,青葉区田奈町61,2817,青葉区田奈町61,3631,6448,1.27,0.56,14.8,25.6,8.25,30
14601390075,真光寺長津田,横浜市青葉区・横浜市緑区境,山下長津田線,14113,0,1.4,青葉区田奈町61,2817,青葉区田奈町61,3631,6448,1.27,0.55,15.3,17.1,8.75,30
14601390080,真光寺長津田,山下長津田線,一般国道２４６号,14113,0,0.3,青葉区田奈町61,2817,青葉区田奈町61,3631,6448,1.27,0.55,16.4,18,8.75,30
14601400010,川崎町田,一般国道１５号,川崎市川崎区・川崎市幸区境,14131,0,0.5,川崎市幸区大宮町28?8,17312,川崎市幸区大宮町28?8,18257,35569,1.41,0.89,11.9,11.4,36.5,50
14601400015,川崎町田,川崎市川崎区・川崎市幸区境,,14132,0,0.5,川崎市幸区大宮町28?8,17312,川崎市幸区大宮町28?8,18257,35569,1.41,0.98,17.7,9.2,22.2,50
14601400020,川崎町田,,一般国道１号,14132,0,0.4,川崎市幸区南幸町3丁目19,11056,川崎市幸区南幸町3丁目19,10352,21408,1.35,1.37,9.7,8.7,22.2,40
14601400030,川崎町田,一般国道１号,川崎市幸区・横浜市鶴見区境,14132,0,0.2,横浜市鶴見区矢向4-4,9903,横浜市鶴見区矢向4-4,10938,20841,1.35,0.57,7,10.6,22.2,40
14601400040,川崎町田,川崎市幸区・横浜市鶴見区境,鶴見溝ノ口,14101,0,1.7,,13404,,14411,27815,1.37,1.94,11.8,13.8,12,40
14601400060,川崎町田,鶴見溝ノ口,大田神奈川,14101,0,1.4,鶴見区駒岡5-7,8668,鶴見区駒岡5-7,8504,17172,1.34,0.61,19.4,24.6,21.75,50
14601400070,川崎町田,大田神奈川,横浜市鶴見区・横浜市港北区境,14101,0,0.5,鶴見区駒岡5-7,8668,鶴見区駒岡5-7,8504,17172,1.34,0.61,17.8,17.6,21.75,50
14601400080,川崎町田,横浜市鶴見区・横浜市港北区境,東京丸子横浜,14109,0,1.1,鶴見区駒岡5-7,8668,鶴見区駒岡5-7,8504,17172,1.34,0.82,27,15.8,21.75,50
14601400100,川崎町田,東京丸子横浜,宮内新横浜線,14109,0,3.2,,4693,,4949,9642,1.3,0.65,19.2,14.6,11.5,40
14601400110,川崎町田,宮内新横浜線,横浜生田,14109,0,0.3,都筑区大熊町388,8299,都筑区大熊町388,8396,16695,1.36,1.22,15.6,15.9,11.5,40
14601400120,川崎町田,横浜生田,横浜市港北区・横浜市都筑区境,14109,0,0.7,都筑区大熊町388,8299,都筑区大熊町388,8396,16695,1.36,1.11,21.3,23,10,40
14601400130,川崎町田,横浜市港北区・横浜市都筑区境,新横浜元石川線,14118,0,1.2,都筑区大熊町388,8299,都筑区大熊町388,8396,16695,1.36,0.81,25.6,22.2,21.75,50
14601400140,川崎町田,新横浜元石川線,川崎町田（川和第３６３号線）,14118,0,0.9,,25444,,19598,45042,1.43,2.54,16.7,17.1,21.75,50
14601400150,川崎町田,川崎町田（川和第３６３号線）,横浜上麻生,14118,0,1.2,,25444,,19598,45042,1.43,19.67,18.7,22.9,7.25,30
14601400170,川崎町田,横浜上麻生,横浜市都筑区・横浜市緑区境,14118,0,0.2,都筑区川和町50,8087,都筑区川和町50,6768,14855,1.34,1.71,11.6,14.4,11,40
14601400180,川崎町田,横浜市都筑区・横浜市緑区境,青砥上星川,14113,0,0.8,都筑区川和町50,8087,都筑区川和町50,6768,14855,1.34,1.41,16.5,15,10.25,40
14601400190,川崎町田,青砥上星川,横浜市緑区・横浜市青葉区境,14113,0,2.4,青葉区さつきが丘23-24,7999,青葉区さつきが丘23-24,7615,15614,1.34,1.23,20.2,22.1,10,40
14601400200,川崎町田,横浜市緑区・横浜市青葉区境,環状４号線（鴨志田線）,14117,0,0.6,,9225,,8186,17411,1.33,1.17,26.9,22.2,11.5,40
14601400210,川崎町田,環状４号線（鴨志田線）,一般国道２４６号,14117,0,0.9,,9225,,8186,17411,1.33,1.11,28.2,25.7,22.5,40
14601400220,川崎町田,一般国道２４６号,真光寺長津田,14117,0,1,,9225,,8186,17411,1.33,1.24,19,13,13.5,40
14601400240,川崎町田,真光寺長津田,長津田奈良線,14117,0,0.8,青葉区恩田町1158,7136,青葉区恩田町1158,7530,14666,1.34,1.61,9.6,17.5,9.75,40
14601400250,川崎町田,長津田奈良線,川崎町田線,14117,0,0.4,青葉区恩田町1158,7136,青葉区恩田町1158,7530,14666,1.34,1.61,9.4,28.5,9.75,40
14602010010,保土ケ谷停車場,,一般国道１号,14106,0,0.6,,2260,,2043,4303,1.24,0.77,10.8,,7,30
14602030010,大船停車場矢部,大船停車場,,14204,0,0.1,横浜市栄区笠間1丁目1-1,4423,横浜市栄区笠間1丁目1-1,5214,9637,1.3,0.97,13.2,13.1,13.3,30
14602030020,大船停車場矢部,,原宿六ツ浦,14115,0,1.2,横浜市栄区笠間5丁目27-23,4157,横浜市栄区笠間5丁目27-23,5035,9192,1.26,0.76,17.8,11.1,15,40
14602030030,大船停車場矢部,原宿六ツ浦,環状３号線,14115,0,2.2,横浜市栄区笠間5丁目27-23,3131,横浜市栄区笠間5丁目27-23,3519,6650,1.27,0.56,14.9,21.2,9.5,30
14602030040,大船停車場矢部,環状３号線,横浜市栄区・横浜市戸塚区境,14115,0,0.4,栄区長沼町197,6423,栄区長沼町197,6106,12529,1.33,1.04,17.1,25.1,9.5,30
14602030050,大船停車場矢部,横浜市栄区・横浜市戸塚区境,一般国道１号,14110,0,2.2,横浜市戸塚区上倉田町493-2,5359,横浜市戸塚区上倉田町493-2,5171,10530,1.33,0.74,14.8,15.7,12,30
14602040010,金沢鎌倉,原宿六ツ浦,,14108,0,0.6,金沢区朝比奈町65,6605,金沢区朝比奈町65,6730,13335,1.33,1.05,7.1,28.5,8,30
14602040020,金沢鎌倉,,横浜鎌倉,14204,0,4.3,鎌倉市十二所72-8,7263,鎌倉市十二所72-8,7253,14516,1.31,1.08,20.7,22.9,10.75,30
14602050010,金沢逗子,原宿六ツ浦,,14108,0,1.8,金沢区六浦町2150,5150,金沢区六浦町2150,4670,9820,1.3,1.87,16.2,21.1,7,30
14602050020,金沢逗子,,金沢逗子,14208,0,3.2,逗子市池子2丁目14-5,4983,逗子市池子2丁目14-5,4744,9727,1.3,0.83,25.7,23.7,11.35,40
14602050030,金沢逗子,金沢逗子,金沢逗子,14208,0,0.6,逗子市久木3丁目3-32,4138,逗子市久木3丁目3-32,4731,8869,1.3,0.91,15.5,22.1,10.85,40
14602050040,金沢逗子,金沢逗子,鎌倉葉山,14208,0,1.2,逗子市久木3丁目3-32,4138,逗子市久木3丁目3-32,4731,8869,1.3,0.91,15.8,11.4,10.85,40
14602050060,金沢逗子,金沢逗子,横須賀逗子,14208,0,0.2,逗子市久木3丁目3-32,4138,逗子市久木3丁目3-32,4731,8869,1.3,0.91,5.8,5.5,10.85,40
14602050080,金沢逗子,金沢逗子,鎌倉葉山,14208,0,0.1,逗子市久木3丁目3-32,4138,逗子市久木3丁目3-32,4731,8869,1.3,0.91,5.5,7.6,10.85,40
14602060010,田浦停車場,,一般国道１６号,14201,0,0.2,,2926,,3627,6553,1.27,0.87,,,7.7,60
14602070010,森戸海岸,一般国道１３４号,森戸海岸,14301,0,2.2,,3447,,4031,7478,1.29,0.5,26.9,33.5,11.35,30
14602070020,森戸海岸,森戸海岸,葉山町・逗子市境,14301,0,1.2,,3447,,4031,7478,1.29,0.5,22.6,22.7,11.35,30
14602070030,森戸海岸,葉山町・逗子市境,一般国道１３４号,14208,0,0.5,,3447,,4031,7478,1.29,0.52,21.2,7.5,11.35,30
14602070050,森戸海岸,森戸海岸,一般国道１３４号,14301,0,0.5,三浦郡葉山町堀内1031-8,2979,三浦郡葉山町堀内1031-8,3720,6699,1.27,0.56,17.8,14.7,10.85,30
14602080010,浦賀港,浦賀港久里浜停車場,観音崎環状,14201,0,1.3,横須賀市馬堀町2丁目1-10,8656,横須賀市馬堀町2丁目1-10,9228,17884,1.34,1.09,23.7,16.2,13.9,40
14602080020,浦賀港,観音崎環状,一般国道１６号（横浜横須賀道路）,14201,0,0.8,横須賀市馬堀町2丁目1-10,8656,横須賀市馬堀町2丁目1-10,9228,17884,1.34,1.09,19.4,23,13.9,40
14602080030,浦賀港,一般国道１６号（横浜横須賀道路）,観音崎環状,14201,0,0.8,横須賀市馬堀町2丁目1-10,8656,横須賀市馬堀町2丁目1-10,9228,17884,1.34,1.09,21.6,23.9,13.9,40
14602080040,浦賀港,観音崎環状,一般国道１３４号,14201,0,1,横須賀市馬堀町2丁目1-10,8656,横須賀市馬堀町2丁目1-10,9228,17884,1.34,1.09,14.7,20,13.9,40
14602090010,観音崎環状,浦賀港,一般国道１６号,14201,0,1.6,,1043,,1146,2189,1.21,0.22,28.4,30.3,11.1,40
14602090030,観音崎環状,一般国道１６号,浦賀港,14201,0,4.4,横須賀市鴨居1丁目2-16,4252,横須賀市鴨居1丁目2-16,4101,8353,1.29,0.62,25.9,24.3,12.5,40
14602100010,浦賀港久里浜停車場,浦賀港,一般国道１３４号,14201,0,2,,3566,,3740,7306,1.28,0.65,25.1,21.7,12.6,40
14602110010,久里浜港久里浜停車場,久里浜港,一般国道１３４号,14201,0,1.9,,7731,,7959,15690,1.33,1.01,21.7,18.7,20,40
14602120010,久里浜港,久里浜港久里浜停車場,一般国道１３４号,14201,0,3.5,横須賀市野比5丁目6-25,3387,横須賀市野比5丁目6-25,3761,7148,1.27,0.71,34.5,31.2,12.35,40
14602130010,佐島港,,一般国道１３４号,14201,0,2,横須賀市長坂2丁目9-10,1992,横須賀市長坂2丁目9-10,1911,3903,1.23,0.31,,,12.6,30
14602140010,武上宮田,横須賀三崎,横須賀市・三浦市境,14201,0,2.7,横須賀市須軽谷307?11,3925,横須賀市須軽谷307?11,4285,8210,1.3,0.61,20.8,32.1,13,40
14602140020,武上宮田,横須賀市・三浦市境,一般国道１３４号,14210,0,3.1,横須賀市須軽谷307?11,3925,横須賀市須軽谷307?11,4285,8210,1.3,0.59,26,20.6,13,40
14602150010,上宮田金田三崎港,一般国道１３４号,,14210,0,6,三浦市南下浦町金田1001-6,2455,三浦市南下浦町金田1001-6,1985,4440,1.24,0.5,37.6,40.1,12.25,30
14602150020,上宮田金田三崎港,,横須賀三崎,14210,0,5.2,三浦市三崎町六合1769,610,三浦市三崎町六合1769,621,1231,1.21,0.14,,,12.25,30
14602160010,油壺,,横須賀三崎,14210,0,2.1,三浦市三崎町小網代1354-2,2236,三浦市三崎町小網代1354-2,2614,4850,1.25,0.49,,,10.5,30
14602170010,逗子葉山横須賀,鎌倉葉山,葉山町・逗子市境,14301,0,0.8,三浦郡葉山町上山口1087,7257,三浦郡葉山町上山口1087,7623,14880,1.32,1.07,14,39.7,13,50
14602170020,逗子葉山横須賀,葉山町・逗子市境,逗子市・葉山町境,14208,0,0.4,三浦郡葉山町上山口1087,7257,三浦郡葉山町上山口1087,7623,14880,1.32,1,39.5,45.5,10.5,50
14602170030,逗子葉山横須賀,逗子市・葉山町境,横須賀葉山,14301,0,1.2,三浦郡葉山町上山口1087,7257,三浦郡葉山町上山口1087,7623,14880,1.32,1,40.9,24,13,50
14602170040,逗子葉山横須賀,横須賀葉山,葉山町・横須賀市境,14301,0,1.6,横須賀市湘南国際村1丁目3?1,3381,横須賀市湘南国際村1丁目3?1,3740,7121,1.29,0.79,42.5,41.5,14.25,30
14602170050,逗子葉山横須賀,葉山町・横須賀市境,一般国道１３４号,14201,0,2.4,横須賀市湘南国際村1丁目3?1,3381,横須賀市湘南国際村1丁目3?1,3740,7121,1.29,0.82,37.5,35.7,14.25,30
14602180010,弥生台桜木町,阿久和鎌倉,瀬谷柏尾,14116,0,1.4,横浜市泉区岡津町2057-18,7566,横浜市泉区岡津町2057-18,7383,14949,1.32,0.57,20.1,19.2,17.5,40
14602180060,弥生台桜木町,一般国道１号,横浜市戸塚区・横浜市南区境,14110,0,0.1,南区六ツ川4-1143,5026,南区六ツ川4-1143,5152,10178,1.33,0.88,5.9,15.3,15.25,40
14602180070,弥生台桜木町,横浜市戸塚区・横浜市南区境,保土ケ谷宮元線,14105,0,3.8,南区六ツ川4-1143,5026,南区六ツ川4-1143,5152,10178,1.33,0.83,15.6,17.6,19,40
14602180080,弥生台桜木町,保土ケ谷宮元線,,14105,0,0.8,横浜市南区井土ケ谷下町212-2,8084,横浜市南区井土ケ谷下町212-2,8304,16388,1.36,0.75,11.6,23.1,21.5,50
14602180090,弥生台桜木町,,横浜市南区道,14105,0,0.2,横浜市南区井土ケ谷下町212-2,8084,横浜市南区井土ケ谷下町212-2,8304,16388,1.36,0.75,20.1,20.2,21.5,50
14602180100,弥生台桜木町,横浜市南区道,藤棚伊勢佐木線,14104,0,1.1,横浜市南区井土ケ谷下町212-2,8084,横浜市南区井土ケ谷下町212-2,8304,16388,1.36,0.82,18.3,16.7,22,50
14602180110,弥生台桜木町,藤棚伊勢佐木線,横浜駅根岸線,14104,0,0.7,中区初音町3-47,7103,中区初音町3-47,9756,16859,1.33,0.74,16.2,17.9,22,50
14602180120,弥生台桜木町,横浜駅根岸線,高島関内線,14104,0,0.5,中区初音町3-47,7103,中区初音町3-47,9756,16859,1.33,0.74,9.9,13.6,22,50
14602180130,弥生台桜木町,高島関内線,一般国道１６号,14104,0,0.1,,4764,,8814,13578,1.32,0.69,7.9,11.8,22,50
14602180150,弥生台桜木町,,,14110,0,0.7,横浜市戸塚区川上町464,9066,横浜市戸塚区川上町464,9807,18873,1.37,1.58,19.7,16.1,18,40
14602180160,弥生台桜木町,,横浜市戸塚区・横浜市泉区境,14110,0,0.3,横浜市戸塚区川上町464,9066,横浜市戸塚区川上町464,9807,18873,1.37,1.76,19.7,6.2,18,40
14602180030,弥生台桜木町,横浜市戸塚区・横浜市泉区境,横浜市戸塚区道,14116,0,0.5,横浜市戸塚区川上町464,9066,横浜市戸塚区川上町464,9807,18873,1.37,0.78,11.5,15.2,18,40
14602180040,弥生台桜木町,横浜市戸塚区道,環状２号線,14110,0,1.5,横浜市戸塚区川上町464,9066,横浜市戸塚区川上町464,9807,18873,1.37,0.87,19.1,24.9,18,40
14603010005,大船停車場,大船停車場矢部,腰越大船,14204,0,0.6,,2655,,2539,5194,1.26,0.47,11.7,6.1,12,30
14603010010,大船停車場,腰越大船,横浜鎌倉,14204,0,0.8,,2655,,2539,5194,1.26,0.47,13.9,15,12,30
14603020010,小袋谷藤沢,横浜鎌倉,小袋谷藤沢,14204,0,1.2,,3939,,3694,7633,1.29,0.63,21.7,21.2,11,30
14603020020,小袋谷藤沢,小袋谷藤沢,阿久和鎌倉,14204,0,0.3,,1672,,2249,3921,1.23,0.35,4.5,4.7,13.5,40
14603020030,小袋谷藤沢,阿久和鎌倉,小袋谷藤沢,14204,0,0.6,,1672,,2249,3921,1.23,0.35,15.6,10.1,13.5,40
14603020040,小袋谷藤沢,小袋谷藤沢,阿久和鎌倉,14204,0,0.2,藤沢市渡内4丁目6?21,3877,藤沢市渡内4丁目6?21,3570,7447,1.35,0.55,12.2,14.4,11,40
14603020050,小袋谷藤沢,阿久和鎌倉,鎌倉市・藤沢市境,14204,0,1.3,藤沢市渡内4丁目6?21,3877,藤沢市渡内4丁目6?21,3570,7447,1.35,0.55,17.8,14.2,11,40
14603020060,小袋谷藤沢,鎌倉市・藤沢市境,田谷藤沢,14205,0,0.7,藤沢市渡内4丁目6?21,3877,藤沢市渡内4丁目6?21,3570,7447,1.35,0.6,22.3,19.3,11,30
14603020070,小袋谷藤沢,田谷藤沢,戸塚茅ヶ崎,14205,0,1.3,藤沢市渡内4丁目6?21,3877,藤沢市渡内4丁目6?21,3570,7447,1.35,0.6,18.5,7.8,11,30
14603020085,小袋谷藤沢,小袋谷藤沢,腰越大船,14204,0,0.4,藤沢市渡内4丁目6?21,3877,藤沢市渡内4丁目6?21,3570,7447,1.35,0.59,19.5,16.2,11,40
14603020090,小袋谷藤沢,腰越大船,腰越大船,14204,0,0.2,藤沢市渡内4丁目6?21,3877,藤沢市渡内4丁目6?21,3570,7447,1.35,0.59,11.5,9.6,11,40
14603020100,小袋谷藤沢,腰越大船,小袋谷藤沢,14204,0,0.3,藤沢市渡内4丁目6?21,3877,藤沢市渡内4丁目6?21,3570,7447,1.35,0.59,10.1,13.1,11,40
14603030010,鎌倉停車場,,横浜鎌倉,14204,0,0.1,,7731,,7959,15690,1.33,0.66,7.6,4.7,18.4,30
14603040010,腰越大船,一般国道１３４号,藤沢鎌倉,14204,0,3.3,鎌倉市腰越4丁目8-1,4079,鎌倉市腰越4丁目8-1,4396,8475,1.3,0.86,15.4,17.9,11.6,40
14603040020,腰越大船,藤沢鎌倉,小袋谷藤沢,14204,0,2.2,鎌倉市腰越4丁目8-1,4079,鎌倉市腰越4丁目8-1,4396,8475,1.3,0.86,19,16.4,11.6,40
14603040060,腰越大船,小袋谷藤沢,,14204,0,0.2,,,,,,,,13.5,9.5,15.3,40
14603040040,腰越大船,,大船停車場,14204,0,0.4,,,,,,,,16.8,8.6,11,40
14603050010,江ノ島,,一般国道１３４号,14205,0,0.8,,,,,,,,50.2,47.2,9.7,40
14603060010,藤沢停車場,,一般国道４６７号,14205,0,0.3,,527,,529,1056,1.21,0.21,,,10.5,30
14603070010,辻堂停車場羽鳥,,伊勢原藤沢,14205,0,1.4,藤沢市羽鳥2丁目2-24,2328,藤沢市羽鳥2丁目2-24,2626,4954,1.24,1.3,,17.1,18.6,30
14603080010,辻堂停車場辻堂,,戸塚茅ヶ崎,14205,0,1.4,藤沢市辻堂元町3丁目12-10,6273,藤沢市辻堂元町3丁目12-10,5702,11975,1.31,0.75,14.3,12.1,14.5,40
14603080020,辻堂停車場辻堂,戸塚茅ヶ崎,一般国道１３４号,14205,0,0.9,藤沢市辻堂元町3丁目12-10,6273,藤沢市辻堂元町3丁目12-10,5702,11975,1.31,0.75,18,18.1,14.5,40
14603090010,茅ヶ崎停車場,,一般国道１号,14207,0,0.2,,2926,,3627,6553,1.27,0.63,8.4,6.1,18.1,30
14603100010,茅ヶ崎停車場茅ヶ崎,,一般国道１３４号,14207,0,1.2,,2926,,3627,6553,1.27,0.56,16.8,16.7,10,30
14603110010,鎌倉葉山,藤沢鎌倉,横浜鎌倉,14204,0,1.4,鎌倉市大町5丁目12?9,5085,鎌倉市大町5丁目12?9,5496,10581,1.3,0.95,16.8,16.4,12.1,40
14603110020,鎌倉葉山,横浜鎌倉,鎌倉市・逗子市境,14204,0,1.5,鎌倉市大町5丁目12?9,5085,鎌倉市大町5丁目12?9,5496,10581,1.3,0.95,17.6,20.2,12.1,40
14603110030,鎌倉葉山,鎌倉市・逗子市境,金沢逗子,14208,0,0.6,鎌倉市大町5丁目12?9,5085,鎌倉市大町5丁目12?9,5496,10581,1.3,0.74,27.8,18,12.1,40
14603110040,鎌倉葉山,金沢逗子,金沢逗子,14208,0,1.3,鎌倉市大町5丁目12?9,5085,鎌倉市大町5丁目12?9,5496,10581,1.3,0.74,25.2,17.6,12.1,40
14603110050,鎌倉葉山,金沢逗子,横須賀逗子,14208,0,0.3,鎌倉市大町5丁目12?9,5085,鎌倉市大町5丁目12?9,5496,10581,1.3,0.74,8.7,12.6,12.1,40
14603110070,鎌倉葉山,横須賀逗子,逗子市・葉山町境,14208,0,0.4,逗子市逗子6丁目6-24,8365,逗子市逗子6丁目6-24,7761,16126,1.35,1.23,14.1,30.4,11.75,40
14603110080,鎌倉葉山,逗子市・葉山町境,一般国道１３４号,14301,0,0.5,逗子市逗子6丁目6-24,8365,逗子市逗子6丁目6-24,7761,16126,1.35,1.26,26.3,19.5,11.75,40
14603110090,鎌倉葉山,一般国道１３４号,逗子葉山横須賀,14301,0,1.8,三浦郡葉山町長柄890,8587,三浦郡葉山町長柄890,8265,16852,1.33,0.95,13.6,15.5,12.5,40
14603120010,田谷藤沢,原宿六ツ浦,横浜市栄区・横浜市戸塚区境,14115,0,0.6,栄区田谷町1155,5300,栄区田谷町1155,7144,12444,1.31,1,4.5,18.2,8.75,40
14603120020,田谷藤沢,横浜市栄区・横浜市戸塚区境,,14110,0,0.2,,7727,,10302,18029,1.33,1.53,6.7,19.4,9,40
14603120030,田谷藤沢,,阿久和鎌倉,14204,0,0.4,鎌倉市関谷878,5324,鎌倉市関谷878,6248,11572,1.33,0.48,16.7,23.1,22.1,40
14603120040,田谷藤沢,阿久和鎌倉,鎌倉市・藤沢市境,14204,0,0.9,鎌倉市関谷660-3,6127,鎌倉市関谷660-3,7083,13210,1.33,0.5,22.8,17.7,22.1,40
14603120050,田谷藤沢,鎌倉市・藤沢市境,小袋谷藤沢,14205,0,0.8,鎌倉市関谷660-3,6127,鎌倉市関谷660-3,7083,13210,1.33,0.54,28.9,22.9,22.1,40
14603120060,田谷藤沢,小袋谷藤沢,藤沢鎌倉,14205,0,1.9,鎌倉市関谷660-3,6127,鎌倉市関谷660-3,7083,13210,1.33,0.54,39.4,26.2,22.1,40
14604010010,瀬谷柏尾,一般国道２４６号,環状４号線（上瀬谷線）,14114,0,3.4,横浜市瀬谷区中央16-12,6455,横浜市瀬谷区中央16-12,6182,12637,1.3,1.48,18.4,22,9.25,40
14604010020,瀬谷柏尾,環状４号線（上瀬谷線）,丸子中山茅ヶ崎,14114,0,1.4,横浜市瀬谷区中央16-12,6455,横浜市瀬谷区中央16-12,6182,12637,1.3,1.48,11.7,10.3,9.25,40
14604010030,瀬谷柏尾,丸子中山茅ヶ崎,横浜厚木,14114,0,0.2,横浜市瀬谷区二ツ橋町162,6815,横浜市瀬谷区二ツ橋町162,5664,12479,1.32,1.21,7.2,8.1,9.25,40
14604010040,瀬谷柏尾,横浜厚木,阿久和鎌倉,14114,0,2.3,横浜市瀬谷区二ツ橋町162,6248,横浜市瀬谷区二ツ橋町162,6379,12627,1.32,1.31,17.2,20.7,9.25,40
14604010050,瀬谷柏尾,阿久和鎌倉,鴨居上飯田線,14114,0,0,横浜市瀬谷区阿久和南2丁目1-6,5330,横浜市瀬谷区阿久和南2丁目1-6,5796,11126,1.31,1.23,14.1,8.3,9.25,40
14604010060,瀬谷柏尾,鴨居上飯田線,横浜市瀬谷区・横浜市泉区境,14114,0,1,横浜市泉区岡津町2057-18,6192,横浜市泉区岡津町2057-18,6259,12451,1.3,1,21,24.3,10.25,40
14604010070,瀬谷柏尾,横浜市瀬谷区・横浜市泉区境,弥生台桜木町,14116,0,1.6,横浜市泉区岡津町2057-18,6192,横浜市泉区岡津町2057-18,6259,12451,1.3,0.99,22,18.8,9.75,40
14604010080,瀬谷柏尾,弥生台桜木町,横浜市泉区・横浜市戸塚区境,14116,0,1,横浜市泉区岡津町2057-18,7032,横浜市泉区岡津町2057-18,7200,14232,1.3,1.07,17.2,15.7,9.75,40
14604010090,瀬谷柏尾,横浜市泉区・横浜市戸塚区境,一般国道１号（横浜新道）,14110,0,1.3,横浜市泉区岡津町2057-18,7032,横浜市泉区岡津町2057-18,7200,14232,1.3,1.07,15.2,8.8,9.25,40
14604010100,瀬谷柏尾,一般国道１号（横浜新道）,一般国道１号,14110,0,0.7,横浜市戸塚区柏尾町444-1,3847,横浜市戸塚区柏尾町444-1,3264,7111,1.3,0.71,9.5,5.8,9.25,40
14604020010,阿久和鎌倉,瀬谷柏尾,鴨居上飯田線,14114,0,0.9,,9965,,8593,18558,1.34,1.66,16.7,18.4,8.5,30
14604020020,阿久和鎌倉,鴨居上飯田線,横浜市瀬谷区・横浜市泉区境,14114,0,1.1,横浜市泉区和泉町5997-9,6183,横浜市泉区和泉町5997-9,5679,11862,1.31,0.85,19.3,23,7.25,40
14604020030,阿久和鎌倉,横浜市瀬谷区・横浜市泉区境,弥生台桜木町,14116,0,0.8,横浜市泉区和泉町5997-9,6183,横浜市泉区和泉町5997-9,5679,11862,1.31,0.84,24.1,20.5,7.5,40
14604020040,阿久和鎌倉,弥生台桜木町,横浜伊勢原,14116,0,1.5,横浜市戸塚区深谷町200,5024,横浜市戸塚区深谷町200,5845,10869,1.31,0.78,20.8,13.3,7.5,40
14604020050,阿久和鎌倉,横浜伊勢原,横浜市泉区・横浜市戸塚区境,14116,0,2.5,横浜市戸塚区深谷町200,5024,横浜市戸塚区深谷町200,5845,10869,1.31,0.7,16,19.6,10.5,40
14604020060,阿久和鎌倉,横浜市泉区・横浜市戸塚区境,環状４号線,14110,0,1.4,横浜市戸塚区深谷町200,5024,横浜市戸塚区深谷町200,5845,10869,1.31,0.87,18.5,12.4,7.25,30
14604020080,阿久和鎌倉,一般国道１号,,14110,0,0.4,,6470,,9958,16428,1.33,1.3,5.1,30,15,40
14604020090,阿久和鎌倉,,田谷藤沢,14204,0,1.2,鎌倉市関谷653-1,4851,鎌倉市関谷653-1,5907,10758,1.3,0.34,16.6,36.9,22.1,40
14604020100,阿久和鎌倉,田谷藤沢,小袋谷藤沢,14204,0,1.6,鎌倉市城廻23,5096,鎌倉市城廻23,5187,10283,1.3,0.36,26.1,21,22.1,40
14604020120,阿久和鎌倉,原宿六ツ浦,,14115,0,0.6,栄区長尾台195,6609,栄区長尾台195,5580,12189,1.32,1,19.9,32.5,11.5,40
14604020130,阿久和鎌倉,,小袋谷藤沢,14204,0,0.9,鎌倉市岡本1丁目2-1,6537,鎌倉市岡本1丁目2-1,5222,11759,1.31,1.04,14.5,17.8,12.5,40
14604030010,菖蒲沢戸塚,横浜伊勢原,藤沢厚木,14205,0,0.7,,4084,,3979,8063,1.29,0.67,22.3,23.9,8.5,40
14604030030,菖蒲沢戸塚,藤沢厚木,一般国道４６７号,14205,0,3.1,藤沢市円行2丁目13-12,3930,藤沢市円行2丁目13-12,4307,8237,1.29,0.87,14.4,12,11.5,40
14604030050,菖蒲沢戸塚,一般国道４６７号,藤沢市道,14205,0,0.9,,6843,,6732,13575,1.32,0.96,13.8,24.9,11.25,40
14604030060,菖蒲沢戸塚,藤沢市道,,14205,0,0.6,,6843,,6732,13575,1.32,0.96,18.1,15.4,11.25,40
14604030070,菖蒲沢戸塚,,環状４号線,14110,0,1.2,戸塚区俣野町155,7127,戸塚区俣野町155,8226,15353,1.32,1.47,18.2,7.3,11,40
14604040010,遠藤茅ヶ崎,藤沢厚木,藤沢市・茅ヶ崎市境,14205,0,2.5,藤沢市遠藤438?5,6020,藤沢市遠藤438?5,5461,11481,1.31,1.37,21.5,20.7,12.75,40
14604040020,遠藤茅ヶ崎,藤沢市・茅ヶ崎市境,藤沢平塚,14207,0,0.1,藤沢市遠藤438?5,6020,藤沢市遠藤438?5,5461,11481,1.31,1.13,30.9,5.1,12.75,40
14604040040,遠藤茅ヶ崎,藤沢平塚,一般国道１号,14207,0,2.8,茅ヶ崎市甘沼592,5606,茅ヶ崎市甘沼592,5587,11193,1.31,0.87,17.1,20.9,12.75,40
14604040050,遠藤茅ヶ崎,一般国道１号,伊勢原藤沢,14207,0,0.1,茅ヶ崎市甘沼592,5606,茅ヶ崎市甘沼592,5587,11193,1.31,0.87,5.1,10.2,12.75,40
14604040060,遠藤茅ヶ崎,伊勢原藤沢,一般国道１号,14207,0,1.5,茅ヶ崎市甘沼592,5606,茅ヶ崎市甘沼592,5587,11193,1.31,0.87,11.5,10.6,12.75,40
14604060010,吉岡海老名,藤沢厚木,横浜厚木,14215,0,5,海老名市国分南3丁目30,4455,海老名市国分南3丁目30,5237,9692,1.3,0.79,29,25.4,11.25,40
14604070010,杉久保座間,藤沢厚木,横浜厚木,14215,0,3.9,,1005,,1001,2006,1.22,0.18,16.2,15.6,8.5,30
14604070020,杉久保座間,横浜厚木,横浜厚木,14215,0,0.1,,1005,,1001,2006,1.22,0.18,3.7,4.8,8.5,30
14604070040,杉久保座間,横浜厚木,海老名市・座間市境,14215,0,2.3,座間市入谷5丁目1979?1,4562,座間市入谷5丁目1979?1,4069,8631,1.3,1.2,10.9,12.8,9.35,40
14604070050,杉久保座間,海老名市・座間市境,藤沢座間厚木,14216,0,1.2,座間市入谷5丁目1979?1,4562,座間市入谷5丁目1979?1,4069,8631,1.3,0.92,23.5,17.2,9.35,40
14604080010,社家停車場,,相模原茅ヶ崎,14215,0,0.4,海老名市上河内175-1,3704,海老名市上河内175-1,3214,6918,1.27,0.65,13.2,17.7,11.35,50
14604080020,社家停車場,相模原茅ヶ崎,藤沢厚木,14215,0,0.6,海老名市上河内175-1,3704,海老名市上河内175-1,3214,6918,1.27,0.65,17.5,16.7,11.35,50
14605020010,淵野辺停車場,,相模原大蔵町,14152,0,0.5,相模原市中央区淵野辺4-37-26,2559,相模原市中央区淵野辺4-37-26,2789,5348,1.27,0.38,10.3,7.3,14.3,40
14605030010,相模原立川,相模原茅ヶ崎,市道南橋本弥栄荘,14152,0,2.1,相模原市中央区上溝5-1-30,7006,相模原市中央区上溝5-1-30,8951,15957,1.33,1.22,13.1,15.7,18,40
14605030020,相模原立川,市道南橋本弥栄荘,一般国道１６号,14152,0,0.2,相模原市中央区上溝5-1-30,7006,相模原市中央区上溝5-1-30,8951,15957,1.33,1.22,15.1,10.1,18,40
14605030040,相模原立川,一般国道１６号,相模原立川線,14152,0,2.5,相模原市中央区宮下本町2-29-7,5884,相模原市中央区宮下本町2-29-7,6071,11955,1.31,0.63,11.2,13.3,14,40
14605040010,相模原停車場,,一般国道１６号,14152,0,0.6,相模原市中央区相模原8丁目1,6396,相模原市中央区相模原8丁目1,6213,12609,1.32,0.59,16.5,14.7,25,40
14605050010,橋本停車場,,一般国道１６号,14151,0,1,相模原市緑区橋本5-1-10,6599,相模原市緑区橋本5-1-10,5722,12321,1.31,0.97,13.2,8,15,40
14605050020,橋本停車場,一般国道１６号,一般国道１６号,14151,0,0.1,相模原市緑区橋本5-1-10,6599,相模原市緑区橋本5-1-10,5722,12321,1.31,1.03,12.6,6.2,15,40
14605060010,八王子城山,八王子城山線,一般国道４１３号,14151,0,0.9,相模原市緑区相原6丁目14,4010,相模原市緑区相原6丁目14,4214,8224,1.3,0.7,17.6,14.9,9,40
14605070010,相武台相模原,座間大和,,14216,0,0.1,相模原市相武台1-1,6309,相模原市相武台1-1,7298,13607,1.37,0.99,8.4,12.1,17.85,40
14605070020,相武台相模原,,市道古淵麻溝台,14153,0,3.1,相模原市中央区緑が丘1-46-28,12407,相模原市中央区緑が丘1-46-28,11358,23765,1.35,1.38,16.9,17.7,18.1,40
14605070030,相武台相模原,市道古淵麻溝台,相模原町田,14153,0,0.6,相模原市中央区緑が丘1-46-28,12407,相模原市中央区緑が丘1-46-28,11358,23765,1.35,1.38,20.1,8.2,18.1,40
14605070040,相武台相模原,相模原町田,相模原市南区・相模原市中央区境,14153,0,1.1,相模原市中央区緑が丘1-46-28,12407,相模原市中央区緑が丘1-46-28,11358,23765,1.35,0.78,15.2,22.5,18,40
14605070050,相武台相模原,相模原市南区・相模原市中央区境,相模原大蔵町,14152,0,1.7,相模原市中央区緑が丘1-46-28,12407,相模原市中央区緑が丘1-46-28,11358,23765,1.35,0.69,17.3,16.4,18,50
14605080010,厚木城山,一般国道１２９号,太井上依知,14212,0,1.3,厚木市上依知27,8769,厚木市上依知27,9157,17926,1.33,1.1,24.7,13.3,9.5,40
14605080020,厚木城山,太井上依知,,14212,0,0.2,厚木市上依知27,8769,厚木市上依知27,9157,17926,1.33,1.1,9.5,6.3,9.5,40
14605080030,厚木城山,,鍛冶谷相模原,14153,0,0.2,神奈川県相模原市南区当麻581-1,5076,神奈川県相模原市南区当麻581-1,5228,10304,1.3,0.65,7.4,10.6,6.5,40
14605080050,厚木城山,相模原町田,相模原市南区・相模原市中央区境,14153,0,0.5,神奈川県相模原市南区当麻581-1,5076,神奈川県相模原市南区当麻581-1,5228,10304,1.3,0.65,16.3,17.2,16,40
14605080060,厚木城山,相模原市南区・相模原市中央区境,一般国道１２９号,14152,0,0.8,神奈川県相模原市南区当麻581-1,5076,神奈川県相模原市南区当麻581-1,5228,10304,1.3,0.55,22.6,10.8,10.5,40
14605080080,厚木城山,一般国道１２９号,相模原茅ヶ崎,14152,0,0.6,神奈川県相模原市南区当麻581-1,5076,神奈川県相模原市南区当麻581-1,5228,10304,1.3,0.62,11.2,11.5,10.5,40
14605080100,厚木城山,相模原茅ヶ崎,一般国道１２９号,14152,0,1.1,相模原市中央区上溝3-6-41,4885,相模原市中央区上溝3-6-41,4063,8948,1.3,0.59,15.4,21.6,9.8,40
14605080110,厚木城山,一般国道１２９号,相模原大磯,14151,0,1.1,相模原市緑区下九沢611-4,5791,相模原市緑区下九沢611-4,5131,10922,1.29,0.64,23.5,12.5,9.2,40
14605080130,厚木城山,相模原大磯,厚木城山,14151,0,2.3,相模原市緑区下九沢1933,6061,相模原市緑区下九沢1933,6150,12211,1.31,1.07,15.7,19.7,10.6,40
14605080140,厚木城山,厚木城山,厚木城山,14151,0,1.8,相模原市緑区下九沢1933,6061,相模原市緑区下九沢1933,6150,12211,1.31,0.91,17.4,13.4,13.8,40
14605080150,厚木城山,厚木城山,鍛冶谷相模原,14151,0,0.6,相模原市緑区下九沢1933,6061,相模原市緑区下九沢1933,6150,12211,1.31,0.88,16.9,15.9,15.2,40
14605080160,厚木城山,鍛冶谷相模原,厚木城山,14151,0,0.2,相模原市緑区下九沢1933,6061,相模原市緑区下九沢1933,6150,12211,1.31,0.88,11.6,18.5,15.2,40
14605080170,厚木城山,厚木城山,一般国道４１３号,14151,0,0.3,相模原市緑区下九沢1933,6061,相模原市緑区下九沢1933,6150,12211,1.31,0.88,24.9,31.8,15.2,40
14605080210,厚木城山,厚木城山,長竹川尻,14151,0,0.1,相模原市緑区下九沢1933,6061,相模原市緑区下九沢1933,6150,12211,1.31,0.83,6.5,18.7,12.8,30
14605080190,厚木城山,厚木城山,厚木城山,14151,0,1,相模原市緑区下九沢1933,6061,相模原市緑区下九沢1933,6150,12211,1.31,1.04,15.5,14.5,17.5,40
14605090010,相武台下停車場,,,14153,0,0.1,,527,,529,1056,1.21,0.11,17.9,4.9,7.6,30
14605090020,相武台下停車場,,相模原茅ヶ崎,14216,0,0.3,,527,,529,1056,1.21,0.11,20.3,12,10.35,30
14605100010,長竹川尻,一般国道４１２号,厚木愛川津久井,14151,0,1.7,相模原市緑区根小屋1230,1879,相模原市緑区根小屋1230,2100,3979,1.25,0.5,26.7,41.2,9.4,40
14605100020,長竹川尻,厚木愛川津久井,長竹川尻,14151,0,2.5,相模原市緑区根小屋1230,1879,相模原市緑区根小屋1230,2100,3979,1.25,0.45,45.1,44.8,10,40
14605100030,長竹川尻,長竹川尻,太井上依知,14151,0,0.4,相模原市緑区根小屋1230,1879,相模原市緑区根小屋1230,2100,3979,1.25,0.45,25.5,32.2,10,40
14605100040,長竹川尻,太井上依知,厚木城山,14151,0,1,相模原市緑区根小屋1230,1879,相模原市緑区根小屋1230,2100,3979,1.25,0.45,29.9,30.8,10,40
14605100050,長竹川尻,厚木城山,一般国道４１３号,14151,0,0.1,相模原市緑区根小屋1230,1879,相模原市緑区根小屋1230,2100,3979,1.25,0.45,17.4,8.1,10,40
14605100110,長竹川尻,長竹川尻,一般国道４６８号（圏央道）,14151,0,0.5,相模原市緑区根小屋1510,9978,相模原市緑区根小屋1510,10042,20020,1.33,0.44,43.2,51,21.9,60
14605100120,長竹川尻,一般国道４６８号（圏央道）,厚木愛川津久井,14151,0,1.3,相模原市緑区根小屋1510,9978,相模原市緑区根小屋1510,10042,20020,1.33,0.44,62.6,49.7,21.9,60
14605100130,長竹川尻,厚木愛川津久井,,14151,0,0.3,相模原市緑区根小屋1510,9978,相模原市緑区根小屋1510,10042,20020,1.33,0.44,31.4,29.8,21.9,60
14605100070,長竹川尻,長竹川尻,鍛冶谷相模原,14151,0,0.7,相模原市緑区根小屋1230,1879,相模原市緑区根小屋1230,2100,3979,1.25,0.2,21.9,15.1,24.3,60
14605100080,長竹川尻,鍛冶谷相模原,厚木城山,14151,0,0.5,相模原市緑区根小屋1230,1879,相模原市緑区根小屋1230,2100,3979,1.25,0.2,25.6,8.4,24.3,60
14605110020,太井上依知,長竹川尻,,14151,0,6,愛甲郡愛川町角田933-1,3861,愛甲郡愛川町角田933-1,3579,7440,1.27,0.56,42.1,37.7,9.7,40
14605110030,太井上依知,,相模原愛川,14401,0,0.4,愛川町角田1021,4997,愛川町角田1021,6092,11089,1.34,0.78,29.1,7.1,9.05,40
14605110050,太井上依知,相模原大磯,愛川町・厚木市境,14401,0,2.6,厚木市上依知704-1,6294,厚木市上依知704-1,7151,13445,1.31,1.05,27.3,43.5,7.25,40
14605110060,太井上依知,愛川町・厚木市境,一般国道１２９号,14212,0,0.8,厚木市上依知704-1,6294,厚木市上依知704-1,7151,13445,1.31,1.08,40.1,33.6,9.05,40
14605110070,太井上依知,一般国道１２９号,厚木城山,14212,0,0.7,厚木市上依知704-1,6294,厚木市上依知704-1,7151,13445,1.31,1.08,33,,9.05,40
14605130010,鳥屋川尻,伊勢原津久井,一般国道４１２号,14151,0,3.5,相模原市緑区鳥屋94,1798,相模原市緑区鳥屋94,1897,3695,1.24,0.29,42.6,42.7,13,30
14605130030,鳥屋川尻,一般国道４１２号,厚木愛川津久井,14151,0,3.2,相模原市緑区根小屋2019,1740,相模原市緑区根小屋2019,1825,3565,1.23,0.35,29.6,30.9,9.2,40
14605130050,鳥屋川尻,一般国道４１３号,三井相模湖,14151,0,1.5,相模原市緑区中沢591,591,相模原市緑区中沢591,566,1157,1.21,0.18,24.5,36.9,9,40
14605130060,鳥屋川尻,三井相模湖,一般国道４１３号,14151,0,3.3,相模原市緑区中沢591,591,相模原市緑区中沢591,566,1157,1.21,0.18,33.3,26.5,9.2,40
14605140010,宮ケ瀬愛川,伊勢原津久井,清川村・愛川町境,14402,0,2.1,愛甲郡清川村宮ヶ瀬954-1,1005,愛甲郡清川村宮ヶ瀬954-1,997,2002,1.22,0.23,52.1,50.9,11.75,40
14605140020,宮ケ瀬愛川,清川村・愛川町境,一般国道４１２号,14401,0,2.7,愛甲郡清川村宮ヶ瀬954-1,1005,愛甲郡清川村宮ヶ瀬954-1,997,2002,1.22,0.23,41.9,40.1,11.75,40
14605150010,三井相模湖,鳥屋川尻,,14151,0,2.3,,224,,222,446,1.11,0.92,24.5,23.8,3.7,30
14605150030,三井相模湖,,,14151,0,1.6,,,,,,,,,,3.3,30
14605150050,三井相模湖,,奥牧野相模湖,14151,0,2.2,,224,,222,446,1.11,0.09,18.4,19.3,6.4,30
14605150060,三井相模湖,奥牧野相模湖,一般国道２０号,14151,0,1.4,相模原市緑区千木良499?1,1743,相模原市緑区千木良499?1,1553,3296,1.23,0.28,34.8,32.3,6.4,30
14605160010,浅川相模湖,,,14151,0,1.5,相模原市緑区千木良1545,94,相模原市緑区千木良1545,91,185,1.37,0.54,,,1.2,30
14605160030,浅川相模湖,,一般国道２０号,14151,0,1.6,相模原市緑区千木良1545,94,相模原市緑区千木良1545,91,185,1.37,0.54,25.6,16.7,3.2,30
14605170010,奥牧野相模湖,四日市場上野原,山北藤野,14151,0,3.6,相模原市緑区牧野7029,847,相模原市緑区牧野7029,896,1743,1.22,0.29,33.1,35.3,7.7,40
14605170060,奥牧野相模湖,一般国道４１２号,三井相模湖,14151,0,1.6,相模原市緑区牧野14529,175,相模原市緑区牧野14529,225,400,1.11,0.07,27.5,39.9,11,40
14605170030,奥牧野相模湖,山北藤野,藤野津久井,14151,0,3.7,相模原市緑区寸沢嵐3459,415,相模原市緑区寸沢嵐3459,465,880,1.2,0.11,30.4,29.1,8.7,30
14605170040,奥牧野相模湖,藤野津久井,一般国道４１２号,14151,0,4,相模原市緑区若柳718,2169,相模原市緑区若柳718,1935,4104,1.24,0.5,36.6,34.4,8.7,30
14605180010,藤野津久井,奥牧野相模湖,一般国道４１３号,14151,0,6.4,相模原市緑区牧野2984,171,相模原市緑区牧野2984,191,362,1.11,0.05,30.6,33,6.4,40
14605190010,相模湖停車場,,一般国道２０号,14151,0,0.1,,537,,535,1072,1.21,0.14,4.8,4.5,14,40
14605200010,吉野上野原停車場,一般国道２０号,吉野上野原停車場,14151,0,0.3,相模原市緑区日連1590,1243,相模原市緑区日連1590,1115,2358,1.2,0.31,16.6,28.9,13.3,30
14605200020,吉野上野原停車場,吉野上野原停車場,山北藤野,14151,0,1.8,相模原市緑区日連1590,1243,相模原市緑区日連1590,1115,2358,1.2,0.31,30.8,30.4,13.3,30
14605200040,吉野上野原停車場,山北藤野,吉野上野原停車場線,14151,0,3.2,相模原市緑区日連1590,1243,相模原市緑区日連1590,1115,2358,1.2,0.29,31.8,36.5,9.4,40
14605200060,吉野上野原停車場,一般国道２０号,吉野上野原停車場,14151,0,0.1,相模原市緑区日連1590,1243,相模原市緑区日連1590,1115,2358,1.2,10.4,,,5,30
14605210010,佐野川上野原,上野原八王子線,棡原藤野,14151,0,6.1,相模原市緑区佐野川2037,444,相模原市緑区佐野川2037,366,810,1.19,0.12,37,34.2,10.2,30
14605210020,佐野川上野原,棡原藤野,棡原藤野,14151,0,1.3,相模原市緑区佐野川2037,444,相模原市緑区佐野川2037,366,810,1.19,0.13,31.8,31.5,7.2,30
14605210030,佐野川上野原,棡原藤野,佐野川上野原線,14151,0,1.1,相模原市緑区佐野川2037,444,相模原市緑区佐野川2037,366,810,1.19,0.13,33.9,36.3,7.2,30
14605220010,棡原藤野,棡原藤野線,佐野川上野原,14151,0,2,相模原市緑区佐野川3108,532,相模原市緑区佐野川3108,611,1143,1.22,0.18,36.9,40,9.5,40
14605220030,棡原藤野,佐野川上野原,一般国道２０号,14151,0,3.7,相模原市緑区澤井547,613,相模原市緑区澤井547,711,1324,1.21,0.15,37.7,36.4,9.7,40
14605230010,藤野停車場,一般国道２０号,,14151,0,0.1,,537,,535,1072,1.21,0.16,3.3,6.7,6.8,40
14606010010,酒井金田,一般国道１２９号,愛甲石田停車場酒井,14212,0,0.3,厚木市岡田4丁目28-24,7562,厚木市岡田4丁目28-24,6162,13724,1.33,1.03,16.1,12.8,9.5,40
14606010020,酒井金田,愛甲石田停車場酒井,藤沢厚木,14212,0,3.1,厚木市岡田4丁目28-24,7562,厚木市岡田4丁目28-24,6162,13724,1.33,1.03,21.6,13.1,9.5,40
14606010030,酒井金田,藤沢厚木,藤沢厚木,14212,0,0.5,,5392,,3224,8616,1.3,1.09,10.8,9.5,11.1,40
14606010040,酒井金田,藤沢厚木,一般国道１２９号,14212,0,2.2,厚木市金田299,3333,厚木市金田299,5660,8993,1.3,1.07,12,15.8,11.1,40
14606020010,本厚木停車場,,藤沢厚木,14212,0,0.5,厚木市中町2丁目12-15　,5448,厚木市中町2丁目12-15　,5077,10525,1.31,0.84,10.8,5.7,18.25,40
14606030010,上粕屋厚木,大山板戸,相模原大磯,14214,0,2.4,,6700,,9953,16653,1.33,1.3,24.6,26.7,11.85,40
14606030030,上粕屋厚木,相模原大磯,一般国道２４６号,14212,0,2.9,,3849,,4066,7915,1.29,0.52,24.8,19.7,13.6,50
14606030050,上粕屋厚木,一般国道２４６号,一般国道２４６号,14212,0,1.9,厚木市恩名1丁目13-40,6374,厚木市恩名1丁目13-40,4748,11122,1.31,1.08,17.4,18.4,15,40
14606030060,上粕屋厚木,一般国道２４６号,藤沢厚木,14212,0,0.7,厚木市恩名1丁目13-40,6374,厚木市恩名1丁目13-40,4748,11122,1.31,1.08,9.6,10.5,15,40
14606030080,上粕屋厚木,大山板戸,新東名高速道路,14214,0,0.7,,,,,,,,32.3,34.8,19,60
14606030090,上粕屋厚木,新東名高速道路,,14214,0,0.6,,,,,,,,35.4,30.5,19,60
14606040010,愛甲石田停車場酒井,一般国道２４６号,愛甲石田停車場酒井,14212,0,0.2,,7887,,8932,16819,1.33,1.15,5.1,16.2,12.6,40
14606040020,愛甲石田停車場酒井,愛甲石田停車場酒井,愛甲石田停車場酒井,14212,0,0,,7887,,8932,16819,1.33,1.15,5.5,19.1,12.6,40
14606040030,愛甲石田停車場酒井,愛甲石田停車場酒井,相模原大磯,14212,0,0.6,,957,,1151,2108,1.2,0.23,15.7,22.2,12.6,40
14606040040,愛甲石田停車場酒井,相模原大磯,一般国道１２９号,14212,0,0.9,,957,,1151,2108,1.2,0.23,19.1,13.2,12.6,40
14606040050,愛甲石田停車場酒井,一般国道１２９号,酒井金田,14212,0,0.2,,957,,1151,2108,1.2,0.23,6.8,10.5,12.6,40
14606040070,愛甲石田停車場酒井,愛甲石田停車場酒井,一般国道２７１号(小田原厚木道路),14212,0,0.3,厚木市愛甲東1丁目8-10,5258,厚木市愛甲東1丁目8-10,4762,10020,1.32,0.79,6.5,11.5,12.6,40
14606040090,愛甲石田停車場酒井,一般国道２４６号,伊勢原市・厚木市境,14214,0,0.2,伊勢原市下谷1217,1064,伊勢原市下谷1217,868,1932,1.21,0.24,6.4,9.8,8,30
14606040100,愛甲石田停車場酒井,伊勢原市・厚木市境,愛甲石田停車場酒井,14212,0,0.3,伊勢原市下谷1217,1064,伊勢原市下谷1217,868,1932,1.21,0.19,17.9,14.8,12.6,40
14606050010,下粕屋平塚,横浜伊勢原,伊勢原藤沢,14214,0,2.1,伊勢原市下谷1217,6198,伊勢原市下谷1217,6543,12741,1.25,1.05,29.3,26.9,12.25,30
14606050020,下粕屋平塚,伊勢原藤沢,伊勢原市・平塚市境,14214,0,0,伊勢原市下谷1217,6198,伊勢原市下谷1217,6543,12741,1.25,1.05,12.2,18.5,12.25,30
14606050030,下粕屋平塚,伊勢原市・平塚市境,平塚伊勢原,14203,0,3.4,伊勢原市下谷1217,6198,伊勢原市下谷1217,6543,12741,1.25,1.02,30.3,28.8,12.25,30
14606060010,大島明石,伊勢原藤沢,一般国道１号,14203,0,5.2,平塚市西八幡1丁目13,8202,平塚市西八幡1丁目13,6691,14893,1.33,0.91,17.1,19.4,13.85,40
14606070010,平塚港平塚停車場,,一般国道１２９号,14203,0,0.4,,1192,,1076,2268,1.2,0.24,23.7,17.5,15,40
14606070020,平塚港平塚停車場,一般国道１２９号,平塚停車場袖ケ浜,14203,0,1,,1192,,1076,2268,1.2,0.24,14.2,15.8,15,40
14606080010,平塚停車場袖ケ浜,平塚港平塚停車場,一般国道１３４号,14203,0,1.2,平塚市夕陽ケ丘4-36　,2029,平塚市夕陽ケ丘4-36　,1726,3755,1.24,0.17,16.5,14.7,28.75,40
14606090010,公所大磯,相模原大磯,公所大磯,14203,0,3.6,平塚市山下28-1,6364,平塚市山下28-1,7309,13673,1.32,1.09,20.5,22.5,13.35,40
14606090020,公所大磯,公所大磯,平塚市・大磯町境,14203,0,0.1,平塚市山下28-1,6364,平塚市山下28-1,7309,13673,1.32,1.09,14.4,23,13.35,40
14606090030,公所大磯,平塚市・大磯町境,大磯町・平塚市境,14341,0,0.2,平塚市山下28-1,6364,平塚市山下28-1,7309,13673,1.32,0.95,19.8,26.8,13.35,40
14606090040,公所大磯,大磯町・平塚市境,平塚市・大磯町境,14203,0,0.4,平塚市山下28-1,6364,平塚市山下28-1,7309,13673,1.32,1.08,17.2,25.6,13.35,40
14606090050,公所大磯,平塚市・大磯町境,一般国道１号,14341,0,0.2,平塚市山下28-1,6364,平塚市山下28-1,7309,13673,1.32,1.18,23.2,11.8,13.35,40
14606090070,公所大磯,公所大磯,,14203,0,0.1,,1398,,1222,2620,1.21,0.21,,,13.35,40
14606100010,大磯停車場,,一般国道１号,14341,0,0.2,,527,,529,1056,1.21,0.17,18,8,8.6,30
14606110010,大山板戸,,大山秦野,14214,0,1,,4525,,4299,8824,1.3,0.71,15,,12,40
14606110015,大山板戸,大山秦野,大山板戸,14214,0,1.1,,4525,,4299,8824,1.3,0.71,42.8,,12,40
14606110020,大山板戸,大山板戸,上粕屋厚木,14214,0,1.8,,4525,,4299,8824,1.3,0.71,,,12,40
14606110030,大山板戸,上粕屋厚木,上粕屋厚木,14214,0,0.4,,4525,,4299,8824,1.3,0.71,24.4,21,12,40
14606110040,大山板戸,上粕屋厚木,一般国道２４６号,14214,0,1.8,伊勢原市上粕屋850　,2572,伊勢原市上粕屋850　,2146,4718,1.29,0.4,21.4,18,10.5,30
14606110060,大山板戸,大山板戸,,14214,0,0.8,,,,,,,,43.4,39.5,10.1,40
14606120010,上粕屋南金目,上粕屋厚木,一般国道２４６号,14214,0,1.8,伊勢原市三ノ宮1087,4176,伊勢原市三ノ宮1087,4172,8348,1.26,0.82,23.3,22,12,40
14606120030,上粕屋南金目,一般国道２４６号,伊勢原市・秦野市境,14214,0,0.5,秦野市鶴巻北1丁目24-8,5354,秦野市鶴巻北1丁目24-8,5088,10442,1.3,1.25,7.5,21,11.25,30
14606120040,上粕屋南金目,伊勢原市・秦野市境,曽屋鶴巻,14211,0,0.9,秦野市鶴巻北1丁目24-8,5354,秦野市鶴巻北1丁目24-8,5088,10442,1.3,1.52,13.2,16.6,11.25,30
14606120050,上粕屋南金目,曽屋鶴巻,秦野市・平塚市境,14211,0,0.8,秦野市鶴巻940,3840,秦野市鶴巻940,2811,6651,1.27,0.51,19.3,22.7,11.6,30
14606120060,上粕屋南金目,秦野市・平塚市境,平塚秦野,14203,0,1.6,秦野市鶴巻940,3840,秦野市鶴巻940,2811,6651,1.27,0.56,24.2,17.2,11.6,30
14606130010,曽屋鶴巻,平塚秦野,南矢名東海大学前停車場,14211,0,3.4,秦野市鶴巻南2丁目2-26　,4501,秦野市鶴巻南2丁目2-26　,3958,8459,1.29,0.94,22.6,24.2,12.1,30
14606130020,曽屋鶴巻,南矢名東海大学前停車場,上粕屋南金目,14211,0,0.8,秦野市鶴巻南2丁目2-26　,4501,秦野市鶴巻南2丁目2-26　,3958,8459,1.29,0.94,19.8,23.1,12.1,30
14606140010,南矢名東海大学前停車場,曽屋鶴巻,,14211,0,0.3,,1778,,2392,4170,1.24,0.3,5.7,7.2,11.25,30
14607010010,大山秦野,大山板戸,伊勢原市・秦野市境,14214,0,2.2,,,,,,,,,,7.25,30
14607010020,大山秦野,伊勢原市・秦野市境,,14211,0,1.4,,,,,,,,,,7.25,30
14607010040,大山秦野,,,14211,0,0.7,,224,,222,446,1.11,0.16,,,7.25,30
14607010060,大山秦野,,,14211,0,0.3,,,,,,,,,,7.25,30
14607010080,大山秦野,,秦野清川,14211,0,0.4,,224,,222,446,1.11,0.16,,,7.25,30
14607030010,二宮停車場,,一般国道１号,14342,0,0.1,,527,,529,1056,1.21,0.14,17.7,15,15.6,60
14607040010,秦野停車場,,堀山下秦野停車場,14211,0,0,,2926,,3627,6553,1.27,0.68,,3.3,12.25,40
14607040020,秦野停車場,堀山下秦野停車場,堀山下秦野停車場,14211,0,0.6,,2926,,3627,6553,1.27,0.68,10.5,8.8,12.25,40
14607040030,秦野停車場,堀山下秦野停車場,秦野二宮,14211,0,0.7,,2926,,3627,6553,1.27,0.68,14.9,18,12.25,40
14607040040,秦野停車場,秦野二宮,一般国道２４６号,14211,0,0.2,,2926,,3627,6553,1.27,0.68,11.1,8.2,12.25,40
14607050010,堀山下秦野停車場,丹沢公園松原町,堀山下秦野停車場,14211,0,5.1,,9059,,10439,19498,1.34,1.64,22.3,22.4,10.85,40
14607050020,堀山下秦野停車場,堀山下秦野停車場,秦野停車場,14211,0,1.1,,9059,,10439,19498,1.34,1.64,14.4,11.2,10.85,40
14607050030,堀山下秦野停車場,秦野停車場,秦野停車場,14211,0,0.5,秦野市本町1丁目10-15,3338,秦野市本町1丁目10-15,3920,7258,1.33,0.63,,,10.85,40
14607050050,堀山下秦野停車場,一般国道２４６号,堀山下秦野停車場,14211,0,0.3,,,,,,,,22.8,21.4,7.7,30
14607060010,丹沢公園松原町,,堀山下秦野停車場,14211,0,2.3,秦野市堀川553,4379,秦野市堀川553,3962,8341,1.3,0.77,30.6,32.7,12.25,40
14607060020,丹沢公園松原町,堀山下秦野停車場,一般国道２４６号,14211,0,2.2,秦野市堀川553,4379,秦野市堀川553,3962,8341,1.3,0.77,20.2,16.2,12.25,40
14607070010,渋沢停車場,,一般国道２４６号,14211,0,0.1,,,,,,,,6,3.6,11.35,30
14607080005,秦野大井,一般国道２４６号,秦野大井,14211,0,3,秦野市渋沢2915,2992,秦野市渋沢2915,2311,5303,1.21,0.74,19.1,27.4,12.5,30
14607080060,秦野大井,秦野大井,秦野市・大井町境,14211,0,0.1,秦野市渋沢2915,2992,秦野市渋沢2915,2311,5303,1.21,0.93,48.5,50.1,9.8,40
14607080070,秦野大井,秦野市・大井町境,秦野大井,14362,0,0.8,秦野市渋沢2915,2992,秦野市渋沢2915,2311,5303,1.21,0.93,48.9,51.1,9.8,40
14607080020,秦野大井,秦野大井,平塚松田,14362,0,1.8,秦野市渋沢2915,2992,秦野市渋沢2915,2311,5303,1.21,0.8,38.8,37.1,10.5,30
14607080010,秦野大井,秦野大井,秦野市・大井町境,14211,0,0.1,秦野市渋沢2915,2992,秦野市渋沢2915,2311,5303,1.21,0.87,,,6,30
14607080015,秦野大井,秦野市・大井町境,秦野大井,14362,0,1.1,秦野市渋沢2915,2992,秦野市渋沢2915,2311,5303,1.21,0.82,,,8,30
14607090010,中井羽根尾,平塚松田,中井町・小田原市境,14361,0,2.1,小田原市小竹2002,5250,小田原市小竹2002,5367,10617,1.29,0.86,30.9,31.9,11.1,40
14607090020,中井羽根尾,中井町・小田原市境,小田原市道,14206,0,0.5,小田原市小竹2002,5250,小田原市小竹2002,5367,10617,1.29,0.99,40.8,27.7,11.1,40
14607090030,中井羽根尾,小田原市道,一般国道１号,14206,0,2.9,小田原市小竹2002,5250,小田原市小竹2002,5367,10617,1.29,0.99,27.6,24.5,11.1,40
14607100010,神縄神山,山北藤野,神縄神山,14364,0,0.1,,224,,222,446,1.11,0.06,42.6,42.7,11.1,40
14607100020,神縄神山,神縄神山,,14364,0,2.3,,224,,222,446,1.11,0.06,37.2,23.4,11.1,40
14607100040,神縄神山,,山北町・松田町境,14364,0,4.5,,,,,,,,,,11.1,40
14607100050,神縄神山,山北町・松田町境,玄倉山北,14363,0,0.2,,,,,,,,,,7.25,60
14607100060,神縄神山,玄倉山北,,14363,0,4.2,,,,,,,,,,7.25,60
14607100080,神縄神山,,松田町・秦野市境,14363,0,8.2,,1183,,1307,2490,1.2,0.28,,,11.35,30
14607100090,神縄神山,松田町・秦野市境,一般国道２４６号,14211,0,0,,1183,,1307,2490,1.2,0.28,18.5,8.5,11.35,30
14607100100,神縄神山,一般国道２４６号,秦野市・松田町境,14211,0,0.8,,1183,,1307,2490,1.2,0.28,27.8,34.6,11.35,30
14607100110,神縄神山,秦野市・松田町境,平塚松田,14363,0,1.2,,1183,,1307,2490,1.2,0.28,37.7,31.9,11.35,30
14607100130,神縄神山,山北藤野,神縄神山,14364,0,0.3,,224,,222,446,1.11,0.03,,31.4,7.8,40
14607110010,小田原松田,一般国道２５５号,沼田国府津,14206,0,1.7,,1845,,1809,3654,1.23,0.44,15.8,20.1,12.4,40
14607110130,小田原松田,沼田国府津,市道0092号,14206,0,0.8,,,,,,,,28.4,23,9.75,40
14607110140,小田原松田,市道0092号,栢山停車場曽我,14206,0,1.9,,,,,,,,28.4,27.4,9.75,40
14607110075,小田原松田,栢山停車場曽我,小田原松田線,14362,0,1.8,足柄上郡大井町金手924-4,4797,足柄上郡大井町金手924-4,4949,9746,1.3,0.42,31,30.8,25,50
14607110080,小田原松田,小田原松田線,御殿場大井,14362,0,1,足柄上郡大井町金手924-4,4797,足柄上郡大井町金手924-4,4949,9746,1.3,0.42,28.4,20.7,25,50
14607110100,小田原松田,御殿場大井,大井町・松田町境,14362,0,0.1,,7121,,7770,14891,1.33,1.4,8,20.9,9.75,30
14607110110,小田原松田,大井町・松田町境,松田国府津,14363,0,1,,7121,,7770,14891,1.33,1.75,18.5,20.9,10.55,40
14607110170,小田原松田線,怒田開成小田原,開成町・大井町境,14366,0,0.5,,,,,,,,37.2,43.1,17.3,50
14607110180,小田原松田線,開成町・大井町境,小田原松田,14362,0,0.4,,,,,,,,39.5,26.3,17.3,50
14607110020,小田原松田,沼田国府津,一般国道２５５号,14206,0,0.9,,1845,,1809,3654,1.23,0.49,,,9.75,40
14607120010,松田停車場,,松田国府津,14363,0,0.2,足柄上郡開成町吉田島2489-2　,4522,足柄上郡開成町吉田島2489-2　,4851,9373,1.3,0.93,,,10.55,40
14607120030,松田停車場,松田国府津,松田町・開成町境,14363,0,0.5,足柄上郡開成町吉田島2489-2　,4522,足柄上郡開成町吉田島2489-2　,4851,9373,1.3,0.93,24.3,42,10.55,40
14607120040,松田停車場,松田町・開成町境,怒田開成小田原,14366,0,1.1,足柄上郡開成町吉田島2489-2　,4522,足柄上郡開成町吉田島2489-2　,4851,9373,1.3,0.82,31,28.3,10.85,40
14607140010,栢山停車場曽我,怒田開成小田原,小田原市・大井町境,14206,0,0.9,足柄上郡大井町西大井585-21,4278,足柄上郡大井町西大井585-21,5390,9668,1.3,0.78,21.5,24.4,9,40
14607140020,栢山停車場曽我,小田原市・大井町境,小田原松田,14362,0,0,足柄上郡大井町西大井585-21,4278,足柄上郡大井町西大井585-21,5390,9668,1.3,0.92,23.6,15.7,9.4,40
14607110070,栢山停車場曽我,小田原松田,一般国道２５５号,14362,0,0.8,,1852,,1802,3654,1.23,0.37,28.4,22.8,8.4,40
14607110060,栢山停車場曽我,一般国道２５５号,大井町道,14362,0,0.2,足柄上郡大井町西大井585-21,1533,足柄上郡大井町西大井585-21,1378,2911,1.23,0.6,11.8,10.9,4.9,40
14607140040,栢山停車場曽我,大井町道,大井町・小田原市境,14362,0,0.7,小田原市曽我大沢107,290,小田原市曽我大沢107,275,565,1.14,0.08,,,6.8,40
14607140050,栢山停車場曽我,大井町・小田原市境,松田国府津,14206,0,0.2,小田原市曽我大沢107,290,小田原市曽我大沢107,275,565,1.14,2.65,11,,3.7,40
14607150010,栢山停車場塚原,小田原山北,南足柄市・小田原市境,14217,0,0.8,小田原市栢山3613-2,4930,小田原市栢山3613-2,4752,9682,1.28,1.06,12.8,20.7,12.1,40
14607150020,栢山停車場塚原,南足柄市・小田原市境,怒田開成小田原,14206,0,1,小田原市栢山3613-2,4930,小田原市栢山3613-2,4752,9682,1.28,0.81,22.7,11.8,12.1,40
14607170050,成田下曽我停車場,一般国道２５５号,小田原市道,14206,0,0.3,小田原市千代326-1　　,3535,小田原市千代326-1　　,3223,6758,1.27,0.69,9.3,21,6.7,40
14607160010,成田下曽我停車場,小田原市道,成田下曽我停車場,14206,0,2.5,小田原市千代326-1　　,3535,小田原市千代326-1　　,3223,6758,1.27,0.8,22.6,22.5,9.35,30
14607160020,成田下曽我停車場,成田下曽我停車場,松田国府津,14206,0,0.1,小田原市千代326-1　　,3535,小田原市千代326-1　　,3223,6758,1.27,0.8,27.1,9.5,9.35,30
14607160040,成田下曽我停車場,成田下曽我停車場,,14206,0,0.2,小田原市千代326-1　　,3535,小田原市千代326-1　　,3223,6758,1.27,0.57,,,9.35,30
14607170010,沼田国府津,小田原山北,南足柄市・小田原市境,14217,0,0.2,,4569,,4869,9438,1.3,0.9,27.7,6.2,12.5,40
14607170020,沼田国府津,南足柄市・小田原市境,市道0092号,14206,0,1.2,小田原市新屋204-4,3925,小田原市新屋204-4,3955,7880,1.27,0.81,14.7,19.2,12.5,40
14607170095,沼田国府津,怒田開成小田原,小田原松田,14206,0,1.1,小田原市成田1015,8172,小田原市成田1015,8239,16411,1.33,0.65,15.9,,25.1,50
14607170100,沼田国府津,小田原松田,小田原松田,14206,0,0.4,小田原市成田1015,8172,小田原市成田1015,8239,16411,1.33,0.65,15.5,18.8,25.1,50
14607170110,沼田国府津,小田原松田,一般国道２５５号,14206,0,0.1,小田原市成田1015,8172,小田原市成田1015,8239,16411,1.33,0.65,16.2,6.7,25.1,50
14607170120,沼田国府津,一般国道２５５号,小田原市道,14206,0,0.6,小田原市高田252-3,11361,小田原市高田252-3,11735,23096,1.34,0.9,12.2,23.9,25.1,50
14607170170,沼田国府津,小田原市道,小田原市道,14206,0,1.3,小田原市高田252-3,11361,小田原市高田252-3,11735,23096,1.34,0.9,26.2,29.1,25.1,50
14607170080,沼田国府津,小田原市道,松田国府津,14206,0,1.6,,7655,,7488,15143,1.33,0.55,33.4,34.2,25.1,50
14607180010,鴨ノ宮停車場矢作,,鴨ノ宮停車場,14206,0,0.1,,3092,,3167,6259,1.27,0.6,15.7,8.3,13.6,30
14607180020,鴨ノ宮停車場矢作,鴨ノ宮停車場,小田原市道,14206,0,0.6,,3092,,3167,6259,1.27,0.6,17.6,11.5,13.6,30
14607180030,鴨ノ宮停車場矢作,小田原市道,小田原市道,14206,0,0.8,,3092,,3167,6259,1.27,0.6,14.4,17.7,13.6,30
14607170070,鴨ノ宮停車場矢作,小田原市道,小田原市道,14206,0,0.7,小田原市鴨宮555　　,2901,小田原市鴨宮555　　,3298,6199,1.33,0.57,19,18.6,7.7,40
14607190010,鴨ノ宮停車場,鴨ノ宮停車場矢作,怒田開成小田原,14206,0,0.4,小田原市南鴨宮2丁目46-11,6260,小田原市南鴨宮2丁目46-11,6163,12423,1.31,0.94,14.3,13.8,15,40
14607190020,鴨ノ宮停車場,怒田開成小田原,一般国道１号,14206,0,0.9,小田原市南鴨宮2丁目46-11,6260,小田原市南鴨宮2丁目46-11,6163,12423,1.31,0.94,20.8,18.6,15,40
14607200010,怒田開成小田原,小田原山北,南足柄市・開成町境,14217,0,1.2,南足柄市班目744,1228,南足柄市班目744,1233,2461,1.21,0.37,23.8,37.9,10.1,30
14607200020,怒田開成小田原,南足柄市・開成町境,松田停車場,14366,0,1.8,南足柄市班目744,1228,南足柄市班目744,1233,2461,1.21,0.39,34.7,33.6,10.1,30
14607200030,怒田開成小田原,松田停車場,御殿場大井,14366,0,1,南足柄市班目744,1228,南足柄市班目744,1233,2461,1.21,0.39,18.6,21.2,10.1,30
14607200045,怒田開成小田原,御殿場大井,小田原松田線,14366,0,1.1,足柄上郡開成町吉田島3939-1,3371,足柄上郡開成町吉田島3939-1,3218,6589,1.26,0.45,14.5,19.9,10.9,40
14607200050,怒田開成小田原,小田原松田線,開成町・小田原市境,14366,0,0.2,足柄上郡開成町吉田島3939-1,3371,足柄上郡開成町吉田島3939-1,3218,6589,1.26,0.45,11.9,22.4,10.9,40
14607200060,怒田開成小田原,開成町・小田原市境,栢山停車場塚原,14206,0,1.4,足柄上郡開成町吉田島3939-1,3371,足柄上郡開成町吉田島3939-1,3218,6589,1.26,0.33,30.7,26.1,8,40
14607200070,怒田開成小田原,栢山停車場塚原,栢山停車場曽我,14206,0,0.4,小田原市栢山2065-1　　,3606,小田原市栢山2065-1　　,3319,6925,1.32,0.55,7,11,10.85,40
14607200080,怒田開成小田原,栢山停車場曽我,沼田国府津,14206,0,1.6,小田原市栢山2065-1　　,3606,小田原市栢山2065-1　　,3319,6925,1.32,0.55,21.9,21.2,10.85,40
14607200090,怒田開成小田原,沼田国府津,沼田国府津,14206,0,0.7,,10552,,9603,20155,1.34,1.04,18.8,20.6,13.2,40
14607200100,怒田開成小田原,沼田国府津,小田原山北,14206,0,1.6,,10552,,9603,20155,1.34,1.04,17.6,15.6,13.2,40
14607200110,怒田開成小田原,小田原山北,一般国道２５５号,14206,0,0.6,,10552,,9603,20155,1.34,1,8.6,10,9.3,30
14607200120,怒田開成小田原,一般国道２５５号,鴨ノ宮停車場,14206,0,2.6,小田原市南鴨宮1丁目17-3　,9258,小田原市南鴨宮1丁目17-3　,8865,18123,1.33,1.55,15.9,18.6,14,40
14607210010,東山北停車場,,小田原山北,14364,0,1.7,,2124,,2052,4176,1.24,0.47,25.9,28.9,9.8,40
14607230010,関本小涌谷,小田原山北,,14217,0,3.1,,1007,,1106,2113,1.2,0.36,,,7.5,40
14607230070,関本小涌谷,,一般国道１３８号,14382,0,0.1,,224,,222,446,1.11,0.05,,,5,40
14607230090,関本小涌谷,一般国道１３８号,仙石原強羅停車場,14382,0,1,足柄下郡箱根町二ノ平1202-14,994,足柄下郡箱根町二ノ平1202-14,1264,2258,1.21,0.56,24.8,23.2,10.6,30
14607230100,関本小涌谷,仙石原強羅停車場,一般国道１号,14382,0,1.4,足柄下郡箱根町二ノ平1202-14,994,足柄下郡箱根町二ノ平1202-14,1264,2258,1.21,0.56,,22.1,10.6,30
14607230030,関本小涌谷,,南足柄市・小田原市境,14217,0,5.6,,,,,,,,,,1,20
14607230040,関本小涌谷,南足柄市・小田原市境,小田原市・箱根町境,14206,0,0.5,,,,,,,,,,1,20
14607230050,関本小涌谷,小田原市・箱根町境,,14382,0,2.3,,,,,,,,,,4,40
14607240010,早川停車場,,一般国道１３５号,14206,0,0.3,,527,,529,1056,1.21,1.46,,,5.75,60
14607250010,玄倉山北,神縄神山,松田町・山北町境,14363,0,0.2,,,,,,,,,,1,60
14607250020,玄倉山北,松田町・山北町境,,14364,0,3.6,,,,,,,,,,1,60
14607250040,玄倉山北,,玄倉山北,14364,0,5.5,,224,,222,446,1.11,0.04,,,9.8,60
14607250050,玄倉山北,玄倉山北,玄倉山北,14364,0,0.4,,224,,222,446,1.11,0.04,,27.7,9.8,60
14607250060,玄倉山北,玄倉山北,山北藤野,14364,0,0.1,,224,,222,446,1.11,0.04,,7.6,9.8,60
14607250080,玄倉山北,玄倉山北,玄倉山北,14364,0,0.4,,224,,222,446,1.11,0.04,,,9.8,60
14607260010,矢倉沢山北,御殿場大井,矢倉沢山北,14217,0,0.1,,1256,,1221,2477,1.2,0.28,,,11.5,40
14607260020,矢倉沢山北,矢倉沢山北,矢倉沢山北,14217,0,0.2,,1256,,1221,2477,1.2,0.28,,,11.5,40
14607260030,矢倉沢山北,矢倉沢山北,南足柄市・山北町境,14217,0,3.1,,1256,,1221,2477,1.2,0.28,,,11.5,40
14607260040,矢倉沢山北,南足柄市・山北町境,一般国道２４６号,14364,0,1.3,,1256,,1221,2477,1.2,0.29,42.8,9.1,11.5,40
14607260060,矢倉沢山北,矢倉沢山北,矢倉沢山北,14217,0,0.2,,1256,,1221,2477,1.2,0.31,,,6.5,30
14607270010,川西,山北藤野,山北藤野,14364,0,1.9,,522,,519,1041,1.21,0.74,37.6,42.1,5.75,30
14607280010,谷峨停車場,山北藤野,山北藤野,14364,0,0.4,,692,,678,1370,1.22,0.62,,,7.8,60
14607290010,山北山中湖,山北藤野,,14364,0,3.5,,224,,222,446,1.11,0.29,,,9.35,40
14607290030,山北山中湖,,山北山中湖線,14364,0,12.5,足柄上郡山北町世附（三国峠）,170,足柄上郡山北町世附（三国峠）,161,331,1.11,0.08,,,9.35,40
14607300010,山中湖小山,山中湖小山線,山中湖小山線,14364,0,1.6,,129,,141,270,1.37,0.03,38.1,37.7,8.25,30
14607310080,矢倉沢仙石原（はこね金太郎ライン）,御殿場大井,南足柄市・箱根町境,14217,0,8.5,南足柄市地内,236,南足柄市地内,236,472,1.11,0.27,27.6,24.2,5,20
14607310090,矢倉沢仙石原（はこね金太郎ライン）,南足柄市・箱根町境,一般国道１３８号,14382,0,2.4,南足柄市地内,236,南足柄市地内,236,472,1.11,0.27,30.7,22.5,5,20
14607310010,矢倉沢仙石原,,,14217,0,2,,224,,222,446,1.11,0.72,,,3.5,30
14607310030,矢倉沢仙石原,,南足柄市・箱根町境,14217,0,3,,224,,222,446,1.11,2.02,,,3.5,30
14607310040,矢倉沢仙石原,南足柄市・箱根町境,,14382,0,0.6,,236,,235,471,1.13,1.47,,,3.5,30
14607310060,矢倉沢仙石原,,一般国道１３８号,14382,0,0.5,,236,,235,471,1.13,0.53,,,3.5,30
14607320010,湯本元箱根,一般国道１号,一般国道１号（箱根新道）,14382,0,3.4,足柄下郡箱根町湯本363　　,2053,足柄下郡箱根町湯本363　　,1831,3884,1.23,0.45,22.2,27.3,11,30
14607320020,湯本元箱根,一般国道１号（箱根新道）,一般国道１号,14382,0,7.3,足柄下郡箱根町湯本363　　,2053,足柄下郡箱根町湯本363　　,1831,3884,1.23,0.45,39.9,36.9,11,30
14607330010,仙石原強羅停車場,湯河原箱根仙石原,関本小涌谷,14382,0,5.6,,522,,519,1041,1.21,0.09,,26.8,11.5,20
14607340010,大涌谷小涌谷,,大涌谷湖尻,14382,0,1.3,(箱根町強羅),1032,(箱根町強羅),1072,2104,1.21,0.25,40.1,31.4,11.35,40
14607340020,大涌谷小涌谷,大涌谷湖尻,一般国道１号,14382,0,4.9,(箱根町強羅),1032,(箱根町強羅),1072,2104,1.21,0.25,35.4,34.8,11.35,40
14607350010,大涌谷湖尻,大涌谷小涌谷,湯河原箱根仙石原,14382,0,2.5,,692,,678,1370,1.22,0.19,32.5,34.1,12.75,40
14607360010,御殿場箱根,御殿場箱根線,長尾芦川,14382,0,0.2,,63,,58,121,1.37,0.03,23.7,21.6,7.75,30
14607360020,御殿場箱根,長尾芦川,一般国道１３８号,14382,0,3.2,,63,,58,121,1.37,0.03,27.4,26.6,7.75,30
14607370010,長尾芦川,御殿場箱根,,14382,0,0.9,,,,,,,,,,3,30
14607370030,長尾芦川,,,14382,0,2.5,,224,,222,446,1.11,0.72,,,3,30
14607370050,長尾芦川,,仙石原新田,14382,0,1.3,,,,,,,,,,3,30
14607370060,長尾芦川,仙石原新田,,14382,0,7.7,,,,,,,,,,3,30
14607370080,長尾芦川,,一般国道１号,14382,0,1.9,,224,,222,446,1.11,0.74,,,3,30
14607380010,仙石原新田,長尾芦川,,14382,0,0.5,,,,,,,,,,1.25,60
14607390010,真鶴半島公園,一般国道１３５号,,14383,0,0.2,,1245,,1186,2431,1.21,0.23,9.1,16.2,11.75,30
14607390020,真鶴半島公園,,,14383,0,5.9,,1245,,1186,2431,1.21,0.23,30.6,33,11.75,30
14607400010,小田原湯河原,一般国道１３５号,小田原市・真鶴町境,14206,0,5.2,小田原市江之浦418,955,小田原市江之浦418,741,1696,1.21,0.26,33.3,35,10.75,30
14607400020,小田原湯河原,小田原市・真鶴町境,真鶴町・湯河原町境,14383,0,4,足柄下郡真鶴町真鶴1860　,1865,足柄下郡真鶴町真鶴1860　,2029,3894,1.25,0.54,34,,10.75,30
14607400030,小田原湯河原,真鶴町・湯河原町境,一般国道１３５号,14384,0,0.1,足柄下郡真鶴町真鶴1860　,1865,足柄下郡真鶴町真鶴1860　,2029,3894,1.25,0.48,29.4,13.7,10.75,30
14607400040,小田原湯河原,一般国道１３５号,一般国道１３５号,14384,0,0.9,足柄下郡真鶴町真鶴1860　,1865,足柄下郡真鶴町真鶴1860　,2029,3894,1.25,0.38,23.7,17.8,10.75,30
14700010010,山下町第３９号線,新港第７９号線,高速神奈川３号狩場線,14104,0,0.2,,20807,,18349,39156,1.41,3.94,9.5,12.5,21.5,50
14700010020,山下町第３９号線,高速神奈川３号狩場線,高速神奈川３号狩場線,14104,0,0.7,,20807,,18349,39156,1.41,3.36,22.1,20.1,57,50
14700010030,山下町第３９号線,高速神奈川３号狩場線,一般国道３５７号,14104,0,0.4,,20807,,18349,39156,1.41,3.36,18.5,22.2,57,50
14700010040,山下町第３９号線,一般国道３５７号,本牧第２８号線,14104,0,1.1,,20807,,18349,39156,1.41,3.36,21.7,20.6,57,50
14700020020,本牧第２８号線,一般国道３５７号,山下町第３９号線,14104,0,0.9,,3837,,4326,8163,1.29,0.18,23,26.7,36,50
14700030010,栄本町線,一般国道１５号,横浜市神奈川区・横浜市西区境,14102,0,0.3,神奈川区金港町1,10094,神奈川区金港町1,8182,18276,1.39,0.37,18.4,27.1,39.5,50
14700030020,栄本町線,横浜市神奈川区・横浜市西区境,高速神奈川１号横羽線,14103,0,1.5,神奈川区金港町1,10094,神奈川区金港町1,8182,18276,1.39,0.5,21.7,20,40.25,50
14700030030,栄本町線,高速神奈川１号横羽線,横浜市西区・横浜市中区境,14103,0,0.1,西区みなとみらい2-2,17142,西区みなとみらい2-2,18805,35947,1.42,0.81,10.4,15.7,40.25,50
14700030040,栄本町線,横浜市西区・横浜市中区境,一般国道１３３号,14104,0,0.8,西区みなとみらい2-2,17142,西区みなとみらい2-2,18805,35947,1.42,0.59,15.5,18.4,39.25,50
14700040010,新横浜元石川線,環状２号線,宮内新横浜線,14109,0,0.6,,25109,,20578,45687,1.43,1.59,12.9,23.7,25,50
14700040020,新横浜元石川線,宮内新横浜線,横浜生田,14109,0,0.7,,25109,,20578,45687,1.43,1.18,17,26.6,32,60
14700040040,新横浜元石川線,横浜生田,横浜市港北区・横浜市都筑区境,14109,0,0.4,港北区小机町1718,21405,港北区小机町1718,20583,41988,1.43,0.78,20.7,24.5,32,60
14700040050,新横浜元石川線,横浜市港北区・横浜市都筑区境,高速神奈川７号横浜北線,14118,0,0.5,港北区小机町1718,21405,港北区小机町1718,20583,41988,1.43,1.07,22.2,21.8,32,60
14700040060,新横浜元石川線,高速神奈川７号横浜北線,川崎町田,14118,0,0.2,,21872,,19004,40876,1.41,1.65,22.6,19.7,32,60
14700040070,新横浜元石川線,川崎町田,大熊東山田線,14118,0,1.4,,21872,,19004,40876,1.41,1.55,22.2,18.9,31.5,60
14700040080,新横浜元石川線,大熊東山田線,丸子中山茅ヶ崎,14118,0,0.9,,18968,,21228,40196,1.41,1.04,31.5,28.8,40.25,60
14700040100,新横浜元石川線,丸子中山茅ヶ崎,佐江戸北山田線,14118,0,0.3,,18968,,21228,40196,1.41,2.05,19.4,14.5,40,60
14700040110,新横浜元石川線,佐江戸北山田線,中山北山田線,14118,0,1.2,横浜市都筑区茅ケ崎南5丁目26-36 ,12026,横浜市都筑区茅ケ崎南5丁目26-36 ,12545,24571,1.3,1.33,24.5,28.8,40,60
14700040120,新横浜元石川線,中山北山田線,横浜市都筑区・横浜市青葉区境,14118,0,1.6,横浜市都筑区茅ケ崎南5丁目26-36 ,10818,横浜市都筑区茅ケ崎南5丁目26-36 ,11739,22557,1.3,1.17,32.5,26.2,40,60
14700040130,新横浜元石川線,横浜市都筑区・横浜市青葉区境,一般国道２４６号,14117,0,0.8,横浜市都筑区茅ケ崎南5丁目26-36 ,10818,横浜市都筑区茅ケ崎南5丁目26-36 ,11739,22557,1.3,1.57,28.2,11.2,25,50
14700040140,新横浜元石川線,一般国道２４６号,横浜生田,14117,0,1.4,横浜市青葉区美しが丘5丁目14-3,8592,横浜市青葉区美しが丘5丁目14-3,5689,14281,1.32,1.06,11.9,15.4,18,40
14700050010,柴線（柴町第１１０号線）,一般国道３５７号,泥亀釜利谷線,14108,0,1.4,横浜市金沢区寺前2丁目27,8937,横浜市金沢区寺前2丁目27,8793,17730,1.34,1.13,26.1,27.3,26.75,60
14700060010,泥亀釜利谷線,柴線（柴町第１１０号線）,一般国道１６号,14108,0,2,横浜市金沢区寺前2丁目27,8102,横浜市金沢区寺前2丁目27,7984,16086,1.34,1.07,20,13.2,11.75,40
14700070010,関内本牧線,一般国道１６号,高速神奈川１号横羽線,14104,0,0.5,,13597,,12932,26529,1.37,1.92,12.3,11.6,25,50
14700070020,関内本牧線,高速神奈川１号横羽線,山下高砂線,14104,0,0.2,,13597,,12932,26529,1.37,1.54,10,15.1,22.25,50
14700070030,関内本牧線,山下高砂線,山下長津田線（山下町第１３２号線）,14104,0,0.5,,13597,,12932,26529,1.37,1.54,19,19.3,22.25,50
14700070040,関内本牧線,山下長津田線（山下町第１３２号線）,山下本牧磯子線,14104,0,2.3,,13597,,12932,26529,1.37,1.54,20.1,22.2,22.25,50
14700080010,高島関内線,一般国道１号,横浜市西区・横浜市中区境,14103,0,0.9,西区花咲町4-1107,10157,西区花咲町4-1107,11184,21341,1.34,0.64,21.3,26,29,50
14700080020,高島関内線,横浜市西区・横浜市中区境,弥生台桜木町,14104,0,0.3,西区花咲町4-1107,10157,西区花咲町4-1107,11184,21341,1.34,0.69,28.7,16.2,24,50
14700090010,山下高砂線,一般国道１３３号,新港第７９号線,14104,0,0.2,,17541,,15758,33299,1.4,1.45,8,8.1,21.75,50
14700090020,山下高砂線,新港第７９号線,関内本牧線,14104,0,0.5,,17541,,15758,33299,1.4,1.45,12.3,14.6,21.75,50
14700090030,山下高砂線,関内本牧線,山下長津田線（山下町第１３２号線）,14104,0,0.2,中区千歳町34,10548,中区千歳町34,9376,19924,1.38,1.15,13.4,11.7,21.75,50
14700090040,山下高砂線,山下長津田線（山下町第１３２号線）,横浜駅根岸線,14104,0,0.4,中区千歳町34,10548,中区千歳町34,9376,19924,1.38,1.15,19.4,17.2,21.75,50
14700090050,山下高砂線,横浜駅根岸線,横浜市中区・横浜市南区境,14104,0,0.3,中区千歳町34,10548,中区千歳町34,9376,19924,1.38,1.15,18.9,18.3,21.75,50
14700090060,山下高砂線,横浜市中区・横浜市南区境,一般国道１６号,14105,0,1.3,中区千歳町34,10548,中区千歳町34,9376,19924,1.38,1.2,14.7,13.6,22.5,50
14700100010,五貫目第３３号線,一般国道２４６号,環状４号線（鴨志田線）,14114,0,1.6,旭区上川井町1966,8191,旭区上川井町1966,9471,17662,1.35,0.41,14.1,10.9,22,40
14700100020,五貫目第３３号線,環状４号線（鴨志田線）,横浜市瀬谷区・横浜市旭区境,14114,0,0.7,旭区上川井町1966,8191,旭区上川井町1966,9471,17662,1.35,1.17,9.1,14.2,10.25,40
14700100030,五貫目第３３号線,横浜市瀬谷区・横浜市旭区境,一般国道１６号（保土ヶ谷バイパス）,14112,0,0.4,旭区上川井町1966,8191,旭区上川井町1966,9471,17662,1.35,1,8.5,10.1,10.25,40
14700110010,環状３号線,一般国道１６号,横浜逗子線,14107,0,1.2,横浜市磯子区上中里町15-1,10458,横浜市磯子区上中里町15-1,9174,19632,1.33,1.39,20.9,14.5,22,50
14700110020,環状３号線,横浜逗子線,横浜市磯子区・横浜市港南区境,14107,0,1.7,港南区港南台7-46,12532,港南区港南台7-46,13640,26172,1.35,1.6,12.3,24.9,22,50
14700110030,環状３号線,横浜市磯子区・横浜市港南区境,一般国道１６号（横浜横須賀道路）,14111,0,0.1,港南区港南台7-46,12532,港南区港南台7-46,13640,26172,1.35,1.09,23.1,13,22.5,50
14700110040,環状３号線,一般国道１６号（横浜横須賀道路）,舞岡上郷線,14111,0,1.3,横浜市港南区港南台4丁目38-1,9458,横浜市港南区港南台4丁目38-1,10014,19472,1.34,0.79,26,19.4,22.5,50
14700110050,環状３号線,舞岡上郷線,横浜鎌倉,14111,0,1.7,横浜市港南区港南台4丁目38-1,9458,横浜市港南区港南台4丁目38-1,10014,19472,1.34,0.79,24,23.7,22.5,50
14700110060,環状３号線,横浜鎌倉,横浜市港南区・横浜市栄区境,14111,0,0.6,横浜市港南区港南台4丁目38-1,9458,横浜市港南区港南台4丁目38-1,10014,19472,1.34,0.79,15.9,20,22.5,50
14700110070,環状３号線,横浜市港南区・横浜市栄区境,桂町戸塚遠藤線,14115,0,0.5,横浜市港南区港南台4丁目38-1,9458,横浜市港南区港南台4丁目38-1,10014,19472,1.34,0.55,15.9,24.9,22,50
14700110080,環状３号線,桂町戸塚遠藤線,横浜市栄区・横浜市戸塚区境,14115,0,0.4,戸塚区下倉田町1755,10213,戸塚区下倉田町1755,11004,21217,1.37,0.63,9.1,27.4,22,50
14700110090,環状３号線,横浜市栄区・横浜市戸塚区境,横浜市戸塚区・横浜市栄区境,14110,0,0.7,戸塚区下倉田町1755,10213,戸塚区下倉田町1755,11004,21217,1.37,0.62,30.5,24.5,22.5,50
14700110100,環状３号線,横浜市戸塚区・横浜市栄区境,大船停車場矢部,14115,0,0.2,戸塚区下倉田町1755,10213,戸塚区下倉田町1755,11004,21217,1.37,0.64,38.2,26.2,19.5,50
14700110110,環状３号線,大船停車場矢部,横浜市栄区・横浜市戸塚区境,14115,0,0.5,栄区長沼町179,10984,栄区長沼町179,10367,21351,1.37,0.92,29.4,22.8,22,50
14700110120,環状３号線,横浜市栄区・横浜市戸塚区境,,14110,0,0.7,戸塚区戸塚町753,12420,戸塚区戸塚町753,13227,25647,1.4,1.32,26.6,18.5,22.25,40
14700130010,桂町戸塚遠藤線,横浜鎌倉,環状３号線,14115,0,2.2,横浜市栄区桂町158-6 ,4616,横浜市栄区桂町158-6 ,3805,8421,1.3,0.74,18.2,24.5,23,40
14700140010,小机第３５５号線,横浜生田,横浜市港北区・横浜市神奈川区境,14109,0,0.1,神奈川区三枚町141,10054,神奈川区三枚町141,8563,18617,1.37,0.82,8.6,43.6,23,50
14700140020,小机第３５５号線,横浜市港北区・横浜市神奈川区境,鶴見駅三ッ沢線,14102,0,0.9,神奈川区三枚町141,10054,神奈川区三枚町141,8563,18617,1.37,0.65,19.3,24.4,24,50
14700150050,中山北山田線,青砥上星川,横浜市緑区・横浜市都筑区境,14113,0,0.9,,,,,,,,17,22.2,24.9,50
14700150060,中山北山田線,横浜市緑区・横浜市都筑区境,横浜上麻生,14118,0,0.3,,,,,,,,20,10.2,24.9,50
14700150010,中山北山田線,横浜上麻生,横浜上麻生（池辺市ヶ尾線）,14118,0,1.2,,11569,,11797,23366,1.35,1.14,21.2,23.1,23.5,50
14700150020,中山北山田線,横浜上麻生（池辺市ヶ尾線）,新横浜元石川線,14118,0,0.6,横浜市都筑区茅ケ崎南5丁目26-36 ,10073,横浜市都筑区茅ケ崎南5丁目26-36 ,10459,20532,1.23,0.85,12.2,15,23.5,50
14700150030,中山北山田線,新横浜元石川線,横浜生田,14118,0,1.8,横浜市都筑区茅ケ崎南5丁目26-36 ,10073,横浜市都筑区茅ケ崎南5丁目26-36 ,10459,20532,1.23,0.47,17.8,21.6,28.25,50
14700150040,中山北山田線,横浜生田,荏田綱島,14118,0,1.5,,9804,,8187,17991,1.33,0.61,20.7,19.2,28.25,50
14700160040,宮内新横浜線,荏田綱島,川崎町田,14109,0,2.6,横浜市港北区高田西1丁目1-49,6577,横浜市港北区高田西1丁目1-49,7399,13976,1.32,0.68,,,22,50
14700160005,宮内新横浜線,川崎町田,横浜市港北区道,14109,0,1.4,,9207,,7918,17125,1.33,1.46,17.8,18.5,27,50
14700160010,宮内新横浜線,横浜市港北区道,新横浜元石川線,14109,0,0.3,,9207,,7918,17125,1.33,1.46,16.6,9.3,27,50
14700160020,宮内新横浜線,新横浜元石川線,環状２号線,14109,0,0.5,,9316,,8011,17327,1.33,0.37,14.7,8.7,39.5,50
14700160060,権太坂和泉線,弥生台桜木町,環状４号線,14116,0,1.9,横浜市泉区和泉町4895,3231,横浜市泉区和泉町4895,3477,6708,1.28,0.28,,,25,50
14700170010,大黒橋通,高速湾岸線,高速神奈川１号横羽線,14101,0,3.6,横浜市鶴見区生麦2丁目3,11317,横浜市鶴見区生麦2丁目3,10956,22273,1.46,1.66,23.8,21.8,22.75,40
14700180010,横浜上麻生（池辺市ヶ尾線）,横浜上麻生,丸子中山茅ヶ崎,14118,0,0.7,横浜市都筑区池辺町3939,8717,横浜市都筑区池辺町3939,8777,17494,1.32,0.57,11,26.9,32,50
14700180020,横浜上麻生（池辺市ヶ尾線）,丸子中山茅ヶ崎,中山北山田線,14118,0,1.4,横浜市都筑区池辺町3939,8717,横浜市都筑区池辺町3939,8777,17494,1.32,0.57,36.9,28.3,32,50
14700180030,横浜上麻生（池辺市ヶ尾線）,中山北山田線,横浜市都筑区・横浜市青葉区境,14118,0,0.8,青葉区荏田西5-12,14785,青葉区荏田西5-12,12784,27569,1.43,0.95,18.7,22.9,32,50
14700180040,横浜上麻生（池辺市ヶ尾線）,横浜市都筑区・横浜市青葉区境,横浜上麻生,14117,0,1.1,青葉区荏田西5-12,14785,青葉区荏田西5-12,12784,27569,1.43,0.95,21.5,28.4,22.5,50
14700180060,横浜上麻生（寺家１０５号線）,横浜上麻生,環状４号線（鴨志田線）,14117,0,2.7,横浜市青葉区鉄町55-1,9663,横浜市青葉区鉄町55-1,9109,18772,1.38,0.91,20.5,21,22.5,50
14700180070,横浜上麻生（寺家１０５号線）,環状４号線（鴨志田線）,横浜上麻生,14117,0,0.1,横浜市青葉区鉄町55-1,10016,横浜市青葉区鉄町55-1,11806,21822,1.37,0.96,10.7,21.8,22.5,50
14700190010,横浜逗子線,横浜伊勢原,環状３号線,14107,0,0.2,横浜市磯子区上中里町15-1,6994,横浜市磯子区上中里町15-1,10017,17011,1.34,2.51,19.7,9.5,13.5,40
14700190020,横浜逗子線,環状３号線,横浜市磯子区・横浜市金沢区境,14107,0,2.4,磯子区氷取沢町299,10008,磯子区氷取沢町299,9135,19143,1.35,0.85,20.7,26.4,20.75,50
14700190030,横浜逗子線,横浜市磯子区・横浜市金沢区境,一般国道１６号,14108,0,2.8,磯子区氷取沢町299,10008,磯子区氷取沢町299,9135,19143,1.35,1.03,24.4,21.5,19.75,50
14700200010,環状４号線（鴨志田線）,横浜上麻生（寺家１０５号線）,横浜市青葉区道,14117,0,2.7,横浜市青葉区鉄町55-1,7596,横浜市青葉区鉄町55-1,5938,13534,1.29,1.43,15.6,14.2,16.25,40
14700200020,環状４号線（鴨志田線）,横浜市青葉区道,川崎町田,14117,0,1.2,横浜市青葉区鉄町55-1,7596,横浜市青葉区鉄町55-1,5938,13534,1.29,1.43,14.2,14.3,16.25,40
14700200030,環状４号線（鴨志田線）,川崎町田,横浜市青葉区・横浜市緑区境,14117,0,0.1,青葉区さつきが丘29,8992,青葉区さつきが丘29,9801,18793,1.35,0.61,29.7,17.7,26.5,40
14700200040,環状４号線（鴨志田線）,横浜市青葉区・横浜市緑区境,山下長津田線,14113,0,0.9,青葉区さつきが丘29,8992,青葉区さつきが丘29,9801,18793,1.35,0.78,21.4,16,25,50
14700200050,環状４号線（鴨志田線）,山下長津田線,横浜市緑区道,14113,0,3.2,青葉区さつきが丘29,8992,青葉区さつきが丘29,9801,18793,1.35,0.78,19.3,22.5,25,50
14700200060,環状４号線（鴨志田線）,横浜市緑区道,横浜市緑区・横浜市瀬谷区境,14113,0,0.1,横浜市瀬谷区北町21-1,5909,横浜市瀬谷区北町21-1,6318,12227,1.29,0.97,19.5,23.9,25,50
14700200070,環状４号線（鴨志田線）,横浜市緑区・横浜市瀬谷区境,五貫目第３３号線,14114,0,0.8,横浜市瀬谷区北町21-1,5909,横浜市瀬谷区北町21-1,6318,12227,1.29,1.48,23.6,10.5,25.75,50
14700200090,環状４号線（上瀬谷線）,五貫目第３３号線,瀬谷柏尾,14114,0,1.3,横浜市瀬谷区中央16-12,7932,横浜市瀬谷区中央16-12,7356,15288,1.32,1.01,16.6,19.3,20.5,40
14700200100,環状４号線（上瀬谷線）,瀬谷柏尾,横浜厚木,14114,0,0.8,横浜市瀬谷区中央16-12,10596,横浜市瀬谷区中央16-12,10497,21093,1.34,1.33,13.4,8.7,20.5,40
14700210010,鴨居上飯田線,横浜厚木,横浜市旭区・横浜市瀬谷区境,14112,0,2.9,旭区善部町81,7152,旭区善部町81,8873,16025,1.32,1.27,13.9,17.7,19.25,40
14700210020,鴨居上飯田線,横浜市旭区・横浜市瀬谷区境,瀬谷柏尾,14114,0,0.3,横浜市瀬谷区阿久和南2丁目1-6,7901,横浜市瀬谷区阿久和南2丁目1-6,7234,15135,1.33,1.26,23.5,15.5,12.5,40
14700210030,鴨居上飯田線,瀬谷柏尾,阿久和鎌倉,14114,0,0.5,横浜市瀬谷区阿久和南2丁目1-6,7901,横浜市瀬谷区阿久和南2丁目1-6,7234,15135,1.33,1.26,15.1,14,12.5,40
14700210040,鴨居上飯田線,阿久和鎌倉,横浜市瀬谷区・横浜市泉区境,14114,0,0.9,横浜市瀬谷区阿久和南2丁目1-6,7901,横浜市瀬谷区阿久和南2丁目1-6,7234,15135,1.33,1.26,18.5,23.4,12.5,40
14700210050,鴨居上飯田線,横浜市瀬谷区・横浜市泉区境,横浜市泉区・横浜市瀬谷区境,14116,0,0.3,瀬谷区宮沢4-8,5931,瀬谷区宮沢4-8,6431,12362,1.33,0.92,38,28.1,11.5,40
14700210060,鴨居上飯田線,横浜市泉区・横浜市瀬谷区境,環状４号線,14114,0,0.2,瀬谷区宮沢4-8,5931,瀬谷区宮沢4-8,6431,12362,1.33,1.09,23.3,13.6,20.25,40
14700210070,鴨居上飯田線,環状４号線,,14116,0,0.6,瀬谷区宮沢4-8,5931,瀬谷区宮沢4-8,6431,12362,1.33,1.02,25.1,14.6,11.5,40
14700210090,鴨居上飯田線,川崎町田（川和第３６３号線）,横浜市都筑区・横浜市緑区境,14118,0,0.1,横浜市都筑区池辺町4293,10647,横浜市都筑区池辺町4293,9965,20612,1.31,1.36,4.8,26.2,21.5,40
14700210100,鴨居上飯田線,横浜市都筑区・横浜市緑区境,青砥上星川,14113,0,0.7,横浜市都筑区池辺町4293,10647,横浜市都筑区池辺町4293,9965,20612,1.31,1.24,20.7,30.2,20.5,40
14700220010,長津田奈良線,川崎町田,真光寺長津田,14117,0,2.7,横浜市青葉区奈良町1966-7,4973,横浜市青葉区奈良町1966-7,4813,9786,1.3,0.72,21.7,24.4,16,40
14700220020,長津田奈良線,真光寺長津田,真光寺長津田,14117,0,1.1,横浜市青葉区奈良町1966-7,10554,横浜市青葉区奈良町1966-7,10667,21221,1.37,1.39,19.4,20.5,16,40
14700230010,汐見台平戸線,環状２号線,横浜市磯子区・横浜市南区境,14107,0,2.5,横浜市南区中里１丁目13-21,3656,横浜市南区中里１丁目13-21,3537,7193,1.28,0.57,18.3,20.1,15,40
14700230020,汐見台平戸線,横浜市磯子区・横浜市南区境,横浜鎌倉,14105,0,0.9,横浜市南区中里１丁目13-21,3656,横浜市南区中里１丁目13-21,3537,7193,1.28,0.68,16.3,14.4,8.75,30
14700230030,汐見台平戸線,横浜鎌倉,横浜市南区・横浜市港南区境,14105,0,0.1,横浜市南区中里１丁目13-21,3847,横浜市南区中里１丁目13-21,5394,9241,1.33,0.63,4.6,11.4,16.25,40
14700230040,汐見台平戸線,横浜市南区・横浜市港南区境,横浜市港南区・横浜市南区境,14111,0,0.5,横浜市南区中里１丁目13-21,3847,横浜市南区中里１丁目13-21,5394,9241,1.33,0.7,8.9,14.6,16,40
14700230050,汐見台平戸線,横浜市港南区・横浜市南区境,一般国道１６号（横浜横須賀道路）,14105,0,1.1,横浜市南区中里１丁目13-21,3847,横浜市南区中里１丁目13-21,5394,9241,1.33,0.77,16.1,12.4,10.25,30
14700230060,汐見台平戸線,一般国道１６号（横浜横須賀道路）,横浜市南区・横浜市港南区境,14105,0,0.1,南区別所4-13,5182,南区別所4-13,4996,10178,1.3,0.87,11.6,15.7,10.25,30
14700230070,汐見台平戸線,横浜市南区・横浜市港南区境,横浜市港南区・横浜市戸塚区境,14111,0,2.1,港南区芹が谷5-5,3719,港南区芹が谷5-5,3750,7469,1.29,0.59,15.7,16.1,12.5,30
14700230080,汐見台平戸線,横浜市港南区・横浜市戸塚区境,一般国道１号,14110,0,0,港南区下永谷6-4,5448,港南区下永谷6-4,5360,10808,1.33,0.75,15.3,6.5,15,30
14700240010,新港第７９号線,一般国道１３３号,山下高砂線,14104,0,0.1,,10907,,11446,22353,1.35,1.02,17,13.6,22.25,50
14700240020,新港第７９号線,山下高砂線,山下町第３９号線,14104,0,0.8,,10907,,11446,22353,1.35,1.02,17.6,18.5,22.25,50
14700250010,保土ヶ谷二俣川線,一般国道１号,環状２号線,14106,0,2.3,保土ケ谷区今井町720,3590,保土ケ谷区今井町720,3552,7142,1.3,0.78,16.7,16.3,11,40
14700250020,保土ケ谷二俣川線,環状２号線,横浜市保土ケ谷区・横浜市旭区境,14106,0,1.4,保土ケ谷区今井町720,3590,保土ケ谷区今井町720,3552,7142,1.3,0.78,23.2,23.1,11,40
14700250030,保土ヶ谷二俣川線,横浜市保土ケ谷区・横浜市旭区境,一般国道１６号（保土ヶ谷バイパス）,14112,0,1.3,保土ケ谷区今井町720,3590,保土ケ谷区今井町720,3552,7142,1.3,0.84,15.2,13.5,11,40
14700250040,保土ヶ谷二俣川線,一般国道１６号（保土ヶ谷バイパス）,横浜厚木,14106,0,1.2,,,,,,,,16.8,11.3,7.25,40
14700260010,鴨居第８８号,横浜上麻生,横浜市港北区・横浜市緑区境,14109,0,0.3,緑区東本郷5-3,3149,緑区東本郷5-3,3311,6460,1.28,0.77,7.6,22.4,8,30
14700260020,鴨居第８８号,横浜市港北区・横浜市緑区境,青砥上星川,14113,0,2.2,緑区東本郷5-3,3149,緑区東本郷5-3,3311,6460,1.28,0.79,14.3,11.4,7.5,30
14700270010,新山下第３４号線,山下本牧磯子線,山下町第３９号線,14104,0,0.6,,3782,,4041,7823,1.29,0.63,20,21.6,25,30
14700280010,大熊東山田線,新横浜元石川線,横浜生田,14118,0,0.9,,23463,,25044,48507,1.43,3.35,21.1,20.7,20,60
14700280020,大熊東山田線,横浜生田,一般国道４６６号（第三京浜道路）,14118,0,0.4,,23463,,25044,48507,1.43,3.35,16.1,11.3,20,60
14700280030,大熊東山田線,一般国道４６６号（第三京浜道路）,荏田綱島,14118,0,1.4,,23463,,25044,48507,1.43,3.35,28.8,20,20,60
14700290010,山下長津田線,青砥上星川,環状４号線（鴨志田線）,14113,0,3.2,,14576,,15893,30469,1.39,1.24,18,22.1,25.25,40
14700290020,山下長津田線,環状４号線（鴨志田線）,一般国道２４６号,14113,0,1.2,,5836,,6951,12787,1.32,0.59,21.6,13.8,25.25,40
14700290040,山下長津田線,一般国道２４６号,真光寺長津田,14113,0,0.1,横浜市緑区長津田6丁目21-10,4525,横浜市緑区長津田6丁目21-10,5109,9634,1.3,0.75,5.7,16.5,17.95,30
14700300010,佐江戸北山田線,丸子中山茅ヶ崎,新横浜元石川線,14118,0,0.5,,17068,,15370,32438,1.4,1.13,25.5,20.1,34.5,50
14700300020,佐江戸北山田線,新横浜元石川線,横浜生田,14118,0,1.5,,17068,,15370,32438,1.4,0.76,16.9,20.3,31,50
14700300030,佐江戸北山田線,横浜生田,荏田綱島,14118,0,1.7,,17068,,15370,32438,1.4,0.76,22.8,17.5,31,50
14700310010,川崎町田（川和第３６３号線）,川崎町田,横浜上麻生,14118,0,0.5,横浜市都筑区池辺町4800,14168,横浜市都筑区池辺町4800,13764,27932,1.34,1.31,22.3,9.2,22.25,50
14700310020,川崎町田（川和第３６３号線）,横浜上麻生,川和第１９９号線,14118,0,0.7,横浜市都筑区池辺町4800,14168,横浜市都筑区池辺町4800,13764,27932,1.34,1.31,7.6,18.1,22.25,50
14700310030,川崎町田（川和第３６３号線）,川和第１９９号線,鴨居上飯田線,14118,0,0.5,,15325,,13017,28342,1.38,1.54,13.7,9.7,22.25,50
14700310040,川崎町田（川和第３６３号線）,鴨居上飯田線,丸子中山茅ヶ崎,14118,0,0.6,,15325,,13017,28342,1.38,1.54,14.9,26.5,22.25,50
14700320010,山下長津田線（山下町第１３２号線）,山下町第３９号線,関内本牧線,14104,0,0.6,,,,,,,,14.2,16.6,24.75,50
14700320020,山下長津田線（山下町第１３２号線）,関内本牧線,高速神奈川１号横羽線,14104,0,0.1,,,,,,,,4.2,23,27.75,40
14700320030,山下長津田線（山下町第１３２号線）,高速神奈川１号横羽線,山下高砂線,14104,0,0.6,,,,,,,,17.4,13.9,27.75,40
14700320040,山下長津田線（山下町第１３２号線）,山下高砂線,一般国道１６号,14104,0,0.6,,,,,,,,14.6,12.6,27.75,40
14700320050,山下長津田線（山下町第１３２号線）,一般国道１６号,弥生台桜木町,14104,0,0.7,横浜市中区花咲町1丁目48,9089,横浜市中区花咲町1丁目48,11867,20956,1.34,0.44,20.1,17,26.25,50
14701990010,川和第１９９号線,横浜上麻生,川崎町田（川和第３６３号線）,14118,0,0.5,横浜市都筑区池辺町3939,6216,横浜市都筑区池辺町3939,5232,11448,1.3,0.31,17.9,19.6,32,50
14701990030,舞岡上郷線,横浜鎌倉,環状３号線,14111,0,1.9,横浜市港南区日野8丁目8-12,11276,横浜市港南区日野8丁目8-12,12276,23552,1.35,1.65,20.3,22.3,22,50
14701990040,舞岡上郷線,環状３号線,横浜市港南区・横浜市栄区境,14111,0,0.1,栄区上郷町547,9171,栄区上郷町547,9557,18728,1.33,0.78,11.6,15.6,22,50
14701990050,舞岡上郷線,横浜市港南区・横浜市栄区境,原宿六ツ浦,14115,0,0.7,栄区上郷町547,9171,栄区上郷町547,9557,18728,1.33,1.18,32.3,10.9,16,40
14703390010,市道東本郷第３９９号線,青砥上星川,青砥上星川,14113,0,0.5,,,,,,,,22.9,20.7,18,40
14704640010,市道小菅ヶ谷第４６４号線,横浜鎌倉,原宿六ツ浦,14115,0,0.5,横浜市栄区桂町655,4846,横浜市栄区桂町655,2711,7557,1.26,0.9,15.3,11.8,20.5,50
14730010010,川崎駅丸子線,一般国道４０９号,川崎市幸区・川崎市中原区境,14132,0,0.2,川崎市幸区下平間2317,7145,川崎市幸区下平間2317,6096,13241,1.32,0.7,22.3,23.6,22.3,50
14730010020,川崎駅丸子線,川崎市幸区・川崎市中原区境,大田神奈川,14133,0,0.9,川崎市幸区下平間2317,7145,川崎市幸区下平間2317,6096,13241,1.32,0.67,26.5,25.6,22,50
14730010030,川崎駅丸子線,大田神奈川,川崎駅丸子線,14133,0,1.9,川崎市中原区上丸子山王町2丁目1372,7493,川崎市中原区上丸子山王町2丁目1372,6486,13979,1.32,0.72,26.3,27.8,22,50
14730010040,川崎駅丸子線,川崎駅丸子線,一般国道４０９号,14133,0,1.1,川崎市中原区小杉町2丁目276?1,8392,川崎市中原区小杉町2丁目276?1,6960,15352,1.33,0.77,16.3,15,17.9,40
14730010060,川崎駅丸子線,川崎駅丸子線,東京丸子横浜,14133,0,0.3,川崎市中原区上丸子山王町1丁目865?1,1259,川崎市中原区上丸子山王町1丁目865?1,1142,2401,1.21,0.36,12.2,9.3,19.6,40
14730020010,尻手黒川線,鶴見溝ノ口,宮内新横浜線,14134,0,0.2,川崎市高津区子母口13?1,10101,川崎市高津区子母口13?1,9876,19977,1.34,0.77,11,18.7,19.8,50
14730020020,尻手黒川線,宮内新横浜線,子母口綱島,14134,0,0.3,川崎市高津区子母口13?1,10101,川崎市高津区子母口13?1,9876,19977,1.34,0.77,12.2,17.4,19.8,50
14730020030,尻手黒川線,子母口綱島,丸子中山茅ヶ崎,14134,0,1.1,川崎市高津区子母口13?1,10101,川崎市高津区子母口13?1,9876,19977,1.34,0.77,24,18.9,19.8,50
14730020050,尻手黒川線,横浜生田,稗原線,14136,0,1.5,川崎市宮前区水沢3丁目4?10,8601,川崎市宮前区水沢3丁目4?10,8392,16993,1.33,0.61,20.5,25,20,50
14730020060,尻手黒川線,稗原線,川崎市宮前区・川崎市麻生区境,14136,0,0.9,川崎市宮前区潮見台22?1,11254,川崎市宮前区潮見台22?1,11118,22372,1.35,0.84,22.3,23,20,50
14730020065,尻手黒川線,川崎市宮前区・川崎市麻生区境,菅早野線,14137,0,0.7,川崎市麻生区王禅寺西3丁目12?9,8390,川崎市麻生区王禅寺西3丁目12?9,8630,17020,1.33,1.26,19.6,14,19,40
14730020070,尻手黒川線,菅早野線,万福寺王禅寺線,14137,0,1.5,川崎市麻生区王禅寺西3丁目12?9,8390,川崎市麻生区王禅寺西3丁目12?9,8630,17020,1.33,1.26,13.4,12.7,19,40
14730020080,尻手黒川線,万福寺王禅寺線,世田谷町田線,14137,0,0.7,川崎市麻生区上麻生5丁目9?20,5411,川崎市麻生区上麻生5丁目9?20,6709,12120,1.31,0.92,27.9,21.2,19.5,40
14730030010,二子千年線,幸多摩線,一般国道４０９号,14134,0,0.5,川崎市高津区北見方2丁目33?7,2452,川崎市高津区北見方2丁目33?7,3770,6222,1.27,0.63,15,15,13,40
14730030020,二子千年線,一般国道４０９号,一般国道４６６号（第三京浜道路）,14134,0,0.9,川崎市高津区北見方1丁目11?2,5672,川崎市高津区北見方1丁目11?2,6285,11957,1.32,0.42,12.2,11.7,41.8,40
14730030030,二子千年線,一般国道４６６号（第三京浜道路）,二子千年線,14134,0,0.3,川崎市高津区北見方1丁目11?2,5672,川崎市高津区北見方1丁目11?2,6285,11957,1.32,0.42,6.7,13.4,41.8,40
14730030050,二子千年線,二子千年線,鶴見溝ノ口,14134,0,0.9,川崎市高津区新作4丁目17?29,5206,川崎市高津区新作4丁目17?29,4960,10166,1.3,0.45,16.2,17.8,40.2,40
14730030060,二子千年線,鶴見溝ノ口,子母口宿河原線,14134,0,0.1,川崎市高津区新作4丁目17?29,5206,川崎市高津区新作4丁目17?29,4960,10166,1.3,0.45,17.4,5.3,40.2,40
14730040010,小杉菅線,一般国道４０９号,丸子中山茅ヶ崎,14133,0,1.1,川崎市中原区今井上町83,6610,川崎市中原区今井上町83,6915,13525,1.32,1,11.7,12.8,16.5,40
14730040020,小杉菅線,丸子中山茅ヶ崎,宮内新横浜線,14133,0,1.2,川崎市中原区上小田中3丁目9?7,5871,川崎市中原区上小田中3丁目9?7,5628,11499,1.31,1.03,17.5,19.8,18,40
14730040030,小杉菅線,宮内新横浜線,川崎市中原区・川崎市高津区境,14133,0,0.5,川崎市高津区末長4丁目25?7,7883,川崎市高津区末長4丁目25?7,6182,14065,1.32,1.23,11.4,19.1,18,40
14730040040,小杉菅線,川崎市中原区・川崎市高津区境,二子千年線,14134,0,0.5,川崎市高津区末長4丁目25?7,7883,川崎市高津区末長4丁目25?7,6182,14065,1.32,1.12,20.3,18.8,14.2,40
14730040050,小杉菅線,二子千年線,鶴見溝ノ口,14134,0,1.8,川崎市高津区久本3丁目3?18,5116,川崎市高津区久本3丁目3?18,5800,10916,1.3,1.01,15.8,13.5,14.2,40
14730040060,小杉菅線,鶴見溝ノ口,小杉菅線,14134,0,0.5,川崎市高津区下作延1丁目7?48,6431,川崎市高津区下作延1丁目7?48,6897,13328,1.32,1.01,16.4,12.6,14.2,40
14730040070,小杉菅線,小杉菅線,川崎府中線,14134,0,1.4,川崎市高津区下作延6丁目25?14,6107,川崎市高津区下作延6丁目25?14,5534,11641,1.31,1.03,18.8,20,14.2,40
14730040080,小杉菅線,川崎府中線,川崎市高津区・川崎市多摩区境,14134,0,0.1,川崎市多摩区堰3-5,5365,川崎市多摩区堰3-5,4796,10161,1.3,1.14,11.6,8.5,14.2,40
14730040090,小杉菅線,川崎市高津区・川崎市多摩区境,鹿島田菅線,14135,0,0.2,川崎市多摩区堰3-5,5365,川崎市多摩区堰3-5,4796,10161,1.3,1.17,9.4,7.3,15,40
14730040100,小杉菅線,鹿島田菅線,子母口宿河原線,14135,0,1.4,川崎市多摩区宿河原1丁目2?9,4408,川崎市多摩区宿河原1丁目2?9,5932,10340,1.3,0.93,12.8,18.3,15,40
14730040110,小杉菅線,子母口宿河原線,幸多摩線,14135,0,0.5,川崎市多摩区宿河原1丁目2?9,4408,川崎市多摩区宿河原1丁目2?9,5932,10340,1.3,0.93,18,7.4,15,40
14730040130,小杉菅線,一般国道２４６号,小杉菅線,14134,0,0.2,川崎市高津区下作延7丁目8?18,2633,川崎市高津区下作延7丁目8?18,2949,5582,1.26,0.53,4.7,4.6,9.1,30
14730050010,多摩第３号線,世田谷町田線,,14135,0,4.6,,10492,,11124,21616,1.35,1.52,19.6,20.2,7.5,40
14730060010,稗原線,尻手黒川線,,14136,0,0.2,川崎市宮前区水沢2丁目18,7171,川崎市宮前区水沢2丁目18,7173,14344,1.32,0.54,5.9,18.4,22,50
14730070010,殿町夜光線,一般国道４０９号,一般国道１３２号,14131,0,1.4,川崎市川崎区小島町1,6264,川崎市川崎区小島町1,6192,12456,1.32,0.83,21.1,13,24.8,50
14730070020,殿町夜光線,一般国道１３２号,皐橋水江町線,14131,0,1.5,川崎市川崎区小島町1,6264,川崎市川崎区小島町1,6192,12456,1.32,0.83,11.1,22.2,24.8,50
14730080010,富士見鶴見駅線,一般国道４０９号,一般国道１３２号,14131,0,0.5,川崎市川崎区大島1丁目31?7,4494,川崎市川崎区大島1丁目31?7,4301,8795,1.3,0.4,21.2,18.8,37.6,50
14730080020,富士見鶴見駅線,一般国道１３２号,皐橋水江町線,14131,0,0.5,川崎市川崎区大島1丁目31?7,4494,川崎市川崎区大島1丁目31?7,4301,8795,1.3,0.4,18,13.9,37.6,50
14730080030,富士見鶴見駅線,皐橋水江町線,扇町川崎停車場線,14131,0,0.4,川崎市川崎区大島1丁目31?7,4494,川崎市川崎区大島1丁目31?7,4301,8795,1.3,0.4,11.8,11.5,37.6,50
14730080040,富士見鶴見駅線,扇町川崎停車場線,南幸町渡田線,14131,0,0.8,川崎市川崎区渡田東町18?8,3000,川崎市川崎区渡田東町18?8,2933,5933,1.26,0.36,15.2,13.6,37.6,50
14730090010,皐橋水江町線,扇町川崎停車場線,富士見鶴見駅線,14131,0,0.5,川崎市川崎区藤崎4丁目33?6,9315,川崎市川崎区藤崎4丁目33?6,7579,16894,1.33,1.25,22.1,25.4,25,50
14730090020,皐橋水江町線,富士見鶴見駅線,東京大師横浜線,14131,0,1.7,川崎市川崎区藤崎4丁目33?6,9315,川崎市川崎区藤崎4丁目33?6,7579,16894,1.33,1.25,22.6,18.7,25,50
14730090030,皐橋水江町線,東京大師横浜線,殿町夜光線,14131,0,0.8,川崎市川崎区池上新町3丁目5,9376,川崎市川崎区池上新町3丁目5,9026,18402,1.34,1.91,13.3,23.9,25,50
14730090040,皐橋水江町線,殿町夜光線,,14131,0,1.4,川崎市川崎区池上新町3丁目5,9376,川崎市川崎区池上新町3丁目5,9026,18402,1.34,1.91,30.5,28.5,25,50
14730100010,南幸町渡田線,一般国道１５号,富士見鶴見駅線,14131,0,1.2,川崎市川崎区渡田3丁目4?10,10194,川崎市川崎区渡田3丁目4?10,10679,20873,1.34,0.77,14.3,21.2,27.8,50
14730100020,南幸町渡田線,富士見鶴見駅線,高速神奈川１号横羽線,14131,0,0.9,川崎市川崎区渡田3丁目4?10,10194,川崎市川崎区渡田3丁目4?10,10679,20873,1.34,0.77,23.6,20.2,27.8,50
14730110010,宮内新横浜線,一般国道４０９号,小杉菅線,14133,0,0.8,川崎市中原区上小田中2丁目35?5,4456,川崎市中原区上小田中2丁目35?5,3805,8261,1.29,0.34,16.6,18.2,22,50
14730110020,宮内新横浜線,小杉菅線,丸子中山茅ヶ崎,14133,0,0.8,川崎市中原区新城中町11?1,6196,川崎市中原区新城中町11?1,5891,12087,1.31,0.5,18.4,22,22,50
14730110030,宮内新横浜線,丸子中山茅ヶ崎,川崎市中原区・川崎市高津区境,14133,0,0.6,川崎市中原区下小田中5丁目4?7,5321,川崎市中原区下小田中5丁目4?7,4242,9563,1.3,0.59,13.4,20.7,22,50
14730110040,宮内新横浜線,川崎市中原区・川崎市高津区境,鶴見溝ノ口,14134,0,0.2,川崎市中原区下小田中5丁目4?7,5321,川崎市中原区下小田中5丁目4?7,4242,9563,1.3,0.54,25.5,15.7,21.9,50
14730110050,宮内新横浜線,鶴見溝ノ口,尻手黒川線,14134,0,0.1,川崎市高津区子母口284,5807,川崎市高津区子母口284,3495,9302,1.3,0.55,8,4.3,21.9,50
14730120010,久末鷺沼線,丸子中山茅ヶ崎,川崎市高津区・川崎市宮前区境,14134,0,0.4,川崎市宮前区野川4160,7423,川崎市宮前区野川4160,7420,14843,1.32,1.04,5.8,14.6,15.7,30
14730120020,久末鷺沼線,川崎市高津区・川崎市宮前区境,一般国道２４６号,14136,0,3.6,川崎市宮前区野川4160,7423,川崎市宮前区野川4160,7420,14843,1.32,1.11,22.8,24.1,14.6,30
14730130010,野川柿生線,鶴見溝ノ口,川崎市高津区・川崎市宮前区境,14134,0,2.1,川崎市高津区上作延179,9531,川崎市高津区上作延179,8976,18507,1.51,1.46,14.5,17.1,10.2,40
14730130020,野川柿生線,川崎市高津区・川崎市宮前区境,子母口宿河原線,14136,0,0.5,川崎市高津区上作延179,9531,川崎市高津区上作延179,8976,18507,1.51,1.43,17.1,9.3,11.9,40
14730130030,野川柿生線,子母口宿河原線,向ヶ丘遊園駅菅生線,14136,0,1.1,川崎市宮前区平1丁目1?9,6247,川崎市宮前区平1丁目1?9,6376,12623,1.32,0.96,14,19.4,11.9,40
14730130040,野川柿生線,向ヶ丘遊園駅菅生線,横浜生田,14136,0,1.6,川崎市宮前区初山1丁目22?8,7290,川崎市宮前区初山1丁目22?8,7379,14669,1.32,1.13,19.5,14.8,11.9,40
14730130050,野川柿生線,横浜生田,尻手黒川線,14136,0,1.9,川崎市宮前区菅生ケ丘16?16,3378,川崎市宮前区菅生ケ丘16?16,3261,6639,1.28,0.65,19.3,18.3,11.9,40
14730140010,子母口宿河原線,鶴見溝ノ口,二子千年線,14134,0,0.1,川崎市高津区新作1丁目6?4,6171,川崎市高津区新作1丁目6?4,6375,12546,1.33,1.06,16.4,17.3,12,40
14730140020,子母口宿河原線,二子千年線,一般国道２４６号,14134,0,2,川崎市高津区新作1丁目6?4,6171,川崎市高津区新作1丁目6?4,6375,12546,1.33,1.06,13.4,12.7,12,40
14730140030,子母口宿河原線,一般国道２４６号,川崎市高津区・川崎市宮前区境,14134,0,0.8,川崎市宮前区宮崎3丁目5?31,7337,川崎市宮前区宮崎3丁目5?31,6312,13649,1.32,1.05,12.3,23.7,12,40
14730140040,子母口宿河原線,川崎市高津区・川崎市宮前区境,野川柿生線,14136,0,1.3,川崎市宮前区宮崎3丁目5?31,7337,川崎市宮前区宮崎3丁目5?31,6312,13649,1.32,1.08,22.8,19.7,11.6,40
14730140050,子母口宿河原線,野川柿生線,川崎市宮前区・川崎市多摩区境,14136,0,0.4,川崎市宮前区神木本町1丁目10?5,5598,川崎市宮前区神木本町1丁目10?5,4899,10497,1.31,0.94,20.1,25.7,11.6,40
14730140060,子母口宿河原線,川崎市宮前区・川崎市多摩区境,川崎府中線,14135,0,1,川崎市宮前区神木本町1丁目10?5,5598,川崎市宮前区神木本町1丁目10?5,4899,10497,1.31,1.18,28.4,19.4,10.9,40
14730140070,子母口宿河原線,川崎府中線,鹿島田菅線,14135,0,0.2,川崎市多摩区宿河原3丁目11?18,3600,川崎市多摩区宿河原3丁目11?18,4021,7621,1.28,0.94,15,7.4,10.9,40
14730140080,子母口宿河原線,鹿島田菅線,小杉菅線,14135,0,0.6,川崎市多摩区宿河原3丁目11?18,3600,川崎市多摩区宿河原3丁目11?18,4021,7621,1.28,0.94,10.1,9.9,10.9,40
14730140090,子母口宿河原線,小杉菅線,幸多摩線,14135,0,0.2,川崎市多摩区宿河原3丁目11?18,3600,川崎市多摩区宿河原3丁目11?18,4021,7621,1.28,0.94,10.6,18.8,10.9,40
14730150010,向ヶ丘遊園駅菅生線,川崎府中線,川崎市多摩区・川崎市宮前区境,14135,0,1.7,川崎市多摩区東生田2丁目20?3,4504,川崎市多摩区東生田2丁目20?3,4007,8511,1.28,0.91,10.1,30.8,26.3,40
14730150020,向ヶ丘遊園駅菅生線,川崎市多摩区・川崎市宮前区境,野川柿生線,14136,0,0.2,川崎市多摩区東生田2丁目20?3,4504,川崎市多摩区東生田2丁目20?3,4007,8511,1.28,0.98,28,19.7,16,40
14730150030,向ヶ丘遊園駅菅生線,野川柿生線,野川菅生線,14136,0,1.6,川崎市宮前区南平台18?5,7165,川崎市宮前区南平台18?5,6265,13430,1.32,0.94,22.5,16.4,16,40
14730150040,向ヶ丘遊園駅菅生線,野川菅生線,,14136,0,0.7,,9025,,8470,17495,1.33,1.52,,,16,40
14730160010,万福寺王禅寺線,世田谷町田線,尻手黒川線,14137,0,1.4,川崎市麻生区上麻生3丁目25,8554,川崎市麻生区上麻生3丁目25,10181,18735,1.34,1.36,14,17.3,21,40
14730170010,鹿島田菅線,川崎府中線,川崎市高津区・川崎市多摩区境,14134,0,0.8,川崎市高津区久地3丁目10?1,6384,川崎市高津区久地3丁目10?1,6928,13312,1.31,1.34,8.8,24.5,16.8,40
14730170020,鹿島田菅線,川崎市高津区・川崎市多摩区境,小杉菅線,14135,0,0.9,川崎市高津区久地3丁目10?1,6384,川崎市高津区久地3丁目10?1,6928,13312,1.31,1.23,29.4,22.1,15.2,40
14730170030,鹿島田菅線,小杉菅線,子母口宿河原線,14135,0,1.4,川崎市多摩区宿河原6丁目19?7,6903,川崎市多摩区宿河原6丁目19?7,6273,13176,1.32,1.29,13.5,24.2,15.2,40
14730170040,鹿島田菅線,子母口宿河原線,川崎府中線,14135,0,0.6,川崎市多摩区宿河原6丁目19?7,6903,川崎市多摩区宿河原6丁目19?7,6273,13176,1.32,1.29,20,10.1,15.2,40
14730180010,菅早野線,尻手黒川線,横浜上麻生,14137,0,2.6,川崎市麻生区白山1丁目3?2,3629,川崎市麻生区白山1丁目3?2,3224,6853,1.27,0.66,23.6,22.1,16.5,40
14750040010,市道橋本駅西口,市道橋本１８号,一般国道１６号,14151,0,0.4,相模原市緑区西橋本2-4-12,7505,相模原市緑区西橋本2-4-12,11225,18730,1.33,1.01,10.3,12.2,25,40
14750120010,市道南橋本弥栄荘,相模原立川,,14152,0,0.8,相模原市中央区中央4丁目12,4757,相模原市中央区中央4丁目12,4877,9634,1.3,0.34,14.6,17.7,25,40
14753240010,市道橋本１８号,一般国道４１３号,市道橋本駅西口,14151,0,0.3,相模原市緑区西橋本5丁目5,1183,相模原市緑区西橋本5丁目5,3410,4593,1.25,0.31,11.3,9.6,24.5,40
14785710010,市道古淵麻溝台,,一般国道１６号,14153,0,0.8,相模原市南区古淵2丁目10,6209,相模原市南区古淵2丁目10,6645,12854,1.32,1.06,13.2,12.7,16,40
14785710020,市道古淵麻溝台,一般国道１６号,相模原町田,14153,0,1.6,相模原市南区西大沼3丁目6,4705,相模原市南区西大沼3丁目6,4313,9018,1.3,0.69,19.1,15.9,16,40
14785710030,市道古淵麻溝台,相模原町田,相武台相模原,14153,0,1.9,相模原市南区麻溝台4丁目1,4783,相模原市南区麻溝台4丁目1,5149,9932,1.3,0.87,15.3,19.7,16,40
