交通調査基本区間番号,路線名,起点側／路線名等,終点側／路線名等,市区町村コード,自動車専用道路の別,区間延長（ｋｍ）,上り／交通量観測地点地名,上り／２４時間自動車類交通量／合計（台）,下り／交通量観測地点地名,下り／２４時間自動車類交通量／合計（台）,２４時間自動車類交通量（上下合計）／合計（台）,昼夜率,混雑度,朝夕（混雑時）／上り／旅行速度／合計（ｋｍ／ｈ）,朝夕（混雑時）／下り／旅行速度／合計（ｋｍ／ｈ）,幅員構成／道路部幅員（ｍ）,指定最高速度（ｋｍ／ｈ）
39116120010,高知自動車道,高知自動車道,一般国道４３９号,39344,1,12.9,新宮～大豊,4866,新宮～大豊,4804,9670,1.32,0.27,95.1,84.9,20.5,80
39116120020,高知自動車道,一般国道４３９号,大豊町・香美市境,39344,1,10.9,大豊～南国,5595,大豊～南国,5501,11096,1.29,0.25,96.6,93.1,20.5,80
39116120030,高知自動車道,大豊町・香美市境,香美市・南国市境,39212,1,5.9,大豊～南国,5595,大豊～南国,5501,11096,1.29,0.25,92.9,90.9,20.5,80
39116120040,高知自動車道,香美市・南国市境,一般国道３２号,39204,1,4.2,大豊～南国,5595,大豊～南国,5501,11096,1.29,0.25,87.5,91.7,20.5,80
39116120050,高知自動車道,一般国道３２号,南国市・高知市境,39204,1,5.5,南国～高知,4387,南国～高知,4297,8684,1.23,0.15,90.4,90.2,20.5,80
39116120060,高知自動車道,南国市・高知市境,一般国道５５号（高知南国道路）,39201,1,2.1,南国～高知,4387,南国～高知,4297,8684,1.23,0.15,87.9,92.3,20.5,80
39116120070,高知自動車道,一般国道５５号（高知南国道路）,高知市・いの町境,39201,1,9.5,高知～伊野,5495,高知～伊野,5247,10742,1.17,0.88,78.9,80,10.5,70
39116120080,高知自動車道,高知市・いの町境,一般国道３３号（高知西バイパス）,39386,1,0.8,高知～伊野,5495,高知～伊野,5247,10742,1.17,0.88,87.2,83.7,10.5,70
39116120090,高知自動車道,一般国道３３号（高知西バイパス）,いの町・高知市境,39386,1,1.3,伊野～土佐,4162,伊野～土佐,3822,7984,1.19,0.83,84.3,86.7,10.5,70
39116120100,高知自動車道,いの町・高知市境,高知市・いの町境,39201,1,2.6,伊野～土佐,4162,伊野～土佐,3822,7984,1.19,0.83,79.1,83.7,10.5,70
39116120110,高知自動車道,高知市・いの町境,いの町・土佐市境,39386,1,2.8,伊野～土佐,4162,伊野～土佐,3822,7984,1.19,0.83,81.2,83.2,10.5,70
39116120120,高知自動車道,いの町・土佐市境,一般国道５６号,39205,1,2.4,伊野～土佐,4162,伊野～土佐,3822,7984,1.19,0.83,84.6,86.1,10.5,70
39116120130,高知自動車道,一般国道５６号,一般国道５６号,39205,1,5.4,土佐～土佐PAスマート,4453,土佐～土佐PAスマート,4197,8650,1.2,0.94,81.6,86.2,10.5,70
39116120140,高知自動車道,一般国道５６号,土佐市・須崎市境,39205,1,7.4,土佐PAスマート～須崎東,4350,土佐PAスマート～須崎東,4128,8478,1.2,0.69,82.4,82.9,10.5,70
39116120150,高知自動車道,土佐市・須崎市境,一般国道５６号,39206,1,2,土佐PAスマート～須崎東,4350,土佐PAスマート～須崎東,4128,8478,1.2,0.69,67.7,71.8,10.5,70
39116120170,四国横断自動車道（阿南四万十線）,一般国道５６号,須崎市・中土佐町境,39206,1,4.1,高岡郡中土佐町久礼,6898,高岡郡中土佐町久礼,6807,13705,1.19,1.28,75.2,75.5,10.5,70
39116120180,四国横断自動車道（阿南四万十線）,須崎市・中土佐町境,一般国道５６号,39401,1,2.9,高岡郡中土佐町久礼,6898,高岡郡中土佐町久礼,6807,13705,1.19,1.28,74.5,76.7,10.5,70
39116120190,四国横断自動車道（阿南四万十線）,一般国道５６号,中土佐町・四万十町境,39401,1,5.9,高岡郡中土佐町久礼,5037,高岡郡中土佐町久礼,4879,9916,1.18,1.11,82.5,84.5,10.5,70
39116120200,四国横断自動車道（阿南四万十線）,中土佐町・四万十町境,四万十町東インター線,39412,1,2.6,高岡郡中土佐町久礼,5037,高岡郡中土佐町久礼,4879,9916,1.18,1.11,79.5,74.3,10.5,70
39116120210,四国横断自動車道（阿南四万十線）,四万十町東インター線,一般国道５６号,39412,1,6.3,高岡郡四万十町,4288,高岡郡四万十町,4129,8417,1.18,0.82,68.8,57.3,10.5,70
39300320010,一般国道３２号,一般国道３２号,土佐岩原停車場線,39344,0,2.3,長岡郡大豊町東土居,1335,長岡郡大豊町東土居,1221,2556,1.27,0.63,55.6,54.6,9.95,50
39300320020,一般国道３２号,土佐岩原停車場線,一般国道４３９号,39344,0,4.3,長岡郡大豊町東土居,1335,長岡郡大豊町東土居,1221,2556,1.27,0.63,53.3,53.3,9.95,50
39300320030,一般国道３２号,一般国道４３９号,東祖谷山大杉停車場線,39344,0,0.3,長岡郡大豊町東土居,1335,長岡郡大豊町東土居,1221,2556,1.27,0.63,43.4,43.6,9.95,50
39300320040,一般国道３２号,東祖谷山大杉停車場線,大田口停車場線,39344,0,3.4,長岡郡大豊町東土居,1335,長岡郡大豊町東土居,1221,2556,1.27,0.63,51.3,50.3,9.95,50
39300320050,一般国道３２号,大田口停車場線,磯谷本山線,39344,0,2.4,長岡郡大豊町東土居,1335,長岡郡大豊町東土居,1221,2556,1.27,0.63,50.9,51.5,9.95,50
39300320060,一般国道３２号,磯谷本山線,東祖谷山大杉停車場線,39344,0,0.8,長岡郡大豊町東土居,1335,長岡郡大豊町東土居,1221,2556,1.27,0.63,46.7,46.1,9.95,50
39300320070,一般国道３２号,東祖谷山大杉停車場線,一般国道４３９号,39344,0,4.5,長岡郡大豊町東土居,1335,長岡郡大豊町東土居,1221,2556,1.27,0.63,52.1,50.6,9.95,50
39300320080,一般国道３２号,一般国道４３９号,東祖谷山大杉停車場線,39344,0,0.6,南国市成合,2756,南国市成合,2652,5408,1.28,0.82,32.7,29.6,9.8,40
39300320090,一般国道３２号,東祖谷山大杉停車場線,角茂谷停車場線,39344,0,8.7,南国市成合,2756,南国市成合,2652,5408,1.28,0.83,54.4,52.5,8.8,50
39300320100,一般国道３２号,角茂谷停車場線,大豊町・香美市境,39344,0,1.8,南国市成合,2756,南国市成合,2652,5408,1.28,0.83,52.7,52.8,8.8,50
39300320110,一般国道３２号,大豊町・香美市境,繁藤西町線,39212,0,1.3,南国市成合,2756,南国市成合,2652,5408,1.28,0.77,55.7,50.3,10,50
39300320120,一般国道３２号,繁藤西町線,蟹越繁藤線,39212,0,1.2,南国市成合,2756,南国市成合,2652,5408,1.28,0.77,50.9,49.5,10,50
39300320130,一般国道３２号,蟹越繁藤線,香美市・南国市境,39212,0,3,南国市成合,2756,南国市成合,2652,5408,1.28,0.77,54.2,53.3,10,50
39300320140,一般国道３２号,香美市・南国市境,新改停車場線,39204,0,0.4,南国市成合,2756,南国市成合,2652,5408,1.28,0.82,46.6,44.6,8.25,50
39300320150,一般国道３２号,新改停車場線,南国伊野線,39204,0,6,南国市成合,2756,南国市成合,2652,5408,1.28,0.82,50.4,48.2,8.25,50
39300320160,一般国道３２号,南国伊野線,南国伊野線,39204,0,0.2,南国市成合,2756,南国市成合,2652,5408,1.28,0.82,43.5,38.3,8.25,50
39300320170,一般国道３２号,南国伊野線,南国伊野線,39204,0,0.4,南国市成合,2756,南国市成合,2652,5408,1.28,0.7,31.4,35.3,16.9,60
39300320180,一般国道３２号,南国伊野線,高知自動車道,39204,0,0.5,南国市成合,2756,南国市成合,2652,5408,1.28,0.27,32.9,32.1,25,60
39300320190,一般国道３２号,高知自動車道,前浜植野線,39204,0,0.5,南国市岡豊町江村,8195,南国市岡豊町江村,8136,16331,1.22,0.66,42.9,39.6,25,60
39300320200,一般国道３２号,前浜植野線,南国インター線,39204,0,0.2,南国市岡豊町江村,8195,南国市岡豊町江村,8136,16331,1.22,0.66,18.8,28.9,25,60
39300320210,一般国道３２号,南国インター線,久礼田笠ノ川線,39204,0,1,南国市岡豊町江村,8195,南国市岡豊町江村,8136,16331,1.22,0.66,47.5,47.9,25,60
39300320220,一般国道３２号,久礼田笠ノ川線,後免中島高知線,39204,0,2.1,南国市岡豊町江村,8195,南国市岡豊町江村,8136,16331,1.22,0.66,45.2,48.8,25,60
39300320230,一般国道３２号,後免中島高知線,一般国道１９５号,39204,0,0.5,南国市岡豊町江村,8195,南国市岡豊町江村,8136,16331,1.22,0.73,24.4,23.1,39.5,60
39300320240,一般国道３２号,一般国道１９５号,南国市・高知市境,39204,0,0.4,南国市岡豊町江村,8195,南国市岡豊町江村,8136,16331,1.22,0.73,11.5,26.3,39.5,60
39300320250,一般国道３２号,南国市・高知市境,高知南国線,39201,0,0.1,南国市岡豊町江村,8195,南国市岡豊町江村,8136,16331,1.22,0.71,18,15.5,37.1,60
39300320260,一般国道３２号,高知南国線,一般国道１９５号,39201,0,0.2,南国市岡豊町江村,8195,南国市岡豊町江村,8136,16331,1.22,0.71,11.8,23.6,37.1,60
39300320270,一般国道３２号,一般国道１９５号,高知市・南国市境,39201,0,0.3,高知市介良甲,10544,高知市介良甲,10705,21249,1.22,0.68,13.9,36.3,37.1,60
39300320280,一般国道３２号,高知市・南国市境,南国市・高知市境,39204,0,0.4,高知市介良甲,10544,高知市介良甲,10705,21249,1.22,0.61,36.6,33.4,25.4,60
39300320290,一般国道３２号,南国市・高知市境,一般国道５５号,39201,0,0.2,高知市介良甲,10544,高知市介良甲,10705,21249,1.22,0.58,25.8,15.3,21,60
39300320300,一般国道３２号,一般国道５５号,栗山大津線,39201,0,2.2,高知市高須東町,16741,高知市高須東町,16267,33008,1.33,0.9,35.9,36.3,21,60
39300320310,一般国道３２号,栗山大津線,田村高須線,39201,0,1.1,高知市高須東町,16741,高知市高須東町,16267,33008,1.33,1.81,28.5,25.1,23,50
39300320320,一般国道３２号,田村高須線,高知北環状線,39201,0,1.3,高知市高須東町,16741,高知市高須東町,16267,33008,1.33,1.81,31.3,24.3,23,50
39300320330,一般国道３２号,高知北環状線,一般国道１９５号,39201,0,1,高知市高須新町1丁目,13496,高知市高須新町1丁目,13626,27122,1.33,1.74,19.6,10.8,23,50
39300320340,一般国道３２号,一般国道１９５号,一般国道５６号,39201,0,1,高知市知寄町1丁目,18677,高知市知寄町1丁目,18797,37474,1.33,1.89,13.5,6.8,36,50
39300320350,一般国道３２号,一般国道５６号,一般国道３２号,39201,0,1.1,高知市本町3丁目,16270,高知市本町3丁目,13760,30030,1.33,1.25,16.8,21.3,36,50
39300320360,一般国道３２号,一般国道３２号,高知本山線,39201,0,0.4,高知市本町3丁目,16270,高知市本町3丁目,13760,30030,1.33,0.69,11.4,16.9,35.7,50
39300320370,一般国道３２号,高知本山線,一般国道３３号,39201,0,0.6,高知市本町3丁目,16270,高知市本町3丁目,13760,30030,1.33,0.69,20,16.6,35.7,50
39300320390,一般国道３２号,北本町領石線,高知市道２号駅西線,39201,0,0.2,高知市はりまや町1丁目,10807,高知市はりまや町1丁目,9326,20133,1.3,1.89,20.1,15.2,36,40
39300320400,一般国道３２号,高知市道２号駅西線,高知市道３号追手筋,39201,0,0.4,高知市はりまや町1丁目,10807,高知市はりまや町1丁目,9326,20133,1.3,1.89,13,19.7,36,40
39300320410,一般国道３２号,高知市道３号追手筋,一般国道３２号,39201,0,0.3,高知市はりまや町1丁目,10807,高知市はりまや町1丁目,9326,20133,1.3,1.89,16.1,10.2,36,40
39300330010,一般国道３３号,一般国道３２号,弘瀬高知線,39201,0,0.9,高知市旭町1丁目,14905,高知市旭町1丁目,14401,29306,1.28,1.57,19.9,15,36,50
39300330020,一般国道３３号,弘瀬高知線,高知春野線,39201,0,0.6,高知市旭町1丁目,14905,高知市旭町1丁目,14401,29306,1.28,1.57,12,22.1,36,50
39300330030,一般国道３３号,高知春野線,旭停車場線,39201,0,0.7,高知市旭町1丁目,14905,高知市旭町1丁目,14401,29306,1.28,1.34,15.4,15.3,20,40
39300330040,一般国道３３号,旭停車場線,高知伊予三島線,39201,0,1.1,高知市旭町1丁目,14905,高知市旭町1丁目,14401,29306,1.28,1.34,24.1,17.3,20,40
39300330050,一般国道３３号,高知伊予三島線,梅ノ辻朝倉線,39201,0,0.3,高知市曙町1丁目,15713,高知市曙町1丁目,14330,30043,1.28,1.5,9.3,8.1,20.95,40
39300330060,一般国道３３号（高知西バイパス）,梅ノ辻朝倉線,,39201,0,0.2,高知市曙町1丁目,15713,高知市曙町1丁目,14330,30043,1.28,1.5,12.5,28.6,20.95,40
39300330070,一般国道３３号（高知西バイパス）,,大河内朝倉停車場線,39201,0,0.3,高知市曙町1丁目,15713,高知市曙町1丁目,14330,30043,1.28,0.63,29.9,20.8,38.05,50
39300330080,一般国道３３号（高知西バイパス）,大河内朝倉停車場線,高知土佐線,39201,0,0.1,高知市曙町1丁目,15713,高知市曙町1丁目,14330,30043,1.28,0.98,20,19.6,33.6,50
39300330090,一般国道３３号（高知西バイパス）,高知土佐線,高知市・いの町境,39201,0,2,伊野インター口,8264,伊野インター口,7844,16108,1.28,1.26,30.4,38.5,12.65,50
39300330100,一般国道３３号（高知西バイパス）,高知市・いの町境,高知自動車道,39386,0,0.9,伊野インター口,8264,伊野インター口,7844,16108,1.28,1.21,40.5,26.7,14.8,50
39300330110,一般国道３３号（高知西バイパス）,高知自動車道,一般国道３３号（高知西バイパス）,39386,0,0.8,伊野インター口,8264,伊野インター口,7844,16108,1.28,1.21,17.9,31.1,14.8,50
39300330120,一般国道３３号,一般国道３３号（高知西バイパス）,南国伊野線,39386,0,2.7,吾川郡いの町,7221,吾川郡いの町,6707,13928,1.22,1.16,26.8,28.4,13.15,50
39300330130,一般国道３３号,南国伊野線,高知南環状線,39386,0,0.6,吾川郡いの町,7221,吾川郡いの町,6707,13928,1.22,1.23,26.8,21.3,12,40
39300330140,一般国道３３号,高知南環状線,一般国道１９４号,39386,0,0.8,吾川郡いの町,7221,吾川郡いの町,6707,13928,1.22,1.23,27.5,17.1,12,40
39300330150,一般国道３３号,一般国道１９４号,土佐伊野線,39386,0,0.6,吾川郡いの町波川,9725,吾川郡いの町波川,9768,19493,1.22,2.07,21.1,5.8,12,40
39300330155,一般国道３３号,土佐伊野線,一般国道３３号（高知西バイパス）,39386,0,0.7,吾川郡いの町波川,9725,吾川郡いの町波川,9768,19493,1.22,1.8,22.1,21.5,11.5,50
39300330160,一般国道３３号,一般国道３３号（高知西バイパス）,いの町・日高村境,39386,0,0.6,吾川郡いの町波川,9725,吾川郡いの町波川,9768,19493,1.22,1.8,23.8,22.3,11.5,50
39300330170,一般国道３３号,いの町・日高村境,庄田伊野線,39410,0,0.7,吾川郡いの町波川,9725,吾川郡いの町波川,9768,19493,1.22,1.54,27.3,20.8,9.8,50
39300330180,一般国道３３号,庄田伊野線,谷地日下停車場線,39410,0,1.9,吾川郡いの町波川,9725,吾川郡いの町波川,9768,19493,1.22,1.54,25.9,17.3,9.8,50
39300330190,一般国道３３号,谷地日下停車場線,岩目地西佐川停車場線,39410,0,4,吾川郡いの町波川,9725,吾川郡いの町波川,9768,19493,1.22,1.54,35.3,38.8,9.8,50
39300330200,一般国道３３号,岩目地西佐川停車場線,日高村・佐川町境,39410,0,0.6,高知県高岡郡佐川町加茂,6069,高知県高岡郡佐川町加茂,6161,12230,1.22,0.87,43,45.3,9.8,50
39300330210,一般国道３３号,日高村・佐川町境,一般国道４９４号,39402,0,4.7,高知県高岡郡佐川町加茂,6069,高知県高岡郡佐川町加茂,6161,12230,1.22,0.92,46.2,45.2,12,50
39300330220,一般国道３３号,一般国道４９４号,長者佐川線,39402,0,0.4,高知県高岡郡佐川町加茂,6069,高知県高岡郡佐川町加茂,6161,12230,1.22,0.92,22.8,28.3,12,50
39300330230,一般国道３３号,長者佐川線,西佐川停車場線,39402,0,1.2,高知県高岡郡佐川町加茂,6069,高知県高岡郡佐川町加茂,6161,12230,1.22,0.92,36.7,36.8,14.1,50
39300330235,一般国道３３号,西佐川停車場線,一般国道４９４号,39402,0,1,高知県高岡郡佐川町加茂,6069,高知県高岡郡佐川町加茂,6161,12230,1.22,0.87,31.6,29.7,10.2,50
39300330240,一般国道３３号,一般国道４９４号,佐川町・越知町境,39402,0,2.4,高知県高岡郡佐川町丙,5624,高知県高岡郡佐川町丙,5958,11582,1.18,1.15,46.1,48.6,10.2,50
39300330250,一般国道３３号,佐川町・越知町境,下山越知線,39403,0,0.8,高岡郡越知町越知甲,5790,高岡郡越知町越知甲,5879,11669,1.18,1.24,41.4,35.2,9.8,50
39300330260,一般国道３３号,下山越知線,伊野仁淀線,39403,0,0.9,高岡郡越知町越知甲,5790,高岡郡越知町越知甲,5879,11669,1.18,1.46,28.6,26.8,12,50
39300330270,一般国道３３号,伊野仁淀線,伊野仁淀線,39403,0,1.1,高岡郡越知町野老山,2568,高岡郡越知町野老山,2663,5231,1.16,0.68,45.4,43.7,10.75,50
39300330280,一般国道３３号,伊野仁淀線,越知町・仁淀川町境,39403,0,6.8,高岡郡越知町野老山,2568,高岡郡越知町野老山,2663,5231,1.16,0.68,53.4,53.8,10.75,50
39300330290,一般国道３３号,越知町・仁淀川町境,一般国道４３９号,39387,0,3.1,高岡郡越知町野老山,2568,高岡郡越知町野老山,2663,5231,1.16,0.7,46.1,48.1,10.6,50
39300330300,一般国道３３号,一般国道４３９号,中津公園線,39387,0,5.4,吾川郡仁淀川町名野川,1999,吾川郡仁淀川町名野川,1927,3926,1.2,0.67,53.7,54.3,10.6,50
39300330310,一般国道３３号,中津公園線,一般国道４３９号,39387,0,1,吾川郡仁淀川町名野川,1999,吾川郡仁淀川町名野川,1927,3926,1.2,0.67,52.8,48,10.6,50
39300330315,一般国道３３号,一般国道４３９号,一般国道３３号,39387,0,8,吾川郡仁淀川町橘,690,吾川郡仁淀川町橘,704,1394,1.2,0.27,55,52.4,10.6,50
39300330360,一般国道３３号（高知西バイパス）,一般国道３３号（高知西バイパス）,高知南環状線,39386,0,2.9,吾川郡いの町枝川,7367,吾川郡いの町枝川,7741,15108,1.25,0.93,59.6,56.7,11.5,60
39300330340,一般国道３３号（高知西バイパス）,高知南環状線,土佐伊野線,39386,0,1.1,吾川郡いの町枝川,7367,吾川郡いの町枝川,7741,15108,1.25,0.93,61.2,18.3,11.5,60
39300330400,一般国道３３号（高知西バイパス）,土佐伊野線,一般国道３３号,39386,0,1.5,吾川郡いの町枝川,7367,吾川郡いの町枝川,7741,15108,1.25,0.93,50.5,43.8,11.5,60
39300330380,一般国道３３号,一般国道３３号,一般国道３３号,39387,0,0.8,吾川郡仁淀川町橘,690,吾川郡仁淀川町橘,704,1394,1.2,0.26,73.6,75.1,10.25,50
39300550010,一般国道５５号,一般国道５５号,甲浦港線,39301,0,1.2,安芸郡東洋町甲浦,1675,安芸郡東洋町甲浦,1689,3364,1.15,0.5,51.3,50.5,10.9,50
39300550020,一般国道５５号,甲浦港線,一般国道４９３号,39301,0,6.1,安芸郡東洋町甲浦,1675,安芸郡東洋町甲浦,1689,3364,1.15,0.33,47.8,48,9.5,60
39300550030,一般国道５５号,一般国道４９３号,東洋町・室戸市境,39301,0,7.6,安芸郡東洋町野根甲,731,安芸郡東洋町野根甲,714,1445,1.2,0.17,58.1,56.5,9.5,60
39300550040,一般国道５５号,東洋町・室戸市境,佐喜浜吉良川線,39202,0,5.5,室戸市室戸岬町,1233,室戸市室戸岬町,1303,2536,1.15,0.32,62.7,60.2,9.7,50
39300550050,一般国道５５号,佐喜浜吉良川線,椎名室戸線,39202,0,12.9,室戸市室戸岬町,1233,室戸市室戸岬町,1303,2536,1.15,0.32,56,54.4,9.7,50
39300550060,一般国道５５号,椎名室戸線,室戸公園線,39202,0,6.4,室戸市室戸岬町,509,室戸市室戸岬町,551,1060,1.15,0.16,50.5,48.8,9.7,50
39300550070,一般国道５５号,室戸公園線,室戸公園線,39202,0,4.9,室戸市室戸岬町,509,室戸市室戸岬町,551,1060,1.15,0.14,36.5,39.5,11.85,50
39300550080,一般国道５５号,室戸公園線,椎名室戸線,39202,0,0.3,室戸市室戸岬町,509,室戸市室戸岬町,551,1060,1.15,0.14,17.3,10.7,11.85,50
39300550090,一般国道５５号,椎名室戸線,佐喜浜吉良川線,39202,0,9.3,室戸市元甲,3556,室戸市元甲,3571,7127,1.16,0.58,44.4,45.2,11.85,50
39300550100,一般国道５５号,佐喜浜吉良川線,室戸市・奈半利町境,39202,0,8.2,室戸市羽根町乙,3394,室戸市羽根町乙,3088,6482,1.19,0.61,52.7,52.5,11.85,50
39300550110,一般国道５５号,室戸市・奈半利町境,一般国道４９３号,39302,0,6,安芸郡奈半利町乙,4868,安芸郡奈半利町乙,5074,9942,1.19,0.69,48.2,47.5,9.9,50
39300550120,一般国道５５号,一般国道４９３号,奈半利港線,39302,0,0.1,安芸市伊尾木,5805,安芸市伊尾木,6015,11820,1.18,0.9,26.6,18,14.1,40
39300550130,一般国道５５号,奈半利港線,奈半利町・田野町境,39302,0,0.2,安芸市伊尾木,5805,安芸市伊尾木,6015,11820,1.18,0.65,29.9,27.6,14,40
39300550140,一般国道５５号,奈半利町・田野町境,西谷田野線,39303,0,1,安芸市伊尾木,5805,安芸市伊尾木,6015,11820,1.18,0.77,25.1,24.8,12.6,50
39300550150,一般国道５５号,西谷田野線,田野町・安田町境,39303,0,1.3,安芸市伊尾木,5805,安芸市伊尾木,6015,11820,1.18,0.77,37.9,40.5,12.6,50
39300550160,一般国道５５号,田野町・安田町境,安田東洋線,39304,0,1.4,安芸市伊尾木,5805,安芸市伊尾木,6015,11820,1.18,0.72,39.4,41.6,10.7,50
39300550170,一般国道５５号,安田東洋線,安田町・安芸市境,39304,0,2.7,安芸市伊尾木,5805,安芸市伊尾木,6015,11820,1.18,0.72,44.2,46.4,10.7,50
39300550174,一般国道５５号,安田町・安芸市境,大山旧国道線,39203,0,2,安芸市伊尾木,5805,安芸市伊尾木,6015,11820,1.18,0.66,53.1,53,15.6,50
39300550490,一般国道５５号（大山道路）,大山旧国道線,大山旧国道線,39203,0,2,安芸市伊尾木,5805,安芸市伊尾木,6015,11820,1.18,0.94,40.3,39.8,8,50
39300550180,一般国道５５号,大山旧国道線,大久保伊尾木線,39203,0,2.4,安芸市伊尾木,5805,安芸市伊尾木,6015,11820,1.18,0.72,46.8,45.2,15.6,50
39300550190,一般国道５５号,大久保伊尾木線,奈比賀川北線,39203,0,0.9,芸西西IC,9719,芸西西IC,8836,18555,1.23,1.4,29.7,30.5,15.6,50
39300550200,一般国道５５号,奈比賀川北線,その他の道路,39203,0,0.3,芸西西IC,9719,芸西西IC,8836,18555,1.23,1.87,31.2,25.8,10.4,40
39300550210,一般国道５５号,その他の道路,宮ノ上川北線,39203,0,0.2,芸西西IC,9719,芸西西IC,8836,18555,1.23,1.87,31.9,18.3,10.4,40
39300550220,一般国道５５号,宮ノ上川北線,安芸物部線,39203,0,0.3,芸西西IC,9719,芸西西IC,8836,18555,1.23,1.61,26.4,15.5,12.3,40
39300550230,一般国道５５号,安芸物部線,黒岩東浜線,39203,0,0.5,芸西西IC,9719,芸西西IC,8836,18555,1.23,1.96,24.7,23.5,14.8,40
39300550235,一般国道５５号,黒岩東浜線,安芸中インター線,39203,0,0.6,芸西西IC,9719,芸西西IC,8836,18555,1.23,1.96,23.2,19.4,14.8,40
39300550240,一般国道５５号,安芸中インター線,市に移管済み（元安芸物部）,39203,0,0.5,芸西西IC,9719,芸西西IC,8836,18555,1.23,1.96,20,16.7,14.8,40
39300550250,一般国道５５号,市に移管済み（元安芸物部）,安芸市・芸西村境,39203,0,7.9,芸西西IC,9719,芸西西IC,8836,18555,1.23,1.42,34.4,37.2,11.05,50
39300550260,一般国道５５号,安芸市・芸西村境,羽尾琴浜線,39307,0,1.2,芸西西IC,9719,芸西西IC,8836,18555,1.23,1.42,14.8,27.1,11.9,50
39300550265,一般国道５５号,羽尾琴浜線,一般国道５５号（南国安芸道路）,39307,0,1.8,芸西西IC,9719,芸西西IC,8836,18555,1.23,1.42,13.1,21,11.9,50
39300550270,一般国道５５号,一般国道５５号（南国安芸道路）,芸西村・香南市境,39307,0,1.8,香南市夜須町千切,3776,香南市夜須町千切,3857,7633,1.22,0.86,22.8,48,11.9,50
39300550280,一般国道５５号,芸西村・香南市境,手結港線,39211,0,2,香南市夜須町千切,3776,香南市夜須町千切,3857,7633,1.22,1.01,46.9,46.4,19.6,50
39300550290,一般国道５５号,手結港線,夜須物部線,39211,0,0.6,香南市夜須町千切,3776,香南市夜須町千切,3857,7633,1.22,0.95,33.4,28.9,9.4,40
39300550300,一般国道５５号,夜須物部線,奥西川岸本線,39211,0,1.1,香南市香我美町岸本ムノ丸,5451,香南市香我美町岸本ムノ丸,5006,10457,1.22,1.1,39.1,40.6,9.4,40
39300550310,一般国道５５号,奥西川岸本線,山北岸本停車場線,39211,0,1.1,香南市香我美町岸本ムノ丸,5451,香南市香我美町岸本ムノ丸,5006,10457,1.22,0.43,35.8,39.4,15.25,50
39300550320,一般国道５５号,山北岸本停車場線,赤岡停車場線,39211,0,0.8,香南のいちIC,6887,香南のいちIC,7793,14680,1.22,0.41,46.7,44.9,15.25,50
39300550330,一般国道５５号,赤岡停車場線,春野赤岡線,39211,0,0.3,香南のいちIC,6887,香南のいちIC,7793,14680,1.22,0.47,30.1,35.3,16.55,50
39300550340,一般国道５５号,春野赤岡線,その他道路,39211,0,0.4,香南のいちIC,6887,香南のいちIC,7793,14680,1.22,0.47,24.9,22.9,16.55,50
39300550345,一般国道５５号,その他道路,一般国道５５号（南国安芸道路）,39211,0,1.5,香南のいちIC,6887,香南のいちIC,7793,14680,1.22,0.31,41.8,43.1,21.8,60
39300550350,一般国道５５号,一般国道５５号（南国安芸道路）,龍河洞公園線,39211,0,0.3,南国市物部,15198,南国市物部,16410,31608,1.28,0.71,22.6,31,21.8,60
39300550360,一般国道５５号,龍河洞公園線,遠崎野市線,39211,0,1.1,南国市物部,15198,南国市物部,16410,31608,1.28,0.71,30.2,30,21.8,60
39300550370,一般国道５５号,遠崎野市線,香南市・南国市境,39211,0,1.4,南国市物部,15198,南国市物部,16410,31608,1.28,0.71,31.7,34.1,21.8,60
39300550380,一般国道５５号,香南市・南国市境,高知空港線,39204,0,0.3,南国市物部,15198,南国市物部,16410,31608,1.28,0.83,38.2,21.9,21.8,60
39300550385,一般国道５５号,高知空港線,高知空港線,39204,0,0.4,南国市物部,15198,南国市物部,16410,31608,1.28,0.83,27.1,20.5,21.8,60
39300550390,一般国道５５号,高知空港線,前浜植野線,39204,0,0.6,南国市大そね甲,14462,南国市大そね甲,14831,29293,1.28,0.65,38.5,33,21.8,60
39300550400,一般国道５５号,前浜植野線,南国インター線,39204,0,2,南国市大そね甲,14462,南国市大そね甲,14831,29293,1.28,0.65,34.8,31.6,21.8,60
39300550410,一般国道５５号,南国インター線,南国市・高知市境,39204,0,2,高知市介良甲,16521,高知市介良甲,15360,31881,1.28,0.69,27.2,34,21.8,60
39300550420,一般国道５５号,南国市・高知市境,一般国道３２号,39201,0,0.3,高知市介良甲,16521,高知市介良甲,15360,31881,1.28,0.63,44.9,16.9,21.6,60
39300550470,一般国道５５号（南国安芸道路）,一般国道５５号,山北岸本停車場線,39211,1,2.2,香南市野市町土居,8094,香南市野市町土居,7579,15673,1.26,0.96,43,65.4,10.5,70
39300550460,一般国道５５号（南国安芸道路）,山北岸本停車場線,夜須物部線,39211,1,2.9,香南市香我美町德王子,7913,香南市香我美町德王子,6763,14676,1.26,0.94,68.9,73,10.5,70
39300550450,一般国道５５号（南国安芸道路）,夜須物部線,香南市・芸西村境,39211,1,2.6,安芸郡芸西村西分,6838,安芸郡芸西村西分,5878,12716,1.26,0.87,72.3,37.3,10.5,70
39300550440,一般国道５５号（南国安芸道路）,香南市・芸西村境,一般国道５５号,39307,1,1.3,安芸郡芸西村西分,6838,安芸郡芸西村西分,5878,12716,1.26,0.87,54.5,12.2,10.5,70
39300550555,一般国道５５号（高知南国道路）,高知自動車道,高知南国線,39201,1,3.3,高知市布師田,1562,高知市布師田,1851,3413,1.14,0.42,78.8,72.1,9.5,70
39300550560,一般国道５５号（高知南国道路）,高知南国線,高知南インター線,39201,1,3.4,高知市五台山,5110,高知市五台山,5034,10144,1.19,0.85,79,75.7,10.5,70
39300550520,一般国道５５号（高知南国道路）,高知南インター線,高知市・南国市境,39201,1,2.2,高知市仁井田吹井,10494,高知市仁井田吹井,10258,20752,1.22,1.37,71.6,71.8,10.5,70
39300550510,一般国道５５号（高知南国道路）,高知市・南国市境,なんこく南インター線,39204,1,3,高知市仁井田吹井,10494,高知市仁井田吹井,10258,20752,1.22,1.37,48.6,62.9,9.5,70
39300550540,一般国道５５号（高知南国道路）,なんこく南インター線,高知空港線,39204,1,4.1,南国市大そね乙,8518,南国市大そね乙,8290,16808,1.22,1.03,34.2,59.8,9.5,70
39300560010,一般国道５６号,一般国道３２号,桂浜宝永線,39201,0,0.2,高知市桟橋通3丁目,14759,高知市桟橋通3丁目,15654,30413,1.31,1.42,5.8,10.4,27,50
39300560020,一般国道５６号,桂浜宝永線,桂浜はりまや線,39201,0,1.3,高知市桟橋通3丁目,14759,高知市桟橋通3丁目,15654,30413,1.31,0.81,11,20.1,31.5,50
39300560030,一般国道５６号,桂浜はりまや線,高知南環状線,39201,0,0.5,高知市桟橋通3丁目,14907,高知市桟橋通3丁目,16513,31420,1.31,0.94,18.2,27.1,31.5,50
39300560040,一般国道５６号,高知南環状線,,39201,0,0.6,高知市桟橋通3丁目,14907,高知市桟橋通3丁目,16513,31420,1.31,0.94,24.4,23.2,31.5,50
39300560050,一般国道５６号,,高知市道８号,39201,0,0.8,高知市桟橋通3丁目,14907,高知市桟橋通3丁目,16513,31420,1.31,0.7,20.7,17.2,20.25,50
39300560060,一般国道５６号,高知市道８号,,39201,0,0.3,高知市桟橋通3丁目,14907,高知市桟橋通3丁目,16513,31420,1.31,0.8,30.6,12.8,32.5,50
39300560070,一般国道５６号,,一般国道５６号,39201,0,0.2,高知市大原町,21153,高知市大原町,19536,40689,1.31,0.89,24.6,15.6,32.5,50
39300560080,一般国道５６号,一般国道５６号,一般国道５６号,39201,0,0.6,高知市河ノ瀬町,11612,高知市河ノ瀬町,11083,22695,1.31,1.22,14.8,13.1,8,50
39300560090,一般国道５６号,一般国道５６号,高知春野線,39201,0,0.4,高知市城山町,21270,高知市城山町,20712,41982,1.31,1.08,20.4,10.8,33.2,50
39300560100,一般国道５６号,高知春野線,梅ノ辻朝倉線,39201,0,0.9,高知市鴨部1丁目,21524,高知市鴨部1丁目,21520,43044,1.31,1.05,14.3,18.6,33.2,50
39300560110,一般国道５６号,梅ノ辻朝倉線,,39201,0,3.7,高知市鴨部2丁目,15297,高知市鴨部2丁目,16348,31645,1.29,0.79,26.9,29.6,33.2,50
39300560120,一般国道５６号,,高知南環状線,39201,0,3.2,高知市春野町弘岡下,10198,高知市春野町弘岡下,9722,19920,1.29,0.53,44.4,42.5,30,60
39300560130,一般国道５６号,高知南環状線,その他道路,39201,0,0.1,土佐市高岡町甲,13512,土佐市高岡町甲,13415,26927,1.25,0.62,12.8,23,30,60
39300560140,一般国道５６号,その他道路,春野赤岡線,39201,0,0.1,土佐市高岡町甲,13512,土佐市高岡町甲,13415,26927,1.25,0.62,17.8,35.7,30,60
39300560150,一般国道５６号,春野赤岡線,高知市・土佐市境,39201,0,1.7,土佐市高岡町甲,13512,土佐市高岡町甲,13415,26927,1.25,0.74,38.4,50.8,23.75,60
39300560155,一般国道５６号,高知市・土佐市境,東土居東是吉線,39205,0,0.2,土佐市高岡町甲,13512,土佐市高岡町甲,13415,26927,1.25,0.66,60.4,61.8,32,60
39300560920,一般国道５６号,東土居東是吉線,新居中島線,39205,0,0.6,土佐市高岡町甲,13512,土佐市高岡町甲,13415,26927,1.25,0.66,53.4,45.4,32,60
39300560170,一般国道５６号,新居中島線,土佐伊野線,39205,0,0.3,土佐市高岡町甲,13512,土佐市高岡町甲,13415,26927,1.25,0.66,38.7,33.1,32,60
39300560180,一般国道５６号,土佐伊野線,土佐伊野線,39205,0,0.4,土佐市高岡町甲,13512,土佐市高岡町甲,13415,26927,1.25,0.84,23.5,30.4,33.6,60
39300560190,一般国道５６号,土佐伊野線,土佐伊野線,39205,0,1.1,土佐市高岡町乙,9159,土佐市高岡町乙,8372,17531,1.25,0.55,31.1,27.8,33.6,60
39300560200,一般国道５６号,土佐伊野線,高知自動車道,39205,0,0.7,土佐市高岡町乙,9159,土佐市高岡町乙,8372,17531,1.25,0.55,27.2,32.9,33.6,60
39300560210,一般国道５６号,高知自動車道,土佐伊野線,39205,0,0.5,土佐市高岡町乙,7535,土佐市高岡町乙,6675,14210,1.25,0.4,33.3,17.8,33.6,60
39300560220,一般国道５６号,土佐伊野線,岩戸明ヶ谷線,39205,0,3.7,土佐市甲原,6863,土佐市甲原,6591,13454,1.25,1.21,33.6,37.5,13,50
39300560230,一般国道５６号,岩戸明ヶ谷線,土佐佐川線,39205,0,0.5,土佐市甲原,6863,土佐市甲原,6591,13454,1.25,1.21,39.2,36.3,13,50
39300560240,一般国道５６号,土佐佐川線,高知自動車道,39205,0,1.2,土佐市甲原,6863,土佐市甲原,6591,13454,1.25,1.21,37.5,42.2,13,50
39300560250,一般国道５６号,高知自動車道,家俊岩戸真幸線,39205,0,2.6,土佐市甲原,6863,土佐市甲原,6591,13454,1.25,1.21,51.4,49.6,13,50
39300560260,一般国道５６号,家俊岩戸真幸線,横浪公園線,39205,0,1.2,土佐市市野々,5284,土佐市市野々,5327,10611,1.24,1.05,38.2,37.6,13,50
39300560270,一般国道５６号,横浪公園線,土佐市・須崎市境,39205,0,3.5,土佐市市野々,5284,土佐市市野々,5327,10611,1.24,1.18,51.5,50.4,10,50
39300560280,一般国道５６号,土佐市・須崎市境,一般国道４９４号,39206,0,2.4,須崎市吾井郷甲,5369,須崎市吾井郷甲,5573,10942,1.24,1.17,49.6,51,10.4,50
39300560290,一般国道５６号,一般国道４９４号,吾井郷下分線,39206,0,0.4,須崎市吾井郷甲,5369,須崎市吾井郷甲,5573,10942,1.24,1.21,29.7,27.7,26.9,50
39300560300,一般国道５６号,吾井郷下分線,高知自動車道,39206,0,1,須崎市吾井郷乙,4220,須崎市吾井郷乙,3510,7730,1.19,0.8,38.8,40.3,14.1,50
39300560310,一般国道５６号,高知自動車道,浦ノ内仏坂多ノ郷停車場線,39206,0,0.3,須崎市池ノ内,5182,須崎市池ノ内,5273,10455,1.21,0.81,32.2,28.1,14.1,50
39300560320,一般国道５６号,浦ノ内仏坂多ノ郷停車場線,野見港線,39206,0,1.1,須崎市池ノ内,5182,須崎市池ノ内,5273,10455,1.21,0.81,39.7,34.3,14.1,50
39300560330,一般国道５６号,野見港線,吾井郷下分線,39206,0,1.3,須崎市池ノ内,5182,須崎市池ノ内,5273,10455,1.21,0.81,45.1,45.6,14.1,50
39300560340,一般国道５６号,吾井郷下分線,吾井郷下分線,39206,0,0.3,須崎市池ノ内,5182,須崎市池ノ内,5273,10455,1.21,0.81,18.9,22.1,14.1,50
39300560345,一般国道５６号,吾井郷下分線,一般国道５６号（須崎道路）,39206,0,0.4,須崎市池ノ内,5182,須崎市池ノ内,5273,10455,1.21,0.81,22.5,19.9,14.1,50
39300560350,一般国道５６号,一般国道５６号（須崎道路）,一般国道１９７号,39206,0,0.8,須崎市下分甲,6147,須崎市下分甲,6135,12282,1.21,1.22,28.4,29.7,14.1,50
39300560360,一般国道５６号,一般国道１９７号,一般国道５６号（須崎道路）,39206,0,0.1,須崎市下分甲,6147,須崎市下分甲,5777,11924,1.2,0.73,18.3,21.5,18.25,50
39300560370,一般国道５６号,一般国道５６号（須崎道路）,四国横断自動車道（阿南四万十線）,39206,0,0.2,須崎市安和谷ノ上,931,須崎市安和谷ノ上,1049,1980,1.12,0.31,26.4,16.7,13,50
39300560380,一般国道５６号,四国横断自動車道（阿南四万十線）,安和停車場線,39206,0,3.2,須崎市安和谷ノ上,931,須崎市安和谷ノ上,1049,1980,1.12,0.3,39.7,38.5,10.8,50
39300560390,一般国道５６号,安和停車場線,久礼須崎線,39206,0,0.3,須崎市安和谷ノ上,931,須崎市安和谷ノ上,1049,1980,1.12,0.22,30.6,38.6,10.5,50
39300560400,一般国道５６号,久礼須崎線,須崎市・中土佐町境,39206,0,1.4,須崎市安和谷ノ上,931,須崎市安和谷ノ上,1049,1980,1.12,0.29,56.3,51.4,8,50
39300560410,一般国道５６号,須崎市・中土佐町境,四国横断自動車道（阿南四万十線）,39401,0,3.5,須崎市安和谷ノ上,931,須崎市安和谷ノ上,1049,1980,1.12,0.3,54.1,48.9,8,50
39300560420,一般国道５６号,四国横断自動車道（阿南四万十線）,窪川中土佐線,39401,0,0.9,中土佐町久礼,831,中土佐町久礼,822,1653,1.15,0.32,31.2,36.5,9.8,50
39300560430,一般国道５６号,窪川中土佐線,奈路土佐久礼停車場線,39401,0,0.2,中土佐町久礼,831,中土佐町久礼,822,1653,1.15,0.32,25.4,19.1,9.8,50
39300560440,一般国道５６号,奈路土佐久礼停車場線,中土佐佐賀線,39401,0,0.6,中土佐町久礼,831,中土佐町久礼,822,1653,1.15,0.32,32.6,29.5,9.8,50
39300560450,一般国道５６号,中土佐佐賀線,中土佐町・四万十町境,39401,0,6.5,中土佐町久礼,831,中土佐町久礼,822,1653,1.15,0.29,52.9,52.3,8,50
39300560460,一般国道５６号,中土佐町・四万十町境,窪川中土佐線,39412,0,0.1,四万十町床鍋,853,四万十町床鍋,719,1572,1.1,0.22,32.5,25.1,14.5,60
39300560465,一般国道５６号,窪川中土佐線,四万十町東インター線,39412,0,3.5,四万十町床鍋,853,四万十町床鍋,719,1572,1.1,0.22,55.9,55.7,14.5,60
39300560470,一般国道５６号,四万十町東インター線,作屋影野停車場線,39412,0,1.1,四万十町替坂本,1617,四万十町替坂本,1652,3269,1.1,0.39,41.2,44,14.5,60
39300560480,一般国道５６号,作屋影野停車場線,七里仁井田線,39412,0,3.2,四万十町替坂本,1617,四万十町替坂本,1652,3269,1.1,0.39,50.4,49,14.5,60
39300560490,一般国道５６号,七里仁井田線,興津窪川線,39412,0,0.9,四万十町替坂本,1617,四万十町替坂本,1652,3269,1.1,0.36,43,43.6,10.7,50
39300560495,一般国道５６号,興津窪川線,四国横断自動車道（阿南四万十線）,39412,0,0.9,四万十町替坂本,1617,四万十町替坂本,1652,3269,1.1,0.41,44.5,36.1,10,50
39300560500,一般国道５６号,四国横断自動車道（阿南四万十線）,一般国道３８１号,39412,0,3,四万十町根元原,3843,四万十町根元原,3911,7754,1.1,0.75,35.6,39.7,10,50
39300560510,一般国道５６号,一般国道３８１号,上ノ加江窪川線,39412,0,0.3,四万十町西ＩＣ～黒潮拳ノ川ＩＣ,2961,四万十町西ＩＣ～黒潮拳ノ川ＩＣ,2956,5917,1.19,0.54,26.7,24.1,15.1,40
39300560515,一般国道５６号,上ノ加江窪川線,一般国道５６号（片坂バイパス）,39412,0,2.5,四万十町西ＩＣ～黒潮拳ノ川ＩＣ,2961,四万十町西ＩＣ～黒潮拳ノ川ＩＣ,2956,5917,1.19,0.69,46.3,47.8,9.55,60
39300560520,一般国道５６号,一般国道５６号（片坂バイパス）,四万十町・黒潮町境,39412,0,2.4,黒潮町市野瀬地先,321,黒潮町市野瀬地先,295,616,1.1,0.12,48.8,52.4,9.55,60
39300560525,一般国道５６号,四万十町・黒潮町境,一般国道５６号（片坂バイパス）,39428,0,6.2,黒潮町市野瀬地先,321,黒潮町市野瀬地先,295,616,1.1,0.12,53.4,53.4,8.9,50
39300560530,一般国道５６号,一般国道５６号（片坂バイパス）,秋丸佐賀線,39428,0,0.9,四万十町西ＩＣ～黒潮拳ノ川ＩＣ,2961,四万十町西ＩＣ～黒潮拳ノ川ＩＣ,2956,5917,1.19,0.7,44.4,46.2,8.9,50
39300560540,一般国道５６号,秋丸佐賀線,住次郎佐賀線,39428,0,3.9,四万十町西ＩＣ～黒潮拳ノ川ＩＣ,2961,四万十町西ＩＣ～黒潮拳ノ川ＩＣ,2956,5917,1.19,0.7,54.9,55.1,8.9,50
39300560545,一般国道５６号,住次郎佐賀線,,39428,0,3.3,四万十町西ＩＣ～黒潮拳ノ川ＩＣ,2961,四万十町西ＩＣ～黒潮拳ノ川ＩＣ,2956,5917,1.19,0.48,53.8,52,11.3,50
39300560550,一般国道５６号,,中土佐佐賀線,39428,0,1.8,四万十町西ＩＣ～黒潮拳ノ川ＩＣ,2961,四万十町西ＩＣ～黒潮拳ノ川ＩＣ,2956,5917,1.19,0.48,52.5,43.2,11.3,50
39300560560,一般国道５６号,中土佐佐賀線,大方大正線,39428,0,9.4,四万十町西ＩＣ～黒潮拳ノ川ＩＣ,2961,四万十町西ＩＣ～黒潮拳ノ川ＩＣ,2956,5917,1.19,0.72,52.3,51.6,8.9,50
39300560565,一般国道５６号,大方大正線,町道,39428,0,3.9,黒潮町浮鞭,5097,黒潮町浮鞭,5303,10400,1.16,0.83,54.7,48.7,9.8,50
39300560985,一般国道５６号（大方改良）,町道,大用大方線,39428,0,0.2,黒潮町浮鞭,5097,黒潮町浮鞭,5303,10400,1.16,0.82,25.2,38.9,22,50
39300560990,一般国道５６号（大方改良）,大用大方線,町道,39428,0,1.4,黒潮町上田ノ口,5642,黒潮町上田ノ口,5837,11479,1.16,1.33,,,22,50
39300561000,一般国道５６号（大方改良）,町道,町道,39428,0,1,黒潮町上田ノ口,5642,黒潮町上田ノ口,5837,11479,1.16,1.33,38.6,40.9,22,50
39300560580,一般国道５６号,町道,中村下田ノ口線,39428,0,0.3,黒潮町上田ノ口,5642,黒潮町上田ノ口,5837,11479,1.16,1.63,34.1,33.2,22,50
39300560590,一般国道５６号,中村下田ノ口線,岡本大方線,39428,0,1.4,黒潮町上田ノ口,5642,黒潮町上田ノ口,5837,11479,1.16,1.36,42,46.1,12.15,50
39300560600,一般国道５６号,岡本大方線,黒潮町・四万十市境,39428,0,2.1,黒潮町上田ノ口,5642,黒潮町上田ノ口,5837,11479,1.16,1.36,55.3,54.8,12.15,50
39300560610,一般国道５６号,黒潮町・四万十市境,出口古津賀線,39210,0,2,黒潮町上田ノ口,5642,黒潮町上田ノ口,5837,11479,1.16,1.29,50.3,46.6,11,50
39300560620,一般国道５６号,出口古津賀線,下田港線,39210,0,1.1,黒潮町上田ノ口,5642,黒潮町上田ノ口,5837,11479,1.16,0.55,29.7,21.5,33,60
39300560630,一般国道５６号,下田港線,一般国道４３９号,39210,0,0.7,黒潮町上田ノ口,5642,黒潮町上田ノ口,5837,11479,1.16,0.55,20.3,20.3,33,60
39300560640,一般国道５６号,一般国道４３９号,一般国道５６号（中村宿毛道路）,39210,0,0.7,黒潮町上田ノ口,5642,黒潮町上田ノ口,5837,11479,1.16,0.55,26.9,24.4,33,60
39300560650,一般国道５６号,一般国道５６号（中村宿毛道路）,一般国道３２１号,39210,0,1.3,四万十市不破,6297,四万十市不破,6801,13098,1.14,0.38,40.3,33.7,21,60
39300560660,一般国道５６号,一般国道３２１号,中村下ノ加江線,39210,0,0.9,四万十市具同３６０,7177,四万十市具同３６０,7470,14647,1.14,0.44,25.6,30,21,60
39300560670,一般国道５６号,中村下ノ加江線,中村下ノ加江線,39210,0,0.2,四万十市楠島,3748,四万十楠島,3508,7256,1.14,0.3,18.1,17.7,21,60
39300560680,一般国道５６号,中村下ノ加江線,宗呂中村線,39210,0,3.1,四万十市楠島,3748,四万十楠島,3508,7256,1.14,0.74,30.5,33.4,9.75,50
39300560690,一般国道５６号,宗呂中村線,有岡川登線,39210,0,6.3,四万十市国見５８１,3351,四万十市国見５８１,3160,6511,1.16,0.57,49.6,49.4,9.75,50
39300560700,一般国道５６号,有岡川登線,四万十市・宿毛市境,39210,0,0.7,四万十市国見５８１,3351,四万十市国見５８１,3160,6511,1.16,0.61,37.8,42.9,12.15,40
39300560710,一般国道５６号,四万十市・宿毛市境,橋上平田線,39208,0,2.4,宿毛市山奈町１２７６,2857,宿毛市山奈町１２７６,2814,5671,1.16,0.51,31.4,34.6,10.5,50
39300560720,一般国道５６号,橋上平田線,宿毛市道,39208,0,0.2,宿毛市平田町１８６９－６,3337,宿毛市平田町１８６９－６,3401,6738,1.16,0.58,26.6,22.9,10.5,50
39300560730,一般国道５６号,宿毛市道,土佐清水宿毛線,39208,0,0.7,宿毛市平田,3512,宿毛市平田,3634,7146,1.16,0.59,27.8,28.7,10.5,50
39300560735,一般国道５６号,土佐清水宿毛線,一般国道５６号（中村宿毛道路）,39208,0,5,宿毛市押ノ川中山５１－１,7395,宿毛市押ノ川中山５１－１,7144,14539,1.16,1.01,42.6,37,10.5,50
39300560740,一般国道５６号,一般国道５６号（中村宿毛道路）,宿毛津島線,39208,0,0.6,宿毛市押ノ川中山５１－１,7395,宿毛市押ノ川中山５１－１,7144,14539,1.16,1.01,22.9,33.4,10.5,50
39300560750,一般国道５６号,宿毛津島線,一般国道３２１号,39208,0,2.5,宿毛市和田,6088,宿毛市和田,6253,12341,1.16,1.01,31,38.2,10.5,50
39300560760,一般国道５６号,一般国道３２１号,宿毛城辺線,39208,0,0.3,宿毛市和田,6088,宿毛市和田,6253,12341,1.16,0.45,21.3,19.8,28.4,50
39300560770,一般国道５６号,宿毛城辺線,一般国道５６号,39208,0,6.6,宿毛市野地,2081,宿毛市野地,2106,4187,1.2,0.47,50.9,54.7,8.8,50
39300560790,一般国道５６号,一般国道５６号,高知市道４号,39201,0,0.3,高知市河ノ瀬町,9602,高知市河ノ瀬町,7853,17455,1.32,0.7,19.3,10.3,40.4,50
39300560800,一般国道５６号,高知市道４号,一般国道５６号,39201,0,0.3,高知市河ノ瀬町,9241,高知市河ノ瀬町,9618,18859,1.25,0.81,11,15.5,40.4,50
39300560820,一般国道５６号（須崎道路）,高知自動車道,一般国道５６号,39206,1,3.1,須崎市潮田町,3575,須崎市潮田町,3338,6913,1.14,0.87,77.4,79,10.25,70
39300560830,一般国道５６号（須崎道路）,一般国道５６号,一般国道５６号（須崎道路）,39206,1,0.8,須崎市池ノ内,2749,須崎市池ノ内,2818,5567,1.15,0.79,78.8,81.4,10.25,70
39300560860,一般国道５６号（中村宿毛道路）,一般国道５６号,宗呂中村線,39210,1,6.4,四万十ＩＣ～間ＩＣ,3433,四万十ＩＣ～間ＩＣ,3565,6998,1.17,0.72,54,63.2,10.5,70
39300560870,一般国道５６号（中村宿毛道路）,宗呂中村線,四万十市・宿毛市境,39210,1,6.1,間ＩＣ～平田ＩＣ,5437,間ＩＣ～平田ＩＣ,5450,10887,1.19,0.79,78.6,79,10.5,70
39300560875,一般国道５６号（中村宿毛道路）,四万十市・宿毛市境,宿毛市道,39208,1,1.4,中村宿毛道路　平田IC,2977,中村宿毛道路　平田IC,2843,5820,1.17,0.18,71.5,79,20.5,70
39300560970,一般国道５６号（中村宿毛道路）,宿毛市道,一般国道５６号,39208,1,7.6,平田ＩＣ～宿毛和田ＩＣ,2887,平田ＩＣ～宿毛和田ＩＣ,3062,5949,1.19,0.4,66.4,39.2,10.5,70
39300560900,一般国道５６号（須崎道路）,一般国道５６号（須崎道路）,四国横断自動車道（阿南四万十線）,39206,1,0.4,須崎市池ノ内,2749,須崎市池ノ内,2818,5567,1.15,0.79,78.1,79.7,10.25,70
39300560940,一般国道５６号（片坂バイパス）,一般国道５６号,四万十町・黒潮町境,39412,1,2.1,四万十町西ＩＣ～黒潮拳ノ川ＩＣ,2961,四万十町西ＩＣ～黒潮拳ノ川ＩＣ,2956,5917,1.19,0.58,63.6,67.2,10.5,70
39300560950,一般国道５６号（片坂バイパス）,四万十町・黒潮町境,一般国道５６号,39428,1,5.2,四万十町西ＩＣ～黒潮拳ノ川ＩＣ,2961,四万十町西ＩＣ～黒潮拳ノ川ＩＣ,2956,5917,1.19,0.58,56.8,59.4,10.5,70
39301940010,一般国道１９４号,一般国道３３号,思地川口線,39386,0,8.2,吾川郡いの町加田,3966,吾川郡いの町加田,3811,7777,1.23,0.87,51.2,53.1,11.3,50
39301940020,一般国道１９４号,思地川口線,柳瀬越知線,39386,0,5.1,吾川郡いの町柳瀬上分807-1地先,2256,吾川郡いの町柳瀬上分,2182,4438,1.14,0.66,51.5,54.6,8.5,50
39301940030,一般国道１９４号,柳瀬越知線,伊野仁淀線,39386,0,3.2,吾川郡いの町柳瀬上分807-1地先,2256,吾川郡いの町柳瀬上分,2182,4438,1.14,0.66,57.2,57.4,8.5,50
39301940040,一般国道１９４号,伊野仁淀線,一般国道４３９号,39386,0,5.3,吾川郡いの町柳瀬上分807-1地先,2256,吾川郡いの町柳瀬上分,2182,4438,1.14,0.71,55.5,55.4,9.5,50
39301940050,一般国道１９４号,一般国道４３９号,一般国道４３９号,39386,0,5.9,,2061,,2105,4166,1.25,0.62,51.9,53.3,9.5,50
39301940060,一般国道１９４号,一般国道４３９号,奥の谷日比原線,39386,0,4,,2061,,2105,4166,1.25,0.62,54.3,55,9.5,50
39301940070,一般国道１９４号,奥の谷日比原線,,39386,0,8.7,,2061,,2105,4166,1.25,0.62,52,49.7,9.5,50
39301940080,一般国道１９４号,,石鎚公園線,39386,0,2.9,吾川郡いの町戸中187番地先,655,吾川郡いの町戸中,669,1324,1.22,0.28,50.4,49.3,10.8,50
39301940090,一般国道１９４号,石鎚公園線,本川大杉線,39386,0,7.6,吾川郡いの町戸中187番地先,655,吾川郡いの町戸中,669,1324,1.22,0.28,54.2,56.8,10.8,50
39301940100,一般国道１９４号,本川大杉線,一般国道１９４号,39386,0,7.1,,596,,614,1210,1.24,0.18,57,53.6,10.7,60
39301950010,一般国道１９５号,一般国道３２号,田村高須線,39201,0,1.5,,4389,,5381,9770,1.24,1.04,17.1,18.3,8,40
39301950020,一般国道１９５号,田村高須線,八幡大津線,39201,0,2.9,高知市大津甲,2967,高知市大津甲,2948,5915,1.24,1.2,27.3,26.1,8,40
39301950030,一般国道１９５号,八幡大津線,一般国道３２号,39201,0,1.4,南国市東崎1342-6番地先,8417,南国市東崎1342-6番地先,7582,15999,1.26,2.36,30.2,22.6,6,40
39301950040,一般国道１９５号,一般国道３２号,高知市・南国市境,39201,0,0.2,南国市東崎1342-6番地先,8417,南国市東崎1342-6番地先,7582,15999,1.26,2.36,10.3,22.2,6,40
39301950045,一般国道１９５号,高知市・南国市境,高知南国線,39204,0,0.2,南国市東崎1342-6番地先,8417,南国市東崎1342-6番地先,7582,15999,1.26,2.14,31.9,17.3,7.5,40
39301950050,一般国道１９５号,高知南国線,後免中島高知線,39204,0,1,南国市東崎1342-6番地先,8417,南国市東崎1342-6番地先,7582,15999,1.26,2.14,31.8,25.6,7.5,40
39301950060,一般国道１９５号,後免中島高知線,南国インター線,39204,0,0.6,南国市東崎1342-6番地先,8417,南国市東崎1342-6番地先,7582,15999,1.26,2.14,19.5,16.8,7.5,40
39301950070,一般国道１９５号,南国インター線,後免停車場線,39204,0,0.3,南国市東崎949-1番地先,4259,南国市東崎949-1番地先,3848,8107,1.24,0.98,10.1,21,7.6,50
39301950080,一般国道１９５号,後免停車場線,南国インター線,39204,0,0.4,南国市東崎949-1番地先,4259,南国市東崎949-1番地先,3848,8107,1.24,0.98,22.7,24.1,7.6,50
39301950090,一般国道１９５号,南国インター線,南国市・香美市境,39204,0,2.9,南国市東崎949-1番地先,4259,南国市東崎949-1番地先,3848,8107,1.24,0.98,43.7,46.4,7.6,50
39301950100,一般国道１９５号,南国市・香美市境,前浜植野線,39212,0,0.6,南国市東崎949-1番地先,4259,南国市東崎949-1番地先,3848,8107,1.24,1.05,36.4,30.2,8.5,40
39301950110,一般国道１９５号,前浜植野線,前浜植野線,39212,0,0.3,,7514,,6927,14441,1.25,1.95,20.8,20.5,11.2,40
39301950120,一般国道１９５号,前浜植野線,土佐山田野市線,39212,0,0.7,,7514,,6927,14441,1.25,1.95,23.5,19.5,11.2,40
39301950130,一般国道１９５号,土佐山田野市線,日ノ御子土佐山田線,39212,0,2.9,,7514,,6927,14441,1.25,1.95,22.9,24.6,11.2,40
39301950140,一般国道１９５号,日ノ御子土佐山田線,神母木野市線,39212,0,0.1,,7514,,6927,14441,1.25,1.43,21.4,26.2,7.8,40
39301950150,一般国道１９５号,神母木野市線,龍河洞公園線,39212,0,0.2,,7514,,6927,14441,1.25,1.19,23,14.4,7.9,50
39301950160,一般国道１９５号,龍河洞公園線,日ノ御子土佐山田線,39212,0,2,香美市土佐山田町神母木41木417-5番地先,4506,香美市土佐山田町神母木41木417-5番地先,4249,8755,1.23,1.28,39.5,43.8,7.9,50
39301950170,一般国道１９５号,日ノ御子土佐山田線,日ノ御子土佐山田線,39212,0,3.4,香美市土佐山田町神母木41木417-5番地先,4506,香美市土佐山田町神母木41木417-5番地先,4249,8755,1.23,1.28,52.6,52.6,7.9,50
39301950180,一般国道１９５号,日ノ御子土佐山田線,香北野市線,39212,0,0.2,香美市土佐山田町神母木41木417-5番地先,4506,香美市土佐山田町神母木41木417-5番地先,4249,8755,1.23,1.28,54.2,52.2,7.9,50
39301950190,一般国道１９５号,香北野市線,久保大宮線,39212,0,2.1,香美市香北町美良布,4440,香美市香北町美良布,4320,8760,1.23,0.87,49.2,47.8,11,50
39301950200,一般国道１９５号,久保大宮線,香北赤岡線,39212,0,1.6,香美市香北町美良布,4440,香美市香北町美良布,4320,8760,1.23,0.87,32,31.3,11,50
39301950210,一般国道１９５号,香北赤岡線,永野久保川線,39212,0,0.7,香美市香北町美良布,4440,香美市香北町美良布,4320,8760,1.23,0.87,49,49.4,11,50
39301950220,一般国道１９５号,永野久保川線,永野久保川線,39212,0,3,香美市香北町美良布,4440,香美市香北町美良布,4320,8760,1.23,0.87,52.8,53.4,11,50
39301950230,一般国道１９５号,永野久保川線,旧道,39212,0,0.9,香美市香北町美良布,4440,香美市香北町美良布,4320,8760,1.23,0.87,53.2,52.3,11,50
39301950240,一般国道１９５号,旧道,蕨野大比線,39212,0,1.7,香美市香北町美良布,4440,香美市香北町美良布,4320,8760,1.23,0.87,54.8,53.1,11,50
39301950250,一般国道１９５号,蕨野大比線,安芸物部線,39212,0,2.2,香美市香北町美良布,4440,香美市香北町美良布,4320,8760,1.23,0.87,57.4,51.4,11,50
39301950260,一般国道１９５号,安芸物部線,蕨野大比線,39212,0,1.1,香美市別府,110,香美市別府,81,191,1.15,0.06,51.4,51.7,8,50
39301950270,一般国道１９５号,蕨野大比線,大豊物部線,39212,0,0.5,香美市別府,110,香美市別府,81,191,1.15,0.06,47.6,47.4,8,50
39301950280,一般国道１９５号,大豊物部線,一般国道１９５号,39212,0,25.4,香美市別府,110,香美市別府,81,191,1.15,0.06,52.5,50.1,8,50
39301950300,一般国道１９５号,,高知北環状線,39201,0,0.8,高知市布師田3962地先,11831,高知市布師田3962地先,10315,22146,1.27,0.86,26.9,23.5,21.7,50
39301950310,一般国道１９５号,高知北環状線,,39201,0,2.9,高知市布師田3962地先,11831,高知市布師田3962地先,10315,22146,1.27,0.75,20.4,37,27.4,60
39301950440,一般国道１９５号,,高知市・南国市境,39201,0,0.3,南国市岡豊町中島,10904,南国市岡豊町中島,8768,19672,1.24,0.59,44.5,43.9,26.5,60
39301950330,一般国道１９５号,高知市・南国市境,八幡大津線,39204,0,0.6,南国市岡豊町中島,10904,南国市岡豊町中島,8768,19672,1.24,0.65,47.2,34.9,26,60
39301950340,一般国道１９５号,八幡大津線,一般国道３２号,39204,0,0.8,南国市岡豊町中島123番地先,8934,南国市岡豊町中島123番地先,11152,20086,1.26,0.82,33.5,24.4,26,60
39301950350,一般国道１９５号,一般国道３２号,後免中島高知線,39204,0,0.9,南国市岡豊町小篭,6092,南国市岡豊町小篭,5539,11631,1.23,0.45,21.5,40.9,27.5,60
39301950420,一般国道１９５号,後免中島高知線,南国インター線,39204,0,1.5,南国市岡豊町小篭,6092,南国市岡豊町小篭,5539,11631,1.23,0.42,43.5,43.5,26.5,60
39301950460,一般国道１９５号,南国インター線,,39204,0,1.5,南国市岡豊町小篭,6092,南国市岡豊町小篭,5539,11631,1.23,0.42,45.1,43,26.6,60
39301950370,一般国道１９５号,,南国市・香美市境,39204,0,2,南国市岡豊町小篭,6092,南国市岡豊町小篭,5539,11631,1.23,0.41,34.1,34.7,27.6,60
39301950380,一般国道１９５号,南国市・香美市境,香美市・南国市境,39212,0,0.1,香美市土佐山田町,7397,香美市土佐山田町,7236,14633,1.22,0.3,62.7,59.2,27.2,60
39301950390,一般国道１９５号,香美市・南国市境,南国市・香美市境,39204,0,0.1,香美市土佐山田町,7397,香美市土佐山田町,7236,14633,1.22,0.3,62.5,58.4,27.2,60
39301950400,一般国道１９５号,南国市・香美市境,前浜植野線,39212,0,0.7,香美市土佐山田町,7397,香美市土佐山田町,7236,14633,1.22,0.41,50.7,35.8,27.1,50
39301970010,一般国道１９７号,一般国道５６号,萩中須崎線,39206,0,4.5,須崎市上分丙184番地先,1531,須崎市上分丙184番地先,1493,3024,1.24,0.34,44.9,48.4,10.5,50
39301970020,一般国道１９７号,萩中須崎線,上分多ノ郷線,39206,0,2.6,須崎市上分丙184番地先,1531,須崎市上分丙184番地先,1493,3024,1.24,0.34,51.5,49.2,10.5,50
39301970030,一般国道１９７号,上分多ノ郷線,須崎市・津野町境,39206,0,1.6,高岡郡津野町杉ノ川甲308番地先,2430,高岡郡津野町杉ノ川甲308番地先,2326,4756,1.25,0.55,47.4,49.4,10.5,50
39301970040,一般国道１９７号,須崎市・津野町境,大野見葉山線,39411,0,10.4,高岡郡津野町杉ノ川甲308番地先,2430,高岡郡津野町杉ノ川甲308番地先,2326,4756,1.25,0.69,51.9,49.9,10,50
39301970050,一般国道１９７号,大野見葉山線,窪川船戸線,39411,0,7.3,高岡郡津野町杉ノ川甲308番地先,2430,高岡郡津野町杉ノ川甲308番地先,2326,4756,1.25,0.69,59.6,57.2,10,50
39301970060,一般国道１９７号,窪川船戸線,一般国道４３９号,39411,0,7,,2358,,2131,4489,1.24,0.62,55.3,55.5,10,50
39301970070,一般国道１９７号,一般国道４３９号,一般国道４３９号,39411,0,1.2,,2358,,2131,4489,1.24,0.62,51.2,50.1,10,50
39301970080,一般国道１９７号,一般国道４３９号,津野町・檮原町境,39411,0,6,,2358,,2131,4489,1.24,0.62,50,48.3,10,50
39301970090,一般国道１９７号,津野町・檮原町境,一般国道４４０号,39405,0,3.7,高岡郡梼原町梼原1629番地,1867,高岡郡梼原町梼原1629番地,1858,3725,1.25,0.41,36.9,53.9,10,50
39301970100,一般国道１９７号,一般国道４４０号,中平檮原線,39405,0,0.1,高岡郡梼原町梼原1629番地,1867,高岡郡梼原町梼原1629番地,1858,3725,1.25,0.41,43,30.2,10,50
39301970110,一般国道１９７号,中平檮原線,中平檮原線,39405,0,0.7,高岡郡梼原町梼原1629番地,1867,高岡郡梼原町梼原1629番地,1858,3725,1.25,0.41,52.5,51.6,10,50
39301970120,一般国道１９７号,中平檮原線,中平檮原線,39405,0,1.3,,8777,,8703,17480,1.26,1.16,58,58.1,10,50
39301970130,一般国道１９７号,中平檮原線,城川檮原線,39405,0,1.9,,2204,,2202,4406,1.25,0.58,66.8,61.6,10,50
39301970140,一般国道１９７号,城川檮原線,一般国道１９７号,39405,0,3.9,,938,,914,1852,1.26,0.32,65.9,59.5,10,50
39303210010,一般国道３２１号,一般国道５６号,中村宿毛線,39210,0,5.4,四万十市山路本村2497-20番地,3210,四万十市山路本村2497-20番地,2976,6186,1.23,0.51,47.2,48.9,10.9,50
39303210020,一般国道３２１号,中村宿毛線,間崎布堂ヶ谷線,39210,0,1.7,土佐清水市下ノ加江市野々985-1番地,2651,土佐清水市下ノ加江市野々985-1番地,2467,5118,1.23,0.46,50.3,49.9,11.5,50
39303210030,一般国道３２１号,間崎布堂ヶ谷線,四万十市・土佐清水市境,39210,0,4.6,土佐清水市下ノ加江市野々985-1番地,2651,土佐清水市下ノ加江市野々985-1番地,2467,5118,1.23,0.46,54.8,54.2,11.5,50
39303210040,一般国道３２１号,四万十市・土佐清水市境,中村下ノ加江線,39209,0,1.4,土佐清水市下ノ加江市野々985-1番地,2651,土佐清水市下ノ加江市野々985-1番地,2467,5118,1.23,0.56,59.7,60.3,10.7,50
39303210050,一般国道３２１号,中村下ノ加江線,間崎布堂ヶ谷線,39209,0,4.9,土佐清水市下ノ加江市野々985-1番地,2651,土佐清水市下ノ加江市野々985-1番地,2467,5118,1.23,0.43,52.6,51.8,11.7,50
39303210060,一般国道３２１号,間崎布堂ヶ谷線,土佐清水宿毛線,39209,0,0.4,土佐清水市下ノ加江市野々985-1番地,2651,土佐清水市下ノ加江市野々985-1番地,2467,5118,1.23,0.47,44.1,47.6,9,50
39303210070,一般国道３２１号,土佐清水宿毛線,一般国道３２１号,39209,0,9,,2402,,2286,4688,1.24,0.58,47.7,47.7,9.1,50
39303210080,一般国道３２１号,一般国道３２１号,一般国道３２１号,39209,0,2,土佐清水市以布利,2672,土佐清水市以布利,2750,5422,1.23,0.53,56.1,51.5,12.9,50
39303210090,一般国道３２１号,一般国道３２１号,足摺岬公園線,39209,0,1.1,土佐清水市以布利,2672,土佐清水市以布利,2750,5422,1.23,0.53,28,22.6,12.9,50
39303210100,一般国道３２１号,足摺岬公園線,宿毛宗呂下川口線,39209,0,14.4,土佐清水市下益野1934番地,2381,土佐清水市下益野1934番地,2143,4524,1.23,0.6,46.8,40.5,11,50
39303210110,一般国道３２１号,宿毛宗呂下川口線,清王新田貝ノ川線,39209,0,4.1,土佐清水市貝ノ川1925番地,410,土佐清水市貝ノ川1925番地,365,775,1.23,0.09,59.3,58.5,11,50
39303210120,一般国道３２１号,清王新田貝ノ川線,土佐清水市・大月町境,39209,0,3.8,土佐清水市貝ノ川1925番地,410,土佐清水市貝ノ川1925番地,365,775,1.23,0.09,63.6,62.5,11,50
39303210130,一般国道３２１号,土佐清水市・大月町境,清王新田貝ノ川線,39424,0,10.7,大月町姫ノ井1076番地,855,大月町姫ノ井1076番地,816,1671,1.26,0.17,61.4,59.1,10.6,50
39303210140,一般国道３２１号,清王新田貝ノ川線,柏島二ツ石線,39424,0,1.5,大月町姫ノ井1076番地,855,大月町姫ノ井1076番地,816,1671,1.26,0.17,52.6,54.4,10.6,50
39303210150,一般国道３２１号,柏島二ツ石線,大月町・宿毛市境,39424,0,5.4,大月町弘見,3164,大月町弘見,3194,6358,1.14,0.68,40.6,44.3,11.5,50
39303210160,一般国道３２１号,大月町・宿毛市境,宿毛市・大月町境,39208,0,0.2,大月町弘見,3164,大月町弘見,3194,6358,1.14,0.69,56.6,56.5,11.3,50
39303210170,一般国道３２１号,宿毛市・大月町境,大月町・宿毛市境,39424,0,0.4,大月町弘見,3164,大月町弘見,3194,6358,1.14,0.72,52.9,54.7,9,50
39303210180,一般国道３２１号,大月町・宿毛市境,安満地福良線,39208,0,0.2,大月町弘見,3164,大月町弘見,3194,6358,1.14,0.73,51.2,51.9,10.2,50
39303210190,一般国道３２１号,安満地福良線,宿毛宗呂下川口線,39208,0,0.5,大月町弘見,3164,大月町弘見,3194,6358,1.14,0.73,46.4,45.8,10.2,50
39303210200,一般国道３２１号,宿毛宗呂下川口線,中村宿毛線,39208,0,1.2,宿毛市小筑紫町湊,3938,宿毛市小筑紫町湊,4154,8092,1.23,0.67,38.4,42.4,9.8,40
39303210210,一般国道３２１号,中村宿毛線,片島港線,39208,0,5.9,宿毛市小筑紫町湊,3938,宿毛市小筑紫町湊,4154,8092,1.23,0.67,48.2,44.7,9.8,40
39303210220,一般国道３２１号,片島港線,一般国道５６号,39208,0,0.6,宿毛市小筑紫町湊,3938,宿毛市小筑紫町湊,4154,8092,1.23,0.67,23.4,21,9.8,40
39303210240,一般国道３２１号,一般国道３２１号,足摺岬公園線,39209,0,2.1,,218,,253,471,1.27,0.05,42.4,43.6,9.4,40
39303210250,一般国道３２１号,足摺岬公園線,一般国道３２１号,39209,0,0.9,土佐清水市旭町,361,土佐清水市旭町,387,748,1.28,0.08,41,30.3,9.4,40
39303810010,一般国道３８１号,一般国道５６号,窪川船戸線,39412,0,0.3,高岡郡四万十町口神ノ川696番地2,3003,高岡郡四万十町口神ノ川696番地2,3031,6034,1.23,0.63,12.7,17.4,12.1,40
39303810020,一般国道３８１号,窪川船戸線,松原窪川線,39412,0,1.5,高岡郡四万十町口神ノ川696番地2,3003,高岡郡四万十町口神ノ川696番地2,3031,6034,1.23,0.62,22.6,24.4,11,50
39303810030,一般国道３８１号,松原窪川線,小味野々川口線,39412,0,4.9,高岡郡四万十町口神ノ川696番地2,3003,高岡郡四万十町口神ノ川696番地2,3031,6034,1.23,0.62,56.5,56.7,11,50
39303810035,一般国道３８１号,小味野々川口線,小味野々川口線,39412,0,0.3,高岡郡四万十町口神ノ川696番地2,3003,高岡郡四万十町口神ノ川696番地2,3031,6034,1.23,0.68,58.3,55.3,11,50
39303810040,一般国道３８１号,小味野々川口線,秋丸佐賀線,39412,0,3.7,高岡郡四万十町口神ノ川696番地2,3003,高岡郡四万十町口神ノ川696番地2,3031,6034,1.23,0.68,59.8,61.7,11,50
39303810050,一般国道３８１号,秋丸佐賀線,大方大正線,39412,0,4.6,高岡郡四万十町口神ノ川696番地2,3003,高岡郡四万十町口神ノ川696番地2,3031,6034,1.23,0.68,57.2,56.7,11,50
39303810060,一般国道３８１号,大方大正線,一般国道４３９号,39412,0,6.7,高岡郡四万十町瀬里57番地3,3034,高岡郡四万十町瀬里57番地3,3049,6083,2.13,0.39,59.1,60.8,11,50
39303810070,一般国道３８１号,一般国道４３９号,一般国道４３９号,39412,0,2.8,高岡郡四万十町瀬里57番地3,3034,高岡郡四万十町瀬里57番地3,3049,6083,2.13,0.39,45.3,50.2,11,50
39303810080,一般国道３８１号,一般国道４３９号,昭和中村線,39412,0,10.9,高岡郡四万十町浦越258番地1,1095,高岡郡四万十町浦越258番地1,1075,2170,1.26,0.24,54,56.5,11,50
39303810090,一般国道３８１号,昭和中村線,十和吉野線,39412,0,4.9,高岡郡四万十町十川4番地先,2372,高岡郡四万十町十川4番地先,2354,4726,2.11,0.32,48.5,50.1,11,50
39303810100,一般国道３８１号,十和吉野線,四万十町・四万十市境,39412,0,3.6,高岡郡四万十町十川4番地先,2372,高岡郡四万十町十川4番地先,2354,4726,2.11,0.32,48.8,57.1,11,50
39303810110,一般国道３８１号,四万十町・四万十市境,一般国道４４１号,39210,0,8.2,,2737,,2677,5414,1.24,0.47,54.5,52.3,10.3,50
39303810120,一般国道３８１号,一般国道４４１号,江川崎停車場線,39210,0,0.1,,2737,,2677,5414,1.24,0.47,18.6,28.4,10.3,50
39303810130,一般国道３８１号,江川崎停車場線,一般国道３８１号,39210,0,5.1,,1399,,1410,2809,1.24,0.33,57,61.2,10.3,50
39304390010,一般国道４３９号,一般国道４３９号,豊永停車場線,39344,0,18.3,大豊町西峯,37,大豊町西峯,37,74,1,0.04,26.5,26.5,10.6,50
39304390020,一般国道４３９号,豊永停車場線,一般国道３２号,39344,0,0.2,大豊町西峯,37,大豊町西峯,37,74,1,0.04,18.4,16.8,10.6,50
39304390040,一般国道４３９号,一般国道３２号,高知自動車道,39344,0,0.7,長岡郡大豊町川口,3220,長岡郡大豊町川口,3445,6665,1.23,0.78,26.4,34.4,10,50
39304390050,一般国道４３９号,高知自動車道,川之江大豊線,39344,0,0.3,長岡郡大豊町川口,3220,長岡郡大豊町川口,3445,6665,1.23,0.78,28.1,32.8,10,50
39304390060,一般国道４３９号,川之江大豊線,大豊町・本山町境,39344,0,2,,2404,,2420,4824,1.24,0.55,52.7,53.6,10,50
39304390070,一般国道４３９号,大豊町・本山町境,上穴内本山線,39341,0,6.5,,2404,,2420,4824,1.24,0.54,53.1,53.5,11.9,50
39304390080,一般国道４３９号,上穴内本山線,磯谷本山線,39341,0,0.8,,2404,,2420,4824,1.24,0.54,34.3,29.2,11.9,50
39304390090,一般国道４３９号,磯谷本山線,本山町・土佐町境,39341,0,2.6,長岡郡本山町本山946-6番地先,3409,長岡郡本山町本山946-6番地先,3385,6794,1.11,0.59,33.7,37.4,11.9,50
39304390100,一般国道４３９号,本山町・土佐町境,本川大杉線,39363,0,1.1,長岡郡本山町本山946-6番地先,3409,長岡郡本山町本山946-6番地先,3385,6794,1.11,0.59,38.7,36.2,11,50
39304390110,一般国道４３９号,本川大杉線,大川土佐線,39363,0,3,長岡郡本山町本山946-6番地先,3409,長岡郡本山町本山946-6番地先,3385,6794,1.11,0.67,40.9,36,8.5,50
39304390120,一般国道４３９号,大川土佐線,高知本山線,39363,0,1.1,長岡郡本山町本山946-6番地先,3409,長岡郡本山町本山946-6番地先,3385,6794,1.11,0.67,46.7,42.9,8.5,50
39304390130,一般国道４３９号,高知本山線,土佐町・いの町境,39363,0,11.7,土佐郡土佐町地蔵寺1274番地先,712,土佐郡土佐町地蔵寺1274番地先,710,1422,1.23,0.22,51.9,52.2,7.5,50
39304390140,一般国道４３９号,土佐町・いの町境,一般国道１９４号,39386,0,11.5,吾川郡いの町上八川,430,吾川郡いの町上八川,419,849,1.14,0.13,62.6,64.4,12.1,50
39304390160,一般国道４３９号,一般国道１９４号,西津賀才日比原線,39386,0,2.2,吾川郡いの町小川西津賀才,976,吾川郡いの町小川西津賀才,1053,2029,1.25,0.29,53.5,57.6,11,50
39304390170,一般国道４３９号,西津賀才日比原線,いの町・仁淀川町境,39386,0,5.9,吾川郡いの町小川西津賀才,976,吾川郡いの町小川西津賀才,1053,2029,1.25,0.29,57,68.8,11,50
39304390180,一般国道４３９号,いの町・仁淀川町境,安居公園線,39387,0,3.8,,1083,,1205,2288,1.25,0.28,62.3,71.2,10.6,50
39304390190,一般国道４３９号,安居公園線,一般国道４９４号,39387,0,2.2,,1083,,1205,2288,1.25,0.28,54.3,57.1,10.6,50
39304390200,一般国道４３９号,一般国道４９４号,一般国道３３号,39387,0,4.3,吾川郡仁淀川町本村,1587,吾川郡仁淀川町本村,1601,3188,1.25,0.4,44.1,42.8,10.6,50
39304390220,一般国道４３９号,一般国道３３号,伊野仁淀線,39387,0,8.1,吾川郡仁淀川町森,1153,吾川郡仁淀川町森,1134,2287,1.26,0.26,37.8,43.3,10.1,50
39304390224,一般国道４３９号,伊野仁淀線,,39387,0,3.4,吾川郡仁淀川町大植,207,吾川郡仁淀川町大植,249,456,1.14,0.1,40.1,52.2,10.1,50
39304390227,一般国道４３９号,,,39387,0,1.9,吾川郡仁淀川町大植,207,吾川郡仁淀川町大植,249,456,1.14,0.1,40.1,40.1,10.1,50
39304390230,一般国道４３９号,,,39387,0,4.5,吾川郡仁淀川町大植,207,吾川郡仁淀川町大植,249,456,1.14,0.1,35.6,35.6,10.1,50
39304390240,一般国道４３９号,,仁淀川町・津野町境,39387,0,0.4,吾川郡仁淀川町大植,207,吾川郡仁淀川町大植,249,456,1.14,0.1,42.6,43.7,10.1,50
39304390245,一般国道４３９号,仁淀川町・津野町境,四国カルスト公園線,39411,0,5.9,,215,,199,414,1.13,2.54,33.4,38.4,4.85,30
39304390250,一般国道４３９号,四国カルスト公園線,四国カルスト公園線,39411,0,0.2,,215,,199,414,1.13,0.07,40.3,52.5,12.1,30
39304390260,一般国道４３９号,四国カルスト公園線,上郷檮原線,39411,0,1.1,,513,,619,1132,1.24,0.08,56.4,55.1,10.9,30
39304390270,一般国道４３９号,上郷檮原線,一般国道１９７号,39411,0,7.7,高岡郡津野町芳生野200番地5,649,高岡郡津野町芳生野200番地5,610,1259,1.24,0.13,52.5,50.5,10.9,30
39304390290,一般国道４３９号,一般国道１９７号,津野町・檮原町境,39411,0,7.6,,69,,68,137,1.18,0.22,31.8,31.8,4.35,30
39304390300,一般国道４３９号,津野町・檮原町境,中平檮原線,39405,0,10.4,,69,,68,137,1.18,0.22,31.8,31.8,4.5,40
39304390310,一般国道４３９号,中平檮原線,松原窪川線,39405,0,2.6,高岡郡四万十町下津井322番地3,88,高岡郡四万十町下津井322番地3,94,182,1.16,0.02,42,51.4,11,50
39304390320,一般国道４３９号,松原窪川線,檮原町・四万十町境,39405,0,6.1,高岡郡四万十町下津井322番地3,88,高岡郡四万十町下津井322番地3,94,182,1.16,0.02,35,35,11,50
39304390330,一般国道４３９号,檮原町・四万十町境,一般国道３８１号,39412,0,20.7,高岡郡四万十町下津井322番地3,88,高岡郡四万十町下津井322番地3,94,182,1.16,0.8,34.2,34.2,4,50
39304390350,一般国道４３９号,一般国道３８１号,四万十町・四万十市境,39412,0,7.1,,159,,237,396,1.27,0.74,28.2,28.2,4,50
39304390360,一般国道４３９号,四万十町・四万十市境,住次郎佐賀線,39210,0,9.9,,159,,237,396,1.27,0.74,28.2,28.2,3.4,50
39304390370,一般国道４３９号,住次郎佐賀線,大用大方線,39210,0,2.4,,767,,881,1648,1.22,0.23,52.5,44.8,11.1,50
39304390380,一般国道４３９号,大用大方線,,39210,0,0.2,,407,,428,835,1.15,0.11,52.5,47.3,11.1,50
39304390390,一般国道４３９号,,岡本大方線,39210,0,7.8,四万十市蕨岡甲,675,四万十市蕨岡甲,701,1376,1.22,0.16,48.1,48.2,11.1,50
39304390400,一般国道４３９号,岡本大方線,昭和中村線,39210,0,0.5,四万十市蕨岡甲,675,四万十市蕨岡甲,701,1376,1.22,0.16,45.4,51.5,11.1,50
39304390410,一般国道４３９号,昭和中村線,安並佐岡線,39210,0,4.7,四万十市安並,2257,四万十市安並,2598,4855,1.15,0.6,48.4,47.7,11.1,50
39304390420,一般国道４３９号,安並佐岡線,一般国道４４１号,39210,0,0.6,,2457,,2819,5276,1.24,0.62,24.5,29.7,7.4,30
39304390430,一般国道４３９号,一般国道４４１号,中村下ノ加江線,39210,0,0.8,,2457,,2819,5276,1.24,0.62,18.9,16.6,7.4,30
39304390440,一般国道４３９号,中村下ノ加江線,安並佐岡線,39210,0,0.3,四万十市大橋通6丁目27番地,4844,四万十市大橋通6丁目27番地,4850,9694,1.24,1.18,15.1,13.5,17.8,40
39304390450,一般国道４３９号,安並佐岡線,一般国道５６号,39210,0,1.2,四万十市大橋通6丁目27番地,4844,四万十市大橋通6丁目27番地,4850,9694,1.24,1.18,22.6,16.9,17.8,40
39304400050,一般国道４４０号,一般国道４４０号,その他道路,39405,0,1.9,高岡郡梼原町永野,110,高岡郡梼原町永野,112,222,1.17,0.03,65.4,49.4,9.6,50
39304400020,一般国道４４０号,その他道路,上郷檮原線,39405,0,2.9,高岡郡梼原町永野,110,高岡郡梼原町永野,112,222,1.17,0.03,54.6,54,11,50
39304400030,一般国道４４０号,上郷檮原線,一般国道１９７号,39405,0,6.3,高岡郡梼原町後別当325番地先,617,高岡郡梼原町後別当325番地先,663,1280,1.23,0.15,45.8,44.7,11,50
39304410005,一般国道４４１号,一般国道３８１号,西土佐松野線,39210,0,2.5,四万十市西土佐橘,894,四万十市西土佐橘,853,1747,1.13,0.11,45.8,45.9,8.1,50
39304410100,一般国道４４１号,西土佐松野線,その他道路,39210,0,2.5,四万十市西土佐橘,894,四万十市西土佐橘,853,1747,1.13,0.1,65.9,67.2,10.3,50
39304410020,一般国道４４１号,その他道路,,39210,0,8.8,四万十市西土佐橘,894,四万十市西土佐橘,853,1747,1.13,1.06,37.1,35.8,5.2,50
39304410025,一般国道４４１号,,,39210,0,9.7,四万十市西土佐橘,894,四万十市西土佐橘,853,1747,1.13,0.1,54.2,49.9,11.5,50
39304410075,一般国道４４１号,,有岡川登線,39210,0,0.9,四万十市西土佐橘,894,四万十市西土佐橘,853,1747,1.13,0.1,60.2,61.8,11.5,50
39304410080,一般国道４４１号,有岡川登線,川登中村線,39210,0,0.3,,1135,,1141,2276,1.25,0.31,55.4,60.7,11.5,50
39304410050,一般国道４４１号,川登中村線,,39210,0,3.5,,1978,,1977,3955,1.25,0.45,53.7,53.5,10.9,50
39304410060,一般国道４４１号,,一般国道４３９号,39210,0,6.1,四万十市利岡1-2番地,1644,四万十市利岡1-2番地,1659,3303,1.25,0.49,48.9,46,10.9,50
39304930010,一般国道４９３号,一般国道５５号,一般国道４９３号,39302,0,0.9,奈半利町乙3855番地先,1950,奈半利町乙3855番地先,1978,3928,1.25,0.47,24.3,27.9,10,40
39304930120,一般国道４９３号（北川奈半利道路）,一般国道４９３号,奈半利町・北川村境,39302,1,1,,1266,,1267,2533,1.28,0.2,55.3,68.1,9.1,60
39304930130,一般国道４９３号（北川奈半利道路）,奈半利町・北川村境,一般国道４９３号（北川奈半利道路）,39305,1,0.7,,1266,,1267,2533,1.28,0.2,73.1,83.6,9.1,60
39304930140,一般国道４９３号（北川奈半利道路）,一般国道４９３号（北川奈半利道路）,一般国道４９３号,39305,1,3.1,,1266,,1267,2533,1.28,0.2,66.4,69.9,10.7,60
39304930070,一般国道４９３号,一般国道４９３号,安田東洋線,39305,0,17.1,安芸郡北川村小島,298,安芸郡北川村小島,301,599,1.11,0.17,28.3,28.3,10,40
39304930080,一般国道４９３号,安田東洋線,北川村・東洋町境,39305,0,12.2,安芸郡北川村弘瀬,111,安芸郡北川村弘瀬,98,209,1.25,0.05,31.5,31.5,10,40
39304930090,一般国道４９３号,北川村・東洋町境,船津野根線,39301,0,6.4,安芸郡北川村弘瀬,111,安芸郡北川村弘瀬,98,209,1.25,0.05,31.5,31.5,14.4,50
39304930100,一般国道４９３号,船津野根線,一般国道５５号,39301,0,1.5,安芸郡東洋町野根丙,448,安芸郡東洋町野根丙,472,920,1.25,0.17,44.1,41.9,14.4,50
39304930020,一般国道４９３号,一般国道４９３号（北川奈半利道路）,奈半利町・北川村境,39302,0,1.1,,1266,,1267,2533,1.28,0.25,36.9,44.9,10,40
39304930030,一般国道４９３号,奈半利町・北川村境,一般国道４９３号（北川奈半利道路）,39305,0,0.6,,1266,,1267,2533,1.28,0.25,51.5,45.5,8,40
39304930040,一般国道４９３号,一般国道４９３号（北川奈半利道路）,西谷田野線,39305,0,1.4,,270,,231,501,1.3,0.56,29.2,30.9,5.2,40
39304930050,一般国道４９３号,西谷田野線,西谷田野線,39305,0,1.8,,270,,231,501,1.3,0.08,49.7,48.8,10,40
39304930060,一般国道４９３号,西谷田野線,一般国道４９３号（北川奈半利道路）,39305,0,1.7,,270,,231,501,1.3,0.08,37.4,44,10,40
39304930160,一般国道４９３号（北川奈半利道路）,一般国道４９３号,一般国道４９３号（北川奈半利道路）,39305,1,0.3,,163,,149,312,1.31,0.55,26.5,38.9,5.5,50
39304940010,一般国道４９４号,一般国道４９４号,一般国道４３９号,39387,0,16.9,,46,,58,104,1.16,0.14,27.1,30.4,5.7,40
39304940030,一般国道４９４号,一般国道３３号,土佐佐川線,39402,0,0.1,,2055,,2131,4186,1.25,0.52,12,24.5,11.1,50
39304940040,一般国道４９４号,土佐佐川線,佐川停車場線,39402,0,0.5,,2055,,2131,4186,1.25,0.52,21.1,22.8,11.1,50
39304940050,一般国道４９４号,佐川停車場線,本郷斗賀野停車場線,39402,0,2.6,,2055,,2131,4186,1.25,0.52,33.9,33.6,11.1,50
39304940060,一般国道４９４号,本郷斗賀野停車場線,本郷斗賀野停車場線,39402,0,0.6,須崎市桑田山乙320番地先,2017,須崎市桑田山乙320番地先,2027,4044,1.25,0.42,34.1,41.5,11.1,50
39304940070,一般国道４９４号,本郷斗賀野停車場線,佐川町・須崎市境,39402,0,4,須崎市桑田山乙320番地先,2017,須崎市桑田山乙320番地先,2027,4044,1.25,0.42,43.8,45.7,11.1,50
39304940075,一般国道４９４号,佐川町・須崎市境,一般国道４９４号,39206,0,1.7,須崎市桑田山乙320番地先,2017,須崎市桑田山乙320番地先,2027,4044,1.25,0.38,35.8,37.9,11.6,50
39304940100,一般国道４９４号,一般国道４９４号,一般国道４９４号,39206,0,1.6,須崎市桑田山乙,2070,須崎市桑田山乙,2069,4139,1.25,0.49,58.8,57.7,10.3,50
39304940090,一般国道４９４号,一般国道４９４号,一般国道５６号,39206,0,0.2,,1912,,1881,3793,1.25,0.38,38.4,14.7,14.8,40
39304940080,一般国道４９４号,一般国道４９４号,吾桑停車場線,39206,0,0.9,,1912,,1881,3793,1.25,0.61,40.6,39.2,6,40
39304940085,一般国道４９４号,吾桑停車場線,一般国道４９４号,39206,0,0.4,,1912,,1881,3793,1.25,0.61,25.6,25.6,6,40
39304940110,一般国道４９４号,一般国道３３号,長者佐川線,39402,0,1.5,,2055,,2131,4186,1.25,0.51,40.4,52.2,13.3,50
39400020010,城川檮原線,城川梼原線,韮ヶ峠文丸線,39405,0,4.3,,145,,142,287,1.31,0.35,27.3,30.7,4.8,30
39400020020,城川檮原線,韮ヶ峠文丸線,上郷檮原線,39405,0,2.7,,145,,142,287,1.31,0.35,38.4,38.4,4.8,30
39400020030,城川檮原線,上郷檮原線,一般国道１９７号,39405,0,8.9,,145,,142,287,1.31,0.35,35.1,35.1,4.8,30
39400040010,宿毛津島線,一般国道５６号,橋上平田線,39208,0,7.8,宿毛市橋上町楠山,83,宿毛市橋上町楠山,96,179,1.16,0.02,42.2,46.9,8.1,50
39400040020,宿毛津島線,橋上平田線,,39208,0,17.6,宿毛市橋上町楠山,83,宿毛市橋上町楠山,96,179,1.16,0.02,57.5,55.1,8.1,50
39400040030,宿毛津島線,,宿毛津島線,39208,0,5.7,宿毛市橋上町楠山,83,宿毛市橋上町楠山,96,179,1.16,0.8,37.8,38.5,3.7,50
39400050010,川之江大豊線,川之江大豊線,磯谷本山線,39344,0,18.3,,324,,320,644,1.29,0.11,28.5,28.5,8,50
39400050020,川之江大豊線,磯谷本山線,磯谷本山線,39344,0,0.8,,324,,320,644,1.29,0.11,38.7,41.7,8,50
39400050030,川之江大豊線,磯谷本山線,一般国道４３９号,39344,0,0.8,,324,,320,644,1.29,0.11,18.3,41.6,8,50
39400060010,高知伊予三島線,一般国道３３号,高知北環状線,39201,0,1,高知市塚ノ原6-1地先,7064,高知市塚ノ原6-1地先,6807,13871,1.18,2.35,13.7,17.8,9,40
39400060020,高知伊予三島線,高知北環状線,大河内朝倉停車場線,39201,0,3.6,,6587,,7032,13619,1.27,1.98,33.2,38.3,9,40
39400060030,高知伊予三島線,大河内朝倉停車場線,南国伊野線,39201,0,2.3,,1722,,1671,3393,1.25,3.56,36.9,36.2,4,30
39400060040,高知伊予三島線,南国伊野線,南国伊野線,39201,0,0.6,,1722,,1671,3393,1.25,3.56,41,41.2,4,30
39400060050,高知伊予三島線,南国伊野線,高知市・いの町境,39201,0,16.1,高知市鏡草峰,163,高知市鏡草峰,143,306,1.16,1.6,27.9,28.7,4,30
39400060060,高知伊予三島線,高知市・いの町境,いの町・土佐町境,39386,0,3.8,高知市鏡草峰,163,高知市鏡草峰,143,306,1.16,1.6,27.9,28.7,4,30
39400060070,高知伊予三島線,いの町・土佐町境,大川土佐線,39363,0,22.3,,133,,122,255,1.31,0.42,27.9,28.7,5,40
39400060080,高知伊予三島線,大川土佐線,土佐町・大川村境,39363,0,0.7,,133,,122,255,1.31,0.42,27.3,31.8,5,40
39400060090,高知伊予三島線,土佐町・大川村境,大川土佐線,39364,0,0.6,,133,,122,255,1.31,0.42,28.8,34.7,5,40
39400060100,高知伊予三島線,大川土佐線,本川大杉線,39364,0,0.2,,133,,122,255,1.31,0.42,35.1,34,5,40
39400060110,高知伊予三島線,本川大杉線,本川大杉線,39364,0,0.8,,133,,122,255,1.31,0.42,37.4,29.2,5,40
39400060120,高知伊予三島線,本川大杉線,,39364,0,7,,75,,70,145,1.18,0.18,34.1,34.1,5,40
39400070010,宿毛城辺線,一般国道５６号,宿毛城辺線,39208,0,6.2,,1444,,1401,2845,1.24,0.35,42.1,45.5,9.7,40
39304410010,西土佐松野線,一般国道４４１号,西土佐松野線,39210,0,1.4,四万十市西土佐橘297番地,312,四万十市西土佐橘297番地,312,624,1.15,0.03,43.8,46.9,9.5,50
39400080010,西土佐松野線,西土佐松野線,藪ヶ市松野線,39210,0,9.2,四万十市西土佐橘297番地,312,四万十市西土佐橘297番地,312,624,1.15,0.97,35.3,35.3,4.5,30
39400080020,西土佐松野線,藪ヶ市松野線,西土佐松野線,39210,0,8.4,四万十市西土佐橘297番地,312,四万十市西土佐橘297番地,312,624,1.15,0.97,36.1,37.2,4.5,30
39304410013,西土佐松野線,西土佐松野線,その他道路,39210,0,0.2,,375,,366,741,1.15,0.05,48.8,36.4,8.1,30
39400120010,安田東洋線,一般国道５５号,安田町・馬路村境,39304,0,16.4,安芸郡安田町西島535番地先,999,安芸郡安田町西島535番地先,921,1920,1.26,0.18,36.8,40.8,12.9,40
39400120014,安田東洋線,安田町・馬路村境,その他道路,39306,0,2.2,安芸郡安田町西島535番地先,999,安芸郡安田町西島535番地先,921,1920,1.26,0.69,41,43.3,5.5,40
39400120050,安田東洋線,その他道路,その他道路,39306,0,0.2,,439,,387,826,1.15,0.11,42.1,41.3,8.5,40
39400120020,安田東洋線,その他道路,馬路村・北川村境,39306,0,7,,439,,387,826,1.15,0.39,36,34.5,5.5,40
39400120030,安田東洋線,馬路村・北川村境,魚梁瀬公園線,39305,0,2.1,,439,,387,826,1.15,0.39,38.3,32.4,6,40
39400120040,安田東洋線,魚梁瀬公園線,一般国道４９３号,39305,0,14.2,安芸郡北川村島,112,安芸郡北川村島,104,216,1.31,0.49,37.2,37.2,6,40
39603730005,高知空港線,一般国道５５号,一般国道５５号（高知南国道路）,39204,0,0.5,南国市物部,6592,南国市物部,7269,13861,1.23,0.64,16.3,13.5,25.85,60
39603730010,高知空港線,一般国道５５号（高知南国道路）,,39204,0,0.7,,1565,,1539,3104,1.22,0.18,33.6,42.4,25.85,60
39400130060,高知空港線,,高知空港線,39204,0,0.8,,,,,,,,33.8,34.7,10,40
39400130030,高知空港線,高知空港線,南国市・香南市境,39204,0,0.8,,2493,,2624,5117,1.24,0.66,32.5,33.1,7.8,40
39400130040,高知空港線,南国市・香南市境,春野赤岡線,39211,0,0,,2493,,2624,5117,1.24,0.77,27.2,10.1,45.1,40
39400140010,春野赤岡線,一般国道５６号,甲殿弘岡上線,39201,0,1.2,,2218,,1706,3924,1.25,0.67,33.4,39.5,7.8,40
39400140020,春野赤岡線,甲殿弘岡上線,高知春野線,39201,0,4.7,,2218,,1706,3924,1.25,0.58,41.9,41.9,9,50
39400140030,春野赤岡線,高知春野線,須崎仁ノ線,39201,0,0.3,,2218,,1706,3924,1.25,0.58,38.6,16.9,9,50
39400140040,春野赤岡線,須崎仁ノ線,春野赤岡線,39201,0,5.4,,3617,,3864,7481,1.22,0.8,51,49,12.3,50
39400140050,春野赤岡線,春野赤岡線,桂浜はりまや線,39201,0,1,,7666,,6653,14319,1.25,2.1,41.3,37.5,14.8,50
39400140060,春野赤岡線,桂浜はりまや線,桂浜はりまや線,39201,0,1.5,高知市長浜6025地先,8347,高知市長浜6025地先,7198,15545,1.25,1.2,35.9,18,14.8,50
39400140070,春野赤岡線,桂浜はりまや線,桂浜はりまや線,39201,0,0.9,高知市浦戸,9615,高知市浦戸,9483,19098,1.26,1.88,23.5,27.3,13,40
39400140080,春野赤岡線,桂浜はりまや線,桂浜宝永線,39201,0,2,高知市浦戸,9615,高知市浦戸,9483,19098,1.26,1.88,25.7,24,13,40
39400140090,春野赤岡線,桂浜宝永線,高知南インター線,39201,0,1.6,,2195,,1686,3881,1.25,0.7,22.7,33.9,13,40
39400140100,春野赤岡線,高知南インター線,春野赤岡線,39201,0,1.2,,8970,,9035,18005,1.26,1.7,29.6,32.3,13,40
39400140110,春野赤岡線,春野赤岡線,仁井田竹中線,39201,0,0.2,,8970,,9035,18005,1.26,1.7,19.9,19.1,13,40
39400140120,春野赤岡線,仁井田竹中線,高知市・南国市境,39201,0,0,南国市十市4442番地先,5907,南国市十市4442番地先,5447,11354,1.25,1.01,28.1,20.4,13,40
39400140130,春野赤岡線,高知市・南国市境,その他道路,39204,0,1.8,南国市十市4442番地先,5907,南国市十市4442番地先,5447,11354,1.25,0.97,37.7,29.8,12.2,50
39400140140,春野赤岡線,その他道路,南国インター線,39204,0,2.3,南国市浜改田1257-1番地先,4777,南国市浜改田1257-1番地先,4324,9101,1.25,0.84,39.3,37.7,12.2,50
39400140150,春野赤岡線,南国インター線,その他道路,39204,0,0.2,南国市浜改田1257-1番地先,4777,南国市浜改田1257-1番地先,4324,9101,1.25,0.84,27.2,29.6,12.2,50
39400140160,春野赤岡線,その他道路,前浜植野線,39204,0,1.6,南国市浜改田1257-1番地先,4777,南国市浜改田1257-1番地先,4324,9101,1.25,0.84,38.5,37.8,12.2,50
39400140170,春野赤岡線,前浜植野線,南国市・香南市境,39204,0,1.9,南国市浜改田1257-1番地先,4777,南国市浜改田1257-1番地先,4324,9101,1.25,0.84,44.1,44,12.2,50
39400140180,春野赤岡線,南国市・香南市境,高知空港線,39211,0,0.5,南国市浜改田1257-1番地先,4777,南国市浜改田1257-1番地先,4324,9101,1.25,0.88,34.7,20.9,10.5,40
39400140190,春野赤岡線,高知空港線,遠崎野市線,39211,0,1.3,,3807,,4422,8229,1.23,0.72,46.3,46.9,10.5,40
39400140200,春野赤岡線,遠崎野市線,一般国道５５号,39211,0,2.4,香南市吉川町吉原95番地先,3715,香南市吉川町吉原95番地先,3396,7111,1.23,0.71,38.9,31,10.5,40
39400140220,春野赤岡線,春野赤岡線,高知南環状線,39201,0,1.9,高知市長浜3111-1地先,3433,高知市長浜3111-1地先,3608,7041,1.23,0.65,42.9,49.8,13.4,50
39400140250,春野赤岡線,桂浜宝永線,高知南インター線,39201,0,1.6,,2218,,1706,3924,1.25,1.44,28.8,28.2,5.5,30
39400140260,春野赤岡線,高知南インター線,仁井田竹中線,39201,0,0.7,,3211,,3135,6346,1.23,1.43,22.3,30,5.5,30
39400140270,春野赤岡線,仁井田竹中線,春野赤岡線,39201,0,0.4,,3211,,3135,6346,1.23,1.43,31.7,16.8,5.5,30
39400160010,高知本山線,一般国道３２号,高知市道３号追手筋,39201,0,0.2,,6189,,5980,12169,1.31,0.97,6.1,7.3,15.05,30
39400160020,高知本山線,高知市道３号追手筋,高知市道２号駅西線,39201,0,0.5,,6189,,5980,12169,1.31,0.97,9.8,11,15.05,30
39400160030,高知本山線,高知市道２号駅西線,高知市道５号,39201,0,0.6,高知市愛宕町二丁目10-17地先,5591,高知市愛宕町二丁目10-17地先,4901,10492,1.25,1.31,10.9,9.2,15.05,30
39400160040,高知本山線,高知市道５号,高知北環状線,39201,0,0.9,,3890,,3601,7491,1.22,0.99,18.8,13.9,14.9,40
39400160050,高知本山線,高知北環状線,重倉笠ノ川線,39201,0,4.8,,3890,,3601,7491,1.22,0.69,28.2,34,7.25,40
39400160060,高知本山線,重倉笠ノ川線,南国伊野線,39201,0,5.1,高知市重倉,994,高知市重倉,867,1861,1.22,0.22,46.2,45.1,7,40
39400160070,高知本山線,南国伊野線,南国伊野線,39201,0,0.5,,273,,267,540,1.3,0.07,48.7,49,7,40
39400160080,高知本山線,南国伊野線,高知市・土佐町境,39201,0,10.7,高知市土佐山高川1218-2地先,323,高知市土佐山高川1218-2地先,317,640,1.17,0.12,42.1,39.3,7,40
39400160090,高知本山線,高知市・土佐町境,一般国道４３９号,39363,0,11.2,高知市土佐山高川1218-2地先,323,高知市土佐山高川1218-2地先,317,640,1.17,0.96,42.5,43,6,50
39400170010,本川大杉線,一般国道１９４号,いの町・大川村境,39386,0,4.5,,321,,299,620,1.29,0.11,43.3,37,6.5,40
39400170020,本川大杉線,いの町・大川村境,大川村・いの町境,39364,0,0.4,,321,,299,620,1.29,0.1,30.7,48.5,7.5,50
39400170030,本川大杉線,大川村・いの町境,いの町・大川村境,39386,0,0.2,,321,,299,620,1.29,0.27,46,52.4,7,50
39400170035,本川大杉線,いの町・大川村境,大川土佐線,39364,0,4.4,,321,,299,620,1.29,0.27,40.5,43.3,7,40
39400170040,本川大杉線,大川土佐線,高知伊予三島線,39364,0,7.4,,321,,299,620,1.29,0.27,40.5,43.3,7,40
39400170060,本川大杉線,高知伊予三島線,大川村・土佐町境,39364,0,3.7,,367,,391,758,1.15,0.15,40.1,41.6,7,40
39400170070,本川大杉線,大川村・土佐町境,大川土佐線,39363,0,7.5,,367,,391,758,1.15,0.15,42.6,46.8,6.6,40
39400170080,本川大杉線,大川土佐線,大川土佐線,39363,0,1.2,,367,,391,758,1.15,0.15,39.2,41,6.6,40
39400170090,本川大杉線,大川土佐線,田井大瀬線,39363,0,4.1,,367,,391,758,1.15,0.06,38.9,39.3,7.1,40
39400170100,本川大杉線,田井大瀬線,一般国道４３９号,39363,0,0.7,,367,,391,758,1.15,0.06,38,18.6,7.1,40
39400180010,伊野仁淀線,一般国道１９４号,いの町・越知町境,39386,0,0.1,高岡郡越知町鎌井田本村,498,高岡郡越知町鎌井田本村,515,1013,1.15,0.2,20.5,41.7,8,50
39400180020,伊野仁淀線,いの町・越知町境,片岡庄田線,39403,0,4.5,高岡郡越知町鎌井田本村,498,高岡郡越知町鎌井田本村,515,1013,1.15,0.18,41.5,44.8,9.5,50
39400180030,伊野仁淀線,片岡庄田線,一般国道３３号,39403,0,6,高岡郡越知町鎌井田本村,498,高岡郡越知町鎌井田本村,515,1013,1.15,0.18,48.9,48.9,9.5,50
39400180050,伊野仁淀線,一般国道３３号,越知町・仁淀川町境,39403,0,18.4,,583,,620,1203,1.24,0.44,28.3,28.3,5.8,50
39400180060,伊野仁淀線,越知町・仁淀川町境,一般国道４３９号,39387,0,6.5,,583,,620,1203,1.24,6.51,28.3,28.3,3.3,50
39400190010,窪川船戸線,一般国道３８１号,七里仁井田線,39412,0,6,,1394,,1277,2671,1.27,0.33,43,46.2,9.3,30
39400190015,窪川船戸線,七里仁井田線,作屋影野停車場線,39412,0,0.5,,1394,,1277,2671,1.27,0.33,50.6,49.6,9.3,30
39400190020,窪川船戸線,作屋影野停車場線,,39412,0,0.2,,1394,,1277,2671,1.27,0.33,50.6,49.6,10.4,30
39400190030,窪川船戸線,,作屋影野停車場線,39412,0,0.9,,72,,70,142,1.18,0.02,53,39.1,10.4,30
39400190040,窪川船戸線,作屋影野停車場線,四万十町・中土佐町境,39412,0,9.5,,72,,70,142,1.18,0.02,48.7,44.5,10.4,30
39400190050,窪川船戸線,四万十町・中土佐町境,奈路土佐久礼停車場線,39401,0,9.3,,72,,70,142,1.18,0.02,38.6,38.6,8.85,30
39400190060,窪川船戸線,奈路土佐久礼停車場線,町道,39401,0,5.4,高岡郡大野見吉野4,526,高岡郡大野見吉野4,518,1044,1.23,0.12,43.8,55.1,10.5,50
39400190150,窪川船戸線,町道,町道,39401,0,0.3,高岡郡大野見吉野4,526,高岡郡大野見吉野4,518,1044,1.23,2.59,43.1,44.5,4.3,30
39400190210,窪川船戸線,町道,窪川船戸線,39401,0,0.2,高岡郡大野見吉野4,526,高岡郡大野見吉野4,518,1044,1.23,0.12,55.3,,9.8,30
39400190090,窪川船戸線,窪川船戸線,中土佐町・津野町境,39401,0,3.4,,1333,,1224,2557,1.27,0.1,47.1,43.6,11.4,30
39400190094,窪川船戸線,中土佐町・津野町境,その他の道路,39411,0,1.2,,1333,,1224,2557,1.27,0.1,37.1,28.2,11,30
39400190190,窪川船戸線,その他の道路,その他の道路,39411,0,0.8,,1333,,1224,2557,1.27,0.11,50.5,46.5,11,50
39400190230,窪川船戸線,その他の道路,窪川船戸線,39411,0,0.6,,1333,,1224,2557,1.27,0.11,,,11,50
39400190110,窪川船戸線,窪川船戸線,窪川船戸線,39411,0,0.3,,1333,,1224,2557,1.27,0.14,63.2,55.6,7.9,50
39400190120,窪川船戸線,窪川船戸線,,39411,0,0.2,,1333,,1224,2557,1.27,0.14,48.6,56.7,7.9,50
39400190130,窪川船戸線,,一般国道１９７号,39411,0,0.7,,1333,,1224,2557,1.27,0.14,48.6,45.3,7.9,50
39400190085,窪川船戸線,萩中須崎線,窪川船戸線,39401,0,0.1,,1333,,1224,2557,1.27,3.57,42.4,43.6,4.4,30
39400190100,窪川船戸線,窪川船戸線,窪川船戸線,39411,0,0.8,,1333,,1224,2557,1.27,0.14,34.4,29,5.8,50
39400190170,窪川船戸線,窪川船戸線,窪川船戸線,39411,0,0.5,,1333,,1224,2557,1.27,3.57,18.4,18.4,4,30
39400200010,下田港線,,,39210,0,1.4,,3454,,3456,6910,1.23,0.88,32.7,30.2,8,50
39400200020,下田港線,,中村下田ノ口線,39210,0,0.8,,3454,,3456,6910,1.23,0.88,46.3,39.7,8,50
39400200030,下田港線,中村下田ノ口線,一般国道５６号,39210,0,5.8,四万十市竹島141-1番地,3034,四万十市竹島141-1番地,3195,6229,1.23,0.78,43.6,39.7,8,50
39400210010,土佐清水宿毛線,一般国道３２１号,土佐清水市・三原村境,39209,0,7.7,土佐清水市下ノ加江,96,土佐清水市下ノ加江,106,202,1.18,1.15,43.6,43.6,4.5,50
39400210020,土佐清水宿毛線,土佐清水市・三原村境,中村宿毛線,39427,0,9.6,土佐清水市下ノ加江,96,土佐清水市下ノ加江,106,202,1.18,0.03,48.1,48.1,10.5,50
39400210025,土佐清水宿毛線,中村宿毛線,その他の道路,39427,0,3.2,,64,,71,135,1.18,0.02,48.9,47.2,7.7,50
39400210070,土佐清水宿毛線,その他の道路,中村宿毛線,39427,0,0.2,,64,,71,135,1.18,0.02,,48.1,7.7,50
39400210080,土佐清水宿毛線,中村宿毛線,その他の道路,39427,0,0.1,宿毛市平田町戸内,1629,宿毛市平田町戸内,1699,3328,1.24,0.46,49.4,51.3,7.7,50
39400210040,土佐清水宿毛線,その他の道路,三原村・宿毛市境,39427,0,2.5,宿毛市平田町戸内,1629,宿毛市平田町戸内,1699,3328,1.24,0.46,47.3,48.3,7.7,50
39400210050,土佐清水宿毛線,三原村・宿毛市境,一般国道５６号,39208,0,5.2,宿毛市平田町戸内,1629,宿毛市平田町戸内,1699,3328,1.24,0.46,45.4,46.4,8.6,50
39400220010,龍河洞公園線,一般国道１９５号,宮ノ口深渕線,39212,0,0.7,,1980,,1944,3924,1.25,0.42,23,41.6,9.8,40
39400220020,龍河洞公園線,宮ノ口深渕線,間宮ノ線,39212,0,1.1,,1980,,1944,3924,1.25,0.42,32.9,40.1,9.8,40
39400220030,龍河洞公園線,間宮ノ線,龍河洞公園線,39212,0,2.1,,1980,,1944,3924,1.25,0.42,42.2,43.9,9.8,40
39400220040,龍河洞公園線,龍河洞公園線,香美市・香南市境,39212,0,1.5,香南市野市町東佐古,1753,香南市野市町東佐古,1537,3290,1.25,0.36,47.7,55.9,11,40
39400220050,龍河洞公園線,香美市・香南市境,香北野市線,39211,0,4,香南市野市町東佐古,1753,香南市野市町東佐古,1537,3290,1.25,0.36,41.6,46.5,8.75,50
39400220060,龍河洞公園線,香北野市線,南国野市線,39211,0,0.9,高知県香南市野市町大谷36?1,4166,高知県香南市野市町大谷36?1,4040,8206,1.25,0.6,28.5,28.3,8.75,50
39400220070,龍河洞公園線,南国野市線,山川野市線,39211,0,0.3,,1626,,1668,3294,1.25,0.47,15.9,15.1,11.6,30
39400220080,龍河洞公園線,山川野市線,一般国道５５号,39211,0,0.5,,1626,,1668,3294,1.25,0.47,26.3,20.3,11.6,30
39400220100,龍河洞公園線,龍河洞公園線,香北野市線,39212,0,0.7,,2171,,2247,4418,1.25,0.23,24.4,33.6,9,40
39400220110,龍河洞公園線,香北野市線,香北野市線,39212,0,0.1,,2171,,2247,4418,1.25,2.15,24.9,21,4.5,50
39400220120,龍河洞公園線,香北野市線,,39212,0,0.1,,2171,,2247,4418,1.25,2.15,13.5,8.1,4.5,50
39400230010,須崎仁ノ線,吾井郷下分線,横浪公園線,39206,0,6.7,須崎市押岡下419番地2,3042,須崎市押岡下419番地2,3000,6042,1.23,0.5,38.4,44.8,9,50
39400230020,須崎仁ノ線,横浪公園線,横浪公園線,39206,0,2.1,,587,,620,1207,1.24,0.16,42.4,46.3,11.45,50
39400230030,須崎仁ノ線,横浪公園線,浦ノ内仏坂多ノ郷停車場線,39206,0,0.1,,587,,620,1207,1.24,0.16,36.9,39.2,11.45,50
39400230040,須崎仁ノ線,浦ノ内仏坂多ノ郷停車場線,須崎市・土佐市境,39206,0,10.6,,587,,620,1207,1.24,0.16,42.3,42.4,11.45,50
39400230050,須崎仁ノ線,須崎市・土佐市境,横浪公園線,39205,0,0.9,,587,,620,1207,1.24,0.22,31,26.5,6.2,30
39400230060,須崎仁ノ線,横浪公園線,土佐伊野線,39205,0,1.3,,3170,,3258,6428,1.21,0.57,35.8,36.1,9.1,50
39400230070,須崎仁ノ線,土佐伊野線,新居中島線,39205,0,2.5,土佐市宇佐町宇佐,3045,土佐市宇佐町宇佐,3079,6124,1.19,0.56,41.5,44.6,9.1,50
39400230080,須崎仁ノ線,新居中島線,土佐市・高知市境,39205,0,1.3,土佐市宇佐町宇佐,3045,土佐市宇佐町宇佐,3079,6124,1.19,0.56,46.6,50.5,9.1,50
39400230090,須崎仁ノ線,土佐市・高知市境,春野赤岡線,39201,0,1,土佐市宇佐町宇佐,3045,土佐市宇佐町宇佐,3079,6124,1.19,0.5,51.7,50.7,8,50
39400250005,中土佐佐賀線,一般国道５６号,中土佐佐賀線,39401,0,0.9,,1342,,1203,2545,1.27,0.28,33.9,42.8,10,50
39400250010,中土佐佐賀線,中土佐佐賀線,上ノ加江窪川線,39401,0,5.7,高岡郡中土佐町久礼6706番地6先,1616,高岡郡中土佐町久礼6706番地6先,1535,3151,1.27,0.32,50.5,52.8,10,50
39400250020,中土佐佐賀線,上ノ加江窪川線,中土佐町・四万十町境,39401,0,7.8,,206,,195,401,1.27,0.3,36.7,36.6,5.5,40
39400250030,中土佐佐賀線,中土佐町・四万十町境,志和仁井田線,39412,0,1.2,,206,,195,401,1.27,0.27,36.7,36.6,6.5,40
39400250040,中土佐佐賀線,志和仁井田線,,39412,0,1.7,,206,,195,401,1.27,0.27,38.2,41.4,6.5,40
39400250060,中土佐佐賀線,,佐賀港線,39428,0,11.8,黒潮町佐賀657-1番地,740,黒潮町佐賀657-1番地,730,1470,1.22,0.46,43.2,43.2,6.1,30
39400250070,中土佐佐賀線,佐賀港線,一般国道５６号,39428,0,0.8,黒潮町佐賀657-1番地,740,黒潮町佐賀657-1番地,730,1470,1.22,0.46,27.3,22.9,6.1,30
39400250090,中土佐佐賀線,中土佐佐賀線,,39401,0,0.4,,,,,,,,,,7.5,30
39400260010,中平檮原線,一般国道４３９号,一般国道１９７号,39405,0,14.6,高岡郡梼原町初瀬本村,128,高岡郡梼原町初瀬本村,122,250,1.27,0.16,37.2,37.2,5.05,30
39400260030,中平檮原線,一般国道１９７号,一般国道１９７号,39405,0,1.8,,210,,182,392,1.27,0.52,45.3,43.8,4.6,40
39400270010,足摺岬公園線,一般国道３２１号,新改浦尻線,39209,0,2.6,土佐清水市窪津1513番地,370,土佐清水市窪津1513番地,362,732,1.27,0.09,31.9,22.3,11.3,50
39400270020,足摺岬公園線,新改浦尻線,足摺公園線,39209,0,12.4,土佐清水市窪津1513番地,370,土佐清水市窪津1513番地,362,732,1.27,0.09,40.9,41.4,11.3,50
39400270025,足摺岬公園線,足摺公園線,,39209,0,3.4,土佐清水市松尾,938,土佐清水市松尾,930,1868,1.27,0.21,47.2,46.4,11.8,50
39400270070,足摺岬公園線,,,39209,0,1.8,土佐清水市松尾,938,土佐清水市松尾,930,1868,1.27,0.21,,,10.6,50
39400270030,足摺岬公園線,,足摺公園線,39209,0,5.2,土佐清水市松尾,938,土佐清水市松尾,930,1868,1.27,0.21,48.8,51.3,11.7,50
39400270040,足摺岬公園線,足摺公園線,新改浦尻線,39209,0,0.2,,318,,373,691,1.27,0.09,21.7,28.3,12.5,50
39400270050,足摺岬公園線,新改浦尻線,一般国道３２１号,39209,0,1.2,,318,,373,691,1.27,0.09,31.7,32.8,12.5,50
39400280010,宿毛宗呂下川口線,一般国道３２１号,宿毛市・土佐清水市境,39208,0,8.4,,414,,376,790,1.15,0.07,47.2,47.1,9.7,50
39400280020,宿毛宗呂下川口線,宿毛市・土佐清水市境,宗呂中村線,39209,0,2.9,,414,,376,790,1.15,0.06,40.3,41.5,8,50
39400280030,宿毛宗呂下川口線,宗呂中村線,一般国道３２１号,39209,0,8.6,土佐清水市宗呂,293,土佐清水市宗呂,272,565,1.29,0.08,56.9,54.4,9.4,50
39400290050,安芸物部線,安芸物部線,畑山栃木線,39203,0,1.4,,408,,374,782,1.15,0.13,53.2,54.8,10.8,40
39400290060,安芸物部線,畑山栃木線,,39203,0,6.5,,408,,374,782,1.15,0.5,35.1,35.1,5.8,30
39400290080,安芸物部線,夜須物部線,香南市・香美市境,39211,0,8.2,,32,,24,56,1.12,0.42,25.9,25.9,3.4,50
39400290090,安芸物部線,香南市・香美市境,一般国道１９５号,39212,0,7.1,,32,,24,56,1.12,0.42,25.9,25.9,3.5,50
39400290110,安芸物部線,一般国道５５号,宮ノ上川北線,39203,0,1.9,,1669,,1562,3231,1.25,0.38,23.8,33.3,12,40
39400290120,安芸物部線,宮ノ上川北線,宮ノ上川北線,39203,0,0.9,安芸市土居940番地先,2042,安芸市土居940番地先,2039,4081,1.25,0.42,44.8,51.9,12,40
39400290130,安芸物部線,宮ノ上川北線,,39203,0,2.6,安芸市土居940番地先,2042,安芸市土居940番地先,2039,4081,1.25,0.42,48.1,57.2,12,40
39400290170,安芸物部線,,宮ノ上川北線,39203,0,0.5,安芸市土居940番地先,2042,安芸市土居940番地先,2039,4081,1.25,0.41,48.8,49,10.9,40
39400290150,安芸物部線,宮ノ上川北線,安芸井ノ口線,39203,0,0.4,安芸市土居940番地先,2042,安芸市土居940番地先,2039,4081,1.25,0.44,56.4,52.8,9.2,40
39400300010,香北赤岡線,一般国道１９５号,旧道,39212,0,3.2,香美市香北町小川420?2,217,香美市香北町小川420?2,193,410,1.27,0.35,34,29.4,4.2,50
39400300020,香北赤岡線,旧道,奈良香北線,39212,0,1.5,香美市香北町小川420?2,217,香美市香北町小川420?2,193,410,1.27,0.35,35.1,30.2,4.2,50
39400300030,香北赤岡線,奈良香北線,香美市・香南市境,39212,0,3.4,,117,,137,254,1.31,1.1,25.7,31.1,3.2,50
39400300040,香北赤岡線,香美市・香南市境,山北岸本停車場線,39211,0,8.5,,117,,137,254,1.31,0.03,25.7,31.1,11.1,50
39400300050,香北赤岡線,山北岸本停車場線,稗地中村線,39211,0,1.5,,1165,,802,1967,1.26,0.2,41.8,44.2,8.8,50
39400300060,香北赤岡線,稗地中村線,その他道路,39211,0,0,香南市野市町土居1207番地先,1321,香南市野市町土居1207番地先,1269,2590,1.27,0.32,29.9,29.1,8.8,50
39400300070,香北赤岡線,その他道路,山川野市線,39211,0,1.1,香南市野市町土居1207番地先,1321,香南市野市町土居1207番地先,1269,2590,1.27,0.29,40.1,48.2,8.4,40
39400300080,香北赤岡線,山川野市線,一般国道５５号,39211,0,2.8,,1406,,1397,2803,1.27,0.29,42.8,40.1,8.4,40
39400310010,前浜植野線,春野赤岡線,土居五台山線,39204,0,0.9,南国市田村1739-1番地先,1047,南国市田村1739-1番地先,1079,2126,1.27,0.26,32.6,45.2,11.4,40
39400310020,前浜植野線,土居五台山線,田村高須線,39204,0,1.5,南国市田村1739-1番地先,1047,南国市田村1739-1番地先,1079,2126,1.27,0.26,51.6,49.4,11.4,40
39400310030,前浜植野線,田村高須線,一般国道５５号,39204,0,0.5,南国市田村1739-1番地先,1047,南国市田村1739-1番地先,1079,2126,1.27,0.26,26.5,21.4,11.4,40
39400310040,前浜植野線,一般国道５５号,南国野市線,39204,0,0.9,,1333,,1324,2657,1.27,0.31,24.9,23.2,11.4,40
39400310050,前浜植野線,南国野市線,南国野市線,39204,0,0.2,,2001,,2787,4788,1.24,0.47,20.7,25.1,6.7,40
39400310060,前浜植野線,南国野市線,南国市・香美市境,39204,0,1.5,,2001,,2787,4788,1.24,0.47,41.9,38.9,6.7,40
39400310070,前浜植野線,南国市・香美市境,一般国道１９５号,39212,0,2.3,,2001,,2787,4788,1.24,1.11,41.3,29,6.6,40
39400310080,前浜植野線,一般国道１９５号,前浜植野線,39212,0,0.5,,2176,,2254,4430,1.25,1.27,12.6,14,6.6,40
39400310090,前浜植野線,前浜植野線,繁藤西町線,39212,0,1.4,,2176,,2254,4430,1.25,1.27,29.3,33.2,6.6,40
39400310100,前浜植野線,繁藤西町線,香美市・南国市境,39212,0,1.1,,2176,,2254,4430,1.25,1.27,38,45.7,6.6,40
39400310110,前浜植野線,香美市・南国市境,南国伊野線,39204,0,2.5,,2176,,2254,4430,1.25,0.5,40.5,37,11.5,40
39400310130,前浜植野線,一般国道１９５号,一般国道１９５号,39212,0,0.6,,1149,,1007,2156,1.26,0.21,19.5,22.8,16.7,50
39400310140,前浜植野線,一般国道１９５号,前浜植野線,39212,0,0.2,,1149,,1007,2156,1.26,0.21,17.3,15,16.7,50
39400310150,前浜植野線,前浜植野線,,39212,0,1.4,,1149,,1007,2156,1.26,0.21,25.8,25.5,16.7,50
39400310185,前浜植野線,,,39212,0,0.1,,1149,,1007,2156,1.26,0.2,27.3,30.6,16,50
39400310190,前浜植野線,,,39212,0,0.3,,1149,,1007,2156,1.26,0.2,39.5,27.4,16,50
39400310170,前浜植野線,,一般国道３２号,39204,0,0.3,,2176,,2254,4430,1.25,0.6,32.1,18.1,15,50
39400320010,土居五台山線,前浜植野線,南国インター線,39204,0,1.9,南国市前浜,439,南国市前浜,464,903,1.3,0.24,28.6,31.1,6.5,40
39400320020,土居五台山線,南国インター線,南国インター線,39204,0,0.2,南国市里改田,1925,南国市里改田,2060,3985,1.26,0.76,28.2,24.4,6.6,30
39400320030,土居五台山線,南国インター線,仁井田竹中線,39204,0,2.4,南国市里改田,1925,南国市里改田,2060,3985,1.26,0.76,31.2,29.5,6.6,30
39400320040,土居五台山線,仁井田竹中線,南国市・高知市境,39204,0,0.8,南国市里改田,1925,南国市里改田,2060,3985,1.26,0.76,30.9,29.8,6.6,30
39400320050,土居五台山線,南国市・高知市境,栗山大津線,39201,0,0,南国市里改田,1925,南国市里改田,2060,3985,1.26,0.44,13.4,22.1,9.3,40
39400320060,土居五台山線,栗山大津線,仁井田竹中線,39201,0,0.5,南国市里改田,1925,南国市里改田,2060,3985,1.26,0.44,32.9,18.2,9.3,40
39400320070,土居五台山線,仁井田竹中線,仁井田竹中線,39201,0,0.1,,1004,,1142,2146,1.26,0.25,26.9,8.2,9.3,40
39400320080,土居五台山線,仁井田竹中線,竹林寺三ツ石線,39201,0,2.5,,1004,,1142,2146,1.26,0.25,33.6,35.1,9.3,40
39400320090,土居五台山線,竹林寺三ツ石線,桂浜宝永線,39201,0,0.3,高知市五台山3445-3地先,2417,高知市五台山3445-3地先,2517,4934,1.23,0.68,24.1,15.8,10,40
39400330010,南国伊野線,一般国道３２号,前浜植野線,39204,0,0.1,,1108,,1133,2241,1.25,0.34,13.2,9.6,15.1,40
39400330020,南国伊野線,前浜植野線,一般国道３２号,39204,0,0.5,,1108,,1133,2241,1.25,0.34,20.7,12.5,15.1,40
39400330040,南国伊野線,一般国道３２号,南国市・高知市境,39204,0,8.7,高知市土佐山菖蒲1518-1地先,103,高知市土佐山菖蒲1518-1地先,109,212,1.31,0.03,34.7,34.4,7.3,40
39400330050,南国伊野線,南国市・高知市境,高知本山線,39201,0,6.1,高知市土佐山菖蒲1518-1地先,103,高知市土佐山菖蒲1518-1地先,109,212,1.31,0.21,34.7,34.4,5,30
39400330070,南国伊野線,高知本山線,弘瀬高知線,39201,0,4.3,高知市土佐山弘瀬,264,高知市土佐山弘瀬,297,561,1.27,0.08,39,39,11.5,30
39400330080,南国伊野線,弘瀬高知線,高知伊予三島線,39201,0,7.1,高知市土佐山弘瀬,264,高知市土佐山弘瀬,297,561,1.27,0.08,32.8,34.3,11.5,30
39400330100,南国伊野線,高知伊予三島線,高知市・いの町境,39201,0,12.9,,40,,44,84,1.17,0.12,26.9,25.9,6,30
39400330110,南国伊野線,高知市・いの町境,一般国道３３号,39386,0,6.1,,40,,44,84,1.17,0.1,26.9,25.9,6,40
39400340010,桂浜はりまや線,,春野赤岡線,39201,0,1,高知市浦戸,763,高知市浦戸,761,1524,1.22,0.1,19.9,19.1,11,30
39400340030,桂浜はりまや線,春野赤岡線,高知南環状線,39201,0,1.5,高知市瀬戸一丁目4-24地先,8477,高知市瀬戸一丁目4-24地先,9069,17546,1.27,1.59,25.5,32.2,12,50
39400340040,桂浜はりまや線,高知南環状線,高知南環状線,39201,0,0.4,高知市瀬戸一丁目4-24地先,8477,高知市瀬戸一丁目4-24地先,9069,17546,1.27,1.59,28.6,29.6,12,50
39400340050,桂浜はりまや線,高知南環状線,高知南環状線,39201,0,0.9,高知市瀬戸一丁目4-24地先,8477,高知市瀬戸一丁目4-24地先,9069,17546,1.27,1.59,23,20.5,12,50
39400340060,桂浜はりまや線,高知南環状線,高知港線,39201,0,3.6,高知市横浜361-1地先,10147,高知市横浜361-1地先,11754,21901,1.27,1.63,32.8,27.4,23.1,50
39400340070,桂浜はりまや線,高知港線,一般国道５６号,39201,0,0.8,,10119,,10391,20510,1.26,1.27,18.4,18.8,23.1,50
39400340080,桂浜はりまや線,一般国道５６号,高知市道６号,39201,0,0.5,高知市桟橋通二丁目1-53地先,9083,高知市桟橋通二丁目1-53地先,9603,18686,1.26,0.97,14.5,27.2,23.1,50
39400340090,桂浜はりまや線,高知市道６号,高知市道７号,39201,0,0.3,高知市桟橋通二丁目1-53地先,9083,高知市桟橋通二丁目1-53地先,9603,18686,1.26,0.97,28.8,20.1,23.1,50
39400340100,桂浜はりまや線,高知市道７号,梅ノ辻朝倉線,39201,0,0.1,高知市桟橋通二丁目1-53地先,9083,高知市桟橋通二丁目1-53地先,9603,18686,1.26,0.97,16.5,16.3,23.1,50
39400340110,桂浜はりまや線,梅ノ辻朝倉線,一般国道３２号,39201,0,0.5,高知市桟橋通二丁目1-53地先,9083,高知市桟橋通二丁目1-53地先,9603,18686,1.26,0.97,19.8,9,23.1,50
39400340130,桂浜はりまや線,春野赤岡線,弘岡下種崎線,39201,0,2,高知市長浜5181-1地先,2166,高知市長浜5181-1地先,2037,4203,1.25,0.67,15.5,24.4,8.5,40
39400340140,桂浜はりまや線,弘岡下種崎線,弘岡下種崎線,39201,0,0.4,高知市長浜5181-1地先,2166,高知市長浜5181-1地先,2037,4203,1.25,0.67,27.6,21.4,8.5,40
39400140240,桂浜宝永線,春野赤岡線,春野赤岡線,39201,0,0.2,,3127,,2911,6038,1.23,0.39,9.2,27.9,16.2,40
39400350010,桂浜宝永線,春野赤岡線,弘岡下種崎線,39201,0,0.1,,3127,,2911,6038,1.23,0.56,24.4,14.1,16,40
39400350020,桂浜宝永線,弘岡下種崎線,,39201,0,1.9,,6573,,5657,12230,1.24,1.16,23.9,21.5,13,30
39400350030,桂浜宝永線,,土居五台山線,39201,0,2.1,高知市五台山6-1地先,7434,高知市五台山6-1地先,7579,15013,1.25,0.91,35.5,39.2,20,50
39400350040,桂浜宝永線,土居五台山線,高知市道１号若松町比島線,39201,0,1.8,高知市弘化台20-28地先,10307,高知市弘化台20-28地先,12528,22835,1.27,1.15,22.6,21,20,50
39400350050,桂浜宝永線,高知市道１号若松町比島線,一般国道５６号,39201,0,0.9,,7181,,6797,13978,1.25,0.68,17.3,7.1,20,50
39400360005,高知南環状線,一般国道３３号,一般国道３３号（高知西バイパス）,39386,0,0.7,,2462,,2409,4871,1.24,0.33,13.3,41.2,10,50
39400360010,高知南環状線,一般国道３３号（高知西バイパス）,高知土佐線,39386,0,2.3,,2462,,2409,4871,1.24,0.33,48,49.2,10,50
39400360020,高知南環状線,高知土佐線,いの町・高知市境,39386,0,1.5,,1687,,1839,3526,1.25,0.39,50.8,51.8,10,50
39400360030,高知南環状線,いの町・高知市境,その他道路,39201,0,0.1,,1687,,1839,3526,1.25,0.37,35.8,30.8,13.6,40
39400360230,高知南環状線,その他道路,一般国道５６号,39201,0,2.6,,1687,,1839,3526,1.25,0.41,41.7,25,11.1,50
39400360070,高知南環状線,一般国道５６号,弘岡下種崎線,39201,0,1.8,高知市春野町弘岡下3860地先,6904,高知市春野町弘岡下3860地先,7352,14256,1.24,1.22,20.6,29.8,12.8,40
39400360080,高知南環状線,弘岡下種崎線,高知春野線,39201,0,1.2,高知市春野町弘岡下3860地先,6904,高知市春野町弘岡下3860地先,7352,14256,1.24,1.22,35.6,40.9,12.8,40
39400360090,高知南環状線,高知春野線,高知南環状線,39201,0,3.5,高知市春野町内ノ谷1927-1地先,6225,高知市春野町内ノ谷1927-1地先,5834,12059,1.25,1.15,31.9,26.6,9.5,40
39400360100,高知南環状線,高知南環状線,桂浜はりまや線,39201,0,1.7,高知市瀬戸西町三丁目9-1地先,5186,高知市瀬戸西町三丁目9-1地先,5473,10659,1.24,0.92,26.2,24.4,9.5,40
39400360120,高知南環状線,高知南環状線,,39201,0,0.6,高知市長浜蒔絵台二丁目南,7931,高知市長浜蒔絵台二丁目南,7936,15867,1.23,0.52,18.3,29.8,25.9,40
39400360130,高知南環状線,,,39201,0,2.9,高知市長浜1209-1地先,8145,高知市長浜1209-1地先,7462,15607,1.23,1.12,26.9,30.6,10.85,50
39400360140,高知南環状線,,一般国道５６号,39201,0,0.7,高知市竹島町158-1地先,8639,高知市竹島町158-1地先,8004,16643,1.25,0.48,21.4,17.1,25,50
39400360160,高知南環状線,高知南環状線,春野赤岡線,39201,0,1.3,高知市長浜2319-1地先,5826,高知市長浜2319-1地先,6018,11844,1.3,0.81,27.6,37.1,12.7,40
39400360170,高知南環状線,春野赤岡線,弘岡下種崎線,39201,0,0.8,,293,,263,556,1.3,0.07,31.4,35.4,12.7,40
39400360180,高知南環状線,弘岡下種崎線,高知南環状線,39201,0,0.4,,293,,263,556,1.3,0.07,32,28,12.7,40
39400360190,高知南環状線,高知南環状線,桂浜はりまや線,39201,0,0.1,,293,,263,556,1.3,0.07,28,10.4,12.7,40
39400360210,高知南環状線,高知南環状線,桂浜はりまや線,39201,0,0.5,,293,,263,556,1.3,0.08,21.1,16,11.3,40
39400370010,高知春野線,一般国道３３号,一般国道５６号,39201,0,0.7,高知市石立町,6022,高知市石立町,6619,12641,1.24,1.06,10.1,8.8,18,40
39400370020,高知春野線,一般国道５６号,高知南環状線,39201,0,5.8,高知市神田2428-4地先,2418,高知市神田2428-4地先,2045,4463,1.24,0.5,28.9,30.8,18,40
39400370030,高知春野線,高知南環状線,弘岡下種崎線,39201,0,1.3,,851,,1147,1998,1.25,7.76,27.5,36,3.5,30
39400370040,高知春野線,弘岡下種崎線,甲殿弘岡上線,39201,0,0.8,,851,,1147,1998,1.25,7.76,25.2,23.1,3.5,30
39400370050,高知春野線,甲殿弘岡上線,春野赤岡線,39201,0,4.4,,851,,1147,1998,1.25,7.76,45.3,45.5,3.5,30
39400380010,高知土佐線,一般国道３３号（高知西バイパス）,朝倉伊野線,39201,0,0.6,,11403,,10939,22342,1.27,2.39,18,20,10.6,40
39400380020,高知土佐線,朝倉伊野線,梅ノ辻朝倉線,39201,0,0,高知市朝倉西町一丁目10-6地先,8513,高知市朝倉西町一丁目10-6地先,8881,17394,1.26,2.04,10.8,16.9,10.6,40
39400380030,高知土佐線,梅ノ辻朝倉線,高知市・いの町境,39201,0,3.9,高知市朝倉西町一丁目10-6地先,8513,高知市朝倉西町一丁目10-6地先,8881,17394,1.26,2.04,20.2,24.6,10.6,40
39400380040,高知土佐線,高知市・いの町境,高知南環状線,39386,0,3.2,吾川郡いの町池ノ内,4728,吾川郡いの町池ノ内,4636,9364,1.24,0.77,35,32.8,20,40
39400380050,高知土佐線,高知南環状線,いの町・土佐市境,39386,0,0.4,,5215,,5170,10385,1.24,0.82,29,23.8,20,40
39400380060,高知土佐線,いの町・土佐市境,土佐伊野線,39205,0,0.2,,5215,,5170,10385,1.24,1,32.8,10.6,10,40
39400390010,土佐伊野線,須崎仁ノ線,一般国道５６号,39205,0,5.2,土佐市塚地,3551,土佐市塚地,3926,7477,1.23,0.56,39.7,37.3,10.6,50
39400390030,土佐伊野線,一般国道５６号,土佐伊野線,39205,0,0.8,土佐市高岡町甲東新町,5648,土佐市高岡町甲東新町,6060,11708,1.24,1,17.6,24.9,15.9,40
39400390070,土佐伊野線,土佐伊野線,一般国道５６号,39205,0,0.6,,6282,,6023,12305,1.24,1.24,13.6,16.7,12,50
39400390080,土佐伊野線,一般国道５６号,高知土佐線,39205,0,2.3,土佐市高岡町乙,6826,土佐市高岡町乙,7203,14029,1.24,1.22,26.7,30.8,12,50
39400390090,土佐伊野線,高知土佐線,土佐市・いの町境,39205,0,0.1,,4675,,4100,8775,1.23,0.93,12.1,24.7,12,50
39400390095,土佐伊野線,土佐市・いの町境,一般国道３３号（高知西バイパス）,39386,0,2.4,,4675,,4100,8775,1.23,0.68,41.1,45.5,10.9,50
39400390100,土佐伊野線,一般国道３３号（高知西バイパス）,一般国道３３号,39386,0,1,吾川郡いの町大内,4654,吾川郡いの町大内,4313,8967,1.23,0.68,22.5,10.4,10.9,50
39400390040,土佐伊野線,土佐伊野線,家俊岩戸真幸線,39205,0,0.8,,5578,,5245,10823,1.24,1.13,22.3,21.8,15.1,40
39400390050,土佐伊野線,家俊岩戸真幸線,一般国道５６号,39205,0,0.1,,5578,,5245,10823,1.24,1.13,14.4,10.3,15.1,40
39400400010,石鎚公園線,,一般国道１９４号,39386,0,26.1,いの町長沢,268,いの町長沢,291,559,1.29,0.86,26.3,24.3,4,50
39400410010,窪川中土佐線,一般国道５６号,四万十町・中土佐町境,39412,0,1.8,,988,,1006,1994,1.25,0.15,41.2,38.9,6.4,40
39400410020,窪川中土佐線,四万十町・中土佐町境,奈路土佐久礼停車場線,39401,0,3.7,,988,,1006,1994,1.25,1.07,47.1,42.3,5.5,40
39400410030,窪川中土佐線,奈路土佐久礼停車場線,一般国道５６号,39401,0,12.1,,44,,50,94,1.17,0.14,31.5,31.5,5.5,40
39400420010,中村下田ノ口線,下田港線,四万十市・黒潮町境,39210,0,5,,213,,185,398,1.27,0.23,33.1,33.1,6.7,50
39400420020,中村下田ノ口線,四万十市・黒潮町境,出口古津賀線,39428,0,0.8,,213,,185,398,1.27,0.08,44.9,42.9,11.8,50
39400420030,中村下田ノ口線,出口古津賀線,一般国道５６号,39428,0,4.7,,213,,185,398,1.27,0.08,39.6,33.1,11.8,50
39400430010,柏島二ツ石線,,一般国道３２１号,39424,0,13.5,,285,,328,613,1.29,0.08,50.9,52.4,11,50
39400440010,高知北環状線,高知伊予三島線,弘瀬高知線,39201,0,2.9,高知市中万々70-8地先,8675,高知市中万々70-8地先,9062,17737,1.26,1.97,17.3,17.6,16,40
39400440020,高知北環状線,弘瀬高知線,高知本山線,39201,0,2,,8973,,9393,18366,1.26,1.94,14.6,12.1,16,40
39400440030,高知北環状線,高知本山線,,39201,0,0.4,高知市東秦泉寺47-1地先,11509,高知市東秦泉寺47-1地先,12407,23916,1.26,0.59,10.8,17.4,25.4,50
39400440040,高知北環状線,,,39201,0,0.3,高知市東秦泉寺47-1地先,11509,高知市東秦泉寺47-1地先,12407,23916,1.26,0.68,13,20.4,25.2,50
39400440050,高知北環状線,,高知北環状線,39201,0,1.1,,9999,,10172,20171,1.26,0.76,26.3,21.8,25.2,50
39400440060,高知北環状線,高知北環状線,高知自動車道,39201,0,1.1,高知市薊野北町二丁目12-43地先,9519,高知市薊野北町二丁目12-43地先,10386,19905,1.26,1.02,22.1,25.6,25.5,50
39400440070,高知北環状線,高知自動車道,高知北環状線,39201,0,0.8,,,,11856,11856,1.27,0.36,,54.4,16.8,50
39400440080,高知北環状線,高知北環状線,一般国道１９５号,39201,0,0.9,,10597,,10794,21391,1.27,1.05,56.3,23.1,40.5,50
39400440090,高知北環状線,一般国道１９５号,高知南国線,39201,0,0.9,高知市高須砂地155地先,11366,高知市高須砂地155地先,10181,21547,1.27,1.11,22.2,27.2,40.5,50
39400440100,高知北環状線,高知南国線,一般国道３２号,39201,0,1,,10597,,10794,21391,1.27,1.05,22,33.3,40.5,50
39400440120,高知北環状線,高知北環状線,後免中島高知線,39201,0,0.2,,14386,,14703,29089,1.28,2.23,11.5,12,17.4,50
39400440140,高知北環状線,高知北環状線,北本町領石線,39201,0,0.2,,11120,,,11120,1.27,0.38,59.2,,14.9,50
39400440150,高知北環状線,北本町領石線,高知北環状線,39201,0,0.3,,11120,,,11120,1.27,0.38,54.9,,14.9,50
39400450010,南国インター線,北本町領石線,一般国道３２号,39204,0,0.4,,1545,,1549,3094,1.24,0.42,22.3,21.9,7.1,40
39400450030,南国インター線,一般国道３２号,久礼田笠ノ川線,39204,0,0.9,南国市国分1188番地先,1623,南国市国分1188番地先,1657,3280,1.24,0.41,19.9,36.3,6.6,40
39400450040,南国インター線,久礼田笠ノ川線,一般国道１９５号,39204,0,1.6,南国市国分1188番地先,1623,南国市国分1188番地先,1657,3280,1.24,0.38,29.9,29.9,8.9,40
39400450050,南国インター線,一般国道１９５号,一般国道１９５号,39204,0,0.9,,1462,,1402,2864,1.24,0.4,26.3,29.9,8.9,40
39400450070,南国インター線,一般国道１９５号,南国野市線,39204,0,0.4,,2739,,2837,5576,1.23,0.6,15.7,18.5,6.8,40
39400450080,南国インター線,南国野市線,一般国道５５号,39204,0,0.7,,2739,,2837,5576,1.23,0.6,12,12.3,6.8,40
39400450090,南国インター線,一般国道５５号,仁井田竹中線,39204,0,0.4,南国市片山11392番地先,2563,南国市片山11392番地先,2581,5144,1.23,0.57,13.5,22.3,6.8,40
39400450100,南国インター線,仁井田竹中線,田村高須線,39204,0,0.2,南国市片山11392番地先,2563,南国市片山11392番地先,2581,5144,1.23,0.57,26.3,20.9,6.8,40
39400450110,南国インター線,田村高須線,田村高須線,39204,0,0,南国市片山11392番地先,2563,南国市片山11392番地先,2581,5144,1.23,0.57,20.8,16.7,6.8,40
39400450120,南国インター線,田村高須線,土居五台山線,39204,0,1.5,南国市片山11392番地先,2563,南国市片山11392番地先,2581,5144,1.23,0.57,35.9,37.9,6.8,40
39400450150,南国インター線,土居五台山線,春野赤岡線,39204,0,1.6,南国市里改田,1670,南国市里改田,1744,3414,1.24,0.33,37.1,42.2,12.7,50
39400460010,中村宿毛線,一般国道３２１号,,39210,0,2.6,,210,,182,392,1.27,0.52,37.9,39.2,5.1,50
39400460030,中村宿毛線,中村下ノ加江線,土佐清水宿毛線,39427,0,6.1,三原村上長谷,313,三原村上長谷,341,654,1.29,0.08,49.5,49.5,8,50
39400460050,中村宿毛線,土佐清水宿毛線,宗呂中村線,39427,0,7.4,三原村亀ノ川,116,三原村亀ノ川,107,223,1.16,0.01,45.9,45.8,8,50
39400460060,中村宿毛線,宗呂中村線,三原村・宿毛市境,39427,0,4.6,,7,,6,13,1.17,0,30.2,30.9,8,50
39400460070,中村宿毛線,三原村・宿毛市境,一般国道３２１号,39208,0,7,,7,,6,13,1.17,0.02,30.2,30.9,3.1,50
39400470010,横浪公園線,須崎仁ノ線,土佐市・須崎市境,39205,0,5.7,,288,,265,553,1.3,0.08,43.9,44.2,8.9,50
39400470020,横浪公園線,土佐市・須崎市境,須崎仁ノ線,39206,0,13.1,,288,,265,553,1.3,0.08,43.6,45.6,8,50
39400470040,横浪公園線,須崎仁ノ線,浦ノ内仏坂多ノ郷停車場線,39206,0,0.1,,161,,155,316,1.31,0.04,22.6,32.7,9.5,50
39400470050,横浪公園線,浦ノ内仏坂多ノ郷停車場線,須崎市・土佐市境,39206,0,2.2,,161,,155,316,1.31,0.04,56.3,52.2,9.5,50
39400470060,横浪公園線,須崎市・土佐市境,一般国道５６号,39205,0,1.6,,161,,155,316,1.31,0.04,46.1,37.4,10.5,50
39400480015,四国カルスト公園線,四国カルスト公園縦断線,四国カルスト公園線,39411,0,10.4,,31,,53,84,1.17,0.32,32.5,34.2,4.9,30
39400480020,四国カルスト公園線,四国カルスト公園線,一般国道４３９号,39411,0,0.1,,31,,53,84,1.17,0.32,12.4,13.3,4.9,30
39400480040,四国カルスト公園線,四国カルスト公園線,一般国道４３９号,39411,0,0.1,,31,,53,84,1.17,0.02,27.3,27.3,5.6,30
39400490010,大豊物部線,,久保大宮線,39212,0,8.7,,28,,28,56,1.12,0.25,29.6,29.6,3.6,50
39400490020,大豊物部線,久保大宮線,久保大宮線,39212,0,5.3,,212,,212,424,1.27,0.07,31.8,31.8,8,50
39400490030,大豊物部線,久保大宮線,一般国道１９５号,39212,0,1,,212,,212,424,1.27,0.07,40.7,34.6,8,50
39400500010,有岡川登線,一般国道５６号,一般国道４４１号,39210,0,10.3,,559,,467,1026,1.25,0.13,45.1,49.4,8.7,50
39400510005,夜須物部線,一般国道５５号,一般国道５５号（南国安芸道路）,39211,0,0.8,,1413,,1358,2771,1.24,0.37,21,17.7,7.3,50
39400510010,夜須物部線,一般国道５５号（南国安芸道路）,末清夜須線,39211,0,4.2,,1413,,1358,2771,1.24,0.37,51.8,47.9,7.3,50
39400510020,夜須物部線,末清夜須線,奥西川岸本線,39211,0,15.4,,28,,34,62,1.12,0.33,19.5,19.5,3.9,50
39400510030,夜須物部線,奥西川岸本線,安芸物部線,39211,0,4.7,,28,,34,62,1.12,0.33,25.9,25.9,3.9,50
39400520010,興津窪川線,,上ノ加江窪川線,39412,0,11.7,高岡郡四万十町与津地,482,高岡郡四万十町与津地,523,1005,1.27,0.12,40.9,40.5,10.3,30
39400520020,興津窪川線,上ノ加江窪川線,一般国道５６号,39412,0,3.4,高岡郡四万十町与津地,482,高岡郡四万十町与津地,523,1005,1.27,0.12,44.3,42.8,10.3,30
39400530010,土佐佐川線,一般国道５６号,谷地日下停車場線,39205,0,5.9,,97,,99,196,1.16,0.03,30.8,33.7,7.9,40
39400530020,土佐佐川線,谷地日下停車場線,土佐市・佐川町境,39205,0,1.5,土佐市谷地,147,土佐市谷地,164,311,1.16,0.05,49,49.3,7.9,40
39400530030,土佐佐川線,土佐市・佐川町境,一般国道４９４号,39402,0,4.5,土佐市谷地,147,土佐市谷地,164,311,1.16,0.05,31.1,33,8.8,50
39400540010,魚梁瀬公園線,千本山魚梁瀬線,,39306,0,0.8,,283,,279,562,1.3,0.05,36,36,8.5,30
39400540020,魚梁瀬公園線,,馬路村・北川村境,39306,0,3.2,,283,,279,562,1.3,0.05,29.5,33.5,8.5,30
39400540030,魚梁瀬公園線,馬路村・北川村境,安田東洋線,39305,0,3.8,,283,,279,562,1.3,0.05,29.5,31.4,8.5,30
39400550010,大方大正線,一般国道５６号,黒潮町・四万十市境,39428,0,12,黒潮町上川口,310,黒潮町上川口,308,618,1.27,0.83,30.7,30.5,3.8,50
39400550020,大方大正線,黒潮町・四万十市境,住次郎佐賀線,39210,0,6.8,黒潮町上川口,310,黒潮町上川口,308,618,1.27,0.83,30.7,30.5,3.2,50
39400550030,大方大正線,住次郎佐賀線,四万十市・四万十町境,39210,0,2.6,,89,,98,187,1.16,0.16,24.7,26.2,4.7,50
39400550040,大方大正線,四万十市・四万十町境,住次郎佐賀線,39412,0,2.7,,89,,98,187,1.16,0.13,30.8,29.8,4.5,30
39400550050,大方大正線,住次郎佐賀線,一般国道３８１号,39412,0,5.8,,89,,98,187,1.16,0.13,43.2,39.3,4.5,30
39601010010,船津野根線,船津野根線,一般国道４９３号,39301,0,12.3,安芸郡東洋町野根丙,137,安芸郡東洋町野根丙,157,294,1.29,0.04,35.8,35.8,10.6,50
39601060010,十和吉野線,一般国道３８１号,,39412,0,6.8,高岡郡四万十町地吉126,264,高岡郡四万十町地吉126,271,535,1.27,0.19,31.7,31.4,6,30
39601070010,藪ヶ市松野線,西土佐松野線,藪ケ市松野線,39210,0,7.5,四万十市西土佐薮ヶ市,8,四万十市西土佐薮ヶ市,7,15,1.12,0.07,34.4,34.4,4.3,50
39601130010,東祖谷山大杉停車場線,一般国道３２号,大田口停車場線,39344,0,3.6,,62,,65,127,1.18,0.2,31.6,31.6,3.8,30
39601130020,東祖谷山大杉停車場線,大田口停車場線,一般国道３２号,39344,0,3.5,,62,,65,127,1.18,0.2,20,20,3.8,30
39601130040,東祖谷山大杉停車場線,一般国道３２号,,39344,0,0.1,,62,,65,127,1.18,0.02,2.6,20.1,9.75,50
39602010010,甲浦港線,,一般国道５５号,39301,0,0.3,,572,,570,1142,1.24,0.1,18.8,21.1,8.6,40
39602020010,椎名室戸線,一般国道５５号,一般国道５５号,39202,0,3.7,室戸市三津,2145,室戸市三津,2176,4321,1.24,0.34,38,33.4,12.7,40
39602030010,室戸公園線,一般国道５５号,一般国道５５号,39202,0,9.1,,189,,195,384,1.27,0.04,39,39,8.5,50
39602050010,奈半利港線,,一般国道５５号,39302,0,0.4,,226,,233,459,1.29,0.06,37.1,16.2,13.8,50
39602060010,西谷田野線,,一般国道４９３号,39305,0,2.5,,54,,47,101,1.17,0.01,39.8,35.6,8,30
39602060030,西谷田野線,一般国道４９３号,北川村・田野町境,39305,0,1.6,,974,,1158,2132,1.26,0.31,41.9,43.9,6,40
39602060040,西谷田野線,北川村・田野町境,一般国道５５号,39303,0,3,,974,,1158,2132,1.26,0.3,39.7,34.7,6.2,40
39602070010,大久保伊尾木線,,奈比賀川北線,39203,0,17.6,,104,,90,194,1.16,0.06,31.2,31.2,5.5,30
39602070020,大久保伊尾木線,奈比賀川北線,一般国道５５号,39203,0,5.8,安芸市伊尾木1833番地先,721,安芸市伊尾木1833番地先,733,1454,1.28,0.07,29,29,5.5,30
39602080010,奈比賀川北線,大久保伊尾木線,奈比賀川北線,39203,0,4.2,,497,,534,1031,1.25,0.25,35.4,35.4,6.5,40
39602080050,奈比賀川北線,奈比賀川北線,一般国道５５号,39203,0,1.8,,511,,548,1059,1.24,0.25,29.9,31.1,13.5,40
39602100010,畑山栃木線,,安芸物部線,39203,0,14,,68,,55,123,1.16,0.04,39.5,39.5,6,30
39602110010,黒岩東浜線,安芸井ノ口線,高台寺川北線,39203,0,2.3,,92,,103,195,1.16,0.01,25.9,25.9,13.8,30
39602110020,黒岩東浜線,高台寺川北線,高台寺川北線,39203,0,0,,2224,,2045,4269,1.25,0.44,18.7,38.3,12,30
39602110030,黒岩東浜線,高台寺川北線,一般国道５５号,39203,0,1.6,,2224,,2045,4269,1.25,0.44,28.5,28.5,12,30
39602120010,宮ノ上川北線,安芸井ノ口線,安芸物部線,39203,0,0.2,,55,,47,102,1.16,0.01,25.6,25.8,11.2,40
39602120020,宮ノ上川北線,安芸物部線,安芸物部線,39203,0,4.2,,55,,47,102,1.16,0.01,30.4,30.4,11.2,40
39602120040,宮ノ上川北線,安芸物部線,高台寺川北線,39203,0,1.4,,357,,369,726,1.15,0.09,35.8,17.3,9.75,40
39602120050,宮ノ上川北線,高台寺川北線,一般国道５５号,39203,0,1,,357,,369,726,1.15,0.09,29.4,24.8,9.75,40
39602130010,高台寺川北線,市に移管済み（元安芸物部）,黒岩東浜線,39203,0,1.3,,1147,,976,2123,1.26,0.27,44.6,40.3,13.4,30
39602130030,高台寺川北線,黒岩東浜線,安芸物部線,39203,0,0.4,,1147,,976,2123,1.26,0.26,4.6,25,15.7,30
39602130050,高台寺川北線,宮ノ上川北線,その他の道路,39203,0,1.1,,226,,233,459,1.29,0.8,19.8,19.8,6.5,30
39602160010,羽尾琴浜線,,一般国道５５号,39307,0,9.8,,1444,,1328,2772,1.27,0.35,24.5,24.5,10,40
39602170010,久保大宮線,,大豊物部線,39212,0,9.4,,54,,47,101,1.17,0.34,30.4,30.1,3.8,50
39602170030,久保大宮線,大豊物部線,永野久保川線,39212,0,9.6,,516,,498,1014,1.25,4.43,25.1,22.5,4.3,50
39602170040,久保大宮線,永野久保川線,永野久保川線,39212,0,2.7,,516,,498,1014,1.25,4.43,35.8,50.2,4.3,50
39602170050,久保大宮線,永野久保川線,日ノ御子土佐山田線,39212,0,2,,54,,47,101,1.17,0.03,25.7,31.6,7.4,50
39602170060,久保大宮線,日ノ御子土佐山田線,一般国道１９５号,39212,0,1.1,,423,,411,834,1.15,0.31,29.4,26.3,7.4,50
39602180010,日ノ御子土佐山田線,久保大宮線,日ノ御子土佐山田線,39212,0,3,香美市土佐山田町佐野,176,香美市土佐山田町佐野,169,345,1.25,0.08,27.8,19.4,5.9,40
39602180020,日ノ御子土佐山田線,日ノ御子土佐山田線,日ノ御子土佐山田線,39212,0,4.6,香美市土佐山田町佐野,176,香美市土佐山田町佐野,169,345,1.25,0.08,30.8,31.3,5.9,40
39602180030,日ノ御子土佐山田線,日ノ御子土佐山田線,一般国道１９５号,39212,0,2,,321,,299,620,1.29,0.37,44.4,31.2,5.9,40
39602180050,日ノ御子土佐山田線,日ノ御子土佐山田線,一般国道１９５号,39212,0,0.2,,337,,313,650,1.29,0.07,34.9,24.5,8.8,50
39602180070,日ノ御子土佐山田線,日ノ御子土佐山田線,一般国道１９５号,39212,0,0.4,,321,,299,620,1.29,0.07,39.7,37.8,8,50
39602200010,蕨野大比線,一般国道１９５号,一般国道１９５号,39212,0,5.5,,210,,182,392,1.27,0.35,11.3,18.2,4.4,50
39602210010,奥西川岸本線,夜須物部線,奈良香北線,39211,0,5.2,,95,,98,193,1.16,1.75,24.6,24.6,4,50
39602210020,奥西川岸本線,奈良香北線,山川野市線,39211,0,7.7,,95,,98,193,1.16,1.75,26.2,30.4,4,50
39602210030,奥西川岸本線,山川野市線,稗地中村線,39211,0,5,,95,,98,193,1.16,1.75,21.6,26,4,50
39602210040,奥西川岸本線,稗地中村線,一般国道５５号,39211,0,3.4,香南市香我美町上分3390番地先,397,香南市香我美町上分3390番地先,482,879,1.15,0.15,37.4,37.4,9.8,50
39602220010,末清夜須線,,夜須物部線,39211,0,2.3,,54,,47,101,1.17,0.22,14.4,15.3,4.2,50
39602240010,奈良香北線,奥西川岸本線,香南市・香美市境,39211,0,1.4,,54,,47,101,1.17,0.34,29.2,29.2,3,50
39602240020,奈良香北線,香南市・香美市境,香北赤岡線,39212,0,2,,54,,47,101,1.17,0.34,29.2,29.2,3.2,50
39602250010,手結港線,,一般国道５５号,39211,0,0.3,,337,,313,650,1.29,0.34,16.6,11.9,7.6,50
39602260010,永野久保川線,久保大宮線,一般国道１９５号,39212,0,1.1,,54,,47,101,1.17,0.1,23.7,20.9,4.4,50
39602170080,永野久保川線,久保大宮線,一般国道１９５号,39212,0,0.3,,54,,47,101,1.17,0.01,41.1,31,9.5,50
39602270010,山北岸本停車場線,香北赤岡線,稗地中村線,39211,0,1.2,,1147,,976,2123,1.26,0.27,26.6,39.5,10,40
39602270020,山北岸本停車場線,稗地中村線,山川野市線,39211,0,1.7,,1147,,976,2123,1.26,0.28,37.9,38.1,8.8,50
39602270025,山北岸本停車場線,山川野市線,一般国道５５号（南国安芸道路）,39211,0,0.6,,1147,,976,2123,1.26,0.28,32,35.8,8.8,50
39602270030,山北岸本停車場線,一般国道５５号（南国安芸道路）,一般国道５５号,39211,0,1.2,,1147,,976,2123,1.26,0.28,34.3,27.5,8.8,50
39602280010,赤岡停車場線,,一般国道５５号,39211,0,0.1,,228,,234,462,1.29,0.45,5,13.2,5.1,50
39602300010,稗地中村線,奥西川岸本線,山川野市線,39211,0,1.1,,1695,,1581,3276,1.25,0.46,49.2,48.6,9.6,40
39602300020,稗地中村線,山川野市線,山北岸本停車場線,39211,0,0.5,,1695,,1581,3276,1.25,0.46,40.8,35.3,9.6,40
39602300030,稗地中村線,山北岸本停車場線,香北赤岡線,39211,0,1.4,,1695,,1581,3276,1.25,0.46,33.3,35.1,9.6,40
39602310010,山川野市線,奥西川岸本線,稗地中村線,39211,0,6.7,,321,,299,620,1.29,1.23,34,30.5,4.2,50
39602310030,山川野市線,山北岸本停車場線,香北赤岡線,39211,0,1,,1266,,1267,2533,1.28,0.29,39.7,37.6,6.7,40
39602310040,山川野市線,香北赤岡線,,39211,0,0.2,,1266,,1267,2533,1.28,0.29,24.2,25,6.7,40
39400300110,山川野市線,,,39211,0,0.2,香南市野市町土居1520番地先,1232,香南市野市町土居1520番地先,942,2174,1.25,0.19,33.7,31.4,8.1,30
39602310060,山川野市線,,山北野市線,39211,0,1.2,香南市野市町東野296?8,3198,香南市野市町東野296?8,3373,6571,1.25,0.91,31.7,33.3,6.4,40
39602310070,山川野市線,山北野市線,龍河洞公園線,39211,0,0.7,,2012,,2177,4189,1.25,0.65,37.5,26.1,6.4,40
39602320010,山北野市線,香北赤岡線,山川野市線,39211,0,3.6,,1544,,1535,3079,1.24,0.42,41.2,46.7,8.3,40
39602340010,土佐山田野市線,一般国道１９５号,香美市・香南市境,39212,0,1.6,,4063,,4005,8068,1.23,0.82,21,25.1,12,50
39602340020,土佐山田野市線,香美市・香南市境,宮ノ口深渕線,39211,0,0,,4063,,4005,8068,1.23,0.73,14.5,21.9,10.4,50
39602340030,土佐山田野市線,宮ノ口深渕線,土佐山田野市線,39211,0,1.6,,4063,,4005,8068,1.23,0.73,41.1,46.3,10.4,50
39602340040,土佐山田野市線,土佐山田野市線,土佐山田野市線,39211,0,0.5,,4063,,4005,8068,1.23,0.73,38.8,35.1,10.4,50
39602340050,土佐山田野市線,土佐山田野市線,遠崎野市線,39211,0,1.7,,4063,,4005,8068,1.23,0.73,29.2,25.5,11.1,40
39602340070,土佐山田野市線,土佐山田野市線,神母木野市線,39211,0,0.1,,4085,,4024,8109,1.23,9.18,16.8,18.6,3.8,30
39602340080,土佐山田野市線,神母木野市線,土佐山田野市線,39211,0,0.4,,4085,,4024,8109,1.23,9.18,28,18.1,3.8,30
39602360010,土佐山田停車場線,,一般国道１９５号,39212,0,0.3,,1762,,1709,3471,1.25,0.49,13.7,7.2,15,40
39602370005,神母木野市線,一般国道１９５号,宮ノ口深渕線,39212,0,1.1,,334,,348,682,1.29,0.08,25,30.6,9,40
39602370010,神母木野市線,宮ノ口深渕線,香美市・香南市境,39212,0,2.3,,334,,348,682,1.29,0.08,46.6,50,9,40
39602370020,神母木野市線,香美市・香南市境,土佐山田野市線,39211,0,1.5,,334,,348,682,1.29,2.4,36.2,34.5,4.4,30
39602400010,遠崎野市線,春野赤岡線,一般国道５５号,39211,0,1.9,,2176,,2114,4290,1.25,0.79,33.6,34.9,6.2,40
39602400020,遠崎野市線,一般国道５５号,土佐山田野市線,39211,0,0.6,,2176,,2114,4290,1.25,0.79,16.3,24.5,6.2,40
39602430010,田村高須線,前浜植野線,南国インター線,39204,0,1.9,,330,,239,569,1.29,1.49,19.5,23.3,3.6,50
39602430030,田村高須線,南国インター線,仁井田竹中線,39204,0,0.1,,330,,239,569,1.29,0.17,15.2,23.8,5.9,40
39602430035,田村高須線,仁井田竹中線,なんこく南インター線,39204,0,1.8,,330,,239,569,1.29,0.17,38.3,32.1,5.9,40
39602430040,田村高須線,なんこく南インター線,南国市・高知市境,39204,0,0.1,高知市介良乙1669-1地先,3958,高知市介良乙1669-1地先,4022,7980,1.23,1.5,10,21.4,5.9,40
39602430050,田村高須線,南国市・高知市境,栗山大津線,39201,0,2.4,高知市介良乙1669-1地先,3958,高知市介良乙1669-1地先,4022,7980,1.23,0.57,33.2,34.1,12,40
39602430060,田村高須線,栗山大津線,一般国道３２号,39201,0,1,,3525,,3554,7079,1.23,0.71,20.8,17.2,12,40
39602430070,田村高須線,一般国道３２号,一般国道１９５号,39201,0,0.6,,1803,,2430,4233,1.25,0.48,14,17.4,7.5,30
39602440010,後免停車場線,,一般国道１９５号,39204,0,0.1,,332,,307,639,1.29,0.24,6.6,2.9,7.5,50
39602450010,土佐大津停車場線,,八幡大津線,39201,0,0.2,,339,,315,654,1.29,0.25,25.6,11.5,6,30
39602470010,仁井田竹中線,春野赤岡線,高知市・南国市境,39201,0,0.1,,1279,,1450,2729,1.27,0.41,7.5,30.6,16.75,50
39602470020,仁井田竹中線,高知市・南国市境,南国市・高知市境,39204,0,0.2,,1279,,1450,2729,1.27,0.37,18,40.7,13.6,50
39602470030,仁井田竹中線,南国市・高知市境,仁井田竹中線,39201,0,0.2,,1279,,1450,2729,1.27,0.34,31.3,49.6,10.2,50
39602470040,仁井田竹中線,仁井田竹中線,土居五台山線,39201,0,1.9,,1279,,1450,2729,1.27,0.34,43.9,37.8,10.2,50
39602470060,仁井田竹中線,土居五台山線,栗山大津線,39201,0,0.4,南国市稲生,1659,南国市稲生,1803,3462,1.27,0.5,16.1,28.7,8.1,40
39602470070,仁井田竹中線,栗山大津線,高知市・南国市境,39201,0,0.5,南国市稲生,1659,南国市稲生,1803,3462,1.27,0.5,36.6,40.4,8.1,40
39602470080,仁井田竹中線,高知市・南国市境,仁井田竹中線,39204,0,0.6,南国市稲生,1659,南国市稲生,1803,3462,1.27,0.5,39.7,37.3,8.8,40
39602470085,仁井田竹中線,仁井田竹中線,なんこく南インター線,39204,0,1.3,南国市稲生,1659,南国市稲生,1803,3462,1.27,0.5,38.8,36.4,8.8,40
39602470090,仁井田竹中線,なんこく南インター線,田村高須線,39204,0,2.1,南国市稲生,856,南国市稲生,1036,1892,1.27,0.24,42,33.2,8.8,40
39602470100,仁井田竹中線,田村高須線,南国インター線,39204,0,0.2,,1593,,1773,3366,1.25,0.55,32.1,32.1,8.8,40
39602470120,仁井田竹中線,春野赤岡線,仁井田竹中線,39201,0,0.7,,1279,,1450,2729,1.27,0.82,34,31.9,5.7,30
39602470140,仁井田竹中線,仁井田竹中線,土居五台山線,39204,0,0.1,,1313,,1489,2802,1.27,0.92,16.3,16,9,50
39602480020,栗山大津線,春野赤岡線,南国市・高知市境,39204,0,2.5,南国市稲生,2143,南国市稲生,2270,4413,1.24,0.64,21.9,39.9,20,40
39602480030,栗山大津線,南国市・高知市境,土居五台山線,39201,0,0.1,南国市稲生,2143,南国市稲生,2270,4413,1.24,0.55,37.5,18.5,10.2,40
39602480050,栗山大津線,仁井田竹中線,田村高須線,39201,0,1.9,,1292,,1582,2874,1.24,0.48,34.3,36,14.8,40
39602480060,栗山大津線,田村高須線,一般国道３２号,39201,0,0.5,,1292,,1582,2874,1.24,0.48,18,15.4,14.8,40
39602480070,栗山大津線,一般国道３２号,高知南国線,39201,0,1.2,,2434,,2860,5294,1.24,0.42,14.6,21.1,12,40
39602490010,後免中島高知線,一般国道１９５号,一般国道１９５号,39204,0,1,,1583,,1942,3525,1.25,0.46,12.2,23.1,10,40
39602490020,後免中島高知線,一般国道１９５号,一般国道３２号,39204,0,0.9,,1583,,1942,3525,1.25,0.46,31.3,24.8,10,40
39602490030,後免中島高知線,一般国道３２号,八幡大津線,39204,0,0.3,,3085,,1414,4499,1.24,0.74,17.2,15.2,10.4,40
39602490040,後免中島高知線,八幡大津線,南国市・高知市境,39204,0,1.1,,3085,,1414,4499,1.24,0.74,27.8,20.8,10.4,40
39602490050,後免中島高知線,南国市・高知市境,土佐一宮停車場一宮線,39201,0,3.6,,3085,,1414,4499,1.24,0.75,32.8,31.7,8,40
39602490060,後免中島高知線,土佐一宮停車場一宮線,北本町領石線,39201,0,1.2,,3085,,1414,4499,1.24,0.75,23.6,13.4,8,40
39602490070,後免中島高知線,北本町領石線,高知北環状線,39201,0,0.9,,7093,,6860,13953,1.25,2.15,19.3,21.2,16.8,40
39602490080,後免中島高知線,高知北環状線,後免中島高知線,39201,0,0.7,,7093,,6860,13953,1.25,2.15,25.6,19.1,16.8,40
39602490150,後免中島高知線,後免中島高知線,高知市道５号,39201,0,0.1,,1557,,1908,3465,1.25,0.36,13.5,16.6,30,50
39602490130,後免中島高知線,高知市道５号,後免中島高知線,39201,0,0.1,,1557,,1908,3465,1.25,0.24,10.7,21.9,27,50
39602490100,後免中島高知線,後免中島高知線,北本町領石線,39201,0,0.6,,7093,,6860,13953,1.25,1.09,17.2,15.5,26.8,50
39602490110,後免中島高知線,北本町領石線,,39201,0,0.5,高知市相生町6-22地先,4066,高知市相生町6-22地先,6361,10427,1.23,0.69,14.6,14.1,27,50
39602490090,後免中島高知線,後免中島高知線,後免中島高知線,39201,0,0.2,,7093,,6860,13953,1.25,2.39,14.7,13.5,7.7,40
39602510010,土佐一宮停車場一宮線,後免中島高知線,北本町領石線,39201,0,1.1,,2434,,2860,5294,1.24,0.89,16,13.3,8,30
39602520010,八幡大津線,北本町領石線,後免中島高知線,39204,0,1.8,,939,,1046,1985,1.25,8.4,34.7,36.8,4.7,30
39602520020,八幡大津線,後免中島高知線,一般国道１９５号,39204,0,0.8,,939,,1046,1985,1.25,0.27,38.5,28.2,10.5,40
39602520030,八幡大津線,一般国道１９５号,南国市・高知市境,39204,0,0.4,,939,,1046,1985,1.25,0.27,15.5,24.5,10.5,40
39602520040,八幡大津線,南国市・高知市境,土佐大津停車場線,39201,0,0.5,,939,,1046,1985,1.25,0.47,25.5,11.3,10.2,40
39602520050,八幡大津線,土佐大津停車場線,高知南国線,39201,0,0.1,,939,,1046,1985,1.25,0.47,13.1,5,10.2,40
39602520060,八幡大津線,高知南国線,一般国道１９５号,39201,0,0.2,,939,,1046,1985,1.25,0.47,9.4,13,10.2,40
39602530010,新改停車場線,,繁藤西町線,39212,0,1,,110,,86,196,1.16,0.24,15.8,15.8,4,50
39602530020,新改停車場線,繁藤西町線,繁藤西町線,39212,0,0.9,,110,,86,196,1.16,0.24,26.9,29,4,50
39602530030,新改停車場線,繁藤西町線,香美市・南国市境,39212,0,4.3,,110,,86,196,1.16,0.24,27.7,27.7,4,50
39602530040,新改停車場線,香美市・南国市境,一般国道３２号,39204,0,1,,110,,86,196,1.16,0.02,27.7,27.7,7.9,50
39602540010,繁藤西町線,一般国道３２号,,39212,0,1.4,,54,,47,101,1.17,0.01,36.4,42,8.3,40
39602540030,繁藤西町線,,新改停車場線,39212,0,1.2,,54,,47,101,1.17,0.34,25.3,25.3,4.3,50
39602540050,繁藤西町線,新改停車場線,前浜植野線,39212,0,3.6,,1345,,1621,2966,1.24,0.52,33.2,36.4,8.5,30
39602540070,繁藤西町線,,新改停車場線,39212,0,1.3,,54,,47,101,1.17,0.03,23.3,23.3,5.9,40
39602560010,久礼田笠ノ川線,南国インター線,一般国道３２号,39204,0,0.8,,1147,,976,2123,1.26,3.25,21.8,15.2,3.2,40
39602560020,久礼田笠ノ川線,一般国道３２号,北本町領石線,39204,0,0.2,,1147,,976,2123,1.26,3.25,13.1,12.2,3.2,40
39602560040,久礼田笠ノ川線,前浜植野線,,39204,0,0.1,,,,,,,,20.8,42.3,13.9,50
39602590010,土佐岩原停車場線,,一般国道３２号,39344,0,0.2,,218,,228,446,1.29,0.27,19.2,20.9,5,50
39602600010,豊永停車場線,,一般国道４３９号,39344,0,0.3,,265,,264,529,1.3,0.23,18.3,18.3,5.7,50
39602610010,大田口停車場線,東祖谷山大杉停車場線,一般国道３２号,39344,0,0.1,,218,,228,446,1.29,0.18,28.3,9.2,5.5,30
39602620010,磯谷本山線,一般国道３２号,川之江大豊線,39344,0,5.2,,48,,54,102,1.16,0.52,26.2,26.2,3.5,50
39602620030,磯谷本山線,川之江大豊線,大豊町・本山町境,39344,0,5,,257,,249,506,1.3,2.37,27.6,33.2,3.5,50
39602620040,磯谷本山線,大豊町・本山町境,田井大瀬線,39341,0,5.4,,257,,249,506,1.3,0.07,27.6,33.2,9.7,50
39602620050,磯谷本山線,田井大瀬線,一般国道４３９号,39341,0,0.3,,257,,249,506,1.3,0.07,32.4,19.4,9.7,50
39602630010,田井大瀬線,本川大杉線,土佐町・本山町境,39363,0,0.1,,1096,,1113,2209,1.25,0.27,22.6,27.8,8,40
39602630020,田井大瀬線,土佐町・本山町境,坂瀬吉野線,39341,0,0.2,,1096,,1113,2209,1.25,0.3,28,41.8,8.3,40
39602630030,田井大瀬線,坂瀬吉野線,磯谷本山線,39341,0,4.1,,1096,,1113,2209,1.25,0.3,33.6,33.6,8.3,40
39602640010,坂瀬吉野線,上猿田三島線,田井大瀬線,39341,0,20.4,長岡郡本山町吉野,263,長岡郡本山町吉野,319,582,1.27,1.98,27.8,31.3,4,50
39602650070,大川土佐線,本川大杉線,,39364,0,1.7,,54,,47,101,1.17,0.06,,,5.3,50
39602650010,大川土佐線,,高知伊予三島線,39364,0,8.6,,54,,47,101,1.17,0.34,26.7,27.4,4,50
39602650030,大川土佐線,高知伊予三島線,本川大杉線,39363,0,15.6,,47,,55,102,1.17,0.1,31.1,31.1,5,50
39602650050,大川土佐線,本川大杉線,一般国道４３９号,39363,0,2.1,,321,,299,620,1.29,0.12,44.4,42.5,7.5,40
39602660010,角茂谷停車場線,,一般国道３２号,39344,0,0.5,,218,,228,446,1.29,1.88,25,15.4,3.9,50
39602670010,上穴内本山線,蟹越繁藤線,香美市・本山町境,39212,0,6.5,,123,,127,250,1.31,0.27,31.9,31.9,5.4,50
39602670020,上穴内本山線,香美市・本山町境,一般国道４３９号,39341,0,8.8,,123,,127,250,1.31,0.27,31.9,31.9,5,50
39602680010,蟹越繁藤線,,南国市・香美市境,39204,0,3.1,,92,,94,186,1.16,1.02,29.4,29.4,4.5,50
39602680020,蟹越繁藤線,南国市・香美市境,上穴内本山線,39212,0,4.2,,92,,94,186,1.16,0.26,29.4,29.4,5,50
39602680030,蟹越繁藤線,上穴内本山線,一般国道３２号,39212,0,9.8,,92,,94,186,1.16,0.26,33.2,33.2,5,50
39602690010,重倉笠ノ川線,高知本山線,高知市・南国市境,39201,0,2.9,,197,,228,425,1.27,0.06,33.6,33.6,8,40
39602690020,重倉笠ノ川線,高知市・南国市境,北本町領石線,39204,0,8.4,,197,,228,425,1.27,0.06,33.6,33.6,9.7,50
39602700010,弘瀬高知線,南国伊野線,高知北環状線,39201,0,9.8,,1121,,952,2073,1.26,0.29,36,30.9,11.1,40
39602700020,弘瀬高知線,高知北環状線,高知市道２号駅西線,39201,0,1,,15239,,14056,29295,1.28,2.34,9,10.1,11.1,40
39602700030,弘瀬高知線,高知市道２号駅西線,一般国道３３号,39201,0,0.6,高知市大膳町37地先,13318,高知市大膳町37地先,12591,25909,1.27,1.58,15,11.2,19.8,40
39602720010,旭停車場線,,一般国道３３号,39201,0,0.3,,2386,,2806,5192,1.24,0.63,16,7.7,11.9,30
39602730010,大河内朝倉停車場線,高知伊予三島線,一般国道３３号（高知西バイパス）,39201,0,4.9,,287,,268,555,1.3,0.07,32.3,31.2,9.1,40
39602740010,梅ノ辻朝倉線,桂浜はりまや線,高知市道６号,39201,0,0.5,,6958,,4567,11525,1.24,1.56,15.9,22.6,16,40
39602740020,梅ノ辻朝倉線,高知市道６号,高知市道８号,39201,0,0.5,,6958,,4567,11525,1.24,1.56,20.1,22.6,16,40
39602740040,梅ノ辻朝倉線,一般国道５６号,,39201,0,0.7,高知市鴨部二丁目5-70地先,8232,高知市鴨部二丁目5-70地先,7571,15803,1.25,0.68,12.7,21,24,50
39602740050,梅ノ辻朝倉線,,一般国道３３号,39201,0,0.1,高知市鴨部二丁目5-70地先,8232,高知市鴨部二丁目5-70地先,7571,15803,1.25,0.68,24.9,5.9,24,50
39602740060,梅ノ辻朝倉線,一般国道３３号,高知土佐線,39201,0,1.3,,1809,,2667,4476,1.24,0.72,27.5,21,7.8,30
39602780010,弘岡下種崎線,高知南環状線,高知春野線,39201,0,1.6,,398,,406,804,1.15,0.11,27.2,22.9,9.1,30
39602780020,弘岡下種崎線,高知春野線,高知南環状線,39201,0,5.6,,398,,406,804,1.15,0.11,36.8,35.8,9.1,30
39602780080,弘岡下種崎線,高知南環状線,桂浜はりまや線,39201,0,0.5,,2386,,2806,5192,1.24,0.51,31.3,25.1,10,30
39602780040,弘岡下種崎線,桂浜はりまや線,,39201,0,0.8,,2386,,2806,5192,1.24,0.93,31.3,35.1,5.7,30
39602780060,弘岡下種崎線,,桂浜宝永線,39201,0,1.6,,2417,,2697,5114,1.24,0.86,21.9,21.7,6,30
39602790010,甲殿弘岡上線,,高知春野線,39201,0,2.9,,988,,1367,2355,1.25,0.27,23.7,23.3,10.8,30
39602790020,甲殿弘岡上線,高知春野線,春野赤岡線,39201,0,3.2,,988,,1367,2355,1.25,0.27,35,35.3,10.8,30
39602790040,甲殿弘岡上線,春野赤岡線,その他道路,39201,0,1.8,,988,,1367,2355,1.25,0.27,40,40.1,8,40
39602800010,伊野停車場線,,一般国道３３号,39386,0,0,,274,,233,507,1.3,0.1,9.4,2.2,18,50
39602820010,新居中島線,須崎仁ノ線,東土居東是吉線,39205,0,5,土佐市用石1139番地先,2156,土佐市用石1139番地先,2167,4323,1.25,0.51,42.8,46.4,8.4,50
39300560165,新居中島線,東土居東是吉線,一般国道５６号,39205,0,0.2,,1978,,2216,4194,1.25,0.66,20.3,38.6,11.6,40
39602840010,野見港線,,一般国道５６号,39206,0,6.7,,301,,298,599,1.29,0.06,34.1,29.9,10.2,40
39602840020,野見港線,一般国道５６号,,39206,0,0.1,,301,,298,599,1.29,0.09,7.4,18.3,19,40
39602840030,野見港線,,,39206,0,0.3,,301,,298,599,1.29,0.08,23.1,21.4,10,40
39602840040,野見港線,,上分多ノ郷線,39206,0,0.1,,301,,298,599,1.29,0.09,13,9.1,18.8,40
39602870010,家俊岩戸真幸線,一般国道５６号,岩戸明ヶ谷線,39205,0,4.2,土佐市出間2158-1地先,1289,土佐市出間2158-1地先,1328,2617,1.15,0.36,41.9,49.5,10.2,50
39602870020,家俊岩戸真幸線,岩戸明ヶ谷線,土佐伊野線,39205,0,5,土佐市出間2158-1地先,1289,土佐市出間2158-1地先,1328,2617,1.15,0.36,42,42.1,10.2,50
39602900010,岩戸明ヶ谷線,家俊岩戸真幸線,一般国道５６号,39205,0,1.1,,278,,236,514,1.3,0.08,42.4,29.8,11.2,40
39602910010,谷地日下停車場線,土佐佐川線,土佐市・日高村境,39205,0,0.4,,833,,887,1720,1.22,8.2,42,36.6,3.6,50
39602910020,谷地日下停車場線,土佐市・日高村境,一般国道３３号,39410,0,7,,833,,887,1720,1.22,0.25,42,36.6,11.4,40
39602920010,思地川口線,,一般国道１９４号,39386,0,3.9,,273,,274,547,1.3,0.16,51.2,51.2,6,30
39602930010,西津賀才日比原線,一般国道４３９号,,39386,0,2.8,,54,,47,101,1.17,0.03,34.2,34.2,7.4,50
39602940010,奥の谷日比原線,,一般国道１９４号,39386,0,6.2,,54,,47,101,1.17,0.05,34.2,34.2,5.6,50
39602960010,西佐川停車場線,,岩目地西佐川停車場線,39402,0,0.1,,279,,237,516,1.3,0.09,7.3,8.3,8.1,40
39602960020,西佐川停車場線,岩目地西佐川停車場線,一般国道３３号,39402,0,0.3,,279,,237,516,1.3,0.09,34.9,33.4,8.1,40
39602960030,西佐川停車場線,一般国道３３号,長者佐川線,39402,0,0.4,,279,,237,516,1.3,0.09,32.6,29.5,8.1,40
39602970010,岩目地西佐川停車場線,一般国道３３号,日高村・佐川町境,39410,0,0.9,高岡郡佐川町乙4434番地先,624,高岡郡佐川町乙4434番地先,735,1359,1.25,0.1,28.7,39.3,10.8,40
39602970020,岩目地西佐川停車場線,日高村・佐川町境,下山越知線,39402,0,3.7,高岡郡佐川町乙4434番地先,624,高岡郡佐川町乙4434番地先,735,1359,1.25,0.35,36.9,37.4,5.9,40
39602970030,岩目地西佐川停車場線,下山越知線,西佐川停車場線,39402,0,0.9,,1624,,1687,3311,1.25,0.7,39.6,38.4,5.9,40
39602980010,下山越知線,岩目地西佐川停車場線,庄田伊野線,39402,0,2.2,,322,,351,673,1.15,0.57,34.8,39.2,4.3,50
39602980020,下山越知線,庄田伊野線,片岡庄田線,39402,0,0.6,,322,,351,673,1.15,0.57,37.3,42.8,4.3,50
39602980030,下山越知線,片岡庄田線,佐川町・越知町境,39402,0,1,,322,,351,673,1.15,0.57,35.8,29.1,4.3,50
39602980040,下山越知線,佐川町・越知町境,柳瀬越知線,39403,0,0.8,,322,,351,673,1.15,0.49,31.9,27.6,4.5,30
39602980050,下山越知線,柳瀬越知線,一般国道３３号,39403,0,0.4,,322,,351,673,1.15,0.49,30.3,8.4,4.5,30
39602990010,庄田伊野線,下山越知線,柳瀬越知線,39402,0,4.1,,54,,47,101,1.17,0.34,29.5,29.5,4.5,50
39602990020,庄田伊野線,柳瀬越知線,佐川町・日高村境,39402,0,0.5,,213,,185,398,1.27,2.75,24.8,30,4.5,50
39602990030,庄田伊野線,佐川町・日高村境,柳瀬越知線,39410,0,3.3,,213,,185,398,1.27,0.21,31.6,27.6,7.5,40
39602990040,庄田伊野線,柳瀬越知線,一般国道３３号,39410,0,11.5,高岡郡日高村下分,491,高岡郡日高村下分,567,1058,1.27,0.47,30.4,41.3,7.5,40
39603000010,柳瀬越知線,一般国道１９４号,いの町・日高村境,39386,0,0.2,,210,,182,392,1.27,0.08,22.6,42.2,9.8,50
39603000020,柳瀬越知線,いの町・日高村境,庄田伊野線,39410,0,0.9,,210,,182,392,1.27,0.08,44.7,49.8,9.9,50
39603000040,柳瀬越知線,庄田伊野線,片岡庄田線,39402,0,5,,93,,90,183,1.16,0.03,25.2,25.2,7.9,50
39603000050,柳瀬越知線,片岡庄田線,佐川町・越知町境,39402,0,2.4,高岡郡越知町甲,373,高岡郡越知町甲,339,712,1.16,0.09,38,38,7.9,50
39603000060,柳瀬越知線,佐川町・越知町境,下山越知線,39403,0,1.5,高岡郡越知町甲,373,高岡郡越知町甲,339,712,1.16,1.74,34.9,33.2,4.5,20
39603010010,片岡庄田線,伊野仁淀線,,39403,0,0.3,,54,,47,101,1.17,0.22,19.6,19.6,5,50
39603010030,片岡庄田線,柳瀬越知線,下山越知線,39402,0,1.9,,210,,182,392,1.27,0.8,32.2,33,5,50
39603020010,長者佐川線,,本郷斗賀野停車場線,39402,0,5.2,,1466,,1596,3062,1.24,0.13,35,37.9,9.4,50
39603020015,長者佐川線,本郷斗賀野停車場線,一般国道４９４号,39402,0,1.2,,1466,,1596,3062,1.24,0.13,45.9,47.3,9.4,50
39603020020,長者佐川線,一般国道４９４号,西佐川停車場線,39402,0,1.2,,1466,,1596,3062,1.24,1.1,33.4,22.6,6.6,40
39603020030,長者佐川線,西佐川停車場線,一般国道３３号,39402,0,1.5,,1466,,1596,3062,1.24,1.1,29.2,24.6,6.6,40
39603040010,上郷檮原線,一般国道４３９号,津野町・檮原町境,39411,0,4.1,,257,,258,515,1.3,0.14,31.7,32.5,6,50
39603040020,上郷檮原線,津野町・檮原町境,一般国道４４０号,39405,0,6.5,,257,,258,515,1.3,0.42,29.7,31.4,4.4,30
39603040030,上郷檮原線,一般国道４４０号,城川檮原線,39405,0,14.3,,257,,258,515,1.3,0.42,31.9,31.9,4.4,30
39603070010,佐川停車場線,,一般国道４９４号,39402,0,0.1,,228,,234,462,1.29,0.17,8.8,2.8,8,50
39603080010,本郷斗賀野停車場線,長者佐川線,一般国道４９４号,39402,0,1.9,,444,,381,825,1.15,0.12,47.2,44.1,10,40
39603080030,本郷斗賀野停車場線,一般国道４９４号,,39402,0,0.2,,228,,234,462,1.29,0.15,17.2,16,9,50
39603090010,吾桑停車場線,一般国道４９４号,,39206,0,0.5,,1152,,980,2132,1.26,0.96,25.8,19.2,4.8,40
39603100010,須崎停車場線,,須崎港線,39206,0,0.1,,2279,,2304,4583,1.24,0.48,10.6,10.8,12,40
39603100020,須崎停車場線,須崎港線,須崎港線,39206,0,0.2,,2279,,2304,4583,1.24,0.48,14.8,15.3,12,40
39603100030,須崎停車場線,須崎港線,吾井郷下分線,39206,0,1,,2279,,2304,4583,1.24,0.48,15.2,20.1,12,40
39603100040,須崎停車場線,吾井郷下分線,一般国道５６号,39206,0,0.2,,2279,,2304,4583,1.24,0.48,15.4,9.5,12,40
39603110010,土佐新荘停車場線,,吾井郷下分線,39206,0,0.1,,268,,243,511,1.3,0.03,24.6,21.6,6.5,40
39603120010,安和停車場線,,一般国道５６号,39206,0,0.1,,218,,228,446,1.29,0.67,14.1,14.1,3.75,40
39603130010,須崎港線,,須崎停車場線,39206,0,0.3,,1134,,964,2098,1.26,0.34,11.6,12.4,12,40
39603130030,須崎港線,須崎停車場線,吾井郷下分線,39206,0,1.5,,1134,,964,2098,1.26,0.25,37.8,31.8,8.2,40
39603140010,浦ノ内仏坂多ノ郷停車場線,須崎仁ノ線,横浪公園線,39206,0,0.2,,218,,228,446,1.29,0.06,27.7,27.7,8,30
39603140020,浦ノ内仏坂多ノ郷停車場線,横浪公園線,一般国道５６号,39206,0,8.9,,218,,228,446,1.29,0.06,19.2,20.9,8,30
39603140030,浦ノ内仏坂多ノ郷停車場線,一般国道５６号,,39206,0,0.8,,218,,228,446,1.29,0.06,19.2,22.8,8,30
39603150010,上分多ノ郷線,一般国道１９７号,野見港線,39206,0,5.8,,3560,,3851,7411,1.23,0.66,45.2,45,11,50
39603170010,萩中須崎線,町道,,39401,0,0.6,,210,,182,392,1.27,0.35,31.3,26.3,5.3,30
39603170020,萩中須崎線,,中土佐町・津野町境,39401,0,4.8,,210,,182,392,1.27,0.35,28.5,28.5,5.3,30
39603170030,萩中須崎線,村道,津野町・須崎市境,39411,0,2.1,,341,,356,697,1.15,0.35,28.5,28.5,5.3,30
39603170040,萩中須崎線,津野町・須崎市境,一般国道１９７号,39206,0,5,,341,,356,697,1.15,0.3,33.4,33.4,6,30
39603190010,奈路土佐久礼停車場線,窪川船戸線,窪川中土佐線,39401,0,0.6,,321,,299,620,1.29,0.1,33.1,19,10,40
39603190030,奈路土佐久礼停車場線,一般国道５６号,奈路土佐久礼停車場線,39401,0,0.2,,228,,234,462,1.29,0.09,10.2,32,8.25,40
39603190050,奈路土佐久礼停車場線,久礼須崎線,,39401,0,0.1,,228,,234,462,1.29,0.07,10.1,8.8,7,40
39603200010,久礼須崎線,奈路土佐久礼停車場線,,39401,0,1.8,,321,,299,620,1.29,0.1,39.5,35.3,10.5,40
39603200020,久礼須崎線,,,39401,0,0.8,,321,,299,620,1.29,0.1,51.1,48,10.5,40
39603200030,久礼須崎線,,中土佐町・須崎市境,39401,0,1.6,,321,,299,620,1.29,0.1,29.9,27.2,10.5,40
39603200040,久礼須崎線,中土佐町・須崎市境,一般国道５６号,39206,0,3.6,,321,,299,620,1.29,0.86,27.8,24.2,5.5,40
39603220010,松原窪川線,一般国道４３９号,,39405,0,11.7,,54,,47,101,1.17,0.12,28.4,28.4,4.5,40
39603220030,松原窪川線,,作屋影野停車場線,39412,0,14.5,,290,,321,611,1.29,0.82,35.5,35.5,3.9,30
39603220040,松原窪川線,作屋影野停車場線,一般国道３８１号,39412,0,8.5,,54,,47,101,1.17,0.34,32.4,32.4,3.9,30
39603230010,作屋影野停車場線,松原窪川線,窪川船戸線,39412,0,0.4,,303,,280,583,1.29,0.17,33.4,31.7,5.4,50
39603230050,作屋影野停車場線,窪川船戸線,,39412,0,0.2,,303,,280,583,1.29,0.03,,,8.7,50
39603230030,作屋影野停車場線,,一般国道５６号,39412,0,4.9,,303,,280,583,1.29,0.03,42.2,40.9,8.7,50
39603240010,七里仁井田線,窪川船戸線,一般国道５６号,39412,0,3.7,,53,,49,102,1.17,0.01,28.2,28.2,3.5,50
39603250010,上ノ加江窪川線,中土佐佐賀線,中土佐町・四万十町境,39401,0,9.9,,293,,277,570,1.29,0.2,25,23.1,4,50
39603250020,上ノ加江窪川線,中土佐町・四万十町境,志和仁井田線,39412,0,2.9,,293,,277,570,1.29,0.03,25,23.1,4.9,50
39603250025,上ノ加江窪川線,志和仁井田線,,39412,0,0.4,,293,,277,570,1.29,0.03,38.2,33.7,4.9,50
39603250070,上ノ加江窪川線,,志和仁井田線,39412,0,0.4,,293,,277,570,1.29,0.03,,,9.8,50
39603250040,上ノ加江窪川線,志和仁井田線,興津窪川線,39412,0,0.9,,293,,277,570,1.29,0.03,36,35.3,9.8,50
39603250050,上ノ加江窪川線,興津窪川線,一般国道５６号,39412,0,4.8,,2090,,2440,4530,1.24,0.33,49.3,48.1,9.5,50
39603260010,志和仁井田線,中土佐佐賀線,上ノ加江窪川線,39412,0,9.1,,217,,227,444,1.29,0.42,29.8,28.3,4,30
39603260030,志和仁井田線,上ノ加江窪川線,,39412,0,5.7,,337,,313,650,1.29,0.09,52,46.5,9.4,50
39603280005,小味野々川口線,,小味野々川口線,39412,0,8.1,,208,,211,419,1.27,0.07,23.1,21.1,7.9,30
39603280010,小味野々川口線,小味野々川口線,一般国道３８１号,39412,0,0.4,,208,,211,419,1.27,0.07,23.1,21.1,7.9,30
39603280030,小味野々川口線,小味野々川口線,一般国道３８１号,39412,0,0.6,,,,,,,,,,8,30
39603290010,秋丸佐賀線,一般国道３８１号,四万十町・黒潮町境,39412,0,4.5,,308,,340,648,1.29,0.31,46.8,46.8,8.6,30
39603290020,秋丸佐賀線,四万十町・黒潮町境,一般国道５６号,39428,0,6,,308,,340,648,1.29,0.52,35.4,33.7,7.1,50
39603310010,江川崎停車場線,,一般国道３８１号,39210,0,0.7,,171,,167,338,1.29,0.23,33.8,30.5,4.5,50
39603320010,昭和中村線,一般国道３８１号,四万十町・四万十市境,39412,0,15.9,高岡郡四万十町大井川落田,69,高岡郡四万十町大井川落田,63,132,1.17,0.3,32.8,32.8,5.2,40
39603320020,昭和中村線,四万十町・四万十市境,,39210,0,12.8,高岡郡四万十町大井川落田,69,高岡郡四万十町大井川落田,63,132,1.17,0.66,32.8,32.8,3.4,50
39603320030,昭和中村線,,,39210,0,0.2,,542,,555,1097,1.23,0.12,32.8,32.8,9,50
39603320040,昭和中村線,,一般国道４３９号,39210,0,8.8,,54,,47,101,1.17,0.01,32.8,32.8,8.9,50
39603330010,安並佐岡線,,安並佐岡線,39210,0,0.4,,1668,,1667,3335,1.25,0.4,38.5,40.5,10.5,40
39603330020,安並佐岡線,安並佐岡線,一般国道４３９号,39210,0,1.8,,1668,,1667,3335,1.25,0.4,37.6,24.2,10.5,40
39603330040,安並佐岡線,一般国道４３９号,安並佐岡線,39210,0,0.6,,1668,,1667,3335,1.25,3.99,33.8,31.3,3.7,30
39603340010,佐賀港線,,中土佐佐賀線,39428,0,0.6,,358,,379,737,1.27,0.76,16,22,4.9,50
39603360010,大用大方線,一般国道４３９号,,39210,0,1.7,,54,,47,101,1.17,0.34,26.7,25.7,3.6,50
39603360030,大用大方線,,町道,39428,0,7.8,,553,,516,1069,1.24,0.8,35.9,35.1,4.3,50
39603360040,大用大方線,町道,一般国道５６号（大方改良）,39428,0,0.1,,,,,,,,10.4,14.1,10.5,50
39603370010,岡本大方線,一般国道４３９号,四万十市・黒潮町境,39210,0,2.6,,321,,299,620,1.29,0.66,42.3,38.5,6.1,50
39603370020,岡本大方線,四万十市・黒潮町境,一般国道５６号,39428,0,6.7,,321,,299,620,1.29,0.75,31.2,44.6,6,50
39603390010,出口古津賀線,中村下田ノ口線,黒潮町・四万十市境,39428,0,2,,2342,,2479,4821,1.24,0.51,44.1,39.7,10.6,50
39603390020,出口古津賀線,黒潮町・四万十市境,一般国道５６号,39210,0,1.8,,2342,,2479,4821,1.24,0.56,37.4,34.5,9.4,40
39304410040,川登中村線,一般国道４４１号,,39210,0,0.6,,134,,131,265,1.31,0.04,53.7,33,8.7,50
39603400010,川登中村線,,中村下ノ加江線,39210,0,12,,134,,131,265,1.31,0.04,31.4,31.4,9.7,50
39603420030,山路中村線,,,39210,0,0.5,,213,,185,398,1.27,0.05,,,10.7,50
39603420005,山路中村線,,,39210,0,1.3,,213,,185,398,1.27,0.05,44.2,45.6,10.7,50
39603420010,山路中村線,,,39210,0,0.7,,213,,185,398,1.27,0.05,44.2,45.6,10.7,50
39603420020,山路中村線,,中村下ノ加江線,39210,0,1,,213,,185,398,1.27,0.05,46.8,26.6,10.7,50
39603430030,間崎布堂ヶ谷線,一般国道３２１号,,39210,0,2.3,,346,,336,682,1.15,0.12,51,42.4,7.5,50
39603430050,間崎布堂ヶ谷線,,,39209,0,2.6,,,,,,,,,,6.1,50
39603430010,間崎布堂ヶ谷線,,一般国道３２１号,39209,0,4,,257,,258,515,1.3,0.19,32.5,32.5,5.5,50
39603440010,宗呂中村線,宿毛宗呂下川口線,土佐清水市・三原村境,39209,0,7.9,,6,,10,16,1.17,0.08,32.5,32.5,3.7,50
39603440020,宗呂中村線,土佐清水市・三原村境,中村宿毛線,39427,0,1.5,,6,,10,16,1.17,0.08,32.5,32.5,5,50
39603440040,宗呂中村線,土佐清水宿毛線,三原村・四万十市境,39427,0,6,,54,,47,101,1.17,0.34,22.8,22.5,4.1,50
39603440050,宗呂中村線,三原村・四万十市境,一般国道５６号（中村宿毛道路）,39210,0,7.6,,54,,47,101,1.17,0.34,22.8,22.5,3.3,50
39603440060,宗呂中村線,一般国道５６号（中村宿毛道路）,一般国道５６号,39210,0,0.9,,54,,47,101,1.17,0.34,44.4,32.7,3.3,50
39603460010,中村下ノ加江線,一般国道４３９号,川登中村線,39210,0,0.4,四万十市大橋通1丁目,7557,四万十市大橋通1丁目,9002,16559,1.25,1.65,17.6,15.7,11,30
39603460020,中村下ノ加江線,川登中村線,山路中村線,39210,0,0.1,,6154,,8859,15013,1.25,1.69,14,19.4,11,30
39603460030,中村下ノ加江線,山路中村線,一般国道５６号,39210,0,1.9,,6154,,8859,15013,1.25,1.69,23.4,22.9,11,30
39603460050,中村下ノ加江線,一般国道５６号,,39210,0,1.6,,541,,530,1071,1.24,0.57,34.6,36.1,4.7,50
39603460060,中村下ノ加江線,,四万十市・三原村境,39210,0,8.1,,541,,530,1071,1.24,0.57,28.2,26.3,4.7,50
39603460070,中村下ノ加江線,四万十市・三原村境,中村宿毛線,39427,0,3.1,,541,,530,1071,1.24,1.07,28.2,26.3,4.3,50
39603460080,中村下ノ加江線,中村宿毛線,三原村・土佐清水市境,39427,0,2.7,三原村成山,99,三原村成山,95,194,1.16,0.29,36.3,35,4.3,50
39603460090,中村下ノ加江線,三原村・土佐清水市境,一般国道３２１号,39209,0,4,三原村成山,99,三原村成山,95,194,1.16,0.07,44.5,36.2,6.1,50
39603470010,新改浦尻線,足摺岬公園線,足摺岬公園線,39209,0,2,,985,,1023,2008,1.25,0.21,35.1,40.3,13.9,50
39603480010,足摺公園線,足摺岬公園線,足摺岬公園線,39209,0,11.8,土佐清水市浦尻(足摺スカイライン),42,土佐清水市浦尻(足摺スカイライン),41,83,1.3,0.01,37.8,35.9,7.9,50
39603520010,清王新田貝ノ川線,一般国道３２１号,大月町・土佐清水市境,39424,0,6.9,,74,,66,140,1.18,0.3,34.2,34.2,3.8,50
39603520020,清王新田貝ノ川線,大月町・土佐清水市境,一般国道３２１号,39209,0,10.2,,74,,66,140,1.18,0.3,34.2,34.2,3.4,50
39603530010,橋上平田線,宿毛津島線,一般国道５６号,39208,0,4.5,,1117,,1218,2335,1.25,0.32,51.5,47.8,8,50
39603540010,片島港線,一般国道３２１号,,39208,0,2,宿毛市宿毛,3693,宿毛市宿毛,3441,7134,1.23,0.63,31,34.5,10.7,40
39603570010,安満地福良線,,大月町・宿毛市境,39424,0,24.5,宿毛市小筑紫町小筑紫312-1番地,272,宿毛市小筑紫町小筑紫312-1番地,305,577,1.29,0.25,31.3,31.3,4.8,50
39603570020,安満地福良線,大月町・宿毛市境,一般国道３２１号,39208,0,3.4,宿毛市小筑紫町小筑紫312-1番地,272,宿毛市小筑紫町小筑紫312-1番地,305,577,1.29,0.03,31.3,31.3,11.4,50
39603580010,沖ノ島循環線,,沖ノ島循環線,39208,0,1.8,,270,,231,501,1.3,0.29,28.2,27.6,6.2,50
39603580015,沖ノ島循環線,沖ノ島循環線,沖ノ島循環線,39208,0,1.2,,270,,231,501,1.3,0.29,32.7,32,6.2,50
39603580020,沖ノ島循環線,沖ノ島循環線,,39208,0,4.6,,270,,231,501,1.3,0.29,29.6,30.6,6.2,50
39603580080,沖ノ島循環線,,,39208,0,1.2,,270,,231,501,1.3,0.21,29.8,28.4,6.1,50
39603580040,沖ノ島循環線,,沖ノ島循環線,39208,0,1.8,,270,,231,501,1.3,0.46,36.8,35.6,5.4,50
39603580060,沖ノ島循環線,,,39208,0,0.6,,270,,231,501,1.3,0.73,23.2,24.5,5.1,50
39603590010,竹林寺三ツ石線,,土居五台山線,39201,0,1.5,,8,,539,547,1.3,0.1,,,6,30
39603620010,安居公園線,,一般国道４３９号,39387,0,8.4,,198,,220,418,1.27,0.91,25.9,25.8,5.5,50
39603630010,中津公園線,,一般国道３３号,39387,0,7.7,,162,,147,309,1.31,0.22,29.3,30,5,50
39603640010,南国野市線,南国インター線,前浜植野線,39204,0,2.1,,5234,,4525,9759,1.24,0.97,27.7,27.3,7.5,40
39603640030,南国野市線,前浜植野線,高知空港線,39204,0,0.8,,5234,,4525,9759,1.24,0.94,30,19.9,6.6,40
39603640040,南国野市線,高知空港線,南国市・香南市境,39204,0,0.2,,5234,,4525,9759,1.24,0.94,15.4,18.4,6.6,40
39603640050,南国野市線,南国市・香南市境,宮ノ口深渕線,39211,0,0.1,,5234,,4525,9759,1.24,0.86,22.7,23.8,10.5,30
39603640060,南国野市線,宮ノ口深渕線,土佐山田野市線,39211,0,1.4,,5234,,4525,9759,1.24,0.86,31.6,30.5,10.5,30
39603640070,南国野市線,土佐山田野市線,市道,39211,0,0.2,,5234,,4525,9759,1.24,0.86,14.9,14.5,10.5,30
39603640080,南国野市線,市道,龍河洞公園線,39211,0,0.3,,5234,,4525,9759,1.24,0.86,14.3,12.8,10.5,30
39603660010,高知港線,,桂浜はりまや線,39201,0,0.7,,2095,,1500,3595,1.24,0.32,30.4,18.5,28.1,50
39603670010,住次郎佐賀線,一般国道４３９号,大方大正線,39210,0,8.7,,219,,206,425,1.27,0.83,32.7,32.7,3.7,50
39603670030,住次郎佐賀線,大方大正線,,39412,0,3.1,,218,,228,446,1.29,0.2,31.9,35,4.7,30
39603670050,住次郎佐賀線,,一般国道５６号,39428,0,3.8,,54,,47,101,1.17,0.07,38,38,6.4,50
39603680010,佐喜浜吉良川線,一般国道５５号,,39202,0,2.5,室戸市佐喜浜町,181,室戸市佐喜浜町,176,357,1.29,0.06,36.9,36.9,10.1,30
39603680030,佐喜浜吉良川線,,一般国道５５号,39202,0,4.1,室戸市吉良川町乙1984番12地先,385,室戸市吉良川町乙1984番12地先,374,759,1.27,0.1,35.2,35.2,11,30
39603700010,千本山魚梁瀬線,,魚梁瀬公園線,39306,0,11,,54,,47,101,1.17,0.14,32.7,32.7,5,30
39603710010,間宮ノ線,,龍河洞公園線,39212,0,0.7,,,,,,,,38.8,48.8,12.1,50
39603720010,宮ノ口深渕線,,龍河洞公園線,39212,0,0.5,,1292,,1582,2874,1.24,0.46,33,25.9,18.5,50
39603720110,宮ノ口深渕線,龍河洞公園線,,39212,0,0.6,,1292,,1582,2874,1.24,0.4,46,50.2,12.1,50
39603720090,宮ノ口深渕線,,神母木野市線,39212,0,0.6,,1292,,1582,2874,1.24,0.4,50.2,50.2,12.1,50
39603720030,宮ノ口深渕線,土佐山田野市線,香南市・南国市境,39211,0,1.6,,1842,,1704,3546,1.25,0.93,34.2,47.6,5.5,40
39603720040,宮ノ口深渕線,香南市・南国市境,南国市・香南市境,39204,0,0.2,,1842,,1704,3546,1.25,0.64,49.7,51.5,6.4,40
39603720050,宮ノ口深渕線,南国市・香南市境,香南市・南国市境,39211,0,0.1,,1842,,1704,3546,1.25,1.11,47.9,50.6,5.1,40
39603720060,宮ノ口深渕線,香南市・南国市境,南国市・香南市境,39204,0,0.6,,1842,,1704,3546,1.25,1.17,51.3,52.7,5,40
39603720070,宮ノ口深渕線,南国市・香南市境,南国野市線,39211,0,0.5,,1842,,1704,3546,1.25,1,34.1,30.1,5.5,40
39603740010,高知南国線,北本町領石線,北本町領石線,39201,0,0.2,,19864,,20254,40118,1.28,0.7,8.3,18.1,20,50
39603740015,高知南国線,北本町領石線,一般国道５５号（高知南国道路）,39201,0,1.1,,19864,,20254,40118,1.28,0.7,10.5,17.9,20,50
39603740020,高知南国線,一般国道５５号（高知南国道路）,高知北環状線,39201,0,0.2,,19864,,20254,40118,1.28,0.7,18.6,12.4,20,50
39603740030,高知南国線,高知北環状線,栗山大津線,39201,0,2.2,高知市大津乙1847-6地先,11194,高知市大津乙1847-6地先,12046,23240,1.22,0.43,26.2,36.9,20,50
39603740040,高知南国線,栗山大津線,八幡大津線,39201,0,1.2,,19864,,20254,40118,1.28,0.7,33,32.3,20,50
39603740050,高知南国線,八幡大津線,一般国道３２号,39201,0,1.3,,19864,,20254,40118,1.28,0.7,40,30.2,20,50
39603740060,高知南国線,一般国道３２号,高知市・南国市境,39201,0,0.2,,,,,,,,,,9.7,50
39603740070,高知南国線,高知市・南国市境,一般国道１９５号,39204,0,0.2,,,,,,,,,,11,50
39603750010,なんこく南インター線,一般国道３２号,高知市・南国市境,39201,0,0.4,,1200,,1019,2219,1.25,0.28,18.6,29.2,18.8,50
39603750020,なんこく南インター線,高知市・南国市境,田村高須線,39204,0,0.1,,1200,,1019,2219,1.25,0.29,32,19.2,18.6,50
39603750030,なんこく南インター線,田村高須線,一般国道５５号（高知南国道路）,39204,0,0.2,,1200,,1019,2219,1.25,0.29,21,17.7,18.6,50
39603750050,なんこく南インター線,一般国道５５号（高知南国道路）,仁井田竹中線,39204,0,1,南国市稲生,2556,南国市稲生,2560,5116,1.19,0.7,37.5,40.6,18.6,50
39603760010,高知南インター線,一般国道３２号,一般国道５５号（高知南国道路）,39201,0,2.1,高知市五台山,7440,高知市五台山,7116,14556,1.25,0.65,27.7,22.9,28.2,50
39603760020,高知南インター線,一般国道５５号（高知南国道路）,春野赤岡線,39201,0,2.5,高知市池2751-1地先,6852,高知市池2751-1地先,6681,13533,1.25,0.45,30.7,39.8,28.2,50
39603760030,高知南インター線,春野赤岡線,春野赤岡線,39201,0,0.2,高知市池2751-1地先,6852,高知市池2751-1地先,6681,13533,1.25,0.45,28.3,13.1,28.2,50
39603760050,高知南インター線,土居五台山線,一般国道５５号（高知南国道路）,39201,0,0.7,高知市五台山,6027,高知市五台山,6868,12895,1.24,1.18,19.9,17.4,21.1,50
39603770030,大野見葉山線,,仁淀東津野線,39411,0,1.4,,,,,,,,,,5.1,30
39603770010,大野見葉山線,仁淀東津野線,一般国道１９７号,39411,0,8.3,,54,,47,101,1.17,0.34,31.7,31.7,4,30
39603780010,仁淀東津野線,,大野見葉山線,39411,0,9.1,,54,,47,101,1.17,0.06,45.6,45.9,4.4,30
39603790010,韮ヶ峠文丸線,,城川檮原線,39405,0,7.7,,54,,47,101,1.17,0.05,28.8,29.4,5,30
39603830010,四国カルスト公園縦断線,四国カルスト公園線,津野町・檮原町境,39411,0,1.6,,78,,74,152,1.16,0.02,29.6,24.8,8.7,30
39603830020,四国カルスト公園縦断線,津野町・檮原町境,四国カルスト公園縦断線,39405,0,1.2,,78,,74,152,1.16,0.04,20.6,25.5,8.2,30
39603830040,四国カルスト公園縦断線,その他道路,四国カルスト公園縦断線,39405,0,3.7,,210,,182,392,1.27,1.08,28.9,32.1,4.3,30
39603840010,北本町領石線,一般国道３２号,後免中島高知線,39201,0,0.2,,18249,,17673,35922,1.28,1.06,20.1,15.2,19.8,50
39603840020,北本町領石線,後免中島高知線,高知市道９号,39201,0,0.7,,18249,,17673,35922,1.28,1.06,16.3,21.1,19.8,50
39603840030,北本町領石線,高知市道９号,高知南国線,39201,0,0.3,高知市南金田4-15地先,18050,高知市南金田4-15地先,17156,35206,1.28,1.05,11,15.1,19.8,50
39603840050,北本町領石線,高知南国線,高知市道１０号,39201,0,0.8,高知市南川添15-2地先,6924,高知市南川添15-2地先,7059,13983,1.19,0.61,15.8,13.5,20,50
39603840060,北本町領石線,高知市道１０号,後免中島高知線,39201,0,1.1,,18857,,20950,39807,1.28,1.65,18.1,18.2,20,50
39603840070,北本町領石線,後免中島高知線,高知北環状線,39201,0,0.3,,8658,,8507,17165,1.26,0.82,15.8,8.7,20,50
39603840080,北本町領石線,高知北環状線,土佐一宮停車場一宮線,39201,0,1.2,高知市一宮中町一丁目21-19地先,9237,高知市一宮中町一丁目21-19地先,8514,17751,1.26,1.5,15.6,19.1,18,40
39603840090,北本町領石線,土佐一宮停車場一宮線,高知市・南国市境,39201,0,1.4,,9043,,8455,17498,1.26,1.37,23,34,18,40
39603840100,北本町領石線,高知市・南国市境,八幡大津線,39204,0,4.2,,5432,,5098,10530,1.24,1.09,41.7,41.6,10.6,50
39603840110,北本町領石線,八幡大津線,久礼田笠ノ川線,39204,0,0.4,,5432,,5098,10530,1.24,1.09,30.9,22.9,10.6,50
39603840120,北本町領石線,久礼田笠ノ川線,重倉笠ノ川線,39204,0,0.3,,5432,,5098,10530,1.24,1.09,27.7,30.2,10.6,50
39603840130,北本町領石線,重倉笠ノ川線,南国インター線,39204,0,1.2,,5432,,5098,10530,1.24,1.09,36.1,36.4,10.6,50
39603840140,北本町領石線,南国インター線,一般国道３２号,39204,0,0.7,,5432,,5098,10530,1.24,1.09,35.7,27.9,10.6,50
39603850010,香北野市線,一般国道１９５号,龍河洞公園線,39212,0,7.9,香美市香北町岩改907,126,香美市香北町岩改907,117,243,1.29,0.08,24.2,24.2,6.2,50
39603850030,香北野市線,龍河洞公園線,香美市・香南市境,39212,0,2.1,,536,,498,1034,1.25,0.22,26.6,25.8,7,30
39603850040,香北野市線,香美市・香南市境,龍河洞公園線,39211,0,7.7,,536,,498,1034,1.25,0.22,26.5,36.4,7,50
39603860010,朝倉伊野線,高知土佐線,高知市・いの町境,39201,0,1.7,高知市朝倉丙2129-7地先,6456,高知市朝倉丙2129-7地先,6322,12778,1.25,0.84,23.6,36.3,9.35,40
39603860020,朝倉伊野線,高知市・いの町境,一般国道３３号（高知西バイパス）,39386,0,0.9,,7549,,6941,14490,1.25,0.99,39.2,34.3,13.5,50
39603870005,四万十町東インター線,一般国道５６号,,39412,0,0.2,高岡郡四万十町影野,1361,高岡郡四万十町影野,1260,2621,2.2,0.31,27.7,47.2,6.3,40
39603870010,四万十町東インター線,,四国横断自動車道（阿南四万十線）,39412,1,0.3,高岡郡四万十町影野,1361,高岡郡四万十町影野,1260,2621,2.2,0.24,52.3,52.3,6.5,40
39603880010,吾井郷下分線,一般国道５６号,須崎仁ノ線,39206,0,1,,9103,,9028,18131,1.26,2.51,30.6,31.1,16,50
39603880020,吾井郷下分線,須崎仁ノ線,野見港線,39206,0,0.5,,9103,,9028,18131,1.26,2.51,25.9,24.3,16,50
39603880030,吾井郷下分線,野見港線,須崎港線,39206,0,1.1,,9103,,9028,18131,1.26,2.51,20.8,21.3,16,50
39603880040,吾井郷下分線,須崎港線,一般国道５６号,39206,0,0.6,,5666,,5499,11165,1.24,1.41,24.1,19.6,10.1,40
39603880060,吾井郷下分線,一般国道５６号,須崎停車場線,39206,0,0.5,,5666,,5499,11165,1.24,1.37,12.1,25.5,12.5,40
39603880070,吾井郷下分線,須崎停車場線,土佐新荘停車場線,39206,0,0.9,,5666,,5499,11165,1.24,1.37,24.5,20.6,12.5,40
39603880080,吾井郷下分線,土佐新荘停車場線,一般国道５６号,39206,0,0.3,,5666,,5499,11165,1.24,1.37,22.4,15.1,12.5,40
39603890010,安芸中インター線,,,39203,0,0.2,安芸市矢ノ丸4丁目7番地先,3793,安芸市矢ノ丸4丁目7番地先,3634,7427,1.23,0.68,19.1,23.5,105,40
39603890020,安芸中インター線,,一般国道５５号,39203,0,0.2,安芸市矢ノ丸4丁目7番地先,3793,安芸市矢ノ丸4丁目7番地先,3634,7427,1.23,0.68,22.4,10.3,105,40
