交通調査基本区間番号,路線名,起点側／路線名等,終点側／路線名等,市区町村コード,自動車専用道路の別,区間延長（ｋｍ）,上り／交通量観測地点地名,上り／２４時間自動車類交通量／合計（台）,下り／交通量観測地点地名,下り／２４時間自動車類交通量／合計（台）,２４時間自動車類交通量（上下合計）／合計（台）,昼夜率,混雑度,朝夕（混雑時）／上り／旅行速度／合計（ｋｍ／ｈ）,朝夕（混雑時）／下り／旅行速度／合計（ｋｍ／ｈ）,幅員構成／道路部幅員（ｍ）,指定最高速度（ｋｍ／ｈ）
43110300010,九州縦貫自動車道鹿児島線宮崎線,九州縦貫自動車道鹿児島線宮崎線,大牟田南関線,43367,1,1.3,みやま柳川～南関,18950,みやま柳川～南関,18892,37842,1.33,0.73,90,90.3,24.5,100
43110300020,九州縦貫自動車道鹿児島線宮崎線,大牟田南関線,南関町・和水町境,43367,1,9,南関～菊水,16263,南関～菊水,16287,32550,1.36,0.67,91.9,90.5,24.5,100
43110300030,九州縦貫自動車道鹿児島線宮崎線,南関町・和水町境,玉名山鹿線,43369,1,2.6,南関～菊水,16263,南関～菊水,16287,32550,1.36,0.67,90.6,92.8,24.5,100
43110300040,九州縦貫自動車道鹿児島線宮崎線,玉名山鹿線,和水町・山鹿市境,43369,1,3.9,菊水～植木,16241,菊水～植木,16339,32580,1.35,0.64,93.3,92.8,24.5,100
43110300050,九州縦貫自動車道鹿児島線宮崎線,和水町・山鹿市境,山鹿市・熊本市北区境,43208,1,3.8,菊水～植木,16241,菊水～植木,16339,32580,1.35,0.64,95.2,91.3,24.5,100
43110300060,九州縦貫自動車道鹿児島線宮崎線,山鹿市・熊本市北区境,一般国道３号,43105,1,3,菊水～植木,16241,菊水～植木,16339,32580,1.35,0.64,92.4,92.8,24.5,100
43110300065,九州縦貫自動車道鹿児島線宮崎線,一般国道３号,大津植木線（現道）,43105,1,4.6,植木～北熊本スマート,16254,植木～北熊本スマート,16537,32791,1.33,0.55,92.9,90.8,24.5,100
43110300070,九州縦貫自動車道鹿児島線宮崎線,大津植木線（現道）,熊本市北区・合志市境,43105,1,3.1,北熊本スマート～熊本,16437,北熊本スマート～熊本,16625,33062,1.33,0.56,91.6,88.8,24.5,100
43110300080,九州縦貫自動車道鹿児島線宮崎線,熊本市北区・合志市境,合志市・菊陽町境,43216,1,2.2,北熊本スマート～熊本,16437,北熊本スマート～熊本,16625,33062,1.33,0.56,90.1,91.3,24.5,100
43110300090,九州縦貫自動車道鹿児島線宮崎線,合志市・菊陽町境,菊陽町・熊本市北区境,43404,1,0.6,北熊本スマート～熊本,16437,北熊本スマート～熊本,16625,33062,1.33,0.56,81.4,79.4,24.5,100
43110300100,九州縦貫自動車道鹿児島線宮崎線,菊陽町・熊本市北区境,熊本市北区・菊陽町境,43105,1,0.3,北熊本スマート～熊本,16437,北熊本スマート～熊本,16625,33062,1.33,0.56,90.3,83.4,24.5,100
43110300110,九州縦貫自動車道鹿児島線宮崎線,熊本市北区・菊陽町境,菊陽町・熊本市北区境,43404,1,0.3,北熊本スマート～熊本,16437,北熊本スマート～熊本,16625,33062,1.33,0.56,87.8,82.7,24.5,100
43110300115,九州縦貫自動車道鹿児島線宮崎線,菊陽町・熊本市北区境,熊本市北区・熊本市東区境,43105,1,1.6,北熊本スマート～熊本,16437,北熊本スマート～熊本,16625,33062,1.33,0.56,89.9,89,24.5,100
43110300120,九州縦貫自動車道鹿児島線宮崎線,熊本市北区・熊本市東区境,一般国道５７号,43102,1,1.2,北熊本スマート～熊本,16437,北熊本スマート～熊本,16625,33062,1.33,0.56,90.6,85.8,24.5,100
43110300130,九州縦貫自動車道鹿児島線宮崎線,一般国道５７号,熊本市東区・益城町境,43102,1,4,熊本～益城熊本空港,14570,熊本～益城熊本空港,14494,29064,1.31,0.46,92.3,92.2,24.5,100
43110300140,九州縦貫自動車道鹿児島線宮崎線,熊本市東区・益城町境,熊本益城大津線,43443,1,1.2,熊本～益城熊本空港,14570,熊本～益城熊本空港,14494,29064,1.31,0.46,90.8,91.6,24.5,100
43110300150,九州縦貫自動車道鹿児島線宮崎線,熊本益城大津線,益城町・熊本市東区境,43443,1,1.7,益城熊本空港～嘉島JCT,16440,益城熊本空港～嘉島JCT,15920,32360,1.31,0.6,89,92.3,24.5,100
43110300160,九州縦貫自動車道鹿児島線宮崎線,益城町・熊本市東区境,熊本市東区・益城町境,43102,1,0.9,益城熊本空港～嘉島JCT,16440,益城熊本空港～嘉島JCT,15920,32360,1.31,0.6,90.8,92.2,24.5,100
43110300170,九州縦貫自動車道鹿児島線宮崎線,熊本市東区・益城町境,九州横断自動車道延岡線,43443,1,1.3,益城熊本空港～嘉島JCT,16440,益城熊本空港～嘉島JCT,15920,32360,1.31,0.6,90.9,91.4,24.5,100
43110300180,九州縦貫自動車道鹿児島線宮崎線,九州横断自動車道延岡線,嘉島町・御船町境,43442,1,1.6,嘉島JCT～御船,15582,嘉島JCT～御船,15320,30902,1.32,0.57,92,91.6,24.5,100
43110300190,九州縦貫自動車道鹿児島線宮崎線,嘉島町・御船町境,一般国道４４５号,43441,1,1.2,嘉島JCT～御船,15582,嘉島JCT～御船,15320,30902,1.32,0.57,91.8,90.3,24.5,100
43110300200,九州縦貫自動車道鹿児島線宮崎線,一般国道４４５号,御船町・甲佐町境,43441,1,2.1,御船～城南スマート,15584,御船～城南スマート,15466,31050,1.31,0.73,91.7,92.5,24.5,100
43110300210,九州縦貫自動車道鹿児島線宮崎線,御船町・甲佐町境,甲佐町・熊本市南区境,43444,1,0.8,御船～城南スマート,15584,御船～城南スマート,15466,31050,1.31,0.73,92.7,93.5,24.5,100
43110300220,九州縦貫自動車道鹿児島線宮崎線,甲佐町・熊本市南区境,熊本市南区・甲佐町境,43104,1,0.5,御船～城南スマート,15584,御船～城南スマート,15466,31050,1.31,0.73,90.7,92.1,24.5,100
43110300230,九州縦貫自動車道鹿児島線宮崎線,熊本市南区・甲佐町境,甲佐町・熊本市南区境,43444,1,0.7,御船～城南スマート,15584,御船～城南スマート,15466,31050,1.31,0.73,90.6,88.1,24.5,100
43110300235,九州縦貫自動車道鹿児島線宮崎線,甲佐町・熊本市南区境,宇土甲佐線,43104,1,1.5,御船～城南スマート,15584,御船～城南スマート,15466,31050,1.31,0.73,91.4,93,24.5,100
43110300240,九州縦貫自動車道鹿児島線宮崎線,宇土甲佐線,熊本市南区・宇城市境,43104,1,2.8,城南スマート～松橋,14719,城南スマート～松橋,14733,29452,1.32,0.62,93.2,92.5,24.5,100
43110300250,九州縦貫自動車道鹿児島線宮崎線,熊本市南区・宇城市境,一般国道２１８号,43213,1,3.6,城南スマート～松橋,14719,城南スマート～松橋,14733,29452,1.32,0.62,91.6,83.1,24.5,100
43110300260,九州縦貫自動車道鹿児島線宮崎線,一般国道２１８号,宇城市・氷川町境,43213,1,8.4,松橋～宇城氷川スマート,13608,松橋～宇城氷川スマート,13760,27368,1.32,0.6,91.1,93.3,24.5,100
43110300265,九州縦貫自動車道鹿児島線宮崎線,宇城市・氷川町境,,43468,1,0.4,松橋～宇城氷川スマート,13608,松橋～宇城氷川スマート,13760,27368,1.32,0.6,91.7,94.1,24.5,100
43110300270,九州縦貫自動車道鹿児島線宮崎線,,氷川町・八代市境,43468,1,5.6,宇城氷川スマート～八代,13071,宇城氷川スマート～八代,13292,26363,1.32,0.58,92.9,93.7,20.5,100
43110300280,九州縦貫自動車道鹿児島線宮崎線,氷川町・八代市境,一般国道３号,43202,1,4,宇城氷川スマート～八代,13071,宇城氷川スマート～八代,13292,26363,1.32,0.58,92.6,93.1,20.5,100
43110300290,九州縦貫自動車道鹿児島線宮崎線,一般国道３号,一般国道３号（八代日奈久道路）,43202,1,0.9,八代～八代JCT,13010,八代～八代JCT,12968,25978,1.35,0.55,86.9,88.2,20.5,80
43110300300,九州縦貫自動車道鹿児島線宮崎線,一般国道３号（八代日奈久道路）,八代市・山江村境,43202,1,17.9,八代JCT～人吉,10303,八代JCT～人吉,10608,20911,1.37,0.41,91.4,89.1,20.5,80
43110300310,九州縦貫自動車道鹿児島線宮崎線,八代市・山江村境,人吉インター線,43512,1,19.7,八代JCT～人吉,10303,八代JCT～人吉,10608,20911,1.37,0.41,88.7,91.1,20.5,80
43110300320,九州縦貫自動車道鹿児島線宮崎線,人吉インター線,山江村・人吉市境,43512,1,0.1,人吉～人吉球磨スマート,6027,人吉～人吉球磨スマート,6506,12533,1.46,0.22,93.4,90.3,20.5,80
43110300325,九州縦貫自動車道鹿児島線宮崎線,山江村・人吉市境,人吉SICアクセス,43203,1,3.7,人吉～人吉球磨スマート,6027,人吉～人吉球磨スマート,6506,12533,1.46,0.22,92.6,92.3,20.5,80
43110300330,九州縦貫自動車道鹿児島線宮崎線,人吉SICアクセス,九州縦貫自動車道鹿児島線宮崎線,43203,1,12.6,人吉球磨スマート～えびの,6090,人吉球磨スマート～えびの,6578,12668,1.46,0.2,88.1,90.3,20.5,80
43109990005,九州横断自動車道延岡線,九州横断自動車道延岡線,益城町・御船町境,43443,1,0.7,嘉島JCT～益城本線料金所,1486,嘉島JCT～益城本線料金所,1228,2714,1.22,0.29,54,49.6,12,50
43109990010,九州横断自動車道延岡線,益城町・御船町境,一般国道４４３号,43441,1,0.1,嘉島JCT～益城本線料金所,1486,嘉島JCT～益城本線料金所,1228,2714,1.22,0.29,79,78.3,12,40
43109990024,九州横断自動車道延岡線,一般国道４４３号,御船町・益城町境,43441,1,1.6,上益城郡御船町田代,2720,上益城郡御船町田代,2838,5558,1.24,0.52,78.4,77.8,12,80
43109990027,九州横断自動車道延岡線,御船町・益城町境,益城町・御船町境,43443,1,2,上益城郡御船町田代,2720,上益城郡御船町田代,2838,5558,1.24,0.52,78.4,78.5,12,80
43109990030,九州横断自動車道延岡線,益城町・御船町境,田代御船線,43441,1,4.4,上益城郡御船町田代,2720,上益城郡御船町田代,2838,5558,1.24,0.52,79.4,76.8,12,80
43109990040,九州横断自動車道延岡線,田代御船線,御船町・山都町境,43441,1,2.1,上益城郡御船町上野,2796,上益城郡御船町上野,2654,5450,1.22,0.54,80.6,81.3,12,80
43109990050,九州横断自動車道延岡線,御船町・山都町境,一般国道４４５号,43447,1,0.7,上益城郡御船町上野,2796,上益城郡御船町上野,2654,5450,1.22,0.54,80.6,81.3,12,80
43110300345,九州横断自動車道延岡線,九州縦貫自動車道鹿児島線宮崎線,嘉島町・益城町境,43442,1,0.1,嘉島JCT～益城本線料金所,1486,嘉島JCT～益城本線料金所,1228,2714,1.22,0.29,60.3,58,12,80
43110300350,九州横断自動車道延岡線,嘉島町・益城町境,九州横断自動車道延岡線,43443,1,0.5,嘉島JCT～益城本線料金所,1486,嘉島JCT～益城本線料金所,1228,2714,1.22,0.29,61.2,61.2,12,80
43300030010,一般国道３号,一般国道３号,黒木鹿北線,43208,0,3.3,山鹿市鹿北町岩野,3754,山鹿市鹿北町岩野,3763,7517,1.43,0.81,51.3,51.8,10,50
43300030020,一般国道３号,黒木鹿北線,菊池鹿北線,43208,0,0.9,山鹿市鹿北町岩野,3754,山鹿市鹿北町岩野,3763,7517,1.43,0.81,42.2,41.8,10,50
43300030030,一般国道３号,菊池鹿北線,津留鹿本線,43208,0,5.2,山鹿市鹿北町岩野,3754,山鹿市鹿北町岩野,3763,7517,1.43,0.81,45.4,44.2,10,50
43300030040,一般国道３号,津留鹿本線,一般国道４４３号,43208,0,6,山鹿市鹿北町岩野,3754,山鹿市鹿北町岩野,3763,7517,1.43,0.81,42.1,40.2,10,50
43300030050,一般国道３号,一般国道４４３号,一般国道３２５号,43208,0,0.6,山鹿市鹿北町岩野,3754,山鹿市鹿北町岩野,3763,7517,1.43,0.96,24.8,16.3,14.5,50
43300030060,一般国道３号,一般国道３２５号,山鹿植木線,43208,0,1.3,山鹿市南島,6457,山鹿市南島,6433,12890,1.31,0.9,23.2,26.5,11.5,50
43300030070,一般国道３号,山鹿植木線,植木山鹿線,43208,0,2.2,山鹿市南島,6457,山鹿市南島,6433,12890,1.31,0.9,37.5,37.5,11.5,50
43300030080,一般国道３号,植木山鹿線,山鹿市・熊本市北区境,43208,0,1,山鹿市南島,6457,山鹿市南島,6433,12890,1.31,0.9,49.4,47.3,11.5,50
43300030090,一般国道３号,山鹿市・熊本市北区境,田底鹿本線,43105,0,1.2,熊本市北区植木町宮原,5275,熊本市北区植木町宮原,7085,12360,1.32,1.01,45,37.1,12.5,50
43300030100,一般国道３号,田底鹿本線,植木インター菊池線,43105,0,3.3,熊本市北区植木町正清,8856,熊本市北区植木町正清,8947,17803,1.28,1.21,39.3,34.3,12.5,50
43300030110,一般国道３号,植木インター菊池線,南田島豊田線,43105,0,0.3,熊本市北区植木町正清,8856,熊本市北区植木町正清,8947,17803,1.28,1.21,16.7,26,12.5,50
43300030120,一般国道３号,南田島豊田線,九州縦貫自動車道鹿児島線宮崎線,43105,0,1.5,熊本市北区植木町正清,8856,熊本市北区植木町正清,8947,17803,1.28,1.21,34.1,41.4,12.5,50
43300030130,一般国道３号,九州縦貫自動車道鹿児島線宮崎線,大牟田植木線,43105,0,2.3,熊本市北区植木町,8490,熊本市北区植木町,8296,16786,1.28,1.05,40.9,19.3,12.5,50
43300030135,一般国道３号,大牟田植木線,原植木線,43105,0,0.4,熊本市北区植木町岩野,11666,熊本市北区植木町岩野,11217,22883,1.33,1.47,23.3,14.1,12,50
43300030140,一般国道３号,原植木線,原植木線（旧道）,43105,0,0.3,熊本市北区植木町岩野,11666,熊本市北区植木町岩野,11217,22883,1.33,1.47,17.9,20.1,12,50
43300030150,一般国道３号,原植木線（旧道）,大津植木線,43105,0,0.2,熊本市北区植木町岩野,11666,熊本市北区植木町岩野,11217,22883,1.33,1.47,10.5,21.4,12,50
43300030160,一般国道３号,大津植木線,一般国道２０８号,43105,0,0.8,熊本市北区植木町岩野,11666,熊本市北区植木町岩野,11217,22883,1.33,1.47,10.3,18,12,50
43300030170,一般国道３号,一般国道２０８号,植木河内港線,43105,0,0.6,熊本市北区植木町投刀塚,9188,熊本市北区植木町投刀塚,7579,16767,1.44,1.19,16.3,20.2,15,50
43300030173,一般国道３号,植木河内港線,,43105,0,0.5,熊本市北区植木町投刀塚,9188,熊本市北区植木町投刀塚,7579,16767,1.44,1.19,25.4,19.1,15,50
43300030175,一般国道３号,,玉名植木線,43105,0,0.3,熊本市北区植木町投刀塚,9188,熊本市北区植木町投刀塚,7579,16767,1.44,1.19,34.1,12.5,15,50
43300030179,一般国道３号,玉名植木線,砂原四方寄線,43105,0,2.3,熊本市北区植木町鐙田,13023,熊本市北区植木町鐙田,11518,24541,1.41,1.61,27.2,12.3,15,50
43300030180,一般国道３号,砂原四方寄線,託麻北部線,43105,0,0.6,熊本市北区四方寄,12998,熊本市北区四方寄,14620,27618,1.41,1.76,14.6,17.2,15,50
43300030185,一般国道３号,託麻北部線,一般国道３号（熊本北バイパス）,43105,0,0.3,熊本市北区四方寄,12998,熊本市北区四方寄,14620,27618,1.41,1.76,10.3,22.5,15,50
43300030190,一般国道３号,一般国道３号（熊本北バイパス）,四方寄熊本線,43105,0,0.4,熊本市北区大窪,8081,熊本市北区大窪,7699,15780,1.45,1.07,9.2,23.3,15,50
43300030200,一般国道３号,四方寄熊本線,一般国道３８７号,43105,0,1.4,熊本市北区大窪,8081,熊本市北区大窪,7699,15780,1.45,0.72,27.5,31.2,19.25,50
43300030210,一般国道３号,一般国道３８７号,熊本菊鹿線,43105,0,1.5,熊本市中央区室園,20839,熊本市中央区室園,19197,40036,1.36,1.03,21.5,23.5,16.75,50
43300030220,一般国道３号,熊本菊鹿線,熊本菊鹿線,43105,0,1.1,熊本市中央区室園,20839,熊本市中央区室園,19197,40036,1.36,0.91,18.4,10.3,23.25,50
43300030230,一般国道３号,熊本菊鹿線,熊本菊鹿線,43101,0,1.4,熊本市中央区室園,20839,熊本市中央区室園,19197,40036,1.36,0.91,21.8,7.3,23.75,50
43300030240,一般国道３号,熊本菊鹿線,熊本玉名線,43101,0,0.5,熊本市中央区草場町,20394,熊本市中央区草場町,22728,43122,1.36,1.1,14.9,9.9,29.75,50
43300030250,一般国道３号,熊本玉名線,瀬田熊本線,43101,0,0.1,熊本市中央区草場町,20394,熊本市中央区草場町,22728,43122,1.36,1.1,11.8,10.9,29.75,50
43300030260,一般国道３号,瀬田熊本線,熊本高森線,43101,0,0.6,熊本市中央区草場町,20394,熊本市中央区草場町,22728,43122,1.36,1.1,18.5,10.3,29.75,50
43300030264,一般国道３号,熊本高森線,,43101,0,0.2,熊本市中央区中央街,16334,熊本市中央区中央街,16493,32827,1.33,1.75,9.7,20.9,20.5,50
43300030267,一般国道３号,,,43101,0,0.2,熊本市中央区中央街,16334,熊本市中央区中央街,16493,32827,1.33,1.75,8.9,25.9,20.5,50
43300030270,一般国道３号,,一般国道２６６号,43101,0,0.6,熊本市中央区中央街,16334,熊本市中央区中央街,16493,32827,1.33,1.75,6.2,21.9,20.5,50
43300030280,一般国道３号,一般国道２６６号,熊本停車場線,43101,0,0.9,熊本市中央区迎町,13680,熊本市中央区迎町,13328,27008,1.33,1.34,9.7,18.8,20.5,50
43300030283,一般国道３号,熊本停車場線,二本木２丁目新大江１丁目第１号線,43101,0,1,熊本市南区近見,19239,熊本市南区近見,18810,38049,1.3,1.16,10.6,15.3,20.5,50
43300030285,一般国道３号,二本木２丁目新大江１丁目第１号線,熊本市中央区・熊本市南区境,43101,0,0.6,熊本市南区近見,19239,熊本市南区近見,18810,38049,1.3,1.16,12.2,26.3,20.5,50
43300030289,一般国道３号,熊本市中央区・熊本市南区境,野中３丁目田迎５丁目第１号線,43104,0,0.9,熊本市南区近見,19239,熊本市南区近見,18810,38049,1.3,1.3,25.7,24.6,20.5,50
43300030290,一般国道３号,野中３丁目田迎５丁目第１号線,一般国道５７号,43104,0,1,熊本市南区近見,19239,熊本市南区近見,18810,38049,1.3,1.3,19.1,16.9,20.5,50
43300030300,一般国道３号,一般国道５７号,川尻宇土線,43104,0,1.1,熊本市南区南高江町,18004,熊本市南区南高江町,18391,36395,1.31,1.09,15.1,20.8,21.5,50
43300030310,一般国道３号,川尻宇土線,神水川尻線,43104,0,0.7,熊本市南区八幡10丁目,19150,熊本市南区八幡10丁目,17909,37059,1.31,1.08,25.2,23.8,23,60
43300030320,一般国道３号,神水川尻線,熊本嘉島線,43104,0,2.3,熊本市南区八幡10丁目,19150,熊本市南区八幡10丁目,17909,37059,1.31,1.08,33.2,33.3,23,60
43300030330,一般国道３号,熊本嘉島線,千町廻江線,43104,0,0.7,熊本市南区富合町杉島,24694,熊本市南区富合町杉島,23770,48464,1.3,1.16,19.6,28.9,26.5,60
43300030340,一般国道３号,千町廻江線,宇土甲佐線,43104,0,3,熊本市南区富合町杉島,24694,熊本市南区富合町杉島,23770,48464,1.3,1.34,28.2,30.8,25,60
43300030350,一般国道３号,宇土甲佐線,熊本市南区・宇土市境,43104,0,0.2,熊本市南区富合町杉島,24694,熊本市南区富合町杉島,23770,48464,1.3,1.34,29,24.9,24.75,60
43300030360,一般国道３号,熊本市南区・宇土市境,一般国道５７号,43211,0,0.6,熊本市南区富合町杉島,24694,熊本市南区富合町杉島,23770,48464,1.3,1.94,29,17.2,25,60
43300030370,一般国道３号,一般国道５７号,宇土市・宇城市境,43211,0,3.3,宇土市立岡町,12561,宇土市立岡町,17923,30484,1.25,1.21,27.7,37,25.5,60
43300030380,一般国道３号,宇土市・宇城市境,一般国道２６６号,43213,0,1.1,宇土市立岡町,12561,宇土市立岡町,17923,30484,1.25,0.89,40.1,45.2,25.5,60
43300030390,一般国道３号,一般国道２６６号,一般国道２１８号,43213,0,1.1,宇城市松橋町久具,9390,宇城市松橋町久具,8614,18004,1.29,0.45,49.6,44.1,26.25,60
43300030400,一般国道３号,一般国道２１８号,,43213,0,1.1,宇城市松橋町久具,9390,宇城市松橋町久具,8614,18004,1.29,0.53,53.6,15.6,23.5,50
43300030410,一般国道３号,,下郷北新田線,43213,0,4.9,宇城市松橋町久具,9390,宇城市松橋町久具,8614,18004,1.29,1.21,26.5,30.9,10.25,50
43300030420,一般国道３号,下郷北新田線,小川停車場線,43213,0,0.6,宇城市小川町江頭,8984,宇城市小川町江頭,9022,18006,1.31,1.36,28.8,24.2,12,50
43300030430,一般国道３号,小川停車場線,小川嘉島線,43213,0,0.6,宇城市小川町江頭,8984,宇城市小川町江頭,9022,18006,1.31,1.42,25.6,23.4,11.5,50
43300030440,一般国道３号,小川嘉島線,,43213,0,0.2,宇城市小川町西北小川,8876,宇城市小川町西北小川,9199,18075,1.31,1.11,21.5,33.1,11,50
43300030450,一般国道３号,,宇城市・氷川町境,43213,0,0.8,宇城市小川町南小川,8889,宇城市小川町南小川,9087,17976,1.31,1.17,32.3,23.8,9.5,50
43300030460,一般国道３号,宇城市・氷川町境,小川八代線,43468,0,0.4,八代郡氷川町野津,10631,八代郡氷川町野津,10219,20850,1.3,1.89,33.4,26.1,11.75,40
43300030470,一般国道３号,小川八代線,鏡宮原線,43468,0,2.6,八代郡氷川町野津,10631,八代郡氷川町野津,10219,20850,1.3,1.89,36,31.2,11.75,40
43300030480,一般国道３号,鏡宮原線,一般国道４４３号,43468,0,0.1,八代郡氷川町野津,9364,八代郡氷川町野津,8383,17747,1.3,1.16,18.5,22.2,11,40
43300030485,一般国道３号,一般国道４４３号,,43468,0,0.4,八代郡氷川町野津,9364,八代郡氷川町野津,8383,17747,1.3,1.16,19.6,27,11,40
43300030490,一般国道３号,,氷川町・八代市境,43468,0,1.5,八代郡氷川町野津,9364,八代郡氷川町野津,8383,17747,1.3,1.16,26.5,25.5,11,40
43300030500,一般国道３号,氷川町・八代市境,千丁停車場興善寺線,43202,0,1.9,八代郡氷川町野津,9364,八代郡氷川町野津,8383,17747,1.3,1.22,43,39.8,10,50
43300030510,一般国道３号,千丁停車場興善寺線,九州縦貫自動車道鹿児島線宮崎線,43202,0,2.4,八代市東片町,7727,八代市東片町,8385,16112,1.3,1.25,38.4,43.8,13.5,50
43300030520,一般国道３号,九州縦貫自動車道鹿児島線宮崎線,八代港線,43202,0,0.2,八代市東片町,12921,八代市東片町,13148,26069,1.27,0.92,42.8,29.4,22.25,50
43300030530,一般国道３号,八代港線,小川八代線,43202,0,1.5,八代市福正元町,11722,八代市福正元町,10871,22593,1.39,1.01,36.4,40.8,23,50
43300030540,一般国道３号,小川八代線,一般国道２１９号,43202,0,0.9,八代市福正元町,11722,八代市福正元町,10871,22593,1.39,1.01,39.9,26.1,23,50
43300030550,一般国道３号,一般国道２１９号,八代鏡宇土線,43202,0,1.2,八代市旭中央通,6824,八代市旭中央通,7147,13971,1.26,0.59,29.3,22.7,23,50
43300030554,一般国道３号,八代鏡宇土線,,43202,0,0.6,八代市旭中央通,6824,八代市旭中央通,7147,13971,1.26,0.59,18.3,19.7,23,50
43300030557,一般国道３号,,,43202,0,1.2,八代市旭中央通,6824,八代市旭中央通,7147,13971,1.26,0.59,24.5,28.2,23,50
43300030560,一般国道３号,,一般国道３号（八代日奈久道路）,43202,0,3.3,八代市平山新町,6758,八代市平山新町,7383,14141,1.28,1.21,24.2,32.7,12,50
43300030570,一般国道３号,一般国道３号（八代日奈久道路）,八代鏡線,43202,0,0.1,八代市平山新町,6758,八代市平山新町,7383,14141,1.28,1.21,26.6,25.2,12,50
43300030580,一般国道３号,八代鏡線,田上日奈久線,43202,0,3.6,八代市日奈久,5485,八代市日奈久,5677,11162,1.25,0.99,43.7,44.7,10,50
43300030590,一般国道３号,田上日奈久線,一般国道３号（八代日奈久道路）,43202,0,1.2,八代市日奈久,5485,八代市日奈久,5677,11162,1.25,0.99,37,34.5,9.75,50
43300030600,一般国道３号,一般国道３号（八代日奈久道路）,二見田浦線,43202,0,2.3,八代市二見洲口町,2953,八代市二見洲口町,2773,5726,1.69,0.37,41.6,45.2,10.25,50
43300030610,一般国道３号,二見田浦線,破木二見線,43202,0,1.6,八代市二見洲口町,2953,八代市二見洲口町,2773,5726,1.69,0.37,49.3,46.7,10.25,50
43300030620,一般国道３号,破木二見線,球磨田浦線,43202,0,4.6,八代市二見本町,1380,八代市二見本町,1395,2775,1.17,0.29,53.9,53,11,50
43300030630,一般国道３号,球磨田浦線,八代市・芦北町境,43202,0,0.4,八代市二見本町,1380,八代市二見本町,1395,2775,1.17,0.29,43.9,53,11,50
43300030640,一般国道３号,八代市・芦北町境,一般国道３号日奈久芦北道路,43482,0,1.9,八代市二見本町,1380,八代市二見本町,1395,2775,1.17,0.41,43.9,48.8,12.75,50
43300030650,一般国道３号,一般国道３号日奈久芦北道路,二見田浦線,43482,0,0.3,葦北郡芦北町,1972,葦北郡芦北町,1961,3933,1.18,0.39,27.1,26.9,9.75,50
43300030660,一般国道３号,二見田浦線,田浦港線,43482,0,1.3,葦北郡芦北町,1972,葦北郡芦北町,1961,3933,1.18,0.39,43.9,41.8,9.75,50
43300030670,一般国道３号,田浦港線,水俣田浦線,43482,0,3.7,葦北郡芦北町,1972,葦北郡芦北町,1961,3933,1.18,0.39,47.9,46,9.75,50
43300030680,一般国道３号,水俣田浦線,芦北球磨線,43482,0,3.2,葦北郡芦北町,1972,葦北郡芦北町,1961,3933,1.18,0.51,26.8,27.7,7.75,50
43300030690,一般国道３号,芦北球磨線,水俣田浦線,43482,0,0.8,葦北郡芦北町大字大川内字倉谷平,1830,葦北郡芦北町大字大川内字倉谷平,2009,3839,1.26,0.43,26.8,27.7,11.5,50
43300030700,一般国道３号,水俣田浦線,天月湯浦線,43482,0,2.4,葦北郡芦北町大字大川内字倉谷平,1830,葦北郡芦北町大字大川内字倉谷平,2009,3839,1.26,0.43,42.4,42.1,11.5,50
43300030710,一般国道３号,天月湯浦線,水俣田浦線,43482,0,0.1,葦北郡芦北町大字大川内字倉谷平,1830,葦北郡芦北町大字大川内字倉谷平,2009,3839,1.26,0.46,36.1,35.5,9.5,50
43300030720,一般国道３号,水俣田浦線,芦北町・津奈木町境,43482,0,5.1,葦北郡芦北町大字大川内字倉谷平,1830,葦北郡芦北町大字大川内字倉谷平,2009,3839,1.26,0.46,40.8,38.9,9.5,50
43300030725,一般国道３号,芦北町・津奈木町境,一般国道３号（芦北出水道路）,43484,0,2.8,葦北郡芦北町大字大川内字倉谷平,1830,葦北郡芦北町大字大川内字倉谷平,2009,3839,1.26,0.42,40.8,48.8,10.5,50
43300030730,一般国道３号,一般国道３号（芦北出水道路）,深川津奈木線,43484,0,1.9,葦北郡芦北町大字大川内字倉谷平,1830,葦北郡芦北町大字大川内字倉谷平,2009,3839,1.26,0.42,48.9,48.8,10.5,50
43300030740,一般国道３号,深川津奈木線,水俣田浦線,43484,0,1.2,水俣市初野,4166,水俣市初野,3880,8046,1.16,0.67,31.6,30.6,12.75,50
43300030750,一般国道３号,水俣田浦線,水俣田浦線,43484,0,1.4,水俣市初野,4166,水俣市初野,3880,8046,1.16,0.6,42.7,40.5,9.75,50
43300030760,一般国道３号,水俣田浦線,津奈木町・水俣市境,43484,0,0.4,水俣市初野,4166,水俣市初野,3880,8046,1.16,0.84,36.9,42.9,11.5,50
43300030770,一般国道３号,津奈木町・水俣市境,一般国道３号（芦北出水道路）,43205,0,2.6,水俣市初野,4166,水俣市初野,3880,8046,1.16,0.66,29.3,24.1,11.5,50
43300030780,一般国道３号,一般国道３号（芦北出水道路）,水俣田浦線,43205,0,1.2,水俣市わらび野,8545,水俣市わらび野,8257,16802,1.24,1.7,34.4,21.9,15,50
43300030790,一般国道３号,水俣田浦線,水俣出水線,43205,0,0.7,水俣市わらび野,8545,水俣市わらび野,8257,16802,1.24,1.53,15.4,22.9,14.75,40
43300030800,一般国道３号,水俣出水線,水俣港線,43205,0,2,水俣市わらび野,8545,水俣市わらび野,8257,16802,1.24,1.53,23.9,24.7,14.75,40
43300030810,一般国道３号,水俣港線,一般国道３号,43205,0,5.6,水俣市袋,7229,水俣市袋,7051,14280,1.27,1.13,36.9,42,12.25,50
43300030970,一般国道３号（植木バイパス）,一般国道２０８号,玉名植木線,43105,0,1.5,熊本市北区植木町平野,3303,熊本市北区植木町平野,3426,6729,1.28,0.81,33.9,37.7,10.5,40
43300031040,一般国道３号（植木バイパス）,玉名植木線,玉名植木線,43105,0,0.7,熊本市北区植木町滴水,2752,熊本市北区植木町滴水,2728,5480,1.34,0.43,37.8,43.2,10.5,40
43300030985,一般国道３号（熊本北バイパス）,一般国道３号,託麻北部線,43105,0,0.5,熊本市北区四方寄町,6088,熊本市北区四方寄町,6859,12947,1.3,0.92,12.2,46.8,13,60
43300030990,一般国道３号（熊本北バイパス）,託麻北部線,一般国道３８７号,43105,0,1.3,熊本市北区四方寄町,6088,熊本市北区四方寄町,6859,12947,1.3,0.92,49.6,53.3,13,60
43300030830,一般国道３号（熊本北バイパス）,一般国道３８７号,合志市・熊本市北区境,43216,0,0.9,熊本市北区清水新地5丁目,16312,熊本市北区清水新地5丁目,16414,32726,1.3,1.03,51.1,15.8,19,60
43300030840,一般国道３号（熊本北バイパス）,合志市・熊本市北区境,熊本大津線,43105,0,0.3,熊本市北区清水新地5丁目,16312,熊本市北区清水新地5丁目,16414,32726,1.3,1.03,35,8.2,27,60
43300030850,一般国道３号（熊本北バイパス）,熊本大津線,託麻北部線,43105,0,0.5,熊本市北区清水岩倉,16146,熊本市北区清水岩倉,16984,33130,1.3,1.04,17.1,7.1,27,60
43300030860,一般国道３号（熊本北バイパス）,託麻北部線,託麻北部線,43105,0,0.6,熊本市北区清水岩倉,16146,熊本市北区清水岩倉,16984,33130,1.3,1.33,10.1,25.2,26,60
43300030870,一般国道３号（熊本北バイパス）,託麻北部線,熊本菊陽線,43105,0,2,熊本市北区清水岩倉,16146,熊本市北区清水岩倉,16984,33130,1.3,1.33,29.7,42.4,26,60
43300030875,一般国道３号（熊本北バイパス）,熊本菊陽線,熊本市北区・熊本市東区境,43105,0,0.7,熊本市北区清水岩倉,16146,熊本市北区清水岩倉,16984,33130,1.3,1.33,35,16.2,26,60
43300030880,一般国道３号（熊本北バイパス）,熊本市北区・熊本市東区境,瀬田熊本線,43102,0,0.5,熊本市北区清水岩倉,16146,熊本市北区清水岩倉,16984,33130,1.3,1.22,38.3,7.2,26,60
43300030890,一般国道３号（熊本北バイパス）,瀬田熊本線,一般国道５７号,43102,0,0.4,熊本市北区清水岩倉,16146,熊本市北区清水岩倉,16984,33130,1.3,0.84,13.4,6.6,35.5,60
43300030910,一般国道３号（八代日奈久道路）,九州縦貫自動車道鹿児島線宮崎線,一般国道３号,43202,1,6.6,八代JCT～八代南,2707,八代JCT～八代南,2360,5067,1.23,0.47,82.3,81.5,10.5,70
43300030920,一般国道３号（八代日奈久道路）,一般国道３号,一般国道３号,43202,1,5.4,八代南～日奈久,2558,八代南～日奈久,2267,4825,1.22,0.51,63.2,72.9,10.5,70
43300030930,一般国道３号日奈久芦北道路,一般国道３号,八代市・芦北町境,43202,1,6.8,八代市二見赤松町,7541,八代市二見赤松町,7171,14712,1.26,1.41,73.9,73.9,9.5,70
43300030940,一般国道３号日奈久芦北道路,八代市・芦北町境,一般国道３号,43482,1,2,八代市二見赤松町,7541,八代市二見赤松町,7171,14712,1.26,1.41,70.5,74.4,9.5,70
43300030950,一般国道３号日奈久芦北道路,一般国道３号,芦北球磨線,43482,1,8,葦北郡芦北町花岡,6374,葦北郡芦北町花岡,6139,12513,1.25,1.48,72.8,74.4,9.5,70
43300031010,一般国道３号（芦北出水道路）,芦北球磨線,芦北町・津奈木町境,43482,1,5.6,葦北郡津奈木町,5416,葦北郡津奈木町,5093,10509,1.25,0.87,74.2,75.5,9.5,70
43300031020,一般国道３号（芦北出水道路）,芦北町・津奈木町境,一般国道３号,43484,1,2.1,葦北郡津奈木町,5416,葦北郡津奈木町,5093,10509,1.25,0.87,77.7,79,9.5,70
43300031060,一般国道３号（芦北出水道路）,一般国道３号,津奈木町・水俣市境,43484,1,3.7,水俣市大迫,5315,水俣市大迫,5033,10348,1.26,0.99,77.7,77.2,9.5,70
43300031070,一般国道３号（芦北出水道路）,津奈木町・水俣市境,一般国道３号,43205,1,1.9,水俣市大迫,5315,水俣市大迫,5033,10348,1.26,0.99,52.7,31.6,9.5,70
43300570010,一般国道５７号,一般国道５７号,高森波野線,43214,0,2.6,阿蘇郡産山村,1779,阿蘇郡産山村,1975,3754,1.29,0.56,60.9,57.3,11.5,50
43300570020,一般国道５７号,高森波野線,産山小池野線,43214,0,0.1,阿蘇郡産山村,1779,阿蘇郡産山村,1975,3754,1.29,0.56,41.9,44.7,11.5,50
43300570030,一般国道５７号,産山小池野線,南小国波野線,43214,0,1.8,阿蘇郡産山村,1779,阿蘇郡産山村,1975,3754,1.29,0.56,51.9,46.7,11.5,50
43300570040,一般国道５７号,南小国波野線,一般国道２６５号,43214,0,9.1,阿蘇郡産山村,1779,阿蘇郡産山村,1975,3754,1.29,0.56,53.9,51.5,11.5,50
43300570050,一般国道５７号,一般国道２６５号,別府一の宮線,43214,0,2,阿蘇市一の宮町坂梨,3716,阿蘇市一の宮町坂梨,3791,7507,1.22,0.73,38.5,36.5,11.5,50
43300570060,一般国道５７号,別府一の宮線,一般国道２１２号,43214,0,3.2,阿蘇市西町,7813,阿蘇市西町,7431,15244,1.2,1.08,27.9,31.8,12,50
43300570070,一般国道５７号,一般国道２１２号,阿蘇吉田線,43214,0,0.4,阿蘇市黒川,6159,阿蘇市黒川,6133,12292,1.2,0.84,27.7,21.8,12,50
43300570080,一般国道５７号,阿蘇吉田線,内牧停車場乙姫線,43214,0,3.2,阿蘇市黒川,6159,阿蘇市黒川,6133,12292,1.2,0.84,37.5,43.4,12,50
43300570085,一般国道５７号,内牧停車場乙姫線,一般国道５７号（北側復旧道路）,43214,0,5,阿蘇市永草,6583,阿蘇市永草,5218,11801,1.2,1,37.8,45.6,10,50
43300570090,一般国道５７号,一般国道５７号（北側復旧道路）,河陰阿蘇線,43214,0,0.7,阿蘇郡南阿蘇村立野,4063,阿蘇郡南阿蘇村立野,4107,8170,1.16,0.81,27.6,45.5,10,50
43300570100,一般国道５７号,河陰阿蘇線,菊池赤水線,43214,0,0.2,阿蘇郡南阿蘇村立野,4063,阿蘇郡南阿蘇村立野,4107,8170,1.16,0.81,34.8,25.7,10,50
43300570110,一般国道５７号,菊池赤水線,阿蘇市・南阿蘇村境,43214,0,0.6,阿蘇郡南阿蘇村立野,4063,阿蘇郡南阿蘇村立野,4107,8170,1.16,0.81,40,47.9,10,50
43300570120,一般国道５７号,阿蘇市・南阿蘇村境,阿蘇公園下野線,43433,0,0.9,阿蘇郡南阿蘇村立野,4063,阿蘇郡南阿蘇村立野,4107,8170,1.16,0.81,46.7,41.1,10,50
43300570130,一般国道５７号,阿蘇公園下野線,,43433,0,2.2,阿蘇郡南阿蘇村立野,4063,阿蘇郡南阿蘇村立野,4107,8170,1.16,0.93,50.5,51.6,10,50
43300570135,一般国道５７号,,一般国道３２５号,43433,0,0.6,阿蘇郡南阿蘇村立野,4063,阿蘇郡南阿蘇村立野,4107,8170,1.16,0.93,45.3,42.6,10,50
43300570140,一般国道５７号,一般国道３２５号,立野停車場線,43433,0,1.4,阿蘇郡南阿蘇村,5511,阿蘇郡南阿蘇村,6343,11854,1.16,0.35,39.1,52.7,21.25,50
43300570150,一般国道５７号,立野停車場線,瀬田竜田線,43433,0,1.5,阿蘇郡南阿蘇村,5511,阿蘇郡南阿蘇村,6343,11854,1.16,0.35,55.3,59.5,21.25,50
43300570160,一般国道５７号,瀬田竜田線,,43433,0,0.5,阿蘇郡南阿蘇村,5511,阿蘇郡南阿蘇村,6343,11854,1.16,0.35,54,63.5,21.25,50
43300570170,一般国道５７号,,南阿蘇村・大津町境,43433,0,0.1,菊池郡大津町吹田,8865,菊池郡大津町吹田,9136,18001,1.33,0.52,65.2,67.4,21.25,50
43300570180,一般国道５７号,南阿蘇村・大津町境,外牧大林線,43403,0,3.4,菊池郡大津町吹田,8865,菊池郡大津町吹田,9136,18001,1.33,0.72,62.2,66.9,16.25,60
43300570190,一般国道５７号,外牧大林線,山西大津線,43403,0,1.8,菊池郡大津町吹田,8865,菊池郡大津町吹田,9136,18001,1.33,0.71,47.5,42.6,25.5,50
43300570200,一般国道５７号,山西大津線,大津植木線（現道）,43403,0,0.3,菊池郡大津町引水,9482,菊池郡大津町引水,11612,21094,1.24,0.82,18,33.8,21,50
43300570205,一般国道５７号,大津植木線（現道）,矢護川大津線,43403,0,1.5,菊池郡大津町室,12967,菊池郡大津町室,14541,27508,1.24,0.78,35,42.2,21,50
43300570210,一般国道５７号,矢護川大津線,矢護川大津線,43403,0,0.5,菊池郡大津町室,12967,菊池郡大津町室,14541,27508,1.24,0.78,32.6,32.3,21,50
43300570220,一般国道５７号,矢護川大津線,一般国道３２５号,43403,0,1.4,菊池郡大津町室,12967,菊池郡大津町室,14541,27508,1.24,0.78,27.9,29.3,21,50
43300570230,一般国道５７号,一般国道３２５号,大津町・菊陽町境,43403,0,0.2,菊池郡菊陽町津久礼,14079,菊池郡菊陽町津久礼,13964,28043,1.26,0.86,34.2,47.6,21,50
43300570240,一般国道５７号,大津町・菊陽町境,熊本菊陽線,43404,0,0.5,菊池郡菊陽町津久礼,14079,菊池郡菊陽町津久礼,13964,28043,1.26,0.66,40.7,37.3,26,50
43300570250,一般国道５７号,熊本菊陽線,曲手原水線,43404,0,1.8,菊池郡菊陽町津久礼,14079,菊池郡菊陽町津久礼,13964,28043,1.26,0.66,32.5,29.9,26,50
43300570260,一般国道５７号,曲手原水線,辛川鹿本線,43404,0,3.1,菊池郡菊陽町津久礼,14079,菊池郡菊陽町津久礼,13964,28043,1.26,1.07,24.4,31,30,60
43300570270,一般国道５７号,辛川鹿本線,辛川鹿本線,43404,0,0.7,菊池郡菊陽町津久礼,14079,菊池郡菊陽町津久礼,13964,28043,1.26,1.07,33.2,13.8,30,60
43300570280,一般国道５７号,辛川鹿本線,菊陽町・熊本市北区境,43404,0,0.4,菊池郡菊陽町津久礼,13598,菊池郡菊陽町津久礼,11149,24747,1.26,0.74,12.6,28.4,30,60
43300570290,一般国道５７号,菊陽町・熊本市北区境,一般国道５７号（分岐ランプ部）,43105,0,0.6,菊池郡菊陽町津久礼,13598,菊池郡菊陽町津久礼,11149,24747,1.26,0.79,20.5,23.4,38,50
43300570295,一般国道５７号,一般国道５７号（分岐ランプ部）,熊本市北区・熊本市東区境,43105,0,0.7,熊本市東区下南部,22529,熊本市東区下南部,21282,43811,1.31,1.46,46.5,42.1,26.75,50
43300570300,一般国道５７号,熊本市北区・熊本市東区境,瀬田熊本線,43102,0,0.5,熊本市東区下南部,22529,熊本市東区下南部,21282,43811,1.31,1.22,45.4,27.7,26.75,50
43300570310,一般国道５７号,瀬田熊本線,九州縦貫自動車道鹿児島線宮崎線,43102,0,1.3,熊本市東区下南部,22529,熊本市東区下南部,21282,43811,1.31,1.22,25.5,23.5,26.75,50
43300570320,一般国道５７号,九州縦貫自動車道鹿児島線宮崎線,小池竜田線,43102,0,0.4,熊本市東区下南部,22529,熊本市東区下南部,21282,43811,1.31,1.22,40.7,13.5,26.75,50
43300570325,一般国道５７号,小池竜田線,,43102,0,1.3,熊本市東区下南部,22529,熊本市東区下南部,21282,43811,1.31,1.22,24.8,19.5,26.75,50
43300570330,一般国道５７号,,一般国道３号（熊本北バイパス）,43102,0,1.2,熊本市東区下南部,22529,熊本市東区下南部,21282,43811,1.31,1.22,25.7,10.3,26.75,50
43300570340,一般国道５７号,一般国道３号（熊本北バイパス）,熊本空港線,43102,0,0.6,熊本市東区西原,34047,熊本市東区西原,31885,65932,1.31,1.27,18.1,8.4,30.5,50
43300570350,一般国道５７号,熊本空港線,本荘５丁目帯山９丁目第１号線,43102,0,0.4,熊本市東区西原,34047,熊本市東区西原,31885,65932,1.31,1.27,22,8,30.5,50
43300570354,一般国道５７号,本荘５丁目帯山９丁目第１号線,,43101,0,0.7,熊本市中央区帯山2丁目,29606,熊本市中央区帯山2丁目,28229,57835,1.31,1.21,13,9.5,37.75,60
43300570357,一般国道５７号,,,43101,0,0.2,熊本市中央区帯山2丁目,29606,熊本市中央区帯山2丁目,28229,57835,1.31,1.21,16.1,11.9,37.75,60
43300570360,一般国道５７号,,戸島熊本線,43101,0,0.1,熊本市中央区帯山2丁目,29606,熊本市中央区帯山2丁目,28229,57835,1.31,1.21,14.2,12.6,37.75,60
43300570365,一般国道５７号,戸島熊本線,,43101,0,0.4,熊本市中央区水前寺6丁目,27561,熊本市中央区水前寺6丁目,26137,53698,1.31,1.64,13.6,19.9,37.75,60
43300570370,一般国道５７号,,熊本益城大津線,43101,0,0.7,熊本市中央区水前寺6丁目,27561,熊本市中央区水前寺6丁目,26137,53698,1.31,1.64,14,12.5,37.75,60
43300570375,一般国道５７号,熊本益城大津線,,43101,0,0.4,熊本市中央区水前寺6丁目,27561,熊本市中央区水前寺6丁目,26137,53698,1.31,1.39,9.8,23.9,36.25,60
43300570380,一般国道５７号,,熊本高森線,43101,0,0.1,熊本市中央区水前寺6丁目,27561,熊本市中央区水前寺6丁目,26137,53698,1.31,1.39,13.5,15.5,36.25,60
43300570385,一般国道５７号,熊本高森線,熊本市中央区・熊本市東区境,43101,0,0.1,熊本市東区湖東3丁目,27078,熊本市東区湖東3丁目,28581,55659,1.31,1.41,10.2,27,36,60
43300570390,一般国道５７号,熊本市中央区・熊本市東区境,神水川尻線,43102,0,0.3,熊本市東区湖東3丁目,27078,熊本市東区湖東3丁目,28581,55659,1.31,1.41,9.9,27.2,36,60
43300570395,一般国道５７号,神水川尻線,熊本市東区・熊本市中央区境,43102,0,0.5,熊本市東区湖東3丁目,27078,熊本市東区湖東3丁目,28581,55659,1.31,1.41,7.2,25,36,60
43300570400,一般国道５７号,熊本市東区・熊本市中央区境,熊本空港線,43101,0,0.1,熊本市東区湖東3丁目,27078,熊本市東区湖東3丁目,28581,55659,1.31,1.41,8.7,14.1,36,60
43300570410,一般国道５７号,熊本空港線,熊本空港線,43102,0,0.5,熊本市東区湖東3丁目,27078,熊本市東区湖東3丁目,28581,55659,1.31,1.76,9.7,17.6,36,60
43300570414,一般国道５７号,熊本空港線,熊本市東区・熊本市中央区境,43102,0,0.5,熊本市東区湖東3丁目,27078,熊本市東区湖東3丁目,28581,55659,1.31,1.76,10.7,13.8,36,60
43300570417,一般国道５７号,熊本市東区・熊本市中央区境,熊本市中央区・熊本市南区境,43101,0,0.3,熊本市東区湖東3丁目,27078,熊本市東区湖東3丁目,28581,55659,1.31,1.76,15.1,10.9,36,60
43300570420,一般国道５７号,熊本市中央区・熊本市南区境,一般国道２６６号,43104,0,0.4,熊本市東区湖東3丁目,27078,熊本市東区湖東3丁目,28581,55659,1.31,1.76,28.5,8.2,36,60
43300570430,一般国道５７号,一般国道２６６号,熊本浜線,43104,0,0.5,熊本市南区近見6丁目,21130,熊本市南区近見6丁目,20158,41288,1.31,1.17,13.1,16.3,47.5,60
43300570440,一般国道５７号,熊本浜線,田迎木原線,43104,0,1.4,熊本市南区近見6丁目,21130,熊本市南区近見6丁目,20158,41288,1.31,1.11,11.8,22.2,36,60
43300570450,一般国道５７号,田迎木原線,一般国道３号,43104,0,1.5,熊本市南区近見6丁目,21130,熊本市南区近見6丁目,20158,41288,1.31,1.11,29.5,22.6,36,60
43300570465,一般国道５７号,一般国道３号,,43211,0,0.5,宇土市築籠町,7874,宇土市築籠町,8956,16830,1.3,1.45,9.1,24.7,8.75,50
43300570470,一般国道５７号,,一般国道５０１号,43211,0,1.6,宇土市築籠町,7874,宇土市築籠町,8956,16830,1.3,1.45,21.5,27.1,8.75,50
43300570475,一般国道５７号,一般国道５０１号,,43211,0,2.4,宇土市城塚町,9944,宇土市城塚町,10656,20600,1.24,1.26,38.6,43.5,10,60
43300570480,一般国道５７号,,宇土不知火線,43211,0,2.3,宇土市城塚町,9944,宇土市城塚町,10656,20600,1.24,1.26,38.5,39.1,10,60
43300570490,一般国道５７号,宇土不知火線,郡浦網田線,43211,0,7.7,宇土市塩屋,7748,宇土市塩屋,7656,15404,1.26,0.97,48.9,50,11,60
43300570500,一般国道５７号,郡浦網田線,宇土市・宇城市境,43211,0,4.6,宇城市三角町,6733,宇城市三角町,6242,12975,1.33,0.95,52.5,52.1,11,50
43300570505,一般国道５７号,宇土市・宇城市境,一般国道２６６号（三角大矢野道路）,43213,0,8,宇城市三角町,6733,宇城市三角町,6242,12975,1.33,0.97,49.3,48.6,11.5,50
43300570510,一般国道５７号,一般国道２６６号（三角大矢野道路）,一般国道２６６号,43213,0,0.3,宇城市三角町三角浦,3858,宇城市三角町三角浦,3464,7322,1.19,0.71,28.1,28.4,11.5,40
43300570520,一般国道５７号,一般国道２６６号,一般国道２６６号,43213,0,0.8,宇城市三角町三角浦,3858,宇城市三角町三角浦,3464,7322,1.19,0.6,26.8,32.1,11.5,30
43300570540,一般国道５７号（分岐ランプ部）,一般国道５７号,住吉熊本線,43105,0,0.1,熊本市北区龍田町弓削4丁目,11426,熊本市北区龍田町弓削4丁目,11718,23144,1.29,1.06,22,26.6,22,50
43300570560,一般国道５７号（北側復旧道路）,一般国道５７号,菊池赤水線,43214,1,2.9,阿蘇市赤水,4210,阿蘇市赤水,4486,8696,1.27,0.69,,,12,80
43300570570,一般国道５７号（北側復旧道路）,菊池赤水線,阿蘇市・大津町境,43214,1,1.7,阿蘇市車帰,5971,阿蘇市車帰,6660,12631,1.27,1.02,,,12,80
43300570580,一般国道５７号（北側復旧道路）,阿蘇市・大津町境,北外輪山大津線,43403,1,3,阿蘇市車帰,5971,阿蘇市車帰,6660,12631,1.27,1.02,,,12,80
43300570590,一般国道５７号（北側復旧道路）,北外輪山大津線,北外輪山大津線,43403,1,4.3,菊池郡大津町大津,3322,菊池郡大津町大津,4760,8082,1.27,0.61,,,12,80
43302080005,一般国道２０８号,一般国道３号,一般国道３号（植木バイパス）,43105,0,1.1,熊本市植木町富応,5421,熊本市植木町富応,6451,11872,1.34,0.92,15.6,31.6,9.31,50
43302080010,一般国道２０８号,一般国道３号（植木バイパス）,山鹿植木線,43105,0,5.2,熊本市植木町富応,5421,熊本市植木町富応,6451,11872,1.34,0.92,43.6,42.6,9.31,50
43302080020,一般国道２０８号,山鹿植木線,熊本田原坂線,43105,0,0.2,熊本市植木町富応,5421,熊本市植木町富応,6451,11872,1.34,0.95,37.4,15.4,10,50
43302080030,一般国道２０８号,熊本田原坂線,熊本市北区・玉東町境,43105,0,0.2,熊本市北区植木町鈴麦,10269,熊本市北区植木町鈴麦,10494,20763,1.3,1.42,16.6,28,10,50
43302080040,一般国道２０８号,熊本市北区・玉東町境,部田見木葉線,43364,0,0.8,玉名郡玉東町,11153,玉名郡玉東町,10554,21707,1.3,1.44,34.2,27.9,9,40
43302080050,一般国道２０８号,部田見木葉線,稲佐津留玉名線,43364,0,2.2,玉名郡玉東町,11153,玉名郡玉東町,10554,21707,1.3,1.63,25.2,24.8,9.5,40
43302080060,一般国道２０８号,稲佐津留玉名線,玉東町・玉名市境,43364,0,0,玉名郡玉東町,11153,玉名郡玉東町,10554,21707,1.3,1.63,21.2,43.2,9.5,40
43302080070,一般国道２０８号,玉東町・玉名市境,肥後伊倉停車場田崎線,43206,0,0.3,玉名郡玉東町,11153,玉名郡玉東町,10554,21707,1.3,1.68,21,30.6,11,50
43302080080,一般国道２０８号,肥後伊倉停車場田崎線,寺田岱明線,43206,0,1.7,玉名郡玉東町,11153,玉名郡玉東町,10554,21707,1.3,1.68,28.9,29.3,11,50
43302080240,一般国道２０８号（玉名バイパス）,寺田岱明線,稲佐津留玉名線,43206,0,1.9,玉名市寺田,5693,玉名市寺田,5757,11450,1.21,0.8,37.4,46.4,11.25,60
43302080250,一般国道２０８号（玉名バイパス）,稲佐津留玉名線,玉名立花線,43206,0,0.4,玉名市河崎,6666,玉名市河崎,6310,12976,1.21,0.9,46.7,33.4,22,60
43302080260,一般国道２０８号（玉名バイパス）,玉名立花線,玉名八女線,43206,0,0.9,玉名市河崎,6666,玉名市河崎,6310,12976,1.21,0.9,37.5,28.6,22,60
43302080270,一般国道２０８号（玉名バイパス）,玉名八女線,玉名停車場立願寺線,43206,0,1,玉名市山田,6125,玉名市山田,6840,12965,1.21,1.03,23.7,19.1,24,60
43302080280,一般国道２０８号（玉名バイパス）,玉名停車場立願寺線,寺田岱明線,43206,0,4.2,玉名市山田,6125,玉名市山田,6840,12965,1.21,1.03,33.9,41.7,24,60
43302080140,一般国道２０８号,寺田岱明線,大野下停車場西照寺線,43206,0,0.8,玉名市岱明町,9682,玉名市岱明町,9469,19151,1.23,1.54,20.7,28.2,10.25,50
43302080150,一般国道２０８号,大野下停車場西照寺線,玉名市・荒尾市境,43206,0,0,玉名市岱明町,9682,玉名市岱明町,9469,19151,1.23,1.14,16.8,23.7,9,50
43302080160,一般国道２０８号,玉名市・荒尾市境,金山櫟野線,43204,0,1.3,荒尾市金山,8845,荒尾市金山,8829,17674,1.25,1.23,20.3,30.6,9.25,50
43302080170,一般国道２０８号,金山櫟野線,荒尾長洲線（新道）,43204,0,2.6,荒尾市金山,8845,荒尾市金山,8829,17674,1.25,1.23,33.6,28.5,9.25,50
43302080180,一般国道２０８号,荒尾長洲線（新道）,大牟田荒尾線,43204,0,4.1,荒尾市揚増永,7565,荒尾市揚増永,7429,14994,1.23,1.05,32.1,27.4,9.5,50
43302080190,一般国道２０８号,大牟田荒尾線,平山荒尾線,43204,0,1.2,荒尾市万田,6688,荒尾市万田,7811,14499,1.23,1.12,22.9,30.5,15.25,40
43302080200,一般国道２０８号,平山荒尾線,荒尾南関線,43204,0,1.7,荒尾市万田,6688,荒尾市万田,7811,14499,1.23,1.12,36.2,28.5,15.25,40
43302080210,一般国道２０８号,荒尾南関線,荒尾南関線,43204,0,0.1,荒尾市原万田,8404,荒尾市原万田,8067,16471,1.28,1.14,18.3,20,15.25,40
43302080220,一般国道２０８号,荒尾南関線,一般国道２０８号,43204,0,0.8,荒尾市原万田,8404,荒尾市原万田,8067,16471,1.28,0.97,17.9,25.8,17.75,50
43302120010,一般国道２１２号,一般国道２１２号,北里宮原線,43424,0,6.7,,1878,,1714,3592,1.21,0.45,53,52.9,12.5,50
43302120020,一般国道２１２号,北里宮原線,小国停車場線,43424,0,0.9,,1878,,1714,3592,1.21,0.45,51.2,49.2,12.5,50
43302120030,一般国道２１２号,小国停車場線,一般国道３８７号,43424,0,0.8,,1878,,1714,3592,1.21,0.45,45.6,36.6,12.5,50
43302120040,一般国道２１２号,一般国道３８７号,小国町・南小国町境,43424,0,2.1,阿蘇郡小国町宮原字関田,5241,阿蘇郡小国町宮原字関田,5093,10334,1.24,0.79,33.2,34,14.6,50
43302120050,一般国道２１２号,小国町・南小国町境,南小国波野線,43423,0,1.1,阿蘇郡小国町宮原字関田,5241,阿蘇郡小国町宮原字関田,5093,10334,1.24,0.76,45.6,43.5,12,50
43302120060,一般国道２１２号,南小国波野線,南小国上津江線,43423,0,0.7,阿蘇郡小国町宮原字関田,5241,阿蘇郡小国町宮原字関田,5093,10334,1.24,0.76,37.9,35.4,12,50
43302120070,一般国道２１２号,南小国上津江線,南小国町・阿蘇市境,43423,0,6.6,阿蘇郡小国町宮原字関田,5241,阿蘇郡小国町宮原字関田,5093,10334,1.24,0.76,56.6,57.9,12,50
43302120080,一般国道２１２号,南小国町・阿蘇市境,天瀬阿蘇線,43214,0,2.9,阿蘇郡小国町宮原字関田,5241,阿蘇郡小国町宮原字関田,5093,10334,1.24,0.74,58.9,56.3,11,60
43302120090,一般国道２１２号,天瀬阿蘇線,天瀬阿蘇線,43214,0,0.5,阿蘇郡小国町宮原字関田,5241,阿蘇郡小国町宮原字関田,5093,10334,1.24,0.74,47.3,49.7,11,60
43302120100,一般国道２１２号,天瀬阿蘇線,阿蘇一の宮線,43214,0,6.5,阿蘇市小里字湯山,1908,阿蘇市小里字湯山,1854,3762,1.21,0.46,42,41,10.5,40
43302120110,一般国道２１２号,阿蘇一の宮線,河陰阿蘇線,43214,0,0.6,阿蘇市小里字湯山,1908,阿蘇市小里字湯山,1854,3762,1.21,0.46,31.3,28.2,10.5,40
43302120120,一般国道２１２号,河陰阿蘇線,一般国道５７号,43214,0,5.1,,4882,,4346,9228,1.24,0.74,41.6,38.6,15,50
43302180010,一般国道２１８号,一般国道３号,九州縦貫自動車道鹿児島線宮崎線,43213,0,1,宇城市松橋町浦川内,10751,宇城市松橋町浦川内,10226,20977,1.28,1.6,22.4,26,9.5,50
43302180020,一般国道２１８号,九州縦貫自動車道鹿児島線宮崎線,中小野浦川内線,43213,0,0.5,宇城市松橋町浦川内,10751,宇城市松橋町浦川内,10226,20977,1.28,1.6,21.9,26.9,9.5,50
43302180030,一般国道２１８号,中小野浦川内線,小川嘉島線,43213,0,2.6,宇城市松橋町浦川内,10751,宇城市松橋町浦川内,10226,20977,1.28,1.6,43.2,44.6,9.5,50
43302180040,一般国道２１８号,小川嘉島線,宇城市・美里町境,43213,0,3.4,下益城郡美里町菅野,3438,下益城郡美里町菅野,3389,6827,1.17,0.66,40.6,44.1,10.5,50
43302180050,一般国道２１８号,宇城市・美里町境,甲佐小川線,43348,0,2.3,下益城郡美里町菅野,3438,下益城郡美里町菅野,3389,6827,1.17,0.59,36.9,36.6,10.3,50
43302180060,一般国道２１８号,甲佐小川線,甲佐小川線,43348,0,0.6,下益城郡美里町菅野,3438,下益城郡美里町菅野,3389,6827,1.17,0.59,46.9,46.4,10.3,50
43302180070,一般国道２１８号,甲佐小川線,一般国道４４３号,43348,0,1.4,下益城郡美里町菅野,3438,下益城郡美里町菅野,3389,6827,1.17,0.59,47,41.4,10.3,50
43302180080,一般国道２１８号,一般国道４４３号,一般国道４４３号,43348,0,0.9,下益城郡美里町菅野,3438,下益城郡美里町菅野,3389,6827,1.17,0.59,35.8,38,10.3,50
43302180085,一般国道２１８号,一般国道４４３号,一般国道４４３号,43348,0,0.2,下益城郡美里町二和田,3852,下益城郡美里町二和田,3367,7219,1.24,0.69,45.2,44.3,12,50
43302180090,一般国道２１８号,一般国道４４３号,囲砥用線,43348,0,1.2,下益城郡美里町二和田,3852,下益城郡美里町二和田,3367,7219,1.24,0.69,47.7,41.5,12,50
43302180100,一般国道２１８号,囲砥用線,一般国道４４５号,43348,0,4.2,下益城郡美里町二和田,3852,下益城郡美里町二和田,3367,7219,1.24,0.69,46.3,47.9,12,50
43302180110,一般国道２１８号,一般国道４４５号,清和砥用線,43348,0,0.6,上益城郡山都町白小野,2071,上益城郡山都町白小野,2007,4078,1.22,0.56,42.9,45.3,11.5,50
43302180120,一般国道２１８号,清和砥用線,三本松甲佐線,43348,0,4.6,上益城郡山都町白小野,2071,上益城郡山都町白小野,2007,4078,1.22,0.56,52.7,52.3,11.5,50
43302180130,一般国道２１８号,三本松甲佐線,美里町・山都町境,43348,0,3.7,上益城郡山都町白小野,2071,上益城郡山都町白小野,2007,4078,1.22,0.56,54.3,54.4,11.5,50
43302180140,一般国道２１８号,美里町・山都町境,,43447,0,3.8,上益城郡山都町白小野,2071,上益城郡山都町白小野,2007,4078,1.22,0.5,55.7,55.9,12,50
43302180150,一般国道２１８号,,南田内大臣線,43447,0,2.3,,2535,,2594,5129,1.22,0.72,52.1,49.1,12,50
43302180160,一般国道２１８号,南田内大臣線,一般国道４４５号,43447,0,0.8,,2535,,2594,5129,1.22,0.72,25.5,21.9,12,50
43302180170,一般国道２１８号,一般国道４４５号,矢部阿蘇公園線,43447,0,1.3,上益城郡山都町川野,3161,上益城郡山都町川野,3089,6250,1.22,0.57,28.1,28.1,10.8,50
43302180180,一般国道２１８号,矢部阿蘇公園線,河内矢部線,43447,0,1.4,上益城郡山都町川野,3161,上益城郡山都町川野,3089,6250,1.22,0.57,39.9,41.5,10.8,50
43302180190,一般国道２１８号,河内矢部線,長原川野線,43447,0,2.5,上益城郡山都町川野,3161,上益城郡山都町川野,3089,6250,1.22,0.57,51.7,51.7,10.8,50
43302180200,一般国道２１８号,長原川野線,小峯川内線,43447,0,0.7,上益城郡山都町川野,3161,上益城郡山都町川野,3089,6250,1.22,0.57,55.9,57.4,10.8,50
43302180210,一般国道２１８号,小峯川内線,清和砥用線,43447,0,5.8,上益城郡山都町川野,3161,上益城郡山都町川野,3089,6250,1.22,0.57,51.2,53,10.8,50
43302180220,一般国道２１８号,清和砥用線,仏原高森線,43447,0,1.3,上益城郡山都町川野,3161,上益城郡山都町川野,3089,6250,1.22,0.57,38.5,50.6,10.8,50
43302180230,一般国道２１８号,仏原高森線,清和高森線,43447,0,0.9,上益城郡山都町川野,3161,上益城郡山都町川野,3089,6250,1.22,0.57,51.7,50.3,10.8,50
43302180240,一般国道２１８号,清和高森線,一般国道２６５号,43447,0,4.9,,1571,,1548,3119,1.21,0.31,53.7,55.8,10,50
43302180250,一般国道２１８号,一般国道２６５号,一般国道２６５号,43447,0,0.8,上益城郡山都町馬見原,1733,上益城郡山都町馬見原,1857,3590,1.14,0.47,39.7,38.9,10,50
43302180260,一般国道２１８号,一般国道２６５号,一般国道２１８号,43447,0,2.9,上益城郡山都町馬見原,1733,上益城郡山都町馬見原,1857,3590,1.14,0.47,46.7,53.5,10,50
43302190010,一般国道２１９号,一般国道３号,小鶴原女木線,43202,0,6.7,八代市渡町,6743,八代市渡町,6441,13184,1.19,1.34,34.4,33.8,10.5,50
43302190020,一般国道２１９号,小鶴原女木線,坂本人吉線,43202,0,3.5,八代市渡町,6743,八代市渡町,6441,13184,1.19,1.34,33.5,35.6,10.5,50
43302190030,一般国道２１９号,坂本人吉線,芦北坂本線,43202,0,4.6,,1868,,2238,4106,1.21,0.95,36.5,37.1,11.6,50
43302190040,一般国道２１９号,芦北坂本線,中津道八代線,43202,0,4.1,,1868,,2238,4106,1.21,0.95,45.2,34.1,11.6,50
43302190050,一般国道２１９号,中津道八代線,八代市・球磨村境,43202,0,0.6,,1430,,1218,2648,1.2,0.2,41.3,49.2,10.2,50
43302190060,一般国道２１９号,八代市・球磨村境,球磨田浦線,43513,0,11.2,,1430,,1218,2648,1.2,0.21,42.7,44.4,10.5,50
43302190070,一般国道２１９号,球磨田浦線,芦北球磨線,43513,0,2.6,,1430,,1218,2648,1.2,0.21,37.8,38.2,10.5,50
43302190080,一般国道２１９号,芦北球磨線,,43513,0,2.3,,4061,,3967,8028,1.23,0.57,43.8,39.4,12,50
43302190090,一般国道２１９号,,,43513,0,1.3,,4061,,3967,8028,1.23,0.57,59.4,63.9,12,50
43302190100,一般国道２１９号,,高沢一勝地線,43513,0,3.6,,4061,,3967,8028,1.23,0.57,44.9,46.9,12,50
43302190110,一般国道２１９号,高沢一勝地線,高沢一勝地線,43513,0,0.2,,4061,,3967,8028,1.23,0.57,41.6,31.4,12,50
43302190120,一般国道２１９号,高沢一勝地線,遠原渡線,43513,0,4.9,,4061,,3967,8028,1.23,0.57,49.4,49,12,50
43302190130,一般国道２１９号,遠原渡線,球磨村・人吉市境,43513,0,2.5,人吉市下林町,4475,人吉市下林町,5124,9599,1.24,0.79,43.1,43.5,10.6,50
43302190140,一般国道２１９号,球磨村・人吉市境,一般国道４４５号,43203,0,2.9,人吉市下林町,4475,人吉市下林町,5124,9599,1.24,0.86,26.6,26.6,16,50
43302190150,一般国道２１９号,一般国道４４５号,人吉水俣線,43203,0,0.9,人吉市下林町,4475,人吉市下林町,5124,9599,1.24,0.86,16.2,25.1,16,50
43302190160,一般国道２１９号,人吉水俣線,一般国道２６７号,43203,0,2.5,人吉市下林町,4475,人吉市下林町,5124,9599,1.24,0.86,35.3,38.7,16,50
43302190170,一般国道２１９号,一般国道２６７号,上漆田東間下線,43203,0,0.7,人吉市蟹作町,9044,人吉市蟹作町,8828,17872,1.26,1.19,28.3,27.4,13.6,50
43302190175,一般国道２１９号,上漆田東間下線,人吉SICアクセス,43203,0,0.4,人吉市蟹作町,9044,人吉市蟹作町,8828,17872,1.26,1.19,26,27.7,13.6,50
43302190180,一般国道２１９号,人吉SICアクセス,人吉市・錦町境,43203,0,1.1,人吉市蟹作町,9044,人吉市蟹作町,8828,17872,1.26,1.19,31.3,27.3,13.6,50
43302190190,一般国道２１９号,人吉市・錦町境,一般国道２１９号,43501,0,0.9,人吉市蟹作町,9044,人吉市蟹作町,8828,17872,1.26,1.42,31,30.9,12.4,50
43302190200,一般国道２１９号,一般国道２１９号,一般国道２２１号,43501,0,0.1,人吉市蟹作町,9044,人吉市蟹作町,8828,17872,1.26,1.42,34,40.8,12.4,50
43302190210,一般国道２１９号,一般国道２２１号,一般国道２１９号,43501,0,0.2,人吉市蟹作町,9044,人吉市蟹作町,8828,17872,1.26,1.42,23.6,38.4,12.4,50
43302190220,一般国道２１９号,一般国道２１９号,大畑西線,43501,0,1.2,人吉市蟹作町,9044,人吉市蟹作町,8828,17872,1.26,1.42,35.8,28.6,12.4,50
43302190230,一般国道２１９号,大畑西線,,43501,0,3,人吉市蟹作町,9044,人吉市蟹作町,8828,17872,1.26,1.42,25.3,24.6,12.4,50
43302190240,一般国道２１９号,,覚井一武線,43501,0,0.6,,7993,,7758,15751,1.26,1.3,22.5,24.2,12.8,50
43302190250,一般国道２１９号,覚井一武線,錦町・あさぎり町境,43501,0,1.5,,7993,,7758,15751,1.26,1.3,38.7,41,12.8,50
43302190260,一般国道２１９号,錦町・あさぎり町境,多良木相良線,43514,0,4.4,,7993,,7758,15751,1.26,1.17,41.1,42.9,14.3,50
43302190270,一般国道２１９号,多良木相良線,多良木相良線,43514,0,0.4,球磨郡多良木町横馬場,6211,球磨郡多良木町横馬場,6085,12296,1.25,1.03,20.4,20.7,9.6,50
43302190280,一般国道２１９号,多良木相良線,川瀬免田線,43514,0,0.8,球磨郡多良木町横馬場,6211,球磨郡多良木町横馬場,6085,12296,1.25,1.03,25,21.8,9.6,50
43302190290,一般国道２１９号,川瀬免田線,あさぎり町・多良木町境,43514,0,2.2,球磨郡多良木町横馬場,6211,球磨郡多良木町横馬場,6085,12296,1.25,1.03,33.4,32.4,9.6,50
43302190300,一般国道２１９号,あさぎり町・多良木町境,中河間多良木線,43505,0,1.8,球磨郡多良木町横馬場,6211,球磨郡多良木町横馬場,6085,12296,1.25,1.05,30.2,26.5,9.6,50
43302190310,一般国道２１９号,中河間多良木線,梶屋多良木線,43505,0,0.4,球磨郡多良木町横馬場,6211,球磨郡多良木町横馬場,6085,12296,1.25,1.05,19.8,19.5,9.6,50
43302190320,一般国道２１９号,梶屋多良木線,五木多良木線,43505,0,0.6,球磨郡多良木町横馬場,6211,球磨郡多良木町横馬場,6085,12296,1.25,1.05,29.8,28.4,9.6,50
43302190330,一般国道２１９号,五木多良木線,多良木町・湯前町境,43505,0,2.7,球磨郡湯前町中里,3097,球磨郡湯前町中里,3051,6148,1.22,0.54,38,34.6,10,50
43302190340,一般国道２１９号,多良木町・湯前町境,西の園中里線,43506,0,1.3,球磨郡湯前町中里,3097,球磨郡湯前町中里,3051,6148,1.22,0.57,40.6,35.2,9.5,50
43302190350,一般国道２１９号,西の園中里線,,43506,0,0.1,球磨郡湯前町中里,3097,球磨郡湯前町中里,3051,6148,1.22,0.57,41.1,31.8,9.5,50
43302190360,一般国道２１９号,,一般国道３８８号,43506,0,0.3,球磨郡湯前町中里,3097,球磨郡湯前町中里,3051,6148,1.22,0.57,29.5,23.7,9.5,50
43302190370,一般国道２１９号,一般国道３８８号,幸野染田線,43506,0,0.1,球磨郡湯前町猪鹿倉,404,球磨郡湯前町猪鹿倉,362,766,1.15,0.14,19.9,23.4,11.8,50
43302190380,一般国道２１９号,幸野染田線,一般国道２１９号,43506,0,8.5,球磨郡湯前町猪鹿倉,404,球磨郡湯前町猪鹿倉,362,766,1.15,0.14,42.2,48.3,11.8,50
43302190440,一般国道２１９号,一般国道２１９号,一般国道２１９号,43501,0,0.3,,7843,,7413,15256,1.26,1.72,41.7,,7.4,50
43302210010,一般国道２２１号,一般国道２１９号,錦町・人吉市境,43501,0,0.2,,2279,,1830,4109,1.21,0.63,31.5,25.6,13.5,50
43302210020,一般国道２２１号,錦町・人吉市境,上漆田東間下線,43203,0,2.7,,2279,,1830,4109,1.21,0.59,51.8,48.3,12,50
43302210030,一般国道２２１号,上漆田東間下線,大畑停車場線,43203,0,1,,2279,,1830,4109,1.21,0.59,48,47.8,12,50
43302210040,一般国道２２１号,大畑停車場線,一般国道２２１号,43203,0,9.9,人吉市大畑町大谷,1502,人吉市大畑町大谷,1221,2723,1.21,0.81,60.5,60.6,10,50
43302650010,一般国道２６５号,一般国道２６５号,一般国道２１８号,43447,0,1,,1225,,1121,2346,1.2,0.21,40.6,35.5,10,50
43302650030,一般国道２６５号,一般国道２１８号,清和高森線,43447,0,3.5,上益城郡山都町柏,1380,上益城郡山都町柏,1358,2738,1.12,0.43,49,50.6,11,50
43302650040,一般国道２６５号,清和高森線,河内矢部線,43447,0,5.8,上益城郡山都町柏,1380,上益城郡山都町柏,1358,2738,1.12,0.43,51,51.8,11,50
43302650050,一般国道２６５号,河内矢部線,一般国道３２５号,43447,0,7.7,上益城郡山都町柏,1380,上益城郡山都町柏,1358,2738,1.12,0.43,55.7,57.6,11,50
43302650060,一般国道２６５号,一般国道３２５号,山都町・高森町境,43447,0,0.7,上益城郡山都町柏,1380,上益城郡山都町柏,1358,2738,1.12,0.43,47.1,47.2,11,50
43302650070,一般国道２６５号,山都町・高森町境,熊本高森線,43428,0,2.7,上益城郡山都町柏,1380,上益城郡山都町柏,1358,2738,1.12,0.44,42.8,43.6,13.5,50
43302650080,一般国道２６５号,熊本高森線,一般国道３２５号,43428,0,1.9,上益城郡山都町柏,1380,上益城郡山都町柏,1358,2738,1.12,0.44,40,38.1,13.5,50
43302650090,一般国道２６５号,一般国道３２５号,高森町・阿蘇市境,43428,0,10.2,,1445,,1424,2869,1.21,0.32,48.6,45,10,50
43302650100,一般国道２６５号,高森町・阿蘇市境,上色見草部線,43214,0,0,,1445,,1424,2869,1.21,0.29,19,28.4,9,40
43302650110,一般国道２６５号,上色見草部線,小池野永谷線,43214,0,1.8,,1445,,1424,2869,1.21,0.29,46.1,47.2,9,40
43302650120,一般国道２６５号,小池野永谷線,河原新波野線,43214,0,2.5,,1445,,1424,2869,1.21,0.29,43,48.6,9,40
43302650130,一般国道２６５号,河原新波野線,一般国道５７号,43214,0,6.9,,1445,,1424,2869,1.21,0.29,45.6,44.2,9,40
43302660010,一般国道２６６号,牛深天草線,本渡牛深線,43215,0,3.4,天草市牛深町大池田,4590,天草市牛深町大池田,4623,9213,1.24,0.71,30.3,28.7,18,60
43302660020,一般国道２６６号,本渡牛深線,深海線,43215,0,6.6,,5429,,5510,10939,1.24,0.84,53.9,56.6,15,60
43302660030,一般国道２６６号,深海線,一般国道３８９号,43215,0,6.8,,5429,,5510,10939,1.24,0.84,56.5,56.2,15,60
43302660040,一般国道２６６号,一般国道３８９号,新合高浜港線,43215,0,2.7,,3005,,3150,6155,1.22,0.83,45.9,51.1,14,60
43302660050,一般国道２６６号,新合高浜港線,宮野河内新合線,43215,0,2,,3005,,3150,6155,1.22,0.83,53.5,57.4,14,60
43302660060,一般国道２６６号,宮野河内新合線,大多尾新合線,43215,0,2.3,,3005,,3150,6155,1.22,0.83,58.4,59.2,14,60
43302660070,一般国道２６６号,大多尾新合線,大宮地宮地岳線,43215,0,4.3,,3005,,3150,6155,1.22,0.83,57.6,58.8,14,60
43302660080,一般国道２６６号,大宮地宮地岳線,宮地岳本渡線,43215,0,0.8,天草市宮地岳町豆木場,3215,天草市宮地岳豆木場,3467,6682,1.24,0.68,60.2,60.9,11.5,60
43302660090,一般国道２６６号,宮地岳本渡線,都呂々宮地岳線,43215,0,2.4,天草市宮地岳町豆木場,3215,天草市宮地岳豆木場,3467,6682,1.24,0.68,54,56,11.5,60
43302660100,一般国道２６６号,都呂々宮地岳線,本渡下田線（旧有料道路）,43215,0,1.7,天草市亀場町食場,7484,天草市亀場町食場,7496,14980,1.24,1.06,52.4,53.4,15.5,60
43302660104,一般国道２６６号,本渡下田線（旧有料道路）,,43215,0,6.6,天草市亀場町食場,7484,天草市亀場町食場,7496,14980,1.24,1.06,54.4,50.9,15.5,60
43302660107,一般国道２６６号,,,43215,0,1.6,天草市亀場町食場,7484,天草市亀場町食場,7496,14980,1.24,1.06,29.9,34,15.5,60
43302660110,一般国道２６６号,,一般国道３２４号,43215,0,1.4,天草市亀場町食場,7484,天草市亀場町食場,7496,14980,1.24,1.06,23.6,16.5,15.5,60
43302660120,一般国道２６６号,一般国道３２４号,一般国道３２４号,43215,0,0.9,,15994,,15250,31244,1.3,1.97,30.8,19.8,15.5,60
43302660130,一般国道２６６号,一般国道３２４号,下浦馬場線,43215,0,5.9,天草市下浦町平床,4746,天草市下浦町平床,4522,9268,1.24,0.93,31.6,43.4,11,50
43302660140,一般国道２６６号,下浦馬場線,下浦馬場線,43215,0,2.1,天草市下浦町平床,4746,天草市下浦町平床,4522,9268,1.24,0.93,51.1,53.3,11,50
43302660150,一般国道２６６号,下浦馬場線,松島馬場線,43215,0,0.5,天草市下浦町平床,4746,天草市下浦町平床,4522,9268,1.24,0.93,26.4,28.3,11,50
43302660160,一般国道２６６号,松島馬場線,有明倉岳線,43215,0,10.1,天草市倉岳町棚底,1401,天草市倉岳町棚底,1381,2782,1.21,0.32,52,52.2,11.5,60
43302660170,一般国道２６６号,有明倉岳線,天草市・上天草市境,43215,0,3.3,,1711,,1837,3548,1.21,0.4,31.9,33.9,8,60
43302660174,一般国道２６６号,天草市・上天草市境,,43212,0,8.1,,1711,,1837,3548,1.21,0.34,44.4,45.6,11,60
43302660560,一般国道２６６号,,,43212,0,1.1,上天草市龍ヶ岳町高戸,1148,上天草市龍ヶ岳町高戸,1253,2401,1.2,0.27,51.6,51.4,12,60
43302660180,一般国道２６６号,,姫戸港教良木線,43212,0,5.9,上天草市姫戸町姫浦,1784,上天草市姫戸町姫浦,1909,3693,1.21,0.39,50.1,49,11.5,50
43302660190,一般国道２６６号,姫戸港教良木線,,43212,0,1.3,上天草市姫戸町姫浦,1784,上天草市姫戸町姫浦,1909,3693,1.21,0.39,48.9,47.4,11.5,50
43302660200,一般国道２６６号,,,43212,0,0.3,上天草市松島町阿村,2828,上天草市松島町阿村,3173,6001,1.23,0.58,51.6,51.8,11,40
43302660210,一般国道２６６号,,,43212,0,3,上天草市松島町阿村,2828,上天草市松島町阿村,3173,6001,1.23,0.58,58.1,60.2,11,40
43302660220,一般国道２６６号,,,43212,0,0.8,上天草市松島町阿村,2828,上天草市松島町阿村,3173,6001,1.23,0.58,58.1,60.2,11,40
43302660230,一般国道２６６号,,一般国道３２４号,43212,0,8.9,上天草市松島町阿村,2828,上天草市松島町阿村,3173,6001,1.23,0.58,53,48.1,11,40
43302660240,一般国道２６６号,一般国道３２４号,一般国道３２４号（松島有料道路）,43212,0,1.1,,8324,,8560,16884,1.26,1.34,37.7,30.6,10,50
43302660250,一般国道２６６号,一般国道３２４号（松島有料道路）,満越城本線,43212,0,3.8,上天草市大矢野町登立,3114,上天草市大矢野町登立,2618,5732,1.32,0.5,44.6,43.3,12,60
43302660255,一般国道２６６号,満越城本線,,43212,0,3.6,上天草市大矢野町登立,3114,上天草市大矢野町登立,2618,5732,1.32,0.5,46.3,47.8,12,60
43302660260,一般国道２６６号,,満越城本線,43212,0,0.6,上天草市大矢野町登立,3114,上天草市大矢野町登立,2618,5732,1.32,0.5,29.3,35.1,12,60
43302660265,一般国道２６６号,満越城本線,,43212,0,0.6,上天草市大矢野町登立,3114,上天草市大矢野町登立,2618,5732,1.32,0.5,32.3,31.7,12,60
43302660269,一般国道２６６号,,一般国道２６６号（三角大矢野道路）,43212,0,2.4,上天草市大矢野町登立,3114,上天草市大矢野町登立,2618,5732,1.32,0.5,33.7,37.3,12,60
43302660270,一般国道２６６号,一般国道２６６号（三角大矢野道路）,上天草市・宇城市境,43212,0,3.7,上天草市大矢野町登立,3114,上天草市大矢野町登立,2618,5732,1.32,0.5,41.6,43.7,12,60
43302660280,一般国道２６６号,上天草市・宇城市境,一般国道５７号,43213,0,0.9,上天草市大矢野町登立,3114,上天草市大矢野町登立,2618,5732,1.32,0.57,46.1,36.2,8.6,60
43302660300,一般国道２６６号,一般国道５７号,郡浦網田線,43213,0,6.6,宇城市三角町前越,4439,宇城市三角町前越,4459,8898,1.24,0.86,43,41.1,11.5,50
43302660310,一般国道２６６号,郡浦網田線,宇土不知火線,43213,0,9.6,宇城市三角町里浦,4155,宇城市三角町里浦,4353,8508,1.26,0.63,47.7,49,10.5,50
43302660320,一般国道２６６号,宇土不知火線,八代不知火線,43213,0,6.2,宇城市松橋町松橋,6361,宇城市松橋町松橋,6683,13044,1.26,0.84,43.8,40.7,12,50
43302660324,一般国道２６６号,八代不知火線,,43213,0,0.5,宇城市松橋町松橋,6361,宇城市松橋町松橋,6683,13044,1.26,0.84,11.5,25.7,12,50
43302660327,一般国道２６６号,,,43213,0,0.2,宇城市松橋町松橋,6361,宇城市松橋町松橋,6683,13044,1.26,0.84,16.5,22.4,12,50
43302660330,一般国道２６６号,,松橋停車場線,43213,0,0.2,宇城市松橋町松橋,6361,宇城市松橋町松橋,6683,13044,1.26,0.84,12.5,14.8,12,50
43302660340,一般国道２６６号,松橋停車場線,八代鏡宇土線,43213,0,0.2,宇城市松橋町松橋,6361,宇城市松橋町松橋,6683,13044,1.26,0.84,18.8,11.2,12,50
43302660350,一般国道２６６号,八代鏡宇土線,一般国道３号,43213,0,2,宇城市松橋町曲野,6111,宇城市松橋町曲野,5850,11961,1.23,0.99,17.5,20.3,10.3,50
43302660360,一般国道２６６号,一般国道３号,松橋インター線,43213,0,3.2,宇城市松橋町曲野,6111,宇城市松橋町曲野,5850,11961,1.23,0.99,38.3,43.2,10.3,50
43302660370,一般国道２６６号,松橋インター線,,43213,0,0.1,,7569,,7381,14950,1.26,1,24.4,34.2,11,50
43302660380,一般国道２６６号,,宇土甲佐線,43104,0,2.6,熊本市南区城南町東阿高,10176,熊本市南区城南町東阿高,6394,16570,1.27,1.48,40.4,36.6,11,50
43302660390,一般国道２６６号,宇土甲佐線,宇土甲佐線,43104,0,0.2,熊本市南区城南町舞原,8618,熊本市南区城南町舞原,7874,16492,1.35,1.03,19,9.6,12,50
43302660400,一般国道２６６号,宇土甲佐線,今吉野甲佐線,43104,0,2.5,熊本市南区城南町舞原,8618,熊本市南区城南町舞原,7874,16492,1.35,1.03,26.3,30.2,12,50
43302660405,一般国道２６６号,今吉野甲佐線,,43104,0,0.1,熊本市南区城南町舞原,8618,熊本市南区城南町舞原,7874,16492,1.35,1.03,21.4,20.7,12,50
43302660410,一般国道２６６号,,千町廻江線,43104,0,0.9,熊本市南区城南町舞原,8618,熊本市南区城南町舞原,7874,16492,1.35,1.03,28.9,16.2,12,50
43302660420,一般国道２６６号,千町廻江線,,43104,0,0.7,熊本市南区城南町舞原,8618,熊本市南区城南町舞原,7874,16492,1.35,1.03,29.5,11.4,12,50
43302660430,一般国道２６６号,,熊本嘉島線,43442,0,0.3,上益城郡嘉島町鯰,10271,上益城郡嘉島町鯰,8547,18818,1.28,1.42,28.3,12.2,16,50
43302660434,一般国道２６６号,熊本嘉島線,,43442,0,0.2,上益城郡嘉島町鯰,10271,上益城郡嘉島町鯰,8547,18818,1.28,1.42,15,24.5,16,50
43302660437,一般国道２６６号,,,43442,0,0.5,上益城郡嘉島町鯰,10271,上益城郡嘉島町鯰,8547,18818,1.28,1.42,19,15.6,16,50
43302660440,一般国道２６６号,,一般国道４４５号,43442,0,0.7,上益城郡嘉島町鯰,10271,上益城郡嘉島町鯰,8547,18818,1.28,1.42,18.6,16.7,16,50
43302660450,一般国道２６６号,一般国道４４５号,,43442,0,0.4,上益城郡嘉島町鯰,10271,上益城郡嘉島町鯰,8547,18818,1.28,1.42,21.3,16.3,16,50
43302660460,一般国道２６６号,,熊本空港線,43102,0,0.1,熊本市東区画図町下無田,21185,熊本市東区画図町下無田,21601,42786,1.31,0.87,23.5,13.4,18.8,50
43302660470,一般国道２６６号,熊本空港線,神水川尻線,43102,0,1.5,熊本市東区画図町大字重富,18528,熊本市東区画図町大字重富,17990,36518,1.31,0.9,27.5,20.8,25,50
43302660475,一般国道２６６号,神水川尻線,熊本市東区・熊本市南区境,43102,0,0.1,熊本市東区画図町大字重富,18528,熊本市東区画図町大字重富,17990,36518,1.31,0.9,26.5,10.2,25,50
43302660480,一般国道２６６号,熊本市東区・熊本市南区境,一般国道５７号,43104,0,0.5,熊本市東区画図町大字重富,18528,熊本市東区画図町大字重富,17990,36518,1.31,0.9,25.6,8.7,25,50
43302660483,一般国道２６６号,一般国道５７号,野中３丁目田迎５丁目第１号線,43104,0,1.3,熊本市中央区八王寺町,17238,熊本市中央区八王寺町,18045,35283,1.3,1.03,14.4,12.7,20,50
43302660485,一般国道２６６号,野中３丁目田迎５丁目第１号線,熊本市南区・熊本市中央区境,43104,0,0.2,熊本市中央区八王寺町,17238,熊本市中央区八王寺町,18045,35283,1.3,1.03,7.5,17.1,20,50
43302660484,一般国道２６６号,熊本市南区・熊本市中央区境,,43101,0,1,熊本市中央区八王寺町,17238,熊本市中央区八王寺町,18045,35283,1.3,1.03,11.8,11.2,20,50
43302660487,一般国道２６６号,,二本木２丁目新大江１丁目第１号線,43101,0,0.1,熊本市中央区八王寺町,17238,熊本市中央区八王寺町,18045,35283,1.3,1.03,16,7.1,20,50
43302660490,一般国道２６６号,二本木２丁目新大江１丁目第１号線,熊本浜線,43101,0,0.3,熊本市中央区八王寺町,17238,熊本市中央区八王寺町,18045,35283,1.3,1.03,8.8,19.3,20,50
43302660495,一般国道２６６号,熊本浜線,本荘５丁目帯山９丁目第１号線,43101,0,0.7,熊本市中央区南熊本4丁目,14313,熊本市中央区南熊本4丁目,12095,26408,1.29,0.66,9.2,16.2,30,50
43302660500,一般国道２６６号,本荘５丁目帯山９丁目第１号線,一般国道３号,43101,0,0.4,熊本市中央区南熊本4丁目,14313,熊本市中央区南熊本4丁目,12095,26408,1.29,0.66,12.1,15.3,30,50
43302660580,一般国道２６６号,,,43212,0,0.4,,,,,,,,31.8,35.4,7,30
43302660620,一般国道２６６号（三角大矢野道路）,一般国道２６６号,上天草市・宇城市境,43212,1,2.6,上天草市大矢野町登立,5762,上天草市大矢野町登立,6256,12018,1.25,0.58,28.7,52.5,10.5,60
43302660630,一般国道２６６号（三角大矢野道路）,上天草市・宇城市境,一般国道５７号,43213,1,1.1,上天草市大矢野町登立,5762,上天草市大矢野町登立,6256,12018,1.25,0.58,49.5,39.4,10.5,60
43302660650,一般国道２６６号,,,43215,0,0.5,,,,,,,,,,9.5,40
43302670010,一般国道２６７号,一般国道２１９号,一般国道２６７号,43203,0,14.5,人吉市西間上町,2317,人吉市西間上町,2100,4417,1.21,0.55,44.2,44.6,9.3,50
43302680010,一般国道２６８号,一般国道３号,深川津奈木線,43205,0,4.3,水俣市中鶴,2990,水俣市中鶴,2770,5760,1.23,0.58,45.1,46.1,12,50
43302680020,一般国道２６８号,深川津奈木線,人吉水俣線,43205,0,1.6,水俣市中鶴,2990,水俣市中鶴,2770,5760,1.23,0.58,46.2,42.2,12,50
43302680030,一般国道２６８号,人吉水俣線,越小場湯浦線,43205,0,6.2,水俣市中鶴,2990,水俣市中鶴,2770,5760,1.23,0.58,56.7,55.1,12,50
43302680040,一般国道２６８号,越小場湯浦線,一般国道２６８号,43205,0,3.3,水俣市中鶴,2990,水俣市中鶴,2770,5760,1.23,0.58,63.1,59.7,12,50
43303240010,一般国道３２４号,,一般国道３８９号,43531,0,2,,2229,,2379,4608,1.22,0.52,36.5,25.2,11,50
43303240020,一般国道３２４号,一般国道３８９号,円通寺志岐線,43531,0,0.7,,2229,,2379,4608,1.22,0.52,42.6,37.7,11,50
43303240030,一般国道３２４号,円通寺志岐線,本渡苓北線,43531,0,0.5,,2229,,2379,4608,1.22,0.52,26.5,26.8,11,50
43303240040,一般国道３２４号,本渡苓北線,坂瀬川御領線,43531,0,4.4,,2229,,2379,4608,1.22,0.52,44.4,47.3,11,50
43303240050,一般国道３２４号,坂瀬川御領線,苓北町・天草市境,43531,0,3.1,,2229,,2379,4608,1.22,0.52,55,54.2,11,50
43303240060,一般国道３２４号,苓北町・天草市境,本渡五和線,43215,0,2,,2229,,2379,4608,1.22,0.54,35.4,40.3,13,50
43303240070,一般国道３２４号,本渡五和線,坂瀬川鬼池港線,43215,0,4.4,天草市五和町宮津,2164,天草市五和町宮津,2186,4350,1.21,0.42,57.1,58.6,11,40
43303240080,一般国道３２４号,坂瀬川鬼池港線,,43215,0,4.4,天草市五和町宮津,2164,天草市五和町宮津,2186,4350,1.21,0.42,46.3,52.1,11,40
43303240090,一般国道３２４号,,坂瀬川御領線,43215,0,1.3,天草市本渡町本戸馬場,9284,天草市本渡町本戸馬場,7465,16749,1.26,1.5,37.5,37.3,13.5,50
43303240092,一般国道３２４号,坂瀬川御領線,,43215,0,4.5,天草市本渡町本戸馬場,9284,天草市本渡町本戸馬場,7465,16749,1.26,1.5,37.8,37.3,13.5,50
43303240094,一般国道３２４号,,,43215,0,0.1,天草市本渡町本戸馬場,9284,天草市本渡町本戸馬場,7465,16749,1.26,1.5,19.7,14.1,13.5,50
43303240096,一般国道３２４号,,,43215,0,0.4,天草市本渡町本戸馬場,9284,天草市本渡町本戸馬場,7465,16749,1.26,1.5,17.9,20,13.5,50
43303240098,一般国道３２４号,,,43215,0,0.6,天草市本渡町本戸馬場,9284,天草市本渡町本戸馬場,7465,16749,1.26,1.5,21.4,18,13.5,50
43303240100,一般国道３２４号,,本渡下田線,43215,0,0.5,天草市太田町,12918,天草市太田町,9496,22414,1.26,1.89,19.5,18.6,13.5,50
43303240105,一般国道３２４号,本渡下田線,,43215,0,1.1,天草市太田町,12918,天草市太田町,9496,22414,1.26,1.89,24.9,13.3,13.5,50
43303240110,一般国道３２４号,,本渡牛深線,43215,0,0.2,天草市太田町,12918,天草市太田町,9496,22414,1.26,1.89,22.5,10.8,13.5,50
43303240120,一般国道３２４号,本渡牛深線,一般国道２６６号,43215,0,0.1,天草市太田町,12918,天草市太田町,9496,22414,1.26,1.89,16.6,7.5,13.5,50
43303240140,一般国道３２４号,一般国道２６６号,河内上津浦港線,43215,0,10.4,天草市志柿町野添,6940,天草市志柿町野添,7119,14059,1.25,1.18,29.4,51.1,12,60
43303240150,一般国道３２４号,河内上津浦港線,一般国道３２４号,43215,0,1.7,天草市有明町須子,1198,天草市有明町須子,1264,2462,1.2,0.27,52.7,54.6,11.5,60
43303240160,一般国道３２４号,一般国道３２４号,大浦港線,43215,0,7.6,天草市有明町須子,1198,天草市有明町須子,1264,2462,1.2,0.27,50.5,52.8,11.5,60
43303240170,一般国道３２４号,大浦港線,有明倉岳線,43215,0,1.5,天草市有明町須子,1198,天草市有明町須子,1264,2462,1.2,0.27,53.3,54.5,11.5,60
43303240180,一般国道３２４号,有明倉岳線,天草市・上天草市境,43215,0,2.1,天草市有明町須子,1198,天草市有明町須子,1264,2462,1.2,0.27,55.9,52.8,11.5,60
43303240190,一般国道３２４号,天草市・上天草市境,一般国道３２４号,43212,0,0.7,天草市有明町須子,1198,天草市有明町須子,1264,2462,1.2,0.3,32.1,40.8,8,40
43303240200,一般国道３２４号,一般国道３２４号,教良木知十港線,43212,0,0.4,天草市有明町須子,1198,天草市有明町須子,1264,2462,1.2,0.3,32.4,28.6,8,40
43303240210,一般国道３２４号,教良木知十港線,一般国道３２４号,43212,0,0.3,天草市松島町合津,4480,天草市松島町合津,5503,9983,1.16,0.9,32.1,39.6,11,50
43303240220,一般国道３２４号,一般国道３２４号,松島馬場線,43212,0,2,天草市松島町合津,4480,天草市松島町合津,5503,9983,1.16,0.9,51.9,53.5,11,50
43303240230,一般国道３２４号,松島馬場線,一般国道２６６号,43212,0,3,天草市松島町合津,4480,天草市松島町合津,5503,9983,1.16,0.9,44.6,45.4,11,50
43303240250,一般国道３２４号,一般国道３２４号,天草市・上天草市境,43215,1,8.7,,3489,,3768,7257,1.23,0.82,63.3,62.7,12,70
43303240260,一般国道３２４号,天草市・上天草市境,一般国道３２４号,43212,1,0.3,,3489,,3768,7257,1.23,0.82,70.5,72.2,12,70
43303240270,一般国道３２４号,一般国道３２４号,一般国道３２４号,43212,1,1.5,,1680,,1702,3382,1.21,0.29,80.4,79.7,12,70
43303240280,一般国道３２４号（松島有料道路）,一般国道３２４号,一般国道２６６号,43212,1,3.2,松島有料道路料金所,1924,松島有料道路料金所,2184,4108,1.21,0.44,78.3,75.5,12,70
43303250010,一般国道３２５号,一般国道３号,方保田山鹿線,43208,0,0.6,山鹿市鹿本町御宇田,7524,山鹿市鹿本町御宇田,7362,14886,1.2,1.19,13.8,15.1,10.7,50
43303250015,一般国道３２５号,方保田山鹿線,,43208,0,0.4,山鹿市鹿本町御宇田,7524,山鹿市鹿本町御宇田,7362,14886,1.2,1.19,19.1,22.5,10.7,50
43303250020,一般国道３２５号,,田底鹿本線,43208,0,3.6,山鹿市鹿本町御宇田,7524,山鹿市鹿本町御宇田,7362,14886,1.2,1.19,28.3,25,10.7,50
43303250030,一般国道３２５号,田底鹿本線,津留鹿本線,43208,0,0.7,山鹿市鹿本町御宇田,7524,山鹿市鹿本町御宇田,7362,14886,1.2,1.19,32.8,28,10.7,50
43303250040,一般国道３２５号,津留鹿本線,日田鹿本線,43208,0,0.7,山鹿市鹿本町来民590番地,9101,山鹿市鹿本町来民590番地,9087,18188,1.27,1.41,26.3,20.3,10,50
43303250050,一般国道３２５号,日田鹿本線,山鹿市・菊池市境,43208,0,2,山鹿市鹿本町来民,8027,山鹿市鹿本町来民,7996,16023,1.26,1.65,32.7,37.3,10,50
43303250060,一般国道３２５号,山鹿市・菊池市境,熊本菊鹿線,43210,0,0.3,山鹿市鹿本町来民,8027,山鹿市鹿本町来民,7996,16023,1.26,1.4,37.4,18.1,26.6,50
43303250070,一般国道３２５号,熊本菊鹿線,,43210,0,0.5,菊池市北宮,7238,菊池市北宮,6836,14074,1.25,1.32,28.9,36,12,50
43303250075,一般国道３２５号,,旭志鹿本線,43210,0,0.1,菊池市北宮,7238,菊池市北宮,6836,14074,1.25,1.32,48.3,44.4,12,50
43303250080,一般国道３２５号,旭志鹿本線,一般国道３８７号,43210,0,3.9,菊池市北宮,7238,菊池市北宮,6836,14074,1.25,1.32,39.9,36.6,12,50
43303250090,一般国道３２５号,一般国道３８７号,一般国道３８７号,43210,0,0.4,菊池市北宮,7238,菊池市北宮,6836,14074,1.25,1.32,19.4,17.1,12,50
43303250095,一般国道３２５号,一般国道３８７号,,43210,0,0.4,菊池市北宮,7238,菊池市北宮,6836,14074,1.25,1.32,11.3,15.5,12,50
43303250100,一般国道３２５号,,旭志鹿本線,43210,0,1.9,菊池市北宮,7238,菊池市北宮,6836,14074,1.25,1.32,23.7,33.4,12,50
43303250110,一般国道３２５号,旭志鹿本線,旭志鹿本線,43210,0,1.1,菊池市北宮,7238,菊池市北宮,6836,14074,1.25,1.32,38.7,43.9,12,50
43303250120,一般国道３２５号,旭志鹿本線,西古閑泗水線,43210,0,0.8,,8152,,7357,15509,1.26,0.47,42.2,39.2,25,60
43303250130,一般国道３２５号,西古閑泗水線,原植木線,43210,0,1,菊池市旭志伊坂,12423,菊池市旭志伊坂,12092,24515,1.27,0.86,45.3,48.8,25,60
43303250140,一般国道３２５号,原植木線,原植木線,43210,0,0.8,菊池市旭志伊坂,12423,菊池市旭志伊坂,12092,24515,1.27,0.86,44.3,37.9,25,60
43303250150,一般国道３２５号,原植木線,菊池市・大津町境,43210,0,1.5,菊池市旭志伊坂,12423,菊池市旭志伊坂,12092,24515,1.27,0.86,38.4,55.6,25,60
43303250160,一般国道３２５号,菊池市・大津町境,熊本大津線,43403,0,1.1,菊池市旭志伊坂,12423,菊池市旭志伊坂,12092,24515,1.27,0.81,51.1,42.9,26,60
43303250170,一般国道３２５号,熊本大津線,大津植木線（現道）,43403,0,3.1,菊池郡大津町杉水,12722,菊池郡大津町杉水,13015,25737,1.28,0.76,24.4,27.2,25,60
43303250180,一般国道３２５号,大津植木線（現道）,大津植木線（現道）,43403,0,0.9,菊池郡大津町杉水,12722,菊池郡大津町杉水,13015,25737,1.28,0.76,17.2,29.5,25,60
43303250190,一般国道３２５号,大津植木線（現道）,一般国道５７号,43403,0,0.4,菊池郡大津町杉水,12722,菊池郡大津町杉水,13015,25737,1.28,0.76,20.8,22.2,25,60
43303250205,一般国道３２５号,,一般国道３２５号,43433,0,0.9,,4426,,4125,8551,1.24,0.62,15.2,28.4,15,50
43303250210,一般国道３２５号,一般国道３２５号,草千里浜栃木線,43433,0,1,,4426,,4125,8551,1.24,0.64,45.8,45.7,15,50
43303250220,一般国道３２５号,草千里浜栃木線,河陰阿蘇線,43433,0,3.1,,4426,,4125,8551,1.24,0.64,45.2,44.6,15,50
43303250230,一般国道３２５号,河陰阿蘇線,矢部阿蘇公園線,43433,0,4.4,阿蘇郡南阿蘇村河陽,6591,阿蘇郡南阿蘇村河陽,6399,12990,1.23,0.93,51,51.2,15,50
43303250240,一般国道３２５号,矢部阿蘇公園線,阿蘇吉田線,43433,0,1.1,阿蘇郡南阿蘇村河陽,6591,阿蘇郡南阿蘇村河陽,6399,12990,1.23,0.93,32.5,37.9,15,50
43303250250,一般国道３２５号,阿蘇吉田線,南阿蘇村・高森町境,43433,0,4.3,阿蘇郡高森町高森,4679,阿蘇郡高森町高森,4424,9103,1.24,0.75,48.1,51.2,15,50
43303250260,一般国道３２５号,南阿蘇村・高森町境,一般国道２６５号,43428,0,1.8,阿蘇郡高森町高森,4679,阿蘇郡高森町高森,4424,9103,1.24,0.72,30,26.7,15,50
43303250280,一般国道３２５号,一般国道２６５号,津留柳線,43447,0,1.6,,1745,,1535,3280,1.21,0.45,47.5,54.4,9,50
43303250290,一般国道３２５号,津留柳線,山都町・高森町境,43447,0,5.5,,1745,,1535,3280,1.21,0.45,55.4,55.5,9,50
43303250300,一般国道３２５号,山都町・高森町境,上色見草部線,43428,0,0.9,,1745,,1535,3280,1.21,0.5,58.1,53.7,8.5,50
43303250310,一般国道３２５号,上色見草部線,一般国道３２５号,43428,0,5.3,阿蘇郡高森町草部,1027,阿蘇郡高森町草部,1026,2053,1.19,0.34,59.2,55,11,50
43303250330,一般国道３２５号,一般国道３２５号,一般国道３２５号,43428,0,0.4,,1458,,1444,2902,1.21,0.52,50.1,51.4,11.5,50
43303250350,一般国道３２５号,一般国道５７号,一般国道３２５号,43433,0,0.6,,,,,,,,22.7,36.9,10.5,50
43303870010,一般国道３８７号,一般国道３８７号,,43424,0,1.4,阿蘇郡小国町北里字奴留湯,1812,阿蘇郡小国町北里字奴留湯,1749,3561,1.21,0.48,58.5,60.6,11,50
43303870020,一般国道３８７号,,,43424,0,1.5,阿蘇郡小国町北里字奴留湯,1812,阿蘇郡小国町北里字奴留湯,1749,3561,1.21,0.48,58.2,59.3,11,50
43303870030,一般国道３８７号,,北里宮原線,43424,0,2.9,阿蘇郡小国町北里字奴留湯,1812,阿蘇郡小国町北里字奴留湯,1749,3561,1.21,0.48,49.2,51.5,11,50
43303870040,一般国道３８７号,北里宮原線,一般国道４４２号,43424,0,2.3,阿蘇郡小国町北里字奴留湯,1812,阿蘇郡小国町北里字奴留湯,1749,3561,1.21,0.48,49.1,47.5,11,50
43303870050,一般国道３８７号,一般国道４４２号,小国停車場線,43424,0,1.7,阿蘇郡小国町北里字奴留湯,1812,阿蘇郡小国町北里字奴留湯,1749,3561,1.21,0.48,47.5,46.4,11,50
43303870060,一般国道３８７号,小国停車場線,小国停車場線,43424,0,0.3,阿蘇郡小国町北里字奴留湯,1812,阿蘇郡小国町北里字奴留湯,1749,3561,1.21,0.48,29.1,20.7,11,50
43303870070,一般国道３８７号,小国停車場線,一般国道２１２号,43424,0,0.2,阿蘇郡小国町北里字奴留湯,1812,阿蘇郡小国町北里字奴留湯,1749,3561,1.21,0.48,11.3,13.7,11,50
43303870080,一般国道３８７号,一般国道２１２号,上野田黒渕線,43424,0,6.7,阿蘇郡小国町黒渕,836,阿蘇郡小国町黒渕,836,1672,1.08,0.21,50,54.5,11,50
43303870090,一般国道３８７号,上野田黒渕線,一般国道３８７号,43424,0,2.1,阿蘇郡小国町黒渕,836,阿蘇郡小国町黒渕,836,1672,1.08,0.21,47.8,50.6,11,50
43303870110,一般国道３８７号,一般国道３８７号,原立門線,43210,0,6.5,,784,,761,1545,1.18,0.28,53.5,54.9,9,60
43303870120,一般国道３８７号,原立門線,阿蘇公園菊池線,43210,0,0.4,,784,,761,1545,1.18,0.28,43,34.3,9,60
43303870130,一般国道３８７号,阿蘇公園菊池線,鯛生菊池線,43210,0,9.9,菊池市隈府,2972,菊池市隈府,2982,5954,1.22,0.47,48.7,47.8,10.2,50
43303870140,一般国道３８７号,鯛生菊池線,菊池赤水線,43210,0,0.3,菊池市隈府,2972,菊池市隈府,2982,5954,1.22,0.47,17.2,21.1,10.2,50
43303870150,一般国道３８７号,菊池赤水線,一般国道３２５号,43210,0,1,菊池市隈府,2972,菊池市隈府,2982,5954,1.22,0.47,18.4,21.1,10.2,50
43303870170,一般国道３８７号,一般国道３２５号,植木インター菊池線,43210,0,0.5,菊池市大琳寺,5009,菊池市大琳寺,5455,10464,1.26,0.85,16.3,17.1,14.5,50
43303870180,一般国道３８７号,植木インター菊池線,旭志鹿本線,43210,0,2.3,菊池市泗水町吉富,7757,菊池市泗水町吉富,7730,15487,1.26,1.03,29.4,38.8,15.5,50
43303870190,一般国道３８７号,旭志鹿本線,辛川鹿本線,43210,0,3.7,菊池市泗水町吉富,7757,菊池市泗水町吉富,7730,15487,1.26,1.03,30.1,29.7,15.5,50
43303870200,一般国道３８７号,辛川鹿本線,原植木線,43210,0,0.4,菊池市泗水町吉富,7757,菊池市泗水町吉富,7730,15487,1.26,1.03,19.5,27.4,15.5,50
43303870210,一般国道３８７号,原植木線,菊池市・合志市境,43210,0,0.6,菊池市泗水町吉富,7757,菊池市泗水町吉富,7730,15487,1.26,1.03,27.7,32.2,15.5,50
43303870220,一般国道３８７号,菊池市・合志市境,大津植木線（現道）,43216,0,1.8,菊池市泗水町吉富,7757,菊池市泗水町吉富,7730,15487,1.26,1.04,36.9,29.6,15.5,50
43303870225,一般国道３８７号,大津植木線（現道）,大津植木線,43216,0,0.6,合志市須屋,9182,合志市須屋,8941,18123,1.31,1.19,19.9,26,12.5,50
43303870230,一般国道３８７号,大津植木線,大津西合志線,43216,0,1.9,合志市須屋,9182,合志市須屋,8941,18123,1.31,1.19,31.5,18.2,12.5,50
43303870240,一般国道３８７号,大津西合志線,熊本菊鹿線,43216,0,3.3,合志市須屋,9182,合志市須屋,8941,18123,1.31,1.19,13.2,13.3,12.5,50
43303870250,一般国道３８７号,熊本菊鹿線,一般国道３号（熊本北バイパス）,43216,0,0.7,合志市須屋,9182,合志市須屋,8941,18123,1.31,1.19,17.9,20.3,12.5,50
43303870260,一般国道３８７号,一般国道３号（熊本北バイパス）,,43216,0,0.1,,15707,,16049,31756,1.3,1.5,9.3,15.3,26,50
43303870270,一般国道３８７号,,熊本大津線,43105,0,0.8,北区鶴羽田1丁目,14046,北区鶴羽田1丁目,14058,28104,1.29,1.16,18.2,23.1,17.5,50
43303870280,一般国道３８７号,熊本大津線,一般国道３号,43105,0,1,北区鶴羽田1丁目,14046,北区鶴羽田1丁目,14058,28104,1.29,1.16,26.6,20.5,17.5,50
43303880010,一般国道３８８号,一般国道３８８号,水上村・湯前町境,43507,0,12.2,球磨郡水上村湯山,302,球磨郡水上村湯山,282,584,1.15,0.1,42.5,32.1,11,50
43303880020,一般国道３８８号,水上村・湯前町境,湯前町・水上村境,43506,0,1.2,球磨郡水上村湯山,302,球磨郡水上村湯山,282,584,1.15,0.09,38.1,47.4,11,40
43303880030,一般国道３８８号,湯前町・水上村境,上椎葉湯前線,43507,0,0.1,球磨郡水上村湯山,302,球磨郡水上村湯山,282,584,1.15,0.09,36.6,32.4,12,40
43303880040,一般国道３８８号,上椎葉湯前線,幸野染田線,43507,0,1.1,球磨郡水上村湯山,302,球磨郡水上村湯山,282,584,1.15,0.09,51.3,47.7,12,40
43303880050,一般国道３８８号,幸野染田線,人吉水上線,43507,0,2.3,球磨郡水上村湯山,302,球磨郡水上村湯山,282,584,1.15,0.09,44.7,45.1,12,40
43303880060,一般国道３８８号,人吉水上線,水上村・湯前町境,43507,0,0.3,,854,,784,1638,1.18,0.2,31.6,36.6,12,40
43303880070,一般国道３８８号,水上村・湯前町境,,43506,0,0.4,,854,,784,1638,1.18,0.2,44.1,26.8,12,40
43303880080,一般国道３８８号,,一般国道２１９号,43506,0,0.7,,854,,784,1638,1.18,0.22,43.4,26.8,12,40
43303890010,一般国道３８９号,一般国道３８９号,,43204,0,2.4,荒尾市大島町,8391,荒尾市大島町,8232,16623,1.24,0.51,34.6,34.6,25,50
43303890180,一般国道３８９号,,,43204,0,1.1,,,,,,,,42.7,16.8,25,50
43303890040,一般国道３８９号,大牟田荒尾線,荒尾市・長洲町境,43204,0,3.7,玉名郡長洲町長洲,5255,玉名郡長洲町長洲,5079,10334,1.24,1.09,26.1,37.4,9.7,40
43303890045,一般国道３８９号,荒尾市・長洲町境,一般国道３８９号,43368,0,0.1,玉名郡長洲町長洲,5255,玉名郡長洲町長洲,5079,10334,1.24,1.11,21.1,28.3,7,30
43303890050,一般国道３８９号,一般国道３８９号,一般国道３８９号,43368,0,1.7,玉名郡長洲町長洲,5255,玉名郡長洲町長洲,5079,10334,1.24,1.11,34.6,27.8,7,30
43303890070,一般国道３８９号,一般国道３２４号,円通寺志岐線,43531,0,0.8,天草郡苓北町年柄,2065,天草郡苓北町年柄,2029,4094,1.22,0.51,44,50.8,11.5,50
43303890080,一般国道３８９号,円通寺志岐線,都呂々宮地岳線,43531,0,4.1,天草郡苓北町年柄,2065,天草郡苓北町年柄,2029,4094,1.22,0.59,55.5,37.8,7.7,50
43303890090,一般国道３８９号,都呂々宮地岳線,苓北町・天草市境,43531,0,4.2,天草郡苓北町都呂々,977,天草郡苓北町都呂々,1014,1991,1.18,0.29,54.8,54.9,10.2,50
43303890100,一般国道３８９号,苓北町・天草市境,本渡下田線,43215,0,2.5,天草郡苓北町都呂々,977,天草郡苓北町都呂々,1014,1991,1.18,0.27,42.8,42.6,7,40
43303890110,一般国道３８９号,本渡下田線,一般国道３８９号,43215,0,0.6,,1078,,1003,2081,1.19,0.26,43.8,43.8,12,50
43303890120,一般国道３８９号,一般国道３８９号,一般国道３８９号,43215,0,1.1,,1078,,1003,2081,1.19,0.26,58.1,57.4,12,50
43303890130,一般国道３８９号,一般国道３８９号,新合高浜港線,43215,0,5.8,天草市天草町下田南,1009,天草市天草町下田南,991,2000,1.19,0.24,38.2,38.4,12,50
43303890140,一般国道３８９号,新合高浜港線,,43215,0,9.1,,686,,713,1399,1.17,0.16,52,57.9,10.5,50
43303890150,一般国道３８９号,,牛深天草線,43215,0,6.6,,1112,,1122,2234,1.19,0.24,53.4,50.1,14.5,50
43303890160,一般国道３８９号,牛深天草線,一般国道２６６号,43215,0,1.5,,1112,,1122,2234,1.19,0.22,46.1,42.2,11,50
43303890200,一般国道３８９号,一般国道３８９号,一般国道３８９号,43368,0,1.7,,,,,,,,34.4,22.2,14.3,50
43304420010,一般国道４４２号,一般国道４４２号,産山村・南小国町境,43425,0,0.1,,998,,939,1937,1.19,0.28,30.8,21.7,7.5,40
43304420020,一般国道４４２号,産山村・南小国町境,別府一の宮線,43423,0,1.4,阿蘇郡南小国町黒川,1301,阿蘇郡南小国町黒川,1414,2715,1.21,0.33,39.1,42.8,8,50
43304420025,一般国道４４２号,別府一の宮線,,43423,0,4.4,阿蘇郡南小国町黒川,1301,阿蘇郡南小国町黒川,1414,2715,1.21,0.33,46,46.9,8,50
43304420030,一般国道４４２号,,満願寺黒川線,43423,0,0.8,阿蘇郡南小国町黒川,1301,阿蘇郡南小国町黒川,1414,2715,1.21,0.33,46,46.9,8,50
43304420040,一般国道４４２号,満願寺黒川線,南小国町・小国町境,43423,0,5.3,阿蘇郡南小国町黒川,1301,阿蘇郡南小国町黒川,1414,2715,1.21,0.33,52.3,53.3,8,50
43304420050,一般国道４４２号,南小国町・小国町境,一般国道３８７号,43424,0,3.3,,2162,,2221,4383,1.22,0.56,45.4,32,10.5,50
43304430010,一般国道４４３号,一般国道４４３号,南関大牟田北線,43367,0,1.8,玉名郡南関町関東,4089,玉名郡南関町関東,3971,8060,1.23,0.68,48.2,43.6,11,40
43304430020,一般国道４４３号,南関大牟田北線,玉名八女線,43367,0,0.2,玉名郡南関町関東,4089,玉名郡南関町関東,3971,8060,1.23,0.69,20.1,29.9,11,50
43304430030,一般国道４４３号,玉名八女線,南関大牟田北線,43367,0,1,玉名郡南関町関東,4089,玉名郡南関町関東,3971,8060,1.23,0.69,39.1,40.3,11,50
43304430040,一般国道４４３号,南関大牟田北線,玉名八女線,43367,0,1.2,玉名郡南関町関東,4089,玉名郡南関町関東,3971,8060,1.23,0.69,28.5,26.6,11,50
43304430050,一般国道４４３号,玉名八女線,南関町・和水町境,43367,0,4.4,,3457,,3458,6915,1.23,0.55,39.5,45.3,11,50
43304430060,一般国道４４３号,南関町・和水町境,和仁菊水線,43369,0,0.5,,3457,,3458,6915,1.23,0.54,45.8,45.4,11,50
43304430070,一般国道４４３号,和仁菊水線,玉名立花線,43369,0,2.3,,3457,,3458,6915,1.23,0.54,44.9,44.4,11,50
43304430080,一般国道４４３号,玉名立花線,和水町・山鹿市境,43369,0,2.8,和水町津田,3235,和水町津田,3140,6375,1.22,0.48,47.2,48.7,11,50
43304430090,一般国道４４３号,和水町・山鹿市境,竃門菰田山鹿線,43208,0,2.5,和水町津田,3235,和水町津田,3140,6375,1.22,0.48,54.1,52.4,10.5,40
43304430100,一般国道４４３号,竃門菰田山鹿線,和仁山鹿線,43208,0,1.1,和水町津田,3235,和水町津田,3140,6375,1.22,0.48,42,41.8,10.5,40
43304430110,一般国道４４３号,和仁山鹿線,一般国道３号,43208,0,0.6,和水町津田,3235,和水町津田,3140,6375,1.22,0.48,33,19.2,10.5,40
43304430130,一般国道４４３号,一般国道５７号,熊本益城大津線,43403,0,1.9,菊池郡大津町灰塚,8736,菊池郡大津町灰塚,9580,18316,1.25,1.27,21.7,25.5,15,50
43304430140,一般国道４４３号,熊本益城大津線,大津町・菊陽町境,43403,0,0.1,菊池郡菊陽町久保田,7846,菊池郡菊陽町久保田,7783,15629,1.26,1.21,10.5,25.1,16.6,40
43304430150,一般国道４４３号,大津町・菊陽町境,瀬田竜田線,43404,0,0.4,菊池郡菊陽町久保田,7846,菊池郡菊陽町久保田,7783,15629,1.26,1.31,19.5,29.5,8.5,50
43304430160,一般国道４４３号,瀬田竜田線,瀬田熊本線,43404,0,0.6,菊池郡菊陽町久保田,7846,菊池郡菊陽町久保田,7783,15629,1.26,1.31,22.2,30,8.5,50
43304430170,一般国道４４３号,瀬田熊本線,曲手原水線,43404,0,1.5,菊池郡菊陽町久保田,7846,菊池郡菊陽町久保田,7783,15629,1.26,1.31,32.9,22.9,8.5,50
43304430180,一般国道４４３号,曲手原水線,熊本空港線,43404,0,0.6,菊池郡菊陽町久保田,7846,菊池郡菊陽町久保田,7783,15629,1.26,1.31,24.5,17.1,8.5,50
43304430190,一般国道４４３号,熊本空港線,,43404,0,1.1,,8236,,7756,15992,1.26,1.25,31.4,28.2,8.5,50
43304430200,一般国道４４３号,,辛川鹿本線,43404,0,0.1,菊池郡菊陽町辛川,5959,菊池郡菊陽町辛川,4843,10802,1.24,0.99,17.7,23.1,11,50
43304430210,一般国道４４３号,辛川鹿本線,,43404,0,0.2,菊池郡菊陽町辛川,5959,菊池郡菊陽町辛川,4843,10802,1.24,0.99,28.5,40.6,11,50
43304430220,一般国道４４３号,,熊本空港線,43102,0,0.3,菊池郡菊陽町辛川,5959,菊池郡菊陽町辛川,4843,10802,1.24,1.15,32.8,28.4,12.6,50
43304430230,一般国道４４３号,熊本空港線,一般国道４４３号,43102,0,0.3,熊本市東区小山町,5684,熊本市東区小山町,3954,9638,1.24,0.49,18,42.2,26.2,60
43304430240,一般国道４４３号,一般国道４４３号,,43102,0,1.5,上益城郡益城町大字平田,7515,上益城郡益城町大字平田,6897,14412,1.24,0.3,54.8,32.8,28,60
43304430250,一般国道４４３号,,熊本益城大津線,43443,0,0.3,上益城郡益城町大字平田2550,7515,上益城郡益城町大字平田2550,6897,14412,1.24,0.66,35.4,7.4,30.5,60
43304430260,一般国道４４３号,熊本益城大津線,熊本高森線,43443,0,2.6,,5409,,5223,10632,1.24,0.98,27.9,35.8,16.5,50
43304430270,一般国道４４３号,熊本高森線,益城菊陽線,43443,0,4,,5409,,5223,10632,1.24,0.98,40,39.8,16.5,50
43304430280,一般国道４４３号,益城菊陽線,小池竜田線,43443,0,0.9,上益城郡益城町砥川,9221,上益城郡益城町砥川,9299,18520,1.25,1.32,30.3,31.4,13,50
43304430290,一般国道４４３号,小池竜田線,益城町・御船町境,43443,0,1.2,上益城郡御船町高木,7013,上益城郡御船町高木,6791,13804,1.25,1.13,23.9,22.9,18,50
43304430295,一般国道４４３号,益城町・御船町境,九州横断自動車道延岡線,43441,0,0.2,上益城郡御船町高木,7013,上益城郡御船町高木,6791,13804,1.25,1.17,25.7,15.2,14,50
43304430300,一般国道４４３号,九州横断自動車道延岡線,田代御船線,43441,0,3.1,上益城郡御船町高木,7013,上益城郡御船町高木,6791,13804,1.25,1.17,35.4,34.4,14,50
43304430310,一般国道４４３号,田代御船線,,43441,0,0.3,上益城郡御船町高木,7013,上益城郡御船町高木,6791,13804,1.25,1.17,37.8,25.6,14,50
43304430315,一般国道４４３号,,一般国道４４５号,43441,0,1,上益城郡御船町高木,7013,上益城郡御船町高木,6791,13804,1.25,1.17,32.1,32.6,14,50
43304430320,一般国道４４３号,一般国道４４５号,,43441,0,0.4,上益城郡御船町高木,7013,上益城郡御船町高木,6791,13804,1.25,1.17,21.7,22.2,14,50
43304430330,一般国道４４３号,,御船町・甲佐町境,43441,0,1.6,上益城郡御船町高木,7013,上益城郡御船町高木,6791,13804,1.25,1.17,25,33.3,14,50
43304430340,一般国道４４３号,御船町・甲佐町境,宇土甲佐線,43444,0,2,,4674,,4729,9403,1.24,0.69,46,40.5,11,40
43304430350,一般国道４４３号,宇土甲佐線,今吉野甲佐線,43444,0,2,上益城郡甲佐町豊内,6114,上益城郡甲佐町豊内,6564,12678,1.25,0.86,39.3,36.5,16,50
43304430360,一般国道４４３号,今吉野甲佐線,稲生野甲佐線,43444,0,1.1,上益城郡甲佐町豊内,6114,上益城郡甲佐町豊内,6564,12678,1.25,0.86,40.8,40.8,16,50
43304430370,一般国道４４３号,稲生野甲佐線,甲佐小川線,43444,0,0.8,上益城郡甲佐町豊内,6114,上益城郡甲佐町豊内,6564,12678,1.25,0.86,25.6,26.2,16,50
43304430380,一般国道４４３号,甲佐小川線,甲佐町・美里町境,43444,0,2.3,上益城郡甲佐町豊内,6114,上益城郡甲佐町豊内,6564,12678,1.25,0.86,45.1,47.5,16,50
43304430390,一般国道４４３号,甲佐町・美里町境,一般国道２１８号,43348,0,0.3,上益城郡甲佐町豊内,6114,上益城郡甲佐町豊内,6564,12678,1.25,1.03,46.4,38,10.8,50
43304430405,一般国道４４３号,一般国道２１８号,一般国道４４３号,43348,0,0.5,下益城郡美里町岩野,396,下益城郡美里町岩野,409,805,1.13,0.09,50.6,47,10.3,40
43304430410,一般国道４４３号,一般国道４４３号,美里町・八代市境,43348,0,7.6,下益城郡美里町岩野,396,下益城郡美里町岩野,409,805,1.13,0.09,50.6,47,10.3,40
43304430420,一般国道４４３号,美里町・八代市境,小川泉線,43202,0,0.8,下益城郡美里町岩野,396,下益城郡美里町岩野,409,805,1.13,0.09,46.6,46.9,8.5,40
43304430430,一般国道４４３号,小川泉線,小川泉線,43202,0,6,,1083,,1078,2161,1.19,0.26,48.1,51.2,8,50
43304430440,一般国道４４３号,小川泉線,小川八代線,43202,0,3.6,,1083,,1078,2161,1.19,0.26,47.8,49.2,8,50
43304430450,一般国道４４３号,小川八代線,宮原五木線,43202,0,0.3,,1083,,1078,2161,1.19,0.26,42.7,26.3,8,50
43304430460,一般国道４４３号,宮原五木線,八代市・氷川町境,43202,0,0.9,八代郡氷川町宮原,2673,八代郡氷川町宮原,3432,6105,1.18,0.77,37.2,43,9.6,50
43304430470,一般国道４４３号,八代市・氷川町境,一般国道３号,43468,0,2.9,八代郡氷川町宮原,2673,八代郡氷川町宮原,3432,6105,1.18,0.77,42.2,37.9,11.1,50
43304430540,一般国道４４３号,,一般国道４４３号,43102,0,0.3,熊本市東区戸島町,2203,熊本市東区戸島町,3487,5690,1.22,0.81,35.7,26.3,7,40
43304430600,一般国道４４３号,一般国道２１８号,一般国道４４３号,43348,0,0.4,,,,,,,,35,29.8,7.5,40
43304450004,一般国道４４５号,一般国道２６６号,,43442,0,0.5,,10518,,7736,18254,1.27,0.54,20,29,26.5,50
43304450006,一般国道４４５号,,,43442,0,0.5,,10518,,7736,18254,1.27,0.54,24.9,22.5,26.5,50
43304450008,一般国道４４５号,,,43442,0,0.4,,10518,,7736,18254,1.27,0.54,25,32.3,26.5,50
43304450010,一般国道４４５号,,熊本嘉島線,43442,0,0.4,,10518,,7736,18254,1.27,0.54,18.3,27.1,26.5,50
43304450020,一般国道４４５号,熊本嘉島線,小川嘉島線,43442,0,0.6,,10518,,7736,18254,1.27,0.54,28,30.7,26.5,50
43304450030,一般国道４４５号,小川嘉島線,六嘉秋津新町線,43442,0,1.5,,10518,,7736,18254,1.27,0.69,42.7,41.4,28,50
43304450040,一般国道４４５号,六嘉秋津新町線,嘉島町・御船町境,43442,0,0.4,,10518,,7736,18254,1.27,0.69,38.3,34,28,50
43304450050,一般国道４４５号,嘉島町・御船町境,九州縦貫自動車道鹿児島線宮崎線,43441,0,0.1,上益城郡御船町滝川,6667,上益城郡御船町滝川,7095,13762,1.23,0.97,38.5,25.9,12,40
43304450055,一般国道４４５号,九州縦貫自動車道鹿児島線宮崎線,御船甲佐線,43441,0,1.1,上益城郡御船町滝川,6667,上益城郡御船町滝川,7095,13762,1.23,0.97,31.2,31.4,12,40
43304450500,一般国道４４５号,御船甲佐線,一般国道４４３号,43441,0,2.4,上益城郡御船町木倉1176-1,4702,上益城郡御船町木倉1176-1,5238,9940,1.24,0.3,35,27.9,28,60
43304450090,一般国道４４５号,一般国道４４３号,横野矢部線,43441,0,3.2,,3740,,2609,6349,1.23,0.6,34.4,40.7,12,40
43304450100,一般国道４４５号,横野矢部線,御船町・山都町境,43441,0,9.6,,5369,,5040,10409,1.24,1,48.1,45.9,11,40
43304450105,一般国道４４５号,御船町・山都町境,九州横断自動車道延岡線,43447,0,0.5,,5369,,5040,10409,1.24,1,27.1,55,10.7,50
43304450110,一般国道４４５号,九州横断自動車道延岡線,稲生野甲佐線,43447,0,3.4,,5369,,5040,10409,1.24,1,48,52.3,10.7,50
43304450120,一般国道４４５号,稲生野甲佐線,益城矢部線,43447,0,0.4,上益城郡山都町上寺,4328,上益城郡山都町上寺,4240,8568,1.23,0.94,37.5,36.4,7.8,50
43304450130,一般国道４４５号,益城矢部線,,43447,0,1.6,上益城郡山都町上寺,4328,上益城郡山都町上寺,4240,8568,1.23,0.94,45.3,47.7,7.8,50
43304450140,一般国道４４５号,,稲生野甲佐線,43447,0,0.4,上益城郡山都町上寺,4328,上益城郡山都町上寺,4240,8568,1.23,0.94,52,50.4,7.8,50
43304450150,一般国道４４５号,稲生野甲佐線,島木上寺線,43447,0,4.9,上益城郡山都町上寺,4328,上益城郡山都町上寺,4240,8568,1.23,0.94,51.7,49.5,7.8,50
43304450160,一般国道４４５号,島木上寺線,一般国道２１８号,43447,0,1.2,上益城郡山都町上寺,4328,上益城郡山都町上寺,4240,8568,1.23,0.94,39.3,32.6,7.8,50
43304450180,一般国道４４５号,一般国道２１８号,美里町・八代市境,43348,0,13.6,下益城郡美里町早楠,57,下益城郡美里町早楠,49,106,1.13,1.06,37.7,50.1,4.4,60
43304450190,一般国道４４５号,美里町・八代市境,樅木河合場線,43202,0,0,下益城郡美里町早楠,57,下益城郡美里町早楠,49,106,1.13,0.03,9.4,31.6,8,60
43304450200,一般国道４４５号,樅木河合場線,樅木河合場線,43202,0,11.6,,121,,110,231,1.25,0.04,37.5,37.9,7,60
43304450210,一般国道４４５号,樅木河合場線,小川泉線,43202,0,4.7,,127,,139,266,1.25,0.04,37.5,37.9,7,60
43304450220,一般国道４４５号,小川泉線,久連子落合線,43202,0,3.5,,127,,139,266,1.25,0.04,28.2,34.2,7,60
43304450230,一般国道４４５号,久連子落合線,久連子落合線,43202,0,1,,127,,139,266,1.25,0.04,55,58.8,7,60
43304450240,一般国道４４５号,久連子落合線,八代市・五木村境,43202,0,0,,472,,515,987,1.15,0.17,43.2,45.2,7,60
43304450250,一般国道４４５号,八代市・五木村境,五木湯前線,43511,0,8.4,,472,,515,987,1.15,0.13,44.5,45.1,7.8,60
43304450260,一般国道４４５号,五木湯前線,,43511,0,0.5,,472,,515,987,1.15,0.13,44.6,26.5,7.8,60
43304450270,一般国道４４５号,,,43511,0,1.4,,472,,515,987,1.15,0.13,26,41.9,7.8,60
43304450280,一般国道４４５号,,,43511,0,1.5,,472,,515,987,1.15,0,26,41.9,7.8,60
43304450290,一般国道４４５号,,,43511,0,0.5,球磨郡五木村頭地,958,球磨郡五木村頭地,940,1898,1.19,0.33,35,37.5,19,40
43304450295,一般国道４４５号,,宮原五木線,43511,0,0.2,球磨郡五木村頭地,958,球磨郡五木村頭地,940,1898,1.19,0.33,35,37.5,19,40
43304450300,一般国道４４５号,宮原五木線,五木村・相良村境,43511,0,7.8,球磨郡五木村頭地,958,球磨郡五木村頭地,940,1898,1.19,0.33,52.2,48.5,19,40
43304450310,一般国道４４５号,五木村・相良村境,相良人吉線,43510,0,5.1,球磨郡五木村頭地,958,球磨郡五木村頭地,940,1898,1.19,0.32,52.1,56,8.25,40
43304450320,一般国道４４５号,相良人吉線,多良木相良線,43510,0,3.3,球磨郡相良村川辺,1424,球磨郡相良村川辺,1623,3047,1.21,0.42,47,47.4,7,40
43304450330,一般国道４４５号,多良木相良線,小枝深水線,43510,0,7.2,球磨郡相良村川辺,1424,球磨郡相良村川辺,1623,3047,1.21,0.42,46.8,43.8,7,40
43304450340,一般国道４４５号,小枝深水線,相良村・山江村境,43510,0,1,球磨郡相良村川辺,1424,球磨郡相良村川辺,1623,3047,1.21,0.42,39.2,35.4,7,40
43304450350,一般国道４４５号,相良村・山江村境,山江村・人吉市境,43512,0,0.6,球磨郡相良村川辺,1424,球磨郡相良村川辺,1623,3047,1.21,0.48,36.2,37.9,6.5,40
43304450360,一般国道４４５号,山江村・人吉市境,人吉水上線,43203,0,2.7,球磨郡相良村川辺,1424,球磨郡相良村川辺,1623,3047,1.21,0.52,29.5,25.8,14,40
43304450370,一般国道４４５号,人吉水上線,人吉インター線,43203,0,0.8,球磨郡相良村川辺,1424,球磨郡相良村川辺,1623,3047,1.21,0.52,25.3,21.1,14,40
43304450380,一般国道４４５号,人吉インター線,坂本人吉線,43203,0,0.3,球磨郡相良村川辺,1424,球磨郡相良村川辺,1623,3047,1.21,0.52,16.2,18.7,14,40
43304450390,一般国道４４５号,坂本人吉線,人吉停車場線,43203,0,0.5,球磨郡相良村川辺,1424,球磨郡相良村川辺,1623,3047,1.21,0.52,17.3,14.9,14,40
43304450400,一般国道４４５号,人吉停車場線,一般国道２１９号,43203,0,1.8,球磨郡相良村川辺,1424,球磨郡相良村川辺,1623,3047,1.21,0.52,22.3,18.4,14,40
43305010010,一般国道５０１号,一般国道３８９号,長洲町・玉名市境,43368,0,4,,6831,,6678,13509,1.25,0.45,33.7,34.3,30,50
43305010020,一般国道５０１号,長洲町・玉名市境,大野下停車場線,43206,0,1.3,,6831,,6678,13509,1.25,1.32,47,44.1,16.5,50
43305010030,一般国道５０１号,大野下停車場線,大浜小天線,43206,0,4.4,玉名市岱明町浜田,6387,玉名市岱明町浜田,6526,12913,1.25,1.19,37.2,42.8,14,50
43305010040,一般国道５０１号,大浜小天線,熊本玉名線,43206,0,4.6,,5422,,5475,10897,1.24,0.92,39.9,36.8,10.4,40
43305010050,一般国道５０１号,熊本玉名線,熊本玉名線,43206,0,0.9,,7422,,8028,15450,1.26,1.2,19.1,29.6,13.5,50
43305010060,一般国道５０１号,熊本玉名線,大浜小天線,43206,0,1.3,,7422,,8028,15450,1.26,1.2,36,36.3,13.5,50
43305010070,一般国道５０１号,大浜小天線,,43206,0,1.3,,7422,,8028,15450,1.26,1.2,38.1,38.6,13.5,50
43305010080,一般国道５０１号,,植木河内港線,43103,0,2.6,熊本市西区河内町白浜,7561,熊本市西区河内町白浜,7638,15199,1.25,1.2,23.4,23.5,12.7,40
43305010090,一般国道５０１号,植木河内港線,植木河内港線,43103,0,0.2,熊本市西区松尾町上松尾,8751,熊本市西区松尾町上松尾,8563,17314,1.26,1.29,16.5,19.6,10.5,40
43305010100,一般国道５０１号,植木河内港線,熊本高森線,43103,0,9.3,熊本市西区松尾町上松尾,8751,熊本市西区松尾町上松尾,8563,17314,1.26,1.29,31.9,34.2,10.5,40
43305010110,一般国道５０１号,熊本高森線,海路口小島線,43103,0,0.7,熊本市南区浜口町,4123,熊本市南区浜口町,3901,8024,1.24,0.63,13.4,30.5,18,40
43305010120,一般国道５０１号,海路口小島線,熊本港線,43103,0,0.5,熊本市南区浜口町,4123,熊本市南区浜口町,3901,8024,1.24,0.63,32.5,20.9,18,40
43305010125,一般国道５０１号,熊本港線,熊本市西区・熊本市南区境,43103,0,0.8,熊本市南区浜口町,4123,熊本市南区浜口町,3901,8024,1.24,0.63,29,37.3,18,40
43305010130,一般国道５０１号,熊本市西区・熊本市南区境,畠口川尻停車場線,43104,0,1.1,熊本市南区浜口町,4123,熊本市南区浜口町,3901,8024,1.24,0.63,35,33.9,18,40
43305010140,一般国道５０１号,畠口川尻停車場線,熊本嘉島線,43104,0,2.8,熊本市南区銭塘町,4425,熊本市南区銭塘町,4409,8834,1.25,0.63,34.8,35.2,10,50
43305010150,一般国道５０１号,熊本嘉島線,,43104,0,1.8,熊本市南区川口町,6077,熊本市南区川口町,6521,12598,1.25,1.14,35.4,42.7,10,50
43305010160,一般国道５０１号,,走潟廻江線,43211,0,0.1,,6301,,6510,12811,1.25,0.94,30.5,26.2,9.8,50
43305010170,一般国道５０１号,走潟廻江線,一般国道５７号,43211,0,2.7,宇土市走潟町,5818,宇土市走潟町,6007,11825,1.24,1.3,35.3,25.1,14.5,50
43400010003,熊本玉名線,一般国道３号,城東町上林町第１号線,43101,0,0.5,熊本市中央区坪井1丁目,8024,熊本市中央区坪井1丁目,10008,18032,1.26,1.24,4.7,13.4,20.3,40
43400010005,熊本玉名線,城東町上林町第１号線,熊本市中央区・熊本市西区境,43101,0,0.7,熊本市中央区坪井1丁目,8024,熊本市中央区坪井1丁目,10008,18032,1.26,1.24,11.1,25.1,20.3,40
43400010010,熊本玉名線,熊本市中央区・熊本市西区境,熊本田原坂線,43103,0,0.4,熊本市中央区坪井1丁目,8024,熊本市中央区坪井1丁目,10008,18032,1.26,1.24,20.2,21.3,20.3,40
43400010015,熊本玉名線,熊本田原坂線,,43103,0,0.2,熊本市西区島崎,1968,熊本市西区島崎,1727,3695,1.21,0.4,6.6,12.5,9.4,40
43400010020,熊本玉名線,,植木河内港線,43103,0,6.1,熊本市西区島崎,1968,熊本市西区島崎,1727,3695,1.21,0.4,31.7,34.8,9.4,40
43400010030,熊本玉名線,植木河内港線,植木河内港線,43103,0,2.3,熊本市西区島崎,1968,熊本市西区島崎,1727,3695,1.21,0.35,49.7,48.4,11,40
43400010040,熊本玉名線,植木河内港線,,43103,0,5.4,熊本市西区島崎,1968,熊本市西区島崎,1727,3695,1.21,0.35,51.1,47.8,11,40
43400010050,熊本玉名線,,小天下硯川線,43206,0,0.6,玉名市天水町立花,2131,玉名市天水町立花,1853,3984,1.13,0.65,45,49.8,10.5,40
43400010060,熊本玉名線,小天下硯川線,一般国道５０１号,43206,0,5.5,玉名市天水町立花,2131,玉名市天水町立花,1853,3984,1.13,0.65,30.5,36.7,10.5,40
43400010080,熊本玉名線,一般国道５０１号,玉名植木線,43206,0,2.4,玉名市片諏訪,5409,玉名市片諏訪,5381,10790,1.24,0.76,37,39.2,10.5,50
43400010090,熊本玉名線,玉名植木線,玉名植木線,43206,0,2.2,玉名市片諏訪,5409,玉名市片諏訪,5381,10790,1.24,0.76,39.1,40.4,10.5,50
43400010100,熊本玉名線,玉名植木線,寺田岱明線,43206,0,1.4,玉名市片諏訪,5409,玉名市片諏訪,5381,10790,1.24,0.76,40,19.9,10.5,50
43400030010,大牟田植木線,大牟田植木線,荒尾南関線,43204,0,0.1,玉名郡南関町四ツ原,2627,玉名郡南関町四ツ原,2401,5028,1.22,0.71,35.5,11.2,11.2,50
43400030020,大牟田植木線,荒尾南関線,荒尾市・南関町境,43204,0,0.5,玉名郡南関町四ツ原,2627,玉名郡南関町四ツ原,2401,5028,1.22,0.71,26.9,20.5,11.2,50
43400030030,大牟田植木線,荒尾市・南関町境,荒尾南関線,43367,0,0.3,玉名郡南関町四ツ原,2627,玉名郡南関町四ツ原,2401,5028,1.22,0.7,32.2,21.4,9,50
43400030040,大牟田植木線,荒尾南関線,玉名八女線,43367,0,3.9,玉名郡南関町四ツ原,2627,玉名郡南関町四ツ原,2401,5028,1.22,0.7,38.8,38.8,9,50
43400030050,大牟田植木線,玉名八女線,玉名八女線,43367,0,0.7,玉名郡南関町四ツ原,2627,玉名郡南関町四ツ原,2401,5028,1.22,0.7,20.7,19.4,9,50
43400030060,大牟田植木線,玉名八女線,南関町・和水町境,43367,0,3.5,,3681,,3497,7178,1.23,0.78,41,46.9,9.3,40
43400030070,大牟田植木線,南関町・和水町境,玉名立花線,43369,0,1.9,,3681,,3497,7178,1.23,0.71,48.2,48.8,7.5,40
43400030080,大牟田植木線,玉名立花線,玉名立花線,43369,0,0.2,,3681,,3497,7178,1.23,0.71,29,44.9,7.5,40
43400030090,大牟田植木線,玉名立花線,玉名山鹿線,43369,0,1.9,,3681,,3497,7178,1.23,0.71,42.5,39.5,7.5,40
43400030100,大牟田植木線,玉名山鹿線,和仁菊水線,43369,0,2.6,山鹿市鹿央町北谷,1939,山鹿市鹿央町北谷,2025,3964,1.25,0.52,37.9,45.6,7,40
43400030110,大牟田植木線,和仁菊水線,和水町・山鹿市境,43369,0,1.4,山鹿市鹿央町北谷,1939,山鹿市鹿央町北谷,2025,3964,1.25,0.52,47.1,47.4,7,40
43400030120,大牟田植木線,和水町・山鹿市境,山鹿市・和水町境,43208,0,0.3,山鹿市鹿央町北谷,1939,山鹿市鹿央町北谷,2025,3964,1.25,0.48,49.1,49.9,11.8,40
43400030130,大牟田植木線,山鹿市・和水町境,和水町・山鹿市境,43369,0,0.5,山鹿市鹿央町北谷,1939,山鹿市鹿央町北谷,2025,3964,1.25,0.49,46.1,47.6,7.5,40
43400030140,大牟田植木線,和水町・山鹿市境,山鹿植木線,43208,0,1,山鹿市鹿央町北谷,1939,山鹿市鹿央町北谷,2025,3964,1.25,0.57,47.4,43.5,11,40
43400030150,大牟田植木線,山鹿植木線,,43208,0,1.9,山鹿市鹿央町北谷,1939,山鹿市鹿央町北谷,2025,3964,1.25,0.57,47.4,45.9,11,40
43400030160,大牟田植木線,,植木山鹿線,43105,0,2.1,熊本市北区植木町内,2940,熊本市北区植木町内,3398,6338,1.22,0.66,50.8,50.2,11,40
43400030170,大牟田植木線,植木山鹿線,一般国道３号,43105,0,3,熊本市北区植木町内,2940,熊本市北区植木町内,3398,6338,1.22,0.66,40.1,24.6,11,40
43400040010,玉名八女線,寺田岱明線,一般国道２０８号（玉名バイパス）,43206,0,1.5,玉名市石貫上小畑,2376,玉名市石貫上小畑,2252,4628,1.23,0.48,15.4,24.4,11,40
43400040015,玉名八女線,一般国道２０８号（玉名バイパス）,玉名八女線,43206,0,0.6,玉名市石貫上小畑,2376,玉名市石貫上小畑,2252,4628,1.23,0.48,30,26.2,11,40
43400040020,玉名八女線,玉名八女線,,43206,0,3.7,玉名市石貫上小畑,2376,玉名市石貫上小畑,2252,4628,1.23,0.48,32.6,40.3,11,40
43400040030,玉名八女線,,玉名市・南関町境,43206,0,2.3,玉名市石貫上小畑,2376,玉名市石貫上小畑,2252,4628,1.23,0.48,50.1,48.3,11,40
43400040040,玉名八女線,玉名市・南関町境,大牟田植木線,43367,0,2.6,,2547,,2636,5183,1.22,0.59,43.5,35.8,8,40
43400040060,玉名八女線,大牟田植木線,一般国道４４３号,43367,0,3.8,,,,,,,,36.2,35.7,10.5,50
43400040080,玉名八女線,一般国道４４３号,南関町・和水町境,43367,0,2.4,,1332,,1355,2687,1.2,0.29,36.6,48.3,11,40
43400040090,玉名八女線,南関町・和水町境,和仁菊水線,43369,0,2.2,,1332,,1355,2687,1.2,0.29,46.3,48.3,11,40
43400040100,玉名八女線,和仁菊水線,玉名八女線,43369,0,6,玉名郡和水町西吉地,574,玉名郡和水町西吉地,548,1122,1.17,0.16,20.8,17.5,6.5,40
43400040140,玉名八女線,,玉名八女線,43367,0,0.8,,,,,,,,32.7,38.2,16,60
43400050010,大牟田南関線,大牟田南関線,荒尾南関線,43367,0,3.2,玉名郡南関町関下,3629,玉名郡南関町関下,3475,7104,1.16,0.6,40.2,37.3,7,30
43400050020,大牟田南関線,荒尾南関線,大牟田南関線,43367,0,1.5,玉名郡南関町関下,3629,玉名郡南関町関下,3475,7104,1.16,0.6,37.5,38,7,30
43400050050,大牟田南関線,大牟田南関線,九州縦貫自動車道鹿児島線宮崎線,43367,0,2.3,,1750,,1772,3522,1.21,0.34,61.9,58,16,60
43400060005,玉名立花線,寺田岱明線,,43206,0,0.5,,1426,,1523,2949,1.21,0.44,13.1,29.8,7.5,30
43400060010,玉名立花線,,稲佐津留玉名線,43206,0,0.1,,1426,,1523,2949,1.21,0.44,29.9,23.6,7.5,30
43400060020,玉名立花線,稲佐津留玉名線,一般国道２０８号（玉名バイパス）,43206,0,0.9,玉名市両迫間,4081,玉名市両迫間,4096,8177,1.2,0.7,17.6,23.6,11,50
43400060025,玉名立花線,一般国道２０８号（玉名バイパス）,玉名山鹿線,43206,0,2.6,玉名市両迫間,4081,玉名市両迫間,4096,8177,1.2,0.7,48.6,49.6,11,50
43400060030,玉名立花線,玉名山鹿線,玉名市・和水町境,43206,0,3.6,玉名市両迫間,4081,玉名市両迫間,4096,8177,1.2,0.7,48.6,49.6,11,50
43400060040,玉名立花線,玉名市・和水町境,大牟田植木線,43369,0,1,玉名市両迫間,4081,玉名市両迫間,4096,8177,1.2,2.32,27.9,22.1,6,30
43400060060,玉名立花線,大牟田植木線,竃門菰田山鹿線,43369,0,1.5,,850,,783,1633,1.18,0.18,31.8,35.8,11,50
43400060070,玉名立花線,竃門菰田山鹿線,竃門菰田山鹿線,43369,0,0.4,,850,,783,1633,1.18,0.18,38.8,36,11,50
43400060080,玉名立花線,竃門菰田山鹿線,和仁菊水線,43369,0,2.7,,850,,783,1633,1.18,0.18,52.2,51.5,11,50
43400060090,玉名立花線,和仁菊水線,竃門菰田山鹿線,43369,0,0.3,,850,,783,1633,1.18,0.18,21.7,28.7,11,50
43400060100,玉名立花線,竃門菰田山鹿線,和仁菊水線,43369,0,0.9,,850,,783,1633,1.18,0.18,42,42.1,11,50
43400060110,玉名立花線,和仁菊水線,一般国道４４３号,43369,0,1.4,,850,,783,1633,1.18,0.18,48.5,43,11,50
43400060120,玉名立花線,一般国道４４３号,和仁山鹿線,43369,0,2.9,玉名郡和水町中十町,661,玉名郡和水町中十町,619,1280,1.18,0.16,44.4,44,11,40
43400060130,玉名立花線,和仁山鹿線,玉名立花線,43369,0,7.5,玉名郡和水町中十町,661,玉名郡和水町中十町,619,1280,1.18,0.16,40.2,34.9,11,40
43400080010,竹田五ヶ瀬線,竹田五ケ瀬線,高森波野線,43428,0,6,阿蘇郡高森町津留,105,阿蘇郡高森町津留,109,214,1.25,0.07,33.6,33.2,6,40
43400080020,竹田五ヶ瀬線,高森波野線,津留柳線,43428,0,0.3,阿蘇郡高森町津留,105,阿蘇郡高森町津留,109,214,1.25,0.07,36.7,38,6,40
43400080030,竹田五ヶ瀬線,津留柳線,竹田五ケ瀬線,43428,0,1.1,阿蘇郡高森町津留,105,阿蘇郡高森町津留,109,214,1.25,0.07,42.7,38.6,6,40
43400090005,日田鹿本線,日田鹿本線,,43208,0,13.1,,170,,171,341,1.25,0.03,36.7,37.1,12,40
43400090010,日田鹿本線,,菊池鹿北線,43208,0,0.3,,170,,171,341,1.25,0.03,27.6,56.1,12,40
43400090020,日田鹿本線,菊池鹿北線,菊池鹿北線,43208,0,2.3,山鹿市菊鹿町下内田,1762,山鹿市菊鹿町下内田,1682,3444,1.23,0.31,35.9,43.9,9.5,50
43400090030,日田鹿本線,菊池鹿北線,鹿本松尾線,43208,0,6.3,山鹿市菊鹿町下内田,1762,山鹿市菊鹿町下内田,1682,3444,1.23,0.31,49.1,48.9,9.5,50
43400090040,日田鹿本線,鹿本松尾線,一般国道３２５号,43208,0,0.5,山鹿市菊鹿町下内田,1762,山鹿市菊鹿町下内田,1682,3444,1.23,0.31,35,19.5,9.5,50
43400100010,南関大牟田北線,南関大牟田北線,九州縦貫自動車道鹿児島線宮崎線,43367,0,0.8,玉名郡南関町外目,5568,玉名郡南関町外目,5485,11053,1.21,0.72,27.9,22.6,8.5,50
43400100020,南関大牟田北線,九州縦貫自動車道鹿児島線宮崎線,南関大牟田北線,43367,0,0.8,玉名郡南関町外目,5568,玉名郡南関町外目,5485,11053,1.21,0.72,36.9,28.7,8.5,50
43304430490,南関大牟田北線,一般国道４４３号,南関大牟田北線,43367,0,0.2,,,,,,,,14,20.1,12.1,50
43304430500,南関大牟田北線,南関大牟田北線,荒尾南関線,43367,0,1.2,,,,,,,,42.3,41.2,12.1,50
43304430510,南関大牟田北線,荒尾南関線,一般国道４４３号,43367,0,0.7,,,,,,,,29.1,24.5,12.1,50
43400110010,別府一の宮線,別府一の宮線,一般国道４４２号,43423,0,0.9,阿蘇市一の宮町手野,1154,阿蘇市一の宮町手野,1200,2354,1.08,0.34,39.1,52.4,8,60
43400110020,別府一の宮線,一般国道４４２号,南小国町・産山村境,43423,0,4.3,阿蘇市一の宮町手野,1154,阿蘇市一の宮町手野,1200,2354,1.08,0.34,52.2,58.3,8,60
43400110030,別府一の宮線,南小国町・産山村境,産山村・阿蘇市境,43425,0,0.4,阿蘇市一の宮町手野,1154,阿蘇市一の宮町手野,1200,2354,1.08,0.31,55.3,58.7,9.5,50
43400110040,別府一の宮線,産山村・阿蘇市境,南小国波野線,43214,0,0.3,阿蘇市一の宮町手野,1154,阿蘇市一の宮町手野,1200,2354,1.08,0.33,56,53.8,7.8,50
43400110050,別府一の宮線,南小国波野線,産山村・阿蘇市境,43425,0,3.3,阿蘇市一の宮町手野,1154,阿蘇市一の宮町手野,1200,2354,1.08,0.35,62.1,61.9,8.8,50
43400110060,別府一の宮線,産山村・阿蘇市境,阿蘇公園菊池線,43214,0,2,阿蘇市一の宮町手野,1154,阿蘇市一の宮町手野,1200,2354,1.08,0.35,57.2,59.2,7.8,50
43400110070,別府一の宮線,阿蘇公園菊池線,,43214,0,7.2,阿蘇市一の宮町手野,1154,阿蘇市一の宮町手野,1200,2354,1.08,0.35,50.4,50.9,7.8,50
43400110080,別府一の宮線,,内牧坂梨線,43214,0,0.2,,1609,,1722,3331,1.21,0.42,35.9,44.8,8,50
43400110090,別府一の宮線,内牧坂梨線,阿蘇一の宮線,43214,0,2.9,,1609,,1722,3331,1.21,0.42,20.9,32.2,8,50
43400110100,別府一の宮線,阿蘇一の宮線,一般国道５７号,43214,0,1.2,,1609,,1722,3331,1.21,0.42,32.4,24.3,8,50
43400120010,天瀬阿蘇線,天瀬阿蘇線,天瀬阿蘇線,43424,0,4.6,,1079,,1007,2086,1.19,0.38,29.3,29.3,6.5,40
43400120030,天瀬阿蘇線,天瀬阿蘇線,阿蘇公園菊池線,43214,0,3.5,阿蘇市湯浦,1818,阿蘇市湯浦,1611,3429,1.21,0.51,52.9,50.6,9,60
43400120040,天瀬阿蘇線,阿蘇公園菊池線,北外輪山大津線,43214,0,1.1,阿蘇市湯浦,1818,阿蘇市湯浦,1611,3429,1.21,0.51,50.7,47.4,9,60
43400120050,天瀬阿蘇線,北外輪山大津線,阿蘇公園菊池線,43214,0,5.5,阿蘇市湯浦,1818,阿蘇市湯浦,1611,3429,1.21,0.51,54.9,56.8,9,60
43400120060,天瀬阿蘇線,阿蘇公園菊池線,一般国道２１２号,43214,0,0.6,,,,,,,,38,41.9,8.5,60
43400120080,天瀬阿蘇線,阿蘇公園菊池線,一般国道２１２号,43214,0,0.4,,1759,,1919,3678,1.21,0.96,30.8,32.3,10.2,60
43400130010,黒木鹿北線,黒木鹿北線,,43208,0,1.3,山鹿市鹿北町岩野,447,山鹿市鹿北町岩野,471,918,1.15,0.14,48.6,41.3,11.5,40
43400130020,黒木鹿北線,,,43208,0,0.9,山鹿市鹿北町岩野,447,山鹿市鹿北町岩野,471,918,1.15,0.14,56,50.5,11.5,40
43400130030,黒木鹿北線,,岩野黒木線,43208,0,1.1,山鹿市鹿北町岩野,447,山鹿市鹿北町岩野,471,918,1.15,0.14,56.6,48.9,11.5,40
43400130040,黒木鹿北線,岩野黒木線,一般国道３号,43208,0,3.6,山鹿市鹿北町岩野,447,山鹿市鹿北町岩野,471,918,1.15,0.14,55.4,51.6,11.5,40
43400140010,八代鏡宇土線,一般国道３号,八代港大手町線,43202,0,0.5,八代市海士江町,7348,八代市海士江町,7185,14533,1.21,1.28,11.9,17.6,16,50
43400140020,八代鏡宇土線,八代港大手町線,郡築横手線,43202,0,0.9,八代市海士江町,7348,八代市海士江町,7185,14533,1.21,1.28,17.8,16.5,16,50
43400140030,八代鏡宇土線,郡築横手線,共栄千丁停車場線,43202,0,2.9,八代市海士江町,7348,八代市海士江町,7185,14533,1.21,1.28,29.2,29.1,16,50
43400140040,八代鏡宇土線,共栄千丁停車場線,大牟田大鞘八代港線,43202,0,2,八代市鏡町鏡村,7423,八代市鏡町鏡村,7195,14618,1.25,1.13,34.6,28.7,12,40
43400140050,八代鏡宇土線,大牟田大鞘八代港線,八代鏡線,43202,0,2.4,八代市鏡町鏡村,7423,八代市鏡町鏡村,7195,14618,1.25,1.13,26.6,27,12,40
43400140060,八代鏡宇土線,八代鏡線,八代市・氷川町境,43202,0,1,八代市鏡町鏡村,7423,八代市鏡町鏡村,7195,14618,1.25,1.13,24.1,29.5,12,40
43400140070,八代鏡宇土線,八代市・氷川町境,鹿野赤迫線,43468,0,1.1,八代市鏡町鏡村,7423,八代市鏡町鏡村,7195,14618,1.25,1.24,30.3,30.7,9.5,40
43400140080,八代鏡宇土線,鹿野赤迫線,氷川町・宇城市境,43468,0,1.7,宇城市松橋町南豊崎,7634,宇城市松橋町南豊崎,7467,15101,1.29,1.38,29,40.2,9.5,40
43400140090,八代鏡宇土線,氷川町・宇城市境,,43213,0,5.9,宇城市松橋町南豊崎,7634,宇城市松橋町南豊崎,7467,15101,1.29,1.28,36.3,26.9,9.2,40
43400140100,八代鏡宇土線,,松橋停車場線,43213,0,0.1,宇土市善道寺町,8729,宇土市善道寺町,9672,18401,1.28,1.36,21.3,11.7,10,50
43400140110,八代鏡宇土線,松橋停車場線,一般国道２６６号,43213,0,0.3,宇土市善道寺町,8729,宇土市善道寺町,9672,18401,1.28,1.36,17.6,10.2,10,50
43400140120,八代鏡宇土線,一般国道２６６号,宇城市・宇土市境,43213,0,1.4,宇土市善道寺町,8729,宇土市善道寺町,9672,18401,1.28,1.36,16.3,26.7,10,50
43400140130,八代鏡宇土線,宇城市・宇土市境,川尻宇土線,43211,0,0.5,宇土市善道寺町,8729,宇土市善道寺町,9672,18401,1.28,1.26,28.1,30.9,13,50
43400140140,八代鏡宇土線,川尻宇土線,一般国道３号,43211,0,2.5,宇土市善道寺町,8729,宇土市善道寺町,9672,18401,1.28,1.26,26.2,22.6,13,50
43400150010,人吉水俣線,一般国道２１９号,,43203,0,4.7,,1488,,1451,2939,1.21,0.34,23.1,41.8,9,50
43400150030,人吉水俣線,遠原渡線,遠原渡線,43513,0,2,,265,,252,517,1.21,2.16,25.6,38.5,4.5,30
43400150040,人吉水俣線,遠原渡線,高沢一勝地線,43513,0,2.7,,265,,252,517,1.21,2.16,38.8,38.5,4.5,30
43400150050,人吉水俣線,高沢一勝地線,一勝地神瀬線,43513,0,0.7,,265,,252,517,1.21,2.16,30.8,27.8,4.5,30
43400150060,人吉水俣線,一勝地神瀬線,人吉水俣線,43513,0,15.5,,265,,252,517,1.21,2.16,29.2,29.4,4.5,30
43400150080,人吉水俣線,人吉水俣線,越小場湯浦線,43205,0,8.5,,439,,521,960,1.16,0.16,61.2,61.2,7,50
43400150090,人吉水俣線,越小場湯浦線,越小場湯浦線,43205,0,0.3,,439,,521,960,1.16,0.16,38.8,53.6,7,50
43400150100,人吉水俣線,越小場湯浦線,一般国道２６８号,43205,0,6.4,,439,,521,960,1.16,0.16,45.9,28.8,7,50
43400160120,玉名山鹿線,玉名立花線,瀬川玉東線,43206,0,0.4,,,,,,,,24.5,26.2,14.5,40
43400160030,玉名山鹿線,瀬川玉東線,玉名市・和水町境,43206,0,0.6,,8244,,8437,16681,1.26,1.25,28.8,46.1,10.5,50
43400160040,玉名山鹿線,玉名市・和水町境,大牟田植木線,43369,0,2.2,玉名郡和水町瀬川,7402,玉名郡和水町瀬川,7586,14988,1.26,1.13,47.4,45.2,10.5,50
43400160050,玉名山鹿線,大牟田植木線,九州縦貫自動車道鹿児島線宮崎線,43369,0,1.6,,6005,,6401,12406,1.25,1.23,30.5,37.6,11.5,50
43400160060,玉名山鹿線,九州縦貫自動車道鹿児島線宮崎線,竃門菰田山鹿線,43369,0,0.8,,6005,,6401,12406,1.25,1.23,33.1,26.2,11.5,50
43400160070,玉名山鹿線,竃門菰田山鹿線,和仁菊水線,43369,0,3.6,,6005,,6401,12406,1.25,1.23,48.8,51.6,11.5,50
43400160080,玉名山鹿線,和仁菊水線,和水町・山鹿市境,43369,0,0,山鹿市小原,3995,山鹿市小原,4239,8234,1.19,0.86,37.1,37.2,12.7,50
43400160090,玉名山鹿線,和水町・山鹿市境,和仁菊水線,43208,0,0,山鹿市小原,3995,山鹿市小原,4239,8234,1.19,0.81,35.1,37.5,24.5,50
43400160100,玉名山鹿線,和仁菊水線,一般国道３号,43208,0,4.5,山鹿市小原,3995,山鹿市小原,4239,8234,1.19,0.81,40.9,37.7,24.5,50
43400170010,坂本人吉線,一般国道２１９号,中津道八代線,43202,0,0.2,八代市坂本町鮎帰,228,八代市坂本町鮎帰,231,459,1.15,0.08,21.7,24.8,6.5,40
43400170020,坂本人吉線,中津道八代線,坂本人吉線,43202,0,0.5,八代市坂本町鮎帰,228,八代市坂本町鮎帰,231,459,1.15,0.08,34.7,27.2,6.5,40
43400170030,坂本人吉線,坂本人吉線,中津道八代線,43202,0,0.4,八代市坂本町鮎帰,228,八代市坂本町鮎帰,231,459,1.15,0.08,31.5,23.9,6.5,40
43400170040,坂本人吉線,中津道八代線,坂本人吉線,43202,0,2.1,八代市坂本町鮎帰,228,八代市坂本町鮎帰,231,459,1.15,0.08,50.2,44.4,6.5,40
43400170050,坂本人吉線,坂本人吉線,,43202,0,8.7,八代市坂本町鮎帰,228,八代市坂本町鮎帰,231,459,1.15,0.08,38.4,38.4,6.5,40
43400170070,坂本人吉線,,山江村・人吉市境,43512,0,18.4,球磨郡山江村万江,1111,球磨郡山江村万江,1116,2227,1.22,0.22,40.5,41.6,8.7,40
43400170080,坂本人吉線,山江村・人吉市境,一般国道４４５号,43203,0,4.2,球磨郡山江村万江,1111,球磨郡山江村万江,1116,2227,1.22,0.25,23,19.9,14,40
43400170100,坂本人吉線,坂本人吉線,坂本人吉線,43202,0,1.6,,309,,287,596,1.15,1.63,18,8.3,4.7,30
43400180010,菊池鹿北線,一般国道３２５号,菊池市・山鹿市境,43210,0,4.2,,206,,188,394,1.25,0.05,37.4,34.4,10.5,40
43400180020,菊池鹿北線,菊池市・山鹿市境,鹿本松尾線,43208,0,1.3,,206,,188,394,1.25,0.05,48.2,50.8,12,40
43400180030,菊池鹿北線,鹿本松尾線,熊本菊鹿線,43208,0,2.5,,206,,188,394,1.25,0.05,42.8,35.5,12,40
43400180035,菊池鹿北線,熊本菊鹿線,,43208,0,4.4,,206,,188,394,1.25,0.05,46.2,44.4,12,40
43400180040,菊池鹿北線,,日田鹿本線,43208,0,0.4,,206,,188,394,1.25,0.05,46.2,44.4,12,40
43400180060,菊池鹿北線,日田鹿本線,一般国道３号,43208,0,15.1,,818,,950,1768,1.19,0.2,48.8,46.9,10.5,40
43400220005,熊本停車場線,熊本高森線,熊本市西区・熊本市中央区境,43103,0,0.2,熊本市中央区本山2丁目,7580,熊本市中央区本山2丁目,6776,14356,1.25,0.72,10.7,19.1,21,50
43400220009,熊本停車場線,熊本市西区・熊本市中央区境,,43101,0,0.5,熊本市中央区本山2丁目,7580,熊本市中央区本山2丁目,6776,14356,1.25,0.72,30.3,26.7,21,50
43400220010,熊本停車場線,,一般国道３号,43101,0,0.6,熊本市中央区本山2丁目,7580,熊本市中央区本山2丁目,6776,14356,1.25,0.72,24.2,16.2,21,50
43400230010,菊池赤水線,一般国道３８７号,日生野隈府線,43210,0,0.3,,1588,,1543,3131,1.21,0.26,22,19.6,11,50
43400230020,菊池赤水線,日生野隈府線,二重峠菊池線,43210,0,2.5,,1588,,1543,3131,1.21,0.26,30.8,39,11,50
43400230030,菊池赤水線,二重峠菊池線,旭志鹿本線,43210,0,1.6,,1588,,1543,3131,1.21,0.26,47.4,47.3,11,50
43400230040,菊池赤水線,旭志鹿本線,原植木線,43210,0,1.4,,1588,,1543,3131,1.21,0.26,43.8,43.1,11,50
43400230050,菊池赤水線,原植木線,原植木線,43210,0,0.3,,1588,,1543,3131,1.21,0.26,35.2,35.4,11,50
43400230060,菊池赤水線,原植木線,菊池市・大津町境,43210,0,3.8,菊池郡大津町矢護川,206,菊池郡大津町矢護川,194,400,1.19,0.48,35.2,35.4,5,30
43400230070,菊池赤水線,菊池市・大津町境,熊本大津線,43403,0,1.4,菊池郡大津町矢護川,206,菊池郡大津町矢護川,194,400,1.19,0.06,35.9,38.2,6.5,30
43400230080,菊池赤水線,熊本大津線,矢護川大津線,43403,0,1.1,菊池郡大津町矢護川,206,菊池郡大津町矢護川,194,400,1.19,0.06,29.5,47.4,6.5,30
43400230090,菊池赤水線,矢護川大津線,大津町・阿蘇市境,43403,0,8.7,菊池郡大津町矢護川,206,菊池郡大津町矢護川,194,400,1.19,0.06,38.1,31.9,6.5,30
43400230100,菊池赤水線,大津町・阿蘇市境,北外輪山大津線,43214,0,0.8,菊池郡大津町矢護川,206,菊池郡大津町矢護川,194,400,1.19,0.05,37.9,25.2,9.8,40
43400230105,菊池赤水線,北外輪山大津線,一般国道５７号（北側復旧道路）,43214,0,3.5,菊池郡大津町矢護川,206,菊池郡大津町矢護川,194,400,1.19,0.05,38.3,39.6,9.8,40
43400230110,菊池赤水線,一般国道５７号（北側復旧道路）,一般国道５７号,43214,0,1.1,菊池郡大津町矢護川,206,菊池郡大津町矢護川,194,400,1.19,0.05,36.5,29.8,9.8,40
43400240010,本渡下田線,一般国道３２４号,本渡苓北線,43215,0,0.4,,3670,,4171,7841,1.23,0.91,13,10.9,8,40
43400240015,本渡下田線,本渡苓北線,,43215,0,0.5,,3670,,4171,7841,1.23,0.91,18.3,23.7,8,40
43400240020,本渡下田線,,引地本町線,43215,0,9.1,,3670,,4171,7841,1.23,0.91,37,40.7,8,40
43400240030,本渡下田線,引地本町線,都呂々宮地岳線,43215,0,2.8,,3670,,4171,7841,1.23,0.91,36.3,32.9,8,40
43400240040,本渡下田線,都呂々宮地岳線,都呂々宮地岳線,43215,0,0.7,天草市天草町福連木,1064,天草市天草町福連木,999,2063,1.23,1.9,27.4,30.6,5,50
43400240050,本渡下田線,都呂々宮地岳線,本渡下田線（旧有料道路）,43215,0,1.6,天草市天草町福連木,1064,天草市天草町福連木,999,2063,1.23,1.9,32.2,30.8,5,50
43400240060,本渡下田線,本渡下田線（旧有料道路）,牛深天草線,43215,0,1.7,天草市天草町福連木,1064,天草市天草町福連木,999,2063,1.23,1.9,54,55.6,5,50
43400240070,本渡下田線,牛深天草線,福連木都呂々線,43215,0,1.1,,960,,870,1830,1.19,0.2,55.4,54.3,8.5,50
43400240080,本渡下田線,福連木都呂々線,一般国道３８９号,43215,0,7.3,,960,,870,1830,1.19,0.2,52.1,52.7,8.5,50
43400240100,本渡下田線（旧有料道路）,一般国道２６６号,本渡下田線,43215,0,3.4,,512,,463,975,1.15,0.12,45.9,46.7,8,50
43400250010,宮原五木線,一般国道４４３号,宮原五木線,43202,0,14.6,,951,,886,1837,1.19,0.26,44,46.3,11.5,50
43400250020,宮原五木線,宮原五木線,宮原五木線,43202,0,0.7,,951,,886,1837,1.19,0.26,50.7,48.6,11.5,50
43400250030,宮原五木線,宮原五木線,八代市・五木村境,43202,0,0.8,,951,,886,1837,1.19,0.26,56.2,53.5,11.5,50
43400250040,宮原五木線,八代市・五木村境,小鶴原女木線,43511,0,4.2,,951,,886,1837,1.19,0.26,47.6,51.5,7.5,60
43400250045,宮原五木線,小鶴原女木線,,43511,0,9.4,球磨郡五木村小鶴,298,球磨郡五木村小鶴,333,631,1.13,0.12,42.4,48.6,7.5,40
43400250070,宮原五木線,宮原五木線,宮原五木線,43202,0,0.6,,1177,,1134,2311,1.2,0.35,43.9,65.1,6,60
43400250090,宮原五木線,,一般国道４４５号,43511,0,1.1,,,,,,,,38.1,46.9,9.5,40
43400260010,本渡牛深線,一般国道３２４号,錦島釜線,43215,0,2.3,天草市亀場町亀川,3782,天草市亀場町亀川,3573,7355,1.23,2.94,27,35.2,5.5,60
43400260020,本渡牛深線,錦島釜線,宮地岳本渡線,43215,0,1.3,,3636,,3454,7090,1.23,0.65,39,52.5,10,60
43400260030,本渡牛深線,宮地岳本渡線,大宮地宮地岳線,43215,0,4.4,,3636,,3454,7090,1.23,0.65,52.7,50.6,10,60
43400260040,本渡牛深線,大宮地宮地岳線,大多尾新合線,43215,0,1.8,,3636,,3454,7090,1.23,0.65,51.2,50.3,10,60
43400260050,本渡牛深線,大多尾新合線,大多尾新合線,43215,0,1.1,,3636,,3454,7090,1.23,0.65,47.6,44.7,10,60
43400260060,本渡牛深線,大多尾新合線,碇石中田線,43215,0,6.1,,531,,486,1017,1.16,0.18,46,41.7,8,60
43400260070,本渡牛深線,碇石中田線,宮野河内新合線,43215,0,5.3,,291,,262,553,1.2,0.1,34.7,30.7,8,50
43400260080,本渡牛深線,宮野河内新合線,深海線,43215,0,10.1,,473,,460,933,1.16,0.21,37.1,41.2,8,60
43400260090,本渡牛深線,深海線,一般国道２６６号,43215,0,15.8,,156,,179,335,1.25,0.08,33.7,38,8,50
43400260110,本渡牛深線,,,43215,0,0,,,,,,,,50.3,49.3,4.75,40
43400270010,芦北球磨線,一般国道３号,一般国道３号日奈久芦北道路,43482,0,1.6,葦北郡芦北町字花岡,3627,葦北郡芦北町字花岡,3712,7339,1.14,0.88,21.6,33,14,50
43400270020,芦北球磨線,一般国道３号日奈久芦北道路,宮崎芦北線,43482,0,0.2,葦北郡芦北町字花岡,3627,葦北郡芦北町字花岡,3712,7339,1.14,0.67,21.6,33,10,50
43400270030,芦北球磨線,宮崎芦北線,,43482,0,0.6,葦北郡芦北町字花岡,3627,葦北郡芦北町字花岡,3712,7339,1.14,0.67,48.8,48.3,10,50
43400270035,芦北球磨線,,芦北坂本線,43482,0,0.2,葦北郡芦北町字花岡,3627,葦北郡芦北町字花岡,3712,7339,1.14,0.67,37.2,38,10,50
43400270040,芦北球磨線,芦北坂本線,,43482,0,1.1,葦北郡芦北町字花岡,3627,葦北郡芦北町字花岡,3712,7339,1.14,0.67,54.4,54.1,10,50
43400270050,芦北球磨線,,天月湯浦線,43482,0,4,葦北郡芦北町字花岡,3627,葦北郡芦北町字花岡,3712,7339,1.14,0.67,53.3,53,10,50
43400270060,芦北球磨線,天月湯浦線,芦北町・球磨村境,43482,0,6.6,葦北郡芦北町字花岡,3627,葦北郡芦北町字花岡,3712,7339,1.14,0.67,51.7,54.9,10,50
43400270070,芦北球磨線,芦北町・球磨村境,一般国道２１９号,43513,0,0.1,葦北郡芦北町字花岡,3627,葦北郡芦北町字花岡,3712,7339,1.14,0.67,35.5,19.6,8,50
43400280010,熊本高森線,一般国道５０１号,小島新町線,43103,0,0.6,熊本市西区上代10丁目,9266,熊本市西区上代10丁目,9934,19200,1.27,0.57,21,30.2,20,50
43400280020,熊本高森線,小島新町線,並建熊本線（新道）,43103,0,2.7,熊本市西区上代10丁目,9266,熊本市西区上代10丁目,9934,19200,1.27,0.57,30.9,27.8,20,50
43400280030,熊本高森線,並建熊本線（新道）,上代１丁目島崎６丁目第１号線,43103,0,0.8,熊本市西区上代1丁目,12036,熊本市西区上代1丁目,12754,24790,1.28,0.81,12.8,16.8,25,50
43400280040,熊本高森線,上代１丁目島崎６丁目第１号線,並建熊本線,43103,0,1,熊本市西区春日,8342,熊本市西区春日,7980,16322,1.23,1.28,13.2,16.5,16,40
43400280050,熊本高森線,並建熊本線,,43103,0,0.1,熊本市西区田崎本町,8470,熊本市西区田崎本町,8411,16881,1.25,1.25,13.1,28,16,40
43400280065,熊本高森線,,二本木２丁目新大江１丁目第１号線,43103,0,0.2,熊本市西区田崎本町,8470,熊本市西区田崎本町,8411,16881,1.25,1.25,23.9,14,16,40
43400280070,熊本高森線,二本木２丁目新大江１丁目第１号線,熊本停車場線,43103,0,0.6,熊本市西区春日2丁目,7028,熊本市西区春日2丁目,6094,13122,1.24,0.43,13.6,16.5,39.5,50
43400280080,熊本高森線,熊本停車場線,並建熊本線,43103,0,0.4,熊本市西区春日1丁目,5313,熊本市西区春日1丁目,6886,12199,1.24,1.46,22.3,15.5,11.3,40
43400280085,熊本高森線,並建熊本線,熊本市西区・熊本市中央区境,43103,0,0.1,熊本市中央区細工町1丁目,4235,熊本市中央区細工町1丁目,4646,8881,1.24,0.9,16.7,8.5,11.3,40
43400280089,熊本高森線,熊本市西区・熊本市中央区境,,43101,0,0,熊本市中央区細工町1丁目,4235,熊本市中央区細工町1丁目,4646,8881,1.24,0.9,11.7,9.2,11.3,40
43400280090,熊本高森線,,小島新町線,43101,0,1.1,熊本市中央区細工町1丁目,4235,熊本市中央区細工町1丁目,4646,8881,1.24,0.9,11.7,15.1,11.3,40
43400280095,熊本高森線,小島新町線,,43101,0,0.7,熊本市中央区細工町1丁目,4235,熊本市中央区細工町1丁目,4646,8881,1.24,0.9,17,13.4,11.3,40
43400280100,熊本高森線,,四方寄熊本線,43101,0,0.4,熊本市中央区細工町1丁目,4235,熊本市中央区細工町1丁目,4646,8881,1.24,0.9,13.7,7.8,11.3,40
43400280110,熊本高森線,四方寄熊本線,一般国道３号,43101,0,0.5,熊本市中央区城東町,10519,熊本市中央区城東町,11510,22029,1.28,0.56,11.6,7.8,36,40
43400280115,熊本高森線,一般国道３号,,43101,0,0.2,熊本市中央区九品寺1丁目,16776,熊本市中央区九品寺1丁目,15832,32608,1.3,0.68,5,13.7,35.9,50
43400280120,熊本高森線,,本荘５丁目帯山９丁目第１号線,43101,0,0.3,熊本市中央区九品寺1丁目,16776,熊本市中央区九品寺1丁目,15832,32608,1.3,0.68,14.3,8.2,35.9,50
43400280125,熊本高森線,本荘５丁目帯山９丁目第１号線,二本木２丁目新大江１丁目第１号線,43101,0,0.9,熊本市中央区九品寺1丁目,16776,熊本市中央区九品寺1丁目,15832,32608,1.3,0.68,14,7.7,35.9,50
43400280130,熊本高森線,二本木２丁目新大江１丁目第１号線,熊本空港線,43101,0,0.2,熊本市中央区水前寺1丁目,23839,熊本市中央区水前寺1丁目,21584,45423,1.32,0.8,15.4,15.1,36,50
43400280135,熊本高森線,熊本空港線,,43101,0,0.1,熊本市中央区水前寺1丁目,23839,熊本市中央区水前寺1丁目,21584,45423,1.32,0.8,14.9,17.4,36,50
43400280140,熊本高森線,,熊本空港線,43101,0,0.6,熊本市中央区水前寺1丁目,23839,熊本市中央区水前寺1丁目,21584,45423,1.32,0.8,12.8,17.4,36,50
43400280144,熊本高森線,熊本空港線,水前寺公園水前寺6丁目第1号線,43101,0,0.5,熊本市中央区水前寺1丁目,23839,熊本市中央区水前寺1丁目,21584,45423,1.32,0.8,10,20.8,36,50
43400280147,熊本高森線,水前寺公園水前寺6丁目第1号線,,43101,0,0,熊本市中央区水前寺1丁目,23839,熊本市中央区水前寺1丁目,21584,45423,1.32,0.8,11.4,15.8,36,50
43400280150,熊本高森線,,戸島熊本線,43101,0,0.1,熊本市中央区水前寺1丁目,23839,熊本市中央区水前寺1丁目,21584,45423,1.32,0.8,11.7,10.5,36,50
43400280160,熊本高森線,戸島熊本線,一般国道５７号,43101,0,1,熊本市東区沼山津4丁目,9906,熊本市東区沼山津4丁目,9307,19213,1.26,0.86,18.7,12.1,22,50
43400280164,熊本高森線,一般国道５７号,,43102,0,1.4,熊本市東区沼山津4丁目,9906,熊本市東区沼山津4丁目,9307,19213,1.26,0.86,8.5,13.5,22,50
43400280167,熊本高森線,,,43102,0,0.2,熊本市東区沼山津4丁目,9906,熊本市東区沼山津4丁目,9307,19213,1.26,0.86,16.3,8.1,22,50
43400280170,熊本高森線,,六嘉秋津新町線,43102,0,0.3,熊本市東区沼山津4丁目,9906,熊本市東区沼山津4丁目,9307,19213,1.26,0.86,14.6,16,22,50
43400280175,熊本高森線,六嘉秋津新町線,,43102,0,0.9,熊本市東区沼山津4丁目,9906,熊本市東区沼山津4丁目,9307,19213,1.26,0.86,27.4,26.4,22,50
43400280180,熊本高森線,,小池竜田線,43102,0,0.8,熊本市東区沼山津4丁目,9906,熊本市東区沼山津4丁目,9307,19213,1.26,0.86,27.2,21.9,22,50
43400280190,熊本高森線,小池竜田線,,43102,0,0.4,熊本市東区沼山津4丁目,9906,熊本市東区沼山津4丁目,9307,19213,1.26,0.86,27.3,18.4,22,50
43400280200,熊本高森線,,益城菊陽線,43443,0,1.3,,12164,,10520,22684,1.28,1.88,19.6,18.7,10,40
43400280210,熊本高森線,益城菊陽線,益城菊陽線（旧道）,43443,0,1.9,上益城郡益城町安永621番地,6318,上益城郡益城町安永621番地,6001,12319,1.26,1.1,23.5,25.9,10,40
43400280220,熊本高森線,益城菊陽線（旧道）,一般国道４４３号,43443,0,0.3,上益城郡益城町安永621番地,6318,上益城郡益城町安永621番地,6001,12319,1.26,1.1,11.1,12.2,10,40
43400280230,熊本高森線,一般国道４４３号,益城矢部線,43443,0,0.3,上益城郡益城町杉堂,844,上益城郡益城町杉堂,868,1712,1.2,0.23,14.2,26.8,11,40
43400280240,熊本高森線,益城矢部線,堂園小森線,43443,0,3.7,上益城郡益城町杉堂,844,上益城郡益城町杉堂,868,1712,1.2,0.23,45,45,11,40
43400280250,熊本高森線,堂園小森線,益城町・西原村境,43443,0,2.3,上益城郡益城町杉堂,844,上益城郡益城町杉堂,868,1712,1.2,0.23,50.5,48.2,11,40
43400280260,熊本高森線,益城町・西原村境,堂園小森線,43432,0,4.7,上益城郡益城町杉堂,844,上益城郡益城町杉堂,868,1712,1.2,0.24,48.9,45.5,11,60
43400280270,熊本高森線,堂園小森線,山西大津線,43432,0,1.3,上益城郡益城町杉堂,844,上益城郡益城町杉堂,868,1712,1.2,0.24,36.7,37.7,11,60
43400280280,熊本高森線,山西大津線,西原村・南阿蘇村境,43432,0,7.9,南阿蘇村河陰,2648,南阿蘇村河陰,2726,5374,1.14,0.72,55.3,55.5,13,50
43400280290,熊本高森線,西原村・南阿蘇村境,河陰阿蘇線,43433,0,6.9,南阿蘇村河陰,2648,南阿蘇村河陰,2726,5374,1.14,0.77,55.3,55.5,11,50
43400280300,熊本高森線,河陰阿蘇線,矢部阿蘇公園線,43433,0,2.3,南阿蘇村河陰,2648,南阿蘇村河陰,2726,5374,1.14,0.76,41.2,38.9,11,50
43400280310,熊本高森線,矢部阿蘇公園線,南阿蘇村・高森町境,43433,0,6.5,阿蘇郡南阿蘇村久石,924,阿蘇郡南阿蘇村久石,961,1885,1.19,0.24,43.3,38.9,11,50
43400280320,熊本高森線,南阿蘇村・高森町境,仏原高森線,43428,0,1.2,,892,,994,1886,1.19,0.21,38.8,36.1,11.5,50
43400280330,熊本高森線,仏原高森線,清和高森線,43428,0,0.1,,892,,994,1886,1.19,0.21,38.8,36.1,9,50
43400280340,熊本高森線,清和高森線,,43428,0,0.7,,892,,994,1886,1.19,0.21,39.9,42.1,9,50
43400280350,熊本高森線,,一般国道２６５号,43428,0,1.3,,892,,994,1886,1.19,0.7,34.7,34.1,6,30
43400280370,熊本高森線,,南阿蘇村・高森町境,43433,0,0.3,,,,,,,,54.5,54.6,10.5,50
43400280380,熊本高森線,南阿蘇村・高森町境,,43428,0,0.8,,,,,,,,53.3,57.8,10.5,50
43400290010,荒尾南関線,一般国道２０８号,荒尾南関線,43204,0,1.1,,1951,,1657,3608,1.21,0.41,20.2,25.9,8.5,40
43400290020,荒尾南関線,荒尾南関線,勝立三川線,43204,0,1.1,,1951,,1657,3608,1.21,0.41,34.3,34.6,8.5,40
43400290030,荒尾南関線,勝立三川線,勝立三川線,43204,0,0.1,,1951,,1657,3608,1.21,0.41,26.6,27.7,8.5,40
43400290040,荒尾南関線,勝立三川線,金山櫟野線,43204,0,3.4,,1951,,1657,3608,1.21,0.41,37.5,36.4,8.5,40
43400290045,荒尾南関線,金山櫟野線,荒尾南関線,43204,0,0.8,,1951,,1657,3608,1.21,0.41,33.9,28.1,8.5,40
43400290120,荒尾南関線,荒尾南関線,荒尾南関線,43204,0,0.6,,,,,,,,39.3,47,16,60
43400290060,荒尾南関線,荒尾南関線,大牟田植木線,43204,0,2.2,,1951,,1657,3608,1.21,0.39,48,33.1,8.5,40
43400290050,荒尾南関線,荒尾南関線,荒尾長洲線,43204,0,0.2,,1951,,1657,3608,1.21,0.39,30.7,25.3,8.5,40
43400290055,荒尾南関線,,荒尾南関線,43204,0,0.8,,1951,,1657,3608,1.21,0.39,39.4,43.2,8.5,40
43400290080,荒尾南関線,大牟田植木線,大牟田南関線,43367,0,3.9,玉名郡南関町上長田,3867,玉名郡南関町上長田,3696,7563,1.23,0.61,45.5,49.1,11,50
43400050030,荒尾南関線,大牟田南関線,南関大牟田北線,43367,0,1.7,,4081,,3990,8071,1.23,0.6,40,38.8,10.7,40
43400290100,荒尾南関線,一般国道２０８号,荒尾南関線,43204,0,1,,1844,,1820,3664,1.21,0.57,22.8,28.8,6.2,30
43400300010,大津植木線（現道）,一般国道５７号,矢護川大津線,43403,0,1.3,菊池郡大津町引水,1998,菊池郡大津町引水,2466,4464,1.22,0.45,28,25.8,7,30
43400300020,大津植木線（現道）,矢護川大津線,矢護川大津線,43403,0,0.8,菊池郡大津町引水,1998,菊池郡大津町引水,2466,4464,1.22,0.45,20.9,19.6,7,30
43400300030,大津植木線（現道）,矢護川大津線,大津停車場線,43403,0,0.2,菊池郡大津町引水,1998,菊池郡大津町引水,2466,4464,1.22,0.45,10.9,18,7,30
43400300040,大津植木線（現道）,大津停車場線,一般国道３２５号,43403,0,1.1,菊池郡大津町引水,1998,菊池郡大津町引水,2466,4464,1.22,0.45,24.1,24.1,7,30
43400300050,大津植木線（現道）,一般国道３２５号,,43403,0,0.2,菊池郡大津町引水,1998,菊池郡大津町引水,2466,4464,1.22,0.45,33.7,30.3,7,30
43400300070,大津植木線（現道）,一般国道３２５号,大津町・菊陽町境,43403,0,0.3,菊池郡菊陽町原水,7736,菊池郡菊陽町原水,7990,15726,1.25,1.39,6.7,9.6,17,50
43400300075,大津植木線（現道）,大津町・菊陽町境,,43404,0,1.8,菊池郡菊陽町原水,7736,菊池郡菊陽町原水,7990,15726,1.25,1.46,16.1,33.7,16,50
43400300080,大津植木線（現道）,,大津西合志線,43404,0,1.4,菊池郡菊陽町原水,7736,菊池郡菊陽町原水,7990,15726,1.25,1.46,38.2,30.5,16,50
43400300090,大津植木線（旧道、現道）,大津西合志線,菊陽町・合志市境,43404,0,0,菊池郡菊陽町原水,7736,菊池郡菊陽町原水,7990,15726,1.25,1.46,12,15,16,50
43400300100,大津植木線（旧道、現道）,菊陽町・合志市境,熊本大津線,43216,0,2,合志市福原,1881,合志市福原,1871,3752,1.19,0.5,40.7,36.6,7,40
43400300110,大津植木線（現道）,熊本大津線,辛川鹿本線,43216,0,0.4,合志市合生,4681,合志市合生,4323,9004,1.15,0.85,20.8,33.6,11,50
43400300120,大津植木線（現道）,辛川鹿本線,熊本大津線,43216,0,0.8,合志市合生,4681,合志市合生,4323,9004,1.15,0.85,29.4,23.5,11,50
43400300125,大津植木線（現道）,熊本大津線,大津植木線,43216,0,2.2,合志市合生,4681,合志市合生,4323,9004,1.15,0.85,18.4,29.8,11,50
43400300130,大津植木線（現道）,大津植木線,一般国道３８７号,43216,0,1.4,合志市合生,4681,合志市合生,4323,9004,1.15,0.85,29.2,22.6,11,50
43400300140,大津植木線（現道）,一般国道３８７号,熊本菊鹿線,43216,0,2.7,合志市野の島,4874,合志市野の島,5028,9902,1.21,0.83,27.1,28.4,10.5,40
43400300150,大津植木線（現道）,熊本菊鹿線,合志市・熊本市北区境,43216,0,1.5,合志市野々島,3582,合志市野々島,3694,7276,1.24,0.96,26.2,38.5,10.5,40
43400300160,大津植木線（現道）,合志市・熊本市北区境,九州縦貫自動車道鹿児島線宮崎線,43105,0,0.3,熊本市北区植木町石川,3582,熊本市北区植木町石川,3694,7276,1.24,0.93,32,21.7,11,40
43400300170,大津植木線,九州縦貫自動車道鹿児島線宮崎線,一般国道３号,43105,0,3.7,熊本市北区改寄町,8709,熊本市北区改寄町,8928,17637,1.26,1.38,21.4,20.9,13.5,40
43400300190,大津植木線,大津植木線（現道）,一般国道３８７号,43216,0,1.1,,,,,,,,42.5,25.7,11.5,50
43400310003,熊本田原坂線,熊本玉名線,,43103,0,0.4,熊本市北区硯川町末次,7726,熊本市北区硯川町末次,7942,15668,1.27,1.43,28.7,21.9,16,50
43400310004,熊本田原坂線,,,43103,0,0.1,熊本市北区硯川町末次,7726,熊本市北区硯川町末次,7942,15668,1.27,1.43,10.3,13.3,16,50
43400310002,熊本田原坂線,,花園インター線,43103,0,1,熊本市北区硯川町末次,7726,熊本市北区硯川町末次,7942,15668,1.27,1.43,14.9,23.3,16,50
43400310005,熊本田原坂線,花園インター線,熊本市西区・熊本市北区境,43103,0,1.3,熊本市北区硯川町末次,7726,熊本市北区硯川町末次,7942,15668,1.27,1.43,18.6,32,16,50
43400310010,熊本田原坂線,熊本市西区・熊本市北区境,小天下硯川線,43105,0,1.8,熊本市北区硯川町末次,7726,熊本市北区硯川町末次,7942,15668,1.27,1.43,30.9,33.4,16,50
43400310020,熊本田原坂線,小天下硯川線,植木河内港線,43105,0,3.1,熊本市北区硯川町末次,7726,熊本市北区硯川町末次,7942,15668,1.27,1.43,27.4,36,16,50
43400310030,熊本田原坂線,植木河内港線,,43105,0,0.5,熊本市北区硯川町末次,7726,熊本市北区硯川町末次,7942,15668,1.27,1.41,40.9,46,13,50
43400310040,熊本田原坂線,,玉名植木線,43105,0,2.1,熊本市北区植木町滴水,4994,熊本市北区植木町滴水,4990,9984,1.24,0.82,46.3,46.1,13,50
43400310050,熊本田原坂線,玉名植木線,一般国道２０８号,43105,0,5.4,熊本市北区植木町滴水,4994,熊本市北区植木町滴水,4990,9984,1.24,0.82,49,40.5,13,50
43400320010,小川嘉島線,一般国道３号,,43213,0,0.6,宇城市小川町西海東,2975,宇城市小川町西海東,3138,6113,1.23,0.58,16.4,19.4,12,40
43400320015,小川嘉島線,,,43213,0,1.3,宇城市小川町西海東,2975,宇城市小川町西海東,3138,6113,1.23,0.58,21.7,19.8,12,40
43400320020,小川嘉島線,,小川泉線,43213,0,0.8,宇城市小川町西海東,2975,宇城市小川町西海東,3138,6113,1.23,0.58,36.6,44,12,40
43400320030,小川嘉島線,小川泉線,甲佐小川線,43213,0,2.6,宇城市小川町西海東,2975,宇城市小川町西海東,3138,6113,1.23,0.58,35.2,46.5,12,40
43400320040,小川嘉島線,甲佐小川線,下郷北新田線,43213,0,5,宇城市豊野町山崎,2278,宇城市豊野町山崎,2090,4368,1.19,0.5,52.4,51.4,8.7,50
43400320050,小川嘉島線,下郷北新田線,小川嘉島線,43213,0,2,宇城市豊野町山崎,2278,宇城市豊野町山崎,2090,4368,1.19,0.5,52.1,52.5,8.7,50
43400320060,小川嘉島線,小川嘉島線,,43213,0,2.9,,1654,,1740,3394,1.21,0.43,51.2,51.7,9,50
43400320070,小川嘉島線,,宇土甲佐線,43104,0,3.3,熊本市南区城南町塚原,2180,熊本市南区城南町塚原,2189,4369,1.17,0.42,44.3,47.6,9,50
43400320080,小川嘉島線,宇土甲佐線,,43104,0,1.2,熊本市南区城南町塚原,2180,熊本市南区城南町塚原,2189,4369,1.17,0.42,30.3,37.1,9,50
43400320090,小川嘉島線,,宇土甲佐線,43444,0,0.4,,1654,,1740,3394,1.21,1.74,46.2,40.2,5.7,30
43400320100,小川嘉島線,宇土甲佐線,,43444,0,1.2,,1654,,1740,3394,1.21,1.74,34.9,33.1,5.7,30
43400320110,小川嘉島線,,今吉野甲佐線,43104,0,1.1,熊本市南区城南町塚原,2180,熊本市南区城南町塚原,2189,4369,1.17,1.15,37.1,36.9,6.3,40
43400320130,小川嘉島線,嘉島甲佐線,一般国道４４５号,43213,0,0.5,,,,,,,,31.6,14.5,10.7,50
43400320150,小川嘉島線,小川嘉島線,一般国道２１８号,43213,0,0.2,,1063,,1012,2075,1.19,0.34,20.2,13.6,11.4,40
43400330010,人吉水上線,一般国道４４５号,人吉市・相良村境,43203,0,1.5,球磨郡あさぎり町深田西,2983,球磨郡あさぎり町深田西,3223,6206,1.22,0.76,25.1,28,14,50
43400330020,人吉水上線,人吉市・相良村境,相良村・錦町境,43510,0,3.3,球磨郡あさぎり町深田西,2983,球磨郡あさぎり町深田西,3223,6206,1.22,0.7,34.9,33.5,13.5,40
43400330030,人吉水上線,相良村・錦町境,覚井一武線,43501,0,3.3,球磨郡あさぎり町深田西,2983,球磨郡あさぎり町深田西,3223,6206,1.22,0.69,42.4,39.3,12.95,40
43400330040,人吉水上線,覚井一武線,錦町・あさぎり町境,43501,0,2.2,球磨郡あさぎり町深田西,2983,球磨郡あさぎり町深田西,3223,6206,1.22,0.69,48,48.1,12.95,40
43400330050,人吉水上線,錦町・あさぎり町境,多良木相良線,43514,0,1.3,球磨郡あさぎり町深田西,2983,球磨郡あさぎり町深田西,3223,6206,1.22,0.68,46.8,40.6,12.95,40
43400330060,人吉水上線,多良木相良線,多良木相良線,43514,0,0.2,球磨郡あさぎり町深田西,2983,球磨郡あさぎり町深田西,3223,6206,1.22,0.68,23.9,17.7,12.95,40
43400330070,人吉水上線,多良木相良線,川瀬免田線,43514,0,2.9,球磨郡あさぎり町深田西,2983,球磨郡あさぎり町深田西,3223,6206,1.22,0.68,41.5,43.1,12.95,40
43400330080,人吉水上線,川瀬免田線,あさぎり町・多良木町境,43514,0,2.7,球磨郡多良木町黒肥地,602,球磨郡多良木町黒肥地,583,1185,1.21,0.13,45.3,41.2,10.5,50
43400330090,人吉水上線,あさぎり町・多良木町境,梶屋多良木線,43505,0,1.7,球磨郡多良木町黒肥地,602,球磨郡多良木町黒肥地,583,1185,1.21,0.13,39.7,36.9,10.2,50
43400330100,人吉水上線,梶屋多良木線,梶屋多良木線,43505,0,0.2,球磨郡多良木町黒肥地,602,球磨郡多良木町黒肥地,583,1185,1.21,0.13,34.3,32.8,10.2,50
43400330110,人吉水上線,梶屋多良木線,五木多良木線,43505,0,0.7,球磨郡多良木町黒肥地,602,球磨郡多良木町黒肥地,583,1185,1.21,0.13,33.7,27.8,10.2,50
43400330120,人吉水上線,五木多良木線,多良木町・水上村境,43505,0,3.2,球磨郡多良木町黒肥地,602,球磨郡多良木町黒肥地,583,1185,1.21,0.13,40.1,44.8,10.2,50
43400330130,人吉水上線,多良木町・水上村境,西の園中里線,43507,0,0.9,球磨郡多良木町黒肥地,602,球磨郡多良木町黒肥地,583,1185,1.21,0.13,46.3,47.8,10.2,40
43400330140,人吉水上線,西の園中里線,一般国道３８８号,43507,0,0.6,球磨郡多良木町黒肥地,602,球磨郡多良木町黒肥地,583,1185,1.21,0.13,25.5,50.5,10.2,40
43400340010,松島馬場線,一般国道３２４号,姫戸港教良木線,43212,0,5.7,,633,,526,1159,1.16,1.23,37,34.5,5.5,60
43400340020,松島馬場線,姫戸港教良木線,教良木知十港線,43212,0,1,,905,,909,1814,1.19,0.2,46.1,40.6,8,50
43400340030,松島馬場線,教良木知十港線,有明倉岳線,43212,0,2.3,,905,,909,1814,1.19,0.2,45.1,47.5,8,50
43400340040,松島馬場線,有明倉岳線,有明倉岳線,43212,0,0.5,,905,,909,1814,1.19,0.2,46.2,44.8,8,50
43400340050,松島馬場線,有明倉岳線,上天草市・天草市境,43212,0,3.8,,339,,397,736,1.15,0.55,36.8,36.3,5.5,60
43400340060,松島馬場線,上天草市・天草市境,河内上津浦港線,43215,0,4.6,,339,,397,736,1.15,0.14,44.3,46,10.5,60
43400340070,松島馬場線,河内上津浦港線,一般国道２６６号,43215,0,5.2,,339,,397,736,1.15,0.14,46.4,39.7,10.5,60
43400350005,牛深天草線,一般国道２６６号,,43215,0,1.2,,939,,881,1820,1.19,0.28,15.9,19,8.5,60
43400350190,牛深天草線,,,43215,0,0,,,,,,,,24.1,20.6,17.5,60
43400350130,牛深天草線,,,43215,0,0.1,,,,,,,,40.6,34.8,12,60
43400350020,牛深天草線,,牛深天草線,43215,0,2.5,,939,,881,1820,1.19,0.26,37.7,32.3,12,60
43400350030,牛深天草線,牛深天草線,牛深天草線,43215,0,0.5,,939,,881,1820,1.19,0.26,44.4,24,12,60
43400350040,牛深天草線,牛深天草線,,43215,0,10.9,,939,,881,1820,1.19,0.86,44.4,31.3,5.75,40
43400350060,牛深天草線,一般国道３８９号,新合高浜港線,43215,0,2.4,,247,,249,496,1.21,0.09,37.7,37.3,10,50
43400350070,牛深天草線,新合高浜港線,新合高浜港線,43215,0,0.7,,247,,249,496,1.21,0.09,31.4,44.8,10,50
43400350080,牛深天草線,新合高浜港線,牛深天草線,43215,0,2.2,,247,,249,496,1.21,0.09,51.4,53.4,10,50
43400350090,牛深天草線,牛深天草線,牛深天草線,43215,0,0.1,,247,,249,496,1.21,0.09,49.1,50.6,10,50
43400350100,牛深天草線,牛深天草線,宮地岳今田線,43215,0,0.7,,247,,249,496,1.21,0.09,50.9,48.8,10,50
43400350110,牛深天草線,宮地岳今田線,本渡下田線,43215,0,9,,152,,136,288,1.25,0.07,42,38.2,8,60
43400350150,牛深天草線,牛深天草線,牛深天草線,43215,0,0.1,,,,,,,,,,5.5,60
43400350170,牛深天草線,牛深天草線,牛深天草線,43215,0,0,,237,,242,479,1.25,0.4,43.1,43.1,5.5,60
43400360005,熊本益城大津線,一般国道５７号,熊本市中央区・熊本市東区境,43101,0,0.3,熊本市東区桜木6丁目,20956,熊本市東区桜木6丁目,17886,38842,1.3,1.48,6.6,22.6,22,50
43400360002,熊本益城大津線,熊本市中央区・熊本市東区境,,43102,0,0.9,熊本市東区桜木6丁目,20956,熊本市東区桜木6丁目,17886,38842,1.3,1.48,12.7,18.7,22,50
43400360004,熊本益城大津線,,,43102,0,0.1,熊本市東区桜木6丁目,20956,熊本市東区桜木6丁目,17886,38842,1.3,1.48,16.8,16.1,22,50
43400360006,熊本益城大津線,,,43102,0,0.4,熊本市東区桜木6丁目,20956,熊本市東区桜木6丁目,17886,38842,1.3,1.48,23.9,17.6,22,50
43400360008,熊本益城大津線,,,43102,0,0.5,熊本市東区桜木6丁目,20956,熊本市東区桜木6丁目,17886,38842,1.3,1.48,18.2,27,22,50
43400360010,熊本益城大津線,,小池竜田線,43102,0,1.1,熊本市東区桜木6丁目,20956,熊本市東区桜木6丁目,17886,38842,1.3,1.48,22.4,17,22,50
43400360020,熊本益城大津線,小池竜田線,,43102,0,0.2,熊本市東区桜木6丁目,20956,熊本市東区桜木6丁目,17886,38842,1.3,1.48,11.4,18.5,22,50
43400360030,熊本益城大津線,,九州縦貫自動車道鹿児島線宮崎線,43443,0,0.3,,20885,,19608,40493,1.31,0.96,10.5,42.2,23,60
43400360040,熊本益城大津線,九州縦貫自動車道鹿児島線宮崎線,益城菊陽線,43443,0,1.7,,20885,,19608,40493,1.31,0.96,23.4,31.2,23,60
43400360050,熊本益城大津線,益城菊陽線,益城菊陽線（旧道）,43443,0,1.2,上益城郡益城町安永,11943,上益城郡益城町安永,11628,23571,1.28,0.89,28.1,42.5,22,60
43400360060,熊本益城大津線,益城菊陽線（旧道）,一般国道４４３号,43443,0,1.6,上益城郡益城町安永,11943,上益城郡益城町安永,11628,23571,1.28,0.89,45.8,31.7,22,60
43400360070,熊本益城大津線,一般国道４４３号,堂園小森線,43443,0,3.1,上益城郡益城町平田,10923,上益城郡益城町平田,9544,20467,1.28,0.62,54.4,51.1,22,60
43400360080,熊本益城大津線,堂園小森線,堂園小森線,43443,0,0.7,上益城郡益城町平田,10923,上益城郡益城町平田,9544,20467,1.28,0.62,42.5,29.6,22,60
43400360090,熊本益城大津線,堂園小森線,益城町・菊陽町境,43443,0,0.7,上益城郡益城町小谷1812,9094,上益城郡益城町小谷1812,8670,17764,1.27,0.25,26.4,33.1,23,60
43400360100,熊本益城大津線,益城町・菊陽町境,熊本空港線,43404,0,0.8,上益城郡益城町小谷1812,9094,上益城郡益城町小谷1812,8670,17764,1.27,0.65,42.1,33.6,8.2,40
43400360110,熊本益城大津線,熊本空港線,菊陽町・大津町境,43404,0,2,,7294,,6622,13916,1.25,0.49,46.3,52.3,19,50
43400360120,熊本益城大津線,菊陽町・大津町境,一般国道４４３号,43403,0,0.5,,7294,,6622,13916,1.25,1.27,41.6,18.8,16,50
43400370010,熊本菊鹿線,一般国道３号,熊本菊陽線,43101,0,0.2,熊本市中央区黒髪3丁目,4840,熊本市中央区黒髪3丁目,4205,9045,1.24,0.83,4,9.3,10,40
43400370020,熊本菊鹿線,熊本菊陽線,一般国道３号,43101,0,1.3,熊本市中央区黒髪3丁目,4840,熊本市中央区黒髪3丁目,4205,9045,1.24,0.83,6.8,17.2,10,40
43400370040,熊本菊鹿線,一般国道３号,熊本大津線,43105,0,2.1,熊本市北区飛田4丁目,4555,熊本市北区飛田4丁目,4567,9122,1.28,0.88,21.5,20.3,8,30
43400370050,熊本菊鹿線,熊本大津線,,43105,0,0.1,熊本市北区飛田4丁目,4555,熊本市北区飛田4丁目,4567,9122,1.28,0.88,13,15,8,30
43400370060,熊本菊鹿線,,熊本大津線,43216,0,0,熊本市北区八景水谷,6337,熊本市北区八景水谷,4427,10764,1.27,1.23,11,16.6,7.8,30
43400370070,熊本菊鹿線,熊本大津線,一般国道３号（熊本北バイパス）,43216,0,0.6,熊本市北区八景水谷,6337,熊本市北区八景水谷,4427,10764,1.27,1.23,18.1,22.8,7.8,30
43400370090,熊本菊鹿線,一般国道３８７号,大津植木線（現道）,43216,0,5,合志市須屋,7057,合志市須屋,6945,14002,1.26,1.07,17.8,20.4,10,40
43400370100,熊本菊鹿線,大津植木線（現道）,合志市・菊池市境,43216,0,2.4,合志市須屋,7057,合志市須屋,6945,14002,1.26,1.07,24.2,39.3,10,40
43400370110,熊本菊鹿線,合志市・菊池市境,原植木線,43210,0,0.4,合志市須屋,7057,合志市須屋,6945,14002,1.26,0.96,41.3,31,10.5,40
43400370120,熊本菊鹿線,原植木線,原植木線,43210,0,0.8,合志市須屋,7057,合志市須屋,6945,14002,1.26,0.96,28.5,24,10.5,40
43400370130,熊本菊鹿線,原植木線,辛川鹿本線,43210,0,2.7,合志市須屋,7057,合志市須屋,6945,14002,1.26,0.96,40.4,34.6,10.5,40
43400370140,熊本菊鹿線,辛川鹿本線,植木インター菊池線,43210,0,0.4,合志市須屋,7057,合志市須屋,6945,14002,1.26,0.96,32.1,20.7,10.5,40
43400370150,熊本菊鹿線,植木インター菊池線,植木インター菊池線,43210,0,0.4,合志市須屋,7057,合志市須屋,6945,14002,1.26,0.96,30,29.7,10.5,40
43400370160,熊本菊鹿線,植木インター菊池線,一般国道３２５号,43210,0,3,,2138,,2037,4175,1.22,0.35,42.7,46.1,11,40
43400370170,熊本菊鹿線,一般国道３２５号,菊池市・山鹿市境,43210,0,1.5,,1241,,1199,2440,1.2,0.34,33,43,12,50
43400370180,熊本菊鹿線,菊池市・山鹿市境,鹿本松尾線,43208,0,2.1,,1241,,1199,2440,1.2,0.33,46.6,45.1,8,50
43400370190,熊本菊鹿線,鹿本松尾線,菊池鹿北線,43208,0,2.9,,1241,,1199,2440,1.2,0.33,40.2,39.7,8.2,40
43400380010,宇土甲佐線,川尻宇土線,,43211,0,0.2,,2872,,2828,5700,1.22,0.62,11,10.5,9.2,40
43400380020,宇土甲佐線,,一般国道３号,43104,0,0.1,熊本市南区富合町木原,4099,熊本市南区富合町木原,4336,8435,1.23,0.8,13.3,7.7,6.5,40
43400380025,宇土甲佐線,一般国道３号,宇土甲佐線（旧道）,43104,0,2.6,熊本市南区富合町木原,4099,熊本市南区富合町木原,4336,8435,1.23,0.8,24.9,29.5,6.5,40
43400380120,宇土甲佐線,宇土甲佐線（旧道）,田迎木原線,43104,0,0.9,熊本市南区富合町木原,4099,熊本市南区富合町木原,4336,8435,1.23,0.66,48.7,42.1,13,50
43400380130,宇土甲佐線,田迎木原線,宇土甲佐線（旧道）,43104,0,0.6,熊本市南区富合町木原,4099,熊本市南区富合町木原,4336,8435,1.23,0.66,34.7,47.6,13,50
43400380040,宇土甲佐線,宇土甲佐線（旧道）,一般国道２６６号,43104,0,1.9,熊本市南区富合町木原,4099,熊本市南区富合町木原,4336,8435,1.23,0.74,32.5,28.9,13,50
43400380055,宇土甲佐線,一般国道２６６号,九州縦貫自動車道鹿児島線宮崎線,43104,0,1.7,熊本市南区城南町塚原,3847,熊本市南区城南町塚原,3588,7435,1.22,0.73,17.9,42.9,8.3,50
43400380060,宇土甲佐線,九州縦貫自動車道鹿児島線宮崎線,小川嘉島線,43104,0,0.3,熊本市南区城南町塚原,3295,熊本市南区城南町塚原,2982,6277,1.22,0.56,48.2,46.5,8.3,50
43400380080,宇土甲佐線,小川嘉島線,御船甲佐線,43444,0,1.4,,,,,,,,40.6,43.3,9.7,50
43400380090,宇土甲佐線,御船甲佐線,嘉島甲佐線,43444,0,1.8,,,,,,,,42.8,36.5,9.7,50
43400380100,宇土甲佐線,嘉島甲佐線,一般国道４４３号,43444,0,2.1,,,,,,,,49.2,45.6,9.7,50
43400380030,宇土甲佐線（旧道）,宇土甲佐線,田迎木原線,43104,0,0.9,熊本市南区富合町木原,283,熊本市南区富合町木原,240,523,1.15,0.3,32.8,51.6,5.5,40
43400380035,宇土甲佐線（旧道）,田迎木原線,宇土甲佐線,43104,0,0.5,熊本市南区富合町木原,283,熊本市南区富合町木原,240,523,1.15,0.3,43.2,21.3,5.5,40
43400390010,矢部阿蘇公園線,一般国道２１８号,柿原入佐線,43447,0,1.6,,861,,800,1661,1.18,0.2,30.9,43.1,12,40
43400390020,矢部阿蘇公園線,柿原入佐線,稲生野甲佐線,43447,0,7.9,,861,,800,1661,1.18,0.2,45.2,46.4,12,40
43400390030,矢部阿蘇公園線,稲生野甲佐線,,43447,0,4.4,,861,,800,1661,1.18,0.2,18.9,18.1,12,40
43400390050,矢部阿蘇公園線,,熊本高森線,43433,0,2.6,阿蘇郡南阿蘇村久石,2150,阿蘇郡南阿蘇村久石,2042,4192,1.22,0.41,32.4,43.4,11,40
43400390060,矢部阿蘇公園線,熊本高森線,一般国道３２５号,43433,0,3.1,阿蘇郡南阿蘇村久石,2150,阿蘇郡南阿蘇村久石,2042,4192,1.22,0.41,37.3,34.6,11,40
43400400010,南小国波野線,一般国道２１２号,南小国上津江線,43423,0,0.5,阿蘇郡南小国町満願寺,1250,阿蘇郡南小国町満願寺,1367,2617,1.2,0.44,24.8,23.3,6.5,40
43400400020,南小国波野線,南小国上津江線,満願寺黒川線,43423,0,4.1,阿蘇郡南小国町満願寺,1250,阿蘇郡南小国町満願寺,1367,2617,1.2,0.44,40.7,40,6.5,40
43400400030,南小国波野線,満願寺黒川線,南小国町・阿蘇市境,43423,0,5.5,阿蘇郡南小国町満願寺,1250,阿蘇郡南小国町満願寺,1367,2617,1.2,0.44,25.5,40,6.5,40
43400400040,南小国波野線,南小国町・阿蘇市境,阿蘇市・南小国町境,43214,0,0.1,阿蘇郡南小国町満願寺,1250,阿蘇郡南小国町満願寺,1367,2617,1.2,1.97,12.6,36.8,5.5,60
43400400050,南小国波野線,阿蘇市・南小国町境,南小国町・阿蘇市境,43423,0,0.2,阿蘇郡南小国町満願寺,1250,阿蘇郡南小国町満願寺,1367,2617,1.2,1.97,42.7,36.8,5.5,40
43400400060,南小国波野線,南小国町・阿蘇市境,別府一の宮線,43214,0,4.6,阿蘇郡南小国町満願寺,1250,阿蘇郡南小国町満願寺,1367,2617,1.2,1.97,39.5,36.8,5.5,60
43400400070,南小国波野線,別府一の宮線,阿蘇市・産山村境,43214,0,0,阿蘇郡産山村山鹿,254,阿蘇郡産山村山鹿,220,474,1.2,0.06,21.6,36.9,16.4,40
43400400080,南小国波野線,阿蘇市・産山村境,笹倉久住線,43425,0,7.9,阿蘇郡産山村山鹿,254,阿蘇郡産山村山鹿,220,474,1.2,0.06,46.3,41,11,40
43400400090,南小国波野線,笹倉久住線,産山村・阿蘇市境,43425,0,4,,626,,611,1237,1.16,0.14,48.3,50.7,9.6,40
43400400100,南小国波野線,産山村・阿蘇市境,一般国道５７号,43214,0,1.4,,626,,611,1237,1.16,0.13,51.5,36.6,8,50
43400410010,高森波野線,竹田五ヶ瀬線,河原新波野線,43428,0,10.5,,43,,43,86,1.25,0.09,35.2,35.4,6,40
43400410020,高森波野線,河原新波野線,河原新波野線,43428,0,0.6,,43,,43,86,1.25,0.09,32.8,33,6,40
43400410030,高森波野線,河原新波野線,高森町・阿蘇市境,43428,0,5.1,,43,,43,86,1.25,0.09,40.6,40.2,6,40
43400410040,高森波野線,高森町・阿蘇市境,高森竹田線,43214,0,0,,43,,43,86,1.25,0.02,40.6,40.2,8,60
43400410050,高森波野線,高森竹田線,小池野永谷線,43214,0,6.2,,43,,43,86,1.25,0.02,33.8,21.4,8,60
43400410060,高森波野線,小池野永谷線,一般国道５７号,43214,0,1.8,,43,,43,86,1.25,0.02,54.9,46.3,8,60
43400420010,八代鏡線,一般国道３号,八代不知火線,43202,0,3,八代市平山新町,2630,八代市平山新町,2845,5475,1.15,0.62,30.4,44.4,7,50
43400420020,八代鏡線,八代不知火線,,43202,0,2,八代市平山新町,2630,八代市平山新町,2845,5475,1.15,0.62,30.4,29.4,7,50
43400420030,八代鏡線,,八代港大手町線,43202,0,1.6,八代市本町３丁目,4935,八代市本町３丁目,5145,10080,1.21,1.16,22,21.9,21.5,40
43400420040,八代鏡線,八代港大手町線,八代港大手町線,43202,0,0.1,八代市本町３丁目,4935,八代市本町３丁目,5145,10080,1.21,1.16,12.4,10.6,21.5,40
43400420050,八代鏡線,八代港大手町線,郡築横手線,43202,0,1.3,,4917,,4679,9596,1.24,0.26,22.1,12.8,22,40
43400420120,八代鏡線,郡築横手線,,43202,0,1.6,,,,,,,,17.1,25.6,20,50
43400420080,八代鏡線,郡築横手線,共栄千丁停車場線,43202,0,1.5,八代市古閑浜町,4591,八代市古閑浜町,4607,9198,1.21,0.92,39.2,29.2,9,40
43400420090,八代鏡線,共栄千丁停車場線,大牟田大鞘八代港線,43202,0,2.5,八代市古閑浜町,4591,八代市古閑浜町,4607,9198,1.21,0.92,35,35.7,9,40
43400420100,八代鏡線,大牟田大鞘八代港線,八代鏡宇土線,43202,0,3.2,八代市古閑浜町,4591,八代市古閑浜町,4607,9198,1.21,0.92,28.6,28.4,9,40
43400430130,錦湯前線,一般国道２１９号,,43501,0,2,,,,,,,,33.2,41.5,17,60
43400430020,錦湯前線,,錦町・あさぎり町境,43501,0,1.1,球磨郡あさぎり町上東,712,球磨郡あさぎり町上東,699,1411,1.16,0.21,52.2,48.8,16,40
43400430030,錦湯前線,錦町・あさぎり町境,あさぎり町・錦町境,43514,0,0.1,球磨郡あさぎり町上東,712,球磨郡あさぎり町上東,699,1411,1.16,0.21,49.1,49.2,14,40
43400430040,錦湯前線,あさぎり町・錦町境,錦町・あさぎり町境,43501,0,1.6,球磨郡あさぎり町上東,712,球磨郡あさぎり町上東,699,1411,1.16,0.2,50.8,47.1,7.5,40
43400430050,錦湯前線,錦町・あさぎり町境,皆越免田線,43514,0,3.2,球磨郡あさぎり町上東,712,球磨郡あさぎり町上東,699,1411,1.16,0.2,50,51,13.5,40
43400430060,錦湯前線,皆越免田線,皆越免田線,43514,0,1.4,球磨郡あさぎり町上東,712,球磨郡あさぎり町上東,699,1411,1.16,0.2,41.2,44.3,13.5,40
43400430070,錦湯前線,皆越免田線,あさぎり町・多良木町境,43514,0,4.7,球磨郡あさぎり町上東,712,球磨郡あさぎり町上東,699,1411,1.16,0.2,31.4,41.6,13.5,40
43400430080,錦湯前線,あさぎり町・多良木町境,多良木相良線,43505,0,2,球磨郡あさぎり町上東,712,球磨郡あさぎり町上東,699,1411,1.16,0.21,45.9,46.2,11.7,40
43400430090,錦湯前線,多良木相良線,中河間多良木線,43505,0,0.2,球磨郡あさぎり町上東,712,球磨郡あさぎり町上東,699,1411,1.16,0.21,30.2,27.2,11.7,40
43400430100,錦湯前線,中河間多良木線,多良木町・湯前町境,43505,0,1.8,球磨郡湯前町上里,707,球磨郡湯前町上里,744,1451,1.16,0.65,38.6,38,5.8,40
43400430110,錦湯前線,多良木町・湯前町境,一般国道２１９号,43506,0,2.6,球磨郡湯前町上里,707,球磨郡湯前町上里,744,1451,1.16,0.16,21.4,37.6,12,40
43400440010,本渡苓北線,本渡下田線,本渡五和線,43215,0,3.4,,1110,,1051,2161,1.19,0.25,26.3,25.3,12,60
43400440020,本渡苓北線,本渡五和線,引地本町線,43215,0,3.2,,1110,,1051,2161,1.19,0.25,42.3,50.1,12,60
43400440030,本渡苓北線,引地本町線,天草市・苓北町境,43215,0,6.9,,1110,,1051,2161,1.19,0.25,34.2,34.3,12,60
43400440040,本渡苓北線,天草市・苓北町境,一般国道３２４号,43531,0,9.4,,1110,,1051,2161,1.19,1.32,34.2,34.3,4.5,60
43400450010,阿蘇公園菊池線,別府一の宮線,天瀬阿蘇線,43214,0,8.3,阿蘇市山田,1189,阿蘇市山田,1260,2449,1.2,0.33,54.7,51.2,9,60
43400450020,阿蘇公園菊池線,天瀬阿蘇線,天瀬阿蘇線,43214,0,0.4,,1759,,1919,3678,1.21,1.02,53.2,45.6,9,60
43400450040,阿蘇公園菊池線,天瀬阿蘇線,阿蘇市・菊池市境,43214,0,4.9,,353,,349,702,1.15,0.14,50,49.7,8.1,40
43400450050,阿蘇公園菊池線,阿蘇市・菊池市境,一般国道３８７号,43210,0,9.3,,353,,349,702,1.15,0.13,47.1,46.9,8.2,40
43400460010,荒尾長洲線,荒尾南関線,金山櫟野線,43204,0,1.4,荒尾市平山,3676,荒尾市平山,3664,7340,1.24,0.69,31.8,41.8,15,50
43400460020,荒尾長洲線（新道）,金山櫟野線,一般国道２０８号,43204,0,3.2,,,,,,,,28.9,28,15,50
43400460030,荒尾長洲線,一般国道２０８号,荒尾市・長洲町境,43204,0,2.7,玉名郡長洲町高浜,3427,玉名郡長洲町高浜,3429,6856,1.22,0.8,40.8,47.7,12.5,50
43400460040,荒尾長洲線,荒尾市・長洲町境,長洲玉名線,43368,0,0.1,玉名郡長洲町高浜,3427,玉名郡長洲町高浜,3429,6856,1.22,0.99,37.3,21.7,10.2,40
43400460050,荒尾長洲線,長洲玉名線,一般国道３８９号,43368,0,2.4,玉名郡長洲町長洲,3512,玉名郡長洲町長洲,3650,7162,1.24,0.3,27.7,24,8.9,40
43400470010,本渡五和線,本渡苓北線,天草空港線,43215,0,1.9,天草市本町枦の原,3372,天草市本町枦の原,3199,6571,1.23,0.61,44.7,46.6,13.5,40
43400470020,本渡五和線,天草空港線,坂瀬川御領線,43215,0,1.6,天草市本町枦の原,3372,天草市本町枦の原,3199,6571,1.23,0.61,38.7,40.9,13.5,40
43400470030,本渡五和線,坂瀬川御領線,坂瀬川鬼池港線,43215,0,1.7,天草市本町枦の原,3372,天草市本町枦の原,3199,6571,1.23,0.61,56.3,54.7,13.5,40
43400470040,本渡五和線,坂瀬川鬼池港線,一般国道３２４号,43215,0,5.5,天草市五和町手野,2143,天草市五和町手野,2132,4275,1.22,0.41,36.6,44.9,8,40
43400480010,多良木相良線,錦湯前線,多良木町・あさぎり町境,43505,0,1.9,球磨郡あさぎり町竹野,1583,球磨郡あさぎり町竹野,1525,3108,1.21,0.35,41,31,9,40
43400480020,多良木相良線,多良木町・あさぎり町境,一般国道２１９号,43514,0,5.1,球磨郡あさぎり町竹野,1583,球磨郡あさぎり町竹野,1525,3108,1.21,0.35,33.1,31.4,10,40
43400480040,多良木相良線,一般国道２１９号,人吉水上線,43514,0,2.2,球磨郡あさぎり町免田西,1322,球磨郡あさぎり町免田西,1414,2736,1.21,0.33,32.5,36.9,8.5,50
43400480060,多良木相良線,人吉水上線,あさぎり町・相良村境,43514,0,4.5,,1569,,1428,2997,1.21,0.41,39.1,46.5,13.5,40
43400480070,多良木相良線,あさぎり町・相良村境,一般国道４４５号,43510,0,1.4,,1569,,1428,2997,1.21,0.31,46.2,39.6,8,40
43400490010,熊本大津線,一般国道３８７号,,43105,0,0.5,熊本市北区飛田4丁目,2765,熊本市北区飛田4丁目,2932,5697,1.22,0.65,20.8,7.8,11,30
43400490020,熊本大津線,,熊本菊鹿線,43216,0,0,,7952,,7565,15517,1.26,1.34,25.9,6.3,12.5,30
43400490040,熊本大津線,熊本菊鹿線,託麻北部線,43105,0,1.2,熊本市北区清水新地7丁目,5688,熊本市北区清水新地7丁目,5730,11418,1.23,1.25,15.2,21.8,14.5,30
43400490050,熊本大津線,託麻北部線,一般国道３号（熊本北バイパス）,43105,0,0.2,熊本市北区清水新地7丁目,5688,熊本市北区清水新地7丁目,5730,11418,1.23,1.25,10.2,7.8,14.5,30
43400490060,熊本大津線,一般国道３号（熊本北バイパス）,,43105,0,1.4,熊本市北区清水新地7丁目,5688,熊本市北区清水新地7丁目,5730,11418,1.23,1.25,14.5,18.8,14.5,30
43400490065,熊本大津線,,,43404,0,0.2,,7626,,7891,15517,1.26,1.53,20.6,17.7,9,40
43400490070,熊本大津線,,菊陽町・合志市境,43404,0,1.7,,7626,,7891,15517,1.26,1.53,18.2,22.6,9,40
43400490080,熊本大津線,菊陽町・合志市境,住吉熊本線,43216,0,2.4,,7626,,7891,15517,1.26,1.25,17,14.6,13,40
43400490090,熊本大津線,住吉熊本線,大津西合志線,43216,0,0.6,合志市幾久富,10274,合志市幾久富,10657,20931,1.26,2.14,17.8,21.3,13,50
43400490100,熊本大津線,大津西合志線,大津植木線（現道）,43216,0,0.9,合志市幾久富,10274,合志市幾久富,10657,20931,1.26,2.14,14.6,15.7,13,50
43400490120,熊本大津線,大津植木線（旧道、現道）,住吉熊本線,43216,0,0.7,合志市合生,4681,合志市合生,4323,9004,1.15,0.81,24.4,16.7,12,50
43400490130,熊本大津線,住吉熊本線,合志市・菊池市境,43216,0,2.5,,401,,430,831,1.15,0.1,36.8,46.2,12,50
43400490140,熊本大津線,合志市・菊池市境,菊池市・大津町境,43210,0,0.8,,401,,430,831,1.15,0.12,46.4,43.4,8.6,40
43400490150,熊本大津線,菊池市・大津町境,一般国道３２５号,43403,0,1,,401,,430,831,1.15,0.1,33.5,27.7,7.4,30
43400490160,熊本大津線,一般国道３２５号,大津町・菊池市境,43403,0,2.7,,401,,430,831,1.15,0.1,25.1,27.1,7.4,30
43400490170,熊本大津線,大津町・菊池市境,菊池市・大津町境,43210,0,0.2,,401,,430,831,1.15,0.09,38.6,39.7,13,40
43400490180,熊本大津線,菊池市・大津町境,菊池赤水線,43403,0,0.7,,401,,430,831,1.15,0.09,39.4,37.7,10.5,40
43400500010,熊本嘉島線,一般国道５０１号,熊本嘉島線（旧道）,43104,0,2.3,熊本市南区中無田町,2848,熊本市南区中無田町,3096,5944,1.22,0.62,32.1,36,10.5,50
43400500020,熊本嘉島線,熊本嘉島線（旧道）,畠口川尻停車場線,43104,0,1.8,熊本市南区中無田町,2848,熊本市南区中無田町,3096,5944,1.22,0.62,52.3,44.2,10.5,50
43400500030,熊本嘉島線,畠口川尻停車場線,川尻宇土線,43104,0,0.5,熊本市南区中無田町,2848,熊本市南区中無田町,3096,5944,1.22,0.62,29.4,8.6,10.5,50
43400500040,熊本嘉島線,川尻宇土線,神水川尻線,43104,0,0.1,熊本市南区中無田町,2848,熊本市南区中無田町,3096,5944,1.22,0.62,6.9,13.4,10.5,50
43400500050,熊本嘉島線,神水川尻線,熊本嘉島線（旧道）,43104,0,0.8,熊本市南区中無田町,2848,熊本市南区中無田町,3096,5944,1.22,0.62,11.5,26,10.5,50
43400500060,熊本嘉島線,熊本嘉島線（旧道）,一般国道３号,43104,0,0.9,熊本市南区川尻1丁目,4117,熊本市南区川尻1丁目,6179,10296,1.25,1.02,25.4,7.9,16,40
43400500070,熊本嘉島線,一般国道３号,,43104,0,1.7,熊本市南区野田3丁目,4486,熊本市南区野田3丁目,3572,8058,1.23,0.68,37.9,47.6,7,50
43400500080,熊本嘉島線,,田迎木原線,43442,0,0.9,上益城郡嘉島町犬渕,7394,上益城郡嘉島町犬渕,8003,15397,1.24,1.12,35.5,25.5,8.3,50
43400500090,熊本嘉島線,田迎木原線,,43442,0,1.4,上益城郡嘉島町犬渕,7394,上益城郡嘉島町犬渕,8003,15397,1.24,1.12,25.5,32.4,8.3,50
43400500100,熊本嘉島線,,一般国道２６６号,43442,0,2,上益城郡嘉島町犬渕,7394,上益城郡嘉島町犬渕,8003,15397,1.24,1.12,28.2,17.3,8.3,50
43400500110,熊本嘉島線,一般国道２６６号,一般国道４４５号,43442,0,1,上益城郡嘉島町上島,6667,上益城郡嘉島町上島,8018,14685,1.25,0.95,16.4,23.4,9,50
43400500130,熊本嘉島線（旧道）,熊本嘉島線,熊本嘉島線,43104,0,2.1,熊本市南区中無田町,903,熊本市南区中無田町,865,1768,1.18,0.26,29.3,25.6,6.5,30
43400510010,熊本港線,,海路口小島線,43103,0,0.9,熊本市西区沖新町,2153,熊本市西区沖新町,2215,4368,1.22,0.23,44.4,35.4,36,60
43400510020,熊本港線,海路口小島線,一般国道５０１号,43103,0,2.5,熊本市西区沖新町,2153,熊本市西区沖新町,2215,4368,1.22,0.23,47.4,47.8,36,60
43400510025,熊本港線,一般国道５０１号,熊本市西区・熊本市南区境,43103,0,0.9,熊本市南区荒尾1丁目,13722,熊本市南区荒尾1丁目,11845,25567,1.28,0.54,32.8,51,36,60
43400510030,熊本港線,熊本市西区・熊本市南区境,並建熊本線,43104,0,1.9,熊本市南区荒尾1丁目,13722,熊本市南区荒尾1丁目,11845,25567,1.28,0.54,34.5,34.8,36,60
43400510040,熊本港線,並建熊本線,並建熊本線（新道）,43104,0,0.6,熊本市南区荒尾1丁目,13722,熊本市南区荒尾1丁目,11845,25567,1.28,0.54,34.3,20.7,36,60
43400510050,熊本港線,並建熊本線（新道）,一般国道３号,43104,0,2,熊本市南区島町3丁目,15855,熊本市南区島町3丁目,17381,33236,1.31,1.36,17,17.9,40,60
43400520010,小川泉線,小川嘉島線,,43213,0,2.4,,,,,,,,32.8,29.3,8,60
43400520030,小川泉線,一般国道４４３号,久連子落合線,43202,0,4.5,,798,,728,1526,1.18,0.2,24.6,29.9,7,40
43400520040,小川泉線,久連子落合線,樅木河合場線,43202,0,4,,338,,308,646,1.15,0.07,31.8,31.8,7,40
43400520050,小川泉線,樅木河合場線,一般国道４４５号,43202,0,24.7,,133,,131,264,1.25,0.04,31.8,31.8,6,60
43400520070,小川泉線,,一般国道４４３号,43202,0,0.8,,,,,,,,34.6,34.6,6.5,60
43400530010,植木インター菊池線,一般国道３号,,43105,0,2.4,熊本市北区植木町豊田,4921,熊本市北区植木町豊田,4571,9492,1.24,0.91,29,39.5,18.8,40
43400530020,植木インター菊池線,,辛川鹿本線,43210,0,1.7,,,,,,,,42.7,35.8,13.5,40
43400530030,植木インター菊池線,辛川鹿本線,熊本菊鹿線,43210,0,0.5,,,,,,,,30.4,34.5,13.5,40
43400530050,植木インター菊池線,熊本菊鹿線,旭志鹿本線,43210,0,1.3,,3337,,3456,6793,1.23,0.5,38.6,37.5,16,40
43400530060,植木インター菊池線,旭志鹿本線,一般国道３８７号,43210,0,3.5,菊池市北古閑,3710,菊池市北古閑,3799,7509,1.2,0.66,30.1,33.6,16,40
43400540010,人吉インター線,九州縦貫自動車道鹿児島線宮崎線,相良人吉線,43203,0,0.2,人吉市鶴田町,4481,人吉市鶴田町,4836,9317,1.24,1.21,10.7,10.9,16,40
43400540020,人吉インター線,相良人吉線,一般国道４４５号,43203,0,1.3,人吉市鶴田町,4481,人吉市鶴田町,4836,9317,1.24,1.21,14.9,17,16,40
43400550010,山鹿植木線,一般国道３号,大牟田植木線,43208,0,6.7,山鹿市南島,2095,山鹿市南島,1865,3960,1.21,0.41,37.1,40.4,7.5,40
43400550020,山鹿植木線,大牟田植木線,山鹿市・玉東町境,43208,0,3.9,山鹿市南島,2095,山鹿市南島,1865,3960,1.21,0.41,37.1,40.4,7.5,40
43400550030,山鹿植木線,山鹿市・玉東町境,,43364,0,0.3,山鹿市南島,2095,山鹿市南島,1865,3960,1.21,5.86,20.9,31.3,4.5,60
43400550040,山鹿植木線,,一般国道２０８号,43105,0,2,山鹿市南島,2095,山鹿市南島,1865,3960,1.21,0.39,24,36.5,7.6,40
43400560010,水俣田浦線,一般国道３号,水俣市・津奈木町境,43205,0,6.7,,1023,,1052,2075,1.19,0.3,31.2,30.5,11,40
43400560020,水俣田浦線,水俣市・津奈木町境,一般国道３号,43484,0,0.4,,1023,,1052,2075,1.19,0.36,37.1,18.9,9.5,40
43400560040,水俣田浦線,一般国道３号,津奈木町・芦北町境,43484,0,11.5,葦北郡津奈木町大字岩城,681,葦北郡津奈木町大字岩城,592,1273,1.16,0.18,37,37.4,10.5,40
43400560050,水俣田浦線,津奈木町・芦北町境,一般国道３号,43482,0,5.2,葦北郡津奈木町大字岩城,681,葦北郡津奈木町大字岩城,592,1273,1.16,0.16,41.4,37.5,11,40
43400560070,水俣田浦線,一般国道３号,一般国道３号,43482,0,7.5,,1510,,1457,2967,1.21,0.33,31.6,36.5,11.5,50
43400570010,益城矢部線,熊本高森線,,43443,0,3.4,,214,,202,416,1.25,0.05,31.7,41.9,9,30
43400570020,益城矢部線,,,43443,0,0.7,,214,,202,416,1.25,0.05,32.1,31.9,9,30
43400570030,益城矢部線,,益城町・御船町境,43443,0,0.4,,214,,202,416,1.25,0.05,32.1,31.9,9,30
43400570040,益城矢部線,益城町・御船町境,田代御船線,43441,0,7.4,,214,,202,416,1.25,0.24,32.1,31.9,6.5,60
43400570050,益城矢部線,田代御船線,御船町・山都町境,43441,0,4.6,,214,,202,416,1.25,0.24,29.8,28.8,6.5,60
43400570060,益城矢部線,御船町・山都町境,一般国道４４５号,43447,0,3.5,,214,,202,416,1.25,0.05,32.5,34.6,13.5,60
43400580010,宇土不知火線,一般国道５７号,宇土市・宇城市境,43211,0,7.5,,580,,545,1125,1.16,1.62,26.7,31.9,5,30
43400580020,宇土不知火線,宇土市・宇城市境,一般国道２６６号,43213,0,5.2,,580,,545,1125,1.16,0.2,20.4,31.9,8,60
43400590010,有明倉岳線,一般国道３２４号,天草市・上天草市境,43215,0,4.8,,212,,219,431,1.25,0.27,34.9,34.9,5.5,60
43400590020,有明倉岳線,天草市・上天草市境,松島馬場線,43212,0,3.1,,212,,219,431,1.25,0.48,34.9,34.9,5,60
43400590040,有明倉岳線,松島馬場線,上天草市・天草市境,43212,0,2.9,,585,,491,1076,1.16,0.14,40.9,43.9,8.5,60
43400590050,有明倉岳線,上天草市・天草市境,一般国道２６６号,43215,0,3.9,,585,,491,1076,1.16,0.13,42.4,41.3,9,60
43400600150,芦北坂本線,芦北球磨線,,43482,0,1.2,,,,,,,,42.4,47.5,11,60
43400600010,芦北坂本線,,球磨田浦線,43482,0,9.5,,616,,580,1196,1.16,0.19,30,30.4,11,60
43400600020,芦北坂本線,球磨田浦線,球磨田浦線,43482,0,7,,616,,580,1196,1.16,0.19,36.7,33.9,11,60
43400600030,芦北坂本線,球磨田浦線,芦北町・八代市境,43482,0,2.8,,222,,208,430,1.25,0.44,35.8,38.2,6,40
43400600040,芦北坂本線,芦北町・八代市境,破木二見線,43202,0,5.3,,222,,208,430,1.25,0.05,35.8,38.2,8,30
43400600050,芦北坂本線,破木二見線,,43202,0,3.4,,222,,208,430,1.25,0.05,34.6,25,8,30
43400600060,芦北坂本線,,,43202,0,0.5,,222,,208,430,1.25,0.05,38.2,17.5,8,30
43400600070,芦北坂本線,,一般国道２１９号,43202,0,1,,222,,208,430,1.25,0.05,37.9,34,8,30
43601010010,植木河内港線,一般国道３号,玉名植木線,43105,0,0.1,熊本市北区北迫町,444,熊本市北区北迫町,521,965,1.13,0.12,5.4,12.1,11.7,40
43601010020,植木河内港線,玉名植木線,熊本田原坂線,43105,0,3.9,熊本市北区北迫町,444,熊本市北区北迫町,521,965,1.13,0.12,35.9,39.3,11.7,40
43601010025,植木河内港線,熊本田原坂線,熊本市北区・熊本市西区境,43105,0,1.4,熊本市西区河内町東門寺,360,熊本市西区河内町東門寺,397,757,1.15,0.11,34.1,37.5,6.5,40
43601010030,植木河内港線,熊本市北区・熊本市西区境,小天下硯川線,43103,0,3.3,熊本市西区河内町東門寺,360,熊本市西区河内町東門寺,397,757,1.15,0.11,41.7,42.2,6.5,40
43601010040,植木河内港線,小天下硯川線,小天下硯川線,43103,0,1.1,熊本市西区河内町東門寺,360,熊本市西区河内町東門寺,397,757,1.15,0.11,44.2,38.4,6.5,40
43601010050,植木河内港線,小天下硯川線,熊本玉名線,43103,0,3.9,熊本市西区河内町東門寺,360,熊本市西区河内町東門寺,397,757,1.15,0.11,37.7,39.4,6.5,40
43601010070,植木河内港線,熊本玉名線,一般国道５０１号,43103,0,6.1,熊本市西区河内町船津,1078,熊本市西区河内町船津,1134,2212,1.16,0.23,41.4,36.6,9.5,40
43601010090,植木河内港線,一般国道５０１号,,43103,0,0.8,,599,,513,1112,1.16,0.13,29.7,21.4,7.6,30
43601020010,上漆田東間下線,一般国道２２１号,一般国道２１９号,43203,0,5.3,,488,,501,989,1.15,0.11,32.5,31.6,10,60
43601030010,熊本空港線,一般国道２６６号,画図秋津線,43102,0,2,熊本市東区画図町画図東,8742,熊本市東区画図町画図東,9794,18536,1.23,1.5,24.2,23.3,10.8,40
43601030020,熊本空港線,画図秋津線,神水川尻線,43102,0,0.7,熊本市東区画図町画図東,8742,熊本市東区画図町画図東,9794,18536,1.23,1.5,16.3,16.1,10.8,40
43601030030,熊本空港線,神水川尻線,神水川尻線,43102,0,1.1,熊本市東区画図町画図東,8742,熊本市東区画図町画図東,9794,18536,1.23,1.5,16.5,24.8,10.8,40
43601030040,熊本空港線,神水川尻線,一般国道５７号,43102,0,0.7,熊本市東区画図町画図東,8742,熊本市東区画図町画図東,9794,18536,1.23,1.5,22.7,12.3,10.8,40
43601030050,熊本空港線,一般国道５７号,熊本空港線,43102,0,1,熊本市東区画図町画図東,8742,熊本市東区画図町画図東,9794,18536,1.23,1.5,19.1,17.2,10.8,40
43601030180,熊本空港線,神水川尻線,一般国道５７号,43102,0,1.3,熊本市東区下江津2丁目,4533,熊本市東区下江津2丁目,4963,9496,1.24,0.91,20.4,12.2,16,40
43601030185,熊本空港線,一般国道５７号,熊本市東区・熊本市中央区境,43102,0,0.8,熊本市東区下江津2丁目,4533,熊本市東区下江津2丁目,4963,9496,1.24,0.91,9.7,21.3,16,40
43601030189,熊本空港線,熊本市東区・熊本市中央区境,熊本市中央区・熊本市東区境,43101,0,0.2,熊本市東区下江津2丁目,4533,熊本市東区下江津2丁目,4963,9496,1.24,0.91,24.5,12.6,16,40
43601030190,熊本空港線,熊本市中央区・熊本市東区境,熊本空港線,43102,0,0.1,熊本市東区下江津2丁目,4533,熊本市東区下江津2丁目,4963,9496,1.24,0.91,25.4,7.3,16,40
43601030055,熊本空港線,熊本空港線,,43101,0,0.4,熊本市東区下江津2丁目,4533,熊本市東区下江津2丁目,4963,9496,1.24,0.91,19.5,6.6,16,40
43601030060,熊本空港線,,熊本高森線,43101,0,0.3,熊本市東区下江津2丁目,4533,熊本市東区下江津2丁目,4963,9496,1.24,0.91,11.5,5.9,16,40
43601030073,熊本空港線,熊本高森線,,43101,0,0.8,熊本市中央区新大江3丁目,4242,熊本市中央区新大江3丁目,4321,8563,1.27,0.9,8,12.7,8.4,40
43601030075,熊本空港線,,熊本市中央区・熊本市東区境,43101,0,1.4,熊本市中央区新大江3丁目,4242,熊本市中央区新大江3丁目,4321,8563,1.27,0.9,11.6,11.1,8.4,40
43601030079,熊本空港線,熊本市中央区・熊本市東区境,本荘５丁目帯山９丁目第１号線,43102,0,0.1,熊本市中央区新大江3丁目,4242,熊本市中央区新大江3丁目,4321,8563,1.27,0.9,12.9,6.6,8.4,40
43601030080,熊本空港線,本荘５丁目帯山９丁目第１号線,一般国道５７号,43102,0,0.6,熊本市中央区新大江3丁目,4242,熊本市中央区新大江3丁目,4321,8563,1.27,0.9,9.7,7.9,8.4,40
43601030085,熊本空港線,一般国道５７号,,43102,0,0.7,熊本市東区長嶺東4丁目,5233,熊本市東区長嶺東4丁目,5398,10631,1.28,1.22,4.9,10.9,8.4,40
43601030090,熊本空港線,,熊本空港線,43102,0,1,熊本市東区長嶺東4丁目,5233,熊本市東区長嶺東4丁目,5398,10631,1.28,1.22,17.4,15.1,8.4,40
43601030205,熊本空港線,熊本空港線,,43102,0,1.3,熊本市東区長嶺西3丁目,5950,熊本市東区長嶺西3丁目,7005,12955,1.29,1.12,12.5,15.2,10,40
43601030210,熊本空港線,,小池竜田線,43102,0,0,熊本市東区長嶺西3丁目,5950,熊本市東区長嶺西3丁目,7005,12955,1.29,1.12,10,6.6,10,40
43601030220,熊本空港線,小池竜田線,熊本空港線,43102,0,2.9,熊本市東区長嶺南6丁目,14378,熊本市東区長嶺南6丁目,14835,29213,1.29,1.09,23.7,32.9,26,50
43601030230,熊本空港線,熊本空港線,益城菊陽線,43102,0,0.2,熊本市東区長嶺南6丁目,14378,熊本市東区長嶺南6丁目,14835,29213,1.29,1.09,57.7,59.3,26,50
43601030240,熊本空港線,益城菊陽線,小山町平山町第１号線,43102,0,0.6,熊本市東区長嶺南6丁目,14378,熊本市東区長嶺南6丁目,14835,29213,1.29,1.09,52.6,34.2,26,50
43601030100,熊本空港線,熊本空港線,小池竜田線,43102,0,1.8,熊本市東区長嶺東4丁目,5233,熊本市東区長嶺東4丁目,5398,10631,1.28,1.22,16.4,17.5,8.4,40
43601030110,熊本空港線,小池竜田線,熊本空港線,43102,0,1.1,熊本市東区戸島5丁目,5892,熊本市東区戸島5丁目,5473,11365,1.31,0.92,16.3,18.3,11.2,50
43601030120,熊本空港線,熊本空港線,益城菊陽線,43102,0,0.2,熊本市東区戸島5丁目,5892,熊本市東区戸島5丁目,5473,11365,1.31,0.92,15.9,15.9,11.2,50
43601030130,熊本空港線,益城菊陽線,益城菊陽線,43102,0,1,熊本市東区戸島5丁目,5892,熊本市東区戸島5丁目,5473,11365,1.31,0.92,27.3,12,11.2,50
43601030140,熊本空港線,益城菊陽線,一般国道４４３号,43102,0,1.9,熊本市東区戸島5丁目,5892,熊本市東区戸島5丁目,5473,11365,1.31,0.92,20.7,26.5,11.2,50
43601030160,熊本空港線,一般国道４４３号,熊本益城大津線,43404,0,2.4,菊池郡菊陽町戸次,3550,菊池郡菊陽町戸次,3393,6943,1.23,0.72,36.9,37.7,9.3,40
43601040003,熊本浜線,一般国道２６６号,,43101,0,0.4,熊本市南区田迎町良町,4281,熊本市南区田迎町良町,3946,8227,1.24,1.01,9.2,12,7.3,40
43601040005,熊本浜線,,熊本市中央区・熊本市南区境,43101,0,0.7,熊本市南区田迎町良町,4281,熊本市南区田迎町良町,3946,8227,1.24,1.01,13.4,14.2,7.3,40
43601040009,熊本浜線,熊本市中央区・熊本市南区境,野中３丁目田迎５丁目第１号線,43104,0,0.6,熊本市南区田迎町良町,4281,熊本市南区田迎町良町,3946,8227,1.24,1.01,19.4,10.3,7.3,40
43601040010,熊本浜線,野中３丁目田迎５丁目第１号線,一般国道５７号,43104,0,1.1,熊本市南区田迎町良町,4281,熊本市南区田迎町良町,3946,8227,1.24,1.01,12.9,12.1,7.3,40
43601040020,熊本浜線,一般国道５７号,田迎木原線,43104,0,0.4,熊本市南区田迎町良町,4281,熊本市南区田迎町良町,3946,8227,1.24,1.01,7,19,7.3,40
43601040025,熊本浜線,田迎木原線,熊本市南区・熊本市東区境,43104,0,1.4,熊本市南区田迎町良町,4281,熊本市南区田迎町良町,3946,8227,1.24,1.01,24.8,30.8,7.3,40
43601040030,熊本浜線,熊本市南区・熊本市東区境,一般国道２６６号,43102,0,0.9,熊本市南区田迎町良町,4281,熊本市南区田迎町良町,3946,8227,1.24,1.01,30.4,15,7.3,40
43601050010,甲佐小川線,一般国道４４３号,甲佐町・美里町境,43444,0,0.7,,,,,,,,25.6,22.5,12.7,30
43601050020,甲佐小川線,甲佐町・美里町境,一般国道２１８号,43348,0,1.6,,,,,,,,31.6,33.9,7.1,40
43601050040,甲佐小川線,一般国道２１８号,美里町・宇城市境,43348,0,5.4,,226,,230,456,1.25,0.07,41.3,43.6,8,60
43601050050,甲佐小川線,美里町・宇城市境,小川嘉島線,43213,0,4.9,,226,,230,456,1.25,0.07,37.6,38.4,8,60
43601060010,嘉島甲佐線,小川嘉島線,御船町・甲佐町境,43441,0,2.1,上益城郡御船町陣,6254,上益城郡御船町陣,5712,11966,1.25,0.89,41.9,46.5,11.2,50
43601060020,嘉島甲佐線,御船町・甲佐町境,御船甲佐線,43444,0,1.7,上益城郡御船町陣,6254,上益城郡御船町陣,5712,11966,1.25,0.91,37,32.2,11.3,50
43601060030,嘉島甲佐線,御船甲佐線,御船甲佐線,43444,0,0.1,上益城郡御船町陣,6254,上益城郡御船町陣,5712,11966,1.25,0.91,10.9,33.3,11.3,50
43601060040,嘉島甲佐線,御船甲佐線,宇土甲佐線,43444,0,1.4,上益城郡御船町陣,6254,上益城郡御船町陣,5712,11966,1.25,0.91,40.3,40.1,11.3,50
43601070010,満越城本線,一般国道２６６号,一般国道２６６号,43212,0,6.9,,1439,,1701,3140,1.21,0.26,29.7,31,10.5,40
43601090010,大浦港線,,一般国道３２４号,43215,0,1.5,,229,,272,501,1.21,0.38,36.5,35.5,5.5,60
43601100010,阿蘇一の宮線,一般国道２１２号,内牧坂梨線,43214,0,1.4,,2506,,2145,4651,1.22,0.47,31.3,43.2,6.5,40
43601100020,阿蘇一の宮線,内牧坂梨線,別府一の宮線,43214,0,6.3,,2506,,2145,4651,1.22,0.47,36.8,40.7,6.5,40
43601110010,阿蘇吉田線,一般国道５７号,阿蘇公園下野線,43214,0,9.5,,1132,,1160,2292,1.2,0.45,38.1,43.6,7.2,40
43601110020,阿蘇吉田線,阿蘇公園下野線,阿蘇市・南阿蘇村境,43214,0,2.5,,1132,,1160,2292,1.2,0.45,40.4,41.2,7.2,40
43601110030,阿蘇吉田線,阿蘇市・南阿蘇村境,南阿蘇村・阿蘇市境,43433,0,1.6,,1132,,1160,2292,1.2,0.47,28,31.6,10.5,40
43601110040,阿蘇吉田線,南阿蘇村・阿蘇市境,阿蘇市・南阿蘇村境,43214,0,1,,1132,,1160,2292,1.2,0.46,41.6,39.2,7.1,40
43601110050,阿蘇吉田線,阿蘇市・南阿蘇村境,阿蘇公園下野線,43433,0,0.1,,1132,,1160,2292,1.2,0.43,25.5,31.8,8.3,40
43601110060,阿蘇吉田線,阿蘇公園下野線,一般国道３２５号,43433,0,12.3,,1132,,1160,2292,1.2,0.43,53,49.4,8.3,40
43601120010,長洲玉名線,荒尾長洲線,長洲町・玉名市境,43368,0,3.9,玉名郡長洲町清源寺,3932,玉名郡長洲町清源寺,4002,7934,1.23,1.02,31.5,32.5,7.3,30
43601120020,長洲玉名線,長洲町・玉名市境,大野下停車場線,43206,0,1.7,玉名郡長洲町清源寺,3932,玉名郡長洲町清源寺,4002,7934,1.23,0.98,38,37.1,7.2,40
43601120030,長洲玉名線,大野下停車場線,玉名植木線,43206,0,4.3,,2305,,2346,4651,1.22,0.47,35.2,35.2,7.6,40
43601120040,長洲玉名線,玉名植木線,,43206,0,0.1,,2305,,2346,4651,1.22,0.47,18.2,19.1,7.6,40
43601120050,長洲玉名線,,寺田岱明線,43206,0,0.7,,2305,,2346,4651,1.22,0.47,17.3,9.5,7.6,40
43601130010,玉名植木線,長洲玉名線,大浜小天線,43206,0,2.6,,2401,,2213,4614,1.22,0.19,41.1,40.9,8.3,40
43601130020,玉名植木線,大浜小天線,熊本玉名線,43206,0,2.7,,2401,,2213,4614,1.22,0.19,35.6,36.4,8.3,40
43601130040,玉名植木線,熊本玉名線,肥後伊倉停車場線,43206,0,0.3,玉名市天水町野部田,469,玉名市天水町野部田,430,899,1.16,0.14,25,23.7,6.5,60
43601130050,玉名植木線,肥後伊倉停車場線,部田見木葉線,43206,0,2.7,玉名市天水町野部田,469,玉名市天水町野部田,430,899,1.16,0.14,23.4,39.7,6.5,60
43601130060,玉名植木線,部田見木葉線,玉名市・玉東町境,43206,0,2.1,玉名市天水町野部田,469,玉名市天水町野部田,430,899,1.16,0.14,30.9,28.3,6.5,60
43601130070,玉名植木線,玉名市・玉東町境,部田見木葉線,43364,0,1,玉名市天水町野部田,469,玉名市天水町野部田,430,899,1.16,0.13,34.6,32.9,6.5,60
43601130080,玉名植木線,部田見木葉線,,43364,0,3.5,玉名市天水町野部田,469,玉名市天水町野部田,430,899,1.16,0.13,58.3,40.8,6.5,60
43601130090,玉名植木線,,熊本田原坂線,43105,0,3,玉名市天水町野部田,469,玉名市天水町野部田,430,899,1.16,0.35,26.9,18.3,6,40
43601130095,玉名植木線,熊本田原坂線,一般国道３号（植木バイパス）,43105,0,2.3,熊本市北区植木町大和,3144,熊本市北区植木町大和,3000,6144,1.23,0.6,29,34.2,11.8,40
43601130100,玉名植木線,一般国道３号（植木バイパス）,植木河内港線,43105,0,0.8,熊本市北区植木町大和,3144,熊本市北区植木町大和,3000,6144,1.23,0.6,29.6,18.1,11.8,40
43601130120,玉名植木線,一般国道３号,一般国道３号（植木バイパス）,43105,0,0.4,熊本市北区植木町大和,3144,熊本市北区植木町大和,3000,6144,1.23,0.6,38.2,7.8,11.8,40
43601170010,水俣出水線,一般国道３号,湯出大口線,43205,0,9.2,,1002,,913,1915,1.19,0.31,40.3,40.1,11,40
43601170020,水俣出水線,湯出大口線,水俣出水線,43205,0,4.7,,1002,,913,1915,1.19,0.31,33.8,35.2,11,40
43601180010,湯出大口線,水俣出水線,湯出大口線,43205,0,6.5,,244,,271,515,1.21,0.07,26.6,32.1,8,60
43601180030,湯出大口線,湯出大口線,湯出大口線,43205,0,0.8,,244,,271,515,1.21,0.29,26.5,18.1,7,30
43601180050,湯出大口線,湯出大口線,湯出大口線,43205,0,0.3,,244,,271,515,1.21,2.24,28.4,22.3,4.2,30
43601190010,植木山鹿線,大牟田植木線,,43105,0,2.9,山鹿市鹿央町千田,1387,山鹿市鹿央町千田,1389,2776,1.2,0.33,41.8,48,21.2,40
43601190020,植木山鹿線,,一般国道３号,43208,0,3.6,山鹿市鹿央町千田,1387,山鹿市鹿央町千田,1389,2776,1.2,0.36,44.7,42.9,6.6,40
43601240010,金山櫟野線,一般国道２０８号,荒尾長洲線,43204,0,3.6,,2025,,2045,4070,1.21,0.42,32.9,32.1,9.7,40
43601240030,金山櫟野線,荒尾南関線,金山檪野線,43204,0,0.4,,,,,,,,22.5,22.4,8.4,40
43601260010,大牟田荒尾線,一般国道３８９号,,43204,0,3.7,荒尾市荒尾,4219,荒尾市荒尾,4598,8817,1.16,1.06,18.8,23.8,11,40
43601260030,大牟田荒尾線,,一般国道２０８号,43204,0,0.9,,,,,,,,21.5,26.5,20.5,50
43601270010,岩野黒木線,黒木鹿北線,岩野黒木線,43208,0,4.5,,284,,312,596,1.19,0.09,35.6,41.5,8.5,40
43601310010,笹倉久住線,南小国波野線,笹倉久住線,43425,0,3.3,阿蘇郡産山村山鹿字南谷,560,阿蘇郡産山村山鹿字南谷,526,1086,1.16,0.16,44.7,45.4,11,40
43601330010,鯛生菊池線,鯛生菊池線,一般国道３８７号,43210,0,19.4,,1051,,1143,2194,1.19,0.29,39.9,40,7,40
43601340010,南小国上津江線,南小国波野線,一般国道２１２号,43423,0,0.8,阿蘇郡南小国町中原,219,阿蘇郡南小国町中原,209,428,1.07,0.47,21.5,18.2,11,40
43601340020,南小国上津江線,一般国道２１２号,南小国上津江線,43423,0,6.4,阿蘇郡南小国町中原,219,阿蘇郡南小国町中原,209,428,1.07,0.08,43.6,43.8,5,40
43601350010,高森竹田線,上色見草部線,河原新波野線,43214,0,4,,199,,194,393,1.25,0.41,35.7,29.8,5,60
43601350020,高森竹田線,河原新波野線,河原新波野線,43214,0,0.1,,199,,194,393,1.25,0.41,28.8,24.1,5,60
43601350030,高森竹田線,河原新波野線,高森波野線,43214,0,5.4,,199,,194,393,1.25,0.41,40.1,37.7,5,60
43601350040,高森竹田線,高森波野線,高森竹田線,43214,0,0,,199,,194,393,1.25,0.41,30,22.1,5,60
43601370010,上野田黒渕線,上野田黒渕線,一般国道３８７号,43424,0,4.1,,76,,80,156,1.25,0.15,24.2,24.2,5,40
43601380010,辛川鹿本線,一般国道４４３号,瀬田熊本線,43404,0,2.3,,1219,,1335,2554,1.2,0.3,27.4,36.1,8.5,60
43601380020,辛川鹿本線,瀬田熊本線,辛川鹿本線,43404,0,0.3,,1219,,1335,2554,1.2,0.3,29,29.6,8.5,60
43601380030,辛川鹿本線,辛川鹿本線,瀬田竜田線,43404,0,0.9,,1219,,1335,2554,1.2,0.3,36.7,19.1,8.5,60
43601380040,辛川鹿本線,瀬田竜田線,瀬田竜田線,43404,0,0.8,,1219,,1335,2554,1.2,0.3,33.4,38.6,8.5,60
43601380050,辛川鹿本線,瀬田竜田線,一般国道５７号,43404,0,0.7,,1219,,1335,2554,1.2,0.3,20.7,20.8,8.5,60
43601380060,辛川鹿本線,一般国道５７号,熊本菊陽線,43404,0,0.3,,1219,,1335,2554,1.2,0.4,12.1,15.1,9.7,40
43601380070,辛川鹿本線,熊本菊陽線,辛川鹿本線,43404,0,1.4,,1219,,1335,2554,1.2,0.3,14.2,23.8,9.8,40
43601380080,辛川鹿本線,辛川鹿本線,菊陽町・合志市境,43404,0,0.1,,1219,,1335,2554,1.2,0.3,19.1,24.5,9.8,40
43601380090,辛川鹿本線,菊陽町・合志市境,合志市・菊陽町境,43216,0,0.3,,3087,,3120,6207,1.22,0.63,38.3,43.2,13,40
43601380100,辛川鹿本線,合志市・菊陽町境,辛川鹿本線,43404,0,0.4,,3087,,3120,6207,1.22,0.61,39.7,16.5,11.6,40
43601380110,辛川鹿本線,辛川鹿本線,大津西合志線,43216,0,0.2,,3087,,3120,6207,1.22,0.71,29.7,6.2,16,40
43601380120,辛川鹿本線,大津西合志線,大津植木線（現道）,43216,0,1.1,合志市福原,4767,合志市福原,4218,8985,1.22,0.85,15,22.1,11,40
43601380140,辛川鹿本線,大津植木線（旧道、現道）,合志市・菊池市境,43216,0,5,,,,,,,,31.1,36.8,10.5,30
43601380150,辛川鹿本線,合志市・菊池市境,原植木線,43210,0,0.3,,,,,,,,35.2,23.5,11,30
43601380155,辛川鹿本線,原植木線,原植木線,43210,0,0.6,,,,,,,,24.3,25.2,11,30
43601380160,辛川鹿本線,原植木線,西古閑泗水線,43210,0,0.3,,,,,,,,18.1,27.1,11,30
43601380170,辛川鹿本線,西古閑泗水線,一般国道３８７号,43210,0,0.1,,,,,,,,13.4,6.7,11,30
43601380180,辛川鹿本線,一般国道３８７号,熊本菊鹿線,43210,0,4.4,菊池市泗水町亀尾,1952,菊池市泗水町亀尾,2116,4068,1.23,0.5,37.3,35.6,10,40
43601380190,辛川鹿本線,熊本菊鹿線,植木インター菊池線,43210,0,0.4,菊池市泗水町亀尾,1952,菊池市泗水町亀尾,2116,4068,1.23,0.5,20.3,22.4,10,40
43601380200,辛川鹿本線,植木インター菊池線,菊池市・山鹿市境,43210,0,2,,,,,,,,30.4,38.8,9.7,40
43601380210,辛川鹿本線,菊池市・山鹿市境,一般国道３２５号,43208,0,3.9,,,,,,,,34.8,33.1,7.4,40
43601380230,辛川鹿本線,辛川鹿本線,,43404,0,0.7,菊陽町辛川,1660,菊陽町辛川,1856,3516,1.21,16.42,34.8,36.6,5.5,30
43601380240,辛川鹿本線,,瀬田熊本線,43102,0,0.8,熊本市東区鹿帰瀬町,1660,熊本市東区鹿帰瀬町,1856,3516,1.21,0.52,34.9,30.2,10.5,50
43601380250,辛川鹿本線,瀬田熊本線,,43102,0,0.7,熊本市東区鹿帰瀬町,7985,熊本市東区鹿帰瀬町,8503,16488,1.26,1.27,23.4,34.8,14.5,50
43601380260,辛川鹿本線,,辛川鹿本線,43404,0,0.2,菊陽町津久礼,7985,菊陽町津久礼,8503,16488,1.26,1.45,40.4,21.6,16,50
43601380270,辛川鹿本線,辛川鹿本線,一般国道５７号,43404,0,0.6,,8601,,9316,17917,1.26,1.73,31.4,10.3,16,50
43601380275,辛川鹿本線,一般国道５７号,,43404,0,0.5,菊池郡菊陽町津久礼,7507,菊池郡菊陽町津久礼,8634,16141,1.23,1.17,7.7,16.4,14,40
43601380280,辛川鹿本線,,新山原水線,43404,0,0.5,菊池郡菊陽町津久礼,7507,菊池郡菊陽町津久礼,8634,16141,1.23,1.17,10,15.3,14,40
43601380310,辛川鹿本線,辛川鹿本線,瀬田竜田線,43404,0,0.3,,,,,,,,10,30.1,11,60
43601380285,辛川鹿本線,新山原水線,辛川鹿本線,43404,0,0.8,,3034,,3500,6534,1.23,0.93,16.6,33,11.5,40
43601380290,辛川鹿本線,辛川鹿本線,辛川鹿本線,43404,0,0.5,,3034,,3500,6534,1.23,0.93,17.8,25.2,11.5,40
43601380330,辛川鹿本線,辛川鹿本線,菊陽町・合志市境,43404,0,0.3,合志市福原,6495,合志市福原,6729,13224,1.25,0.89,39.2,20.4,11,40
43601380340,辛川鹿本線,菊陽町・合志市境,合志市・菊陽町境,43216,0,0.3,合志市福原,6495,合志市福原,6729,13224,1.25,0.94,47.7,14,9.5,40
43601380350,辛川鹿本線,合志市・菊陽町境,菊陽町・合志市境,43404,0,0.1,合志市福原,6495,合志市福原,6729,13224,1.25,0.89,46.6,11.9,12.6,40
43601380360,辛川鹿本線,菊陽町・合志市境,辛川鹿本線,43216,0,0.1,合志市福原,6495,合志市福原,6729,13224,1.25,0.84,45.1,9.7,16.3,40
43601390010,旭志鹿本線,原植木線,菊池赤水線,43210,0,1.8,,,,,,,,44.4,45.4,8.5,60
43601390020,旭志鹿本線,菊池赤水線,一般国道３２５号,43210,0,1.9,,,,,,,,29.1,23.8,8.5,60
43601390040,旭志鹿本線,一般国道３２５号,一般国道３８７号,43210,0,2.7,菊池市赤星,875,菊池市赤星,828,1703,1.18,0.19,30.5,38.7,7,50
43601390050,旭志鹿本線,一般国道３８７号,植木インター菊池線,43210,0,3.8,菊池市赤星,875,菊池市赤星,828,1703,1.18,0.19,35.2,32,7,50
43601390055,旭志鹿本線,植木インター菊池線,,43210,0,1.1,菊池市赤星,875,菊池市赤星,828,1703,1.18,0.19,27.4,32,7,50
43601390080,旭志鹿本線,,一般国道３２５号,43210,0,0.5,菊池市赤星,875,菊池市赤星,828,1703,1.18,0.19,47.4,38.7,7,50
43601410010,河内矢部線,河内矢部線,一般国道２６５号,43447,0,8.8,上益城郡山都町二瀬本,310,上益城郡山都町二瀬本,302,612,1.12,0.3,36,36,6,60
43601410020,河内矢部線,一般国道２６５号,清和高森線,43447,0,4.9,,183,,176,359,1.25,0.06,43.8,41.5,10.5,40
43601410030,河内矢部線,清和高森線,清和高森線,43447,0,0.8,,183,,176,359,1.25,0.06,35.1,29.4,10.5,40
43601410040,河内矢部線,清和高森線,仏原高森線,43447,0,1.6,,183,,176,359,1.25,0.06,11.8,29.5,10.5,40
43601410050,河内矢部線,仏原高森線,仏原高森線,43447,0,2.4,,183,,176,359,1.25,0.06,39.6,39.6,10.5,40
43601410060,河内矢部線,仏原高森線,一般国道２１８号,43447,0,14.2,,183,,176,359,1.25,0.06,39.4,39.4,10.5,40
43601410120,河内矢部線,,,43447,0,0.5,,,,,,,,43,41.5,7,60
43601420010,上椎葉湯前線,上椎葉湯の前線,一般国道３８８号,43507,0,20.5,,224,,224,448,1.25,0.09,31.6,36.9,8.4,40
43601430010,中河間多良木線,中河間多良木線,槻木田代八重線,43505,0,6.5,,147,,141,288,1.25,0.16,37.5,40.6,6.5,40
43601430020,中河間多良木線,槻木田代八重線,錦湯前線,43505,0,16.1,,147,,141,288,1.25,0.16,36.1,38.6,6.5,40
43601430030,中河間多良木線,錦湯前線,一般国道２１９号,43505,0,2.7,球磨郡多良木町久米,662,球磨郡多良木町久米,744,1406,1.17,0.17,27,32.3,7,40
43601440010,槻木田代八重線,中河間多良木線,槻木田代八重線,43505,0,12.3,,62,,67,129,1.25,0.5,37.1,37.5,4,60
43601450010,瀬田熊本線,瀬田竜田線,外牧大林線,43403,0,2.2,,1111,,942,2053,1.19,0.32,51.4,50.7,10,40
43601450020,瀬田熊本線,外牧大林線,山西大津線,43403,0,2.1,,1111,,942,2053,1.19,0.32,47,44.4,10,40
43601450030,瀬田熊本線,山西大津線,岩坂陣内線,43403,0,2.1,,1111,,942,2053,1.19,0.32,40.4,43.2,10,40
43601450040,瀬田熊本線,岩坂陣内線,大津町・菊陽町境,43403,0,1.3,,1111,,942,2053,1.19,0.32,51,52.3,10,40
43601450050,瀬田熊本線,大津町・菊陽町境,一般国道４４３号,43404,0,1.2,,1111,,942,2053,1.19,0.27,42.4,32.3,11.5,40
43601450060,瀬田熊本線,一般国道４４３号,辛川鹿本線,43404,0,3.4,,698,,708,1406,1.17,2.12,36.5,34,5,30
43601450080,瀬田熊本線,辛川鹿本線,益城菊陽線,43102,0,0.8,熊本市東区石原町,3823,熊本市東区石原町,4685,8508,1.23,0.81,15.1,36.2,11,50
43601450090,瀬田熊本線,益城菊陽線,益城菊陽線（旧道）,43102,0,0.2,熊本市東区石原町,3823,熊本市東区石原町,4685,8508,1.23,0.81,23.2,23.4,11,50
43601450100,瀬田熊本線,益城菊陽線（旧道）,一般国道５７号,43102,0,0.6,熊本市東区石原町,3823,熊本市東区石原町,4685,8508,1.23,0.81,26.3,13.3,11,50
43601450110,瀬田熊本線,一般国道５７号,託麻北部線,43102,0,0.1,熊本市中央区新屋敷2丁目,5054,熊本市中央区新屋敷2丁目,5622,10676,1.26,1.07,5.5,13.7,12,40
43601450115,瀬田熊本線,託麻北部線,託麻北部線,43102,0,0.1,熊本市中央区新屋敷2丁目,5054,熊本市中央区新屋敷2丁目,5622,10676,1.26,1.07,6,31.3,12,40
43601450120,瀬田熊本線,託麻北部線,小池竜田線,43102,0,1.3,熊本市中央区新屋敷2丁目,5054,熊本市中央区新屋敷2丁目,5622,10676,1.26,1.07,29.1,27,12,40
43601450130,瀬田熊本線,小池竜田線,小池竜田線,43102,0,0.7,熊本市中央区新屋敷2丁目,5054,熊本市中央区新屋敷2丁目,5622,10676,1.26,1.07,18.2,23.1,12,40
43601450140,瀬田熊本線,小池竜田線,一般国道３号（熊本北バイパス）,43102,0,1.9,熊本市中央区新屋敷2丁目,5054,熊本市中央区新屋敷2丁目,5622,10676,1.26,1.07,21.6,15.5,12,40
43601450143,瀬田熊本線,一般国道３号（熊本北バイパス）,,43102,0,1,熊本市中央区新屋敷2丁目,5054,熊本市中央区新屋敷2丁目,5622,10676,1.26,1.07,12.2,5.8,12,40
43601450145,瀬田熊本線,,熊本市東区・熊本市中央区境,43102,0,0.4,熊本市中央区新屋敷2丁目,5054,熊本市中央区新屋敷2丁目,5622,10676,1.26,1.07,9.3,20.7,12,40
43601450148,瀬田熊本線,熊本市東区・熊本市中央区境,子飼本町大江６丁目第１号線,43101,0,1.5,熊本市中央区新屋敷2丁目,5054,熊本市中央区新屋敷2丁目,5622,10676,1.26,1.07,16.7,14.5,12,40
43601450149,瀬田熊本線,子飼本町大江６丁目第１号線,,43101,0,0.5,熊本市中央区新屋敷2丁目,5054,熊本市中央区新屋敷2丁目,5622,10676,1.26,1.07,11,6.2,12,40
43601450150,瀬田熊本線,,一般国道３号,43101,0,0.5,熊本市中央区新屋敷2丁目,5054,熊本市中央区新屋敷2丁目,5622,10676,1.26,1.07,6.5,7.5,12,40
43601490010,河陰阿蘇線,熊本高森線,一般国道３２５号,43433,0,4,阿蘇郡南阿蘇村河陽,402,阿蘇郡南阿蘇村河陽,371,773,1.25,0.09,41.7,43.8,11,40
43601490020,河陰阿蘇線,一般国道３２５号,草千里浜栃木線,43433,0,3.5,阿蘇郡南阿蘇村河陽,402,阿蘇郡南阿蘇村河陽,371,773,1.25,0.1,29.3,29.3,6.5,30
43601490025,河陰阿蘇線,草千里浜栃木線,,43433,0,2.4,阿蘇郡南阿蘇村河陽,402,阿蘇郡南阿蘇村河陽,371,773,1.25,0.1,32.1,35.8,6.5,30
43601490030,河陰阿蘇線,,阿蘇公園下野線,43433,0,1.9,阿蘇郡南阿蘇村河陽,402,阿蘇郡南阿蘇村河陽,371,773,1.25,0.1,39.4,29.3,6.5,30
43601490040,河陰阿蘇線,阿蘇公園下野線,南阿蘇村・阿蘇市境,43433,0,1,阿蘇郡南阿蘇村河陽,402,阿蘇郡南阿蘇村河陽,371,773,1.25,0.1,38.4,39.2,6.5,30
43601490050,河陰阿蘇線,南阿蘇村・阿蘇市境,一般国道５７号,43214,0,0.8,阿蘇郡南阿蘇村河陽,402,阿蘇郡南阿蘇村河陽,371,773,1.25,0.11,32.9,24.8,6.5,40
43601490060,河陰阿蘇線,一般国道５７号,内牧停車場線,43214,0,7.6,阿蘇市的石,866,阿蘇市的石,901,1767,1.19,0.24,40,40.3,11,50
43601490070,河陰阿蘇線,内牧停車場線,一般国道２１２号,43214,0,1.2,阿蘇市的石,866,阿蘇市的石,901,1767,1.19,0.24,26.3,26.9,11,50
43601510010,清和高森線,一般国道２１８号,一般国道２６５号,43447,0,3.7,,734,,743,1477,1.17,0.19,40.5,46.9,8,60
43601510020,清和高森線,一般国道２６５号,河内矢部線,43447,0,4.8,,130,,149,279,1.25,0.03,46.5,46.5,12,60
43601510040,清和高森線,河内矢部線,山都町・高森町境,43447,0,9.1,,99,,80,179,1.25,0.19,32.5,32.5,5,60
43601510050,清和高森線,山都町・高森町境,熊本高森線,43428,0,4.2,,99,,80,179,1.25,0.19,28.3,27.5,7,40
43601520010,稲生野甲佐線,矢部阿蘇公園線,柿原入佐線,43447,0,6.6,,243,,275,518,1.2,0.05,31.7,31.7,11,60
43601520020,稲生野甲佐線,柿原入佐線,,43447,0,4.9,,243,,275,518,1.2,0.05,49.9,49.7,11,60
43601520030,稲生野甲佐線,,一般国道４４５号,43447,0,0.4,,243,,275,518,1.2,0.05,52.7,30.5,11,60
43601520045,稲生野甲佐線,一般国道４４５号,稲生野甲佐線,43447,0,0.5,,125,,121,246,1.25,0.19,13.9,23.3,5.5,40
43601520050,稲生野甲佐線,稲生野甲佐線,島木上寺線,43447,0,2.9,,125,,121,246,1.25,0.19,23.4,40.2,5.5,40
43601520060,稲生野甲佐線,島木上寺線,山都町・御船町境,43447,0,3.8,,125,,121,246,1.25,0.19,36.5,36.5,5.5,40
43601520070,稲生野甲佐線,山都町・御船町境,横野矢部線,43441,0,2.9,,125,,121,246,1.25,0.15,36.5,37,5.8,30
43601520080,稲生野甲佐線,横野矢部線,御船町・甲佐町境,43441,0,1.1,,125,,121,246,1.25,0.15,32.2,32.2,5.8,30
43601520090,稲生野甲佐線,御船町・甲佐町境,一般国道４４３号,43444,0,9.3,,125,,121,246,1.25,0.04,32.2,32.2,10.5,40
43601520150,稲生野甲佐線,一般国道４４５号,稲生野甲佐線,43447,0,0.5,,,,,,,,30.6,38.8,10.5,40
43601530010,清和砥用線,一般国道２１８号,小峯川内線,43447,0,7.3,,267,,320,587,1.19,0.06,52.3,39.6,8.2,40
43601530020,清和砥用線,小峯川内線,南田内大臣線,43447,0,12.9,,267,,320,587,1.19,0.06,34.5,34.5,8.2,40
43601530030,清和砥用線,南田内大臣線,山都町・美里町境,43447,0,7.4,,92,,104,196,1.25,0.03,34.2,33.3,7,60
43601530040,清和砥用線,山都町・美里町境,一般国道２１８号,43348,0,12.2,,92,,104,196,1.25,0.11,34.2,33.3,6,60
43601550020,小川八代線,一般国道３号,氷川町・八代市境,43468,0,4.7,,250,,271,521,1.2,0.08,30.7,31.6,9.5,30
43601550030,小川八代線,氷川町・八代市境,一般国道４４３号,43202,0,1.3,,250,,271,521,1.2,0.08,30.7,35.9,6.5,30
43601550050,小川八代線,一般国道４４３号,,43202,0,6.2,,301,,292,593,1.19,0.82,35.9,36.1,6,60
43601550060,小川八代線,,中津道八代線,43202,0,7.7,,170,,196,366,1.25,0.06,36.8,39.8,6.5,40
43601550070,小川八代線,中津道八代線,一般国道３号,43202,0,1,,170,,196,366,1.25,0.06,24.9,25.3,6.5,40
43601560010,鏡宮原線,八代鏡宇土線,八代市・氷川町境,43202,0,1.9,八代市鏡町下有佐,1312,八代市鏡町下有佐,1455,2767,1.15,0.28,20.2,25.6,8,40
43601560020,鏡宮原線,八代市・氷川町境,一般国道３号,43468,0,0.9,八代市鏡町下有佐,1312,八代市鏡町下有佐,1455,2767,1.15,0.26,15.9,17,6.9,40
43601580010,中津道八代線,一般国道２１９号,坂本人吉線,43202,0,8.7,,220,,223,443,1.25,0.43,16,38.3,5,30
43601580030,中津道八代線,坂本人吉線,,43202,0,2.1,,260,,285,545,1.2,0.09,13.2,10.7,6.1,40
43601580050,中津道八代線,,小鶴原女木線,43202,0,0.7,,260,,285,545,1.2,0,38,38,4,40
43601580060,中津道八代線,小鶴原女木線,小鶴原女木線,43202,0,0.1,,260,,285,545,1.2,0.08,12.3,24.9,8,40
43601580070,中津道八代線,小鶴原女木線,中津道八代線,43202,0,5,,260,,285,545,1.2,0.08,44.3,36.6,8,40
43601580080,中津道八代線,中津道八代線,小川八代線,43202,0,1.1,,260,,285,545,1.2,0.08,40.3,36.7,8,40
43601580100,中津道八代線,中津道八代線,,43202,0,0.5,,,,,,,,55.1,52.4,8,40
43601590010,樅木河合場線,,一般国道４４５号,43202,0,9.8,,,,,,,,30.2,30.2,4.5,60
43601590030,樅木河合場線,一般国道４４５号,小川泉線,43202,0,13,,250,,271,521,1.2,0.99,27.2,27.2,4.75,60
43601610010,五木湯前線,一般国道４４５号,,43511,0,10.5,,,,,,,,36.8,36.8,9.5,30
43601610030,五木湯前線,,一般国道３８８号,43507,0,9.8,球磨郡水上村岩野,493,球磨郡水上村岩野,513,1006,1.16,1.13,37.8,37.8,5,40
43601620010,相良人吉線,一般国道４４５号,,43510,0,2.1,,,,,,,,25.9,25.9,8.75,30
43601620030,相良人吉線,,山江村・人吉市境,43512,0,9.5,球磨郡山江村山田,1815,球磨郡山江村山田,2069,3884,1.21,0.36,38.7,38.7,9,40
43601620040,相良人吉線,山江村・人吉市境,人吉インター線,43203,0,0.4,球磨郡山江村山田,1815,球磨郡山江村山田,2069,3884,1.21,0.42,33,18.4,14,40
43601650010,玉名停車場立願寺線,,寺田岱明線,43206,0,0.2,,4650,,4869,9519,1.24,1.22,12.9,7.4,16,40
43601650020,玉名停車場立願寺線,寺田岱明線,一般国道２０８号（玉名バイパス）,43206,0,2,,4650,,4869,9519,1.24,1.22,17.4,19.6,16,40
43601670010,肥後伊倉停車場線,,肥後伊倉停車場田崎線,43206,0,0.3,,4272,,4324,8596,1.24,0.98,13.4,9.9,5.9,40
43601670020,肥後伊倉停車場線,肥後伊倉停車場田崎線,玉名植木線,43206,0,2,,4272,,4324,8596,1.24,0.98,29.6,32.2,5.9,40
43601680010,大野下停車場西照寺線,大野下停車場線,一般国道２０８号,43206,0,3.1,,2282,,2319,4601,1.22,0.5,28.7,27.6,6.5,40
43601690010,大野下停車場線,大野下停車場西照寺線,長洲玉名線,43206,0,0.9,玉名市岱明町大野下,688,玉名市岱明町大野下,700,1388,1.17,0.19,33.1,32.3,6.5,40
43601690020,大野下停車場線,長洲玉名線,一般国道５０１号,43206,0,0.8,玉名市岱明町大野下,688,玉名市岱明町大野下,700,1388,1.17,0.19,23.3,23.6,6.5,40
43601700010,肥後伊倉停車場田崎線,肥後伊倉停車場線,一般国道２０８号,43206,0,1.9,,1743,,1989,3732,1.21,0.69,39.2,29.1,10,40
43601720010,大津停車場線,,大津植木線（現道）,43403,0,0.2,,1556,,1436,2992,1.21,0.34,14.3,12.6,16,60
43601740010,立野停車場線,,一般国道５７号,43433,0,0.4,,451,,478,929,1.16,0.29,23.3,22.6,11,40
43601750010,内牧停車場線,,内牧停車場乙姫線,43214,0,0.2,,2962,,2874,5836,1.22,0.57,26.3,5.2,10.1,40
43601750020,内牧停車場線,内牧停車場乙姫線,河陰阿蘇線,43214,0,2.8,,2962,,2874,5836,1.22,0.57,41.9,38.6,10.1,40
43601760010,内牧停車場乙姫線,内牧停車場線,一般国道５７号,43214,0,1.2,,3055,,3040,6095,1.22,0.49,34.5,26.7,10,40
43601770010,高森停車場線,,熊本高森線,43428,0,1,,1167,,1371,2538,1.2,0.67,18.5,15.3,9.5,30
43601780010,小国停車場線,一般国道３８７号,一般国道３８７号,43424,0,0.5,,4317,,5427,9744,1.24,0.81,13.8,15,9.5,40
43601780020,小国停車場線,一般国道３８７号,一般国道２１２号,43424,0,0.8,,4317,,5427,9744,1.24,0.81,30.4,30.9,9.5,40
43601800010,南田内大臣線,一般国道２１８号,長原川野線,43447,0,1.9,上益城郡山都町新小,121,上益城郡山都町新小,142,263,1.25,1.09,16.4,17.2,4.5,40
43601800020,南田内大臣線,長原川野線,清和砥用線,43447,0,7.7,上益城郡山都町新小,121,上益城郡山都町新小,142,263,1.25,1.09,29.8,29.8,4.5,40
43601810010,松橋停車場線,,一般国道２６６号,43213,0,0.4,,4257,,4611,8868,1.24,1.19,13,8.6,11,40
43601810020,松橋停車場線,一般国道２６６号,八代鏡宇土線,43213,0,0.3,,4257,,4611,8868,1.24,1.19,16.8,15,11,40
43601810030,松橋停車場線,八代鏡宇土線,一般国道３号,43213,0,2.1,,4257,,4611,8868,1.24,1.16,18.9,22.3,11,40
43601820010,田迎木原線,一般国道５７号,神水川尻線,43104,0,0.6,熊本市南区御幸笛田2丁目,15394,熊本市南区御幸笛田2丁目,16946,32340,1.3,0.99,11.3,13.1,25,60
43601820020,田迎木原線,神水川尻線,,43104,0,1.9,熊本市南区御幸木部町,11929,熊本市南区御幸木部町,13377,25306,1.28,0.96,35.6,41.6,25,60
43601820030,田迎木原線,,熊本嘉島線,43442,0,0.3,,,,,,,,31.9,15.4,24,60
43601820040,田迎木原線,熊本嘉島線,,43442,0,0.2,,6928,,7376,14304,1.25,0.91,11.1,26.1,12,50
43601820050,田迎木原線,,千町廻江線,43104,0,1.2,熊本市南区城南町島田,6298,熊本市南区城南町島田,7154,13452,1.26,0.99,19,38.5,12,50
43601820055,田迎木原線,千町廻江線,宇土甲佐線,43104,0,2.2,熊本市南区城南町島田,6298,熊本市南区城南町島田,7154,13452,1.26,0.99,36.6,31.5,12,50
43601820060,田迎木原線,宇土甲佐線,宇土甲佐線（旧道）,43104,0,0.2,熊本市南区城南町島田,6298,熊本市南区城南町島田,7154,13452,1.26,0.99,26.9,19.4,12,50
43601820080,田迎木原線,熊本浜線,神水川尻線,43104,0,0.8,熊本市南区御幸木部1丁目,2638,熊本市南区御幸木部1丁目,2105,4743,1.21,0.98,17.5,15,6.2,30
43601820090,田迎木原線,神水川尻線,,43104,0,1.9,熊本市南区御幸木部1丁目,2638,熊本市南区御幸木部1丁目,2105,4743,1.21,0.98,20.7,17.5,6.2,30
43601840010,小川停車場線,,竜北小川停車場線,43213,0,0.2,,652,,637,1289,1.16,0.17,9.8,9.9,8,30
43601840015,小川停車場線,竜北小川停車場線,竜北小川停車場線,43213,0,0.4,,652,,637,1289,1.16,0.17,25.3,25,8,30
43601840020,小川停車場線,竜北小川停車場線,一般国道３号,43213,0,0.5,,652,,637,1289,1.16,0.17,23.3,10.5,8,30
43601850010,多良木停車場線,一般国道２１９号,,43505,0,0.2,,422,,480,902,1.15,0.16,10.9,5.8,12.5,30
43601860010,川瀬免田線,人吉水上線,一般国道２１９号,43514,0,2.4,,418,,473,891,1.15,0.13,47.9,39.2,9.4,40
43601870010,免田停車場線,,一般国道２１９号,43514,0,0.1,,414,,470,884,1.15,0.15,8.4,4.7,13,30
43601880010,人吉停車場線,,一般国道４４５号,43203,0,0.3,,550,,542,1092,1.16,0.16,15,12.6,16,40
43601890010,大畑停車場線,一般国道２２１号,,43203,0,3.6,,514,,508,1022,1.16,0.23,28.5,28.5,7,30
43601910010,部田見木葉線,一般国道５０１号,玉名植木線,43206,0,2.5,,,,,,,,35.3,34.2,7,60
43601910030,部田見木葉線,玉名植木線,一般国道２０８号,43364,0,4.8,玉名郡玉東町木葉,1364,玉名郡玉東町木葉,1598,2962,1.2,0.29,35.9,34.3,10,40
43601940010,和仁菊水線,玉名八女線,一般国道４４３号,43369,0,4.7,,,,,,,,49.7,48.8,9,60
43601940020,和仁菊水線,一般国道４４３号,竃門菰田山鹿線,43369,0,2.4,,,,,,,,49.7,48.8,9,60
43601940030,和仁菊水線,竃門菰田山鹿線,玉名立花線,43369,0,1.4,,,,,,,,43.4,41.2,9,60
43601940050,和仁菊水線,玉名立花線,玉名山鹿線,43369,0,3.4,,216,,224,440,1.25,0.52,41.9,18.8,4.8,60
43601940070,和仁菊水線,玉名山鹿線,山鹿市・和水町境,43208,0,1.1,,216,,224,440,1.25,0.05,32.9,41.5,12.1,40
43601940080,和仁菊水線,山鹿市・和水町境,大牟田植木線,43369,0,3.7,,216,,224,440,1.25,1.46,32.9,41.5,4.5,60
43601950010,和仁山鹿線,玉名八女線,玉名立花線,43369,0,3.8,山鹿市平山5392-2,1441,山鹿市平山5392-2,1403,2844,1.19,0.33,46.9,41.8,8,40
43601950020,和仁山鹿線,玉名立花線,和水町・山鹿市境,43369,0,1.5,山鹿市平山5392-2,1441,山鹿市平山5392-2,1403,2844,1.19,0.33,37,38.7,8,40
43601950030,和仁山鹿線,和水町・山鹿市境,一般国道４４３号,43208,0,7.4,山鹿市平山5392-2,1441,山鹿市平山5392-2,1403,2844,1.19,0.33,42.4,39.1,11,40
43601960010,鹿本松尾線,日田鹿本線,熊本菊鹿線,43208,0,2.7,,687,,651,1338,1.17,0.18,28.2,34.2,11,40
43601960020,鹿本松尾線,熊本菊鹿線,菊池鹿北線,43208,0,1.8,,687,,651,1338,1.17,0.18,34.6,33.6,11,40
43601970010,津留鹿本線,一般国道３号,,43208,0,2.4,,201,,293,494,1.25,0.05,41,29.7,12,30
43601970020,津留鹿本線,,,43208,0,0.3,,201,,293,494,1.25,0.05,48.5,52,12,30
43601970030,津留鹿本線,,畑中山鹿線,43208,0,4.7,,201,,293,494,1.25,0.05,35.9,32.7,12,30
43601970040,津留鹿本線,畑中山鹿線,一般国道３２５号,43208,0,4.7,,201,,293,494,1.25,0.05,30,26.8,12,30
43601980010,田底鹿本線,一般国道３号,,43105,0,0.5,山鹿市鹿央町奥永,3268,山鹿市鹿央町奥永,3338,6606,1.23,0.58,17.2,31.6,9.3,50
43601980020,田底鹿本線,,方保田山鹿線,43208,0,2.3,山鹿市鹿央町奥永,3268,山鹿市鹿央町奥永,3338,6606,1.23,0.48,44.9,44.3,17,40
43601980030,田底鹿本線,方保田山鹿線,一般国道３２５号,43208,0,1.4,,4704,,4858,9562,1.24,0.84,35.4,25.9,13,40
43601990010,南田島豊田線,原植木線,,43210,0,0.5,,1627,,1795,3422,1.21,0.47,32.6,33.5,10,40
43601990020,南田島豊田線,,一般国道３号,43105,0,2.7,熊本市北区植木町平井,816,熊本市北区植木町平井,821,1637,1.22,0.19,43.2,34.8,10.5,40
43602000010,畑中山鹿線,津留鹿本線,一般国道３号,43208,0,3.3,山鹿市桜町,6841,山鹿市桜町,7516,14357,1.22,1.14,25.8,21.9,12,40
43602010010,二重峠菊池線,,原植木線,43210,0,9.7,,248,,285,533,1.2,0.09,32.2,35.2,7,60
43602010020,二重峠菊池線,原植木線,日生野隈府線,43210,0,0.9,,248,,285,533,1.2,0.09,15.8,18.1,7,60
43602010030,二重峠菊池線,日生野隈府線,菊池赤水線,43210,0,7,,248,,285,533,1.2,0.09,39.4,38.8,7,60
43602020010,矢護川大津線,菊池赤水線,大津植木線（現道）,43403,0,5.8,,1393,,1457,2850,1.21,0.23,26.8,24.3,16,40
43602020070,矢護川大津線,大津植木線（現道）,一般国道５７号,43403,0,0.5,,,,,,,,23.6,16.5,16,40
43602020030,矢護川大津線,大津植木線（現道）,一般国道５７号,43403,0,0.5,,,,,,,,11.6,12.4,16,40
43602020040,矢護川大津線,一般国道５７号,瀬田竜田線,43403,0,1.5,,,,,,,,14.3,22.9,16,40
43602020050,矢護川大津線,瀬田竜田線,一般国道４４３号,43403,0,1.8,,3513,,3298,6811,1.23,0.79,31.3,29.1,10.5,40
43602030010,日生野隈府線,二重峠菊池線,菊池赤水線,43210,0,8,,609,,706,1315,1.16,0.22,37.6,39,7,50
43602040010,西古閑泗水線,一般国道３２５号,辛川鹿本線,43210,0,5.7,,139,,171,310,1.25,1.1,32,33.8,4,30
43602050010,原立門線,,一般国道３８７号,43210,0,8.9,,195,,214,409,1.25,0.06,39.2,41.7,8,60
43602060010,堂園小森線,熊本高森線,熊本益城大津線,43443,0,2.2,,,,,,,,29.9,21.2,7.5,40
43602060030,堂園小森線,熊本益城大津線,益城町・西原村境,43443,0,1.8,上益城郡益城町杉堂831番地,5916,上益城郡益城町杉堂831番地,5242,11158,1.25,0.97,30.6,36.5,7,40
43602060040,堂園小森線,益城町・西原村境,熊本高森線,43432,0,2.6,上益城郡益城町杉堂831番地,5916,上益城郡益城町杉堂831番地,5242,11158,1.25,0.84,37.4,37.8,16.5,50
43602070010,瀬田竜田線,一般国道５７号,,43433,0,0.5,,2186,,2533,4719,1.22,0.52,47.8,47.8,8,40
43602070020,瀬田竜田線,,南阿蘇村・大津町境,43433,0,0,,2186,,2533,4719,1.22,0.47,51.4,55.4,8,40
43602070140,瀬田竜田線,南阿蘇村・大津町境,瀬田熊本線,43403,0,1.2,,2186,,2533,4719,1.22,0.51,43.7,46.1,13,50
43602070150,瀬田竜田線,瀬田熊本線,,43403,0,0.9,,2186,,2533,4719,1.22,0.51,53.1,56.5,13,50
43602070160,瀬田竜田線,,,43403,0,0.5,,2186,,2533,4719,1.22,0.51,56.8,57.3,13,50
43602070170,瀬田竜田線,,外牧大林線,43403,0,0.4,,2186,,2533,4719,1.22,0.51,54.9,57.1,13,50
43602070180,瀬田竜田線,外牧大林線,外牧大林線,43403,0,0.1,,2186,,2533,4719,1.22,0.51,51,55.9,13,50
43602070190,瀬田竜田線,外牧大林線,山西大津線,43403,0,2.1,,2186,,2533,4719,1.22,0.51,41.4,43.4,13,50
43602070200,瀬田竜田線,山西大津線,山西大津線,43403,0,0.5,,2186,,2533,4719,1.22,0.51,29.4,30.1,13,50
43602070210,瀬田竜田線,山西大津線,矢護川大津線,43403,0,1.7,,2186,,2533,4719,1.22,0.51,37.7,37,13,50
43602070230,瀬田竜田線,一般国道４４３号,曲手原水線,43404,0,1.6,菊池郡菊陽町久保田,2492,菊池郡菊陽町久保田,2218,4710,1.2,0.68,33.7,39.5,9.2,30
43602070240,瀬田竜田線,曲手原水線,曲手原水線,43404,0,0.2,菊池郡菊陽町久保田,2492,菊池郡菊陽町久保田,2218,4710,1.2,0.68,31.9,14.5,9.2,30
43602070250,瀬田竜田線,曲手原水線,辛川鹿本線,43404,0,1.6,菊池郡菊陽町久保田,2492,菊池郡菊陽町久保田,2218,4710,1.2,0.68,34.5,36.2,9.2,30
43602070040,瀬田竜田線,辛川鹿本線,辛川鹿本線,43404,0,1.1,,,,,,,,40.9,40.9,10,30
43602070050,瀬田竜田線,辛川鹿本線,,43404,0,0.5,,,,,,,,25.2,32.6,5,30
43602070060,瀬田竜田線,,益城菊陽線（旧道）,43105,0,0.4,熊本市北区龍田町弓削,2814,熊本市北区龍田町弓削,2606,5420,1.22,3.21,33,39.8,5.8,30
43602070070,瀬田竜田線,益城菊陽線（旧道）,託麻北部線,43105,0,0.9,熊本市北区龍田町弓削,2814,熊本市北区龍田町弓削,2606,5420,1.22,3.21,31.7,33.6,5.8,30
43602070080,瀬田竜田線,託麻北部線,託麻北部線,43105,0,0.1,熊本市北区龍田町弓削,2814,熊本市北区龍田町弓削,2606,5420,1.22,3.21,33.8,18.4,5.8,30
43602070090,瀬田竜田線,託麻北部線,熊本菊陽線,43105,0,1.6,熊本市北区龍田町弓削,2814,熊本市北区龍田町弓削,2606,5420,1.22,2.92,32.1,18.9,6,30
43602080010,外牧大林線,瀬田熊本線,瀬田竜田線,43403,0,0.5,,,,,,,,31.1,30.8,7.7,40
43602080030,外牧大林線,瀬田竜田線,一般国道５７号,43403,0,2.1,,153,,162,315,1.25,0.48,24.7,24.7,4.75,40
43602090010,曲手原水線,一般国道４４３号,瀬田竜田線,43404,0,1.4,,5982,,6734,12716,1.25,0.64,30.9,37.9,26,50
43602090030,曲手原水線,瀬田竜田線,一般国道５７号,43404,0,0.8,,,,,,,,26.7,14,5.5,60
43602090040,曲手原水線,一般国道５７号,熊本菊陽線,43404,0,0.6,,,,,,,,32.9,33.6,5.5,60
43602110010,岩坂陣内線,瀬田熊本線,矢護川大津線,43403,0,1.1,,1687,,1610,3297,1.21,0.44,38.7,28.5,10.4,40
43602120010,津留柳線,竹田五ヶ瀬線,上色見草部線,43428,0,7.5,,123,,118,241,1.25,0.23,38.1,38.1,5.5,60
43602120020,津留柳線,上色見草部線,上色見草部線,43428,0,0.7,,123,,118,241,1.25,0.23,38.1,31.1,5.5,60
43602120030,津留柳線,上色見草部線,高森町・山都町境,43428,0,6.8,,123,,118,241,1.25,0.23,58,42,5.5,60
43602120040,津留柳線,高森町・山都町境,一般国道３２５号,43447,0,2.3,,123,,118,241,1.25,0.4,25.3,22.3,5,60
43602130010,内牧坂梨線,阿蘇一の宮線,別府一の宮線,43214,0,10.2,阿蘇市一の宮町手野,403,阿蘇市一の宮町手野,345,748,1.25,0.09,41.3,44.2,10.3,40
43602130050,内牧坂梨線,別府一の宮線,,43214,0,1.8,,,,,,,,,,10.3,40
43602130030,内牧坂梨線,,一般国道５７号,43214,0,4.6,阿蘇市一の宮町三野,231,阿蘇市一の宮町三野,229,460,1.25,0.2,44.3,39,6,40
43602140010,小池野永谷線,高森波野線,河原新波野線,43214,0,7.4,,417,,435,852,1.15,0.1,42.3,42.9,14.5,60
43602140020,小池野永谷線,河原新波野線,河原新波野線,43214,0,0.4,,417,,435,852,1.15,0.1,41.4,37.3,14.5,60
43602140030,小池野永谷線,河原新波野線,一般国道２６５号,43214,0,2.5,,417,,435,852,1.15,0.1,41.6,38.8,14.5,60
43602160010,産山小池野線,,産山村・阿蘇市境,43425,0,5.3,,98,,102,200,1.25,0.05,27,25.5,7,40
43602160020,産山小池野線,産山村・阿蘇市境,一般国道５７号,43214,0,0.9,,98,,102,200,1.25,0.21,34.6,32.3,4.9,40
43602170010,河原新波野線,高森波野線,河原新波野線,43428,0,0.6,,,,,,,,31.8,36.3,7.5,40
43602170020,河原新波野線,河原新波野線,高森町・阿蘇市境,43428,0,3.1,,,,,,,,29.5,29.5,7.5,40
43602170030,河原新波野線,高森町・阿蘇市境,高森竹田線,43214,0,0.4,,,,,,,,35.5,13.9,7.5,60
43602170050,河原新波野線,高森竹田線,,43214,0,1.9,,,,,,,,23.6,23.6,3.8,40
43602170070,河原新波野線,,小池野永谷線,43214,0,1.4,,,,,,,,28,28,5,40
43602170090,河原新波野線,小池野永谷線,一般国道２６５号,43214,0,2.2,,1099,,1290,2389,1.2,0.33,43.1,36.9,7,60
43602170110,河原新波野線,高森波野線,河原新波野線,43428,0,0.6,,,,,,,,32,32,6,40
43602180010,上色見草部線,一般国道２６５号,高森竹田線,43214,0,0.1,,764,,774,1538,1.18,0.21,40.7,38.7,8.5,60
43602180020,上色見草部線,高森竹田線,阿蘇市・高森町境,43214,0,0.2,,764,,774,1538,1.18,0.21,43.8,42.3,8.5,60
43602180030,上色見草部線,阿蘇市・高森町境,津留柳線,43428,0,7.5,,764,,774,1538,1.18,0.21,38.4,46.1,7.5,40
43602180050,上色見草部線,津留柳線,,43428,0,0.2,,,,,,,,,,5.5,30
43602180070,上色見草部線,,一般国道３２５号,43428,0,3.2,,,,,,,,37.5,37.5,5,40
43602190010,横野矢部線,一般国道４４５号,稲生野甲佐線,43441,0,8.5,,208,,221,429,1.25,0.28,33.8,31.6,5.5,30
43602190020,横野矢部線,稲生野甲佐線,御船町・山都町境,43441,0,2.5,,79,,170,249,1.25,0.04,34.1,34.1,8,30
43602190030,横野矢部線,御船町・山都町境,囲砥用線,43447,0,6.8,,79,,170,249,1.25,0.04,28.3,28.3,8,60
43602190040,横野矢部線,囲砥用線,一般国道２１８号,43447,0,9,,79,,170,249,1.25,0.04,38.8,38.8,8,60
43602200010,三本松甲佐線,一般国道２１８号,囲砥用線,43348,0,2.7,,187,,197,384,1.25,1.45,41.9,41.9,4.1,60
43602200020,三本松甲佐線,囲砥用線,囲砥用線,43348,0,3.1,,187,,197,384,1.25,1.45,33.6,33.6,4.1,60
43602200030,三本松甲佐線,囲砥用線,美里町・甲佐町境,43348,0,1.4,,187,,197,384,1.25,1.45,36.3,36.3,4.1,60
43602200040,三本松甲佐線,美里町・甲佐町境,一般国道４４３号,43444,0,6.9,,187,,197,384,1.25,0.04,36.3,39.4,11,30
43602210005,田代御船線,益城矢部線,九州横断自動車道延岡線,43441,0,0.2,,167,,156,323,1.25,0.04,56.7,49.9,10.1,40
43602210010,田代御船線,九州横断自動車道延岡線,一般国道４４３号,43441,0,9.5,,167,,156,323,1.25,0.04,46.2,46.2,10.1,40
43602220010,柿原入佐線,稲生野甲佐線,矢部阿蘇公園線,43447,0,3.2,,175,,206,381,1.25,0.04,32.5,31.5,12,30
43602230010,島木上寺線,稲生野甲佐線,一般国道４４５号,43447,0,10.5,,84,,75,159,1.25,0.21,66,32.8,5,60
43602240010,小峯川内線,清和砥用線,一般国道２１８号,43447,0,4.4,,166,,192,358,1.25,0.04,22.9,23.2,12,60
43602250010,山西大津線,熊本高森線,西原村・大津町境,43432,0,3.1,,780,,752,1532,1.18,0.16,32.7,35,11,40
43602250020,山西大津線,西原村・大津町境,瀬田熊本線,43403,0,0.2,,780,,752,1532,1.18,0.18,38.5,35.5,10.5,60
43602250030,山西大津線,瀬田熊本線,瀬田竜田線,43403,0,0.5,,780,,752,1532,1.18,0.18,31.4,27.1,10.5,60
43602250050,山西大津線,瀬田竜田線,一般国道５７号,43403,0,1.9,,,,,,,,40.1,26.5,16,50
43602260010,六嘉秋津新町線,一般国道４４５号,,43442,0,3.3,上益城郡嘉島町上六嘉,5776,上益城郡嘉島町上六嘉,5667,11443,1.26,0.97,28.4,26.3,15.1,50
43602260020,六嘉秋津新町線,,画図秋津線,43102,0,0.2,上益城郡嘉島町上六嘉,5776,上益城郡嘉島町上六嘉,5667,11443,1.26,1.24,33.5,4.7,11.7,40
43602260030,六嘉秋津新町線,画図秋津線,熊本高森線,43102,0,1.7,上益城郡嘉島町上六嘉,5776,上益城郡嘉島町上六嘉,5667,11443,1.26,1.24,19.8,16.2,11.7,40
43602270010,並建熊本線,畠口川尻停車場線,熊本港線,43104,0,2.4,熊本市西区蓮台寺,7744,熊本市西区蓮台寺,7440,15184,1.22,1.59,30.2,28.7,8,40
43602270020,並建熊本線,熊本港線,並建熊本線（新道）,43104,0,0.8,熊本市西区蓮台寺,7744,熊本市西区蓮台寺,7440,15184,1.22,1.59,24.3,19.3,8,40
43602270025,並建熊本線,並建熊本線（新道）,熊本市南区・熊本市西区境,43104,0,1,熊本市西区蓮台寺,7744,熊本市西区蓮台寺,7440,15184,1.22,1.59,16.2,20.9,8,40
43602270029,並建熊本線,熊本市南区・熊本市西区境,野中３丁目田迎５丁目第１号線,43103,0,0.3,熊本市西区蓮台寺,7744,熊本市西区蓮台寺,7440,15184,1.22,1.59,19.9,15.4,8,40
43602270030,並建熊本線,野中３丁目田迎５丁目第１号線,熊本高森線,43103,0,1.1,熊本市西区蓮台寺,7744,熊本市西区蓮台寺,7440,15184,1.22,1.59,22.9,13.5,8,40
43602270050,並建熊本線（新道）,熊本港線,並建熊本線,43104,0,0.3,熊本市南区野口4丁目,11858,熊本市南区野口4丁目,10803,22661,1.28,0.62,15.6,26.1,23,50
43602270055,並建熊本線（新道）,並建熊本線,熊本市南区・熊本市西区境,43104,0,0.5,熊本市南区野口4丁目,11858,熊本市南区野口4丁目,10803,22661,1.28,0.62,34.1,32.7,23,50
43602270060,並建熊本線（新道）,熊本市南区・熊本市西区境,熊本高森線,43103,0,0.3,熊本市南区野口4丁目,11858,熊本市南区野口4丁目,10803,22661,1.28,0.62,36.7,9.3,23,50
43602270080,並建熊本線,,熊本高森線,43103,0,0.6,熊本市西区春日4丁目,4178,熊本市西区春日4丁目,5304,9482,1.24,0.6,20.8,10.2,30.5,60
43602270100,並建熊本線,上代１丁目島崎６丁目第１号線,,43103,0,1.5,熊本市西区春日4丁目,4178,熊本市西区春日4丁目,5304,9482,1.24,0.6,26.8,41,30.5,60
43602280010,戸島熊本線,益城菊陽線,小池竜田線,43102,0,2.5,熊本市東区尾ノ上,5867,熊本市東区尾ノ上,6116,11983,1.29,1.09,15.6,15.8,9.5,40
43602280020,戸島熊本線,小池竜田線,小池竜田線,43102,0,0.3,熊本市東区尾ノ上,5867,熊本市東区尾ノ上,6116,11983,1.29,1.09,13.4,9.6,9.5,40
43602280023,戸島熊本線,小池竜田線,,43102,0,1.4,熊本市東区尾ノ上,5867,熊本市東区尾ノ上,6116,11983,1.29,1.09,17.5,12.5,9.5,40
43602280024,戸島熊本線,,,43102,0,1.1,熊本市東区尾ノ上,5867,熊本市東区尾ノ上,6116,11983,1.29,1.09,15.6,15.4,9.5,40
43602280025,戸島熊本線,,熊本市東区・熊本市中央区境,43102,0,0.3,熊本市東区尾ノ上,5867,熊本市東区尾ノ上,6116,11983,1.29,1.09,12,10.4,9.5,40
43602280030,戸島熊本線,熊本市東区・熊本市中央区境,一般国道５７号,43101,0,0.6,熊本市東区尾ノ上,5867,熊本市東区尾ノ上,6116,11983,1.29,1.09,20.6,6.4,9.5,40
43602280035,戸島熊本線,一般国道５７号,,43101,0,0.1,熊本市東区尾ノ上,5867,熊本市東区尾ノ上,6116,11983,1.29,1.09,6.4,7.5,9.5,40
43602280039,戸島熊本線,,水前寺公園水前寺6丁目第1号線,43101,0,1.2,熊本市東区尾ノ上,5867,熊本市東区尾ノ上,6116,11983,1.29,1.09,15.9,16.1,9.5,40
43602280040,戸島熊本線,水前寺公園水前寺6丁目第1号線,熊本高森線,43101,0,0.1,熊本市東区尾ノ上,5867,熊本市東区尾ノ上,6116,11983,1.29,1.09,8.2,5.1,9.5,40
43602290010,畠口川尻停車場線,海路口小島線,一般国道５０１号,43104,0,2.5,熊本市南区畠口町,704,熊本市南区畠口町,714,1418,1.18,0.19,42.9,21.7,10.1,40
43602290020,畠口川尻停車場線,一般国道５０１号,並建熊本線,43104,0,0.4,熊本市南区護藤町,1829,熊本市南区護藤町,2359,4188,1.21,0.47,18.9,26.8,7.1,40
43602290030,畠口川尻停車場線,並建熊本線,熊本嘉島線,43104,0,3.4,熊本市南区護藤町,1829,熊本市南区護藤町,2359,4188,1.21,0.47,31.3,29.6,7.1,40
43602310005,託麻北部線,瀬田熊本線,熊本市東区・熊本市北区境,43102,0,0.6,,,,,,,,30.9,41.7,7.5,30
43602310010,託麻北部線,熊本市東区・熊本市北区境,瀬田竜田線,43105,0,0.1,,,,,,,,54.8,26.5,7.5,30
43602310030,託麻北部線,瀬田竜田線,熊本菊陽線,43105,0,0.6,,,,,,,,23,13.9,9.6,30
43602310040,託麻北部線,熊本菊陽線,熊本菊陽線,43105,0,1.1,熊本市北区楡木1丁目,4628,熊本市北区楡木1丁目,4877,9505,1.24,0.95,16.1,23.2,13.1,30
43602310045,託麻北部線,熊本菊陽線,,43105,0,0.7,熊本市北区楡木1丁目,4628,熊本市北区楡木1丁目,4877,9505,1.24,0.95,12.9,9.2,13.1,30
43602310050,託麻北部線,,一般国道３号（熊本北バイパス）,43105,0,1.4,熊本市北区楡木1丁目,4628,熊本市北区楡木1丁目,4877,9505,1.24,0.95,18.4,14.6,13.1,30
43602310110,託麻北部線,瀬田熊本線,熊本市東区・熊本市北区境,43102,0,0.8,熊本市北区龍田町弓削,2389,熊本市北区龍田町弓削,3053,5442,1.22,0.58,42.6,45.8,7.5,30
43602310120,託麻北部線,熊本市東区・熊本市北区境,瀬田竜田線,43105,0,0.1,熊本市北区龍田町弓削,2389,熊本市北区龍田町弓削,3053,5442,1.22,0.58,29.9,19.1,7.5,30
43602310070,託麻北部線,一般国道３号（熊本北バイパス）,熊本大津線,43105,0,0.6,熊本市北区清水新地3丁目,3086,熊本市北区清水新地3丁目,2386,5472,1.24,0.78,9.3,13.1,7,30
43602310085,託麻北部線,一般国道３８７号,一般国道３号（熊本北バイパス）,43105,0,1.3,熊本市北区四方寄町,2026,熊本市北区四方寄町,2229,4255,1.22,0.53,27.1,29.7,8,30
43602310090,託麻北部線,一般国道３号（熊本北バイパス）,一般国道３号,43105,0,0.8,熊本市北区四方寄町,2026,熊本市北区四方寄町,2229,4255,1.22,0.53,35,9,8,30
43602320004,小池竜田線,一般国道４４３号,小池竜田線,43443,0,1.2,,7492,,6842,14334,1.25,1.23,33.2,38.4,11,30
43602320007,小池竜田線,小池竜田線,小池竜田線,43443,0,0.8,,7492,,6842,14334,1.25,1.23,33.2,38.4,11,30
43602320010,小池竜田線,小池竜田線,,43443,0,1.2,,7492,,6842,14334,1.25,1.23,42.3,35.9,11,30
43602320020,小池竜田線,,熊本高森線,43102,0,1.4,熊本市東区小峯,6426,熊本市東区小峯,5539,11965,1.28,1.11,15.6,18.5,16,50
43602320030,小池竜田線,熊本高森線,熊本益城大津線,43102,0,1.3,熊本市東区小峯,6426,熊本市東区小峯,5539,11965,1.28,1.11,19.5,11.7,16,50
43602320035,小池竜田線,熊本益城大津線,小池竜田線,43102,0,0.7,熊本市東区小峯,6426,熊本市東区小峯,5539,11965,1.28,1.11,10.7,19.8,16,50
43602320140,小池竜田線,小池竜田線,戸島熊本線,43102,0,0.8,熊本市東区小峯,6426,熊本市東区小峯,5539,11965,1.28,1.04,22.1,10.9,17.5,40
43602320060,小池竜田線,戸島熊本線,熊本空港線,43102,0,0.8,熊本市東区長嶺南4丁目,7228,熊本市東区長嶺南4丁目,6921,14149,1.24,1.06,13.1,7.7,10,40
43602320080,小池竜田線,熊本空港線,一般国道５７号,43102,0,0.9,熊本市東区長嶺東7丁目,7435,熊本市東区長嶺東7丁目,7202,14637,1.24,1.38,20.6,14.4,12.1,50
43602320100,小池竜田線,,瀬田熊本線,43102,0,0.6,熊本市東区上南部3丁目,3751,熊本市東区上南部3丁目,2955,6706,1.23,0.77,19.6,13.3,7.2,30
43602320115,小池竜田線,瀬田熊本線,熊本市東区・熊本市北区境,43102,0,0.5,熊本市東区上南部1丁目,3769,熊本市東区上南部1丁目,3382,7151,1.23,1.2,14.7,28.8,9.5,30
43602320120,小池竜田線,熊本市東区・熊本市北区境,熊本菊陽線,43105,0,0.4,熊本市東区上南部1丁目,3769,熊本市東区上南部1丁目,3382,7151,1.23,1.2,22.6,7.6,9.5,30
43602320160,小池竜田線,一般国道４４３号,小池竜田線,43443,0,0.8,,,,,,,,25.2,46.5,7,30
43602320170,小池竜田線,小池竜田線,小池竜田線,43443,0,0.6,,,,,,,,15.5,13.1,7,30
43602320040,小池竜田線,小池竜田線,戸島熊本線,43102,0,0.6,熊本市東区小峯4丁目,3294,熊本市東区小峯4丁目,2980,6274,1.22,2.6,19.7,13.8,5.5,30
43602330010,海路口小島線,,天明川尻線,43104,0,1.6,熊本市南区海路口町,1171,熊本市南区海路口町,1221,2392,1.2,0.29,37.8,37.1,10,40
43602330020,海路口小島線,天明川尻線,畠口川尻停車場線,43104,0,2.2,熊本市南区海路口町,1171,熊本市南区海路口町,1221,2392,1.2,0.29,39.3,45.5,10,40
43602330025,海路口小島線,畠口川尻停車場線,熊本市南区・熊本市西区境,43104,0,0.6,熊本市南区海路口町,1171,熊本市南区海路口町,1221,2392,1.2,0.29,41.2,50.9,10,40
43602330030,海路口小島線,熊本市南区・熊本市西区境,熊本港線,43103,0,1.3,熊本市南区海路口町,1171,熊本市南区海路口町,1221,2392,1.2,0.29,50.2,48.9,10,40
43602330040,海路口小島線,熊本港線,一般国道５０１号,43103,0,3.8,熊本市南区海路口町,1171,熊本市南区海路口町,1221,2392,1.2,0.29,38.6,45.8,10,40
43602340010,天明川尻線,海路口小島線,一般国道５０１号,43104,0,2.7,熊本市南区奥古閑町,879,熊本市南区奥古閑町,856,1735,1.19,0.26,35.3,29.7,11,40
43602350010,益城菊陽線,一般国道４４３号,熊本高森線,43443,0,2.9,,1700,,1787,3487,1.21,0.41,25.6,34.9,10.5,40
43602350020,益城菊陽線,熊本高森線,熊本益城大津線,43443,0,2.1,,4110,,3964,8074,1.23,0.59,25.3,22.4,18.5,50
43602350030,益城菊陽線,熊本益城大津線,,43443,0,0.3,,4110,,3964,8074,1.23,0.59,9,26.7,18.5,50
43602350040,益城菊陽線,,益城菊陽線（新道）,43102,0,0.4,熊本市東区戸島本町,4893,熊本市東区戸島本町,4719,9612,1.22,0.97,36.3,47.4,8.2,40
43602350050,益城菊陽線,益城菊陽線（新道）,益城菊陽線（旧道）,43102,0,0.3,熊本市東区戸島本町,4893,熊本市東区戸島本町,4719,9612,1.22,0.97,23.2,39.7,8.2,40
43602350060,益城菊陽線,益城菊陽線（旧道）,戸島熊本線,43102,0,1.1,熊本市東区戸島本町,4893,熊本市東区戸島本町,4719,9612,1.22,0.97,27.5,29.7,8.2,40
43602350070,益城菊陽線,戸島熊本線,熊本空港線,43102,0,1,熊本市東区戸島本町,4893,熊本市東区戸島本町,4719,9612,1.22,0.97,19.2,14,8.2,40
43602350080,益城菊陽線,熊本空港線,熊本空港線,43102,0,0.2,熊本市東区戸島本町,4893,熊本市東区戸島本町,4719,9612,1.22,0.97,8.1,8.8,8.2,40
43602350090,益城菊陽線,熊本空港線,瀬田熊本線,43102,0,2.2,熊本市東区戸島本町,4893,熊本市東区戸島本町,4719,9612,1.22,0.97,24.5,28.6,8.2,40
43602350105,益城菊陽線（旧道）,瀬田熊本線,熊本市東区・熊本市北区境,43102,0,0.8,熊本市東区弓削町,717,熊本市東区弓削町,746,1463,1.2,0.22,30.9,31.8,11.3,60
43602350110,益城菊陽線（旧道）,熊本市東区・熊本市北区境,瀬田竜田線,43105,0,0.1,熊本市東区弓削町,717,熊本市東区弓削町,746,1463,1.2,0.22,32.8,19.3,11.3,60
43602350130,益城菊陽線（旧道）,熊本高森線,熊本益城大津線,43443,0,2,,,,,,,,22.6,19,9,40
43602350140,益城菊陽線,熊本益城大津線,益城町・熊本市東区境,43443,0,0.6,,,,,,,,16.9,25.8,6.5,40
43602350150,益城菊陽線,益城町・熊本市東区境,益城菊陽線（新道）,43102,0,0.1,,,,,,,,16.9,25.8,9.4,40
43602350170,益城菊陽線（新道）,益城菊陽線,益城菊陽線（旧道）,43102,0,0.3,熊本市東区戸島5丁目,6440,熊本市東区戸島5丁目,6895,13335,1.25,1.08,46.1,40.2,12.5,50
43602350180,益城菊陽線（新道）,益城菊陽線（旧道）,益城菊陽線,43102,0,0.4,熊本市東区戸島5丁目,6440,熊本市東区戸島5丁目,6895,13335,1.25,1.08,36.3,30.1,12.5,50
43602350190,益城菊陽線,益城菊陽線,熊本空港線,43102,0,1.8,熊本市東区戸島5丁目,6440,熊本市東区戸島5丁目,6895,13335,1.25,1.08,39.9,30,12.5,50
43602350210,益城菊陽線（旧道）,益城菊陽線,益城菊陽線（新道）,43102,0,0.3,,,,,,,,28.1,13.6,13.8,40
43602360010,神水川尻線,一般国道５７号,熊本空港線,43102,0,0.8,熊本市東区湖東3丁目,3367,熊本市東区湖東3丁目,4059,7426,1.24,0.89,4.7,22.5,9,40
43602360030,神水川尻線,熊本空港線,熊本空港線,43102,0,0.8,熊本市東区画図町大字重富,4861,熊本市東区画図町大字重富,4489,9350,1.24,0.87,21.6,33.8,12.6,40
43602360040,神水川尻線,熊本空港線,一般国道２６６号,43102,0,1.5,熊本市東区画図町大字重富,4861,熊本市東区画図町大字重富,4489,9350,1.24,1.04,33.7,14.5,12,40
43602360060,神水川尻線,田迎木原線,田迎木原線,43104,0,0.8,熊本市南区御幸笛田3丁目,3418,熊本市南区御幸笛田3丁目,3802,7220,1.23,0.64,17.6,20.8,10.8,50
43602360070,神水川尻線,田迎木原線,一般国道３号,43104,0,2.1,熊本市南区御幸笛田3丁目,3418,熊本市南区御幸笛田3丁目,3802,7220,1.23,0.64,35.4,34.4,10.8,50
43602360080,神水川尻線,一般国道３号,熊本嘉島線,43104,0,0.7,熊本市南区御幸笛田3丁目,3418,熊本市南区御幸笛田3丁目,3802,7220,1.23,0.64,11.2,9.4,10.8,50
43602360090,神水川尻線,熊本嘉島線,,43104,0,0.1,熊本市南区御幸笛田3丁目,3418,熊本市南区御幸笛田3丁目,3802,7220,1.23,0.64,4.1,5.9,10.8,50
43602370003,小島新町線,熊本高森線,上代１丁目島崎６丁目第１号線,43103,0,4.1,熊本市西区池上町,4397,熊本市西区池上町,5150,9547,1.24,1.49,21.1,26.5,9.2,40
43602370004,小島新町線,上代１丁目島崎６丁目第１号線,小島新町線,43103,0,1.5,熊本市西区池上町,4397,熊本市西区池上町,5150,9547,1.24,1.49,29.1,34.4,9.2,40
43602370005,小島新町線,小島新町線,熊本市西区・熊本市中央区境,43103,0,0.6,熊本市西区池上町,4397,熊本市西区池上町,5150,9547,1.24,1.49,17.6,19.7,9.2,40
43602370009,小島新町線,熊本市西区・熊本市中央区境,小島新町線,43101,0,0.5,熊本市西区池上町,4397,熊本市西区池上町,5150,9547,1.24,1.49,19.7,20.8,9.2,40
43602370010,小島新町線,小島新町線,熊本高森線,43101,0,0.6,熊本市西区池上町,4397,熊本市西区池上町,5150,9547,1.24,1.49,7.3,9.8,9.2,40
43602380010,画図秋津線,熊本空港線,,43102,0,0.1,熊本市東区秋津町秋田,6058,熊本市東区秋津町秋田,6823,12881,1.25,1.1,12.2,21.9,10.4,50
43602380020,画図秋津線,,,43442,0,0.8,,6233,,6778,13011,1.25,1.08,23.2,29.6,13.5,50
43602380030,画図秋津線,,六嘉秋津新町線,43102,0,0.9,熊本市東区秋津町秋田,6058,熊本市東区秋津町秋田,6823,12881,1.25,1.12,37.8,20.4,13.1,50
43304450060,御船甲佐線,一般国道４４５号,,43441,0,0.6,,3740,,2609,6349,1.23,0.72,27.4,33.1,9.6,40
43602390010,御船甲佐線,,御船町・甲佐町境,43441,0,1.1,,3648,,3276,6924,1.23,1.24,26.2,29.4,5.7,40
43602390020,御船甲佐線,御船町・甲佐町境,嘉島甲佐線,43444,0,1.3,上益城郡甲佐町田口,3447,上益城郡甲佐町田口,2926,6373,1.23,0.63,28.3,35,8,30
43602390040,御船甲佐線,嘉島甲佐線,宇土甲佐線,43444,0,0.8,上益城郡甲佐町田口,3447,上益城郡甲佐町田口,2926,6373,1.23,0.6,28.9,34,9.5,40
43602390050,御船甲佐線,宇土甲佐線,,43444,0,1.1,上益城郡甲佐町田口,3447,上益城郡甲佐町田口,2926,6373,1.23,0.6,44.2,44.5,9.5,40
43602400010,今吉野甲佐線,一般国道２６６号,小川嘉島線,43104,0,1.4,熊本市南区城南町今吉野,829,熊本市南区城南町今吉野,961,1790,1.21,0.29,25.9,35.8,9.1,40
43602400030,今吉野甲佐線,小川嘉島線,一般国道４４３号,43444,0,7.1,,426,,396,822,1.15,0.11,41.8,41.9,12,50
43602410010,千町廻江線,一般国道２６６号,田迎木原線,43104,0,3.2,熊本市南区城南町赤見,444,熊本市南区城南町赤見,550,994,1.16,0.94,28.6,32.4,5.1,40
43602410020,千町廻江線,田迎木原線,一般国道３号,43104,0,2.6,熊本市南区城南町赤見,444,熊本市南区城南町赤見,550,994,1.16,0.94,35.2,27.3,5.1,40
43602420010,走潟廻江線,一般国道５０１号,,43211,0,0.2,宇土市走潟町,1198,宇土市走潟町,1301,2499,1.22,0.7,15.2,30.4,5.5,60
43602420020,走潟廻江線,,川尻宇土線,43104,0,3.4,熊本市南区富合町莎崎,1178,熊本市南区富合町莎崎,1280,2458,1.2,0.13,47.4,40.4,6.5,60
43602420030,走潟廻江線,川尻宇土線,一般国道３号,43104,0,0.1,熊本市南区富合町莎崎,1178,熊本市南区富合町莎崎,1280,2458,1.2,0.15,13.1,7.5,40.6,40
43602430010,郡浦網田線,一般国道２６６号,宇城市・宇土市境,43213,0,4.7,,133,,162,295,1.25,0.1,30.6,23.2,6.1,60
43602430020,郡浦網田線,宇城市・宇土市境,一般国道５７号,43211,0,4.8,,133,,162,295,1.25,0.1,27.6,27.8,5,60
43602440010,下郷北新田線,小川嘉島線,中小野浦川内線,43213,0,4.4,,1153,,1056,2209,1.19,0.23,38.6,29.3,12,40
43602440020,下郷北新田線,中小野浦川内線,一般国道３号,43213,0,3.1,,1153,,1056,2209,1.19,0.23,34.9,29,12,40
43602450010,共栄千丁停車場線,大牟田大鞘八代港線,八代不知火線,43202,0,2.2,,1284,,1421,2705,1.2,0.37,31.6,23.4,9.5,40
43602450020,共栄千丁停車場線,八代不知火線,八代鏡線,43202,0,0.8,,1284,,1421,2705,1.2,0.37,28,33,9.5,40
43602450030,共栄千丁停車場線,八代鏡線,八代鏡宇土線,43202,0,2.6,,1284,,1421,2705,1.2,0.37,30.4,34.1,9.5,40
43602450040,共栄千丁停車場線,八代鏡宇土線,千丁停車場興善寺線,43202,0,1.6,,1284,,1421,2705,1.2,0.37,23.3,21.9,9.5,40
43602460010,千丁停車場興善寺線,共栄千丁停車場線,一般国道３号,43202,0,1.9,,260,,285,545,1.2,0.07,35.8,27.9,10.8,40
43602470010,久連子落合線,,一般国道４４５号,43202,0,5.1,,,,,,,,27.4,27.4,3,60
43602470030,久連子落合線,一般国道４４５号,八代市・五木村境,43202,0,1.6,,4,,11,15,1.25,0,28.2,28.2,6.5,60
43602470040,久連子落合線,八代市・五木村境,五木村・八代市境,43511,0,12.1,,4,,11,15,1.25,0.03,30,30.7,4.5,40
43602470050,久連子落合線,五木村・八代市境,小川泉線,43202,0,11.1,,4,,11,15,1.25,0.03,30,30.7,4.75,60
43602500010,八代港大手町線,,八代不知火線,43202,0,0.5,八代市建馬町３,5552,八代市建馬町３,5764,11316,1.25,0.65,30.6,14.7,24.5,40
43602500020,八代港大手町線,八代不知火線,八代鏡線,43202,0,1.5,八代市建馬町３,5552,八代市建馬町３,5764,11316,1.25,0.65,20.5,20.4,24.5,40
43602500040,八代港大手町線,八代鏡線,八代鏡宇土線,43202,0,1.4,,10160,,10081,20241,1.27,0.73,22.2,15.7,20,40
43602510010,郡築横手線,,大牟田大鞘八代港線,43202,0,1.1,,673,,736,1409,1.17,0.21,29.1,27.2,11.5,60
43602510020,郡築横手線,大牟田大鞘八代港線,八代不知火線,43202,0,1.4,,673,,736,1409,1.17,0.21,32.1,28.9,11.5,60
43602510030,郡築横手線,八代不知火線,,43202,0,1.1,,673,,736,1409,1.17,0.21,26,24.1,11.5,60
43602510050,郡築横手線,八代鏡線,八代鏡宇土線,43202,0,1.6,,5331,,5065,10396,1.24,0.53,28,27.3,32,50
43602530010,破木二見線,芦北坂本線,一般国道３号,43202,0,5.2,,866,,1038,1904,1.19,0.32,37.1,34.6,9.3,30
43602540010,二見田浦線,一般国道３号,八代市・芦北町境,43202,0,1.6,,250,,271,521,1.2,2.47,16.9,22.3,3.5,40
43602540020,二見田浦線,八代市・芦北町境,一般国道３号,43482,0,11.1,,250,,271,521,1.2,0.15,27.7,29.9,6,40
43602550010,竜北小川停車場線,鹿野赤迫線,氷川町・宇城市境,43468,0,0.5,,652,,637,1289,1.16,0.63,29.7,26.8,6,30
43602550015,竜北小川停車場線,氷川町・宇城市境,竜北小川停車場線,43213,0,1.4,,652,,637,1289,1.16,3.93,31.5,26.9,4.6,60
43602550020,竜北小川停車場線,竜北小川停車場線,小川停車場線,43213,0,0.2,,652,,637,1289,1.16,0.21,17.6,17,10.8,30
43602550040,竜北小川停車場線,竜北小川停車場線,小川停車場線,43213,0,0.6,,652,,637,1289,1.16,0.21,30.4,42.7,10.8,30
43602560010,鹿野赤迫線,八代鏡宇土線,竜北小川停車場線,43468,0,2.2,,257,,283,540,1.2,0.1,28.2,32.9,6,30
43602560020,鹿野赤迫線,竜北小川停車場線,一般国道３号,43468,0,1.4,,257,,283,540,1.2,0.1,29.8,23.7,6,30
43602580010,田上日奈久線,芦北坂本線,一般国道３号,43202,0,9.2,,1099,,1290,2389,1.2,5.11,32.2,32.2,4.7,60
43602590010,小鶴原女木線,宮原五木線,五木村・八代市境,43511,0,6.2,,,,,,,,,,5,60
43602590020,小鶴原女木線,五木村・八代市境,中津道八代線,43202,0,22,,,,,,,,,,4,60
43602590040,小鶴原女木線,中津道八代線,一般国道２１９号,43202,0,0.2,,,,,,,,6.6,15.1,3.6,60
43602600010,皆越免田線,,錦湯前線,43514,0,4.9,,,,,,,,36.3,36.3,7.5,40
43602600030,皆越免田線,錦湯前線,一般国道２１９号,43514,0,3,球磨郡あさぎり町上南　　,928,球磨郡あさぎり町上南,989,1917,1.19,0.18,33.2,29,9.4,40
43602610010,五木多良木線,,人吉水上線,43505,0,9.4,,,,,,,,38.8,38.8,9,40
43602610020,五木多良木線,人吉水上線,一般国道２１９号,43505,0,1,,,,,,,,21.8,18.7,9,40
43602620010,覚井一武線,人吉水上線,一般国道２１９号,43501,0,3.1,,456,,486,942,1.16,0.11,31.4,31.7,10,40
43602620020,覚井一武線,一般国道２１９号,,43501,0,0.4,,456,,486,942,1.16,0.11,19.4,3.6,10,40
43602630010,高沢一勝地線,,一般国道２１９号,43513,0,8.5,,,,,,,,32.7,32.7,5.5,40
43602630030,高沢一勝地線,一般国道２１９号,人吉水俣線,43513,0,0.1,,,,,,,,22.2,19.8,10.8,40
43602640010,幸野染田線,一般国道３８８号,水上村・湯前町境,43507,0,0.1,,,,,,,,34.3,34.3,4,30
43602640020,幸野染田線,水上村・湯前町境,,43506,0,3.4,,,,,,,,34.3,34.3,6,40
43602640050,幸野染田線,,一般国道２１９号,43506,0,0.4,,,,,,,,40.5,22,6,40
43602650010,大畑西線,一般国道２２１号,人吉市・錦町境,43203,0,2.7,,1029,,1013,2042,1.19,0.24,46.9,51.2,12,50
43602650020,大畑西線,人吉市・錦町境,一般国道２１９号,43501,0,1.8,,1029,,1013,2042,1.19,0.24,41,35.8,10.5,50
43602660010,梶屋多良木線,,人吉水上線,43505,0,7.5,,,,,,,,36.6,36.6,7,40
43602660030,梶屋多良木線,人吉水上線,一般国道２１９号,43505,0,1.4,球磨郡多良木町多良木,406,球磨郡多良木町多良木,315,721,1.15,0.08,24.4,26.3,10.1,40
43602670010,西の園中里線,人吉水上線,水上村・湯前町境,43507,0,0.3,,549,,601,1150,1.16,0.86,34.2,23.6,5.6,60
43602670020,西の園中里線,水上村・湯前町境,一般国道２１９号,43506,0,0.6,,549,,601,1150,1.16,0.7,19.7,19.7,5.4,60
43602680010,水俣港大黒町線,,一般国道３号,43205,0,2.4,水俣市丸島町,733,水俣市丸島町,700,1433,1.18,0.33,15.1,18,11,30
43602690010,田浦港線,,一般国道３号,43482,0,1.6,,633,,623,1256,1.16,0.17,29.4,9.7,6.8,30
43602700010,天月湯浦線,芦北球磨線,越小場湯浦線,43482,0,14.9,葦北郡芦北町湯浦,528,葦北郡芦北町湯浦,368,896,1.13,0.12,33.2,33.2,10,40
43602700020,天月湯浦線,越小場湯浦線,宮崎芦北線,43482,0,0.4,葦北郡芦北町湯浦,528,葦北郡芦北町湯浦,368,896,1.13,0.12,29.5,33.6,10,40
43602700030,天月湯浦線,宮崎芦北線,一般国道３号,43482,0,2,葦北郡芦北町湯浦,528,葦北郡芦北町湯浦,368,896,1.13,0.12,30.9,31.7,10,40
43602710010,越小場湯浦線,一般国道２６８号,人吉水俣線,43205,0,5.6,,795,,806,1601,1.18,0.71,41.6,41.3,6,30
43602710030,越小場湯浦線,人吉水俣線,水俣市・芦北町境,43205,0,4.5,水俣市久木野,100,水俣市久木野,97,197,1.18,0.37,28.2,25.2,5,30
43602710040,越小場湯浦線,水俣市・芦北町境,天月湯浦線,43482,0,12.2,水俣市久木野,100,水俣市久木野,97,197,1.18,0.03,39.6,39.6,11.5,60
43602720010,球磨田浦線,一般国道２１９号,球磨村・芦北町境,43513,0,0.1,,795,,806,1601,1.18,1.79,15.8,32.2,5,30
43602720020,球磨田浦線,球磨村・芦北町境,一勝地神瀬線,43482,0,0.1,,795,,806,1601,1.18,1.79,33.5,25.9,5,40
43602720030,球磨田浦線,一勝地神瀬線,芦北坂本線,43482,0,6.3,,795,,806,1601,1.18,1.79,29.9,29.9,5,40
43602720050,球磨田浦線,芦北坂本線,芦北町・八代市境,43482,0,2.5,葦北郡芦北町大字横居木,357,葦北郡芦北町大字横居木,344,701,1.18,0.09,36.3,41.6,8,40
43602720060,球磨田浦線,芦北町・八代市境,一般国道３号,43202,0,1.1,葦北郡芦北町大字横居木,357,葦北郡芦北町大字横居木,344,701,1.18,0.11,27.7,27.1,7.5,60
43602770010,姫戸港教良木線,,一般国道２６６号,43212,0,0.4,,714,,722,1436,1.17,0.17,12.2,19.6,8,30
43602770020,姫戸港教良木線,一般国道２６６号,松島馬場線,43212,0,4.2,,714,,722,1436,1.17,0.17,26.5,29.5,8,30
43602780010,宮地岳本渡線,一般国道２６６号,本渡牛深線,43215,0,10.5,,112,,133,245,1.25,0.21,37.3,37.3,6.75,50
43602800010,新合高浜港線,一般国道２６６号,牛深天草線,43215,0,2.6,,702,,704,1406,1.17,0.19,53.4,57.7,10,50
43602800030,新合高浜港線,牛深天草線,一般国道３８９号,43215,0,16.9,,,,,,,,34.4,34.4,4.5,60
43602800040,新合高浜港線,一般国道３８９号,,43215,0,1.1,,,,,,,,15.3,17.3,6,60
43602810010,坂瀬川御領線,一般国道３２４号,坂瀬川鬼池港線,43531,0,2.8,,251,,271,522,1.2,0.18,37.3,41.3,7.5,30
43602810020,坂瀬川御領線,坂瀬川鬼池港線,苓北町・天草市境,43531,0,3.1,,251,,271,522,1.2,0.73,33.5,30.7,4.75,60
43602810030,坂瀬川御領線,苓北町・天草市境,本渡五和線,43215,0,3.9,,251,,271,522,1.2,0.46,37.4,37,5,60
43602810040,坂瀬川御領線,本渡五和線,一般国道３２４号,43215,0,4.1,,251,,271,522,1.2,0.46,37.9,35,5,60
43602820010,河内上津浦港線,松島馬場線,一般国道３２４号,43215,0,9.3,,118,,108,226,1.25,0.04,36.7,30.9,7.5,60
43602830010,下浦馬場線,一般国道２６６号,一般国道２６６号,43215,0,6.3,,203,,230,433,1.25,0.59,17.7,42.4,5,60
43602840010,坂瀬川鬼池港線,坂瀬川御領線,苓北町・天草市境,43531,0,1.3,,134,,112,246,1.25,0.74,35,28.1,4.75,60
43602840020,坂瀬川鬼池港線,苓北町・天草市境,本渡五和線,43215,0,3.4,,134,,112,246,1.25,1.86,34.9,26.6,4.5,60
43602840030,坂瀬川鬼池港線,本渡五和線,一般国道３２４号,43215,0,7.1,,134,,112,246,1.25,1.86,32.6,32.6,4.5,60
43602850010,宮野河内新合線,本渡牛深線,一般国道２６６号,43215,0,6.3,,153,,161,314,1.25,0.43,32,32,5,60
43602860030,都呂々宮地岳線,一般国道３８９号,福連木都呂々線,43531,0,0.3,,331,,295,626,1.15,0.13,8.2,40.9,9,60
43602860040,都呂々宮地岳線,福連木都呂々線,苓北町・天草市境,43531,0,10,,331,,295,626,1.15,0.13,40.2,40.2,9,60
43602860050,都呂々宮地岳線,苓北町・天草市境,本渡下田線,43215,0,1.1,,331,,295,626,1.15,1.72,30.5,30.1,4.75,60
43602860070,都呂々宮地岳線,本渡下田線,,43215,0,3,,311,,315,626,1.15,2.8,35.7,35.7,4,60
43602860090,都呂々宮地岳線,,,43215,0,0.1,,311,,315,626,1.15,0,35.7,35.7,0,60
43602860010,都呂々宮地岳線,,一般国道２６６号,43215,0,1.3,,311,,315,626,1.15,2.8,35.7,35.7,4,60
43602870010,大宮地宮地岳線,本渡牛深線,碇石中田線,43215,0,5.6,,319,,341,660,1.15,0.94,28.6,28.6,5,60
43602870020,大宮地宮地岳線,碇石中田線,一般国道２６６号,43215,0,2.2,,319,,341,660,1.15,0.94,29.5,30.1,5,60
43602880010,深海線,一般国道２６６号,本渡牛深線,43215,0,3.6,,788,,732,1520,1.18,0.24,38.2,37.6,8,60
43602890010,大多尾新合線,,本渡牛深線,43215,0,2.3,,465,,450,915,1.16,0.22,45.6,44.8,6.5,60
43602890030,大多尾新合線,本渡牛深線,碇石中田線,43215,0,4,,465,,450,915,1.16,0.19,34.4,30.1,8,60
43602890040,大多尾新合線,碇石中田線,碇石中田線,43215,0,2.1,,465,,450,915,1.16,0.19,38.9,38.9,8,60
43602890050,大多尾新合線,碇石中田線,一般国道２６６号,43215,0,2.4,,465,,450,915,1.16,0.19,26.5,26.7,8,60
43602900010,教良木知十港線,松島馬場線,一般国道３２４号,43212,0,4.3,上天草市松島町知十,1319,上天草市松島町知十,1170,2489,1.2,0.35,40,40.9,10.5,50
43602910010,宮地岳今田線,一般国道２６６号,牛深天草線,43215,0,6.6,,219,,261,480,1.25,0.09,34.5,34.2,8,40
43602920010,引地本町線,,本渡苓北線,43215,0,0.1,,311,,295,606,1.15,1.2,14.8,4.8,4.75,40
43602920020,引地本町線,本渡苓北線,本渡下田線,43215,0,4.5,,311,,295,606,1.15,0.58,36.2,36.5,5.6,60
43602930010,福連木都呂々線,本渡下田線,天草市・苓北町境,43215,0,1.3,,299,,282,581,1.15,0.71,21.5,21.5,4,60
43602930020,福連木都呂々線,天草市・苓北町境,都呂々宮地岳線,43531,0,3.7,,299,,282,581,1.15,0.71,21.5,21.5,4,60
43602950010,錦島釜線,,本渡牛深線,43215,0,1,,167,,142,309,1.25,0.14,21,13.7,5.5,60
43602960010,円通寺志岐線,一般国道３８９号,一般国道３２４号,43531,0,0.6,,1432,,1419,2851,1.21,0.4,40,28.6,10,50
43602960020,円通寺志岐線,一般国道３２４号,,43531,0,0.3,,1432,,1419,2851,1.21,0.4,19.6,14.4,10,50
43602970010,川尻宇土線,一般国道３号,熊本嘉島線,43104,0,1,熊本市南区南高江2丁目,5166,熊本市南区南高江2丁目,3554,8720,1.24,0.77,20.3,17,17.5,40
43602970030,川尻宇土線,走潟廻江線,,43104,0,2.9,熊本市南区富合町志々水,4633,熊本市南区富合町志々水,3289,7922,1.23,0.65,35.4,41.9,10.7,40
43602970040,川尻宇土線,,,43211,0,0.1,,4344,,3200,7544,1.23,0.75,48.1,43.9,10.5,40
43602970050,川尻宇土線,,,43104,0,0.1,熊本市南区富合町志々水,4633,熊本市南区富合町志々水,3289,7922,1.23,0.61,46.6,43.5,10.7,40
43602970060,川尻宇土線,,宇土甲佐線,43211,0,0.1,,4344,,3200,7544,1.23,1.15,40.5,33.1,10.8,40
43602970070,川尻宇土線,宇土甲佐線,八代鏡宇土線,43211,0,4,,4344,,3200,7544,1.23,1.15,19.9,17.6,10.8,40
43602980010,阿蘇公園下野線,,阿蘇吉田線,43433,0,0.5,,6265,,6949,13214,1.25,1.21,15.3,13.2,8.3,40
43602980030,阿蘇公園下野線,阿蘇吉田線,阿蘇市・南阿蘇村境,43214,0,3.6,阿蘇郡南阿蘇村河陽,441,阿蘇郡南阿蘇村河陽,456,897,1.16,0.14,39.6,39.6,7,30
43602980040,阿蘇公園下野線,阿蘇市・南阿蘇村境,草千里浜栃木線,43433,0,1.1,阿蘇郡南阿蘇村河陽,441,阿蘇郡南阿蘇村河陽,456,897,1.16,0.14,44.7,44.7,7,40
43602980050,阿蘇公園下野線,草千里浜栃木線,河陰阿蘇線,43433,0,4.2,阿蘇郡南阿蘇村河陽,441,阿蘇郡南阿蘇村河陽,456,897,1.16,0.14,50.2,45.5,7,40
43602980060,阿蘇公園下野線,河陰阿蘇線,一般国道５７号,43433,0,0.5,阿蘇郡南阿蘇村河陽,441,阿蘇郡南阿蘇村河陽,456,897,1.16,0.14,28.7,21,7,40
43602990010,草千里浜栃木線,阿蘇公園下野線,河陰阿蘇線,43433,0,2.7,,470,,501,971,1.15,0.15,45.5,45.1,10,40
43602990020,草千里浜栃木線,河陰阿蘇線,一般国道３２５号,43433,0,1.4,,470,,501,971,1.15,0.15,41.5,44.9,10,40
43603010010,方保田山鹿線,田底鹿本線,一般国道３２５号,43208,0,3.9,,4129,,3935,8064,1.23,0.87,28.7,26.7,8.3,40
43603020010,稲佐津留玉名線,一般国道２０８号,玉東町・玉名市境,43364,0,0,,4553,,4554,9107,1.24,0.72,8.2,24.7,18,40
43603020020,稲佐津留玉名線,玉東町・玉名市境,,43206,0,2.1,,4553,,4554,9107,1.24,0.72,49,47.1,8.5,40
43603090010,稲佐津留玉名線,,瀬川玉東線,43206,0,0.8,,2581,,2290,4871,1.22,0.47,39.7,31.8,12,60
43603020050,稲佐津留玉名線,瀬川玉東線,,43206,0,0.7,,,,,,,,27.7,10.9,9,40
43400160015,稲佐津留玉名線,,一般国道２０８号（玉名バイパス）,43206,0,1.1,,8244,,8437,16681,1.26,1.26,35,34.8,12,50
43400160010,稲佐津留玉名線,一般国道２０８号（玉名バイパス）,玉名立花線,43206,0,0.8,,8244,,8437,16681,1.26,1.34,38.6,34.3,12,40
43603030010,四方寄熊本線,一般国道３号,小天下硯川線,43105,0,0.1,熊本市北区大窪2丁目,6082,熊本市北区大窪2丁目,5393,11475,1.25,1.12,9.2,17.5,11,40
43603030014,四方寄熊本線,小天下硯川線,熊本市北区・熊本市西区境,43105,0,3.1,熊本市北区大窪2丁目,6082,熊本市北区大窪2丁目,5393,11475,1.25,1.12,21.3,21.3,11,40
43603030017,四方寄熊本線,熊本市北区・熊本市西区境,熊本市西区・熊本市中央区境,43103,0,1.2,熊本市北区大窪2丁目,6082,熊本市北区大窪2丁目,5393,11475,1.25,1.12,19.7,9.2,11,40
43603030015,四方寄熊本線,熊本市西区・熊本市中央区境,,43101,0,0.3,熊本市北区大窪2丁目,6082,熊本市北区大窪2丁目,5393,11475,1.25,1.12,15.7,7.9,11,40
43603030020,四方寄熊本線,,熊本高森線,43101,0,1.5,熊本市北区大窪2丁目,6082,熊本市北区大窪2丁目,5393,11475,1.25,1.12,12.3,16.3,11,40
43603040010,一勝地神瀬線,人吉水俣線,球磨村・芦北町境,43513,0,5.1,,49,,76,125,1.25,0.3,22.7,19.1,5,30
43603040020,一勝地神瀬線,球磨村・芦北町境,古石天月線,43482,0,1.9,,49,,76,125,1.25,0.02,33.6,38.8,10.8,40
43603040030,一勝地神瀬線,古石天月線,球磨田浦線,43482,0,4,,49,,76,125,1.25,0.02,32,32.8,10.8,40
43603050010,宮崎芦北線,天月湯浦線,芦北球磨線,43482,0,5.5,,250,,271,521,1.2,0.08,32.4,29,11.5,40
43603070010,阿蘇停車場線,,一般国道５７号,43214,0,0.1,,6503,,7215,13718,1.25,1.1,9,6.6,17.8,30
43603080010,本渡港線,,一般国道３２４号,43215,0,0.7,天草市港町,1379,天草市港町,1395,2774,1.24,0.24,20,24.2,15,60
43603090005,瀬川玉東線,,稲佐津留玉名線,43206,0,2.5,,2581,,2290,4871,1.22,0.47,36.4,46.6,12,60
43603110010,新山原水線,住吉熊本線,辛川鹿本線,43404,0,0.7,,717,,1008,1725,1.18,0.45,8.9,15.8,9.9,40
43603110030,新山原水線,辛川鹿本線,熊本菊陽線,43404,0,3.7,菊池郡菊陽町原水,1872,菊池郡菊陽町原水,2725,4597,1.18,0.95,32.9,28.3,8.2,40
43603120010,中小野浦川内線,下郷北新田線,一般国道２１８号,43213,0,4.9,宇城市松橋町豊福,4029,宇城市松橋町豊福,4234,8263,1.24,0.79,37.3,38.8,10,40
43603130010,松橋インター線,一般国道２６６号,一般国道２１８号,43213,0,3.2,,4248,,3598,7846,1.23,1.03,42.3,36.3,10.5,50
43603140020,平山荒尾線,荒尾南関線,平山荒尾線,43204,0,1.4,,,,,,,,38.3,38.6,16,60
43603140005,平山荒尾線,平山荒尾線,,43204,0,1.1,,4111,,3995,8106,1.23,0.92,30.9,29.4,15,50
43603140010,平山荒尾線,,一般国道２０８号,43204,0,3,,4111,,3995,8106,1.23,0.92,30.1,28.7,15,50
43603140003,平山荒尾線,荒尾南関線,平山荒尾線,43204,0,1.3,,4111,,3995,8106,1.23,0.68,27.4,27.7,16,50
43603150010,竃門菰田山鹿線,玉名山鹿線,玉名立花線,43369,0,1.5,,,,,,,,38.8,49.1,9,50
43603150030,竃門菰田山鹿線,玉名立花線,和仁菊水線,43369,0,2.2,,,,,,,,41.4,34.2,6,60
43603150050,竃門菰田山鹿線,玉名立花線,和水町・山鹿市境,43369,0,1,,1042,,971,2013,1.19,0.24,40,41.4,9,60
43603150060,竃門菰田山鹿線,和水町・山鹿市境,一般国道４４３号,43208,0,5,,1042,,971,2013,1.19,0.24,49.7,47.1,8,40
43603160010,住吉熊本線,原植木線,原植木線,43210,0,0.7,菊池市泗水町住吉,2242,菊池市泗水町住吉,2120,4362,1.21,0.47,37.3,27.7,9,50
43603160020,住吉熊本線,原植木線,菊池市・合志市境,43210,0,1.6,菊池市泗水町住吉,2242,菊池市泗水町住吉,2120,4362,1.21,0.47,35,39.7,9,50
43603160030,住吉熊本線,菊池市・合志市境,熊本大津線,43216,0,2,菊池市泗水町住吉,2242,菊池市泗水町住吉,2120,4362,1.21,0.46,43.3,39.4,9,50
43603160050,住吉熊本線,熊本大津線,合志市・菊陽町境,43216,0,1.1,合志市幾久富字八丁谷,8232,合志市幾久富字八丁谷,7158,15390,1.27,1.66,21.7,23.1,12,50
43603160060,住吉熊本線,合志市・菊陽町境,新山原水線,43404,0,0.5,,8920,,11206,20126,1.27,1.6,18.8,9.8,16,50
43603160064,住吉熊本線,新山原水線,,43404,0,0.2,,8920,,11206,20126,1.27,1.6,10.2,9.2,16,50
43603160066,住吉熊本線,,,43404,0,0.2,,8920,,11206,20126,1.27,1.6,13.9,12.3,16,50
43603160068,住吉熊本線,,,43404,0,0.3,,8920,,11206,20126,1.27,1.6,20,12.3,16,50
43603160070,住吉熊本線,,,43404,0,0.2,,8920,,11206,20126,1.27,1.6,11.6,21,16,50
43603160080,住吉熊本線,,一般国道５７号（分岐ランプ部）,43105,0,0.3,熊本市北区龍田町弓削,11154,熊本市北区龍田町弓削,12649,23803,1.28,2.2,21.2,33.5,12.5,50
43603160100,住吉熊本線,新山原水線,菊陽町・合志市境,43404,0,0.5,,,,,,,,11.7,14.6,12.5,50
43603160110,住吉熊本線,菊陽町・合志市境,合志市・菊陽町境,43216,0,0.3,,,,,,,,10.6,19,12.5,50
43603160120,住吉熊本線,合志市・菊陽町境,,43404,0,0.5,,,,,,,,24.8,27.6,12.5,50
43801010010,住吉熊本線,熊本菊陽線,一般国道５７号（分岐ランプ部）,43105,0,0.2,熊本市北区龍田町弓削,1445,熊本市北区龍田町弓削,1736,3181,1.21,0.38,17,25.2,25.7,50
43603170010,満願寺黒川線,南小国波野線,一般国道４４２号,43423,0,4.7,,1040,,934,1974,1.19,2.44,27.7,28.4,5,40
43603180010,北里宮原線,一般国道３８７号,一般国道２１２号,43424,0,3.9,,186,,207,393,1.25,0.16,32.7,32.7,6,30
43603190010,仏原高森線,一般国道２１８号,河内矢部線,43447,0,5.9,,166,,192,358,1.25,0.33,42.2,42.2,5,60
43603190030,仏原高森線,河内矢部線,山都町・南阿蘇村境,43447,0,7.5,,,,,,,,29.2,29.2,6,60
43603190040,仏原高森線,山都町・南阿蘇村境,南阿蘇村・高森町境,43433,0,8.4,,,,,,,,29.2,29.2,5,40
43603190050,仏原高森線,南阿蘇村・高森町境,熊本高森線,43428,0,1.5,,,,,,,,19.8,31.3,5,40
43603200010,長原川野線,南田内大臣線,一般国道２１８号,43447,0,7.2,上益城郡山都町長原,413,上益城郡山都町長原,433,846,1.15,0.9,25.7,25.7,5,60
43603210010,囲砥用線,横野矢部線,山都町・美里町境,43447,0,3.2,,,,,,,,29.4,29.4,11,60
43603210020,囲砥用線,山都町・美里町境,三本松甲佐線,43348,0,3.4,,,,,,,,29.4,29.4,8,60
43603210040,囲砥用線,三本松甲佐線,一般国道２１８号,43348,0,5.4,,624,,614,1238,1.16,0.17,38,35.2,9,30
43603220010,大牟田大鞘八代港線,八代鏡宇土線,八代鏡線,43202,0,1.2,,1340,,1368,2708,1.2,0.38,18.4,36.2,9.5,40
43603220020,大牟田大鞘八代港線,八代鏡線,八代不知火線,43202,0,2,,1340,,1368,2708,1.2,0.38,35.3,34.5,9.5,40
43603220030,大牟田大鞘八代港線,八代不知火線,共栄千丁停車場線,43202,0,3.9,,1340,,1368,2708,1.2,0.38,32,46.2,9.5,40
43603220040,大牟田大鞘八代港線,共栄千丁停車場線,郡築横手線,43202,0,1.9,,1340,,1368,2708,1.2,0.38,34.2,40.5,9.5,40
43603220050,大牟田大鞘八代港線,郡築横手線,八代港線,43202,0,2.3,,1340,,1368,2708,1.2,0.38,36.9,34,9.5,40
43603220060,大牟田大鞘八代港線,八代港線,,43202,0,2.2,,1340,,1368,2708,1.2,0.38,30.7,19.5,9.5,40
43603230010,深川津奈木線,一般国道２６８号,水俣市・津奈木町境,43205,0,4.3,,428,,456,884,1.15,0.37,32.3,32.5,5,30
43603230020,深川津奈木線,水俣市・津奈木町境,一般国道３号,43484,0,4.7,,428,,456,884,1.15,1.49,35.3,17.9,4.5,60
43603240010,小枝深水線,人吉水上線,あさぎり町・錦町境,43514,0,2.9,,52,,43,95,1.25,0.01,38.6,38.6,11,40
43603240020,小枝深水線,あさぎり町・錦町境,錦町・相良村境,43501,0,4.2,,52,,43,95,1.25,0.18,31.7,37.6,5.5,40
43603240030,小枝深水線,錦町・相良村境,一般国道４４５号,43510,0,1.5,,52,,43,95,1.25,0.18,34.7,33.5,7,30
43603250010,遠原渡線,,人吉水俣線,43513,0,10.4,,,,,,,,27.3,27.3,4.5,60
43603250030,遠原渡線,人吉水俣線,一般国道２１９号,43513,0,0.7,,,,,,,,10.9,12.7,5.8,30
43603260010,碇石中田線,大宮地宮地岳線,大多尾新合線,43215,0,2.1,,122,,121,243,1.25,0.05,38.5,39.4,11,60
43603260030,碇石中田線,大多尾新合線,本渡牛深線,43215,0,2.8,,,,,,,,42.7,42.7,4.5,60
43603270010,大浜小天線,玉名植木線,一般国道５０１号,43206,0,1.4,,943,,798,1741,1.18,0.2,34.5,36.2,10,40
43603270020,大浜小天線,一般国道５０１号,,43206,0,8,,943,,798,1741,1.18,0.2,32.2,32.8,10,40
43603270040,大浜小天線,,一般国道５０１号,43206,0,1,,943,,798,1741,1.18,0.19,26.6,26.6,8.4,40
43603290010,原植木線,二重峠菊池線,旭志鹿本線,43210,0,7.1,,,,,,,,45.8,46.5,8,40
43603290020,原植木線,旭志鹿本線,原植木線,43210,0,0.5,,,,,,,,52.2,58.4,8,40
43603290030,原植木線,原植木線,菊池赤水線,43210,0,0.8,,,,,,,,22.9,39.7,8,40
43603290050,原植木線,菊池赤水線,一般国道３２５号,43210,0,2.8,,,,,,,,35.9,21.9,11.5,40
43603290070,原植木線,一般国道３２５号,住吉熊本線,43210,0,2.1,,,,,,,,31.5,39.7,9,50
43603290090,原植木線,住吉熊本線,辛川鹿本線,43210,0,4.1,,910,,838,1748,1.18,0.22,35.9,35.3,7,40
43603290110,原植木線,一般国道３８７号,熊本菊鹿線,43210,0,2.8,,,,,,,,33.2,33.2,5,30
43603290130,原植木線,熊本菊鹿線,南田島豊田線,43210,0,1,,899,,1250,2149,1.19,2.34,36.6,34.2,5,60
43603290140,原植木線,南田島豊田線,,43210,0,0.7,,899,,1250,2149,1.19,3.34,37,32.5,4.5,40
43603290145,原植木線,,原植木線（旧道）,43105,0,4.4,熊本市北区植木町有泉,682,熊本市北区植木町有泉,706,1388,1.17,0.15,38.3,35.3,21.4,40
43603290210,原植木線,原植木線（旧道）,一般国道３号,43105,0,0.5,熊本市北区植木町有泉,682,熊本市北区植木町有泉,706,1388,1.17,0.15,21.5,9,16,50
43603290150,原植木線（旧道）,原植木線,一般国道３号,43105,0,0.7,熊本市北区植木町岩野,1554,熊本市北区植木町岩野,1475,3029,1.21,1.15,24.5,18.7,7,30
43603290230,原植木線,辛川鹿本線,一般国道３８７号,43210,0,0.2,,,,,,,,12.9,11.6,12,30
43603290170,原植木線,原植木線,,43210,0,0.4,,,,,,,,25.3,38.4,12,40
43603290190,原植木線,一般国道３８７号,,43210,0,1.4,,,,,,,,21.5,41.2,11,60
43603310010,古石天月線,,一勝地神瀬線,43482,0,17.3,,,,,,,,25,25,9,60
43603320010,小天下硯川線,熊本玉名線,玉名市・玉東町境,43206,0,4.6,,10,,9,19,1.25,0.02,28.3,27.6,5,30
43603320020,小天下硯川線,玉名市・玉東町境,玉東町・熊本市北区境,43364,0,3.2,,10,,9,19,1.25,0.01,28.3,27.6,5.5,30
43603320025,小天下硯川線,玉東町・熊本市北区境,熊本市北区・熊本市西区境,43105,0,1,熊本市西区河内町大多尾,52,熊本市西区河内町大多尾,56,108,1.25,0.6,27.3,28.8,4,40
43603320030,小天下硯川線,熊本市北区・熊本市西区境,植木河内港線,43103,0,4.5,熊本市西区河内町大多尾,52,熊本市西区河内町大多尾,56,108,1.25,0.6,29.2,32.2,4,40
43603320050,小天下硯川線,植木河内港線,小天下硯川線,43103,0,0.1,熊本市北区貢町,797,熊本市北区貢町,723,1520,1.2,7.97,21.8,18.4,3,40
43603320110,小天下硯川線（新道）,小天下硯川線,,43103,0,1,,,,,,,,42.9,41.4,8,40
43603320060,小天下硯川線,小天下硯川線,,43103,0,3.4,,,,,,,,28.7,46.7,3,40
43603320075,小天下硯川線,,熊本市西区・熊本市北区境,43103,0,0.1,,,,,,,,42.6,36.4,8,30
43603320080,小天下硯川線,熊本市西区・熊本市北区境,熊本田原坂線,43105,0,4.2,,,,,,,,30.3,25.8,8,30
43603320090,小天下硯川線,熊本田原坂線,四方寄熊本線,43105,0,1.3,熊本市北区下硯川町字屋敷添,3614,熊本市北区下硯川町字屋敷添,2906,6520,1.23,0.95,24.1,21.8,8,30
43603330010,龍ヶ岳御所浦線,,,43215,0,6.5,,227,,269,496,1.21,0.1,31.8,24.2,10,60
43603340010,天草空港線,,本渡五和線,43215,0,0.9,,167,,142,309,1.25,0.03,30.9,26.1,13.5,60
43603360010,八代港線,,大牟田大鞘八代港線,43202,0,1.1,八代市沖町,4730,八代市沖町,5041,9771,1.21,0.35,44.8,53.8,32,50
43603360020,八代港線,大牟田大鞘八代港線,八代不知火線,43202,0,0.6,八代市沖町,4730,八代市沖町,5041,9771,1.21,0.35,37.8,30.9,32,50
43603360030,八代港線,八代不知火線,,43202,0,2.3,八代市沖町,4730,八代市沖町,5041,9771,1.21,0.35,34.8,40.8,32,50
43603360050,八代港線,八代鏡宇土線,西片新八代駅停車場線,43202,0,1.8,,9563,,9661,19224,1.27,0.56,28.1,34.1,29,50
43603360060,八代港線,西片新八代駅停車場線,一般国道３号,43202,0,1.3,八代市上片町,8134,八代市上片町,8103,16237,1.27,0.42,35.8,22.9,29,50
43603370010,熊本菊陽線,熊本菊鹿線,子飼本町大江６丁目第１号線,43101,0,0.3,熊本市中央区西子飼町,11487,熊本市中央区西子飼町,11054,22541,1.28,1.67,5.4,11.3,10.5,40
43603370020,熊本菊陽線,子飼本町大江６丁目第１号線,,43101,0,2.2,熊本市中央区黒髪2丁目,7414,熊本市中央区黒髪2丁目,6903,14317,1.26,1.33,14.3,13.8,10.5,40
43603370025,熊本菊陽線,,熊本市中央区・熊本市北区境,43101,0,0.5,熊本市北区龍田町陳内,7389,熊本市北区龍田町陳内,7801,15190,1.3,1.33,12,20.8,10.5,40
43603370030,熊本菊陽線,熊本市中央区・熊本市北区境,一般国道３号（熊本北バイパス）,43105,0,0.6,熊本市北区龍田町陳内,7389,熊本市北区龍田町陳内,7801,15190,1.3,1.33,10.2,24.1,10.5,40
43603370040,熊本菊陽線,一般国道３号（熊本北バイパス）,小池竜田線,43105,0,1.2,熊本市北区龍田2丁目,9573,熊本市北区龍田2丁目,9458,19031,1.25,1.52,12.6,17.7,10.5,40
43603370045,熊本菊陽線,小池竜田線,,43105,0,1,熊本市北区龍田7丁目,7734,熊本市北区龍田7丁目,7718,15452,1.25,1.14,20.4,13.4,11.8,40
43603370050,熊本菊陽線,,瀬田竜田線,43105,0,0,熊本市北区龍田7丁目,7734,熊本市北区龍田7丁目,7718,15452,1.25,1.14,11.8,14.9,11.8,40
43603370060,熊本菊陽線,瀬田竜田線,託麻北部線,43105,0,0.6,熊本市北区龍田7丁目,7734,熊本市北区龍田7丁目,7718,15452,1.25,1.14,10.1,25.8,11.8,40
43603370080,熊本菊陽線,託麻北部線,住吉熊本線,43105,0,0.9,菊池郡菊陽町原水,5106,菊池郡菊陽町原水,5182,10288,1.26,1.24,20.8,28.6,12.9,50
43603370090,熊本菊陽線,住吉熊本線,,43105,0,0.4,菊池郡菊陽町原水,5106,菊池郡菊陽町原水,5182,10288,1.26,1.24,19.3,28.5,12.9,50
43603370100,熊本菊陽線,,辛川鹿本線,43404,0,1.1,菊池郡菊陽町原水,5106,菊池郡菊陽町原水,5182,10288,1.26,1.32,23.5,25.4,15,50
43603370110,熊本菊陽線,辛川鹿本線,新山原水線,43404,0,2.8,菊池郡菊陽町原水,5106,菊池郡菊陽町原水,5182,10288,1.26,1.32,25.1,23.8,15,50
43603370120,熊本菊陽線,新山原水線,曲手原水線,43404,0,0.4,菊池郡菊陽町原水,5106,菊池郡菊陽町原水,5182,10288,1.26,1.32,13.7,20.1,15,50
43603370130,熊本菊陽線,曲手原水線,一般国道５７号,43404,0,1.7,菊池郡菊陽町原水,5106,菊池郡菊陽町原水,5182,10288,1.26,1.32,29.8,28,15,50
43603380010,八代不知火線,八代鏡線,八代港大手町線,43202,0,4.2,八代市三楽町３,6360,八代市三楽町３,4851,11211,1.18,1.22,31.4,34,8,40
43603380020,八代不知火線,八代港大手町線,八代港線,43202,0,3,八代市三楽町３,6360,八代市三楽町３,4851,11211,1.18,1.22,27.2,30.3,8,40
43603380030,八代不知火線,八代港線,郡築横手線,43202,0,2.5,八代市郡築十二番町,5532,八代市郡築十二番町,5492,11024,1.22,1.15,35.8,40.2,8,50
43603380040,八代不知火線,郡築横手線,共栄千丁停車場線,43202,0,1.4,八代市郡築十二番町,5532,八代市郡築十二番町,5492,11024,1.22,1.15,36.8,40.8,8,50
43603380050,八代不知火線,共栄千丁停車場線,大牟田大鞘八代港線,43202,0,2.4,八代市郡築十二番町,5532,八代市郡築十二番町,5492,11024,1.22,1.15,34.5,46,8,50
43603380060,八代不知火線,大牟田大鞘八代港線,八代市・氷川町境,43202,0,3.7,八代郡氷川町網道,5686,八代郡氷川町網道,5836,11522,1.3,1.44,41.2,45.3,8,50
43603380070,八代不知火線,八代市・氷川町境,氷川町・宇城市境,43468,0,2,八代郡氷川町網道,5686,八代郡氷川町網道,5836,11522,1.3,1.2,43.4,45.3,8,50
43603380080,八代不知火線,氷川町・宇城市境,一般国道２６６号,43213,0,5.2,八代郡氷川町網道,5686,八代郡氷川町網道,5836,11522,1.3,1.1,47.1,32.8,8,50
43603390010,北外輪山大津線,天瀬阿蘇線,菊池赤水線,43214,0,13,阿蘇市西小園,1319,阿蘇市西小園,1339,2658,1.2,0.5,49.8,49.7,8,60
43603390020,北外輪山大津線,菊池赤水線,阿蘇市・大津町境,43214,0,0.5,菊池郡大津町古城,1335,菊池郡大津町古城,1475,2810,1.19,0.4,52.6,45.2,8.5,40
43603390024,北外輪山大津線,阿蘇市・大津町境,一般国道５７号（北側復旧道路）,43403,0,4.2,菊池郡大津町古城,1335,菊池郡大津町古城,1475,2810,1.19,0.45,49.8,50.3,9.5,40
43603390027,北外輪山大津線,一般国道５７号（北側復旧道路）,一般国道５７号（北側復旧道路）,43403,0,3.5,菊池郡大津町古城,1335,菊池郡大津町古城,1475,2810,1.19,0.45,44.9,43.4,9.5,40
43603390030,北外輪山大津線,一般国道５７号（北側復旧道路）,一般国道５７号,43403,0,0.9,菊池郡大津町古城,1335,菊池郡大津町古城,1475,2810,1.19,0.45,22.9,21.1,9.5,40
43603400010,水俣港線,一般国道３号,,43205,0,0.3,,970,,916,1886,1.19,0.25,12.6,23.6,17,40
43603410010,大津西合志線,大津植木線（現道）,菊陽町・合志市境,43404,0,0.5,,5306,,4986,10292,1.24,1.2,12.3,40.4,11,50
43603410020,大津西合志線,菊陽町・合志市境,辛川鹿本線,43216,0,1.7,合志市竹迫,7971,合志市竹迫,7012,14983,1.24,1.08,34.7,23.1,11,50
43603410030,大津西合志線,辛川鹿本線,熊本大津線,43216,0,1.1,合志市竹迫,7971,合志市竹迫,7012,14983,1.24,1.08,14.9,17.6,11,50
43603410040,大津西合志線,熊本大津線,一般国道３８７号,43216,0,3.4,合志市栄,8184,合志市栄,7984,16168,1.26,1.08,26.6,19.9,11,50
43603420010,砂原四方寄線,,熊本市西区・熊本市北区境,43103,1,0.4,花園IC～和泉IC間,3831,花園IC～和泉IC間,3806,7637,1.27,0.63,61.5,60.9,11.5,40
43603420020,砂原四方寄線,熊本市西区・熊本市北区境,,43105,1,2.2,花園IC～和泉IC間,3831,花園IC～和泉IC間,3806,7637,1.27,0.63,69,71.5,11.5,70
43603420040,砂原四方寄線,,,43105,1,1.4,和泉IC～下硯川IC間,3550,和泉IC～下硯川IC間,3825,7375,1.23,0.61,67,67,11.5,70
43603420030,砂原四方寄線,,一般国道３号,43105,1,0.5,和泉IC～下硯川IC間,3550,和泉IC～下硯川IC間,3825,7375,1.23,0.77,32.9,10.5,13.7,50
43603430010,花園インター線,熊本田原坂線,,43103,0,1.3,花園IC～和泉IC間,3831,花園IC～和泉IC間,3806,7637,1.27,0.39,39.3,48.6,27.3,60
43603450005,西片新八代駅停車場線,八代港線,新八代停車場線,43202,0,0.8,,1189,,1396,2585,1.2,0.34,15,23.1,18,50
43603450010,西片新八代駅停車場線,新八代停車場線,,43202,0,0.2,,1189,,1396,2585,1.2,0.34,13.8,29,18,50
43603460010,新八代停車場線,西片新八代駅停車場線,,43202,0,1.1,,,,,,,,48,46.1,16,40
43302080090,寺田岱明線,一般国道２０８号,熊本玉名線,43206,0,1.9,玉名市大倉,5908,玉名市大倉,6716,12624,1.25,0.89,15.8,36.5,11.8,50
43302080100,寺田岱明線,熊本玉名線,玉名立花線,43206,0,0.3,玉名市高瀬,8956,玉名市高瀬,9197,18153,1.25,1,9.7,20.8,11.5,50
43302080105,寺田岱明線,玉名立花線,,43206,0,0.1,玉名市高瀬,8956,玉名市高瀬,9197,18153,1.25,1.26,11.2,21.1,15,40
43302080110,寺田岱明線,,玉名八女線,43206,0,0.3,玉名市高瀬,8956,玉名市高瀬,9197,18153,1.25,1.26,10.8,23.2,15,40
43302080120,寺田岱明線,玉名八女線,玉名停車場立願寺線,43206,0,1.1,玉名市亀甲,7721,玉名市亀甲,7577,15298,1.25,1.23,16.6,22.7,15,40
43302080130,寺田岱明線,玉名停車場立願寺線,長洲玉名線,43206,0,0.5,玉名市亀甲,7721,玉名市亀甲,7577,15298,1.25,1.24,20.5,22.1,15,40
43302080133,寺田岱明線,長洲玉名線,,43206,0,1.4,玉名市亀甲,7721,玉名市亀甲,7577,15298,1.25,0.99,26.9,22.2,10.25,50
43302080135,寺田岱明線,,一般国道２０８号,43206,0,1.8,玉名市亀甲,7721,玉名市亀甲,7577,15298,1.25,0.99,24.8,22.5,10.25,50
43740060010,城東町上林町第１号線,熊本高森線,熊本玉名線,43101,0,0.6,熊本市中央区上林町,9577,熊本市中央区上林町,7428,17005,1.26,1.04,16.6,17.6,16.9,40
43740100010,子飼本町大江６丁目第１号線,二本木２丁目新大江１丁目第１号線,本荘５丁目帯山９丁目第１号線,43101,0,0.9,熊本市中央区大江1丁目,9552,熊本市中央区大江1丁目,9253,18805,1.27,0.81,13.4,21.8,22.1,40
43740100020,子飼本町大江６丁目第１号線,本荘５丁目帯山９丁目第１号線,瀬田熊本線,43101,0,0.2,熊本市中央区大江1丁目,9552,熊本市中央区大江1丁目,9253,18805,1.27,0.81,6.3,14,22.1,40
43740100030,子飼本町大江６丁目第１号線,瀬田熊本線,熊本菊陽線,43101,0,0.7,熊本市中央区大江1丁目,8330,熊本市中央区大江1丁目,7998,16328,1.27,0.69,27.7,19.5,22.1,40
43740130010,水前寺公園水前寺6丁目第1号線,熊本高森線,戸島熊本線,43101,0,0.1,熊本市中央区水前寺6丁目,9997,熊本市中央区水前寺6丁目,9438,19435,1.3,0.86,6.5,18.9,22,50
43740130020,水前寺公園水前寺6丁目第1号線,戸島熊本線,一般国道５７号,43101,0,0.8,熊本市中央区水前寺6丁目,9997,熊本市中央区水前寺6丁目,9438,19435,1.3,0.86,19.9,12.1,22,50
43740160010,本荘５丁目帯山９丁目第１号線,一般国道３号,一般国道２６６号,43101,0,0.6,熊本市中央区本荘1丁目,8913,熊本市中央区本荘1丁目,15812,24725,1.3,1.49,10.4,16.5,22,50
43740160020,本荘５丁目帯山９丁目第１号線,一般国道２６６号,熊本高森線,43101,0,1.1,熊本市中央区本荘1丁目,8913,熊本市中央区本荘1丁目,15812,24725,1.3,1.49,20.7,14,22,50
43740160030,本荘５丁目帯山９丁目第１号線,熊本高森線,子飼本町大江６丁目第１号線,43101,0,1,熊本市中央区渡鹿1丁目,18098,熊本市中央区渡鹿1丁目,17974,36072,1.3,1.29,13.4,18.8,22.2,50
43740160040,本荘５丁目帯山９丁目第１号線,子飼本町大江６丁目第１号線,熊本市中央区・熊本市東区境,43101,0,1.5,熊本市中央区渡鹿1丁目,18098,熊本市中央区渡鹿1丁目,17974,36072,1.3,1.29,8.8,23.4,22.2,50
43740160050,本荘５丁目帯山９丁目第１号線,熊本市中央区・熊本市東区境,熊本空港線,43102,0,0.3,熊本市中央区渡鹿1丁目,18098,熊本市中央区渡鹿1丁目,17974,36072,1.3,1.29,49.8,9,22.2,50
43740160060,本荘５丁目帯山９丁目第１号線,熊本空港線,一般国道５７号,43102,0,0.4,熊本市中央区渡鹿1丁目,18098,熊本市中央区渡鹿1丁目,17974,36072,1.3,1.29,23.5,15.1,22.2,50
43740160070,本荘５丁目帯山９丁目第１号線,一般国道５７号,,43102,0,0.2,熊本市中央区渡鹿1丁目,18098,熊本市中央区渡鹿1丁目,17974,36072,1.3,1.29,2.9,31.8,22.2,50
43740160080,本荘５丁目帯山９丁目第１号線,,月出１丁目月出８丁目第１号線,43101,0,1.1,熊本市中央区帯山8丁目,14427,熊本市中央区帯山8丁目,15278,29705,1.29,0.99,9.4,16.7,22.2,50
43740180010,本荘町流通団地２丁目第１号線,二本木２丁目新大江１丁目第１号線,熊本市中央区・熊本市南区境,43101,0,0.6,熊本市南区馬渡2丁目,13319,熊本市南区馬渡2丁目,13001,26320,1.29,1,10.5,23.6,25,50
43740180020,本荘町流通団地２丁目第１号線,熊本市中央区・熊本市南区境,野中３丁目田迎５丁目第１号線,43104,0,0.8,熊本市南区馬渡2丁目,13319,熊本市南区馬渡2丁目,13001,26320,1.29,1,23.7,20.2,25,50
43740180030,本荘町流通団地２丁目第１号線,野中３丁目田迎５丁目第１号線,一般国道５７号,43104,0,1,熊本市南区馬渡2丁目,15975,熊本市南区馬渡2丁目,15406,31381,1.29,1.24,17.7,16.8,25,50
43740190010,二本木２丁目新大江１丁目第１号線,熊本高森線,熊本市西区・熊本市中央区境,43103,0,0.5,熊本市中央区本山町,10646,熊本市中央区本山町,10279,20925,1.3,0.58,16.9,26.2,22,50
43740190020,二本木２丁目新大江１丁目第１号線,熊本市西区・熊本市中央区境,一般国道３号,43101,0,0.4,熊本市中央区本山町,10646,熊本市中央区本山町,10279,20925,1.3,0.58,28.2,7.3,22,50
43740190030,二本木２丁目新大江１丁目第１号線,一般国道３号,本荘町流通団地２丁目第１号線,43101,0,0.4,熊本市中央区本山町,10646,熊本市中央区本山町,10279,20925,1.3,0.58,3.9,13.5,22,50
43740190040,二本木２丁目新大江１丁目第１号線,本荘町流通団地２丁目第１号線,一般国道２６６号,43101,0,0.8,熊本市中央区本山町,10646,熊本市中央区本山町,10279,20925,1.3,0.58,14.6,10.2,22,50
43740190050,二本木２丁目新大江１丁目第１号線,一般国道２６６号,熊本高森線,43101,0,1.2,熊本市中央区九品寺5丁目,14862,熊本市中央区九品寺5丁目,13212,28074,1.25,1,12.9,13.4,21.9,50
43740190060,二本木２丁目新大江１丁目第１号線,熊本高森線,子飼本町大江６丁目第１号線,43101,0,0.4,熊本市中央区九品寺5丁目,14862,熊本市中央区九品寺5丁目,13212,28074,1.25,1,5.5,20.3,21.9,50
43740210010,野中３丁目田迎５丁目第１号線,熊本高森線,並建熊本線,43103,0,0.7,熊本市西区新土河原1丁目,10406,熊本市西区新土河原1丁目,12594,23000,1.28,1.02,23,33,22.9,50
43740210020,野中３丁目田迎５丁目第１号線,並建熊本線,熊本市西区・熊本市南区境,43103,0,1.1,熊本市西区新土河原1丁目,10406,熊本市西区新土河原1丁目,12594,23000,1.28,1.02,23.8,34.9,22.9,50
43740210030,野中３丁目田迎５丁目第１号線,熊本市西区・熊本市南区境,一般国道３号,43104,0,0.3,熊本市西区新土河原1丁目,10406,熊本市西区新土河原1丁目,12594,23000,1.28,1.02,41.5,8.3,22.9,50
43740210040,野中３丁目田迎５丁目第１号線,一般国道３号,本荘町流通団地２丁目第１号線,43104,0,1,熊本市南区江越2丁目,13265,熊本市南区江越2丁目,13769,27034,1.28,0.98,12.4,23.7,25,50
43740210050,野中３丁目田迎５丁目第１号線,本荘町流通団地２丁目第１号線,熊本浜線,43104,0,0.8,熊本市南区江越2丁目,13265,熊本市南区江越2丁目,13769,27034,1.28,0.98,19.2,12.8,25,50
43740210060,野中３丁目田迎５丁目第１号線,熊本浜線,一般国道２６６号,43104,0,0.4,熊本市南区江越2丁目,13265,熊本市南区江越2丁目,13769,27034,1.28,0.98,23.2,11.4,25,50
43740460010,月出１丁目月出８丁目第１号線,本荘５丁目帯山９丁目第１号線,熊本空港線,43102,0,0.9,熊本市中央区帯山8丁目,14427,熊本市中央区帯山8丁目,15278,29705,1.29,0.75,30,15.8,25,50
43740550010,上代１丁目島崎６丁目第１号線,熊本高森線,並建熊本線,43103,0,0.8,熊本市西区池上町,10840,熊本市西区池上町,10535,21375,1.28,0.62,24.3,40.4,25,50
43740550020,上代１丁目島崎６丁目第１号線,並建熊本線,小島新町線,43103,0,0.2,熊本市西区池上町,10840,熊本市西区池上町,10535,21375,1.28,0.62,36,41.5,25,50
43740550030,上代１丁目島崎６丁目第１号線,小島新町線,,43103,0,2.5,熊本市西区池上町,8953,熊本市西区池上町,8822,17775,1.28,0.52,35.3,26.4,25,50
43705890010,小山町平山町第１号線,熊本空港線,,43102,0,1.2,熊本市東区小山6丁目,10648,熊本市東区小山6丁目,11107,21755,1.29,1.16,29.8,56.8,25.2,60
