交通調査基本区間番号,路線名,起点側／路線名等,終点側／路線名等,市区町村コード,自動車専用道路の別,区間延長（ｋｍ）,上り／交通量観測地点地名,上り／２４時間自動車類交通量／合計（台）,下り／交通量観測地点地名,下り／２４時間自動車類交通量／合計（台）,２４時間自動車類交通量（上下合計）／合計（台）,昼夜率,混雑度,朝夕（混雑時）／上り／旅行速度／合計（ｋｍ／ｈ）,朝夕（混雑時）／下り／旅行速度／合計（ｋｍ／ｈ）,幅員構成／道路部幅員（ｍ）,指定最高速度（ｋｍ／ｈ）
45110300010,九州縦貫自動車道鹿児島線宮崎線,九州縦貫自動車道鹿児島線宮崎線,九州縦貫自動車道鹿児島線,45209,1,5.9,人吉球磨スマート～えびの,6090,人吉球磨スマート～えびの,6578,12668,1.46,0.2,87.2,92.8,20.5,80
45113200010,九州縦貫自動車道鹿児島線,九州縦貫自動車道鹿児島線宮崎線,九州縦貫自動車道鹿児島線,45209,1,2,えびの～えびのJCT,5940,えびの～えびのJCT,6411,12351,1.42,0.19,91.7,89.3,21,80
45110300030,九州縦貫自動車道鹿児島線,九州縦貫自動車道鹿児島線,九州縦貫自動車道鹿児島線,45209,1,3.1,えびのJCT～栗野,4285,えびのJCT～栗野,4625,8910,1.4,0.22,93.1,91.4,20.5,80
45100330245,東九州自動車道,一般国道１０号（延岡南道路）,土々呂日向線,45421,1,1.5,門川～門川南スマート,2251,門川～門川南スマート,2216,4467,1.21,0.52,80.3,81.3,10.5,70
45100330250,東九州自動車道,土々呂日向線,門川町・日向市境,45421,1,4,門川南スマート～日向,2436,門川南スマート～日向,2375,4811,1.21,0.54,84.9,83.4,10.5,70
45100330260,東九州自動車道,門川町・日向市境,一般国道３２７号（日向IC）,45206,1,8,門川南スマート～日向,2436,門川南スマート～日向,2375,4811,1.21,0.54,89.7,85.1,10.5,70
45100330220,東九州自動車道,一般国道３２７号（日向IC）,日向市・都農町境,45206,1,12.5,日向～都農,3377,日向～都農,3233,6610,1.2,0.65,83.6,82.5,10.5,70
45100330230,東九州自動車道,日向市・都農町境,都農インター線,45406,1,6.6,日向～都農,3377,日向～都農,3233,6610,1.2,0.65,85.5,84,10.5,70
45113010150,東九州自動車道,都農インター線,都農町・川南町境,45406,1,1.5,都農～高鍋,3452,都農～高鍋,3293,6745,1.19,0.79,84.8,82.1,10.5,70
45113010160,東九州自動車道,都農町・川南町境,川南町・高鍋町境,45405,1,11.4,都農～高鍋,3452,都農～高鍋,3293,6745,1.19,0.79,85.1,85.1,10.5,70
45100330170,東九州自動車道,川南町・高鍋町境,東九州自動車道,45401,1,0.8,都農～高鍋,3452,都農～高鍋,3293,6745,1.19,0.79,83.8,83.4,10.5,70
45113010010,東九州自動車道,東九州自動車道,高鍋町・新富町境,45401,1,4.9,高鍋～西都,3627,高鍋～西都,3527,7154,1.19,0.84,86.9,84.1,10.5,70
45113010020,東九州自動車道,高鍋町・新富町境,新富町・西都市境,45402,1,5.6,高鍋～西都,3627,高鍋～西都,3527,7154,1.19,0.84,83.1,85.8,10.5,70
45113010030,東九州自動車道,新富町・西都市境,西都インター線,45208,1,1.6,高鍋～西都,3627,高鍋～西都,3527,7154,1.19,0.84,81.1,81.6,10.5,70
45113010040,東九州自動車道,西都インター線,西都市・宮崎市境,45208,1,1.1,西都～国富スマート,3063,西都～国富スマート,2983,6046,1.18,0.78,79.7,86.2,10.5,70
45113010050,東九州自動車道,西都市・宮崎市境,宮崎市・西都市境,45201,1,0.6,西都～国富スマート,3063,西都～国富スマート,2983,6046,1.18,0.78,78.5,84.4,10.5,70
45113010060,東九州自動車道,宮崎市・西都市境,西都市・宮崎市境,45208,1,1,西都～国富スマート,3063,西都～国富スマート,2983,6046,1.18,0.78,80.3,80.6,10.5,70
45113010070,東九州自動車道,西都市・宮崎市境,宮崎市・西都市境,45201,1,0.7,西都～国富スマート,3063,西都～国富スマート,2983,6046,1.18,0.78,81.3,78.2,10.5,70
45113010080,東九州自動車道,宮崎市・西都市境,西都市・宮崎市境,45208,1,0.1,西都～国富スマート,3063,西都～国富スマート,2983,6046,1.18,0.78,81.6,80,10.5,70
45113010090,東九州自動車道,西都市・宮崎市境,宮崎市・国富町境,45201,1,3.4,西都～国富スマート,3063,西都～国富スマート,2983,6046,1.18,0.78,81.4,80.9,10.5,70
45113010095,東九州自動車道,宮崎市・国富町境,宮崎須木線,45382,1,4.5,西都～国富スマート,3063,西都～国富スマート,2983,6046,1.18,0.78,84.8,86.8,10.5,70
45113010100,東九州自動車道,宮崎須木線,国富町・宮崎市境,45382,1,1.1,国富スマート～宮崎西,3078,国富スマート～宮崎西,3002,6080,1.18,0.71,82.3,83.5,10.5,70
45113010110,東九州自動車道,国富町・宮崎市境,一般国道１０号,45201,1,4.3,国富スマート～宮崎西,3078,国富スマート～宮崎西,3002,6080,1.18,0.71,86,82.6,10.5,70
45113010120,東九州自動車道,一般国道１０号,清武インター線,45201,1,7.9,宮崎西～清武,2897,宮崎西～清武,2881,5778,1.21,0.65,84.4,80.8,10.5,70
45113010130,東九州自動車道,清武インター線,九州縦貫自動車道宮崎線,45201,1,2.2,清武～清武JCT,2937,清武～清武JCT,2859,5796,1.22,0.7,87.1,83.4,10.5,70
45113200020,九州縦貫自動車道宮崎線,九州縦貫自動車道鹿児島線,えびの市・小林市境,45209,1,8.3,えびのJCT～小林,3592,えびのJCT～小林,3723,7315,1.32,0.2,96.3,93,21,100
45113200030,九州縦貫自動車道宮崎線,えびの市・小林市境,小林えびの高原牧園線,45205,1,7.6,えびのJCT～小林,3592,えびのJCT～小林,3723,7315,1.32,0.2,94.8,93.9,21,100
45113200040,九州縦貫自動車道宮崎線,小林えびの高原牧園線,小林市・高原町境,45205,1,4.6,小林～高原,3494,小林～高原,3610,7104,1.3,0.22,90.9,95.4,21,100
45113200050,九州縦貫自動車道宮崎線,小林市・高原町境,一般国道２２１号,45361,1,6,小林～高原,3494,小林～高原,3610,7104,1.3,0.22,93.3,93.7,21,100
45113200060,九州縦貫自動車道宮崎線,一般国道２２１号,高原町・都城市境,45361,1,1.1,高原～都城,3310,高原～都城,3492,6802,1.27,0.2,93,92.5,20.5,100
45113200070,九州縦貫自動車道宮崎線,高原町・都城市境,都城市・高原町境,45202,1,0.4,高原～都城,3310,高原～都城,3492,6802,1.27,0.2,93.5,94.1,20.5,100
45113200080,九州縦貫自動車道宮崎線,都城市・高原町境,高原町・都城市境,45361,1,0.4,高原～都城,3310,高原～都城,3492,6802,1.27,0.2,95.1,94.4,20.5,100
45113200090,九州縦貫自動車道宮崎線,高原町・都城市境,一般国道１０号,45202,1,18.5,高原～都城,3310,高原～都城,3492,6802,1.27,0.2,93.4,91,20.5,80
45113200150,九州縦貫自動車道宮崎線,一般国道１０号,市道丸岡元中通線,45202,1,4.9,都城～山之口スマート,5524,都城～山之口スマート,5547,11071,1.24,0.22,94.3,91.4,20.5,80
45113200160,九州縦貫自動車道宮崎線,市道丸岡元中通線,都城市・宮崎市境,45202,1,8.9,山之口スマート～田野,6368,山之口スマート～田野,6471,12839,1.23,0.3,95.3,92,20.5,80
45113200110,九州縦貫自動車道宮崎線,都城市・宮崎市境,日南高岡線,45201,1,7.3,山之口スマート～田野,6368,山之口スマート～田野,6471,12839,1.23,0.3,92.2,95.7,20.5,80
45113200120,九州縦貫自動車道宮崎線,日南高岡線,東九州自動車道,45201,1,6.3,田野～清武JCT,7333,田野～清武JCT,7478,14811,1.23,0.35,92.8,96.3,20.5,100
45113200130,九州縦貫自動車道宮崎線,東九州自動車道,一般国道２２０号,45201,1,6.2,清武JCT～宮崎,5120,清武JCT～宮崎,5195,10315,1.22,0.26,79.4,80.2,20.5,100
45113010180,東九州自動車道,東九州自動車道,一般国道３８８号,45203,1,4.5,延岡市北浦町三川内,2122,延岡市北浦町三川内,1990,4112,1.24,0.36,88.4,85.6,12,80
45113010220,東九州自動車道,一般国道３８８号,須美江インター線,45203,1,6.4,延岡市北浦町古江,2764,延岡市北浦町古江,2697,5461,1.22,0.34,81.7,85.7,12,80
45113010200,東九州自動車道,須美江インター線,一般国道１０号,45203,1,5.6,延岡市北川町長井家田,3173,延岡市北川町長井家田,3042,6215,1.21,0.39,83.1,78.7,12,80
45113010240,東九州自動車道,九州縦貫自動車道宮崎線,清武南インター線,45201,1,1.2,清武JCT～清武南,418,清武JCT～清武南,410,828,1.15,0.09,44.4,48,12,70
45100330280,東九州自動車道,日南高岡線,風田星倉線,45204,1,9,日南市東弁分乙,3652,日南市東弁分乙,3477,7129,1.2,0.9,42.5,54.6,12,80
45300100010,一般国道１０号,一般国道１０号,北川北浦線,45203,0,4,延岡市北川町,190,延岡市北川町,222,412,1.84,0.07,50.9,47.5,7.5,50
45300100020,一般国道１０号,北川北浦線,一般国道３２６号,45203,0,8.2,延岡市北川町,525,延岡市北川町,660,1185,1.84,0.11,55.9,57,7.5,50
45300100025,一般国道１０号,一般国道３２６号,東九州自動車道,45203,0,3.9,延岡市北川町,2937,延岡市北川町,3069,6006,1.33,0.69,46.5,44.8,10.5,50
45300100030,一般国道１０号,東九州自動車道,日向長井停車場線,45203,0,1.2,延岡市稲葉崎町,4346,延岡市稲葉崎町,4666,9012,1.33,0.9,47.5,52.7,10.5,50
45300100040,一般国道１０号,日向長井停車場線,稲葉崎平原線,45203,0,6.6,延岡市稲葉崎町,4346,延岡市稲葉崎町,4666,9012,1.33,0.9,53.7,51.5,10.5,50
45300100050,一般国道１０号,稲葉崎平原線,一般国道３８８号,45203,0,0.7,延岡市昭和町,16735,延岡市昭和町,16480,33215,1.33,1.02,32.2,41.7,25.5,60
45300100060,一般国道１０号,一般国道３８８号,延岡港線,45203,0,0.6,延岡市昭和町,16735,延岡市昭和町,16480,33215,1.33,1.06,27.3,22.5,21.25,60
45300100070,一般国道１０号,延岡港線,一般国道２１８号,45203,0,1.6,延岡市昭和町,16735,延岡市昭和町,16480,33215,1.33,1.06,18.9,20.1,21.25,60
45300100080,一般国道１０号,一般国道２１８号,,45203,0,1.3,延岡市浜町,19603,延岡市浜町,18197,37800,1.33,1.1,26.1,28.1,23.25,60
45300100090,一般国道１０号,,稲葉崎平原線,45203,0,3.5,延岡市浜町,19603,延岡市浜町,18197,37800,1.33,1.2,27,21.6,25,60
45300100100,一般国道１０号,稲葉崎平原線,一般国道１０号,45203,0,0.4,延岡市浜町,19603,延岡市浜町,18197,37800,1.33,1.2,19.6,31.6,25,60
45300100110,一般国道１０号,一般国道１０号,,45203,0,1.9,延岡市新浜町1丁目,13275,延岡市新浜町1丁目,12780,26055,1.33,1.54,31.1,18.4,13.25,50
45300100120,一般国道１０号,,北方土々呂線,45203,0,1.8,延岡市土々呂町,11062,延岡市土々呂町,11631,22693,1.32,1.68,17.5,21.9,14.25,50
45300100130,一般国道１０号,北方土々呂線,延岡市・門川町境,45203,0,1.5,延岡市土々呂町,10166,延岡市土々呂町,10208,20374,1.33,1.26,21.9,29.8,11.5,50
45300100140,一般国道１０号,延岡市・門川町境,一般国道１０号（延岡南道路）,45421,0,0.7,延岡市土々呂町,10166,延岡市土々呂町,10208,20374,1.33,1.16,38.6,41,14.75,50
45300100150,一般国道１０号,一般国道１０号（延岡南道路）,遠見半島線,45421,0,1,東臼杵郡門川町,16022,東臼杵郡門川町,15601,31623,1.33,0.8,48.7,41,23,60
45300100160,一般国道１０号,遠見半島線,門川港線,45421,0,1.3,東臼杵郡門川町,16022,東臼杵郡門川町,15601,31623,1.33,0.8,47.6,40.1,23,60
45300100170,一般国道１０号,門川港線,土々呂日向線,45421,0,0.8,東臼杵郡門川町,16022,東臼杵郡門川町,15601,31623,1.33,0.8,35.7,46.2,23,60
45300100180,一般国道１０号,土々呂日向線,一般国道３８８号,45421,0,0.6,東臼杵郡門川町,16022,東臼杵郡門川町,15601,31623,1.33,0.8,36.2,30.5,23,60
45300100190,一般国道１０号,一般国道３８８号,土々呂日向線,45421,0,1.2,東臼杵郡門川町,16022,東臼杵郡門川町,15601,31623,1.33,0.8,42.8,33.9,23,60
45300100200,一般国道１０号,土々呂日向線,門川町・日向市境,45421,0,0.1,東臼杵郡門川町,16022,東臼杵郡門川町,15601,31623,1.33,0.8,22.6,33.7,23,60
45300100210,一般国道１０号,門川町・日向市境,日知屋財光寺線,45206,0,1.1,東臼杵郡門川町,16022,東臼杵郡門川町,15601,31623,1.33,0.85,43.7,49.6,23.75,60
45300100220,一般国道１０号,日知屋財光寺線,土々呂日向線,45206,0,1.5,日向市大王町,13031,日向市大王町,12345,25376,1.33,0.76,42.2,43,23.75,60
45300100230,一般国道１０号,土々呂日向線,細島港日向市停車場線,45206,0,1.2,日向市大王町,13031,日向市大王町,12345,25376,1.33,0.76,36,38.3,23.75,60
45300100240,一般国道１０号,細島港日向市停車場線,一般国道３２７号,45206,0,1.1,日向市新生町1丁目,13757,日向市新生町1丁目,13666,27423,1.33,0.74,31.6,28.5,26.25,50
45300100250,一般国道１０号,一般国道３２７号,,45206,0,0.7,日向市新生町1丁目,13396,日向市新生町1丁目,12845,26241,1.33,0.71,29.7,19,26.25,50
45300100260,一般国道１０号,,一般国道３２７号,45206,0,1.8,日向市財光寺長江,9177,日向市財光寺長江,8408,17585,1.33,1.4,20.5,29.7,16.25,50
45300100270,一般国道１０号,一般国道３２７号,土々呂日向線,45206,0,1.9,日向市平岩,9735,日向市平岩,8723,18458,1.27,1.36,39.9,38.8,11.5,50
45300100280,一般国道１０号,土々呂日向線,中野原美々津線,45206,0,6.1,日向市幸脇,8331,日向市幸脇,8437,16768,1.27,1.59,39.9,43.9,12.5,50
45300100290,一般国道１０号,中野原美々津線,美々津停車場線,45206,0,1.2,日向市美々津町,8678,日向市美々津町,8020,16698,1.27,1.65,35.2,36.7,14,50
45300100300,一般国道１０号,美々津停車場線,高鍋美々津線,45206,0,2.7,日向市美々津町,8678,日向市美々津町,8020,16698,1.27,1.37,48.9,56.7,14.75,60
45300100310,一般国道１０号,高鍋美々津線,日向市・都農町境,45206,0,0.4,日向市美々津町,8678,日向市美々津町,8020,16698,1.27,1.37,45.9,51.6,14.75,60
45300100320,一般国道１０号,日向市・都農町境,山陰都農線,45406,0,1.7,児湯郡都農町寺迫,5102,児湯郡都農町寺迫,5031,10133,1.27,0.8,50.9,53.3,11.6,60
45300100330,一般国道１０号,山陰都農線,東都農停車場線,45406,0,0.1,児湯郡都農町寺迫,5102,児湯郡都農町寺迫,5031,10133,1.27,0.8,37,46.1,11.6,60
45300100340,一般国道１０号,東都農停車場線,都農綾線,45406,0,4.9,児湯郡都農町大字川北坂ノ上,6824,児湯郡都農町大字川北坂ノ上,6878,13702,1.27,1.02,43.5,40.4,12.2,60
45300100350,一般国道１０号,都農綾線,,45406,0,1.1,児湯郡都農町大字川北坂ノ上,6824,児湯郡都農町大字川北坂ノ上,6878,13702,1.27,0.53,38.3,38,20.61,60
45300100360,一般国道１０号,,都農町・川南町境,45406,0,1.1,児湯郡川南町川南,7145,児湯郡川南町川南,7318,14463,1.29,1.05,49.3,48,13.16,60
45300100370,一般国道１０号,都農町・川南町境,尾鈴川南停車場線,45405,0,4.7,児湯郡川南町川南,7145,児湯郡川南町川南,7318,14463,1.29,1.04,42.1,39.9,12.25,60
45300100380,一般国道１０号,尾鈴川南停車場線,川南港線,45405,0,2.9,児湯郡川南町川南,7145,児湯郡川南町川南,7318,14463,1.29,1.04,39.3,37.7,12.25,60
45300100390,一般国道１０号,川南港線,,45405,0,0.3,児湯郡川南町川南,7145,児湯郡川南町川南,7318,14463,1.29,1.04,34.8,31.6,12.25,60
45300100400,一般国道１０号,,高鍋美々津線,45405,0,0.8,児湯郡川南町川南,7145,児湯郡川南町川南,7318,14463,1.29,1.08,36.7,38.9,12.5,50
45300100410,一般国道１０号,高鍋美々津線,,45405,0,0.7,児湯郡川南町川南,7145,児湯郡川南町川南,7318,14463,1.29,1.01,40.5,40.5,11.25,50
45300100420,一般国道１０号,,川南町・高鍋町境,45405,0,0.1,児湯郡高鍋町,9297,児湯郡高鍋町,9379,18676,1.3,1.14,30.7,32.9,11.25,50
45300100430,一般国道１０号,川南町・高鍋町境,木城高鍋線,45401,0,2,児湯郡高鍋町,9297,児湯郡高鍋町,9379,18676,1.3,0.59,42.4,41.3,14.25,50
45300100440,一般国道１０号,木城高鍋線,石河内高城高鍋線,45401,0,2.1,児湯郡高鍋町,9297,児湯郡高鍋町,9379,18676,1.3,1.45,38.6,34.2,11,50
45300100450,一般国道１０号,石河内高城高鍋線,高鍋高岡線,45401,0,0.1,児湯郡高鍋町,9297,児湯郡高鍋町,9379,18676,1.3,1.45,18.5,20.1,11,50
45300100460,一般国道１０号,高鍋高岡線,宮崎高鍋線,45401,0,0.6,児湯郡高鍋町,9297,児湯郡高鍋町,9379,18676,1.3,1.45,25.7,23.4,11,50
45300100470,一般国道１０号,宮崎高鍋線,高鍋町・新富町境,45401,0,4.1,児湯郡高鍋町,9297,児湯郡高鍋町,9379,18676,1.3,1.11,45,45.7,13.25,50
45300100480,一般国道１０号,高鍋町・新富町境,日置南高鍋線,45402,0,1.6,児湯郡新富町大字日置,9666,児湯郡新富町大字日置,11170,20836,1.31,1.41,48.7,28,10.5,50
45300100490,一般国道１０号,日置南高鍋線,今別府八幡線,45402,0,0.5,児湯郡新富町大字日置,9666,児湯郡新富町大字日置,11170,20836,1.31,1.41,34.8,24.7,10.5,50
45300100500,一般国道１０号,今別府八幡線,川床日向新富停車場線,45402,0,0.6,児湯郡新富町大字日置,9666,児湯郡新富町大字日置,11170,20836,1.31,1.41,32.5,26.9,10.5,50
45300100510,一般国道１０号,川床日向新富停車場線,荒武新富線,45402,0,1,児湯郡新富町大字日置,9666,児湯郡新富町大字日置,11170,20836,1.31,0.51,29,39.5,25,50
45300100520,一般国道１０号,荒武新富線,今別府八幡線,45402,0,0.4,児湯郡新富町大字日置,9666,児湯郡新富町大字日置,11170,20836,1.31,0.51,36.9,43.7,25,50
45300100530,一般国道１０号,今別府八幡線,新富町・宮崎市境,45402,0,2.3,新富町大字上富田,13323,新富町大字上富田,12771,26094,1.28,0.63,42.3,44.4,11,50
45300100540,一般国道１０号,新富町・宮崎市境,塩路佐土原線,45201,0,0.5,宮崎市佐土原町下田島,13454,宮崎市佐土原町下田島,13760,27214,1.28,0.72,53.1,35.4,35,60
45300100550,一般国道１０号,塩路佐土原線,宮崎インター佐土原線,45201,0,0.2,宮崎市佐土原町下田島,13454,宮崎市佐土原町下田島,13760,27214,1.28,0.72,30.4,46.1,35,60
45300100560,一般国道１０号,宮崎インター佐土原線,宮本新町線,45201,0,0.8,宮崎市佐土原町,7529,宮崎市佐土原町,6598,14127,1.33,0.97,51.4,55.1,11.5,60
45300100565,一般国道１０号,宮本新町線,一般国道２１９号ＢＰ（広瀬バイパス）,45201,0,2.6,宮崎市佐土原町,7529,宮崎市佐土原町,6598,14127,1.33,0.97,56,44.6,11.5,60
45300100570,一般国道１０号,一般国道２１９号ＢＰ（広瀬バイパス）,宮崎インター佐土原線,45201,0,1.1,宮崎市佐土原町,7529,宮崎市佐土原町,6598,14127,1.33,0.97,44.3,46.7,11.5,60
45300100575,一般国道１０号,宮崎インター佐土原線,,45201,0,0.5,宮崎市島之内,9831,宮崎市島之内,9508,19339,1.35,1.21,23.8,24.4,11.75,50
45300100580,一般国道１０号,,日向住吉停車場線,45201,0,1.6,宮崎市島之内,9831,宮崎市島之内,9508,19339,1.35,1.21,34,25.2,11.75,50
45300100590,一般国道１０号,日向住吉停車場線,宮崎島之内線,45201,0,0.3,宮崎市島之内,9911,宮崎市島之内,9558,19469,1.28,1.45,15.2,16.2,10.55,50
45300100600,一般国道１０号,宮崎島之内線,一般国道２１９号,45201,0,2.3,宮崎市島之内,11032,宮崎市島之内,10872,21904,1.28,1.46,16.5,19.5,11.5,50
45300100610,一般国道１０号,一般国道２１９号,宮崎西環状線,45201,0,1.3,宮崎市大字芳士,15185,宮崎市大字芳士,14658,29843,1.31,1.34,17.8,48.5,38.5,60
45300100614,一般国道１０号,宮崎西環状線,,45201,0,1.2,宮崎市南花ヶ島町,15959,宮崎市南花ヶ島町,16521,32480,1.31,1.18,40.4,32,38.5,60
45300100617,一般国道１０号,,,45201,0,1.1,宮崎市南花ヶ島町,15959,宮崎市南花ヶ島町,16521,32480,1.31,1.18,28.6,22.9,38.5,60
45300100620,一般国道１０号,,宮崎神宮線,45201,0,0.5,宮崎市南花ヶ島町,15959,宮崎市南花ヶ島町,16521,32480,1.31,1.18,16.7,20.6,38.5,60
45300100624,一般国道１０号,宮崎神宮線,,45201,0,0.7,宮崎市江平東2丁目,16798,宮崎市江平東2丁目,16732,33530,1.31,1.11,27.1,20.3,38.5,60
45300100627,一般国道１０号,,,45201,0,0.2,宮崎市江平東2丁目,16798,宮崎市江平東2丁目,16732,33530,1.31,1.11,17,16.2,38.5,60
45300100630,一般国道１０号,,宮崎高鍋線,45201,0,0.3,宮崎市江平東2丁目,16798,宮崎市江平東2丁目,16732,33530,1.31,1.11,20.8,14.8,38.5,60
45300100635,一般国道１０号,宮崎高鍋線,,45201,0,0.4,宮崎市橘通西4丁目,14701,宮崎市橘通西4丁目,15608,30309,1.34,1.16,20.5,8.6,36,40
45300100640,一般国道１０号,,一般国道２２０号,45201,0,0.9,宮崎市橘通西4丁目,14701,宮崎市橘通西4丁目,15608,30309,1.34,1.16,18.8,12.2,36,40
45300100650,一般国道１０号,一般国道２２０号,一般国道２６９号,45201,0,0.7,宮崎市清水2丁目,12340,宮崎市清水2丁目,12955,25295,1.32,0.86,11.7,13.4,25,50
45300100660,一般国道１０号,一般国道２６９号,宮崎須木線,45201,0,0.4,宮崎市清水2丁目,12340,宮崎市清水2丁目,12955,25295,1.32,0.86,10.8,15.8,25,50
45300100670,一般国道１０号,宮崎須木線,南俣宮崎線,45201,0,1.2,宮崎市大橋3丁目,14119,宮崎市大橋3丁目,13853,27972,1.27,0.96,17.3,21.5,25,50
45300100680,一般国道１０号,南俣宮崎線,,45201,0,0.5,宮崎市大橋3丁目,14119,宮崎市大橋3丁目,13853,27972,1.27,0.96,20.8,20.6,25,50
45300100690,一般国道１０号,,生目浮田線,45201,0,1.5,宮崎市大字浮田,9681,宮崎市大字浮田,9599,19280,1.27,0.75,34.6,34.8,25.15,60
45300100700,一般国道１０号,生目浮田線,宮崎西環状線,45201,0,0.3,宮崎市大字浮田,9681,宮崎市大字浮田,9599,19280,1.27,1.13,55.3,47.4,8.25,60
45300100710,一般国道１０号,宮崎西環状線,東九州自動車道,45201,0,1.8,宮崎市大字柏原,11411,宮崎市大字柏原,12212,23623,1.19,0.84,34.7,31.6,23,60
45300100720,一般国道１０号,東九州自動車道,,45201,0,0.6,宮崎市富吉,9488,宮崎市富吉,9594,19082,1.26,0.47,53.8,52.4,23,60
45300100730,一般国道１０号,,高岡郡司分線,45201,0,1.4,宮崎市富吉,6964,宮崎市富吉,7196,14160,1.23,0.99,37.8,32.2,13.4,60
45300100740,一般国道１０号,高岡郡司分線,野首麓線,45201,0,0.6,宮崎市富吉,7933,宮崎市富吉,8438,16371,1.23,1.17,20.3,22.4,11.25,60
45300100750,一般国道１０号,野首麓線,赤谷橋山線,45201,0,2.5,宮崎市富吉,7933,宮崎市富吉,8438,16371,1.23,1.27,33.6,38.2,12,50
45300100760,一般国道１０号,赤谷橋山線,高鍋高岡線,45201,0,1.7,宮崎市富吉,7933,宮崎市富吉,8438,16371,1.23,1.23,44.7,50.1,11,50
45300100770,一般国道１０号,高鍋高岡線,高岡綾線,45201,0,2.3,宮崎市高岡町,7492,宮崎市高岡町,5384,12876,1.28,1.06,52.4,45.7,13.25,60
45300100780,一般国道１０号,高岡綾線,一般国道２６８号,45201,0,1.5,宮崎市高岡町,7492,宮崎市高岡町,5384,12876,1.28,1.09,40.1,39.6,10.75,50
45300100790,一般国道１０号,一般国道２６８号,赤谷橋山線,45201,0,0.2,宮崎市高岡町,3071,宮崎市高岡町,3109,6180,1.27,0.78,10.7,40.8,11,50
45300100800,一般国道１０号,赤谷橋山線,宮崎市・都城市境,45201,0,7,宮崎市高岡町,3071,宮崎市高岡町,3109,6180,1.27,0.78,54.4,57.1,11,50
45300100810,一般国道１０号,宮崎市・都城市境,有水山之口停車場線,45202,0,14.3,宮崎市高岡町,3071,宮崎市高岡町,3109,6180,1.27,0.83,53.7,54.1,10,50
45300100820,一般国道１０号,有水山之口停車場線,有水高原線,45202,0,0.4,都城市高城町有水,4924,都城市高城町有水,4737,9661,1.24,1.19,36.1,36.5,8.75,40
45300100830,一般国道１０号,有水高原線,中方限庄内線,45202,0,2.6,都城市高城町,4643,都城市高城町,5210,9853,1.24,1.02,38.9,38.1,13.5,50
45300100840,一般国道１０号,中方限庄内線,高城山田線,45202,0,3,都城市高城町,4643,都城市高城町,5210,9853,1.24,1.02,44.7,43.3,13.5,50
45300100850,一般国道１０号,高城山田線,九州縦貫自動車道宮崎線,45202,0,3.2,都城市高城町,4643,都城市高城町,5210,9853,1.24,1.02,34.9,36.4,13.5,50
45300100860,一般国道１０号,九州縦貫自動車道宮崎線,一般国道２２１号,45202,0,2.8,都城市太郎坊町,10774,都城市太郎坊町,10964,21738,1.28,0.75,33.5,27.6,30,60
45300100870,一般国道１０号,一般国道２２１号,財部庄内安久線,45202,0,0.2,都城市都北町,15467,都城市都北町,16803,32270,1.28,1.05,14.6,15.5,27,60
45300100880,一般国道１０号,財部庄内安久線,,45202,0,1.6,都城市都北町,14720,都城市都北町,15279,29999,1.28,0.85,28.1,29.8,27,60
45300100884,一般国道１０号,,,45202,0,0.8,都城市都北町,14720,都城市都北町,15279,29999,1.28,0.78,31.1,21.2,22.75,50
45300100887,一般国道１０号,,,45202,0,0.6,都城市都北町,14720,都城市都北町,15279,29999,1.28,0.78,27.2,32,22.75,50
45300100890,一般国道１０号,,一般国道２６９号,45202,0,0.6,都城市都北町,14720,都城市都北町,15279,29999,1.28,0.78,25.3,21.5,22.75,50
45300100894,一般国道１０号,一般国道２６９号,,45202,0,0.4,都城市前田町,10652,都城市前田町,13238,23890,1.3,0.81,10.3,20.9,23.25,40
45300100897,一般国道１０号,,,45202,0,0.4,都城市前田町,10652,都城市前田町,13238,23890,1.3,0.81,17.4,28.2,23.25,40
45300100900,一般国道１０号,,御池都城線,45202,0,0.3,都城市前田町,10652,都城市前田町,13238,23890,1.3,0.81,26.7,20.6,23.25,40
45300100910,一般国道１０号,御池都城線,一般国道２２２号,45202,0,0.2,都城市前田町,10652,都城市前田町,13238,23890,1.3,0.81,28.9,12.1,23.25,40
45300100920,一般国道１０号,一般国道２２２号,都城霧島公園線,45202,0,0.4,都城市前田町,10652,都城市前田町,13238,23890,1.3,0.81,23.4,15.6,23.25,40
45300100924,一般国道１０号,都城霧島公園線,,45202,0,0.3,都城市大岩田,7924,都城市大岩田,8279,16203,1.32,0.46,14.1,18.4,19.25,40
45300100927,一般国道１０号,,,45202,0,0.3,都城市大岩田,7924,都城市大岩田,8279,16203,1.32,0.46,18.2,32.3,19.25,40
45300100930,一般国道１０号,,飯野松山都城線,45202,0,0.3,都城市大岩田,7924,都城市大岩田,8279,16203,1.32,0.46,23.3,19.3,19.25,40
45300100940,一般国道１０号,飯野松山都城線,一般国道２６９号,45202,0,1,都城市大岩田,7924,都城市大岩田,8279,16203,1.32,0.73,27.6,26.8,16.5,50
45300100945,一般国道１０号,一般国道２６９号,一般国道１０号ＢＰ（都城道路）,45202,0,2.5,都城市平塚町,5953,都城市平塚町,5662,11615,1.27,0.87,37.8,39,11.5,50
45300100950,一般国道１０号,一般国道１０号ＢＰ（都城道路）,（旧）都城東環状線,45202,0,0.5,都城市平塚町,5953,都城市平塚町,5662,11615,1.27,0.87,32.2,34.4,11.5,50
45300100960,一般国道１０号,（旧）都城東環状線,一般国道１０号,45202,0,0.1,都城市平塚町,5953,都城市平塚町,5662,11615,1.27,0.87,47.4,46.2,11.5,50
45300101060,一般国道１０号,東九州自動車道,一般国道２１８号,45203,1,13.2,延岡市北川町長井,3192,延岡市北川町長井,3206,6398,1.23,0.41,80.8,80.3,10.5,70
45300100980,一般国道１０号,一般国道２１８号,一般国道１０号,45203,1,6.6,延岡市小野町,6314,延岡市小野町,6461,12775,1.21,0.93,74.4,73.7,10.5,70
45300101000,一般国道１０号,一般国道１０号,,45203,0,1.5,延岡市塩浜町4丁目,4947,延岡市塩浜町4丁目,5111,10058,1.23,0.93,48.8,52.4,11,60
45300101010,一般国道１０号,,一般国道１０号,45203,1,0.4,延岡市伊形町,5473,延岡市伊形町,5043,10516,1.23,0.81,17.9,39.1,12.5,60
45300101020,一般国道１０号（延岡南道路）,一般国道１０号,延岡市・門川町境,45203,1,2.3,延岡南IC～門川IC,4482,延岡南IC～門川IC,5309,9791,1.19,0.79,76.5,73.7,10.5,70
45300101030,一般国道１０号（延岡南道路）,延岡市・門川町境,東九州自動車道,45421,1,0.8,延岡南IC～門川IC,4482,延岡南IC～門川IC,5309,9791,1.19,0.79,47.9,49.2,10.5,70
45300101040,一般国道１０号（延岡南道路）,東九州自動車道,一般国道１０号,45421,1,0.6,延岡南IC～門川IC,4482,延岡南IC～門川IC,5309,9791,1.19,0.79,62.4,63.3,10.5,60
45300101100,一般国道１０号ＢＰ（都城道路）,,都城隼人線,45202,1,2.8,都城市蓑原町,3444,都城市蓑原町,4045,7489,1.2,0.66,73.1,71.1,10.5,60
45300101080,一般国道１０号ＢＰ（都城道路）,都城隼人線,一般国道１０号,45202,1,1.9,都城市平塚町,4539,都城市平塚町,4580,9119,1.19,0.87,69.7,72.4,10.5,60
45302180010,一般国道２１８号,一般国道２１８号,鞍岡赤谷線,45443,0,3.1,西臼杵郡五ケ瀬町大字三ケ所字杉の谷,2652,西臼杵郡五ケ瀬町大字三ケ所字杉の谷,2778,5430,1.22,0.74,51.6,53.9,9,50
45302180020,一般国道２１８号,鞍岡赤谷線,鞍岡赤谷線,45443,0,0.2,西臼杵郡五ケ瀬町大字三ケ所字杉の谷,2652,西臼杵郡五ケ瀬町大字三ケ所字杉の谷,2778,5430,1.22,0.74,27.1,34.2,9,50
45302180030,一般国道２１８号,鞍岡赤谷線,竹田五ケ瀬線,45443,0,0.1,西臼杵郡五ケ瀬町大字三ケ所字杉の谷,2652,西臼杵郡五ケ瀬町大字三ケ所字杉の谷,2778,5430,1.22,0.74,34.1,36.2,9,50
45302180040,一般国道２１８号,竹田五ケ瀬線,一般国道５０３号,45443,0,0.9,西臼杵郡五ケ瀬町大字三ケ所字杉の谷,2652,西臼杵郡五ケ瀬町大字三ケ所字杉の谷,2778,5430,1.22,0.74,42,42.2,9,50
45302180050,一般国道２１８号,一般国道５０３号,五ヶ瀬町・高千穂町境,45443,0,3.9,西臼杵郡高千穂町町大字押方字宮野原,2850,西臼杵郡高千穂町町大字押方字宮野原,2814,5664,1.22,0.62,50.5,51.1,9,50
45302180060,一般国道２１８号,五ヶ瀬町・高千穂町境,高千穂町・五ヶ瀬町境,45441,0,1.4,西臼杵郡高千穂町町大字押方字宮野原,2850,西臼杵郡高千穂町町大字押方字宮野原,2814,5664,1.22,0.61,52.9,53.3,9,50
45302180070,一般国道２１８号,高千穂町・五ヶ瀬町境,五ヶ瀬町・高千穂町境,45443,0,0.2,西臼杵郡高千穂町町大字押方字宮野原,2850,西臼杵郡高千穂町町大字押方字宮野原,2814,5664,1.22,0.61,52,59.6,9,50
45302180075,一般国道２１８号,五ヶ瀬町・高千穂町境,（旧）諸塚高千穂線,45441,0,6.1,西臼杵郡高千穂町町大字押方字宮野原,2850,西臼杵郡高千穂町町大字押方字宮野原,2814,5664,1.22,0.61,52.8,52.6,9,50
45302180080,一般国道２１８号,（旧）諸塚高千穂線,諸塚高千穂線,45441,0,0.6,西臼杵郡高千穂町町大字押方字宮野原,2850,西臼杵郡高千穂町町大字押方字宮野原,2814,5664,1.22,0.61,44.5,43,9,50
45302180090,一般国道２１８号,諸塚高千穂線,一般国道３２５号,45441,0,0.3,西臼杵郡高千穂町町大字三田井字吾平原,4723,西臼杵郡高千穂町町大字三田井字吾平原,4852,9575,1.24,0.88,21,24.5,15,50
45302180100,一般国道２１８号,一般国道３２５号,北方高千穂線,45441,0,0.5,西臼杵郡高千穂町町大字三田井字吾平原,4723,西臼杵郡高千穂町町大字三田井字吾平原,4852,9575,1.24,0.88,32.1,37.5,15,50
45302180110,一般国道２１８号,北方高千穂線,緒方高千穂線,45441,0,1.7,西臼杵郡高千穂町町大字三田井字吾平原,4723,西臼杵郡高千穂町町大字三田井字吾平原,4852,9575,1.24,0.88,27.3,26.9,15,50
45302180120,一般国道２１８号,緒方高千穂線,高千穂町道,45441,0,0.4,西臼杵郡日之影町大字七折,840,西臼杵郡日之影町大字七折,653,1493,1.23,0.21,18.7,24,8,50
45302180130,一般国道２１８号,高千穂町道,高千穂町・日之影町境,45441,0,0.2,西臼杵郡日之影町大字七折,840,西臼杵郡日之影町大字七折,653,1493,1.23,0.21,36.5,43.9,8,50
45302180135,一般国道２１８号,高千穂町・日之影町境,一般国道２１８号,45442,0,0.2,西臼杵郡日之影町大字七折,840,西臼杵郡日之影町大字七折,653,1493,1.23,0.18,50.8,45.9,11.1,50
45302180140,一般国道２１８号,一般国道２１８号,北方高千穂線,45442,0,2.3,西臼杵郡日之影町大字七折,840,西臼杵郡日之影町大字七折,653,1493,1.23,0.18,38.9,36.5,11.1,50
45302180150,一般国道２１８号,北方高千穂線,北方高千穂線,45442,0,4.3,西臼杵郡日之影町大字七折,840,西臼杵郡日之影町大字七折,653,1493,1.23,0.18,52.8,52.4,11.1,50
45302180155,一般国道２１８号,北方高千穂線,一般国道２１８号,45442,0,1,西臼杵郡日之影町大字七折字袴谷,4455,西臼杵郡日之影町大字七折字袴谷,4370,8825,1.23,0.93,45.1,42.3,10,50
45302180160,一般国道２１８号,一般国道２１８号,（旧）日向八戸停車場線,45442,0,8.8,西臼杵郡日之影町大字七折字袴谷,4455,西臼杵郡日之影町大字七折字袴谷,4370,8825,1.23,0.93,52.2,55.5,10,50
45302180170,一般国道２１８号,（旧）日向八戸停車場線,日之影町・延岡市境,45442,0,3.6,西臼杵郡日之影町大字七折,3600,西臼杵郡日之影町大字七折,3608,7208,1.23,0.89,59.1,63.8,10,50
45302180175,一般国道２１８号,日之影町・延岡市境,一般国道２１８号,45203,0,5.2,延岡市北方町早日渡巳,4220,延岡市北方町早日渡巳,4237,8457,1.23,0.92,58.6,59.6,11.4,50
45302180180,一般国道２１８号,一般国道２１８号,北方高千穂線,45203,0,2.4,延岡市北方町早日渡巳,4220,延岡市北方町早日渡巳,4237,8457,1.23,0.92,63.5,55.7,11.4,50
45302180190,一般国道２１８号,北方高千穂線,北方北郷線,45203,0,2.5,延岡市北方町早日渡巳,4220,延岡市北方町早日渡巳,4237,8457,1.23,0.92,52.8,54.5,11.4,50
45302180200,一般国道２１８号,北方北郷線,北方インター線,45203,0,2.2,延岡市北方町南久保山子,1453,延岡市北方町南久保山子,1469,2922,1.21,0.27,50.3,53,10,50
45302180210,一般国道２１８号,北方インター線,板上曽木線,45203,0,2.9,延岡市岡元町,2010,延岡市岡元町,2075,4085,1.21,0.38,51,49.4,7.5,50
45302180220,一般国道２１８号,板上曽木線,樫原細見線,45203,0,2.8,延岡市岡元町,2010,延岡市岡元町,2075,4085,1.21,0.38,54.3,54.3,7.5,50
45302180230,一般国道２１８号,樫原細見線,一般国道２１８号,45203,0,2.5,延岡市岡元町,2010,延岡市岡元町,2075,4085,1.21,0.38,47.6,43.1,7.5,50
45302180240,一般国道２１８号,一般国道２１８号,旧西延岡停車場線,45203,0,3.3,延岡市古川町,4980,延岡市古川町,4918,9898,1.2,0.85,42.3,43.9,20,50
45302180245,一般国道２１８号,旧西延岡停車場線,稲葉崎平原線,45203,0,2.8,延岡市古川町,4980,延岡市古川町,4918,9898,1.2,0.85,35.3,32.1,20,50
45302180250,一般国道２１８号,稲葉崎平原線,稲葉崎平原線,45203,0,0.8,延岡市古川町,4980,延岡市古川町,4918,9898,1.2,0.85,19.7,19.1,20,50
45302180260,一般国道２１８号,稲葉崎平原線,一般国道１０号,45203,0,0.8,延岡市古川町,4980,延岡市古川町,4918,9898,1.2,0.85,14.3,17.9,20,50
45302180345,一般国道２１８号,一般国道２１８号,高千穂町・日之影町境,45441,1,1.3,西臼杵郡日之影町大字七折,3239,西臼杵郡日之影町大字七折,3226,6465,1.19,0.65,75.6,73.2,12,60
45302180350,一般国道２１８号,高千穂町・日之影町境,,45442,1,1.5,西臼杵郡日之影町大字七折,3239,西臼杵郡日之影町大字七折,3226,6465,1.19,0.65,76.9,78.2,12,60
45302180370,一般国道２１８号,,一般国道２１８号,45442,1,2.3,,,,,,,,65.9,66.5,12,60
45302180330,一般国道２１８号,一般国道２１８号,北方インター線,45203,1,4.6,延岡市北方町蔵田,3587,延岡市北方町蔵田,3535,7122,1.21,0.47,74.4,74.3,12,80
45302180280,一般国道２１８号,北方インター線,一般国道２１８号,45203,1,6.4,北方～舞野,4034,北方～舞野,4280,8314,1.23,0.47,74.1,74.1,10.5,70
45302180290,一般国道２１８号,一般国道２１８号,一般国道１０号,45203,1,2.1,舞野～延岡,5160,舞野～延岡,5476,10636,1.23,0.61,73.8,69,10.5,70
45302190010,一般国道２１９号,一般国道２１９号,一般国道２６５号,45403,0,7.7,児湯郡西米良村大字板谷字野下,382,児湯郡西米良村大字板谷字野下,346,728,1.19,0.15,43.5,38.5,8.1,60
45302190020,一般国道２１９号,一般国道２６５号,一般国道２６５号,45403,0,4.2,西米良村大字村所字桐原,473,西米良村大字村所字桐原,456,929,1.16,0.16,40.8,45.9,8,60
45302190030,一般国道２１９号,一般国道２６５号,小川越野尾線,45403,0,13.1,西米良村大字越野尾字越野尾,521,西米良村大字越野尾字越野尾,535,1056,1.15,0.29,49.3,48.5,6.5,60
45302190040,一般国道２１９号,小川越野尾線,西米良村・西都市境,45403,0,3,西米良村大字越野尾字越野尾,521,西米良村大字越野尾字越野尾,535,1056,1.15,0.29,49.3,48.5,6.5,60
45302190050,一般国道２１９号,西米良村・西都市境,西都南郷線,45208,0,0.7,西米良村大字越野尾字越野尾,521,西米良村大字越野尾字越野尾,535,1056,1.15,0.29,49.3,48.5,6.5,60
45302190060,一般国道２１９号,西都南郷線,,45208,0,9.5,西都市大字尾八重字大椎葉,670,西都市大字尾八重字大椎葉,735,1405,1.16,0.46,50,50.2,6.5,60
45302190070,一般国道２１９号,,杉安高鍋線,45208,0,12.2,西都市大字尾八重字大椎葉,670,西都市大字尾八重字大椎葉,735,1405,1.16,0.4,50,50.2,8.4,60
45302190080,一般国道２１９号,杉安高鍋線,東郷西都線,45208,0,2.6,西都市大字南方字古川,1369,西都市大字南方字古川,1464,2833,1.2,0.54,38.6,45.3,10.8,50
45302190085,一般国道２１９号,東郷西都線,（旧）一般国道２１９号,45208,0,1.5,西都市大字南方字別府川,3563,西都市大字南方字別府川,3757,7320,1.23,0.65,33.2,35.8,18,50
45302190410,一般国道２１９号,（旧）一般国道２１９号,高鍋高岡線,45208,0,1.3,西都市大字南方字別府川,3563,西都市大字南方字別府川,3757,7320,1.23,0.65,29.8,28.6,18,50
45302190420,一般国道２１９号,高鍋高岡線,（旧）一般国道２１９号,45208,0,1.8,西都市右松一丁目,3999,西都市右松一丁目,4005,8004,1.23,0.68,26,28,18,40
45302190110,一般国道２１９号,（旧）一般国道２１９号,西都市・新富町境,45208,0,1.4,西都市大字黒生野字高屋敷,5456,西都市大字黒生野字高屋敷,5451,10907,1.21,0.9,33,35,18.7,60
45302190120,一般国道２１９号,西都市・新富町境,新富町・西都市境,45402,0,0.4,西都市大字黒生野字高屋敷,5456,西都市大字黒生野字高屋敷,5451,10907,1.21,0.83,36.6,46.6,18.7,60
45302190130,一般国道２１９号,新富町・西都市境,荒武新富線,45208,0,0.5,西都市大字黒生野字高屋敷,6822,西都市大字黒生野字高屋敷,7283,14105,1.21,1.15,33.2,26.7,11.8,60
45302190140,一般国道２１９号,荒武新富線,西都インター線,45208,0,0.8,西都市大字黒生野字高屋敷,6822,西都市大字黒生野字高屋敷,7283,14105,1.21,1.15,35.6,40.9,11.8,60
45302190150,一般国道２１９号,西都インター線,西都市・宮崎市境,45208,0,1,宮崎市佐土原町那珂,8671,宮崎市佐土原町那珂,9009,17680,1.21,1.44,37.6,50.9,11.8,60
45302190160,一般国道２１９号,西都市・宮崎市境,札の元佐土原線,45201,0,1.3,宮崎市佐土原町那珂,8671,宮崎市佐土原町那珂,9009,17680,1.21,1.14,58.7,56.9,12.5,60
45302190170,一般国道２１９号,札の元佐土原線,宮崎高鍋線,45201,0,2.9,宮崎市佐土原町那珂,8671,宮崎市佐土原町那珂,9009,17680,1.21,1.14,60.2,57.1,12.5,60
45302190180,一般国道２１９号,宮崎高鍋線,佐土原国富線,45201,0,1,宮崎市佐土原町東上那珂,7289,宮崎市佐土原町東上那珂,7487,14776,1.25,1.07,63.4,62.1,12.5,50
45302190350,一般国道２１９号ＢＰ（広瀬バイパス）,佐土原国富線,一般国道１０号,45201,0,3.1,宮崎市佐土原町東上那珂字釘本,2826,宮崎市佐土原町東上那珂字釘本,3895,6721,1.23,0.73,61.7,46.1,8.6,60
45302190190,一般国道２１９号,佐土原国富線,佐土原国富線,45201,0,1,宮崎市佐土原町下那珂８０９６,6449,宮崎市佐土原町下那珂８０９６,6229,12678,1.22,1.07,40.1,39.8,10.4,50
45302190200,一般国道２１９号,佐土原国富線,一般国道１０号,45201,0,5,宮崎市広原字前田,8014,宮崎市広原字前田,7401,15415,1.26,1.19,28.1,25.6,12,50
45302190390,一般国道２１９号,,,45403,0,2.1,,,,,,,,69.6,67.1,6.5,60
45302200010,一般国道２２０号,一般国道１０号,宮崎島之内線,45201,0,0.7,宮崎市橘通東3丁目,15152,宮崎市橘通東3丁目,15224,30376,1.35,1.25,14.1,18.3,36,40
45302200020,一般国道２２０号,宮崎島之内線,,45201,0,0.1,宮崎市橘通東1丁目,14725,宮崎市橘通東1丁目,16848,31573,1.33,1.1,20.6,15.6,36,40
45302200030,一般国道２２０号,,宮崎須木線,45201,0,0.1,宮崎市橘通東1丁目,14715,宮崎市橘通東1丁目,16812,31527,1.33,0.36,19.6,18.2,36.02,40
45302200040,一般国道２２０号,宮崎須木線,,45201,0,0.5,宮崎市橘通東1丁目,17772,宮崎市橘通東1丁目,20928,38700,1.31,1.13,16.9,26.6,28.8,40
45302200045,一般国道２２０号,,,45201,0,0.3,宮崎市中村東2丁目,14225,宮崎市中村東2丁目,18059,32284,1.3,1.02,16.3,15.7,31.5,50
45302200050,一般国道２２０号,,南俣宮崎線,45201,0,0.1,宮崎市中村東2丁目,14225,宮崎市中村東2丁目,18059,32284,1.3,1.02,13.8,21,31.5,50
45302200060,一般国道２２０号,南俣宮崎線,宮崎西環状線,45201,0,0.2,宮崎市中村東2丁目,14225,宮崎市中村東2丁目,18059,32284,1.3,1.02,15.1,17.1,31.5,50
45302200070,一般国道２２０号,宮崎西環状線,宮崎北郷線,45201,0,1.3,宮崎市大字恒久,19335,宮崎市大字恒久,20073,39408,1.28,1.2,17,13.9,31.5,50
45302200080,一般国道２２０号,宮崎北郷線,九州縦貫自動車道宮崎線,45201,0,2.1,宮崎市清武町加納乙,18649,宮崎市清武町加納乙,19716,38365,1.28,1.45,17.4,48.5,31.5,50
45302200090,一般国道２２０号,九州縦貫自動車道宮崎線,学園木花台本郷北方線,45201,0,0.4,宮崎市本郷北方,15612,宮崎市本郷北方,14689,30301,1.2,0.53,55.2,61.6,25.2,60
45302200100,一般国道２２０号,学園木花台本郷北方線,中村木崎線,45201,0,0.9,宮崎市本郷北方,15612,宮崎市本郷北方,14689,30301,1.2,0.71,57.5,66,29.5,60
45302200110,一般国道２２０号,中村木崎線,宮崎空港線,45201,0,0.8,宮崎市大字加江田字曽山寺,8368,宮崎市大字加江田字曽山寺,8514,16882,1.2,0.36,58.1,69.4,26.5,60
45302200120,一般国道２２０号,宮崎空港線,中村木崎線,45201,0,4.2,宮崎市大字加江田字曽山寺,8368,宮崎市大字加江田字曽山寺,8514,16882,1.2,0.36,57.5,60.5,26.5,60
45302200130,一般国道２２０号,中村木崎線,中村木崎線,45201,0,0.9,宮崎市大字加江田字曽山寺,8368,宮崎市大字加江田字曽山寺,8514,16882,1.2,0.36,54.9,33.2,26.5,60
45302200140,一般国道２２０号,中村木崎線,内海加江田線,45201,0,1.2,宮崎市大字加江田字曽山寺,8368,宮崎市大字加江田字曽山寺,8514,16882,1.2,0.34,40.4,42.7,29.5,50
45302200150,一般国道２２０号,内海加江田線,,45201,0,2.2,宮崎市青島西,3701,宮崎市青島西,3846,7547,1.21,0.98,62,66,17.5,50
45302200160,一般国道２２０号,,内海加江田線,45201,0,3,宮崎市青島西,3701,宮崎市青島西,3846,7547,1.21,0.98,58.9,61.9,17.5,50
45302200170,一般国道２２０号,内海加江田線,内海加江田線,45201,0,0.5,宮崎市内海,3931,宮崎市内海,3416,7347,1.23,0.85,44.9,45.5,17.5,50
45302200180,一般国道２２０号,内海加江田線,内海加江田線,45201,0,2.3,宮崎市内海,3931,宮崎市内海,3416,7347,1.23,0.85,54.8,61,17.5,50
45302200190,一般国道２２０号,内海加江田線,宮崎市・日南市境,45201,0,5.1,宮崎市内海,3931,宮崎市内海,3416,7347,1.23,0.7,46.2,46.7,9.5,40
45302200195,一般国道２２０号,宮崎市・日南市境,市道伊比井富土線,45204,0,2.7,日南市風田,3974,日南市風田,3973,7947,1.18,0.75,39.5,39.4,13.5,50
45302200200,一般国道２２０号,市道伊比井富土線,市道伊比井富土線,45204,0,1,日南市風田,3974,日南市風田,3973,7947,1.18,0.75,56.2,56.6,13.5,50
45302200210,一般国道２２０号,市道伊比井富土線,鵜戸神宮線,45204,0,6.1,日南市風田,3974,日南市風田,3973,7947,1.18,0.75,59.7,57.7,13.5,50
45302200220,一般国道２２０号,鵜戸神宮線,,45204,0,1.7,日南市風田,3974,日南市風田,3973,7947,1.18,0.75,54.2,50.8,13.5,50
45302200230,一般国道２２０号,,風田星倉線,45204,0,7.5,日南市風田,3974,日南市風田,3973,7947,1.18,0.75,56.2,50.5,13.5,50
45302200240,一般国道２２０号,風田星倉線,益安平山線,45204,0,2.3,日南市風田,3974,日南市風田,3973,7947,1.18,0.89,46.6,49.2,11.25,50
45302200250,一般国道２２０号,益安平山線,一般国道２２２号,45204,0,1.2,日南市梅ヶ浜,4943,日南市梅ヶ浜,4839,9782,1.21,0.93,28.6,19.5,12.5,40
45302200260,一般国道２２０号,一般国道２２２号,油津港線,45204,0,0.3,日南市大堂津,3085,日南市大堂津,2862,5947,1.2,0.62,22.4,17.5,11,40
45302200270,一般国道２２０号,油津港線,仏坂大堂津線,45204,0,4.4,日南市大堂津,3085,日南市大堂津,2862,5947,1.2,0.58,42.6,42.8,10,40
45302200280,一般国道２２０号,仏坂大堂津線,目井津港線,45204,0,2.1,日南市大堂津,2838,日南市大堂津,2755,5593,1.14,0.62,37.2,35.1,11,40
45302200290,一般国道２２０号,目井津港線,一般国道４４８号,45204,0,1.2,日南市大堂津,2838,日南市大堂津,2755,5593,1.14,0.62,25.7,22.8,11,40
45302200300,一般国道２２０号,一般国道４４８号,北方南郷線,45204,0,0.2,日南市南郷町,3176,日南市南郷町,2769,5945,1.19,0.75,15.3,13.8,11,40
45302200310,一般国道２２０号,北方南郷線,日南南郷線,45204,0,1.7,日南市南郷町,3176,日南市南郷町,2769,5945,1.19,0.61,32.8,35.3,10.25,50
45302200320,一般国道２２０号,日南南郷線,榎原停車場線,45204,0,6.7,日南市南郷町,3176,日南市南郷町,2769,5945,1.19,0.61,52.5,54.3,10.25,50
45302200330,一般国道２２０号,榎原停車場線,酒谷榎原線,45204,0,0.9,日南市南郷町,3176,日南市南郷町,2769,5945,1.19,0.61,53.8,53.1,10.25,50
45302200340,一般国道２２０号,酒谷榎原線,日南市・串間市境,45204,0,2.3,日南市南郷町,3176,日南市南郷町,2769,5945,1.19,0.8,56.4,58,11.75,50
45302200350,一般国道２２０号,日南市・串間市境,都城串間線,45207,0,4.5,日南市南郷町,3176,日南市南郷町,2769,5945,1.19,0.8,53.9,55.6,10.5,50
45302200360,一般国道２２０号,都城串間線,北方南郷線,45207,0,2.6,串間市奈留,2958,串間市奈留,2828,5786,1.14,0.54,43.8,46.6,10,50
45302200370,一般国道２２０号,北方南郷線,市木串間線,45207,0,0.8,串間市奈留,2958,串間市奈留,2828,5786,1.14,0.54,39.5,39.7,10,50
45302200380,一般国道２２０号,市木串間線,,45207,0,0.2,串間市奈留,2958,串間市奈留,2828,5786,1.14,0.54,27.7,30.8,10,50
45302200390,一般国道２２０号,,一氏西方線,45207,0,1.5,串間市西方,3247,串間市西方,3167,6414,1.27,0.6,32.7,36.7,12,50
45302200400,一般国道２２０号,一氏西方線,今別府串間線,45207,0,1,串間市西方,3247,串間市西方,3167,6414,1.27,0.6,31,31.3,12,50
45302200410,一般国道２２０号,今別府串間線,一般国道４４８号,45207,0,0.1,串間市西方,3247,串間市西方,3167,6414,1.27,0.6,11.5,18.5,12,50
45302200420,一般国道２２０号,一般国道４４８号,都井西方線,45207,0,1.4,串間市西方,3247,串間市西方,3167,6414,1.27,0.6,25.9,29.1,12,50
45302200430,一般国道２２０号,都井西方線,福島港線,45207,0,0.7,串間市西方,3247,串間市西方,3167,6414,1.27,0.6,29.1,26.6,12,50
45302200440,一般国道２２０号,福島港線,一般国道２２０号,45207,0,5.5,串間市大字高松,3151,串間市大字高松,3474,6625,1.21,0.59,45.7,48.1,9.5,60
45302210010,一般国道２２１号,一般国道２２１号,一般国道２６８号,45209,0,8.9,えびの市大字榎田５８５,1608,えびの市大字榎田５８５,1553,3161,1.28,0.47,56.7,54.4,10.8,50
45302210020,一般国道２２１号,一般国道２６８号,えびの飯野停車場線,45209,0,4.6,えびの市大字大明司２２０２,7131,えびの市大字大明司２２０２,6934,14065,1.25,1,38,38.7,17,50
45302210030,一般国道２２１号,えびの飯野停車場線,原田杉水流線,45209,0,1.6,えびの市大字大明司２２０２,7131,えびの市大字大明司２２０２,6934,14065,1.25,1,27.2,29.7,17,50
45302210040,一般国道２２１号,原田杉水流線,石阿弥蛇五日市線,45209,0,0.4,えびの市大字大明司２２０２,7131,えびの市大字大明司２２０２,6934,14065,1.25,1,33.9,37.8,17,50
45302210050,一般国道２２１号,石阿弥蛇五日市線,えびの市・小林市境,45209,0,2.5,小林市細野５８４,5852,小林市細野５８４,6091,11943,1.25,0.35,47.1,52.5,11.3,40
45302210060,一般国道２２１号,えびの市・小林市境,生駒高原北西方線,45205,0,2.6,小林市細野５８４,5852,小林市細野５８４,6091,11943,1.25,0.35,50,50,13.5,50
45302210070,一般国道２２１号,生駒高原北西方線,小林えびの高原牧園線,45205,0,5.4,小林市細野５８４,5852,小林市細野５８４,6091,11943,1.25,0.35,42.6,41.3,13.5,50
45302210080,一般国道２２１号,小林えびの高原牧園線,霧島公園小林線,45205,0,0.3,小林市細野１５９０,7370,小林市細野１５９０,7353,14723,1.26,0.62,23.1,25.9,22,50
45302210085,一般国道２２１号,霧島公園小林線,京町小林線,45205,0,0.6,小林市細野１５９０,7370,小林市細野１５９０,7353,14723,1.26,0.62,20.3,20.6,22,50
45302210090,一般国道２２１号,京町小林線,一般国道２６５号,45205,0,0.2,小林市細野１５９０,7370,小林市細野１５９０,7353,14723,1.26,0.62,22.4,27.9,22,50
45302210100,一般国道２２１号,一般国道２６５号,一般国道２６８号,45205,0,1.1,小林市細野１５９０,7370,小林市細野１５９０,7353,14723,1.26,0.62,27.7,15.4,22,50
45302210105,一般国道２２１号,一般国道２６８号,,45205,0,1.8,小林市堤,8051,小林市堤,8028,16079,1.25,1.23,22.2,18.9,11.3,50
45302210110,一般国道２２１号,,小林市・高原町境,45205,0,3.1,小林市堤,8051,小林市堤,8028,16079,1.25,1.23,37.4,38.6,11.3,50
45302210120,一般国道２２１号,小林市・高原町境,西麓小林線,45361,0,1.9,小林市堤,8051,小林市堤,8028,16079,1.25,0.99,42.7,34.7,11.2,50
45302210130,一般国道２２１号,西麓小林線,一般国道２２３号,45361,0,0.4,小林市堤,8051,小林市堤,8028,16079,1.25,0.99,14,32.7,11.2,50
45302210140,一般国道２２１号,一般国道２２３号,九州縦貫自動車道宮崎線,45361,0,0.3,都城市高崎町大牟田栢木,5493,都城市高崎町大牟田栢木,5208,10701,1.24,1.23,18.6,29.5,9,50
45302210150,一般国道２２１号,九州縦貫自動車道宮崎線,高原町・都城市境,45361,0,1.3,都城市高崎町大牟田栢木,5493,都城市高崎町大牟田栢木,5208,10701,1.24,1.23,48.5,51.5,9,50
45302210160,一般国道２２１号,高原町・都城市境,高崎新田停車場線,45202,0,6.6,都城市高崎町大牟田栢木,5493,都城市高崎町大牟田栢木,5208,10701,1.24,1.38,48.5,51.5,9.5,50
45302210170,一般国道２２１号,高崎新田停車場線,祓川高崎線,45202,0,0.4,都城市高崎町大牟田原村,6097,都城市高崎町大牟田原村,5805,11902,1.22,0.91,39.9,32.2,9.5,50
45302210180,一般国道２２１号,祓川高崎線,都城野尻線,45202,0,0.6,都城市高崎町大牟田原村,6097,都城市高崎町大牟田原村,5805,11902,1.22,0.94,33.6,27.6,8.6,50
45302210190,一般国道２２１号,都城野尻線,都城野尻線,45202,0,0.5,都城市高崎町大牟田原村,6097,都城市高崎町大牟田原村,5805,11902,1.22,0.94,36.1,32.9,8.6,50
45302210200,一般国道２２１号,都城野尻線,高城山田線,45202,0,7.1,都城市高崎町大牟田原村,6097,都城市高崎町大牟田原村,5805,11902,1.22,0.94,40.7,38.1,8.6,50
45302210210,一般国道２２１号,高城山田線,高城山田線,45202,0,0.2,都城市太郎坊町,6646,都城市太郎坊町,6493,13139,1.21,0.91,20.3,20.1,11,50
45302210220,一般国道２２１号,高城山田線,一般国道１０号,45202,0,5.1,都城市太郎坊町,6646,都城市太郎坊町,6493,13139,1.21,0.91,32.4,30.2,11,50
45302220010,一般国道２２２号,一般国道２２０号,油津停車場線,45204,0,0.7,日南市中平野１丁目,6869,日南市中平野１丁目,6917,13786,1.26,0.79,17.1,18.5,20.1,40
45302220020,一般国道２２２号,油津停車場線,日南志布志線,45204,0,1.6,日南市中平野１丁目,6869,日南市中平野１丁目,6917,13786,1.26,0.79,29.6,27.9,20.1,40
45302220025,一般国道２２２号,日南志布志線,,45204,0,0.6,日南市中平野１丁目,6869,日南市中平野１丁目,6917,13786,1.26,0.79,23.9,19.2,20.1,40
45302220030,一般国道２２２号,,日南高岡線,45204,0,0.4,日南市中平野１丁目,6869,日南市中平野１丁目,6917,13786,1.26,0.79,14.1,16.8,20.1,40
45302220040,一般国道２２２号,日南高岡線,風田星倉線,45204,0,1.2,日南市星倉４丁目,4624,日南市星倉４丁目,4351,8975,1.24,0.4,30.7,29.4,20,50
45302220050,一般国道２２２号,風田星倉線,郷之原日南線,45204,0,2,日南市星倉４丁目,4624,日南市星倉４丁目,4351,8975,1.24,0.4,32.7,35,20,50
45302220060,一般国道２２２号,郷之原日南線,飫肥停車場線,45204,0,0.3,日南市飫肥５丁目,3012,日南市飫肥５丁目,2977,5989,1.22,0.46,15.6,17.4,16,40
45302220070,一般国道２２２号,飫肥停車場線,,45204,0,2.8,日南市飫肥５丁目,3012,日南市飫肥５丁目,2977,5989,1.22,0.46,35.5,31.3,16,40
45302220080,一般国道２２２号,,酒谷榎原線,45204,0,1.3,日南市大字酒谷乙,1789,日南市大字酒谷乙,1661,3450,1.21,0.4,47.5,43.3,9.5,50
45302220090,一般国道２２２号,酒谷榎原線,,45204,0,3.1,日南市大字酒谷乙,1789,日南市大字酒谷乙,1661,3450,1.21,0.4,55.4,57.1,9.5,50
45302220100,一般国道２２２号,,日南市・都城市境,45204,0,17.2,日南市大字酒谷乙,1239,日南市大字酒谷乙,1189,2428,1.2,0.37,56.8,56.6,10,50
45302220110,一般国道２２２号,日南市・都城市境,都城串間線,45202,0,0.7,都城市安久町,749,都城市安久町,930,1679,1.18,0.35,50.9,70.7,8.25,50
45302220120,一般国道２２２号,都城串間線,一般国道２２２号,45202,0,6.8,都城市安久町,749,都城市安久町,930,1679,1.18,0.35,52,50.8,8.25,50
45302220140,一般国道２２２号,一般国道２２２号,都城東環状線,45202,0,9.2,都城市安久町,1056,都城市安久町,1016,2072,1.17,0.29,45.7,44.9,7.5,50
45302220150,一般国道２２２号,都城東環状線,都城東環状線,45202,0,0.4,都城市安久町,3804,都城市安久町,4145,7949,1.23,0.73,24.1,30,13,40
45302220160,一般国道２２２号,都城東環状線,一般国道２２２号,45202,0,2.5,都城市安久町,3804,都城市安久町,4145,7949,1.23,0.73,33.7,39.1,13,40
45302220165,一般国道２２２号,一般国道２２２号,,45202,0,0.6,都城市安久町,3804,都城市安久町,4145,7949,1.23,0.73,23.6,23.3,13,40
45302220170,一般国道２２２号,,都城北郷線,45202,0,0.4,都城市安久町,3804,都城市安久町,4145,7949,1.23,0.73,17,15.8,13,40
45302220175,一般国道２２２号,都城北郷線,,45202,0,0.1,都城市安久町,3804,都城市安久町,4145,7949,1.23,0.73,12.1,13.8,13,40
45302220180,一般国道２２２号,,一般国道１０号,45202,0,0.8,都城市安久町,3804,都城市安久町,4145,7949,1.23,0.73,16.7,14.7,13,40
45302220200,一般国道２２２号,,都城東環状線,45341,0,1.3,都城市上長飯町,4494,都城市上長飯町,3891,8385,1.23,0.8,40.8,43.6,12,50
45302220210,一般国道２２２号,都城東環状線,三股町・都城市境,45341,0,2.5,都城市上長飯町,4494,都城市上長飯町,3891,8385,1.23,0.8,49.4,51.4,12,50
45302220220,一般国道２２２号,三股町・都城市境,財部庄内安久線,45202,0,0,都城市上長飯町,4494,都城市上長飯町,3891,8385,1.23,0.84,22,14.9,16,50
45302220230,一般国道２２２号,財部庄内安久線,一般国道２２２号,45202,0,2,都城市上長飯町,4494,都城市上長飯町,3891,8385,1.23,0.84,30.9,32.6,16,50
45302230010,一般国道２２３号,一般国道２２１号,高千穂峰狭野線,45361,0,4.6,西諸県郡高原町大字蒲牟田字花堂,2312,西諸県郡高原町大字蒲牟田字花堂,2286,4598,1.13,0.41,33.7,35.1,16,50
45302230020,一般国道２２３号,高千穂峰狭野線,祓川高崎線,45361,0,2,西諸県郡高原町大字蒲牟田字花堂,2312,西諸県郡高原町大字蒲牟田字花堂,2286,4598,1.13,0.41,50.9,46.7,9.5,50
45302230030,一般国道２２３号,祓川高崎線,高原町・都城市境,45361,0,1.5,西諸県郡高原町大字蒲牟田字花堂,2312,西諸県郡高原町大字蒲牟田字花堂,2286,4598,1.13,0.41,48.3,52.7,9.5,50
45302230040,一般国道２２３号,高原町・都城市境,御池都城線,45202,0,1.3,都城市御池町,713,都城市御池町,729,1442,1.11,0.28,27.7,24.6,7,50
45302230050,一般国道２２３号,御池都城線,都城霧島公園線,45202,0,10.2,都城市御池町,713,都城市御池町,729,1442,1.11,0.28,46,47.6,7,50
45302230060,一般国道２２３号,都城霧島公園線,一般国道２２３号,45202,0,1,都城市吉之元町,1572,都城市吉之元町,1569,3141,1.11,0.49,48.3,48.1,7,50
45302650010,一般国道２６５号,一般国道２２１号,木浦木小林停車場線,45205,0,1.3,小林市真方字下ノ馬場,3082,小林市真方字下ノ馬場,2653,5735,1.22,0.67,18.3,18.8,11,50
45302650020,一般国道２６５号,木浦木小林停車場線,奈佐木高岡線,45205,0,10.4,小林市真方字下ノ馬場,3082,小林市真方字下ノ馬場,2653,5735,1.22,0.67,44.7,45.4,11,50
45302650030,一般国道２６５号,奈佐木高岡線,宮崎須木線,45205,0,2.8,小林市須木中原字中河間,67,小林市須木中原字中河間,60,127,1.13,0.01,54.1,51.3,9.6,50
45302650040,一般国道２６５号,宮崎須木線,中河間多良木線,45205,0,3.1,小林市須木中原字中河間,67,小林市須木中原字中河間,60,127,1.13,0.01,46.6,50.3,9.6,50
45302650050,一般国道２６５号,中河間多良木線,槻木田代八重線,45205,0,17.6,小林市須木中原字中河間,67,小林市須木中原字中河間,60,127,1.13,0.07,22.1,31.3,5,50
45302650060,一般国道２６５号,槻木田代八重線,田代八重綾線,45205,0,2.3,小林市須木中原字中河間,67,小林市須木中原字中河間,60,127,1.13,0.07,37.6,37.2,5,50
45302650070,一般国道２６５号,田代八重綾線,小林市・西米良村境,45205,0,1.5,小林市須木中原字中河間,67,小林市須木中原字中河間,60,127,1.13,0.07,31.1,29.6,5,50
45302650080,一般国道２６５号,小林市・西米良村境,一般国道２１９号,45403,0,20.9,西米良大字板谷字鶴瀬,135,西米良大字板谷字鶴瀬,152,287,1.13,0.24,31.1,29.6,5.1,40
45302650100,一般国道２６５号,一般国道２１９号,西米良村・椎葉村境,45403,0,13,児湯郡西米良村大字上米良字猪ノ津久呂,134,児湯郡西米良村大字上米良字猪ノ津久呂,133,267,1.37,0.06,46.5,46.4,11.5,40
45302650110,一般国道２６５号,西米良村・椎葉村境,一般国道３８８号,45430,0,7.4,東臼杵郡椎葉村大字大河内字丸野,75,東臼杵郡椎葉村大字大河内字丸野,66,141,1.25,0.14,34.7,36.1,4.5,40
45302650120,一般国道２６５号,一般国道３８８号,一般国道３８８号,45430,0,4.2,東臼杵郡椎葉村大字大河内字野々首,48,東臼杵郡椎葉村大字大河内字野々首,58,106,1.25,0.1,33.2,36,4.3,40
45302650130,一般国道２６５号,一般国道３８８号,,45430,0,27.2,東臼杵郡椎葉村大字大河内字野々首,48,東臼杵郡椎葉村大字大河内字野々首,58,106,1.25,0.1,33.2,36,4.3,40
45302650140,一般国道２６５号,,上椎葉湯の前線,45430,0,3.2,東臼杵郡椎葉村大字下福良字持田,656,東臼杵郡椎葉村大字下福良字持田,662,1318,1.16,0.23,47,47,10,50
45302650150,一般国道２６５号,上椎葉湯の前線,一般国道３２７号,45430,0,3.3,東臼杵郡椎葉村大字下福良字佐礼,964,東臼杵郡椎葉村大字下福良字佐礼,964,1928,1.18,0.39,51.2,44.6,8.8,50
45302650160,一般国道２６５号,一般国道３２７号,椎葉村・五ヶ瀬町境,45430,0,12.8,東臼杵郡椎葉村大字下福良字椎原,384,東臼杵郡椎葉村大字下福良字椎原,416,800,1.15,0.33,43.8,51.4,8.8,50
45302650170,一般国道２６５号,椎葉村・五ヶ瀬町境,鞍岡赤谷線,45443,0,9.1,西臼杵郡五ヶ瀬町大字鞍岡,729,西臼杵郡五ヶ瀬町大字鞍岡,762,1491,1.17,0.17,55.3,55.3,8.8,40
45302650180,一般国道２６５号,鞍岡赤谷線,一般国道２６５号,45443,0,4.7,西臼杵郡五ヶ瀬町大字鞍岡,894,西臼杵郡五ヶ瀬町大字鞍岡,915,1809,1.12,0.24,56.1,57.9,9.6,50
45302680010,一般国道２６８号,一般国道２６８号,一般国道４４７号,45209,0,2.3,えびの市大字向江字川水流,2696,えびの市大字向江字川水流,2682,5378,1.23,0.51,46,42.9,13,50
45302680020,一般国道２６８号,一般国道４４７号,九州縦貫自動車道鹿児島線宮崎線,45209,0,4.5,えびの市大字島内字須行俊,4505,えびの市大字島内字須行俊,4473,8978,1.24,0.73,42,40.5,13,50
45302680030,一般国道２６８号,九州縦貫自動車道鹿児島線宮崎線,えびの高原小田線,45209,0,0.6,えびの市大字島内字須行俊,4505,えびの市大字島内字須行俊,4473,8978,1.24,0.73,28,29.2,13,50
45302680040,一般国道２６８号,えびの高原小田線,木場吉松えびの線,45209,0,0.6,えびの市大字島内字須行俊,4505,えびの市大字島内字須行俊,4473,8978,1.24,0.73,42.1,48.9,13,50
45302680050,一般国道２６８号,木場吉松えびの線,一般国道２２１号,45209,0,0.2,えびの市大字島内字須行俊,4505,えびの市大字島内字須行俊,4473,8978,1.24,0.73,34.6,26,13,50
45302680065,一般国道２６８号,一般国道２２１号,,45205,0,5,小林市野尻町大字三ヶ野山字城ノ岡,6099,小林市野尻町大字三ヶ野山字城ノ岡,6178,12277,1.21,0.94,21,26.6,11.8,50
45302680070,一般国道２６８号,,,45205,0,3.6,小林市野尻町大字三ヶ野山字城ノ岡,6099,小林市野尻町大字三ヶ野山字城ノ岡,6178,12277,1.21,0.94,36.5,47.6,11.8,50
45302680080,一般国道２６８号,,高原野尻線,45205,0,2.3,小林市野尻町東麓字大塚,5721,小林市野尻町東麓字大塚,5819,11540,1.21,1.02,45.8,46.5,11.8,50
45302680090,一般国道２６８号,高原野尻線,都城野尻線,45205,0,1.4,小林市野尻町東麓字大塚,5721,小林市野尻町東麓字大塚,5819,11540,1.21,1.02,32,32.4,11.8,50
45302680100,一般国道２６８号,都城野尻線,小林市・宮崎市境,45205,0,10.7,小林市野尻町東麓字天ヶ谷,5727,小林市野尻町東麓字天ヶ谷,5683,11410,1.25,1.05,53.1,54,10,50
45302680110,一般国道２６８号,小林市・宮崎市境,奈佐木高岡線,45201,0,0.1,小林市野尻町東麓字天ヶ谷,5727,小林市野尻町東麓字天ヶ谷,5683,11410,1.25,1.09,63.9,59.5,9.6,50
45302680115,一般国道２６８号,奈佐木高岡線,田ノ平綾線,45201,0,1.2,宮崎市高岡町浦之名字大平岩,5029,宮崎市高岡町浦之名字大平岩,5153,10182,1.2,1.09,60,60.3,9.6,50
45302680120,一般国道２６８号,田ノ平綾線,一般国道１０号,45201,0,5.2,宮崎市高岡町浦之名字大平岩,5029,宮崎市高岡町浦之名字大平岩,5153,10182,1.2,0.91,55.7,53.1,10.2,50
45302690010,一般国道２６９号,一般国道２６９号,（旧）都城東環状線,45202,0,2.2,都城市今町,5723,都城市今町,5643,11366,1.25,0.78,40.2,39.7,18,40
45302690020,一般国道２６９号,（旧）都城東環状線,（旧）都城東環状線,45202,0,0.7,都城市今町,5723,都城市今町,5643,11366,1.25,0.78,33.3,34.2,18,40
45302690025,一般国道２６９号,（旧）都城東環状線,都城東環状線,45202,0,0.1,都城市今町,5723,都城市今町,5643,11366,1.25,0.78,25.6,19.8,18,40
45302690030,一般国道２６９号,都城東環状線,一般国道１０号,45202,0,2.2,都城市今町,5723,都城市今町,5643,11366,1.25,0.78,35.6,39,18,40
45302690050,一般国道２６９号,一般国道１０号,都城停車場線,45202,0,0.5,都城市栄町,9181,都城市栄町,8192,17373,1.25,1.65,12.3,18.6,13.8,40
45302690054,一般国道２６９号,都城停車場線,,45202,0,0.3,都城市栄町,9181,都城市栄町,8192,17373,1.25,1.65,16.9,13.8,13.8,40
45302690057,一般国道２６９号,,,45202,0,0.6,都城市郡元町,6134,都城市郡元町,5293,11427,1.27,0.98,15.9,14.2,13.8,40
45302690060,一般国道２６９号,,,45202,0,0.3,都城市郡元町,6134,都城市郡元町,5293,11427,1.27,0.98,19.1,12.5,13.8,40
45302690065,一般国道２６９号,,,45202,0,1.2,都城市郡元町,6134,都城市郡元町,5293,11427,1.27,0.89,18.4,26.3,12.5,40
45302690070,一般国道２６９号,,都城東環状線,45202,0,1.4,都城市郡元町,6134,都城市郡元町,5293,11427,1.27,0.89,17.2,24,12.5,40
45302690080,一般国道２６９号,都城東環状線,都城市・三股町境,45202,0,0.3,北諸県郡三股町蓼池,5389,北諸県郡三股町蓼池,5001,10390,1.24,0.85,17.3,30.2,12.5,40
45302690090,一般国道２６９号,都城市・三股町境,都城東環状線,45341,0,0.9,北諸県郡三股町蓼池,5389,北諸県郡三股町蓼池,5001,10390,1.24,0.9,29.7,31.5,8.8,40
45302690100,一般国道２６９号,都城東環状線,三股町・都城市境,45341,0,1.7,北諸県郡三股町蓼池,5389,北諸県郡三股町蓼池,5001,10390,1.24,0.9,38.3,35.8,8.8,40
45302690110,一般国道２６９号,三股町・都城市境,,45202,0,0.7,北諸県郡三股町蓼池,5389,北諸県郡三股町蓼池,5001,10390,1.24,0.84,50.7,48.6,13.4,40
45302690120,一般国道２６９号,,三股高城線,45202,0,2.1,都城市山之口町字向原,4129,都城市山之口町字向原,4257,8386,1.24,0.75,41.2,38,13.4,40
45302690130,一般国道２６９号,三股高城線,有水山之口停車場線,45202,0,0.4,都城市山之口町字向原,4129,都城市山之口町字向原,4257,8386,1.24,0.75,14.3,23.4,13.4,40
45302690140,一般国道２６９号,有水山之口停車場線,三股高城線,45202,0,0.3,都城市山之口町字向原,4129,都城市山之口町字向原,4257,8386,1.24,0.75,29.6,30.8,13.4,40
45302690150,一般国道２６９号,三股高城線,有水山之口停車場線,45202,0,1.1,都城市山之口町字向原,4129,都城市山之口町字向原,4257,8386,1.24,0.75,37.5,38.8,13.4,40
45302690160,一般国道２６９号,有水山之口停車場線,有水山之口停車場線,45202,0,0.8,都城市山之口町山之口日当瀬,5396,都城市山之口町山之口日当瀬,5398,10794,1.25,0.97,39.9,34.8,10.3,50
45302690170,一般国道２６９号,有水山之口停車場線,青井岳停車場線,45202,0,8.6,都城市山之口町山之口日当瀬,5396,都城市山之口町山之口日当瀬,5398,10794,1.25,0.97,48.9,52.6,10.3,50
45302690180,一般国道２６９号,青井岳停車場線,都城市・宮崎市境,45202,0,1,都城市山之口町山之口日当瀬,5396,都城市山之口町山之口日当瀬,5398,10794,1.25,0.97,54.4,51.7,10.3,50
45302690190,一般国道２６９号,都城市・宮崎市境,,45201,0,6.1,宮崎市田野町あけぼの２丁目,5153,宮崎市田野町あけぼの２丁目,5087,10240,1.23,1.02,51,49.1,10,50
45302690200,一般国道２６９号,,日南高岡線,45201,0,2.2,宮崎市田野町あけぼの２丁目,5439,宮崎市田野町あけぼの２丁目,5730,11169,1.25,0.84,39.5,31.8,15,40
45302690210,一般国道２６９号,日南高岡線,鰐塚山田野停車場線,45201,0,0.1,宮崎市田野町甲,6064,宮崎市田野町甲,6604,12668,1.25,0.91,19.2,24.1,13,50
45302690215,一般国道２６９号,鰐塚山田野停車場線,清武南インター線,45201,0,5.1,宮崎市田野町甲,6064,宮崎市田野町甲,6604,12668,1.25,0.91,38.1,40.3,13,50
45302690220,一般国道２６９号,清武南インター線,大久保木崎線,45201,0,2.3,宮崎市清武町今泉甲,7860,宮崎市清武町今泉甲,8123,15983,1.26,1.16,40.4,33.6,13,50
45302690230,一般国道２６９号,大久保木崎線,高岡郡司分線,45201,0,1.6,宮崎市清武町今泉甲,7860,宮崎市清武町今泉甲,8123,15983,1.26,1.07,37,20.5,12.5,50
45302690240,一般国道２６９号,高岡郡司分線,高岡郡司分線,45201,0,0.3,宮崎市清武町今泉甲,7860,宮崎市清武町今泉甲,8123,15983,1.26,1.27,24.1,7.1,10.5,40
45302690250,一般国道２６９号,高岡郡司分線,一般国道２６９号,45201,0,1.3,宮崎市清武町今泉甲,7860,宮崎市清武町今泉甲,8123,15983,1.26,1.27,21.4,22.1,10.5,40
45302690325,一般国道２６９号,一般国道２６９号,,45201,0,0.2,宮崎市古城町,10524,宮崎市古城町,10045,20569,1.25,0.75,8.9,34.2,25,50
45302690330,一般国道２６９号,,宮崎西環状線,45201,0,3.1,宮崎市古城町,10524,宮崎市古城町,10045,20569,1.25,0.75,26.6,36.5,25,50
45302690335,一般国道２６９号,宮崎西環状線,,45201,0,0.6,宮崎市花山手東１丁目,14080,宮崎市花山手東１丁目,14724,28804,1.29,1.01,22.1,20.4,26,50
45302690340,一般国道２６９号,,南俣宮崎線,45201,0,0.5,宮崎市花山手東１丁目,14080,宮崎市花山手東１丁目,14724,28804,1.29,1.01,13.3,25.8,26,50
45302690350,一般国道２６９号,南俣宮崎線,宮崎須木線,45201,0,0.9,宮崎市鶴島２丁目,13763,宮崎市鶴島２丁目,12989,26752,1.29,1.21,40.8,17.4,25,50
45302690360,一般国道２６９号,宮崎須木線,一般国道１０号,45201,0,0.7,宮崎市北高松町,7843,宮崎市北高松町,9798,17641,1.26,0.69,22.8,13.6,25,50
45303250010,一般国道３２５号,一般国道３２５号,一般国道３２５号,45441,0,0.2,西臼杵郡高千穂町大字河内字西ヶ河内,1177,西臼杵郡高千穂町大字河内字西ヶ河内,1291,2468,1.21,0.37,53.7,52.6,11,50
45303250030,一般国道３２５号,一般国道３２５号,竹田五ケ瀬線,45441,0,0.1,西臼杵郡高千穂町大字河内字西ヶ河内,1177,西臼杵郡高千穂町大字河内字西ヶ河内,1291,2468,1.21,0.22,51.3,50.7,10.7,50
45303250035,一般国道３２５号,竹田五ケ瀬線,竹田五ケ瀬線,45441,0,1,西臼杵郡高千穂町大字河内字西ヶ河内,1177,西臼杵郡高千穂町大字河内字西ヶ河内,1291,2468,1.21,0.22,62.7,60,10.7,50
45303250080,一般国道３２５号,竹田五ケ瀬線,（旧）一般国道３２５号,45441,0,1.3,西臼杵郡高千穂町大字上野字町之平,2457,西臼杵郡高千穂町大字上野字町之平,2455,4912,1.15,0.62,62.4,55.1,11,50
45303250050,一般国道３２５号,（旧）一般国道３２５号,下野鹿狩戸線,45441,0,7.5,西臼杵郡高千穂町大字上野字町之平,2457,西臼杵郡高千穂町大字上野字町之平,2455,4912,1.15,0.62,53.5,52,11,50
45303250060,一般国道３２５号,下野鹿狩戸線,一般国道２１８号,45441,0,3.9,西臼杵郡高千穂町大字上野字町之平,2457,西臼杵郡高千穂町大字上野字町之平,2455,4912,1.15,0.64,45.4,45.7,12,50
45303260010,一般国道３２６号,一般国道１０号,一般国道３２６号,45203,0,14.4,延岡市北川町大字川内名字松尾山,1154,延岡市北川町大字川内名字松尾山,1223,2377,1.2,0.44,60.7,62.2,12,50
45303270010,一般国道３２７号,一般国道１０号,土々呂日向線,45206,0,0.6,日向市大字塩見字坂ノ下,5560,日向市大字塩見字坂ノ下,5590,11150,1.16,1.08,12.8,20.1,12.5,50
45303270020,一般国道３２７号,土々呂日向線,中野原美々津線,45206,0,7.7,日向市大字塩見字坂ノ下,5560,日向市大字塩見字坂ノ下,5590,11150,1.16,1.08,36.6,37.9,12.5,50
45303270030,一般国道３２７号,中野原美々津線,一般国道４４６号,45206,0,5.1,日向市東郷町山陰字又江野,5569,日向市東郷町山陰字又江野,5485,11054,1.3,1.11,42.9,40.3,12,40
45303270040,一般国道３２７号,一般国道４４６号,八重原延岡線,45206,0,2.2,東臼杵郡美郷町西郷大字田代字小川吐,2184,東臼杵郡美郷町西郷大字田代字小川吐,2426,4610,1.22,0.63,53.8,54.1,8.5,50
45303270050,一般国道３２７号,八重原延岡線,日向市・美郷町境,45206,0,3.9,東臼杵郡美郷町西郷大字田代字小川吐,2184,東臼杵郡美郷町西郷大字田代字小川吐,2426,4610,1.22,0.63,60.6,59.7,8.5,50
45303270060,一般国道３２７号,日向市・美郷町境,一般国道３８８号,45431,0,6.9,東臼杵郡美郷町西郷大字田代字小川吐,2184,東臼杵郡美郷町西郷大字田代字小川吐,2426,4610,1.22,0.59,56.7,55.4,12,50
45303270070,一般国道３２７号,一般国道３８８号,一般国道３８８号,45431,0,1.4,東臼杵郡美郷町西郷大字田代字小川吐,2184,東臼杵郡美郷町西郷大字田代字小川吐,2426,4610,1.22,0.59,54.6,48.8,12,50
45303270080,一般国道３２７号,一般国道３８８号,美郷町・諸塚村境,45431,0,11.3,東臼杵郡美郷町西郷小原,1087,東臼杵郡美郷町西郷小原,1305,2392,1.2,0.33,61.6,60.9,12,50
45303270090,一般国道３２７号,美郷町・諸塚村境,諸塚村・美郷町境,45429,0,4.8,東臼杵郡諸塚村大字家代字梅ノ木,1236,東臼杵郡諸塚村大字家代字梅ノ木,1164,2400,1.2,0.39,55.1,55.2,10.5,40
45303270100,一般国道３２７号,諸塚村・美郷町境,美郷町・諸塚村境,45431,0,0.8,東臼杵郡諸塚村大字家代字梅ノ木,1236,東臼杵郡諸塚村大字家代字梅ノ木,1164,2400,1.2,0.39,58.5,57.6,8.7,40
45303270110,一般国道３２７号,美郷町・諸塚村境,諸塚高千穂線,45429,0,2.4,東臼杵郡諸塚村大字家代字梅ノ木,1236,東臼杵郡諸塚村大字家代字梅ノ木,1164,2400,1.2,0.39,51.2,46.3,8.5,40
45303270120,一般国道３２７号,諸塚高千穂線,一般国道５０３号,45429,0,0.9,東臼杵郡椎葉村大字松尾字下屋敷,711,東臼杵郡椎葉村大字松尾字下屋敷,672,1383,1.16,0.08,34.1,38.2,8.5,40
45303270130,一般国道３２７号,一般国道５０３号,諸塚村・椎葉村境,45429,0,5.4,東臼杵郡椎葉村大字松尾字下屋敷,711,東臼杵郡椎葉村大字松尾字下屋敷,672,1383,1.16,0.08,62.3,54.1,8.5,40
45303270140,一般国道３２７号,諸塚村・椎葉村境,,45430,0,12,東臼杵郡椎葉村大字松尾字下屋敷,711,東臼杵郡椎葉村大字松尾字下屋敷,672,1383,1.16,0.08,31.6,32.1,8.5,40
45303270150,一般国道３２７号,,一般国道２６５号,45430,0,0.1,東臼杵郡椎葉村大字松尾字下屋敷,711,東臼杵郡椎葉村大字松尾字下屋敷,672,1383,1.16,0.08,46.4,46.4,8.5,40
45303270220,一般国道３２７号,一般国道１０号,土々呂日向線,45206,0,0.7,,,,,,,,17.5,21.3,23,50
45303270190,一般国道３２７号,土々呂日向線,一般国道３２７号（日向IC）,45206,0,0.2,,,,,,,,16.4,18.5,23,50
45303270310,一般国道３２７号,一般国道３２７号（日向IC）,,45206,0,0.6,,,,,,,,8.4,40,23,50
45303880010,一般国道３８８号,一般国道３８８号,北川北浦線,45203,0,8.1,延岡市北浦町,322,延岡市北浦町,313,635,1.11,0.09,44.9,44.2,11,50
45303880015,一般国道３８８号,北川北浦線,東九州自動車道,45203,0,7.8,延岡市北浦町,471,延岡市北浦町,442,913,1.17,0.1,58,63.9,10.8,50
45303880020,一般国道３８８号,東九州自動車道,古江丸市尾線,45203,0,0.4,延岡市北浦町,471,延岡市北浦町,442,913,1.17,0.1,27.7,22,10.8,50
45303880030,一般国道３８８号,古江丸市尾線,,45203,0,5.2,延岡市須美江町,1250,延岡市須美江町,1272,2522,1.2,0.19,56.2,58.6,10.8,50
45303880040,一般国道３８８号,,旧日豊海岸北川線,45203,0,2.7,延岡市須美江町,1250,延岡市須美江町,1272,2522,1.2,0.19,57.7,61.9,10.8,50
45303880050,一般国道３８８号,旧日豊海岸北川線,,45203,0,3.2,延岡市須美江町,1250,延岡市須美江町,1272,2522,1.2,0.29,57.9,57,10.8,40
45303880060,一般国道３８８号,,浦城東海線,45203,0,0.4,延岡市川島町,3195,延岡市川島町,3057,6252,1.16,0.72,44.7,47.9,10.8,40
45303880070,一般国道３８８号,浦城東海線,浦城東海線,45203,0,6.2,延岡市川島町,3195,延岡市川島町,3057,6252,1.16,0.72,51.8,52.1,10.8,40
45303880080,一般国道３８８号,浦城東海線,一般国道１０号,45203,0,2.4,延岡市川島町,3195,延岡市川島町,3057,6252,1.16,0.58,36.3,32.2,16,40
45303880100,一般国道３８８号,一般国道１０号,土々呂日向線,45421,0,0.1,東臼杵郡門川町大字門川尾末,792,東臼杵郡門川町大字門川尾末,768,1560,1.19,0.28,6.8,12,13.1,50
45303880110,一般国道３８８号,土々呂日向線,八重原延岡線,45421,0,9.4,東臼杵郡門川町大字門川尾末,792,東臼杵郡門川町大字門川尾末,768,1560,1.19,0.28,47.6,45.9,13.1,50
45303880120,一般国道３８８号,八重原延岡線,門川町・美郷町境,45421,0,9.1,東臼杵郡門川町大字門川尾末,792,東臼杵郡門川町大字門川尾末,768,1560,1.19,0.28,60.3,60.3,13.1,50
45303880130,一般国道３８８号,門川町・美郷町境,北方北郷線,45431,0,2,東臼杵郡門川町大字門川尾末,792,東臼杵郡門川町大字門川尾末,768,1560,1.19,1.43,44.9,42.7,5.7,40
45303880140,一般国道３８８号,北方北郷線,宇納間日之影線,45431,0,12.3,美郷町北郷入下字屋敷水流,542,美郷町北郷入下字屋敷水流,515,1057,1.16,0.24,48.4,49.2,11.2,40
45303880150,一般国道３８８号,宇納間日之影線,一般国道３２７号,45431,0,5.9,美郷町北郷入下字屋敷水流,542,美郷町北郷入下字屋敷水流,515,1057,1.16,0.24,54.3,54.8,11.2,40
45303880170,一般国道３８８号,一般国道３２７号,一般国道４４６号,45431,0,15.7,東臼杵郡美郷町西郷田代,546,東臼杵郡美郷町西郷田代,551,1097,1.15,0.24,45.6,46.6,8,50
45303880180,一般国道３８８号,一般国道４４６号,西都南郷線,45431,0,5,東臼杵郡美郷町南郷大字神門字下名木,927,東臼杵郡美郷町南郷大字神門字下名木,920,1847,1.18,0.2,47.8,49.6,11.1,50
45303880190,一般国道３８８号,西都南郷線,美郷町・椎葉村境,45431,0,12,東臼杵郡美郷町南郷大字鬼神野字小村,437,東臼杵郡美郷町南郷大字鬼神野字小村,406,843,1.16,0.07,54.2,34.3,10.5,40
45303880200,一般国道３８８号,美郷町・椎葉村境,一般国道２６５号,45430,0,24.8,東臼杵郡美郷町南郷大字鬼神野字小村,437,東臼杵郡美郷町南郷大字鬼神野字小村,406,843,1.16,0.89,34.3,34.3,4.1,40
45303880220,一般国道３８８号,一般国道２６５号,一般国道３８８号,45430,0,4.4,東臼杵郡椎葉村大字大河内字矢立,99,東臼杵郡椎葉村大字大河内字矢立,99,198,1.34,0.06,30.5,28.3,5,40
45303880260,一般国道３８８号,,,45431,0,4.8,,,,,,,,71.9,65.1,5.8,40
45304460010,一般国道４４６号,一般国道３２７号,東郷西都線,45206,0,15.4,日向市東郷町大字山陰,1754,日向市東郷町大字山陰,1729,3483,1.13,0.65,55.2,54.3,8,50
45304460020,一般国道４４６号,東郷西都線,日向市・美郷町境,45206,0,3.6,日向市東郷町下三ケ,611,日向市東郷町下三ケ,578,1189,1.16,0.23,59.2,56.4,10,50
45304460030,一般国道４４６号,日向市・美郷町境,一般国道３８８号,45431,0,1.8,日向市東郷町下三ケ,611,日向市東郷町下三ケ,578,1189,1.16,0.22,63.3,62.1,11,50
45304470010,一般国道４４７号,一般国道２６８号,木場吉松えびの線,45209,0,1.1,えびの市大字向江字岩次,791,えびの市大字向江字岩次,813,1604,1.16,0.24,25.1,32.3,16.3,40
45304470020,一般国道４４７号,木場吉松えびの線,木場吉松えびの線,45209,0,0.8,えびの市大字向江字岩次,791,えびの市大字向江字岩次,813,1604,1.16,0.24,38.2,37.9,16.3,40
45304470030,一般国道４４７号,木場吉松えびの線,一般国道４４７号,45209,0,4.1,えびの市大字内竪字梅木,269,えびの市大字内竪字梅木,252,521,1.19,0.42,49.2,52.7,5.6,40
45304470050,一般国道４４７号,一般国道４４７号,一般国道４４７号,45209,0,5.8,えびの市大字内竪字堂山,26,えびの市大字内竪字堂山,22,48,1.09,0.03,27.9,29,5.6,40
45304480010,一般国道４４８号,一般国道２２０号,高畑山本城線,45207,0,6.2,串間市大字本城字門田,1614,串間市大字本城字門田,1683,3297,1.12,0.36,39.1,42.5,9.8,40
45304480020,一般国道４４８号,高畑山本城線,都井西方線,45207,0,6,串間市大字本城字門田,1614,串間市大字本城字門田,1683,3297,1.12,0.36,40.1,42.5,9.8,40
45304480030,一般国道４４８号,都井西方線,都井岬線,45207,0,2.8,串間市大字都井字宮ノ前,519,串間市大字都井字宮ノ前,506,1025,1.15,0.12,28.2,24.7,8,40
45304480040,一般国道４４８号,都井岬線,（旧）一般国道４４８号,45207,0,2.1,串間市大字大納字恋ヶ浦,196,串間市大字大納字恋ヶ浦,205,401,1.23,0.08,39.9,39.7,8.6,40
45304480050,一般国道４４８号,（旧）一般国道４４８号,（旧）一般国道４４８号,45207,0,1,串間市大字大納字恋ヶ浦,196,串間市大字大納字恋ヶ浦,205,401,1.23,0.08,39.9,39.7,8.6,40
45304480060,一般国道４４８号,（旧）一般国道４４８号,（旧）一般国道４４８号,45207,0,1.8,串間市大字大納字恋ヶ浦,196,串間市大字大納字恋ヶ浦,205,401,1.23,0.08,39.9,39.7,8.6,40
45304480070,一般国道４４８号,（旧）一般国道４４８号,（旧）一般国道４４８号,45207,0,0.8,串間市大字大納字恋ヶ浦,196,串間市大字大納字恋ヶ浦,205,401,1.23,0.08,39.9,39.7,8.6,40
45304480080,一般国道４４８号,（旧）一般国道４４８号,市木串間線,45207,0,5.8,串間市大字大納字恋ヶ浦,196,串間市大字大納字恋ヶ浦,205,401,1.23,0.08,39.9,39.7,8.6,40
45304480090,一般国道４４８号,市木串間線,串間市・日南市境,45207,0,6.2,串間市大字市木字井ノ尻,428,串間市大字市木字井ノ尻,427,855,1.25,0.3,39.9,40.5,7.1,40
45304480100,一般国道４４８号,串間市・日南市境,,45204,0,0,串間市大字市木字井ノ尻,428,串間市大字市木字井ノ尻,427,855,1.25,0.21,39.9,30.2,8,40
45304480110,一般国道４４８号,,市木南郷線,45204,0,2.4,日南市南郷町潟上字地浦,1488,日南市南郷町潟上字地浦,1471,2959,1.1,0.27,39.9,30.2,8,40
45304480120,一般国道４４８号,市木南郷線,一般国道２２０号,45204,0,4.3,日南市南郷町潟上字地浦,1488,日南市南郷町潟上字地浦,1471,2959,1.1,0.27,37.6,37.7,8,40
45305030010,一般国道５０３号,一般国道２１８号,五ヶ瀬町・諸塚村境,45443,0,13.2,西臼杵郡五ヶ瀬町大字三ヶ所字中登道下,708,西臼杵郡五ヶ瀬町大字三ヶ所字中登道下,697,1405,1.18,0.21,40.5,39,7.7,40
45305030020,一般国道５０３号,五ヶ瀬町・諸塚村境,一般国道３２７号,45429,0,23.1,東臼杵郡諸塚村大字家代字日陰,377,東臼杵郡諸塚村大字家代字日陰,356,733,1.15,0.07,37,35.3,7,60
45400010010,小林えびの高原牧園線,一般国道２２１号,京町小林線,45205,0,1,小林市細野字後川内,4346,小林市細野字後川内,4588,8934,1.24,0.69,21.2,24.7,12,40
45400010020,小林えびの高原牧園線,京町小林線,九州縦貫自動車道宮崎線,45205,0,2.9,小林市細野字後川内,4346,小林市細野字後川内,4588,8934,1.24,0.63,50.1,46.8,9.8,40
45400010030,小林えびの高原牧園線,九州縦貫自動車道宮崎線,生駒高原北西方線,45205,0,6,小林市細野字後川内,4346,小林市細野字後川内,4588,8934,1.24,0.63,38.7,46.8,11.5,40
45400010040,小林えびの高原牧園線,生駒高原北西方線,小林市・えびの市境,45205,0,2.5,小林市細野字後川内,4346,小林市細野字後川内,4588,8934,1.24,0.65,35.1,47.6,7,40
45400010050,小林えびの高原牧園線,小林市・えびの市境,えびの市・小林市境,45209,0,0.4,小林市細野字後川内,4346,小林市細野字後川内,4588,8934,1.24,0.7,34.7,34.7,7.6,40
45400010060,小林えびの高原牧園線,えびの市・小林市境,小林市・えびの市境,45205,0,0.1,小林市細野字後川内,4346,小林市細野字後川内,4588,8934,1.24,0.65,34.7,34.7,7,40
45400010070,小林えびの高原牧園線,小林市・えびの市境,えびの市・小林市境,45209,0,0.1,小林市細野字後川内,4346,小林市細野字後川内,4588,8934,1.24,0.7,31.3,31.3,7.6,40
45400010080,小林えびの高原牧園線,えびの市・小林市境,小林市・えびの市境,45205,0,0.3,小林市細野字後川内,4346,小林市細野字後川内,4588,8934,1.24,0.65,43,43,7,40
45400010090,小林えびの高原牧園線,小林市・えびの市境,えびの市・小林市境,45209,0,0.4,小林市細野字後川内,4346,小林市細野字後川内,4588,8934,1.24,0.7,42.8,42.8,7.6,40
45400010100,小林えびの高原牧園線,えびの市・小林市境,小林市・えびの市境,45205,0,0.1,小林市細野字後川内,4346,小林市細野字後川内,4588,8934,1.24,0.65,30.3,30.3,7,40
45400010110,小林えびの高原牧園線,小林市・えびの市境,えびの市・小林市境,45209,0,2.5,小林市細野字後川内,4346,小林市細野字後川内,4588,8934,1.24,0.7,40,40,7.6,40
45400010120,小林えびの高原牧園線,えびの市・小林市境,小林市・えびの市境,45205,0,1.1,小林市細野字後川内,4346,小林市細野字後川内,4588,8934,1.24,0.65,35.4,35.4,7,40
45400010130,小林えびの高原牧園線,小林市・えびの市境,えびの高原小田線,45209,0,6.4,小林市細野字後川内,4346,小林市細野字後川内,4588,8934,1.24,0.7,65.9,44.1,7.6,40
45400010140,小林えびの高原牧園線,えびの高原小田線,小林えびの高原牧園線,45209,0,0.4,小林市細野字後川内,4346,小林市細野字後川内,4588,8934,1.24,0.7,38.5,39.2,7.6,40
45400020010,都城隼人線,都城霧島公園線,一般国道１０号ＢＰ（都城道路）,45202,0,2.3,都城市五十町,5310,都城市五十町,5435,10745,1.23,0.82,20.9,23.2,18,40
45400020020,都城隼人線,一般国道１０号ＢＰ（都城道路）,都城隼人線,45202,0,0.7,都城市平塚町,5388,都城市平塚町,4697,10085,1.24,0.98,27.9,30.4,10.7,50
45400030010,日南志布志線,一般国道２２２号,日南南郷線,45204,0,1.4,日南市大字西弁分字小高原,890,日南市大字西弁分字小高原,815,1705,1.16,0.22,22.8,22.8,16,50
45400030020,日南志布志線,日南南郷線,酒谷榎原線,45204,0,6.3,日南市大字西弁分字小高原,890,日南市大字西弁分字小高原,815,1705,1.16,0.18,53.2,51.9,7.8,40
45400030025,日南志布志線,酒谷榎原線,（旧）日南志布志線,45204,0,1.6,日南市大字西弁分字小高原,890,日南市大字西弁分字小高原,815,1705,1.16,0.18,52.6,46.7,7.8,40
45400030120,日南志布志線,,（旧）日南志布志線,45204,0,0.5,日南市大字西弁分字小高原,890,日南市大字西弁分字小高原,815,1705,1.16,0.18,59.1,55.7,7.8,40
45400540025,日南志布志線,酒谷榎原線,（旧）日南志布志線,45204,0,0.3,日南市大字西弁分字小高原,890,日南市大字西弁分字小高原,815,1705,1.16,0.17,54.3,58.4,11.7,40
45400030040,日南志布志線,（旧）日南志布志線,日南市・串間市境,45204,0,3.9,日南市大字大窪字横当,428,日南市大字大窪字横当,368,796,1.15,0.09,55.9,45.7,11.7,40
45400030050,日南志布志線,日南市・串間市境,都城串間線,45207,0,7,日南市大字大窪字横当,428,日南市大字大窪字横当,368,796,1.15,0.09,55.6,54.3,10,40
45400030060,日南志布志線,都城串間線,都城串間線,45207,0,0.6,日南市大字大窪字横当,428,日南市大字大窪字横当,368,796,1.15,0.09,39.6,45.9,10,40
45400030070,日南志布志線,都城串間線,一氏西方線,45207,0,0.6,日南市大字大窪字横当,428,日南市大字大窪字横当,368,796,1.15,0.09,47.1,45.7,10,40
45400030080,日南志布志線,一氏西方線,日南志布志線,45207,0,3.4,日南市大字大窪字横当,428,日南市大字大窪字横当,368,796,1.15,0.09,50.7,45.7,10,40
45400060010,日之影宇目線,北方高千穂線,日之影宇目線,45442,0,29.3,西臼杵郡日之影町大字七折字田下,155,西臼杵郡日之影町大字七折字田下,150,305,1.27,0.36,34.4,33,4.1,30
45400070010,緒方高千穂線,緒方高千穂線,下野鹿狩戸線,45441,0,15.1,西臼杵郡高千穂町大字岩戸字崎野,473,西臼杵郡高千穂町大字岩戸字崎野,455,928,1.15,0.44,32.3,33.6,5,40
45400070020,緒方高千穂線,下野鹿狩戸線,下野鹿狩戸線,45441,0,0.8,西臼杵郡高千穂町大字岩戸字崎野,473,西臼杵郡高千穂町大字岩戸字崎野,455,928,1.15,0.07,32.3,33.6,11,40
45400070030,緒方高千穂線,下野鹿狩戸線,一般国道２１８号,45441,0,5.3,西臼杵郡高千穂町大字三田井字松ノ原,1932,西臼杵郡高千穂町大字三田井字松ノ原,1910,3842,1.22,0.51,37.3,40.2,11,40
45400080010,竹田五ケ瀬線,竹田五ヶ瀬線,（旧）一般国道３２５号,45441,0,7.5,西臼杵郡高千穂町大字五ヶ所字神原,266,西臼杵郡高千穂町大字五ヶ所字神原,224,490,1.2,0.11,38.8,45,7.8,40
45303250040,竹田五ケ瀬線,一般国道３２５号,（旧）一般国道３２５号,45441,0,0.6,西臼杵郡高千穂町大字五ヶ所字神原,266,西臼杵郡高千穂町大字五ヶ所字神原,224,490,1.2,0.11,24.8,39.4,7.8,40
45400080030,竹田五ケ瀬線,一般国道３２５号,河内矢部線,45441,0,3.4,西臼杵郡高千穂町大字河内字長谷,209,西臼杵郡高千穂町大字河内字長谷,202,411,1.27,0.47,28.6,27.9,3.3,40
45400080040,竹田五ケ瀬線,河内矢部線,高千穂町・五ヶ瀬町境,45441,0,0.7,西臼杵郡高千穂町大字河内字長谷,209,西臼杵郡高千穂町大字河内字長谷,202,411,1.27,0.47,28.6,27.9,3.3,40
45400080050,竹田五ケ瀬線,高千穂町・五ヶ瀬町境,土生高千穂線,45443,0,3.3,西臼杵郡高千穂町大字河内字長谷,209,西臼杵郡高千穂町大字河内字長谷,202,411,1.27,0.07,28.6,27.9,5.6,40
45400080060,竹田五ケ瀬線,土生高千穂線,鞍岡赤谷線,45443,0,10.9,西臼杵郡五ケ瀬町大字桑野内字上野原,482,西臼杵郡五ケ瀬町大字桑野内字上野原,486,968,1.13,0.17,42.3,41.6,10.5,40
45400080070,竹田五ケ瀬線,鞍岡赤谷線,一般国道２１８号,45443,0,0.1,西臼杵郡五ケ瀬町大字桑野内字上野原,482,西臼杵郡五ケ瀬町大字桑野内字上野原,486,968,1.13,0.17,42.3,21.2,10.5,40
45400080090,竹田五ケ瀬線,,,45443,0,0.2,,,,,,,,37.1,45.9,6,40
45400090010,宮崎西環状線,,一般国道１０号,45201,0,0.2,宮崎市芳士,6368,宮崎市芳士,6300,12668,1.25,1.14,11.6,17.5,10.2,50
45400090020,宮崎西環状線,一般国道１０号,宮崎高鍋線,45201,0,2.1,宮崎市芳士,6368,宮崎市芳士,6300,12668,1.25,1.14,38.6,34.3,10.2,50
45400090030,宮崎西環状線,宮崎高鍋線,宮崎須木線,45201,0,2,宮崎市瓜生野,9712,宮崎市瓜生野,9789,19501,1.24,0.86,21.4,26,25,50
45400090140,宮崎西環状線,宮崎須木線,（旧）宮崎西環状線,45201,0,1.7,宮崎市大字跡江小園,6490,宮崎市大字跡江小園,6397,12887,1.24,0.46,30.1,46.9,25.5,60
45400090050,宮崎西環状線,（旧）宮崎西環状線,南俣宮崎線,45201,0,0.6,宮崎市大字跡江小園,6490,宮崎市大字跡江小園,6397,12887,1.24,0.46,50.1,54.9,25.5,60
45400090060,宮崎西環状線,南俣宮崎線,生目浮田線,45201,0,1.8,宮崎市跡江,9461,宮崎市跡江,9982,19443,1.26,1.26,38.7,36,25.5,60
45400090070,宮崎西環状線,生目浮田線,一般国道１０号,45201,0,0.1,宮崎市跡江,9461,宮崎市跡江,9982,19443,1.26,1.26,17.6,11.4,25.5,60
45400090080,宮崎西環状線,一般国道１０号,細江浮田線,45201,0,0.6,宮崎市大字生目,7746,宮崎市大字生目,8068,15814,1.25,0.66,15.5,30.9,25,60
45400090090,宮崎西環状線,細江浮田線,宮崎田野線,45201,0,3.9,宮崎市大字生目,7746,宮崎市大字生目,8068,15814,1.25,0.66,40.4,43.6,25,60
45400090100,宮崎西環状線,宮崎田野線,,45201,0,0.4,宮崎市大坪町倉ノ町,5857,宮崎市大坪町倉ノ町,6347,12204,1.25,1.1,17.6,13,16,50
45400090110,宮崎西環状線,,一般国道２６９号,45201,0,0.9,宮崎市大坪町倉ノ町,5857,宮崎市大坪町倉ノ町,6347,12204,1.25,1.1,19.7,19.8,16,50
45400090120,宮崎西環状線,一般国道２６９号,一般国道２２０号,45201,0,1,宮崎市大坪東三丁目,7819,宮崎市大坪東三丁目,6796,14615,1.26,1.19,17.5,13.8,16,40
45400100010,宮崎インター佐土原線,九州縦貫自動車道宮崎線,城ケ崎清武線,45201,0,1.3,宮崎市赤江,5617,宮崎市赤江,6241,11858,1.24,0.74,68.9,69.3,13.7,60
45400100020,宮崎インター佐土原線,城ケ崎清武線,中村木崎線,45201,0,0.2,宮崎市赤江,5617,宮崎市赤江,6241,11858,1.24,0.74,59.3,62.4,13.7,60
45400100030,宮崎インター佐土原線,中村木崎線,古城赤江線,45201,0,1.4,宮崎市赤江,5617,宮崎市赤江,6241,11858,1.24,0.74,54,53.2,13.7,60
45400100040,宮崎インター佐土原線,古城赤江線,,45201,0,2.2,宮崎市赤江,5617,宮崎市赤江,6241,11858,1.24,0.74,53.9,53,13.7,60
45400100050,宮崎インター佐土原線,,宮崎島之内線,45201,0,0.6,宮崎市田代町,7302,宮崎市田代町,7674,14976,1.25,0.73,25.5,18.6,23.5,60
45400100060,宮崎インター佐土原線,宮崎島之内線,,45201,0,1.3,宮崎市稗原町,7001,宮崎市稗原町,5976,12977,1.24,0.62,25.2,29.4,23.5,60
45400100070,宮崎インター佐土原線,,塩路江良ノ上線（宮崎市道）,45201,0,5.5,宮崎市山崎町浜山,5115,宮崎市山崎町浜山,4111,9226,1.22,0.41,53.6,62.9,25.5,60
45400100080,宮崎インター佐土原線,塩路江良ノ上線（宮崎市道）,塩路浜山１号線（宮崎市道）,45201,0,3,宮崎市塩路,4993,宮崎市塩路,3989,8982,1.22,0.2,69.1,66.7,25.5,60
45400100090,宮崎インター佐土原線,塩路浜山１号線（宮崎市道）,一般国道１０号,45201,0,2.7,宮崎市塩路,4993,宮崎市塩路,3989,8982,1.22,0.2,77.2,78.6,25.5,60
45400100100,宮崎インター佐土原線,一般国道１０号,佐土原国富線,45201,0,0.3,宮崎市佐土原町松小路７,5995,宮崎市佐土原町松小路７,5914,11909,1.25,0.88,12.9,14.9,10.3,40
45400100110,宮崎インター佐土原線,佐土原国富線,佐土原停車場線,45201,0,1.6,宮崎市佐土原町松小路７,5995,宮崎市佐土原町松小路７,5914,11909,1.25,0.88,19.7,22.4,10.3,40
45400100120,宮崎インター佐土原線,佐土原停車場線,宮本新町線,45201,0,1.5,宮崎市佐土原町松小路７,5995,宮崎市佐土原町松小路７,5914,11909,1.25,0.88,23.2,23.3,10.3,40
45400100130,宮崎インター佐土原線,宮本新町線,一般国道１０号,45201,0,0.9,宮崎市佐土原町松小路７,5995,宮崎市佐土原町松小路７,5914,11909,1.25,0.88,40.8,24.5,10.3,40
45400110010,宮崎島之内線,一般国道２２０号,宮崎港宮崎停車場線,45201,0,0.9,宮崎市橘通東２,3950,宮崎市橘通東２,3910,7860,1.23,0.55,11.9,13.1,20,40
45400110014,宮崎島之内線,宮崎港宮崎停車場線,,45201,0,0.7,宮崎市堀川町,10699,宮崎市堀川町,10170,20869,1.27,1.11,13.9,17,20,40
45400110017,宮崎島之内線,,,45201,0,0.6,宮崎市堀川町,10699,宮崎市堀川町,10170,20869,1.27,1.11,17.9,23.1,20,40
45400110020,宮崎島之内線,,宮崎インター佐土原線,45201,0,0.4,宮崎市堀川町,10699,宮崎市堀川町,10170,20869,1.27,1.11,18,19.3,20,40
45400110024,宮崎島之内線,宮崎インター佐土原線,,45201,0,1.7,宮崎市吉村町,12900,宮崎市吉村町,13235,26135,1.29,0.69,21.7,27.6,30,60
45400110026,宮崎島之内線,,,45201,0,0.6,宮崎市吉村町,12900,宮崎市吉村町,13235,26135,1.29,0.69,16.4,24.1,30,60
45400110028,宮崎島之内線,,,45201,0,0.7,宮崎市山崎町四郎房,8600,宮崎市山崎町四郎房,8612,17212,1.27,0.52,21.7,24.9,30,60
45400110030,宮崎島之内線,,,45201,0,0.7,宮崎市山崎町四郎房,8600,宮崎市山崎町四郎房,8612,17212,1.27,0.52,21.8,33.9,30,60
45400110040,宮崎島之内線,,塩路江良ノ上線（宮崎市道）,45201,0,3.1,宮崎市山崎町四郎房,8600,宮崎市山崎町四郎房,8612,17212,1.27,1.15,33.4,36.4,16,50
45400110050,宮崎島之内線,塩路江良ノ上線（宮崎市道）,塩路佐土原線,45201,0,1.9,宮崎市大字島之内,2753,宮崎市大字島之内,4019,6772,1.23,0.57,36.6,35,16,50
45400110060,宮崎島之内線,塩路佐土原線,,45201,0,1.4,宮崎市大字島之内,2753,宮崎市大字島之内,4019,6772,1.23,0.64,25.1,26.2,12.3,50
45400110070,宮崎島之内線,,一般国道１０号,45201,0,0.5,宮崎市大字島之内,2753,宮崎市大字島之内,4019,6772,1.23,0.64,18.6,8.9,12.3,50
45400120170,都城東環状線,一般国道１０号,一般国道２６９号,45202,1,1.5,都城市五十町,5089,都城市五十町,4598,9687,1.24,0.75,72.6,70.6,10.5,60
45400120180,都城東環状線,一般国道２６９号,（旧）都城東環状線,45202,1,1.5,都城市梅北町,3969,都城市梅北町,3535,7504,1.23,0.61,74.4,74.1,10.5,60
45400120030,都城東環状線,（旧）都城東環状線,飯野松山都城線,45202,0,1.1,都城市梅北町１４０番地,2233,都城市梅北町１４０番地,2511,4744,1.21,0.47,35.7,34.7,12,40
45400120040,都城東環状線,飯野松山都城線,一般国道２２２号,45202,0,2.4,都城市梅北町１４０番地,2233,都城市梅北町１４０番地,2511,4744,1.21,0.47,38.9,38.1,12,40
45400120060,都城東環状線,一般国道２２２号,財部庄内安久線,45202,0,0.9,北諸県郡三股町宮村３５２２,3062,北諸県郡三股町宮村３５２２,3265,6327,1.22,0.71,35.8,38.7,10.1,40
45400120070,都城東環状線,財部庄内安久線,都城市・三股町境,45202,0,1.8,北諸県郡三股町宮村３５２２,3062,北諸県郡三股町宮村３５２２,3265,6327,1.22,0.71,45.1,40.9,10.1,40
45400120080,都城東環状線,都城市・三股町境,一般国道２２２号,45341,0,1.4,北諸県郡三股町宮村３５２２,3062,北諸県郡三股町宮村３５２２,3265,6327,1.22,0.67,45.4,48,10.4,40
45400120090,都城東環状線,一般国道２２２号,都城北郷線,45341,0,3,北諸県郡三股町宮村３５２２,3062,北諸県郡三股町宮村３５２２,3265,6327,1.22,0.67,38.3,35,10.4,40
45400120100,都城東環状線,都城北郷線,都城北郷線,45341,0,0.9,北諸県郡三田町蓼池６６０番地,3784,北諸県郡三田町蓼池６６０番地,3817,7601,1.23,0.7,29,29.4,12.1,40
45400120110,都城東環状線,都城北郷線,財部庄内安久線,45341,0,2.9,北諸県郡三田町蓼池６６０番地,3784,北諸県郡三田町蓼池６６０番地,3817,7601,1.23,0.7,23.6,30.2,12.1,40
45400120120,都城東環状線,財部庄内安久線,三股町・都城市境,45341,0,0.7,北諸県郡三田町蓼池６６０番地,3784,北諸県郡三田町蓼池６６０番地,3817,7601,1.23,0.7,31.3,37.1,12.1,40
45400120130,都城東環状線,三股町・都城市境,一般国道２６９号,45202,0,0.2,北諸県郡三田町蓼池６６０番地,3784,北諸県郡三田町蓼池６６０番地,3817,7601,1.23,0.85,26.6,12.6,9.7,40
45400120150,都城東環状線,一般国道２６９号,,45341,0,1,北諸県郡三田町蓼池６６０番地,3784,北諸県郡三田町蓼池６６０番地,3817,7601,1.23,0.7,30,39.8,8.6,40
45400130010,高岡郡司分線,一般国道１０号,野首麓線,45201,0,1,宮崎市高岡町上倉永字カチコ,885,宮崎市高岡町上倉永字カチコ,995,1880,1.18,0.27,24.6,34.9,9,50
45400130020,高岡郡司分線,野首麓線,細江浮田線,45201,0,3.9,宮崎市高岡町上倉永字カチコ,885,宮崎市高岡町上倉永字カチコ,995,1880,1.18,0.27,41.5,45.4,9,50
45400130030,高岡郡司分線,細江浮田線,宮崎田野線,45201,0,3.5,宮崎市高岡町上倉永字カチコ,885,宮崎市高岡町上倉永字カチコ,995,1880,1.18,0.27,49.3,46.1,9,50
45400130040,高岡郡司分線,宮崎田野線,一般国道２６９号,45201,0,4,宮崎市清武町船引,3593,宮崎市清武町船引,4082,7675,1.23,0.77,41.8,34.7,11.5,40
45400130060,高岡郡司分線,一般国道２６９号,宮崎北郷線,45201,0,1,宮崎市大字郡司分,3027,宮崎市大字郡司分,3156,6183,1.23,0.55,18,13.7,10,50
45400130070,高岡郡司分線,宮崎北郷線,宮崎北郷線,45201,0,0.3,宮崎市大字郡司分,3027,宮崎市大字郡司分,3156,6183,1.23,0.55,20.8,13.3,10,50
45400130075,高岡郡司分線,宮崎北郷線,宮崎北郷線,45201,0,0.2,宮崎市大字郡司分,3027,宮崎市大字郡司分,3156,6183,1.23,0.55,10.6,17.7,10,50
45400130080,高岡郡司分線,宮崎北郷線,城ケ崎清武線,45201,0,1.1,宮崎市大字郡司分,3027,宮崎市大字郡司分,3156,6183,1.23,0.55,14.8,23,10,50
45400130090,高岡郡司分線,城ケ崎清武線,学園木花台本郷北方線,45201,0,1.3,宮崎市大字郡司分,3027,宮崎市大字郡司分,3156,6183,1.23,0.55,33.2,41.5,10,50
45400130100,高岡郡司分線,学園木花台本郷北方線,中村木崎線,45201,0,1.4,宮崎市大字郡司分,3027,宮崎市大字郡司分,3156,6183,1.23,0.55,26.5,28.4,10,50
45400130120,高岡郡司分線,,,45201,0,0.8,,,,,,,,55.9,36,9.3,40
45400140010,佐土原国富線,宮崎インター佐土原線,一般国道２１９号,45201,0,3,宮崎市佐土原町下那珂字尾原,2175,宮崎市佐土原町下那珂字尾原,2487,4662,1.22,0.53,33.8,35.2,11.5,40
45302190310,佐土原国富線,（旧）一般国道２１９号,一般国道２１９号,45201,0,0.9,宮崎市佐土原町東上那珂字北伊倉,3086,宮崎市佐土原町東上那珂字北伊倉,2871,5957,1.22,0.77,33.7,30.5,10.1,50
45400140030,佐土原国富線,（旧）一般国道２１９号,宮崎高鍋線,45201,0,0.4,宮崎市佐土原町東上那珂字北伊倉,3086,宮崎市佐土原町東上那珂字北伊倉,2871,5957,1.22,0.77,19.9,25.1,10.1,50
45400140040,佐土原国富線,宮崎高鍋線,福王寺佐土原線,45201,0,0.6,宮崎市佐土原町東上那珂字北伊倉,3086,宮崎市佐土原町東上那珂字北伊倉,2871,5957,1.22,0.77,31.4,34.4,10.1,50
45400140050,佐土原国富線,福王寺佐土原線,宮崎市・国富町境,45201,0,3.4,宮崎市佐土原町東上那珂字北伊倉,3086,宮崎市佐土原町東上那珂字北伊倉,2871,5957,1.22,0.77,49.7,46.3,10.1,50
45400140055,佐土原国富線,宮崎市・国富町境,（旧）旭村木脇線,45382,0,3.9,宮崎市佐土原町東上那珂字北伊倉,3086,宮崎市佐土原町東上那珂字北伊倉,2871,5957,1.22,0.66,49.6,46.7,9.3,50
45400140060,佐土原国富線,（旧）旭村木脇線,旭村木脇線,45382,0,0.3,宮崎市佐土原町東上那珂字北伊倉,3086,宮崎市佐土原町東上那珂字北伊倉,2871,5957,1.22,0.66,32.8,42.3,9.3,50
45400140070,佐土原国富線,旭村木脇線,宮崎須木線,45382,0,0.2,宮崎市佐土原町東上那珂字北伊倉,3086,宮崎市佐土原町東上那珂字北伊倉,2871,5957,1.22,0.66,32,16,9.3,50
45400150010,日知屋財光寺線,一般国道１０号,細島港日向市停車場線,45206,0,1.5,日向市大字日知屋字梶木,7694,日向市大字日知屋字梶木,7638,15332,1.26,1.17,21.4,25.6,20.4,50
45400150020,日知屋財光寺線,細島港日向市停車場線,細島港線,45206,0,2.2,日向市大字日知屋字梶木,7694,日向市大字日知屋字梶木,7638,15332,1.26,1.17,22.1,31.7,20.4,50
45400150030,日知屋財光寺線,細島港線,,45206,0,1.9,日向市大字財光寺字下ヶ浜,4284,日向市大字財光寺字下ヶ浜,4253,8537,1.23,0.35,41,43,22,50
45400150040,日知屋財光寺線,,,45206,0,0.6,日向市平野町１丁目,4195,日向市平野町１丁目,4168,8363,1.23,0.78,57.7,59.5,16,50
45400150050,日知屋財光寺線,,一般国道１０号,45206,0,1.5,日向市大字財光寺字尻無川,3502,日向市大字財光寺字尻無川,3212,6714,1.22,0.58,52.6,47.4,11.5,50
45400160010,稲葉崎平原線,一般国道１０号,岩戸延岡線,45203,0,1.4,延岡市中川原町１丁目,5178,延岡市中川原町１丁目,4349,9527,1.24,1.4,20.8,21,16.3,40
45400160020,稲葉崎平原線,岩戸延岡線,延岡停車場線,45203,0,1.3,延岡市中川原町１丁目,5178,延岡市中川原町１丁目,4349,9527,1.24,1.4,19.3,18.1,16.3,40
45400160030,稲葉崎平原線,延岡停車場線,一般国道２１８号,45203,0,0.7,延岡市中川原町１丁目,5178,延岡市中川原町１丁目,4349,9527,1.24,1.4,15.2,12.2,16.3,40
45400160110,稲葉崎平原線,一般国道２１８号,延岡インター線,45203,0,0.2,延岡市大貫町２丁目,6313,延岡市大貫町２丁目,6703,13016,1.23,1.09,12.9,12.4,16,40
45400160080,稲葉崎平原線,延岡インター線,八重原延岡線,45203,0,1.9,延岡市大貫町２丁目,6313,延岡市大貫町２丁目,6703,13016,1.23,1.09,20.5,17.7,16,40
45400160090,稲葉崎平原線,八重原延岡線,（旧）稲葉崎平原線,45203,0,1.4,延岡市大貫町２丁目,6313,延岡市大貫町２丁目,6703,13016,1.23,1.09,22.1,19.1,16,40
45400160050,稲葉崎平原線,（旧）稲葉崎平原線,南延岡停車場線,45203,0,0.9,延岡市構口町２丁目,8446,延岡市構口町２丁目,6975,15421,1.24,1.43,25,12.7,16,40
45400160060,稲葉崎平原線,南延岡停車場線,一般国道１０号,45203,0,1.6,延岡市構口町２丁目,8446,延岡市構口町２丁目,6975,15421,1.24,1.43,16.6,13.9,16,40
45400170010,南俣宮崎線,宮崎須木線,都農綾線,45383,0,0.9,東諸県郡綾町入野字前田,2591,東諸県郡綾町入野字前田,2736,5327,1.22,0.48,24.5,26.5,16,50
45400170020,南俣宮崎線,都農綾線,宮崎須木線,45383,0,0.3,東諸県郡綾町入野字前田,2591,東諸県郡綾町入野字前田,2736,5327,1.22,0.48,19,22.5,16,50
45400170030,南俣宮崎線,宮崎須木線,綾町・国富町境,45383,0,1.6,東諸県郡綾町入野字前田,2591,東諸県郡綾町入野字前田,2736,5327,1.22,0.48,33.4,35.6,16,50
45400170040,南俣宮崎線,綾町・国富町境,高鍋高岡線,45382,0,4.1,東諸県郡綾町入野字前田,2591,東諸県郡綾町入野字前田,2736,5327,1.22,0.48,49.5,49.1,9.1,50
45400170050,南俣宮崎線,高鍋高岡線,国富町・宮崎市境,45382,0,1.5,宮崎市大字金崎,4724,宮崎市大字金崎,4559,9283,1.2,0.96,14.8,29.6,9.8,50
45400170060,南俣宮崎線,国富町・宮崎市境,木脇高岡線,45201,0,1.6,宮崎市大字金崎,4724,宮崎市大字金崎,4559,9283,1.2,0.93,54.2,55.6,11.5,50
45400170070,南俣宮崎線,木脇高岡線,野首麓線,45201,0,3.1,宮崎市大字金崎,4724,宮崎市大字金崎,4559,9283,1.2,0.93,45.9,29.6,11.5,50
45400170080,南俣宮崎線,野首麓線,宮崎西環状線,45201,0,2.6,宮崎市大塚町六ッ合,7548,宮崎市大塚町六ッ合,8003,15551,1.26,0.45,20.6,30.5,25,50
45400170085,南俣宮崎線,宮崎西環状線,,45201,0,1.5,宮崎市大塚町六ッ合,7548,宮崎市大塚町六ッ合,8003,15551,1.26,0.45,37.8,32.1,25,50
45400170090,南俣宮崎線,,一般国道１０号,45201,0,2,宮崎市大塚町六ッ合,7548,宮崎市大塚町六ッ合,8003,15551,1.26,0.45,24.9,24.7,25,50
45400170094,南俣宮崎線,一般国道１０号,,45201,0,0.8,宮崎市福島町３丁目,10670,宮崎市福島町３丁目,11460,22130,1.28,0.71,17.8,18,25,40
45400170097,南俣宮崎線,,,45201,0,0.3,宮崎市福島町３丁目,10670,宮崎市福島町３丁目,11460,22130,1.28,0.71,11.2,16.8,25,40
45400170100,南俣宮崎線,,一般国道２６９号,45201,0,1,宮崎市福島町３丁目,10670,宮崎市福島町３丁目,11460,22130,1.28,0.71,27.7,30.9,25,40
45400170110,南俣宮崎線,一般国道２６９号,一般国道２２０号,45201,0,1.2,宮崎市福島町３丁目,10670,宮崎市福島町３丁目,11460,22130,1.28,0.71,18.9,13.4,25,40
45400180010,荒武新富線,高鍋高岡線,福王寺佐土原線,45208,0,3.4,西都市大字鹿野田字都於郡,2469,西都市大字鹿野田字都於郡,2595,5064,1.23,0.72,45.5,49,12,50
45400180020,荒武新富線,福王寺佐土原線,福王寺佐土原線,45208,0,0.9,西都市大字鹿野田字都於郡,2469,西都市大字鹿野田字都於郡,2595,5064,1.23,0.72,45.5,32.6,12,50
45400180030,荒武新富線,福王寺佐土原線,下三財都於郡線,45208,0,1.9,西都市大字鹿野田字都於郡,2469,西都市大字鹿野田字都於郡,2595,5064,1.23,0.72,41.2,48.1,12,50
45400180035,荒武新富線,下三財都於郡線,（旧）荒武新富線,45208,0,0.4,西都市大字鹿野田字都於郡,2469,西都市大字鹿野田字都於郡,2595,5064,1.23,0.72,45.8,43.4,12,50
45400180140,荒武新富線,（旧）荒武新富線,札の元佐土原線,45208,0,0.1,西都市大字鹿野田字都於郡,2469,西都市大字鹿野田字都於郡,2595,5064,1.23,0.72,30.6,25.1,12,50
45400180150,荒武新富線,札の元佐土原線,（旧）荒武新富線,45208,0,0.2,西都市大字鹿野田字都於郡,2469,西都市大字鹿野田字都於郡,2595,5064,1.23,0.72,27.6,29.5,12,50
45400180050,荒武新富線,（旧）荒武新富線,（旧）札の元佐土原線,45208,0,0.1,西都市大字鹿野田字都於郡,2469,西都市大字鹿野田字都於郡,2595,5064,1.23,0.72,32.8,24.2,12,50
45400180060,荒武新富線,（旧）札の元佐土原線,一般国道２１９号,45208,0,1.8,西都市大字鹿野田字都於郡,2469,西都市大字鹿野田字都於郡,2595,5064,1.23,0.72,43.3,37.8,12,50
45302190260,荒武新富線,,一般国道２１９号,45208,0,0.1,児湯郡新富町大字新田字成法寺,1944,児湯郡新富町大字新田字成法寺,1970,3914,1.21,0.49,9.8,12,11.8,40
45302190250,荒武新富線,荒武新富線,,45208,0,0.6,児湯郡新富町大字新田字成法寺,1944,児湯郡新富町大字新田字成法寺,1970,3914,1.21,0.49,27.4,27,11.8,40
45400180080,荒武新富線,一般国道２１９号,木城西都線,45208,0,0.7,児湯郡新富町大字新田字成法寺,1944,児湯郡新富町大字新田字成法寺,1970,3914,1.21,0.49,16.4,20.2,11.8,40
45400180090,荒武新富線,木城西都線,西都市・新富町境,45208,0,0.3,児湯郡新富町大字新田字成法寺,1944,児湯郡新富町大字新田字成法寺,1970,3914,1.21,0.49,38,45.3,11.8,40
45400180100,荒武新富線,西都市・新富町境,宮崎高鍋線,45402,0,3.5,児湯郡新富町大字新田字成法寺,1944,児湯郡新富町大字新田字成法寺,1970,3914,1.21,0.45,31.4,41.8,9.9,40
45400180110,荒武新富線,宮崎高鍋線,一般国道１０号,45402,0,3.4,児湯郡新富町大字新田字成法寺,1944,児湯郡新富町大字新田字成法寺,1970,3914,1.21,0.45,39.4,32.8,9.9,40
45400180120,荒武新富線,一般国道１０号,今別府八幡線,45402,0,0.3,児湯郡新富町大字新田字成法寺,1944,児湯郡新富町大字新田字成法寺,1970,3914,1.21,0.45,12.3,13.7,9.9,40
45400190010,石河内高城高鍋線,東郷西都線,都農綾線,45404,0,10.9,児湯郡木城町大字高城字下鶴,842,児湯郡木城町大字高城字下鶴,877,1719,1.18,0.21,38.9,38.5,7.5,40
45400190020,石河内高城高鍋線,都農綾線,都農綾線,45404,0,0.1,児湯郡木城町大字高城字下鶴,842,児湯郡木城町大字高城字下鶴,877,1719,1.18,0.21,12.6,24.4,7.5,40
45400190030,石河内高城高鍋線,都農綾線,木城町・高鍋町境,45404,0,1.7,児湯郡木城町大字高城字下鶴,842,児湯郡木城町大字高城字下鶴,877,1719,1.18,0.21,18.9,33.9,7.5,40
45400190040,石河内高城高鍋線,木城町・高鍋町境,高鍋インター線,45401,0,1,児湯郡高鍋町小丸出口,5370,児湯郡高鍋町小丸出口,5492,10862,1.17,0.99,48.3,36,16,50
45400190050,石河内高城高鍋線,高鍋インター線,高鍋美々津線,45401,0,0.7,児湯郡高鍋町小丸出口,5370,児湯郡高鍋町小丸出口,5492,10862,1.17,0.99,29.7,34.4,16,50
45400190055,石河内高城高鍋線,高鍋美々津線,木城高鍋線,45401,0,2.1,児湯郡高鍋町小丸出口,5370,児湯郡高鍋町小丸出口,5492,10862,1.17,0.99,48.3,40.9,16,50
45400190060,石河内高城高鍋線,木城高鍋線,木城高鍋線,45401,0,1.2,児湯郡高鍋町小丸出口,5370,児湯郡高鍋町小丸出口,5492,10862,1.17,1.05,26.2,23.5,16,40
45400190070,石河内高城高鍋線,木城高鍋線,一般国道１０号,45401,0,1.1,児湯郡高鍋町小丸出口,5370,児湯郡高鍋町小丸出口,5492,10862,1.17,1.05,21.2,18.7,16,40
45400200010,北方北郷線,一般国道２１８号,北方土々呂線,45203,0,2,延岡市北方町川水流卯,369,延岡市北方町川水流卯,341,710,1.16,0.12,50.9,47.5,9.6,40
45400200020,北方北郷線,北方土々呂線,延岡市・美郷町境,45203,0,0.8,延岡市北方町川水流卯,369,延岡市北方町川水流卯,341,710,1.16,0.12,48.8,41.9,9.6,40
45400200030,北方北郷線,延岡市・美郷町境,一般国道３８８号,45431,0,2.8,延岡市北方町川水流卯,369,延岡市北方町川水流卯,341,710,1.16,0.12,40.9,48.4,8,40
45400220010,東郷西都線,一般国道４４６号,中渡川下三ケ線,45206,0,3.3,児湯郡木城町大字中之又字松尾,54,児湯郡木城町大字中之又字松尾,44,98,1.25,0.02,36.9,38.5,8.3,40
45400220020,東郷西都線,中渡川下三ケ線,日向市・木城町境,45206,0,2.5,児湯郡木城町大字中之又字松尾,54,児湯郡木城町大字中之又字松尾,44,98,1.25,0.02,36.9,38.5,8.3,40
45400220030,東郷西都線,日向市・木城町境,石河内高城高鍋線,45404,0,18.8,児湯郡木城町大字中之又字松尾,54,児湯郡木城町大字中之又字松尾,44,98,1.25,0.02,36.9,38.5,6.5,40
45400220040,東郷西都線,石河内高城高鍋線,都農綾線,45404,0,7,児湯郡木城町大字川原字川原,293,児湯郡木城町大字川原字川原,313,606,1.15,0.1,42.2,47.5,8,40
45400220050,東郷西都線,都農綾線,木城町・西都市境,45404,0,1.8,西都市大字南方字榎木瀬,1197,西都市大字南方字榎木瀬,1315,2512,1.2,0.27,34.7,30.9,8,40
45400220060,東郷西都線,木城町・西都市境,杉安高鍋線,45208,0,4.5,西都市大字南方字榎木瀬,1197,西都市大字南方字榎木瀬,1315,2512,1.2,0.29,38.2,36.8,11.5,40
45400220070,東郷西都線,杉安高鍋線,一般国道２１９号,45208,0,1.1,西都市大字南方字榎木瀬,1197,西都市大字南方字榎木瀬,1315,2512,1.2,0.29,38.2,36.8,11.5,40
45400230010,細島港線,一般国道１０号,日知屋財光寺線,45206,0,2.4,日向市江良町４丁目,4922,日向市江良町４丁目,4979,9901,1.24,0.77,20.7,20.9,18,50
45400230020,細島港線,日知屋財光寺線,,45206,0,0.9,日向市江良町４丁目,4922,日向市江良町４丁目,4979,9901,1.24,0.77,19.2,19.3,18,50
45400240010,高鍋高岡線,一般国道１０号,杉安高鍋線,45401,0,1.4,児湯郡高鍋町大字北高鍋字小鶴,3982,児湯郡高鍋町大字北高鍋字小鶴,4288,8270,1.24,0.71,15.5,21.1,16,40
45400240020,高鍋高岡線,杉安高鍋線,杉安高鍋線,45401,0,0.4,児湯郡高鍋町大字北高鍋字小鶴,3982,児湯郡高鍋町大字北高鍋字小鶴,4288,8270,1.24,0.71,22.1,25.4,16,40
45400240030,高鍋高岡線,杉安高鍋線,宮崎高鍋線,45401,0,0.7,児湯郡高鍋町大字南高鍋字太平寺,3758,児湯郡高鍋町大字南高鍋字太平寺,3643,7401,1.23,0.62,29.3,26.7,10.5,40
45400240040,高鍋高岡線,宮崎高鍋線,高鍋町・新富町境,45401,0,3.7,児湯郡高鍋町大字南高鍋字太平寺,3758,児湯郡高鍋町大字南高鍋字太平寺,3643,7401,1.23,0.62,43.1,47.2,10.5,40
45400240050,高鍋高岡線,高鍋町・新富町境,川床日向新富停車場線,45402,0,3.3,児湯郡高鍋町大字南高鍋字太平寺,3758,児湯郡高鍋町大字南高鍋字太平寺,3643,7401,1.23,0.63,50.6,49.3,8.5,50
45400240060,高鍋高岡線,川床日向新富停車場線,木城西都線,45402,0,0.5,児湯郡高鍋町大字南高鍋字太平寺,3758,児湯郡高鍋町大字南高鍋字太平寺,3643,7401,1.23,0.63,28.7,25.3,8.5,50
45400240070,高鍋高岡線,木城西都線,新富町・西都市境,45402,0,0,西都市大字調殿字中島,5302,西都市大字調殿字中島,5513,10815,1.24,0.84,17.1,19.3,8.5,50
45400240075,高鍋高岡線,新富町・西都市境,一般国道２１９号,45208,0,2.3,西都市大字調殿字中島,5302,西都市大字調殿字中島,5513,10815,1.24,0.82,34.9,35.1,12.7,40
45400240080,高鍋高岡線,一般国道２１９号,（旧）一般国道２１９号,45208,0,0.5,西都市大字清水字大井手,4647,西都市大字清水字大井手,4530,9177,1.24,0.87,21.1,23.3,16,50
45400240090,高鍋高岡線,（旧）一般国道２１９号,西都原古墳線,45208,0,0.4,西都市大字清水字大井手,4647,西都市大字清水字大井手,4530,9177,1.24,0.87,17.8,15.6,16,50
45400240100,高鍋高岡線,西都原古墳線,札の元佐土原線,45208,0,4.3,西都市大字清水字大井手,4647,西都市大字清水字大井手,4530,9177,1.24,0.87,25.2,24.7,16,50
45400240110,高鍋高岡線,札の元佐土原線,寒川下三財線,45208,0,1.3,西都市大字下三財字岩崎,2316,西都市大字下三財字岩崎,2210,4526,1.22,0.5,41.7,38,10.1,50
45400240120,高鍋高岡線,寒川下三財線,下三財都於郡線,45208,0,1.3,西都市大字下三財字岩崎,2316,西都市大字下三財字岩崎,2210,4526,1.22,0.5,47,46,10.1,50
45400240130,高鍋高岡線,下三財都於郡線,福王寺佐土原線,45208,0,0.8,西都市大字下三財字岩崎,2316,西都市大字下三財字岩崎,2210,4526,1.22,0.5,42.6,45.1,10.1,50
45400240140,高鍋高岡線,福王寺佐土原線,福王寺佐土原線,45208,0,0.6,西都市大字下三財字岩崎,2316,西都市大字下三財字岩崎,2210,4526,1.22,0.5,32.7,29.7,10.1,50
45400240150,高鍋高岡線,福王寺佐土原線,荒武新富線,45208,0,4,西都市大字下三財字岩崎,2316,西都市大字下三財字岩崎,2210,4526,1.22,0.5,53.9,51.4,10.1,50
45400240160,高鍋高岡線,荒武新富線,西都市・国富町境,45208,0,0.2,西都市大字下三財字岩崎,2316,西都市大字下三財字岩崎,2210,4526,1.22,0.5,24.2,35.5,10.1,50
45400240170,高鍋高岡線,西都市・国富町境,旭村木脇線,45382,0,3.6,東諸県郡国富町大字三名字屋敷,4081,東諸県郡国富町大字三名字屋敷,3969,8050,1.2,0.93,48.1,49.2,9.8,50
45400240180,高鍋高岡線,旭村木脇線,,45382,0,1,東諸県郡国富町大字三名字屋敷,4081,東諸県郡国富町大字三名字屋敷,3969,8050,1.2,0.93,32,31.5,9.8,50
45400240190,高鍋高岡線,,,45382,0,2,東諸県郡国富町大字本庄字谷ノ口,4183,東諸県郡国富町大字本庄字谷ノ口,3843,8026,1.23,0.79,50.4,32.7,11.6,50
45400240200,高鍋高岡線,,南俣宮崎線,45382,0,0.4,東諸県郡国富町大字嵐田字八反坪,5169,東諸県郡国富町大字嵐田字八反坪,5022,10191,1.24,1,31.7,18.9,10.8,40
45400240210,高鍋高岡線,南俣宮崎線,国富町・宮崎市境,45382,0,1.8,東諸県郡国富町大字嵐田字八反坪,5169,東諸県郡国富町大字嵐田字八反坪,5022,10191,1.24,1,39.8,41.8,10.8,40
45400240220,高鍋高岡線,国富町・宮崎市境,一般国道１０号,45201,0,1.1,東諸県郡国富町大字嵐田字八反坪,5169,東諸県郡国富町大字嵐田字八反坪,5022,10191,1.24,1.17,36.3,36.1,12.3,40
45400240230,高鍋高岡線,一般国道１０号,日南高岡線,45201,0,0.6,東諸県郡国富町大字嵐田字八反坪,5169,東諸県郡国富町大字嵐田字八反坪,5022,10191,1.24,1.17,21.8,18.8,12.3,40
45400250004,宮崎停車場線,宮崎港宮崎停車場線,,45201,0,0.4,宮崎市高千穂通１丁目,10050,宮崎市高千穂通１丁目,9412,19462,1.28,0.68,10,15.3,40,40
45400250007,宮崎停車場線,,,45201,0,0.1,宮崎市高千穂通１丁目,10050,宮崎市高千穂通１丁目,9412,19462,1.28,0.68,27.4,9.3,40,40
45400250010,宮崎停車場線,,一般国道１０号,45201,0,0.2,宮崎市高千穂通１丁目,10050,宮崎市高千穂通１丁目,9412,19462,1.28,0.68,17,8.2,40,40
45400260010,宮崎須木線,一般国道２２０号,一般国道２６９号,45201,0,0.8,宮崎市松橋１丁目,7626,宮崎市松橋１丁目,7505,15131,1.28,0.88,8.8,12.2,20,40
45400260015,宮崎須木線,一般国道２６９号,,45201,0,0.3,宮崎市松橋１丁目,7626,宮崎市松橋１丁目,7505,15131,1.28,0.88,9.6,12.3,20,40
45400260020,宮崎須木線,,一般国道１０号,45201,0,0.4,宮崎市松橋１丁目,7626,宮崎市松橋１丁目,7505,15131,1.28,0.88,16.1,7.7,20,40
45400260024,宮崎須木線,一般国道１０号,,45201,0,0.4,宮崎市霧島２丁目,6832,宮崎市霧島２丁目,7553,14385,1.26,1.04,7.6,22.3,15.1,40
45400260027,宮崎須木線,,,45201,0,0.3,宮崎市霧島２丁目,6832,宮崎市霧島２丁目,7553,14385,1.26,1.04,14.8,22.4,15.1,40
45400260030,宮崎須木線,,下北方古墳線,45201,0,1.4,宮崎市霧島２丁目,6832,宮崎市霧島２丁目,7553,14385,1.26,1.04,23.2,14.2,15.1,40
45400260040,宮崎須木線,下北方古墳線,,45201,0,2.4,宮崎市下北方町,6601,宮崎市下北方町,6657,13258,1.26,1.17,27.8,34.6,11.4,50
45400090040,宮崎須木線,,宮崎西環状線,45201,0,0.4,宮崎市下北方町,6601,宮崎市下北方町,6657,13258,1.26,1.17,18.3,30.5,11.4,50
45400260060,宮崎須木線,宮崎西環状線,野首麓線,45201,0,1,宮崎市大字瓜生野,9657,宮崎市大字瓜生野,10244,19901,1.27,1.48,11.6,29.2,14.5,50
45400260070,宮崎須木線,野首麓線,宮崎市・国富町境,45201,0,2,宮崎市大字瓜生野,9657,宮崎市大字瓜生野,10244,19901,1.27,1.48,23.7,36.2,14.5,50
45400260075,宮崎須木線,宮崎市・国富町境,宮崎須木線,45382,0,0.9,宮崎市大字瓜生野,9657,宮崎市大字瓜生野,10244,19901,1.27,1.6,39.4,35.5,16,40
45400260080,宮崎須木線,宮崎須木線,佐土原国富線,45382,0,0.7,宮崎市大字瓜生野,9657,宮崎市大字瓜生野,10244,19901,1.27,1.6,36.6,31,16,40
45400260090,宮崎須木線,佐土原国富線,木脇高岡線,45382,0,0.3,宮崎市大字瓜生野,9657,宮崎市大字瓜生野,10244,19901,1.27,1.6,21.8,29.5,16,40
45400260100,宮崎須木線,木脇高岡線,,45382,0,3.1,国富町大字木脇,8088,国富町大字木脇,8380,16468,1.27,1.4,32.2,30.6,16,40
45400260110,宮崎須木線,,法ケ岳本庄線,45382,0,1.5,国富町大字十日町,6278,国富町大字十日町,6205,12483,1.25,0.98,23.6,23.4,16,40
45400260120,宮崎須木線,法ケ岳本庄線,国富町・綾町境,45382,0,4,国富町大字十日町,6278,国富町大字十日町,6205,12483,1.25,0.98,43.1,40.9,16,40
45400260130,宮崎須木線,国富町・綾町境,南俣宮崎線,45383,0,1.2,国富町大字十日町,6278,国富町大字十日町,6205,12483,1.25,1.03,39.2,37.4,16,50
45400260150,宮崎須木線,南俣宮崎線,田ノ平綾線,45383,0,0.7,東諸県郡綾町大字南俣字中堂,1160,東諸県郡綾町大字南俣字中堂,1076,2236,1.2,0.24,40.2,34.5,16,50
45400260160,宮崎須木線,田ノ平綾線,綾町・小林市境,45383,0,14.8,東諸県郡綾町大字南俣字中堂,1160,東諸県郡綾町大字南俣字中堂,1076,2236,1.2,1.1,40.2,38.6,6,40
45400260170,宮崎須木線,綾町・小林市境,一般国道２６５号,45205,0,13.7,小林市須木村大字下田字麓上原,20,小林市須木村大字下田字麓上原,45,65,1.25,0.04,29.8,29.6,5.3,40
45302690280,宮崎北郷線,一般国道２２０号,,45201,0,0.6,宮崎市源藤町葉山,9189,宮崎市源藤町葉山,8528,17717,1.26,1.26,18.8,14.5,11.5,40
45302690275,宮崎北郷線,,（旧）一般国道２６９号,45201,0,0.9,宮崎市源藤町葉山,9189,宮崎市源藤町葉山,8528,17717,1.26,1.26,21.6,20.5,11.5,40
45400270003,宮崎北郷線,（旧）一般国道２６９号,（旧）宮崎北郷線,45201,0,1.9,宮崎市清武町加納,4016,宮崎市清武町加納,4168,8184,1.21,1.26,16.2,32.9,11,40
45400270005,宮崎北郷線,（旧）宮崎北郷線,宮崎北郷線,45201,0,0.2,宮崎市清武町加納,4016,宮崎市清武町加納,4168,8184,1.21,1.26,34.6,26.2,11,40
45400270110,宮崎北郷線,宮崎北郷線,高岡郡司分線,45201,0,0.6,宮崎市清武町加納,4016,宮崎市清武町加納,4168,8184,1.21,1.26,34.5,11.9,11,40
45400270030,宮崎北郷線,高岡郡司分線,大久保木崎線,45201,0,1.2,宮崎市清武町加納,4016,宮崎市清武町加納,4168,8184,1.21,1.29,15.2,26.9,10,40
45400270040,宮崎北郷線,大久保木崎線,勢田木崎線,45201,0,1.1,宮崎市清武町木原,945,宮崎市清武町木原,1020,1965,1.19,0.35,23.4,29.2,10,40
45400270050,宮崎北郷線,勢田木崎線,（旧）宮崎北郷線,45201,0,2.4,宮崎市清武町木原,945,宮崎市清武町木原,1020,1965,1.19,0.41,42.3,40.4,7,40
45400270060,宮崎北郷線,（旧）宮崎北郷線,宮崎市・日南市境,45201,0,9.9,宮崎市清武町木原,945,宮崎市清武町木原,1020,1965,1.19,0.41,38,38,7,40
45400270070,宮崎北郷線,宮崎市・日南市境,日南高岡線,45204,0,12.7,日南市北郷町北河内７２８９番地,21,日南市北郷町北河内７２９０番地,29,50,1.27,0.01,30.5,31.1,5.5,40
45400270007,宮崎北郷線,宮崎北郷線,（旧）宮崎北郷線,45201,0,0.2,,,,,,,,14,29.9,7,40
45400270010,宮崎北郷線,（旧）宮崎北郷線,高岡郡司分線,45201,0,1.3,,,,,,,,23.5,19.4,7,40
45400280010,日南高岡線,一般国道２２２号,益安平山線,45204,0,1.8,日南市大字松永,2969,日南市大字松永,3658,6627,1.24,0.56,26.6,29.9,15,50
45400280020,日南高岡線,益安平山線,風田星倉線,45204,0,0.9,日南市大字松永,2969,日南市大字松永,3658,6627,1.24,0.56,39.8,35.8,15,50
45400280030,日南高岡線,風田星倉線,内ノ田松永線,45204,0,2.4,日南市大字松永,2969,日南市大字松永,3658,6627,1.24,0.56,43.1,43.4,15,50
45400280040,日南高岡線,内ノ田松永線,,45204,0,2.3,日南市大字松永,2969,日南市大字松永,3658,6627,1.24,0.54,44.2,45.3,11,50
45400280045,日南高岡線,,東九州自動車道,45204,0,4,日南市北郷町大字大藤,3322,日南市北郷町大字大藤,3859,7181,1.24,0.27,39.1,41.9,11,50
45400280050,日南高岡線,東九州自動車道,猪八重線,45204,0,0.4,日南市北郷町大字大藤,3322,日南市北郷町大字大藤,3859,7181,1.24,0.27,25.1,24.8,11,50
45400280060,日南高岡線,猪八重線,都城北郷線,45204,0,2.1,日南市北郷町大字大藤,3322,日南市北郷町大字大藤,3859,7181,1.24,0.27,29,47.4,11,50
45400280070,日南高岡線,都城北郷線,宮崎北郷線,45204,0,2.6,日南市北郷町大字宿野,2212,日南市北郷町大字宿野,2188,4400,1.21,0.74,51.6,54.6,8,50
45400280080,日南高岡線,宮崎北郷線,大戸野清武線,45204,0,10.1,日南市北郷町大字宿野,2212,日南市北郷町大字宿野,2188,4400,1.21,0.74,48.3,50.1,8,50
45400280090,日南高岡線,大戸野清武線,日南市・宮崎市境,45204,0,0.4,日南市北郷町大字大戸野,2310,日南市北郷町大字大戸野,2355,4665,1.22,0.74,61.4,57.5,8,50
45400280100,日南高岡線,日南市・宮崎市境,九州縦貫自動車道宮崎線,45201,0,6.4,宮崎市清武町今泉甲,2302,宮崎市清武町今泉甲,2397,4699,1.22,0.85,52.2,55.8,11,50
45400280110,日南高岡線,九州縦貫自動車道宮崎線,鰐塚山田野停車場線,45201,0,1.1,宮崎市田野町,2364,宮崎市田野町,2385,4749,1.22,0.76,50.7,48.1,11,50
45400280120,日南高岡線,鰐塚山田野停車場線,一般国道２６９号,45201,0,0.1,宮崎市田野町,2364,宮崎市田野町,2385,4749,1.22,0.76,26.4,15.6,11,50
45302690310,日南高岡線,一般国道２６９号,,45201,0,0.5,宮崎市田野町字三角寺乙,1573,宮崎市田野町字三角寺乙,1446,3019,1.2,0.41,21.4,20.6,11,50
45400280140,日南高岡線,,宮崎田野線,45201,0,0.5,宮崎市田野町字三角寺乙,1573,宮崎市田野町字三角寺乙,1446,3019,1.2,0.41,19.4,24.6,11,50
45400280150,日南高岡線,宮崎田野線,野首麓線,45201,0,12.9,宮崎市田野町字三角寺乙,1573,宮崎市田野町字三角寺乙,1446,3019,1.2,0.37,41.4,45.1,9,40
45400280160,日南高岡線,野首麓線,高鍋高岡線,45201,0,3.8,宮崎市高岡町大字小山田字麓,3767,宮崎市高岡町大字小山田字麓,3533,7300,1.23,0.95,42.2,43.4,10.6,50
45400290010,高原野尻線,一般国道２２１号,有水高原線,45361,0,1.4,小林市野尻町大字東麓字安蔵,1502,小林市野尻町大字東麓字安蔵,1593,3095,1.21,0.43,34.2,41.3,11.6,50
45400290020,高原野尻線,有水高原線,高原町・小林市境,45361,0,3.4,小林市野尻町大字東麓字安蔵,1502,小林市野尻町大字東麓字安蔵,1593,3095,1.21,0.43,49.5,51.3,11.6,50
45400290030,高原野尻線,高原町・小林市境,一般国道２６８号,45205,0,4.4,小林市野尻町大字東麓字安蔵,1502,小林市野尻町大字東麓字安蔵,1593,3095,1.21,0.42,49.9,45.3,11,50
45400300010,えびの高原小田線,小林えびの高原牧園線,京町小林線,45209,0,14.2,えびの市大字末永字門前,856,えびの市大字末永字門前,940,1796,1.19,0.23,37.5,34.3,14.5,50
45400300020,えびの高原小田線,京町小林線,京町小林線,45209,0,2.7,えびの市大字末永字鳥井原,1179,えびの市大字末永字鳥井原,1200,2379,1.18,0.29,47.1,49.3,10.6,50
45400300030,えびの高原小田線,京町小林線,一般国道２６８号,45209,0,2,えびの市大字栗下字中島,611,えびの市大字栗下字中島,508,1119,1.16,0.16,28.2,25.3,16,40
45400310010,都城霧島公園線,一般国道１０号,西都城停車場線,45202,0,0.4,都城市鷹尾３丁目,6319,都城市鷹尾３丁目,5951,12270,1.17,1.13,12.8,16.9,12,50
45400310020,都城霧島公園線,西都城停車場線,都城隼人線,45202,0,1.7,都城市鷹尾３丁目,6319,都城市鷹尾３丁目,5951,12270,1.17,1.13,25.9,21,12,50
45400310030,都城霧島公園線,都城隼人線,財部庄内安久線,45202,0,4.9,都城市鷹尾３丁目,6319,都城市鷹尾３丁目,5951,12270,1.17,1.13,26.3,26.5,12,50
45400310040,都城霧島公園線,財部庄内安久線,財部庄内安久線,45202,0,0.6,都城市鷹尾３丁目,6319,都城市鷹尾３丁目,5951,12270,1.17,1.13,31.1,32.5,12,50
45400310050,都城霧島公園線,財部庄内安久線,都城野尻線,45202,0,0.9,都城市庄内町８６１０番地,6061,都城市庄内町８６１０番地,5693,11754,1.24,1.02,31.4,25.6,10.8,50
45400310060,都城霧島公園線,都城野尻線,堤庄内線,45202,0,0.8,都城市庄内町８６１０番地,6061,都城市庄内町８６１０番地,5693,11754,1.24,1.02,27.6,34.7,10.8,50
45400310070,都城霧島公園線,堤庄内線,大倉田財部線,45202,0,2.4,都城市庄内町８６１０番地,6061,都城市庄内町８６１０番地,5693,11754,1.24,1.02,45.1,47,10.8,50
45400310080,都城霧島公園線,大倉田財部線,,45202,0,5.4,都城市美川町２１９,2046,都城市美川町２１９,1975,4021,1.21,0.62,54.6,53.8,10,40
45400310090,都城霧島公園線,,馬渡大川原線,45202,0,1,都城市吉之元町５０３４番地,1091,都城市吉之元町５０３４番地,1108,2199,1.19,0.36,47.3,47.3,10,40
45400310100,都城霧島公園線,馬渡大川原線,馬渡大川原線,45202,0,0.9,都城市吉之元町５０３４番地,1091,都城市吉之元町５０３４番地,1108,2199,1.19,0.39,45.5,48.7,7,50
45400310110,都城霧島公園線,馬渡大川原線,一般国道２２３号,45202,0,6.2,都城市吉之元町５０３４番地,1091,都城市吉之元町５０３４番地,1108,2199,1.19,0.39,50,50.6,7,50
45400320010,都城停車場線,,一般国道２６９号,45202,0,0.1,都城市栄町,867,都城市栄町,824,1691,1.19,0.16,8.3,10.9,25,40
45400330010,都城北郷線,一般国道２２２号,都城市・三股町境,45202,0,2.6,北諸県郡三股町樺山山王原,3272,北諸県郡三股町樺山山王原,3343,6615,1.22,0.77,22.6,18.2,15.1,40
45400330020,都城北郷線,都城市・三股町境,財部庄内安久線,45341,0,0.2,北諸県郡三股町樺山山王原,3272,北諸県郡三股町樺山山王原,3343,6615,1.22,0.65,20.1,10.3,11,40
45400330030,都城北郷線,財部庄内安久線,都城東環状線,45341,0,1,北諸県郡三股町樺山山王原,3272,北諸県郡三股町樺山山王原,3343,6615,1.22,0.65,23.6,26.6,11,40
45400330050,都城北郷線,都城東環状線,三股高城線,45341,0,2.1,北諸県郡三股町樺山山王原,3272,北諸県郡三股町樺山山王原,3343,6615,1.22,0.63,32.2,29.9,11,40
45400330060,都城北郷線,三股高城線,三股町・日南市境,45341,0,14.7,北諸県三股町大字長田字秋丸,1136,北諸県三股町大字長田字秋丸,1151,2287,1.18,0.32,53.4,52.9,8.5,50
45400330070,都城北郷線,三股町・日南市境,日南高岡線,45204,0,15.9,日南市北郷町大字昼野,854,日南市北郷町大字昼野,908,1762,1.16,0.24,53.4,54.1,8,40
45400340010,都城串間線,一般国道２２２号,都城市・串間市境,45202,0,6,串間市大字大矢取字塗木,57,串間市大字大矢取字塗木,56,113,1.25,0.13,38.2,37.8,4.2,40
45400340020,都城串間線,都城市・串間市境,塗木大隅線,45207,0,8.9,串間市大字大矢取字塗木,57,串間市大字大矢取字塗木,56,113,1.25,0.01,38.2,37.8,8.3,40
45400340030,都城串間線,塗木大隅線,日南志布志線,45207,0,5.9,串間市大字大矢取字塗木,57,串間市大字大矢取字塗木,56,113,1.25,0.01,38.2,37.8,8.3,40
45400340050,都城串間線,日南志布志線,一般国道２２０号,45207,0,2.2,串間市大字大平字松山原,859,串間市大字大平字松山原,866,1725,1.18,0.24,35.6,36.2,8.1,40
45400350010,油津港線,一般国道２２０号,,45204,0,0.4,日南市油津３丁目,103,日南市油津３丁目,115,218,1.13,0.04,33.5,32,7.9,40
45400360010,都井岬線,一般国道４４８号,,45207,0,6.8,日南市南郷町潟上字地浦,263,日南市南郷町潟上字地浦,252,515,1.48,0.06,35.2,35,7.5,30
45400390010,西都南郷線,一般国道２１９号,西都市・美郷町境,45208,0,18.6,西都市大字銀鏡字中島,191,西都市大字銀鏡字中島,193,384,1.29,0.14,34.8,36.3,5.5,40
45400390020,西都南郷線,西都市・美郷町境,中渡川下三ケ線,45431,0,19.3,西都市大字銀鏡字中島,191,西都市大字銀鏡字中島,193,384,1.29,0.16,34.8,36.3,5.2,40
45400390030,西都南郷線,中渡川下三ケ線,一般国道３８８号,45431,0,5.6,東臼杵郡美郷町南郷神門,88,東臼杵郡美郷町南郷神門,98,186,1.25,0.07,30.8,32.4,5.2,40
45400400005,都農綾線,一般国道１０号,都農インター線,45406,0,1.9,児湯郡川南町大字川南字元十文字,3489,児湯郡川南町大字川南字元十文字,3868,7357,1.23,0.88,35,37.6,9.5,40
45400400010,都農綾線,都農インター線,都農町・川南町境,45406,0,0.8,児湯郡川南町大字川南字元十文字,3489,児湯郡川南町大字川南字元十文字,3868,7357,1.23,0.88,45.6,48.6,9.5,40
45400400020,都農綾線,都農町・川南町境,尾鈴川南停車場線,45405,0,2.3,児湯郡川南町大字川南字元十文字,3489,児湯郡川南町大字川南字元十文字,3868,7357,1.23,0.89,55.2,53.3,12,50
45400400030,都農綾線,尾鈴川南停車場線,尾鈴川南停車場線,45405,0,0.1,児湯郡川南町大字川南字元十文字,3489,児湯郡川南町大字川南字元十文字,3868,7357,1.23,0.89,45.9,47.3,12,50
45400400040,都農綾線,尾鈴川南停車場線,川南町・木城町境,45405,0,8.2,児湯郡川南町大字川南字元十文字,3489,児湯郡川南町大字川南字元十文字,3868,7357,1.23,0.89,48.5,51.7,12,50
45400400050,都農綾線,川南町・木城町境,石河内高城高鍋線,45404,0,1.2,児湯郡川南町大字川南字元十文字,3489,児湯郡川南町大字川南字元十文字,3868,7357,1.23,0.89,46.4,44.2,10.5,40
45400400070,都農綾線,石河内高城高鍋線,木城高鍋線,45404,0,0.2,児湯郡木城町大字高城字仁君谷,545,児湯郡木城町大字高城字仁君谷,502,1047,1.18,0.15,10.9,22.2,10.5,40
45400400080,都農綾線,木城高鍋線,東郷西都線,45404,0,5.1,児湯郡木城町大字高城字仁君谷,545,児湯郡木城町大字高城字仁君谷,502,1047,1.18,0.15,50.5,51.1,10.5,40
45400400100,都農綾線,一般国道２１９号,西都原古墳山路線,45208,0,2.8,東諸県郡国富町大字八代南俣字中別府,631,東諸県郡国富町大字八代南俣字中別府,653,1284,1.16,0.2,35.9,42.2,8.5,50
45400400110,都農綾線,西都原古墳山路線,札の元佐土原線,45208,0,2.5,東諸県郡国富町大字八代南俣字中別府,631,東諸県郡国富町大字八代南俣字中別府,653,1284,1.16,0.2,41.2,47.4,8.5,50
45400400120,都農綾線,札の元佐土原線,寒川下三財線,45208,0,5.8,東諸県郡国富町大字八代南俣字中別府,631,東諸県郡国富町大字八代南俣字中別府,653,1284,1.16,0.2,42.2,42.2,8.5,50
45400400130,都農綾線,寒川下三財線,寒川下三財線,45208,0,1.2,東諸県郡国富町大字八代南俣字中別府,631,東諸県郡国富町大字八代南俣字中別府,653,1284,1.16,0.2,52.3,49.9,8.5,50
45400400140,都農綾線,寒川下三財線,福王寺佐土原線,45208,0,0.6,東諸県郡国富町大字八代南俣字中別府,631,東諸県郡国富町大字八代南俣字中別府,653,1284,1.16,0.2,47.6,49.5,8.5,50
45400400150,都農綾線,福王寺佐土原線,西都市・国富町境,45208,0,1.8,東諸県郡国富町大字八代南俣字中別府,631,東諸県郡国富町大字八代南俣字中別府,653,1284,1.16,0.2,46.5,51,8.5,50
45400400160,都農綾線,西都市・国富町境,旭村木脇線,45382,0,0,東諸県郡国富町大字八代南俣字中別府,631,東諸県郡国富町大字八代南俣字中別府,653,1284,1.16,0.21,41.2,50,7.5,50
45400400170,都農綾線,旭村木脇線,法ケ岳本庄線,45382,0,6.1,東諸県郡国富町大字八代南俣字中別府,631,東諸県郡国富町大字八代南俣字中別府,653,1284,1.16,0.21,47.4,50.5,7.5,50
45400400180,都農綾線,法ケ岳本庄線,法ケ岳本庄線,45382,0,0.1,東諸県郡国富町大字八代南俣字中別府,631,東諸県郡国富町大字八代南俣字中別府,653,1284,1.16,0.21,39.3,27.4,7.5,50
45400400190,都農綾線,法ケ岳本庄線,国富町・綾町境,45382,0,2.2,東諸県郡国富町大字八代南俣字中別府,631,東諸県郡国富町大字八代南俣字中別府,653,1284,1.16,0.22,48,50.8,9.6,50
45400400200,都農綾線,国富町・綾町境,南俣宮崎線,45383,0,1.9,東諸県郡国富町大字八代南俣字中別府,631,東諸県郡国富町大字八代南俣字中別府,653,1284,1.16,0.19,35.3,36.6,10.6,40
45400420010,都城野尻線,都城霧島公園線,中方限庄内線,45202,0,1.3,都城市山田町山田字瀬芽,2961,都城市山田町山田字瀬芽,2855,5816,1.22,0.71,31.6,38.2,12.4,50
45400420020,都城野尻線,中方限庄内線,御池都城線,45202,0,3,都城市山田町山田字瀬芽,2961,都城市山田町山田字瀬芽,2855,5816,1.22,0.71,46.8,45.8,12.4,50
45400420030,都城野尻線,御池都城線,御池都城線,45202,0,0.3,都城市山田町山田字瀬芽,2961,都城市山田町山田字瀬芽,2855,5816,1.22,0.71,42.2,37.2,12.4,50
45400420040,都城野尻線,御池都城線,高城山田線,45202,0,1.5,都城市山田町山田字瀬芽,2961,都城市山田町山田字瀬芽,2855,5816,1.22,0.71,42.4,37.6,12.4,50
45400420050,都城野尻線,高城山田線,牛の脛山田線,45202,0,0.3,都城市山田町山田字瀬芽,2961,都城市山田町山田字瀬芽,2855,5816,1.22,0.64,25.8,24.1,11.1,50
45400420060,都城野尻線,牛の脛山田線,祓川高崎線,45202,0,8.6,都城市山田町山田字瀬芽,2961,都城市山田町山田字瀬芽,2855,5816,1.22,0.64,46.8,45.2,11.1,50
45400420070,都城野尻線,祓川高崎線,一般国道２２１号,45202,0,0.8,都城市山田町山田字瀬芽,2961,都城市山田町山田字瀬芽,2855,5816,1.22,0.64,29.2,30,11.1,50
45400420090,都城野尻線,一般国道２２１号,有水高原線,45202,0,2.9,都城市高崎町江平字砂子田,868,都城市高崎町江平字砂子田,849,1717,1.18,0.19,45,48.9,11.2,50
45400420100,都城野尻線,有水高原線,有水高原線,45202,0,3.5,都城市高崎町江平字砂子田,868,都城市高崎町江平字砂子田,849,1717,1.18,0.19,50.4,50.7,11.2,50
45400420110,都城野尻線,有水高原線,都城市・小林市境,45202,0,3.8,都城市高崎町江平字砂子田,868,都城市高崎町江平字砂子田,849,1717,1.18,0.19,48.8,48.4,11.2,50
45400420120,都城野尻線,都城市・小林市境,一般国道２６８号,45205,0,3.4,都城市高崎町江平字砂子田,868,都城市高崎町江平字砂子田,849,1717,1.18,0.17,47.5,43.7,10.7,40
45400430010,北川北浦線,一般国道１０号,一般国道３８８号,45203,0,13.9,延岡市北川町川内名字松瀬,234,延岡市北川町川内名字松瀬,225,459,1.23,0.08,47.4,46.8,8.2,40
45400440010,宮崎高鍋線,一般国道１０号,宮崎神宮線,45201,0,0.8,宮崎市下北方町井出下北,7762,宮崎市下北方町井出下北,7067,14829,1.26,1.11,15.4,17.2,12,50
45400440020,宮崎高鍋線,宮崎神宮線,下北方古墳線,45201,0,1.1,宮崎市下北方町井出下北,7762,宮崎市下北方町井出下北,7067,14829,1.26,1.11,22,13,12,50
45400440030,宮崎高鍋線,下北方古墳線,下北方古墳線,45201,0,0.1,宮崎市下北方町井出下北,7762,宮崎市下北方町井出下北,7067,14829,1.26,1.11,9.4,15.2,12,50
45400440040,宮崎高鍋線,下北方古墳線,宮崎西環状線,45201,0,2.4,宮崎市下北方町井出下北,7762,宮崎市下北方町井出下北,7067,14829,1.26,1.11,25.5,25.1,12,50
45400440050,宮崎高鍋線,宮崎西環状線,一般国道２１９号,45201,0,8.6,宮崎市池内町志正田,7477,宮崎市池内町志正田,7116,14593,1.25,1.29,30,36.4,10,50
45400440060,宮崎高鍋線,一般国道２１９号,佐土原国富線,45201,0,0.2,宮崎市池内町志正田,7477,宮崎市池内町志正田,7116,14593,1.25,1.29,17.3,6.9,10,50
45400440180,宮崎高鍋線,（旧）一般国道２１９号,宮本新町線,45201,0,2.1,宮崎市佐土原町上田島,2174,宮崎市佐土原町上田島,2125,4299,1.22,0.53,52.3,51.6,11.5,50
45603260020,宮崎高鍋線,宮本新町線,宮本新町線,45201,0,0.3,宮崎市佐土原町上田島,2174,宮崎市佐土原町上田島,2125,4299,1.22,0.53,19.4,27.4,11.5,50
45400440100,宮崎高鍋線,宮本新町線,宮崎市・新富町境,45201,0,1.1,宮崎市佐土原町上田島,2174,宮崎市佐土原町上田島,2125,4299,1.22,0.53,42,40.2,11.5,50
45400440110,宮崎高鍋線,宮崎市・新富町境,荒武新富線,45402,0,1.4,児湯郡新富町大字日置字追分,1532,児湯郡新富町大字日置字追分,1558,3090,1.18,0.45,40.6,33.9,7.6,50
45400440120,宮崎高鍋線,荒武新富線,川床日向新富停車場線,45402,0,5.3,児湯郡新富町大字日置字追分,1532,児湯郡新富町大字日置字追分,1558,3090,1.18,0.45,44.6,46.4,7.6,50
45400440130,宮崎高鍋線,川床日向新富停車場線,新富町・高鍋町境,45402,0,3.4,児湯郡新富町大字日置字追分,1532,児湯郡新富町大字日置字追分,1558,3090,1.18,0.45,48.7,48.4,7.6,50
45400440140,宮崎高鍋線,新富町・高鍋町境,高鍋高岡線,45401,0,1.8,児湯郡新富町大字日置字追分,1532,児湯郡新富町大字日置字追分,1558,3090,1.18,0.42,39.8,38.6,11.1,40
45400440150,宮崎高鍋線,高鍋高岡線,日置南高鍋線,45401,0,0.6,児湯郡新富町大字日置字追分,1532,児湯郡新富町大字日置字追分,1558,3090,1.18,0.45,23.6,28.3,16,50
45400440160,宮崎高鍋線,日置南高鍋線,一般国道１０号,45401,0,1.1,児湯郡新富町大字日置字追分,1532,児湯郡新富町大字日置字追分,1558,3090,1.18,0.45,25,23.5,16,50
45400450010,御池都城線,一般国道２２３号,牛の脛山田線,45202,0,2.8,都城市山田町下是位川内,1537,都城市山田町下是位川内,1728,3265,1.21,0.42,53.7,57,10.4,50
45400450020,御池都城線,牛の脛山田線,馬渡大川原線,45202,0,4.2,都城市山田町下是位川内,1537,都城市山田町下是位川内,1728,3265,1.21,0.42,50.8,51.5,10.4,50
45400450030,御池都城線,馬渡大川原線,都城野尻線,45202,0,5.1,都城市山田町下是位川内,1537,都城市山田町下是位川内,1728,3265,1.21,0.42,52.4,52,9.5,50
45400450050,御池都城線,都城野尻線,中方限庄内線,45202,0,2.3,都城市山田町中霧島,5743,都城市山田町中霧島,6091,11834,1.25,0.87,43.1,43,11,50
45400450060,御池都城線,中方限庄内線,中方限庄内線,45202,0,0.6,都城市山田町中霧島,5743,都城市山田町中霧島,6091,11834,1.25,0.87,21,23,11,50
45400450070,御池都城線,中方限庄内線,財部庄内安久線,45202,0,2.4,都城市山田町中霧島,5743,都城市山田町中霧島,6091,11834,1.25,1.02,36.1,34.2,9.5,50
45400450074,御池都城線,財部庄内安久線,,45202,0,2.5,都城市志比田町,4707,都城市志比田町,4830,9537,1.18,0.87,25.2,25,12.1,40
45400450077,御池都城線,,,45202,0,1.4,都城市志比田町,4707,都城市志比田町,4830,9537,1.18,0.87,26.6,23.9,12.1,40
45400450080,御池都城線,,一般国道１０号,45202,0,0.9,都城市志比田町,4707,都城市志比田町,4830,9537,1.18,0.87,16.4,13.3,12.1,40
45400460010,高城山田線,一般国道１０号,中方限庄内線,45202,0,2.6,都城市丸谷町字万ヶ塚,1839,都城市丸谷町字万ヶ塚,1743,3582,1.21,0.41,35,40.1,13.5,40
45400460020,高城山田線,中方限庄内線,一般国道２２１号,45202,0,0.2,都城市丸谷町字万ヶ塚,1839,都城市丸谷町字万ヶ塚,1743,3582,1.21,0.41,21.5,11.4,13.5,40
45400460040,高城山田線,一般国道２２１号,万ケ塚停車場線,45202,0,3.2,都城市丸谷町字万ヶ塚,1839,都城市丸谷町字万ヶ塚,1743,3582,1.21,0.41,39.7,41.4,10,40
45400460050,高城山田線,万ケ塚停車場線,都城野尻線,45202,0,2.1,都城市丸谷町字万ヶ塚,1839,都城市丸谷町字万ヶ塚,1743,3582,1.21,0.41,37.5,43.6,10,40
45400470010,三股高城線,都城北郷線,三股町・都城市境,45341,0,2.3,都城市山之口町富吉,2326,都城市山之口町富吉,2556,4882,1.21,0.62,44.8,48,8.3,50
45400470020,三股高城線,三股町・都城市境,一般国道２６９号,45202,0,3,都城市山之口町富吉,2326,都城市山之口町富吉,2556,4882,1.21,0.64,53.3,52.5,12,50
45400470030,三股高城線,一般国道２６９号,有水山之口停車場線,45202,0,0.6,都城市山之口町富吉,2326,都城市山之口町富吉,2556,4882,1.21,0.64,30.6,34.8,12,50
45400470040,三股高城線,有水山之口停車場線,一般国道２６９号,45202,0,0.3,都城市山之口町富吉,2326,都城市山之口町富吉,2556,4882,1.21,0.64,19.2,23.6,12,50
45400470050,三股高城線,一般国道２６９号,一般国道１０号,45202,0,3.9,都城市山之口町富吉,2326,都城市山之口町富吉,2556,4882,1.21,0.63,30.7,28.3,12,50
45400480010,市木串間線,一般国道４４８号,市木南郷線,45207,0,1.7,串間市大字市木字子持田,297,串間市大字市木字子持田,292,589,1.15,0.18,39.4,33.9,8,40
45400480020,市木串間線,市木南郷線,市木南郷線,45207,0,0.7,串間市大字市木字子持田,297,串間市大字市木字子持田,292,589,1.15,0.18,34.9,33.9,8,40
45400480030,市木串間線,市木南郷線,一般国道２２０号,45207,0,13.7,串間市大字市木字子持田,297,串間市大字市木字子持田,292,589,1.15,0.18,44.5,33.9,8,40
45400490010,北方土々呂線,北方北郷線,八重原延岡線,45203,0,13.8,延岡市三須町字島戸山,1093,延岡市三須町字島戸山,1248,2341,1.19,0.32,55,52.3,9,50
45400490020,北方土々呂線,八重原延岡線,八重原延岡線,45203,0,0.7,延岡市土々呂町１丁目,2217,延岡市土々呂町１丁目,2285,4502,1.22,0.75,18.6,38,10.7,40
45400490030,北方土々呂線,八重原延岡線,土々呂日向線,45203,0,7.4,延岡市土々呂町１丁目,2217,延岡市土々呂町１丁目,2285,4502,1.22,0.75,31.5,34.3,10.7,40
45400490040,北方土々呂線,土々呂日向線,一般国道１０号,45203,0,0.2,延岡市土々呂町１丁目,2217,延岡市土々呂町１丁目,2285,4502,1.22,0.75,7.7,3.7,10.7,40
45400500010,諸塚高千穂線,一般国道３２７号,上長川日之影線,45429,0,12,東臼杵郡諸塚村大字家代３０６６番地,704,東臼杵郡諸塚村大字家代３０６６番地,737,1441,1.19,0.56,29.7,39.6,5.1,40
45400500020,諸塚高千穂線,上長川日之影線,,45429,0,10.5,東臼杵郡諸塚村大字家代３０６６番地,704,東臼杵郡諸塚村大字家代３０６６番地,737,1441,1.19,0.56,29.7,29.7,5.1,40
45400500040,諸塚高千穂線,向山日之影線,土生高千穂線,45441,0,10,西臼杵郡高千穂町大字三田井字田口野,757,西臼杵郡高千穂町大字三田井字田口野,752,1509,1.16,1.46,29.4,31.6,4.2,40
45400500050,諸塚高千穂線,土生高千穂線,一般国道２１８号,45441,0,0.5,西臼杵郡高千穂町大字三田井字田口野,757,西臼杵郡高千穂町大字三田井字田口野,752,1509,1.16,1.46,29.4,31.6,4.2,40
45400500070,諸塚高千穂線,,,45441,0,0.3,,,,,,,,,,5.5,50
45400510010,中野原美々津線,一般国道３２７号,高鍋美々津線,45206,0,11.5,日向市東郷町山陰乙,932,日向市東郷町山陰乙,1099,2031,1.19,0.28,52.9,51.2,9,40
45400510020,中野原美々津線,高鍋美々津線,一般国道１０号,45206,0,0.1,日向市東郷町山陰乙,932,日向市東郷町山陰乙,1099,2031,1.19,0.28,32,7,9,40
45400520010,宮崎空港線,一般国道２２０号,,45201,0,0.6,宮崎市赤江,3445,宮崎市赤江,3464,6909,1.24,0.25,26.1,25.6,25,40
45400530010,京町小林線,一般国道２６８号,えびの高原京町線,45209,0,0.6,えびの市大字向江字岩次,1133,えびの市大字向江字岩次,953,2086,1.16,0.46,16.5,33.5,14,40
45400530020,京町小林線,えびの高原京町線,えびの高原小田線,45209,0,4.3,小林市南西方字轟木,2914,小林市南西方字轟木,2711,5625,1.22,0.71,47.3,45,14,40
45400530040,京町小林線,えびの高原小田線,原田杉水流線,45209,0,4.7,小林市南西方字轟木,2914,小林市南西方字轟木,2711,5625,1.22,0.59,40.8,45.7,12,50
45400530050,京町小林線,原田杉水流線,えびの市・小林市境,45209,0,0.2,小林市南西方字轟木,2914,小林市南西方字轟木,2711,5625,1.22,0.59,42,42.9,12,50
45400530060,京町小林線,えびの市・小林市境,生駒高原北西方線,45205,0,4.2,小林市南西方字轟木,2914,小林市南西方字轟木,2711,5625,1.22,0.55,52.5,53.6,14.5,40
45400530070,京町小林線,生駒高原北西方線,生駒高原北西方線,45205,0,0.3,小林市南西方字轟木,2914,小林市南西方字轟木,2711,5625,1.22,0.55,39,40.2,14.5,40
45400530080,京町小林線,生駒高原北西方線,小林えびの高原牧園線,45205,0,4.5,小林市南西方字轟木,2914,小林市南西方字轟木,2711,5625,1.22,0.55,47.8,47.6,14.5,40
45400530100,京町小林線,一般国道２２１号,,45205,0,0.2,小林市南西方字轟木,2914,小林市南西方字轟木,2711,5625,1.22,0.55,6,7,14.5,40
45400540010,酒谷榎原線,一般国道２２２号,日南志布志線,45204,0,5,日南市大字塚田甲,376,日南市大字塚田甲,362,738,1.15,0.11,42.1,39.8,7.5,40
45400540030,酒谷榎原線,日南志布志線,仏坂大堂津線,45204,0,2.2,日南市大字萩之嶺,560,日南市大字萩之嶺,498,1058,1.15,0.14,42.6,44.6,8,40
45400540040,酒谷榎原線,仏坂大堂津線,一般国道２２０号,45204,0,3.6,日南市大字萩之嶺,560,日南市大字萩之嶺,498,1058,1.15,0.14,42.6,44.6,8,40
45601020010,木場吉松えびの線,木場吉松えびの線,一般国道４４７号,45209,0,1.8,えびの市大字東川北字徳満,515,えびの市大字東川北字徳満,542,1057,1.15,0.12,40.3,39.1,8,40
45601020030,木場吉松えびの線,一般国道４４７号,矢岳高原京町線,45209,0,1.4,えびの市大字東川北字徳満,515,えびの市大字東川北字徳満,542,1057,1.15,0.13,40.3,39.1,9.3,40
45601020040,木場吉松えびの線,矢岳高原京町線,一般国道２６８号,45209,0,5.3,えびの市大字東川北字徳満,515,えびの市大字東川北字徳満,542,1057,1.15,0.13,40.3,39.1,9.3,40
45601040010,霧島公園小林線,,西麓小林線,45205,0,10.9,小林市細野字島田前,3759,小林市細野字島田前,3806,7565,1.23,0.67,36,34.1,7.7,40
45601040020,霧島公園小林線,西麓小林線,一般国道２２１号,45205,0,0.1,小林市細野字島田前,3759,小林市細野字島田前,3806,7565,1.23,0.67,15.9,12.7,7.7,40
45601050010,馬渡大川原線,御池都城線,都城霧島公園線,45202,0,5.5,都城市美川町字松ヶ迫,66,都城市美川町字松ヶ迫,68,134,1.25,0.08,34.5,34.2,5.3,40
45601050030,馬渡大川原線,都城霧島公園線,馬渡大川原線,45202,0,3.8,都城市美川町字松ヶ迫,66,都城市美川町字松ヶ迫,68,134,1.25,0.01,34.5,34.2,9,60
45601060010,大倉田財部線,都城霧島公園線,大倉田財部線,45202,0,0.2,都城市関之尾町,337,都城市関之尾町,320,657,1.16,0.11,29.7,39.6,11.3,60
45601060030,大倉田財部線,大倉田財部線,大倉田財部線,45202,0,2,都城市関之尾町,723,都城市関之尾町,693,1416,1.16,0.22,50.9,51,10.6,60
45601070010,堤庄内線,堤庄内線,都城霧島公園線,45202,0,3.2,都城市関之尾町,1012,都城市関之尾町,1051,2063,1.16,0.3,46.6,42.5,8.3,40
45601080010,財部庄内安久線,財部庄内安久線,都城霧島公園線,45202,0,1.9,都城都北町,6754,都城都北町,5879,12633,1.21,0.97,44.8,40.6,10.8,50
45601080030,財部庄内安久線,都城霧島公園線,御池都城線,45202,0,3.1,都城都北町,6754,都城都北町,5879,12633,1.21,0.95,41.4,42.7,16,50
45601080040,財部庄内安久線,御池都城線,一般国道１０号,45202,0,3.2,都城都北町,6754,都城都北町,5879,12633,1.21,0.95,26.4,23.2,16,50
45601080050,財部庄内安久線,一般国道１０号,一般国道２６９号,45202,0,1.7,都城都北町,6754,都城都北町,5879,12633,1.21,0.95,19,15.7,16,50
45601080070,財部庄内安久線,都城東環状線,三股町・都城市境,45341,0,2.4,北諸県群三股町大字蓼池字今市,5203,北諸県群三股町大字蓼池字今市,5509,10712,1.24,1.14,27.1,28.7,16,40
45601080080,財部庄内安久線,三股町・都城市境,都城市・三股町境,45202,0,0.3,北諸県群三股町大字蓼池字今市,5203,北諸県群三股町大字蓼池字今市,5509,10712,1.24,1.07,31.3,15.2,16,40
45601080090,財部庄内安久線,都城市・三股町境,都城北郷線,45341,0,0.2,北諸県群三股町大字蓼池字今市,5203,北諸県群三股町大字蓼池字今市,5509,10712,1.24,1.12,16,7.8,16,40
45601080100,財部庄内安久線,都城北郷線,三股町・都城市境,45341,0,0.9,北諸県群三股町大字蓼池字今市,5203,北諸県群三股町大字蓼池字今市,5509,10712,1.24,1.12,17,27.5,16,40
45601080110,財部庄内安久線,三股町・都城市境,一般国道２２２号,45202,0,0.9,北諸県群三股町大字蓼池字今市,5203,北諸県群三股町大字蓼池字今市,5509,10712,1.24,1.12,33.4,29.8,16,40
45601080120,財部庄内安久線,一般国道２２２号,都城東環状線,45202,0,1.8,北諸県群三股町大字蓼池字今市,5203,北諸県群三股町大字蓼池字今市,5509,10712,1.24,1.2,37.6,32.2,14,40
45601090005,飯野松山都城線,飯野松山都城線,飯野松山都城線,45202,0,2,,4949,,5305,10254,1.24,1.11,50.4,48.7,10.5,50
45601090010,飯野松山都城線,飯野松山都城線,都城東環状線,45202,0,2.1,,4949,,5305,10254,1.24,1.11,39.6,40.8,10.5,50
45601090020,飯野松山都城線,都城東環状線,一般国道１０号,45202,0,3.7,,4949,,5305,10254,1.24,1.11,39,38.8,10.5,50
45601090050,飯野松山都城線,飯野松山都城線,飯野松山都城線,45202,1,2.8,都城市梅北町,4666,都城市梅北町,4618,9284,1.24,0.84,74.5,78.4,12,70
45601090030,飯野松山都城線,（旧）都城東環状線,飯野松山都城線,45202,1,2.5,都城市梅北町,3293,都城市梅北町,2687,5980,1.22,0.53,75.6,73.8,12,70
45601100010,塗木大隅線,都城串間線,塗木大隅線,45207,0,0.9,串間市大字大矢取字岩郡,31,串間市大字大矢取字岩郡,29,60,1.09,0.01,37.7,39,8.9,40
45601120010,今別府串間線,今別府串間線,一般国道２２０号,45207,0,7.6,串間市大字西方字銭亀,2198,串間市大字西方字銭亀,2262,4460,1.22,0.16,34.8,29.1,10.5,40
45601220010,古江丸市尾線,一般国道３８８号,古江丸市尾線,45203,0,10,延岡市北浦町大字市振字鍋田,1334,延岡市北浦町大字市振字鍋田,1300,2634,1.2,0.56,29.7,29.9,5.4,40
45601410010,河内矢部線,竹田五ケ瀬線,河内矢部線,45441,0,0.1,西臼杵郡高千穂町大字河内,11,西臼杵郡高千穂町大字河内,11,22,1.05,0,25.7,25.7,8.8,40
45601420010,上椎葉湯の前線,一般国道２６５号,上椎葉湯前線,45430,0,26.7,東臼杵郡椎葉村大字下福良字横野,328,東臼杵郡椎葉村大字下福良字横野,304,632,1.2,0.7,29.6,29.5,4.2,40
45601430010,中河間多良木線,一般国道２６５号,中河間多良木線,45205,0,15,小林市須木大字中原字冨永,279,小林市須木大字中原字冨永,280,559,1.15,0.11,42.3,41.9,7,40
45601440010,槻木田代八重線,槻木田代八重線,一般国道２６５号,45205,0,2.6,小林市須木大字中原字重永,5,小林市須木大字中原字重永,5,10,1,0.03,33.5,34.7,4.7,40
45602020010,鞍岡赤谷線,一般国道２６５号,一般国道２１８号,45443,0,10.1,西臼杵郡五ヶ瀬町大字鞍岡字寺村,122,西臼杵郡五ヶ瀬町大字鞍岡字寺村,161,283,1.24,0.18,32.2,34.4,4.7,40
45602020030,鞍岡赤谷線,一般国道２１８号,竹田五ケ瀬線,45443,0,0.1,西臼杵郡五ヶ瀬町大字鞍岡字寺村,122,西臼杵郡五ヶ瀬町大字鞍岡字寺村,161,283,1.24,0.44,32.2,21.8,5,40
45602030010,土生高千穂線,竹田五ケ瀬線,五ヶ瀬町・高千穂町境,45443,0,4.7,西臼杵郡高千穂町大字押方,52,西臼杵郡高千穂町大字押方,48,100,1.25,0.07,24.7,24.6,4.7,40
45602030020,土生高千穂線,五ヶ瀬町・高千穂町境,,45441,0,8.4,西臼杵郡高千穂町大字押方,52,西臼杵郡高千穂町大字押方,48,100,1.25,0.05,24.7,24.6,5.3,40
45602030030,土生高千穂線,,諸塚高千穂線,45441,0,2.1,西臼杵郡高千穂町大字三田井,1172,西臼杵郡高千穂町大字三田井,1096,2268,1.2,0.19,30.4,34.1,9.9,40
45602040010,下野鹿狩戸線,一般国道３２５号,,45441,0,3.9,西臼杵郡高千穂町大字上野字雲井都,627,西臼杵郡高千穂町大字上野字雲井都,605,1232,1.16,1.3,37.8,36.4,5.6,40
45602040030,下野鹿狩戸線,,緒方高千穂線,45441,0,2.9,西臼杵郡高千穂町大字上野字雲井都,627,西臼杵郡高千穂町大字上野字雲井都,605,1232,1.16,5.9,37.8,36.4,3.4,40
45602040050,下野鹿狩戸線,緒方高千穂線,岩戸延岡線,45441,0,0.6,西臼杵郡高千穂町大字岩戸字尾野上,141,西臼杵郡高千穂町大字岩戸字尾野上,131,272,1.48,0.16,27.2,14.7,4.6,40
45602040060,下野鹿狩戸線,岩戸延岡線,北方高千穂線,45441,0,5,西臼杵郡高千穂町大字岩戸字尾野上,141,西臼杵郡高千穂町大字岩戸字尾野上,131,272,1.48,0.16,27.2,27.2,4.6,40
45602050010,向山日之影線,,諸塚高千穂線,45441,0,0.1,西臼杵郡日之影町大字岩井川字大迫,406,西臼杵郡日之影町大字岩井川字大迫,376,782,1.15,1.35,30.7,30.7,3.3,40
45602050020,向山日之影線,諸塚高千穂線,高千穂町・日之影町境,45441,0,4.6,西臼杵郡日之影町大字岩井川字大迫,406,西臼杵郡日之影町大字岩井川字大迫,376,782,1.15,1.35,30.7,30.7,3.3,40
45602050030,向山日之影線,高千穂町・日之影町境,上長川日之影線,45442,0,8.2,西臼杵郡日之影町大字岩井川字大迫,406,西臼杵郡日之影町大字岩井川字大迫,376,782,1.15,0.04,30.7,44,8.7,40
45602050040,向山日之影線,上長川日之影線,北方高千穂線,45442,0,0.1,西臼杵郡日之影町大字岩井川字大迫,406,西臼杵郡日之影町大字岩井川字大迫,376,782,1.15,0.04,30.7,17,8.7,40
45602070010,岩戸延岡線,下野鹿狩戸線,,45441,0,10.5,西臼杵郡高千穂町大字岩戸字黒原,151,西臼杵郡高千穂町大字岩戸字黒原,155,306,1.27,0.29,31.4,30.3,4.1,40
45602070030,岩戸延岡線,,稲葉崎平原線,45203,0,25.3,延岡市桑平町,125,延岡市桑平町,138,263,1.23,0.28,34.8,36,4.8,40
45602090010,上長川日之影線,諸塚高千穂線,,45429,0,7.1,西臼杵郡日之影町大字岩井川,98,西臼杵郡日之影町大字岩井川,101,199,1.25,0.15,29.4,29.4,4.5,40
45602090030,上長川日之影線,,向山日之影線,45442,0,8.5,西臼杵郡日之影町大字岩井川,98,西臼杵郡日之影町大字岩井川,101,199,1.25,0.11,29.4,29.4,4.9,30
45602100010,宇納間日之影線,一般国道３８８号,美郷町・日之影町境,45431,0,12.7,東臼杵郡美郷町北郷宇納間,389,東臼杵郡美郷町北郷宇納間,405,794,1.15,0.38,39.6,37.5,5.9,40
45602100020,宇納間日之影線,美郷町・日之影町境,北方高千穂線,45442,0,15.2,西臼杵郡日之影町大字岩井川字中崎,327,西臼杵郡日之影町大字岩井川字中崎,317,644,1.21,0.2,34.4,35.8,5.3,40
45602120010,浦城東海線,一般国道３８８号,一般国道３８８号,45203,0,18.6,延岡市東海町,49,延岡市東海町,50,99,1.13,0.05,34,33.1,4.7,40
45602140010,上祝子綱の瀬線,,北方高千穂線,45203,0,16.8,延岡市北方町菅原,97,延岡市北方町菅原,88,185,1.34,0.13,28.8,29.8,4.5,40
45602150010,板上曽木線,,,45203,0,16.2,延岡市,192,延岡市,194,386,1.23,0.29,35.4,35.2,4.5,40
45602180010,板上曽木線,,一般国道２１８号,45203,0,1.2,延岡市,192,延岡市,194,386,1.23,0.29,35.4,35.2,4.5,40
45602170010,早日渡停車場線,,北方高千穂線,45203,0,0.2,,75,,87,162,1.13,0.29,20,20,3.6,40
45602190010,日向長井停車場線,,一般国道１０号,45203,0,0.6,,202,,200,402,1.23,0.65,24,25.4,3.8,60
45602200010,延岡停車場線,稲葉崎平原線,,45203,0,0.1,延岡市幸町,1327,延岡市幸町,1489,2816,1.19,0.15,6.3,5.6,35.8,40
45602220010,南延岡停車場線,,稲葉崎平原線,45203,0,0.1,,1746,,1906,3652,1.21,0.36,11,4.3,19.9,40
45602230010,延岡港線,一般国道１０号,,45203,0,2,延岡市粟野名町,5874,延岡市粟野名町,5344,11218,1.24,1.25,21.6,22,17,50
45602240010,遠見半島線,一般国道１０号,,45203,0,1.3,延岡市妙見町,1054,延岡市妙見町,1062,2116,1.2,0.06,13.9,21.2,8.4,40
45602240030,遠見半島線,,一般国道１０号,45421,0,7.3,延岡市妙見町,1054,延岡市妙見町,1062,2116,1.2,0.23,33.4,33.4,5.6,40
45602250010,八重原延岡線,一般国道３２７号,日向市・門川町境,45206,0,6.9,日向市東郷町山陰辛,163,日向市東郷町山陰辛,162,325,1.2,0.06,36.9,33.8,7.5,30
45602250020,八重原延岡線,日向市・門川町境,一般国道３８８号,45421,0,10.1,日向市東郷町山陰辛,163,日向市東郷町山陰辛,162,325,1.2,0.23,32.6,16.9,4.3,30
45602250040,八重原延岡線,,北方土々呂線,45203,0,1.3,延岡市古城町,4910,延岡市古城町,4808,9718,1.24,0.96,44.4,44,9.4,40
45602250060,八重原延岡線,北方土々呂線,稲葉崎平原線,45203,0,1.1,延岡市古城町,4910,延岡市古城町,4808,9718,1.24,1.02,32.3,21,11.8,40
45602260010,土々呂日向線,北方土々呂線,延岡市・門川町境,45203,0,1.4,東臼杵郡門川町大字加草,4176,東臼杵郡門川町大字加草,4246,8422,1.24,1.31,31.8,35.6,7.2,40
45602260020,土々呂日向線,延岡市・門川町境,東九州自動車道,45421,0,0.5,東臼杵郡門川町大字加草,4176,東臼杵郡門川町大字加草,4246,8422,1.24,1.14,42.4,42.4,16,50
45602260025,土々呂日向線,東九州自動車道,東九州自動車道,45421,0,1.3,東臼杵郡門川町大字加草,4176,東臼杵郡門川町大字加草,4246,8422,1.24,1.14,46.9,43.3,16,50
45602260030,土々呂日向線,東九州自動車道,門川停車場線,45421,0,2.1,東臼杵郡門川町大字加草,4176,東臼杵郡門川町大字加草,4246,8422,1.24,1.14,27.4,26.1,16,50
45602260040,土々呂日向線,門川停車場線,一般国道１０号,45421,0,0.6,東臼杵郡門川町上町５丁目,1619,東臼杵郡門川町上町５丁目,1744,3363,1.21,0.31,21.7,21.5,12,40
45602260050,土々呂日向線,一般国道１０号,一般国道３８８号,45421,0,0.7,東臼杵郡門川町上町５丁目,1619,東臼杵郡門川町上町５丁目,1744,3363,1.21,0.31,19.8,26.6,12,40
45602260060,土々呂日向線,一般国道３８８号,一般国道１０号,45421,0,1.2,東臼杵郡門川町上町５丁目,1619,東臼杵郡門川町上町５丁目,1744,3363,1.21,0.31,25.8,18.6,12,40
45602260080,土々呂日向線,一般国道１０号,一般国道３２７号,45206,0,2.6,日向市大字財光寺字山下,5350,日向市大字財光寺字山下,5702,11052,1.24,0.92,21.9,20.8,19,40
45602260085,土々呂日向線,一般国道３２７号,一般国道３２７号,45206,0,2.1,日向市大字財光寺字山下,5350,日向市大字財光寺字山下,5702,11052,1.24,0.92,25.2,25.8,19,40
45602260090,土々呂日向線,一般国道３２７号,一般国道１０号,45206,0,2.3,日向市大字財光寺字山下,5350,日向市大字財光寺字山下,5702,11052,1.24,1.07,46.4,40.8,16.5,40
45602290010,門川停車場線,,土々呂日向線,45421,0,0.2,東臼杵郡門川町大字門川尾末,973,東臼杵郡門川町大字門川尾末,1080,2053,1.22,0.22,13.7,11.1,16,40
45602300010,細島港日向市停車場線,日知屋財光寺線,一般国道１０号,45206,0,1.2,日向市亀崎東１丁目,2487,日向市亀崎東１丁目,2797,5284,1.22,0.57,22.9,22.4,12,40
45602300020,細島港日向市停車場線,一般国道１０号,,45206,0,0.4,日向市亀崎東１丁目,2487,日向市亀崎東１丁目,2797,5284,1.22,0.57,11.8,19.4,12,40
45602310010,美々津停車場線,,一般国道１０号,45206,0,0.6,,390,,404,794,1.15,0.09,19.2,8.5,11.3,30
45602320010,門川港線,一般国道１０号,,45421,0,1.2,東臼杵郡門川町大字門川尾末,970,東臼杵郡門川町大字門川尾末,1121,2091,1.19,0.2,18.2,28.7,12,40
45602340010,中渡川下三ケ線,西都南郷線,美郷町・日向市境,45431,0,4.9,日向市東郷町大字下三ケ字下村,5,日向市東郷町大字下三ケ字下村,4,9,1.09,0.03,27.7,27.2,3.6,40
45602340020,中渡川下三ケ線,美郷町・日向市境,東郷西都線,45206,0,6.9,日向市東郷町大字下三ケ字下村,5,日向市東郷町大字下三ケ字下村,4,9,1.09,0.04,27.7,27.2,3.5,40
45602350010,樫原細見線,,一般国道２１８号,45203,0,8.6,延岡市細見町,325,延岡市細見町,312,637,1.15,0.07,31.6,32.3,8.8,40
45602370010,北方高千穂線,一般国道２１８号,早日渡停車場線,45203,0,4.9,西臼杵郡日之影町大字七折字上顔,689,西臼杵郡日之影町大字七折字上顔,624,1313,1.19,0.06,56.2,41.7,11.4,40
45602370020,北方高千穂線,早日渡停車場線,上祝子綱の瀬線,45203,0,4.3,西臼杵郡日之影町大字七折字上顔,689,西臼杵郡日之影町大字七折字上顔,624,1313,1.19,0.05,56.2,41.7,7.9,40
45602370030,北方高千穂線,上祝子綱の瀬線,延岡市・日之影町境,45203,0,0,西臼杵郡日之影町大字七折字上顔,689,西臼杵郡日之影町大字七折字上顔,624,1313,1.19,0.05,56.2,21.1,7.9,40
45602370040,北方高千穂線,延岡市・日之影町境,（旧）日向八戸停車場線,45442,0,2.4,西臼杵郡日之影町大字七折字上顔,689,西臼杵郡日之影町大字七折字上顔,624,1313,1.19,0.4,56.2,41.7,5.3,40
45602370050,北方高千穂線,（旧）日向八戸停車場線,宇納間日之影線,45442,0,5.5,西臼杵郡日之影町大字七折字上顔,689,西臼杵郡日之影町大字七折字上顔,624,1313,1.19,0.4,56.2,41.7,5.3,40
45602370060,北方高千穂線,宇納間日之影線,日之影宇目線,45442,0,1.8,西臼杵郡日之影町大字七折字上顔,689,西臼杵郡日之影町大字七折字上顔,624,1313,1.19,0.4,56.2,41.7,5.3,40
45602370070,北方高千穂線,日之影宇目線,向山日之影線,45442,0,0.1,西臼杵郡日之影町大字七折字上顔,689,西臼杵郡日之影町大字七折字上顔,624,1313,1.19,0.4,56.2,41.7,5.3,40
45602370080,北方高千穂線,向山日之影線,一般国道２１８号,45442,0,5.5,西臼杵郡日之影町大字七折字上顔,689,西臼杵郡日之影町大字七折字上顔,624,1313,1.19,0.4,56.2,41.7,5.3,40
45602370100,北方高千穂線,一般国道２１８号,日之影町・高千穂町境,45442,0,3,西臼杵郡日之影町大字七折字上顔,689,西臼杵郡日之影町大字七折字上顔,624,1313,1.19,1.84,56.2,41.7,4,40
45602370110,北方高千穂線,日之影町・高千穂町境,下野鹿狩戸線,45441,0,0.6,西臼杵郡日之影町大字七折字上顔,689,西臼杵郡日之影町大字七折字上顔,624,1313,1.19,0.32,56.2,41.7,5.3,40
45602370120,北方高千穂線,下野鹿狩戸線,高千穂町道,45441,0,1.4,西臼杵郡高千穂町大字三田井字簗崎,1064,西臼杵郡高千穂町大字三田井字簗崎,1007,2071,1.19,0.23,47.2,40.4,6.5,40
45602370130,北方高千穂線,高千穂町道,,45441,0,1.8,西臼杵郡高千穂町大字三田井字簗崎,1064,西臼杵郡高千穂町大字三田井字簗崎,1007,2071,1.19,0.23,24.2,20.2,6.5,40
45602370140,北方高千穂線,,一般国道２１８号,45441,0,0.7,西臼杵郡高千穂町大字三田井字尾迫原,2076,西臼杵郡高千穂町大字三田井字尾迫原,2021,4097,1.22,0.33,18.6,15,16,40
45602410010,延岡インター線,稲葉崎平原線,,45203,0,1.6,延岡市野地町,5947,延岡市野地町,5331,11278,1.13,0.53,38.1,54.4,19,40
45602410020,延岡インター線,,一般国道１０号,45203,0,1.3,延岡市天下町,6419,延岡市天下町,6361,12780,1.25,1.16,68.4,71.5,10,40
45602420010,北方インター線,一般国道２１８号,一般国道２１８号,45203,0,0.8,延岡市北方町大字曽木,938,延岡市北方町大字曽木,1008,1946,1.19,0.33,40.2,44.9,11.1,40
45602430010,須美江インター線,一般国道３８８号,東九州自動車道,45203,0,1.7,延岡市須美江町,336,延岡市須美江町,370,706,1.22,0.1,49,49.2,8,40
45603010010,山陰都農線,,日向市・都農町境,45206,0,9.4,日向市東郷町大字山陰字松尾,55,日向市東郷町大字山陰字松尾,44,99,1.25,1.52,19,21,3.5,40
45603010020,山陰都農線,日向市・都農町境,都農町・日向市境,45406,0,2.4,日向市東郷町大字山陰字松尾,55,日向市東郷町大字山陰字松尾,44,99,1.25,0.55,19,21,4.8,40
45603010030,山陰都農線,都農町・日向市境,日向市・都農町境,45206,0,2.2,日向市東郷町大字山陰字松尾,55,日向市東郷町大字山陰字松尾,44,99,1.25,0.17,19,21,6.1,40
45603010040,山陰都農線,日向市・都農町境,一般国道１０号,45406,0,0.5,日向市東郷町大字山陰字松尾,55,日向市東郷町大字山陰字松尾,44,99,1.25,0.02,19,21,11,40
45603020010,高鍋美々津線,石河内高城高鍋線,高鍋町・川南町境,45401,0,0.2,児湯郡川南町大字川南字尾花,1181,児湯郡川南町大字川南字尾花,1125,2306,1.19,0.33,24.1,40.2,14.3,50
45603020020,高鍋美々津線,高鍋町・川南町境,一般国道１０号,45405,0,1.9,児湯郡川南町大字川南字尾花,1181,児湯郡川南町大字川南字尾花,1125,2306,1.19,0.36,39.8,22.2,14.2,50
45603020030,高鍋美々津線,一般国道１０号,木城高鍋線,45401,0,1.9,児湯郡川南町大字川南字尾花,1181,児湯郡川南町大字川南字尾花,1125,2306,1.19,0.35,24.4,29.9,7.1,40
45603020040,高鍋美々津線,木城高鍋線,高鍋町・川南町境,45401,0,0.4,児湯郡川南町大字平田字伊倉,987,児湯郡川南町大字平田字伊倉,1085,2072,1.19,0.24,51.5,50.2,7.1,40
45603020050,高鍋美々津線,高鍋町・川南町境,川南港線,45405,0,0.9,児湯郡川南町大字平田字伊倉,987,児湯郡川南町大字平田字伊倉,1085,2072,1.19,0.26,46.7,33.8,8.9,50
45603020060,高鍋美々津線,川南港線,尾鈴川南停車場線,45405,0,4.1,児湯郡川南町大字平田字伊倉,987,児湯郡川南町大字平田字伊倉,1085,2072,1.19,0.26,43.4,48.5,8.9,50
45603020070,高鍋美々津線,尾鈴川南停車場線,川南町・都農町境,45405,0,4.6,児湯郡川南町大字川南字孫谷,1620,児湯郡川南町大字川南字孫谷,1454,3074,1.2,0.39,57.8,58.6,8.9,50
45603020080,高鍋美々津線,川南町・都農町境,都農停車場線,45406,0,2.3,児湯郡川南町大字川南字孫谷,1620,児湯郡川南町大字川南字孫谷,1454,3074,1.2,0.34,51.9,43.9,10,40
45603020100,高鍋美々津線,,東都農停車場線,45406,0,4.2,児湯郡都農町大字川北字丸溝,1319,児湯郡都農町大字川北字丸溝,1435,2754,1.19,0.47,62,61.5,10,40
45603020140,高鍋美々津線,高鍋美々津線,都農町・日向市境,45406,0,2.1,児湯郡都農町大字川北字丸溝,1319,児湯郡都農町大字川北字丸溝,1435,2754,1.19,0.47,58.8,61.7,10,40
45603020150,高鍋美々津線,都農町・日向市境,一般国道１０号,45206,0,0.7,児湯郡都農町大字川北字丸溝,1319,児湯郡都農町大字川北字丸溝,1435,2754,1.19,0.48,50.6,17.1,9.8,40
45603020120,高鍋美々津線,一般国道１０号,中野原美々津線,45206,0,5.4,児湯郡都農町大字川北字丸溝,1319,児湯郡都農町大字川北字丸溝,1435,2754,1.19,1.21,31,35.4,7.1,40
45603030010,都農インター線,都農綾線,東九州自動車道,45406,0,0.9,児湯郡都農町大字川北字榎土手,599,児湯郡都農町大字川北字榎土手,605,1204,1.16,0.13,38.1,47.3,11.5,40
45603040010,木城高鍋線,都農綾線,木城西都線,45404,0,1,児湯郡木城町大字高城字中川原,4504,児湯郡木城町大字高城字中川原,4549,9053,1.24,0.97,28.4,26.6,8.3,40
45603040020,木城高鍋線,木城西都線,木城町・高鍋町境,45404,0,1.2,児湯郡木城町大字高城字中川原,4504,児湯郡木城町大字高城字中川原,4549,9053,1.24,0.97,39.3,38.1,8.3,40
45603040030,木城高鍋線,木城町・高鍋町境,杉安高鍋線,45401,0,3.8,児湯郡高鍋町大字上江字馬場原,3731,児湯郡高鍋町大字上江字馬場原,4046,7777,1.23,0.74,39.3,34.5,16,40
45603040040,木城高鍋線,杉安高鍋線,石河内高城高鍋線,45401,0,0.3,児湯郡高鍋町大字上江字馬場原,3731,児湯郡高鍋町大字上江字馬場原,4046,7777,1.23,0.74,17.8,17.8,16,40
45603040080,木城高鍋線,石河内高城高鍋線,一般国道１０号,45401,0,1,児湯郡高鍋町大字上江字馬場原,3731,児湯郡高鍋町大字上江字馬場原,4046,7777,1.23,0.7,31.1,23,7.3,40
45603040060,木城高鍋線,一般国道１０号,高鍋美々津線,45401,0,1.8,児湯郡高鍋町大字上江字馬場原,3731,児湯郡高鍋町大字上江字馬場原,4046,7777,1.23,0.7,21.8,42.5,7.3,40
45603050010,日置南高鍋線,一般国道１０号,新富町・高鍋町境,45402,0,3.3,児湯郡新富町大字日置字原口,2225,児湯郡新富町大字日置字原口,2342,4567,1.21,0.48,32.9,46.6,10.7,50
45603050020,日置南高鍋線,新富町・高鍋町境,宮崎高鍋線,45401,0,2.3,児湯郡新富町大字日置字原口,2225,児湯郡新富町大字日置字原口,2342,4567,1.21,0.51,43.1,35.7,7.1,50
45603060010,今別府八幡線,一般国道１０号,川床日向新富停車場線,45402,0,0.4,児湯郡新富町大字日置字原口,1507,児湯郡新富町大字日置字原口,1439,2946,1.21,0.34,10.5,21.6,16,40
45603060020,今別府八幡線,川床日向新富停車場線,荒武新富線,45402,0,1,児湯郡新富町大字日置字原口,1507,児湯郡新富町大字日置字原口,1439,2946,1.21,0.34,21.6,21,16,40
45603060030,今別府八幡線,荒武新富線,一般国道１０号,45402,0,0.4,児湯郡新富町大字日置字原口,1507,児湯郡新富町大字日置字原口,1439,2946,1.21,0.34,24,21.3,16,40
45603070010,尾鈴川南停車場線,,都農町・川南町境,45406,0,3.9,児湯郡川南町大字平田,2631,児湯郡川南町大字平田,2942,5573,1.22,0.7,33,34.1,6.6,50
45603070020,尾鈴川南停車場線,都農町・川南町境,都農綾線,45405,0,5.3,児湯郡川南町大字平田,2631,児湯郡川南町大字平田,2942,5573,1.22,0.59,33,34.1,9,50
45603070040,尾鈴川南停車場線,都農綾線,一般国道１０号,45405,0,4.2,児湯郡川南町大字平田,2631,児湯郡川南町大字平田,2942,5573,1.22,0.54,42.8,40.2,10.9,50
45603070050,尾鈴川南停車場線,一般国道１０号,高鍋美々津線,45405,0,3.1,児湯郡川南町大字平田,2631,児湯郡川南町大字平田,2942,5573,1.22,0.54,33,34.1,10.9,50
45603080010,高鍋インター線,石河内高城高鍋線,東九州自動車道,45401,0,0.5,児湯郡高鍋町大字上江字竹鳩,813,児湯郡高鍋町大字上江字竹鳩,902,1715,1.18,0.18,35,42.7,11.5,50
45603090010,川床日向新富停車場線,高鍋高岡線,宮崎高鍋線,45402,0,4.1,児湯郡新富町大字三納代字下三納代,651,児湯郡新富町大字三納代字下三納代,627,1278,1.16,0.21,39.4,37.4,5.7,50
45603090020,川床日向新富停車場線,宮崎高鍋線,一般国道１０号,45402,0,3.4,児湯郡新富町大字三納代字下三納代,651,児湯郡新富町大字三納代字下三納代,627,1278,1.16,0.21,39.4,37.4,5.7,50
45603090030,川床日向新富停車場線,一般国道１０号,今別府八幡線,45402,0,0.3,児湯郡新富町大字三納代字下三納代,651,児湯郡新富町大字三納代字下三納代,627,1278,1.16,0.21,12.8,37.4,5.7,50
45603090040,川床日向新富停車場線,今別府八幡線,,45402,0,0.3,児湯郡新富町大字三納代字下三納代,651,児湯郡新富町大字三納代字下三納代,627,1278,1.16,0.21,39.4,37.4,5.7,50
45603100010,都農停車場線,高鍋美々津線,一般国道１０号,45406,0,1.4,,390,,404,794,1.15,0.1,20.3,20.8,15,40
45603110010,高鍋停車場線,,一般国道１０号,45401,0,1.3,児湯郡高鍋町蚊口浦,1525,児湯郡高鍋町蚊口浦,1538,3063,1.21,0.27,18,16.3,16,40
45603120010,木城西都線,木城高鍋線,木城町・西都市境,45404,0,3.5,児湯郡木城町椎木,2627,児湯郡木城町椎木,2824,5451,1.22,0.66,36.6,38.8,7,40
45603120020,木城西都線,木城町・西都市境,,45208,0,0.5,児湯郡木城町椎木,2627,児湯郡木城町椎木,2824,5451,1.22,0.6,54.4,54.7,8.7,40
45603120030,木城西都線,,杉安高鍋線,45401,0,0.8,児湯郡木城町椎木,2627,児湯郡木城町椎木,2824,5451,1.22,0.65,36.8,30.2,8.3,50
45603120040,木城西都線,杉安高鍋線,,45402,0,0.1,児湯郡木城町椎木,2627,児湯郡木城町椎木,2824,5451,1.22,0.6,45,45.1,11.4,40
45603120050,木城西都線,,西都市・新富町境,45208,0,2.7,児湯郡木城町椎木,2627,児湯郡木城町椎木,2824,5451,1.22,0.62,41.5,36.4,11.6,40
45603120060,木城西都線,西都市・新富町境,高鍋高岡線,45402,0,0,児湯郡木城町椎木,2627,児湯郡木城町椎木,2824,5451,1.22,0.62,21.8,14.8,11.6,40
45603120070,木城西都線,高鍋高岡線,新富町・西都市境,45402,0,2.7,児湯郡新富町大字新田,3333,児湯郡新富町大字新田,3384,6717,1.23,0.86,48.3,50.6,14,50
45603120080,木城西都線,新富町・西都市境,荒武新富線,45208,0,0.4,児湯郡新富町大字新田,3333,児湯郡新富町大字新田,3384,6717,1.23,0.93,48.2,24.9,11.2,50
45603130010,杉安高鍋線,一般国道２１９号,東郷西都線,45208,0,1.9,児湯郡高鍋町上江,1452,児湯郡高鍋町上江,1527,2979,1.21,0.4,31,28.1,6.8,50
45603130020,杉安高鍋線,東郷西都線,木城西都線,45208,0,5.8,児湯郡高鍋町上江,1452,児湯郡高鍋町上江,1527,2979,1.21,0.4,44.5,41.2,6.8,50
45603130030,杉安高鍋線,木城西都線,高鍋高岡線,45401,0,6.5,児湯郡高鍋町上江,1452,児湯郡高鍋町上江,1527,2979,1.21,0.36,45.6,44.9,10.7,40
45603130050,杉安高鍋線,高鍋高岡線,木城高鍋線,45401,0,0.9,児湯郡高鍋町北高鍋,3310,児湯郡高鍋町北高鍋,2997,6307,1.23,0.58,19.3,20.8,12.7,40
45603160010,小川越野尾線,,一般国道２１９号,45403,0,16.4,西米良村大字小川字沢水,113,西米良村大字小川字沢水,100,213,1.48,0.52,30.6,29.8,4.3,60
45603170010,西都原古墳山路線,西都原古墳線,都農綾線,45208,0,3.2,西都市大字三宅字法瀬ヶ丸,210,西都市大字三宅字法瀬ヶ丸,207,417,1.21,0.08,33.2,32.2,7.4,50
45603180010,西都原古墳線,,西都原古墳山路線,45208,0,0.9,西都市大字三宅字笹貫畑,1747,西都市大字三宅字笹貫畑,1733,3480,1.21,0.33,34.1,39.3,9,40
45603180020,西都原古墳線,西都原古墳山路線,高鍋高岡線,45208,0,0.9,西都市大字三宅字笹貫畑,1747,西都市大字三宅字笹貫畑,1733,3480,1.21,0.33,34.1,39.3,9,40
45603190010,寒川下三財線,,都農綾線,45208,0,6.3,西都市大字下三財字池見手,782,西都市大字下三財字池見手,892,1674,1.18,0.82,35.9,34.8,4.5,40
45603190030,寒川下三財線,都農綾線,高鍋高岡線,45208,0,3.5,西都市大字下三財字池見手,782,西都市大字下三財字池見手,892,1674,1.18,0.18,35.9,39.1,10.8,40
45603200010,下三財都於郡線,高鍋高岡線,荒武新富線,45208,0,2.4,西都市大字藤田字藤栄,830,西都市大字藤田字藤栄,842,1672,1.18,0.21,40,31,10.1,40
45603210010,西都インター線,一般国道２１９号,西都市・新富町境,45208,0,0.3,西都市大字黒生野,1496,西都市大字黒生野,1455,2951,1.2,0.22,29.8,33.5,18.6,40
45603210020,西都インター線,西都市・新富町境,東九州自動車道,45402,0,0,西都市大字黒生野,1496,西都市大字黒生野,1455,2951,1.2,0.22,33.8,37,18.6,40
45603240010,札の元佐土原線,都農綾線,高鍋高岡線,45208,0,3.4,宮崎市佐土原町上田島,930,宮崎市佐土原町上田島,1020,1950,1.17,0.24,43.2,34.7,10,40
45603240015,札の元佐土原線,高鍋高岡線,（旧）札の元佐土原線,45208,0,2,宮崎市佐土原町上田島,930,宮崎市佐土原町上田島,1020,1950,1.17,0.24,27.9,24.5,10,40
45603240100,札の元佐土原線,（旧）札の元佐土原線,荒武新富線,45208,0,0.3,宮崎市佐土原町上田島,930,宮崎市佐土原町上田島,1020,1950,1.17,0.24,27.9,20,10,40
45603240110,札の元佐土原線,荒武新富線,（旧）札の元佐土原線,45208,0,0.6,宮崎市佐土原町上田島,930,宮崎市佐土原町上田島,1020,1950,1.17,0.23,13.6,26.3,11.5,50
45603240040,札の元佐土原線,（旧）札の元佐土原線,西都市・宮崎市境,45208,0,1.2,宮崎市佐土原町上田島,930,宮崎市佐土原町上田島,1020,1950,1.17,0.23,48.9,47.4,11.5,50
45603240050,札の元佐土原線,西都市・宮崎市境,（旧）札の元佐土原線,45201,0,1.3,宮崎市佐土原町上田島,930,宮崎市佐土原町上田島,1020,1950,1.17,0.24,48.6,46.4,11,50
45603240060,札の元佐土原線,（旧）札の元佐土原線,一般国道２１９号,45201,0,1.1,宮崎市佐土原町上田島字堤,2177,宮崎市佐土原町上田島字堤,1861,4038,1.17,0.5,38.7,19.9,11,50
45302190280,札の元佐土原線,一般国道２１９号,宮本新町線,45201,0,0.9,宮崎市佐土原町上田島字堤,2177,宮崎市佐土原町上田島字堤,1861,4038,1.17,0.5,38.2,32.9,11,50
45603250010,福王寺佐土原線,都農綾線,高鍋高岡線,45208,0,4.4,西都市大字上三財字中村,302,西都市大字上三財字中村,310,612,1.22,0.08,46.5,38.9,10.6,40
45603250030,福王寺佐土原線,高鍋高岡線,荒武新富線,45208,0,1.9,西都市大字上三財字中村,302,西都市大字上三財字中村,310,612,1.22,0.09,47.3,47.4,8.5,40
45603250050,福王寺佐土原線,荒武新富線,西都市・宮崎市境,45208,0,2.5,西都市大字上三財字中村,302,西都市大字上三財字中村,310,612,1.22,0.08,40.9,46.1,10,50
45603250060,福王寺佐土原線,西都市・宮崎市境,佐土原国富線,45201,0,3.1,西都市大字上三財字中村,302,西都市大字上三財字中村,310,612,1.22,0.08,48.1,41.5,10.6,50
45603260010,宮本新町線,宮崎インター佐土原線,一般国道１０号,45201,0,0.3,宮崎市佐土原町下田島字天神,3726,宮崎市佐土原町下田島字天神,3645,7371,1.24,0.61,21.9,29.3,12,50
45603260015,宮本新町線,一般国道１０号,宮崎高鍋線,45201,0,2.8,宮崎市佐土原町下田島字天神,3726,宮崎市佐土原町下田島字天神,3645,7371,1.24,0.61,45.3,40.8,12,50
45400440090,宮本新町線,宮崎高鍋線,（旧）宮崎高鍋線,45201,0,0.8,宮崎市佐土原町下田島字天神,3726,宮崎市佐土原町下田島字天神,3645,7371,1.24,0.68,29.4,27.5,16,40
45603260040,宮本新町線,（旧）宮崎高鍋線,札の元佐土原線,45201,0,0.3,宮崎市佐土原町下田島字天神,3726,宮崎市佐土原町下田島字天神,3645,7371,1.24,0.68,28.4,25.7,16,40
45603320010,宮崎神宮線,,宮崎高鍋線,45201,0,0.1,宮崎市神宮東３丁目,1630,宮崎市神宮東３丁目,1763,3393,1.21,0.35,9.8,7.3,11.1,30
45603320020,宮崎神宮線,宮崎高鍋線,一般国道１０号,45201,0,0.8,宮崎市神宮東３丁目,1630,宮崎市神宮東３丁目,1763,3393,1.21,0.35,20.2,16,11.1,30
45603330010,下北方古墳線,,宮崎高鍋線,45201,0,1.4,宮崎市下北方町下郷,2048,宮崎市下北方町下郷,1865,3913,1.22,0.37,32.7,25,11,40
45603330025,下北方古墳線,宮崎高鍋線,,45201,0,0.6,宮崎市神宮２丁目,15119,宮崎市神宮２丁目,15786,30905,1.3,1.38,11.5,20.6,22,50
45603330030,下北方古墳線,,宮崎須木線,45201,0,0.3,宮崎市神宮２丁目,15119,宮崎市神宮２丁目,15786,30905,1.3,1.38,17.3,16.6,22,50
45603340010,生目浮田線,,一般国道１０号,45201,0,0.7,宮崎市生目２４１地先,2033,宮崎市生目２４１地先,2051,4084,1.21,0.46,29.6,26.7,13.5,30
45603340020,生目浮田線,一般国道１０号,宮崎西環状線,45201,0,0.3,宮崎市生目２４１地先,2033,宮崎市生目２４１地先,2051,4084,1.21,0.47,22.4,15.3,12.6,30
45603360010,宮崎田野線,宮崎西環状線,高岡郡司分線,45201,0,4.7,宮崎市田野町乙,3511,宮崎市田野町乙,3127,6638,1.23,0.76,43.9,41.3,11,50
45603360020,宮崎田野線,高岡郡司分線,日南高岡線,45201,0,8.4,宮崎市田野町乙,3511,宮崎市田野町乙,3127,6638,1.23,0.76,38.6,42.3,11,50
45603370010,城ケ崎清武線,宮崎港宮崎停車場線,古城赤江線,45201,0,1,宮崎市恒久南３丁目,6474,宮崎市恒久南３丁目,7331,13805,1.24,1.17,22.8,19.5,16.5,40
45603370020,城ケ崎清武線,古城赤江線,中村木崎線,45201,0,0.6,宮崎市恒久南３丁目,6474,宮崎市恒久南３丁目,7331,13805,1.24,1.17,15.1,14,16.5,40
45603370030,城ケ崎清武線,中村木崎線,宮崎インター佐土原線,45201,0,1,宮崎市清武町加納丙,8215,宮崎市清武町加納丙,7612,15827,1.27,1.34,12.5,15.6,16,40
45603370040,城ケ崎清武線,宮崎インター佐土原線,高岡郡司分線,45201,0,2.7,宮崎市清武町加納丙,8215,宮崎市清武町加納丙,7612,15827,1.27,1.34,19.7,21.4,16,40
45603380010,大久保木崎線,一般国道２６９号,大戸野清武線,45201,0,2.4,宮崎市清武町木原,4666,宮崎市清武町木原,4403,9069,1.23,0.79,16.8,16.2,8,40
45603380020,大久保木崎線,大戸野清武線,宮崎北郷線,45201,0,0.6,宮崎市清武町木原,4666,宮崎市清武町木原,4403,9069,1.23,0.75,16.8,16.2,16.3,40
45603380030,大久保木崎線,宮崎北郷線,学園木花台本郷北方線,45201,0,2.6,宮崎市清武町木原,4666,宮崎市清武町木原,4403,9069,1.23,0.82,30.5,32.8,7.5,40
45603380040,大久保木崎線,学園木花台本郷北方線,中村木崎線,45201,0,1.9,宮崎市清武町木原,4666,宮崎市清武町木原,4403,9069,1.23,0.82,39.7,32.7,7.5,40
45603390010,塩鶴木崎線,宮崎北郷線,学園木花台加江田線,45201,0,3.7,宮崎市学園木花台,966,宮崎市学園木花台,892,1858,1.19,0.2,41.7,43,9,40
45603390020,塩鶴木崎線,学園木花台加江田線,学園木花台加江田線,45201,0,0.1,宮崎市学園木花台,966,宮崎市学園木花台,892,1858,1.19,0.2,30.4,23.4,9,40
45603390025,塩鶴木崎線,学園木花台加江田線,勢田木崎線,45201,0,1.6,宮崎市学園木花台,4435,宮崎市学園木花台,4401,8836,1.23,0.93,39.1,39.8,16,40
45603390030,塩鶴木崎線,勢田木崎線,中村木崎線,45201,0,0.5,宮崎市学園木花台,4435,宮崎市学園木花台,4401,8836,1.23,0.93,20.3,15.9,16,40
45603400010,大戸野清武線,日南高岡線,日南市・宮崎市境,45204,0,0.3,宮崎市清武町今泉,2881,宮崎市清武町今泉,2957,5838,1.22,1.7,26,26.1,5.1,40
45603400015,大戸野清武線,日南市・宮崎市境,宮崎市道,45201,0,10.3,宮崎市清武町今泉,2881,宮崎市清武町今泉,2957,5838,1.22,3.13,26,26.1,4.5,40
45603400020,大戸野清武線,宮崎市道,大久保木崎線,45201,0,2.5,宮崎市清武町今泉,2881,宮崎市清武町今泉,2957,5838,1.22,3.13,42.5,41,4.5,40
45603410010,宮崎港宮崎停車場線,,城ケ崎清武線,45201,0,2,宮崎市城ケ崎３丁目,6182,宮崎市城ケ崎３丁目,5247,11429,1.25,0.84,24.4,20.6,16,40
45603410020,宮崎港宮崎停車場線,城ケ崎清武線,,45201,0,0.5,宮崎市城ケ崎３丁目,6182,宮崎市城ケ崎３丁目,5247,11429,1.25,0.84,14.5,21.2,16,40
45603410025,宮崎港宮崎停車場線,,,45201,0,0.4,宮崎市瀬頭１丁目,16259,宮崎市瀬頭１丁目,14335,30594,1.31,0.86,19.8,9.2,24.5,40
45603410030,宮崎港宮崎停車場線,,宮崎島之内線,45201,0,0.9,宮崎市瀬頭１丁目,16259,宮崎市瀬頭１丁目,14335,30594,1.31,0.86,29.8,16.4,24.5,40
45603410035,宮崎港宮崎停車場線,宮崎島之内線,,45201,0,0.6,宮崎市瀬頭１丁目,16259,宮崎市瀬頭１丁目,14335,30594,1.31,0.86,16.2,18.1,24.5,40
45603410040,宮崎港宮崎停車場線,,宮崎停車場線,45201,0,0.3,宮崎市瀬頭１丁目,16259,宮崎市瀬頭１丁目,14335,30594,1.31,0.86,12.8,16,24.5,40
45603420010,青島停車場青島線,,内海加江田線,45201,0,0.1,宮崎市青島２丁目,203,宮崎市青島２丁目,204,407,1.24,0.16,19.2,42.4,6,30
45603420030,青島停車場青島線,内海加江田線,,45201,0,0.5,宮崎市青島２丁目,203,宮崎市青島２丁目,204,407,1.24,0.16,37.2,42.4,6,30
45603430010,鰐塚山田野停車場線,,宮崎市・三股町境,45201,0,0.3,宮崎市田野町,58,宮崎市田野町,55,113,1.25,0.32,28.7,30,4.3,40
45603430020,鰐塚山田野停車場線,宮崎市・三股町境,三股町・日南市境,45341,0,0.1,宮崎市田野町,58,宮崎市田野町,55,113,1.25,0.32,28.7,30,3.6,40
45603430030,鰐塚山田野停車場線,三股町・日南市境,日南市・宮崎市境,45204,0,6.9,宮崎市田野町,58,宮崎市田野町,55,113,1.25,0.32,28.7,30,4.5,40
45603430040,鰐塚山田野停車場線,日南市・宮崎市境,日南高岡線,45201,0,10,宮崎市田野町,58,宮崎市田野町,55,113,1.25,0.05,28.7,30,6,40
45603430050,鰐塚山田野停車場線,日南高岡線,一般国道２６９号,45201,0,0.1,宮崎市田野町,58,宮崎市田野町,55,113,1.25,0.05,19.5,11.6,6,40
45603430060,鰐塚山田野停車場線,一般国道２６９号,,45201,0,0.6,宮崎市田野町,58,宮崎市田野町,55,113,1.25,0.05,28.7,30,6,40
45603450010,佐土原停車場線,,宮崎インター佐土原線,45201,0,0.1,,7550,,6881,14431,1.25,0.4,6.8,3.6,22,30
45603460010,日向住吉停車場線,,一般国道１０号,45201,0,0,,7550,,6881,14431,1.25,1.25,11.8,12.6,6,30
45603470010,南宮崎停車場線,,一般国道２２０号,45201,0,0.5,宮崎市大淀３丁目,5791,宮崎市大淀３丁目,4455,10246,1.24,0.37,14.3,11,30.1,40
45603480005,清武停車場線,,,45201,0,0.1,,3448,,3654,7102,1.23,0.73,10.9,8,15,40
45603480010,清武停車場線,,一般国道２６９号,45201,0,0.6,,3448,,3654,7102,1.23,0.73,15.9,9.7,15,40
45603500010,内海港線,,内海加江田線,45201,0,0.4,,154,,140,294,1.29,0.1,18.5,18.9,6,30
45603510010,木脇高岡線,宮崎須木線,国富町・宮崎市境,45382,0,1.2,宮崎市高岡町花見字下原,359,宮崎市高岡町花見字下原,349,708,1.15,0.35,30.2,30.9,5.7,30
45603510020,木脇高岡線,国富町・宮崎市境,,45201,0,0,宮崎市高岡町花見字下原,359,宮崎市高岡町花見字下原,349,708,1.15,0.35,30.2,30.9,5.7,30
45603510040,木脇高岡線,南俣宮崎線,赤谷橋山線,45201,0,4.8,宮崎市高岡町花見字下原,359,宮崎市高岡町花見字下原,349,708,1.15,0.09,30.2,30.9,8.9,40
45603520010,野首麓線,宮崎須木線,南俣宮崎線,45201,0,2,宮崎市糸原２３６６,2581,宮崎市糸原２３６６,2622,5203,1.23,0.52,27.6,35.9,11,40
45603520020,野首麓線,南俣宮崎線,一般国道１０号,45201,0,3.6,宮崎市糸原２３６６,2581,宮崎市糸原２３６６,2622,5203,1.23,0.52,26.4,39.3,11,40
45603520040,野首麓線,高岡郡司分線,日南高岡線,45201,0,1.2,宮崎市糸原２３６６,2581,宮崎市糸原２３６６,2622,5203,1.23,0.59,30.2,32.2,11,40
45603550010,旭村木脇線,都農綾線,高鍋高岡線,45382,0,8.3,東諸県郡国富町字八代北俣字尾園,1276,東諸県郡国富町字八代北俣字尾園,1218,2494,1.2,0.46,43,42.8,8.8,40
45603550015,旭村木脇線,高鍋高岡線,（旧）旭村木脇線,45382,0,2.7,東諸県郡国富町字八代北俣字尾園,1276,東諸県郡国富町字八代北俣字尾園,1218,2494,1.2,0.45,37.2,43.6,10.7,50
45603550020,旭村木脇線,（旧）旭村木脇線,佐土原国富線,45382,0,0.2,東諸県郡国富町字八代北俣字尾園,1276,東諸県郡国富町字八代北俣字尾園,1218,2494,1.2,0.45,25.5,23.7,10.7,50
45603560010,法ケ岳本庄線,,綾法ヶ岳線,45382,0,0.9,東諸県郡国富町大字深年字前畑,882,東諸県郡国富町大字深年字前畑,807,1689,1.18,0.23,24.6,17.2,8.8,40
45603560020,法ケ岳本庄線,綾法ヶ岳線,都農綾線,45382,0,3.7,東諸県郡国富町大字深年字前畑,882,東諸県郡国富町大字深年字前畑,807,1689,1.18,0.23,28.3,44.6,8.8,40
45603560040,法ケ岳本庄線,都農綾線,宮崎須木線,45382,0,5.1,東諸県郡国富町大字深年字前畑,882,東諸県郡国富町大字深年字前畑,807,1689,1.18,0.22,45.8,43.2,10.5,50
45603570010,田ノ平綾線,宮崎市・綾町境,高岡綾線,45383,0,3.2,東諸県郡綾町大字入野字沖代,334,東諸県郡綾町大字入野字沖代,341,675,1.21,0.08,32.9,32.6,6.5,40
45603570020,田ノ平綾線,高岡綾線,宮崎須木線,45383,0,0.5,東諸県郡綾町大字入野字沖代,334,東諸県郡綾町大字入野字沖代,341,675,1.21,0.08,26.5,22.9,6.5,40
45603580010,高岡綾線,一般国道１０号,宮崎市・綾町境,45201,0,4,宮崎市高岡町大字内山字新田,868,宮崎市高岡町大字内山字新田,902,1770,1.18,0.28,46.1,49.4,9.7,50
45603580020,高岡綾線,宮崎市・綾町境,田ノ平綾線,45383,0,2.1,宮崎市高岡町大字内山字新田,868,宮崎市高岡町大字内山字新田,902,1770,1.18,0.31,47.9,47.4,12,40
45603590010,赤谷橋山線,一般国道１０号,高鍋高岡線,45201,0,4.3,宮崎市高岡町五町,2741,宮崎市高岡町五町,2655,5396,1.22,0.51,37.5,37.4,9,40
45603590020,赤谷橋山線,高鍋高岡線,木脇高岡線,45201,0,1,宮崎市高岡町五町,2741,宮崎市高岡町五町,2655,5396,1.22,0.51,36.6,34.1,9,40
45603590030,赤谷橋山線,木脇高岡線,一般国道１０号,45201,0,0.4,宮崎市高岡町五町,2741,宮崎市高岡町五町,2655,5396,1.22,0.51,37.3,20.9,9,40
45603600010,田代八重綾線,一般国道２６５号,小林市・綾町境,45205,0,12.9,東諸県郡綾町北俣字堂前,113,東諸県郡綾町北俣字堂前,102,215,1.25,0.11,34.4,32.7,5,50
45603600020,田代八重綾線,小林市・綾町境,綾法ヶ岳線,45383,0,14.2,東諸県郡綾町北俣字堂前,113,東諸県郡綾町北俣字堂前,102,215,1.25,0.18,34.4,32.7,4.3,50
45603600030,田代八重綾線,綾法ヶ岳線,南俣宮崎線,45383,0,2.1,東諸県郡綾町北俣字堂前,113,東諸県郡綾町北俣字堂前,102,215,1.25,0.18,34.4,32.7,4.3,50
45603610010,綾法ヶ岳線,田代八重綾線,綾町・国富町境,45383,0,3.2,東諸県郡綾町北俣字小田爪,579,東諸県郡綾町北俣字小田爪,634,1213,1.16,0.23,31.3,30.7,8,40
45603610020,綾法ヶ岳線,綾町・国富町境,法ケ岳本庄線,45382,0,0.4,東諸県郡綾町北俣字小田爪,579,東諸県郡綾町北俣字小田爪,634,1213,1.16,1.2,31.3,30.7,5.5,40
45603640010,川南港線,高鍋美々津線,一般国道１０号,45405,0,1.4,,392,,406,798,1.15,0.1,32.1,30.6,17.1,40
45603660010,東都農停車場線,高鍋美々津線,一般国道１０号,45406,0,0.6,,392,,406,798,1.15,0.09,28.3,19.2,12,40
45603670005,中村木崎線,一般国道２２０号,,45201,0,0.5,宮崎市大字恒久字春日田,8878,宮崎市大字恒久字春日田,8786,17664,1.27,1.34,10.5,7.2,14.8,40
45603670010,中村木崎線,,城ケ崎清武線,45201,0,1.5,宮崎市大字恒久字春日田,8878,宮崎市大字恒久字春日田,8786,17664,1.27,1.34,19,17.7,14.8,40
45603670020,中村木崎線,城ケ崎清武線,宮崎インター佐土原線,45201,0,0.6,宮崎市大字田吉字赤江,8240,宮崎市大字田吉字赤江,7404,15644,1.27,1.15,17.2,17.6,17.5,40
45603670030,中村木崎線,宮崎インター佐土原線,,45201,0,0.9,宮崎市大字田吉字赤江,8240,宮崎市大字田吉字赤江,7404,15644,1.27,1.15,16.5,13,17.5,40
45603670040,中村木崎線,,一般国道２２０号,45201,0,0.2,宮崎市大字郡司分,6281,宮崎市大字郡司分,5904,12185,1.25,1.05,11.2,19.8,17.5,40
45603670050,中村木崎線,一般国道２２０号,高岡郡司分線,45201,0,2.4,宮崎市大字郡司分,6281,宮崎市大字郡司分,5904,12185,1.25,0.97,22.1,19,11,40
45603670060,中村木崎線,高岡郡司分線,大久保木崎線,45201,0,1.5,宮崎市大字郡司分,6281,宮崎市大字郡司分,5904,12185,1.25,0.97,36.6,35.1,11,40
45603670070,中村木崎線,大久保木崎線,塩鶴木崎線,45201,0,0.5,宮崎市大字郡司分,6281,宮崎市大字郡司分,5904,12185,1.25,0.97,25.4,22.2,11,40
45603670080,中村木崎線,塩鶴木崎線,一般国道２２０号,45201,0,0.2,宮崎市大字郡司分,6281,宮崎市大字郡司分,5904,12185,1.25,0.97,20.2,16.3,11,40
45603670090,中村木崎線,一般国道２２０号,一般国道２２０号,45201,0,0.4,宮崎市大字郡司分,6281,宮崎市大字郡司分,5904,12185,1.25,0.97,21.5,20.3,11,40
45603680010,勢田木崎線,宮崎北郷線,学園木花台本郷北方線,45201,0,2.8,宮崎市清武町木原,2688,宮崎市清武町木原,2599,5287,1.22,0.57,33.2,30,30,50
45603680020,勢田木崎線,学園木花台本郷北方線,塩鶴木崎線,45201,0,1.6,宮崎市清武町木原,2688,宮崎市清武町木原,2599,5287,1.22,0.57,31.5,30.2,30,50
45603700010,細江浮田線,高岡郡司分線,宮崎西環状線,45201,0,3.5,宮崎市大字浮田字栗下,1973,宮崎市大字浮田字栗下,1980,3953,1.21,0.45,34.5,25.9,11.6,40
45603710010,清武インター線,一般国道２６９号,東九州自動車道,45201,0,1.2,宮崎市清武町今泉字上大久保,578,宮崎市清武町今泉字上大久保,734,1312,1.17,0.17,41.2,45.5,10.4,50
45603720005,塩路佐土原線,宮崎島之内線,,45201,0,2.5,宮崎市佐土原町下那珂,7870,宮崎市佐土原町下那珂,7943,15813,1.26,1.39,30.2,35.4,10.1,50
45603720010,塩路佐土原線,,一般国道１０号,45201,0,5.3,宮崎市佐土原町下那珂,7870,宮崎市佐土原町下那珂,7943,15813,1.26,1.39,41.2,43.9,10.1,50
45603740010,古城赤江線,城ケ崎清武線,田吉通線（宮崎市道）,45201,0,0.7,宮崎市田吉,3024,宮崎市田吉,3757,6781,1.23,0.6,15.7,24.9,12.1,40
45603740020,古城赤江線,田吉通線（宮崎市道）,宮崎インター佐土原線,45201,0,0.3,宮崎市田吉,3024,宮崎市田吉,3757,6781,1.23,0.6,30.2,28.8,12.1,40
45603750010,学園木花台本郷北方線,勢田木崎線,大久保木崎線,45201,0,1,宮崎市熊野,1591,宮崎市熊野,1693,3284,1.21,0.25,33.6,33.1,16,40
45603750030,学園木花台本郷北方線,高岡郡司分線,一般国道２２０号,45201,0,2.2,宮崎市まなび野２丁目,4271,宮崎市まなび野２丁目,3407,7678,1.23,0.7,26.2,29.9,19,40
45603760010,学園木花台加江田線,勢田木崎線,塩鶴木崎線,45201,0,0.7,宮崎市加江田,196,宮崎市加江田,195,391,1.24,0.05,20.4,21.7,17,40
45603760030,学園木花台加江田線,塩鶴木崎線,内海加江田線,45201,0,3.2,宮崎市加江田,196,宮崎市加江田,195,391,1.24,0.15,22.5,32.5,6,30
45302200470,内海加江田線,内海港線,一般国道２２０号,45201,0,0.3,宮崎市内海９８４,938,宮崎市内海９８４,681,1619,1.18,0.25,38.6,32.2,9.5,50
45302200460,内海加江田線,一般国道２２０号,内海港線,45201,0,2.4,宮崎市内海９８４,938,宮崎市内海９８４,681,1619,1.18,0.25,35.2,39.3,9.5,50
45603770040,内海加江田線,青島停車場青島線,一般国道２２０号,45201,0,2.2,宮崎市青島３丁目１,2766,宮崎市青島３丁目１,2518,5284,1.22,0.37,28.6,31.9,10.1,40
45603770030,内海加江田線,青島停車場青島線,青島停車場青島線,45201,0,0.4,宮崎市青島３丁目１,2766,宮崎市青島３丁目１,2518,5284,1.22,0.37,36,33.5,10.1,40
45603770020,内海加江田線,学園木花台加江田線,青島停車場青島線,45201,0,2.6,宮崎市内海３８１,3146,宮崎市内海３８１,3146,6292,1.22,0.65,40,40.1,10.9,50
45603770010,内海加江田線,一般国道２２０号,学園木花台加江田線,45201,0,0.2,宮崎市内海３８１,3146,宮崎市内海３８１,3146,6292,1.22,0.65,44.5,47.2,10.9,50
45603780010,清武南インター線,一般国道２６９号,東九州自動車道,45201,0,1.5,宮崎市清武町今泉,1288,宮崎市清武町今泉,1335,2623,1.19,0.43,40.9,50,8.3,40
45604010010,奈佐木高岡線,一般国道２６５号,小林市・宮崎市境,45205,0,34,宮崎市高岡町浦之名雨附,26,宮崎市高岡町浦之名雨附,32,58,1.09,0.24,25.3,24.4,4.4,30
45604010020,奈佐木高岡線,小林市・宮崎市境,一般国道２６８号,45201,0,0.5,宮崎市高岡町浦之名雨附,26,宮崎市高岡町浦之名雨附,32,58,1.09,0.03,25.3,24.4,5.9,30
45604030010,えびの高原京町線,,京町小林線,45209,0,4.2,えびの市大字浦字松迫,155,えびの市大字浦字松迫,145,300,1.21,0.14,36.7,37.4,5.7,40
45604040010,石阿弥蛇五日市線,木浦木小林停車場線,小林市・えびの市境,45205,0,7.6,小林市真方字西ノ村,741,小林市真方字西ノ村,769,1510,1.17,0.27,39.2,38.7,12.7,50
45604040020,石阿弥蛇五日市線,小林市・えびの市境,,45209,0,0.8,小林市真方字西ノ村,741,小林市真方字西ノ村,769,1510,1.17,0.31,39.2,38.7,8,40
45604040040,石阿弥蛇五日市線,一般国道２２１号,,45209,0,0.8,小林市真方字西ノ村,741,小林市真方字西ノ村,769,1510,1.17,0.31,39.2,38.7,8,40
45604050010,西麓小林線,一般国道２２１号,高原町・小林市境,45361,0,7,小林市大字細野字永田前,4593,小林市大字細野字永田前,4506,9099,1.24,0.7,35.6,35.6,11.4,50
45604050020,西麓小林線,高原町・小林市境,霧島公園小林線,45205,0,2.8,小林市大字細野字永田前,4593,小林市大字細野字永田前,4506,9099,1.24,0.66,28.8,26.5,11.8,50
45604060010,高千穂峰狭野線,,一般国道２２３号,45361,0,7.7,西諸県郡高原町大字蒲牟田字皇子,318,西諸県郡高原町大字蒲牟田字皇子,299,617,1.2,0.44,28.7,29.5,4.4,40
45604070010,原田杉水流線,京町小林線,一般国道２２１号,45209,0,2,,513,,537,1050,1.16,0.11,35.4,32.3,16,40
45604080010,矢岳高原京町線,,木場吉松えびの線,45209,0,7,えびの市大字昌明寺字前田,132,えびの市大字昌明寺字前田,146,278,1.37,0.05,25.8,25.8,9.5,40
45604090010,生駒高原北西方線,小林えびの高原牧園線,小林市・えびの市境,45205,0,0.3,小林市南西方字人参場,268,小林市南西方字人参場,281,549,1.21,0.07,35.7,36.1,6.5,40
45604090020,生駒高原北西方線,小林市・えびの市境,えびの市・小林市境,45209,0,0.9,小林市南西方字人参場,268,小林市南西方字人参場,281,549,1.21,0.22,35.7,36.1,6.3,40
45604090030,生駒高原北西方線,えびの市・小林市境,京町小林線,45205,0,4.5,小林市南西方字人参場,268,小林市南西方字人参場,281,549,1.21,0.07,35.7,36.1,6.5,40
45604090050,生駒高原北西方線,京町小林線,一般国道２２１号,45205,0,1.1,小林市南西方字人参場,268,小林市南西方字人参場,281,549,1.21,0.07,35.7,36.1,8.4,40
45604100010,木浦木小林停車場線,,石阿弥蛇五日市線,45205,0,6.9,小林市真方字向江馬場,1268,小林市真方字向江馬場,1286,2554,1.2,1.61,36.9,24,4.7,40
45604100020,木浦木小林停車場線,石阿弥蛇五日市線,一般国道２６５号,45205,0,0.9,小林市真方字向江馬場,1268,小林市真方字向江馬場,1286,2554,1.2,1.61,37.9,23,4.7,40
45604110010,えびの飯野停車場線,,一般国道２２１号,45209,0,2.1,えびの市大字原田字池ノ原,1795,えびの市大字原田字池ノ原,1912,3707,1.21,0.4,24.2,24.6,12.1,50
45604130010,祓川高崎線,一般国道２２３号,高原町・都城市境,45361,0,5.3,都城市高崎町大牟田字荒場,507,都城市高崎町大牟田字荒場,536,1043,1.16,0.12,45.2,48,7,50
45604130020,祓川高崎線,高原町・都城市境,都城野尻線,45202,0,7.2,都城市高崎町大牟田字荒場,507,都城市高崎町大牟田字荒場,536,1043,1.16,0.12,45.2,48.1,8.5,50
45604130030,祓川高崎線,都城野尻線,一般国道２２１号,45202,0,0.3,都城市高崎町大牟田字荒場,507,都城市高崎町大牟田字荒場,536,1043,1.16,0.12,45.2,21.9,8.5,50
45604140010,有水高原線,一般国道１０号,都城野尻線,45202,0,6.6,都城市高崎町江平字吉村ノ上,646,都城市高崎町江平字吉村ノ上,608,1254,1.16,0.22,39.6,36.1,11.5,50
45604140030,有水高原線,都城野尻線,都城市・高原町境,45202,0,0,西諸県郡高原町大字後川内字川除,426,西諸県郡高原町大字後川内字川除,427,853,1.15,0.1,18.3,41.7,11.5,50
45604140040,有水高原線,都城市・高原町境,高原野尻線,45361,0,8.6,西諸県郡高原町大字後川内字川除,426,西諸県郡高原町大字後川内字川除,427,853,1.15,0.09,43.3,42.5,12.7,40
45604170010,牛の脛山田線,御池都城線,都城野尻線,45202,0,8.4,都城市山田町山田字外山原,329,都城市山田町山田字外山原,329,658,1.15,0.09,42.7,46.6,10.8,40
45604200010,中方限庄内線,一般国道１０号,高城山田線,45202,0,3.8,都城市菓子野町,2166,都城市菓子野町,1996,4162,1.21,0.53,43,47.2,12,40
45604200030,中方限庄内線,一般国道２２１号,御池都城線,45202,0,4.7,都城市菓子野町,2166,都城市菓子野町,1996,4162,1.21,0.55,41,42.5,10.3,50
45604200050,中方限庄内線,御池都城線,都城野尻線,45202,0,2.7,都城市菓子野町,2166,都城市菓子野町,1996,4162,1.21,0.54,44.1,47.1,12,40
45604220010,有水山之口停車場線,一般国道１０号,一般国道２６９号,45202,0,8.4,都城市高城町有水,429,都城市高城町有水,413,842,1.15,0.19,43.5,44.4,10,40
45604220025,有水山之口停車場線,一般国道２６９号,市道丸岡元中通線,45202,0,0.2,都城市高城町有水,429,都城市高城町有水,413,842,1.15,0.15,18.9,39.5,12,40
45604220030,有水山之口停車場線,市道丸岡元中通線,三股高城線,45202,0,0.8,都城市高城町有水,429,都城市高城町有水,413,842,1.15,0.15,40.1,44.2,12,40
45604220050,有水山之口停車場線,一般国道２６９号,,45202,0,0,都城市高城町有水,429,都城市高城町有水,413,842,1.15,0.15,43.5,44.4,12,40
45604230010,三股停車場線,,都城東環状線,45341,0,0.3,,403,,387,790,1.15,0.13,6.1,5.4,15,40
45604240010,高崎新田停車場線,,一般国道２２１号,45202,0,0.2,,403,,387,790,1.15,0.1,20.6,20,15.1,40
45604250010,万ケ塚停車場線,,高城山田線,45202,0,0.2,,403,,387,790,1.15,0.11,24.1,22,9.2,40
45604260010,青井岳停車場線,,一般国道２６９号,45202,0,0.2,,403,,387,790,1.15,0.11,25.7,26.7,9.1,40
45604270010,西都城停車場線,,都城霧島公園線,45202,0,0.1,,3131,,3360,6491,1.23,0.36,11.2,10.2,77.3,40
45604290010,猪八重線,日南高岡線,,45204,0,4.7,日南市北郷町郷之原字稲荷免,612,日南市北郷町郷之原字稲荷免,651,1263,1.19,0.12,36.8,36.3,7,40
45604300010,郷之原日南線,北郷停車場線,内ノ田松永線,45204,0,4.3,日南市北郷町大字大藤乙字茶屋ノ後,1336,日南市北郷町大字大藤乙字茶屋ノ後,1298,2634,1.2,0.35,42.4,42.9,9.8,40
45604300020,郷之原日南線,内ノ田松永線,元狩倉日南線,45204,0,2.9,日南市北郷町大字大藤乙字茶屋ノ後,1336,日南市北郷町大字大藤乙字茶屋ノ後,1298,2634,1.2,0.35,46,41.1,9.8,40
45604300030,郷之原日南線,元狩倉日南線,一般国道２２２号,45204,0,0.3,日南市北郷町大字大藤乙字茶屋ノ後,1336,日南市北郷町大字大藤乙字茶屋ノ後,1298,2634,1.2,0.35,13.8,15.2,9.8,40
45604310010,内ノ田松永線,郷之原日南線,日南高岡線,45204,0,0.8,,813,,847,1660,1.18,0.21,40.5,25.3,6.5,40
45604320010,元狩倉日南線,,郷之原日南線,45204,0,14,日南市大字吉野方字下菰田,642,日南市大字吉野方字下菰田,615,1257,1.16,1.05,24.9,26.5,4.2,40
45604330010,鵜戸神宮線,,一般国道２２０号,45204,0,1.8,日南市大字宮浦３３６３番地,186,日南市大字宮浦３３６３番地,179,365,1.23,0.04,40.2,39.3,7,40
45604340010,風田星倉線,一般国道２２０号,日南高岡線,45204,0,3.3,日南市大字風田字後之迫,2329,日南市大字風田字後之迫,2344,4673,1.22,0.55,41.1,43,10.5,50
45604340015,風田星倉線,日南高岡線,東九州自動車道,45204,0,0.3,日南市大字風田字後之迫,2329,日南市大字風田字後之迫,2344,4673,1.22,0.61,22.3,28,16,50
45604340020,風田星倉線,東九州自動車道,一般国道２２２号,45204,0,1.7,日南市大字風田字後之迫,2329,日南市大字風田字後之迫,2344,4673,1.22,0.61,24.5,20.3,16,50
45604350010,益安平山線,日南高岡線,一般国道２２０号,45204,0,2.9,日南市大字平山字仮屋下,1495,日南市大字平山字仮屋下,1459,2954,1.19,0.29,51.2,48.9,15,50
45604360010,日南南郷線,日南志布志線,仏坂大堂津線,45204,0,3.2,日南市大字隈谷字川北,6799,日南市大字隈谷字川北,5500,12299,1.18,1.13,40.2,36.3,9.8,50
45604360020,日南南郷線,仏坂大堂津線,仏坂大堂津線,45204,0,0.5,日南市大字隈谷字川北,6799,日南市大字隈谷字川北,5500,12299,1.18,1.13,34.8,31.8,9.8,50
45604360030,日南南郷線,仏坂大堂津線,一般国道２２０号,45204,0,1.9,日南市大字隈谷字川北,6799,日南市大字隈谷字川北,5500,12299,1.18,1.13,40.7,43.2,9.8,50
45604380010,北方南郷線,一般国道２２０号,串間市・日南市境,45207,0,6.1,日南市南郷町大字大牟礼,111,日南市南郷町大字大牟礼,109,220,1.13,0.05,47.6,46.9,9.2,50
45604380020,北方南郷線,串間市・日南市境,一般国道２２０号,45204,0,11.5,日南市南郷町大字大牟礼,111,日南市南郷町大字大牟礼,109,220,1.13,0.05,47.6,46.9,8.8,50
45604390010,市木南郷線,高畑山本城線,市木串間線,45207,0,5,串間市大字市木字九日田,303,串間市大字市木字九日田,293,596,1.19,0.63,37.2,37.1,5,40
45604390030,市木南郷線,市木串間線,串間市・日南市境,45207,0,3.3,串間市大字市木字九日田,303,串間市大字市木字九日田,293,596,1.19,0.33,37.2,37.1,5.6,40
45604390040,市木南郷線,串間市・日南市境,一般国道４４８号,45204,0,2.7,串間市大字市木字九日田,303,串間市大字市木字九日田,293,596,1.19,0.61,37.2,37.1,5.2,40
45604400010,高畑山本城線,,市木南郷線,45207,0,5.6,串間市大字本城字猪之久保,132,串間市大字本城字猪之久保,227,359,1.21,0.05,34.9,35.4,8.3,40
45604400020,高畑山本城線,市木南郷線,一般国道４４８号,45207,0,7.1,串間市大字本城字猪之久保,132,串間市大字本城字猪之久保,227,359,1.21,0.05,34.9,35.4,8.3,40
45604410010,一氏西方線,日南志布志線,一般国道２２０号,45207,0,7.2,串間市大字西方字穂佐ケ原,1433,串間市大字西方字穂佐ケ原,1523,2956,1.21,0.48,37.3,36.4,10.1,40
45604420010,油津停車場線,,一般国道２２２号,45204,0,0.2,,910,,899,1809,1.19,0.17,5.7,8.4,18,40
45604430010,仏坂大堂津線,酒谷榎原線,日南南郷線,45204,0,5.5,日南市大字上方２６６４番地,1126,日南市大字上方２６６４番地,1243,2369,1.2,0.3,47.7,44.7,10.3,40
45604430030,仏坂大堂津線,日南南郷線,一般国道２２０号,45204,0,1.2,日南市大字上方２６６４番地,1126,日南市大字上方２６６４番地,1243,2369,1.2,0.36,28.5,31.7,9.9,40
45604440010,北郷停車場線,郷之原日南線,,45204,0,0.1,,806,,845,1651,1.18,0.17,30,31.8,6.6,40
45604450010,飫肥停車場線,,一般国道２２２号,45204,0,0,,816,,854,1670,1.18,0.18,4.9,3.3,18,30
45604460010,榎原停車場線,,一般国道２２０号,45204,0,0.1,,313,,290,603,1.15,0.24,25.7,30,10.1,30
45604470010,串間停車場線,,一般国道２２０号,45207,0,0.1,,2827,,2565,5392,1.22,0.4,32.7,30,16.4,40
45604480010,目井津港線,,一般国道２２０号,45204,0,0.4,,313,,290,603,1.15,0.06,12.5,7,8.3,30
45604490010,福島港線,,一般国道２２０号,45207,0,0.5,,1132,,1212,2344,1.2,0.49,35.1,19.2,5.6,40
45604540010,都井西方線,一般国道４４８号,,45207,0,1.2,串間市大字南方字永畑,360,串間市大字南方字永畑,371,731,1.15,0.16,34.3,34.1,8,50
45604540030,都井西方線,,一般国道２２０号,45207,0,6.7,串間市大字南方字永畑,360,串間市大字南方字永畑,371,731,1.15,0.4,34.3,34.1,4.8,50
