交通調査基本区間番号,路線名,起点側／路線名等,終点側／路線名等,市区町村コード,自動車専用道路の別,区間延長（ｋｍ）,上り／交通量観測地点地名,上り／２４時間自動車類交通量／合計（台）,下り／交通量観測地点地名,下り／２４時間自動車類交通量／合計（台）,２４時間自動車類交通量（上下合計）／合計（台）,昼夜率,混雑度,朝夕（混雑時）／上り／旅行速度／合計（ｋｍ／ｈ）,朝夕（混雑時）／下り／旅行速度／合計（ｋｍ／ｈ）,幅員構成／道路部幅員（ｍ）,指定最高速度（ｋｍ／ｈ）
20111000010,中央自動車道西宮線,中央自動車道西宮線,諏訪南インタ－線,20362,1,11,小淵沢～諏訪南,10921,小淵沢～諏訪南,9701,20622,1.55,0.34,92.3,92.3,20.5,80
20111000020,中央自動車道西宮線,諏訪南インタ－線,富士見町・茅野市境,20362,1,0.3,諏訪南～諏訪,11999,諏訪南～諏訪,10907,22906,1.5,0.41,91.6,93.5,20.5,80
20111000030,中央自動車道西宮線,富士見町・茅野市境,茅野市・原村境,20214,1,2,諏訪南～諏訪,11999,諏訪南～諏訪,10907,22906,1.5,0.41,91.2,87.1,20.5,80
20111000040,中央自動車道西宮線,茅野市・原村境,原村・茅野市境,20363,1,2.6,諏訪南～諏訪,11999,諏訪南～諏訪,10907,22906,1.5,0.41,86.8,84.2,20.5,80
20111000050,中央自動車道西宮線,原村・茅野市境,茅野市・諏訪市境,20214,1,6.4,諏訪南～諏訪,11999,諏訪南～諏訪,10907,22906,1.5,0.41,84.2,84.5,20.5,80
20111000060,中央自動車道西宮線,茅野市・諏訪市境,一般国道２０号,20206,1,0.1,諏訪南～諏訪,11999,諏訪南～諏訪,10907,22906,1.5,0.41,89.4,82.6,20.5,80
20111000070,中央自動車道西宮線,一般国道２０号,諏訪市・岡谷市境,20206,1,5.8,諏訪～岡谷JCT,15970,諏訪～岡谷JCT,15030,31000,1.43,0.55,88.7,90,20.5,80
20111000080,中央自動車道西宮線,諏訪市・岡谷市境,長野自動車道,20204,1,4.3,諏訪～岡谷JCT,15970,諏訪～岡谷JCT,15030,31000,1.43,0.55,89.3,90.8,20.5,80
20111000090,中央自動車道西宮線,長野自動車道,岡谷市・辰野町境,20204,1,5.8,岡谷JCT～伊北,15865,岡谷JCT～伊北,16531,32396,1.53,0.53,82.4,85.9,20.5,80
20111000100,中央自動車道西宮線,岡谷市・辰野町境,辰野町・箕輪町境,20382,1,8,岡谷JCT～伊北,15865,岡谷JCT～伊北,16531,32396,1.53,0.53,88.9,89.8,20.5,80
20111000110,中央自動車道西宮線,辰野町・箕輪町境,一般国道１５３号,20383,1,1.3,岡谷JCT～伊北,15865,岡谷JCT～伊北,16531,32396,1.53,0.53,91.7,88.6,20.5,80
20111000120,中央自動車道西宮線,一般国道１５３号,箕輪町・南箕輪村境,20383,1,4.3,伊北～伊那,14186,伊北～伊那,14974,29160,1.57,0.37,92.4,89.2,20.5,80
20111000130,中央自動車道西宮線,箕輪町・南箕輪村境,南箕輪村・伊那市境,20385,1,2.7,伊北～伊那,14186,伊北～伊那,14974,29160,1.57,0.37,92.4,90.6,20.5,80
20111000140,中央自動車道西宮線,南箕輪村・伊那市境,伊那インタ－線,20209,1,1.7,伊北～伊那,14186,伊北～伊那,14974,29160,1.57,0.37,91.3,88.8,20.5,80
20111000150,中央自動車道西宮線,伊那インタ－線,伊那市・南箕輪村境,20209,1,0.1,伊那～小黒川スマート,13374,伊那～小黒川スマート,14125,27499,1.59,0.49,91,90.7,20.5,80
20111000160,中央自動車道西宮線,伊那市・南箕輪村境,南箕輪村・伊那市境,20385,1,1.1,伊那～小黒川スマート,13374,伊那～小黒川スマート,14125,27499,1.59,0.49,90.9,90.8,20.5,80
20111000165,中央自動車道西宮線,南箕輪村・伊那市境,伊那市道,20209,1,1.2,伊那～小黒川スマート,13374,伊那～小黒川スマート,14125,27499,1.59,0.49,90.9,88.3,20.5,80
20111000170,中央自動車道西宮線,伊那市道,伊那市・宮田村境,20209,1,6.4,小黒川スマート～駒ヶ根,13398,小黒川スマート～駒ヶ根,14172,27570,1.59,0.48,90.6,89.5,20.5,80
20111000180,中央自動車道西宮線,伊那市・宮田村境,宮田村・伊那市境,20388,1,0.1,小黒川スマート～駒ヶ根,13398,小黒川スマート～駒ヶ根,14172,27570,1.59,0.48,91.6,91.1,20.5,80
20111000190,中央自動車道西宮線,宮田村・伊那市境,伊那市・宮田村境,20209,1,1.4,小黒川スマート～駒ヶ根,13398,小黒川スマート～駒ヶ根,14172,27570,1.59,0.48,90.7,89.9,20.5,80
20111000200,中央自動車道西宮線,伊那市・宮田村境,宮田村・駒ヶ根市境,20388,1,3.6,小黒川スマート～駒ヶ根,13398,小黒川スマート～駒ヶ根,14172,27570,1.59,0.48,92.5,87.7,20.5,80
20111000210,中央自動車道西宮線,宮田村・駒ヶ根市境,駒ケ根駒ケ岳公園線,20210,1,1.2,小黒川スマート～駒ヶ根,13398,小黒川スマート～駒ヶ根,14172,27570,1.59,0.48,89.9,87.7,20.5,80
20111000215,中央自動車道西宮線,駒ケ根駒ケ岳公園線,市道琴ヶ沢線,20210,1,3.1,駒ヶ根～駒ヶ岳スマート,12539,駒ヶ根～駒ヶ岳スマート,13442,25981,1.62,0.49,89.1,,20.5,80
20111000220,中央自動車道西宮線,市道琴ヶ沢線,駒ヶ根市・飯島町境,20210,1,0.6,駒ヶ岳スマート～松川,12351,駒ヶ岳スマート～松川,13342,25693,1.63,0.47,87,88.2,20.5,80
20111000230,中央自動車道西宮線,駒ヶ根市・飯島町境,飯島町・松川町境,20384,1,7.7,駒ヶ岳スマート～松川,12351,駒ヶ岳スマート～松川,13342,25693,1.63,0.47,89.7,84.7,20.5,80
20111000240,中央自動車道西宮線,飯島町・松川町境,松川インター大鹿線,20402,1,3.6,駒ヶ岳スマート～松川,12351,駒ヶ岳スマート～松川,13342,25693,1.63,0.47,89.5,90.8,20.5,80
20111000250,中央自動車道西宮線,松川インター大鹿線,松川町・高森町境,20402,1,1.8,松川～座光寺スマート,11434,松川～座光寺スマート,12433,23867,1.68,0.47,88.4,91.4,20.5,80
20111000260,中央自動車道西宮線,松川町・高森町境,高森町・飯田市境,20403,1,6.3,松川～座光寺スマート,11434,松川～座光寺スマート,12433,23867,1.68,0.47,87.3,89.4,20.5,80
20111000265,中央自動車道西宮線,高森町・飯田市境,飯島飯田線,20205,1,0.6,松川～座光寺スマート,11434,松川～座光寺スマート,12433,23867,1.68,0.47,86.1,87.7,20.5,80
20111000270,中央自動車道西宮線,飯島飯田線,一般国道１５３号,20205,1,6.9,座光寺スマート～飯田,10825,座光寺スマート～飯田,11790,22615,1.73,0.44,84.6,90.1,20.5,80
20111000280,中央自動車道西宮線,一般国道１５３号,一般国道４７４号（三遠南信道）,20205,1,5.4,飯田～飯田山本,9975,飯田～飯田山本,10998,20973,1.81,0.4,87.9,87.7,20.5,80
20111000290,中央自動車道西宮線,一般国道４７４号（三遠南信道）,飯田市・阿智村境,20205,1,1.4,飯田山本～園原,9618,飯田山本～園原,10585,20203,1.86,0.37,82,87.7,20.5,80
20111000300,中央自動車道西宮線,飯田市・阿智村境,園原インター線,20407,1,8.4,飯田山本～園原,9618,飯田山本～園原,10585,20203,1.86,0.37,82.2,82.5,20.5,80
20111000310,中央自動車道西宮線,園原インター線,中央自動車道西宮線,20407,1,4.9,園原～中津川,10051,園原～中津川,11062,21113,1.81,0.31,80.9,79.7,17,70
20118100010,上信越自動車道,上信越自動車道,佐久市道６－７４号,20217,1,8.9,碓氷軽井沢～佐久平スマート,9424,碓氷軽井沢～佐久平スマート,9294,18718,1.58,0.34,88.9,90.8,23.5,80
20118100020,上信越自動車道,佐久市道６－７４号,佐久軽井沢線,20217,1,3,佐久平スマート～佐久,9364,佐久平スマート～佐久,9223,18587,1.58,0.26,86.6,91.4,23.5,80
20118100030,上信越自動車道,佐久軽井沢線,佐久市・小諸市境,20217,1,0.9,佐久～佐久小諸JCT,9593,佐久～佐久小諸JCT,9432,19025,1.54,0.25,91.9,85,23.5,80
20118100035,上信越自動車道,佐久市・小諸市境,上信越自動車道,20208,1,0.6,佐久～佐久小諸JCT,9593,佐久～佐久小諸JCT,9432,19025,1.54,0.25,93.4,87.6,23.5,80
20118100040,上信越自動車道,上信越自動車道,小諸市・佐久市境,20208,1,0.3,佐久小諸JCT～小諸,10722,佐久小諸JCT～小諸,10772,21494,1.47,0.32,94.8,84.1,23.5,80
20118100050,上信越自動車道,小諸市・佐久市境,佐久市・小諸市境,20217,1,0.3,佐久小諸JCT～小諸,10722,佐久小諸JCT～小諸,10772,21494,1.47,0.32,91.9,86.5,23.5,80
20118100060,上信越自動車道,佐久市・小諸市境,小諸市・佐久市境,20208,1,0.2,佐久小諸JCT～小諸,10722,佐久小諸JCT～小諸,10772,21494,1.47,0.32,91.8,87.7,23.5,80
20118100070,上信越自動車道,小諸市・佐久市境,佐久市・小諸市境,20217,1,0.3,佐久小諸JCT～小諸,10722,佐久小諸JCT～小諸,10772,21494,1.47,0.32,92.5,88.8,23.5,80
20118100080,上信越自動車道,佐久市・小諸市境,小諸市・佐久市境,20208,1,0.1,佐久小諸JCT～小諸,10722,佐久小諸JCT～小諸,10772,21494,1.47,0.32,93,90.3,23.5,80
20118100090,上信越自動車道,小諸市・佐久市境,佐久市・小諸市境,20217,1,0.1,佐久小諸JCT～小諸,10722,佐久小諸JCT～小諸,10772,21494,1.47,0.32,93.1,90.3,23.5,80
20118100100,上信越自動車道,佐久市・小諸市境,小諸上田線,20208,1,8,佐久小諸JCT～小諸,10722,佐久小諸JCT～小諸,10772,21494,1.47,0.32,93.5,92,23.5,80
20118100110,上信越自動車道,小諸上田線,小諸市・東御市境,20208,1,1.9,小諸～東部湯の丸,11908,小諸～東部湯の丸,11845,23753,1.42,0.38,92.4,92.7,23.5,80
20118100120,上信越自動車道,小諸市・東御市境,東御市・小諸市境,20219,1,0.3,小諸～東部湯の丸,11908,小諸～東部湯の丸,11845,23753,1.42,0.38,92.8,93.9,23.5,80
20118100130,上信越自動車道,東御市・小諸市境,小諸市・東御市境,20208,1,0.1,小諸～東部湯の丸,11908,小諸～東部湯の丸,11845,23753,1.42,0.38,92.4,93.4,23.5,80
20118100140,上信越自動車道,小諸市・東御市境,丸子東部インター線,20219,1,4.2,小諸～東部湯の丸,11908,小諸～東部湯の丸,11845,23753,1.42,0.38,90.8,92.9,23.5,80
20118100150,上信越自動車道,丸子東部インター線,東御市・上田市境,20219,1,3.3,東部湯の丸～上田菅平,12255,東部湯の丸～上田菅平,12266,24521,1.41,0.53,94.4,91.2,23.5,80
20118100160,上信越自動車道,東御市・上田市境,一般国道１４４号,20203,1,5,東部湯の丸～上田菅平,12255,東部湯の丸～上田菅平,12266,24521,1.41,0.53,91.7,93.7,23.5,80
20118100170,上信越自動車道,一般国道１４４号,上田市・坂城町境,20203,1,4.6,上田菅平～坂城,12926,上田菅平～坂城,13049,25975,1.4,0.49,95.7,91.4,23.5,80
20118100180,上信越自動車道,上田市・坂城町境,坂城インター線,20521,1,3.3,上田菅平～坂城,12926,上田菅平～坂城,13049,25975,1.4,0.49,91.2,92,23.5,80
20118100190,上信越自動車道,坂城インター線,坂城町・千曲市境,20521,1,5.3,坂城～更埴JCT,13702,坂城～更埴JCT,14080,27782,1.37,0.55,87.8,86.3,23.5,80
20118100200,上信越自動車道,坂城町・千曲市境,長野自動車道,20218,1,8.8,坂城～更埴JCT,13702,坂城～更埴JCT,14080,27782,1.37,0.55,92.4,92.4,23.5,80
20118100210,上信越自動車道,長野自動車道,千曲市・長野市境,20218,1,1.7,更埴JCT～長野,18176,更埴JCT～長野,17798,35974,1.35,0.51,90.4,91,23.5,100
20118100220,上信越自動車道,千曲市・長野市境,長野真田線,20201,1,4.3,更埴JCT～長野,18176,更埴JCT～長野,17798,35974,1.35,0.51,91.5,92.9,23.5,100
20118100230,上信越自動車道,長野真田線,長野市・須坂市境,20201,1,9.8,長野～須坂長野東,12594,長野～須坂長野東,12847,25441,1.36,0.46,91.5,91.7,23.5,100
20118100240,上信越自動車道,長野市・須坂市境,一般国道４０３号,20207,1,0.1,長野～須坂長野東,12594,長野～須坂長野東,12847,25441,1.36,0.46,84.2,94.5,23.5,100
20118100250,上信越自動車道,一般国道４０３号,須坂市・小布施町境,20207,1,6,須坂長野東～小布施スマート,9510,須坂長野東～小布施スマート,9178,18688,1.38,0.33,92.6,94.3,23.5,100
20118100260,上信越自動車道,須坂市・小布施町境,村山小布施停車場線,20541,1,0.8,須坂長野東～小布施スマート,9510,須坂長野東～小布施スマート,9178,18688,1.38,0.33,89.2,87,23.5,100
20118100270,上信越自動車道,村山小布施停車場線,小布施町・中野市境,20541,1,3.9,小布施スマート～信州中野,8598,小布施スマート～信州中野,8210,16808,1.42,0.27,92.7,93,23.5,100
20118100280,上信越自動車道,小布施町・中野市境,中野豊野線,20211,1,0.8,小布施スマート～信州中野,8598,小布施スマート～信州中野,8210,16808,1.42,0.27,89.3,91.6,23.5,100
20118100290,上信越自動車道,中野豊野線,飯山妙高高原線,20211,1,7.7,信州中野～豊田飯山,6353,信州中野～豊田飯山,6161,12514,1.52,0.31,93,92.4,20.5,80
20118100300,上信越自動車道,飯山妙高高原線,中野市・飯綱町境,20211,1,4.1,豊田飯山～信濃町,5087,豊田飯山～信濃町,4969,10056,1.62,0.23,93.8,89,20.5,80
20118100310,上信越自動車道,中野市・飯綱町境,飯綱町・信濃町境,20590,1,2.6,豊田飯山～信濃町,5087,豊田飯山～信濃町,4969,10056,1.62,0.23,95.1,94.2,20.5,80
20118100320,上信越自動車道,飯綱町・信濃町境,一般国道１８号,20583,1,6.5,豊田飯山～信濃町,5087,豊田飯山～信濃町,4969,10056,1.62,0.23,81.2,94.1,20.5,80
20118100330,上信越自動車道,一般国道１８号,上信越自動車道,20583,1,3.6,信濃町～妙高高原,4871,信濃町～妙高高原,4874,9745,1.63,0.21,90.4,90.4,22,80
20118100370,上信越自動車道,上信越自動車道,中部横断自動車道,20208,1,0.5,佐久小諸JCT～小諸御影料金所,3576,佐久小諸JCT～小諸御影料金所,3365,6941,1.22,0.14,44.9,48.1,18,40
20118200010,長野自動車道,中央自動車道西宮線,一般国道２０号,20204,1,3.7,岡谷JCT～岡谷,20599,岡谷JCT～岡谷,18993,39592,1.37,0.77,87.5,85.5,22,70
20118200020,長野自動車道,一般国道２０号,岡谷市・塩尻市境,20204,1,1,岡谷～塩尻,21100,岡谷～塩尻,19772,40872,1.35,0.69,90.5,85.4,22,80
20118200030,長野自動車道,岡谷市・塩尻市境,一般国道２０号,20215,1,5.7,岡谷～塩尻,21100,岡谷～塩尻,19772,40872,1.35,0.69,88.4,91.1,22,80
20118200040,長野自動車道,一般国道２０号,塩尻市・松本市境,20215,1,3.9,塩尻～塩尻北,18951,塩尻～塩尻北,17940,36891,1.35,0.54,90.7,92.1,23.5,100
20118200050,長野自動車道,塩尻市・松本市境,松本市・塩尻市境,20202,1,0.1,塩尻～塩尻北,18951,塩尻～塩尻北,17940,36891,1.35,0.54,89.7,89.4,23.5,100
20118200060,長野自動車道,松本市・塩尻市境,塩尻市・松本市境,20215,1,0.5,塩尻～塩尻北,18951,塩尻～塩尻北,17940,36891,1.35,0.54,90.5,91.1,23.5,100
20118200070,長野自動車道,塩尻市・松本市境,松本市・塩尻市境,20202,1,0.1,塩尻～塩尻北,18951,塩尻～塩尻北,17940,36891,1.35,0.54,90.4,91.4,23.5,100
20118200080,長野自動車道,松本市・塩尻市境,松本空港塩尻北インター線,20215,1,2.1,塩尻～塩尻北,18951,塩尻～塩尻北,17940,36891,1.35,0.54,87,90.5,23.5,100
20118200090,長野自動車道,松本空港塩尻北インター線,塩尻市・松本市境,20215,1,0.6,塩尻北～松本,17630,塩尻北～松本,16070,33700,1.34,0.53,82.2,90.3,23.5,100
20118200100,長野自動車道,塩尻市・松本市境,一般国道１５８号,20202,1,7.4,塩尻北～松本,17630,塩尻北～松本,16070,33700,1.34,0.53,85.5,94.1,23.5,100
20118200105,長野自動車道,一般国道１５８号,松本環状高家線,20202,1,3.2,松本～梓川スマート,17160,松本～梓川スマート,15778,32938,1.35,0.55,90,92.4,23.5,100
20118200110,長野自動車道,松本環状高家線,松本市・安曇野市境,20202,1,0.7,梓川スマート～安曇野,16554,梓川スマート～安曇野,15050,31604,1.36,0.51,88.5,89.4,23.5,100
20118200115,長野自動車道,松本市・安曇野市境,安雲野市道,20220,1,3.4,梓川スマート～安曇野,16554,梓川スマート～安曇野,15050,31604,1.36,0.51,90.5,91.6,23.5,100
20118200120,長野自動車道,安雲野市道,安曇野インター堀金線,20220,1,0.6,梓川スマート～安曇野,16554,梓川スマート～安曇野,15050,31604,1.36,0.51,89.8,96,23.5,100
20118200130,長野自動車道,安曇野インター堀金線,安曇野市・松本市境,20220,1,6.3,安曇野～麻績,13208,安曇野～麻績,12453,25661,1.41,0.48,88,92.6,22,80
20118200140,長野自動車道,安曇野市・松本市境,松本市・筑北村境,20202,1,6,安曇野～麻績,13208,安曇野～麻績,12453,25661,1.41,0.48,94.6,92.1,22,80
20118200150,長野自動車道,松本市・筑北村境,筑北村・麻績村境,20452,1,7.3,安曇野～麻績,13208,安曇野～麻績,12453,25661,1.41,0.48,91.4,89.4,22,80
20118200160,長野自動車道,筑北村・麻績村境,一般国道４０３号,20446,1,3.6,安曇野～麻績,13208,安曇野～麻績,12453,25661,1.41,0.48,89.9,91.1,22,80
20118200170,長野自動車道,一般国道４０３号,麻績村・筑北村境,20446,1,0.3,麻績～姨捨スマート,13316,麻績～姨捨スマート,12615,25931,1.41,0.49,90.7,91.6,20.5,80
20118200180,長野自動車道,麻績村・筑北村境,筑北村・麻績村境,20452,1,0.2,麻績～姨捨スマート,13316,麻績～姨捨スマート,12615,25931,1.41,0.49,90.9,91,20.5,80
20118200190,長野自動車道,筑北村・麻績村境,麻績村・筑北村境,20446,1,0.2,麻績～姨捨スマート,13316,麻績～姨捨スマート,12615,25931,1.41,0.49,90.9,89.4,20.5,80
20118200200,長野自動車道,麻績村・筑北村境,筑北村・麻績村境,20452,1,0.4,麻績～姨捨スマート,13316,麻績～姨捨スマート,12615,25931,1.41,0.49,91.3,85.8,20.5,80
20118200210,長野自動車道,筑北村・麻績村境,麻績村・筑北村境,20446,1,2.2,麻績～姨捨スマート,13316,麻績～姨捨スマート,12615,25931,1.41,0.49,91.6,81.3,20.5,80
20118200220,長野自動車道,麻績村・筑北村境,筑北村・麻績村境,20452,1,0.2,麻績～姨捨スマート,13316,麻績～姨捨スマート,12615,25931,1.41,0.49,90.6,72.1,20.5,80
20118200230,長野自動車道,筑北村・麻績村境,麻績村・千曲市境,20446,1,0.8,麻績～姨捨スマート,13316,麻績～姨捨スマート,12615,25931,1.41,0.49,89.4,85.1,20.5,80
20118200240,長野自動車道,麻績村・千曲市境,市道９５１１号,20218,1,3,麻績～姨捨スマート,13316,麻績～姨捨スマート,12615,25931,1.41,0.49,87.1,91.7,20.5,80
20118200250,長野自動車道,市道９５１１号,千曲市・長野市境,20218,1,6.9,姨捨スマート～更埴,12804,姨捨スマート～更埴,12083,24887,1.42,0.48,86.1,91.7,20.5,80
20118200260,長野自動車道,千曲市・長野市境,長野市・千曲市境,20201,1,4.2,姨捨スマート～更埴,12804,姨捨スマート～更埴,12083,24887,1.42,0.48,90,90.8,20.5,80
20118200270,長野自動車道,長野市・千曲市境,一般国道１８号,20218,1,0.2,姨捨スマート～更埴,12804,姨捨スマート～更埴,12083,24887,1.42,0.48,86.1,87.3,20.5,80
20118200280,長野自動車道,一般国道１８号,上信越自動車道,20218,1,0.9,更埴～更埴JCT,13648,更埴～更埴JCT,12892,26540,1.36,0.4,91.1,92.9,20.5,80
20111400080,中部横断自動車道,一般国道１４２号,上小田切臼田停車場線,20217,1,7.7,佐久市伴野1012-2,5998,佐久市小宮山861-1,5547,11545,1.2,0.85,77,76.4,10.5,70
20111400090,中部横断自動車道,上小田切臼田停車場線,佐久市・佐久穂町境,20217,1,1.8,南佐久郡佐久穂町高野町1461-1,4946,南佐久郡佐久穂町高野町1461-1,4976,9922,1.2,0.71,78.2,76.2,10.5,70
20111400100,中部横断自動車道,佐久市・佐久穂町境,佐久穂町道,20309,1,1.1,南佐久郡佐久穂町高野町1461-1,4946,南佐久郡佐久穂町高野町1461-1,4976,9922,1.2,0.71,78.4,78.7,10.5,70
20111400110,中部横断自動車道,佐久穂町道,一般国道２９９号,20309,1,4.6,南佐久郡佐久穂町畑4114-1,3204,南佐久郡佐久穂町畑1608-1,3316,6520,1.2,0.53,75,74.9,10.5,70
20111400010,中部横断自動車道,上信越自動車道,一般国道１４１号,20208,1,0.8,佐久市今井454-1,8125,佐久市今井454-1,7998,16123,1.22,1.06,59,63.9,12.5,70
20111400030,中部横断自動車道,一般国道１４１号,佐久市・小諸市境,20217,1,0.8,佐久市今井454-1,8125,佐久市今井454-1,7998,16123,1.22,1.06,71.1,73.2,12.5,70
20111400040,中部横断自動車道,佐久市・小諸市境,小諸市・佐久市境,20208,1,0.7,佐久市今井454-1,8125,佐久市今井454-1,7998,16123,1.22,1.06,70.5,75.4,12.5,70
20111400050,中部横断自動車道,小諸市・佐久市境,佐久市道,20217,1,2.7,佐久市今井454-1,8125,佐久市今井454-1,7998,16123,1.22,1.06,69.9,73.7,12.5,70
20111400060,中部横断自動車道,佐久市道,一般国道１４２号,20217,1,2.3,佐久市今井454-1,8125,佐久市今井454-1,7998,16123,1.22,1.06,73.3,74.3,12.5,70
20300180010,一般国道１８号,一般国道１８号,下仁田軽井沢線,20321,0,2.6,北佐久郡軽井沢町長倉789-3,7801,北佐久郡軽井沢町長倉789-3,7130,14931,1.27,1.3,46.6,30.1,20.5,50
20300180020,一般国道１８号,下仁田軽井沢線,豊昇茂沢中軽井沢停車場線,20321,0,4,北佐久郡軽井沢町長倉789-3,7801,北佐久郡軽井沢町長倉789-3,7130,14931,1.27,1.3,36.7,28.2,20.5,50
20300180030,一般国道１８号,豊昇茂沢中軽井沢停車場線,一般国道１８号,20321,0,1.5,北佐久郡軽井沢町追分1125-6,12584,北佐久郡軽井沢町追分1125-6,11707,24291,1.28,1.39,31.2,38.4,22,50
20300180040,一般国道１８号,一般国道１８号,借宿小諸線,20321,0,1.9,北佐久郡軽井沢町追分1125-6,12584,北佐久郡軽井沢町追分1125-6,11707,24291,1.28,1.39,25.7,18.3,22,50
20300180050,一般国道１８号,借宿小諸線,小諸軽井沢線,20321,0,1.6,北佐久郡軽井沢町追分889-1,7885,北佐久郡軽井沢町追分889-1,10558,18443,1.37,1.5,20,20.1,12,50
20300180060,一般国道１８号,小諸軽井沢線,軽井沢町・御代田町境,20321,0,1.2,小諸市平原1172-1,4638,小諸市平原1172-1,5193,9831,1.31,0.85,27.9,44.4,17.5,50
20300180070,一般国道１８号,軽井沢町・御代田町境,御代田停車場線,20323,0,2.8,小諸市平原1172-1,4638,小諸市平原1172-1,5193,9831,1.31,0.91,35.1,37.5,13.5,50
20300180080,一般国道１８号,御代田停車場線,佐久軽井沢線,20323,0,0.5,小諸市平原1172-1,4638,小諸市平原1172-1,5193,9831,1.31,0.91,33.9,36.1,13.5,50
20300180090,一般国道１８号,佐久軽井沢線,御代田町・小諸市境,20323,0,1.1,小諸市平原1172-1,4638,小諸市平原1172-1,5193,9831,1.31,0.91,44.9,47,13.5,50
20300180100,一般国道１８号,御代田町・小諸市境,一般国道１４１号,20208,0,2.5,小諸市平原1172-1,4638,小諸市平原1172-1,5193,9831,1.31,0.93,42.6,38.9,9.5,50
20300180110,一般国道１８号,一般国道１４１号,一般国道１４１号,20208,0,0.6,上田市大屋204-1,8441,上田市大屋204-1,8892,17333,1.34,1.26,13.2,22,15.5,50
20300180120,一般国道１８号,一般国道１４１号,馬瀬口小諸線,20208,0,1.5,上田市大屋204-1,8441,上田市大屋204-1,8892,17333,1.34,1.2,26.2,26.8,13,50
20300180130,一般国道１８号,馬瀬口小諸線,峰の茶屋小諸線,20208,0,0.7,上田市大屋204-1,8441,上田市大屋204-1,8892,17333,1.34,1.2,30.1,22.1,13,50
20300180140,一般国道１８号,峰の茶屋小諸線,菱野筒井線,20208,0,0.4,上田市大屋204-1,8441,上田市大屋204-1,8892,17333,1.34,1.2,18.4,24.7,13,50
20300180150,一般国道１８号,菱野筒井線,菱野筒井線,20208,0,0.6,上田市大屋204-1,8441,上田市大屋204-1,8892,17333,1.34,1.2,22.4,22.5,13,50
20300180160,一般国道１８号,菱野筒井線,小諸上田線,20208,0,0.9,上田市大屋204-1,8441,上田市大屋204-1,8892,17333,1.34,1.2,30.4,26.9,13,50
20300180170,一般国道１８号,小諸上田線,一般国道１４１号,20208,0,0.7,上田市大屋204-1,8441,上田市大屋204-1,8892,17333,1.34,1.2,32.3,27.7,13,50
20300180180,一般国道１８号,一般国道１４１号,小諸市・東御市境,20208,0,2.9,上田市大屋204-1,8441,上田市大屋204-1,8892,17333,1.34,1.11,30.1,30,12,50
20300180190,一般国道１８号,小諸市・東御市境,東御嬬恋線,20219,0,1.4,上田市大屋204-1,8441,上田市大屋204-1,8892,17333,1.34,1.16,38.1,31.5,12,50
20300180200,一般国道１８号,東御嬬恋線,真田東部線,20219,0,0.3,上田市大屋204-1,8441,上田市大屋204-1,8892,17333,1.34,1.16,22,20.6,12,50
20300180210,一般国道１８号,真田東部線,丸子東部インター線,20219,0,2.3,上田市大屋204-1,8441,上田市大屋204-1,8892,17333,1.34,1.16,27.2,17.8,12,50
20300180220,一般国道１８号,丸子東部インター線,東部望月線,20219,0,0.7,上田市大屋204-1,8441,上田市大屋204-1,8892,17333,1.34,1.16,13.2,26,12,50
20300180230,一般国道１８号,東部望月線,大屋停車場田沢線,20219,0,2.9,上田市大屋204-1,8441,上田市大屋204-1,8892,17333,1.34,1.16,22.7,28,11.5,50
20300180240,一般国道１８号,大屋停車場田沢線,東御市・上田市境,20219,0,0.1,上田市大屋204-1,8441,上田市大屋204-1,8892,17333,1.34,1.16,40.2,34.1,11.5,50
20300180250,一般国道１８号,東御市・上田市境,大屋停車場田沢線,20203,0,0.2,上田市大屋204-1,8441,上田市大屋204-1,8892,17333,1.34,1.3,39.4,27.4,12,50
20300180260,一般国道１８号,大屋停車場田沢線,一般国道１５２号,20203,0,0.5,上田市大屋204-1,8441,上田市大屋204-1,8892,17333,1.34,1.3,29.4,11.3,12,50
20300180270,一般国道１８号,一般国道１５２号,一般国道１４１号,20203,0,3,上田市国分1298-1,9271,上田市国分1298-1,9411,18682,1.32,1.35,20,22.4,12,50
20300180280,一般国道１８号,一般国道１４１号,小諸上田線,20203,0,1,上田市国分1298-1,9271,上田市国分1298-1,9411,18682,1.32,1.35,17.7,19.7,12,50
20300180290,一般国道１８号,小諸上田線,一般国道１４４号,20203,0,1.3,上田市常磐城4-4-23,9132,上田市常磐城4-4-23,9647,18779,1.25,1.4,19.5,21.6,13,50
20300180300,一般国道１８号,一般国道１４４号,住吉上田線,20203,0,0.2,上田市常磐城4-4-23,9132,上田市常磐城4-4-23,9647,18779,1.25,1.38,15.3,15.8,15.5,50
20300180310,一般国道１８号,住吉上田線,一般国道１４１号,20203,0,0.6,上田市常磐城4-4-23,9132,上田市常磐城4-4-23,9647,18779,1.25,1.38,16.5,17.3,15.5,50
20300180320,一般国道１８号,一般国道１４１号,上田丸子線,20203,0,1.8,上田市常磐城4-4-23,9132,上田市常磐城4-4-23,9647,18779,1.25,1.28,17.2,19.3,14.5,50
20300180330,一般国道１８号,上田丸子線,一般国道１８号,20203,0,1.5,上田市常磐城4-4-23,9132,上田市常磐城4-4-23,9647,18779,1.25,1.28,28.9,24.8,14.5,50
20300180340,一般国道１８号,一般国道１８号,西上田停車場線,20203,0,1.1,上田市常磐城4-4-23,9132,上田市常磐城4-4-23,9647,18779,1.25,1.28,18,26,14.5,50
20300180350,一般国道１８号,西上田停車場線,上田市・坂城町境,20203,0,1.3,上田市常磐城4-4-23,9132,上田市常磐城4-4-23,9647,18779,1.25,1.04,30.8,25.4,9,50
20300180360,一般国道１８号,上田市・坂城町境,坂城インター線,20521,0,2.5,上田市常磐城4-4-23,9132,上田市常磐城4-4-23,9647,18779,1.25,1.31,33.5,28.7,11,50
20300180370,一般国道１８号,坂城インター線,上室賀坂城停車場線,20521,0,1.9,千曲市磯部568,9032,千曲市磯部568,9280,18312,1.38,1.11,27.6,20.9,11,50
20300180380,一般国道１８号,上室賀坂城停車場線,新田坂城停車場線,20521,0,1,千曲市磯部568,9032,千曲市磯部568,9280,18312,1.38,1.11,19.2,28.1,11,50
20300180390,一般国道１８号,新田坂城停車場線,新田坂城停車場線,20521,0,0.6,千曲市磯部568,9032,千曲市磯部568,9280,18312,1.38,1.11,29.7,34.6,11,50
20300180400,一般国道１８号,新田坂城停車場線,坂城町・千曲市境,20521,0,1,千曲市磯部568,9032,千曲市磯部568,9280,18312,1.38,1.11,25.7,33.4,11,50
20300180410,一般国道１８号,坂城町・千曲市境,聖高原千曲線,20218,0,1.1,千曲市磯部568,9032,千曲市磯部568,9280,18312,1.38,1.23,13,30.5,12,50
20300180420,一般国道１８号,聖高原千曲線,大町麻績インター千曲線,20218,0,0.9,千曲市磯部568,9032,千曲市磯部568,9280,18312,1.38,1.23,24.4,27.8,12,50
20300180430,一般国道１８号,大町麻績インター千曲線,戸倉停車場線,20218,0,0.3,千曲市内川340-1,9893,千曲市内川340-1,10516,20409,1.36,1.15,20.2,23.8,10,50
20300180440,一般国道１８号,戸倉停車場線,内川姨捨停車場線,20218,0,2,千曲市内川340-1,9893,千曲市内川340-1,10516,20409,1.36,1.15,34.6,32.4,10,50
20300180450,一般国道１８号,内川姨捨停車場線,姨捨停車場線,20218,0,2.4,千曲市内川340-1,9893,千曲市内川340-1,10516,20409,1.36,1.15,30.6,30.7,10,50
20300180460,一般国道１８号,姨捨停車場線,一般国道４０３号,20218,0,0.8,千曲市内川340-1,9893,千曲市内川340-1,10516,20409,1.36,1.15,21.9,21.6,10,50
20300180470,一般国道１８号,一般国道４０３号,一般国道４０３号,20218,0,0.7,千曲市粟佐1220-2,10635,千曲市粟佐1220-2,10380,21015,1.35,1.52,20.2,17.5,10,50
20300180480,一般国道１８号,一般国道４０３号,長野自動車道,20218,0,1.3,千曲市粟佐1220-2,10635,千曲市粟佐1220-2,10380,21015,1.35,0.4,20.3,37.1,26,50
20300180490,一般国道１８号,長野自動車道,森篠ノ井線,20218,0,1.1,千曲市粟佐1220-2,10635,千曲市粟佐1220-2,10380,21015,1.35,0.4,39.2,32.9,26,50
20300180500,一般国道１８号,森篠ノ井線,千曲市・長野市境,20218,0,0.4,千曲市粟佐1220-2,10635,千曲市粟佐1220-2,10380,21015,1.35,0.28,27.5,44.9,23.5,60
20300180510,一般国道１８号,千曲市・長野市境,長野上田線,20201,0,0.8,千曲市粟佐1220-2,10635,千曲市粟佐1220-2,10380,21015,1.35,0.43,37.2,46.6,23.5,60
20300180520,一般国道１８号,長野上田線,清野篠ノ井停車場線,20201,0,0.5,千曲市粟佐1220-2,10635,千曲市粟佐1220-2,10380,21015,1.35,0.44,26.3,25.9,29,60
20300180530,一般国道１８号,清野篠ノ井停車場線,松代篠ノ井線,20201,0,1.3,千曲市粟佐1220-2,10635,千曲市粟佐1220-2,10380,21015,1.35,0.44,34.7,31.2,29,60
20300180540,一般国道１８号,松代篠ノ井線,戸隠篠ノ井線,20201,0,1,千曲市粟佐1220-2,10635,千曲市粟佐1220-2,10380,21015,1.35,0.44,24,22.8,29,60
20300180550,一般国道１８号,戸隠篠ノ井線,長野真田線,20201,0,2.4,千曲市粟佐1220-2,10635,千曲市粟佐1220-2,10380,21015,1.35,0.44,29.7,21,29,60
20300180560,一般国道１８号,長野真田線,川合川中島線,20201,0,0.4,千曲市粟佐1220-2,10635,千曲市粟佐1220-2,10380,21015,1.35,0.57,9.5,20.7,29,60
20300180570,一般国道１８号,川合川中島線,一般国道１９号,20201,0,1.3,千曲市粟佐1220-2,10635,千曲市粟佐1220-2,10380,21015,1.35,0.57,13,13.9,29,60
20300180580,一般国道１８号,一般国道１９号,一般国道１１７号,20201,0,0.5,長野市青木島町大塚364,21726,長野市青木島町大塚364,21342,43068,1.32,0.78,14.8,5.6,40,60
20300180590,一般国道１８号,一般国道１１７号,三才大豆島中御所線,20201,0,1.9,長野市川合新田3389-1,24311,長野市川合新田3389-1,25926,50237,1.27,1.32,23.7,17.8,26,60
20300180600,一般国道１８号,三才大豆島中御所線,長野菅平線,20201,0,1.4,長野市稲葉2679-1,11295,長野市稲葉2679-1,10627,21922,1.38,1.57,36.5,11.4,16,50
20300180610,一般国道１８号,長野菅平線,長野須坂インター線,20201,0,0.6,長野市西和田１丁目35-4,9403,長野市西和田１丁目35-4,10128,19531,1.4,1.16,11.9,18,16,50
20300180620,一般国道１８号,長野須坂インター線,一般国道１９号,20201,0,0.8,長野市西和田１丁目35-4,9403,長野市西和田１丁目35-4,10128,19531,1.4,1.16,8.7,14.1,16,50
20300180630,一般国道１８号,一般国道１９号,一般国道４０６号,20201,0,1,長野市西和田１丁目35-4,9403,長野市西和田１丁目35-4,10128,19531,1.4,1.13,14.5,11.8,16,50
20300180640,一般国道１８号,一般国道４０６号,大豆島東和田線,20201,0,0.2,長野市西和田１丁目35-4,9403,長野市西和田１丁目35-4,10128,19531,1.4,1.13,15,7.8,16,50
20300180650,一般国道１８号,大豆島東和田線,三才大豆島中御所線,20201,0,1,長野市大字北尾張部704,14049,長野市大字北尾張部704,10769,24818,1.35,0.77,19.9,21,18,50
20300180660,一般国道１８号,三才大豆島中御所線,北長野停車場中俣線,20201,0,1.4,長野市大字北尾張部704,14049,長野市大字北尾張部704,10769,24818,1.35,0.77,27.8,24.4,18,50
20300180670,一般国道１８号,北長野停車場中俣線,柳原停車場線,20201,0,0.3,長野市大字北尾張部704,14049,長野市大字北尾張部704,10769,24818,1.35,0.77,25.3,11.6,18,50
20300180680,一般国道１８号,柳原停車場線,一般国道１８号,20201,0,0.2,長野市大字北尾張部704,14049,長野市大字北尾張部704,10769,24818,1.35,0.77,25.4,13.4,18,50
20300180690,一般国道１８号,一般国道４０６号,村山豊野停車場線,20201,0,4.8,長野市柳原2080-8,8730,長野市柳原2080-8,9505,18235,1.39,1.1,20.6,28.4,16.5,50
20300180700,一般国道１８号,村山豊野停車場線,豊野南志賀公園線,20201,0,1.2,長野市柳原2080-8,8730,長野市柳原2080-8,9505,18235,1.39,1.1,36.3,21.3,16.5,50
20300180710,一般国道１８号,豊野南志賀公園線,長野市・小布施町境,20201,0,0.5,長野市柳原2080-8,8730,長野市柳原2080-8,9505,18235,1.39,1.1,23.2,29.9,16.5,50
20300180720,一般国道１８号,長野市・小布施町境,小布施町・長野市境,20541,0,0.6,上高井郡小布施町小布施2579-3,6824,上高井郡小布施町小布施2579-3,6911,13735,1.3,0.85,33,40,16,50
20300180730,一般国道１８号,小布施町・長野市境,一般国道１１７号,20201,0,0.9,上高井郡小布施町小布施2579-3,6824,上高井郡小布施町小布施2579-3,6911,13735,1.3,0.9,45.2,24.5,13.75,50
20300180740,一般国道１８号,一般国道１１７号,長野市・飯綱町境,20201,0,4.8,長野市豊野町蟹沢99-1,3169,長野市豊野町蟹沢99-1,3264,6433,1.26,0.67,43.6,42.7,10.5,50
20300180750,一般国道１８号,長野市・飯綱町境,牟礼永江線,20590,0,2.2,長野市豊野町蟹沢99-1,3169,長野市豊野町蟹沢99-1,3264,6433,1.26,0.67,51.5,44.1,10.25,50
20300180760,一般国道１８号,牟礼永江線,長野荒瀬原線,20590,0,0.1,長野市豊野町蟹沢99-1,3169,長野市豊野町蟹沢99-1,3264,6433,1.26,0.67,20.7,14.8,10.25,50
20300180770,一般国道１８号,長野荒瀬原線,牟礼永江線,20590,0,0.3,長野市豊野町蟹沢99-1,3169,長野市豊野町蟹沢99-1,3264,6433,1.26,0.67,24.4,27.6,10.25,50
20300180780,一般国道１８号,牟礼永江線,飯綱町・信濃町境,20590,0,4.6,上水内郡飯綱町小玉578,2920,上水内郡飯綱町小玉578,2855,5775,1.22,0.66,49.8,50.4,19,50
20300180790,一般国道１８号,飯綱町・信濃町境,古間停車場線,20583,0,4.7,上水内郡信濃町古間878-2,3819,上水内郡信濃町古間878-2,4622,8441,1.2,0.75,50,49.5,9.5,50
20300180800,一般国道１８号,古間停車場線,黒姫停車場線,20583,0,1.6,上水内郡信濃町古間878-2,3819,上水内郡信濃町古間878-2,4622,8441,1.2,0.75,37.6,40.1,9.5,50
20300180810,一般国道１８号,黒姫停車場線,信濃信州新線,20583,0,0.6,上水内郡信濃町古間878-2,3819,上水内郡信濃町古間878-2,4622,8441,1.2,0.75,40.7,37.4,9.5,50
20300180820,一般国道１８号,信濃信州新線,杉野沢黒姫停車場線,20583,0,0.6,上水内郡信濃町古間878-2,3819,上水内郡信濃町古間878-2,4622,8441,1.2,0.75,36,39.1,9.5,50
20300180830,一般国道１８号,杉野沢黒姫停車場線,一般国道１８号,20583,0,0.8,上水内郡信濃町古間878-2,3819,上水内郡信濃町古間878-2,4622,8441,1.2,0.75,49,42.5,9.5,50
20300180840,一般国道１８号,一般国道１８号,古間停車場野尻線,20583,0,1.8,上水内郡信濃町古間878-2,3819,上水内郡信濃町古間878-2,4622,8441,1.2,0.75,46.9,47.8,18,50
20300180850,一般国道１８号,古間停車場野尻線,一般国道１８号,20583,0,2.4,上水内郡信濃町大字野尻1056-1,3273,上水内郡信濃町大字野尻1056-1,2393,5666,1.45,0.76,56.5,56.9,18,50
20300180870,一般国道１８号,一般国道１８号,旧軽井沢軽井沢停車場線,20321,0,1.4,北佐久郡軽井沢町長倉3038-3（中軽井沢交差点東）,8757,北佐久郡軽井沢町長倉3038-3（中軽井沢交差点東）,8971,17728,1.35,1.18,26.8,23.9,12.5,50
20300180880,一般国道１８号,旧軽井沢軽井沢停車場線,下仁田軽井沢線,20321,0,0.5,北佐久郡軽井沢町長倉3038-3（中軽井沢交差点東）,8757,北佐久郡軽井沢町長倉3038-3（中軽井沢交差点東）,8971,17728,1.35,1.18,24.1,18.7,12.5,50
20300180890,一般国道１８号,下仁田軽井沢線,一般国道１４６号,20321,0,3.6,北佐久郡軽井沢町長倉3038-3（中軽井沢交差点東）,8757,北佐久郡軽井沢町長倉3038-3（中軽井沢交差点東）,8971,17728,1.35,1.18,31.4,25.5,12.5,50
20300180900,一般国道１８号,一般国道１４６号,豊昇茂沢中軽井沢停車場線,20321,0,0.5,北佐久郡軽井沢町長倉3038-3（中軽井沢交差点西）,7147,北佐久郡軽井沢町長倉3038-3（中軽井沢交差点西）,8834,15981,1.35,1.12,15.5,20.2,12.5,50
20300180910,一般国道１８号,豊昇茂沢中軽井沢停車場線,一般国道１８号,20321,0,1.2,北佐久郡軽井沢町長倉3038-3（中軽井沢交差点西）,7147,北佐久郡軽井沢町長倉3038-3（中軽井沢交差点西）,8834,15981,1.35,1.12,24.2,41.6,12.5,50
20300180930,一般国道１８号,,小諸上田線,20203,0,0.3,上田市住吉53-8,7667,上田市住吉53-8,4432,12099,1.29,1.15,25.7,18.5,27,50
20300180940,一般国道１８号,小諸上田線,一般国道１４４号,20203,0,1.5,上田市住吉53-8,7667,上田市住吉53-8,4432,12099,1.29,1.15,27.3,17.5,27,50
20300180950,一般国道１８号,一般国道１４４号,一般国道１８号,20203,0,5.4,上田市上田1360-1,10135,上田市上田1360-1,9660,19795,1.27,1.32,29.4,26.6,26.5,50
20300180960,一般国道１８号,一般国道１８号,一般国道１４３号,20203,0,1.6,上田市上塩尻171-1,4554,上田市上塩尻171-1,5265,9819,1.25,0.68,19.1,28.2,12,50
20300180970,一般国道１８号,一般国道１４３号,長野上田線,20203,0,1.1,上田市小泉2575-2,7202,上田市小泉2575-2,6926,14128,1.23,1.35,29.5,48,12,50
20300180980,一般国道１８号,長野上田線,上田市・坂城町境,20203,0,1.7,上田市小泉2575-2,7202,上田市小泉2575-2,6926,14128,1.23,1.35,52.4,43.9,12,50
20300180990,一般国道１８号,上田市・坂城町境,,20521,0,0.4,上田市小泉2575-2,7202,上田市小泉2575-2,6926,14128,1.23,1.47,41,13.8,12.5,50
20300181010,一般国道１８号,長野上田線,姨捨停車場線,20218,0,1,千曲市稲荷山3847,3561,千曲市稲荷山3847,3130,6691,1.26,0.6,34.8,33.2,28,50
20300181020,一般国道１８号,姨捨停車場線,一般国道４０３号,20218,0,1.7,千曲市稲荷山3847,3561,千曲市稲荷山3847,3130,6691,1.26,0.6,42.7,40.1,28,50
20300181040,一般国道１８号,杉野沢黒姫停車場線,上信越自動車道,20583,0,0.2,上水内郡信濃町柏原1260-11,405,上水内郡信濃町柏原1260-11,554,959,1.17,0.16,19.7,19.5,18,60
20300181050,一般国道１８号,上信越自動車道,一般国道１８号,20583,0,0.5,上水内郡信濃町野尻1461,2672,上水内郡信濃町野尻1461,2545,5217,1.22,0.68,23.3,21.9,18,60
20300181110,一般国道１８号,三才大豆島中御所線,一般国道１８号,20201,0,2.4,長野市大字柳原1621,4681,長野市大字柳原1621,4500,9181,1.28,0.69,20.6,28.4,15,50
20300190010,一般国道１９号,一般国道１９号,中津川田立線,20423,0,0.4,南木曽,3659,南木曽,3498,7157,1.4,1.19,44.1,33.5,12.4,50
20300190020,一般国道１９号,中津川田立線,一般国道２５６号,20423,0,2.5,南木曽,3659,南木曽,3498,7157,1.4,1.19,48.1,45.9,12.4,50
20300190025,一般国道１９号,一般国道２５６号,上松南木曽線,20423,0,2.6,南木曽,3659,南木曽,3498,7157,1.4,1.2,40.8,42.9,10.35,50
20300190030,一般国道１９号,上松南木曽線,南木曽停車場線,20423,0,2,南木曽,3659,南木曽,3498,7157,1.4,1.2,38.5,42,10.35,50
20300190035,一般国道１９号,南木曽停車場線,南木曽町道,20423,0,2.4,南木曽,3659,南木曽,3498,7157,1.4,1.2,55,54.7,10.35,50
20300190040,一般国道１９号,南木曽町道,南木曽町・大桑村境,20423,0,1.9,南木曽,3659,南木曽,3498,7157,1.4,1.2,53.6,56.2,10.35,50
20300190050,一般国道１９号,南木曽町・大桑村境,野尻停車場線,20430,0,1.5,上松,4870,上松,4888,9758,1.39,1.23,58.7,59.1,11,50
20300190060,一般国道１９号,野尻停車場線,須原大桑停車場線,20430,0,4,上松,4870,上松,4888,9758,1.39,1.23,52,54.3,11,50
20300190070,一般国道１９号,須原大桑停車場線,須原大桑停車場線,20430,0,0.5,上松,4870,上松,4888,9758,1.39,1.23,56.6,54.3,11,50
20300190080,一般国道１９号,須原大桑停車場線,須原大桑停車場線,20430,0,0.3,上松,4870,上松,4888,9758,1.39,1.23,51.7,47.9,11,50
20300190090,一般国道１９号,須原大桑停車場線,須原大桑停車場線,20430,0,2.7,上松,4870,上松,4888,9758,1.39,1.23,46.9,47.4,11,50
20300190100,一般国道１９号,須原大桑停車場線,大桑村・上松町境,20430,0,3.1,上松,4870,上松,4888,9758,1.39,1.21,43.8,44.6,10.25,50
20300190102,一般国道１９号,大桑村・上松町境,上松町道,20422,0,4.2,上松,4870,上松,4888,9758,1.39,1.27,53.7,54.1,10.6,50
20300190104,一般国道１９号,上松町道,上松町１級町道栄町小野線１２１,20422,0,0.9,上松,4870,上松,4888,9758,1.39,1.27,36.6,24.5,10.6,50
20300190110,一般国道１９号,上松町１級町道栄町小野線１２１,上松町１級町道広小路見返線１２０,20422,0,1.6,上松,4870,上松,4888,9758,1.39,1.27,48.4,45.5,10.6,50
20300190120,一般国道１９号,上松町１級町道広小路見返線１２０,上松御岳線,20422,0,1.6,上松,4870,上松,4888,9758,1.39,1.22,58.4,56.6,12,50
20300190125,一般国道１９号,上松御岳線,木曽町道板敷野線,20422,0,1,上松,4870,上松,4888,9758,1.39,1.22,54.1,52.9,12,50
20300190890,一般国道１９号,木曽町道板敷野線,上松南木曽線,20422,0,2,上松,4870,上松,4888,9758,1.39,1.3,56.5,54.9,9.5,50
20300190870,一般国道１９号,上松南木曽線,木曽町道板敷野線,20422,0,0.3,上松,4870,上松,4888,9758,1.39,1.3,42.7,50.1,9.5,50
20300190140,一般国道１９号,木曽町道板敷野線,開田三岳福島線,20432,0,1.6,板敷野,4681,板敷野,5093,9774,1.32,1.17,47.7,42.1,11.05,50
20300190150,一般国道１９号,開田三岳福島線,鳥居本町線,20432,0,0.6,板敷野,4681,板敷野,5093,9774,1.32,1.13,48.2,49.7,11.05,50
20300190160,一般国道１９号,鳥居本町線,木曽福島停車場駒ケ岳線,20432,0,3.2,板敷野,4681,板敷野,5093,9774,1.32,1.2,46.5,46.7,10.35,50
20300190170,一般国道１９号,木曽福島停車場駒ケ岳線,一般国道３６１号,20432,0,0.9,板敷野,4681,板敷野,5093,9774,1.32,1.2,38.4,26,10.35,50
20300190180,一般国道１９号,一般国道３６１号,オコシ宮ノ越停車場線,20432,0,2.7,日義,6875,日義,7039,13914,1.32,1.44,39,41.6,10.35,50
20300190190,一般国道１９号,オコシ宮ノ越停車場線,宮ノ越停車場線,20432,0,5.1,日義,6875,日義,7039,13914,1.32,1.44,44.5,36.6,10.35,50
20300190200,一般国道１９号,宮ノ越停車場線,一般国道３６１号,20432,0,0.5,吉田洞門南,5014,吉田洞門南,5238,10252,1.37,1.22,18.4,33.6,10.35,50
20300190210,一般国道１９号,一般国道３６１号,木曽町・木祖村境,20432,0,0.3,吉田洞門南,5014,吉田洞門南,5238,10252,1.37,1.22,22.7,48.9,10.35,50
20300190220,一般国道１９号,木曽町・木祖村境,奈川木祖線,20425,0,3.3,吉田洞門南,5014,吉田洞門南,5238,10252,1.37,1.18,44.7,45.3,10.3,50
20300190230,一般国道１９号,奈川木祖線,木祖村・塩尻市境,20425,0,2.8,藪原登坂,4426,藪原登坂,4661,9087,1.48,1.1,38.8,38,10.3,50
20300190240,一般国道１９号,木祖村・塩尻市境,姥神奈良井線,20215,0,1.8,藪原登坂,4426,藪原登坂,4661,9087,1.48,1.16,52.4,55.2,9,50
20300190250,一般国道１９号,姥神奈良井線,奈良井停車場線,20215,0,2,藪原登坂,4426,藪原登坂,4661,9087,1.48,1.16,50.7,51.4,9,50
20300190260,一般国道１９号,奈良井停車場線,木曽平沢停車場線,20215,0,2.9,藪原登坂,4426,藪原登坂,4661,9087,1.48,1.16,44.6,43.9,9,50
20300190270,一般国道１９号,木曽平沢停車場線,楢川岡谷線,20215,0,7.4,片平橋,4170,片平橋,4622,8792,1.37,1.09,51.1,50.7,11,50
20300190280,一般国道１９号,楢川岡谷線,本山床尾線,20215,0,4.5,片平橋,4170,片平橋,4622,8792,1.37,1.09,52.1,48.3,11,50
20300190290,一般国道１９号,本山床尾線,本山床尾線,20215,0,2.6,片平橋,4170,片平橋,4622,8792,1.37,0.77,47.4,45.8,14.1,50
20300190300,一般国道１９号,本山床尾線,床尾大門線,20215,0,1.1,片平橋,4170,片平橋,4622,8792,1.37,0.77,39.5,37.5,14.1,50
20300190310,一般国道１９号,床尾大門線,御馬越塩尻停車場線,20215,0,1.3,大門,8393,大門,7527,15920,1.39,1.08,38.3,39.5,12.9,50
20300190320,一般国道１９号,御馬越塩尻停車場線,一般国道２０号,20215,0,2.5,大門,8393,大門,7527,15920,1.39,1.08,24.4,20.8,12.9,50
20300190330,一般国道１９号,一般国道２０号,塩尻鍋割穂高線,20215,0,3,松本市宮田2-10,8865,松本市宮田2-10,9561,18426,1.43,1.16,18.2,20.3,10.5,50
20300190340,一般国道１９号,塩尻鍋割穂高線,南原広丘停車場線,20215,0,0.5,松本市宮田2-10,8865,松本市宮田2-10,9561,18426,1.43,1.16,17.6,26.8,10.5,50
20300190350,一般国道１９号,南原広丘停車場線,原洗馬停車場線,20215,0,0.9,松本市宮田2-10,8865,松本市宮田2-10,9561,18426,1.43,1.16,31,40.8,10.5,50
20300190360,一般国道１９号,原洗馬停車場線,松本空港塩尻北インター線,20215,0,1.3,松本市宮田2-10,8865,松本市宮田2-10,9561,18426,1.43,0.35,27.6,32.5,30.5,50
20300190370,一般国道１９号,松本空港塩尻北インター線,塩尻市・松本市境,20215,0,0.5,松本市宮田2-10,8865,松本市宮田2-10,9561,18426,1.43,0.35,29.9,26.2,30.5,50
20300190380,一般国道１９号,塩尻市・松本市境,松本市道,20202,0,0.5,松本市宮田2-10,8865,松本市宮田2-10,9561,18426,1.43,1.15,28.5,18.9,11.5,50
20300190390,一般国道１９号,松本市道,松本環状高家線,20202,0,0.9,松本市宮田2-10,8865,松本市宮田2-10,9561,18426,1.43,1.15,21,21,11.5,50
20300190400,一般国道１９号,松本環状高家線,平田新橋線,20202,0,1.6,松本市宮田2-10,8865,松本市宮田2-10,9561,18426,1.43,1.22,15.3,14.7,12,50
20300190410,一般国道１９号,平田新橋線,松本空港線,20202,0,1.8,松本市宮田2-10,8865,松本市宮田2-10,9561,18426,1.43,1.18,19.6,11.4,18,50
20300190420,一般国道１９号,松本空港線,兎川寺鎌田線,20202,0,1.3,松本市鎌田2丁目7-1,6834,松本市鎌田2丁目7-1,8879,15713,1.49,1.63,10.3,11.4,18,50
20300190430,一般国道１９号,兎川寺鎌田線,一般国道１４３号,20202,0,0.9,松本市渚1丁目5-11,9178,松本市渚1丁目5-11,10316,19494,1.43,1.76,16.9,10.8,18,50
20300190440,一般国道１９号,一般国道１４３号,倭北松本停車場線,20202,0,0.6,松本市渚1丁目5-11,9178,松本市渚1丁目5-11,10316,19494,1.43,1.76,10.6,8.8,18,50
20300190450,一般国道１９号,倭北松本停車場線,平田新橋線,20202,0,1.3,松本市渚1丁目5-11,9178,松本市渚1丁目5-11,10316,19494,1.43,1.23,13.1,27,18,50
20300190460,一般国道１９号,平田新橋線,一般国道１４７号,20202,0,2.1,松本市渚1丁目5-11,9178,松本市渚1丁目5-11,10316,19494,1.43,0.97,25,13.8,10,50
20300190470,一般国道１９号,一般国道１４７号,松本市・安曇野市境,20202,0,2.5,松本市渚1丁目5-11,9178,松本市渚1丁目5-11,10316,19494,1.43,0.97,20.1,52.9,10,50
20300190480,一般国道１９号,松本市・安曇野市境,安曇野インター堀金線,20220,0,1.5,安曇野市明科中川手1147-3,7440,安曇野市明科中川手1147-3,7675,15115,1.27,1.1,42.6,26.1,11.5,50
20300190490,一般国道１９号,安曇野インター堀金線,安曇野インター堀金線,20220,0,1.1,安曇野市明科中川手1147-3,7440,安曇野市明科中川手1147-3,7675,15115,1.27,1.15,20.3,36,12,50
20300190500,一般国道１９号,安曇野インター堀金線,豊科大天井岳線,20220,0,1.3,安曇野市明科中川手1147-3,7440,安曇野市明科中川手1147-3,7675,15115,1.27,1.15,19,23.5,12,50
20300190510,一般国道１９号,豊科大天井岳線,大町明科線,20220,0,3.3,安曇野市明科中川手1147-3,7440,安曇野市明科中川手1147-3,7675,15115,1.27,1.15,28.1,30.1,12,50
20300190520,一般国道１９号,大町明科線,矢室明科線,20220,0,1.3,安曇野市明科中川手4195,5582,安曇野市明科中川手4195,5694,11276,1.21,1.12,26.4,29.8,9.5,40
20300190530,一般国道１９号,矢室明科線,一般国道４０３号,20220,0,0.9,安曇野市明科中川手4195,5582,安曇野市明科中川手4195,5694,11276,1.21,1.12,38.1,27.4,9.5,40
20300190540,一般国道１９号,一般国道４０３号,穂高明科線,20220,0,1.6,安曇野市明科南陸郷238,3192,安曇野市明科南陸郷238,3081,6273,1.32,0.5,35,41.6,9,50
20300190550,一般国道１９号,穂高明科線,安曇野市・生坂村境,20220,0,3.2,安曇野市明科南陸郷238,3192,安曇野市明科南陸郷238,3081,6273,1.32,0.5,54.5,56.4,9,50
20300190560,一般国道１９号,安曇野市・生坂村境,下生野明科線,20448,0,0.3,安曇野市明科南陸郷238,3192,安曇野市明科南陸郷238,3081,6273,1.32,0.92,53.7,51.8,9.5,50
20300190570,一般国道１９号,下生野明科線,上生坂信濃松川停車場線,20448,0,2.8,安曇野市明科南陸郷238,3192,安曇野市明科南陸郷238,3081,6273,1.32,0.92,55.3,55.9,9.5,50
20300190580,一般国道１９号,上生坂信濃松川停車場線,大町麻績インター千曲線,20448,0,5.7,東筑摩郡生坂村東広津12163,1348,東筑摩郡生坂村東広津12163,1012,2360,1.19,0.34,55.4,57.1,9,50
20300190590,一般国道１９号,大町麻績インター千曲線,大町麻績インター千曲線,20448,0,0.7,東筑摩郡生坂村東広津12163,1348,東筑摩郡生坂村東広津12163,1012,2360,1.19,0.34,50.3,49.8,9,50
20300190600,一般国道１９号,大町麻績インター千曲線,生坂村・大町市境,20448,0,2.8,東筑摩郡生坂村東広津12163,1348,東筑摩郡生坂村東広津12163,1012,2360,1.19,0.34,55.3,57,9,50
20300190610,一般国道１９号,生坂村・大町市境,舟場矢下線,20212,0,2.8,長野市信州新町日原西1487,1948,長野市信州新町日原西1487,1901,3849,1.16,0.66,58.3,57.7,9,50
20300190620,一般国道１９号,舟場矢下線,大町市・長野市境,20212,0,2.2,長野市信州新町日原西1487,1948,長野市信州新町日原西1487,1901,3849,1.16,0.66,56,55.3,9,50
20300190630,一般国道１９号,大町市・長野市境,川口大町線,20201,0,2.2,長野市信州新町日原西1487,1948,長野市信州新町日原西1487,1901,3849,1.16,0.63,52.2,51.5,13,50
20300190640,一般国道１９号,川口大町線,岩本里穂刈線,20201,0,6.1,長野市信州新町日原西1487,1948,長野市信州新町日原西1487,1901,3849,1.16,0.63,53.2,52.2,13,50
20300190650,一般国道１９号,岩本里穂刈線,丸子信州新線,20201,0,1.9,長野市信州新町新町1000,2699,長野市信州新町新町1000,2709,5408,1.16,0.46,44.5,41.2,15.5,50
20300190660,一般国道１９号,丸子信州新線,信濃信州新線,20201,0,0.2,長野市信州新町新町1000,2699,長野市信州新町新町1000,2709,5408,1.16,0.46,27.4,25.1,15.5,50
20300190670,一般国道１９号,信濃信州新線,長野信州新線,20201,0,1.7,長野市信州新町新町1000,2699,長野市信州新町新町1000,2709,5408,1.16,0.46,48.4,49.6,15.5,50
20300190680,一般国道１９号,長野信州新線,安庭篠ノ井線,20201,0,4.8,長野市信州新町新町1000,2699,長野市信州新町新町1000,2709,5408,1.16,0.66,47.5,41.1,12,50
20300190690,一般国道１９号,安庭篠ノ井線,長野大町線,20201,0,0.5,長野市信州新町新町1000,2699,長野市信州新町新町1000,2709,5408,1.16,0.5,43.5,37.6,16.5,50
20300190700,一般国道１９号,長野大町線,長野大町線,20201,0,3.9,長野市信更町安庭1902,4335,長野市信更町安庭1902,4564,8899,1.34,0.83,54.1,44.8,13,50
20300190710,一般国道１９号,長野大町線,戸隠篠ノ井線,20201,0,1,長野市七二会己510,6829,長野市七二会己510,7169,13998,1.28,1.12,33.5,9.6,13.5,50
20300190720,一般国道１９号,戸隠篠ノ井線,一般国道１９号,20201,0,2.9,長野市篠ノ井山布施7775,8035,長野市篠ノ井山布施7775,7703,15738,1.28,1.3,21.1,9.8,12,50
20300190730,一般国道１９号,一般国道１９号,犀口下居返線,20201,0,1.2,長野市篠ノ井小松原1397-2,3269,長野市篠ノ井小松原1397-2,3088,6357,1.21,0.43,7.9,50.7,11.5,60
20300190740,一般国道１９号,犀口下居返線,長野上田線,20201,0,2.7,長野市川中島町今里596-1,5139,長野市川中島町今里596-1,6245,11384,1.23,0.84,33.8,37.6,32.5,60
20300190745,一般国道１９号,長野上田線,長野真田線,20201,0,1.5,長野市川中島町今里596-1,5139,長野市川中島町今里596-1,6245,11384,1.23,0.44,34,28.1,30,60
20300190750,一般国道１９号,長野真田線,市道更北７７４号,20201,0,0.1,長野市川中島町今里596-1,5139,長野市川中島町今里596-1,6245,11384,1.23,0.42,13.5,21.6,34,60
20300190760,一般国道１９号,市道更北７７４号,一般国道１８号,20201,0,1.3,長野市川中島町今里596-1,5139,長野市川中島町今里596-1,6245,11384,1.23,0.35,33.3,19.5,31,60
20300190780,一般国道１９号,一般国道１９号,小松原川中島停車場線,20201,0,0.3,長野市小松原3287,2935,長野市小松原3287,3280,6215,1.21,0.66,4.1,32.1,10.5,50
20300190790,一般国道１９号,小松原川中島停車場線,入山小市線,20201,0,1.4,長野市小松原3287,2935,長野市小松原3287,3280,6215,1.21,0.66,19.7,40.8,10.5,50
20300190800,一般国道１９号,入山小市線,川中島停車場線,20201,0,1.4,長野市小松原3287,2935,長野市小松原3287,3280,6215,1.21,0.66,43.4,37.3,10.5,50
20300190810,一般国道１９号,川中島停車場線,一般国道１１７号,20201,0,3,長野市大字安茂里1768,5795,長野市大字安茂里1768,6409,12204,1.24,1.59,21.7,16.3,10,50
20300190815,一般国道１９号,一般国道１１７号,長野停車場線,20201,0,0.2,長野市中御所岡田町79-5,11988,長野市中御所岡田町79-5,13693,25681,1.25,0.55,13.2,14.1,22,50
20300190820,一般国道１９号,長野停車場線,長野市道,20201,0,0.2,長野市中御所岡田町79-5,11988,長野市中御所岡田町79-5,13693,25681,1.25,0.55,14.9,21.8,22,50
20300190825,一般国道１９号,長野市道,長野菅平線,20201,0,0.3,長野市中御所岡田町79-5,11988,長野市中御所岡田町79-5,13693,25681,1.25,0.64,17,15.4,22,50
20300190830,一般国道１９号,長野菅平線,長野豊野線,20201,0,0.4,長野市中御所岡田町79-5,11988,長野市中御所岡田町79-5,13693,25681,1.25,0.64,18.7,9.6,22,50
20300190840,一般国道１９号,長野豊野線,長野市道,20201,0,0.5,長野市鶴賀1613,12663,長野市鶴賀1613,10123,22786,1.3,0.93,13.8,16.5,20,50
20300190850,一般国道１９号,長野市道,一般国道１８号,20201,0,2.9,長野市鶴賀1613,12663,長野市鶴賀1613,10123,22786,1.3,0.93,15,15.2,20,50
20300200010,一般国道２０号,一般国道２０号,北杜富士見線,20362,0,0.4,諏訪郡富士見町富士見3538-3,3167,諏訪郡富士見町富士見3538-3,3251,6418,1.34,0.53,46.3,44.1,10,50
20300200020,一般国道２０号,北杜富士見線,富士見高原線,20362,0,0.1,諏訪郡富士見町富士見3538-3,3167,諏訪郡富士見町富士見3538-3,3251,6418,1.34,0.53,38.6,36.2,10,50
20300200030,一般国道２０号,富士見高原線,信濃境停車場線,20362,0,1.1,諏訪郡富士見町富士見3538-3,3167,諏訪郡富士見町富士見3538-3,3251,6418,1.34,0.53,37.9,44.2,10,50
20300200040,一般国道２０号,信濃境停車場線,乙事富士見線,20362,0,6.7,諏訪郡富士見町富士見3538-3,3167,諏訪郡富士見町富士見3538-3,3251,6418,1.34,0.53,50.6,48.9,10,50
20300200050,一般国道２０号,乙事富士見線,中新田富士見線,20362,0,0.3,諏訪郡富士見町富士見3197-1,5106,諏訪郡富士見町富士見3197-1,4896,10002,1.35,0.88,19.9,20.7,11,50
20300200060,一般国道２０号,中新田富士見線,諏訪南インタ－線,20362,0,3.7,諏訪郡富士見町富士見3197-1,5106,諏訪郡富士見町富士見3197-1,4896,10002,1.35,0.88,40.5,41,11,50
20300200070,一般国道２０号,諏訪南インタ－線,富士見町・茅野市境,20362,0,0.1,諏訪郡富士見町富士見3197-1,5106,諏訪郡富士見町富士見3197-1,4896,10002,1.35,0.88,27.3,31,11,50
20300200080,一般国道２０号,富士見町・茅野市境,神ノ原青柳停車場線,20214,0,1,茅野市金沢2594,6777,茅野市金沢2594,6136,12913,1.28,1.44,45.9,47.9,10,50
20300200090,一般国道２０号,神ノ原青柳停車場線,神ノ原青柳停車場線,20214,0,1.5,茅野市金沢4110-1,7016,茅野市金沢4110-1,7531,14547,1.26,1.4,40.8,37,10,50
20300200100,一般国道２０号,神ノ原青柳停車場線,茅野市道５ブロック１１６８号線,20214,0,2.4,茅野市金沢4110-1,7016,茅野市金沢4110-1,7531,14547,1.26,1.4,37,38,10,50
20300200370,一般国道２０号,茅野市道５ブロック１１６８号線,払沢茅野線,20214,0,2.4,茅野市宮川坂室6957,7482,茅野市宮川坂室6957,7845,15327,1.33,1.14,24.1,23.2,13.5,50
20300200140,一般国道２０号,払沢茅野線,岡谷茅野線,20214,0,0.6,茅野市宮川4449-1,8274,茅野市宮川4449-1,9115,17389,1.31,1.18,16.5,13.7,13,50
20300200150,一般国道２０号,岡谷茅野線,一般国道２０号,20214,0,0.1,諏訪市四賀80,7142,諏訪市四賀80,7264,14406,1.27,1.02,12.9,24.3,9,50
20300200160,一般国道２０号,一般国道２０号,払沢茅野線,20214,0,0.9,諏訪市四賀80,7142,諏訪市四賀80,7264,14406,1.27,1.02,24,29,9,50
20300200170,一般国道２０号,払沢茅野線,茅野市・諏訪市境,20214,0,1.6,諏訪市四賀80,7142,諏訪市四賀80,7264,14406,1.27,1.02,23.3,28.9,9,50
20300200180,一般国道２０号,茅野市・諏訪市境,神宮寺諏訪線,20206,0,1.2,諏訪市四賀80,7142,諏訪市四賀80,7264,14406,1.27,1.47,27,28.8,11.5,40
20300200190,一般国道２０号,神宮寺諏訪線,諏訪茅野線,20206,0,0.2,諏訪市四賀80,7142,諏訪市四賀80,7264,14406,1.27,1.47,14.2,19.8,11.5,40
20300200200,一般国道２０号,諏訪茅野線,諏訪辰野線,20206,0,1,諏訪市四賀80,7142,諏訪市四賀80,7264,14406,1.27,1.47,17,20,11.5,40
20300200210,一般国道２０号,諏訪辰野線,諏訪白樺湖小諸線,20206,0,1.2,諏訪市四賀80,7142,諏訪市四賀80,7264,14406,1.27,1.47,22.9,17.5,11.5,40
20300200220,一般国道２０号,諏訪白樺湖小諸線,諏訪辰野線,20206,0,0.6,諏訪郡下諏訪町東豊6366-4,6534,諏訪郡下諏訪町東豊6366-4,6407,12941,1.25,1.6,16.6,20.4,11,40
20300200230,一般国道２０号,諏訪辰野線,諏訪市・下諏訪町境,20206,0,2,諏訪郡下諏訪町東豊6366-4,6534,諏訪郡下諏訪町東豊6366-4,6407,12941,1.25,1.6,18.6,22.7,11,40
20300200240,一般国道２０号,諏訪市・下諏訪町境,岡谷下諏訪線,20361,0,1.3,諏訪郡下諏訪町東豊6366-4,6534,諏訪郡下諏訪町東豊6366-4,6407,12941,1.25,1.31,30.2,26.8,10,40
20300200250,一般国道２０号,岡谷下諏訪線,一般国道１４２号,20361,0,1.5,諏訪郡下諏訪町東豊6366-4,6534,諏訪郡下諏訪町東豊6366-4,6407,12941,1.25,1.31,26.6,18.2,10,40
20300200260,一般国道２０号,一般国道１４２号,諏訪大社春宮線,20361,0,0.5,岡谷市西山1723-41,10658,岡谷市西山1723-41,10661,21319,1.33,2.2,10.8,21,8.5,40
20300200270,一般国道２０号,諏訪大社春宮線,下諏訪町・岡谷市境,20361,0,0.7,岡谷市西山1723-41,10658,岡谷市西山1723-41,10661,21319,1.33,2.2,18.7,18.8,8.5,40
20300200280,一般国道２０号,下諏訪町・岡谷市境,下諏訪辰野線,20204,0,0.8,岡谷市西山1723-41,10658,岡谷市西山1723-41,10661,21319,1.33,2.13,23.3,14.6,9.5,40
20300200290,一般国道２０号,下諏訪辰野線,一般国道２０号,20204,0,2.7,岡谷市西山1723-41,10658,岡谷市西山1723-41,10661,21319,1.33,2.13,23.9,25.2,9.5,40
20300200300,一般国道２０号,一般国道２０号,楢川岡谷線,20204,0,0.7,岡谷市西山1723-41,10658,岡谷市西山1723-41,10661,21319,1.33,0.99,38.7,31.9,17.5,50
20300200310,一般国道２０号,楢川岡谷線,楢川岡谷線,20204,0,1.1,岡谷市西山1723-41,10658,岡谷市西山1723-41,10661,21319,1.33,0.99,30.1,38.4,17.5,50
20300200320,一般国道２０号,楢川岡谷線,岡谷市・塩尻市境,20204,0,1.8,岡谷市西山1723-41,10658,岡谷市西山1723-41,10661,21319,1.33,0.99,43.2,53.5,17.5,50
20300200330,一般国道２０号,岡谷市・塩尻市境,長野自動車道,20215,0,6.7,岡谷市西山1723-41,10658,岡谷市西山1723-41,10661,21319,1.33,0.97,52,40.8,16,50
20300200340,一般国道２０号,長野自動車道,松本塩尻線,20215,0,1.4,岡谷市西山1723-41,10658,岡谷市西山1723-41,10661,21319,1.33,0.66,46.1,30.8,25,60
20300200350,一般国道２０号,松本塩尻線,一般国道１９号,20215,0,0.5,塩尻市広丘高出1615-1,11573,塩尻市広丘高出1615-1,9348,20921,1.38,0.98,24.7,11.2,30.5,60
20300200390,一般国道２０号,一般国道２０号,一般国道１５２号,20214,0,1.2,茅野市ちの2716-3,6033,茅野市ちの2716-3,6575,12608,1.33,0.96,18,43.2,13.5,50
20300200400,一般国道２０号,一般国道１５２号,茅野市・諏訪市境,20214,0,0.5,諏訪市中洲2929-1,4724,諏訪市中洲2929-1,8584,13308,1.24,1.22,31.9,19.2,24,60
20300200410,一般国道２０号,茅野市・諏訪市境,中央自動車道西宮線,20206,0,0.9,諏訪市中洲2929-1,4724,諏訪市中洲2929-1,8584,13308,1.24,1.17,20.3,16,34.5,50
20300200420,一般国道２０号,中央自動車道西宮線,神宮寺諏訪線,20206,0,0.7,諏訪市中洲2929-1,4724,諏訪市中洲2929-1,8584,13308,1.24,1.17,18.9,20.9,34.5,50
20300200440,一般国道２０号,一般国道１４２号,長野自動車道,20204,0,2.7,岡谷市長地梨久保2丁目23,4474,岡谷市長地梨久保2丁目23,4433,8907,1.45,0.79,31.2,38.9,21,50
20300200450,一般国道２０号,長野自動車道,一般国道２０号,20204,0,0.3,岡谷市今井1780-1,5394,岡谷市今井1780-1,4917,10311,1.29,0.86,28.5,16.1,21,50
20301170010,一般国道１１７号,一般国道１９号,三才大豆島中御所線,20201,0,1.4,長野市中御所5-9-12（荒木交差点）,19571,長野市中御所5-9-12（荒木交差点）,21687,41258,1.43,0.93,25.3,14.3,22,50
20301170020,一般国道１１７号,三才大豆島中御所線,長野上田線,20201,0,1.4,長野市青木島町青木島856-9,16897,長野市青木島町青木島856-9,21389,38286,1.27,1.67,7.9,23,22,50
20301170030,一般国道１１７号,長野上田線,長野真田線,20201,0,0.6,長野市下氷鉋1-1386,13247,長野市下氷鉋1-1386,9808,23055,1.36,0.81,5.1,25,22,50
20301170040,一般国道１１７号,長野真田線,一般国道１８号,20201,0,1.5,長野市下氷鉋1-1386,5298,長野市下氷鉋1-1386,5631,10929,1.3,1.03,21.4,12,12,40
20301170060,一般国道１１７号,一般国道１８号,中野豊野線,20201,0,1.4,長野市豊野町大字蟹沢字手子塚1308-1,5365,長野市豊野町大字蟹沢字手子塚1308-1,5628,10993,1.32,0.74,34.1,13.3,11,50
20301170070,一般国道１１７号,中野豊野線,長野市・中野市境,20201,0,1.4,,3126,,2938,6064,1.27,0.71,37.9,46.1,11,50
20301170080,一般国道１１７号,長野市・中野市境,三水中野線,20211,0,1.7,中野市上今井29-1,3637,中野市上今井29-1,3293,6930,1.27,0.61,49.3,47.5,10,50
20301170090,一般国道１１７号,三水中野線,南永江替佐停車場線,20211,0,1.8,中野市上今井29-1,3637,中野市上今井29-1,3293,6930,1.27,0.61,41,40.7,10,50
20301170100,一般国道１１７号,南永江替佐停車場線,豊田中野線,20211,0,0.3,中野市上今井29-1,3637,中野市上今井29-1,3293,6930,1.27,0.61,29.8,25.8,10,50
20301170160,一般国道１１７号,一般国道２９２号,飯山妙高高原線,20213,0,1.8,飯山市静間県町123-1,6477,飯山市静間県町123-1,6415,12892,1.19,0.94,27.9,28.6,10,50
20301170170,一般国道１１７号,飯山妙高高原線,飯山野沢温泉線,20213,0,0.6,飯山市静間県町123-1,6477,飯山市静間県町123-1,6415,12892,1.19,0.94,27.7,25,10,50
20301170180,一般国道１１７号,飯山野沢温泉線,一般国道４０３号,20213,0,1.3,飯山市静間県町123-1,6477,飯山市静間県町123-1,6415,12892,1.19,0.94,34.1,32,10,50
20301170190,一般国道１１７号,一般国道４０３号,一般国道２９２号,20213,0,1.3,飯山市飯山北町2529-1,7042,飯山市飯山北町2529-1,6448,13490,1.32,0.85,34.3,37.6,11,60
20301170200,一般国道１１７号,一般国道２９２号,上越飯山線,20213,0,0.4,飯山市飯山北町2529-1,7042,飯山市飯山北町2529-1,6448,13490,1.32,0.85,35.9,34.4,11,60
20301170210,一般国道１１７号,上越飯山線,関沢小沼線,20213,0,3.6,飯山市飯山北町2529-1,7042,飯山市飯山北町2529-1,6448,13490,1.32,0.85,48.6,47.7,11,60
20301170220,一般国道１１７号,関沢小沼線,柏尾戸狩停車場線,20213,0,2,飯山市瑞穂関沢,3171,飯山市瑞穂関沢,3114,6285,1.27,0.5,49,43.9,11.5,60
20301170230,一般国道１１７号,柏尾戸狩停車場線,柏尾戸狩停車場線,20213,0,1,飯山市瑞穂関沢,3171,飯山市瑞穂関沢,3114,6285,1.27,0.5,50,44.1,11.5,60
20301170240,一般国道１１７号,柏尾戸狩停車場線,野沢上境停車場線,20213,0,2.9,飯山市瑞穂関沢,3171,飯山市瑞穂関沢,3114,6285,1.27,0.5,55.3,57.7,11.5,60
20301170250,一般国道１１７号,野沢上境停車場線,野沢上境停車場線,20213,0,0.3,飯山市瑞穂関沢,3171,飯山市瑞穂関沢,3114,6285,1.27,0.5,56.1,59.1,11.5,60
20301170260,一般国道１１７号,野沢上境停車場線,飯山市・野沢温泉村境,20213,0,0,飯山市瑞穂関沢,3171,飯山市瑞穂関沢,3114,6285,1.27,0.49,52.3,56.9,15.5,60
20301170270,一般国道１１７号,飯山市・野沢温泉村境,一般国道４０３号,20563,0,4.9,飯山市瑞穂関沢,3171,飯山市瑞穂関沢,3114,6285,1.27,0.5,56.8,56.4,11,60
20301170280,一般国道１１７号,一般国道４０３号,箕作飯山線,20563,0,3.7,下高井郡野沢温泉村東大滝38-1,2174,下高井郡野沢温泉村東大滝38-1,2030,4204,1.24,0.38,60.8,62.2,11,60
20301170290,一般国道１１７号,箕作飯山線,野沢温泉村・栄村境,20563,0,0.5,下高井郡野沢温泉村東大滝38-1,2174,下高井郡野沢温泉村東大滝38-1,2030,4204,1.24,0.38,53.4,52.2,11,60
20301170300,一般国道１１７号,野沢温泉村・栄村境,箕作飯山線,20602,0,0.3,下高井郡野沢温泉村東大滝38-1,2174,下高井郡野沢温泉村東大滝38-1,2030,4204,1.24,0.4,60.7,55.1,8,50
20301170310,一般国道１１７号,箕作飯山線,箕作飯山線,20602,0,4.1,下水内郡栄村大字北信州3746-1,2245,下水内郡栄村大字北信州3746-1,1492,3737,1.26,0.67,58.3,58.3,8,50
20301170320,一般国道１１７号,箕作飯山線,秋山郷森宮野原停車場線,20602,0,3.8,下水内郡栄村大字北信州3746-1,2245,下水内郡栄村大字北信州3746-1,1492,3737,1.26,0.67,53.3,54.9,9.8,50
20301170330,一般国道１１７号,秋山郷森宮野原停車場線,一般国道１１７号,20602,0,0.7,下水内郡栄村大字北信州3746-1,2245,下水内郡栄村大字北信州3746-1,1492,3737,1.26,0.67,33.6,41,9.8,50
20301170390,一般国道１１７号,一般国道１１７号,南永江替佐停車場線,20211,0,0.5,中野市永江2155,4961,中野市永江2155,4024,8985,1.24,0.89,37.6,37.6,11,50
20301170400,一般国道１１７号,南永江替佐停車場線,牟礼永江線,20211,0,2.7,中野市永江2155,4961,中野市永江2155,4024,8985,1.24,0.89,59.9,55.7,11,50
20301170350,一般国道１１７号,牟礼永江線,飯山妙高高原線,20211,0,0.2,中野市永江2155,4961,中野市永江2155,4024,8985,1.24,1.09,29.9,19.2,19.5,50
20301170360,一般国道１１７号,飯山妙高高原線,中野市・飯山市境,20211,0,1.3,中野市永江2155,4961,中野市永江2155,4024,8985,1.24,0.87,44.8,50.1,12.8,50
20301170370,一般国道１１７号,,一般国道２９２号,20213,0,2.6,中野市永江2155,4961,中野市永江2155,4024,8985,1.24,0.75,52.3,52.7,12.75,60
20301410010,一般国道１４１号,一般国道１４１号,梓山海ノ口線,20305,0,10.8,南佐久郡南牧村大字板橋988-2,3554,南佐久郡南牧村大字板橋988-2,3276,6830,1.27,0.59,52.8,52.1,10.5,50
20301410020,一般国道１４１号,梓山海ノ口線,南牧村・小海町境,20305,0,7.7,南佐久郡南牧村海ノ口1051（南牧村役場）,4109,南佐久郡南牧村海ノ口1051（南牧村役場）,4199,8308,1.28,0.79,47.2,45.1,10.5,50
20301410030,一般国道１４１号,南牧村・小海町境,松原湖高原線,20303,0,1,南佐久郡南牧村海ノ口1051（南牧村役場）,4109,南佐久郡南牧村海ノ口1051（南牧村役場）,4199,8308,1.28,0.82,49.6,47,9.8,50
20301410040,一般国道１４１号,松原湖高原線,上野小海線,20303,0,3.9,南佐久郡佐久穂町畑1133-6（清水町交差点南）,6894,南佐久郡佐久穂町畑1133-6（清水町交差点南）,6947,13841,1.21,1.24,44.1,43.4,9.8,50
20301410050,一般国道１４１号,上野小海線,小海町・佐久穂町境,20303,0,4.3,南佐久郡佐久穂町畑1133-6（清水町交差点南）,6894,南佐久郡佐久穂町畑1133-6（清水町交差点南）,6947,13841,1.21,1.24,40.8,41.7,9.8,50
20301410060,一般国道１４１号,小海町・佐久穂町境,一般国道２９９号,20309,0,0.2,南佐久郡佐久穂町畑1133-6（清水町交差点南）,6894,南佐久郡佐久穂町畑1133-6（清水町交差点南）,6947,13841,1.21,1.48,32,16.7,9.5,40
20301410070,一般国道１４１号,一般国道２９９号,上畑八千穂停車場線,20309,0,0.1,南佐久郡佐久穂町畑1133-6（清水町交差点北）,4607,南佐久郡佐久穂町畑1133-6（清水町交差点北）,4539,9146,1.19,0.89,23.3,31.9,9.5,40
20301410080,一般国道１４１号,上畑八千穂停車場線,一般国道２９９号,20309,0,3.4,南佐久郡佐久穂町畑1133-6（清水町交差点北）,4607,南佐久郡佐久穂町畑1133-6（清水町交差点北）,4539,9146,1.19,0.89,39.6,37.3,9.5,40
20301410090,一般国道１４１号,一般国道２９９号,大張北岩水線,20309,0,0.5,佐久市下小田切81-10（城山交差点南）,7710,佐久市下小田切81-10（城山交差点南）,7828,15538,1.36,1.1,21,24.8,9.5,40
20301410100,一般国道１４１号,大張北岩水線,佐久穂町・佐久市境,20309,0,1.8,佐久市下小田切81-10（城山交差点南）,7710,佐久市下小田切81-10（城山交差点南）,7828,15538,1.36,1.1,32.8,35.8,9.5,40
20301410110,一般国道１４１号,佐久穂町・佐久市境,上小田切臼田停車場線,20217,0,1.5,佐久市下小田切81-10（城山交差点南）,7710,佐久市下小田切81-10（城山交差点南）,7828,15538,1.36,1.14,36.8,35,8.5,40
20301410120,一般国道１４１号,上小田切臼田停車場線,下仁田臼田線,20217,0,0.1,佐久市跡部46-4（跡部交差点南）,6511,佐久市跡部46-4（跡部交差点南）,6535,13046,1.16,0.54,15.3,27.7,25,60
20301410130,一般国道１４１号,下仁田臼田線,上小田切臼田停車場線,20217,0,0.2,佐久市跡部46-4（跡部交差点南）,6511,佐久市跡部46-4（跡部交差点南）,6535,13046,1.16,0.54,28.6,26.3,25,60
20301410140,一般国道１４１号,上小田切臼田停車場線,百沢臼田線,20217,0,1.4,佐久市跡部46-4（跡部交差点南）,6511,佐久市跡部46-4（跡部交差点南）,6535,13046,1.16,0.54,33,41.5,25,60
20301410150,一般国道１４１号,百沢臼田線,相浜本町線,20217,0,2.6,佐久市跡部46-4（跡部交差点南）,6511,佐久市跡部46-4（跡部交差点南）,6535,13046,1.16,0.54,42.1,38.5,25,60
20301410160,一般国道１４１号,相浜本町線,一般国道１４２号,20217,0,0.8,佐久市跡部46-4（跡部交差点南）,6511,佐久市跡部46-4（跡部交差点南）,6535,13046,1.16,0.54,34.1,27.6,25,60
20301410170,一般国道１４１号,一般国道１４２号,小諸中込線,20217,0,1.4,佐久市跡部46-4（跡部交差点北）,6436,佐久市跡部46-4（跡部交差点北）,6835,13271,1.17,0.38,33.3,38.6,25,50
20301410180,一般国道１４１号,小諸中込線,上原猿久保線,20217,0,1.7,佐久市跡部46-4（跡部交差点北）,6436,佐久市跡部46-4（跡部交差点北）,6835,13271,1.17,0.46,31.2,28.2,25,50
20301410185,一般国道１４１号,上原猿久保線,塩名田佐久線,20217,0,1,佐久市岩村田1452-9,14666,佐久市岩村田1452-9,14435,29101,1.2,0.76,26.7,26.9,25,50
20301410190,一般国道１４１号,塩名田佐久線,塩名田佐久線,20217,0,0.4,佐久市岩村田1452-9,14666,佐久市岩村田1452-9,14435,29101,1.2,0.76,21.6,21.8,25,50
20301410200,一般国道１４１号,塩名田佐久線,下仁田浅科線,20217,0,0.4,佐久市岩村田1452-9,14666,佐久市岩村田1452-9,14435,29101,1.2,0.76,30.1,16.9,25,50
20301410210,一般国道１４１号,下仁田浅科線,中部横断自動車道,20217,0,2.6,佐久市岩村田1452-9,14666,佐久市岩村田1452-9,14435,29101,1.2,0.76,20.1,22.2,25,50
20301410220,一般国道１４１号,中部横断自動車道,借宿小諸線,20208,0,1.4,小諸市御影新田2118,7945,小諸市御影新田2118,7392,15337,1.21,0.53,23.2,23.1,25,50
20301410230,一般国道１４１号,借宿小諸線,借宿小諸線,20208,0,0.4,小諸市御影新田2118,7945,小諸市御影新田2118,7392,15337,1.21,0.48,28.4,20.9,25,50
20301410240,一般国道１４１号,借宿小諸線,一般国道１８号,20208,0,0.9,小諸市御影新田2118,7945,小諸市御影新田2118,7392,15337,1.21,1.22,35.6,23.8,14.5,50
20301410260,一般国道１４１号,一般国道１８号,借宿小諸線,20208,0,0.6,,9537,,8758,18295,1.34,1.24,17.4,19.8,11.2,40
20301410270,一般国道１４１号,借宿小諸線,小諸中込線,20208,0,0.5,小諸市御幸町2-2-26,8432,小諸市御幸町2-2-26,7624,16056,1.34,1.05,17.5,25.7,11,40
20301410280,一般国道１４１号,小諸中込線,佐久小諸線,20208,0,0.8,小諸市御幸町2-2-26,8432,小諸市御幸町2-2-26,7624,16056,1.34,1.05,22,23,11,40
20301410290,一般国道１４１号,佐久小諸線,馬瀬口小諸線,20208,0,0.2,小諸市御幸町2-2-26,8432,小諸市御幸町2-2-26,7624,16056,1.34,1.05,24.7,30.4,11,40
20301410295,一般国道１４１号,馬瀬口小諸線,諏訪白樺湖小諸線,20208,0,0.5,小諸市御幸町2-2-26,8432,小諸市御幸町2-2-26,7624,16056,1.34,1.05,27.1,22.2,11,40
20301410300,一般国道１４１号,諏訪白樺湖小諸線,峰の茶屋小諸線,20208,0,0.3,小諸市御幸町2-2-26,8432,小諸市御幸町2-2-26,7624,16056,1.34,1.05,14.5,24.6,11,40
20301410310,一般国道１４１号,峰の茶屋小諸線,菱野筒井線,20208,0,0.2,小諸市御幸町2-2-26,8432,小諸市御幸町2-2-26,7624,16056,1.34,1.05,19,14.2,11,40
20301410320,一般国道１４１号,菱野筒井線,小諸市道,20208,0,0.2,小諸市御幸町2-2-26,8432,小諸市御幸町2-2-26,7624,16056,1.34,1.05,15.2,15,11,40
20301410330,一般国道１４１号,小諸市道,小諸上田線,20208,0,0.5,小諸市御幸町2-2-26,8432,小諸市御幸町2-2-26,7624,16056,1.34,1.05,20,22.1,11,40
20301410340,一般国道１４１号,小諸上田線,一般国道１８号,20208,0,1,小諸市御幸町2-2-26,8432,小諸市御幸町2-2-26,7624,16056,1.34,1.05,22.7,17.7,11,40
20301410354,一般国道１４１号,一般国道１８号,小諸上田線,20203,0,1.2,上田市踏入2-9-18,5525,上田市踏入2-9-18,7466,12991,1.32,1.26,14.5,21,15,40
20301410357,一般国道１４１号,小諸上田線,小諸上田線,20203,0,0.5,上田市踏入2-9-18,5525,上田市踏入2-9-18,7466,12991,1.32,1.26,18.2,24.9,15,40
20301410360,一般国道１４１号,小諸上田線,長野上田線,20203,0,0.3,上田市踏入2-9-18,5525,上田市踏入2-9-18,7466,12991,1.32,1.26,21.2,10.1,15,40
20301410370,一般国道１４１号,長野上田線,小諸上田線,20203,0,0.3,上田市中央2-5（中央2丁目交差点）,4147,上田市中央2-5（中央2丁目交差点）,4700,8847,1.3,0.66,12.4,12.2,15,40
20301410380,一般国道１４１号,小諸上田線,一般国道１８号,20203,0,0.7,上田市中央3-8-7,5199,上田市中央3-8-7,4824,10023,1.3,0.73,17,15.7,15,40
20301420005,一般国道１４２号,一般国道１４１号,中部横断自動車道,20217,0,1.6,佐久市跡部46-4（跡部交差点西）,8051,佐久市跡部46-4（跡部交差点西）,8481,16532,1.18,0.53,31,31.4,28.3,50
20301420010,一般国道１４２号,中部横断自動車道,佐久小諸線,20217,0,1.8,佐久市伴野12（佐久南IC入口付近）,7446,佐久市伴野12（佐久南IC入口付近）,7564,15010,1.25,1.12,42.5,38.5,13,50
20301420020,一般国道１４２号,佐久小諸線,相浜本町線,20217,0,0.9,佐久市伴野12（佐久南IC入口付近）,7446,佐久市伴野12（佐久南IC入口付近）,7564,15010,1.25,1.12,38.7,37.6,13,50
20301420030,一般国道１４２号,相浜本町線,上原猿久保線,20217,0,1.7,佐久市伴野12（佐久南IC入口付近）,7446,佐久市伴野12（佐久南IC入口付近）,7564,15010,1.25,1.12,43.8,42.9,13,50
20301420040,一般国道１４２号,上原猿久保線,八幡小諸線,20217,0,1.1,佐久市蓬田515,6977,佐久市蓬田515,6701,13678,1.32,1.01,34.3,35.8,13,50
20301420050,一般国道１４２号,八幡小諸線,下仁田浅科線,20217,0,1.3,佐久市蓬田515,6977,佐久市蓬田515,6701,13678,1.32,1.01,38.9,29.1,13,50
20301420060,一般国道１４２号,下仁田浅科線,百沢臼田線,20217,0,0.4,佐久市蓬田515,6977,佐久市蓬田515,6701,13678,1.32,1.01,23.9,21.6,13,50
20301420070,一般国道１４２号,百沢臼田線,東部望月線,20217,0,0.4,佐久市蓬田515,6977,佐久市蓬田515,6701,13678,1.32,1.01,26.3,39.7,13,50
20301420080,一般国道１４２号,東部望月線,雨境望月線,20217,0,1.9,佐久市協和119-1,8969,佐久市協和119-1,9571,18540,1.35,1.21,45.8,40,13,50
20301420090,一般国道１４２号,雨境望月線,牛鹿望月線,20217,0,1.5,佐久市協和119-1,8969,佐久市協和119-1,9571,18540,1.35,1.21,25.1,26.3,13,50
20301420100,一般国道１４２号,牛鹿望月線,佐久市・立科町境,20217,0,2.3,佐久市茂田井,5838,佐久市茂田井,5799,11637,1.26,0.91,47.2,49.4,13,50
20301420110,一般国道１４２号,佐久市・立科町境,牛鹿望月線,20324,0,0,佐久市茂田井,5838,佐久市茂田井,5799,11637,1.26,1.08,31.9,26.7,13,50
20301420115,一般国道１４２号,牛鹿望月線,諏訪白樺湖小諸線,20324,0,1,佐久市茂田井,5838,佐久市茂田井,5799,11637,1.26,1.08,39.9,37.5,13,50
20301420120,一般国道１４２号,諏訪白樺湖小諸線,諏訪白樺湖小諸線,20324,0,0.4,佐久市茂田井,5838,佐久市茂田井,5799,11637,1.26,1.08,23.3,25.4,13,50
20301420130,一般国道１４２号,諏訪白樺湖小諸線,芦田大屋停車場線,20324,0,0.7,佐久市茂田井,5838,佐久市茂田井,5799,11637,1.26,1.08,39.1,38,13,50
20301420140,一般国道１４２号,芦田大屋停車場線,一般国道２５４号,20324,0,0.5,佐久市茂田井,5838,佐久市茂田井,5799,11637,1.26,1.08,32.6,34.7,13,50
20301420150,一般国道１４２号,一般国道２５４号,立科町・長和町境,20324,0,2.3,北佐久郡立科町芦田4111-1（笠取峠）,2163,北佐久郡立科町芦田4111-1（笠取峠）,2316,4479,1.24,0.84,55.9,53.7,13,50
20301420160,一般国道１４２号,立科町・長和町境,一般国道１５２号,20350,0,4.3,小県郡長和町長久保2033-1（長久保交差点）,2361,小県郡長和町長久保2033-1（長久保交差点）,2553,4914,1.37,0.94,39.1,37.5,9,50
20301420170,一般国道１４２号,一般国道１５２号,一般国道１５２号,20350,0,1.2,小県郡長和町長久保2033-1（長久保交差点）,5143,小県郡長和町長久保2033-1（長久保交差点）,5316,10459,1.28,0.77,41.7,33,9,50
20301420180,一般国道１４２号,一般国道１５２号,美ケ原和田線,20350,0,5.3,小県郡長和町和田241-1,3914,小県郡長和町和田241-1,4051,7965,1.35,0.59,43.8,44.1,16,50
20301420190,一般国道１４２号,美ケ原和田線,松本和田線,20350,0,3.7,,3574,,3563,7137,1.28,0.74,48.3,47.9,8,50
20301420200,一般国道１４２号,松本和田線,一般国道１４２号,20350,0,2.3,,3574,,3563,7137,1.28,0.28,54.3,53.7,13.8,50
20301420210,一般国道１４２号,一般国道１４２号,男女倉長門線,20350,0,1.7,,3710,,3696,7406,1.28,0.47,50.7,48.5,12,50
20301420220,一般国道１４２号,男女倉長門線,長和町・下諏訪町境,20350,0,3.1,小県郡長和町和田5309-191（新和田トンネル有料道路　料金所）,1988,小県郡長和町和田5309-191（新和田トンネル有料道路　料金所）,2177,4165,1.23,0.88,51.6,47.9,8.5,50
20301420230,一般国道１４２号,長和町・下諏訪町境,一般国道１４２号,20361,0,1.5,小県郡長和町和田5309-191（新和田トンネル有料道路　料金所）,1988,小県郡長和町和田5309-191（新和田トンネル有料道路　料金所）,2177,4165,1.23,0.88,63.4,61.9,8,50
20301420240,一般国道１４２号,一般国道１４２号,一般国道１４２号,20361,0,6.9,小県郡長和町和田5309-191（新和田トンネル有料道路　料金所）,1988,小県郡長和町和田5309-191（新和田トンネル有料道路　料金所）,2177,4165,1.23,0.88,52.8,52,8,50
20301420250,一般国道１４２号,一般国道１４２号,一般国道１４２号,20361,0,0.9,小県郡長和町和田5309-191（新和田トンネル有料道路　料金所）,1988,小県郡長和町和田5309-191（新和田トンネル有料道路　料金所）,2177,4165,1.23,0.88,58.2,57.8,8,50
20301420260,一般国道１４２号,一般国道１４２号,下諏訪町・岡谷市境,20361,0,1.7,小県郡長和町和田5309-191（新和田トンネル有料道路　料金所）,1988,小県郡長和町和田5309-191（新和田トンネル有料道路　料金所）,2177,4165,1.23,0.88,62.5,59,8,50
20301420270,一般国道１４２号,下諏訪町・岡谷市境,一般国道２０号,20204,0,0.7,小県郡長和町和田5309-191（新和田トンネル有料道路　料金所）,1988,小県郡長和町和田5309-191（新和田トンネル有料道路　料金所）,2177,4165,1.23,0.89,29.4,13.9,10.7,50
20301420290,一般国道１４２号,一般国道１４２号,霧ケ峰東餅屋線,20350,0,6.1,小県郡長和町和田5332-1,205,小県郡長和町和田5332-1,177,382,1.15,0.05,31,32.4,7.5,50
20301420300,一般国道１４２号,霧ケ峰東餅屋線,長和町・下諏訪町境,20350,0,0.6,小県郡長和町和田5332-1,205,小県郡長和町和田5332-1,177,382,1.15,0.05,47.1,27.5,8,50
20301420310,一般国道１４２号,長和町・下諏訪町境,一般国道１４２号,20361,0,2.9,諏訪郡下諏訪町樋橋,274,諏訪郡下諏訪町樋橋,271,545,1.2,0.3,30.2,33.4,6.25,30
20301420330,一般国道１４２号,一般国道１４２号,八島高原線,20361,0,0.1,,2319,,1891,4210,1.24,0.38,22.3,55.1,9.65,50
20301420340,一般国道１４２号,八島高原線,一般国道１４２号,20361,0,0.7,,2319,,1891,4210,1.24,0.38,41.7,47,9.65,50
20301420350,一般国道１４２号,一般国道１４２号,一般国道２０号,20361,0,3.4,,2319,,1891,4210,1.24,0.38,27.6,28.2,9.65,50
20301420370,一般国道１４２号,一般国道１４２号,一般国道１４２号,20361,0,0.1,,2319,,1891,4210,1.24,0.3,19.3,30.1,7.8,50
20301430010,一般国道１４３号,一般国道１９号,平田新橋線,20202,0,0.8,松本市渚1丁目2－10,8176,松本市渚1丁目2－10,8319,16495,1.34,1.11,12,9.1,16,40
20301430020,一般国道１４３号,平田新橋線,平田新橋線,20202,0,0.6,松本市深志1098,5363,松本市深志1098,4375,9738,1.3,0.4,8.1,8.6,22,40
20301430030,一般国道１４３号,平田新橋線,松本塩尻線,20202,0,0.4,松本市深志1098,5363,松本市深志1098,4375,9738,1.3,0.4,7.8,14.3,22,40
20301430040,一般国道１４３号,松本塩尻線,松本和田線,20202,0,0.9,松本市旭2丁目-11-11,7550,松本市旭2丁目-11-11,5317,12867,1.18,1,12.9,15.3,22,40
20301430050,一般国道１４３号,松本和田線,浅間河添線,20202,0,1.9,松本市旭2丁目-11-11,7550,松本市旭2丁目-11-11,5317,12867,1.18,1,16.5,15.5,22,40
20301430060,一般国道１４３号,浅間河添線,惣社岡田線,20202,0,1.4,,5997,,4882,10879,1.27,1.1,17.7,27.2,14,40
20301430070,一般国道１４３号,惣社岡田線,惣社岡田線,20202,0,0.9,,5997,,4882,10879,1.27,1.1,24.2,35.6,14,40
20301430080,一般国道１４３号,惣社岡田線,松本市道,20202,0,0.7,,5997,,4882,10879,1.27,1.1,47.8,44.7,14,40
20301430090,一般国道１４３号,松本市道,松本市・安曇野市境,20202,0,2.2,,8006,,7515,15521,1.33,0.54,46.1,49.6,12,50
20301430100,一般国道１４３号,松本市・安曇野市境,安曇野インター堀金線,20220,0,0.7,安曇野市豊科田沢,5369,安曇野市豊科田沢,5615,10984,1.21,1.12,41.7,29.3,7.5,50
20301430110,一般国道１４３号,安曇野インター堀金線,安曇野市・松本市境,20220,0,2.1,,3394,,2666,6060,1.27,1,46.6,51.5,7.5,50
20301430120,一般国道１４３号,安曇野市・松本市境,矢室明科線,20202,0,1.9,松本市刈谷原町,2425,松本市刈谷原町,2194,4619,1.23,0.62,51.3,48.1,7.5,40
20301430130,一般国道１４３号,矢室明科線,下奈良本豊科線,20202,0,0.3,,3241,,2550,5791,1.26,0.9,22.5,21.9,10.5,50
20301430140,一般国道１４３号,下奈良本豊科線,一般国道１４３号,20202,0,5.9,,3241,,2550,5791,1.26,0.9,52.4,53.1,10.5,50
20301430150,一般国道１４３号,一般国道１４３号,一般国道１４３号,20202,0,2,,3241,,2550,5791,1.26,0.9,56.9,37.6,10.5,50
20301430160,一般国道１４３号,一般国道１４３号,松本市・筑北村境,20202,0,3.2,,3241,,2550,5791,1.26,0.9,34,27.2,10.5,50
20301430170,一般国道１４３号,松本市・筑北村境,河鹿沢西条停車場線,20452,0,2.6,,3241,,2550,5791,1.26,1,35.6,28.2,6.5,30
20301430180,一般国道１４３号,河鹿沢西条停車場線,筑北村・青木村境,20452,0,1.5,,3241,,2550,5791,1.26,1,30.8,29.6,6.5,30
20301430190,一般国道１４３号,筑北村・青木村境,丸子信州新線,20349,0,6.9,,152,,154,306,1.11,0.06,40,39.1,9,50
20301430200,一般国道１４３号,丸子信州新線,田沢中挟線,20349,0,3.6,小県郡青木村田沢120-5（青木交差点）,1734,小県郡青木村田沢120-5（青木交差点）,1745,3479,1.28,0.29,56.8,58.4,9,50
20301430210,一般国道１４３号,田沢中挟線,丸子信州新線,20349,0,0.6,小県郡青木村田沢120-5（青木交差点）,1734,小県郡青木村田沢120-5（青木交差点）,1745,3479,1.28,0.29,38.8,37.2,9,50
20301430220,一般国道１４３号,丸子信州新線,青木村・上田市境,20349,0,2.5,小県郡青木村田沢120-5（青木交差点）,3349,小県郡青木村田沢120-5（青木交差点）,3272,6621,1.28,0.48,36.7,41,9,50
20301430230,一般国道１４３号,青木村・上田市境,塩田仁古田線,20203,0,1.8,,3395,,3461,6856,1.28,0.75,39.6,38.5,13,50
20301430240,一般国道１４３号,塩田仁古田線,真田新田線,20203,0,1.5,上田市小泉191-2,6201,上田市小泉191-2,5814,12015,1.24,0.93,34,33.7,10,40
20301430250,一般国道１４３号,真田新田線,上田丸子線,20203,0,2.1,上田市小泉191-2,6201,上田市小泉191-2,5814,12015,1.24,0.93,23.7,20.7,10,40
20301430280,一般国道１４３号,一般国道１４３号,一般国道１４３号,20202,0,3.2,,749,,589,1338,1.22,0.75,37.8,28.2,5,30
20301430300,一般国道１４３号,一般国道１４３号,上田市道,20203,0,1.7,上田市下之条464,12018,上田市下之条464,11310,23328,1.35,0.58,26,25.9,25,60
20301430310,一般国道１４３号,上田市道,一般国道１８号,20203,0,0.2,上田市下之条1037-1,12203,上田市下之条1037-1,10870,23073,1.26,0.75,16.8,13.1,25,60
20301440010,一般国道１４４号,一般国道１４４号,菅平高原線,20203,0,1.9,上田市真田町長1283-8（菅平口交差点）,1230,上田市真田町長1283-8（菅平口交差点）,1417,2647,1.22,0.12,46.5,42.2,11,50
20301440020,一般国道１４４号,菅平高原線,一般国道４０６号,20203,0,3.6,上田市真田町長1283-8（菅平口交差点）,1198,上田市真田町長1283-8（菅平口交差点）,1386,2584,1.22,0.33,41.7,42.2,9,50
20301440030,一般国道１４４号,一般国道４０６号,真田東部線,20203,0,3.9,上田市真田町長2355-1（横沢交差点）,2930,上田市真田町長2355-1（横沢交差点）,3264,6194,1.27,0.57,50.5,52.7,9,50
20301440040,一般国道１４４号,真田東部線,矢沢真田線,20203,0,2.5,上田市真田町長2355-1（横沢交差点）,2292,上田市真田町長2355-1（横沢交差点）,2576,4868,1.25,0.46,47.7,48.5,12.5,50
20301440050,一般国道１４４号,矢沢真田線,長野真田線,20203,0,1.6,上田市真田町長6122-1（荒井交差点）,4690,上田市真田町長6122-1（荒井交差点）,4869,9559,1.3,0.67,44.1,42.3,12.5,50
20301440060,一般国道１４４号,長野真田線,下原大屋停車場線,20203,0,2.4,上田市真田町長6122-1（荒井交差点）,5375,上田市真田町長6122-1（荒井交差点）,5611,10986,1.3,0.78,30.2,32.8,12.5,50
20301440070,一般国道１４４号,下原大屋停車場線,住吉上田線,20203,0,2,上田市上野1967-1,5800,上田市上野1967-1,6219,12019,1.21,1.11,31.7,35.4,8,50
20301440080,一般国道１４４号,住吉上田線,上信越自動車道,20203,0,0.1,,11594,,9679,21273,1.35,0.7,15.1,25.9,25,60
20301440090,一般国道１４４号,上信越自動車道,一般国道１８号,20203,0,0.9,上田市住吉70-12,9120,上田市住吉70-12,9917,19037,1.24,0.53,30.5,18.7,25,60
20301440100,一般国道１４４号,一般国道１８号,一般国道１８号,20203,0,1.1,上田市住吉108-1,6014,上田市住吉108-1,5800,11814,1.22,0.71,14.7,18.3,11.8,40
20301460010,一般国道１４６号,一般国道１４６号,一般国道１８号,20321,0,11.9,北佐久郡軽井沢町長倉3038-3（中軽井沢交差点北）,2891,北佐久郡軽井沢町長倉3038-3（中軽井沢交差点北）,3677,6568,1.27,1.09,30.5,33.1,7,50
20301470010,一般国道１４７号,長野大町線,一般国道１４８号,20212,0,0.4,大町市大町2967-15,6309,大町市大町2967-15,5708,12017,1.16,0.96,15.7,13.6,12.5,40
20301470020,一般国道１４７号,一般国道１４８号,有明大町線,20212,0,1.2,大町市大町2967-15,6309,大町市大町2967-15,5708,12017,1.16,0.54,36.5,39.2,22,50
20301470030,一般国道１４７号,有明大町線,大町明科線,20212,0,1,大町市大町2967-15,6309,大町市大町2967-15,5708,12017,1.16,0.54,27.5,22.2,22,50
20301470040,一般国道１４７号,大町明科線,有明大町線,20212,0,2,大町市大町2967-15,6309,大町市大町2967-15,5708,12017,1.16,0.52,31,28.4,20,50
20301470050,一般国道１４７号,有明大町線,大平大峰沓掛線,20212,0,4,大町市常盤須沼3823,4665,大町市常盤須沼3823,4750,9415,1.3,0.64,37.4,38.9,12,50
20301470060,一般国道１４７号,大平大峰沓掛線,大町市・松川村境,20212,0,1.1,大町市常盤須沼3823,4665,大町市常盤須沼3823,4750,9415,1.3,0.64,49.3,49.5,12,50
20301470070,一般国道１４７号,大町市・松川村境,矢地赤芝線,20482,0,1.3,北安曇郡松川村緑町7022-23,4665,北安曇郡松川村緑町7022-23,4750,9415,1.3,0.66,45.3,43.6,11.5,50
20301470080,一般国道１４７号,矢地赤芝線,上生坂信濃松川停車場線,20482,0,0.4,北安曇郡松川村緑町7022-23,4665,北安曇郡松川村緑町7022-23,4750,9415,1.3,0.66,25.1,22.9,11.5,50
20301470090,一般国道１４７号,上生坂信濃松川停車場線,松川村・安曇野市境,20482,0,4,北安曇郡松川村細野5808,3581,北安曇郡松川村細野5808,3954,7535,1.25,0.71,42.7,43,11.5,50
20301470100,一般国道１４７号,松川村・安曇野市境,原木戸安曇追分停車場線,20220,0,1.6,,5293,,5437,10730,1.3,0.95,26.5,30.5,8.5,50
20301470110,一般国道１４７号,原木戸安曇追分停車場線,原木戸安曇追分停車場線,20220,0,0.2,,5293,,5437,10730,1.3,0.95,22.6,29.8,8.5,50
20301470120,一般国道１４７号,原木戸安曇追分停車場線,下木戸有明停車場線,20220,0,1,,5293,,5437,10730,1.3,0.95,39.9,38.6,8.5,50
20301470130,一般国道１４７号,下木戸有明停車場線,塩尻鍋割穂高線,20220,0,0.5,,5293,,5437,10730,1.3,0.95,34.5,30.4,8.5,50
20301470140,一般国道１４７号,塩尻鍋割穂高線,穂高明科線,20220,0,1.6,,5293,,5437,10730,1.3,0.95,39.6,36.5,8.5,50
20301470150,一般国道１４７号,穂高明科線,柏矢町田沢停車場線,20220,0,2.5,,8377,,10324,18701,1.34,1.4,25.9,25.3,9,50
20301470160,一般国道１４７号,柏矢町田沢停車場線,豊科大天井岳線,20220,0,1.6,,8377,,10324,18701,1.34,1.4,32.4,30.6,9,50
20301470170,一般国道１４７号,豊科大天井岳線,豊科大天井岳線,20220,0,0.9,安曇野市豊科4837（豊科駅入口交差点）,7017,安曇野市豊科4837（豊科駅入口交差点）,6729,13746,1.23,1.09,26,15.9,11.5,40
20301470180,一般国道１４７号,豊科大天井岳線,安曇野インター堀金線,20220,0,0.7,安曇野市豊科4837（豊科駅入口交差点）,7017,安曇野市豊科4837（豊科駅入口交差点）,6729,13746,1.23,1.09,14.7,16.8,11.5,40
20301470190,一般国道１４７号,安曇野インター堀金線,梓橋田沢停車場線,20220,0,1.3,,7756,,9005,16761,1.33,1.63,16.9,22.5,8.8,40
20301470270,一般国道１４７号,梓橋田沢停車場線,梓橋田沢停車場線,20220,0,1.3,安曇野市豊科下鳥羽1635,4820,安曇野市豊科下鳥羽1635,5004,9824,1.22,0.64,30.4,26.1,25,40
20301470275,一般国道１４７号,梓橋田沢停車場線,安雲野市道,20220,0,1.5,安曇野市豊科高家2287-7（あづみ野産業団地交差点）,6771,安曇野市豊科高家2287-7（あづみ野産業団地交差点）,6487,13258,1.28,0.87,27.1,21.3,25,40
20301470280,一般国道１４７号,安雲野市道,安曇野市・松本市境,20220,0,0.3,安曇野市豊科高家2287-7（あづみ野産業団地交差点）,8902,安曇野市豊科高家2287-7（あづみ野産業団地交差点）,6495,15397,1.28,1.14,16.4,11.9,25,40
20301470285,一般国道１４７号,安曇野市・松本市境,松本環状高家線,20202,0,0.4,,,,,,,,27.4,12.9,17.5,60
20301470290,一般国道１４７号,松本環状高家線,一般国道１９号,20202,0,0.6,,,,,,,,21,14.2,17.5,60
20301480010,一般国道１４８号,一般国道１４７号,扇沢大町線,20212,0,0.8,大町市大町1955,4026,大町市大町1955,4042,8068,1.29,0.31,40.6,29.8,22,50
20301480020,一般国道１４８号,扇沢大町線,長野大町線,20212,0,0.3,大町市大町1955,4026,大町市大町1955,4042,8068,1.29,0.31,25.8,23,22,50
20301480060,一般国道１４８号,長野大町線,白馬岳大町線,20212,0,1.7,大町市平10353-20,5626,大町市平10353-20,5444,11070,1.3,0.84,47.8,50.4,12,50
20301480070,一般国道１４８号,白馬岳大町線,小島信濃木崎停車場線,20212,0,2.2,大町市平10353-20,5626,大町市平10353-20,5444,11070,1.3,0.84,33.3,31.2,12,50
20301480080,一般国道１４８号,小島信濃木崎停車場線,青具簗場停車場線,20212,0,5.5,大町市平10353-20,5626,大町市平10353-20,5444,11070,1.3,0.84,55.6,56.2,12,50
20301480090,一般国道１４８号,青具簗場停車場線,大町市・白馬村境,20212,0,3.3,大町市平10353-20,5626,大町市平10353-20,5444,11070,1.3,0.84,54.1,52.6,12,50
20301480100,一般国道１４８号,大町市・白馬村境,白馬美麻線,20485,0,7,大町市平10353-20,5626,大町市平10353-20,5444,11070,1.3,0.85,46.1,47.8,14,50
20301480110,一般国道１４８号,白馬美麻線,白馬岳線,20485,0,2.3,北安曇郡白馬村北城265,5000,北安曇郡白馬村北城265,4834,9834,1.32,0.68,45.3,40,14,50
20301480120,一般国道１４８号,白馬岳線,一般国道４０６号,20485,0,0.3,北安曇郡白馬村北城265,5000,北安曇郡白馬村北城265,4834,9834,1.32,0.68,18.5,28.1,14,50
20301480130,一般国道１４８号,一般国道４０６号,千国北城線,20485,0,2,北安曇郡白馬村北城12785,3612,北安曇郡白馬村北城12785,3149,6761,1.3,0.58,40.8,41.1,14,50
20301480140,一般国道１４８号,千国北城線,白馬村・小谷村境,20485,0,3.3,北安曇郡白馬村北城12785,3612,北安曇郡白馬村北城12785,3149,6761,1.3,0.58,54,57.7,14,50
20301480150,一般国道１４８号,白馬村・小谷村境,千国北城線,20486,0,3.3,北安曇郡白馬村北城12785,3612,北安曇郡白馬村北城12785,3149,6761,1.3,0.56,55.7,55.9,11.5,50
20301480160,一般国道１４８号,千国北城線,奉納中土停車場線,20486,0,4.3,北安曇郡小谷村千国乙6734,2986,北安曇郡小谷村千国乙6734,2985,5971,1.28,0.57,50.3,49.5,11.5,50
20301480170,一般国道１４８号,奉納中土停車場線,川尻小谷糸魚川線,20486,0,1.8,北安曇郡小谷村千国乙6734,2986,北安曇郡小谷村千国乙6734,2985,5971,1.28,0.57,55.3,54.4,11.5,50
20301480180,一般国道１４８号,川尻小谷糸魚川線,一般国道１４８号,20486,0,7.8,北安曇郡小谷村大字北小谷字湯原,1527,北安曇郡小谷村大字北小谷字湯原,1493,3020,1.3,0.36,54.9,56.9,11.5,50
20301510010,一般国道１５１号,飯田南木曽線,一般国道２５６号,20205,0,0.2,飯田市中央通り３丁目54,1357,飯田市中央通り３丁目54,1166,2523,1.22,0.25,9.1,11.6,16,40
20301510020,一般国道１５１号,一般国道２５６号,伊那生田飯田線,20205,0,1.7,飯田市東中央通り５丁目72,2911,飯田市東中央通り５丁目72,3036,5947,1.27,0.56,20.6,21.8,16,40
20301510030,一般国道１５１号,伊那生田飯田線,一般国道１５３号,20205,0,0.6,飯田市東中央通り５丁目72,2911,飯田市東中央通り５丁目72,3036,5947,1.27,0.56,18,22.9,16,40
20301510040,一般国道１５１号,一般国道１５３号,伊那八幡停車場線,20205,0,1,飯田市八幡町2152-8,7369,飯田市八幡町2152-8,7041,14410,1.32,1.22,22.1,18.5,9.2,40
20301510050,一般国道１５１号,伊那八幡停車場線,一般国道２５６号,20205,0,0.2,飯田市八幡町2152-8,7369,飯田市八幡町2152-8,7041,14410,1.32,1.22,13.2,10.2,9.2,40
20301510060,一般国道１５１号,一般国道２５６号,米川飯田線,20205,0,1.9,飯田市松尾代田1516-1,7453,飯田市松尾代田1516-1,7255,14708,1.33,1.54,20.4,19.5,8.6,40
20301510070,一般国道１５１号,米川飯田線,駄科大瀬木線,20205,0,0.7,飯田市松尾代田1516-1,7453,飯田市松尾代田1516-1,7255,14708,1.33,0.94,20.9,25.5,9,50
20301510080,一般国道１５１号,駄科大瀬木線,時又中村線,20205,0,2.5,飯田市上川路932-1,2626,飯田市上川路932-1,2787,5413,1.25,0.57,25.9,26.3,9,50
20301510090,一般国道１５１号,時又中村線,飯田市道,20205,0,1.5,飯田市上川路932-1,2626,飯田市上川路932-1,2787,5413,1.25,0.63,47.7,42.7,8.5,50
20301510100,一般国道１５１号,飯田市道,天竜峡停車場線,20205,0,0.8,飯田市上川路932-1,2626,飯田市上川路932-1,2787,5413,1.25,0.63,50,44,8.5,50
20301510110,一般国道１５１号,天竜峡停車場線,上川路大畑線,20205,0,0.6,飯田市上川路932-1,2626,飯田市上川路932-1,2787,5413,1.25,0.63,37.8,22.7,8.5,50
20301510120,一般国道１５１号,上川路大畑線,一般国道４７４号（三遠南信道）,20205,0,0.6,下伊那郡下條村睦沢4388-3,5227,下伊那郡下條村睦沢4388-3,5036,10263,1.25,1.36,26.6,33.8,8.5,50
20301510130,一般国道１５１号,一般国道４７４号（三遠南信道）,飯田市・下條村境,20205,0,1.7,下伊那郡下條村睦沢4388-3,5227,下伊那郡下條村睦沢4388-3,5036,10263,1.25,0.98,44.5,48.3,11.8,50
20301510140,一般国道１５１号,飯田市・下條村境,天竜公園阿智線,20411,0,2.3,下伊那郡下條村睦沢4388-3,5227,下伊那郡下條村睦沢4388-3,5036,10263,1.25,1.13,49.2,44.4,7.5,50
20301510150,一般国道１５１号,天竜公園阿智線,天竜公園阿智線,20411,0,0.4,下伊那郡下條村睦沢4388-3,5227,下伊那郡下條村睦沢4388-3,5036,10263,1.25,1.27,34.7,27.2,9,50
20301510160,一般国道１５１号,天竜公園阿智線,下条米川飯田線,20411,0,2.7,下伊那郡下條村陽皐753-1,4898,下伊那郡下條村陽皐753-1,4777,9675,1.3,1.1,37.6,34.3,9,50
20301510170,一般国道１５１号,下条米川飯田線,下條村・阿南町境,20411,0,1.8,下伊那郡下條村陽皐753-1,4898,下伊那郡下條村陽皐753-1,4777,9675,1.3,1.13,51,48.6,9,50
20301510180,一般国道１５１号,下條村・阿南町境,粟野門島停車場線,20404,0,2.3,下伊那郡下條村陽皐753-1,4898,下伊那郡下條村陽皐753-1,4777,9675,1.3,0.95,55.7,55.5,11,50
20301510190,一般国道１５１号,粟野門島停車場線,温田停車場早稲田線,20404,0,5.1,下伊那郡下條村陽皐753-1,4898,下伊那郡下條村陽皐753-1,4777,9675,1.3,0.95,42.4,33.3,11,50
20301510200,一般国道１５１号,温田停車場早稲田線,阿南根羽線,20404,0,4.5,,1346,,1295,2641,1.22,0.39,43.7,47.3,11,50
20301510210,一般国道１５１号,阿南根羽線,一般国道４１８号,20404,0,8.4,,1346,,1295,2641,1.22,0.39,47.5,48.5,11,50
20301510220,一般国道１５１号,一般国道４１８号,一般国道４１８号,20404,0,0.3,,1346,,1295,2641,1.22,0.39,39.4,35.4,9.5,50
20301510225,一般国道１５１号,一般国道４１８号,一般国道１５１号,20404,0,3.3,,465,,491,956,1.19,0.16,40.6,37.9,9.5,50
20301510280,一般国道１５１号,一般国道１５１号,阿南東栄線,20404,0,0.4,,465,,491,956,1.19,0.17,56.7,50.4,8,40
20301510300,一般国道１５１号,阿南東栄線,阿南町道,20404,0,0.3,,465,,491,956,1.19,0.17,45.2,43.8,8,40
20301510310,一般国道１５１号,阿南町道,一般国道１５１号,20404,0,0.6,,465,,491,956,1.19,0.17,50.3,55,8,40
20301510230,一般国道１５１号,一般国道１５１号,阿南東栄線,20404,0,0.5,,465,,491,956,1.19,0.17,,,13,50
20301520010,一般国道１５２号,一般国道１８号,大屋停車場田沢線,20203,0,0.5,上田市大屋468-1,8578,上田市大屋468-1,7667,16245,1.26,1.41,9.9,11,10,40
20301520020,一般国道１５２号,大屋停車場田沢線,芦田大屋停車場線,20203,0,0.6,上田市塩川石井2904-1（石井交差点）,7759,上田市塩川石井2904-1（石井交差点）,7387,15146,1.26,1.32,16.4,13.4,10,40
20301520030,一般国道１５２号,芦田大屋停車場線,上田塩川線,20203,0,0.3,上田市中丸子1749-3,7660,上田市中丸子1749-3,6847,14507,1.32,1.03,16.7,14.8,12,50
20301520040,一般国道１５２号,上田塩川線,南原長瀬線,20203,0,1.7,上田市中丸子1749-3,7660,上田市中丸子1749-3,6847,14507,1.32,1.03,18.5,28.8,12,50
20301520050,一般国道１５２号,南原長瀬線,丸子東部インター線,20203,0,1.5,上田市中丸子1749-3,7660,上田市中丸子1749-3,6847,14507,1.32,1.03,22.7,24.7,12,50
20301520060,一般国道１５２号,丸子東部インター線,別所丸子線,20203,0,0.8,上田市中丸子1749-3,7660,上田市中丸子1749-3,6847,14507,1.32,1.03,18.5,18.9,12,50
20301520070,一般国道１５２号,別所丸子線,丸子北御牧東部線,20203,0,1.1,上田市腰越1523,6307,上田市腰越1523,6667,12974,1.32,1.06,21.5,19.4,13,40
20301520080,一般国道１５２号,丸子北御牧東部線,一般国道２５４号,20203,0,2.9,上田市腰越1523,6307,上田市腰越1523,6667,12974,1.32,1.06,38.3,36.2,13,40
20301520090,一般国道１５２号,一般国道２５４号,美ケ原公園沖線,20203,0,0.4,,8295,,7857,16152,1.33,1.11,31,29.1,13,40
20301520100,一般国道１５２号,美ケ原公園沖線,上田市・長和町境,20203,0,1.2,,5105,,5161,10266,1.19,0.85,38.6,39.6,13,50
20301520110,一般国道１５２号,上田市・長和町境,一般国道２５４号,20350,0,1.8,小県郡長和町古町426-3,4739,小県郡長和町古町426-3,4942,9681,1.19,0.75,42,39.3,11,50
20301520120,一般国道１５２号,一般国道２５４号,一般国道１４２号,20350,0,3.4,小県郡長和町長久保2033-1（長久保交差点）,3022,小県郡長和町長久保2033-1（長久保交差点）,3003,6025,1.21,0.46,49.1,47.2,11,50
20301520140,一般国道１５２号,一般国道１４２号,男女倉長門線,20350,0,12.1,小県郡長和町大門787,1443,小県郡長和町大門787,1453,2896,1.22,0.41,52.4,50.8,8,60
20301520150,一般国道１５２号,男女倉長門線,諏訪白樺湖小諸線,20350,0,4.2,小県郡長和町大門787,1443,小県郡長和町大門787,1453,2896,1.22,0.41,44.9,41.1,8,60
20301520160,一般国道１５２号,諏訪白樺湖小諸線,諏訪白樺湖小諸線,20214,0,0.4,茅野市北山柏原2797,2096,茅野市北山柏原2797,2228,4324,1.25,0.62,25.3,36.1,8.3,50
20301520170,一般国道１５２号,諏訪白樺湖小諸線,富士見原茅野線,20214,0,9.2,茅野市北山柏原2797,2096,茅野市北山柏原2797,2228,4324,1.25,0.62,42.6,44.3,8.3,50
20301520180,一般国道１５２号,富士見原茅野線,諏訪茅野線,20214,0,0.2,茅野市北山柏原2797,2096,茅野市北山柏原2797,2228,4324,1.25,0.62,38.7,39.4,8.3,50
20301520190,一般国道１５２号,諏訪茅野線,茅野停車場八子ヶ峰公園線,20214,0,0.8,茅野市北山4340-1,1872,茅野市北山4340-1,2011,3883,1.23,0.34,38.6,37,11,50
20301520200,一般国道１５２号,茅野停車場八子ヶ峰公園線,一般国道２９９号,20214,0,1.5,茅野市北山芹ヶ沢6571,2191,茅野市北山芹ヶ沢6571,2398,4589,1.25,0.49,29.7,26.3,11,50
20301520210,一般国道１５２号,一般国道２９９号,渋ノ湯堀線,20214,0,0.6,,6989,,7147,14136,1.32,1.19,29.3,29.6,11,50
20301520220,一般国道１５２号,渋ノ湯堀線,茅野北杜韮崎線,20214,0,0.7,,6989,,7147,14136,1.32,1.19,32.1,30.9,11,50
20301520230,一般国道１５２号,茅野北杜韮崎線,茅野停車場八子ヶ峰公園線,20214,0,3.6,茅野市豊平5203-1,5997,茅野市豊平5203-1,5559,11556,1.18,1.13,37.3,27.6,11,50
20301520240,一般国道１５２号,茅野停車場八子ヶ峰公園線,一般国道２０号,20214,0,3.5,茅野市本町東10-58,11866,茅野市本町東10-58,11223,23089,1.36,1.45,19.1,18.2,16,50
20301520250,一般国道１５２号,一般国道２０号,岡谷茅野線,20214,0,0.5,茅野市ちの2617-4,7581,茅野市ちの2617-4,8149,15730,1.23,1.24,12.6,18.8,16,50
20301520260,一般国道１５２号,岡谷茅野線,岡谷茅野線,20214,0,0.6,茅野市ちの2617-4,7581,茅野市ちの2617-4,8149,15730,1.23,1.24,29.1,30,16,50
20301520270,一般国道１５２号,岡谷茅野線,茅野市・伊那市境,20214,0,7.7,,1653,,1635,3288,1.23,0.25,41.7,42.6,8,50
20301520280,一般国道１５２号,茅野市・伊那市境,中山松倉線,20209,0,5.7,伊那市高遠町東高遠100,2062,伊那市高遠町東高遠100,2008,4070,1.25,0.49,51.7,55.4,10,50
20301520290,一般国道１５２号,中山松倉線,伊那市道,20209,0,10.9,伊那市高遠町東高遠100,2062,伊那市高遠町東高遠100,2008,4070,1.25,0.49,50.4,52.4,10,50
20301520300,一般国道１５２号,伊那市道,一般国道３６１号,20209,0,1.5,伊那市高遠町東高遠100,2062,伊那市高遠町東高遠100,2008,4070,1.25,0.49,44.2,46,10,50
20301520310,一般国道１５２号,一般国道３６１号,芝平高遠線,20209,0,0.2,,1840,,1891,3731,1.23,0.5,21,27,14,40
20301520320,一般国道１５２号,芝平高遠線,沢渡高遠線,20209,0,0.4,,1840,,1891,3731,1.23,0.5,39,28.4,14,40
20301520330,一般国道１５２号,沢渡高遠線,芝平高遠線,20209,0,2.5,伊那市高遠町西高遠721-3（小原交差点）,2928,伊那市高遠町西高遠721-3（小原交差点）,2823,5751,1.26,0.57,49.2,53.4,7,50
20301520340,一般国道１５２号,芝平高遠線,芝平高遠線,20209,0,0.9,伊那市高遠町西高遠721-3（小原交差点）,2928,伊那市高遠町西高遠721-3（小原交差点）,2823,5751,1.26,0.57,50.5,46,7,50
20301520350,一般国道１５２号,芝平高遠線,伊那市道,20209,0,8.2,伊那市長谷市野瀬1696-1,34,伊那市長谷市野瀬1696-1,36,70,1.11,0.01,47.5,49.1,7,50
20301520360,一般国道１５２号,伊那市道,伊那市道,20209,0,0.7,伊那市長谷市野瀬1696-1,34,伊那市長谷市野瀬1696-1,36,70,1.11,0.01,50.4,45.5,7,50
20301520370,一般国道１５２号,伊那市道,駒ケ根長谷線,20209,0,5.5,伊那市長谷市野瀬1696-1,34,伊那市長谷市野瀬1696-1,36,70,1.11,0.01,34.3,32.4,7,50
20301520380,一般国道１５２号,駒ケ根長谷線,伊那市・大鹿村境,20209,0,1.4,伊那市長谷市野瀬1696-1,34,伊那市長谷市野瀬1696-1,36,70,1.11,0.28,20,22.9,4.5,60
20301520390,一般国道１５２号,伊那市・大鹿村境,松川大鹿線,20417,0,15.9,下伊那郡大鹿村大河原4233-22（落合交差点）,550,下伊那郡大鹿村大河原4233-22（落合交差点）,563,1113,1.22,1.24,40.7,35.9,4.55,60
20301520400,一般国道１５２号,松川大鹿線,赤石岳公園線,20417,0,2.6,下伊那郡大鹿村大河原4233-22（落合交差点）,1180,下伊那郡大鹿村大河原4233-22（落合交差点）,1144,2324,1.21,0.38,40.4,41.4,12,60
20301520410,一般国道１５２号,赤石岳公園線,,20417,0,12.4,,968,,937,1905,1.21,1.87,40.4,23.5,4.45,60
20301520430,一般国道１５２号,,,20205,0,3,,,,,,,,,,0,60
20301520450,一般国道１５２号,,一般国道４７４号（三遠南信道）,20205,0,4.1,,108,,100,208,1.04,0.52,23,23.3,3.95,40
20301520460,一般国道１５２号,一般国道４７４号（三遠南信道）,一般国道１５２号,20205,0,0.4,飯田市上町631-3,836,飯田市上町631-3,822,1658,1.22,0.31,49.7,40,9,50
20301520470,一般国道１５２号,一般国道１５２号,一般国道１５２号,20205,0,0.1,飯田市上町631-3,836,飯田市上町631-3,822,1658,1.22,0.31,55.4,58.9,9,50
20301520480,一般国道１５２号,一般国道１５２号,一般国道２５６号,20205,0,6.5,飯田市上町631-3,836,飯田市上町631-3,822,1658,1.22,0.31,49.4,49.2,9,50
20301520485,一般国道１５２号,一般国道２５６号,一般国道１５２号,20205,0,6,飯田市南信濃木沢485-1,765,飯田市南信濃木沢485-1,803,1568,1.22,0.27,53.6,54.7,11,60
20301520650,一般国道１５２号,一般国道１５２号,飯田市道,20205,0,2,飯田市南信濃和田590-1,776,飯田市南信濃和田590-1,789,1565,1.21,0.22,58.9,57.5,11.1,60
20301520630,一般国道１５２号,飯田市道,一般国道１５２号,20205,0,1,飯田市南信濃和田590-1,776,飯田市南信濃和田590-1,789,1565,1.21,0.22,35,44.5,11,60
20301520720,一般国道１５２号,一般国道１５２号,飯田市道,20205,0,0.4,,,,,,,,45.6,39.1,11,60
20301520520,一般国道１５２号,飯田市道,,20205,0,8.5,飯田市南信濃八重河内320-1,388,飯田市南信濃八重河内320-1,387,775,1.18,0.04,35.6,35.6,12.3,60
20301520490,一般国道１５２号,一般国道１５２号,飯田市道,20205,0,5.4,飯田市南信濃木沢485-1,765,飯田市南信濃木沢485-1,803,1568,1.22,0.27,37.1,36.6,9.5,60
20301520500,一般国道１５２号,飯田市道,一般国道４１８号,20205,0,1.3,飯田市南信濃木沢485-1,765,飯田市南信濃木沢485-1,803,1568,1.22,0.27,33.6,33.6,9.5,60
20301520610,一般国道１５２号,一般国道１５２号,一般国道１５２号,20205,0,0.2,,746,,625,1371,1.22,0.17,56.4,56.4,7.3,60
20301530010,一般国道１５３号,一般国道１５３号,月瀬上矢作線,20410,0,1.8,根羽,1112,根羽,1116,2228,1.2,0.32,57,57.4,11.3,50
20301530020,一般国道１５３号,月瀬上矢作線,設楽根羽線,20410,0,1.7,根羽,1112,根羽,1116,2228,1.2,0.32,49.7,44.3,11.3,50
20301530030,一般国道１５３号,設楽根羽線,根羽村・平谷村境,20410,0,8,根羽,1112,根羽,1116,2228,1.2,0.32,59.3,57.2,11.3,50
20301530040,一般国道１５３号,根羽村・平谷村境,一般国道４１８号,20409,0,1.9,根羽,1112,根羽,1116,2228,1.2,0.34,59.2,58.6,8.55,50
20301530050,一般国道１５３号,一般国道４１８号,平谷村・阿智村境,20409,0,5.5,治部坂,1351,治部坂,1395,2746,1.22,0.41,51.9,49.6,8.55,50
20301530060,一般国道１５３号,平谷村・阿智村境,深沢阿南線,20407,0,5.1,治部坂,1351,治部坂,1395,2746,1.22,0.43,56.5,54.6,11.3,50
20301530070,一般国道１５３号,深沢阿南線,一般国道２５６号,20407,0,9.7,治部坂,1351,治部坂,1395,2746,1.22,0.43,58.3,56.6,11.3,50
20301530080,一般国道１５３号,一般国道２５６号,天竜公園阿智線,20407,0,2.7,飯田山本,4687,飯田山本,6107,10794,1.28,0.86,42.8,42.5,12.1,50
20301530090,一般国道１５３号,天竜公園阿智線,阿智村・飯田市境,20407,0,0.9,飯田山本,4687,飯田山本,6107,10794,1.28,0.86,40.5,41.4,12.1,50
20301530100,一般国道１５３号,阿智村・飯田市境,飯田市道山本３６６号線,20205,0,0.7,飯田山本,4687,飯田山本,6107,10794,1.28,0.85,34.6,32.4,16,50
20301530740,一般国道１５３号,飯田市道山本３６６号線,飯田市・阿智村境,20205,0,0.3,飯田山本,4687,飯田山本,6107,10794,1.28,0.77,45.6,40.2,30.8,50
20301530750,一般国道１５３号,飯田市・阿智村境,阿智村・飯田市境,20407,0,0.2,飯田山本,4687,飯田山本,6107,10794,1.28,0.96,27.4,30.2,29.38,50
20301530760,一般国道１５３号,阿智村・飯田市境,一般国道４７４号（三遠南信道）,20205,0,0.2,飯田山本,4687,飯田山本,6107,10794,1.28,0.84,31.1,27.3,28.85,50
20301530770,一般国道１５３号,一般国道４７４号（三遠南信道）,飯田市道山本３６６号線,20205,0,1.6,飯田山本,4687,飯田山本,6107,10794,1.28,0.84,40.5,37.8,28.85,50
20301530120,一般国道１５３号,飯田市道山本３６６号線,時又中村線,20205,0,2.9,飯田山本,4687,飯田山本,6107,10794,1.28,0.9,36.7,36.2,12.95,50
20301530130,一般国道１５３号,時又中村線,一般国道２５６号,20205,0,1.5,飯田IC西,6148,飯田IC西,6145,12293,1.3,1.38,23.2,20.7,12.95,50
20301530140,一般国道１５３号,一般国道２５６号,中央自動車道西宮線,20205,0,0.5,飯田IC西,6148,飯田IC西,6145,12293,1.3,1.38,7.9,26.4,12.95,50
20301530150,一般国道１５３号,中央自動車道西宮線,飯島飯田線,20205,0,0.1,上溝,9749,上溝,9078,18827,1.21,1.16,28.5,21.7,26.45,60
20301530160,一般国道１５３号,飯島飯田線,一般国道１５３号,20205,0,3.9,上溝,9749,上溝,9078,18827,1.21,1.16,25.9,28.4,26.45,60
20301530170,一般国道１５３号,一般国道１５３号,一般国道１５１号,20205,0,0.6,上溝IC,7833,上溝IC,7485,15318,1.21,1.61,26.6,23.2,8.3,30
20301530180,一般国道１５３号,一般国道１５１号,伊那生田飯田線,20205,0,0.2,飯田市松尾上溝3313-8（永代橋）,6206,飯田市松尾上溝3313-8（永代橋）,7085,13291,1.32,1.13,9.8,12.5,8.3,40
20301530190,一般国道１５３号,伊那生田飯田線,一般国道１５３号,20205,0,0.7,飯田市松尾上溝3313-8（永代橋）,6206,飯田市松尾上溝3313-8（永代橋）,7085,13291,1.32,1.13,16.7,15,8.3,40
20301530200,一般国道１５３号,一般国道１５３号,上飯田線,20205,0,2.3,飯田市上郷飯沼1220（北条交差点）,9687,飯田市上郷飯沼1220（北条交差点）,10220,19907,1.27,1.6,21,20.2,8.3,40
20301530210,一般国道１５３号,上飯田線,飯田市・高森町境,20205,0,1.2,飯田市座光寺4737-1,7362,飯田市座光寺4737-1,7722,15084,1.26,0.91,32,34.7,13,50
20301530220,一般国道１５３号,飯田市・高森町境,市田停車場上市田線,20403,0,2.1,飯田市座光寺4737-1,7362,飯田市座光寺4737-1,7722,15084,1.26,1.05,37.9,35.9,11.3,50
20301530230,一般国道１５３号,市田停車場上市田線,市田停車場線,20403,0,0.3,下伊那郡高森町山吹5860-2（山吹交差点）,8237,下伊那郡高森町山吹5860-2（山吹交差点）,7650,15887,1.34,1.09,25,27.2,11.5,50
20301530240,一般国道１５３号,市田停車場線,市ノ沢山吹停車場線,20403,0,3.8,下伊那郡高森町山吹5860-2（山吹交差点）,8237,下伊那郡高森町山吹5860-2（山吹交差点）,7650,15887,1.34,1.09,31.9,34.8,11.5,50
20301530250,一般国道１５３号,市ノ沢山吹停車場線,松川インター大鹿線,20402,0,2.2,下伊那郡高森町山吹5860-2（山吹交差点）,7950,下伊那郡高森町山吹5860-2（山吹交差点）,7501,15451,1.33,0.93,38.5,33.3,10,50
20301530260,一般国道１５３号,松川インター大鹿線,上片桐停車場鶴部線,20402,0,1.5,下伊那郡松川町元大島2819-26,5137,下伊那郡松川町元大島2819-26,5197,10334,1.3,0.68,34.3,37.5,10,50
20301530270,一般国道１５３号,上片桐停車場鶴部線,松川町・中川村境,20402,0,0.7,下伊那郡松川町元大島2819-26,5137,下伊那郡松川町元大島2819-26,5197,10334,1.3,0.68,40.8,47.6,10,50
20301530280,一般国道１５３号,松川町・中川村境,北林飯島線,20386,0,1.5,上伊那郡中川村片桐,4152,上伊那郡中川村片桐,4054,8206,1.2,0.62,50.2,49.2,8.5,50
20301530290,一般国道１５３号,北林飯島線,北林飯島線,20386,0,0.3,上伊那郡中川村片桐,4152,上伊那郡中川村片桐,4054,8206,1.2,0.62,39,41.6,8.5,50
20301530300,一般国道１５３号,北林飯島線,大草坂戸線,20386,0,3.1,上伊那郡中川村片桐,4152,上伊那郡中川村片桐,4054,8206,1.2,0.62,44.8,45,8.5,50
20301530310,一般国道１５３号,大草坂戸線,中川村・飯島町境,20386,0,1.3,上伊那郡中川村片桐,4152,上伊那郡中川村片桐,4054,8206,1.2,0.62,47,47.6,8.5,50
20301530315,一般国道１５３号,中川村・飯島町境,一般国道１５３号,20384,0,1,上伊那郡中川村片桐,4152,上伊那郡中川村片桐,4054,8206,1.2,0.67,41.8,36.9,10,50
20301530320,一般国道１５３号,一般国道１５３号,飯島飯田線,20384,0,2.5,上伊那郡中川村片桐,4152,上伊那郡中川村片桐,4054,8206,1.2,0.62,52,47.5,10,50
20301530330,一般国道１５３号,飯島飯田線,飯島停車場線,20384,0,1.2,上伊那郡飯島町飯島107,1412,上伊那郡飯島町飯島107,1408,2820,1.16,0.37,39.7,38.9,8.4,50
20301530340,一般国道１５３号,飯島停車場線,飯島町・駒ヶ根市境,20384,0,3.2,上伊那郡飯島町飯島107,1412,上伊那郡飯島町飯島107,1408,2820,1.16,0.37,41,43.4,8.4,50
20301530350,一般国道１５３号,飯島町・駒ヶ根市境,一般国道１５３号,20210,0,0.9,駒ヶ根市上穂栄町4-3（広小路仲町交差点）,3925,駒ヶ根市上穂栄町4-3（広小路仲町交差点）,4257,8182,1.3,0.73,43.1,44.1,15,40
20301530354,一般国道１５３号,一般国道１５３号,市道馬見塚線,20210,0,0.8,駒ヶ根市上穂栄町4-3（広小路仲町交差点）,3925,駒ヶ根市上穂栄町4-3（広小路仲町交差点）,4257,8182,1.3,0.73,27.8,37.5,15,40
20301530357,一般国道１５３号,市道馬見塚線,市道琴ヶ沢線,20210,0,0.7,駒ヶ根市上穂栄町4-3（広小路仲町交差点）,3925,駒ヶ根市上穂栄町4-3（広小路仲町交差点）,4257,8182,1.3,0.73,28.5,24.9,15,40
20301530360,一般国道１５３号,市道琴ヶ沢線,駒ケ根長谷線,20210,0,2,駒ヶ根市上穂栄町4-3（広小路仲町交差点）,3925,駒ヶ根市上穂栄町4-3（広小路仲町交差点）,4257,8182,1.3,0.73,22.5,23.1,15,40
20301530370,一般国道１５３号,駒ケ根長谷線,駒ケ根駒ケ岳公園線,20210,0,0.1,駒ヶ根市上穂栄町4-3（広小路仲町交差点）,3925,駒ヶ根市上穂栄町4-3（広小路仲町交差点）,4257,8182,1.3,0.73,17,13.8,15,40
20301530380,一般国道１５３号,駒ケ根駒ケ岳公園線,駒ケ根駒ケ岳公園線,20210,0,0.6,上伊那郡宮田村5200,8792,上伊那郡宮田村5200,9074,17866,1.35,1.4,22.5,18.1,16,40
20301530390,一般国道１５３号,駒ケ根駒ケ岳公園線,一般国道１５３号,20210,0,0.7,上伊那郡宮田村5200,8792,上伊那郡宮田村5200,9074,17866,1.35,1.4,21.5,17,16,40
20301530400,一般国道１５３号,一般国道１５３号,駒ヶ根市・宮田村境,20210,0,0.5,上伊那郡宮田村5200,8792,上伊那郡宮田村5200,9074,17866,1.35,1.4,21.4,19.8,16,40
20301530410,一般国道１５３号,駒ヶ根市・宮田村境,宮田沢渡線,20388,0,0.7,上伊那郡宮田村5200,8792,上伊那郡宮田村5200,9074,17866,1.35,1.26,21.5,21.5,8.5,50
20301530420,一般国道１５３号,宮田沢渡線,栗林宮田停車場線,20388,0,0.9,伊那市西春近8856,8936,伊那市西春近8856,8129,17065,1.3,1.46,26.9,31,10,50
20301530430,一般国道１５３号,栗林宮田停車場線,宮田村・伊那市境,20388,0,1.1,伊那市西春近8856,8936,伊那市西春近8856,8129,17065,1.3,1.46,24.4,27.5,10,50
20301530440,一般国道１５３号,宮田村・伊那市境,宮田沢渡線,20209,0,4,伊那市西春近8856,8936,伊那市西春近8856,8129,17065,1.3,1.11,43.5,31.2,7.5,50
20301530450,一般国道１５３号,宮田沢渡線,南箕輪沢渡線,20209,0,0.2,伊那市西春近8856,8936,伊那市西春近8856,8129,17065,1.3,1.11,25.5,15.9,7.5,50
20301530460,一般国道１５３号,南箕輪沢渡線,沢渡高遠線,20209,0,0.2,伊那市山寺128（水神橋西）,7514,伊那市山寺128（水神橋西）,7319,14833,1.25,1.05,20.5,13.4,12.5,50
20301530470,一般国道１５３号,沢渡高遠線,一般国道３６１号,20209,0,4,伊那市山寺128（水神橋西）,7514,伊那市山寺128（水神橋西）,7319,14833,1.25,1.05,29.1,25.9,12.5,50
20301530480,一般国道１５３号,一般国道３６１号,伊那インタ－線,20209,0,1.1,伊那市山寺128（水神橋西）,7514,伊那市山寺128（水神橋西）,7319,14833,1.25,1.05,16.3,14.5,12.5,50
20301530490,一般国道１５３号,伊那インタ－線,伊那北殿線,20209,0,0.4,伊那市山寺128（水神橋西）,7514,伊那市山寺128（水神橋西）,7319,14833,1.25,1.05,16.8,23.8,12.5,50
20301530500,一般国道１５３号,伊那北殿線,伊那市・南箕輪村境,20209,0,0.3,伊那市山寺128（水神橋西）,7514,伊那市山寺128（水神橋西）,7319,14833,1.25,1.05,21.4,15.2,12.5,50
20301530510,一般国道１５３号,伊那市・南箕輪村境,南箕輪沢渡線,20385,0,0.3,伊那市山寺128（水神橋西）,7514,伊那市山寺128（水神橋西）,7319,14833,1.25,1.14,42.5,35.6,10.1,50
20301530520,一般国道１５３号,南箕輪沢渡線,吹上北殿線,20385,0,2.2,,7149,,7066,14215,1.32,1.38,29.5,25.5,9.85,50
20301530530,一般国道１５３号,吹上北殿線,伊那北殿線,20385,0,0.3,上伊那郡南箕輪村3469,6751,上伊那郡南箕輪村3469,6810,13561,1.27,0.93,19.5,26.4,12.2,50
20301530540,一般国道１５３号,伊那北殿線,南箕輪村・箕輪町境,20385,0,2,上伊那郡南箕輪村3469,6751,上伊那郡南箕輪村3469,6810,13561,1.27,0.93,37,30,12.2,50
20301530550,一般国道１５３号,南箕輪村・箕輪町境,美篶箕輪線,20383,0,0.1,上伊那郡南箕輪村3469,6751,上伊那郡南箕輪村3469,6810,13561,1.27,1.06,29.3,21.8,11,50
20301530560,一般国道１５３号,美篶箕輪線,箕輪町道,20383,0,0.6,上伊那郡箕輪町中箕輪8427,4076,上伊那郡箕輪町中箕輪8427,4157,8233,1.28,0.98,28.9,25.6,8,40
20301530570,一般国道１５３号,箕輪町道,南小河内伊那松島停車場線,20383,0,1.4,上伊那郡箕輪町中箕輪8427,4076,上伊那郡箕輪町中箕輪8427,4157,8233,1.28,0.98,22.4,23.3,8,40
20301530580,一般国道１５３号,南小河内伊那松島停車場線,南小河内伊那松島停車場線,20383,0,0.8,上伊那郡箕輪町中箕輪8427,4076,上伊那郡箕輪町中箕輪8427,4157,8233,1.28,0.98,24.1,27.9,8,40
20301530590,一般国道１５３号,南小河内伊那松島停車場線,一般国道１５３号,20383,0,2,上伊那郡箕輪町中箕輪8427,4076,上伊那郡箕輪町中箕輪8427,4157,8233,1.28,0.98,40.3,35.1,8,40
20301530600,一般国道１５３号,一般国道１５３号,中央自動車道西宮線,20383,0,0.7,上伊那郡辰野町伊那富7811,8261,上伊那郡辰野町伊那富7811,6643,14904,1.33,1.25,20.2,16.7,16,50
20301530610,一般国道１５３号,中央自動車道西宮線,箕輪町・辰野町境,20383,0,0.1,上伊那郡辰野町伊那富7811,8261,上伊那郡辰野町伊那富7811,6643,14904,1.33,1.25,19.7,9.5,16,50
20301530620,一般国道１５３号,箕輪町・辰野町境,与地辰野線,20382,0,0.9,上伊那郡辰野町伊那富7811,8261,上伊那郡辰野町伊那富7811,6643,14904,1.33,1.24,19.6,25.7,9.6,40
20301530630,一般国道１５３号,与地辰野線,与地辰野線,20382,0,0.2,上伊那郡辰野町伊那富7811,8261,上伊那郡辰野町伊那富7811,6643,14904,1.33,1.24,14.4,21.9,9.6,40
20301530640,一般国道１５３号,与地辰野線,下諏訪辰野線,20382,0,2.6,上伊那郡辰野町伊那富7811,8261,上伊那郡辰野町伊那富7811,6643,14904,1.33,1.24,20.8,21.8,9.6,40
20301530650,一般国道１５３号,下諏訪辰野線,伊那富辰野停車場線,20382,0,1.5,上伊那郡辰野町小野867,5435,上伊那郡辰野町小野867,5390,10825,1.29,1.06,31.1,33.1,7.4,50
20301530660,一般国道１５３号,伊那富辰野停車場線,川上唐木沢線,20382,0,2.8,上伊那郡辰野町小野867,5435,上伊那郡辰野町小野867,5390,10825,1.29,1.06,41.4,47,7.4,50
20301530670,一般国道１５３号,川上唐木沢線,楢川岡谷線,20382,0,2.8,上伊那郡辰野町小野867,5435,上伊那郡辰野町小野867,5390,10825,1.29,1.06,50.1,48.6,7.4,50
20301530680,一般国道１５３号,楢川岡谷線,辰野町・塩尻市境,20382,0,1.2,上伊那郡辰野町小野867,5435,上伊那郡辰野町小野867,5390,10825,1.29,1.06,33.8,34,7.4,50
20301530690,一般国道１５３号,辰野町・塩尻市境,楢川岡谷線,20215,0,0.6,塩尻市大字北小野,3843,塩尻市大字北小野,4870,8713,1.29,0.89,45.5,43.9,10.6,50
20301530700,一般国道１５３号,楢川岡谷線,塩尻停車場線,20215,0,7.8,塩尻市大字北小野,3843,塩尻市大字北小野,4870,8713,1.29,0.89,39.5,37.4,10.6,50
20301530710,一般国道１５３号,塩尻停車場線,松本塩尻線,20215,0,0.4,塩尻市大小屋95-1,7702,塩尻市大小屋95-1,7331,15033,1.26,1.82,16.6,22.1,11.3,40
20301530720,一般国道１５３号,松本塩尻線,一般国道１９号,20215,0,0.6,塩尻市大小屋95-1,7702,塩尻市大小屋95-1,7331,15033,1.26,1.82,19.5,12.6,11.3,40
20301530790,一般国道１５３号,一般国道１５３号,,20205,0,0.5,上溝IC,7833,上溝IC,7485,15318,1.21,0.58,65.2,66.6,36.09,50
20301530800,一般国道１５３号,,一般国道１５３号,20205,0,1,,,,,,,,39.8,26.2,22.5,60
20301530815,一般国道１５３号,一般国道１５３号,一般国道１５３号,20210,0,0.2,駒ヶ根市飯坂1丁目4-2,7613,駒ヶ根市飯坂1丁目4-2,7695,15308,1.32,1.04,28.5,15.1,28,50
20301530820,一般国道１５３号,一般国道１５３号,駒ケ根長谷線,20210,0,3.1,駒ヶ根市飯坂1丁目4-2,7613,駒ヶ根市飯坂1丁目4-2,7695,15308,1.32,1.04,27.9,27.9,28,50
20301530830,一般国道１５３号,駒ケ根長谷線,一般国道１５３号,20210,0,1.1,駒ヶ根市飯坂1丁目4-2,7613,駒ヶ根市飯坂1丁目4-2,7695,15308,1.32,1.04,19.1,19.1,28,50
20301530970,一般国道１５３号,伊那辰野停車場線,,20209,0,0.7,伊那市福島178-1,5608,伊那市福島178-1,5920,11528,1.33,0.89,23.7,31.6,28,50
20301530920,一般国道１５３号,,伊那市・南箕輪村境,20209,0,0.7,伊那市福島178-1,5608,伊那市福島178-1,5920,11528,1.33,0.89,29.1,27.9,28,50
20301530850,一般国道１５３号,伊那市・南箕輪村境,南箕輪村・箕輪町境,20385,0,1.1,上伊那郡箕輪町木下11535（木下南新町）,7060,上伊那郡箕輪町木下11535（木下南新町）,6821,13881,1.33,1.14,27,24.5,28,50
20301530860,一般国道１５３号,南箕輪村・箕輪町境,美篶箕輪線,20383,0,1,上伊那郡箕輪町木下11535（木下南新町）,7060,上伊那郡箕輪町木下11535（木下南新町）,6821,13881,1.33,0.46,24.8,20.1,25,50
20301530870,一般国道１５３号,美篶箕輪線,箕輪町道,20383,0,0.6,上伊那郡箕輪町木下11541（木下南新町）,7392,上伊那郡箕輪町木下11541（木下南新町）,7964,15356,1.33,0.49,31.1,36.4,25,50
20301530880,一般国道１５３号,箕輪町道,一般国道１５３号,20383,0,4.6,上伊那郡箕輪町木下11541（木下南新町）,7392,上伊那郡箕輪町木下11541（木下南新町）,7964,15356,1.33,0.49,38.3,37,25,50
20301530940,一般国道１５３号,一般国道１５３号,飯島停車場日曽利線,20384,0,1.9,上伊那郡飯島町2624-5,4672,上伊那郡飯島町2624-5,4645,9317,1.23,0.69,46.5,42.9,12,60
20301530950,一般国道１５３号,飯島停車場日曽利線,伊那生田飯田線,20384,0,1.3,上伊那郡飯島町2624-5,4672,上伊那郡飯島町2624-5,4645,9317,1.23,0.69,38.1,36.9,12,60
20301530990,一般国道１５３号,伊那生田飯田線,飯島町・駒ヶ根市境,20384,0,1.1,上伊那郡飯島町2624-5,4672,上伊那郡飯島町2624-5,4645,9317,1.23,0.69,46.1,51.2,12,60
20301531000,一般国道１５３号,飯島町・駒ヶ根市境,一般国道１５３号,20210,0,0.7,上伊那郡飯島町2624-5,4672,上伊那郡飯島町2624-5,4645,9317,1.23,0.75,51.9,46.7,28,50
20301580010,一般国道１５８号（安房峠道路）,一般国道１５８号（中部縦貫道）,一般国道１５８号,20202,1,2.3,～一般国道１５８号,872,～一般国道１５８号,819,1691,1.3,0.24,66.1,55.6,10.5,60
20301580020,一般国道１５８号,一般国道１５８号,上高地公園線,20202,0,0.5,松本市安曇4467（釜トンネル西）,1522,松本市安曇4467（釜トンネル西）,1422,2944,1.26,0.45,38.1,42.6,8.5,40
20301580030,一般国道１５８号,上高地公園線,白骨温泉線,20202,0,6.4,,1501,,1488,2989,1.22,0.67,38.8,40.1,8.5,40
20301580040,一般国道１５８号,白骨温泉線,乗鞍岳線,20202,0,4.5,松本市安曇4460－1（木賊隧道西）,2351,松本市安曇4460－1（木賊隧道西）,2394,4745,1.26,0.66,52.2,50.3,8.5,40
20301580050,一般国道１５８号,乗鞍岳線,奈川木祖線,20202,0,4.2,松本市安曇4422（親子滝トンネル西）,2939,松本市安曇4422（親子滝トンネル西）,2575,5514,1.21,0.92,43.3,43.2,6.5,40
20301580060,一般国道１５８号,奈川木祖線,奈川木祖線,20202,0,0.2,松本市安曇4422（親子滝トンネル西）,2939,松本市安曇4422（親子滝トンネル西）,2575,5514,1.21,0.92,33.5,39.5,6.5,40
20301580070,一般国道１５８号,奈川木祖線,大野田梓橋停車場線,20202,0,11.5,松本市安曇1061－1,3438,松本市安曇1061－1,3630,7068,1.29,1,43.4,41.5,6.5,40
20301580075,一般国道１５８号,大野田梓橋停車場線,波田北大妻豊科線,20202,0,2.5,,2790,,2885,5675,1.26,0.54,44.7,47.8,9,40
20301580080,一般国道１５８号,波田北大妻豊科線,塩尻鍋割穂高線,20202,0,2.6,,2790,,2885,5675,1.26,0.54,44.7,42.6,9,40
20301580090,一般国道１５８号,塩尻鍋割穂高線,上竹田波田線,20202,0,1.6,松本市波田下島10053－1,6374,松本市波田下島10053－1,6466,12840,1.32,0.98,33.2,31.4,8,40
20301580100,一般国道１５８号,上竹田波田線,波田北大妻豊科線,20202,0,0.3,松本市波田下島10053－1,6374,松本市波田下島10053－1,6466,12840,1.32,0.98,27.2,14.4,8,40
20301580110,一般国道１５８号,波田北大妻豊科線,松本環状高家線,20202,0,2.8,松本市波田下島10053－1,6374,松本市波田下島10053－1,6466,12840,1.32,0.98,29.7,20.2,8,40
20301580120,一般国道１５８号,松本環状高家線,新田松本線,20202,0,3,松本市島立1477－1,10034,松本市島立1477－1,10178,20212,1.35,0.74,25.7,30.4,22.9,50
20301580130,一般国道１５８号,新田松本線,長野自動車道,20202,0,0.7,松本市島立1477－1,10034,松本市島立1477－1,10178,20212,1.35,0.74,26.2,37.1,22.9,50
20301580140,一般国道１５８号,長野自動車道,一般国道１９号,20202,0,1.5,松本市渚1丁目7－7,11118,松本市渚1丁目7－7,11842,22960,1.23,0.76,22.4,12.2,22.9,50
20301580160,一般国道１５８号,一般国道１５８号,一般国道１５８号（安房峠道路）,20202,0,7.3,,1134,,1119,2253,1.22,1.05,32.5,34.4,5.5,30
20302540010,一般国道２５４号,一般国道２５４号,香坂中込線,20217,0,14.5,佐久市平賀2954,4189,佐久市平賀2954,4137,8326,1.29,0.36,54,46.4,20,50
20302540020,一般国道２５４号,香坂中込線,川上佐久線,20217,0,0.4,佐久市平賀2954,4189,佐久市平賀2954,4137,8326,1.29,0.36,32.4,21.5,20,50
20302540030,一般国道２５４号,川上佐久線,本町中込停車場線,20217,0,1.1,佐久市跡部46-4（跡部交差点東）,6037,佐久市跡部46-4（跡部交差点東）,6842,12879,1.21,0.64,19.3,20.3,20,50
20302540040,一般国道２５４号,本町中込停車場線,一般国道１４１号,20217,0,1.1,佐久市跡部46-4（跡部交差点東）,6037,佐久市跡部46-4（跡部交差点東）,6842,12879,1.21,0.64,21.9,21.5,20,50
20302540055,一般国道２５４号,一般国道１４２号,立科町道,20324,0,0.4,北佐久郡立科町山部585-3（宇山大橋付近）,1690,北佐久郡立科町山部585-3（宇山大橋付近）,1717,3407,1.23,0.39,26.5,44.1,8.5,50
20302540230,一般国道２５４号,立科町道,立科町道,20324,0,1.1,北佐久郡立科町山部585-3（宇山大橋付近）,1690,北佐久郡立科町山部585-3（宇山大橋付近）,1717,3407,1.23,0.39,58.9,58.1,8.5,50
20302540060,一般国道２５４号,立科町道,立科町・長和町境,20324,0,1.1,北佐久郡立科町山部585-3（宇山大橋付近）,1690,北佐久郡立科町山部585-3（宇山大橋付近）,1717,3407,1.23,0.39,49.5,52.7,8.5,50
20302540070,一般国道２５４号,立科町・長和町境,一般国道１５２号,20350,0,3.3,小県郡長和町古町,1255,小県郡長和町古町,1179,2434,1.18,0.29,40.2,37.7,8,50
20302540090,一般国道２５４号,一般国道１５２号,荻窪丸子線,20203,0,1.7,上田市東内2049-2（和子交差点）,3921,上田市東内2049-2（和子交差点）,4130,8051,1.24,0.68,34.2,42.4,11,50
20302540100,一般国道２５４号,荻窪丸子線,上田丸子線,20203,0,1.9,上田市東内2978（荻窪交差点）,6262,上田市東内2978（荻窪交差点）,6382,12644,1.3,0.89,46.6,46.3,8.5,40
20302540110,一般国道２５４号,上田丸子線,丸子信州新線,20203,0,7.4,上田市東内2978（荻窪交差点）,6262,上田市東内2978（荻窪交差点）,6382,12644,1.3,0.89,46.8,48.6,8.5,40
20302540120,一般国道２５４号,丸子信州新線,美ケ原公園西内線,20203,0,5,上田市東内2978（荻窪交差点）,6262,上田市東内2978（荻窪交差点）,6382,12644,1.3,0.89,48.8,53.2,8.5,40
20302540130,一般国道２５４号,美ケ原公園西内線,上田市・松本市境,20203,0,2.3,上田市鹿教湯温泉1771-1（旧三才山TN料金所）,4389,上田市鹿教湯温泉1771-1（旧三才山TN料金所）,4409,8798,1.35,1,57,55,7.5,50
20302540140,一般国道２５４号,上田市・松本市境,一般国道２５４号,20202,0,3.8,上田市鹿教湯温泉1771-1（旧三才山TN料金所）,4389,上田市鹿教湯温泉1771-1（旧三才山TN料金所）,4409,8798,1.35,0.9,53,55.6,10,50
20302540150,一般国道２５４号,一般国道２５４号,一般国道２５４号,20202,0,2.2,上田市鹿教湯温泉1771-1（旧三才山TN料金所）,4389,上田市鹿教湯温泉1771-1（旧三才山TN料金所）,4409,8798,1.35,0.9,51.5,51.4,10,50
20302540160,一般国道２５４号,一般国道２５４号,惣社岡田線,20202,0,3.2,上田市鹿教湯温泉1771-1（旧三才山TN料金所）,4389,上田市鹿教湯温泉1771-1（旧三才山TN料金所）,4409,8798,1.35,0.9,49.4,46,10,50
20302540170,一般国道２５４号,惣社岡田線,松本市道,20202,0,0.6,松本市大字島内8370-3(松本トンネル有料道路　旧料金所),3813,松本市大字島内8370-3(松本トンネル有料道路　旧料金所),3714,7527,1.36,0.63,33.6,39.9,9.5,50
20302540180,一般国道２５４号,松本市道,,20202,0,3.1,松本市大字島内8370-3(松本トンネル有料道路　旧料金所),3813,松本市大字島内8370-3(松本トンネル有料道路　旧料金所),3714,7527,1.36,0.63,58.7,55.4,9.5,50
20302540190,一般国道２５４号,,一般国道１９号,20202,0,1.2,,3689,,3697,7386,1.28,0.75,35,12.1,13,50
20302540210,一般国道２５４号,一般国道２５４号,一般国道２５４号,20202,0,3,,140,,158,298,1.35,1.32,43.9,46.2,4,30
20302560010,一般国道２５６号,一般国道１９号,中津川南木曽線,20423,0,2.3,木曽郡南木曽町吾妻898,1511,木曽郡南木曽町吾妻898,1479,2990,1.11,0.33,36.6,43.5,8,40
20302560020,一般国道２５６号,中津川南木曽線,飯田南木曽線,20423,0,8.2,木曽郡南木曽町吾妻898,1511,木曽郡南木曽町吾妻898,1479,2990,1.11,0.33,48.2,47.6,8,40
20302560030,一般国道２５６号,飯田南木曽線,南木曽町・阿智村境,20423,0,3.5,木曽郡南木曽町吾妻4689,569,木曽郡南木曽町吾妻4689,539,1108,1.1,0.17,46.3,45.7,7.5,40
20302560040,一般国道２５６号,南木曽町・阿智村境,園原清内路線,20407,0,4.2,下伊那郡阿智村智里4974-53,1936,下伊那郡阿智村智里4974-53,1892,3828,1.23,0.56,46.9,51.6,9,40
20302560050,一般国道２５６号,園原清内路線,園原インター線,20407,0,7.5,下伊那郡阿智村智里4974-53,1936,下伊那郡阿智村智里4974-53,1892,3828,1.23,0.56,49.5,48.7,9.5,50
20302560060,一般国道２５６号,園原インター線,一般国道１５３号,20407,0,1.9,下伊那郡阿智村智里4974-53,1936,下伊那郡阿智村智里4974-53,1892,3828,1.23,0.56,42.8,41.9,9.5,50
20302560074,一般国道２５６号,一般国道１５３号,飯田市道,20205,0,1,飯田市北方1267-4,5187,飯田市北方1267-4,4879,10066,1.3,0.84,18.2,31,11,60
20302560080,一般国道２５６号,飯田市道,青木東鼎線,20205,0,0.4,飯田市北方1267-4,5187,飯田市北方1267-4,4879,10066,1.3,0.84,28.9,30.5,11,60
20302560090,一般国道２５６号,青木東鼎線,一般国道１５１号,20205,0,2.2,飯田市大久保町2537-6,6929,飯田市大久保町2537-6,6754,13683,1.33,1,24.2,25.2,11,60
20302560230,一般国道２５６号,飯田市道,飯島飯田線,20205,0,0.1,,,,,,,,21.9,10.7,8,50
20302560240,一般国道２５６号,飯島飯田線,飯田市道,20205,0,0.2,,,,,,,,11,27.6,8,50
20302560110,一般国道２５６号,一般国道１５１号,下久堅知久平線,20205,0,2.1,飯田市松尾清水4791-1,2627,飯田市松尾清水4791-1,2603,5230,1.25,0.58,20,24,8,40
20302560120,一般国道２５６号,下久堅知久平線,飯田富山佐久間線,20205,0,0.7,,461,,496,957,1.19,0.03,20.4,29.5,11,40
20302560125,一般国道２５６号,飯田富山佐久間線,,20205,0,3.5,,461,,496,957,1.19,0.03,38.3,38.6,11,40
20302560100,一般国道２５６号,,下条米川飯田線,20205,0,0.8,飯田市下久堅柿野沢206-1,513,飯田市下久堅柿野沢206-1,479,992,1.19,0.14,54.6,45.1,6.5,40
20302560260,一般国道２５６号,下条米川飯田線,一般国道４７４号（三遠南信道）,20205,0,0.8,飯田市下久堅柿野沢206-1,513,飯田市下久堅柿野沢206-1,479,992,1.19,0.13,48.6,40,8.25,40
20302560150,一般国道２５６号,一般国道４７４号（三遠南信道）,,20205,0,3.3,,212,,209,421,1.35,0.05,25.4,31.2,10,60
20302560170,一般国道２５６号,,,20205,0,12.3,,,,,,,,,,2,40
20302560190,一般国道２５６号,,,20205,0,1.5,,,,,,,,,,2,30
20302560210,一般国道２５６号,上飯田線,一般国道１５２号,20205,0,0.2,,229,,225,454,1.14,0.06,48.4,37.8,7,60
20302920010,一般国道２９２号,一般国道２９２号,豊野南志賀公園線,20561,0,8.3,下高井郡山ノ内町平穏7148,808,下高井郡山ノ内町平穏7148,771,1579,1.22,0.18,37.4,37.1,6.5,40
20302920020,一般国道２９２号,豊野南志賀公園線,奥志賀公園線,20561,0,4,下高井郡山ノ内町平穏7148,808,下高井郡山ノ内町平穏7148,771,1579,1.22,0.18,45.6,41.7,6.5,40
20302920030,一般国道２９２号,奥志賀公園線,宮村湯田中停車場線,20561,0,14.1,下高井郡山ノ内町平穏808-2,1984,下高井郡山ノ内町平穏808-2,1911,3895,1.23,0.52,42.9,42.7,6.5,40
20302920040,一般国道２９２号,宮村湯田中停車場線,山ノ内町・中野市境,20561,0,3.2,下高井郡山ノ内町戸狩,3045,下高井郡山ノ内町戸狩,2803,5848,1.2,0.62,52.4,54.6,6.5,40
20302920050,一般国道２９２号,山ノ内町・中野市境,一般国道４０３号,20211,0,0.7,下高井郡山ノ内町戸狩,3045,下高井郡山ノ内町戸狩,2803,5848,1.2,0.32,56.1,62.6,11.5,50
20302920060,一般国道２９２号,一般国道４０３号,一般国道２９２号,20211,0,0.9,下高井郡山ノ内町戸狩,3045,下高井郡山ノ内町戸狩,2803,5848,1.2,0.32,54.8,59.4,11.5,50
20302920070,一般国道２９２号,一般国道２９２号,中野豊野線,20211,0,1.1,中野市一本木19-1,11632,中野市一本木19-1,11373,23005,1.37,0.56,33,32.5,25,50
20302920080,一般国道２９２号,中野豊野線,中野飯山線,20211,0,0.3,中野市一本木19-1,11632,中野市一本木19-1,11373,23005,1.37,0.56,28.9,31.9,25,50
20302920090,一般国道２９２号,中野飯山線,中野豊野線,20211,0,1,中野市一本木19-1,11632,中野市一本木19-1,11373,23005,1.37,0.56,36.2,37.1,25,50
20302920100,一般国道２９２号,中野豊野線,一般国道４０３号,20211,0,0.2,中野市一本木19-1,11632,中野市一本木19-1,11373,23005,1.37,0.56,33.8,18.7,25,50
20302920110,一般国道２９２号,一般国道４０３号,壁田松崎線,20211,0,3,中野市七瀬343,5994,中野市七瀬343,5924,11918,1.32,0.79,31.8,37.3,13,50
20302920120,一般国道２９２号,壁田松崎線,中野市・飯山市境,20211,0,2.7,中野市壁田古牧265,4737,中野市壁田古牧265,4978,9715,1.31,0.71,45.7,46.3,13,50
20302920130,一般国道２９２号,中野市・飯山市境,飯山市道,20213,0,0.1,中野市壁田古牧265,4737,中野市壁田古牧265,4978,9715,1.31,1.05,38,37,8,40
20301170140,一般国道２９２号,飯山市道,蓮停車場線,20213,0,0.2,飯山市静間県町123-1,6477,飯山市静間県町123-1,6415,12892,1.19,0.9,38.1,40.1,10,50
20301170150,一般国道２９２号,蓮停車場線,一般国道１１７号,20213,0,1.9,飯山市静間県町123-1,6477,飯山市静間県町123-1,6415,12892,1.19,0.9,45.3,39.8,10,50
20302920150,一般国道２９２号,一般国道１１７号,曽根藤ノ木線,20213,0,1.5,飯山市飯山市ノ口7319-1,1842,飯山市飯山市ノ口7319-1,1860,3702,1.23,0.4,34.1,33.5,9.8,50
20302920160,一般国道２９２号,曽根藤ノ木線,斑尾大川線,20213,0,3.3,飯山市旭山口725,1011,飯山市旭山口725,995,2006,1.21,0.25,41.2,47.2,9.8,50
20302920170,一般国道２９２号,斑尾大川線,一般国道２９２号,20213,0,6.4,飯山市富倉中谷,430,飯山市富倉中谷,430,860,1.19,0.14,41.7,45.7,9.8,50
20302920190,一般国道２９２号,一般国道４０３号,一般国道２９２号,20211,0,0.4,,4250,,4196,8446,1.29,1.33,44.4,48.9,8.5,50
20302990010,一般国道２９９号,一般国道１５２号,富士見原茅野線,20214,0,4.1,茅野市北山糸萱9113,1206,茅野市北山糸萱9113,1199,2405,1.23,0.28,43.5,42.1,7.5,40
20302990020,一般国道２９９号,富士見原茅野線,茅野市・佐久穂町境,20214,0,16.9,茅野市北山糸萱9113,1206,茅野市北山糸萱9113,1199,2405,1.23,0.28,40.1,40,7.5,40
20302990030,一般国道２９９号,茅野市・佐久穂町境,佐久穂町・小海町境,20309,0,2.6,南佐久郡佐久穂町畑1133-6（清水町交差点西）,3861,南佐久郡佐久穂町畑1133-6（清水町交差点西）,3802,7663,1.2,1.06,39.4,41.2,7.5,40
20302990040,一般国道２９９号,佐久穂町・小海町境,松原湖高原線,20303,0,5.1,南佐久郡佐久穂町畑1133-6（清水町交差点西）,3861,南佐久郡佐久穂町畑1133-6（清水町交差点西）,3802,7663,1.2,1.16,42.1,40.7,6.2,40
20302990050,一般国道２９９号,松原湖高原線,小海町・佐久穂町境,20303,0,0.6,南佐久郡佐久穂町畑1133-6（清水町交差点西）,3861,南佐久郡佐久穂町畑1133-6（清水町交差点西）,3802,7663,1.2,1.16,33.2,27.9,6.2,40
20302990055,一般国道２９９号,小海町・佐久穂町境,中部横断自動車道,20309,0,16.4,南佐久郡佐久穂町畑1133-6（清水町交差点西）,3861,南佐久郡佐久穂町畑1133-6（清水町交差点西）,3802,7663,1.2,0.94,43.5,44.7,14.7,40
20302990060,一般国道２９９号,中部横断自動車道,一般国道１４１号,20309,0,1,南佐久郡佐久穂町畑1133-6（清水町交差点西）,3861,南佐久郡佐久穂町畑1133-6（清水町交差点西）,3802,7663,1.2,0.94,34.6,29.8,14.7,40
20302990080,一般国道２９９号,一般国道１４１号,川上佐久線,20309,0,0.4,南佐久郡佐久穂町海瀬332,2840,南佐久郡佐久穂町海瀬332,2627,5467,1.16,0.8,16.3,19,10,50
20302990090,一般国道２９９号,川上佐久線,川上佐久線,20309,0,1,南佐久郡佐久穂町海瀬332,2840,南佐久郡佐久穂町海瀬332,2627,5467,1.16,0.8,35.1,31.8,10,50
20302990100,一般国道２９９号,川上佐久線,下仁田佐久穂線,20309,0,1.4,南佐久郡佐久穂町海瀬332,2840,南佐久郡佐久穂町海瀬332,2627,5467,1.16,0.8,47.1,46.4,10,50
20302990110,一般国道２９９号,下仁田佐久穂線,一般国道２９９号,20309,0,15.5,南佐久郡佐久穂町海瀬1688（余地入口交差点）,1225,南佐久郡佐久穂町海瀬1688（余地入口交差点）,1217,2442,1.19,0.35,35.7,35.7,10,50
20303610040,一般国道３６１号,一般国道１９号,木曽町・塩尻市境,20432,0,4.1,木曽郡木曽町日義547,1666,木曽郡木曽町日義547,1748,3414,1.23,0.48,25.1,31.7,8,40
20303610050,一般国道３６１号,木曽町・塩尻市境,姥神奈良井線,20215,0,0.9,,2321,,2451,4772,1.29,0.6,55.9,65.1,11.4,40
20303610060,一般国道３６１号,姥神奈良井線,塩尻市・南箕輪村境,20215,0,4.8,,2321,,2451,4772,1.29,0.6,64.9,63.3,11.4,40
20303610070,一般国道３６１号,塩尻市・南箕輪村境,南箕輪村・伊那市境,20385,0,2.9,,2321,,2451,4772,1.29,0.6,68.1,65.7,10.5,60
20303610080,一般国道３６１号,南箕輪村・伊那市境,与地辰野線,20209,0,1.4,上伊那郡南箕輪村9588-7,2323,上伊那郡南箕輪村9588-7,2657,4980,1.24,0.44,60.7,60.5,9,50
20303610090,一般国道３６１号,与地辰野線,伊那市・南箕輪村境,20209,0,1,上伊那郡南箕輪村9588-7,2323,上伊那郡南箕輪村9588-7,2657,4980,1.24,0.44,58.5,60.1,9,50
20303610100,一般国道３６１号,伊那市・南箕輪村境,伊那箕輪線,20385,0,3.9,伊那市荒井3801-20,3002,伊那市荒井3801-20,3197,6199,1.27,0.51,45.1,42.5,7.2,50
20303610110,一般国道３６１号,伊那箕輪線,伊那市道,20209,0,0.2,,1837,,1832,3669,1.23,0.8,20.9,21.6,6.8,50
20303610120,一般国道３６１号,伊那市道,内ノ萱伊那線,20209,0,0.8,伊那市荒井3710（室町交差点）,4582,伊那市荒井3710（室町交差点）,3778,8360,1.23,1.18,32.2,33.8,6.8,50
20303610130,一般国道３６１号,内ノ萱伊那線,南箕輪沢渡線,20209,0,0.7,伊那市荒井3710（室町交差点）,4582,伊那市荒井3710（室町交差点）,3778,8360,1.23,1.18,17.8,16,6.8,50
20303610140,一般国道３６１号,南箕輪沢渡線,一般国道１５３号,20209,0,0.1,伊那市荒井3710（室町交差点）,4582,伊那市荒井3710（室町交差点）,3778,8360,1.23,1.18,7.8,6.9,6.8,50
20303610150,一般国道３６１号,一般国道１５３号,伊那生田飯田線,20209,0,0.5,伊那市中央4670-1,6207,伊那市中央4670-1,5148,11355,1.21,0.91,11.9,7.4,10,50
20303610160,一般国道３６１号,伊那生田飯田線,西伊那線,20209,0,4,伊那市中央4670-1,6207,伊那市中央4670-1,5148,11355,1.21,0.91,26.8,30.7,10,50
20303610170,一般国道３６１号,西伊那線,美篶箕輪線,20209,0,2.3,伊那市美篶3176-3,1844,伊那市美篶3176-3,1829,3673,1.2,0.27,35.1,36.8,9.5,50
20303610180,一般国道３６１号,美篶箕輪線,伊那市道,20209,0,2.4,伊那市美篶3176-3,1844,伊那市美篶3176-3,1829,3673,1.2,0.27,32.2,30.7,9.5,50
20301520570,一般国道３６１号,伊那市道,一般国道１５２号,20209,0,0.2,伊那市美篶3176-3,1844,伊那市美篶3176-3,1829,3673,1.2,0.27,26.1,21.4,8,40
20303610010,一般国道３６１号,一般国道３６１号,開田三岳福島線,20432,0,5.9,木曽郡木曽町開田高原西野5527,160,木曽郡木曽町開田高原西野5527,160,320,1.13,0.04,46.9,51.8,9,40
20303610020,一般国道３６１号,開田三岳福島線,一般国道１９号,20432,0,26.8,木曽郡木曽町新開5143,1542,木曽郡木曽町新開5143,1502,3044,1.11,0.35,44.6,45.2,11,40
20304030010,一般国道４０３号,一般国道４０３号,箕作飯山線,20213,0,11.8,,162,,151,313,1.35,0.05,23.9,27,6,60
20304030020,一般国道４０３号,箕作飯山線,箕作飯山線,20213,0,2,飯山市照岡名立688-3,488,飯山市照岡名立688-3,459,947,1.19,0.61,50.7,39.6,5.8,40
20304030030,一般国道４０３号,箕作飯山線,飯山市・野沢温泉村境,20213,0,0.2,飯山市照岡名立688-3,488,飯山市照岡名立688-3,459,947,1.19,0.61,31.2,34.8,5.8,40
20304030040,一般国道４０３号,飯山市・野沢温泉村境,一般国道１１７号,20563,0,0.1,飯山市照岡名立688-3,488,飯山市照岡名立688-3,459,947,1.19,0.43,38.5,26.2,7.7,40
20304030060,一般国道４０３号,一般国道１１７号,馬曲木島停車場線,20213,0,1.2,飯山市木島上新田687-7,3201,飯山市木島上新田687-7,3340,6541,1.28,0.58,25.5,22.7,16.3,40
20304030070,一般国道４０３号,馬曲木島停車場線,飯山市・木島平村境,20213,0,0.5,飯山市木島上新田687-7,3201,飯山市木島上新田687-7,3340,6541,1.28,0.58,24.6,31.8,16.3,40
20304030080,一般国道４０３号,飯山市・木島平村境,飯山野沢温泉線,20562,0,0.4,飯山市木島上新田687-7,3201,飯山市木島上新田687-7,3340,6541,1.28,0.6,33.8,24.8,7,40
20304030090,一般国道４０３号,飯山野沢温泉線,七曲西原線,20562,0,4.8,下高井郡木島平村上木島1947-5,959,下高井郡木島平村上木島1947-5,962,1921,1.21,0.22,39.2,42.4,7,40
20304030100,一般国道４０３号,七曲西原線,木島平村・山ノ内町境,20562,0,1.7,下高井郡木島平村上木島1947-5,959,下高井郡木島平村上木島1947-5,962,1921,1.21,0.22,46.1,41.4,7,40
20304030110,一般国道４０３号,木島平村・山ノ内町境,夜間瀬赤岩線,20561,0,9.1,下高井郡山ノ内町夜間瀬6469,1693,下高井郡山ノ内町夜間瀬6469,1745,3438,1.23,0.35,44.1,45.4,10,50
20304030120,一般国道４０３号,夜間瀬赤岩線,湯田中停車場線,20561,0,0.5,下高井郡山ノ内町夜間瀬6469,1693,下高井郡山ノ内町夜間瀬6469,1745,3438,1.23,0.35,25.8,30.4,10,50
20304030130,一般国道４０３号,湯田中停車場線,山ノ内町・中野市境,20561,0,0.2,下高井郡山ノ内町夜間瀬2672-8,3603,下高井郡山ノ内町夜間瀬2672-8,3233,6836,1.28,0.69,22.9,22.5,10,50
20304030140,一般国道４０３号,山ノ内町・中野市境,壁田松崎線,20211,0,0.2,中野市一本木711-7,5169,中野市一本木711-7,5643,10812,1.3,0.8,32.5,38,12,50
20304030150,一般国道４０３号,壁田松崎線,一般国道２９２号,20211,0,0.5,中野市一本木711-7,5169,中野市一本木711-7,5643,10812,1.3,0.8,42.7,40.7,12,50
20304030160,一般国道４０３号,一般国道２９２号,須坂中野線,20211,0,0.2,中野市一本木711-7,5169,中野市一本木711-7,5643,10812,1.3,0.8,27.6,31.9,12,50
20304030170,一般国道４０３号,須坂中野線,一般国道２９２号,20211,0,0.2,中野市一本木711-7,5169,中野市一本木711-7,5643,10812,1.3,0.8,33.2,42.3,12,50
20304030185,一般国道４０３号,一般国道２９２号,中野豊野線,20211,0,0.1,中野市吉田24,8942,中野市吉田24,9255,18197,1.34,0.63,13.8,28.1,25,40
20304030190,一般国道４０３号,中野豊野線,中野豊野線,20211,0,1.1,中野市吉田24,8942,中野市吉田24,9255,18197,1.34,0.63,27.8,20.8,12,40
20304030200,一般国道４０３号,中野豊野線,中野市・小布施町境,20211,0,2.8,中野市江部450-1,4947,中野市江部450-1,5699,10646,1.2,1.15,19.5,25.4,12,40
20304030210,一般国道４０３号,中野市・小布施町境,村山小布施停車場線,20541,0,1,,4770,,4892,9662,1.3,0.77,35.9,33.4,11,50
20304030220,一般国道４０３号,村山小布施停車場線,村山小布施停車場線,20541,0,2.7,,3612,,4337,7949,1.23,0.87,35.2,34.8,8,50
20304030230,一般国道４０３号,村山小布施停車場線,小布施町道,20541,0,0.4,上高井郡小布施町大字小布施981地先,4585,上高井郡小布施町大字小布施981地先,4644,9229,1.16,0.99,19.3,27.5,8,40
20304030240,一般国道４０３号,小布施町道,豊野南志賀公園線,20541,0,0.3,,4669,,5208,9877,1.3,0.87,27.6,23,13,40
20304030250,一般国道４０３号,豊野南志賀公園線,小布施町・須坂市境,20541,0,0.2,,6304,,6747,13051,1.32,0.96,17.6,24.7,13,40
20304030260,一般国道４０３号,小布施町・須坂市境,豊野南志賀公園線,20207,0,0.2,,7240,,7514,14754,1.32,1.25,27,21.7,13,40
20304030270,一般国道４０３号,豊野南志賀公園線,相之島高山線,20207,0,1,,7030,,7297,14327,1.32,1.23,33.7,30,9,40
20304030280,一般国道４０３号,相之島高山線,大前須坂線,20207,0,2.2,須坂市大字日滝2096-ﾛ地先,6882,須坂市大字日滝2096-ﾛ地先,7515,14397,1.32,1.09,28.8,27,8.6,40
20304030290,一般国道４０３号,大前須坂線,新田春木線,20207,0,0.4,,7027,,7296,14323,1.32,1.31,16.9,13.8,12,40
20304030300,一般国道４０３号,新田春木線,須坂停車場線,20207,0,0.2,,7014,,7308,14322,1.32,1.22,14.8,15.7,16,40
20304030310,一般国道４０３号,須坂停車場線,一般国道４０６号,20207,0,0.2,,7014,,7308,14322,1.32,1.22,11.5,8.8,16,40
20304030320,一般国道４０３号,一般国道４０６号,長野須坂インター線,20207,0,3,須坂市大字小山1290-7地先,6578,須坂市大字小山1290-7地先,6689,13267,1.32,0.87,19,23,12.4,40
20304030330,一般国道４０３号,長野須坂インター線,上信越自動車道,20207,0,0.9,,9989,,10657,20646,1.26,0.47,28.4,19.1,27.25,50
20304030340,一般国道４０３号,上信越自動車道,長野須坂インター線,20207,0,0.2,須坂市大字井上749-1地先,18266,須坂市大字井上749-1地先,17752,36018,1.38,0.62,6.8,12.6,28.6,50
20304030350,一般国道４０３号,長野須坂インター線,須坂市・長野市境,20207,0,0.3,須坂市大字井上552-1地先,4248,須坂市大字井上552-1地先,5863,10111,1.3,0.68,5.4,31.2,10,40
20304030360,一般国道４０３号,須坂市・長野市境,村山綿内停車場線,20201,0,1.7,長野市若穂川田1680-1,5902,長野市若穂川田1680-1,5913,11815,1.32,1.16,28,30.2,12.5,40
20304030370,一般国道４０３号,村山綿内停車場線,小出綿内停車場線,20201,0,0.7,長野市若穂川田1680-1,5902,長野市若穂川田1680-1,5913,11815,1.32,1.16,21.7,25.4,12.5,40
20304030380,一般国道４０３号,小出綿内停車場線,牛島綿内停車場線,20201,0,0.2,長野市若穂川田1680-1,5902,長野市若穂川田1680-1,5913,11815,1.32,1.16,26.4,16.9,12.5,40
20304030390,一般国道４０３号,牛島綿内停車場線,長野菅平線,20201,0,1.4,長野市若穂川田1680-1,5902,長野市若穂川田1680-1,5913,11815,1.32,1.16,35.5,32.2,12.5,40
20304030400,一般国道４０３号,長野菅平線,関崎川中島停車場線,20201,0,1.9,長野市若穂川田2523-10,9444,長野市若穂川田2523-10,8561,18005,1.35,1.24,32.4,12.5,7,40
20304030410,一般国道４０３号,関崎川中島停車場線,中村金井山停車場線,20201,0,2.8,長野市若穂川田2523-10,5638,長野市若穂川田2523-10,6029,11667,1.26,1,25.8,39.7,7,40
20304030420,一般国道４０３号,中村金井山停車場線,中村金井山停車場線,20201,0,0.1,,10772,,10235,21007,1.35,0.98,28.4,17.5,12,50
20304030430,一般国道４０３号,中村金井山停車場線,長野真田線,20201,0,2.4,長野市松代町西寺尾1505-1,7078,長野市松代町西寺尾1505-1,7255,14333,1.33,0.99,23.1,31.3,12,50
20304030440,一般国道４０３号,長野真田線,長野真田線,20201,0,0.2,長野市松代町岩野1151-1,7009,長野市松代町岩野1151-1,7867,14876,1.32,1.22,12.9,12.1,12,50
20603850010,一般国道４０３号,長野真田線,長野市道松代西２３５号,20201,0,1.8,長野市松代町岩野1151-1,7009,長野市松代町岩野1151-1,7867,14876,1.32,1.04,41,39.2,12,40
20304030480,一般国道４０３号,長野市道松代西２３５号,松代篠ノ井線,20201,0,0.8,長野市松代町岩野1151-1,7009,長野市松代町岩野1151-1,7867,14876,1.32,1.09,31.3,31.8,16,50
20304030490,一般国道４０３号,松代篠ノ井線,清野篠ノ井停車場線,20201,0,1.3,長野市松代町岩野1151-1,7009,長野市松代町岩野1151-1,7867,14876,1.32,1.09,37.5,38.4,16,50
20304030500,一般国道４０３号,清野篠ノ井停車場線,長野市・千曲市境,20201,0,0.5,長野市松代町岩野1151-1,7009,長野市松代町岩野1151-1,7867,14876,1.32,1.09,39.7,37.3,16,50
20304030510,一般国道４０３号,長野市・千曲市境,森篠ノ井線,20218,0,1.4,千曲市土口,4799,千曲市土口,4698,9497,1.23,0.77,47.3,45.3,16,40
20304030560,一般国道４０３号,森篠ノ井線,,20218,0,0.8,千曲市大字屋代1000,4024,千曲市大字屋代1000,4106,8130,1.29,0.51,34.2,33,16,40
20304030830,一般国道４０３号,,千曲市道,20218,0,0.4,千曲市大字屋代1000,4024,千曲市大字屋代1000,4106,8130,1.29,0.88,33.9,17.7,11.5,40
20304030530,一般国道４０３号,千曲市道,白石千曲線,20218,0,1.3,千曲市大字屋代1000,4024,千曲市大字屋代1000,4106,8130,1.29,0.88,22.3,15.7,11.5,40
20304030540,一般国道４０３号,白石千曲線,一般国道１８号,20218,0,0.4,千曲市大字屋代1852-1,2782,千曲市大字屋代1852-1,3618,6400,1.25,0.83,13.2,10.2,11.5,40
20304030580,一般国道４０３号,一般国道１８号,長野上田線,20218,0,1.6,千曲市大字稲荷山509（稲荷山温泉入口交差点）,5938,千曲市大字稲荷山509（稲荷山温泉入口交差点）,5289,11227,1.31,0.74,14.9,17.9,18,40
20304030590,一般国道４０３号,長野上田線,長野上田線,20218,0,0.2,千曲市大字稲荷山505-1,5903,千曲市大字稲荷山505-1,5598,11501,1.3,0.77,20.7,14.5,18,40
20304030600,一般国道４０３号,長野上田線,一般国道１８号,20218,0,1.2,千曲市大字稲荷山505-1,5903,千曲市大字稲荷山505-1,5598,11501,1.3,0.77,25.7,28.9,18,40
20304030610,一般国道４０３号,一般国道１８号,小峰稲荷山線,20218,0,1.4,千曲市大字桑原1418-2,1268,千曲市大字桑原1418-2,1312,2580,1.22,0.36,38,44,9,40
20304030620,一般国道４０３号,小峰稲荷山線,姨捨停車場線,20218,0,2,千曲市大字桑原1418-2,1268,千曲市大字桑原1418-2,1312,2580,1.22,0.36,44.5,42,9,40
20304030630,一般国道４０３号,姨捨停車場線,姨捨停車場線,20218,0,1.4,千曲市大字桑原1418-2,1268,千曲市大字桑原1418-2,1312,2580,1.22,0.36,43.6,42,9,40
20304030640,一般国道４０３号,姨捨停車場線,市道９５１１号,20218,0,0.8,千曲市大字八幡1-37,345,千曲市大字八幡1-37,331,676,1.17,0.11,44.1,44.4,9,40
20304030650,一般国道４０３号,市道９５１１号,千曲市・麻績村境,20218,0,5.9,千曲市大字八幡1-37,345,千曲市大字八幡1-37,331,676,1.17,0.11,40.3,36.5,9,40
20304030660,一般国道４０３号,千曲市・麻績村境,聖高原千曲線,20446,0,0.5,,2399,,2417,4816,1.25,0.6,36.8,38.1,8,40
20304030670,一般国道４０３号,聖高原千曲線,丸子信州新線,20446,0,5.4,,2399,,2417,4816,1.25,0.6,42.1,37.7,8,40
20304030680,一般国道４０３号,丸子信州新線,聖高原停車場線,20446,0,0.5,東筑摩郡麻績村389－1,2374,東筑摩郡麻績村389－1,2208,4582,1.24,0.42,19.2,25.3,6.5,40
20304030690,一般国道４０３号,聖高原停車場線,長野自動車道,20446,0,0.3,東筑摩郡麻績村389－1,2374,東筑摩郡麻績村389－1,2208,4582,1.24,0.42,22.5,20,6.5,40
20304030700,一般国道４０３号,長野自動車道,大町麻績インター千曲線,20446,0,3.9,東筑摩郡麻績村389－1,2374,東筑摩郡麻績村389－1,2208,4582,1.24,0.42,39.7,46.9,6.5,40
20304030710,一般国道４０３号,大町麻績インター千曲線,河鹿沢西条停車場線,20452,0,4.2,東筑摩郡筑北村西条1212－1,2140,東筑摩郡筑北村西条1212－1,2214,4354,1.23,0.4,44.6,47.1,9.5,40
20304030720,一般国道４０３号,河鹿沢西条停車場線,筑北村道,20452,0,0.2,東筑摩郡筑北村西条1212－1,2140,東筑摩郡筑北村西条1212－1,2214,4354,1.23,0.4,39.9,43.3,9.5,40
20304030730,一般国道４０３号,筑北村道,河鹿沢西条停車場線,20452,0,0.2,東筑摩郡筑北村西条1212－1,2140,東筑摩郡筑北村西条1212－1,2214,4354,1.23,0.4,39.4,44.1,9.5,40
20304030740,一般国道４０３号,河鹿沢西条停車場線,会田西条停車場線,20452,0,1.7,東筑摩郡筑北村西条1212－1,2140,東筑摩郡筑北村西条1212－1,2214,4354,1.23,0.4,45.9,46.8,9.5,40
20304030750,一般国道４０３号,会田西条停車場線,筑北村・安曇野市境,20452,0,1.8,,1581,,1706,3287,1.23,0.48,53.8,57.4,9.75,30
20304030755,一般国道４０３号,筑北村・安曇野市境,,20220,0,0.5,,1581,,1706,3287,1.23,0.48,51.3,51.3,9.75,30
20304030760,一般国道４０３号,,一般国道１９号,20220,0,5.7,安曇野市明科東川手12273,1754,安曇野市明科東川手12273,1775,3529,1.23,0.36,47.7,46.5,12,40
20304050010,一般国道４０５号,,一般国道４０５号,20602,0,11,下水内郡栄村堺小赤沢18287,284,下水内郡栄村堺小赤沢18287,285,569,1.17,0.12,23,23,7,60
20304060010,一般国道４０６号,一般国道１４８号,白馬村・小川村境,20485,0,11.4,北安曇郡白馬村北城22940,120,北安曇郡白馬村北城22940,95,215,1.2,0.03,34.3,32.7,7,60
20304060020,一般国道４０６号,白馬村・小川村境,小川村・長野市境,20588,0,1.5,,841,,857,1698,1.21,0.15,32.9,27.3,6.25,40
20304060030,一般国道４０６号,小川村・長野市境,信濃信州新線,20201,0,11.6,,841,,857,1698,1.21,0.17,37.3,39.5,7,40
20304060040,一般国道４０６号,信濃信州新線,信濃信州新線,20201,0,0.2,長野市鬼無里241-1,989,長野市鬼無里241-1,1005,1994,1.21,0.33,32.3,21,8.5,40
20304060050,一般国道４０６号,信濃信州新線,栃原北郷信濃線,20201,0,4.5,長野市鬼無里241-1,989,長野市鬼無里241-1,1005,1994,1.21,0.33,46.7,43.2,8.5,40
20304060054,一般国道４０６号,栃原北郷信濃線,長野市道,20201,0,1,長野市鬼無里241-1,989,長野市鬼無里241-1,1005,1994,1.21,0.33,48.1,51,8.5,40
20304060360,一般国道４０６号,長野市道,長野市道,20201,0,1.9,長野市鬼無里241-1,989,長野市鬼無里241-1,1005,1994,1.21,0.21,57.1,64.2,8.5,40
20304060060,一般国道４０６号,長野市道,戸隠篠ノ井線,20201,0,0.4,長野市鬼無里241-1,989,長野市鬼無里241-1,1005,1994,1.21,0.33,50.6,51.1,8.5,40
20304060070,一般国道４０６号,戸隠篠ノ井線,戸隠篠ノ井線,20201,0,0.2,長野市鬼無里241-1,989,長野市鬼無里241-1,1005,1994,1.21,0.33,39,35.9,8.5,40
20304060080,一般国道４０６号,戸隠篠ノ井線,入山小市線,20201,0,2.8,長野市新諏訪1丁目26,3364,長野市新諏訪1丁目26,3659,7023,1.29,0.64,44.2,46.1,8.5,40
20304060090,一般国道４０６号,入山小市線,入山小市線,20201,0,0.8,長野市新諏訪1丁目26,3364,長野市新諏訪1丁目26,3659,7023,1.29,0.64,35.1,38.5,8.5,40
20304060100,一般国道４０６号,入山小市線,小川長野線,20201,0,4.8,長野市新諏訪1丁目26,3364,長野市新諏訪1丁目26,3659,7023,1.29,0.64,45.4,45.4,8.5,40
20304060110,一般国道４０６号,小川長野線,一般国道４０６号,20201,0,0.1,長野市新諏訪1丁目26,3364,長野市新諏訪1丁目26,3659,7023,1.29,0.64,51.1,48.1,8.5,40
20304060120,一般国道４０６号,一般国道４０６号,一般国道４０６号,20201,0,0.8,長野市新諏訪1丁目26,3364,長野市新諏訪1丁目26,3659,7023,1.29,0.64,55,52.8,8.5,40
20304060130,一般国道４０６号,一般国道４０６号,長野豊野線,20201,0,1.6,長野市新諏訪1丁目26,3364,長野市新諏訪1丁目26,3659,7023,1.29,0.64,24.2,22,11.5,40
20304060140,一般国道４０６号,長野豊野線,長野信濃線,20201,0,0.2,,7632,,10194,17826,1.34,0.65,15.1,17.5,22,50
20304060150,一般国道４０６号,長野信濃線,長野市道,20201,0,3.8,長野市東和田935,10447,長野市東和田935,9021,19468,1.34,0.66,18.6,17.4,22,50
20304060160,一般国道４０６号,長野市道,一般国道１８号,20201,0,0.1,長野市東和田935,10447,長野市東和田935,9021,19468,1.34,0.66,21.7,4.8,22,50
20304060180,一般国道４０６号,一般国道１８号,村山豊野停車場線,20201,0,0.4,長野市村山339（村山橋西交差点）,11837,長野市村山339（村山橋西交差点）,10391,22228,1.25,0.54,10.7,20,25,50
20304060190,一般国道４０６号,村山豊野停車場線,長野市・須坂市境,20201,0,0.4,長野市村山339（村山橋西交差点）,11837,長野市村山339（村山橋西交差点）,10391,22228,1.25,0.54,35.3,16,25,50
20304060200,一般国道４０６号,長野市・須坂市境,村山小布施停車場線,20207,0,1.1,,16280,,13802,30082,1.39,0.82,30,10.1,27,50
20304060210,一般国道４０６号,村山小布施停車場線,一般国道４０３号,20207,0,2.8,須坂市大字小山2553地先,7608,須坂市大字小山2553地先,7241,14849,1.22,1.23,21.9,18.9,8.5,50
20304060220,一般国道４０６号,一般国道４０３号,須坂中野線,20207,0,0.5,,7014,,7308,14322,1.32,1.22,14.3,15.1,16,40
20304060230,一般国道４０６号,須坂中野線,五味池高原線,20207,0,2,須坂市大字小山504-5地先,2532,須坂市大字小山504-5地先,2571,5103,1.17,0.58,26.8,27.6,6.5,40
20304060240,一般国道４０６号,五味池高原線,長野須坂インター線,20207,0,3.4,須坂市大字野辺1891-2地先,4338,須坂市大字野辺1891-2地先,4486,8824,1.23,0.74,37.8,39.7,9,40
20304060250,一般国道４０６号,長野須坂インター線,須坂市・上田市境,20207,0,11.3,須坂市大字仁礼2515-1地先,1359,須坂市大字仁礼2515-1地先,1365,2724,1.24,0.34,46.1,47.1,11,50
20304060260,一般国道４０６号,須坂市・上田市境,菅平高原線,20203,0,1,上田市菅平高原菅平,1282,上田市菅平高原菅平,1305,2587,1.15,0.31,33.9,37.4,7.5,40
20304060270,一般国道４０６号,菅平高原線,長野菅平線,20203,0,1,上田市菅平高原菅平,1282,上田市菅平高原菅平,1305,2587,1.15,0.31,37.2,38.4,7.5,40
20304060282,一般国道４０６号,傍陽菅平線,,20203,0,3.4,上田市真田町長1180,1859,上田市真田町長1180,2017,3876,1.23,0.49,49.6,44.1,7.5,40
20304060340,一般国道４０６号,,,20203,0,0.1,上田市真田町長1180,1859,上田市真田町長1180,2017,3876,1.23,0.49,48,45.2,7.5,40
20304060290,一般国道４０６号,,一般国道１４４号,20203,0,3.5,上田市真田町長1180,1859,上田市真田町長1180,2017,3876,1.23,0.49,48,45.2,7.5,40
20304060280,一般国道４０６号,長野菅平線,傍陽菅平線,20203,0,0.3,上田市菅平高原菅平,1282,上田市菅平高原菅平,1305,2587,1.15,0.31,24.7,32.3,7.5,40
20304060310,一般国道４０６号,一般国道４０６号,長野戸隠線,20201,0,0.6,,3194,,3737,6931,1.28,0.68,31.1,22.7,6.5,40
20304060320,一般国道４０６号,長野戸隠線,一般国道４０６号,20201,0,0.4,,3194,,3737,6931,1.28,0.78,31.1,22.7,8.15,40
20304180010,一般国道４１８号,一般国道４１８号,一般国道１５３号,20409,0,4.3,下伊那郡平谷村403,98,下伊那郡平谷村403,106,204,1.35,0.03,44.2,38.6,7,60
20304180020,一般国道４１８号,一般国道１５３号,平谷村・売木村境,20409,0,5.7,下伊那郡平谷村403,98,下伊那郡平谷村403,106,204,1.35,0.03,42.7,46.7,7,60
20304180025,一般国道４１８号,平谷村・売木村境,一般国道４１８号,20412,0,4.9,下伊那郡売木村1218-1,876,下伊那郡売木村1218-1,926,1802,1.2,0.26,43.2,42.3,9.7,40
20304180030,一般国道４１８号,一般国道４１８号,阿南根羽線,20412,0,0.1,下伊那郡売木村1218-1,876,下伊那郡売木村1218-1,926,1802,1.2,0.26,37.2,16.7,9.7,40
20304180040,一般国道４１８号,阿南根羽線,阿南根羽線,20412,0,0.2,下伊那郡売木村1218-1,876,下伊那郡売木村1218-1,926,1802,1.2,0.29,17.4,20.4,6.5,60
20304180160,一般国道４１８号,一般国道４１８号,一般国道４１８号,20412,0,0.4,飯田市南信濃南和田625-1,395,飯田市南信濃南和田625-1,382,777,1.19,0.08,30.1,36.9,11,60
20304180165,一般国道４１８号,一般国道４１８号,売木村道,20412,0,0.4,飯田市南信濃南和田625-1,395,飯田市南信濃南和田625-1,382,777,1.19,0.08,49,49,11,60
20304180170,一般国道４１８号,売木村道,一般国道４１８号,20412,0,0.1,飯田市南信濃南和田625-1,395,飯田市南信濃南和田625-1,382,777,1.19,0.08,56.6,50.6,11,60
20304180053,一般国道４１８号,一般国道４１８号,一般国道４１８号,20412,0,0.1,,503,,554,1057,1.2,0.15,51.4,43.4,10,60
20304180180,一般国道４１８号,一般国道４１８号,一般国道４１８号,20412,0,0.4,飯田市南信濃南和田625-1,395,飯田市南信濃南和田625-1,382,777,1.19,0.07,55.9,53.7,9,60
20304180060,一般国道４１８号,一般国道４１８号,売木村・阿南町境,20412,0,0.7,,503,,554,1057,1.2,0.15,62.9,62.2,11,60
20304180070,一般国道４１８号,売木村・阿南町境,一般国道１５１号,20404,0,2,,503,,554,1057,1.2,0.15,48.3,48.8,11,60
20304180090,一般国道４１８号,一般国道１５１号,阿南町・天龍村境,20404,0,1.8,下伊那郡天龍村神原5784,120,下伊那郡天龍村神原5784,140,260,1.13,0.32,28.4,31.8,4.8,40
20304180100,一般国道４１８号,阿南町・天龍村境,大河内中河原線,20413,0,2.2,下伊那郡天龍村神原5784,120,下伊那郡天龍村神原5784,140,260,1.13,0.4,36.6,36.5,4.5,60
20304180110,一般国道４１８号,大河内中河原線,飯田富山佐久間線,20413,0,9.1,下伊那郡天龍村神原5784,120,下伊那郡天龍村神原5784,140,260,1.13,0.4,36.6,36.5,4.5,60
20304180120,一般国道４１８号,飯田富山佐久間線,飯田富山佐久間線,20413,0,5.4,下伊那郡天龍村平岡918-9,604,下伊那郡天龍村平岡918-9,647,1251,1.22,0.14,34.8,35.1,7,40
20304180125,一般国道４１８号,飯田富山佐久間線,一般国道４１８号,20413,0,1.3,下伊那郡天龍村平岡918-9,604,下伊那郡天龍村平岡918-9,647,1251,1.22,0.12,45.9,51.8,10.5,60
20304180185,一般国道４１８号,一般国道４１８号,天龍村・飯田市境,20413,0,0.3,,,,,,,,45.9,51.8,9.1,60
20304180190,一般国道４１８号,天龍村・飯田市境,一般国道４１８号,20205,0,0.3,,,,,,,,48.1,49.3,9.1,60
20304180140,一般国道４１８号,一般国道４１８号,飯田市道,20205,0,6.9,飯田市南信濃南和田625-1,395,飯田市南信濃南和田625-1,382,777,1.19,0.09,48.1,49.3,9,60
20301520510,一般国道４１８号,飯田市道,一般国道１５２号,20205,0,0.2,飯田市南信濃木沢485-1,765,飯田市南信濃木沢485-1,803,1568,1.22,0.3,33.4,28.5,7,50
20304180050,一般国道４１８号,一般国道４１８号,大平山松葉線,20412,0,0.3,下伊那郡売木村1218-1,876,下伊那郡売木村1218-1,926,1802,1.2,0.29,18.6,18.3,6.5,60
20304180051,一般国道４１８号,大平山松葉線,一般国道４１８号,20412,0,0.3,下伊那郡売木村1218-1,876,下伊那郡売木村1218-1,926,1802,1.2,0.29,25.9,27.2,6.5,60
20304180052,一般国道４１８号,一般国道４１８号,一般国道４１８号,20412,0,0.5,,503,,554,1057,1.2,0.19,25.9,27.2,6.5,60
20304180054,一般国道４１８号,一般国道４１８号,一般国道４１８号,20412,0,0.3,,503,,554,1057,1.2,0.15,25.9,27.2,10,60
20304180130,一般国道４１８号,一般国道４１８号,天龍村・飯田市境,20413,0,0.4,飯田市南信濃南和田625-1,395,飯田市南信濃南和田625-1,382,777,1.19,0.09,68.9,68.9,10.5,60
20304180135,一般国道４１８号,天龍村・飯田市境,一般国道４１８号,20205,0,0.3,飯田市南信濃南和田625-1,395,飯田市南信濃南和田625-1,382,777,1.19,0.09,62.7,62.7,10.5,60
20304180250,一般国道４１８号,一般国道４１８号,阿南根羽線,20412,0,0.6,,,,,,,,48.1,40.8,10,60
20304740010,一般国道４７４号（三遠南信道）,中央自動車道西宮線,一般国道１５３号,20205,1,0.3,久米3,1795,久米3,1764,3559,1.22,0.33,51.1,50,10.5,60
20304740020,一般国道４７４号（三遠南信道）,一般国道１５３号,一般国道１５１号,20205,1,6.4,久米3,1795,久米3,1764,3559,1.22,0.33,71.7,74.8,10.5,60
20304740070,一般国道４７４号（三遠南信道）,,一般国道２５６号,20205,1,7.4,龍江,462,龍江,473,935,1.12,0.1,77.6,79.2,12,60
20304740040,一般国道４７４号（三遠南信道）,上飯田線,喬木村・飯田市境,20415,1,1.9,矢筈トンネル,502,矢筈トンネル,568,1070,1.17,0.14,68.7,71.7,11,60
20304740050,一般国道４７４号（三遠南信道）,喬木村・飯田市境,一般国道１５２号,20205,1,3,矢筈トンネル,502,矢筈トンネル,568,1070,1.17,0.14,69.8,72.1,11,60
20400010010,飯田富山佐久間線,一般国道２５６号,米川駄科停車場線,20205,0,0.5,飯田市下久堅南原161-5,179,飯田市下久堅南原161-5,164,343,1.22,0.08,29.6,34.8,8,40
20400010020,飯田富山佐久間線,米川駄科停車場線,米川駄科停車場線,20205,0,0.1,飯田市下久堅南原161-5,179,飯田市下久堅南原161-5,164,343,1.22,0.08,26.3,31.7,8,40
20400010030,飯田富山佐久間線,米川駄科停車場線,米川飯田線,20205,0,2.1,飯田市下久堅南原161-5,179,飯田市下久堅南原161-5,164,343,1.22,0.08,35.5,30.9,8,40
20400010040,飯田富山佐久間線,米川飯田線,米川飯田線,20205,0,0.4,飯田市龍江244,3231,飯田市龍江244,2715,5946,1.28,0.95,24.1,21.7,6.5,40
20400010050,飯田富山佐久間線,米川飯田線,天竜峡停車場下平線,20205,0,2,飯田市龍江244,3231,飯田市龍江244,2715,5946,1.28,0.8,48.7,47.1,7.8,40
20400010054,飯田富山佐久間線,天竜峡停車場下平線,飯田市道,20205,0,4.4,飯田市千栄1530-1,953,飯田市千栄1530-1,941,1894,1.21,0.2,47.3,46,7.8,40
20400010180,飯田富山佐久間線,飯田市道,飯田市道,20205,0,0.3,飯田市千栄1530-1,953,飯田市千栄1530-1,941,1894,1.21,0.22,55,63.5,7,40
20400010060,飯田富山佐久間線,飯田市道,飯田市・泰阜村境,20205,0,0.5,飯田市千栄1530-1,953,飯田市千栄1530-1,941,1894,1.21,0.2,55.8,58.5,7,40
20400010070,飯田富山佐久間線,飯田市・泰阜村境,天竜公園阿智線,20414,0,2.3,飯田市千栄1530-1,953,飯田市千栄1530-1,941,1894,1.21,0.2,43.7,44.9,7,40
20400010080,飯田富山佐久間線,天竜公園阿智線,下条米川飯田線,20414,0,3.4,下伊那郡泰阜村7565,434,下伊那郡泰阜村7565,436,870,1.19,0.12,38.4,37,10,40
20400010090,飯田富山佐久間線,下条米川飯田線,下条米川飯田線,20414,0,1.9,下伊那郡泰阜村7565,434,下伊那郡泰阜村7565,436,870,1.19,0.12,44.4,47,10,40
20400010095,飯田富山佐久間線,下条米川飯田線,泰阜村道,20414,0,5.6,下伊那郡泰阜村7565,434,下伊那郡泰阜村7565,436,870,1.19,0.12,42.1,44.3,10,40
20400010100,飯田富山佐久間線,泰阜村道,泰阜村・阿南町境,20414,0,0.2,下伊那郡泰阜村7565,434,下伊那郡泰阜村7565,436,870,1.19,0.12,40.3,43.8,10,40
20400010110,飯田富山佐久間線,泰阜村・阿南町境,粟野御供線,20404,0,0.2,下伊那郡泰阜村7565,434,下伊那郡泰阜村7565,436,870,1.19,0.1,45,43.7,9.5,40
20400010120,飯田富山佐久間線,粟野御供線,温田停車場早稲田線,20404,0,1.2,下伊那郡泰阜村7565,434,下伊那郡泰阜村7565,436,870,1.19,0.1,37.4,44.3,9.5,30
20400010130,飯田富山佐久間線,温田停車場早稲田線,阿南町・天龍村境,20404,0,2.9,下伊那郡天龍村長島676-3,781,下伊那郡天龍村長島676-3,804,1585,1.22,0.27,47.7,49,7,30
20400010140,飯田富山佐久間線,阿南町・天龍村境,為栗和合線,20413,0,0.6,下伊那郡天龍村長島676-3,781,下伊那郡天龍村長島676-3,804,1585,1.22,0.27,52.8,52.8,8.1,30
20400010150,飯田富山佐久間線,為栗和合線,一般国道４１８号,20413,0,5.2,下伊那郡天龍村長島676-3,781,下伊那郡天龍村長島676-3,804,1585,1.22,0.27,37.9,39.2,8.1,30
20400010170,飯田富山佐久間線,一般国道４１８号,飯田富山佐久間線,20413,0,7,下伊那郡天龍村神原,455,下伊那郡天龍村神原,417,872,1.08,0.41,34.4,34.4,6,60
20400010190,飯田富山佐久間線,泰阜村道,,20414,0,0.5,,,,,,,,41.4,50,8,60
20400010210,飯田富山佐久間線,,泰阜村道,20414,0,0.4,,,,,,,,41,43.3,8,60
20400020010,川上佐久線,梓山海ノ口線,川上村・南相木村境,20304,0,6.1,南佐久郡川上村大深山639,436,南佐久郡川上村大深山639,419,855,1.35,0.17,36.8,38.5,7,30
20400020020,川上佐久線,川上村・南相木村境,栗尾見上線,20306,0,8.4,南佐久郡川上村大深山639,436,南佐久郡川上村大深山639,419,855,1.35,0.18,31.3,31.3,7,40
20400020030,川上佐久線,栗尾見上線,南相木村・北相木村境,20306,0,4.9,南佐久郡南相木村見上3525-1（南相木村役場）,808,南佐久郡南相木村見上3525-1（南相木村役場）,876,1684,1.22,0.19,44,46.9,7,40
20400020040,川上佐久線,南相木村・北相木村境,上野小海線,20307,0,0.2,南佐久郡南相木村見上3525-1（南相木村役場）,808,南佐久郡南相木村見上3525-1（南相木村役場）,876,1684,1.22,0.18,47.1,38.3,10,40
20400020050,川上佐久線,上野小海線,北相木村・小海町境,20307,0,0.3,南佐久郡小海町大洲2962-7,1545,南佐久郡小海町大洲2962-7,1688,3233,1.22,0.35,40.9,50.7,10,40
20400020060,川上佐久線,北相木村・小海町境,上野小海線,20303,0,4.7,南佐久郡小海町大洲2962-7,1545,南佐久郡小海町大洲2962-7,1688,3233,1.22,0.29,45.8,44.6,10,30
20400020070,川上佐久線,上野小海線,小海町・佐久穂町境,20303,0,1.8,南佐久郡佐久穂町穂積2367-4,288,南佐久郡佐久穂町穂積2367-4,277,565,1.18,0.07,36.3,35.9,10,30
20400020080,川上佐久線,小海町・佐久穂町境,上畑八千穂停車場線,20309,0,3.3,南佐久郡佐久穂町穂積2367-4,288,南佐久郡佐久穂町穂積2367-4,277,565,1.18,0.07,29.4,27.1,8,30
20400020085,川上佐久線,上畑八千穂停車場線,,20309,0,0.7,南佐久郡佐久穂町穂積2367-4,288,南佐久郡佐久穂町穂積2367-4,277,565,1.18,0.07,24.4,25.8,8,30
20400021010,川上佐久線,,,20309,0,1.4,南佐久郡佐久穂町海瀬3358-3,272,南佐久郡佐久穂町海瀬3358-3,267,539,1.15,0.07,46,48.6,11,50
20400020090,川上佐久線,,一般国道２９９号,20309,0,1,南佐久郡佐久穂町穂積2367-4,288,南佐久郡佐久穂町穂積2367-4,277,565,1.18,0.07,24.4,25.8,8,30
20400020170,川上佐久線,一般国道２９９号,佐久穂町・佐久市境,20309,0,0.6,佐久市平林1058-1,1019,佐久市平林1058-1,965,1984,1.22,0.2,33.9,44.4,12,50
20400020180,川上佐久線,佐久穂町・佐久市境,佐久市・佐久穂町境,20217,0,0.9,佐久市平林1058-1,1019,佐久市平林1058-1,965,1984,1.22,0.21,62.7,63,10.4,50
20400020190,川上佐久線,佐久市・佐久穂町境,佐久穂町・佐久市境,20309,0,0.8,佐久市平林1058-1,1019,佐久市平林1058-1,965,1984,1.22,0.22,52.8,55.1,10,50
20400020200,川上佐久線,佐久穂町・佐久市境,下仁田臼田線,20217,0,2.7,佐久市平林1058-1,1019,佐久市平林1058-1,965,1984,1.22,0.22,50,47.9,10,50
20400020130,川上佐久線,佐久市道,三分中込線,20217,0,4.1,佐久市下越203,2597,佐久市下越203,2427,5024,1.26,0.51,38.6,39.1,12,40
20400020140,川上佐久線,三分中込線,本町中込停車場線,20217,0,0.2,佐久市中込2丁目26-3,6133,佐久市中込2丁目26-3,6149,12282,1.3,0.92,18.5,19.5,12,40
20400020150,川上佐久線,本町中込停車場線,一般国道２５４号,20217,0,0.2,佐久市中込2丁目26-3,6133,佐久市中込2丁目26-3,6149,12282,1.3,0.92,17.1,9,12,40
20400040010,真田東部線,一般国道１４４号,長野真田線,20203,0,4.2,上田市真田町長2355-1（横沢交差点）,634,上田市真田町長2355-1（横沢交差点）,670,1304,1.22,0.22,49.8,54.6,8,50
20400040020,真田東部線,長野真田線,上田市・東御市境,20203,0,5.8,上田市真田町本原3081,1277,上田市真田町本原3081,1381,2658,1.21,0.31,52.5,50.5,8,50
20400040030,真田東部線,上田市・東御市境,丸子東部インター線,20219,0,4.4,東御市鞍掛385-1(鞍掛交差点),3564,東御市鞍掛385-1(鞍掛交差点),3298,6862,1.27,0.6,43.7,42.6,8,50
20400040040,真田東部線,丸子東部インター線,小諸上田線,20219,0,0.7,東御市鞍掛385-1(鞍掛交差点),3564,東御市鞍掛385-1(鞍掛交差点),3298,6862,1.27,0.6,27.7,17.7,8,50
20400040050,真田東部線,小諸上田線,一般国道１８号,20219,0,1.7,東御市鞍掛385-1(鞍掛交差点),3307,東御市鞍掛385-1(鞍掛交差点),3214,6521,1.27,0.62,31.5,26.8,8,50
20400060010,中津川田立線,中津川田立線,一般国道１９号,20423,0,3.3,木曽郡南木曽町田立84-15,866,木曽郡南木曽町田立84-15,877,1743,1.17,0.2,32.9,30.4,11,40
20400070010,中津川南木曽線,中津川南木曽線,一般国道２５６号,20423,0,4.8,木曽郡南木曽町吾妻1776,194,木曽郡南木曽町吾妻1776,181,375,1.13,0.05,35.4,35.4,8,30
20400080005,飯田南木曽線,一般国道１５１号,飯島飯田線,20205,0,1.2,飯田市白山町2-1-2,1477,飯田市白山町2-1-2,1597,3074,1.25,0.32,15.6,14.6,12,40
20400080010,飯田南木曽線,飯島飯田線,飯田市・南木曽町境,20205,0,20.9,飯田市白山町2-1-2,1477,飯田市白山町2-1-2,1597,3074,1.25,0.32,15.6,14.6,12,40
20400080020,飯田南木曽線,飯田市・南木曽町境,一般国道２５６号,20423,0,7.5,,25,,29,54,1.35,0.21,45.1,41,4.3,30
20400090010,佐久軽井沢線,下仁田浅科線,岩村田停車場線,20217,0,0.4,佐久市岩村田住吉町3589,9666,佐久市岩村田住吉町3589,9702,19368,1.34,1.29,17.8,12.2,16,50
20400090020,佐久軽井沢線,岩村田停車場線,佐久軽井沢線,20217,0,1.1,佐久市岩村田住吉町3589,9666,佐久市岩村田住吉町3589,9702,19368,1.34,1.29,19.6,22.5,16,50
20400090030,佐久軽井沢線,佐久軽井沢線,佐久市・御代田町境,20217,0,2.1,北佐久郡御代田町御代田,5848,北佐久郡御代田町御代田,6200,12048,1.21,0.96,23,28.6,16,50
20400090040,佐久軽井沢線,佐久市・御代田町境,御代田町・佐久市境,20323,0,0.2,北佐久郡御代田町御代田,5848,北佐久郡御代田町御代田,6200,12048,1.21,0.74,31.9,35.1,11.1,50
20400090050,佐久軽井沢線,御代田町・佐久市境,佐久市・御代田町境,20217,0,0.3,北佐久郡御代田町御代田,5848,北佐久郡御代田町御代田,6200,12048,1.21,0.86,35.4,34.2,11.6,50
20400090060,佐久軽井沢線,佐久市・御代田町境,借宿小諸線,20323,0,0.5,北佐久郡御代田町御代田,5848,北佐久郡御代田町御代田,6200,12048,1.21,0.82,36.8,23.1,7.4,50
20400090070,佐久軽井沢線,借宿小諸線,一般国道１８号,20323,0,1.3,北佐久郡御代田町御代田,5848,北佐久郡御代田町御代田,6200,12048,1.21,0.82,24.2,23.2,7.4,50
20400090090,佐久軽井沢線,佐久軽井沢線,上信越自動車道,20217,0,0.3,佐久市岩村田北1丁目13-7,6285,佐久市岩村田北1丁目13-7,5513,11798,1.31,0.4,10.2,15.6,25,50
20400100010,設楽根羽線,設楽根羽線,阿南根羽線,20410,0,6.3,,202,,206,408,1.13,0.31,44.3,44,6,60
20400100020,設楽根羽線,阿南根羽線,一般国道１５３号,20410,0,0.3,,202,,206,408,1.13,0.31,22.9,29.4,6,60
20400110010,北杜富士見線,北杜富士見線,一般国道２０号,20362,0,0.7,,2533,,2447,4980,1.25,0.55,42.2,28.1,10,40
20400120010,丸子信州新線,一般国道２５４号,鹿教湯別所上田線,20203,0,4.8,,146,,116,262,1.35,0.31,28,32,4,60
20400120020,丸子信州新線,鹿教湯別所上田線,上田市・青木村境,20203,0,0,,146,,116,262,1.35,0.31,24.2,19.5,4,60
20400120030,丸子信州新線,上田市・青木村境,下奈良本豊科線,20349,0,5.3,,115,,93,208,1.04,0.04,31,31,7,30
20400120040,丸子信州新線,下奈良本豊科線,一般国道１４３号,20349,0,2.4,小県郡青木村田沢120-5（青木交差点）,1673,小県郡青木村田沢120-5（青木交差点）,1614,3287,1.23,0.36,44.6,40.7,9,40
20400120060,丸子信州新線,一般国道１４３号,青木村・筑北村境,20349,0,2.1,,1168,,1220,2388,1.22,0.28,42.1,40.2,7,60
20400120070,丸子信州新線,青木村・筑北村境,真田新田線,20452,0,0.5,東筑摩郡筑北村坂井5234－1,1109,東筑摩郡筑北村坂井5234－1,1107,2216,1.22,0.29,37.6,39.8,7,40
20400120080,丸子信州新線,真田新田線,大町麻績インター千曲線,20452,0,6.9,東筑摩郡筑北村坂井5234－1,1109,東筑摩郡筑北村坂井5234－1,1107,2216,1.22,0.29,46.1,48.7,7,40
20400120090,丸子信州新線,大町麻績インター千曲線,筑北村・麻績村境,20452,0,1,東筑摩郡筑北村坂井5234－1,1109,東筑摩郡筑北村坂井5234－1,1107,2216,1.22,0.29,42.8,41.9,7,40
20400120100,丸子信州新線,筑北村・麻績村境,一般国道４０３号,20446,0,1,東筑摩郡筑北村坂井5234－1,1109,東筑摩郡筑北村坂井5234－1,1107,2216,1.22,0.32,38.3,32.8,10.5,40
20400120110,丸子信州新線,一般国道４０３号,麻績村・筑北村境,20446,0,6,東筑摩郡麻績村麻429－1,674,東筑摩郡麻績村麻429－1,644,1318,1.22,0.15,38.3,41.4,7,40
20400120120,丸子信州新線,麻績村・筑北村境,筑北村・麻績村境,20452,0,1.3,東筑摩郡麻績村麻429－1,674,東筑摩郡麻績村麻429－1,644,1318,1.22,0.71,30.8,32.7,5.5,40
20400120130,丸子信州新線,筑北村・麻績村境,麻績村・長野市境,20446,0,0.9,東筑摩郡麻績村麻429－1,674,東筑摩郡麻績村麻429－1,644,1318,1.22,0.71,38.1,36.2,5.5,40
20400120140,丸子信州新線,麻績村・長野市境,川口田野口篠ノ井線,20201,0,7.3,長野市大岡乙195,258,長野市大岡乙195,251,509,1.35,0.05,34.9,30.7,7,40
20400120150,丸子信州新線,川口田野口篠ノ井線,川口田野口篠ノ井線,20201,0,4.3,長野市大岡乙195,258,長野市大岡乙195,251,509,1.35,0.05,34.6,37.4,7,40
20400120160,丸子信州新線,川口田野口篠ノ井線,小峰稲荷山線,20201,0,6.3,長野市大岡乙195,258,長野市大岡乙195,251,509,1.35,0.05,27.9,27.9,7,40
20400120170,丸子信州新線,小峰稲荷山線,一般国道１９号,20201,0,3.9,,298,,322,620,1.35,0.08,27.5,28.5,7,40
20400130010,岡谷停車場線,,下諏訪辰野線,20204,0,0.1,岡谷市本町3456-4,1591,岡谷市本町3456-4,1625,3216,1.23,0.16,11.9,8.7,22,40
20400140010,下諏訪辰野線,一般国道２０号,一般国道２０号,20204,0,0.8,岡谷市長地梨久保2丁目23,3516,岡谷市長地梨久保2丁目23,3689,7205,1.27,0.73,20.8,13.5,16,40
20400140020,下諏訪辰野線,一般国道２０号,岡谷茅野線,20204,0,2.4,岡谷市長地柴宮二丁目2240-59,8104,岡谷市長地柴宮二丁目2240-59,8343,16447,1.33,1.14,18.9,18.6,16,40
20400140030,下諏訪辰野線,岡谷茅野線,岡谷停車場線,20204,0,0.7,岡谷市川岸上一丁目4-18,7933,岡谷市川岸上一丁目4-18,8954,16887,1.35,1.32,10.1,16.6,16,40
20400140040,下諏訪辰野線,岡谷停車場線,岡谷市・辰野町境,20204,0,6.5,岡谷市川岸上一丁目4-18,7933,岡谷市川岸上一丁目4-18,8954,16887,1.35,1.09,28.4,32.9,16,40
20400140050,下諏訪辰野線,岡谷市・辰野町境,伊那辰野停車場線,20382,0,3.4,上伊那郡辰野町平出,5135,上伊那郡辰野町平出,4677,9812,1.26,1.37,47.4,30.8,15,40
20400140060,下諏訪辰野線,伊那辰野停車場線,伊那辰野停車場線,20382,0,0.4,上伊那郡辰野町辰野1617,3549,上伊那郡辰野町辰野1617,3735,7284,1.23,0.74,17.6,20.6,15,40
20400140070,下諏訪辰野線,伊那辰野停車場線,一般国道１５３号,20382,0,1.3,上伊那郡辰野町辰野1617,3549,上伊那郡辰野町辰野1617,3735,7284,1.23,0.74,24.4,20.6,15,40
20400150010,飯島飯田線,一般国道１５３号,北林飯島線,20384,0,3.1,上伊那郡飯島町七久保2252,5192,上伊那郡飯島町七久保2252,5333,10525,1.3,0.79,32.2,34.9,8.8,50
20400150020,飯島飯田線,北林飯島線,飯島町・松川町境,20384,0,2.2,上伊那郡飯島町七久保2252,5192,上伊那郡飯島町七久保2252,5333,10525,1.3,0.79,44.6,45.9,8.8,50
20400150030,飯島飯田線,飯島町・松川町境,飯島飯田線,20402,0,0.3,下伊那郡松川町上片桐329,3437,下伊那郡松川町上片桐329,3411,6848,1.27,0.6,40.3,36.5,16,40
20400150060,飯島飯田線,飯島飯田線,上片桐停車場線,20402,0,3.4,下伊那郡松川町大島811-7,1583,下伊那郡松川町大島811-7,1774,3357,1.23,0.7,36,42.6,5.86,40
20400150070,飯島飯田線,上片桐停車場線,松川インター大鹿線,20402,0,0.4,下伊那郡松川町大島811-7,1583,下伊那郡松川町大島811-7,1774,3357,1.23,0.7,32.7,25.2,5.86,40
20400150080,飯島飯田線,松川インター大鹿線,松川町・高森町境,20402,0,1.6,下伊那郡高森町出原208,1617,下伊那郡高森町出原208,1591,3208,1.23,0.92,39.8,44.3,5.75,40
20400150090,飯島飯田線,松川町・高森町境,山吹停車場線,20403,0,0.1,下伊那郡高森町出原208,1617,下伊那郡高森町出原208,1591,3208,1.23,0.93,42.4,43.9,5.5,40
20400150100,飯島飯田線,山吹停車場線,市田停車場上市田線,20403,0,4.6,下伊那郡高森町出原208,1617,下伊那郡高森町出原208,1591,3208,1.23,0.93,41,43,5.5,40
20400150110,飯島飯田線,市田停車場上市田線,高森町・飯田市境,20403,0,1.8,飯田市大門町26,3114,飯田市大門町26,3810,6924,1.27,1.24,36.8,36.1,5.5,40
20400150115,飯島飯田線,高森町・飯田市境,,20205,0,0.5,飯田市大門町26,3114,飯田市大門町26,3810,6924,1.27,1.1,35.6,36.4,7,40
20400150120,飯島飯田線,,飯島飯田線,20205,0,3.1,飯田市大門町26,3114,飯田市大門町26,3810,6924,1.27,1.1,31.2,28.5,7,40
20400150130,飯島飯田線,飯島飯田線,市場桜町線,20205,0,0.3,飯田市大門町89,4743,飯田市大門町89,5297,10040,1.3,1.06,14.4,15.9,17,40
20400150140,飯島飯田線,市場桜町線,一般国道１５１号,20205,0,0.7,飯田市大門町89,4743,飯田市大門町89,5297,10040,1.3,0.83,16.4,19.5,17,40
20400150040,飯島飯田線,飯島飯田線,,20402,0,2,下伊那郡松川町上片桐329,3437,下伊那郡松川町上片桐329,3411,6848,1.27,0.62,29.4,42,16,40
20400150160,飯島飯田線,飯島飯田線,,20205,0,2.1,飯田市上郷黒田792,9426,飯田市上郷黒田792,9388,18814,1.34,0.65,34.5,29.1,22,50
20400150150,飯島飯田線,飯田南木曽線,一般国道２５６号,20205,0,1.7,飯田市羽場町1-13,8966,飯田市羽場町1-13,8144,17110,1.32,0.66,34.5,29.1,22,60
20400150180,飯島飯田線,一般国道２５６号,一般国道１５３号,20205,0,0.8,,,,,,,,34.5,29.1,22,50
20400160010,岡谷茅野線,下諏訪辰野線,岡谷下諏訪線,20204,0,1.5,岡谷市天竜町1318,6709,岡谷市天竜町1318,6569,13278,1.32,0.93,13.3,14.5,22,50
20400160020,岡谷茅野線,岡谷下諏訪線,岡谷茅野線,20204,0,0.6,岡谷市天竜町1318,6709,岡谷市天竜町1318,6569,13278,1.32,0.93,15.9,13.7,22,50
20400160030,岡谷茅野線,岡谷茅野線,岡谷茅野線,20204,0,3,岡谷市湊一丁目,13172,岡谷市湊一丁目,13624,26796,1.37,1.72,26.4,29.4,22,50
20400160040,岡谷茅野線,岡谷茅野線,岡谷市・諏訪市境,20204,0,0.8,岡谷市湊一丁目,13172,岡谷市湊一丁目,13624,26796,1.37,1.53,23.5,36.3,22,50
20400160050,岡谷茅野線,岡谷市・諏訪市境,諏訪辰野線,20206,0,0.1,岡谷市湊一丁目,13172,岡谷市湊一丁目,13624,26796,1.37,1.66,20.7,18.4,16,40
20400160060,岡谷茅野線,諏訪辰野線,岡谷茅野線,20206,0,1.3,諏訪市豊田2591,5778,諏訪市豊田2591,5855,11633,1.31,0.83,31.9,26.7,16,40
20400160080,岡谷茅野線,諏訪辰野線,神宮寺諏訪線,20206,0,4.1,諏訪市中洲714-1,7742,諏訪市中洲714-1,8820,16562,1.33,1.36,26.9,31.2,7.5,40
20400160090,岡谷茅野線,神宮寺諏訪線,諏訪市道,20206,0,0.2,,7244,,8849,16093,1.33,0.63,21.1,21.2,7.5,40
20400160100,岡谷茅野線,諏訪市道,諏訪市道,20206,0,0.3,,7244,,8849,16093,1.33,0.63,26.7,35.2,7.5,40
20400160110,岡谷茅野線,諏訪市道,諏訪市・茅野市境,20206,0,0.2,,7244,,8849,16093,1.33,0.54,40,41.1,12,40
20400160120,岡谷茅野線,諏訪市・茅野市境,一般国道１５２号,20214,0,0.6,,7244,,8849,16093,1.33,0.57,32,27.4,13,40
20400160140,岡谷茅野線,一般国道１５２号,一般国道２０号,20214,0,1,茅野市宮川安国寺1960-1,5003,茅野市宮川安国寺1960-1,4822,9825,1.3,0.73,29.1,20.4,13.6,40
20400160160,岡谷茅野線,,岡谷茅野線,20204,0,0.3,岡谷市湊一丁目,13172,岡谷市湊一丁目,13624,26796,1.37,1.43,14.2,17.9,16.55,40
20400160180,岡谷茅野線,岡谷茅野線,,20204,0,0.7,諏訪市中洲714-1,7742,諏訪市中洲714-1,8820,16562,1.33,1.26,16.3,28,7,40
20400160200,岡谷茅野線,岡谷茅野線,,20206,0,1.8,諏訪市豊田2591,5778,諏訪市豊田2591,5855,11633,1.31,0.83,32.6,35.4,16,40
20400170010,茅野北杜韮崎線,一般国道１５２号,上槻木矢ケ崎線,20214,0,4.1,諏訪郡原村中新田13630,2109,諏訪郡原村中新田13630,2031,4140,1.23,0.42,35.4,39.3,10,40
20400170020,茅野北杜韮崎線,上槻木矢ケ崎線,茅野市・原村境,20214,0,0.8,諏訪郡原村中新田13630,2109,諏訪郡原村中新田13630,2031,4140,1.23,0.42,37.6,42.8,10,40
20400170030,茅野北杜韮崎線,茅野市・原村境,神ノ原青柳停車場線,20363,0,0.3,諏訪郡原村中新田13630,2109,諏訪郡原村中新田13630,2031,4140,1.23,0.41,34.5,27.3,8.25,40
20400170040,茅野北杜韮崎線,神ノ原青柳停車場線,神ノ原青柳停車場線,20363,0,1.2,諏訪郡原村中新田13630,2109,諏訪郡原村中新田13630,2031,4140,1.23,0.41,36.3,36.1,8.25,40
20400170050,茅野北杜韮崎線,神ノ原青柳停車場線,払沢茅野線,20363,0,1.4,諏訪郡原村中新田13630,2109,諏訪郡原村中新田13630,2031,4140,1.23,0.41,40.7,34.1,8.25,40
20400170060,茅野北杜韮崎線,払沢茅野線,中新田富士見線,20363,0,2.3,諏訪郡原村中新田13630,2109,諏訪郡原村中新田13630,2031,4140,1.23,0.41,43.2,43.1,8.25,40
20400170070,茅野北杜韮崎線,中新田富士見線,原村・富士見町境,20363,0,0.2,,632,,601,1233,1.22,0.19,45,44.6,8.25,40
20400170080,茅野北杜韮崎線,原村・富士見町境,立沢富士見停車場線,20362,0,3,,632,,601,1233,1.22,0.16,41.6,33.6,9.5,50
20400170090,茅野北杜韮崎線,立沢富士見停車場線,乙事富士見線,20362,0,2.9,諏訪郡富士見町乙事5822,381,諏訪郡富士見町乙事5822,402,783,1.17,0.1,42.7,42.2,9.5,50
20400170100,茅野北杜韮崎線,乙事富士見線,富士見高原線,20362,0,5.6,諏訪郡富士見町乙事5822,381,諏訪郡富士見町乙事5822,402,783,1.17,0.1,42.2,42.7,9.5,50
20400170110,茅野北杜韮崎線,富士見高原線,茅野北杜韮崎線,20362,0,0.4,諏訪郡富士見町乙事5822,381,諏訪郡富士見町乙事5822,402,783,1.17,0.1,52.4,52.1,9.5,50
20400180010,伊那生田飯田線,一般国道３６１号,車屋大久保線,20209,0,1.8,伊那市上新田2319,8091,伊那市上新田2319,7666,15757,1.32,1.46,15.2,20.4,16,40
20400180020,伊那生田飯田線,車屋大久保線,沢渡高遠線,20209,0,1.9,伊那市上新田2319,8091,伊那市上新田2319,7666,15757,1.32,1.32,41,43.3,10,50
20400180030,伊那生田飯田線,沢渡高遠線,伊那市・駒ヶ根市境,20209,0,4.9,伊那市上新田2319,8091,伊那市上新田2319,7666,15757,1.32,1.32,40.2,42.2,10,50
20400180040,伊那生田飯田線,伊那市・駒ヶ根市境,栗林宮田停車場線,20210,0,4.5,駒ヶ根市東伊那,1855,駒ヶ根市東伊那,1845,3700,1.15,0.47,44.5,44.6,10,50
20400180050,伊那生田飯田線,栗林宮田停車場線,駒ケ根長谷線,20210,0,1.8,駒ヶ根市東伊那,1855,駒ヶ根市東伊那,1845,3700,1.15,0.47,40.8,40.4,10,50
20400180060,伊那生田飯田線,駒ケ根長谷線,伊那生田飯田線,20210,0,4.9,,264,,225,489,1.15,0.08,42.3,45.3,8,50
20400180070,伊那生田飯田線,伊那生田飯田線,駒ヶ根市・飯島町境,20210,0,2.2,,264,,225,489,1.15,0.97,38.6,42.2,3.8,60
20400180080,伊那生田飯田線,駒ヶ根市・飯島町境,飯島停車場日曽利線,20384,0,0.3,,264,,225,489,1.15,0.08,14.6,34.3,8,60
20400180090,伊那生田飯田線,飯島停車場日曽利線,飯島町・中川村境,20384,0,1.2,,264,,225,489,1.15,0.08,37.7,37.7,8,60
20400180100,伊那生田飯田線,飯島町・中川村境,大草坂戸線,20386,0,4.2,,264,,225,489,1.15,0.97,31.9,31.9,3.5,50
20400180110,伊那生田飯田線,大草坂戸線,北林飯島線,20386,0,2.1,上伊那郡中川村大草5206,1032,上伊那郡中川村大草5206,943,1975,1.22,0.22,48.2,47.3,10,50
20400180120,伊那生田飯田線,北林飯島線,松川インター大鹿線,20386,0,2.3,上伊那郡中川村大草5206,1032,上伊那郡中川村大草5206,943,1975,1.22,0.22,51.2,50,10,50
20400180130,伊那生田飯田線,松川インター大鹿線,中川村・松川町境,20386,0,0.2,上伊那郡中川村大草5206,1032,上伊那郡中川村大草5206,943,1975,1.22,0.22,24,38.3,10,50
20400180140,伊那生田飯田線,中川村・松川町境,松川インター大鹿線,20402,0,0.4,下伊那郡松川町生田673,1464,下伊那郡松川町生田673,1563,3027,1.23,0.32,39.8,33.9,10.1,40
20400180150,伊那生田飯田線,松川インター大鹿線,松川大鹿線,20402,0,2.6,下伊那郡松川町生田673,1464,下伊那郡松川町生田673,1563,3027,1.23,0.35,31,37.7,8,40
20400180160,伊那生田飯田線,松川大鹿線,松川町・豊丘村境,20402,0,0.4,下伊那郡豊丘村河野2598,3148,下伊那郡豊丘村河野2598,1617,4765,1.27,0.67,45.1,47.1,7.6,40
20400180170,伊那生田飯田線,松川町・豊丘村境,市ノ沢山吹停車場線,20416,0,1.4,下伊那郡豊丘村河野2598,3148,下伊那郡豊丘村河野2598,1617,4765,1.27,0.25,48.1,47.1,7.5,40
20400180180,伊那生田飯田線,市ノ沢山吹停車場線,市田停車場線,20416,0,2.8,下伊那郡豊丘村河野2598,3148,下伊那郡豊丘村河野2598,1617,4765,1.27,0.25,42.3,40.4,7.5,40
20400180190,伊那生田飯田線,市田停車場線,豊丘村・喬木村境,20416,0,2.6,下伊那郡豊丘村神稲7224,1677,下伊那郡豊丘村神稲7224,4763,6440,1.23,0.64,42.6,40.5,7.3,40
20400180200,伊那生田飯田線,豊丘村・喬木村境,大島阿島線,20415,0,0.9,下伊那郡豊丘村神稲7224,1677,下伊那郡豊丘村神稲7224,4763,6440,1.23,0.74,39.3,39.5,7.3,40
20400180210,伊那生田飯田線,大島阿島線,上飯田線,20415,0,1.1,下伊那郡豊丘村神稲7224,1677,下伊那郡豊丘村神稲7224,4763,6440,1.23,0.74,34.2,32.3,7.3,40
20400180215,伊那生田飯田線,上飯田線,下条米川飯田線,20415,0,2,下伊那郡喬木村伊久間16369,1074,下伊那郡喬木村伊久間16369,1209,2283,1.22,0.34,31.4,15.6,7.3,40
20400180220,伊那生田飯田線,下条米川飯田線,喬木村・飯田市境,20415,0,0.1,下伊那郡喬木村伊久間16369,1074,下伊那郡喬木村伊久間16369,1209,2283,1.22,0.34,7.6,13,7.3,40
20400180230,伊那生田飯田線,喬木村・飯田市境,新井伊那八幡停車場線,20205,0,0.1,飯田市松尾上溝3101,4946,飯田市松尾上溝3101,4818,9764,1.3,1.15,7.6,13.6,5.5,40
20400180240,伊那生田飯田線,新井伊那八幡停車場線,伊那生田飯田線,20205,0,1.1,飯田市松尾上溝3101,4946,飯田市松尾上溝3101,4818,9764,1.3,1.15,29.6,21.5,5.5,40
20400180250,伊那生田飯田線,伊那生田飯田線,一般国道１５３号,20205,0,0.9,飯田市松尾上溝3101,4946,飯田市松尾上溝3101,4818,9764,1.3,1.15,22.3,21.5,5.5,40
20400180260,伊那生田飯田線,一般国道１５３号,一般国道１５１号,20205,0,0.5,飯田市鼎東鼎50-1,4028,飯田市鼎東鼎50-1,4379,8407,1.3,0.84,21.5,15.2,5.5,40
20400180280,伊那生田飯田線,伊那生田飯田線,駒ヶ根市・飯島町境,20210,0,0.2,,,,,,,,36.2,37.9,10.8,60
20400180290,伊那生田飯田線,駒ヶ根市・飯島町境,,20384,0,0.6,,,,,,,,55,55.6,10,60
20400180300,伊那生田飯田線,,一般国道１５３号,20384,0,1.1,上伊那郡飯島町2624-5,1410,上伊那郡飯島町2624-5,1432,2842,1.16,0.41,47.2,33.4,10,60
20400180310,伊那生田飯田線,伊那生田飯田線,,20205,0,0.2,上伊那郡飯島町2624-5,1410,上伊那郡飯島町2624-5,1432,2842,1.16,0.47,9.5,15,10.5,40
20400190005,伊那辰野停車場線,一般国道３６１号,一般国道１５３号,20209,0,3.7,伊那市福島564,5576,伊那市福島564,5956,11532,1.26,0.4,21.5,26.6,8.7,50
20400190010,伊那辰野停車場線,一般国道１５３号,伊那市・箕輪町境,20209,0,1.6,伊那市福島564,5576,伊那市福島564,5956,11532,1.26,0.4,40.9,42.3,8.7,50
20400190020,伊那辰野停車場線,伊那市・箕輪町境,美篶箕輪線,20383,0,0.1,伊那市福島564,5576,伊那市福島564,5956,11532,1.26,0.39,35.6,33.9,6.5,50
20400190030,伊那辰野停車場線,美篶箕輪線,美篶箕輪線,20383,0,1.7,伊那市福島564,5576,伊那市福島564,5956,11532,1.26,0.39,49.1,48.8,6.5,50
20400190040,伊那辰野停車場線,美篶箕輪線,箕輪町道,20383,0,0.6,伊那市福島564,5576,伊那市福島564,5956,11532,1.26,0.39,27.2,20.7,6.5,50
20400190050,伊那辰野停車場線,箕輪町道,諏訪箕輪線,20383,0,3.4,伊那市福島564,5576,伊那市福島564,5956,11532,1.26,0.39,36.1,39.6,6.5,50
20400190060,伊那辰野停車場線,諏訪箕輪線,南小河内伊那松島停車場線,20383,0,1.3,伊那市福島564,5576,伊那市福島564,5956,11532,1.26,0.39,34.1,24.5,6.5,50
20400190070,伊那辰野停車場線,南小河内伊那松島停車場線,箕輪町・辰野町境,20383,0,1.7,上伊那郡箕輪町東箕輪4178,6888,上伊那郡箕輪町東箕輪4178,7182,14070,1.33,1.25,25.9,25.1,12,50
20400190080,伊那辰野停車場線,箕輪町・辰野町境,与地辰野線,20382,0,2,上伊那郡箕輪町東箕輪4178,6888,上伊那郡箕輪町東箕輪4178,7182,14070,1.33,1.23,34.6,35.8,12,50
20400190090,伊那辰野停車場線,与地辰野線,下諏訪辰野線,20382,0,1.5,上伊那郡箕輪町東箕輪4178,6888,上伊那郡箕輪町東箕輪4178,7182,14070,1.33,1.23,25.4,20,12,50
20400190110,伊那辰野停車場線,下諏訪辰野線,,20382,0,0.2,,2042,,2012,4054,1.23,0.36,5.4,8.4,7.7,30
20400200010,開田三岳福島線,一般国道３６１号,上松御岳線,20432,0,13.9,木曽郡木曽町開田高原西野6850,296,木曽郡木曽町開田高原西野6850,274,570,1.15,0.09,37.1,38.5,8,30
20400200020,開田三岳福島線,上松御岳線,御岳王滝黒沢線,20432,0,3.6,木曽郡木曽町三岳3788,672,木曽郡木曽町三岳3788,670,1342,1.21,0.16,40.6,38.1,8,40
20400200030,開田三岳福島線,御岳王滝黒沢線,上松御岳線,20432,0,2.7,木曽郡木曽町三岳9522,1523,木曽郡木曽町三岳9522,1557,3080,1.23,0.5,46.3,48,6,40
20400200040,開田三岳福島線,上松御岳線,川合中畑線,20432,0,3.6,木曽郡木曽町三岳9522,1523,木曽郡木曽町三岳9522,1557,3080,1.23,0.5,50.2,49.7,6,40
20400200050,開田三岳福島線,川合中畑線,一般国道１９号,20432,0,0.3,木曽郡木曽町三岳9522,1523,木曽郡木曽町三岳9522,1557,3080,1.23,0.5,50.2,49.7,6,40
20400210010,飯田停車場線,,一般国道１５１号,20205,0,0.2,飯田市中央通り４丁目6-2,956,飯田市中央通り４丁目6-2,635,1591,1.22,0.17,10.2,12.1,15,40
20400220010,松川大鹿線,伊那生田飯田線,松川町・大鹿村境,20402,0,10.3,下伊那郡松川町生田柄山5015,112,下伊那郡松川町生田柄山5015,131,243,1.08,0.08,34.5,43.9,6.5,60
20400220020,松川大鹿線,松川町・大鹿村境,松川インター大鹿線,20417,0,2.6,下伊那郡松川町生田柄山5015,112,下伊那郡松川町生田柄山5015,131,243,1.08,1.08,24.5,37.4,4.1,60
20400220030,松川大鹿線,松川インター大鹿線,一般国道１５２号,20417,0,3.3,下伊那郡大鹿村大河原4233-22（落合交差点）,946,下伊那郡大鹿村大河原4233-22（落合交差点）,1104,2050,1.21,0.22,49.4,44.5,9,60
20400240010,上高地公園線,,一般国道１５８号,20202,0,7,松本市安曇上高地国有林班83,477,松本市安曇上高地国有林班83,484,961,1.22,0.77,37.4,40.6,7,40
20400250010,塩尻鍋割穂高線,一般国道１９号,原洗馬停車場線,20215,0,0.6,塩尻市広丘野村1610-4,1027,塩尻市広丘野村1610-4,1056,2083,1.25,0.24,9.2,12.7,16,40
20400250020,塩尻鍋割穂高線,原洗馬停車場線,塩尻市・松本市境,20215,0,0.4,,5848,,4605,10453,1.3,1.21,16.4,25,16,40
20400250030,塩尻鍋割穂高線,塩尻市・松本市境,松本市・塩尻市境,20202,0,1.6,,5848,,4605,10453,1.3,0.88,27.9,28.5,12,50
20400250040,塩尻鍋割穂高線,松本市・塩尻市境,塩尻市・松本市境,20215,0,0.9,,2363,,2262,4625,1.28,0.52,46,44.4,12,40
20400250050,塩尻鍋割穂高線,塩尻市・松本市境,土合松本線,20202,0,1.5,,2363,,2262,4625,1.28,0.53,34.5,31.9,7,50
20400250060,塩尻鍋割穂高線,土合松本線,松本市・山形村境,20202,0,1,,2363,,2262,4625,1.28,0.53,40.6,43.4,7,50
20400250070,塩尻鍋割穂高線,松本市・山形村境,新田松本線,20450,0,1.2,,2363,,2262,4625,1.28,0.55,29.8,31,7,40
20400250080,塩尻鍋割穂高線,新田松本線,新田松本線,20450,0,1.4,東筑摩郡山形村1722－2,4834,東筑摩郡山形村1722－2,4957,9791,1.29,0.9,30.5,34.4,8.55,50
20400250090,塩尻鍋割穂高線,新田松本線,山形村・松本市境,20450,0,2.1,,3067,,3085,6152,1.27,0.55,36.6,40.7,8.75,40
20400250100,塩尻鍋割穂高線,山形村・松本市境,一般国道１５８号,20202,0,2.7,,3067,,3085,6152,1.27,0.8,33.6,29.1,6.5,40
20400250105,塩尻鍋割穂高線,一般国道１５８号,波田北大妻豊科線,20202,0,0.6,松本市梓川梓6746－2,484,松本市梓川梓6746－2,462,946,1.19,0.11,19.5,29.5,7,40
20400250110,塩尻鍋割穂高線,波田北大妻豊科線,大野田梓橋停車場線,20202,0,0.8,松本市梓川梓6746－2,484,松本市梓川梓6746－2,462,946,1.19,0.11,42,37.9,7,40
20400250120,塩尻鍋割穂高線,大野田梓橋停車場線,大野田梓橋停車場線,20202,0,0.9,松本市梓川梓6746－2,484,松本市梓川梓6746－2,462,946,1.19,0.11,39.5,37.5,7,40
20400250130,塩尻鍋割穂高線,大野田梓橋停車場線,松本市・安曇野市境,20202,0,4.4,松本市梓川梓6746－2,484,松本市梓川梓6746－2,462,946,1.19,0.11,43.7,42.7,7,40
20400250140,塩尻鍋割穂高線,松本市・安曇野市境,小倉梓橋停車場線,20220,0,2.9,,475,,479,954,1.19,0.11,36.2,42.7,7,40
20400250150,塩尻鍋割穂高線,小倉梓橋停車場線,田多井中萱豊科線,20220,0,2.6,安曇野市三郷小倉529,1846,安曇野市三郷小倉529,1604,3450,1.22,0.48,45.3,45.4,6.5,40
20400250160,塩尻鍋割穂高線,田多井中萱豊科線,安曇野インター堀金線,20220,0,0.3,安曇野市三郷小倉529,1846,安曇野市三郷小倉529,1604,3450,1.22,0.55,40.6,31.5,8.5,40
20400250170,塩尻鍋割穂高線,安曇野インター堀金線,豊科大天井岳線,20220,0,2.8,安曇野市穂高柏原3602-3,5168,安曇野市穂高柏原3602-3,4828,9996,1.3,1.06,47.9,45.4,6.5,40
20400250180,塩尻鍋割穂高線,豊科大天井岳線,豊科大天井岳線,20220,0,0.2,安曇野市穂高柏原3602-3,5168,安曇野市穂高柏原3602-3,4828,9996,1.3,0.86,23.6,36.2,17,40
20400250185,塩尻鍋割穂高線,豊科大天井岳線,塚原穂高停車場線,20220,0,0.6,安曇野市穂高柏原3602-3,5168,安曇野市穂高柏原3602-3,4828,9996,1.3,1.2,43.6,36.9,14,40
20400250190,塩尻鍋割穂高線,塚原穂高停車場線,柏原穂高線,20220,0,0.1,安曇野市穂高柏原3602-3,5168,安曇野市穂高柏原3602-3,4828,9996,1.3,1.2,25.6,25.4,14,40
20400250200,塩尻鍋割穂高線,柏原穂高線,小岩岳穂高停車場線,20220,0,3.5,安曇野市穂高有明7682,3595,安曇野市穂高有明7682,3387,6982,1.27,0.6,43.9,45.5,7.7,40
20400250210,塩尻鍋割穂高線,小岩岳穂高停車場線,有明大町線,20220,0,3,安曇野市穂高有明7682,3595,安曇野市穂高有明7682,3387,6982,1.27,0.69,47,46.2,6.5,40
20400250220,塩尻鍋割穂高線,有明大町線,一般国道１４７号,20220,0,5,安曇野市穂高有明7682,3595,安曇野市穂高有明7682,3387,6982,1.27,0.59,36.1,33.8,6.5,40
20400260010,奈川木祖線,一般国道１５８号,奈川木祖線,20202,0,0.2,松本市奈川1900,417,松本市奈川1900,414,831,1.22,0.1,19.4,11.3,6.5,40
20400260020,奈川木祖線,奈川木祖線,奈川野麦高根線,20202,0,11.9,松本市奈川1900,417,松本市奈川1900,414,831,1.22,0.1,40.2,36.7,6.5,40
20400260030,奈川木祖線,奈川野麦高根線,松本市・木祖村境,20202,0,5.3,松本市奈川1900,417,松本市奈川1900,414,831,1.22,0.1,32.3,38.6,6.5,40
20400260040,奈川木祖線,松本市・木祖村境,一般国道１９号,20425,0,14.4,,1034,,1097,2131,1.21,0.24,40.3,38.7,8,40
20400260060,奈川木祖線,一般国道１５８号,奈川木祖線,20202,0,0.3,,1043,,1058,2101,1.21,0.45,,36.7,6,40
20400270010,松本空港塩尻北インター線,,松本平広域公園線,20202,0,0.4,松本市空港東8951-3,5099,松本市空港東8951-3,4804,9903,1.3,0.73,24.2,18.4,25,40
20400270020,松本空港塩尻北インター線,松本平広域公園線,松本空港線,20202,0,0.2,松本市空港東8951-3,5099,松本市空港東8951-3,4804,9903,1.3,0.73,25.7,21.6,25,40
20400270030,松本空港塩尻北インター線,松本空港線,松本市・塩尻市境,20202,0,2.2,,3964,,3848,7812,1.29,0.7,15.9,14.5,14,50
20400270040,松本空港塩尻北インター線,松本市・塩尻市境,長野自動車道,20215,0,0.2,松本市芳川村井町1717-6,6395,松本市芳川村井町1717-6,5540,11935,1.33,0.71,22.3,5,12.5,40
20400270050,松本空港塩尻北インター線,長野自動車道,一般国道１９号,20215,0,0.8,松本市芳川村井町1717-6,6395,松本市芳川村井町1717-6,5540,11935,1.33,0.71,6.4,24.8,12.5,40
20400290010,中野豊野線,一般国道２９２号,一般国道４０３号,20211,0,0.8,中野市吉田107-1,1334,中野市吉田107-1,1437,2771,1.23,0.35,59.1,55.2,16,40
20400290020,中野豊野線,一般国道４０３号,三水中野線,20211,0,2.6,中野市大字栗林字山下736-5（志賀中野有料道路　料金所）,1643,中野市大字栗林字山下736-5（志賀中野有料道路　料金所）,1742,3385,1.23,0.4,48.2,48.2,10,60
20400290040,中野豊野線,三水中野線,上信越自動車道,20211,0,2,中野市草間1496-3,4208,中野市草間1496-3,4241,8449,1.3,0.77,36.6,33.1,16,40
20400290050,中野豊野線,上信越自動車道,中野市・長野市境,20211,0,0.9,中野市立ヶ花,8706,中野市立ヶ花,7919,16625,1.33,1.72,26.9,17.1,14,40
20400290060,中野豊野線,中野市・長野市境,一般国道１１７号,20201,0,0.2,,9101,,9605,18706,1.34,1.14,21.3,10.7,11,40
20400290080,中野豊野線,一般国道２９２号,中野小布施線,20211,0,1.5,中野市岩船,4934,中野市岩船,4438,9372,1.23,1.07,20.6,21,6.5,40
20400290090,中野豊野線,中野小布施線,一般国道４０３号,20211,0,1.2,中野市岩船,4934,中野市岩船,4438,9372,1.23,1.07,19,15.9,6.5,40
20400290100,中野豊野線,一般国道４０３号,三水中野線,20211,0,1.7,中野市安源寺569,7927,中野市安源寺569,8205,16132,1.34,1.22,18.4,27.3,12,40
20400290110,中野豊野線,三水中野線,上信越自動車道,20211,0,1.4,中野市安源寺569,7927,中野市安源寺569,8205,16132,1.34,1.22,23.7,23.4,12,40
20400310010,長野大町線,一般国道１９号,長野市道,20201,0,2,長野市信更町安庭1387-1（白馬長野有料道路　料金所）,1425,長野市信更町安庭1387-1（白馬長野有料道路　料金所）,1232,2657,1.22,0.39,41,49.2,10.3,60
20400310020,長野大町線,長野市道,長野市・小川村境,20201,0,2.7,長野市中条住良木989,2821,長野市中条住良木989,2762,5583,1.25,0.58,58,59.1,12,50
20400310030,長野大町線,長野市・小川村境,長野大町線,20588,0,0.5,長野市中条住良木989,2821,長野市中条住良木989,2762,5583,1.25,0.58,60.1,62.5,12,60
20400310040,長野大町線,長野大町線,信濃信州新線,20588,0,0.2,長野市中条住良木989,2821,長野市中条住良木989,2762,5583,1.25,0.58,55.5,56,12,60
20400310050,長野大町線,信濃信州新線,信濃信州新線,20588,0,0.8,上水内郡小川村大字高府13360,3043,上水内郡小川村大字高府13360,2868,5911,1.28,0.73,46.1,49.1,12,60
20400310060,長野大町線,信濃信州新線,小川村・大町市境,20588,0,6.1,上水内郡小川村大字高府13360,3043,上水内郡小川村大字高府13360,2868,5911,1.28,0.73,58,57.7,12,60
20400310070,長野大町線,小川村・大町市境,美麻八坂線,20212,0,3.3,大町市美麻28728-1,2316,大町市美麻28728-1,2119,4435,1.26,0.41,56.1,54.5,12,50
20400310080,長野大町線,美麻八坂線,白馬美麻線,20212,0,0.4,大町市美麻28728-1,2316,大町市美麻28728-1,2119,4435,1.26,0.41,47.3,43.6,12,50
20400310090,長野大町線,白馬美麻線,小島信濃木崎停車場線,20212,0,5.7,大町市美麻14890-1,1252,大町市美麻14890-1,1170,2422,1.22,0.36,53.5,55.4,9,60
20400310100,長野大町線,小島信濃木崎停車場線,川口大町線,20212,0,5.3,大町市美麻14890-1,1252,大町市美麻14890-1,1170,2422,1.22,0.36,55.2,57.1,9,60
20400310110,長野大町線,川口大町線,一般国道１４８号,20212,0,1.3,大町市美麻14890-1,1252,大町市美麻14890-1,1170,2422,1.22,0.36,37.6,37.4,9,60
20301480050,長野大町線,一般国道１４８号,扇沢大町線,20212,0,0.2,大町市大町1866-1,1103,大町市大町1866-1,1150,2253,1.23,0.22,24.1,27.5,8,50
20301480040,長野大町線,扇沢大町線,一般国道１４７号,20212,0,0.7,大町市大町1866-1,1103,大町市大町1866-1,1150,2253,1.23,0.22,26.6,22.7,8,50
20400310130,長野大町線,一般国道１９号,戸隠篠ノ井線,20201,0,2,長野市中条2454イ-1,2754,長野市中条2454イ-1,2823,5577,1.18,0.71,13.5,31.8,8,40
20400310140,長野大町線,戸隠篠ノ井線,古屋敷境ノ沢線,20201,0,2.6,長野市中条2454イ-1,2754,長野市中条2454イ-1,2823,5577,1.18,0.71,47.7,48,8,40
20400310150,長野大町線,古屋敷境ノ沢線,信州新中条線,20201,0,1.5,長野市中条2454イ-1,2754,長野市中条2454イ-1,2823,5577,1.18,0.71,44.6,42.3,8,40
20400310160,長野大町線,信州新中条線,長野市・小川村境,20201,0,3.1,長野市中条2454イ-1,2754,長野市中条2454イ-1,2823,5577,1.18,0.71,50.6,48.1,8,40
20400310170,長野大町線,長野市・小川村境,小川村・長野市境,20588,0,0.1,長野市中条2454イ-1,2754,長野市中条2454イ-1,2823,5577,1.18,0.61,46.7,47.8,9,40
20400310180,長野大町線,小川村・長野市境,長野市・小川村境,20201,0,0.3,長野市中条2454イ-1,2754,長野市中条2454イ-1,2823,5577,1.18,0.61,48,49,9,40
20400310190,長野大町線,長野市・小川村境,長野大町線,20588,0,0.7,長野市中条2454イ-1,2754,長野市中条2454イ-1,2823,5577,1.18,0.61,39.4,38.7,9,40
20400320040,長野停車場線,長野市道,一般国道１９号,20201,0,0.7,長野市南長野1316-2,4124,長野市南長野1316-2,5721,9845,1.3,0.38,14.2,11.8,25.1,50
20400330010,白馬美麻線,一般国道１４８号,白馬村・大町市境,20485,0,5.6,北安曇郡白馬村神城23277-2,3051,北安曇郡白馬村神城23277-2,3521,6572,1.27,0.58,51.7,51.4,11,60
20400330020,白馬美麻線,白馬村・大町市境,青具簗場停車場線,20212,0,3.6,北安曇郡白馬村神城23277-2,3051,北安曇郡白馬村神城23277-2,3521,6572,1.27,0.57,61.6,62.4,12.5,60
20400330030,白馬美麻線,青具簗場停車場線,長野大町線,20212,0,0.2,北安曇郡白馬村神城23277-2,3051,北安曇郡白馬村神城23277-2,3521,6572,1.27,0.57,39.9,37.5,12.5,60
20400340010,長野菅平線,一般国道１９号,長野須坂インター線,20201,0,1.9,長野市鶴賀七瀬南部548-4,11274,長野市鶴賀七瀬南部548-4,10308,21582,1.36,0.79,10.6,10.6,15.1,40
20400340020,長野菅平線,長野須坂インター線,一般国道１８号,20201,0,1,長野市稲葉2673-9,3810,長野市稲葉2673-9,4660,8470,1.28,0.94,20.1,10.6,8,40
20400340030,長野菅平線,一般国道１８号,大豆島東和田線,20201,0,1.9,長野市大豆島936-10,5641,長野市大豆島936-10,4767,10408,1.3,1.17,15.2,24.7,8,40
20400340040,長野菅平線,大豆島東和田線,三才大豆島中御所線,20201,0,0.5,長野市大豆島936-10,5641,長野市大豆島936-10,4767,10408,1.3,1.17,21.9,31.4,8,40
20400340050,長野菅平線,三才大豆島中御所線,三才大豆島中御所線,20201,0,0.3,長野市大豆島936-10,5641,長野市大豆島936-10,4767,10408,1.3,1.17,29.1,11.8,8,40
20400340060,長野菅平線,三才大豆島中御所線,三才大豆島中御所線,20201,0,0.6,,7137,,7456,14593,1.32,1.33,18.3,11.1,8,40
20400340070,長野菅平線,三才大豆島中御所線,牛島綿内停車場線,20201,0,1.3,長野市若穂牛島（落合橋中央交差点）,9320,長野市若穂牛島（落合橋中央交差点）,9173,18493,1.26,2.07,11.8,7.7,8,40
20400340080,長野菅平線,牛島綿内停車場線,一般国道４０３号,20201,0,1.1,長野市若穂牛島977-2,3180,長野市若穂牛島977-2,2638,5818,1.25,1.05,14.5,32.1,11,40
20400340090,長野菅平線,一般国道４０３号,小出綿内停車場線,20201,0,1.8,長野市若穂牛島977-2,3180,長野市若穂牛島977-2,2638,5818,1.25,1.05,38,35.9,11,40
20400340100,長野菅平線,小出綿内停車場線,長野市・上田市境,20201,0,9.9,,1275,,1200,2475,1.22,0.34,42.9,45,6.5,40
20400340110,長野菅平線,長野市・上田市境,一般国道４０６号,20203,0,3.3,,1132,,1046,2178,1.21,0.24,52.1,38.6,7,40
20304030450,長野真田線,一般国道４０３号,長野市道松代西２３５号,20201,0,1.1,長野市松代町西条4035-3,2351,長野市松代町西条4035-3,2238,4589,1.23,0.73,19.1,16,7,40
20400350065,長野真田線,長野市道松代西２３５号,長野真田線,20201,0,1.2,長野市松代町西条4035-3,2351,長野市松代町西条4035-3,2238,4589,1.23,0.99,24.4,28.4,7,50
20400350070,長野真田線,長野真田線,長野市・上田市境,20201,0,10.9,長野市松代町西条4035-3,2351,長野市松代町西条4035-3,2238,4589,1.23,0.99,47.2,43.9,7,50
20400350080,長野真田線,長野市・上田市境,傍陽菅平線,20203,0,10.3,上田市真田町傍陽新地蔵峠,883,上田市真田町傍陽新地蔵峠,791,1674,1.18,0.28,53.8,53,7.5,50
20400350090,長野真田線,傍陽菅平線,一般国道１４４号,20203,0,2.1,上田市真田町長6122-1（荒井交差点）,2967,上田市真田町長6122-1（荒井交差点）,3054,6021,1.27,0.64,28.8,24.2,7.5,50
20400350100,長野真田線,一般国道１４４号,矢沢真田線,20203,0,1.4,上田市真田町長6122-1（荒井交差点）,1411,上田市真田町長6122-1（荒井交差点）,1440,2851,1.22,0.33,30.5,39.5,10.7,40
20400350110,長野真田線,矢沢真田線,真田東部線,20203,0,0.7,上田市真田町長6122-1（荒井交差点）,1411,上田市真田町長6122-1（荒井交差点）,1440,2851,1.22,0.33,43.8,34,10.7,40
20400350005,長野真田線,一般国道１１７号,市道更北７７４号,20201,0,0.6,長野市下氷鉋1-1386,13829,長野市下氷鉋1-1386,16219,30048,1.38,0.97,20.1,25.4,27,50
20400350130,長野真田線,市道更北７７４号,一般国道１９号,20201,0,0.2,長野市下氷鉋1-1386,13829,長野市下氷鉋1-1386,16219,30048,1.38,0.97,18.9,14.1,27,50
20400350140,長野真田線,一般国道１９号,市道更北７７４号,20201,0,1,長野市下氷鉋1-1386,13829,長野市下氷鉋1-1386,16219,30048,1.38,0.97,19.3,12.1,27,50
20400350030,長野真田線,市道更北７７４号,一般国道１８号,20201,0,0.2,長野市下氷鉋1-1386,13829,長野市下氷鉋1-1386,16219,30048,1.38,0.97,14.4,7,27,50
20400350040,長野真田線,一般国道１８号,上信越自動車道,20201,0,2.1,長野市松代町東寺尾1232-3,13269,長野市松代町東寺尾1232-3,13865,27134,1.22,0.91,21.5,32.6,25,50
20400350050,長野真田線,上信越自動車道,一般国道４０３号,20201,0,0.6,長野市松代町西寺尾1505-1,4063,長野市松代町西寺尾1505-1,5889,9952,1.3,0.45,23.9,22,25,50
20400350160,長野真田線,,長野真田線,20201,0,1.1,,,,,,,,47.2,43.9,16,50
20400360010,信濃信州新線,,一般国道１８号,20583,0,0.5,上水内郡信濃町柏原2811,1127,上水内郡信濃町柏原2811,1140,2267,1.11,0.22,31.4,22.8,12,40
20400360020,信濃信州新線,一般国道１８号,杉野沢黒姫停車場線,20583,0,0.5,上水内郡信濃町柏原2811,1127,上水内郡信濃町柏原2811,1140,2267,1.11,0.22,23.8,47.2,12,40
20400360030,信濃信州新線,杉野沢黒姫停車場線,長野信濃線,20583,0,0.8,上水内郡信濃町柏原2811,1127,上水内郡信濃町柏原2811,1140,2267,1.11,0.22,41.8,36.7,12,40
20400360040,信濃信州新線,長野信濃線,栃原北郷信濃線,20583,0,1.6,上水内郡信濃町柏原2934,823,上水内郡信濃町柏原2934,779,1602,1.22,0.16,34.5,37.3,12,40
20400360050,信濃信州新線,栃原北郷信濃線,信濃町・長野市境,20583,0,8.7,長野市戸隠2179,1175,長野市戸隠2179,1175,2350,1.22,0.31,41.9,43.1,7.75,40
20400360060,信濃信州新線,信濃町・長野市境,長野戸隠線,20201,0,7.5,長野市戸隠2179,1175,長野市戸隠2179,1175,2350,1.22,0.31,44.7,47.7,7.6,40
20400360070,信濃信州新線,長野戸隠線,一般国道４０６号,20201,0,12.9,,549,,548,1097,1.2,0.21,31.6,32.4,7,40
20400360090,信濃信州新線,一般国道４０６号,長野市・小川村境,20201,0,3.5,上水内郡小川村稲丘5415,293,上水内郡小川村稲丘5415,266,559,1.15,0.08,34.1,33.3,7,40
20400360100,信濃信州新線,長野市・小川村境,小川村・長野市境,20588,0,0.1,上水内郡小川村稲丘5415,293,上水内郡小川村稲丘5415,266,559,1.15,0.08,35.7,37.1,7,40
20400360110,信濃信州新線,小川村・長野市境,長野市・小川村境,20201,0,0.3,上水内郡小川村稲丘5415,293,上水内郡小川村稲丘5415,266,559,1.15,0.08,36.4,36.9,8,40
20400360120,信濃信州新線,長野市・小川村境,小川長野線,20588,0,1.8,上水内郡小川村稲丘5415,293,上水内郡小川村稲丘5415,266,559,1.15,0.07,35.4,37.8,7.7,40
20400360130,信濃信州新線,小川長野線,長野大町線,20588,0,8.6,,360,,360,720,1.18,0.12,34.9,36.4,7.7,40
20400360150,信濃信州新線,長野大町線,小川村・長野市境,20588,0,1.7,長野市信州新町山上条22,631,長野市信州新町山上条22,641,1272,1.22,0.16,23.6,21.9,6.75,40
20400360160,信濃信州新線,小川村・長野市境,信州新中条線,20201,0,4.8,長野市信州新町山上条22,631,長野市信州新町山上条22,641,1272,1.22,0.16,30.8,32.4,8,40
20400360170,信濃信州新線,信州新中条線,一般国道１９号,20201,0,0.1,長野市信州新町山上条22,631,長野市信州新町山上条22,641,1272,1.22,0.16,17,11.3,8,40
20400370010,長野信濃線,一般国道４０６号,長野豊野線,20201,0,0.2,長野市上松3丁目25-32,5807,長野市上松3丁目25-32,6139,11946,1.2,0.44,9.6,22.2,8.4,40
20400370020,長野信濃線,長野豊野線,戸隠高原浅川線,20201,0,3.3,長野市上松3丁目25-32,5807,長野市上松3丁目25-32,6139,11946,1.2,0.44,17.6,15.3,8.4,40
20400370030,長野信濃線,戸隠高原浅川線,戸隠高原浅川線,20201,0,0.2,長野市上松3丁目25-32,5807,長野市上松3丁目25-32,6139,11946,1.2,0.44,20.3,24,8.4,40
20400370040,長野信濃線,戸隠高原浅川線,長野市道,20201,0,3.9,,13962,,13120,27082,1.37,0.71,39.6,37.6,8.55,40
20400370050,長野信濃線,長野市道,長野市・飯綱町境,20201,0,1,上水内郡飯綱町川上,2360,上水内郡飯綱町川上,2192,4552,1.23,0.52,64.7,57.3,10.2,40
20400370060,長野信濃線,長野市・飯綱町境,飯綱町道,20590,0,1,上水内郡飯綱町川上,2360,上水内郡飯綱町川上,2192,4552,1.23,0.54,65.3,61.9,11.25,40
20400370070,長野信濃線,飯綱町道,野村上牟礼停車場線,20590,0,1.8,上水内郡飯綱町川上,2360,上水内郡飯綱町川上,2192,4552,1.23,0.54,48.7,50.7,11.25,40
20400370080,長野信濃線,野村上牟礼停車場線,飯綱町・信濃町境,20590,0,3.5,上水内郡信濃町大井1372-1,1219,上水内郡信濃町大井1372-1,1132,2351,1.22,0.25,48.5,47.3,11.25,40
20400370090,長野信濃線,飯綱町・信濃町境,信濃信州新線,20583,0,5.6,上水内郡信濃町大井1372-1,1219,上水内郡信濃町大井1372-1,1132,2351,1.22,0.27,49.2,50.8,8.75,40
20400380005,飯山野沢温泉線,飯山斑尾新井線,飯山妙高高原線,20213,0,0.6,下高井郡木島平村上木島5691-1,3225,下高井郡木島平村上木島5691-1,3164,6389,1.27,0.58,15.4,14.1,12,50
20400380010,飯山野沢温泉線,飯山妙高高原線,一般国道１１７号,20213,0,0.2,下高井郡木島平村上木島5691-1,3225,下高井郡木島平村上木島5691-1,3164,6389,1.27,0.58,15.4,14.1,12,50
20400380020,飯山野沢温泉線,一般国道１１７号,中野飯山線,20213,0,0.3,下高井郡木島平村上木島5691-1,3225,下高井郡木島平村上木島5691-1,3164,6389,1.27,0.58,13.5,16.5,12,50
20400380030,飯山野沢温泉線,中野飯山線,飯山市・木島平村境,20213,0,2.1,下高井郡木島平村上木島5691-1,3225,下高井郡木島平村上木島5691-1,3164,6389,1.27,0.58,37.1,47,12,50
20400380040,飯山野沢温泉線,飯山市・木島平村境,一般国道４０３号,20562,0,0.5,下高井郡木島平村上木島5691-1,3225,下高井郡木島平村上木島5691-1,3164,6389,1.27,0.56,37.7,27.9,12,50
20400380050,飯山野沢温泉線,一般国道４０３号,木島平村・飯山市境,20562,0,0.4,飯山市下木島182-4,1957,飯山市下木島182-4,1764,3721,1.25,0.35,41,41.3,12,50
20400380060,飯山野沢温泉線,木島平村・飯山市境,飯山市・木島平村境,20213,0,0.9,飯山市下木島182-4,1957,飯山市下木島182-4,1764,3721,1.25,0.31,40.7,45.6,11,40
20400380070,飯山野沢温泉線,飯山市・木島平村境,木島平村・飯山市境,20562,0,0.1,飯山市下木島182-4,1957,飯山市下木島182-4,1764,3721,1.25,0.29,37.8,41.2,14.5,40
20400380080,飯山野沢温泉線,木島平村・飯山市境,飯山市・木島平村境,20213,0,0.1,飯山市下木島182-4,1957,飯山市下木島182-4,1764,3721,1.25,0.31,46.4,43.7,11,40
20400380090,飯山野沢温泉線,飯山市・木島平村境,馬曲木島停車場線,20562,0,0.5,飯山市下木島182-4,1957,飯山市下木島182-4,1764,3721,1.25,0.31,41.2,31.7,6.5,40
20400380100,飯山野沢温泉線,馬曲木島停車場線,木島平村・飯山市境,20562,0,1.6,飯山市瑞穂中組675-1,1335,飯山市瑞穂中組675-1,1287,2622,1.22,0.24,35.3,35.3,6.5,40
20400380110,飯山野沢温泉線,木島平村・飯山市境,関沢小沼線,20213,0,2.2,飯山市瑞穂中組675-1,1335,飯山市瑞穂中組675-1,1287,2622,1.22,0.3,36.1,35.7,9.7,40
20400380120,飯山野沢温泉線,関沢小沼線,柏尾戸狩停車場線,20213,0,1.2,下高井郡野沢温泉村豊郷中尾5043-3,1515,下高井郡野沢温泉村豊郷中尾5043-3,1582,3097,1.23,0.38,44.4,47.7,13,50
20400380130,飯山野沢温泉線,柏尾戸狩停車場線,飯山市・野沢温泉村境,20213,0,2.4,下高井郡野沢温泉村豊郷中尾5043-3,1515,下高井郡野沢温泉村豊郷中尾5043-3,1582,3097,1.23,0.38,54.7,54.2,13,50
20400380140,飯山野沢温泉線,飯山市・野沢温泉村境,野沢上境停車場線,20563,0,2.5,下高井郡野沢温泉村豊郷中尾5043-3,1515,下高井郡野沢温泉村豊郷中尾5043-3,1582,3097,1.23,0.36,28.9,31.3,6,50
20400390010,奈川野麦高根線,奈川木祖線,奈川野麦高根線,20202,0,12.6,松本市奈川702－2,141,松本市奈川702－2,137,278,1.35,0.04,53.2,40.6,6.5,40
20400400010,諏訪白樺湖小諸線,一般国道２０号,霧ケ峰東餅屋線,20206,0,15.6,諏訪市上諏訪立石町10342-2,118,諏訪市上諏訪立石町10342-2,93,211,1.35,0.02,33,31.3,8,40
20400400020,諏訪白樺湖小諸線,霧ケ峰東餅屋線,諏訪市・茅野市境,20206,0,4.5,諏訪市四賀霧ヶ峰,480,諏訪市四賀霧ヶ峰,424,904,1.22,0.13,32,28.5,8,40
20400400030,諏訪白樺湖小諸線,諏訪市・茅野市境,一般国道１５２号,20214,0,6.6,諏訪市四賀霧ヶ峰,480,諏訪市四賀霧ヶ峰,424,904,1.22,0.13,46.5,49.6,8.3,40
20400400050,諏訪白樺湖小諸線,一般国道１５２号,茅野市・立科町境,20214,0,0.2,,1167,,1236,2403,1.22,0.32,31.3,35.5,9,40
20400400060,諏訪白樺湖小諸線,茅野市・立科町境,諏訪白樺湖小諸線,20324,0,1.2,北佐久郡立科町芦田431,834,北佐久郡立科町芦田431,802,1636,1.21,0.25,37.2,36.4,6.5,50
20400400070,諏訪白樺湖小諸線,諏訪白樺湖小諸線,立科町道,20324,0,4.6,北佐久郡立科町芦田431,834,北佐久郡立科町芦田431,802,1636,1.21,0.25,46.2,38.9,6.5,50
20400400080,諏訪白樺湖小諸線,立科町道,雨境望月線,20324,0,6.2,北佐久郡立科町芦田431,834,北佐久郡立科町芦田431,802,1636,1.21,0.25,53.2,55.5,6.5,50
20400400085,諏訪白樺湖小諸線,雨境望月線,芦田大屋停車場線,20324,0,11.9,北佐久郡立科町芦田431,834,北佐久郡立科町芦田431,802,1636,1.21,0.25,49.6,47.6,6.5,50
20400400340,諏訪白樺湖小諸線,芦田大屋停車場線,一般国道１４２号,20324,0,0.4,北佐久郡立科町芦田431,834,北佐久郡立科町芦田431,802,1636,1.21,0.25,49.6,47.6,6.5,50
20400400320,諏訪白樺湖小諸線,一般国道１４２号,,20324,0,0.1,北佐久郡立科町芦田431,834,北佐久郡立科町芦田431,802,1636,1.21,0.23,28.6,9.5,9.8,40
20400400110,諏訪白樺湖小諸線,,牛鹿望月線,20324,0,1.3,北佐久郡立科町芦田431,834,北佐久郡立科町芦田431,802,1636,1.21,0.25,40.8,42.2,6.5,50
20400400120,諏訪白樺湖小諸線,牛鹿望月線,牛鹿望月線,20324,0,0.4,北佐久郡立科町芦田431,834,北佐久郡立科町芦田431,802,1636,1.21,0.25,45.2,44.7,6.5,50
20400400130,諏訪白樺湖小諸線,牛鹿望月線,立科町・東御市境,20324,0,4.3,北佐久郡立科町芦田431,834,北佐久郡立科町芦田431,802,1636,1.21,0.25,52.7,52.3,6.5,50
20400400140,諏訪白樺湖小諸線,立科町・東御市境,羽毛山大日向線,20219,0,1.2,東御市大日向35（御八城大橋入口）,3319,東御市大日向35（御八城大橋入口）,3417,6736,1.27,0.72,34.2,38.9,10,40
20400400150,諏訪白樺湖小諸線,羽毛山大日向線,東部望月線,20219,0,0.2,東御市大日向35（御八城大橋入口）,3319,東御市大日向35（御八城大橋入口）,3417,6736,1.27,0.72,30.1,22.2,10,40
20400400160,諏訪白樺湖小諸線,東部望月線,御牧原大日向線,20219,0,0,東御市大日向35（御八城大橋入口）,3319,東御市大日向35（御八城大橋入口）,3417,6736,1.27,0.72,33.3,33.2,10,40
20400400170,諏訪白樺湖小諸線,御牧原大日向線,東部望月線,20219,0,0.9,東御市大日向35（御八城大橋入口）,3319,東御市大日向35（御八城大橋入口）,3417,6736,1.27,0.72,36.9,29.8,10,40
20400400180,諏訪白樺湖小諸線,東部望月線,東御市・小諸市境,20219,0,3.1,東御市大日向35（御八城大橋入口）,3319,東御市大日向35（御八城大橋入口）,3417,6736,1.27,0.72,40.8,47.3,10,40
20400400190,諏訪白樺湖小諸線,東御市・小諸市境,立科小諸線,20208,0,1.6,北佐久郡立科町芦田431,834,北佐久郡立科町芦田431,802,1636,1.21,0.22,49.5,49.2,8,40
20400400200,諏訪白樺湖小諸線,立科小諸線,小諸市道,20208,0,2.7,北佐久郡立科町芦田431,834,北佐久郡立科町芦田431,802,1636,1.21,0.22,36.6,36,8,40
20601420060,諏訪白樺湖小諸線,小諸市道,八幡小諸線,20208,0,0.5,小諸市古城1-2-1,3915,小諸市古城1-2-1,3675,7590,1.21,0.75,27,27.9,12,40
20400400220,諏訪白樺湖小諸線,八幡小諸線,一般国道１４１号,20208,0,0.7,小諸市古城1-2-1,3915,小諸市古城1-2-1,3675,7590,1.21,0.69,27.7,20.6,12,40
20400400280,諏訪白樺湖小諸線,諏訪白樺湖小諸線,茅野停車場八子ヶ峰公園線,20324,0,1.5,,1162,,1234,2396,1.22,0.38,35.2,42.9,6.5,40
20400430010,下仁田軽井沢線,下仁田軽井沢線,松井田軽井沢線,20321,0,0.2,北佐久郡軽井沢町長倉成沢9-130,5724,北佐久郡軽井沢町長倉成沢9-130,5691,11415,1.31,0.43,37.2,33.7,36,50
20400430020,下仁田軽井沢線,松井田軽井沢線,一般国道１８号,20321,0,3.8,北佐久郡軽井沢町長倉成沢9-130,5724,北佐久郡軽井沢町長倉成沢9-130,5691,11415,1.31,0.43,50.7,49.1,36,50
20400430030,下仁田軽井沢線,一般国道１８号,一般国道１８号,20321,0,2.3,北佐久郡軽井沢町長倉成沢9-130,5724,北佐久郡軽井沢町長倉成沢9-130,5691,11415,1.31,0.43,37.8,39.7,36,50
20400440010,下仁田浅科線,下仁田浅科線,香坂中込線,20217,0,17.9,佐久市新子田692,1804,佐久市新子田692,1880,3684,1.23,0.53,35.5,33.3,7.5,40
20400440020,下仁田浅科線,香坂中込線,佐久軽井沢線,20217,0,1.2,佐久市新子田692,1804,佐久市新子田692,1880,3684,1.23,0.53,29.8,18.8,7.5,40
20400440030,下仁田浅科線,佐久軽井沢線,塩名田佐久線,20217,0,0.2,佐久市甲1821-1,7236,佐久市甲1821-1,7068,14304,1.32,1.48,15.6,10,7.5,40
20400440040,下仁田浅科線,塩名田佐久線,一般国道１４１号,20217,0,1,佐久市甲1821-1,7236,佐久市甲1821-1,7068,14304,1.32,1.48,20,16.5,7.5,40
20400440050,下仁田浅科線,一般国道１４１号,小諸中込線,20217,0,1.9,佐久市甲1821-1,7236,佐久市甲1821-1,7068,14304,1.32,1.48,18,23,7.5,40
20400440060,下仁田浅科線,小諸中込線,佐久市・小諸市境,20217,0,1.8,佐久市甲1821-1,7236,佐久市甲1821-1,7068,14304,1.32,1.48,38.2,38.4,7.5,40
20400440070,下仁田浅科線,佐久市・小諸市境,佐久小諸線,20208,0,0.4,佐久市甲1821-1,7236,佐久市甲1821-1,7068,14304,1.32,1.09,32.6,22.3,14.5,40
20400440080,下仁田浅科線,佐久小諸線,小諸市・佐久市境,20208,0,0.1,佐久市甲1821-1,7236,佐久市甲1821-1,7068,14304,1.32,1.09,12.3,27.6,14.5,40
20400440090,下仁田浅科線,小諸市・佐久市境,八幡小諸線,20217,0,1.8,佐久市甲1821-1,7236,佐久市甲1821-1,7068,14304,1.32,1.01,36.5,49.7,12,50
20400440100,下仁田浅科線,八幡小諸線,八幡小諸線,20217,0,0.5,佐久市甲1821-1,7236,佐久市甲1821-1,7068,14304,1.32,1.01,52.6,50.6,12,50
20400440110,下仁田浅科線,八幡小諸線,八幡小諸線,20217,0,0.7,佐久市甲1821-1,7236,佐久市甲1821-1,7068,14304,1.32,1.01,46.5,42,12,50
20400440120,下仁田浅科線,八幡小諸線,一般国道１４２号,20217,0,1.4,佐久市甲1821-1,7236,佐久市甲1821-1,7068,14304,1.32,1.01,48.9,34,12,50
20400450010,扇沢大町線,,一般国道１４８号,20212,0,14.8,大町市平1040-1,1730,大町市平1040-1,1739,3469,1.25,0.35,45.7,37.8,7.2,50
20400450020,扇沢大町線,一般国道１４８号,長野大町線,20212,0,0.3,大町市平1040-1,1730,大町市平1040-1,1739,3469,1.25,0.35,15.1,15.5,7.2,50
20400460010,阿南根羽線,一般国道１５１号,為栗和合線,20404,0,0.3,,274,,263,537,1.15,0.09,16.8,17.8,7,50
20400460020,阿南根羽線,為栗和合線,深沢阿南線,20404,0,0.3,,274,,263,537,1.15,1.06,18.2,29.2,4,60
20400460030,阿南根羽線,深沢阿南線,阿南町・売木村境,20404,0,8.3,,108,,86,194,1.35,0.85,18.2,29.2,4,60
20400460040,阿南根羽線,阿南町・売木村境,一般国道４１８号,20412,0,4.2,,108,,86,194,1.35,0.07,39.1,28.5,6.5,60
20400460055,阿南根羽線,一般国道４１８号,一般国道４１８号,20412,0,0.5,,369,,357,726,1.18,0.09,32.4,35.6,7,60
20400460060,阿南根羽線,一般国道４１８号,売木村・根羽村境,20412,0,7.5,,369,,357,726,1.18,0.09,44.5,44.7,7,60
20400460070,阿南根羽線,売木村・根羽村境,阿南根羽線,20410,0,8.3,,369,,357,726,1.18,0.09,46.4,44.1,7,60
20400460080,阿南根羽線,阿南根羽線,阿南根羽線,20410,0,1.1,,369,,357,726,1.18,0.09,50.9,55.6,7,60
20400460090,阿南根羽線,阿南根羽線,設楽根羽線,20410,0,1.4,,369,,357,726,1.18,0.09,39.3,50.1,7,60
20400460110,阿南根羽線,阿南根羽線,阿南根羽線,20410,0,1.9,,369,,357,726,1.18,0.09,,,7,60
20400480010,松本環状高家線,一般国道１９号,松本空港線,20202,0,2.9,松本市小屋南1－6－24,6254,松本市小屋南1－6－24,6887,13141,1.32,0.8,14,20.9,16,50
20400480020,松本環状高家線,松本空港線,松本市道,20202,0,0.4,松本市小屋南1－6－24,6254,松本市小屋南1－6－24,6887,13141,1.32,0.8,25.3,10.4,16,50
20400480030,松本環状高家線,松本市道,土合松本線,20202,0,0.3,松本市神林5961－1,8101,松本市神林5961－1,8365,16466,1.34,1.08,12.7,18.5,13,50
20400480040,松本環状高家線,土合松本線,新田松本線,20202,0,3.6,松本市神林5961－1,8101,松本市神林5961－1,8365,16466,1.34,1.08,23.6,22.3,13,50
20400480050,松本環状高家線,新田松本線,一般国道１５８号,20202,0,3,松本市和田67－4,7239,松本市和田67－4,7563,14802,1.34,0.95,26.5,18.8,13,50
20400480060,松本環状高家線,一般国道１５８号,大野田梓橋停車場線,20202,0,2,松本市梓川倭917－1,6695,松本市梓川倭917－1,7269,13964,1.32,0.97,14.1,23.1,10,50
20400480070,松本環状高家線,大野田梓橋停車場線,倭北松本停車場線,20202,0,1,松本市梓川倭3227,1889,松本市梓川倭3227,1542,3431,1.19,0.39,22.5,25.8,7.7,40
20400480080,松本環状高家線,倭北松本停車場線,松本市・安曇野市境,20202,0,1.8,松本市梓川倭3227,1889,松本市梓川倭3227,1542,3431,1.19,0.39,36.6,41.4,7.7,40
20400480090,松本環状高家線,松本市・安曇野市境,大野田梓橋停車場線,20220,0,0.6,,2128,,2446,4574,1.25,0.43,21.3,5.8,7.5,40
20301470240,松本環状高家線,大野田梓橋停車場線,安曇野市・松本市境,20220,0,0.1,,9236,,9828,19064,1.34,0.83,22.8,8.5,11.5,40
20301470245,松本環状高家線,安曇野市・松本市境,,20202,0,0.2,松本市島内,10819,松本市島内,10441,21260,1.36,1.31,20,7.4,11.5,40
20400480140,松本環状高家線,,長野自動車道,20202,0,1.7,,,,,,,,22.4,32.3,8.7,50
20400480150,松本環状高家線,長野自動車道,一般国道１４７号,20202,0,0.9,,,,,,,,44.1,26.4,8.7,50
20400490010,駒ケ根長谷線,一般国道１５３号,一般国道１５３号,20210,0,0.6,駒ヶ根市飯坂1丁目4-2,3036,駒ヶ根市飯坂1丁目4-2,2930,5966,1.27,0.81,15.2,17,12,40
20400490020,駒ケ根長谷線,一般国道１５３号,伊那生田飯田線,20210,0,3.3,駒ヶ根市飯坂1丁目4-2,3036,駒ヶ根市飯坂1丁目4-2,2930,5966,1.27,0.81,29.2,32.9,12,40
20400490030,駒ケ根長谷線,伊那生田飯田線,西伊那線,20210,0,2.8,駒ヶ根市中沢3692-5（新宮川岸交差点）,2449,駒ヶ根市中沢3692-5（新宮川岸交差点）,2317,4766,1.21,0.65,30.3,31.6,7,50
20400490040,駒ケ根長谷線,西伊那線,西伊那線,20210,0,2.9,駒ヶ根市中沢3692-5（新宮川岸交差点）,2449,駒ヶ根市中沢3692-5（新宮川岸交差点）,2317,4766,1.21,0.65,42.1,43.1,7,50
20400490050,駒ケ根長谷線,西伊那線,一般国道１５２号,20210,0,5.7,駒ヶ根市中沢3692-5（新宮川岸交差点）,2449,駒ヶ根市中沢3692-5（新宮川岸交差点）,2317,4766,1.21,0.65,34.9,25.1,7,50
20400500010,諏訪辰野線,一般国道２０号,諏訪辰野線,20206,0,1.6,諏訪市上川2507-3,5614,諏訪市上川2507-3,6556,12170,1.32,1.12,19.5,17.6,18,50
20400500020,諏訪辰野線,諏訪辰野線,諏訪湖四賀線,20206,0,1.3,,5250,,4765,10015,1.3,1.33,18.5,16.6,18.5,50
20400500030,諏訪辰野線,諏訪湖四賀線,岡谷茅野線,20206,0,2.5,諏訪市豊田2249,4661,諏訪市豊田2249,4595,9256,1.3,1.11,36.6,34.4,18.5,50
20400500050,諏訪辰野線,岡谷茅野線,岡谷茅野線,20206,0,0.2,諏訪市豊田2416-1,2942,諏訪市豊田2416-1,2602,5544,1.26,0.57,13,13.8,8.5,40
20400500060,諏訪辰野線,岡谷茅野線,諏訪箕輪線,20206,0,3.4,諏訪市豊田2416-1,2942,諏訪市豊田2416-1,2602,5544,1.26,0.53,39.3,41,9.25,40
20400500070,諏訪辰野線,諏訪箕輪線,諏訪市・辰野町境,20206,0,3.2,諏訪市豊田2416-1,2942,諏訪市豊田2416-1,2602,5544,1.26,0.53,51.7,53.1,9.25,40
20400500080,諏訪辰野線,諏訪市・辰野町境,下諏訪辰野線,20382,0,4.5,上伊那郡辰野町平出2770-1,2972,上伊那郡辰野町平出2770-1,2743,5715,1.27,0.59,47,36.6,10,40
20400500100,諏訪辰野線,一般国道２０号,諏訪辰野線,20206,0,1.3,,5249,,4764,10013,1.3,0.81,,19.2,6,40
20400510010,大町明科線,一般国道１４７号,大平大峰沓掛線,20212,0,5.5,大町市社4682-215,3721,大町市社4682-215,3764,7485,1.29,0.78,42.8,47.5,9.75,50
20400510020,大町明科線,大平大峰沓掛線,大町市・池田町境,20212,0,0.9,大町市社4682-215,3721,大町市社4682-215,3764,7485,1.29,0.78,40.5,39.3,9.75,50
20400510030,大町明科線,大町市・池田町境,宇留賀池田線,20481,0,1.5,大町市社4682-215,3721,大町市社4682-215,3764,7485,1.29,0.82,43.1,43.5,8.5,50
20400510040,大町明科線,宇留賀池田線,上生坂信濃松川停車場線,20481,0,0.7,大町市社4682-215,3721,大町市社4682-215,3764,7485,1.29,0.82,32.3,30.7,8.5,50
20400510050,大町明科線,上生坂信濃松川停車場線,上生坂信濃松川停車場線,20481,0,0.4,北安曇郡池田町大字池田4184-3,5025,北安曇郡池田町大字池田4184-3,4986,10011,1.3,0.71,16.2,20,8.5,50
20400510060,大町明科線,上生坂信濃松川停車場線,原木戸安曇追分停車場線,20481,0,4,北安曇郡池田町大字池田4184-3,5025,北安曇郡池田町大字池田4184-3,4986,10011,1.3,0.71,36.5,38.4,8.5,50
20400510070,大町明科線,原木戸安曇追分停車場線,池田町・安曇野市境,20481,0,1.9,北安曇郡池田町中鵜2793,3893,北安曇郡池田町中鵜2793,3635,7528,1.26,0.7,49.8,51.4,8.5,50
20400510080,大町明科線,池田町・安曇野市境,穂高明科線,20220,0,2,安曇野市明科七貴4677（押野交差点）,4926,安曇野市明科七貴4677（押野交差点）,4574,9500,1.3,0.71,48.7,43.2,10,40
20400510090,大町明科線,穂高明科線,穂高明科線,20220,0,0.7,安曇野市明科七貴4677（押野交差点）,7937,安曇野市明科七貴4677（押野交差点）,7811,15748,1.3,1.12,20.6,23.7,10,40
20400510100,大町明科線,穂高明科線,一般国道１９号,20220,0,0.7,安曇野市明科七貴4677（押野交差点）,7937,安曇野市明科七貴4677（押野交差点）,7811,15748,1.3,1.09,24.8,15.3,12.5,40
20400540010,須坂中野線,一般国道４０６号,大前須坂線,20207,0,0.2,,4183,,4027,8210,1.29,0.83,28,28.6,7.8,40
20400540020,須坂中野線,大前須坂線,須坂市・高山村境,20207,0,2.4,,4183,,4027,8210,1.29,0.84,28,28.6,6.5,40
20400540030,須坂中野線,須坂市・高山村境,大前須坂線,20543,0,1.9,上高井郡高山村大字高井563-2地先,2892,上高井郡高山村大字高井563-2地先,3062,5954,1.16,0.6,31.5,33.9,8,40
20400540040,須坂中野線,大前須坂線,相之島高山線,20543,0,1.4,,123,,134,257,1.08,0.03,31.5,33.9,10,40
20400540050,須坂中野線,相之島高山線,豊野南志賀公園線,20543,0,1,,123,,134,257,1.08,0.03,34.4,34.4,10,40
20400540060,須坂中野線,豊野南志賀公園線,,20543,0,1.4,,206,,210,416,1.13,0.13,14.4,38,5.5,40
20400540080,須坂中野線,,高山村・中野市境,20543,0,1.2,,,,,,,,,,1.5,30
20400540090,須坂中野線,高山村・中野市境,,20211,0,1.7,,,,,,,,,,3,60
20400540110,須坂中野線,,一般国道４０３号,20211,0,6.4,中野市三好町2,2840,中野市三好町2,2641,5481,1.26,0.48,28.9,28.9,8.5,40
20400550010,大町麻績インター千曲線,一般国道１４７号,美麻八坂線,20212,0,7,大町市社6540-2,996,大町市社6540-2,941,1937,1.21,0.23,39.7,42.2,7,40
20400550020,大町麻績インター千曲線,美麻八坂線,舟場矢下線,20212,0,0.7,大町市社6540-2,996,大町市社6540-2,941,1937,1.21,0.23,36.5,38.7,7,40
20400550030,大町麻績インター千曲線,舟場矢下線,大町市・生坂村境,20212,0,3.9,大町市社6540-2,996,大町市社6540-2,941,1937,1.21,0.23,36.3,38.5,7,40
20400550040,大町麻績インター千曲線,大町市・生坂村境,宇留賀池田線,20448,0,0.9,東筑摩郡生坂村16378,342,東筑摩郡生坂村16378,357,699,1.35,0.1,40.1,39.7,7,30
20400550050,大町麻績インター千曲線,宇留賀池田線,一般国道１９号,20448,0,1.7,東筑摩郡生坂村16378,342,東筑摩郡生坂村16378,357,699,1.35,0.1,43.4,41.4,7,30
20400550070,大町麻績インター千曲線,一般国道１９号,生坂村・筑北村境,20448,0,3.6,東筑摩郡筑北村坂北8067,481,東筑摩郡筑北村坂北8067,436,917,1.19,0.29,45.5,45.5,7,30
20400550080,大町麻績インター千曲線,生坂村・筑北村境,筑北村・麻績村境,20452,0,4,東筑摩郡筑北村坂北8067,481,東筑摩郡筑北村坂北8067,436,917,1.19,0.13,40.9,40.3,7,40
20400550090,大町麻績インター千曲線,筑北村・麻績村境,一般国道４０３号,20446,0,0.1,東筑摩郡筑北村坂北8067,481,東筑摩郡筑北村坂北8067,436,917,1.19,0.11,29.9,19.7,7,40
20400550110,大町麻績インター千曲線,丸子信州新線,聖高原杉崎線,20452,0,0.8,,694,,635,1329,1.22,0.28,24.6,27.5,8,40
20400550120,大町麻績インター千曲線,聖高原杉崎線,筑北村・千曲市境,20452,0,4.7,,694,,635,1329,1.22,0.28,49.2,52.2,8,40
20400550130,大町麻績インター千曲線,筑北村・千曲市境,長野上田線,20218,0,8.9,千曲市大字上山田1197,721,千曲市大字上山田1197,700,1421,1.22,0.13,42.6,41.3,9,50
20400550140,大町麻績インター千曲線,長野上田線,聖高原千曲線,20218,0,1,千曲市大字若宮2－イ（佐良志奈神社前交差点）,5506,千曲市大字若宮2－イ（佐良志奈神社前交差点）,5106,10612,1.3,1.4,16.2,23.4,14,50
20400550150,大町麻績インター千曲線,聖高原千曲線,長野上田線,20218,0,1.2,千曲市大字若宮2－イ（佐良志奈神社前交差点）,5506,千曲市大字若宮2－イ（佐良志奈神社前交差点）,5106,10612,1.3,1.4,28.9,28.8,14,50
20400550160,大町麻績インター千曲線,長野上田線,一般国道１８号,20218,0,0.9,千曲市大字若宮2－イ（佐良志奈神社前交差点）,3553,千曲市大字若宮2－イ（佐良志奈神社前交差点）,3482,7035,1.28,0.59,15,12.4,14,50
20400570010,安曇野インター堀金線,一般国道１４３号,一般国道１９号,20220,0,2.6,安曇野市豊科田沢4747,4853,安曇野市豊科田沢4747,4924,9777,1.3,1,34.9,25.3,9,40
20400570030,安曇野インター堀金線,一般国道１９号,長野自動車道,20220,0,1.5,,9228,,9969,19197,1.34,1.27,17.8,26.4,12,50
20400570040,安曇野インター堀金線,長野自動車道,梓橋田沢停車場線,20220,0,0.5,,9228,,9969,19197,1.34,1.27,14.6,17.5,12,50
20400570050,安曇野インター堀金線,梓橋田沢停車場線,一般国道１４７号,20220,0,2,安曇野市豊科南穂高613,7941,安曇野市豊科南穂高613,7841,15782,1.33,1.1,18.9,18.5,12,50
20400570060,安曇野インター堀金線,一般国道１４７号,中堀一日市場停車場線,20220,0,1.7,安曇野市堀金烏川3293,5571,安曇野市堀金烏川3293,5699,11270,1.3,0.96,30.8,39.9,12,50
20400570070,安曇野インター堀金線,中堀一日市場停車場線,塩尻鍋割穂高線,20220,0,3.7,安曇野市堀金烏川3293,5571,安曇野市堀金烏川3293,5699,11270,1.3,0.87,28.9,27.8,10,40
20400580010,長野須坂インター線,長野菅平線,一般国道１８号,20201,0,1.3,,9115,,9893,19008,1.34,0.89,21.3,12.7,25,50
20400580020,長野須坂インター線,一般国道１８号,大豆島東和田線,20201,0,1.3,長野市南長池581-1,12510,長野市南長池581-1,13424,25934,1.41,1,11,23.4,25,50
20400580030,長野須坂インター線,大豆島東和田線,三才大豆島中御所線,20201,0,1.3,長野市柳原,17752,長野市柳原,19128,36880,1.42,1.48,22.5,22.3,25,50
20400580040,長野須坂インター線,三才大豆島中御所線,長野市・須坂市境,20201,0,1.7,長野市柳原,17752,長野市柳原,19128,36880,1.42,1.48,22.7,28.9,25,50
20400580045,長野須坂インター線,長野市・須坂市境,村山綿内停車場線,20207,0,0.9,,19126,,20513,39639,1.42,0.9,58.5,43.9,25.6,50
20400580050,長野須坂インター線,村山綿内停車場線,一般国道４０３号,20207,0,0.6,須坂市大字井上750-1地先,16141,須坂市大字井上750-1地先,17056,33197,1.42,0.66,48.9,16.5,25.6,50
20400580070,長野須坂インター線,一般国道４０３号,一般国道４０６号,20207,0,5.7,須坂市大字八町2213-2地先,5073,須坂市大字八町2213-2地先,4620,9693,1.22,0.97,34.3,37.7,10,50
20400590010,松川インター大鹿線,中央自動車道西宮線,飯島飯田線,20402,0,0.3,下伊那郡松川町大島1184,2081,下伊那郡松川町大島1184,1864,3945,1.26,0.36,33.7,28.4,11.5,40
20400590020,松川インター大鹿線,飯島飯田線,一般国道１５３号,20402,0,3.2,下伊那郡松川町元大島1415-3,4255,下伊那郡松川町元大島1415-3,3925,8180,1.29,0.68,26.4,25,11.5,40
20400590030,松川インター大鹿線,一般国道１５３号,伊那生田飯田線,20402,0,1.3,下伊那郡松川町元大島1992-1,2497,下伊那郡松川町元大島1992-1,2191,4688,1.22,0.42,25.4,26.5,11.5,40
20400590050,松川インター大鹿線,伊那生田飯田線,西伊那線,20386,0,6.7,,896,,716,1612,1.21,0.14,39.6,35,7,40
20400590055,松川インター大鹿線,西伊那線,中川村道,20386,0,0.3,,896,,716,1612,1.21,0.14,36.2,33.1,7,40
20400590090,松川インター大鹿線,中川村道,中川村道,20386,0,1.2,,896,,716,1612,1.21,0.13,63.7,58,85,40
20400590100,松川インター大鹿線,中川村道,中川村・大鹿村境,20386,0,1,,896,,716,1612,1.21,0.13,50.9,57.1,85,40
20400590070,松川インター大鹿線,中川村・大鹿村境,松川大鹿線,20417,0,0.9,,896,,716,1612,1.21,0.13,41.2,39.1,8.5,60
20400600200,長野荒瀬原線,,長野豊野線,20201,0,2,長野市桐原1丁目26,6797,長野市桐原1丁目26,7245,14042,1.32,1.4,25.9,25.1,16.6,40
20400600210,長野荒瀬原線,長野豊野線,北長野停車場線,20201,0,1,長野市桐原1丁目26,6797,長野市桐原1丁目26,7245,14042,1.32,1.4,14.3,42.9,16.6,40
20400600220,長野荒瀬原線,北長野停車場線,長野豊野線,20201,0,0.9,長野市桐原1丁目26,6797,長野市桐原1丁目26,7245,14042,1.32,1.4,25.9,26.7,16.6,40
20400600160,長野荒瀬原線,長野豊野線,長野市道,20201,0,2,,7385,,7254,14639,1.32,1.21,27.2,30.6,16,40
20400600060,長野荒瀬原線,長野市道,長野市・飯綱町境,20201,0,4.1,長野市吉765,7545,長野市吉765,7174,14719,1.33,1.2,33.9,30.9,12,40
20400600070,長野荒瀬原線,長野市・飯綱町境,飯綱町・長野市境,20590,0,0.2,長野市吉765,7545,長野市吉765,7174,14719,1.33,1.14,51.9,47.3,10,40
20400600080,長野荒瀬原線,飯綱町・長野市境,長野市・飯綱町境,20201,0,0.2,長野市吉765,7545,長野市吉765,7174,14719,1.33,1.07,49.4,47,8.5,40
20400600090,長野荒瀬原線,長野市・飯綱町境,飯綱町道,20590,0,2.6,長野市吉765,7545,長野市吉765,7174,14719,1.33,1.24,46,42.9,10,40
20400600180,長野荒瀬原線,飯綱町道,飯綱町道,20590,0,1.7,長野市吉765,7545,長野市吉765,7174,14719,1.33,1.24,49.9,49.8,10,40
20400600100,長野荒瀬原線,飯綱町道,野村上牟礼停車場線,20590,0,0.1,上水内郡飯綱町牟礼512,671,上水内郡飯綱町牟礼512,956,1627,1.22,0.2,38.7,41.4,10,40
20400600110,長野荒瀬原線,野村上牟礼停車場線,野村上牟礼停車場線,20590,0,0.5,上水内郡飯綱町牟礼512,671,上水内郡飯綱町牟礼512,956,1627,1.22,0.2,25.3,29.4,10,40
20400600120,長野荒瀬原線,野村上牟礼停車場線,一般国道１８号,20590,0,0.2,上水内郡飯綱町牟礼512,671,上水内郡飯綱町牟礼512,956,1627,1.22,0.2,11.2,8.6,10,40
20400600130,長野荒瀬原線,一般国道１８号,飯綱町・信濃町境,20590,0,6.6,上水内郡飯綱町芋川322,978,上水内郡飯綱町芋川322,905,1883,1.21,0.23,41.9,46.2,10,40
20400600140,長野荒瀬原線,飯綱町・信濃町境,飯山妙高高原線,20583,0,0.9,上水内郡飯綱町芋川322,978,上水内郡飯綱町芋川322,905,1883,1.21,0.29,42,46.1,6.75,40
20400620010,美ケ原公園沖線,美ケ原公園線,松本市・上田市境,20202,0,1.4,,280,,345,625,1.35,0.15,21.2,24.2,7,40
20400620020,美ケ原公園沖線,松本市・上田市境,上田市・松本市境,20203,0,1.8,上田市武石上本入1710-1,445,上田市武石上本入1710-1,463,908,1.19,0.26,34.1,27.9,7,40
20400620030,美ケ原公園沖線,上田市・松本市境,松本市・上田市境,20202,0,0.6,,280,,345,625,1.35,0.06,41.3,26.1,7,40
20400620040,美ケ原公園沖線,松本市・上田市境,上田市・松本市境,20203,0,0.3,上田市武石上本入1710-1,445,上田市武石上本入1710-1,463,908,1.19,0.11,37.3,39.1,7,40
20400620050,美ケ原公園沖線,上田市・松本市境,松本市・上田市境,20202,0,1.9,,280,,345,625,1.35,0.07,31.8,29.8,5.7,40
20400620060,美ケ原公園沖線,松本市・上田市境,上田市・松本市境,20203,0,0.3,上田市武石上本入1710-1,445,上田市武石上本入1710-1,463,908,1.19,0.08,30.6,30.9,6.5,40
20400620070,美ケ原公園沖線,上田市・松本市境,松本市・上田市境,20202,0,0.1,,280,,345,625,1.35,0.38,19.3,16.2,5.5,40
20400620080,美ケ原公園沖線,松本市・上田市境,上田市・松本市境,20203,0,0.3,上田市武石上本入1710-1,445,上田市武石上本入1710-1,463,908,1.19,0.26,29.2,31.5,7,40
20400620090,美ケ原公園沖線,上田市・松本市境,松本市・上田市境,20202,0,0.3,,280,,345,625,1.35,0.2,25,25.9,7,40
20400620100,美ケ原公園沖線,松本市・上田市境,上田市・松本市境,20203,0,0,上田市武石上本入1710-1,445,上田市武石上本入1710-1,463,908,1.19,0.83,35.2,27.8,4.5,50
20400620110,美ケ原公園沖線,上田市・松本市境,松本市・上田市境,20202,0,0.2,,280,,345,625,1.35,0.15,31.4,31.4,6.5,40
20400620120,美ケ原公園沖線,松本市・上田市境,美ケ原公園西内線,20203,0,0.6,上田市武石上本入1710-1,445,上田市武石上本入1710-1,463,908,1.19,0.11,35.1,33.4,10,50
20400620130,美ケ原公園沖線,美ケ原公園西内線,美ケ原公園西内線,20203,0,9.2,上田市武石上本入1710-1,445,上田市武石上本入1710-1,463,908,1.19,0.11,31.9,35.2,10,50
20400620140,美ケ原公園沖線,美ケ原公園西内線,一般国道１５２号,20203,0,12.2,上田市武石上本入1710-1,445,上田市武石上本入1710-1,463,908,1.19,0.11,47.7,51.2,10,50
20400630010,松本塩尻線,一般国道１４３号,兎川寺鎌田線,20202,0,1.7,松本市神田1丁目747-2,5444,松本市神田1丁目747-2,5975,11419,1.31,0.33,14.7,13.3,22,40
20400630020,松本塩尻線,兎川寺鎌田線,兎川寺鎌田線,20202,0,0.3,松本市神田1丁目747-2,5444,松本市神田1丁目747-2,5975,11419,1.31,0.33,22.9,15.8,22,40
20400630030,松本塩尻線,兎川寺鎌田線,町村白川村井停車場線,20202,0,3.8,,5545,,5140,10685,1.3,1.06,24.6,29.2,9,40
20400630040,松本塩尻線,町村白川村井停車場線,,20202,0,0.8,,5545,,5140,10685,1.3,1.06,41.6,42.3,9,40
20400630050,松本塩尻線,,寺村南松本停車場線,20202,0,4.2,,5545,,5140,10685,1.3,1.06,45.6,45.9,9,40
20400630060,松本塩尻線,寺村南松本停車場線,松本市・塩尻市境,20202,0,0.1,塩尻市片丘,3247,塩尻市片丘,3101,6348,1.2,0.82,48.3,46.8,9,40
20400630070,松本塩尻線,松本市・塩尻市境,南原広丘停車場線,20215,0,1.3,塩尻市片丘,3247,塩尻市片丘,3101,6348,1.2,0.83,44.4,35.8,9,40
20400630080,松本塩尻線,南原広丘停車場線,新茶屋塩尻線,20215,0,1.7,塩尻市片丘,3247,塩尻市片丘,3101,6348,1.2,0.83,38.3,39.8,9,40
20400630090,松本塩尻線,新茶屋塩尻線,一般国道２０号,20215,0,2.1,塩尻市片丘,3247,塩尻市片丘,3101,6348,1.2,0.83,34.4,23.2,9,40
20400630100,松本塩尻線,一般国道２０号,一般国道１５３号,20215,0,0.7,塩尻市片丘,3247,塩尻市片丘,3101,6348,1.2,0.83,25,17.7,9,40
20400640010,天竜公園阿智線,飯田富山佐久間線,泰阜村・下條村境,20414,0,3.6,下伊那郡下條村睦沢33,217,下伊那郡下條村睦沢33,233,450,1.13,0.3,30.4,31.7,5.5,40
20400640020,天竜公園阿智線,泰阜村・下條村境,一般国道１５１号,20411,0,1.9,下伊那郡下條村睦沢33,217,下伊那郡下條村睦沢33,233,450,1.13,0.06,46.3,42.2,7.5,40
20400640040,天竜公園阿智線,一般国道１５１号,親田中村線,20411,0,1.8,下伊那郡阿智村伍和297-5,1662,下伊那郡阿智村伍和297-5,1689,3351,1.22,0.42,34,40.2,7.5,40
20400640050,天竜公園阿智線,親田中村線,下條村・阿智村境,20411,0,1.4,下伊那郡阿智村伍和297-5,1662,下伊那郡阿智村伍和297-5,1689,3351,1.22,0.41,45.8,42.6,10,40
20400640060,天竜公園阿智線,下條村・阿智村境,阿智村道,20407,0,1.3,下伊那郡阿智村伍和297-5,1662,下伊那郡阿智村伍和297-5,1689,3351,1.22,0.42,59.8,57.3,8,50
20400640070,天竜公園阿智線,阿智村道,阿智村道,20407,0,5,下伊那郡阿智村伍和297-5,1662,下伊那郡阿智村伍和297-5,1689,3351,1.22,0.41,53.5,54.4,11.5,50
20400640140,天竜公園阿智線,阿智村道,阿智村道,20407,0,0.3,下伊那郡阿智村伍和297-5,1662,下伊那郡阿智村伍和297-5,1689,3351,1.22,0.42,45.7,50.3,11,50
20400640090,天竜公園阿智線,阿智村道,田中乱橋線,20407,0,4.2,下伊那郡阿智村伍和297-5,1662,下伊那郡阿智村伍和297-5,1689,3351,1.22,0.41,49.2,44.5,11.5,50
20400640100,天竜公園阿智線,田中乱橋線,一般国道１５３号,20407,0,0.6,下伊那郡阿智村春日3220,1704,下伊那郡阿智村春日3220,2095,3799,1.22,0.44,27.9,22.7,11.5,50
20400650010,上田丸子線,一般国道１８号,長野上田線,20203,0,1.7,上田市中之条583-1,9161,上田市中之条583-1,8205,17366,1.33,1.47,19.3,19.5,16,40
20400650020,上田丸子線,長野上田線,長野上田線,20203,0,0.5,上田市中之条390-2,6804,上田市中之条390-2,5924,12728,1.31,0.98,17,15.7,16,40
20301430260,上田丸子線,上田市道,一般国道１４３号,20203,0,1.9,上田市上田原857-1,7424,上田市上田原857-1,7045,14469,1.32,1.05,20.3,19.3,8,40
20400650120,上田丸子線,一般国道１４３号,鹿教湯別所上田線,20203,0,1.6,上田市小島池下239（下小島交差点）,9821,上田市小島池下239（下小島交差点）,9070,18891,1.34,0.53,23,21.6,27,60
20400650130,上田丸子線,鹿教湯別所上田線,上田市道,20203,0,1.1,上田市小島池下239（下小島交差点）,8662,上田市小島池下239（下小島交差点）,8104,16766,1.33,1.05,15.5,14.9,14.5,60
20400650140,上田丸子線,上田市道,上田市道,20203,0,0.5,上田市小島池下239（下小島交差点）,8662,上田市小島池下239（下小島交差点）,8104,16766,1.33,1.05,18.9,10.8,14.5,60
20400650060,上田丸子線,上田市道,塩田仁古田線,20203,0,0.9,上田市古安曽1133（鈴子交差点）,5742,上田市古安曽1133（鈴子交差点）,6440,12182,1.3,1.67,32.1,31.3,8,40
20400650070,上田丸子線,塩田仁古田線,別所丸子線,20203,0,1.6,上田市古安曽1133（鈴子交差点）,5742,上田市古安曽1133（鈴子交差点）,6440,12182,1.3,1.67,40.8,36.8,8,40
20400650080,上田丸子線,別所丸子線,別所丸子線,20203,0,0.2,上田市古安曽1133（鈴子交差点）,7269,上田市古安曽1133（鈴子交差点）,7710,14979,1.3,1.9,33.4,34.9,8,40
20400650090,上田丸子線,別所丸子線,,20203,0,2.4,上田市古安曽965,4893,上田市古安曽965,4931,9824,1.23,1.19,40.8,41.4,8,40
20400650100,上田丸子線,,一般国道２５４号,20203,0,1.8,上田市東内2978（荻窪交差点）,3997,上田市東内2978（荻窪交差点）,4120,8117,1.22,1.14,53.7,52.2,7,40
20400660010,豊野南志賀公園線,長野豊野線,一般国道１８号,20201,0,0.7,長野市豊野896,1351,長野市豊野896,1224,2575,1.22,0.35,17.5,14.4,9.5,40
20400660020,豊野南志賀公園線,一般国道１８号,長野市・小布施町境,20201,0,0.4,長野市豊野町浅野1671-1,6746,長野市豊野町浅野1671-1,6645,13391,1.32,1.29,9.8,16.3,9.5,40
20400660030,豊野南志賀公園線,長野市・小布施町境,村山小布施停車場線,20541,0,1.2,上高井郡小布施町大字小布施2750地先,6385,上高井郡小布施町大字小布施2750地先,6296,12681,1.25,1.35,36.5,12.4,7.3,40
20400660040,豊野南志賀公園線,村山小布施停車場線,村山小布施停車場線,20541,0,0.3,上高井郡小布施町大字山王島48-1地先,6509,上高井郡小布施町大字山王島48-1地先,7297,13806,1.3,1.21,9.8,24.5,11.5,50
20400660050,豊野南志賀公園線,村山小布施停車場線,一般国道４０３号,20541,0,1.9,上高井郡小布施町大字福原216-1地先,2999,上高井郡小布施町大字福原216-1地先,3017,6016,1.25,0.57,23.5,33,12,50
20400660070,豊野南志賀公園線,一般国道４０３号,須坂市・高山村境,20207,0,1.8,,956,,887,1843,1.21,0.28,31.4,30.8,12,40
20400660080,豊野南志賀公園線,須坂市・高山村境,須坂中野線,20543,0,3.5,上高井郡高山村大字中山4324-1地先,879,上高井郡高山村大字中山4324-1地先,868,1747,1.22,0.2,31.4,30.8,9.5,40
20400660090,豊野南志賀公園線,須坂中野線,宮村湯田中停車場線,20543,0,3,,1112,,1047,2159,1.21,0.21,46,42.4,8,40
20400660100,豊野南志賀公園線,宮村湯田中停車場線,山田温泉線,20543,0,2.8,,914,,850,1764,1.21,0.25,32.4,33.9,6.5,40
20400660110,豊野南志賀公園線,山田温泉線,高山村・山ノ内町境,20543,0,14.9,上高井郡高山村大字奥山田3520地先,556,上高井郡高山村大字奥山田3520地先,564,1120,1.22,0.12,32.4,33.9,8,40
20400660120,豊野南志賀公園線,高山村・山ノ内町境,一般国道２９２号,20561,0,4,,1098,,1186,2284,1.22,1.01,23.7,35.1,5,40
20400670010,松本和田線,一般国道１４３号,惣社岡田線,20202,0,1.4,松本市清水1－8－9,8375,松本市清水1－8－9,6392,14767,1.32,1.2,11,11.8,6.5,40
20400670020,松本和田線,惣社岡田線,湯の原荒町線,20202,0,0.9,松本市清水1－8－9,8375,松本市清水1－8－9,6392,14767,1.32,1.2,22.8,30.6,6.5,40
20400670030,松本和田線,湯の原荒町線,兎川寺鎌田線,20202,0,0.3,松本市清水1－8－9,8375,松本市清水1－8－9,6392,14767,1.32,1.2,31.5,20.5,6.5,40
20400670040,松本和田線,兎川寺鎌田線,美ケ原公園線,20202,0,4.8,,1252,,1046,2298,1.22,0.27,35.9,37,7,40
20400670050,松本和田線,美ケ原公園線,松本市・長和町境,20202,0,13.1,松本市入山辺5347－5,627,松本市入山辺5347－5,594,1221,1.22,0.18,30.5,30.5,7,40
20400670060,松本和田線,松本市・長和町境,美ケ原公園東餅屋線,20350,0,0.5,,120,,88,208,1.04,0.03,25.4,24.5,7.5,40
20400670070,松本和田線,美ケ原公園東餅屋線,美ケ原公園東餅屋線,20350,0,0.7,,35,,30,65,1.35,0.01,36.6,36.7,7,40
20400670080,松本和田線,美ケ原公園東餅屋線,一般国道１４２号,20350,0,8.8,,35,,30,65,1.35,0.01,36.6,36.7,7,40
20400680010,梓山海ノ口線,,川上佐久線,20304,0,9.7,南佐久郡川上村大深山633-1,2625,南佐久郡川上村大深山633-1,2774,5399,1.25,0.51,49,46,7,40
20400680020,梓山海ノ口線,川上佐久線,川上村・南牧村境,20304,0,5.9,南佐久郡川上村大深山633-1,2625,南佐久郡川上村大深山633-1,2774,5399,1.25,0.51,38.8,40.4,7,40
20400680030,梓山海ノ口線,川上村・南牧村境,一般国道１４１号,20305,0,5.9,南佐久郡川上村大深山633-1,2625,南佐久郡川上村大深山633-1,2774,5399,1.25,0.82,30.8,37.2,6,40
20400700010,長野信州新線,長野上田線,清野篠ノ井停車場線,20201,0,0.2,,3340,,2911,6251,1.27,0.51,7.5,11,16,40
20400700020,長野信州新線,清野篠ノ井停車場線,長野市道,20201,0,1.2,長野市篠ノ井二ツ柳597,7400,長野市篠ノ井二ツ柳597,7240,14640,1.32,1.34,19.8,22.7,16,40
20400700040,長野信州新線,長野市道,川口田野口篠ノ井線,20201,0,1.9,長野市信更町田野口1140,1429,長野市信更町田野口1140,1345,2774,1.22,0.31,46.1,43.2,12,50
20400700050,長野信州新線,川口田野口篠ノ井線,川口田野口篠ノ井線,20201,0,2.1,長野市信更町田野口1140,1429,長野市信更町田野口1140,1345,2774,1.22,0.31,40.7,39.9,12,50
20400700060,長野信州新線,川口田野口篠ノ井線,一般国道１９号,20201,0,5.4,長野市信更町田野口1140,1429,長野市信更町田野口1140,1345,2774,1.22,0.31,39.8,42.7,12,50
20400700080,長野信州新線,長野市道,川口田野口篠ノ井線,20201,0,2.6,,,,,,,,36.3,36.9,12,40
20400700090,長野信州新線,川口田野口篠ノ井線,川口田野口篠ノ井線,20201,0,0.4,長野市篠ノ井塩崎4364,1676,長野市篠ノ井塩崎4364,1683,3359,1.22,0.5,32.6,34.7,10.5,40
20400700100,長野信州新線,川口田野口篠ノ井線,長野市道,20201,0,0.7,長野市篠ノ井塩崎4364,1676,長野市篠ノ井塩崎4364,1683,3359,1.22,0.5,47.5,50.4,10.5,40
20400740010,阿南東栄線,一般国道１５１号,阿南東栄線,20404,0,0.1,,162,,145,307,1.11,0.05,21.7,40.2,7,60
20301510240,阿南東栄線,一般国道１５１号,阿南町道,20404,0,0.3,,465,,491,956,1.19,0.16,27.8,30.8,7.3,60
20604470005,阿南東栄線,阿南町道,大平山松葉線,20404,0,0.4,下伊那郡売木村2650-98,458,下伊那郡売木村2650-98,457,915,1.35,0.2,22.5,31,5,60
20301510290,阿南東栄線,,一般国道１５１号,20404,0,0.1,,,,,,,,21.4,21,7,50
20400750010,駒ケ根駒ケ岳公園線,,一般国道１５３号,20210,0,0.2,駒ヶ根市上穂栄町4-3（広小路仲町交差点）,998,駒ヶ根市上穂栄町4-3（広小路仲町交差点）,924,1922,1.22,0.17,15.4,11,16,40
20400750030,駒ケ根駒ケ岳公園線,一般国道１５３号,中央自動車道西宮線,20210,0,2.1,駒ヶ根市赤穂950,5252,駒ヶ根市赤穂950,5177,10429,1.31,0.74,23.9,21.8,12,50
20400750040,駒ケ根駒ケ岳公園線,中央自動車道西宮線,駒ヶ根市・宮田村境,20210,0,2.6,駒ヶ根市赤穂497-1302,1867,駒ヶ根市赤穂497-1302,1753,3620,1.24,0.32,38.6,40.7,12,50
20400750050,駒ケ根駒ケ岳公園線,駒ヶ根市・宮田村境,宮田村・駒ヶ根市境,20388,0,4.2,,137,,131,268,1.08,0.84,21.4,23.1,4.8,60
20400750060,駒ケ根駒ケ岳公園線,宮田村・駒ヶ根市境,駒ヶ根市・宮田村境,20210,0,1.7,,137,,131,268,1.08,0.59,26.5,26.5,4,60
20400750070,駒ケ根駒ケ岳公園線,駒ヶ根市・宮田村境,,20388,0,4.4,,137,,131,268,1.08,0.34,23.4,23.4,4.5,60
20400760010,長野戸隠線,一般国道４０６号,飯綱高原芋井線,20201,0,4.9,,127,,120,247,1.08,0.13,33.6,32.3,4.8,40
20400760020,長野戸隠線,飯綱高原芋井線,入山小市線,20201,0,5.4,,127,,120,247,1.08,0.13,32.4,45.1,4.8,40
20400760030,長野戸隠線,入山小市線,栃原北郷信濃線,20201,0,2.5,,127,,120,247,1.08,0.13,32.9,31.7,4.8,40
20400760040,長野戸隠線,栃原北郷信濃線,戸隠篠ノ井線,20201,0,2.2,,127,,120,247,1.08,0.03,39.2,46.8,6.5,40
20400760050,長野戸隠線,戸隠篠ノ井線,戸隠高原浅川線,20201,0,2.6,長野市戸隠2280,1243,長野市戸隠2280,1232,2475,1.23,0.26,37,41.2,6.5,40
20400760060,長野戸隠線,戸隠高原浅川線,信濃信州新線,20201,0,0.4,長野市戸隠2280,1243,長野市戸隠2280,1232,2475,1.23,0.26,35.1,35.5,6.5,40
20400770010,長野上田線,一般国道１１７号,関崎川中島停車場線,20201,0,1,長野市稲里町中氷鉋1丁目1-9（中氷鉋交差点）,9350,長野市稲里町中氷鉋1丁目1-9（中氷鉋交差点）,9383,18733,1.34,1.11,13.4,16.5,10,50
20400770020,長野上田線,関崎川中島停車場線,一般国道１９号,20201,0,1.1,長野市稲里町中氷鉋1丁目1-9（中氷鉋交差点）,9350,長野市稲里町中氷鉋1丁目1-9（中氷鉋交差点）,9383,18733,1.34,1.11,32.8,19.1,10,50
20400770030,長野上田線,一般国道１９号,川合川中島線,20201,0,1.9,長野市川中島町原764-4（茶臼山公園入口交差点）,9650,長野市川中島町原764-4（茶臼山公園入口交差点）,9026,18676,1.35,1.23,17.9,20.4,10,50
20400770040,長野上田線,川合川中島線,戸隠篠ノ井線,20201,0,0.9,長野市川中島町原764-4（茶臼山公園入口交差点）,9650,長野市川中島町原764-4（茶臼山公園入口交差点）,9026,18676,1.35,1.23,22.3,21.5,10,50
20400770050,長野上田線,戸隠篠ノ井線,松代篠ノ井線,20201,0,0.7,長野市篠ノ井会5-12（篠ノ井駅入口交差点）,9672,長野市篠ノ井会5-12（篠ノ井駅入口交差点）,9162,18834,1.34,1.16,13.4,16.5,10,50
20400770060,長野上田線,松代篠ノ井線,長野信州新線,20201,0,1,長野市篠ノ井御幣川597-1（御幣川交差点）,7153,長野市篠ノ井御幣川597-1（御幣川交差点）,8167,15320,1.33,1.09,15.8,18.3,10,50
20400770070,長野上田線,長野信州新線,長野市道,20201,0,0.6,長野市篠ノ井御幣川597-1（御幣川交差点）,7153,長野市篠ノ井御幣川597-1（御幣川交差点）,8167,15320,1.33,1.09,23.7,17.2,10,50
20400770090,長野上田線,長野市道,長野市・千曲市境,20201,0,0.2,長野市篠ノ井塩崎130-1,4875,長野市篠ノ井塩崎130-1,5413,10288,1.3,1.05,19,16,6,40
20400770100,長野上田線,長野市・千曲市境,一般国道４０３号,20218,0,0.7,千曲市大字稲荷山505-1,2107,千曲市大字稲荷山505-1,2518,4625,1.24,0.44,28.4,18.9,9,40
20400770150,長野上田線,一般国道４０３号,姨捨停車場線,20218,0,2.3,千曲市大字八幡3804,3360,千曲市大字八幡3804,3222,6582,1.27,0.73,29.8,35.7,9.5,50
20400770160,長野上田線,姨捨停車場線,一般国道１８号,20218,0,0.6,千曲市大字八幡3804,3327,千曲市大字八幡3804,3338,6665,1.27,0.92,26.2,27.1,9.5,50
20400770170,長野上田線,一般国道１８号,内川姨捨停車場線,20218,0,2.1,千曲市大字須坂89,3824,千曲市大字須坂89,3874,7698,1.28,0.72,41,44.4,9.5,50
20400770180,長野上田線,内川姨捨停車場線,内川姨捨停車場線,20218,0,0.3,千曲市大字須坂89,4374,千曲市大字須坂89,4366,8740,1.29,0.75,32,24.9,9.5,50
20400770190,長野上田線,内川姨捨停車場線,大町麻績インター千曲線,20218,0,2.1,千曲市大字若宮2－イ（佐良志奈神社前交差点）,4901,千曲市大字若宮2－イ（佐良志奈神社前交差点）,5203,10104,1.3,1.05,36.7,28.3,9.5,50
20400770210,長野上田線,大町麻績インター千曲線,新田坂城停車場線,20218,0,1,千曲市大字上山田361,5830,千曲市大字上山田361,6008,11838,1.3,0.74,25.6,26.2,8,50
20400770220,長野上田線,新田坂城停車場線,千曲市・坂城町境,20218,0,1,千曲市大字上山田361,5145,千曲市大字上山田361,5273,10418,1.3,0.85,43.3,35.1,16,50
20400770230,長野上田線,千曲市・坂城町境,坂城町道,20521,0,0.6,千曲市大字上山田361,5145,千曲市大字上山田361,5273,10418,1.3,0.97,40.2,25.1,10,50
20400770240,長野上田線,坂城町道,上室賀坂城停車場線,20521,0,0.6,埴科郡坂城町大字上五明640-1,6098,埴科郡坂城町大字上五明640-1,5822,11920,1.3,1.02,29.7,14.8,9.5,40
20400770250,長野上田線,上室賀坂城停車場線,坂城町・上田市境,20521,0,3.5,埴科郡坂城町大字上五明640-1,5154,埴科郡坂城町大字上五明640-1,5831,10985,1.3,0.76,28.8,38.1,9.5,40
20400770260,長野上田線,坂城町・上田市境,一般国道１８号,20203,0,0.6,上田市下之条1015,2580,上田市下之条1015,2861,5441,1.26,0.52,28.8,38.1,9.25,40
20400770280,長野上田線,一般国道１４３号,上田丸子線,20203,0,2,上田市下之条1015,2580,上田市下之条1015,2861,5441,1.26,0.52,29.7,29.7,9.25,40
20400770300,長野上田線,上田丸子線,上田丸子線,20203,0,0.9,,6507,,5870,12377,1.31,1.43,16,16.2,9.5,40
20400770310,長野上田線,上田丸子線,一般国道１４１号,20203,0,1.4,上田市諏訪形1098,8056,上田市諏訪形1098,8345,16401,1.31,1.61,12.9,12.2,9.5,40
20400770120,長野上田線,長野上田線,一般国道１８号,20201,0,0.3,長野市篠ノ井塩崎8413,2977,長野市篠ノ井塩崎8413,3270,6247,1.24,0.69,12.2,18.5,12,50
20400770130,長野上田線,一般国道１８号,長野市道,20201,0,4,長野市篠ノ井塩崎8413,2977,長野市篠ノ井塩崎8413,3270,6247,1.24,0.69,43.4,37.9,12,50
20400780010,佐久小諸線,一般国道１４２号,上原猿久保線,20217,0,1.7,佐久市伴野1965（佐久橋南）,1458,佐久市伴野1965（佐久橋南）,1392,2850,1.23,0.32,26.8,30.8,12,50
20400780020,佐久小諸線,上原猿久保線,,20217,0,0.9,佐久市伴野1965（佐久橋南）,1458,佐久市伴野1965（佐久橋南）,1392,2850,1.23,0.32,28.7,34.9,12,50
20400780025,佐久小諸線,,塩名田佐久線,20217,0,0.4,佐久市塩名田,1988,佐久市塩名田,1922,3910,1.19,0.52,32.5,33.4,12,50
20400780030,佐久小諸線,塩名田佐久線,佐久市道,20217,0,1,佐久市塩名田,1988,佐久市塩名田,1922,3910,1.19,0.52,35,39.5,12,50
20400780040,佐久小諸線,佐久市道,佐久市・小諸市境,20217,0,0.5,佐久市塩名田,1988,佐久市塩名田,1922,3910,1.19,0.52,32.4,41.4,12,50
20400780050,佐久小諸線,佐久市・小諸市境,下仁田浅科線,20208,0,0.3,佐久市塩名田,1988,佐久市塩名田,1922,3910,1.19,0.52,25.9,16.6,10.25,40
20400780060,佐久小諸線,下仁田浅科線,耳取三岡停車場線,20208,0,2,,4900,,5037,9937,1.3,1.09,26.1,35.4,10.25,40
20400780070,佐久小諸線,耳取三岡停車場線,一般国道１４１号,20208,0,3.1,,4900,,5037,9937,1.3,1.09,36.6,31.1,10.25,40
20400790010,小諸上田線,一般国道１４１号,一般国道１８号,20208,0,0.4,小諸市滝原1693-1,8805,小諸市滝原1693-1,8882,17687,1.28,1.49,18.8,15.5,14,50
20400790020,小諸上田線,一般国道１８号,上信越自動車道,20208,0,1.4,小諸市滝原1693-1,8805,小諸市滝原1693-1,8882,17687,1.28,1.49,30.3,32.6,14,50
20400790030,小諸上田線,上信越自動車道,小諸軽井沢線,20208,0,1,小諸市滝原1693-1,8805,小諸市滝原1693-1,8882,17687,1.28,1.49,38.4,19.1,14,50
20400790040,小諸上田線,小諸軽井沢線,小諸市・東御市境,20208,0,1.9,小諸市滝原1693-1,8805,小諸市滝原1693-1,8882,17687,1.28,1.49,24.1,39.1,14,50
20400790050,小諸上田線,小諸市・東御市境,東御嬬恋線,20219,0,1.5,,8184,,7574,15758,1.28,1.3,38,37.7,14,50
20400790060,小諸上田線,東御嬬恋線,真田東部線,20219,0,1.2,東御市鞍掛385-1(鞍掛交差点),8416,東御市鞍掛385-1(鞍掛交差点),8522,16938,1.33,1.07,32.3,23.1,14,50
20400790070,小諸上田線,真田東部線,丸子東部インター線,20219,0,0.7,東御市鞍掛385-1(鞍掛交差点),8228,東御市鞍掛385-1(鞍掛交差点),8215,16443,1.33,1.06,21.8,13.9,14,50
20400790080,小諸上田線,丸子東部インター線,大屋停車場田沢線,20219,0,3.3,東御市和7388-1,8837,東御市和7388-1,8824,17661,1.34,1.17,25.5,35,14,50
20400790090,小諸上田線,大屋停車場田沢線,東御市・上田市境,20219,0,1,東御市和,2164,東御市和,2200,4364,1.18,0.46,19.2,23.7,15.25,50
20400790100,小諸上田線,東御市・上田市境,下原大屋停車場線,20203,0,1.1,上田市芳田1578-1（豊里郵便局前交差点）,2566,上田市芳田1578-1（豊里郵便局前交差点）,2505,5071,1.25,0.47,25.1,25.7,16,40
20400790110,小諸上田線,下原大屋停車場線,一般国道１８号,20203,0,2.7,上田市芳田1578-1（豊里郵便局前交差点）,5242,上田市芳田1578-1（豊里郵便局前交差点）,5098,10340,1.3,0.81,29,26.8,16,40
20400790120,小諸上田線,一般国道１８号,一般国道１８号,20203,0,0.9,上田市古里1622-2,4483,上田市古里1622-2,4862,9345,1.19,0.87,27.2,18.5,16,40
20400790124,小諸上田線,一般国道１８号,上田市道,20203,0,0.8,上田市古里1622-2,4483,上田市古里1622-2,4862,9345,1.19,0.87,11,17.7,16,40
20400790150,小諸上田線,上田市道,一般国道１４１号,20203,0,0,上田市古里1622-2,4483,上田市古里1622-2,4862,9345,1.19,0.87,11,17.7,16,40
20400790170,小諸上田線,一般国道１４１号,上田市道,20203,0,0,上田市古里1622-2,4483,上田市古里1622-2,4862,9345,1.19,0.87,8.8,19,16,40
20400790130,小諸上田線,上田市道,一般国道１４１号,20203,0,0.6,上田市古里1622-2,4483,上田市古里1622-2,4862,9345,1.19,0.87,16.8,11.9,16,40
20400800010,小諸軽井沢線,小諸上田線,菱野筒井線,20208,0,2.5,小諸市甲4575-1,7087,小諸市甲4575-1,7322,14409,1.32,1.2,25.5,38.2,8.5,50
20400800020,小諸軽井沢線,菱野筒井線,小諸市道,20208,0,2,小諸市甲4575-1,7087,小諸市甲4575-1,7322,14409,1.32,1.2,47,39.6,8.5,50
20400800030,小諸軽井沢線,小諸市道,小諸市・御代田町境,20208,0,3.1,小諸市甲4575-1,7087,小諸市甲4575-1,7322,14409,1.32,1.2,46.4,47.3,8.5,50
20400800040,小諸軽井沢線,小諸市・御代田町境,御代田町・軽井沢町境,20323,0,4.1,北佐久郡御代田町塩野3402-1,4996,北佐久郡御代田町塩野3402-1,5105,10101,1.3,0.91,42.5,42,11,50
20400800050,小諸軽井沢線,御代田町・軽井沢町境,一般国道１８号,20321,0,1.7,,4817,,4386,9203,1.3,0.93,38.8,19.7,14,50
20400810010,丸子東部インター線,一般国道１５２号,芦田大屋停車場線,20203,0,3.9,東御市羽毛山,6460,東御市羽毛山,6414,12874,1.27,1.17,31.7,34.4,12,50
20400810020,丸子東部インター線,芦田大屋停車場線,上田市・東御市境,20203,0,1.5,東御市羽毛山,6460,東御市羽毛山,6414,12874,1.27,1.17,29.6,41.7,12,50
20400810030,丸子東部インター線,上田市・東御市境,羽毛山大日向線,20219,0,0.3,東御市羽毛山,6460,東御市羽毛山,6414,12874,1.27,1.29,50,36.6,16,50
20400810040,丸子東部インター線,羽毛山大日向線,丸子北御牧東部線,20219,0,0.9,東御市羽毛山,6460,東御市羽毛山,6414,12874,1.27,1.29,29.5,19.9,16,50
20400810050,丸子東部インター線,丸子北御牧東部線,東部望月線,20219,0,0.6,東御市羽毛山,6460,東御市羽毛山,6414,12874,1.27,1.29,21,9.9,16,50
20400810060,丸子東部インター線,東部望月線,一般国道１８号,20219,0,0.1,東御市羽毛山,6460,東御市羽毛山,6414,12874,1.27,1.29,10.5,7.4,16,50
20400810070,丸子東部インター線,一般国道１８号,小諸上田線,20219,0,1.5,東御市常田505-1,6101,東御市常田505-1,5871,11972,1.3,0.87,23.6,27,16,50
20400810080,丸子東部インター線,小諸上田線,丸子東部インター線,20219,0,0.2,東御市常田505-1,6101,東御市常田505-1,5871,11972,1.3,1.05,8.9,16.5,17,50
20400810090,丸子東部インター線,丸子東部インター線,真田東部線,20219,0,0.3,東御市常田505-1,6101,東御市常田505-1,5871,11972,1.3,0.33,24.6,18.8,17,50
20400810110,丸子東部インター線,丸子東部インター線,上信越自動車道,20219,0,0.2,東御市常田505-1,6101,東御市常田505-1,5871,11972,1.3,0.71,20.8,30.9,16,50
20400820010,別所丸子線,,鹿教湯別所上田線,20203,0,0.7,,1638,,1609,3247,1.23,0.43,17.4,14.9,11,40
20400820020,別所丸子線,鹿教湯別所上田線,鹿教湯別所上田線,20203,0,0.2,,1638,,1609,3247,1.23,0.43,27,20.3,11,40
20400820024,別所丸子線,鹿教湯別所上田線,,20203,0,3.5,上田市前山751-2,1979,上田市前山751-2,2001,3980,1.23,0.53,34.1,34.1,11,40
20400820027,別所丸子線,,,20203,0,1.1,上田市前山751-2,1979,上田市前山751-2,2001,3980,1.23,0.53,54.4,54,11,40
20400820030,別所丸子線,,上田丸子線,20203,0,1.1,上田市前山751-2,1979,上田市前山751-2,2001,3980,1.23,0.53,43,21.5,11,40
20400820050,別所丸子線,上田丸子線,南原長瀬線,20203,0,3.9,上田市生田上原4280-2（南原工業団地交差点）,3356,上田市生田上原4280-2（南原工業団地交差点）,3548,6904,1.28,0.72,28,29.6,7,40
20400820060,別所丸子線,南原長瀬線,一般国道１５２号,20203,0,2,上田市御岳堂1227-1（北原南交差点）,5522,上田市御岳堂1227-1（北原南交差点）,5200,10722,1.32,0.86,22.9,22,11,50
20400830010,下条米川飯田線,一般国道１５１号,下條村・阿南町境,20411,0,2.4,下伊那郡阿南町富草503,52,下伊那郡阿南町富草503,65,117,1.08,0.02,30.5,25.8,7.5,30
20400830020,下条米川飯田線,下條村・阿南町境,粟野門島停車場線,20404,0,1.6,下伊那郡阿南町富草503,52,下伊那郡阿南町富草503,65,117,1.08,0.02,34.5,36.7,8.5,50
20400830030,下条米川飯田線,粟野門島停車場線,阿南町・泰阜村境,20404,0,0.3,,137,,128,265,1.35,0.03,45.7,35.8,8.5,50
20400830040,下条米川飯田線,阿南町・泰阜村境,粟野門島停車場線,20414,0,0.1,,137,,128,265,1.35,0.88,45.6,35.5,5.5,50
20400830050,下条米川飯田線,粟野門島停車場線,飯田富山佐久間線,20414,0,3.7,,137,,128,265,1.35,0.88,34,35.5,5.5,50
20400830070,下条米川飯田線,飯田富山佐久間線,泰阜村・飯田市境,20414,0,5.2,飯田市千代2398,193,飯田市千代2398,182,375,1.13,0.05,34.6,31.9,7,50
20400830080,下条米川飯田線,泰阜村・飯田市境,米川飯田線,20205,0,4,飯田市千代2398,193,飯田市千代2398,182,375,1.13,0.06,31.3,39.3,6,50
20400830090,下条米川飯田線,米川飯田線,米川駄科停車場線,20205,0,0.4,飯田市上久堅5428,220,飯田市上久堅5428,207,427,1.15,0.08,43.6,36.3,8,40
20400830100,下条米川飯田線,米川駄科停車場線,,20205,0,6.3,飯田市上久堅5428,220,飯田市上久堅5428,207,427,1.15,0.08,31,31.9,8,40
20302560140,下条米川飯田線,,飯田市道,20205,0,0.2,,461,,496,957,1.19,0.03,39.3,39.9,8,40
20400830115,下条米川飯田線,飯田市道,一般国道２５６号,20205,0,0.2,,624,,688,1312,1.22,0.13,23.1,9.2,8,40
20400830120,下条米川飯田線,一般国道２５６号,飯田市・喬木村境,20205,0,1.3,,624,,688,1312,1.22,0.13,33.1,37.6,8,40
20400830130,下条米川飯田線,飯田市・喬木村境,喬木村・飯田市境,20415,0,2.2,,624,,688,1312,1.22,0.55,35.9,37.1,5.15,30
20400830140,下条米川飯田線,喬木村・飯田市境,下久堅知久平線,20205,0,2.9,下伊那郡喬木村富田12641-1,2297,下伊那郡喬木村富田12641-1,1872,4169,1.24,0.34,47.5,40,8,40
20400830150,下条米川飯田線,下久堅知久平線,飯田市・喬木村境,20205,0,0.1,,952,,1117,2069,1.22,0.24,36.3,10.1,8,40
20400830160,下条米川飯田線,飯田市・喬木村境,伊那生田飯田線,20415,0,0.1,,952,,1117,2069,1.22,1.2,27.4,9.1,5.5,40
20400840010,乗鞍岳線,,一般国道１５８号,20202,0,29.9,松本市安曇3923－2,902,松本市安曇3923－2,861,1763,1.21,0.26,39.8,39.8,7,40
20400850010,穂高明科線,一般国道１４７号,下木戸有明停車場線,20220,0,1.5,安曇野市穂高北穂高1033-1（安曇橋南交差点）,4372,安曇野市穂高北穂高1033-1（安曇橋南交差点）,5379,9751,1.3,0.73,29.7,41.3,12,40
20400850020,穂高明科線,下木戸有明停車場線,有明大町線,20220,0,0.3,安曇野市穂高北穂高1033-1（安曇橋南交差点）,4372,安曇野市穂高北穂高1033-1（安曇橋南交差点）,5379,9751,1.3,0.73,34,15.6,12,40
20400850030,穂高明科線,有明大町線,大町明科線,20220,0,0.8,安曇野市穂高北穂高1033-1（安曇橋南交差点）,5769,安曇野市穂高北穂高1033-1（安曇橋南交差点）,5416,11185,1.3,0.84,15.2,20.7,12,40
20400850050,穂高明科線,大町明科線,一般国道１９号,20220,0,3.2,,2127,,1704,3831,1.23,0.61,46.9,48.2,7,40
20400860010,戸隠篠ノ井線,長野戸隠線,栃原北郷信濃線,20201,0,4,長野市戸隠豊岡2177,310,長野市戸隠豊岡2177,352,662,1.2,0.1,29.3,29.3,6,40
20400860020,戸隠篠ノ井線,栃原北郷信濃線,一般国道４０６号,20201,0,2.2,,442,,464,906,1.19,0.88,33.2,31.7,5,40
20400860040,戸隠篠ノ井線,一般国道４０６号,小川長野線,20201,0,13.1,長野市七二会丁2325-1,45,長野市七二会丁2325-1,64,109,1.35,0.05,31.1,31.7,4.5,40
20400860050,戸隠篠ノ井線,小川長野線,小川長野線,20201,0,0.3,長野市七二会丁2325-1,45,長野市七二会丁2325-1,64,109,1.35,0.05,28.3,35.8,4.5,40
20400860060,戸隠篠ノ井線,小川長野線,長野大町線,20201,0,4.7,長野市七二会丁2325-1,45,長野市七二会丁2325-1,64,109,1.35,0.05,37.8,33.9,4.5,40
20400860080,戸隠篠ノ井線,一般国道１９号,安庭篠ノ井線,20201,0,7.3,長野市篠ノ井有旅3689,352,長野市篠ノ井有旅3689,371,723,1.14,0.12,30.2,26.9,6.6,40
20400860090,戸隠篠ノ井線,安庭篠ノ井線,長野市道篠ノ井北４３５号,20201,0,0.1,長野市篠ノ井有旅3689,352,長野市篠ノ井有旅3689,371,723,1.14,0.12,13.4,36.7,6.6,40
20400860100,戸隠篠ノ井線,長野市道篠ノ井北４３５号,長野市道篠ノ井北４３５号,20201,0,0.1,長野市篠ノ井有旅3689,352,長野市篠ノ井有旅3689,371,723,1.14,0.12,30.3,40.9,6.6,40
20400860110,戸隠篠ノ井線,長野市道篠ノ井北４３５号,犀口下居返線,20201,0,5.7,長野市篠ノ井布施五明3400,1664,長野市篠ノ井布施五明3400,1636,3300,1.23,0.37,33.6,30.8,18,40
20400860120,戸隠篠ノ井線,犀口下居返線,長野上田線,20201,0,1.1,,2684,,2475,5159,1.25,0.54,19,13,18,40
20400860130,戸隠篠ノ井線,長野上田線,一般国道１８号,20201,0,1.2,,2684,,2475,5159,1.25,0.54,21,20.8,18,40
20400870010,伊那インタ－線,中央自動車道西宮線,伊那箕輪線,20385,0,0.9,上伊那郡南箕輪村8302-2,6047,上伊那郡南箕輪村8302-2,6503,12550,1.33,0.4,26.3,23.7,22,50
20400870020,伊那インタ－線,伊那箕輪線,南箕輪沢渡線,20209,0,1.7,上伊那郡南箕輪村8302-2,6047,上伊那郡南箕輪村8302-2,6503,12550,1.33,0.89,43.4,38,20,50
20400870030,伊那インタ－線,南箕輪沢渡線,一般国道１５３号,20209,0,0.3,伊那市山寺129（水神橋西）,3093,伊那市山寺129（水神橋西）,3974,7067,1.22,0.61,27.7,14.6,20,50
20400880010,伊那箕輪線,一般国道３６１号,伊那市道,20209,0,0.2,上伊那郡南箕輪村神子柴8142-1,5887,上伊那郡南箕輪村神子柴8142-1,5883,11770,1.19,1.19,17,22,9.25,50
20400880020,伊那箕輪線,伊那市道,伊那インタ－線,20385,0,0.9,上伊那郡南箕輪村神子柴8142-1,5887,上伊那郡南箕輪村神子柴8142-1,5883,11770,1.19,0.99,27.3,19.9,9.75,50
20400880030,伊那箕輪線,伊那インタ－線,吹上北殿線,20385,0,2.7,上伊那郡南箕輪村神子柴8142-1,5887,上伊那郡南箕輪村神子柴8142-1,5883,11770,1.19,0.99,23.8,31.3,9.75,50
20400880040,伊那箕輪線,吹上北殿線,南箕輪村・箕輪町境,20385,0,1.7,上伊那郡南箕輪村神子柴8142-1,5887,上伊那郡南箕輪村神子柴8142-1,5883,11770,1.19,0.99,41.6,42.6,9.75,50
20400880045,伊那箕輪線,南箕輪村・箕輪町境,箕輪町道,20383,0,4.6,上伊那郡南箕輪村神子柴8142-1,5887,上伊那郡南箕輪村神子柴8142-1,5883,11770,1.19,1.02,40.1,39.1,10,50
20400880050,伊那箕輪線,箕輪町道,与地辰野線,20383,0,0.6,上伊那郡南箕輪村神子柴8142-1,5887,上伊那郡南箕輪村神子柴8142-1,5883,11770,1.19,1.02,37,30.7,10,50
20400880060,伊那箕輪線,伊那箕輪線,一般国道１５３号,20383,0,0.4,,,,,,,,19.5,15.9,10,40
20400890010,園原インター線,中央自動車道西宮線,園原清内路線,20407,0,0.2,下伊那郡阿智村智里499-3,890,下伊那郡阿智村智里499-3,846,1736,1.21,0.28,32.2,33.8,7,40
20400890020,園原インター線,園原清内路線,一般国道２５６号,20407,0,4.3,下伊那郡阿智村智里499-3,890,下伊那郡阿智村智里499-3,846,1736,1.21,0.28,39.8,41.8,7,40
20400900010,諏訪南インタ－線,中央自動車道西宮線,一般国道２０号,20362,0,1.2,諏訪郡富士見町富士見268-1,2932,諏訪郡富士見町富士見268-1,2812,5744,1.26,0.61,40,36.4,10.8,50
20400910010,坂城インター線,上信越自動車道,一般国道１８号,20521,0,1.4,埴科郡坂城町大字中之条753（坂城インター入口交差点）,2835,埴科郡坂城町大字中之条753（坂城インター入口交差点）,2699,5534,1.25,0.54,42.5,26.1,18,60
20400920010,松井田軽井沢線,松井田軽井沢線,下仁田軽井沢線,20321,0,1.5,北佐久郡軽井沢町発地1399-1,1516,北佐久郡軽井沢町発地1399-1,1116,2632,1.09,0.31,53,57.1,12,50
20400930010,下仁田臼田線,下仁田臼田線,三分中込線,20217,0,20.4,佐久市田口387,464,佐久市田口387,454,918,1.35,0.09,42.9,42.9,11,40
20400930015,下仁田臼田線,三分中込線,川上佐久線,20217,0,0.3,佐久市下越198-3,3000,佐久市下越198-3,2803,5803,1.27,0.57,22.6,22.9,11,40
20400930020,下仁田臼田線,川上佐久線,佐久市道,20217,0,0.6,佐久市下越198-3,3000,佐久市下越198-3,2803,5803,1.27,0.57,21.2,21.8,11,40
20400930030,下仁田臼田線,佐久市道,上小田切臼田停車場線,20217,0,0.5,佐久市下越198-3,3000,佐久市下越198-3,2803,5803,1.27,0.57,23.7,24.2,11,40
20400930040,下仁田臼田線,上小田切臼田停車場線,一般国道１４１号,20217,0,0.1,佐久市下越198-3,3000,佐久市下越198-3,2803,5803,1.27,0.57,19.3,8.4,11,40
20400940010,東御嬬恋線,,一般国道１８号,20219,0,2,,921,,909,1830,1.21,0.79,24.7,16.7,5,30
20400940020,東御嬬恋線,一般国道１８号,小諸上田線,20219,0,1.1,,921,,909,1830,1.21,0.3,20.3,30.7,12,40
20400940030,東御嬬恋線,小諸上田線,東御嬬恋線,20219,0,12.1,東御市新張1299,787,東御市新張1299,707,1494,1.21,0.28,35.3,36.2,7,40
20400950010,上越飯山線,主要地方道上越飯山線,上境温井線,20213,0,8.7,飯山市一山,60,飯山市一山,62,122,1.35,0.02,36.5,38.3,6,60
20400950020,上越飯山線,上境温井線,曽根藤ノ木線,20213,0,4,飯山市常郷三郷,413,飯山市常郷三郷,441,854,1.19,0.09,53.3,48.7,10,40
20400950030,上越飯山線,曽根藤ノ木線,箕作飯山線,20213,0,2,飯山市常郷三郷,413,飯山市常郷三郷,441,854,1.19,0.09,40.5,30.3,10,40
20400950040,上越飯山線,箕作飯山線,飯山新井線,20213,0,3.4,飯山市照里戸狩1171-1,1252,飯山市照里戸狩1171-1,1320,2572,1.22,0.39,43.9,40.4,8.3,40
20400950050,上越飯山線,飯山新井線,関沢小沼線,20213,0,0.8,飯山市照里戸狩1171-1,1252,飯山市照里戸狩1171-1,1320,2572,1.22,0.39,32.1,29.4,8.3,40
20400950060,上越飯山線,関沢小沼線,一般国道１１７号,20213,0,1.4,飯山市照里戸狩1171-1,1252,飯山市照里戸狩1171-1,1320,2572,1.22,0.39,44.8,31.8,8.3,40
20400960010,飯山妙高高原線,飯山野沢温泉線,一般国道１１７号,20213,0,0.6,飯山市静間南新町276-1,4244,飯山市静間南新町276-1,3691,7935,1.29,0.6,15.4,14.1,16,40
20400960030,飯山妙高高原線,上信越自動車道,一般国道１１７号,20211,0,0.3,中野市永江,624,中野市永江,628,1252,1.22,0.16,39.5,20.7,11.5,40
20400960040,飯山妙高高原線,一般国道１１７号,中野市・飯綱町境,20211,0,5,中野市永江,624,中野市永江,628,1252,1.22,0.16,36,36,7,60
20400960050,飯山妙高高原線,中野市・飯綱町境,飯綱町・信濃町境,20590,0,0.6,,545,,547,1092,1.2,0.15,39.1,40.1,6,40
20400960060,飯山妙高高原線,飯綱町・信濃町境,長野荒瀬原線,20583,0,0.9,,545,,547,1092,1.2,0.14,42.1,42.7,7,40
20400960070,飯山妙高高原線,長野荒瀬原線,水穴古間停車場線,20583,0,3,,545,,547,1092,1.2,0.14,43.1,47.8,7,40
20400960080,飯山妙高高原線,水穴古間停車場線,信濃斑尾高原線,20583,0,6.6,,177,,161,338,1.35,0.05,33.6,34.4,7,40
20400960090,飯山妙高高原線,信濃斑尾高原線,信濃斑尾高原線,20583,0,1.3,,544,,530,1074,1.2,0.14,39.7,40.5,7,40
20400960100,飯山妙高高原線,信濃斑尾高原線,主要地方道飯山妙高高原線,20583,0,4,,141,,134,275,1.08,0.06,42.2,39.3,7,40
20400970005,飯山斑尾新井線,一般国道１１７号,飯山野沢温泉線,20213,0,1.5,飯山市飯山上倉1381-3,1088,飯山市飯山上倉1381-3,1120,2208,1.21,0.29,43.8,37.7,6,40
20400970010,飯山斑尾新井線,飯山野沢温泉線,斑尾大川線,20213,0,5.8,飯山市飯山上倉1381-3,1088,飯山市飯山上倉1381-3,1120,2208,1.21,0.29,43.8,37.7,6,40
20400970020,飯山斑尾新井線,斑尾大川線,主要地方道飯山斑尾新井線,20213,0,4.7,飯山市飯山上倉1381-3,1088,飯山市飯山上倉1381-3,1120,2208,1.21,0.29,38.5,38.7,6,40
20601010010,月瀬上矢作線,一般国道１５３号,月瀬上矢作線,20410,0,2.2,,88,,82,170,1.35,0.03,43,43,7.5,60
20601030010,上原猿久保線,一般国道１４２号,佐久小諸線,20217,0,2.3,佐久市猿久保778-1,5304,佐久市猿久保778-1,5392,10696,1.3,0.87,34,40.6,13.3,40
20601030030,上原猿久保線,佐久小諸線,小諸中込線,20217,0,1.9,佐久市猿久保778-1,5304,佐久市猿久保778-1,5392,10696,1.3,0.93,34.2,35.7,9.7,40
20601030040,上原猿久保線,小諸中込線,一般国道１４１号,20217,0,1.4,佐久市猿久保778-1,5304,佐久市猿久保778-1,5392,10696,1.3,0.93,22.6,14.3,9.7,40
20601030050,上原猿久保線,一般国道１４１号,香坂中込線,20217,0,1.2,佐久市猿久保778-1,5304,佐久市猿久保778-1,5392,10696,1.3,0.93,20.7,22.4,9.7,40
20601080010,下仁田佐久穂線,,一般国道２９９号,20309,0,9.3,南佐久郡佐久穂町海瀬1688（余地入口交差点）,404,南佐久郡佐久穂町海瀬1688（余地入口交差点）,398,802,1.15,0.11,63.5,63.5,7,40
20601090010,園原清内路線,園原インター線,一般国道２５６号,20407,0,7.1,,32,,34,66,1.35,0.29,27.6,25.5,4.25,60
20601120010,大前須坂線,,牧干俣線,20543,0,3.7,,168,,202,370,1.13,0.17,43.4,43.4,5.5,40
20601120020,大前須坂線,牧干俣線,山田温泉線,20543,0,15.2,,227,,261,488,1.15,0.07,43.4,43.4,7,40
20601120030,大前須坂線,山田温泉線,須坂中野線,20543,0,3.1,上高井郡高山村大字牧1614-2地先,647,上高井郡高山村大字牧1614-2地先,632,1279,1.22,0.16,43,42.3,9.4,40
20601120050,大前須坂線,須坂中野線,一般国道４０３号,20207,0,0.3,,3101,,3019,6120,1.27,0.74,13.8,11.4,7,40
20601130010,粟野御供線,粟野門島停車場線,飯田富山佐久間線,20404,0,9.3,下伊那郡阿南町富草6406,113,下伊那郡阿南町富草6406,107,220,1.35,0.8,52.9,50.4,4.5,60
20601140010,川尻小谷糸魚川線,奉納中土停車場線,一般国道１４８号,20486,0,1,北安曇郡小谷村中土7418-1,219,北安曇郡小谷村中土7418-1,233,452,1.19,0.08,22.3,15.2,7,60
20601140020,川尻小谷糸魚川線,一般国道１４８号,,20486,0,11.6,北安曇郡小谷村中土7418-1,219,北安曇郡小谷村中土7418-1,233,452,1.19,0.08,32.9,36.2,7,60
20601140040,川尻小谷糸魚川線,,一般県道川尻小谷糸魚川線,20486,0,5.3,,,,,,,,38.6,38.6,2,60
20601150010,松本平広域公園線,松本空港塩尻北インター線,松本市・塩尻市境,20202,0,0.3,松本市今井,3274,松本市今井,2773,6047,1.23,0.69,25.4,28.6,15,50
20601150020,松本平広域公園線,松本市・塩尻市境,塩尻市・松本市境,20215,0,0.3,松本市今井,3274,松本市今井,2773,6047,1.23,0.4,53.4,53.2,15,50
20601150030,松本平広域公園線,塩尻市・松本市境,土合松本線,20202,0,1.3,松本市今井,3274,松本市今井,2773,6047,1.23,0.58,33.7,32.7,12,50
20601160010,上境温井線,箕作飯山線,上越飯山線,20213,0,4.2,,153,,148,301,1.35,0.12,44.1,38.3,6,60
20601190010,杉野沢黒姫停車場線,一般県道杉野沢黒姫停車場線,一般国道１８号,20583,0,5.5,上水内郡信濃町柏原1260,774,上水内郡信濃町柏原1260,787,1561,1.21,0.18,46.1,44.1,16,40
20601190020,杉野沢黒姫停車場線,一般国道１８号,一般国道１８号,20583,0,0.6,上水内郡信濃町柏原1167,1091,上水内郡信濃町柏原1167,1058,2149,1.1,0.27,44.8,28.1,16,40
20601190040,杉野沢黒姫停車場線,信濃信州新線,,20583,0,0.3,,632,,653,1285,1.22,0.14,11,13.9,6.5,40
20601200010,三分中込線,下仁田臼田線,川上佐久線,20217,0,5.3,佐久市平賀724-5（城山小学校前）,3150,佐久市平賀724-5（城山小学校前）,3379,6529,1.28,0.79,36.1,31.6,6.5,40
20601210005,上小田切臼田停車場線,,中部横断自動車道,20217,0,4.2,佐久市下小田切81-10（城山交差点西）,1893,佐久市下小田切81-10（城山交差点西）,2070,3963,1.25,0.37,35.4,43.9,17.9,40
20601210010,上小田切臼田停車場線,中部横断自動車道,一般国道１４１号,20217,0,1.5,佐久市下小田切81-10（城山交差点西）,1893,佐久市下小田切81-10（城山交差点西）,2070,3963,1.25,0.37,32.9,28.5,17.9,40
20601210020,上小田切臼田停車場線,一般国道１４１号,下仁田臼田線,20217,0,0.7,佐久市下小田切81-10（城山交差点西）,1893,佐久市下小田切81-10（城山交差点西）,2070,3963,1.25,0.37,17.3,17,17.9,40
20601220010,上畑八千穂停車場線,一般国道１４１号,川上佐久線,20309,0,0.6,,474,,457,931,1.19,0.14,26.2,32.3,6,30
20601240010,上野小海線,上野小海線,川上佐久線,20307,0,16,南佐久郡北相木村久保2714-3（北相木村役場前）,615,南佐久郡北相木村久保2714-3（北相木村役場前）,626,1241,1.21,0.14,31.5,35.1,8,40
20601240030,上野小海線,川上佐久線,一般国道１４１号,20303,0,0.1,南佐久郡北相木村久保2714-3（北相木村役場前）,615,南佐久郡北相木村久保2714-3（北相木村役場前）,626,1241,1.21,0.1,20.3,10.6,17,40
20601300010,菱野筒井線,,小諸軽井沢線,20208,0,2.6,小諸市菱平1188-1,837,小諸市菱平1188-1,790,1627,1.21,0.17,25,22.8,10,40
20601300020,菱野筒井線,小諸軽井沢線,一般国道１８号,20208,0,1.9,小諸市菱平1188-1,837,小諸市菱平1188-1,790,1627,1.21,0.17,32.9,24.3,10,40
20601300040,菱野筒井線,一般国道１８号,小諸市道,20208,0,0.5,小諸市菱平1188-1,837,小諸市菱平1188-1,790,1627,1.21,0.16,15.8,20.4,16,40
20400400230,菱野筒井線,小諸市道,一般国道１４１号,20208,0,0.3,,1506,,1643,3149,1.23,0.34,14.1,12.9,11,40
20601310010,峰の茶屋小諸線,,小諸市道,20208,0,5.7,小諸市与良町6-5,1979,小諸市与良町6-5,2091,4070,1.23,1.13,31.5,36,5.5,40
20601310020,峰の茶屋小諸線,小諸市道,一般国道１８号,20208,0,2.5,小諸市与良町6-5,1979,小諸市与良町6-5,2091,4070,1.23,1.13,31.5,36,5.5,40
20601310030,峰の茶屋小諸線,一般国道１８号,小諸市道,20208,0,0.6,小諸市与良町6-5,1979,小諸市与良町6-5,2091,4070,1.23,1.13,15.9,18.3,5.5,40
20601310040,峰の茶屋小諸線,小諸市道,一般国道１４１号,20208,0,0.4,小諸市与良町6-5,1979,小諸市与良町6-5,2091,4070,1.23,1.13,17.4,18.8,5.5,40
20601330010,旧軽井沢軽井沢停車場線,,一般国道１８号,20321,0,4.5,北佐久郡軽井沢町軽井沢1151-5,2781,北佐久郡軽井沢町軽井沢1151-5,2877,5658,1.28,0.44,23.6,24.3,16.1,40
20601330020,旧軽井沢軽井沢停車場線,一般国道１８号,,20321,0,0.1,北佐久郡軽井沢町軽井沢1151-5,2781,北佐久郡軽井沢町軽井沢1151-5,2877,5658,1.28,0.44,9.8,13.1,16.1,40
20601340010,馬瀬口小諸線,一般国道１８号,御代田町・小諸市境,20323,0,1.4,小諸市柏木543-3,1719,小諸市柏木543-3,1820,3539,1.22,0.3,27.3,32.3,10,40
20601340020,馬瀬口小諸線,御代田町・小諸市境,一般国道１８号,20208,0,4.4,小諸市柏木543-3,1719,小諸市柏木543-3,1820,3539,1.22,0.88,34.4,29.7,8,40
20601340030,馬瀬口小諸線,一般国道１８号,小諸市道,20208,0,0.4,小諸市柏木543-3,1719,小諸市柏木543-3,1820,3539,1.22,0.88,13.8,20.8,8,40
20400400260,馬瀬口小諸線,小諸市道,一般国道１４１号,20208,0,0.2,,1506,,1643,3149,1.23,0.34,18.1,21.9,11,40
20601350010,御代田停車場線,一般国道１８号,,20323,0,1.1,,2250,,2299,4549,1.25,0.78,18.1,25.9,8.8,40
20601360010,信濃追分停車場線,借宿小諸線,,20321,0,0.5,北佐久郡軽井沢町追分1092,4421,北佐久郡軽井沢町追分1092,4740,9161,1.15,1.32,13.3,22.8,6,40
20601370010,借宿小諸線,一般国道１８号,信濃追分停車場線,20321,0,0.7,北佐久郡御代田町草越1173-130,5088,北佐久郡御代田町草越1173-130,5074,10162,1.3,1.26,18.1,37.9,6,30
20601370020,借宿小諸線,信濃追分停車場線,軽井沢町・御代田町境,20321,0,1.4,北佐久郡御代田町草越1173-130,5088,北佐久郡御代田町草越1173-130,5074,10162,1.3,1.26,21.3,39.7,6,30
20601370030,借宿小諸線,軽井沢町・御代田町境,草越豊昇佐久線,20323,0,1.4,北佐久郡御代田町草越1173-130,5088,北佐久郡御代田町草越1173-130,5074,10162,1.3,1.21,43.1,51.9,10,50
20601370040,借宿小諸線,草越豊昇佐久線,佐久軽井沢線,20323,0,4.4,北佐久郡御代田町草越1173-130,5088,北佐久郡御代田町草越1173-130,5074,10162,1.3,1.21,27.4,25.3,10,50
20601370050,借宿小諸線,佐久軽井沢線,御代田町・佐久市境,20323,0,0.8,北佐久郡御代田町御代田,2730,北佐久郡御代田町御代田,2407,5137,1.21,1.23,15.7,33.7,10,50
20601370060,借宿小諸線,御代田町・佐久市境,佐久市・小諸市境,20217,0,1.2,北佐久郡御代田町御代田,2730,北佐久郡御代田町御代田,2407,5137,1.21,1.2,36.7,35.9,8.3,40
20601370070,借宿小諸線,佐久市・小諸市境,一般国道１４１号,20208,0,1.6,北佐久郡御代田町御代田,2730,北佐久郡御代田町御代田,2407,5137,1.21,1.1,42.7,35.4,8,40
20601370090,借宿小諸線,一般国道１４１号,一般国道１４１号,20208,0,2.3,小諸市柏木342-5（四ツ谷交差点）,8203,小諸市柏木342-5（四ツ谷交差点）,7708,15911,1.33,0.94,24.7,27.1,11,40
20601380010,香坂中込線,,下仁田浅科線,20217,0,7.8,佐久市香坂3281-1,263,佐久市香坂3281-1,313,576,1.15,0.08,40.4,37.9,7,40
20601380030,香坂中込線,佐久軽井沢線,上原猿久保線,20217,0,1.7,佐久市猿久保307,7472,佐久市猿久保307,7325,14797,1.28,0.52,19.8,23.5,22,50
20601380040,香坂中込線,上原猿久保線,一般国道２５４号,20217,0,2.6,佐久市猿久保307,7472,佐久市猿久保307,7325,14797,1.28,0.52,33.7,32.7,22,50
20601390010,小諸中込線,一般国道１４１号,耳取三岡停車場線,20208,0,2.5,小諸市市,1704,小諸市市,1611,3315,1.14,0.46,32.8,36.4,10,40
20601390020,小諸中込線,耳取三岡停車場線,耳取三岡停車場線,20208,0,0.2,小諸市市,1704,小諸市市,1611,3315,1.14,0.46,25.5,14.2,10,40
20601390030,小諸中込線,耳取三岡停車場線,小諸市・佐久市境,20208,0,1.6,小諸市市,1704,小諸市市,1611,3315,1.14,0.46,26.9,31.2,10,40
20601390040,小諸中込線,小諸市・佐久市境,下仁田浅科線,20217,0,0.7,小諸市市,1704,小諸市市,1611,3315,1.14,0.42,31.1,25.2,12,40
20601390050,小諸中込線,下仁田浅科線,佐久市道,20217,0,1.2,佐久市中込1877-1,4306,佐久市中込1877-1,4520,8826,1.3,0.62,26.4,25.6,12,40
20601390060,小諸中込線,佐久市道,,20217,0,0.3,佐久市中込1877-1,4306,佐久市中込1877-1,4520,8826,1.3,0.62,30.4,28.7,12,40
20601390065,小諸中込線,,塩名田佐久線,20217,0,0.2,佐久市中込1877-1,4306,佐久市中込1877-1,4520,8826,1.3,0.62,25.8,13.6,12,40
20601390070,小諸中込線,塩名田佐久線,上原猿久保線,20217,0,1.6,佐久市中込1877-1,4306,佐久市中込1877-1,4520,8826,1.3,0.62,34.1,36.3,12,40
20601390080,小諸中込線,上原猿久保線,一般国道１４１号,20217,0,2.1,佐久市中込1877-1,4306,佐久市中込1877-1,4520,8826,1.3,0.62,37.4,40.3,12,40
20601390090,小諸中込線,一般国道１４１号,一般国道２５４号,20217,0,1.5,佐久市中込1877-1,4306,佐久市中込1877-1,4520,8826,1.3,0.62,19.8,19.4,12,40
20601410010,耳取三岡停車場線,佐久小諸線,小諸中込線,20208,0,1.1,小諸市耳取373-7,4715,小諸市耳取373-7,4754,9469,1.29,0.83,32.2,37.2,10,50
20601410030,耳取三岡停車場線,小諸中込線,,20208,0,1.2,小諸市耳取373-7,4715,小諸市耳取373-7,4754,9469,1.29,1.37,26,35.7,5.5,30
20601420010,八幡小諸線,一般国道１４２号,下仁田浅科線,20217,0,0.8,小諸市山浦2113,600,小諸市山浦2113,618,1218,1.21,0.64,21.3,31.1,5.5,30
20601420050,八幡小諸線,下仁田浅科線,佐久市・小諸市境,20217,0,1.8,小諸市山浦2113,600,小諸市山浦2113,618,1218,1.21,0.12,38.7,38.7,8,40
20601420055,八幡小諸線,佐久市・小諸市境,諏訪白樺湖小諸線,20208,0,5.4,小諸市山浦2113,600,小諸市山浦2113,618,1218,1.21,0.12,32.8,32.8,10.5,40
20601420080,八幡小諸線,一般国道１４１号,,20208,0,0.1,小諸市山浦2113,600,小諸市山浦2113,618,1218,1.21,0.13,9.8,12.1,16,40
20601420030,八幡小諸線,,下仁田浅科線,20217,0,0.4,小諸市山浦2113,600,小諸市山浦2113,618,1218,1.21,0.14,36.8,36.8,10,30
20601430010,岩村田停車場線,佐久軽井沢線,,20217,0,0.5,,266,,283,549,1.15,0.08,11.7,14.8,16,50
20601440010,本町中込停車場線,一般国道２５４号,川上佐久線,20217,0,1.3,佐久市中込2-27-1（野沢橋東）,3590,佐久市中込2-27-1（野沢橋東）,3880,7470,1.29,0.58,16.6,20.8,16,40
20601440030,本町中込停車場線,川上佐久線,,20217,0,0.2,佐久市中込2-27-1（野沢橋東）,3590,佐久市中込2-27-1（野沢橋東）,3880,7470,1.29,0.51,11.9,12.6,16,40
20601450010,相浜本町線,一般国道１４２号,一般国道１４１号,20217,0,5.7,佐久市伴野805-3,421,佐久市伴野805-3,544,965,1.19,0.12,26.7,27.3,12,30
20601450020,相浜本町線,一般国道１４１号,一般国道２５４号,20217,0,0.8,佐久市伴野805-3,421,佐久市伴野805-3,544,965,1.19,0.12,20.8,23.3,12,30
20601460010,南箕輪沢渡線,一般国道１５３号,南箕輪村・伊那市境,20385,0,0.2,上伊那郡南箕輪村神子柴7799-4,1923,上伊那郡南箕輪村神子柴7799-4,1793,3716,1.21,0.39,12.5,16.9,6,40
20601460020,南箕輪沢渡線,南箕輪村・伊那市境,伊那インタ－線,20209,0,0.6,上伊那郡南箕輪村神子柴7799-4,1923,上伊那郡南箕輪村神子柴7799-4,1793,3716,1.21,0.41,34.3,25,15,40
20601460030,南箕輪沢渡線,伊那インタ－線,一般国道３６１号,20209,0,1.2,上伊那郡南箕輪村神子柴7799-4,1923,上伊那郡南箕輪村神子柴7799-4,1793,3716,1.21,0.41,16.8,20.6,15,40
20601460040,南箕輪沢渡線,一般国道３６１号,伊那駒ケ岳線,20209,0,0.3,上伊那郡南箕輪村神子柴7799-4,1923,上伊那郡南箕輪村神子柴7799-4,1793,3716,1.21,0.41,13,11.5,15,40
20601460050,南箕輪沢渡線,伊那駒ケ岳線,一般国道１５３号,20209,0,4.3,上伊那郡南箕輪村神子柴7799-4,1923,上伊那郡南箕輪村神子柴7799-4,1793,3716,1.21,0.41,22.8,25.1,15,40
20400400090,芦田大屋停車場線,諏訪白樺湖小諸線,,20324,0,0.6,北佐久郡立科町牛鹿虎御前,1595,北佐久郡立科町牛鹿虎御前,1640,3235,1.2,0.38,18.1,17.6,10,40
20601470010,芦田大屋停車場線,,一般国道１４２号,20324,0,0.5,北佐久郡立科町牛鹿虎御前,1595,北佐久郡立科町牛鹿虎御前,1640,3235,1.2,0.38,23.3,15.8,10,40
20601470020,芦田大屋停車場線,一般国道１４２号,牛鹿望月線,20324,0,2.6,北佐久郡立科町牛鹿虎御前,1595,北佐久郡立科町牛鹿虎御前,1640,3235,1.2,0.38,38.6,43.3,10,40
20601470030,芦田大屋停車場線,牛鹿望月線,丸子北御牧東部線,20324,0,2.4,北佐久郡立科町牛鹿虎御前,1595,北佐久郡立科町牛鹿虎御前,1640,3235,1.2,0.38,47.3,46.7,10,40
20601470040,芦田大屋停車場線,丸子北御牧東部線,立科町・上田市境,20324,0,1.2,北佐久郡立科町牛鹿虎御前,1595,北佐久郡立科町牛鹿虎御前,1640,3235,1.2,0.38,42.3,44.7,10,40
20601470050,芦田大屋停車場線,立科町・上田市境,丸子東部インター線,20203,0,4.6,上田市塩川1333,2810,上田市塩川1333,3159,5969,1.27,0.76,46,37.9,12,40
20601470060,芦田大屋停車場線,丸子東部インター線,一般国道１５２号,20203,0,1.3,上田市塩川石井2904-1（石井交差点）,4029,上田市塩川石井2904-1（石井交差点）,4267,8296,1.27,0.85,13,16.8,12,40
20601480010,牛鹿望月線,芦田大屋停車場線,諏訪白樺湖小諸線,20324,0,1.7,北佐久郡立科町茂田井,1114,北佐久郡立科町茂田井,760,1874,1.43,0.2,34.5,34,7.5,40
20601480030,牛鹿望月線,諏訪白樺湖小諸線,立科小諸線,20324,0,1.2,北佐久郡立科町茂田井,1114,北佐久郡立科町茂田井,760,1874,1.43,0.2,32,29.9,7.5,40
20601480040,牛鹿望月線,立科小諸線,一般国道１４２号,20324,0,0.9,北佐久郡立科町茂田井,1114,北佐久郡立科町茂田井,760,1874,1.43,0.2,37.4,28.5,7.5,40
20601480050,牛鹿望月線,一般国道１４２号,立科町・佐久市境,20324,0,0.9,北佐久郡立科町茂田井,1114,北佐久郡立科町茂田井,760,1874,1.43,0.2,36.4,36.4,7.5,40
20601480060,牛鹿望月線,立科町・佐久市境,一般国道１４２号,20217,0,1.3,北佐久郡立科町茂田井,1114,北佐久郡立科町茂田井,760,1874,1.43,0.19,37.1,23.2,9.5,40
20601500010,百沢臼田線,一般国道１４２号,大木浅田切線,20217,0,9.6,佐久市布施808-1,1320,佐久市布施808-1,1142,2462,1.22,0.34,38.2,40.3,8,40
20601500020,百沢臼田線,大木浅田切線,一般国道１４１号,20217,0,9.2,佐久市大沢1148,474,佐久市大沢1148,530,1004,1.2,0.11,28,29.8,8,40
20601510010,湯沢望月線,大木浅田切線,大木浅田切線,20217,0,0.3,佐久市春日146-1,1971,佐久市春日146-1,2162,4133,1.22,0.5,17.1,8,10.5,40
20601510020,湯沢望月線,大木浅田切線,,20217,0,6.2,佐久市春日146-1,1971,佐久市春日146-1,2162,4133,1.22,0.5,40.3,37.8,10.5,40
20601510050,湯沢望月線,,雨境望月線,20217,0,0.7,佐久市春日146-1,1971,佐久市春日146-1,2162,4133,1.22,0.5,34.8,29.6,8,40
20601510030,湯沢望月線,一般国道１４２号,東部望月線,20217,0,1.1,佐久市春日146-1,1971,佐久市春日146-1,2162,4133,1.22,0.5,33.7,41.9,10.5,40
20601520010,雨境望月線,諏訪白樺湖小諸線,立科町・佐久市境,20324,0,0.1,佐久市協和3151,1325,佐久市協和3151,1411,2736,1.22,0.41,36,47.6,7,40
20601520020,雨境望月線,立科町・佐久市境,大木浅田切線,20217,0,3.9,佐久市協和3151,1325,佐久市協和3151,1411,2736,1.22,0.35,35.2,36.5,10.8,40
20601520030,雨境望月線,大木浅田切線,湯沢望月線,20217,0,9.2,佐久市協和3151,1325,佐久市協和3151,1411,2736,1.22,0.35,35.2,36.5,10.8,40
20601520040,雨境望月線,湯沢望月線,一般国道１４２号,20217,0,0.5,佐久市協和3151,1325,佐久市協和3151,1411,2736,1.22,0.35,38.5,15.9,10.8,40
20601530010,立科小諸線,牛鹿望月線,立科町・東御市境,20324,0,2.2,小諸市大久保614-1,939,小諸市大久保614-1,990,1929,1.21,0.25,45.1,44.1,6.5,50
20601530020,立科小諸線,立科町・東御市境,東部望月線,20219,0,0.7,,483,,530,1013,1.19,0.15,41.9,33.5,7,60
20601530030,立科小諸線,東部望月線,御牧原大日向線,20219,0,2.6,,483,,530,1013,1.19,0.15,32.2,33.3,7,60
20601530040,立科小諸線,御牧原大日向線,御牧原蓬田線,20219,0,0.6,,483,,530,1013,1.19,0.15,53.9,52.9,7,60
20601530050,立科小諸線,御牧原蓬田線,東御市・小諸市境,20219,0,0.8,,483,,530,1013,1.19,0.15,42.9,44.3,7,60
20601530060,立科小諸線,東御市・小諸市境,立科小諸線,20208,0,5.5,小諸市大久保614-1,939,小諸市大久保614-1,990,1929,1.21,0.23,43.3,44.3,10,50
20601530070,立科小諸線,立科小諸線,諏訪白樺湖小諸線,20208,0,0.4,小諸市大久保614-1,939,小諸市大久保614-1,990,1929,1.21,0.23,32.7,38.2,10,50
20601530090,立科小諸線,立科小諸線,,20208,0,0.5,小諸市大久保614-1,939,小諸市大久保614-1,990,1929,1.21,0.23,42.2,44.3,10.7,50
20601540080,塩名田佐久線,佐久小諸線,佐久市道,20217,0,2.4,佐久市塚原2460,2681,佐久市塚原2460,3059,5740,1.23,0.68,30.2,22.8,12,60
20809990130,塩名田佐久線,佐久市道,小諸中込線,20217,0,0.3,佐久市根々井1201,3312,佐久市根々井1201,3773,7085,1.23,0.62,30.2,22.8,12,60
20601540060,塩名田佐久線,小諸中込線,一般国道１４１号,20217,0,1.1,佐久市岩村田1763-1,4082,佐久市岩村田1763-1,4280,8362,1.3,0.69,30.2,22.8,12,60
20601540040,塩名田佐久線,一般国道１４１号,下仁田浅科線,20217,0,0.9,佐久市岩村田1349,1848,佐久市岩村田1349,1676,3524,1.24,0.33,12.7,17.5,8,30
20601550010,男女倉長門線,一般国道１４２号,一般国道１５２号,20350,0,10,,76,,78,154,1.35,0.02,41.1,42.9,7,60
20601560010,草越豊昇佐久線,借宿小諸線,豊昇茂沢中軽井沢停車場線,20323,0,2.8,,266,,280,546,1.15,0.08,24.4,27.1,7,40
20601560020,草越豊昇佐久線,豊昇茂沢中軽井沢停車場線,御代田町・佐久市境,20323,0,1.9,佐久市上平尾967-1,5502,佐久市上平尾967-1,5523,11025,1.3,1.41,40.1,38.1,7,40
20601560030,草越豊昇佐久線,御代田町・佐久市境,佐久市道６－７４号,20217,0,0.8,佐久市上平尾967-1,5502,佐久市上平尾967-1,5523,11025,1.3,1.36,53.8,47.4,10,50
20601560040,草越豊昇佐久線,佐久市道６－７４号,佐久軽井沢線,20217,0,4.1,佐久市上平尾967-1,5502,佐久市上平尾967-1,5523,11025,1.3,1.36,33,32,10,50
20601570010,豊昇茂沢中軽井沢停車場線,草越豊昇佐久線,御代田町・軽井沢町境,20323,0,3,北佐久郡軽井沢町長倉1650-3,2673,北佐久郡軽井沢町長倉1650-3,2900,5573,1.23,0.53,35.3,34.5,8,30
20601570020,豊昇茂沢中軽井沢停車場線,御代田町・軽井沢町境,一般国道１８号,20321,0,8.7,北佐久郡軽井沢町長倉1650-3,2673,北佐久郡軽井沢町長倉1650-3,2900,5573,1.23,0.54,34.5,32.6,9.25,30
20601570030,豊昇茂沢中軽井沢停車場線,一般国道１８号,一般国道１８号,20321,0,1.1,北佐久郡軽井沢町長倉1650-3,2673,北佐久郡軽井沢町長倉1650-3,2900,5573,1.23,0.54,15.7,22.6,9.25,30
20601570050,豊昇茂沢中軽井沢停車場線,一般国道１８号,,20321,0,0.1,北佐久郡軽井沢町長倉1650-3,2673,北佐久郡軽井沢町長倉1650-3,2900,5573,1.23,0.43,6,11.6,10.5,30
20601580010,傍陽菅平線,長野真田線,,20203,0,6.5,上田市真田町傍陽4484-1,763,上田市真田町傍陽4484-1,708,1471,1.21,0.2,41,41,8.25,40
20601580030,傍陽菅平線,,,20203,0,3.7,,,,,,,,,,3,60
20601580050,傍陽菅平線,,一般国道４０６号,20203,0,2.1,,129,,96,225,1.08,0.04,27.9,23.5,9,60
20601600010,上室賀坂城停車場線,真田新田線,上田市・坂城町境,20203,0,2.8,,173,,169,342,1.11,0.04,26.2,22.3,6.5,60
20601600020,上室賀坂城停車場線,上田市・坂城町境,長野上田線,20521,0,5.8,埴科郡坂城町大字上五明640-1,1562,埴科郡坂城町大字上五明640-1,1717,3279,1.23,0.39,34.5,29.9,7,40
20601600030,上室賀坂城停車場線,長野上田線,一般国道１８号,20521,0,1.6,埴科郡坂城町大字上五明640-1,2862,埴科郡坂城町大字上五明640-1,2507,5369,1.25,0.57,38.2,18.4,12,40
20601600040,上室賀坂城停車場線,一般国道１８号,新田坂城停車場線,20521,0,0.8,埴科郡坂城町大字上五明640-1,2862,埴科郡坂城町大字上五明640-1,2507,5369,1.25,0.57,16.7,20.6,12,40
20603390050,上室賀坂城停車場線,新田坂城停車場線,,20521,0,0.1,埴科郡坂城町大字上五明640-1,2862,埴科郡坂城町大字上五明640-1,2507,5369,1.25,0.57,7.7,14.1,12,40
20601610010,西上田停車場線,一般国道１８号,,20203,0,0.1,,189,,220,409,1.13,0.05,2.9,9.3,8,60
20601620010,上田停車場線,,一般国道１４１号,20203,0,0.1,,1143,,2351,3494,1.23,0.14,3.4,5,20.55,60
20601660010,東部望月線,一般国道１８号,丸子東部インター線,20219,0,1,東御市田中141-1,2554,東御市田中141-1,2865,5419,1.26,0.68,15.9,17.2,6.5,40
20601660020,東部望月線,丸子東部インター線,諏訪白樺湖小諸線,20219,0,2.5,東御市加沢440,7876,東御市加沢440,7561,15437,1.32,1.48,25.1,31.3,6.5,40
20601660040,東部望月線,諏訪白樺湖小諸線,立科小諸線,20219,0,3.8,,2341,,2328,4669,1.25,0.68,48.1,46.6,9.5,40
20601660050,東部望月線,立科小諸線,東御市・佐久市境,20219,0,0.3,,2341,,2328,4669,1.25,0.68,44.3,45,9.5,40
20601660060,東部望月線,東御市・佐久市境,湯沢望月線,20217,0,4.1,佐久市印内,1760,佐久市印内,1604,3364,1.22,0.37,43.2,41.6,10,40
20601660070,東部望月線,湯沢望月線,一般国道１４２号,20217,0,1,佐久市印内,1760,佐久市印内,1604,3364,1.22,0.37,22.8,19.4,10,40
20601670010,丸子北御牧東部線,一般国道１５２号,上田市・立科町境,20203,0,3.6,,231,,213,444,1.13,0.08,23.8,16.5,6,40
20601670020,丸子北御牧東部線,上田市・立科町境,芦田大屋停車場線,20324,0,1.1,,67,,68,135,1.35,0.02,23.8,16.5,6.5,40
20601670030,丸子北御牧東部線,芦田大屋停車場線,立科町・東御市境,20324,0,0.3,,661,,681,1342,1.22,0.17,24.2,30.6,6.5,40
20601670040,丸子北御牧東部線,立科町・東御市境,羽毛山大日向線,20219,0,8.2,東御市八重原1478-1,709,東御市八重原1478-1,716,1425,1.21,0.17,36.5,33.9,7,40
20601670050,丸子北御牧東部線,羽毛山大日向線,丸子東部インター線,20219,0,0.7,東御市八重原1478-1,709,東御市八重原1478-1,716,1425,1.21,0.17,35.8,24.7,7,40
20601690010,南原長瀬線,別所丸子線,一般国道１５２号,20203,0,1.9,上田市生田5120-3,4203,上田市生田5120-3,4079,8282,1.3,1.03,37.1,33.2,8.5,40
20601710010,塩田仁古田線,上田丸子線,鹿教湯別所上田線,20203,0,3.6,上田市本郷635,3398,上田市本郷635,3209,6607,1.28,0.87,28.9,31.1,9,40
20601710020,塩田仁古田線,鹿教湯別所上田線,一般国道１４３号,20203,0,2.5,上田市本郷635,3398,上田市本郷635,3209,6607,1.28,0.87,30.7,29.2,9,40
20601720010,田沢中挟線,,一般国道１４３号,20349,0,4.2,,661,,681,1342,1.22,1.49,41.9,30.6,5.5,60
20601740010,荻窪丸子線,一般国道２５４号,一般国道１５２号,20203,0,3.4,上田市東内2049-2（和子交差点）,3287,上田市東内2049-2（和子交差点）,3280,6567,1.29,0.52,40.8,30.4,12,40
20601750010,矢沢真田線,下原大屋停車場線,長野真田線,20203,0,3,上田市真田町本原2314,177,上田市真田町本原2314,170,347,1.13,0.19,29.6,32.8,5.5,40
20601750020,矢沢真田線,長野真田線,一般国道１４４号,20203,0,1.6,上田市真田町本原2314,177,上田市真田町本原2314,170,347,1.13,0.19,29.6,32.8,5.5,40
20601760010,下原大屋停車場線,一般国道１４４号,矢沢真田線,20203,0,0.8,,3953,,3424,7377,1.28,0.68,27.9,34.7,10,40
20601760020,下原大屋停車場線,矢沢真田線,小諸上田線,20203,0,3.5,上田市芳田1578-1（豊里郵便局前交差点）,4306,上田市芳田1578-1（豊里郵便局前交差点）,4126,8432,1.3,0.65,28.8,29.1,10,40
20601760030,下原大屋停車場線,小諸上田線,一般国道１８号,20203,0,1.9,上田市芳田1578-1（豊里郵便局前交差点）,6015,上田市芳田1578-1（豊里郵便局前交差点）,5934,11949,1.31,0.81,33,20.3,10,50
20601770010,鹿教湯別所上田線,丸子信州新線,青木村・上田市境,20349,0,0.5,,88,,109,197,1.35,0.28,24.1,27.4,3.9,60
20601770020,鹿教湯別所上田線,青木村・上田市境,別所丸子線,20203,0,8,,88,,109,197,1.35,0.24,22.4,24.8,4,60
20601770040,鹿教湯別所上田線,別所丸子線,塩田仁古田線,20203,0,2.1,上田市舞田134-1,3118,上田市舞田134-1,3184,6302,1.27,0.49,39.1,35.4,9,40
20601770050,鹿教湯別所上田線,塩田仁古田線,上田丸子線,20203,0,2.6,上田市小島池下239（下小島交差点）,4818,上田市小島池下239（下小島交差点）,4789,9607,1.3,0.65,32,28.8,9,40
20601780010,美ケ原和田線,,美ケ原公園東餅屋線,20350,0,0.2,,99,,123,222,1.08,0.03,30.3,20.3,6.5,60
20601780020,美ケ原和田線,美ケ原公園東餅屋線,美ケ原公園東餅屋線,20350,0,3.8,,161,,132,293,1.11,0.05,38.3,56.4,6.5,60
20601780030,美ケ原和田線,美ケ原公園東餅屋線,一般国道１４２号,20350,0,10,,223,,240,463,1.14,0.09,41.3,39.6,7,60
20601800010,住吉上田線,一般国道１４４号,一般国道１８号,20203,0,2.1,上田市住吉長島651,1302,上田市住吉長島651,1309,2611,1.21,1.27,26.8,24.2,6.8,30
20601810010,下奈良本豊科線,丸子信州新線,青木村・上田市境,20349,0,7,,32,,31,63,1.35,0.28,28.2,29.8,3.5,60
20601810020,下奈良本豊科線,青木村・上田市境,上田市・青木村境,20203,0,0.3,,32,,31,63,1.35,0.28,23.8,16.7,3.5,60
20601810030,下奈良本豊科線,上田市・青木村境,青木村・上田市境,20349,0,2.8,,32,,31,63,1.35,0.28,28.8,20.8,3.5,60
20601810040,下奈良本豊科線,青木村・上田市境,上田市・松本市境,20203,0,0.7,,32,,31,63,1.35,0.28,15.8,14.9,3.5,60
20601810050,下奈良本豊科線,上田市・松本市境,一般国道１４３号,20202,0,12.5,松本市殿の入273,318,松本市殿の入273,326,644,1.14,0.91,39.4,48.5,5,40
20601820010,菅平高原線,一般国道４０６号,一般国道１４４号,20203,0,9.6,上田市真田町長1283-8（菅平口交差点）,85,上田市真田町長1283-8（菅平口交差点）,88,173,1.04,0.04,40,40,7,60
20601830010,神宮寺諏訪線,,岡谷茅野線,20206,0,0.2,,3236,,2742,5978,1.27,0.94,,13.7,6.1,40
20601830020,神宮寺諏訪線,岡谷茅野線,一般国道２０号,20206,0,1.7,諏訪市中洲714-1,2372,諏訪市中洲714-1,2007,4379,1.27,0.34,26.1,15.5,9.6,40
20601830030,神宮寺諏訪線,一般国道２０号,一般国道２０号,20206,0,0.9,諏訪市四賀桑原822,2125,諏訪市四賀桑原822,2678,4803,1.25,0.37,14.1,19.1,9.6,40
20601840010,諏訪大社春宮線,,一般国道２０号,20361,0,0.6,,3935,,3921,7856,1.29,0.63,20,15.2,10.7,40
20601850010,岡谷下諏訪線,岡谷茅野線,岡谷市・下諏訪町境,20204,0,2.2,岡谷市田中町一丁目4-26,6755,岡谷市田中町一丁目4-26,5949,12704,1.32,1.42,18.1,19.6,16,40
20601850020,岡谷下諏訪線,岡谷市・下諏訪町境,岡谷下諏訪線,20361,0,0.6,岡谷市田中町一丁目4-26,6755,岡谷市田中町一丁目4-26,5949,12704,1.32,0.56,20.7,17.9,20,50
20601850030,岡谷下諏訪線,岡谷下諏訪線,一般国道２０号,20361,0,1.8,,8900,,10691,19591,1.35,0.93,22.4,23.2,20,50
20601850050,岡谷下諏訪線,岡谷下諏訪線,一般国道２０号,20361,0,1,,1716,,1881,3597,1.23,0.34,13.9,15.4,12,40
20601860010,上田塩川線,上田丸子線,一般国道１５２号,20203,0,10.5,上田市生田2646-4（生田茂沢交差点）,2414,上田市生田2646-4（生田茂沢交差点）,2599,5013,1.19,0.56,26.5,24.2,7.5,30
20601870010,伊那富辰野停車場線,一般国道１５３号,下諏訪辰野線,20382,0,2,上伊那郡辰野町辰野1803,2534,上伊那郡辰野町辰野1803,2336,4870,1.25,0.39,25.2,33.7,12,40
20601880010,上槻木矢ケ崎線,,茅野北杜韮崎線,20214,0,4.5,,818,,852,1670,1.21,0.23,42.6,39.6,8.75,40
20601880020,上槻木矢ケ崎線,茅野北杜韮崎線,神ノ原青柳停車場線,20214,0,3,,1668,,1842,3510,1.23,0.46,31.8,33.7,8.75,40
20601880030,上槻木矢ケ崎線,神ノ原青柳停車場線,茅野停車場八子ヶ峰公園線,20214,0,1.2,茅野市玉川438-1,4918,茅野市玉川438-1,5136,10054,1.3,1.12,29.4,18.9,7,40
20601890010,中新田富士見線,茅野北杜韮崎線,原村・富士見町境,20363,0,0.9,,1369,,1488,2857,1.22,0.36,43.1,47.5,8,40
20601890020,中新田富士見線,原村・富士見町境,一般国道２０号,20362,0,3.1,,1369,,1488,2857,1.22,0.37,33.1,32,9.8,40
20601900010,立沢富士見停車場線,茅野北杜韮崎線,乙事富士見線,20362,0,4,諏訪郡富士見町落合10777,2930,諏訪郡富士見町落合10777,2383,5313,1.24,0.46,33.4,33,8.5,50
20601900020,立沢富士見停車場線,乙事富士見線,乙事富士見線,20362,0,0.2,諏訪郡富士見町落合10777,2930,諏訪郡富士見町落合10777,2383,5313,1.24,0.39,23.4,21.7,7,40
20601900030,立沢富士見停車場線,乙事富士見線,,20362,0,0,諏訪郡富士見町落合10777,2930,諏訪郡富士見町落合10777,2383,5313,1.24,0.39,5.8,5.8,7,40
20601910010,渋ノ湯堀線,,富士見原茅野線,20214,0,8.1,茅野市湖東須栗平2486,659,茅野市湖東須栗平2486,663,1322,1.22,0.16,29,22,7.8,40
20601910020,渋ノ湯堀線,富士見原茅野線,一般国道１５２号,20214,0,5.2,茅野市湖東須栗平2486,659,茅野市湖東須栗平2486,663,1322,1.22,0.16,37.3,35.5,7.8,40
20601920010,茅野停車場八子ヶ峰公園線,,払沢茅野線,20214,0,0.1,茅野市塚原2丁目,3723,茅野市塚原2丁目,3026,6749,1.29,0.62,17.9,12.4,16,40
20601920020,茅野停車場八子ヶ峰公園線,払沢茅野線,払沢茅野線,20214,0,0.3,茅野市塚原2丁目,3723,茅野市塚原2丁目,3026,6749,1.29,0.62,23.1,14.7,16,40
20601920030,茅野停車場八子ヶ峰公園線,払沢茅野線,上槻木矢ケ崎線,20214,0,2.1,茅野市塚原2丁目,3723,茅野市塚原2丁目,3026,6749,1.29,0.62,15.2,21.3,16,40
20601920040,茅野停車場八子ヶ峰公園線,上槻木矢ケ崎線,一般国道１５２号,20214,0,0.7,茅野市塚原2丁目,3723,茅野市塚原2丁目,3026,6749,1.29,0.62,15.2,21.3,16,40
20601920050,茅野停車場八子ヶ峰公園線,一般国道１５２号,一般国道１５２号,20214,0,7.3,茅野市米沢3747,5969,茅野市米沢3747,6677,12646,1.32,1.11,38.3,39.1,11,50
20601920060,茅野停車場八子ヶ峰公園線,一般国道１５２号,富士見原茅野線,20214,0,1.9,茅野市北山,331,茅野市北山,319,650,1.17,0.08,43.9,44.3,7.8,40
20601920070,茅野停車場八子ヶ峰公園線,富士見原茅野線,茅野市・立科町境,20214,0,12.4,茅野市北山,331,茅野市北山,319,650,1.17,0.08,41.4,39.4,7.8,40
20601920080,茅野停車場八子ヶ峰公園線,茅野市・立科町境,立科町道,20324,0,1.2,茅野市北山,331,茅野市北山,319,650,1.17,0.08,44.8,46,7,50
20400400290,茅野停車場八子ヶ峰公園線,立科町道,諏訪白樺湖小諸線,20324,0,2.6,,1162,,1234,2396,1.22,0.37,52,48.6,6.5,40
20601920100,茅野停車場八子ヶ峰公園線,諏訪白樺湖小諸線,立科町・茅野市境,20324,0,0.4,,2482,,2432,4914,1.25,0.72,25.5,27.3,6.5,50
20601920110,茅野停車場八子ヶ峰公園線,立科町・茅野市境,,20214,0,1,,2482,,2432,4914,1.25,0.68,17.3,15.8,7.8,50
20601940010,霧ケ峰東餅屋線,諏訪白樺湖小諸線,諏訪市・下諏訪町境,20206,0,2.2,,123,,155,278,1.35,0.02,49,46.8,9,60
20601940020,霧ケ峰東餅屋線,諏訪市・下諏訪町境,下諏訪町・諏訪市境,20361,0,0.3,,123,,155,278,1.35,0.02,52.9,45,9.6,60
20601940030,霧ケ峰東餅屋線,下諏訪町・諏訪市境,諏訪市・下諏訪町境,20206,0,0.7,,123,,155,278,1.35,0.02,55.6,43.8,9,60
20601940040,霧ケ峰東餅屋線,諏訪市・下諏訪町境,八島高原線,20361,0,1.3,,123,,155,278,1.35,0.02,54.5,49.6,9,60
20601940050,霧ケ峰東餅屋線,八島高原線,下諏訪町・長和町境,20361,0,3.9,,123,,155,278,1.35,0.02,47.2,43.4,9,60
20601940060,霧ケ峰東餅屋線,下諏訪町・長和町境,美ケ原公園東餅屋線,20350,0,0.6,,99,,123,222,1.08,0.03,43.5,42.8,8,60
20601940070,霧ケ峰東餅屋線,美ケ原公園東餅屋線,一般国道１４２号,20350,0,0.7,,99,,123,222,1.08,0.02,34.6,26.4,8,60
20601950010,信濃境停車場線,,一般国道２０号,20362,0,2.7,,260,,229,489,1.35,0.06,26.5,31.4,8,40
20601960010,神ノ原青柳停車場線,上槻木矢ケ崎線,茅野北杜韮崎線,20214,0,3.9,茅野市玉川2103-1,2430,茅野市玉川2103-1,3260,5690,1.25,0.41,30.2,22.7,11,40
20601960080,神ノ原青柳停車場線,一般国道２０号,,20214,0,0.2,,456,,407,863,1.19,0.62,3.6,8.3,5,30
20601960030,神ノ原青柳停車場線,茅野北杜韮崎線,払沢茅野線,20363,0,1,,473,,434,907,1.19,0.16,27.7,30.6,8.5,40
20601960040,神ノ原青柳停車場線,払沢茅野線,払沢富士見線,20363,0,0.2,,473,,434,907,1.19,0.16,14.6,17.6,8.5,40
20601960050,神ノ原青柳停車場線,払沢富士見線,原村・茅野市境,20363,0,2.8,,473,,434,907,1.19,0.16,31.8,26.5,8.5,40
20601960060,神ノ原青柳停車場線,原村・茅野市境,一般国道２０号,20214,0,0.7,,473,,434,907,1.19,0.12,39.5,28.5,8,40
20601970010,払沢茅野線,茅野北杜韮崎線,神ノ原青柳停車場線,20363,0,1,,2502,,2824,5326,1.25,0.59,31.6,31.1,8.5,40
20601970020,払沢茅野線,神ノ原青柳停車場線,原村・茅野市境,20363,0,3.7,茅野市宮川7394,2486,茅野市宮川7394,2675,5161,1.25,0.53,34.3,39,8.5,40
20601970030,払沢茅野線,原村・茅野市境,茅野市道５ブロック１１６８号線,20214,0,1.5,茅野市宮川7394,2486,茅野市宮川7394,2675,5161,1.25,0.48,40.4,36,9,50
20300200120,払沢茅野線,茅野市道５ブロック１１６８号線,払沢茅野線,20214,0,1.2,,4847,,5356,10203,1.24,1.03,26.2,29.8,7.7,50
20601970050,払沢茅野線,払沢茅野線,茅野停車場八子ヶ峰公園線,20214,0,1,茅野市宮川4552-2,3440,茅野市宮川4552-2,3523,6963,1.21,1.31,12.1,12.5,12,40
20601970070,払沢茅野線,茅野停車場八子ヶ峰公園線,一般国道２０号,20214,0,0.4,,,,,,,,15.5,11.7,16,40
20300200130,払沢茅野線,払沢茅野線,一般国道２０号,20214,0,0.3,,4847,,5356,10203,1.24,1.03,12.4,8,7.7,50
20601980010,乙事富士見線,茅野北杜韮崎線,立沢富士見停車場線,20362,0,3.6,,1566,,1810,3376,1.22,0.39,38.8,38.9,7.5,40
20601980030,乙事富士見線,立沢富士見停車場線,一般国道２０号,20362,0,0.5,,1466,,1303,2769,1.22,0.37,24.7,17.1,9.5,40
20601990010,八島高原線,霧ケ峰東餅屋線,一般国道１４２号,20361,0,9.7,,123,,155,278,1.35,0.31,23.5,14.3,5,30
20602000010,飯島停車場日曽利線,,飯島停車場線,20384,0,0.1,上伊那郡飯島町1189-2,1190,上伊那郡飯島町1189-2,1039,2229,1.21,0.27,8.9,14.3,8.5,60
20602000015,飯島停車場日曽利線,飯島停車場線,一般国道１５３号,20384,0,1.2,上伊那郡飯島町1189-2,1190,上伊那郡飯島町1189-2,1039,2229,1.21,0.27,28.1,25.9,8.5,60
20602000020,飯島停車場日曽利線,一般国道１５３号,伊那生田飯田線,20384,0,1,上伊那郡飯島町1189-2,1190,上伊那郡飯島町1189-2,1039,2229,1.21,0.27,15.9,29.2,8.5,60
20602010010,川上唐木沢線,,一般国道１５３号,20382,0,8.7,上伊那郡辰野町上島343-3,757,上伊那郡辰野町上島343-3,750,1507,1.22,0.14,34.1,31.2,6.5,40
20602020005,伊那駒ケ岳線,南箕輪沢渡線,伊那市道,20209,0,1.2,伊那市荒井4312-3,3242,伊那市荒井4312-3,2783,6025,1.35,0.46,22.3,26.7,10,40
20602020010,伊那駒ケ岳線,伊那市道,,20209,0,9.4,伊那市荒井4312-3,3242,伊那市荒井4312-3,2783,6025,1.35,0.46,31.8,31.8,10,40
20602030010,与地辰野線,一般国道３６１号,伊那インタ－西箕輪線,20209,0,3.5,上伊那郡箕輪町中箕輪15488-1,1014,上伊那郡箕輪町中箕輪15488-1,916,1930,1.21,0.28,36.9,32.9,7,40
20602030020,与地辰野線,伊那インタ－西箕輪線,吹上北殿線,20209,0,3.3,上伊那郡箕輪町中箕輪15488-1,1014,上伊那郡箕輪町中箕輪15488-1,916,1930,1.21,0.28,36.4,37.7,7,40
20602030030,与地辰野線,吹上北殿線,伊那市・箕輪町境,20209,0,0.4,上伊那郡箕輪町中箕輪15488-1,1014,上伊那郡箕輪町中箕輪15488-1,916,1930,1.21,0.28,48.8,48.6,7,40
20602030035,与地辰野線,伊那市・箕輪町境,与地辰野線,20383,0,5.1,上伊那郡箕輪町中箕輪15488-1,1014,上伊那郡箕輪町中箕輪15488-1,916,1930,1.21,0.33,41,45.4,6,40
20602030140,与地辰野線,伊那箕輪線,箕輪町・辰野町境,20383,0,0.2,上伊那郡辰野町大字伊那富7680,2809,上伊那郡辰野町大字伊那富7680,2573,5382,1.21,0.63,17.7,24.5,10,40
20602030150,与地辰野線,箕輪町・辰野町境,与地辰野線,20382,0,1.2,上伊那郡辰野町大字伊那富7680,2809,上伊那郡辰野町大字伊那富7680,2573,5382,1.21,0.54,12.1,10.7,13,40
20602030050,与地辰野線,与地辰野線,一般国道１５３号,20382,0,0.2,上伊那郡辰野町大字伊那富7680,2809,上伊那郡辰野町大字伊那富7680,2573,5382,1.21,0.51,24.8,6.4,13,50
20602030070,与地辰野線,一般国道１５３号,辰野町道,20382,0,1.4,上伊那郡辰野町大字伊那富6340-1,1790,上伊那郡辰野町大字伊那富6340-1,1690,3480,1.21,0.42,26.3,34.6,10,40
20602030080,与地辰野線,辰野町道,辰野町道,20382,0,0.1,上伊那郡辰野町大字伊那富6340-1,1790,上伊那郡辰野町大字伊那富6340-1,1690,3480,1.21,0.42,33.3,31.7,10,40
20602030090,与地辰野線,辰野町道,伊那辰野停車場線,20382,0,1.3,上伊那郡辰野町大字伊那富6340-1,1790,上伊那郡辰野町大字伊那富6340-1,1690,3480,1.21,0.42,34.8,40.5,10,40
20602030040,与地辰野線,与地辰野線,箕輪町・辰野町境,20383,0,0.6,上伊那郡箕輪町中箕輪15488-1,1014,上伊那郡箕輪町中箕輪15488-1,916,1930,1.21,0.33,43.4,45.3,6,40
20602030045,与地辰野線,箕輪町・辰野町境,与地辰野線,20382,0,1.8,上伊那郡箕輪町中箕輪15488-1,1014,上伊那郡箕輪町中箕輪15488-1,916,1930,1.21,0.27,39.5,37.8,13,50
20602060010,南小河内伊那松島停車場線,伊那辰野停車場線,一般国道１５３号,20383,0,2.2,上伊那郡箕輪町中箕輪2769,1781,上伊那郡箕輪町中箕輪2769,1786,3567,1.22,0.46,20.7,24.5,12,40
20602060030,南小河内伊那松島停車場線,一般国道１５３号,,20383,0,0.2,,351,,426,777,1.19,0.08,7.1,15.9,16,40
20602070040,美篶箕輪線,伊那辰野停車場線,一般国道１５３号,20383,0,0.7,上伊那郡箕輪町木下11486（木下南新町）,1802,上伊那郡箕輪町木下11486（木下南新町）,2475,4277,1.23,0.5,31.9,33,12,50
20301530900,美篶箕輪線,一般国道１５３号,一般国道１５３号,20383,0,0.5,上伊那郡箕輪町木下11734（木下南新町）,2719,上伊那郡箕輪町木下11734（木下南新町）,2641,5360,1.25,0.55,20.2,23.5,12,50
20602070010,美篶箕輪線,一般国道３６１号,伊那市・箕輪町境,20209,0,6.2,伊那市手良野口1899-1,721,伊那市手良野口1899-1,848,1569,1.21,0.25,43.5,45.9,10,40
20602070020,美篶箕輪線,伊那市・箕輪町境,伊那辰野停車場線,20383,0,0.4,伊那市手良野口1899-1,721,伊那市手良野口1899-1,848,1569,1.21,0.72,42.5,28.6,5.3,40
20602080010,伊那市停車場線,,南箕輪沢渡線,20209,0,0,,1472,,2394,3866,1.23,0.31,14.7,11.4,15,40
20602090010,沢渡高遠線,一般国道１５３号,沢渡高遠線,20209,0,0.6,伊那市東春近2340（中殿島交差点）,2444,伊那市東春近2340（中殿島交差点）,2294,4738,1.25,0.46,10.6,21,10,50
20602090020,沢渡高遠線,沢渡高遠線,車屋大久保線,20209,0,0.9,伊那市東春近2340（中殿島交差点）,2444,伊那市東春近2340（中殿島交差点）,2294,4738,1.25,0.46,20.9,30.9,10,50
20602090030,沢渡高遠線,車屋大久保線,伊那生田飯田線,20209,0,2.7,伊那市東春近2340（中殿島交差点）,2444,伊那市東春近2340（中殿島交差点）,2294,4738,1.25,0.46,37.8,34.6,10,50
20602090040,沢渡高遠線,伊那生田飯田線,西伊那線,20209,0,3.7,伊那市富県4537-1,1656,伊那市富県4537-1,1621,3277,1.22,0.32,36.2,36.8,8,40
20602090050,沢渡高遠線,西伊那線,西伊那線,20209,0,0.4,伊那市高遠町西高遠721-3（小原交差点）,4030,伊那市高遠町西高遠721-3（小原交差点）,4401,8431,1.29,0.68,34.8,18.5,8,50
20602090060,沢渡高遠線,西伊那線,一般国道１５２号,20209,0,3.4,伊那市高遠町西高遠721-3（小原交差点）,4030,伊那市高遠町西高遠721-3（小原交差点）,4401,8431,1.29,0.68,48.1,47,8,50
20602090080,沢渡高遠線,一般国道１５３号,沢渡高遠線,20209,0,0.4,,,,,,,,,,7,40
20602100010,西伊那線,松川インター大鹿線,中川村・駒ヶ根市境,20386,0,9.8,,36,,54,90,1.35,0.05,20.1,23.1,4.5,60
20602100020,西伊那線,中川村・駒ヶ根市境,駒ケ根長谷線,20210,0,7,,36,,54,90,1.35,0.06,30.5,31.8,4.3,60
20602100040,西伊那線,駒ケ根長谷線,,20210,0,4.9,,124,,108,232,1.35,0.03,41,41,7,60
20602100060,西伊那線,,駒ヶ根市・伊那市境,20210,0,1.5,,,,,,,,51.4,51.4,2,60
20602100070,西伊那線,駒ヶ根市・伊那市境,,20209,0,1,,,,,,,,51.4,51.4,2,60
20602100090,西伊那線,,沢渡高遠線,20209,0,6.6,,808,,801,1609,1.21,0.27,39.8,31.9,7,60
20602100110,西伊那線,沢渡高遠線,一般国道３６１号,20209,0,1.5,伊那市美篶4071-6,1917,伊那市美篶4071-6,2030,3947,1.22,1.39,25.5,33.7,5,40
20602110010,芝平高遠線,,伊那市道,20209,0,10.2,伊那市高遠町山室2010,256,伊那市高遠町山室2010,257,513,1.35,0.83,35.5,35.5,4,60
20602110020,芝平高遠線,伊那市道,伊那市道,20209,0,0.7,伊那市高遠町山室2010,256,伊那市高遠町山室2010,257,513,1.35,0.83,44,43.2,4,60
20602110030,芝平高遠線,伊那市道,一般国道１５２号,20209,0,3.9,伊那市高遠町山室2010,256,伊那市高遠町山室2010,257,513,1.35,0.83,32.3,41.6,4,60
20602110070,芝平高遠線,一般国道１５２号,一般国道１５２号,20209,0,2.7,,91,,53,144,1.35,0.07,28,28,5.5,60
20602120010,杉島市野瀬線,,杉島市野瀬線,20209,0,0.4,伊那市長谷市野瀬1696-1,113,伊那市長谷市野瀬1696-1,130,243,1.35,0.04,23.6,21.1,9,60
20602120020,杉島市野瀬線,杉島市野瀬線,杉島市野瀬線,20209,0,1,伊那市長谷市野瀬1696-1,113,伊那市長谷市野瀬1696-1,130,243,1.35,0.04,47.3,43.6,9,60
20602120030,杉島市野瀬線,杉島市野瀬線,一般国道１５２号,20209,0,0.5,伊那市長谷市野瀬1696-1,113,伊那市長谷市野瀬1696-1,130,243,1.35,0.04,40.4,21.2,9,60
20602120050,杉島市野瀬線,杉島市野瀬線,杉島市野瀬線,20209,0,1.2,,,,,,,,,,5.5,60
20602130010,栗林宮田停車場線,伊那生田飯田線,車屋大久保線,20210,0,1.5,上伊那郡宮田村6708-2,1078,上伊那郡宮田村6708-2,793,1871,1.22,0.24,41.2,47.7,10,50
20602130020,栗林宮田停車場線,車屋大久保線,駒ヶ根市・宮田村境,20210,0,0.3,上伊那郡宮田村6708-2,1078,上伊那郡宮田村6708-2,793,1871,1.22,0.24,26.8,19.2,10,50
20602130030,栗林宮田停車場線,駒ヶ根市・宮田村境,一般国道１５３号,20388,0,2.1,上伊那郡宮田村6708-2,1078,上伊那郡宮田村6708-2,793,1871,1.22,0.29,31.3,31.6,7,40
20602130040,栗林宮田停車場線,一般国道１５３号,宮田沢渡線,20388,0,0.2,上伊那郡宮田村6708-2,1078,上伊那郡宮田村6708-2,793,1871,1.22,0.29,12.9,18.3,7,40
20602130050,栗林宮田停車場線,宮田沢渡線,宮田沢渡線,20388,0,0.5,上伊那郡宮田村6708-2,1078,上伊那郡宮田村6708-2,793,1871,1.22,0.29,22,20.6,7,40
20602130060,栗林宮田停車場線,宮田沢渡線,,20388,0,0.2,上伊那郡宮田村6708-2,1078,上伊那郡宮田村6708-2,793,1871,1.22,0.29,14.6,13.6,7,40
20602150010,飯島停車場線,飯島停車場日曽利線,一般国道１５３号,20384,0,0.2,,848,,697,1545,1.21,0.23,21.7,17,16,60
20602170010,大草坂戸線,伊那生田飯田線,一般国道１５３号,20386,0,0.5,上伊那郡中川村大草3280-7,1160,上伊那郡中川村大草3280-7,1198,2358,1.22,0.29,30.3,26,8.5,60
20602180010,北林飯島線,伊那生田飯田線,一般国道１５３号,20386,0,1.7,上伊那郡中川村葛島50,350,上伊那郡中川村葛島50,328,678,1.14,0.09,33.4,33.4,7,60
20602180030,北林飯島線,一般国道１５３号,中川村・飯島町境,20386,0,3,上伊那郡中川村片桐6210,690,上伊那郡中川村片桐6210,713,1403,1.22,0.16,35.6,40.8,9.3,50
20602180040,北林飯島線,中川村・飯島町境,七久保停車場線,20384,0,1.1,上伊那郡中川村片桐6210,690,上伊那郡中川村片桐6210,713,1403,1.22,0.19,35.8,37.9,10,50
20602180050,北林飯島線,七久保停車場線,飯島飯田線,20384,0,0.4,上伊那郡中川村片桐6210,690,上伊那郡中川村片桐6210,713,1403,1.22,0.19,32.4,32.4,10,50
20602190010,七久保停車場線,,北林飯島線,20384,0,0.1,,383,,368,751,1.2,0.1,5.9,18,10,60
20602200010,千人塚公園線,,飯島飯田線,20384,0,3,上伊那郡飯島町七久保3026-33,190,上伊那郡飯島町七久保3026-33,168,358,1.35,0.05,23.2,29.1,7,60
20602210010,宮田沢渡線,一般国道１５３号,栗林宮田停車場線,20388,0,0.9,上伊那郡宮田村6246-1,1717,上伊那郡宮田村6246-1,1931,3648,1.23,0.37,22.2,35,9.3,40
20602210030,宮田沢渡線,栗林宮田停車場線,宮田村・伊那市境,20388,0,0.7,,736,,1041,1777,1.21,0.4,27.5,29.9,6.5,40
20602210040,宮田沢渡線,宮田村・伊那市境,一般国道１５３号,20209,0,3.8,,736,,1041,1777,1.21,0.72,30.9,30.9,5.5,40
20602230010,上片桐停車場線,,上片桐停車場鶴部線,20402,0,0.2,下伊那郡松川町上片桐3151-7,269,下伊那郡松川町上片桐3151-7,247,516,1.15,0.47,26.5,22.3,4.1,40
20602230020,上片桐停車場線,上片桐停車場鶴部線,飯島飯田線,20402,0,1.7,下伊那郡松川町上片桐3151-7,269,下伊那郡松川町上片桐3151-7,247,516,1.15,0.47,30.1,23.8,4.1,40
20602240040,上片桐停車場鶴部線,上片桐停車場線,,20402,0,0.2,下伊那郡松川町上片桐4339-2,71,下伊那郡松川町上片桐4339-2,68,139,1.08,0.84,21.3,21.6,4.4,40
20602240020,上片桐停車場鶴部線,,一般国道１５３号,20402,0,2,下伊那郡松川町上片桐4339-2,71,下伊那郡松川町上片桐4339-2,68,139,1.08,0.09,24.8,22.1,6.5,40
20602260010,市ノ沢山吹停車場線,伊那生田飯田線,豊丘村・高森町境,20416,0,0.3,下伊那郡高森町山吹5860-2（山吹交差点）,1578,下伊那郡高森町山吹5860-2（山吹交差点）,1876,3454,1.23,0.44,29.7,42.7,7.3,60
20602260020,市ノ沢山吹停車場線,豊丘村・高森町境,一般国道１５３号,20403,0,0.8,下伊那郡高森町山吹5860-2（山吹交差点）,1578,下伊那郡高森町山吹5860-2（山吹交差点）,1876,3454,1.23,0.38,40.4,25.3,7.5,60
20602260030,市ノ沢山吹停車場線,一般国道１５３号,山吹停車場線,20403,0,0.5,下伊那郡高森町山吹5860-2（山吹交差点）,205,下伊那郡高森町山吹5860-2（山吹交差点）,143,348,1.13,0.56,22.2,15.2,3.6,60
20602270010,市田停車場上市田線,,一般国道１５３号,20403,0,0.3,下伊那郡高森町下市田2851-8,2691,下伊那郡高森町下市田2851-8,2333,5024,1.26,0.59,8.1,12.2,7.45,40
20602270020,市田停車場上市田線,一般国道１５３号,飯島飯田線,20403,0,2.3,下伊那郡高森町下市田2851-8,2691,下伊那郡高森町下市田2851-8,2333,5024,1.26,0.55,20,25.1,7,40
20602280010,市田停車場線,一般国道１５３号,高森町・豊丘村境,20403,0,0.6,下伊那郡豊丘村神稲3377,5101,下伊那郡豊丘村神稲3377,4741,9842,1.23,1.04,15,31.9,7.5,50
20602280020,市田停車場線,高森町・豊丘村境,伊那生田飯田線,20416,0,0.4,下伊那郡豊丘村神稲3377,5101,下伊那郡豊丘村神稲3377,4741,9842,1.23,1.25,18.8,15.9,12,50
20602290010,市場桜町線,上飯田線,飯島飯田線,20205,0,4,飯田市上郷飯沼3069-12,5885,飯田市上郷飯沼3069-12,5536,11421,1.3,0.73,25.5,23,12,40
20602300010,青木東鼎線,一般国道２５６号,一般国道１５１号,20205,0,3.5,飯田市鼎切石3988-2,5392,飯田市鼎切石3988-2,5493,10885,1.3,0.87,20.5,21.8,16,40
20602310010,伊那八幡停車場線,新井伊那八幡停車場線,一般国道１５１号,20205,0,0.1,,3850,,4549,8399,1.29,0.85,14.1,9.4,10.1,60
20602320010,新井伊那八幡停車場線,伊那生田飯田線,伊那八幡停車場線,20205,0,2,飯田市松尾水城3584,1978,飯田市松尾水城3584,2166,4144,1.23,1.12,22,27.5,5.1,40
20602330010,時又中村線,米川飯田線,時又中村線,20205,0,1.1,飯田市嶋78,622,飯田市嶋78,583,1205,1.22,0.14,38.2,32,16,40
20602330030,時又中村線,,時又中村線,20205,0,0.3,飯田市嶋78,622,飯田市嶋78,583,1205,1.22,0.1,37.6,38.3,28,40
20602330040,時又中村線,時又中村線,上川路大畑線,20205,0,0.4,飯田市嶋78,622,飯田市嶋78,583,1205,1.22,0.12,31.9,31.2,28,40
20602330050,時又中村線,上川路大畑線,一般国道１５１号,20205,0,0.7,飯田市上川路972-1,978,飯田市上川路972-1,780,1758,1.21,0.26,24.4,31,12.3,40
20602330060,時又中村線,一般国道１５１号,親田中村線,20205,0,3.2,飯田市中村2182-1,2050,飯田市中村2182-1,1850,3900,1.23,0.51,39.9,41.3,9,40
20602330070,時又中村線,親田中村線,一般国道１５３号,20205,0,1.4,飯田市中村1287-1,2332,飯田市中村1287-1,2189,4521,1.25,0.59,30.3,28.3,9,40
20602340010,田中乱橋線,上川路大畑線,飯田市道,20205,0,0.3,飯田市川路2720-1,224,飯田市川路2720-1,211,435,1.15,0.6,22.6,19.3,4.8,40
20602340020,田中乱橋線,飯田市道,親田中村線,20205,0,2.1,飯田市川路2720-1,224,飯田市川路2720-1,211,435,1.15,0.6,29.4,29.6,4.8,40
20602340030,田中乱橋線,親田中村線,親田中村線,20205,0,0.6,飯田市箱川1040-3,85,飯田市箱川1040-3,59,144,1.13,0.15,28.1,25,4.8,40
20602340040,田中乱橋線,親田中村線,飯田市・阿智村境,20205,0,6.5,飯田市箱川1040-3,85,飯田市箱川1040-3,59,144,1.13,0.15,40.8,32.8,4.8,40
20602340050,田中乱橋線,飯田市・阿智村境,天竜公園阿智線,20407,0,2,飯田市箱川1040-3,85,飯田市箱川1040-3,59,144,1.13,0.02,34.9,29.6,9.3,40
20602360010,天竜峡停車場線,天竜峡停車場下平線,上川路大畑線,20205,0,0.4,飯田市川路4759-1,799,飯田市川路4759-1,744,1543,1.21,0.56,24.4,21,5.5,30
20602360020,天竜峡停車場線,上川路大畑線,一般国道１５１号,20205,0,0.2,飯田市川路4759-1,799,飯田市川路4759-1,744,1543,1.21,0.56,30.2,14.3,5.5,30
20602370010,米川飯田線,下条米川飯田線,天竜峡停車場下平線,20205,0,6.3,飯田市龍江4531-5,826,飯田市龍江4531-5,884,1710,1.21,0.21,46.1,43.4,7,40
20602370020,米川飯田線,天竜峡停車場下平線,天竜峡停車場下平線,20205,0,0.2,飯田市龍江4531-5,826,飯田市龍江4531-5,884,1710,1.21,0.21,39.4,33.2,7,40
20602370030,米川飯田線,天竜峡停車場下平線,飯田富山佐久間線,20205,0,1.5,飯田市龍江4531-5,826,飯田市龍江4531-5,884,1710,1.21,0.21,42.4,36.5,8.3,40
20602370050,米川飯田線,飯田富山佐久間線,時又中村線,20205,0,0.1,飯田市時又515,2211,飯田市時又515,2713,4924,1.23,1.32,16.2,15.9,7,40
20602370060,米川飯田線,時又中村線,一般国道１５１号,20205,0,2.3,飯田市時又515,2211,飯田市時又515,2713,4924,1.23,1.32,29.9,26.6,7,40
20602420010,粟野門島停車場線,一般国道１５１号,粟野御供線,20404,0,1,下伊那郡阿南町富草3748,138,下伊那郡阿南町富草3748,133,271,1.08,1.47,32.5,13.7,4,30
20602420020,粟野門島停車場線,粟野御供線,下条米川飯田線,20404,0,3.7,下伊那郡阿南町富草3748,138,下伊那郡阿南町富草3748,133,271,1.08,1.47,28.4,28.4,4,30
20602420040,粟野門島停車場線,下条米川飯田線,,20414,0,0.4,,,,,,,,6.8,28.9,4,30
20602430010,深沢阿南線,一般国道１５３号,阿智村・阿南町境,20407,0,6.5,下伊那郡阿智村浪合398,289,下伊那郡阿智村浪合398,289,578,1.15,0.43,38.8,40.5,5.5,40
20602430020,深沢阿南線,阿智村・阿南町境,阿南根羽線,20404,0,13.2,下伊那郡阿智村浪合398,289,下伊那郡阿智村浪合398,289,578,1.15,0.74,30.6,29.7,5,40
20602440010,温田停車場早稲田線,飯田富山佐久間線,一般国道１５１号,20404,0,2.7,下伊那郡阿南町東条1393,1721,下伊那郡阿南町東条1393,1884,3605,1.24,0.41,37.2,31,10,40
20602470010,米川駄科停車場線,下条米川飯田線,天竜峡停車場下平線,20205,0,3.3,飯田市下久堅知久平1238-1,1445,飯田市下久堅知久平1238-1,1444,2889,1.22,0.13,45.8,47,6,60
20602470020,米川駄科停車場線,天竜峡停車場下平線,飯田富山佐久間線,20205,0,3.5,飯田市下久堅知久平1238-1,1445,飯田市下久堅知久平1238-1,1444,2889,1.22,0.13,40.2,42.3,6,60
20602470040,米川駄科停車場線,飯田富山佐久間線,,20205,0,0.7,飯田市駄科925-8,1861,飯田市駄科925-8,2177,4038,1.23,0.42,20.5,20.6,8,60
20602500010,上川路大畑線,時又中村線,田中乱橋線,20205,0,1,飯田市川路7521,5169,飯田市川路7521,5101,10270,1.3,0.83,37.9,34.6,28,50
20602500020,上川路大畑線,田中乱橋線,天竜峡停車場線,20205,0,1,飯田市川路7521,5169,飯田市川路7521,5101,10270,1.3,0.83,36.8,38.8,28,50
20602500030,上川路大畑線,天竜峡停車場線,一般国道１５１号,20205,0,0.7,飯田市川路7521,5169,飯田市川路7521,5101,10270,1.3,0.83,48.9,46.1,28,50
20602510010,上飯田線,一般国道２５６号,,20205,0,2.8,,152,,192,344,1.11,0.14,33.2,33.2,5,60
20602510020,上飯田線,,飯田市・喬木村境,20205,0,6.6,,152,,192,344,1.11,0.14,33.2,33.2,5,60
20602510030,上飯田線,飯田市・喬木村境,一般国道４７４号（三遠南信道）,20415,0,5,,152,,192,344,1.11,0.55,33.2,33.2,4,60
20602510040,上飯田線,一般国道４７４号（三遠南信道）,伊那生田飯田線,20415,0,12.5,下伊那郡喬木村氏乗10636-5,1031,下伊那郡喬木村氏乗10636-5,888,1919,1.21,0.33,35.5,36.9,7,40
20602510050,上飯田線,伊那生田飯田線,喬木村・飯田市境,20415,0,1.1,飯田市座光寺,5879,飯田市座光寺,5707,11586,1.17,0.35,21.3,23,8.1,40
20602510060,上飯田線,喬木村・飯田市境,一般国道１５３号,20205,0,1.4,飯田市座光寺,5879,飯田市座光寺,5707,11586,1.17,0.34,29.4,21.3,9.1,50
20602510070,上飯田線,一般国道１５３号,市場桜町線,20205,0,0.5,飯田市座光寺,5879,飯田市座光寺,5707,11586,1.17,0.34,15.8,17,9.1,50
20602510080,上飯田線,市場桜町線,,20205,0,0.3,飯田市座光寺,5879,飯田市座光寺,5707,11586,1.17,0.34,12,13.2,9.1,50
20602520010,下久堅知久平線,下条米川飯田線,一般国道２５６号,20205,0,2.3,飯田市下久堅虎岩887-8,1507,飯田市下久堅虎岩887-8,1545,3052,1.23,0.91,39.2,41.5,5.7,60
20602530010,赤石岳公園線,,一般国道１５２号,20417,0,5.7,,138,,143,281,1.08,0.68,28.2,28.2,4.5,60
20602540010,楢川岡谷線,一般国道１９号,塩尻市・辰野町境,20215,0,2.1,,31,,22,53,1.35,0.18,19.2,19.2,3.5,20
20602540020,楢川岡谷線,塩尻市・辰野町境,一般国道１５３号,20382,0,7.7,上伊那郡辰野町小野826,337,上伊那郡辰野町小野826,354,691,1.35,1,32.3,32.3,5,50
20602540040,楢川岡谷線,一般国道１５３号,塩尻市・岡谷市境,20215,0,5.2,塩尻市北小野1503-7,309,塩尻市北小野1503-7,612,921,1.17,0.25,40,30,9.5,40
20602540050,楢川岡谷線,塩尻市・岡谷市境,一般国道２０号,20204,0,3.6,,187,,423,610,1.15,0.1,41.8,31.1,11,60
20602540070,楢川岡谷線,一般国道２０号,下諏訪辰野線,20204,0,2,岡谷市山下町一丁目8,7501,岡谷市山下町一丁目8,7122,14623,1.34,0.93,20.9,17.6,16,40
20602540090,楢川岡谷線,,,20215,0,0.7,,,,,,,,51.9,41.1,9.5,40
20602560010,御岳王滝黒沢線,,王滝加子母付知線,20429,0,3.8,木曽郡木曽町三岳9111,672,木曽郡木曽町三岳9111,738,1410,1.21,0.19,38.1,38.7,10.5,40
20602560020,御岳王滝黒沢線,王滝加子母付知線,王滝村・木曽町境,20429,0,5,木曽郡木曽町三岳9111,672,木曽郡木曽町三岳9111,738,1410,1.21,0.22,40.9,38,7,40
20602560030,御岳王滝黒沢線,王滝村・木曽町境,木曽町・王滝村境,20432,0,2.3,木曽郡木曽町三岳9111,672,木曽郡木曽町三岳9111,738,1410,1.21,0.22,41,38.3,7,40
20602560040,御岳王滝黒沢線,木曽町・王滝村境,王滝村・木曽町境,20429,0,1.9,木曽郡木曽町三岳9111,672,木曽郡木曽町三岳9111,738,1410,1.21,0.21,46.7,45.7,7,40
20602560050,御岳王滝黒沢線,王滝村・木曽町境,開田三岳福島線,20432,0,2.1,木曽郡木曽町三岳9111,672,木曽郡木曽町三岳9111,738,1410,1.21,0.24,40.3,37.5,6,40
20602570010,木曽平沢停車場線,,一般国道１９号,20215,0,1.2,,186,,428,614,1.15,0.16,20.9,32.8,7,30
20602580010,奈良井停車場線,,一般国道１９号,20215,0,0.8,,186,,428,614,1.15,0.92,23.6,9.2,7,30
20602590010,宮ノ越停車場線,,オコシ宮ノ越停車場線,20432,0,0.1,,336,,344,680,1.17,0.38,7.1,7.1,5.5,30
20602590020,宮ノ越停車場線,オコシ宮ノ越停車場線,一般国道１９号,20432,0,1.6,,336,,344,680,1.17,0.38,35.9,25.2,5.5,30
20602610010,野尻停車場線,,一般国道１９号,20430,0,1.4,,1,,797,798,1.19,0.71,26.2,15.2,4,20
20602630010,川合中畑線,開田三岳福島線,鳥居本町線,20432,0,3.7,,184,,378,562,1.15,0.09,31.8,31.8,7,40
20602640010,南木曽停車場線,,一般国道１９号,20423,0,2.3,,1,,797,798,1.19,0.39,10.9,16.1,4.5,30
20602650010,須原大桑停車場線,一般国道１９号,一般国道１９号,20430,0,3,,701,,686,1387,1.22,0.17,31.3,26.7,6.7,40
20602650030,須原大桑停車場線,一般国道１９号,一般国道１９号,20430,0,0.5,,701,,686,1387,1.22,0.82,20.1,16.7,4.4,40
20602670010,オコシ宮ノ越停車場線,一般国道１９号,宮ノ越停車場線,20432,0,3.8,木曽郡木曽町日義1837-1,740,木曽郡木曽町日義1837-1,729,1469,1.21,1.02,25.4,27.9,5.3,40
20602680010,木曽福島停車場線,木曽福島停車場駒ケ岳線,鳥居本町線,20432,0,0.3,,1360,,1228,2588,1.22,0.33,17.6,20.5,8.3,40
20602690010,木曽福島停車場駒ケ岳線,木曽福島停車場線,一般国道１９号,20432,0,1.5,木曽郡木曽町福島伊谷1249-1,1250,木曽郡木曽町福島伊谷1249-1,961,2211,1.22,0.24,28.5,23.6,7,40
20602690020,木曽福島停車場駒ケ岳線,一般国道１９号,,20432,0,5.9,,671,,614,1285,1.22,0.16,24.7,33.5,7,40
20602730010,真田新田線,丸子信州新線,筑北村・上田市境,20452,0,2,,261,,314,575,1.35,0.75,28.2,22.3,4.2,40
20602730020,真田新田線,筑北村・上田市境,上室賀坂城停車場線,20203,0,5.4,,32,,31,63,1.35,0.07,28.9,33.5,5.5,40
20602730030,真田新田線,上室賀坂城停車場線,一般国道１４３号,20203,0,4.8,上田市下室賀707-1,1138,上田市下室賀707-1,1167,2305,1.23,0.19,30.8,30.2,9.5,40
20602740010,宇留賀池田線,大町麻績インター千曲線,生坂村・池田町境,20448,0,1.1,,,,,,,,20,25.6,3.5,30
20602740020,宇留賀池田線,生坂村・池田町境,,20481,0,1.5,北安曇郡池田町会染314-7,330,北安曇郡池田町会染314-7,304,634,1.19,0.9,30.7,31.8,3.3,60
20602740040,宇留賀池田線,,大町明科線,20481,0,10.7,北安曇郡池田町会染314-7,330,北安曇郡池田町会染314-7,304,634,1.19,0.03,30.7,31.8,10.5,60
20602750010,上生坂信濃松川停車場線,一般国道１９号,生坂村・池田町境,20448,0,4.4,,375,,425,800,1.19,0.11,33.6,38.3,10,40
20602750020,上生坂信濃松川停車場線,生坂村・池田町境,大町明科線,20481,0,4.8,北安曇郡池田町会染1031-6,296,北安曇郡池田町会染1031-6,264,560,1.14,0.25,33.6,32.1,5.8,40
20602750040,上生坂信濃松川停車場線,大町明科線,池田町・松川村境,20481,0,0.7,北安曇郡池田町大字池田3098-11,2952,北安曇郡池田町大字池田3098-11,2840,5792,1.29,0.4,16.7,28.6,10.55,40
20602750050,上生坂信濃松川停車場線,池田町・松川村境,有明大町線,20482,0,0.3,北安曇郡池田町大字池田3098-11,2952,北安曇郡池田町大字池田3098-11,2840,5792,1.29,0.42,40.3,34.6,12.2,40
20602750060,上生坂信濃松川停車場線,有明大町線,一般国道１４７号,20482,0,0.8,北安曇郡池田町大字池田3098-11,2952,北安曇郡池田町大字池田3098-11,2840,5792,1.29,0.42,28.6,21.7,12.2,40
20602760010,下生野明科線,一般国道１９号,生坂村・安曇野市境,20448,0,3.1,東筑摩郡生坂村106－1,104,東筑摩郡生坂村106－1,89,193,1.35,0.19,38.7,28.1,5,40
20602760020,下生野明科線,生坂村・安曇野市境,一般国道１９号,20220,0,1.9,,146,,159,305,1.35,0.2,34.3,38.5,4.5,40
20602770010,河鹿沢西条停車場線,一般国道１４３号,筑北村道,20452,0,7.4,東筑摩郡筑北村東条1779－1,280,東筑摩郡筑北村東条1779－1,279,559,1.35,0.07,35.8,35.6,7,40
20602770020,河鹿沢西条停車場線,筑北村道,一般国道４０３号,20452,0,0.1,東筑摩郡筑北村東条1779－1,280,東筑摩郡筑北村東条1779－1,279,559,1.35,0.07,20.7,12.3,7,40
20602770040,河鹿沢西条停車場線,一般国道４０３号,,20452,0,0.1,東筑摩郡筑北村東条1779－1,280,東筑摩郡筑北村東条1779－1,279,559,1.35,0.07,6.1,2.6,7,40
20602780010,大野田梓橋停車場線,一般国道１５８号,塩尻鍋割穂高線,20202,0,5.7,松本市梓川梓2288－1,1602,松本市梓川梓2288－1,1788,3390,1.23,0.33,46.5,46.2,6.5,40
20602780030,大野田梓橋停車場線,塩尻鍋割穂高線,波田北大妻豊科線,20202,0,1.6,松本市梓川梓2288－1,1602,松本市梓川梓2288－1,1788,3390,1.23,0.31,31.4,25.2,7.7,40
20602780040,大野田梓橋停車場線,波田北大妻豊科線,波田北大妻豊科線,20202,0,0.6,松本市梓川梓2288－1,1602,松本市梓川梓2288－1,1788,3390,1.23,0.31,25.9,30.2,7.7,40
20602780050,大野田梓橋停車場線,波田北大妻豊科線,松本環状高家線,20202,0,1.3,松本市梓川梓2288－1,1602,松本市梓川梓2288－1,1788,3390,1.23,0.31,31.3,27.8,7.7,40
20301470230,大野田梓橋停車場線,松本環状高家線,梓橋田沢停車場線,20220,0,0.1,,7756,,9005,16761,1.33,0.59,18.6,6,17.2,40
20602780070,大野田梓橋停車場線,梓橋田沢停車場線,,20220,0,0.1,,1788,,1956,3744,1.23,1.18,7.2,8.4,5,40
20602820010,浅間河添線,,惣社岡田線,20202,0,0.7,松本市美須々878－4,4706,松本市美須々878－4,5103,9809,1.3,0.71,17.4,17.4,7,40
20602820020,浅間河添線,惣社岡田線,惣社岡田線,20202,0,0.6,松本市美須々878－4,4706,松本市美須々878－4,5103,9809,1.3,0.69,13.6,16,18.5,40
20602820030,浅間河添線,惣社岡田線,一般国道１４３号,20202,0,0.7,松本市美須々878－4,4706,松本市美須々878－4,5103,9809,1.3,0.69,25.1,23.3,18.5,40
20602830010,美ケ原公園線,美ケ原公園沖線,,20202,0,3,,,,,,,,34.2,34.2,3,30
20602830030,美ケ原公園線,,松本和田線,20202,0,4.8,松本市入山辺4846－1,115,松本市入山辺4846－1,81,196,1.35,0.03,40.6,16,7,30
20602840010,惣社岡田線,松本和田線,湯の原荒町線,20202,0,1,松本市里山辺1421－1,3117,松本市里山辺1421－1,3242,6359,1.25,0.55,24.7,23.3,7,30
20602840020,惣社岡田線,湯の原荒町線,惣社岡田線,20202,0,1.9,松本市里山辺1421－1,3117,松本市里山辺1421－1,3242,6359,1.25,0.55,26.2,27.2,7,30
20602840030,惣社岡田線,惣社岡田線,,20202,0,0.3,松本市里山辺1421－1,3117,松本市里山辺1421－1,3242,6359,1.25,0.55,19.8,17.2,7,30
20602840050,惣社岡田線,浅間河添線,惣社岡田線,20202,0,0.8,松本市原589－2,4175,松本市原589－2,3680,7855,1.26,0.66,16.7,24.5,12.5,50
20602840060,惣社岡田線,惣社岡田線,一般国道２５４号,20202,0,2,松本市原589－2,4175,松本市原589－2,3680,7855,1.26,0.66,42.3,44.9,12.5,50
20602840080,惣社岡田線,惣社岡田線,浅間河添線,20202,0,0.8,松本市里山辺1421－1,3117,松本市里山辺1421－1,3242,6359,1.25,0.57,19,26.1,10,40
20602840100,惣社岡田線,惣社岡田線,惣社岡田線,20202,0,0.5,,2793,,2663,5456,1.25,0.47,14.7,24.1,11.8,40
20602840110,惣社岡田線,惣社岡田線,一般国道１４３号,20202,0,0.2,,2793,,2663,5456,1.25,0.47,14.2,9.6,11.8,40
20602840130,惣社岡田線,惣社岡田線,一般国道１４３号,20202,0,1.3,,2793,,2663,5456,1.25,0.55,31.6,29.7,7.5,40
20602850010,湯の原荒町線,惣社岡田線,松本和田線,20202,0,0.8,,251,,212,463,1.35,0.58,21.4,18.5,4,30
20602870010,町村白川村井停車場線,松本塩尻線,,20202,0,1.3,松本市寿白瀬渕大畑2125-10,4987,松本市寿白瀬渕大畑2125-10,4680,9667,1.3,0.67,39.2,46.5,12,40
20602870020,町村白川村井停車場線,,寺村南松本停車場線,20202,0,1.4,松本市寿白瀬渕大畑2125-10,4987,松本市寿白瀬渕大畑2125-10,4680,9667,1.3,0.67,30,28,12,40
20602870030,町村白川村井停車場線,寺村南松本停車場線,寺村南松本停車場線,20202,0,2.3,松本市寿白瀬渕大畑2125-10,4987,松本市寿白瀬渕大畑2125-10,4680,9667,1.3,0.67,30.2,29.3,12,40
20602870040,町村白川村井停車場線,寺村南松本停車場線,新茶屋塩尻線,20202,0,2.1,,942,,994,1936,1.22,1.04,33,36.9,4,30
20602870050,町村白川村井停車場線,新茶屋塩尻線,新茶屋塩尻線,20202,0,0.4,松本市村井町南4丁目3-18,4904,松本市村井町南4丁目3-18,4594,9498,1.3,0.45,21.4,14.5,10.5,40
20602870060,町村白川村井停車場線,新茶屋塩尻線,一般国道１９号,20202,0,0.5,松本市村井町南4丁目3-18,4904,松本市村井町南4丁目3-18,4594,9498,1.3,0.45,15.7,9.8,10.5,40
20602880010,新茶屋塩尻線,寺村南松本停車場線,寺村南松本停車場線,20202,0,0.9,松本市寿中1-14-7,4724,松本市寿中1-14-7,6840,11564,1.3,0.94,15.8,22.4,9.5,40
20602880020,新茶屋塩尻線,寺村南松本停車場線,新茶屋塩尻線,20202,0,0.9,松本市寿中1-14-7,4724,松本市寿中1-14-7,6840,11564,1.3,0.94,23.9,26,9.5,40
20602880030,新茶屋塩尻線,新茶屋塩尻線,町村白川村井停車場線,20202,0,1.9,松本市寿中1-14-7,4724,松本市寿中1-14-7,6840,11564,1.3,0.94,25.5,22,9.5,40
20602880040,新茶屋塩尻線,町村白川村井停車場線,松本市・塩尻市境,20202,0,0.4,塩尻市広丘吉田2706-2,4594,塩尻市広丘吉田2706-2,5486,10080,1.23,0.78,13.7,24.9,10.5,40
20602880050,新茶屋塩尻線,松本市・塩尻市境,新茶屋塩尻線,20215,0,2.7,塩尻市広丘吉田2706-2,4594,塩尻市広丘吉田2706-2,5486,10080,1.23,0.71,46.2,39.3,10,40
20602880070,新茶屋塩尻線,南原広丘停車場線,松本塩尻線,20215,0,1.4,塩尻市広丘吉田2706-2,4594,塩尻市広丘吉田2706-2,5486,10080,1.23,0.71,34.8,38,10,40
20602880090,新茶屋塩尻線,新茶屋塩尻線,町村白川村井停車場線,20202,0,1.6,,943,,1142,2085,1.21,0.62,20.8,23.6,5.8,40
20602880110,新茶屋塩尻線,新茶屋塩尻線,,20215,0,1,,,,,,,,20,44.7,10,40
20602880130,新茶屋塩尻線,一般国道１５３号,塩尻停車場線,20215,0,0.9,,4294,,4118,8412,1.29,0.83,15.5,14.6,11,40
20602890010,寺村南松本停車場線,松本塩尻線,町村白川村井停車場線,20202,0,0.6,松本市白川556-1,3642,松本市白川556-1,3578,7220,1.26,0.72,31,38.3,6,40
20602890030,寺村南松本停車場線,町村白川村井停車場線,新茶屋塩尻線,20202,0,2,松本市白川556-1,3642,松本市白川556-1,3578,7220,1.26,0.63,35.1,33.9,7,40
20602890050,寺村南松本停車場線,新茶屋塩尻線,平田新橋線,20202,0,0.4,松本市出川町20-9,3079,松本市出川町20-9,3351,6430,1.18,0.77,15.9,14.6,7.3,40
20602890060,寺村南松本停車場線,平田新橋線,,20202,0,0.5,松本市出川町20-9,3079,松本市出川町20-9,3351,6430,1.18,0.77,13,10.6,7.3,40
20602900010,南原広丘停車場線,松本塩尻線,新茶屋塩尻線,20215,0,0.8,塩尻市広丘野村1643-6,936,塩尻市広丘野村1643-6,1339,2275,1.18,0.39,33.7,32,10,40
20602900020,南原広丘停車場線,新茶屋塩尻線,新茶屋塩尻線,20202,0,0.3,塩尻市広丘野村1643-6,936,塩尻市広丘野村1643-6,1339,2275,1.18,0.43,16.3,14.3,10,40
20602900030,南原広丘停車場線,新茶屋塩尻線,南原広丘停車場線,20215,0,0.8,塩尻市広丘野村1643-6,936,塩尻市広丘野村1643-6,1339,2275,1.18,0.34,20.6,20.8,10,40
20602900040,南原広丘停車場線,南原広丘停車場線,一般国道１９号,20215,0,0.8,塩尻市広丘野村1643-6,936,塩尻市広丘野村1643-6,1339,2275,1.18,0.41,21.6,17.1,6,40
20602900050,南原広丘停車場線,一般国道１９号,,20215,0,0.2,塩尻市広丘野村1643-6,936,塩尻市広丘野村1643-6,1339,2275,1.18,0.41,5.8,12,6,40
20602900070,南原広丘停車場線,,南原広丘停車場線,20215,0,0.1,塩尻市広丘野村1643-6,936,塩尻市広丘野村1643-6,1339,2275,1.18,0.32,10.5,27.3,12.5,40
20602910010,新田松本線,御馬越塩尻停車場線,新田松本線,20451,0,0.8,,,,,,,,38.2,39.8,13,40
20602910030,新田松本線,御馬越塩尻停車場線,新田松本線,20451,0,1.4,,5158,,5931,11089,1.3,1.19,21.3,29.8,6.5,40
20602910040,新田松本線,新田松本線,朝日村・山形村境,20451,0,2.3,,5158,,5931,11089,1.3,1.18,36.7,43.1,8,40
20602910050,新田松本線,朝日村・山形村境,塩尻鍋割穂高線,20450,0,1.1,,5158,,5931,11089,1.3,1.27,36.3,37.4,8.5,40
20602910070,新田松本線,塩尻鍋割穂高線,上竹田波田線,20450,0,0.2,東筑摩郡山形村8165－3,4754,東筑摩郡山形村8165－3,5103,9857,1.3,0.86,30.3,17,7.7,40
20602910080,新田松本線,上竹田波田線,新田松本線,20450,0,2.1,東筑摩郡山形村8165－3,4754,東筑摩郡山形村8165－3,5103,9857,1.3,0.86,32.8,36.6,7.7,40
20602910090,新田松本線,新田松本線,松本環状高家線,20202,0,1.3,東筑摩郡山形村8165－3,4754,東筑摩郡山形村8165－3,5103,9857,1.3,0.8,39.4,35.3,12,40
20602910100,新田松本線,松本環状高家線,一般国道１５８号,20202,0,5.2,松本市和田1854－3,6257,松本市和田1854－3,6585,12842,1.31,0.97,26.8,26.2,12,40
20602910120,新田松本線,,新田松本線,20450,0,0.8,,5158,,5931,11089,1.3,1.07,22.4,25.7,15,40
20602920010,御馬越塩尻停車場線,,新田松本線,20451,0,4.9,東筑摩郡朝日村古見273,179,東筑摩郡朝日村古見273,185,364,1.21,0.05,34.7,34.7,6,50
20602920020,御馬越塩尻停車場線,新田松本線,新田松本線,20451,0,0.3,東筑摩郡朝日村古見273,179,東筑摩郡朝日村古見273,185,364,1.21,0.05,21.8,16.1,6,50
20602920030,御馬越塩尻停車場線,新田松本線,土合松本線,20451,0,0.7,東筑摩郡朝日村古見273,179,東筑摩郡朝日村古見273,185,364,1.21,0.05,27.6,36.3,6,50
20602920040,御馬越塩尻停車場線,土合松本線,朝日村・塩尻市境,20451,0,1.9,塩尻市洗馬3279-3,1009,塩尻市洗馬3279-3,1046,2055,1.21,0.34,42.2,46.5,6.5,50
20602920050,御馬越塩尻停車場線,朝日村・塩尻市境,上今井洗馬停車場線,20215,0,2.4,塩尻市洗馬3279-3,1009,塩尻市洗馬3279-3,1046,2055,1.21,0.38,39.7,39,5.75,40
20602920070,御馬越塩尻停車場線,上今井洗馬停車場線,原洗馬停車場線,20215,0,1.4,塩尻市洗馬3279-3,1009,塩尻市洗馬3279-3,1046,2055,1.21,0.32,29.1,28.7,7.5,40
20602920080,御馬越塩尻停車場線,原洗馬停車場線,一般国道１９号,20215,0,0.9,塩尻市宗賀71-35,1906,塩尻市宗賀71-35,1774,3680,1.23,0.43,28.3,24,7.5,40
20602920090,御馬越塩尻停車場線,一般国道１９号,塩尻停車場線,20215,0,1.8,塩尻市宗賀71-35,1906,塩尻市宗賀71-35,1774,3680,1.23,0.44,24.2,27.8,20,40
20602920100,御馬越塩尻停車場線,塩尻停車場線,,20215,0,0.2,塩尻市宗賀71-35,1906,塩尻市宗賀71-35,1774,3680,1.23,0.44,13.8,18.5,20,40
20602930010,上今井洗馬停車場線,土合松本線,松本市・塩尻市境,20202,0,0.3,塩尻市洗馬岩垂6246-4,605,塩尻市洗馬岩垂6246-4,522,1127,1.2,0.74,31.3,39.5,4.5,30
20602930020,上今井洗馬停車場線,松本市・塩尻市境,御馬越塩尻停車場線,20215,0,3.7,塩尻市洗馬岩垂6246-4,605,塩尻市洗馬岩垂6246-4,522,1127,1.2,0.11,33.2,31.9,6,30
20602930030,上今井洗馬停車場線,御馬越塩尻停車場線,御馬越塩尻停車場線,20215,0,0.2,塩尻市洗馬岩垂6246-4,605,塩尻市洗馬岩垂6246-4,522,1127,1.2,0.11,17.4,26.4,6,30
20602930040,上今井洗馬停車場線,御馬越塩尻停車場線,原洗馬停車場線,20215,0,2.5,塩尻市洗馬岩垂6246-4,605,塩尻市洗馬岩垂6246-4,522,1127,1.2,0.11,38.1,39,6,30
20602930050,上今井洗馬停車場線,原洗馬停車場線,本山床尾線,20215,0,0.4,塩尻市洗馬岩垂6246-4,605,塩尻市洗馬岩垂6246-4,522,1127,1.2,0.11,30.9,27.7,6,30
20602930060,上今井洗馬停車場線,本山床尾線,本山床尾線,20215,0,0.3,塩尻市洗馬岩垂6246-4,605,塩尻市洗馬岩垂6246-4,522,1127,1.2,0.11,43.1,35.2,6,30
20602930070,上今井洗馬停車場線,本山床尾線,,20215,0,0.1,塩尻市洗馬岩垂6246-4,605,塩尻市洗馬岩垂6246-4,522,1127,1.2,0.11,13.4,2.6,6,30
20602940010,原洗馬停車場線,一般国道１９号,塩尻鍋割穂高線,20215,0,1.1,塩尻市広丘吉田1005,2561,塩尻市広丘吉田1005,2414,4975,1.26,0.53,12.4,17.5,7.8,40
20602940020,原洗馬停車場線,塩尻鍋割穂高線,御馬越塩尻停車場線,20215,0,4.5,塩尻市広丘吉田1005,2561,塩尻市広丘吉田1005,2414,4975,1.26,0.53,27.2,28.5,7.8,40
20602940030,原洗馬停車場線,御馬越塩尻停車場線,上今井洗馬停車場線,20215,0,2.1,塩尻市広丘吉田1005,2561,塩尻市広丘吉田1005,2414,4975,1.26,0.53,38.4,37.3,7.8,40
20602950010,平田新橋線,一般国道１９号,新茶屋塩尻線,20202,0,0.7,松本市出川2－11,1717,松本市出川2－11,1726,3443,1.12,0.38,18.8,25.9,7.8,40
20602950030,平田新橋線,寺村南松本停車場線,兎川寺鎌田線,20202,0,1.7,松本市出川2－11,1717,松本市出川2－11,1726,3443,1.12,0.4,25.3,14.5,7,40
20602950040,平田新橋線,兎川寺鎌田線,兎川寺鎌田線,20202,0,0.6,,8576,,5140,13716,1.32,0.68,,7.9,7,40
20602950050,平田新橋線,兎川寺鎌田線,一般国道１４３号,20202,0,0.4,,8576,,5140,13716,1.32,0.36,13.1,10.3,19,40
20602950070,平田新橋線,一般国道１４３号,一般国道１９号,20202,0,2.3,松本市大手435－1,4456,松本市大手435－1,5258,9714,1.3,0.76,14.6,15.7,6.5,40
20602960010,松本空港線,松本空港塩尻北インター線,松本市道,20202,0,1.7,松本市空港東8961-3,3943,松本市空港東8961-3,3583,7526,1.3,0.64,30.1,28.3,7.5,40
20602960020,松本空港線,松本市道,松本環状高家線,20202,0,0.5,松本市空港東8961-3,3943,松本市空港東8961-3,3583,7526,1.3,0.64,22.7,20.7,7.5,40
20602960030,松本空港線,松本環状高家線,一般国道１９号,20202,0,4.1,松本市石芝3-23,7949,松本市石芝3-23,8154,16103,1.34,0.8,20.4,17,16,40
20602970010,兎川寺鎌田線,松本和田線,松本塩尻線,20202,0,2.6,松本市里山辺4790,996,松本市里山辺4790,1112,2108,1.21,0.37,27.9,30.6,7,30
20602970030,兎川寺鎌田線,松本塩尻線,平田新橋線,20202,0,1.3,,8576,,5140,13716,1.32,0.61,15.9,13.9,8,40
20602970050,兎川寺鎌田線,平田新橋線,一般国道１９号,20202,0,1,松本市鎌田1丁目5-12,6688,松本市鎌田1丁目5-12,7476,14164,1.25,0.4,13.5,16.8,31,40
20602980010,土合松本線,御馬越塩尻停車場線,朝日村・松本市境,20451,0,2.1,松本市今井堂村981-1,352,松本市今井堂村981-1,299,651,1.35,0.07,31.4,38.1,7,40
20602980020,土合松本線,朝日村・松本市境,上今井洗馬停車場線,20202,0,2,松本市今井堂村981-1,352,松本市今井堂村981-1,299,651,1.35,0.5,34.9,35.6,5.5,30
20602980030,土合松本線,上今井洗馬停車場線,塩尻鍋割穂高線,20202,0,1.6,松本市今井堂村981-1,352,松本市今井堂村981-1,299,651,1.35,0.5,24.1,24.3,5.5,30
20602980040,土合松本線,塩尻鍋割穂高線,松本平広域公園線,20202,0,1.9,松本市今井7250,2652,松本市今井7250,2980,5632,1.26,0.57,36.8,38.7,16,40
20602980050,土合松本線,松本平広域公園線,松本環状高家線,20202,0,1.2,松本市今井7250,2652,松本市今井7250,2980,5632,1.26,0.57,34.4,32.1,16,40
20603000010,白骨温泉線,,一般国道１５８号,20202,0,5,,289,,290,579,1.35,0.33,31.9,31.1,5.5,40
20603010010,塩尻停車場線,一般国道１５３号,新茶屋塩尻線,20215,0,0.9,塩尻市大門一番町598-7,3660,塩尻市大門一番町598-7,3534,7194,1.29,0.52,19.7,24.8,15,40
20603010020,塩尻停車場線,新茶屋塩尻線,御馬越塩尻停車場線,20215,0,0.2,塩尻市大門一番町598-7,3660,塩尻市大門一番町598-7,3534,7194,1.29,0.52,17.6,15.2,15,40
20603020010,矢室明科線,一般国道１４３号,会田西条停車場線,20202,0,4,松本市板場18－3,961,松本市板場18－3,1090,2051,1.21,0.25,41,48.3,9,40
20603020020,矢室明科線,会田西条停車場線,松本市・安曇野市境,20202,0,3.9,,1410,,1433,2843,1.22,0.39,48.8,42.7,9,40
20603020030,矢室明科線,松本市・安曇野市境,一般国道１９号,20220,0,2.8,安曇野市明科中川手6462-3,1027,安曇野市明科中川手6462-3,1032,2059,1.22,0.25,45.4,39.2,10,40
20603030010,会田西条停車場線,矢室明科線,松本市・筑北村境,20202,0,7.7,松本市中川1016-5,660,松本市中川1016-5,643,1303,1.17,0.19,42.2,35.3,7,40
20603030020,会田西条停車場線,松本市・筑北村境,一般国道４０３号,20452,0,4.4,東筑摩郡筑北村乱橋1857－2,322,東筑摩郡筑北村乱橋1857－2,342,664,1.21,0.09,45.9,49.5,8,40
20603040010,本山床尾線,一般国道１９号,上今井洗馬停車場線,20215,0,0.5,,2110,,2317,4427,1.24,0.54,29.3,28.2,6.5,40
20603040030,本山床尾線,上今井洗馬停車場線,一般国道１９号,20215,0,1.8,,2110,,2317,4427,1.24,0.55,38.9,31.6,7,40
20603050010,床尾大門線,一般国道１９号,一般国道１５３号,20215,0,3,,2202,,2413,4615,1.25,0.65,25.8,19,5.5,40
20603060010,有明大町線,穂高明科線,原木戸安曇追分停車場線,20220,0,4,安曇野市穂高北穂高1033-1（安曇橋南交差点）,7063,安曇野市穂高北穂高1033-1（安曇橋南交差点）,6511,13574,1.32,1.08,44.8,51.1,8,50
20603060020,有明大町線,原木戸安曇追分停車場線,安曇野市・松川村境,20220,0,0.7,,6709,,6515,13224,1.32,1.03,33.7,45.8,8,50
20603060030,有明大町線,安曇野市・松川村境,上生坂信濃松川停車場線,20482,0,4.9,北安曇郡松川村細野5375-1,5603,北安曇郡松川村細野5375-1,6291,11894,1.27,1.05,55.1,51.8,8,60
20603060040,有明大町線,上生坂信濃松川停車場線,松川村・大町市境,20482,0,1.8,大町市常盤9118,5518,大町市常盤9118,5635,11153,1.3,0.9,54.5,58.6,8,60
20603060045,有明大町線,松川村・大町市境,大平大峰沓掛線,20212,0,1.2,大町市常盤9118,5518,大町市常盤9118,5635,11153,1.3,0.9,58.2,55.3,8,60
20603060050,有明大町線,大平大峰沓掛線,一般国道１４７号,20212,0,4,大町市常盤9118,5518,大町市常盤9118,5635,11153,1.3,0.96,57.8,51.8,14,60
20603060070,有明大町線,塩尻鍋割穂高線,安曇野市・松川村境,20220,0,1.1,,1457,,1264,2721,1.22,0.33,41.8,44.5,6.4,40
20603060080,有明大町線,安曇野市・松川村境,矢地赤芝線,20482,0,5.1,北安曇郡松川村川西3389-1,2020,北安曇郡松川村川西3389-1,2048,4068,1.23,0.43,43.7,47.8,10,40
20603060090,有明大町線,矢地赤芝線,松川村・大町市境,20482,0,3.1,北安曇郡松川村川西3389-1,2020,北安曇郡松川村川西3389-1,2048,4068,1.23,0.43,54.4,54.3,10,40
20603060100,有明大町線,松川村・大町市境,あづみの公園大町線,20212,0,0.2,北安曇郡松川村川西3389-1,2020,北安曇郡松川村川西3389-1,2048,4068,1.23,0.42,44.3,35.1,16,40
20603060110,有明大町線,あづみの公園大町線,一般国道１４７号,20212,0,7.9,北安曇郡松川村川西3389-1,2020,北安曇郡松川村川西3389-1,2048,4068,1.23,0.42,43.6,44.9,16,40
20603060120,有明大町線,一般国道１４７号,信濃大町停車場線,20212,0,0.4,,1467,,1385,2852,1.22,0.28,11.7,16.8,16,40
20603070010,下木戸有明停車場線,穂高明科線,一般国道１４７号,20220,0,2.5,,683,,519,1202,1.22,0.15,37.7,35.5,8.5,30
20603070030,下木戸有明停車場線,,一般国道１４７号,20220,0,2.1,,,,,,,,26.9,22.6,10,50
20603080010,小岩岳穂高停車場線,塩尻鍋割穂高線,穂高停車場線,20220,0,4.1,安曇野市穂高有明9611,3183,安曇野市穂高有明9611,3186,6369,1.27,0.48,31.4,30.1,10,40
20603080020,小岩岳穂高停車場線,穂高停車場線,塚原穂高停車場線,20220,0,0.1,安曇野市穂高有明9611,3183,安曇野市穂高有明9611,3186,6369,1.27,0.51,17.4,16.7,12,40
20603080030,小岩岳穂高停車場線,塚原穂高停車場線,,20220,0,0.1,,3072,,2940,6012,1.27,0.63,11.7,9.1,12,40
20603090010,塚原穂高停車場線,塩尻鍋割穂高線,安曇野市道,20220,0,3.8,,2516,,2166,4682,1.24,0.52,28.3,32.4,10,40
20603090050,塚原穂高停車場線,安曇野市道,安曇野市道,20220,0,0.1,,2516,,2166,4682,1.24,0.3,20.7,19.3,15,40
20603090030,塚原穂高停車場線,安曇野市道,小岩岳穂高停車場線,20220,0,2.5,,2516,,2166,4682,1.24,0.44,25.5,25.7,6.8,40
20603100010,柏矢町田沢停車場線,一般国道１４７号,豊科大天井岳線,20220,0,3,安曇野市豊科南穂高1433-1（光橋西交差点）,8276,安曇野市豊科南穂高1433-1（光橋西交差点）,8330,16606,1.24,1.23,27.6,27.7,12,50
20603100020,柏矢町田沢停車場線,豊科大天井岳線,長野自動車道,20220,0,1.7,安曇野市豊科南穂高1433-1（光橋西交差点）,7294,安曇野市豊科南穂高1433-1（光橋西交差点）,7067,14361,1.25,1.13,25.4,24,10,50
20603140010,田多井中萱豊科線,塩尻鍋割穂高線,中堀一日市場停車場線,20220,0,2.4,,713,,931,1644,1.21,0.2,38.5,34.9,7.2,40
20603140020,田多井中萱豊科線,中堀一日市場停車場線,中堀一日市場停車場線,20220,0,0.8,,713,,931,1644,1.21,0.2,20.9,36,7,40
20603140030,田多井中萱豊科線,中堀一日市場停車場線,波田北大妻豊科線,20220,0,2.4,安曇野市豊科478-3（立石交差点）,1709,安曇野市豊科478-3（立石交差点）,1646,3355,1.23,0.4,34.8,24.3,7,40
20603140040,田多井中萱豊科線,波田北大妻豊科線,梓橋田沢停車場線,20220,0,0.1,安曇野市豊科478-3（立石交差点）,1709,安曇野市豊科478-3（立石交差点）,1646,3355,1.23,0.31,6.6,18.2,10.5,40
20603150005,波田北大妻豊科線,一般国道１５８号,波田北大妻豊科線,20202,0,0.6,松本市波田643－1,5817,松本市波田643－1,4920,10737,1.3,1.05,18.3,30.3,10,40
20603150010,波田北大妻豊科線,波田北大妻豊科線,大野田梓橋停車場線,20202,0,1.9,松本市波田643－1,5817,松本市波田643－1,4920,10737,1.3,1.05,37.8,30.2,10,40
20603150030,波田北大妻豊科線,大野田梓橋停車場線,松本市・安曇野市境,20202,0,1.5,松本市梓川倭65-2,3462,松本市梓川倭65-2,3115,6577,1.27,0.59,32.4,39.7,7,40
20603150040,波田北大妻豊科線,松本市・安曇野市境,小倉梓橋停車場線,20220,0,1.5,安曇野市三郷明盛1661-1,3009,安曇野市三郷明盛1661-1,3120,6129,1.25,0.54,27.1,26.7,7,40
20603150050,波田北大妻豊科線,小倉梓橋停車場線,小倉梓橋停車場線,20220,0,0.3,安曇野市三郷明盛1661-1,3009,安曇野市三郷明盛1661-1,3120,6129,1.25,0.54,20,16.1,7,40
20603150060,波田北大妻豊科線,小倉梓橋停車場線,中堀一日市場停車場線,20220,0,0.4,安曇野市三郷明盛1661-1,3009,安曇野市三郷明盛1661-1,3120,6129,1.25,0.54,12.1,23.1,7,40
20603150070,波田北大妻豊科線,中堀一日市場停車場線,田多井中萱豊科線,20220,0,1.5,安曇野市豊科478-3（立石交差点）,2931,安曇野市豊科478-3（立石交差点）,3105,6036,1.25,0.65,29.7,26.7,6.5,40
20603150085,波田北大妻豊科線,一般国道１５８号,塩尻鍋割穂高線,20202,0,2.4,,,,,,,,53.1,37.2,16,40
20603150090,波田北大妻豊科線,塩尻鍋割穂高線,波田北大妻豊科線,20202,0,1.6,,,,,,,,44,37.2,16,40
20301470220,梓橋田沢停車場線,大野田梓橋停車場線,小倉梓橋停車場線,20220,0,0.5,,7756,,9005,16761,1.33,1.43,28.9,6.4,11,40
20301470210,梓橋田沢停車場線,小倉梓橋停車場線,田多井中萱豊科線,20220,0,1.8,安曇野市豊科478-3（立石交差点）,6704,安曇野市豊科478-3（立石交差点）,7485,14189,1.32,1.16,32.2,30.6,8.3,40
20301470200,梓橋田沢停車場線,田多井中萱豊科線,一般国道１４７号,20220,0,1.7,安曇野市豊科478-3（立石交差点）,6704,安曇野市豊科478-3（立石交差点）,7485,14189,1.32,1.16,29.9,22.5,8.3,40
20603160010,梓橋田沢停車場線,一般国道１４７号,安曇野インター堀金線,20220,0,2.3,,6030,,6183,12213,1.31,0.89,27.7,26.3,14,50
20603170010,穂高停車場線,小岩岳穂高停車場線,一般国道１４７号,20220,0,0.6,,3072,,2940,6012,1.27,0.65,14.9,17.4,12,40
20603190010,小倉梓橋停車場線,豊科大天井岳線,塩尻鍋割穂高線,20220,0,6.2,,541,,544,1085,1.2,0.62,25.4,19.5,4.5,40
20603190020,小倉梓橋停車場線,塩尻鍋割穂高線,波田北大妻豊科線,20220,0,4.8,安曇野市三郷温2267,1673,安曇野市三郷温2267,1418,3091,1.22,0.39,29.6,31,10,40
20603190040,小倉梓橋停車場線,波田北大妻豊科線,梓橋田沢停車場線,20220,0,2.2,,1623,,1445,3068,1.22,0.35,31,33.4,14,40
20603200010,倭北松本停車場線,松本環状高家線,一般国道１９号,20202,0,6.2,松本市島立556-1,6695,松本市島立556-1,7573,14268,1.33,0.97,23.1,19.5,12,50
20603210010,中堀一日市場停車場線,安曇野インター堀金線,田多井中萱豊科線,20220,0,1.5,,2213,,2139,4352,1.24,0.59,30.2,33.9,5.3,30
20603210030,中堀一日市場停車場線,田多井中萱豊科線,波田北大妻豊科線,20220,0,4.2,安曇野市三郷温5919,8136,安曇野市三郷温5919,7680,15816,1.24,1.24,30.1,31.7,7,50
20603210040,中堀一日市場停車場線,波田北大妻豊科線,,20220,0,0.5,,10503,,10210,20713,1.35,0.74,15.4,18.9,6.1,40
20603220010,白馬岳線,,一般国道１４８号,20485,0,10.1,北安曇郡白馬村北城5742,2346,北安曇郡白馬村北城5742,2610,4956,1.25,0.7,29.5,29.3,16,60
20603240010,青具簗場停車場線,白馬美麻線,,20212,0,2.7,大町市平20328,153,大町市平20328,166,319,1.11,0.36,25,24.2,5,60
20603240030,青具簗場停車場線,,,20212,0,1.2,大町市平20328,153,大町市平20328,166,319,1.11,0.36,31.5,33.1,5,60
20603240050,青具簗場停車場線,,一般国道１４８号,20212,0,0.2,大町市平20328,153,大町市平20328,166,319,1.11,0.36,35.9,50.1,5,60
20603240060,青具簗場停車場線,一般国道１４８号,,20212,0,1.1,大町市平20328,153,大町市平20328,166,319,1.11,0.36,45.3,41.9,5,60
20603250010,白馬岳大町線,,一般国道１４８号,20212,0,12.1,大町市平2654-12,766,大町市平2654-12,719,1485,1.22,0.3,39.6,39.3,6.1,40
20603260010,槍ケ岳線,,一般国道１４７号,20212,0,15.8,大町市平430-4,832,大町市平430-4,782,1614,1.21,0.17,42.1,36.9,12,40
20603270010,槍ケ岳矢村線,,塩尻鍋割穂高線,20220,0,14.2,安曇野市穂高宮城7299,482,安曇野市穂高宮城7299,599,1081,1.21,0.7,35.8,32,4.5,40
20603290010,原木戸安曇追分停車場線,大町明科線,池田町・安曇野市境,20481,0,1.4,北安曇郡池田町十日市場11525-1,2953,北安曇郡池田町十日市場11525-1,3072,6025,1.25,0.61,35.6,43.3,9.5,50
20603290020,原木戸安曇追分停車場線,池田町・安曇野市境,有明大町線,20220,0,0.2,安曇野市穂高北穂高,2885,安曇野市穂高北穂高,3165,6050,1.16,0.6,23.1,13.9,17.5,50
20603290030,原木戸安曇追分停車場線,有明大町線,一般国道１４７号,20220,0,0.3,安曇野市穂高北穂高,2885,安曇野市穂高北穂高,3165,6050,1.16,0.7,17.5,17,19,50
20603290050,原木戸安曇追分停車場線,一般国道１４７号,,20220,0,0.1,安曇野市穂高北穂高,2885,安曇野市穂高北穂高,3165,6050,1.16,0.75,5.4,9.9,6,40
20603300010,奉納中土停車場線,,一般国道１４８号,20486,0,5.7,北安曇郡小谷村中小谷丙2590-1,271,北安曇郡小谷村中小谷丙2590-1,280,551,1.15,0.07,22.4,22.1,7,60
20603300020,奉納中土停車場線,一般国道１４８号,川尻小谷糸魚川線,20486,0,1.2,北安曇郡小谷村中小谷丙2590-1,271,北安曇郡小谷村中小谷丙2590-1,280,551,1.15,0.07,24.4,37.9,7,60
20603340005,大平大峰沓掛線,大町明科線,有明大町線,20212,0,1.1,大町市社2352-1,1257,大町市社2352-1,1306,2563,1.22,0.35,47.7,47.7,12,60
20603340010,大平大峰沓掛線,有明大町線,一般国道１４７号,20212,0,0.5,大町市社2352-1,1257,大町市社2352-1,1306,2563,1.22,0.38,30.8,24,12,60
20603350010,森篠ノ井線,,白石千曲線,20218,0,1.3,千曲市大字雨宮1487-2,1634,千曲市大字雨宮1487-2,1554,3188,1.22,0.43,38.4,28.8,8.5,40
20603350020,森篠ノ井線,白石千曲線,千曲市道,20218,0,1.8,千曲市大字雨宮1487-2,1634,千曲市大字雨宮1487-2,1554,3188,1.22,0.43,38.4,28.8,8.5,40
20304030520,森篠ノ井線,千曲市道,一般国道４０３号,20218,0,0.3,千曲市大字雨宮1487-2,1634,千曲市大字雨宮1487-2,1554,3188,1.22,0.94,20.2,20.1,5.5,40
20603350040,森篠ノ井線,一般国道４０３号,一般国道１８号,20218,0,1,千曲市大字雨宮1487-2,1634,千曲市大字雨宮1487-2,1554,3188,1.22,0.39,32.4,14.1,12,40
20603360010,戸倉停車場線,,一般国道１８号,20218,0,0.1,千曲市大字戸倉1867-8,886,千曲市大字戸倉1867-8,1029,1915,1.21,0.28,7.2,3.9,10,40
20603370010,屋代停車場線,,白石千曲線,20218,0,0.1,,1187,,1226,2413,1.22,0.38,12.1,6,22,40
20603380010,内川姨捨停車場線,一般国道１８号,長野上田線,20218,0,2.2,千曲市大字須坂89,1846,千曲市大字須坂89,1812,3658,1.22,0.32,25.1,24.2,10,40
20603380030,内川姨捨停車場線,長野上田線,市道９５１１号,20218,0,3.2,千曲市大字羽尾1087-1,1505,千曲市大字羽尾1087-1,1697,3202,1.23,0.36,35,36.9,10,40
20603380040,内川姨捨停車場線,市道９５１１号,姨捨停車場線,20218,0,0.3,千曲市大字羽尾1087-1,1505,千曲市大字羽尾1087-1,1697,3202,1.23,0.36,25.8,28.7,10,40
20400770330,新田坂城停車場線,長野上田線,千曲市道,20218,0,0.5,千曲市大字上山田361,754,千曲市大字上山田361,808,1562,1.22,1.15,21.9,31.9,5.5,30
20603390010,新田坂城停車場線,千曲市道,千曲市・坂城町境,20218,0,0.7,千曲市大字上山田361,754,千曲市大字上山田361,808,1562,1.22,1.15,26.2,26.3,5.5,30
20603390020,新田坂城停車場線,千曲市・坂城町境,一般国道１８号,20521,0,0.2,千曲市大字上山田361,754,千曲市大字上山田361,808,1562,1.22,1.37,25.2,9.4,4.5,30
20603390040,新田坂城停車場線,一般国道１８号,上室賀坂城停車場線,20521,0,1.2,埴科郡坂城町大字坂城6329-1,1040,埴科郡坂城町大字坂城6329-1,1305,2345,1.22,0.98,23.5,35,5.5,40
20603400010,姨捨停車場線,内川姨捨停車場線,一般国道４０３号,20218,0,0.9,,,,,,,,35.9,35.8,7,50
20603400030,姨捨停車場線,一般国道４０３号,一般国道１８号,20218,0,2.1,千曲市大字八幡4427-3,700,千曲市大字八幡4427-3,771,1471,1.21,0.21,40.7,35.9,10,50
20603400040,姨捨停車場線,一般国道１８号,長野上田線,20218,0,0.7,千曲市大字八幡3804,1630,千曲市大字八幡3804,1682,3312,1.22,0.36,22.5,31.4,10,50
20603400050,姨捨停車場線,長野上田線,一般国道１８号,20218,0,2.4,千曲市大字新田718,5161,千曲市大字新田718,5216,10377,1.33,0.88,26.6,21.3,12.5,50
20603420010,宮村湯田中停車場線,豊野南志賀公園線,,20543,0,1.3,,181,,195,376,1.13,0.45,35.7,36.9,4,30
20603420080,宮村湯田中停車場線,宮村湯田中停車場線,角間中野線,20561,0,1.9,,411,,370,781,1.19,0.11,36.3,40,8.3,40
20603420090,宮村湯田中停車場線,角間中野線,一般国道２９２号,20561,0,0.9,,411,,370,781,1.19,0.11,26.6,24.4,8.3,40
20603420100,宮村湯田中停車場線,一般国道２９２号,湯田中停車場線,20561,0,1.4,,411,,370,781,1.19,0.11,22.9,22.7,8.3,40
20603420120,宮村湯田中停車場線,,中野市・山ノ内町境,20211,0,0.1,,546,,601,1147,1.21,0.72,39.4,39.4,4.5,30
20603420130,宮村湯田中停車場線,中野市・山ノ内町境,宮村湯田中停車場線,20561,0,2.7,,546,,601,1147,1.21,0.72,39.4,39.4,4.5,30
20603420030,宮村湯田中停車場線,,高山村・中野市境,20543,0,1.1,,,,,,,,33.8,34.6,1.5,30
20603420040,宮村湯田中停車場線,高山村・中野市境,,20211,0,1.7,,,,,,,,33.8,34.6,1.5,60
20603420050,宮村湯田中停車場線,,中野市・山ノ内町境,20211,0,0.8,,,,,,,,33.8,34.6,1.5,60
20603420060,宮村湯田中停車場線,中野市・山ノ内町境,,20561,0,0.8,,,,,,,,33.8,34.6,2.5,60
20603430010,村山小布施停車場線,一般国道４０６号,相之島高山線,20207,0,2.8,須坂市大字村山226-3地先,6579,須坂市大字村山226-3地先,6799,13378,1.3,1,17.4,33.6,12,40
20603430020,村山小布施停車場線,相之島高山線,新田春木線,20207,0,0.5,,8238,,8142,16380,1.33,1.29,36.9,34.9,12,40
20603430030,村山小布施停車場線,新田春木線,須坂市・小布施町境,20207,0,0.3,,5470,,5891,11361,1.3,0.92,43.8,41.7,12,50
20603430035,村山小布施停車場線,須坂市・小布施町境,上信越自動車道,20541,0,0.3,,,,,,,,34.8,26.8,12,50
20603430040,村山小布施停車場線,上信越自動車道,豊野南志賀公園線,20541,0,1.3,,5470,,5891,11361,1.3,0.99,36.1,28.4,12.3,50
20603430060,村山小布施停車場線,豊野南志賀公園線,一般国道４０３号,20541,0,3.8,上高井郡小布施町大字山王島186-1地先,6196,上高井郡小布施町大字山王島186-1地先,5606,11802,1.32,0.91,34.2,39.6,10.2,50
20603430080,村山小布施停車場線,一般国道４０３号,,20541,0,0.5,,2797,,2624,5421,1.25,0.44,14.5,17.6,10,30
20603440010,須坂停車場線,,一般国道４０３号,20207,0,0.3,,5472,,3763,9235,1.3,0.82,12.1,12.6,16,40
20603440020,須坂停車場線,一般国道４０３号,須坂中野線,20207,0,0.5,須坂市大字須坂1268-5地先,4799,須坂市大字須坂1268-5地先,3394,8193,1.29,0.55,18.8,22.1,16,40
20603460010,五味池高原線,,米子須坂線,20207,0,16.7,,1407,,1591,2998,1.22,1.43,35.6,35,5,40
20603460020,五味池高原線,米子須坂線,一般国道４０６号,20207,0,0.8,須坂市大字豊丘111-2地先,2598,須坂市大字豊丘111-2地先,2742,5340,1.25,0.49,35.6,35,8.9,40
20603470005,村山綿内停車場線,一般国道４０６号,長野須坂インター線,20207,0,2.7,須坂市大字村山189地先,5425,須坂市大字村山189地先,5694,11119,1.29,0.81,25.4,37.1,6.5,40
20603470010,村山綿内停車場線,長野須坂インター線,須坂市・長野市境,20207,0,0.1,須坂市大字村山189地先,5425,須坂市大字村山189地先,5694,11119,1.29,0.81,30.3,40,6.5,40
20603470020,村山綿内停車場線,須坂市・長野市境,一般国道４０３号,20201,0,1.7,,4378,,4896,9274,1.3,1.16,40.9,30.2,6,40
20603470030,村山綿内停車場線,一般国道４０３号,,20201,0,0.4,,4075,,4022,8097,1.29,0.65,7.5,15.7,16,40
20603490010,米子須坂線,,五味池高原線,20207,0,6.6,,882,,932,1814,1.21,0.2,35.4,34.4,6.6,40
20603510010,山田温泉線,豊野南志賀公園線,大前須坂線,20543,0,3.1,,1376,,1208,2584,1.22,0.36,43.9,42.1,9,40
20603520010,新田春木線,村山小布施停車場線,相之島高山線,20207,0,1.3,須坂市大字小河原2453地先,1855,須坂市大字小河原2453地先,1920,3775,1.23,0.47,31,32.2,12,40
20603520020,新田春木線,相之島高山線,一般国道４０３号,20207,0,2.7,須坂市大字小河原621地先,1781,須坂市大字小河原621地先,1736,3517,1.22,0.53,28.5,28.5,12,40
20603530010,野沢上境停車場線,飯山野沢温泉線,一般国道１１７号,20563,0,3.5,下高井郡野沢温泉村坪山24-2,584,下高井郡野沢温泉村坪山24-2,590,1174,1.21,0.16,37.9,34.6,8,40
20603530030,野沢上境停車場線,一般国道１１７号,箕作飯山線,20213,0,0.2,,643,,676,1319,1.22,0.17,26.7,28.9,6,40
20603530040,野沢上境停車場線,箕作飯山線,箕作飯山線,20213,0,0.3,,189,,192,381,1.35,0.07,37.5,22.6,8.8,40
20603540010,馬曲木島停車場線,,七曲西原線,20562,0,4.9,下高井郡木島平村往郷南鴨911-7,1112,下高井郡木島平村往郷南鴨911-7,1289,2401,1.22,0.28,29.8,29.8,7,40
20603540020,馬曲木島停車場線,七曲西原線,飯山野沢温泉線,20562,0,2.1,下高井郡木島平村往郷南鴨911-7,1112,下高井郡木島平村往郷南鴨911-7,1289,2401,1.22,0.28,26.8,29.5,7,40
20603540040,馬曲木島停車場線,一般国道４０３号,,20213,0,0.1,,,,,,,,9.7,9.7,8,40
20603550010,壁田松崎線,一般国道２９２号,中野飯山線,20211,0,1.5,中野市間長瀬499,1357,中野市間長瀬499,1306,2663,1.23,0.31,33.4,27.7,8.5,40
20603550020,壁田松崎線,中野飯山線,中野飯山線,20211,0,0.7,,3484,,3194,6678,1.27,1.05,26.9,38.4,8.5,40
20603550030,壁田松崎線,中野飯山線,一般国道４０３号,20211,0,3.1,中野市金井250-2,1492,中野市金井250-2,1402,2894,1.23,0.39,33.7,32.9,8.5,40
20603560010,角間中野線,,宮村湯田中停車場線,20561,0,2.2,下高井郡山ノ内町佐野1167-1,241,下高井郡山ノ内町佐野1167-1,272,513,1.35,0.12,37,37,5.5,40
20603560020,角間中野線,宮村湯田中停車場線,山ノ内町・中野市境,20561,0,3.3,,951,,1153,2104,1.21,0.19,33.1,33.4,5.5,40
20603560030,角間中野線,山ノ内町・中野市境,一般国道４０３号,20211,0,0.4,,951,,1153,2104,1.21,0.91,30.6,31.2,4.75,40
20603570010,信州中野停車場線,,中野小布施線,20211,0,0.4,,3616,,3319,6935,1.28,0.89,14.8,15.4,10.25,40
20603580010,中野小布施線,中野豊野線,信州中野停車場線,20211,0,0.4,,4707,,5616,10323,1.3,0.72,19.1,14.3,8.5,40
20603580020,中野小布施線,信州中野停車場線,中野市・小布施町境,20211,0,6.2,中野市三好町1-3,4343,中野市三好町1-3,4357,8700,1.3,0.91,28.4,26.6,12,40
20603580030,中野小布施線,中野市・小布施町境,小布施町道,20541,0,3.9,上高井郡小布施町大字中松324-1地先,5816,上高井郡小布施町大字中松324-1地先,5880,11696,1.31,0.84,32.3,29.4,11.5,40
20603580040,中野小布施線,小布施町道,一般国道４０３号,20541,0,0.2,上高井郡小布施町大字中松324-1地先,5816,上高井郡小布施町大字中松324-1地先,5880,11696,1.31,1.03,15.2,13.6,12,40
20603600010,古間停車場野尻線,,古間停車場線,20583,0,0.2,,456,,446,902,1.19,0.14,25.6,15.2,6,40
20603600020,古間停車場野尻線,古間停車場線,水穴古間停車場線,20583,0,0.3,上水内郡信濃町富濃1855-6,449,上水内郡信濃町富濃1855-6,335,784,1.19,0.13,28.1,19.7,6,40
20603600030,古間停車場野尻線,水穴古間停車場線,信濃斑尾高原線,20583,0,6.1,上水内郡信濃町富濃1855-6,449,上水内郡信濃町富濃1855-6,335,784,1.19,0.13,29.4,30.4,6,40
20603600040,古間停車場野尻線,信濃斑尾高原線,一般国道１８号,20583,0,0.1,上水内郡信濃町富濃1855-6,449,上水内郡信濃町富濃1855-6,335,784,1.19,0.13,18.9,8.2,6,40
20603610010,水穴古間停車場線,飯山妙高高原線,古間停車場野尻線,20583,0,1.3,,1106,,1004,2110,1.21,0.32,42.6,42.3,10,40
20603620010,牟礼永江線,野村上牟礼停車場線,一般国道１８号,20590,0,0.2,上水内郡飯綱町牟礼2746,1884,上水内郡飯綱町牟礼2746,1871,3755,1.23,0.84,24.2,21.6,5.5,40
20603620030,牟礼永江線,一般国道１８号,三水中野線,20590,0,1.3,,749,,672,1421,1.22,0.18,27,33.9,7.5,40
20603620040,牟礼永江線,三水中野線,東柏原赤塩線,20590,0,3.4,上水内郡飯綱町赤塩5611,546,上水内郡飯綱町赤塩5611,547,1093,1.21,0.12,49.6,49,7.5,40
20603620050,牟礼永江線,東柏原赤塩線,飯綱町・中野市境,20590,0,2.4,上水内郡飯綱町赤塩5611,546,上水内郡飯綱町赤塩5611,547,1093,1.21,0.12,42.7,41.8,7.5,40
20603620060,牟礼永江線,飯綱町・中野市境,南永江替佐停車場線,20211,0,1.5,中野市永江1949（ふるさと橋）,911,中野市永江1949（ふるさと橋）,956,1867,1.21,0.21,51.9,37.7,10,40
20603620070,牟礼永江線,南永江替佐停車場線,一般国道１１７号,20211,0,1.2,中野市永江1949（ふるさと橋）,911,中野市永江1949（ふるさと橋）,956,1867,1.21,0.21,19.3,19.3,10,40
20603630010,黒姫停車場線,信濃信州新線,一般国道１８号,20583,0,0.4,上水内郡信濃町柏原2566-15,1051,上水内郡信濃町柏原2566-15,1013,2064,1.22,0.48,21.9,14,6.6,30
20603640010,古間停車場線,古間停車場野尻線,一般国道１８号,20583,0,1.6,,349,,323,672,1.17,0.54,36.6,36.6,5.3,40
20603660010,野村上牟礼停車場線,長野信濃線,牟礼永江線,20590,0,4.1,,1942,,1867,3809,1.23,0.36,34.2,35.9,9.25,40
20603660020,野村上牟礼停車場線,牟礼永江線,長野荒瀬原線,20590,0,0.1,,1942,,1867,3809,1.23,0.36,20.3,29.1,9.25,40
20603660040,野村上牟礼停車場線,長野荒瀬原線,,20590,0,0.2,,1084,,1129,2213,1.21,0.32,17,21.1,7.4,40
20603670010,信濃浅野停車場線,,長野豊野線,20201,0,0.1,,2989,,2452,5441,1.25,1.01,13.1,12.6,6,30
20603680010,村山豊野停車場線,一般国道４０６号,一般国道１８号,20201,0,4.8,長野市大町,3115,長野市大町,3350,6465,1.23,0.84,26,29.4,7,40
20603680020,村山豊野停車場線,一般国道１８号,長野豊野線,20201,0,0.5,,1992,,1783,3775,1.23,0.89,21.8,27.7,7,40
20603680030,村山豊野停車場線,長野豊野線,長野市道豊野４２９号,20201,0,0.5,,1992,,1783,3775,1.23,0.89,28.4,14.4,7,40
20603680040,村山豊野停車場線,長野市道豊野４２９号,,20201,0,0.4,,,,,,,,12.9,13.7,7,40
20603700010,柳原停車場線,,一般国道１８号,20201,0,0.2,,2989,,2452,5441,1.25,1.4,11.3,6.4,5.25,30
20603720010,三才大豆島中御所線,長野豊野線,北長野停車場中俣線,20201,0,2.8,長野市石渡27-11,5292,長野市石渡27-11,4593,9885,1.29,1.32,19.5,21.4,5.5,40
20603720020,三才大豆島中御所線,北長野停車場中俣線,一般国道１８号,20201,0,0.8,長野市石渡27-11,5292,長野市石渡27-11,4593,9885,1.29,1.32,12.9,8.7,5.5,40
20603720025,三才大豆島中御所線,一般国道１８号,一般国道１８号,20201,0,1.1,長野市北長池380-1,5700,長野市北長池380-1,5993,11693,1.26,1.26,16.2,14.3,14,40
20603720030,三才大豆島中御所線,一般国道１８号,長野須坂インター線,20201,0,0.5,長野市北長池380-1,5700,長野市北長池380-1,5993,11693,1.26,1.26,16,9.5,14,40
20603720040,三才大豆島中御所線,長野須坂インター線,長野菅平線,20201,0,1.7,長野市大豆島3020-2,9259,長野市大豆島3020-2,7954,17213,1.31,1.65,15.6,15.6,14,40
20603720060,三才大豆島中御所線,長野菅平線,一般国道１８号,20201,0,2.6,長野市稲葉字日詰沖1381-4,6810,長野市稲葉字日詰沖1381-4,6267,13077,1.24,0.49,19.5,16.6,30,50
20603720070,三才大豆島中御所線,一般国道１８号,一般国道１１７号,20201,0,1.7,長野市若里5-1-10,7536,長野市若里5-1-10,9081,16617,1.34,0.6,14.8,10.7,30,50
20603720090,三才大豆島中御所線,長野菅平線,,20201,0,0.7,,,,,,,,23.7,46.5,9,40
20603720100,三才大豆島中御所線（五輪大橋有料道路）,,,20201,0,1.4,長野市真島町川合1326（五輪大橋有料道路　料金所）,3624,長野市真島町川合1326（五輪大橋有料道路　料金所）,2995,6619,1.26,0.67,29.9,33.8,11.3,60
20603720110,三才大豆島中御所線,,関崎川中島停車場線,20201,0,1.1,長野市真島町真島1570-1,6863,長野市真島町真島1570-1,7116,13979,1.31,0.48,35.6,35.8,30,60
20603720120,三才大豆島中御所線,関崎川中島停車場線,一般国道１８号,20201,0,1.5,長野市真島町真島1570-1,6863,長野市真島町真島1570-1,7116,13979,1.31,0.48,20.4,36.3,30,60
20603730010,北長野停車場線,,北長野停車場中俣線,20201,0,0.3,,2127,,4191,6318,1.27,0.66,12.6,14.8,18,40
20603730020,北長野停車場線,北長野停車場中俣線,長野荒瀬原線,20201,0,0.5,,2127,,4191,6318,1.27,0.66,16.2,10,18,40
20603740010,北長野停車場中俣線,北長野停車場線,三才大豆島中御所線,20201,0,1.9,,2028,,4008,6036,1.27,0.66,16.4,19.3,7.75,40
20603740020,北長野停車場中俣線,三才大豆島中御所線,一般国道１８号,20201,0,1.4,,2028,,4008,6036,1.27,1.01,23.5,15.6,7.75,40
20603750010,大豆島東和田線,長野菅平線,長野須坂インター線,20201,0,1.9,長野市大豆島936-10,3949,長野市大豆島936-10,4271,8220,1.28,0.77,20.2,19.1,8.2,40
20603750020,大豆島東和田線,長野須坂インター線,一般国道１８号,20201,0,1.3,長野市東和田774-6,6626,長野市東和田774-6,4875,11501,1.25,1.44,16.3,10.6,20,50
20603770010,牛島綿内停車場線,一般国道４０３号,長野菅平線,20201,0,1,長野市若穂牛島977-2,2685,長野市若穂牛島977-2,1391,4076,1.24,0.56,25.3,20.4,6.8,40
20603780010,小出綿内停車場線,長野菅平線,一般国道４０３号,20201,0,2.9,,1580,,1779,3359,1.23,0.49,37.6,31.8,7.7,40
20603800010,関崎川中島停車場線,一般国道４０３号,川合川中島線,20201,0,1.1,長野市若穂川田2523-10,4850,長野市若穂川田2523-10,3944,8794,1.29,1.32,8.9,30.6,6.5,40
20603800020,関崎川中島停車場線,川合川中島線,三才大豆島中御所線,20201,0,0.4,長野市若穂川田2523-10,4850,長野市若穂川田2523-10,3944,8794,1.29,1.32,13.6,17.6,6.5,40
20603800030,関崎川中島停車場線,三才大豆島中御所線,一般国道１８号,20201,0,1.3,長野市真島町真島1570-1,2060,長野市真島町真島1570-1,2136,4196,1.21,0.68,26.8,18.5,6.5,40
20603800050,関崎川中島停車場線,一般国道１１７号,長野上田線,20201,0,0.8,長野市下氷鉋1-1386,4044,長野市下氷鉋1-1386,3536,7580,1.28,0.84,17.4,22.5,8.8,40
20603800060,関崎川中島停車場線,長野上田線,小松原川中島停車場線,20201,0,1.9,,1533,,1728,3261,1.23,0.47,21,23.5,6,40
20603800070,関崎川中島停車場線,小松原川中島停車場線,,20201,0,0.1,,1533,,1728,3261,1.23,0.47,14.8,8,6,40
20603810010,小松原川中島停車場線,一般国道１９号,犀口下居返線,20201,0,0.9,,1424,,1380,2804,1.22,0.58,18.3,32.2,6.5,40
20603810020,小松原川中島停車場線,犀口下居返線,川中島停車場線,20201,0,0.7,,1424,,1380,2804,1.22,0.58,37,31,6.5,40
20603810030,小松原川中島停車場線,川中島停車場線,関崎川中島停車場線,20201,0,1.2,長野市川中島町四ツ屋844-13,1240,長野市川中島町四ツ屋844-13,1282,2522,1.22,0.47,18.7,21.6,6.5,40
20603820010,中村金井山停車場線,川合川中島線,一般国道４０３号,20201,0,0.9,,1580,,1779,3359,1.23,0.38,12.6,23.4,8,40
20603820030,中村金井山停車場線,一般国道４０３号,,20201,0,0,,1580,,1779,3359,1.23,0.67,15.3,10.8,6,40
20603830010,犀口下居返線,小松原川中島停車場線,一般国道１９号,20201,0,0.2,長野市篠ノ井岡田1109-4,4484,長野市篠ノ井岡田1109-4,3963,8447,1.28,1.14,18.1,37.3,7,40
20603830020,犀口下居返線,一般国道１９号,戸隠篠ノ井線,20201,0,4.1,長野市篠ノ井岡田1109-4,4484,長野市篠ノ井岡田1109-4,3963,8447,1.28,1.14,37.4,36.2,7,40
20603840010,安庭篠ノ井線,一般国道１９号,戸隠篠ノ井線,20201,0,9.4,,33,,22,55,1.35,0.08,29.5,31.5,5,40
20603850030,松代篠ノ井線,一般国道４０３号,一般国道１８号,20201,0,2.4,長野市松代町岩野1151-1,3209,長野市松代町岩野1151-1,2598,5807,1.23,0.47,35,41.9,15,40
20603850040,松代篠ノ井線,一般国道１８号,長野上田線,20201,0,1,,4642,,4582,9224,1.3,0.88,16.3,17.8,15,40
20603850050,松代篠ノ井線,長野上田線,清野篠ノ井停車場線,20201,0,0.5,,3853,,4615,8468,1.29,0.82,12.2,13.5,15,40
20603870010,清野篠ノ井停車場線,一般国道４０３号,一般国道１８号,20201,0,1.4,長野市岩野808,666,長野市岩野808,1036,1702,1.21,0.43,36.7,26.5,9.7,40
20603870020,清野篠ノ井停車場線,一般国道１８号,長野信州新線,20201,0,0.6,,4130,,3078,7208,1.28,1.08,14.7,14.4,9.7,40
20603870040,清野篠ノ井停車場線,長野信州新線,松代篠ノ井線,20201,0,0.7,,7880,,7829,15709,1.33,1.26,19.5,17.9,8.5,30
20603870050,清野篠ノ井停車場線,松代篠ノ井線,,20201,0,0.1,,7880,,7829,15709,1.33,1.26,19.9,20.9,8.5,30
20603880010,六鹿松代停車場線,,長野市道松代西２３５号,20201,0,2.2,,1172,,1086,2258,1.22,0.7,30.5,26,4.5,30
20603880020,六鹿松代停車場線,長野市道松代西２３５号,,20201,0,0.5,,1142,,1057,2199,1.21,0.22,14.8,13.6,9,30
20603900010,小峰稲荷山線,丸子信州新線,川口田野口篠ノ井線,20201,0,5.7,,270,,313,583,1.14,0.28,36.7,23.4,5,40
20603900020,小峰稲荷山線,川口田野口篠ノ井線,川口田野口篠ノ井線,20201,0,1,,270,,313,583,1.14,0.28,49.7,49.8,5,40
20603900030,小峰稲荷山線,川口田野口篠ノ井線,長野市・千曲市境,20201,0,2.8,,270,,313,583,1.14,0.28,38.9,42.1,5,40
20603900040,小峰稲荷山線,長野市・千曲市境,一般国道４０３号,20218,0,7.8,千曲市大字桑原1418-2,471,千曲市大字桑原1418-2,394,865,1.35,0.09,35.6,34,7,40
20603910010,岩本里穂刈線,小島信濃木崎停車場線,一般国道１９号,20201,0,12.3,,174,,195,369,1.35,0.31,29.3,29.6,5,40
20603920010,白石千曲線,,長野市・千曲市境,20201,0,4.4,,,,,,,,,,0.5,60
20603920020,白石千曲線,長野市・千曲市境,,20218,0,1.9,,,,,,,,,,0.5,60
20603920040,白石千曲線,,森篠ノ井線,20218,0,4,千曲市大字屋代1852-1,2745,千曲市大字屋代1852-1,4083,6828,1.29,0.64,34.4,34.4,8,40
20603920050,白石千曲線,森篠ノ井線,白石千曲線,20218,0,1.4,千曲市大字屋代1852-1,2745,千曲市大字屋代1852-1,4083,6828,1.29,0.64,42,40.3,8,40
20603920060,白石千曲線,白石千曲線,一般国道４０３号,20218,0,1,千曲市大字屋代1852-1,2745,千曲市大字屋代1852-1,4083,6828,1.29,0.64,33,14.3,8,40
20603920070,白石千曲線,一般国道４０３号,屋代停車場線,20218,0,0.8,千曲市大字屋代1852-1,5218,千曲市大字屋代1852-1,5105,10323,1.3,0.77,15.6,28.3,18,40
20603920080,白石千曲線,屋代停車場線,一般国道１８号,20218,0,0.3,千曲市大字屋代1852-1,5218,千曲市大字屋代1852-1,5105,10323,1.3,0.77,10,9.8,18,40
20603920100,白石千曲線,白石千曲線,,20218,0,0.4,,,,,,,,22.1,22.1,15.5,40
20603930010,小島信濃木崎停車場線,川口大町線,岩本里穂刈線,20201,0,4.3,,372,,425,797,1.19,0.82,30.3,33.1,5,40
20603930020,小島信濃木崎停車場線,岩本里穂刈線,長野市・大町市境,20201,0,2.3,,372,,425,797,1.19,0.82,30.3,33.1,5,40
20603930030,小島信濃木崎停車場線,長野市・大町市境,美麻八坂線,20212,0,7.3,大町市美麻6639-ｲ,4,大町市美麻6639-ｲ,1,5,1.19,0,35.3,34.6,7,40
20603930040,小島信濃木崎停車場線,美麻八坂線,美麻八坂線,20212,0,1.5,大町市美麻14890-1,195,大町市美麻14890-1,278,473,1.15,0.08,49.3,53.6,7,40
20603930050,小島信濃木崎停車場線,美麻八坂線,長野大町線,20212,0,2,大町市美麻14890-1,195,大町市美麻14890-1,278,473,1.15,0.08,41.2,38.8,7,40
20603930060,小島信濃木崎停車場線,長野大町線,一般国道１４８号,20212,0,4.1,大町市美麻14890-1,195,大町市美麻14890-1,278,473,1.15,0.08,29.5,34,7,40
20603940010,川口大町線,一般国道１９号,小島信濃木崎停車場線,20201,0,0.8,,205,,230,435,1.13,0.08,31,33,7,40
20603940020,川口大町線,小島信濃木崎停車場線,長野市・大町市境,20201,0,4.9,,205,,230,435,1.13,0.08,34.8,37.8,7,40
20603940030,川口大町線,長野市・大町市境,美麻八坂線,20212,0,3.4,大町市美麻大塩中村2795-1,142,大町市美麻大塩中村2795-1,144,286,1.15,0.04,41.2,40.5,7,40
20603940040,川口大町線,美麻八坂線,長野大町線,20212,0,4.9,大町市美麻大塩中村2795-1,142,大町市美麻大塩中村2795-1,144,286,1.15,0.04,42.7,41.7,7,40
20603950010,川口田野口篠ノ井線,一般国道１９号,丸子信州新線,20201,0,6.2,,270,,313,583,1.14,0.09,31.3,29.5,6.5,40
20603950050,川口田野口篠ノ井線,小峰稲荷山線,長野信州新線,20201,0,6,長野市信更町灰原651,298,長野市信更町灰原651,346,644,1.35,0.05,43.9,42.4,8,40
20603950070,川口田野口篠ノ井線,長野信州新線,長野信州新線,20201,0,2.5,,123,,124,247,1.35,0.34,25.4,29.9,5,40
20603950090,川口田野口篠ノ井線,長野信州新線,長野市道,20201,0,0.5,,281,,329,610,1.15,0.08,18,17.7,10,40
20603950030,川口田野口篠ノ井線,丸子信州新線,小峰稲荷山線,20201,0,2.3,,270,,313,583,1.14,0.08,48,44.1,7,40
20603960010,稲荷山停車場線,長野市道,,20201,0,0.1,,2989,,2452,5441,1.25,0.61,3.4,5.1,7.5,30
20603990010,長野豊野線,一般国道１９号,一般国道４０６号,20201,0,0.7,長野市長野旭町1108-10,8799,長野市長野旭町1108-10,8116,16915,1.34,1.85,21.1,17.3,20.25,40
20603990025,長野豊野線,長野信濃線,長野荒瀬原線,20201,0,3.1,,2801,,2644,5445,1.25,0.85,17.9,17.3,6,40
20603990050,長野豊野線,長野荒瀬原線,三才大豆島中御所線,20201,0,2.6,,2989,,2451,5440,1.25,1.23,21.4,22.9,7.75,40
20603990060,長野豊野線,三才大豆島中御所線,長野市道豊野４２９号,20201,0,3.3,長野市豊野町石2193,3671,長野市豊野町石2193,3595,7266,1.3,0.89,29.1,29.7,7.75,40
20603990090,長野豊野線,長野市道豊野４２９号,村山豊野停車場線,20201,0,0.8,,2989,,2451,5440,1.25,0.6,34.4,30.3,14,40
20603990110,長野豊野線,村山豊野停車場線,豊野南志賀公園線,20201,0,0.8,長野市豊野896,1051,長野市豊野896,1027,2078,1.22,0.36,14.9,19.4,7,40
20603990120,長野豊野線,豊野南志賀公園線,信濃浅野停車場線,20201,0,1.8,長野市豊野896,1051,長野市豊野896,1027,2078,1.22,0.36,31.1,32,7,40
20603990130,長野豊野線,信濃浅野停車場線,一般国道１８号,20201,0,0.7,長野市豊野896,1051,長野市豊野896,1027,2078,1.22,0.36,27.4,24.8,7,40
20604010010,小川長野線,信濃信州新線,小川村・長野市境,20588,0,4.4,長野市七二会丁2325-1,125,長野市七二会丁2325-1,138,263,1.35,0.17,27.1,28.1,5.5,40
20604010020,小川長野線,小川村・長野市境,古屋敷境ノ沢線,20201,0,6.1,長野市七二会丁2325-1,125,長野市七二会丁2325-1,138,263,1.35,0.04,23.8,26.9,6,40
20604010030,小川長野線,古屋敷境ノ沢線,戸隠篠ノ井線,20201,0,9.7,長野市七二会丁2325-1,125,長野市七二会丁2325-1,138,263,1.35,0.04,28.2,29.9,6,40
20604010050,小川長野線,戸隠篠ノ井線,入山小市線,20201,0,6.2,長野市大字山田中2721-1,178,長野市大字山田中2721-1,151,329,1.35,0.04,32.3,32.3,6.5,40
20604010060,小川長野線,入山小市線,入山小市線,20201,0,0.2,長野市大字山田中2721-1,178,長野市大字山田中2721-1,151,329,1.35,0.04,16.5,26.7,6.5,40
20604010070,小川長野線,入山小市線,一般国道４０６号,20201,0,7.2,,131,,135,266,1.35,0.03,26.1,33.2,6.5,40
20604040010,栃原北郷信濃線,一般国道４０６号,戸隠篠ノ井線,20201,0,5,,98,,111,209,1.35,0.28,27.8,30.1,4.75,40
20604040030,栃原北郷信濃線,長野戸隠線,戸隠高原浅川線,20201,0,3.5,,741,,727,1468,1.22,0.5,39.5,44.2,5,40
20604040040,栃原北郷信濃線,戸隠高原浅川線,戸隠高原浅川線,20201,0,3.1,,741,,727,1468,1.22,0.5,32.5,23.1,5,40
20604040050,栃原北郷信濃線,戸隠高原浅川線,長野市・飯綱町境,20201,0,3.5,長野市門沢1-3,1435,長野市門沢1-3,1360,2795,1.22,0.46,45.2,50.2,7.25,40
20604040060,栃原北郷信濃線,長野市・飯綱町境,飯綱町・信濃町境,20590,0,2.8,長野市門沢1-3,1435,長野市門沢1-3,1360,2795,1.22,0.46,51.9,59.5,7.25,40
20604040070,栃原北郷信濃線,飯綱町・信濃町境,信濃町・飯綱町境,20583,0,0.3,長野市門沢1-3,1435,長野市門沢1-3,1360,2795,1.22,0.38,50.5,51.7,7.6,40
20604040080,栃原北郷信濃線,信濃町・飯綱町境,飯綱町・信濃町境,20590,0,0.9,長野市門沢1-3,1435,長野市門沢1-3,1360,2795,1.22,0.37,38.4,54.5,7.75,40
20604040090,栃原北郷信濃線,飯綱町・信濃町境,信濃信州新線,20583,0,5.7,,765,,749,1514,1.21,0.89,45.2,42.2,5.3,40
20604050010,川中島停車場線,小松原川中島停車場線,一般国道１９号,20201,0,2.1,長野市安茂里小市3-26-3,6354,長野市安茂里小市3-26-3,6172,12526,1.3,1.49,19.1,18.5,11.9,40
20604060010,入山小市線,長野戸隠線,一般国道４０６号,20201,0,3.7,,210,,206,416,1.35,0.34,33.7,33.8,5,40
20604060050,入山小市線,小川長野線,一般国道１９号,20201,0,5.9,長野市大字塩生甲784,175,長野市大字塩生甲784,161,336,1.35,0.03,26.4,29.6,6,40
20604060030,入山小市線,一般国道４０６号,小川長野線,20201,0,5.4,,210,,206,416,1.35,0.34,28.5,29.4,5,40
20604070010,長瀬横倉停車場線,一般県道加用逆巻線,秋山郷森宮野原停車場線,20602,0,0.5,,113,,106,219,1.35,0.02,43.5,37.7,8.75,60
20604070020,長瀬横倉停車場線,秋山郷森宮野原停車場線,秋山郷森宮野原停車場線,20602,0,0.2,,113,,106,219,1.35,0.02,43.5,43.9,8.75,60
20604070030,長瀬横倉停車場線,秋山郷森宮野原停車場線,箕作飯山線,20602,0,12.9,,226,,238,464,1.35,0.63,36.2,36.2,5,60
20604070040,長瀬横倉停車場線,箕作飯山線,箕作飯山線,20602,0,0.1,,226,,238,464,1.35,0.63,31,24.7,5,60
20604070050,長瀬横倉停車場線,箕作飯山線,,20602,0,0.6,,226,,238,464,1.35,0.63,13.9,20.2,5,60
20604080010,箕作飯山線,一般国道１１７号,長瀬横倉停車場線,20602,0,0.8,,195,,197,392,1.35,0.19,7.6,30.3,5.5,60
20604080030,箕作飯山線,長瀬横倉停車場線,奥志賀公園栄線,20602,0,0.9,下水内郡栄村堺箕作1122,147,下水内郡栄村堺箕作1122,188,335,1.35,0.04,29.5,29.5,7,60
20604080040,箕作飯山線,奥志賀公園栄線,箕作飯山線,20602,0,0.4,下水内郡栄村堺箕作1122,147,下水内郡栄村堺箕作1122,188,335,1.35,0.04,32.9,49.4,7,60
20604080190,箕作飯山線,箕作飯山線,栄村・野沢温泉村境,20602,0,1.1,,,,,,,,34.8,34.8,9,60
20604080200,箕作飯山線,栄村・野沢温泉村境,箕作飯山線,20563,0,0.3,,,,,,,,54.4,54.4,9.3,40
20604080090,箕作飯山線,箕作飯山線,一般国道１１７号,20563,0,2.7,,186,,192,378,1.35,0.06,35.3,35.3,6.5,40
20604080060,箕作飯山線,箕作飯山線,栄村・野沢温泉村境,20602,0,1.5,,,,,,,,,,1,60
20604080070,箕作飯山線,栄村・野沢温泉村境,箕作飯山線,20563,0,0.2,,,,,,,,,,1.8,60
20604080110,箕作飯山線,一般国道１１７号,栄村・飯山市境,20602,0,0.3,飯山市照岡藤沢2134-3,217,飯山市照岡藤沢2134-3,175,392,1.35,0.05,44.2,19.9,8.5,40
20604080120,箕作飯山線,栄村・飯山市境,一般国道４０３号,20213,0,2.4,飯山市照岡藤沢2134-3,217,飯山市照岡藤沢2134-3,175,392,1.35,0.05,39.2,39.7,7,40
20604080140,箕作飯山線,一般国道４０３号,上境温井線,20213,0,5.1,飯山市照岡新屋126-ｲ,149,飯山市照岡新屋126-ｲ,151,300,1.35,0.55,43.1,49.1,4.5,40
20604080150,箕作飯山線,上境温井線,野沢上境停車場線,20213,0,0.2,飯山市照岡新屋126-ｲ,149,飯山市照岡新屋126-ｲ,151,300,1.35,0.55,40.8,45.8,4.5,40
20604080170,箕作飯山線,野沢上境停車場線,柏尾戸狩停車場線,20213,0,3.1,飯山市常郷今井1568-1,246,飯山市常郷今井1568-1,244,490,1.15,0.6,38.8,42,5,40
20604080180,箕作飯山線,柏尾戸狩停車場線,上越飯山線,20213,0,0.4,飯山市常郷今井1568-1,246,飯山市常郷今井1568-1,244,490,1.15,0.6,16.3,21.8,5,40
20604090010,曽根藤ノ木線,上越飯山線,飯山新井線,20213,0,4.7,飯山市中曽根110,1035,飯山市中曽根110,1128,2163,1.21,0.29,38.1,44,8.5,40
20604090020,曽根藤ノ木線,飯山新井線,一般国道２９２号,20213,0,3.8,飯山市中曽根110,1035,飯山市中曽根110,1128,2163,1.21,0.29,45.6,44.7,8.5,40
20604100010,柏尾戸狩停車場線,飯山野沢温泉線,一般国道１１７号,20213,0,1,飯山市瑞穂豊柏尾1038,1216,飯山市瑞穂豊柏尾1038,1164,2380,1.21,0.29,30.5,31.5,11,40
20604100030,柏尾戸狩停車場線,一般国道１１７号,箕作飯山線,20213,0,0.5,,1011,,990,2001,1.22,0.29,29.9,29.7,8.5,40
20604110010,飯山新井線,上越飯山線,曽根藤ノ木線,20213,0,2.7,,555,,645,1200,1.22,1.32,30.2,37.2,4,40
20604110020,飯山新井線,曽根藤ノ木線,一般県道飯山新井線,20213,0,7.6,,555,,645,1200,1.22,1.32,26.6,28.4,4,40
20604140010,中野飯山線,一般国道２９２号,中野飯山線,20211,0,0.4,,3484,,3194,6678,1.27,0.77,10.2,19.6,11,40
20604140050,中野飯山線,壁田松崎線,,20211,0,1,中野市赤岩1447,2385,中野市赤岩1447,2352,4737,1.24,0.37,36.3,40.5,12.2,40
20604140060,中野飯山線,,夜間瀬赤岩線,20211,0,0.7,中野市赤岩1447,2385,中野市赤岩1447,2352,4737,1.24,0.37,41.9,42.1,12.2,40
20604140070,中野飯山線,夜間瀬赤岩線,中野市・飯山市境,20211,0,6,中野市岩井,2396,中野市岩井,2506,4902,1.15,0.53,45.9,45.8,11,40
20604140080,中野飯山線,中野市・飯山市境,飯山野沢温泉線,20213,0,0.3,中野市岩井,2396,中野市岩井,2506,4902,1.15,0.52,45.7,21.5,10,50
20604140030,中野飯山線,一般国道２９２号,中野飯山線,20211,0,0.2,中野市若宮161-1,4859,中野市若宮161-1,4232,9091,1.3,0.85,10.5,16.5,16,40
20604140040,中野飯山線,中野飯山線,壁田松崎線,20211,0,1.1,中野市若宮161-1,4859,中野市若宮161-1,4232,9091,1.3,0.85,30,29.9,16,40
20604160010,南永江替佐停車場線,牟礼永江線,一般国道１１７号,20211,0,2.7,,980,,1110,2090,1.21,0.25,39.1,34.8,7,40
20604160030,南永江替佐停車場線,一般国道１１７号,,20211,0,0.3,,1028,,1157,2185,1.21,0.79,3.5,15.2,6.25,40
20604170010,信濃平停車場線,,上越飯山線,20213,0,0.3,飯山市常盤下水沢1600,751,飯山市常盤下水沢1600,683,1434,1.22,0.19,21.7,15.3,13.5,60
20604180010,蓮停車場線,,一般国道２９２号,20213,0,0.3,,404,,389,793,1.19,0.1,32.4,22.3,8.25,60
20604190010,関沢小沼線,飯山野沢温泉線,一般国道１１７号,20213,0,0.7,飯山市常盤大倉崎4101,666,飯山市常盤大倉崎4101,791,1457,1.22,0.21,32.1,29.2,10,40
20604190020,関沢小沼線,一般国道１１７号,上越飯山線,20213,0,2.6,飯山市常盤大倉崎4101,666,飯山市常盤大倉崎4101,791,1457,1.22,0.21,38.5,38.8,10,40
20604220010,羽毛山大日向線,丸子東部インター線,丸子北御牧東部線,20219,0,1.3,,661,,681,1342,1.22,0.18,30.8,27.5,7,60
20604220020,羽毛山大日向線,丸子北御牧東部線,諏訪白樺湖小諸線,20219,0,2.8,,661,,681,1342,1.22,0.18,36.8,32.9,7,60
20604230010,御牧原大日向線,立科小諸線,諏訪白樺湖小諸線,20219,0,4.9,東御市御牧原御牧1402-1,2310,東御市御牧原御牧1402-1,2304,4614,1.23,0.49,49.2,41.9,9,60
20604240010,諏訪茅野線,一般国道２０号,諏訪市・茅野市境,20206,0,7.9,,466,,413,879,1.19,0.26,37.2,37.4,8.5,60
20604240020,諏訪茅野線,諏訪市・茅野市境,一般国道１５２号,20214,0,7.7,茅野市米沢,283,茅野市米沢,255,538,1.04,0.12,39.6,37.7,8.25,60
20604250010,払沢富士見線,神ノ原青柳停車場線,原村・富士見町境,20363,0,2.9,,2483,,2302,4785,1.25,0.48,41.1,41.1,9.7,50
20604250020,払沢富士見線,原村・富士見町境,富士見町・原村境,20362,0,0.1,,2483,,2302,4785,1.25,0.47,51,35.5,9.7,50
20604250030,払沢富士見線,富士見町・原村境,原村・富士見町境,20363,0,1,,2483,,2302,4785,1.25,0.49,35.1,37.9,11.3,50
20604250040,払沢富士見線,原村・富士見町境,中央自動車道西宮線,20362,0,0.2,,2483,,2302,4785,1.25,0.46,33.5,31.5,12,50
20604260010,吹上北殿線,与地辰野線,伊那市・南箕輪村境,20209,0,1.9,上伊那郡南箕輪村2998-3,1722,上伊那郡南箕輪村2998-3,1863,3585,1.23,1.34,36.1,33.8,5,40
20604260020,吹上北殿線,伊那市・南箕輪村境,伊那箕輪線,20385,0,1.6,上伊那郡南箕輪村2998-3,1722,上伊那郡南箕輪村2998-3,1863,3585,1.23,0.31,24.2,23.3,12,40
20604260030,吹上北殿線,伊那箕輪線,一般国道１５３号,20385,0,1.6,上伊那郡南箕輪村2998-3,1722,上伊那郡南箕輪村2998-3,1863,3585,1.23,0.31,31.1,28.7,12,40
20604280010,山吹停車場線,市ノ沢山吹停車場線,飯島飯田線,20403,0,2.5,下伊那郡高森町山吹8271-5,485,下伊那郡高森町山吹8271-5,477,962,1.19,0.17,36.3,33.7,7.2,30
20604290010,聖高原停車場線,一般国道４０３号,,20446,0,0.1,,939,,819,1758,1.21,1.03,4.2,8,5.5,40
20604300010,為栗和合線,,,20413,0,0.1,,,,,,,,,,3.5,30
20604300030,為栗和合線,,飯田富山佐久間線,20413,0,0.8,,29,,33,62,1.35,0.35,27.7,27.7,3.75,30
20604300040,為栗和合線,飯田富山佐久間線,天龍村・阿南町境,20413,0,2.2,,7,,7,14,1.35,0.04,27.7,27.7,3.5,60
20604300050,為栗和合線,天龍村・阿南町境,阿南町・天龍村境,20404,0,3.4,,7,,7,14,1.35,0.04,27.7,27.7,3.8,60
20604300060,為栗和合線,阿南町・天龍村境,天龍村・阿南町境,20413,0,0.7,,7,,7,14,1.35,0.04,27.7,27.7,3.5,60
20604300070,為栗和合線,天龍村・阿南町境,阿南根羽線,20404,0,1.2,,7,,7,14,1.35,0.04,27.7,27.7,3.5,60
20604320010,柏原穂高線,塩尻鍋割穂高線,小岩岳穂高停車場線,20220,0,4.2,,1619,,1746,3365,1.23,0.27,28.5,31.2,12.15,40
20604330005,千国北城線,一般国道１４８号,小谷村道,20486,0,4.9,北安曇郡小谷村千国乙3387-1,713,北安曇郡小谷村千国乙3387-1,688,1401,1.21,0.18,29.4,30.1,7,60
20604330060,千国北城線,小谷村道,小谷村・白馬村境,20486,0,0.7,,,,,,,,41.6,39.6,9.5,60
20604330050,千国北城線,小谷村・白馬村境,白馬村道,20485,0,0.1,,,,,,,,52.1,44.5,9.5,60
20604330020,千国北城線,白馬村道,一般国道１４８号,20485,0,4.3,,1036,,1153,2189,1.21,0.27,48.2,43.3,10,40
20604330030,千国北城線,一般国道１４８号,,20485,0,0.9,,1036,,1153,2189,1.21,0.27,18.5,15.5,10,40
20604340010,夜間瀬赤岩線,一般国道４０３号,山ノ内町・中野市境,20561,0,2.7,中野市赤岩544,149,中野市赤岩544,139,288,1.35,0.04,28.2,37.1,8.5,40
20604340020,夜間瀬赤岩線,山ノ内町・中野市境,中野飯山線,20211,0,3.3,中野市赤岩544,149,中野市赤岩544,139,288,1.35,0.08,26.3,26.3,7.5,40
20604370010,大張北岩水線,一般国道１４１号,佐久穂町道,20309,0,0.3,南佐久郡佐久穂町大字高野町2942,1008,南佐久郡佐久穂町大字高野町2942,1029,2037,1.22,0.19,16.3,18,8,30
20604380010,御牧原蓬田線,立科小諸線,東御市・佐久市境,20219,0,0.9,,483,,530,1013,1.19,1.16,35.3,40.7,4,60
20604380020,御牧原蓬田線,東御市・佐久市境,下仁田浅科線,20217,0,3.6,,483,,530,1013,1.19,0.19,34.6,38.5,7.5,40
20604420010,諏訪箕輪線,諏訪辰野線,諏訪市道,20206,0,10.3,,200,,189,389,1.35,0.55,30.2,30.2,5,30
20604420030,諏訪箕輪線,,伊那辰野停車場線,20383,0,7.4,上伊那郡箕輪町東箕輪472,296,上伊那郡箕輪町東箕輪472,334,630,1.35,0.21,25.1,23.3,5,60
20604430010,内ノ萱伊那線,,一般国道３６１号,20209,0,4.9,伊那市荒井3835-1,567,伊那市荒井3835-1,593,1160,1.15,1.29,34.1,19.6,4,40
20604440010,駄科大瀬木線,一般国道１５１号,一般国道１５３号,20205,0,4.2,飯田市駄科1709-5,3753,飯田市駄科1709-5,4013,7766,1.29,0.98,23.6,22.8,8,40
20604450010,川合川中島線,関崎川中島停車場線,中村金井山停車場線,20201,0,2.1,長野市小島田町462-1,2447,長野市小島田町462-1,2470,4917,1.27,0.76,28.4,32.8,7,40
20604450020,川合川中島線,中村金井山停車場線,一般国道１８号,20201,0,0.7,長野市小島田町462-1,2447,長野市小島田町462-1,2470,4917,1.27,0.76,14.2,17.7,7,40
20604450030,川合川中島線,一般国道１８号,市道更北７７４号,20201,0,0.4,長野市小島田町462-1,2447,長野市小島田町462-1,2470,4917,1.27,0.76,12.8,14.3,7,40
20604450040,川合川中島線,市道更北７７４号,長野上田線,20201,0,2.9,長野市小島田町462-1,2447,長野市小島田町462-1,2470,4917,1.27,0.76,23.9,22.2,7,40
20604460010,大河内中河原線,,一般国道４１８号,20413,0,4.7,,101,,119,220,1.35,0.46,22.2,29.2,4,60
20604470010,大平山松葉線,阿南東栄線,一般国道４１８号,20412,0,5,下伊那郡売木村2650-98,458,下伊那郡売木村2650-98,457,915,1.35,1.21,43.5,45.7,5,60
20604490010,上竹田波田線,新田松本線,山形村・松本市境,20450,0,1.7,,1218,,1213,2431,1.22,1.63,36.9,36.6,4.5,30
20604490020,上竹田波田線,山形村・松本市境,上竹田波田線,20202,0,1.8,,1218,,1213,2431,1.22,1.12,36.2,36.3,5,40
20604490030,上竹田波田線,上竹田波田線,一般国道１５８号,20202,0,0.7,,1218,,1213,2431,1.22,1.12,29,23.7,5,40
20604490050,上竹田波田線,上竹田波田線,,20202,0,0.3,,1218,,1213,2431,1.22,0.22,23.1,31,10,40
20604500010,矢地赤芝線,有明大町線,一般国道１４７号,20482,0,2,北安曇郡松川村新屋敷1235,192,北安曇郡松川村新屋敷1235,218,410,1.13,0.06,35.9,32.2,10,60
20604510010,七曲西原線,一般国道４０３号,馬曲木島停車場線,20562,0,3,,107,,145,252,1.35,0.06,35.8,33.1,7,60
20604520010,古屋敷境ノ沢線,小川長野線,長野大町線,20201,0,4,,122,,141,263,1.35,0.12,28.6,22.8,5.5,40
20604530010,飯綱高原芋井線,,長野戸隠線,20201,0,5.8,,442,,464,906,1.19,0.61,37.5,34.3,4.3,40
20604550010,長沢田村線,,伊那生田飯田線,20416,0,6.6,,143,,176,319,1.11,0.19,17.5,30,5.5,30
20604560010,大島阿島線,,伊那生田飯田線,20415,0,8.7,,355,,405,760,1.2,1.05,37.2,34.7,3.9,60
20604590010,東柏原赤塩線,,牟礼永江線,20590,0,1.9,,368,,383,751,1.2,0.1,20.5,22.8,8.6,40
20604590020,東柏原赤塩線,牟礼永江線,三水中野線,20590,0,1.4,,368,,383,751,1.2,0.1,38.8,39.2,8.6,40
20604600010,美ケ原公園東餅屋線,美ケ原公園西内線,上田市・長和町境,20203,0,1.1,,120,,88,208,1.04,0.04,30.7,32.5,6.5,40
20604600020,美ケ原公園東餅屋線,上田市・長和町境,美ケ原和田線,20350,0,0.3,小県郡長和町和田149-に,186,小県郡長和町和田149-に,198,384,1.19,0.05,36.1,31.4,6.5,40
20604600040,美ケ原公園東餅屋線,美ケ原和田線,松本和田線,20350,0,4.4,,99,,123,222,1.08,0.03,45.8,41.3,6.5,40
20604600060,美ケ原公園東餅屋線,松本和田線,長和町・松本市境,20350,0,0.3,,99,,123,222,1.08,0.02,31.3,31.4,8.5,40
20604600070,美ケ原公園東餅屋線,長和町・松本市境,松本市・長和町境,20202,0,0.3,,99,,123,222,1.08,0.02,48.9,45.7,8.4,60
20604600080,美ケ原公園東餅屋線,松本市・長和町境,霧ケ峰東餅屋線,20350,0,7.7,,99,,123,222,1.08,0.02,47.8,43.6,7.5,40
20604610010,鳥居本町線,一般国道１９号,木曽福島停車場線,20432,0,1.8,,4325,,4179,8504,1.29,0.64,31.9,32,8.5,40
20604610020,鳥居本町線,木曽福島停車場線,川合中畑線,20432,0,0.8,,4325,,4179,8504,1.29,0.64,19.2,19.5,8.5,40
20604640010,美ケ原公園西内線,美ケ原公園東餅屋線,美ケ原公園沖線,20203,0,12.1,,86,,87,173,1.35,0.03,36.7,37.5,7,30
20604640030,美ケ原公園西内線,美ケ原公園沖線,一般国道２５４号,20203,0,9.4,,,,,,,,,,4.5,60
20604660010,牧干俣線,大前須坂線,牧干俣線,20543,0,0.9,,168,,202,370,1.13,0.13,27,29,6.2,30
20604670010,坂北停車場線,,,20452,0,1.2,,239,,207,446,1.35,0.32,17.4,22.1,4.2,40
20604690010,舟場矢下線,一般国道１９号,大町麻績インター千曲線,20212,0,9.3,大町市八坂13303-ロ,8,大町市八坂13303-ロ,11,19,1.35,0.02,27.7,28.4,5,60
20604710010,奥志賀公園線,奥志賀公園栄線,一般国道２９２号,20561,0,12.6,,1304,,1219,2523,1.22,0.68,38.2,38.2,6,40
20604720010,栗尾見上線,,川上佐久線,20306,0,4.5,,485,,469,954,1.19,0.13,22.3,29.6,7,40
20604730005,上松御岳線,一般国道１９号,上松南木曽線,20422,0,0.4,木曽郡上松町小川3179,428,木曽郡上松町小川3179,420,848,1.21,0.11,22.6,26.9,10.5,40
20604730010,上松御岳線,上松南木曽線,上松南木曽線,20422,0,1.7,木曽郡上松町小川3179,428,木曽郡上松町小川3179,420,848,1.21,0.11,46.9,43.1,10.5,40
20604730020,上松御岳線,上松南木曽線,上松町・木曽町境,20422,0,9.9,木曽郡上松町小川3179,428,木曽郡上松町小川3179,420,848,1.21,0.11,29.7,29.7,10.5,40
20604730030,上松御岳線,上松町・木曽町境,開田三岳福島線,20432,0,4.9,,674,,661,1335,1.22,0.61,31,31,5.9,30
20604730050,上松御岳線,開田三岳福島線,,20432,0,4.7,,909,,987,1896,1.21,0.34,38.3,35,6.5,40
20604740010,信濃大町停車場線,,有明大町線,20212,0,0.3,大町市大町2511-3,2271,大町市大町2511-3,2489,4760,1.26,0.43,15.2,14.1,16,40
20604740020,信濃大町停車場線,有明大町線,一般国道１４７号,20212,0,1.1,大町市大町2511-3,2271,大町市大町2511-3,2489,4760,1.26,0.43,24.2,24,16,40
20604750010,信州新中条線,信濃信州新線,長野市道,20201,0,6.5,,186,,165,351,1.35,1.52,20.6,20.6,4.5,40
20604750020,信州新中条線,長野市道,長野大町線,20201,0,0.6,,186,,165,351,1.35,1.52,36.4,34,4.5,40
20604760010,伊那インタ－西箕輪線,中央自動車道西宮線,南箕輪村・伊那市境,20385,0,0.2,伊那市西箕輪6640,2593,伊那市西箕輪6640,2355,4948,1.18,0.15,28.8,26.5,22,50
20604760020,伊那インタ－西箕輪線,南箕輪村・伊那市境,伊那市・南箕輪村境,20209,0,0.1,伊那市西箕輪6640,2593,伊那市西箕輪6640,2355,4948,1.18,0.15,40.8,43.1,22,50
20604760030,伊那インタ－西箕輪線,伊那市・南箕輪村境,南箕輪村・伊那市境,20385,0,1.1,伊那市西箕輪6640,2593,伊那市西箕輪6640,2355,4948,1.18,0.64,29.5,17.5,12,40
20604760040,伊那インタ－西箕輪線,南箕輪村・伊那市境,与地辰野線,20209,0,0.8,伊那市西箕輪6640,2593,伊那市西箕輪6640,2355,4948,1.18,0.65,21.2,18.7,9.1,40
20604770010,富士見台公園線,,中央自動車道西宮線,20407,0,4.6,,200,,181,381,1.13,0.05,42.6,42.6,8,40
20604780010,湯田中停車場線,宮村湯田中停車場線,一般国道４０３号,20561,0,2.4,下高井郡山ノ内町平穏4690-1,1061,下高井郡山ノ内町平穏4690-1,1164,2225,1.22,0.3,33.6,31.6,9.5,40
20604800010,松原湖高原線,一般国道２９９号,一般国道１４１号,20303,0,12.3,南佐久郡小海町豊里3023-3,1074,南佐久郡小海町豊里3023-3,1220,2294,1.21,0.31,45.4,43.7,9.5,40
20604820010,大木浅田切線,百沢臼田線,湯沢望月線,20217,0,10.7,,45,,48,93,1.35,0.01,26.8,26.8,6,30
20604820030,大木浅田切線,湯沢望月線,雨境望月線,20217,0,11,,45,,48,93,1.35,0.3,29.9,31,4,30
20604830010,大屋停車場田沢線,一般国道１５２号,上田市・東御市境,20203,0,0.2,上田市大屋504-1（大屋駅前交差点）,2085,上田市大屋504-1（大屋駅前交差点）,1371,3456,1.23,0.86,7.4,15.5,6.4,30
20604830020,大屋停車場田沢線,上田市・東御市境,東御市・上田市境,20219,0,0.1,上田市大屋504-1（大屋駅前交差点）,2085,上田市大屋504-1（大屋駅前交差点）,1371,3456,1.23,1.29,21.1,21.1,5.7,30
20604830030,大屋停車場田沢線,東御市・上田市境,一般国道１８号,20203,0,0.2,上田市大屋504-1（大屋駅前交差点）,2085,上田市大屋504-1（大屋駅前交差点）,1371,3456,1.23,0.52,10.2,10.2,6.5,40
20604830050,大屋停車場田沢線,一般国道１８号,小諸上田線,20219,0,1.7,上田市大屋504-1（大屋駅前交差点）,2085,上田市大屋504-1（大屋駅前交差点）,1371,3456,1.23,0.47,25.3,23.9,8,40
20604830060,大屋停車場田沢線,小諸上田線,,20219,0,0.7,,918,,1023,1941,1.22,0.26,19.4,29,8,40
20604840010,富士見原茅野線,北杜富士見線,富士見高原線,20362,0,0.1,諏訪郡富士見町立沢1-1182,673,諏訪郡富士見町立沢1-1182,744,1417,1.21,0.13,50.3,51.4,9.25,50
20604840020,富士見原茅野線,富士見高原線,富士見町・原村境,20362,0,7.8,諏訪郡富士見町立沢1-1182,673,諏訪郡富士見町立沢1-1182,744,1417,1.21,0.13,56.9,54.5,9.25,50
20604840030,富士見原茅野線,富士見町・原村境,,20363,0,3.3,諏訪郡富士見町立沢1-1182,673,諏訪郡富士見町立沢1-1182,744,1417,1.21,0.13,53.4,50.5,9,50
20604840050,富士見原茅野線,,渋ノ湯堀線,20214,0,0.8,,,,,,,,41.6,36.9,9,60
20604840060,富士見原茅野線,渋ノ湯堀線,一般国道２９９号,20214,0,1.4,,,,,,,,41.6,36.9,9,60
20604840080,富士見原茅野線,茅野停車場八子ヶ峰公園線,一般国道１５２号,20214,0,2.4,,,,,,,,25.2,40.5,5,40
20604850010,富士見高原線,富士見原茅野線,茅野北杜韮崎線,20362,0,3.6,,,,,,,,35.6,33.5,6.5,40
20604850020,富士見高原線,茅野北杜韮崎線,一般国道２０号,20362,0,3.4,,,,,,,,19.4,20.1,6.5,40
20604860010,王滝加子母付知線,御岳王滝黒沢線,,20429,0,4.1,,701,,686,1387,1.22,0.18,44,44,6.5,40
20604870010,諏訪湖四賀線,諏訪辰野線,一般国道２０号,20206,0,3.8,諏訪市中洲5709-15,7470,諏訪市中洲5709-15,7334,14804,1.33,1.37,25.4,26.3,12,50
20604880010,車屋大久保線,伊那生田飯田線,沢渡高遠線,20209,0,2.3,伊那市東春近2340（中殿島交差点）,1577,伊那市東春近2340（中殿島交差点）,1966,3543,1.19,0.38,32,39.7,10,50
20604880020,車屋大久保線,沢渡高遠線,伊那市・駒ヶ根市境,20209,0,3.5,伊那市東春近2340（中殿島交差点）,1577,伊那市東春近2340（中殿島交差点）,1966,3543,1.19,0.38,38,36.2,10,50
20604880030,車屋大久保線,伊那市・駒ヶ根市境,栗林宮田停車場線,20210,0,2.8,,128,,129,257,1.35,0.31,60.2,60.2,4,60
20604890010,伊那北殿線,一般国道１５３号,伊那市・南箕輪村境,20209,0,0.3,上伊那郡南箕輪村6275-1,1407,上伊那郡南箕輪村6275-1,1152,2559,1.25,0.92,28,23.1,6,40
20604890020,伊那北殿線,伊那市・南箕輪村境,一般国道１５３号,20385,0,3.4,上伊那郡南箕輪村6275-1,1407,上伊那郡南箕輪村6275-1,1152,2559,1.25,0.34,35.5,35.5,9,40
20604900010,中山松倉線,,一般国道１５２号,20209,0,5.6,伊那市高遠町藤沢4491,210,伊那市高遠町藤沢4491,215,425,1.35,0.08,41.1,39.3,7,60
20604910010,親田中村線,天竜公園阿智線,下條村・飯田市境,20411,0,1.8,飯田市立石117,186,飯田市立石117,195,381,1.13,0.75,40.2,40.2,4.2,40
20604910020,親田中村線,下條村・飯田市境,田中乱橋線,20205,0,4,飯田市立石117,186,飯田市立石117,195,381,1.13,0.75,40.2,40.2,4.2,40
20604910040,親田中村線,田中乱橋線,時又中村線,20205,0,4.9,飯田市久米610-1,2010,飯田市久米610-1,2232,4242,1.23,0.51,44.9,42.7,6.5,40
20604920010,天竜峡停車場下平線,天竜峡停車場線,飯田富山佐久間線,20205,0,0.6,飯田市龍江7054-1,1198,飯田市龍江7054-1,1182,2380,1.23,0.49,26.1,26.6,6.5,40
20604920020,天竜峡停車場下平線,飯田富山佐久間線,米川飯田線,20205,0,0.8,飯田市龍江4113-1,415,飯田市龍江4113-1,439,854,1.19,1.11,32.8,27.2,4.5,40
20604920040,天竜峡停車場下平線,米川飯田線,米川駄科停車場線,20205,0,4.1,飯田市龍江9062-1,136,飯田市龍江9062-1,139,275,1.08,0.04,46.8,49.3,8.6,40
20604930010,姥神奈良井線,一般国道３６１号,一般国道１９号,20215,0,6.4,塩尻市奈良井2741-4,460,塩尻市奈良井2741-4,463,923,1.35,0.14,40.4,39.8,6.5,40
20604940010,聖高原杉崎線,聖高原千曲線,大町麻績インター千曲線,20452,0,4,,,,,,,,44.7,40.1,5,40
20604950010,豊科大天井岳線,一般国道１９号,柏矢町田沢停車場線,20220,0,1.1,安曇野市豊科南穂高1433-1（光橋西交差点）,5536,安曇野市豊科南穂高1433-1（光橋西交差点）,5378,10914,1.21,0.74,25.3,13.9,14.5,50
20604950020,豊科大天井岳線,柏矢町田沢停車場線,一般国道１４７号,20220,0,2,安曇野市豊科南穂高1433-1（光橋西交差点）,2792,安曇野市豊科南穂高1433-1（光橋西交差点）,2895,5687,1.17,0.58,32.7,25.1,10,50
20604950040,豊科大天井岳線,一般国道１４７号,塩尻鍋割穂高線,20220,0,5.3,安曇野市豊科4960-1,6482,安曇野市豊科4960-1,6366,12848,1.31,0.8,35.8,35.6,10,50
20604950060,豊科大天井岳線,塩尻鍋割穂高線,,20220,0,5.6,,2431,,2439,4870,1.25,0.15,30.6,33.3,27,40
20604950090,豊科大天井岳線,小倉梓橋停車場線,,20220,0,2.7,,295,,256,551,1.35,0.86,28.6,28.6,3.8,30
20604960010,あづみの公園大町線,,有明大町線,20212,0,0.7,大町市常盤163-1,845,大町市常盤163-1,886,1731,1.22,0.21,27.7,14.1,27,60
20604960020,あづみの公園大町線,有明大町線,一般国道１４７号,20212,0,1.3,大町市常盤163-1,845,大町市常盤163-1,886,1731,1.22,0.21,43.8,39.1,27,60
20604970010,美麻八坂線,長野大町線,小島信濃木崎停車場線,20212,0,6.6,大町市美麻11780-8,296,大町市美麻11780-8,276,572,1.15,0.07,39.1,37,7.5,60
20604970030,美麻八坂線,小島信濃木崎停車場線,川口大町線,20212,0,0.8,大町市美麻大塩中村2795-1,143,大町市美麻大塩中村2795-1,144,287,1.08,0.04,43.8,38.4,7,60
20604970040,美麻八坂線,川口大町線,大町麻績インター千曲線,20212,0,8,大町市美麻大塩中村2795-1,119,大町市美麻大塩中村2795-1,115,234,1.35,0.02,34.1,34.1,7,60
20604980010,聖高原千曲線,一般国道４０３号,麻績村・筑北村境,20446,0,2.8,,261,,314,575,1.35,0.21,29.3,22.4,6,30
20604980020,聖高原千曲線,麻績村・筑北村境,聖高原杉崎線,20452,0,1.5,,261,,314,575,1.35,0.52,31.9,32.6,5,30
20604980030,聖高原千曲線,聖高原杉崎線,筑北村・千曲市境,20452,0,2.8,,261,,314,575,1.35,0.52,16.3,16.3,5,30
20604980040,聖高原千曲線,筑北村・千曲市境,大町麻績インター千曲線,20218,0,6.9,,261,,314,575,1.35,0.21,30,29.9,6,30
20604980050,聖高原千曲線,大町麻績インター千曲線,一般国道１８号,20218,0,1.3,千曲市大字磯部991-1,2300,千曲市大字磯部991-1,2188,4488,1.24,0.37,19.2,18.6,16,40
20604990010,相之島高山線,村山小布施停車場線,新田春木線,20207,0,1,,3215,,3160,6375,1.27,0.79,26.9,26.9,8.2,40
20604990020,相之島高山線,新田春木線,一般国道４０３号,20207,0,1.4,須坂市大字旭ヶ丘3-1地先,3008,須坂市大字旭ヶ丘3-1地先,3022,6030,1.28,0.68,28.5,24.7,12.8,40
20604990030,相之島高山線,一般国道４０３号,須坂市・高山村境,20207,0,1.5,,4149,,3960,8109,1.29,0.82,29.2,29.8,11.5,40
20604990040,相之島高山線,須坂市・高山村境,須坂中野線,20543,0,2.7,,4149,,3960,8109,1.29,0.78,35.8,35.7,8,40
20301170110,豊田中野線,一般国道１１７号,中野市道,20211,0,1.1,,3123,,2925,6048,1.27,0.56,38,38.4,10,40
20605000010,豊田中野線,中野市道,一般国道２９２号,20211,0,0.3,,,,,,,,,,15,40
20605020010,奥志賀公園栄線,奥志賀公園線,山ノ内町・木島平村境,20561,0,5.5,,1304,,1219,2523,1.22,1.08,23.4,31.8,6,40
20605020020,奥志賀公園栄線,山ノ内町・木島平村境,木島平村・栄村境,20562,0,1.5,,128,,156,284,1.35,0.35,26.7,26.7,4.6,60
20605020030,奥志賀公園栄線,木島平村・栄村境,栄村・木島平村境,20602,0,2.7,,128,,156,284,1.35,0.14,27.6,27.6,5,60
20605020040,奥志賀公園栄線,栄村・木島平村境,木島平村・栄村境,20562,0,9,,128,,156,284,1.35,0.14,37.4,36.6,5,60
20605020050,奥志賀公園栄線,木島平村・栄村境,栄村・野沢温泉村境,20602,0,10.5,,128,,156,284,1.35,0.1,44.2,41.8,5.3,60
20605020060,奥志賀公園栄線,栄村・野沢温泉村境,野沢温泉村・栄村境,20563,0,19.8,,128,,156,284,1.35,0.35,33.7,39,4.6,60
20605020070,奥志賀公園栄線,野沢温泉村・栄村境,箕作飯山線,20602,0,7.6,,128,,156,284,1.35,0.16,38.2,34.9,4.9,60
20605030010,斑尾大川線,飯山斑尾新井線,一般国道２９２号,20213,0,2.2,,259,,150,409,1.35,0.07,37,34.2,7,60
20605040010,信濃斑尾高原線,古間停車場野尻線,飯山妙高高原線,20583,0,4.5,上水内郡信濃町野尻36-6,583,上水内郡信濃町野尻36-6,564,1147,1.2,0.13,39.6,37.5,8.65,40
20605040030,信濃斑尾高原線,飯山妙高高原線,一般県道信濃斑尾高原線,20583,0,3.5,上水内郡信濃町古海3742,136,上水内郡信濃町古海3742,142,278,1.15,0.05,33.8,36.8,8,40
20605050010,三水中野線,牟礼永江線,東柏原赤塩線,20590,0,2.8,,423,,368,791,1.19,0.12,30.3,42.5,8,40
20605050020,三水中野線,東柏原赤塩線,飯綱町・中野市境,20590,0,1.5,,423,,368,791,1.19,0.12,37.7,43.9,8,40
20605050030,三水中野線,飯綱町・中野市境,一般国道１１７号,20211,0,1.8,,2621,,2764,5385,1.25,0.54,40,39.3,8,40
20605050040,三水中野線,一般国道１１７号,中野豊野線,20211,0,1.7,中野市上今井（上今井橋）,3861,中野市上今井（上今井橋）,3976,7837,1.28,0.86,38.8,43.2,10,40
20605050050,三水中野線,中野豊野線,中野豊野線,20211,0,0.9,中野市上今井（上今井橋）,3861,中野市上今井（上今井橋）,3976,7837,1.28,0.86,33,19.5,10,40
20605060010,戸隠高原浅川線,長野戸隠線,栃原北郷信濃線,20201,0,6.1,長野市戸隠豊岡2764,1343,長野市戸隠豊岡2764,1361,2704,1.23,0.4,45.4,49.5,6.5,40
20605060030,戸隠高原浅川線,栃原北郷信濃線,戸隠高原浅川線,20201,0,5.3,,1685,,1582,3267,1.23,0.45,42.8,43.1,7,40
20605060040,戸隠高原浅川線,戸隠高原浅川線,戸隠高原浅川線,20201,0,3.9,,1685,,1582,3267,1.23,0.45,50.6,53.9,7,40
20605060050,戸隠高原浅川線,戸隠高原浅川線,長野信濃線,20201,0,0.2,,,,,,,,35.3,10.4,7,40
20605060070,戸隠高原浅川線,戸隠高原浅川線,戸隠高原浅川線,20201,0,3.1,,,,,,,,42.8,43.1,5.85,40
20605060080,戸隠高原浅川線,戸隠高原浅川線,長野信濃線,20201,0,0.3,,,,,,,,22.9,10.6,5.85,40
20605070010,秋山郷森宮野原停車場線,,長瀬横倉停車場線,20602,0,3.8,,288,,258,546,1.15,0.08,35.8,36.5,7,60
20605070050,秋山郷森宮野原停車場線,一般国道１１７号,,20602,0,0.2,,195,,197,392,1.35,0.09,8.8,8.8,5.5,60
20605070030,秋山郷森宮野原停車場線,長瀬横倉停車場線,一般県道秋山郷森宮野原停車場線,20602,0,3.7,,288,,258,546,1.15,0.08,43.7,43.7,7,60
20604730070,上松南木曽線,上松御岳線,上松町道,20422,0,6.9,木曽郡上松町荻原1460,848,木曽郡上松町荻原1460,726,1574,1.19,0.2,55.9,57,7,40
20605080010,上松南木曽線,一般国道１９号,上松御岳線,20422,0,2.9,,,,,,,,43.1,42.3,7,40
20605080030,上松南木曽線,一般国道１９号,大桑村道,20430,0,5,木曽郡大桑村野尻,207,木曽郡大桑村野尻,180,387,1.35,0.09,,,7,40
20605080050,上松南木曽線,南木曽町道,一般国道１９号,20423,0,4,木曽郡南木曽町読書（きりがぼら橋）,63,木曽郡南木曽町読書（きりがぼら橋）,53,116,1.35,0.01,,,7,40
20605080080,上松南木曽線,上松町道,上松町・大桑村境,20422,0,0.2,,,,,,,,61.9,60.6,7.5,40
20605080090,上松南木曽線,上松町・大桑村境,,20430,0,2.9,,,,,,,,61.9,60.6,7.5,40
