交通調査基本区間番号,路線名,起点側／路線名等,終点側／路線名等,市区町村コード,自動車専用道路の別,区間延長（ｋｍ）,上り／交通量観測地点地名,上り／２４時間自動車類交通量／合計（台）,下り／交通量観測地点地名,下り／２４時間自動車類交通量／合計（台）,２４時間自動車類交通量（上下合計）／合計（台）,昼夜率,混雑度,朝夕（混雑時）／上り／旅行速度／合計（ｋｍ／ｈ）,朝夕（混雑時）／下り／旅行速度／合計（ｋｍ／ｈ）,幅員構成／道路部幅員（ｍ）,指定最高速度（ｋｍ／ｈ）
29110720010,西名阪自動車道,一般国道２５号（名阪国道）,天理市・大和郡山市境,29204,1,1.6,郡山IC～天理IC,19771,郡山IC～天理IC,19645,39416,1.4,0.63,69.5,69,21,60
29110720020,西名阪自動車道,天理市・大和郡山市境,一般国道２４号,29203,1,1.3,郡山IC～天理IC,19771,郡山IC～天理IC,19645,39416,1.4,0.63,57.8,67.2,21,80
29110720023,西名阪自動車道,一般国道２４号,一般国道２４号（京奈和自動車道）,29203,1,1.2,郡山下ツ道JCT～郡山IC,19125,郡山下ツ道JCT～郡山IC,18951,38076,1.37,0.61,80.8,80.8,21,80
29110720025,西名阪自動車道,一般国道２４号（京奈和自動車道）,大和郡山広陵線,29203,1,1.2,大和まほろばSIC～郡山下ツ道JCT,23739,大和まほろばSIC～郡山下ツ道JCT,24202,47941,1.38,0.76,87.1,78.8,21,80
29110720030,西名阪自動車道,大和郡山広陵線,大和郡山市・安堵町境,29203,1,0.7,法隆寺IC～大和まほろばSIC,24880,法隆寺IC～大和まほろばSIC,25148,50028,1.38,0.81,82.9,80.3,21,80
29110720040,西名阪自動車道,大和郡山市・安堵町境,安堵町・大和郡山市境,29345,1,0.2,法隆寺IC～大和まほろばSIC,24880,法隆寺IC～大和まほろばSIC,25148,50028,1.38,0.81,82.4,80.1,21,80
29110720050,西名阪自動車道,安堵町・大和郡山市境,大和郡山市・安堵町境,29203,1,0.1,法隆寺IC～大和まほろばSIC,24880,法隆寺IC～大和まほろばSIC,25148,50028,1.38,0.81,81.7,77.5,21,80
29110720060,西名阪自動車道,大和郡山市・安堵町境,安堵町・河合町境,29345,1,2.4,法隆寺IC～大和まほろばSIC,24880,法隆寺IC～大和まほろばSIC,25148,50028,1.38,0.81,80,75.8,21,80
29110720070,西名阪自動車道,安堵町・河合町境,大和高田斑鳩線,29427,1,0.5,法隆寺IC～大和まほろばSIC,24880,法隆寺IC～大和まほろばSIC,25148,50028,1.38,0.81,81.9,79,21,80
29110720080,西名阪自動車道,大和高田斑鳩線,河合町・上牧町境,29427,1,2.2,香芝IC～法隆寺IC,25607,香芝IC～法隆寺IC,25861,51468,1.38,0.76,83.3,78.5,21,80
29110720090,西名阪自動車道,河合町・上牧町境,上牧町・香芝市境,29424,1,2.1,香芝IC～法隆寺IC,25607,香芝IC～法隆寺IC,25861,51468,1.38,0.76,80.9,76.5,21,80
29110720100,西名阪自動車道,上牧町・香芝市境,香芝インタ－線,29210,1,1.1,香芝IC～法隆寺IC,25607,香芝IC～法隆寺IC,25861,51468,1.38,0.76,78.5,73.6,19.5,80
29110720110,西名阪自動車道,香芝インタ－線,西名阪自動車道,29210,1,3.5,柏原IC～香芝IC,29813,柏原IC～香芝IC,30179,59992,1.39,1.03,76.7,74.1,21.25,80
29300240010,一般国道２４号,一般国道２４号,一般国道２４号,29201,0,0.3,奈良市左京5,14785,奈良市左京5,14012,28797,1.37,0.44,37.6,59.2,31.94,60
29300240030,一般国道２４号,一般国道２４号,,29201,0,0.9,奈良市左京5,15367,奈良市左京5,13378,28745,1.37,0.43,56.9,37.8,28.61,60
29300240040,一般国道２４号,,奈良加茂線,29201,0,1.8,奈良市法蓮町,23586,奈良市法蓮町,20809,44395,1.34,1.08,56.9,13.5,27.5,60
29300240050,一般国道２４号,奈良加茂線,,29201,0,1.6,奈良市法蓮町,23586,奈良市法蓮町,20809,44395,1.34,1.08,18.9,19.8,27.5,60
29300240060,一般国道２４号,,,29201,0,0.3,奈良市四条大路1,14543,奈良市四条大路1,14673,29216,1.34,0.4,57.7,34,19.1,60
29300240070,一般国道２４号,,京終停車場薬師寺線,29201,0,1.3,奈良市柏木町,27295,奈良市柏木町,25494,52789,1.36,1.16,31.2,13.9,28.54,60
29300240080,一般国道２４号,京終停車場薬師寺線,奈良大和郡山線,29201,0,1.3,奈良市柏木町,27295,奈良市柏木町,25494,52789,1.36,1.16,14.5,15,28.54,60
29300240090,一般国道２４号,奈良大和郡山線,,29201,0,0.3,奈良市柏木町,27295,奈良市柏木町,25494,52789,1.36,1.16,19.1,17.7,28.54,60
29300240100,一般国道２４号,,奈良市・大和郡山市境,29201,0,0.3,奈良市西九条町4,26205,奈良市西九条町4,25834,52039,1.36,1.05,18.8,20.5,26.68,60
29300240110,一般国道２４号,奈良市・大和郡山市境,大和郡山上三橋線,29203,0,0.8,奈良市西九条町4,26205,奈良市西九条町4,25834,52039,1.36,0.96,11.8,31.2,27.79,60
29300240120,一般国道２４号,大和郡山上三橋線,大和郡山環状線,29203,0,1.5,大和郡山市大江町,20269,大和郡山市大江町,20581,40850,1.36,0.81,14.8,21.5,27.79,60
29300240130,一般国道２４号,大和郡山環状線,木津横田線,29203,0,0.9,大和郡山市大江町,20269,大和郡山市大江町,20581,40850,1.36,0.81,19.2,11,27.79,60
29300240140,一般国道２４号,木津横田線,一般国道２５号,29203,0,0.6,大和郡山市大江町,20269,大和郡山市大江町,20581,40850,1.36,0.81,35.5,12.7,27.79,60
29300240150,一般国道２４号,一般国道２５号,西名阪自動車道,29203,0,0.6,大和郡山市横田町,24728,大和郡山市横田町,25520,50248,1.36,1.03,14.9,24.8,27.79,60
29300240160,一般国道２４号,西名阪自動車道,大和郡山市・天理市境,29203,0,0.2,大和郡山市横田町,24728,大和郡山市横田町,25520,50248,1.36,1.03,12.7,14.3,27.79,60
29300240170,一般国道２４号,大和郡山市・天理市境,筒井二階堂線,29204,0,0.2,天理市南六条町,24186,天理市南六条町,25457,49643,1.36,1.02,15.6,13,36.55,50
29300240180,一般国道２４号,筒井二階堂線,一般国道２４号,29204,0,0.3,天理市南六条町,24186,天理市南六条町,25457,49643,1.36,1.02,12.3,22.8,36.55,50
29300240190,一般国道２４号,一般国道２４号,天理斑鳩線,29204,0,0.9,天理市二階堂上ノ庄町,9562,天理市二階堂上ノ庄町,10315,19877,1.31,1.29,8.7,24,14,50
29300240200,一般国道２４号,天理斑鳩線,一般国道２５号,29204,0,0.5,天理市二階堂上ノ庄町,9562,天理市二階堂上ノ庄町,10315,19877,1.31,1.29,10.7,19.6,14,50
29300240210,一般国道２４号,一般国道２５号,天理王寺線,29204,0,1.4,天理市嘉幡町,9491,天理市嘉幡町,8628,18119,1.31,1.21,18.3,19,13.67,50
29300240220,一般国道２４号,天理王寺線,天理王寺線,29204,0,0.1,天理市嘉幡町,9491,天理市嘉幡町,8628,18119,1.31,1.21,17.2,18,13.67,50
29300240230,一般国道２４号,天理王寺線,天理市・田原本町境,29204,0,0.6,天理市嘉幡町,9491,天理市嘉幡町,8628,18119,1.31,1.21,14.2,32.3,13.67,50
29300240235,一般国道２４号,天理市・田原本町境,,29363,0,0.7,磯城郡田原本町唐古,8840,磯城郡田原本町唐古,9039,17879,1.31,1.09,15,27,15,50
29300240240,一般国道２４号,,結崎田原本線,29363,0,0.5,磯城郡田原本町唐古,8840,磯城郡田原本町唐古,9039,17879,1.31,1.09,27,26.4,15,50
29300240250,一般国道２４号,結崎田原本線,柳本田原本線,29363,0,0.3,磯城郡田原本町唐古,8840,磯城郡田原本町唐古,9039,17879,1.31,1.09,28.4,22,15,50
29300240260,一般国道２４号,柳本田原本線,大和高田桜井線,29363,0,1,磯城郡田原本町千代,9794,磯城郡田原本町千代,10646,20440,1.28,1.08,24.6,22.5,12.69,50
29300240270,一般国道２４号,大和高田桜井線,桜井田原本王寺線,29363,0,0.7,磯城郡田原本町千代,9794,磯城郡田原本町千代,10646,20440,1.28,1.08,23.6,17.6,12.69,50
29300240280,一般国道２４号,桜井田原本王寺線,大和高田桜井線,29363,0,1.2,磯城郡田原本町千代,9794,磯城郡田原本町千代,10646,20440,1.28,1.38,20,17.5,11.53,50
29300240290,一般国道２４号,大和高田桜井線,田原本町・橿原市境,29363,0,0.1,磯城郡田原本町千代,9794,磯城郡田原本町千代,10646,20440,1.28,1.38,15.5,21.3,11.53,50
29300240300,一般国道２４号,田原本町・橿原市境,市道大三輪十市線,29205,0,0.8,橿原市十市町,10839,橿原市十市町,9932,20771,1.28,1.29,19.5,18.5,13.01,50
29300240310,一般国道２４号,市道大三輪十市線,県道中和幹線,29205,0,1,橿原市新賀町,8554,橿原市新賀町,8095,16649,1.33,1.21,20.4,11.4,14.1,50
29300240320,一般国道２４号,県道中和幹線,大和八木停車場線,29205,0,1,橿原市新賀町,8554,橿原市新賀町,8095,16649,1.33,1.22,12.7,18.1,14.49,40
29300240330,一般国道２４号,大和八木停車場線,豊浦大和八木停車場線,29205,0,0.3,橿原市新賀町,8554,橿原市新賀町,8095,16649,1.33,1.22,11.5,13,14.49,40
29300240340,一般国道２４号,豊浦大和八木停車場線,大和八木停車場線,29205,0,0.2,橿原市新賀町,8554,橿原市新賀町,8095,16649,1.33,1.22,14.8,12.7,14.49,40
29300240350,一般国道２４号,大和八木停車場線,一般国道１６５号,29205,0,0.1,橿原市新賀町,8554,橿原市新賀町,8095,16649,1.33,1.22,12.2,11.2,14.49,40
29300240360,一般国道２４号,一般国道１６５号,一般国道１６９号,29205,0,0.3,橿原市新賀町,8554,橿原市新賀町,8095,16649,1.33,1.42,12.4,15.4,10.84,40
29300240370,一般国道２４号,一般国道１６９号,一般国道２４号,29205,0,0.4,橿原市四条町,7287,橿原市四条町,7251,14538,1.25,0.85,15.5,8.9,15.82,50
29300240380,一般国道２４号,一般国道２４号,一般国道２４号,29205,0,0.6,橿原市四条町,16007,橿原市四条町,17761,33768,1.29,0.63,20.6,66.9,18,60
29300240390,一般国道２４号,一般国道２４号,一般国道２４号,29205,0,1.2,橿原市四条町,16007,橿原市四条町,17761,33768,1.29,0.47,70.4,68.7,18,60
29300240400,一般国道２４号,一般国道２４号,一般国道２４号,29205,0,0.4,橿原市四条町,16007,橿原市四条町,17761,33768,1.29,0.47,66.1,64.7,18,60
29300240410,一般国道２４号,一般国道２４号,,29205,0,0.9,橿原市四条町,16007,橿原市四条町,17761,33768,1.29,0.47,74.8,72.4,18,60
29300240420,一般国道２４号,,橿原市・大和高田市境,29205,0,0.2,大和高田市曽大根,23787,大和高田市曽大根,23093,46880,1.29,0.73,73.9,72.4,18,60
29300240430,一般国道２４号,橿原市・大和高田市境,一般国道２４号,29202,0,0.8,大和高田市曽大根,23787,大和高田市曽大根,23093,46880,1.29,0.73,58.4,69.5,18,60
29300240440,一般国道２４号,一般国道２４号,一般国道２４号,29202,0,0.9,大和高田市曽大根,23787,大和高田市曽大根,23093,46880,1.29,0.71,69.4,72,18,60
29300240460,一般国道２４号,一般国道２４号,大和高田市・葛城市境,29202,0,0.3,葛城市忍海,7602,葛城市忍海,8347,15949,1.2,1.33,9.8,17.7,15.25,50
29300240470,一般国道２４号,大和高田市・葛城市境,寺口北花内線,29211,0,1.5,葛城市忍海,7602,葛城市忍海,8347,15949,1.2,1.39,12.2,16.4,14.36,50
29300240480,一般国道２４号,寺口北花内線,市道,29211,0,0.1,葛城市忍海,7602,葛城市忍海,8347,15949,1.2,1.39,10.8,20.1,14.36,50
29300240490,一般国道２４号,市道,葛城市・御所市境,29211,0,1.2,葛城市忍海,7602,葛城市忍海,8347,15949,1.2,1.39,16.1,24.8,14.36,50
29300240500,一般国道２４号,葛城市・御所市境,櫛羅御所線,29208,0,1,葛城市忍海,7602,葛城市忍海,8347,15949,1.2,1.12,23.9,21.8,13.72,50
29300240510,一般国道２４号,櫛羅御所線,御所高取線,29208,0,0.8,葛城市忍海,7602,葛城市忍海,8347,15949,1.2,1.12,22.3,24.6,13.72,50
29300240520,一般国道２４号,御所高取線,一般国道３０９号,29208,0,1.5,御所市三室,6155,御所市三室,6526,12681,1.2,0.88,35.6,31.4,14.47,50
29300240530,一般国道２４号,一般国道３０９号,古瀬小殿線,29208,0,1.7,御所市室,5875,御所市室,5400,11275,1.2,0.87,36.6,34.6,14.47,50
29300240540,一般国道２４号,古瀬小殿線,御所香芝線,29208,0,3.8,御所市小殿,4340,御所市小殿,4568,8908,1.2,0.58,44,41.6,9.86,50
29300240550,一般国道２４号,御所香芝線,御所市・五條市境,29208,0,0.1,御所市小殿,4340,御所市小殿,4568,8908,1.2,0.58,28.9,25.2,9.86,50
29300240560,一般国道２４号,御所市・五條市境,一般国道２４号（京奈和自動車道）,29207,0,1,御所市小殿,4340,御所市小殿,4568,8908,1.2,0.63,37.6,32.9,10.06,50
29300240570,一般国道２４号,一般国道２４号（京奈和自動車道）,北宇智停車場線,29207,0,0.6,御所市小殿,4340,御所市小殿,4568,8908,1.2,0.74,24.4,30.2,12.46,50
29300240580,一般国道２４号,北宇智停車場線,五條高取線,29207,0,0.1,御所市小殿,4340,御所市小殿,4568,8908,1.2,0.74,30.3,32.1,12.46,50
29300240590,一般国道２４号,五條高取線,富田林五條線,29207,0,0.7,御所市小殿,4340,御所市小殿,4568,8908,1.2,0.57,32.6,38.8,10.49,50
29300240600,一般国道２４号,富田林五條線,一般国道３７０号,29207,0,0.6,御所市小殿,4340,御所市小殿,4568,8908,1.2,0.57,37.5,33,10.49,50
29300240610,一般国道２４号,一般国道３７０号,五條吉野線,29207,0,1.6,五條市今井,7087,五條市今井,7268,14355,1.2,0.71,38,29.1,15.08,50
29300240620,一般国道２４号,五條吉野線,五條停車場線,29207,0,1.1,五條市今井,7087,五條市今井,7268,14355,1.2,0.71,18.4,17.3,15.08,50
29300240630,一般国道２４号,五條停車場線,一般国道１６８号,29207,0,0.4,五條市今井,7087,五條市今井,7268,14355,1.2,0.71,23.9,11.9,15.08,50
29300240640,一般国道２４号,一般国道１６８号,一般国道３１０号,29207,0,0,五條市今井,7087,五條市今井,7268,14355,1.2,0.71,12.5,12.4,15.08,50
29300240650,一般国道２４号,一般国道３１０号,二見御幸辻停車場線,29207,0,1.2,五條市釜窪町,3712,五條市釜窪町,3875,7587,1.2,0.68,21,26.8,15.08,50
29300240660,一般国道２４号,二見御幸辻停車場線,阪本五條線,29207,0,0.6,五條市釜窪町,3712,五條市釜窪町,3875,7587,1.2,0.68,34.7,32.8,15.08,50
29300240670,一般国道２４号,阪本五條線,市道,29207,0,1.2,五條市釜窪町,3712,五條市釜窪町,3875,7587,1.2,0.63,39.4,39,9.66,50
29300240680,一般国道２４号,市道,一般国道２４号,29207,0,1.1,五條市釜窪町,3712,五條市釜窪町,3875,7587,1.2,0.63,42.6,44.6,9.66,50
29300240860,一般国道２４号,一般国道３６９号,一般国道３０８号,29201,0,0.3,奈良市三条大路1,11655,奈良市三条大路1,11195,22850,1.34,0.84,11.8,10.2,46.1,50
29300240700,一般国道２４号,一般国道２４号,一般国道１６６号,29205,0,0.2,橿原市四条町,1277,橿原市四条町,1927,3204,1.19,0.35,6.1,20.8,38.65,50
29300240710,一般国道２４号,一般国道１６６号,一般国道２４号,29205,0,0.1,橿原市四条町,1277,橿原市四条町,1927,3204,1.19,0.35,6.1,22.7,38.65,50
29300240720,一般国道２４号,一般国道２４号,見瀬五井線,29205,0,0.8,橿原市四条町,1277,橿原市四条町,1927,3204,1.19,0.35,22.8,47.4,38.65,50
29300240730,一般国道２４号,見瀬五井線,一般国道２４号,29205,0,0.4,橿原市四条町,1277,橿原市四条町,1927,3204,1.19,0.36,18.2,31.9,38.9,50
29300240740,一般国道２４号,一般国道２４号,,29205,0,0.2,橿原市四条町,1277,橿原市四条町,1927,3204,1.19,0.36,20.7,25.8,38.9,50
29300240760,一般国道２４号,,一般国道２４号,29205,0,0.5,橿原市四条町,1277,橿原市四条町,1927,3204,1.19,0.31,21.8,21.8,42.1,50
29300240770,一般国道２４号,一般国道２４号,一般国道２４号,29205,0,0.5,橿原市四条町,1277,橿原市四条町,1927,3204,1.19,0.31,17.8,8.6,42.1,50
29300240780,一般国道２４号,一般国道２４号,,29205,0,0.3,大和高田市勝目,2107,大和高田市勝目,2175,4282,1.19,0.5,9.7,27,44.83,40
29300240800,一般国道２４号,,橿原市・大和高田市境,29205,0,0,大和高田市勝目,2107,大和高田市勝目,2175,4282,1.19,0.5,4.6,23.9,44.83,40
29300240810,一般国道２４号,橿原市・大和高田市境,大和高田御所線,29202,0,0.3,大和高田市勝目,2107,大和高田市勝目,2175,4282,1.19,0.44,14.1,14.1,40.43,50
29300240820,一般国道２４号,大和高田御所線,一般国道２４号,29202,0,0.4,大和高田市勝目,2107,大和高田市勝目,2175,4282,1.19,0.44,23.4,35.8,40.43,50
29300240830,一般国道２４号,一般国道２４号,一般国道２４号,29202,0,1.3,大和高田市勝目,2107,大和高田市勝目,2175,4282,1.19,0.46,30.7,46.7,30.36,40
29300240840,一般国道２４号,一般国道２４号,一般国道２４号,29202,0,0.1,大和高田市勝目,2107,大和高田市勝目,2175,4282,1.19,0.46,26.4,6.6,30.36,40
29300241240,一般国道２４号（京奈和自動車道）,西名阪自動車道,天理市・大和郡山市境,29204,1,0.7,大和郡山市八条町,3265,大和郡山市八条町,2584,5849,1.41,0.13,80,49.1,36.13,80
29300241410,一般国道２４号（京奈和自動車道）,天理市・大和郡山市境,大和郡山市・天理市境,29203,1,0.8,大和郡山市八条町,3265,大和郡山市八条町,2584,5849,1.41,0.12,79.3,65.6,22.8,80
29300241420,一般国道２４号（京奈和自動車道）,大和郡山市・天理市境,一般国道２４号（ランプ部）,29204,1,0.5,大和郡山市八条町,3265,大和郡山市八条町,2584,5849,1.41,0.12,74.9,70.8,22.8,80
29300240880,一般国道２４号（京奈和自動車道）,一般国道２４号（ランプ部）,天理市・川西町境,29204,1,1,磯城郡田原本町矢部,17895,磯城郡田原本町矢部,18534,36429,1.41,0.44,22.9,76.5,22.8,80
29300240890,一般国道２４号（京奈和自動車道）,天理市・川西町境,川西町・天理市境,29361,1,0.7,磯城郡田原本町矢部,17895,磯城郡田原本町矢部,18534,36429,1.41,0.44,60.5,81.2,25.9,80
29300240900,一般国道２４号（京奈和自動車道）,川西町・天理市境,天理市・川西町境,29204,1,0.5,磯城郡田原本町矢部,17895,磯城郡田原本町矢部,18534,36429,1.41,0.44,76.3,82.4,30.32,80
29300240910,一般国道２４号（京奈和自動車道）,天理市・川西町境,川西町・三宅町境,29361,1,0.1,磯城郡田原本町矢部,17895,磯城郡田原本町矢部,18534,36429,1.41,0.44,74.6,82.1,22.66,80
29300240920,一般国道２４号（京奈和自動車道）,川西町・三宅町境,三宅町・田原本町境,29362,1,1.2,磯城郡田原本町矢部,17895,磯城郡田原本町矢部,18534,36429,1.41,0.44,77.9,83.8,22.8,80
29300240930,一般国道２４号（京奈和自動車道）,三宅町・田原本町境,一般国道２４号,29363,1,3.9,磯城郡田原本町矢部,17895,磯城郡田原本町矢部,18534,36429,1.41,0.44,80.2,55.8,22.7,80
29300241260,一般国道２４号,天理王寺線,川西町・天理市境,29361,0,0.1,磯城郡田原本町保津,5906,磯城郡田原本町保津,5277,11183,1.24,0.87,10.2,39.1,15.47,40
29300241270,一般国道２４号,川西町・天理市境,天理市・川西町境,29204,1,0.5,磯城郡田原本町保津,5906,磯城郡田原本町保津,5277,11183,1.24,0.63,32.9,54,37,40
29300241280,一般国道２４号,天理市・川西町境,川西町・三宅町境,29361,0,0.2,磯城郡田原本町保津,5906,磯城郡田原本町保津,5277,11183,1.24,0.18,54.3,49.2,23.5,40
29300241290,一般国道２４号,川西町・三宅町境,三宅町・田原本町境,29362,0,1.3,磯城郡田原本町保津,5906,磯城郡田原本町保津,5277,11183,1.24,0.72,40.4,24.2,42,40
29300241300,一般国道２４号,三宅町・田原本町境,結崎田原本線,29363,0,0.3,磯城郡田原本町保津,5906,磯城郡田原本町保津,5277,11183,1.24,1.29,42.4,39.2,37.4,40
29300241310,一般国道２４号,結崎田原本線,桜井田原本王寺線,29363,0,1.1,磯城郡田原本町保津,5906,磯城郡田原本町保津,5277,11183,1.24,1.29,38.7,14.5,37.4,40
29300241020,一般国道２４号,桜井田原本王寺線,田原本広陵線,29363,0,0.7,磯城郡田原本町藥王寺,3632,磯城郡田原本町藥王寺,5672,9304,1.24,0.78,32.3,23.6,37.78,60
29300241030,一般国道２４号,田原本広陵線,,29363,0,0.8,磯城郡田原本町矢部,3537,磯城郡田原本町矢部,3799,7336,1.27,0.48,36.3,28.5,30.03,60
29300241040,一般国道２４号,,町道満田１１号線,29363,0,0.6,磯城郡田原本町矢部,3537,磯城郡田原本町矢部,3799,7336,1.27,0.48,39.9,22.9,30.03,60
29300241050,一般国道２４号,町道満田１１号線,一般国道２４号（京奈和自動車道）,29363,0,0.2,橿原市土橋町,20070,橿原市土橋町,21213,41283,1.41,1.84,23,20.9,30.03,60
29300241060,一般国道２４号,一般国道２４号（京奈和自動車道）,県道中和幹線,29205,0,1.4,橿原市土橋町,20070,橿原市土橋町,21213,41283,1.41,0.91,35.7,14.4,45.18,60
29300241070,一般国道２４号,県道中和幹線,一般国道１６５号,29205,0,2,橿原市土橋町,21188,橿原市土橋町,21352,42540,1.41,0.92,17.9,21.4,45.18,60
29300241080,一般国道２４号,一般国道１６５号,橿原高取線,29205,0,1,橿原市新堂町,18862,橿原市新堂町,18001,36863,1.41,0.8,14.9,14.1,45.18,60
29300241090,一般国道２４号,橿原高取線,一般国道２４号,29205,0,0.4,橿原市新堂町,18862,橿原市新堂町,18001,36863,1.41,0.93,22.8,8.2,22.89,60
29300241510,一般国道２４号,一般国道２４号,一般国道２４号,29205,0,0.1,橿原市新堂町,20261,橿原市新堂町,21164,41425,1.41,0.48,8.7,21.3,44.45,40
29300241200,一般国道２４号,一般国道２４号,,29205,1,0.4,大和高田市根成柿町,13433,大和高田市根成柿町,12381,25814,1.35,0.44,16.4,32,26.37,40
29300241150,一般国道２４号（京奈和自動車道）,,橿原市・大和高田市境,29205,1,0.5,大和高田市根成柿町,13433,大和高田市根成柿町,12381,25814,1.35,0.67,22.8,38.2,12,70
29300241160,一般国道２４号（京奈和自動車道）,橿原市・大和高田市境,大和高田市・橿原市境,29202,1,0.6,大和高田市根成柿町,13433,大和高田市根成柿町,12381,25814,1.35,0.67,23.1,41.6,12.8,70
29300241170,一般国道２４号（京奈和自動車道）,大和高田市・橿原市境,橿原市・御所市境,29205,1,2,大和高田市根成柿町,13433,大和高田市根成柿町,12381,25814,1.35,0.69,33.5,49.3,10,70
29300241180,一般国道２４号（京奈和自動車道）,橿原市・御所市境,一般国道２４号,29208,1,0.5,大和高田市根成柿町,13433,大和高田市根成柿町,12381,25814,1.35,0.71,34.9,44.7,10.64,70
29300241330,一般国道２４号（京奈和自動車道）,一般国道２４号,橿原市・御所市境,29205,1,0.3,御所市本馬,10319,御所市本馬,9705,20024,1.37,0.61,46.6,38.4,33.16,70
29300241340,一般国道２４号（京奈和自動車道）,橿原市・御所市境,一般国道３０９号,29208,1,2.6,御所市本馬,10319,御所市本馬,9705,20024,1.37,0.61,33.2,58.4,10.7,70
29300241350,一般国道２４号（京奈和自動車道）,一般国道３０９号,御所市・五條市境,29208,1,5.9,御所市篠,8022,御所市篠,7122,15144,1.37,0.46,57.6,70.7,10.88,70
29300241360,一般国道２４号（京奈和自動車道）,御所市・五條市境,一般国道２４号,29207,1,1.3,御所市篠,8022,御所市篠,7122,15144,1.37,0.46,66,73.4,10.88,70
29300241110,一般国道２４号（京奈和自動車道）,一般国道２４号,一般国道３１０号,29207,1,4.5,五條市岡町,10071,五條市岡町,10133,20204,1.31,0.57,67.8,70.3,10.88,70
29300241120,一般国道２４号（京奈和自動車道）,一般国道３１０号,市道,29207,1,2.1,五條市釜窪町,10637,五條市釜窪町,10591,21228,1.29,0.6,69.4,69.6,10.88,70
29300241130,一般国道２４号（京奈和自動車道）,市道,一般国道２４号（京奈和自動車道）,29207,1,1.3,五條市釜窪町,9611,五條市釜窪町,9757,19368,1.31,0.52,69.1,70.8,10.88,70
29300240950,一般国道２４号,一般国道２４号,天理市・大和郡山市境,29204,0,0.5,大和郡山市八条町,17846,大和郡山市八条町,18077,35923,1.37,0.83,7.8,29.7,39.79,40
29300240960,一般国道２４号,天理市・大和郡山市境,筒井二階堂線,29203,0,0,大和郡山市八条町,17846,大和郡山市八条町,18077,35923,1.37,0.76,6.9,39.7,34,40
29300240970,一般国道２４号,筒井二階堂線,一般国道２４号（ランプ部）,29203,0,0.3,大和郡山市八条町,17846,大和郡山市八条町,18077,35923,1.37,0.76,6.7,42.1,34,40
29300240980,一般国道２４号,一般国道２４号（ランプ部）,大和郡山市・天理市境,29203,0,0.3,天理市二階堂北菅田町,974,天理市二階堂北菅田町,1589,2563,1.37,0.08,7.9,60.6,28.05,40
29300240990,一般国道２４号,大和郡山市・天理市境,天理斑鳩線,29204,0,0.2,天理市二階堂北菅田町,974,天理市二階堂北菅田町,1589,2563,1.37,0.36,15.7,28.7,37.95,40
29300241000,一般国道２４号,天理斑鳩線,天理斑鳩線,29204,0,0.5,天理市二階堂北菅田町,1300,天理市二階堂北菅田町,1467,2767,1.25,0.33,35,28.9,37.95,40
29300241490,一般国道２４号,橿原高取線,橿原高取線,29205,0,0.3,橿原市一町,3718,橿原市一町,3133,6851,1.37,0.8,22.7,19.8,36.39,40
29300241480,一般国道２４号,橿原高取線,大和高田御所線,29205,0,0.8,橿原市一町,3718,橿原市一町,3133,6851,1.37,0.8,35.9,46.3,36.39,40
29300241220,一般国道２４号,大和高田御所線,一般国道２４号（京奈和自動車道）,29205,0,0.7,橿原市観音寺町,4547,橿原市観音寺町,3871,8418,1.37,0.81,48.3,38.7,48.4,40
29300241460,一般国道２４号,一般国道２４号（京奈和自動車道）,大和高田御所線,29208,0,0.6,御所市本馬,2311,御所市本馬,2166,4477,1.37,0.49,29.1,25.8,36.88,40
29300250010,一般国道２５号（名阪国道）,一般国道２５号（名阪国道）,一般国道２５号,29322,1,0.5,山辺郡山添村三ケ谷,22956,山辺郡山添村三ケ谷,21931,44887,1.44,1.08,84.1,77,22,60
29300250020,一般国道２５号（名阪国道）,一般国道２５号,奈良名張線,29322,1,2.6,山辺郡山添村三ケ谷,22956,山辺郡山添村三ケ谷,21931,44887,1.44,1.08,77.8,75.2,22,60
29300250030,一般国道２５号（名阪国道）,奈良名張線,一般国道２５号,29322,1,4.5,山辺郡山添村三ケ谷,22956,山辺郡山添村三ケ谷,21931,44887,1.44,1.08,78,75.8,22,60
29300250040,一般国道２５号（名阪国道）,一般国道２５号,山添村・奈良市境,29322,1,3.2,奈良市小倉町,22863,奈良市小倉町,21551,44414,1.47,0.98,77.9,74.1,22,60
29300250050,一般国道２５号（名阪国道）,山添村・奈良市境,一般国道２５号,29201,1,1,奈良市小倉町,22863,奈良市小倉町,21551,44414,1.47,0.98,77.1,76,20.9,70
29300250060,一般国道２５号（名阪国道）,一般国道２５号,一般国道３６９号,29201,1,2.7,奈良市小倉町,22863,奈良市小倉町,21551,44414,1.47,0.98,73.9,77.9,20.9,70
29300250070,一般国道２５号（名阪国道）,一般国道３６９号,一般国道２５号,29201,1,2.6,奈良市米谷町,26738,奈良市米谷町,26030,52768,1.43,1.08,80.9,79.3,23.25,70
29300250080,一般国道２５号（名阪国道）,一般国道２５号,奈良市・天理市境,29201,1,0.5,奈良市米谷町,26738,奈良市米谷町,26030,52768,1.43,1.08,79.3,78,23.25,70
29300250090,一般国道２５号（名阪国道）,奈良市・天理市境,一般国道２５号,29204,1,2.1,奈良市米谷町,26738,奈良市米谷町,26030,52768,1.43,1.08,81.9,74.6,23.25,60
29300250100,一般国道２５号（名阪国道）,一般国道２５号,天理市・奈良市境,29204,1,1.9,奈良市米谷町,26738,奈良市米谷町,26030,52768,1.43,1.08,76.9,72.8,23.25,60
29300250110,一般国道２５号（名阪国道）,天理市・奈良市境,市道,29201,1,4.3,奈良市米谷町,26738,奈良市米谷町,26030,52768,1.43,1.08,62.9,69.7,23.25,60
29300250120,一般国道２５号（名阪国道）,市道,奈良市・天理市境,29201,1,2.4,奈良市米谷町,26738,奈良市米谷町,26030,52768,1.43,1.08,63.1,67.9,23.25,60
29300250130,一般国道２５号（名阪国道）,奈良市・天理市境,天理環状線,29204,1,1.3,奈良市米谷町,26738,奈良市米谷町,26030,52768,1.43,1.08,70.7,72.7,23.25,60
29300250140,一般国道２５号（名阪国道）,天理環状線,天理環状線,29204,1,1.3,奈良市米谷町,26738,奈良市米谷町,26030,52768,1.43,1.08,75,74.8,23.25,60
29300250150,一般国道２５号（名阪国道）,天理環状線,西名阪自動車道,29204,1,0.8,奈良市米谷町,26738,奈良市米谷町,26030,52768,1.43,1.08,79,67,23.25,60
29300250170,一般国道２５号,一般国道２４号,大和郡山広陵線,29203,0,1.4,大和郡山市筒井町,7432,大和郡山市筒井町,8498,15930,1.41,1.12,15.3,18.4,13.7,50
29300250180,一般国道２５号,大和郡山広陵線,大和郡山広陵線,29203,0,0.5,大和郡山市筒井町,7432,大和郡山市筒井町,8498,15930,1.41,1.04,12.5,13.9,14.49,50
29300250190,一般国道２５号,大和郡山広陵線,大和郡山広陵線,29203,0,1.1,大和郡山市筒井町,7432,大和郡山市筒井町,8498,15930,1.41,1.04,12.3,13.4,14.49,50
29300250200,一般国道２５号,大和郡山広陵線,奈良大和郡山斑鳩線,29203,0,1,大和郡山市筒井町,7432,大和郡山市筒井町,8498,15930,1.41,1.04,11.9,20.8,14.49,50
29300250210,一般国道２５号,奈良大和郡山斑鳩線,大和郡山市・斑鳩町境,29203,0,0.5,生駒郡斑鳩町法隆寺,12523,生駒郡斑鳩町法隆寺,12554,25077,1.41,1.41,14.7,25.4,15.17,50
29300250220,一般国道２５号,大和郡山市・斑鳩町境,奈良大和郡山斑鳩線,29344,0,1,生駒郡斑鳩町法隆寺,12523,生駒郡斑鳩町法隆寺,12554,25077,1.41,1.44,31.7,13.3,7.96,40
29300250230,一般国道２５号,奈良大和郡山斑鳩線,天理斑鳩線,29344,0,0.4,生駒郡斑鳩町法隆寺,12523,生駒郡斑鳩町法隆寺,12554,25077,1.41,1.44,17.3,11.3,7.96,40
29300250240,一般国道２５号,天理斑鳩線,大和高田斑鳩線,29344,0,0.2,生駒郡斑鳩町法隆寺,12523,生駒郡斑鳩町法隆寺,12554,25077,1.41,1.44,14.6,12.9,7.96,40
29300250250,一般国道２５号,大和高田斑鳩線,法隆寺線,29344,0,0.3,生駒郡斑鳩町龍田,8106,生駒郡斑鳩町龍田,8362,16468,1.4,1.4,13.7,13.2,9.1,40
29300250260,一般国道２５号,法隆寺線,一般国道１６８号,29344,0,1.7,生駒郡斑鳩町龍田,8106,生駒郡斑鳩町龍田,8362,16468,1.4,1.4,10.9,13.8,9.1,40
29300250270,一般国道２５号,一般国道１６８号,一般国道２５号（いかるがパークウェイ）,29344,0,0.7,生駒郡斑鳩町龍田,8106,生駒郡斑鳩町龍田,8362,16468,1.4,1.4,18.5,19.7,9.1,40
29300250280,一般国道２５号,一般国道２５号（いかるがパークウェイ）,斑鳩町・三郷町境,29344,0,0.1,北葛城郡王寺町九度,12090,北葛城郡王寺町九度,11463,23553,1.4,1.99,13.1,11.2,9.1,40
29300250290,一般国道２５号,斑鳩町・三郷町境,三郷町・斑鳩町境,29343,0,0.3,北葛城郡王寺町九度,12090,北葛城郡王寺町九度,11463,23553,1.4,1.88,16.4,13.2,10.5,40
29300250300,一般国道２５号,三郷町・斑鳩町境,斑鳩町・王寺町境,29344,0,0.1,北葛城郡王寺町九度,12090,北葛城郡王寺町九度,11463,23553,1.4,1.67,19.1,12.6,13.8,40
29300250310,一般国道２５号,斑鳩町・王寺町境,王寺停車場線,29425,0,0.1,北葛城郡王寺町九度,12090,北葛城郡王寺町九度,11463,23553,1.4,1.56,19,11.6,18.3,40
29300250320,一般国道２５号,王寺停車場線,一般国道１６８号,29425,0,0.6,北葛城郡王寺町九度,12090,北葛城郡王寺町九度,11463,23553,1.4,1.56,13.9,10.5,18.3,40
29300250330,一般国道２５号,一般国道１６８号,椿井王寺線,29425,0,1,北葛城郡王寺町藤井,8365,北葛城郡王寺町藤井,7991,16356,1.53,1.46,12.6,19.2,10.25,50
29300250340,一般国道２５号,椿井王寺線,畠田藤井線,29425,0,0.9,北葛城郡王寺町藤井,8365,北葛城郡王寺町藤井,7991,16356,1.53,1.46,20.1,30.3,10.25,50
29300250350,一般国道２５号,畠田藤井線,王寺三郷斑鳩線,29425,0,0.7,北葛城郡王寺町藤井,8365,北葛城郡王寺町藤井,7991,16356,1.53,1.46,35.4,22.7,10.25,50
29300250360,一般国道２５号,王寺三郷斑鳩線,一般国道２５号,29425,0,1.4,北葛城郡王寺町藤井,8365,北葛城郡王寺町藤井,7991,16356,1.53,1.16,33.6,43.8,8.47,50
29300250640,一般国道２５号,一般国道１６９号,天理環状線,29204,0,1.8,天理市丹波市町,6356,天理市丹波市町,6399,12755,1.27,1.1,19.7,18,10.96,40
29300250650,一般国道２５号,天理環状線,一般国道２４号,29204,0,1.7,天理市丹波市町,6356,天理市丹波市町,6399,12755,1.27,1.1,30.1,21.6,10.96,40
29300250680,一般国道２５号（いかるがパークウェイ）,,一般国道２５号,29344,0,1.1,生駒郡斑鳩町稲葉車瀬,4451,生駒郡斑鳩町稲葉車瀬,4283,8734,1.25,0.92,21.6,30.1,22.85,60
29300250670,一般国道２５号（いかるがパークウェイ）,,,29344,0,0.4,生駒郡斑鳩町稲葉車瀬,4451,生駒郡斑鳩町稲葉車瀬,4283,8734,1.25,1,24.4,36.4,22.85,60
29300250380,一般国道２５号,一般国道２５号,笠置山添線,29322,0,0.1,山辺郡山添村三ケ谷,292,山辺郡山添村三ケ谷,264,556,1.19,0.07,39.9,13.4,7,60
29300250390,一般国道２５号,笠置山添線,遅瀬西波多線,29322,0,0.1,山辺郡山添村三ケ谷,292,山辺郡山添村三ケ谷,264,556,1.19,0.07,37.5,39.8,7,60
29300250400,一般国道２５号,遅瀬西波多線,一般国道２５号（名阪国道）,29322,0,0.5,山辺郡山添村三ケ谷,292,山辺郡山添村三ケ谷,264,556,1.19,0.07,38.3,37.6,7,60
29300250410,一般国道２５号,一般国道２５号（名阪国道）,奈良名張線,29322,0,1.4,山辺郡山添村三ケ谷,292,山辺郡山添村三ケ谷,264,556,1.19,0.07,34.1,38.6,7,60
29300250420,一般国道２５号,奈良名張線,奈良名張線,29322,0,2.1,山辺郡山添村三ケ谷,292,山辺郡山添村三ケ谷,264,556,1.19,0.07,43.1,38.2,7,60
29300250430,一般国道２５号,奈良名張線,岩屋三ケ谷線,29322,0,4.6,山辺郡山添村三ケ谷,292,山辺郡山添村三ケ谷,264,556,1.19,0.07,41.5,38.8,7,60
29300250440,一般国道２５号,岩屋三ケ谷線,月瀬三ケ谷線,29322,0,0.8,山辺郡山添村三ケ谷,292,山辺郡山添村三ケ谷,264,556,1.19,0.07,37.4,26.1,7,60
29300250450,一般国道２５号,月瀬三ケ谷線,一般国道２５号（名阪国道）,29322,0,0.1,奈良市小倉町,978,奈良市小倉町,408,1386,1.19,0.44,24.4,32.5,5.75,60
29300250460,一般国道２５号,一般国道２５号（名阪国道）,毛原切幡線,29322,0,1.5,奈良市小倉町,978,奈良市小倉町,408,1386,1.19,0.44,42.8,37.6,5.75,60
29300250470,一般国道２５号,毛原切幡線,山添村・奈良市境,29322,0,2.3,奈良市小倉町,978,奈良市小倉町,408,1386,1.19,0.44,44.2,35,5.75,60
29300250480,一般国道２５号,山添村・奈良市境,北野吐山線,29201,0,0.7,奈良市小倉町,978,奈良市小倉町,408,1386,1.19,3.28,35.8,32.1,5,60
29300250490,一般国道２５号,北野吐山線,一般国道２５号（名阪国道）,29201,0,0.1,奈良市小倉町,978,奈良市小倉町,408,1386,1.19,3.28,31.9,29.3,5,60
29300250500,一般国道２５号,一般国道２５号（名阪国道）,馬場針ケ別所小倉線,29201,0,1,奈良市小倉町,978,奈良市小倉町,408,1386,1.19,3.28,40.1,37.2,5,60
29300250510,一般国道２５号,馬場針ケ別所小倉線,北野吐山線,29201,0,0.1,奈良市小倉町,978,奈良市小倉町,408,1386,1.19,3.28,32.5,33.7,5,60
29300250520,一般国道２５号,北野吐山線,一般国道３６９号,29201,0,2,奈良市小倉町,978,奈良市小倉町,408,1386,1.19,3.28,36.5,28.6,5,60
29300250530,一般国道２５号,一般国道３６９号,桜井都祁線,29201,0,0.4,,191,,201,392,1.22,0.9,20.6,29.2,5.75,30
29300250540,一般国道２５号,桜井都祁線,一般国道２５号（名阪国道）,29201,0,1.6,,191,,201,392,1.22,0.9,40.2,36.2,5.75,30
29300250550,一般国道２５号,一般国道２５号（名阪国道）,奈良市・天理市境,29201,0,0.5,,191,,201,392,1.22,0.9,39,23.4,5.75,30
29300250560,一般国道２５号,奈良市・天理市境,天理加茂木津線,29204,0,1.6,,191,,201,392,1.22,0.3,41.3,25.4,5.6,60
29300250570,一般国道２５号,天理加茂木津線,福住矢田原線,29204,0,0.8,,191,,201,392,1.22,0.3,38,38.6,5.6,60
29300250580,一般国道２５号,福住矢田原線,福住横田線,29204,0,0.5,,191,,201,392,1.22,0.3,30.5,34,5.6,60
29300250590,一般国道２５号,福住横田線,一般国道２５号（名阪国道）,29204,0,0,,191,,201,392,1.22,0.3,21,22,5.6,60
29300250600,一般国道２５号,一般国道２５号（名阪国道）,笠天理線,29204,0,6.3,天理市豊井町,1944,天理市豊井町,2071,4015,1.21,0.53,44.3,45.5,10.6,50
29300250610,一般国道２５号,笠天理線,天理環状線,29204,0,5.1,天理市豊井町,1944,天理市豊井町,2071,4015,1.21,0.53,50.8,48.5,10.6,50
29300250620,一般国道２５号,天理環状線,一般国道１６９号,29204,0,0.8,天理市豊井町,1944,天理市豊井町,2071,4015,1.21,0.53,22.1,20.7,10.6,50
29300250630,一般国道２５号,一般国道１６９号,一般国道１６９号,29204,0,0.9,天理市豊井町,1944,天理市豊井町,2071,4015,1.21,0.53,22,20.9,10.6,50
29301630010,一般国道１６３号,一般国道１６３号,一般国道１６８号,29209,0,0.1,生駒市北田原町,8595,生駒市北田原町,8628,17223,1.4,1.09,14.6,14.6,9.73,50
29301630020,一般国道１６３号,一般国道１６８号,一般国道１６３号,29209,0,0.5,生駒市北田原町,8595,生駒市北田原町,8628,17223,1.4,1.09,15.8,16,9.73,50
29301630030,一般国道１６３号,一般国道１６３号,一般国道１６３号,29209,0,0.9,生駒市北田原町,8595,生駒市北田原町,8628,17223,1.4,1.09,21.5,17.1,13.73,50
29301630040,一般国道１６３号,一般国道１６３号,一般国道１６３号,29209,0,0.3,生駒市北田原町,8595,生駒市北田原町,8628,17223,1.4,0.99,18,18.7,8.31,50
29301630050,一般国道１６３号,一般国道１６３号,枚方大和郡山線,29209,0,0.6,生駒市北田原町,8595,生駒市北田原町,8628,17223,1.4,0.99,18.4,20.7,8.31,50
29301630060,一般国道１６３号,枚方大和郡山線,枚方大和郡山線,29209,0,0,生駒市北田原町,8595,生駒市北田原町,8628,17223,1.4,0.99,17.1,20,8.31,50
29301630070,一般国道１６３号,枚方大和郡山線,一般国道１６３号,29209,0,0.1,生駒市高山町,9106,生駒市高山町,9600,18706,1.36,1.16,14,32.3,8.26,50
29301630080,一般国道１６３号,一般国道１６３号,一般国道１６３号,29209,0,0.5,生駒市高山町,9106,生駒市高山町,9600,18706,1.36,1.16,14.1,43.1,8.26,50
29301630090,一般国道１６３号,一般国道１６３号,一般国道１６３号,29209,0,1.1,生駒市高山町,9106,生駒市高山町,9600,18706,1.36,1.25,29,32.5,7.58,50
29301630100,一般国道１６３号,一般国道１６３号,一般国道１６３号,29209,0,0.4,生駒市高山町,9106,生駒市高山町,9600,18706,1.36,1.03,40.5,21.9,7.42,50
29301630110,一般国道１６３号,一般国道１６３号,一般国道１６３号,29209,0,0.3,生駒市高山町,9106,生駒市高山町,9600,18706,1.36,1.15,24.2,25.8,11.69,50
29301630120,一般国道１６３号,一般国道１６３号,,29209,0,0.7,生駒市高山町,9106,生駒市高山町,9600,18706,1.36,1.15,27.9,16,11.69,50
29301630130,一般国道１６３号,,一般国道１６３号,29209,0,0.3,生駒市鹿ノ台東,10740,生駒市鹿ノ台東,10589,21329,1.36,1.44,12.5,13.8,11.69,50
29301630150,一般国道１６３号,一般国道１６８号,一般国道１６３号,29209,0,0.2,,236,,219,455,1.22,0.17,17.8,7.7,6,30
29301630170,一般国道１６３号,一般国道１６３号,一般国道１６３号,29209,0,0.3,,236,,219,455,1.22,0.12,11.5,4.5,6.3,30
29301630180,一般国道１６３号,一般国道１６３号,枚方大和郡山線,29209,0,0.6,,236,,219,455,1.22,0.12,25.1,29.6,6.3,30
29301630190,一般国道１６３号,枚方大和郡山線,一般国道１６３号,29209,0,0.1,,236,,219,455,1.22,0.12,14.8,8.4,6.3,30
29301630200,一般国道１６３号,一般国道１６３号,一般国道１６３号,29209,0,0.6,,236,,219,455,1.22,0.12,20.3,28.8,6.3,30
29301630220,一般国道１６３号,一般国道１６３号,一般国道１６３号,29209,0,0.4,,236,,219,455,1.22,0.36,12,12.4,6,30
29301630230,一般国道１６３号,一般国道１６３号,一般国道１６３号,29209,0,0.4,,236,,219,455,1.22,0.36,18.8,28.2,6,30
29303080170,一般国道１６３号（第二阪奈道路）,一般国道１６３号（第二阪奈道路）,一般国道１６８号,29209,1,2.3,西石切IC～壱分IC,15426,西石切IC～壱分IC,16466,31892,1.34,0.57,84.4,72.2,18.75,60
29303080180,一般国道１６３号（第二阪奈道路）,一般国道１６８号,有里壱分２号線,29209,1,1.6,壱分IC～小瀬IC,9508,壱分IC～小瀬IC,10110,19618,1.33,0.33,75.9,75.1,18.75,60
29303080190,一般国道１６３号（第二阪奈道路）,有里壱分２号線,生駒市・奈良市境,29209,1,1,小瀬IC～中町IC,9978,小瀬IC～中町IC,11137,21115,1.31,0.32,77.9,72.5,18.75,60
29303080200,一般国道１６３号（第二阪奈道路）,生駒市・奈良市境,市道,29201,1,1.8,小瀬IC～中町IC,9978,小瀬IC～中町IC,11137,21115,1.31,0.38,80.5,81.3,18.75,60
29303080210,一般国道１６３号（第二阪奈道路）,市道,一般国道３０８号,29201,1,3.3,中町IC～宝来IC,7180,中町IC～宝来IC,7642,14822,1.32,0.27,61.1,61.9,18.75,60
29301650005,一般国道１６５号,一般国道１６５号,県道中和幹線,29210,0,1.8,香芝市穴虫,10386,香芝市穴虫,10930,21316,1.44,1.32,17.6,17.5,8.22,50
29301650010,一般国道１６５号,県道中和幹線,一般国道１６５号,29210,0,0.2,香芝市穴虫,10386,香芝市穴虫,10930,21316,1.44,1.32,12.8,18.7,8.22,50
29301650020,一般国道１６５号,一般国道１６５号,香芝太子線,29210,0,0,香芝市穴虫,5192,香芝市穴虫,4749,9941,1.26,1.83,11.2,29.8,12.06,50
29301650030,一般国道１６５号,香芝太子線,,29210,0,2.3,香芝市穴虫,5192,香芝市穴虫,4749,9941,1.26,1.83,32,36.5,12.06,50
29301650040,一般国道１６５号,,一般国道１６８号,29210,0,0.8,香芝市穴虫,5192,香芝市穴虫,4749,9941,1.26,1.83,14.4,13.2,12.06,50
29301650050,一般国道１６５号,一般国道１６８号,上中下田線,29210,0,0.5,香芝市下田東,5870,香芝市下田東,6309,12179,1.26,1.29,13.1,15.8,11.9,50
29301650060,一般国道１６５号,上中下田線,香芝市・大和高田市境,29210,0,2.2,香芝市下田東,5870,香芝市下田東,6309,12179,1.26,1.29,18.3,18.6,11.9,50
29301650070,一般国道１６５号,香芝市・大和高田市境,河合大和高田線,29202,0,1.3,香芝市下田東,5870,香芝市下田東,6309,12179,1.26,0.93,26.8,25.6,10.45,50
29301650080,一般国道１６５号,河合大和高田線,大和高田斑鳩線,29202,0,0.6,大和高田市神楽,5452,大和高田市神楽,4875,10327,1.26,0.78,20.4,11.1,8.5,50
29301650090,一般国道１６５号,大和高田斑鳩線,,29202,0,0.6,大和高田市神楽,5452,大和高田市神楽,4875,10327,1.26,0.78,15.4,18,8.5,50
29301650100,一般国道１６５号,,大和高田桜井線,29202,0,1.1,大和高田市日之出町,4980,大和高田市日之出町,4853,9833,1.26,1.06,13.5,15.1,7.62,40
29301650110,一般国道１６５号,大和高田桜井線,一般国道１６６号,29202,0,0.5,大和高田市日之出町,4980,大和高田市日之出町,4853,9833,1.26,1.06,14.1,10.9,7.62,40
29301650120,一般国道１６５号,一般国道１６６号,一般国道１６６号,29202,0,0.1,大和高田市日之出町,4980,大和高田市日之出町,4853,9833,1.26,1.06,13.6,6.5,7.62,40
29301650130,一般国道１６５号,一般国道１６６号,大和高田広陵線,29202,0,0.6,橿原市曲川町,7231,橿原市曲川町,7767,14998,1.26,1.09,14,21.1,11.06,50
29301650140,一般国道１６５号,大和高田広陵線,大和高田市・橿原市境,29202,0,0.4,橿原市曲川町,7231,橿原市曲川町,7767,14998,1.26,1.01,22.1,27,12.75,50
29301650150,一般国道１６５号,大和高田市・橿原市境,橿原高取線,29205,0,0.2,橿原市曲川町,7231,橿原市曲川町,7767,14998,1.26,1.08,27.8,17.2,12.44,50
29301650160,一般国道１６５号,橿原高取線,一般国道２４号,29205,0,0.7,橿原市曲川町,7231,橿原市曲川町,7767,14998,1.26,1.08,22.2,13.7,12.44,50
29301650180,一般国道１６５号,一般国道２４号,一般国道１６９号,29205,0,0.4,橿原市縄手町,12591,橿原市縄手町,12342,24933,1.34,0.69,34.4,8,24,40
29301650190,一般国道１６５号,一般国道１６９号,豊浦大和八木停車場線,29205,0,0.1,橿原市縄手町,12591,橿原市縄手町,12342,24933,1.34,0.69,14.5,12.3,24,40
29301650200,一般国道１６５号,豊浦大和八木停車場線,豊浦大和八木停車場線,29205,0,0.3,橿原市縄手町,12591,橿原市縄手町,12342,24933,1.34,0.69,9.5,26.8,24,40
29301650210,一般国道１６５号,豊浦大和八木停車場線,豊浦大和八木停車場線,29205,0,0.2,橿原市縄手町,12591,橿原市縄手町,12342,24933,1.34,0.69,14.3,22.1,24,40
29301650220,一般国道１６５号,豊浦大和八木停車場線,一般国道１６５号,29205,0,0.9,橿原市縄手町,12591,橿原市縄手町,12342,24933,1.34,0.69,19.5,18.7,24,40
29301650230,一般国道１６５号,一般国道１６５号,橿原市・桜井市境,29205,0,2.4,橿原市高殿町,7696,橿原市高殿町,8254,15950,1.26,1.81,21.2,23.6,9,40
29301650240,一般国道１６５号,橿原市・桜井市境,一般国道１６９号,29206,0,1.1,橿原市高殿町,7696,橿原市高殿町,8254,15950,1.26,1.46,29,21.2,9.2,40
29301650250,一般国道１６５号,一般国道１６９号,一般国道１６９号,29206,0,0.5,橿原市高殿町,7696,橿原市高殿町,8254,15950,1.26,1.46,11.7,20.6,9.2,40
29301650260,一般国道１６５号,一般国道１６９号,桜井停車場線,29206,0,0.5,橿原市高殿町,7696,橿原市高殿町,8254,15950,1.26,1.46,16,22.5,9.2,40
29301650270,一般国道１６５号,桜井停車場線,桜井吉野線,29206,0,0.3,橿原市高殿町,7696,橿原市高殿町,8254,15950,1.26,1.46,22.7,17.8,9.2,40
29301650280,一般国道１６５号,桜井吉野線,一般国道１６６号,29206,0,1.1,橿原市高殿町,7696,橿原市高殿町,8254,15950,1.26,1.46,31.4,30.2,9.2,40
29301650290,一般国道１６５号,一般国道１６６号,慈恩寺桜井線,29206,0,0.4,桜井市慈恩寺,3037,桜井市慈恩寺,2068,5105,1.21,0.46,20.5,18.6,8.6,50
29301650300,一般国道１６５号,慈恩寺桜井線,慈恩寺三輪線,29206,0,0.2,桜井市慈恩寺,3037,桜井市慈恩寺,2068,5105,1.21,0.46,23,17.7,8.6,50
29301650310,一般国道１６５号,慈恩寺三輪線,県道中和幹線,29206,0,0.6,桜井市慈恩寺,3037,桜井市慈恩寺,2068,5105,1.21,0.46,36.7,36.8,8.6,50
29301650320,一般国道１６５号,県道中和幹線,桜井都祁線,29206,0,2.2,桜井市慈恩寺,3037,桜井市慈恩寺,2068,5105,1.21,0.46,33.8,31.3,8.6,50
29301650330,一般国道１６５号,桜井都祁線,長谷寺停車場線,29206,0,0.5,桜井市慈恩寺,3037,桜井市慈恩寺,2068,5105,1.21,0.46,31.7,28.4,8.6,50
29301650340,一般国道１６５号,長谷寺停車場線,桜井都祁線,29206,0,0.5,桜井市慈恩寺,3037,桜井市慈恩寺,2068,5105,1.21,0.46,35.6,31.5,8.6,50
29301650345,一般国道１６５号,桜井都祁線,長谷寺停車場線,29206,0,0.3,桜井市初瀬,6636,桜井市初瀬,6403,13039,1.29,1.22,31.8,38.6,10.25,50
29301650350,一般国道１６５号,長谷寺停車場線,桜井市・宇陀市境,29206,0,2.6,桜井市初瀬,6636,桜井市初瀬,6403,13039,1.29,1.22,50.8,50.3,10.25,50
29301650360,一般国道１６５号,桜井市・宇陀市境,一般国道３６９号,29212,0,2.4,桜井市初瀬,6636,桜井市初瀬,6403,13039,1.29,1.18,29.2,20.7,10.25,50
29301650370,一般国道１６５号,一般国道３６９号,一般国道３６９号,29212,0,0.6,宇陀市榛原山辺三,3787,宇陀市榛原山辺三,3660,7447,1.28,0.63,15.2,27,9.5,50
29301650380,一般国道１６５号,一般国道３６９号,吉野室生寺針線,29212,0,5,宇陀市榛原山辺三,3787,宇陀市榛原山辺三,3660,7447,1.28,0.63,43.1,42.7,9.5,50
29301650390,一般国道１６５号,吉野室生寺針線,吉野室生寺針線,29212,0,1,宇陀市榛原山辺三,3787,宇陀市榛原山辺三,3660,7447,1.28,0.63,39.9,45.5,9.5,50
29301650400,一般国道１６５号,吉野室生寺針線,上笠間三本松停車場線,29212,0,3.4,宇陀市室生三本松,3943,宇陀市室生三本松,4056,7999,1.25,0.73,46.2,50.2,9.5,50
29301650410,一般国道１６５号,上笠間三本松停車場線,一般国道１６５号,29212,0,1.3,宇陀市室生三本松,3943,宇陀市室生三本松,4056,7999,1.25,0.73,42.8,42,9.5,50
29301650450,一般国道１６５号,,一般国道１６５号,29211,0,0.6,葛城市太田,17318,葛城市太田,19208,36526,1.38,0.57,73.9,76.8,18,60
29301650460,一般国道１６５号,一般国道１６５号,一般国道１６５号,29211,0,0.5,葛城市太田,17318,葛城市太田,19208,36526,1.38,0.57,71.3,74,18,60
29301650470,一般国道１６５号,一般国道１６５号,一般国道１６５号,29211,0,0.6,葛城市太田,17318,葛城市太田,19208,36526,1.38,0.57,73.2,74.3,18,60
29301650480,一般国道１６５号,一般国道１６５号,葛城市・大和高田市境,29211,0,0.3,葛城市太田,17318,葛城市太田,19208,36526,1.38,0.57,73.3,76.5,18,60
29301650490,一般国道１６５号,葛城市・大和高田市境,一般国道２４号,29202,0,0.4,大和高田市曽大根,15853,大和高田市曽大根,14423,30276,1.29,0.52,72.7,76.5,18,60
29301650430,一般国道１６５号（南阪奈道路）,一般国道１６５号（南阪奈道路）,一般国道１６６号,29211,1,3.9,太子IC～葛城IC,10046,太子IC～葛城IC,9762,19808,1.25,1.5,73,73,10.5,70
29301650440,一般国道１６５号（南阪奈道路）,一般国道１６６号,,29211,1,1.1,葛城IC～新庄IC,8194,葛城IC～新庄IC,7915,16109,1.25,1,70,77.6,10.5,60
29301650510,一般国道１６５号,一般国道１６６号,一般国道１６５号,29211,0,0.3,葛城市太田,5596,葛城市太田,4645,10241,1.35,0.77,35.3,29.2,45.33,60
29301650520,一般国道１６５号,一般国道１６５号,一般国道１６５号,29211,0,0.6,葛城市辨の庄,4411,葛城市辨の庄,5479,9890,1.32,0.8,25.1,19.2,45.33,60
29301650530,一般国道１６５号,一般国道１６５号,一般国道１６５号,29211,0,1,葛城市辨の庄,4411,葛城市辨の庄,5479,9890,1.32,1.1,26.7,26.1,45.5,40
29301650540,一般国道１６５号,一般国道１６５号,葛城市・大和高田市境,29211,0,0.1,葛城市辨の庄,4411,葛城市辨の庄,5479,9890,1.32,1.1,25.6,6.9,45.5,40
29301650550,一般国道１６５号,葛城市・大和高田市境,一般国道２４号,29202,0,0.4,葛城市辨の庄,4411,葛城市辨の庄,5479,9890,1.32,0.54,17.9,8.7,48.67,40
29301650570,一般国道１６５号,一般国道１６５号,香芝市・葛城市境,29210,0,0.8,香芝市穴虫,6417,香芝市穴虫,6989,13406,1.43,0.98,19.8,41.1,20.7,60
29301650580,一般国道１６５号,香芝市・葛城市境,葛城市・香芝市境,29211,0,0.2,葛城市當麻,8903,葛城市當麻,8885,17788,1.43,1.06,47.7,51.3,21.3,60
29301650590,一般国道１６５号,葛城市・香芝市境,香芝市・葛城市境,29210,0,0.9,葛城市當麻,8903,葛城市當麻,8885,17788,1.43,1.06,53.3,52.2,20.42,60
29301650600,一般国道１６５号,香芝市・葛城市境,御所香芝線,29211,0,2.5,葛城市當麻,8903,葛城市當麻,8885,17788,1.43,1.26,30.5,24.3,21,60
29301650620,一般国道１６５号,一般国道２４号,豊浦大和八木停車場線,29205,0,0.2,橿原市醍醐町,4499,橿原市醍醐町,6072,10571,1.31,1.19,5.5,13.3,5.75,40
29301650630,一般国道１６５号,豊浦大和八木停車場線,一般国道１６５号,29205,0,0.7,橿原市醍醐町,4499,橿原市醍醐町,6072,10571,1.31,1.19,17.6,16.2,5.75,40
29301660010,一般国道１６６号,一般国道１６６号,竹内河南線,29211,0,1.6,葛城市竹内,3388,葛城市竹内,3507,6895,1.28,0.81,48.1,51.5,7.5,40
29301660020,一般国道１６６号,竹内河南線,御所香芝線,29211,0,1.2,葛城市竹内,3388,葛城市竹内,3507,6895,1.28,0.81,36.8,25.1,7.5,40
29301660030,一般国道１６６号,御所香芝線,一般国道１６８号,29211,0,1.2,葛城市竹内,3347,葛城市竹内,2910,6257,1.29,0.84,13.5,16.4,8.2,40
29301660040,一般国道１６６号,一般国道１６８号,葛城市・大和高田市境,29211,0,1,葛城市竹内,3347,葛城市竹内,2910,6257,1.29,0.84,14.6,14.7,8.2,40
29301660050,一般国道１６６号,葛城市・大和高田市境,河合大和高田線,29202,0,1.2,葛城市竹内,3347,葛城市竹内,2910,6257,1.29,0.61,23.1,20.9,9.7,40
29301660060,一般国道１６６号,河合大和高田線,大和高田斑鳩線,29202,0,0.4,,240,,225,465,1.24,0.12,14.5,,5.75,40
29301660070,一般国道１６６号,大和高田斑鳩線,一般国道１６５号,29202,0,0.7,,240,,225,465,1.24,0.12,12.8,,5.75,40
29301660090,一般国道１６６号,一般国道２４号,見瀬五井線,29205,0,1,橿原市曽我町,7570,橿原市曽我町,7289,14859,1.3,1.03,9.5,24.1,12.6,50
29301660100,一般国道１６６号,見瀬五井線,一般国道１６６号,29205,0,0.8,橿原市曽我町,7570,橿原市曽我町,7289,14859,1.3,1.03,29.3,14.7,12.6,50
29301660110,一般国道１６６号,一般国道１６６号,一般国道２４号,29205,0,0.1,橿原市曽我町,7570,橿原市曽我町,7289,14859,1.3,0.62,,7.2,12.6,50
29301660130,一般国道１６６号,一般国道１６５号,一般国道１６６号,29206,0,4.8,,6924,,6064,12988,1.29,1.01,34.3,40.9,7.5,50
29301660140,一般国道１６６号,一般国道１６６号,桜井市・宇陀市境,29206,0,0.4,,4612,,4103,8715,1.27,0.88,44.2,44.1,8,50
29301660150,一般国道１６６号,桜井市・宇陀市境,,29212,0,0.5,,4612,,4103,8715,1.27,1.05,58.1,54.4,8,50
29301660160,一般国道１６６号,,一般国道３７０号,29212,0,1.5,,4612,,4103,8715,1.27,1.05,46.6,38,8,50
29301660170,一般国道１６６号,一般国道３７０号,一般国道３７０号,29212,0,2.7,,4612,,4103,8715,1.27,1.05,30.1,30.4,8,50
29301660180,一般国道１６６号,一般国道３７０号,榛原菟田野御杖線,29212,0,3.1,宇陀市菟田野松井,2209,宇陀市菟田野松井,2145,4354,1.27,0.52,38,38.7,9.5,60
29301660190,一般国道１６６号,榛原菟田野御杖線,宇太三茶屋線,29212,0,0.5,宇陀市菟田野松井,2209,宇陀市菟田野松井,2145,4354,1.27,0.52,30,29.3,9.5,60
29301660200,一般国道１６６号,宇太三茶屋線,榛原菟田野御杖線,29212,0,0.4,宇陀市菟田野松井,2209,宇陀市菟田野松井,2145,4354,1.27,0.52,31.8,32,9.5,60
29301660210,一般国道１６６号,榛原菟田野御杖線,榛原菟田野御杖線,29212,0,1.1,宇陀市菟田野松井,2209,宇陀市菟田野松井,2145,4354,1.27,0.52,39.4,37.4,9.5,60
29301660220,一般国道１６６号,榛原菟田野御杖線,佐倉大宇陀線,29212,0,3.4,宇陀市菟田野松井,2209,宇陀市菟田野松井,2145,4354,1.27,0.52,46.5,51.2,9.5,60
29301660230,一般国道１６６号,佐倉大宇陀線,宇陀市・東吉野村境,29212,0,0.1,宇陀市菟田野松井,2209,宇陀市菟田野松井,2145,4354,1.27,0.52,40.3,45,9.5,60
29301660240,一般国道１６６号,宇陀市・東吉野村境,吉野室生寺針線,29453,0,1,宇陀市菟田野松井,2209,宇陀市菟田野松井,2145,4354,1.27,0.53,51.9,54.9,7.5,50
29301660250,一般国道１６６号,吉野室生寺針線,村道,29453,0,0.6,宇陀市菟田野松井,2209,宇陀市菟田野松井,2145,4354,1.27,0.53,56.5,54.2,7.5,50
29301660260,一般国道１６６号,村道,吉野東吉野線,29453,0,0.3,吉野郡東吉野村大字鷲家,967,吉野郡東吉野村大字鷲家,995,1962,1.2,0.24,51.1,52.2,11.9,60
29301660270,一般国道１６６号,吉野東吉野線,一般国道１６６号,29453,0,2,吉野郡東吉野村大字鷲家,967,吉野郡東吉野村大字鷲家,995,1962,1.2,0.24,57.5,54.8,11.9,60
29301660280,一般国道１６６号,一般国道１６６号,小村木津線,29453,0,1.1,吉野郡東吉野村大字鷲家,967,吉野郡東吉野村大字鷲家,995,1962,1.2,0.24,66.2,62.5,11.9,60
29301660290,一般国道１６６号,小村木津線,一般国道１６６号,29453,0,1.9,吉野郡東吉野村大字鷲家,967,吉野郡東吉野村大字鷲家,995,1962,1.2,0.24,63.6,63.1,11.9,60
29301660300,一般国道１６６号,一般国道１６６号,一般国道１６６号,29453,0,0.2,吉野郡東吉野村大字鷲家,967,吉野郡東吉野村大字鷲家,995,1962,1.2,0.24,41.5,44.7,11.9,60
29301660310,一般国道１６６号,一般国道１６６号,一般国道１６６号,29453,0,1,吉野郡東吉野村大字杉谷,414,吉野郡東吉野村大字杉谷,378,792,1.18,0.12,52.3,53.3,9.5,60
29301660320,一般国道１６６号,一般国道１６６号,一般国道１６６号,29453,0,5.1,吉野郡東吉野村大字杉谷,414,吉野郡東吉野村大字杉谷,378,792,1.18,0.12,51.5,50.5,9.5,60
29301660340,一般国道１６６号,一般国道２４号,河合大和高田線,29202,0,1.2,葛城市東室,9697,葛城市東室,9130,18827,1.32,1.46,18.5,21,7.5,40
29301660350,一般国道１６６号,河合大和高田線,大和高田斑鳩線,29202,0,0.5,葛城市東室,9697,葛城市東室,9130,18827,1.32,1.46,16.7,14.9,7.5,40
29301660360,一般国道１６６号,大和高田斑鳩線,一般国道１６５号,29202,0,0.7,葛城市東室,9697,葛城市東室,9130,18827,1.32,1.46,19.8,22.6,7.5,40
29301660380,一般国道１６６号,一般国道１６６号,一般国道２４号,29205,0,0,,8389,,8479,16868,1.32,1.1,23.9,5.7,7.5,50
29301660400,一般国道１６６号,一般国道１６５号（南阪奈道路）,一般国道１６５号,29211,0,0.8,葛城市太田,4645,葛城市太田,5792,10437,1.28,0.96,21.4,26.2,11.5,60
29301660420,一般国道１６６号,一般国道１６６号,粟原榛原線,29206,0,0.4,,5929,,5822,11751,1.29,0.87,26.3,39.7,7.75,50
29301660450,一般国道１６６号,一般国道１６６号,小村木津線,29453,0,1.2,,44,,42,86,1.32,0.38,38.9,38.9,5.5,50
29301660460,一般国道１６６号,小村木津線,谷尻木津線,29453,0,1.4,,44,,42,86,1.32,0.38,25.4,25.4,5.5,50
29301660470,一般国道１６６号,谷尻木津線,一般国道１６６号,29453,0,0.6,,44,,42,86,1.32,0.38,20.3,25.8,5.5,50
29301660480,一般国道１６６号,一般国道１６６号,一般国道１６６号,29453,0,0.3,,44,,42,86,1.32,0.38,14.7,38.9,5.5,50
29301660490,一般国道１６６号,一般国道１６６号,吉野室生寺針線,29453,0,0.4,,44,,42,86,1.32,0.38,27.9,29.8,5.5,50
29301660500,一般国道１６６号,吉野室生寺針線,一般国道１６６号,29453,0,0.6,,44,,42,86,1.32,0.38,53.1,51.8,5.5,50
29301680010,一般国道１６８号,一般国道１６８号,一般国道４２５号,29449,0,9.1,吉野郡十津川村平谷,794,吉野郡十津川村平谷,800,1594,1.14,0.23,43.4,42.6,6.3,60
29301680013,一般国道１６８号,一般国道４２５号,一般国道１６８号,29449,0,2.7,吉野郡十津川村平谷,794,吉野郡十津川村平谷,800,1594,1.14,0.23,36.3,39.5,6.3,60
29301680720,一般国道１６８号,一般国道１６８号,一般国道１６８号,29449,0,1.8,吉野郡十津川村平谷,794,吉野郡十津川村平谷,800,1594,1.14,0.25,70.5,67,11.5,60
29301680700,一般国道１６８号,一般国道１６８号,一般国道４２５号,29449,0,2.2,吉野郡十津川村大字上野地,688,吉野郡十津川村大字上野地,808,1496,1.22,0.33,70.4,71,11.5,60
29301680710,一般国道１６８号,一般国道４２５号,一般国道１６８号,29449,0,2,吉野郡十津川村大字上野地,688,吉野郡十津川村大字上野地,808,1496,1.22,0.33,68.8,69.8,11.5,60
29301680030,一般国道１６８号,一般国道１６８号,川津高野線,29449,0,15.9,吉野郡十津川村大字上野地,688,吉野郡十津川村大字上野地,808,1496,1.22,0.33,51.7,50.2,11.5,60
29301680040,一般国道１６８号,川津高野線,（元）一般国道１６８号,29449,0,2.1,吉野郡十津川村大字上野地,688,吉野郡十津川村大字上野地,808,1496,1.22,0.33,43.6,42.6,11.5,60
29301680680,一般国道１６８号,（元）一般国道１６８号,（元）一般国道１６８号,29449,0,0.7,吉野郡十津川村大字上野地,688,吉野郡十津川村大字上野地,808,1496,1.22,0.33,72.9,67.8,11.5,60
29301680054,一般国道１６８号,（元）一般国道１６８号,一般国道１６８号,29449,0,1.1,吉野郡十津川村大字上野地,688,吉野郡十津川村大字上野地,808,1496,1.22,0.33,56.8,58.3,11.5,60
29301680760,一般国道１６８号,一般国道１６８号,一般国道１６８号,29449,0,1.2,吉野郡十津川村大字上野地,688,吉野郡十津川村大字上野地,808,1496,1.22,0.33,65.4,59.9,11.5,60
29301680060,一般国道１６８号,一般国道１６８号,十津川村・五條市境,29449,0,8.8,吉野郡十津川村大字上野地,688,吉野郡十津川村大字上野地,808,1496,1.22,0.33,47.5,45,11.5,60
29301680070,一般国道１６８号,十津川村・五條市境,篠原宇井線,29207,0,0.8,吉野郡十津川村大字上野地,688,吉野郡十津川村大字上野地,808,1496,1.22,0.28,65.2,60.5,7,60
29301680074,一般国道１６８号,篠原宇井線,,29207,0,0.9,吉野郡十津川村大字上野地,688,吉野郡十津川村大字上野地,808,1496,1.22,0.28,67.5,61.1,7,60
29301680170,一般国道１６８号,,,29207,0,0.3,吉野郡十津川村大字上野地,688,吉野郡十津川村大字上野地,808,1496,1.22,0.28,69.7,66.3,7,60
29301680290,一般国道１６８号,,,29207,0,0.2,吉野郡十津川村大字上野地,688,吉野郡十津川村大字上野地,808,1496,1.22,0.28,67.2,65.2,7,60
29301680075,一般国道１６８号,,一般国道１６８号,29207,0,0.3,五條市大塔町辻堂,26,五條市大塔町辻堂,18,44,1.27,0.01,52.5,65.4,7,60
29301680780,一般国道１６８号（辻堂バイパス）,一般国道１６８号,一般国道１６８号,29207,0,1.1,五條市大塔町辻堂,26,五條市大塔町辻堂,18,44,1.27,0.01,66,71.9,10.5,60
29301680790,一般国道１６８号（辻堂バイパス）,一般国道１６８号,一般国道１６８号,29207,0,2,五條市大塔町辻堂,26,五條市大塔町辻堂,18,44,1.27,0.01,73.9,72.1,10.5,60
29301680090,一般国道１６８号,一般国道１６８号,高野天川線,29207,0,1.9,五條市大塔町辻堂,26,五條市大塔町辻堂,18,44,1.27,0.01,48.1,55.8,8.9,60
29301680100,一般国道１６８号,高野天川線,高野天川線,29207,0,1.5,五條市大塔町阪本,1053,五條市大塔町阪本,1225,2278,1.27,0.4,37.4,35.7,8.9,60
29301680110,一般国道１６８号,高野天川線,阪本五條線,29207,0,1.6,五條市大塔町阪本,1053,五條市大塔町阪本,1225,2278,1.27,0.4,45.6,45.8,8.9,60
29301680120,一般国道１６８号,阪本五條線,勢井宗川野線,29207,0,10.2,五條市西吉野町坂巻,1369,五條市西吉野町坂巻,1331,2700,1.18,0.48,53.1,52.9,8.75,60
29301680130,一般国道１６８号,勢井宗川野線,下市宗桧線,29207,0,2.3,五條市西吉野町坂巻,1369,五條市西吉野町坂巻,1331,2700,1.18,0.48,52.7,52.9,8.75,60
29301680140,一般国道１６８号,下市宗桧線,橋本五條線,29207,0,9.8,五條市生子町,2000,五條市生子町,2315,4315,1.27,0.68,46.7,45.3,8.2,50
29301680150,一般国道１６８号,橋本五條線,赤滝五條線,29207,0,1.6,五條市五條1丁目,5972,五條市五條1丁目,5895,11867,1.28,0.89,26.1,27.1,12,40
29301680160,一般国道１６８号,赤滝五條線,一般国道２４号,29207,0,0.6,五條市五條1丁目,5972,五條市五條1丁目,5895,11867,1.28,0.89,15.6,6.3,12,40
29301680180,一般国道１６８号,一般国道１６６号,当麻寺線,29211,0,0.3,香芝市下田西,3326,香芝市下田西,4090,7416,1.28,0.66,10.9,13.7,6.5,40
29301680190,一般国道１６８号,当麻寺線,葛城市・香芝市境,29211,0,0.7,香芝市下田西,3326,香芝市下田西,4090,7416,1.28,0.66,26,29.4,6.5,40
29301680200,一般国道１６８号,葛城市・香芝市境,,29210,0,2.5,香芝市下田西,3326,香芝市下田西,4090,7416,1.28,0.66,21.5,19.2,6.5,40
29301680210,一般国道１６８号,,一般国道１６５号,29210,0,0.5,香芝市下田西,3326,香芝市下田西,4090,7416,1.28,0.66,11.6,8.8,6.5,40
29301680214,一般国道１６８号,一般国道１６５号,一般国道１６８号,29210,0,0.5,香芝市下田西,3326,香芝市下田西,4090,7416,1.28,0.66,15.6,16.5,6.5,40
29301680220,一般国道１６８号,一般国道１６８号,香芝インタ－線,29210,0,1.3,香芝市上中,7926,香芝市上中,9167,17093,1.28,1.59,13.2,15.7,6.5,40
29301680230,一般国道１６８号,香芝インタ－線,上中下田線,29210,0,0.1,香芝市尼寺,9644,香芝市尼寺,10188,19832,1.32,1.6,9,10.7,6.5,40
29301680240,一般国道１６８号,上中下田線,香芝市・王寺町境,29210,0,1,香芝市尼寺,9644,香芝市尼寺,10188,19832,1.32,1.98,14.3,16.2,6.5,40
29301680250,一般国道１６８号,香芝市・王寺町境,畠田藤井線,29425,0,0.7,香芝市尼寺,9644,香芝市尼寺,10188,19832,1.32,0.73,19.4,13.9,25.1,50
29301680260,一般国道１６８号,畠田藤井線,桜井田原本王寺線,29425,0,0,香芝市尼寺,9644,香芝市尼寺,10188,19832,1.32,0.73,17.5,10.5,25.1,50
29301680270,一般国道１６８号,桜井田原本王寺線,山陵王寺線,29425,0,0.9,香芝市尼寺,9644,香芝市尼寺,10188,19832,1.32,0.73,21.3,27.3,25.1,50
29301680280,一般国道１６８号,山陵王寺線,一般国道２５号,29425,0,0.6,香芝市尼寺,9644,香芝市尼寺,10188,19832,1.32,0.73,19.8,12.1,25.1,50
29301680300,一般国道１６８号,一般国道２５号,斑鳩町・平群町境,29344,0,0.7,生駒郡平群町椿井,5619,生駒郡平群町椿井,6123,11742,1.28,1,10.9,33,9.5,40
29301680310,一般国道１６８号,斑鳩町・平群町境,椿井王寺線,29342,0,0.6,生駒郡平群町椿井,5619,生駒郡平群町椿井,6123,11742,1.28,1.11,29.1,10.8,11.3,40
29301680320,一般国道１６８号,,一般国道１６８号,29342,0,0.9,生駒郡平群町椿井,10863,生駒郡平群町椿井,10861,21724,1.28,1.78,18.3,16.7,11.3,40
29301680500,一般国道１６８号,一般国道１６８号,平群町・生駒市境,29342,0,3,生駒郡平群町三里,7462,生駒郡平群町三里,7680,15142,1.28,1.4,23.5,22.7,11.3,40
29301680510,一般国道１６８号,平群町・生駒市境,,29209,0,0.1,生駒郡平群町三里,7462,生駒郡平群町三里,7680,15142,1.28,0.59,23.7,35,20,60
29301680530,一般国道１６８号,,一般国道１６８号,29209,0,0.3,生駒郡平群町三里,7462,生駒郡平群町三里,7680,15142,1.28,0.59,43.6,34.1,20,60
29301680360,一般国道１６８号,一般国道１６８号,一般国道１６８号,29209,0,1.2,生駒市小瀬町,6876,生駒市小瀬町,6763,13639,1.28,1.3,26.6,16.6,7.6,40
29301680370,一般国道１６８号,一般国道１６８号,一般国道３０８号,29209,0,0.5,生駒市小瀬町,6876,生駒市小瀬町,6763,13639,1.28,1.3,14.9,19.6,7.6,40
29301680380,一般国道１６８号,一般国道３０８号,一般国道１６８号,29209,0,0.2,生駒市小瀬町,6876,生駒市小瀬町,6763,13639,1.28,1.3,16.3,26.5,7.6,40
29301680390,一般国道１６８号,一般国道１６８号,一般国道１６８号,29209,0,0.8,生駒市山崎町,9235,生駒市山崎町,10303,19538,1.34,0.72,23.4,21.1,21,40
29301680400,一般国道１６８号,一般国道１６８号,谷田奈良線,29209,0,1.8,生駒市山崎町,9235,生駒市山崎町,10303,19538,1.34,0.72,23.7,35.3,21,40
29301680410,一般国道１６８号,谷田奈良線,一般国道１６８号,29209,0,0.3,生駒市山崎町,9235,生駒市山崎町,10303,19538,1.34,0.72,23.7,16.5,21,40
29301680420,一般国道１６８号,一般国道１６８号,奈良生駒線,29209,0,0.8,生駒市辻町,11179,生駒市辻町,10632,21811,1.33,1,18.9,21.8,21,40
29301680430,一般国道１６８号,奈良生駒線,一般国道１６８号,29209,0,1.9,生駒市辻町,11179,生駒市辻町,10632,21811,1.33,1,27.9,21.4,21,40
29301680440,一般国道１６８号,一般国道１６８号,中垣内南田原線,29209,0,1.2,生駒市南田原町,5051,生駒市南田原町,3501,8552,1.37,0.89,18.3,21.3,6.5,40
29301680450,一般国道１６８号,中垣内南田原線,一般国道１６８号,29209,0,0.4,生駒市南田原町,5051,生駒市南田原町,3501,8552,1.37,0.89,24.1,25.7,6.5,40
29301680460,一般国道１６８号,一般国道１６８号,一般国道１６３号,29209,0,0.3,生駒市南田原町,5051,生駒市南田原町,3501,8552,1.37,0.89,32.6,22.1,6.5,40
29301680470,一般国道１６８号,一般国道１６３号,一般国道１６３号,29209,0,0.5,生駒市南田原町,5051,生駒市南田原町,3501,8552,1.37,0.89,30.3,10.3,6.5,40
29301680480,一般国道１６８号,一般国道１６３号,一般国道１６８号,29209,0,1.4,生駒市南田原町,5051,生駒市南田原町,3501,8552,1.37,0.89,19.2,27.4,6.5,40
29301680015,一般国道１６８号,一般国道１６８号,一般国道１６８号,29449,0,2.9,吉野郡十津川村平谷,286,吉野郡十津川村平谷,262,548,1.14,0.14,20.7,55.4,6.3,60
29301680020,一般国道１６８号,一般国道１６８号,一般国道４２５号,29449,0,3.3,吉野郡十津川村平谷,286,吉野郡十津川村平谷,262,548,1.14,0.14,42.1,64.1,6.3,60
29301680025,一般国道１６８号,一般国道４２５号,一般国道１６８号,29449,0,1.9,吉野郡十津川村平谷,286,吉野郡十津川村平谷,262,548,1.14,0.14,40,14.5,6.3,60
29301680057,一般国道１６８号,一般国道１６８号,一般国道１６８号,29449,0,1.3,吉野郡十津川村上野地,50,吉野郡十津川村上野地,45,95,1.22,0.04,17.4,10.3,6.3,60
29301680080,一般国道１６８号,一般国道１６８号,一般国道１６８号（辻堂バイパス）,29207,0,1.3,,1300,,1386,2686,1.27,0.89,22.3,39.6,7,60
29301680085,一般国道１６８号,高野辻堂線,一般国道１６８号,29207,0,2.4,,1300,,1386,2686,1.27,0.91,46.6,46.1,8.9,60
29301680330,一般国道１６８号,一般国道１６８号,平群信貴山線,29342,0,1,生駒郡平群町大字上庄,1753,生駒郡平群町大字上庄,1794,3547,1.28,0.45,20.8,24.4,8.4,40
29301680340,一般国道１６８号,平群信貴山線,平群町・生駒市境,29342,0,2.3,生駒郡平群町大字上庄,1753,生駒郡平群町大字上庄,1794,3547,1.28,0.45,27.3,26.4,8.4,40
29301680350,一般国道１６８号,平群町・生駒市境,一般国道１６８号,29209,0,0.4,生駒郡平群町大字上庄,1753,生駒郡平群町大字上庄,1794,3547,1.28,0.28,36.7,27,11,40
29301680550,一般国道１６８号,一般国道１６８号,一般国道３０８号,29209,0,0.6,,2410,,2407,4817,1.27,0.61,22.7,28.2,6.5,40
29301680560,一般国道１６８号,一般国道３０８号,一般国道３０８号,29209,0,0,,2410,,2407,4817,1.27,0.61,15.3,14.3,6.5,40
29301680570,一般国道１６８号,一般国道３０８号,一般国道１６８号,29209,0,0.2,,2410,,2407,4817,1.27,0.61,21.6,25.8,6.5,40
29301680590,一般国道１６８号,一般国道１６８号,一般国道１６８号,29209,0,0.6,,2410,,2407,4817,1.27,0.61,33.4,28.1,6.5,40
29301680600,一般国道１６８号,一般国道１６８号,大阪枚岡奈良線,29209,0,1.5,,2410,,2407,4817,1.27,0.61,29.8,22,6.5,40
29301680610,一般国道１６８号,大阪枚岡奈良線,谷田奈良線,29209,0,0.3,,2410,,2407,4817,1.27,0.61,12.3,15,6.5,40
29301680620,一般国道１６８号,谷田奈良線,一般国道１６８号,29209,0,0.2,,2410,,2407,4817,1.27,0.61,13.6,4.5,6.5,40
29301680640,一般国道１６８号,一般国道１６８号,中垣内南田原線,29209,0,1,生駒市南田原町,882,生駒市南田原町,1051,1933,1.29,0.24,14,19.4,7.5,50
29301680650,一般国道１６８号,中垣内南田原線,中垣内南田原線,29209,0,0.1,生駒市南田原町,882,生駒市南田原町,1051,1933,1.29,0.24,11.2,22.9,7.5,50
29301680660,一般国道１６８号,中垣内南田原線,一般国道１６８号,29209,0,0.2,生駒市南田原町,882,生駒市南田原町,1051,1933,1.29,0.1,,19.8,7.5,50
29301680730,一般国道１６８号,県道中和幹線,一般国道１６８号,29210,0,0.4,香芝市北今市,5169,香芝市北今市,5492,10661,1.28,0.75,14.7,14.9,17.9,40
29301680750,一般国道１６８号,椿井王寺線,,29342,0,0.2,生駒郡平群町大字上庄,1753,生駒郡平群町大字上庄,1794,3547,1.28,0.34,12.6,13.7,11.3,40
29301690010,一般国道１６９号,一般国道３６９号,奈良名張線,29201,0,0.8,奈良市紀寺町,8802,奈良市紀寺町,7414,16216,1.32,1.33,13,13.6,11.3,50
29301690020,一般国道１６９号,奈良名張線,奈良大和郡山線,29201,0,2.2,奈良市紀寺町,8802,奈良市紀寺町,7414,16216,1.32,1.33,15.3,16.1,11.3,50
29301690030,一般国道１６９号,奈良大和郡山線,高畑山線,29201,0,1.8,奈良市紀寺町,8802,奈良市紀寺町,7414,16216,1.32,1.33,19.2,23.9,11.3,50
29301690040,一般国道１６９号,高畑山線,天理環状線,29201,0,0.2,奈良市紀寺町,8802,奈良市紀寺町,7414,16216,1.32,1.33,17.6,18.7,11.3,50
29301690050,一般国道１６９号,天理環状線,天理環状線,29201,0,0.5,奈良市紀寺町,8802,奈良市紀寺町,7414,16216,1.32,1.33,19.3,20,11.3,50
29301690060,一般国道１６９号,天理環状線,奈良市・天理市境,29201,0,0.2,奈良市紀寺町,8802,奈良市紀寺町,7414,16216,1.32,1.33,12.7,24.7,11.3,50
29301690070,一般国道１６９号,奈良市・天理市境,檪本停車場線,29204,0,1.4,奈良市紀寺町,8802,奈良市紀寺町,7414,16216,1.32,1.27,24,23.7,13.5,40
29301690080,一般国道１６９号,檪本停車場線,福住横田線,29204,0,0.2,奈良市紀寺町,8802,奈良市紀寺町,7414,16216,1.32,1.27,19.6,15.9,13.5,40
29301690090,一般国道１６９号,福住横田線,天理環状線,29204,0,0.1,奈良市紀寺町,8802,奈良市紀寺町,7414,16216,1.32,1.27,12.6,12.6,13.5,40
29301690100,一般国道１６９号,天理環状線,天理環状線,29204,0,0.1,奈良市紀寺町,8802,奈良市紀寺町,7414,16216,1.32,1.27,9.2,11.5,13.5,40
29301690110,一般国道１６９号,天理環状線,一般国道２５号,29204,0,2.3,天理市別所町,7349,天理市別所町,8446,15795,1.31,1.43,17.3,17.6,13.5,40
29301690130,一般国道１６９号,一般国道２５号,天理王寺線,29204,0,1.3,天理市柳本町,9804,天理市柳本町,10624,20428,1.32,1.38,23.2,24.9,10,40
29301690140,一般国道１６９号,天理王寺線,天理環状線,29204,0,0.5,天理市柳本町,9804,天理市柳本町,10624,20428,1.32,1.38,26.3,34.3,10,40
29301690150,一般国道１６９号,天理環状線,天理環状線,29204,0,0.5,天理市柳本町,9804,天理市柳本町,10624,20428,1.32,1.38,32.3,23.5,10,40
29301690160,一般国道１６９号,天理環状線,天理環状線,29204,0,0.9,天理市柳本町,9804,天理市柳本町,10624,20428,1.32,1.38,28.1,23,10,40
29301690170,一般国道１６９号,天理環状線,柳本停車場線,29204,0,0.4,天理市柳本町,9804,天理市柳本町,10624,20428,1.32,1.38,21.9,26.5,10,40
29301690180,一般国道１６９号,柳本停車場線,天理市・桜井市境,29204,0,1.1,天理市柳本町,9804,天理市柳本町,10624,20428,1.32,1.38,26.4,36.4,10,40
29301690190,一般国道１６９号,天理市・桜井市境,大和高田桜井線,29206,0,0.5,天理市柳本町,9804,天理市柳本町,10624,20428,1.32,1.52,34.8,31.8,10,40
29301690200,一般国道１６９号,大和高田桜井線,大和高田桜井線,29206,0,0.6,桜井市上之庄,6558,桜井市上之庄,6234,12792,1.3,0.88,33.4,26.9,13.5,50
29301690210,一般国道１６９号,大和高田桜井線,一般国道１６９号,29206,0,0.3,桜井市上之庄,6558,桜井市上之庄,6234,12792,1.3,0.88,17.5,20.2,13.5,50
29301690220,一般国道１６９号,一般国道１６９号,大三輪十市線,29206,0,1,桜井市上之庄,6558,桜井市上之庄,6234,12792,1.3,0.88,13.3,23.4,13.5,50
29301690230,一般国道１６９号,大三輪十市線,県道中和幹線,29206,0,0.8,桜井市上之庄,6558,桜井市上之庄,6234,12792,1.3,0.88,24.7,18.7,13.5,50
29301690240,一般国道１６９号,県道中和幹線,桜井田原本王寺線,29206,0,0.8,桜井市上之庄,6558,桜井市上之庄,6234,12792,1.3,0.88,13.8,17,13.5,50
29301690250,一般国道１６９号,桜井田原本王寺線,一般国道１６５号,29206,0,0.7,桜井市上之庄,6558,桜井市上之庄,6234,12792,1.3,0.88,13.2,12.6,13.5,50
29301690330,一般国道１６９号,一般国道２４号,一般国道１６５号,29205,0,0.7,橿原市四分町,7131,橿原市四分町,7890,15021,1.31,1.09,10.5,12.9,11.5,50
29301690340,一般国道１６９号,一般国道１６５号,橿原神宮東口停車場飛鳥線,29205,0,1.7,橿原市四分町,7131,橿原市四分町,7890,15021,1.31,1.09,16.1,16.6,11.5,50
29301690350,一般国道１６９号,橿原神宮東口停車場飛鳥線,橿原神宮東口停車場飛鳥線,29205,0,0.3,橿原市四分町,7131,橿原市四分町,7890,15021,1.31,1.09,12.8,11.8,11.5,50
29301690360,一般国道１６９号,橿原神宮東口停車場飛鳥線,見瀬五井線,29205,0,0.3,橿原市四分町,7131,橿原市四分町,7890,15021,1.31,1.09,14.4,21.5,11.5,50
29301690370,一般国道１６９号,見瀬五井線,多武峯見瀬線,29205,0,0.6,橿原市四分町,7131,橿原市四分町,7890,15021,1.31,1.09,24.8,24.2,11.5,50
29301690380,一般国道１６９号,多武峯見瀬線,見瀬五井線,29205,0,0.5,橿原市四分町,7131,橿原市四分町,7890,15021,1.31,1.09,24.2,21,11.5,50
29301690390,一般国道１６９号,見瀬五井線,橿原市・明日香村境,29205,0,0.2,橿原市四分町,7131,橿原市四分町,7890,15021,1.31,1.09,31,17.4,11.5,50
29301690400,一般国道１６９号,橿原市・明日香村境,御園平田線,29402,0,0.4,橿原市四分町,7131,橿原市四分町,7890,15021,1.31,1.04,33.4,14.6,11.5,50
29301690410,一般国道１６９号,御園平田線,野口平田線,29402,0,0,橿原市四分町,7131,橿原市四分町,7890,15021,1.31,1.04,18.1,15.2,11.5,50
29301690420,一般国道１６９号,野口平田線,明日香村・高取町境,29402,0,0.5,橿原市四分町,7131,橿原市四分町,7890,15021,1.31,1.04,13.7,29.7,11.5,50
29301690430,一般国道１６９号,明日香村・高取町境,橿原高取線,29401,0,1.5,橿原市四分町,7131,橿原市四分町,7890,15021,1.31,1.07,26.4,29.7,7.5,50
29301690440,一般国道１６９号,橿原高取線,明日香清水谷線,29401,0,1.4,高市郡高取町大字清水谷,8477,高市郡高取町大字清水谷,7437,15914,1.31,1.18,33.8,30.9,9.8,50
29301690450,一般国道１６９号,明日香清水谷線,高取町・大淀町境,29401,0,1.9,高市郡高取町大字清水谷,8477,高市郡高取町大字清水谷,7437,15914,1.31,1.18,51.7,44.8,9.8,50
29301690460,一般国道１６９号,高取町・大淀町境,今木出口線,29442,0,1.1,高市郡高取町大字清水谷,8477,高市郡高取町大字清水谷,7437,15914,1.31,1.52,36.9,35.9,10,50
29301690470,一般国道１６９号,今木出口線,今木出口線,29442,0,0.6,高市郡高取町大字清水谷,8477,高市郡高取町大字清水谷,7437,15914,1.31,1.52,29.9,30.4,10,50
29301690480,一般国道１６９号,今木出口線,今木出口線,29442,0,0.3,高市郡高取町大字清水谷,8477,高市郡高取町大字清水谷,7437,15914,1.31,1.52,29.7,20.4,10,50
29301690490,一般国道１６９号,今木出口線,一般国道３７０号,29442,0,1.8,高市郡高取町大字清水谷,8477,高市郡高取町大字清水谷,7437,15914,1.31,1.52,23.4,19.5,10,50
29301690500,一般国道１６９号,一般国道３７０号,今木出口線,29442,0,1.6,吉野郡大淀町大字土田,5018,吉野郡大淀町大字土田,4643,9661,1.22,0.88,22.9,30.1,8.5,40
29301690510,一般国道１６９号,今木出口線,桜井明日香吉野線,29442,0,1.8,吉野郡大淀町大字土田,5018,吉野郡大淀町大字土田,4643,9661,1.22,0.88,36,31.9,8.5,40
29301690520,一般国道１６９号,桜井明日香吉野線,今木出口線,29442,0,0.4,吉野郡大淀町大字土田,5018,吉野郡大淀町大字土田,4643,9661,1.22,0.88,40.6,36.6,8.5,40
29301690530,一般国道１６９号,今木出口線,五條吉野線,29442,0,0.4,吉野郡大淀町大字土田,5018,吉野郡大淀町大字土田,4643,9661,1.22,0.88,26.6,23.9,8.5,40
29301690540,一般国道１６９号,五條吉野線,大淀町・吉野町境,29442,0,0.3,吉野郡大淀町大字土田,5018,吉野郡大淀町大字土田,4643,9661,1.22,0.88,25.5,35.2,8.5,40
29301690550,一般国道１６９号,大淀町・吉野町境,桜井吉野線,29441,0,1.4,吉野郡大淀町大字土田,5018,吉野郡大淀町大字土田,4643,9661,1.22,0.93,30.9,28.8,7,40
29301690560,一般国道１６９号,桜井吉野線,桜井明日香吉野線,29441,0,0.7,吉野郡大淀町大字土田,5018,吉野郡大淀町大字土田,4643,9661,1.22,0.93,41.7,43.7,7,40
29301690570,一般国道１６９号,桜井明日香吉野線,吉野室生寺針線,29441,0,0.3,吉野郡吉野町大字宮滝,2257,吉野郡吉野町大字宮滝,2236,4493,1.27,0.59,40.6,30.3,8,40
29301690580,一般国道１６９号,吉野室生寺針線,入野河原屋線,29441,0,0.3,吉野郡吉野町大字宮滝,2257,吉野郡吉野町大字宮滝,2236,4493,1.27,0.59,22.9,26.6,8,40
29301690590,一般国道１６９号,入野河原屋線,五條吉野線,29441,0,3.5,吉野郡吉野町大字宮滝,2257,吉野郡吉野町大字宮滝,2236,4493,1.27,0.59,47.1,47,8,40
29301690600,一般国道１６９号,五條吉野線,一般国道３７０号,29441,0,0.4,吉野郡吉野町大字宮滝,2257,吉野郡吉野町大字宮滝,2236,4493,1.27,0.59,42.2,42.9,8,40
29301690610,一般国道１６９号,一般国道３７０号,吉野町・川上村境,29441,0,2.6,吉野郡吉野町大字樫尾,2085,吉野郡吉野町大字樫尾,2091,4176,1.27,0.53,45.4,47.4,9.5,50
29301690620,一般国道１６９号,吉野町・川上村境,国栖大滝線,29452,0,1.5,吉野郡吉野町大字樫尾,2085,吉野郡吉野町大字樫尾,2091,4176,1.27,0.54,47.1,51.8,8,50
29301690630,一般国道１６９号,国栖大滝線,中奥白川渡線,29452,0,12.8,吉野郡吉野町大字樫尾,2085,吉野郡吉野町大字樫尾,2091,4176,1.27,0.54,52.3,53.8,8,50
29301690650,一般国道１６９号,中奥白川渡線,大台大迫線,29452,0,3.9,吉野郡川上村大字上多古,868,吉野郡川上村大字上多古,685,1553,1.19,0.28,56.3,57.7,7.5,60
29301690660,一般国道１６９号,大台大迫線,大台ケ原公園川上線,29452,0,6.3,吉野郡川上村大字上多古,868,吉野郡川上村大字上多古,685,1553,1.19,0.28,57.4,54.7,7.5,60
29301690670,一般国道１６９号,大台ケ原公園川上線,川上村・上北山村境,29452,0,0.9,吉野郡上北山村大字河合,672,吉野郡上北山村大字河合,680,1352,1.19,0.24,63,62.9,6.3,60
29301690674,一般国道１６９号,川上村・上北山村境,村道西原１１号線,29451,0,1.8,吉野郡上北山村大字河合,672,吉野郡上北山村大字河合,680,1352,1.19,0.23,61.7,62,6.3,60
29301690840,一般国道１６９号（上北山道路）,村道西原１１号線,村道西原１１号線,29451,0,1,吉野郡上北山村大字河合,672,吉野郡上北山村大字河合,680,1352,1.19,0.23,62.7,72.8,6.3,60
29301690680,一般国道１６９号,村道西原１１号線,一般国道３０９号,29451,0,1.8,吉野郡上北山村大字河合,672,吉野郡上北山村大字河合,680,1352,1.19,0.23,49.4,53.6,6.3,60
29301690690,一般国道１６９号,一般国道３０９号,大台河合線,29451,0,8.3,吉野郡上北山村大字河合,672,吉野郡上北山村大字河合,680,1352,1.19,0.23,52.7,55.8,6.3,60
29301690700,一般国道１６９号,大台河合線,村道,29451,0,0.2,吉野郡上北山村大字河合,672,吉野郡上北山村大字河合,680,1352,1.19,0.23,43.3,45.1,6.3,60
29301690710,一般国道１６９号,村道,上北山村・下北山村境,29451,0,9.7,吉野郡上北山村大字河合,672,吉野郡上北山村大字河合,680,1352,1.19,0.23,46.7,49.3,6.3,60
29301690720,一般国道１６９号,上北山村・下北山村境,一般国道４２５号,29450,0,3.5,吉野郡上北山村大字河合,672,吉野郡上北山村大字河合,680,1352,1.19,0.22,41.2,42.7,6.5,50
29301690730,一般国道１６９号,一般国道４２５号,一般国道４２５号,29450,0,1.5,吉野郡下北山村大字上池原,502,吉野郡下北山村大字上池原,510,1012,1.16,0.15,27.6,26.7,8.2,50
29301690740,一般国道１６９号,一般国道４２５号,上池原下桑原線,29450,0,5.8,吉野郡下北山村大字上池原,502,吉野郡下北山村大字上池原,510,1012,1.16,0.15,47.1,46,8.2,50
29301690750,一般国道１６９号,上池原下桑原線,一般国道１６９号,29450,0,3.2,吉野郡下北山村大字上池原,502,吉野郡下北山村大字上池原,510,1012,1.16,0.15,44.9,46.7,8.2,50
29301690770,一般国道１６９号,一般国道１６９号,一般国道１６９号,29449,0,2.9,吉野郡十津川村大字神下,240,吉野郡十津川村大字神下,237,477,1.13,0.08,62.5,63.3,8,60
29301690850,一般国道１６９号,一般国道１６９号,一般国道３１１号,29449,0,0.6,吉野郡十津川村大字竹筒,302,吉野郡十津川村大字竹筒,301,603,1.19,0.14,64.5,61.2,8,60
29303110030,一般国道１６９号,一般国道３１１号,一般国道１６９号,29449,0,1.6,吉野郡十津川村大字竹筒,302,吉野郡十津川村大字竹筒,301,603,1.19,0.14,52.5,51.4,8,60
29301690810,一般国道１６９号,一般国道１６９号,一般国道１６９号,29449,0,0.6,吉野郡十津川村大字竹筒,302,吉野郡十津川村大字竹筒,301,603,1.19,0.14,67.1,66.8,8,60
29301690270,一般国道１６９号,一般国道１６９号,三輪山線,29206,0,1.1,桜井市粟殿,6745,桜井市粟殿,6929,13674,1.3,0.91,17.8,32.5,7.5,50
29301690280,一般国道１６９号,三輪山線,大三輪十市線,29206,0,0.1,桜井市粟殿,6745,桜井市粟殿,6929,13674,1.3,0.91,22.8,20,7.5,50
29301690290,一般国道１６９号,大三輪十市線,県道中和幹線,29206,0,0.6,桜井市粟殿,6745,桜井市粟殿,6929,13674,1.3,0.91,22.1,14.4,7.5,50
29301690300,一般国道１６９号,県道中和幹線,慈恩寺桜井線,29206,0,0.8,桜井市粟殿,6745,桜井市粟殿,6929,13674,1.3,0.91,19.4,18.1,7.5,50
29301690310,一般国道１６９号,慈恩寺桜井線,一般国道１６５号,29206,0,0.6,桜井市粟殿,6745,桜井市粟殿,6929,13674,1.3,0.91,17.1,12.5,7.5,50
29301690820,一般国道１６９号,橿原高取線,,29401,0,1.3,高市郡高取町大字兵庫,2217,高市郡高取町大字兵庫,2012,4229,1.27,0.37,58.5,54.8,9.5,40
29303080010,一般国道３０８号,一般国道３０８号,,29209,0,3.8,,,,,,,,27.5,26.2,10.8,60
29303080030,一般国道３０８号,一般国道１６８号,一般国道１６８号,29209,0,0,,,,,,,,8.5,12.4,10.8,60
29303080050,一般国道３０８号,一般国道１６８号,生駒市・大和郡山市境,29209,0,2.1,,178,,189,367,1.23,2.29,20.9,21.2,3.25,60
29303080060,一般国道３０８号,生駒市・大和郡山市境,大和郡山市・奈良市境,29203,0,0.5,,178,,189,367,1.23,2.29,21.8,25.4,3.25,60
29303080070,一般国道３０８号,大和郡山市・奈良市境,枚方大和郡山線,29201,0,2.7,,178,,189,367,1.23,2.29,25.2,21.9,3.25,60
29303080080,一般国道３０８号,枚方大和郡山線,枚方大和郡山線,29201,0,0.1,奈良市青垣台一丁目,503,奈良市青垣台一丁目,504,1007,1.17,3.1,14.4,11.7,5.25,30
29303080090,一般国道３０８号,枚方大和郡山線,一般国道３０８号,29201,0,2,奈良市青垣台一丁目,503,奈良市青垣台一丁目,504,1007,1.17,3.1,17.7,18.5,5.25,30
29303080110,一般国道３０８号,一般国道３０８号,一般国道３０８号,29201,0,1.3,奈良市青垣台一丁目,503,奈良市青垣台一丁目,504,1007,1.17,3.1,15.3,17.6,5.25,30
29303080250,一般国道３０８号,一般国道３０８号,一般国道３０８号,29201,0,1.1,奈良市宝来町,16248,奈良市宝来町,22923,39171,1.38,0.43,49.6,15.2,17,60
29303080300,一般国道３０８号,一般国道３０８号,,29201,0,0.4,奈良市宝来町,16248,奈良市宝来町,22923,39171,1.38,0.58,45.8,12,17,60
29303080270,一般国道３０８号,,奈良生駒線,29201,0,0.2,奈良市宝来町,16248,奈良市宝来町,22923,39171,1.38,0.58,14.7,37.3,18,60
29303080320,一般国道３０８号,一般国道１６３号（第二阪奈道路）,奈良生駒線,29201,0,0.3,奈良市菅原町,15790,奈良市菅原町,9882,25672,1.33,0.83,26.9,18.1,40,60
29303080290,一般国道３０８号,奈良生駒線,一般国道３０８号,29201,0,1,奈良市菅原町,15790,奈良市菅原町,9882,25672,1.33,0.83,12.8,12.4,40,60
29303080150,一般国道３０８号,一般国道３０８号,一般国道３０８号,29201,0,0.7,奈良市尼辻町,11079,奈良市尼辻町,16905,27984,1.35,1.71,9.6,9.3,30,50
29303080130,一般国道３０８号,一般国道３０８号,奈良大和郡山斑鳩線,29201,0,0.2,奈良市尼辻町,11079,奈良市尼辻町,16905,27984,1.35,0.76,20.1,10.5,30,50
29303080230,一般国道３０８号,奈良大和郡山斑鳩線,一般国道２４号,29201,0,1.1,奈良市三条大路二丁目,13918,奈良市三条大路二丁目,15594,29512,1.36,0.99,14.4,16.6,30,50
29303090010,一般国道３０９号,一般国道１６９号,上北山村・天川村境,29451,0,10.7,吉野郡天川村大字北角,126,吉野郡天川村大字北角,131,257,1.32,0.04,43,29.5,7,40
29303090020,一般国道３０９号,上北山村・天川村境,大峰山公園線,29446,0,15,吉野郡天川村大字北角,126,吉野郡天川村大字北角,131,257,1.32,0.04,26.8,31.3,6.3,60
29303090030,一般国道３０９号,大峰山公園線,高野天川線,29446,0,0.2,吉野郡天川村大字北角,126,吉野郡天川村大字北角,131,257,1.32,0.04,29.1,22.1,6.3,60
29303090040,一般国道３０９号,高野天川線,天川村・五條市境,29446,0,3.6,吉野郡黒滝村大字笠木,812,吉野郡黒滝村大字笠木,855,1667,1.19,0.21,56.3,53.2,6.5,60
29303090050,一般国道３０９号,天川村・五條市境,五條市・黒滝村境,29207,0,0.3,吉野郡黒滝村大字笠木,812,吉野郡黒滝村大字笠木,855,1667,1.19,0.21,65.5,66.1,6.5,60
29303090060,一般国道３０９号,五條市・黒滝村境,赤滝五條線,29444,0,5.2,吉野郡黒滝村大字笠木,812,吉野郡黒滝村大字笠木,855,1667,1.19,0.21,48.8,48.7,6.5,60
29303090070,一般国道３０９号,赤滝五條線,黒滝村・下市町境,29444,0,0,吉野郡黒滝村大字笠木,812,吉野郡黒滝村大字笠木,855,1667,1.19,0.21,33.1,40.1,6.5,60
29303090080,一般国道３０９号,黒滝村・下市町境,一般国道３０９号,29443,0,0.6,吉野郡黒滝村大字笠木,812,吉野郡黒滝村大字笠木,855,1667,1.19,0.19,46.5,35.8,11,60
29303090490,一般国道３０９号,一般国道３０９号,一般国道３０９号,29443,0,0.4,吉野郡黒滝村大字笠木,812,吉野郡黒滝村大字笠木,855,1667,1.19,0.19,57.7,55.3,11,60
29303090510,一般国道３０９号,,一般国道３０９号,29443,0,0.3,吉野郡黒滝村大字笠木,812,吉野郡黒滝村大字笠木,855,1667,1.19,0.19,54.5,55.9,11,60
29303090095,一般国道３０９号,一般国道３０９号,一般国道３０９号,29443,0,0.5,吉野郡黒滝村大字笠木,812,吉野郡黒滝村大字笠木,855,1667,1.19,0.19,54.3,53.5,11,60
29303090530,一般国道３０９号,一般国道３０９号,一般国道３０９号,29443,0,1.1,吉野郡下市町大字広橋,1237,吉野郡下市町大字広橋,1351,2588,1.25,0.3,62.8,62.2,11,60
29303090110,一般国道３０９号,一般国道３０９号,一般国道３０９号,29443,0,0.1,吉野郡下市町大字広橋,1237,吉野郡下市町大字広橋,1351,2588,1.25,0.3,58.7,53,11,60
29303090120,一般国道３０９号,一般国道３０９号,一般国道３０９号,29443,0,0.3,吉野郡下市町大字広橋,1237,吉野郡下市町大字広橋,1351,2588,1.25,0.3,61.3,55.6,11,60
29303090130,一般国道３０９号,一般国道３０９号,下市宗桧線,29443,0,10.7,吉野郡下市町大字広橋,1237,吉野郡下市町大字広橋,1351,2588,1.25,0.3,49.1,48.5,11,60
29303090140,一般国道３０９号,下市宗桧線,洞川下市線,29443,0,0.3,吉野郡下市町大字山崎,3724,吉野郡下市町大字山崎,4431,8155,1.27,0.78,34.7,29.9,6.25,50
29303090150,一般国道３０９号,洞川下市線,洞川下市線,29443,0,0.1,吉野郡下市町大字山崎,3724,吉野郡下市町大字山崎,4431,8155,1.27,0.78,17.9,22.9,6.25,50
29303090160,一般国道３０９号,洞川下市線,洞川下市線,29443,0,0.7,吉野郡下市町大字山崎,3724,吉野郡下市町大字山崎,4431,8155,1.27,0.78,30.8,33.4,6.25,50
29303090170,一般国道３０９号,洞川下市線,五條吉野線,29443,0,0.8,吉野郡下市町大字山崎,3724,吉野郡下市町大字山崎,4431,8155,1.27,0.78,26.8,25.7,6.25,50
29303090180,一般国道３０９号,五條吉野線,下市町・大淀町境,29443,0,0.1,吉野郡下市町大字山崎,3724,吉野郡下市町大字山崎,4431,8155,1.27,0.78,18.5,20.8,6.25,50
29303090190,一般国道３０９号,下市町・大淀町境,一般国道３７０号,29442,0,0.2,吉野郡下市町大字山崎,3724,吉野郡下市町大字山崎,4431,8155,1.27,0.74,20,11.2,6.25,40
29303090200,一般国道３０９号,一般国道３７０号,一般国道３０９号,29442,0,0.5,吉野郡下市町大字山崎,3724,吉野郡下市町大字山崎,4431,8155,1.27,0.74,12,19.6,6.25,40
29303090210,一般国道３０９号,一般国道３０９号,一般国道３７０号,29442,0,0.3,吉野郡下市町大字山崎,3724,吉野郡下市町大字山崎,4431,8155,1.27,0.74,12.2,20.8,6.25,40
29303090220,一般国道３０９号,一般国道３７０号,一般国道３０９号,29442,0,0.4,吉野郡大淀町大字下渕,2193,吉野郡大淀町大字下渕,2406,4599,1.28,0.58,12.7,25.1,8,50
29303090230,一般国道３０９号,一般国道３０９号,今木出口線,29442,0,2.5,吉野郡大淀町大字下渕,6341,吉野郡大淀町大字下渕,6294,12635,1.28,0.93,32.2,33.9,8,50
29303090240,一般国道３０９号,今木出口線,一般国道３０９号,29442,0,1.8,吉野郡大淀町大字下渕,6341,吉野郡大淀町大字下渕,6294,12635,1.28,0.93,45.6,46.2,8,50
29303090250,一般国道３０９号,一般国道３０９号,大淀町・御所市境,29442,0,0.1,吉野郡大淀町大字下渕,6341,吉野郡大淀町大字下渕,6294,12635,1.28,0.93,38,42,8,50
29303090260,一般国道３０９号,大淀町・御所市境,一般国道３０９号,29208,0,0.5,吉野郡大淀町大字下渕,6341,吉野郡大淀町大字下渕,6294,12635,1.28,0.85,52.4,51.8,8,50
29303090270,一般国道３０９号,一般国道３０９号,一般国道３０９号,29208,0,2.1,吉野郡大淀町大字下渕,6341,吉野郡大淀町大字下渕,6294,12635,1.28,0.85,41.7,45,8,50
29303090280,一般国道３０９号,一般国道３０９号,大和高田御所線,29208,0,1.6,御所市室,3625,御所市室,3811,7436,1.3,0.66,35.5,35.7,8,40
29303090290,一般国道３０９号,大和高田御所線,大和高田御所線,29208,0,0,御所市室,3625,御所市室,3811,7436,1.3,0.66,9.8,17.1,8,40
29303090295,一般国道３０９号,大和高田御所線,一般国道２４号（京奈和自動車道）,29208,0,0.6,御所市室,3625,御所市室,3811,7436,1.3,0.66,10.6,32.4,8,40
29303090300,一般国道３０９号,一般国道２４号（京奈和自動車道）,一般国道２４号,29208,0,1.1,御所市室,3625,御所市室,3811,7436,1.3,0.66,30.2,23.4,8,40
29303090310,一般国道３０９号,一般国道２４号,御所香芝線,29208,0,1.3,御所市室,3625,御所市室,3811,7436,1.3,0.66,24.4,30.5,8,40
29303090320,一般国道３０９号,御所香芝線,一般国道３０９号,29208,0,1.9,御所市名柄,2076,御所市名柄,2020,4096,1.27,0.51,36.1,44.1,7.25,60
29303090330,一般国道３０９号,一般国道３０９号,一般国道３０９号,29208,0,2.4,御所市名柄,2076,御所市名柄,2020,4096,1.27,0.51,66,62.8,7.25,60
29303090090,一般国道３０９号,一般国道３０９号,一般国道３０９号,29443,0,0.7,吉野郡黒滝村大字笠木（丹生バイパス旧道側）,18,吉野郡黒滝村大字笠木（丹生バイパス旧道側）,25,43,1.19,0.01,49.9,49.9,11,60
29303090100,一般国道３０９号,一般国道３０９号,赤滝五條線,29443,0,0.9,吉野郡黒滝村大字笠木（丹生バイパス旧道側）,18,吉野郡黒滝村大字笠木（丹生バイパス旧道側）,25,43,1.19,0.01,21,21,11,30
29303090105,一般国道３０９号,赤滝五條線,一般国道３０９号,29443,0,1.1,吉野郡黒滝村大字笠木（丹生バイパス旧道側）,18,吉野郡黒滝村大字笠木（丹生バイパス旧道側）,25,43,1.19,0.01,41.7,25.9,11,30
29303090350,一般国道３０９号,一般国道３０９号,一般国道３０９号,29443,0,0.4,,1622,,1742,3364,1.28,0.52,53.1,53.1,6.5,50
29303090370,一般国道３０９号,一般国道３０９号,一般国道３０９号,29442,0,0.5,,4740,,4944,9684,1.28,8.71,21.3,17.7,5.5,50
29303090390,一般国道３０９号,一般国道３０９号,大淀町・御所市境,29442,0,0.2,,636,,753,1389,1.19,0.15,20,35.2,8,50
29303090400,一般国道３０９号,大淀町・御所市境,一般国道３０９号,29208,0,0.4,,636,,753,1389,1.19,0.15,41.6,41.6,8,50
29303090410,一般国道３０９号,一般国道３０９号,五條高取線,29208,0,0.1,,636,,753,1389,1.19,0.15,22.2,26.5,8,50
29303090420,一般国道３０９号,五條高取線,古瀬小殿線,29208,0,0.3,,636,,753,1389,1.19,0.15,29.2,33.3,8,50
29303090430,一般国道３０９号,古瀬小殿線,五條高取線,29208,0,1.4,,636,,753,1389,1.19,0.15,34.7,28.7,8,50
29303090440,一般国道３０９号,五條高取線,戸毛久米線,29208,0,0.1,,636,,753,1389,1.19,0.15,22.3,15.7,8,50
29303090450,一般国道３０９号,戸毛久米線,一般国道３０９号,29208,0,0.2,,636,,753,1389,1.19,0.15,21,12.7,8,50
29303090470,一般国道３０９号,一般国道３０９号,一般国道３０９号（旧）,29208,0,3.3,,380,,386,766,1.18,1.45,41.7,25.2,6,40
29303100010,一般国道３１０号,一般国道３１０号,西佐味中之線,29207,0,7.3,五條市五條1丁目,6189,五條市五條1丁目,4841,11030,1.24,1,41.3,39.5,6.5,60
29303100020,一般国道３１０号,西佐味中之線,一般国道２４号（京奈和自動車道）,29207,0,0.6,五條市五條1丁目,6189,五條市五條1丁目,4841,11030,1.24,1,27.5,22.1,6.5,60
29303100030,一般国道３１０号,一般国道２４号（京奈和自動車道）,一般国道２４号,29207,0,1.1,五條市五條1丁目,6189,五條市五條1丁目,4841,11030,1.24,1,32.1,17.7,6.5,60
29303110003,一般国道３１１号,一般国道３１１号,,29449,0,0.5,,434,,407,841,1.16,4.34,29,29.7,3.6,50
29303110020,一般国道３１１号,,一般国道１６９号,29449,0,0.2,,434,,407,841,1.16,4.34,80.9,84.9,3.6,50
29303680010,一般国道３６８号,一般国道３６８号,一般国道３６９号,29386,0,1.3,,1001,,979,1980,1.21,0.29,38.4,38,7,60
29303680020,一般国道３６８号,一般国道３６９号,,29386,0,0.8,,574,,562,1136,1.18,2.13,41.8,46.1,5.5,60
29303680030,一般国道３６８号,,一般国道３６８号,29386,0,0.7,,574,,562,1136,1.18,2.13,54.6,65.5,5.5,60
29303690005,一般国道３６９号,一般国道２４号,奈良生駒線,29201,0,0.4,奈良市二条大路南一丁目,17407,奈良市二条大路南一丁目,15016,32423,1.37,1.08,15.8,26.6,23,50
29303690010,一般国道３６９号,奈良生駒線,木津横田線,29201,0,1.5,奈良市二条大路南一丁目,17407,奈良市二条大路南一丁目,15016,32423,1.37,1.08,20,19.5,23,50
29303690020,一般国道３６９号,木津横田線,一般国道１６９号,29201,0,1.2,奈良市登大路町,9826,奈良市登大路町,9438,19264,1.34,0.39,18.2,19.3,41,50
29303690030,一般国道３６９号,一般国道１６９号,谷田奈良線,29201,0,0.8,奈良市登大路町,8273,奈良市登大路町,9989,18262,1.32,1.39,10.8,15.6,12,40
29303690040,一般国道３６９号,谷田奈良線,木津横田線,29201,0,0.8,奈良市登大路町,8273,奈良市登大路町,9989,18262,1.32,1.39,10.1,20.5,12,40
29303690050,一般国道３６９号,木津横田線,奈良笠置線,29201,0,3,奈良市川上町,2580,奈良市川上町,2376,4956,1.23,0.51,36,40.5,7,40
29303690060,一般国道３６９号,奈良笠置線,須山西狭川線,29201,0,4.5,奈良市忍辱山町,1509,奈良市忍辱山町,1313,2822,1.22,0.45,46.4,45.6,7,40
29303690070,一般国道３６９号,須山西狭川線,須山西狭川線,29201,0,0.3,奈良市忍辱山町,1509,奈良市忍辱山町,1313,2822,1.22,0.45,46.8,45.5,7,40
29303690080,一般国道３６９号,須山西狭川線,天理加茂木津線,29201,0,4.1,奈良市忍辱山町,1509,奈良市忍辱山町,1313,2822,1.22,0.45,42.6,40.8,7,40
29303690090,一般国道３６９号,天理加茂木津線,天理加茂木津線,29201,0,0,奈良市忍辱山町,1509,奈良市忍辱山町,1313,2822,1.22,0.45,20,23,7,40
29303690100,一般国道３６９号,天理加茂木津線,天理加茂木津線,29201,0,0.2,奈良市阪原町,1369,奈良市阪原町,1150,2519,1.21,0.35,22.7,42.5,7.5,40
29303690110,一般国道３６９号,天理加茂木津線,一般国道３６９号,29201,0,1.3,奈良市阪原町,1369,奈良市阪原町,1150,2519,1.21,0.35,48.3,47.4,7.5,40
29303690120,一般国道３６９号,一般国道３６９号,一般国道３６９号,29201,0,0.7,奈良市阪原町,1369,奈良市阪原町,1150,2519,1.21,0.35,55.4,56.5,7.5,40
29303690130,一般国道３６９号,一般国道３６９号,一般国道３６９号,29201,0,1.5,奈良市阪原町,1369,奈良市阪原町,1150,2519,1.21,0.35,51.4,51.3,7.5,40
29303690140,一般国道３６９号,一般国道３６９号,笠置山添線,29201,0,0.1,奈良市阪原町,1369,奈良市阪原町,1150,2519,1.21,0.35,42.6,45.3,7.5,40
29303690150,一般国道３６９号,笠置山添線,一般国道３６９号,29201,0,0.1,奈良市柳生町,270,奈良市柳生町,293,563,1.2,0.93,18.5,33,5.5,40
29303690160,一般国道３６９号,一般国道３６９号,一般国道３６９号,29201,0,0.3,奈良市柳生町,270,奈良市柳生町,293,563,1.2,0.93,38.8,37.7,5.5,40
29303690170,一般国道３６９号,一般国道３６９号,一般国道３６９号,29201,0,0.2,奈良市柳生町,270,奈良市柳生町,293,563,1.2,0.93,46.5,43.4,5.5,40
29303690180,一般国道３６９号,一般国道３６９号,一般国道３６９号,29201,0,0.2,奈良市柳生町,270,奈良市柳生町,293,563,1.2,0.93,49.3,53.9,5.5,40
29303690190,一般国道３６９号,一般国道３６９号,一般国道３６９号,29201,0,0.6,奈良市柳生町,270,奈良市柳生町,293,563,1.2,0.93,55.9,53.9,5.5,40
29303690200,一般国道３６９号,一般国道３６９号,一般国道３６９号,29201,0,0.1,奈良市柳生町,270,奈良市柳生町,293,563,1.2,0.93,57.6,56.6,5.5,40
29303690210,一般国道３６９号,一般国道３６９号,一般国道３６９号,29201,0,0.1,奈良市柳生町,270,奈良市柳生町,293,563,1.2,0.93,57.8,57.6,5.5,40
29303690220,一般国道３６９号,一般国道３６９号,一般国道３６９号,29201,0,0.3,奈良市柳生町,270,奈良市柳生町,293,563,1.2,0.93,58.4,61.2,5.5,40
29303690230,一般国道３６９号,一般国道３６９号,一般国道３６９号,29201,0,0.3,奈良市柳生町,270,奈良市柳生町,293,563,1.2,0.93,55.1,57.6,5.5,40
29303690240,一般国道３６９号,一般国道３６９号,一般国道３６９号,29201,0,0.2,奈良市柳生町,270,奈良市柳生町,293,563,1.2,0.93,53,54.7,5.5,40
29303690250,一般国道３６９号,一般国道３６９号,一般国道３６９号,29201,0,0,奈良市柳生町,270,奈良市柳生町,293,563,1.2,0.93,56.1,58.5,5.5,40
29303690260,一般国道３６９号,一般国道３６９号,一般国道３６９号,29201,0,0.1,奈良市柳生町,270,奈良市柳生町,293,563,1.2,0.93,56.3,59.1,5.5,40
29303690270,一般国道３６９号,一般国道３６９号,大保邑地線,29201,0,3.5,奈良市柳生町,270,奈良市柳生町,293,563,1.2,0.93,52.1,52.3,5.5,40
29303690280,一般国道３６９号,大保邑地線,一般国道３６９号,29201,0,1.4,奈良市柳生町,270,奈良市柳生町,293,563,1.2,0.93,43.7,51.3,5.5,40
29303690290,一般国道３６９号,一般国道３６９号,一般国道３６９号,29201,0,0.2,奈良市柳生町,270,奈良市柳生町,293,563,1.2,0.93,47.6,54.4,5.5,40
29303690300,一般国道３６９号,一般国道３６９号,一般国道３６９号,29201,0,0.1,奈良市柳生町,270,奈良市柳生町,293,563,1.2,0.93,52.7,53.8,5.5,40
29303690310,一般国道３６９号,一般国道３６９号,一般国道３６９号,29201,0,0.3,奈良市柳生町,270,奈良市柳生町,293,563,1.2,0.93,52.4,43.1,5.5,40
29303690320,一般国道３６９号,一般国道３６９号,奈良名張線,29201,0,0.3,奈良市柳生町,270,奈良市柳生町,293,563,1.2,0.93,38.7,30.7,5.5,40
29303690330,一般国道３６９号,奈良名張線,天理加茂木津線,29201,0,3.9,奈良市水間町,512,奈良市水間町,543,1055,1.22,0.13,53.3,55.2,7.75,60
29303690340,一般国道３６９号,天理加茂木津線,,29201,0,0.4,奈良市針町,2171,奈良市針町,2112,4283,1.28,0.53,46.3,50.1,10.8,60
29303690350,一般国道３６９号,,一般国道３６９号,29201,0,0,奈良市針町,2171,奈良市針町,2112,4283,1.28,0.53,39,41.6,10.8,60
29303690360,一般国道３６９号,一般国道３６９号,,29201,0,0,奈良市針町,2171,奈良市針町,2112,4283,1.28,0.53,40.3,52.6,10.8,60
29303690370,一般国道３６９号,,馬場針ケ別所小倉線,29201,0,0.9,奈良市針町,2171,奈良市針町,2112,4283,1.28,0.53,50.5,50.9,10.8,60
29303690380,一般国道３６９号,馬場針ケ別所小倉線,月瀬針線,29201,0,1.6,奈良市針町,2171,奈良市針町,2112,4283,1.28,0.53,54.5,52.4,10.8,60
29303690390,一般国道３６９号,月瀬針線,一般国道２５号,29201,0,1.4,奈良市針町,2171,奈良市針町,2112,4283,1.28,0.53,45.7,44.9,10.8,60
29303690400,一般国道３６９号,一般国道２５号,一般国道２５号（名阪国道）,29201,0,0.4,奈良市針町,2171,奈良市針町,2112,4283,1.28,0.53,24.8,19.1,10.8,60
29303690410,一般国道３６９号,一般国道２５号（名阪国道）,都祁名張線,29201,0,1.7,奈良市都祁白石町,4742,奈良市都祁白石町,4718,9460,1.27,1,33.8,35.5,7,40
29303690420,一般国道３６９号,都祁名張線,吉野室生寺針線,29201,0,1.5,奈良市都祁白石町,4742,奈良市都祁白石町,4718,9460,1.27,1,45,42.7,7,40
29303690430,一般国道３６９号,吉野室生寺針線,奈良市・宇陀市境,29201,0,3.3,宇陀市榛原玉立,1629,宇陀市榛原玉立,1652,3281,1.28,0.34,45.3,45.1,7.5,50
29303690440,一般国道３６９号,奈良市・宇陀市境,一般国道３６９号,29212,0,3.4,宇陀市榛原玉立,1629,宇陀市榛原玉立,1652,3281,1.28,0.33,38.2,32.6,10.3,60
29303690450,一般国道３６９号,一般国道３６９号,一般国道３６９号,29212,0,0.8,宇陀市榛原玉立,1629,宇陀市榛原玉立,1652,3281,1.28,0.33,26.9,38.5,10.3,60
29303690490,一般国道３６９号,一般国道３６９号,内牧菟田野線,29212,0,5.8,宇陀市榛原高井,2148,宇陀市榛原高井,2120,4268,1.28,0.53,45.5,46.9,6.3,60
29303690500,一般国道３６９号,内牧菟田野線,一般国道３６９号,29212,0,3.9,宇陀市榛原内牧,1900,宇陀市榛原内牧,1845,3745,1.27,0.45,55.6,53.8,6.5,60
29303690510,一般国道３６９号,一般国道３６９号,一般国道３６９号,29212,0,1.4,宇陀市榛原内牧,1900,宇陀市榛原内牧,1845,3745,1.27,0.45,65.1,60.3,6.5,60
29303690520,一般国道３６９号,一般国道３６９号,吉野室生寺針線,29212,0,0.2,宇陀市榛原内牧,1900,宇陀市榛原内牧,1845,3745,1.27,0.45,58.3,67.3,6.5,60
29303690530,一般国道３６９号,吉野室生寺針線,宇陀市・曽爾村境,29212,0,1.5,宇陀市榛原内牧,1900,宇陀市榛原内牧,1845,3745,1.27,0.45,64.9,70.3,6.5,60
29303690540,一般国道３６９号,宇陀市・曽爾村境,,29385,0,1.3,宇陀市榛原内牧,1900,宇陀市榛原内牧,1845,3745,1.27,0.4,61.4,67.8,12,60
29303690550,一般国道３６９号,,一般国道３６９号,29385,0,0.4,宇陀市榛原内牧,1900,宇陀市榛原内牧,1845,3745,1.27,0.4,51.4,59.7,12,60
29303690560,一般国道３６９号,一般国道３６９号,一般国道３６９号,29385,0,0.4,宇陀市榛原内牧,1900,宇陀市榛原内牧,1845,3745,1.27,0.4,53.8,59.9,12,60
29303690570,一般国道３６９号,一般国道３６９号,一般国道３６９号,29385,0,2.7,宇陀市榛原内牧,1900,宇陀市榛原内牧,1845,3745,1.27,0.4,50.6,54.5,12,60
29303690580,一般国道３６９号,一般国道３６９号,一般国道３６９号,29385,0,0.2,宇陀市榛原内牧,1900,宇陀市榛原内牧,1845,3745,1.27,0.4,37.3,28.3,12,60
29303690590,一般国道３６９号,一般国道３６９号,曽爾村・御杖村境,29385,0,0.8,宇陀市榛原内牧,1900,宇陀市榛原内牧,1845,3745,1.27,0.4,40.3,43.3,12,60
29303690600,一般国道３６９号,曽爾村・御杖村境,（元）榛原菟田野御杖線,29386,0,0.8,宇陀市榛原内牧,1900,宇陀市榛原内牧,1845,3745,1.27,0.46,54,52.8,6.5,60
29303690605,一般国道３６９号,（元）榛原菟田野御杖線,榛原菟田野御杖線,29386,0,0.1,宇陀郡御杖村大字菅野,850,宇陀郡御杖村大字菅野,908,1758,1.2,0.23,53.3,57.1,7.5,60
29303690610,一般国道３６９号,榛原菟田野御杖線,土屋原飯高線,29386,0,2.4,宇陀郡御杖村大字菅野,850,宇陀郡御杖村大字菅野,908,1758,1.2,0.23,60.2,62,7.5,60
29303690620,一般国道３６９号,土屋原飯高線,一般国道３６８号,29386,0,7.9,宇陀郡御杖村大字菅野,850,宇陀郡御杖村大字菅野,908,1758,1.2,0.23,50.8,56.1,7.5,60
29303690640,一般国道３６９号,一般国道３６９号,下狭川阪原線,29201,0,0.5,,2542,,3294,5836,1.27,9.8,28,28,5,60
29303690650,一般国道３６９号,下狭川阪原線,一般国道３６９号,29201,0,0.2,,2542,,3294,5836,1.27,9.8,30.5,24.4,5,60
29303690670,一般国道３６９号,一般国道３６９号,一般国道３６９号,29201,0,0.1,,2542,,3294,5836,1.27,0.69,20.2,31.4,7.5,40
29303690680,一般国道３６９号,一般国道３６９号,一般国道３６９号,29201,0,0.1,,2542,,3294,5836,1.27,0.69,12.3,8.2,7.5,40
29303690690,一般国道３６９号,一般国道３６９号,一般国道３６９号,29201,0,0.3,,2542,,3294,5836,1.27,0.69,27.5,27.1,7.5,40
29303690710,一般国道３６９号,笠置山添線,一般国道３６９号,29201,0,0.1,,446,,431,877,1.16,4.04,13,16.3,5.25,60
29303690730,一般国道３６９号,一般国道３６９号,一般国道３６９号,29201,0,0.2,,446,,431,877,1.16,4.04,63.8,63.8,5.25,60
29303690750,一般国道３６９号,一般国道３６９号,一般国道３６９号,29201,0,0.1,,446,,431,877,1.16,4.04,60.3,60.3,5.25,60
29303690760,一般国道３６９号,一般国道３６９号,一般国道３６９号,29201,0,0.2,,446,,431,877,1.16,4.04,40.5,60.3,5.25,60
29303690770,一般国道３６９号,一般国道３６９号,一般国道３６９号,29201,0,0.3,,446,,431,877,1.16,4.04,69.4,69.4,5.25,60
29303690790,一般国道３６９号,一般国道３６９号,一般国道３６９号,29201,0,0.3,,446,,431,877,1.16,4.04,59.6,59.6,5.25,60
29303690810,一般国道３６９号,一般国道３６９号,一般国道３６９号,29201,0,0.2,,446,,431,877,1.16,4.04,47.2,47.2,5.25,60
29303690830,一般国道３６９号,一般国道３６９号,一般国道３６９号,29201,0,0.2,,446,,431,877,1.16,4.04,60.6,11.7,5,60
29303690840,一般国道３６９号,一般国道３６９号,一般国道３６９号,29201,0,0.2,,446,,431,877,1.16,4.04,61.1,61.1,5,60
29303690850,一般国道３６９号,一般国道３６９号,奈良名張線,29201,0,0.3,,446,,431,877,1.16,4.04,48.3,61.1,5,60
29303690860,一般国道３６９号,奈良名張線,一般国道３６９号,29201,0,0.1,,446,,431,877,1.16,4.04,44.5,49,5,60
29303690880,一般国道３６９号,天理加茂木津線,一般国道３６９号,29201,0,0.1,,2235,,2356,4591,1.27,0.62,35.8,28.3,8,60
29303690900,一般国道３６９号,一般国道３６９号,一般国道１６５号,29212,0,0.3,,1909,,2013,3922,1.28,0.42,17.4,14.6,7.5,60
29303690470,一般国道３６９号,一般国道１６５号,一般国道３７０号,29212,0,0.1,宇陀市榛原高井,2148,宇陀市榛原高井,2120,4268,1.28,0.53,9.3,13.6,6.3,60
29303690480,一般国道３６９号,一般国道３７０号,一般国道３６９号,29212,0,0.6,宇陀市榛原高井,2148,宇陀市榛原高井,2120,4268,1.28,0.53,12.1,28.3,6.3,60
29303690920,一般国道３６９号,一般国道３６９号,吉野室生寺針線,29212,0,0.6,,1812,,1817,3629,1.28,6.81,31.6,18.6,6,60
29303690930,一般国道３６９号,吉野室生寺針線,一般国道３６９号,29212,0,1.3,,1812,,1817,3629,1.28,6.81,36.3,15.6,6,60
29303691010,一般国道３６９号,一般国道３６９号,（旧）名張曽爾線,29385,0,0.1,,1812,,1817,3629,1.28,1.31,26.9,37.7,6.5,60
29303691020,一般国道３６９号,（旧）名張曽爾線,一般国道３６９号,29385,0,0.1,,1812,,1817,3629,1.28,1.31,26.9,37.7,6.5,60
29303700010,一般国道３７０号,一般国道２４号,吉野川公園線,29207,0,2.7,五條市三在町,2704,五條市三在町,2888,5592,1.27,0.59,40.5,47.8,7.5,50
29303700020,一般国道３７０号,吉野川公園線,五條市・大淀町境,29207,0,1.6,五條市三在町,2704,五條市三在町,2888,5592,1.27,0.59,50.8,52.4,7.5,50
29303700030,一般国道３７０号,五條市・大淀町境,五條吉野線,29442,0,1.3,吉野郡大淀町大字下渕,3374,吉野郡大淀町大字下渕,3121,6495,1.27,0.52,50.5,47.7,7.5,40
29303700040,一般国道３７０号,五條吉野線,一般国道３０９号,29442,0,0.9,吉野郡大淀町大字下渕,3374,吉野郡大淀町大字下渕,3121,6495,1.27,0.52,41.2,28.6,7.5,40
29303700060,一般国道３７０号,一般国道３０９号,一般国道１６９号,29442,0,1.3,吉野郡大淀町桧垣本,5435,吉野郡大淀町桧垣本,5467,10902,1.29,0.98,22.3,19.6,10.5,40
29303700080,一般国道３７０号,一般国道１６９号,吉野東吉野線,29441,0,6.8,,212,,195,407,1.22,0.06,47.7,43.7,6.5,40
29303700090,一般国道３７０号,吉野東吉野線,入野河原屋線,29441,0,1.7,,388,,447,835,1.16,0.14,40.2,40.6,8,60
29303700100,一般国道３７０号,入野河原屋線,吉野室生寺針線,29441,0,2.9,,388,,447,835,1.16,0.14,47.6,45.1,8,60
29303700110,一般国道３７０号,吉野室生寺針線,吉野町・宇陀市境,29441,0,0.7,宇陀市大宇陀関戸,1720,宇陀市大宇陀関戸,1904,3624,1.28,0.42,30.4,44.8,7.5,60
29303700120,一般国道３７０号,吉野町・宇陀市境,宇太三茶屋線,29212,0,0.9,宇陀市大宇陀関戸,1720,宇陀市大宇陀関戸,1904,3624,1.28,0.43,47,48,7.5,60
29303700130,一般国道３７０号,宇太三茶屋線,佐倉大宇陀線,29212,0,4.4,宇陀市大宇陀関戸,1720,宇陀市大宇陀関戸,1904,3624,1.28,0.43,46.2,50.3,7.5,60
29303700140,一般国道３７０号,佐倉大宇陀線,一般国道１６６号,29212,0,0.3,宇陀市大宇陀関戸,1720,宇陀市大宇陀関戸,1904,3624,1.28,0.43,17.3,20.4,7.5,60
29303700160,一般国道３７０号,一般国道１６６号,高塚野依線,29212,0,0.1,宇陀市大宇陀五津,2733,宇陀市大宇陀五津,2680,5413,1.27,0.55,11.7,13.8,7.4,60
29303700170,一般国道３７０号,高塚野依線,粟原榛原線,29212,0,3,宇陀市大宇陀五津,2733,宇陀市大宇陀五津,2680,5413,1.27,0.55,35.7,39.9,7.4,60
29303700180,一般国道３７０号,粟原榛原線,粟原榛原線,29212,0,0.9,宇陀市大宇陀五津,2733,宇陀市大宇陀五津,2680,5413,1.27,0.55,27,27.2,7.4,60
29303700190,一般国道３７０号,粟原榛原線,榛原菟田野御杖線,29212,0,0.8,宇陀市大宇陀五津,2733,宇陀市大宇陀五津,2680,5413,1.27,0.55,25.6,19.9,7.4,60
29303700200,一般国道３７０号,榛原菟田野御杖線,一般国道３６９号,29212,0,0.4,宇陀市大宇陀五津,2733,宇陀市大宇陀五津,2680,5413,1.27,0.55,14.9,8.5,7.4,60
29304250010,一般国道４２５号,一般国道４２５号,東川河合線,29451,0,5.4,,7,,11,18,1.32,0.07,20.5,26.3,5.5,60
29304250020,一般国道４２５号,東川河合線,上北山村・下北山村境,29451,0,8.2,,7,,11,18,1.32,0.07,21.6,21.6,5.5,60
29304250030,一般国道４２５号,上北山村・下北山村境,一般国道１６９号,29450,0,11.8,,7,,11,18,1.32,0.07,28.5,28.5,5.5,60
29304250050,一般国道４２５号,一般国道１６９号,上池原下桑原線,29450,0,7.3,,214,,239,453,1.22,1.63,44.5,47.4,4.5,60
29304250060,一般国道４２５号,上池原下桑原線,下北山村・十津川村境,29450,0,9,,214,,239,453,1.22,1.63,31.2,31.9,4.5,60
29304250065,一般国道４２５号,下北山村・十津川村境,一般国道１６８号,29449,0,23.3,,214,,239,453,1.22,1.63,33.4,36.7,4.5,60
29304250070,一般国道４２５号,一般国道１６８号,一般国道１６８号,29449,0,0.3,,214,,239,453,1.22,1.63,22.9,32.4,4.5,60
29304250090,一般国道４２５号,一般国道１６８号,竜神十津川線,29449,0,0.5,,278,,266,544,1.22,2.09,28.5,28.7,4.6,60
29304250100,一般国道４２５号,竜神十津川線,一般国道４２５号,29449,0,28.8,,278,,266,544,1.22,2.09,28.8,30.6,4.6,60
29400010005,奈良生駒線,木津横田線,奈良生駒線,29201,0,1.6,奈良市四条大路一丁目,13918,奈良市四条大路一丁目,12170,26088,1.34,0.83,17.6,18.4,28,50
29400010010,奈良生駒線,奈良生駒線,一般国道２４号,29201,0,0.4,奈良市四条大路一丁目,13918,奈良市四条大路一丁目,12170,26088,1.34,0.83,21.1,10.9,28,50
29400010030,奈良生駒線,一般国道２４号,奈良精華線,29201,0,1,奈良市三条大路二丁目,21563,奈良市三条大路二丁目,20178,41741,1.38,1.18,20.8,14.7,24.5,60
29400010040,奈良生駒線,奈良精華線,一般国道３０８号,29201,0,0.2,奈良市三条大路二丁目,21563,奈良市三条大路二丁目,20178,41741,1.38,1.18,17.2,22.2,24.5,60
29400010060,奈良生駒線,一般国道１６３号（第二阪奈道路）,,29201,0,1.3,奈良市宝来五丁目,24027,奈良市宝来五丁目,23356,47383,1.37,0.71,39.6,58.9,14,60
29400010070,奈良生駒線,,奈良市・生駒市境,29201,0,3.9,奈良市宝来五丁目,24027,奈良市宝来五丁目,23356,47383,1.37,0.71,65.7,60.2,14,60
29400010080,奈良生駒線,奈良市・生駒市境,一般国道１６８号,29209,0,1,奈良市宝来五丁目,24027,奈良市宝来五丁目,23356,47383,1.37,0.71,67.4,75.7,14,60
29400010100,奈良生駒線,一般国道３０８号,一般国道３０８号,29201,0,0.4,奈良市宝来四丁目,3598,奈良市宝来四丁目,3160,6758,1.27,0.4,15.4,12.1,24,60
29400010120,奈良生駒線,奈良生駒線,一般国道３６９号,29201,0,0.3,奈良市三条大路1丁目,401,奈良市三条大路1丁目,721,1122,1.18,0.15,,,12.5,60
29400040010,笠置山添線,笠置山添線,一般国道３６９号,29201,0,1.3,,264,,366,630,1.19,0.1,38.9,32.5,6.5,60
29400040040,笠置山添線,一般国道３６９号,月瀬針線,29201,0,4.4,,882,,833,1715,1.2,0.26,46,45.7,9.3,60
29400040050,笠置山添線,月瀬針線,上野南山城線,29201,0,4.7,,882,,833,1715,1.2,0.26,43.6,43.3,9.3,60
29400040060,笠置山添線,上野南山城線,月瀬三ケ谷線,29201,0,2.3,,882,,833,1715,1.2,0.26,43.3,38.8,9.3,60
29400040070,笠置山添線,月瀬三ケ谷線,上野南山城線,29201,0,0.2,,882,,833,1715,1.2,0.26,38,38,9.3,60
29400040080,笠置山添線,上野南山城線,奈良市・山添村境,29201,0,1.2,,1137,,1041,2178,1.22,0.28,46.1,46.8,7,40
29400040090,笠置山添線,奈良市・山添村境,一般国道２５号,29322,0,2.7,,1137,,1041,2178,1.22,0.28,47.5,45.5,7,40
29400040030,笠置山添線,一般国道３６９号,一般国道３６９号,29201,0,0.1,,882,,833,1715,1.2,0.26,32.4,19.2,9.3,60
29400050010,大和高田斑鳩線,一般国道１６６号,一般国道１６６号,29202,0,0.1,北葛城郡広陵町大塚,8011,北葛城郡広陵町大塚,7688,15699,1.31,1.24,8.4,20.5,11.5,40
29400050020,大和高田斑鳩線,一般国道１６６号,一般国道１６５号,29202,0,1.6,北葛城郡広陵町大塚,8011,北葛城郡広陵町大塚,7688,15699,1.31,1.24,14.8,14.1,11.5,40
29400050030,大和高田斑鳩線,一般国道１６５号,大和高田市・広陵町境,29202,0,0.5,北葛城郡広陵町大塚,8011,北葛城郡広陵町大塚,7688,15699,1.31,1.24,16.3,18.8,11.5,40
29400050040,大和高田斑鳩線,大和高田市・広陵町境,県道中和幹線,29426,0,0.1,北葛城郡広陵町大塚,8011,北葛城郡広陵町大塚,7688,15699,1.31,1.03,17.3,9.8,12.2,50
29400050050,大和高田斑鳩線,県道中和幹線,田原本広陵線,29426,0,1.3,北葛城郡広陵町大塚,8011,北葛城郡広陵町大塚,7688,15699,1.31,1.03,20.6,29.2,12.2,50
29400050060,大和高田斑鳩線,田原本広陵線,桜井田原本王寺線,29426,0,2.3,北葛城郡広陵町大塚,8011,北葛城郡広陵町大塚,7688,15699,1.31,1.03,25.8,25.1,12.2,50
29400050070,大和高田斑鳩線,桜井田原本王寺線,桜井田原本王寺線,29426,0,0.5,北葛城郡河合町大字穴闇,7901,北葛城郡河合町大字穴闇,7775,15676,1.27,1.19,20.5,16,10,50
29400050080,大和高田斑鳩線,桜井田原本王寺線,町道,29426,0,0.4,北葛城郡河合町大字穴闇,7901,北葛城郡河合町大字穴闇,7775,15676,1.27,1.19,27.9,28.9,10,50
29400050090,大和高田斑鳩線,町道,広陵町・河合町境,29426,0,1,北葛城郡河合町大字穴闇,7901,北葛城郡河合町大字穴闇,7775,15676,1.27,1.19,32.2,25.2,10,50
29400050100,大和高田斑鳩線,広陵町・河合町境,,29427,0,0.3,北葛城郡河合町大字穴闇,7901,北葛城郡河合町大字穴闇,7775,15676,1.27,1.22,32.2,23,10,50
29400050110,大和高田斑鳩線,,天理王寺線,29427,0,0.8,北葛城郡河合町大字穴闇,7901,北葛城郡河合町大字穴闇,7775,15676,1.27,1.22,29.1,13.9,10,50
29400050120,大和高田斑鳩線,天理王寺線,西名阪自動車道,29427,0,0.3,北葛城郡河合町大字穴闇,7901,北葛城郡河合町大字穴闇,7775,15676,1.27,1.22,18.5,9,10,50
29400050130,大和高田斑鳩線,西名阪自動車道,河合町・斑鳩町境,29427,0,0.3,生駒郡斑鳩町,5657,生駒郡斑鳩町,5147,10804,1.29,0.88,12.7,10.8,10.65,50
29400050140,大和高田斑鳩線,河合町・斑鳩町境,一般国道２５号,29344,0,1.9,生駒郡斑鳩町,5657,生駒郡斑鳩町,5147,10804,1.29,0.84,23.3,10.9,10.65,50
29400070005,枚方大和郡山線,枚方大和郡山線,枚方大和郡山線,29209,0,1.8,生駒市高山町,2880,生駒市高山町,2938,5818,1.25,0.74,33.3,30.1,8.4,60
29400070300,枚方大和郡山線,枚方大和郡山線,枚方大和郡山線,29209,0,2.9,生駒市高山町,2880,生駒市高山町,2938,5818,1.25,0.74,41,39.9,8.4,60
29400070020,枚方大和郡山線,枚方大和郡山線,枚方大和郡山線,29209,0,0.6,生駒市高山町,2880,生駒市高山町,2938,5818,1.25,0.74,49.2,47.3,8.4,60
29400070030,枚方大和郡山線,枚方大和郡山線,生駒井手線,29209,0,0.7,生駒市高山町,2880,生駒市高山町,2938,5818,1.25,0.74,37.1,28,8.4,60
29400070035,枚方大和郡山線,生駒井手線,枚方大和郡山線,29209,0,0.1,生駒市高山町,2880,生駒市高山町,2938,5818,1.25,0.74,14.5,14.8,8.4,60
29400070360,枚方大和郡山線,枚方大和郡山線,一般国道１６３号,29209,0,0.9,生駒市高山町,2880,生駒市高山町,2938,5818,1.25,0.74,40.5,30,8.4,60
29400070060,枚方大和郡山線,一般国道１６３号,一般国道１６３号,29209,0,0.1,生駒市上町,6229,生駒市上町,7111,13340,1.23,1.23,10.2,11.4,7.2,50
29400070065,枚方大和郡山線,一般国道１６３号,,29209,0,0.7,生駒市上町,6229,生駒市上町,7111,13340,1.23,1.23,16.7,16.1,7.2,50
29400070070,枚方大和郡山線,,,29209,0,1.5,生駒市上町,6229,生駒市上町,7111,13340,1.23,1.23,18.7,25.7,7.2,50
29400070080,枚方大和郡山線,,生駒市・奈良市境,29209,0,0.5,生駒市上町,6229,生駒市上町,7111,13340,1.23,1.23,22.3,34.6,7.2,50
29400070090,枚方大和郡山線,生駒市・奈良市境,大阪枚岡奈良線,29201,0,2.9,奈良市富雄元町二丁目,11012,奈良市富雄元町二丁目,10574,21586,1.28,0.72,17,16,20,30
29400070100,枚方大和郡山線,大阪枚岡奈良線,大阪枚岡奈良線,29201,0,0.2,奈良市富雄元町二丁目,11012,奈良市富雄元町二丁目,10574,21586,1.28,0.72,34,24.8,20,30
29400070110,枚方大和郡山線,大阪枚岡奈良線,枚方大和郡山線,29201,0,0.6,奈良市三碓七丁目,8880,奈良市三碓七丁目,8472,17352,1.31,0.5,20.4,22,18,30
29400070120,枚方大和郡山線,枚方大和郡山線,枚方大和郡山線,29201,0,0.7,奈良市三碓七丁目,8880,奈良市三碓七丁目,8472,17352,1.31,0.5,43.9,21.5,18,30
29400070130,枚方大和郡山線,枚方大和郡山線,枚方大和郡山線,29201,0,0.5,奈良市三碓七丁目,8880,奈良市三碓七丁目,8472,17352,1.31,0.5,20.7,13.5,18,30
29400070140,枚方大和郡山線,枚方大和郡山線,一般国道３０８号,29201,0,0.4,奈良市三碓七丁目,8880,奈良市三碓七丁目,8472,17352,1.31,0.5,21.4,14.4,18,30
29400070150,枚方大和郡山線,一般国道３０８号,枚方大和郡山線,29201,0,0.2,奈良市中町,13016,奈良市中町,14318,27334,1.35,0.66,19.5,15.3,21,50
29400070155,枚方大和郡山線,枚方大和郡山線,枚方大和郡山線,29201,0,1.3,奈良市中町,13016,奈良市中町,14318,27334,1.35,0.66,16.2,29.4,21,50
29800070010,枚方大和郡山線,枚方大和郡山線,奈良市・大和郡山市境,29201,0,0.7,奈良市石木町,5073,奈良市石木町,4282,9355,1.21,1.04,,,7,60
29800070020,枚方大和郡山線,奈良市・大和郡山市境,枚方大和郡山線,29203,0,0.3,奈良市石木町,5073,奈良市石木町,4282,9355,1.21,1,,,12.8,60
29400070184,枚方大和郡山線,枚方大和郡山線,（元）枚方大和郡山線,29203,0,0.3,大和郡山市柳町,2835,大和郡山市柳町,2484,5319,1.24,0.45,22.7,31.2,13,50
29400070380,枚方大和郡山線,（元）枚方大和郡山線,,29203,0,0.2,大和郡山市柳町,2835,大和郡山市柳町,2484,5319,1.24,0.45,35.8,37.2,13,50
29400070390,枚方大和郡山線,,（元）枚方大和郡山線,29203,0,0.3,大和郡山市柳町,2835,大和郡山市柳町,2484,5319,1.24,0.45,36.9,34.9,13,50
29400070190,枚方大和郡山線,（元）枚方大和郡山線,奈良大和郡山斑鳩線,29203,0,0.1,大和郡山市柳町,2835,大和郡山市柳町,2484,5319,1.24,0.45,29.9,8,13,50
29400070010,枚方大和郡山線,枚方大和郡山線,枚方大和郡山線,29209,0,2.9,生駒市高山町,289,生駒市高山町,255,544,1.2,0.99,32.4,30.8,5,60
29400070210,枚方大和郡山線,枚方大和郡山線,枚方大和郡山線,29209,0,0.7,,644,,765,1409,1.19,2.1,16,18.6,5,60
29400070220,枚方大和郡山線,枚方大和郡山線,生駒井手線,29209,0,0,,644,,765,1409,1.19,2.1,17.5,33.3,5,60
29400070230,枚方大和郡山線,生駒井手線,生駒井手線,29209,0,0.7,,644,,765,1409,1.19,2.1,30.3,23.5,5,60
29400070040,枚方大和郡山線,枚方大和郡山線,一般国道１６３号,29209,0,0.8,,644,,765,1409,1.19,2.1,28.2,22.2,5,60
29400070330,枚方大和郡山線,一般国道１６３号,一般国道１６３号,29209,0,0.1,,644,,765,1409,1.19,0.21,25.3,12.6,7.2,50
29400070160,枚方大和郡山線,枚方大和郡山線,大和郡山環状線,29201,0,0.3,奈良市中町,13016,奈良市中町,14318,27334,1.35,0.66,26.1,37.7,21,50
29400070170,枚方大和郡山線,大和郡山環状線,奈良市・大和郡山市境,29201,0,0.2,大和郡山市城町,248,大和郡山市城町,349,597,1.27,0.59,22.6,24.9,4,30
29400070180,枚方大和郡山線,奈良市・大和郡山市境,枚方大和郡山線,29203,0,0.3,大和郡山市城町,248,大和郡山市城町,349,597,1.27,0.11,26.2,21.5,10.6,50
29400070250,枚方大和郡山線,枚方大和郡山線,枚方大和郡山線,29201,0,0.8,,7630,,7362,14992,1.31,1.31,18.1,20,7,40
29400070270,枚方大和郡山線,枚方大和郡山線,一般国道３０８号,29201,0,0.3,,7545,,7280,14825,1.31,1.15,24.2,22.8,7,40
29400070280,枚方大和郡山線,一般国道３０８号,枚方大和郡山線,29201,0,0.2,,7545,,7280,14825,1.31,1.15,20.8,16.4,7,40
29400080010,大阪生駒線,一般国道１６８号,大阪生駒線,29209,0,2.9,生駒市俵口町,10523,生駒市俵口町,14063,24586,1.49,0.42,67.9,67.3,16.75,60
29400090010,奈良大和郡山斑鳩線,一般国道３０８号,京終停車場薬師寺線,29201,0,1.3,奈良市五条町,6776,奈良市五条町,7625,14401,1.31,1,17.8,11,8.6,40
29400090020,奈良大和郡山斑鳩線,京終停車場薬師寺線,奈良市・大和郡山市境,29201,0,0.9,奈良市五条町,6776,奈良市五条町,7625,14401,1.31,1,10.6,23.2,8.6,40
29400090030,奈良大和郡山斑鳩線,奈良市・大和郡山市境,奈良大和郡山線,29203,0,0.3,奈良市五条町,6776,奈良市五条町,7625,14401,1.31,1,19.5,15.5,10.7,40
29400090040,奈良大和郡山斑鳩線,奈良大和郡山線,枚方大和郡山線,29203,0,1.8,大和郡山市北郡山町,6664,大和郡山市北郡山町,6921,13585,1.27,1.32,11.3,13.2,11.5,40
29400090050,奈良大和郡山斑鳩線,枚方大和郡山線,大和郡山上三橋線,29203,0,0.7,大和郡山市池之内町,6216,大和郡山市池之内町,5731,11947,1.3,0.9,26.9,28.2,7,40
29400090060,奈良大和郡山斑鳩線,大和郡山上三橋線,矢田寺線,29203,0,0.2,大和郡山市池之内町,6216,大和郡山市池之内町,5731,11947,1.3,0.9,28.2,20.9,7,40
29400090070,奈良大和郡山斑鳩線,矢田寺線,大和郡山環状線,29203,0,1.5,大和郡山市池之内町,6216,大和郡山市池之内町,5731,11947,1.3,0.9,27.8,20.4,7,40
29400090080,奈良大和郡山斑鳩線,大和郡山環状線,大和郡山環状線,29203,0,0.2,大和郡山市池之内町,6216,大和郡山市池之内町,5731,11947,1.3,0.9,14.7,13.2,7,40
29400090090,奈良大和郡山斑鳩線,大和郡山環状線,奈良大和郡山斑鳩線,29203,0,0.6,大和郡山市池之内町,6216,大和郡山市池之内町,5731,11947,1.3,0.9,16.8,13.2,7,40
29400090130,奈良大和郡山斑鳩線,奈良大和郡山斑鳩線,大和小泉停車場松尾寺線,29203,0,0.8,大和郡山市小泉町,6793,大和郡山市小泉町,6562,13355,1.3,1.01,15.6,21.2,9.5,50
29400090140,奈良大和郡山斑鳩線,大和小泉停車場松尾寺線,大和郡山市・斑鳩町境,29203,0,0.6,大和郡山市小泉町,6793,大和郡山市小泉町,6562,13355,1.3,1.01,23.2,35,9.5,50
29400090150,奈良大和郡山斑鳩線,大和郡山市・斑鳩町境,一般国道２５号,29344,0,1.5,大和郡山市小泉町,6793,大和郡山市小泉町,6562,13355,1.3,1,41.6,20.9,12,50
29400090100,奈良大和郡山斑鳩線,奈良大和郡山斑鳩線,大和小泉停車場松尾寺線,29203,0,0.6,大和郡山市小泉町,4148,大和郡山市小泉町,4687,8835,1.3,0.86,11.8,24.7,7,40
29400090110,奈良大和郡山斑鳩線,大和小泉停車場松尾寺線,一般国道２５号,29203,0,0.8,大和郡山市小泉町,4148,大和郡山市小泉町,4687,8835,1.3,0.86,27.6,18.8,7,40
29400140010,桜井田原本王寺線,一般国道１６９号,県道中和幹線,29206,0,0.9,磯城郡田原本町大字千代,5435,磯城郡田原本町大字千代,4899,10334,1.29,0.9,15.2,23.4,9,40
29400140020,桜井田原本王寺線,県道中和幹線,大三輪十市線,29206,0,1,磯城郡田原本町大字千代,5435,磯城郡田原本町大字千代,4899,10334,1.29,0.9,20.2,28.8,9,40
29400140030,桜井田原本王寺線,大三輪十市線,桜井市・田原本町境,29206,0,1.3,磯城郡田原本町大字千代,5435,磯城郡田原本町大字千代,4899,10334,1.29,0.9,17.7,26.9,9,40
29400140040,桜井田原本王寺線,桜井市・田原本町境,一般国道２４号,29363,0,2.3,磯城郡田原本町大字千代,5435,磯城郡田原本町大字千代,4899,10334,1.29,0.9,22.6,18.3,9,40
29400140050,桜井田原本王寺線,一般国道２４号,田原本広陵線,29363,0,0.7,磯城郡田原本町大字十六面,5931,磯城郡田原本町大字十六面,5241,11172,1.28,0.9,8.7,17.7,11.2,50
29400140060,桜井田原本王寺線,田原本広陵線,一般国道２４号,29363,0,1.4,磯城郡田原本町大字十六面,5931,磯城郡田原本町大字十六面,5241,11172,1.28,0.9,16.5,20,11.2,50
29400140070,桜井田原本王寺線,一般国道２４号,田原本町・三宅町境,29363,0,1.5,磯城郡田原本町大字十六面,5931,磯城郡田原本町大字十六面,5241,11172,1.28,0.9,26.3,30.6,11.2,50
29400140080,桜井田原本王寺線,田原本町・三宅町境,三宅町・広陵町境,29362,0,0.2,磯城郡田原本町大字十六面,5931,磯城郡田原本町大字十六面,5241,11172,1.28,0.77,25.4,34.5,11.6,50
29400140090,桜井田原本王寺線,三宅町・広陵町境,大和郡山広陵線,29426,0,0.6,磯城郡田原本町大字十六面,5931,磯城郡田原本町大字十六面,5241,11172,1.28,0.83,37,30.1,11.6,50
29400140100,桜井田原本王寺線,大和郡山広陵線,箸尾停車場線,29426,0,0.6,磯城郡田原本町大字十六面,5931,磯城郡田原本町大字十六面,5241,11172,1.28,0.83,19,17.3,11.6,50
29400140110,桜井田原本王寺線,箸尾停車場線,大和高田斑鳩線,29426,0,0.3,磯城郡田原本町大字十六面,5931,磯城郡田原本町大字十六面,5241,11172,1.28,0.83,18.7,9.2,11.6,50
29400140220,桜井田原本王寺線,大和高田斑鳩線,町道,29426,0,0.9,,3139,,2712,5851,1.27,0.54,17.5,37.4,16,40
29400140140,桜井田原本王寺線,町道,広陵町・河合町境,29426,0,0,,3139,,2712,5851,1.27,0.54,44.5,45.1,7,40
29400140150,桜井田原本王寺線,広陵町・河合町境,河合大和高田線,29427,0,0.4,,3139,,2712,5851,1.27,0.56,42.5,40,12,40
29400140160,桜井田原本王寺線,河合大和高田線,町道,29427,0,0.1,,3139,,2712,5851,1.27,0.56,10.9,17.2,12,40
29400140170,桜井田原本王寺線,町道,河合町・上牧町境,29427,0,0.7,,3139,,2712,5851,1.27,0.56,19.1,33.3,12,40
29400140180,桜井田原本王寺線,河合町・上牧町境,中筋出作川合線,29424,0,0.1,,3139,,2712,5851,1.27,0.58,25,14.4,12,40
29400140190,桜井田原本王寺線,中筋出作川合線,上牧町・王寺町境,29424,0,1.9,,3139,,2712,5851,1.27,0.58,28.8,22.4,12,40
29400140200,桜井田原本王寺線,上牧町・王寺町境,一般国道１６８号,29425,0,0.7,,3139,,2712,5851,1.27,18.43,26,8.6,4,40
29400150010,桜井明日香吉野線,一般国道１６５号,桜井市・明日香村境,29206,0,3.5,桜井市橋本,5216,桜井市橋本,5957,11173,1.25,0.92,21.6,31.5,11,50
29400150020,桜井明日香吉野線,桜井市・明日香村境,橿原神宮東口停車場飛鳥線,29402,0,0.3,桜井市橋本,5216,桜井市橋本,5957,11173,1.25,0.87,46.2,23.5,7.5,50
29400150030,桜井明日香吉野線,橿原神宮東口停車場飛鳥線,多武峯見瀬線,29402,0,2.1,高市郡明日香村大字飛鳥,1008,高市郡明日香村大字飛鳥,926,1934,1.19,0.27,33.7,36.9,7,40
29400150040,桜井明日香吉野線,多武峯見瀬線,多武峯見瀬線,29402,0,0.4,吉野郡吉野町大字千股,27,吉野郡吉野町大字千股,24,51,1.32,0.18,27.6,27.5,5.5,60
29400150050,桜井明日香吉野線,多武峯見瀬線,明日香村道,29402,0,1.3,吉野郡吉野町大字千股,27,吉野郡吉野町大字千股,24,51,1.32,0.18,30.7,27.7,5.5,60
29400150060,桜井明日香吉野線,明日香村道,明日香村道,29402,0,0.8,吉野郡吉野町大字千股,27,吉野郡吉野町大字千股,24,51,1.32,0.18,47.6,45,5.5,60
29400150070,桜井明日香吉野線,明日香村道,明日香村・高取町境,29402,0,1.7,吉野郡吉野町大字千股,27,吉野郡吉野町大字千股,24,51,1.32,0.18,37.5,30.5,5.5,60
29400150080,桜井明日香吉野線,明日香村・高取町境,高取町・明日香村境,29401,0,1.7,吉野郡吉野町大字千股,27,吉野郡吉野町大字千股,24,51,1.32,0.18,29.6,29.6,5.5,60
29400150090,桜井明日香吉野線,高取町・明日香村境,明日香村・高取町境,29402,0,0.7,吉野郡吉野町大字千股,27,吉野郡吉野町大字千股,24,51,1.32,0.18,38.2,34.7,5.5,60
29400150100,桜井明日香吉野線,明日香村・高取町境,高取町・明日香村境,29401,0,0.6,吉野郡吉野町大字千股,27,吉野郡吉野町大字千股,24,51,1.32,0.18,27.1,19.4,5.5,60
29400150110,桜井明日香吉野線,高取町・明日香村境,明日香村・吉野町境,29402,0,0,吉野郡吉野町大字千股,27,吉野郡吉野町大字千股,24,51,1.32,0.18,34,12.7,5.5,60
29400150120,桜井明日香吉野線,明日香村・吉野町境,寺前千股線,29441,0,4.5,吉野郡吉野町大字千股,27,吉野郡吉野町大字千股,24,51,1.32,0.18,35.1,28.1,5.5,60
29400150130,桜井明日香吉野線,寺前千股線,吉野町道,29441,0,1.2,吉野郡吉野町大字千股,27,吉野郡吉野町大字千股,24,51,1.32,0.18,30.9,37.7,5.5,60
29400150140,桜井明日香吉野線,吉野町道,吉野町道,29441,0,0.1,吉野郡吉野町大字千股,27,吉野郡吉野町大字千股,24,51,1.32,0.18,44.9,47.7,5.5,60
29400150150,桜井明日香吉野線,吉野町道,桜井吉野線,29441,0,0.2,吉野郡吉野町大字千股,27,吉野郡吉野町大字千股,24,51,1.32,0.18,31.9,47.2,5.5,60
29400150160,桜井明日香吉野線,桜井吉野線,,29441,0,1.3,吉野郡吉野町大字千股,27,吉野郡吉野町大字千股,24,51,1.32,0.18,30.6,35.5,5.5,60
29400150170,桜井明日香吉野線,,一般国道１６９号,29441,0,0.6,吉野郡吉野町大字千股,27,吉野郡吉野町大字千股,24,51,1.32,0.18,38.5,32.7,5.5,60
29400150190,桜井明日香吉野線,一般国道１６９号,,29441,0,0.1,,28,,22,50,1.32,0.03,11.3,24.4,5,60
29400150200,桜井明日香吉野線,,五條吉野線,29441,0,0.1,,28,,22,50,1.32,0.03,12.2,27.2,5,60
29400150210,桜井明日香吉野線,五條吉野線,五條吉野線,29441,0,0.3,,28,,22,50,1.32,0.03,28.9,26.2,5,60
29400150220,桜井明日香吉野線,五條吉野線,吉野神宮停車場線,29441,0,1.7,,28,,22,50,1.32,0.03,23.2,23.2,5,60
29400150230,桜井明日香吉野線,吉野神宮停車場線,才谷吉野山線,29441,0,3.3,,28,,22,50,1.32,0.03,30.6,27.5,5,60
29400150240,桜井明日香吉野線,才谷吉野山線,桜井吉野線,29441,0,1.4,,28,,22,50,1.32,0.03,30.8,29.3,5,60
29400160010,吉野東吉野線,一般国道３７０号,国栖大滝線,29441,0,1.1,吉野郡東吉野村大字小栗栖,333,吉野郡東吉野村大字小栗栖,331,664,1.22,0.11,35.3,37.6,6.5,60
29400160020,吉野東吉野線,国栖大滝線,吉野町・東吉野村境,29441,0,0.9,吉野郡東吉野村大字小栗栖,333,吉野郡東吉野村大字小栗栖,331,664,1.22,0.11,34.9,44.3,6.5,60
29400160030,吉野東吉野線,吉野町・東吉野村境,大又小川線,29453,0,5,吉野郡東吉野村大字小栗栖,333,吉野郡東吉野村大字小栗栖,331,664,1.22,0.11,45.2,41.3,6.5,60
29400160040,吉野東吉野線,大又小川線,村道,29453,0,3,吉野郡東吉野村大字小栗栖,333,吉野郡東吉野村大字小栗栖,331,664,1.22,0.11,43.7,41.7,6.5,60
29400160050,吉野東吉野線,村道,一般国道１６６号,29453,0,0.2,吉野郡東吉野村大字小栗栖,333,吉野郡東吉野村大字小栗栖,331,664,1.22,0.11,41.2,40.3,6.5,60
29400200010,下市宗桧線,一般国道３０９号,下市宗桧線,29443,0,1.6,,620,,489,1109,1.18,0.15,15.9,52.6,7.4,60
29400200020,下市宗桧線,下市宗桧線,下市宗桧線,29443,0,0.3,,620,,489,1109,1.18,0.15,55.9,45,7.4,60
29400200030,下市宗桧線,下市宗桧線,下市宗桧線,29443,0,0.2,,620,,489,1109,1.18,0.15,54.6,44.2,7.4,60
29400200040,下市宗桧線,下市宗桧線,下市宗桧線,29443,0,2.9,,620,,489,1109,1.18,0.15,38.9,36.7,7.4,60
29400200050,下市宗桧線,下市宗桧線,下市宗桧線,29443,0,0.6,,620,,489,1109,1.18,0.15,56.2,53.8,7.4,60
29400200060,下市宗桧線,下市宗桧線,下市町・五條市境,29443,0,0.2,,620,,489,1109,1.18,0.15,57.2,58.1,7.4,60
29400200070,下市宗桧線,下市町・五條市境,下市宗桧線,29207,0,1.6,,620,,489,1109,1.18,0.15,47,52.7,10.1,30
29400200080,下市宗桧線,下市宗桧線,下市宗桧線,29207,0,0.5,,421,,317,738,1.19,0.11,52.6,55.9,10.1,30
29400200090,下市宗桧線,下市宗桧線,赤滝五條線,29207,0,0.9,,514,,428,942,1.17,0.16,52.8,54.6,10.1,30
29400200100,下市宗桧線,赤滝五條線,赤滝五條線,29207,0,0,,514,,428,942,1.17,0.16,42.6,41.1,10.1,30
29400200110,下市宗桧線,赤滝五條線,一般国道１６８号,29207,0,3.9,,514,,428,942,1.17,0.16,42.3,35.9,10.1,30
29400200130,下市宗桧線,下市宗桧線,下市宗桧線,29443,0,0.6,,421,,317,738,1.19,1.39,46,48,5.75,30
29400200140,下市宗桧線,下市宗桧線,下市宗桧線,29443,0,0.2,,421,,317,738,1.19,1.39,46,46,5.75,30
29400200160,下市宗桧線,下市宗桧線,下市宗桧線,29443,0,0.6,,421,,317,738,1.19,1.39,33.2,30.9,5.75,30
29400210010,大峰山公園線,一般国道３０９号,洞川下市線,29446,0,5.2,,506,,549,1055,1.18,0.78,35.2,38.8,5.9,60
29400210020,大峰山公園線,洞川下市線,,29446,0,3.7,,506,,549,1055,1.18,0.78,24.8,25.4,5.9,60
29400250010,月瀬針線,笠置山添線,大保邑地線,29201,0,1.8,,186,,207,393,1.22,0.06,52.4,51.6,6.5,40
29400250020,月瀬針線,大保邑地線,大保邑地線,29201,0,0.4,,186,,207,393,1.22,0.06,52.4,51.6,6.5,40
29400250030,月瀬針線,大保邑地線,大保邑地線,29201,0,1.3,,186,,207,393,1.22,0.06,43.9,30,6.5,40
29400250040,月瀬針線,大保邑地線,奈良市・山添村境,29201,0,1.2,,186,,207,393,1.22,0.06,46.1,45.2,6.5,40
29400250050,月瀬針線,奈良市・山添村境,奈良名張線,29322,0,1.8,,186,,207,393,1.22,0.06,45.3,35.5,6.5,40
29400250060,月瀬針線,奈良名張線,月瀬針線,29322,0,1.2,,298,,333,631,1.19,0.1,20.8,29.8,6.5,60
29400250070,月瀬針線,月瀬針線,月瀬針線,29322,0,0.5,,298,,333,631,1.19,0.1,51.2,45.2,6.5,60
29400250080,月瀬針線,月瀬針線,月瀬針線,29322,0,0.1,,298,,333,631,1.19,0.1,43.8,35.8,6.5,60
29400250090,月瀬針線,月瀬針線,山添村・奈良市境,29322,0,1.4,,298,,333,631,1.19,0.1,52.4,51.4,6.5,60
29400250100,月瀬針線,山添村・奈良市境,助命下荻線,29201,0,0.2,,298,,333,631,1.19,0.1,36.8,40.4,6.5,60
29400250110,月瀬針線,助命下荻線,馬場針ケ別所小倉線,29201,0,2.3,,298,,333,631,1.19,0.1,44.7,41.5,6.5,60
29400250120,月瀬針線,馬場針ケ別所小倉線,馬場針ケ別所小倉線,29201,0,1.7,,298,,333,631,1.19,0.1,48.5,49.9,6.5,60
29400250130,月瀬針線,馬場針ケ別所小倉線,一般国道３６９号,29201,0,0.9,,298,,333,631,1.19,0.1,35.8,34.5,6.5,60
29400250150,月瀬針線,月瀬針線,月瀬針線,29322,0,0.7,,298,,333,631,1.19,1.23,29.3,29.3,4.5,60
29400250160,月瀬針線,月瀬針線,月瀬針線,29322,0,0.3,,298,,333,631,1.19,1.23,20,8.9,4.5,60
29400260010,奈良名張線,一般国道１６９号,高畑山線,29201,0,1.2,奈良市高畑町,3224,奈良市高畑町,2661,5885,1.28,0.63,14.4,9.3,15.9,40
29400260020,奈良名張線,高畑山線,日笠東金坊線,29201,0,6.3,奈良市高畑町,3224,奈良市高畑町,2661,5885,1.28,0.63,31.8,42,15.9,40
29400260030,奈良名張線,日笠東金坊線,福住矢田原線,29201,0,1.1,奈良市横田町,3088,奈良市横田町,2616,5704,1.27,0.62,45.5,42.5,6.5,40
29400260040,奈良名張線,福住矢田原線,福住矢田原線,29201,0,0.3,奈良市横田町,3088,奈良市横田町,2616,5704,1.27,0.62,52.4,51.5,6.5,40
29400260050,奈良名張線,福住矢田原線,天理加茂木津線,29201,0,1.2,奈良市横田町,3088,奈良市横田町,2616,5704,1.27,0.62,52.7,50.3,6.5,40
29400260060,奈良名張線,天理加茂木津線,日笠東金坊線,29201,0,1.2,奈良市横田町,3088,奈良市横田町,2616,5704,1.27,0.62,46.9,44.8,6.5,40
29400260070,奈良名張線,日笠東金坊線,天理加茂木津線,29201,0,0.1,奈良市横田町,3088,奈良市横田町,2616,5704,1.27,0.62,49.8,42.1,6.5,40
29400260080,奈良名張線,天理加茂木津線,一般国道３６９号,29201,0,5.2,奈良市横田町,3088,奈良市横田町,2616,5704,1.27,0.62,46.5,47.7,6.5,40
29400260100,奈良名張線,一般国道３６９号,奈良市・山添村境,29201,0,0.3,山辺郡山添村大字室津,658,山辺郡山添村大字室津,709,1367,1.19,0.18,51.4,44.5,6.5,60
29400260110,奈良名張線,奈良市・山添村境,月瀬針線,29322,0,2.4,山辺郡山添村大字室津,658,山辺郡山添村大字室津,709,1367,1.19,0.18,45.5,44.6,6.5,60
29400260120,奈良名張線,月瀬針線,北野吐山線,29322,0,0.9,山辺郡山添村大字北野,1300,山辺郡山添村大字北野,1147,2447,1.21,0.35,49.6,48.3,7,60
29400260130,奈良名張線,北野吐山線,月瀬三ケ谷線,29322,0,3.2,山辺郡山添村大字北野,1300,山辺郡山添村大字北野,1147,2447,1.21,0.35,48,49,7,60
29400260140,奈良名張線,月瀬三ケ谷線,月瀬三ケ谷線,29322,0,0.4,山辺郡山添村大字西波多,873,山辺郡山添村大字西波多,834,1707,1.24,0.24,49,46,6.5,40
29400260150,奈良名張線,月瀬三ケ谷線,遅瀬西波多線,29322,0,1.7,山辺郡山添村大字西波多,873,山辺郡山添村大字西波多,834,1707,1.24,0.24,52.2,52.8,6.5,40
29400260160,奈良名張線,遅瀬西波多線,一般国道２５号（名阪国道）,29322,0,1,山辺郡山添村大字西波多,873,山辺郡山添村大字西波多,834,1707,1.24,0.24,41.1,37,6.5,40
29400260170,奈良名張線,一般国道２５号（名阪国道）,一般国道２５号,29322,0,0.4,山辺郡山添村大字西波多,873,山辺郡山添村大字西波多,834,1707,1.24,0.24,37.3,37.2,6.5,40
29400260190,奈良名張線,一般国道２５号,奈良名張線,29322,0,5.6,,748,,636,1384,1.19,0.19,35.4,38,7,40
29400280010,吉野室生寺針線,一般国道１６９号,,29441,0,0.3,吉野郡吉野町大字柳,1143,吉野郡吉野町大字柳,1139,2282,1.27,0.25,16.9,43.5,7.5,60
29400280020,吉野室生寺針線,,桜井吉野線,29441,0,1.6,吉野郡吉野町大字柳,1143,吉野郡吉野町大字柳,1139,2282,1.27,0.25,45.7,44.5,7.5,60
29400280030,吉野室生寺針線,桜井吉野線,一般国道３７０号,29441,0,6.3,吉野郡吉野町大字柳,1143,吉野郡吉野町大字柳,1139,2282,1.27,0.25,50.5,48.8,7.5,60
29400280040,吉野室生寺針線,一般国道３７０号,吉野町・東吉野村境,29441,0,5,吉野郡吉野町大字柳,1143,吉野郡吉野町大字柳,1139,2282,1.27,0.25,50.5,48.8,7.5,60
29400280050,吉野室生寺針線,吉野町・東吉野村境,一般国道１６６号,29453,0,0.3,吉野郡吉野町大字柳,1143,吉野郡吉野町大字柳,1139,2282,1.27,0.24,32.5,49.3,7.5,60
29400280070,吉野室生寺針線,一般国道１６６号,吉野室生寺針線,29453,0,3.9,吉野郡東吉野村大字平野,180,吉野郡東吉野村大字平野,191,371,1.2,0.52,33.4,34.5,4,60
29400280080,吉野室生寺針線,吉野室生寺針線,吉野室生寺針線,29453,0,0.2,吉野郡東吉野村大字平野,180,吉野郡東吉野村大字平野,191,371,1.2,0.52,43.7,46.1,4,60
29400280090,吉野室生寺針線,吉野室生寺針線,吉野室生寺針線,29453,0,3,吉野郡東吉野村大字平野,180,吉野郡東吉野村大字平野,191,371,1.2,0.52,42.9,18.7,4,60
29400280100,吉野室生寺針線,吉野室生寺針線,吉野室生寺針線,29453,0,0.5,吉野郡東吉野村大字平野,180,吉野郡東吉野村大字平野,191,371,1.2,0.52,39.2,44.5,4,60
29400280110,吉野室生寺針線,吉野室生寺針線,東吉野村・宇陀市境,29453,0,3.2,吉野郡東吉野村大字平野,180,吉野郡東吉野村大字平野,191,371,1.2,0.52,35.5,32.9,4,60
29400280120,吉野室生寺針線,東吉野村・宇陀市境,一般国道３６９号,29212,0,0.6,吉野郡東吉野村大字平野,180,吉野郡東吉野村大字平野,191,371,1.2,0.52,26.8,22.6,4,60
29303690950,吉野室生寺針線,一般国道３６９号,村道,29212,0,0.8,宇陀市室生田口元上田口,114,宇陀市室生田口元上田口,75,189,1.18,0.02,47.7,45.8,9.8,60
29400280134,吉野室生寺針線,村道,市道田口元角川線,29212,0,2.8,宇陀市室生田口元上田口,114,宇陀市室生田口元上田口,75,189,1.18,0.02,36.7,34.5,9.8,60
29400280320,吉野室生寺針線,市道田口元角川線,市道田口元角川線,29212,0,0.5,宇陀市室生田口元上田口,114,宇陀市室生田口元上田口,75,189,1.18,0.02,55,49.9,9.8,60
29400280140,吉野室生寺針線,市道田口元角川線,吉野室生寺針線,29212,0,8.2,宇陀市室生田口元上田口,114,宇陀市室生田口元上田口,75,189,1.18,0.02,41.6,43.9,9.8,60
29400280150,吉野室生寺針線,吉野室生寺針線,吉野室生寺針線,29212,0,0.1,宇陀市室生田口元上田口,114,宇陀市室生田口元上田口,75,189,1.18,0.02,62.8,65,9.8,60
29400280160,吉野室生寺針線,吉野室生寺針線,室生口大野停車場線,29212,0,3.2,宇陀市室生田口元上田口,114,宇陀市室生田口元上田口,75,189,1.18,0.02,39.8,39.8,9.8,60
29400280170,吉野室生寺針線,室生口大野停車場線,一般国道１６５号,29212,0,0.1,宇陀市室生田口元上田口,114,宇陀市室生田口元上田口,75,189,1.18,0.02,29.5,15.6,9.8,60
29400280180,吉野室生寺針線,一般国道１６５号,吉野室生寺針線,29212,0,1.4,,322,,298,620,1.19,1.05,44.4,33.5,5,60
29400280210,吉野室生寺針線,吉野室生寺針線,北野吐山線,29212,0,4.4,,322,,298,620,1.19,0.08,49.7,45.8,9.7,50
29400280220,吉野室生寺針線,北野吐山線,北野吐山線,29212,0,0.2,,322,,298,620,1.19,0.08,31.6,45.7,9.7,50
29400280230,吉野室生寺針線,北野吐山線,宇陀市・奈良市境,29212,0,0.3,,322,,298,620,1.19,0.08,53.2,48.7,9.7,50
29400280240,吉野室生寺針線,宇陀市・奈良市境,一般国道３６９号,29201,0,0.2,,322,,298,620,1.19,0.07,45.6,20.6,7.5,60
29400280200,吉野室生寺針線,一般国道１６５号,吉野室生寺針線,29212,0,0.3,,322,,298,620,1.19,0.08,20.5,45.9,9.7,50
29400280280,吉野室生寺針線,吉野室生寺針線,吉野室生寺針線,29453,0,0.2,,251,,259,510,1.22,0.83,21.8,20.6,4,60
29400280260,吉野室生寺針線,吉野室生寺針線,吉野室生寺針線,29212,0,0.2,,389,,395,784,1.18,0.12,101.7,101.7,6.5,60
29400280300,吉野室生寺針線,吉野室生寺針線,榛原菟田野御杖線,29453,0,0.1,,251,,259,510,1.22,0.83,31.3,30.9,4,60
29400280310,吉野室生寺針線,榛原菟田野御杖線,吉野室生寺針線,29453,0,0.3,,,,,,,,26.6,26.6,4,60
29400300010,御所香芝線,一般国道２４号,市道葛城南５５号線,29208,0,0.8,御所市東佐味,1179,御所市東佐味,1177,2356,1.29,0.15,31.4,45.1,12.3,50
29400300020,御所香芝線,市道葛城南５５号線,西佐味中之線,29208,0,0.7,御所市大字鴨神,857,御所市大字鴨神,963,1820,1.21,0.12,40,26.6,12.3,50
29400300030,御所香芝線,西佐味中之線,市道葛城南５５号線,29208,0,1.8,御所市鴨神,3074,御所市鴨神,3302,6376,1.29,0.38,47.5,51.4,12.3,50
29400300040,御所香芝線,市道葛城南５５号線,御所市道,29208,0,0.6,御所市北窪,3183,御所市北窪,3495,6678,1.22,0.42,51,55.8,12.3,50
29400300050,御所香芝線,御所市道,御所市道,29208,0,1,御所市北窪,3183,御所市北窪,3495,6678,1.22,0.42,49.3,53.9,12.3,50
29400300060,御所香芝線,御所市道,一般国道３０９号,29208,0,1.2,御所市北窪,3183,御所市北窪,3495,6678,1.22,0.42,45.7,43.4,12.3,50
29400300070,御所香芝線,一般国道３０９号,御所香芝線,29208,0,2.3,御所市名柄,3944,御所市名柄,4310,8254,1.29,0.77,40.2,40.9,8,50
29400300075,御所香芝線,御所香芝線,櫛羅御所線,29208,0,0.1,葛城市南藤井,7234,葛城市南藤井,7074,14308,1.23,1.47,17.7,18.7,13.1,50
29400300080,御所香芝線,櫛羅御所線,御所市・葛城市境,29208,0,0.4,葛城市南藤井,7234,葛城市南藤井,7074,14308,1.23,1.47,25.3,37.4,13.1,50
29400300090,御所香芝線,御所市・葛城市境,葛城市・御所市境,29211,0,0.1,葛城市南藤井,7234,葛城市南藤井,7074,14308,1.23,1.18,41.5,36.1,10.5,50
29400300100,御所香芝線,葛城市・御所市境,御所市・葛城市境,29208,0,0.1,葛城市南藤井,7234,葛城市南藤井,7074,14308,1.23,1.18,38,28.8,10.5,50
29400300110,御所香芝線,御所市・葛城市境,寺口北花内線,29211,0,1.4,葛城市南藤井,7234,葛城市南藤井,7074,14308,1.23,1.44,33,34.5,13,50
29400300120,御所香芝線,寺口北花内線,寺口北花内線,29211,0,1.8,葛城市南藤井,7234,葛城市南藤井,7074,14308,1.23,1.44,31.2,24.5,13,50
29400300130,御所香芝線,寺口北花内線,一般国道１６５号（南阪奈道路）,29211,0,0.1,葛城市南藤井,7234,葛城市南藤井,7074,14308,1.23,1.44,25.4,16.1,13,50
29400300140,御所香芝線,一般国道１６５号（南阪奈道路）,一般国道１６６号,29211,0,1.7,葛城市兵家,10168,葛城市兵家,9875,20043,1.32,1.23,16.6,20.6,8,50
29400300150,御所香芝線,一般国道１６６号,一般国道１６５号,29211,0,0.6,葛城市兵家,10168,葛城市兵家,9875,20043,1.32,1.23,11.2,31.6,8,50
29400300210,御所香芝線,御所香芝線,櫛羅御所線,29208,0,0.9,御所市櫛羅,927,御所市櫛羅,919,1846,1.28,1.06,24,18.5,5.5,50
29400300220,御所香芝線,櫛羅御所線,櫛羅御所線,29208,0,0.1,御所市櫛羅,927,御所市櫛羅,919,1846,1.28,1.06,4.7,8.5,5.5,50
29400300230,御所香芝線,櫛羅御所線,御所市・葛城市境,29208,0,0.6,御所市櫛羅,927,御所市櫛羅,919,1846,1.28,1.06,28.9,29.1,5.5,50
29400310010,榛原菟田野御杖線,一般国道３７０号,粟原榛原線,29212,0,0.5,,3385,,3183,6568,1.27,0.83,18.3,15.7,10.4,50
29400310020,榛原菟田野御杖線,粟原榛原線,高塚野依線,29212,0,3.1,,3385,,3183,6568,1.27,0.83,37.5,42.5,10.4,50
29400310030,榛原菟田野御杖線,高塚野依線,榛原菟田野御杖線,29212,0,3.2,,3385,,3183,6568,1.27,0.83,44.5,43.7,10.4,50
29400310060,榛原菟田野御杖線,榛原菟田野御杖線,内牧菟田野線,29212,0,0.5,,306,,290,596,1.19,1.17,13,29.4,4,60
29400310070,榛原菟田野御杖線,内牧菟田野線,一般国道１６６号,29212,0,0.4,,306,,290,596,1.19,1.17,18.3,18.3,4,60
29400310080,榛原菟田野御杖線,一般国道１６６号,一般国道１６６号,29212,0,1,,306,,290,596,1.19,1.17,17.1,27.6,4,60
29400310090,榛原菟田野御杖線,一般国道１６６号,宇陀市・東吉野村境,29212,0,7.4,,306,,290,596,1.19,1.17,45.1,45.1,4,60
29400310100,榛原菟田野御杖線,宇陀市・東吉野村境,谷尻木津線,29453,0,0.3,,306,,290,596,1.19,1.17,35.9,35.9,4,60
29400310110,榛原菟田野御杖線,谷尻木津線,吉野室生寺針線,29453,0,2.8,,306,,290,596,1.19,1.17,26,26,4,60
29400310130,榛原菟田野御杖線,,東吉野村・御杖村境,29453,0,2.3,,,,,,,,,,4,60
29400310140,榛原菟田野御杖線,東吉野村・御杖村境,,29386,0,1.9,,,,,,,,,,3,60
29400310160,榛原菟田野御杖線,,榛原菟田野御杖線,29386,0,1.2,,,,,,,,19,26,3,60
29400310165,榛原菟田野御杖線,榛原菟田野御杖線,（元）榛原菟田野御杖線,29386,0,1.6,,,,,,,,27.4,37.8,3,60
29400310210,榛原菟田野御杖線,（元）榛原菟田野御杖線,一般国道３６９号,29386,0,0.5,,,,,,,,37.1,37.1,7,60
29400310190,榛原菟田野御杖線,,榛原菟田野御杖線,29386,0,1.9,,,,,,,,39.8,40.2,7.75,60
29400310040,榛原菟田野御杖線,榛原菟田野御杖線,一般国道１６６号,29212,0,0.1,,3385,,3183,6568,1.27,0.83,18.8,13.5,10.4,50
29400330010,奈良笠置線,一般国道３６９号,高田東鳴川線,29201,0,2.7,,1590,,1904,3494,1.28,0.39,37.7,40.3,7.5,40
29400330020,奈良笠置線,高田東鳴川線,奈良笠置線,29201,0,0.3,,1590,,1904,3494,1.28,0.39,41.8,40.9,7.5,40
29400330040,奈良笠置線,奈良笠置線,天理加茂木津線,29201,0,1.2,奈良市狭川両町,619,奈良市狭川両町,513,1132,1.24,4.86,45.9,43.6,5.5,60
29400330050,奈良笠置線,天理加茂木津線,天理加茂木津線,29201,0,0.2,奈良市狭川両町,619,奈良市狭川両町,513,1132,1.24,4.86,52.2,55.5,5.5,60
29400330060,奈良笠置線,天理加茂木津線,天理加茂木津線,29201,0,1,奈良市狭川両町,619,奈良市狭川両町,513,1132,1.24,4.86,37.1,32.6,5.5,60
29400330070,奈良笠置線,天理加茂木津線,下狭川阪原線,29201,0,3.3,奈良市狭川両町,619,奈良市狭川両町,513,1132,1.24,4.86,40.6,46.1,5.5,60
29400330080,奈良笠置線,下狭川阪原線,奈良笠置線,29201,0,2.4,奈良市狭川両町,619,奈良市狭川両町,513,1132,1.24,4.86,40.5,41.7,5.5,60
29400350010,橿原高取線,一般国道１６５号,一般国道２４号,29205,0,0.9,橿原市曲川町,4642,橿原市曲川町,5786,10428,1.28,0.83,17.1,15.4,8.6,50
29400350030,橿原高取線,一般国道２４号,橿原市・大和高田市境,29205,0,0.8,,6584,,7656,14240,1.3,1.23,23.6,8.9,11.5,50
29400350040,橿原高取線,橿原市・大和高田市境,大和高田市・橿原市境,29202,0,0.5,,6584,,7656,14240,1.3,1.19,12.3,28.6,11.5,50
29400350045,橿原高取線,大和高田市・橿原市境,一般国道２４号,29205,0,0.6,橿原市川西町,4823,橿原市川西町,4382,9205,1.2,1.14,22.6,24.5,11.5,50
29400350050,橿原高取線,一般国道２４号,橿原高取線,29205,0,0.3,橿原市川西町,4823,橿原市川西町,4382,9205,1.2,1.14,22,15.8,11.5,50
29400350060,橿原高取線,橿原高取線,戸毛久米線,29205,0,0.4,橿原市一町,4041,橿原市一町,3959,8000,1.27,0.68,20.4,19.4,9.5,60
29400350070,橿原高取線,戸毛久米線,橿原高取線,29205,0,0.9,,3928,,3468,7396,1.27,0.67,34.2,42.7,9.5,60
29400350080,橿原高取線,橿原高取線,橿原市・高取町境,29205,0,0.1,,3928,,3468,7396,1.27,0.67,45.4,42.3,9.5,60
29400350090,橿原高取線,橿原市・高取町境,御所高取線,29401,0,1.1,,3928,,3468,7396,1.27,0.6,30.9,23.2,6.5,50
29400350100,橿原高取線,御所高取線,兵庫柏原線,29401,0,0.8,,3928,,3468,7396,1.27,0.6,19.1,38.7,6.5,50
29400350105,橿原高取線,兵庫柏原線,一般国道１６９号,29401,0,0.9,,3928,,3468,7396,1.27,0.94,25.3,23.1,7.4,50
29400350110,橿原高取線,一般国道１６９号,五條高取線,29401,0,0.7,,1451,,1451,2902,1.28,0.38,16.6,30.1,7.4,50
29400350120,橿原高取線,五條高取線,一般国道１６９号,29401,0,1.3,,1451,,1451,2902,1.28,0.38,31.2,20.4,7.4,50
29400350160,橿原高取線,一般国道２４号,橿原高取線,29205,0,0.1,橿原市一町,3289,橿原市一町,1387,4676,1.27,0.58,16.9,24.2,9.5,60
29400350135,橿原高取線,橿原高取線,,29205,0,0.1,橿原市一町,1446,橿原市一町,1369,2815,1.27,0.34,12.5,13.9,6.5,50
29400350140,橿原高取線,,橿原高取線,29205,0,1.1,橿原市一町,1446,橿原市一町,1369,2815,1.27,0.34,34.8,32,6.5,50
29400360010,天理王寺線,一般国道１６９号,天理環状線,29204,0,2,天理市長柄町,1869,天理市長柄町,1260,3129,1.27,0.43,25.4,27.2,9.5,50
29400360020,天理王寺線,天理環状線,天理市・田原本町境,29204,0,1,天理市長柄町,1869,天理市長柄町,1260,3129,1.27,0.43,26.1,36,9.5,50
29400360030,天理王寺線,天理市・田原本町境,田原本町・天理市境,29363,0,0.7,天理市長柄町,1869,天理市長柄町,1260,3129,1.27,0.4,40.9,31.6,9.5,50
29400360040,天理王寺線,田原本町・天理市境,一般国道２４号,29204,0,0.2,天理市長柄町,1869,天理市長柄町,1260,3129,1.27,0.4,23.6,3.4,7,50
29400360060,天理王寺線,一般国道２４号,天理市・川西町境,29204,0,0.8,磯城郡川西町大字結崎,3998,磯城郡川西町大字結崎,4081,8079,1.28,0.68,5.9,26.2,9.5,40
29400360065,天理王寺線,天理市・川西町境,一般国道２４号,29361,0,0.1,磯城郡川西町大字結崎,3998,磯城郡川西町大字結崎,4081,8079,1.28,0.66,27.9,11.7,12,60
29400360070,天理王寺線,一般国道２４号,大和郡山広陵線,29361,0,1.6,磯城郡川西町大字結崎,3998,磯城郡川西町大字結崎,4081,8079,1.28,0.66,21.1,19.8,12,60
29400360080,天理王寺線,大和郡山広陵線,大和郡山広陵線,29361,0,0.3,磯城郡川西町大字結崎,3998,磯城郡川西町大字結崎,4081,8079,1.28,0.66,27.8,9.3,12,60
29400360090,天理王寺線,大和郡山広陵線,天理王寺線,29361,0,0.6,磯城郡川西町大字結崎,3998,磯城郡川西町大字結崎,4081,8079,1.28,0.66,14.9,22.1,12,60
29400360100,天理王寺線,天理王寺線,天理王寺線,29361,0,1.1,北葛城郡王寺町大字川合,1994,北葛城郡王寺町大字川合,2104,4098,1.24,0.64,40.8,45.3,12,60
29400360260,天理王寺線,天理王寺線,天理王寺線,29427,0,0.2,北葛城郡王寺町大字川合,1994,北葛城郡王寺町大字川合,2104,4098,1.24,0.54,46.5,34.8,14.5,60
29400360140,天理王寺線,天理王寺線,大和高田斑鳩線,29427,0,0.6,北葛城郡王寺町大字川合,1994,北葛城郡王寺町大字川合,2104,4098,1.24,0.54,20.4,9.4,14.5,30
29400360160,天理王寺線,,河合大和高田線,29427,0,0.2,北葛城郡河合町池部,4455,北葛城郡河合町池部,3838,8293,1.32,0.34,6.5,20,18,60
29400360170,天理王寺線,河合大和高田線,,29427,0,0.7,北葛城郡河合町池部,4455,北葛城郡河合町池部,3838,8293,1.32,0.34,23.8,27.7,18,60
29400360190,天理王寺線,河合大和高田線,河合町・王寺町境,29427,0,2.4,北葛城郡王寺町大字葛下,9483,北葛城郡王寺町大字葛下,9093,18576,1.32,0.67,24.2,26.4,18,60
29400360200,天理王寺線,河合町・王寺町境,,29425,0,0.1,北葛城郡王寺町大字葛下,9483,北葛城郡王寺町大字葛下,9093,18576,1.32,0.82,32.6,30.2,18,50
29400360210,天理王寺線,,一般国道２５号,29425,0,0.4,北葛城郡王寺町大字葛下,9483,北葛城郡王寺町大字葛下,9093,18576,1.32,0.82,27.7,9.1,18,50
29400360230,天理王寺線,天理王寺線,大和郡山広陵線,29361,0,0.9,磯城郡川西町大路唐院,4695,磯城郡川西町大路唐院,4236,8931,1.29,1.39,24.1,29.8,6,40
29400360240,天理王寺線,大和郡山広陵線,天理王寺線,29361,0,0.8,磯城郡川西町大路唐院,4695,磯城郡川西町大路唐院,4236,8931,1.29,1.39,22.1,29.7,6,40
29400360110,天理王寺線,天理王寺線,河合町・川西町境,29427,0,0.3,北葛城郡河合町川合,731,北葛城郡河合町川合,924,1655,1.28,0.29,36.2,35.4,6,30
29400360120,天理王寺線,河合町・川西町境,天理王寺線,29361,0,0.1,北葛城郡河合町川合,731,北葛城郡河合町川合,924,1655,1.28,0.29,37.7,27.6,6,40
29400360130,天理王寺線,天理王寺線,川西町・河合町境,29361,0,0,北葛城郡河合町川合,731,北葛城郡河合町川合,924,1655,1.28,3.23,23.6,22.3,5,30
29400360135,天理王寺線,川西町・河合町境,天理王寺線,29427,0,0.5,北葛城郡河合町川合,731,北葛城郡河合町川合,924,1655,1.28,0.27,35.5,34.2,11,60
29400370010,桜井吉野線,一般国道１６５号,多武峯見瀬線,29206,0,5.9,桜井市倉橋,2201,桜井市倉橋,2101,4302,1.28,0.56,31.6,34,12,60
29400370020,桜井吉野線,多武峯見瀬線,桜井市・吉野町境,29206,0,4.1,吉野郡吉野町大字三津,1209,吉野郡吉野町大字三津,1085,2294,1.18,0.44,55.5,57.6,7,30
29400370030,桜井吉野線,桜井市・吉野町境,桜井吉野線,29441,0,4.5,吉野郡吉野町大字三津,1209,吉野郡吉野町大字三津,1085,2294,1.18,0.44,49.1,53.7,7,30
29400370040,桜井吉野線,桜井吉野線,桜井明日香吉野線,29441,0,0.9,吉野郡吉野町大字三津,1209,吉野郡吉野町大字三津,1085,2294,1.18,0.44,34.3,37.5,7,30
29400370080,桜井吉野線,一般国道１６９号,五條吉野線,29441,0,0.2,,622,,672,1294,1.19,0.3,10.6,15,7,40
29400370090,桜井吉野線,五條吉野線,桜井吉野線,29441,0,1.1,,622,,672,1294,1.19,0.3,22.3,18.8,7,40
29400370100,桜井吉野線,桜井吉野線,桜井明日香吉野線,29441,0,5.7,,622,,672,1294,1.19,0.3,44.7,41.3,7,40
29400370060,桜井吉野線,桜井吉野線,吉野室生寺針線,29441,0,0.4,吉野郡吉野町大字三津,1209,吉野郡吉野町大字三津,1085,2294,1.18,0.44,35.3,25.8,7,30
29400370120,桜井吉野線,桜井吉野線,五條吉野線,29441,0,0.1,,622,,672,1294,1.19,0.77,15.4,13.2,6.5,40
29400380010,桜井都祁線,一般国道１６５号,桜井都祁線,29206,0,0.6,桜井市初瀬,785,桜井市初瀬,766,1551,1.24,3.21,24,31.9,5,30
29400380020,桜井都祁線,桜井都祁線,桜井都祁線,29206,0,0.2,桜井市初瀬,785,桜井市初瀬,766,1551,1.24,3.21,29.4,29.4,5,30
29400380030,桜井都祁線,桜井都祁線,桜井都祁線,29206,0,6.1,桜井市初瀬,785,桜井市初瀬,766,1551,1.24,3.21,45.6,45.6,5,30
29400380040,桜井都祁線,桜井都祁線,桜井都祁線,29206,0,0.2,桜井市初瀬,785,桜井市初瀬,766,1551,1.24,3.21,52.2,51.8,5,30
29400380050,桜井都祁線,桜井都祁線,大和高田桜井線,29206,0,1.5,桜井市初瀬,785,桜井市初瀬,766,1551,1.24,3.21,51,50.3,5,30
29400380060,桜井都祁線,大和高田桜井線,桜井市・奈良市境,29206,0,3.7,,476,,526,1002,1.17,5.22,52.2,52.8,5,30
29400380070,桜井都祁線,桜井市・奈良市境,奈良市・天理市境,29201,0,1,,476,,526,1002,1.17,5.13,28,36.6,5,30
29400380080,桜井都祁線,奈良市・天理市境,都祁名張線,29204,0,0,,476,,526,1002,1.17,5.13,33,44.9,5,30
29400380090,桜井都祁線,都祁名張線,天理市・奈良市境,29204,0,0.1,,971,,860,1831,1.21,7.07,41.7,48.6,4.5,30
29400380100,桜井都祁線,天理市・奈良市境,一般国道２５号,29201,0,2.7,,971,,860,1831,1.21,7.07,48,45.5,4.5,30
29400380120,桜井都祁線,桜井都祁線,桜井都祁線,29206,0,0.3,,799,,610,1409,1.19,2.34,29.2,17.6,5,60
29400380140,桜井都祁線,桜井都祁線,桜井都祁線,29206,0,0.2,,799,,610,1409,1.19,2.34,50.5,48.3,5,60
29400380160,桜井都祁線,一般国道１６５号,,29206,0,1.1,,,,,,,,32.6,32.6,5,60
29400390010,五條吉野線,一般国道２４号,平原五條線,29207,0,0.7,五條市今井３丁目,2345,五條市今井３丁目,2368,4713,1.2,0.42,12.3,31.1,12,60
29400390015,五條吉野線,平原五條線,吉野川公園線,29207,0,5.1,五條市今井３丁目,2345,五條市今井３丁目,2368,4713,1.2,0.42,46,45.9,12,60
29400390020,五條吉野線,吉野川公園線,,29207,0,0.1,五條市今井３丁目,2345,五條市今井３丁目,2368,4713,1.2,0.42,54,40.2,12,60
29400390030,五條吉野線,,五條吉野線,29207,0,3.1,五條市今井３丁目,2345,五條市今井３丁目,2368,4713,1.2,0.42,46.1,46.8,12,60
29400390040,五條吉野線,五條吉野線,一般国道３０９号,29443,0,1.5,吉野郡下市町下市,1053,吉野郡下市町下市,975,2028,1.2,7.82,29.4,30,4.5,30
29400390050,五條吉野線,一般国道３０９号,下市町・吉野町境,29443,0,3.1,吉野郡下市町下市,1715,吉野郡下市町下市,1607,3322,1.29,6.34,30.7,35.2,4.6,30
29400390060,五條吉野線,下市町・吉野町境,桜井明日香吉野線,29441,0,1.4,吉野郡下市町下市,1715,吉野郡下市町下市,1607,3322,1.29,0.31,39.7,39.1,8.2,30
29400390080,五條吉野線,桜井明日香吉野線,五條吉野線,29441,0,0.5,,434,,491,925,1.17,1.42,35.5,33.7,5.5,30
29400390090,五條吉野線,五條吉野線,桜井吉野線,29441,0,0.8,,434,,491,925,1.17,1.42,38.7,35.6,5.5,30
29400390140,五條吉野線,桜井吉野線,一般国道１６９号,29441,0,4.8,,434,,491,925,1.17,0.12,31.6,31.8,7.5,30
29400390160,五條吉野線,一般国道３７０号,,29443,0,0.2,,,,,,,,14.2,19.6,5.5,30
29400390170,五條吉野線,,五條吉野線,29443,0,0.1,,,,,,,,16.4,19.6,5.5,30
29400390110,五條吉野線,一般国道１６９号,,29441,0,0.1,,434,,491,925,1.17,1.36,8,28,5.5,30
29400390120,五條吉野線,,五條吉野線,29441,0,0.1,,434,,491,925,1.17,1.36,21.7,26,5.5,30
29400400010,大台ケ原公園川上線,一般国道１６９号,川上村・上北山村境,29452,0,3.9,,102,,125,227,1.13,0.1,26.9,29,5.5,30
29400400020,大台ケ原公園川上線,川上村・上北山村境,,29451,0,15.8,,102,,125,227,1.13,0.1,38.4,38.4,5.5,30
29400410010,奈良大和郡山線,一般国道１６９号,奈良大和郡山線,29201,0,0.3,奈良市東九条町,66,奈良市東九条町,1943,2009,1.21,0.48,4.1,22.3,8.8,40
29400410020,奈良大和郡山線,奈良大和郡山線,奈良大和郡山線,29201,0,0.6,奈良市東九条町,66,奈良市東九条町,1943,2009,1.21,0.48,22.7,27,8.8,40
29400410030,奈良大和郡山線,奈良大和郡山線,木津横田線,29201,0,0.4,奈良市東九条町,66,奈良市東九条町,1943,2009,1.21,0.48,22,5.2,8.8,40
29400410040,奈良大和郡山線,木津横田線,一般国道２４号,29201,0,2,奈良市東九条町,66,奈良市東九条町,1943,2009,1.21,0.48,22.2,23.2,8.8,40
29400410050,奈良大和郡山線,一般国道２４号,奈良市・大和郡山市境,29201,0,0.4,大和郡山市九条町,4988,大和郡山市九条町,3208,8196,1.27,0.64,11.6,15.1,7.5,40
29400410060,奈良大和郡山線,奈良市・大和郡山市境,奈良大和郡山斑鳩線,29203,0,0.6,大和郡山市九条町,4988,大和郡山市九条町,3208,8196,1.27,0.61,13.9,6.7,7.5,40
29400410080,奈良大和郡山線,奈良大和郡山線,奈良大和郡山線,29201,0,1,,655,,773,1428,1.19,3.82,12.7,10.4,4,30
29400440010,奈良加茂線,一般国道２４号,谷田奈良線,29201,0,1.3,奈良市法蓮町,6359,奈良市法蓮町,5489,11848,1.29,1.15,12.8,12.4,9.1,40
29400440020,奈良加茂線,谷田奈良線,木津横田線,29201,0,2.2,奈良市法蓮町,8230,奈良市法蓮町,7609,15839,1.32,1.16,12.8,22.4,12.75,50
29400440030,奈良加茂線,木津横田線,奈良加茂線,29201,0,0.5,,5783,,5450,11233,1.28,2.01,17.3,26.6,7.5,50
29400470010,天理加茂木津線,一般国道２５号,一般国道３６９号,29204,0,5,,602,,584,1186,1.19,0.16,50.3,43.5,7,60
29400470020,天理加茂木津線,一般国道３６９号,天理市・奈良市境,29204,0,0.1,,602,,584,1186,1.19,0.16,44.3,37.3,7,60
29400470030,天理加茂木津線,天理市・奈良市境,一般国道３６９号,29201,0,0.2,,602,,584,1186,1.19,5.25,45.9,39.2,5.5,60
29400470040,天理加茂木津線,一般国道３６９号,奈良名張線,29201,0,4.7,,602,,584,1186,1.19,5.25,30.5,26.5,5.5,60
29400470060,天理加茂木津線,奈良名張線,天理加茂木津線,29201,0,6.1,,211,,227,438,1.22,0.65,44.1,44.6,5.5,60
29400470070,天理加茂木津線,天理加茂木津線,一般国道３６９号,29201,0,0.2,,211,,227,438,1.22,0.65,28.4,12,5.5,60
29400470110,天理加茂木津線,一般国道３６９号,須山西狭川線,29201,0,2.8,,435,,440,875,1.16,4.86,35.7,39.1,5.25,60
29400470120,天理加茂木津線,須山西狭川線,奈良笠置線,29201,0,0.1,,435,,440,875,1.16,4.86,24.2,14.4,5.25,60
29400470170,天理加茂木津線,奈良笠置線,天理加茂木津線,29201,0,0.1,奈良市北村町,53,奈良市北村町,45,98,1.22,0.05,25.7,28.2,4.5,60
29400470150,天理加茂木津線,天理加茂木津線,天理加茂木津線,29201,0,1,奈良市北村町,53,奈良市北村町,45,98,1.22,0.15,22.3,19.8,4.75,60
29400470090,天理加茂木津線,天理加茂木津線,一般国道３６９号,29201,0,0.2,,211,,227,438,1.22,0.65,35.2,28.9,5.5,60
29400470140,天理加茂木津線,奈良笠置線,天理加茂木津線,29201,0,0.2,奈良市北村町,53,奈良市北村町,45,98,1.22,0.15,30.3,30.3,4.75,60
29400480010,洞川下市線,大峰山公園線,天川村・黒滝村境,29446,0,3.7,,83,,81,164,1.13,1.03,25.1,22.4,4,60
29400480020,洞川下市線,天川村・黒滝村境,赤滝五條線,29444,0,6.1,,83,,81,164,1.13,1.03,26.1,25.1,4,60
29400480030,洞川下市線,赤滝五條線,赤滝五條線,29444,0,0.5,,83,,81,164,1.13,1.03,28.9,34.1,4,60
29400480040,洞川下市線,赤滝五條線,黒滝村道,29444,0,1.7,吉野郡大淀町大字立石,214,吉野郡大淀町大字立石,154,368,1.19,0.07,38.4,39.7,8.3,40
29400480050,洞川下市線,黒滝村道,黒滝村道,29444,0,1.3,吉野郡大淀町大字立石,214,吉野郡大淀町大字立石,154,368,1.19,0.07,51.9,52.5,8.3,40
29400480060,洞川下市線,黒滝村道,黒滝村・下市町境,29444,0,1,吉野郡大淀町大字立石,214,吉野郡大淀町大字立石,154,368,1.19,0.07,46.9,47.7,8.3,40
29400480070,洞川下市線,黒滝村・下市町境,才谷吉野山線,29443,0,1.8,吉野郡大淀町大字立石,214,吉野郡大淀町大字立石,154,368,1.19,0.07,35.8,32.8,9.1,60
29400480080,洞川下市線,才谷吉野山線,一般国道３０９号,29443,0,7.2,吉野郡大淀町大字立石,214,吉野郡大淀町大字立石,154,368,1.19,0.07,36.7,36.7,9.1,60
29400480100,洞川下市線,一般国道３０９号,一般国道３０９号,29443,0,0.8,吉野郡大淀町大字立石,214,吉野郡大淀町大字立石,154,368,1.19,2.19,27.2,26.8,4.5,30
29400490010,勢井宗川野線,,一般国道１６８号,29207,0,11.2,,120,,116,236,1.13,1.05,26,26,4.2,60
29400500010,大和高田桜井線,一般国道１６５号,大和高田広陵線,29202,0,1.4,橿原市土橋町,10587,橿原市土橋町,10811,21398,1.33,1.16,16.1,20.6,8,30
29400500020,大和高田桜井線,大和高田広陵線,県道中和幹線,29202,0,0.4,橿原市土橋町,10587,橿原市土橋町,10811,21398,1.33,1.16,29.8,17.2,8,30
29400500030,大和高田桜井線,県道中和幹線,大和高田市・橿原市境,29202,0,0.6,橿原市土橋町,10587,橿原市土橋町,10811,21398,1.33,1.16,22.1,31.1,8,30
29400500040,大和高田桜井線,大和高田市・橿原市境,大和高田桜井線,29205,0,0.4,橿原市土橋町,10587,橿原市土橋町,10811,21398,1.33,0.87,27.5,27.6,24,60
29809990060,大和高田桜井線,大和高田桜井線,一般国道２４号,29205,0,0.9,橿原市土橋町,10587,橿原市土橋町,10811,21398,1.33,0.87,23.2,10.9,24,60
29400500070,大和高田桜井線,一般国道２４号,一般国道２４号,29363,0,1.8,,3863,,4481,8344,1.27,0.79,21.9,16.6,11,50
29400500090,大和高田桜井線,一般国道２４号,田原本町・天理市境,29363,0,2.8,,3108,,2792,5900,1.27,0.69,27,31.1,6.5,50
29400500100,大和高田桜井線,田原本町・天理市境,天理市・桜井市境,29204,0,0.6,,3108,,2792,5900,1.27,0.7,47.9,43.6,6.5,40
29400500110,大和高田桜井線,天理市・桜井市境,一般国道１６９号,29206,0,1.7,,3108,,2792,5900,1.27,0.7,32.7,20.6,6.5,40
29400500130,大和高田桜井線,一般国道１６９号,笠天理線,29206,0,7.7,,202,,171,373,1.22,1.27,45.2,34.8,5,60
29400500140,大和高田桜井線,笠天理線,桜井都祁線,29206,0,1.7,,202,,171,373,1.22,1.27,35.6,31.2,5,60
29400510010,天理環状線,天理環状線,奈良市・大和郡山市境,29201,0,0.7,,2680,,4089,6769,1.28,22.7,10.4,22.3,4.5,30
29400510020,天理環状線,奈良市・大和郡山市境,大和郡山市・天理市境,29203,0,1.7,,2680,,4089,6769,1.28,23.19,23.8,22.3,4.5,30
29400510030,天理環状線,大和郡山市・天理市境,天理環状線,29204,0,0.2,,2680,,4089,6769,1.28,22.7,47.3,43.1,4.5,30
29400510040,天理環状線,天理環状線,天理環状線,29204,0,0.4,,2680,,4089,6769,1.28,22.7,28.4,28.1,4.5,30
29400510050,天理環状線,天理環状線,天理市・大和郡山市境,29204,0,0.3,,2747,,2088,4835,1.27,19.32,21.7,29.5,4.5,30
29400510060,天理環状線,天理市・大和郡山市境,大和郡山市・天理市境,29203,0,0.5,,2747,,2088,4835,1.27,21.39,42.7,39.9,4.5,30
29400510070,天理環状線,大和郡山市・天理市境,一般国道２５号,29204,0,1.8,,2747,,2088,4835,1.27,2.75,19.1,14,5.6,60
29400510080,天理環状線,一般国道２５号,天理王寺線,29204,0,2.1,,2747,,2088,4835,1.27,2.75,20.7,23.9,5.6,60
29400510100,天理環状線,天理王寺線,柳本田原本線,29204,0,1.4,,2747,,2088,4835,1.27,2.75,30.5,36.7,5.6,60
29400510110,天理環状線,柳本田原本線,一般国道１６９号,29204,0,2.7,,1968,,1919,3887,1.28,0.55,25.8,22.8,6.5,40
29400510130,天理環状線,一般国道１６９号,横川三昧田線,29204,0,0.9,,3811,,3383,7194,1.28,1.04,17,34,12,40
29400510140,天理環状線,横川三昧田線,天理環状線,29204,0,0.3,,3811,,3383,7194,1.28,1.04,32,36.9,12,40
29400510150,天理環状線,天理環状線,一般国道２５号,29204,0,0.9,,3811,,3383,7194,1.28,1.04,33.7,33.1,12,40
29400510160,天理環状線,一般国道２５号,一般国道２５号（名阪国道）,29204,0,3,,4542,,4867,9409,1.28,0.92,33.1,30.3,14,40
29400510170,天理環状線,一般国道２５号（名阪国道）,福住横田線,29204,0,0.5,,4542,,4867,9409,1.28,0.92,32.4,30.1,14,40
29400510180,天理環状線,福住横田線,一般国道２５号（名阪国道）,29204,0,1.8,天理市櫟本町,3265,天理市櫟本町,3293,6558,1.28,0.55,43.7,48.5,9,50
29400510190,天理環状線,一般国道２５号（名阪国道）,一般国道１６９号,29204,0,0.4,天理市櫟本町,3265,天理市櫟本町,3293,6558,1.28,0.55,18,15.6,9,50
29400510200,天理環状線,一般国道１６９号,西名阪自動車道,29204,0,0,天理市櫟本町,3265,天理市櫟本町,3293,6558,1.28,0.55,4,27.3,9,50
29400510210,天理環状線,西名阪自動車道,福住横田線,29204,0,1,天理市櫟本町,3265,天理市櫟本町,3293,6558,1.28,0.55,14.1,27.4,9,50
29400510220,天理環状線,福住横田線,,29204,0,1.8,天理市櫟本町,3265,天理市櫟本町,3293,6558,1.28,0.55,38.6,29.8,9,50
29400510230,天理環状線,,天理市・奈良市境,29204,0,0.7,天理市森本町,5449,天理市森本町,4971,10420,1.28,0.82,15.3,14.3,9,50
29400510240,天理環状線,天理市・奈良市境,一般国道１６９号,29201,0,0.1,天理市森本町,5449,天理市森本町,4971,10420,1.28,0.82,18.8,4.8,9,50
29400510260,天理環状線,一般国道１６９号,天理環状線,29201,0,1.8,,1078,,1174,2252,1.24,2.74,22,22.5,5,50
29400510270,天理環状線,天理環状線,大和郡山上三橋線,29201,0,0,,1078,,1174,2252,1.24,2.74,10,6.4,5,50
29400510290,天理環状線,天理環状線,福住横田線,29204,0,0.4,,3532,,3875,7407,1.27,20.75,22.7,29.4,4.5,30
29400510300,天理環状線,福住横田線,天理環状線,29204,0,0.1,,3532,,3875,7407,1.27,20.75,17.8,18.9,4.5,30
29400520010,奈良精華線,一般国道３０８号,奈良生駒線,29201,0,0.3,奈良市二条町二丁目,3309,奈良市二条町二丁目,3154,6463,1.28,0.69,13,10,6,40
29400520020,奈良精華線,奈良生駒線,谷田奈良線,29201,0,1.1,奈良市二条町二丁目,3309,奈良市二条町二丁目,3154,6463,1.28,0.69,16.5,14.3,6,40
29400520030,奈良精華線,谷田奈良線,奈良精華線,29201,0,0.2,奈良市二条町二丁目,3309,奈良市二条町二丁目,3154,6463,1.28,0.69,8.8,8.1,6,40
29400520040,奈良精華線,奈良精華線,山陵佐紀線,29201,0,0.5,奈良市二条町二丁目,3309,奈良市二条町二丁目,3154,6463,1.28,0.69,11.3,17.8,6,40
29400520050,奈良精華線,山陵佐紀線,,29201,0,0.4,奈良市二条町二丁目,3309,奈良市二条町二丁目,3154,6463,1.28,0.69,14.2,11.5,6,40
29400520060,奈良精華線,,,29201,0,2.7,,5492,,5282,10774,1.28,0.76,27.3,23.4,7,50
29400520070,奈良精華線,,奈良精華線,29201,0,0.6,奈良市神功,10574,奈良市神功,10162,20736,1.31,0.64,14.1,20.8,24,60
29400520090,奈良精華線,一般国道３０８号,谷田奈良線,29201,0,1.1,奈良市西大寺栄町,4970,奈良市西大寺栄町,2410,7380,1.27,0.82,18,16.3,9.5,50
29400520100,奈良精華線,谷田奈良線,奈良精華線,29201,0,0,奈良市西大寺栄町,4970,奈良市西大寺栄町,2410,7380,1.27,0.82,8.5,8.3,9.5,50
29400520120,奈良精華線,,,29201,0,1.4,,454,,457,911,1.16,2.66,21.9,19.4,4.5,30
29400530010,高野天川線,高野天川線,,29447,0,3.1,吉野郡野迫川村大字上,141,吉野郡野迫川村大字上,130,271,1.32,0.7,34,37.8,5,60
29400530030,高野天川線,川津高野線,川津高野線,29447,0,7.8,,186,,169,355,1.23,1.14,42.8,42.5,4.5,60
29400530040,高野天川線,川津高野線,野迫川村・五條市境,29447,0,3.8,,186,,169,355,1.23,1.14,35,37.8,4.5,60
29400530050,高野天川線,野迫川村・五條市境,一般国道１６８号,29207,0,3.6,,186,,169,355,1.23,0.1,29,29.9,6.5,60
29400530070,高野天川線,一般国道１６８号,五條市・天川村境,29207,0,1.1,五條市大塔町阪本,112,五條市大塔町阪本,77,189,1.19,0.38,36.7,38.3,4.5,60
29400530080,高野天川線,五條市・天川村境,一般国道３０９号,29446,0,20.4,五條市大塔町阪本,112,五條市大塔町阪本,77,189,1.19,0.95,40.4,37.1,4.2,60
29400540010,香芝インタ－線,西名阪自動車道,一般国道１６８号,29210,0,0.4,,7441,,7955,15396,1.31,1.86,18.4,11.3,8,40
29400550010,橋本五條線,橋本五條線,阪本五條線,29207,0,0.3,,3156,,3704,6860,1.28,0.61,38.1,35.7,7.5,30
29400550020,橋本五條線,阪本五條線,阪本五條線,29207,0,1.4,,3156,,3704,6860,1.28,0.61,33.8,28.2,7.5,30
29400550030,橋本五條線,阪本五條線,一般国道１６８号,29207,0,1.8,,1312,,1257,2569,1.26,0.31,39.5,34.5,10.8,60
29400650010,生駒井手線,枚方大和郡山線,枚方大和郡山線,29209,0,0,,644,,765,1409,1.19,2.14,7,13.7,5,30
29400650020,生駒井手線,枚方大和郡山線,生駒精華線,29209,0,1.8,,813,,698,1511,1.2,2.54,29.4,37.1,5,30
29400650040,生駒井手線,枚方大和郡山線,生駒井手線,29209,0,1.2,,820,,1010,1830,1.21,0.22,41.8,40.1,8.5,60
29400810005,名張曽爾線,名張曽爾線,赤目掛線,29385,0,6.4,,1268,,1355,2623,1.26,0.34,47.4,45.8,12,60
29400810030,名張曽爾線,赤目掛線,一般国道３６９号,29385,0,2.8,,1268,,1355,2623,1.26,0.34,54.6,49.3,12,60
29400820010,上野南山城線,上野南山城線,月瀬今山線,29201,0,2.8,奈良市月ヶ瀬石打,960,奈良市月ヶ瀬石打,1009,1969,1.21,0.3,40.2,34.7,6.5,60
29400820020,上野南山城線,月瀬今山線,月瀬三ケ谷線,29201,0,1.7,,1019,,982,2001,1.21,0.23,36,32.7,9,30
29400820030,上野南山城線,月瀬三ケ谷線,笠置山添線,29201,0,0.2,,1019,,982,2001,1.21,0.23,40.2,34.6,9,30
29400820050,上野南山城線,笠置山添線,上野南山城線,29201,0,1.6,,86,,95,181,1.13,0.02,45.3,35.9,7.5,60
29601040010,谷田奈良線,生駒停車場宛木線,一般国道１６８号,29209,0,0.7,生駒市山崎町,3454,生駒市山崎町,3863,7317,1.28,0.7,20.2,11.9,6.5,40
29601040020,谷田奈良線,一般国道１６８号,一般国道１６８号,29209,0,0.1,生駒市山崎町,3454,生駒市山崎町,3863,7317,1.28,0.7,7,12.5,6.5,40
29601040040,谷田奈良線,,奈良精華線,29201,0,2.4,奈良市西大寺東町,3310,奈良市西大寺東町,3136,6446,1.28,0.65,16.4,12.7,5.25,40
29601040060,谷田奈良線,奈良精華線,木津平城線,29201,0,0.6,奈良市法華寺町,2857,奈良市法華寺町,3496,6353,1.28,0.62,21.2,27.9,7.4,40
29601040070,谷田奈良線,木津平城線,一般国道２４号,29201,0,1.7,奈良市法華寺町,2857,奈良市法華寺町,3496,6353,1.28,0.62,20.2,16.9,7.4,40
29601040090,谷田奈良線,奈良加茂線,一般国道３６９号,29201,0,0.8,,2588,,3351,5939,1.27,9.95,18.3,15.5,5.5,30
29804010010,県道中和幹線,一般国道１６５号,,29206,0,1.2,桜井市粟殿,9018,桜井市粟殿,9929,18947,1.32,0.71,69.5,68.5,16.1,60
29601990030,県道中和幹線,,一般国道１６９号,29206,0,1.5,桜井市粟殿,9018,桜井市粟殿,9929,18947,1.32,0.71,45.7,26.1,16.1,60
29809990010,県道中和幹線,一般国道１６９号,一般国道１６９号,29206,0,0.6,橿原市葛本町,12501,橿原市葛本町,10116,22617,1.33,0.77,20.2,18.6,16.1,60
29809990020,県道中和幹線,一般国道１６９号,桜井田原本王寺線,29206,0,0.4,橿原市葛本町,12501,橿原市葛本町,10116,22617,1.33,0.77,15.3,18.3,16.1,60
29809990030,県道中和幹線,桜井田原本王寺線,桜井市・橿原市境,29206,0,1.3,橿原市葛本町,12501,橿原市葛本町,10116,22617,1.33,0.77,29.8,32.1,16.1,60
29809990040,県道中和幹線,桜井市・橿原市境,一般国道２４号,29205,0,1.9,橿原市葛本町,12501,橿原市葛本町,10116,22617,1.33,0.92,23.7,14.8,20.8,60
29809990050,県道中和幹線,一般国道２４号,一般国道２４号,29205,0,1.9,橿原市葛本町,12120,橿原市葛本町,11523,23643,1.33,0.92,20,13.7,20.8,60
29809990075,県道中和幹線,大和高田桜井線,,29202,0,0.8,北葛城郡広陵町大塚,10529,北葛城郡広陵町大塚,10303,20832,1.33,0.64,27.3,35.1,22,60
29809990080,県道中和幹線,,大和高田市・広陵町境,29202,0,0.2,北葛城郡広陵町大塚,10529,北葛城郡広陵町大塚,10303,20832,1.33,0.64,29,14.6,22,60
29809990090,県道中和幹線,大和高田市・広陵町境,大和高田斑鳩線,29426,0,0.2,北葛城郡広陵町大塚,10529,北葛城郡広陵町大塚,10303,20832,1.33,0.94,14,7.2,21.6,60
29809990100,県道中和幹線,大和高田斑鳩線,河合大和高田線,29426,0,0.7,北葛城郡広陵町大塚,10529,北葛城郡広陵町大塚,10303,20832,1.33,0.94,8.9,24.7,21.6,60
29809990110,県道中和幹線,河合大和高田線,広陵町・香芝市境,29426,0,0.8,北葛城郡広陵町大塚,10529,北葛城郡広陵町大塚,10303,20832,1.33,0.94,23.4,38.5,21.6,60
29809990120,県道中和幹線,広陵町・香芝市境,上中下田線,29210,0,2.3,北葛城郡広陵町大塚,10529,北葛城郡広陵町大塚,10303,20832,1.33,0.76,24.8,25.4,24,60
29601050010,県道中和幹線,上中下田線,一般国道１６８号,29210,0,1,,7609,,7535,15144,1.31,0.57,34.7,50.5,24,60
29601050030,県道中和幹線,一般国道１６８号,,29210,0,0.6,,7609,,7535,15144,1.31,0.57,53.7,41.6,24,60
29601050040,県道中和幹線,,一般国道１６５号,29210,0,2.6,,7609,,7535,15144,1.31,0.57,35.8,29.3,24,60
29601080010,大和郡山広陵線,大和郡山上三橋線,大和郡山環状線,29203,0,1.6,大和郡山市筒井町,9296,大和郡山市筒井町,6717,16013,1.32,0.88,21.6,25.8,18,50
29601080020,大和郡山広陵線,大和郡山環状線,一般国道２５号,29203,0,1.5,大和郡山市筒井町,9296,大和郡山市筒井町,6717,16013,1.32,0.88,30,11.9,18,50
29601080200,大和郡山広陵線,一般国道２５号,西名阪自動車道,29203,0,1.3,大和郡山市今国府町,9175,大和郡山市今国府町,11745,20920,1.31,1.05,9.9,33,34,50
29601080210,大和郡山広陵線,西名阪自動車道,市道,29203,0,0.7,磯城郡川西町結崎,7052,磯城郡川西町結崎,8222,15274,1.29,1.01,13,29,34,50
29601080220,大和郡山広陵線,市道,大和郡山広陵線,29203,0,0.4,磯城郡川西町結崎,7052,磯城郡川西町結崎,8222,15274,1.29,1.01,24.5,19.1,34,50
29601080080,大和郡山広陵線,大和郡山広陵線,大和郡山市・川西町境,29203,0,0.1,磯城郡川西町結崎,7052,磯城郡川西町結崎,8222,15274,1.29,1.01,20.8,24.3,34,50
29601080090,大和郡山広陵線,大和郡山市・川西町境,天理王寺線,29361,0,1,磯城郡川西町結崎,7052,磯城郡川西町結崎,8222,15274,1.29,0.53,44.1,28.6,33,60
29601080110,大和郡山広陵線,天理王寺線,結崎田原本線,29361,0,0.8,磯城郡川西町大字結崎,1946,磯城郡川西町大字結崎,2122,4068,1.24,0.53,21.5,20.1,8,40
29601080120,大和郡山広陵線,結崎田原本線,天理王寺線,29361,0,1.4,磯城郡川西町大字結崎,1946,磯城郡川西町大字結崎,2122,4068,1.24,0.53,20.6,30.9,8,40
29601080130,大和郡山広陵線,天理王寺線,川西町・三宅町境,29361,0,0.1,,5406,,5617,11023,1.28,1.24,10.8,34.7,7,40
29601080140,大和郡山広陵線,川西町・三宅町境,三宅町・広陵町境,29362,0,0.7,,5406,,5617,11023,1.28,1.34,17.9,22.3,7,40
29601080150,大和郡山広陵線,三宅町・広陵町境,桜井田原本王寺線,29426,0,1.6,,5406,,5617,11023,1.28,1.33,23.1,21.5,7,40
29601080160,大和郡山広陵線,桜井田原本王寺線,田原本広陵線,29426,0,2.2,,5406,,5617,11023,1.28,1.33,24,37.3,7,40
29601080040,大和郡山広陵線,一般国道２５号,平端停車場線,29203,0,1.5,大和郡山市筒井町,2182,大和郡山市筒井町,2578,4760,1.28,5.35,15.5,22.7,6,40
29601080050,大和郡山広陵線,平端停車場線,市道,29203,0,0.8,大和郡山市筒井町,2182,大和郡山市筒井町,2578,4760,1.28,5.35,26.3,26.2,6,40
29601080060,大和郡山広陵線,市道,天理斑鳩線,29203,0,0.3,大和郡山市筒井町,2182,大和郡山市筒井町,2578,4760,1.28,5.35,22,30.8,6,40
29601080070,大和郡山広陵線,天理斑鳩線,大和郡山広陵線,29203,0,0.2,大和郡山市筒井町,2182,大和郡山市筒井町,2578,4760,1.28,5.35,27.1,4.4,6,40
29601080180,大和郡山広陵線,天理斑鳩線,,29345,0,1,,714,,215,929,1.17,0.17,25.2,25.6,14,60
29601080240,大和郡山広陵線,大和郡山広陵線,,29345,0,0.9,,714,,215,929,1.17,0,,,14,60
29601090010,天理斑鳩線,一般国道２４号,一般国道２４号,29204,0,0.6,大和郡山市宮堂町,5148,大和郡山市宮堂町,4924,10072,1.27,0.82,9.9,20.5,13,40
29601090020,天理斑鳩線,一般国道２４号,天理市・大和郡山市境,29204,0,0.4,大和郡山市宮堂町,5148,大和郡山市宮堂町,4924,10072,1.27,0.82,17.2,25,13,40
29601090030,天理斑鳩線,天理市・大和郡山市境,市道,29203,0,0.6,大和郡山市宮堂町,5148,大和郡山市宮堂町,4924,10072,1.27,0.81,28,29.3,8,40
29601090040,天理斑鳩線,市道,大和郡山広陵線,29203,0,1.1,大和郡山市宮堂町,5148,大和郡山市宮堂町,4924,10072,1.27,0.81,45.1,43.5,8,40
29601090150,天理斑鳩線,西名阪自動車道,,29345,0,0.1,,2045,,2086,4131,1.27,0.57,5.4,41.6,8.3,50
29601090160,天理斑鳩線,,,29345,0,0.3,,2045,,2086,4131,1.27,0.57,7.2,44.7,8.3,50
29601090170,天理斑鳩線,,,29203,0,0.1,,2045,,2086,4131,1.27,0.53,36,47.3,8.5,50
29601090180,天理斑鳩線,,町道,29345,0,0.3,,2045,,2086,4131,1.27,0.54,35.1,23.9,11.1,50
29601090190,天理斑鳩線,町道,大和郡山広陵線,29345,0,0.2,,2045,,2086,4131,1.27,0.54,14.7,18.7,11.1,50
29601090200,天理斑鳩線,大和郡山広陵線,安堵町・斑鳩町境,29345,0,1.2,,2045,,2086,4131,1.27,0.54,25.3,25.9,11.1,50
29601090210,天理斑鳩線,安堵町・斑鳩町境,一般国道２５号,29344,0,1.1,,2045,,2086,4131,1.27,1.91,20.2,14.4,5.8,30
29601090060,天理斑鳩線,一般国道２４号,筒井二階堂線,29204,0,0.3,天理市二階堂上ノ庄町,1290,天理市二階堂上ノ庄町,1079,2369,1.27,9.19,8.6,25,5,40
29601090070,天理斑鳩線,筒井二階堂線,一般国道２４号,29204,0,0.3,天理市二階堂上ノ庄町,1290,天理市二階堂上ノ庄町,1079,2369,1.27,9.19,28.2,17,5,40
29601090080,天理斑鳩線,一般国道２４号,天理市・大和郡山市境,29204,0,0.1,天理市二階堂上ノ庄町,1290,天理市二階堂上ノ庄町,1079,2369,1.27,9.19,7.5,14.8,5,40
29601120010,田原本広陵線,桜井田原本王寺線,一般国道２４号,29363,0,1.1,,1921,,1894,3815,1.2,0.44,23.9,22.5,7.1,40
29601120020,田原本広陵線,一般国道２４号,田原本町・広陵町境,29363,0,1.4,,1921,,1894,3815,1.2,0.44,18.2,26.1,7.1,40
29601120030,田原本広陵線,田原本町・広陵町境,大和郡山広陵線,29426,0,1.1,,1921,,1894,3815,1.2,0.41,34.8,31.3,6.5,40
29601120040,田原本広陵線,大和郡山広陵線,大和高田広陵線,29426,0,0.2,,1921,,1894,3815,1.2,0.41,26,27.6,6.5,40
29601120050,田原本広陵線,大和高田広陵線,大和高田斑鳩線,29426,0,1,,1921,,1894,3815,1.2,0.41,24.1,18,6.5,40
29601120060,田原本広陵線,大和高田斑鳩線,河合大和高田線,29426,0,0.6,,1921,,1894,3815,1.2,0.41,18,13.5,6.5,40
29601160010,大和高田御所線,一般国道１６５号,一般国道２４号,29202,0,1.8,大和高田市勝目,1247,大和高田市勝目,623,1870,1.17,8.19,17.2,18.6,3.5,30
29601160020,大和高田御所線,一般国道２４号,大和高田市・橿原市境,29202,0,2.2,大和高田市勝目,1247,大和高田市勝目,623,1870,1.17,8.19,24.9,25.1,3.5,30
29601160025,大和高田御所線,大和高田市・橿原市境,一般国道２４号,29205,0,0.9,大和高田市勝目,1247,大和高田市勝目,623,1870,1.17,0.32,30.8,24.4,7.3,30
29601160050,大和高田御所線,一般国道２４号（京奈和自動車道）,大和高田御所線,29208,0,0.5,御所市玉手,4015,御所市玉手,2679,6694,1.17,0.67,15.5,18.6,6.4,60
29601160060,大和高田御所線,大和高田御所線,一般国道２４号,29208,0,0.3,御所市玉手,4015,御所市玉手,2679,6694,1.17,17.5,24.2,19.3,3.5,60
29601160130,大和高田御所線,一般国道２４号,一般国道３０９号,29208,0,1.8,御所市冨田,2447,御所市冨田,2066,4513,1.27,0.49,28.4,27.2,12.5,60
29601160070,大和高田御所線,一般国道２４号,御所高取線,29208,0,0.4,御所市玉手,1666,御所市玉手,1693,3359,1.27,3.51,22.2,29.8,4,60
29601160080,大和高田御所線,御所高取線,一般国道３０９号,29208,0,1.7,御所市玉手,1666,御所市玉手,1693,3359,1.27,3.51,27.4,25.1,4,60
29601160100,大和高田御所線,一般国道２４号（京奈和自動車道）,橿原市・御所市境,29205,0,0.1,,2577,,3337,5914,1.27,24.01,22,35.5,3.5,40
29601160110,大和高田御所線,橿原市・御所市境,大和高田御所線,29208,0,0.4,,2577,,3337,5914,1.27,30.05,71.5,43.6,4.4,60
29601180010,御所高取線,一般国道２４号,御所停車場線,29208,0,0.6,御所市玉手,3380,御所市玉手,3147,6527,1.27,0.52,15.9,22.5,7,40
29601180020,御所高取線,御所停車場線,大和高田御所線,29208,0,0.7,御所市玉手,3380,御所市玉手,3147,6527,1.27,0.52,25.1,34,7,40
29601180040,御所高取線,一般国道２４号,戸毛久米線,29208,0,1.5,御所市玉手,3380,御所市玉手,3147,6527,1.27,0.54,30.9,28,7,40
29601180050,御所高取線,戸毛久米線,,29208,0,0,御所市玉手,3380,御所市玉手,3147,6527,1.27,0.54,28.3,10.8,7,40
29601180060,御所高取線,,橿原高取線,29208,0,0,御所市玉手,3380,御所市玉手,3147,6527,1.27,0.54,11.6,11.7,7,40
29601190010,明日香清水谷線,一般国道１６９号,馬佐清水谷線,29401,0,2.6,,106,,122,228,1.13,0.65,30.1,24.3,5.5,60
29601190020,明日香清水谷線,馬佐清水谷線,,29401,0,2.3,,106,,122,228,1.13,0.65,31.9,31.9,5.5,60
29601200010,五條高取線,一般国道２４号,五條市・御所市境,29207,0,1.2,五條市住川町,1110,五條市住川町,1388,2498,1.22,5.09,22.1,32.5,5.5,60
29601200020,五條高取線,五條市・御所市境,御所市・大淀町境,29208,0,2.2,五條市住川町,1110,五條市住川町,1388,2498,1.22,5.09,44.5,46.1,5.5,60
29601200030,五條高取線,御所市・大淀町境,高取町道,29442,0,0.2,五條市住川町,1110,五條市住川町,1388,2498,1.22,5.09,39.9,40.4,5.5,60
29601200040,五條高取線,高取町道,高取町道,29442,0,0.5,五條市住川町,1110,五條市住川町,1388,2498,1.22,5.09,39.6,41,5.5,60
29601200050,五條高取線,高取町道,大淀町・御所市境,29442,0,0.2,五條市住川町,1110,五條市住川町,1388,2498,1.22,5.09,28,32.1,5.5,60
29601200060,五條高取線,大淀町・御所市境,五條高取線,29208,0,1.2,五條市住川町,1110,五條市住川町,1388,2498,1.22,5.09,28.4,28.5,5.5,60
29601200110,五條高取線,五條高取線,一般国道３０９号,29208,0,0.1,五條市住川町,1110,五條市住川町,1388,2498,1.22,5.09,21.5,4.9,5.5,60
29601200130,五條高取線,一般国道３０９号,御所市・高取町境,29208,0,0.2,,644,,765,1409,1.19,5.22,24.3,29.1,4.5,30
29601200140,五條高取線,御所市・高取町境,高取町・御所市境,29401,0,1.3,,644,,765,1409,1.19,5.43,39.6,39.3,4.5,30
29601200150,五條高取線,高取町・御所市境,御所市・高取町境,29208,0,0.1,,644,,765,1409,1.19,0.16,29.6,42,8,30
29601200160,五條高取線,御所市・高取町境,橿原高取線,29401,0,1.3,,644,,765,1409,1.19,0.16,31.3,29.2,8,30
29601200070,五條高取線,五條高取線,一般国道３０９号,29208,0,0.1,五條市住川町,1110,五條市住川町,1388,2498,1.22,5.09,21.3,21.3,5.5,60
29601220010,京終停車場薬師寺線,,木津横田線,29201,0,1,奈良市南京終町一丁目,1894,奈良市南京終町一丁目,1847,3741,1.22,0.5,17.6,12.1,6.75,30
29601220020,京終停車場薬師寺線,木津横田線,一般国道２４号,29201,0,1.7,奈良市南京終町一丁目,1894,奈良市南京終町一丁目,1847,3741,1.22,0.5,15.3,13.5,6.75,30
29601220030,京終停車場薬師寺線,一般国道２４号,奈良大和郡山斑鳩線,29201,0,1,奈良市柏木町,6421,奈良市柏木町,4053,10474,1.28,0.89,11.7,9.5,6.25,40
29601220040,京終停車場薬師寺線,奈良大和郡山斑鳩線,,29201,0,0.5,奈良市柏木町,6421,奈良市柏木町,4053,10474,1.28,0.89,9,18.4,6.25,40
29601230010,大和小泉停車場松尾寺線,,奈良大和郡山斑鳩線,29203,0,0.3,,169,,166,335,1.2,0.47,13.9,5.6,5,60
29601230020,大和小泉停車場松尾寺線,奈良大和郡山斑鳩線,奈良大和郡山斑鳩線,29203,0,0.9,,169,,166,335,1.2,0.47,20.1,20.3,5,60
29601230030,大和小泉停車場松尾寺線,奈良大和郡山斑鳩線,,29203,0,2.5,,169,,166,335,1.2,0.47,20,25.2,5,60
29601240010,橿原神宮東口停車場飛鳥線,,一般国道１６９号,29205,0,0.1,橿原市久米町,2111,,,2111,1.27,0.45,10.9,,4.5,30
29601240130,橿原神宮東口停車場飛鳥線,一般国道１６９号,豊浦大和八木停車場線,29205,0,1.5,橿原市石川町,3080,橿原市石川町,3437,6517,1.24,0.54,31.6,36.2,17.4,60
29601240090,橿原神宮東口停車場飛鳥線,豊浦大和八木停車場線,橿原市・明日香村境,29205,0,0.1,橿原市石川町,3080,橿原市石川町,3437,6517,1.24,0.54,48,49,17.4,60
29601240100,橿原神宮東口停車場飛鳥線,橿原市・明日香村境,,29402,0,0.3,橿原市石川町,3080,橿原市石川町,3437,6517,1.24,8,39.3,20.3,6,30
29601240110,橿原神宮東口停車場飛鳥線,,橿原神宮東口停車場飛鳥線,29402,0,0.8,高市郡明日香村雷,4652,高市郡明日香村雷,4579,9231,1.27,0.96,23.4,17.7,7,30
29601240060,橿原神宮東口停車場飛鳥線,橿原神宮東口停車場飛鳥線,桜井明日香吉野線,29402,0,0.2,高市郡明日香村雷,4652,高市郡明日香村雷,4579,9231,1.27,31.2,22.4,26.3,4.5,30
29601240020,橿原神宮東口停車場飛鳥線,一般国道１６９号,山陵石川線,29205,0,0.4,橿原市久米町,1791,橿原市久米町,1527,3318,1.27,5.82,10.1,13.4,4.5,30
29601240040,橿原神宮東口停車場飛鳥線,橿原市・明日香村境,豊浦大和八木停車場線,29402,0,0.3,橿原市久米町,1791,橿原市久米町,1527,3318,1.27,10.25,37.2,32.2,4.5,30
29601240050,橿原神宮東口停車場飛鳥線,豊浦大和八木停車場線,橿原神宮東口停車場飛鳥線,29402,0,1.4,橿原市久米町,1791,橿原市久米町,1527,3318,1.27,10.25,14.6,13.6,4.5,30
29601250010,橿原神宮公苑線,畝傍御陵前停車場四条線,戸毛久米線,29205,0,0.9,,3800,,4176,7976,1.28,0.58,32,24.9,13,50
29601250020,橿原神宮公苑線,戸毛久米線,,29205,0,0.3,,3800,,4176,7976,1.28,0.58,17.3,7.5,13,50
29601250030,橿原神宮公苑線,,戸毛久米線,29205,0,0.2,,3800,,4176,7976,1.28,0.58,16.9,9,13,50
29601250040,橿原神宮公苑線,戸毛久米線,,29205,0,0.1,,3800,,4176,7976,1.28,0.58,7.5,28.6,13,50
29601250050,橿原神宮公苑線,,,29205,0,0.1,,3800,,4176,7976,1.28,0.58,21.7,38.3,13,50
29601250060,橿原神宮公苑線,,畝傍御陵前停車場四条線,29205,0,0.7,,3800,,4176,7976,1.28,0.58,43,42,13,50
29601270010,北野吐山線,奈良名張線,山添村・奈良市境,29322,0,1.9,,122,,119,241,1.13,0.44,30.3,30.9,6,60
29601270020,北野吐山線,山添村・奈良市境,,29201,0,0.2,,122,,119,241,1.13,0.44,27.4,31.7,6,60
29601270030,北野吐山線,,,29201,0,0.5,,122,,119,241,1.13,0.44,33.7,29.1,6,60
29601270040,北野吐山線,,助命下荻線,29201,0,0.3,,122,,119,241,1.13,0.44,6.7,27.7,6,60
29601270050,北野吐山線,助命下荻線,助命下荻線,29201,0,0.1,,122,,119,241,1.13,0.44,24.6,31.6,6,60
29601270060,北野吐山線,助命下荻線,一般国道２５号,29201,0,3.6,,122,,119,241,1.13,0.44,35.7,33.6,6,60
29601270080,北野吐山線,一般国道２５号,奈良市・宇陀市境,29201,0,1.4,,122,,119,241,1.13,1.09,32.6,37.6,3.8,60
29601270090,北野吐山線,奈良市・宇陀市境,都祁名張線,29212,0,1.5,,122,,119,241,1.13,0.44,26.9,26.9,6,60
29601270100,北野吐山線,都祁名張線,都祁名張線,29212,0,0.3,,122,,119,241,1.13,0.44,49.6,50.2,6,60
29601270110,北野吐山線,都祁名張線,吉野室生寺針線,29212,0,1.3,,122,,119,241,1.13,0.44,46.7,46.7,6,60
29601270120,北野吐山線,吉野室生寺針線,吉野室生寺針線,29212,0,0.2,,122,,119,241,1.13,0.44,28.3,28.3,6,60
29601320010,河合大和高田線,大和高田斑鳩線,天理王寺線,29427,0,0.9,,1778,,1798,3576,1.28,0.5,17.5,22.3,7.5,30
29601320020,河合大和高田線,天理王寺線,河合大和高田線,29427,0,0.9,,1778,,1798,3576,1.28,0.5,28.8,20.3,7.5,30
29601320030,河合大和高田線,河合大和高田線,桜井田原本王寺線,29427,0,0.5,,1778,,1798,3576,1.28,0.5,29.8,21.5,7.5,30
29601320040,河合大和高田線,桜井田原本王寺線,河合町・広陵町境,29427,0,1.5,北葛城郡河合町大字佐味田,5849,北葛城郡河合町大字佐味田,5697,11546,1.28,0.88,24,31.1,7.5,60
29601320050,河合大和高田線,河合町・広陵町境,町道,29426,0,0,北葛城郡河合町大字佐味田,5849,北葛城郡河合町大字佐味田,5697,11546,1.28,0.86,29.5,11.2,7.5,60
29601320060,河合大和高田線,町道,田原本広陵線,29426,0,1.9,北葛城郡河合町大字佐味田,5849,北葛城郡河合町大字佐味田,5697,11546,1.28,0.86,24.1,22.8,7.5,60
29601320070,河合大和高田線,田原本広陵線,県道中和幹線,29426,0,1.1,大和高田市礒野南町,2287,大和高田市礒野南町,2497,4784,1.27,0.46,23.8,25,9,40
29601320080,河合大和高田線,県道中和幹線,広陵町・大和高田市境,29426,0,0.7,大和高田市礒野南町,2287,大和高田市礒野南町,2497,4784,1.27,0.46,24.4,30.7,9,40
29601320090,河合大和高田線,広陵町・大和高田市境,一般国道１６５号,29202,0,0.3,大和高田市礒野南町,2287,大和高田市礒野南町,2497,4784,1.27,0.6,33.4,19,9,40
29601320100,河合大和高田線,一般国道１６５号,一般国道１６６号,29202,0,1.7,大和高田市礒野南町,2287,大和高田市礒野南町,2497,4784,1.27,0.6,12.9,12.3,9,40
29601320110,河合大和高田線,一般国道１６６号,一般国道１６６号,29202,0,0.8,大和高田市礒野南町,2287,大和高田市礒野南町,2497,4784,1.27,0.6,15.4,9,9,40
29601320130,河合大和高田線,天理王寺線,河合大和高田線,29427,0,0.6,,5155,,5821,10976,1.28,0.88,24.6,33.8,14,40
29601330010,戸毛久米線,一般国道３０９号,戸毛久米線,29208,0,1,御所市柏原,303,御所市柏原,357,660,1.19,2.73,33.8,31.6,4.5,30
29601330130,戸毛久米線,戸毛久米線,兵庫柏原線,29208,0,1.7,御所市柏原,303,御所市柏原,357,660,1.19,0.1,33.8,31.6,9.4,60
29602110020,戸毛久米線,兵庫柏原線,戸毛久米線,29208,0,0.4,御所市柏原,303,御所市柏原,357,660,1.19,2.73,11.7,21.5,4.5,30
29601330040,戸毛久米線,戸毛久米線,御所高取線,29208,0,0.6,御所市柏原,303,御所市柏原,357,660,1.19,2.73,27.3,23.1,4.5,30
29601330060,戸毛久米線,橿原高取線,見瀬五井線,29205,0,2.3,橿原市久米町,3236,橿原市久米町,2879,6115,1.29,0.63,18.3,17,7,50
29601330070,戸毛久米線,見瀬五井線,見瀬五井線,29205,0,0.2,橿原市久米町,3236,橿原市久米町,2879,6115,1.29,0.63,16.9,9.1,7,50
29601330080,戸毛久米線,見瀬五井線,見瀬五井線,29205,0,0,橿原市久米町,3236,橿原市久米町,2879,6115,1.29,0.63,6.5,15.5,7,50
29601330090,戸毛久米線,見瀬五井線,橿原神宮公苑線,29205,0,0.4,橿原市久米町,3236,橿原市久米町,2879,6115,1.29,0.63,8.1,10.8,7,50
29601330100,戸毛久米線,橿原神宮公苑線,橿原神宮公苑線,29205,0,0.2,橿原市久米町,3236,橿原市久米町,2879,6115,1.29,0.63,9.5,14.3,7,50
29601330110,戸毛久米線,橿原神宮公苑線,一般国道１６９号,29205,0,0.2,橿原市久米町,3236,橿原市久米町,2879,6115,1.29,0.63,13.8,7.9,7,50
29601330030,戸毛久米線,戸毛久米線,戸毛久米線,29208,0,1.2,御所市柏原,265,御所市柏原,289,554,1.28,1.69,47.8,42.2,4.5,30
29601350010,宇太三茶屋線,一般国道１６６号,佐倉大宇陀線,29212,0,2.4,,299,,321,620,1.19,3.86,35.9,38.3,3.5,60
29601350020,宇太三茶屋線,佐倉大宇陀線,佐倉大宇陀線,29212,0,1.3,,299,,321,620,1.19,3.86,37.4,40.5,3.5,60
29601350030,宇太三茶屋線,佐倉大宇陀線,一般国道３７０号,29212,0,3.2,,299,,321,620,1.19,3.86,43.5,41.3,3.5,60
29601370010,平原五條線,下市宗桧線,下市町・五條市境,29443,0,0.9,,78,,101,179,1.13,0.3,38.6,37.8,5,60
29601370020,平原五條線,下市町・五條市境,五條吉野線,29207,0,9.8,,78,,101,179,1.13,0.02,41.2,39.7,9.3,40
29601380010,赤滝五條線,,洞川下市線,29444,0,4.3,吉野郡黒滝村大字寺戸,313,吉野郡黒滝村大字寺戸,322,635,1.19,1.45,21.4,23.7,4.5,40
29601380030,赤滝五條線,洞川下市線,一般国道３０９号,29444,0,4,吉野郡黒滝村大字寺戸,313,吉野郡黒滝村大字寺戸,322,635,1.19,0.11,33.2,37.8,8.1,40
29601380050,赤滝五條線,一般国道３０９号,下市町・五條市境,29443,0,5.7,,49,,58,107,1.32,0.29,39.7,41.5,4.5,40
29601380060,赤滝五條線,下市町・五條市境,下市宗桧線,29207,0,2.7,,49,,58,107,1.32,0.29,46,46,4.5,40
29601380080,赤滝五條線,下市宗桧線,市道,29207,0,12.1,,744,,904,1648,1.2,0.25,48.1,38.5,10,60
29601380090,赤滝五條線,市道,一般国道１６８号,29207,0,3,,744,,904,1648,1.2,0.25,25.7,25.1,10,60
29601420010,生駒停車場宛木線,生駒停車場宝山寺線,谷田奈良線,29209,0,0.4,生駒市南田原町,4144,生駒市南田原町,4272,8416,1.29,0.67,14.4,14.9,11.1,40
29601420020,生駒停車場宛木線,谷田奈良線,一般国道１６８号,29209,0,2.8,生駒市南田原町,4144,生駒市南田原町,4272,8416,1.29,0.67,14.6,14.2,11.1,40
29601440010,大和郡山上三橋線,奈良大和郡山斑鳩線,,29203,0,0.3,大和郡山市下三橋町,1671,大和郡山市下三橋町,1657,3328,1.27,3.18,12.1,19.4,5.25,40
29601440020,大和郡山上三橋線,,大和郡山広陵線,29203,0,0.4,大和郡山市下三橋町,1671,大和郡山市下三橋町,1657,3328,1.27,3.18,12.4,12.4,5.25,40
29601440030,大和郡山上三橋線,大和郡山広陵線,一般国道２４号,29203,0,1.9,大和郡山市下三橋町,1671,大和郡山市下三橋町,1657,3328,1.27,3.18,16.5,16.5,5.25,40
29601440040,大和郡山上三橋線,一般国道２４号,,29203,0,1.3,大和郡山市下三橋町,1671,大和郡山市下三橋町,1657,3328,1.27,3.18,13.5,18.1,5.25,40
29601440050,大和郡山上三橋線,,天理環状線,29203,0,0,大和郡山市下三橋町,1671,大和郡山市下三橋町,1657,3328,1.27,3.18,24.3,3.6,5.25,40
29601450010,檪本停車場線,,一般国道１６９号,29204,0,0.5,,2022,,2743,4765,1.27,0.45,21.4,12.9,6,30
29601460010,法隆寺線,一般国道２５号,,29344,0,0.5,,2013,,2728,4741,1.27,0.38,13.8,19.8,26,30
29601480010,平端停車場線,,大和郡山広陵線,29203,0,0.4,,2013,,2728,4741,1.27,10.46,13.7,12.1,3.5,60
29601500010,柳本停車場線,,一般国道１６９号,29204,0,0.7,,2022,,2743,4765,1.27,4.53,12.5,12.5,6.25,30
29601510010,田原本停車場線,,桜井田原本王寺線,29363,0,0.6,,2013,,2728,4741,1.27,4.54,12.3,14.1,5.5,60
29601530010,三輪停車場線,,慈恩寺三輪線,29206,0,0.2,,2013,,2728,4741,1.27,0.49,7.4,7.4,7,30
29601530020,三輪停車場線,慈恩寺三輪線,一般国道１６９号,29206,0,0.3,,2013,,2728,4741,1.27,0.49,22.6,22,7,30
29601540010,桜井停車場線,,一般国道１６５号,29206,0,0.4,,2013,,2728,4741,1.27,0.45,9.4,9.6,7,30
29601550010,多武峯見瀬線,桜井吉野線,桜井市・明日香村境,29206,0,3,,7711,,7319,15030,1.31,1.69,41.3,40.1,7.75,40
29601550020,多武峯見瀬線,桜井市・明日香村境,桜井明日香吉野線,29402,0,4.4,,7711,,7319,15030,1.31,2.06,44.1,46.2,6.5,40
29601550035,多武峯見瀬線,桜井明日香吉野線,野口平田線,29402,0,1.5,橿原市五条野町,3069,橿原市五条野町,3067,6136,1.18,0.75,25.2,23.4,8.3,60
29601550040,多武峯見瀬線,野口平田線,村道野口９号線,29402,0,0.2,橿原市五条野町,3069,橿原市五条野町,3067,6136,1.18,0.75,10.5,20.6,8.3,60
29601550050,多武峯見瀬線,村道野口９号線,明日香村・橿原市境,29402,0,0.1,橿原市五条野町,3069,橿原市五条野町,3067,6136,1.18,0.75,18.2,30.1,8.3,60
29601550060,多武峯見瀬線,明日香村・橿原市境,一般国道１６９号,29205,0,1.1,橿原市五条野町,3069,橿原市五条野町,3067,6136,1.18,0.83,27.9,21,10.5,40
29601560010,王寺停車場線,椿井王寺線,一般国道２５号,29425,0,0.8,北葛城郡王寺町久度,3865,北葛城郡王寺町久度,3992,7857,1.28,0.54,11.2,8.3,16,30
29601580010,大和八木停車場線,一般国道２４号,,29205,0,0.2,,2013,,2728,4741,1.27,0.46,32.2,4.3,7.5,30
29601580020,大和八木停車場線,,一般国道２４号,29205,0,0.3,,2013,,2728,4741,1.27,0.46,7.8,7.8,7.5,30
29601600010,当麻寺線,,一般国道１６５号,29211,0,0.5,葛城市當麻,835,葛城市當麻,798,1633,1.2,1.91,20.6,11.8,5.5,30
29601600020,当麻寺線,一般国道１６５号,一般国道１６８号,29211,0,1.2,葛城市當麻,835,葛城市當麻,798,1633,1.2,1.91,24.9,23.3,5.5,30
29601610010,畝傍御陵前停車場四条線,,橿原神宮公苑線,29205,0,0.3,,6964,,8207,15171,1.31,1.08,14.4,9.4,21,50
29601610020,畝傍御陵前停車場四条線,橿原神宮公苑線,橿原神宮公苑線,29205,0,0.1,,6964,,8207,15171,1.31,1.08,31.8,10.9,21,50
29601610030,畝傍御陵前停車場四条線,橿原神宮公苑線,一般国道２４号,29205,0,1,,6964,,8207,15171,1.31,1.08,28.4,15.8,21,50
29601620010,御所停車場線,,御所高取線,29208,0,1.4,御所市六軒町,2478,御所市六軒町,2674,5152,1.27,0.51,17.9,18.8,6.5,40
29601640010,室生口大野停車場線,,吉野室生寺針線,29212,0,0.8,,401,,317,718,1.19,1.68,17.2,26.8,4.5,60
29601670010,吉野神宮停車場線,桜井吉野線,桜井明日香吉野線,29441,0,0.9,,688,,638,1326,1.19,0.17,28.5,28.8,6,60
29601690010,北宇智停車場線,,一般国道２４号,29207,0,0.3,五條市住川町,394,五條市住川町,476,870,1.27,2.89,4.3,4.3,4.5,60
29601700010,五條停車場線,,一般国道２４号,29207,0,0.3,五條市須恵3丁目,1130,五條市須恵3丁目,1347,2477,1.27,0.31,12.7,8,7.7,60
29601720010,大保邑地線,一般国道３６９号,大保邑地線,29201,0,1.9,,100,,90,190,1.13,0.02,38.2,43,6.5,60
29601720020,大保邑地線,大保邑地線,月瀬針線,29201,0,0.9,,100,,90,190,1.13,0.02,41.7,47.7,6.5,60
29601720040,大保邑地線,大保邑地線,月瀬針線,29201,0,1.9,,100,,90,190,1.13,0.29,23.4,28.4,6,40
29601720050,大保邑地線,月瀬針線,月瀬針線,29201,0,0.5,,100,,90,190,1.13,0.29,8.4,35.8,6,40
29601730010,下狭川阪原線,奈良笠置線,一般国道３６９号,29201,0,3.7,,66,,111,177,1.32,0.68,27.6,35.7,4,60
29601760010,山陵佐紀線,,奈良精華線,29201,0,0.3,,4003,,3687,7690,1.28,7.06,9.1,6.3,5,30
29601810010,遅瀬西波多線,一般国道２５号,月瀬梅林山添線,29322,0,3,,91,,92,183,1.13,0.7,34.9,33.1,4,60
29601810020,遅瀬西波多線,月瀬梅林山添線,奈良名張線,29322,0,1.3,,91,,92,183,1.13,0.7,19.9,29.1,4,60
29601830010,日笠東金坊線,奈良名張線,須山西狭川線,29201,0,2.3,奈良市此瀬町,119,奈良市此瀬町,100,219,1.32,0.81,33.5,33.1,4.5,60
29601830020,日笠東金坊線,須山西狭川線,奈良名張線,29201,0,1.1,奈良市此瀬町,119,奈良市此瀬町,100,219,1.32,0.81,35,40.6,4.5,60
29601840010,須山西狭川線,日笠東金坊線,一般国道３６９号,29201,0,4.9,,97,,91,188,1.13,0.34,38.8,37.2,5,60
29601840030,須山西狭川線,一般国道３６９号,天理加茂木津線,29201,0,3.2,,97,,91,188,1.13,0.34,26.5,26.5,5,60
29601860010,福住矢田原線,一般国道２５号,,29204,0,1.2,,106,,126,232,1.13,0.33,47,45.7,5.5,60
29601860020,福住矢田原線,,天理市・奈良市境,29204,0,1.8,,106,,126,232,1.13,0.33,45.1,42.1,5.5,60
29601860030,福住矢田原線,天理市・奈良市境,,29201,0,0.6,,106,,126,232,1.13,0.33,23.1,21.9,5.5,60
29601860040,福住矢田原線,,福住矢田原線,29201,0,1.1,,106,,126,232,1.13,0.33,34,29.3,5.5,60
29601860050,福住矢田原線,福住矢田原線,奈良名張線,29201,0,1.1,,106,,126,232,1.13,0.33,56.9,53.3,5.5,60
29601860070,福住矢田原線,福住矢田原線,奈良名張線,29201,0,1.5,,354,,411,765,1.18,1.2,24.9,25.2,5.5,60
29601870010,福住上三橋線,,天理市・奈良市境,29204,0,1.3,,2552,,2660,5212,1.27,0,,71.9,2.5,60
29601870020,福住上三橋線,天理市・奈良市境,奈良市・天理市境,29201,0,0.2,,2552,,2660,5212,1.27,0,71.9,71.9,2,60
29601870030,福住上三橋線,奈良市・天理市境,天理市・奈良市境,29204,0,0.1,,2552,,2660,5212,1.27,0,47.9,47.9,2,60
29601870040,福住上三橋線,天理市・奈良市境,福住上三橋線,29201,0,0.7,,2552,,2660,5212,1.27,0,57.6,57.6,2,60
29601870070,福住上三橋線,福住上三橋線,市道,29201,0,1.5,,2552,,2660,5212,1.27,10.23,36,34.2,5.5,30
29601870080,福住上三橋線,市道,奈良市・天理市境,29201,0,4.7,,2552,,2660,5212,1.27,10.23,28.3,25.9,5.5,30
29601870090,福住上三橋線,奈良市・天理市境,福住上三橋線,29204,0,0.4,,2552,,2660,5212,1.27,10.16,25,25.9,5.5,30
29601870130,福住上三橋線,福住上三橋線,天理市・奈良市境,29204,0,0.6,奈良市窪之庄町,2257,奈良市窪之庄町,3056,5313,1.27,0.46,45.9,33.3,8,30
29601870140,福住上三橋線,天理市・奈良市境,一般国道１６９号,29201,0,0.1,奈良市窪之庄町,2257,奈良市窪之庄町,3056,5313,1.27,0.46,15.5,5.2,8,30
29601870100,福住上三橋線,福住上三橋線,天理市・奈良市境,29204,0,0.4,,138,,59,197,1.13,0.39,33.4,34.5,5.5,30
29601870110,福住上三橋線,天理市・奈良市境,一般国道１６９号,29201,0,0.6,,138,,59,197,1.13,0.39,26.4,15.2,5.5,30
29601870050,福住上三橋線,福住上三橋線,,29201,0,1,,2552,,2660,5212,1.27,0,57.7,57.7,2,60
29601880010,高畑山線,奈良名張線,一般国道１６９号,29201,0,3.8,奈良市古市町,4370,奈良市古市町,4091,8461,1.28,0.88,26.5,26.8,9.4,40
29601890010,矢田寺線,,大和郡山環状線,29203,0,2.7,,4620,,5079,9699,1.28,0.84,18.8,19.4,6.5,40
29601890020,矢田寺線,大和郡山環状線,矢田寺線,29203,0,0.2,,4620,,5079,9699,1.28,0.84,7.5,16.7,6.5,40
29601890050,矢田寺線,矢田寺線,奈良大和郡山斑鳩線,29203,0,0.5,,4620,,5079,9699,1.28,0.84,15.6,18.5,6.5,40
29601890030,矢田寺線,矢田寺線,奈良大和郡山斑鳩線,29203,0,0.3,,4620,,5079,9699,1.28,0.98,10.5,13.8,8.2,40
29601920010,福住横田線,一般国道２５号,天理市・奈良市境,29204,0,2,天理市石上町,25,天理市石上町,13,38,1.22,0.05,25.8,32,6.5,60
29601920020,福住横田線,天理市・奈良市境,奈良市・天理市境,29201,0,2.3,天理市石上町,25,天理市石上町,13,38,1.22,0.05,33.1,34.5,6.5,60
29601920030,福住横田線,奈良市・天理市境,天理環状線,29204,0,2.3,天理市石上町,25,天理市石上町,13,38,1.22,0.05,33.8,39.1,6.5,60
29601920050,福住横田線,一般国道１６９号,天理環状線,29204,0,0.8,,2279,,2528,4807,1.27,6.27,18.7,19.2,5,30
29601920060,福住横田線,天理環状線,天理環状線,29204,0,0.4,,2279,,2528,4807,1.27,6.27,17.6,38.2,5,30
29601920080,福住横田線,天理環状線,天理市・大和郡山市境,29204,0,0.3,,2279,,2528,4807,1.27,5.77,19.6,34.1,5,30
29601920090,福住横田線,天理市・大和郡山市境,一般国道２４号,29203,0,1.2,,2279,,2528,4807,1.27,6.01,25.6,17.5,5,30
29601930010,筒井二階堂線,一般国道２５号,筒井二階堂線,29203,0,1,大和郡山市筒井町,8103,大和郡山市筒井町,6464,14567,1.3,1.16,11.2,23.2,12.5,50
29601930020,筒井二階堂線,筒井二階堂線,大和郡山市・天理市境,29203,0,0.8,大和郡山市筒井町,8103,大和郡山市筒井町,6464,14567,1.3,1.16,25.6,25.9,12.5,50
29601930030,筒井二階堂線,大和郡山市・天理市境,一般国道２４号,29204,0,0.3,大和郡山市筒井町,8103,大和郡山市筒井町,6464,14567,1.3,1.09,28.1,4,12.5,50
29601930050,筒井二階堂線,筒井二階堂線,,29203,0,0.2,,725,,218,943,1.17,4.48,13.3,16.7,3,50
29601930060,筒井二階堂線,,一般国道２４号,29203,0,1,,725,,218,943,1.17,4.48,20.1,29.1,3,50
29601930070,筒井二階堂線,一般国道２４号,大和郡山市・天理市境,29203,0,0.4,,725,,218,943,1.17,4.48,20.5,13.8,3,50
29601930080,筒井二階堂線,大和郡山市・天理市境,天理斑鳩線,29204,0,0.2,,725,,218,943,1.17,4.22,24.6,14,3,30
29601940010,椿井王寺線,一般国道１６８号,平群町・三郷町境,29342,0,0.4,,6015,,6114,12129,1.29,0.95,11.4,24.9,10.3,40
29601940020,椿井王寺線,平群町・三郷町境,王寺三郷斑鳩線,29343,0,0.4,,6015,,6114,12129,1.29,0.96,26.7,11.8,7.5,40
29601940030,椿井王寺線,王寺三郷斑鳩線,信貴山線,29343,0,0.1,,6015,,6114,12129,1.29,0.96,10.3,11.3,7.5,40
29601940040,椿井王寺線,信貴山線,王寺三郷斑鳩線,29343,0,0.5,,5434,,5822,11256,1.28,0.83,20.6,29.8,7.5,40
29601940050,椿井王寺線,王寺三郷斑鳩線,三郷町・王寺町境,29343,0,0.3,,5434,,5822,11256,1.28,0.83,19.9,13.9,7.5,40
29601940060,椿井王寺線,三郷町・王寺町境,王寺停車場線,29425,0,0.3,,5434,,5822,11256,1.28,1.11,17.4,16.2,7.5,40
29601940070,椿井王寺線,王寺停車場線,一般国道２５号,29425,0,0.6,,5434,,5822,11256,1.28,1.11,10.3,7.1,7.5,40
29601950010,王寺三郷斑鳩線,一般国道２５号,王寺町・三郷町境,29425,0,0.1,,187,,210,397,1.22,0.05,7.3,31.4,13,40
29601950020,王寺三郷斑鳩線,王寺町・三郷町境,椿井王寺線,29343,0,3.2,,187,,210,397,1.22,0.07,15.8,20.9,10,40
29601950040,王寺三郷斑鳩線,椿井王寺線,三郷町・斑鳩町境,29343,0,0.3,,187,,210,397,1.22,0.05,18.6,26.2,8.6,40
29601950050,王寺三郷斑鳩線,三郷町・斑鳩町境,一般国道２５号,29344,0,0.6,,187,,210,397,1.22,0.05,25.9,18.3,10.5,60
29601960010,柳本田原本線,天理環状線,天理市・田原本町境,29204,0,0.5,,1922,,2120,4042,1.27,0.44,24.3,29.5,5.5,40
29601960020,柳本田原本線,天理市・田原本町境,一般国道２４号,29363,0,1.4,,1922,,2120,4042,1.27,0.47,30.1,24.4,5.5,40
29601970010,結崎田原本線,大和郡山広陵線,川西町・三宅町境,29361,0,0.2,磯城郡三宅町大字屏風,3757,磯城郡三宅町大字屏風,3745,7502,1.28,12.06,9.9,27,4.5,40
29601970020,結崎田原本線,川西町・三宅町境,三宅町・田原本町境,29362,0,1.3,磯城郡三宅町大字屏風,3757,磯城郡三宅町大字屏風,3745,7502,1.28,13.11,25.9,25.7,4.5,40
29601970025,結崎田原本線,三宅町・田原本町境,一般国道２４号,29363,0,0.6,磯城郡三宅町大字屏風,3757,磯城郡三宅町大字屏風,3745,7502,1.28,4.01,42.6,20.3,5.7,30
29601970030,結崎田原本線,一般国道２４号,一般国道２４号,29363,0,1.6,磯城郡三宅町大字屏風,3757,磯城郡三宅町大字屏風,3745,7502,1.28,4.01,24.8,16.6,5.7,30
29601980010,粟原榛原線,一般国道１６６号,桜井市・宇陀市境,29206,0,0.5,,3289,,3519,6808,1.28,0.73,46.7,48.2,8,60
29601980020,粟原榛原線,桜井市・宇陀市境,一般国道３７０号,29212,0,3.3,,2132,,1924,4056,1.27,0.42,51.2,50.8,8,60
29601980040,粟原榛原線,一般国道３７０号,榛原菟田野御杖線,29212,0,0.3,,4021,,3374,7395,1.27,0.94,13.9,14.8,7,50
29601990010,慈恩寺三輪線,一般国道１６５号,三輪停車場線,29206,0,2.5,,669,,741,1410,1.19,2.06,29,31.2,5.5,40
29602000010,慈恩寺桜井線,一般国道１６５号,一般国道１６９号,29206,0,2.1,,3557,,3495,7052,1.27,0.89,23.1,18.2,6.5,40
29602010010,山陵王寺線,,一般国道１６８号,29425,0,0.6,,273,,310,583,1.19,2.14,18.3,12.3,4.5,40
29602020010,畠田藤井線,一般国道１６８号,一般国道２５号,29425,0,1.9,,3091,,1067,4158,1.27,0.48,23.1,25.2,10.5,40
29602030010,上中下田線,一般国道１６８号,香芝市・上牧町境,29210,0,1.3,,699,,562,1261,1.19,4.24,15.5,22.5,4.5,30
29602030020,上中下田線,香芝市・上牧町境,中筋出作川合線,29424,0,0.1,,699,,562,1261,1.19,4.53,20.9,9.7,4.5,30
29602030030,上中下田線,中筋出作川合線,上牧町・香芝市境,29424,0,0.6,,699,,562,1261,1.19,4.53,19.2,28,4.5,30
29602030040,上中下田線,上牧町・香芝市境,県道中和幹線,29210,0,0.2,,699,,562,1261,1.19,4.24,15,12.7,3.9,40
29602030050,上中下田線,県道中和幹線,一般国道１６５号,29210,0,0.5,,699,,562,1261,1.19,4.24,18.8,19.9,3.9,40
29601240075,豊浦大和八木停車場線,橿原神宮東口停車場飛鳥線,明日香村・橿原市境,29402,0,0.3,橿原市小房町,32,橿原市小房町,501,533,1.16,1.65,30.6,32.5,6,30
29601240080,豊浦大和八木停車場線,明日香村・橿原市境,橿原神宮東口停車場飛鳥線,29205,0,0,橿原市小房町,32,橿原市小房町,501,533,1.16,1.37,28.7,22.9,6,30
29602060010,豊浦大和八木停車場線,豊浦大和八木停車場線,一般国道１６５号,29205,0,2.1,橿原市小房町,32,橿原市小房町,501,533,1.16,1.6,24.3,20.2,6,30
29602060030,豊浦大和八木停車場線,一般国道１６５号,一般国道１６５号,29205,0,0.5,橿原市小房町,32,橿原市小房町,501,533,1.16,1.52,19.9,8.9,6,30
29602060050,豊浦大和八木停車場線,一般国道１６５号,一般国道２４号,29205,0,0.1,,,,,,,,12.8,4.1,6,30
29602070010,見瀬五井線,一般国道１６９号,戸毛久米線,29205,0,1.8,,1531,,1495,3026,1.28,0.28,27.8,23.8,16,40
29602070020,見瀬五井線,戸毛久米線,見瀬五井線,29205,0,0.1,,1531,,1495,3026,1.28,0.28,6.8,15.8,16,40
29602070060,見瀬五井線,見瀬五井線,一般国道２４号,29205,0,3.6,,1641,,1988,3629,1.28,5.61,25.2,22.9,5,30
29602070070,見瀬五井線,一般国道２４号,一般国道１６６号,29205,0,0.6,,1915,,2513,4428,1.27,0.5,23.9,12.1,6,30
29602070040,見瀬五井線,一般国道１６９号,戸毛久米線,29205,0,0.5,橿原市見瀬町,1418,橿原市見瀬町,2291,3709,1.28,4.09,13.3,13.6,7,30
29602070050,見瀬五井線,戸毛久米線,見瀬五井線,29205,0,0.2,,1641,,1988,3629,1.28,6.56,15.4,18.3,7,30
29602080010,山陵石川線,,橿原神宮東口停車場飛鳥線,29205,0,0.3,,1491,,1703,3194,1.28,12.66,28.6,12,3.5,30
29602090050,野口平田線,多武峯見瀬線,村道野口９号線,29402,0,0.3,高市郡明日香村大字平田,2870,高市郡明日香村大字平田,2908,5778,1.28,0.46,17.4,27.7,14.7,50
29602090010,野口平田線,村道野口９号線,,29402,0,0.4,高市郡明日香村大字平田,2870,高市郡明日香村大字平田,2908,5778,1.28,0.46,44.3,47.9,14.7,50
29602090020,野口平田線,,御園平田線,29402,0,1,高市郡明日香村大字平田,2870,高市郡明日香村大字平田,2908,5778,1.28,0.46,48.4,46.2,14.7,50
29602090030,野口平田線,御園平田線,一般国道１６９号,29402,0,0.2,高市郡明日香村大字平田,2870,高市郡明日香村大字平田,2908,5778,1.28,0.46,28.6,5.9,14.7,50
29602100010,御園平田線,,野口平田線,29402,0,0.8,,1069,,1138,2207,1.22,8.41,17.7,17.1,4.5,60
29602100020,御園平田線,野口平田線,一般国道１６９号,29402,0,0.2,,1069,,1138,2207,1.22,8.41,25.4,16.4,4.5,60
29602110010,兵庫柏原線,橿原高取線,高取町・御所市境,29401,0,0,,279,,383,662,1.19,1.06,17.4,37.7,5.5,40
29602130010,櫛羅御所線,,御所香芝線,29208,0,1.9,御所市櫛羅,450,御所市櫛羅,432,882,1.16,0.14,24.6,15,6.5,30
29602130080,櫛羅御所線,御所香芝線,御所香芝線,29208,0,0.8,御所市大字櫛羅,1636,御所市大字櫛羅,1787,3423,1.16,0.34,25.4,33.7,14,60
29602130030,櫛羅御所線,御所香芝線,櫛羅御所線,29208,0,0.5,御所市大字櫛羅,1636,御所市大字櫛羅,1787,3423,1.16,0.34,32.9,39.4,14,60
29602130040,櫛羅御所線,櫛羅御所線,一般国道２４号,29208,0,0.3,御所市大字櫛羅,1636,御所市大字櫛羅,1787,3423,1.16,0.34,21,9.3,14,60
29602130060,櫛羅御所線,御所香芝線,櫛羅御所線,29208,0,0.4,御所市櫛羅,483,御所市櫛羅,565,1048,1.16,0.16,13.1,9.7,6.5,30
29602140010,月瀬三ケ谷線,月瀬今山線,月瀬三ケ谷線,29201,0,0.1,,142,,128,270,1.2,0.37,26.4,20.9,5.5,60
29602140020,月瀬三ケ谷線,月瀬三ケ谷線,上野南山城線,29201,0,1,,142,,128,270,1.2,0.37,35.9,35.9,5.5,60
29602140060,月瀬三ケ谷線,笠置山添線,月瀬梅林山添線,29201,0,0.8,,142,,128,270,1.2,0.37,27.9,25.6,5.5,60
29602140070,月瀬三ケ谷線,月瀬梅林山添線,奈良市・山添村境,29201,0,2.8,,142,,128,270,1.2,0.37,35.5,31.2,5.5,60
29602140080,月瀬三ケ谷線,奈良市・山添村境,奈良名張線,29322,0,0.3,,142,,128,270,1.2,0.37,14,22.5,5.5,60
29602140094,月瀬三ケ谷線,奈良名張線,月瀬三ケ谷線,29322,0,0.2,,142,,128,270,1.2,0.02,21.1,21,10,60
29602140130,月ヶ瀬三谷線,月瀬三ケ谷線,月瀬三ケ谷線,29322,0,0.2,,142,,128,270,1.2,0.02,25.1,18,10,60
29602140100,月瀬三ケ谷線,月瀬三ケ谷線,神野山公園線,29322,0,2.9,,142,,128,270,1.2,0.02,35,35,10,60
29602140110,月瀬三ケ谷線,神野山公園線,助命下荻線,29322,0,0,,142,,128,270,1.2,0.02,42.6,19.8,10,60
29602140120,月瀬三ケ谷線,助命下荻線,一般国道２５号,29322,0,1.6,,142,,128,270,1.2,0.02,33.4,35.7,10,60
29602140040,月瀬三ケ谷線,月瀬三ケ谷線,月瀬今山線,29201,0,0.5,,142,,128,270,1.2,0.37,17,17,5.5,60
29602150010,古瀬小殿線,一般国道３０９号,古瀬小殿線,29208,0,1.5,御所市小殿,1195,御所市小殿,1358,2553,1.22,0.33,21.2,22.2,7.5,50
29602150020,古瀬小殿線,古瀬小殿線,古瀬小殿線,29208,0,1.1,御所市小殿,1195,御所市小殿,1358,2553,1.22,0.33,47.3,53.8,7.5,50
29602150040,古瀬小殿線,古瀬小殿線,古瀬小殿線,29208,0,0.6,御所市小殿,1195,御所市小殿,1358,2553,1.22,0.33,45.7,46.8,7.5,50
29602150030,古瀬小殿線,古瀬小殿線,一般国道２４号,29208,0,1.3,御所市小殿,1195,御所市小殿,1358,2553,1.22,0.33,34.8,22.2,7.5,50
29602150050,古瀬小殿線,古瀬小殿線,古瀬小殿線,29208,0,1,御所市朝町,67,御所市朝町,54,121,1.22,0.49,20.1,20.1,3.5,40
29602150025,古瀬小殿線,古瀬小殿線,古瀬小殿線,29208,0,0.7,御所市朝町,67,御所市朝町,54,121,1.22,0.49,43.8,27.6,3.5,40
29602170010,高塚野依線,榛原菟田野御杖線,,29212,0,1.6,,1284,,1362,2646,1.26,0.32,37.8,37.8,8.2,60
29602170020,高塚野依線,,一般国道３７０号,29212,0,0.2,,1284,,1362,2646,1.26,0.32,26.3,8.1,8.2,60
29602180010,内牧菟田野線,一般国道３６９号,榛原菟田野御杖線,29212,0,4.3,,404,,389,793,1.17,0.1,45.8,50.1,6.5,60
29602190010,佐倉大宇陀線,一般国道１６６号,宇太三茶屋線,29212,0,2.1,,740,,800,1540,1.2,2.55,47.5,53.1,4.5,60
29602190030,佐倉大宇陀線,宇太三茶屋線,一般国道３７０号,29212,0,3.1,,740,,800,1540,1.2,2.63,50.9,50,4.5,60
29602200010,大又小川線,,小村木津線,29453,0,11.6,吉野郡東吉野村大字三尾,223,吉野郡東吉野村大字三尾,199,422,1.2,2.12,39,39,4,40
29602200020,大又小川線,小村木津線,吉野東吉野線,29453,0,3.7,吉野郡東吉野村大字三尾,223,吉野郡東吉野村大字三尾,199,422,1.2,2.12,37.6,34.6,4,40
29602210010,小村木津線,大又小川線,小村木津線,29453,0,6.2,,81,,84,165,1.13,0.99,30.4,33.4,4,60
29602210040,小村木津線,小村木津線,一般国道１６６号,29453,0,0.7,,81,,84,165,1.13,0.99,57,27.6,3.5,60
29602210020,小村木津線,小村木津線,一般国道１６６号,29453,0,0.6,,81,,84,165,1.13,0.99,22.7,22.7,4,60
29602220005,今木出口線,一般国道３０９号,平畑運動公園北線,29442,0,2.3,,248,,246,494,1.24,2.29,37.6,42.4,3.5,60
29602220010,今木出口線,平畑運動公園北線,町道,29442,0,0.4,,248,,246,494,1.24,2.29,44,37,3.5,60
29602220020,今木出口線,町道,町道,29442,0,0.8,,248,,246,494,1.24,2.29,50.3,51,3.5,60
29602220030,今木出口線,町道,一般国道１６９号,29442,0,0.4,,248,,246,494,1.24,2.29,32.8,19.4,3.5,60
29602220070,今木出口線,一般国道１６９号,今木出口線,29442,0,0.4,吉野郡大淀町芦原,3689,吉野郡大淀町芦原,3252,6941,1.28,0.44,17.6,52.3,20,50
29602220080,今木出口線,今木出口線,今木出口線,29442,0,1,吉野郡大淀町芦原,3689,吉野郡大淀町芦原,3252,6941,1.28,0.44,44.7,44.3,20,50
29602220090,今木出口線,今木出口線,今木出口線,29442,0,0.8,吉野郡大淀町芦原,3689,吉野郡大淀町芦原,3252,6941,1.28,0.44,50.2,47.3,20,50
29602220100,今木出口線,今木出口線,今木出口線,29442,0,0,吉野郡大淀町芦原,3689,吉野郡大淀町芦原,3252,6941,1.28,0.44,44.7,40.2,20,50
29602220110,今木出口線,今木出口線,今木出口線,29442,0,0.4,吉野郡大淀町芦原,3689,吉野郡大淀町芦原,3252,6941,1.28,0.44,34.6,37,20,50
29602220120,今木出口線,今木出口線,寺前千股線,29442,0,1.2,吉野郡大淀町芦原,3689,吉野郡大淀町芦原,3252,6941,1.28,0.44,42.2,38.9,20,50
29602220130,今木出口線,寺前千股線,一般国道１６９号,29442,0,1.4,吉野郡大淀町芦原,3689,吉野郡大淀町芦原,3252,6941,1.28,0.44,33.5,37.3,20,50
29602220180,今木出口線,一般国道１６９号,今木出口線,29442,0,0.4,,380,,386,766,1.18,3.63,20,22.8,3.5,60
29602220200,今木出口線,今木出口線,馬佐清水谷線,29442,0,1.3,,380,,386,766,1.18,3.63,18.2,18.2,3,40
29602220210,今木出口線,馬佐清水谷線,今木出口線,29442,0,0.9,,380,,386,766,1.18,3.63,10.2,10.2,3,40
29602220150,今木出口線,今木出口線,今木出口線,29442,0,0.4,,380,,386,766,1.18,3.63,28.3,28.3,3.5,60
29602220160,今木出口線,今木出口線,今木出口線,29442,0,0.1,,380,,386,766,1.18,3.63,16.7,16.7,3.5,60
29602220230,今木出口線,今木出口線,一般国道１６９号,29442,0,1.9,,380,,386,766,1.18,0.11,28.7,27.2,9.75,60
29602240010,大台大迫線,,一般国道１６９号,29452,0,11.5,,174,,205,379,1.22,2.27,37.2,37.2,4,30
29602260010,大台河合線,,,29451,0,7.1,,3,,2,5,1.32,0,,,4.2,60
29602260030,大台河合線,,村道,29451,0,9.6,,3,,2,5,1.32,0.02,31.3,34.1,4.2,60
29602260060,大台河合線,村道,一般国道１６９号,29451,0,0.1,,3,,2,5,1.32,0.01,43.8,14.3,4.5,30
29602280010,東川河合線,一般国道４２５号,,29451,0,18.6,,6,,5,11,1.32,0.11,26.1,26.1,4.5,60
29602280030,東川河合線,,,29451,0,0.1,,6,,5,11,1.32,0,,,4.5,60
29602290004,上池原下桑原線,一般国道４２５号,村道小佐田ヌタ谷線,29450,0,1.7,,269,,339,608,1.19,0.11,49.5,44.7,8.4,60
29602290020,上池原下桑原線,村道小佐田ヌタ谷線,村道小佐田ヌタ谷線,29450,0,0.6,,269,,339,608,1.19,0.11,57.5,53.2,8.4,60
29602290010,上池原下桑原線,村道小佐田ヌタ谷線,一般国道１６９号,29450,0,4.1,,269,,339,608,1.19,0.11,43.1,45.1,8.4,60
29602350010,篠原宇井線,,五條市・十津川村境,29207,0,9.6,,95,,93,188,1.13,2.18,17.8,17.8,3.75,60
29602350020,篠原宇井線,五條市・十津川村境,十津川村・五條市境,29449,0,2.2,,95,,93,188,1.13,2.18,24.9,29.6,3.75,60
29602350030,篠原宇井線,十津川村・五條市境,一般国道１６８号,29207,0,1,,95,,93,188,1.13,2.18,21.4,19,3.75,60
29602350040,篠原宇井線,一般国道１６８号,,29207,0,0.3,,95,,93,188,1.13,2.18,25.6,25.5,3.75,60
29602360030,信貴山線,本堂高井田線,椿井王寺線,29343,0,4.1,,453,,448,901,1.16,0.15,30.5,27.4,6.75,40
29602360040,信貴山線,椿井王寺線,三郷町・斑鳩町境,29343,0,0.5,,453,,448,901,1.16,0.15,12.1,14.3,6.75,40
29602360050,信貴山線,三郷町・斑鳩町境,一般国道２５号,29344,0,0.2,,453,,448,901,1.16,0.19,25.3,4.2,7.3,40
29602370010,生駒停車場宝山寺線,生駒停車場宛木線,,29209,0,1.9,,1826,,1718,3544,1.28,0.47,23.2,24.2,7.8,40
29602380010,三輪山線,,一般国道１６９号,29206,0,0.7,,2013,,2728,4741,1.27,0.48,23.4,12.6,11,60
29602400010,橿原神宮西口停車場線,,戸毛久米線,29205,0,0.1,,2013,,2728,4741,1.27,0.44,7.6,4.4,18,60
29602420010,上笠間三本松停車場線,都祁名張線,一般国道１６５号,29212,0,7,,52,,69,121,1.32,0.49,38.5,38.5,4.5,60
29602440010,毛原切幡線,上笠間八幡名張線,一般国道２５号,29322,0,4.3,,240,,283,523,1.22,0.1,27.2,28.7,6.5,60
29602450010,助命下荻線,月瀬三ケ谷線,山添村・奈良市境,29322,0,2.4,,76,,101,177,1.32,0.29,42,43.1,6,60
29602450020,助命下荻線,山添村・奈良市境,北野吐山線,29201,0,0.4,,76,,101,177,1.32,0.02,37.2,37.2,7,60
29602450040,助命下荻線,北野吐山線,奈良市・山添村境,29201,0,0.9,,76,,101,177,1.32,0.29,50,52.8,6,60
29602450050,助命下荻線,奈良市・山添村境,山添村・奈良市境,29322,0,0.4,,76,,101,177,1.32,0.29,41.9,47.1,6,60
29602450060,助命下荻線,山添村・奈良市境,月瀬針線,29201,0,0.3,,76,,101,177,1.32,0.29,20.9,38.2,6,60
29602460010,馬場針ケ別所小倉線,一般国道３６９号,月瀬針線,29201,0,1.4,,261,,239,500,1.24,1.25,45.8,49.1,4.75,60
29602460030,馬場針ケ別所小倉線,月瀬針線,一般国道２５号,29201,0,1.6,,261,,239,500,1.24,1.25,50.1,48.8,4.75,60
29602470010,笠天理線,大和高田桜井線,桜井市・天理市境,29206,0,1,,187,,192,379,1.22,1.71,43.4,43.4,4.5,60
29602470020,笠天理線,桜井市・天理市境,一般国道２５号,29204,0,3.7,,187,,192,379,1.22,1.71,19.4,28,4.5,60
29602490010,大和郡山環状線,奈良大和郡山斑鳩線,大和郡山広陵線,29203,0,1.6,,5195,,4962,10157,1.28,0.93,10.2,11.3,8,40
29602490020,大和郡山環状線,大和郡山広陵線,一般国道２４号,29203,0,1.6,,5195,,4962,10157,1.28,0.93,28,22.4,8,40
29602490030,大和郡山環状線,一般国道２４号,木津横田線,29203,0,0.5,,5195,,4962,10157,1.28,0.93,7.8,10.3,8,40
29602490050,大和郡山環状線,枚方大和郡山線,奈良市・大和郡山市境,29201,0,0.3,大和郡山市城町,12765,大和郡山市城町,11942,24707,1.28,0.85,39.4,46.2,22,50
29602490060,大和郡山環状線,奈良市・大和郡山市境,大和郡山環状線,29203,0,0.5,大和郡山市城町,12765,大和郡山市城町,11942,24707,1.28,0.85,53.3,50.3,22,50
29602490130,大和郡山環状線,大和郡山環状線,大和郡山環状線,29203,0,0.6,大和郡山市城町,12765,大和郡山市城町,11942,24707,1.28,2.21,37.2,15.9,6.75,50
29602490090,大和郡山環状線,大和郡山環状線,矢田寺線,29203,0,0.4,大和郡山市小林町西,10632,大和郡山市小林町西,9770,20402,1.34,0.61,16.1,23.3,33,60
29602490100,大和郡山環状線,矢田寺線,奈良大和郡山斑鳩線,29203,0,1.6,大和郡山市小林町西,10632,大和郡山市小林町西,9770,20402,1.34,0.61,27,22.3,33,60
29602490110,大和郡山環状線,奈良大和郡山斑鳩線,一般国道２５号,29203,0,1.4,大和郡山市小林町西,10632,大和郡山市小林町西,9770,20402,1.34,0.61,20.9,10.3,33,60
29602490150,大和郡山環状線,枚方大和郡山線,大和郡山環状線,29203,0,0.7,大和郡山市城町,2172,大和郡山市城町,2944,5116,1.34,0.2,33.1,36.3,33,60
29602490080,大和郡山環状線,大和郡山環状線,大和郡山環状線,29203,0,0.2,大和郡山市城町,2172,大和郡山市城町,2944,5116,1.34,0.2,14,18.9,33,60
29602490070,大和郡山環状線,大和郡山環状線,大和郡山環状線,29203,0,0.2,大和郡山市城町,2172,大和郡山市城町,2944,5116,1.34,0.2,22.5,18.5,33,60
29602500010,平群信貴山線,一般国道１６８号,,29342,0,5.1,,1171,,1308,2479,1.25,0.43,15.5,23.9,8,60
29602510010,谷尻木津線,榛原菟田野御杖線,一般国道１６６号,29453,0,5.1,,16,,14,30,1.32,0.17,31.3,31.3,3.5,60
29602520030,長谷寺停車場線,一般国道１６５号,,29206,0,0.2,,2003,,2719,4722,1.27,0.5,26.4,43.6,10.2,60
29602520040,長谷寺停車場線,,,29206,0,0.3,,2003,,2719,4722,1.27,0.5,11.9,5.5,10.2,60
29602520010,長谷寺停車場線,,一般国道１６５号,29206,0,0.7,,2003,,2719,4722,1.27,0.5,12.1,21.6,10.2,60
29602530010,中筋出作川合線,上中下田線,桜井田原本王寺線,29424,0,3.3,北葛城郡上牧町上牧,4837,北葛城郡上牧町上牧,3849,8686,1.29,0.55,22.1,23,11.5,40
29602540010,寺口北花内線,御所香芝線,御所香芝線,29211,0,2.5,葛城市南藤井,2585,葛城市南藤井,2545,5130,1.27,0.53,22.5,25.7,6.5,40
29602540020,寺口北花内線,御所香芝線,市道,29211,0,0.9,葛城市南藤井,2585,葛城市南藤井,2545,5130,1.27,0.53,23.3,28.6,6.5,40
29602540030,寺口北花内線,市道,一般国道２４号,29211,0,0.7,葛城市南藤井,2585,葛城市南藤井,2545,5130,1.27,0.53,21.1,13,6.5,40
29602550010,寺前千股線,今木出口線,大淀町・吉野町境,29442,0,3.1,,157,,175,332,1.2,0.57,42.7,21.5,4.7,60
29602550020,寺前千股線,大淀町・吉野町境,桜井明日香吉野線,29441,0,0.6,,157,,175,332,1.2,1.26,21.5,21.5,4,60
29602560010,入野河原屋線,一般国道３７０号,一般国道１６９号,29441,0,7.9,,288,,295,583,1.19,1.38,44.8,26.1,4,30
29602570010,才谷吉野山線,洞川下市線,下市町・吉野町境,29443,0,1.9,,88,,90,178,1.32,0.77,34.9,31.1,4.5,60
29602570020,才谷吉野山線,下市町・吉野町境,桜井明日香吉野線,29441,0,1.8,,88,,90,178,1.32,0.77,31.6,31.6,4.5,60
29602580010,中奥白川渡線,,一般国道１６９号,29452,0,5.1,,129,,109,238,1.13,0.05,25.6,30,7.6,60
29602590030,吉野川公園線,五條吉野線,,29207,0,0.3,,637,,601,1238,1.19,0.16,31.9,35.2,8.5,60
29602590010,吉野川公園線,,一般国道３７０号,29207,0,1.5,,637,,601,1238,1.19,0.16,35.8,23.4,8.5,60
29602610010,西佐味中之線,御所香芝線,御所市・五條市境,29208,0,0.9,御所市鴨神,2261,御所市鴨神,2104,4365,1.27,0.49,39.3,40.3,16,40
29602610020,西佐味中之線,御所市・五條市境,富田林五條線,29207,0,1.8,御所市鴨神,2261,御所市鴨神,2104,4365,1.27,0.5,53.3,49,16,40
29602610030,西佐味中之線,富田林五條線,一般国道３１０号,29207,0,3.3,御所市鴨神,2261,御所市鴨神,2104,4365,1.27,0.5,37.1,33.9,16,40
29602620010,国栖大滝線,吉野東吉野線,吉野町・川上村境,29441,0,2.2,,149,,149,298,1.2,0.65,37.1,31.3,5.5,40
29602620020,国栖大滝線,吉野町・川上村境,一般国道１６９号,29452,0,3.7,,149,,149,298,1.2,0.65,40.5,45.1,5.5,40
29602630010,岩屋三ケ谷線,上笠間八幡名張線,岩屋三ケ谷線,29322,0,3.1,,83,,85,168,1.32,0.75,30.5,30.3,5.5,60
29602630020,岩屋三ケ谷線,岩屋三ケ谷線,岩屋三ケ谷線,29322,0,0.1,,83,,85,168,1.32,0.75,28.8,35.3,5.5,60
29602630030,岩屋三ケ谷線,岩屋三ケ谷線,一般国道２５号,29322,0,1.2,,83,,85,168,1.32,0.75,41.3,32.1,5.5,60
29602630050,岩屋三ケ谷線,岩屋三ケ谷線,岩屋三ケ谷線,29322,0,0.1,,83,,85,168,1.32,0.75,38.7,38.7,5.5,60
29602670010,横川三昧田線,,,29204,0,1.3,,,,,,,,,,4.5,60
29602670030,横川三昧田線,,天理環状線,29204,0,2.1,,,,,,,,19.4,16.1,4.5,60
29602670040,横川三昧田線,天理環状線,天理環状線,29204,0,0.3,,,,,,,,19,28.4,4.5,60
29602690010,馬佐清水谷線,今木出口線,大淀町・高取町境,29442,0,0.2,,380,,386,766,1.18,3.63,13.7,4.2,4,60
29602690020,馬佐清水谷線,大淀町・高取町境,明日香清水谷線,29401,0,1.8,,380,,386,766,1.18,3.63,19.7,26.2,4,60
29602710010,平畑運動公園線,平畑運動公園北線,一般国道３０９号,29442,0,2.6,吉野郡大淀町大字下渕,1748,吉野郡大淀町大字下渕,1474,3222,1.16,0.46,22.1,22.1,9,30
29602720010,神野山公園線,,月瀬三ケ谷線,29322,0,2.8,,380,,386,766,1.18,3.63,28,15.5,4.5,60
29602760010,月瀬梅林山添線,月瀬三ケ谷線,,29201,0,0.7,山辺郡山添村大字西波多,59,山辺郡山添村大字西波多,51,110,1.22,0.36,31.3,28.9,4.5,40
29602760020,月瀬梅林山添線,,遅瀬西波多線,29322,0,1.6,山辺郡山添村大字西波多,59,山辺郡山添村大字西波多,51,110,1.22,0.36,25.8,23.6,4.5,40
29602760030,月瀬梅林山添線,遅瀬西波多線,一般国道２５号（名阪国道）,29322,0,1.1,山辺郡山添村大字西波多,59,山辺郡山添村大字西波多,51,110,1.22,0.36,46.4,38.7,4.5,40
29602770010,大和高田広陵線,一般国道１６５号,,29202,0,0.3,,1694,,1374,3068,1.28,0.36,8.2,17,16.3,60
29602770030,大和高田広陵線,大和高田桜井線,大和高田市・広陵町境,29202,0,0.9,,4505,,3874,8379,1.27,0.75,18.5,41.9,12,40
29602770040,大和高田広陵線,大和高田市・広陵町境,田原本広陵線,29426,0,1.1,,4505,,3874,8379,1.27,0.75,50.5,35,12,40
29602790010,平畑運動公園北線,平畑運動公園線,今木出口線,29442,0,1.2,,,,,,,,,,5,60
29607010010,中垣内南田原線,中垣内南田原線,中垣内南田原線,29209,0,0,生駒市南田原町,3939,生駒市南田原町,3034,6973,1.27,0.67,26,27.6,10.5,60
29607010020,中垣内南田原線,中垣内南田原線,一般国道１６８号,29209,0,0.1,生駒市南田原町,3939,生駒市南田原町,3034,6973,1.27,0.67,23.3,12.7,10.5,60
29607010030,中垣内南田原線,一般国道１６８号,一般国道１６８号,29209,0,0.1,生駒市南田原町,3939,生駒市南田原町,3034,6973,1.27,0.67,15.1,9.1,10.5,60
29607010050,中垣内南田原線,中垣内南田原線,一般国道１６８号,29209,0,0.1,生駒市南田原町,3939,生駒市南田原町,3034,6973,1.27,0.67,14.1,14.1,10.5,60
29607020010,大阪枚岡奈良線,一般国道１６８号,生駒市・奈良市境,29209,0,1.1,生駒市東生駒2丁目,5076,生駒市東生駒2丁目,6112,11188,1.29,0.8,16.7,16.2,16,40
29607020020,大阪枚岡奈良線,生駒市・奈良市境,大阪枚岡奈良線,29201,0,1.5,生駒市東生駒2丁目,5076,生駒市東生駒2丁目,6112,11188,1.29,0.82,19.9,25.6,9.5,50
29607020030,大阪枚岡奈良線,大阪枚岡奈良線,枚方大和郡山線,29201,0,0.3,生駒市東生駒2丁目,5076,生駒市東生駒2丁目,6112,11188,1.29,0.82,24.2,14.4,9.5,50
29607020050,大阪枚岡奈良線,大阪枚岡奈良線,枚方大和郡山線,29201,0,0.1,生駒市東生駒2丁目,5076,生駒市東生駒2丁目,6112,11188,1.29,0.73,12.9,7.6,7.5,40
29607030010,香芝太子線,一般国道１６５号,香芝太子線,29210,0,1.1,,3377,,3753,7130,1.33,0.95,7.7,39.8,6.5,60
29607040010,竹内河南線,一般国道１６６号,,29211,0,1.9,,9,,9,18,1.32,0.09,23.7,23.7,2,40
29607040030,竹内河南線,,,29211,0,0.2,,9,,9,18,1.32,0,,,2,40
29607050010,富田林五條線,西佐味中之線,一般国道２４号,29207,0,2.8,,684,,776,1460,1.19,0.15,39.2,38.5,21,40
29607310010,二見御幸辻停車場線,一般国道２４号,二見御幸辻停車場線,29207,0,2.4,五條市なつみ台1丁目,228,五條市なつみ台1丁目,200,428,1.16,0.77,27.9,25.7,5,60
29607320010,阪本五條線,一般国道１６８号,阪本五條線,29207,0,1.9,,183,,210,393,1.22,0.73,43.4,31,4.75,60
29607320030,阪本五條線,阪本五條線,橋本五條線,29207,0,9.3,,961,,1048,2009,1.21,0.49,29.8,29.3,7.2,60
29607320050,阪本五條線,橋本五條線,一般国道２４号,29207,0,1,,961,,1048,2009,1.21,6.22,27.8,24.2,5,60
29607330010,川津高野線,一般国道１６８号,,29449,0,16.1,,139,,137,276,1.2,0.36,55.4,66.9,4.8,60
29607330030,川津高野線,,川津高野線,29447,0,11.2,,293,,281,574,1.19,2.52,51.6,46.8,4,60
29607330040,川津高野線,川津高野線,川津高野線,29447,0,0.1,,293,,281,574,1.19,2.52,49.5,48.8,4,60
29607330050,川津高野線,川津高野線,高野辻堂線,29447,0,2.3,,293,,281,574,1.19,2.52,40.8,44.7,4,60
29607330060,川津高野線,高野辻堂線,高野天川線,29447,0,2.6,,293,,281,574,1.19,2.52,43.7,35.1,4,60
29607330100,川津高野線,高野天川線,川津高野線,29447,0,2.1,,80,,75,155,1.13,0.78,33.3,36,4,40
29607330080,川津高野線,川津高野線,川津高野線,29447,0,0.2,,293,,281,574,1.19,2.52,52.9,48.4,4,60
29607340010,高野辻堂線,川津高野線,野迫川村・五條市境,29447,0,16.2,,113,,113,226,1.13,2.04,23.7,23.7,5,60
29607340020,高野辻堂線,野迫川村・五條市境,一般国道１６８号,29207,0,7.4,,113,,113,226,1.13,0.07,24.2,24.2,6.1,60
29607350010,竜神十津川線,龍神十津川線,一般国道４２５号,29449,0,26.7,吉野郡十津川村大字出谷,36,吉野郡十津川村大字出谷,42,78,1.2,0.27,30.1,30.1,4.75,60
29607510010,木津平城線,木津平城線,谷田奈良線,29201,0,3.3,,3301,,4542,7843,1.28,0.99,27,22.6,7,50
29607520010,高田東鳴川線,高田東鳴川線,奈良笠置線,29201,0,0.1,,234,,266,500,1.24,1.84,29,23.5,3.5,60
29607530010,月瀬今山線,上野南山城線,月瀬今山線,29201,0,1.3,,381,,347,728,1.19,0.09,42,43.4,8,40
29607530020,月瀬今山線,月瀬今山線,月瀬三ケ谷線,29201,0,0.1,,381,,347,728,1.19,0.09,46.9,44.4,8,40
29607530030,月瀬今山線,月瀬三ケ谷線,月瀬三ケ谷線,29201,0,0.1,,483,,510,993,1.17,0.11,42.6,38.6,8,40
29607530040,月瀬今山線,月瀬三ケ谷線,月ケ瀬今山線,29201,0,0.1,,483,,510,993,1.17,0.11,41.1,40.6,8,40
29607530060,月瀬今山線,月瀬今山線,月瀬三ケ谷線,29201,0,0.1,,381,,347,728,1.19,0.09,28.8,28.8,8,40
29607540010,木津横田線,木津横田線,奈良加茂線,29201,0,0.3,,3578,,4274,7852,1.27,1,38.7,22,9.5,40
29607540020,木津横田線,奈良加茂線,一般国道３６９号,29201,0,1.6,奈良市奈良阪町,5489,奈良市奈良阪町,4707,10196,1.28,0.98,28.8,17.5,9.5,40
29607540040,木津横田線,一般国道３６９号,奈良生駒線,29201,0,0.9,奈良市大安寺町,10539,奈良市大安寺町,9766,20305,1.32,0.59,16.7,13.8,23,40
29607540050,木津横田線,奈良生駒線,京終停車場薬師寺線,29201,0,0.8,奈良市大安寺町,10539,奈良市大安寺町,9766,20305,1.32,0.59,19,12.6,23,40
29607540060,木津横田線,京終停車場薬師寺線,奈良大和郡山線,29201,0,1.3,奈良市大安寺町,10539,奈良市大安寺町,9766,20305,1.32,0.59,14.5,13.8,23,40
29607540070,木津横田線,奈良大和郡山線,天理環状線,29201,0,1.4,奈良市大安寺町,10539,奈良市大安寺町,9766,20305,1.32,0.59,12,14.5,23,40
29607540080,木津横田線,天理環状線,奈良市・大和郡山市境,29201,0,0,,8152,,8101,16253,1.31,0.98,12.5,22.4,8.5,50
29607540090,木津横田線,奈良市・大和郡山市境,大和郡山環状線,29203,0,1.5,,8152,,8101,16253,1.31,1.17,18.4,19.3,12.5,50
29607540100,木津横田線,大和郡山環状線,一般国道２４号,29203,0,1,,8152,,8101,16253,1.31,1.17,19.5,13.1,12.5,50
29607810010,都祁名張線,桜井都祁線,,29201,0,0.1,奈良市来迎寺町,166,奈良市来迎寺町,145,311,1.2,1.25,15.2,22.6,5.25,60
29607810020,都祁名張線,,一般国道３６９号,29201,0,2.6,奈良市来迎寺町,166,奈良市来迎寺町,145,311,1.2,1.25,31.7,27.7,5.25,60
29607810030,都祁名張線,一般国道３６９号,,29201,0,1.1,奈良市来迎寺町,166,奈良市来迎寺町,145,311,1.2,1.25,31.5,37.6,5.25,60
29607810040,都祁名張線,,北野吐山線,29201,0,0.6,奈良市来迎寺町,166,奈良市来迎寺町,145,311,1.2,1.25,31,35.8,5.25,60
29607810060,都祁名張線,北野吐山線,都祁名張線,29212,0,1.9,,607,,570,1177,1.19,0.23,52.8,51.6,7.3,60
29607810070,都祁名張線,都祁名張線,都祁名張線,29212,0,1.5,,607,,570,1177,1.19,0.23,61.1,56.6,7.3,60
29607810075,都祁名張線,都祁名張線,市道上笠間線,29212,0,1,,607,,570,1177,1.19,0.23,63.7,61.1,7.3,60
29607810140,都祁名張線,市道上笠間線,市道上笠間線,29212,0,0.9,,607,,570,1177,1.19,0.23,42.4,48.4,7.3,60
29607810090,都祁名張線,市道上笠間線,上笠間三本松停車場線,29212,0,0.6,,607,,570,1177,1.19,0.23,30.7,30.7,7.3,60
29607810100,都祁名張線,上笠間三本松停車場線,都祁名張線,29212,0,1.9,,607,,570,1177,1.19,0.23,14.3,24.4,7.3,60
29607810120,都祁名張線,都祁名張線,都祁名張線,29212,0,1.5,,607,,570,1177,1.19,0.23,18,18,7.3,60
29607820010,上笠間八幡名張線,市道上笠間線,宇陀市・山添村境,29212,0,2.7,宇陀市室生下笠間,219,宇陀市室生下笠間,201,420,1.22,1.83,42,43,3,60
29607820020,上笠間八幡名張線,宇陀市・山添村境,毛原切幡線,29322,0,0.7,,229,,175,404,1.22,2.31,40.7,42.1,3,60
29607820030,上笠間八幡名張線,毛原切幡線,岩屋三ケ谷線,29322,0,2.8,,162,,170,332,1.2,1.28,41.1,36.2,6,40
29607820040,上笠間八幡名張線,岩屋三ケ谷線,,29322,0,1.3,,162,,170,332,1.2,1.28,34.6,33.7,6,40
29607830010,土屋原飯高線,一般国道３６９号,,29386,0,5,,110,,116,226,1.13,0.87,30,30,3.8,60
29607830030,土屋原飯高線,,土屋原飯高線,29386,0,1.3,,110,,116,226,1.13,0,,,3.8,60
29607840010,赤目掛線,赤目掛線,（旧）名張曽爾線,29385,0,6.9,,141,,129,270,1.2,1.32,29.4,29.4,3.5,60
29400810010,赤目掛線,（旧）名張曽爾線,名張曽爾線,29385,0,0.3,,141,,129,270,1.2,0.04,30.9,28.5,8.4,60
29607850010,山添桔梗ケ丘線,一般国道２５号,山添桔梗が丘線,29322,0,5.9,,111,,122,233,1.13,1.44,19.9,19.9,5.25,60
