交通調査基本区間番号,路線名,起点側／路線名等,終点側／路線名等,市区町村コード,自動車専用道路の別,区間延長（ｋｍ）,上り／交通量観測地点地名,上り／２４時間自動車類交通量／合計（台）,下り／交通量観測地点地名,下り／２４時間自動車類交通量／合計（台）,２４時間自動車類交通量（上下合計）／合計（台）,昼夜率,混雑度,朝夕（混雑時）／上り／旅行速度／合計（ｋｍ／ｈ）,朝夕（混雑時）／下り／旅行速度／合計（ｋｍ／ｈ）,幅員構成／道路部幅員（ｍ）,指定最高速度（ｋｍ／ｈ）
44100330010,東九州自動車道,東九州自動車道,一般国道２１２号,44203,1,5,上毛スマート～中津,3216,上毛スマート～中津,3252,6468,1.29,0.47,86.7,83.4,10.5,70
44100330020,東九州自動車道,一般国道２１２号,中津市・宇佐市境,44203,1,2.5,中津～宇佐,3660,中津～宇佐,3545,7205,1.26,0.56,84.2,83.7,10.5,70
44100330030,東九州自動車道,中津市・宇佐市境,一般国道１０号（宇佐別府道路）,44211,1,5.5,中津～宇佐,3660,中津～宇佐,3545,7205,1.26,0.56,87.7,87.3,10.5,70
44113010010,東九州自動車道,九州横断自動車道長崎大分線,一般国道１９７号,44201,1,6.2,大分米良～大分宮河内,7035,大分米良～大分宮河内,6612,13647,1.23,0.32,87.7,91.1,23.5,80
44113010020,東九州自動車道,一般国道１９７号,大分市・臼杵市境,44201,1,4.5,大分宮河内～臼杵,5309,大分宮河内～臼杵,5239,10548,1.23,1.35,80.5,80.6,10.5,70
44113010030,東九州自動車道,大分市・臼杵市境,臼杵市・大分市境,44206,1,1,大分宮河内～臼杵,5309,大分宮河内～臼杵,5239,10548,1.23,1.35,80.7,78.4,10.5,70
44113010040,東九州自動車道,臼杵市・大分市境,大分市・臼杵市境,44201,1,0.8,大分宮河内～臼杵,5309,大分宮河内～臼杵,5239,10548,1.23,1.35,79.1,78.7,10.5,70
44113010050,東九州自動車道,大分市・臼杵市境,一般国道５０２号,44206,1,7.7,大分宮河内～臼杵,5309,大分宮河内～臼杵,5239,10548,1.23,1.35,80.4,84,10.5,70
44113010060,東九州自動車道,一般国道５０２号,臼杵市・津久見市境,44206,1,4.7,臼杵～津久見,4604,臼杵～津久見,4491,9095,1.22,1.27,78.3,80.7,10.5,70
44113010070,東九州自動車道,臼杵市・津久見市境,津久見インター線,44207,1,2.3,臼杵～津久見,4604,臼杵～津久見,4491,9095,1.22,1.27,78.3,80.9,10.5,70
44113010080,東九州自動車道,津久見インター線,津久見市・佐伯市境,44207,1,4.8,津久見～佐伯,4068,津久見～佐伯,3934,8002,1.22,1.1,82.3,80.3,10.5,70
44113010090,東九州自動車道,津久見市・佐伯市境,東九州自動車道,44205,1,8.2,津久見～佐伯,4068,津久見～佐伯,3934,8002,1.22,1.1,82.5,76.9,10.5,70
44113120010,九州横断自動車道長崎大分線,九州横断自動車道長崎大分線,一般国道２１２号,44204,1,9.7,杷木～日田,6366,杷木～日田,6242,12608,1.24,0.32,94,93.9,22,80
44113120020,九州横断自動車道長崎大分線,一般国道２１２号,日田市・玖珠町境,44204,1,13.1,日田～天瀬高塚,5510,日田～天瀬高塚,5409,10919,1.24,0.24,94.4,92.5,20.5,80
44113120030,九州横断自動車道長崎大分線,日田市・玖珠町境,玖珠天瀬線,44462,1,0.3,日田～天瀬高塚,5510,日田～天瀬高塚,5409,10919,1.24,0.24,95.7,92,20.5,80
44113120040,九州横断自動車道長崎大分線,玖珠天瀬線,一般国道３８７号,44462,1,11.3,天瀬高塚～玖珠,5506,天瀬高塚～玖珠,5395,10901,1.23,0.24,86.8,91,20.5,80
44113120050,九州横断自動車道長崎大分線,一般国道３８７号,玖珠町・九重町境,44462,1,2.7,玖珠～九重,5538,玖珠～九重,5423,10961,1.23,0.23,96,93.7,20.5,80
44113120060,九州横断自動車道長崎大分線,玖珠町・九重町境,飯田高原中村線,44461,1,6.8,玖珠～九重,5538,玖珠～九重,5423,10961,1.23,0.23,94.7,94.5,20.5,80
44113120070,九州横断自動車道長崎大分線,飯田高原中村線,九重町・由布市境,44461,1,8.7,九重～湯布院,6037,九重～湯布院,5951,11988,1.23,0.26,93.3,90.2,20.5,80
44113120080,九州横断自動車道長崎大分線,九重町・由布市境,一般国道２１０号,44213,1,3.6,九重～湯布院,6037,九重～湯布院,5951,11988,1.23,0.26,91.7,90.9,20.5,80
44113120085,九州横断自動車道長崎大分線,一般国道２１０号,塚原天間線,44213,1,9.1,湯布院～由布岳スマート,5883,湯布院～由布岳スマート,5676,11559,1.21,0.26,95.1,92.5,22,80
44113120090,九州横断自動車道長崎大分線,塚原天間線,由布市・別府市境,44213,1,2.3,湯布院～由布岳スマート,5883,湯布院～由布岳スマート,5676,11559,1.21,0.26,94.1,95.2,22,80
44113120100,九州横断自動車道長崎大分線,由布市・別府市境,別府市・日出町境,44202,1,3.2,湯布院～由布岳スマート,5883,湯布院～由布岳スマート,5676,11559,1.21,0.26,91.2,97.1,22,80
44113120110,九州横断自動車道長崎大分線,別府市・日出町境,九州横断自動車道長崎大分線,44341,1,2.1,湯布院～由布岳スマート,5883,湯布院～由布岳スマート,5676,11559,1.21,0.26,87.7,96,22,80
44113120120,九州横断自動車道長崎大分線,九州横断自動車道長崎大分線,日出町・別府市境,44341,1,0.7,日出JCT～別府湾スマート,11195,日出JCT～別府湾スマート,11153,22348,1.23,0.45,87.2,91.3,22,80
44113120130,九州横断自動車道長崎大分線,日出町・別府市境,別府山香線,44202,1,1.8,日出JCT～別府湾スマート,11195,日出JCT～別府湾スマート,11153,22348,1.23,0.45,81.2,87.8,22,80
44113120140,九州横断自動車道長崎大分線,別府山香線,別府一の宮線,44202,1,4.7,別府湾スマート～別府,11216,別府湾スマート～別府,11174,22390,1.23,0.45,85.3,58.3,22,80
44113120150,九州横断自動車道長崎大分線,別府一の宮線,別府市・由布市境,44202,1,6.7,別府～大分,10968,別府～大分,10898,21866,1.22,0.52,90.8,75.4,22,80
44113120160,九州横断自動車道長崎大分線,別府市・由布市境,由布市・大分市境,44213,1,3.9,別府～大分,10968,別府～大分,10898,21866,1.22,0.52,89.5,92.1,22,80
44113120170,九州横断自動車道長崎大分線,由布市・大分市境,大分臼杵線,44201,1,4.2,別府～大分,10968,別府～大分,10898,21866,1.22,0.52,88.8,89.4,22,80
44113120180,九州横断自動車道長崎大分線,大分臼杵線,大分光吉インター線,44201,1,4.4,大分～大分光吉,8993,大分～大分光吉,8494,17487,1.21,0.35,89.6,89.3,22,80
44113120190,九州横断自動車道長崎大分線,大分光吉インター線,東九州自動車道,44201,1,3.4,大分光吉～大分米良,9782,大分光吉～大分米良,9050,18832,1.21,0.36,88.5,87.5,22,80
44113120210,九州横断自動車道長崎大分線,九州横断自動車道長崎大分線,一般国道１０号（宇佐別府道路）,44341,1,3.3,速見～日出JCT,7189,速見～日出JCT,7036,14225,1.22,0.34,80.1,85.6,20.5,70
44113010120,東九州自動車道,一般国道３８８号,古江丸市尾線,44205,1,8.8,佐伯市蒲江大字森崎浦,2191,佐伯市蒲江大字森崎浦,2086,4277,1.24,0.7,85.1,84.9,12,80
44113010130,東九州自動車道,古江丸市尾線,東九州自動車道,44205,1,0.9,延岡市北浦町三川内,2122,延岡市北浦町三川内,1990,4112,1.24,0.71,89.1,82.9,12,80
44113010100,東九州自動車道,東九州自動車道,赤木吹原佐伯線,44205,1,5.1,佐伯市大字長谷,2725,佐伯市大字長谷,2574,5299,1.24,0.41,79.9,83.6,12,80
44113010110,東九州自動車道,赤木吹原佐伯線,一般国道３８８号,44205,1,15.3,佐伯市大字青山,2978,佐伯市大字青山,2909,5887,1.23,0.64,85.9,84.1,12,80
44300100010,一般国道１０号,一般国道１０号,円座中津線,44203,0,0.2,中津市伊藤田,6475,中津市伊藤田,6290,12765,1.3,0.96,55.7,32.9,10.25,60
44300100020,一般国道１０号,円座中津線,臼木沖代線,44203,0,1,中津市伊藤田,6475,中津市伊藤田,6290,12765,1.3,0.38,47.8,43.2,31,60
44300100030,一般国道１０号,臼木沖代線,一般国道２１２号,44203,0,4.2,中津市伊藤田,6475,中津市伊藤田,6290,12765,1.3,0.48,51.9,53.1,44.5,60
44300100040,一般国道１０号,一般国道２１２号,中津市・宇佐市境,44203,0,1.5,中津市伊藤田,6475,中津市伊藤田,6290,12765,1.3,0.48,65.5,64.7,44.5,60
44300100050,一般国道１０号,中津市・宇佐市境,深秣植野線,44211,0,0.2,中津市伊藤田,6475,中津市伊藤田,6290,12765,1.3,0.35,42.3,42.1,28.5,60
44300100060,一般国道１０号,深秣植野線,一般国道２１３号,44211,0,1.2,中津市伊藤田,6475,中津市伊藤田,6290,12765,1.3,0.9,49.3,23.4,28.5,60
44300100070,一般国道１０号,一般国道２１３号,尾永井猿渡線,44211,0,1.6,宇佐市南敷田,10005,宇佐市南敷田,10067,20072,1.25,0.69,43.7,35.3,30,60
44300100080,一般国道１０号,尾永井猿渡線,一般国道１０号,44211,0,0.8,宇佐市南敷田,10005,宇佐市南敷田,10067,20072,1.25,0.69,37.6,41.5,30,60
44300100090,一般国道１０号,一般国道１０号,宇佐本耶馬溪線,44211,0,2.7,宇佐市猿渡1335-1,6970,宇佐市猿渡1335-1,7370,14340,1.26,0.98,41,40.9,11.5,50
44300100095,一般国道１０号,宇佐本耶馬溪線,,44211,0,1.6,宇佐市四日市128,8276,宇佐市四日市128,8936,17212,1.26,1.46,22.4,22.2,12.5,50
44300100100,一般国道１０号,,一般国道３８７号,44211,0,0.8,宇佐市四日市128,8276,宇佐市四日市128,8936,17212,1.26,1.46,26.8,17.9,12.5,50
44300100110,一般国道１０号,一般国道３８７号,佐田駅川線,44211,0,0.4,宇佐市北宇佐1623-1,6517,宇佐市北宇佐1623-1,6100,12617,1.25,1.2,18.3,26.2,11.5,50
44300100120,一般国道１０号,佐田駅川線,長洲宇佐神宮線,44211,0,1.3,宇佐市北宇佐1623-1,6517,宇佐市北宇佐1623-1,6100,12617,1.25,1.2,34.8,40.2,11.5,50
44300100130,一般国道１０号,長洲宇佐神宮線,下矢部宇佐線,44211,0,0.6,宇佐市北宇佐1623-1,6517,宇佐市北宇佐1623-1,6100,12617,1.25,1.2,38.6,41.9,11.5,50
44300100140,一般国道１０号,下矢部宇佐線,和気佐野線,44211,0,2.8,宇佐市北宇佐1623-1,6517,宇佐市北宇佐1623-1,6100,12617,1.25,1.28,40.4,39.1,12,50
44300100150,一般国道１０号,和気佐野線,長洲宇佐線,44211,0,0.7,宇佐市岩崎418-1,6952,宇佐市岩崎418-1,6679,13631,1.27,1.19,37.2,35.2,12,50
44300100160,一般国道１０号,長洲宇佐線,一般国道２１３号,44211,0,0.7,宇佐市岩崎418-1,6952,宇佐市岩崎418-1,6679,13631,1.27,1.19,35.9,31,12,50
44300100170,一般国道１０号,一般国道２１３号,宇佐停車場線,44211,0,0.4,杵築市山香町,4536,杵築市山香町,4367,8903,1.36,0.78,28,36.6,11.5,60
44300100180,一般国道１０号,宇佐停車場線,宇佐市・杵築市境,44211,0,4.1,杵築市山香町,4536,杵築市山香町,4367,8903,1.36,0.78,56.9,59.6,11.5,60
44300100190,一般国道１０号,宇佐市・杵築市境,市道（旧：新城山香線）,44210,0,6,杵築市山香町,4536,杵築市山香町,4367,8903,1.36,0.78,57,57.1,11.5,50
44300100200,一般国道１０号,市道（旧：新城山香線）,新城山香線,44210,0,4,杵築市山香町,4536,杵築市山香町,4367,8903,1.36,0.78,53.6,51.6,11.5,50
44300100210,一般国道１０号,新城山香線,山香院内線,44210,0,2,杵築市山香町,4536,杵築市山香町,4367,8903,1.36,0.78,38.7,36.9,11.5,50
44300100220,一般国道１０号,山香院内線,山香国見線,44210,0,3,速見郡日出町藤原赤松,6038,速見郡日出町藤原赤松,6196,12234,1.25,1.12,45.2,50,12.5,50
44300100230,一般国道１０号,山香国見線,杵築市・日出町境,44210,0,2.4,速見郡日出町藤原赤松,6038,速見郡日出町藤原赤松,6196,12234,1.25,1.12,54.2,55.6,12.5,50
44300100240,一般国道１０号,杵築市・日出町境,藤原杵築線,44341,0,1.4,速見郡日出町藤原赤松,6038,速見郡日出町藤原赤松,6196,12234,1.25,1.17,50.4,36.6,10.25,50
44300100250,一般国道１０号,藤原杵築線,一般国道１０号（日出バイパス）,44341,0,4.4,速見郡日出町藤原,8620,速見郡日出町藤原,8874,17494,1.26,0.52,47.2,43.5,25,50
44300100260,一般国道１０号,一般国道１０号（日出バイパス）,一般国道２１３号,44341,0,1.4,速見郡日出町藤原,8620,速見郡日出町藤原,8874,17494,1.26,0.52,34,22.8,25,50
44300100270,一般国道１０号,一般国道２１３号,日出山香線,44341,0,4.1,速見郡日出町平道,18270,速見郡日出町平道,20850,39120,1.35,0.75,32.4,36.4,24.25,60
44300100280,一般国道１０号,日出山香線,日出町・別府市境,44341,0,1.2,別府市古市町,22829,別府市古市町,22755,45584,1.29,0.67,37.4,33.8,24,60
44300100290,一般国道１０号,日出町・別府市境,亀川別府線,44202,0,1.3,別府市古市町,22829,別府市古市町,22755,45584,1.29,0.85,32.7,22,34.75,60
44300100300,一般国道１０号,亀川別府線,鉄輪亀川線,44202,0,2,別府市古市町,22829,別府市古市町,22755,45584,1.29,0.94,45.6,38.9,30.5,60
44300100310,一般国道１０号,鉄輪亀川線,一般国道５００号,44202,0,1.5,別府市上人ヶ浜町,26051,別府市上人ヶ浜町,25343,51394,1.29,0.92,33.9,23.7,30.25,50
44300100315,一般国道１０号,一般国道５００号,,44202,0,1.4,別府市北浜,42241,別府市北浜,25452,67693,1.3,1.7,28.9,24.1,29.5,50
44300100320,一般国道１０号,,別府停車場線,44202,0,1.5,別府市北浜,42241,別府市北浜,25452,67693,1.3,1.7,24.2,17.9,29.5,50
44300100330,一般国道１０号,別府停車場線,別府庄内線,44202,0,0.3,別府市北浜,42241,別府市北浜,25452,67693,1.3,1.7,24.6,19.8,29.5,50
44300100335,一般国道１０号,別府庄内線,別府挾間線,44202,0,0.8,別府市北浜,42241,別府市北浜,25452,67693,1.3,1.7,19.6,30,29.5,50
44300100340,一般国道１０号,別府挾間線,別府挾間線,44202,0,0.4,別府市北浜,42241,別府市北浜,25452,67693,1.3,1.7,19.6,37.4,29.5,50
44300100350,一般国道１０号,別府挾間線,別府市・大分市境,44202,0,0.6,大分市田ノ浦,32276,大分市田ノ浦,31982,64258,1.37,0.77,25,56.4,40,50
44300100360,一般国道１０号,別府市・大分市境,高崎大分線,44201,0,6.6,大分市田ノ浦,32276,大分市田ノ浦,31982,64258,1.37,0.77,57.7,43.1,40,60
44300100370,一般国道１０号,高崎大分線,西大分停車場線,44201,0,0.2,大分市田ノ浦,32276,大分市田ノ浦,31982,64258,1.37,1.28,13.3,30.6,31,50
44300100380,一般国道１０号,西大分停車場線,大在大分港線,44201,0,0.2,大分市田ノ浦,32276,大分市田ノ浦,31982,64258,1.37,1.28,11.3,29.6,31,50
44300100385,一般国道１０号,大在大分港線,,44201,0,1.5,大分市王子南町,17635,大分市王子南町,18155,35790,1.3,0.83,17,19.4,30,50
44300100390,一般国道１０号,,一般国道１９７号,44201,0,0.4,大分市王子南町,17635,大分市王子南町,18155,35790,1.3,0.83,15,7.9,30,50
44300100394,一般国道１０号,一般国道１９７号,,44201,0,1,大分市顕徳町,16266,大分市顕徳町,14220,30486,1.29,0.64,12,11.7,30,50
44300100397,一般国道１０号,,,44201,0,0.4,大分市顕徳町,16266,大分市顕徳町,14220,30486,1.29,0.64,17.1,15.5,30,50
44300100400,一般国道１０号,,（旧）一般国道１０号,44201,0,0.1,大分市顕徳町,16266,大分市顕徳町,14220,30486,1.29,0.64,15.6,17.7,30,50
44400210035,一般国道１０号,（旧）一般国道１０号,一般国道１０号,44201,0,0.2,大分市元町5-42,10681,大分市元町5-42,11307,21988,1.28,0.64,22.9,16.6,12,50
44300100930,一般国道１０号,大分臼杵線,（旧）一般国道１０号,44201,0,0.6,大分市元町5-42,11307,大分市元町5-42,10681,21988,1.28,0.64,5.5,16.6,12,50
44300100410,一般国道１０号,（旧）一般国道１０号,大分臼杵線,44201,0,0.2,大分市元町5-42,11307,大分市元町5-42,10681,21988,1.28,0.64,20.5,11.3,12,50
44300100420,一般国道１０号,大分臼杵線,,44201,0,1.2,大分市元町5-42,11307,大分市元町5-42,10681,21988,1.28,1.78,17.8,15,12,50
44300100430,一般国道１０号,,一般国道２１０号,44201,0,1.6,大分市古国府,8836,大分市古国府,8228,17064,1.25,1.32,16.9,18.1,12,50
44300100435,一般国道１０号,一般国道２１０号,,44201,0,0.5,大分市光吉,23371,大分市光吉,23177,46548,1.31,1.32,20.4,9,22.5,50
44300100440,一般国道１０号,,一般国道２１０号,44201,0,0.1,大分市光吉,23371,大分市光吉,23177,46548,1.31,1.32,21.4,10.6,22.5,50
44300100445,一般国道１０号,一般国道２１０号,,44201,0,0.2,大分市宮崎,18243,大分市宮崎,18625,36868,1.33,1.18,11.1,12.9,22,50
44300100450,一般国道１０号,,西寒多寒田線,44201,0,0.7,大分市宮崎,18243,大分市宮崎,18625,36868,1.33,1.18,15.7,23.4,22,50
44300100455,一般国道１０号,西寒多寒田線,,44201,0,0.7,大分市宮崎,18243,大分市宮崎,18625,36868,1.33,1.18,16.9,27,22,50
44300100460,一般国道１０号,,,44201,0,1.1,大分市宮崎,18243,大分市宮崎,18625,36868,1.33,1.18,17.9,15.9,22,50
44300100470,一般国道１０号,,,44201,0,2.1,大分市旦野原,14400,大分市旦野原,14226,28626,1.31,1.86,22.8,21,9.75,50
44300100480,一般国道１０号,,一般国道１０号,44201,0,0.7,大分市中判田1748-1,12692,大分市中判田1748-1,12338,25030,1.32,1.73,13.6,23.5,9.75,50
44300100490,一般国道１０号,一般国道１０号,中判田停車場線,44201,0,0.2,大分市中判田1748-1,12692,大分市中判田1748-1,12338,25030,1.32,1.73,12,15.9,9.75,50
44300100500,一般国道１０号,中判田停車場線,鶴崎大南線,44201,0,0.4,大分市中判田1748-1,12692,大分市中判田1748-1,12338,25030,1.32,1.73,15,27.2,9.75,50
44300100510,一般国道１０号,鶴崎大南線,坂ノ市中戸次線,44201,0,1.8,中戸次川床,18597,中戸次川床,19081,37678,1.27,1.26,20.9,32.2,32.25,50
44300100520,一般国道１０号,坂ノ市中戸次線,坂ノ市中戸次線,44201,0,0.1,中戸次川床,18597,中戸次川床,19081,37678,1.27,1.26,22.4,23.7,32.25,50
44300100530,一般国道１０号,坂ノ市中戸次線,弓立上戸次線,44201,0,0.8,中戸次川床,18597,中戸次川床,19081,37678,1.27,1.26,29.7,23.8,32.25,50
44300100540,一般国道１０号,弓立上戸次線,臼杵上戸次線,44201,0,3.5,大分市上戸次,13284,大分市上戸次,12991,26275,1.28,0.82,47.9,51.3,25.75,60
44300100550,一般国道１０号,臼杵上戸次線,一般国道５７号,44201,0,3.4,大分市上戸次,13284,大分市上戸次,12991,26275,1.28,0.82,55.5,55.7,25.75,60
44300100560,一般国道１０号,一般国道５７号,大分市・豊後大野市境,44201,0,0.3,豊後大野市犬飼町久原,5703,豊後大野市犬飼町久原,5142,10845,1.3,0.75,59.7,55.7,35.25,50
44300100570,一般国道１０号,大分市・豊後大野市境,一般国道３２６号,44212,0,1.7,豊後大野市犬飼町久原,5703,豊後大野市犬飼町久原,5142,10845,1.3,0.76,56.8,54.3,13.5,50
44300100580,一般国道１０号,一般国道３２６号,豊後大野市・臼杵市境,44212,0,1.6,臼杵市野津町大字西寒田字鍋田,3251,臼杵市野津町大字西寒田字鍋田,3466,6717,1.27,0.5,52.4,55.5,13.5,50
44300100590,一般国道１０号,豊後大野市・臼杵市境,百枝浅瀬野津線,44206,0,0.9,臼杵市野津町大字西寒田字鍋田,3251,臼杵市野津町大字西寒田字鍋田,3466,6717,1.27,0.52,59.3,58.4,11,50
44300100600,一般国道１０号,百枝浅瀬野津線,吉野原犬飼線,44206,0,0.4,臼杵市野津町大字西寒田字鍋田,3251,臼杵市野津町大字西寒田字鍋田,3466,6717,1.27,0.52,53.5,53.6,11,50
44300100610,一般国道１０号,吉野原犬飼線,一般国道５０２号,44206,0,2.8,臼杵市野津町大字西寒田字鍋田,3251,臼杵市野津町大字西寒田字鍋田,3466,6717,1.27,0.52,54.3,51.2,11,50
44300100620,一般国道１０号,一般国道５０２号,津久見野津線,44206,0,1.2,臼杵市野津町大字野津市,5279,臼杵市野津町大字野津市,4555,9834,1.23,1,38.6,37.1,14.05,50
44300100630,一般国道１０号,津久見野津線,一般国道５０２号,44206,0,1.1,臼杵市野津町大字野津市,5279,臼杵市野津町大字野津市,4555,9834,1.23,1,32.8,30.8,14.05,50
44300100640,一般国道１０号,一般国道５０２号,川登臼杵線,44206,0,2.2,佐伯市弥生大字尺間,3065,佐伯市弥生大字尺間,3014,6079,1.3,0.54,42.9,47.5,9.5,50
44300100645,一般国道１０号,川登臼杵線,野津宇目線,44206,0,1,佐伯市弥生大字尺間,3065,佐伯市弥生大字尺間,3014,6079,1.3,0.54,54.5,54.7,9.5,50
44300100650,一般国道１０号,野津宇目線,野津宇目線,44206,0,0.6,佐伯市弥生大字尺間,3065,佐伯市弥生大字尺間,3014,6079,1.3,0.54,49.5,42.2,9.5,50
44300100660,一般国道１０号,野津宇目線,臼杵市・佐伯市境,44206,0,7.3,佐伯市弥生大字尺間,3065,佐伯市弥生大字尺間,3014,6079,1.3,0.54,56.6,54.4,9.5,50
44300100670,一般国道１０号,臼杵市・佐伯市境,佐伯弥生線,44205,0,8.3,佐伯市弥生大字尺間,3065,佐伯市弥生大字尺間,3014,6079,1.3,0.81,54.1,50.2,11.5,50
44300100680,一般国道１０号,佐伯弥生線,三重弥生線,44205,0,1.6,佐伯市弥生大字小田,4541,佐伯市弥生大字小田,4853,9394,1.14,0.83,35.2,36.4,9.75,50
44300100690,一般国道１０号,三重弥生線,一般国道２１７号,44205,0,1.6,佐伯市弥生大字小田,4541,佐伯市弥生大字小田,4853,9394,1.14,0.83,33,25.4,9.75,50
44300100700,一般国道１０号,一般国道２１７号,笠掛直見停車場線,44205,0,5.2,佐伯市弥生大字門田,4093,佐伯市弥生大字門田,4032,8125,1.19,0.83,47.4,49.7,11,50
44300100710,一般国道１０号,笠掛直見停車場線,赤木吹原佐伯線,44205,0,5.2,佐伯市直川大字下直見,2332,佐伯市直川大字下直見,2183,4515,1.19,0.6,52.5,53.4,11,50
44300100720,一般国道１０号,赤木吹原佐伯線,赤木吹原佐伯線,44205,0,0.1,佐伯市直川大字下直見,2332,佐伯市直川大字下直見,2183,4515,1.19,0.6,45,44.4,11,50
44300100730,一般国道１０号,赤木吹原佐伯線,上爪横川線,44205,0,1.4,佐伯市直川大字下直見,2332,佐伯市直川大字下直見,2183,4515,1.19,0.6,48.1,50.9,11,50
44300100740,一般国道１０号,上爪横川線,小野市重岡線,44205,0,8,佐伯市宇目大字大平,285,佐伯市宇目大字大平,309,594,1.17,0.15,50.7,54.6,8,50
44300100750,一般国道１０号,小野市重岡線,一般国道１０号,44205,0,9.9,佐伯市宇目大字大平,196,佐伯市宇目大字大平,182,378,1.14,0.07,50.1,51.6,8,50
44300100770,一般国道１０号,一般国道１０号,山袋久々姥線,44211,1,0.1,宇佐市山下,4110,宇佐市山下,3980,8090,1.23,0.63,26.1,15.2,12,70
44300100780,一般国道１０号,山袋久々姥線,宇佐本耶馬溪線,44211,1,2.5,宇佐市山下,4110,宇佐市山下,3980,8090,1.23,0.63,55.4,53.3,12,70
44300100790,一般国道１０号,宇佐本耶馬溪線,宇佐インター線,44211,1,1.8,宇佐市山下2281-2,3498,宇佐市山下2281-2,3184,6682,1.24,0.45,71.2,72.9,12,70
44300100795,一般国道１０号（宇佐別府道路）,宇佐インター線,東九州自動車道,44211,1,1.6,宇佐～院内,4732,宇佐～院内,4659,9391,1.24,1.14,62,62,10.5,70
44300100800,一般国道１０号（宇佐別府道路）,東九州自動車道,一般国道３８７号,44211,1,3,宇佐～院内,4732,宇佐～院内,4659,9391,1.24,1.14,62.8,76.9,10.5,70
44300100810,一般国道１０号（宇佐別府道路）,一般国道３８７号,山香院内線,44211,1,5.2,院内～安心院,5173,院内～安心院,5101,10274,1.24,0.84,82.1,77,10.5,70
44300100820,一般国道１０号（宇佐別府道路）,山香院内線,山香院内線,44211,1,6.3,安心院～大分農業文化公園,5295,安心院～大分農業文化公園,5201,10496,1.24,1.12,86.3,83.7,10.5,70
44300100830,一般国道１０号（宇佐別府道路）,山香院内線,宇佐市・杵築市境,44211,1,0.6,大分農業文化公園～速見,5605,大分農業文化公園～速見,5506,11111,1.23,0.9,89.6,86.3,10.5,70
44300100840,一般国道１０号（宇佐別府道路）,宇佐市・杵築市境,杵築市・日出町境,44210,1,5.5,大分農業文化公園～速見,5605,大分農業文化公園～速見,5506,11111,1.23,0.9,87,83.2,10.5,70
44300100850,一般国道１０号（宇佐別府道路）,杵築市・日出町境,九州横断自動車道長崎大分線,44341,1,0.2,大分農業文化公園～速見,5605,大分農業文化公園～速見,5506,11111,1.23,0.9,84.2,76.2,10.5,70
44300100870,一般国道１０号（日出バイパス）,九州横断自動車道長崎大分線,一般国道１０号,44341,1,9,速見～日出,1823,速見～日出,1705,3528,1.18,0.49,80.8,80.4,10.5,70
44300100890,一般国道１０号,中判田下郡線,東九州自動車道,44201,0,0.2,大分市大字下判田,12411,大分市大字下判田,12859,25270,1.29,0.69,36.5,20.8,29,60
44300100900,一般国道１０号,東九州自動車道,一般国道１９７号,44201,0,0.6,大分市大字下判田,12859,大分市大字下判田,12411,25270,1.29,0.69,15.9,55.7,29,60
44300100910,一般国道１０号,一般国道１９７号,一般国道１０号,44201,0,3.1,大分市大字下判田,12859,大分市大字下判田,12411,25270,1.29,0.69,42.7,14.1,29,60
44300570010,一般国道５７号,一般国道１０号,大分市・豊後大野市境,44201,0,0.3,豊後大野市犬飼町下津尾字下野,6320,豊後大野市犬飼町下津尾字下野,5505,11825,1.26,0.97,65,56.7,11.75,60
44300570020,一般国道５７号,大分市・豊後大野市境,一般国道５７号,44212,0,1.7,豊後大野市犬飼町下津尾字下野,6320,豊後大野市犬飼町下津尾字下野,5505,11825,1.26,1.3,65.1,62.1,12.25,60
44300570030,一般国道５７号,一般国道５７号,竹田犬飼線,44212,0,0.4,豊後大野市犬飼町下津尾字下野,6320,豊後大野市犬飼町下津尾字下野,5505,11825,1.26,1.3,67.2,70.7,12.25,60
44300570040,一般国道５７号,竹田犬飼線,一般国道３２６号,44212,0,0.3,豊後大野市犬飼町下津尾字下野,6320,豊後大野市犬飼町下津尾字下野,5505,11825,1.26,1.3,24.1,19,12.25,60
44300570190,一般国道５７号,竹田五ケ瀬線,一般国道４４２号,44208,0,0.9,竹田市会々,4696,竹田市会々,5062,9758,1.2,0.79,24.3,35.6,12,50
44300570200,一般国道５７号,一般国道４４２号,竹田五ケ瀬線,44208,0,0.7,竹田市飛田川,5515,竹田市飛田川,5178,10693,1.21,0.82,39.9,43,12,50
44300570210,一般国道５７号,竹田五ケ瀬線,一般国道５０２号,44208,0,0.5,竹田市飛田川,5515,竹田市飛田川,5178,10693,1.21,0.82,34.5,26.5,12,50
44300570220,一般国道５７号,一般国道５０２号,市道（旧：神原玉来線）,44208,0,1.6,竹田市大字拝田原,5595,竹田市大字拝田原,6213,11808,1.18,1.08,25.6,25.4,13,50
44300570230,一般国道５７号,市道（旧：神原玉来線）,高森竹田線,44208,0,0.3,竹田市大字穴井迫字庄屋,2864,竹田市大字穴井迫字庄屋,2871,5735,1.24,0.59,30.1,28.4,13,50
44300570240,一般国道５７号,高森竹田線,小川穴井迫線,44208,0,1.3,竹田市大字穴井迫字庄屋,2864,竹田市大字穴井迫字庄屋,2871,5735,1.24,0.59,41.1,42,13,50
44300570250,一般国道５７号,小川穴井迫線,穴井迫荻線,44208,0,7.9,竹田市大字穴井迫字庄屋,2864,竹田市大字穴井迫字庄屋,2871,5735,1.24,0.52,54.1,55.5,14,50
44300570260,一般国道５７号,穴井迫荻線,一般国道５７号,44208,0,3.1,竹田市田代,1879,竹田市田代,1660,3539,1.28,0.37,60.8,61,14,50
44300570280,一般国道５７号,一般国道５７号,竹田犬飼線,44212,1,4.7,豊後大野市犬飼町下津尾,6997,豊後大野市犬飼町下津尾,6927,13924,1.27,1.19,71.1,70.2,10.5,70
44300570290,一般国道５７号,竹田犬飼線,竹田犬飼線,44212,1,4.1,豊後大野市千歳町船田,4738,豊後大野市千歳町船田,4621,9359,1.27,0.97,74.7,75.6,10.5,70
44300570300,一般国道５７号,竹田犬飼線,三重野津原線,44212,1,5.2,豊後大野市大野町片島,4713,豊後大野市大野町片島,3984,8697,1.27,1.03,72.4,71.9,10.5,70
44300570320,一般国道５７号,三重野津原線,竹田犬飼線,44212,1,6,豊後大野市朝地町板井迫,1026,豊後大野市朝地町板井迫,1015,2041,1.27,0.2,76.3,75,14,80
44300570335,一般国道５７号,竹田犬飼線,豊後大野市・竹田市境,44212,1,3.2,豊後大野市朝地町上尾塚,3138,豊後大野市朝地町上尾塚,3145,6283,1.27,0.84,83.5,76.2,14,80
44300570340,一般国道５７号,豊後大野市・竹田市境,一般国道５７号,44208,1,2.8,豊後大野市朝地町上尾塚,3138,豊後大野市朝地町上尾塚,3145,6283,1.27,0.84,63.6,38.3,14,80
44400470055,一般国道５７号,一般国道５７号,一般国道５７号,44208,0,0.2,竹田市大字会々字七里,4430,竹田市大字会々字七里,4510,8940,1.27,0.95,21.4,10.2,10,40
44301970010,一般国道１９７号,一般国道２１７号,一般国道１９７号,44201,0,0.2,大分市佐賀関,5059,大分市佐賀関,4690,9749,1.24,1.23,42.1,41.7,12.4,40
44301970020,一般国道１９７号,一般国道１９７号,一般国道１９７号,44201,0,1.2,大分市佐賀関,5059,大分市佐賀関,4690,9749,1.24,1.23,53.2,54.7,12.4,40
44301970030,一般国道１９７号,一般国道１９７号,木田神崎線,44201,0,5.6,大分市坂ノ市中央1丁目,5020,大分市坂ノ市中央1丁目,5442,10462,1.24,1.03,45.9,44.8,16,40
44301970035,一般国道１９７号,木田神崎線,木田神崎線,44201,0,0.6,大分市坂ノ市中央1丁目,5020,大分市坂ノ市中央1丁目,5442,10462,1.24,1.03,34.3,20.9,16,40
44301970040,一般国道１９７号,木田神崎線,一般国道１９７号,44201,0,1.2,大分市坂ノ市中央1丁目,5020,大分市坂ノ市中央1丁目,5442,10462,1.24,1.03,30.9,38.7,16,40
44301970050,一般国道１９７号,一般国道１９７号,坂ノ市中戸次線,44201,0,2.7,大分市坂ノ市中央1丁目,5020,大分市坂ノ市中央1丁目,5442,10462,1.24,1.03,28.3,25.5,16,40
44301970060,一般国道１９７号,坂ノ市中戸次線,,44201,0,1,,6864,,7219,14083,1.26,1.43,25.6,25.6,16,40
44301970070,一般国道１９７号,,大在公共埠頭線,44201,0,0.6,大分市東鶴崎,13875,大分市東鶴崎,15163,29038,1.29,1.86,33.2,27.6,16,50
44301970080,一般国道１９７号,大在公共埠頭線,大在大分港線,44201,0,2.2,大分市東鶴崎,13875,大分市東鶴崎,15163,29038,1.29,1.86,23.6,21.6,16,50
44301970090,一般国道１９７号,大在大分港線,川添志村線,44201,0,1.7,大分市東鶴崎,13875,大分市東鶴崎,15163,29038,1.29,1.86,24.2,11.5,16,50
44301970100,一般国道１９７号,川添志村線,鶴崎港線,44201,0,0.6,大分市東鶴崎,13875,大分市東鶴崎,15163,29038,1.29,1.86,14.5,24.2,16,50
44301970110,一般国道１９７号,鶴崎港線,鶴崎大南線,44201,0,0.7,大分市中鶴崎1丁目,7974,大分市中鶴崎1丁目,9453,17427,1.28,0.59,8.6,14.9,20,40
44301970120,一般国道１９７号,鶴崎大南線,松岡日岡線,44201,0,2.6,,11628,,15852,27480,1.28,0.95,17.9,23,20,50
44301970130,一般国道１９７号,松岡日岡線,高城停車場線,44201,0,0.6,,11628,,15852,27480,1.28,0.95,14.8,20.4,20,50
44301970140,一般国道１９７号,高城停車場線,萩原下郡線,44201,0,1.6,大分市西萩原,14012,大分市西萩原,15868,29880,1.3,1,20.6,16.8,20,50
44301970150,一般国道１９７号,萩原下郡線,大分港線,44201,0,3.2,大分市舞鶴町1丁目,17099,大分市舞鶴町1丁目,18268,35367,1.3,1.48,18.4,16.8,22,50
44301970155,一般国道１９７号,大分港線,,44201,0,0.4,大分市舞鶴町1丁目,17099,大分市舞鶴町1丁目,18268,35367,1.3,1.48,16.9,9.1,22,50
44301970160,一般国道１９７号,,一般国道１０号,44201,0,0.2,大分市舞鶴町1丁目,17099,大分市舞鶴町1丁目,18268,35367,1.3,1.48,9.7,6.9,22,50
44301970180,一般国道１９７号,城原・久土線（大分市道）,坂ノ市中戸次線,44201,0,2.8,大分市大字舟川,9398,大分市大字舟川,8964,18362,1.26,1.38,41.5,39.1,17.5,60
44301970190,一般国道１９７号,坂ノ市中戸次線,東九州自動車道,44201,0,0.5,大分市大字舟川,9398,大分市大字舟川,8964,18362,1.26,1.38,34.1,29.7,17.5,60
44301970200,一般国道１９７号,東九州自動車道,大分臼杵線,44201,0,0.7,大分市宮河内,7434,大分市宮河内,7630,15064,1.25,1.18,20.8,34.6,15.5,60
44301970210,一般国道１９７号,大分臼杵線,坂ノ市中戸次線,44201,0,0.5,大分市宮河内,7434,大分市宮河内,7630,15064,1.25,1.18,40.5,27,15.5,60
44301970220,一般国道１９７号,坂ノ市中戸次線,鶴崎大南線,44201,0,2,大分市宮河内,7434,大分市宮河内,7630,15064,1.25,1.18,25.4,15.7,15.5,60
44301970230,一般国道１９７号,鶴崎大南線,松岡日岡線,44201,0,1.5,大分市大字松岡,4294,大分市大字松岡,5419,9713,1.24,0.5,12.4,44.2,31.1,60
44301970240,一般国道１９７号,松岡日岡線,一般国道１０号,44201,0,1.9,大分市大字松岡,4294,大分市大字松岡,5419,9713,1.24,0.5,58.6,59.1,31.1,60
44301970260,一般国道１９７号,一般国道１９７号,一般国道１９７号,44201,0,1.7,大分市佐賀関,50,大分市佐賀関,48,98,1.26,0.01,36.9,36.9,8,40
44301970280,一般国道１９７号,一般国道１９７号,,44201,0,2.1,大分市細,2097,大分市細,315,2412,1.15,0.76,27.1,32.6,7,30
44302100010,一般国道２１０号,一般国道２１０号,一般国道２１０号,44204,0,0.3,日田市夜明3185,5364,日田市夜明3185,5381,10745,1.24,0.84,53.7,50.1,11.5,50
44302100030,一般国道２１０号,一般国道２１０号,一般国道２１１号,44204,0,0.7,日田市川下,5019,日田市川下,4997,10016,1.25,0.96,45.5,40.8,10,50
44302100040,一般国道２１０号,一般国道２１１号,山北日田線,44204,0,2.9,日田市川下,5019,日田市川下,4997,10016,1.25,0.96,40.6,40.9,10,50
44302100050,一般国道２１０号,山北日田線,石井庄手線,44204,0,2.1,日田市川下,5019,日田市川下,4997,10016,1.25,0.96,41.8,40.6,10,50
44302100060,一般国道２１０号,石井庄手線,朝田日田線,44204,0,0.3,日田市川下,5019,日田市川下,4997,10016,1.25,0.88,18.1,22.9,9.25,50
44302100065,一般国道２１０号,朝田日田線,朝田日田線,44204,0,0.3,日田市石井,2934,日田市石井,2626,5560,1.25,0.44,33.2,44,16,60
44302100070,一般国道２１０号,朝田日田線,一般国道２１２号,44204,0,2.2,日田市石井,2934,日田市石井,2626,5560,1.25,0.44,48.6,41.9,16,60
44302100080,一般国道２１０号,一般国道２１２号,一般国道２１２号,44204,0,2.1,日田市大字高瀬,4767,日田市大字高瀬,4817,9584,1.24,1.15,38.6,38.6,16,60
44302100090,一般国道２１０号,一般国道２１２号,一般国道３８６号,44204,0,0.8,日田市日高,2997,日田市日高,2830,5827,1.22,0.5,34.1,33.3,14.75,60
44302100100,一般国道２１０号,一般国道３８６号,玖珠天瀬線,44204,0,6.4,日田市小ヶ瀬町,4966,日田市小ヶ瀬町,4805,9771,1.24,0.73,43.5,45.5,10,50
44302100110,一般国道２１０号,玖珠天瀬線,天瀬阿蘇線,44204,0,5.6,日田市天瀬町湯山,3369,日田市天瀬町湯山,3519,6888,1.24,0.53,41,41.5,9.5,50
44302100114,一般国道２１０号,天瀬阿蘇線,日田市・玖珠町境,44204,0,2.7,日田市天瀬町湯山,3369,日田市天瀬町湯山,3519,6888,1.24,0.71,52.7,53.3,9.25,50
44302100117,一般国道２１０号,日田市・玖珠町境,玖珠町・日田市境,44462,0,0.6,日田市天瀬町湯山,3369,日田市天瀬町湯山,3519,6888,1.24,0.67,56.8,50.8,10.34,50
44302100120,一般国道２１０号,玖珠町・日田市境,日田市・玖珠町境,44204,0,0.8,日田市天瀬町湯山,3369,日田市天瀬町湯山,3519,6888,1.24,0.68,21.3,20.5,9.25,50
44302100130,一般国道２１０号,日田市・玖珠町境,菅原戸畑線,44462,0,0.3,日田市天瀬町湯山,3369,日田市天瀬町湯山,3519,6888,1.24,0.52,39.9,33.8,10.5,50
44302100140,一般国道２１０号,菅原戸畑線,玖珠天瀬線,44462,0,2.8,日田市天瀬町湯山,3369,日田市天瀬町湯山,3519,6888,1.24,0.52,53.9,49.7,10.5,50
44302100150,一般国道２１０号,玖珠天瀬線,書曲野田線,44462,0,3.4,玖珠郡玖珠町大字山田,4954,玖珠郡玖珠町大字山田,4818,9772,1.24,0.77,45,46.5,11,50
44302100160,一般国道２１０号,書曲野田線,玖珠山国線,44462,0,2.3,玖珠郡玖珠町大字山田,4954,玖珠郡玖珠町大字山田,4818,9772,1.24,0.77,35.4,34.6,11,50
44302100170,一般国道２１０号,玖珠山国線,一般国道３８７号,44462,0,0.9,玖珠郡玖珠町大隈1116,5481,玖珠郡玖珠町大隈1116,6101,11582,1.17,0.71,29.8,22.3,13,50
44302100180,一般国道２１０号,一般国道３８７号,玖珠町・九重町境,44462,0,2.3,玖珠郡玖珠町大隈1116,5481,玖珠郡玖珠町大隈1116,6101,11582,1.17,0.71,30.2,34.4,13,50
44302100190,一般国道２１０号,玖珠町・九重町境,一般国道３８７号,44461,0,0.8,玖珠郡玖珠町大隈1116,5481,玖珠郡玖珠町大隈1116,6101,11582,1.17,0.6,34.1,35.5,10.5,50
44302100200,一般国道２１０号,一般国道３８７号,下恵良九重線,44461,0,1.1,玖珠郡九重町右田,4585,玖珠郡九重町右田,4241,8826,1.24,0.69,50.4,53.2,10.5,50
44302100210,一般国道２１０号,下恵良九重線,右田引治線,44461,0,2.1,玖珠郡九重町右田,4585,玖珠郡九重町右田,4241,8826,1.24,0.69,52.5,46.9,10.5,50
44302100220,一般国道２１０号,右田引治線,市道（旧：右田引治線）,44461,0,0.1,玖珠郡九重町右田,4585,玖珠郡九重町右田,4241,8826,1.24,0.69,21.4,28,10.5,50
44302100230,一般国道２１０号,市道（旧：右田引治線）,飯田高原中村線,44461,0,0.5,玖珠郡九重町右田,4585,玖珠郡九重町右田,4241,8826,1.24,0.69,38.5,35.9,10.5,50
44302100240,一般国道２１０号,飯田高原中村線,飯田高原中村線,44461,0,0.9,玖珠郡九重町右田,4585,玖珠郡九重町右田,4241,8826,1.24,0.69,38.9,38.6,10.5,50
44302100250,一般国道２１０号,飯田高原中村線,田野野上線,44461,0,5.3,玖珠郡九重町,2502,玖珠郡九重町,1976,4478,1.23,0.66,35.2,35.2,9.5,50
44302100260,一般国道２１０号,田野野上線,九重町・由布市境,44461,0,5,玖珠郡九重町,2502,玖珠郡九重町,1976,4478,1.23,0.66,37.6,41.9,9.5,50
44302100270,一般国道２１０号,九重町・由布市境,別府一の宮線,44213,0,0.1,湯布院町川西,4979,湯布院町川西,540,5519,1.19,1.5,38.7,26.3,9.5,50
44302100280,一般国道２１０号,別府一の宮線,別府一の宮線,44213,0,0.3,湯布院町川西,4979,湯布院町川西,540,5519,1.19,1.5,40,12,9.5,50
44302100290,一般国道２１０号,別府一の宮線,別府湯布院線,44213,0,3.3,湯布院町川西,4979,湯布院町川西,540,5519,1.19,1.5,42.4,48.8,9.5,50
44302100300,一般国道２１０号,別府湯布院線,九州横断自動車道長崎大分線,44213,0,0.4,湯布院町川西,4979,湯布院町川西,540,5519,1.19,1.5,24.4,25.9,9.5,50
44302100310,一般国道２１０号,九州横断自動車道長崎大分線,別府一の宮線,44213,0,2.8,由布市湯布院町川北,2785,由布市湯布院町川北,2915,5700,1.22,0.66,53.6,48.1,9.5,50
44302100320,一般国道２１０号,別府一の宮線,別府一の宮線,44213,0,0.2,由布市湯布院町川北,2785,由布市湯布院町川北,2915,5700,1.22,0.66,25.1,34.6,9.5,50
44302100330,一般国道２１０号,別府一の宮線,別府一の宮線,44213,0,0.2,由布市湯布院町川西,3824,由布市湯布院町川西,3899,7723,1.23,0.82,46.8,44.6,9.5,50
44302100340,一般国道２１０号,別府一の宮線,湯平温泉線,44213,0,5.8,由布市湯布院町川西,3824,由布市湯布院町川西,3899,7723,1.23,0.82,39,39.7,9.5,50
44302100350,一般国道２１０号,湯平温泉線,東長宝西線,44213,0,4.4,由布市湯布院町川西,3824,由布市湯布院町川西,3899,7723,1.23,0.82,53.8,56,9.25,50
44302100360,一般国道２１０号,東長宝西線,田野庄内線,44213,0,3.7,由布市庄内町東長宝,6607,由布市庄内町東長宝,6543,13150,1.24,0.95,45.9,47.2,9.5,50
44302100370,一般国道２１０号,田野庄内線,庄内久住線,44213,0,1.4,由布市庄内町東長宝,6607,由布市庄内町東長宝,6543,13150,1.24,0.95,35.2,20.8,9.5,50
44302100380,一般国道２１０号,庄内久住線,別府庄内線,44213,0,1.6,由布市庄内町東長宝,6607,由布市庄内町東長宝,6543,13150,1.24,0.95,37.3,42.2,9.5,50
44302100390,一般国道２１０号,別府庄内線,中村鬼ヶ瀬停車場線,44213,0,4.2,挾間町鬼瀬,7419,挾間町鬼瀬,7467,14886,1.25,1.07,36.5,40.4,9.5,50
44302100400,一般国道２１０号,中村鬼ヶ瀬停車場線,龍原挾間線,44213,0,2.5,挾間町鬼瀬,7419,挾間町鬼瀬,7467,14886,1.25,1.07,45.3,17.8,9.5,50
44302100410,一般国道２１０号,龍原挾間線,別府挾間線,44213,0,0.5,挾間町鬼瀬,7419,挾間町鬼瀬,7467,14886,1.25,1.26,23.7,17.2,10,40
44302100420,一般国道２１０号,別府挾間線,大分挾間線,44213,0,0.3,挾間町鬼瀬,7419,挾間町鬼瀬,7467,14886,1.25,1.26,15,21.7,10,40
44302100430,一般国道２１０号,大分挾間線,大分挾間線,44213,0,0.7,挾間町鬼瀬,7419,挾間町鬼瀬,7467,14886,1.25,1.26,15.6,31.1,10,40
44302100440,一般国道２１０号,大分挾間線,由布市・大分市境,44213,0,0.7,大分市鬼崎621,7792,大分市鬼崎621,8075,15867,1.2,1.23,28.9,27.8,9.25,40
44302100450,一般国道２１０号,由布市・大分市境,,44201,0,2.4,大分市鬼崎621,7792,大分市鬼崎621,8075,15867,1.2,1.29,22.8,27.9,9.75,40
44302100460,一般国道２１０号,,一般国道４４２号,44201,0,1.3,大分市木上,13736,大分市木上,13834,27570,1.23,0.61,16.6,25.7,9.75,40
44302100470,一般国道２１０号,一般国道４４２号,一般国道４４２号,44201,0,0.4,大分市玉沢,17171,大分市玉沢,17582,34753,1.29,1.03,20.1,21.7,25.5,50
44302100480,一般国道２１０号,一般国道４４２号,下世利寒田線,44201,0,0.7,大分市玉沢,17171,大分市玉沢,17582,34753,1.29,1.03,24.2,22,25.5,50
44302100485,一般国道２１０号,下世利寒田線,,44201,0,0.8,大分市玉沢,17171,大分市玉沢,17582,34753,1.29,1.03,17.3,28.9,25.5,50
44302100490,一般国道２１０号,,大分大野線,44201,0,0.6,大分市玉沢,17171,大分市玉沢,17582,34753,1.29,1.03,28.6,24.9,25.5,50
44302100495,一般国道２１０号,大分大野線,,44201,0,0.5,大分市玉沢,17171,大分市玉沢,17582,34753,1.29,1.4,14.9,24.2,25,50
44302100500,一般国道２１０号,,大分光吉インター線,44201,0,0.7,大分市玉沢,17171,大分市玉沢,17582,34753,1.29,1.4,24.8,25.5,25,50
44302100510,一般国道２１０号,大分光吉インター線,一般国道１０号,44201,0,0.7,大分市光吉,14033,大分市光吉,11545,25578,1.28,0.98,20.8,9.3,25,50
44302100530,一般国道２１０号,一般国道１０号,一般国道４４２号,44201,0,1.2,大分市豊饒１丁目,12938,大分市豊饒１丁目,13071,26009,1.29,0.84,9.9,8.4,25,50
44302100535,一般国道２１０号,一般国道４４２号,,44201,0,0.2,大分市豊饒１丁目,12938,大分市豊饒１丁目,13071,26009,1.29,0.84,10.1,15.7,25,50
44302100540,一般国道２１０号,,小挾間大分線,44201,0,0.3,大分市大道町３丁目,21111,大分市大道町３丁目,18404,39515,1.3,1.43,16.2,12.8,25,50
44302100550,一般国道２１０号,小挾間大分線,大分臼杵線,44201,0,0.8,大分市大道町３丁目,21111,大分市大道町３丁目,18404,39515,1.3,1.43,22.7,10.4,25,50
44302100560,一般国道２１０号,大分臼杵線,一般国道１０号,44201,0,1.4,大分市大道町３丁目,21111,大分市大道町３丁目,18404,39515,1.3,1.43,14.3,17.3,25,50
44302100580,一般国道２１０号,,,44462,0,0.4,,,,,,,,,,9.25,50
44302110010,一般国道２１１号,一般国道２１０号,一般国道３８６号,44204,0,0.2,日田市大字大肥,1769,日田市大字大肥,1800,3569,1.22,0.36,11.4,7.8,10.2,40
44302110020,一般国道２１１号,一般国道３８６号,一般国道３８６号,44204,0,0.1,日田市大字大肥,1769,日田市大字大肥,1800,3569,1.22,0.36,20.3,15.6,10.2,40
44302110030,一般国道２１１号,一般国道３８６号,和田大鶴停車場線,44204,0,5.7,日田市大字大肥,1769,日田市大字大肥,1800,3569,1.22,0.36,45.9,49.1,10.2,40
44302110040,一般国道２１１号,和田大鶴停車場線,和田大鶴停車場線,44204,0,0.3,日田市大字大肥,1769,日田市大字大肥,1800,3569,1.22,0.36,30.5,44.6,10.2,40
44302110045,一般国道２１１号,和田大鶴停車場線,和田大鶴停車場線,44204,0,0.1,日田市大字大肥,1769,日田市大字大肥,1800,3569,1.22,0.36,49.8,39.2,10.2,40
44302110050,一般国道２１１号,和田大鶴停車場線,一般国道２１１号,44204,0,1.1,日田市大字大肥,1769,日田市大字大肥,1800,3569,1.22,0.36,52,49.8,10.2,40
44302120010,一般国道２１２号,一般国道２１３号,豊前万田線,44203,0,2.1,中津市大字万田,14341,中津市大字万田,7580,21921,1.25,3.43,24.9,24.2,16,40
44302120020,一般国道２１２号,豊前万田線,東下中津線,44203,0,0.3,中津市大字万田,14341,中津市大字万田,7580,21921,1.25,3.43,17.2,20.9,16,40
44302120030,一般国道２１２号,東下中津線,東下中津線,44203,0,0.2,中津市大字万田,14341,中津市大字万田,7580,21921,1.25,3.43,21.1,17.2,16,40
44302120040,一般国道２１２号,東下中津線,円座中津線,44203,0,1.2,中津市大字万田,14341,中津市大字万田,7580,21921,1.25,3.43,32,32.7,16,40
44302120050,一般国道２１２号,円座中津線,臼木沖代線,44203,0,3.1,中津市三光佐知,4064,中津市三光佐知,3892,7956,1.23,0.68,51.1,50.5,16,40
44302120060,一般国道２１２号,臼木沖代線,野路土佐井線,44203,0,0.1,中津市三光佐知,4064,中津市三光佐知,3892,7956,1.23,0.58,21,25.9,22.3,50
44302120070,一般国道２１２号,野路土佐井線,渋見成恒中津線,44203,0,2.7,,6450,,6194,12644,1.25,0.95,21,25.9,16.3,50
44302120080,一般国道２１２号,渋見成恒中津線,吉富本耶馬溪線,44203,0,0.7,,6450,,6194,12644,1.25,0.95,52.9,48.9,16.3,50
44302120090,一般国道２１２号,吉富本耶馬溪線,一般国道５００号,44203,0,1.7,中津市耶馬渓町大字戸原,4113,中津市耶馬渓町大字戸原,4207,8320,1.24,0.73,37.4,33.6,13,50
44302120100,一般国道２１２号,一般国道５００号,東上戸原線,44203,0,4,中津市耶馬渓町大字戸原,4113,中津市耶馬渓町大字戸原,4207,8320,1.24,0.73,48.5,48.9,13,50
44302120110,一般国道２１２号,東上戸原線,豊前耶馬溪線,44203,0,1.9,,4821,,5078,9899,1.24,0.79,52.8,51.8,12.3,50
44302120120,一般国道２１２号,豊前耶馬溪線,森耶馬溪線,44203,0,2.1,,4821,,5078,9899,1.24,0.79,49.1,49.5,12.3,50
44302120130,一般国道２１２号,森耶馬溪線,平原耶馬溪線,44203,0,3.6,,4821,,5078,9899,1.24,0.79,52.2,51.7,12.3,50
44302120135,一般国道２１２号,平原耶馬溪線,一般国道２１２号,44203,0,0.2,中津市耶馬渓町大字宮園,3489,中津市耶馬渓町大字宮園,3592,7081,1.23,0.65,25.9,22.2,13.7,50
44302120140,一般国道２１２号,一般国道２１２号,津民中摩線,44203,0,4,中津市耶馬渓町大字宮園,3489,中津市耶馬渓町大字宮園,3592,7081,1.23,0.65,25.9,22.2,13.7,50
44302120150,一般国道２１２号,津民中摩線,玖珠山国線,44203,0,0.2,中津市山国町宇曽,3705,中津市山国町宇曽,3797,7502,1.23,0.98,26.7,27.1,13,50
44302120160,一般国道２１２号,玖珠山国線,一般国道４９６号,44203,0,2.9,中津市山国町宇曽,3705,中津市山国町宇曽,3797,7502,1.23,0.98,49.2,46.8,13,50
44302120170,一般国道２１２号,一般国道４９６号,日田山国線,44203,0,0.9,中津市山国町宇曽,3705,中津市山国町宇曽,3797,7502,1.23,0.98,49.7,53.1,13,50
44302120180,一般国道２１２号,日田山国線,中津市・日田市境,44203,0,3.4,中津市山国町宇曽,3705,中津市山国町宇曽,3797,7502,1.23,0.98,45.2,47.8,13,50
44302120190,一般国道２１２号,中津市・日田市境,宝珠山日田線,44204,0,5,日田市大字花月,1951,日田市大字花月,2711,4662,1.15,0.5,59.2,57.8,9.2,50
44302120200,一般国道２１２号,宝珠山日田線,大鶴熊取線,44204,0,1.6,日田市大字花月,1951,日田市大字花月,2711,4662,1.15,0.5,41.5,40.2,9.2,50
44302120210,一般国道２１２号,大鶴熊取線,西有田豆田線,44204,0,0.8,日田市中ノ島,5994,日田市中ノ島,5527,11521,1.25,0.96,30.4,28.9,25,50
44302120215,一般国道２１２号,西有田豆田線,,44204,0,0.7,日田市中ノ島,5994,日田市中ノ島,5527,11521,1.25,0.96,21.5,11.9,25,50
44302120220,一般国道２１２号,,九州横断自動車道長崎大分線,44204,0,0.6,日田市中ノ島,5994,日田市中ノ島,5527,11521,1.25,0.96,15.6,21.3,25,50
44302120230,一般国道２１２号,九州横断自動車道長崎大分線,一般国道２１２号,44204,0,1.6,日田市中ノ島,5994,日田市中ノ島,5527,11521,1.25,0.96,25.9,21.7,25,50
44302120235,一般国道２１２号,一般国道２１２号,石井庄手線,44204,0,0.6,日田市中ノ島,5994,日田市中ノ島,5527,11521,1.25,0.96,12.9,21,25,50
44302120240,一般国道２１２号,石井庄手線,一般国道２１０号,44204,0,1.8,日田市中ノ島,5994,日田市中ノ島,5527,11521,1.25,0.96,25,31,25,50
44302120260,一般国道２１２号,日田鹿本線,日田鹿本線,44204,0,0.7,日田市大字高瀬,3348,日田市大字高瀬,3304,6652,1.23,0.71,16.1,30.8,16.5,50
44302120270,一般国道２１２号,日田鹿本線,一般国道２１２号,44204,0,0.1,日田市大字高瀬,3348,日田市大字高瀬,3304,6652,1.23,0.71,32.2,29.9,16.5,50
44302120340,一般国道２１２号,一般国道２１２号,日田鹿本線,44204,0,1.8,日田市大字高瀬,5428,日田市大字高瀬,5076,10504,1.22,1.01,45.4,46.6,10.9,50
44302120350,一般国道２１２号,日田鹿本線,日田鹿本線,44204,0,1.5,日田市大字高瀬,5428,日田市大字高瀬,5076,10504,1.22,1.01,44.3,34.8,10.9,50
44302120355,一般国道２１２号,日田鹿本線,一般国道２１２号,44204,0,2.4,日田市大山町西大山,3123,日田市大山町西大山,2851,5974,1.22,0.67,39.1,38.5,6.8,40
44302120360,一般国道２１２号,一般国道２１２号,,44204,0,2,日田市大山町西大山,3123,日田市大山町西大山,2851,5974,1.22,0.67,58.5,57.1,6.8,40
44302120370,一般国道２１２号,,西大山大野日田線,44204,0,0.2,日田市大山町西大山,2439,日田市大山町西大山,2367,4806,1.14,0.56,48.9,42.9,9.3,40
44302120380,一般国道２１２号,西大山大野日田線,栃野西大山線,44204,0,3.5,日田市大山町西大山,2439,日田市大山町西大山,2367,4806,1.14,0.56,41.9,41.5,9.3,40
44302120390,一般国道２１２号,栃野西大山線,天瀬阿蘇線,44204,0,0.9,日田市天瀬町出口,1524,日田市天瀬町出口,1365,2889,1.21,0.56,23.3,41.6,7.5,40
44302120400,一般国道２１２号,天瀬阿蘇線,天瀬阿蘇線,44204,0,1.3,日田市天瀬町出口,1524,日田市天瀬町出口,1365,2889,1.21,0.56,45.7,48.1,7.5,40
44302120410,一般国道２１２号,天瀬阿蘇線,一般国道２１２号,44204,0,2,日田市天瀬町出口,1524,日田市天瀬町出口,1365,2889,1.21,0.56,50.3,50.5,7.5,40
44302120285,一般国道２１２号,一般国道２１２号,石井庄手線,44204,0,0.6,,,,,,,,15.8,17.8,16.4,40
44302120290,一般国道２１２号,石井庄手線,(旧)石井庄手線,44204,0,0.1,,,,,,,,16.4,17,16.4,40
44302120300,一般国道２１２号,(旧)石井庄手線,日田鹿本線,44204,0,0.7,,,,,,,,17.7,16.5,16.4,40
44302120310,一般国道２１２号,日田鹿本線,一般国道３８６号,44204,0,1.5,日田市若宮町,8586,日田市若宮町,8842,17428,1.27,1.29,22,25,16,40
44302120320,一般国道２１２号,一般国道３８６号,岩戸五馬日田線,44204,0,0.3,日田市大字高瀬,5428,日田市大字高瀬,5076,10504,1.22,1.01,12.3,21.8,10.9,50
44302120330,一般国道２１２号,岩戸五馬日田線,一般国道２１２号,44204,0,1.5,日田市大字高瀬,5428,日田市大字高瀬,5076,10504,1.22,1.01,40.1,34.6,10.9,50
44302120430,一般国道２１２号,一般国道２１３号,一般国道１０号,44203,1,2.9,中津市三光下秣,564,中津市三光下秣,755,1319,1.19,0.1,74.4,72.5,12.3,70
44302120470,一般国道２１２号,一般国道１０号,円座中津線,44203,1,2.6,中津市三光下秣,564,中津市三光下秣,755,1319,1.19,0.13,81.3,78.1,13.5,70
44302120475,一般国道２１２号,円座中津線,東九州自動車道,44203,1,0.3,中津市三光下秣,564,中津市三光下秣,755,1319,1.19,0.13,82,75.7,13.5,70
44302120480,一般国道２１２号,東九州自動車道,,44203,1,2.7,中津市三光下秣,564,中津市三光下秣,755,1319,1.19,0.13,94.8,81.1,13.5,70
44302120450,一般国道２１２号,一般国道５００号,森耶馬溪線,44203,1,5,中津市三光下秣,564,中津市三光下秣,755,1319,1.19,0.04,76.6,61.5,23.1,70
44302120500,一般国道２１２号,森耶馬溪線,一般国道２１２号,44203,1,3,,,,,,,,53.8,73.9,7,40
44302120520,一般国道２１２号,一般国道２１２号,一般国道２１２号,44204,0,2.4,,,,,,,,54.2,,7.5,40
44302130010,一般国道２１３号,一般国道１０号,日出港線,44341,0,0.3,速見郡日出町大字藤原,9453,速見郡日出町大字藤原,9300,18753,1.26,1.71,14.8,19.2,14.5,50
44302130020,一般国道２１３号,日出港線,一般国道２１３号,44341,0,1.4,速見郡日出町大字藤原,9453,速見郡日出町大字藤原,9300,18753,1.26,1.71,42.5,43.7,14.5,50
44302130030,一般国道２１３号,一般国道２１３号,日出町・杵築市境,44341,0,3.4,速見郡日出町大字藤原,9453,速見郡日出町大字藤原,9300,18753,1.26,1.71,37.1,35.9,14.5,50
44302130040,一般国道２１３号,日出町・杵築市境,八坂真那井線,44210,0,1.4,杵築市大字日野,3802,杵築市大字日野,3763,7565,1.23,0.63,33.4,26.2,11.5,50
44302130050,一般国道２１３号,八坂真那井線,八坂真那井線,44210,0,1.1,杵築市大字日野,3802,杵築市大字日野,3763,7565,1.23,0.63,43.9,43.4,11.5,50
44302130060,一般国道２１３号,八坂真那井線,日出真那井杵築線,44210,0,2.7,杵築市大字日野,3802,杵築市大字日野,3763,7565,1.23,0.63,36.9,38.8,11.5,50
44302130070,一般国道２１３号,日出真那井杵築線,大田杵築線,44210,0,1.3,杵築市守江,5236,杵築市守江,4919,10155,1.26,0.76,30.5,22.5,10.5,50
44302130080,一般国道２１３号,大田杵築線,糸原杵築線,44210,0,1.1,杵築市守江,5236,杵築市守江,4919,10155,1.26,0.76,26.9,31.9,10.5,50
44302130090,一般国道２１３号,糸原杵築線,杵築市・国東市境,44210,0,10.1,杵築市守江,5236,杵築市守江,4919,10155,1.26,0.76,48.3,50,10.5,50
44302130100,一般国道２１３号,杵築市・国東市境,糸原杵築線,44214,0,0.2,国東市安岐町下原,5109,国東市安岐町下原,5420,10529,1.24,0.53,21.9,15.4,25.7,60
44302130110,一般国道２１３号,糸原杵築線,豊後高田安岐線,44214,0,0.4,国東市安岐町下原,5109,国東市安岐町下原,5420,10529,1.24,0.53,20,34,25.7,60
44302130120,一般国道２１３号,豊後高田安岐線,糸原杵築線,44214,0,3.3,国東市安岐町下原,5109,国東市安岐町下原,5420,10529,1.24,0.53,40.8,41.7,25.7,60
44302130130,一般国道２１３号,糸原杵築線,両子山武蔵線,44214,0,2.5,国東市武蔵町糸原,4480,国東市武蔵町糸原,4111,8591,1.25,0.72,48.9,45.5,15.5,60
44302130140,一般国道２１３号,両子山武蔵線,国東安岐線,44214,0,5.7,国東市国東町小原,3962,国東市国東町小原,3857,7819,1.24,0.77,45.5,40.2,12.5,60
44302130150,一般国道２１３号,国東安岐線,豊後高田国東線,44214,0,2.3,国東市国東町田深,4397,国東市国東町田深,4292,8689,1.13,0.79,25.4,24.2,14.6,40
44302130160,一般国道２１３号,豊後高田国東線,赤根富来浦線,44214,0,4.2,国東市国東町東堅来,2275,国東市国東町東堅来,2150,4425,1.22,0.46,48.1,47.8,8.5,50
44302130170,一般国道２１３号,赤根富来浦線,文珠山浜線,44214,0,6.3,国東市国東町東堅来,2275,国東市国東町東堅来,2150,4425,1.22,0.46,48.1,47.8,8.5,50
44302130180,一般国道２１３号,文珠山浜線,熊毛港線,44214,0,5,国東市国東町東堅来,2275,国東市国東町東堅来,2150,4425,1.22,0.46,56.5,55,8.5,50
44302130190,一般国道２１３号,熊毛港線,伊美港線,44214,0,6.2,国東市国見町伊美,2135,国東市国見町伊美,2112,4247,1.22,0.37,53.8,53.6,10.5,40
44302130195,一般国道２１３号,伊美港線,山香国見線,44214,0,1.1,国東市国見町伊美,2135,国東市国見町伊美,2112,4247,1.22,0.37,41.7,40.9,10.5,40
44302130200,一般国道２１３号,山香国見線,市道（旧：山香国見線）,44214,0,0.2,国東市国見町伊美,2135,国東市国見町伊美,2112,4247,1.22,0.37,36,28,10.5,40
44302130210,一般国道２１３号,市道（旧：山香国見線）,竹田津港線,44214,0,2.5,国東市国見町伊美,2135,国東市国見町伊美,2112,4247,1.22,0.37,55.2,56,10.5,40
44302130220,一般国道２１３号,竹田津港線,国東市・豊後高田市境,44214,0,1.9,国東市国見町竹田津,1464,国東市国見町竹田津,1490,2954,1.21,0.26,52.3,52.8,11,50
44302130230,一般国道２１３号,国東市・豊後高田市境,小河内香々地線,44209,0,2.9,,,,,,,,42.8,45.7,15.5,50
44302130240,一般国道２１３号,小河内香々地線,夷堅来線,44209,0,4.5,豊後高田市香々地字石田,1925,豊後高田市香々地字石田,1988,3913,1.22,0.39,51.2,51.4,15,50
44302130250,一般国道２１３号,夷堅来線,赤根真玉線,44209,0,6.8,豊後高田市呉崎字友野,5057,豊後高田市呉崎字友野,5178,10235,1.24,0.83,48.6,49.2,16,50
44302130260,一般国道２１３号,赤根真玉線,高田港線,44209,0,6,豊後高田市呉崎字友野,5057,豊後高田市呉崎字友野,5178,10235,1.24,0.83,41,38.4,16,50
44302130270,一般国道２１３号,高田港線,中津高田線,44209,0,0.9,宇佐市大字山,4864,宇佐市大字山,4534,9398,1.19,1.07,17.3,16.5,14,50
44302130280,一般国道２１３号,中津高田線,豊後高田市・宇佐市境,44209,0,1.8,宇佐市大字山,4864,宇佐市大字山,4534,9398,1.19,1.07,29.6,33.9,14,50
44302130290,一般国道２１３号,豊後高田市・宇佐市境,一般国道１０号,44211,0,1.9,宇佐市大字山,4864,宇佐市大字山,4534,9398,1.19,0.86,47,31.7,10.8,50
44302130310,一般国道２１３号,一般国道１０号,万田四日市線,44211,0,0.3,,12899,,12477,25376,1.28,2.03,12.1,37.5,14,50
44302130320,一般国道２１３号,万田四日市線,宇佐市・中津市境,44211,0,0,,12899,,12477,25376,1.28,2.03,26.8,45,14,50
44302130330,一般国道２１３号,宇佐市・中津市境,中津市・宇佐市境,44203,0,0.1,,12899,,12477,25376,1.28,1.65,37,46.7,11.8,50
44302130340,一般国道２１３号,中津市・宇佐市境,宇佐市・中津市境,44211,0,0.1,,12899,,12477,25376,1.28,1.66,41.1,48.7,11.8,50
44302130350,一般国道２１３号,宇佐市・中津市境,鍋島植野線,44203,0,0.8,,12899,,12477,25376,1.28,1.9,45,42.8,12,50
44302130360,一般国道２１３号,鍋島植野線,一般国道２１２号,44203,0,1.9,,12899,,12477,25376,1.28,1.9,35.7,29.1,12,50
44302130370,一般国道２１３号,一般国道２１２号,東中津停車場線,44203,0,1.7,,12899,,12477,25376,1.28,1.9,35.6,27.5,12,50
44302130380,一般国道２１３号,東中津停車場線,中津吉富線,44203,0,1.2,中津市大字下池永,9076,中津市大字下池永,9742,18818,1.27,0.46,20.2,21.4,22,50
44302130385,一般国道２１３号,中津吉富線,,44203,0,1.8,中津市大字下池永,9076,中津市大字下池永,9742,18818,1.27,0.46,24.5,23.4,22,50
44302130390,一般国道２１３号,,臼木沖代線,44203,0,0.6,中津市大字下池永,9076,中津市大字下池永,9742,18818,1.27,0.46,32.5,31,22,50
44302130400,一般国道２１３号,臼木沖代線,一般国道２１２号,44203,0,0.9,中津市大字下池永,9076,中津市大字下池永,9742,18818,1.27,0.46,21.3,22.7,22,50
44302130440,一般国道２１３号,一般国道２１３号,一般国道２１３号,44341,1,2.5,速見郡日出町大字藤原,3881,速見郡日出町大字藤原,4314,8195,1.23,0.98,35.5,49.2,10.5,70
44302130420,一般国道２１３号,一般国道１０号,一般国道２１３号,44341,1,3.2,速見郡日出町大字藤原,3066,速見郡日出町大字藤原,2788,5854,1.23,0.65,84,86,11.1,70
44302130450,一般国道２１３号,一般国道２１３号,日出町・杵築市境,44341,1,0.3,速見郡日出町大字藤原,7150,速見郡日出町大字藤原,7174,14324,1.25,0.42,77.3,81.9,19.5,70
44302130460,一般国道２１３号,日出町・杵築市境,大田杵築線,44210,1,7.1,,6467,,8368,14835,1.25,0.43,77.1,79.5,20.5,70
44302170010,一般国道２１７号,一般国道１９７号,佐賀関循環線,44201,0,0.6,大分市佐賀関,4306,大分市佐賀関,3838,8144,1.24,1.3,35,29.2,11,40
44302170020,一般国道２１７号,佐賀関循環線,佐賀関循環線,44201,0,1.4,大分市大字白木,1354,大分市大字白木,1330,2684,1.21,0.27,34.6,40.2,11,40
44302170030,一般国道２１７号,佐賀関循環線,大分市・臼杵市境,44201,0,7.4,大分市大字白木,1354,大分市大字白木,1330,2684,1.21,0.27,54.5,54.2,11,40
44302170040,一般国道２１７号,大分市・臼杵市境,臼杵坂ノ市線,44206,0,4.4,臼杵市大字佐志生,845,臼杵市大字佐志生,825,1670,1.21,0.2,49.8,49.9,11,50
44302170050,一般国道２１７号,臼杵坂ノ市線,臼杵坂ノ市線,44206,0,0.1,臼杵市大字佐志生,845,臼杵市大字佐志生,825,1670,1.21,0.2,24.5,22.9,11,50
44302170060,一般国道２１７号,臼杵坂ノ市線,大分臼杵線,44206,0,3.7,臼杵市大字井村,4665,臼杵市大字井村,4728,9393,1.25,0.68,53.2,53.8,13,50
44302170070,一般国道２１７号,大分臼杵線,一般国道５０２号,44206,0,2.4,臼杵市大字市浜,5194,臼杵市大字市浜,5275,10469,1.25,0.98,22.9,20,13,50
44302170080,一般国道２１７号,一般国道５０２号,臼杵市・津久見市境,44206,0,3.9,臼杵市大字内畑,7425,臼杵市大字内畑,6935,14360,1.25,1.22,25.6,36.6,10,50
44302170090,一般国道２１７号,臼杵市・津久見市境,臼杵津久見線,44207,0,2.7,臼杵市大字内畑,7425,臼杵市大字内畑,6935,14360,1.25,1.21,44.2,36,8,50
44302170100,一般国道２１７号,臼杵津久見線,津久見野津線,44207,0,0.5,臼杵市大字内畑,7425,臼杵市大字内畑,6935,14360,1.25,1.21,19.7,30.4,8,50
44302170110,一般国道２１７号,津久見野津線,佐伯津久見線,44207,0,0.8,津久見市セメント町,4843,津久見市セメント町,4618,9461,1.26,0.86,27.4,31.5,16,40
44302170115,一般国道２１７号,佐伯津久見線,一般国道２１７号,44207,0,0.6,津久見市セメント町,4843,津久見市セメント町,4618,9461,1.26,0.86,23.8,21.2,16,40
44302170120,一般国道２１７号,一般国道２１７号,津久見停車場線,44207,0,1.1,津久見市セメント町,4843,津久見市セメント町,4618,9461,1.26,0.86,19.7,24.3,16,40
44302170130,一般国道２１７号,津久見停車場線,四浦日代線,44207,0,4.5,津久見市中央町,4805,津久見市中央町,4853,9658,1.16,0.84,44.6,44.3,15,50
44302170140,一般国道２１７号,四浦日代線,津久見市・佐伯市境,44207,0,0.6,津久見市大字網代,1341,津久見市大字網代,1367,2708,1.21,0.28,54.5,52,10,50
44302170150,一般国道２１７号,津久見市・佐伯市境,四浦港津井浦線,44205,0,1.1,佐伯市上浦大字浅海井浦,1959,佐伯市上浦大字浅海井浦,2045,4004,1.22,0.36,38.5,19.9,10.5,40
44302170160,一般国道２１７号,四浦港津井浦線,床木海崎停車場線,44205,0,9.1,佐伯市上浦大字浅海井浦,1959,佐伯市上浦大字浅海井浦,2045,4004,1.22,0.36,42.9,42.5,10.5,40
44302170170,一般国道２１７号,床木海崎停車場線,,44205,0,0.5,佐伯市大字狩生,2296,佐伯市大字狩生,2473,4769,1.22,0.68,26.8,19.3,13,50
44302170180,一般国道２１７号,,佐伯弥生線,44205,0,1.8,佐伯市大字鶴望,5975,佐伯市大字鶴望,6415,12390,1.25,1.22,35.4,29.9,12.5,40
44302170190,一般国道２１７号,佐伯弥生線,一般国道３８８号,44205,0,1,佐伯市大字鶴望,5975,佐伯市大字鶴望,6415,12390,1.25,1.22,26.4,14.4,12.5,40
44302170200,一般国道２１７号,一般国道３８８号,佐伯弥生線,44205,0,3.8,佐伯市常盤東町,3154,佐伯市常盤東町,4040,7194,1.24,0.81,23.6,24,14.6,40
44302170210,一般国道２１７号,佐伯弥生線,佐伯津久見線,44205,0,0.3,佐伯市大字上岡,3447,佐伯市大字上岡,4144,7591,1.21,0.83,19.3,17.7,10.3,50
44302170220,一般国道２１７号,佐伯津久見線,上岡停車場線,44205,0,1.1,佐伯市大字上岡,3447,佐伯市大字上岡,4144,7591,1.21,0.83,30.2,34.3,10.3,50
44302170230,一般国道２１７号,上岡停車場線,一般国道１０号,44205,0,1.8,佐伯市大字上岡,3447,佐伯市大字上岡,4144,7591,1.21,0.83,44.4,36.4,10.3,50
44302170270,一般国道２１７号,,,44206,0,4.4,,7690,,7576,15266,1.25,9.11,,,5,40
44302170290,一般国道２１７号,,佐伯弥生線,44205,0,1.4,,7690,,7576,15266,1.25,0.92,42.7,29.4,12.2,50
44302170250,一般国道２１７号,佐伯弥生線,佐伯津久見線,44205,0,1.8,佐伯市弥生大字小田,4111,佐伯市弥生大字小田,4133,8244,1.26,0.72,28.6,24.8,12.2,50
44302170260,一般国道２１７号,佐伯津久見線,一般国道１０号,44205,0,1.7,佐伯市弥生大字小田,4111,佐伯市弥生大字小田,4133,8244,1.26,0.67,34.3,33.4,12,50
44302170310,一般国道２１７号,,,44201,0,1,,,,,,,,59.1,59.1,4.5,60
44302170330,一般国道２１７号,,一般国道２１７号,44207,0,0.8,,,,,,,,40.1,18.3,15,50
44303260010,一般国道３２６号,一般国道３２６号,日之影宇目線,44205,0,7.9,佐伯市宇目大字南田原,984,佐伯市宇目大字南田原,1025,2009,1.27,0.45,59.7,61.9,19,50
44303260020,一般国道３２６号,日之影宇目線,小野市重岡線,44205,0,2.2,佐伯市宇目大字南田原,984,佐伯市宇目大字南田原,1025,2009,1.27,0.45,57.6,58.6,19,50
44303260030,一般国道３２６号,小野市重岡線,伏野宇目線,44205,0,5,佐伯市宇目大字小野市,1567,佐伯市宇目大字小野市,1479,3046,1.25,0.53,61.5,60.6,15.4,50
44303260040,一般国道３２６号,伏野宇目線,佐伯市・豊後大野市境,44205,0,1,佐伯市宇目大字小野市,1567,佐伯市宇目大字小野市,1479,3046,1.25,0.53,67.5,66.9,15.4,50
44303260045,一般国道３２６号,佐伯市・豊後大野市境,三重新殿線,44212,0,7.8,豊後大野市三重町市場,2165,豊後大野市三重町市場,1990,4155,1.23,0.61,62.3,59.5,10.8,50
44303260050,一般国道３２６号,三重新殿線,一般国道５０２号,44212,0,1.1,豊後大野市三重町市場,2165,豊後大野市三重町市場,1990,4155,1.23,0.61,30.8,24.5,10.8,50
44303260060,一般国道３２６号,一般国道５０２号,三重停車場線,44212,0,0.5,豊後大野市三重町芦刈,8148,豊後大野市三重町芦刈,8197,16345,1.26,1.6,17.2,21,16,40
44303260070,一般国道３２６号,三重停車場線,三重弥生線,44212,0,0.6,豊後大野市三重町芦刈,8148,豊後大野市三重町芦刈,8197,16345,1.26,1.6,21.5,23.5,16,40
44303260080,一般国道３２６号,三重弥生線,三重新殿線,44212,0,0.5,豊後大野市三重町芦刈,8148,豊後大野市三重町芦刈,8197,16345,1.26,1.6,22,21.2,16,40
44303260090,一般国道３２６号,三重新殿線,一般国道５０２号,44212,0,2.6,豊後大野市三重町芦刈,8148,豊後大野市三重町芦刈,8197,16345,1.26,1.6,26,25.6,16,40
44303260100,一般国道３２６号,一般国道５０２号,百枝浅瀬野津線,44212,0,4.5,豊後大野市三重町宮野,4210,豊後大野市三重町宮野,4181,8391,1.24,0.92,42.9,47.7,11.3,50
44303260110,一般国道３２６号,百枝浅瀬野津線,百枝浅瀬野津線,44212,0,2.2,豊後大野市三重町宮野,4210,豊後大野市三重町宮野,4181,8391,1.24,0.92,57.8,55.3,11.3,50
44303260120,一般国道３２６号,百枝浅瀬野津線,一般国道５７号,44212,0,2.7,豊後大野市犬飼町田原,4745,豊後大野市犬飼町田原,4859,9604,1.24,0.8,41.3,32.7,12.1,50
44303260130,一般国道３２６号,一般国道５７号,一般国道１０号,44212,0,0.5,豊後大野市犬飼町下津尾,3414,豊後大野市犬飼町下津尾,3122,6536,1.23,0.69,15.2,18.4,8.2,50
44303860010,一般国道３８６号,一般国道２１０号,一般国道２１２号,44204,0,1.2,日田市三芳小渕町,4061,日田市三芳小渕町,4041,8102,1.24,0.62,28.1,30.5,12.9,40
44303860030,一般国道３８６号,一般国道２１２号,一般国道２１１号,44204,0,7,日田市大字十二町,7880,日田市大字十二町,8654,16534,1.18,1.29,33.5,36.6,7.8,40
44303860050,一般国道３８６号,一般国道２１１号,一般国道３８６号,44204,0,3.7,日田市大字夜明,2693,日田市大字夜明,2865,5558,1.23,0.48,44.7,49.7,7,40
44303870010,一般国道３８７号,一般国道１０号,宇佐インター線,44211,0,2.7,宇佐市大字別府,5536,宇佐市大字別府,5321,10857,1.24,0.83,23.7,32.1,10,50
44303870020,一般国道３８７号,宇佐インター線,一般国道１０号（宇佐別府道路）,44211,0,2.7,宇佐市大字別府,5536,宇佐市大字別府,5321,10857,1.24,0.83,44.4,50.3,10,50
44303870030,一般国道３８７号,一般国道１０号（宇佐別府道路）,円座中津線,44211,0,2,宇佐市大字別府,5536,宇佐市大字別府,5321,10857,1.24,0.83,48.8,48.7,10,50
44303870040,一般国道３８７号,円座中津線,山香院内線,44211,0,0.8,,7761,,7433,15194,1.25,1.21,42.1,43.5,8,40
44303870050,一般国道３８７号,山香院内線,一般国道５００号,44211,0,2.3,宇佐市院内町山城,2445,宇佐市院内町山城,2245,4690,1.22,0.43,52.4,52.4,15.3,50
44303870060,一般国道３８７号,一般国道５００号,一般国道５００号,44211,0,0.2,宇佐市院内町山城,2445,宇佐市院内町山城,2245,4690,1.22,0.43,38.3,27,15.3,50
44303870070,一般国道３８７号,一般国道５００号,一般国道５００号,44211,0,1.8,宇佐市院内町山城,2445,宇佐市院内町山城,2245,4690,1.22,0.43,45,44,15.3,50
44303870080,一般国道３８７号,一般国道５００号,耶馬渓院内線,44211,0,1.4,宇佐市院内町山城,2445,宇佐市院内町山城,2245,4690,1.22,0.43,50.7,50.2,15.3,50
44303870090,一般国道３８７号,耶馬渓院内線,耶馬渓院内線,44211,0,0.2,宇佐市院内町山城,2445,宇佐市院内町山城,2245,4690,1.22,0.43,52.4,48.3,15.3,50
44303870100,一般国道３８７号,耶馬渓院内線,下恵良九重線,44211,0,2.2,宇佐市院内町山城,2445,宇佐市院内町山城,2245,4690,1.22,0.43,50.7,46.5,15.3,50
44303870110,一般国道３８７号,下恵良九重線,一般国道３８７号,44211,0,3.1,宇佐市院内町温見,632,宇佐市院内町温見,618,1250,1.15,0.25,58.5,56.8,10.2,60
44303870120,一般国道３８７号,一般国道３８７号,一般国道３８７号,44211,0,1.3,宇佐市院内町温見,632,宇佐市院内町温見,618,1250,1.15,0.25,55.2,53,10.2,60
44303870130,一般国道３８７号,一般国道３８７号,一般国道３８７号,44211,0,0.9,宇佐市院内町温見,632,宇佐市院内町温見,618,1250,1.15,0.25,60.6,57.9,10.2,60
44303870140,一般国道３８７号,一般国道３８７号,一般国道３８７号,44211,0,0.9,宇佐市院内町温見,632,宇佐市院内町温見,618,1250,1.15,0.25,57.2,53.7,10.2,60
44303870150,一般国道３８７号,一般国道３８７号,宇佐市・玖珠町境,44211,0,1.7,宇佐市院内町温見,632,宇佐市院内町温見,618,1250,1.15,0.25,54.1,50.8,10.2,60
44303870160,一般国道３８７号,宇佐市・玖珠町境,一般国道３８７号,44462,0,3.8,玖珠郡玖珠町大字森,785,玖珠郡玖珠町大字森,865,1650,1.19,0.24,57.4,54.7,120,50
44303870170,一般国道３８７号,一般国道３８７号,一般国道３８７号,44462,0,0.9,玖珠郡玖珠町大字森,785,玖珠郡玖珠町大字森,865,1650,1.19,0.24,60.7,60.2,120,50
44303870180,一般国道３８７号,一般国道３８７号,深耶馬玖珠線,44462,0,6,玖珠郡玖珠町大字森,785,玖珠郡玖珠町大字森,865,1650,1.19,0.24,60.9,63,120,50
44303870190,一般国道３８７号,深耶馬玖珠線,森耶馬溪線,44462,0,2.5,玖珠郡玖珠町大字森,785,玖珠郡玖珠町大字森,865,1650,1.19,0.24,55.4,57.9,120,50
44303870200,一般国道３８７号,森耶馬溪線,川上玖珠線,44462,0,0.8,玖珠郡玖珠町帆足,3626,玖珠郡玖珠町帆足,3800,7426,1.23,0.56,45.7,47.6,16,50
44303870210,一般国道３８７号,川上玖珠線,九州横断自動車道長崎大分線,44462,0,2.1,玖珠郡玖珠町帆足,3626,玖珠郡玖珠町帆足,3800,7426,1.23,0.56,24.4,27.3,16,50
44303870220,一般国道３８７号,九州横断自動車道長崎大分線,一般国道２１０号,44462,0,2.2,玖珠郡玖珠町帆足,3626,玖珠郡玖珠町帆足,3800,7426,1.23,0.56,37.9,36.3,16,50
44303870240,一般国道３８７号,一般国道３８７号,右田引治線,44461,0,0.8,玖珠郡九重町大字引治,1501,玖珠郡九重町大字引治,1517,3018,1.21,0.36,27.4,25,12,40
44303870250,一般国道３８７号,右田引治線,右田引治線,44461,0,0.2,玖珠郡九重町大字引治,1501,玖珠郡九重町大字引治,1517,3018,1.21,0.36,10.7,10.4,12,40
44303870255,一般国道３８７号,右田引治線,一般国道３８７号ＢＰ（町田バイパス）,44461,0,2.6,玖珠郡九重町大字引治,1501,玖珠郡九重町大字引治,1517,3018,1.21,0.36,31,32.5,12,40
44303870260,一般国道３８７号,一般国道３８７号ＢＰ（町田バイパス）,田野宝泉寺停車場線,44461,0,1.8,玖珠郡九重町大字引治,1501,玖珠郡九重町大字引治,1517,3018,1.21,0.36,54,48.5,12,40
44303870270,一般国道３８７号,田野宝泉寺停車場線,菅原戸畑線,44461,0,4.5,玖珠郡九重町大字引治,1501,玖珠郡九重町大字引治,1517,3018,1.21,0.36,43.6,43.4,12,40
44303870280,一般国道３８７号,菅原戸畑線,一般国道３８７号,44461,0,0.7,玖珠郡九重町菅原,1545,玖珠郡九重町菅原,1643,3188,1.21,0.4,52.2,46.6,11,50
44303870300,一般国道３８７号,一般国道３８７号,天瀬阿蘇線,44204,0,0.4,日田市中津江村栃野,1585,日田市中津江村栃野,1514,3099,1.21,0.46,39.1,39.4,6.9,40
44303870310,一般国道３８７号,天瀬阿蘇線,天瀬阿蘇線,44204,0,0.7,日田市中津江村栃野,1585,日田市中津江村栃野,1514,3099,1.21,0.46,40.4,35.9,6.9,40
44303870320,一般国道３８７号,天瀬阿蘇線,一般国道４４２号,44204,0,1,日田市中津江村栃野,1585,日田市中津江村栃野,1514,3099,1.21,0.46,40.5,34.2,6.9,40
44303870330,一般国道３８７号,一般国道４４２号,天瀬阿蘇線,44204,0,1.5,日田市中津江村栃野,1585,日田市中津江村栃野,1514,3099,1.21,0.46,39.2,44.4,6.9,40
44303870340,一般国道３８７号,天瀬阿蘇線,天瀬阿蘇線,44204,0,0.1,日田市上津江町川原,699,日田市上津江町川原,628,1327,1.15,0.2,40.6,35.9,8.3,40
44303870350,一般国道３８７号,天瀬阿蘇線,一般国道３８７号,44204,0,10.9,日田市上津江町川原,699,日田市上津江町川原,628,1327,1.15,0.2,34.4,40.7,8.3,40
44303870370,一般国道３８７号,一般国道３８７号,一般国道３８７号,44211,0,2.5,宇佐市院内町野地,732,宇佐市院内町野地,670,1402,1.15,1.62,30.9,30.9,5.5,60
44303870390,一般国道３８７号,一般国道３８７号,一般国道３８７号,44211,0,0.9,,,,,,,,77.4,77.4,5.6,60
44303870410,一般国道３８７号,一般国道３８７号,一般国道３８７号,44462,0,1.3,,,,,,,,,,7,40
44303880010,一般国道３８８号,一般国道２１７号,佐伯蒲江線,44205,0,4.2,佐伯市新女島,6588,佐伯市新女島,6207,12795,1.25,0.96,23.8,23.1,16,50
44303880020,一般国道３８８号,佐伯蒲江線,梶寄浦佐伯線,44205,0,0.7,佐伯市蒲江大字楠本浦,675,佐伯市蒲江大字楠本浦,663,1338,1.21,0.14,17.4,25.6,10.8,50
44303880030,一般国道３８８号,梶寄浦佐伯線,長良木立線,44205,0,0.3,佐伯市蒲江大字楠本浦,675,佐伯市蒲江大字楠本浦,663,1338,1.21,0.14,25.7,22.2,10.8,50
44303880040,一般国道３８８号,長良木立線,色宮港木立線,44205,0,1.6,佐伯市蒲江大字楠本浦,675,佐伯市蒲江大字楠本浦,663,1338,1.21,0.14,42.6,36.8,10.8,50
44303880050,一般国道３８８号,色宮港木立線,西野浦河内線,44205,0,16.5,佐伯市蒲江大字楠本浦,675,佐伯市蒲江大字楠本浦,663,1338,1.21,0.14,44.6,45.3,10.8,50
44303880060,一般国道３８８号,西野浦河内線,,44205,0,0.1,佐伯市蒲江大字楠本浦,675,佐伯市蒲江大字楠本浦,663,1338,1.21,0.14,20,34.6,10.8,50
44303880070,一般国道３８８号,,佐伯蒲江線,44205,0,4.6,佐伯市蒲江大字蒲江浦字中村,1500,佐伯市蒲江大字蒲江浦字中村,1594,3094,1.21,0.3,44,45.4,11,50
44303880075,一般国道３８８号,佐伯蒲江線,一般国道３８８号,44205,0,4.1,佐伯市蒲江大字蒲江浦字中村,1500,佐伯市蒲江大字蒲江浦字中村,1594,3094,1.21,0.3,49.2,41,11,50
44303880080,一般国道３８８号,一般国道３８８号,古江丸市尾線,44205,0,3.2,佐伯市蒲江大字蒲江浦字中村,1500,佐伯市蒲江大字蒲江浦字中村,1594,3094,1.21,0.3,47.2,48,11,50
44303880090,一般国道３８８号,古江丸市尾線,一般国道３８８号,44205,0,5.3,佐伯市蒲江大字蒲江浦字中村,1500,佐伯市蒲江大字蒲江浦字中村,1594,3094,1.21,0.3,26.5,27.1,11,50
44303880110,一般国道３８８号,,,44205,0,1.3,,1698,,1780,3478,1.21,0.36,,,12.5,60
44303880150,一般国道３８８号,一般国道３８８号,東九州自動車道,44205,0,1,,,,,,,,33.6,38.7,9.7,40
44304420010,一般国道４４２号,一般国道２１０号,大分挾間線,44201,0,0.4,,16941,,12950,29891,1.34,1.53,13,13.4,16,40
44304420015,一般国道４４２号,大分挾間線,,44201,0,0.9,,16941,,12950,29891,1.34,1.53,20.3,16.6,16,40
44304420020,一般国道４４２号,,大分大野線,44201,0,0.2,,16941,,12950,29891,1.34,1.53,11.2,19.9,16,40
44304420024,一般国道４４２号,大分大野線,大分大野線,44201,0,0.3,,16941,,12950,29891,1.34,1.53,14.8,25.8,16,40
44304420027,一般国道４４２号,大分大野線,,44201,0,0.4,,16941,,12950,29891,1.34,1.53,19.9,26.3,16,40
44304420030,一般国道４４２号,,下世利寒田線,44201,0,1.1,,16941,,12950,29891,1.34,1.53,22.3,20.8,16,40
44304420040,一般国道４４２号,下世利寒田線,一般国道４４２号,44201,0,0.4,,16941,,12950,29891,1.34,1.53,23.2,20.5,16,40
44304420050,一般国道４４２号,一般国道４４２号,一般国道２１０号,44201,0,0.4,大分市上宗方,8632,大分市上宗方,9712,18344,1.26,1.28,17.5,15.2,25,40
44304420060,一般国道４４２号,一般国道２１０号,一般国道４４２号,44201,0,2.6,大分市大字木上,5626,大分市大字木上,5503,11129,1.24,0.95,37.7,44.8,13.6,50
44304420070,一般国道４４２号,一般国道４４２号,一般国道４４２号,44201,0,0.3,大分市大字木上,5626,大分市大字木上,5503,11129,1.24,0.95,36.6,41.2,13.6,50
44304420080,一般国道４４２号,一般国道４４２号,一般国道４４２号,44201,0,1.9,大分市大字木上,5626,大分市大字木上,5503,11129,1.24,0.95,43.1,39.2,13.6,50
44304420090,一般国道４４２号,一般国道４４２号,久住高原野津原線,44201,0,2.5,大分市大字木上,5626,大分市大字木上,5503,11129,1.24,0.95,44.5,42.7,13.6,50
44304420100,一般国道４４２号,久住高原野津原線,一般国道４４２号,44201,0,2,大分市大字竹矢,3352,大分市大字竹矢,3343,6695,1.18,0.81,59.6,57.5,11,50
44304420110,一般国道４４２号,一般国道４４２号,一般国道４４２号,44201,0,1.4,大分市大字竹矢,3352,大分市大字竹矢,3343,6695,1.18,0.81,54,48.9,11,50
44304420120,一般国道４４２号,一般国道４４２号,三重野津原線,44201,0,2,,1177,,1174,2351,1.2,0.26,54,48.9,11.5,50
44304420130,一般国道４４２号,三重野津原線,大分市・豊後大野市境,44201,0,2.7,,1177,,1174,2351,1.2,2.46,38.5,36.8,6,30
44304420140,一般国道４４２号,大分市・豊後大野市境,池田大原線,44212,0,9.5,豊後大野市朝地町梨小,328,豊後大野市朝地町梨小,415,743,1.14,0.12,51.5,52.4,17.75,60
44304420150,一般国道４４２号,池田大原線,朝地直入線,44212,0,2.3,豊後大野市朝地町朝地,2524,豊後大野市朝地町朝地,2587,5111,1.23,0.67,54.7,51.5,19.25,60
44304420160,一般国道４４２号,朝地直入線,朝地停車場線,44212,0,0.5,豊後大野市朝地町朝地,2524,豊後大野市朝地町朝地,2587,5111,1.23,0.67,44.7,32.5,19.25,60
44304420170,一般国道４４２号,朝地停車場線,竹田犬飼線,44212,0,0.1,豊後大野市朝地町朝地,2524,豊後大野市朝地町朝地,2587,5111,1.23,0.67,26.1,19,19.25,60
44300570170,一般国道４４２号,竹田犬飼線,豊後大野市・竹田市境,44212,0,1.5,豊後大野市朝地町朝地,2880,豊後大野市朝地町朝地,2933,5813,1.24,0.7,39.4,47.7,9.5,50
44300570180,一般国道４４２号,豊後大野市・竹田市境,一般国道５７号,44208,0,3.7,豊後大野市朝地町朝地,2880,豊後大野市朝地町朝地,2933,5813,1.24,0.68,52.3,53.1,10.4,50
44304420190,一般国道４４２号,一般国道５７号,一般国道４４２号,44208,0,6.7,竹田市大字城原字轟木,2311,竹田市大字城原字轟木,2220,4531,1.22,0.45,48.8,50.5,10.5,50
44304420200,一般国道４４２号,一般国道４４２号,一般国道４４２号,44208,0,0.6,竹田市大字城原字轟木,2311,竹田市大字城原字轟木,2220,4531,1.22,0.45,58.7,61.2,10.5,50
44304420210,一般国道４４２号,一般国道４４２号,小川穴井迫線,44208,0,1.9,竹田市大字城原字轟木,2311,竹田市大字城原字轟木,2220,4531,1.22,0.45,60.1,58.6,10.5,50
44304420220,一般国道４４２号,小川穴井迫線,笹倉久住線,44208,0,1.3,竹田市大字城原字轟木,2311,竹田市大字城原字轟木,2220,4531,1.22,0.45,55.9,51.4,10.5,50
44304420225,一般国道４４２号,笹倉久住線,一般国道４４２号,44208,0,0.1,竹田市大字城原字轟木,2311,竹田市大字城原字轟木,2220,4531,1.22,0.45,32.2,36.6,10.5,50
44304420520,一般国道４４２号,一般国道４４２号,一般国道４４２号,44208,0,1.4,,,,,,,,57.3,54.9,8,50
44304420240,一般国道４４２号,一般国道４４２号,,44208,0,0.5,竹田市久住町大字久住,683,竹田市久住町大字久住,706,1389,1.19,0.14,53.9,53.8,11.2,50
44304420250,一般国道４４２号,,阿蘇くじゅう公園線,44208,0,4.8,竹田市久住町大字久住字赤川,770,竹田市久住町大字久住字赤川,876,1646,1.15,0.27,54.6,51,9,60
44304420260,一般国道４４２号,阿蘇くじゅう公園線,一般国道４４２号,44208,0,6.5,竹田市久住町大字久住字赤川,770,竹田市久住町大字久住字赤川,876,1646,1.15,0.27,42.5,41.6,9,60
44304420280,一般国道４４２号,一般国道３８７号,日田鹿本線,44204,0,10,日田市中津江村大字合瀬吉原,294,日田市中津江村大字合瀬吉原,293,587,1.14,0.1,38.7,38.5,8.6,40
44304420290,一般国道４４２号,日田鹿本線,日田鹿本線,44204,0,0.1,,286,,270,556,1.22,0.09,38.7,38.5,10.1,40
44304420300,一般国道４４２号,日田鹿本線,一般国道４４２号,44204,0,1.2,,286,,270,556,1.22,0.09,53.8,54.6,10.1,40
44304420320,一般国道４４２号,一般国道４４２号,一般国道２１０号,44201,0,0.6,,,,,,,,20.3,13.2,9,30
44304420330,一般国道４４２号,一般国道２１０号,一般国道４４２号,44201,0,1.6,,,,,,,,27.6,33.5,9,30
44304420350,一般国道４４２号,一般国道４４２号,一般国道４４２号,44201,0,2.1,,,,,,,,15.5,15.5,7.5,40
44304420370,一般国道４４２号,一般国道４４２号,一般国道４４２号,44201,0,1.6,,1191,,1160,2351,1.2,0.76,22.2,22.2,7.5,30
44304420500,一般国道４４２号,,,44201,0,2.5,,,,,,,,25.5,69.5,6.1,30
44304420390,一般国道４４２号,一般国道４４２号,一般国道４４２号,44208,0,0.6,,,,,,,,57.2,57.2,10.5,30
44304420230,一般国道４４２号,一般国道４４２号,庄内久住線,44208,0,0.5,竹田市大字城原字轟木,2311,竹田市大字城原字轟木,2220,4531,1.22,0.45,20.6,32,10.5,50
44304420235,一般国道４４２号,庄内久住線,一般国道４４２号,44208,0,1,竹田市久住町大字久住,683,竹田市久住町大字久住,706,1389,1.19,0.14,30.8,19.6,11.2,50
44304420410,一般国道４４２号,,,44208,0,0.4,,,,,,,,51.5,48.3,6.5,30
44304960010,一般国道４９６号,一般国道４９６号,一般国道２１２号,44203,0,17.7,中津市山国町草本,591,中津市山国町草本,622,1213,1.06,0.22,50,45.7,7,60
44305000005,一般国道５００号,一般国道１０号,亀川別府線,44202,0,0.7,別府市北中,8694,別府市北中,9333,18027,1.22,1.82,15,20.8,7,30
44305000010,一般国道５００号,亀川別府線,亀川別府線,44202,0,0.3,別府市北中,8694,別府市北中,9333,18027,1.22,1.82,18,20.8,7,30
44305000020,一般国道５００号,亀川別府線,別府山香線,44202,0,1.9,別府市小倉,3959,別府市小倉,3823,7782,1.23,0.48,25.2,25.6,20,50
44305000030,一般国道５００号,別府山香線,別府一の宮線,44202,0,1.3,別府市小倉,3959,別府市小倉,3823,7782,1.23,0.48,29.7,26.3,20,50
44305000040,一般国道５００号,別府一の宮線,別府山香線,44202,0,3.8,別府市明礬,2996,別府市明礬,2734,5730,1.22,0.77,38.6,42.2,11.4,50
44305000050,一般国道５００号,別府山香線,別府市・日出町境,44202,0,1.8,別府市明礬,2996,別府市明礬,2734,5730,1.22,0.77,51.6,53.9,11.4,50
44305000060,一般国道５００号,別府市・日出町境,日出町・別府市境,44341,0,2.6,別府市明礬,2996,別府市明礬,2734,5730,1.22,0.75,61.1,56.8,10,50
44305000070,一般国道５００号,日出町・別府市境,塚原天間線,44202,0,0.2,別府市明礬,2996,別府市明礬,2734,5730,1.22,0.72,47.6,49.2,12.6,50
44305000080,一般国道５００号,塚原天間線,一般国道５００号,44202,0,0.8,別府市明礬,2996,別府市明礬,2734,5730,1.22,0.72,53.8,51.6,12.6,50
44305000090,一般国道５００号,一般国道５００号,一般国道５００号,44202,0,1.3,別府市明礬,2996,別府市明礬,2734,5730,1.22,0.72,51.8,64.9,12.6,50
44305000100,一般国道５００号,一般国道５００号,別府市・宇佐市境,44202,0,1.2,別府市明礬,2996,別府市明礬,2734,5730,1.22,0.72,55.4,56.2,12.6,50
44305000110,一般国道５００号,別府市・宇佐市境,津房木裳線,44211,0,6.7,宇佐市安心院町東椎屋,1224,宇佐市安心院町東椎屋,1127,2351,1.19,0.35,51,52.8,11.5,50
44305000120,一般国道５００号,津房木裳線,久木野尾尾立線,44211,0,0.4,宇佐市安心院町東椎屋,1224,宇佐市安心院町東椎屋,1127,2351,1.19,0.35,54,53.2,11.5,50
44305000130,一般国道５００号,久木野尾尾立線,,44211,0,6.2,宇佐市安心院町荘,2155,宇佐市安心院町荘,2194,4349,1.22,0.33,53.3,55.1,10,50
44305000140,一般国道５００号,,安心院湯布院線,44211,0,0.1,宇佐市安心院町下毛,3656,宇佐市安心院町下毛,3908,7564,1.24,0.7,26.4,22.6,10.2,50
44305000150,一般国道５００号,安心院湯布院線,山香院内線,44211,0,0.4,宇佐市安心院町下毛,3863,宇佐市安心院町下毛,3924,7787,1.23,0.69,27.8,23.6,10.2,50
44305000160,一般国道５００号,山香院内線,一般国道５００号,44211,0,1.7,宇佐市安心院町大仏,1444,宇佐市安心院町大仏,1483,2927,1.21,0.31,29,33.6,11.4,40
44305000170,一般国道５００号,一般国道５００号,一般国道３８７号,44211,0,1.8,,,,,,,,54,54.6,12.5,40
44305000190,一般国道５００号,一般国道３８７号,宇佐市・中津市境,44211,0,7.7,宇佐市院内町原口,316,宇佐市院内町原口,306,622,1.22,0.08,39.3,38.4,7.7,60
44305000193,一般国道５００号,宇佐市・中津市境,,44203,0,9.2,宇佐市院内町原口,316,宇佐市院内町原口,306,622,1.22,0.06,45.3,42.3,10.5,40
44305000300,一般国道５００号,,一般国道２１２号,44203,0,0.2,,,,,,,,32.9,43.3,12.5,40
44305000310,一般国道５００号,一般国道２１２号,,44203,0,0.2,,,,,,,,39.3,39.8,12.5,40
44305000200,一般国道５００号,,落合斎藤線,44203,0,1,宇佐市院内町原口,316,宇佐市院内町原口,306,622,1.22,0.06,54.1,53,10.5,40
44305000210,一般国道５００号,落合斎藤線,羅漢寺跡田線,44203,0,3.2,宇佐市院内町原口,316,宇佐市院内町原口,306,622,1.22,0.06,53.4,53.5,10.5,40
44305000220,一般国道５００号,羅漢寺跡田線,一般国道２１２号,44203,0,1.8,中津市本耶馬渓町折元,2263,中津市本耶馬渓町折元,2242,4505,1.18,0.43,41.7,33.6,13,40
44305000240,一般国道５００号,一般国道５００号,一般国道５００号,44202,0,2.1,別府市大字畑,1178,別府市大字畑,1103,2281,1.19,0.27,43.1,43.1,9.2,30
44305000260,一般国道５００号,一般国道５００号,一般国道３８７号,44211,0,2.7,宇佐市院内町副,921,宇佐市院内町副,968,1889,1.21,0.27,39.2,30.4,10.2,40
44305000330,一般国道５００号,,,44211,0,0.5,,,,,,,,66.4,57.4,7,40
44305020010,一般国道５０２号,一般国道２１７号,一般国道５０２号,44206,0,1.4,臼杵市大字市浜,7406,臼杵市大字市浜,7294,14700,1.26,0.35,24,27,25,50
44305020020,一般国道５０２号,一般国道５０２号,川登臼杵線,44206,0,2.5,臼杵市大字市浜,7406,臼杵市大字市浜,7294,14700,1.26,0.35,41,47,25,50
44305020030,一般国道５０２号,川登臼杵線,臼杵上戸次線,44206,0,1.9,臼杵市大字掻懐字篭瀬,4183,臼杵市大字掻懐字篭瀬,4108,8291,1.24,0.75,34.4,34.7,9.5,50
44305020040,一般国道５０２号,臼杵上戸次線,一般国道１０号,44206,0,6.1,臼杵市野津町大字都原,2264,臼杵市野津町大字都原,2271,4535,1.22,0.47,53.8,49.3,11,50
44305020060,一般国道５０２号,一般国道１０号,臼杵市・豊後大野市境,44206,0,4.1,臼杵市野津町大字西畑,1885,臼杵市野津町大字西畑,1985,3870,1.16,0.42,48.1,51.7,10.5,50
44305020070,一般国道５０２号,臼杵市・豊後大野市境,一般国道３２６号,44212,0,2.6,臼杵市野津町大字西畑,1885,臼杵市野津町大字西畑,1985,3870,1.16,0.36,48.8,42.7,15.5,50
44305020090,一般国道５０２号,一般国道３２６号,伏野三重線,44212,0,0.3,豊後大野市三重町玉田,4165,豊後大野市三重町玉田,4108,8273,1.24,0.68,22.4,20.8,18,50
44305020100,一般国道５０２号,伏野三重線,百枝浅瀬野津線,44212,0,2.9,豊後大野市三重町玉田,4165,豊後大野市三重町玉田,4108,8273,1.24,0.68,45.6,45.3,18,50
44305020110,一般国道５０２号,百枝浅瀬野津線,三重野津原線,44212,0,2.4,豊後大野市三重町玉田,4165,豊後大野市三重町玉田,4108,8273,1.24,0.68,52.3,53.9,18,50
44305020120,一般国道５０２号,三重野津原線,宇目清川線,44212,0,2.6,豊後大野市三重町玉田,4165,豊後大野市三重町玉田,4108,8273,1.24,0.68,48.6,45.5,18,50
44305020130,一般国道５０２号,宇目清川線,牧口徳田竹田線,44212,0,0.7,豊後大野市三重町玉田,4165,豊後大野市三重町玉田,4108,8273,1.24,0.68,45.2,46.9,18,50
44305020140,一般国道５０２号,牧口徳田竹田線,,44212,0,1.1,豊後大野市三重町玉田,4165,豊後大野市三重町玉田,4108,8273,1.24,0.68,51.9,54.7,18,50
44305020150,一般国道５０２号,,六種緒方線,44212,0,1.8,豊後大野市緒方町井上,3851,豊後大野市緒方町井上,3909,7760,1.25,0.74,57.7,56.4,12.5,50
44305020160,一般国道５０２号,六種緒方線,緒方大野線,44212,0,0.3,豊後大野市緒方町井上,3851,豊後大野市緒方町井上,3909,7760,1.25,0.74,49.5,48.4,12.5,50
44305020170,一般国道５０２号,緒方大野線,緒方朝地線,44212,0,1.6,豊後大野市緒方町井上,3851,豊後大野市緒方町井上,3909,7760,1.25,0.74,38.6,39.1,12.5,50
44305020180,一般国道５０２号,緒方朝地線,緒方高千穂線,44212,0,0.9,豊後大野市緒方町井上,3851,豊後大野市緒方町井上,3909,7760,1.25,0.74,44.5,41,12.5,50
44305020190,一般国道５０２号,緒方高千穂線,豊後大野市・竹田市境,44212,0,3.4,豊後大野市緒方町草深野,2612,豊後大野市緒方町草深野,2758,5370,1.23,0.69,50.7,49.3,13,50
44305020200,一般国道５０２号,豊後大野市・竹田市境,高森竹田線,44208,0,3.4,竹田市大字片ヶ瀬,2480,竹田市大字片ヶ瀬,2642,5122,1.19,0.54,42.9,37.6,17,60
44305020210,一般国道５０２号,高森竹田線,(旧)高森竹田線,44208,0,0.1,竹田市大字山手,2113,竹田市大字山手,2283,4396,1.24,0.46,22.8,23.3,19,60
44305020220,一般国道５０２号,(旧)高森竹田線,一般国道５７号,44208,0,0.4,竹田市大字山手,2113,竹田市大字山手,2283,4396,1.24,0.46,17.5,16.7,19,60
44305020240,一般国道５０２号,一般国道５０２号,東九州自動車道,44206,0,0.4,,,,,,,,22,40.4,15,40
44305020260,一般国道５０２号,,,44206,0,4,,,,,,,,,,5,30
44400010010,豊前万田線,豊前万田線,東下中津線,44203,0,1.4,中津市大字高瀬,3306,中津市大字高瀬,3663,6969,1.23,0.72,36.7,29.5,12.5,60
44400010020,豊前万田線,東下中津線,一般国道２１２号,44203,0,0.1,中津市大字高瀬,3306,中津市大字高瀬,3663,6969,1.23,0.72,12.2,9.9,12.5,60
44400020010,豊前耶馬溪線,,豊前耶馬溪線,44203,0,2.2,中津市耶馬渓町大字川原口,126,中津市耶馬渓町大字川原口,133,259,1.49,0.03,31.9,40.2,11.4,60
44400020015,豊前耶馬溪線,豊前耶馬溪線,豊前耶馬溪線,44203,0,1.8,中津市耶馬渓町大字川原口,126,中津市耶馬渓町大字川原口,133,259,1.49,0.03,37.7,34.7,11.4,60
44400020070,豊前耶馬溪線,豊前耶馬溪線,豊前耶馬溪線,44203,0,0.2,,,,,,,,24.8,47.8,8.2,60
44400020030,豊前耶馬溪線,豊前耶馬溪線,一般国道２１２号,44203,0,5.3,中津市耶馬渓町大字川原口,126,中津市耶馬渓町大字川原口,133,259,1.49,0.03,51.7,40.2,11.4,60
44400020050,豊前耶馬溪線,豊前耶馬溪線,,44203,0,2.4,,617,,650,1267,1.15,0.47,22.6,24.3,12,60
44400020020,豊前耶馬溪線,豊前耶馬溪線,津民中摩線,44203,0,0.2,中津市耶馬渓町大字川原口,126,中津市耶馬渓町大字川原口,133,259,1.49,0.03,40,42.4,11.4,60
44400020025,豊前耶馬溪線,津民中摩線,豊前耶馬溪線,44203,0,0.3,中津市耶馬渓町大字川原口,126,中津市耶馬渓町大字川原口,133,259,1.49,0.03,37.2,40,11.4,60
44400060010,日之影宇目線,日之影宇目線,御泊奥江線,44205,0,11.7,佐伯市宇目大字南田原字田原,147,佐伯市宇目大字南田原字田原,145,292,1.17,0.03,31.5,29.8,12.8,60
44400060020,日之影宇目線,御泊奥江線,宇目清川線,44205,0,0.6,佐伯市宇目大字南田原字田原,147,佐伯市宇目大字南田原字田原,145,292,1.17,0.03,42.2,42.9,12.8,60
44400060030,日之影宇目線,宇目清川線,一般国道３２６号,44205,0,4.9,佐伯市宇目大字南田原字田原,147,佐伯市宇目大字南田原字田原,145,292,1.17,0.03,39,38.2,12.8,60
44400060050,日之影宇目線,,,44205,0,0.2,,,,,,,,44.8,47.5,9.5,40
44400070010,緒方高千穂線,一般国道５０２号,牧口徳田竹田線,44212,0,5.9,豊後大野市緒方町上年野,563,豊後大野市緒方町上年野,527,1090,1.17,0.11,52.4,51.4,18.1,60
44400070020,緒方高千穂線,牧口徳田竹田線,牧口徳田竹田線,44212,0,1.7,豊後大野市緒方町小原,221,豊後大野市緒方町小原,161,382,1.26,0.76,34.2,32.3,4.7,60
44400070030,緒方高千穂線,牧口徳田竹田線,緒方高千穂線,44212,0,23.5,豊後大野市緒方町小原,221,豊後大野市緒方町小原,161,382,1.26,0.76,29.8,30.3,4.7,60
44400080010,竹田五ケ瀬線,一般国道５７号,(旧)高森竹田線,44208,0,2.1,竹田市大字竹田字魚住,290,竹田市大字竹田字魚住,351,641,1.15,0.1,25.9,25.9,11.5,60
44400080020,竹田五ケ瀬線,(旧)高森竹田線,高森竹田線,44208,0,0.3,竹田市大字竹田字魚住,290,竹田市大字竹田字魚住,351,641,1.15,0.1,8.7,28.1,11.5,60
44400080030,竹田五ケ瀬線,高森竹田線,竹田五ケ瀬線,44208,0,0.2,竹田市大字竹田字魚住,290,竹田市大字竹田字魚住,351,641,1.15,0.1,24.6,22.5,11.5,60
44400080040,竹田五ケ瀬線,竹田五ケ瀬線,牧口徳田竹田線,44208,0,3.6,竹田市大字竹田字魚住,290,竹田市大字竹田字魚住,351,641,1.15,0.1,41.9,38.1,11.5,60
44400080050,竹田五ケ瀬線,牧口徳田竹田線,神原玉来線,44208,0,1.1,竹田市大字門田,662,竹田市大字門田,662,1324,1.16,0.17,33,32.1,12.5,50
44400080060,竹田五ケ瀬線,神原玉来線,,44208,0,0.2,竹田市大字門田,662,竹田市大字門田,662,1324,1.16,0.17,31.6,23.1,12.5,50
44400080070,竹田五ケ瀬線,,,44208,0,3.9,竹田市大字門田,662,竹田市大字門田,662,1324,1.16,0.17,48.5,51.5,12.5,50
44400080080,竹田五ケ瀬線,,九重野荻線,44208,0,5.8,竹田市大字次倉字中央,302,竹田市大字次倉字中央,336,638,1.14,0.09,46.2,46.3,11,50
44400080090,竹田五ケ瀬線,九重野荻線,竹田五ヶ瀬線,44208,0,4.1,竹田市大字次倉字中央,302,竹田市大字次倉字中央,336,638,1.14,0.09,38.8,31.2,11,50
44400080110,竹田五ケ瀬線,竹田五ケ瀬線,一般国道４４２号,44208,0,1.2,,,,,,,,18.1,16.6,9,60
44400090010,日田鹿本線,一般国道２１２号,小畑日田線,44204,0,0.6,日田市竹田新町,5540,日田市竹田新町,5035,10575,1.25,0.85,14.3,25.1,13.8,40
44400090020,日田鹿本線,小畑日田線,一般国道２１０号,44204,0,2,日田市大字高瀬,737,日田市高瀬,678,1415,1.18,0.34,25.4,21.3,5,30
44400090040,日田鹿本線,一般国道２１２号,一般国道２１２号,44204,0,2.8,日田市大字高瀬,215,日田市高瀬,197,412,1.24,0.29,23,23,4.6,60
44400090060,日田鹿本線,一般国道２１２号,市道（旧：日田鹿本線）,44204,0,3.7,日田市前津江町大野,45,日田市前津江町大野,35,80,1.25,0.03,47.6,51.8,8.6,60
44400090070,日田鹿本線,市道（旧：日田鹿本線）,市道（旧：日田鹿本線）,44204,0,2,日田市前津江町大野,45,日田市前津江町大野,35,80,1.25,0.03,27.1,27.1,8.6,60
44400090080,日田鹿本線,市道（旧：日田鹿本線）,西大山大野日田線,44204,0,0.4,日田市前津江町大野,45,日田市前津江町大野,35,80,1.25,0.03,37.3,36.5,8.6,60
44400090090,日田鹿本線,西大山大野日田線,西大山大野日田線,44204,0,3.2,日田市前津江町大野,45,日田市前津江町大野,35,80,1.25,0.03,34.9,39.8,8.6,60
44400090100,日田鹿本線,西大山大野日田線,一般国道４４２号,44204,0,24.5,日田市前津江町大野,45,日田市前津江町大野,35,80,1.25,0.03,34.9,39.8,8.6,60
44400090120,日田鹿本線,一般国道４４２号,鯛生菊池線,44204,0,4.6,日田市中津江村合瀬,104,日田市中津江村合瀬,117,221,1.25,0.21,36,36.1,5.5,40
44400090130,日田鹿本線,鯛生菊池線,日田鹿本線,44204,0,3.5,日田市中津江村合瀬,104,日田市中津江村合瀬,117,221,1.25,0.21,31.5,29.9,5.5,40
44400110010,別府一の宮線,一般国道５００号,九州横断自動車道長崎大分線,44202,0,2,別府市堀田,3646,別府市堀田,3559,7205,1.23,1.05,35.3,31.2,7,50
44400110020,別府一の宮線,九州横断自動車道長崎大分線,別府庄内線,44202,0,0.2,別府市堀田,3646,別府市堀田,3559,7205,1.23,1.05,18.8,21.2,7,50
44400110030,別府一の宮線,別府庄内線,別府庄内線,44202,0,5.1,別府市堀田,3646,別府市堀田,3559,7205,1.23,1.05,39.3,43.3,7,50
44400110040,別府一の宮線,別府庄内線,別府市・由布市境,44202,0,6.5,別府市堀田,3646,別府市堀田,3559,7205,1.23,1.05,49.2,49.1,7,50
44400110050,別府一の宮線,別府市・由布市境,別府湯布院線,44213,0,3.1,由布市湯布院町川上,2819,由布市湯布院町川上,2672,5491,1.23,0.24,50.3,46.2,12.7,50
44400110060,別府一の宮線,別府湯布院線,鳥越湯布院線,44213,0,2.4,由布市湯布院町川上,748,由布市湯布院町川上,702,1450,1.16,0.17,42.2,40,6.7,40
44400110070,別府一の宮線,鳥越湯布院線,一般国道２１０号,44213,0,3.4,由布市湯布院町中川,2186,由布市湯布院町中川,2055,4241,1.22,0.44,37.3,37.4,7.8,40
44400110090,別府一の宮線,一般国道２１０号,一般国道２１０号,44213,0,0.2,由布市湯布院町川西,27,由布市湯布院町川西,26,53,1.05,0.22,40,40,4.5,60
44400110100,別府一の宮線,一般国道２１０号,一般国道２１０号,44213,0,6.2,由布市湯布院町川西,27,由布市湯布院町川西,26,53,1.05,0.22,36.8,32.9,4.5,60
44400110120,別府一の宮線,一般国道２１０号,由布市・九重町境,44213,0,0.8,由布市,508,由布市,532,1040,1.05,0.23,30,48.6,7,60
44400110130,別府一の宮線,由布市・九重町境,九重町・由布市境,44461,0,0.9,由布市,508,由布市,532,1040,1.05,0.23,45.5,47.6,7,50
44400110140,別府一の宮線,九重町・由布市境,由布市・九重町境,44213,0,6.6,由布市,508,由布市,532,1040,1.05,0.23,50.2,50.4,7,50
44400110150,別府一の宮線,由布市・九重町境,湯平温泉線,44461,0,4.8,玖珠郡九重町田野,751,玖珠郡九重町田野,840,1591,1.19,0.19,55.4,55.6,16,50
44400110160,別府一の宮線,湯平温泉線,田野庄内線,44461,0,6.2,玖珠郡九重町田野,751,玖珠郡九重町田野,840,1591,1.19,0.19,59.4,51.5,16,50
44400110170,別府一の宮線,田野庄内線,田野庄内線,44461,0,5,玖珠郡九重町田野,751,玖珠郡九重町田野,840,1591,1.19,0.19,54,50.8,16,50
44400110180,別府一の宮線,田野庄内線,飯田高原中村線,44461,0,10.8,玖珠郡九重町田野,751,玖珠郡九重町田野,840,1591,1.19,0.19,48.4,43.1,16,50
44400110190,別府一の宮線,飯田高原中村線,九重町・竹田市境,44461,0,0.3,玖珠郡九重町田野,751,玖珠郡九重町田野,840,1591,1.19,0.19,48.2,45.1,16,50
44400110200,別府一の宮線,九重町・竹田市境,別府一の宮線,44208,0,0.6,玖珠郡九重町田野,751,玖珠郡九重町田野,840,1591,1.19,0.19,54,50.3,7,60
44400120010,天瀬阿蘇線,一般国道２１０号,岩戸五馬日田線,44204,0,7.6,日田市天瀬町五馬市,338,日田市天瀬町五馬市,357,695,1.15,0.09,37.5,36.9,10.5,60
44400120020,天瀬阿蘇線,岩戸五馬日田線,一般国道２１２号,44204,0,4.3,日田市天瀬町出口,170,日田市天瀬町出口,189,359,1.33,0.07,38.3,37.4,11.5,60
44400120040,天瀬阿蘇線,一般国道２１２号,天瀬阿蘇線,44204,0,0.1,日田市天瀬町出口,170,日田市天瀬町出口,189,359,1.33,0.08,19.4,24.5,6.2,60
44400120060,天瀬阿蘇線,天瀬阿蘇線,栃野西大山線,44204,0,0.4,日田市中津江村栃野,1004,日田市中津江村栃野,932,1936,1.19,0.38,33.5,27.7,6.3,40
44400120070,天瀬阿蘇線,栃野西大山線,一般国道３８７号,44204,0,3.4,日田市中津江村栃野,1004,日田市中津江村栃野,932,1936,1.19,0.38,32.5,33.2,6.3,40
44400120090,天瀬阿蘇線,一般国道３８７号,一般国道３８７号,44204,0,3.2,日田市上津江町川原,420,日田市上津江町川原,440,860,1.15,1.08,30.4,29.2,5.4,60
44400120110,天瀬阿蘇線,一般国道３８７号,川原上野田線,44204,0,4.1,日田市上津江町川原,420,日田市上津江町川原,440,860,1.15,0.14,49.6,47.1,6.5,60
44400120120,天瀬阿蘇線,川原上野田線,上野田黒渕線,44204,0,1.5,日田市上津江町川原,420,日田市上津江町川原,440,860,1.15,0.14,47.3,46.1,6.5,60
44400120130,天瀬阿蘇線,上野田黒渕線,南小国上津江線,44204,0,0.1,日田市上津江町上野田,212,日田市上津江町上野田,213,425,1.24,0.05,54.7,50.9,8.5,60
44400120140,天瀬阿蘇線,南小国上津江線,天瀬阿蘇線,44204,0,9.5,日田市上津江町上野田,212,日田市上津江町上野田,213,425,1.24,0.05,45.6,45.7,8.5,60
44400160010,吉富本耶馬溪線,吉富本耶馬溪線,一般国道２１２号,44203,0,0.2,中津市本耶馬渓町樋田,1312,中津市本耶馬渓町樋田,1335,2647,1.2,0.39,26.5,9.4,13.5,40
44400210005,大分臼杵線,九州横断自動車道長崎大分線,,44201,0,1.4,大分市椎迫,12873,大分市椎迫,12366,25239,1.28,0.96,27.6,22.8,25,50
44400210010,大分臼杵線,,一般国道２１０号,44201,0,0.5,大分市椎迫,12873,大分市椎迫,12366,25239,1.28,0.96,20,5.5,25,50
44400210020,大分臼杵線,一般国道２１０号,一般国道１０号,44201,0,2.2,大分市椎迫,12873,大分市椎迫,12366,25239,1.28,0.94,16.9,21.6,38,60
44400210034,大分臼杵線,一般国道１０号,,44201,0,0.6,大分市錦町,19905,大分市錦町,20782,40687,1.3,1.58,16.3,19,22,50
44400210037,大分臼杵線,,,44201,0,0.3,大分市錦町,19905,大分市錦町,20782,40687,1.3,1.58,23.6,12,22,50
44400210040,大分臼杵線,,中判田下郡線,44201,0,0.5,大分市錦町,19905,大分市錦町,20782,40687,1.3,1.58,9.4,15.4,22,50
44400210050,大分臼杵線,中判田下郡線,松岡日岡線,44201,0,2.5,大分市加納,12200,大分市加納,12070,24270,1.28,1.18,12.8,15.5,16,50
44400210060,大分臼杵線,松岡日岡線,大分臼杵線,44201,0,1.8,大分市加納,12200,大分市加納,12070,24270,1.28,1.18,15,20.1,16,50
44400210070,大分臼杵線,大分臼杵線,大分臼杵線,44201,0,0.2,大分市金の手,6975,大分市金の手,7188,14163,1.28,0.95,31.8,7.3,16,50
44400210080,大分臼杵線,大分臼杵線,鶴崎大南線,44201,0,0.3,大分市金の手,6975,大分市金の手,7188,14163,1.28,0.95,20.3,5.6,16,50
44400210090,大分臼杵線,鶴崎大南線,大分臼杵線,44201,0,0.4,大分市下徳丸,6639,大分市下徳丸,6720,13359,1.25,1.05,7.2,24.9,16,50
44400210100,大分臼杵線,大分臼杵線,大分臼杵線,44201,0,0.8,大分市下徳丸,6639,大分市下徳丸,6720,13359,1.25,1.05,6.8,24.2,16,50
44400210110,大分臼杵線,大分臼杵線,大分臼杵線,44201,0,0.2,大分市下徳丸,6639,大分市下徳丸,6720,13359,1.25,1.05,12.5,17,16,50
44400210120,大分臼杵線,大分臼杵線,大分臼杵線,44201,0,0.3,大分市下徳丸,6639,大分市下徳丸,6720,13359,1.25,1.05,17.3,17.5,16,50
44400210130,大分臼杵線,大分臼杵線,坂ノ市中戸次線,44201,0,0.6,大分市,5517,大分市,6795,12312,1.29,1.02,30.5,14.5,12,50
44400210140,大分臼杵線,坂ノ市中戸次線,坂ノ市中戸次線,44201,0,0.6,大分市,5517,大分市,6795,12312,1.29,1.02,13.3,30.1,12,50
44400210150,大分臼杵線,坂ノ市中戸次線,一般国道１９７号,44201,0,0.4,大分市,542,大分市,496,1038,1.15,0.21,19.5,35.5,13,40
44400210160,大分臼杵線,一般国道１９７号,坂ノ市中戸次線,44201,0,0.9,大分市,542,大分市,496,1038,1.15,0.21,36.1,32.7,13,40
44400210170,大分臼杵線,坂ノ市中戸次線,大分市・臼杵市境,44201,0,4.1,大分市,542,大分市,496,1038,1.15,0.21,33.3,35.4,13,40
44400210180,大分臼杵線,大分市・臼杵市境,臼杵大南線,44206,0,7.4,臼杵市大字末広,1077,臼杵市大字末広,1113,2190,1.18,0.28,45.8,45.8,9.5,40
44400210190,大分臼杵線,臼杵大南線,一般国道２１７号,44206,0,3,臼杵市大字末広,1077,臼杵市大字末広,1113,2190,1.18,0.28,42,35.2,9.5,40
44400210210,大分臼杵線,大分臼杵線,大分臼杵線,44201,0,0.3,,,,,,,,17,25.9,9,60
44400210230,大分臼杵線,大分臼杵線,大分臼杵線,44201,0,0.9,,,,,,,,12,11,8.5,30
44400210250,大分臼杵線,大分臼杵線,大分臼杵線,44201,0,0.3,,,,,,,,12.5,12.5,9.5,40
44400210270,大分臼杵線,一般国道１０号,,44201,0,0.5,,,,,,,,24.4,13.6,7,60
44400220005,大在大分港線,一般国道１９７号,大在大分港線,44201,0,0.7,大分市青崎,14419,大分市青崎,15754,30173,1.29,3.91,18.3,17.9,16,50
44400220010,大在大分港線,大在大分港線,,44201,0,0.6,大分市青崎,14419,大分市青崎,15754,30173,1.29,3.91,23.9,31.9,16,50
44400220020,大在大分港線,,鶴崎港線,44201,0,2,大分市大字家島,20584,大分市大字家島,20802,41386,1.3,1.12,32.2,27.7,40,50
44400220030,大在大分港線,鶴崎港線,松岡日岡線,44201,0,3.3,大分市大字家島,22350,大分市大字家島,22583,44933,1.3,1.02,24.2,22.8,40,50
44400220035,大在大分港線,松岡日岡線,,44201,0,0.7,大分市大字家島,22350,大分市大字家島,22583,44933,1.3,1.02,27.6,13.1,40,50
44400220040,大在大分港線,,萩原下郡線,44201,0,1.3,大分市中島中央,24558,大分市中島中央,27291,51849,1.29,0.93,21,16.6,40,50
44400220050,大在大分港線,萩原下郡線,,44201,0,0.7,大分市中島中央,24558,大分市中島中央,27291,51849,1.29,1.11,18,23.4,40,50
44400220055,大在大分港線,,,44201,0,1.6,大分市中島中央,24558,大分市中島中央,27291,51849,1.29,1.11,31,15.6,40,50
44400220060,大在大分港線,,大分港線,44201,0,0.8,大分市大津町,25163,大分市大津町,26101,51264,1.3,1.79,16.8,14.3,27,50
44400220070,大在大分港線,大分港線,一般国道１０号,44201,0,2.1,大分市大津町,25163,大分市大津町,26101,51264,1.3,1.79,20.9,13.3,27,50
44400220090,大在大分港線,大在公共埠頭線,大在大分港線,44201,0,2.4,,,,,,,,37.4,37.8,40,50
44400230010,中津高田線,東下中津線,中津吉富線,44203,0,0.6,中津市大字牛神,7546,中津市大字牛神,7889,15435,1.26,1.31,10.7,12.4,14,50
44400230020,中津高田線,中津吉富線,中津停車場線,44203,0,0.4,中津市大字牛神,7546,中津市大字牛神,7889,15435,1.26,1.31,17.1,20.8,14,50
44400230030,中津高田線,中津停車場線,中津吉富線,44203,0,0.7,中津市大字牛神,7546,中津市大字牛神,7889,15435,1.26,1.31,20.7,16.1,14,50
44400230040,中津高田線,中津吉富線,中津高田線,44203,0,1.8,中津市大字牛神,7546,中津市大字牛神,7889,15435,1.26,1.31,22.4,26.2,14,50
44400230050,中津高田線,中津高田線,東中津停車場和田線,44203,0,2.4,中津市大字牛神,7546,中津市大字牛神,7889,15435,1.26,1.31,28.3,29.5,14,50
44400230060,中津高田線,東中津停車場和田線,中津港線,44203,0,1.5,,11097,,10396,21493,1.27,0.78,31.3,29.8,40,50
44400230070,中津高田線,中津港線,鍋島植野線,44203,0,1.7,,11097,,10396,21493,1.27,0.78,32.6,33.5,40,50
44400230080,中津高田線,鍋島植野線,中津市・宇佐市境,44203,0,0.8,中津市大字鍋島,5361,中津市大字鍋島,4978,10339,1.24,1.04,48.3,50.7,15,50
44400230090,中津高田線,中津市・宇佐市境,尾永井猿渡線,44211,0,1.3,中津市大字鍋島,5361,中津市大字鍋島,4978,10339,1.24,1.14,50.1,44.9,11.5,40
44400230100,中津高田線,尾永井猿渡線,柳ケ浦停車場線,44211,0,7,中津市大字鍋島,5361,中津市大字鍋島,4978,10339,1.24,1.14,43.4,44.6,11.5,40
44400230110,中津高田線,柳ケ浦停車場線,宇佐本耶馬溪線,44211,0,0.6,中津市大字鍋島,5361,中津市大字鍋島,4978,10339,1.24,1.14,25.3,26.3,11.5,40
44400230120,中津高田線,宇佐本耶馬溪線,長洲港線,44211,0,0.4,豊後高田市高田,6033,豊後高田市高田,5880,11913,1.25,0.71,28.4,23.8,15,50
44400230130,中津高田線,長洲港線,長洲宇佐線,44211,0,0.6,豊後高田市高田,6033,豊後高田市高田,5880,11913,1.25,0.71,26.3,26.3,15,50
44400230140,中津高田線,長洲宇佐線,豊前長洲停車場線,44211,0,0.3,豊後高田市高田,6033,豊後高田市高田,5880,11913,1.25,0.71,34.4,38.4,15,50
44400230150,中津高田線,豊前長洲停車場線,長洲宇佐神宮線,44211,0,0.7,豊後高田市高田,6033,豊後高田市高田,5880,11913,1.25,0.71,38.2,35.4,15,50
44400230160,中津高田線,長洲宇佐神宮線,宇佐市・豊後高田市境,44211,0,2.7,豊後高田市高田,6033,豊後高田市高田,5880,11913,1.25,0.71,42.1,42.9,15,50
44400230170,中津高田線,宇佐市・豊後高田市境,一般国道２１３号,44209,0,2.1,豊後高田市高田,6033,豊後高田市高田,5880,11913,1.25,0.78,30.5,24.7,16,50
44400230190,中津高田線,,中津高田線,44203,0,2.3,中津市大字大塚,5056,中津市大字大塚,4667,9723,1.24,0.49,28.3,29.7,40,60
44400240010,日出山香線,一般国道１０号,豊後豊岡停車場線,44341,0,0.1,速見郡日出町豊岡,2063,速見郡日出町豊岡,2248,4311,1.35,0.56,5.2,18.2,8.5,40
44400240020,日出山香線,豊後豊岡停車場線,別府山香線,44341,0,5.6,速見郡日出町豊岡,2063,速見郡日出町豊岡,2248,4311,1.35,0.56,49.5,48,8.5,40
44400240030,日出山香線,別府山香線,日出町・杵築市境,44341,0,0.2,杵築市山香町大字南畑,2250,杵築市山香町大字南畑,2271,4521,1.21,0.55,25.5,39.3,12.5,50
44400240040,日出山香線,日出町・杵築市境,九州横断自動車道長崎大分線,44210,0,0.2,杵築市山香町大字南畑,2250,杵築市山香町大字南畑,2271,4521,1.21,0.59,42.2,38.9,9,50
44400240050,日出山香線,九州横断自動車道長崎大分線,,44210,0,4.5,杵築市山香町大字南畑,2250,杵築市山香町大字南畑,2271,4521,1.21,0.59,54.8,58.5,9,50
44400240060,日出山香線,,山香院内線,44210,0,0.4,,,,,,,,46.4,38,9,50
44400250010,臼杵上戸次線,一般国道５０２号,臼杵市・大分市境,44206,0,4.2,臼杵市中臼杵,2074,臼杵市中臼杵,2129,4203,1.22,0.41,44.6,47.8,9.5,50
44400250020,臼杵上戸次線,臼杵市・大分市境,吉野原犬飼線,44201,0,2.3,臼杵市中臼杵,2074,臼杵市中臼杵,2129,4203,1.22,0.46,53.1,52.9,6.5,40
44400250030,臼杵上戸次線,吉野原犬飼線,一般国道１０号,44201,0,4.3,臼杵市中臼杵,2074,臼杵市中臼杵,2129,4203,1.22,0.46,41.3,33.5,6.5,40
44400260010,三重野津原線,一般国道５０２号,一般国道５７号,44212,0,8.4,豊後大野市大野町矢田,1226,豊後大野市大野町矢田,1172,2398,1.19,0.28,47.1,45.9,11.5,60
44400260020,三重野津原線,一般国道５７号,緒方大野線,44212,0,0.1,豊後大野市大野町矢田,1226,豊後大野市大野町矢田,1172,2398,1.19,0.28,27.1,36.2,11.5,60
44400260030,三重野津原線,緒方大野線,竹田犬飼線,44212,0,0.5,豊後大野市大野町矢田,1226,豊後大野市大野町矢田,1172,2398,1.19,0.28,32.4,22,11.5,60
44400260040,三重野津原線,竹田犬飼線,豊後大野市・大分市境,44212,0,0.2,豊後大野市大野町藤北,173,豊後大野市大野町藤北,177,350,1.2,0.05,42.9,39.3,14,60
44400260050,三重野津原線,豊後大野市・大分市境,三重野津原線,44201,0,1.1,大分市大字荷尾杵,181,大分市大字荷尾杵,187,368,1.84,0.03,40.2,40.2,9.2,60
44400260060,三重野津原線,三重野津原線,三重野津原線,44201,0,1,大分市大字荷尾杵,181,大分市大字荷尾杵,187,368,1.84,0.03,48.9,50.3,9.2,60
44400260070,三重野津原線,三重野津原線,三重野津原線,44201,0,1.9,大分市大字荷尾杵,181,大分市大字荷尾杵,187,368,1.84,0.03,54.9,50.8,9.2,60
44400260080,三重野津原線,三重野津原線,三重野津原線,44201,0,0.2,大分市大字荷尾杵,181,大分市大字荷尾杵,187,368,1.84,0.03,57.8,47.9,9.2,60
44400260090,三重野津原線,三重野津原線,三重野津原線,44201,0,0.3,大分市大字荷尾杵,181,大分市大字荷尾杵,187,368,1.84,0.03,51.5,47.5,9.2,60
44400260100,三重野津原線,三重野津原線,三重野津原線,44201,0,0.3,大分市大字荷尾杵,181,大分市大字荷尾杵,187,368,1.84,0.03,53.6,54.1,9.2,60
44400260110,三重野津原線,三重野津原線,一般国道４４２号,44201,0,2.2,大分市大字荷尾杵,181,大分市大字荷尾杵,187,368,1.84,0.03,50.3,43.4,9.2,60
44400260190,三重野津原線,,,44212,0,8.4,,,,,,,,,,5,30
44400260130,三重野津原線,三重野津原線,三重野津原線,44201,0,1,,141,,167,308,1.49,0.03,55.4,55.4,7,60
44400260150,三重野津原線,三重野津原線,三重野津原線,44201,0,0.2,,141,,167,308,1.49,1.06,50.8,50.8,4.5,60
44400260170,三重野津原線,三重野津原線,三重野津原線,44201,0,0.3,,141,,167,308,1.49,1.06,54.5,54.5,4,60
44400270010,耶馬渓院内線,森耶馬溪線,深耶馬玖珠線,44203,0,5.8,中津市耶馬渓町大字深耶馬,200,中津市耶馬渓町大字深耶馬,291,491,1.84,0.04,43.5,44.8,10,60
44400270020,耶馬渓院内線,深耶馬玖珠線,中津市・宇佐市境,44203,0,0.7,中津市耶馬渓町大字深耶馬,200,中津市耶馬渓町大字深耶馬,291,491,1.84,0.04,31.5,33.6,10,60
44400270030,耶馬渓院内線,中津市・宇佐市境,落合斎藤線,44211,0,5.5,宇佐市院内町定別当,17,宇佐市院内町定別当,19,36,1.25,0,42.2,42.1,8.9,60
44400270040,耶馬渓院内線,落合斎藤線,耶馬渓院内線,44211,0,4.2,宇佐市院内町定別当,17,宇佐市院内町定別当,19,36,1.25,0,45.3,41.8,8.9,60
44400270050,耶馬渓院内線,耶馬渓院内線,一般国道３８７号,44211,0,0.3,宇佐市院内町定別当,17,宇佐市院内町定別当,19,36,1.25,0,40.9,35.6,8.9,60
44400270070,耶馬渓院内線,耶馬渓院内線,一般国道３８７号,44211,0,0.2,宇佐市院内町斉藤,248,宇佐市院内町斉藤,228,476,1.05,0.32,53.6,18.3,5.7,60
44400280010,森耶馬溪線,一般国道３８７号,玖珠町・中津市境,44462,0,7.5,,989,,996,1985,1.19,0.29,49.7,50.4,11,40
44400280020,森耶馬溪線,玖珠町・中津市境,耶馬渓院内線,44203,0,4.3,,989,,996,1985,1.19,0.31,44.5,42.7,9.3,50
44400280030,森耶馬溪線,耶馬渓院内線,山移大島線,44203,0,3,中津市耶馬渓町大字深耶馬,1933,中津市耶馬渓町大字深耶馬,1845,3778,1.21,0.41,52.8,52,13,50
44400280035,森耶馬溪線,山移大島線,一般国道２１２号,44203,0,2.2,中津市耶馬渓町大字深耶馬,1933,中津市耶馬渓町大字深耶馬,1845,3778,1.21,0.41,54,53.2,13,50
44400280040,森耶馬溪線,一般国道２１２号,一般国道２１２号,44203,0,4.6,中津市耶馬渓町大字深耶馬,1933,中津市耶馬渓町大字深耶馬,1845,3778,1.21,0.41,43.1,38.9,13,50
44400290010,豊後高田国東線,豊後高田安岐線,美和佐野線,44209,0,2.9,豊後高田市御玉字御玉,2515,豊後高田市御玉字御玉,2213,4728,1.22,0.42,24.9,25.1,14,50
44400290020,豊後高田国東線,美和佐野線,地蔵峠小田原線,44209,0,4.4,豊後高田市御玉字御玉,2515,豊後高田市御玉字御玉,2213,4728,1.22,0.42,54.7,53.8,14,50
44400290030,豊後高田国東線,地蔵峠小田原線,地蔵峠小田原線,44209,0,0.4,豊後高田市御玉字御玉,2515,豊後高田市御玉字御玉,2213,4728,1.22,0.42,57.8,54,14,50
44400290040,豊後高田国東線,地蔵峠小田原線,新城山香線,44209,0,3.4,豊後高田市御玉字御玉,2515,豊後高田市御玉字御玉,2213,4728,1.22,0.42,59.9,56.9,14,50
44400290050,豊後高田国東線,新城山香線,山香国見線,44209,0,5.2,豊後高田市一畑字二反田,516,豊後高田市一畑字二反田,526,1042,1.15,0.13,54.7,52.3,14,50
44400290060,豊後高田国東線,山香国見線,豊後高田市・国東市境,44209,0,0.4,豊後高田市一畑字二反田,516,豊後高田市一畑字二反田,526,1042,1.15,0.13,61.1,63.2,14,50
44400290070,豊後高田国東線,豊後高田市・国東市境,成仏杵築線,44214,0,0.5,国東市国東町横手,624,国東市国東町横手,608,1232,1.15,0.17,67,68.9,11.3,60
44400290080,豊後高田国東線,成仏杵築線,両子山武蔵線,44214,0,1.9,国東市国東町横手,624,国東市国東町横手,608,1232,1.15,0.17,62.2,63.2,11.3,60
44400290090,豊後高田国東線,両子山武蔵線,成仏杵築線,44214,0,0.9,国東市国東町横手,624,国東市国東町横手,608,1232,1.15,0.17,64.1,67.3,11.3,60
44400290100,豊後高田国東線,成仏杵築線,下成仏立野線,44214,0,8.5,国東市国東町横手,624,国東市国東町横手,608,1232,1.15,0.17,54.2,55.8,11.3,60
44400290110,豊後高田国東線,下成仏立野線,一般国道２１３号,44214,0,3.2,国東市国東町川原,987,国東市国東町川原,1032,2019,1.19,0.29,45.2,46.1,11.1,50
44400300005,庄内久住線,一般国道２１０号,庄内久住線,44213,0,1.3,由布市庄内町大龍,1032,由布市庄内町大龍,961,1993,1.15,0.24,59.2,56.4,9.2,50
44400300230,庄内久住線,庄内久住線,庄内久住線,44213,0,0.9,由布市庄内町大龍,1032,由布市庄内町大龍,961,1993,1.15,0.24,68.2,61,9.2,50
44400300030,庄内久住線,庄内久住線,由布市・竹田市境,44213,0,1.4,由布市庄内町大龍,1032,由布市庄内町大龍,961,1993,1.15,0.24,68.4,70.3,9.2,50
44400300040,庄内久住線,由布市・竹田市境,市道（旧：庄内久住線）,44208,0,0.2,,340,,291,631,1.19,0.07,66,71.2,13,60
44400300050,庄内久住線,市道（旧：庄内久住線）,市道（旧：庄内久住線）,44208,0,11.7,竹田市直入町大字下田北,427,竹田市直入町大字下田北,400,827,1.19,0.1,43.3,37.6,9,60
44400300060,庄内久住線,市道（旧：庄内久住線）,朝地直入線,44208,0,0.9,,340,,291,631,1.19,0.08,51.8,51.7,12,60
44400300070,庄内久住線,朝地直入線,市道（旧：庄内久住線）,44208,0,1,竹田市直入町大字長湯字新田,1766,竹田市直入町大字長湯字新田,1679,3445,1.21,0.35,53.1,46.2,13,60
44400300080,庄内久住線,市道（旧：庄内久住線）,竹田直入線,44208,0,0.3,竹田市直入町大字長湯字新田,1766,竹田市直入町大字長湯字新田,1679,3445,1.21,0.35,54.7,45.8,13,60
44400300090,庄内久住線,竹田直入線,久住高原野津原線,44208,0,6.6,竹田市久住大字栢木字柚ノ木,1263,竹田市久住大字栢木字柚ノ木,1274,2537,1.21,0.29,50.6,49.5,10.2,40
44400300100,庄内久住線,久住高原野津原線,一般国道４４２号,44208,0,3.2,竹田市久住大字栢木字柚ノ木,1263,竹田市久住大字栢木字柚ノ木,1274,2537,1.21,0.29,46.5,49.3,10.2,40
44400300010,庄内久住線,庄内久住線,龍原挾間線,44213,0,1,由布市庄内町大龍,1032,由布市庄内町大龍,961,1993,1.15,0.24,21.1,21.1,9.2,50
44400300020,庄内久住線,龍原挾間線,市道（旧：庄内久住線）,44213,0,1.6,由布市庄内町大龍,1032,由布市庄内町大龍,961,1993,1.15,0.24,32.1,23.9,9.2,50
44400300025,庄内久住線,市道（旧：庄内久住線）,庄内久住線,44213,0,0.3,由布市庄内町大龍,1032,由布市庄内町大龍,961,1993,1.15,0.24,31.7,5.4,9.2,50
44400300190,庄内久住線,,,44208,0,0.9,,,,,,,,52.3,55.3,13,30
44400310010,山香国見線,一般国道１０号,大田杵築線,44210,0,6.9,杵築市山香町大字小武,136,杵築市山香町大字小武,144,280,1.84,0.04,38.8,38.4,7,30
44400310020,山香国見線,大田杵築線,,44210,0,1.2,杵築市太田波多方,846,杵築市太田波多方,797,1643,1.16,0.23,60.2,62.3,10.5,60
44400310030,山香国見線,,豊後高田安岐線,44210,0,0.2, 杵築市太田石丸,1498, 杵築市太田石丸,1441,2939,1.2,0.38,46,49,10,50
44400310040,山香国見線,豊後高田安岐線,豊後高田安岐線,44210,0,3, 杵築市太田石丸,1498, 杵築市太田石丸,1441,2939,1.2,0.38,49.2,54.2,10,50
44400310050,山香国見線,豊後高田安岐線,市道（旧：山香国見線）,44210,0,7.6,杵築市太田永松,345,杵築市太田永松,343,688,1.22,0.07,55.1,53.2,10,60
44400310060,山香国見線,市道（旧：山香国見線）,杵築市・豊後高田市境,44210,0,0.2,杵築市太田永松,345,杵築市太田永松,343,688,1.22,0.07,69.4,66.8,10,60
44400310070,山香国見線,杵築市・豊後高田市境,豊後高田国東線,44209,0,1.4,杵築市太田永松,345,杵築市太田永松,343,688,1.22,0.08,62.1,60.8,9,60
44400310080,山香国見線,豊後高田国東線,俣水一畑線,44209,0,0.4,杵築市太田永松,345,杵築市太田永松,343,688,1.22,0.08,47.8,48.9,9,60
44400310090,山香国見線,俣水一畑線,地蔵峠小田原線,44209,0,4.6,杵築市太田永松,345,杵築市太田永松,343,688,1.22,0.08,48.9,50.2,9,60
44400310100,山香国見線,地蔵峠小田原線,豊後高田市・国東市境,44209,0,0.4,杵築市太田永松,345,杵築市太田永松,343,688,1.22,0.08,53.6,50.3,9,60
44400310110,山香国見線,豊後高田市・国東市境,赤根真玉線,44214,0,2.7,,370,,296,666,1.14,0.09,44.1,43.8,8.3,40
44400310120,山香国見線,赤根真玉線,赤根富来浦線,44214,0,0.3,,370,,296,666,1.14,0.09,50.3,43.4,8.3,40
44400310130,山香国見線,赤根富来浦線,市道（旧：山香国見線）,44214,0,4.7,国東市国見町千灯,294,国東市国見町千灯,282,576,1.21,0.08,62.6,55.3,11.5,40
44400310140,山香国見線,市道（旧：山香国見線）,市道（旧：山香国見線）,44214,0,2.1,国東市国見町千灯,294,国東市国見町千灯,282,576,1.21,0.08,63.8,66.6,11.5,40
44400310210,山香国見線,市道（旧：山香国見線）,一般国道２１３号,44214,0,1.8,国東市国見町野田,255,国東市国見町野田,283,538,1.24,0.08,20.5,14.5,11.6,60
44400320010,別府停車場線,一般国道１０号,(旧)亀川別府線,44202,0,0.4,別府市北浜,2416,別府市北浜,3286,5702,1.23,0.66,11.1,13.1,20,30
44400320020,別府停車場線,(旧)亀川別府線,,44202,0,0.2,,4408,,4974,9382,1.24,0.74,5.3,9.6,20,30
44400330010,臼杵停車場線,,臼杵津久見線,44206,0,0.2,臼杵市大字臼杵字丹生島,5537,臼杵市大字臼杵字丹生島,5378,10915,1.26,0.86,15.2,5.5,12.5,40
44400330015,臼杵停車場線,臼杵津久見線,,44206,0,0.8,臼杵市大字臼杵字丹生島,5537,臼杵市大字臼杵字丹生島,5378,10915,1.26,0.86,21.1,11,12.5,40
44400330020,臼杵停車場線,,臼杵坂ノ市線,44206,0,0.3,臼杵市大字臼杵字丹生島,5537,臼杵市大字臼杵字丹生島,5378,10915,1.26,0.86,14.8,15,12.5,40
44400330030,臼杵停車場線,臼杵坂ノ市線,上臼杵停車場線,44206,0,0.9,臼杵市大字臼杵字丹生島,5537,臼杵市大字臼杵字丹生島,5378,10915,1.26,0.86,16.1,24.6,12.5,40
44400330040,臼杵停車場線,上臼杵停車場線,一般国道２１７号,44206,0,0.4,,5475,,6211,11686,1.25,0.88,25.9,15.6,12.5,40
44400340010,豊後高田安岐線,一般国道２１３号,豊後高田国東線,44209,0,0.5,豊後高田市森字秋吉,4202,豊後高田市森字秋吉,4536,8738,1.24,1.28,12.4,18.8,13,60
44400340020,豊後高田安岐線,豊後高田国東線,地蔵峠小田原線,44209,0,7.3,豊後高田市森字秋吉,4202,豊後高田市森字秋吉,4536,8738,1.24,1.28,38.6,37.8,13,60
44400340030,豊後高田安岐線,地蔵峠小田原線,新城山香線,44209,0,3.4,豊後高田市森字秋吉,4202,豊後高田市森字秋吉,4536,8738,1.24,1.28,55.3,53.8,13,60
44400340040,豊後高田安岐線,新城山香線,豊後高田市・杵築市境,44209,0,2.7,豊後高田市森字秋吉,4202,豊後高田市森字秋吉,4536,8738,1.24,1.28,47.9,47.3,13,60
44400340050,豊後高田安岐線,豊後高田市・杵築市境,山香国見線,44210,0,1.8,豊後高田市森字秋吉,4202,豊後高田市森字秋吉,4536,8738,1.24,1.34,53.4,53.7,11.5,60
44400340070,豊後高田安岐線,山香国見線,俣水一畑線,44210,0,3.5,杵築市太田俣水,554,杵築市太田俣水,551,1105,1.15,0.15,45.3,55.6,7,50
44400340080,豊後高田安岐線,俣水一畑線,杵築市・国東市境,44210,0,1,杵築市太田俣水,554,杵築市太田俣水,551,1105,1.15,0.15,54.9,54.3,7,50
44400340090,豊後高田安岐線,杵築市・国東市境,成仏杵築線,44214,0,1.3,杵築市太田俣水,554,杵築市太田俣水,551,1105,1.15,0.12,39.3,54.6,13.5,50
44400340100,豊後高田安岐線,成仏杵築線,成仏杵築線,44214,0,1.2,杵築市太田俣水,554,杵築市太田俣水,551,1105,1.15,0.12,58.2,57.9,13.5,50
44400340110,豊後高田安岐線,成仏杵築線,富清掛樋線,44214,0,3.2,杵築市太田俣水,554,杵築市太田俣水,551,1105,1.15,0.12,56.7,55.4,13.5,50
44400340120,豊後高田安岐線,富清掛樋線,糸原杵築線,44214,0,4.1,国東市安岐町中薗,2039,国東市安岐町中薗,1997,4036,1.22,0.46,38.2,43.4,13,50
44400340130,豊後高田安岐線,糸原杵築線,国東安岐線,44214,0,2.8,国東市安岐町中薗,2039,国東市安岐町中薗,1997,4036,1.22,0.46,40.4,41.9,13,50
44400340140,豊後高田安岐線,国東安岐線,一般国道２１３号,44214,0,0.7,国東市安岐町中薗,2039,国東市安岐町中薗,1997,4036,1.22,0.46,21.6,22.4,13,50
44400350010,三重弥生線,一般国道３２６号,豊後大野市・佐伯市境,44212,0,10.3,豊後大野市三重町松尾,133,豊後大野市三重町松尾,131,264,1.49,0.02,29,29.6,16,40
44400350020,三重弥生線,豊後大野市・佐伯市境,佐伯市・豊後大野市境,44205,0,0.2,豊後大野市三重町松尾,133,豊後大野市三重町松尾,131,264,1.49,0.08,29,29.6,3.4,60
44400350030,三重弥生線,佐伯市・豊後大野市境,豊後大野市・佐伯市境,44212,0,1.3,豊後大野市三重町松尾,133,豊後大野市三重町松尾,131,264,1.49,0.33,29,29.6,4,60
44400350040,三重弥生線,豊後大野市・佐伯市境,野津宇目線,44205,0,7.4,佐伯市本匠大字堂ノ間,56,佐伯市本匠大字堂ノ間,52,108,1.25,0.02,29,29.6,12.2,60
44400350050,三重弥生線,野津宇目線,野津宇目線,44205,0,4.3,佐伯市本匠大字堂ノ間,56,佐伯市本匠大字堂ノ間,52,108,1.25,0.02,24.5,24.5,12.2,60
44400350060,三重弥生線,野津宇目線,三重弥生線,44205,0,2,佐伯市弥生大字山梨,1224,佐伯市弥生大字山梨,1228,2452,1.16,0.26,44.2,45.9,13.7,50
44400350070,三重弥生線,三重弥生線,三重弥生線,44205,0,2.2,佐伯市弥生大字山梨,1224,佐伯市弥生大字山梨,1228,2452,1.16,0.26,44.2,45.9,13.7,50
44400350080,三重弥生線,三重弥生線,笠掛直見停車場線,44205,0,6.1,佐伯市弥生大字山梨,1224,佐伯市弥生大字山梨,1228,2452,1.16,0.26,49.4,47,13.7,50
44400350090,三重弥生線,笠掛直見停車場線,一般国道１０号,44205,0,4.7,佐伯市弥生大字山梨,1224,佐伯市弥生大字山梨,1228,2452,1.16,0.26,47.5,45.1,13.7,50
44400350110,三重弥生線,三重弥生線,三重弥生線,44205,0,3.1,佐伯市弥生大字山梨,1224,佐伯市弥生大字山梨,1228,2452,1.16,0.3,39.3,38.8,7.6,60
44400350130,三重弥生線,,,44212,0,0.8,,,,,,,,,,5,30
44400360010,佐伯津久見線,一般国道２１７号,一般国道２１７号,44205,0,0.9,佐伯市大字鶴望字脇,4348,佐伯市大字鶴望字脇,3709,8057,1.22,0.78,20.2,20.8,11,50
44400360020,佐伯津久見線,一般国道２１７号,東九州自動車道,44205,0,0.5,佐伯市大字鶴望字脇,4348,佐伯市大字鶴望字脇,3709,8057,1.22,0.78,22.5,27.2,11,50
44400360030,佐伯津久見線,東九州自動車道,佐伯弥生線,44205,0,0.8,佐伯市大字鶴望字脇,4348,佐伯市大字鶴望字脇,3709,8057,1.22,0.78,37.6,33.2,11,50
44400360040,佐伯津久見線,佐伯弥生線,床木海崎停車場線,44205,0,2.6,佐伯市大字鶴望字脇,4348,佐伯市大字鶴望字脇,3709,8057,1.22,0.78,44.7,47.3,11,50
44400360050,佐伯津久見線,床木海崎停車場線,佐伯市・津久見市境,44205,0,5.8,佐伯市大字鶴望字脇,4348,佐伯市大字鶴望字脇,3709,8057,1.22,0.78,48.1,46.1,11,50
44400360060,佐伯津久見線,佐伯市・津久見市境,一般国道２１７号,44207,0,7.1,津久見市文京町,3322,津久見市文京町,3402,6724,1.22,0.8,34.5,33.9,12,40
44400370010,佐伯蒲江線,一般国道３８８号,赤木吹原佐伯線,44205,0,2.7,佐伯市大字池田,4272,佐伯市大字池田,4025,8297,1.24,0.62,32,27.5,11,50
44400370020,佐伯蒲江線,赤木吹原佐伯線,長良木立線,44205,0,1.2,佐伯市大字池田,4272,佐伯市大字池田,4025,8297,1.24,0.62,28.4,35.2,11,50
44400370030,佐伯蒲江線,長良木立線,佐伯蒲江線,44205,0,5,,3594,,3614,7208,1.22,0.64,48.2,49.2,11,50
44400370040,佐伯蒲江線,佐伯蒲江線,佐伯蒲江線,44205,0,0.9,佐伯市大字青山,1003,佐伯市大字青山,958,1961,1.22,0.29,26.8,26.8,13,50
44400370044,佐伯蒲江線,佐伯蒲江線,佐伯蒲江線,44205,0,0.4,佐伯市大字青山,1003,佐伯市大字青山,958,1961,1.22,0.29,58.4,58.3,13,50
44400370047,佐伯蒲江線,佐伯蒲江線,佐伯蒲江線,44205,0,0.5,佐伯市大字青山,1003,佐伯市大字青山,958,1961,1.22,0.29,45.4,45.4,13,50
44400370050,佐伯蒲江線,佐伯蒲江線,一般国道３８８号,44205,0,11.6,佐伯市大字青山,1003,佐伯市大字青山,958,1961,1.22,0.29,51.8,54,13,50
44400370070,佐伯蒲江線,佐伯蒲江線,佐伯蒲江線,44205,0,1,,1196,,1093,2289,1.28,0.26,56.9,57,13.2,50
44400370090,佐伯蒲江線,佐伯蒲江線,佐伯蒲江線,44205,0,0.5,,,,,,,,44.1,48.6,11.7,50
44400380010,坂ノ市中戸次線,一般国道１９７号,臼杵坂ノ市線,44201,0,0.8,,4849,,4683,9532,1.24,1.4,19.2,21,20,40
44400380020,坂ノ市中戸次線,臼杵坂ノ市線,城原・久土線（大分市道）,44201,0,3.1,大分市大字屋山,4494,大分市大字屋山,4898,9392,1.24,0.85,32.9,29.2,13,50
44400380025,坂ノ市中戸次線,城原・久土線（大分市道）,坂ノ市中戸次線,44201,0,1.6,大分市大字屋山,4494,大分市大字屋山,4898,9392,1.24,0.85,31.3,27.3,13,50
44400380030,坂ノ市中戸次線,坂ノ市中戸次線,一般国道１９７号,44201,0,1.7,大分市大字屋山,4494,大分市大字屋山,4898,9392,1.24,0.85,35.4,44.9,13,50
44400380040,坂ノ市中戸次線,一般国道１９７号,大分臼杵線,44201,0,0.7,大分市大字屋山,4494,大分市大字屋山,4898,9392,1.24,0.85,34.3,38.5,13,50
44400380060,坂ノ市中戸次線,大分臼杵線,坂ノ市中戸次線,44201,0,0.9,大分市宮河内,4324,大分市宮河内,4090,8414,1.23,1.01,33.5,34,12,50
44400380070,坂ノ市中戸次線,坂ノ市中戸次線,坂ノ市中戸次線,44201,0,2.5,大分市宮河内,4324,大分市宮河内,4090,8414,1.23,1.01,40.2,51.9,12,50
44400380080,坂ノ市中戸次線,坂ノ市中戸次線,坂ノ市中戸次線,44201,0,1.5,大分市宮河内,4324,大分市宮河内,4090,8414,1.23,1.01,43.1,40.9,12,50
44400380090,坂ノ市中戸次線,坂ノ市中戸次線,臼杵大南線,44201,0,1.2,大分市宮河内,4324,大分市宮河内,4090,8414,1.23,1.01,30.9,28.5,12,50
44400380100,坂ノ市中戸次線,臼杵大南線,一般国道１０号,44201,0,0.7,大分市宮河内,4324,大分市宮河内,4090,8414,1.23,1.01,23.2,8.2,12,50
44400380120,坂ノ市中戸次線,一般国道１９７号,坂ノ市中戸次線,44201,0,0.2,,,,,,,,10.9,15.6,16,60
44400380140,坂ノ市中戸次線,坂ノ市中戸次線,坂ノ市中戸次線,44201,0,1.5,,,,,,,,11.7,26.4,4.6,60
44400380150,坂ノ市中戸次線,坂ノ市中戸次線,臼杵大南線,44201,0,1.2,,,,,,,,24.1,21.8,4.6,60
44400380160,坂ノ市中戸次線,臼杵大南線,一般国道１０号,44201,0,0.6,,,,,,,,22.2,20.6,4.6,60
44400380180,坂ノ市中戸次線,坂ノ市中戸次線,大分臼杵線,44201,0,2.1,,,,,,,,34.8,30.6,12,60
44400390010,小野市重岡線,一般国道３２６号,野津宇目線,44205,0,5.5,佐伯市宇目大字小野市,1293,佐伯市宇目大字小野市,1338,2631,1.21,0.34,48.8,47.9,13.9,50
44400390020,小野市重岡線,野津宇目線,上爪横川線,44205,0,1.2,佐伯市宇目大字大平,295,佐伯市宇目大字大平,295,590,1.21,0.08,51.8,50.3,14,50
44400390030,小野市重岡線,上爪横川線,一般国道１０号,44205,0,3.3,佐伯市宇目大字大平,295,佐伯市宇目大字大平,295,590,1.21,0.08,56.6,53.5,14,50
44400400010,飯田高原中村線,別府一の宮線,田野宝泉寺停車場線,44461,0,12.8,玖珠郡九重町湯坪,512,玖珠郡九重町湯坪,489,1001,1.15,0.13,42.3,42.1,9,50
44400400020,飯田高原中村線,田野宝泉寺停車場線,田野宝泉寺停車場線,44461,0,0.2,玖珠郡九重町湯坪,512,玖珠郡九重町湯坪,489,1001,1.15,0.13,40.6,42.6,9,50
44400400030,飯田高原中村線,田野宝泉寺停車場線,田野宝泉寺停車場線,44461,0,0.2,玖珠郡九重町湯坪,512,玖珠郡九重町湯坪,489,1001,1.15,0.13,32.5,37.4,9,50
44400400040,飯田高原中村線,田野宝泉寺停車場線,田野庄内線,44461,0,2.2,,1946,,1892,3838,1.21,0.49,26.4,26.1,8,50
44400400050,飯田高原中村線,田野庄内線,田野庄内線,44461,0,0.3,玖珠郡九重町田野,1510,玖珠郡九重町田野,1369,2879,1.21,0.38,25.1,28.8,11,40
44400400060,飯田高原中村線,田野庄内線,市道（旧：飯田高原中村線）,44461,0,1.2,玖珠郡九重町田野,1510,玖珠郡九重町田野,1369,2879,1.21,0.38,19.9,30.7,11,40
44400400120,飯田高原中村線,市道（旧：飯田高原中村線）,市道（旧：飯田高原中村線）,44461,0,0.9,,,,,,,,39.9,46.9,12.6,60
44400400100,飯田高原中村線,一般国道２１０号,九州横断自動車道長崎大分線,44461,0,1.3,玖珠郡九重町右田,1197,玖珠郡九重町右田,1139,2336,1.14,0.32,35.9,47.9,15,50
44400400160,飯田高原中村線,,,44461,0,0.4,,,,,,,,22.5,44.9,8,40
44400410005,大分大野線,一般国道４４２号,大分大野線,44201,0,1,大分大字田尻,4595,大分大字田尻,3687,8282,1.24,2.04,13.3,30.9,6.5,30
44400410010,大分大野線,大分大野線,一般国道２１０号,44201,0,0.7,大分大字田尻,4595,大分大字田尻,3687,8282,1.24,2.04,23.5,9.8,6.5,30
44400410020,大分大野線,一般国道２１０号,下世利寒田線,44201,0,0.4,大分大字田尻,4595,大分大字田尻,3687,8282,1.24,2.04,6.8,8.6,6.5,30
44400410030,大分大野線,下世利寒田線,西寒多寒田線,44201,0,1.4,大分市大字河原内,5,大分市大字河原内,2,7,1.05,0,25.4,29.9,11,60
44400410040,大分大野線,西寒多寒田線,大分大野線,44201,0,1.2,大分市大字河原内,5,大分市大字河原内,2,7,1.05,0,28.7,20.9,11,60
44400410050,大分大野線,大分大野線,大分大野線,44201,0,0.6,大分市大字河原内,5,大分市大字河原内,2,7,1.05,0,29.7,29.5,11,60
44400410060,大分大野線,大分大野線,弓立上戸次線,44201,0,7.1,,26,,30,56,1.05,0.02,18.5,18.5,3.3,30
44400410070,大分大野線,弓立上戸次線,大分大野線,44201,0,0.2,,26,,30,56,1.05,0.02,32.8,32.8,3.3,30
44400410080,大分大野線,大分大野線,大分大野線,44201,0,0.2,,26,,30,56,1.05,0.32,25.6,25.6,3.8,30
44400410090,大分大野線,大分大野線,大分市・豊後大野市境,44201,0,1.4,,26,,30,56,1.05,0.32,24.2,24.2,3.8,30
44400410100,大分大野線,大分市・豊後大野市境,市道（別：大分大野線）,44212,0,1,豊後大野市大野町安藤,64,豊後大野市大野町安藤,54,118,1.25,0.01,21.4,21.4,12.6,60
44400410110,大分大野線,市道（別：大分大野線）,市道（別：大分大野線）,44212,0,0.3,豊後大野市大野町安藤,64,豊後大野市大野町安藤,54,118,1.25,0.01,40.8,40.8,12.6,60
44400410120,大分大野線,市道（別：大分大野線）,中土師犬飼線,44212,0,2.8,豊後大野市大野町安藤,64,豊後大野市大野町安藤,54,118,1.25,0.01,49.3,33.2,12.6,60
44400410130,大分大野線,中土師犬飼線,竹田犬飼線,44212,0,6.4,豊後大野市大野町沢田,336,豊後大野市大野町沢田,331,667,1.26,0.07,45.4,43.9,8.3,60
44400410150,大分大野線,大分大野線,大分大野線,44201,0,0.2,,31,,25,56,1.05,0.32,16,18,4,30
44400410170,大分大野線,大分大野線,大分大野線,44201,0,0.5,,31,,25,56,1.05,0.32,22.5,21.2,4.7,30
44400410210,大分大野線,一般国道４４２号,大分大野線,44201,0,0.9,,,,,,,,24.3,28.1,5,30
44400420010,山香院内線,一般国道１０号,山香院内線,44210,0,9.3,杵築市山香町大字日指,693,杵築市山香町大字日指,737,1430,1.17,0.21,48,45.6,8,40
44400420020,山香院内線,山香院内線,日出山香線,44210,0,1.1,杵築市山香町大字日指,693,杵築市山香町大字日指,737,1430,1.17,0.21,52.2,52.9,8,40
44400420030,山香院内線,日出山香線,久木野尾尾立線,44210,0,1.1,,1154,,1065,2219,1.19,0.31,45,49.8,8.5,60
44400420040,山香院内線,久木野尾尾立線,杵築市・宇佐市境,44210,0,1.1,,1154,,1065,2219,1.19,0.31,58.1,58.1,8.5,60
44400420050,山香院内線,杵築市・宇佐市境,佐田山香線,44211,0,5.7,宇佐市安心院町笹ヶ平,1050,宇佐市安心院町笹ヶ平,1108,2158,1.18,0.3,57.3,56.9,11.7,60
44400420060,山香院内線,佐田山香線,一般国道１０号（宇佐別府道路）,44211,0,2.5,宇佐市安心院町笹ヶ平,1050,宇佐市安心院町笹ヶ平,1108,2158,1.18,0.3,55.2,53.2,11.7,60
44400420070,山香院内線,一般国道１０号（宇佐別府道路）,一般国道５００号,44211,0,1.5,宇佐市安心院町新原,1614,宇佐市安心院町新原,1795,3409,1.21,0.39,36.8,32.6,13,50
44400420080,山香院内線,一般国道５００号,一般国道３８７号,44211,0,2.4,宇佐市安心院町下毛,3429,宇佐市安心院町下毛,3489,6918,1.23,0.63,46.8,36.8,15,50
44400420095,山香院内線,山香院内線,久木野尾山浦線,44210,0,0.9,杵築市山香町大字久木野尾,999,杵築市山香町大字久木野尾,994,1993,1.18,0.34,43.3,47.7,11.5,60
44400420100,山香院内線,久木野尾山浦線,杵築市・宇佐市境,44210,0,0.7,杵築市山香町大字久木野尾,999,杵築市山香町大字久木野尾,994,1993,1.18,0.34,50.8,53.6,11.5,60
44400420110,山香院内線,杵築市・宇佐市境,一般国道１０号（宇佐別府道路）,44211,0,0.2,杵築市山香町大字久木野尾,999,杵築市山香町大字久木野尾,994,1993,1.18,0.33,48.9,40.3,11.5,60
44400430010,玖珠山国線,一般国道２１０号,書曲野田線,44462,0,0.9,玖珠郡玖珠町塚脇,4793,玖珠郡玖珠町塚脇,4782,9575,1.25,0.92,15.2,15,15,40
44400430020,玖珠山国線,書曲野田線,書曲野田線,44462,0,0.9,玖珠郡玖珠町塚脇,4793,玖珠郡玖珠町塚脇,4782,9575,1.25,0.92,18.6,25.1,15,40
44400430030,玖珠山国線,書曲野田線,日田玖珠線,44462,0,4.1,玖珠郡玖珠町古後,427,玖珠郡玖珠町古後,362,789,1.14,0.12,32.4,32.6,12,40
44400430040,玖珠山国線,日田玖珠線,平原耶馬溪線,44462,0,8.6,玖珠郡玖珠町古後,427,玖珠郡玖珠町古後,362,789,1.14,0.12,39.7,37,12,40
44400430050,玖珠山国線,平原耶馬溪線,白地日田線,44462,0,4.5,玖珠郡玖珠町古後,427,玖珠郡玖珠町古後,362,789,1.14,0.12,51.2,45.7,12,40
44400430060,玖珠山国線,白地日田線,玖珠町・中津市境,44462,0,1.7,玖珠郡玖珠町古後,427,玖珠郡玖珠町古後,362,789,1.14,0.12,42.5,48.6,12,40
44400430070,玖珠山国線,玖珠町・中津市境,一般国道２１２号,44203,0,3.3,中津市山国町宇曽,333,中津市山国町宇曽,309,642,1.14,0.09,54.3,46.5,15,60
44400440170,宇佐本耶馬溪線,,和気佐野線,44211,0,0.9,,,,,,,,29.3,21.2,10.2,40
44400440150,宇佐本耶馬溪線,和気佐野線,,44211,0,0.3,宇佐市大字畑田,3045,宇佐市大字畑田,3321,6366,1.23,0.49,29.3,21.2,25,50
44400440130,宇佐本耶馬溪線,,宇佐本耶馬溪線,44211,0,0.8,宇佐市大字畑田,3045,宇佐市大字畑田,3321,6366,1.23,0.39,44.8,45.9,25,50
44400440030,宇佐本耶馬溪線,,一般国道１０号,44211,0,1.2,,4739,,4674,9413,1.24,0.3,30.6,25.2,23.5,50
44400440050,宇佐本耶馬溪線,一般国道１０号,宇佐インター線,44211,0,0.6,宇佐市大字四日市,3823,宇佐市大字四日市,3476,7299,1.23,0.6,24.3,26.8,8,40
44400440060,宇佐本耶馬溪線,宇佐インター線,一般国道１０号,44211,0,1,宇佐市大字四日市,3823,宇佐市大字四日市,3476,7299,1.23,0.6,36.1,39.6,8,40
44400440070,宇佐本耶馬溪線,一般国道１０号,山袋久々姥線,44211,0,4.4,宇佐市大字四日市,3823,宇佐市大字四日市,3476,7299,1.23,0.6,46,45.4,8,40
44400440080,宇佐本耶馬溪線,山袋久々姥線,円座中津線,44211,0,2.2,宇佐市大字山口,180,宇佐市大字山口,121,301,1.26,0.03,43.2,55.9,7.5,60
44400440090,宇佐本耶馬溪線,円座中津線,円座中津線,44211,0,1.2,宇佐市大字山口,180,宇佐市大字山口,121,301,1.26,0.03,58.3,49.3,7.5,60
44400440100,宇佐本耶馬溪線,円座中津線,宇佐市・中津市境,44211,0,2.3,宇佐市大字山口,180,宇佐市大字山口,121,301,1.26,0.03,39.8,42.5,7.5,60
44400440110,宇佐本耶馬溪線,宇佐市・中津市境,一般国道２１２号,44203,0,8.2,中津市本耶馬渓町東屋形,229,中津市本耶馬渓町東屋形,230,459,1.24,0.05,49.5,49.3,13.5,60
44400440010,宇佐本耶馬溪線,中津高田線,和気佐野線,44211,0,2,宇佐市大字川部,3715,宇佐市大字川部,3471,7186,1.24,0.59,32.3,37.7,8,40
44400440020,宇佐本耶馬溪線,和気佐野線,宇佐本耶馬溪線,44211,0,2.4,,,,,,,,26.9,28.5,8.2,60
44400450010,宇目清川線,日之影宇目線,佐伯市・豊後大野市境,44205,0,6.8,豊後大野市三重町中津留,58,豊後大野市三重町中津留,62,120,1.25,0.01,29.8,31.1,8.5,60
44400450020,宇目清川線,佐伯市・豊後大野市境,中津留轟牧口停車場線,44212,0,3.2,豊後大野市三重町中津留,58,豊後大野市三重町中津留,62,120,1.25,0.01,29.8,31.1,8.25,60
44400450030,宇目清川線,中津留轟牧口停車場線,伏野三重線,44212,0,2.4,豊後大野市三重町中津留,58,豊後大野市三重町中津留,62,120,1.25,0.01,17.4,16.8,8.25,60
44400450040,宇目清川線,伏野三重線,中津留轟牧口停車場線,44212,0,3.3,豊後大野市清川町宇田枝,374,豊後大野市清川町宇田枝,389,763,1.14,0.1,44.8,44.7,11.5,60
44400450050,宇目清川線,中津留轟牧口停車場線,一般国道５０２号,44212,0,2.7,豊後大野市清川町宇田枝,374,豊後大野市清川町宇田枝,389,763,1.14,0.1,41.1,42.1,11.5,60
44400450090,宇目清川線,,,44212,0,3.5,,,,,,,,,,5,30
44400450070,宇目清川線,,,44212,0,0.3,,,,,,,,,,5,30
44400460010,緒方朝地線,一般国道５０２号,竹田犬飼線,44212,0,5,豊後大野市緒方町軸丸,907,豊後大野市緒方町軸丸,863,1770,1.19,0.24,39.9,35.7,11,60
44400470060,竹田直入線,一般国道５７号,竹田直入線,44208,0,0.2,,,,,,,,34.5,43.8,9,60
44400470010,竹田直入線,竹田直入線,久住高原野津原線,44208,0,8.6,竹田市大字高伏,1106,竹田市大字高伏,1091,2197,1.19,0.28,53,51.5,11,40
44400470020,竹田直入線,久住高原野津原線,庄内久住線,44208,0,3.7,竹田市大字高伏,1106,竹田市大字高伏,1091,2197,1.19,0.28,50.9,49.1,11,40
44400470005,竹田直入線,一般国道４４２号,竹田直入線,44208,0,0.4,竹田市大字高伏,1106,竹田市大字高伏,1091,2197,1.19,0.28,14.1,40.4,11,40
44400470080,竹田直入線,,,44208,0,0.7,,,,,,,,50.1,50,10.2,40
44400480010,日田玖珠線,一般国道２１２号,戸畑日田線,44204,0,0.2,日田市上城内町,2974,日田市上城内町,1782,4756,1.22,0.47,8.1,15,10.5,60
44400480020,日田玖珠線,戸畑日田線,西有田豆田線,44204,0,4.3,日田市上城内町,2974,日田市上城内町,1782,4756,1.22,0.47,19,22.5,10.5,60
44400480030,日田玖珠線,西有田豆田線,白地日田線,44204,0,4.5,日田市上城内町,2974,日田市上城内町,1782,4756,1.22,0.47,48.2,47,10.5,60
44400480040,日田玖珠線,白地日田線,日田市・玖珠町境,44204,0,6,日田市大字東有田,932,日田市大字東有田,916,1848,1.22,0.24,49.4,49.4,8.3,60
44400480050,日田玖珠線,日田市・玖珠町境,玖珠山国線,44462,0,11.7,玖珠郡玖珠町戸畑,216,玖珠郡玖珠町戸畑,235,451,1.26,0.06,50.4,50.4,10.5,40
44400480070,日田玖珠線,,,44204,0,0.5,,,,,,,,44.3,44.3,5,30
44400490010,大田杵築線,一般国道２１３号,成仏杵築線,44210,0,0.6,杵築市大字船部,793,杵築市大字船部,861,1654,1.15,0.24,17.2,17.3,10.5,60
44400490020,大田杵築線,成仏杵築線,藤原杵築線,44210,0,1.9,杵築市大字船部,793,杵築市大字船部,861,1654,1.15,0.24,26.1,26.5,10.5,60
44400490030,大田杵築線,藤原杵築線,一般国道２１３号,44210,0,1,杵築市大字船部,793,杵築市大字船部,861,1654,1.15,0.24,38.5,37.1,10.5,60
44400490040,大田杵築線,一般国道２１３号,山香国見線,44210,0,6.1,杵築市大字船部,793,杵築市大字船部,861,1654,1.15,0.24,55.6,55.6,10.5,60
44400490060,大田杵築線,,,44210,0,2.2,,,,,,,,66.6,60.4,8.1,60
44400500010,安心院湯布院線,一般国道５００号,津房木裳線,44211,0,2.3,宇佐市安心院町上市,1609,宇佐市安心院町上市,1262,2871,1.21,0.42,41.7,38.9,8.9,40
44400500020,安心院湯布院線,津房木裳線,鳥越湯布院線,44211,0,1.7,宇佐市安心院町鳥越,1168,宇佐市安心院町鳥越,1067,2235,1.17,0.26,55.6,50.2,8.1,60
44400500030,安心院湯布院線,鳥越湯布院線,川上玖珠線,44211,0,13.3,宇佐市安心院町鳥越,1168,宇佐市安心院町鳥越,1067,2235,1.17,0.26,56.5,55.8,8.1,60
44400500040,安心院湯布院線,川上玖珠線,宇佐市・由布市境,44211,0,0.2,宇佐市安心院町鳥越,1168,宇佐市安心院町鳥越,1067,2235,1.17,0.26,51.8,42.2,8.1,60
44400500050,安心院湯布院線,宇佐市・由布市境,別府湯布院線,44213,0,7,由布市湯布院町川上,633,由布市湯布院町川上,552,1185,1.15,0.37,47.7,48.7,12.5,60
44400510010,別府挾間線,一般国道１０号,別府市・由布市境,44202,0,3.3,別府市赤松,47,別府市赤松,46,93,1.25,0.33,18.1,20.6,4.5,20
44400510020,別府挾間線,別府市・由布市境,別府挾間線,44213,0,0,別府市赤松,47,別府市赤松,46,93,1.25,0.06,43.7,43.7,5.3,60
44400510030,別府挾間線,別府挾間線,別府挾間線,44213,0,3.9,由布市狭間町高崎,230,由布市狭間町高崎,220,450,1.33,0.15,39.2,38.2,5.7,60
44400510040,別府挾間線,別府挾間線,市道（旧：別府挾間線）,44213,0,0.5,由布市狭間町北方,1687,由布市狭間町北方,2087,3774,1.25,2.11,40.8,50,5.5,60
44400510050,別府挾間線,市道（旧：別府挾間線）,小挾間大分線,44213,0,3.5,由布市狭間町北方,1687,由布市狭間町北方,2087,3774,1.25,2.11,32.4,32.4,5.5,60
44400510060,別府挾間線,小挾間大分線,一般国道２１０号,44213,0,1.6,由布市狭間町北方,1687,由布市狭間町北方,2087,3774,1.25,2.11,27.8,21.1,5.5,60
44400510080,別府挾間線,一般国道１０号,別府市・由布市境,44202,0,4.3,別府市鳥越,2230,別府市鳥越,2385,4615,1.18,0.52,47.3,47.8,15.1,60
44400510090,別府挾間線,別府市・由布市境,由布市・別府市境,44213,0,0.6,由布市狭間町七蔵司,2022,由布市狭間町七蔵司,2030,4052,1.18,0.4,53.9,53.3,10.1,60
44400510100,別府挾間線,由布市・別府市境,別府市・由布市境,44202,0,0.7,別府市赤松,2118,別府市赤松,2262,4380,1.18,0.24,49,54.8,9,60
44400510110,別府挾間線,別府市・由布市境,別府挾間線,44213,0,0.3,別府市赤松,2118,別府市赤松,2262,4380,1.18,0.24,52.3,51.3,9,60
44400510130,別府挾間線,別府挾間線,高崎大分線,44213,0,0.4,別府市赤松,2118,別府市赤松,2262,4380,1.18,0.34,46.5,44.4,8.8,30
44400510140,別府挾間線,高崎大分線,中村別府線,44213,0,0.1,由布市狭間町高崎,809,由布市狭間町高崎,962,1771,1.15,0.23,20.4,34,8.8,30
44400520005,別府庄内線,一般国道１０号,亀川別府線,44202,0,0.8,別府市大字南立石,9988,別府市大字南立石,8647,18635,1.26,1.66,13.7,20.3,11.4,40
44400520010,別府庄内線,亀川別府線,別府山香線,44202,0,3.2,別府市大字南立石,9988,別府市大字南立石,8647,18635,1.26,1.66,21.4,22.4,11.4,40
44400520020,別府庄内線,別府山香線,別府一の宮線,44202,0,2.1,別府市大字南立石,9988,別府市大字南立石,8647,18635,1.26,1.66,36.5,31,11.4,40
44400520040,別府庄内線,別府一の宮線,東山庄内線,44202,0,0.6,別府市小杉,758,別府市小杉,714,1472,1.15,0.15,23.6,36.1,8.5,60
44400520050,別府庄内線,東山庄内線,別府市・由布市境,44202,0,4.5,別府市小杉,758,別府市小杉,714,1472,1.15,0.15,41.1,42.2,8.5,60
44400520060,別府庄内線,別府市・由布市境,小挾間大分線,44213,0,0.4,由布市狭間町小狭間,750,由布市狭間町小狭間,731,1481,1.18,0.15,44.7,46.9,10.5,60
44400520070,別府庄内線,小挾間大分線,別府庄内線,44213,0,1.3,由布市狭間町小狭間,750,由布市狭間町小狭間,731,1481,1.18,0.15,40.6,43.4,10.5,60
44400520080,別府庄内線,別府庄内線,東山庄内線,44213,0,0.4,由布市狭間町小狭間,750,由布市狭間町小狭間,731,1481,1.18,0.15,58.6,60.7,10.5,60
44400520090,別府庄内線,東山庄内線,別府庄内線,44213,0,0.3,,899,,885,1784,1.18,0.24,43.2,58.1,8.3,60
44400520095,別府庄内線,別府庄内線,別府庄内線,44213,0,1,,899,,885,1784,1.18,0.24,52.1,50.9,8.3,60
44400520100,別府庄内線,別府庄内線,小野屋停車場線,44213,0,1.1,,899,,885,1784,1.18,0.24,42.5,45,8.3,60
44400520110,別府庄内線,小野屋停車場線,東長宝西線,44213,0,0.1,,899,,885,1784,1.18,0.24,22.1,23.5,8.3,60
44400520120,別府庄内線,東長宝西線,一般国道２１０号,44213,0,0.6,,899,,885,1784,1.18,1.8,21.5,19.5,5,60
44400520140,別府庄内線,別府庄内線,別府庄内線,44213,0,0.8,,899,,885,1784,1.18,7.2,9.1,15.4,4.3,60
44400520160,別府庄内線,別府庄内線,田野庄内線,44213,0,1.1,,,,,,,,41.9,42,11.5,30
44400530060,野津宇目線,一般国道１０号,野津宇目線,44206,0,1.9,臼杵市野津町大字清水原,333,臼杵市野津町大字清水原,325,658,1.14,0.09,27.6,44.4,9.5,40
44400530010,野津宇目線,野津宇目線,臼杵市・佐伯市境,44206,0,8.1,,355,,351,706,1.15,0.1,28.2,28.3,9,40
44400530020,野津宇目線,臼杵市・佐伯市境,三重弥生線,44205,0,3.7,,355,,351,706,1.15,0.1,26.8,29.3,7.7,60
44400530040,野津宇目線,三重弥生線,小野市重岡線,44205,0,8.1,佐伯市宇目大字千束,319,佐伯市宇目大字千束,309,628,1.2,0.09,46,45.3,11.1,60
44400530005,野津宇目線,一般国道１０号,野津宇目線,44206,0,1.6,,355,,351,706,1.15,0.13,14.2,30.8,7.5,40
44400540010,玖珠天瀬線,一般国道２１０号,戸畑日田線,44462,0,4.1,玖珠郡玖珠町戸畑,707,玖珠郡玖珠町戸畑,784,1491,1.16,0.2,48.6,46.9,15,50
44400540020,玖珠天瀬線,戸畑日田線,九州横断自動車道長崎大分線,44462,0,1.1,玖珠郡玖珠町戸畑,707,玖珠郡玖珠町戸畑,784,1491,1.16,0.2,28.9,8.5,15,50
44400540030,玖珠天瀬線,九州横断自動車道長崎大分線,玖珠町・日田市境,44462,0,0.4,玖珠郡玖珠町戸畑,707,玖珠郡玖珠町戸畑,784,1491,1.16,0.2,42.4,45.3,15,50
44400540040,玖珠天瀬線,玖珠町・日田市境,一般国道２１０号,44204,0,4.8,日田市天瀬町馬原,836,日田市天瀬町馬原,999,1835,1.18,0.28,50.6,47.8,6.8,60
44400550010,両子山武蔵線,豊後高田国東線,市道（旧：豊後高田国東線）,44214,0,0.1,国東市安岐町富清,223,国東市安岐町富清,224,447,1.22,0.06,21.9,32.9,10.2,60
44400550020,両子山武蔵線,市道（旧：豊後高田国東線）,市道（旧：豊後高田国東線）,44214,0,0.2,国東市安岐町富清,223,国東市安岐町富清,224,447,1.22,0.06,35.6,33.5,10.2,60
44400550030,両子山武蔵線,市道（旧：豊後高田国東線）,富清掛樋線,44214,0,5.6,国東市安岐町富清,223,国東市安岐町富清,224,447,1.22,0.06,62.9,49.6,10.2,60
44400550040,両子山武蔵線,富清掛樋線,国東安岐線,44214,0,13.4,国東市武蔵町手野,338,国東市武蔵町手野,340,678,1.19,0.09,62.9,49.6,10,40
44400550050,両子山武蔵線,国東安岐線,一般国道２１３号,44214,0,0.3,国東市武蔵町手野,338,国東市武蔵町手野,340,678,1.19,0.09,18.5,15.4,10,40
44400560010,中判田下郡線,一般国道１０号,,44201,0,2.1,大分市,18692,大分市,18454,37146,1.29,1.74,49.3,17.5,31,60
44400560020,中判田下郡線,,大分臼杵線,44201,0,1.5,大分市,17477,大分市,16102,33579,1.29,0.96,18.4,9.4,30,60
44300570060,竹田犬飼線,一般国道５７号,中土師犬飼線,44212,0,1.7,豊後大野市千歳町長峰,520,豊後大野市千歳町長峰,560,1080,1.12,0.17,42,46.9,15,50
44300570070,竹田犬飼線,中土師犬飼線,三重新殿線,44212,0,3.7,豊後大野市千歳町長峰,520,豊後大野市千歳町長峰,560,1080,1.12,0.17,52.5,46.5,15,50
44300570080,竹田犬飼線,三重新殿線,一般国道５７号,44212,0,0.9,豊後大野市千歳町長峰,520,豊後大野市千歳町長峰,560,1080,1.12,0.15,37.4,19.7,11.2,50
44300570090,竹田犬飼線,一般国道５７号,一般国道５７号,44212,0,4,豊後大野市千歳町下山,473,豊後大野市千歳町下山,559,1032,1.15,0.13,47.8,54.7,11.2,50
44300570100,竹田犬飼線,一般国道５７号,大分大野線,44212,0,4.6,豊後大野市大野町田中,989,豊後大野市大野町田中,1057,2046,1.19,0.24,50.1,54.3,11.2,50
44300570110,竹田犬飼線,大分大野線,百枝大野線,44212,0,0.4,豊後大野市大野町田中,989,豊後大野市大野町田中,1057,2046,1.19,0.24,51.5,42.1,13,50
44300570120,竹田犬飼線,百枝大野線,,44212,0,0.7,豊後大野市大野町田中,989,豊後大野市大野町田中,1057,2046,1.19,0.24,16.9,32.8,13,50
44300570130,竹田犬飼線,,三重野津原線,44212,0,0.1,豊後大野市大野町田中,989,豊後大野市大野町田中,1057,2046,1.19,0.24,16.2,19.4,13,50
44300570140,竹田犬飼線,三重野津原線,池田大原線,44212,0,3.2,豊後大野市朝地町下野,1091,豊後大野市朝地町下野,1158,2249,1.21,0.36,40,46.9,12,50
44300570143,竹田犬飼線,池田大原線,一般国道５７号,44212,0,3.9,豊後大野市朝地町下野,1091,豊後大野市朝地町下野,1158,2249,1.21,0.36,49.8,52.1,12,50
44300570150,竹田犬飼線,一般国道５７号,緒方朝地線,44212,0,0.5,豊後大野市朝地町板井迫,2556,豊後大野市朝地町板井迫,2690,5246,1.24,0.54,27.6,30,13.2,50
44300570160,竹田犬飼線,緒方朝地線,一般国道４４２号,44212,0,1.7,豊後大野市朝地町板井迫,2556,豊後大野市朝地町板井迫,2690,5246,1.24,0.54,51.6,44.4,13.2,50
44601020010,野路土佐井線,一般国道２１２号,野路土佐井線,44203,0,1.1,中津市三光土田,207,中津市三光土田,237,444,1.26,0.05,19.2,19.2,11,60
44601050010,山北日田線,山北日田線,一般国道２１０号,44204,0,3.5,日田市大字堂尾,177,日田市大字堂尾,186,363,1.24,0.06,36,23.9,7.5,60
44601060010,朝田日田線,朝田日田線,西大山大野日田線,44204,0,0.8,日田市前津江町柚木,34,日田市前津江町柚木,31,65,1.25,0.05,19.8,18.9,5.2,60
44601060020,朝田日田線,西大山大野日田線,,44204,0,3,日田市大字小山,13,日田市大字小山,9,22,1.05,0.08,49,48.9,3.6,60
44601060035,朝田日田線,,朝田日田線,44204,0,8.6,日田市大字小山,13,日田市大字小山,9,22,1.05,0,49,48.9,9.1,60
44601060040,朝田日田線,朝田日田線,一般国道２１０号,44204,0,0.4,日田市大字小山,13,日田市大字小山,9,22,1.05,0,27.9,16.8,9.1,60
44601060060,朝田日田線,朝田日田線,一般国道２１０号,44204,0,0.4,,,,,,,,44.9,44.9,14,30
44601070010,宝珠山日田線,宝珠山日田線,和田大鶴停車場線,44204,0,2.5,日田市大字小野,238,日田市大字小野,240,478,1.26,0.06,31.7,32.3,8,60
44601070020,宝珠山日田線,和田大鶴停車場線,日田山国線,44204,0,13.2,日田市大字小野,238,日田市大字小野,240,478,1.26,0.06,31.7,32.3,8,60
44601070030,宝珠山日田線,日田山国線,一般国道２１２号,44204,0,0.3,日田市大字小野,238,日田市大字小野,240,478,1.26,0.06,34.9,24.7,8,60
44601070050,宝珠山日田線,,,44204,0,0.7,,,,,,,,34.6,34.6,16.5,50
44601080010,中津吉富線,一般国道２１３号,中津高田線,44203,0,2.7,中津市大字牛神,4729,中津市大字牛神,5728,10457,1.24,1.01,21.6,23,18.5,30
44601080030,中津吉富線,中津高田線,中津吉富線,44203,0,0.9,中津市殿町,6542,中津市殿町,6792,13334,1.25,1.31,19.1,26.2,16,40
44601090010,福土吉富線,東上戸原線,,44203,0,0.9,中津市耶馬渓町大字福土,5,中津市耶馬渓町大字福土,4,9,1.25,0,25.9,24.9,6,60
44601100010,東下中津線,東下中津線,一般国道２１２号,44203,0,0.4,中津市大字万田,2099,中津市大字万田,2314,4413,1.21,0.35,36.9,22.6,16,40
44601100030,東下中津線,一般国道２１２号,豊前万田線,44203,0,0.4,中津市大字上宮永,3076,中津市大字上宮永,3354,6430,1.23,0.5,17.1,24.1,9.5,30
44601100040,東下中津線,豊前万田線,中津高田線,44203,0,2.2,中津市大字上宮永,3076,中津市大字上宮永,3354,6430,1.23,0.5,28,25.3,9.5,30
44601110010,東上戸原線,東上戸原線,福土吉富線,44203,0,2.7,中津市耶馬渓町大字福土,15,中津市耶馬渓町大字福土,8,23,1.05,0,34.5,34.4,13,60
44601110020,東上戸原線,福土吉富線,一般国道２１２号,44203,0,5.6,中津市耶馬渓町大字福土,15,中津市耶馬渓町大字福土,8,23,1.05,0,34.5,34.4,13,60
44601130010,中津豊前線,一般国道２１２号,中津高田線,44203,0,0.4,中津市古金谷,8319,中津市古金谷,7814,16133,1.26,0.86,21.4,22.5,20,50
44601130020,中津豊前線,中津高田線,中津豊前線,44203,0,0.8,中津市古金谷,8319,中津市古金谷,7814,16133,1.26,0.86,22.8,31.2,20,50
44601140010,前津江星野線,小畑日田線,,44204,0,5.4,日田市前津江町柚木,10,日田市前津江町柚木,4,14,1.26,0.01,31,30.5,5.8,60
44601220005,古江丸市尾線,古江丸市尾線,東九州自動車道,44205,0,1.5,佐伯市蒲江大字波当津浦,7,佐伯市蒲江大字波当津浦,5,12,1,0,21.4,20.8,11.5,60
44601220010,古江丸市尾線,東九州自動車道,一般国道３８８号,44205,0,9.3,佐伯市蒲江大字波当津浦,7,佐伯市蒲江大字波当津浦,5,12,1,0,40.1,40,11.5,60
44601310010,笹倉久住線,笹倉久住線,白丹竹田線,44208,0,1.2,竹田市久住町大字白丹,251,竹田市久住町大字白丹,270,521,1.24,0.07,50.7,52.3,10,40
44601310020,笹倉久住線,白丹竹田線,一般国道４４２号,44208,0,6.3,竹田市久住町大字白丹,458,竹田市久住町大字白丹,482,940,1.15,0.14,47.1,41.3,10,40
44601330010,鯛生菊池線,日田鹿本線,鯛生菊池線,44204,0,1.6,日田市中津江村合瀬,61,日田市中津江村合瀬,64,125,1.25,0.16,36.9,34.7,5.6,60
44601340010,南小国上津江線,南小国上津江線,天瀬阿蘇線,44204,0,3.7,日田市上津江町上野田,85,日田市上津江町上野田,69,154,1.25,0.24,33.7,31.7,5.5,60
44601350010,高森竹田線,高森竹田線,穴井迫荻線,44208,0,4.5,竹田市荻町桑木,309,竹田市荻町桑木,307,616,1.24,0.08,36.7,36.7,12.5,60
44601350020,高森竹田線,穴井迫荻線,,44208,0,0.4,竹田市荻町桑木,309,竹田市荻町桑木,307,616,1.24,0.08,21.8,32.2,12.5,60
44601350030,高森竹田線,,高森竹田線,44208,0,8.3,竹田市荻町大字馬背野,1546,竹田市荻町大字馬背野,1440,2986,1.2,0.4,44.6,48.1,12,50
44601350040,高森竹田線,高森竹田線,神原玉来線,44208,0,0.4,,2732,,2630,5362,1.22,0.65,18.7,18.5,9.2,30
44601350045,高森竹田線,神原玉来線,(旧)高森竹田線,44208,0,0.5,,2732,,2630,5362,1.22,0.65,21.2,25.4,9.2,30
44601350130,高森竹田線,(旧)高森竹田線,,44208,0,0.6,,,,,,,,34.8,37.3,13,60
44601350100,高森竹田線,,一般国道５０２号,44208,0,0.8,,2490,,2050,4540,1.22,0.56,37.2,35,16,60
44601350110,高森竹田線,一般国道５０２号,竹田五ケ瀬線,44208,0,0.2,,2636,,2318,4954,1.22,0.71,19.5,30.5,16,60
44601350080,高森竹田線,高森竹田線,一般国道５７号,44208,0,0.1,,,,,,,,9.9,9.2,14,60
44601370010,上野田黒渕線,天瀬阿蘇線,上野田黒渕線,44204,0,5.1,日田市上津江町上野田,12,日田市上津江町上野田,17,29,1.25,0,32.6,33.8,16,60
44602010010,国東安岐線,一般国道２１３号,両子山武蔵線,44214,0,5.4,国東市国東町治郎丸,2361,国東市国東町治郎丸,2213,4574,1.23,0.51,44.6,44.2,10.5,40
44602010020,国東安岐線,両子山武蔵線,糸原杵築線,44214,0,2.3,国東市安岐町下原,2813,国東市安岐町下原,2770,5583,1.22,0.73,35,33.7,10.5,40
44602010030,国東安岐線,糸原杵築線,大分空港線,44214,0,2.2,国東市安岐町下原,2813,国東市安岐町下原,2770,5583,1.22,0.73,29,34.5,10.5,40
44602010040,国東安岐線,大分空港線,豊後高田安岐線,44214,0,0.7,国東市安岐町下原,2813,国東市安岐町下原,2770,5583,1.22,0.73,25.3,23.5,10.5,40
44602020010,挾間野津原線,龍原挾間線,由布市・大分市境,44213,0,2.3,大分市大字野津原,254,大分市大字野津原,252,506,1.84,0.07,26.2,27.8,9,60
44602020020,挾間野津原線,由布市・大分市境,,44201,0,3.3,大分市大字野津原,254,大分市大字野津原,252,506,1.84,0.07,32.4,32.4,8,60
44602040010,津久見野津線,一般国道２１７号,津久見市・臼杵市境,44207,0,9,津久見市大字上青江,1605,津久見市大字上青江,1438,3043,1.21,0.39,33.7,40,11,40
44602040020,津久見野津線,津久見市・臼杵市境,川登臼杵線,44206,0,10.4,津久見市大字上青江,1605,津久見市大字上青江,1438,3043,1.21,0.39,33.7,33.7,9,40
44602040030,津久見野津線,川登臼杵線,川登臼杵線,44206,0,3.8,津久見市大字上青江,1605,津久見市大字上青江,1438,3043,1.21,0.39,45.9,44.3,9,40
44602040040,津久見野津線,川登臼杵線,一般国道１０号,44206,0,3,臼杵市野津町大字野津市,1680,臼杵市野津町大字野津市,1568,3248,1.21,0.36,30.5,26.8,11.5,40
44602050010,臼杵坂ノ市線,臼杵停車場線,一般国道２１７号,44206,0,4.2,臼杵市大字市浜字土手添,5784,臼杵市大字市浜字土手添,6183,11967,1.23,0.55,27.8,25.8,9.5,40
44602050030,臼杵坂ノ市線,一般国道２１７号,臼杵市・大分市境,44206,0,4.9,臼杵市田尻,5768,臼杵市田尻,6013,11781,1.25,0.95,31.2,53.3,8.5,60
44602050040,臼杵坂ノ市線,臼杵市・大分市境,臼杵坂ノ市線,44201,0,2.5,臼杵市田尻,5768,臼杵市田尻,6013,11781,1.25,1.04,56.3,57.7,11.9,50
44602050050,臼杵坂ノ市線,臼杵坂ノ市線,坂ノ市中戸次線,44201,0,2.4,臼杵市田尻,5768,臼杵市田尻,6013,11781,1.25,1.04,42.9,38.3,11.9,50
44602050100,臼杵坂ノ市線,一般国道２１７号,臼杵市・大分市境,44206,0,7.3,,,,,,,,27.8,25.8,4.5,40
44602050070,臼杵坂ノ市線,臼杵市・大分市境,木田神崎線,44201,0,3.3,大分市木田,29,大分市木田,26,55,1.26,0.04,27.9,27.9,5.5,40
44602050080,臼杵坂ノ市線,木田神崎線,臼杵坂ノ市線,44201,0,3.2,大分市木田,29,大分市木田,26,55,1.26,0.04,27.2,25.9,5.5,40
44602060010,臼杵大南線,大分臼杵線,臼杵市・大分市境,44206,0,4.7,大分市中戸次,933,大分市中戸次,931,1864,1.18,0.08,38.2,39.4,9,40
44602060020,臼杵大南線,臼杵市・大分市境,吉野原犬飼線,44201,0,2.2,大分市中戸次,933,大分市中戸次,931,1864,1.18,2.93,54.5,53.6,3.5,60
44602060030,臼杵大南線,吉野原犬飼線,坂ノ市中戸次線,44201,0,6.3,大分市中戸次,933,大分市中戸次,931,1864,1.18,2.93,44.3,52.4,3.5,60
44602060040,臼杵大南線,坂ノ市中戸次線,坂ノ市中戸次線,44201,0,0.3,大分市中戸次,933,大分市中戸次,931,1864,1.18,2.93,13.2,11.1,3.5,60
44602070010,大分挾間線,一般国道４４２号,大分挾間線,44201,0,2,大分市大字中尾,6736,大分市大字中尾,6037,12773,1.26,1.11,12.2,20.7,10,40
44602070020,大分挾間線,大分挾間線,大分市・由布市境,44201,0,4.5,大分市東野台,10080,大分市東野台,9526,19606,1.27,0.67,26.6,30.2,22,50
44602070030,大分挾間線,大分市・由布市境,一般国道２１０号,44213,0,1.8,大分市東野台,10080,大分市東野台,9526,19606,1.27,1.15,35.3,18.5,13.5,50
44602070050,大分挾間線,大分挾間線,大分市・由布市境,44201,0,5.1,大分市大字中尾,4990,大分市大字中尾,4816,9806,1.22,5.77,21.4,19.2,4,30
44602070060,大分挾間線,大分市・由布市境,一般国道２１０号,44213,0,0.8,大分市大字中尾,4990,大分市大字中尾,4816,9806,1.22,4.26,24.1,22.1,4.2,30
44602080010,鶴崎大南線,一般国道１９７号,大分臼杵線,44201,0,3.1,大分市大字皆春,8233,大分市大字皆春,7784,16017,1.26,1.32,17,14.4,16,40
44602080020,鶴崎大南線,大分臼杵線,一般国道１９７号,44201,0,2.9,大分市松岡,7416,大分市松岡,7995,15411,1.28,1.81,18.5,28.6,13,50
44602080030,鶴崎大南線,一般国道１９７号,一般国道１０号,44201,0,3.9,大分市松岡,7416,大分市松岡,7995,15411,1.28,1.81,25.1,19.8,13,50
44602090010,朝地直入線,一般国道４４２号,豊後大野市・竹田市境,44212,0,6.9,豊後大野市朝地町綿田,230,豊後大野市朝地町綿田,232,462,1.22,0.07,46.5,43.8,8.5,60
44602090020,朝地直入線,豊後大野市・竹田市境,久住高原野津原線,44208,0,1,豊後大野市朝地町綿田,230,豊後大野市朝地町綿田,232,462,1.22,0.07,46.5,43.8,7.5,40
44602090030,朝地直入線,久住高原野津原線,久住高原野津原線,44208,0,0.4,豊後大野市朝地町綿田,230,豊後大野市朝地町綿田,232,462,1.22,0.07,54.1,48.9,7.5,40
44602090040,朝地直入線,久住高原野津原線,市道（旧：庄内久住線）,44208,0,2.8,豊後大野市朝地町綿田,230,豊後大野市朝地町綿田,232,462,1.22,0.07,40.5,34.5,7.5,40
44602090050,朝地直入線,市道（旧：庄内久住線）,庄内久住線,44208,0,0.1,豊後大野市朝地町綿田,230,豊後大野市朝地町綿田,232,462,1.22,0.07,19.1,12.7,7.5,40
44602090110,朝地直入線,,,44212,0,0.7,,,,,,,,,,7,60
44602100010,緒方大野線,一般国道５０２号,市道（旧：緒方大野線）,44212,0,2.1,豊後大野市大野町郡山,508,豊後大野市大野町郡山,441,949,1.15,0.11,32,31.4,10.5,60
44602100020,緒方大野線,市道（旧：緒方大野線）,市道（旧：緒方大野線）,44212,0,0.3,豊後大野市大野町郡山,508,豊後大野市大野町郡山,441,949,1.15,0.11,60.1,45.8,10.5,60
44602100030,緒方大野線,市道（旧：緒方大野線）,三重野津原線,44212,0,7,豊後大野市大野町郡山,508,豊後大野市大野町郡山,441,949,1.15,0.11,56,47.8,10.5,60
44602130010,長洲宇佐線,中津高田線,長洲宇佐神宮線,44211,0,1.1,宇佐市大字西大堀,1013,宇佐市大字西大堀,995,2008,1.18,0.26,29,39.3,7.3,50
44602130020,長洲宇佐線,長洲宇佐神宮線,一般国道１０号,44211,0,3.6,宇佐市大字西大堀,1013,宇佐市大字西大堀,995,2008,1.18,0.26,49.8,48.7,7.3,50
44602150010,長洲宇佐神宮線,中津高田線,長洲宇佐線,44211,0,0.5,宇佐市大字川部,2095,宇佐市大字川部,2151,4246,1.22,0.62,24.5,34.3,10.2,60
44602150020,長洲宇佐神宮線,長洲宇佐線,和気佐野線,44211,0,1.8,宇佐市大字川部,2095,宇佐市大字川部,2151,4246,1.22,0.62,33.8,20.7,10.2,60
44602150030,長洲宇佐神宮線,和気佐野線,一般国道１０号,44211,0,2.6,宇佐市大字川部,2095,宇佐市大字川部,2151,4246,1.22,0.62,37.5,33.3,10.2,60
44602160010,別府湯布院線,別府一の宮線,鳥越湯布院線,44213,0,2.8,由布市湯布院町川北,2228,由布市湯布院町川北,2104,4332,1.22,0.56,33.8,30.2,7.5,40
44602160020,別府湯布院線,鳥越湯布院線,安心院湯布院線,44213,0,0.9,由布市湯布院町川北,2228,由布市湯布院町川北,2104,4332,1.22,0.56,23.8,27.3,7.5,40
44602160030,別府湯布院線,安心院湯布院線,別府湯布院線,44213,0,2.2,由布市湯布院町川北,2228,由布市湯布院町川北,2104,4332,1.22,0.56,45.5,45.6,7.5,40
44602160040,別府湯布院線,別府湯布院線,一般国道２１０号,44213,0,0.4,由布市湯布院町川北,2228,由布市湯布院町川北,2104,4332,1.22,0.56,34.1,25.7,7.5,40
44602160060,別府湯布院線,別府湯布院線,九州横断自動車道長崎大分線,44213,0,0.2,,,,,,,,16.7,17.2,15.6,60
44602170010,臼杵津久見線,臼杵停車場線,臼杵港線,44206,0,0.7,臼杵市大字大泊,967,臼杵市大字大泊,949,1916,1.18,0.29,28.3,29.3,6.5,40
44602170020,臼杵津久見線,臼杵港線,大泊浜徳浦線,44206,0,4.3,臼杵市大字大泊,967,臼杵市大字大泊,949,1916,1.18,0.29,43.8,41.5,6.5,40
44602170030,臼杵津久見線,大泊浜徳浦線,臼杵市・津久見市境,44206,0,4.4,臼杵市大字大泊,967,臼杵市大字大泊,949,1916,1.18,0.29,69.6,69.6,6.5,40
44602170040,臼杵津久見線,臼杵市・津久見市境,大泊浜徳浦線,44207,0,4.6,津久見市徳浦本町,261,津久見市徳浦本町,243,504,1.84,0.12,24,38.6,6.5,40
44602170050,臼杵津久見線,大泊浜徳浦線,一般国道２１７号,44207,0,1.3,津久見市上青江,2211,津久見市上青江,2620,4831,1.22,0.76,29.9,36.4,16,40
44602180005,別府山香線,別府庄内線,,44202,0,1.6,別府市鶴見,4641,別府市鶴見,4763,9404,1.24,1.3,16.3,18.7,8.5,30
44602180010,別府山香線,,一般国道５００号,44202,0,1.5,別府市鶴見,4641,別府市鶴見,4763,9404,1.24,1.2,17.7,17.4,8.5,30
44602180020,別府山香線,一般国道５００号,鉄輪亀川線,44202,0,3.7,別府市大字野田,3893,別府市大字野田,3780,7673,1.23,0.76,28.5,26.4,10.1,40
44602180024,別府山香線,鉄輪亀川線,別府山香線,44202,0,0.6,別府市内竃,1297,別府市内竃,1132,2429,1.17,0.32,18,25.4,15,30
44602180100,別府山香線,別府山香線,別府山香線,44202,0,1.3,別府市内竃,1297,別府市内竃,1132,2429,1.17,0.32,44.1,48.2,15,30
44602180030,別府山香線,別府山香線,別府山香線,44202,0,2.1,別府市内竃,1297,別府市内竃,1132,2429,1.17,0.32,31.4,29.3,15,30
44602180040,別府山香線,別府山香線,別府市・日出町境,44202,0,1.8,別府市内竃,1297,別府市内竃,1132,2429,1.17,0.32,35.9,35.2,15,30
44602180050,別府山香線,別府市・日出町境,日出山香線,44341,0,5,別府市内竃,1297,別府市内竃,1132,2429,1.17,3,40.2,38.4,6.2,30
44602180070,別府山香線,別府山香線,九州横断自動車道長崎大分線,44202,0,2.9,別府市大字内竈,986,別府市大字内竈,997,1983,1.19,0.26,52.5,48.5,12.75,50
44602180080,別府山香線,九州横断自動車道長崎大分線,一般国道５００号,44202,0,0.4,別府市大字内竈,986,別府市大字内竈,997,1983,1.19,0.26,36.1,28.1,12.75,50
44602180027,別府山香線,別府山香線,別府山香線,44202,0,0.9,別府市内竃,1297,別府市内竃,1132,2429,1.17,0.32,27.7,14.7,15,30
44602190010,佐伯弥生線,一般国道２１７号,一般国道２１７号,44205,0,2.1,佐伯市大字鶴望,3052,佐伯市大字鶴望,3318,6370,1.23,0.75,24.5,25.8,9.4,40
44602190020,佐伯弥生線,一般国道２１７号,一般国道２１７号,44205,0,1,佐伯市大字鶴望,3052,佐伯市大字鶴望,3318,6370,1.23,0.75,15.6,20.3,9.4,40
44602190040,佐伯弥生線,佐伯津久見線,一般国道１０号,44205,0,1.7,佐伯市弥生大字大坂本,3546,佐伯市弥生大字大坂本,3683,7229,1.23,0.64,48.4,49.6,14,50
44603510010,八坂真那井線,藤原杵築線,一般国道２１３号,44210,0,3.6,杵築市大字中,688,杵築市大字中,719,1407,1.16,0.16,40.1,41.4,10,40
44603510030,八坂真那井線,一般国道２１３号,杵築市・日出町境,44210,0,0.7,速見郡日出町大字真那井,351,速見郡日出町大字真那井,319,670,1.21,0.08,27.8,39.1,10.5,60
44603510040,八坂真那井線,杵築市・日出町境,市道（旧：日出真那井杵築線）,44341,0,1.7,速見郡日出町大字真那井,351,速見郡日出町大字真那井,319,670,1.21,0.07,29.7,33.9,7,30
44603510050,八坂真那井線,市道（旧：日出真那井杵築線）,日出真那井杵築線,44341,0,0.1,速見郡日出町大字真那井,351,速見郡日出町大字真那井,319,670,1.21,0.07,41.7,16.8,7,30
44604040010,糸原杵築線,一般国道２１３号,国東安岐線,44214,0,1.2,国東市安岐町向陽台,1122,国東市安岐町向陽台,1116,2238,1.19,0.31,27.6,29.7,20.5,60
44604040020,糸原杵築線,国東安岐線,,44214,0,3.2,国東市安岐町向陽台,1122,国東市安岐町向陽台,1116,2238,1.19,0.31,42.8,45.9,20.5,60
44604040030,糸原杵築線,,豊後高田安岐線,44214,0,1,国東市安岐町大添,1356,国東市安岐町大添,1385,2741,1.21,0.3,35.2,27.4,10.6,40
44604040040,糸原杵築線,豊後高田安岐線,糸原杵築線,44214,0,2.7,国東市安岐町大添,1356,国東市安岐町大添,1385,2741,1.21,0.3,36.4,41.6,10.6,40
44604040050,糸原杵築線,糸原杵築線,国東市・杵築市境,44214,0,2.8,国東市安岐町大添,1356,国東市安岐町大添,1385,2741,1.21,0.3,50.6,54,10.6,40
44604040060,糸原杵築線,国東市・杵築市境,一般国道２１３号,44210,0,3.3,国東市安岐町大添,1356,国東市安岐町大添,1385,2741,1.21,0.3,43.2,36.4,11.5,60
44604040080,糸原杵築線,一般国道２１３号,国東市・杵築市境,44214,1,0.5,国東市安岐町塩屋,4305,国東市安岐町塩屋,4508,8813,1.24,0.29,26.5,46.5,21.5,70
44604040090,糸原杵築線,国東市・杵築市境,杵築市・国東市境,44210,1,0.1,国東市安岐町塩屋,4305,国東市安岐町塩屋,4508,8813,1.24,0.31,63,69.3,20.6,70
44604040100,糸原杵築線,杵築市・国東市境,糸原杵築線,44214,1,4.9,国東市安岐町塩屋,4305,国東市安岐町塩屋,4508,8813,1.24,1.02,80.6,78.2,10.6,70
44604040110,糸原杵築線,糸原杵築線,国東市・杵築市境,44214,1,2.7,国東市安岐町大添,4148,国東市安岐町大添,4689,8837,1.24,0.34,77.4,82.9,21.5,70
44604040120,糸原杵築線,国東市・杵築市境,一般国道２１３号,44210,1,5.4,国東市安岐町大添,4148,国東市安岐町大添,4689,8837,1.24,1.22,81.4,78.7,10.5,70
44604050010,成仏杵築線,赤根富来浦線,市道（旧：豊後高田国東線）,44214,0,3.6,国東市国東町横手,21,国東市国東町横手,6,27,1.05,0.02,29.8,30.1,5.3,40
44604050020,成仏杵築線,市道（旧：豊後高田国東線）,豊後高田国東線,44214,0,1.1,国東市国東町横手,21,国東市国東町横手,6,27,1.05,0.02,24.9,24.9,5.3,40
44604050040,成仏杵築線,豊後高田国東線,成仏杵築線,44214,0,0.2,国東市安岐町朝来,291,国東市安岐町朝来,309,600,1.21,0.08,35.2,30.9,9.1,60
44604050050,成仏杵築線,成仏杵築線,豊後高田安岐線,44214,0,9.5,,294,,295,589,1.21,0.07,35.2,30.9,12.1,60
44604050070,成仏杵築線,豊後高田安岐線,国東市・杵築市境,44214,0,2,国東市安岐町矢川,86,国東市安岐町矢川,100,186,1.25,0.03,30.2,30.2,7.5,30
44604050080,成仏杵築線,国東市・杵築市境,大田杵築線,44210,0,8.4,杵築市大字鴨川,365,杵築市大字鴨川,362,727,1.3,0.08,38.2,36.9,8,30
44604050100,成仏杵築線,豊後高田国東線,成仏杵築線,44214,0,0.4,国東市安岐町明治,66,国東市安岐町明治,95,161,1.21,0.02,38.2,40.2,11.2,60
44604050090,成仏杵築線,,,44210,0,0.8,,,,,,,,30.8,37.3,15,40
44604070010,白地日田線,玖珠山国線,玖珠町・日田市境,44462,0,3.2,日田市大字羽田,152,日田市大字羽田,139,291,1.25,0.02,31.7,34.4,10,40
44604070020,白地日田線,玖珠町・日田市境,日田玖珠線,44204,0,7,日田市大字羽田,152,日田市大字羽田,139,291,1.25,0.02,31.7,34.4,8.1,60
44604090010,下恵良九重線,一般国道３８７号,宇佐市・玖珠町境,44211,0,8.8,宇佐市院内町下恵良,287,宇佐市院内町下恵良,285,572,1.15,0.1,40.4,39.8,11.5,60
44604090020,下恵良九重線,宇佐市・玖珠町境,川上玖珠線,44462,0,1.4,玖珠郡玖珠町日出生,226,玖珠郡玖珠町日出生,252,478,1.26,0.16,28,21.9,11.5,40
44604090030,下恵良九重線,川上玖珠線,川上玖珠線,44462,0,10.3,玖珠郡玖珠町日出生,226,玖珠郡玖珠町日出生,252,478,1.26,0.16,52.3,52,11.5,40
44604090040,下恵良九重線,川上玖珠線,玖珠町・九重町境,44462,0,2.8,玖珠郡九重町松木,311,玖珠郡九重町松木,336,647,1.21,0.09,110.4,114.2,8,40
44604090050,下恵良九重線,玖珠町・九重町境,書曲野田線,44461,0,6.4,玖珠郡九重町松木,311,玖珠郡九重町松木,336,647,1.21,0.09,110.4,114.2,13,40
44604090060,下恵良九重線,書曲野田線,一般国道２１０号,44461,0,3,玖珠郡九重町松木,311,玖珠郡九重町松木,336,647,1.21,0.09,28.3,27.1,13,40
44604100010,牧口徳田竹田線,一般国道５０２号,六種緒方線,44212,0,3.4,豊後大野市清川町六種,117,豊後大野市清川町六種,121,238,1.33,0.04,41.1,40.8,10.5,60
44604100020,牧口徳田竹田線,六種緒方線,緒方高千穂線,44212,0,7.9,豊後大野市清川町六種,117,豊後大野市清川町六種,121,238,1.33,0.04,29.9,29.3,10.5,60
44604100040,牧口徳田竹田線,緒方高千穂線,豊後大野市・竹田市境,44212,0,5,豊後大野市緒方町徳田,196,豊後大野市緒方町徳田,188,384,1.26,0.04,36.1,23.3,11,60
44604100050,牧口徳田竹田線,豊後大野市・竹田市境,竹田五ケ瀬線,44208,0,1.1,豊後大野市緒方町徳田,196,豊後大野市緒方町徳田,188,384,1.26,0.04,44.2,48.7,11.5,40
44604120010,久住高原野津原線,庄内久住線,久住高原野津原線,44208,0,4.9,竹田市直入町大字長湯,632,竹田市直入町大字長湯,708,1340,1.18,0.17,56,54.1,8,40
44604120020,久住高原野津原線,久住高原野津原線,朝地直入線,44208,0,4,竹田市直入町大字長湯,632,竹田市直入町大字長湯,708,1340,1.18,0.17,53.9,52.8,8,40
44604120040,久住高原野津原線,朝地直入線,竹田市・豊後大野市境,44208,0,0.5,竹田市直入町大字長湯,632,竹田市直入町大字長湯,708,1340,1.18,0.16,54.4,52.5,9,40
44604120050,久住高原野津原線,竹田市・豊後大野市境,豊後大野市・大分市境,44212,0,3.4,豊後大野市朝地町梨小,1075,豊後大野市朝地町梨小,1126,2201,1.14,0.34,53.4,52.6,7.5,60
44604120060,久住高原野津原線,豊後大野市・大分市境,湛水挾間線,44201,0,7.8,大分市大字太田,1837,大分市大字太田,1955,3792,1.22,0.65,57.4,57,7.5,40
44604120070,久住高原野津原線,湛水挾間線,一般国道４４２号,44201,0,5,大分市大字太田,1837,大分市大字太田,1955,3792,1.22,0.65,50.1,51.4,7.5,40
44604120090,久住高原野津原線,久住高原野津原線,竹田直入線,44208,0,0.1,,,,,,,,36,34.2,16.2,60
44605010010,色宮港木立線,,松浦米水津線,44205,0,6.8,佐伯市米水津大字浦代浦,935,佐伯市米水津大字浦代浦,1024,1959,1.18,0.25,36.4,41.9,11.5,40
44605010020,色宮港木立線,松浦米水津線,一般国道３８８号,44205,0,5.2,佐伯市大字木立,1613,佐伯市大字木立,1733,3346,1.22,0.33,45,45.2,11,40
44605020010,佐伯港線,一般国道２１７号,,44205,0,0.8,佐伯市葛湊,407,佐伯市葛湊,827,1234,1.18,0.14,23.6,22.2,16.9,30
44605030010,上岡停車場線,一般国道２１７号,,44205,0,0.1,佐伯市大字上岡,60,佐伯市大字上岡,48,108,1.15,0.03,21.2,24,5.2,60
44605040010,坂ノ市停車場線,一般国道１９７号,,44201,0,0.1,大分市坂ノ市中央1丁目,683,大分市坂ノ市中央1丁目,470,1153,1.23,0.13,14,17.7,15,60
44605050010,中津港線,中津高田線,一般国道２１２号,44203,1,1.7,中津市大字定留,2054,中津市大字定留,2092,4146,1.22,0.31,73.2,71.9,11,70
44605060010,上臼杵停車場線,臼杵停車場線,,44206,0,0.4,臼杵市福良,612,臼杵市福良,673,1285,1.15,0.16,8.1,18.4,6.8,30
44605070010,津久見停車場線,一般国道２１７号,,44207,0,0.2,津久見市中央町,1026,津久見市中央町,969,1995,1.23,0.16,7.5,18.4,18,30
44605080010,竹中停車場線,一般国道１０号,中判田犬飼線,44201,0,0.4,大分市端登,991,大分市端登,726,1717,1.15,0.33,14.2,28.2,9.5,60
44605100010,臼杵港線,臼杵津久見線,,44206,0,0.1,臼杵市大字板知屋,88,臼杵市大字板知屋,88,176,1.33,0.03,24.6,24.6,15,30
44605110010,大分港線,一般国道１９７号,大在大分港線,44201,0,0.7,大分市新川１丁目,4053,大分市新川１丁目,5297,9350,1.24,0.43,14.6,14.7,36,50
44605110020,大分港線,大在大分港線,,44201,0,0.6,大分市新川１丁目,4053,大分市新川１丁目,5297,9350,1.24,0.43,9.5,16.2,36,50
44605120010,西大分停車場線,,一般国道１０号,44201,0,0.1,大分市生石2丁目,1608,大分市生石2丁目,2736,4344,1.23,0.44,13.3,6.3,36,60
44605120020,西大分停車場線,一般国道１０号,,44201,0,0.1,,,,,,,,5.6,11.6,12.5,60
44605130010,鶴崎停車場線,一般国道１９７号,,44201,0,0.1,大分市西鶴崎1丁目,2773,大分市西鶴崎1丁目,2774,5547,1.23,0.38,7.8,5.5,36,50
44605140010,高城停車場線,一般国道１９７号,,44201,0,0.1,大分市高城,4460,大分市高城,3299,7759,1.23,0.78,12,9.5,40,30
44605150010,中判田停車場線,一般国道１０号,,44201,0,0.3,大分市中判田,214,大分市中判田,246,460,1.15,0.79,11.4,19.5,4.8,30
44605160010,向ノ原停車場線,,一般国道２１０号,44213,0,0.3,由布市狭間町狭間,1449,由布市狭間町狭間,1588,3037,1.15,0.51,12.7,4.7,9.4,60
44605170010,三重停車場線,一般国道３２６号,三重新殿線,44212,0,0.4,豊後大野市三重町市場,547,豊後大野市三重町市場,662,1209,1.14,0.17,12.7,21,14,30
44605180010,朝地停車場線,一般国道４４２号,,44212,0,0.3,豊後大野市朝地町朝地,350,豊後大野市朝地町朝地,257,607,1.15,0.08,20.6,9.5,10.5,30
44605190005,三重新殿線,三重停車場線,,44212,0,0.2,豊後大野市三重町百枝,2379,豊後大野市三重町百枝,2127,4506,1.23,0.55,19.6,14.6,9,40
44605190010,三重新殿線,,百枝浅瀬野津線,44212,0,1,豊後大野市三重町百枝,2379,豊後大野市三重町百枝,2127,4506,1.23,0.55,38.2,38,9,40
44605190020,三重新殿線,百枝浅瀬野津線,,44212,0,0.3,豊後大野市三重町百枝,2379,豊後大野市三重町百枝,2127,4506,1.23,0.55,20.8,36.1,9,40
44605190025,三重新殿線,,百枝浅瀬野津線,44212,0,1,豊後大野市三重町百枝,2379,豊後大野市三重町百枝,2127,4506,1.23,0.55,49.6,52.4,9,40
44605190030,三重新殿線,百枝浅瀬野津線,市道（旧：百枝浅瀬野津線）,44212,0,0.3,豊後大野市三重町百枝,2379,豊後大野市三重町百枝,2127,4506,1.23,0.55,49.6,48.9,9,40
44605190040,三重新殿線,市道（旧：百枝浅瀬野津線）,三重新殿線,44212,0,1.3,豊後大野市千歳町前田,4025,豊後大野市千歳町前田,3890,7915,1.23,0.86,52.2,48.2,10.8,50
44605190050,三重新殿線,三重新殿線,竹田犬飼線,44212,0,2,豊後大野市千歳町下山,3388,豊後大野市千歳町下山,3233,6621,1.23,0.71,36.1,48.7,12.3,60
44605190065,三重新殿線,三重新殿線,山内新殿線,44212,0,1.7,,617,,612,1229,1.15,0.11,49.1,47.4,8.8,40
44605190070,三重新殿線,山内新殿線,竹田犬飼線,44212,0,1,,617,,612,1229,1.15,0.11,23.9,25.4,8.8,40
44605190120,三重新殿線,一般国道３２６号,,44212,0,1,,,,,,,,49.4,53.5,16,40
44605190110,三重新殿線,,一般国道３２６号,44212,0,1.3,,,,,,,,37.8,42.2,12.3,60
44605190090,三重新殿線,一般国道３２６号,,44212,0,1,豊後大野市三重町百枝,1345,豊後大野市三重町百枝,1307,2652,1.19,0.31,25.9,47.5,12,60
44605190130,三重新殿線,,,44212,0,1,,,,,,,,38.4,43.8,8.8,50
44605200010,日出港線,一般国道２１３号,日出真那井杵築線,44341,0,0.7,速見郡日出町大字川崎,4484,速見郡日出町大字川崎,5491,9975,1.24,0.86,18.2,23.9,16,40
44605210010,豊後豊岡停車場線,日出山香線,,44341,0,0.9,速見郡日出町大字豊岡,1847,速見郡日出町大字豊岡,2075,3922,1.15,1.35,23.8,30.9,6,30
44605220010,竹田津港線,一般国道２１３号,,44214,0,0.8,国東市国見町竹田津,277,国東市国見町竹田津,280,557,1.17,0.07,16.5,18.8,9.6,60
44605230010,国東港線,一般国道２１３号,,44214,0,0.3,国東市国東町田深,622,国東市国東町田深,529,1151,1.17,0.15,43.2,43.2,11.5,40
44605240010,伊美港線,一般国道２１３号,,44214,0,0.3,国東市国見町伊美,633,国東市国見町伊美,633,1266,1.17,0.16,10.5,12.2,7.6,60
44605250010,高田港線,一般国道２１３号,,44209,0,1.6,豊後高田市呉崎字宝山,1223,豊後高田市呉崎字宝山,1232,2455,1.2,0.42,34.8,50,14,60
44605260010,柳ケ浦停車場線,中津高田線,,44211,0,0.1,宇佐市住吉町,891,宇佐市住吉町,935,1826,1.15,0.17,10.3,14.8,15.1,60
44605270010,豊前長洲停車場線,中津高田線,,44211,0,0.4,宇佐市大字長洲,160,宇佐市大字長洲,157,317,1.15,0.05,19.5,13,7.2,60
44605280010,長洲港線,中津高田線,,44211,0,0.8,宇佐市大字長洲,1127,宇佐市大字長洲,1204,2331,1.17,0.2,12.5,11,15,40
44605290020,豊前善光寺停車場線,和気佐野線,,44211,0,1.3,宇佐市大字四日市,2469,宇佐市大字四日市,2123,4592,1.22,0.48,24,29.3,9.6,40
44605290010,豊前善光寺停車場線,一般国道１０号,和気佐野線,44211,0,2.3,宇佐市大字四日市,2469,宇佐市大字四日市,2123,4592,1.22,0.48,27.4,34.3,9.6,40
44605300010,小祝港線,中津高田線,,44203,0,2,中津市塩町,2594,中津市塩町,3021,5615,1.23,0.54,16.8,28.6,14.2,40
44605310010,中津停車場線,中津高田線,,44203,0,0.1,中津市大字島田,950,中津市大字島田,912,1862,1.23,0.04,6.1,5.9,32,30
44605320010,東中津停車場線,一般国道２１３号,東中津停車場和田線,44203,0,0.9,中津市大字是則,3834,中津市大字是則,3981,7815,1.23,0.61,15,32.3,11,40
44605320020,東中津停車場線,東中津停車場和田線,,44203,0,0.4,中津市大字是則,3834,中津市大字是則,3981,7815,1.23,0.61,9.6,10.9,11,40
44605330010,東中津停車場和田線,東中津停車場線,中津高田線,44203,0,0.4,中津市大字是則,4380,中津市大字是則,4567,8947,1.24,0.79,26.7,17,14.2,40
44605350010,豊後三芳停車場線,一般国道２１２号,,44204,0,0.2,日田市三芳小渕町,366,日田市三芳小渕町,357,723,1.15,0.34,12.4,19,12.1,60
44605360010,大在公共埠頭線,一般国道１９７号,大在大分港線,44201,0,1,大分市横塚2丁目,2892,大分市横塚2丁目,2838,5730,1.2,0.31,23.2,24.9,41.7,50
44605370010,湯平温泉線,一般国道２１０号,由布市・九重町境,44213,0,8.4,由布市湯布院町下湯平,700,由布市湯布院町下湯平,744,1444,1.17,0.17,33,31.2,10.5,40
44605370020,湯平温泉線,由布市・九重町境,別府一の宮線,44461,0,1.8,由布市湯布院町下湯平,700,由布市湯布院町下湯平,744,1444,1.17,0.18,48.9,45.8,9,40
44605380010,宇佐停車場線,一般国道１０号,,44211,0,0.1,宇佐市大字岩崎,442,宇佐市大字岩崎,466,908,1.23,0.13,4.2,3,9,60
44605390010,鶴崎港線,一般国道１９７号,大在大分港線,44201,0,1.9,大分市鶴崎1丁目,4581,大分市鶴崎1丁目,4853,9434,1.24,1.09,18.4,29.6,15.2,40
44605390020,鶴崎港線,大在大分港線,,44201,0,0.9,大分市鶴崎1丁目,4581,大分市鶴崎1丁目,4853,9434,1.24,1.09,34.1,33.9,15.2,40
44605400010,小野屋停車場線,,別府庄内線,44213,0,0.2,由布市湯布院町東長宝,382,由布市湯布院町東長宝,407,789,1.15,0.29,14.9,23.3,5.3,60
44605410010,四浦港津井浦線,四浦日代線,津久見市・佐伯市境,44207,0,1.5,佐伯市上浦大字最勝海浦字夏井,619,佐伯市上浦大字最勝海浦字夏井,672,1291,1.17,0.19,39.4,40.4,8.5,40
44605410020,四浦港津井浦線,津久見市・佐伯市境,一般国道２１７号,44205,0,10.1,佐伯市上浦大字最勝海浦字夏井,619,佐伯市上浦大字最勝海浦字夏井,672,1291,1.17,0.18,39.4,40.4,10.5,40
44605420010,熊毛港線,一般国道２１３号,,44214,0,1.7,国東市国見町小熊手,74,国東市国見町小熊手,107,181,1.17,0.03,47.1,49,8.2,60
44605430010,武蔵港線,一般国道２１３号,,44214,0,0.2,国東市武蔵町古市,193,国東市武蔵町古市,190,383,1.17,0.13,4.4,4.6,7.5,40
44605440010,文珠山浜線,赤根富来浦線,一般国道２１３号,44214,0,10.6,国東市国東町来浦,206,国東市国東町来浦,200,406,1.33,0.05,53.1,53.1,10.5,60
44605450010,大分空港線,国東安岐線,下原古城線,44214,0,0.1,国東市武蔵町糸原,199,国東市武蔵町糸原,2366,2565,1.21,4.48,12.6,16.8,5,30
44605450020,大分空港線,一般国道２１３号,,44214,0,0.2,,,,,,,,8.7,27.1,26.4,30
44605460010,下ノ江港線,,,44206,0,2,臼杵市大字下ノ江,645,臼杵市大字下ノ江,696,1341,1.19,0.25,30.5,33.9,13,40
44605480010,地蔵峠小田原線,山香国見線,豊後高田国東線,44209,0,5.7,豊後高田市松行字前田,299,豊後高田市松行字前田,301,600,1.14,0.07,43.6,38.6,10,60
44605480030,地蔵峠小田原線,豊後高田国東線,豊後高田安岐線,44209,0,5.5,豊後高田市松行字前田,299,豊後高田市松行字前田,301,600,1.14,0.07,53.5,55,10.5,60
44605480050,地蔵峠小田原線,,,44209,0,0.5,,,,,,,,56.9,63.2,9,40
44606010010,小挾間大分線,別府庄内線,別府挾間線,44213,0,7.2,由布市狭間町赤野,1616,由布市狭間町赤野,1564,3180,1.18,0.66,41.5,40.8,3.9,60
44606010020,小挾間大分線,別府挾間線,小挾間大分線,44213,0,0.5,由布市狭間町古野,4182,由布市狭間町古野,3822,8004,1.23,0.74,46.1,45.6,91,60
44606010030,小挾間大分線,小挾間大分線,小挾間大分線,44213,0,0.2,由布市狭間町古野,4182,由布市狭間町古野,3822,8004,1.23,0.74,47.7,43.9,91,60
44606010040,小挾間大分線,小挾間大分線,由布市・大分市境,44213,0,1.9,由布市狭間町古野,4182,由布市狭間町古野,3822,8004,1.23,0.74,29,32.5,91,60
44606010050,小挾間大分線,由布市・大分市境,中村別府線,44201,0,1.4,由布市狭間町古野,4182,由布市狭間町古野,3822,8004,1.23,0.66,37.2,33,7.7,60
44606010055,小挾間大分線,中村別府線,,44201,0,0.1,大分市三ケ田町２丁目,5484,大分市三ケ田町２丁目,4302,9786,1.25,1.07,31.5,26.5,14,60
44606010060,小挾間大分線,,小挾間大分線,44201,0,0.6,大分市三ケ田町２丁目,5484,大分市三ケ田町２丁目,4302,9786,1.25,1.07,27.2,45.1,14,60
44606010070,小挾間大分線,小挾間大分線,小挾間大分線,44201,0,1.2,大分市三ケ田町２丁目,5484,大分市三ケ田町２丁目,4302,9786,1.25,1.07,25.7,25.7,14,60
44606010080,小挾間大分線,小挾間大分線,一般国道２１０号,44201,0,3.3,,4368,,4553,8921,1.24,0.82,23.5,20.4,17,40
44606010170,小挾間大分線,,,44213,0,0.3,,4368,,4553,8921,1.24,0.85,49.3,50.3,9.5,60
44606010100,小挾間大分線,小挾間大分線,小挾間大分線,44213,0,0.2,由布市狭間町北方,2914,由布市狭間町北方,2543,5457,1.17,1.64,8.5,8.5,6,60
44606010150,小挾間大分線,,,44201,0,0.1,,,,,,,,35.5,34.8,10.5,30
44606010120,小挾間大分線,小挾間大分線,小挾間大分線,44201,0,1.2,大分市賀来西1丁目,7200,大分市賀来西1丁目,6806,14006,1.26,2.76,34.3,32,6.5,60
44606020010,深耶馬玖珠線,耶馬渓院内線,中津市・玖珠町境,44203,0,4.2,玖珠郡玖珠町森,23,玖珠郡玖珠町森,32,55,1.05,0.09,34.8,33.4,8,60
44606020020,深耶馬玖珠線,中津市・玖珠町境,一般国道３８７号,44462,0,6.6,玖珠郡玖珠町森,23,玖珠郡玖珠町森,32,55,1.05,0.35,26.7,26.6,5,40
44606030010,赤木吹原佐伯線,一般国道１０号,赤木吹原佐伯線,44205,0,0.5,佐伯市大字長谷,49,佐伯市大字長谷,48,97,1.24,0.02,35.4,42,11.5,60
44606030015,赤木吹原佐伯線,赤木吹原佐伯線,東九州自動車道,44205,0,17.6,佐伯市大字長谷,49,佐伯市大字長谷,48,97,1.24,0.02,30.9,30.3,11.5,60
44606030020,赤木吹原佐伯線,東九州自動車道,佐伯蒲江線,44205,0,2.1,佐伯市大字長谷,49,佐伯市大字長谷,48,97,1.24,0.02,43.8,40.6,11.5,60
44606030040,赤木吹原佐伯線,一般国道１０号,赤木吹原佐伯線,44205,0,0.4,,2904,,2770,5674,1.23,0.6,,,8.5,60
44606040010,梶寄浦佐伯線,,松浦米水津線,44205,0,15.9,佐伯市鶴見大字中越浦,333,佐伯市鶴見大字中越浦,350,683,1.26,0.11,38.7,38.8,8.8,60
44606040020,梶寄浦佐伯線,松浦米水津線,一般国道３８８号,44205,0,7.7,佐伯市鶴見大字地松浦,1476,佐伯市鶴見大字地松浦,1496,2972,1.21,0.34,41.3,39.8,8.5,40
44606050010,床木海崎停車場線,佐伯津久見線,一般国道２１７号,44205,0,1.6,佐伯市大字海崎,671,佐伯市大字海崎,710,1381,1.15,7.06,16.8,16.7,4.5,30
44606050030,床木海崎停車場線,,,44205,0,1.9,,,,,,,,55,57.8,11,50
44606060010,西浦姫島港線,,北浦姫島港線,44322,0,0.8,東国東郡姫島村,268,東国東郡姫島村,234,502,1.14,0.07,37.4,38.4,12.8,40
44606070010,長良木立線,佐伯蒲江線,一般国道３８８号,44205,0,4.2,佐伯市大字長良,482,佐伯市大字長良,584,1066,1.15,0.19,36.1,31.6,9,60
44606080010,笠掛直見停車場線,三重弥生線,一般国道１０号,44205,0,3.5,佐伯市本匠大字三股,207,佐伯市本匠大字三股,196,403,1.26,0.05,50.1,48.9,10.5,60
44606090010,上爪横川線,小野市重岡線,一般国道１０号,44205,0,9.3,佐伯市直川大字横川,835,佐伯市直川大字横川,898,1733,1.18,0.22,49.8,53.1,10.1,60
44606100010,松岡日岡線,一般国道１９７号,,44201,0,1,大分市仲西町1丁目,10602,大分市仲西町1丁目,10296,20898,1.26,1.81,37.3,17.2,18.8,50
44606100015,松岡日岡線,,,44201,0,1.8,大分市仲西町1丁目,10602,大分市仲西町1丁目,10296,20898,1.26,1.81,27.9,27,18.8,50
44606100020,松岡日岡線,,大分臼杵線,44201,0,0.6,大分市仲西町1丁目,10602,大分市仲西町1丁目,10296,20898,1.26,1.81,19.2,9.4,18.8,50
44606100025,松岡日岡線,大分臼杵線,,44201,0,2,大分市仲西町1丁目,10602,大分市仲西町1丁目,10296,20898,1.26,1.15,14.2,23.9,20.1,50
44606100030,松岡日岡線,,一般国道１９７号,44201,0,0.3,大分市仲西町2丁目,8800,大分市仲西町2丁目,8118,16918,1.27,1.1,16.4,12.5,20.1,50
44606100040,松岡日岡線,一般国道１９７号,大在大分港線,44201,0,0.8,大分市日岡2丁目,5208,大分市日岡2丁目,4712,9920,1.28,0.74,9.5,10.5,19.9,50
44606110010,四浦日代線,,四浦港津井浦線,44207,0,5.1,津久見市四浦,182,津久見市四浦,176,358,1.24,0.07,30.8,30.8,5.7,30
44606110020,四浦日代線,四浦港津井浦線,一般国道２１７号,44207,0,14.9,津久見市大字四浦,413,津久見市大字四浦,444,857,1.14,0.03,30.5,30.5,7.5,30
44606120010,長目中ノ島線,,,44207,0,0.2,,323,,307,630,1.2,0.13,,,1.8,30
44606130010,御泊奥江線,,日之影宇目線,44205,0,5.2,,52,,49,101,1.25,0.02,30.9,30.9,9.3,60
44606140010,川添志村線,大分臼杵線,一般国道１９７号,44201,0,4.1,大分市大字迫,4498,大分市大字迫,4351,8849,1.24,1.01,41.5,25.9,13.2,50
44606150010,松浦米水津線,梶寄浦佐伯線,色宮港木立線,44205,0,2.4,佐伯市鶴見大字沖松浦,730,佐伯市鶴見大字沖松浦,737,1467,1.18,0.3,37.7,36.1,8.8,50
44606160005,塚原天間線,鳥越湯布院線,九州横断自動車道長崎大分線,44213,0,1.6,由布市湯布院町塚原4の33,810,由布市湯布院町塚原4の33,779,1589,1.15,0.19,47.6,46.3,7,60
44606160010,塚原天間線,九州横断自動車道長崎大分線,由布市・別府市境,44213,0,2.8,由布市湯布院町塚原4の33,810,由布市湯布院町塚原4の33,779,1589,1.15,0.19,52.7,48.1,7,60
44606160020,塚原天間線,由布市・別府市境,一般国道５００号,44202,0,3.1,由布市湯布院町塚原4の33,810,由布市湯布院町塚原4の33,779,1589,1.15,0.19,56.7,53,7,60
44606170010,鳥越湯布院線,安心院湯布院線,宇佐市・由布市境,44211,0,11.6,宇佐市安心院町筌ノ口,199,宇佐市安心院町筌ノ口,214,413,1.2,0.06,40.5,44,8.9,60
44606170020,鳥越湯布院線,宇佐市・由布市境,塚原天間線,44213,0,2.6,由布市,646,由布市,630,1276,1.12,5.5,35.7,33.2,4.5,40
44606170030,鳥越湯布院線,塚原天間線,別府湯布院線,44213,0,5.9,由布市,646,由布市,630,1276,1.12,5.5,41.4,36.8,4.5,40
44606170040,鳥越湯布院線,別府湯布院線,別府一の宮線,44213,0,1.7,由布市湯布院町川南,2585,由布市湯布院町川南,2512,5097,1.23,0.43,25.1,24.5,11,30
44606180010,龍原挾間線,庄内久住線,中村鬼ヶ瀬停車場線,44213,0,4.6,由布市狭間町小野,186,由布市狭間町小野,191,377,1.14,0.04,33.6,32.2,9.8,60
44606180020,龍原挾間線,中村鬼ヶ瀬停車場線,湛水挾間線,44213,0,1.2,由布市狭間町小野,186,由布市狭間町小野,191,377,1.14,0.04,46.1,50.4,9.8,60
44606180030,龍原挾間線,湛水挾間線,龍原挾間線,44213,0,0.3,由布市狭間町小野,186,由布市狭間町小野,191,377,1.14,0.04,48.4,48.9,9.8,60
44606180040,龍原挾間線,龍原挾間線,龍原挾間線,44213,0,0.6,由布市狭間町小野,186,由布市狭間町小野,191,377,1.14,0.04,48.6,51.2,9.8,60
44606180050,龍原挾間線,龍原挾間線,挾間野津原線,44213,0,0.8,由布市狭間町小野,186,由布市狭間町小野,191,377,1.14,0.04,50.2,52.9,9.8,60
44606180060,龍原挾間線,挾間野津原線,一般国道２１０号,44213,0,0.3,由布市狭間町小野,186,由布市狭間町小野,191,377,1.14,0.04,41.6,12,9.8,60
44606180080,龍原挾間線,龍原挾間線,龍原挾間線,44213,0,0.7,由布市狭間町谷,1954,由布市狭間町谷,1974,3928,1.21,4.04,22.2,22.2,5,60
44606180100,龍原挾間線,,,44213,0,1,,,,,,,,27.7,27.7,8.1,60
44606190010,中村別府線,別府挾間線,由布市・大分市境,44213,0,0.2,大分市宮苑字角前,1029,大分市宮苑字角前,950,1979,1.15,0.25,37,36.7,8.8,60
44606190020,中村別府線,由布市・大分市境,中村別府線,44201,0,0.1,大分市宮苑字角前,1029,大分市宮苑字角前,950,1979,1.15,0.25,41.9,47.2,8.8,50
44606190030,中村別府線,中村別府線,中村別府線,44201,0,0.5,大分市宮苑字角前,1029,大分市宮苑字角前,950,1979,1.15,0.25,50.2,53.6,8.8,50
44606190040,中村別府線,中村別府線,中村別府線,44201,0,0.1,大分市宮苑字角前,1029,大分市宮苑字角前,950,1979,1.15,0.25,53.6,51.2,8.8,50
44606190050,中村別府線,中村別府線,中村別府線,44201,0,0.1,大分市宮苑字角前,1029,大分市宮苑字角前,950,1979,1.15,0.25,54.5,51,8.8,50
44606190060,中村別府線,中村別府線,小挾間大分線,44201,0,0.2,大分市宮苑字角前,1029,大分市宮苑字角前,950,1979,1.15,0.25,49.3,35.3,8.8,50
44606190080,中村別府線,中村別府線,中村別府線,44201,0,0.7,,,,,,,,9.1,6.2,4.5,40
44606190100,中村別府線,中村別府線,中村別府線,44201,0,0.2,,,,,,,,17.6,18,4,40
44606200010,東山庄内線,別府庄内線,別府市・由布市境,44202,0,6.3,別府市山の口,64,別府市山の口,60,124,1.25,0.02,29.9,29.9,8.2,30
44606200020,東山庄内線,別府市・由布市境,別府庄内線,44213,0,2.7,別府市山の口,64,別府市山の口,60,124,1.25,0.02,53,52.3,8.2,60
44606210010,田野庄内線,別府一の宮線,田野宝泉寺停車場線,44461,0,2.4,玖珠郡九重町田野,1276,玖珠郡九重町田野,1183,2459,1.21,0.38,32.2,37.5,12,40
44606210020,田野庄内線,田野宝泉寺停車場線,飯田高原中村線,44461,0,2,玖珠郡九重町田野,1276,玖珠郡九重町田野,1183,2459,1.21,0.38,48.8,49.6,12,40
44606210040,田野庄内線,飯田高原中村線,別府一の宮線,44461,0,2.2,玖珠郡九重町田野,1276,玖珠郡九重町田野,1183,2459,1.21,0.39,27.3,43.5,11,40
44606210050,田野庄内線,別府一の宮線,九重町・由布市境,44461,0,4.1,,928,,895,1823,1.18,0.25,30.8,32.6,12,40
44606210060,田野庄内線,九重町・由布市境,一般国道２１０号,44213,0,21.9,由布市庄内町柿原,1927,由布市庄内町柿原,1949,3876,1.21,0.57,35.1,35.4,11,60
44606210070,田野庄内線,一般国道２１０号,別府庄内線,44213,0,0.8,,1736,,1758,3494,1.21,0.61,25.5,38.3,8.8,60
44606220005,弓立上戸次線,大分大野線,弓立上戸次線,44201,0,1.2,大分市大字竹中3591,396,大分市大字竹中3591,421,817,1.14,0.12,3.2,3.2,8,30
44606220010,弓立上戸次線,弓立上戸次線,中判田犬飼線,44201,0,8.4,大分市大字竹中3591,396,大分市大字竹中3591,421,817,1.14,0.12,26.4,21.7,8,30
44606220020,弓立上戸次線,中判田犬飼線,中判田犬飼線,44201,0,1,大分市大字竹中3591,396,大分市大字竹中3591,421,817,1.14,0.12,19.1,13.7,8,30
44606220030,弓立上戸次線,中判田犬飼線,一般国道１０号,44201,0,0.5,,911,,931,1842,1.18,0.29,19.2,14.8,12,30
44606220050,弓立上戸次線,中判田犬飼線,弓立上戸次線,44201,0,0.7,,,,,,,,41.3,46.1,10.7,30
44606220070,弓立上戸次線,,,44201,0,0.6,,,,,,,,32.7,31.8,8,30
44606230010,下世利寒田線,一般国道４４２号,一般国道２１０号,44201,0,0.6,,5754,,6099,11853,1.25,7.12,8.1,15.2,8,40
44606230020,下世利寒田線,一般国道２１０号,大分大野線,44201,0,1.8,大分市高瀬,4534,大分県大分市高瀬,5236,9770,1.24,0.83,31.8,28.3,10,40
44606230030,下世利寒田線,大分大野線,西寒多寒田線,44201,0,1.6,大分市高瀬,4534,大分県大分市高瀬,5236,9770,1.24,0.83,19.5,19.1,10,40
44606240010,山移大島線,森耶馬溪線,平原耶馬溪線,44203,0,12.8,中津市耶馬渓町大字大島,9,中津市耶馬渓町大字大島,12,21,1.05,0.03,30.7,31.1,8.5,60
44606250010,宇佐インター線,一般国道３８７号,一般国道１０号,44211,0,0.7,宇佐市大字四日市,1324,宇佐市大字四日市,1254,2578,1.2,0.57,15.1,23.1,16,50
44606250020,宇佐インター線,一般国道１０号,宇佐本耶馬溪線,44211,0,2.5,宇佐市大字四日市,1324,宇佐市大字四日市,1254,2578,1.2,0.57,30.4,38.7,16,50
44606260010,中村鬼ヶ瀬停車場線,一般国道２１０号,龍原挾間線,44213,0,1.8,由布市狭間篠原,20,由布市狭間篠原,11,31,1,0.03,21.2,38,5.5,60
44606270010,久木野尾山浦線,山香院内線,久木野尾山浦線,44210,0,4.2,,200,,210,410,1.26,0.05,54.9,54.9,9.8,60
44606270020,久木野尾山浦線,久木野尾山浦線,佐田山香線,44210,0,0.2,杵築市山香町大字山浦,602,杵築市山香町大字山浦,614,1216,1.26,0.14,45.8,33.9,12.2,60
44606270040,久木野尾山浦線,久木野尾山浦線,佐田山香線,44210,0,0.1,杵築市山香町大字山浦,602,杵築市山香町大字山浦,614,1216,1.26,5.08,14.7,14.7,4,30
44606280010,大分光吉インター線,九州横断自動車道長崎大分線,一般国道２１０号,44201,1,0.6,大分市光吉,3061,大分市光吉,3059,6120,1.22,0.94,11.8,32,6.5,50
44606290010,和気佐野線,一般国道１０号,長洲宇佐神宮線,44211,0,3.1,,7624,,8320,15944,1.26,1.48,37.6,42.4,15.2,50
44606290020,和気佐野線,長洲宇佐神宮線,宇佐本耶馬溪線,44211,0,0.9,宇佐市大字高森,5849,宇佐市大字高森,6591,12440,1.25,1.26,33.9,32.2,15,60
44606290025,和気佐野線,宇佐本耶馬溪線,宇佐本耶馬溪線,44211,0,0.2,宇佐市大字高森,5849,宇佐市大字高森,6591,12440,1.25,1.26,16.3,23.8,15,60
44606290030,和気佐野線,宇佐本耶馬溪線,豊前善光寺停車場線,44211,0,3.3,宇佐市大字高森,5849,宇佐市大字高森,6591,12440,1.25,1.26,40.9,42.3,15,60
44606290040,和気佐野線,豊前善光寺停車場線,尾永井猿渡線,44211,0,2.9,宇佐市大字高森,5849,宇佐市大字高森,6591,12440,1.25,1.26,39.2,39.7,15,60
44606290050,和気佐野線,尾永井猿渡線,一般国道１０号,44211,0,1.7,,6929,,7385,14314,1.25,1.16,37.6,31.4,15,60
44606310010,中判田犬飼線,一般国道１０号,弓立上戸次線,44201,0,2.6,大分市竹中,3896,大分市竹中,2985,6881,1.22,0.85,32.4,43.6,12,60
44606310020,中判田犬飼線,弓立上戸次線,弓立上戸次線,44201,0,0.9,,2468,,2469,4937,1.22,0.62,52.3,51.1,12,40
44606310025,中判田犬飼線,弓立上戸次線,弓立上戸次線,44201,0,0.6,,2468,,2469,4937,1.22,0.56,50.1,50,6.5,40
44606310030,中判田犬飼線,弓立上戸次線,竹中停車場線,44201,0,1.7,,2468,,2469,4937,1.22,0.56,52.5,51.4,6.5,40
44606310040,中判田犬飼線,竹中停車場線,大分市・豊後大野市境,44201,0,3.1,,2468,,2469,4937,1.22,0.56,38.6,43.5,6.5,40
44606310050,中判田犬飼線,大分市・豊後大野市境,一般国道１０号,44212,0,2.2,豊後大野市犬飼町下津尾,312,豊後大野市犬飼町下津尾,290,602,1.26,0.05,26.8,29.3,8,30
44606320010,中土師犬飼線,大分大野線,山内新殿線,44212,0,6.8,豊後大野市犬飼町山内,164,豊後大野市犬飼町山内,156,320,1.84,0.03,23.2,23.2,8.1,60
44606320020,中土師犬飼線,山内新殿線,竹田犬飼線,44212,0,5.9,豊後大野市犬飼町山内,164,豊後大野市犬飼町山内,156,320,1.84,0.03,47.5,24.5,8.1,60
44606330010,川登臼杵線,一般国道１０号,津久見野津線,44206,0,3.8,臼杵市乙見,572,臼杵市乙見,571,1143,1.15,0.14,50.9,52.9,12,40
44606330030,川登臼杵線,津久見野津線,一般国道５０２号,44206,0,4.2,臼杵市乙見,572,臼杵市乙見,571,1143,1.15,0.14,44.4,38.4,12,40
44606330050,川登臼杵線,,,44206,0,0.2,,,,,,,,27.7,27.1,12,40
44606340010,六種緒方線,牧口徳田竹田線,一般国道５０２号,44212,0,4.1,豊後大野市緒方町知田,322,豊後大野市緒方町知田,323,645,1.14,0.08,40.3,41,11.2,60
44606350010,佐賀関循環線,一般国道２１７号,一般国道２１７号,44201,0,11,大分市大字佐賀関,3458,大分市大字佐賀関,3129,6587,1.23,12.09,23.5,23.4,4,30
44606350030,佐賀関循環線,,,44201,0,0.2,,,,,,,,9.8,9.8,19.5,50
44606360010,百枝浅瀬野津線,一般国道５０２号,百枝大野線,44212,0,3.4,豊後大野市三重町百枝,1576,豊後大野市三重町百枝,1681,3257,1.21,0.36,45,53.6,11.5,60
44606360020,百枝浅瀬野津線,百枝大野線,三重新殿線,44212,0,0.4,,689,,745,1434,1.17,6.39,46.9,20.8,4.2,60
44606360090,百枝浅瀬野津線,三重新殿線,市道（旧：百枝浅瀬野津線）,44212,0,0.7,,,,,,,,17.6,23,11.4,60
44606360040,百枝浅瀬野津線,市道（旧：百枝浅瀬野津線）,一般国道３２６号,44212,0,4.6,,689,,745,1434,1.17,6.39,31.7,31.7,4.2,60
44606360060,百枝浅瀬野津線,一般国道３２６号,豊後大野市・臼杵市境,44212,0,1.6,臼杵市野津町大字柚木野,15,臼杵市野津町大字柚木野,14,29,1.17,0,37.3,34.2,12,60
44606360070,百枝浅瀬野津線,豊後大野市・臼杵市境,一般国道１０号,44206,0,2.1,臼杵市野津町大字柚木野,15,臼杵市野津町大字柚木野,14,29,1.17,0,37.3,26,5,30
44606360110,百枝浅瀬野津線,,,44212,0,0.1,,,,,,,,,,5,30
44606370010,吉野原犬飼線,臼杵大南線,臼杵上戸次線,44201,0,1.5,大分市大字志津留,52,大分市大字志津留,54,106,1.25,0.09,21.2,37.3,4.2,50
44606370020,吉野原犬飼線,臼杵上戸次線,大分市・臼杵市境,44201,0,4.9,大分市大字志津留,52,大分市大字志津留,54,106,1.25,0.09,27.6,37.3,4.2,50
44606370030,吉野原犬飼線,大分市・臼杵市境,一般国道１０号,44206,0,3.3,大分市大字志津留,52,大分市大字志津留,54,106,1.25,0.01,27.6,28.7,9.8,30
44606370050,吉野原犬飼線,,,44201,0,1.5,,,,,,,,21.9,21.5,13.3,30
44606380010,白丹竹田線,笹倉久住線,小川穴井迫線,44208,0,7.9,竹田市久住町大字添ヶ津留,175,竹田市久住町大字添ヶ津留,178,353,1.05,0.07,54.3,55.2,11,60
44606380020,白丹竹田線,小川穴井迫線,,44208,0,4.8,竹田市久住町大字添ヶ津留,175,竹田市久住町大字添ヶ津留,178,353,1.05,0.07,49,52.4,11,60
44606380030,白丹竹田線,,,44208,0,0.8,竹田市久住町大字添ヶ津留,175,竹田市久住町大字添ヶ津留,178,353,1.05,0.07,48,45,11,60
44606380040,白丹竹田線,,一般国道５７号,44208,0,2.5,竹田市久住町大字添ヶ津留,175,竹田市久住町大字添ヶ津留,178,353,1.05,0.07,47.6,43.3,11,60
44606390010,神原玉来線,,竹田五ケ瀬線,44208,0,10.8,竹田市入田,298,竹田市入田,290,588,1.26,0.07,30.8,30.8,7,60
44606390030,神原玉来線,竹田五ケ瀬線,高森竹田線,44208,0,2.4,竹田市大字玉来,1941,竹田市大字玉来,1939,3880,1.21,0.48,35.6,32.5,12,40
44606400010,穴井迫荻線,一般国道５７号,高森竹田線,44208,0,7.2,竹田市大字菅生,507,竹田市大字菅生,494,1001,1.14,0.22,42.5,41.6,6.5,60
44606410010,美和佐野線,豊後高田国東線,,44209,0,1.8,豊後高田市大字美和字下ノ川,434,豊後高田市大字美和字下ノ川,400,834,1.19,0.16,22.5,30.1,14,60
44606420010,鉄輪亀川線,別府山香線,亀川別府線,44202,0,0.8,別府市亀川東町,5826,別府市亀川東町,5565,11391,1.25,1.11,16.1,11.1,15,40
44606420020,鉄輪亀川線,亀川別府線,一般国道１０号,44202,0,1.2,別府市亀川東町,5826,別府市亀川東町,5565,11391,1.25,1.11,26,23.5,15,40
44606430010,日出真那井杵築線,日出港線,市道（旧：日出真那井杵築線）,44341,0,5.5,速見郡日出町大字川崎,6898,速見郡日出町大字川崎,6374,13272,1.26,0.92,31.6,33.5,11,40
44606430020,日出真那井杵築線,市道（旧：日出真那井杵築線）,八坂真那井線,44341,0,0.5,速見郡日出町大字川崎,6898,速見郡日出町大字川崎,6374,13272,1.26,0.92,53.2,51.2,11,40
44606430030,日出真那井杵築線,八坂真那井線,市道（旧：日出真那井杵築線）,44341,0,0.3,速見郡日出町大字川崎,6898,速見郡日出町大字川崎,6374,13272,1.26,0.92,49.4,44.2,11,40
44606430040,日出真那井杵築線,市道（旧：日出真那井杵築線）,日出町・杵築市境,44341,0,1.8,速見郡日出町大字川崎,6898,速見郡日出町大字川崎,6374,13272,1.26,0.92,51.6,50.8,11,40
44606430050,日出真那井杵築線,日出町・杵築市境,日出真那井杵築線,44210,0,0.2,杵築市大字熊野,1201,杵築市大字熊野,1222,2423,1.2,0.3,48.8,48.1,11,60
44606430060,日出真那井杵築線,日出真那井杵築線,日出真那井杵築線,44210,0,0.1,杵築市大字熊野,1201,杵築市大字熊野,1222,2423,1.2,0.3,54.2,53.1,11,60
44606430070,日出真那井杵築線,日出真那井杵築線,市道（旧：日出真那井杵築線）,44210,0,1.7,杵築市大字熊野,1201,杵築市大字熊野,1222,2423,1.2,0.3,51,49.4,11,60
44606430080,日出真那井杵築線,市道（旧：日出真那井杵築線）,市道（旧：日出真那井杵築線）,44210,0,0.4,杵築市大字熊野,1201,杵築市大字熊野,1222,2423,1.2,0.3,52.7,54.5,11,60
44606430090,日出真那井杵築線,市道（旧：日出真那井杵築線）,一般国道２１３号,44210,0,1.3,杵築市大字熊野,1201,杵築市大字熊野,1222,2423,1.2,0.3,41,32.5,11,60
44606430140,日出真那井杵築線,日出真那井杵築線,日出真那井杵築線,44210,0,0.2,,1324,,1384,2708,1.2,2.84,55.1,62.8,5.2,20
44606440010,藤原杵築線,一般国道１０号,日出町・杵築市境,44341,0,1.2,杵築市大字本庄,4110,杵築市大字本庄,4220,8330,1.23,0.71,28.1,47.2,9,60
44606440020,藤原杵築線,日出町・杵築市境,八坂真那井線,44210,0,1.2,杵築市大字本庄,4110,杵築市大字本庄,4220,8330,1.23,0.77,35.8,37.3,10.7,50
44606440030,藤原杵築線,八坂真那井線,大田杵築線,44210,0,1.8,杵築市大字本庄,4110,杵築市大字本庄,4220,8330,1.23,0.77,36.5,33.1,10.7,50
44606450010,亀川別府線,一般国道１０号,鉄輪亀川線,44202,0,0.9,別府市亀川四の湯町,2212,別府市亀川四の湯町,2677,4889,1.22,1.54,14.4,16.8,6.1,20
44606450020,亀川別府線,鉄輪亀川線,一般国道５００号,44202,0,2.6,別府市亀川四の湯町,2212,別府市亀川四の湯町,2677,4889,1.22,1.54,18.6,19.7,6.1,20
44606450050,亀川別府線,一般国道５００号,別府庄内線,44202,0,3.3,,,,,,,,18.5,18.5,7,40
44606460010,津民中摩線,豊前耶馬溪線,,44203,0,2.6,,175,,156,331,1.84,0.09,29.3,30,6,60
44606460030,津民中摩線,,一般国道２１２号,44203,0,5.6,中津市山国町中摩,195,中津市山国町中摩,195,390,1.84,0.16,38.3,39.4,9.5,60
44606470010,栃野西大山線,天瀬阿蘇線,栃野西大山線,44204,0,0.9,,924,,1089,2013,1.19,0.32,40.6,46.6,7,40
44606470020,栃野西大山線,栃野西大山線,栃野西大山線,44204,0,0.1,,924,,1089,2013,1.19,0.32,48.5,49.8,7,40
44606470024,栃野西大山線,栃野西大山線,栃野西大山線,44204,0,1.1,日田市大山町西大山,976,日田市大山町西大山,1031,2007,1.18,0.44,47.8,48.8,7.7,40
44606470027,栃野西大山線,栃野西大山線,栃野西大山線,44204,0,0.8,日田市大山町西大山,976,日田市大山町西大山,1031,2007,1.18,0.44,58.4,55.1,7.7,40
44606470030,栃野西大山線,栃野西大山線,一般国道２１２号,44204,0,1.6,日田市大山町西大山,976,日田市大山町西大山,1031,2007,1.18,0.44,41.7,43,7.7,40
44606470050,栃野西大山線,栃野西大山線,栃野西大山線,44204,0,0.1,,924,,1089,2013,1.19,0.3,49.9,49.2,8,40
44606470070,栃野西大山線,栃野西大山線,栃野西大山線,44204,0,1.1,,,,,,,,,,8,40
44606480010,津久見インター線,一般国道２１７号,東九州自動車道,44207,1,0.4,津久見市大字上青江,1386,津久見市大字上青江,1437,2823,1.21,0.34,17.4,29.7,16,40
44606490010,下原古城線,大分空港線,,44214,0,0.8,国東市安岐町下原,264,国東市安岐町下原,297,561,1.21,0.17,52.4,55.4,9.8,30
44606500010,下成仏立野線,赤根富来浦線,豊後高田国東線,44214,0,5.9,国東市国東町見地,223,国東市国東町見地,230,453,1.21,0.05,58.8,58.8,12.1,30
44606510010,富清掛樋線,両子山武蔵線,豊後高田安岐線,44214,0,6.3,国東市安岐町糸永,347,国東市安岐町糸永,400,747,1.14,0.1,62.3,59.7,10.2,60
44606520010,赤根富来浦線,山香国見線,文珠山浜線,44214,0,1.8,国東市国東町成仏,151,国東市国東町成仏,169,320,1.84,0.03,42.9,42.9,14.8,60
44606520020,赤根富来浦線,文珠山浜線,成仏杵築線,44214,0,0.8,国東市国東町成仏,151,国東市国東町成仏,169,320,1.84,0.03,36.8,36.8,14.8,60
44606520030,赤根富来浦線,成仏杵築線,下成仏立野線,44214,0,4.6,国東市国東町成仏,151,国東市国東町成仏,169,320,1.84,0.03,40.4,42.5,14.8,60
44606520040,赤根富来浦線,下成仏立野線,一般国道２１３号,44214,0,6.9,国東市国東町富来,391,国東市国東町富来,421,812,1.14,0.11,49.2,52.9,9.8,60
44606530010,小河内香々地線,赤根真玉線,夷堅来線,44209,0,5.1,豊後高田市夷字前花,71,豊後高田市夷字前花,39,110,1.05,0.01,40.8,38.2,10.8,60
44606530020,小河内香々地線,夷堅来線,一般国道２１３号,44209,0,5.7,豊後高田市上香々地字秋本,395,豊後高田市上香々地字秋本,376,771,1.14,0.11,56.7,58.6,11,60
44606540010,赤根真玉線,山香国見線,,44214,0,1.2,,,,,,,,,,3.5,40
44606540030,赤根真玉線,小河内香々地線,一般国道２１３号,44209,0,10.9,豊後高田市中真玉字常盤平,763,豊後高田市中真玉字常盤平,743,1506,1.17,0.17,45.3,45.6,11,60
44606550010,新城山香線,豊後高田国東線,豊後高田安岐線,44209,0,8.2,豊後高田市田染真中字戸原,189,豊後高田市田染真中字戸原,145,334,1.26,0.05,37.2,34,14,60
44606550020,新城山香線,豊後高田安岐線,市道（旧：新城山香線）,44209,0,2.1,豊後高田市田染真中字戸原,488,豊後高田市田染真中字戸原,552,1040,1.15,0.13,52,56,14,60
44606550030,新城山香線,市道（旧：新城山香線）,豊後高田市・杵築市境,44209,0,2.3,豊後高田市田染真中字戸原,488,豊後高田市田染真中字戸原,552,1040,1.15,0.13,66.4,61.2,14,60
44606550040,新城山香線,豊後高田市・杵築市境,一般国道１０号,44210,0,3.5,杵築市山香町大字倉成,911,杵築市山香町大字倉成,954,1865,1.19,0.28,47.6,41.2,7.1,60
44606560010,尾永井猿渡線,中津高田線,下時枝今津停車場線,44211,0,1.9,宇佐市大字下庄,1424,宇佐市大字下庄,1386,2810,1.21,0.31,42.6,40.5,15.6,60
44606560020,尾永井猿渡線,下時枝今津停車場線,和気佐野線,44211,0,0.4,宇佐市大字下庄,1424,宇佐市大字下庄,1386,2810,1.21,0.31,32.6,23.5,15.6,60
44606560030,尾永井猿渡線,和気佐野線,一般国道１０号,44211,0,1.5,宇佐市大字下庄,1424,宇佐市大字下庄,1386,2810,1.21,0.31,44.9,40.8,15.6,60
44606570010,池田大原線,一般国道４４２号,竹田犬飼線,44212,0,6.1,豊後大野市大野町北園,97,豊後大野市大野町北園,102,199,1.26,0.02,33.9,34.7,11.5,60
44606580010,佐田駅川線,佐田山香線,下矢部宇佐線,44211,0,8.8,宇佐市大字別府,1521,宇佐市大字別府,1416,2937,1.21,0.3,47.6,48.5,10.5,50
44606580020,佐田駅川線,下矢部宇佐線,一般国道１０号,44211,0,1.6,宇佐市大字別府,1521,宇佐市大字別府,1416,2937,1.21,0.3,30,23.5,10.5,50
44606590010,津房木裳線,一般国道５００号,安心院湯布院線,44211,0,5.5,宇佐市安心院町川崎,263,宇佐市安心院町川崎,186,449,1.26,0.08,40.7,43.8,8,60
44606600010,山袋久々姥線,宇佐本耶馬溪線,一般国道１０号,44211,0,6.6,宇佐市大字上元重,160,宇佐市大字上元重,154,314,1.26,1.06,31.7,31.5,3.3,60
44606610010,下矢部宇佐線,佐田駅川線,一般国道１０号,44211,0,2.2,宇佐市大字小向野,415,宇佐市大字小向野,461,876,1.14,0.86,46.9,38.9,6.3,60
44606620010,下時枝今津停車場線,尾永井猿渡線,宇佐市・中津市境,44211,0,1.7,宇佐市大字富山,750,宇佐市大字富山,657,1407,1.18,0.17,34.4,37.5,8,60
44606620020,下時枝今津停車場線,宇佐市・中津市境,市道（旧：下時枝今津停車場線）,44203,0,0.8,宇佐市大字富山,750,宇佐市大字富山,657,1407,1.18,0.19,46.2,49,9.6,60
44606620030,下時枝今津停車場線,市道（旧：下時枝今津停車場線）,市道（旧：下時枝今津停車場線）,44203,0,0.2,宇佐市大字富山,750,宇佐市大字富山,657,1407,1.18,0.19,33.3,34.7,9.6,60
44606620040,下時枝今津停車場線,市道（旧：下時枝今津停車場線）,鍋島植野線,44203,0,0.5,中津市大字植野,1326,中津市大字植野,1410,2736,1.21,0.34,33.3,34.7,13.3,60
44606620050,下時枝今津停車場線,鍋島植野線,,44203,0,0.2,,19,,19,38,1.05,0.15,17.4,28.3,5,60
44606630010,万田四日市線,一般国道２１２号,臼木沖代線,44203,0,2.7,,6059,,6220,12279,1.25,1.21,29.5,28.1,9.5,40
44606630020,万田四日市線,臼木沖代線,渋見成恒中津線,44203,0,0.4,,6059,,6220,12279,1.25,1.21,26.7,26.7,9.5,40
44606630030,万田四日市線,渋見成恒中津線,深秣植野線,44203,0,3.3,中津市大字福島,4538,中津市大字福島,4755,9293,1.24,1.11,33.5,32.7,14.1,40
44606630040,万田四日市線,深秣植野線,深秣植野線,44203,0,0.1,中津市大字福島,4538,中津市大字福島,4755,9293,1.24,1.11,39.1,30.9,14.1,40
44606630050,万田四日市線,深秣植野線,中津市・宇佐市境,44203,0,0.1,中津市大字福島,4538,中津市大字福島,4755,9293,1.24,1.11,37.6,43.8,14.1,40
44606630060,万田四日市線,中津市・宇佐市境,宇佐市・中津市境,44211,0,0.1,中津市大字福島,4538,中津市大字福島,4755,9293,1.24,0.95,33.8,40.8,7.7,40
44606630070,万田四日市線,宇佐市・中津市境,中津市・宇佐市境,44203,0,0.2,中津市大字福島,4538,中津市大字福島,4755,9293,1.24,29.05,30.4,35,4.5,30
44606630080,万田四日市線,中津市・宇佐市境,一般国道２１３号,44211,0,0.4,中津市大字福島,4538,中津市大字福島,4755,9293,1.24,1.09,33,25.7,6.3,40
44606630100,万田四日市線,,,44203,0,1.3,,,,,,,,45.8,45.9,17.5,40
44606640010,円座中津線,一般国道３８７号,,44211,0,11.6,宇佐市院内町高並,241,宇佐市院内町高並,249,490,1.19,0.06,42.9,40.3,8.5,60
44606640030,円座中津線,,宇佐本耶馬溪線,44211,0,4,,56,,49,105,1.25,0.08,38.9,43.4,7.9,60
44606640050,円座中津線,宇佐本耶馬溪線,宇佐市・中津市境,44211,0,0.4,宇佐市大字麻生,126,宇佐市大字麻生,106,232,1.21,0.35,29.5,29.5,5.4,60
44606640060,円座中津線,宇佐市・中津市境,深秣植野線,44203,0,6.5,,549,,563,1112,1.15,0.15,39.9,44.8,12.4,40
44606640065,円座中津線,深秣植野線,一般国道２１２号,44203,0,1.1,,549,,563,1112,1.15,0.15,46.9,48.1,12.4,40
44606640070,円座中津線,一般国道２１２号,臼木沖代線,44203,0,4.2,,549,,563,1112,1.15,0.15,45.3,41.2,12.4,40
44606640080,円座中津線,臼木沖代線,一般国道１０号,44203,0,1.1,,549,,563,1112,1.15,0.15,26.3,27.9,12.4,40
44606640090,円座中津線,一般国道１０号,一般国道２１２号,44203,0,0.2,,1444,,1485,2929,1.21,0.42,16.2,15.5,12,40
44606650010,鍋島植野線,中津高田線,下時枝今津停車場線,44203,0,0.9,中津市大字今津,596,中津市大字今津,594,1190,1.17,0.14,24.6,43.6,11,60
44606650030,鍋島植野線,下時枝今津停車場線,一般国道２１３号,44203,0,1.2,中津市大字今津,596,中津市大字今津,594,1190,1.17,0.14,25.5,20.6,13.2,30
44606660010,深秣植野線,円座中津線,中津市・宇佐市境,44203,0,0.7,,204,,185,389,1.26,0.04,39.2,40.8,10.6,60
44606660020,深秣植野線,中津市・宇佐市境,一般国道１０号,44211,0,2.6,,228,,253,481,1.26,0.06,22.5,37.4,8.1,60
44606660030,深秣植野線,一般国道１０号,宇佐市・中津市境,44211,0,0.1,宇佐市大字清水,188,宇佐市大字清水,216,404,1.26,0.06,12.6,23.6,8.1,60
44606660040,深秣植野線,宇佐市・中津市境,万田四日市線,44203,0,0.1,宇佐市大字清水,188,宇佐市大字清水,216,404,1.26,0.08,14.7,23.1,9,60
44606660060,深秣植野線,万田四日市線,一般国道２１３号,44203,0,0.6,中津市大字野依,795,中津市大字野依,850,1645,1.18,0.51,30.4,23.4,10.7,60
44606670010,落合斎藤線,一般国道５００号,中津市・宇佐市境,44203,0,10.3,中津市本耶馬渓町西谷,364,中津市本耶馬渓町西谷,363,727,1.15,0.1,42.6,41.3,13,60
44606670020,落合斎藤線,中津市・宇佐市境,耶馬渓院内線,44211,0,5.5,,447,,416,863,1.15,0.1,33.8,36.6,7.5,60
44606680005,山内新殿線,中土師犬飼線,山内新殿線,44212,0,0.2,豊後大野市千歳町新殿,105,豊後大野市千歳町新殿,125,230,1.3,0.35,23.2,24,9,60
44606680010,山内新殿線,山内新殿線,竹田犬飼線,44212,0,4.2,豊後大野市千歳町新殿,105,豊後大野市千歳町新殿,125,230,1.3,0.35,29,18.1,9,60
44606680030,山内新殿線,山内新殿線,三重新殿線,44212,0,0.4,豊後大野市千歳町新殿,105,豊後大野市千歳町新殿,125,230,1.3,0.04,38,21.9,12.3,60
44606690010,阿蘇くじゅう公園線,一般国道４４２号,,44208,0,8.5,,674,,648,1322,1.16,0.26,53.2,56.2,6,60
44606690020,阿蘇くじゅう公園線,,庄内久住線,44208,0,1.7,竹田市久住町大字栢木,652,竹田市久住町大字栢木,685,1337,1.15,0.2,48.4,44.5,8,60
44606700010,和田大鶴停車場線,宝珠山日田線,和田大鶴停車場線,44204,0,5.9,日田市大字鶴河内,203,日田市大字鶴河内,232,435,1.14,0.45,33.4,38.1,5.5,60
44606700020,和田大鶴停車場線,和田大鶴停車場線,一般国道２１１号,44204,0,0.1,日田市大字鶴河内,203,日田市大字鶴河内,232,435,1.14,0.45,,17.2,5.5,60
44606700040,和田大鶴停車場線,一般国道２１１号,,44204,0,0.1,日田市大字鶴河内,203,日田市大字鶴河内,232,435,1.14,0.25,22.2,8.1,5.8,60
44606700060,和田大鶴停車場線,和田大鶴停車場線,一般国道２１１号,44204,0,0.1,,,,,,,,33.3,23.7,4.5,30
44606710010,大鶴熊取線,和田大鶴停車場線,一般国道２１２号,44204,0,8.1,日田市大字山田,1107,日田市大字山田,1277,2384,1.2,0.34,40.4,32.2,8.2,50
44606720010,戸畑日田線,玖珠天瀬線,玖珠町・日田市境,44462,0,1.2,日田市大字求来里,1092,日田市大字求来里,1103,2195,1.2,2.36,39.4,38.9,6,40
44606720020,戸畑日田線,玖珠町・日田市境,,44204,0,4.7,日田市大字求来里,1092,日田市大字求来里,1103,2195,1.2,0.26,38.9,41.3,12,60
44606720030,戸畑日田線,,,44204,0,0.2,日田市大字求来里,1092,日田市大字求来里,1103,2195,1.2,0.26,54.2,50.4,12,60
44606720040,戸畑日田線,,日田玖珠線,44204,0,8.5,日田市大字求来里,1092,日田市大字求来里,1103,2195,1.2,0.26,41.7,40.6,12,60
44606730010,小畑日田線,前津江星野線,西大山大野日田線,44204,0,0.9,日田市大字高瀬,156,日田市大字高瀬,194,350,1.26,0.06,49.1,47.6,8.1,40
44606730020,小畑日田線,西大山大野日田線,西大山大野日田線,44204,0,2.7,日田市大字高瀬,156,日田市大字高瀬,194,350,1.26,0.06,40.8,40.7,8.1,40
44606730030,小畑日田線,西大山大野日田線,,44204,0,11.5,日田市大字高瀬,156,日田市大字高瀬,194,350,1.26,0.06,44.9,45.6,8.1,40
44606730040,小畑日田線,,日田鹿本線,44204,0,0.3,日田市大字高瀬銭渕町,3609,日田市大字高瀬銭渕町,3966,7575,1.24,0.74,25.5,29.6,13.2,40
44606740010,岩戸五馬日田線,天瀬阿蘇線,一般国道２１２号,44204,0,15.7,日田市天瀬町合田,128,日田市天瀬町合田,132,260,1.25,0.26,36,39.1,5,60
44606750010,臼木沖代線,一般国道２１２号,渋見成恒中津線,44203,0,3.5,中津市三光諌山,3656,中津市三光諌山,3658,7314,1.23,0.68,41.9,48.4,14.1,50
44606750015,臼木沖代線,渋見成恒中津線,渋見成恒中津線,44203,0,0.1,中津市三光諌山,3656,中津市三光諌山,3658,7314,1.23,0.75,20.9,18,14.5,50
44606750020,臼木沖代線,渋見成恒中津線,円座中津線,44203,0,0.4,中津市三光諌山,3656,中津市三光諌山,3658,7314,1.23,0.75,29.3,27.4,14.5,50
44606750030,臼木沖代線,円座中津線,一般国道１０号,44203,0,0.2,中津市三光諌山,3656,中津市三光諌山,3658,7314,1.23,0.75,20.2,12.5,14.5,50
44606750040,臼木沖代線,一般国道１０号,,44203,0,1.6,,8288,,8790,17078,1.26,1.41,26.4,32.3,12.8,50
44606750050,臼木沖代線,,万田四日市線,44203,0,0.3,,8288,,8790,17078,1.26,1.41,14.8,21.2,12.8,50
44606750060,臼木沖代線,万田四日市線,一般国道２１３号,44203,0,3.1,中津市大字上池永,6069,中津市大字上池永,5942,12011,1.25,0.88,30,28.3,12.5,50
44606760010,西有田豆田線,日田玖珠線,一般国道２１２号,44204,0,2.8,日田市西有田,2649,日田市西有田,945,3594,1.23,0.48,27.2,28,13,60
44606770010,石井庄手線,一般国道２１０号,石井庄手線,44204,0,0.5,,2652,,2612,5264,1.22,0.58,17.7,18,16,60
44606770040,石井庄手線,石井庄手線,,44204,0,0.6,日田市大字庄手,3422,日田市大字庄手,3150,6572,1.21,0.7,21.5,17,16,60
44606770070,石井庄手線,,一般国道２１２号,44204,0,0.4,,,,,,,,29.9,32.7,16.5,50
44606770060,石井庄手線,一般国道２１２号,一般国道２１２号,44204,0,1,,,,,,,,23.2,14.3,19.6,60
44606770015,石井庄手線,石井庄手線,,44204,0,1.5,,2003,,2219,4222,1.22,0.54,31.5,25.3,7,40
44606780010,書曲野田線,下恵良九重線,九重町・玖珠町境,44461,0,1.2,玖珠郡玖珠町帆足,1157,玖珠郡玖珠町帆足,1037,2194,1.12,0.27,35.2,31,10,40
44606780020,書曲野田線,九重町・玖珠町境,玖珠山国線,44462,0,2.1,玖珠郡玖珠町帆足,1157,玖珠郡玖珠町帆足,1037,2194,1.12,0.3,33.2,29,12,40
44606780040,書曲野田線,玖珠山国線,一般国道２１０号,44462,0,2,玖珠郡玖珠町四日市,671,玖珠郡玖珠町四日市,648,1319,1.16,0.16,34.6,30.6,10,40
44606790010,川上玖珠線,安心院湯布院線,宇佐市・玖珠町境,44211,0,0.9,玖珠郡玖珠町日出生,295,玖珠郡玖珠町日出生,270,565,1.21,0.14,27,31.8,7,60
44606790020,川上玖珠線,宇佐市・玖珠町境,下恵良九重線,44462,0,4.7,玖珠郡玖珠町日出生,295,玖珠郡玖珠町日出生,270,565,1.21,0.14,50.6,49.4,11,40
44606790040,川上玖珠線,下恵良九重線,一般国道３８７号,44462,0,5,玖珠郡玖珠町森,137,玖珠郡玖珠町森,123,260,1.22,0.03,31,38.4,8,40
44606800010,田野宝泉寺停車場線,田野庄内線,飯田高原中村線,44461,0,3,玖珠郡九重町田野,32,玖珠郡九重町田野,48,80,1.25,0.34,25.7,26.3,5,40
44606800030,田野宝泉寺停車場線,飯田高原中村線,田野宝泉寺停車場線,44461,0,0.3,,339,,359,698,1.15,0.72,32.7,12.5,6,40
44606800040,田野宝泉寺停車場線,田野宝泉寺停車場線,一般国道３８７号,44461,0,10.5,田野宝泉寺停車場線,161,田野宝泉寺停車場線,149,310,1.15,0.06,31.5,31.5,10,40
44606800060,田野宝泉寺停車場線,田野宝泉寺停車場線,飯田高原中村線,44461,0,0.5,,339,,359,698,1.15,0.72,39.9,39.9,6,40
44606810010,右田引治線,一般国道２１０号,市道（旧：右田引治線）,44461,0,0.3,玖珠郡九重町引治,1662,玖珠郡九重町引治,1778,3440,1.21,0.41,12.4,31.6,14,40
44606810020,右田引治線,市道（旧：右田引治線）,右田引治線,44461,0,0.6,玖珠郡九重町引治,1662,玖珠郡九重町引治,1778,3440,1.21,0.41,29.3,30.8,14,40
44606810030,右田引治線,右田引治線,一般国道３８７号,44461,0,0.7,,1498,,1496,2994,1.21,0.41,38.8,34.1,14,40
44606810090,右田引治線,一般国道３８７号,一般国道３８７号ＢＰ（町田バイパス）,44461,0,0.2,,,,,,,,25.9,21.8,11.5,40
44606810070,右田引治線,右田引治線,一般国道３８７号,44461,0,1,,,,,,,,33.4,23.9,6,40
44606820010,西寒多寒田線,一般国道１０号,下世利寒田線,44201,0,1,,4282,,4495,8777,1.24,1.06,14.7,21.8,16,40
44606820020,西寒多寒田線,下世利寒田線,大分大野線,44201,0,2.2,大分市大字寒田,3258,大分市大字寒田,3533,6791,1.23,0.73,36.6,37.3,16,40
44606830010,北浦姫島港線,,西浦姫島港線,44322,0,0.7,東国東郡姫島村,170,東国東郡姫島村,178,348,1.2,0.04,29.6,29.6,7.7,30
44606840010,羅漢寺跡田線,,一般国道５００号,44203,0,0.6,中津市本耶馬渓町跡田,196,中津市本耶馬渓町跡田,214,410,1.26,0.06,25.5,9.8,10,60
44606850010,萩原下郡線,大在大分港線,一般国道１９７号,44201,0,0.8,,6470,,6964,13434,1.25,1.06,13.3,10.2,22.9,50
44606850020,萩原下郡線,一般国道１９７号,大分臼杵線,44201,0,1.3,,6470,,6964,13434,1.25,1.01,11.8,16.5,38,50
44606860010,稲積姫島港線,,西浦姫島港線,44322,0,4.9,東国東郡姫島村,228,東国東郡姫島村,206,434,1.2,0.05,41.5,42,10.5,30
44606860020,稲積姫島港線,西浦姫島港線,,44322,0,0.2,東国東郡姫島村,228,東国東郡姫島村,206,434,1.2,0.05,28.4,28.4,10.5,30
44606870010,西野浦河内線,,一般国道３８８号,44205,0,3,佐伯市蒲江大字竹野浦河内,713,佐伯市蒲江大字竹野浦河内,797,1510,1.18,0.18,46.4,47.8,10,60
44606880010,中津留轟牧口停車場線,宇目清川線,宇目清川線,44212,0,16.9,豊後大野市清川町白谷,11,豊後大野市清川町白谷,7,18,1.25,0,32.7,32.7,7.9,60
44606900010,湛水挾間線,龍原挾間線,由布市・大分市境,44213,0,3.1,由布市狭間町谷,974,由布市狭間町谷,891,1865,1.15,0.24,40.6,43,6,60
44606900020,湛水挾間線,由布市・大分市境,久住高原野津原線,44201,0,4,由布市狭間町谷,974,由布市狭間町谷,891,1865,1.15,0.2,50.2,45.2,9,60
44606910010,大入島北循環線,大入島南循環線,大入島南循環線,44205,0,7,佐伯市大字高松浦,7,佐伯市大字高松浦,9,16,1.2,0.12,34,34.2,7.5,40
44606910020,大入島北循環線,大入島南循環線,大入島南循環線,44205,0,0.5,佐伯市大字高松浦,7,佐伯市大字高松浦,9,16,1.2,0.12,22.8,25.7,7.5,40
44606920010,大入島南循環線,大入島北循環線,大入島北循環線,44205,0,9.2,佐伯市大字石間浦,94,佐伯市大字石間浦,99,193,1.2,0.03,33.4,33.4,12,40
44606930010,百枝大野線,百枝浅瀬野津線,,44212,0,11.9,豊後大野市大野町片島,138,豊後大野市大野町片島,165,303,1.3,0.04,31.6,31.3,9.3,60
44606930020,百枝大野線,,竹田犬飼線,44212,0,0.4,豊後大野市大野町片島,138,豊後大野市大野町片島,165,303,1.3,0.04,47.5,40.8,9.3,60
44606950010,九重野荻線,竹田五ケ瀬線,高森竹田線,44208,0,6.9,竹田市荻町大字柏原,1351,竹田市荻町大字柏原,1447,2798,1.3,0.43,38.6,43.4,8,60
44606960010,高崎大分線,別府挾間線,由布市・大分市境,44213,0,0.6,大分市生石港町1丁目,7879,大分市生石港町1丁目,5326,13205,1.25,0.93,42.6,41.7,8.8,60
44606960020,高崎大分線,由布市・大分市境,一般国道１０号,44201,0,7.6,大分市生石港町1丁目,7879,大分市生石港町1丁目,5326,13205,1.25,2.44,42.6,41.7,11,60
44606960040,高崎大分線,,,44201,0,0.3,,,,,,,,,,12.2,60
44606970005,渋見成恒中津線,一般国道２１２号,渋見成恒中津線,44203,0,9.3,中津市三光田口,302,中津市三光田口,293,595,1.21,0.08,36.9,36.9,12,60
44606970050,渋見成恒中津線,渋見成恒中津線,臼木沖代線,44203,0,0.3,,,,,,,,24.4,15.1,13.7,60
44606970030,渋見成恒中津線,万田四日市線,一般国道２１３号,44203,0,2.1,中津市大字大悟法,4228,中津市大字大悟法,4404,8632,1.24,0.69,25.4,32.3,12.4,50
44606970010,渋見成恒中津線,渋見成恒中津線,臼木沖代線,44203,0,0.1,中津市三光田口,302,中津市三光田口,293,595,1.21,0.08,6.5,11.3,12,60
44606980010,西大山大野日田線,一般国道２１２号,日田鹿本線,44204,0,11.3,日田市前津江町明石,267,日田市前津江町明石,265,532,1.3,0.07,32.9,29.5,8,60
44606980030,西大山大野日田線,日田鹿本線,小畑日田線,44204,0,4.9,日田市前津江町明石,267,日田市前津江町明石,265,532,1.3,0.1,34.1,35,8.2,60
44606980050,西大山大野日田線,小畑日田線,朝田日田線,44204,0,12,日田市前津江町明石,267,日田市前津江町明石,265,532,1.3,3.12,59.6,59.7,3.5,60
44606990010,小川穴井迫線,一般国道４４２号,白丹竹田線,44208,0,3,竹田市久住町大字久住,371,竹田市久住町大字久住,369,740,1.25,1.05,28.3,29.7,5,60
44606990020,小川穴井迫線,白丹竹田線,一般国道５７号,44208,0,8.9,竹田市久住町大字久住,371,竹田市久住町大字久住,369,740,1.25,1.05,31,30.8,5,60
44607020010,平原耶馬溪線,玖珠山国線,玖珠町・中津市境,44462,0,2.7,,428,,452,880,1.14,0.11,26.1,26.3,9,40
44607020020,平原耶馬溪線,玖珠町・中津市境,山移大島線,44203,0,8.5,,555,,649,1204,1.15,0.17,44.8,44.6,13,60
44607020030,平原耶馬溪線,山移大島線,一般国道２１２号,44203,0,0.3,,555,,649,1204,1.15,0.17,44.3,7.8,13,60
44607020050,平原耶馬溪線,,,44462,0,0.4,,,,,,,,41.6,28.4,8,40
44607040010,菅原戸畑線,一般国道３８７号,九重町・玖珠町境,44461,0,1.1,玖珠郡玖珠町山浦,325,玖珠郡玖珠町山浦,325,650,1.24,0.08,40.5,36.5,9,40
44607040020,菅原戸畑線,九重町・玖珠町境,玖珠町・日田市境,44462,0,5.4,玖珠郡玖珠町山浦,325,玖珠郡玖珠町山浦,325,650,1.24,0.11,37.6,36.5,7.5,40
44607040030,菅原山浦線,玖珠町・日田市境,日田市・玖珠町境,44204,0,1.9,玖珠郡玖珠町山浦,325,玖珠郡玖珠町山浦,325,650,1.24,2.22,37.6,36.5,3.7,60
44607040040,菅原戸畑線,日田市・玖珠町境,玖珠町・日田市境,44462,0,2.2,玖珠郡玖珠町山浦,325,玖珠郡玖珠町山浦,325,650,1.24,0.1,37.6,36.5,7,40
44607040050,菅原山浦線,玖珠町・日田市境,日田市・玖珠町境,44204,0,1.2,玖珠郡玖珠町山浦,325,玖珠郡玖珠町山浦,325,650,1.24,0.11,37.6,36.5,11.4,60
44607040060,菅原戸畑線,日田市・玖珠町境,一般国道２１０号,44462,0,1.7,玖珠郡玖珠町山浦,325,玖珠郡玖珠町山浦,325,650,1.24,0.07,37.6,36.5,12,40
44607060010,伏野宇目線,伏野三重線,豊後大野市・佐伯市境,44212,0,11.1,豊後大野市三重町伏野,62,豊後大野市三重町伏野,53,115,1.25,0.2,60.7,60.7,4,60
44607060020,伏野宇目線,豊後大野市・佐伯市境,一般国道３２６号,44205,0,2.6,豊後大野市三重町伏野,62,豊後大野市三重町伏野,53,115,1.25,0.01,60.7,60.7,8.6,60
44607070010,大泊浜徳浦線,臼杵津久見線,,44206,0,9,臼杵市大字深江,232,臼杵市大字深江,233,465,1.22,0.07,32.3,36.8,7.5,40
44607070030,大泊浜徳浦線,,臼杵津久見線,44207,0,7.9,津久見市徳浦本町,1973,津久見市徳浦本町,2184,4157,1.22,0.57,42.3,42.3,10.5,40
44607080010,夷堅来線,小河内香々地線,一般国道２１３号,44209,0,6.6,豊後高田市堅来字今祥,264,豊後高田市堅来字今祥,283,547,1.22,0.06,42.3,37.7,10.5,40
44607090010,俣水一畑線,豊後高田安岐線,杵築市・豊後高田市境,44210,0,9.2,杵築市太田白木原,19,杵築市太田白木原,24,43,1.05,0.01,50.7,50.4,8,60
44607090020,俣水一畑線,杵築市・豊後高田市境,山香国見線,44209,0,1.4,杵築市太田白木原,19,杵築市太田白木原,24,43,1.05,0.01,50.7,50.4,9,40
44607100010,田野野上線,別府一の宮線,一般国道２１０号,44461,0,9.3,玖珠郡九重町野上,379,玖珠郡九重町野上,348,727,1.24,0.13,31.1,39.4,9,40
44607120010,川原上野田線,,天瀬阿蘇線,44204,0,8,日田市上津江町上野田,10,日田市上津江町上野田,8,18,1.25,0.06,35.6,32.2,4.5,60
44607150005,木田神崎線,一般国道１９７号,木田神崎線,44201,0,1.1,大分市大字神崎,420,大分市大字神崎,544,964,1.19,1.35,21.1,18.5,3.8,50
44607150010,木田神崎線,木田神崎線,臼杵坂ノ市線,44201,0,5.2,大分市大字神崎,420,大分市大字神崎,544,964,1.19,1.35,23.7,18.5,3.8,50
44607150030,木田神崎線,一般国道１９７号,木田神崎線,44201,0,1.3,大分市大字神崎,420,大分市大字神崎,544,964,1.19,0.07,24.2,46.7,15,50
44607160010,佐田山香線,山香院内線,佐田駅川線,44211,0,0.3,宇佐市安心院町内川野,872,宇佐市安心院町内川野,856,1728,1.15,0.3,33.3,32,8.5,60
44607160020,佐田山香線,佐田駅川線,宇佐市・杵築市境,44211,0,4.1,宇佐市安心院町内川野,872,宇佐市安心院町内川野,856,1728,1.15,0.3,50.1,52.7,8.5,60
44607160030,佐田山香線,宇佐市・杵築市境,久木野尾山浦線,44210,0,1.5,宇佐市安心院町内川野,872,宇佐市安心院町内川野,856,1728,1.15,0.3,28.3,52.4,11,60
44607160040,佐田山香線,久木野尾山浦線,久木野尾山浦線,44210,0,0.1,宇佐市安心院町内川野,872,宇佐市安心院町内川野,856,1728,1.15,0.3,55.5,42.2,11,60
44607160050,佐田山香線,久木野尾山浦線,一般国道１０号,44210,0,6.4,宇佐市安心院町内川野,872,宇佐市安心院町内川野,856,1728,1.15,0.3,56.5,54.2,11,60
44607170010,久木野尾尾立線,山香院内線,杵築市・宇佐市境,44210,0,3,杵築市山香町大字久木野尾,86,杵築市山香町大字久木野尾,87,173,1.25,0.03,26.6,28.3,7.4,60
44607170020,久木野尾尾立線,杵築市・宇佐市境,一般国道５００号,44211,0,2.8,杵築市山香町大字久木野尾,86,杵築市山香町大字久木野尾,87,173,1.25,1.05,35.7,26.5,4.3,60
44607180010,伏野三重線,宇目清川線,伏野宇目線,44212,0,0.7,豊後大野市三重町本城,397,豊後大野市三重町本城,399,796,1.15,0.09,43.8,45.8,11.1,40
44607180020,伏野三重線,伏野宇目線,一般国道５０２号,44212,0,6.8,豊後大野市三重町本城,397,豊後大野市三重町本城,399,796,1.15,0.09,44.1,32.8,11.1,40
44607190010,東長宝西線,別府庄内線,別府庄内線,44213,0,2.1,由布市庄内町高岡,288,由布市庄内町高岡,377,665,1.2,0.74,49.4,42.2,5,60
44607190020,東長宝西線,別府庄内線,一般国道２１０号,44213,0,4,由布市庄内町高岡,288,由布市庄内町高岡,377,665,1.2,0.74,65.8,51.2,5,60
44607200010,日田山国線,宝珠山日田線,日田市・中津市境,44204,0,8.6,日田市大字花月,412,日田市大字花月,315,727,1.84,2.8,33.1,33.4,4,60
44607200020,日田山国線,日田市・中津市境,一般国道２１２号,44203,0,3.1,日田市大字花月,412,日田市大字花月,315,727,1.84,4.88,33.1,33.4,5,60
