交通調査基本区間番号,路線名,起点側／路線名等,終点側／路線名等,市区町村コード,自動車専用道路の別,区間延長（ｋｍ）,上り／交通量観測地点地名,上り／２４時間自動車類交通量／合計（台）,下り／交通量観測地点地名,下り／２４時間自動車類交通量／合計（台）,２４時間自動車類交通量（上下合計）／合計（台）,昼夜率,混雑度,朝夕（混雑時）／上り／旅行速度／合計（ｋｍ／ｈ）,朝夕（混雑時）／下り／旅行速度／合計（ｋｍ／ｈ）,幅員構成／道路部幅員（ｍ）,指定最高速度（ｋｍ／ｈ）
27110110010,名神高速道路,名神高速道路,島本町・高槻市境,27301,1,3.2,大山崎(JCT)～高槻JCT,54244,大山崎(JCT)～高槻JCT,55411,109655,1.5,0.89,80.3,84.4,32,80
27110110015,名神高速道路,島本町・高槻市境,新名神高速道路（高槻連絡路）,27207,1,3.4,大山崎(JCT)～高槻JCT,54244,大山崎(JCT)～高槻JCT,55411,109655,1.5,0.89,84.1,74.9,32,80
27110110020,名神高速道路,新名神高速道路（高槻連絡路）,高槻市・茨木市境,27207,1,5.1,高槻JCT～茨木,41715,高槻JCT～茨木,43178,84893,1.4,0.74,86.8,82.7,32,80
27110110030,名神高速道路,高槻市・茨木市境,一般国道１７１号,27211,1,2.7,高槻JCT～茨木,41715,高槻JCT～茨木,43178,84893,1.4,0.74,84.5,77.8,31,80
27110110040,名神高速道路,一般国道１７１号,中国自動車道,27211,1,2,茨木～吹田JCT,46637,茨木～吹田JCT,49247,95884,1.38,0.9,76.8,63.8,32,80
27110110050,名神高速道路,中国自動車道,茨木市・吹田市境,27211,1,0.3,吹田JCT～吹田,40792,吹田JCT～吹田,34617,75409,1.37,0.7,81.7,58.4,32.5,80
27110110060,名神高速道路,茨木市・吹田市境,吹田市・茨木市境,27205,1,0.4,吹田JCT～吹田,40792,吹田JCT～吹田,34617,75409,1.37,0.7,81.7,57.8,42.5,80
27110110070,名神高速道路,吹田市・茨木市境,茨木市・吹田市境,27211,1,0.1,吹田JCT～吹田,40792,吹田JCT～吹田,34617,75409,1.37,0.7,82.1,61.9,32.5,80
27110110080,名神高速道路,茨木市・吹田市境,近畿自動車道,27205,1,0.1,吹田JCT～吹田,40792,吹田JCT～吹田,34617,75409,1.37,0.7,79.6,75.2,32.5,80
27110110090,名神高速道路,近畿自動車道,吹田市・豊中市境,27205,1,7.7,吹田～豊中,31858,吹田～豊中,32149,64007,1.35,0.96,76.5,73.1,32.25,80
27110110100,名神高速道路,吹田市・豊中市境,高速大阪池田線,27203,1,2.3,吹田～豊中,31858,吹田～豊中,32149,64007,1.35,0.96,74.7,77.2,31.75,80
27110110110,名神高速道路,高速大阪池田線,名神高速道路,27203,1,0.5,豊中～尼崎,24800,豊中～尼崎,25106,49906,1.35,0.73,75.4,81.1,29.25,80
27110720010,西名阪自動車道,西名阪自動車道,一般国道１６５号,27221,1,1,柏原IC～香芝IC,29813,柏原IC～香芝IC,30179,59992,1.39,1.03,75.4,72.8,30.25,80
27110720020,西名阪自動車道,一般国道１６５号,柏原市・羽曳野市境,27221,1,0.9,藤井寺IC～柏原IC,35370,藤井寺IC～柏原IC,35007,70377,1.35,0.67,81.7,55.1,32.75,80
27110720030,西名阪自動車道,柏原市・羽曳野市境,羽曳野市・柏原市境,27222,1,0.4,藤井寺IC～柏原IC,35370,藤井寺IC～柏原IC,35007,70377,1.35,0.67,85.7,76,32,80
27110720040,西名阪自動車道,羽曳野市・柏原市境,柏原市・羽曳野市境,27221,1,1,藤井寺IC～柏原IC,35370,藤井寺IC～柏原IC,35007,70377,1.35,0.67,83.1,83.1,32,80
27110720050,西名阪自動車道,柏原市・羽曳野市境,羽曳野市・藤井寺市境,27222,1,0.8,藤井寺IC～柏原IC,35370,藤井寺IC～柏原IC,35007,70377,1.35,0.67,86.4,82.1,32,80
27110720060,西名阪自動車道,羽曳野市・藤井寺市境,堺大和高田線,27226,1,2,藤井寺IC～柏原IC,35370,藤井寺IC～柏原IC,35007,70377,1.35,0.67,83.9,80.3,32,80
27110720070,西名阪自動車道,堺大和高田線,藤井寺市・松原市境,27226,1,2.3,松原JCT～藤井寺IC,39301,松原JCT～藤井寺IC,38670,77971,1.35,0.71,72.9,78.1,32,80
27110720080,西名阪自動車道,藤井寺市・松原市境,近畿自動車道,27217,1,0.6,松原JCT～藤井寺IC,39301,松原JCT～藤井寺IC,38670,77971,1.35,0.71,74.1,70.5,32,80
27110720090,西名阪自動車道,近畿自動車道,高速大阪松原線,27217,1,0.2,松原JCT～藤井寺IC,39301,松原JCT～藤井寺IC,38670,77971,1.35,0.71,70.8,70.5,31.75,80
27110730010,近畿自動車道,中国自動車道,吹田市・茨木市境,27205,1,0.5,吹田JCT～摂津北IC,27179,吹田JCT～摂津北IC,29949,57128,1.27,0.76,66.5,8.5,25,40
27110730020,近畿自動車道,吹田市・茨木市境,茨木市・吹田市境,27211,1,0.1,吹田JCT～摂津北IC,27179,吹田JCT～摂津北IC,29949,57128,1.27,0.76,54.2,6.2,23.5,40
27110730030,近畿自動車道,茨木市・吹田市境,茨木摂津線,27205,1,0.1,吹田JCT～摂津北IC,27179,吹田JCT～摂津北IC,29949,57128,1.27,0.76,44.1,5.5,29,40
27110730040,近畿自動車道,茨木摂津線,名神高速道路,27205,1,0.2,吹田JCT～摂津北IC,27179,吹田JCT～摂津北IC,29949,57128,1.27,0.76,49.1,7.9,29,40
27110730050,近畿自動車道,名神高速道路,吹田市・茨木市境,27205,1,0.4,吹田JCT～摂津北IC,27179,吹田JCT～摂津北IC,29949,57128,1.27,0.76,56.4,24.7,29,40
27110730060,近畿自動車道,吹田市・茨木市境,茨木市・摂津市境,27211,1,3.3,吹田JCT～摂津北IC,27179,吹田JCT～摂津北IC,29949,57128,1.27,0.76,59,26,21.5,60
27110730070,近畿自動車道,茨木市・摂津市境,大阪中央環状線,27224,1,0.2,吹田JCT～摂津北IC,27179,吹田JCT～摂津北IC,29949,57128,1.27,0.76,62.7,26.6,21.5,80
27110730080,近畿自動車道,大阪中央環状線,大阪中央環状線,27224,1,2.4,摂津北IC～摂津南IC,39771,摂津北IC～摂津南IC,40015,79786,1.28,1.06,60.7,44.8,21.5,80
27110730090,近畿自動車道,大阪中央環状線,摂津市・守口市境,27224,1,0.8,摂津南IC～守口JCT,34593,摂津南IC～守口JCT,34350,68943,1.3,0.88,60.2,68.7,21.5,80
27110730095,近畿自動車道,摂津市・守口市境,高速大阪守口線,27209,1,0.6,摂津南IC～守口JCT,34593,摂津南IC～守口JCT,34350,68943,1.3,0.88,54.9,70.2,21.5,80
27110730100,近畿自動車道,高速大阪守口線,守口市・門真市境,27209,1,1,守口JCT～門真IC,34790,守口JCT～門真IC,33009,67799,1.29,0.95,56.5,75.2,21.5,80
27110730110,近畿自動車道,守口市・門真市境,大阪中央環状線,27223,1,1.9,守口JCT～門真IC,34790,守口JCT～門真IC,33009,67799,1.29,0.95,46.5,71.3,21.5,80
27110730120,近畿自動車道,大阪中央環状線,一般国道１号（第二京阪道路）,27223,1,1.1,門真IC～門真JCT,29439,門真IC～門真JCT,28564,58003,1.3,0.74,25.4,76.9,22.5,80
27110730130,近畿自動車道,一般国道１号（第二京阪道路）,門真市・大阪市鶴見区境,27223,1,0.6,門真JCT～大東鶴見IC,50079,門真JCT～大東鶴見IC,51072,101151,1.34,1.26,20.7,72.9,22.5,80
27110730140,近畿自動車道,門真市・大阪市鶴見区境,大阪中央環状線,27124,1,0.8,門真JCT～大東鶴見IC,50079,門真JCT～大東鶴見IC,51072,101151,1.34,1.26,31.1,65.1,22.5,80
27110730150,近畿自動車道,大阪中央環状線,大東市・大阪市鶴見区境,27218,1,0.1,大東鶴見IC～東大阪北IC,59126,大東鶴見IC～東大阪北IC,60735,119861,1.32,1.08,33.8,60.3,29.25,80
27110730160,近畿自動車道,大東市・大阪市鶴見区境,大阪市鶴見区・東大阪市境,27124,1,0.6,大東鶴見IC～東大阪北IC,59126,大東鶴見IC～東大阪北IC,60735,119861,1.32,1.08,33.8,59.5,29.25,80
27110730170,近畿自動車道,大阪市鶴見区・東大阪市境,大阪中央環状線,27227,1,0.4,大東鶴見IC～東大阪北IC,59126,大東鶴見IC～東大阪北IC,60735,119861,1.32,1.08,29.2,62.5,29.25,80
27110730180,近畿自動車道,大阪中央環状線,高速大阪東大阪線,27227,1,2.2,東大阪北IC～東大阪JCT,51913,東大阪北IC～東大阪JCT,52813,104726,1.33,0.91,25.4,64.8,29,80
27110730190,近畿自動車道,高速大阪東大阪線,東大阪市・八尾市境,27227,1,3.5,東大阪JCT～東大阪南IC,43999,東大阪JCT～東大阪南IC,47459,91458,1.29,0.87,32.9,53.4,29,80
27110730200,近畿自動車道,東大阪市・八尾市境,大阪中央環状線,27212,1,0.5,東大阪JCT～東大阪南IC,43999,東大阪JCT～東大阪南IC,47459,91458,1.29,0.87,36.4,44.9,29,80
27110730210,近畿自動車道,大阪中央環状線,八尾市・東大阪市境,27212,1,0.2,東大阪南IC～八尾IC,50494,東大阪南IC～八尾IC,54138,104632,1.29,0.99,32.3,45.4,65.75,80
27110730220,近畿自動車道,八尾市・東大阪市境,東大阪市・八尾市境,27227,1,0.2,東大阪南IC～八尾IC,50494,東大阪南IC～八尾IC,54138,104632,1.29,0.99,37.8,53.5,29,60
27110730230,近畿自動車道,東大阪市・八尾市境,八尾市・東大阪市境,27212,1,0.9,東大阪南IC～八尾IC,50494,東大阪南IC～八尾IC,54138,104632,1.29,0.99,34.2,59,29,80
27110730240,近畿自動車道,八尾市・東大阪市境,大阪中央環状線,27227,1,0.1,東大阪南IC～八尾IC,50494,東大阪南IC～八尾IC,54138,104632,1.29,0.99,31.8,51.9,29,80
27110730250,近畿自動車道,大阪中央環状線,東大阪市・八尾市境,27227,1,0.3,八尾IC～長原IC,43079,八尾IC～長原IC,44848,87927,1.31,0.87,29.4,74.4,29,80
27110730260,近畿自動車道,東大阪市・八尾市境,八尾市・大阪市平野区境,27212,1,1.4,八尾IC～長原IC,43079,八尾IC～長原IC,44848,87927,1.31,0.87,35.1,76.8,29,80
27110730270,近畿自動車道,八尾市・大阪市平野区境,大阪市平野区・八尾市境,27126,1,1.1,八尾IC～長原IC,43079,八尾IC～長原IC,44848,87927,1.31,0.87,38.7,75.1,29,80
27110730280,近畿自動車道,大阪市平野区・八尾市境,八尾市・大阪市平野区境,27212,1,0.4,八尾IC～長原IC,43079,八尾IC～長原IC,44848,87927,1.31,0.87,41.8,72.2,29,80
27110730290,近畿自動車道,八尾市・大阪市平野区境,大阪中央環状線,27126,1,1.7,八尾IC～長原IC,43079,八尾IC～長原IC,44848,87927,1.31,0.87,48.3,71.4,29,80
27110730300,近畿自動車道,大阪中央環状線,大阪市平野区・松原市境,27126,1,0.4,長原IC～松原JCT,52942,長原IC～松原JCT,56449,109391,1.31,1.26,48.3,52.8,44.75,80
27110730310,近畿自動車道,大阪市平野区・松原市境,西名阪自動車道,27217,1,0.5,長原IC～松原JCT,52942,長原IC～松原JCT,56449,109391,1.31,1.26,52,59,29.5,80
27110730320,近畿自動車道,西名阪自動車道,大阪中央環状線,27217,1,0.8,松原JCT～松原IC,57653,松原JCT～松原IC,58841,116494,1.29,1.26,49.1,59.4,29.5,80
27110730330,近畿自動車道,大阪中央環状線,阪和自動車道,27217,1,0.1,松原JCT～松原IC,57653,松原JCT～松原IC,58841,116494,1.29,1.26,45.8,74.8,29.5,80
27112010010,中国自動車道,近畿自動車道,名神高速道路,27205,1,0.5,吹田JCT～中国吹田,18769,吹田JCT～中国吹田,18459,37228,1.36,0.57,14.2,75.6,25,80
27112010020,中国自動車道,名神高速道路,大阪中央環状線,27205,1,0.6,吹田JCT～中国吹田,18769,吹田JCT～中国吹田,18459,37228,1.36,0.57,34.5,83.3,25,80
27112010030,中国自動車道,大阪中央環状線,吹田市・豊中市境,27205,1,2.6,中国吹田～中国豊中,23207,中国吹田～中国豊中,22472,45679,1.36,0.69,75,76.4,24,80
27112010040,中国自動車道,吹田市・豊中市境,大阪中央環状線,27203,1,4.4,中国吹田～中国豊中,23207,中国吹田～中国豊中,22472,45679,1.36,0.69,83.5,74.8,23,80
27112010050,中国自動車道,大阪中央環状線,豊中市・池田市境,27203,1,0.8,中国豊中～中国池田,17726,中国豊中～中国池田,17219,34945,1.39,0.55,82.3,85.2,23,80
27112010060,中国自動車道,豊中市・池田市境,一般国道１７６号,27204,1,1.8,中国豊中～中国池田,17726,中国豊中～中国池田,17219,34945,1.39,0.55,82.6,78.1,23,80
27112010070,中国自動車道,一般国道１７６号,中国自動車道,27204,1,1.2,中国池田～宝塚,32543,中国池田～宝塚,32099,64642,1.33,0.71,35.3,44.5,28,80
27117200010,阪和自動車道,近畿自動車道,松原市・堺市美原区境,27217,1,2.9,松原IC～美原北IC,48207,松原IC～美原北IC,47948,96155,1.28,0.85,51.9,77.9,25.25,80
27117200020,阪和自動車道,松原市・堺市美原区境,泉大津美原線（新）,27147,1,0.3,松原IC～美原北IC,48207,松原IC～美原北IC,47948,96155,1.28,0.85,47.9,73.7,25.25,80
27117200030,阪和自動車道,泉大津美原線（新）,一般国道１６５号（南阪奈道路）,27147,1,0.5,美原北IC～美原JCT,41675,美原北IC～美原JCT,41128,82803,1.28,0.74,43.9,78.8,25.25,80
27117200040,阪和自動車道,一般国道１６５号（南阪奈道路）,泉大津美原線（新）,27147,1,1.7,美原JCT～美原南IC,32671,美原JCT～美原南IC,33000,65671,1.29,0.58,51.4,73.1,25.25,80
27117200050,阪和自動車道,泉大津美原線（新）,堺市美原区・堺市東区境,27147,1,1.2,美原南～堺JCT,34845,美原南～堺JCT,36598,71443,1.28,0.69,69.4,73.1,25.25,80
27117200060,阪和自動車道,堺市美原区・堺市東区境,堺市東区・堺市中区境,27143,1,1.9,美原南～堺JCT,34845,美原南～堺JCT,36598,71443,1.28,0.69,75.7,83.5,25.25,80
27117200070,阪和自動車道,堺市東区・堺市中区境,一般国道２６号（堺泉北道路）,27142,1,3.2,美原南～堺JCT,34845,美原南～堺JCT,36598,71443,1.28,0.69,70,83.4,25.25,80
27117200080,阪和自動車道,一般国道２６号（堺泉北道路）,堺市中区・堺市南区境,27142,1,0.6,堺JCT～堺,22973,堺JCT～堺,24598,47571,1.28,0.7,80.8,74.3,25,80
27117200090,阪和自動車道,堺市中区・堺市南区境,堺かつらぎ線,27145,1,0.2,堺JCT～堺,22973,堺JCT～堺,24598,47571,1.28,0.7,87.2,85,25,80
27117200100,阪和自動車道,堺かつらぎ線,堺市南区・和泉市境,27145,1,3.5,堺～岸和田和泉,17429,堺～岸和田和泉,17257,34686,1.29,0.47,87.7,87.5,25.75,80
27117200110,阪和自動車道,堺市南区・和泉市境,春木岸和田線（新）,27219,1,6.6,堺～岸和田和泉,17429,堺～岸和田和泉,17257,34686,1.29,0.5,81,82.2,29,80
27117200120,阪和自動車道,春木岸和田線（新）,和泉市・岸和田市境,27219,1,0.5,岸和田和泉～貝塚,13017,岸和田和泉～貝塚,12204,25221,1.3,0.52,89.6,86.5,29,80
27117200130,阪和自動車道,和泉市・岸和田市境,岸和田市・貝塚市境,27202,1,7.1,岸和田和泉～貝塚,13017,岸和田和泉～貝塚,12204,25221,1.3,0.52,86,80,32.25,80
27117200140,阪和自動車道,岸和田市・貝塚市境,岸和田牛滝山貝塚線,27208,1,1.5,岸和田和泉～貝塚,13017,岸和田和泉～貝塚,12204,25221,1.3,0.52,86.9,94.4,34.25,80
27117200150,阪和自動車道,岸和田牛滝山貝塚線,貝塚市・熊取町境,27208,1,1.1,貝塚～泉佐野JCT,12836,貝塚～泉佐野JCT,12034,24870,1.28,0.57,88.6,90.7,27,80
27117200160,阪和自動車道,貝塚市・熊取町境,熊取町・泉佐野市境,27361,1,2.9,貝塚～泉佐野JCT,12836,貝塚～泉佐野JCT,12034,24870,1.28,0.57,87.3,89.9,21.25,80
27117200170,阪和自動車道,熊取町・泉佐野市境,関西空港自動車道,27213,1,2.3,貝塚～泉佐野JCT,12836,貝塚～泉佐野JCT,12034,24870,1.28,0.57,83.7,91.2,21.25,80
27117200180,阪和自動車道,関西空港自動車道,泉佐野市・泉南市境,27213,1,1.3,泉佐野JCT～泉南,17335,泉佐野JCT～泉南,16976,34311,1.29,0.58,83.7,89.9,21.25,80
27117200190,阪和自動車道,泉佐野市・泉南市境,泉佐野岩出線（新）,27228,1,4.6,泉佐野JCT～泉南,17335,泉佐野JCT～泉南,16976,34311,1.29,0.58,85.6,91,21.25,80
27117200200,阪和自動車道,泉佐野岩出線（新）,泉南市・阪南市境,27228,1,1.1,泉南～阪南,13200,泉南～阪南,12915,26115,1.29,0.49,89.6,91.3,21.25,80
27117200210,阪和自動車道,泉南市・阪南市境,東鳥取南海線,27232,1,0.6,泉南～阪南,13200,泉南～阪南,12915,26115,1.29,0.49,90.3,90.1,21.25,80
27117200220,阪和自動車道,東鳥取南海線,阪和自動車道,27232,1,2.8,阪南～和歌山JCT(北),14409,阪南～和歌山JCT(北),14133,28542,1.29,0.51,85.8,85.7,21.25,80
27117210010,関西空港自動車道,阪和自動車道,一般国道４８１号,27213,1,0.6,泉佐野JCT～上之郷,8729,泉佐野JCT～上之郷,8286,17015,1.29,0.31,44.2,48.4,21.25,80
27117210020,関西空港自動車道,一般国道４８１号,一般国道４８１号,27213,1,3.5,上之郷～泉佐野,7525,上之郷～泉佐野,7098,14623,1.29,0.24,88.8,89.6,21.25,100
27117210030,関西空港自動車道,一般国道４８１号,高速湾岸線,27213,1,1.9,泉佐野IC～りんくうJCT,6081,泉佐野IC～りんくうJCT,5273,11354,1.31,0.15,89.6,91.7,21.25,100
27117210040,関西空港自動車道,高速湾岸線,一般国道４８１号,27213,1,0.6,泉佐野IC～りんくうJCT,6081,泉佐野IC～りんくうJCT,5273,11354,1.31,0.15,84.4,80.9,21.25,100
27103070010,新名神高速道路（高槻連絡路）,名神高速道路,伏見柳谷高槻線,27207,1,1.1,高槻JCT～高槻,20526,高槻JCT～高槻,20230,40756,1.61,0.81,81.8,78.7,21.5,100
27103070020,新名神高速道路（高槻連絡路）,伏見柳谷高槻線,,27207,1,1.4,高槻～茨木千提寺,16068,高槻～茨木千提寺,15417,31485,1.77,0.75,83.4,80.3,21.5,100
27103070030,新名神高速道路,,高槻市・茨木市境,27207,1,5.4,高槻～茨木千提寺,16068,高槻～茨木千提寺,15417,31485,1.77,0.75,88,74.5,21.5,100
27103070040,新名神高速道路,高槻市・茨木市境,茨木摂津線,27211,1,4.6,高槻～茨木千提寺,16068,高槻～茨木千提寺,15417,31485,1.77,0.75,88,88.5,21.5,100
27103070050,新名神高速道路,茨木摂津線,茨木市・箕面市境,27211,1,2.4,茨木千提寺～箕面とどろみ,16473,茨木千提寺～箕面とどろみ,15668,32141,1.75,0.74,86.4,89.8,21.5,100
27103070060,新名神高速道路,茨木市・箕面市境,一般国道４２３号,27220,1,5,茨木千提寺～箕面とどろみ,16473,茨木千提寺～箕面とどろみ,15668,32141,1.75,0.74,86.3,93,21.5,100
27103070070,新名神高速道路,一般国道４２３号,箕面市・池田市境,27220,1,1.3,箕面とどろみ～川西,17916,箕面とどろみ～川西,16786,34702,1.69,0.8,82.9,91.6,21.5,100
27103070080,新名神高速道路,箕面市・池田市境,新名神高速道路,27204,1,0.3,箕面とどろみ～川西,17916,箕面とどろみ～川西,16786,34702,1.69,0.8,84.5,94.7,21.5,100
27200010010,高速大阪東大阪線,高速湾岸線,大阪市住之江区・大阪市港区境,27125,1,0.7,大阪市港区海岸通3丁目,19954,大阪市港区海岸通3丁目,22293,42247,1.29,0.63,72.1,76.6,19.25,60
27200010020,高速大阪東大阪線,大阪市住之江区・大阪市港区境,,27107,1,1.5,大阪市港区海岸通3丁目,19954,大阪市港区海岸通3丁目,22293,42247,1.29,0.63,71.8,76.8,19.25,60
27200010040,高速大阪東大阪線,,高速湾岸線,27107,1,0.5,大阪市港区海岸通3丁目,19954,大阪市港区海岸通3丁目,22293,42247,1.29,0.63,67.9,68.7,19.25,60
27200010050,高速大阪東大阪線,高速湾岸線,築港深江線,27107,1,2.9,大阪市港区弁天2丁目,32671,大阪市港区弁天2丁目,31932,64603,1.35,0.86,65.4,45.1,19,60
27200010060,高速大阪東大阪線,築港深江線,大阪市港区・大阪市西区境,27107,1,0.5,大阪市西区九条2丁目,30596,大阪市西区九条2丁目,30708,61304,1.36,0.88,69.6,27.8,19,60
27200010070,高速大阪東大阪線,大阪市港区・大阪市西区境,築港深江線,27106,1,1.3,大阪市西区九条2丁目,30596,大阪市西区九条2丁目,30708,61304,1.36,0.88,69.8,22,19,60
27200010080,高速大阪東大阪線,築港深江線,大阪臨海線,27106,1,0.7,大阪市西区川口1丁目,35782,大阪市西区川口1丁目,36885,72667,1.35,1.02,68.2,23.3,19,60
27200010090,高速大阪東大阪線,大阪臨海線,高速大阪西宮線,27106,1,0.3,大阪市西区江之子島2丁目,34392,大阪市西区江之子島2丁目,35909,70301,1.36,1,61.6,20,19,60
27200010100,高速大阪東大阪線,高速大阪西宮線,築港深江線,27106,1,0.4,大阪市西区西本町2丁目,59752,大阪市西区西本町2丁目,64453,124205,1.4,0.7,63.5,21.2,30.95,60
27200010110,高速大阪東大阪線,築港深江線,高速大阪池田線,27106,1,0.4,大阪市西区西本町1丁目,34781,大阪市西区西本町1丁目,47204,81985,1.42,0.76,55.7,22.5,23.6,60
27200010120,高速大阪東大阪線,高速大阪池田線,高速大阪池田線,27128,1,1.2,大阪市中央区船場中央2丁目,62590,大阪市中央区船場中央2丁目,46698,109288,1.42,0.88,33.8,20.5,23.6,60
27200010130,高速大阪東大阪線,高速大阪池田線,築港深江線,27128,1,0.5,大阪市中央区農人橋1丁目,46389,大阪市中央区農人橋1丁目,47996,94385,1.36,0.73,19.2,17.9,23.6,60
27200010140,高速大阪東大阪線,築港深江線,築港深江線,27128,1,1.3,大阪市中央区法円坂2丁目,37826,大阪市中央区法円坂2丁目,41194,79020,1.4,0.92,23.9,24.1,16,50
27200010150,高速大阪東大阪線,築港深江線,大阪市中央区・大阪市東成区境,27128,1,0.3,大阪市東成区深江北1丁目,44005,大阪市東成区深江北1丁目,47072,91077,1.38,1.02,29.8,43.9,17.6,60
27200010160,高速大阪東大阪線,大阪市中央区・大阪市東成区境,大阪市東成区・大阪市城東区境,27115,1,2.4,大阪市東成区深江北1丁目,44005,大阪市東成区深江北1丁目,47072,91077,1.38,1.02,24.9,53.1,17.6,60
27200010170,高速大阪東大阪線,大阪市東成区・大阪市城東区境,一般国道３０８号,27118,1,0.3,大阪市東成区深江北1丁目,44005,大阪市東成区深江北1丁目,47072,91077,1.38,1.02,19.3,57.9,17.6,60
27200010180,高速大阪東大阪線,一般国道３０８号,一般国道３０８号,27227,1,2.2,東大阪市川俣1丁目,38164,東大阪市川俣1丁目,40866,79030,1.41,0.88,16.2,54.9,17.6,60
27200010190,高速大阪東大阪線,一般国道３０８号,近畿自動車道,27227,1,0.9,東大阪市長田中2丁目,29736,東大阪市長田中2丁目,34188,63924,1.43,0.71,10.1,56.1,20.5,60
27200010200,高速大阪東大阪線,近畿自動車道,一般国道３０８号,27227,1,0.9,東大阪市荒本北2丁目,29915,東大阪市荒本北2丁目,30999,60914,1.3,0.8,24.1,31.4,20.5,60
27200010210,高速大阪東大阪線,一般国道３０８号,一般国道３０８号,27227,1,2.1,東大阪市角田1丁目,23387,東大阪市角田1丁目,23696,47083,1.29,0.68,48.1,57,20.5,60
27200010220,高速大阪東大阪線,一般国道３０８号,一般国道１６３号（第二阪奈道路）,27227,1,0.6,東大阪市西石切町7丁目,12817,東大阪市西石切町7丁目,13721,26538,1.31,0.41,68.3,72.2,18,60
27200020010,高速大阪守口線,高速大阪池田線,一般国道１号,27127,1,0.6,大阪市北区西天満1丁目,42993,大阪市北区南森町1丁目,35186,78179,1.3,1.03,32,61.2,17.6,50
27200020020,高速大阪守口線,一般国道１号,扇町公園南通線,27127,1,0.5,大阪市北区南森町1丁目,33002,大阪市北区末広町,30515,63517,1.3,0.93,35.2,66.5,17.6,50
27200020030,高速大阪守口線,扇町公園南通線,天満橋筋線,27127,1,0.6,大阪市北区錦町,37288,大阪市北区錦町,35323,72611,1.3,1.01,35.5,64.6,17.6,50
27200020040,高速大阪守口線,天満橋筋線,大阪市北区・大阪市都島区境,27127,1,1.4,大阪市北区錦町,32314,大阪市北区錦町,32614,64928,1.31,0.92,38.5,72.2,17.6,60
27200020050,高速大阪守口線,大阪市北区・大阪市都島区境,赤川天王寺線,27102,1,1,大阪市都島区友渕町1丁目,32314,大阪市都島区友渕町1丁目,32614,64928,1.31,0.92,33.7,75.2,17.6,60
27200020060,高速大阪守口線,赤川天王寺線,大阪市都島区・大阪市旭区境,27102,1,0.3,大阪市旭区赤川1丁目,28509,大阪市都島区友渕町1丁目,32614,61123,1.31,0.82,24.2,69.2,17.6,60
27200020070,高速大阪守口線,大阪市都島区・大阪市旭区境,上新庄生野線,27117,1,0.4,大阪市旭区赤川1丁目,28509,大阪市都島区友渕町1丁目,32614,61123,1.31,0.82,27.3,69.2,17.6,60
27200020080,高速大阪守口線,上新庄生野線,高速道路森小路線,27117,1,0.3,大阪市旭区赤川1丁目,28509,大阪市旭区生江1丁目,27912,56421,1.32,0.82,24.6,73.7,17.6,60
27200020090,高速大阪守口線,高速道路森小路線,大阪市旭区・守口市境,27117,1,2.3,大阪市旭区中宮5丁目,23977,大阪市旭区中宮5丁目,23679,47656,1.34,0.73,25.5,71.9,17.6,60
27200020100,高速大阪守口線,大阪市旭区・守口市境,守口市・大阪市旭区境,27209,1,0.5,大阪市旭区中宮5丁目,23977,大阪市旭区中宮5丁目,23679,47656,1.34,0.73,41.2,75,17.6,60
27200020110,高速大阪守口線,守口市・大阪市旭区境,大阪市旭区・守口市境,27117,1,0.6,守口市八雲西町１丁目,23902,守口市八雲西町１丁目,23593,47495,1.34,0.72,49.8,65.2,17.6,60
27200020120,高速大阪守口線,大阪市旭区・守口市境,一般国道１号,27209,1,1.7,守口市八雲西町１丁目,23902,守口市八雲西町１丁目,23593,47495,1.34,0.72,61.3,65.8,17.6,60
27200020130,高速大阪守口線,一般国道１号,近畿自動車道,27209,1,0.6,守口市大庭町,18659,守口市大庭町,18254,36913,1.33,0.59,36.2,60.3,17.6,60
27200020140,高速大阪守口線,近畿自動車道,一般国道１号,27209,1,0.3,守口市淀江町,13080,守口市淀江町,14073,27153,1.37,0.39,33.9,47.4,17.6,60
27200030010,高速道路森小路線,高速大阪守口線,一般国道１６３号,27117,1,1.3,大阪市旭区大宮1丁目,4490,大阪市旭区大宮1丁目,4613,9103,1.24,0.14,58.5,42.2,17.6,60
27200040010,高速大阪堺線,高速大阪池田線,大阪枚岡奈良線,27128,1,0.2,,,大阪市中央区高津2丁目,24591,24591,1.28,0.36,,63,12.75,50
27200040020,高速大阪堺線,大阪枚岡奈良線,高速大阪池田線,27128,1,1,,,大阪市中央区千日前1丁目,29991,29991,1.28,0.46,,68.5,12.75,60
27200040030,高速大阪堺線,高速大阪池田線,大阪臨海線,27111,1,1.3,大阪市浪速区幸町2丁目,25135,大阪市浪速区幸町2丁目,20924,46059,1.29,0.72,19.8,71.2,17.6,50
27200040040,高速大阪堺線,大阪臨海線,大阪臨海線,27111,1,0.9,大阪市西成区北津守1丁目,26936,大阪市西成区北津守1丁目,24567,51503,1.29,0.78,27,72.5,17.6,50
27200040050,高速大阪堺線,大阪臨海線,高速道路西大阪線,27111,1,0.7,大阪市西成区北津守1丁目,26936,大阪市西成区北津守1丁目,24567,51503,1.29,0.78,39.5,73.8,17.6,50
27200040060,高速大阪堺線,高速道路西大阪線,市道,27122,1,0.6,大阪市西成区長橋3丁目,30384,大阪市西成区長橋3丁目,28915,59299,1.29,0.9,56.8,70.4,17.6,50
27200040070,高速大阪堺線,市道,市道,27122,1,2.1,大阪市西成区千本中2丁目,31815,大阪市西成区千本中2丁目,30307,62122,1.29,0.96,58.9,70.7,17.6,60
27200040080,高速大阪堺線,市道,大阪市西成区・大阪市住之江区境,27122,1,0.6,大阪市住之江区浜口西1丁目,25503,大阪市住之江区浜口西1丁目,23801,49304,1.28,0.88,52.5,75.7,17.6,60
27200040090,高速大阪堺線,大阪市西成区・大阪市住之江区境,一般国道２６号,27125,1,2,大阪市住之江区浜口西1丁目,25503,大阪市住之江区浜口西1丁目,23801,49304,1.28,0.88,57.8,75,17.6,60
27200040100,高速大阪堺線,一般国道２６号,大阪市住之江区・堺市堺区境,27125,1,0.9,堺市堺区柳之町東,20023,堺市堺区柳之町東,18186,38209,1.3,0.8,65.6,74.3,17.6,60
27200040110,高速大阪堺線,大阪市住之江区・堺市堺区境,砂道翁橋線,27141,1,2.5,堺市堺区柳之町東,20023,堺市堺区柳之町東,18186,38209,1.3,0.8,72,71.7,17.6,60
27200040120,高速大阪堺線,砂道翁橋線,一般国道２６号,27141,1,0.6,堺市堺区翁橋町1丁目,10447,堺市堺区翁橋町1丁目,9231,19678,1.32,0.49,58.4,76.1,17.6,60
27200050010,高速道路西大阪線,高速大阪堺線,一般国道４３号,27122,1,0.7,大阪市西成区南開2丁目,4325,大阪市西成区北津守2丁目,3364,7689,1.27,0.51,70.2,65.5,13.4,50
27200050020,高速道路西大阪線,一般国道４３号,一般国道４３号,27108,1,0.3,大阪市大正区三軒家東3丁目,12027,大阪市大正区三軒家東3丁目,10274,22301,1.32,0.37,56.1,51.6,16.6,60
27200050030,高速道路西大阪線,一般国道４３号,一般国道４３号,27108,1,1.3,大阪市大正区泉尾3丁目,10997,大阪市大正区泉尾3丁目,9388,20385,1.32,0.34,69.2,61.4,16.6,60
27200050040,高速道路西大阪線,一般国道４３号,一般国道４３号,27107,1,0.5,大阪市港区南市岡3丁目,13036,大阪市港区南市岡3丁目,11391,24427,1.3,0.39,66.2,49,16.6,60
27200050050,高速道路西大阪線,一般国道４３号,一般国道４３号,27107,1,1,大阪市港区波除5丁目,11786,大阪市港区波除5丁目,10049,21835,1.32,0.35,41.2,64.2,16.6,60
27200060010,高速大阪池田線,高速大阪池田線,大阪市中央区・大阪市北区境,27128,1,0.1,,,大阪市中央区高麗橋4丁目,34966,34966,1.29,0.81,,26.2,9.55,50
27200060020,高速大阪池田線,大阪市中央区・大阪市北区境,南北線,27127,1,0.4,,,大阪市中央区高麗橋4丁目,34966,34966,1.29,0.32,,25.7,22.3,50
27200060030,高速大阪池田線,南北線,恵美須南森町線,27127,1,0.5,,,大阪市中央区北浜4丁目,82006,82006,1.27,0.91,,44.5,16,60
27200060040,高速大阪池田線,恵美須南森町線,高速大阪守口線,27127,1,0.2,,,大阪市北区西天満1丁目,77880,77880,1.27,0.87,,58.9,16,60
27200060050,高速大阪池田線,高速大阪守口線,大阪市北区・大阪市中央区境,27127,1,0.2,,,大阪市北区西天満1丁目,42694,42694,1.26,0.66,,57,13.75,60
27200060060,高速大阪池田線,大阪市北区・大阪市中央区境,市道,27128,1,0.6,,,大阪市中央区東高麗橋,85172,85172,1.29,0.96,,48.6,16,60
27200060070,高速大阪池田線,市道,高速大阪東大阪線,27128,1,0.6,,,大阪市中央区本町橋,84594,84594,1.3,0.9,,55,16,60
27200060080,高速大阪池田線,高速大阪東大阪線,市道,27128,1,0.7,,,大阪市中央区松屋町,67367,67367,1.28,0.74,,64.5,16,60
27200060090,高速大阪池田線,市道,市道,27128,1,0.5,,,大阪市中央区島之内1丁目,71446,71446,1.28,0.79,,62.3,16,60
27200060100,高速大阪池田線,市道,高速大阪堺線,27128,1,0.4,,,大阪市中央区島之内2丁目,65556,65556,1.28,0.73,,65.7,16,60
27200060110,高速大阪池田線,高速大阪堺線,大阪市中央区・大阪市浪速区境,27128,1,0.6,,,大阪市中央区高津3丁目,38710,38710,1.28,0.87,,65,9.5,60
27200060120,高速大阪池田線,大阪市中央区・大阪市浪速区境,市道,27111,1,0.2,,,大阪市中央区高津3丁目,38710,38710,1.28,0.87,,66.5,9.5,60
27200060130,高速大阪池田線,市道,高速大阪池田線,27111,1,0.5,,,大阪市浪速区下寺3丁目,39456,39456,1.29,0.89,,62,9.5,60
27200090010,高速大阪池田線,高速大阪池田線,大阪市浪速区・大阪市天王寺区境,27111,1,0.2,大阪市天王寺区茶臼山町,36562,大阪市天王寺区茶臼山町,37348,73910,1.29,0.85,36.3,61.3,19,50
27200090020,高速大阪池田線,大阪市浪速区・大阪市天王寺区境,高速大阪松原線,27109,1,0.6,大阪市天王寺区茶臼山町,36562,大阪市天王寺区茶臼山町,37348,73910,1.29,0.85,42.1,61.4,19,50
27200060140,高速大阪池田線,高速大阪池田線,恵美須南森町線,27111,1,0.5,,,大阪市浪速区日本橋5丁目,38558,38558,1.29,0.96,,42.2,9.5,60
27200060150,高速大阪池田線,恵美須南森町線,市道,27111,1,0.4,,,大阪市浪速区日本橋西2丁目,41829,41829,1.29,1.01,,38,9.5,60
27200060160,高速大阪池田線,市道,高速大阪堺線,27111,1,1.2,,,大阪市浪速区難波中2丁目,37371,37371,1.29,0.94,,37.9,9.5,60
27200060170,高速大阪池田線,高速大阪堺線,大阪市浪速区・大阪市中央区境,27111,1,0.2,,,大阪市浪速区難波中1丁目,34881,34881,1.3,0.9,,32.6,9.5,60
27200060180,高速大阪池田線,大阪市浪速区・大阪市中央区境,市道,27128,1,0.6,,,大阪市中央区西心斎橋1丁目,71092,71092,1.29,0.91,,29.8,16,60
27200060190,高速大阪池田線,市道,高速大阪東大阪線,27128,1,0.9,,,大阪市中央区西心斎橋1丁目,76644,76644,1.29,0.94,,30.7,16,60
27200060200,高速大阪池田線,高速大阪東大阪線,市道,27128,1,0.8,,,大阪市中央区南本町4丁目,81521,81521,1.28,0.73,,20.8,19.25,60
27200060210,高速大阪池田線,市道,高速大阪池田線,27128,1,0.3,,,大阪市中央区淡路町4丁目,79577,79577,1.29,0.89,,32.7,16,60
27200060220,高速大阪池田線,高速大阪池田線,大阪市西区・大阪市北区境,27106,1,0.2,大阪市西区土佐堀1丁目,41275,大阪市西区江戸堀1丁目,44611,85886,1.27,1.33,,26.7,13.9,50
27200060230,高速大阪池田線,大阪市西区・大阪市北区境,市道,27127,1,0.3,大阪市西区土佐堀1丁目,41275,大阪市西区江戸堀1丁目,44611,85886,1.27,0.7,38.1,26,25.5,50
27200060240,高速大阪池田線,市道,市道,27127,1,0.1,大阪市北区梅田2丁目,34372,大阪市北区堂島浜2丁目,31823,66195,1.26,0.57,49.2,22.8,25.5,50
27200060250,高速大阪池田線,市道,九条梅田線,27127,1,0.4,大阪市北区梅田2丁目,34372,大阪市北区堂島浜2丁目,35211,69583,1.26,0.57,55.5,25.1,25.5,50
27200060260,高速大阪池田線,九条梅田線,大阪伊丹線,27103,1,0.7,大阪市福島区福島7丁目,36655,大阪市福島区福島7丁目,37583,74238,1.26,0.91,60.3,27.6,17.6,50
27200060270,高速大阪池田線,大阪伊丹線,大阪市福島区・大阪市西淀川区境,27103,1,1.2,大阪市福島区海老江3丁目,41031,大阪市福島区海老江3丁目,43229,84260,1.26,1.02,61,41.5,17.6,60
27200060280,高速大阪池田線,大阪市福島区・大阪市西淀川区境,福町浜町線,27113,1,0.6,大阪市福島区海老江3丁目,41031,大阪市福島区海老江3丁目,43229,84260,1.26,1.02,44.1,54.9,17.6,60
27200060290,高速大阪池田線,福町浜町線,大阪池田線,27113,1,1.9,大阪市西淀川区歌島1丁目,37230,大阪市西淀川区柏里3丁目,40267,77497,1.26,0.95,25.9,62.1,17.6,60
27200060300,高速大阪池田線,大阪池田線,大阪市西淀川区・大阪市淀川区境,27113,1,0.2,大阪市淀川区加島2丁目,31402,大阪市淀川区加島2丁目,36570,67972,1.27,0.85,19.6,57.9,16.35,60
27200060310,高速大阪池田線,大阪市西淀川区・大阪市淀川区境,高速大阪池田線,27123,1,0.9,大阪市淀川区加島2丁目,31402,大阪市淀川区加島2丁目,36570,67972,1.27,0.85,17.8,58.6,16.35,60
27200060330,高速大阪池田線,高速大阪池田線,名神高速道路,27203,1,1.9,大阪市淀川区加島2丁目,31402,大阪市淀川区加島2丁目,36570,67972,1.27,0.84,20,66.2,17.6,60
27200060340,高速大阪池田線,名神高速道路,大阪池田線,27203,1,1.2,豊中市名神口2丁目,22283,豊中市名神口2丁目,24156,46439,1.3,0.62,20.3,44.1,17.6,60
27200060350,高速大阪池田線,大阪池田線,大阪池田線,27203,1,2.2,豊中市原田元町2丁目,27705,豊中市原田元町2丁目,29800,57505,1.28,0.83,35.4,59.3,17.6,60
27200060360,高速大阪池田線,大阪池田線,市道,27203,1,1.2,豊中市箕輪2丁目,23956,豊中市箕輪2丁目,26601,50557,1.28,0.71,33.6,71.6,17.6,60
27200060370,高速大阪池田線,市道,高速大阪池田線,27203,1,0.2,豊中市蛍池西町1丁目,21572,豊中市蛍池南町3丁目,23736,45308,1.28,0.66,40.6,71,17.6,60
27200060380,高速大阪池田線,高速大阪池田線,大阪池田線,27203,1,0.8,豊中市蛍池西町1丁目,15501,豊中市蛍池西町1丁目,17863,33364,1.28,0.48,45.5,56.8,17.6,60
27200060400,高速大阪池田線,高速大阪池田線,豊中市・池田市境,27203,1,0.5,池田市神田2丁目,6392,池田市神田2丁目,5963,12355,1.27,0.24,60.6,65.3,18,50
27200060410,高速大阪池田線,豊中市・池田市境,高速大阪池田線,27204,1,1.1,池田市神田2丁目,6392,池田市神田2丁目,5963,12355,1.27,0.24,79.2,73.7,18,50
27200060430,高速大阪池田線,高速大阪池田線,一般国道１７６号,27204,1,1.5,池田市神田2丁目,6392,池田市神田2丁目,5963,12355,1.27,0.24,81.1,78.6,18,60
27200060440,高速大阪池田線,一般国道１７６号,高速大阪池田線,27204,1,0.6,川西市小花1丁目,7766,川西市小花1丁目,7817,15583,1.27,0.31,78.4,76.3,18,60
27200060460,高速大阪池田線,高速大阪池田線,一般国道１７３号,27204,1,1.1,池田市木部町,5415,池田市木部町,4835,10250,1.27,0.23,70.3,76.2,18,60
27200080010,高速大阪西宮線,高速大阪東大阪線,一般国道１７２号,27106,1,0.3,大阪市西区西本町3丁目,23168,大阪市西区西本町3丁目,29623,52791,1.45,0.64,25.6,61.7,19,40
27200080020,高速大阪西宮線,一般国道１７２号,大阪臨海線,27106,1,0.5,大阪市西区京町堀3丁目,24854,大阪市西区京町堀3丁目,32262,57116,1.43,0.7,18.8,69.9,19,40
27200080030,高速大阪西宮線,大阪臨海線,大阪市北区・大阪市福島区境,27127,1,0.1,大阪市福島区吉野1丁目,29831,大阪市福島区吉野1丁目,33916,63747,1.41,0.71,16.4,69.3,19,60
27200080040,高速大阪西宮線,大阪市北区・大阪市福島区境,高速道路淀川左岸線,27103,1,2,大阪市福島区吉野1丁目,29831,大阪市福島区吉野1丁目,33916,63747,1.41,0.71,33.5,74.9,19,60
27200080050,高速大阪西宮線,高速道路淀川左岸線,大阪市此花区・大阪市西淀川区境,27104,1,0.5,大阪市此花区高見1丁目,32356,大阪市此花区高見1丁目,36722,69078,1.4,0.52,63,73.1,25.75,60
27200080060,高速大阪西宮線,大阪市此花区・大阪市西淀川区境,市道,27113,1,0.8,大阪市此花区高見1丁目,32356,大阪市此花区高見1丁目,36722,69078,1.4,0.52,72.5,68.6,25.75,60
27200080070,高速大阪西宮線,市道,大阪池田線,27113,1,0.9,大阪市西淀川区大和田1丁目,32265,大阪市西淀川区大和田1丁目,34613,66878,1.41,0.53,76.6,80.4,25.75,60
27200080080,高速大阪西宮線,大阪池田線,一般国道４３号,27113,1,1.8,大阪市西淀川区出来島1丁目,34411,大阪市西淀川区出来島1丁目,36765,71176,1.4,0.58,78.6,79.2,25.75,60
27200080090,高速大阪西宮線,一般国道４３号,高速大阪西宮線,27113,1,0.1,尼崎市西本町6丁目,34346,尼崎市西本町6丁目,32557,66903,1.41,0.58,76.8,81.6,25.75,60
27200090030,高速大阪松原線,高速大阪池田線,今宮平野線,27122,1,0.2,大阪市天王寺区茶臼山町,32715,大阪市天王寺区茶臼山町,32620,65335,1.3,0.75,42.9,64.7,19,50
27200090040,高速大阪松原線,今宮平野線,大阪市西成区・大阪市阿倍野区境,27122,1,0.6,大阪市阿倍野区阿倍野筋4丁目,32715,大阪市阿倍野区阿倍野筋4丁目,32620,65335,1.3,0.75,44.5,68.5,19,50
27200090050,高速大阪松原線,大阪市西成区・大阪市阿倍野区境,大阪高石線,27119,1,1.5,大阪市阿倍野区阿倍野筋4丁目,32715,大阪市阿倍野区阿倍野筋4丁目,32620,65335,1.3,0.75,52.9,67.6,19,60
27200090060,高速大阪松原線,大阪高石線,大阪市阿倍野区・大阪市東住吉区境,27119,1,0.6,大阪市東住吉区田辺1丁目,36129,大阪市東住吉区田辺1丁目,36183,72312,1.29,0.83,51.3,64.9,19,60
27200090070,高速大阪松原線,大阪市阿倍野区・大阪市東住吉区境,大阪港八尾線,27121,1,1,大阪市東住吉区田辺1丁目,36129,大阪市東住吉区田辺1丁目,36183,72312,1.29,0.83,36.5,66.7,19,60
27200090080,高速大阪松原線,大阪港八尾線,大阪市東住吉区・大阪市平野区境,27121,1,1.1,大阪市平野区背戸口1丁目,29508,大阪市東住吉区中野3丁目,30105,59613,1.3,0.67,23.2,71.6,19,60
27200090090,高速大阪松原線,大阪市東住吉区・大阪市平野区境,一般国道４７９号,27126,1,1.1,大阪市平野区背戸口1丁目,29508,大阪市東住吉区中野3丁目,30105,59613,1.3,0.67,26.6,69.7,19,50
27200090100,高速大阪松原線,一般国道４７９号,一般国道３０９号,27126,1,0.8,大阪市平野区喜連1丁目,33212,大阪市平野区喜連1丁目,34276,67488,1.29,0.78,33.1,67.5,19,60
27200090110,高速大阪松原線,一般国道３０９号,,27126,1,1.8,大阪市平野区瓜破南1丁目,28768,大阪市平野区瓜破1丁目,30754,59522,1.3,0.68,38.7,70.6,19,60
27200090120,高速大阪松原線,,一般国道３０９号,27126,1,0.1,大阪府松原市三宅中,25792,大阪府松原市三宅中,25585,51377,1.29,0.63,46.7,72.8,19,50
27200090125,高速大阪松原線,一般国道３０９号,高速大和川線,27217,1,0.5,大阪府松原市三宅中,25792,大阪府松原市三宅中,25585,51377,1.29,0.42,59.1,68.9,25.5,60
27200090130,高速大阪松原線,高速大和川線,住吉八尾線,27217,1,1.2,松原市三宅東6丁目,42574,松原市三宅東6丁目,41428,84002,1.29,0.85,67.3,68.6,25.5,60
27200090140,高速大阪松原線,住吉八尾線,大阪市平野区・松原市境,27126,1,0.3,大阪市平野区長吉川辺4丁目,37102,大阪市平野区長吉川辺4丁目,37033,74135,1.29,0.74,72.9,68.9,25.5,60
27200090150,高速大阪松原線,大阪市平野区・松原市境,,27217,1,0.3,大阪市平野区長吉川辺4丁目,37102,大阪市平野区長吉川辺4丁目,37033,74135,1.29,0.74,69.5,65.5,25.5,60
27200090160,高速大阪松原線,,西名阪自動車道,27217,1,0.2,松原市大堀4丁目,18415,松原市大堀4丁目,18819,37234,1.37,0.35,77.8,77.6,25.5,60
27200100010,高速湾岸線,高速湾岸線,大阪池田線,27113,1,1,大阪市西淀川区中島2丁目,30570,大阪市西淀川区中島2丁目,30713,61283,1.35,0.66,81.5,59.6,27.25,80
27200100020,高速湾岸線,大阪池田線,大阪市西淀川区・大阪市此花区境,27113,1,0.8,大阪市此花区常吉1丁目,36570,大阪市此花区常吉1丁目,35537,72107,1.34,0.76,79.2,67.7,27.25,80
27200100030,高速湾岸線,大阪市西淀川区・大阪市此花区境,高速道路淀川左岸線,27104,1,1.6,大阪市此花区常吉1丁目,36570,大阪市此花区常吉1丁目,35537,72107,1.34,0.76,81.1,72.5,27.25,80
27200100040,高速湾岸線,高速道路淀川左岸線,大阪市此花区・大阪市港区境,27104,1,1.4,大阪市此花区桜島1丁目,44085,大阪市此花区桜島1丁目,43729,87814,1.34,0.86,80,65.4,27.25,80
27200100050,高速湾岸線,大阪市此花区・大阪市港区境,高速大阪東大阪線,27107,1,0.7,大阪市此花区桜島1丁目,44085,大阪市此花区桜島1丁目,43729,87814,1.34,1.29,68,63.6,20.25,80
27200100060,高速湾岸線,高速大阪東大阪線,大阪市港区・大阪市住之江区境,27107,1,1.5,大阪市港区港晴2丁目,31165,大阪市港区港晴2丁目,30690,61855,1.32,0.96,69.4,61.3,19.25,80
27200100070,高速湾岸線,大阪市港区・大阪市住之江区境,高速大阪東大阪線,27125,1,0.7,大阪市港区港晴2丁目,31165,大阪市港区港晴2丁目,30690,61855,1.32,0.96,55.7,70.5,19.25,80
27200100080,高速湾岸線,高速大阪東大阪線,浜口南港線,27125,1,2.2,大阪市住之江区南港東8丁目,28578,大阪市住之江区南港東8丁目,27744,56322,1.33,0.59,55.4,68.7,27.25,80
27200100090,高速湾岸線,浜口南港線,市道,27125,1,1.5,大阪市住之江区南港東2丁目,40639,大阪市住之江区南港東2丁目,41899,82538,1.32,0.81,56.8,52.7,27.25,80
27200100100,高速湾岸線,市道,大阪市住之江区・堺市堺区境,27125,1,1.6,大阪市住之江区平林南2丁目,49664,大阪市住之江区平林南2丁目,40554,90218,1.31,0.97,60.2,45.8,27.25,80
27200100110,高速湾岸線,大阪市住之江区・堺市堺区境,高速大和川線,27141,1,0.6,大阪市住之江区平林南2丁目,49664,大阪市住之江区平林南2丁目,40554,90218,1.31,0.97,58.5,42.9,27.25,80
27200100120,高速湾岸線,高速大和川線,堺港線,27141,1,2.1,堺市堺区塩浜町,40195,堺市堺区塩浜町,40771,80966,1.31,1.07,45.3,50.3,20.25,80
27200100130,高速湾岸線,堺港線,大阪臨海線,27141,1,1.5,堺市堺区大浜西町,38694,堺市堺区大浜西町,40172,78866,1.3,1.01,30.7,61.9,20.25,80
27200100140,高速湾岸線,大阪臨海線,堺市堺区・堺市西区境,27141,1,0.5,堺市西区石津西町,32935,堺市西区石津西町,34362,67297,1.31,0.92,25.1,71.4,20.25,80
27200100150,高速湾岸線,堺市堺区・堺市西区境,大阪臨海線,27144,1,1,堺市西区石津西町,32935,堺市西区石津西町,34362,67297,1.31,0.92,24.3,74.5,20.25,80
27200100160,高速湾岸線,大阪臨海線,大阪臨海線,27144,1,1.7,堺市西区浜寺石津町西5丁,34635,堺市西区浜寺石津町西5丁,35168,69803,1.31,0.94,24.8,73.6,20.25,80
27200100170,高速湾岸線,大阪臨海線,堺市西区・高石市境,27144,1,0.5,堺市西区築港浜寺町,32707,堺市西区築港浜寺町,33521,66228,1.32,0.91,22.2,74.6,20.25,80
27200100180,高速湾岸線,堺市西区・高石市境,大阪臨海線,27225,1,1.3,堺市西区築港浜寺町,32707,堺市西区築港浜寺町,33521,66228,1.32,0.91,22.2,74.9,20.25,80
27200100190,高速湾岸線,大阪臨海線,高石市・泉大津市境,27225,1,1.8,高石市高師浜丁,32635,高石市高師浜丁,34014,66649,1.32,0.95,22.7,75.3,20.25,80
27200100200,高速湾岸線,高石市・泉大津市境,大阪臨海線,27206,1,0.1,高石市高師浜丁,32635,高石市高師浜丁,34014,66649,1.32,0.95,18.2,83.2,20.25,80
27200100210,高速湾岸線,大阪臨海線,市道,27206,1,2,泉大津市臨海町1丁目,31017,泉大津市臨海町1丁目,32168,63185,1.31,0.79,25.6,77.7,20.25,80
27200100220,高速湾岸線,市道,泉大津市・忠岡町境,27206,1,1.7,泉北郡忠岡町新浜1丁目,29658,泉北郡忠岡町新浜1丁目,30006,59664,1.32,0.72,46.5,81.5,20.25,80
27200100230,高速湾岸線,泉大津市・忠岡町境,忠岡町・岸和田市境,27341,1,0.8,泉北郡忠岡町新浜1丁目,29658,泉北郡忠岡町新浜1丁目,30006,59664,1.32,0.72,70.5,79.2,20.25,80
27200100240,高速湾岸線,忠岡町・岸和田市境,市道,27202,1,0.4,泉北郡忠岡町新浜1丁目,29658,泉北郡忠岡町新浜1丁目,30006,59664,1.32,0.72,75.3,80.8,20.25,80
27200100250,高速湾岸線,市道,大阪臨海線,27202,1,3.9,岸和田市港緑町,25817,岸和田市港緑町,26817,52634,1.32,0.64,83.1,82.9,20.25,80
27200100260,高速湾岸線,大阪臨海線,岸和田市・貝塚市境,27202,1,0.3,貝塚市港,23410,貝塚市港,23574,46984,1.33,0.55,84.4,86,20.25,80
27200100270,高速湾岸線,岸和田市・貝塚市境,大阪臨海線,27208,1,1.9,貝塚市港,23410,貝塚市港,23574,46984,1.33,0.55,79.7,83.4,20.25,80
27200100280,高速湾岸線,大阪臨海線,貝塚市・泉佐野市境,27208,1,2.2,貝塚市澤,19793,貝塚市澤,20178,39971,1.33,0.48,86.5,88,20.25,80
27200100290,高速湾岸線,貝塚市・泉佐野市境,大阪臨海線,27213,1,0.5,貝塚市澤,19793,貝塚市澤,20178,39971,1.33,0.48,83.6,86.6,20.25,80
27200100300,高速湾岸線,大阪臨海線,大阪臨海線,27213,1,2.2,泉佐野市住吉町,15765,泉佐野市住吉町,16232,31997,1.34,0.39,74.7,82.7,20.25,80
27200100310,高速湾岸線,大阪臨海線,関西空港自動車道,27213,1,1.5,泉佐野市りんくう往来北,7318,泉佐野市りんくう往来北,7730,15048,1.36,0.2,75.8,82,20.25,80
27200130010,高速道路淀川左岸線,高速湾岸線,福島桜島線,27104,1,0.9,大阪市此花区北港2丁目,10753,大阪市此花区北港1丁目,10281,21034,1.36,0.38,56,65,19,50
27200130020,高速道路淀川左岸線,福島桜島線,福島桜島線,27104,1,0.4,大阪市此花区北港,11167,大阪市此花区島屋2丁目,7183,18350,1.37,0.39,70.8,53.4,19,50
27209980040,高速道路淀川左岸線,福島桜島線,,27104,1,2.3,大阪市此花区島屋5丁目,5028,大阪市此花区島屋5丁目,4351,9379,1.29,0.14,74.5,77.4,19,50
27209980030,高速道路淀川左岸線,,,27104,1,1.8,大阪市此花区春日出北１丁目,5496,大阪市此花区春日出北１丁目,4799,10295,1.29,0.19,77.6,76.6,19,50
27209980020,高速道路淀川左岸線,,大阪市此花区・大阪市福島区境,27104,1,0.2,大阪市此花区高見,3565,大阪市福島区大開,2806,6371,1.27,0.13,77.8,76.3,19,50
27209980010,高速道路淀川左岸線,大阪市此花区・大阪市福島区境,高速大阪西宮線,27103,1,0.3,大阪市此花区高見,3565,大阪市福島区大開,2806,6371,1.27,0.47,64.7,62,14,50
27209990030,高速大和川線,高速湾岸線,一般国道２６号,27141,1,1.9,堺市堺区松屋大和川通３丁,14854,堺市堺区松屋大和川通３丁,14179,29033,1.31,0.66,30.8,68,18,80
27209990040,高速大和川線,一般国道２６号,堺市堺区・堺市北区境,27141,1,2.6,堺市堺区遠里小野町１丁3,16039,堺市堺区遠里小野町１丁3,15479,31518,1.31,0.7,64.2,88.5,18,80
27209990050,高速大和川線,堺市堺区・堺市北区境,大阪高石線（新）,27146,1,1.3,堺市堺区遠里小野町１丁3,16039,堺市堺区遠里小野町１丁3,15479,31518,1.31,0.7,79.9,86.7,18,80
27209990060,高速大和川線,大阪高石線（新）,堺市北区・松原市境,27146,1,0.7,松原市天美西４丁目,16020,松原市天美西４丁目,15668,31688,1.3,0.7,84.7,87.6,18,80
27209990070,高速大和川線,堺市北区・松原市境,大阪狭山線,27217,1,1.5,松原市天美西４丁目,16020,松原市天美西４丁目,15668,31688,1.3,0.7,85.3,84.7,18,80
27209990080,高速大和川線,大阪狭山線,住吉八尾線,27217,1,0.6,松原市三宅西７丁目,14629,松原市三宅西７丁目,14068,28697,1.31,0.62,74.9,77.6,18,80
27209990010,高速大和川線,住吉八尾線,高速大阪松原線,27217,1,0.9,松原市三宅中６丁目,17266,松原市三宅中６丁目,16052,33318,1.3,0.64,71.2,65.8,19,40
27300010010,一般国道１号,一般国道１号,,27210,0,0.6,枚方市長尾峠町1丁目・枚方市高野道2丁目,16548,枚方市長尾峠町1丁目・枚方市高野道2丁目,16054,32602,1.44,0.82,35.2,26.9,25.5,50
27300010020,一般国道１号,,枚方高槻線,27210,0,1.2,枚方市堂山2丁目,21534,枚方市堂山2丁目,21152,42686,1.44,1.13,32,15.4,25.5,50
27300010030,一般国道１号,枚方高槻線,枚方交野寝屋川線（旧）,27210,0,1.3,枚方市堂山2丁目,21534,枚方市堂山2丁目,21152,42686,1.44,1.13,15.3,23.4,25,50
27300010040,一般国道１号,枚方交野寝屋川線（旧）,杉田口禁野線,27210,0,0.1,枚方市堂山2丁目,21534,枚方市堂山2丁目,21152,42686,1.44,1.13,29,15.8,25,50
27300010050,一般国道１号,杉田口禁野線,枚方交野寝屋川線,27210,0,0.2,枚方市堂山2丁目,21534,枚方市堂山2丁目,21152,42686,1.44,1.13,18.1,16.4,25,50
27300010060,一般国道１号,枚方交野寝屋川線,一般国道３０７号,27210,0,1.7,枚方市堂山2丁目,21534,枚方市堂山2丁目,21152,42686,1.44,1.13,25.8,10.9,25.5,50
27300010070,一般国道１号,一般国道３０７号,一般国道１６８号,27210,0,1.4,枚方市菊丘町1097,32096,枚方市菊丘町1097,32010,64106,1.46,1.24,19.1,13,25.5,50
27300010080,一般国道１号,一般国道１６８号,一般国道１７０号,27210,0,2.8,枚方市菊丘町1097,32096,枚方市菊丘町1097,32010,64106,1.46,1.24,13.7,29.5,25.5,50
27300010090,一般国道１号,一般国道１７０号,,27210,0,0.1,枚方市菊丘町1097,32096,枚方市菊丘町1097,32010,64106,1.46,0.61,17.7,23.5,40.5,50
27300010100,一般国道１号,,一般国道１７０号,27210,0,0.1,枚方市北中振4丁目,37234,枚方市堂山2丁目,39937,77171,1.46,0.76,17.6,28.1,50,50
27300010110,一般国道１号,一般国道１７０号,一般国道１号,27210,0,0.1,枚方市北中振4丁目,37234,枚方市堂山2丁目,39937,77171,1.46,0.76,17,35.6,50,50
27300010120,一般国道１号,一般国道１号,,27210,0,0.6,枚方市北中振4丁目,37234,枚方市堂山2丁目,39937,77171,1.46,1.54,15.4,31.3,27.5,60
27300010130,一般国道１号,,京都守口線（新）,27210,0,0.4,枚方市北中振4丁目,37234,枚方市堂山2丁目,39937,77171,1.46,1.54,46,24.8,27.5,60
27300010140,一般国道１号,京都守口線（新）,枚方市・寝屋川市境,27210,0,0.3,枚方市北中振4丁目,37234,枚方市堂山2丁目,39937,77171,1.46,1.54,44.5,21.9,27.5,60
27300010150,一般国道１号,枚方市・寝屋川市境,木屋交野線,27215,0,0.4,枚方市北中振4丁目,37234,枚方市堂山2丁目,39937,77171,1.46,1.54,41.5,23.3,27.5,60
27300010160,一般国道１号,木屋交野線,木屋門真線,27215,0,0.5,枚方市北中振4丁目,37234,枚方市堂山2丁目,39937,77171,1.46,0.86,37.8,20.7,37.5,60
27300010170,一般国道１号,木屋門真線,茨木寝屋川線,27215,0,0.1,枚方市北中振4丁目,37234,枚方市堂山2丁目,39937,77171,1.46,0.86,51.9,13,37.5,60
27300010180,一般国道１号,茨木寝屋川線,八尾茨木線,27215,0,1.3,寝屋川市仁和寺本町5丁目,28974,寝屋川市仁和寺本町5丁目,29039,58013,1.45,1.41,29.4,13.8,27.5,60
27300010190,一般国道１号,八尾茨木線,八尾茨木線（旧）,27215,0,0.4,寝屋川市仁和寺本町5丁目,28974,寝屋川市仁和寺本町5丁目,29039,58013,1.45,1.41,20.2,26.5,27.5,60
27300010200,一般国道１号,八尾茨木線（旧）,寝屋川市・守口市境,27215,0,0.6,寝屋川市仁和寺本町5丁目,28974,寝屋川市仁和寺本町5丁目,29039,58013,1.45,1.41,17.8,39.4,27.5,60
27300011010,一般国道１号,寝屋川市・守口市境,一般国道１号,27209,0,1,守口市佐太西町2丁目,26223,守口市佐太西町2丁目,28806,55029,1.45,0.94,20.5,32.2,25.5,60
27300010440,一般国道１号,一般国道１号,一般国道１号,27209,0,0.7,大阪府守口市大日町4丁目,6798,守口市大日町4丁目,10064,16862,1.45,1.24,33.7,18.9,11,40
27300010220,一般国道１号,一般国道１号,一般国道１号,27209,0,0.1,守口市大日町１丁目,13248,守口市大日町１丁目,4366,17614,1.44,1.48,13.5,45.9,10.9,50
27300010230,一般国道１号,一般国道１号,,27209,0,0.2,守口市大日町１丁目,13248,守口市大日町１丁目,4366,17614,1.44,0.35,12.4,41,61.75,50
27300010240,一般国道１号,,大阪中央環状線,27209,0,0.2,守口市大日町１丁目,13248,守口市大日町１丁目,4366,17614,1.44,0.35,18.3,20.3,61.75,50
27300010250,一般国道１号,大阪中央環状線,,27209,0,0.1,守口市京阪本通1丁目,18970,守口市京阪本通1丁目,21259,40229,1.44,1.02,9.6,13.5,21.75,60
27300010260,一般国道１号,,北大日竜田線,27209,0,1.5,守口市京阪本通1丁目,18970,守口市京阪本通1丁目,21259,40229,1.44,1.02,20.1,10.4,21.75,60
27300010270,一般国道１号,北大日竜田線,一般国道４７９号,27209,0,1.2,守口市京阪本通1丁目,18970,守口市京阪本通1丁目,21259,40229,1.44,1.18,13.5,6.6,21.75,60
27300010280,一般国道１号,一般国道４７９号,守口市・大阪市旭区境,27209,0,0.1,守口市京阪本通1丁目,18970,守口市京阪本通1丁目,21259,40229,1.44,1.18,7.2,14.7,21.75,60
27300010290,一般国道１号,守口市・大阪市旭区境,中津太子橋線,27117,0,0.3,大阪市旭区太子橋１丁目,17670,大阪市旭区太子橋１丁目,16821,34491,1.44,1.39,5.8,23.4,21.75,60
27300010300,一般国道１号,中津太子橋線,一般国道１６３号,27117,0,1.7,大阪市旭区太子橋１丁目,17670,大阪市旭区太子橋１丁目,16821,34491,1.44,1.39,21.1,23.1,21.75,60
27300010310,一般国道１号,一般国道１６３号,大阪環状線,27118,0,0.9,大阪市城東区関目5丁目,17408,大阪市城東区関目5丁目,14826,32234,1.44,1.29,17,26.6,25,60
27300010320,一般国道１号,大阪環状線,大阪生駒線,27118,0,0.8,大阪市城東区中央3丁目,16062,大阪市城東区中央3丁目,16932,32994,1.44,1.18,25.4,17.2,25,60
27300010330,一般国道１号,大阪生駒線,大阪市城東区・大阪市都島区境,27118,0,0.9,大阪市城東区蒲生2丁目,13764,大阪市城東区蒲生2丁目,14541,28305,1.44,1.21,12.7,18.1,21.5,50
27300010340,一般国道１号,大阪市城東区・大阪市都島区境,赤川天王寺線,27102,0,1,大阪市城東区蒲生2丁目,13764,大阪市城東区蒲生2丁目,14541,28305,1.44,0.89,16.1,17.3,20.5,40
27300010350,一般国道１号,赤川天王寺線,大阪市都島区・大阪市北区境,27102,0,0.3,大阪市城東区蒲生2丁目,13764,大阪市城東区蒲生2丁目,14541,28305,1.44,0.68,18.2,25.5,45,50
27300010360,一般国道１号,大阪市都島区・大阪市北区境,大阪和泉泉南線,27127,0,0.5,大阪市北区天満橋１丁目,18653,大阪市北区天満橋１丁目,17793,36446,1.44,0.75,27,6.8,40,50
27300010370,一般国道１号,大阪和泉泉南線,大阪高槻京都線,27127,0,0.7,大阪市北区曾根崎2丁目,30592,大阪市北区曾根崎2丁目,16735,47327,1.44,1.14,14.1,10.6,39.5,50
27300010380,一般国道１号,大阪高槻京都線,高速大阪守口線,27127,0,0.1,大阪市北区曾根崎2丁目,30592,大阪市北区曾根崎2丁目,16735,47327,1.44,0.81,10.3,10,40,50
27300010390,一般国道１号,高速大阪守口線,裁判所東筋線,27127,0,0.7,大阪市北区曾根崎2丁目,30592,大阪市北区曾根崎2丁目,16735,47327,1.44,0.81,8.3,12.7,40,50
27300010400,一般国道１号,裁判所東筋線,一般国道４２３号,27127,0,0.1,大阪市北区曾根崎2丁目,30592,大阪市北区曾根崎2丁目,16735,47327,1.44,0.81,7,14.5,40,50
27300010410,一般国道１号,一般国道４２３号,一般国道４２３号,27127,0,0.3,大阪市北区曾根崎2丁目,30592,大阪市北区曾根崎2丁目,16735,47327,1.44,0.8,7.9,20.7,39.5,50
27300010420,一般国道１号,一般国道４２３号,一般国道２号,27127,0,0.1,大阪市北区曾根崎2丁目,30592,大阪市北区曾根崎2丁目,16735,47327,1.44,0.8,13.7,15.3,39.5,50
27300010460,一般国道１号,一般国道１号,一般国道１７０号,27210,0,0.3,枚方市西中振3丁,17595,枚方市西中振3丁,15631,33226,1.41,0.76,8.8,37.9,40,50
27300010480,一般国道１号,一般国道１号,高速大阪守口線,27209,0,0.7,守口市佐太西町2丁目,19543,守口市佐太西町2丁目,18888,38431,1.46,0.89,28.9,39.1,16.5,60
27300010490,一般国道１号,高速大阪守口線,一般国道１号,27209,0,0.3,守口市大日町1丁目,8113,守口市大日町1丁目,6557,14670,1.53,0.35,18.9,6.3,16.5,40
27300010510,一般国道１号（第二京阪道路）,一般国道１号（第二京阪道路）,一般国道１号,27210,1,0.7,京田辺松井IC～枚方東IC,31552,京田辺松井IC～枚方東IC,31588,63140,1.32,0.69,86.6,77.8,29,80
27300010520,一般国道１号（第二京阪道路）,一般国道１号,一般国道１号,27210,1,1.7,枚方東IC～枚方学研IC,30029,枚方東IC～枚方学研IC,31337,61366,1.34,0.6,83.5,85.2,30,80
27300010530,一般国道１号（第二京阪道路）,一般国道１号,枚方市・交野市境,27210,1,0.9,枚方学研IC～交野北IC,33805,枚方学研IC～交野北IC,35331,69136,1.34,0.69,82.4,81.6,29.25,80
27300010540,一般国道１号（第二京阪道路）,枚方市・交野市境,一般国道１号,27230,1,0.7,枚方学研IC～交野北IC,33805,枚方学研IC～交野北IC,35331,69136,1.34,0.69,82.2,85.4,29.75,80
27300010550,一般国道１号（第二京阪道路）,一般国道１号,交野市・枚方市境,27230,1,3.1,交野北IC～交野南IC,32038,交野北IC～交野南IC,33366,65404,1.34,0.63,83.2,87.5,29.75,80
27300010560,一般国道１号（第二京阪道路）,交野市・枚方市境,枚方市・交野市境,27210,1,0.4,交野北IC～交野南IC,32038,交野北IC～交野南IC,33366,65404,1.34,0.63,85.6,79.1,29.25,80
27300010570,一般国道１号（第二京阪道路）,枚方市・交野市境,一般国道１号,27230,1,0.4,交野北IC～交野南IC,32038,交野北IC～交野南IC,33366,65404,1.34,0.63,82,73.9,29.25,80
27300010580,一般国道１号（第二京阪道路）,一般国道１号,枚方市・寝屋川市境,27210,1,0.8,交野南IC～寝屋川北IC,37605,交野南IC～寝屋川北IC,39019,76624,1.33,0.75,74.6,70.3,29.25,80
27300010590,一般国道１号（第二京阪道路）,枚方市・寝屋川市境,一般国道１号,27215,1,0.1,交野南IC～寝屋川北IC,37605,交野南IC～寝屋川北IC,39019,76624,1.33,0.75,75.7,68.4,34.75,80
27300010600,一般国道１号（第二京阪道路）,一般国道１号,寝屋川市・四條畷市境,27215,1,3.5,寝屋川北IC～寝屋川南IC,33532,寝屋川北IC～寝屋川南IC,34481,68013,1.33,0.67,75.3,63.6,32.5,80
27300010610,一般国道１号（第二京阪道路）,寝屋川市・四條畷市境,四條畷市・寝屋川市境,27229,1,0.1,寝屋川北IC～寝屋川南IC,33532,寝屋川北IC～寝屋川南IC,34481,68013,1.33,0.67,74.3,58.6,32.5,80
27300010615,一般国道１号（第二京阪道路）,四條畷市・寝屋川市境,一般国道１号（側道）,27215,1,0.8,寝屋川北IC～寝屋川南IC,33532,寝屋川北IC～寝屋川南IC,34481,68013,1.33,0.67,79,56.2,32.5,80
27300010620,一般国道１号（第二京阪道路）,一般国道１号（側道）,寝屋川市・門真市境,27215,1,0.4,寝屋川北IC～寝屋川南IC,33532,寝屋川北IC～寝屋川南IC,34481,68013,1.33,0.67,73.8,51,32.5,80
27300010630,一般国道１号（第二京阪道路）,寝屋川市・門真市境,一般国道１号,27223,1,0.2,寝屋川北IC～寝屋川南IC,33532,寝屋川北IC～寝屋川南IC,34481,68013,1.33,0.67,74.1,52.6,31.75,80
27300010640,一般国道１号（第二京阪道路）,一般国道１号,一般国道１号,27223,1,3.1,寝屋川南IC～第二京阪門真IC,37508,寝屋川南IC～第二京阪門真IC,38593,76101,1.32,0.76,84.2,43.5,29.75,80
27300010650,一般国道１号（第二京阪道路）,一般国道１号,近畿自動車道,27223,1,0.9,第二京阪門真IC～門真JCT,29548,第二京阪門真IC～門真JCT,30001,59549,1.33,0.81,85,85,22,80
27300010670,一般国道１号,一般国道１号（京都南道路）,一般国道１号（第二京阪道路）,27210,0,1.1,枚方市長尾台1丁目,13161,枚方市長尾台1丁目,11000,24161,1.44,1.59,50.7,23.8,60.15,50
27300010680,一般国道１号,一般国道１号（第二京阪道路）,枚方高槻線,27210,0,0.1,枚方市長尾台1丁目,13161,枚方市長尾台1丁目,11000,24161,1.44,1.59,28.2,13.4,60.15,50
27300010690,一般国道１号,枚方高槻線,一般国道３０７号,27210,0,0.2,枚方市長尾台3丁目,12222,枚方市長尾台3丁目,11705,23927,1.44,1.48,17.5,10.1,60.15,50
27300010700,一般国道１号,一般国道３０７号,一般国道１号（第二京阪道路）,27210,0,0.6,枚方市津田東町3丁目,12862,枚方市津田東町3丁目,13898,26760,1.44,1.67,10.9,31.1,51,50
27300010710,一般国道１号,一般国道１号（第二京阪道路）,交野久御山線,27210,0,1.1,枚方市津田南町2丁目,8252,枚方市津田南町2丁目,9996,18248,1.52,1.35,43.2,51,51,50
27300010720,一般国道１号,交野久御山線,枚方市・交野市境,27210,0,0.2,枚方市津田南町2丁目,9253,枚方市津田南町2丁目,9977,19230,1.51,1.13,17.2,48,51,50
27300010730,一般国道１号,枚方市・交野市境,枚方大和郡山線,27230,0,0.5,交野市私部西3丁目,10877,交野市私部西3丁目,9586,20463,1.51,1.18,46.6,58.5,52.75,50
27300010740,一般国道１号,枚方大和郡山線,一般国道１号（第二京阪道路）,27230,0,0.6,交野市私部西3丁目,10877,交野市私部西3丁目,9586,20463,1.51,1.18,37.9,40.8,52.75,50
27300010750,一般国道１号,一般国道１号（第二京阪道路）,交野久御山線,27230,0,0.8,交野市私部西3丁目,10877,交野市私部西3丁目,9586,20463,1.51,1.18,15.5,23.5,52.75,50
27300010760,一般国道１号,交野久御山線,一般国道１６８号,27230,0,1.5,交野市私部西3丁目,10877,交野市私部西3丁目,9586,20463,1.51,1.18,14.7,13.8,52.75,50
27300010770,一般国道１号,一般国道１６８号,一般国道１６８号,27230,0,0.3,枚方市茄子作5丁目,10236,枚方市茄子作5丁目,9579,19815,1.54,1.01,24,17.8,52.75,50
27300010780,一般国道１号,一般国道１６８号,枚方富田林泉佐野線,27210,0,0.1,枚方市茄子作5丁目,10236,枚方市茄子作5丁目,9579,19815,1.54,1.03,21.7,22.7,67,50
27300010790,一般国道１号,枚方富田林泉佐野線,一般国道１号（第二京阪道路）,27210,0,0.2,枚方市茄子作5丁目,10236,枚方市茄子作5丁目,9579,19815,1.54,1.03,14.5,33.4,67,50
27300010800,一般国道１号,一般国道１号（第二京阪道路）,枚方市・交野市境,27210,0,0.4,枚方市茄子作5丁目,10236,枚方市茄子作5丁目,9579,19815,1.54,1.03,36.9,31.2,67,50
27300010810,一般国道１号,枚方市・交野市境,交野市・寝屋川市境,27230,0,0.7,枚方市茄子作5丁目,10236,枚方市茄子作5丁目,9579,19815,1.54,1.03,30.8,27,50,50
27300010820,一般国道１号,交野市・寝屋川市境,私市太秦線,27215,0,0.5,寝屋川市小路北町,15249,寝屋川市小路北町,16580,31829,1.46,2.24,40.1,18.8,45.75,50
27300010830,一般国道１号,私市太秦線,一般国道１号（第二京阪道路）,27215,0,0.3,寝屋川市小路北町,15249,寝屋川市小路北町,16580,31829,1.46,2.24,18.7,20.4,45.75,50
27300010840,一般国道１号,一般国道１号（第二京阪道路）,,27215,0,1.1,寝屋川市小路北町,15249,寝屋川市小路北町,16580,31829,1.46,2.24,23.3,20.7,45.75,50
27300010850,一般国道１号,,一般国道１７０号,27215,0,1.3,寝屋川市小路北町,15249,寝屋川市小路北町,16580,31829,1.46,2.24,49.4,29.6,45.75,50
27300010860,一般国道１号,一般国道１７０号,寝屋川市・四條畷市境,27215,0,0.5,寝屋川市小路南町2丁目,17547,寝屋川市小路南町2丁目,18312,35859,1.45,0.95,25.2,30,54.5,50
27300010870,一般国道１号,寝屋川市・四條畷市境,四條畷市・寝屋川市境,27229,0,0.1,寝屋川市小路南町2丁目,17547,寝屋川市小路南町2丁目,18312,35859,1.45,0.95,30.2,53,54.5,60
27300010880,一般国道１号,四條畷市・寝屋川市境,一般国道１号（第二京阪道路）,27215,0,0.9,寝屋川市小路南町2丁目,17547,寝屋川市小路南町2丁目,18312,35859,1.45,0.95,39,29.6,70.75,60
27300010890,一般国道１号,一般国道１号（第二京阪道路）,寝屋川市・門真市境,27215,0,0.3,寝屋川市小路南町2丁目,17547,寝屋川市小路南町2丁目,18312,35859,1.45,0.95,16.3,18,70.75,60
27300010900,一般国道１号,寝屋川市・門真市境,守口門真線,27223,0,0,寝屋川市小路南町2丁目,17547,寝屋川市小路南町2丁目,18312,35859,1.45,1.05,14.1,34.2,60.5,60
27300010910,一般国道１号,守口門真線,一般国道１６３号,27223,0,0,寝屋川市小路南町2丁目,17547,寝屋川市小路南町2丁目,18312,35859,1.45,1.05,14.1,43.4,60.5,60
27300010920,一般国道１号,一般国道１６３号,一般国道１６３号,27223,0,0.9,門真市島頭1丁目,18986,門真市島頭1丁目,17783,36769,1.51,1,32.3,44.1,60.5,60
27300010930,一般国道１号,一般国道１６３号,八尾茨木線,27223,0,0.5,門真市島頭1丁目,18986,門真市島頭1丁目,17783,36769,1.51,1,50.9,11.1,60.5,60
27300010940,一般国道１号,八尾茨木線,一般国道１号（第二京阪道路）,27223,0,2.3,門真市三ツ島2丁目,31152,門真市三ツ島2丁目,28717,59869,1.51,1.82,28.9,16.7,60.5,60
27300010950,一般国道１号,一般国道１号（第二京阪道路）,大阪中央環状線,27223,0,0.4,門真市三ツ島2丁目,31152,門真市三ツ島2丁目,28717,59869,1.51,1.82,30.4,10.3,60.5,60
27300011030,一般国道１号（側道）,一般国道１号（第二京阪道路）,八尾枚方線,27215,0,0.1,寝屋川市讃良西町6丁目,510,寝屋川市讃良西町6丁目,568,1078,1.29,0.09,15.6,22.1,25.5,40
27300020010,一般国道２号,一般国道１号,南北線,27127,0,0.5,大阪市北区梅田２丁目,18138,大阪市北区梅田２丁目,19376,37514,1.44,0.56,11.1,17.6,40,50
27300020020,一般国道２号,南北線,市道,27127,0,0.4,大阪市北区梅田２丁目,18138,大阪市北区梅田２丁目,19376,37514,1.44,0.8,8.7,23.3,39.5,50
27300020030,一般国道２号,市道,大阪市北区・大阪市福島区境,27127,0,0.2,大阪市北区梅田２丁目,18138,大阪市北区梅田２丁目,19376,37514,1.44,0.8,17.2,13.7,39.5,50
27300020040,一般国道２号,大阪市北区・大阪市福島区境,大阪伊丹線,27103,0,0.3,大阪市北区梅田２丁目,18138,大阪市北区梅田２丁目,19376,37514,1.44,0.77,18.2,10.8,39.5,50
27300020050,一般国道２号,大阪伊丹線,福島桜島線,27103,0,0.6,大阪市北区梅田２丁目,18138,大阪市北区梅田２丁目,19376,37514,1.44,0.77,13.2,23.6,39.5,50
27300020060,一般国道２号,福島桜島線,大阪臨海線,27103,0,0.6,大阪市福島区鷺洲1丁目,14938,大阪市福島区鷺洲1丁目,15066,30004,1.44,0.37,19.5,18,38.75,50
27300020070,一般国道２号,大阪臨海線,豊崎鷺洲線,27103,0,0.2,大阪市福島区鷺洲1丁目,14938,大阪市福島区鷺洲1丁目,15066,30004,1.44,0.57,9.8,20.6,38.75,50
27300020080,一般国道２号,豊崎鷺洲線,九条梅田線,27103,0,0.4,大阪市福島区鷺洲1丁目,14938,大阪市福島区鷺洲1丁目,15066,30004,1.44,0.61,15.6,15.2,25.25,50
27300020090,一般国道２号,九条梅田線,大阪市福島区・大阪市西淀川区境,27103,0,0.4,大阪市福島区鷺洲1丁目,14938,大阪市福島区鷺洲1丁目,15066,30004,1.44,0.61,16,27.7,25.25,50
27300020100,一般国道２号,大阪市福島区・大阪市西淀川区境,福町浜町線,27113,0,1,大阪市福島区鷺洲1丁目,14938,大阪市福島区鷺洲1丁目,15066,30004,1.44,0.87,23.4,15.6,21,50
27300020110,一般国道２号,福町浜町線,大阪池田線,27113,0,0.7,大阪市西淀川区野里2丁目,11936,大阪市西淀川区野里2丁目,15451,27387,1.44,0.97,18.6,8.5,27.5,40
27300020120,一般国道２号,大阪池田線,一般国道２号,27113,0,1.2,大阪市西淀川区御幣島2丁目,14911,大阪市西淀川区御幣島2丁目,14477,29388,1.44,0.97,10.3,23.3,27.5,40
27300250010,一般国道２５号,一般国道２５号,一般国道１６５号,27221,0,3.9,柏原市国分東条町1丁目,6288,柏原市国分東条町1丁目,4814,11102,1.49,1.01,22.5,17.5,10,50
27300250020,一般国道２５号,一般国道１６５号,堺大和高田線,27221,0,0.1,柏原市国分本町1丁目,11628,柏原市国分本町1丁目,10448,22076,1.41,1.78,10.1,9.3,11,40
27300250030,一般国道２５号,堺大和高田線,本堂高井田線,27221,0,0.3,柏原市国分本町1丁目,11628,柏原市国分本町1丁目,10448,22076,1.41,1.78,13.3,16.1,11,40
27300250040,一般国道２５号,本堂高井田線,一般国道１７０号（旧）,27221,0,1.4,柏原市国分本町1丁目,11628,柏原市国分本町1丁目,10448,22076,1.41,1.39,11.1,15.9,13,50
27300250050,一般国道２５号,一般国道１７０号（旧）,一般国道１７０号（旧）,27221,0,1.1,柏原市古町3丁目,8448,柏原市古町3丁目,9614,18062,1.49,1.31,9.8,8.3,11,40
27300250060,一般国道２５号,一般国道１７０号（旧）,一般国道１７０号,27221,0,0.3,柏原市古町3丁目,8448,柏原市古町3丁目,9614,18062,1.49,1.31,6.6,12.3,11,40
27300250070,一般国道２５号,一般国道１７０号,柏原市・八尾市境,27221,0,0.5,柏原市古町3丁目,8448,柏原市古町3丁目,9614,18062,1.49,1.31,14.6,17.2,11,40
27300250080,一般国道２５号,柏原市・八尾市境,一般国道１７０号,27212,0,0.7,柏原市古町3丁目,8448,柏原市古町3丁目,9614,18062,1.49,1.31,20,20.1,12,40
27300250090,一般国道２５号,一般国道１７０号,八尾道明寺線,27212,0,1.4,八尾市老原１丁目,9150,八尾市老原１丁目,8386,17536,1.39,1.44,19.4,10.8,12,40
27300250100,一般国道２５号,八尾道明寺線,八尾道明寺線,27212,0,0.1,八尾市老原１丁目,9150,八尾市老原１丁目,8386,17536,1.39,1.44,10,12.4,12,40
27300250110,一般国道２５号,八尾道明寺線,大阪中央環状線（旧）,27212,0,1.6,八尾市老原１丁目,9150,八尾市老原１丁目,8386,17536,1.39,1.44,10.6,13,12,40
27300250120,一般国道２５号,大阪中央環状線（旧）,住吉八尾線,27212,0,0.5,八尾市南太子堂6丁目,8538,八尾市南太子堂6丁目,8591,17129,1.39,1.38,9.2,13.7,12,40
27300250130,一般国道２５号,住吉八尾線,大阪中央環状線,27212,0,1,八尾市南太子堂6丁目,8538,八尾市南太子堂6丁目,8591,17129,1.39,1.38,19.4,17.4,12,40
27300250140,一般国道２５号,大阪中央環状線,加美１３号線,27126,0,1.5,大阪市平野区加美南5丁目,8782,大阪市平野区加美南5丁目,7904,16686,1.49,1.11,11.8,12.2,12,40
27300250150,一般国道２５号,加美１３号線,大阪港八尾線,27126,0,0.4,大阪市平野区加美南5丁目,8782,大阪市平野区加美南5丁目,7904,16686,1.49,1.11,10.5,9.6,12,40
27300250160,一般国道２５号,大阪港八尾線,平野守口線,27126,0,1,大阪市平野区平野上町1丁目,16628,大阪市平野区平野上町1丁目,17322,33950,1.49,1.06,14.9,22.4,22,40
27300250170,一般国道２５号,平野守口線,一般国道４７９号,27126,0,0.3,大阪市平野区平野上町1丁目,16628,大阪市平野区平野上町1丁目,17322,33950,1.49,1.06,19.5,13.8,22,40
27300250180,一般国道２５号,一般国道４７９号,一般国道３０９号,27126,0,0.3,大阪市平野区平野上町1丁目,16628,大阪市平野区平野上町1丁目,17322,33950,1.49,0.97,16.6,21.5,30,50
27300250190,一般国道２５号,一般国道３０９号,大阪市平野区・大阪市東住吉区境,27126,0,0.3,大阪市東住吉区杭全2丁目,20759,大阪市東住吉区杭全2丁目,19336,40095,1.52,1.4,29.6,22.2,30,50
27300250200,一般国道２５号,大阪市平野区・大阪市東住吉区境,大阪環状線,27121,0,0.7,大阪市東住吉区杭全2丁目,20759,大阪市東住吉区杭全2丁目,19336,40095,1.52,1.73,21.9,10.7,18,50
27300250210,一般国道２５号,大阪環状線,一般国道２５号,27121,0,0.4,大阪市東住吉区杭全2丁目,20759,大阪市東住吉区杭全2丁目,19336,40095,1.52,1.73,10.7,23.3,18,50
27300250220,一般国道２５号,一般国道２５号,上新庄生野線,27121,0,0.7,大阪市天王寺区大道2丁目,10723,大阪市天王寺区大道2丁目,12184,22907,1.47,0.92,26.2,17.7,18,50
27300250230,一般国道２５号,上新庄生野線,大阪狭山線,27121,0,0,大阪市天王寺区大道2丁目,10723,大阪市天王寺区大道2丁目,12184,22907,1.47,0.92,16.8,14.4,18,50
27300250240,一般国道２５号,大阪狭山線,大阪市阿倍野区・大阪市天王寺区境,27119,0,0.7,大阪市天王寺区大道2丁目,10723,大阪市天王寺区大道2丁目,12184,22907,1.47,0.84,13.4,21.4,18,50
27300250250,一般国道２５号,大阪市阿倍野区・大阪市天王寺区境,恵美須城東線,27109,0,0.2,大阪市天王寺区大道2丁目,10723,大阪市天王寺区大道2丁目,12184,22907,1.47,0.95,16.7,9.3,27,50
27300250260,一般国道２５号,恵美須城東線,天王寺方面東西３３号線,27109,0,0.4,大阪市天王寺区大道2丁目,10723,大阪市天王寺区大道2丁目,12184,22907,1.47,0.95,9.1,9.2,27,50
27300250270,一般国道２５号,天王寺方面東西３３号線,大阪和泉泉南線,27109,0,0.5,,9235,,9890,19125,1.33,0,15.2,,22,50
27300250275,一般国道２５号,大阪和泉泉南線,天王寺方面東西３３号線,27109,0,0.2,,9235,,9890,19125,1.33,0.4,10.3,,22.2,50
27300250280,一般国道２５号,天王寺方面東西３３号線,天神橋天王寺線,27109,0,0.2,大阪市浪速区敷津東3丁目,15093,大阪市浪速区敷津東3丁目,12840,27933,1.47,0.99,13.6,19.3,22,50
27300250290,一般国道２５号,天神橋天王寺線,恵美須南森町線,27111,0,0.4,大阪市浪速区敷津東3丁目,15093,大阪市浪速区敷津東3丁目,12840,27933,1.47,0.87,16.8,16.5,40,50
27300250300,一般国道２５号,恵美須南森町線,一般国道２６号,27111,0,0.7,大阪市浪速区敷津東3丁目,15093,大阪市浪速区敷津東3丁目,12840,27933,1.47,0.87,15.7,12.1,40,50
27300250310,一般国道２５号,一般国道２６号,市道,27111,0,0.6,大阪市浪速区敷津東1丁目,18500,大阪市浪速区敷津東1丁目,20456,38956,1.47,0.72,14.6,16.4,40,50
27300250320,一般国道２５号,市道,南北線,27111,0,0.3,大阪市浪速区敷津東1丁目,18500,大阪市浪速区敷津東1丁目,20456,38956,1.47,0.72,17.3,15.3,40,50
27300250330,一般国道２５号,南北線,,27111,0,0.3,大阪市浪速区難波中１丁目,17116,,,17116,1.47,0.19,30.3,,40,50
27300250340,一般国道２５号,,難波境川線,27111,0,0.3,大阪市中央区備後町４丁目,40542,,,40542,1.43,0.45,12.1,,44,50
27300250350,一般国道２５号,難波境川線,一般国道３０８号,27128,0,0.9,大阪市中央区備後町４丁目,40542,,,40542,1.43,0.45,11,,44,50
27300250360,一般国道２５号,一般国道３０８号,築港深江線,27128,0,0.8,大阪市中央区備後町４丁目,40542,,,40542,1.43,0.45,17.1,,44,50
27300250370,一般国道２５号,築港深江線,一般国道１７２号,27128,0,0.2,大阪市中央区備後町４丁目,40542,,,40542,1.43,0.45,24.5,,44,50
27300250380,一般国道２５号,一般国道１７２号,石切大阪線,27128,0,1,大阪市中央区備後町４丁目,40542,,,40542,1.43,0.45,22.2,,44,50
27300250390,一般国道２５号,石切大阪線,一般国道４２３号,27127,0,0.4,大阪市中央区備後町４丁目,40542,,,40542,1.43,0.36,15,,36.5,50
27300250400,一般国道２５号,一般国道４２３号,一般国道１号,27127,0,0.2,大阪市中央区備後町４丁目,40542,,,40542,1.43,0.36,14.5,,36.5,50
27300250420,一般国道２５号,一般国道２５号,大阪狭山線,27121,0,0.7,大阪市阿倍野区天王寺町南２丁目,13932,大阪市阿倍野区天王寺町南２丁目,14726,28658,1.47,0.96,14.4,24.3,29.5,50
27300250430,一般国道２５号,大阪狭山線,大阪高石線,27119,0,0.9,大阪市阿倍野区天王寺町南２丁目,13932,大阪市阿倍野区天王寺町南２丁目,14726,28658,1.47,0.93,21.6,25.9,29.5,50
27300260010,一般国道２６号,一般国道２５号,一般国道４３号,27111,0,0.5,大阪市浪速区大国1丁目,23513,大阪市浪速区大国1丁目,17406,40919,1.46,0.61,14.3,16.9,40,50
27300260020,一般国道２６号,一般国道４３号,阿倍野木津川線,27122,0,0.8,大阪市西成区鶴見橋1丁目,18507,大阪市西成区鶴見橋1丁目,18105,36612,1.46,0.93,23.7,15.3,27,50
27300260030,一般国道２６号,阿倍野木津川線,木津川平野線,27122,0,1,大阪市西成区鶴見橋1丁目,18507,大阪市西成区鶴見橋1丁目,18105,36612,1.46,0.93,25.3,17.5,27,50
27300260040,一般国道２６号,木津川平野線,,27122,0,0.2,大阪市西成区鶴見橋1丁目,18507,大阪市西成区鶴見橋1丁目,18105,36612,1.46,0.93,12.7,16.9,27,50
27300260050,一般国道２６号,,大阪港八尾線,27122,0,1.1,大阪市西成区鶴見橋1丁目,18507,大阪市西成区鶴見橋1丁目,18105,36612,1.46,0.93,23.9,19.4,27,50
27300260060,一般国道２６号,大阪港八尾線,一般国道４７９号,27125,0,1.6,大阪市西成区鶴見橋1丁目,18507,大阪市西成区鶴見橋1丁目,18105,36612,1.46,1.02,22.5,20.2,27,50
27300260070,一般国道２６号,一般国道４７９号,,27125,0,0.7,大阪市西成区鶴見橋1丁目,18507,大阪市西成区鶴見橋1丁目,18105,36612,1.46,1.02,28,18.1,27,50
27300260080,一般国道２６号,,住吉八尾線,27125,0,0.2,大阪市西成区鶴見橋1丁目,18507,大阪市西成区鶴見橋1丁目,18105,36612,1.46,1.02,23.9,10.6,27,50
27300260090,一般国道２６号,住吉八尾線,高速大阪堺線,27125,0,0.3,大阪市西成区鶴見橋1丁目,18507,大阪市西成区鶴見橋1丁目,18105,36612,1.46,1.02,9.4,14.6,27,50
27300260100,一般国道２６号,高速大阪堺線,大阪市住之江区・堺市堺区境,27125,0,0.1,大阪市西成区鶴見橋1丁目,18507,大阪市西成区鶴見橋1丁目,18105,36612,1.46,1.02,7.1,13,27,50
27300260105,一般国道２６号,大阪市住之江区・堺市堺区境,高速大和川線,27141,0,0.1,堺市堺区戎島町4,16121,堺市堺区戎島町4,18168,34289,1.42,1.39,7.1,12,27,60
27300260110,一般国道２６号,高速大和川線,大堀堺線,27141,0,0.8,堺市堺区戎島町4,16121,堺市堺区戎島町4,18168,34289,1.42,1.39,5.2,22.7,27,60
27300260120,一般国道２６号,大堀堺線,大阪臨海線（旧）,27141,0,0.7,堺市堺区戎島町4,16121,堺市堺区戎島町4,18168,34289,1.42,1.39,17.8,11.3,27,60
27300260130,一般国道２６号,大阪臨海線（旧）,堺大和高田線,27141,0,0.1,堺市堺区戎島町4,16121,堺市堺区戎島町4,18168,34289,1.42,1.39,15.9,9,27,60
27300260140,一般国道２６号,堺大和高田線,堺狭山線,27141,0,0.7,堺市堺区戎島町4,16121,堺市堺区戎島町4,18168,34289,1.42,1.39,12.5,19,27,60
27300260150,一般国道２６号,堺狭山線,深井畑山宿院線,27141,0,0.8,堺市堺区宿院町東,19987,堺市堺区宿院町東,25737,45724,1.42,1.09,14.8,15.5,50,60
27300260160,一般国道２６号,深井畑山宿院線,一般国道３１０号,27141,0,0.5,堺市堺区宿院町東,19987,堺市堺区宿院町東,25737,45724,1.42,1.09,17.1,13.2,50,60
27300260870,一般国道２６号,高速大阪堺線,堺市堺区・堺市西区境,27141,0,2.5,堺市西区浜寺船尾町西2丁目,26538,堺市西区浜寺船尾町西2丁目,22800,49338,1.46,0.79,65.2,33.9,17.5,60
27300260880,一般国道２６号,堺市堺区・堺市西区境,一般国道２６号,27144,0,0.1,堺市西区浜寺船尾町西2丁目,26538,堺市西区浜寺船尾町西2丁目,22800,49338,1.46,1.28,56.9,16.4,17.5,60
27300260240,一般国道２６号,一般国道２６号,,27144,0,0.2,堺市西区浜寺船尾町東１丁,37259,堺市西区浜寺船尾町東１丁,32913,70172,1.4,2.14,31.4,14.5,30,60
27300260250,一般国道２６号,,大阪高石線（新）,27144,0,0.8,堺市西区浜寺船尾町東3,30491,堺市西区浜寺船尾町東3,32849,63340,1.4,1.48,13.3,41,30,60
27300260260,一般国道２６号,大阪高石線（新）,大阪高石線,27144,0,1.1,堺市西区浜寺船尾町東3,30491,堺市西区浜寺船尾町東3,32849,63340,1.4,1.48,15.2,28.1,30,60
27300260270,一般国道２６号,大阪高石線,鳳西上１号線,27144,0,1.4,堺市西区浜寺船尾町東3,30491,堺市西区浜寺船尾町東3,32849,63340,1.4,1.48,15.7,14.3,30,60
27300260280,一般国道２６号,鳳西上１号線,堺市西区・高石市境,27144,0,0.1,堺市西区鳳西町２丁,27110,堺市西区鳳西町２丁,26528,53638,1.4,1.1,11.3,21.7,30,60
27300260290,一般国道２６号,堺市西区・高石市境,信太高石線（新）,27225,0,0.7,泉大津市穴田,30726,泉大津市穴田,31077,61803,1.39,1.23,26.9,36.2,30,60
27300260300,一般国道２６号,信太高石線（新）,信太高石線,27225,0,0.5,泉大津市穴田,30726,泉大津市穴田,31077,61803,1.39,1.23,37.6,29.1,30,60
27300260310,一般国道２６号,信太高石線,泉大津美原線（新）,27225,0,0.5,泉大津市穴田,30726,泉大津市穴田,31077,61803,1.39,1.23,29.3,15.1,30,60
27300260320,一般国道２６号,泉大津美原線（新）,高石市・和泉市境,27225,0,0.1,泉大津市穴田,30726,泉大津市穴田,31077,61803,1.39,1.23,10.4,18.2,30,60
27300260330,一般国道２６号,高石市・和泉市境,和泉市・泉大津市境,27219,0,0.5,泉大津市穴田,30726,泉大津市穴田,31077,61803,1.39,1.23,15,36.7,30,60
27300260340,一般国道２６号,和泉市・泉大津市境,泉大津市・和泉市境,27206,0,0.1,泉大津市穴田,30726,泉大津市穴田,31077,61803,1.39,1.23,29.1,31.6,30,60
27300260350,一般国道２６号,泉大津市・和泉市境,和泉市・泉大津市境,27219,0,0.4,泉大津市穴田,30726,泉大津市穴田,31077,61803,1.39,1.06,28.5,23.2,30,60
27300260360,一般国道２６号,和泉市・泉大津市境,泉大津市・和泉市境,27206,0,0.2,泉大津市穴田,30726,泉大津市穴田,31077,61803,1.39,1.48,43.5,14.5,30,60
27300260370,一般国道２６号,泉大津市・和泉市境,富田林泉大津線（新）,27219,0,0.2,泉大津市穴田,30726,泉大津市穴田,31077,61803,1.39,1.48,27.1,12.8,30,60
27300260380,一般国道２６号,富田林泉大津線（新）,泉大津美原線,27219,0,0.5,泉大津市穴田,30726,泉大津市穴田,31077,61803,1.39,1.48,18.9,28.2,30,60
27300260390,一般国道２６号,泉大津美原線,和泉市・泉大津市境,27219,0,0.1,泉大津市穴田,30726,泉大津市穴田,31077,61803,1.39,1.48,23.3,20.8,30,60
27300260400,一般国道２６号,和泉市・泉大津市境,一般国道４８０号,27206,0,0.9,泉大津市穴田,30726,泉大津市穴田,31077,61803,1.39,1.21,18,17.8,30,60
27300260410,一般国道２６号,一般国道４８０号,泉大津市・和泉市境,27206,0,0.6,泉大津市穴田,30726,泉大津市穴田,31077,61803,1.39,1.21,34.1,32.3,30,60
27300260420,一般国道２６号,泉大津市・和泉市境,和泉市・泉大津市境,27219,0,0.1,泉大津市穴田,30726,泉大津市穴田,31077,61803,1.39,1.21,40.6,17.7,38.75,60
27300260430,一般国道２６号,和泉市・泉大津市境,泉大津市・忠岡町境,27206,0,0.6,泉大津市穴田,30726,泉大津市穴田,31077,61803,1.39,1.21,23.6,31.6,29,60
27300260440,一般国道２６号,泉大津市・忠岡町境,,27341,0,0.5,泉大津市穴田,30726,泉大津市穴田,31077,61803,1.39,0.96,26.7,45,28,60
27300260450,一般国道２６号,,田治米忠岡線,27341,0,0,泉大津市穴田,30726,泉大津市穴田,31077,61803,1.39,0.96,24.8,26.2,28,60
27300260460,一般国道２６号,田治米忠岡線,忠岡町・岸和田市境,27341,0,0.1,泉大津市穴田,30726,泉大津市穴田,31077,61803,1.39,0.96,21.2,35.8,28,60
27300260470,一般国道２６号,忠岡町・岸和田市境,岸和田牛滝山貝塚線（新）,27202,0,0.1,泉大津市穴田,30726,泉大津市穴田,31077,61803,1.39,1.37,29.9,49.7,35.5,60
27300260480,一般国道２６号,岸和田牛滝山貝塚線（新）,春木大町線（旧）,27202,0,0.4,泉大津市穴田,30726,泉大津市穴田,31077,61803,1.39,1.31,33.6,23.3,30,60
27300260490,一般国道２６号,春木大町線（旧）,春木岸和田線,27202,0,1.7,泉大津市穴田,30726,泉大津市穴田,31077,61803,1.39,1.31,24.3,20.2,30,60
27300260500,一般国道２６号,春木岸和田線,岸和田港塔原線,27202,0,0.8,泉大津市穴田,30726,泉大津市穴田,31077,61803,1.39,1.03,24.7,19.4,32,60
27300260510,一般国道２６号,岸和田港塔原線,,27202,0,0.8,泉大津市穴田,30726,泉大津市穴田,31077,61803,1.39,1.03,45.5,12.3,32,60
27300260520,一般国道２６号,,岸和田市・貝塚市境,27202,0,0.2,貝塚市小瀬1丁目,18136,貝塚市小瀬1丁目,19732,37868,1.31,0.64,35.5,15.9,25,60
27300260530,一般国道２６号,岸和田市・貝塚市境,岸和田牛滝山貝塚線,27208,0,1.3,貝塚市小瀬1丁目,18136,貝塚市小瀬1丁目,19732,37868,1.31,0.71,24.7,22.5,25,60
27300260540,一般国道２６号,岸和田牛滝山貝塚線,岸和田牛滝山貝塚線（新）,27208,0,1,貝塚市石才,23272,貝塚市石才,23526,46798,1.31,1.47,29,13.1,25,60
27300260550,一般国道２６号,岸和田牛滝山貝塚線（新）,和歌山貝塚線,27208,0,0.7,貝塚市堤264,15974,貝塚市堤264,19868,35842,1.3,1.14,16.9,32.4,25,60
27300260560,一般国道２６号,和歌山貝塚線,貝塚市・泉佐野市境,27208,0,1,貝塚市堤264,15974,貝塚市堤264,19868,35842,1.3,1.14,23.3,39.2,25,60
27300260570,一般国道２６号,貝塚市・泉佐野市境,泉佐野熊取線,27213,0,0.2,貝塚市堤264,15974,貝塚市堤264,19868,35842,1.3,0.6,41.2,26.4,25,60
27300260580,一般国道２６号,泉佐野熊取線,和歌山貝塚線,27213,0,0.6,貝塚市堤264,15974,貝塚市堤264,19868,35842,1.3,0.6,38.7,31.2,25,60
27300260590,一般国道２６号,和歌山貝塚線,,27213,0,0.3,貝塚市堤264,15974,貝塚市堤264,19868,35842,1.3,0.6,24.1,40.2,25,60
27300260595,一般国道２６号,,一般国道１７０号,27213,0,0.5,泉佐野市中庄895,17424,泉佐野市中庄895,18286,35710,1.33,1.42,49.3,38.1,25.5,60
27300260600,一般国道２６号,一般国道１７０号,泉佐野打田線,27213,0,0.3,泉佐野市上町１丁目,22379,泉佐野市上町１丁目,21194,43573,1.3,1.24,55.4,17.2,25,60
27300260610,一般国道２６号,泉佐野打田線,和歌山貝塚線,27213,0,1.1,泉佐野市上町１丁目,22379,泉佐野市上町１丁目,21194,43573,1.3,0.95,20.2,18,25,60
27300260620,一般国道２６号,和歌山貝塚線,泉佐野停車場線,27213,0,0.2,泉佐野市上町１丁目,22379,泉佐野市上町１丁目,21194,43573,1.3,0.95,17.6,28.2,25,60
27300260630,一般国道２６号,泉佐野停車場線,一般国道４８１号,27213,0,1,泉佐野市上町１丁目,22379,泉佐野市上町１丁目,21194,43573,1.3,0.95,17.5,20.8,25,60
27300260640,一般国道２６号,一般国道４８１号,日根野羽倉崎線,27213,0,1.3,泉佐野市新安松1丁目,19794,泉佐野市新安松1丁目,19798,39592,1.3,1.32,24.2,29.5,25,60
27300260650,一般国道２６号,日根野羽倉崎線,泉佐野市・田尻町境,27213,0,0.8,泉佐野市新安松1丁目,19794,泉佐野市新安松1丁目,19798,39592,1.3,1.32,29.3,27.4,25,60
27300260660,一般国道２６号,泉佐野市・田尻町境,田尻町・泉佐野市境,27362,0,0.2,泉佐野市新安松1丁目,19794,泉佐野市新安松1丁目,19798,39592,1.3,1.04,37.1,17.5,25,60
27300260670,一般国道２６号,田尻町・泉佐野市境,新家田尻線,27213,0,0.1,泉佐野市新安松1丁目,19794,泉佐野市新安松1丁目,19798,39592,1.3,1.04,36.4,15.1,25,60
27300260680,一般国道２６号,新家田尻線,泉佐野市・泉南市境,27213,0,0.7,泉佐野市新安松1丁目,19794,泉佐野市新安松1丁目,19798,39592,1.3,1.04,34.2,30.7,25,60
27300260690,一般国道２６号,泉佐野市・泉南市境,大苗代岡田浦停車場線,27228,0,0.7,泉佐野市新安松1丁目,19794,泉佐野市新安松1丁目,19798,39592,1.3,0.84,52,50.7,40,60
27300260700,一般国道２６号,大苗代岡田浦停車場線,府立高校砂川変電所前線,27228,0,2,泉南市幡代１丁目,19028,泉南市幡代１丁目,18716,37744,1.34,0.76,39.1,31.9,40,60
27300260710,一般国道２６号,府立高校砂川変電所前線,泉佐野岩出線（新）,27228,0,0.9,泉南市幡代１丁目,19028,泉南市幡代１丁目,18716,37744,1.34,0.76,34.3,30,40,60
27300260720,一般国道２６号,泉佐野岩出線（新）,一般国道２６号,27228,0,0.4,泉南市幡代１丁目,19028,泉南市幡代１丁目,18716,37744,1.34,0.76,14,29.9,40,60
27300260900,一般国道２６号,一般国道２６号,泉南市・阪南市境,27228,1,0.2,泉南市幡代1丁目・阪南市自然田1303,13024,泉南市幡代1丁目・阪南市自然田1303,13543,26567,1.34,1.16,16.1,51.4,10.25,60
27300260910,一般国道２６号,泉南市・阪南市境,一般国道２６号,27232,1,2.4,泉南市幡代1丁目・阪南市自然田1303,13024,泉南市幡代1丁目・阪南市自然田1303,13543,26567,1.34,1.16,23,59.1,10.25,60
27300260920,一般国道２６号,一般国道２６号,市道,27232,1,1.2,泉南市幡代1丁目・阪南市自然田1303,16648,泉南市幡代1丁目・阪南市自然田1303,17441,34089,1.34,1.55,53.3,59.8,10.5,60
27300260930,一般国道２６号,市道,市道,27232,1,1,泉南市幡代1丁目・阪南市自然田1303,16648,泉南市幡代1丁目・阪南市自然田1303,17441,34089,1.34,1.55,36.5,62.9,10.5,60
27300260940,一般国道２６号,市道,市道,27232,1,1.8,阪南市箱作,9468,阪南市箱作,9908,19376,1.38,1.14,47.4,61.5,10.25,60
27300260990,一般国道２６号,市道,阪南市・岬町境,27232,1,1.5,泉南郡岬町,12275,泉南郡岬町,11366,23641,1.36,1.54,60.7,64.7,10.25,60
27300261000,一般国道２６号,阪南市・岬町境,和歌山阪南線,27366,1,1.7,泉南郡岬町,12275,泉南郡岬町,11366,23641,1.36,1.54,58.9,64.6,10.25,60
27300261010,一般国道２６号,和歌山阪南線,和歌山阪南線,27366,1,1.5,第二阪和国道（孝子～平井）,8751,第二阪和国道（孝子～平井）,9180,17931,1.38,1.5,65.7,65.5,13,60
27300261015,一般国道２６号（和歌山岬道路）,和歌山阪南線,和歌山阪南線,27366,1,2.4,第二阪和国道（孝子～平井）,8751,第二阪和国道（孝子～平井）,9180,17931,1.38,1.5,66.8,68.2,13,60
27300261020,一般国道２６号（和歌山岬道路）,和歌山阪南線,市道,27366,1,2,第二阪和国道（孝子～平井）,8751,第二阪和国道（孝子～平井）,9180,17931,1.38,1.5,69.6,63.5,13,60
27300261030,一般国道２６号（和歌山岬道路）,市道,一般国道２６号（和歌山岬道路）,27366,1,0.3,第二阪和国道（孝子～平井）,8751,第二阪和国道（孝子～平井）,9180,17931,1.38,1.5,69.6,63.5,13,60
27300260170,一般国道２６号,一般国道３１０号,,27141,0,0.1,堺市堺区中之町東4丁,18237,堺市堺区中之町東4丁,23208,41445,1.42,1.16,7.5,23.1,30,60
27300260180,一般国道２６号,,深井畑山宿院線,27141,0,0.7,堺市堺区中之町東4丁,18237,堺市堺区中之町東4丁,23208,41445,1.42,1.16,21.2,32,30,60
27300260190,一般国道２６号,深井畑山宿院線,堺狭山線,27141,0,1.2,堺市堺区中之町東4丁,18237,堺市堺区中之町東4丁,23208,41445,1.42,1.16,28.7,29.3,30,60
27300260200,一般国道２６号,堺狭山線,堺市西区・堺市堺区境,27144,0,0.3,堺市堺区中之町東4丁,18237,堺市堺区中之町東4丁,23208,41445,1.42,1.39,24.9,25.3,39,60
27300260210,一般国道２６号,堺市西区・堺市堺区境,石津川停車場石津線,27141,0,0.3,堺市堺区中之町東4丁,18237,堺市堺区中之町東4丁,23208,41445,1.42,1.39,30.5,18.1,31.5,60
27300260220,一般国道２６号,石津川停車場石津線,堺市堺区・堺市西区境,27141,0,0.1,堺市堺区中之町東4丁,18237,堺市堺区中之町東4丁,23208,41445,1.42,1.46,20.7,20.8,31.5,60
27300260230,一般国道２６号,堺市堺区・堺市西区境,一般国道２６号,27144,0,0.2,堺市堺区中之町東4丁,18237,堺市堺区中之町東4丁,23208,41445,1.42,1.23,31.8,20.6,30,60
27300260730,一般国道２６号,一般国道２６号,泉南市・阪南市境,27228,0,0.2,阪南市鳥取中,7338,阪南市鳥取中,7094,14432,1.29,0.57,15.4,28.9,40,60
27300260740,一般国道２６号,泉南市・阪南市境,東鳥取南海線,27232,0,0.2,阪南市鳥取中,7338,阪南市鳥取中,7094,14432,1.29,0.69,21.5,8.3,40,60
27300260960,一般国道２６号,東鳥取南海線,自然田鳥取荘停車場線,27232,0,1.3,阪南市自然田,3444,阪南市自然田,3422,6866,1.31,0.6,20.9,29.8,41.5,40
27300260970,一般国道２６号,自然田鳥取荘停車場線,一般国道２６号,27232,0,0.6,阪南市自然田,3444,阪南市自然田,3422,6866,1.31,0.6,18.3,29.8,41.5,40
27400360100,一般国道２６号（堺泉北道路）,,泉大津美原線（新）,27225,0,0.7,取石IC～綾園IC,13197,取石IC～綾園IC,13657,26854,1.31,0.52,52.7,61.3,16.5,60
27400360110,一般国道２６号（堺泉北道路）,泉大津美原線（新）,高石市・和泉市境,27225,0,0.2,取石IC～綾園IC,13197,取石IC～綾園IC,13657,26854,1.31,0.52,35.7,62.7,16.5,60
27400360120,一般国道２６号（堺泉北道路）,高石市・和泉市境,和泉市・高石市境,27219,0,0.1,取石IC～綾園IC,13197,取石IC～綾園IC,13657,26854,1.31,0.52,43.2,62.9,16.5,60
27400360130,一般国道２６号（堺泉北道路）,和泉市・高石市境,高石市・和泉市境,27225,0,0.2,取石IC～綾園IC,13197,取石IC～綾園IC,13657,26854,1.31,0.52,48.3,65.8,16.5,60
27400360140,一般国道２６号（堺泉北道路）,高石市・和泉市境,和泉市・堺市西区境,27219,0,0.9,取石IC～綾園IC,13197,取石IC～綾園IC,13657,26854,1.31,0.52,61.5,69.5,16.5,60
27400360150,一般国道２６号（堺泉北道路）,和泉市・堺市西区境,堺市西区・和泉市境,27144,0,0.1,菱木IC～取石IC,18723,菱木IC～取石IC,19818,38541,1.32,0.62,65.1,71.7,16.5,60
27400360160,一般国道２６号（堺泉北道路）,堺市西区・和泉市境,和泉市・堺市西区境,27219,0,0.2,菱木IC～取石IC,18723,菱木IC～取石IC,19818,38541,1.32,0.62,64.8,70.5,16.5,60
27400360170,一般国道２６号（堺泉北道路）,和泉市・堺市西区境,泉大津美原線（新）,27144,0,0.8,太平寺～菱木,21881,太平寺～菱木,21075,42956,1.31,0.67,66.1,57.1,16.5,60
27400360180,一般国道２６号（堺泉北道路）,泉大津美原線（新）,泉大津美原線（新）,27144,0,1,平井～太平寺,17774,平井～太平寺,17070,34844,1.32,0.5,70.7,54.7,16.5,60
27400360190,一般国道２６号（堺泉北道路）,泉大津美原線（新）,阪和自動車道,27144,0,0.5,堺JCT～平井,11636,堺JCT～平井,11868,23504,1.29,0.36,68.8,49.6,16.5,60
27300430010,一般国道４３号,一般国道２６号,大阪伊丹線,27122,0,0.5,大阪市西成区北開2丁目,17057,大阪市西成区北開2丁目,13278,30335,1.35,0.46,12.2,38.6,40,50
27300430020,一般国道４３号,大阪伊丹線,大阪臨海線,27122,0,0.6,大阪市西成区北開2丁目,17057,大阪市西成区北開2丁目,13278,30335,1.35,0.52,46.5,16,40,50
27300430030,一般国道４３号,大阪臨海線,大阪市浪速区・大阪市西成区境,27111,0,0.1,大阪市西成区北開2丁目,17057,大阪市西成区北開2丁目,13278,30335,1.35,0.65,31.8,7.5,40,50
27300430040,一般国道４３号,大阪市浪速区・大阪市西成区境,大阪臨海線,27122,0,0.1,大阪市西成区北開2丁目,17057,大阪市西成区北開2丁目,13278,30335,1.35,0.7,21,9.7,39,50
27300430050,一般国道４３号,大阪臨海線,高速道路西大阪線,27122,0,0.1,大阪市西成区北津守2丁目,21728,大阪市西成区北津守2丁目,17602,39330,1.35,1.32,20.6,27.9,28,40
27300430060,一般国道４３号,高速道路西大阪線,高速道路西大阪線,27108,0,0.4,大阪市西成区北津守2丁目,21728,大阪市西成区北津守2丁目,17602,39330,1.35,2.72,42.1,22.4,13.5,40
27300430070,一般国道４３号,高速道路西大阪線,大阪八尾線,27108,0,0.4,大阪市西成区北津守2丁目,21728,大阪市西成区北津守2丁目,17602,39330,1.35,1.4,13.8,8.1,40,40
27300430080,一般国道４３号,大阪八尾線,浪速鶴町線,27108,0,0.3,大阪市西成区北津守2丁目,21728,大阪市西成区北津守2丁目,17602,39330,1.35,0.96,6.9,25.5,40,40
27300430090,一般国道４３号,浪速鶴町線,高速道路西大阪線,27108,0,0.8,大阪市西成区北津守2丁目,21728,大阪市西成区北津守2丁目,17602,39330,1.35,1.82,29.6,25.5,40,40
27300430100,一般国道４３号,高速道路西大阪線,一般国道１７２号,27107,0,0.3,大阪市西成区北津守2丁目,21728,大阪市西成区北津守2丁目,17602,39330,1.35,1.84,31.9,12.7,23.5,40
27300430110,一般国道４３号,一般国道１７２号,高速道路西大阪線,27107,0,0.1,大阪市港区波除,24206,大阪市港区波除,20052,44258,1.35,1.85,11.5,20.8,34,40
27300430120,一般国道４３号,高速道路西大阪線,築港深江線,27107,0,0.3,大阪市港区波除,24206,大阪市港区波除,20052,44258,1.35,1.85,15.1,18.4,34,40
27300430130,一般国道４３号,築港深江線,,27107,0,0.6,大阪市港区波除,24206,大阪市港区波除,20052,44258,1.35,1.16,9,24.5,50,40
27300430140,一般国道４３号,,高速道路西大阪線,27107,0,0.7,大阪市西淀川区佃7丁目,33517,大阪市西淀川区佃7丁目,29772,63289,1.35,1.2,18.3,39.4,33,40
27300430150,一般国道４３号,高速道路西大阪線,大阪市港区・大阪市此花区境,27107,0,0.9,大阪市西淀川区佃7丁目,33517,大阪市西淀川区佃7丁目,29772,63289,1.35,2.3,35.1,42.3,50,40
27300430160,一般国道４３号,大阪市港区・大阪市此花区境,一般国道４３号,27104,0,0.8,大阪市西淀川区佃7丁目,33517,大阪市西淀川区佃7丁目,29772,63289,1.35,1.17,51.5,32.1,16.5,40
27300430170,一般国道４３号,一般国道４３号,一般国道４３号,27104,0,0.8,大阪市西淀川区佃7丁目,33517,大阪市西淀川区佃7丁目,29772,63289,1.35,1.17,61.3,44,16.5,40
27300430180,一般国道４３号,一般国道４３号,大阪市此花区・大阪市西淀川区境,27104,0,1,大阪市西淀川区佃7丁目,33517,大阪市西淀川区佃7丁目,29772,63289,1.35,1.17,51.4,43.5,16.5,40
27300430190,一般国道４３号,大阪市此花区・大阪市西淀川区境,一般国道４３号,27113,0,0.9,大阪市西淀川区佃7丁目,33517,大阪市西淀川区佃7丁目,29772,63289,1.35,2.38,53.5,28.4,16,40
27300430200,一般国道４３号,一般国道４３号,一般国道４３号,27113,0,0.8,大阪市西淀川区佃7丁目,33517,大阪市西淀川区佃7丁目,29772,63289,1.35,0.93,19.8,16.4,50,40
27300430220,一般国道４３号,一般国道４３号,福島桜島線,27104,0,0.4,大阪市此花区春日出北1丁目,13852,大阪市此花区春日出北1丁目,11967,25819,1.35,0.92,31.7,12.1,35.5,40
27300430230,一般国道４３号,福島桜島線,一般国道４３号,27104,0,0.2,大阪市此花区春日出北1丁目,13852,大阪市此花区春日出北1丁目,11967,25819,1.35,0.92,6.7,30.5,35.5,40
27300430240,一般国道４３号,一般国道４３号,正蓮寺北岸線,27104,0,0.4,大阪市此花区春日出北1丁目,13852,大阪市此花区春日出北1丁目,11967,25819,1.35,0.92,24.6,25.3,35.5,40
27300430250,一般国道４３号,正蓮寺北岸線,大阪市此花区・大阪市西淀川区境,27104,0,0.3,大阪市此花区春日出北1丁目,13852,大阪市此花区春日出北1丁目,11967,25819,1.35,1.18,31.4,15.9,35.5,40
27300430260,一般国道４３号,大阪市此花区・大阪市西淀川区境,福町浜町線,27113,0,1.2,大阪市西淀川区大野1丁目,13545,大阪市西淀川区大野1丁目,15251,28796,1.35,1.47,31.8,26.4,18,40
27300430270,一般国道４３号,福町浜町線,一般国道４３号,27113,0,0.3,大阪市西淀川区大野1丁目,13545,大阪市西淀川区大野1丁目,15251,28796,1.35,1.47,22.4,21.7,18,40
27300430280,一般国道４３号,一般国道４３号,大和田千舟線,27113,0,0.2,大阪市西淀川区大野1丁目,13545,大阪市西淀川区大野1丁目,15251,28796,1.35,1.47,27.4,7.6,18,40
27300430290,一般国道４３号,大和田千舟線,大阪池田線,27113,0,0.1,大阪市西淀川区大野1丁目,13545,大阪市西淀川区大野1丁目,15251,28796,1.35,1.47,21.9,5.8,18,40
27300430300,一般国道４３号,大阪池田線,一般国道４３号,27113,0,0.4,大阪市西淀川区大野1丁目,13545,大阪市西淀川区大野1丁目,15251,28796,1.35,1.47,17.3,20.3,18,40
27301630010,一般国道１６３号,一般国道１号,高速道路森小路線,27117,0,0.7,大阪市旭区新森1丁目,14811,大阪市旭区新森1丁目,13342,28153,1.34,0.83,11.4,23.3,25,50
27301630020,一般国道１６３号,高速道路森小路線,一般国道４７９号,27117,0,0.5,大阪市城東区古市3丁目,17623,大阪市城東区古市3丁目,16996,34619,1.34,0.98,14.3,10.2,25,50
27301630030,一般国道１６３号,一般国道４７９号,平野守口線,27117,0,0.3,大阪市鶴見区緑1丁目,18010,大阪市鶴見区緑1丁目,17706,35716,1.34,1.01,8.5,24.3,25,50
27301630040,一般国道１６３号,平野守口線,大阪市鶴見区・守口市境,27124,0,0.5,大阪市鶴見区緑1丁目,18010,大阪市鶴見区緑1丁目,17706,35716,1.34,1.01,13.6,24.4,25,50
27301630050,一般国道１６３号,大阪市鶴見区・守口市境,深野南寺方大阪線,27209,0,1.1,守口市南寺方東通3丁目,17594,守口市南寺方東通3丁目,20483,38077,1.34,0.99,14.9,26.3,25,50
27301630060,一般国道１６３号,深野南寺方大阪線,守口市・門真市境,27209,0,0.9,守口市南寺方東通3丁目,17594,守口市南寺方東通3丁目,20483,38077,1.34,0.99,21.7,17,25,50
27301630070,一般国道１６３号,守口市・門真市境,大阪中央環状線,27223,0,0.4,門真市殿島町2,20793,門真市殿島町2,19679,40472,1.34,1.41,20.8,9.9,20,50
27301630080,一般国道１６３号,大阪中央環状線,八尾茨木線,27223,0,1.1,門真市速見町9,18712,門真市速見町9,18754,37466,1.34,1.11,22.4,12,20,50
27301630090,一般国道１６３号,八尾茨木線,八尾茨木線,27223,0,1.5,門真市南野口町,17423,門真市南野口町,17732,35155,1.34,1.07,12.1,26,18,50
27301630100,一般国道１６３号,八尾茨木線,一般国道１号,27223,0,0.5,門真市南野口町,17423,門真市南野口町,17732,35155,1.34,1.07,27.4,28.2,18,50
27301630110,一般国道１６３号,一般国道１号,一般国道１号,27223,0,0.2,門真市南野口町,17423,門真市南野口町,17732,35155,1.34,1.07,33.7,26.2,18,50
27301630120,一般国道１６３号,一般国道１号,八尾枚方線,27223,0,0.3,門真市四宮２丁目,13148,門真市四宮２丁目,15139,28287,1.34,1.07,30.6,18.9,18,50
27301630130,一般国道１６３号,八尾枚方線,門真市・寝屋川市境,27223,0,0.2,門真市四宮２丁目,13148,門真市四宮２丁目,15139,28287,1.34,1.07,10.9,26.6,18,50
27301630140,一般国道１６３号,門真市・寝屋川市境,寝屋川市・四條畷市境,27215,0,0.5,四條畷市美田町,16685,四條畷市美田町,16214,32899,1.34,1.26,10.6,25.5,18,50
27301630150,一般国道１６３号,寝屋川市・四條畷市境,一般国道１７０号,27229,0,0.5,四條畷市美田町,16685,四條畷市美田町,16214,32899,1.34,1.33,23.8,16.3,18.5,50
27301630160,一般国道１６３号,一般国道１７０号,一般国道１７０号（旧）,27229,0,0.5,四條畷市美田町,16685,四條畷市美田町,16214,32899,1.34,1.33,11.3,27.7,18.5,50
27301630170,一般国道１６３号,一般国道１７０号（旧）,一般国道１７０号（旧）,27229,0,0.6,四條畷市美田町,16685,四條畷市美田町,16214,32899,1.34,1.33,18.2,31.4,18.5,50
27301630180,一般国道１６３号,一般国道１７０号（旧）,一般国道１６３号,27229,0,0.1,四條畷市中野2丁目,16817,四條畷市中野2丁目,13885,30702,1.42,1.19,17.6,31.2,18.5,50
27301630184,一般国道１６３号,一般国道１６３号,一般国道１６３号,27229,0,3.5,四條畷市中野2丁目,16817,四條畷市中野2丁目,13885,30702,1.42,1.19,51.8,45.5,18.5,50
27301630187,一般国道１６３号,一般国道１６３号,一般国道１６３号,27229,0,0.9,四條畷市中野2丁目,16817,四條畷市中野2丁目,13885,30702,1.42,1.19,51.6,9,18.5,50
27301630190,一般国道１６３号,一般国道１６３号,,27229,0,0.2,四條畷市中野2丁目,16817,四條畷市中野2丁目,13885,30702,1.42,1.21,26,10.1,18,40
27301630200,一般国道１６３号,,一般国道１６３号,27229,0,0.6,四條畷市大字下田原,10470,四條畷市大字下田原,10335,20805,1.42,0.68,17.1,19.3,18,40
27301630220,一般国道１６３号,一般国道１６３号,枚方富田林泉佐野線（新）,27229,0,0.2,四條畷市中野897,1332,四條畷市中野897,1495,2827,1.34,0.32,24.5,21,13.25,30
27301631000,一般国道１６３号,一般国道１６３号,一般国道１６３号,27229,0,1,四條畷市大字下田原,565,四條畷市大字下田原,1740,2305,1.42,0.41,41.7,10.7,18,40
27303080320,一般国道１６３号（第二阪奈道路）,高速大阪東大阪線,一般国道３０８号,27227,1,0.1,西石切IC～壱分IC,15426,西石切IC～壱分IC,16466,31892,1.34,0.53,66.7,79.2,21.4,60
27303080330,一般国道１６３号（第二阪奈道路）,一般国道３０８号,一般国道１６３号（第二阪奈道路）,27227,1,3.7,西石切IC～壱分IC,15426,西石切IC～壱分IC,16466,31892,1.34,0.57,78.5,76.4,20.9,60
27301650010,一般国道１６５号,一般国道２５号,西名阪自動車道,27221,0,2.3,柏原市田辺2丁目,5932,柏原市田辺2丁目,6138,12070,1.46,0.89,13.7,15.2,10.05,50
27301650020,一般国道１６５号,西名阪自動車道,一般国道１６５号,27221,0,0.7,柏原市田辺2丁目,12658,柏原市田辺2丁目,11955,24613,1.39,2.4,19.7,15.3,18,50
27400320080,一般国道１６５号（南阪奈道路）,阪和自動車道,羽曳野市・堺市美原区境,27222,1,0.1,美原IC～美原東IC,16330,美原IC～美原東IC,15598,31928,1.24,0.48,35.7,44.1,20.5,80
27400320090,一般国道１６５号（南阪奈道路）,羽曳野市・堺市美原区境,堺市美原区・羽曳野市境,27147,1,0.2,美原IC～美原東IC,16330,美原IC～美原東IC,15598,31928,1.24,0.48,41.2,46.4,20.5,80
27400320100,一般国道１６５号（南阪奈道路）,堺市美原区・羽曳野市境,羽曳野市・堺市美原区境,27222,1,0.1,美原IC～美原東IC,16330,美原IC～美原東IC,15598,31928,1.24,0.48,43.9,64.7,20.5,80
27400320110,一般国道１６５号（南阪奈道路）,羽曳野市・堺市美原区境,美原太子線（新）,27147,1,0.6,美原IC～美原東IC,16330,美原IC～美原東IC,15598,31928,1.24,0.48,58.6,74.7,20.5,80
27400320120,一般国道１６５号（南阪奈道路）,美原太子線（新）,堺市美原区・羽曳野市境,27147,1,0.7,美原IC～美原東IC,16330,美原IC～美原東IC,15598,31928,1.24,0.48,85.5,81.9,20.5,80
27400320130,一般国道１６５号（南阪奈道路）,堺市美原区・羽曳野市境,美原太子線（新）,27222,1,1.6,美原東IC～羽曳野IC,14543,美原東IC～羽曳野IC,13830,28373,1.24,0.44,84.7,85.9,20.5,80
27400320140,一般国道１６５号（南阪奈道路）,美原太子線（新）,,27222,1,0.7,美原東IC～羽曳野IC,14543,美原東IC～羽曳野IC,13830,28373,1.24,0.44,81.7,71.7,20.5,80
27301650040,一般国道１６５号（南阪奈道路）,一般国道１７０号,,27222,1,0.5,羽曳野IC～羽曳野東IC,11479,羽曳野IC～羽曳野東IC,11378,22857,1.24,1.4,71.5,67,10.5,70
27301650050,一般国道１６５号（南阪奈道路）,,市道,27222,1,2,羽曳野IC～羽曳野東IC,11479,羽曳野IC～羽曳野東IC,11378,22857,1.24,1.4,71.1,63.3,10.5,70
27301650060,一般国道１６５号（南阪奈道路）,市道,羽曳野市・太子町境,27222,1,1.3,羽曳野東IC～太子IC,10244,羽曳野東IC～太子IC,10224,20468,1.24,1.32,76.4,60.5,10.5,70
27301650070,一般国道１６５号（南阪奈道路）,羽曳野市・太子町境,市道,27381,1,0.5,羽曳野東IC～太子IC,10244,羽曳野東IC～太子IC,10224,20468,1.24,1.32,68.2,63.9,10.5,70
27301650080,一般国道１６５号（南阪奈道路）,市道,一般国道１６５号（南阪奈道路）,27381,1,3,太子IC～葛城IC,10046,太子IC～葛城IC,9762,19808,1.25,1.5,76.4,76.4,21.5,70
27301660010,一般国道１６６号,一般国道１７０号（旧）,柏原駒ケ谷千早赤阪線,27222,0,1.2,羽曳野市駒ヶ谷,810,羽曳野市駒ヶ谷,496,1306,1.18,0.23,14.6,,11.25,30
27301660020,一般国道１６６号,柏原駒ケ谷千早赤阪線,柏原駒ケ谷千早赤阪線,27222,0,0.8,羽曳野市駒ヶ谷,810,羽曳野市駒ヶ谷,496,1306,1.18,0.51,22.1,26.5,11.25,30
27301660030,一般国道１６６号,柏原駒ケ谷千早赤阪線,市道,27222,0,2.2,羽曳野市駒ヶ谷,810,羽曳野市駒ヶ谷,496,1306,1.18,0.57,22.1,26.5,9.25,30
27301660040,一般国道１６６号,市道,羽曳野市・太子町境,27222,0,0.2,羽曳野市駒ヶ谷,810,羽曳野市駒ヶ谷,496,1306,1.18,0.53,16.6,23.1,7.25,30
27301660050,一般国道１６６号,羽曳野市・太子町境,香芝太子線,27381,0,0.9,,727,,490,1217,1.18,0.18,24.2,20.7,9.25,30
27301660060,一般国道１６６号,香芝太子線,六枚橋太子線,27381,0,0.6,,727,,490,1217,1.18,0.19,19.7,23.6,9.25,30
27301660070,一般国道１６６号,六枚橋太子線,美原太子線（新）,27381,0,0.4,,727,,490,1217,1.18,0.19,15.8,11.8,11,40
27301660080,一般国道１６６号,美原太子線（新）,一般国道１６６号,27381,0,2.7,南河内郡太子町山田288,2320,南河内郡太子町山田288,1971,4291,1.24,0.54,26.8,30.8,8,40
27301680010,一般国道１６８号,一般国道１６８号,私市太秦線,27230,0,4.3,交野市私市4丁目,5068,交野市私市4丁目,5067,10135,1.33,0.82,29.2,29.8,12,30
27301680020,一般国道１６８号,私市太秦線,交野久御山線,27230,0,0.4,交野市私市4丁目,5068,交野市私市4丁目,5067,10135,1.33,0.91,10.8,10.4,12,40
27301680030,一般国道１６８号,交野久御山線,一般国道１号,27230,0,1,交野市私市4丁目,5068,交野市私市4丁目,5067,10135,1.33,0.91,17.2,14.1,12,40
27301680040,一般国道１６８号,一般国道１号,枚方富田林泉佐野線,27230,0,0.3,交野市私市4丁目,5068,交野市私市4丁目,5067,10135,1.33,0.91,7.8,14.6,12,40
27301680050,一般国道１６８号,枚方富田林泉佐野線,,27230,0,0.1,交野市私市4丁目,5068,交野市私市4丁目,5067,10135,1.33,0.91,15.7,9.1,12,40
27301680060,一般国道１６８号,,枚方交野寝屋川線,27230,0,0.8,枚方市村野西町,4574,枚方市村野西町,4694,9268,1.27,0.81,16.4,19.9,10,40
27301680070,一般国道１６８号,枚方交野寝屋川線,交野市・枚方市境,27230,0,0.8,枚方市村野西町,4574,枚方市村野西町,4694,9268,1.27,0.81,24.4,34.1,10,40
27301680080,一般国道１６８号,交野市・枚方市境,枚方大和郡山線,27210,0,1.2,枚方市村野西町,4574,枚方市村野西町,4694,9268,1.27,0.83,32.6,16.5,9,40
27301680090,一般国道１６８号,枚方大和郡山線,一般国道１号,27210,0,0.5,枚方市村野西町,4574,枚方市村野西町,4694,9268,1.27,0.83,11.6,6.1,9,40
27301680110,一般国道１６８号,一般国道１号,枚方富田林泉佐野線,27230,0,0.1,枚方市茄子作東町,5182,枚方市茄子作東町,4789,9971,1.34,0.84,5.2,31.5,22.5,40
27301680120,一般国道１６８号,枚方富田林泉佐野線,木屋交野線,27230,0,0.2,枚方市茄子作東町,5182,枚方市茄子作東町,4789,9971,1.34,0.84,9.8,16.1,22.5,40
27301680130,一般国道１６８号,木屋交野線,交野市・枚方市境,27230,0,0.5,枚方市茄子作東町,5182,枚方市茄子作東町,4789,9971,1.34,0.84,11.4,17.1,22.5,40
27301680140,一般国道１６８号,交野市・枚方市境,枚方交野寝屋川線,27210,0,0.4,枚方市茄子作東町,5182,枚方市茄子作東町,4789,9971,1.34,0.83,19.9,7.8,22.5,40
27301680160,一般国道１６８号（新）,枚方交野寝屋川線,,27210,0,0.9,枚方市釈尊寺町,1572,枚方市釈尊寺町,1518,3090,1.25,0.19,12.4,27.4,23.5,30
27301700010,一般国道１７０号,一般国道１７１号,枚方高槻線,27207,0,0.4,高槻市辻子２丁目,15318,高槻市辻子２丁目,16353,31671,1.35,1.19,9.5,20.3,20,50
27301700020,一般国道１７０号,枚方高槻線,大阪高槻京都線（新）,27207,0,1.2,高槻市辻子２丁目,15318,高槻市辻子２丁目,16353,31671,1.35,1.19,23.6,18.2,20,50
27301700030,一般国道１７０号,大阪高槻京都線（新）,枚方茨木線,27207,0,1.2,高槻市辻子２丁目,15318,高槻市辻子２丁目,16353,31671,1.35,1.19,23.4,15.3,20,50
27301700040,一般国道１７０号,枚方茨木線,高槻市・枚方市境,27207,0,0.9,高槻市大塚町３丁目,15247,高槻市大塚町３丁目,18369,33616,1.36,1.61,16.4,13.7,20,50
27301700050,一般国道１７０号,高槻市・枚方市境,京都守口線,27210,0,0.1,高槻市大塚町３丁目,15247,高槻市大塚町３丁目,18369,33616,1.36,0.97,12.4,11.5,18,50
27301700060,一般国道１７０号,京都守口線,八尾枚方線,27210,0,0.1,枚方市伊加賀緑町,17905,枚方市伊加賀緑町,19022,36927,1.36,1.03,10.4,8.8,20,40
27301700070,一般国道１７０号,八尾枚方線,京都守口線（新）,27210,0,0.3,枚方市伊加賀緑町,17905,枚方市伊加賀緑町,19022,36927,1.36,1.03,9.8,15.2,20,40
27301700080,一般国道１７０号,京都守口線（新）,一般国道１号,27210,0,0.8,枚方市伊加賀緑町,17905,枚方市伊加賀緑町,19022,36927,1.36,1.03,12.1,22.7,20,40
27301700100,一般国道１７０号,一般国道１号,一般国道１号,27210,0,0,枚方市南中振2丁目,15826,枚方市南中振2丁目,19182,35008,1.36,1.12,8.3,26.6,21,50
27301700110,一般国道１７０号,一般国道１号,枚方市・寝屋川市境,27210,0,0.5,枚方市南中振2丁目,15826,枚方市南中振2丁目,19182,35008,1.36,1.12,12.8,22.6,21,50
27301700120,一般国道１７０号,枚方市・寝屋川市境,木屋交野線,27215,0,0.3,枚方市南中振2丁目,15826,枚方市南中振2丁目,19182,35008,1.36,1.12,24.8,20.3,21,50
27301700130,一般国道１７０号,木屋交野線,一般国道１７０号（旧）,27215,0,0.2,枚方市南中振2丁目,15826,枚方市南中振2丁目,19182,35008,1.36,1.12,18,17.9,21,50
27301700140,一般国道１７０号,一般国道１７０号（旧）,京都守口線,27215,0,1,枚方市南中振2丁目,15826,枚方市南中振2丁目,19182,35008,1.36,1.12,21,22.6,21,50
27301700150,一般国道１７０号,京都守口線,一般国道１７０号（旧）,27215,0,1.9,寝屋川市国松町,22287,寝屋川市国松町,22774,45061,1.37,0.7,13.3,19.7,19,50
27301700160,一般国道１７０号,一般国道１７０号（旧）,枚方交野寝屋川線,27215,0,0.3,寝屋川市国松町,22287,寝屋川市国松町,22774,45061,1.37,0.48,22.3,8.8,35,50
27301700170,一般国道１７０号,枚方交野寝屋川線,一般国道１７０号（旧）,27215,0,0.1,寝屋川市国松町,22287,寝屋川市国松町,22774,45061,1.37,0.48,9.4,16.1,35,50
27301700180,一般国道１７０号,一般国道１７０号（旧）,八尾枚方線,27215,0,0,寝屋川市高宮栄町,15802,寝屋川市高宮栄町,16000,31802,1.38,0.9,6.9,22.4,21,50
27301700190,一般国道１７０号,八尾枚方線,枚方交野寝屋川線,27215,0,0.8,寝屋川市高宮栄町,15802,寝屋川市高宮栄町,16000,31802,1.38,0.9,13.1,18.6,21,50
27301700200,一般国道１７０号,枚方交野寝屋川線,寝屋川市・四條畷市境,27215,0,1,寝屋川市高宮栄町,15802,寝屋川市高宮栄町,16000,31802,1.38,0.9,16.2,31.6,21,50
27301700210,一般国道１７０号,寝屋川市・四條畷市境,一般国道１６３号,27229,0,1.3,寝屋川市高宮栄町,15802,寝屋川市高宮栄町,16000,31802,1.38,1.3,20.2,18.1,21,50
27301700220,一般国道１７０号,一般国道１６３号,四條畷市・寝屋川市境,27229,0,0.7,大東市寺川3丁目,20867,大東市寺川3丁目,20071,40938,1.37,0.57,25.2,25.3,20.5,50
27301700230,一般国道１７０号,四條畷市・寝屋川市境,寝屋川市・大東市境,27215,0,0.4,大東市寺川3丁目,20867,大東市寺川3丁目,20071,40938,1.37,0.55,26.5,25.2,20,50
27301700240,一般国道１７０号,寝屋川市・大東市境,大東四条畷線,27218,0,0.7,大東市寺川3丁目,20867,大東市寺川3丁目,20071,40938,1.37,0.65,30.4,22.6,20,50
27301700250,一般国道１７０号,大東四条畷線,深野南寺方大阪線,27218,0,0.2,大東市寺川3丁目,20867,大東市寺川3丁目,20071,40938,1.37,0.65,22,25.9,20,50
27301700260,一般国道１７０号,深野南寺方大阪線,大阪生駒線,27218,0,1.1,大東市寺川3丁目,20867,大東市寺川3丁目,20071,40938,1.37,0.65,22.1,23.8,20,50
27301700270,一般国道１７０号,大阪生駒線,大東市・東大阪市境,27218,0,1,東大阪市布市町4丁目,17022,東大阪市布市町4丁目,22233,39255,1.36,1.31,21.2,10.3,20,50
27301700280,一般国道１７０号,大東市・東大阪市境,東大阪市・大東市境,27227,0,0.2,東大阪市布市町4丁目,17022,東大阪市布市町4丁目,22233,39255,1.36,1.26,9,12.7,20.75,50
27301700290,一般国道１７０号,東大阪市・大東市境,大東市・東大阪市境,27218,0,0.1,東大阪市布市町4丁目,17022,東大阪市布市町4丁目,22233,39255,1.36,1.24,9.4,12.4,18.25,50
27301700300,一般国道１７０号,大東市・東大阪市境,石切大阪線,27227,0,0.2,東大阪市布市町4丁目,17022,東大阪市布市町4丁目,22233,39255,1.36,1.31,9.9,12,20.75,50
27301700310,一般国道１７０号,石切大阪線,石切大阪線,27227,0,0.9,東大阪市布市町4丁目,17022,東大阪市布市町4丁目,22233,39255,1.36,1.31,12,28.6,20.75,50
27301700320,一般国道１７０号,石切大阪線,一般国道３０８号,27227,0,0.6,東大阪市布市町4丁目,17022,東大阪市布市町4丁目,22233,39255,1.36,1.31,27.4,10.4,20.75,50
27301700330,一般国道１７０号,一般国道３０８号,大阪枚岡奈良線,27227,0,0.7,東大阪市布市町4丁目,17022,東大阪市布市町4丁目,22233,39255,1.36,1.31,13.9,15.8,20.75,50
27301700340,一般国道１７０号,大阪枚岡奈良線,,27227,0,0.4,八尾市千塚1丁目,18586,八尾市千塚1丁目,17549,36135,1.35,0.64,43.4,6.4,20.75,50
27301700350,一般国道１７０号,,大阪東大阪線,27227,0,1.7,八尾市千塚1丁目,18586,八尾市千塚1丁目,17549,36135,1.35,0.61,12.6,11.3,20.5,50
27301700360,一般国道１７０号,大阪東大阪線,東大阪市・八尾市境,27227,0,1.3,八尾市千塚1丁目,18586,八尾市千塚1丁目,17549,36135,1.35,0.61,12.3,30.4,20.5,50
27301700370,一般国道１７０号,東大阪市・八尾市境,大阪港八尾線,27212,0,2.1,八尾市千塚1丁目,18586,八尾市千塚1丁目,17549,36135,1.35,0.59,29.7,25.1,20.5,50
27301700380,一般国道１７０号,大阪港八尾線,山本黒谷線,27212,0,0.8,八尾市千塚1丁目,18586,八尾市千塚1丁目,17549,36135,1.35,0.59,26.1,25.4,20.5,50
27301700390,一般国道１７０号,山本黒谷線,八尾茨木線,27212,0,1.1,八尾市千塚1丁目,18586,八尾市千塚1丁目,17549,36135,1.35,0.59,25.9,22.3,20.5,50
27301700400,一般国道１７０号,八尾茨木線,一般国道２５号,27212,0,1.7,八尾市千塚1丁目,18586,八尾市千塚1丁目,17549,36135,1.35,0.59,11.9,22.2,20.5,50
27301700410,一般国道１７０号,一般国道２５号,八尾市・柏原市境,27212,0,0.5,藤井寺市川北1丁目,19836,藤井寺市川北1丁目,15685,35521,1.37,0.61,24.9,12.5,20.5,60
27301700420,一般国道１７０号,八尾市・柏原市境,八尾道明寺線,27221,0,0.1,藤井寺市川北1丁目,19836,藤井寺市川北1丁目,15685,35521,1.37,0.58,20.7,8.8,20,60
27301700430,一般国道１７０号,八尾道明寺線,八尾道明寺線,27221,0,0.3,藤井寺市川北1丁目,19836,藤井寺市川北1丁目,15685,35521,1.37,0.58,12.9,9.6,20,60
27301700440,一般国道１７０号,八尾道明寺線,柏原市・藤井寺市境,27221,0,0.2,藤井寺市川北1丁目,19836,藤井寺市川北1丁目,15685,35521,1.37,0.58,15.2,6.8,20,60
27301700450,一般国道１７０号,柏原市・藤井寺市境,藤井寺市・八尾市境,27226,0,0.1,藤井寺市川北1丁目,19836,藤井寺市川北1丁目,15685,35521,1.37,0.46,16.2,6.3,21,60
27301700460,一般国道１７０号,藤井寺市・八尾市境,八尾市・藤井寺市境,27212,0,0.1,藤井寺市川北1丁目,19836,藤井寺市川北1丁目,15685,35521,1.37,0.58,13.8,6.8,20,60
27301700470,一般国道１７０号,八尾市・藤井寺市境,八尾道明寺線,27226,0,0.3,藤井寺市川北1丁目,19836,藤井寺市川北1丁目,15685,35521,1.37,0.5,14.6,7,15,60
27301700480,一般国道１７０号,八尾道明寺線,八尾道明寺線,27226,0,0.2,藤井寺市川北1丁目,19836,藤井寺市川北1丁目,15685,35521,1.37,0.5,19.6,9.1,17,60
27301700490,一般国道１７０号,八尾道明寺線,堺大和高田線,27226,0,1,藤井寺市川北1丁目,19836,藤井寺市川北1丁目,15685,35521,1.37,0.56,13.2,20,21,60
27301700500,一般国道１７０号,堺大和高田線,藤井寺市・羽曳野市境,27226,0,0.8,藤井寺市川北1丁目,19836,藤井寺市川北1丁目,15685,35521,1.37,0.56,11.9,22.9,21,60
27301700510,一般国道１７０号,藤井寺市・羽曳野市境,一般国道１７０号（旧）,27222,0,0.1,藤井寺市川北1丁目,19836,藤井寺市川北1丁目,15685,35521,1.37,0.49,11.7,26.8,21,60
27301700520,一般国道１７０号,一般国道１７０号（旧）,羽曳野市・藤井寺市境,27222,0,0.1,富田林市旭ヶ丘町,20399,富田林市旭ヶ丘町,20127,40526,1.33,0.64,11.1,33,22,60
27301700530,一般国道１７０号,羽曳野市・藤井寺市境,堺羽曳野線,27226,0,0.2,富田林市旭ヶ丘町,20399,富田林市旭ヶ丘町,20127,40526,1.33,0.73,10.9,50,22,60
27301700540,一般国道１７０号,堺羽曳野線,藤井寺市・羽曳野市境,27226,0,1.1,富田林市旭ヶ丘町,20399,富田林市旭ヶ丘町,20127,40526,1.33,1.3,21,25.7,22,60
27301700550,一般国道１７０号,藤井寺市・羽曳野市境,堺羽曳野線（旧）,27222,0,0.1,富田林市旭ヶ丘町,20399,富田林市旭ヶ丘町,20127,40526,1.33,0.73,26,10.7,22,60
27301700560,一般国道１７０号,堺羽曳野線（旧）,一般国道１６５号（南阪奈道路）,27222,0,2.2,富田林市旭ヶ丘町,20399,富田林市旭ヶ丘町,20127,40526,1.33,0.7,23.6,20.7,22,60
27301700570,一般国道１７０号,一般国道１６５号（南阪奈道路）,羽曳野市・富田林市境,27222,0,0.5,富田林市旭ヶ丘町,20399,富田林市旭ヶ丘町,20127,40526,1.33,0.7,21.6,23.3,22,60
27301700580,一般国道１７０号,羽曳野市・富田林市境,美原太子線,27214,0,0.7,富田林市旭ヶ丘町,20399,富田林市旭ヶ丘町,20127,40526,1.33,0.6,26.2,18.3,22,60
27301700585,一般国道１７０号,美原太子線,美原太子線（新）,27214,0,0.7,富田林市旭ヶ丘町,20399,富田林市旭ヶ丘町,20127,40526,1.33,0.61,12,20.5,22,60
27301700590,一般国道１７０号,美原太子線（新）,堺富田林線,27214,0,1.6,富田林市旭ヶ丘町,20399,富田林市旭ヶ丘町,20127,40526,1.33,0.61,17.5,13.2,22,60
27301700600,一般国道１７０号,堺富田林線,森屋狭山線,27214,0,0.8,,21700,,20197,41897,1.37,0.61,17.4,16.4,22,60
27301700610,一般国道１７０号,森屋狭山線,富田林狭山線,27214,0,0.1,,21700,,20197,41897,1.37,0.61,12.5,43.4,22,60
27301700620,一般国道１７０号,富田林狭山線,一般国道３０９号,27214,0,0.7,,21700,,20197,41897,1.37,0.61,21.4,34.2,22,60
27301700630,一般国道１７０号,一般国道３０９号,森屋狭山線,27214,0,0.8,,21700,,20197,41897,1.37,0.61,41.3,25.1,22,60
27301700640,一般国道１７０号,森屋狭山線,富田林泉大津線,27214,0,1.3,,21700,,20197,41897,1.37,0.59,22.9,33.5,22,60
27301700650,一般国道１７０号,富田林泉大津線,富田林市・河内長野市境,27214,0,0.2,,21700,,20197,41897,1.37,0.47,29.4,33.7,22,60
27301700660,一般国道１７０号,富田林市・河内長野市境,一般国道３１０号,27216,0,1.9,,21700,,20197,41897,1.37,0.64,35.5,35,22,60
27301700670,一般国道１７０号,一般国道３１０号,一般国道１７０号（旧）,27216,0,1.9,,19157,,18572,37729,1.36,1.03,26.9,27.3,24.5,60
27301700680,一般国道１７０号,一般国道１７０号（旧）,一般国道３７１号（新）,27216,0,0.5,,9981,,10064,20045,1.25,0.74,19.3,15.3,22,50
27301700685,一般国道１７０号,一般国道３７１号（新）,河内長野かつらぎ線,27216,0,0.9,,9981,,10064,20045,1.25,0.72,23.5,30.3,22,50
27301700700,一般国道１７０号（新）,河内長野市・和泉市境,一般国道１７０号,27219,0,0.2,和泉市福瀬町521,9616,和泉市福瀬町521,9955,19571,1.28,1.66,52.8,50.2,14.5,50
27301700710,一般国道１７０号（新）,一般国道１７０号,一般国道１７０号,27219,0,0.1,和泉市福瀬町521,9616,和泉市福瀬町521,9955,19571,1.28,2.07,48.4,47,14.5,50
27301700690,一般国道１７０号,河内長野かつらぎ線,河内長野市・和泉市境,27216,0,2.9,,9981,,10064,20045,1.25,0.72,60.5,57.1,22,50
27301700720,一般国道１７０号（新）,一般国道１７０号,一般国道１７０号,27219,0,1.8,,9981,,10064,20045,1.25,1.81,42.2,41,20,50
27301700730,一般国道１７０号（新）,一般国道１７０号,一般国道１７０号,27219,0,2,和泉市松尾寺町,9893,和泉市松尾寺町,9947,19840,1.33,1.61,47.2,47.2,20,50
27301700740,一般国道１７０号,一般国道１７０号,和泉市・岸和田市境,27219,0,2.2,和泉市松尾寺町,9893,和泉市松尾寺町,9947,19840,1.33,1.77,25.5,26.9,14.5,50
27301700750,一般国道１７０号（新）,和泉市・岸和田市境,一般国道１７０号,27202,0,0.3,和泉市松尾寺町,9893,和泉市松尾寺町,9947,19840,1.33,0.72,25.8,37.1,22.8,50
27301700760,一般国道１７０号（新）,一般国道１７０号,一般国道１７０号,27202,0,0.3,岸和田市北阪町,12255,岸和田市北阪町,12460,24715,1.33,0.72,36.8,37.4,22.8,50
27301700770,一般国道１７０号（新）,一般国道１７０号,岸和田牛滝山貝塚線（新）,27202,0,1.4,岸和田市北阪町,12255,岸和田市北阪町,12460,24715,1.33,0.72,42.2,39.8,22.8,50
27301700775,一般国道１７０号（新）,岸和田牛滝山貝塚線（新）,春木岸和田線,27202,0,0.9,岸和田市北阪町,12255,岸和田市北阪町,12460,24715,1.33,0.72,19.4,41.3,22.8,50
27301700780,一般国道１７０号（新）,春木岸和田線,岸和田港塔原線,27202,0,1.8,岸和田市北阪町,12255,岸和田市北阪町,12460,24715,1.33,0.72,41.4,41.2,22.8,50
27301700790,一般国道１７０号（新）,岸和田港塔原線,岸和田市・貝塚市境,27202,0,1.3,岸和田市北阪町,12255,岸和田市北阪町,12460,24715,1.33,0.72,49.4,50.9,22.8,50
27301700800,一般国道１７０号（新）,岸和田市・貝塚市境,岸和田牛滝山貝塚線（新）,27208,0,1,岸和田市北阪町,12255,岸和田市北阪町,12460,24715,1.33,0.9,37.4,47.1,22.8,50
27301700810,一般国道１７０号（新）,岸和田牛滝山貝塚線（新）,水間和泉橋本停車場線,27208,0,1.2,岸和田市北阪町,12255,岸和田市北阪町,12460,24715,1.33,0.9,23.2,38.6,22.8,50
27301700820,一般国道１７０号（新）,水間和泉橋本停車場線,貝塚市・熊取町境,27208,0,0.1,岸和田市北阪町,12255,岸和田市北阪町,12460,24715,1.33,0.9,19.2,27.6,22.8,50
27301700830,一般国道１７０号（新）,貝塚市・熊取町境,熊取町・貝塚市境,27361,0,0.2,岸和田市北阪町,12255,岸和田市北阪町,12460,24715,1.33,1.11,32.6,47.7,22.8,50
27301700840,一般国道１７０号（新）,熊取町・貝塚市境,貝塚市・熊取町境,27208,0,0.1,岸和田市北阪町,12255,岸和田市北阪町,12460,24715,1.33,1.11,55.8,52.4,22.8,50
27301700850,一般国道１７０号（新）,貝塚市・熊取町境,一般国道１７０号,27361,0,2.7,泉南郡熊取町紺屋,11499,泉南郡熊取町紺屋,10454,21953,1.33,1.28,25.2,12.1,16,50
27301700860,一般国道１７０号（新）,一般国道１７０号,泉佐野熊取線,27361,0,0.1,泉南郡熊取町紺屋,11499,泉南郡熊取町紺屋,10454,21953,1.33,1.51,11.5,14.8,16,50
27301700870,一般国道１７０号（新）,泉佐野熊取線,,27361,0,0.2,泉南郡熊取町紺屋,11499,泉南郡熊取町紺屋,10454,21953,1.33,1.51,9.9,29.5,16,50
27301700880,一般国道１７０号,,熊取町・泉佐野市境,27361,0,0.1,泉南郡熊取町大久保北3丁目,9670,泉南郡熊取町大久保北3丁目,10380,20050,1.33,1.13,11.1,35.5,16,50
27301700890,一般国道１７０号,熊取町・泉佐野市境,大阪和泉泉南線,27213,0,0.6,泉南郡熊取町大久保北3丁目,9670,泉南郡熊取町大久保北3丁目,10380,20050,1.33,1.41,22.8,15.1,16,50
27301700900,一般国道１７０号,大阪和泉泉南線,一般国道２６号,27213,0,0.5,泉南郡熊取町大久保北3丁目,9670,泉南郡熊取町大久保北3丁目,10380,20050,1.33,1.22,13.5,18.8,15.7,50
27301700920,一般国道１７０号（旧）,一般国道１７０号,八尾枚方線,27215,0,1.1,寝屋川市境橋町,8012,寝屋川市境橋町,8328,16340,1.32,1.3,15.4,16.7,14.5,40
27301700930,一般国道１７０号（旧）,八尾枚方線,一般国道１７０号,27215,0,1.2,寝屋川市境橋町,8012,寝屋川市境橋町,8328,16340,1.32,1.3,14.8,12,14.5,40
27301700950,一般国道１７０号（旧）,一般国道１７０号,,27215,0,0.1,四條畷市砂,2465,四條畷市砂,2273,4738,1.25,0.48,7.4,17,6,30
27301700960,一般国道１７０号,,枚方交野寝屋川線,27215,0,0.7,四條畷市砂,2465,四條畷市砂,2273,4738,1.25,0.48,15.7,18,6,30
27301700970,一般国道１７０号,枚方交野寝屋川線,一般国道１号,27215,0,0.8,四條畷市砂,2465,四條畷市砂,2273,4738,1.25,1.22,19.5,15.9,5,30
27301700980,一般国道１７０号（旧）,一般国道１号,寝屋川市・四條畷市境,27215,0,0.3,四條畷市砂,2465,四條畷市砂,2273,4738,1.25,1.22,15.1,26.4,5,30
27301700990,一般国道１７０号（旧）,寝屋川市・四條畷市境,一般国道１６３号,27229,0,1.1,四條畷市砂,2465,四條畷市砂,2273,4738,1.25,0.41,13.3,12.4,6,30
27301701010,一般国道１７０号（旧）,一般国道１６３号,大東四条畷線,27229,0,0.8,大東市北条5丁目,3978,大東市北条5丁目,3799,7777,1.26,1.13,10.3,14.6,6,30
27301701020,一般国道１７０号（旧）,大東四条畷線,四條畷市・大東市境,27229,0,0.1,大東市北条5丁目,3978,大東市北条5丁目,3799,7777,1.26,1.13,14.6,16.1,6,30
27301701030,一般国道１７０号（旧）,四條畷市・大東市境,野崎停車場線,27218,0,1.4,大東市北条5丁目,3978,大東市北条5丁目,3799,7777,1.26,0.95,21.9,22.1,11,30
27301701040,一般国道１７０号（旧）,野崎停車場線,大阪生駒線,27218,0,1,大東市北条5丁目,3978,大東市北条5丁目,3799,7777,1.26,0.95,20.4,13.3,11,30
27301701050,一般国道１７０号（旧）,大阪生駒線,,27218,0,0.5,東大阪市日下町6丁目,3821,東大阪市日下町6丁目,3722,7543,1.27,0.78,7.2,18.6,11,30
27301701060,一般国道１７０号（旧）,,大阪生駒線,27218,0,0.3,東大阪市日下町6丁目,3821,東大阪市日下町6丁目,3722,7543,1.27,0.78,15.5,9.9,11,30
27301701070,一般国道１７０号,大阪生駒線,大東市・東大阪市境,27218,0,0.1,東大阪市日下町6丁目,3821,東大阪市日下町6丁目,3722,7543,1.27,0.78,6.9,12.1,11,30
27301701080,一般国道１７０号（旧）,大東市・東大阪市境,石切大阪線,27227,0,1.6,東大阪市日下町6丁目,3821,東大阪市日下町6丁目,3722,7543,1.27,0.87,12.4,12.8,6.5,30
27301701090,一般国道１７０号（旧）,石切大阪線,一般国道３０８号,27227,0,0.8,東大阪市日下町6丁目,3821,東大阪市日下町6丁目,3722,7543,1.27,0.87,10.8,11.4,6.5,30
27301701100,一般国道１７０号（旧）,一般国道３０８号,一般国道３０８号,27227,0,0.8,八尾市服部川5丁目,3646,八尾市服部川5丁目,3521,7167,1.23,1.13,9.4,12.8,7,30
27301701110,一般国道１７０号（旧）,一般国道３０８号,大阪東大阪線,27227,0,2,八尾市服部川5丁目,3646,八尾市服部川5丁目,3521,7167,1.23,1.13,15.2,17.6,7,30
27301701120,一般国道１７０号（旧）,大阪東大阪線,東大阪市・八尾市境,27227,0,1.2,八尾市服部川5丁目,3646,八尾市服部川5丁目,3521,7167,1.23,1.13,16.4,14,7,30
27301701130,一般国道１７０号（旧）,東大阪市・八尾市境,大阪港八尾線,27212,0,2,八尾市服部川5丁目,3646,八尾市服部川5丁目,3521,7167,1.23,1.16,21.4,19.9,8,30
27301701140,一般国道１７０号（旧）,大阪港八尾線,東高安停車場線,27212,0,0.3,八尾市服部川5丁目,3646,八尾市服部川5丁目,3521,7167,1.23,1.16,17,19.8,8,30
27301701150,一般国道１７０号（旧）,東高安停車場線,山本黒谷線,27212,0,0.6,八尾市服部川5丁目,3646,八尾市服部川5丁目,3521,7167,1.23,1.16,23.8,24.6,8,30
27301701160,一般国道１７０号（旧）,山本黒谷線,八尾茨木線,27212,0,1.2,八尾市服部川5丁目,3646,八尾市服部川5丁目,3521,7167,1.23,5.76,18.9,20.2,4.25,30
27301701170,一般国道１７０号（旧）,八尾茨木線,八尾市・柏原市境,27212,0,0.9,八尾市服部川5丁目,3646,八尾市服部川5丁目,3521,7167,1.23,5.76,25.5,27.6,4.25,30
27301701180,一般国道１７０号（旧）,八尾市・柏原市境,上市大正線及び清州今市線,27221,0,1.2,八尾市服部川5丁目,3646,八尾市服部川5丁目,3521,7167,1.23,1.07,26.6,23,9.25,30
27301701190,一般国道１７０号（旧）,上市大正線及び清州今市線,一般国道２５号,27221,0,1.1,八尾市服部川5丁目,3646,八尾市服部川5丁目,3521,7167,1.23,1.07,17.5,11.7,9.25,30
27301701210,一般国道１７０号,,一般国道２５号,27221,0,0.2,柏原市本郷2丁目,2663,柏原市本郷2丁目,1048,3711,1.35,0.3,26.8,8.3,20,60
27301701230,一般国道１７０号（旧）,一般国道２５号,柏原市・藤井寺市境,27221,0,0.4,藤井寺市北條町4丁目,2824,藤井寺市北條町4丁目,3686,6510,1.29,0.51,5.4,4.9,10,40
27301701240,一般国道１７０号（旧）,柏原市・藤井寺市境,八尾道明寺線,27226,0,0.2,藤井寺市北條町4丁目,2824,藤井寺市北條町4丁目,3686,6510,1.29,0.51,12.5,4.2,10,40
27301701250,一般国道１７０号（旧）,八尾道明寺線,堺大和高田線,27226,0,1,藤井寺市北條町4丁目,2824,藤井寺市北條町4丁目,3686,6510,1.29,0.64,18.1,11.2,10,40
27301701260,一般国道１７０号（旧）,堺大和高田線,道明寺停車場線,27226,0,0.4,藤井寺市北條町4丁目,2824,藤井寺市北條町4丁目,3686,6510,1.29,0.64,6.3,19.5,10,40
27301701270,一般国道１７０号（旧）,道明寺停車場線,藤井寺市・羽曳野市境,27226,0,0.5,藤井寺市北條町4丁目,2824,藤井寺市北條町4丁目,3686,6510,1.29,0.64,18.3,21.6,8.5,40
27301701280,一般国道１７０号（旧）,藤井寺市・羽曳野市境,一般国道１７０号（旧）,27222,0,1.1,藤井寺市北條町4丁目,2824,藤井寺市北條町4丁目,3686,6510,1.29,0.59,24.9,20.5,10,40
27301701290,一般国道１７０号（旧）,一般国道１７０号（旧）,一般国道１６６号,27222,0,0.3,羽曳野市古市６丁目,5159,羽曳野市古市６丁目,6206,11365,1.28,1.22,14.1,12.3,11.75,40
27301701300,一般国道１７０号（旧）,一般国道１６６号,羽曳野市・富田林市境,27222,0,2.7,羽曳野市古市６丁目,5159,羽曳野市古市６丁目,6206,11365,1.28,1.33,12.8,19.9,10.5,40
27301701310,一般国道１７０号（旧）,羽曳野市・富田林市境,美原太子線,27214,0,0.7,羽曳野市古市６丁目,5159,羽曳野市古市６丁目,6206,11365,1.28,1.09,19.2,12.4,7.75,40
27301701320,一般国道１７０号（旧）,美原太子線,美原太子線（新）,27214,0,0.6,羽曳野市古市６丁目,5159,羽曳野市古市６丁目,6206,11365,1.28,1.27,17.5,18,11.75,40
27301701330,一般国道１７０号（旧）,美原太子線（新）,富田林太子線,27214,0,1.4,羽曳野市古市６丁目,5159,羽曳野市古市６丁目,6206,11365,1.28,1.18,14.3,12.5,11.75,40
27301701340,一般国道１７０号（旧）,富田林太子線,,27214,0,0.2,富田林市錦織東,4168,富田林市錦織東,4845,9013,1.27,0.87,7.5,12.7,11.75,40
27301701350,一般国道１７０号（旧）,,堺富田林線,27214,0,0.4,富田林市錦織東,4168,富田林市錦織東,4845,9013,1.27,0.78,11.9,20.7,11,40
27301701360,一般国道１７０号（旧）,堺富田林線,富田林狭山線,27214,0,0.3,富田林市錦織東,4168,富田林市錦織東,4845,9013,1.27,0.85,15.6,12.8,11,40
27301701370,一般国道１７０号（旧）,富田林狭山線,一般国道３０９号,27214,0,1.3,富田林市錦織東,4168,富田林市錦織東,4845,9013,1.27,0.77,17.8,10.8,11,40
27301701380,一般国道１７０号（旧）,一般国道３０９号,森屋狭山線,27214,0,1.3,富田林市錦織東,4168,富田林市錦織東,4845,9013,1.27,0.74,18.7,28.6,11,40
27301701390,一般国道１７０号（旧）,森屋狭山線,富田林泉大津線,27214,0,0.6,富田林市錦織東,4168,富田林市錦織東,4845,9013,1.27,0.74,21.7,30.6,11,40
27301701400,一般国道１７０号（旧）,富田林泉大津線,富田林市・河内長野市境,27214,0,0.6,富田林市錦織東,4168,富田林市錦織東,4845,9013,1.27,0.74,31.3,31.5,9,40
27301701410,一般国道１７０号（旧）,富田林市・河内長野市境,一般国道３１０号,27216,0,2.2,富田林市錦織東,4168,富田林市錦織東,4845,9013,1.27,0.77,23.7,18.3,11,40
27301701420,一般国道１７０号（旧）,一般国道３１０号,一般国道３１０号,27216,0,0.6,富田林市錦織東,4168,富田林市錦織東,4845,9013,1.27,0.82,6.9,14.3,11,40
27301701430,一般国道１７０号（旧）,一般国道３１０号,河内長野かつらぎ線,27216,0,0.2,富田林市錦織東,4168,富田林市錦織東,4845,9013,1.27,0.85,6.9,14.3,7,40
27301701440,一般国道１７０号（旧）,河内長野かつらぎ線,一般国道１７０号,27216,0,1.2,富田林市錦織東,4168,富田林市錦織東,4845,9013,1.27,0.74,19.5,25.1,9,40
27301701450,一般国道１７０号（旧）,一般国道１７０号,一般国道３７１号（新）,27216,0,0.5,河内長野市小山田町,1432,河内長野市小山田町,1712,3144,1.25,0.33,10,14.4,9.25,30
27301701460,一般国道１７０号（旧）,一般国道３７１号（新）,大野天野線,27216,0,3,河内長野市小山田町,1432,河内長野市小山田町,1712,3144,1.25,0.38,29.6,32.3,9.25,30
27301701470,一般国道１７０号（旧）,大野天野線,河内長野市・和泉市境,27216,0,0.9,河内長野市小山田町,1432,河内長野市小山田町,1712,3144,1.25,0.45,32.1,34.4,9.25,30
27301701480,一般国道１７０号,河内長野市・和泉市境,一般国道１７０号（新）,27219,0,0.1,河内長野市小山田町,1432,河内長野市小山田町,1712,3144,1.25,0.45,34.6,35.2,14.5,30
27301701490,一般国道１７０号,一般国道１７０号（新）,堺かつらぎ線,27219,0,1.1,河内長野市小山田町,1432,河内長野市小山田町,1712,3144,1.25,0.47,31.2,34.6,6.5,30
27301701500,一般国道１７０号,堺かつらぎ線,一般国道１７０号（新）,27219,0,0.7,河内長野市小山田町,1432,河内長野市小山田町,1712,3144,1.25,0.51,24.3,25.9,6.5,30
27301701510,一般国道１７０号,一般国道１７０号（新）,堺かつらぎ線,27219,0,1.3,河内長野市小山田町,1432,河内長野市小山田町,1712,3144,1.25,0.47,27.8,30.6,16,30
27301701520,一般国道１７０号,堺かつらぎ線,一般国道４８０号,27219,0,1.2,河内長野市小山田町,1432,河内長野市小山田町,1712,3144,1.25,0.49,20.9,23.6,16.5,30
27301701530,一般国道１７０号,一般国道４８０号,一般国道１７０号（新）,27219,0,0.2,和泉市仏並町,553,和泉市仏並町,598,1151,1.25,0.14,14.5,6.8,7,50
27301701535,一般国道１７０号,一般国道１７０号（新）,槇尾山仏並線,27219,0,0.2,和泉市仏並町,553,和泉市仏並町,598,1151,1.25,0.14,10.6,25.9,7,50
27301701540,一般国道１７０号,槇尾山仏並線,槇尾山仏並線,27219,0,0.5,和泉市仏並町,553,和泉市仏並町,598,1151,1.25,0.14,27.5,30.6,7,50
27301701550,一般国道１７０号,槇尾山仏並線,一般国道１７０号,27219,0,1.7,和泉市仏並町,553,和泉市仏並町,598,1151,1.25,0.14,34.1,29.1,7,50
27301701560,一般国道１７０号,一般国道１７０号,父鬼和気線,27219,0,1.9,岸和田市神於町,1306,岸和田市神於町,1319,2625,1.26,0.31,26.5,26.9,8,50
27301701570,一般国道１７０号,父鬼和気線,和泉市・岸和田市境,27219,0,0.4,岸和田市神於町,1306,岸和田市神於町,1319,2625,1.26,0.36,24.3,34.3,8,50
27301701580,一般国道１７０号,和泉市・岸和田市境,一般国道１７０号（新）,27202,0,0.5,岸和田市神於町,1306,岸和田市神於町,1319,2625,1.26,0.34,31.7,15.7,7,50
27301701600,一般国道１７０号,一般国道１７０号（新）,岸和田牛滝山貝塚線,27202,0,0.7,岸和田市神於町,1306,岸和田市神於町,1319,2625,1.26,0.28,26.5,32.2,11,50
27301701610,一般国道１７０号,岸和田牛滝山貝塚線,岸和田港塔原線,27202,0,2.6,岸和田市神於町,1306,岸和田市神於町,1319,2625,1.26,0.28,34,37.1,11,50
27301701620,一般国道１７０号,岸和田港塔原線,岸和田市・貝塚市境,27202,0,0.8,岸和田市神於町,1306,岸和田市神於町,1319,2625,1.26,0.28,38.7,42.3,11,50
27301701630,一般国道１７０号,岸和田市・貝塚市境,岸和田牛滝山貝塚線（新）,27208,0,1.5,岸和田市神於町,1306,岸和田市神於町,1319,2625,1.26,0.35,38.9,34.5,8.5,50
27301701640,一般国道１７０号,岸和田牛滝山貝塚線（新）,,27208,0,0.3,泉南郡熊取町大久保東1丁目,5421,泉南郡熊取町大久保東1丁目,5232,10653,1.26,1.11,15.4,18.9,8.5,50
27301701650,一般国道１７０号,,水間和泉橋本停車場線,27208,0,0.8,泉南郡熊取町大久保東1丁目,5421,泉南郡熊取町大久保東1丁目,5232,10653,1.26,0.89,23.2,28.3,8.5,50
27301701660,一般国道１７０号,水間和泉橋本停車場線,貝塚市・熊取町境,27208,0,0.2,泉南郡熊取町大久保東1丁目,5421,泉南郡熊取町大久保東1丁目,5232,10653,1.26,1.11,20.4,32.8,8.5,50
27301701670,一般国道１７０号,貝塚市・熊取町境,泉佐野打田線,27361,0,3.4,泉南郡熊取町大久保東1丁目,5421,泉南郡熊取町大久保東1丁目,5232,10653,1.26,1,21.1,18.2,9.5,50
27301701680,一般国道１７０号,泉佐野打田線,熊取駅前線,27361,0,0.3,泉南郡熊取町大久保東1丁目,5848,泉南郡熊取町大久保東1丁目,5925,11773,1.29,1.13,14.5,12.2,9.5,50
27301701690,一般国道１７０号,熊取駅前線,一般国道１７０号（新）,27361,0,0.2,泉南郡熊取町大久保東1丁目,5848,泉南郡熊取町大久保東1丁目,5925,11773,1.29,1.13,16,4.3,9.5,50
27301701710,一般国道１７０号（旧）,一般国道１７０号,羽曳野市・藤井寺市境,27222,0,0.2,羽曳野市誉田４丁目,5247,羽曳野市誉田４丁目,6447,11694,1.29,0.98,10,32.3,11.75,40
27301701720,一般国道１７０号（旧）,羽曳野市・藤井寺市境,堺羽曳野線,27226,0,0.3,羽曳野市誉田４丁目,5247,羽曳野市誉田４丁目,6447,11694,1.29,0.79,26.8,24.7,11.75,40
27301701730,一般国道１７０号（旧）,堺羽曳野線,藤井寺市・羽曳野市境,27226,0,0.1,羽曳野市誉田４丁目,5247,羽曳野市誉田４丁目,6447,11694,1.29,0.98,11.7,26.1,11.75,40
27301701740,一般国道１７０号（旧）,藤井寺市・羽曳野市境,一般国道１７０号（旧）,27222,0,0.7,羽曳野市誉田４丁目,5247,羽曳野市誉田４丁目,6447,11694,1.29,1.04,31.8,17.3,11.75,40
27301701760,一般国道１７０号,一般国道１７０号（新）,一般国道１７０号,27219,0,0.2,和泉市大野町,7364,和泉市大野町,6541,13905,1.31,1.21,10.8,18.6,8.5,50
27301701780,一般国道１７０号,,,27221,0,0.2,,,,,,,,,,20,40
27301710010,一般国道１７１号,一般国道１７１号,,27301,0,1.7,三島郡島本町,15996,三島郡島本町,17291,33287,1.47,1.33,34.9,29.1,18,50
27301710020,一般国道１７１号,,島本町・高槻市境,27301,0,0.7,三島郡島本町,15996,三島郡島本町,17291,33287,1.47,1.33,26.5,29,18,50
27301710025,一般国道１７１号,島本町・高槻市境,大阪高槻京都線（新）,27207,0,1.6,高槻市五領町,17875,高槻市五領町,17573,35448,1.43,1,26.6,13.8,18,50
27301710029,一般国道１７１号,大阪高槻京都線（新）,伏見柳谷高槻線,27207,0,0.4,高槻市五領町,17875,高槻市五領町,17573,35448,1.43,1,20.6,12.5,18,50
27301710030,一般国道１７１号,伏見柳谷高槻線,安満前島線,27207,0,0.7,高槻市五領町,17875,高槻市五領町,17573,35448,1.43,1,21.7,31.4,18,50
27301710040,一般国道１７１号,安満前島線,一般国道１７０号,27207,0,1.7,高槻市五領町,17875,高槻市五領町,17573,35448,1.43,1,29.6,22.6,18,50
27301710050,一般国道１７１号,一般国道１７０号,高槻市停車場線,27207,0,0.1,茨木市南清水町,16946,茨木市南清水町,16013,32959,1.42,1.05,14,14.8,18,50
27301710060,一般国道１７１号,高槻市停車場線,大阪高槻線,27207,0,0.8,茨木市南清水町,16946,茨木市南清水町,16013,32959,1.42,1.05,21.2,10.3,18,50
27301710070,一般国道１７１号,大阪高槻線,枚方亀岡線,27207,0,2,茨木市南清水町,16946,茨木市南清水町,16013,32959,1.42,1.05,17.7,23,18,50
27301710080,一般国道１７１号,枚方亀岡線,萩谷西五百住線,27207,0,1.2,茨木市南清水町,16946,茨木市南清水町,16013,32959,1.42,1.38,27.6,26.7,18,50
27301710090,一般国道１７１号,萩谷西五百住線,高槻市・茨木市境,27207,0,0.9,茨木市南清水町,16946,茨木市南清水町,16013,32959,1.42,1.38,26.7,27.1,18,50
27301710100,一般国道１７１号,高槻市・茨木市境,総持寺停車場線,27211,0,0.7,茨木市南清水町,16946,茨木市南清水町,16013,32959,1.42,1.34,28.5,22.2,18,50
27301710110,一般国道１７１号,総持寺停車場線,八尾茨木線,27211,0,0.7,茨木市南清水町,16946,茨木市南清水町,16013,32959,1.42,1.34,22.5,9.1,18,50
27301710120,一般国道１７１号,八尾茨木線,名神高速道路,27211,0,0.5,茨木市南清水町,16946,茨木市南清水町,16013,32959,1.42,1.34,12.3,18.6,18,50
27301710130,一般国道１７１号,名神高速道路,余野茨木線,27211,0,0.7,茨木市南清水町,16946,茨木市南清水町,16013,32959,1.42,1.34,10.3,18.5,18,50
27301710140,一般国道１７１号,余野茨木線,茨木能勢線,27211,0,1.7,茨木市南清水町,16946,茨木市南清水町,16013,32959,1.42,1.24,22,27.5,20,50
27301710150,一般国道１７１号,茨木能勢線,茨木摂津線,27211,0,0.9,茨木市南清水町,16946,茨木市南清水町,16013,32959,1.42,1.24,29.1,18.8,20,50
27301710160,一般国道１７１号,茨木摂津線,茨木市・箕面市境,27211,0,0.6,茨木市南清水町,16946,茨木市南清水町,16013,32959,1.42,1.24,21.8,31,20,50
27301710170,一般国道１７１号,茨木市・箕面市境,山田上小野原線,27220,0,0.5,茨木市南清水町,16946,茨木市南清水町,16013,32959,1.42,1.54,36.1,23.6,20,50
27301710180,一般国道１７１号,山田上小野原線,箕面摂津線,27220,0,1.6,茨木市南清水町,16946,茨木市南清水町,16013,32959,1.42,1.54,26.9,20.2,20,50
27301710190,一般国道１７１号,箕面摂津線,一般国道４２３号,27220,0,1,茨木市南清水町,16946,茨木市南清水町,16013,32959,1.42,1.54,17,13.3,20,50
27301710200,一般国道１７１号,一般国道４２３号,豊中亀岡線,27220,0,1.8,茨木市南清水町,16946,茨木市南清水町,16013,32959,1.42,1.52,19.1,17.2,20,50
27301710210,一般国道１７１号,豊中亀岡線,桜井停車場線,27220,0,1.2,茨木市南清水町,16946,茨木市南清水町,16013,32959,1.42,1.52,19.9,28.5,20,50
27301710220,一般国道１７１号,桜井停車場線,一般国道４２３号,27220,0,0.9,茨木市南清水町,16946,茨木市南清水町,16013,32959,1.42,1.52,18.8,26.6,20,50
27301710230,一般国道１７１号,一般国道４２３号,箕面市・豊中市境,27220,0,0.4,池田市八王寺2丁目,11915,池田市八王寺2丁目,10753,22668,1.32,1.33,36,56.9,20,60
27301710240,一般国道１７１号,箕面市・豊中市境,豊中市・池田市境,27203,0,0.1,池田市八王寺2丁目,11915,池田市八王寺2丁目,10753,22668,1.32,1.18,52.4,59.7,24.75,60
27301710250,一般国道１７１号,豊中市・池田市境,一般国道１７６号,27204,0,0.6,池田市八王寺2丁目,11915,池田市八王寺2丁目,10753,22668,1.32,0.57,56.3,55.4,23,60
27301710260,一般国道１７１号,一般国道１７６号,伊丹池田線,27204,0,0.9,池田市八王寺2丁目,11915,池田市八王寺2丁目,10753,22668,1.32,0.57,26.6,26.9,23,60
27301710270,一般国道１７１号,伊丹池田線,一般国道１７６号,27204,0,0.5,池田市八王寺2丁目,11915,池田市八王寺2丁目,10753,22668,1.32,0.75,15.5,24.7,24,60
27301710280,一般国道１７１号,一般国道１７６号,大阪中央環状線,27204,0,0.7,池田市豊島北1丁目,6600,池田市豊島北1丁目,6664,13264,1.34,0.51,22.1,20.1,24,60
27301710290,一般国道１７１号,大阪中央環状線,一般国道１７１号,27204,0,0,池田市豊島北1丁目,6600,池田市豊島北1丁目,6664,13264,1.34,0.51,45.5,12.7,24,60
27301720010,一般国道１７２号,,大阪港八尾線,27107,0,0.6,大阪市港区港晴４丁目,9947,大阪市港区港晴４丁目,7325,17272,1.31,0.6,26.1,13.2,50.1,60
27301720020,一般国道１７２号,大阪港八尾線,高速大阪東大阪線,27107,0,0.3,大阪市港区港晴４丁目,9947,大阪市港区港晴４丁目,7325,17272,1.31,0.6,14.4,19.8,50.1,60
27301720030,一般国道１７２号,高速大阪東大阪線,築港深江線,27107,0,0.9,大阪市港区港晴４丁目,9947,大阪市港区港晴４丁目,7325,17272,1.31,0.6,16.6,15.9,50.1,60
27301720040,一般国道１７２号,築港深江線,一般国道４３号,27107,0,1.7,大阪市港区市岡1丁目,8803,大阪市港区市岡1丁目,11034,19837,1.35,0.57,19.5,18.9,50.1,60
27301720050,一般国道１７２号,一般国道４３号,大阪市港区・大阪市西区境,27107,0,0.8,大阪市港区市岡1丁目,8803,大阪市港区市岡1丁目,11034,19837,1.35,0.57,25.4,24.5,50.1,60
27301720060,一般国道１７２号,大阪市港区・大阪市西区境,難波境川線,27106,0,0.1,大阪市港区市岡1丁目,8803,大阪市港区市岡1丁目,11034,19837,1.35,0.92,18.4,11.1,29,50
27301720070,一般国道１７２号,難波境川線,九条中通線,27106,0,0.4,大阪市港区市岡1丁目,8803,大阪市港区市岡1丁目,11034,19837,1.35,0.92,22.9,26.6,29,50
27301720080,一般国道１７２号,九条中通線,築港深江線,27106,0,0.9,大阪市港区市岡1丁目,8803,大阪市港区市岡1丁目,11034,19837,1.35,0.92,20,22.1,29,50
27301720090,一般国道１７２号,築港深江線,,27106,0,0.4,大阪市港区市岡1丁目,8803,大阪市港区市岡1丁目,11034,19837,1.35,0.92,19.4,15.4,29,50
27301720100,一般国道１７２号,,高速大阪西宮線,27106,0,0.4,大阪市西区西本町１丁目,8771,大阪市西区西本町１丁目,6508,15279,1.32,0.62,16.3,13.2,29,50
27301720110,一般国道１７２号,高速大阪西宮線,大阪伊丹線,27106,0,0.7,大阪市西区西本町１丁目,8771,大阪市西区西本町１丁目,6508,15279,1.32,0.62,11.9,13,29,50
27301720120,一般国道１７２号,大阪伊丹線,南北線,27106,0,0.4,大阪市西区西本町１丁目,8771,大阪市西区西本町１丁目,6508,15279,1.32,0.62,14.9,10.6,29,50
27301720130,一般国道１７２号,南北線,大阪市西区・大阪市中央区境,27106,0,0.1,大阪市西区西本町１丁目,8771,大阪市西区西本町１丁目,6508,15279,1.32,0.62,9.7,11,29,50
27301720140,一般国道１７２号,大阪市西区・大阪市中央区境,一般国道２５号,27128,0,0.3,大阪市西区西本町１丁目,8771,大阪市西区西本町１丁目,6508,15279,1.32,0.61,13.9,18.8,21.6,50
27301730010,一般国道１７３号,一般国道１７６号,絹延橋停車場線,27204,0,0.8,池田市新町３,15100,池田市新町３,12564,27664,1.37,1.05,18.8,13,16.6,40
27301730020,一般国道１７３号,絹延橋停車場線,一般国道４２３号,27204,0,0.5,池田市新町３,15100,池田市新町３,12564,27664,1.37,1.4,21.8,25.9,16,40
27301730030,一般国道１７３号,一般国道４２３号,高速大阪池田線,27204,0,0.4,池田市古江町131,10717,池田市古江町131,11041,21758,1.34,0.74,8.2,20.3,22.5,40
27301730040,一般国道１７３号,高速大阪池田線,一般国道１７３号,27204,0,1.5,池田市古江町131,10717,池田市古江町131,11041,21758,1.34,0.34,29.5,37.7,22.5,40
27301730060,一般国道１７３号,一般国道１７３号,一般国道１７３号,27322,0,0.2,豊能郡能勢町字下田,4947,豊能郡能勢町字下田,4582,9529,1.29,0.89,57,52.4,8,40
27301730080,一般国道１７３号,一般国道１７３号,宿野下田線,27322,0,0,豊能郡能勢町字下田,4947,豊能郡能勢町字下田,4582,9529,1.29,1.11,50.3,41.8,8,40
27301730090,一般国道１７３号,宿野下田線,一般国道１７３号,27322,0,0.1,豊能郡能勢町字下田,4947,豊能郡能勢町字下田,4582,9529,1.29,0.89,46,41.7,11,40
27301730110,一般国道１７３号,一般国道１７３号,宿野下田線,27322,0,0.9,豊能郡能勢町字下田,4947,豊能郡能勢町字下田,4582,9529,1.29,0.94,31.7,31,8,40
27301730120,一般国道１７３号,宿野下田線,茨木能勢線,27322,0,2.3,豊能郡能勢町字下田,4947,豊能郡能勢町字下田,4582,9529,1.29,0.97,38.8,39.6,12.8,40
27301730130,一般国道１７３号,茨木能勢線,園部能勢線,27322,0,0.4,豊能郡能勢町字下田,4947,豊能郡能勢町字下田,4582,9529,1.29,1.01,33.3,31.2,13,40
27301730140,一般国道１７３号,園部能勢線,天王亀岡線,27322,0,7.7,豊能郡能勢町山辺141,1646,豊能郡能勢町山辺141,1509,3155,1.32,0.53,57.2,58.9,13,40
27301730150,一般国道１７３号,天王亀岡線,杉生能勢線,27322,0,3,豊能郡能勢町山辺141,1646,豊能郡能勢町山辺141,1509,3155,1.32,0.53,57.6,59.1,13,40
27301730160,一般国道１７３号,杉生能勢線,一般国道１７３号,27322,0,1.2,豊能郡能勢町山辺141,1646,豊能郡能勢町山辺141,1509,3155,1.32,0.52,57,59,13,40
27301730180,一般国道１７３号,一般国道１７３号,一般国道１７３号,27322,0,1.6,豊能郡能勢町山辺141,1646,豊能郡能勢町山辺141,1509,3155,1.32,0.52,61.2,60,8,40
27301760010,一般国道１７６号,一般国道１７６号,一般国道１７３号,27204,0,0.2,池田市西本町,7311,池田市西本町,5859,13170,1.33,0.99,11.2,3.4,18,40
27301760020,一般国道１７６号,一般国道１７３号,,27204,0,0.4,池田市城南２丁目,7062,池田市城南２丁目,8411,15473,1.41,1.63,7.5,14,12,40
27301760030,一般国道１７６号,,箕面池田線,27204,0,0.2,池田市城南２丁目,7062,池田市城南２丁目,8411,15473,1.41,1.63,5.9,11.3,12,40
27301760040,一般国道１７６号,箕面池田線,伊丹池田線,27204,0,0.6,池田市城南２丁目,7062,池田市城南２丁目,8411,15473,1.41,1.63,7.2,16.7,12,40
27301760050,一般国道１７６号,伊丹池田線,一般国道１７１号,27204,0,1.4,池田市城南２丁目,7062,池田市城南２丁目,8411,15473,1.41,1.63,18.4,19.8,12,40
27301760060,一般国道１７６号,一般国道１７１号,一般国道４２３号,27204,0,0.6,池田市城南２丁目,7062,池田市城南２丁目,8411,15473,1.41,1.63,13.1,10.5,12,40
27301760070,一般国道１７６号,一般国道４２３号,池田市・豊中市境,27204,0,0.3,豊中市蛍池東町1丁目,6304,豊中市蛍池東町1丁目,6813,13117,1.35,1.35,8,18.1,11.5,40
27301760080,一般国道１７６号,池田市・豊中市境,大阪中央環状線,27203,0,0.4,豊中市蛍池東町1丁目,6304,豊中市蛍池東町1丁目,6813,13117,1.35,1.35,12.9,21.6,11.5,40
27301760090,一般国道１７６号,大阪中央環状線,大阪国際空港線,27203,0,0,豊中市蛍池東町1丁目,6304,豊中市蛍池東町1丁目,6813,13117,1.35,1.35,9.1,17.3,11.5,40
27301760100,一般国道１７６号,大阪国際空港線,,27203,0,0.3,豊中市蛍池東町1丁目,6304,豊中市蛍池東町1丁目,6813,13117,1.35,1.35,12.3,18.1,11.5,40
27301760110,一般国道１７６号,,豊中亀岡線,27203,0,1.8,豊中市蛍池東町1丁目,6304,豊中市蛍池東町1丁目,6813,13117,1.35,1.35,19.8,15.5,11.5,40
27301760120,一般国道１７６号,豊中亀岡線,大阪中央環状線（旧）,27203,0,0.8,豊中市蛍池東町1丁目,6304,豊中市蛍池東町1丁目,6813,13117,1.35,1.35,17.7,12.7,11.5,40
27301760130,一般国道１７６号,大阪中央環状線（旧）,,27203,0,1,豊中市曽根東町,9856,豊中市曽根東町,12557,22413,1.33,2.46,14.6,15.7,14.5,40
27301760140,一般国道１７６号,,豊中吹田線,27203,0,1.2,豊中市曽根東町,9856,豊中市曽根東町,12557,22413,1.33,1.25,18.9,14.5,18,50
27301760150,一般国道１７６号,豊中吹田線,豊中吹田線,27203,0,0.1,豊中市曽根東町,9856,豊中市曽根東町,12557,22413,1.33,1.25,18.2,21.1,18,50
27301760160,一般国道１７６号,豊中吹田線,西宮豊中線,27203,0,0.5,豊中市曽根東町,9856,豊中市曽根東町,12557,22413,1.33,1.25,24.2,24.7,25,50
27301760170,一般国道１７６号,西宮豊中線,庄本牛立線,27203,0,1.5,豊中市曽根東町,9856,豊中市曽根東町,12557,22413,1.33,1.25,24.5,24.6,25,50
27301760180,一般国道１７６号,庄本牛立線,,27203,0,0.8,,13813,,14221,28034,1.4,1.27,11.5,13.6,25,50
27301760190,一般国道１７６号,,歌島豊里線,27123,0,1.5,大阪市淀川区新高１丁目,13409,大阪市淀川区新高１丁目,12378,25787,1.34,1.1,14.3,10.5,25.1,50
27301760200,一般国道１７６号,歌島豊里線,一般国道１７６号,27123,0,0.8,大阪市淀川区新高１丁目,13409,大阪市淀川区新高１丁目,12378,25787,1.34,1.1,14.6,15.7,25.1,50
27301760210,一般国道１７６号,一般国道１７６号,大阪伊丹線,27123,0,0.6,大阪市北区中津７丁目,6561,大阪市北区中津７丁目,30734,37295,1.36,2.99,12.7,16.9,19.9,50
27301760220,一般国道１７６号,大阪伊丹線,大阪高槻線,27123,0,0.1,大阪市北区中津７丁目,6561,大阪市北区中津７丁目,30734,37295,1.36,2.99,15,8.6,19.9,50
27301760230,一般国道１７６号,大阪高槻線,大阪市淀川区・大阪市北区境,27123,0,0.2,大阪市北区中津７丁目,6561,大阪市北区中津７丁目,30734,37295,1.36,2.99,20.4,37.1,19.9,50
27301760240,一般国道１７６号,大阪市淀川区・大阪市北区境,大阪伊丹線,27127,0,0.8,大阪市北区中津７丁目,6561,大阪市北区中津７丁目,30734,37295,1.36,2.99,34.5,29.1,19.9,50
27301760250,一般国道１７６号,大阪伊丹線,一般国道１７６号,27127,0,0.4,大阪市北区中津７丁目,6561,大阪市北区中津７丁目,30734,37295,1.36,2.99,21.1,26.8,19.9,50
27301760260,一般国道１７６号,一般国道１７６号,中津太子橋線,27127,0,0.9,大阪市北区芝田１丁目,14351,大阪市北区芝田１丁目,21704,36055,1.35,0.88,21.9,26.8,27,40
27301760270,一般国道１７６号,中津太子橋線,,27127,0,0.7,大阪市北区芝田１丁目,14351,大阪市北区芝田１丁目,21704,36055,1.35,1.78,16.9,15.5,27,40
27301760280,一般国道１７６号,,九条梅田線,27127,0,0.1,大阪市北区芝田１丁目,14351,大阪市北区芝田１丁目,21704,36055,1.35,1.78,11.3,11.6,27,40
27301760290,一般国道１７６号,九条梅田線,南北線,27127,0,0.2,大阪市北区芝田１丁目,14351,大阪市北区芝田１丁目,21704,36055,1.35,1.79,13.3,17.4,27,40
27301760300,一般国道１７６号,南北線,一般国道１号,27127,0,0.5,大阪市北区芝田１丁目,14351,大阪市北区芝田１丁目,21704,36055,1.35,1.78,12.9,17.3,27,40
27301760320,一般国道１７６号,一般国道１７６号,高速大阪池田線,27204,0,0.5,池田市神田４丁目,23430,池田市神田４丁目,25468,48898,1.37,0.86,61.4,60.6,34.6,60
27301760330,一般国道１７６号,高速大阪池田線,一般国道１７６号,27204,0,0.8,池田市神田２丁目,3265,池田市神田２丁目,3072,6337,1.28,0.18,63,45,34.6,60
27301760340,一般国道１７６号,一般国道１７６号,中国自動車道,27204,0,0.3,池田市神田２丁目,3265,池田市神田２丁目,3072,6337,1.28,0.06,56.9,22.4,37.6,60
27301760350,一般国道１７６号,中国自動車道,大阪池田線,27204,0,0.3,池田市神田２丁目,3265,池田市神田２丁目,3072,6337,1.28,0.06,53.3,12.7,37.1,60
27301760380,一般国道１７６号,一般国道１７６号,大阪伊丹線,27123,0,0.6,大阪市北区中津７丁目,19456,,,19456,1.32,0.39,10,,27,50
27301760390,一般国道１７６号,大阪伊丹線,大阪高槻線,27123,0,0.4,大阪市北区中津７丁目,19456,,,19456,1.32,0.39,39.7,,27,50
27301760400,一般国道１７６号,大阪高槻線,大阪市淀川区・大阪市北区境,27123,0,0.3,大阪市北区中津７丁目,19456,,,19456,1.32,0.39,51.4,,27,50
27301760410,一般国道１７６号,大阪市淀川区・大阪市北区境,,27127,0,0.9,大阪市北区中津７丁目,19456,,,19456,1.32,0.28,59.4,,27,40
27301760420,一般国道１７６号,,大阪伊丹線,27127,0,0.2,大阪市北区中津７丁目,19456,,,19456,1.32,0.28,52.5,,27,40
27301760430,一般国道１７６号,大阪伊丹線,一般国道１７６号,27127,0,0.5,大阪市北区中津７丁目,19456,,,19456,1.32,0.47,28.3,,27,40
27301761005,一般国道１７６号,一般国道１７６号,伊丹池田線,27204,0,0.3,豊中,11709,豊中,14254,25963,1.4,1.11,28.9,20.7,20.9,60
27301761010,一般国道１７６号,伊丹池田線,一般国道１７１号,27204,0,1,豊中,11709,豊中,14254,25963,1.4,1.11,39.7,28.1,20.9,60
27301761020,一般国道１７６号,一般国道１７１号,一般国道１７６号,27204,0,0.3,豊中,11709,豊中,14254,25963,1.4,1.11,20.9,32,20.9,60
27301761030,一般国道１７６号,一般国道１７６号,大阪池田線,27204,0,0.3,豊中,11709,豊中,14254,25963,1.4,1.11,36.1,17.4,20.9,60
27303070010,一般国道３０７号,一般国道３０７号,一般国道３０７号,27210,0,0.1,枚方市尊延寺,7043,枚方市尊延寺,6706,13749,1.3,0.91,36.4,23.8,15.4,40
27400170010,一般国道３０７号,一般国道３０７号,枚方高槻線,27210,0,2.8,,1854,,1975,3829,1.25,0.45,42.8,14,14,40
27303070050,一般国道３０７号,枚方高槻線,一般国道１号,27210,0,0.3,,9331,,11792,21123,1.33,1.4,14.3,8.4,14,30
27303070060,一般国道３０７号,一般国道１号,交野久御山線,27210,0,1.6,枚方市大峰元町２丁目,6477,枚方市大峰元町２丁目,6371,12848,1.29,0.94,13.8,17.1,13,40
27303070070,一般国道３０７号,交野久御山線,枚方交野寝屋川線,27210,0,1.7,枚方市大峰元町２丁目,6477,枚方市大峰元町２丁目,6371,12848,1.29,0.94,20.5,17.1,13,40
27303070080,一般国道３０７号,枚方交野寝屋川線,一般国道１号,27210,0,1.2,枚方市大峰元町２丁目,6477,枚方市大峰元町２丁目,6371,12848,1.29,0.94,9.5,9.1,13,40
27303070020,一般国道３０７号,一般国道３０７号,枚方山城線,27210,0,0.1,,7130,,6722,13852,1.3,0.88,11.5,25.6,14,30
27303070100,一般国道３０７号,一般国道３０７号,一般国道３０７号,27210,0,0.2,,6748,,6362,13110,1.29,0.68,21.6,31.7,8,40
27303080010,一般国道３０８号,一般国道２５号,恵美須南森町線,27128,0,0.5,大阪市中央区南船場２丁目,10845,大阪市中央区南船場２丁目,14589,25434,1.35,0.68,14,12.2,37,50
27303080020,一般国道３０８号,恵美須南森町線,天神橋天王寺線,27128,0,0.5,大阪市中央区南船場２丁目,10845,大阪市中央区南船場２丁目,14589,25434,1.35,0.68,17.6,11.8,37,50
27303080030,一般国道３０８号,天神橋天王寺線,大阪和泉泉南線,27128,0,0.5,大阪市中央区南船場２丁目,10845,大阪市中央区南船場２丁目,14589,25434,1.35,0.68,18.1,14.1,37,50
27303080040,一般国道３０８号,大阪和泉泉南線,赤川天王寺線,27128,0,0.3,大阪市中央区南船場２丁目,10845,大阪市中央区南船場２丁目,14589,25434,1.35,0.68,15.5,16.6,37,50
27303080050,一般国道３０８号,赤川天王寺線,,27128,0,0.1,,16077,,14949,31026,1.35,1.1,8,20.6,27,50
27303080060,一般国道３０８号,,恵美須城東線,27128,0,0.9,,16077,,14949,31026,1.35,1.1,19.9,17,27,50
27303080070,一般国道３０８号,恵美須城東線,大阪市中央区・大阪市東成区境,27128,0,0.2,,16077,,14949,31026,1.35,1.1,10.8,19.7,27,50
27303080080,一般国道３０８号,大阪市中央区・大阪市東成区境,上新庄生野線,27115,0,0.3,,16077,,14949,31026,1.35,1.1,18,16.8,27,50
27303080090,一般国道３０８号,上新庄生野線,大阪環状線,27115,0,0.9,,16077,,14949,31026,1.35,1.1,16.7,11.5,27,50
27303080100,一般国道３０８号,大阪環状線,一般国道４７９号,27115,0,1.3,大阪市東成区神路４丁目,11713,大阪市東成区神路４丁目,12343,24056,1.29,0.74,12.6,17.1,24,60
27303080110,一般国道３０８号,一般国道４７９号,一般国道４７９号,27115,0,1.2,大阪市東成区深江北２丁目,15737,大阪市東成区深江北２丁目,15995,31732,1.36,0.91,20.5,15.7,24,60
27303080120,一般国道３０８号,一般国道４７９号,平野守口線,27118,0,0.5,大阪市城東区諏訪４丁目,25872,大阪市城東区諏訪４丁目,24216,50088,1.36,1.06,20.1,18.8,40,60
27303080130,一般国道３０８号,平野守口線,,27118,0,0,大阪市城東区諏訪４丁目,25872,大阪市城東区諏訪４丁目,24216,50088,1.36,1.06,19.5,14.5,40,60
27303080140,一般国道３０８号,,高速大阪東大阪線,27227,0,0.3,東大阪市長田中2丁目,23893,東大阪市長田中2丁目,26124,50017,1.37,1.17,19.3,14.7,39,50
27303080150,一般国道３０８号,高速大阪東大阪線,八尾茨木線,27227,0,1.5,東大阪市長田中2丁目,23893,東大阪市長田中2丁目,26124,50017,1.37,1.17,16.2,17,39,50
27303080160,一般国道３０８号,八尾茨木線,大阪中央環状線（旧）,27227,0,0.5,東大阪市長田中2丁目,23893,東大阪市長田中2丁目,26124,50017,1.37,1.17,13,16.2,39,50
27303080170,一般国道３０８号,大阪中央環状線（旧）,高速大阪東大阪線,27227,0,0.2,東大阪市長田中2丁目,23893,東大阪市長田中2丁目,26124,50017,1.37,1.02,12.8,21.2,73.6,50
27303080180,一般国道３０８号,高速大阪東大阪線,大阪中央環状線,27227,0,0.6,東大阪市長田中2丁目,23893,東大阪市長田中2丁目,26124,50017,1.37,1.02,15.6,16.7,73.6,50
27303080190,一般国道３０８号,大阪中央環状線,近畿自動車道,27227,0,0.2,東大阪市荒本北,19131,東大阪市荒本北,9840,28971,1.47,1.31,9.4,14.6,46.25,50
27303080200,一般国道３０８号,近畿自動車道,高速大阪東大阪線,27227,0,1,東大阪市荒本北,19131,東大阪市荒本北,9840,28971,1.47,1.31,19.3,8,46.25,50
27303080210,一般国道３０８号,高速大阪東大阪線,八尾枚方線,27227,0,0.1,東大阪市荒本北,19131,東大阪市荒本北,9840,28971,1.47,1.31,20.3,8.9,46.25,50
27303080220,一般国道３０８号,八尾枚方線,高速大阪東大阪線,27227,0,2.1,東大阪市荒本北,19131,東大阪市荒本北,9840,28971,1.47,1.31,16.5,19.3,46.25,50
27303080230,一般国道３０８号,高速大阪東大阪線,一般国道１７０号,27227,0,0.3,東大阪市荒本北,19131,東大阪市荒本北,9840,28971,1.47,0.72,31.5,5.1,41,50
27303080240,一般国道３０８号,一般国道１７０号,一般国道１６３号（第二阪奈道路）,27227,0,0.2,東大阪市荒本北,19131,東大阪市荒本北,9840,28971,1.47,2.62,8.2,19.7,27,40
27303080250,一般国道３０８号,一般国道１６３号（第二阪奈道路）,一般国道１７０号（旧）,27227,0,0.4,東大阪市荒本北,19131,東大阪市荒本北,9840,28971,1.47,2.62,14.4,11.2,27,40
27303080270,一般国道３０８号,一般国道１７０号（旧）,枚岡停車場線,27227,0,0.9,東大阪市豊浦町,1235,東大阪市豊浦町,1070,2305,1.18,0.34,19.6,17.2,8.5,30
27303080280,一般国道３０８号,枚岡停車場線,,27227,0,0.1,東大阪市豊浦町,1235,東大阪市豊浦町,1070,2305,1.18,6.26,20.3,32.3,3,30
27303080300,一般国道３０８号,,一般国道３０８号,27227,0,2.1,,,,,,,,,20.3,3,30
27303090010,一般国道３０９号,一般国道３０９号,千早赤阪村・河南町境,27383,0,1.4,南河内郡河南町上河内,1889,南河内郡河南町上河内,2039,3928,1.25,0.56,61.7,62,6.5,40
27303090020,一般国道３０９号,千早赤阪村・河南町境,一般国道３０９号（旧）,27382,0,0.2,南河内郡河南町上河内,1889,南河内郡河南町上河内,2039,3928,1.25,0.56,49.3,56.7,6.5,40
27303090030,一般国道３０９号,一般国道３０９号（旧）,上河内富田林線,27382,0,1.6,南河内郡河南町上河内,1889,南河内郡河南町上河内,2039,3928,1.25,0.56,45.5,47.6,6.5,40
27303090040,一般国道３０９号,上河内富田林線,河南町・千早赤阪村境,27382,0,0.9,南河内郡河南町上河内,1889,南河内郡河南町上河内,2039,3928,1.25,0.56,45.6,44.3,6.5,40
27303090050,一般国道３０９号,河南町・千早赤阪村境,（元）一般国道３０９号,27383,0,1.5,南河内郡河南町上河内,1889,南河内郡河南町上河内,2039,3928,1.25,0.56,44.6,41.5,6.5,40
27400270160,一般国道３０９号,（元）一般国道３０９号,柏原駒ケ谷千早赤阪線,27383,0,0.9,,4320,,4526,8846,1.27,0.98,31.2,30.2,6,30
27303090450,一般国道３０９号,柏原駒ケ谷千早赤阪線,（元）一般国道３０９号,27382,0,0.7,,,,,,,,31.9,37.1,21.9,40
27303090410,一般国道３０９号,（元）一般国道３０９号,河南町・千早赤阪村境,27382,0,0.2,南河内郡千早赤阪村森屋,3619,南河内郡千早赤阪村森屋,3855,7474,1.24,0.16,32.4,39.3,23.15,40
27303090420,一般国道３０９号,河南町・千早赤阪村境,千早赤阪村・河南町境,27383,0,0.5,南河内郡千早赤阪村森屋,3619,南河内郡千早赤阪村森屋,3855,7474,1.24,0.61,43.6,36.8,29.1,40
27303090430,一般国道３０９号,千早赤阪村・河南町境,富田林五条線,27382,0,0.1,南河内郡千早赤阪村森屋,3619,南河内郡千早赤阪村森屋,3855,7474,1.24,0.61,32.5,21.7,29.1,40
27303090100,一般国道３０９号,富田林五条線,河南町・富田林市境,27382,0,0.5,富田林市東板持町,5791,富田林市東板持町,4935,10726,1.29,0.32,44.5,38.6,20.1,50
27303090110,一般国道３０９号,河南町・富田林市境,甘南備川向線,27214,0,1.6,富田林市東板持町,5791,富田林市東板持町,4935,10726,1.29,0.33,27.5,38.4,20.1,50
27303090120,一般国道３０９号,甘南備川向線,一般国道１７０号（旧）,27214,0,1.3,富田林市東板持町,11405,富田林市東板持町,12304,23709,1.33,1.43,22.8,23.9,13.1,50
27303090130,一般国道３０９号,一般国道１７０号（旧）,一般国道１７０号,27214,0,0.6,富田林市東板持町,11405,富田林市東板持町,12304,23709,1.33,1.58,18.1,9,13.1,50
27303090140,一般国道３０９号,一般国道１７０号,森屋狭山線,27214,0,1.2,富田林市藤沢台,18643,富田林市藤沢台,17313,35956,1.36,1.06,44.6,52.7,17.9,60
27303090150,一般国道３０９号,森屋狭山線,富田林狭山線,27214,0,0.7,富田林市藤沢台,18643,富田林市藤沢台,17313,35956,1.36,1.06,61.9,64.8,14.5,60
27303090160,一般国道３０９号,富田林狭山線,,27214,0,0.5,富田林市藤沢台,18643,富田林市藤沢台,17313,35956,1.36,1.44,60.5,22,17.9,60
27303090170,一般国道３０９号,,泉大津美原線,27147,0,2,堺市美原区木材通1丁目,18344,堺市美原区木材通1丁目,17819,36163,1.36,0.9,22.9,27.4,20.55,60
27303090180,一般国道３０９号,泉大津美原線,堺富田林線,27147,0,0.4,堺市美原区木材通1丁目,18344,堺市美原区木材通1丁目,17819,36163,1.36,0.9,32.2,10.5,20.55,60
27303090190,一般国道３０９号,堺富田林線,堺富田林線,27147,0,0.4,堺市美原区木材通1丁目,18344,堺市美原区木材通1丁目,17819,36163,1.36,0.9,31.1,8.5,20.55,60
27303090200,一般国道３０９号,堺富田林線,堺富田林線,27147,0,0.1,堺市美原区黒山,20285,堺市美原区黒山,21377,41662,1.37,0.96,15.2,13.4,20.55,60
27303090210,一般国道３０９号,堺富田林線,泉大津美原線（新）,27147,0,0.9,堺市美原区黒山,20285,堺市美原区黒山,21377,41662,1.37,0.96,11.3,20,20.55,60
27303090220,一般国道３０９号,泉大津美原線（新）,西藤井寺線,27147,0,0.3,堺市美原区今井,19339,堺市美原区今井,20136,39475,1.37,0.94,7.9,18,20.55,60
27303090230,一般国道３０９号,西藤井寺線,西藤井寺線,27147,0,0.2,堺市美原区今井,19339,堺市美原区今井,20136,39475,1.37,0.94,9.1,24.3,20.55,60
27303090235,一般国道３０９号,西藤井寺線,西藤井寺線,27147,0,0.2,堺市美原区今井,19339,堺市美原区今井,20136,39475,1.37,0.94,10.5,27.8,20.55,60
27303090240,一般国道３０９号,西藤井寺線,,27147,0,0.8,堺市美原区今井,19339,堺市美原区今井,20136,39475,1.37,0.94,9.9,21.5,20.55,60
27303090250,一般国道３０９号,,大阪中央環状線,27217,0,0.5,松原市三宅中5丁目,20599,松原市三宅中5丁目,19585,40184,1.42,1.07,15.5,11.2,25.4,60
27303090255,一般国道３０９号,大阪中央環状線,堺羽曳野線（旧）,27217,0,0.2,松原市三宅中5丁目,20599,松原市三宅中5丁目,19585,40184,1.42,1.07,12.1,20.5,25.4,60
27303090260,一般国道３０９号,堺羽曳野線（旧）,堺大和高田線,27217,0,1.4,松原市三宅中5丁目,20599,松原市三宅中5丁目,19585,40184,1.42,1.07,22,13.4,25.4,60
27303090270,一般国道３０９号,堺大和高田線,大堀堺線（新）,27217,0,1.1,松原市三宅中5丁目,20599,松原市三宅中5丁目,19585,40184,1.42,1.28,20.4,11.7,25.4,60
27303090280,一般国道３０９号,大堀堺線（新）,大堀堺線,27217,0,0.5,松原市三宅中5丁目,20599,松原市三宅中5丁目,19585,40184,1.42,1.59,9.9,26.8,25.4,60
27303090290,一般国道３０９号,大堀堺線,,27217,0,0.2,松原市三宅中5丁目,20599,松原市三宅中5丁目,19585,40184,1.42,1.19,8.3,34.1,25.4,60
27303090300,一般国道３０９号,,住吉八尾線,27217,0,0.3,松原市三宅中5丁目,20599,松原市三宅中5丁目,19585,40184,1.42,1.62,7.8,14.9,25.4,60
27303090310,一般国道３０９号,住吉八尾線,高速大阪松原線,27217,0,0.2,松原市三宅中5丁目,20599,松原市三宅中5丁目,19585,40184,1.42,1.62,13.9,30.8,25.4,60
27303090320,一般国道３０９号,高速大阪松原線,高速大阪松原線,27126,0,1.6,大阪市平野区瓜破６丁目,15328,大阪市平野区瓜破６丁目,12357,27685,1.36,0.88,45.1,15.1,41,60
27303090330,一般国道３０９号,高速大阪松原線,一般国道４７９号,27126,0,0.2,大阪市平野区瓜破６丁目,15328,大阪市平野区瓜破６丁目,12357,27685,1.36,0.72,9.4,15.4,41,60
27303090340,一般国道３０９号,一般国道４７９号,大阪港八尾線,27126,0,1.3,大阪市平野区西脇４丁目,2187,大阪市平野区西脇４丁目,2336,4523,1.25,0.73,10.9,14.9,11.1,40
27303090350,一般国道３０９号,大阪港八尾線,木津川平野線,27126,0,1.2,大阪市平野区西脇４丁目,2187,大阪市平野区西脇４丁目,2336,4523,1.25,0.73,16.1,18.4,11.1,40
27303090360,一般国道３０９号,木津川平野線,一般国道２５号,27126,0,0.2,大阪市平野区西脇４丁目,2187,大阪市平野区西脇４丁目,2336,4523,1.25,0.73,17.4,8.3,11.1,40
27303090380,一般国道３０９号（旧）,一般国道３０９号,千早赤阪村・河南町境,27383,0,1.5,,2280,,2176,4456,1.25,0.65,52.9,36.5,6.5,40
27303090390,一般国道３０９号（旧）,千早赤阪村・河南町境,一般国道３０９号,27382,0,0.2,,2280,,2176,4456,1.25,0.65,31.2,22,6.5,40
27303100010,一般国道３１０号,一般国道２６号,大阪和泉泉南線,27141,0,0.6,堺市堺区中安井町3丁,31166,堺市堺区中安井町3丁,31100,62266,1.36,1.03,11.8,22.6,43,60
27303100020,一般国道３１０号,大阪和泉泉南線,大阪中央環状線,27141,0,0.8,堺市堺区北丸保園3,34585,堺市堺区北丸保園3,36349,70934,1.36,1.36,13.8,17.3,43,60
27303100030,一般国道３１０号,大阪中央環状線,堺市堺区・堺市北区境,27141,0,0.4,堺市北区百舌鳥梅北町2丁,8349,堺市北区百舌鳥梅北町2丁,7532,15881,1.32,1.16,19.4,8.9,11.9,40
27303100040,一般国道３１０号,堺市堺区・堺市北区境,大阪高石線,27146,0,0.7,堺市北区百舌鳥梅北町2丁,8349,堺市北区百舌鳥梅北町2丁,7532,15881,1.32,1.17,12.1,19.1,16,40
27303100050,一般国道３１０号,大阪高石線,大阪高石線,27146,0,0.4,堺市北区百舌鳥梅北町2丁,8349,堺市北区百舌鳥梅北町2丁,7532,15881,1.32,1.17,16.6,15,16,40
27303100060,一般国道３１０号,大阪高石線,大阪高石線（新）,27146,0,0.6,堺市北区百舌鳥梅北町2丁,8349,堺市北区百舌鳥梅北町2丁,7532,15881,1.32,1.17,16.3,6.4,16,40
27303100070,一般国道３１０号,大阪高石線（新）,堺市北区・堺市中区境,27146,0,0.8,堺市中区新家町,7629,堺市中区新家町,7548,15177,1.36,1.18,7.7,16.1,16,40
27303100080,一般国道３１０号,堺市北区・堺市中区境,新家深井線,27142,0,0.6,堺市中区新家町,7629,堺市中区新家町,7548,15177,1.36,1.28,21.8,17.4,10.81,40
27303100090,一般国道３１０号,新家深井線,西鳳東線,27142,0,0.9,堺市中区新家町,7629,堺市中区新家町,7548,15177,1.36,1.28,19.5,17.6,10.81,40
27303100100,一般国道３１０号,西鳳東線,泉大津美原線（新）,27142,0,0.5,堺市中区新家町,7629,堺市中区新家町,7548,15177,1.36,1.28,16.9,15.6,10.81,40
27303100110,一般国道３１０号,泉大津美原線（新）,泉大津美原線,27142,0,1.3,堺市東区草尾,5854,堺市東区草尾,5845,11699,1.29,1.11,15.3,15.7,10.81,40
27303100120,一般国道３１０号,泉大津美原線,堺市中区・堺市東区境,27142,0,0.2,堺市東区草尾,5854,堺市東区草尾,5845,11699,1.29,1.11,17.9,19.1,10.81,40
27303100130,一般国道３１０号,堺市中区・堺市東区境,,27143,0,1.7,堺市東区草尾,5854,堺市東区草尾,5845,11699,1.29,0.96,24.4,24.9,10.94,40
27303100140,一般国道３１０号,,大阪狭山線,27231,0,0.8,大阪狭山市茱萸木１丁目,8007,大阪狭山市茱萸木１丁目,8843,16850,1.32,1.12,16.9,16.7,13,40
27303100150,一般国道３１０号,大阪狭山線,大阪狭山線,27231,0,0.2,大阪狭山市茱萸木１丁目,8007,大阪狭山市茱萸木１丁目,8843,16850,1.32,1.31,15.3,10.4,13,40
27303100160,一般国道３１０号,大阪狭山線,堺狭山線,27231,0,0.6,大阪狭山市茱萸木１丁目,8007,大阪狭山市茱萸木１丁目,8843,16850,1.32,1.15,16.5,10.4,13,40
27303100170,一般国道３１０号,堺狭山線,大阪狭山市・河内長野市境,27231,0,2.4,大阪狭山市茱萸木１丁目,8007,大阪狭山市茱萸木１丁目,8843,16850,1.32,1.31,14.9,16.7,13,40
27303100180,一般国道３１０号,大阪狭山市・河内長野市境,富田林泉大津線（旧）,27216,0,0.2,大阪狭山市茱萸木１丁目,8007,大阪狭山市茱萸木１丁目,8843,16850,1.32,1.05,19,15.2,13,40
27303100190,一般国道３１０号,富田林泉大津線（旧）,河内長野美原線,27216,0,0.2,大阪狭山市茱萸木１丁目,8007,大阪狭山市茱萸木１丁目,8843,16850,1.32,1.39,18.2,14.1,13,40
27303100200,一般国道３１０号,河内長野美原線,富田林泉大津線,27216,0,0.1,大阪狭山市茱萸木１丁目,8007,大阪狭山市茱萸木１丁目,8843,16850,1.32,1.39,12.8,15.9,13,40
27303100210,一般国道３１０号,富田林泉大津線,一般国道１７０号,27216,0,2,大阪狭山市茱萸木１丁目,8007,大阪狭山市茱萸木１丁目,8843,16850,1.32,1.39,19,14.3,13,40
27303100220,一般国道３１０号,一般国道１７０号,一般国道１７０号（旧）,27216,0,0.8,大阪狭山市茱萸木１丁目,8007,大阪狭山市茱萸木１丁目,8843,16850,1.32,1.39,12.6,12.8,13,40
27303100240,一般国道３１０号,一般国道１７０号（旧）,東阪三日市線,27216,0,2.4,河内長野市河合寺,2832,河内長野市河合寺,2669,5501,1.26,0.49,33.2,29.1,8.5,40
27303100250,一般国道３１０号,東阪三日市線,東阪三日市線,27216,0,0.8,河内長野市河合寺,2832,河内長野市河合寺,2669,5501,1.26,0.69,28.6,34.9,10,40
27303100260,一般国道３１０号,東阪三日市線,中津原寺元線,27216,0,1.6,河内長野市河合寺,2832,河内長野市河合寺,2669,5501,1.26,0.64,32,34.8,10,40
27303100270,一般国道３１０号,中津原寺元線,河内長野千早城跡線,27216,0,1.3,河内長野市河合寺,2832,河内長野市河合寺,2669,5501,1.26,0.6,49.2,47.4,8.5,40
27303100280,一般国道３１０号,河内長野千早城跡線,河内長野千早城跡線,27216,0,1.7,河内長野市河合寺,2832,河内長野市河合寺,2669,5501,1.26,0.65,43.2,43.9,7.3,40
27303100290,一般国道３１０号,河内長野千早城跡線,一般国道３１０号,27216,0,5.4,河内長野市小深,206,河内長野市小深,196,402,1.18,0.05,47.2,47.8,7,40
27303710010,一般国道３７１号（新）,一般国道１７０号（旧）,一般国道１７０号,27216,0,0.1,,14569,,14050,28619,1.35,1.95,10.2,8.1,15,50
27303710020,一般国道３７１号（新）,一般国道１７０号,河内長野かつらぎ線,27216,0,0.2,,14569,,14050,28619,1.35,1.95,9.5,15.6,15,50
27303710030,一般国道３７１号（新）,河内長野かつらぎ線,加賀田片添線,27216,0,2,,14569,,14050,28619,1.35,1.69,26,28,15,50
27303710040,一般国道３７１号（新）,加賀田片添線,一般国道３７１号,27216,0,1.2,,14569,,14050,28619,1.35,1.53,36.4,20.8,15,50
27303710050,一般国道３７１号,一般国道３７１号,一般国道３７１号（新）,27216,0,0.4,,7730,,7453,15183,1.31,1.41,28.7,27.5,11.5,40
27303710055,一般国道３７１号,一般国道３７１号（新）,一般国道３７１号（新）,27216,0,3.9,,7730,,7453,15183,1.31,1.16,42.5,41.2,11,40
27303710060,一般国道３７１号,一般国道３７１号（新）,一般国道３７１号（旧）,27216,0,1.3,,7730,,7453,15183,1.31,1.16,43,40.7,11,40
27303710070,一般国道３７１号,一般国道３７１号（旧）,一般国道３７１号,27216,0,0.9,,6737,,7453,14190,1.36,1.05,53.5,52.7,7,40
27303710090,一般国道３７１号,一般国道１７０号（旧）,河内長野千早城跡線,27216,0,1.7,河内長野市喜多町,7119,河内長野市喜多町,7311,14430,1.36,1.17,16.1,13.6,11.5,40
27303710100,一般国道３７１号,河内長野千早城跡線,加賀田片添線,27216,0,0.3,河内長野市喜多町,7119,河内長野市喜多町,7311,14430,1.36,1.12,17.7,13.4,11.5,40
27303710110,一般国道３７１号,加賀田片添線,一般国道３７１号（新）,27216,0,1.2,河内長野市喜多町,7119,河内長野市喜多町,7311,14430,1.36,1.02,29.8,24,11.5,40
27303710130,一般国道３７１号（旧）,一般国道３７１号,一般国道３７１号,27216,0,1.6,,6386,,6773,13159,1.29,1.21,31.6,31.6,7,40
27303710150,一般国道３７１号（新）,一般国道３７１号,一般国道３７１号,27216,0,3.7,河内長野市天見,3839,河内長野市天見,4659,8498,1.37,0.82,53.4,54.9,15.78,50
27304230010,一般国道４２３号,一般国道１号,一般国道４２３号,27127,0,0.8,,57855,,56923,114778,1.35,1.66,7,31.7,40,40
27304230020,一般国道４２３号,一般国道４２３号,一般国道４２３号,27127,0,1.1,,57855,,56923,114778,1.35,1.66,22.9,36.3,40,40
27304230030,一般国道４２３号,一般国道４２３号,大阪市北区・大阪市淀川区境,27127,0,0.6,,57855,,56923,114778,1.35,1.66,25.8,32,40,40
27304230040,一般国道４２３号,大阪市北区・大阪市淀川区境,一般国道４２３号,27123,0,0.7,大阪市北区豊崎６丁目,54989,大阪市北区豊崎６丁目,61720,116709,1.42,0.98,28.3,27.3,40,60
27304230050,一般国道４２３号,一般国道４２３号,,27123,0,0.4,,57855,,56923,114778,1.35,1.66,47.6,25.3,40,40
27304230060,一般国道４２３号,,,27123,0,0.3,大阪市淀川区東三国６丁目,11247,大阪市淀川区東三国６丁目,10994,22241,1.36,0.35,54.5,27.4,40,60
27304230070,一般国道４２３号,,一般国道４２３号,27123,0,0.5,大阪市淀川区東三国６丁目,11247,大阪市淀川区東三国６丁目,10994,22241,1.36,0.35,54.7,22.9,40,60
27304230080,一般国道４２３号,一般国道４２３号,一般国道４２３号,27123,0,0.4,,57855,,56923,114778,1.35,1.66,45.5,26.8,40,60
27304230090,一般国道４２３号,一般国道４２３号,,27123,0,0.3,,57855,,56923,114778,1.35,1.66,37.4,31.5,40,60
27304230100,一般国道４２３号,,一般国道４２３号,27205,0,0.3,吹田市南吹田５丁目,59905,吹田市南吹田５丁目,60145,120050,1.57,1.14,18.9,30.4,50.5,60
27304230110,一般国道４２３号,一般国道４２３号,,27205,0,0.4,吹田市南吹田５丁目,59905,吹田市南吹田５丁目,60145,120050,1.57,1.14,17.7,28.8,50.5,60
27304230120,一般国道４２３号,,吹田市・豊中市境,27205,0,1.8,吹田市江坂町３丁目,42133,吹田市江坂町３丁目,45009,87142,1.52,0.81,17.5,28.3,50.5,60
27304230130,一般国道４２３号,吹田市・豊中市境,豊中市・吹田市境,27203,0,0.6,吹田市江坂町３丁目,42133,吹田市江坂町３丁目,45009,87142,1.52,0.81,15.1,22.8,51,60
27304230140,一般国道４２３号,豊中市・吹田市境,吹田市・豊中市境,27205,0,1.6,吹田市江坂町３丁目,42133,吹田市江坂町３丁目,45009,87142,1.52,0.84,12.9,38.6,51,60
27304230150,一般国道４２３号,吹田市・豊中市境,一般国道４２３号,27203,0,0.5,豊中市新千里南町２丁目,23005,豊中市新千里南町２丁目,17747,40752,1.48,2.08,19.9,48.8,15.25,60
27304230160,一般国道４２３号,一般国道４２３号,,27203,0,0.6,豊中市新千里南町２丁目,23005,豊中市新千里南町２丁目,17747,40752,1.48,0.75,15.8,55.6,15.25,60
27304230170,一般国道４２３号,,一般国道４２３号,27203,0,0.9,箕面市船場西2丁目,20903,箕面市船場西2丁目,24723,45626,1.38,0.7,19.1,55,15.75,60
27304230180,一般国道４２３号,一般国道４２３号,一般国道４２３号,27203,0,0.4,箕面市船場西2丁目,20903,箕面市船場西2丁目,24723,45626,1.38,2.81,40.3,56.7,15.75,60
27304230190,一般国道４２３号,一般国道４２３号,豊中市・箕面市境,27203,0,0.1,箕面市船場西2丁目,20903,箕面市船場西2丁目,24723,45626,1.38,1.57,43.8,61,15.75,60
27304230200,一般国道４２３号,豊中市・箕面市境,一般国道４２３号,27220,0,0.8,箕面市船場西2丁目,20903,箕面市船場西2丁目,24723,45626,1.38,2.1,34.7,61.7,15.75,60
27304230210,一般国道４２３号,一般国道４２３号,一般国道１７１号,27220,0,0.9,箕面市船場西2丁目,20903,箕面市船場西2丁目,24723,45626,1.38,0.93,24.2,40.1,15.75,60
27304230220,一般国道４２３号,一般国道１７１号,一般国道４２３号,27220,0,0.4,箕面市坊島４丁目,18321,箕面市坊島４丁目,15007,33328,1.36,0.48,19.3,18.6,34,60
27304230230,一般国道４２３号,一般国道４２３号,箕面池田線,27220,0,0.3,箕面市坊島４丁目,18321,箕面市坊島４丁目,15007,33328,1.36,0.97,27.4,9.6,21,60
27304230590,一般国道４２３号,一般国道４２３号,一般国道４２３号,27220,0,6,箕面市下止々呂美,5445,箕面市下止々呂美,5654,11099,1.22,1.13,62.5,62.7,9.5,60
27304230640,一般国道４２３号,一般国道４２３号,箕面市・豊能町境,27220,0,4,箕面市下止々呂美,4143,箕面市下止々呂美,3918,8061,1.26,0.93,37.4,35,12,40
27304230650,一般国道４２３号,箕面市・豊能町境,茨木能勢線（旧）,27321,0,0.2,箕面市下止々呂美,4143,箕面市下止々呂美,3918,8061,1.26,0.87,48.3,46.6,7.5,40
27304230660,一般国道４２３号,茨木能勢線（旧）,茨木能勢線,27321,0,0.7,箕面市下止々呂美,4143,箕面市下止々呂美,3918,8061,1.26,0.84,47.1,42.1,9,40
27304230670,一般国道４２３号,茨木能勢線,余野茨木線,27321,0,1.7,箕面市下止々呂美,4143,箕面市下止々呂美,3918,8061,1.26,0.81,45.4,43.5,10.5,40
27304230680,一般国道４２３号,余野茨木線,余野車作線,27321,0,0.6,箕面市下止々呂美,4143,箕面市下止々呂美,3918,8061,1.26,1.03,26.6,27,11.2,40
27304230690,一般国道４２３号,余野車作線,国崎野間口線,27321,0,1.2,箕面市下止々呂美,4143,箕面市下止々呂美,3918,8061,1.26,0.86,40.4,36.6,11,40
27304230700,一般国道４２３号,国崎野間口線,一般国道４２３号,27321,0,1.2,箕面市下止々呂美,4143,箕面市下止々呂美,3918,8061,1.26,0.9,48.9,48.1,9.5,40
27304230250,一般国道４２３号,一般国道２５号,一般国道１号,27127,0,0.2,大阪市北区豊崎２丁目,1856,大阪市北区豊崎２丁目,11487,13343,1.31,0.71,11,10.8,39.5,40
27304230260,一般国道４２３号,一般国道１号,一般国道４２３号,27127,0,0.3,,13083,,2256,15339,1.31,0.7,10.2,23,39.5,40
27304230270,一般国道４２３号,一般国道４２３号,扇町公園南通線,27127,0,0.4,,13083,,2256,15339,1.31,0.7,15,18.5,39.5,40
27304230280,一般国道４２３号,扇町公園南通線,大阪環状線,27127,0,0.2,,13083,,2256,15339,1.31,0.7,14.4,15.7,39.5,40
27304230290,一般国道４２３号,大阪環状線,一般国道４２３号,27127,0,0.6,,13083,,2256,15339,1.31,0.7,16.3,17.4,39.5,40
27304230300,一般国道４２３号,一般国道４２３号,中津太子橋線,27127,0,0.5,,13083,,2256,15339,1.31,0.7,11.7,16.6,39.5,40
27304230320,一般国道４２３号,一般国道４２３号,十三吹田線,27123,0,0.8,大阪市淀川区宮原１丁目,7457,大阪市淀川区宮原１丁目,6815,14272,1.31,0.74,20.3,10.1,65,40
27304230330,一般国道４２３号,十三吹田線,,27123,0,0.5,,10783,,8691,19474,1.32,0.93,26,14,65,40
27304230350,一般国道４２３号,一般国道４２３号,歌島豊里線,27123,0,0.5,,10783,,8691,19474,1.32,0.68,22,12,65,40
27304230360,一般国道４２３号,歌島豊里線,熊野大阪線,27123,0,0.3,,10783,,8691,19474,1.32,0.68,22.9,24.6,65,40
27304230370,一般国道４２３号,熊野大阪線,一般国道４２３号,27123,0,0.3,,10783,,8691,19474,1.32,0.68,21.8,22.4,65,40
27304230380,一般国道４２３号,一般国道４２３号,庄内新庄線,27123,0,0.2,,10783,,8691,19474,1.32,0.68,17,19.1,65,40
27304230390,一般国道４２３号,庄内新庄線,,27123,0,0.7,,10783,,8691,19474,1.32,0.68,17.1,19.2,65,40
27304230400,一般国道４２３号,,,27123,0,0.2,,10783,,8691,19474,1.32,0.68,24,22.8,65,40
27304230420,一般国道４２３号,一般国道４２３号,一般国道４７９号,27205,0,0.5,吹田市江の木町,11463,吹田市江の木町,10900,22363,1.33,0.59,12.4,12.7,50,40
27304230430,一般国道４２３号,一般国道４７９号,豊中吹田線,27205,0,0.7,吹田市江坂町4丁目,11975,吹田市江坂町4丁目,13950,25925,1.41,0.93,12.6,19.5,50.5,40
27304230440,一般国道４２３号,豊中吹田線,吹田市・豊中市境,27205,0,0.8,吹田市江坂町4丁目,11975,吹田市江坂町4丁目,13950,25925,1.41,0.93,17.5,23,50.5,40
27304230450,一般国道４２３号,吹田市・豊中市境,豊中市・吹田市境,27203,0,0.5,吹田市江坂町4丁目,11975,吹田市江坂町4丁目,13950,25925,1.41,0.42,19.5,17.4,51,40
27304230460,一般国道４２３号,豊中市・吹田市境,豊中摂津線,27205,0,0.9,吹田市江坂町4丁目,11975,吹田市江坂町4丁目,13950,25925,1.41,1.05,11.7,21.3,51,40
27304230470,一般国道４２３号,豊中摂津線,桃山台４１号線,27205,0,0.7,吹田市江坂町4丁目,11975,吹田市江坂町4丁目,13950,25925,1.41,1.05,18.2,27,51,40
27304230480,一般国道４２３号,桃山台４１号線,吹田市・豊中市境,27205,0,0.3,吹田市江坂町4丁目,11975,吹田市江坂町4丁目,13950,25925,1.41,1.05,9.7,35,51,40
27304230490,一般国道４２３号,吹田市・豊中市境,大阪中央環状線（旧）,27203,0,0.2,吹田市江坂町4丁目,11975,吹田市江坂町4丁目,13950,25925,1.41,1.08,18.4,18.6,52.2,40
27304230500,一般国道４２３号,大阪中央環状線（旧）,一般国道４２３号,27203,0,0.3,豊中市新千里南町２丁目,28792,豊中市新千里南町２丁目,21272,50064,1.49,1.25,18,40.7,19.9,40
27304230510,一般国道４２３号,一般国道４２３号,大阪中央環状線,27203,0,0.4,豊中市新千里南町２丁目,28792,豊中市新千里南町２丁目,21272,50064,1.49,1.33,24.6,35.3,19.9,40
27304230520,一般国道４２３号,大阪中央環状線,一般国道４２３号,27203,0,0.5,豊中市新千里南町２丁目,28792,豊中市新千里南町２丁目,21272,50064,1.49,1.33,20.4,50.6,13.5,40
27304230530,一般国道４２３号,一般国道４２３号,,27203,0,0.5,豊中市新千里北町1丁目,19162,豊中市新千里北町1丁目,19566,38728,1.32,2.14,21.6,17.6,23.55,40
27304230540,一般国道４２３号,,豊中市・箕面市境,27203,0,0.5,豊中市新千里北町1丁目,4127,豊中市新千里北町1丁目,3384,7511,1.32,0.52,30.2,41.8,23.55,40
27304230550,一般国道４２３号,豊中市・箕面市境,一般国道４２３号,27220,0,0.1,豊中市新千里北町1丁目,4127,豊中市新千里北町1丁目,3384,7511,1.32,0.39,40.5,29.2,23.55,40
27304230560,一般国道４２３号,一般国道４２３号,一般国道４２３号,27220,0,0.9,豊中市新千里北町1丁目,4127,豊中市新千里北町1丁目,3384,7511,1.32,0.39,14.7,26.9,23.55,40
27304230570,一般国道４２３号,一般国道４２３号,一般国道１７１号,27220,0,0.5,豊中市新千里北町1丁目,4127,豊中市新千里北町1丁目,3384,7511,1.32,0.63,30.5,17.1,23.55,40
27304230610,一般国道４２３号,一般国道１７３号,高速大阪池田線,27204,0,0.3,池田市伏尾町97,4783,池田市伏尾町97,4045,8828,1.3,0.76,9,28.2,27,40
27304230620,一般国道４２３号,高速大阪池田線,池田市・箕面市境,27204,0,4.5,池田市伏尾町97,4783,池田市伏尾町97,4045,8828,1.3,0.7,28.2,33.6,15.5,40
27304230622,一般国道４２３号,池田市・箕面市境,豊能池田線,27220,0,0.9,池田市伏尾町97,4783,池田市伏尾町97,4045,8828,1.3,1.02,38.6,29.2,7.4,40
27304230624,一般国道４２３号,豊能池田線,新名神高速道路,27220,0,0.2,箕面市下止々呂美,3980,箕面市下止々呂美,3851,7831,1.3,1.01,25.2,29.8,7.4,40
27304230800,一般国道４２３号,新名神高速道路,一般国道４２３号,27220,0,0.3,,,,,,,,28,21.8,7.4,40
27301710310,一般国道４２３号,一般国道１７１号,箕面市・豊中市境,27220,0,0.5,池田市石橋1丁目,2667,池田市石橋1丁目,3423,6090,1.31,0.57,23.9,23.2,12,40
27301710320,一般国道４２３号,箕面市・豊中市境,豊中市・池田市境,27203,0,0.1,池田市石橋1丁目,2667,池田市石橋1丁目,3423,6090,1.31,0.51,35.8,16.9,12,40
27301710330,一般国道４２３号,豊中市・池田市境,大阪池田線,27204,0,0.1,池田市石橋1丁目,2667,池田市石橋1丁目,3423,6090,1.31,0.54,13.9,5.8,12,40
27304770010,一般国道４７７号,一般国道４７７号,吉野下田尻線,27322,0,1.2,豊能郡能勢町字地黄,1133,豊能郡能勢町字地黄,1280,2413,1.21,0.31,44.7,46.2,9.5,40
27304770020,一般国道４７７号,吉野下田尻線,亀岡能勢線,27322,0,1.8,豊能郡能勢町字地黄,1133,豊能郡能勢町字地黄,1280,2413,1.21,0.32,38.7,35.5,9.5,30
27304770025,一般国道４７７号,亀岡能勢線,東郷南北線,27322,0,0.9,豊能郡能勢町字地黄,1133,豊能郡能勢町字地黄,1280,2413,1.21,0.32,38.5,39.1,9.5,30
27304770070,一般国道４７７号,東郷南北線,茨木能勢線,27322,0,2.5,豊能郡能勢町字地黄,1133,豊能郡能勢町字地黄,1280,2413,1.21,0.29,48,47.2,10,40
27304770080,一般国道４７７号,茨木能勢線,,27322,0,0.5,豊能郡能勢町本滝口,1262,豊能郡能勢町本滝口,1606,2868,1.22,0.41,35.5,36.6,10,40
27304770050,一般国道４７７号,,一般国道４７７号,27322,0,0.9,,996,,1032,2028,1.21,0.27,44.1,45.1,7,40
27304770100,一般国道４７７号,豊能池田線,一般国道４７７号,27321,0,1.7,豊能郡豊能町光風台5丁目,2743,豊能郡豊能町光風台5丁目,3009,5752,1.2,0.46,30.6,32.2,13.9,40
27304770095,一般国道４７７号,一般国道４７７号,豊能池田線,27321,0,2.1,,3203,,2729,5932,1.19,0.69,37.6,36.4,14.3,40
27304790010,一般国道４７９号,西宮豊中線,豊中市・吹田市境,27203,0,1,吹田市江の木町,14313,吹田市江の木町,16037,30350,1.48,2.11,14,18.5,20,50
27304790020,一般国道４７９号,豊中市・吹田市境,熊野大阪線,27205,0,0.4,吹田市江の木町,14313,吹田市江の木町,16037,30350,1.48,1.12,19.4,15.3,20.1,50
27304790030,一般国道４７９号,熊野大阪線,一般国道４２３号,27205,0,0.5,吹田市江の木町,14313,吹田市江の木町,16037,30350,1.48,1.12,23.6,9.8,20.1,50
27304790040,一般国道４７９号,一般国道４２３号,大阪高槻京都線,27205,0,2.1,吹田市穂波町,12452,吹田市穂波町,12873,25325,1.34,1.04,18,20.6,20.1,50
27304790050,一般国道４７９号,大阪高槻京都線,,27205,0,0.3,吹田市寿町１丁目,16988,吹田市寿町１丁目,17065,34053,1.38,1.39,32.3,20,20.1,50
27304790055,一般国道４７９号,,大阪高槻京都線（新）,27205,0,0.4,吹田市寿町１丁目,16988,吹田市寿町１丁目,17065,34053,1.38,1.39,26.1,15.1,20.1,50
27304790060,一般国道４７９号,大阪高槻京都線（新）,,27205,0,1,吹田市寿町１丁目,16988,吹田市寿町１丁目,17065,34053,1.38,1.39,15.2,11.2,20.1,50
27304790070,一般国道４７９号,,大阪高槻京都線,27114,0,0,,16989,,17427,34416,1.36,1.27,12.9,10.6,30,60
27304790080,一般国道４７９号,大阪高槻京都線,大阪高槻線,27114,0,1.3,大阪市旭区太子橋２丁目,15645,大阪市旭区太子橋２丁目,17119,32764,1.35,1.41,15.9,21,30,60
27304790090,一般国道４７９号,大阪高槻線,大阪市東淀川区・大阪市旭区境,27114,0,1.5,大阪市旭区太子橋２丁目,15645,大阪市旭区太子橋２丁目,17119,32764,1.35,1.41,25.7,33.2,30,60
27304790100,一般国道４７９号,大阪市東淀川区・大阪市旭区境,,27117,0,0.4,大阪市旭区太子橋２丁目,15645,大阪市旭区太子橋２丁目,17119,32764,1.35,0.99,50,10.7,30,60
27304790110,一般国道４７９号,,一般国道１号,27209,0,0.2,守口市梅園町,11688,守口市梅園町,12380,24068,1.33,1.01,25.3,5.1,25,60
27304790120,一般国道４７９号,一般国道１号,,27209,0,0.9,守口市梅園町,11688,守口市梅園町,12380,24068,1.33,1.01,4.2,19.6,25,60
27304790130,一般国道４７９号,,深野南寺方大阪線,27117,0,0,,14244,,14619,28863,1.35,1.1,20.6,34,25,60
27304790140,一般国道４７９号,深野南寺方大阪線,一般国道１６３号,27117,0,1.1,,14244,,14619,28863,1.35,1.1,23.4,18.9,25,60
27304790150,一般国道４７９号,一般国道１６３号,鶴見区第９００１号線,27124,0,0.9,,15433,,12812,28245,1.35,0.91,17.9,14.9,25,60
27304790160,一般国道４７９号,鶴見区第９００１号線,大阪生駒線,27118,0,0.6,,15564,,18883,34447,1.36,1.15,16,12.7,25,60
27304790170,一般国道４７９号,大阪生駒線,石切大阪線,27118,0,0.7,大阪市鶴見区鶴見４丁目,14372,大阪市鶴見区鶴見４丁目,13848,28220,1.35,0.89,9.2,20.8,25,60
27304790180,一般国道４７９号,石切大阪線,片町徳庵線,27118,0,0.8,大阪市鶴見区鶴見４丁目,14372,大阪市鶴見区鶴見４丁目,13848,28220,1.35,0.89,16.5,13.6,25,60
27304790190,一般国道４７９号,片町徳庵線,,27118,0,0.4,大阪市鶴見区鶴見４丁目,14372,大阪市鶴見区鶴見４丁目,13848,28220,1.35,0.89,11.5,25.5,25,60
27304790200,一般国道４７９号,,一般国道３０８号,27118,0,1,大阪市鶴見区鶴見４丁目,14372,大阪市鶴見区鶴見４丁目,13848,28220,1.35,0.88,18.5,12.3,25,60
27304790220,一般国道４７９号,一般国道３０８号,大阪市東成区・大阪市生野区境,27115,0,0.4,大阪市生野区巽南3丁目,15626,大阪市生野区巽南3丁目,16286,31912,1.3,1.02,11.9,20.2,26.9,60
27304790230,一般国道４７９号,大阪市東成区・大阪市生野区境,平野守口線,27116,0,0.3,大阪市生野区巽南3丁目,15626,大阪市生野区巽南3丁目,16286,31912,1.3,1.1,15.7,24.1,26.9,60
27304790240,一般国道４７９号,平野守口線,大阪八尾線,27116,0,0.9,大阪市生野区巽南3丁目,15626,大阪市生野区巽南3丁目,16286,31912,1.3,1.1,20.5,11.9,26.9,60
27304790250,一般国道４７９号,大阪八尾線,巽生野加美線,27116,0,1.2,大阪市生野区巽南3丁目,15626,大阪市生野区巽南3丁目,16286,31912,1.3,1.1,16.5,20.1,26.9,60
27304790260,一般国道４７９号,巽生野加美線,平野守口線,27116,0,0.2,大阪市生野区巽南3丁目,15626,大阪市生野区巽南3丁目,16286,31912,1.3,1.1,16.6,20.1,26.9,60
27304790270,一般国道４７９号,平野守口線,大阪市生野区・大阪市平野区境,27116,0,0.6,大阪市生野区巽南3丁目,15626,大阪市生野区巽南3丁目,16286,31912,1.3,1.1,22,24.5,26.9,60
27304790280,一般国道４７９号,大阪市生野区・大阪市平野区境,一般国道２５号,27126,0,0.7,大阪市生野区巽南3丁目,15626,大阪市生野区巽南3丁目,16286,31912,1.3,1.02,13.1,25.1,26.9,60
27304790290,一般国道４７９号,一般国道２５号,高速大阪松原線,27126,0,0.8,大阪市平野区喜連西５丁目,15504,大阪市平野区喜連西５丁目,12541,28045,1.35,0.65,15.7,18.3,40.25,60
27304790300,一般国道４７９号,高速大阪松原線,大阪港八尾線,27126,0,0.2,大阪市平野区喜連西５丁目,15504,大阪市平野区喜連西５丁目,12541,28045,1.35,0.65,22.8,8.4,40.25,60
27304790310,一般国道４７９号,大阪港八尾線,高速大阪松原線,27126,0,1.3,大阪市平野区喜連西５丁目,15504,大阪市平野区喜連西５丁目,12541,28045,1.35,0.65,16.1,16.2,40.25,60
27304790330,一般国道４７９号,一般国道３０９号,大阪市平野区・大阪市東住吉区境,27126,0,0.5,大阪市東住吉区湯里４丁目,13544,大阪市東住吉区湯里４丁目,15237,28781,1.35,0.97,17.2,42.6,25,60
27304790340,一般国道４７９号,大阪市平野区・大阪市東住吉区境,東住吉区第１１２４号線,27121,0,0.2,大阪市東住吉区湯里４丁目,13544,大阪市東住吉区湯里４丁目,15237,28781,1.35,0.94,19,19.2,25,60
27304790350,一般国道４７９号,東住吉区第１１２４号線,大阪狭山線,27121,0,1.1,大阪市東住吉区湯里４丁目,13544,大阪市東住吉区湯里４丁目,15237,28781,1.35,0.94,18.7,23.9,25,60
27304790360,一般国道４７９号,大阪狭山線,,27121,0,0.3,大阪市東住吉区湯里４丁目,13544,大阪市東住吉区湯里４丁目,15237,28781,1.35,0.94,17.3,31.1,25,60
27304790370,一般国道４７９号,,大阪高石線,27121,0,0.9,大阪市住吉区長居東1,13500,大阪市住吉区長居東1,12195,25695,1.43,0.78,29.3,14.8,25,60
27304790380,一般国道４７９号,大阪高石線,大阪和泉泉南線,27120,0,1.2,大阪市住吉区長居東1,13500,大阪市住吉区長居東1,12195,25695,1.43,1.25,15.8,17.3,25,50
27304790390,一般国道４７９号,大阪和泉泉南線,大阪市住吉区・大阪市住之江区境,27120,0,0.9,,10997,,11953,22950,1.33,1.32,6.7,6,25,50
27304790400,一般国道４７９号,大阪市住吉区・大阪市住之江区境,一般国道２６号,27125,0,0.4,,10997,,11953,22950,1.33,0.91,9.5,11.6,25,50
27304800010,一般国道４８０号,一般国道２６号,大阪和泉泉南線,27219,0,0.6,和泉市阪本町,5636,和泉市阪本町,5736,11372,1.37,0.88,11.6,15.7,12,40
27304800020,一般国道４８０号,大阪和泉泉南線,富田林泉大津線,27219,0,2.1,和泉市阪本町,5636,和泉市阪本町,5736,11372,1.37,1.04,14.8,17.1,11,40
27304800030,一般国道４８０号,富田林泉大津線,富田林泉大津線（新）,27219,0,2.1,和泉市府中町,12116,和泉市府中町,11680,23796,1.37,1.98,22.1,11.3,10,40
27304800040,一般国道４８０号,富田林泉大津線（新）,和田福泉線,27219,0,1.3,和泉市府中町,12116,和泉市府中町,11680,23796,1.37,1.74,15.6,24.9,8,40
27304800050,一般国道４８０号,和田福泉線,三林岡山線,27219,0,0.3,和泉市平井町,4313,和泉市平井町,5907,10220,1.28,1.03,11.4,11.8,8.4,40
27304800060,一般国道４８０号,三林岡山線,一般国道１７０号,27219,0,3.8,和泉市平井町,4313,和泉市平井町,5907,10220,1.28,0.97,21.3,23.6,11,40
27304800080,一般国道４８０号,一般国道１７０号,大野父鬼線,27219,0,1.4,,273,,266,539,1.17,0.09,37.8,47.3,9.5,30
27304800090,一般国道４８０号,大野父鬼線,大野父鬼線,27219,0,0.2,,273,,266,539,1.17,0.08,44.3,37.5,10,30
27304800150,一般国道４８０号,大野父鬼線,一般国道４８０号,27219,0,2.6,一般国道480号線,3988,一般国道480号線,4182,8170,1.27,0.87,60.2,58.2,10.5,50
27304800170,一般国道４８０号（鍋谷峠道路）,一般国道４８０号,一般国道４８０号（鍋谷峠道路）,27219,0,2.7,一般国道480号線,3988,一般国道480号線,4182,8170,1.27,0.87,64.8,62.6,10.5,50
27304800105,一般国道４８０号,父鬼和気線,一般国道４８０号,27219,0,2,,273,,266,539,1.17,0.07,40.2,39.7,13.5,30
27304800110,一般国道４８０号,一般国道４８０号,（元）一般国道４８０号,27219,0,5,,273,,266,539,1.17,0.07,32.9,28.9,13.5,30
27304810010,一般国道４８１号,,関西空港自動車道,27213,1,4.6,りんくうJCT～関西国際空港IC,6359,りんくうJCT～関西国際空港IC,5643,12002,1.53,0.17,73.2,80.8,29.5,80
27304810020,一般国道４８１号,大阪臨海線,泉佐野岩出線,27213,0,0.7,泉佐野市りんくう往来北1丁目,8306,泉佐野市りんくう往来北1丁目,7164,15470,1.3,0.64,25.1,17.2,48.5,60
27304810030,一般国道４８１号,泉佐野岩出線,一般国道２６号,27213,0,0.9,泉佐野市りんくう往来北1丁目,8306,泉佐野市りんくう往来北1丁目,7164,15470,1.3,0.64,18.2,16,48.5,60
27304810040,一般国道４８１号,一般国道２６号,関西空港自動車道,27213,0,0.2,泉佐野市長滝,6069,泉佐野市長滝,5195,11264,1.26,0.36,13.6,44.3,39,60
27304810050,一般国道４８１号,関西空港自動車道,和歌山貝塚線,27213,0,0.4,泉佐野市長滝,6069,泉佐野市長滝,5195,11264,1.26,0.36,40.2,24.8,39,60
27304810060,一般国道４８１号,和歌山貝塚線,大阪和泉泉南線,27213,0,1.1,泉佐野市長滝,6069,泉佐野市長滝,5195,11264,1.26,0.36,20.4,21.7,39,60
27304810070,一般国道４８１号,大阪和泉泉南線,大阪和泉泉南線（新）,27213,0,0.9,泉佐野市長滝,6069,泉佐野市長滝,5195,11264,1.26,0.36,58.6,50.6,39,60
27304810080,一般国道４８１号,大阪和泉泉南線（新）,日根野羽倉崎線,27213,0,0.9,泉佐野市長滝,6069,泉佐野市長滝,5195,11264,1.26,0.36,24.9,20.8,39,60
27304810090,一般国道４８１号,日根野羽倉崎線,関西空港自動車道,27213,0,0.7,泉佐野市長滝,6069,泉佐野市長滝,5195,11264,1.26,0.36,27,18.5,39,60
27400010010,茨木摂津線,茨木亀岡線,,27211,0,0.4,,2169,,2325,4494,1.25,0.61,20.1,48.2,11.75,30
27400010020,茨木摂津線,,茨木摂津線,27211,0,2.9,,2169,,2325,4494,1.25,0.61,32.6,32,11.75,30
27400010040,茨木摂津線,豊中亀岡線,茨木摂津線,27211,0,0.1,茨木市大岩,2875,茨木市大岩,3388,6263,1.25,0.87,17.6,29.8,9,30
27400010045,茨木摂津線,茨木摂津線,茨木摂津線,27211,0,2.3,茨木市大岩,2875,茨木市大岩,3388,6263,1.25,0.87,35.8,37.4,9,30
27400010050,茨木摂津線,茨木摂津線,忍頂寺福井線,27211,0,0.7,茨木市大岩,2875,茨木市大岩,3388,6263,1.25,0.87,35.2,38.2,9,30
27400010060,茨木摂津線,忍頂寺福井線,余野茨木線,27211,0,1.5,茨木市大岩,2875,茨木市大岩,3388,6263,1.25,0.87,27.7,29.4,9,30
27400010070,茨木摂津線,余野茨木線,余野茨木線,27211,0,0.4,茨木市大岩,2875,茨木市大岩,3388,6263,1.25,0.94,35.7,29.4,9,30
27400010075,茨木摂津線,余野茨木線,茨木摂津線,27211,0,1.9,茨木市大岩,2875,茨木市大岩,3388,6263,1.25,0.94,24.5,25.6,9,30
27400010080,茨木摂津線,茨木摂津線,,27211,0,0.2,茨木市大岩,2875,茨木市大岩,3388,6263,1.25,0.94,12.5,12.7,9,30
27400010090,茨木摂津線,,茨木市・箕面市境,27211,0,0.5,,1523,,1762,3285,1.25,0.35,56.9,63.3,9,30
27400010100,茨木摂津線,茨木市・箕面市境,茨木能勢線,27220,0,0.3,,2064,,2569,4633,1.25,0.2,60.8,69.1,56.75,50
27400010110,茨木摂津線,茨木能勢線,箕面市・茨木市境,27220,0,1,箕面市彩都粟生南1丁目,6237,箕面市彩都粟生南1丁目,6249,12486,1.28,0.26,60.8,66.1,35,50
27400010120,茨木摂津線,箕面市・茨木市境,一般国道１７１号,27211,0,0.5,,5298,,4986,10284,1.27,0.27,60.7,50.1,45,50
27400010130,茨木摂津線,一般国道１７１号,茨木市・吹田市境,27211,0,2.5,茨木市南春日丘7丁目,15368,茨木市南春日丘7丁目,15736,31104,1.3,1.2,23.5,21.2,22.5,50
27400010140,茨木摂津線,茨木市・吹田市境,茨木摂津線,27205,0,0.1,茨木市南春日丘7丁目,15368,茨木市南春日丘7丁目,15736,31104,1.3,0.89,27.3,15.7,22.5,50
27400010150,茨木摂津線,茨木摂津線,南千里茨木停車場線,27205,0,0.9,吹田市千里万博公園9,0,吹田市千里万博公園9,26328,26328,1.35,0.71,,30.5,22,60
27400010160,茨木摂津線,南千里茨木停車場線,近畿自動車道,27205,0,0.4,吹田市千里万博公園9,0,吹田市千里万博公園9,26328,26328,1.35,0.71,,27.2,22,60
27400010170,茨木摂津線,近畿自動車道,茨木摂津線,27205,0,0.7,吹田市千里万博公園9,0,吹田市千里万博公園9,26328,26328,1.35,0.71,,34.1,22,60
27400010180,茨木摂津線,茨木摂津線,大阪中央環状線（旧）,27205,0,1.3,吹田市山田東３丁目,10935,吹田市山田東３丁目,11525,22460,1.32,1.28,21.7,15.6,23.85,40
27400010190,茨木摂津線,大阪中央環状線（旧）,吹田市・摂津市境,27205,0,0.5,吹田市山田東３丁目,10935,吹田市山田東３丁目,11525,22460,1.32,1.28,17.8,17.2,23.85,40
27400010200,茨木摂津線,吹田市・摂津市境,大阪高槻京都線,27224,0,0.4,吹田市山田東３丁目,10935,吹田市山田東３丁目,11525,22460,1.32,0.94,19,8.2,22,40
27400010270,茨木摂津線,茨木摂津線,,27211,0,1.1,茨木市彩都あさぎ７丁目,4210,茨木市彩都あさぎ７丁目,4585,8795,1.27,1.14,56.4,51.7,13.7,40
27400010220,茨木摂津線,茨木摂津線,大阪中央環状線,27205,0,1.1,吹田市千里万博公園,0,吹田市千里万博公園,16249,16249,1.31,0.43,,33.4,21.5,60
27400010230,茨木摂津線,大阪中央環状線,南千里茨木停車場線,27205,0,0.2,吹田市千里万博公園,0,吹田市千里万博公園,16249,16249,1.31,0.43,,43.8,21.5,60
27400010240,茨木摂津線,南千里茨木停車場線,南千里茨木停車場線,27205,0,0.3,吹田市千里万博公園,0,吹田市千里万博公園,16249,16249,1.31,0.43,,50.1,21.5,60
27400010250,茨木摂津線,南千里茨木停車場線,茨木摂津線,27205,0,1,吹田市千里万博公園,0,吹田市千里万博公園,16249,16249,1.31,0.43,,23,21.5,60
27400010290,茨木摂津線,茨木摂津線,新名神高速道路,27211,0,0.5,,,,,,,,30.3,39.9,34,40
27400010310,茨木摂津線,茨木亀岡線,忍頂寺福井線,27211,0,0.9,茨木市彩都はなだ２丁目,2028,茨木市彩都はなだ２丁目,1857,3885,1.25,0.6,37.7,41.5,25,50
27400020010,大阪中央環状線,一般国道３１０号,堺羽曳野線（旧）,27141,0,0.8,堺市堺区向陵西町4丁,28086,堺市堺区向陵西町4丁,27701,55787,1.36,0.96,15.4,18.6,37,60
27400020020,大阪中央環状線,堺羽曳野線（旧）,堺富田林線,27141,0,0.1,堺市堺区向陵西町4丁,28086,堺市堺区向陵西町4丁,27701,55787,1.36,0.96,15.2,21.1,37,60
27400020030,大阪中央環状線,堺富田林線,堺市堺区・堺市北区境,27141,0,0.1,堺市北区長曽根町,25291,堺市北区長曽根町,26953,52244,1.36,0.97,15.1,41.9,37,60
27400020040,大阪中央環状線,堺市堺区・堺市北区境,大阪高石線,27146,0,0.3,堺市北区長曽根町,25291,堺市北区長曽根町,26953,52244,1.36,0.91,19.2,20.7,37.3,60
27400020050,大阪中央環状線,大阪高石線,大阪高石線（新）,27146,0,1.2,堺市北区長曽根町,25291,堺市北区長曽根町,26953,52244,1.36,0.91,21.5,27.1,37.3,60
27400020060,大阪中央環状線,大阪高石線（新）,我堂金岡線,27146,0,0.6,堺市北区新金岡町5丁,30024,堺市北区新金岡町5丁,30096,60120,1.36,0.94,28.8,18.1,37.3,60
27400020070,大阪中央環状線,我堂金岡線,我堂金岡線（新）,27146,0,0.5,堺市北区新金岡町5丁,30024,堺市北区新金岡町5丁,30096,60120,1.36,0.94,26.9,12.6,37.3,60
27400020080,大阪中央環状線,我堂金岡線（新）,堺羽曳野線（旧）,27146,0,0.2,堺市北区八下北2,28571,堺市北区八下北2,29519,58090,1.41,0.9,12.2,21.2,37.3,60
27400020090,大阪中央環状線,堺羽曳野線（旧）,大阪狭山線,27146,0,1.5,堺市北区八下北2,28571,堺市北区八下北2,29519,58090,1.41,0.9,27.2,25.8,37.3,60
27400020100,大阪中央環状線,大阪狭山線,堺市北区・堺市美原区境,27146,0,0.4,堺市北区八下北2,28571,堺市北区八下北2,29519,58090,1.41,0.9,13.9,43.1,37.3,60
27400020110,大阪中央環状線,堺市北区・堺市美原区境,,27147,0,0.2,堺市北区八下北2,28571,堺市北区八下北2,29519,58090,1.41,0.86,26.9,51.2,41.15,60
27400020120,大阪中央環状線,,一般国道３０９号,27217,0,0.3,松原市岡,23461,松原市岡,21684,45145,1.36,0.85,43.5,53.8,30,40
27400020130,大阪中央環状線,一般国道３０９号,松原市・堺市美原区境,27217,0,0.6,松原市岡,23461,松原市岡,21684,45145,1.36,1.52,25.3,25.4,37,40
27400020140,大阪中央環状線,松原市・堺市美原区境,堺羽曳野線,27147,0,0.4,松原市岡,23461,松原市岡,21684,45145,1.36,0.87,18.8,15.7,37,40
27400020150,大阪中央環状線,堺羽曳野線,堺市美原区・松原市境,27147,0,0,松原市松ヶ丘4丁目,27826,松原市松ヶ丘4丁目,24537,52363,1.46,1.75,9.2,15.4,52,50
27400020155,大阪中央環状線,堺市美原区・松原市境,堺羽曳野線（旧）,27217,0,0.1,松原市松ヶ丘4丁目,27826,松原市松ヶ丘4丁目,24537,52363,1.46,0.83,10.5,19,52,50
27400020160,大阪中央環状線,堺羽曳野線（旧）,堺大和高田線,27217,0,1.4,松原市松ヶ丘4丁目,27826,松原市松ヶ丘4丁目,24537,52363,1.46,1.74,21.1,18.2,60,50
27400020170,大阪中央環状線,堺大和高田線,近畿自動車道,27217,0,0.7,松原市松ヶ丘4丁目,27826,松原市松ヶ丘4丁目,24537,52363,1.46,1.74,16,11.4,60,50
27400020180,大阪中央環状線,近畿自動車道,大堀堺線（新）,27217,0,0.5,松原市松ヶ丘4丁目,27826,松原市松ヶ丘4丁目,24537,52363,1.46,1.35,22.8,14.8,60,50
27400020190,大阪中央環状線,大堀堺線（新）,郡戸大堀線,27217,0,0.6,松原市松ヶ丘4丁目,27826,松原市松ヶ丘4丁目,24537,52363,1.46,1.35,17,24.9,60,50
27400020200,大阪中央環状線,郡戸大堀線,住吉八尾線,27217,0,0.4,松原市松ヶ丘4丁目,27826,松原市松ヶ丘4丁目,24537,52363,1.46,1.42,17.5,35.6,60,50
27400020210,大阪中央環状線,住吉八尾線,,27217,0,0.2,松原市松ヶ丘4丁目,27826,松原市松ヶ丘4丁目,24537,52363,1.46,1.42,21,52.3,60,50
27400020220,大阪中央環状線,,出戸川辺線,27126,0,1,,33274,,27379,60653,1.36,1.29,36.8,22.5,75,60
27400020230,大阪中央環状線,出戸川辺線,近畿自動車道,27126,0,0.4,,34453,,33631,68084,1.36,1.36,31,27.1,75,60
27400020240,大阪中央環状線,近畿自動車道,住吉八尾線,27126,0,0.6,,34453,,33631,68084,1.36,1.36,25.8,14.4,75,60
27400020250,大阪中央環状線,住吉八尾線,住吉八尾線,27126,0,0.7,,34453,,33631,68084,1.36,1.36,15.5,10.8,75,60
27400020260,大阪中央環状線,住吉八尾線,,27126,0,0,,8683,,8291,16974,1.31,0.25,10.8,27.5,75,60
27400020270,大阪中央環状線,,,27212,0,0.1,,31430,,37896,69326,1.36,1.07,11.1,24.5,34.95,50
27400020280,大阪中央環状線,,,27126,0,0.1,,33577,,33592,67169,1.36,3.82,11.2,19.5,15,50
27400020290,大阪中央環状線,,,27212,0,0,八尾市南亀井町３丁目,30212,八尾市南亀井町３丁目,29697,59909,1.36,1.43,12.7,17.8,42.05,50
27400020300,大阪中央環状線,,一般国道２５号,27212,0,0.3,八尾市南亀井町３丁目,30212,八尾市南亀井町３丁目,29697,59909,1.36,1.43,15.1,15.6,42.05,50
27400020310,大阪中央環状線,一般国道２５号,,27126,0,0.7,,33577,,33592,67169,1.36,3.82,15.4,17.8,15,50
27400020320,大阪中央環状線,,大阪港八尾線,27212,0,0.2,,33577,,33592,67169,1.36,1.33,25.9,14.3,42.5,50
27400020330,大阪中央環状線,大阪港八尾線,近畿自動車道,27212,0,0.8,八尾市西久宝寺,28948,八尾市西久宝寺,35158,64106,1.36,2.14,28.4,16.1,38.35,50
27400020340,大阪中央環状線,近畿自動車道,八尾市・東大阪市境,27212,0,0.3,八尾市西久宝寺,28948,八尾市西久宝寺,35158,64106,1.36,2.14,10.3,40.9,38.35,50
27400020350,大阪中央環状線,八尾市・東大阪市境,大阪八尾線,27227,0,0.1,八尾市西久宝寺,28948,八尾市西久宝寺,35158,64106,1.36,2.04,9,40,43,50
27400020360,大阪中央環状線,大阪八尾線,東大阪市・八尾市境,27227,0,0.4,八尾市西久宝寺,28948,八尾市西久宝寺,35158,64106,1.36,2.04,11,25.1,43,50
27400020370,大阪中央環状線,東大阪市・八尾市境,大阪中央環状線（旧）,27212,0,0.4,八尾市西久宝寺,28948,八尾市西久宝寺,35158,64106,1.36,1.21,13.5,24.7,44.5,50
27400020380,大阪中央環状線,大阪中央環状線（旧）,八尾市・東大阪市境,27212,0,0.5,東大阪市友井5丁目,28941,東大阪市友井5丁目,32476,61417,1.44,0.65,19.6,40.6,89.35,60
27400020390,大阪中央環状線,八尾市・東大阪市境,東大阪市・八尾市境,27227,0,0.3,東大阪市友井5丁目,28941,東大阪市友井5丁目,32476,61417,1.44,0.8,36.3,21.6,66.3,60
27400020400,大阪中央環状線,東大阪市・八尾市境,八尾道明寺線,27212,0,0.1,東大阪市友井5丁目,28941,東大阪市友井5丁目,32476,61417,1.44,0.61,22.1,14.4,64.63,60
27400020410,大阪中央環状線,八尾道明寺線,八尾市・東大阪市境,27212,0,0.6,東大阪市友井5丁目,28941,東大阪市友井5丁目,32476,61417,1.44,0.61,15.5,28.5,64.63,60
27400020420,大阪中央環状線,八尾市・東大阪市境,近畿自動車道,27227,0,0.1,東大阪市友井5丁目,28941,東大阪市友井5丁目,32476,61417,1.44,0.85,46,16.9,64.2,60
27400020430,大阪中央環状線,近畿自動車道,大阪東大阪線,27227,0,0.4,東大阪市友井5丁目,28941,東大阪市友井5丁目,32476,61417,1.44,0.85,36.8,7.3,64.2,60
27400020435,大阪中央環状線,大阪東大阪線,岩田瓢箪山線,27227,0,0.9,東大阪市友井5丁目,28941,東大阪市友井5丁目,32476,61417,1.44,0.85,17.7,19.7,64.2,60
27400020440,大阪中央環状線,岩田瓢箪山線,八尾茨木線,27227,0,0.8,東大阪市友井5丁目,28941,東大阪市友井5丁目,32476,61417,1.44,0.85,19.7,29.8,64.2,60
27400020450,大阪中央環状線,八尾茨木線,一般国道３０８号,27227,0,0.9,東大阪市友井5丁目,28941,東大阪市友井5丁目,32476,61417,1.44,1.01,13.5,28.8,68.55,60
27400020460,大阪中央環状線,一般国道３０８号,近畿自動車道,27227,0,2.2,東大阪市本庄西,47938,東大阪市本庄西,51801,99739,1.35,1.83,21.6,20,64.6,50
27400020470,大阪中央環状線,近畿自動車道,,27227,0,0.4,東大阪市本庄西,47938,東大阪市本庄西,51801,99739,1.35,1.83,18.2,24.2,64.6,50
27400020480,大阪中央環状線,,,27124,0,0.3,,42950,,38932,81882,1.35,1.73,35.7,14.8,110,50
27400020490,大阪中央環状線,,大阪生駒線,27124,0,0.1,,42950,,38932,81882,1.35,1.73,15.8,8.2,110,50
27400020500,大阪中央環状線,大阪生駒線,大東市・大阪市鶴見区境,27218,0,0.1,,42950,,38932,81882,1.35,1.73,5.8,27.6,110,50
27400020510,大阪中央環状線,大東市・大阪市鶴見区境,近畿自動車道,27124,0,0.7,大阪市鶴見区茨田大宮２丁目,48002,大阪市鶴見区茨田大宮２丁目,45851,93853,1.35,2.25,14.3,15.3,110,50
27400020520,大阪中央環状線,近畿自動車道,,27124,0,0.3,大阪市鶴見区茨田大宮２丁目,48002,大阪市鶴見区茨田大宮２丁目,45851,93853,1.35,2.25,18.1,14.3,110,50
27400020530,大阪中央環状線,,八尾茨木線,27223,0,0.1,門真市ひえ島町,42557,門真市ひえ島町,39612,82169,1.41,1.31,15.2,14.3,61,60
27400020540,大阪中央環状線,八尾茨木線,一般国道１号,27223,0,0.2,門真市ひえ島町,42557,門真市ひえ島町,39612,82169,1.41,1.31,15.4,9.7,61,60
27400020550,大阪中央環状線,一般国道１号,近畿自動車道,27223,0,0.9,門真市ひえ島町,42557,門真市ひえ島町,39612,82169,1.41,1.31,24,26.5,61,60
27400020560,大阪中央環状線,近畿自動車道,門真市・守口市境,27223,0,0.1,門真市松生町,36944,門真市松生町,36407,73351,1.44,1.17,14.8,28.7,61,60
27400020570,大阪中央環状線,門真市・守口市境,大阪中央環状線（旧）,27209,0,0.5,門真市松生町,36944,門真市松生町,36407,73351,1.44,1.27,35.1,23.2,57,60
27400020580,大阪中央環状線,大阪中央環状線（旧）,守口市・門真市境,27209,0,0.1,門真市松生町,36944,門真市松生町,36407,73351,1.44,1.27,33.4,22.4,57,60
27400020590,大阪中央環状線,守口市・門真市境,一般国道１６３号,27223,0,0.8,門真市松生町,36944,門真市松生町,36407,73351,1.44,1.66,23.7,29,38.6,60
27400020600,大阪中央環状線,一般国道１６３号,守口門真線,27223,0,0.9,門真市堂山町,42283,門真市堂山町,34350,76633,1.35,1.62,35.1,20.5,38.6,60
27400020610,大阪中央環状線,守口門真線,金田門真停車場線,27223,0,0.2,門真市堂山町,42283,門真市堂山町,34350,76633,1.35,1.62,29.9,13.6,38.6,60
27400020620,大阪中央環状線,金田門真停車場線,金田門真停車場線,27223,0,0.1,門真市堂山町,42283,門真市堂山町,34350,76633,1.35,1.62,24,14.5,38.6,60
27400020630,大阪中央環状線,金田門真停車場線,門真市・守口市境,27223,0,0.2,門真市堂山町,42283,門真市堂山町,34350,76633,1.35,1.62,19.6,14.2,38.6,60
27400020640,大阪中央環状線,門真市・守口市境,一般国道１号,27209,0,0.4,門真市堂山町,42283,門真市堂山町,34350,76633,1.35,0.65,22.8,12.8,80,60
27400020660,大阪中央環状線,一般国道１号,守口市・摂津市境,27209,0,0.5,守口市大日町4丁目,47168,守口市大日町4丁目,40358,87526,1.48,1.27,45.8,15.2,38.5,60
27400020670,大阪中央環状線,守口市・摂津市境,正雀一津屋線,27224,0,0.4,守口市大日町4丁目,47168,守口市大日町4丁目,40358,87526,1.48,1.59,41,15.2,66,60
27400020680,大阪中央環状線,正雀一津屋線,近畿自動車道,27224,0,0,守口市大日町4丁目,47168,守口市大日町4丁目,40358,87526,1.48,1.59,36.5,15,66,60
27400020690,大阪中央環状線,近畿自動車道,大阪高槻線,27224,0,0.7,守口市大日町4丁目,47168,守口市大日町4丁目,40358,87526,1.48,1.59,18,20.4,66,60
27400020700,大阪中央環状線,大阪高槻線,大阪高槻京都線（新）,27224,0,1.6,摂津市三島１丁目,32460,摂津市三島１丁目,27609,60069,1.37,2.79,14,31.4,69,60
27400020710,大阪中央環状線,大阪高槻京都線（新）,近畿自動車道,27224,0,0.4,茨木市美沢町,23486,茨木市美沢町,18520,42006,1.37,1.53,18.7,23.5,69,60
27400020720,大阪中央環状線,近畿自動車道,摂津市・茨木市境,27224,0,0,茨木市美沢町,23486,茨木市美沢町,18520,42006,1.37,1.53,14.7,19.7,69,60
27400020730,大阪中央環状線,摂津市・茨木市境,沢良宜東千里丘停車場線,27211,0,0.5,茨木市美沢町,23486,茨木市美沢町,18520,42006,1.37,0.72,14.8,7.1,64.5,60
27400020740,大阪中央環状線,沢良宜東千里丘停車場線,沢良宜東千里丘停車場線,27211,0,0.3,茨木市美沢町,23486,茨木市美沢町,18520,42006,1.37,0.72,16.8,8.5,64.5,60
27400020750,大阪中央環状線,沢良宜東千里丘停車場線,大阪高槻京都線,27211,0,2.2,茨木市美沢町,23486,茨木市美沢町,18520,42006,1.37,0.72,14.8,11.6,64.5,60
27400020760,大阪中央環状線,大阪高槻京都線,茨木市・吹田市境,27211,0,0.1,吹田市千里万博公園1,39407,吹田市千里万博公園1,47023,86430,1.47,1.26,11.5,25.3,64.5,60
27400020770,大阪中央環状線,茨木市・吹田市境,名神高速道路,27205,0,0.3,吹田市千里万博公園1,39407,吹田市千里万博公園1,47023,86430,1.47,0.86,8.2,42.9,53.5,60
27400020780,大阪中央環状線,名神高速道路,吹田市・茨木市境,27205,0,0.2,吹田市千里万博公園1,39407,吹田市千里万博公園1,47023,86430,1.47,0.86,9.8,49.3,53.5,60
27400020790,大阪中央環状線,吹田市・茨木市境,茨木市・吹田市境,27211,0,0.3,吹田市千里万博公園1,39407,吹田市千里万博公園1,47023,86430,1.47,0.86,12,48.4,38,60
27400020800,大阪中央環状線,茨木市・吹田市境,近畿自動車道,27205,0,0.2,吹田市千里万博公園1,39407,吹田市千里万博公園1,47023,86430,1.47,0.64,18.4,38.3,27,60
27400020810,大阪中央環状線,近畿自動車道,中国自動車道,27205,0,0.6,吹田市千里万博公園1,39407,吹田市千里万博公園1,47023,86430,1.47,0.64,22.2,37,27,60
27400020820,大阪中央環状線,中国自動車道,茨木摂津線,27205,0,0.6,吹田市千里万博公園1,39407,吹田市千里万博公園1,47023,86430,1.47,0.64,27.9,41.4,27,60
27400020830,大阪中央環状線,茨木摂津線,吹田箕面線,27205,0,1,吹田市千里万博公園1,39407,吹田市千里万博公園1,47023,86430,1.47,0.64,46.7,34.3,27,60
27400020840,大阪中央環状線,吹田箕面線,吹田市・豊中市境,27205,0,0.3,吹田市千里万博公園1,39407,吹田市千里万博公園1,47023,86430,1.47,0.64,55.9,30.7,27,60
27400020850,大阪中央環状線,吹田市・豊中市境,一般国道４２３号,27203,0,0.7,吹田市千里万博公園1,39407,吹田市千里万博公園1,47023,86430,1.47,0.67,57,29,47.9,60
27400020860,大阪中央環状線,一般国道４２３号,豊中亀岡線,27203,0,1.4,豊中市緑丘２丁目,46414,豊中市緑丘２丁目,45013,91427,1.5,0.87,26.1,23.3,58,60
27400020870,大阪中央環状線,豊中亀岡線,豊中亀岡線,27203,0,0.9,豊中市桜の町３丁目,37369,豊中市桜の町３丁目,37178,74547,1.35,1.35,39.9,14.8,57,60
27400020880,大阪中央環状線,豊中亀岡線,中国自動車道,27203,0,1.1,豊中市桜の町３丁目,37369,豊中市桜の町３丁目,37178,74547,1.35,1.32,18.9,32.3,56.5,60
27400020890,大阪中央環状線,中国自動車道,一般国道１７６号,27203,0,0.1,,16160,,17398,33558,1.44,1.21,12.6,35.3,67,60
27400020900,大阪中央環状線,一般国道１７６号,豊中市・池田市境,27203,0,0.2,,16160,,17398,33558,1.44,0.71,13.2,30.2,22.25,60
27400020910,大阪中央環状線,豊中市・池田市境,,27204,0,0.6,,16160,,17398,33558,1.44,0.71,15.4,18.9,29.25,60
27400020914,大阪中央環状線,,大阪池田線,27204,0,0.2,池田市住吉2丁目,11325,池田市住吉2丁目,11971,23296,1.33,0.79,6.4,50.6,21.5,50
27400020917,大阪中央環状線,大阪池田線,,27204,0,0.3,池田市住吉2丁目,11325,池田市住吉2丁目,11971,23296,1.33,0.79,10.3,26.2,21.5,50
27400020920,大阪中央環状線,,一般国道１７１号,27204,0,0.4,池田市住吉2丁目,12261,池田市住吉2丁目,12962,25223,1.44,0.79,36,17.8,21.5,50
27400020940,大阪中央環状線（旧）,堺大和高田線,大阪羽曳野線,27226,0,1.5,八尾市太田4丁目,4406,八尾市太田4丁目,4161,8567,1.4,0.76,13.1,13.6,11.65,40
27400020950,大阪中央環状線（旧）,大阪羽曳野線,藤井寺市・八尾市境,27226,0,0.1,八尾市太田4丁目,4406,八尾市太田4丁目,4161,8567,1.4,0.76,4,17.5,11.65,40
27400020960,大阪中央環状線（旧）,藤井寺市・八尾市境,一般国道２５号,27212,0,3.6,八尾市太田4丁目,4406,八尾市太田4丁目,4161,8567,1.4,0.76,10.1,12.5,11.75,40
27400020970,大阪中央環状線（旧）,一般国道２５号,大阪港八尾線,27212,0,1.5,八尾市渋川町3丁目,7222,八尾市渋川町3丁目,8574,15796,1.31,0.92,15.1,16.2,12.5,40
27400020980,大阪中央環状線（旧）,大阪港八尾線,大阪八尾線,27212,0,0.3,八尾市渋川町3丁目,7222,八尾市渋川町3丁目,8574,15796,1.31,0.92,10.2,11.5,12.5,40
27400020990,大阪中央環状線（旧）,大阪八尾線,八尾枚方線,27212,0,0.9,八尾市渋川町3丁目,7222,八尾市渋川町3丁目,8574,15796,1.31,0.92,11.1,18,12.5,40
27400021000,大阪中央環状線（旧）,八尾枚方線,大阪中央環状線,27212,0,0.5,八尾市渋川町3丁目,7222,八尾市渋川町3丁目,8574,15796,1.31,0.92,10.2,7.2,12.5,40
27400021010,大阪中央環状線（旧）,大阪中央環状線,八尾市・東大阪市境,27212,0,0.4,東大阪市御厨南1丁目,5466,東大阪市御厨南1丁目,4565,10031,1.27,0.65,5.4,25.7,10,40
27400021020,大阪中央環状線（旧）,八尾市・東大阪市境,大阪東大阪線,27227,0,1.7,東大阪市御厨南1丁目,5466,東大阪市御厨南1丁目,4565,10031,1.27,0.66,17.5,15.3,10.5,40
27400021030,大阪中央環状線（旧）,大阪東大阪線,八尾茨木線,27227,0,1.6,東大阪市御厨南1丁目,5466,東大阪市御厨南1丁目,4565,10031,1.27,0.66,12.1,12.7,10.5,40
27400021040,大阪中央環状線（旧）,八尾茨木線,一般国道３０８号,27227,0,0.9,東大阪市御厨南1丁目,5466,東大阪市御厨南1丁目,4565,10031,1.27,0.66,16.2,15.6,10.5,40
27400021050,大阪中央環状線（旧）,一般国道３０８号,石切大阪線,27227,0,2.1,東大阪市長田中5丁目,6062,東大阪市長田中5丁目,5538,11600,1.21,0.7,16.1,17,13.75,40
27400021060,大阪中央環状線（旧）,石切大阪線,,27227,0,0.2,東大阪市長田中5丁目,6062,東大阪市長田中5丁目,5538,11600,1.21,0.7,11.2,14,13.75,40
27400021070,大阪中央環状線（旧）,,八尾茨木線,27124,0,0.5,大阪市鶴見区焼野1丁目,3902,大阪市鶴見区焼野1丁目,4578,8480,1.26,0.77,13,12,15,40
27400021080,大阪中央環状線（旧）,八尾茨木線,大阪生駒線,27124,0,0.2,大阪市鶴見区焼野1丁目,3902,大阪市鶴見区焼野1丁目,4578,8480,1.26,0.77,13.8,4.8,15,40
27400021090,大阪中央環状線（旧）,大阪生駒線,八尾茨木線,27124,0,0.8,大阪市鶴見区焼野1丁目,3902,大阪市鶴見区焼野1丁目,4578,8480,1.26,0.77,11.5,15.7,15,40
27400021100,大阪中央環状線（旧）,八尾茨木線,,27124,0,0.5,大阪市鶴見区焼野1丁目,3902,大阪市鶴見区焼野1丁目,4578,8480,1.26,0.77,17.5,23,15,40
27400021110,大阪中央環状線（旧）,,,27209,0,0.3,,896,,1041,1937,1.28,0.17,18.3,17.5,15,40
27400021120,大阪中央環状線（旧）,,,27124,0,0,,4552,,5287,9839,1.28,0.73,18.6,26.4,15,40
27400021130,大阪中央環状線（旧）,,,27209,0,0.1,,896,,1041,1937,1.28,0.14,30,30.6,15,40
27400021140,大阪中央環状線（旧）,,,27124,0,0.2,,4552,,5287,9839,1.28,0.73,33.3,22.1,15,40
27400021150,大阪中央環状線（旧）,,深野南寺方大阪線,27209,0,0.1,守口市東郷通3丁目,54,守口市東郷通3丁目,1924,1978,1.28,0.3,29,11.9,48.5,40
27400021160,大阪中央環状線（旧）,深野南寺方大阪線,大阪中央環状線,27209,0,0.4,守口市東郷通3丁目,54,守口市東郷通3丁目,1924,1978,1.28,0.3,13.4,10.5,48.5,40
27400021180,大阪中央環状線（旧）,茨木摂津線,箕面摂津線,27205,0,2,吹田市山田東２丁目,8000,吹田市山田東２丁目,4817,12817,1.29,0.93,18.4,20.8,19,40
27400021190,大阪中央環状線（旧）,箕面摂津線,南千里茨木停車場線,27205,0,0.6,吹田市山田東２丁目,8000,吹田市山田東２丁目,4817,12817,1.29,0.93,13.2,13.7,19,40
27400021200,大阪中央環状線（旧）,南千里茨木停車場線,吹田市・豊中市境,27205,0,1,豊中市東泉丘2丁目,5081,豊中市東泉丘2丁目,5202,10283,1.26,0.57,17.4,19.7,19,40
27400021210,大阪中央環状線（旧）,吹田市・豊中市境,吹田箕面線,27203,0,0,豊中市東泉丘2丁目,5081,豊中市東泉丘2丁目,5202,10283,1.26,0.66,14.3,13.9,7.5,40
27400021220,大阪中央環状線（旧）,吹田箕面線,一般国道４２３号,27203,0,1.2,豊中市東泉丘2丁目,5081,豊中市東泉丘2丁目,5202,10283,1.26,0.68,19.6,14.2,8.7,40
27400021230,大阪中央環状線（旧）,一般国道４２３号,熊野大阪線,27203,0,1.6,豊中市東泉丘2丁目,5081,豊中市東泉丘2丁目,5202,10283,1.26,0.79,9.9,15.9,9.6,40
27400021240,大阪中央環状線（旧）,熊野大阪線,一般国道１７６号,27203,0,1.6,豊中市東泉丘2丁目,5081,豊中市東泉丘2丁目,5202,10283,1.26,0.7,15,11.9,12.6,40
27400040010,茨木能勢線,一般国道１７１号,茨木市・箕面市境,27211,0,1.5,茨木市藤の里2丁目,3290,茨木市藤の里2丁目,3595,6885,1.26,0.72,19.9,26.3,12.6,30
27400040020,茨木能勢線,茨木市・箕面市境,茨木摂津線,27220,0,0.3,茨木市藤の里2丁目,3290,茨木市藤の里2丁目,3595,6885,1.26,1.01,27,15.2,9,30
27400040030,茨木能勢線,茨木摂津線,豊中亀岡線,27220,0,4.6,箕面市粟生間谷西５丁目,1578,箕面市粟生間谷西５丁目,1850,3428,1.27,0.54,28,27.3,8.5,30
27400040040,茨木能勢線,豊中亀岡線,豊中亀岡線,27220,0,2.5,豊能郡豊能町字高山,563,豊能郡豊能町字高山,517,1080,1.18,0.11,34.4,38.1,14.5,30
27400040050,茨木能勢線,豊中亀岡線,箕面市・豊能町境,27220,0,3.1,豊能郡豊能町字高山,563,豊能郡豊能町字高山,517,1080,1.18,0.12,48.5,45.4,8.5,40
27400040060,茨木能勢線,箕面市・豊能町境,豊能町・箕面市境,27321,0,3.2,豊能郡豊能町字高山,563,豊能郡豊能町字高山,517,1080,1.18,0.13,44.5,42.2,9,40
27400040070,茨木能勢線,豊能町・箕面市境,茨木能勢線（旧）,27220,0,0.7,豊能郡豊能町字高山,563,豊能郡豊能町字高山,517,1080,1.18,0.13,34.4,37.2,7.5,40
27400040080,茨木能勢線,茨木能勢線（旧）,箕面市・豊能町境,27220,0,0.3,豊能郡豊能町字高山,563,豊能郡豊能町字高山,517,1080,1.18,0.13,34.9,34,7.5,40
27400040090,茨木能勢線,箕面市・豊能町境,一般国道４２３号,27321,0,1,豊能郡豊能町字高山,563,豊能郡豊能町字高山,517,1080,1.18,0.13,45.2,34.5,7.5,40
27400040110,茨木能勢線,,豊能町・能勢町境,27321,0,5.5,豊能郡豊能町川尻,111,豊能郡豊能町川尻,125,236,1.13,0.04,34.3,35.6,7.25,40
27400040120,茨木能勢線,豊能町・能勢町境,,27322,0,0,豊能郡豊能町川尻,111,豊能郡豊能町川尻,125,236,1.13,0.04,32.2,8.2,7.25,40
27400040140,茨木能勢線,国崎野間口線,能勢町・豊能町境,27322,0,0.2,,862,,825,1687,1.21,0.3,29.1,34.2,5.5,40
27400040150,茨木能勢線,能勢町・豊能町境,国崎野間口線,27321,0,0.8,,862,,825,1687,1.21,0.3,30.6,25,5.5,40
27400040160,茨木能勢線,国崎野間口線,豊能町・能勢町境,27321,0,0.2,,862,,825,1687,1.21,0.3,40.6,39.6,5.5,40
27400040170,茨木能勢線,豊能町・能勢町境,東郷南北線,27322,0,3.2,豊能郡能勢町字野間,622,豊能郡能勢町字野間,625,1247,1.19,0.17,34.4,35.8,5.5,40
27400040190,茨木能勢線,,一般国道４７７号,27322,0,0.4,,,,,,,,25.4,28.1,7,40
27400040200,茨木能勢線,一般国道４７７号,野間出野一庫線,27322,0,0.6,,,,,,,,30.6,45.5,6.5,40
27400040210,茨木能勢線,野間出野一庫線,,27322,0,3.1,,,,,,,,26.5,24.5,6.5,40
27400040230,茨木能勢線,吉野下田尻線,宿野下田線,27322,0,2.9,豊能郡能勢町字中田尻,1669,豊能郡能勢町字中田尻,1586,3255,1.25,0.39,37.6,39.1,10.25,40
27400040240,茨木能勢線,宿野下田線,一般国道１７３号,27322,0,1.2,豊能郡能勢町字中田尻,1669,豊能郡能勢町字中田尻,1586,3255,1.25,0.37,34.3,30.6,12.75,40
27400040260,茨木能勢線（旧）,茨木能勢線,箕面市・豊能町境,27220,0,0.5,,897,,1083,1980,1.22,0.49,37.6,48.8,4.75,40
27400040270,茨木能勢線（旧）,箕面市・豊能町境,一般国道４２３号,27321,0,0.3,,897,,1083,1980,1.22,0.49,24.8,32.9,4.75,40
27400050010,大阪港八尾線,一般国道１７２号,大阪市港区・大阪市大正区境,27107,0,1.7,,5132,,4578,9710,1.28,0.72,17.2,30.9,21.6,40
27400050020,大阪港八尾線,大阪市港区・大阪市大正区境,大阪八尾線,27108,0,1.6,大阪市大正区鶴町２丁目,7574,大阪市大正区鶴町２丁目,7302,14876,1.29,1.44,37.3,32.2,13.5,40
27400050030,大阪港八尾線,大阪八尾線,大阪八尾線,27108,0,1.2,大阪市大正区鶴町１丁目,8462,大阪市大正区鶴町１丁目,8563,17025,1.31,1.54,25.1,22.3,13.5,40
27400050040,大阪港八尾線,大阪八尾線,大阪市大正区・大阪市西成区境,27108,0,0.7,大阪市西成区南津守２丁目,7191,大阪市西成区南津守２丁目,8028,15219,1.31,1.41,13.9,17,13.5,40
27400050050,大阪港八尾線,大阪市大正区・大阪市西成区境,大阪臨海線,27122,0,0.7,大阪市西成区南津守２丁目,7191,大阪市西成区南津守２丁目,8028,15219,1.31,1.41,25.5,10.7,13.5,40
27400050070,大阪港八尾線,大阪臨海線,市道,27122,0,0.6,大阪市住之江区東加賀屋１丁目,14386,大阪市住之江区東加賀屋１丁目,14518,28904,1.35,1.26,13.4,10.3,25,50
27400050080,大阪港八尾線,市道,一般国道２６号,27125,0,0.7,大阪市住之江区東加賀屋１丁目,14386,大阪市住之江区東加賀屋１丁目,14518,28904,1.35,1.32,12.7,7.5,25,50
27400050090,大阪港八尾線,一般国道２６号,大阪市住之江区・大阪市住吉区境,27125,0,0.2,,12285,,13966,26251,1.34,1.04,6.6,13.2,25,50
27400050100,大阪港八尾線,大阪市住之江区・大阪市住吉区境,大阪和泉泉南線,27120,0,1.3,,12285,,13966,26251,1.34,1,13.9,13,25,50
27400050110,大阪港八尾線,大阪和泉泉南線,大阪市住吉区・大阪市阿倍野区境,27120,0,0.1,,12285,,13966,26251,1.34,1,7,11.8,25,50
27400050120,大阪港八尾線,大阪市住吉区・大阪市阿倍野区境,大阪高石線,27119,0,0.6,,12285,,13966,26251,1.34,1.08,11.8,7.8,25,50
27400050130,大阪港八尾線,大阪高石線,大阪市阿倍野区・大阪市東住吉区境,27119,0,0.3,大阪市東住吉区西今川４丁目,12997,大阪市東住吉区西今川４丁目,11866,24863,1.3,1.25,7.6,21.6,25,50
27400050140,大阪港八尾線,大阪市阿倍野区・大阪市東住吉区境,大阪狭山線,27121,0,0.7,大阪市東住吉区西今川４丁目,12997,大阪市東住吉区西今川４丁目,11866,24863,1.3,1.19,28.3,18.1,25,60
27400050150,大阪港八尾線,大阪狭山線,高速大阪松原線,27121,0,0.5,大阪市東住吉区西今川４丁目,12997,大阪市東住吉区西今川４丁目,11866,24863,1.3,1.19,17.2,24.5,25,60
27400050160,大阪港八尾線,高速大阪松原線,大阪環状線,27121,0,0.6,大阪市東住吉区西今川４丁目,12997,大阪市東住吉区西今川４丁目,11866,24863,1.3,1.19,21.6,13.7,25,60
27400050170,大阪港八尾線,大阪環状線,大阪市東住吉区・大阪市平野区境,27121,0,0.2,大阪市東住吉区西今川４丁目,12997,大阪市東住吉区西今川４丁目,11866,24863,1.3,1.19,11.9,24.1,25,60
27400050180,大阪港八尾線,大阪市東住吉区・大阪市平野区境,一般国道３０９号,27126,0,0.6,大阪市東住吉区西今川４丁目,12997,大阪市東住吉区西今川４丁目,11866,24863,1.3,1.33,32.7,25,25,60
27400050190,大阪港八尾線,一般国道３０９号,一般国道４７９号,27126,0,0.2,大阪市東住吉区西今川４丁目,12997,大阪市東住吉区西今川４丁目,11866,24863,1.3,1.33,17.7,9.9,25,60
27400050210,大阪港八尾線,一般国道２５号,加美１３号線,27126,0,1.5,大阪市平野区加美鞍作１丁目,6735,大阪市平野区加美鞍作１丁目,7673,14408,1.31,1.37,7.2,11.7,16.2,40
27400050220,大阪港八尾線,加美１３号線,大阪中央環状線,27126,0,1.1,,6540,,6264,12804,1.36,1.17,12.8,6.2,9.75,40
27400050230,大阪港八尾線,大阪中央環状線,住吉八尾線,27212,0,0.8,八尾市神武町2,5948,八尾市神武町2,6011,11959,1.32,1.23,13.6,19.1,9.75,40
27400050240,大阪港八尾線,住吉八尾線,大阪中央環状線（旧）,27212,0,0.8,八尾市神武町2,5948,八尾市神武町2,6011,11959,1.32,1.23,19.1,10.3,9.75,40
27400050250,大阪港八尾線,大阪中央環状線（旧）,八尾停車場線,27212,0,0.4,八尾市南小阪合町1丁目,8138,八尾市南小阪合町1丁目,7110,15248,1.31,1.18,7.1,15.7,11.25,30
27400050260,大阪港八尾線,八尾停車場線,八尾第４００号線,27212,0,0.2,八尾市南小阪合町1丁目,8138,八尾市南小阪合町1丁目,7110,15248,1.31,1.18,11.9,13.1,11.25,30
27400050270,大阪港八尾線,八尾第４００号線,八尾道明寺線,27212,0,0.8,八尾市南小阪合町1丁目,8138,八尾市南小阪合町1丁目,7110,15248,1.31,1.18,13.9,8.7,11.25,30
27400050280,大阪港八尾線,八尾道明寺線,八尾茨木線,27212,0,1.1,八尾市南小阪合町1丁目,8138,八尾市南小阪合町1丁目,7110,15248,1.31,1.18,13.6,12.8,11.25,30
27400050290,大阪港八尾線,八尾茨木線,一般国道１７０号,27212,0,1,八尾市南小阪合町1丁目,8138,八尾市南小阪合町1丁目,7110,15248,1.31,1.18,15.1,13.6,11.25,30
27400050300,大阪港八尾線,一般国道１７０号,一般国道１７０号（旧）,27212,0,0.3,八尾市南小阪合町1丁目,8138,八尾市南小阪合町1丁目,7110,15248,1.31,1.18,12.9,13.7,11.25,30
27400060010,枚方亀岡線,一般国道１７１号,西京高槻線,27207,0,1.4,高槻市原5134,791,高槻市原5134,862,1653,1.17,0.19,16.6,18,12.5,40
27400060014,枚方亀岡線,西京高槻線,,27207,0,5.3,高槻市原5134,791,高槻市原5134,862,1653,1.17,0.19,24.4,26.2,12.5,40
27400060100,枚方亀岡線,,,27207,0,0.4,高槻市原5134,791,高槻市原5134,862,1653,1.17,0.34,45.8,47.9,12.6,40
27400060020,枚方亀岡線,,枚方亀岡線,27207,0,5.2,高槻市原5134,791,高槻市原5134,862,1653,1.17,0.34,42.8,42.4,8,40
27400060040,枚方亀岡線,枚方亀岡線,柚原向日線,27207,0,3.3,高槻市出灰西ノ下,925,高槻市出灰西ノ下,889,1814,1.22,0.22,33.7,41.6,7.2,40
27400060050,枚方亀岡線,柚原向日線,枚方亀岡線,27207,0,2.7,高槻市出灰西ノ下,925,高槻市出灰西ノ下,889,1814,1.22,0.1,,39.2,7.5,40
27400060060,枚方亀岡線,枚方亀岡線,枚方亀岡線,27207,0,0.1,高槻市出灰西ノ下,925,高槻市出灰西ノ下,889,1814,1.22,0.23,40.4,43.3,6.5,40
27400060080,枚方亀岡線,枚方亀岡線,茨木亀岡線,27207,0,0,,1070,,1028,2098,1.22,0.27,27,35.1,7.5,40
27400070010,枚方大和郡山線,一般国道１６８号,枚方市・交野市境,27210,0,1.6,交野市幾野4丁目,4352,交野市幾野4丁目,4414,8766,1.27,0.79,14.4,23.5,6.8,30
27400070020,枚方大和郡山線,枚方市・交野市境,枚方交野寝屋川線,27230,0,0.1,交野市幾野4丁目,4352,交野市幾野4丁目,4414,8766,1.27,0.63,12.1,12.6,14.7,30
27400070030,枚方大和郡山線,枚方交野寝屋川線,枚方大和郡山線,27230,0,1.7,交野市幾野4丁目,4352,交野市幾野4丁目,4414,8766,1.27,0.63,17.1,18.6,14.7,30
27400070040,枚方大和郡山線,枚方大和郡山線,交野久御山線,27230,0,0.1,交野市幾野4丁目,4352,交野市幾野4丁目,4414,8766,1.27,0.63,9.5,7.7,14.7,30
27400070050,枚方大和郡山線,交野久御山線,交野久御山線,27230,0,0.1,交野市幾野4丁目,4352,交野市幾野4丁目,4414,8766,1.27,0.63,17.3,16,14.7,30
27400070060,枚方大和郡山線,交野久御山線,一般国道１号,27230,0,0.5,交野市寺3丁目,146,交野市寺3丁目,119,265,1.28,0.04,15.9,20.6,5.65,30
27400070070,枚方大和郡山線,一般国道１号,枚方大和郡山線,27230,0,2.8,交野市寺3丁目,146,交野市寺3丁目,119,265,1.28,0.03,26.5,28.6,5.75,30
27400070090,枚方大和郡山線,枚方大和郡山線,交野久御山線,27230,0,0.1,交野市倉治1丁目,2039,交野市倉治1丁目,1980,4019,1.26,0.52,11.4,8.1,13.5,40
27400070100,枚方大和郡山線,交野久御山線,一般国道１号（第二京阪道路）,27230,0,0.4,交野市倉治1丁目,2039,交野市倉治1丁目,1980,4019,1.26,0.52,9.9,14.4,13.5,40
27400080010,大阪生駒線,一般国道１号,一般国道４７９号,27118,0,1.3,大阪市城東区今福東２丁目,12265,大阪市城東区今福東２丁目,15354,27619,1.35,1.1,11.7,13.6,21.9,50
27400080020,大阪生駒線,一般国道４７９号,平野守口線,27124,0,0.2,,13538,,12847,26385,1.34,0.87,8.7,17.7,25,50
27400080030,大阪生駒線,平野守口線,大阪中央環状線（旧）,27124,0,2.1,,14401,,13382,27783,1.35,0.95,15.1,19,25,50
27400080040,大阪生駒線,大阪中央環状線（旧）,八尾茨木線,27124,0,0.2,,14401,,13382,27783,1.35,0.95,19,24.9,25,50
27400080050,大阪生駒線,八尾茨木線,大阪中央環状線,27124,0,0.7,,14401,,13382,27783,1.35,0.95,25,10.4,25,50
27400080060,大阪生駒線,大阪中央環状線,鴻池新田停車場線,27218,0,0.5,大東市諸福8丁目,15018,大東市諸福8丁目,10399,25417,1.43,2.69,18.6,8.5,16,40
27400080070,大阪生駒線,鴻池新田停車場線,,27218,0,0.5,大東市諸福8丁目,15018,大東市諸福8丁目,10399,25417,1.43,2.69,10.7,16.9,16,40
27400080080,大阪生駒線,,八尾枚方線,27218,0,1.5,大東市諸福8丁目,15018,大東市諸福8丁目,10399,25417,1.43,2.69,15.6,12.3,16,40
27400080090,大阪生駒線,八尾枚方線,,27218,0,0.2,大東市深野南町,6148,大東市深野南町,7650,13798,1.3,2.12,12.1,8.6,14.7,40
27400080100,大阪生駒線,,大東四条畷線,27218,0,0.1,大東市深野南町,6148,大東市深野南町,7650,13798,1.3,2.12,12,11,14.7,40
27400080110,大阪生駒線,大東四条畷線,一般国道１７０号,27218,0,1.5,大東市深野南町,6148,大東市深野南町,7650,13798,1.3,2.12,15.3,12.1,15.75,40
27400080120,大阪生駒線,一般国道１７０号,一般国道１７０号（旧）,27218,0,0.5,大東市深野南町,6148,大東市深野南町,7650,13798,1.3,2.12,20.1,24.2,15.75,40
27400080130,大阪生駒線,一般国道１７０号（旧）,,27218,0,0.6,,,大東市龍間,12100,12100,1.48,0.34,,45.4,17.2,40
27400080140,大阪生駒線,,,27218,0,2.3,,,大東市龍間,12100,12100,1.48,0.42,,48.2,9,40
27400080150,大阪生駒線,,大阪生駒線,27218,0,0.3,,,大東市龍間,12100,12100,1.48,0.42,,52.4,9,40
27400080160,大阪生駒線,大阪生駒線,大東市・四條畷市境,27218,0,2.1,大東市龍間,13661,大東市龍間,12100,25761,1.48,0.65,45.5,47.3,22.8,50
27400080170,大阪生駒線,大東市・四條畷市境,中垣内南田原線,27229,0,0.1,大東市龍間,13661,大東市龍間,12100,25761,1.48,0.65,13.9,14.8,41.8,50
27400080180,大阪生駒線,中垣内南田原線,大阪生駒線,27229,0,1.2,大東市龍間,13661,大東市龍間,12100,25761,1.48,1.11,21.5,53.5,23,50
27400080200,大阪生駒線,一般国道１７０号（旧）,大東市・東大阪市境,27218,0,0.8,大東市龍間,13661,,,13661,1.48,0.43,26.1,,9,40
27400080210,大阪生駒線,大東市・東大阪市境,東大阪市・大東市境,27227,0,1.8,大東市龍間,13661,,,13661,1.48,0.55,55.3,,9,40
27400080220,大阪生駒線,東大阪市・大東市境,大阪生駒線,27218,0,0.3,大東市龍間,13661,,,13661,1.48,0.55,58,,9,40
27400090010,箕面池田線,,,27220,0,2.4,箕面市新稲３丁目,3391,箕面市新稲３丁目,4089,7480,1.27,0.75,19.6,16,16,40
27400090020,箕面池田線,,一般国道４２３号,27220,0,0,箕面市新稲３丁目,3391,箕面市新稲３丁目,4089,7480,1.27,0.67,13.2,12.2,24,40
27400090030,箕面池田線,一般国道４２３号,豊中亀岡線,27220,0,1.3,箕面市新稲３丁目,3391,箕面市新稲３丁目,4089,7480,1.27,0.75,20.8,18.3,13,40
27400090040,箕面池田線,豊中亀岡線,豊中亀岡線,27220,0,0.9,箕面市新稲３丁目,3391,箕面市新稲３丁目,4089,7480,1.27,0.75,17.6,12.8,13,40
27400090050,箕面池田線,豊中亀岡線,箕面市・池田市境,27220,0,1.6,箕面市新稲３丁目,3391,箕面市新稲３丁目,4089,7480,1.27,0.9,16.9,22.7,13,40
27400090060,箕面池田線,箕面市・池田市境,一般国道１７６号,27204,0,3.2,箕面市新稲３丁目,3391,箕面市新稲３丁目,4089,7480,1.27,0.8,21.2,17.3,12,40
27400100010,大阪池田線,,高速湾岸線,27113,0,1.5,大阪市西淀川区大野２丁目,9543,大阪市西淀川区大野２丁目,8124,17667,1.31,1.02,21.4,21.2,20.7,40
27400100020,大阪池田線,高速湾岸線,一般国道４３号,27113,0,1.5,大阪市西淀川区大野２丁目,9543,大阪市西淀川区大野２丁目,8124,17667,1.31,1.02,40.1,17,20.7,40
27400100030,大阪池田線,一般国道４３号,大和田千舟線,27113,0,0.2,大阪市西淀川区大和田６丁目,9223,大阪市西淀川区大和田６丁目,10298,19521,1.37,0.86,5.3,19.6,19.2,60
27400100040,大阪池田線,大和田千舟線,大和田千舟線,27113,0,0.1,大阪市西淀川区大和田６丁目,9223,大阪市西淀川区大和田６丁目,10298,19521,1.37,0.86,7.8,28.3,19.2,60
27400100050,大阪池田線,大和田千舟線,大和田千舟線,27113,0,0.6,大阪市西淀川区大和田６丁目,9223,大阪市西淀川区大和田６丁目,10298,19521,1.37,0.86,18.4,28.1,19.2,60
27400100060,大阪池田線,大和田千舟線,高速大阪西宮線,27113,0,0.4,大阪市西淀川区大和田６丁目,9223,大阪市西淀川区大和田６丁目,10298,19521,1.37,0.86,24.4,14.3,19.2,60
27400100070,大阪池田線,高速大阪西宮線,一般国道２号,27113,0,0.5,大阪市西淀川区大和田６丁目,9223,大阪市西淀川区大和田６丁目,10298,19521,1.37,0.86,18.1,4.3,19.2,60
27400100080,大阪池田線,一般国道２号,高速大阪池田線,27113,0,1.6,大阪市西淀川区御幣島１丁目,6283,大阪市西淀川区御幣島１丁目,5822,12105,1.3,0.64,10.1,20.9,25,60
27400100090,大阪池田線,高速大阪池田線,大阪伊丹線,27123,0,0.5,大阪市西淀川区御幣島１丁目,6283,大阪市西淀川区御幣島１丁目,5822,12105,1.3,0.3,34.2,13.8,43,60
27400100100,大阪池田線,大阪伊丹線,,27123,0,0.5,大阪市淀川区加島２丁目,17996,大阪市淀川区加島２丁目,15695,33691,1.36,0.76,34.2,13.8,43,60
27400100110,大阪池田線,,庄本牛立線,27203,0,1.2,豊中市二葉町２丁目,13409,豊中市二葉町２丁目,10556,23965,1.36,1.31,9.3,10.5,29,60
27400100120,大阪池田線,庄本牛立線,名神高速道路,27203,0,0.6,豊中市二葉町２丁目,13409,豊中市二葉町２丁目,10556,23965,1.36,1.31,19.9,35.8,29,60
27400100130,大阪池田線,名神高速道路,西宮豊中線,27203,0,0.7,豊中市二葉町２丁目,13409,豊中市二葉町２丁目,10556,23965,1.36,0.8,31.4,12.6,29,60
27400100140,大阪池田線,西宮豊中線,高速大阪池田線,27203,0,0.1,豊中市利倉１丁目,16972,豊中市利倉１丁目,15955,32927,1.4,0.65,7.6,17.4,47.4,60
27400100150,大阪池田線,高速大阪池田線,豊中吹田線,27203,0,0.5,豊中市利倉１丁目,16972,豊中市利倉１丁目,15955,32927,1.4,0.82,8.9,26.6,32.8,60
27400100160,大阪池田線,豊中吹田線,高速大阪池田線,27203,0,2.2,豊中市利倉１丁目,16972,豊中市利倉１丁目,15955,32927,1.4,0.55,23.1,23.5,33.7,60
27400100170,大阪池田線,高速大阪池田線,伊丹豊中線,27203,0,0,豊中市利倉１丁目,16972,豊中市利倉１丁目,15955,32927,1.4,0.46,22.5,12.4,46.8,60
27400100175,大阪池田線,伊丹豊中線,大阪池田線,27203,0,0.7,,,,,,,,16.4,34.8,39.8,60
27400100180,大阪池田線,大阪池田線,大阪池田線,27203,0,0.3,,19309,,17668,36977,1.4,0.86,23.4,32,39.8,60
27400100185,大阪池田線,大阪池田線,大阪池田線,27203,0,0.3,,,,,,,,27.8,52.3,33.4,60
27400100190,大阪池田線,大阪池田線,豊中市・池田市境,27203,0,0.4,,19309,,17668,36977,1.4,1.77,24.8,18.2,33.4,60
27400100200,大阪池田線,豊中市・池田市境,市道,27204,0,0.2,,19309,,17668,36977,1.4,1.21,10.3,14,34.4,60
27400100210,大阪池田線,市道,高速大阪池田線,27204,0,0.2,,19309,,17668,36977,1.4,1.65,9.7,24.9,46.1,60
27400100220,大阪池田線,高速大阪池田線,,27204,0,0.2,,19309,,17668,36977,1.4,1.02,40.2,27.1,44.2,60
27400100224,大阪池田線,,,27204,0,0.2,,,,,,,,47.9,20.2,28,60
27400100227,大阪池田線,,大阪中央環状線,27204,0,0.1,,,,,,,,47.9,17.4,28,60
27400100230,大阪池田線,大阪中央環状線,大阪池田線,27204,0,0.2,,19309,,17668,36977,1.4,0.88,22.6,17.6,28,60
27301761040,大阪池田線,大阪池田線,大阪池田線,27204,0,0.2,,,,,,,,8,34.2,28,60
27400100250,大阪池田線（旧）,,豊中市・池田市境,27203,0,0.4,,412,,437,849,1.17,0.95,14.8,10.7,4,20
27400100260,大阪池田線（旧）,豊中市・池田市境,,27204,0,0.2,,412,,437,849,1.17,0.95,12,12.7,4,20
27301710340,大阪池田線,一般国道４２３号,一般国道１７６号,27204,0,1.2,,3243,,3990,7233,1.31,0.58,11,15.5,12,40
27301760360,大阪池田線,大阪池田線,一般国道１７６号,27204,0,0.2,,2971,,3123,6094,1.28,0.07,39.8,12.1,30,60
27810260050,大阪国際空港線,大阪国際空港線,大阪池田線,27203,0,1.1,豊中市螢池中町２丁目,1455,豊中市螢池中町２丁目,1989,3444,1.25,0.37,15.3,17.1,19.2,40
27400120010,堺大和高田線,一般国道２６号,大道筋,27141,0,0.8,堺市堺区車之町西1丁,5088,堺市堺区車之町西1丁,7382,12470,1.29,1.25,17.4,21.5,25,40
27400120020,堺大和高田線,大道筋,砂道翁橋線,27141,0,0.6,堺市堺区車之町西1丁,5088,堺市堺区車之町西1丁,7382,12470,1.29,1.25,23.4,15.8,25,40
27400120030,堺大和高田線,砂道翁橋線,大阪和泉泉南線,27141,0,0.3,堺市堺区車之町西1丁,5088,堺市堺区車之町西1丁,7382,12470,1.29,2.11,13.8,12.7,18.3,40
27400120040,堺大和高田線,大阪和泉泉南線,堺市堺区・堺市北区境,27141,0,1.1,堺市北区北長尾町6丁,6559,堺市北区北長尾町6丁,6082,12641,1.36,0.89,11.6,13.6,18.3,40
27400120050,堺大和高田線,堺市堺区・堺市北区境,大阪高石線,27146,0,0.5,堺市北区北長尾町6丁,6559,堺市北区北長尾町6丁,6082,12641,1.36,1.02,9.4,15.1,13.6,40
27400120060,堺大和高田線,大阪高石線,大阪高石線（新）,27146,0,1.3,堺市北区北長尾町6丁,6559,堺市北区北長尾町6丁,6082,12641,1.36,1.02,18.6,13.5,13.6,40
27400120070,堺大和高田線,大阪高石線（新）,我堂金岡線,27146,0,0.7,堺市北区南花田町,5116,堺市北区南花田町,5690,10806,1.28,1.02,14.3,20.7,13.6,40
27400120080,堺大和高田線,我堂金岡線,我堂金岡線（新）,27146,0,0.4,堺市北区南花田町,5116,堺市北区南花田町,5690,10806,1.28,1.02,15.4,12.4,13.6,40
27400120090,堺大和高田線,我堂金岡線（新）,,27146,0,0.3,,7053,,6895,13948,1.3,1.13,12.3,17.6,13.6,40
27400120100,堺大和高田線,,大阪狭山線,27217,0,0.3,松原市南新町5丁目,5688,松原市南新町5丁目,5110,10798,1.31,0.89,19.1,15.7,11.35,40
27400120110,堺大和高田線,大阪狭山線,大阪狭山線,27217,0,0.4,松原市南新町5丁目,5688,松原市南新町5丁目,5110,10798,1.31,0.89,16.2,7.7,11.35,40
27400120120,堺大和高田線,大阪狭山線,一般国道３０９号,27217,0,1,松原市南新町5丁目,5688,松原市南新町5丁目,5110,10798,1.31,0.89,16,17.8,11.35,40
27400120130,堺大和高田線,一般国道３０９号,大阪中央環状線,27217,0,1,松原市南新町5丁目,5688,松原市南新町5丁目,5110,10798,1.31,0.89,13.6,16,11.35,40
27400120140,堺大和高田線,大阪中央環状線,松原市・羽曳野市境,27217,0,0.5,藤井寺市恵美坂１丁目,5627,藤井寺市恵美坂１丁目,5587,11214,1.28,0.82,15.4,20.4,10.5,40
27400120150,堺大和高田線,松原市・羽曳野市境,郡戸大堀線,27222,0,0.6,藤井寺市恵美坂１丁目,5627,藤井寺市恵美坂１丁目,5587,11214,1.28,0.79,20.3,17.6,10.5,40
27400120160,堺大和高田線,郡戸大堀線,島泉伊賀線,27222,0,0.6,藤井寺市恵美坂１丁目,5627,藤井寺市恵美坂１丁目,5587,11214,1.28,0.79,15.3,18,10.5,40
27400120170,堺大和高田線,島泉伊賀線,羽曳野市・藤井寺市境,27222,0,0.6,藤井寺市恵美坂１丁目,5627,藤井寺市恵美坂１丁目,5587,11214,1.28,0.82,20.2,18.2,10.5,40
27400120180,堺大和高田線,羽曳野市・藤井寺市境,大阪中央環状線（旧）,27226,0,1,藤井寺市恵美坂１丁目,5627,藤井寺市恵美坂１丁目,5587,11214,1.28,0.82,13.9,12.5,10.5,40
27400120190,堺大和高田線,大阪中央環状線（旧）,西名阪自動車道,27226,0,0.5,藤井寺市恵美坂１丁目,5627,藤井寺市恵美坂１丁目,5587,11214,1.28,0.82,17.3,17.5,10.5,40
27400120200,堺大和高田線,西名阪自動車道,一般国道１７０号,27226,0,0.2,藤井寺市恵美坂１丁目,5627,藤井寺市恵美坂１丁目,5587,11214,1.28,0.82,15.4,7.9,10.5,40
27400120210,堺大和高田線,一般国道１７０号,一般国道１７０号（旧）,27226,0,0.8,柏原市石川町4,7501,柏原市石川町4,8197,15698,1.47,1.13,19.6,12.3,11.9,40
27400120220,堺大和高田線,一般国道１７０号（旧）,藤井寺市・柏原市境,27226,0,0.7,柏原市石川町4,7501,柏原市石川町4,8197,15698,1.47,1.15,13.2,8.8,11.9,40
27400120230,堺大和高田線,藤井寺市・柏原市境,柏原駒ケ谷千早赤阪線,27221,0,1.2,柏原市石川町4,7501,柏原市石川町4,8197,15698,1.47,1.15,7.5,17.3,12,40
27400120240,堺大和高田線,柏原駒ケ谷千早赤阪線,一般国道２５号,27221,0,0.2,柏原市石川町4,7501,柏原市石川町4,8197,15698,1.47,1.15,14.4,8.6,12,40
27400130010,京都守口線,京都守口線,枚方交野寝屋川線,27210,0,1.8,枚方市楠葉,5277,枚方市楠葉,5363,10640,1.29,0.57,32.7,33.1,11,50
27400130020,京都守口線,枚方交野寝屋川線,枚方高槻線,27210,0,2.4,枚方市樋之上町,5801,枚方市樋之上町,6199,12000,1.29,0.77,21,14.4,14,50
27400130030,京都守口線,枚方高槻線,枚方高槻線,27210,0,0.2,枚方市樋之上町,5801,枚方市樋之上町,6199,12000,1.29,0.77,16,16.8,14,50
27400130040,京都守口線,枚方高槻線,杉田口禁野線,27210,0,3.2,枚方市樋之上町,5801,枚方市樋之上町,6199,12000,1.29,0.77,22.8,22.7,14,50
27400130050,京都守口線,杉田口禁野線,枚方富田林泉佐野線,27210,0,0.5,枚方市樋之上町,5801,枚方市樋之上町,6199,12000,1.29,0.77,12.3,5.9,14,50
27400130060,京都守口線,枚方富田林泉佐野線,,27210,0,1.3,枚方市堤町,16077,枚方市堤町,13820,29897,1.36,0.82,17.4,13.5,18.7,50
27400130070,京都守口線,,一般国道１７０号,27210,0,0.1,枚方市堤町,16077,枚方市堤町,13820,29897,1.36,0.82,33.1,17.9,18.7,50
27400130090,京都守口線（新）,一般国道１７０号,一般国道１号,27210,0,2.2,枚方市伊加賀西町,3966,枚方市伊加賀西町,1490,5456,1.26,0.68,20.9,25.4,15.3,50
27400130110,京都守口線,一般国道１７０号,木屋門真線,27215,0,0.4,寝屋川市池田中町,16045,寝屋川市池田中町,13504,29549,1.35,0.63,15.2,27,23,50
27400130120,京都守口線,木屋門真線,八尾茨木線,27215,0,1.3,寝屋川市池田中町,16045,寝屋川市池田中町,13504,29549,1.35,0.63,22.6,13.2,23,50
27400130130,京都守口線,八尾茨木線,枚方交野寝屋川線,27215,0,0.5,寝屋川市池田中町,16045,寝屋川市池田中町,13504,29549,1.35,0.63,19.5,9.6,23,50
27400130140,京都守口線,枚方交野寝屋川線,八尾茨木線,27215,0,0,寝屋川市池田中町,16045,寝屋川市池田中町,13504,29549,1.35,0.63,20.4,11.7,23,50
27400130150,京都守口線,八尾茨木線,寝屋川市・守口市境,27215,0,0.3,守口市大日東町2丁目,23361,守口市大日東町2丁目,25542,48903,1.38,1.08,21.8,26.6,25,50
27400130160,京都守口線,寝屋川市・守口市境,北大日竜田線,27209,0,1.1,守口市大日東町2丁目,23361,守口市大日東町2丁目,25542,48903,1.38,1.13,25.3,22.3,25,50
27400130170,京都守口線,北大日竜田線,一般国道１号,27209,0,0.9,守口市大日東町2丁目,23361,守口市大日東町2丁目,25542,48903,1.38,1.13,17,16.4,25,50
27400140010,大阪高槻京都線,一般国道１号,扇町公園南通線,27127,0,0.5,大阪市北区天神橋５丁目,13869,大阪市北区天神橋５丁目,11081,24950,1.35,0.94,11,24.5,27,50
27400140020,大阪高槻京都線,扇町公園南通線,大阪環状線,27127,0,0.9,,13883,,11921,25804,1.34,0.97,21.2,15.6,27,50
27400140030,大阪高槻京都線,大阪環状線,中津太子橋線,27127,0,0.5,,14970,,13826,28796,1.35,0.99,13.1,11,27,50
27400140040,大阪高槻京都線,中津太子橋線,大阪市北区・大阪市東淀川区境,27127,0,0.5,大阪市北区天神橋８丁目,20122,大阪市北区天神橋８丁目,16343,36465,1.36,1.29,17.2,32.8,27,50
27400140050,大阪高槻京都線,大阪市北区・大阪市東淀川区境,大阪高槻京都線,27114,0,0.5,大阪市北区天神橋８丁目,20122,大阪市北区天神橋８丁目,16343,36465,1.36,1.02,54.4,39.8,27,50
27400140060,大阪高槻京都線,大阪高槻京都線,大阪高槻線,27114,0,0.2,大阪市北区天神橋８丁目,20122,大阪市北区天神橋８丁目,16343,36465,1.36,1.02,42.4,12,27,50
27400140070,大阪高槻京都線,大阪高槻線,大阪高槻線,27114,0,2,大阪市東淀川区柴島３丁目,23107,大阪市東淀川区柴島３丁目,18614,41721,1.41,1.47,18,18.8,23.5,50
27400140080,大阪高槻京都線,大阪高槻線,上新庄生野線,27114,0,0.6,大阪市東淀川区上新庄1丁目,12883,大阪市東淀川区上新庄1丁目,11053,23936,1.29,0.65,15.5,26.8,23.5,50
27400140090,大阪高槻京都線,上新庄生野線,一般国道４７９号,27114,0,0.8,大阪市東淀川区上新庄1丁目,12883,大阪市東淀川区上新庄1丁目,11053,23936,1.29,0.65,25.7,12.8,23.5,50
27400140110,大阪高槻京都線,一般国道４７９号,豊中吹田線,27205,0,0.1,,8131,,9257,17388,1.32,1.41,39.1,17.6,21,40
27400140115,大阪高槻京都線,豊中吹田線,豊中摂津線,27205,0,2.7,,8131,,9257,17388,1.32,1.41,11,17,21,40
27400140120,大阪高槻京都線,豊中摂津線,豊中摂津線,27205,0,0.4,,8131,,9257,17388,1.32,1.41,19.1,14.4,21,40
27400140130,大阪高槻京都線,豊中摂津線,吹田市・摂津市境,27205,0,0.1,,8131,,9257,17388,1.32,1.41,13.6,17.6,21,40
27400140380,大阪高槻京都線,茨木摂津線,正雀停車場線,27224,0,0.8,摂津市千里丘５丁目,7480,摂津市千里丘５丁目,8369,15849,1.32,1.33,19,13.3,16.78,40
27400140150,大阪高槻京都線,正雀停車場線,摂津市・吹田市境,27224,0,0.3,摂津市千里丘５丁目,7480,摂津市千里丘５丁目,8369,15849,1.32,1.3,9.8,14.8,30,40
27400140140,大阪高槻京都線,吹田市・摂津市境,茨木摂津線,27224,0,0.4,摂津市千里丘５丁目,7480,摂津市千里丘５丁目,8369,15849,1.32,1.3,19.4,16.1,30,40
27400140160,大阪高槻京都線,摂津市・吹田市境,吹田市・茨木市境,27205,0,0.9,,8131,,9257,17388,1.32,1.27,15.8,16.4,18,40
27400140170,大阪高槻京都線,吹田市・茨木市境,大阪中央環状線,27211,0,0.8,,8131,,9257,17388,1.32,1.39,17.4,13.4,24,40
27400140180,大阪高槻京都線,大阪中央環状線,南千里茨木停車場線,27211,0,0.9,茨木市畑田町,10373,茨木市畑田町,11746,22119,1.33,0.96,16.4,9.2,18.5,40
27400140190,大阪高槻京都線,南千里茨木停車場線,枚方茨木線,27211,0,0.1,茨木市畑田町,10373,茨木市畑田町,11746,22119,1.33,0.96,9.9,10.4,18.5,40
27400140200,大阪高槻京都線,枚方茨木線,名神高速道路,27211,0,1.3,茨木市畑田町,10373,茨木市畑田町,11746,22119,1.33,0.96,15.2,18.3,18.5,40
27400142000,大阪高槻京都線（新）,,吹田市・摂津市境,27205,0,0.2,摂津市正雀本町２丁目,1698,摂津市正雀本町２丁目,1545,3243,1.25,0.09,27,12.3,45,40
27400142010,大阪高槻京都線（新）,吹田市・摂津市境,正雀一津屋線,27224,0,0.4,摂津市正雀本町２丁目,1698,摂津市正雀本町２丁目,1545,3243,1.25,0.09,27.4,41.4,45,40
27400140220,大阪高槻京都線（新）,正雀一津屋線,大阪中央環状線,27224,0,1.3,摂津市正雀３丁目,5684,摂津市正雀３丁目,4719,10403,1.28,0.46,14.4,26.2,35,40
27400140230,大阪高槻京都線（新）,大阪中央環状線,摂津市・茨木市境,27224,0,0.6,摂津市鶴野４丁目,13527,摂津市鶴野４丁目,14039,27566,1.35,0.74,16.2,34.5,47.5,50
27400140240,大阪高槻京都線（新）,摂津市・茨木市境,八尾茨木線,27211,0,1,摂津市鶴野４丁目,13527,摂津市鶴野４丁目,14039,27566,1.35,0.57,24.2,11.1,44.5,50
27400140250,大阪高槻京都線（新）,八尾茨木線,八尾茨木線,27211,0,0.1,摂津市鶴野４丁目,13527,摂津市鶴野４丁目,14039,27566,1.35,0.57,7.4,14.2,44.5,50
27400140260,大阪高槻京都線（新）,八尾茨木線,茨木寝屋川線（新）,27211,0,1.4,摂津市鶴野４丁目,13527,摂津市鶴野４丁目,14039,27566,1.35,0.57,12,30.6,44.5,50
27400140270,大阪高槻京都線（新）,茨木寝屋川線（新）,鳥飼八丁富田線,27211,0,0.7,高槻市唐崎西2丁目,13806,高槻市唐崎西2丁目,13674,27480,1.4,0.42,54.7,32.8,30.5,50
27400140280,大阪高槻京都線（新）,鳥飼八丁富田線,三島江茨木線,27211,0,0.3,高槻市唐崎西2丁目,13806,高槻市唐崎西2丁目,13674,27480,1.4,0.42,31.1,24.9,30.5,50
27400140290,大阪高槻京都線（新）,三島江茨木線,茨木市・高槻市境,27211,0,0.1,高槻市唐崎西2丁目,13806,高槻市唐崎西2丁目,13674,27480,1.4,0.42,16.9,23.7,30.5,50
27400140300,大阪高槻京都線（新）,茨木市・高槻市境,枚方茨木線,27207,0,1.3,高槻市唐崎西2丁目,13806,高槻市唐崎西2丁目,13674,27480,1.4,0.65,23.5,22.7,43,50
27400140310,大阪高槻京都線（新）,枚方茨木線,大阪高槻線,27207,0,0.2,高槻市唐崎西2丁目,13806,高槻市唐崎西2丁目,13674,27480,1.4,0.65,12.8,17.4,43,50
27400140320,大阪高槻京都線（新）,大阪高槻線,一般国道１７０号,27207,0,2.8,高槻市唐崎西2丁目,13806,高槻市唐崎西2丁目,13674,27480,1.4,0.65,30.7,17.9,43,50
27400140330,大阪高槻京都線（新）,一般国道１７０号,,27207,0,0.9,高槻市大冠町１丁目,6694,高槻市大冠町１丁目,7600,14294,1.3,0.67,11.8,15.7,18,50
27400140340,大阪高槻京都線,,,27207,0,0.1,高槻市大冠町１丁目,6694,高槻市大冠町１丁目,7600,14294,1.3,0.64,14,26.8,18,50
27400140400,大阪高槻京都線（新）,枚方高槻線,安満前島線,27207,0,1,高槻市井尻２丁目,5565,高槻市井尻２丁目,6445,12010,1.29,0.95,34.4,34.9,23,40
27400140410,大阪高槻京都線（新）,安満前島線,一般国道１７１号,27207,0,0.7,高槻市井尻２丁目,5565,高槻市井尻２丁目,6445,12010,1.29,0.95,26.5,15,23,40
27400140360,大阪高槻京都線,大阪高槻京都線,熊野大阪線,27114,0,0.5,,14970,,13826,28796,1.35,0.46,,36.4,19,50
27400141000,大阪高槻京都線（新）,（都）南吹田駅前線,一般国道４７９号,27205,0,1.3,吹田市南清和園町,4400,吹田市南清和園町,3835,8235,1.27,0.53,16.3,16.5,22,40
27400141005,大阪高槻京都線（新）,一般国道４７９号,相川停車場線,27205,0,0.4,,,,,,,,18.4,17.7,22,40
27400141010,大阪高槻京都線（新）,相川停車場線,,27205,0,0.4,吹田市昭和町,8183,吹田市昭和町,6932,15115,1.3,1.17,7.3,18.7,22,40
27400141020,大阪高槻京都線（新）,,,27205,0,0.2,吹田市昭和町,8183,吹田市昭和町,6932,15115,1.3,0.68,12,23.7,20,40
27400141030,大阪高槻京都線（新）,,,27205,0,1.3,吹田市昭和町,8183,吹田市昭和町,6932,15115,1.3,1.11,16.6,22.2,19.95,40
27400150010,八尾茨木線,一般国道１７０号（旧）,一般国道１７０号,27212,0,0.7,八尾市山本町北6丁目,3942,八尾市山本町北6丁目,3868,7810,1.31,19.94,13,13,4.3,20
27400150020,八尾茨木線,一般国道１７０号,柏村南本町線,27212,0,0.2,八尾市山本町北6丁目,3942,八尾市山本町北6丁目,3868,7810,1.31,0.91,7.2,14,10,40
27400150030,八尾茨木線,柏村南本町線,山本黒谷線,27212,0,0.8,八尾市山本町北6丁目,3942,八尾市山本町北6丁目,3868,7810,1.31,0.91,18.4,24.2,10,40
27400150040,八尾茨木線,山本黒谷線,大阪港八尾線,27212,0,0.8,八尾市山本町北6丁目,3942,八尾市山本町北6丁目,3868,7810,1.31,0.91,22.1,18,10,40
27400150050,八尾茨木線,大阪港八尾線,八尾市・東大阪市境,27212,0,2.8,八尾市山本町北6丁目,3942,八尾市山本町北6丁目,3868,7810,1.31,0.91,12.9,14,10,40
27400150060,八尾茨木線,八尾市・東大阪市境,大阪東大阪線,27227,0,0.6,八尾市山本町北6丁目,3942,八尾市山本町北6丁目,3868,7810,1.31,0.88,8.9,8.9,9.5,40
27400150070,八尾茨木線,大阪東大阪線,大阪東大阪線,27227,0,0.1,八尾市山本町北6丁目,3942,八尾市山本町北6丁目,3868,7810,1.31,0.75,13.4,15.8,16.5,40
27400150075,八尾茨木線,大阪東大阪線,岩田瓢箪山線,27227,0,1,八尾市山本町北6丁目,3942,八尾市山本町北6丁目,3868,7810,1.31,1.28,,18,3,40
27400150080,八尾茨木線,岩田瓢箪山線,大阪枚岡奈良線,27227,0,1.2,八尾市山本町北6丁目,3942,八尾市山本町北6丁目,3868,7810,1.31,1.28,,12.9,3,40
27400150090,八尾茨木線,大阪枚岡奈良線,八尾枚方線,27227,0,1.1,東大阪市稲葉1丁目,9710,東大阪市稲葉1丁目,8168,17878,1.32,1.59,20,10.6,11,40
27400150100,八尾茨木線,八尾枚方線,大阪中央環状線,27227,0,1,東大阪市稲葉1丁目,9710,東大阪市稲葉1丁目,8168,17878,1.32,1.59,7.3,11.5,11,40
27400150110,八尾茨木線,大阪中央環状線,大阪中央環状線（旧）,27227,0,0.9,東大阪市稲葉1丁目,9710,東大阪市稲葉1丁目,8168,17878,1.32,1.59,12,19,11,40
27400150120,八尾茨木線,大阪中央環状線（旧）,大阪枚岡奈良線,27227,0,0.5,東大阪市稲葉1丁目,9710,東大阪市稲葉1丁目,8168,17878,1.32,1.59,15.5,13.4,11,40
27400150130,八尾茨木線,大阪枚岡奈良線,一般国道３０８号,27227,0,1,東大阪市楠根1丁目,2429,東大阪市楠根1丁目,2232,4661,1.25,0.27,,13.6,6,30
27400150140,八尾茨木線,一般国道３０８号,,27227,0,1.5,東大阪市楠根1丁目,2429,東大阪市楠根1丁目,2232,4661,1.25,0.51,13.3,16.3,6,30
27400150160,八尾茨木線,,石切大阪線,27124,0,0.7,,,,,,,,,12.3,2.75,20
27400150170,八尾茨木線,石切大阪線,石切大阪線,27227,0,0.1,,,,,,,,,10.4,2.75,20
27400150180,八尾茨木線,石切大阪線,東大阪市・大阪市鶴見区境,27227,0,0,,,,,,,,,12.6,2.75,20
27400150190,八尾茨木線,東大阪市・大阪市鶴見区境,大阪中央環状線（旧）,27124,0,0.7,,,,,,,,,22.3,2.75,20
27400150210,八尾茨木線,,大阪生駒線,27124,0,0.2,大阪市鶴見区浜３丁目,558,大阪市鶴見区浜３丁目,439,997,1.17,0.17,17.2,17.2,6.5,20
27400150220,八尾茨木線,大阪生駒線,,27124,0,0.7,大阪市鶴見区浜３丁目,558,大阪市鶴見区浜３丁目,439,997,1.17,0.17,19.5,19.5,6.5,20
27400150230,八尾茨木線,,大阪中央環状線,27223,0,0.5,守口市藤田町2丁目,5121,守口市藤田町2丁目,4824,9945,1.35,0.71,9.6,18.5,10.5,30
27400150240,八尾茨木線,大阪中央環状線,深野南寺方大阪線,27223,0,0.7,守口市藤田町2丁目,5121,守口市藤田町2丁目,4824,9945,1.35,1.28,20.8,,4.3,20
27400150250,八尾茨木線,深野南寺方大阪線,深野南寺方大阪線,27223,0,0.1,守口市藤田町2丁目,5121,守口市藤田町2丁目,4824,9945,1.35,0.8,13.8,14.9,10.75,40
27400150260,八尾茨木線,深野南寺方大阪線,一般国道１６３号,27223,0,1.4,守口市藤田町2丁目,5121,守口市藤田町2丁目,4824,9945,1.35,0.8,17.2,16.5,10.75,40
27400150270,八尾茨木線,一般国道１６３号,守口門真線,27223,0,0.8,守口市藤田町2丁目,5121,守口市藤田町2丁目,4824,9945,1.35,0.8,10.9,16.3,10.75,40
27400150280,八尾茨木線,守口門真線,門真市・守口市境,27223,0,0.5,守口市藤田町2丁目,5121,守口市藤田町2丁目,4824,9945,1.35,0.8,12.7,18.6,10.75,40
27400150290,八尾茨木線,門真市・守口市境,北大日竜田線,27209,0,1.1,守口市藤田町2丁目,5121,守口市藤田町2丁目,4824,9945,1.35,0.84,18.1,17.2,7.2,30
27400150300,八尾茨木線,北大日竜田線,守口市・寝屋川市境,27209,0,0.2,守口市藤田町2丁目,5121,守口市藤田町2丁目,4824,9945,1.35,0.84,13.3,21.7,7.2,30
27400150310,八尾茨木線,守口市・寝屋川市境,京都守口線,27215,0,0.9,守口市藤田町2丁目,5121,守口市藤田町2丁目,4824,9945,1.35,0.63,18.8,9.1,10.5,30
27400150350,八尾茨木線,枚方交野寝屋川線,枚方交野寝屋川線,27215,0,1,寝屋川市対馬江東町,8117,寝屋川市対馬江東町,8284,16401,1.27,0.83,21.2,14.4,32,50
27400150360,八尾茨木線,枚方交野寝屋川線,京都守口線,27215,0,0.3,寝屋川市対馬江東町,8117,寝屋川市対馬江東町,8284,16401,1.27,0.83,18.6,31.1,32,50
27400150370,八尾茨木線,京都守口線,一般国道１号,27215,0,0.6,寝屋川市仁和寺本町3丁目,9944,寝屋川市仁和寺本町3丁目,10388,20332,1.32,1.19,18.5,11.6,32,50
27400150380,八尾茨木線（鳥飼仁和寺大橋）,一般国道１号,寝屋川市・摂津市境,27215,0,0.3,摂津市鳥飼中,5227,摂津市鳥飼中,6387,11614,1.29,0.34,27.3,28.2,32,50
27400150390,八尾茨木線（鳥飼仁和寺大橋）,寝屋川市・摂津市境,大阪高槻線,27224,0,0.3,摂津市鳥飼中,5227,摂津市鳥飼中,6387,11614,1.29,0.31,59.9,65.3,24,50
27400150400,八尾茨木線,大阪高槻線,鳥飼八丁富田線,27224,0,1.3,摂津市鳥飼八町１丁目,15129,摂津市鳥飼八町１丁目,13679,28808,1.35,1.15,24.1,28,42,50
27400150410,八尾茨木線,鳥飼八丁富田線,摂津市・茨木市境,27224,0,0,摂津市鳥飼八町１丁目,15129,摂津市鳥飼八町１丁目,13679,28808,1.35,1.15,21,26.9,42,50
27400150420,八尾茨木線,摂津市・茨木市境,大阪高槻京都線（新）,27211,0,0.6,摂津市鳥飼八町１丁目,15129,摂津市鳥飼八町１丁目,13679,28808,1.35,1.12,28.3,8.2,48.5,50
27400150440,八尾茨木線,大阪高槻京都線（新）,三島江茨木線,27211,0,2,茨木市沢良宜浜３丁目,1626,茨木市沢良宜浜３丁目,2114,3740,1.25,0.53,17.3,17.1,8,30
27400150450,八尾茨木線,三島江茨木線,枚方茨木線,27211,0,0.7,茨木市沢良宜浜３丁目,1626,茨木市沢良宜浜３丁目,2114,3740,1.25,0.56,14.3,9.7,7.5,30
27400150460,八尾茨木線,枚方茨木線,,27211,0,0.1,茨木市沢良宜浜３丁目,1626,茨木市沢良宜浜３丁目,2114,3740,1.25,0.5,11.3,5.3,16,40
27400150470,八尾茨木線,,枚方茨木線,27211,0,0.1,茨木市大住町,5730,茨木市大住町,6233,11963,1.29,1.04,8.2,4.6,16,40
27400150480,八尾茨木線,枚方茨木線,,27211,0,1,茨木市大住町,5730,茨木市大住町,6233,11963,1.29,1.04,9,16.7,16,40
27400150490,八尾茨木線,,一般国道１７１号,27211,0,0.7,茨木市三咲町,7402,茨木市三咲町,8388,15790,1.3,1.16,17.8,9.1,44.5,40
27400150320,八尾茨木線（旧）,京都守口線,一般国道１号,27215,0,0.6,,4155,,5614,9769,1.35,0.78,9.1,9.4,10.5,30
27400150330,八尾茨木線（旧）,一般国道１号,,27215,0,0.1,,4155,,5614,9769,1.35,0.78,15.1,7,10.5,30
27400150510,八尾茨木線,,一般国道１号,27223,0,0.2,門真市島頭1丁目,3978,門真市島頭1丁目,4953,8931,1.39,0.85,18.6,6.8,38.5,40
27400150520,八尾茨木線,一般国道１号,一般国道１６３号,27223,0,0.4,門真市島頭1丁目,3978,門真市島頭1丁目,4953,8931,1.39,0.85,11.8,15,38.5,40
27400150530,八尾茨木線,一般国道１号,,27223,0,0.3,,,,,,,,8.4,17.9,65.1,50
27400160010,大阪高槻線,一般国道１７６号,一般国道１７６号,27123,0,0.3,大阪市淀川区十三本町１丁目,9225,大阪市淀川区十三本町１丁目,15088,24313,1.34,1.49,18.3,8.4,25,50
27400160020,大阪高槻線,一般国道１７６号,一般国道４２３号,27123,0,1.7,大阪市淀川区木川東２丁目,7209,大阪市淀川区木川東２丁目,11282,18491,1.33,1.14,25.3,13.3,25,50
27400160030,大阪高槻線,一般国道４２３号,西淡路南方線,27123,0,0.5,大阪市淀川区木川東２丁目,7209,大阪市淀川区木川東２丁目,11282,18491,1.33,1.14,28.7,7.6,25,50
27400160040,大阪高槻線,西淡路南方線,大阪高槻京都線,27114,0,0.6,大阪市東淀川区柴島１丁目,22779,大阪市東淀川区柴島１丁目,14709,37488,1.36,2.4,24.2,22.3,25,50
27400160060,大阪高槻線,大阪高槻京都線,上新庄生野線,27114,0,0.8,大阪市東淀川区菅原４丁目,8520,大阪市東淀川区菅原４丁目,8149,16669,1.32,0.62,16.9,24.6,25,50
27400160070,大阪高槻線,上新庄生野線,一般国道４７９号,27114,0,1.1,大阪市東淀川区豊新１丁目,10136,大阪市東淀川区豊新１丁目,10422,20558,1.33,0.69,21.8,12.5,25,50
27400160080,大阪高槻線,一般国道４７９号,大阪高槻線,27114,0,1.6,大阪市東淀川区南江口２丁目,8591,大阪市東淀川区南江口２丁目,8202,16793,1.44,1.36,9.6,18.6,15,40
27400160090,大阪高槻線,大阪高槻線,大阪高槻線,27114,0,0.6,,9057,,9278,18335,1.32,1.5,18.1,9.6,15,40
27400160100,大阪高槻線,大阪高槻線,正雀一津屋線,27224,0,0.8,摂津市西一津屋3,8797,摂津市西一津屋3,6786,15583,1.49,0.95,13.5,13.4,12.5,40
27400160110,大阪高槻線,正雀一津屋線,大阪中央環状線,27224,0,1.1,摂津市西一津屋3,8797,摂津市西一津屋3,6786,15583,1.49,0.95,14.5,7.7,12.5,40
27400160120,大阪高槻線,大阪中央環状線,八尾茨木線（鳥飼仁和寺大橋）,27224,0,2.4,摂津市鳥飼上２丁目,7460,摂津市鳥飼上２丁目,6497,13957,1.3,0.91,10.3,17.9,15.5,40
27400160130,大阪高槻線,八尾茨木線（鳥飼仁和寺大橋）,摂津市・高槻市境,27224,0,1.2,摂津市鳥飼上２丁目,7460,摂津市鳥飼上２丁目,6497,13957,1.3,0.91,13.4,22.7,15.5,40
27400160140,大阪高槻線,摂津市・高槻市境,茨木寝屋川線（新）,27207,0,0.3,摂津市鳥飼上２丁目,7460,摂津市鳥飼上２丁目,6497,13957,1.3,0.97,22.2,10.8,11.75,40
27400160150,大阪高槻線,茨木寝屋川線（新）,三島江茨木線,27207,0,1.9,高槻市柱本３丁目,5744,高槻市柱本３丁目,6759,12503,1.29,1.14,17.7,22.2,12.5,40
27400160160,大阪高槻線,三島江茨木線,枚方茨木線,27207,0,1.4,高槻市柱本３丁目,5744,高槻市柱本３丁目,6759,12503,1.29,1.14,20.2,12.3,12.5,40
27400160170,大阪高槻線,枚方茨木線,大阪高槻京都線（新）,27207,0,0.1,高槻市柱本３丁目,5744,高槻市柱本３丁目,6759,12503,1.29,1.14,11.5,5.3,12.5,40
27400160190,大阪高槻線,大阪高槻京都線（新）,高槻茨木線,27207,0,2.8,高槻市柱本３丁目,5744,高槻市柱本３丁目,6759,12503,1.29,1.42,16.8,17.2,11.4,40
27400160200,大阪高槻線,高槻茨木線,一般国道１７１号,27207,0,0.5,高槻市柱本３丁目,5744,高槻市柱本３丁目,6759,12503,1.29,1.42,15.5,8.2,11.4,40
27400160220,大阪高槻線,大阪高槻線,大阪高槻線,27114,0,0.6,,9057,,9278,18335,1.32,0.83,,10,15,40
27400170020,枚方高槻線,一般国道３０７号,一般国道１号,27210,0,0.4,枚方市招提平野町,2652,枚方市招提平野町,2510,5162,1.26,0.43,5.9,9.4,12.5,30
27400170030,枚方高槻線,一般国道１号,杉田口禁野線,27210,0,1.3,枚方市招提平野町,2652,枚方市招提平野町,2510,5162,1.26,0.65,16.3,10.8,12.5,30
27400170040,枚方高槻線,杉田口禁野線,（元）長尾八幡線,27210,0,0.1,枚方市招提平野町,2652,枚方市招提平野町,2510,5162,1.26,0.44,7.2,16.2,10.3,30
27400170050,枚方高槻線,（元）長尾八幡線,一般国道１号,27210,0,2.1,枚方市招提平野町,2652,枚方市招提平野町,2510,5162,1.26,0.44,21.8,14.9,10.3,30
27400170060,枚方高槻線,一般国道１号,枚方交野寝屋川線（旧）,27210,0,1.1,枚方市招提平野町,2652,枚方市招提平野町,2510,5162,1.26,0.66,10.3,23.2,6.8,30
27400170070,枚方高槻線,枚方交野寝屋川線（旧）,枚方交野寝屋川線,27210,0,0.2,枚方市招提平野町,2652,枚方市招提平野町,2510,5162,1.26,0.66,12.9,8,6.8,30
27400170080,枚方高槻線,枚方交野寝屋川線,京都守口線,27210,0,1.8,枚方市招提平野町,2652,枚方市招提平野町,2510,5162,1.26,0.66,12,15.2,6.8,30
27400170100,枚方高槻線,京都守口線,,27210,0,0.6,,,,,,,,9,15.3,4.5,20
27400170115,枚方高槻線,安満前島線,大阪高槻京都線（新）,27207,0,0.3,高槻市天川町,1635,高槻市天川町,1911,3546,1.25,0.38,16.9,23.6,11.75,30
27400170120,枚方高槻線,大阪高槻京都線（新）,一般国道１７０号,27207,0,1.8,高槻市天川町,1635,高槻市天川町,1911,3546,1.25,0.38,20.5,19.7,11.75,30
27400180010,枚方交野寝屋川線,京都守口線,枚方高槻線,27210,0,3,枚方市招提元町１丁目,5968,枚方市招提元町１丁目,5608,11576,1.3,0.61,15.4,14.6,18,40
27400180020,枚方交野寝屋川線,枚方高槻線,杉田口禁野線,27210,0,1.5,枚方市招提元町１丁目,5968,枚方市招提元町１丁目,5608,11576,1.3,0.61,18.5,13.5,18,40
27400180030,枚方交野寝屋川線,杉田口禁野線,一般国道１号,27210,0,0.1,枚方市招提元町１丁目,5968,枚方市招提元町１丁目,5608,11576,1.3,0.61,9.4,3.8,18,40
27400180040,枚方交野寝屋川線,一般国道１号,一般国道３０７号,27210,0,1.5,枚方市村野高見台,6803,枚方市村野高見台,8304,15107,1.31,0.94,12.2,13.3,18,40
27400180050,枚方交野寝屋川線,一般国道３０７号,枚方市・交野市境,27210,0,1.3,枚方市村野高見台,6803,枚方市村野高見台,8304,15107,1.31,0.94,9.6,18.2,18,40
27400180060,枚方交野寝屋川線,枚方市・交野市境,枚方大和郡山線,27230,0,0.3,枚方市村野高見台,6803,枚方市村野高見台,8304,15107,1.31,1.03,20.6,14.1,12.5,40
27400180070,枚方交野寝屋川線,枚方大和郡山線,一般国道１６８号,27230,0,1.2,枚方市村野高見台,6803,枚方市村野高見台,8304,15107,1.31,1.03,16.4,10.4,12.5,40
27400180080,枚方交野寝屋川線,一般国道１６８号,交野市・枚方市境,27230,0,0,寝屋川市宇谷町,10385,寝屋川市宇谷町,10313,20698,1.32,1.27,11.8,14.1,12.5,40
27400180090,枚方交野寝屋川線,交野市・枚方市境,一般国道１６８号（新）,27210,0,0.2,寝屋川市宇谷町,10385,寝屋川市宇谷町,10313,20698,1.32,1.29,9.5,16.9,13.5,40
27400180100,枚方交野寝屋川線,一般国道１６８号（新）,一般国道１６８号,27210,0,0.1,寝屋川市宇谷町,10385,寝屋川市宇谷町,10313,20698,1.32,1.29,8,13.9,13.5,40
27400180110,枚方交野寝屋川線,一般国道１６８号,木屋交野線,27210,0,0.4,寝屋川市宇谷町,10385,寝屋川市宇谷町,10313,20698,1.32,1.29,11.3,21.8,13.5,40
27400180120,枚方交野寝屋川線,木屋交野線,木屋交野線,27210,0,0.3,寝屋川市宇谷町,10385,寝屋川市宇谷町,10313,20698,1.32,1.29,20.3,17.6,13.5,40
27400180130,枚方交野寝屋川線,木屋交野線,枚方市・寝屋川市境,27210,0,1.5,寝屋川市宇谷町,10385,寝屋川市宇谷町,10313,20698,1.32,1.29,22.2,17.5,13.5,40
27400180140,枚方交野寝屋川線,枚方市・寝屋川市境,私市太秦線,27215,0,0.5,寝屋川市宇谷町,10385,寝屋川市宇谷町,10313,20698,1.32,1.23,20.3,9.9,13.4,40
27400180150,枚方交野寝屋川線,私市太秦線,,27215,0,0.7,寝屋川市宇谷町,10385,寝屋川市宇谷町,10313,20698,1.32,1.23,14.3,11.5,13.4,40
27400180160,枚方交野寝屋川線,,一般国道１７０号,27215,0,1.1,寝屋川市宇谷町,10385,寝屋川市宇谷町,10313,20698,1.32,1.23,16.1,16.4,13.4,40
27400180180,枚方交野寝屋川線,一般国道１７０号,木屋門真線,27215,0,1.8,寝屋川市高柳１丁目,4274,寝屋川市高柳１丁目,3537,7811,1.31,0.8,14.7,14.2,6.7,30
27400180190,枚方交野寝屋川線,木屋門真線,八尾茨木線,27215,0,0.6,寝屋川市高柳１丁目,4274,寝屋川市高柳１丁目,3537,7811,1.31,0.8,18.7,16.5,6.7,30
27400180200,枚方交野寝屋川線,八尾茨木線,京都守口線,27215,0,0.6,寝屋川市高柳１丁目,4274,寝屋川市高柳１丁目,3537,7811,1.31,0.8,13.7,11.3,6.7,30
27400180220,枚方交野寝屋川線（旧）,枚方高槻線,一般国道１号,27210,0,1.5,,3903,,4107,8010,1.27,1.08,18.5,25.6,4.4,20
27400180230,枚方交野寝屋川線（旧）,一般国道１号,杉田口禁野線,27210,0,0.1,,3903,,4107,8010,1.27,1.08,16.2,9.4,4.4,20
27400180245,枚方交野寝屋川線,枚方富田林泉佐野線,,27215,0,0.4,,4305,,3389,7694,1.27,0,20.3,22.2,16,40
27400180250,枚方交野寝屋川線,,一般国道１７０号,27215,0,1,,4305,,3389,7694,1.27,0,30.1,26.8,16,40
27400180260,枚方交野寝屋川線,一般国道１７０号,一般国道１７０号,27215,0,0.3,,4305,,3389,7694,1.27,0.67,6.9,8.7,16,40
27400180270,枚方交野寝屋川線,一般国道１７０号,八尾枚方線,27215,0,0.4,寝屋川市清水町,9881,寝屋川市清水町,9349,19230,1.27,0.7,6.9,8.7,21,40
27400180280,枚方交野寝屋川線,八尾枚方線,八尾茨木線,27215,0,1.6,寝屋川市清水町,9881,寝屋川市清水町,9349,19230,1.27,0.7,16,20.4,21,40
27400190010,茨木寝屋川線（新）,,三島江茨木線,27211,0,0.8,茨木市平田１丁目,5582,茨木市平田１丁目,4446,10028,1.28,0.87,19,23.2,24.5,40
27400190020,茨木寝屋川線（新）,三島江茨木線,大阪高槻京都線（新）,27211,0,1.2,茨木市平田１丁目,5582,茨木市平田１丁目,4446,10028,1.28,0.87,14.6,13.9,24.5,40
27400190030,茨木寝屋川線（新）,大阪高槻京都線（新）,茨木市・摂津市境,27211,0,0.5,摂津市鳥飼上4丁目,16934,摂津市鳥飼上4丁目,14964,31898,1.44,0.68,10.2,37.5,38.5,50
27400190040,茨木寝屋川線（新）,茨木市・摂津市境,鳥飼八丁富田線,27224,0,0.1,摂津市鳥飼上4丁目,16934,摂津市鳥飼上4丁目,14964,31898,1.44,1.75,38,45.7,20.25,50
27400190050,茨木寝屋川線（新）,鳥飼八丁富田線,大阪高槻線,27224,0,0.9,摂津市鳥飼上4丁目,16934,摂津市鳥飼上4丁目,14964,31898,1.44,1.75,22.7,21.7,20.25,50
27400190060,茨木寝屋川線（新）,大阪高槻線,摂津市・高槻市境,27224,0,0,摂津市鳥飼上4丁目,16934,摂津市鳥飼上4丁目,14964,31898,1.44,1.75,30.8,32,20.25,50
27400190070,茨木寝屋川線（新）,摂津市・高槻市境,高槻市・寝屋川市境,27207,0,0.9,摂津市鳥飼上4丁目,16934,摂津市鳥飼上4丁目,14964,31898,1.44,0.62,53.7,10.7,34,50
27400190080,茨木寝屋川線,高槻市・寝屋川市境,一般国道１号,27215,0,0.4,寝屋川市点野1丁目,22880,寝屋川市点野1丁目,19475,42355,1.48,1.25,31,7.4,20.3,50
27400190090,茨木寝屋川線,一般国道１号,木屋門真線,27215,0,0.2,寝屋川市点野1丁目,22880,寝屋川市点野1丁目,19475,42355,1.48,1.25,8.9,16.4,20.3,50
27400190100,茨木寝屋川線,木屋門真線,一般国道１７０号,27215,0,0.4,寝屋川市点野1丁目,22880,寝屋川市点野1丁目,19475,42355,1.48,1.25,3.8,16.7,20.3,50
27400200010,枚方富田林泉佐野線,京都守口線,枚方茨木線,27210,0,0.9,枚方市大垣内町3丁目,2923,枚方市大垣内町3丁目,4103,7026,1.27,0.61,9.3,11.5,18.2,30
27400200020,枚方富田林泉佐野線,枚方茨木線,一般国道１号,27210,0,0.6,枚方市大垣内町3丁目,2923,枚方市大垣内町3丁目,4103,7026,1.27,0.58,15.4,7.5,9,40
27400200040,枚方富田林泉佐野線,一般国道１６８号,木屋交野線,27230,0,0.1,寝屋川市打上高塚町,2030,寝屋川市打上高塚町,1761,3791,1.25,0.57,11.5,16.6,7.5,40
27400200050,枚方富田林泉佐野線,木屋交野線,一般国道１６８号,27230,0,0.2,寝屋川市打上高塚町,2030,寝屋川市打上高塚町,1761,3791,1.25,0.57,14.7,9.8,7.5,40
27400200060,枚方富田林泉佐野線,一般国道１６８号,交野市・枚方市境,27230,0,0.1,寝屋川市打上高塚町,2030,寝屋川市打上高塚町,1761,3791,1.25,0.57,18.6,11.1,7.5,40
27400200070,枚方富田林泉佐野線,交野市・枚方市境,一般国道１号,27210,0,0.1,寝屋川市打上高塚町,2030,寝屋川市打上高塚町,1761,3791,1.25,0.51,14.1,6.2,7.3,40
27400200080,枚方富田林泉佐野線,一般国道１号,枚方市・交野市境,27210,0,0.2,寝屋川市打上高塚町,2030,寝屋川市打上高塚町,1761,3791,1.25,0.51,5.4,16.2,7.3,40
27400200090,枚方富田林泉佐野線,枚方市・交野市境,交野久御山線,27230,0,0.8,寝屋川市打上高塚町,2030,寝屋川市打上高塚町,1761,3791,1.25,0.53,22.5,28,8,40
27400200100,枚方富田林泉佐野線,交野久御山線,私市太秦線,27230,0,0.6,寝屋川市打上高塚町,2030,寝屋川市打上高塚町,1761,3791,1.25,0.53,17.5,13.6,8,40
27400200110,枚方富田林泉佐野線,私市太秦線,星田停車場線,27230,0,0,寝屋川市打上高塚町,2030,寝屋川市打上高塚町,1761,3791,1.25,0.53,12.9,12.3,8,40
27400200120,枚方富田林泉佐野線,星田停車場線,私市太秦線,27230,0,0.4,寝屋川市打上高塚町,2030,寝屋川市打上高塚町,1761,3791,1.25,0.53,15.4,10.4,8,40
27400200130,枚方富田林泉佐野線,私市太秦線,交野市・寝屋川市境,27230,0,0.4,寝屋川市打上高塚町,2030,寝屋川市打上高塚町,1761,3791,1.25,0.53,14.6,22.5,8,40
27400200140,枚方富田林泉佐野線,交野市・寝屋川市境,枚方富田林泉佐野線（新）,27215,0,0.6,寝屋川市打上高塚町,2030,寝屋川市打上高塚町,1761,3791,1.25,0.48,21.8,21.3,12,40
27400200150,枚方富田林泉佐野線,枚方富田林泉佐野線（新）,,27215,0,1.4,寝屋川市打上高塚町,2030,寝屋川市打上高塚町,1761,3791,1.25,0.6,16.1,18.4,6.3,30
27400200180,枚方富田林泉佐野線,一般国道２６号,和歌山貝塚線,27213,0,0.5,泉佐野市上瓦屋,6583,泉佐野市上瓦屋,6139,12722,1.29,1.06,16.8,18.3,16,40
27400200190,枚方富田林泉佐野線,和歌山貝塚線,大阪臨海線,27213,0,0.4,泉佐野市上瓦屋,6583,泉佐野市上瓦屋,6139,12722,1.29,0.97,12.3,13.7,16,40
27400200210,枚方富田林泉佐野線（新）,枚方富田林泉佐野線,寝屋川市・四條畷市境,27215,0,1.2,寝屋川市打上宮前町,5601,寝屋川市打上宮前町,5525,11126,1.28,1.07,13.4,15.5,12.5,40
27400200220,枚方富田林泉佐野線（新）,寝屋川市・四條畷市境,一般国道１６３号,27229,0,1.5,寝屋川市打上宮前町,5601,寝屋川市打上宮前町,5525,11126,1.28,1.13,13.2,19,12.5,40
27400200240,枚方富田林泉佐野線,,枚方交野寝屋川線,27215,0,0.4,寝屋川市明和1丁目,1431,寝屋川市明和1丁目,1419,2850,1.22,0.33,20.8,21,16,40
27400210010,八尾枚方線,大阪中央環状線（旧）,八尾道明寺線,27212,0,1.1,東大阪市岩田町1丁目,5881,東大阪市岩田町1丁目,5549,11430,1.3,0.97,15.1,16.8,10.25,40
27400210020,八尾枚方線,八尾道明寺線,八尾市・東大阪市境,27212,0,0.9,東大阪市岩田町1丁目,5881,東大阪市岩田町1丁目,5549,11430,1.3,0.97,20.3,18.6,10.25,40
27400210030,八尾枚方線,八尾市・東大阪市境,大阪東大阪線,27227,0,0.5,東大阪市岩田町1丁目,5881,東大阪市岩田町1丁目,5549,11430,1.3,1.15,18.1,10.7,10.25,40
27400210035,八尾枚方線,大阪東大阪線,岩田瓢箪山線,27227,0,1,東大阪市岩田町1丁目,5881,東大阪市岩田町1丁目,5549,11430,1.3,1.15,16.4,8.3,10.25,40
27400210040,八尾枚方線,岩田瓢箪山線,八尾茨木線,27227,0,0.8,東大阪市岩田町1丁目,5881,東大阪市岩田町1丁目,5549,11430,1.3,1.15,16.5,14.8,10.25,40
27400210050,八尾枚方線,八尾茨木線,一般国道３０８号,27227,0,0.9,東大阪市岩田町1丁目,5881,東大阪市岩田町1丁目,5549,11430,1.3,1.15,10.6,9.3,10.25,40
27400210060,八尾枚方線,一般国道３０８号,石切大阪線,27227,0,1.4,東大阪市岩田町1丁目,5881,東大阪市岩田町1丁目,5549,11430,1.3,1.15,11.2,12,10.25,40
27400210070,八尾枚方線,石切大阪線,東大阪市・大東市境,27227,0,1.3,東大阪市岩田町1丁目,5881,東大阪市岩田町1丁目,5549,11430,1.3,1.15,11,15.6,10.25,40
27400210080,八尾枚方線,東大阪市・大東市境,,27218,0,0.1,東大阪市岩田町1丁目,5881,東大阪市岩田町1丁目,5549,11430,1.3,1.04,14.9,7.5,15.5,40
27400210090,八尾枚方線,,大阪生駒線,27218,0,0.9,東大阪市岩田町1丁目,5881,東大阪市岩田町1丁目,5549,11430,1.3,1.04,14.2,11.7,15.5,40
27400210100,八尾枚方線,大阪生駒線,大東市・門真市境,27218,0,1,大東市氷野3丁目,5149,大東市氷野3丁目,5603,10752,1.4,0.9,13.4,12.7,9.8,40
27400210110,八尾枚方線,大東市・門真市境,深野南寺方大阪線,27223,0,0.1,大東市氷野3丁目,5149,大東市氷野3丁目,5603,10752,1.4,0.83,13.5,10.3,12,40
27400210120,八尾枚方線,深野南寺方大阪線,一般国道１６３号,27223,0,2.3,大東市氷野3丁目,5149,大東市氷野3丁目,5603,10752,1.4,0.83,16.2,11.7,12,40
27400210130,八尾枚方線,一般国道１６３号,門真市・寝屋川市境,27223,0,0.3,寝屋川市大成町,5383,寝屋川市大成町,5903,11286,1.31,0.75,6.4,15.4,12,40
27400210135,八尾枚方線,門真市・寝屋川市境,一般国道１号（側道）,27215,0,0.2,寝屋川市大成町,5383,寝屋川市大成町,5903,11286,1.31,0.91,8.8,9.9,14.3,40
27400210140,八尾枚方線,一般国道１号（側道）,枚方交野寝屋川線,27215,0,1.6,寝屋川市下木田町,7778,寝屋川市下木田町,7333,15111,1.31,1.29,20,16.4,14.3,40
27400210150,八尾枚方線,枚方交野寝屋川線,一般国道１７０号,27215,0,0.6,寝屋川市下木田町,7778,寝屋川市下木田町,7333,15111,1.31,1.29,18.6,19,14.3,40
27400210170,八尾枚方線,一般国道１７０号（旧）,木屋交野線,27215,0,0.7,枚方市枚方公園町,2854,枚方市枚方公園町,2599,5453,1.25,0.73,13,12.5,9.8,30
27400210180,八尾枚方線,木屋交野線,木屋交野線,27215,0,0.1,枚方市枚方公園町,2854,枚方市枚方公園町,2599,5453,1.25,0.73,6.9,8.2,9.8,30
27400210190,八尾枚方線,木屋交野線,寝屋川市・枚方市境,27215,0,0.2,枚方市枚方公園町,2854,枚方市枚方公園町,2599,5453,1.25,0.73,13.5,21.2,9.8,30
27400210200,八尾枚方線,寝屋川市・枚方市境,一般国道１７０号,27210,0,2.9,枚方市枚方公園町,2854,枚方市枚方公園町,2599,5453,1.25,0.77,24.4,16.5,9.2,40
27400240010,大阪東大阪線,一般国道３０８号,平野守口線,27115,0,0.5,大阪市東成区深江南２丁目,9183,大阪市東成区深江南２丁目,9331,18514,1.32,0.68,12.5,17.5,23.7,40
27400240020,大阪東大阪線,平野守口線,大阪枚岡奈良線,27227,0,0.4,東大阪市菱屋西4丁目,7705,東大阪市菱屋西4丁目,7411,15116,1.28,0.97,21.7,10.6,16,40
27400240030,大阪東大阪線,大阪枚岡奈良線,,27227,0,2.6,東大阪市菱屋西4丁目,7705,東大阪市菱屋西4丁目,7411,15116,1.28,0.97,16.1,17.4,16,40
27400240040,大阪東大阪線,,大阪中央環状線（旧）,27227,0,0.8,東大阪市菱屋西4丁目,7705,東大阪市菱屋西4丁目,7411,15116,1.28,0.97,12.9,11.7,16,40
27400240050,大阪東大阪線,大阪中央環状線（旧）,大阪中央環状線,27227,0,0.8,東大阪市菱屋西4丁目,7705,東大阪市菱屋西4丁目,7411,15116,1.28,0.97,13.3,9.5,16,40
27400240060,大阪東大阪線,大阪中央環状線,八尾枚方線,27227,0,0.9,東大阪市玉串町東1丁目,8348,東大阪市玉串町東1丁目,6910,15258,1.31,1.06,5.6,6,11.5,40
27400240070,大阪東大阪線,八尾枚方線,八尾茨木線,27227,0,0.9,東大阪市玉串町東1丁目,8348,東大阪市玉串町東1丁目,6910,15258,1.31,1.06,12.1,17.6,11.5,40
27400240090,大阪東大阪線,八尾茨木線,一般国道１７０号,27227,0,1.5,東大阪市玉串町東1丁目,8348,東大阪市玉串町東1丁目,6910,15258,1.31,1.06,20.1,13.9,11.5,40
27400240100,大阪東大阪線,一般国道１７０号,一般国道１７０号（旧）,27227,0,0.4,東大阪市玉串町東1丁目,8348,東大阪市玉串町東1丁目,6910,15258,1.31,1.06,13.6,15.9,11.5,40
27400260010,大阪狭山線,一般国道２５号,一般国道２５号,27121,0,0.3,大阪市東住吉区田辺１丁目,8362,大阪市東住吉区田辺１丁目,7856,16218,1.3,1.68,10.5,11.5,25,20
27400260020,大阪狭山線,一般国道２５号,,27121,0,0.2,大阪市東住吉区田辺１丁目,8362,大阪市東住吉区田辺１丁目,7856,16218,1.3,1.68,12.1,16.3,25,20
27400260030,大阪狭山線,,,27121,0,0.2,大阪市東住吉区田辺１丁目,8362,大阪市東住吉区田辺１丁目,7856,16218,1.3,1.34,15.5,13.4,25,20
27400260040,大阪狭山線,,阿倍野木津川線,27121,0,0.1,大阪市東住吉区田辺１丁目,8362,大阪市東住吉区田辺１丁目,7856,16218,1.3,1.68,13.6,11.1,25,20
27400260050,大阪狭山線,阿倍野木津川線,阿倍野木津川線,27121,0,0,大阪市東住吉区田辺１丁目,8362,大阪市東住吉区田辺１丁目,7856,16218,1.3,1.68,11.7,17.8,25,20
27400260060,大阪狭山線,阿倍野木津川線,木津川平野線,27121,0,2,大阪市東住吉区田辺１丁目,8362,大阪市東住吉区田辺１丁目,7856,16218,1.3,1.49,16.7,16.5,12,20
27400260070,大阪狭山線,木津川平野線,大阪港八尾線,27121,0,1.4,大阪市東住吉区田辺１丁目,8362,大阪市東住吉区田辺１丁目,7856,16218,1.3,0.67,17.5,19.5,24.9,20
27400260080,大阪狭山線,大阪港八尾線,一般国道４７９号,27121,0,1.3,大阪市東住吉区矢田１丁目,12817,大阪市東住吉区矢田１丁目,13759,26576,1.34,1.02,19.8,14.6,24.9,20
27400260090,大阪狭山線,一般国道４７９号,大阪狭山線,27121,0,0.8,大阪市東住吉区矢田１丁目,12817,大阪市東住吉区矢田１丁目,13759,26576,1.34,1.02,10,20,24.9,20
27400260100,大阪狭山線,大阪狭山線,住吉八尾線,27121,0,0.5,大阪市東住吉区矢田１丁目,12817,大阪市東住吉区矢田１丁目,13759,26576,1.34,1.02,23.2,21.3,24.9,20
27400260110,大阪狭山線,住吉八尾線,,27121,0,0.3,,12521,,11376,23897,1.33,0.84,18.3,44.8,24.9,20
27400260114,大阪狭山線,,大阪狭山線,27217,0,0.2,松原市天美西,12289,松原市天美西,13075,25364,1.33,0.66,34.3,24.9,22.9,60
27400260117,大阪狭山線,大阪狭山線,大堀堺線,27217,0,0.4,松原市天美西,12289,松原市天美西,13075,25364,1.33,0.66,15.9,23.3,22.9,60
27400260120,大阪狭山線,大堀堺線,大阪狭山線（旧）,27217,0,0.6,松原市天美西,12289,松原市天美西,13075,25364,1.33,0.66,24,22.8,22.9,60
27400260130,大阪狭山線,大阪狭山線（旧）,大堀堺線,27217,0,0.1,松原市天美西,12289,松原市天美西,13075,25364,1.33,0.66,18,11.5,22.9,60
27400260145,大阪狭山線,大阪狭山線（旧）,大堀堺線（新）,27217,0,0.5,松原市北新町1丁目,3748,松原市北新町1丁目,3792,7540,1.24,0.72,17.5,17.7,8.5,30
27400260150,大阪狭山線,大堀堺線（新）,堺大和高田線,27217,0,1.2,松原市北新町1丁目,3748,松原市北新町1丁目,3792,7540,1.24,0.72,19.6,12.2,8.5,30
27400260170,大阪狭山線,堺大和高田線,,27217,0,0.3,松原市北新町1丁目,3748,松原市北新町1丁目,3792,7540,1.24,0.74,13.8,30.7,8.5,30
27400260180,大阪狭山線,,,27146,0,0.2,,3741,,3771,7512,1.27,0.8,27.4,26,13.6,40
27400260190,大阪狭山線,,,27217,0,0.1,,3657,,3208,6865,1.32,0.63,23.8,23,8.5,30
27400260200,大阪狭山線,,,27146,0,0.1,,3741,,3771,7512,1.27,0.8,15.9,15.3,8.5,30
27400260210,大阪狭山線,,,27217,0,0.8,,3657,,3208,6865,1.32,0.68,30.4,26.3,8.5,30
27400260220,大阪狭山線,,堺羽曳野線（旧）,27146,0,0.7,,3741,,3771,7512,1.27,0.91,23.7,20.3,6.2,30
27400260230,大阪狭山線,堺羽曳野線（旧）,大阪中央環状線,27146,0,0.1,,3741,,3771,7512,1.27,0.88,12.3,7.4,6.7,30
27400260240,大阪狭山線,大阪中央環状線,堺市東区・堺市美原区境,27143,0,0.4,堺市美原区菩提,5322,堺市美原区菩提,5093,10415,1.28,1.1,5.1,20.4,6.61,30
27400260250,大阪狭山線,堺市東区・堺市美原区境,堺市美原区・堺市東区境,27147,0,0.3,堺市美原区菩提,5322,堺市美原区菩提,5093,10415,1.28,1.37,14.7,27.3,5.2,30
27400260260,大阪狭山線,堺市美原区・堺市東区境,堺市東区・堺市美原区境,27143,0,0.2,堺市美原区菩提,5322,堺市美原区菩提,5093,10415,1.28,1.51,17.5,15.6,4.8,30
27400260270,大阪狭山線,堺市東区・堺市美原区境,西藤井寺線,27147,0,0.9,堺市美原区菩提,5322,堺市美原区菩提,5093,10415,1.28,1.23,21.4,9.2,7.79,30
27400260280,大阪狭山線,西藤井寺線,泉大津美原線（新）,27147,0,0.5,堺市美原区菩提,5322,堺市美原区菩提,5093,10415,1.28,1.23,16.9,12.2,7.79,30
27400260290,大阪狭山線,泉大津美原線（新）,堺富田林線,27147,0,0.3,堺市美原区南余部,4643,堺市美原区南余部,4390,9033,1.28,0.8,8.8,14.9,7.79,30
27400260295,大阪狭山線,堺富田林線,堺市美原区・堺市東区境,27147,0,0.6,堺市美原区南余部,4643,堺市美原区南余部,4390,9033,1.28,0.8,17.6,20.7,7.79,30
27400260300,大阪狭山線,堺市美原区・堺市東区境,大阪狭山線（新）,27143,0,0.1,堺市美原区南余部,4643,堺市美原区南余部,4390,9033,1.28,0.8,25.3,14.8,7.79,30
27400260310,大阪狭山線,大阪狭山線（新）,泉大津美原線,27143,0,0.6,堺市美原区南余部,4643,堺市美原区南余部,4390,9033,1.28,1.01,25.3,14.8,8.2,30
27400260320,大阪狭山線,泉大津美原線,,27143,0,0.8,堺市美原区南余部,4643,堺市美原区南余部,4390,9033,1.28,1.01,13.1,15.5,8.2,30
27400260330,大阪狭山線,,富田林狭山線,27231,0,0.8,,5312,,5308,10620,1.28,1.66,,21.5,6.15,40
27400260340,大阪狭山線,富田林狭山線,大阪狭山線,27231,0,0.6,,5312,,5308,10620,1.28,1.64,,14.8,8.75,40
27400260350,大阪狭山線,大阪狭山線,一般国道３１０号,27231,0,0.4,大阪狭山市池之原２丁目,3736,大阪狭山市池之原２丁目,4012,7748,1.27,0.64,21.6,10.2,14,40
27400260370,大阪狭山線,大阪狭山線,住吉八尾線,27121,0,0.8,大阪市東住吉区矢田5丁目,1922,大阪市東住吉区矢田5丁目,1722,3644,1.25,0.39,13.4,16.7,16,30
27400260380,大阪狭山線,住吉八尾線,大阪狭山線,27121,0,0.6,,2220,,2118,4338,1.25,0.43,20.6,17.2,16,30
27400260390,大阪狭山線（旧）,大阪狭山線,大堀堺線,27217,0,0.5,,2868,,2822,5690,1.26,0.54,14.7,16.1,7.4,40
27400260400,大阪狭山線（旧）,大堀堺線,大阪狭山線,27217,0,0.1,,2868,,2822,5690,1.26,0.54,10.2,12.6,7.4,40
27400260410,大阪狭山線（旧）,大阪狭山線,大阪狭山線,27217,0,0.5,,2868,,2822,5690,1.26,0.54,12.9,13.1,7.4,40
27400260430,大阪狭山線,大阪狭山線,一般国道３１０号,27231,0,0.2,,5312,,5308,10620,1.28,1.25,8.3,8.2,8.75,40
27400260450,大阪狭山線（新）,,泉大津美原線（新）,27147,0,0.3,,,,,,,,23,14.5,34.83,60
27400260465,大阪狭山線（新）,堺富田林線,堺市美原区・堺市東区境,27147,0,0.8,堺市美原区南余部,1645,堺市美原区南余部,1465,3110,1.25,0.29,15.2,15.2,35.01,30
27400260470,大阪狭山線（新）,堺市美原区・堺市東区境,大阪狭山線,27143,0,0.1,堺市美原区南余部,1645,堺市美原区南余部,1465,3110,1.25,0.29,15.2,21.3,35.01,30
27400260480,大阪狭山線,大阪狭山線,大阪狭山線,27217,0,0.3,松原市天美東,8768,松原市天美東,9288,18056,1.28,1.08,9.8,24.3,38,50
27400260500,大阪狭山線,大阪狭山線,高速大和川線,27217,0,0.4,松原市天美東,8768,松原市天美東,9288,18056,1.28,1.08,29.4,33.8,38,50
27400260520,大阪狭山線,高速大和川線,大阪狭山線,27217,0,0.4,松原市天美東,8768,松原市天美東,9288,18056,1.28,1.14,34,19.7,25,50
27400260490,大阪狭山線,大堀堺線,大阪狭山線,27217,0,0.5,松原市天美東,3281,松原市天美東,4011,7292,1.23,0.44,16.2,13.3,35,40
27400270010,柏原駒ケ谷千早赤阪線,堺大和高田線,柏原市・羽曳野市境,27221,0,2.1,羽曳野市駒ヶ谷39,2664,羽曳野市駒ヶ谷39,2786,5450,1.24,0.56,16.8,23.5,15.75,40
27400270020,柏原駒ケ谷千早赤阪線,柏原市・羽曳野市境,一般国道１６６号,27222,0,1.1,羽曳野市駒ヶ谷39,2664,羽曳野市駒ヶ谷39,2786,5450,1.24,0.5,29.9,28.7,9.75,40
27400270040,柏原駒ケ谷千早赤阪線,一般国道１６６号,羽曳野市・富田林市境,27222,0,2.8,南河内郡河南町東山,6000,南河内郡河南町東山,6250,12250,1.27,0.91,27.6,30,9.5,30
27400270050,柏原駒ケ谷千早赤阪線,羽曳野市・富田林市境,富田林市・太子町境,27214,0,0.5,南河内郡河南町東山,6000,南河内郡河南町東山,6250,12250,1.27,0.99,47,46,9,30
27400270060,柏原駒ケ谷千早赤阪線,富田林市・太子町境,太子町・富田林市境,27381,0,0.1,南河内郡河南町東山,6000,南河内郡河南町東山,6250,12250,1.27,1.24,29.4,20.1,9,30
27400270070,柏原駒ケ谷千早赤阪線,太子町・富田林市境,富田林市・太子町境,27214,0,0.1,南河内郡河南町東山,6000,南河内郡河南町東山,6250,12250,1.27,0.99,22.6,18.2,9,30
27400270080,柏原駒ケ谷千早赤阪線,富田林市・太子町境,美原太子線,27381,0,0.2,南河内郡河南町東山,6000,南河内郡河南町東山,6250,12250,1.27,1.24,23.1,13.1,9,30
27400270090,柏原駒ケ谷千早赤阪線,美原太子線,美原太子線（新）,27381,0,0.4,南河内郡河南町東山,6000,南河内郡河南町東山,6250,12250,1.27,1.13,12.8,11.7,6,30
27400270100,柏原駒ケ谷千早赤阪線,美原太子線（新）,太子町・河南町境,27381,0,0.2,南河内郡河南町東山,6000,南河内郡河南町東山,6250,12250,1.27,0.99,8.2,13.1,6,30
27400270110,柏原駒ケ谷千早赤阪線,太子町・河南町境,富田林太子線,27382,0,1.3,南河内郡河南町東山,6000,南河内郡河南町東山,6250,12250,1.27,1.18,17.8,18.5,9.3,30
27400270120,柏原駒ケ谷千早赤阪線,富田林太子線,富田林太子線,27382,0,0.6,南河内郡河南町東山,6000,南河内郡河南町東山,6250,12250,1.27,1.25,25.8,23,6,30
27400270130,柏原駒ケ谷千早赤阪線,富田林太子線,上河内富田林線,27382,0,0.6,南河内郡河南町東山,6000,南河内郡河南町東山,6250,12250,1.27,1.08,24.5,29,7.5,30
27400270140,柏原駒ケ谷千早赤阪線,上河内富田林線,上河内富田林線,27382,0,1.2,南河内郡河南町東山,6000,南河内郡河南町東山,6250,12250,1.27,1.13,18.7,20.8,7.5,30
27400270145,柏原駒ケ谷千早赤阪線,上河内富田林線,（元）一般国道３０９号,27382,0,1.1,南河内郡河南町東山,6000,南河内郡河南町東山,6250,12250,1.27,1.11,29.5,32.9,6,30
27400270150,柏原駒ケ谷千早赤阪線,（元）一般国道３０９号,一般国道３０９号,27382,0,0.7,南河内郡河南町東山,6000,南河内郡河南町東山,6250,12250,1.27,1.11,40.1,30.7,6,30
27400280010,大阪高石線,一般国道２５号,恵美須城東線,27109,0,0.2,大阪市阿倍野区松崎町２丁目,21643,大阪市阿倍野区松崎町２丁目,18982,40625,1.37,1.45,16,13.8,27,40
27400280020,大阪高石線,恵美須城東線,大阪市天王寺区・大阪市阿倍野区境,27109,0,0.4,大阪市阿倍野区松崎町２丁目,21643,大阪市阿倍野区松崎町２丁目,18982,40625,1.37,1.45,10.8,27.2,27,40
27400280030,大阪高石線,大阪市天王寺区・大阪市阿倍野区境,一般国道２５号,27119,0,0,大阪市阿倍野区松崎町２丁目,21643,大阪市阿倍野区松崎町２丁目,18982,40625,1.37,1.4,17.6,17.9,27,40
27400280040,大阪高石線,一般国道２５号,阿倍野木津川線,27119,0,0.8,大阪市阿倍野区松崎町２丁目,21643,大阪市阿倍野区松崎町２丁目,18982,40625,1.37,1.4,31.1,10.4,27,40
27400280050,大阪高石線,阿倍野木津川線,高速大阪松原線,27119,0,0.3,,17674,,17768,35442,1.36,1.31,18.5,9.9,27,40
27400280060,大阪高石線,高速大阪松原線,木津川平野線,27119,0,0.4,,17674,,17768,35442,1.36,1.31,11.3,12,27,40
27400280070,大阪高石線,木津川平野線,大阪港八尾線,27119,0,1.3,,17674,,17768,35442,1.36,1.31,14.4,24.6,27,40
27400280080,大阪高石線,大阪港八尾線,大阪市阿倍野区・大阪市住吉区境,27119,0,0.6,大阪市住吉区苅田10丁目,16029,大阪市住吉区苅田10丁目,14286,30315,1.52,1.43,20.4,27.7,27,40
27400280090,大阪高石線,大阪市阿倍野区・大阪市住吉区境,一般国道４７９号,27120,0,0.8,大阪市住吉区苅田10丁目,16029,大阪市住吉区苅田10丁目,14286,30315,1.52,1.09,21,13.3,27,60
27400280100,大阪高石線,一般国道４７９号,住吉八尾線,27120,0,1.3,大阪市住吉区苅田10丁目,16029,大阪市住吉区苅田10丁目,14286,30315,1.52,1.09,14.9,16.2,27,60
27400280110,大阪高石線,住吉八尾線,住吉八尾線,27120,0,0.5,大阪市住吉区苅田10丁目,16029,大阪市住吉区苅田10丁目,14286,30315,1.52,1.09,17.6,34.4,27,60
27400280120,大阪高石線,住吉八尾線,大阪市住吉区・堺市北区境,27120,0,0.4,大阪市住吉区苅田10丁目,16029,大阪市住吉区苅田10丁目,14286,30315,1.52,1.09,24.3,17.8,27,60
27400280300,大阪高石線,大堀堺線,堺大和高田線,27146,0,0.9,堺市北区東三国ケ丘町5丁,4592,堺市北区東三国ケ丘町5丁,5747,10339,1.28,0.92,15.6,14.4,16.1,40
27400280310,大阪高石線,堺大和高田線,堺羽曳野線（旧）,27146,0,0.8,堺市北区東三国ケ丘町5丁,4592,堺市北区東三国ケ丘町5丁,5747,10339,1.28,0.92,12.6,15.2,16.1,40
27400280320,大阪高石線,堺羽曳野線（旧）,大阪中央環状線,27146,0,0.2,堺市北区東三国ケ丘町5丁,4592,堺市北区東三国ケ丘町5丁,5747,10339,1.28,0.92,12.8,6.4,16.1,40
27400280330,大阪高石線,大阪中央環状線,堺富田林線,27146,0,0.3,堺市北区東三国ケ丘町5丁,4592,堺市北区東三国ケ丘町5丁,5747,10339,1.28,0.92,8.1,9.2,16.1,40
27400280340,大阪高石線,堺富田林線,堺市堺区・堺市北区境,27141,0,0.4,堺市北区東三国ケ丘町5丁,4592,堺市北区東三国ケ丘町5丁,5747,10339,1.28,0.92,8.7,8.7,11.7,30
27400280350,大阪高石線,堺市堺区・堺市北区境,一般国道３１０号,27146,0,0.7,堺市北区東三国ケ丘町5丁,4592,堺市北区東三国ケ丘町5丁,5747,10339,1.28,1.42,,15.8,5.9,30
27400280370,大阪高石線,一般国道３１０号,深井畑山宿院線,27146,0,0.5,堺市北区百舌鳥西之町2丁,904,堺市北区百舌鳥西之町2丁,1278,2182,1.21,0.28,17.1,17.9,8.8,30
27400280380,大阪高石線,深井畑山宿院線,堺狭山線,27146,0,1.2,堺市北区百舌鳥西之町2丁,904,堺市北区百舌鳥西之町2丁,1278,2182,1.21,0.28,14.2,14.2,8.8,30
27400280390,大阪高石線,堺狭山線,大阪高石線（新）,27144,0,0.1,堺市中区深井北町,3694,堺市中区深井北町,3541,7235,1.27,0.27,,8.3,7.8,40
27400280400,大阪高石線,大阪高石線（新）,堺かつらぎ線,27144,0,0.2,堺市中区深井北町,3694,堺市中区深井北町,3541,7235,1.27,7.32,10.9,9.1,3.74,30
27400280410,大阪高石線,堺かつらぎ線,堺市西区・堺市中区境,27144,0,0.1,堺市中区深井北町,3694,堺市中区深井北町,3541,7235,1.27,0.73,15.2,21.2,6.6,30
27400280420,大阪高石線,堺市西区・堺市中区境,西鳳東線,27142,0,0.4,堺市中区深井北町,3694,堺市中区深井北町,3541,7235,1.27,0.7,23.8,22.9,11.13,30
27400280430,大阪高石線,西鳳東線,,27142,0,0.4,堺市中区深井北町,3694,堺市中区深井北町,3541,7235,1.27,0.7,13.5,13.1,11.13,30
27400280440,大阪高石線,,堺市中区・堺市西区境,27142,0,0.3,堺市西区堀上緑町2丁,4287,堺市西区堀上緑町2丁,3339,7626,1.26,0.86,13.1,18.2,11.13,30
27400280450,大阪高石線,堺市中区・堺市西区境,津久野１８号線,27144,0,1,堺市西区堀上緑町2丁,4287,堺市西区堀上緑町2丁,3339,7626,1.26,1.1,23,19.3,11.13,40
27400280470,大阪高石線,堺かつらぎ線,大阪和泉泉南線,27144,0,0.7,堺市西区堀上緑町2丁,4287,堺市西区堀上緑町2丁,3339,7626,1.26,1.1,17.5,9.7,11.13,40
27400280480,大阪高石線,大阪和泉泉南線,大阪和泉泉南線,27144,0,0.3,,7556,,8084,15640,1.31,1.62,12.4,17.3,11.13,40
27400280490,大阪高石線,大阪和泉泉南線,一般国道２６号,27144,0,1,堺市西区鳳北町2丁,3376,堺市西区鳳北町2丁,2949,6325,1.26,0.8,9.9,14.4,11.13,40
27400280500,大阪高石線,一般国道２６号,堺阪南線,27144,0,1,堺市西区浜寺南町2丁,3229,堺市西区浜寺南町2丁,2885,6114,1.26,0.77,9.7,8.8,11.13,40
27400280125,大阪高石線（新）,大阪市住吉区・堺市北区境,高速大和川線,27146,0,0.2,堺市北区北花田町3丁,16149,堺市北区北花田町3丁,16337,32486,1.35,0.99,25.1,15.5,25,40
27400280130,大阪高石線（新）,高速大和川線,大堀堺線,27146,0,0.7,堺市北区北花田町3丁,16149,堺市北区北花田町3丁,16337,32486,1.35,0.99,10.3,21.1,25,40
27400280140,大阪高石線（新）,大堀堺線,堺大和高田線,27146,0,0.9,堺市北区北花田町2丁,18674,堺市北区北花田町2丁,17396,36070,1.36,0.97,16.9,13.6,25,40
27400280150,大阪高石線（新）,堺大和高田線,大阪中央環状線,27146,0,1.1,堺市北区新金岡町1丁,16711,堺市北区新金岡町1丁,15736,32447,1.36,1.05,21.5,10.1,25,40
27400280160,大阪高石線（新）,大阪中央環状線,堺富田林線,27146,0,1.1,堺市北区長曽根町,16305,堺市北区長曽根町,15134,31439,1.36,0.94,20.2,9.4,25,40
27400280170,大阪高石線（新）,堺富田林線,一般国道３１０号,27146,0,0.6,堺市北区中百舌鳥町5丁,20472,堺市北区中百舌鳥町5丁,21697,42169,1.37,1.2,9.4,9.4,25,40
27400280180,大阪高石線（新）,一般国道３１０号,深井畑山宿院線,27146,0,0.6,堺市北区百舌鳥西之町2丁,19261,堺市北区百舌鳥西之町2丁,18036,37297,1.38,1.06,8.8,20.1,25,40
27400280190,大阪高石線（新）,深井畑山宿院線,堺狭山線,27146,0,1,堺市北区百舌鳥西之町2丁,19261,堺市北区百舌鳥西之町2丁,18036,37297,1.38,1.06,15,13.7,25,40
27400280200,大阪高石線（新）,堺狭山線,大阪高石線,27146,0,0.1,堺市西区神野町2丁,10360,堺市西区神野町2丁,10670,21030,1.33,0.64,5,11.8,25,40
27400280210,大阪高石線（新）,大阪高石線,堺かつらぎ線,27144,0,0.2,堺市西区神野町2丁,10360,堺市西区神野町2丁,10670,21030,1.33,0.6,6.1,14.9,25,60
27400280215,大阪高石線（新）,堺かつらぎ線,市道神野３２号線,27144,0,0.9,堺市西区神野町2丁,10360,堺市西区神野町2丁,10670,21030,1.33,0.6,21.8,25.3,25,60
27400280220,大阪高石線（新）,市道神野３２号線,津久野１８号線,27144,0,0.6,堺市西区神野町2丁,10360,堺市西区神野町2丁,10670,21030,1.33,0.6,19.9,18.1,25,60
27400280230,大阪高石線（新）,津久野１８号線,大阪和泉泉南線,27144,0,0.7,堺市西区津久野町1丁,10404,堺市西区津久野町1丁,9738,20142,1.33,0.67,13.1,24,25,60
27400280240,大阪高石線（新）,大阪和泉泉南線,一般国道２６号,27144,0,0.8,堺市西区鳳北町10丁,11240,堺市西区鳳北町10丁,13024,24264,1.35,0.84,28.3,9.9,25,60
27400280250,大阪高石線（新）,一般国道２６号,,27144,0,0.5,堺市西区浜寺元町1丁,5954,堺市西区浜寺元町1丁,5544,11498,1.28,0.49,16.8,8.4,25,60
27400280270,大阪高石線,大阪和泉泉南線,大阪市天王寺区・大阪市阿倍野区境,27109,0,0.2,大阪市阿倍野区松崎町１丁目,17687,大阪市阿倍野区松崎町１丁目,16440,34127,1.35,0.84,11.8,25.2,33.9,40
27400280280,大阪高石線,大阪市天王寺区・大阪市阿倍野区境,一般国道２５号,27119,0,0.4,大阪市阿倍野区松崎町１丁目,17687,大阪市阿倍野区松崎町１丁目,16440,34127,1.35,1.27,15.4,18.6,33.9,40
27400290010,大阪臨海線,一般国道２号,福島桜島線,27103,0,0.4,大阪市西区新町３丁目,11539,大阪市西区新町３丁目,10954,22493,1.35,0.25,16.6,25.8,50,50
27400290020,大阪臨海線,福島桜島線,大阪市福島区・大阪市北区境,27103,0,0.7,大阪市西区新町３丁目,11539,大阪市西区新町３丁目,10954,22493,1.35,0.25,32.3,16.6,50,50
27400290030,大阪臨海線,大阪市福島区・大阪市北区境,大阪市北区・大阪市西区境,27127,0,0.1,大阪市西区新町３丁目,11539,大阪市西区新町３丁目,10954,22493,1.35,0.25,15.6,11.4,50,50
27400290040,大阪臨海線,大阪市北区・大阪市西区境,大阪臨海線,27106,0,0.1,大阪市西区新町３丁目,11539,大阪市西区新町３丁目,10954,22493,1.35,0.29,14.8,12.4,50,50
27400290050,大阪臨海線,大阪臨海線,高速大阪西宮線,27106,0,0.4,大阪市西区新町３丁目,11539,大阪市西区新町３丁目,10954,22493,1.35,0.29,16.7,16.2,50,50
27400290060,大阪臨海線,高速大阪西宮線,築港深江線,27106,0,0.1,大阪市西区新町３丁目,11539,大阪市西区新町３丁目,10954,22493,1.35,0.29,23.2,10.8,50,50
27400290070,大阪臨海線,築港深江線,高速大阪東大阪線,27106,0,0.4,大阪市西区新町３丁目,11539,大阪市西区新町３丁目,10954,22493,1.35,0.29,14.2,17.6,50,50
27400290080,大阪臨海線,高速大阪東大阪線,大阪八尾線,27106,0,0.2,大阪市西区新町３丁目,11539,大阪市西区新町３丁目,10954,22493,1.35,0.29,12.5,13.3,50,50
27400290090,大阪臨海線,大阪八尾線,大阪市西区・大阪市浪速区境,27106,0,0.7,大阪市西区新町３丁目,11539,大阪市西区新町３丁目,10954,22493,1.35,0.29,21.5,20.2,50,50
27400290100,大阪臨海線,大阪市西区・大阪市浪速区境,難波境川線,27111,0,0.2,大阪市西区新町３丁目,11539,大阪市西区新町３丁目,10954,22493,1.35,0.25,21.9,11.4,50,50
27400290110,大阪臨海線,難波境川線,高速大阪堺線,27111,0,0.1,大阪市西区新町３丁目,11539,大阪市西区新町３丁目,10954,22493,1.35,0.25,10,23.7,50,50
27400290120,大阪臨海線,高速大阪堺線,浪速鶴町線,27111,0,0.4,大阪市西区新町３丁目,11539,大阪市西区新町３丁目,10954,22493,1.35,0.25,16.8,23.9,50,50
27400290130,大阪臨海線,浪速鶴町線,高速大阪堺線,27111,0,0.2,大阪市西区新町３丁目,11539,大阪市西区新町３丁目,10954,22493,1.35,0.25,17.5,18.5,50,50
27400290140,大阪臨海線,高速大阪堺線,桜川恵美須町線,27111,0,0.3,大阪市西区新町３丁目,11539,大阪市西区新町３丁目,10954,22493,1.35,0.25,18.3,14.4,50,50
27400290150,大阪臨海線,桜川恵美須町線,大阪臨海線,27111,0,0.6,大阪市西区新町３丁目,11539,大阪市西区新町３丁目,10954,22493,1.35,0.25,19.2,27.5,50,50
27400290160,大阪臨海線,大阪臨海線,大阪市浪速区・大阪市西成区境,27111,0,0.1,大阪市西区新町３丁目,11539,大阪市西区新町３丁目,10954,22493,1.35,0.25,23.3,22.9,50,50
27400290170,大阪臨海線,大阪市浪速区・大阪市西成区境,一般国道４３号,27122,0,0.4,大阪市西区新町３丁目,11539,大阪市西区新町３丁目,10954,22493,1.35,0.25,29,16.7,50,50
27400290180,大阪臨海線,一般国道４３号,市道,27122,0,0.3,大阪市西区新町３丁目,11539,大阪市西区新町３丁目,10954,22493,1.35,0.25,25.3,18.7,50,50
27400290190,大阪臨海線,市道,大阪臨海線,27103,0,0.1,大阪市福島区玉川３丁目,4155,大阪市福島区玉川３丁目,4272,8427,1.27,0.44,19.6,8.5,24,50
27400290200,大阪臨海線,大阪臨海線,大阪港八尾線,27122,0,2.3,,18997,,18568,37565,1.36,2.7,25.8,26,25.5,40
27400290210,大阪臨海線,大阪港八尾線,大阪港八尾線,27122,0,0.7,,18997,,18568,37565,1.36,2.7,23.1,25.2,25.5,40
27400290220,大阪臨海線,大阪港八尾線,大阪市西成区・大阪市住之江区境,27122,0,0,,18997,,18568,37565,1.36,2.7,22.4,26.4,25.5,40
27400290230,大阪臨海線,大阪市西成区・大阪市住之江区境,住吉八尾線,27125,0,0.6,,18997,,18568,37565,1.36,0.76,28.7,13.6,40.1,60
27400290240,大阪臨海線,住吉八尾線,浜口南港線,27125,0,1.3,大阪市住之江区緑木１丁目,17374,大阪市住之江区緑木１丁目,20576,37950,1.42,0.85,19.1,25.8,40.1,60
27400290250,大阪臨海線,浜口南港線,住吉八尾線,27125,0,0.5,大阪市住之江区緑木１丁目,17374,大阪市住之江区緑木１丁目,20576,37950,1.42,0.85,13.3,14.7,40.1,60
27400290260,大阪臨海線,住吉八尾線,大阪市住之江区・堺市堺区境,27125,0,0.4,大阪市住之江区緑木１丁目,17374,大阪市住之江区緑木１丁目,20576,37950,1.42,0.85,9.5,16.2,40.1,60
27400290270,大阪臨海線,大阪市住之江区・堺市堺区境,八幡三宝線,27141,0,0.9,堺市堺区山本町4丁,21394,堺市堺区山本町4丁,28000,49394,1.48,1.51,10.7,13,35.7,60
27400290280,大阪臨海線,八幡三宝線,大阪臨海線（旧）,27141,0,0.6,堺市堺区山本町4丁,21394,堺市堺区山本町4丁,28000,49394,1.48,1.51,7.9,20.1,35.7,60
27400290290,大阪臨海線,大阪臨海線（旧）,大阪臨海線（旧）,27141,0,1.9,,21927,,24867,46794,1.37,1.24,11.6,44.9,16,60
27400290300,大阪臨海線,大阪臨海線（旧）,高速湾岸線,27141,0,1.3,堺市堺区大浜西町,19732,堺市堺区大浜西町,20201,39933,1.37,0.88,34.4,24.6,37.4,60
27400290310,大阪臨海線,高速湾岸線,堺市堺区・堺市西区境,27141,0,0.2,堺市堺区大浜西町,19732,堺市堺区大浜西町,20201,39933,1.37,1.57,52.6,11.2,31.35,60
27400290320,大阪臨海線,堺市堺区・堺市西区境,堺狭山線,27144,0,0.4,堺市堺区大浜西町,19732,堺市堺区大浜西町,20201,39933,1.37,1.57,47.2,11.7,31.35,60
27400290330,大阪臨海線,堺狭山線,高速湾岸線,27144,0,0.3,堺市西区築港浜寺町,17947,堺市西区築港浜寺町,20382,38329,1.36,1.59,21.3,9.3,31.35,60
27400290340,大阪臨海線,高速湾岸線,高速湾岸線,27144,0,2.3,堺市西区築港浜寺町,17947,堺市西区築港浜寺町,20382,38329,1.36,1.59,14.3,39.2,31.35,60
27400290350,大阪臨海線,高速湾岸線,,27144,0,0.3,堺市西区築港浜寺町,17947,堺市西区築港浜寺町,20382,38329,1.36,1.59,33.7,22.5,31.35,60
27400290360,大阪臨海線,,高速湾岸線,27225,0,1.1,高石市千代田６丁目,16241,高石市千代田６丁目,16103,32344,1.45,1.16,36.5,43.6,33,60
27400290370,大阪臨海線,高速湾岸線,高石市・泉大津市境,27225,0,2.2,高石市千代田６丁目,16241,高石市千代田６丁目,16103,32344,1.45,1.16,41.5,21.1,33,60
27400290380,大阪臨海線,高石市・泉大津市境,泉大津美原線（新）,27206,0,0.1,高石市千代田６丁目,16241,高石市千代田６丁目,16103,32344,1.45,0.75,16.5,11.4,40,60
27400290390,大阪臨海線,泉大津美原線（新）,高速湾岸線,27206,0,0.3,高石市千代田６丁目,16241,高石市千代田６丁目,16103,32344,1.45,1.48,12,20.9,52,60
27400290400,大阪臨海線,高速湾岸線,市道,27206,0,1.4,泉大津市臨海町1丁目,22880,泉大津市臨海町1丁目,27162,50042,1.4,1.07,19.4,17.8,37,60
27400290410,大阪臨海線,市道,大津港線,27206,0,0.7,泉大津市臨海町1丁目,22880,泉大津市臨海町1丁目,27162,50042,1.4,1.23,27.7,33.1,37,60
27400290420,大阪臨海線,大津港線,泉大津市・忠岡町境,27206,0,1.3,岸和田市新港町,17399,岸和田市木材町,16872,34271,1.36,0.97,29.8,33.7,38,50
27400290430,大阪臨海線,泉大津市・忠岡町境,大阪臨海線（旧）,27341,0,0.3,岸和田市新港町,17399,岸和田市木材町,16872,34271,1.36,0.64,33.8,28.9,28.5,50
27400290440,大阪臨海線,大阪臨海線（旧）,大阪臨海線（旧）,27341,0,0.3,岸和田市新港町,17399,岸和田市木材町,16872,34271,1.36,1.2,25.8,23.9,31,50
27400290450,大阪臨海線,大阪臨海線（旧）,忠岡町・岸和田市境,27341,0,0.1,岸和田市新港町,17399,岸和田市木材町,16872,34271,1.36,0.67,49.6,45,32,50
27400290460,大阪臨海線,忠岡町・岸和田市境,岸和田牛滝山貝塚線（新）,27202,0,0.5,岸和田市新港町,17399,岸和田市木材町,16872,34271,1.36,1.22,38.6,15.2,29,50
27400290470,大阪臨海線,岸和田牛滝山貝塚線（新）,岸和田港塔原線,27202,0,3,岸和田市新港町,17399,岸和田市木材町,16872,34271,1.36,1.22,26.6,16.3,29,50
27400290480,大阪臨海線,岸和田港塔原線,高速湾岸線,27202,0,0.8,貝塚市港,15943,貝塚市港,16343,32286,1.36,0.71,24.7,28.6,29,50
27400290490,大阪臨海線,高速湾岸線,,27202,0,0.3,貝塚市港,15943,貝塚市港,16343,32286,1.36,0.71,23.8,22.6,29,50
27400290500,大阪臨海線,,岸和田市・貝塚市境,27202,0,0.3,貝塚市港,15943,貝塚市港,16343,32286,1.36,0.71,28.5,32.2,29,50
27400290510,大阪臨海線,岸和田市・貝塚市境,高速湾岸線,27208,0,1.4,貝塚市港,15943,貝塚市港,16343,32286,1.36,1.03,37.6,23.3,26.5,50
27400290520,大阪臨海線,高速湾岸線,岸和田牛滝山貝塚線（新）,27208,0,0.6,貝塚市港,15943,貝塚市港,16343,32286,1.36,1.03,21.3,14.9,26.5,50
27400290530,大阪臨海線,岸和田牛滝山貝塚線（新）,,27208,0,0.2,貝塚市澤389,12102,貝塚市澤389,12126,24228,1.34,0.69,10.9,23.9,26.5,50
27400290540,大阪臨海線,,和歌山貝塚線,27208,0,1,貝塚市澤389,12102,貝塚市澤389,12126,24228,1.34,0.69,20.9,31.7,26.5,50
27400290550,大阪臨海線,和歌山貝塚線,貝塚市・泉佐野市境,27208,0,0.7,貝塚市澤389,12102,貝塚市澤389,12126,24228,1.34,0.69,36.1,51.7,26.5,50
27400290560,大阪臨海線,貝塚市・泉佐野市境,高速湾岸線,27213,0,0.8,貝塚市澤389,12102,貝塚市澤389,12126,24228,1.34,0.72,29.8,37.9,23.25,60
27400290570,大阪臨海線,高速湾岸線,大阪臨海線,27213,0,0.2,貝塚市澤389,12102,貝塚市澤389,12126,24228,1.34,0.72,26.7,23.9,23.25,60
27400290580,大阪臨海線,大阪臨海線,高速湾岸線,27213,0,2,泉佐野市りんくう往来北,19461,泉佐野市りんくう往来北,19955,39416,1.36,1.22,38.3,32,23.25,60
27400290590,大阪臨海線,高速湾岸線,,27213,0,1,泉佐野市りんくう往来北,19461,泉佐野市りんくう往来北,19955,39416,1.36,1.22,27,16,23.25,60
27400290600,大阪臨海線,,一般国道４８１号,27213,0,0.1,泉佐野市りんくう往来北,19461,泉佐野市りんくう往来北,19955,39416,1.36,1.22,18.9,16.3,23.25,60
27400290620,大阪臨海線,一般国道２号,福島桜島線,27103,0,0.5,,6045,,6869,12914,1.29,0.78,14.4,14.6,24,50
27400290630,大阪臨海線,福島桜島線,高速大阪西宮線,27103,0,0.7,,6045,,6869,12914,1.29,0.78,16.4,24.5,24,50
27400290640,大阪臨海線,高速大阪西宮線,大阪市北区・大阪市西区境,27127,0,0.1,,6045,,6869,12914,1.29,0.78,18.3,11.1,24,50
27400290650,大阪臨海線,大阪市北区・大阪市西区境,大阪臨海線,27106,0,0.2,,6045,,6869,12914,1.29,0.78,13.8,10.6,24,50
27400290670,大阪臨海線,大阪臨海線,大阪市浪速区・大阪市西成区境,27111,0,0.3,,17302,,14862,32164,1.35,2.61,10,15.2,25.5,40
27400290680,大阪臨海線,大阪市浪速区・大阪市西成区境,一般国道４３号,27122,0,0.1,,17302,,14862,32164,1.35,2.61,10.8,12.3,25.5,40
27400290690,大阪臨海線,一般国道４３号,大阪臨海線,27122,0,0.3,,17302,,14862,32164,1.35,2.61,19.2,29.4,25.5,40
27400290710,大阪臨海線（旧）,大阪臨海線,一般国道２６号,27141,0,0.3,堺市堺区神南辺町４丁,7123,堺市堺区神南辺町４丁,7178,14301,1.37,0.54,11.7,7.4,36.1,50
27400290730,大阪臨海線（旧）,一般国道２６号,,27141,0,0.8,堺市堺区戎島町5丁,1750,堺市堺区戎島町5丁,3952,5702,1.26,0.37,9.9,32,20.7,50
27400290750,大阪臨海線（旧）,堺港線,大阪臨海線,27141,0,0.6,,,,,,,,32.7,33.6,48.7,50
27400290770,大阪臨海線（旧）,大阪臨海線,大阪臨海線,27341,0,0.4,,896,,1039,1935,1.22,0.05,13.4,29.7,27,60
27400290790,大阪臨海線,大阪臨海線,枚方富田林泉佐野線,27213,0,0.6,泉佐野市下瓦屋3丁目,8839,泉佐野市下瓦屋3丁目,9752,18591,1.33,0.53,15.5,9.1,27,40
27400300010,大阪和泉泉南線,一般国道１号,大阪市北区・大阪市中央区境,27127,0,0.4,大阪市中央区谷町３丁目,27539,大阪市中央区谷町３丁目,23144,50683,1.36,0.84,14.2,30.5,40,50
27400300020,大阪和泉泉南線,大阪市北区・大阪市中央区境,石切大阪線,27128,0,0.6,大阪市中央区谷町３丁目,27539,大阪市中央区谷町３丁目,23144,50683,1.36,0.85,26.6,21.3,40,50
27400300030,大阪和泉泉南線,石切大阪線,本町左専道線,27128,0,0.6,大阪市中央区谷町３丁目,27539,大阪市中央区谷町３丁目,23144,50683,1.36,0.85,16.1,19.6,40,50
27400300040,大阪和泉泉南線,本町左専道線,築港深江線,27128,0,0.2,大阪市中央区谷町３丁目,27539,大阪市中央区谷町３丁目,23144,50683,1.36,0.85,14.3,16.2,40,50
27400300050,大阪和泉泉南線,築港深江線,一般国道３０８号,27128,0,0.6,大阪市中央区谷町３丁目,27539,大阪市中央区谷町３丁目,23144,50683,1.36,0.85,9.1,20.3,40,50
27400300060,大阪和泉泉南線,一般国道３０８号,大阪枚岡奈良線,27128,0,0.9,,32737,,22231,54968,1.36,1.06,15.2,23.4,40,50
27400300070,大阪和泉泉南線,大阪枚岡奈良線,大阪市中央区・大阪市天王寺区境,27128,0,0.3,,32737,,22231,54968,1.36,1.06,21.9,45.3,40,50
27400300080,大阪和泉泉南線,大阪市中央区・大阪市天王寺区境,四天王寺巽線,27109,0,0.9,,32737,,22231,54968,1.36,1.12,21.8,21.4,40,50
27400300090,大阪和泉泉南線,四天王寺巽線,一般国道２５号,27109,0,0.4,,32737,,22231,54968,1.36,1.12,24.4,23.6,40,50
27400300095,大阪和泉泉南線,一般国道２５号,天王寺方面東西３３号線,27109,0,0.1,,,,,,,,21.4,15.2,40,50
27400300100,大阪和泉泉南線,天王寺方面東西３３号線,恵美須城東線,27109,0,0.6,,32737,,22231,54968,1.36,1.12,30.5,17.2,40,50
27400300110,大阪和泉泉南線,恵美須城東線,大阪高石線,27109,0,0.1,,32737,,22231,54968,1.36,1.12,10.4,10.8,40,50
27400300120,大阪和泉泉南線,大阪高石線,阿倍野木津川線,27119,0,0.6,大阪市阿倍野区阿倍野筋１丁目,12063,大阪市阿倍野区阿倍野筋１丁目,10376,22439,1.32,0.7,17.8,5.4,24,40
27400300130,大阪和泉泉南線,阿倍野木津川線,木津川平野線,27119,0,0.8,大阪市阿倍野区阿倍野筋１丁目,12063,大阪市阿倍野区阿倍野筋１丁目,10376,22439,1.32,0.68,9,17.5,24,40
27400300140,大阪和泉泉南線,木津川平野線,大阪市阿倍野区・大阪市住吉区境,27119,0,1.3,大阪市阿倍野区阿倍野筋１丁目,12063,大阪市阿倍野区阿倍野筋１丁目,10376,22439,1.32,0.68,23.5,26.5,24,40
27400300150,大阪和泉泉南線,大阪市阿倍野区・大阪市住吉区境,大阪港八尾線,27120,0,0,大阪市阿倍野区王子町３丁目,13111,大阪市阿倍野区王子町３丁目,11714,24825,1.33,1,15.8,10.8,23.7,40
27400300160,大阪和泉泉南線,大阪港八尾線,一般国道４７９号,27120,0,1.6,大阪市住吉区万代東1丁目,14884,大阪市住吉区万代東1丁目,12266,27150,1.4,1.11,22.5,22.3,23.7,40
27400300170,大阪和泉泉南線,一般国道４７９号,住吉八尾線,27120,0,1.4,大阪市住吉区万代東1丁目,14884,大阪市住吉区万代東1丁目,12266,27150,1.4,1.11,8.7,11.8,23.7,40
27400300180,大阪和泉泉南線,住吉八尾線,大阪市住吉区・堺市堺区境,27120,0,0.4,大阪市住吉区万代東1丁目,14884,大阪市住吉区万代東1丁目,12266,27150,1.4,1.11,20.8,31.9,23.7,40
27400300190,大阪和泉泉南線,大阪市住吉区・堺市堺区境,大堀堺線,27141,0,1.1,堺市堺区北清水町2丁,13693,堺市堺区北清水町2丁,13052,26745,1.35,0.91,25.9,20.4,23.8,50
27400300200,大阪和泉泉南線,大堀堺線,堺大和高田線,27141,0,0.9,堺市堺区南向陽町2丁,11458,堺市堺区南向陽町2丁,10781,22239,1.33,0.75,22.8,18.3,23.8,50
27400300210,大阪和泉泉南線,堺大和高田線,一般国道３１０号,27141,0,1,堺市堺区三国ヶ丘御幸通,11164,堺市堺区三国ヶ丘御幸通,10810,21974,1.33,0.75,14.8,8.3,23.8,50
27400300220,大阪和泉泉南線,一般国道３１０号,深井畑山宿院線,27141,0,0.8,堺市堺区大仙西町6丁,14772,堺市堺区大仙西町6丁,15666,30438,1.31,0.96,16.9,21.8,22,50
27400300230,大阪和泉泉南線,深井畑山宿院線,堺かつらぎ線,27141,0,0.7,堺市堺区大仙西町6丁,14772,堺市堺区大仙西町6丁,15666,30438,1.31,0.96,24,23.6,22,50
27400300240,大阪和泉泉南線,堺かつらぎ線,堺狭山線,27141,0,0.6,堺市堺区大仙西町6丁,14772,堺市堺区大仙西町6丁,15666,30438,1.31,0.96,25.2,8.6,22,50
27400300250,大阪和泉泉南線,堺狭山線,石津川停車場石津線,27141,0,0.1,堺市堺区石津町3丁,6886,堺市堺区石津町3丁,8372,15258,1.31,1.17,8.4,16.5,16.7,40
27400300260,大阪和泉泉南線,石津川停車場石津線,市道神石市之町津久野１号線,27141,0,0.8,堺市堺区石津町3丁,6886,堺市堺区石津町3丁,8372,15258,1.31,1.17,8.1,13.9,16.7,40
27400300270,大阪和泉泉南線,市道神石市之町津久野１号線,大阪高石線（新）,27144,0,0.6,堺市堺区石津町3丁,6886,堺市堺区石津町3丁,8372,15258,1.31,1.17,13.5,16.4,17.73,40
27400300280,大阪和泉泉南線,大阪高石線（新）,大阪高石線,27144,0,0.3,堺市西区鳳南町5丁,8860,堺市西区鳳南町5丁,6674,15534,1.31,1.19,16.3,13.6,17.73,40
27400300300,大阪和泉泉南線,大阪高石線,平尾鳳停車場線,27144,0,0.2,堺市西区鳳南町5丁,8860,堺市西区鳳南町5丁,6674,15534,1.31,1.28,14.6,10.1,12.89,40
27400300310,大阪和泉泉南線,平尾鳳停車場線,泉大津美原線,27144,0,0.9,堺市西区鳳南町5丁,8860,堺市西区鳳南町5丁,6674,15534,1.31,1.28,16.5,14,12.89,40
27400300320,大阪和泉泉南線,泉大津美原線,鳳西上１号線,27144,0,0.3,,4107,,4138,8245,1.27,0.25,14.7,16.6,24.34,40
27400300330,大阪和泉泉南線,鳳西上１号線,,27144,0,0.3,,4107,,4138,8245,1.27,0.25,16.6,12.5,24.34,40
27400300340,大阪和泉泉南線,,大阪和泉泉南線（新）,27225,0,0.3,高石市取石3丁目,3347,高石市取石3丁目,2893,6240,1.25,0.37,17.3,16.8,20,40
27400300350,大阪和泉泉南線,大阪和泉泉南線（新）,信太高石線,27225,0,0.9,高石市取石3丁目,3347,高石市取石3丁目,2893,6240,1.25,0.38,25.7,25.3,11,40
27400300360,大阪和泉泉南線,信太高石線,泉大津美原線（新）,27225,0,0.2,高石市取石3丁目,3347,高石市取石3丁目,2893,6240,1.25,0.38,19.6,11.4,9,40
27400300370,大阪和泉泉南線,泉大津美原線（新）,高石市・和泉市境,27225,0,0.1,和泉市伯太町１丁目,5347,和泉市伯太町１丁目,5166,10513,1.3,0.41,14.3,13.7,11.5,40
27400300380,大阪和泉泉南線,高石市・和泉市境,,27219,0,1.8,和泉市伯太町１丁目,5347,和泉市伯太町１丁目,5166,10513,1.3,0.54,16.5,17.5,11.5,40
27400300390,大阪和泉泉南線,,泉大津美原線,27219,0,0.4,和泉市伯太町１丁目,5347,和泉市伯太町１丁目,5166,10513,1.3,0.48,16.5,20.9,8,40
27400300400,大阪和泉泉南線,泉大津美原線,一般国道４８０号,27219,0,1.5,和泉市伯太町１丁目,5347,和泉市伯太町１丁目,5166,10513,1.3,0.54,13.8,11.8,8.5,40
27400300410,大阪和泉泉南線,一般国道４８０号,父鬼和気線,27219,0,0.6,和泉市和気町1丁目,3906,和泉市和気町1丁目,3842,7748,1.29,0.48,11.1,12.5,8.5,40
27400300420,大阪和泉泉南線,父鬼和気線,和泉市・岸和田市境,27219,0,1,和泉市和気町1丁目,3906,和泉市和気町1丁目,3842,7748,1.29,0.48,18.4,21,10.5,40
27400300430,大阪和泉泉南線,和泉市・岸和田市境,田治米忠岡線,27202,0,0.1,和泉市和気町1丁目,3906,和泉市和気町1丁目,3842,7748,1.29,0.52,26,18.7,10,40
27400300440,大阪和泉泉南線,田治米忠岡線,,27202,0,0.3,和泉市和気町1丁目,3906,和泉市和気町1丁目,3842,7748,1.29,0.5,20.7,19.4,10,40
27400300450,大阪和泉泉南線,,春木大町線（旧）,27202,0,0.7,和泉市和気町1丁目,3906,和泉市和気町1丁目,3842,7748,1.29,0.52,18.9,15.8,10,40
27400300460,大阪和泉泉南線,春木大町線（旧）,春木岸和田線,27202,0,1.5,和泉市和気町1丁目,3906,和泉市和気町1丁目,3842,7748,1.29,0.48,13.8,13.4,10.5,40
27400300470,大阪和泉泉南線,春木岸和田線,,27202,0,1.4,和泉市和気町1丁目,3906,和泉市和気町1丁目,3842,7748,1.29,0.48,13,13.3,10.5,40
27400300480,大阪和泉泉南線,,岸和田港塔原線,27202,0,0.1,和泉市和気町1丁目,3906,和泉市和気町1丁目,3842,7748,1.29,0.41,10.1,9,10,40
27400300490,大阪和泉泉南線,岸和田港塔原線,岸和田市・貝塚市境,27202,0,0.6,和泉市和気町1丁目,3906,和泉市和気町1丁目,3842,7748,1.29,0.41,10.1,10.7,10,40
27400300500,大阪和泉泉南線,岸和田市・貝塚市境,東貝塚停車場線,27208,0,0.7,和泉市和気町1丁目,3906,和泉市和気町1丁目,3842,7748,1.29,0.48,13.7,19.5,8.5,40
27400300510,大阪和泉泉南線,東貝塚停車場線,岸和田牛滝山貝塚線,27208,0,1.1,和泉市和気町1丁目,3906,和泉市和気町1丁目,3842,7748,1.29,0.46,18.9,18.6,8.5,40
27400300520,大阪和泉泉南線,岸和田牛滝山貝塚線,岸和田牛滝山貝塚線（新）,27208,0,0.4,貝塚市堤38,7014,貝塚市堤38,6487,13501,1.21,0.73,17.7,15.6,8.5,40
27400300530,大阪和泉泉南線,岸和田牛滝山貝塚線（新）,和歌山貝塚線,27208,0,0.6,貝塚市堤38,7014,貝塚市堤38,6487,13501,1.21,0.71,17.2,21.3,8.5,40
27400300540,大阪和泉泉南線,和歌山貝塚線,貝塚市・泉佐野市境,27208,0,1.1,貝塚市堤38,7014,貝塚市堤38,6487,13501,1.21,0.65,18.9,20.5,8.5,40
27400300550,大阪和泉泉南線,貝塚市・泉佐野市境,和歌山貝塚線,27213,0,0.3,貝塚市堤38,7014,貝塚市堤38,6487,13501,1.21,0.5,18.2,13.1,9.25,40
27400300560,大阪和泉泉南線,和歌山貝塚線,泉佐野熊取線,27213,0,0.1,貝塚市堤38,7014,貝塚市堤38,6487,13501,1.21,0.63,13.5,12.6,9.25,40
27400300570,大阪和泉泉南線,泉佐野熊取線,一般国道１７０号,27213,0,1.5,貝塚市堤38,7014,貝塚市堤38,6487,13501,1.21,0.54,21.1,18.6,9.25,40
27400300580,大阪和泉泉南線,一般国道１７０号,泉佐野打田線,27213,0,0.3,泉佐野市松風台1丁目,6740,泉佐野市松風台1丁目,7465,14205,1.29,0.67,6.4,21,9.25,40
27400300590,大阪和泉泉南線,泉佐野打田線,土丸栄線,27213,0,1.8,泉佐野市松風台1丁目,6740,泉佐野市松風台1丁目,7465,14205,1.29,0.65,22.7,23.5,9.25,40
27400300600,大阪和泉泉南線,土丸栄線,一般国道４８１号,27213,0,1.2,泉佐野市松風台1丁目,6740,泉佐野市松風台1丁目,7465,14205,1.29,0.61,23.6,28.6,9.25,40
27400300610,大阪和泉泉南線,一般国道４８１号,日根野羽倉崎線,27213,0,0.7,泉佐野市松風台1丁目,6740,泉佐野市松風台1丁目,7465,14205,1.29,0.63,21.8,15.6,9.25,40
27400300620,大阪和泉泉南線,日根野羽倉崎線,日根野羽倉崎線,27213,0,0,泉南市新家,5612,泉南市新家,5565,11177,1.29,0.55,11.7,13.8,9.25,40
27400300630,大阪和泉泉南線,日根野羽倉崎線,泉佐野市・泉南市境,27213,0,0.8,泉南市新家,5612,泉南市新家,5565,11177,1.29,0.47,21.8,38.2,9.25,40
27400300640,大阪和泉泉南線,泉佐野市・泉南市境,新家田尻線,27228,0,1.3,泉南市新家,5612,泉南市新家,5565,11177,1.29,0.51,32.9,14.4,10,40
27400300650,大阪和泉泉南線,新家田尻線,（元）泉佐野岩出線,27228,0,3,泉南市新家,5612,泉南市新家,5565,11177,1.29,0.62,17.3,19.2,10,40
27400300660,大阪和泉泉南線,（元）泉佐野岩出線,泉佐野岩出線（新）,27228,0,1.1,泉南市新家,5612,泉南市新家,5565,11177,1.29,0.51,39.6,39.4,10,40
27400300670,大阪和泉泉南線,泉佐野岩出線（新）,,27228,0,0.2,泉南市新家,5612,泉南市新家,5565,11177,1.29,0.44,21.4,13.7,10,40
27400300690,大阪和泉泉南線（新）,大阪和泉泉南線,高石市・和泉市境,27225,0,0.7,高石市取石６丁目,1901,高石市取石６丁目,1913,3814,1.25,0.2,20.6,23.2,20.5,50
27400300700,大阪和泉泉南線（新）,高石市・和泉市境,泉大津美原線（新）,27219,0,0.3,高石市取石６丁目,1901,高石市取石６丁目,1913,3814,1.25,0.2,23.9,13.6,20.5,50
27400300720,大阪和泉泉南線（新）,,富田林泉大津線（新）,27219,0,1.1,和泉市王子町,1785,和泉市王子町,1848,3633,1.23,0.18,17.3,21.2,22,40
27400300740,大阪和泉泉南線（新）,,父鬼和気線,27219,0,0.5,和泉市和気町１丁目,7398,和泉市和気町１丁目,7160,14558,1.31,0.8,21,20.2,18.5,60
27400300750,大阪和泉泉南線（新）,父鬼和気線,和泉市・岸和田市境,27219,0,1,和泉市和気町１丁目,7398,和泉市和気町１丁目,7160,14558,1.31,0.82,24.7,21.9,17.5,60
27400300760,大阪和泉泉南線（新）,和泉市・岸和田市境,岸和田牛滝山貝塚線（新）,27202,0,0,和泉市和気町１丁目,7398,和泉市和気町１丁目,7160,14558,1.31,0.62,22.1,6.6,23.5,60
27400300780,大阪和泉泉南線,泉佐野打田線,泉佐野打田線（旧）,27361,0,0.1,泉南郡熊取町大久保南2丁目,6239,泉南郡熊取町大久保南2丁目,5972,12211,1.29,1.34,9.2,12.4,8,30
27400300790,大阪和泉泉南線,泉佐野打田線（旧）,熊取町・泉佐野市境,27361,0,0.2,泉南郡熊取町大久保南2丁目,6239,泉南郡熊取町大久保南2丁目,5972,12211,1.29,1.34,21.9,26.2,8,30
27400300800,大阪和泉泉南線（新）,熊取町・泉佐野市境,土丸栄線,27213,0,0.7,泉南郡熊取町大久保南2丁目,6239,泉南郡熊取町大久保南2丁目,5972,12211,1.29,0.5,20.7,20.4,22,40
27400300810,大阪和泉泉南線（新）,土丸栄線,一般国道４８１号,27213,0,1.1,泉南郡熊取町大久保南2丁目,6239,泉南郡熊取町大久保南2丁目,5972,12211,1.29,0.55,22.9,19.5,22,40
27400310050,堺羽曳野線（旧）,大阪中央環状線,大阪狭山線,27146,0,1.7,,,,,,,,22.2,24,6.35,30
27400310060,堺羽曳野線（旧）,大阪狭山線,,27146,0,0.6,,,,,,,,23.2,25.8,6.35,30
27400310080,堺羽曳野線,大阪中央環状線,堺羽曳野線,27147,0,0.1,,1073,,1064,2137,1.22,0.46,12.3,10.5,17,40
27400310090,堺羽曳野線,堺羽曳野線,郡戸大堀線,27222,0,0.4,羽曳野市野,11256,羽曳野市野,10896,22152,1.33,1.5,16.2,11.4,17,40
27400310100,堺羽曳野線,郡戸大堀線,西藤井寺線,27222,0,1.3,羽曳野市野,11256,羽曳野市野,10896,22152,1.33,1.65,17,14.5,16.5,40
27400310110,堺羽曳野線,西藤井寺線,西藤井寺線,27222,0,0.6,羽曳野市向野３丁目,8946,羽曳野市向野３丁目,11204,20150,1.33,1.53,22,15.2,17,40
27400310120,堺羽曳野線,西藤井寺線,羽曳野市・藤井寺市境,27222,0,0.3,羽曳野市向野３丁目,8946,羽曳野市向野３丁目,11204,20150,1.33,1.47,12.1,24.8,17,40
27400310130,堺羽曳野線,羽曳野市・藤井寺市境,一般国道１７０号,27226,0,0.4,羽曳野市向野３丁目,8946,羽曳野市向野３丁目,11204,20150,1.33,1.53,15.5,13.2,17,40
27400310140,堺羽曳野線,一般国道１７０号,一般国道１７０号（旧）,27226,0,0.4,羽曳野市向野３丁目,8946,羽曳野市向野３丁目,11204,20150,1.33,1.23,15,15.5,17,40
27400310010,堺羽曳野線（旧）,大阪中央環状線,堺市堺区・堺市北区境,27141,0,0.2,堺市北区長曽根町,3476,堺市北区長曽根町,3640,7116,1.26,0.51,13.6,21.6,16,40
27400310020,堺羽曳野線（旧）,堺市堺区・堺市北区境,大阪高石線,27146,0,0.3,堺市北区長曽根町,3476,堺市北区長曽根町,3640,7116,1.26,0.68,17.2,17.5,12.9,40
27400310030,堺羽曳野線（旧）,大阪高石線,大阪中央環状線,27146,0,1,堺市北区長曽根町,3476,堺市北区長曽根町,3640,7116,1.26,0.68,19.9,16.1,12.9,40
27400310210,堺羽曳野線,大阪中央環状線,堺羽曳野線,27217,0,0.1,,,,,,,,11,10.7,9.5,30
27400320010,美原太子線,（元）美原太子線,,27147,0,0.6,,695,,694,1389,1.18,0.21,14.6,20.9,17.5,50
27400320020,美原太子線,,一般国道１７０号,27214,0,2,富田林市喜志,665,富田林市喜志,715,1380,1.19,0.18,26.9,22.9,12,40
27400320030,美原太子線,一般国道１７０号,一般国道１７０号（旧）,27214,0,0.6,南河内郡太子町太子,3731,南河内郡太子町太子,3278,7009,1.26,0.87,6.8,10.5,9.5,40
27400320040,美原太子線,一般国道１７０号（旧）,富田林市・太子町境,27214,0,1.2,南河内郡太子町太子,3731,南河内郡太子町太子,3278,7009,1.26,0.78,20,21.5,9.5,40
27400320050,美原太子線,富田林市・太子町境,柏原駒ケ谷千早赤阪線,27381,0,0.5,南河内郡太子町太子,3731,南河内郡太子町太子,3278,7009,1.26,0.62,34.1,23.2,9.5,40
27400320160,美原太子線（新）,泉大津美原線（新）,西藤井寺線,27222,0,0.5,,8263,,7540,15803,1.31,0.73,11.9,27.9,26.62,50
27400320170,美原太子線（新）,西藤井寺線,羽曳野市・堺市美原区境,27222,0,0.1,堺市美原区小平尾,6357,堺市美原区小平尾,7444,13801,1.28,0.93,21.5,30.1,27.19,50
27400320180,美原太子線（新）,羽曳野市・堺市美原区境,西藤井寺線,27147,0,0.1,堺市美原区小平尾,6357,堺市美原区小平尾,7444,13801,1.28,1.28,19.4,31.4,21.76,40
27400320190,美原太子線（新）,西藤井寺線,堺市美原区・羽曳野市境,27147,0,0.1,堺市美原区小平尾,6357,堺市美原区小平尾,7444,13801,1.28,1.28,13.4,32.3,21.76,40
27400320200,美原太子線（新）,堺市美原区・羽曳野市境,羽曳野市・堺市美原区境,27222,0,0.1,堺市美原区小平尾,6357,堺市美原区小平尾,7444,13801,1.28,0.98,13.4,28.4,21.99,40
27400320210,美原太子線（新）,羽曳野市・堺市美原区境,一般国道１６５号（南阪奈道路）,27147,0,1.1,堺市美原区小平尾,6357,堺市美原区小平尾,7444,13801,1.28,1.11,22.7,24.7,21.91,40
27400320220,美原太子線（新）,一般国道１６５号（南阪奈道路）,美原太子線（新）,27147,0,0.1,堺市美原区小平尾,6357,堺市美原区小平尾,7444,13801,1.28,1.11,34.1,14.4,21.91,40
27400320230,美原太子線（新）,美原太子線（新）,堺市美原区・羽曳野市境,27147,0,0.2,羽曳野市尺度,6637,羽曳野市尺度,6629,13266,1.31,1.08,20.6,28.2,44.5,40
27400320240,美原太子線（新）,堺市美原区・羽曳野市境,一般国道１６５号（南阪奈道路）,27222,0,2.5,羽曳野市尺度,6637,羽曳野市尺度,6629,13266,1.31,0.88,28,24.1,44.5,40
27400320250,美原太子線（新）,一般国道１６５号（南阪奈道路）,一般国道１６５号（南阪奈道路）,27222,0,0.5,羽曳野市尺度,6637,羽曳野市尺度,6629,13266,1.31,0.96,15.9,8,44.5,40
27400320330,美原太子線（新）,一般国道１７０号,一般国道１７０号（旧）,27214,0,0.4,富田林市粟ヶ池町,5026,富田林市粟ヶ池町,5065,10091,1.29,0.75,9.4,12.8,16,40
27400320270,美原太子線（新）,一般国道１７０号（旧）,富田林市・太子町境,27214,0,1.2,富田林市西条町１丁目,7531,富田林市西条町１丁目,7994,15525,1.29,1.34,12.5,16.3,13,40
27400320280,美原太子線（新）,富田林市・太子町境,柏原駒ケ谷千早赤阪線,27381,0,0.5,富田林市西条町１丁目,7531,富田林市西条町１丁目,7994,15525,1.29,1.17,22.6,14.7,13,40
27400320290,美原太子線（新）,柏原駒ケ谷千早赤阪線,一般国道１６６号,27381,0,2.3,富田林市西条町１丁目,7531,富田林市西条町１丁目,7994,15525,1.29,1.29,29.2,27,13,40
27400320310,美原太子線（新）,美原太子線（新）,（元）美原太子線,27147,0,0.9,堺市美原区小平尾,5673,堺市美原区小平尾,5268,10941,1.28,0.43,24.3,22.4,25.01,40
27607050010,富田林太子線,一般国道１７０号（旧）,富田林五条線,27214,0,0.8,南河内郡河南町神山,1034,南河内郡河南町神山,977,2011,1.21,0.26,14,11.1,10.5,30
27400330010,富田林太子線,富田林五条線,富田林市・河南町境,27214,0,1.5,南河内郡河南町山城,3178,南河内郡河南町山城,3170,6348,1.26,0.58,27.4,34.6,9.7,40
27400330020,富田林太子線,富田林市・河南町境,柏原駒ケ谷千早赤阪線,27382,0,0.4,南河内郡河南町山城,3178,南河内郡河南町山城,3170,6348,1.26,0.54,28,18.8,7,40
27400330040,富田林太子線,柏原駒ケ谷千早赤阪線,,27382,0,1.5,南河内郡河南町東山,2296,南河内郡河南町東山,2062,4358,1.25,0.49,28.9,34.9,9.6,30
27400330060,富田林太子線,,一般国道１６６号,27381,0,1.9,南河内郡河南町東山,2296,南河内郡河南町東山,2062,4358,1.25,15.77,30.7,28.8,6,30
27400340010,堺狭山線,一般国道２６号,堺市堺区・堺市西区境,27141,0,2,堺市堺区出島海岸通3丁,12037,堺市堺区出島海岸通3丁,13560,25597,1.34,0.71,22.9,23.4,27.2,60
27400340020,堺狭山線,堺市堺区・堺市西区境,堺狭山線,27144,0,0.3,堺市堺区出島海岸通3丁,12037,堺市堺区出島海岸通3丁,13560,25597,1.34,0.71,38.2,9.4,27.2,40
27400340030,堺狭山線,堺狭山線,一般国道２６号,27144,0,0.8,堺市西区浜寺石津町中1丁,12015,堺市西区浜寺石津町中1丁,10788,22803,1.33,0.52,6.9,10.6,30,50
27400340040,堺狭山線,一般国道２６号,堺市西区・堺市堺区境,27144,0,0.2,堺市西区浜寺石津町東1丁,13477,堺市西区浜寺石津町東1丁,13304,26781,1.41,0.87,10.5,16,21.8,50
27400340050,堺狭山線,堺市西区・堺市堺区境,大阪和泉泉南線,27141,0,0.7,堺市西区浜寺石津町東1丁,13477,堺市西区浜寺石津町東1丁,13304,26781,1.41,0.83,19.7,7.9,35,50
27400340060,堺狭山線,大阪和泉泉南線,堺市堺区・堺市西区境,27141,0,0.5,堺市北区百舌鳥陵南町1丁,18030,堺市北区百舌鳥陵南町1丁,20212,38242,1.37,1.39,8.7,19.3,35,50
27400340070,堺狭山線,堺市堺区・堺市西区境,,27144,0,0.7,堺市北区百舌鳥陵南町1丁,18030,堺市北区百舌鳥陵南町1丁,20212,38242,1.37,1.37,9.4,12.5,34.1,50
27400340080,堺狭山線,,堺かつらぎ線,27144,0,0.3,堺市北区百舌鳥陵南町1丁,18030,堺市北区百舌鳥陵南町1丁,20212,38242,1.37,1.18,15.2,9.1,50.1,50
27400340090,堺狭山線,堺かつらぎ線,大阪高石線,27144,0,0.7,堺市北区百舌鳥陵南町1丁,18030,堺市北区百舌鳥陵南町1丁,20212,38242,1.37,1.18,12.8,17.6,50.1,50
27400340100,堺狭山線,大阪高石線,大阪高石線（新）,27144,0,0.1,堺市北区百舌鳥陵南町1丁,18030,堺市北区百舌鳥陵南町1丁,20212,38242,1.37,1.18,13.4,9.8,50.1,50
27400340110,堺狭山線,大阪高石線（新）,堺市西区・堺市中区境,27144,0,0.2,堺市中区深井北町,28764,堺市中区深井北町,28421,57185,1.36,1.68,11.3,23.5,50.1,50
27400340120,堺狭山線,堺市西区・堺市中区境,西鳳東線,27142,0,0.5,堺市中区深井北町,28764,堺市中区深井北町,28421,57185,1.36,1.05,20.7,19.3,49.8,60
27400340130,堺狭山線,西鳳東線,八田北深井沢線,27142,0,0.9,堺市中区深井北町,28764,堺市中区深井北町,28421,57185,1.36,0.5,16.8,38.7,71.9,60
27400340140,堺狭山線,八田北深井沢線,泉大津美原線（新）,27142,0,0.8,堺市中区深井北町,28764,堺市中区深井北町,28421,57185,1.36,0.5,26.1,53.1,71.9,60
27400340150,堺狭山線,泉大津美原線（新）,泉大津美原線,27142,0,0.3,堺市中区田園,35234,堺市中区田園,36985,72219,1.36,1.03,48.7,42.9,17.7,60
27400340160,堺狭山線,泉大津美原線,堺市中区・堺市南区境,27142,0,1.9,堺市中区田園,35234,堺市中区田園,36985,72219,1.36,1.03,48.6,57.6,17.7,60
27400340170,堺狭山線,堺市中区・堺市南区境,堺泉北環状線,27145,0,0,堺市南区竹城台1丁,44103,堺市南区竹城台1丁,42182,86285,1.36,1.54,48.1,59.7,19.6,60
27400340180,堺狭山線,堺泉北環状線,堺狭山線,27145,0,0.9,堺市南区竹城台1丁,44103,堺市南区竹城台1丁,42182,86285,1.36,1.6,49.6,58.4,22.4,60
27400340190,堺狭山線,堺狭山線,富田林泉大津線,27145,0,0.2,,38220,,38219,76439,1.36,1.4,51.9,59.8,22.4,60
27400340210,堺狭山線,堺狭山線,三原台槇塚台線,27145,0,0.5,堺市南区三原台1丁,25031,堺市南区三原台1丁,25335,50366,1.36,1.37,49,25.9,20,40
27400340220,堺狭山線,三原台槇塚台線,富田林泉大津線,27145,0,1.2,堺市南区三原台1丁,25031,堺市南区三原台1丁,25335,50366,1.36,1.37,63.4,42,20,40
27400340230,堺狭山線,富田林泉大津線,,27145,0,0.9,堺市南区岩室,21232,堺市南区岩室,20576,41808,1.37,1.08,31.2,7.7,20,40
27400340240,堺狭山線,,,27231,0,0.6,,21817,,22533,44350,1.37,1.16,23.4,13.7,23,60
27400340250,堺狭山線,,一般国道３１０号,27231,0,0.2,,21817,,22533,44350,1.37,1.16,10.3,32.3,23,60
27400340270,堺狭山線,大阪臨海線,堺狭山線,27144,0,0.1,,,,,,,,5.8,8.9,43.8,40
27400350010,堺富田林線,大阪中央環状線,大阪高石線,27141,0,0.4,堺市北区中百舌鳥町1丁,5734,堺市北区中百舌鳥町1丁,4816,10550,1.28,1.13,16,21.6,11.95,40
27400350020,堺富田林線,大阪高石線,堺市堺区・堺市北区境,27141,0,0.1,堺市北区中百舌鳥町1丁,5734,堺市北区中百舌鳥町1丁,4816,10550,1.28,1.13,16.9,17.1,11.95,40
27400350030,堺富田林線,堺市堺区・堺市北区境,大阪高石線（新）,27146,0,0.5,堺市北区中百舌鳥町1丁,5734,堺市北区中百舌鳥町1丁,4816,10550,1.28,1.03,19.2,8.6,16.7,40
27400350040,堺富田林線,大阪高石線（新）,我堂金岡線,27146,0,1.2,堺市北区金岡町,7301,堺市北区金岡町,6586,13887,1.29,1.32,12,17,16.7,40
27400350050,堺富田林線,我堂金岡線,堺市北区・堺市東区境,27146,0,0.5,堺市東区野尻町,6381,堺市東区野尻町,6238,12619,1.29,1.15,10.3,13.8,16.7,40
27400350060,堺富田林線,堺市北区・堺市東区境,西藤井寺線,27143,0,1,堺市東区野尻町,6381,堺市東区野尻町,6238,12619,1.29,1.33,12.2,12,10.15,40
27400350070,堺富田林線,西藤井寺線,西鳳東線,27143,0,0.2,堺市東区野尻町,6381,堺市東区野尻町,6238,12619,1.29,1.33,9,7.6,10.15,40
27400350080,堺富田林線,西鳳東線,堺市東区・堺市美原区境,27143,0,1.3,堺市東区野尻町,6381,堺市東区野尻町,6238,12619,1.29,1.33,20,15,10.15,40
27400350090,堺富田林線,堺市東区・堺市美原区境,泉大津美原線（新）,27147,0,0.1,堺市東区野尻町,6381,堺市東区野尻町,6238,12619,1.29,1.39,16.9,10.4,8.1,40
27400350100,堺富田林線,泉大津美原線（新）,大阪狭山線（新）,27147,0,0.2,堺市美原区黒山,3655,堺市美原区黒山,3761,7416,1.26,0.92,11.1,16.8,8.1,40
27400350110,堺富田林線,大阪狭山線（新）,大阪狭山線,27147,0,0.2,堺市美原区黒山,3655,堺市美原区黒山,3761,7416,1.26,0.92,12.9,13.6,8.1,40
27400350120,堺富田林線,大阪狭山線,一般国道３０９号,27147,0,1.5,堺市美原区黒山,3655,堺市美原区黒山,3761,7416,1.26,0.92,17.5,10.6,8.1,40
27400350140,堺富田林線,一般国道３０９号,堺富田林線,27147,0,0.4,,6536,,6369,12905,1.31,1.12,6.6,21,8,40
27400350150,堺富田林線,堺富田林線,（元）美原太子線,27147,0,0.4,,6536,,6369,12905,1.31,1.12,16.5,22.4,8,40
27400350160,堺富田林線,（元）美原太子線,,27147,0,2.7,,6536,,6369,12905,1.31,1.12,25.6,32.5,8,40
27400350170,堺富田林線,,一般国道１７０号,27214,0,1.6,富田林市新堂,7397,富田林市新堂,8235,15632,1.31,1.55,26,22.2,10.5,40
27400350180,堺富田林線,一般国道１７０号,一般国道１７０号（旧）,27214,0,0.3,富田林市新堂,7397,富田林市新堂,8235,15632,1.31,1.63,9.5,6.3,10.5,40
27400350200,堺富田林線,一般国道３０９号,堺富田林線,27147,0,0.3,,1860,,1580,3440,1.25,0.53,10,15,17.59,40
27400360010,泉大津美原線（新）,大阪臨海線,堺阪南線,27206,0,0.6,,11952,,17116,29068,1.35,1.37,10.6,12.9,31,60
27400360020,泉大津美原線（新）,堺阪南線,泉大津市・高石市境,27206,0,0.1,,11952,,17116,29068,1.35,1.01,8.6,21.5,31,60
27400360030,泉大津美原線（新）,泉大津市・高石市境,,27225,0,0.3,,11952,,17116,29068,1.35,0.59,8.2,38.5,31,60
27400360050,泉大津美原線（新）（堺泉北道路）,,高石市・泉大津市境,27225,0,0.4,,22622,,22196,44818,1.37,0.69,21.8,60.2,31.5,60
27400360060,泉大津美原線（新）（堺泉北道路）,高石市・泉大津市境,泉大津市・高石市境,27206,0,0.2,,22622,,22196,44818,1.37,0.68,24.5,48.1,32,60
27400360070,泉大津美原線（新）（堺泉北道路）,泉大津市・高石市境,泉大津美原線（新）,27225,0,0.1,,22622,,22196,44818,1.37,0.68,24.9,40.4,32,60
27400360080,泉大津美原線（新）（堺泉北道路）,泉大津美原線（新）,高石市・和泉市境,27225,0,0.3,,22622,,22196,44818,1.37,0.68,32.5,64.8,32,60
27400360090,泉大津美原線（新）（堺泉北道路）,高石市・和泉市境,,27219,0,0.1,,22622,,22196,44818,1.37,0.68,40.7,58.3,32,60
27400360380,泉大津美原線（新）,阪和自動車道,泉大津美原線,27142,0,1.1,,9454,,10449,19903,1.32,0.59,17.7,15.3,57.95,60
27400360390,泉大津美原線（新）,泉大津美原線,堺狭山線,27142,0,0.6,,9454,,10449,19903,1.32,0.59,26.9,19.3,57.95,60
27400360400,泉大津美原線（新）,堺狭山線,深井畑山宿院線,27142,0,0.6,堺市中区深井畑山町,19968,堺市中区深井畑山町,18383,38351,1.39,1.28,22.9,11.9,57.95,60
27400360410,泉大津美原線（新）,深井畑山宿院線,一般国道３１０号,27142,0,1.5,堺市中区深井畑山町,19968,堺市中区深井畑山町,18383,38351,1.39,1.28,12.9,24,57.95,60
27400360420,泉大津美原線（新）,一般国道３１０号,堺市中区・堺市東区境,27142,0,0.1,堺市東区日置荘西町6丁,18476,堺市東区日置荘西町6丁,17822,36298,1.36,1.34,32.3,54.8,57.95,60
27400360430,泉大津美原線（新）,堺市中区・堺市東区境,堺市東区・堺市美原区境,27143,0,1.5,堺市東区日置荘西町6丁,18476,堺市東区日置荘西町6丁,17822,36298,1.36,1.49,23.9,12.9,65.31,60
27400360440,泉大津美原線（新）,堺市東区・堺市美原区境,堺富田林線,27147,0,0.1,堺市東区日置荘西町6丁,18476,堺市東区日置荘西町6丁,17822,36298,1.36,1.49,14,10.8,65.31,60
27400360450,泉大津美原線（新）,堺富田林線,大阪狭山線（新）,27147,0,0.1,堺市美原区北余部,14280,堺市美原区北余部,15299,29579,1.35,1.11,9.5,20.5,65.31,60
27400360460,泉大津美原線（新）,大阪狭山線（新）,大阪狭山線,27147,0,0.2,堺市美原区北余部,14280,堺市美原区北余部,15299,29579,1.35,1.11,10.9,19,65.31,60
27400360470,泉大津美原線（新）,大阪狭山線,阪和自動車道,27147,0,0.9,堺市美原区北余部,14280,堺市美原区北余部,15299,29579,1.35,1.11,11.1,25.7,65.31,60
27400360480,泉大津美原線（新）,阪和自動車道,一般国道３０９号,27147,0,0.2,堺市美原区北余部,14280,堺市美原区北余部,15299,29579,1.35,1.11,24.6,7.6,65.31,60
27400360490,泉大津美原線（新）,一般国道３０９号,西藤井寺線,27147,0,0.1,堺市美原区真福寺,16519,堺市美原区真福寺,16808,33327,1.36,0.95,7.5,17.1,58.81,50
27400360495,泉大津美原線（新）,西藤井寺線,西藤井寺線,27147,0,0.4,堺市美原区真福寺,16519,堺市美原区真福寺,16808,33327,1.36,0.95,19.9,14,58.81,50
27400360500,泉大津美原線（新）,西藤井寺線,美原太子線（新）,27147,0,0.9,堺市美原区真福寺,16519,堺市美原区真福寺,16808,33327,1.36,0.95,16.3,12.7,58.81,50
27400360510,泉大津美原線（新）,美原太子線（新）,阪和自動車道,27147,0,0.3,堺市美原区丹上,12260,堺市美原区丹上,12904,25164,1.35,0.75,9,17.4,58.81,50
27400360520,泉大津美原線（新）,阪和自動車道,大阪中央環状線,27147,0,0.3,堺市美原区丹上,12260,堺市美原区丹上,12904,25164,1.35,0.75,11,16.6,58.81,50
27400360580,泉大津美原線,大阪和泉泉南線,和田福泉線,27144,0,1.2,堺市西区草部,4593,堺市西区草部,4160,8753,1.27,0.83,15.3,17.2,7.17,40
27400360590,泉大津美原線,和田福泉線,別所草部線,27144,0,0.8,堺市中区八田西町2丁,4196,堺市中区八田西町2丁,4681,8877,1.27,0.86,16.6,13.4,7.17,40
27400360600,泉大津美原線,別所草部線,堺市西区・堺市中区境,27144,0,0.7,堺市中区八田西町2丁,4196,堺市中区八田西町2丁,4681,8877,1.27,0.86,16.2,11.1,7.17,40
27400360610,泉大津美原線,堺市西区・堺市中区境,堺かつらぎ線,27142,0,0,堺市中区八田西町2丁,4196,堺市中区八田西町2丁,4681,8877,1.27,1.13,19,5.7,7.72,40
27400360620,泉大津美原線,堺かつらぎ線,泉大津美原線（新）,27142,0,1.2,堺市中区八田西町2丁,4196,堺市中区八田西町2丁,4681,8877,1.27,1.13,14.1,15,7.72,40
27400360630,泉大津美原線,泉大津美原線（新）,堺狭山線,27142,0,0.7,堺市中区八田西町2丁,4196,堺市中区八田西町2丁,4681,8877,1.27,1.03,16,16.9,6.1,30
27400360640,泉大津美原線,堺狭山線,一般国道３１０号,27142,0,2.4,堺市中区福田,4382,堺市中区福田,3347,7729,1.27,0.89,18.9,12.1,10.55,30
27400360650,泉大津美原線,一般国道３１０号,堺市中区・堺市東区境,27142,0,0.1,堺市東区大美野,2363,堺市東区大美野,2690,5053,1.25,0.52,5.7,11.3,10.55,30
27400360660,泉大津美原線,堺市中区・堺市東区境,大阪狭山線,27143,0,1.8,堺市東区大美野,2363,堺市東区大美野,2690,5053,1.25,0.7,11.3,13,6.6,40
27400360670,泉大津美原線,大阪狭山線,,27143,0,0.6,堺市東区北野田,4029,堺市東区北野田,4156,8185,1.27,1.23,11,15.8,10.1,40
27400360700,泉大津美原線,河内長野美原線,一般国道３０９号,27147,0,0.9,,3962,,4420,8382,1.27,0.78,15.7,16.2,11.15,40
27400360710,泉大津美原線,一般国道３０９号,（元）美原太子線,27147,0,0.4,,3962,,4420,8382,1.27,0.78,12.7,10.3,11.15,40
27400360210,泉大津美原線（新）,泉大津美原線（新）（堺泉北道路）,高石市・和泉市境,27225,0,0.1,高石市西取石南,14220,高石市西取石南,16818,31038,1.35,0.52,34.3,10.7,41,60
27400360220,泉大津美原線（新）,高石市・和泉市境,和泉市・高石市境,27219,0,0.1,高石市西取石南,14220,高石市西取石南,16818,31038,1.35,0.57,36.2,9.7,35,60
27400360230,泉大津美原線（新）,和泉市・高石市境,一般国道２６号,27225,0,0.2,高石市西取石南,14220,高石市西取石南,16818,31038,1.35,1.25,31.9,7,36,60
27400360240,泉大津美原線（新）,一般国道２６号,一般国道２６号（堺泉北道路）,27225,0,0.5,高石市西取石南,14220,高石市西取石南,16818,31038,1.35,0.54,14.6,31.1,38,60
27400360250,泉大津美原線（新）,一般国道２６号（堺泉北道路）,大阪和泉泉南線,27225,0,0.3,高石市西取石南,14220,高石市西取石南,16818,31038,1.35,1,21.5,18.7,31,60
27400360260,泉大津美原線（新）,大阪和泉泉南線,高石市・和泉市境,27225,0,0.2,高石市西取石南,14220,高石市西取石南,16818,31038,1.35,0.54,24.6,21,38,60
27400360270,泉大津美原線（新）,高石市・和泉市境,大阪和泉泉南線（新）,27219,0,0.1,和泉市上代町,11628,和泉市上代町,12159,23787,1.35,0.94,26.9,23.2,38,60
27400360280,泉大津美原線（新）,大阪和泉泉南線（新）,,27219,0,0.8,和泉市上代町,11628,和泉市上代町,12159,23787,1.35,0.89,40.4,26.7,40,60
27400360290,泉大津美原線（新）,,,27144,0,0.1,,10211,,11134,21345,1.33,0.39,55.6,43.6,39,60
27400360300,泉大津美原線（新）,,,27219,0,0.2,,11952,,17116,29068,1.35,1.16,37.7,29.9,40,60
27400360310,泉大津美原線（新）,,和田福泉線,27144,0,0.4,堺市西区菱木2丁,10066,堺市西区菱木2丁,11163,21229,1.33,0.81,31.4,15,37.63,60
27400360320,泉大津美原線（新）,和田福泉線,和田福泉線（新）,27144,0,0.2,堺市西区菱木2丁,10066,堺市西区菱木2丁,11163,21229,1.33,0.81,17.8,16.2,37.63,60
27400360330,泉大津美原線（新）,和田福泉線（新）,一般国道２６号（堺泉北道路）,27144,0,0.1,堺市西区菱木2丁,10066,堺市西区菱木2丁,11163,21229,1.33,0.81,19.9,46.5,37.63,60
27400360340,泉大津美原線（新）,一般国道２６号（堺泉北道路）,別所草部線,27144,0,0.6,堺市西区菱木2丁,10066,堺市西区菱木2丁,11163,21229,1.33,0.81,24,22.8,37.63,60
27400360350,泉大津美原線（新）,別所草部線,一般国道２６号（堺泉北道路）,27144,0,0.8,堺市西区菱木2丁,10066,堺市西区菱木2丁,11163,21229,1.33,0.81,26.9,15.1,37.63,60
27400360360,泉大津美原線（新）,一般国道２６号（堺泉北道路）,堺かつらぎ線,27144,0,0.1,堺市西区菱木2丁,10066,堺市西区菱木2丁,11163,21229,1.33,0.81,19.8,5.3,37.63,60
27400360370,泉大津美原線（新）,堺かつらぎ線,阪和自動車道,27142,0,0.3,堺市中区平井,9519,堺市中区平井,10776,20295,1.32,0.35,8.1,19,57.95,60
27400360540,泉大津美原線,堺阪南線,泉大津市・和泉市境,27206,0,1.3,泉大津市曽根町３丁目,1542,泉大津市曽根町３丁目,2027,3569,1.24,0.34,17.5,18.6,16,20
27400360550,泉大津美原線,泉大津市・和泉市境,一般国道２６号,27219,0,0.4,泉大津市曽根町３丁目,1542,泉大津市曽根町３丁目,2027,3569,1.24,0.76,15.9,10.1,5,20
27400360560,泉大津美原線,一般国道２６号,大阪和泉泉南線,27219,0,0.5,泉大津市曽根町３丁目,1542,泉大津市曽根町３丁目,2027,3569,1.24,0.74,9.9,12.3,7.5,20
27400360680,泉大津美原線,,河内長野美原線,27231,0,0.3,,3962,,4420,8382,1.27,0.65,18,6.1,5.5,40
27400360690,泉大津美原線,河内長野美原線,河内長野美原線,27231,0,0,,3962,,4420,8382,1.27,0.81,8.4,12.7,5.5,40
27400380010,富田林泉大津線,一般国道１７０号（旧）,一般国道１７０号,27214,0,0.6,富田林市須賀,4548,富田林市須賀,4588,9136,1.27,0.69,19.2,26.2,14.8,40
27400380020,富田林泉大津線,一般国道１７０号,富田林泉大津線（旧）,27214,0,0.5,富田林市須賀,4548,富田林市須賀,4588,9136,1.27,0.81,26.7,29.3,15.4,40
27400380030,富田林泉大津線,富田林泉大津線（旧）,富田林市・河内長野市境,27214,0,0.4,富田林市須賀,4548,富田林市須賀,4588,9136,1.27,0.74,27.9,32.6,15.4,40
27400380040,富田林泉大津線,富田林市・河内長野市境,河内長野市・富田林市境,27216,0,0.1,富田林市須賀,4548,富田林市須賀,4588,9136,1.27,0.65,35.9,31.2,15.4,40
27400380050,富田林泉大津線,河内長野市・富田林市境,富田林泉大津線（旧）,27214,0,0,富田林市須賀,4548,富田林市須賀,4588,9136,1.27,0.65,35.2,17.2,9,40
27400380060,富田林泉大津線,富田林泉大津線（旧）,富田林泉大津線（旧）,27214,0,0.1,富田林市須賀,4548,富田林市須賀,4588,9136,1.27,0.65,33.1,14.4,15.4,40
27400380100,富田林泉大津線（旧）,富田林泉大津線,河内長野美原線,27214,0,0.2,,413,,436,849,1.17,0.95,18,16.4,3.75,30
27400380110,富田林泉大津線（旧）,河内長野美原線,河内長野美原線,27214,0,0.4,,413,,436,849,1.17,0.95,11.2,16.3,3.75,30
27400380120,富田林泉大津線（新）,河内長野美原線,富田林市・河内長野市境,27214,0,0.1,,413,,436,849,1.17,0.95,11.3,9.9,3.75,30
27400380130,富田林泉大津線（旧）,富田林市・河内長野市境,一般国道３１０号,27216,0,0,,413,,436,849,1.17,0.95,7.9,5.6,3.75,30
27400380140,富田林泉大津線,一般国道３１０号,河内長野市・大阪狭山市境,27216,0,0.2,大阪狭山市茱萸木８丁目,2834,大阪狭山市茱萸木８丁目,2873,5707,1.27,1.22,10.3,12.9,9,40
27400380150,富田林泉大津線,河内長野市・大阪狭山市境,大阪狭山市・河内長野市境,27231,0,0.6,大阪狭山市茱萸木８丁目,2834,大阪狭山市茱萸木８丁目,2873,5707,1.27,0.56,16.9,25.8,15.4,40
27400380160,富田林泉大津線,大阪狭山市・河内長野市境,河内長野市・大阪狭山市境,27216,0,1,大阪狭山市茱萸木８丁目,2834,大阪狭山市茱萸木８丁目,2873,5707,1.27,0.57,30.9,29.4,15.4,40
27400380170,富田林泉大津線,河内長野市・大阪狭山市境,,27231,0,1,大阪狭山市茱萸木８丁目,2834,大阪狭山市茱萸木８丁目,2873,5707,1.27,0.51,34.3,36.6,9,40
27400380180,富田林泉大津線（新）,,,27231,0,0.2,大阪狭山市茱萸木８丁目,2834,大阪狭山市茱萸木８丁目,2873,5707,1.27,0.51,34.9,36.6,9,40
27400380190,富田林泉大津線,,堺泉北環状線,27145,0,3.6,,3577,,3681,7258,1.27,0.64,31.7,30.9,6.4,40
27400380200,富田林泉大津線,堺泉北環状線,三原台槇塚台線,27145,0,0.8,堺市南区高倉台4丁,5369,堺市南区高倉台4丁,5284,10653,1.24,0.53,22.7,20.1,16.74,50
27400380210,富田林泉大津線,三原台槇塚台線,堺狭山線,27145,0,1.6,堺市南区高倉台4丁,5369,堺市南区高倉台4丁,5284,10653,1.24,0.53,32,24.3,16.74,50
27400380230,富田林泉大津線,堺狭山線,堺かつらぎ線,27145,0,1.6,堺市南区竹城台3丁,39003,堺市南区竹城台3丁,37615,76618,1.35,1.38,56.7,58.7,40.2,60
27400380240,富田林泉大津線,堺かつらぎ線,赤坂台庭代台線,27145,0,1,堺市南区桃山台2丁,36309,堺市南区桃山台2丁,36112,72421,1.36,1.12,61.8,61.5,40.2,60
27400380250,富田林泉大津線,赤坂台庭代台線,別所草部線,27145,0,0.5,堺市南区桃山台2丁,36309,堺市南区桃山台2丁,36112,72421,1.36,1.12,63.1,63,19.6,60
27400380260,富田林泉大津線,別所草部線,,27145,0,1.3,堺市南区新檜尾台2丁,31101,堺市南区新檜尾台2丁,29657,60758,1.36,0.89,66.6,17.3,25.6,60
27400380070,富田林泉大津線（新）,富田林泉大津線（旧）,富田林市・河内長野市境,27214,0,0.3,,3661,,3597,7258,1.27,0.55,15.2,7.4,15.4,40
27400380080,富田林泉大津線,富田林市・河内長野市境,一般国道３１０号,27216,0,0.1,,3661,,3597,7258,1.27,0.55,10.8,4.3,15.4,40
27400380270,富田林泉大津線,,富田林泉大津線,27219,0,0.1,堺市南区新檜尾台２丁目,32280,堺市南区新檜尾台２丁目,29796,62076,1.36,0.36,63.1,14.8,78,60
27400380280,富田林泉大津線（新）,富田林泉大津線,一般国道４８０号,27219,0,1.2,和泉市伏屋町5丁目,20502,和泉市伏屋町5丁目,19969,40471,1.34,0.52,45.1,10.7,65,60
27400380300,富田林泉大津線,富田林泉大津線,堺泉北環状線,27219,0,0.2,和泉市阪本町,3636,和泉市阪本町,3977,7613,1.26,0.33,14.7,12.5,30,50
27400380310,富田林泉大津線,堺泉北環状線,和田福泉線,27219,0,0.6,和泉市阪本町,3636,和泉市阪本町,3977,7613,1.26,0.53,15.7,10.2,14.5,30
27400380320,富田林泉大津線,和田福泉線,和田福泉線,27219,0,0.2,和泉市阪本町,3636,和泉市阪本町,3977,7613,1.26,0.68,12.6,12.2,8,40
27400380330,富田林泉大津線,和田福泉線,一般国道４８０号,27219,0,2.2,和泉市阪本町,3636,和泉市阪本町,3977,7613,1.26,0.67,13.8,10.2,8.5,30
27400380350,富田林泉大津線,一般国道２６号,堺阪南線,27206,0,2.1,泉大津市我孫子,5828,泉大津市我孫子,5921,11749,1.29,1.23,12.6,15.7,12,40
27800380380,富田林泉大津線（新）,,大阪和泉泉南線（新）,27219,0,0.4,和泉市伯太町４丁目,4227,和泉市伯太町４丁目,4191,8418,1.3,0.89,20.4,32.1,15.25,40
27400380370,富田林泉大津線（新）,大阪和泉泉南線（新）,,27219,0,0.2,和泉市池上町,6389,和泉市池上町,6266,12655,1.28,0.68,20.4,32.1,30,40
27400380380,富田林泉大津線（新）,,一般国道２６号,27219,0,1.1,和泉市池上町,6389,和泉市池上町,6266,12655,1.28,1.17,35.6,15.4,20.5,50
27400380390,富田林泉大津線（新）,一般国道２６号,和泉市・泉大津市境,27219,0,0.1,泉大津市東助松町４丁目,7405,泉大津市東助松町４丁目,5614,13019,1.33,0.24,3.7,18.5,18.5,50
27400380400,富田林泉大津線（新）,和泉市・泉大津市境,堺阪南線,27206,0,1.4,泉大津市東助松町４丁目,7405,泉大津市東助松町４丁目,5614,13019,1.33,0.65,12.6,17,20,50
27400380420,富田林泉大津線（旧）,富田林泉大津線,富田林泉大津線,27214,0,0.6,,413,,436,849,1.17,0.95,17,16.4,3.75,30
27400390010,岸和田港塔原線,大阪臨海線,堺阪南線,27202,0,0.4,岸和田市土生町1丁目,8750,岸和田市土生町1丁目,8754,17504,1.24,0.73,15.4,8.4,18,40
27400390020,岸和田港塔原線,堺阪南線,一般国道２６号,27202,0,1.3,岸和田市土生町1丁目,8750,岸和田市土生町1丁目,8754,17504,1.24,0.73,14.1,17.6,18,40
27400390030,岸和田港塔原線,一般国道２６号,大阪和泉泉南線,27202,0,0.6,岸和田市土生町1丁目,8750,岸和田市土生町1丁目,8754,17504,1.24,0.6,18,7.5,27,40
27400390035,岸和田港塔原線,大阪和泉泉南線,,27202,0,0.4,岸和田市土生町八丁目,6896,岸和田市土生町八丁目,6067,12963,1.28,0.51,9.8,8,18,40
27400390040,岸和田港塔原線,,一般国道１７０号（新）,27202,0,3.8,岸和田市土生町,4623,岸和田市土生町,4192,8815,1.28,0.49,23.9,23.6,18,40
27400390050,岸和田港塔原線,一般国道１７０号（新）,一般国道１７０号,27202,0,1.8,岸和田市土生町,4623,岸和田市土生町,4192,8815,1.28,0.49,32.4,31.3,18,40
27400390060,岸和田港塔原線,一般国道１７０号,（旧）岸和田牛滝山貝塚線,27202,0,4.6,岸和田市相川町,464,岸和田市相川町,425,889,1.17,0.06,51.4,49.3,18,40
27400400010,岸和田牛滝山貝塚線（新）,大阪臨海線,堺阪南線,27202,0,0.9,岸和田市吉井町2丁目,16576,岸和田市吉井町2丁目,16585,33161,1.36,1.2,11.4,31,21.25,40
27400400020,岸和田牛滝山貝塚線（新）,堺阪南線,和気岸和田線,27202,0,1.6,岸和田市吉井町2丁目,16576,岸和田市吉井町2丁目,16585,33161,1.36,1.2,34.6,18.5,21.25,40
27400400030,岸和田牛滝山貝塚線（新）,和気岸和田線,一般国道２６号,27202,0,0,岸和田市吉井町2丁目,16576,岸和田市吉井町2丁目,16585,33161,1.36,1.2,23.6,7.1,21.25,40
27400400040,岸和田牛滝山貝塚線（新）,一般国道２６号,和気岸和田線,27202,0,0.3,岸和田市三田町,17839,岸和田市三田町,17658,35497,1.36,1.21,11.3,25.2,21.25,40
27400400050,岸和田牛滝山貝塚線（新）,和気岸和田線,田治米忠岡線,27202,0,1,岸和田市三田町,17839,岸和田市三田町,17658,35497,1.36,1.21,27.8,17.3,21.25,40
27400400060,岸和田牛滝山貝塚線（新）,田治米忠岡線,大阪和泉泉南線（新）,27202,0,0.3,岸和田市三田町,17839,岸和田市三田町,17658,35497,1.36,1.21,15.6,22.7,21.25,40
27400400070,岸和田牛滝山貝塚線（新）,大阪和泉泉南線（新）,三林岡山線,27202,0,1.2,岸和田市三田町,17839,岸和田市三田町,17658,35497,1.36,1.21,23.7,29.4,21.25,40
27400400080,岸和田牛滝山貝塚線（新）,三林岡山線,三林岡山線（新）,27202,0,1.2,岸和田市三田町,17839,岸和田市三田町,17658,35497,1.36,1.21,28,22.1,21.25,40
27400400090,岸和田牛滝山貝塚線（新）,三林岡山線（新）,春木岸和田線（新）,27202,0,1.6,岸和田市山直中町,13519,岸和田市山直中町,14225,27744,1.36,0.92,24.4,22.6,21.25,40
27400400100,岸和田牛滝山貝塚線（新）,春木岸和田線（新）,春木岸和田線,27202,0,0.6,岸和田市山直中町,13519,岸和田市山直中町,14225,27744,1.36,0.92,16,19.6,21.25,40
27400400110,岸和田牛滝山貝塚線（新）,春木岸和田線,一般国道１７０号（新）,27202,0,1,岸和田市山直中町,13519,岸和田市山直中町,14225,27744,1.36,0.92,28,24.9,21.25,40
27400400120,岸和田牛滝山貝塚線,一般国道１７０号（新）,一般国道１７０号,27202,0,1.3,岸和田市大沢町,806,岸和田市大沢町,742,1548,1.17,0.09,26.2,27.8,21.25,40
27400400130,岸和田牛滝山貝塚線,一般国道１７０号,,27202,0,5.8,岸和田市大沢町,806,岸和田市大沢町,742,1548,1.17,0.09,22.8,37,21.25,40
27400400170,岸和田牛滝山貝塚線,岸和田港塔原線,岸和田市・貝塚市境,27202,0,0.4,貝塚市木積,417,貝塚市木積,374,791,1.17,0.13,40.1,40.9,6.5,40
27400400180,岸和田牛滝山貝塚線,岸和田市・貝塚市境,阪和自動車道,27208,0,6.9,貝塚市木積,417,貝塚市木積,374,791,1.17,0.11,36.9,32,20,40
27400400190,岸和田牛滝山貝塚線（新）,阪和自動車道,一般国道１７０号,27208,0,0.1,貝塚市木積,417,貝塚市木積,374,791,1.17,0.06,19.2,22.7,20,40
27400400200,岸和田牛滝山貝塚線（新）,一般国道１７０号,一般国道１７０号（新）,27208,0,0.9,貝塚市三ツ松,8876,貝塚市三ツ松,8944,17820,1.31,0.74,24.9,23.5,20,40
27400400210,岸和田牛滝山貝塚線（新）,一般国道１７０号（新）,,27208,0,2.4,貝塚市三ツ松,8876,貝塚市三ツ松,8944,17820,1.31,0.82,31.2,35.9,20,40
27400400220,岸和田牛滝山貝塚線,,岸和田牛滝山貝塚線,27208,0,0.4,貝塚市三ツ松,8876,貝塚市三ツ松,8944,17820,1.31,0.9,19.1,21.7,20,40
27400400230,岸和田牛滝山貝塚線（新）,岸和田牛滝山貝塚線,大阪和泉泉南線,27208,0,0.8,貝塚市橋本,12857,貝塚市橋本,13900,26757,1.35,1.2,26.5,10.7,20,40
27400400240,岸和田牛滝山貝塚線（新）,大阪和泉泉南線,一般国道２６号,27208,0,0.3,貝塚市加神2丁目,14271,貝塚市加神2丁目,15074,29345,1.35,1.56,9,36,20,40
27400400250,岸和田牛滝山貝塚線（新）,一般国道２６号,,27208,0,0.6,貝塚市加神2丁目,14271,貝塚市加神2丁目,15074,29345,1.35,1.56,37.3,30.9,20,40
27400400260,岸和田牛滝山貝塚線（新）,,堺阪南線,27208,0,0.3,貝塚市加神2丁目,14271,貝塚市加神2丁目,15074,29345,1.35,1.56,20.7,9.3,20,40
27400400270,岸和田牛滝山貝塚線（新）,堺阪南線,大阪臨海線,27208,0,0.5,貝塚市脇浜2丁目,10867,貝塚市脇浜2丁目,12243,23110,1.33,1.54,15.6,17.8,20,40
27400410010,大阪伊丹線,,木津川平野線,27122,0,1.3,大阪市西成区松２丁目,4134,大阪市西成区松２丁目,5042,9176,1.27,0.31,22.3,24.3,40,50
27400410020,大阪伊丹線,木津川平野線,阿倍野木津川線,27122,0,0.5,大阪市西成区松２丁目,4134,大阪市西成区松２丁目,5042,9176,1.27,0.31,22.3,24.3,40,50
27400410040,大阪伊丹線,阿倍野木津川線,一般国道４３号,27122,0,1.1,大阪市西成区長橋２丁目,5775,大阪市西成区長橋２丁目,5522,11297,1.28,0.61,20.8,17.7,40,50
27400410060,大阪伊丹線,一般国道４３号,大阪市西成区・大阪市浪速区境,27122,0,0.2,,12594,,11289,23883,1.33,0,12.2,16.2,40,50
27400410080,大阪伊丹線,大阪市西成区・大阪市浪速区境,大阪伊丹線,27111,0,0.2,,12594,,11289,23883,1.33,0.57,23.4,25.8,40,50
27400410090,大阪伊丹線,大阪伊丹線,桜川恵美須町線,27111,0,0.3,,12594,,11289,23883,1.33,0.57,15.5,16.1,40,50
27400410100,大阪伊丹線,桜川恵美須町線,浪速鶴町線,27111,0,0.5,,12594,,11289,23883,1.33,0.57,17.1,19.3,40,50
27400410110,大阪伊丹線,浪速鶴町線,難波境川線,27111,0,0.5,,12594,,11289,23883,1.33,0.57,18.3,13.6,40,50
27400410120,大阪伊丹線,難波境川線,大阪市浪速区・大阪市西区境,27111,0,0.1,,12594,,11289,23883,1.33,0.57,11.5,25,40,50
27400410130,大阪伊丹線,大阪市浪速区・大阪市西区境,大阪八尾線,27106,0,0.7,,12594,,11289,23883,1.33,0.57,20.1,14.9,40,50
27400410140,大阪伊丹線,大阪八尾線,築港深江線,27106,0,0.7,大阪市西区京町堀２丁目,13634,大阪市西区京町堀２丁目,11196,24830,1.32,0.58,16.8,15.2,40,50
27400410150,大阪伊丹線,築港深江線,一般国道１７２号,27106,0,0.2,大阪市西区京町堀２丁目,13634,大阪市西区京町堀２丁目,11196,24830,1.32,0.58,15.2,15.2,40,50
27400410160,大阪伊丹線,一般国道１７２号,江戸堀線,27106,0,0.6,大阪市西区京町堀２丁目,13634,大阪市西区京町堀２丁目,11196,24830,1.32,0.58,19.9,12.4,40,50
27400410170,大阪伊丹線,江戸堀線,大阪市西区・大阪市北区境,27106,0,0.2,大阪市西区京町堀２丁目,13634,大阪市西区京町堀２丁目,11196,24830,1.32,0.58,11.6,13,40,50
27400410180,大阪伊丹線,大阪市西区・大阪市北区境,市道,27127,0,0.4,大阪市西区京町堀２丁目,13634,大阪市西区京町堀２丁目,11196,24830,1.32,0.54,13.7,14.8,40,50
27400410200,大阪伊丹線,市道,大阪市北区・大阪市福島区境,27127,0,0.3,,17106,,14674,31780,1.35,0,17.1,12.3,40,50
27400410220,大阪伊丹線,大阪市北区・大阪市福島区境,一般国道２号,27103,0,0.3,,17106,,14674,31780,1.35,0.94,20.9,7.1,30,50
27400410230,大阪伊丹線,一般国道２号,高速大阪池田線,27103,0,0.3,大阪市北区大淀南２丁目,14487,大阪市北区大淀南２丁目,12694,27181,1.34,0.79,15.5,8,30,50
27400410240,大阪伊丹線,高速大阪池田線,九条梅田線,27103,0,0.3,大阪市北区大淀南２丁目,14487,大阪市北区大淀南２丁目,12694,27181,1.34,0.79,7.5,15.5,30,50
27400410250,大阪伊丹線,九条梅田線,大阪市福島区・大阪市北区境,27103,0,0.1,大阪市北区大淀南２丁目,14487,大阪市北区大淀南２丁目,12694,27181,1.34,0.79,11,20.5,30,50
27400410260,大阪伊丹線,大阪市福島区・大阪市北区境,,27127,0,0.5,大阪市北区大淀南２丁目,14487,大阪市北区大淀南２丁目,12694,27181,1.34,0.75,16.9,30.3,30,50
27400410270,大阪伊丹線,,一般国道１７６号,27127,0,0.2,大阪市北区大淀南２丁目,14487,大阪市北区大淀南２丁目,12694,27181,1.34,0.75,23.5,12.4,30,50
27400410280,大阪伊丹線,一般国道１７６号,一般国道１７６号,27127,0,0.4,大阪市北区大淀南２丁目,14487,大阪市北区大淀南２丁目,12694,27181,1.34,0.75,18.8,18.3,30,50
27400410300,大阪伊丹線,一般国道１７６号,一般国道１７６号,27123,0,0.3,大阪市淀川区十三元今里２丁目,11417,大阪市淀川区十三元今里２丁目,10237,21654,1.37,0.93,5.8,24.4,24,50
27400410310,大阪伊丹線,一般国道１７６号,大阪池田線,27123,0,2.2,大阪市淀川区十三元今里２丁目,11417,大阪市淀川区十三元今里２丁目,10237,21654,1.37,0.93,25.3,15.6,24,50
27400410320,大阪伊丹線,大阪池田線,大阪伊丹線,27123,0,1.1,大阪市淀川区加島3丁目,10175,大阪市淀川区加島3丁目,10567,20742,1.43,0.88,7.7,23,24,50
27400410340,大阪伊丹線,大阪伊丹線,桜川恵美須町線,27111,0,0.6,,,,,,,,14.9,15.8,12,30
27400410350,大阪伊丹線,桜川恵美須町線,,27111,0,0.2,,,,,,,,18.8,9.1,12,30
27400430010,豊中亀岡線,一般国道１７６号,大阪中央環状線,27203,0,1.4,豊中市春日町3丁目,2198,豊中市春日町3丁目,1990,4188,1.25,0.46,17,11.5,11.5,30
27400430020,豊中亀岡線,大阪中央環状線,豊中亀岡線,27203,0,2.4,豊中市春日町3丁目,2198,豊中市春日町3丁目,1990,4188,1.25,0.43,16.1,18,8.7,30
27400430030,豊中亀岡線,豊中亀岡線,豊中市・箕面市境,27203,0,0.1,箕面市牧落4丁目,6509,箕面市牧落4丁目,5895,12404,1.25,1.24,12.5,15.1,22.5,30
27400430040,豊中亀岡線,豊中市・箕面市境,一般国道１７１号,27220,0,0.2,箕面市牧落4丁目,6509,箕面市牧落4丁目,5895,12404,1.25,0.82,22.3,7.6,15.5,30
27400430050,豊中亀岡線,一般国道１７１号,箕面池田線,27220,0,1.2,箕面市箕面,1086,箕面市箕面,1060,2146,1.18,0.29,12.5,13.4,14.5,30
27400430070,豊中亀岡線,箕面池田線,茨木能勢線,27220,0,5.8,箕面市箕面,1086,箕面市箕面,1060,2146,1.18,0.23,35.2,34.3,7.2,30
27400430090,豊中亀岡線,茨木能勢線,箕面市・茨木市境,27220,0,0.5,茨木市泉原,865,茨木市泉原,892,1757,1.21,0.22,42.2,40.5,8.3,30
27400430100,豊中亀岡線,箕面市・茨木市境,余野茨木線,27211,0,3.1,茨木市泉原,865,茨木市泉原,892,1757,1.21,0.25,40,40.3,8.75,30
27400430110,豊中亀岡線,余野茨木線,余野茨木線,27211,0,0.8,茨木市泉原,865,茨木市泉原,892,1757,1.21,0.25,34.1,37.8,8.75,30
27400430120,豊中亀岡線,余野茨木線,茨木摂津線,27211,0,1.4,茨木市泉原,865,茨木市泉原,892,1757,1.21,0.25,39,33.3,8.75,30
27400430130,豊中亀岡線,茨木摂津線,余野車作線,27211,0,0.9,茨木市泉原,865,茨木市泉原,892,1757,1.21,0.25,36.8,36,8.75,30
27400430140,豊中亀岡線,余野車作線,豊中亀岡線,27211,0,2.6,茨木市泉原,865,茨木市泉原,892,1757,1.21,0.25,36,40.2,8.75,30
27400430160,豊中亀岡線,,大阪中央環状線,27203,0,1.1,豊中市桜の町７丁目,8078,豊中市桜の町７丁目,7698,15776,1.31,1.21,15.1,16.1,12.8,40
27400430170,豊中亀岡線,大阪中央環状線,豊中亀岡線,27203,0,2,豊中市桜の町７丁目,8078,豊中市桜の町７丁目,7698,15776,1.31,1.11,14.9,17.7,16,40
27400460005,茨木亀岡線,一般国道１７１号,茨木亀岡線,27211,0,3,茨木市南耳原１丁目,7983,茨木市南耳原１丁目,7687,15670,1.31,0.48,15.9,23.2,20.5,40
27400460009,茨木亀岡線,茨木亀岡線,茨木摂津線,27211,0,2.6,茨木市南耳原１丁目,7983,茨木市南耳原１丁目,7687,15670,1.31,0.89,43.6,45.4,10.25,40
27400460010,茨木亀岡線,茨木摂津線,,27211,0,1.3,茨木市南耳原１丁目,7983,茨木市南耳原１丁目,7687,15670,1.31,0.89,51.7,53.4,10.25,40
27400460015,茨木亀岡線,,茨木亀岡線,27211,0,1.5,茨木市車作,2193,茨木市車作,1855,4048,1.25,0.68,54.8,61,10.8,50
27400460020,茨木亀岡線,茨木亀岡線,茨木亀岡線,27211,0,3.3,茨木市車作,2193,茨木市車作,1855,4048,1.25,0.62,41.1,39.1,8,30
27400460035,茨木亀岡線,茨木亀岡線,茨木摂津線,27211,0,4.3,,,,,,,,,,23.4,50
27400460040,茨木亀岡線,茨木摂津線,茨木亀岡線,27211,0,1.6,,2791,,1871,4662,1.24,0.51,43.5,43.5,11.85,50
27400540010,園部能勢線,園部能勢線,亀岡能勢線,27322,0,4.5,豊能郡能勢町字宿野,1233,豊能郡能勢町字宿野,1326,2559,1.25,0.32,47.7,45,9,40
27400540020,園部能勢線,亀岡能勢線,宿野下田線,27322,0,0.7,豊能郡能勢町字宿野,1233,豊能郡能勢町字宿野,1326,2559,1.25,0.36,29.6,27.8,9,40
27400540030,園部能勢線,宿野下田線,一般国道１７３号,27322,0,1.6,豊能郡能勢町字宿野,1233,豊能郡能勢町字宿野,1326,2559,1.25,0.35,41.2,38,7,40
27400610010,堺かつらぎ線,大阪和泉泉南線,堺市堺区・堺市西区境,27141,0,0.7,堺市堺区旭ヶ丘中町4丁,3270,堺市堺区旭ヶ丘中町4丁,3010,6280,1.27,0.76,12.6,16.1,11,40
27400610020,堺かつらぎ線,堺市堺区・堺市西区境,堺市西区・堺市北区境,27144,0,0.6,堺市堺区旭ヶ丘中町4丁,3270,堺市堺区旭ヶ丘中町4丁,3010,6280,1.27,0.72,17.1,7.5,8.2,40
27400610030,堺かつらぎ線,堺市西区・堺市北区境,堺狭山線,27146,0,0.4,堺市堺区旭ヶ丘中町4丁,3270,堺市堺区旭ヶ丘中町4丁,3010,6280,1.27,0.72,5.8,9.1,8.1,40
27400610040,堺かつらぎ線,堺狭山線,大阪高石線（新）,27144,0,0.7,堺市堺区旭ヶ丘中町4丁,3270,堺市堺区旭ヶ丘中町4丁,3010,6280,1.27,0.67,12.4,16.5,8.5,40
27400610050,堺かつらぎ線,大阪高石線（新）,大阪高石線,27144,0,0.1,,4323,,3574,7897,1.27,0.79,10.4,14.6,8.5,40
27400610070,堺かつらぎ線,津久野１８号線,堺市西区・堺市中区境,27144,0,0.5,堺市中区毛穴町,13939,堺市中区毛穴町,16002,29941,1.23,1.28,19.2,35.8,26.98,60
27400610080,堺かつらぎ線,堺市西区・堺市中区境,八田西八田北線,27142,0,1.1,堺市中区毛穴町,13939,堺市中区毛穴町,16002,29941,1.23,1.09,35.2,29,26.96,60
27400610090,堺かつらぎ線,八田西八田北線,泉大津美原線,27142,0,1,堺市中区毛穴町,13939,堺市中区毛穴町,16002,29941,1.23,1.09,32.3,28,26.96,60
27400610100,堺かつらぎ線,泉大津美原線,堺市中区・堺市西区境,27142,0,0.3,堺市中区毛穴町,13939,堺市中区毛穴町,16002,29941,1.23,1.09,16.9,20.4,26.96,60
27400610110,堺かつらぎ線,堺市中区・堺市西区境,泉大津美原線（新）,27144,0,0.2,堺市中区毛穴町,13939,堺市中区毛穴町,16002,29941,1.23,1.26,20.6,20.2,27.12,60
27400610120,堺かつらぎ線,泉大津美原線（新）,阪和自動車道,27144,0,0.3,堺市西区太平寺,15885,堺市西区太平寺,17612,33497,1.36,1.09,9,28.6,27.12,60
27400610130,堺かつらぎ線,阪和自動車道,堺市西区・堺市南区境,27144,0,0,堺市南区小代,15504,堺市南区小代,19531,35035,1.36,1.08,11.9,34.5,27.12,60
27400610140,堺かつらぎ線,堺市西区・堺市南区境,堺泉北環状線,27145,0,1,堺市南区小代,15504,堺市南区小代,19531,35035,1.36,0.91,38,15,27,60
27400610150,堺かつらぎ線,堺泉北環状線,富田林泉大津線,27145,0,1.5,堺市南区大庭寺,12456,堺市南区大庭寺,13143,25599,1.34,0.6,38.5,20.1,27,60
27400610160,堺かつらぎ線,富田林泉大津線,,27145,0,1,堺市南区原山台5丁,5825,堺市南区原山台5丁,5966,11791,1.29,0.31,33.2,28.7,27,60
27400610170,堺かつらぎ線,,堺泉北環状線,27145,0,0.8,堺市南区原山台5丁,5825,堺市南区原山台5丁,5966,11791,1.29,0.8,28.8,32.1,12,40
27400610180,堺かつらぎ線,堺泉北環状線,別所草部線,27145,0,2.5,堺市南区御池台2丁,5317,堺市南区御池台2丁,5080,10397,1.28,0.81,32.1,29.2,12,40
27400610190,堺かつらぎ線,別所草部線,,27145,0,2.1,堺市南区別所,4842,堺市南区別所,4454,9296,1.2,0.8,30.3,37.1,12,40
27400610200,堺かつらぎ線,,一般国道１７０号,27219,0,0.8,和泉市北田中町,4650,和泉市北田中町,4402,9052,1.36,0.81,37.3,29.5,6.5,60
27400610220,堺かつらぎ線,一般国道１７０号,和泉市・河内長野市境,27219,0,3.5,和泉市善正町,188,和泉市善正町,162,350,1.26,0.07,19.6,21.6,6.75,30
27400610230,堺かつらぎ線,和泉市・河内長野市境,河内長野かつらぎ線,27216,0,0.7,和泉市善正町,188,和泉市善正町,162,350,1.26,0.31,23.2,27.1,5.5,30
27400610250,堺かつらぎ線,河内長野かつらぎ線,堺かつらぎ線,27216,0,7.7,,,,,,,,20.4,23.4,10.5,40
27400620010,泉佐野打田線,泉佐野岩出線,和歌山貝塚線,27213,0,0.5,泉南郡熊取町朝代東1丁目,4981,泉南郡熊取町朝代東1丁目,4610,9591,1.27,1.58,12.3,12.6,11.5,30
27400620020,泉佐野打田線,和歌山貝塚線,一般国道２６号,27213,0,0.4,泉南郡熊取町朝代東1丁目,4981,泉南郡熊取町朝代東1丁目,4610,9591,1.27,1.42,15.5,14.9,11.5,30
27400620030,泉佐野打田線,一般国道２６号,大阪和泉泉南線,27213,0,0.6,泉南郡熊取町朝代東1丁目,4981,泉南郡熊取町朝代東1丁目,4610,9591,1.27,1.7,18.4,12,11.5,30
27400620040,泉佐野打田線,大阪和泉泉南線,泉佐野市・熊取町境,27213,0,0.5,泉南郡熊取町朝代東1丁目,4981,泉南郡熊取町朝代東1丁目,4610,9591,1.27,1.58,16.7,16,11.5,30
27400620050,泉佐野打田線,泉佐野市・熊取町境,泉佐野打田線（旧）,27361,0,0.6,泉南郡熊取町朝代東1丁目,4981,泉南郡熊取町朝代東1丁目,4610,9591,1.27,0.67,15.3,12.7,11.5,30
27400620060,泉佐野打田線,泉佐野打田線（旧）,一般国道１７０号,27361,0,0.2,泉南郡熊取町朝代東1丁目,4981,泉南郡熊取町朝代東1丁目,4610,9591,1.27,0.77,10.8,7.5,11.5,30
27400620070,泉佐野打田線,一般国道１７０号,大阪和泉泉南線,27361,0,0.3,泉南郡熊取町朝代東1丁目,4981,泉南郡熊取町朝代東1丁目,4610,9591,1.27,0.61,13.5,13.7,11.5,30
27400620080,泉佐野打田線（旧）,大阪和泉泉南線,泉佐野打田線（旧）,27361,0,0.1,泉南郡熊取町朝代東1丁目,4981,泉南郡熊取町朝代東1丁目,4610,9591,1.27,1.77,15.8,16.8,9.5,30
27400620090,泉佐野打田線,泉佐野打田線（旧）,熊取町・泉佐野市境,27361,0,2.3,泉南郡熊取町朝代東1丁目,4981,泉南郡熊取町朝代東1丁目,4610,9591,1.27,0.76,21.8,23.6,10,30
27400620100,泉佐野打田線,熊取町・泉佐野市境,泉佐野打田線,27213,0,0.6,泉南郡熊取町朝代東1丁目,4981,泉南郡熊取町朝代東1丁目,4610,9591,1.27,0.63,37.8,34.7,11.5,30
27400620110,泉佐野打田線,泉佐野打田線,土丸栄線,27213,0,0.4,,4153,,3492,7645,1.27,2.97,35.4,38.5,5.25,40
27400620120,泉佐野打田線（旧）,土丸栄線,泉佐野打田線（旧）,27361,0,0.5,,5600,,5530,11130,1.28,0.79,15,21.4,9,30
27400620130,泉佐野打田線,泉佐野打田線（旧）,泉佐野打田線,27213,0,5.8,泉佐野市大木1306,2279,泉佐野市大木1306,2379,4658,1.24,0.53,40.1,41.4,12,40
27400620150,泉佐野打田線（旧）,泉佐野打田線,大阪和泉泉南線,27361,0,0.4,,5600,,5530,11130,1.28,0.9,22.4,14.7,11.5,30
27400620160,泉佐野打田線（旧）,大阪和泉泉南線,泉佐野打田線（旧）,27361,0,0.1,,5600,,5530,11130,1.28,0.79,18.1,18.3,11.5,30
27400620180,泉佐野打田線,泉佐野打田線,土丸栄線,27213,0,0.1,,4856,,4125,8981,1.27,0.56,31.3,12.9,11.5,30
27400620190,泉佐野打田線（旧）,土丸栄線,泉佐野市・熊取町境,27213,0,0,泉佐野市土丸,3259,泉佐野市土丸,3032,6291,1.29,0.88,20.7,26.1,9,40
27400620200,泉佐野打田線（旧）,泉佐野市・熊取町境,熊取町・泉佐野市境,27361,0,0.2,泉佐野市土丸,3259,泉佐野市土丸,3032,6291,1.29,0.7,33.5,36.7,9,40
27400620210,泉佐野打田線（旧）,熊取町・泉佐野市境,泉佐野打田線（旧）,27213,0,0.5,泉佐野市土丸,3259,泉佐野市土丸,3032,6291,1.29,0.78,40.3,47.4,9,40
27400630010,泉佐野岩出線,枚方富田林泉佐野線,泉佐野打田線,27213,0,0.6,泉佐野市笠松2丁目,5864,泉佐野市笠松2丁目,6210,12074,1.29,0.66,20.9,24.5,16.6,50
27400630020,泉佐野岩出線,泉佐野打田線,土丸栄線,27213,0,0.9,泉佐野市笠松2丁目,5864,泉佐野市笠松2丁目,6210,12074,1.29,0.64,21.1,20.1,16.6,50
27400630030,泉佐野岩出線,土丸栄線,一般国道４８１号,27213,0,1.3,泉佐野市笠松2丁目,5864,泉佐野市笠松2丁目,6210,12074,1.29,0.76,17.4,14.7,13.2,50
27400630040,泉佐野岩出線,一般国道４８１号,鳥取吉見泉佐野線,27213,0,0.3,泉佐野市笠松2丁目,5864,泉佐野市笠松2丁目,6210,12074,1.29,0.73,15.7,19.8,13.2,50
27400630050,泉佐野岩出線,鳥取吉見泉佐野線,日根野羽倉崎線,27213,0,0.6,泉佐野市笠松2丁目,5864,泉佐野市笠松2丁目,6210,12074,1.29,0.76,20.6,21.1,13.2,50
27400630060,泉佐野岩出線,日根野羽倉崎線,泉佐野市・田尻町境,27213,0,0.3,泉佐野市笠松2丁目,5864,泉佐野市笠松2丁目,6210,12074,1.29,0.76,15.7,19.9,13.2,50
27400630070,泉佐野岩出線,泉佐野市・田尻町境,新家田尻線,27362,0,1.2,泉佐野市笠松2丁目,5864,泉佐野市笠松2丁目,6210,12074,1.29,0.69,24.1,21.2,13.2,50
27400630080,泉佐野岩出線,新家田尻線,田尻町・泉南市境,27362,0,0.5,泉佐野市笠松2丁目,5864,泉佐野市笠松2丁目,6210,12074,1.29,0.76,22.6,22.6,13.2,50
27400630090,泉佐野岩出線,田尻町・泉南市境,大苗代岡田浦停車場線,27228,0,0.8,泉佐野市笠松2丁目,5864,泉佐野市笠松2丁目,6210,12074,1.29,0.76,21,21.8,13.2,50
27400630100,泉佐野岩出線,大苗代岡田浦停車場線,府立高校砂川変電所前線,27228,0,2,泉佐野市笠松2丁目,5864,泉佐野市笠松2丁目,6210,12074,1.29,0.74,21.7,20.7,13.4,50
27400630140,泉佐野岩出線,大阪和泉泉南線,泉佐野岩出線（新）,27228,0,1.5,泉南市信達金熊寺,414,泉南市信達金熊寺,315,729,1.18,0.11,32.5,26.9,13.2,50
27400630150,泉佐野岩出線,泉佐野岩出線（新）,泉佐野岩出線（新）,27228,0,1.5,泉南市信達金熊寺,414,泉南市信達金熊寺,315,729,1.18,0.1,26.4,27.6,13.2,50
27400630154,泉佐野岩出線,泉佐野岩出線（新）,泉佐野岩出線,27228,0,0.7,泉南市信達童子畑410,7734,泉南市信達童子畑410,6937,14671,1.35,1.29,53.3,52.8,13.2,50
27400630280,泉佐野岩出線（新）,泉佐野岩出線,泉佐野岩出線,27228,0,1.1,,,,,,,,53.1,53.2,11.5,60
27400630290,泉佐野岩出線（新）,泉佐野岩出線,泉佐野岩出線,27228,0,1,,,,,,,,54.6,57.8,11.5,60
27400630157,泉佐野岩出線,泉佐野岩出線,泉佐野岩出線（新）,27228,0,1,,9640,,8420,18060,1.4,1.41,25.2,19.3,13.2,50
27400630160,泉佐野岩出線,泉佐野岩出線（新）,泉佐野岩出線,27228,0,1.1,,9640,,8420,18060,1.4,1.41,55.5,37.8,13.2,50
27400630180,泉佐野岩出線（新）,一般国道４８１号,泉佐野市・田尻町境,27213,0,1.2,泉佐野市りんくう往来南,16192,泉佐野市りんくう往来南,15768,31960,1.36,1.06,26.6,26.1,34,60
27400630190,泉佐野岩出線（新）,泉佐野市・田尻町境,田尻町・泉南市境,27362,0,1.2,泉佐野市りんくう往来南,16192,泉佐野市りんくう往来南,15768,31960,1.36,0.61,39.3,41.1,34,60
27400630200,泉佐野岩出線（新）,田尻町・泉南市境,堺阪南線,27228,0,4.3,泉佐野市りんくう往来南,16192,泉佐野市りんくう往来南,15768,31960,1.36,0.8,41.3,28.3,34,60
27400630210,泉佐野岩出線（新）,堺阪南線,一般国道２６号,27228,0,1,泉南市男里2丁目,10585,泉南市男里2丁目,10428,21013,1.32,0.63,22.4,25.3,34,60
27400630220,泉佐野岩出線（新）,一般国道２６号,和歌山貝塚線,27228,0,0.8,泉南市信達岡中,8321,泉南市信達岡中,7947,16268,1.31,0.53,16.4,32.6,34,60
27400630230,泉佐野岩出線（新）,和歌山貝塚線,大阪和泉泉南線,27228,0,0.4,泉南市信達岡中,8321,泉南市信達岡中,7947,16268,1.31,0.56,27.2,32.4,26,60
27400630240,泉佐野岩出線（新）,大阪和泉泉南線,阪和自動車道,27228,0,0.3,泉南市信達岡中,8321,泉南市信達岡中,7947,16268,1.31,0.55,25.7,23.8,26,60
27400630250,泉佐野岩出線（新）,阪和自動車道,泉佐野岩出線,27228,0,1.4,泉南市信達岡中,8321,泉南市信達岡中,7947,16268,1.31,0.53,49.3,32.3,26,60
27400630260,泉佐野岩出線（新）,泉佐野岩出線,泉佐野岩出線,27228,0,1.2,泉南市信達岡中,8321,泉南市信達岡中,7947,16268,1.31,0.6,42.2,51.6,34,60
27400640010,和歌山貝塚線,和歌山貝塚線,自然田鳥取荘停車場線,27232,0,3.9,阪南市山中渓,856,阪南市山中渓,1217,2073,1.25,0.29,39.7,38.2,10.25,40
27400640020,和歌山貝塚線,自然田鳥取荘停車場線,阪南市・泉南市境,27232,0,0.6,泉南市信達市場,1781,泉南市信達市場,1143,2924,1.3,0.46,19.6,21,10.25,20
27400640030,和歌山貝塚線,阪南市・泉南市境,泉佐野岩出線（新）,27228,0,0.5,泉南市信達市場,1781,泉南市信達市場,1143,2924,1.3,0.32,26.3,18.8,10.25,20
27400640040,和歌山貝塚線,泉佐野岩出線（新）,（元）泉佐野岩出線,27228,0,1.2,泉南市信達市場,1781,泉南市信達市場,1143,2924,1.3,0.26,26.4,23.8,10.5,20
27400640050,和歌山貝塚線,（元）泉佐野岩出線,和泉砂川停車場線,27228,0,0.4,泉南市信達市場,1781,泉南市信達市場,1143,2924,1.3,0.51,18.5,,6.5,20
27400640060,和歌山貝塚線,和泉砂川停車場線,大苗代岡田浦停車場線,27228,0,1.4,泉南市信達市場,1781,泉南市信達市場,1143,2924,1.3,8.79,23.4,16.5,5.35,20
27400640070,和歌山貝塚線,大苗代岡田浦停車場線,泉南市・泉佐野市境,27228,0,1,泉南市信達市場,1781,泉南市信達市場,1143,2924,1.3,0.47,23.7,,6.4,20
27400640080,和歌山貝塚線,泉南市・泉佐野市境,新家田尻線,27213,0,0.7,泉南市信達市場,1781,泉南市信達市場,1143,2924,1.3,8.79,23.3,25.3,5.05,20
27400640090,和歌山貝塚線,新家田尻線,日根野羽倉崎線,27213,0,1.1,泉南市信達市場,1781,泉南市信達市場,1143,2924,1.3,0.39,24.3,27.5,10.25,20
27400640100,和歌山貝塚線,日根野羽倉崎線,日根野羽倉崎線,27213,0,0.2,泉南市信達市場,1781,泉南市信達市場,1143,2924,1.3,0.46,14.6,18.3,10.25,20
27400640110,和歌山貝塚線,日根野羽倉崎線,一般国道４８１号,27213,0,1.1,泉佐野市中庄町,3293,泉佐野市中庄町,3621,6914,1.26,0.68,24.6,24.6,10.25,20
27400640120,和歌山貝塚線,一般国道４８１号,,27213,0,0.1,泉佐野市中庄町,3293,泉佐野市中庄町,3621,6914,1.26,0.81,8.7,21.6,10.25,20
27400640130,和歌山貝塚線,,土丸栄線,27213,0,1.2,泉佐野市中庄町,3293,泉佐野市中庄町,3621,6914,1.26,0.71,23.9,22.9,10.25,20
27400640140,和歌山貝塚線,土丸栄線,一般国道２６号,27213,0,0.1,泉佐野市中庄町,3293,泉佐野市中庄町,3621,6914,1.26,0.81,12,6,10.25,20
27400640150,和歌山貝塚線,一般国道２６号,土丸栄線,27213,0,0.3,泉佐野市中庄町,3293,泉佐野市中庄町,3621,6914,1.26,0.78,7,12.7,10.25,20
27400640160,和歌山貝塚線,土丸栄線,泉佐野打田線,27213,0,1,泉佐野市中庄町,3293,泉佐野市中庄町,3621,6914,1.26,0.68,18.5,19.1,10.25,20
27400640170,和歌山貝塚線,泉佐野打田線,枚方富田林泉佐野線,27213,0,0.5,泉佐野市中庄町,3293,泉佐野市中庄町,3621,6914,1.26,0.72,23.8,18.4,10.25,20
27400640180,和歌山貝塚線,枚方富田林泉佐野線,一般国道２６号,27213,0,0.7,泉佐野市中庄町,3293,泉佐野市中庄町,3621,6914,1.26,0.7,15.9,10.4,10.25,20
27400640190,和歌山貝塚線,一般国道２６号,泉佐野熊取線,27213,0,0.6,泉佐野市中庄町,3293,泉佐野市中庄町,3621,6914,1.26,0.71,11.2,15.1,10.25,20
27400640200,和歌山貝塚線,泉佐野熊取線,大阪和泉泉南線,27213,0,0.1,泉佐野市中庄町,3293,泉佐野市中庄町,3621,6914,1.26,0.81,11.5,10.4,10.25,20
27400640220,和歌山貝塚線,大阪和泉泉南線,一般国道２６号,27208,0,0.5,貝塚市澤,1693,貝塚市澤,1709,3402,1.31,0.27,11.7,10.1,8.6,40
27400640230,和歌山貝塚線,一般国道２６号,堺阪南線,27208,0,1,貝塚市澤,1693,貝塚市澤,1709,3402,1.31,0.28,11,14,8.6,40
27400640240,和歌山貝塚線,堺阪南線,大阪臨海線,27208,0,0.5,貝塚市澤,1693,貝塚市澤,1709,3402,1.31,0.33,17.9,11.7,8.6,40
27400640250,和歌山貝塚線,大阪臨海線,,27208,0,0.2,貝塚市澤,1693,貝塚市澤,1709,3402,1.31,0.33,10.2,21.5,8.6,40
27400650010,岬加太港線,和歌山阪南線,木ノ本岬線,27366,0,2,泉南郡岬町多奈川小島455,605,泉南郡岬町多奈川小島455,568,1173,1.31,0.15,22.8,30.2,10.2,40
27400650020,岬加太港線,木ノ本岬線,木ノ本岬線,27366,0,0.1,泉南郡岬町多奈川小島455,605,泉南郡岬町多奈川小島455,568,1173,1.31,0.13,21.6,18.5,12,40
27400650030,岬加太港線,木ノ本岬線,岬加太港線（旧）,27366,0,0.4,泉南郡岬町多奈川小島455,605,泉南郡岬町多奈川小島455,568,1173,1.31,0.13,25.1,26.7,12,40
27400650040,岬加太港線,岬加太港線（旧）,岬加太港線（旧）,27366,0,0.3,泉南郡岬町多奈川小島455,605,泉南郡岬町多奈川小島455,568,1173,1.31,0.13,24.6,32.9,12,40
27400650050,岬加太港線,岬加太港線（旧）,岬加太港線,27366,0,3,泉南郡岬町多奈川小島455,605,泉南郡岬町多奈川小島455,568,1173,1.31,0.1,40.8,42.4,12,40
27400650070,岬加太港線（旧）,岬加太港線,岬加太港線,27366,0,0.4,,3554,,3225,6779,1.31,0.32,24.1,15.8,11.9,40
27400670010,西京高槻線,西京高槻線,柳谷島本線,27301,0,0.7,高槻市梶原２丁目,784,高槻市梶原２丁目,963,1747,1.22,0.32,28.9,22.8,11.5,30
27400670020,西京高槻線,柳谷島本線,,27301,0,1.3,高槻市梶原２丁目,784,高槻市梶原２丁目,963,1747,1.22,0.41,,22.6,6,30
27400670030,西京高槻線,,島本町・高槻市境,27301,0,0.9,高槻市梶原２丁目,784,高槻市梶原２丁目,963,1747,1.22,0.32,20.8,22.6,8.5,30
27400670034,西京高槻線,島本町・高槻市境,西京高槻線,27207,0,0.7,高槻市梶原２丁目,784,高槻市梶原２丁目,963,1747,1.22,0.27,17.9,26.2,7.75,30
27400670037,西京高槻線,西京高槻線,西京高槻線,27207,0,1.3,高槻市梶原２丁目,784,高槻市梶原２丁目,963,1747,1.22,0.27,28.4,25.5,7.75,30
27400670040,西京高槻線,西京高槻線,安満前島線,27207,0,0.3,高槻市梶原２丁目,784,高槻市梶原２丁目,963,1747,1.22,0.27,28.8,27,7.75,30
27400670050,西京高槻線,安満前島線,伏見柳谷高槻線,27207,0,1.5,高槻市梶原２丁目,784,高槻市梶原２丁目,963,1747,1.22,0.27,23.7,23.8,7.75,30
27400670060,西京高槻線,伏見柳谷高槻線,枚方亀岡線,27207,0,1.7,高槻市梶原２丁目,784,高槻市梶原２丁目,963,1747,1.22,0.31,11.6,14,12,40
27400670080,西京高槻線,西京高槻線,西京高槻線,27207,0,0.3,,,,,,,,29,29.9,13,30
27303070030,枚方山城線,一般国道３０７号,,27210,0,0.9,枚方市尊延寺941,2771,枚方市尊延寺941,2917,5688,1.21,1.59,32.8,28.7,9.4,40
27400710010,枚方山城線,,枚方山城線,27210,0,1.1,枚方市尊延寺941,2771,枚方市尊延寺941,2917,5688,1.21,1.59,25.7,27.1,9.4,40
27400790010,伏見柳谷高槻線,伏見柳谷高槻線,島本町・高槻市境,27301,0,2.2,,1334,,1490,2824,1.17,0.56,27.1,38.4,6.8,30
27400790014,伏見柳谷高槻線,島本町・高槻市境,,27207,0,3.3,,1334,,1490,2824,1.17,0.53,33.3,34.5,9,30
27400790080,伏見柳谷高槻線,,,27207,0,0.5,,,,,,,,33.5,37.3,18.3,30
27400790015,伏見柳谷高槻線,,伏見柳谷高槻線,27207,0,2.4,,1334,,1490,2824,1.17,0.56,33.8,31.6,9.8,30
27400790020,伏見柳谷高槻線,伏見柳谷高槻線,伏見柳谷高槻線,27207,0,0.5,高槻市成合北の町,2059,高槻市成合北の町,2169,4228,1.17,0.32,17.5,20.9,21.8,30
27400790030,伏見柳谷高槻線,伏見柳谷高槻線,西京高槻線,27207,0,1,高槻市成合北の町,2059,高槻市成合北の町,2169,4228,1.17,0.57,19,12.7,12,30
27400790040,伏見柳谷高槻線,西京高槻線,一般国道１７０号,27207,0,0.9,高槻市八丁畷町,9695,高槻市八丁畷町,10877,20572,1.32,1.28,10.7,16.6,16,40
27810290010,伏見柳谷高槻線,伏見柳谷高槻線,新名神高速道路（高槻連絡路）,27207,0,0.7,,,,,,,,37.7,42.5,16.6,40
27400790100,伏見柳谷高槻線,新名神高速道路（高槻連絡路）,伏見柳谷高槻線,27207,1,1.2,,,,,,,,59.2,58.7,16.6,40
27400790060,伏見柳谷高槻線,伏見柳谷高槻線,一般国道１７１号,27207,0,2.6,高槻市梶原６丁目,5303,高槻市梶原６丁目,5979,11282,1.28,1.48,47.5,21,8.3,40
27400990010,伊丹豊中線,伊丹豊中線,大阪池田線,27203,0,0.8,豊中市走井３丁目,8969,豊中市走井３丁目,8329,17298,1.35,0.84,23.3,14,18,40
27400990020,伊丹豊中線,大阪池田線,,27203,0,1,豊中市岡町北３丁目,7450,豊中市岡町北３丁目,7200,14650,1.31,1,14,10.7,18.2,40
27400990030,伊丹豊中線,,一般国道１７６号,27203,0,0.4,豊中市岡町北３丁目,7450,豊中市岡町北３丁目,7200,14650,1.31,1,10.3,7,14.1,40
27401790010,住吉八尾線,,大阪臨海線,27125,0,1.4,大阪市住之江区緑木１丁目,10593,大阪市住之江区緑木１丁目,12282,22875,1.33,1.26,16.2,12.3,25,60
27401790030,住吉八尾線,大阪臨海線,一般国道２６号,27125,0,0.9,大阪市住吉区遠里小野１丁目,4015,大阪市住吉区遠里小野１丁目,4722,8737,1.27,0.83,13,9.6,15,40
27401790040,住吉八尾線,一般国道２６号,住吉八尾線,27125,0,0.5,大阪市住吉区遠里小野１丁目,4015,大阪市住吉区遠里小野１丁目,4722,8737,1.27,0.83,6.3,15.8,15,40
27401790050,住吉八尾線,住吉八尾線,住吉八尾線,27125,0,0.3,,,,,,,,8.1,9.5,15,40
27401790060,住吉八尾線,住吉八尾線,大阪和泉泉南線,27120,0,0.2,,3419,,4560,7979,1.27,1.04,9.9,5.2,15,40
27401790070,住吉八尾線,大阪和泉泉南線,住吉八尾線,27120,0,1.2,,3419,,4560,7979,1.27,1.04,10.2,6.5,15,40
27401790080,住吉八尾線,住吉八尾線,住吉八尾線,27120,0,0.1,,3419,,4560,7979,1.27,1.04,15.8,25.3,15,40
27401790090,住吉八尾線,住吉八尾線,住吉八尾線,27120,0,0.1,,3419,,4560,7979,1.27,1.04,25.8,23.7,15,40
27401790100,住吉八尾線,住吉八尾線,大阪高石線,27120,0,0.8,,3419,,4560,7979,1.27,1.04,17.2,10.4,15,40
27401790110,住吉八尾線,大阪高石線,大阪市住吉区・大阪市東住吉区境,27120,0,0.9,大阪市住吉区苅田8丁目,2283,大阪市住吉区苅田8丁目,2410,4693,1.32,0.48,13.4,18.4,15,40
27401790120,住吉八尾線,大阪市住吉区・大阪市東住吉区境,大阪狭山線,27121,0,0.5,大阪市住吉区苅田8丁目,2283,大阪市住吉区苅田8丁目,2410,4693,1.32,0.36,24,10.8,15,40
27401790130,住吉八尾線,大阪狭山線,大阪狭山線,27121,0,0.3,大阪市住吉区苅田8丁目,2283,大阪市住吉区苅田8丁目,2410,4693,1.32,0.36,17.2,16,15,40
27401790150,住吉八尾線,,,27121,0,0.1,,,,,,,,15.9,84.2,15,40
27401790170,住吉八尾線,,大阪市東住吉区・大阪市平野区境,27121,0,1.1,,,,,,,,79.7,79.7,15,40
27401790200,住吉八尾線,住吉八尾線,大阪市住之江区・大阪市住吉区境,27125,0,0.1,,3419,,4560,7979,1.27,0.82,17.1,5.1,9,40
27401790210,住吉八尾線,大阪市住之江区・大阪市住吉区境,住吉八尾線,27120,0,0.2,,3419,,4560,7979,1.27,0.82,25.7,8,9,40
27401790230,住吉八尾線,住吉八尾線,大阪高石線,27120,0,1.3,,3419,,4560,7979,1.27,0.77,18.4,18.6,15,40
27401790250,住吉八尾線,住吉八尾線,住吉八尾線,27120,0,0.2,,3419,,4560,7979,1.27,0.82,22.7,11.5,15,40
27500150010,大阪環状線,南北線,一般国道４２３号,27127,0,0.3,大阪市北区中崎１丁目,8462,大阪市北区中崎１丁目,4542,13004,1.31,0.61,11.4,14.1,26.5,50
27500150020,大阪環状線,一般国道４２３号,大阪高槻京都線,27127,0,1.1,大阪市北区中崎１丁目,8462,大阪市北区中崎１丁目,4542,13004,1.31,0.61,16.6,17.3,26.5,50
27500150030,大阪環状線,大阪高槻京都線,天満橋筋線,27127,0,0.5,大阪市北区菅栄町,11792,大阪市北区菅栄町,14959,26751,1.35,0.93,10.6,11.5,27,50
27500150040,大阪環状線,天満橋筋線,大阪市北区・大阪市都島区境,27127,0,0.3,大阪市北区菅栄町,11792,大阪市北区菅栄町,14959,26751,1.35,0.93,9.9,23.2,27,50
27500150050,大阪環状線,大阪市北区・大阪市都島区境,赤川天王寺線,27102,0,0.7,大阪市北区菅栄町,11792,大阪市北区菅栄町,14959,26751,1.35,0.93,21.9,11.9,27,50
27500150060,大阪環状線,赤川天王寺線,上新庄生野線,27102,0,1.1,大阪市都島区都島本通３丁目,10065,大阪市都島区都島本通３丁目,10427,20492,1.33,0.7,12,17.3,27,50
27500150070,大阪環状線,上新庄生野線,一般国道１号,27118,0,0.8,,3224,,3417,6641,1.26,0.28,11.8,8.3,27,50
27500150090,大阪環状線,一般国道１号,石切大阪線,27118,0,0.4,大阪市城東区東中浜３丁目,13096,大阪市城東区東中浜３丁目,12797,25893,1.34,0.83,8.5,13.7,25,60
27500150100,大阪環状線,石切大阪線,片町徳庵線,27118,0,0.3,大阪市城東区東中浜３丁目,13096,大阪市城東区東中浜３丁目,12797,25893,1.34,0.83,11.4,18.6,25,60
27500150110,大阪環状線,片町徳庵線,大阪市城東区・大阪市東成区境,27118,0,1.3,大阪市城東区東中浜３丁目,13096,大阪市城東区東中浜３丁目,12797,25893,1.34,0.83,21,24.5,25,60
27500150120,大阪環状線,大阪市城東区・大阪市東成区境,築港深江線,27115,0,0.1,大阪市城東区東中浜３丁目,13096,大阪市城東区東中浜３丁目,12797,25893,1.34,0.83,16.8,10,25,60
27500150130,大阪環状線,築港深江線,一般国道３０８号,27115,0,1.3,大阪市城東区東中浜３丁目,13096,大阪市城東区東中浜３丁目,12797,25893,1.34,0.83,22.2,13.6,25,60
27500150150,大阪環状線,四天王寺巽線,巽生野加美線,27116,0,1.2,大阪市東住吉区杭全6丁目,10311,大阪市東住吉区杭全6丁目,11825,22136,1.4,0.91,20.2,25.9,25,60
27500150160,大阪環状線,巽生野加美線,大阪市生野区・大阪市東住吉区境,27116,0,0.2,大阪市東住吉区杭全6丁目,10311,大阪市東住吉区杭全6丁目,11825,22136,1.4,0.91,23.9,20.6,25,60
27500150170,大阪環状線,大阪市生野区・大阪市東住吉区境,一般国道２５号,27121,0,0.5,大阪市東住吉区杭全6丁目,10311,大阪市東住吉区杭全6丁目,11825,22136,1.4,0.95,13.4,9.6,25,60
27500150180,大阪環状線,一般国道２５号,木津川平野線,27121,0,0.7,大阪市東住吉区杭全6丁目,10311,大阪市東住吉区杭全6丁目,11825,22136,1.4,0.95,8.4,21.2,25,60
27500150190,大阪環状線,木津川平野線,大阪港八尾線,27121,0,1,,10719,,6080,16799,1.31,1.07,23.3,19.5,25,60
27500160010,天神橋天王寺線,恵美須南森町線,大阪市北区・大阪市中央区境,27127,0,0.4,,0,,21631,21631,1.33,0.43,,25.8,25,60
27500160020,天神橋天王寺線,大阪市北区・大阪市中央区境,石切大阪線,27128,0,0.1,,0,,21631,21631,1.33,0.43,,12.7,25,60
27500160030,天神橋天王寺線,石切大阪線,本町左専道線,27128,0,0.7,,0,,21631,21631,1.33,0.43,,22.5,25,60
27500160040,天神橋天王寺線,本町左専道線,築港深江線,27128,0,0.2,,0,,21631,21631,1.33,0.43,,18,25,60
27500160050,天神橋天王寺線,築港深江線,市道,27128,0,0.3,,0,,21631,21631,1.33,0.43,,25.9,25,60
27500160060,天神橋天王寺線,市道,一般国道３０８号,27128,0,0.4,,0,,21631,21631,1.33,0.43,,22.2,25,60
27500160070,天神橋天王寺線,一般国道３０８号,市道,27128,0,0.1,,,大阪市天王寺区下寺町１丁目,17480,17480,1.32,0.29,,22.9,25,60
27500160080,天神橋天王寺線,市道,大阪枚岡奈良線,27128,0,0.8,,,大阪市天王寺区下寺町１丁目,17480,17480,1.32,0.29,,18,25,60
27500160090,天神橋天王寺線,大阪枚岡奈良線,大阪市中央区・大阪市天王寺区境,27128,0,0.2,,,大阪市天王寺区下寺町１丁目,17480,17480,1.32,0.29,,30.6,25,60
27500160100,天神橋天王寺線,大阪市中央区・大阪市天王寺区境,市道,27109,0,0.5,,,大阪市天王寺区下寺町１丁目,17480,17480,1.32,0.29,,20.9,25,60
27500160110,天神橋天王寺線,市道,一般国道２５号,27109,0,0.7,,,大阪市天王寺区下寺町１丁目,17480,17480,1.32,0.54,19.8,18.3,25,60
27500170010,難波境川線,一般国道２５号,高速大阪堺線,27128,0,0.2,,14511,,12997,27508,1.35,0.5,16.6,20,50,60
27500170020,難波境川線,高速大阪堺線,南北線,27111,0,0.2,,14511,,12997,27508,1.35,0.5,13.7,20.7,50,60
27500170030,難波境川線,南北線,高速大阪堺線,27111,0,0.2,,14511,,12997,27508,1.35,0.5,13.7,20.7,50,60
27500170050,難波境川線,高速大阪堺線,大阪伊丹線,27111,0,0.3,,14511,,12997,27508,1.35,0.52,12.1,16.1,50,60
27500170060,難波境川線,大阪伊丹線,大阪臨海線,27111,0,0.4,,14511,,12997,27508,1.35,0.52,13.3,20.7,50,60
27500170070,難波境川線,大阪臨海線,大阪市浪速区・大阪市大正区境,27111,0,0.5,,14511,,12997,27508,1.35,0.52,12.9,21,50,60
27500170080,難波境川線,大阪市浪速区・大阪市大正区境,大阪八尾線,27108,0,0.2,,14511,,12997,27508,1.35,0.5,21.1,10.7,50,60
27500170090,難波境川線,大阪八尾線,大阪市大正区・大阪市西区境,27108,0,0.3,,14511,,12997,27508,1.35,0.5,11,14.2,50,60
27500170100,難波境川線,大阪市大正区・大阪市西区境,一般国道１７２号,27106,0,0.5,,14511,,12997,27508,1.35,0.5,19.9,15.4,50,60
27500180010,福島桜島線,一般国道２号,九条梅田線,27103,0,0.8,,11249,,12199,23448,1.33,0.5,12.6,14.6,40,50
27500180020,福島桜島線,九条梅田線,大阪市福島区・大阪市此花区境,27103,0,0.5,,11249,,12199,23448,1.33,0.5,14.6,22.7,40,50
27500180030,福島桜島線,大阪市福島区・大阪市此花区境,福島桜島線,27104,0,0.7,,11249,,12199,23448,1.33,0.89,29.6,19.9,29.05,50
27500180040,福島桜島線,福島桜島線,一般国道４３号,27104,0,0.5,大阪市此花区島屋１丁目,9889,大阪市此花区島屋１丁目,10444,20333,1.33,0.82,12.2,11.5,29.05,50
27500180050,福島桜島線,一般国道４３号,高速道路淀川左岸線,27104,0,3.1,大阪市此花区島屋１丁目,9889,大阪市此花区島屋１丁目,10444,20333,1.33,0.82,14.9,17.6,29.05,50
27500180060,福島桜島線,高速道路淀川左岸線,高速道路淀川左岸線,27104,0,0.6,大阪市此花区島屋１丁目,9889,大阪市此花区島屋１丁目,10444,20333,1.33,0.82,15,26,29.05,50
27500180080,福島桜島線,一般国道２号,大阪臨海線,27103,0,0.5,大阪市福島区野田５丁目,5313,大阪市福島区野田５丁目,4594,9907,1.28,0.8,12.7,13.8,19,50
27500180090,福島桜島線,大阪臨海線,大阪臨海線,27103,0,0.2,大阪市福島区野田５丁目,5313,大阪市福島区野田５丁目,4594,9907,1.28,0.8,9.6,8.7,19,50
27500180100,福島桜島線,大阪臨海線,九条梅田線,27103,0,0.7,大阪市福島区野田５丁目,5313,大阪市福島区野田５丁目,4594,9907,1.28,0.8,18.4,21.4,19,50
27500180110,福島桜島線,九条梅田線,大阪市福島区・大阪市此花区境,27103,0,0.1,大阪市福島区野田５丁目,5313,大阪市福島区野田５丁目,4594,9907,1.28,0.8,27.8,18,19,50
27500180120,福島桜島線,大阪市福島区・大阪市此花区境,福島桜島線,27104,0,1.1,大阪市福島区野田５丁目,5313,大阪市福島区野田５丁目,4594,9907,1.28,0.79,24.4,19.6,19,50
27500190010,福町浜町線,一般国道４３号,,27113,0,1.6,大阪市西淀川区姫島６丁目,2212,大阪市西淀川区姫島６丁目,3159,5371,1.25,0.99,15.6,12.7,15,40
27500190020,福町浜町線,,一般国道２号,27113,0,0.4,大阪市西淀川区柏里１丁目,3746,大阪市西淀川区柏里１丁目,4627,8373,1.27,0.73,14.7,7.7,15,40
27500190030,福町浜町線,一般国道２号,高速大阪池田線,27113,0,0.8,大阪市西淀川区柏里１丁目,3746,大阪市西淀川区柏里１丁目,4627,8373,1.27,0.73,15.5,15.7,15,40
27500190040,福町浜町線,高速大阪池田線,淀川北岸線,27123,0,0.8,大阪市西淀川区柏里１丁目,3746,大阪市西淀川区柏里１丁目,4627,8373,1.27,0.73,21.2,17.4,15,40
27500190050,福町浜町線,淀川北岸線,一般国道１７６号,27123,0,0.3,大阪市西淀川区柏里１丁目,3746,大阪市西淀川区柏里１丁目,4627,8373,1.27,0.73,17.5,8.7,15,40
27500200010,中津太子橋線,一般国道１７６号,一般国道４２３号,27127,0,0.7,大阪市北区本庄西３丁目,10714,大阪市北区本庄西３丁目,13784,24498,1.33,0.97,12.3,21,25,50
27500200020,中津太子橋線,一般国道４２３号,大阪高槻京都線,27127,0,1,大阪市北区本庄西３丁目,10714,大阪市北区本庄西３丁目,13784,24498,1.33,0.97,23.2,12.1,25,50
27500200030,中津太子橋線,大阪高槻京都線,大阪市北区・大阪市都島区境,27127,0,0.9,大阪市都島区毛馬町２丁目,11604,大阪市都島区毛馬町２丁目,11427,23031,1.33,0.87,13.9,22.8,25,50
27500200040,中津太子橋線,大阪市北区・大阪市都島区境,大阪市都島区・大阪市旭区境,27102,0,1.3,大阪市都島区毛馬町２丁目,11604,大阪市都島区毛馬町２丁目,11427,23031,1.33,0.87,20.2,20.7,25,50
27500200050,中津太子橋線,大阪市都島区・大阪市旭区境,赤川天王寺線,27117,0,0.2,大阪市都島区毛馬町２丁目,11604,大阪市都島区毛馬町２丁目,11427,23031,1.33,0.93,13.2,15.8,25.15,50
27500200060,中津太子橋線,赤川天王寺線,上新庄生野線,27117,0,0.7,大阪市旭区中宮５丁目,10591,大阪市旭区中宮５丁目,10987,21578,1.38,0.89,20.7,27.2,25.15,50
27500200070,中津太子橋線,上新庄生野線,一般国道１号,27117,0,1.3,大阪市旭区中宮５丁目,10591,大阪市旭区中宮５丁目,10987,21578,1.38,0.89,27.8,10.5,25.15,50
27500210010,築港深江線,一般国道１７２号,一般国道４３号,27107,0,1.8,大阪市西区九条南３丁目,11281,大阪市西区九条南３丁目,11230,22511,1.34,0.63,22.1,17.1,76.5,60
27500210020,築港深江線,一般国道４３号,高速大阪東大阪線,27107,0,0.5,大阪市西区九条南３丁目,11281,大阪市西区九条南３丁目,11230,22511,1.34,0.63,18.5,19.1,76.5,60
27500210030,築港深江線,高速大阪東大阪線,大阪市港区・大阪市西区境,27107,0,0.2,大阪市西区九条南３丁目,11281,大阪市西区九条南３丁目,11230,22511,1.34,0.63,27.2,18,76.5,60
27500210040,築港深江線,大阪市港区・大阪市西区境,九条中通線,27106,0,0.5,大阪市西区九条南３丁目,11281,大阪市西区九条南３丁目,11230,22511,1.34,0.39,27.1,24.4,80.1,60
27500210050,築港深江線,九条中通線,高速大阪東大阪線,27106,0,0.3,大阪市西区九条南３丁目,11281,大阪市西区九条南３丁目,11230,22511,1.34,0.39,22.5,13,80.1,60
27500210060,築港深江線,高速大阪東大阪線,一般国道１７２号,27106,0,0.6,大阪市西区九条南３丁目,11281,大阪市西区九条南３丁目,11230,22511,1.34,0.39,25.8,13.5,80.1,60
27500210070,築港深江線,一般国道１７２号,大阪臨海線,27106,0,0.5,大阪市西区西本町２丁目,14601,大阪市西区西本町２丁目,14267,28868,1.34,0.49,31.7,31.7,80.1,60
27500210080,築港深江線,大阪臨海線,大阪伊丹線,27106,0,0.6,大阪市西区西本町２丁目,14601,大阪市西区西本町２丁目,14267,28868,1.34,0.49,18.2,14.7,80.1,60
27500210090,築港深江線,大阪伊丹線,南北線,27106,0,0.4,大阪市西区西本町２丁目,14601,大阪市西区西本町２丁目,14267,28868,1.34,0.49,18.6,12.9,80.1,60
27500210100,築港深江線,南北線,高速大阪東大阪線,27106,0,0.1,大阪市西区西本町２丁目,14601,大阪市西区西本町２丁目,14267,28868,1.34,0.49,22.1,11.7,80.1,60
27500210110,築港深江線,高速大阪東大阪線,築港深江線,27106,0,0.1,大阪市西区西本町２丁目,14601,大阪市西区西本町２丁目,14267,28868,1.34,0.49,14.5,15.4,80.1,60
27500210120,築港深江線,築港深江線,築港深江線,27128,0,1,大阪市中央区常盤町２丁目,28483,大阪市中央区常盤町２丁目,26401,54884,1.36,1.27,20.3,32.2,80,60
27500210130,築港深江線,築港深江線,天神橋天王寺線,27128,0,0.3,大阪市中央区常盤町２丁目,28483,大阪市中央区常盤町２丁目,26401,54884,1.36,1.27,31.7,28.6,80,60
27500210140,築港深江線,天神橋天王寺線,築港深江線,27128,0,0.1,大阪市中央区常盤町２丁目,28483,大阪市中央区常盤町２丁目,26401,54884,1.36,1.27,13.1,20.1,80,60
27500210150,築港深江線,築港深江線,高速大阪東大阪線,27128,0,0.7,大阪市中央区常盤町２丁目,28483,大阪市中央区常盤町２丁目,26401,54884,1.36,1.27,28.2,9.8,80,60
27500210160,築港深江線,高速大阪東大阪線,赤川天王寺線,27128,0,0.1,大阪市中央区常盤町２丁目,28483,大阪市中央区常盤町２丁目,26401,54884,1.36,1.27,22.8,7,80,60
27500210170,築港深江線,赤川天王寺線,高速大阪東大阪線,27128,0,0.8,大阪市城東区森之宮２丁目,26486,大阪市城東区森之宮２丁目,27854,54340,1.38,1.35,17.8,17.9,80,60
27500210180,築港深江線,高速大阪東大阪線,恵美須城東線,27128,0,0.4,大阪市城東区森之宮２丁目,26486,大阪市城東区森之宮２丁目,27854,54340,1.38,1.35,21.7,13.2,80,60
27500210190,築港深江線,恵美須城東線,上新庄生野線,27115,0,0.4,大阪市城東区森之宮２丁目,26486,大阪市城東区森之宮２丁目,27854,54340,1.38,0.99,13.7,16,80,50
27500210200,築港深江線,上新庄生野線,大阪環状線,27115,0,0.7,大阪市城東区森之宮２丁目,26486,大阪市城東区森之宮２丁目,27854,54340,1.38,0.99,10.1,23.5,80,50
27500210210,築港深江線,大阪環状線,一般国道３０８号,27115,0,1.2,大阪市城東区森之宮２丁目,26486,大阪市城東区森之宮２丁目,27854,54340,1.38,0.99,15,21.3,80,50
27500210230,築港深江線,築港深江線,,27106,0,0,大阪市中央区船場中央３丁目,9712,大阪市中央区船場中央３丁目,11262,20974,1.33,0.61,12.2,16.4,80,40
27500210240,築港深江線,,大阪市西区・大阪市中央区境,27106,0,0,大阪市中央区船場中央３丁目,9712,大阪市中央区船場中央３丁目,11262,20974,1.33,0.61,10.4,19.2,80,40
27500210250,築港深江線,大阪市西区・大阪市中央区境,一般国道２５号,27128,0,0.2,大阪市中央区船場中央３丁目,9712,大阪市中央区船場中央３丁目,11262,20974,1.33,0.46,11.7,19.1,80,40
27500210260,築港深江線,一般国道２５号,恵美須南森町線,27128,0,0.5,大阪市中央区船場中央３丁目,9712,大阪市中央区船場中央３丁目,11262,20974,1.33,0.46,21.2,19.2,80,40
27500210270,築港深江線,恵美須南森町線,築港深江線,27128,0,0.5,大阪市中央区船場中央３丁目,9712,大阪市中央区船場中央３丁目,11262,20974,1.33,0.46,23.7,21.9,80,40
27500210290,築港深江線,築港深江線,大阪和泉泉南線,27128,0,0.5,大阪市中央区船場中央３丁目,9712,大阪市中央区船場中央３丁目,11262,20974,1.33,0.61,22.5,10.8,80,40
27500210300,築港深江線,大阪和泉泉南線,高速大阪東大阪線,27128,0,0.3,大阪市中央区船場中央３丁目,9712,大阪市中央区船場中央３丁目,11262,20974,1.33,0.61,15,7.6,80,40
27500220010,南北線,大阪環状線,一般国道１７６号,27127,0,0.1,大阪市西区京町堀１丁目,26427,,,26427,1.48,0.33,11.1,,29,50
27500220020,南北線,一般国道１７６号,一般国道２号,27127,0,0.6,大阪市西区京町堀１丁目,26427,,,26427,1.48,0.33,10.5,,29,50
27500220030,南北線,一般国道２号,高速大阪池田線,27127,0,0.4,大阪市西区京町堀１丁目,26427,,,26427,1.48,0.33,9.5,,29,50
27500220040,南北線,高速大阪池田線,江戸堀線,27127,0,0.3,大阪市西区京町堀１丁目,26427,,,26427,1.48,0.33,12.3,,29,50
27500220050,南北線,江戸堀線,市道,27106,0,0.1,大阪市西区京町堀１丁目,26427,,,26427,1.48,0.33,10.8,,29,50
27500220060,南北線,市道,一般国道１７２号,27106,0,0.9,大阪市西区京町堀１丁目,26427,,,26427,1.48,0.33,14.2,,29,50
27500220070,南北線,一般国道１７２号,築港深江線,27106,0,0.2,大阪市西区京町堀１丁目,26427,,,26427,1.48,0.33,14.8,,29,50
27500220080,南北線,築港深江線,大阪八尾線,27106,0,0.8,大阪市西区京町堀１丁目,26427,,,26427,1.48,0.33,16.5,,29,50
27500220090,南北線,大阪八尾線,市道,27106,0,0.1,大阪市西区京町堀１丁目,26427,,,26427,1.48,0.33,13.6,,29,50
27500220100,南北線,市道,難波境川線,27106,0,0.6,大阪市西区京町堀１丁目,26427,,,26427,1.48,0.33,16.5,,29,50
27500220130,南北線,,高速大阪堺線,27111,0,0.2,大阪市西区京町堀１丁目,26427,,,26427,1.48,0.33,16.1,,29,50
27500220140,南北線,高速大阪堺線,市道,27111,0,0.3,大阪市西区京町堀１丁目,26427,,,26427,1.48,0.33,25.3,,29,50
27500220150,南北線,市道,一般国道２５号,27111,0,0.3,大阪市西区京町堀１丁目,26427,,,26427,1.48,0.33,25.3,,29,50
27500230010,赤川天王寺線,中津太子橋線,大阪市旭区・大阪市都島区境,27117,0,0.4,大阪市都島区高倉町２丁目,5971,大阪市都島区高倉町２丁目,6050,12021,1.3,0.52,13.7,20.1,25.5,50
27500230020,赤川天王寺線,大阪市旭区・大阪市都島区境,高速大阪守口線,27102,0,0.2,大阪市都島区高倉町２丁目,5971,大阪市都島区高倉町２丁目,6050,12021,1.3,0.52,21.2,14.3,25.5,50
27500230030,赤川天王寺線,高速大阪守口線,大阪環状線,27102,0,1.5,大阪市都島区高倉町２丁目,5971,大阪市都島区高倉町２丁目,6050,12021,1.3,0.52,18.1,16.7,25.5,50
27500230040,赤川天王寺線,大阪環状線,一般国道１号,27102,0,1.4,大阪市都島区高倉町２丁目,5971,大阪市都島区高倉町２丁目,6050,12021,1.3,0.52,19.2,18,25.5,50
27500230050,赤川天王寺線,一般国道１号,石切大阪線,27102,0,0.9,大阪市中央区大手前２丁目,12109,大阪市中央区大手前２丁目,9201,21310,1.34,0.96,14.6,13.2,25.5,50
27500230060,赤川天王寺線,石切大阪線,本町左専道線,27128,0,1.1,大阪市中央区大手前２丁目,12109,大阪市中央区大手前２丁目,9201,21310,1.34,0.77,15.1,19.4,23,50
27500230070,赤川天王寺線,本町左専道線,築港深江線,27128,0,0.2,大阪市中央区大手前２丁目,12109,大阪市中央区大手前２丁目,9201,21310,1.34,0.77,19.1,14.2,23,50
27500230080,赤川天王寺線,築港深江線,一般国道３０８号,27128,0,0.6,大阪市天王寺区上本町３丁目,9718,大阪市天王寺区上本町３丁目,8185,17903,1.23,0.68,13.2,21.5,23,50
27500230090,赤川天王寺線,一般国道３０８号,大阪枚岡奈良線,27128,0,1.1,大阪市天王寺区上本町３丁目,9718,大阪市天王寺区上本町３丁目,8185,17903,1.23,0.68,18.1,21.8,23,50
27500230100,赤川天王寺線,大阪枚岡奈良線,四天王寺巽線,27109,0,1,大阪市天王寺区上本町３丁目,9718,大阪市天王寺区上本町３丁目,8185,17903,1.23,0.82,15,15.6,23,50
27500230110,赤川天王寺線,四天王寺巽線,一般国道２５号,27109,0,0.7,大阪市天王寺区上本町３丁目,9718,大阪市天王寺区上本町３丁目,8185,17903,1.23,0.82,18,14.2,23,50
27500240010,九条梅田線,福島桜島線,福島桜島線,27103,0,0.5,大阪市福島区鷺洲４丁目,5191,大阪市福島区鷺洲４丁目,6113,11304,1.28,0.56,18.2,14.5,25,40
27500240020,九条梅田線,福島桜島線,高速大阪西宮線,27103,0,0.5,大阪市福島区鷺洲４丁目,5191,大阪市福島区鷺洲４丁目,6113,11304,1.28,0.5,13.1,18.4,25,40
27500240030,九条梅田線,高速大阪西宮線,一般国道２号,27103,0,0.4,大阪市福島区鷺洲４丁目,5191,大阪市福島区鷺洲４丁目,6113,11304,1.28,0.5,16.1,7.7,25,40
27500240040,九条梅田線,一般国道２号,豊崎鷺洲線,27103,0,0.4,大阪市福島区鷺洲４丁目,5191,大阪市福島区鷺洲４丁目,6113,11304,1.28,0.5,14.7,15.8,25,40
27500240050,九条梅田線,豊崎鷺洲線,高速大阪池田線,27103,0,0.8,大阪市福島区鷺洲４丁目,5191,大阪市福島区鷺洲４丁目,6113,11304,1.28,0.5,18.1,22.5,25,40
27500240060,九条梅田線,高速大阪池田線,大阪市福島区・大阪市北区境,27103,0,0.1,大阪市福島区鷺洲４丁目,5191,大阪市福島区鷺洲４丁目,6113,11304,1.28,0.5,25.5,15.7,25,40
27500240070,九条梅田線,大阪市福島区・大阪市北区境,大阪市北区・大阪市福島区境,27127,0,0.1,,9327,,9820,19147,1.32,0.97,25.5,13.3,25,40
27500240080,九条梅田線,大阪市北区・大阪市福島区境,大阪伊丹線,27103,0,0.3,,5325,,6984,12309,1.29,0.71,15.4,10.5,25,40
27500240090,九条梅田線,大阪伊丹線,大阪市福島区・大阪市北区境,27103,0,0.2,,5325,,6984,12309,1.29,0.71,17.5,13.2,25,40
27500240100,九条梅田線,大阪市福島区・大阪市北区境,高速大阪池田線,27127,0,0.2,大阪市北区大深町,7772,大阪市北区大深町,6848,14620,1.29,0.64,13.4,10.5,25,40
27500240110,九条梅田線,高速大阪池田線,,27127,0,0.6,大阪市北区大深町,7772,大阪市北区大深町,6848,14620,1.29,0.64,17,15.4,25,40
27500240120,九条梅田線,,一般国道１７６号,27127,0,0.4,大阪市北区大深町,7772,大阪市北区大深町,6848,14620,1.29,0.64,9.7,12.5,25,40
27500250010,浪速鶴町線,一般国道２５号,大阪伊丹線,27111,0,0.7,大阪市浪速区久保吉2丁目,6441,大阪市浪速区久保吉2丁目,5809,12250,1.31,0.76,15.7,17.1,22.7,40
27500250020,浪速鶴町線,大阪伊丹線,大阪臨海線,27111,0,0.3,大阪市浪速区久保吉2丁目,6441,大阪市浪速区久保吉2丁目,5809,12250,1.31,0.76,11.6,11.3,22.7,40
27500250030,浪速鶴町線,大阪臨海線,大阪市浪速区・大阪市大正区境,27111,0,0.4,大阪市浪速区久保吉2丁目,6441,大阪市浪速区久保吉2丁目,5809,12250,1.31,0.76,14.5,21.1,22.7,40
27500250040,浪速鶴町線,大阪市浪速区・大阪市大正区境,大阪八尾線,27108,0,0.4,大阪市浪速区久保吉2丁目,6441,大阪市浪速区久保吉2丁目,5809,12250,1.31,0.56,26.8,13,22.7,40
27500250050,浪速鶴町線,大阪八尾線,一般国道４３号,27108,0,1.2,大阪市浪速区久保吉2丁目,6441,大阪市浪速区久保吉2丁目,5809,12250,1.31,0.56,16.6,21.4,22.7,40
27500250060,浪速鶴町線,一般国道４３号,,27108,0,1,大阪市浪速区久保吉2丁目,6441,大阪市浪速区久保吉2丁目,5809,12250,1.31,0.56,30,22.4,22.7,40
27500250070,浪速鶴町線,,大阪八尾線,27108,0,1.3,大阪市大正区鶴町４丁目,3788,大阪市大正区鶴町４丁目,3465,7253,1.27,0.39,22,19.1,22.7,40
27500260010,上新庄生野線,大阪高槻京都線,大阪高槻線,27114,0,0.6,大阪市旭区中宮１丁目,9689,大阪市旭区中宮１丁目,9529,19218,1.32,0.63,15.3,14.6,25.25,50
27500260020,上新庄生野線,大阪高槻線,大阪市東淀川区・大阪市旭区境,27114,0,0.9,大阪市旭区中宮１丁目,9689,大阪市旭区中宮１丁目,9529,19218,1.32,0.63,22.7,34,25.25,50
27500260030,上新庄生野線,大阪市東淀川区・大阪市旭区境,中津太子橋線,27117,0,0.6,大阪市旭区中宮１丁目,9689,大阪市旭区中宮１丁目,9529,19218,1.32,0.72,58.5,62.2,25.25,50
27500260040,上新庄生野線,中津太子橋線,高速大阪守口線,27117,0,0.8,大阪市旭区中宮１丁目,9689,大阪市旭区中宮１丁目,9529,19218,1.32,0.72,28.5,13.5,25.25,50
27500260050,上新庄生野線,高速大阪守口線,大阪市旭区・大阪市都島区境,27117,0,0.7,大阪市旭区中宮１丁目,9689,大阪市旭区中宮１丁目,9529,19218,1.32,0.72,19.2,28.2,25.25,50
27500260060,上新庄生野線,大阪市旭区・大阪市都島区境,大阪環状線,27102,0,0.7,大阪市旭区中宮１丁目,9689,大阪市旭区中宮１丁目,9529,19218,1.32,0.63,25.1,15.9,25.25,50
27500260080,上新庄生野線,,,27118,0,1,大阪市城東区蒲生２丁目,3499,大阪市城東区蒲生２丁目,2635,6134,1.26,1.37,10.4,10.4,14.4,30
27500260090,上新庄生野線,,,27118,0,0.4,大阪市城東区蒲生２丁目,3499,大阪市城東区蒲生２丁目,2635,6134,1.26,0.74,8.4,7.9,14.4,30
27500260100,上新庄生野線,,片町徳庵線,27118,0,0.4,大阪市城東区蒲生２丁目,3499,大阪市城東区蒲生２丁目,2635,6134,1.26,0.53,13.4,19.7,14.4,30
27500260120,上新庄生野線,片町徳庵線,築港深江線,27118,0,1.3,大阪市城東区鴫野西２丁目,6642,大阪市城東区鴫野西２丁目,6348,12990,1.29,0.56,24.6,16.1,25,40
27500260130,上新庄生野線,築港深江線,一般国道３０８号,27115,0,0.8,大阪市城東区鴫野西２丁目,6642,大阪市城東区鴫野西２丁目,6348,12990,1.29,1.03,15.6,18.9,24,40
27500260140,上新庄生野線,一般国道３０８号,大阪枚岡奈良線,27115,0,0.9,大阪市生野区鶴橋2丁目,5638,大阪市生野区鶴橋2丁目,4928,10566,1.35,0.78,17.3,18.6,24,40
27500260150,上新庄生野線,大阪枚岡奈良線,大阪市東成区・大阪市生野区境,27115,0,0.2,大阪市生野区鶴橋2丁目,5638,大阪市生野区鶴橋2丁目,4928,10566,1.35,0.78,7.2,16.6,24,40
27500260160,上新庄生野線,大阪市東成区・大阪市生野区境,四天王寺巽線,27116,0,1.2,大阪市生野区鶴橋2丁目,5638,大阪市生野区鶴橋2丁目,4928,10566,1.35,0.78,19.1,13.2,24,50
27500260170,上新庄生野線,四天王寺巽線,,27116,0,1.1,大阪市生野区鶴橋2丁目,5638,大阪市生野区鶴橋2丁目,4928,10566,1.35,0.78,18.9,18.9,24,50
27500260180,上新庄生野線,,一般国道２５号,27116,0,0,大阪市生野区鶴橋2丁目,5638,大阪市生野区鶴橋2丁目,4928,10566,1.35,0.78,26.1,13,24,50
27500270010,四天王寺巽線,大阪和泉泉南線,赤川天王寺線,27109,0,0.3,大阪市天王寺区上汐６丁目,5610,大阪市天王寺区上汐６丁目,5501,11111,1.29,0.46,9.5,12,23.6,40
27500270020,四天王寺巽線,赤川天王寺線,恵美須城東線,27109,0,0.7,大阪市天王寺区勝山１丁目,6823,大阪市天王寺区勝山１丁目,7703,14526,1.3,0.73,16.9,19.7,23.6,40
27500270030,四天王寺巽線,恵美須城東線,大阪市天王寺区・大阪市生野区境,27109,0,0.2,大阪市生野区勝山北３丁目,13460,大阪市生野区勝山北３丁目,14042,27502,1.34,1.33,14.1,23.2,23.6,40
27500270040,四天王寺巽線,大阪市天王寺区・大阪市生野区境,上新庄生野線,27116,0,0.5,大阪市生野区勝山北３丁目,13460,大阪市生野区勝山北３丁目,14042,27502,1.34,1.03,22,16.6,22.1,50
27500270050,四天王寺巽線,上新庄生野線,大阪環状線,27116,0,0.8,大阪市生野区勝山北３丁目,13460,大阪市生野区勝山北３丁目,14042,27502,1.34,1.03,22.9,14.9,22.1,50
27500280010,浜口南港線,一般国道２６号,大阪臨海線,27125,0,1.1,大阪市住之江区泉１丁目,9563,大阪市住之江区泉１丁目,11950,21513,1.33,1.45,16.5,15.7,25,50
27500280020,浜口南港線,大阪臨海線,市道,27125,0,3.4,大阪市住之江区泉１丁目,9563,大阪市住之江区泉１丁目,11950,21513,1.33,1.45,20.6,20.8,25,50
27500280030,浜口南港線,市道,高速湾岸線,27125,0,0.1,大阪市住之江区泉１丁目,9563,大阪市住之江区泉１丁目,11950,21513,1.33,1.45,11.1,10.6,25,50
27500280040,浜口南港線,高速湾岸線,市道,27125,0,0.7,大阪市住之江区泉１丁目,9563,大阪市住之江区泉１丁目,11950,21513,1.33,1.45,17.3,30.2,25,50
27601010010,大和田千舟線,一般国道４３号,大阪池田線,27113,0,0.2,大阪市西淀川区大和田４丁目,2500,大阪市西淀川区大和田４丁目,2448,4948,1.25,0.55,10.7,13.3,6,40
27601010030,大和田千舟線,大阪池田線,大阪池田線,27113,0,0.7,大阪市西淀川区大和田４丁目,2500,大阪市西淀川区大和田４丁目,2448,4948,1.25,0.47,9.5,15.1,12.6,40
27601020010,恵美須南森町線,一般国道２５号,高速大阪池田線,27111,0,0.1,,,大阪市浪速区日本橋３丁目,16895,16895,1.31,0.49,10.3,14.6,21.9,50
27601020020,恵美須南森町線,高速大阪池田線,大阪市浪速区・大阪市中央区境,27111,0,0.9,,,大阪市浪速区日本橋３丁目,16895,16895,1.31,0.49,16,20.7,21.9,50
27601020030,恵美須南森町線,大阪市浪速区・大阪市中央区境,大阪枚岡奈良線,27128,0,0.4,,,大阪市浪速区日本橋３丁目,16895,16895,1.31,0.29,,14.7,21.95,50
27601020040,恵美須南森町線,大阪枚岡奈良線,一般国道３０８号,27128,0,0.9,,,大阪市浪速区日本橋３丁目,16895,16895,1.31,0.29,,15.4,21.95,50
27601020050,恵美須南森町線,一般国道３０８号,築港深江線,27128,0,0.7,,,大阪市中央区備後町2丁目,32724,32724,1.53,0.55,,15.3,21.95,50
27601020060,恵美須南森町線,築港深江線,本町左専道線,27128,0,0.2,,,大阪市中央区備後町2丁目,32724,32724,1.53,0.55,,14.8,21.95,50
27601020070,恵美須南森町線,本町左専道線,石切大阪線,27128,0,0.9,,,大阪市中央区備後町2丁目,32724,32724,1.53,0.55,,12.6,21.95,50
27601020080,恵美須南森町線,石切大阪線,高速大阪池田線,27127,0,0.2,,,大阪市中央区備後町2丁目,32724,32724,1.53,0.55,,10.9,21.95,50
27601020090,恵美須南森町線,高速大阪池田線,裁判所東筋線,27127,0,0.4,,,大阪市中央区備後町2丁目,32724,32724,1.53,0.55,,13.5,21.95,50
27601020100,恵美須南森町線,裁判所東筋線,天神橋天王寺線,27127,0,0.3,,,大阪市中央区備後町2丁目,32724,32724,1.53,0.55,,18.8,21.95,50
27601040010,宿野下田線,園部能勢線,茨木能勢線,27322,0,0.8,,2459,,2384,4843,1.25,0.63,35.2,30.8,9.45,40
27601040030,宿野下田線,茨木能勢線,一般国道１７３号,27322,0,2,,2459,,2384,4843,1.25,0.6,39.6,39.2,9.45,40
27601040040,宿野下田線,一般国道１７３号,一般国道１７３号,27322,0,1.2,,2459,,2384,4843,1.25,0.59,23.8,22.1,9.45,40
27601060010,吉野下田尻線,一般国道４７７号,亀岡能勢線,27322,0,2.3,豊能郡能勢町上田尻,1661,豊能郡能勢町上田尻,1624,3285,1.25,0.41,46.1,47.4,8.1,40
27601060020,吉野下田尻線,亀岡能勢線,茨木能勢線,27322,0,2.2,豊能郡能勢町上田尻,1661,豊能郡能勢町上田尻,1624,3285,1.25,0.41,43.6,44.3,9.7,40
27601060030,吉野下田尻線,茨木能勢線,野間出野一庫線,27322,0,3.1,豊能郡能勢町上田尻,1661,豊能郡能勢町上田尻,1624,3285,1.25,0.38,43.6,44.3,8.5,40
27601090010,余野車作線,一般国道４２３号,豊能町・茨木市境,27321,0,3.8,豊能郡豊能町字中野東,523,豊能郡豊能町字中野東,536,1059,1.17,0.15,41,41.3,10.25,40
27601090020,余野車作線,豊能町・茨木市境,豊中亀岡線,27211,0,3.4,豊能郡豊能町字中野東,523,豊能郡豊能町字中野東,536,1059,1.17,0.15,40.6,40.3,7,40
27601100010,余野茨木線,一般国道４２３号,豊能町・茨木市境,27321,0,3.1,茨木市佐保,1688,茨木市佐保,1756,3444,1.25,0.43,32.6,35.1,10.3,40
27601100020,余野茨木線,豊能町・茨木市境,豊中亀岡線,27211,0,3.6,茨木市佐保,1688,茨木市佐保,1756,3444,1.25,0.41,37.2,37.3,7.5,40
27601100040,余野茨木線,豊中亀岡線,茨木摂津線,27211,0,2.9,茨木市佐保,1688,茨木市佐保,1756,3444,1.25,0.43,36.1,37.6,6.75,40
27601100060,余野茨木線,茨木摂津線,忍頂寺福井線,27211,0,2.9,茨木市東福井１丁目,5261,茨木市東福井１丁目,5697,10958,1.28,1.24,39.3,37.6,7.5,40
27601100070,余野茨木線,忍頂寺福井線,一般国道１７１号,27211,0,1.6,茨木市東福井１丁目,5261,茨木市東福井１丁目,5697,10958,1.28,1.07,20.7,13.4,14.5,40
27601120010,絹延橋停車場線,絹延橋停車場線,一般国道１７３号,27204,0,0.1,池田市木部町,1935,池田市木部町,3523,5458,1.28,0.67,11.1,3.4,9.75,30
27601130010,伊丹池田線,一般国道１７１号,一般国道１７６号,27204,0,0.9,池田市宇保町,7269,池田市宇保町,6782,14051,1.29,0.72,20.8,19.5,23,40
27810270010,伊丹池田線,伊丹池田線,一般国道１７６号,27204,0,0.9,池田市神田３丁目,3997,池田市神田３丁目,2869,6866,1.26,0.88,25.3,24.6,12.1,40
27601140005,忍頂寺福井線,茨木摂津線,茨木摂津線,27211,0,0.2,茨木市東福井４丁目,1371,茨木市東福井４丁目,1698,3069,1.25,0.44,37,39.6,12.5,30
27601140010,忍頂寺福井線,茨木摂津線,余野茨木線,27211,0,2.9,茨木市東福井４丁目,1371,茨木市東福井４丁目,1698,3069,1.25,0.44,33.9,33.8,12.5,30
27601150010,萩谷西五百住線,,高槻市・茨木市境,27207,0,2.6,高槻市岡本町,3912,高槻市岡本町,5779,9691,1.28,0.93,30.5,28.2,7.5,30
27601150020,萩谷西五百住線,高槻市・茨木市境,茨木市・高槻市境,27211,0,0.3,高槻市岡本町,3912,高槻市岡本町,5779,9691,1.28,1.04,40.4,40.6,7.5,30
27601150030,萩谷西五百住線,茨木市・高槻市境,一般国道１７１号,27207,0,5.5,高槻市岡本町,3912,高槻市岡本町,5779,9691,1.28,1.03,24.9,21.7,7,30
27601160005,豊能池田線,一般国道４２３号,箕面市・豊能町境,27220,0,3.6,箕面市下止々呂美,2070,箕面市下止々呂美,2215,4285,1.26,0.6,32.9,27.4,12.55,40
27601160010,豊能池田線,箕面市・豊能町境,一般国道４７７号,27321,0,1,箕面市下止々呂美,2070,箕面市下止々呂美,2215,4285,1.26,0.6,32.9,27.4,18.8,30
27601180010,桜井停車場線,,一般国道１７１号,27220,0,0.4,,5309,,4228,9537,1.28,2.76,8.1,7.1,8,20
27601190010,箕面摂津線,一般国道１７１号,箕面市・吹田市境,27220,0,0.5,吹田市古江台4丁目,4140,吹田市古江台4丁目,3827,7967,1.27,0.8,7.1,19.1,15.9,30
27601190020,箕面摂津線,箕面市・吹田市境,吹田箕面線,27205,0,0.2,吹田市古江台4丁目,4140,吹田市古江台4丁目,3827,7967,1.27,0.64,23.4,18.6,15.9,50
27601190030,箕面摂津線,吹田箕面線,山田上小野原線,27205,0,2.4,吹田市古江台4丁目,4140,吹田市古江台4丁目,3827,7967,1.27,0.77,26.9,27.2,21.9,50
27601190040,箕面摂津線,山田上小野原線,南千里茨木停車場線,27205,0,0.2,吹田市古江台4丁目,4140,吹田市古江台4丁目,3827,7967,1.27,0.77,15.9,10.6,21.9,50
27601190050,箕面摂津線,南千里茨木停車場線,,27205,0,0.4,吹田市古江台4丁目,4140,吹田市古江台4丁目,3827,7967,1.27,0.8,9.4,18.3,16.1,30
27601190060,箕面摂津線,,大阪中央環状線（旧）,27205,0,0.3,吹田市古江台4丁目,4140,吹田市古江台4丁目,3827,7967,1.27,0.8,15.8,10.6,16.1,30
27601200010,山田上小野原線,箕面摂津線,吹田市・箕面市境,27205,0,2.4,吹田市藤白台1丁目,3439,吹田市藤白台1丁目,3604,7043,1.2,0.89,15.7,23.2,10.75,40
27601200020,山田上小野原線,吹田市・箕面市境,一般国道１７１号,27220,0,0.9,吹田市藤白台1丁目,3439,吹田市藤白台1丁目,3604,7043,1.2,0.96,15.2,10.9,12,40
27601210010,吹田箕面線,豊中吹田線,豊中摂津線,27205,0,2.9,吹田市千里山西１丁目,2314,吹田市千里山西１丁目,1549,3863,1.25,0.61,17.7,16.8,7.25,30
27601210020,吹田箕面線,豊中摂津線,桃山台４１号線,27205,0,0.8,吹田市千里山西１丁目,2314,吹田市千里山西１丁目,1549,3863,1.25,0.29,17.4,18.6,20.75,50
27601210030,吹田箕面線,桃山台４１号線,吹田市・豊中市境,27205,0,0.9,吹田市千里山西１丁目,2314,吹田市千里山西１丁目,1549,3863,1.25,0.29,16.6,24.6,20.75,50
27601210040,吹田箕面線,吹田市・豊中市境,大阪中央環状線（旧）,27203,0,0.3,吹田市千里山西１丁目,2314,吹田市千里山西１丁目,1549,3863,1.25,0.28,23.1,36.1,50,50
27601210050,吹田箕面線,大阪中央環状線（旧）,大阪中央環状線,27203,0,0.4,吹田市千里山西１丁目,2314,吹田市千里山西１丁目,1549,3863,1.25,0.28,14.6,21.7,50,50
27601210060,吹田箕面線,大阪中央環状線,豊中市・吹田市境,27203,0,2.2,豊中市新千里東町3丁目,3242,豊中市新千里東町3丁目,2842,6084,1.18,0.29,29.2,22,29.25,50
27601210070,吹田箕面線,豊中市・吹田市境,箕面摂津線,27205,0,0.7,豊中市新千里東町3丁目,3242,豊中市新千里東町3丁目,2842,6084,1.18,0.49,38.8,24.1,13.25,40
27601250010,安満前島線,伏見柳谷高槻線,西京高槻線,27207,0,1,高槻市野田東２丁目,651,高槻市野田東２丁目,781,1432,1.17,0.25,27.9,27.8,13.5,30
27601250020,安満前島線,西京高槻線,一般国道１７１号,27207,0,0.5,高槻市野田東２丁目,651,高槻市野田東２丁目,781,1432,1.17,0.25,22.2,22.5,13.5,30
27601250025,安満前島線,一般国道１７１号,大阪高槻京都線（新）,27207,0,0.6,高槻市野田東２丁目,651,高槻市野田東２丁目,781,1432,1.17,0.25,19.2,17.8,13.5,30
27601250030,安満前島線,大阪高槻京都線（新）,枚方高槻線,27207,0,1.3,高槻市野田東２丁目,651,高槻市野田東２丁目,781,1432,1.17,0.25,30.4,38.6,13.5,30
27601260010,総持寺停車場線,,一般国道１７１号,27211,0,1.2,茨木市西河原２丁目,4042,茨木市西河原２丁目,3423,7465,1.27,0.7,11.1,8.1,11,30
27601270010,摂津富田停車場線,,鳥飼八丁富田線,27207,0,0.4,高槻市大畑町,4267,高槻市大畑町,5874,10141,1.27,1.31,14.6,6.6,13.6,30
27601270020,摂津富田停車場線,鳥飼八丁富田線,一般国道１７１号,27207,0,0.8,高槻市大畑町,4267,高槻市大畑町,5874,10141,1.27,1.31,9.9,10.8,13.6,30
27601280010,高槻停車場線,,一般国道１７１号,27207,0,0.7,,4227,,3807,8034,1.27,0.65,10.7,9,22,40
27601290010,南千里茨木停車場線,豊中摂津線,大阪中央環状線（旧）,27205,0,1.5,吹田市津雲台５丁目,5113,吹田市津雲台５丁目,4531,9644,1.28,0.68,15.5,25.7,22,50
27601290020,南千里茨木停車場線,大阪中央環状線（旧）,箕面摂津線,27205,0,0.5,吹田市津雲台５丁目,5113,吹田市津雲台５丁目,4531,9644,1.28,0.68,23.3,27.3,22,50
27601290030,南千里茨木停車場線,箕面摂津線,南千里茨木停車場線,27205,0,0.1,吹田市津雲台５丁目,5113,吹田市津雲台５丁目,4531,9644,1.28,0.68,5.2,21,22,50
27601290040,南千里茨木停車場線,南千里茨木停車場線,茨木摂津線,27205,0,0.5,吹田市津雲台５丁目,5113,吹田市津雲台５丁目,4531,9644,1.28,1.46,,37.4,17.5,50
27601290060,南千里茨木停車場線,茨木摂津線,吹田市・茨木市境,27205,0,0.3,茨木市南春日丘１丁目,7380,茨木市南春日丘１丁目,6932,14312,1.3,0.62,15.4,31,26.5,50
27601290070,南千里茨木停車場線,吹田市・茨木市境,大阪高槻京都線,27211,0,1.6,茨木市南春日丘１丁目,7380,茨木市南春日丘１丁目,6932,14312,1.3,0.94,25,13.4,22,50
27601290080,南千里茨木停車場線,大阪高槻京都線,,27211,0,0.3,茨木市南春日丘１丁目,7380,茨木市南春日丘１丁目,6932,14312,1.3,0.94,6.7,9.5,22,50
27601290100,南千里茨木停車場線,南千里茨木停車場線,茨木摂津線,27205,0,0.2,,5513,,4672,10185,1.28,0.34,16.8,,13,50
27601320010,高槻茨木線,大阪高槻線,鳥飼八丁富田線,27207,0,2.8,高槻市東五百住町2丁目,5228,高槻市東五百住町2丁目,3404,8632,1.22,1.17,16.1,17.5,14.75,30
27601320020,高槻茨木線,鳥飼八丁富田線,鳥飼八丁富田線,27207,0,0.2,高槻市東五百住町2丁目,5228,高槻市東五百住町2丁目,3404,8632,1.22,1.17,9.7,19,14.75,30
27601320030,高槻茨木線,鳥飼八丁富田線,高槻市・茨木市境,27207,0,0.5,高槻市東五百住町2丁目,5228,高槻市東五百住町2丁目,3404,8632,1.22,1.17,19,19.9,14.75,30
27601320040,高槻茨木線,高槻市・茨木市境,枚方茨木線,27211,0,1.3,高槻市東五百住町2丁目,5228,高槻市東五百住町2丁目,3404,8632,1.22,1.11,20.3,12.3,9.5,30
27601330010,鳥飼八丁富田線,八尾茨木線,茨木寝屋川線（新）,27224,0,1,,4724,,4864,9588,1.28,0.31,23.8,32.7,7,30
27601330020,鳥飼八丁富田線,茨木寝屋川線（新）,摂津市・茨木市境,27224,0,0,,4724,,4864,9588,1.28,0.31,10.7,13.7,7,30
27601330030,鳥飼八丁富田線,摂津市・茨木市境,,27211,0,0,,4724,,4864,9588,1.28,2.69,1.8,7.5,3.8,30
27601330050,鳥飼八丁富田線,大阪高槻京都線（新）,三島江茨木線,27211,0,0.4,茨木市鮎川１丁目,5664,茨木市鮎川１丁目,6258,11922,1.28,0.45,11,18.9,24.25,40
27601330060,鳥飼八丁富田線,三島江茨木線,枚方茨木線,27211,0,1,茨木市鮎川１丁目,5664,茨木市鮎川１丁目,6258,11922,1.28,0.45,20.2,12.3,24.25,40
27601330070,鳥飼八丁富田線,枚方茨木線,茨木市・高槻市境,27211,0,0.5,茨木市鮎川１丁目,5664,茨木市鮎川１丁目,6258,11922,1.28,0.45,10.7,18.1,24.25,40
27601330080,鳥飼八丁富田線,茨木市・高槻市境,高槻茨木線,27207,0,0.7,茨木市鮎川１丁目,5664,茨木市鮎川１丁目,6258,11922,1.28,0.96,18.1,13.4,15.75,30
27601330100,鳥飼八丁富田線,高槻茨木線,摂津富田停車場線,27207,0,0.8,茨木市鮎川１丁目,5664,茨木市鮎川１丁目,6258,11922,1.28,0.95,15.6,8.3,25,30
27601340010,熊野大阪線,大阪中央環状線（旧）,豊中市・吹田市境,27203,0,2.7,吹田市豊津町,1346,吹田市豊津町,2422,3768,1.25,0.52,21.3,21.6,10.2,40
27601340020,熊野大阪線,豊中市・吹田市境,豊中吹田線,27205,0,0.4,吹田市豊津町,1346,吹田市豊津町,2422,3768,1.25,0.61,22,12.8,8.5,30
27601340030,熊野大阪線,豊中吹田線,一般国道４７９号,27205,0,0.8,吹田市豊津町,1346,吹田市豊津町,2422,3768,1.25,0.61,15.9,8.7,8.5,30
27601340040,熊野大阪線,一般国道４７９号,,27205,0,0.7,吹田市豊津町,1346,吹田市豊津町,2422,3768,1.25,0.61,9.4,17.5,8.5,30
27601340050,熊野大阪線,,庄内新庄線,27123,0,1.1,大阪市淀川区十八条2丁目,3387,大阪市淀川区十八条2丁目,4117,7504,1.22,0.81,17.8,19,16,40
27601340060,熊野大阪線,庄内新庄線,一般国道４２３号,27123,0,0.7,大阪市淀川区十八条2丁目,3387,大阪市淀川区十八条2丁目,4117,7504,1.22,0.81,18.7,14.8,16,40
27601340070,熊野大阪線,一般国道４２３号,大阪市淀川区・大阪市東淀川区境,27123,0,0.6,大阪市淀川区十八条2丁目,3387,大阪市淀川区十八条2丁目,4117,7504,1.22,0.99,11.4,12.9,16,40
27601340080,熊野大阪線,大阪市淀川区・大阪市東淀川区境,西淡路南方線,27114,0,0.2,大阪市淀川区十八条2丁目,3387,大阪市淀川区十八条2丁目,4117,7504,1.22,0.81,19.6,12.2,16,40
27601340090,熊野大阪線,西淡路南方線,歌島豊里線,27114,0,0.2,大阪市淀川区十八条2丁目,3387,大阪市淀川区十八条2丁目,4117,7504,1.22,0.81,11.8,13.4,16,40
27601340100,熊野大阪線,歌島豊里線,十三吹田線,27114,0,0.8,大阪市淀川区十八条2丁目,3387,大阪市淀川区十八条2丁目,4117,7504,1.22,0.69,20,24,16,40
27601340110,熊野大阪線,十三吹田線,大阪高槻京都線,27114,0,0.9,大阪市淀川区十八条2丁目,3387,大阪市淀川区十八条2丁目,4117,7504,1.22,0.82,16.8,11.3,16,40
27601350020,豊中摂津線,吹田箕面線,南千里茨木停車場線,27205,0,1,吹田市山田西１丁目,6906,吹田市山田西１丁目,7439,14345,1.31,0.54,18.5,15.1,25,50
27601350030,豊中摂津線,南千里茨木停車場線,大阪高槻京都線,27205,0,2.7,吹田市山田西１丁目,6906,吹田市山田西１丁目,7439,14345,1.31,1.11,16.1,16.2,18.5,50
27601350050,豊中摂津線,一般国道４２３号,吹田箕面線,27205,0,0.6,吹田市千里山竹園２丁目,5339,吹田市千里山竹園２丁目,3368,8707,1.34,0.46,20.6,22.5,20,50
27601350070,豊中摂津線,大阪高槻京都線,,27205,0,0.3,吹田市岸部中３丁目,6495,吹田市岸部中３丁目,7721,14216,1.3,0.65,13.3,20.1,34,40
27601360010,茨木停車場線,,枚方茨木線,27211,0,0.1,,4227,,3807,8034,1.27,0.69,15.7,6,12,30
27601380010,三島江茨木線,,大阪高槻線,27207,0,0.5,茨木市大同町2,4014,茨木市大同町2,4186,8200,1.28,0.7,17.1,6.2,9,40
27601380020,三島江茨木線,大阪高槻線,高槻市・茨木市境,27207,0,0.8,茨木市大同町2,4014,茨木市大同町2,4186,8200,1.28,0.7,16.5,8.9,9,40
27601380030,三島江茨木線,高槻市・茨木市境,大阪高槻京都線（新）,27211,0,0,茨木市大同町2,4014,茨木市大同町2,4186,8200,1.28,0.79,8.6,5.8,10,30
27601380040,三島江茨木線,大阪高槻京都線（新）,鳥飼八丁富田線,27211,0,0.4,茨木市大同町2,4014,茨木市大同町2,4186,8200,1.28,0.79,6.7,16.5,10,30
27601380050,三島江茨木線,鳥飼八丁富田線,茨木寝屋川線（新）,27211,0,0.8,茨木市大同町2,4014,茨木市大同町2,4186,8200,1.28,0.79,18.7,19.5,10,30
27601380060,三島江茨木線,茨木寝屋川線（新）,八尾茨木線,27211,0,1.3,茨木市大同町2,4014,茨木市大同町2,4186,8200,1.28,0.79,18.1,10.8,10,30
27601390010,枚方茨木線,一般国道１号,枚方富田林泉佐野線,27210,0,1.5,枚方市宮之阪2丁目,7713,枚方市宮之阪2丁目,7085,14798,1.3,1.38,11.7,12.8,13,40
27601390030,枚方茨木線,一般国道１７０号,大阪高槻線,27207,0,2.5,高槻市唐崎北２丁目,5508,高槻市唐崎北２丁目,5276,10784,1.28,1.07,13.7,18.6,12.5,40
27601390040,枚方茨木線,大阪高槻線,大阪高槻京都線（新）,27207,0,0.1,高槻市唐崎北２丁目,5508,高槻市唐崎北２丁目,5276,10784,1.28,1.07,8.9,12.3,12.5,40
27601390050,枚方茨木線,大阪高槻京都線（新）,高槻市・茨木市境,27207,0,0.5,高槻市唐崎北２丁目,5508,高槻市唐崎北２丁目,5276,10784,1.28,1.07,11.1,20.8,12.5,40
27601390060,枚方茨木線,高槻市・茨木市境,鳥飼八丁富田線,27211,0,0.8,高槻市唐崎北２丁目,5508,高槻市唐崎北２丁目,5276,10784,1.28,1.05,20,18.7,12.5,30
27601390070,枚方茨木線,鳥飼八丁富田線,高槻茨木線,27211,0,1.7,茨木市中津町,5278,茨木市中津町,5073,10351,1.28,1.04,17.7,11.7,10.6,30
27601390080,枚方茨木線,高槻茨木線,八尾茨木線,27211,0,0.1,茨木市中津町,5278,茨木市中津町,5073,10351,1.28,1.04,7.7,8.8,10.6,30
27601390100,枚方茨木線,八尾茨木線,茨木停車場線,27211,0,0.9,茨木市駅前３丁目,6025,茨木市駅前３丁目,4903,10928,1.29,1.08,11.2,13.6,15,30
27601390110,枚方茨木線,茨木停車場線,大阪高槻京都線,27211,0,0.5,茨木市駅前３丁目,6025,茨木市駅前３丁目,4903,10928,1.29,1.08,16.2,4.5,15,30
27601420010,正雀停車場線,,正雀一津屋線,27224,0,0.3,摂津市千里丘東5丁目,1970,摂津市千里丘東5丁目,2141,4111,1.27,0.74,,9.8,10.5,20
27601420020,正雀停車場線,正雀一津屋線,沢良宜東千里丘停車場線,27224,0,1.7,摂津市千里丘東5丁目,1970,摂津市千里丘東5丁目,2141,4111,1.27,0.39,13.1,13.3,10.5,30
27601420040,正雀停車場線,沢良宜東千里丘停車場線,大阪高槻京都線,27224,0,0.2,,,,,,,,6.5,5.4,16.49,40
27601430010,沢良宜東千里丘停車場線,大阪高槻京都線（新）,大阪中央環状線,27211,0,1.2,茨木市島２丁目,11160,茨木市島２丁目,13780,24940,1.35,1.05,18.3,11.9,30,50
27601430030,沢良宜東千里丘停車場線,大阪中央環状線,茨木市・摂津市境,27211,0,0.3,摂津市香露園,3371,摂津市香露園,3639,7010,1.27,0.78,9.2,16.9,7,30
27601430040,沢良宜東千里丘停車場線,茨木市・摂津市境,正雀停車場線,27224,0,0.9,摂津市香露園,3371,摂津市香露園,3639,7010,1.27,1.05,12.5,8.9,6.5,30
27601440010,杉田口禁野線,枚方高槻線,（元）長尾八幡線,27210,0,0.1,枚方市長尾元町2丁目,5308,枚方市長尾元町2丁目,5005,10313,1.33,0.86,5,10.6,10.5,30
27601440020,杉田口禁野線,（元）長尾八幡線,枚方交野寝屋川線（旧）,27210,0,2.3,枚方市長尾元町2丁目,5308,枚方市長尾元町2丁目,5005,10313,1.33,0.86,14.7,17.8,15,40
27601440030,杉田口禁野線,枚方交野寝屋川線（旧）,一般国道１号,27210,0,0.2,枚方市長尾元町2丁目,5308,枚方市長尾元町2丁目,5005,10313,1.33,0.86,10.9,6.4,15,40
27601440040,杉田口禁野線,一般国道１号,枚方交野寝屋川線,27210,0,0.1,枚方市禁野本町2丁目,7171,枚方市禁野本町2丁目,7286,14457,1.3,0.88,4.9,7.9,15,40
27601440050,杉田口禁野線,枚方交野寝屋川線,京都守口線,27210,0,3.3,枚方市禁野本町2丁目,7171,枚方市禁野本町2丁目,7286,14457,1.3,0.88,15.1,13.3,15,40
27601450010,豊中吹田線,大阪池田線,一般国道１７６号,27203,0,1.4,豊中市服部豊町２丁目,1687,豊中市服部豊町２丁目,1676,3363,1.25,0.48,13.4,12.6,11.5,20
27601450030,豊中吹田線,一般国道１７６号,豊中市・吹田市境,27203,0,1.2,吹田市泉町5丁目,3526,吹田市泉町5丁目,3195,6721,1.28,0.78,12.7,17.3,6,30
27601450040,豊中吹田線,豊中市・吹田市境,熊野大阪線,27205,0,0.2,吹田市泉町5丁目,3526,吹田市泉町5丁目,3195,6721,1.28,0.73,19.6,17,7.25,30
27601450050,豊中吹田線,熊野大阪線,一般国道４２３号,27205,0,0.6,吹田市泉町5丁目,3526,吹田市泉町5丁目,3195,6721,1.28,0.73,15.2,13.6,7.25,30
27601450060,豊中吹田線,一般国道４２３号,吹田箕面線,27205,0,1.1,吹田市泉町5丁目,3526,吹田市泉町5丁目,3195,6721,1.28,0.7,11.7,17.8,6.5,20
27601450070,豊中吹田線,吹田箕面線,大阪高槻京都線,27205,0,0.8,吹田市泉町5丁目,3526,吹田市泉町5丁目,3195,6721,1.28,0.77,9.2,9.4,11.75,30
27601470010,正雀一津屋線,正雀停車場線,大阪高槻京都線（新）,27224,0,0.2,摂津市正雀本町２丁目,4923,摂津市正雀本町２丁目,5015,9938,1.29,0.97,8.6,9.4,9.5,40
27601470020,正雀一津屋線,大阪高槻京都線（新）,大阪高槻線,27224,0,1.6,摂津市正雀本町２丁目,4923,摂津市正雀本町２丁目,5015,9938,1.29,0.97,16.6,8.8,9.5,40
27601470030,正雀一津屋線,大阪高槻線,大阪中央環状線,27224,0,2,摂津市正雀本町２丁目,4923,摂津市正雀本町２丁目,5015,9938,1.29,0.97,12.2,11.7,9.5,40
27601480010,木屋交野線,一般国道１号,一般国道１７０号,27215,0,0.6,寝屋川市末広町,6137,寝屋川市末広町,6127,12264,1.39,0.9,10.1,10.6,11.5,30
27601480020,木屋交野線,一般国道１７０号,八尾枚方線,27215,0,0.7,寝屋川市末広町,6137,寝屋川市末広町,6127,12264,1.39,0.9,12.2,11.9,11.5,30
27601480040,木屋交野線,八尾枚方線,寝屋川市・枚方市境,27215,0,0,寝屋川市末広町,6137,寝屋川市末広町,6127,12264,1.39,0.71,4.9,11,12,20
27601480050,木屋交野線,寝屋川市・枚方市境,枚方市・寝屋川市境,27210,0,0.1,寝屋川市末広町,6137,寝屋川市末広町,6127,12264,1.39,0.63,7.5,13.7,7.5,20
27601480060,木屋交野線,枚方市・寝屋川市境,寝屋川市・枚方市境,27215,0,1.1,寝屋川市末広町,6137,寝屋川市末広町,6127,12264,1.39,0.75,13.6,14.9,7.5,30
27601480070,木屋交野線,寝屋川市・枚方市境,枚方交野寝屋川線,27210,0,2.2,寝屋川市末広町,6137,寝屋川市末広町,6127,12264,1.39,0.65,16.9,15.4,14.5,30
27601480090,木屋交野線,枚方交野寝屋川線,枚方市・交野市境,27210,0,0.3,寝屋川市末広町,6137,寝屋川市末広町,6127,12264,1.39,0.71,11.2,15.7,12,30
27601480100,木屋交野線,枚方市・交野市境,一般国道１６８号,27230,0,0,寝屋川市末広町,6137,寝屋川市末広町,6127,12264,1.39,0.74,13.4,11.7,8.5,30
27601480110,木屋交野線,一般国道１６８号,枚方富田林泉佐野線,27230,0,0.1,寝屋川市末広町,6137,寝屋川市末広町,6127,12264,1.39,0.74,10.4,11.9,8.5,30
27601490010,木屋門真線,一般国道１号,,27215,0,0.2,寝屋川市高柳栄町,3845,寝屋川市高柳栄町,4344,8189,1.34,0.67,6,16.3,9.1,30
27601490020,木屋門真線,,一般国道１号,27215,0,0.6,寝屋川市高柳栄町,3845,寝屋川市高柳栄町,4344,8189,1.34,0.67,19,12.3,9.1,30
27601490030,木屋門真線,一般国道１号,茨木寝屋川線,27215,0,0.2,寝屋川市高柳栄町,3845,寝屋川市高柳栄町,4344,8189,1.34,0.67,9.9,3.9,9.1,30
27601490040,木屋門真線,茨木寝屋川線,京都守口線,27215,0,0.6,寝屋川市高柳栄町,3845,寝屋川市高柳栄町,4344,8189,1.34,0.67,5.9,15.1,9.1,30
27601490050,木屋門真線,京都守口線,枚方交野寝屋川線,27215,0,1.2,寝屋川市高柳栄町,3845,寝屋川市高柳栄町,4344,8189,1.34,0.67,8.6,13.7,9.1,30
27601490060,木屋門真線,枚方交野寝屋川線,八尾茨木線,27215,0,0.7,寝屋川市高柳栄町,3845,寝屋川市高柳栄町,4344,8189,1.34,0.67,13.6,13.1,9.1,30
27601490070,木屋門真線,八尾茨木線,寝屋川市・門真市境,27215,0,1.4,門真市上島町,3835,門真市上島町,3997,7832,1.27,0.82,13.6,15.6,9.1,30
27601490080,木屋門真線,寝屋川市・門真市境,守口門真線,27223,0,0.5,門真市上島町,3835,門真市上島町,3997,7832,1.27,0.91,17.2,7.9,5.3,30
27601510010,相川停車場線,,,27114,0,0.2,大阪市東淀川区相川１丁目,6106,大阪市東淀川区相川１丁目,5775,11881,1.29,1.07,14.7,6.2,14,30
27601510015,相川停車場線,,大阪高槻京都線（新）,27205,0,0.8,,4968,,4870,9838,1.28,0.93,12.1,9.6,11.25,30
27601520010,庄本牛立線,,大阪池田線,27203,0,0.7,豊中市大黒町１丁目,5984,豊中市大黒町１丁目,6080,12064,1.28,0.55,13.8,,8,40
27601520020,庄本牛立線,大阪池田線,一般国道１７６号,27203,0,1.1,豊中市大黒町１丁目,5984,豊中市大黒町１丁目,6080,12064,1.28,0.83,13.3,12.2,11.1,40
27601540010,私市太秦線,,一般国道１６８号,27230,0,0.2,寝屋川市寝屋1丁目,2093,寝屋川市寝屋1丁目,2466,4559,1.25,9.99,16.2,8.4,3.5,30
27601540020,私市太秦線,一般国道１６８号,枚方富田林泉佐野線,27230,0,1.7,寝屋川市寝屋1丁目,2093,寝屋川市寝屋1丁目,2466,4559,1.25,0.67,21.2,,8,30
27601540040,私市太秦線,枚方富田林泉佐野線,交野市・寝屋川市境,27230,0,0.2,寝屋川市寝屋1丁目,2093,寝屋川市寝屋1丁目,2466,4559,1.25,0.65,5,23.7,5,30
27601540050,私市太秦線,交野市・寝屋川市境,一般国道１号,27215,0,0.5,寝屋川市寝屋1丁目,2093,寝屋川市寝屋1丁目,2466,4559,1.25,0.45,17.2,13.4,9.2,40
27601540060,私市太秦線,一般国道１号,枚方交野寝屋川線,27215,0,0.8,寝屋川市寝屋1丁目,2093,寝屋川市寝屋1丁目,2466,4559,1.25,0.45,14.2,12.7,9.2,40
27601550010,北大日竜田線,八尾茨木線,金田門真停車場線,27209,0,0.7,守口市八雲西町2丁目,3591,守口市八雲西町2丁目,2143,5734,1.26,0.76,15,17,7.75,30
27601550020,北大日竜田線,金田門真停車場線,京都守口線,27209,0,0.3,守口市八雲西町2丁目,3591,守口市八雲西町2丁目,2143,5734,1.26,0.76,14.1,7.2,7.75,30
27601550030,北大日竜田線,京都守口線,一般国道１号,27209,0,1,守口市八雲西町2丁目,3591,守口市八雲西町2丁目,2143,5734,1.26,0.76,11.2,8.2,7.75,30
27601550050,北大日竜田線,高速大阪守口線,一般国道１号,27209,0,1.9,守口市八雲西町2丁目,3591,守口市八雲西町2丁目,2143,5734,1.26,0.82,16.8,17.9,13.1,40
27601560010,金田門真停車場線,北大日竜田線,守口市・門真市境,27209,0,1,守口市梶町1丁目,1554,守口市梶町1丁目,3300,4854,1.25,0.4,13.8,17,5.8,30
27601560020,金田門真停車場線,守口市・門真市境,大阪中央環状線,27223,0,0.6,守口市梶町1丁目,1554,守口市梶町1丁目,3300,4854,1.25,0.34,13.5,,5,20
27601560040,金田門真停車場線,大阪中央環状線,守口門真線,27223,0,0.6,守口市梶町1丁目,1554,守口市梶町1丁目,3300,4854,1.25,0.37,11.4,,6.2,20
27601570010,星田停車場線,,枚方富田林泉佐野線,27230,0,0.1,,3433,,3592,7025,1.26,0.91,,5.9,5.5,20
27601580010,守口門真線,一般国道１号,守口市・門真市境,27209,0,0.5,門真市松葉町,6859,門真市松葉町,6562,13421,1.29,1.21,12.2,13.6,9,30
27601580020,守口門真線,守口市・門真市境,金田門真停車場線,27223,0,0.9,門真市松葉町,6859,門真市松葉町,6562,13421,1.29,1.18,13.2,16.7,8.5,30
27601580030,守口門真線,金田門真停車場線,大阪中央環状線,27223,0,0.2,門真市松葉町,6859,門真市松葉町,6562,13421,1.29,1.18,16.4,16.8,8.5,30
27601580040,守口門真線,大阪中央環状線,八尾茨木線,27223,0,1.2,門真市松葉町,6859,門真市松葉町,6562,13421,1.29,1.18,15.4,13.3,8.5,30
27601580050,守口門真線,八尾茨木線,木屋門真線,27223,0,1.5,門真市松葉町,6859,門真市松葉町,6562,13421,1.29,1.18,15,12.1,8.5,30
27601580060,守口門真線,木屋門真線,一般国道１号,27223,0,0.6,門真市松葉町,6859,門真市松葉町,6562,13421,1.29,1.18,9.1,14.8,8.5,30
27601580070,守口門真線,一般国道１号,一般国道１６３号,27223,0,0.2,門真市松葉町,6859,門真市松葉町,6562,13421,1.29,1.58,10.9,,9,30
27601590010,平野守口線,,深野南寺方大阪線,27209,0,1,守口市馬場町1丁目,1904,守口市馬場町1丁目,225,2129,1.26,0.16,,14.5,9,20
27601590020,平野守口線,深野南寺方大阪線,一般国道１６３号,27117,0,1.1,大阪市鶴見区鶴見1丁目,3277,大阪市鶴見区鶴見1丁目,2991,6268,1.27,0.56,18.3,13.9,11,40
27601590030,平野守口線,一般国道１６３号,鶴見区第９００１号線,27124,0,0.9,大阪市鶴見区鶴見1丁目,3277,大阪市鶴見区鶴見1丁目,2991,6268,1.27,0.31,,13.7,11,40
27601590040,平野守口線,鶴見区第９００１号線,大阪生駒線,27124,0,0.6,大阪市鶴見区鶴見1丁目,3277,大阪市鶴見区鶴見1丁目,2991,6268,1.27,0.31,,9,11,40
27601590050,平野守口線,大阪生駒線,石切大阪線,27124,0,1,大阪市鶴見区鶴見1丁目,3277,大阪市鶴見区鶴見1丁目,2991,6268,1.27,0.56,15.2,14.8,11,40
27601590060,平野守口線,石切大阪線,片町徳庵線,27124,0,0.4,大阪市鶴見区鶴見1丁目,3277,大阪市鶴見区鶴見1丁目,2991,6268,1.27,0.34,13.6,,8,40
27601590070,平野守口線,片町徳庵線,大阪市鶴見区・大阪市城東区境,27124,0,0.6,大阪市鶴見区鶴見1丁目,3277,大阪市鶴見区鶴見1丁目,2991,6268,1.27,0.37,,11.9,8,40
27601590080,平野守口線,大阪市鶴見区・大阪市城東区境,一般国道３０８号,27118,0,1,大阪市鶴見区鶴見1丁目,3277,大阪市鶴見区鶴見1丁目,2991,6268,1.27,0.3,11.7,,8,40
27601590090,平野守口線,一般国道３０８号,大阪東大阪線,27115,0,1,大阪市鶴見区鶴見1丁目,3277,大阪市鶴見区鶴見1丁目,2991,6268,1.27,0.32,,15.3,8,40
27601590100,平野守口線,大阪東大阪線,,27115,0,0.1,大阪市鶴見区鶴見1丁目,3277,大阪市鶴見区鶴見1丁目,2991,6268,1.27,0.32,,11.1,8,40
27601590120,平野守口線,,一般国道４７９号,27116,0,0.4,大阪市平野区加美北３丁目,1559,大阪市平野区加美北３丁目,1800,3359,1.25,0.38,13.1,13.1,8,20
27601590130,平野守口線,一般国道４７９号,大阪八尾線,27116,0,1.2,大阪市平野区加美北３丁目,1559,大阪市平野区加美北３丁目,1800,3359,1.25,0.35,15.3,15.3,8,20
27601590140,平野守口線,大阪八尾線,巽生野加美線,27116,0,1.2,大阪市平野区加美北３丁目,1559,大阪市平野区加美北３丁目,1800,3359,1.25,0.28,15.3,15.3,8,20
27601590150,平野守口線,巽生野加美線,一般国道４７９号,27116,0,0.2,大阪市平野区加美北３丁目,1559,大阪市平野区加美北３丁目,1800,3359,1.25,0.35,17.4,17.4,8,30
27601590160,平野守口線,一般国道４７９号,大阪市生野区・大阪市平野区境,27116,0,0.9,大阪市平野区加美北３丁目,1559,大阪市平野区加美北３丁目,1800,3359,1.25,0.35,16.9,16.9,8,30
27601590170,平野守口線,大阪市生野区・大阪市平野区境,一般国道２５号,27126,0,0.7,大阪市平野区加美北３丁目,1559,大阪市平野区加美北３丁目,1800,3359,1.25,0.35,8.7,8.7,13,20
27601600010,四条畷停車場線,一般国道１６３号,大東四条畷線,27229,0,0.7,四條畷市楠公2丁目,1831,,1768,3599,1.26,0.35,9.7,17,6.5,30
27601600020,四条畷停車場線,大東四条畷線,大東四条畷線,27229,0,0.2,四條畷市楠公2丁目,1831,,1768,3599,1.26,0.66,,10.1,6,20
27601600030,四条畷停車場線,大東四条畷線,四條畷市・大東市境,27229,0,0.1,四條畷市楠公2丁目,1831,,1768,3599,1.26,0.15,9.3,,10,20
27601600040,四条畷停車場線,四條畷市・大東市境,,27218,0,0.2,四條畷市楠公2丁目,1831,,1768,3599,1.26,0.15,8.7,,9.5,20
27601610010,深野南寺方大阪線,一般国道１７０号,大東四条畷線,27218,0,0.6,門真市三ツ島4丁目,4678,門真市三ツ島4丁目,4858,9536,1.31,0.94,10.7,17.6,10,30
27601610020,深野南寺方大阪線,大東四条畷線,大東市・門真市境,27218,0,0.7,門真市三ツ島4丁目,4678,門真市三ツ島4丁目,4858,9536,1.31,0.94,17.4,12.4,10,30
27601610030,深野南寺方大阪線,大東市・門真市境,八尾枚方線,27223,0,0.1,門真市三ツ島4丁目,4678,門真市三ツ島4丁目,4858,9536,1.31,1.02,9.8,6.3,9.5,30
27601610040,深野南寺方大阪線,八尾枚方線,門真市・大東市境,27223,0,0.1,門真市三ツ島4丁目,4678,門真市三ツ島4丁目,4858,9536,1.31,1.02,5.2,15.5,9.5,30
27601610050,深野南寺方大阪線,門真市・大東市境,大東市・門真市境,27218,0,0.8,門真市三ツ島4丁目,4678,門真市三ツ島4丁目,4858,9536,1.31,1.21,10.7,13.7,6.5,30
27601610060,深野南寺方大阪線,大東市・門真市境,八尾茨木線,27223,0,1.7,門真市三ツ島4丁目,4678,門真市三ツ島4丁目,4858,9536,1.31,0.94,14.1,12,14,30
27601610080,深野南寺方大阪線,八尾茨木線,近畿自動車道,27223,0,0.5,門真市三ツ島4丁目,4678,門真市三ツ島4丁目,4858,9536,1.31,0.9,17.4,9.5,8,30
27601610090,深野南寺方大阪線,近畿自動車道,門真市・守口市境,27223,0,0.2,門真市三ツ島4丁目,4678,門真市三ツ島4丁目,4858,9536,1.31,0.9,7.1,13.8,8,30
27601610100,深野南寺方大阪線,門真市・守口市境,大阪中央環状線（旧）,27209,0,0.1,門真市三ツ島4丁目,4678,門真市三ツ島4丁目,4858,9536,1.31,0.9,6.4,10.7,10,30
27601610110,深野南寺方大阪線,大阪中央環状線（旧）,一般国道１６３号,27209,0,0.7,門真市三ツ島4丁目,4678,門真市三ツ島4丁目,4858,9536,1.31,0.9,9.8,11.5,10,30
27601610120,深野南寺方大阪線,一般国道１６３号,平野守口線,27209,0,1,門真市三ツ島4丁目,4678,門真市三ツ島4丁目,4858,9536,1.31,1.6,,15.3,6,30
27601610140,深野南寺方大阪線,平野守口線,一般国道４７９号,27117,0,0.3,,,,,,,,27.5,12.8,7.9,20
27601610150,深野南寺方大阪線,一般国道４７９号,一般国道１号,27117,0,2.1,,,,,,,,10.9,,7.9,20
27601620010,大東四条畷線,大阪生駒線,深野南寺方大阪線,27218,0,1.2,,2029,,1937,3966,1.24,0.39,15.5,25.2,7.5,30
27601620020,大東四条畷線,深野南寺方大阪線,一般国道１７０号,27218,0,0.7,,2029,,1937,3966,1.24,0.64,13.5,,6,30
27601620030,大東四条畷線,一般国道１７０号,大東市・四條畷市境,27218,0,1.2,,2029,,1937,3966,1.24,0.39,13.5,14.9,6,30
27601620040,大東四条畷線,大東市・四條畷市境,四条畷停車場線,27229,0,0.1,,2029,,1937,3966,1.24,0.32,13.1,10.3,6.5,30
27601620060,大東四条畷線,四条畷停車場線,一般国道１７０号（旧）,27229,0,0.4,,2029,,1937,3966,1.24,0.62,,8.8,6.5,20
27601630010,野崎停車場線,,一般国道１７０号（旧）,27218,0,0.4,大東市北条1丁目,1385,大東市北条1丁目,1645,3030,1.26,0.41,13.6,11.8,12,30
27601660010,鴻池新田停車場線,鴻池新田停車場鴻池線,東大阪市・大東市境,27227,0,0.2,,2099,,2335,4434,1.25,0.42,10,13.6,11,30
27601660020,鴻池新田停車場線,東大阪市・大東市境,大阪生駒線,27218,0,0.6,,2099,,2335,4434,1.25,0.34,14.8,10.7,6.5,30
27601670010,鴻池新田停車場鴻池線,鴻池新田停車場線,石切大阪線,27227,0,0.5,,3014,,2922,5936,1.26,0.65,6.4,7.7,9,30
27601680010,石切大阪線,,一般国道１７０号（旧）,27227,0,0.5,東大阪市西石切町１丁目,1872,東大阪市西石切町１丁目,1335,3207,1.29,0.36,15,12.1,12,30
27601680030,石切大阪線,一般国道１７０号（旧）,一般国道１７０号,27227,0,0.6,東大阪市中鴻池町3丁目,6377,東大阪市中鴻池町3丁目,6618,12995,1.42,1.13,11.1,14.7,7,30
27601680040,石切大阪線,一般国道１７０号,八尾枚方線,27227,0,1.9,東大阪市中鴻池町3丁目,6377,東大阪市中鴻池町3丁目,6618,12995,1.42,0.51,20.4,13.9,20,40
27601680050,石切大阪線,八尾枚方線,鴻池新田停車場鴻池線,27227,0,1.7,東大阪市中鴻池町3丁目,6377,東大阪市中鴻池町3丁目,6618,12995,1.42,1.18,14.4,12.9,11.25,40
27601680060,石切大阪線,鴻池新田停車場鴻池線,近畿自動車道,27227,0,0.8,東大阪市中鴻池町3丁目,6377,東大阪市中鴻池町3丁目,6618,12995,1.42,1.18,10.4,8.5,11.25,40
27601680070,石切大阪線,近畿自動車道,大阪中央環状線（旧）,27227,0,0.2,東大阪市中鴻池町3丁目,6377,東大阪市中鴻池町3丁目,6618,12995,1.42,1.18,8,10.9,11.25,40
27601680080,石切大阪線,大阪中央環状線（旧）,八尾茨木線,27227,0,0.5,東大阪市中鴻池町3丁目,6377,東大阪市中鴻池町3丁目,6618,12995,1.42,1.18,13.5,17,11.25,40
27601680100,石切大阪線,八尾茨木線,平野守口線,27124,0,1.7,,5137,,6124,11261,1.28,1.04,19.7,19.4,12,40
27601680110,石切大阪線,平野守口線,一般国道４７９号,27124,0,0.4,,5137,,6124,11261,1.28,1.04,20.7,7.2,12,40
27601680120,石切大阪線,一般国道４７９号,,27118,0,0.8,,5137,,6124,11261,1.28,1.04,21.1,15.7,12,40
27601680130,石切大阪線,,大阪環状線,27118,0,0.5,大阪市城東区新喜多１丁目,3134,大阪市城東区新喜多１丁目,5241,8375,1.27,1.11,18.7,6.6,11,40
27601680140,石切大阪線,大阪環状線,,27118,0,1,大阪市城東区新喜多１丁目,3134,大阪市城東区新喜多１丁目,5241,8375,1.27,1.11,13.3,19.1,11,40
27601680150,石切大阪線,,大阪市城東区・大阪市都島区境,27118,0,0.1,大阪市城東区新喜多１丁目,3134,大阪市城東区新喜多１丁目,5241,8375,1.27,1.11,12.5,13.4,11,40
27601680160,石切大阪線,大阪市城東区・大阪市都島区境,片町徳庵線,27102,0,0.7,大阪市城東区新喜多１丁目,3134,大阪市城東区新喜多１丁目,5241,8375,1.27,1.11,23.2,10,11,40
27601680170,石切大阪線,片町徳庵線,赤川天王寺線,27102,0,0.6,大阪市中央区北浜3丁目,12553,大阪市中央区北浜3丁目,11599,24152,1.49,1.52,12.5,14.7,11,50
27601680180,石切大阪線,赤川天王寺線,大阪市都島区・大阪市中央区境,27102,0,0.1,大阪市中央区北浜3丁目,12553,大阪市中央区北浜3丁目,11599,24152,1.49,1.52,22.2,12,11,50
27601680190,石切大阪線,大阪市都島区・大阪市中央区境,大阪和泉泉南線,27128,0,0.4,大阪市中央区北浜3丁目,12553,大阪市中央区北浜3丁目,11599,24152,1.49,0.84,19.4,9.9,17,50
27601680200,石切大阪線,大阪和泉泉南線,天神橋天王寺線,27128,0,0.5,大阪市中央区北浜3丁目,12553,大阪市中央区北浜3丁目,11599,24152,1.49,0.84,10.1,18.6,17,50
27601680210,石切大阪線,天神橋天王寺線,市道,27128,0,0.5,大阪市中央区北浜3丁目,12553,大阪市中央区北浜3丁目,11599,24152,1.49,0.84,13.2,16.2,17,50
27601680220,石切大阪線,市道,恵美須南森町線,27128,0,0.4,大阪市中央区北浜3丁目,12553,大阪市中央区北浜3丁目,11599,24152,1.49,0.84,16.7,15.5,17,50
27601680230,石切大阪線,恵美須南森町線,一般国道２５号,27128,0,0.5,大阪市中央区北浜3丁目,12553,大阪市中央区北浜3丁目,11599,24152,1.49,0.84,7.5,16.3,17,50
27601680250,石切大阪線,一般国道１７０号,,27227,0,0.9,東大阪市加納5丁目,3116,東大阪市加納5丁目,4343,7459,1.27,0.38,7.5,31,22.25,50
27601700010,枚岡停車場線,,一般国道３０８号,27227,0,0.3,,3433,,3592,7025,1.26,0.99,15.5,15.6,8.25,30
27601720010,布施停車場線,,,27227,0,0.6,,3433,,3592,7025,1.26,0.41,18.9,18.9,30,30
27601720020,布施停車場線,,,27116,0,0.3,大阪市生野区小路東６丁目,4630,大阪市生野区小路東６丁目,5263,9893,1.28,0.34,16.7,19,25,30
27601720030,布施停車場線,,大阪八尾線,27227,0,0.3,東大阪市岸田堂南町,7511,東大阪市岸田堂南町,5346,12857,1.26,0.78,14.3,14.3,30.25,30
27601730010,大阪八尾線,大阪港八尾線,一般国道４３号,27108,0,2.5,大阪市大正区小林西１丁目,11175,大阪市大正区小林西１丁目,11937,23112,1.33,0.88,24.3,18.9,40,60
27601730020,大阪八尾線,一般国道４３号,浪速鶴町線,27108,0,0.9,,12274,,16339,28613,1.35,0.73,18.1,19.6,40,60
27601730030,大阪八尾線,浪速鶴町線,難波境川線,27108,0,0.5,,12274,,16339,28613,1.35,0.73,17,19.4,40,60
27601730040,大阪八尾線,難波境川線,東西２号線,27106,0,0.5,,12274,,16339,28613,1.35,0.73,12.4,15.6,40,60
27601730050,大阪八尾線,東西２号線,,27106,0,0.5,,12274,,16339,28613,1.35,0.73,20.3,16.7,40,60
27601730060,大阪八尾線,,大阪臨海線,27106,0,0.5,大阪市西区新町３丁目,10149,大阪市西区新町３丁目,9229,19378,1.33,0.42,16.5,16.5,40,60
27601730070,大阪八尾線,大阪臨海線,大阪伊丹線,27106,0,0.6,大阪市西区新町３丁目,10149,大阪市西区新町３丁目,9229,19378,1.33,0.41,13.8,12.6,58,50
27601730080,大阪八尾線,大阪伊丹線,南北線,27106,0,0.3,大阪市西区新町３丁目,10149,大阪市西区新町３丁目,9229,19378,1.33,0.41,14.4,9.7,58,50
27601730090,大阪八尾線,南北線,大阪市西区・大阪市中央区境,27106,0,0.1,大阪市西区新町３丁目,10149,大阪市西区新町３丁目,9229,19378,1.33,0.41,12.2,9.7,58,50
27601730100,大阪八尾線,大阪市西区・大阪市中央区境,一般国道２５号,27128,0,0.3,大阪市西区新町３丁目,10149,大阪市西区新町３丁目,9229,19378,1.33,0.43,13.8,14.3,58,50
27601730120,大阪八尾線,一般国道３０８号,大阪市東成区・大阪市生野区境,27115,0,0.4,大阪市生野区中川１丁目,16041,大阪市生野区中川１丁目,14140,30181,1.35,0.89,8,20.6,30,50
27601730130,大阪八尾線,大阪市東成区・大阪市生野区境,大阪環状線,27116,0,1.3,大阪市生野区中川１丁目,16041,大阪市生野区中川１丁目,14140,30181,1.35,0.89,25.2,26.1,30,50
27601730140,大阪八尾線,大阪環状線,平野守口線,27116,0,1,大阪市生野区巽北２丁目,11624,大阪市生野区巽北２丁目,11297,22921,1.33,0.7,18.2,23.8,25,50
27601730150,大阪八尾線,平野守口線,一般国道４７９号,27116,0,0.2,大阪市生野区巽北２丁目,11624,大阪市生野区巽北２丁目,11297,22921,1.33,0.7,19.4,10.2,25,50
27601730160,大阪八尾線,一般国道４７９号,,27116,0,0.4,大阪市生野区巽北２丁目,11624,大阪市生野区巽北２丁目,11297,22921,1.33,0.7,10.3,23.6,25,50
27601730170,大阪八尾線,,布施停車場線,27227,0,0.3,東大阪市大蓮東2丁目,7804,東大阪市大蓮東2丁目,6116,13920,1.32,0.42,21.3,16.7,17.75,40
27601730180,大阪八尾線,布施停車場線,大阪中央環状線,27227,0,3,東大阪市大蓮東2丁目,7804,東大阪市大蓮東2丁目,6116,13920,1.32,1.08,15.3,11.1,11.25,40
27601730190,大阪八尾線,大阪中央環状線,東大阪市・八尾市境,27227,0,0.2,東大阪市大蓮東2丁目,7804,東大阪市大蓮東2丁目,6116,13920,1.32,1.08,6.9,14.8,11.25,40
27601730200,大阪八尾線,東大阪市・八尾市境,大阪中央環状線（旧）,27212,0,0.7,東大阪市大蓮東2丁目,7804,東大阪市大蓮東2丁目,6116,13920,1.32,0.97,12.1,12.4,16.75,40
27601730220,大阪八尾線,大阪港八尾線,浪速鶴町線,27108,0,1,大阪市大正区鶴町３丁目,1246,大阪市大正区鶴町３丁目,1253,2499,1.27,0.09,16.8,20.1,30,40
27601740010,八尾道明寺線,大阪中央環状線,八尾枚方線,27212,0,0.6,八尾市萱振町4丁目,5420,八尾市萱振町4丁目,5514,10934,1.29,0.6,8.2,7.1,16,30
27601740020,八尾道明寺線,八尾枚方線,大阪港八尾線,27212,0,2.1,八尾市萱振町4丁目,5420,八尾市萱振町4丁目,5514,10934,1.29,0.6,13.2,11.3,16,30
27601740030,八尾道明寺線,大阪港八尾線,柏村南本町線,27212,0,1.5,八尾市萱振町4丁目,5420,八尾市萱振町4丁目,5514,10934,1.29,0.6,13.1,18.3,16,30
27601740040,八尾道明寺線,柏村南本町線,一般国道２５号,27212,0,0.6,八尾市萱振町4丁目,5420,八尾市萱振町4丁目,5514,10934,1.29,0.6,18,7.7,16,30
27601740060,八尾道明寺線,一般国道２５号,八尾市・柏原市境,27212,0,2.3,八尾市志紀町西1丁目,3275,八尾市志紀町西1丁目,2253,5528,1.27,0.66,16.4,18.1,13,40
27601740070,八尾道明寺線,八尾市・柏原市境,一般国道１７０号,27221,0,0.1,八尾市志紀町西1丁目,3275,八尾市志紀町西1丁目,2253,5528,1.27,0.3,19.5,3.3,17,40
27601740090,八尾道明寺線,一般国道１７０号,柏原市・八尾市境,27221,0,0.2,八尾市志紀町西1丁目,3275,八尾市志紀町西1丁目,2253,5528,1.27,0.6,3.6,19.6,9,40
27601740100,八尾道明寺線,柏原市・八尾市境,八尾市・藤井寺市境,27212,0,0.8,八尾市志紀町西1丁目,3275,八尾市志紀町西1丁目,2253,5528,1.27,0.69,10.9,9.8,11,30
27601740110,八尾道明寺線,八尾市・藤井寺市境,一般国道１７０号,27226,0,0.2,八尾市志紀町西1丁目,3275,八尾市志紀町西1丁目,2253,5528,1.27,0.53,23.5,3.7,8,30
27601740130,八尾道明寺線,一般国道１７０号,一般国道１７０号（旧）,27226,0,1,藤井寺市大井,5201,藤井寺市大井,5036,10237,1.28,0.9,11,29.4,6.5,30
27601770010,東高安停車場線,,一般国道１７０号（旧）,27212,0,0.8,,3433,,3592,7025,1.26,0.61,24.4,15.1,6.5,30
27601780010,八尾停車場線,,大阪港八尾線,27212,0,0.9,八尾市陽光園１丁目,1884,八尾市陽光園１丁目,3607,5491,1.26,0.62,12.5,12.6,12,40
27601790255,住吉八尾線,大阪狭山線,高速大和川線,27217,0,1.8,松原市天美東,12656,松原市天美東,11939,24595,1.31,0.47,38.7,40.7,25,50
27601790260,住吉八尾線,高速大和川線,一般国道３０９号,27217,0,0.7,,9055,,8172,17227,1.31,1.16,24.9,13,25,50
27601790010,住吉八尾線,一般国道３０９号,住吉八尾線,27217,0,0.1,,7608,,6244,13852,1.3,0.84,10.2,17.4,55.5,50
27601790020,住吉八尾線,住吉八尾線,大阪羽曳野線,27217,0,1.5,松原市三宅中,8855,松原市三宅中,8978,17833,1.32,1.09,22,31.7,55.5,50
27601790030,住吉八尾線,大阪羽曳野線,高速大阪松原線,27126,0,0.2,松原市三宅中,8855,松原市三宅中,8978,17833,1.32,0.32,21.3,24.6,55.5,50
27601790040,住吉八尾線,高速大阪松原線,大阪市平野区・松原市境,27126,0,0,松原市三宅中,8855,松原市三宅中,8978,17833,1.32,0.32,57,14.5,55.5,50
27601790050,住吉八尾線,大阪市平野区・松原市境,大阪羽曳野線,27217,0,0.2,松原市三宅中,8855,松原市三宅中,8978,17833,1.32,0.32,42.7,9.3,55.5,50
27601790060,住吉八尾線,大阪羽曳野線,大阪羽曳野線,27217,0,0.1,松原市三宅中,8855,松原市三宅中,8978,17833,1.32,0.32,26.2,7.7,55.5,50
27601790070,住吉八尾線,大阪羽曳野線,大阪中央環状線,27217,0,0.1,松原市三宅中,8855,松原市三宅中,8978,17833,1.32,1.09,22.7,34.2,55.5,50
27601790110,住吉八尾線,住吉八尾線,,27217,0,0.2,,,,,,,,14.3,23.6,15,40
27601790120,住吉八尾線,,,27126,0,0.5,大阪市平野区瓜破6丁目,4319,大阪市平野区瓜破6丁目,4662,8981,1.22,0.94,22.9,17.9,10.9,40
27601790130,住吉八尾線,,,27126,0,1.2,大阪市平野区瓜破6丁目,4319,大阪市平野区瓜破6丁目,4662,8981,1.22,0.94,18.6,14.3,10.9,40
27601790140,住吉八尾線,,平野区第２００２－０１号線,27126,0,0.8,大阪市平野区瓜破東２丁目,16443,大阪市平野区瓜破東２丁目,15904,32347,1.35,0.7,14,25.7,30,60
27601790150,住吉八尾線,平野区第２００２－０１号線,大阪羽曳野線,27126,0,0.7,大阪市平野区瓜破東２丁目,16443,大阪市平野区瓜破東２丁目,15904,32347,1.35,0.7,27.8,25.6,30,60
27601790160,住吉八尾線,大阪羽曳野線,住吉八尾線,27126,0,0.4,大阪市平野区瓜破東２丁目,16443,大阪市平野区瓜破東２丁目,15904,32347,1.35,0.7,28.8,24.6,30,60
27601790170,住吉八尾線,住吉八尾線,大阪中央環状線,27126,0,0.2,大阪市平野区瓜破東２丁目,16443,大阪市平野区瓜破東２丁目,15904,32347,1.35,0.7,18.6,5.8,30,60
27601790090,住吉八尾線,一般国道２５号,大阪港八尾線,27212,0,1.5,八尾市跡部北の町３丁目,3437,八尾市跡部北の町３丁目,3487,6924,1.17,6.85,14.3,14.3,3.25,20
27601790190,住吉八尾線,,,27126,0,2,,,,,,,,16.3,14.3,10,30
27401790180,住吉八尾線,大阪市東住吉区・大阪市平野区境,,27126,0,0.8,,,,,,,,36.6,62.4,5.75,20
27601790210,住吉八尾線,出戸川辺線,大阪羽曳野線,27126,0,0.2,,,,,,,,8.9,8.7,10,30
27601790230,住吉八尾線,,住吉八尾線,27126,0,0.7,,,,,,,,15.3,15.3,10,30
27601790240,住吉八尾線,住吉八尾線,大阪中央環状線,27126,0,0.9,,,,,,,,12.6,12.1,10,30
27601810010,山本黒谷線,一般国道１７０号（旧）,一般国道１７０号,27212,0,0.3,八尾市高安町南７丁目,1570,八尾市高安町南７丁目,2031,3601,1.26,0.52,14.4,13.6,5,20
27601810020,山本黒谷線,一般国道１７０号,八尾茨木線,27212,0,0.7,八尾市高安町南７丁目,1570,八尾市高安町南７丁目,2031,3601,1.26,0.52,6.4,10,5,20
27601820010,柏村南本町線,八尾茨木線,八尾道明寺線,27212,0,1.3,八尾市八尾木2丁目,3924,八尾市八尾木2丁目,3908,7832,1.27,0.85,17.3,16.2,12,40
27601830010,本堂高井田線,信貴山線,本堂高井田線,27221,0,0.7,柏原市高井田,3956,柏原市高井田,4020,7976,1.42,0.47,48.8,49.8,6.25,30
27601830030,本堂高井田線,本堂高井田線,一般国道２５号,27221,0,7,柏原市高井田,3956,柏原市高井田,4020,7976,1.42,0.48,29.7,23.7,6.25,30
27601860010,大阪羽曳野線,一般国道４７９号,平野区第２００２－０１号線,27126,0,1,大阪市平野区平野本町５丁目,9335,大阪市平野区平野本町５丁目,9824,19159,1.32,0.71,23.9,22.5,25.5,50
27601860020,大阪羽曳野線,平野区第２００２－０１号線,加美１３号線,27126,0,0.2,大阪市平野区平野本町５丁目,9335,大阪市平野区平野本町５丁目,9824,19159,1.32,0.71,16.1,16.6,25.5,50
27601860030,大阪羽曳野線,加美１３号線,住吉八尾線,27126,0,1.4,大阪市平野区長吉出戸２丁目,5606,大阪市平野区長吉出戸２丁目,5160,10766,1.29,0.43,12.9,13.5,25.5,50
27601860040,大阪羽曳野線,住吉八尾線,住吉八尾線,27126,0,0.6,大阪市平野区長吉長原２丁目,3533,大阪市平野区長吉長原２丁目,3924,7457,1.25,0.72,11.5,18.1,11.8,40
27601860050,大阪羽曳野線,住吉八尾線,出戸川辺線,27126,0,0.6,大阪市平野区長吉長原２丁目,3533,大阪市平野区長吉長原２丁目,3924,7457,1.25,0.72,21.5,16.8,11.8,40
27601860060,大阪羽曳野線,出戸川辺線,大阪羽曳野線,27126,0,0.5,大阪市平野区長吉長原２丁目,3533,大阪市平野区長吉長原２丁目,3924,7457,1.25,0.72,15.2,15.4,11.8,40
27601860070,大阪羽曳野線,大阪羽曳野線,住吉八尾線,27126,0,0.3,大阪市平野区長吉長原２丁目,3533,大阪市平野区長吉長原２丁目,3924,7457,1.25,0.72,11.7,9.8,11.8,40
27601860090,大阪羽曳野線,住吉八尾線,大阪羽曳野線,27217,0,0.1,松原市若林町1丁目,10220,松原市若林町1丁目,7709,17929,1.38,1.24,9.7,20.7,9.75,40
27601860100,大阪羽曳野線,大阪羽曳野線,松原市・八尾市境,27217,0,1.1,松原市若林町1丁目,10220,松原市若林町1丁目,7709,17929,1.38,1.02,24.1,18.7,7.75,40
27601860110,大阪羽曳野線,松原市・八尾市境,八尾市・藤井寺市境,27212,0,0,松原市若林町1丁目,10220,松原市若林町1丁目,7709,17929,1.38,0.97,25.5,8.7,5.75,40
27601860120,大阪羽曳野線,八尾市・藤井寺市境,藤井寺市・八尾市境,27226,0,0.1,松原市若林町1丁目,10220,松原市若林町1丁目,7709,17929,1.38,1.22,21,8.9,5.75,40
27601860130,大阪羽曳野線,藤井寺市・八尾市境,八尾市・藤井寺市境,27212,0,0.4,松原市若林町1丁目,10220,松原市若林町1丁目,7709,17929,1.38,0.97,24.1,5.4,5.75,40
27601860140,大阪羽曳野線,八尾市・藤井寺市境,大阪中央環状線（旧）,27226,0,0,松原市若林町1丁目,10220,松原市若林町1丁目,7709,17929,1.38,0.97,13.7,5.8,5.75,40
27601860150,大阪羽曳野線,大阪中央環状線（旧）,藤井寺市・八尾市境,27226,0,0.1,松原市若林町1丁目,10220,松原市若林町1丁目,7709,17929,1.38,1.22,8.6,15.8,6.75,40
27601860160,大阪羽曳野線,藤井寺市・八尾市境,八尾市・藤井寺市境,27212,0,0.1,松原市若林町1丁目,10220,松原市若林町1丁目,7709,17929,1.38,0.97,9,25.3,7.75,40
27601860170,大阪羽曳野線,八尾市・藤井寺市境,一般国道１７０号,27226,0,1.4,松原市若林町1丁目,10220,松原市若林町1丁目,7709,17929,1.38,1.01,27.6,19,7.75,40
27601860190,大阪羽曳野線,大阪中央環状線（旧）,西藤井寺線,27226,0,0.5,藤井寺市藤井寺２丁目,3578,藤井寺市藤井寺２丁目,2798,6376,1.26,0.79,8.2,11.2,9.5,40
27601860200,大阪羽曳野線,西藤井寺線,一般国道１７０号,27226,0,1,藤井寺市藤井寺２丁目,3578,藤井寺市藤井寺２丁目,2798,6376,1.26,0.59,12.2,12.6,17.5,40
27601860220,大阪羽曳野線,一般国道１７０号,藤井寺市・羽曳野市境,27226,0,0.7,藤井寺市藤井寺２丁目,3578,藤井寺市藤井寺２丁目,2798,6376,1.26,0.54,22.6,19,9.5,40
27601860230,大阪羽曳野線,藤井寺市・羽曳野市境,堺羽曳野線（旧）,27222,0,0,藤井寺市藤井寺２丁目,3578,藤井寺市藤井寺２丁目,2798,6376,1.26,0.5,14.4,7.8,6.5,40
27601860250,大阪羽曳野線,大阪羽曳野線,,27126,0,0.4,,4237,,3937,8174,1.27,0.69,20.4,28,11.8,40
27601860270,大阪羽曳野線,住吉八尾線,大阪羽曳野線,27217,0,0.1,,10385,,7778,18163,1.32,1.25,11.6,12.8,6.95,40
27601870010,大堀堺線,住吉八尾線,大堀堺線,27217,0,0.1,松原市三宅東4丁目,2061,松原市三宅東4丁目,2206,4267,1.22,0.5,8.1,18.7,10.8,40
27601870020,大堀堺線,大堀堺線,郡戸大堀線,27217,0,0.1,松原市三宅東4丁目,2061,松原市三宅東4丁目,2206,4267,1.22,0.4,9.4,17.7,10.8,40
27601870030,大堀堺線,郡戸大堀線,松原市・大阪市平野区境,27217,0,0.2,松原市三宅東4丁目,2061,松原市三宅東4丁目,2206,4267,1.22,0.58,13.5,26.3,7.5,40
27601870040,大堀堺線,松原市・大阪市平野区境,大阪市平野区・松原市境,27126,0,0.1,松原市三宅東4丁目,2061,松原市三宅東4丁目,2206,4267,1.22,0.45,24.1,26,7.5,40
27601870050,大堀堺線,大阪市平野区・松原市境,一般国道３０９号,27217,0,1.8,松原市三宅東4丁目,2061,松原市三宅東4丁目,2206,4267,1.22,0.59,20.8,15.2,19.3,40
27601870055,大堀堺線,一般国道３０９号,大阪狭山線,27217,0,0.9,松原市三宅東4丁目,2061,松原市三宅東4丁目,2206,4267,1.22,0.59,10.3,20.4,19.3,40
27601870060,大堀堺線,大阪狭山線,大阪狭山線（旧）,27217,0,0.9,松原市三宅東4丁目,2061,松原市三宅東4丁目,2206,4267,1.22,0.59,17.2,11.5,19.3,40
27601870080,大堀堺線,大阪狭山線,,27217,0,0.5,,4274,,4015,8289,1.27,0.65,13.1,17.5,15.1,40
27601870090,大堀堺線,,大阪高石線（新）,27146,0,0.6,堺市北区北花田町2丁目,5728,堺市北区北花田町2丁目,5061,10789,1.29,0.9,15.3,13.5,19.35,40
27601870100,大堀堺線,大阪高石線（新）,大阪高石線,27146,0,1.2,堺市北区東浅香山町4丁,6881,堺市北区東浅香山町4丁,6449,13330,1.28,1.15,15.5,16.9,19.35,40
27601870110,大堀堺線,大阪高石線,堺市北区・堺市堺区境,27146,0,0.1,堺市北区東浅香山町4丁,6881,堺市北区東浅香山町4丁,6449,13330,1.28,1.15,24.6,17.1,19.35,40
27601870120,大堀堺線,堺市北区・堺市堺区境,大阪和泉泉南線,27141,0,1.4,堺市北区東浅香山町4丁,6881,堺市北区東浅香山町4丁,6449,13330,1.28,1.28,16.3,11.9,15,40
27601870130,大堀堺線,大阪和泉泉南線,砂道翁橋線,27141,0,0.3,堺市堺区錦之町西3丁,6519,堺市堺区錦之町西3丁,5313,11832,1.29,1.56,7.1,14.9,15,40
27601870140,大堀堺線,砂道翁橋線,大道筋,27141,0,0.2,堺市堺区錦之町西3丁,6519,堺市堺区錦之町西3丁,5313,11832,1.29,1.56,12.9,14.5,15,40
27601870150,大堀堺線,大道筋,一般国道２６号,27141,0,0.7,堺市堺区錦之町西3丁,6519,堺市堺区錦之町西3丁,5313,11832,1.29,1.56,17.3,11.3,15,40
27601870170,大堀堺線（新）,郡戸大堀線,大阪中央環状線,27217,0,0.4,松原市阿保,6875,松原市阿保,6754,13629,1.29,0.99,12.2,7.9,15.8,40
27601870180,大堀堺線（新）,大阪中央環状線,一般国道３０９号,27217,0,1.7,松原市阿保,6875,松原市阿保,6754,13629,1.29,0.99,16.5,12.7,15.6,40
27601870190,大堀堺線（新）,一般国道３０９号,大阪狭山線,27217,0,1.6,松原市田井城,5583,松原市田井城,5238,10821,1.28,0.63,13.3,23.1,27,40
27601870210,大堀堺線,住吉八尾線,大堀堺線,27217,0,0.1,,3207,,3304,6511,1.27,0.47,17.9,15.7,7,40
27601870240,大堀堺線（新）,大阪狭山線,大阪狭山線,27217,0,0.5,,,,,,,,14.6,15.2,16,40
27601880010,郡戸大堀線,西藤井寺線,堺羽曳野線,27222,0,0.8,羽曳野市南恵我之荘１丁目,2272,羽曳野市南恵我之荘１丁目,2261,4533,1.25,1.2,18.3,16.4,6.5,30
27601880020,郡戸大堀線,堺羽曳野線,堺大和高田線,27222,0,1.9,羽曳野市南恵我之荘１丁目,2272,羽曳野市南恵我之荘１丁目,2261,4533,1.25,0.36,13.8,14.5,8,30
27601880030,郡戸大堀線,堺大和高田線,羽曳野市・松原市境,27222,0,0.1,羽曳野市南恵我之荘１丁目,2272,羽曳野市南恵我之荘１丁目,2261,4533,1.25,0.32,5.6,13,5,30
27601880040,郡戸大堀線,羽曳野市・松原市境,大堀堺線（新）,27217,0,0.7,羽曳野市南恵我之荘１丁目,2272,羽曳野市南恵我之荘１丁目,2261,4533,1.25,0.19,10.5,13.8,10.3,30
27601880050,郡戸大堀線,大堀堺線（新）,大阪中央環状線,27217,0,0.5,羽曳野市南恵我之荘１丁目,2272,羽曳野市南恵我之荘１丁目,2261,4533,1.25,0.29,17.5,6.7,8,30
27601880060,郡戸大堀線,大阪中央環状線,大堀堺線,27217,0,0.5,羽曳野市南恵我之荘１丁目,2272,羽曳野市南恵我之荘１丁目,2261,4533,1.25,0.24,10.2,13.7,10.15,30
27601890010,道明寺停車場線,,一般国道１７０号（旧）,27226,0,0.6,,583,,569,1152,1.18,0.47,15.1,12.9,5.5,30
27601900010,西藤井寺線,堺富田林線,堺市東区・堺市美原区境,27143,0,1.4,,3521,,3264,6785,1.26,1.08,16.4,16.9,10,30
27601900020,西藤井寺線,堺市東区・堺市美原区境,大阪狭山線,27147,0,0.3,,3521,,3264,6785,1.26,0.9,21.1,14.7,9.4,40
27601900025,西藤井寺線,大阪狭山線,西藤井寺線,27147,0,0.8,堺市美原区太井,4300,堺市美原区太井,3632,7932,1.27,0.94,17.5,17.8,7,40
27601900030,西藤井寺線,西藤井寺線,一般国道３０９号,27147,0,0.3,,3521,,3264,6785,1.26,1.1,14.9,8.3,5.5,40
27601900050,西藤井寺線,一般国道３０９号,泉大津美原線（新）,27147,0,0.1,堺市美原区多治井,1819,堺市美原区多治井,1532,3351,1.25,0.65,,,6.95,30
27601900060,西藤井寺線,泉大津美原線（新）,美原太子線（新）,27147,0,1.8,堺市美原区多治井,1819,堺市美原区多治井,1532,3351,1.25,0.44,16.5,13.8,5.01,40
27601900080,西藤井寺線,美原太子線（新）,郡戸大堀線,27222,0,0.4,,1975,,1953,3928,1.25,0.38,15.4,22.5,10,30
27601900090,西藤井寺線,郡戸大堀線,堺羽曳野線,27222,0,1.8,,1975,,1953,3928,1.25,0.22,17,,8,30
27601900110,西藤井寺線,堺羽曳野線,羽曳野市・藤井寺市境,27222,0,1,,1975,,1953,3928,1.25,0.46,14.9,17.2,8.5,30
27601900120,西藤井寺線,羽曳野市・藤井寺市境,大阪羽曳野線,27226,0,1.1,,1975,,1953,3928,1.25,0.45,16.5,11,8.5,30
27601900140,西藤井寺線,一般国道３０９号,泉大津美原線（新）,27147,0,0.6,堺市美原区黒山,812,堺市美原区黒山,866,1678,1.2,0.21,12.4,12.2,16.7,40
27601900160,西藤井寺線,,,27222,0,0.5,羽曳野市学園前,804,羽曳野市学園前,886,1690,1.2,0.17,37.2,23.5,23.8,40
27601900200,西藤井寺線,西藤井寺線,一般国道３０９号,27147,0,0.4,,,,,,,,,,6.5,40
27601910010,島泉伊賀線,堺大和高田線,堺羽曳野線,27222,0,2.4,羽曳野市高鷲７丁目,2819,羽曳野市高鷲７丁目,2701,5520,1.31,0.82,15,13.4,9,30
27601920010,我堂金岡線（新）,大阪狭山線,,27217,0,0.7,,10872,,11388,22260,1.33,0.66,21.5,18.3,22.1,60
27601920070,我堂金岡線,堺大和高田線,,27146,0,0.7,,3119,,3265,6384,1.33,0.61,17.7,19.7,5.9,30
27601920080,我堂金岡線,,我堂金岡線（新）,27146,0,0.3,,,,,,,,28.6,6,16.9,30
27601920090,我堂金岡線,大阪中央環状線,堺富田林線,27146,0,1.4,堺市北区金岡町,3070,堺市北区金岡町,3018,6088,1.25,0.79,17.2,16.6,6.64,30
27601920020,我堂金岡線（新）,,堺大和高田線,27146,0,0.2,堺市北区南花田町,10788,堺市北区南花田町,10349,21137,1.28,0.75,18.6,7.5,22,40
27601920025,我堂金岡線（新）,堺大和高田線,我堂金岡線,27146,0,0.8,堺市北区新金岡町5丁,9571,堺市北区新金岡町5丁,10204,19775,1.32,0.58,15.6,25,22.5,40
27601920030,我堂金岡線（新）,我堂金岡線,,27146,0,0.1,堺市北区新金岡町5丁,9571,堺市北区新金岡町5丁,10204,19775,1.32,0.67,18.8,21.3,22,40
27601920040,我堂金岡線（新）,,大阪中央環状線,27146,0,0.9,堺市北区新金岡町5丁,9571,堺市北区新金岡町5丁,10204,19775,1.32,1,22.8,14.8,22.95,40
27601920050,我堂金岡線（新）,大阪中央環状線,,27146,0,0.4,堺市北区金岡町,6350,堺市北区金岡町,4709,11059,1.28,0.47,12.3,14.8,22.95,40
27601950010,堺港線,大阪臨海線（旧）,高速湾岸線,27141,0,0.2,堺市堺区大浜北町4丁,7388,堺市堺区大浜北町4丁,9591,16979,1.33,0.68,35.9,35.5,27.35,40
27601950020,堺港線,高速湾岸線,一般国道２６号,27141,0,0.5,堺市堺区大浜北町4丁,7388,堺市堺区大浜北町4丁,9591,16979,1.33,0.68,24.3,14.4,27.35,40
27601970010,深井畑山宿院線,泉大津美原線（新）,新家深井線,27142,0,1.5,堺市中区土塔町,2507,堺市中区土塔町,2983,5490,1.26,0.73,13.7,15,7.4,30
27601970020,深井畑山宿院線,新家深井線,西鳳東線,27142,0,0.6,堺市中区土塔町,2507,堺市中区土塔町,2983,5490,1.26,0.73,17.2,17.8,7.4,30
27601970030,深井畑山宿院線,西鳳東線,堺市中区・堺市北区境,27142,0,0.5,堺市中区土塔町,2507,堺市中区土塔町,2983,5490,1.26,0.73,14.9,19.6,7.4,30
27601970040,深井畑山宿院線,堺市中区・堺市北区境,大阪高石線（新）,27146,0,0.5,堺市中区土塔町,2507,堺市中区土塔町,2983,5490,1.26,0.65,17.2,9.9,9.9,30
27601970050,深井畑山宿院線,大阪高石線（新）,大阪高石線,27146,0,0.3,堺市北区百舌鳥赤畑町5丁,2504,堺市北区百舌鳥赤畑町5丁,2604,5108,1.25,0.64,4.7,11.1,9.9,30
27601970060,深井畑山宿院線,大阪高石線,堺市北区・堺市堺区境,27146,0,0.9,堺市北区百舌鳥赤畑町5丁,2504,堺市北区百舌鳥赤畑町5丁,2604,5108,1.25,0.64,14.6,12.7,9.9,30
27601970070,深井畑山宿院線,堺市北区・堺市堺区境,大阪和泉泉南線,27141,0,1.4,堺市北区百舌鳥赤畑町5丁,2504,堺市北区百舌鳥赤畑町5丁,2604,5108,1.25,0.72,16.3,11.3,13.5,40
27601970080,深井畑山宿院線,大阪和泉泉南線,一般国道２６号,27141,0,0.6,堺市堺区大仙西町5丁,5253,堺市堺区大仙西町5丁,5235,10488,1.28,0.68,11.1,17.9,22.2,40
27601970090,深井畑山宿院線,一般国道２６号,,27141,0,0.5,堺市堺区大仙西町１丁,5076,堺市堺区大仙西町１丁,6151,11227,1.3,0.58,17.9,20.7,21.4,50
27601970100,深井畑山宿院線,,一般国道２６号,27141,0,0.9,堺市堺区少林寺町東1丁,5480,堺市堺区少林寺町東1丁,6348,11828,1.29,0.46,17.2,17.2,49.35,50
27601980010,河内長野美原線,一般国道３１０号,河内長野市・富田林市境,27216,0,0.2,,5024,,3823,8847,1.27,1.72,15.2,13.7,6.5,30
27601980020,河内長野美原線,河内長野市・富田林市境,富田林泉大津線（旧）,27214,0,0.1,,5024,,3823,8847,1.27,1.38,9.1,15.7,6.5,30
27601980040,河内長野美原線,富田林泉大津線（旧）,富田林市・大阪狭山市境,27214,0,1.5,,5024,,3823,8847,1.27,1.38,24.6,22.8,8,30
27601980050,河内長野美原線,富田林市・大阪狭山市境,森屋狭山線,27231,0,1,,5024,,3823,8847,1.27,0.84,15.6,14.4,9.5,30
27601980060,河内長野美原線,森屋狭山線,富田林狭山線,27231,0,1.4,,5024,,3823,8847,1.27,0.89,11.5,16.3,9.5,30
27601980070,河内長野美原線,富田林狭山線,富田林狭山線,27231,0,0.1,,5024,,3823,8847,1.27,0.89,8.1,8.8,6.5,30
27601980080,河内長野美原線,富田林狭山線,泉大津美原線,27231,0,1.6,,5024,,3823,8847,1.27,0.82,16.2,18.6,8,30
27601980100,河内長野美原線,泉大津美原線,,27231,0,0.3,,5024,,3823,8847,1.27,0.76,10.2,25,6.5,30
27601980110,河内長野美原線,,一般国道３０９号,27147,0,0.8,堺市美原区平尾,4674,堺市美原区平尾,6694,11368,1.28,1.02,33.1,14.9,6.65,40
27601990010,西鳳東線,堺富田林線,堺市東区・堺市中区境,27143,0,0.9,堺市東区日置荘西町7丁,3356,堺市東区日置荘西町7丁,3411,6767,1.26,0.88,13.7,17.5,8.8,30
27601990020,西鳳東線,堺市東区・堺市中区境,一般国道３１０号,27142,0,0.4,堺市東区日置荘西町7丁,3356,堺市東区日置荘西町7丁,3411,6767,1.26,0.67,16.7,8.7,8.05,30
27601990030,西鳳東線,一般国道３１０号,新家深井線,27142,0,0.9,堺市中区深井中町,4038,堺市中区深井中町,2506,6544,1.26,0.8,11.6,14.3,8.05,30
27601990040,西鳳東線,新家深井線,深井畑山宿院線,27142,0,0.7,堺市中区深井中町,4038,堺市中区深井中町,2506,6544,1.26,0.8,18.4,19,8.05,30
27601990050,西鳳東線,深井畑山宿院線,堺狭山線,27142,0,0.8,堺市中区深井中町,4038,堺市中区深井中町,2506,6544,1.26,0.8,17.6,14.5,8.05,30
27601990060,西鳳東線,堺狭山線,大阪高石線,27142,0,0.5,堺市中区深井中町,4038,堺市中区深井中町,2506,6544,1.26,0.8,8.4,10.7,8.05,30
27602000010,上河内富田林線,一般国道３０９号,柏原駒ケ谷千早赤阪線,27382,0,6.1,南河内郡河南町白木,2945,南河内郡河南町白木,2863,5808,1.27,0.71,30.2,30.2,10.5,30
27602000030,上河内富田林線,柏原駒ケ谷千早赤阪線,河南町・富田林市境,27382,0,0.3,南河内郡河南町白木,2945,南河内郡河南町白木,2863,5808,1.27,0.74,17.8,25.4,7,30
27602000040,上河内富田林線,河南町・富田林市境,富田林五条線,27214,0,0.8,南河内郡河南町白木,2945,南河内郡河南町白木,2863,5808,1.27,0.59,33.1,29.7,9,30
27602010010,甘南備川向線,東阪三日市線,森屋狭山線,27214,0,3.1,富田林市佐備,3367,富田林市佐備,3509,6876,1.26,0.64,32.4,30.4,12.3,40
27602010020,甘南備川向線,森屋狭山線,一般国道３０９号,27214,0,1.2,富田林市佐備,3367,富田林市佐備,3509,6876,1.26,0.82,25,17.7,10.5,40
27602010030,甘南備川向線,一般国道３０９号,富田林五条線,27214,0,1.3,富田林市佐備,3367,富田林市佐備,3509,6876,1.26,0.8,17,10.6,10.5,40
27602020010,森屋狭山線,富田林五条線,千早赤阪村・富田林市境,27383,0,0.8,富田林市彼方,3191,富田林市彼方,3183,6374,1.26,1.18,29.1,33.3,6.5,40
27602020020,森屋狭山線,千早赤阪村・富田林市境,甘南備川向線,27214,0,1.7,富田林市彼方,3191,富田林市彼方,3183,6374,1.26,1.28,35.6,35.1,6.5,40
27602020030,森屋狭山線,甘南備川向線,一般国道１７０号（旧）,27214,0,1.7,富田林市彼方,3191,富田林市彼方,3183,6374,1.26,1.18,27.8,22.7,8,40
27602020040,森屋狭山線,一般国道１７０号（旧）,一般国道１７０号,27214,0,1.1,富田林市彼方,3191,富田林市彼方,3183,6374,1.26,1.23,16.1,12.5,8,40
27602020060,森屋狭山線,一般国道１７０号,富田林狭山線,27214,0,0.6,富田林市高辺台,10017,富田林市高辺台,8983,19000,1.33,1.16,23,20.1,12,40
27602020070,森屋狭山線,富田林狭山線,一般国道３０９号,27214,0,0.5,富田林市高辺台,10017,富田林市高辺台,8983,19000,1.33,1.32,14.3,12.2,12,40
27602020080,森屋狭山線,一般国道３０９号,富田林市・大阪狭山市境,27214,0,1.7,富田林市高辺台,10017,富田林市高辺台,8983,19000,1.33,1.32,11.8,13,12,40
27602020090,森屋狭山線,富田林市・大阪狭山市境,河内長野美原線,27231,0,0.5,富田林市高辺台,10017,富田林市高辺台,8983,19000,1.33,1.18,11.5,17.4,12,40
27602020100,森屋狭山線,河内長野美原線,,27231,0,0.6,富田林市高辺台,10017,富田林市高辺台,8983,19000,1.33,1.27,21.9,15.7,12,40
27602020110,森屋狭山線,,一般国道３１０号,27231,0,0.1,富田林市高辺台,10017,富田林市高辺台,8983,19000,1.33,1.06,46,10,12,40
27602030010,富田林狭山線,一般国道１７０号（旧）,一般国道１７０号,27214,0,0.8,富田林市五軒家,3737,富田林市五軒家,4007,7744,1.27,1.36,19.9,,11.75,40
27602030020,富田林狭山線,一般国道１７０号,森屋狭山線,27214,0,0.6,富田林市五軒家,3737,富田林市五軒家,4007,7744,1.27,0.66,12.8,13.1,11.75,40
27602030040,富田林狭山線,一般国道３０９号,富田林市・大阪狭山市境,27214,0,1.2,富田林市五軒家,3737,富田林市五軒家,4007,7744,1.27,0.79,19.9,20,11.75,40
27602030050,富田林狭山線,富田林市・大阪狭山市境,河内長野美原線,27231,0,0.5,富田林市五軒家,3737,富田林市五軒家,4007,7744,1.27,0.73,25.6,7.7,11.75,40
27602030070,富田林狭山線,河内長野美原線,大阪狭山線,27231,0,0.6,富田林市五軒家,3737,富田林市五軒家,4007,7744,1.27,0.79,10.1,17.5,7.75,40
27602040010,堺阪南線,堺狭山線,臨海１号線,27144,0,0.3,堺市西区浜寺石津町西4丁,10409,堺市西区浜寺石津町西4丁,7697,18106,1.32,0.69,18,7.1,27.3,50
27602040020,堺阪南線,臨海１号線,浜寺公園停車場線,27144,0,2.3,堺市西区浜寺石津町西4丁,10409,堺市西区浜寺石津町西4丁,7697,18106,1.32,0.69,14.8,20.3,27.3,50
27602040030,堺阪南線,浜寺公園停車場線,大阪高石線,27144,0,0.2,堺市西区浜寺石津町西4丁,10409,堺市西区浜寺石津町西4丁,7697,18106,1.32,0.69,28.3,20.1,27.3,50
27602040040,堺阪南線,大阪高石線,,27144,0,0.1,堺市西区浜寺石津町西4丁,10409,堺市西区浜寺石津町西4丁,7697,18106,1.32,0.69,16.8,20,27.3,50
27602040050,堺阪南線,,羽衣停車場線,27225,0,0.5,高石市千代田5丁目,4809,高石市千代田5丁目,4286,9095,1.31,0.31,28,12.9,22.5,50
27602040060,堺阪南線,羽衣停車場線,信太高石線（新）,27225,0,0.9,高石市千代田5丁目,4809,高石市千代田5丁目,4286,9095,1.31,0.72,18.9,20.2,16,50
27602040070,堺阪南線,信太高石線（新）,信太高石線,27225,0,0.5,高石市千代田5丁目,4809,高石市千代田5丁目,4286,9095,1.31,0.79,20,13.9,13,50
27602040080,堺阪南線,信太高石線,高石停車場線,27225,0,0.4,高石市千代田5丁目,4809,高石市千代田5丁目,4286,9095,1.31,0.69,14.6,23.3,16.5,50
27602040090,堺阪南線,高石停車場線,高石市・泉大津市境,27225,0,0.8,高石市千代田5丁目,4809,高石市千代田5丁目,4286,9095,1.31,0.69,23.9,18.5,16.5,50
27602040100,堺阪南線,高石市・泉大津市境,泉大津美原線（新）,27206,0,0.1,高石市千代田5丁目,4809,高石市千代田5丁目,4286,9095,1.31,0.71,16.1,10.3,16.5,50
27602040110,堺阪南線,泉大津美原線（新）,富田林泉大津線（新）,27206,0,0.8,泉北郡忠岡町忠岡北1丁目,9154,泉北郡忠岡町忠岡北1丁目,7513,16667,1.35,1.44,13.1,23,15.5,50
27602040120,堺阪南線,富田林泉大津線（新）,泉大津美原線,27206,0,0.3,泉北郡忠岡町忠岡北1丁目,9154,泉北郡忠岡町忠岡北1丁目,7513,16667,1.35,0.44,21.8,19.3,22.5,50
27602040130,堺阪南線,泉大津美原線,富田林泉大津線,27206,0,1.5,泉北郡忠岡町忠岡北1丁目,9154,泉北郡忠岡町忠岡北1丁目,7513,16667,1.35,0.79,19,16.2,16,50
27602040140,堺阪南線,富田林泉大津線,泉大津市・忠岡町境,27206,0,0.8,泉北郡忠岡町忠岡北1丁目,9154,泉北郡忠岡町忠岡北1丁目,7513,16667,1.35,1.59,21.7,24.6,16,50
27602040150,堺阪南線,泉大津市・忠岡町境,田治米忠岡線,27341,0,0.8,泉北郡忠岡町忠岡北1丁目,9154,泉北郡忠岡町忠岡北1丁目,7513,16667,1.35,1.61,19.2,17.3,14,50
27602040160,堺阪南線,田治米忠岡線,忠岡町・岸和田市境,27341,0,0.1,泉北郡忠岡町忠岡北1丁目,9154,泉北郡忠岡町忠岡北1丁目,7513,16667,1.35,1.51,18,18.5,14,50
27602040170,堺阪南線,忠岡町・岸和田市境,岸和田牛滝山貝塚線（新）,27202,0,0.5,泉北郡忠岡町忠岡北1丁目,9154,泉北郡忠岡町忠岡北1丁目,7513,16667,1.35,1.34,21.3,12.3,20,50
27602040180,堺阪南線,岸和田牛滝山貝塚線（新）,久米田東西線,27202,0,2,泉北郡忠岡町忠岡北1丁目,9154,泉北郡忠岡町忠岡北1丁目,7513,16667,1.35,1.38,18.7,14.7,16,50
27602040190,堺阪南線,久米田東西線,春木岸和田線,27202,0,0.6,泉北郡忠岡町忠岡北1丁目,9154,泉北郡忠岡町忠岡北1丁目,7513,16667,1.35,1.51,14.7,17.1,18,50
27602040200,堺阪南線,春木岸和田線,岸和田港塔原線,27202,0,0.5,泉北郡忠岡町忠岡北1丁目,9154,泉北郡忠岡町忠岡北1丁目,7513,16667,1.35,1.51,17.3,17.5,18,50
27602040210,堺阪南線,岸和田港塔原線,岸和田市・貝塚市境,27202,0,1.1,貝塚市脇浜1丁目,5182,貝塚市脇浜1丁目,7048,12230,1.26,1,18.4,20,18,50
27602040220,堺阪南線,岸和田市・貝塚市境,,27208,0,1,貝塚市脇浜1丁目,5182,貝塚市脇浜1丁目,7048,12230,1.26,0.71,20.5,17.9,16,40
27602040230,堺阪南線,,岸和田牛滝山貝塚線（新）,27208,0,1,貝塚市脇浜1丁目,5182,貝塚市脇浜1丁目,7048,12230,1.26,0.8,22.7,16.2,16,40
27602040240,堺阪南線,岸和田牛滝山貝塚線（新）,和歌山貝塚線,27208,0,1,貝塚市脇浜1丁目,5182,貝塚市脇浜1丁目,7048,12230,1.26,0.75,16.1,22,16,40
27602040250,堺阪南線,和歌山貝塚線,貝塚市・泉佐野市境,27208,0,0.6,貝塚市脇浜1丁目,5182,貝塚市脇浜1丁目,7048,12230,1.26,0.77,21.5,24.6,16,40
27602040260,堺阪南線,貝塚市・泉佐野市境,泉佐野熊取線,27213,0,0.3,貝塚市脇浜1丁目,5182,貝塚市脇浜1丁目,7048,12230,1.26,1.1,27.4,21.2,27,40
27602040270,堺阪南線,泉佐野熊取線,枚方富田林泉佐野線,27213,0,1,貝塚市脇浜1丁目,5182,貝塚市脇浜1丁目,7048,12230,1.26,0.96,25.5,17.9,24,40
27602040290,堺阪南線,泉佐野岩出線,泉佐野岩出線（新）,27228,0,0.7,泉南市男里4丁目,5986,泉南市男里4丁目,6052,12038,1.25,0.65,25.1,16.2,13.6,40
27602040300,堺阪南線,泉佐野岩出線（新）,東鳥取南海線,27228,0,0.6,泉南市男里4丁目,5986,泉南市男里4丁目,6052,12038,1.25,0.52,14.2,21.3,13.6,40
27602040310,堺阪南線,東鳥取南海線,泉南市・阪南市境,27228,0,0.2,泉南市男里4丁目,5986,泉南市男里4丁目,6052,12038,1.25,0.52,24,17.8,13.6,40
27602040320,堺阪南線,泉南市・阪南市境,東鳥取南海線,27232,0,0.4,泉南市男里4丁目,5986,泉南市男里4丁目,6052,12038,1.25,0.69,27.7,12.5,11.5,40
27602060010,石津川停車場石津線,,,27144,0,0.2,,2000,,2336,4336,1.25,0.29,,18.3,6.15,30
27602060020,石津川停車場石津線,,堺市西区・堺市堺区境,27144,0,0.5,,2000,,2336,4336,1.25,0.47,20.3,20.3,7.9,30
27602060030,石津川停車場石津線,堺市西区・堺市堺区境,一般国道２６号,27141,0,0,,2000,,2336,4336,1.25,0.7,9.7,9.7,7.8,30
27602060040,石津川停車場石津線,一般国道２６号,大阪和泉泉南線,27141,0,0.6,,2000,,2336,4336,1.25,0.7,13.7,13.7,7.8,30
27602080010,堺泉北環状線,堺狭山線,堺狭山線,27145,0,2,堺市南区三原台4丁,5386,堺市南区三原台4丁,3935,9321,1.28,0.44,34.1,31.4,16.87,50
27602080020,堺泉北環状線,堺狭山線,堺かつらぎ線,27145,0,1.9,堺市南区深阪南,7802,堺市南区深阪南,6917,14719,1.31,0.53,28.5,19.9,16.87,50
27602080030,堺泉北環状線,堺かつらぎ線,別所草部線,27145,0,1.3,堺市南区大庭寺,8767,堺市南区大庭寺,9192,17959,1.31,0.55,16,26.2,20,50
27602080040,堺泉北環状線,別所草部線,赤坂台庭代台線,27145,0,0.5,堺市南区大庭寺,8767,堺市南区大庭寺,9192,17959,1.31,0.55,37.6,32,20,50
27602080050,堺泉北環状線,赤坂台庭代台線,和田福泉線（新）,27145,0,0.3,堺市南区大庭寺,8767,堺市南区大庭寺,9192,17959,1.31,0.55,28.4,21.8,20,50
27602080060,堺泉北環状線,和田福泉線（新）,,27145,0,1.3,堺市南区新檜尾台4丁,5722,堺市南区新檜尾台4丁,5683,11405,1.28,0.5,24.8,34.4,20.4,50
27602080070,堺泉北環状線,,富田林泉大津線,27219,0,0.8,和泉市室堂町,10082,和泉市室堂町,11416,21498,1.29,0.72,27.5,32.5,19.5,50
27602080090,堺泉北環状線,富田林泉大津線,,27219,0,0.5,和泉市室堂町,10082,和泉市室堂町,11416,21498,1.29,0.77,14.3,23.3,19.5,50
27602080100,堺泉北環状線,,城山台３９号線,27145,0,1,堺市南区城山台5丁,8258,堺市南区城山台5丁,6881,15139,1.29,0.43,29.2,32.8,23.37,50
27602080110,堺泉北環状線,城山台３９号線,別所草部線,27145,0,0.8,堺市南区庭代台2丁,5788,堺市南区庭代台2丁,5424,11212,1.28,0.48,16.2,29.2,17.4,50
27602080120,堺泉北環状線,別所草部線,赤坂台庭代台線,27145,0,0.2,堺市南区庭代台2丁,5788,堺市南区庭代台2丁,5424,11212,1.28,0.48,24,22.5,17.4,50
27602080130,堺泉北環状線,赤坂台庭代台線,堺かつらぎ線,27145,0,1.1,堺市南区庭代台2丁,5788,堺市南区庭代台2丁,5424,11212,1.28,0.48,23.4,23.9,17.4,50
27602080140,堺泉北環状線,堺かつらぎ線,,27145,0,0.6,堺市南区庭代台2丁,5788,堺市南区庭代台2丁,5424,11212,1.28,0.49,23.9,29.2,16,50
27602080150,堺泉北環状線,,富田林泉大津線,27145,0,1,堺市南区庭代台2丁,5788,堺市南区庭代台2丁,5424,11212,1.28,0.87,25.9,23.3,15.5,50
27602090010,東阪三日市線,富田林五条線,中津原寺元線,27383,0,1.5,河内長野市三日市町,4578,河内長野市三日市町,4381,8959,1.27,0.84,32.5,37.3,7.5,30
27602090020,東阪三日市線,中津原寺元線,千早赤阪村・富田林市境,27383,0,1.4,河内長野市三日市町,4578,河内長野市三日市町,4381,8959,1.27,0.84,36.3,42.9,9,30
27602090030,東阪三日市線,千早赤阪村・富田林市境,甘南備川向線,27214,0,0.7,河内長野市三日市町,4578,河内長野市三日市町,4381,8959,1.27,0.84,37.2,31.7,10.5,30
27602090040,東阪三日市線,甘南備川向線,富田林市・河内長野市境,27214,0,1.5,河内長野市三日市町,4578,河内長野市三日市町,4381,8959,1.27,0.84,36.9,36.1,9,30
27602090050,東阪三日市線,富田林市・河内長野市境,一般国道３１０号,27216,0,0.7,河内長野市三日市町,4578,河内長野市三日市町,4381,8959,1.27,0.91,26.7,27.3,10.5,30
27602090070,東阪三日市線,一般国道３１０号,河内長野千早城跡線,27216,0,1.7,河内長野市三日市町,4578,河内長野市三日市町,4381,8959,1.27,0.82,22.6,27.5,12,30
27602100010,平尾鳳停車場線,大阪和泉泉南線,市道鳳東鳳南２号線,27144,0,0.4,堺市西区鳳東町4丁,4588,堺市西区鳳東町4丁,4090,8678,1.26,0.73,8.8,15.4,18,40
27602110010,中津原寺元線,東阪三日市線,千早赤阪村・河内長野市境,27383,0,2,南河内郡千早赤阪村中津原,307,南河内郡千早赤阪村中津原,296,603,1.25,0.07,38.3,34,6.5,30
27602110020,中津原寺元線,千早赤阪村・河内長野市境,一般国道３１０号,27216,0,0.8,南河内郡千早赤阪村中津原,307,南河内郡千早赤阪村中津原,296,603,1.25,0.07,38.2,36.3,6.5,30
27602120010,浜寺公園停車場線,,堺阪南線,27144,0,0.1,,402,,832,1234,1.18,0.19,10.5,7.7,9.2,20
27602130010,羽衣停車場線,,堺阪南線,27225,0,0.2,,402,,832,1234,1.18,0.19,14,6.9,10,20
27602140010,河内長野千早城跡線,一般国道３７１号,東阪三日市線,27216,0,0.2,,270,,316,586,1.18,0.04,10.9,15.5,13,40
27602140020,河内長野千早城跡線,,一般国道３１０号,27216,0,5,,270,,316,586,1.18,0.13,25.2,22.6,6,20
27602140100,河内長野千早城跡線,東阪三日市線,,27216,0,0.1,,,,,,,,9.6,16.8,14,40
27602140040,河内長野千早城跡線,一般国道３１０号,河内長野千早城跡線（旧）,27216,0,1.4,,270,,316,586,1.18,0.03,36.5,33.7,7.9,20
27602140050,河内長野千早城跡線,河内長野千早城跡線（旧）,河内長野市・千早赤阪村境,27216,0,0.3,,270,,316,586,1.18,0.03,41.1,39.2,7,20
27602140060,河内長野千早城跡線,河内長野市・千早赤阪村境,富田林五条線,27383,0,0.2,,270,,316,586,1.18,0.03,43.5,33.3,8.5,20
27602140080,河内長野千早城跡線（旧）,河内長野千早城跡線,河内長野市・千早赤阪村境,27216,0,0.4,,270,,316,586,1.18,0.94,15.2,15.2,3.75,30
27602140090,河内長野千早城跡線（旧）,河内長野市・千早赤阪村境,富田林五条線,27383,0,0.3,,270,,316,586,1.18,0.94,22.2,6.3,3.75,30
27602150010,別所草部線,堺かつらぎ線,堺泉北環状線,27145,0,1.7,堺市南区御池台5丁,1911,堺市南区御池台5丁,2300,4211,1.22,0.59,34,36.2,6.78,40
27602150020,別所草部線,堺泉北環状線,富田林泉大津線,27145,0,1.9,堺市南区美木多上,1754,堺市南区美木多上,1895,3649,1.25,0.41,28.7,29.1,6.78,40
27602150030,別所草部線,富田林泉大津線,赤坂台庭代台線,27145,0,1,堺市南区桃山台3丁,1464,堺市南区桃山台3丁,1660,3124,1.25,0.45,30.3,32,6.78,40
27602150040,別所草部線,赤坂台庭代台線,堺泉北環状線,27145,0,0.7,堺市南区桃山台3丁,1464,堺市南区桃山台3丁,1660,3124,1.25,0.45,28.3,24,6.78,40
27602150050,別所草部線,堺泉北環状線,堺市南区・堺市西区境,27145,0,0.8,堺市南区桃山台3丁,1464,堺市南区桃山台3丁,1660,3124,1.25,0.45,10.2,22,6.78,40
27602150060,別所草部線,堺市南区・堺市西区境,泉大津美原線（新）,27144,0,0.9,堺市南区桃山台3丁,1464,堺市南区桃山台3丁,1660,3124,1.25,0.41,27.5,22.8,6,40
27602150070,別所草部線,泉大津美原線（新）,泉大津美原線,27144,0,0.6,堺市南区桃山台3丁,1464,堺市南区桃山台3丁,1660,3124,1.25,0.41,13.7,18.2,6,40
27602160070,和田福泉線,,堺市南区・堺市西区境,27145,0,2,堺市西区山田3丁目,5993,堺市西区山田3丁目,4504,10497,1.37,1.12,25,21.7,9.55,40
27602160080,和田福泉線,堺市南区・堺市西区境,泉大津美原線（新）,27144,0,0.9,堺市西区山田3丁目,5993,堺市西区山田3丁目,4504,10497,1.37,1.15,27.3,22.1,8.09,40
27602160090,和田福泉線,泉大津美原線（新）,泉大津美原線,27144,0,0.5,堺市西区山田3丁目,5993,堺市西区山田3丁目,4504,10497,1.37,1.15,9.7,8.9,8.09,40
27602160010,和田福泉線（新）,堺泉北環状線,堺市南区・堺市西区境,27145,0,1,堺市西区山田4丁,4840,堺市西区山田4丁,5673,10513,1.28,1.09,19.6,32.7,20.06,50
27602160020,和田福泉線（新）,堺市南区・堺市西区境,泉大津美原線（新）,27144,0,0.9,堺市西区山田4丁,4840,堺市西区山田4丁,5673,10513,1.28,1.04,33.2,25.1,20.1,50
27602160040,和田福泉線,一般国道４８０号,富田林泉大津線,27219,0,2.1,和泉市伏屋町５丁目,5685,和泉市伏屋町５丁目,6275,11960,1.28,1.04,20,19.7,11,40
27602160060,和田福泉線,富田林泉大津線,,27219,0,0.5,和泉市伏屋町５丁目,5685,和泉市伏屋町５丁目,6275,11960,1.28,0.99,16.9,25.4,11.5,40
27602170010,大野天野線,,大阪狭山市・河内長野市境,27231,0,0.5,,,,,,,,21.5,16.1,5,30
27602170020,大野天野線,大阪狭山市・河内長野市境,一般国道１７０号（旧）,27216,0,5.5,,,,,,,,19.8,19.8,5,30
27602170100,大野天野線,,一般国道１７０号（旧）,27216,0,0.4,河内長野市上原西町,4699,河内長野市上原西町,4600,9299,1.27,0.31,23.4,14,24.2,50
27602180010,河内長野かつらぎ線,一般国道１７０号（旧）,一般国道３７１号（新）,27216,0,1.5,河内長野市高向,3335,河内長野市高向,2639,5974,1.25,0.58,22.4,23.1,7,40
27602180015,河内長野かつらぎ線,一般国道１７０号,,27216,0,0.2,,2294,,2147,4441,1.25,0.39,7.5,11.6,12,30
27602180020,河内長野かつらぎ線,,堺かつらぎ線,27216,0,5.3,,2294,,2147,4441,1.25,0.3,42.5,37.3,9.5,40
27602190010,信太高石線,大阪和泉泉南線,一般国道２６号,27225,0,0.6,高石市綾園2丁目,2870,高石市綾園2丁目,2777,5647,1.26,0.65,12,10.6,11,30
27602190020,信太高石線,一般国道２６号,堺阪南線,27225,0,1.5,高石市綾園2丁目,2870,高石市綾園2丁目,2777,5647,1.26,0.65,11.4,12,7,30
27602190040,信太高石線（新）,一般国道２６号,,27225,0,0.9,高石市加茂3丁目,1969,高石市加茂3丁目,2342,4311,1.25,0.37,12.3,15.3,14,40
27602190060,信太高石線（新）,,堺阪南線,27225,0,0.4,高石市加茂3丁目,1969,高石市加茂3丁目,2342,4311,1.25,0.35,39.5,27.6,14,40
27602200010,高石停車場線,,堺阪南線,27225,0,0.5,,402,,832,1234,1.18,0.12,13.2,,11.5,20
27602210010,加賀田片添線,,,27216,0,3.7,,,,,,,,,,4,60
27602210030,加賀田片添線,,一般国道３７１号（新）,27216,0,1.8,河内長野市加賀田,1089,河内長野市加賀田,1081,2170,1.22,0.13,28.1,29.1,6.75,40
27602210040,加賀田片添線,一般国道３７１号（新）,一般国道３７１号,27216,0,0.5,河内長野市加賀田,1089,河内長野市加賀田,1081,2170,1.22,0.16,22.2,17.3,6.75,40
27602230010,三林岡山線,一般国道４８０号,父鬼和気線,27219,0,2.5,和泉市万町,4635,和泉市万町,4031,8666,1.27,1.07,12.1,19.5,7,40
27602230020,三林岡山線,父鬼和気線,三林岡山線（新）,27219,0,0.3,和泉市万町,4635,和泉市万町,4031,8666,1.27,1.14,15.5,11,6,40
27602230030,三林岡山線,三林岡山線（新）,父鬼和気線,27219,0,0.9,和泉市万町,4635,和泉市万町,4031,8666,1.27,1.07,15.1,15.5,6,40
27602230040,三林岡山線,父鬼和気線,和泉市・岸和田市境,27219,0,0.3,岸和田市摩湯町569,2611,岸和田市摩湯町569,2650,5261,1.22,0.65,16.8,21.8,6,40
27602230050,三林岡山線,和泉市・岸和田市境,岸和田牛滝山貝塚線（新）,27202,0,1.1,岸和田市摩湯町569,2611,岸和田市摩湯町569,2650,5261,1.22,0.45,16.6,12.8,10.75,40
27602230060,三林岡山線,岸和田牛滝山貝塚線（新）,田治米忠岡線,27202,0,0.2,岸和田市摩湯町569,2611,岸和田市摩湯町569,2650,5261,1.22,0.49,7.6,10.9,10.75,40
27602230070,三林岡山線,田治米忠岡線,,27202,0,0.5,岸和田市摩湯町569,2611,岸和田市摩湯町569,2650,5261,1.22,0.39,16,8.3,10.75,40
27602230084,三林岡山線（新）,一般国道４８０号,三林岡山線（新）,27219,0,0.4,和泉市唐国町1丁目,17415,和泉市唐国町1丁目,17477,34892,1.31,0.41,13.4,27.7,33.3,50
27602230087,三林岡山線（新）,三林岡山線（新）,三林岡山線（新）,27219,0,1,和泉市唐国町1丁目,17415,和泉市唐国町1丁目,17477,34892,1.31,0.41,16.6,13.5,33.3,50
27602230090,三林岡山線（新）,三林岡山線（新）,三林岡山線,27219,0,0.5,和泉市唐国町1丁目,17415,和泉市唐国町1丁目,17477,34892,1.31,0.41,25.9,15.5,33.3,50
27602230100,三林岡山線（新）,三林岡山線,和泉市・岸和田市境,27219,0,0.8,和泉市唐国町1丁目,17415,和泉市唐国町1丁目,17477,34892,1.31,0.45,15.3,25.6,58,50
27602230110,三林岡山線（新）,和泉市・岸和田市境,岸和田牛滝山貝塚線（新）,27202,0,0.6,和泉市唐国町1丁目,17415,和泉市唐国町1丁目,17477,34892,1.31,1.02,38.5,17.8,25,50
27602230120,三林岡山線（新）,三林岡山線（新）,三林岡山線（新）,27219,0,1,和泉市唐国町1丁目,8302,,,8302,1.41,0.25,13.9,,27.4,50
27602250010,大津港線,大阪臨海線,富田林泉大津線,27206,0,0.6,泉大津市本町,3553,泉大津市本町,3483,7036,1.27,0.67,8,6.8,11,40
27602260010,父鬼和気線,大野父鬼線,一般国道１７０号,27219,0,2.7,和泉市春木町,1985,和泉市春木町,2787,4772,1.25,0.87,35.9,37.5,6,40
27602260020,父鬼和気線,一般国道１７０号,春木岸和田線,27219,0,2.4,和泉市春木町,1985,和泉市春木町,2787,4772,1.25,0.79,32.7,33.9,7,40
27602260030,父鬼和気線,春木岸和田線,春木岸和田線（新）,27219,0,0.8,和泉市春木町,1985,和泉市春木町,2787,4772,1.25,0.72,17.6,20.5,7,40
27602260040,父鬼和気線,春木岸和田線（新）,三林岡山線,27219,0,1.9,和泉市春木町,1985,和泉市春木町,2787,4772,1.25,0.76,23.2,14.7,8,40
27602260060,父鬼和気線,三林岡山線,大阪和泉泉南線（新）,27219,0,2.2,和泉市寺門町,5047,和泉市寺門町,5082,10129,1.28,0.98,17.7,15.7,10,40
27602260070,父鬼和気線,大阪和泉泉南線（新）,大阪和泉泉南線,27219,0,0.6,和泉市寺門町,5047,和泉市寺門町,5082,10129,1.28,0.99,14.9,12.1,6,40
27602270010,和気岸和田線,大阪和泉泉南線,和泉市・忠岡町境,27219,0,0.5,泉北郡忠岡町高月南３丁目,1810,泉北郡忠岡町高月南３丁目,1873,3683,1.27,0.46,12.7,20.9,10,30
27602270020,和気岸和田線,和泉市・忠岡町境,田治米忠岡線,27341,0,0.5,泉北郡忠岡町高月南３丁目,1810,泉北郡忠岡町高月南３丁目,1873,3683,1.27,0.36,19.9,18.6,11,30
27602270030,和気岸和田線,田治米忠岡線,忠岡町・岸和田市境,27341,0,0.1,泉北郡忠岡町高月南３丁目,1810,泉北郡忠岡町高月南３丁目,1873,3683,1.27,0.58,17.2,,4,30
27602270040,和気岸和田線,忠岡町・岸和田市境,岸和田牛滝山貝塚線（新）,27202,0,0.3,泉北郡忠岡町高月南３丁目,1810,泉北郡忠岡町高月南３丁目,1873,3683,1.27,0.42,15.6,15.6,6.5,30
27602270060,和気岸和田線,岸和田牛滝山貝塚線（新）,春木大町線（旧）,27202,0,0.5,泉北郡忠岡町高月南３丁目,1810,泉北郡忠岡町高月南３丁目,1873,3683,1.27,0.52,,18.1,6.5,30
27602270070,和気岸和田線,春木大町線（旧）,春木岸和田線,27202,0,2.1,泉北郡忠岡町高月南３丁目,1810,泉北郡忠岡町高月南３丁目,1873,3683,1.27,0.56,,17.4,6.5,30
27602280100,槇尾山仏並線,槇尾山仏並線,一般国道１７０号,27219,0,3.1,和泉市仏並町,1108,和泉市仏並町,1015,2123,1.17,0.29,38,34.6,9,40
27602290010,田治米忠岡線,三林岡山線,岸和田牛滝山貝塚線（新）,27202,0,1.4,岸和田市田治米町,2115,岸和田市田治米町,2531,4646,1.25,0.61,20.8,22.9,11.65,40
27602290020,田治米忠岡線,岸和田牛滝山貝塚線（新）,大阪和泉泉南線,27202,0,0.4,岸和田市田治米町,2115,岸和田市田治米町,2531,4646,1.25,0.67,12.4,14.2,11.65,40
27602290030,田治米忠岡線,大阪和泉泉南線,岸和田市・忠岡町境,27202,0,0.1,岸和田市田治米町,2115,岸和田市田治米町,2531,4646,1.25,0.94,6.7,10.7,11.65,40
27602290040,田治米忠岡線,岸和田市・忠岡町境,和気岸和田線,27341,0,0.4,岸和田市田治米町,2115,岸和田市田治米町,2531,4646,1.25,0.59,13,17.7,12.5,40
27602290050,田治米忠岡線,和気岸和田線,一般国道２６号,27341,0,0.3,岸和田市田治米町,2115,岸和田市田治米町,2531,4646,1.25,1,16.9,,7,40
27602290060,田治米忠岡線,一般国道２６号,堺阪南線,27341,0,1.7,岸和田市田治米町,2115,岸和田市田治米町,2531,4646,1.25,0.94,,18.5,6,40
27602300010,春木岸和田線,父鬼和気線,和泉市・岸和田市境,27219,0,0.7,和泉市春木町,1435,和泉市春木町,1289,2724,1.25,0.34,11.3,24.8,10,40
27602300020,春木岸和田線,和泉市・岸和田市境,岸和田牛滝山貝塚線（新）,27202,0,0.9,和泉市春木町,1435,和泉市春木町,1289,2724,1.25,0.44,26.2,18.2,9.2,40
27602300160,春木岸和田線,一般国道１７０号（新）,尾生稲葉線,27202,0,0.8,岸和田市三ケ山町,3599,岸和田市三ケ山町,3616,7215,1.25,0.83,27.8,37.9,21.2,40
27602300140,春木岸和田線,尾生稲葉線,,27202,0,3.3,岸和田市三ケ山町,3599,岸和田市三ケ山町,3616,7215,1.25,0.78,29.9,28.3,19.98,40
27602300120,春木岸和田線,,尾生稲葉線,27202,0,0.2,岸和田市三ケ山町,3599,岸和田市三ケ山町,3616,7215,1.25,0.78,23.6,20.1,19.98,40
27602300030,春木岸和田線,尾生稲葉線,大阪和泉泉南線,27202,0,1.2,,1535,,1444,2979,1.25,0.35,17.2,13.9,7.25,30
27602300040,春木岸和田線,大阪和泉泉南線,一般国道２６号,27202,0,0.9,,1535,,1444,2979,1.25,1.76,13.9,17.4,5.3,20
27602300050,春木岸和田線,一般国道２６号,和気岸和田線,27202,0,1,,1535,,1444,2979,1.25,2.39,13.2,16.1,11,40
27602300060,春木岸和田線,和気岸和田線,堺阪南線,27202,0,0.4,,1535,,1444,2979,1.25,0.79,,10.5,11,40
27602300080,春木岸和田線（新）,父鬼和気線,阪和自動車道,27219,0,0.9,和泉市春木町,7006,和泉市春木町,7516,14522,1.26,1.15,17.3,16.8,13.5,40
27602300090,春木岸和田線（新）,阪和自動車道,和泉市・岸和田市境,27219,0,0.1,和泉市春木町,7006,和泉市春木町,7516,14522,1.26,0.27,38.2,17.2,20,40
27602300100,春木岸和田線（新）,和泉市・岸和田市境,岸和田牛滝山貝塚線（新）,27202,0,0.4,和泉市春木町,7006,和泉市春木町,7516,14522,1.26,1.19,19.1,24.7,13.5,40
27602310010,春木大町線（旧）,大阪和泉泉南線,一般国道２６号,27202,0,0.8,岸和田市下池田町2丁目,3260,岸和田市下池田町2丁目,3596,6856,1.26,0.82,10,11.1,10.2,40
27602310020,春木大町線（旧）,一般国道２６号,和気岸和田線,27202,0,0.1,岸和田市下池田町2丁目,3260,岸和田市下池田町2丁目,3596,6856,1.26,0.6,4.9,15,10.2,40
27602370010,東貝塚停車場線,,大阪和泉泉南線,27208,0,0.5,,3014,,2922,5936,1.26,0.8,15,11.9,6.25,30
27602390010,水間和泉橋本停車場線,一般国道１７０号,,27208,0,0.2,貝塚市橋本,3408,貝塚市橋本,3667,7075,1.26,0.86,14.6,36.7,10.5,40
27602390030,水間和泉橋本停車場線,,一般国道１７０号（新）,27208,0,0.3,貝塚市橋本,3408,貝塚市橋本,3667,7075,1.26,0.82,20.5,10.6,11.5,40
27602390040,水間和泉橋本停車場線,一般国道１７０号（新）,和泉橋本停車場線,27208,0,3.6,貝塚市橋本,3408,貝塚市橋本,3667,7075,1.26,0.74,22.7,21.7,11.5,40
27602400010,和泉橋本停車場線,水間和泉橋本停車場線,大阪和泉泉南線,27208,0,0.1,,3014,,2922,5936,1.26,0.79,8.7,5.6,6.5,30
27602410010,泉佐野熊取線,堺阪南線,,27213,0,0.1,泉佐野市鶴原,3436,泉佐野市鶴原,3388,6824,1.28,0.54,5.6,10,7.5,40
27602410020,泉佐野熊取線,,一般国道２６号,27213,0,0.5,泉佐野市鶴原,3436,泉佐野市鶴原,3388,6824,1.28,0.86,10.7,7.2,7.5,40
27602410030,泉佐野熊取線,一般国道２６号,和歌山貝塚線,27213,0,0.4,泉佐野市鶴原,3436,泉佐野市鶴原,3388,6824,1.28,0.54,8.8,14,7.5,40
27602410040,泉佐野熊取線,和歌山貝塚線,大阪和泉泉南線,27213,0,0,泉佐野市鶴原,3436,泉佐野市鶴原,3388,6824,1.28,0.68,12.5,9,7.5,40
27602410050,泉佐野熊取線,大阪和泉泉南線,泉佐野市・熊取町境,27213,0,1.4,泉佐野市鶴原,3436,泉佐野市鶴原,3388,6824,1.28,0.54,21.3,24.3,7.5,40
27602410060,泉佐野熊取線,泉佐野市・熊取町境,一般国道１７０号（新）,27361,0,0.5,泉佐野市鶴原,3436,泉佐野市鶴原,3388,6824,1.28,0.64,19.6,11.8,10.5,40
27602410070,泉佐野熊取線,一般国道１７０号（新）,熊取駅前線,27361,0,0.2,泉佐野市鶴原,3436,泉佐野市鶴原,3388,6824,1.28,0.64,5.8,11.1,10.5,40
27602410080,泉佐野熊取線,熊取駅前線,泉佐野打田線,27361,0,0.3,泉佐野市鶴原,3436,泉佐野市鶴原,3388,6824,1.28,0.64,12.9,15.2,10.5,40
27602470010,土丸栄線,泉佐野打田線,土丸栄線,27213,0,0.5,泉佐野市日根野,6127,泉佐野市日根野,6253,12380,1.29,0.8,30.6,33.7,10,40
27602470020,土丸栄線,土丸栄線,日根野羽倉崎線,27213,0,0.1,泉佐野市日根野,6127,泉佐野市日根野,6253,12380,1.29,0.84,20.3,21.9,12,40
27602470030,土丸栄線,日根野羽倉崎線,大阪和泉泉南線（新）,27213,0,2.2,泉佐野市日根野,6127,泉佐野市日根野,6253,12380,1.29,0.72,25.7,26,13.3,40
27602470040,土丸栄線,大阪和泉泉南線（新）,大阪和泉泉南線,27213,0,0.6,泉佐野市日根野,6127,泉佐野市日根野,6253,12380,1.29,0.75,17.9,10.4,25.8,40
27602470050,土丸栄線,大阪和泉泉南線,和歌山貝塚線,27213,0,1.6,泉佐野市日根野,6127,泉佐野市日根野,6253,12380,1.29,0.74,16.9,17.9,12.9,40
27602470070,土丸栄線,和歌山貝塚線,泉佐野岩出線,27213,0,0.5,泉佐野市日根野,6127,泉佐野市日根野,6253,12380,1.29,0.89,14.1,13.4,10.5,40
27602470090,土丸栄線,泉佐野打田線,土丸栄線,27213,0,0.6,泉佐野市日根野,6127,泉佐野市日根野,6253,12380,1.29,0.82,21,26.6,6,40
27602480010,日根野羽倉崎線,土丸栄線,一般国道４８１号,27213,0,1.7,泉佐野市長滝,1333,泉佐野市長滝,1411,2744,1.25,0.23,23.9,26.7,8.75,40
27602480020,日根野羽倉崎線,一般国道４８１号,大阪和泉泉南線,27213,0,1.8,泉佐野市長滝,1333,泉佐野市長滝,1411,2744,1.25,0.31,21.2,21.7,8.75,40
27602480030,日根野羽倉崎線,大阪和泉泉南線,和歌山貝塚線,27213,0,1.1,泉佐野市長滝,1333,泉佐野市長滝,1411,2744,1.25,0.29,16,18.4,7.75,40
27602480050,日根野羽倉崎線,和歌山貝塚線,一般国道２６号,27213,0,0.5,泉佐野市長滝,1333,泉佐野市長滝,1411,2744,1.25,0.24,22,14.4,8.5,40
27602480060,日根野羽倉崎線,一般国道２６号,泉佐野岩出線,27213,0,1.2,泉佐野市長滝,1333,泉佐野市長滝,1411,2744,1.25,0.29,14.1,12.5,8.5,40
27602480070,日根野羽倉崎線,泉佐野岩出線,鳥取吉見泉佐野線,27213,0,0.2,泉佐野市長滝,1333,泉佐野市長滝,1411,2744,1.25,0.27,9.2,10.2,8.5,40
27602500010,鳥取吉見泉佐野線,和歌山阪南線,尾崎停車場線,27232,0,2.1,阪南市尾崎町5丁目,3244,阪南市尾崎町5丁目,2873,6117,1.22,1.85,17.9,23.6,8.4,30
27602500020,鳥取吉見泉佐野線,尾崎停車場線,阪南市・泉南市境,27232,0,1.4,阪南市尾崎町5丁目,3244,阪南市尾崎町5丁目,2873,6117,1.22,0.92,21.7,24.3,8.4,30
27602500030,鳥取吉見泉佐野線,阪南市・泉南市境,東鳥取南海線,27228,0,0.1,阪南市尾崎町5丁目,3244,阪南市尾崎町5丁目,2873,6117,1.22,2.21,23.4,14.4,6,30
27602500040,鳥取吉見泉佐野線,東鳥取南海線,樽井停車場樽井線,27228,0,1.2,泉南市樽井8丁目,786,泉南市樽井8丁目,1039,1825,1.22,0.48,21,18.9,6,30
27602500050,鳥取吉見泉佐野線,樽井停車場樽井線,岡田浦停車場線,27228,0,2,泉南市樽井8丁目,786,泉南市樽井8丁目,1039,1825,1.22,0.48,24.2,26.8,6,30
27602500060,鳥取吉見泉佐野線,岡田浦停車場線,泉南市・田尻町境,27228,0,0.8,泉南市樽井8丁目,786,泉南市樽井8丁目,1039,1825,1.22,0.46,17.5,14.8,6,30
27602500070,鳥取吉見泉佐野線,泉南市・田尻町境,,27362,0,0.4,泉南市樽井8丁目,786,泉南市樽井8丁目,1039,1825,1.22,0.48,19,19.8,6,30
27602500080,鳥取吉見泉佐野線,,田尻町・泉佐野市境,27362,0,1,泉南市樽井8丁目,786,泉南市樽井8丁目,1039,1825,1.22,0.48,19.7,17.6,6,30
27602500090,鳥取吉見泉佐野線,田尻町・泉佐野市境,日根野羽倉崎線,27213,0,0.4,泉南市樽井8丁目,786,泉南市樽井8丁目,1039,1825,1.22,0.53,13.7,13.2,6,30
27602500100,鳥取吉見泉佐野線,日根野羽倉崎線,泉佐野岩出線,27213,0,0.6,泉南市樽井8丁目,786,泉南市樽井8丁目,1039,1825,1.22,0.46,18.5,22.4,6,30
27602510010,新家田尻線,大阪和泉泉南線,泉南市・泉佐野市境,27228,0,0.8,泉南郡田尻町吉見,2552,泉南郡田尻町吉見,2648,5200,1.26,0.29,28.6,29,11.65,30
27602510020,新家田尻線,泉南市・泉佐野市境,和歌山貝塚線,27213,0,0.1,泉南郡田尻町吉見,2552,泉南郡田尻町吉見,2648,5200,1.26,0.37,22.6,18.6,7,30
27602510030,新家田尻線,和歌山貝塚線,一般国道２６号,27213,0,0.3,泉南郡田尻町吉見,2552,泉南郡田尻町吉見,2648,5200,1.26,0.35,20.1,7.6,7,30
27602510040,新家田尻線,一般国道２６号,泉佐野市・田尻町境,27213,0,0.1,泉南郡田尻町吉見,2552,泉南郡田尻町吉見,2648,5200,1.26,0.3,8.2,14.8,7,30
27602510050,新家田尻線,泉佐野市・田尻町境,泉佐野岩出線,27362,0,1.1,泉南郡田尻町吉見,2552,泉南郡田尻町吉見,2648,5200,1.26,0.45,30.5,21.4,7.1,30
27602520010,大苗代岡田浦停車場線,和歌山貝塚線,一般国道２６号,27228,0,0.4,泉南市中小路１丁目,532,泉南市中小路１丁目,454,986,1.22,0.77,12.6,12.6,6.4,20
27602520020,大苗代岡田浦停車場線,一般国道２６号,泉佐野岩出線,27228,0,0.5,泉南市中小路１丁目,532,泉南市中小路１丁目,454,986,1.22,0.85,23.4,23.4,6.4,20
27602520030,大苗代岡田浦停車場線,泉佐野岩出線,岡田浦停車場線,27228,0,0.7,泉南市中小路１丁目,532,泉南市中小路１丁目,454,986,1.22,0.68,16.2,16.2,6.4,20
27602530010,岡田浦停車場線,大苗代岡田浦停車場線,鳥取吉見泉佐野線,27228,0,0.3,,3014,,2922,5936,1.26,0.31,,10,4,20
27602540010,和泉砂川停車場線,,和歌山貝塚線,27228,0,0.3,,2970,,4239,7209,1.27,0.72,12.4,7.6,10.65,30
27602550010,樽井停車場樽井線,,鳥取吉見泉佐野線,27228,0,0.1,泉南市樽井6丁目,1345,泉南市樽井6丁目,1598,2943,1.26,0.29,3.7,7.9,10,30
27602550020,樽井停車場樽井線,鳥取吉見泉佐野線,泉佐野岩出線,27228,0,0.6,泉南市樽井6丁目,1345,泉南市樽井6丁目,1598,2943,1.26,0.23,17.7,15.7,10,30
27602560010,東鳥取南海線,阪和自動車道,一般国道２６号,27232,0,1.1,泉南市男里4丁目,1995,泉南市男里4丁目,2223,4218,1.28,0.14,20,29.9,23,50
27602560030,東鳥取南海線,堺阪南線,鳥取吉見泉佐野線,27228,0,1.2,泉南市男里4丁目,1995,泉南市男里4丁目,2223,4218,1.28,0.36,20.8,28.9,9,50
27300260750,東鳥取南海線,一般国道２６号,堺阪南線,27232,0,1.1,阪南市鳥取中,4893,阪南市鳥取中,5175,10068,1.25,0.4,31.9,34.1,22.5,60
27602570010,自然田鳥取荘停車場線,和歌山貝塚線,阪和自動車道,27232,0,0.1,阪南市さつき台1丁目,4637,阪南市さつき台1丁目,5026,9663,1.28,0.61,12.4,10.2,9.25,40
27602570020,自然田鳥取荘停車場線,阪和自動車道,一般国道２６号,27232,0,1,阪南市さつき台1丁目,4637,阪南市さつき台1丁目,5026,9663,1.28,0.61,19.2,21.8,9.25,40
27602570030,自然田鳥取荘停車場線,一般国道２６号,和歌山阪南線,27232,0,1.6,阪南市さつき台1丁目,4637,阪南市さつき台1丁目,5026,9663,1.28,0.52,27.3,23.6,9.25,40
27602580010,尾崎停車場線,,鳥取吉見泉佐野線,27232,0,0.1,,3014,,2922,5936,1.26,0.37,,8.5,5.5,20
27602590010,淡輪停車場線,,和歌山阪南線,27366,0,0.7,泉南郡岬町淡輪,1304,泉南郡岬町淡輪,1414,2718,1.26,0.38,10.3,11.1,11.35,30
27606010010,杉生能勢線,杉生能勢線,一般国道１７３号,27322,0,2.8,,,,,,,,24.2,25.7,9.5,40
27606020010,島能勢線,島能勢線,能勢猪名川線,27322,0,3.5,豊能郡能勢町山田,767,豊能郡能勢町山田,776,1543,1.21,0.17,52,48.8,11,40
27606030010,能勢猪名川線,一般国道１７３号,島能勢線,27322,0,0.7,豊能郡能勢町字稲地,766,豊能郡能勢町字稲地,836,1602,1.21,0.19,15.8,18.2,7,40
27606030020,能勢猪名川線,島能勢線,能勢猪名川線,27322,0,3.7,豊能郡能勢町字稲地,766,豊能郡能勢町字稲地,836,1602,1.21,0.19,44.2,43.8,8.2,40
27606040010,野間出野一庫線,茨木能勢線,野間出野一庫線,27322,0,2.3,,2459,,2384,4843,1.25,0.66,38,39.8,8.75,40
27606040030,野間出野一庫線,野間出野一庫線,野間出野一庫線,27321,0,0.7,,,,,,,,51.7,50,9,40
27606050010,国崎野間口線,国崎野間口線,豊能町・能勢町境,27321,0,0.5,,2459,,2384,4843,1.25,3.08,14.2,12.4,5.5,40
27606050020,国崎野間口線,豊能町・能勢町境,茨木能勢線,27322,0,0.7,,2459,,2384,4843,1.25,3.08,29.9,27.2,5.5,40
27606050040,国崎野間口線,茨木能勢線,一般国道４２３号,27321,0,1.3,,2459,,2384,4843,1.25,0.79,42.8,39.4,5.5,40
27606060010,西宮豊中線,一般国道１７６号,一般国道４７９号,27203,0,0.3,豊中市穂積1丁目,14063,豊中市穂積1丁目,18007,32070,1.41,2.8,17.9,12.4,20.2,50
27606060020,西宮豊中線,一般国道４７９号,大阪池田線,27203,0,1,豊中市穂積1丁目,14063,豊中市穂積1丁目,18007,32070,1.41,1.36,15.6,12.9,21,50
27606060030,西宮豊中線,大阪池田線,西宮豊中線,27203,0,0.5,豊中市穂積1丁目,14063,豊中市穂積1丁目,18007,32070,1.41,1.25,10.1,27.1,19.5,50
27607010010,中垣内南田原線,,,27218,0,0.9,,,,,,,,6.6,22.5,3.5,30
27607010020,中垣内南田原線,,,27218,0,1.7,,,,,,,,23.5,21.5,4.5,30
27607010040,中垣内南田原線,大阪生駒線,,27229,0,1.8,四條畷市緑風台6,2344,四條畷市緑風台6,2649,4993,1.34,0.46,10.8,34.6,9.5,40
27607010050,中垣内南田原線,,,27229,0,0.5,,,,,,,,25.8,28.5,5.5,30
27607010060,中垣内南田原線,,中垣内南田原線,27229,0,0.6,,2806,,2873,5679,1.38,0.49,32.2,32.9,9.5,40
27607010080,中垣内南田原線,,,27229,0,0.9,,,,,,,,18.2,23.7,5.5,30
27607020010,大阪枚岡奈良線,一般国道２５号,恵美須南森町線,27128,0,0.5,大阪市中央区千日前１丁目,17530,大阪市中央区千日前１丁目,19288,36818,1.44,0.68,18.6,14.8,52,50
27607020020,大阪枚岡奈良線,恵美須南森町線,天神橋天王寺線,27128,0,0.5,大阪市中央区千日前１丁目,17530,大阪市中央区千日前１丁目,19288,36818,1.44,0.68,20.4,16.6,52,50
27607020030,大阪枚岡奈良線,天神橋天王寺線,高速大阪堺線,27128,0,0.4,,23230,,20200,43430,1.37,0.89,10.9,25.9,52,50
27607020040,大阪枚岡奈良線,高速大阪堺線,大阪和泉泉南線,27128,0,0.2,,23230,,20200,43430,1.37,0.89,28.9,16.5,52,50
27607020050,大阪枚岡奈良線,大阪和泉泉南線,大阪市中央区・大阪市天王寺区境,27128,0,0.3,,23230,,20200,43430,1.37,0.89,20.7,14.3,52,50
27607020060,大阪枚岡奈良線,大阪市中央区・大阪市天王寺区境,赤川天王寺線,27109,0,0,,23230,,20200,43430,1.37,1.44,18.4,9.3,21.9,50
27607020070,大阪枚岡奈良線,赤川天王寺線,恵美須城東線,27109,0,0.9,大阪市天王寺区東高津町,14267,大阪市天王寺区東高津町,14036,28303,1.35,0.91,19.5,17.9,21.9,50
27607020080,大阪枚岡奈良線,恵美須城東線,大阪市天王寺区・大阪市東成区境,27109,0,0.2,大阪市天王寺区東高津町,14267,大阪市天王寺区東高津町,14036,28303,1.35,0.91,13.4,12.9,21.9,50
27607020090,大阪枚岡奈良線,大阪市天王寺区・大阪市東成区境,上新庄生野線,27115,0,0.3,大阪市天王寺区東高津町,14267,大阪市天王寺区東高津町,14036,28303,1.35,0.91,17,16.2,21.9,50
27607020100,大阪枚岡奈良線,上新庄生野線,一般国道３０８号,27115,0,0.8,大阪市東成区玉津２丁目,9569,大阪市東成区玉津２丁目,9022,18591,1.32,0.61,16.5,8.9,21.9,50
27607020120,大阪枚岡奈良線,大阪東大阪線,八尾茨木線,27227,0,1.6,東大阪市新喜多,9105,東大阪市新喜多,8877,17982,1.32,0.99,12.6,11.4,14.5,40
27607020140,大阪枚岡奈良線,八尾茨木線,一般国道１７０号,27227,0,1.1,東大阪市松原1丁目,9647,東大阪市松原1丁目,10405,20052,1.32,1.63,23.8,13.5,12.25,40
27607020150,大阪枚岡奈良線,一般国道１７０号,一般国道１７０号（旧）,27227,0,0.6,東大阪市松原1丁目,9647,東大阪市松原1丁目,10405,20052,1.32,1.63,14.3,18.2,12.25,40
27607030010,香芝太子線,香芝太子線,市道,27381,0,1.2,南河内郡太子町春日,3839,南河内郡太子町春日,4182,8021,1.27,0.95,42.3,42.9,10,40
27607030020,香芝太子線,市道,一般国道１６６号,27381,0,1,南河内郡太子町春日,3839,南河内郡太子町春日,4182,8021,1.27,1,28.1,14.9,12,40
27607040010,竹内河南線,,柏原駒ケ谷千早赤阪線,27382,0,4.8,南河内郡河南町加納,777,南河内郡河南町加納,771,1548,1.2,0.21,41.8,30.9,6.5,30
27607050020,富田林五条線,富田林太子線,甘南備川向線,27214,0,0.1,南河内郡河南町神山,1034,南河内郡河南町神山,977,2011,1.21,0.26,7.2,10.9,8.5,30
27607050030,富田林五条線,甘南備川向線,上河内富田林線,27214,0,1.3,南河内郡河南町神山,1034,南河内郡河南町神山,977,2011,1.21,0.24,19.6,23.2,10.5,30
27607050040,富田林五条線,上河内富田林線,一般国道３０９号,27382,0,1.9,南河内郡河南町神山,1034,南河内郡河南町神山,977,2011,1.21,0.23,25.1,21,8.5,30
27303090090,富田林五条線,一般国道３０９号,河南町・千早赤阪村境,27382,0,0.1,,2077,,2004,4081,1.27,0.62,11.1,24.8,8,40
27303090080,富田林五条線,河南町・千早赤阪村境,森屋狭山線,27383,0,0.6,,2077,,2004,4081,1.27,0.68,33.8,34,6.5,40
27303090070,富田林五条線,森屋狭山線,（元）一般国道３０９号,27383,0,0.3,,2077,,2004,4081,1.27,0.78,20.6,20,6.5,40
27607050060,富田林五条線,（元）一般国道３０９号,東阪三日市線,27383,0,1.7,南河内郡千早赤阪村水分,1265,南河内郡千早赤阪村水分,1146,2411,1.17,0.29,31.5,37.1,13.5,40
27607050070,富田林五条線,東阪三日市線,河内長野千早城跡線,27383,0,5.1,南河内郡千早赤阪村水分,1265,南河内郡千早赤阪村水分,1146,2411,1.17,0.31,40.8,40.2,9.5,40
27607050080,富田林五条線,河内長野千早城跡線,河内長野千早城跡線（旧）,27383,0,0.1,南河内郡千早赤阪村水分,1265,南河内郡千早赤阪村水分,1146,2411,1.17,0.31,33.1,35.1,8,40
27602090090,富田林五条線,河内長野千早城跡線（旧）,,27383,0,3.4,,1701,,1539,3240,1.25,0.18,,34.9,8,40
27607310010,天王亀岡線,一般国道１７３号,天王亀岡線,27322,0,0.9,豊能郡能勢町天王,348,豊能郡能勢町天王,341,689,1.17,0.14,37.6,38,6.5,40
27607320010,亀岡能勢線,亀岡能勢線,一般国道４７７号,27322,0,2.7,豊能郡能勢町字山内,370,豊能郡能勢町字山内,412,782,1.17,0.1,43,41.9,9.5,40
27607320020,亀岡能勢線,一般国道４７７号,吉野下田尻線,27322,0,1.2,豊能郡能勢町字山内,370,豊能郡能勢町字山内,412,782,1.17,0.11,31.6,41.1,9.5,40
27607320030,亀岡能勢線,吉野下田尻線,園部能勢線,27322,0,4.2,豊能郡能勢町字山内,370,豊能郡能勢町字山内,412,782,1.17,0.1,43.5,38.9,9.5,40
27607330010,柚原向日線,柚原向日線,枚方亀岡線,27207,0,4.4,,554,,533,1087,1.17,0.16,35.1,36,6.25,40
27607330030,柚原向日線,枚方亀岡線,柚原向日線,27207,0,3,,554,,533,1087,1.17,0.15,42.9,39.8,7.5,40
27607340010,柳谷島本線,柳谷島本線,柳谷島本線,27301,0,1.8,三島郡島本町尺代,139,三島郡島本町尺代,141,280,1.18,0.04,32.1,29.2,6.25,30
27607340030,柳谷島本線,柳谷島本線,西京高槻線,27301,0,3.5,三島郡島本町尺代,139,三島郡島本町尺代,141,280,1.18,0.04,23.9,19.7,7,30
27607350010,長尾八幡線,交野久御山線,（元）長尾八幡線,27210,0,0.9,枚方市長尾家具町3丁目,1665,枚方市長尾家具町3丁目,1677,3342,1.21,0.32,12.9,28.2,16,40
27607350020,長尾八幡線,（元）長尾八幡線,長尾八幡線,27210,0,1.7,枚方市長尾家具町3丁目,1665,枚方市長尾家具町3丁目,1677,3342,1.21,0.32,24.4,25.4,16,40
27607360010,交野久御山線,枚方富田林泉佐野線,一般国道１６８号,27230,0,1,交野市星田北４丁目,4761,交野市星田北４丁目,4828,9589,1.23,0.82,14.6,20.5,13,40
27607360020,交野久御山線,一般国道１６８号,一般国道１号,27230,0,1.7,交野市星田北４丁目,4761,交野市星田北４丁目,4828,9589,1.23,0.82,14.2,15.4,13,40
27607360030,交野久御山線,一般国道１号,枚方大和郡山線,27230,0,0.9,枚方市津田駅前1丁目,5278,枚方市津田駅前1丁目,6288,11566,1.29,0.89,22.1,21.2,13,40
27607360040,交野久御山線,枚方大和郡山線,枚方大和郡山線,27230,0,0.1,枚方市津田駅前1丁目,5278,枚方市津田駅前1丁目,6288,11566,1.29,0.89,20.8,17.4,13,40
27607360060,交野久御山線,枚方大和郡山線,交野市・枚方市境,27230,0,0.6,枚方市津田駅前1丁目,5278,枚方市津田駅前1丁目,6288,11566,1.29,0.84,18.5,15.1,14.5,40
27607360070,交野久御山線,交野市・枚方市境,一般国道３０７号,27210,0,1,枚方市津田駅前1丁目,5278,枚方市津田駅前1丁目,6288,11566,1.29,0.92,15.9,12.3,9.5,30
27607360080,交野久御山線,一般国道３０７号,杉田口禁野線,27210,0,2,枚方市藤阪南町2丁目,4986,枚方市藤阪南町2丁目,6173,11159,1.21,1.48,14.9,16.4,9.5,30
27607360100,交野久御山線,枚方高槻線,長尾八幡線,27210,0,0.4,枚方市藤阪南町2丁目,4986,枚方市藤阪南町2丁目,6173,11159,1.21,1.31,7.1,10.6,9.3,30
27607360110,交野久御山線,長尾八幡線,交野久御山線,27210,0,0.9,枚方市長尾荒阪１丁目,4160,枚方市長尾荒阪１丁目,4116,8276,1.24,0.87,21.9,25.8,9.3,30
27607360130,交野久御山線,一般国道１号,,27210,0,0.3,枚方市津田南町2丁目,841,枚方市津田南町2丁目,1426,2267,1.26,0.51,19.1,26.8,15,40
27607510010,木ノ本岬線,木ノ本岬線,木ノ本岬線,27366,0,5.5,泉南郡岬町多奈川谷川,164,泉南郡岬町多奈川谷川,180,344,1.21,0.18,37.7,40.1,7.75,30
27607510020,木ノ本岬線,木ノ本岬線,木ノ本岬線,27366,0,0.2,泉南郡岬町多奈川谷川,164,泉南郡岬町多奈川谷川,180,344,1.21,0.18,31.2,24.8,7.75,30
27607510030,木ノ本岬線,木ノ本岬線,木ノ本岬線,27366,0,0.3,泉南郡岬町多奈川谷川,164,泉南郡岬町多奈川谷川,180,344,1.21,0.22,51.1,33.1,7.75,30
27607510040,木ノ本岬線,木ノ本岬線,岬加太港線,27366,0,0.6,泉南郡岬町多奈川谷川,164,泉南郡岬町多奈川谷川,180,344,1.21,0.22,33.1,15.4,7.75,30
27607510060,木ノ本岬線,木ノ本岬線,木ノ本岬線,27366,0,0.3,泉南郡岬町多奈川谷川,164,泉南郡岬町多奈川谷川,180,344,1.21,0.18,27.6,27.6,7.75,30
27607510070,木ノ本岬線,木ノ本岬線,木ノ本岬線,27366,0,0.3,泉南郡岬町多奈川谷川,164,泉南郡岬町多奈川谷川,180,344,1.21,0.18,27.6,25,7.75,30
27607510080,木ノ本岬線,木ノ本岬線,岬加太港線,27366,0,0.5,泉南郡岬町多奈川谷川,164,泉南郡岬町多奈川谷川,180,344,1.21,0.18,25,25,7.75,30
27300260760,和歌山阪南線,堺阪南線,自然田鳥取荘停車場線,27232,0,1.4,阪南市黒田,8554,阪南市黒田,9169,17723,1.27,1.51,15.2,16.5,11,50
27300260770,和歌山阪南線,自然田鳥取荘停車場線,自然田鳥取荘停車場線,27232,0,0.4,阪南市黒田,8554,阪南市黒田,9169,17723,1.27,1.51,21,20.9,11,50
27300260780,和歌山阪南線,自然田鳥取荘停車場線,鳥取吉見泉佐野線,27232,0,0.7,阪南市黒田,8554,阪南市黒田,9169,17723,1.27,1.51,27.5,25.1,11,50
27300260790,和歌山阪南線,鳥取吉見泉佐野線,市道,27232,0,0.4,阪南市黒田,8554,阪南市黒田,9169,17723,1.27,1.51,30.4,26.3,11,50
27300260800,和歌山阪南線,市道,市道,27232,0,1.1,阪南市箱作,4506,阪南市箱作,4743,9249,1.28,0.7,33.1,28.3,13,50
27300260810,和歌山阪南線,市道,市道,27232,0,1.5,阪南市箱作,4506,阪南市箱作,4743,9249,1.28,0.7,32.3,29.2,13,50
27300260820,和歌山阪南線,市道,阪南市・岬町境,27232,0,1.1,,4900,,4078,8978,1.29,0.67,32.2,34,12.5,50
27300260830,和歌山阪南線,阪南市・岬町境,淡輪停車場線,27366,0,0.6,泉南郡岬町淡輪,5136,泉南郡岬町淡輪,5412,10548,1.31,0.64,25.9,29.6,12.55,50
27300260835,和歌山阪南線,淡輪停車場線,一般国道２６号,27366,0,2.5,泉南郡岬町淡輪,5136,泉南郡岬町淡輪,5412,10548,1.31,0.64,32.4,22.9,12.55,50
27300260840,和歌山阪南線,一般国道２６号,岬加太港線,27366,0,1,泉南郡岬町深日,5911,泉南郡岬町深日,6330,12241,1.29,0.82,30.8,27,12.55,50
27300260845,和歌山阪南線,岬加太港線,一般国道２６号,27366,0,0.9,泉南郡岬町深日,5041,泉南郡岬町深日,4750,9791,1.41,0.62,30.2,29.2,12.55,50
27300260848,和歌山阪南線,一般国道２６号（和歌山岬道路）,市道,27366,0,1.2,泉南郡岬町深日,5041,泉南郡岬町深日,4750,9791,1.41,0.62,56.5,56.6,12.55,50
27300260849,和歌山阪南線,一般国道２６号,一般国道２６号（和歌山岬道路）,27366,0,2.2,泉南郡岬町深日,5041,泉南郡岬町深日,4750,9791,1.41,0.62,50.3,53.3,12.55,50
27300260850,和歌山阪南線,市道,和歌山阪南線,27366,0,0.6,泉南郡岬町深日,5041,泉南郡岬町深日,4750,9791,1.41,0.62,51.5,49.2,12.55,50
27700010010,江戸堀線,一般国道２５号,南北線,27106,0,0.1,,13272,,10524,23796,1.33,0.7,16,16,29.05,50
27700010020,江戸堀線,南北線,大阪伊丹線,27106,0,0.6,,13272,,10524,23796,1.33,0.7,10.9,13.9,29.05,50
27700010030,江戸堀線,大阪伊丹線,大阪臨海線,27106,0,0.7,,13272,,10524,23796,1.33,0.7,14.4,13.3,29.05,50
27700030010,本町左専道線,一般国道２５号,恵美須南森町線,27128,0,0.5,大阪市中央区本町３丁目,9045,大阪市中央区本町３丁目,9181,18226,1.33,0.68,13.3,16.8,21.9,50
27700030020,本町左専道線,恵美須南森町線,天神橋天王寺線,27128,0,0.5,大阪市中央区本町３丁目,9045,大阪市中央区本町３丁目,9181,18226,1.33,0.68,17.5,12.6,21.9,50
27700030030,本町左専道線,天神橋天王寺線,大阪和泉泉南線,27128,0,0.5,大阪市中央区本町３丁目,9045,大阪市中央区本町３丁目,9181,18226,1.33,0.68,18.3,12.7,21.9,50
27700030040,本町左専道線,大阪和泉泉南線,赤川天王寺線,27128,0,0.4,大阪市中央区本町３丁目,9045,大阪市中央区本町３丁目,9181,18226,1.33,0.68,16,11.4,21.9,50
27700030050,本町左専道線,赤川天王寺線,高速大阪東大阪線,27128,0,0.8,大阪市中央区本町３丁目,9045,大阪市中央区本町３丁目,9181,18226,1.33,0.72,19.8,16.5,21.9,50
27700050010,今宮平野線,一般国道２６号,大阪市西成区・大阪市浪速区境,27122,0,0.2,大阪市西成区山王1丁目,15949,大阪市西成区山王1丁目,11563,27512,1.48,1.4,7.3,13.1,40,40
27700050020,今宮平野線,大阪市西成区・大阪市浪速区境,高速大阪松原線,27111,0,0.7,大阪市西成区山王1丁目,15949,大阪市西成区山王1丁目,11563,27512,1.48,1.91,11.5,9,40,40
27700050030,今宮平野線,高速大阪松原線,大阪高石線,27109,0,0.6,大阪市西成区山王1丁目,15949,大阪市西成区山王1丁目,11563,27512,1.48,1.4,17.4,18.3,25,40
27700060010,淀川北岸線,一般国道２号,高速大阪池田線,27113,0,1.1,大阪市西淀川区歌島２丁目,9145,大阪市西淀川区歌島２丁目,14616,23761,1.33,1.39,8.8,22.2,25,50
27700060030,淀川北岸線,高速大阪池田線,福町浜町線,27123,0,0.7,大阪市西淀川区歌島２丁目,9145,大阪市西淀川区歌島２丁目,14616,23761,1.33,1.39,22.5,19.1,25,50
27700070010,恵美須城東線,大阪和泉泉南線,大阪高石線,27109,0,0.4,,9456,,8115,17571,1.32,0.67,9.8,16.2,30,40
27700070020,恵美須城東線,大阪高石線,一般国道２５号,27109,0,0.4,,9456,,8115,17571,1.32,0.67,16.4,17.2,30,40
27700070030,恵美須城東線,一般国道２５号,四天王寺巽線,27109,0,0.6,,9456,,8115,17571,1.32,0.67,19.6,17.9,30,40
27700070040,恵美須城東線,四天王寺巽線,大阪枚岡奈良線,27109,0,1.3,,9456,,8115,17571,1.32,0.67,20.1,18,30,40
27700070050,恵美須城東線,大阪枚岡奈良線,一般国道３０８号,27109,0,1,大阪市天王寺区玉造元町,9785,大阪市天王寺区玉造元町,9000,18785,1.23,0.75,21.1,20.6,30,40
27700070060,恵美須城東線,一般国道３０８号,築港深江線,27128,0,0.8,大阪市天王寺区玉造元町,9785,大阪市天王寺区玉造元町,9000,18785,1.23,0.95,18.8,16.7,18,40
27700080010,豊崎鷺洲線,一般国道１７６号,大阪市北区・大阪市福島区境,27127,0,0.8,大阪市北区大淀北２丁目,5404,大阪市北区大淀北２丁目,4645,10049,1.28,0.89,15.5,21.3,15,40
27700080020,豊崎鷺洲線,大阪市北区・大阪市福島区境,九条梅田線,27103,0,0.9,大阪市北区大淀北２丁目,5404,大阪市北区大淀北２丁目,4645,10049,1.28,0.84,20.3,13.3,15,40
27700080030,豊崎鷺洲線,九条梅田線,一般国道２号,27103,0,0.4,大阪市北区大淀北２丁目,5404,大阪市北区大淀北２丁目,4645,10049,1.28,0.84,11,9.1,15,40
27700090010,扇町公園南通線,大阪高槻京都線,高速大阪守口線,27127,0,0.2,大阪市北区堂山町,10961,大阪市北区堂山町,11161,22122,1.44,0.72,14.7,14.2,27,40
27700090020,扇町公園南通線,高速大阪守口線,裁判所東筋線,27127,0,0.3,大阪市北区堂山町,10961,大阪市北区堂山町,11161,22122,1.44,0.72,20.5,19.2,27,40
27700090030,扇町公園南通線,裁判所東筋線,一般国道４２３号,27127,0,0.3,大阪市北区堂山町,10961,大阪市北区堂山町,11161,22122,1.44,0.72,14.1,15.7,27,40
27700090040,扇町公園南通線,一般国道４２３号,大阪環状線,27127,0,0.2,大阪市北区堂山町,10961,大阪市北区堂山町,11161,22122,1.44,0.72,12.3,14.1,27,40
27700100010,天満橋筋線,大阪環状線,高速大阪守口線,27127,0,0.2,大阪市北区天満橋１丁目,14961,大阪市北区天満橋１丁目,12415,27376,1.28,0.69,7.7,20.7,27,50
27700100020,天満橋筋線,高速大阪守口線,一般国道１号,27127,0,1.2,大阪市北区天満橋１丁目,14961,大阪市北区天満橋１丁目,12415,27376,1.28,0.69,20.1,19.8,27,50
27700110010,桜川恵美須町線,大阪臨海線,大阪伊丹線,27111,0,0.2,大阪市浪速区大国２丁目,8363,大阪市浪速区大国２丁目,9358,17721,1.32,0.81,14.6,10.5,27,40
27700110020,桜川恵美須町線,大阪伊丹線,大阪伊丹線,27111,0,0.6,大阪市浪速区大国２丁目,8363,大阪市浪速区大国２丁目,9358,17721,1.32,0.81,19.3,21.5,27,40
27700130010,巽生野加美線,大阪環状線,平野守口線,27116,0,1.2,,5233,,5760,10993,1.28,0.98,14.9,16.8,15,40
27700130020,巽生野加美線,平野守口線,一般国道４７９号,27116,0,0.1,,5233,,5760,10993,1.28,0.98,14.8,8.5,15,40
27700140010,阿倍野木津川線,一般国道２５号,大阪狭山線,27121,0,1.2,大阪市東住吉区桑津３丁目,3452,大阪市東住吉区桑津３丁目,4165,7617,1.27,0.69,16.5,18.9,22,40
27700140030,阿倍野木津川線,大阪狭山線,大阪高石線,27119,0,0.7,大阪市阿倍野区旭町３丁目,4921,大阪市阿倍野区旭町３丁目,6156,11077,1.27,0.5,15.2,10.1,22,40
27700140040,阿倍野木津川線,大阪高石線,大阪和泉泉南線,27119,0,0.6,大阪市阿倍野区旭町３丁目,4921,大阪市阿倍野区旭町３丁目,6156,11077,1.27,0.5,9,11.6,22,40
27700140050,阿倍野木津川線,大阪和泉泉南線,大阪市阿倍野区・大阪市西成区境,27119,0,0.5,大阪市阿倍野区旭町３丁目,4921,大阪市阿倍野区旭町３丁目,6156,11077,1.27,0.5,11.7,24.6,22,40
27700140060,阿倍野木津川線,大阪市阿倍野区・大阪市西成区境,一般国道２６号,27122,0,0.9,大阪市阿倍野区旭町３丁目,4921,大阪市阿倍野区旭町３丁目,6156,11077,1.27,2.04,14.4,14.2,22,40
27700140070,阿倍野木津川線,一般国道２６号,大阪伊丹線,27122,0,0.6,大阪市西成区旭１丁目,3743,大阪市西成区旭１丁目,2829,6572,1.26,1.02,16.9,19.4,22,40
27700140080,阿倍野木津川線,大阪伊丹線,,27122,0,0.4,大阪市西成区旭１丁目,3743,大阪市西成区旭１丁目,2829,6572,1.26,1.02,18.3,15.5,22,40
27700150010,東住吉区第１１２４号線,一般国道４７９号,大阪港八尾線,27121,0,1.3,大阪市東住吉区湯里２丁目,12664,大阪市東住吉区湯里２丁目,12759,25423,1.29,1,12.7,18.8,25,60
27700160010,鶴見区第９００１号線,大阪中央環状線（旧）,平野守口線,27124,0,2,大阪市鶴見区横堤４丁目,12647,大阪市鶴見区横堤４丁目,13875,26522,1.35,0.72,16.6,17,50,50
27700160020,鶴見区第９００１号線,平野守口線,一般国道４７９号,27124,0,0.2,大阪市鶴見区横堤４丁目,12647,大阪市鶴見区横堤４丁目,13875,26522,1.35,0.72,18.4,8.1,50,50
27700170010,庄内新庄線,,熊野大阪線,27123,0,0.2,大阪市淀川区東三国２丁目,4830,大阪市淀川区東三国２丁目,5140,9970,1.28,0.88,12.9,15,30.4,40
27700170020,庄内新庄線,熊野大阪線,一般国道４２３号,27123,0,0.3,大阪市淀川区東三国２丁目,4830,大阪市淀川区東三国２丁目,5140,9970,1.28,0.88,11.8,10.5,30.4,40
27700170030,庄内新庄線,一般国道４２３号,西淡路南方線,27123,0,0.9,大阪市淀川区東三国２丁目,4830,大阪市淀川区東三国２丁目,5140,9970,1.28,0.88,17.7,26,30.4,40
27700170040,庄内新庄線,西淡路南方線,十三吹田線,27114,0,0.4,大阪市淀川区東三国２丁目,4830,大阪市淀川区東三国２丁目,5140,9970,1.28,0.43,26.3,23.8,35.5,40
27700170050,庄内新庄線,十三吹田線,,27114,0,0.4,大阪市淀川区東三国２丁目,4830,大阪市淀川区東三国２丁目,5140,9970,1.28,0.43,18.8,25.8,35.5,40
27700180010,西淡路南方線,大阪高槻線,十三吹田線,27114,0,0.3,大阪市東淀川区東中島４丁目,6597,大阪市東淀川区東中島４丁目,5189,11786,1.29,0.28,7.4,20.4,30.2,40
27700180020,西淡路南方線,十三吹田線,歌島豊里線,27114,0,0.9,大阪市東淀川区東中島４丁目,6597,大阪市東淀川区東中島４丁目,5189,11786,1.29,0.28,17.5,22,30.2,40
27700180030,西淡路南方線,歌島豊里線,熊野大阪線,27114,0,0.2,大阪市東淀川区東中島４丁目,6597,大阪市東淀川区東中島４丁目,5189,11786,1.29,0.28,16.7,19.1,30.2,40
27700180040,西淡路南方線,熊野大阪線,庄内新庄線,27114,0,0.7,大阪市東淀川区東中島４丁目,6597,大阪市東淀川区東中島４丁目,5189,11786,1.29,0.28,26.6,17.6,30.2,40
27700190010,十三吹田線,,一般国道４２３号,27123,0,0.4,大阪市東淀川区東中島１丁目,4217,大阪市東淀川区東中島１丁目,4309,8526,1.28,0.27,20.6,14.2,30,40
27700190020,十三吹田線,一般国道４２３号,大阪市淀川区・大阪市東淀川区境,27123,0,0.3,大阪市東淀川区東中島１丁目,4217,大阪市東淀川区東中島１丁目,4309,8526,1.28,0.27,11.7,21.8,30,40
27700190030,十三吹田線,大阪市淀川区・大阪市東淀川区境,西淡路南方線,27114,0,0.1,大阪市東淀川区東中島１丁目,4217,大阪市東淀川区東中島１丁目,4309,8526,1.28,0.4,13.7,5.2,24.9,40
27700190040,十三吹田線,西淡路南方線,熊野大阪線,27114,0,0.5,大阪市東淀川区東中島１丁目,4217,大阪市東淀川区東中島１丁目,4309,8526,1.28,0.4,16.2,15.9,24.9,40
27700190050,十三吹田線,熊野大阪線,歌島豊里線,27114,0,0.9,大阪市東淀川区東中島１丁目,4217,大阪市東淀川区東中島１丁目,4309,8526,1.28,0.4,27.1,23.1,24.9,40
27700190070,十三吹田線,庄内新庄線,,27114,0,0.3,,3529,,3328,6857,1.26,0.33,22.1,36.9,27.6,40
27700200010,歌島豊里線,一般国道１７６号,一般国道４２３号,27123,0,1.4,大阪市淀川区西宮原２丁目,10609,大阪市淀川区西宮原２丁目,9537,20146,1.32,0.96,17,15.3,29.8,40
27700200020,歌島豊里線,一般国道４２３号,西淡路南方線,27123,0,0.6,大阪市淀川区西宮原２丁目,10609,大阪市淀川区西宮原２丁目,9537,20146,1.32,0.96,24,28.7,29.8,40
27700200030,歌島豊里線,西淡路南方線,熊野大阪線,27114,0,0.2,大阪市淀川区西宮原２丁目,10609,大阪市淀川区西宮原２丁目,9537,20146,1.32,1.38,11.9,16.9,29.7,40
27700200040,歌島豊里線,熊野大阪線,十三吹田線,27114,0,0.4,大阪市淀川区西宮原２丁目,10609,大阪市淀川区西宮原２丁目,9537,20146,1.32,1.38,18.7,23.4,29.7,40
27700200050,歌島豊里線,十三吹田線,,27114,0,0.2,大阪市淀川区西宮原２丁目,10609,大阪市淀川区西宮原２丁目,9537,20146,1.32,1.38,25.7,36.3,29.7,40
27700210010,正蓮寺北岸線,一般国道４３号,,27104,0,3.5,,126,,367,493,1.22,0.09,23.4,27,21,40
27700230010,海老江九条線,福島桜島線,,27103,0,0.4,大阪市福島区野田４丁目,2339,大阪市福島区野田４丁目,2703,5042,1.25,0.36,12.2,19.8,24.3,40
27700240010,豊崎鷺洲線,一般国道１７６号,一般国道４２３号,27127,0,0.4,大阪市北区本庄西１丁目,670,大阪市北区本庄西１丁目,7925,8595,1.28,1.2,11.9,6.3,27,50
27700240020,豊崎鷺洲線,一般国道４２３号,大阪高槻京都線,27127,0,0.9,大阪市北区本庄西１丁目,670,大阪市北区本庄西１丁目,7925,8595,1.28,1.2,15.6,18.4,27,50
27700250010,裁判所東筋線,扇町公園南通線,一般国道１号,27127,0,0.5,大阪市北区野崎町,4329,大阪市北区野崎町,3968,8297,1.27,0.37,14.1,9.2,27.2,40
27700250020,裁判所東筋線,一般国道１号,恵美須南森町線,27127,0,0.5,大阪市北区野崎町,4329,大阪市北区野崎町,3968,8297,1.27,0.37,4.4,5,27.2,40
27700260010,木津川平野線,大阪伊丹線,一般国道２６号,27122,0,0.1,大阪市阿倍野区松虫通２丁目,6553,大阪市阿倍野区松虫通２丁目,5921,12474,1.29,0.63,19,15.6,23.7,50
27700260020,木津川平野線,一般国道２６号,大阪市西成区・大阪市阿倍野区境,27122,0,0.8,大阪市阿倍野区松虫通２丁目,6553,大阪市阿倍野区松虫通２丁目,5921,12474,1.29,0.63,13.2,20.3,23.7,50
27700260030,木津川平野線,大阪市西成区・大阪市阿倍野区境,大阪和泉泉南線,27119,0,0.7,大阪市阿倍野区松虫通２丁目,6553,大阪市阿倍野区松虫通２丁目,5921,12474,1.29,0.82,22.7,9.3,25.4,50
27700260040,木津川平野線,大阪和泉泉南線,大阪高石線,27119,0,0.6,大阪市阿倍野区松虫通２丁目,6553,大阪市阿倍野区松虫通２丁目,5921,12474,1.29,0.82,9.7,12.8,25.4,50
27700260050,木津川平野線,大阪高石線,大阪市阿倍野区・大阪市東住吉区境,27119,0,0.5,,7278,,8780,16058,1.31,0.86,11.7,23.5,25.4,50
27700260060,木津川平野線,大阪市阿倍野区・大阪市東住吉区境,大阪狭山線,27121,0,0.2,,7278,,8780,16058,1.31,0.65,20.8,10.4,25.2,50
27700260070,木津川平野線,大阪狭山線,大阪環状線,27121,0,1.2,,7278,,8780,16058,1.31,0.65,23,20.3,25.2,50
27700260080,木津川平野線,大阪環状線,大阪市東住吉区・大阪市平野区境,27121,0,0.5,,7278,,8780,16058,1.31,0.65,17.3,26.2,25.2,50
27700260090,木津川平野線,大阪市東住吉区・大阪市平野区境,一般国道３０９号,27126,0,0.3,,7278,,8780,16058,1.31,0.68,23.8,22.3,22.3,50
27700260100,木津川平野線,一般国道３０９号,一般国道２５号,27126,0,0.2,,7278,,8780,16058,1.31,0.68,29,9.8,22.3,50
27700270010,加美１３号線,,大阪港八尾線,27126,0,1.6,大阪市平野区加美正覚寺３丁目,3833,大阪市平野区加美正覚寺３丁目,2864,6697,1.26,0.89,14,10.6,11.7,40
27700270020,加美１３号線,大阪港八尾線,一般国道２５号,27126,0,0.4,大阪市平野区加美正覚寺３丁目,3833,大阪市平野区加美正覚寺３丁目,2864,6697,1.26,0.89,12,11.2,11.7,40
27700270030,加美１３号線,一般国道２５号,大阪羽曳野線,27126,0,0.1,大阪市平野区加美正覚寺３丁目,3833,大阪市平野区加美正覚寺３丁目,2864,6697,1.26,0.89,,,11.7,40
27300250440,天王寺方面東西３３号線,一般国道２５号,大阪和泉泉南線,27109,0,0.5,,,,,,,,,,25,50
27300250450,天王寺方面東西３３号線,大阪和泉泉南線,一般国道２５号,27109,0,0.2,,,,,,,,,,25,50
27700340010,片町野江森小路線,大阪環状線,一般国道１号,27117,0,1.2,大阪市城東区成育５丁目,9718,大阪市城東区成育５丁目,8984,18702,1.32,0.63,19.6,22.9,26.8,40
27701000010,築港八幡２号線,,市道,27141,0,2.1,堺市堺区築港八幡町,4342,堺市堺区築港八幡町,4049,8391,1.27,0.48,38.2,35.6,22,50
27702000010,築港八幡６号線,高速湾岸線,八幡三宝線,27141,0,0.2,堺市堺区築港八幡町,7376,堺市堺区築港八幡町,7810,15186,1.31,0.69,18.6,19.1,40,60
27703000010,八幡三宝線,築港八幡６号線,市道,27141,0,0.2,堺市堺区海山町4丁,3867,堺市堺区海山町4丁,3625,7492,1.27,0.32,31.3,16.5,29.99,40
27703000020,八幡三宝線,市道,大阪臨海線,27141,0,0.5,堺市堺区海山町4丁,3867,堺市堺区海山町4丁,3625,7492,1.27,0.32,21,11.3,29.99,40
27703000030,八幡三宝線,大阪臨海線,一般国道２６号,27141,0,0.6,堺市堺区海山町4丁,3867,堺市堺区海山町4丁,3625,7492,1.27,1,12.6,10.2,20.05,40
27704000010,砂道翁橋線,,大堀堺線,27141,0,0.5,堺市堺区北花田口町1丁,8637,堺市堺区北花田口町1丁,10066,18703,1.32,0.55,21.5,22,28.7,50
27704000020,砂道翁橋線,大堀堺線,堺大和高田線,27141,0,0.9,堺市堺区北花田口町1丁,8637,堺市堺区北花田口町1丁,10066,18703,1.32,0.55,31.8,18.7,28.7,50
27704000030,砂道翁橋線,堺大和高田線,高速大阪堺線,27141,0,0.3,堺市堺区北花田口町1丁,8637,堺市堺区北花田口町1丁,10066,18703,1.32,0.55,12.2,12.5,28.7,50
27704000040,砂道翁橋線,高速大阪堺線,一般国道２６号,27141,0,0.6,堺市堺区北花田口町1丁,8637,堺市堺区北花田口町1丁,10066,18703,1.32,0.55,16.5,7.5,28.7,50
27705000010,大道筋,大堀堺線,堺大和高田線,27141,0,0.9,堺市堺区櫛屋町東1丁,6746,堺市堺区櫛屋町東1丁,8179,14925,1.31,0.46,17.4,19.5,50,50
27705000020,大道筋,堺大和高田線,一般国道２６号,27141,0,0.8,堺市堺区櫛屋町東1丁,6746,堺市堺区櫛屋町東1丁,8179,14925,1.31,0.46,19.8,17,50,50
27706000010,臨海１号線,,臨海２号線,27144,0,4.2,堺市西区築港新町3丁,10017,堺市西区築港新町3丁,11158,21175,1.32,1.09,,,36.01,60
27706000020,臨海１号線,臨海２号線,高速湾岸線,27144,0,1.3,堺市西区石津西町,19632,堺市西区石津西町,18509,38141,1.36,1.56,24.6,16.2,36.09,60
27706000030,臨海１号線,高速湾岸線,堺阪南線,27144,0,0.2,堺市西区石津西町,19632,堺市西区石津西町,18509,38141,1.36,1.56,4.1,10.1,36.09,60
27707000010,臨海２号線,,臨海１号線,27144,0,2,堺市西区築港新町3丁,7250,堺市西区築港新町3丁,6958,14208,1.31,0.64,54,38.6,35.86,60
27708000010,八田西八田北線,堺かつらぎ線,八田北深井沢線,27142,0,1.5,堺市中区八田北町,6382,堺市中区八田北町,5484,11866,1.28,0.68,23.6,29.8,22.01,60
27709000010,八田北深井沢線,八田西八田北線,堺狭山線,27142,0,0.7,堺市中区深井清水町,10366,堺市中区深井清水町,8726,19092,1.32,0.65,20.4,15.5,22,60
27710000010,新家深井線,一般国道３１０号,西鳳東線,27142,0,0.6,堺市中区土塔町,7713,堺市中区土塔町,7347,15060,1.31,0.54,19.4,26.8,33.32,40
27710000020,新家深井線,西鳳東線,深井畑山宿院線,27142,0,0.4,堺市中区土塔町,7713,堺市中区土塔町,7347,15060,1.31,0.54,21.1,33.4,33.32,40
27710000030,新家深井線,深井畑山宿院線,堺狭山線,27142,0,1.1,堺市中区土塔町,7713,堺市中区土塔町,7347,15060,1.31,0.54,19.9,15.6,33.32,40
27711000010,鳳西上１号線,市道鳳南上１号線,大阪和泉泉南線,27144,0,0.3,堺市西区上,5620,堺市西区上,7818,13438,1.31,1.35,16.4,20.2,21.25,40
27711000005,鳳西上１号線,一般国道２６号,市道鳳南上１号線,27144,0,0.6,堺市西区上,5620,堺市西区上,7818,13438,1.31,1.35,16.4,20.2,21.25,40
27712000010,三原台槇塚台線,堺狭山線,富田林泉大津線,27145,0,1.2,堺市南区槇塚台1丁,7705,堺市南区槇塚台1丁,7509,15214,1.31,0.6,26.9,25.9,19.39,40
27712000020,三原台槇塚台線,富田林泉大津線,,27145,0,1.4,堺市南区槇塚台1丁,7705,堺市南区槇塚台1丁,7509,15214,1.31,0.6,28.1,34,19.39,40
27713000010,赤坂台庭代台線,堺泉北環状線,別所草部線,27145,0,0.9,堺市南区桃山台2丁,4992,堺市南区桃山台2丁,4462,9454,1.28,0.37,23.6,25.5,22.15,60
27713000020,赤坂台庭代台線,別所草部線,富田林泉大津線,27145,0,1.2,堺市南区桃山台2丁,4992,堺市南区桃山台2丁,4462,9454,1.28,0.37,29.5,29.2,22.15,60
27713000030,赤坂台庭代台線,富田林泉大津線,堺泉北環状線,27145,0,2.1,堺市南区桃山台2丁,4992,堺市南区桃山台2丁,4462,9454,1.28,0.37,31.8,30.8,22.15,60
27714000010,城山台３９号線,堺泉北環状線,,27145,0,0.5,,10285,,9478,19763,1.32,0.52,30,43.4,19.95,50
27715000010,津久野１８号線,大阪高石線（新）,,27144,0,0.2,堺市西区津久野町1丁,9207,堺市西区津久野町1丁,12029,21236,1.33,0.54,7.1,22.2,27.72,40
27400280460,津久野１８号線,,大阪高石線,27144,0,0,堺市西区津久野町1丁,9207,堺市西区津久野町1丁,12029,21236,1.33,0.54,,,27.72,40
27716000010,市道神野３２号線,大阪高石線（新）,市道神野上野芝向ヶ丘１号線,27144,0,0.4,堺市西区神野町,5021,堺市西区神野町,4789,9810,1.28,0.99,,,17.2,40
27716000020,市道神野上野芝向ヶ丘１号線,市道神野３２号線,市道下田深井中町線,27144,0,0.2,堺市西区神野町,5021,堺市西区神野町,4789,9810,1.28,0.84,,,18.1,40
27716000030,市道下田深井中町線,市道神野上野芝向ヶ丘１号線,市道神石市之町津久野１号線,27144,0,0.1,堺市西区神野町,5021,堺市西区神野町,4789,9810,1.28,1.05,,,18.2,40
27716000040,市道神石市之町津久野１号線,市道下田深井中町線,堺市西区・堺市堺区境,27144,0,0.5,堺市西区宮下町,4284,堺市西区宮下町,4348,8632,1.27,0.86,,,17.8,40
27716000050,市道神石市之町津久野１号線,堺市西区・堺市堺区境,大阪和泉泉南線,27141,0,0.3,堺市西区宮下町,4284,堺市西区宮下町,4348,8632,1.27,0.97,,,18.2,40
27717000010,市道鳳東鳳南２号線,平尾鳳停車場線,市道鳳南上１号線,27144,0,0.6,,,,,,,,,,18,40
27717000020,市道鳳南上１号線,市道鳳東鳳南２号線,鳳西上１号線,27144,0,0.2,堺市西区鳳南町３丁,3050,堺市西区鳳南町３丁,3024,6074,1.26,0.57,,,18.2,40
