交通調査基本区間番号,路線名,起点側／路線名等,終点側／路線名等,市区町村コード,自動車専用道路の別,区間延長（ｋｍ）,上り／交通量観測地点地名,上り／２４時間自動車類交通量／合計（台）,下り／交通量観測地点地名,下り／２４時間自動車類交通量／合計（台）,２４時間自動車類交通量（上下合計）／合計（台）,昼夜率,混雑度,朝夕（混雑時）／上り／旅行速度／合計（ｋｍ／ｈ）,朝夕（混雑時）／下り／旅行速度／合計（ｋｍ／ｈ）,幅員構成／道路部幅員（ｍ）,指定最高速度（ｋｍ／ｈ）
11110400010,東北自動車道,高速川口線,東京外環自動車道,11203,1,0.5,川口JCT～さいたま市境（浦和第二IC）,48841,川口JCT～さいたま市境（浦和第二IC）,47807,96648,1.4,0.89,59.2,81,30,80
11110400020,東北自動車道,東京外環自動車道,川口市・さいたま市緑区境,11203,1,1.5,川口JCT～さいたま市境（浦和第二IC）,48841,川口JCT～さいたま市境（浦和第二IC）,47807,96648,1.4,0.89,38.7,73.4,30,80
11110400030,東北自動車道,川口市・さいたま市緑区境,さいたま市緑区・川口市境,11109,1,0.5,さいたま市境（川口JCT）～浦和第二IC,48841,さいたま市境（川口JCT）～浦和第二IC,47807,96648,1.4,0.89,52.9,72.7,30,80
11110400040,東北自動車道,さいたま市緑区・川口市境,川口市・さいたま市緑区境,11203,1,0.1,川口JCT～さいたま市境（浦和第二IC）,48841,川口JCT～さいたま市境（浦和第二IC）,47807,96648,1.4,0.89,54.7,70.6,30,80
11110400050,東北自動車道,川口市・さいたま市緑区境,一般国道１２２号,11109,1,0.6,さいたま市境（川口JCT）～浦和第二IC,48841,さいたま市境（川口JCT）～浦和第二IC,47807,96648,1.4,0.89,57.9,70.4,30,80
11110400060,東北自動車道,一般国道１２２号,一般国道１２２号,11109,1,1.6,浦和第二～浦和TB,44040,浦和第二～浦和TB,42102,86142,1.4,0.83,45.9,38.8,30,80
11110400070,東北自動車道,一般国道１２２号,さいたま市緑区・さいたま市岩槻区境,11109,1,2.4,浦和TB～岩槻,49239,浦和TB～岩槻,47474,96713,1.38,0.93,38.6,57.2,32.25,100
11110400080,東北自動車道,さいたま市緑区・さいたま市岩槻区境,一般国道１６号,11110,1,3.3,浦和TB～岩槻,49239,浦和TB～岩槻,47474,96713,1.38,0.93,66.7,77.5,32.25,100
11110400090,東北自動車道,一般国道１６号,さいたま市岩槻区・蓮田市境,11110,1,4.8,岩槻～蓮田スマート,47138,岩槻～蓮田スマート,43773,90911,1.36,0.93,74.9,78.4,32.25,100
11110400095,東北自動車道,さいたま市岩槻区・蓮田市境,蓮田白岡久喜線,11238,1,2.7,岩槻～蓮田スマート,47138,岩槻～蓮田スマート,43773,90911,1.36,0.93,73.8,84,32.25,100
11110400100,東北自動車道,蓮田白岡久喜線,蓮田市・白岡市境,11238,1,0.6,蓮田スマート～久喜白岡JCT,44832,蓮田スマート～久喜白岡JCT,41432,86264,1.36,0.91,73.7,83.8,32.25,100
11110400110,東北自動車道,蓮田市・白岡市境,首都圏中央連絡自動車道,11246,1,5.4,蓮田スマート～久喜白岡JCT,44832,蓮田スマート～久喜白岡JCT,41432,86264,1.36,0.91,81.1,84.2,32.25,100
11110400120,東北自動車道,首都圏中央連絡自動車道,さいたま栗橋線,11232,1,1.5,久喜白岡JCT～久喜,44458,久喜白岡JCT～久喜,41870,86328,1.4,0.93,71.8,88.9,32.25,100
11110400130,東北自動車道,さいたま栗橋線,久喜市・加須市境,11232,1,3.2,久喜～加須,40526,久喜～加須,37750,78276,1.41,0.89,77.2,87.8,32.25,100
11110400140,東北自動車道,久喜市・加須市境,一般国道１２５号,11210,1,4.7,久喜～加須,40526,久喜～加須,37750,78276,1.41,0.89,80.4,88,32.25,100
11110400150,東北自動車道,一般国道１２５号,加須市・羽生市境,11210,1,5.5,加須～羽生,36325,加須～羽生,34019,70344,1.42,0.78,83.1,89.9,32.25,100
11110400160,東北自動車道,加須市・羽生市境,羽生栗橋線,11216,1,0.5,加須～羽生,36325,加須～羽生,34019,70344,1.42,0.78,82.3,90.4,32.25,100
11110400170,東北自動車道,羽生栗橋線,東北自動車道,11216,1,4.1,羽生～館林,35283,羽生～館林,32864,68147,1.42,0.8,84.9,88.2,32.25,100
11111100010,東京外環自動車道,東京外環自動車道,和光インター線,11229,1,2.1,東京都境(大泉JCT)～和光IC,37602,東京都境(大泉JCT)～和光IC,36763,74365,1.39,0.65,68,28.1,29,80
11111100020,東京外環自動車道,和光インター線,一般国道２５４号,11229,1,2.1,和光IC～和光北IC,41789,和光IC～和光北IC,40851,82640,1.41,0.73,72.8,21.3,29,80
11111100030,東京外環自動車道,一般国道２５４号,和光市・戸田市境,11229,1,1,和光北IC～戸田西IC,44472,和光北IC～戸田西IC,43313,87785,1.41,1.12,57.6,37.9,22,80
11111100040,東京外環自動車道,和光市・戸田市境,一般国道２９８号,11224,1,1.1,和光北IC～戸田西IC,44472,和光北IC～戸田西IC,43313,87785,1.41,1.12,36.5,45.7,22,80
11111100050,東京外環自動車道,一般国道２９８号,高速５号池袋線,11224,1,0.9,戸田西IC～美女木JCT,41523,戸田西IC～美女木JCT,40763,82286,1.42,1.07,19.7,48.3,22,80
11111100060,東京外環自動車道,高速５号池袋線,一般国道２９８号,11224,1,1.4,美女木JCT～戸田東IC,35512,美女木JCT～戸田東IC,36241,71753,1.4,0.96,30.5,35.4,22,80
11111100070,東京外環自動車道,一般国道２９８号,戸田市・さいたま市南区境,11224,1,0.1,戸田東IC～さいたま市境（外環浦和IC）,38719,戸田東IC～さいたま市境（外環浦和IC）,39953,78672,1.4,1.05,42.2,30.4,22,80
11111100080,東京外環自動車道,戸田市・さいたま市南区境,さいたま市南区・川口市境,11108,1,1.9,埼玉市境（戸田東IC）～外環浦和IC,38719,埼玉市境（戸田東IC）～外環浦和IC,39953,78672,1.4,1.05,44.2,26.7,22,80
11111100090,東京外環自動車道,さいたま市南区・川口市境,一般国道２９８号,11203,1,0.4,戸田東IC～さいたま市境（外環浦和IC）,38719,戸田東IC～さいたま市境（外環浦和IC）,39953,78672,1.4,1.05,52,26.5,22,80
11111100100,東京外環自動車道,一般国道２９８号,一般国道２９８号,11203,1,1.7,外環浦和IC～川口西IC,43626,外環浦和IC～川口西IC,44849,88475,1.39,1.14,45.5,30.1,22,80
11111100110,東京外環自動車道,一般国道２９８号,一般国道２９８号,11203,1,2.8,川口西IC～川口中央IC,39424,川口西IC～川口中央IC,40607,80031,1.4,1,48.1,30.4,22,80
11111100120,東京外環自動車道,一般国道２９８号,東北自動車道,11203,1,0.8,川口中央IC～川口JCT,43291,川口中央IC～川口JCT,44709,88000,1.39,1.09,56.9,26,22,80
11111100130,東京外環自動車道,東北自動車道,一般国道２９８号,11203,1,1.4,川口JCT～川口東IC,45919,川口JCT～川口東IC,46875,92794,1.42,1.15,61,17.8,22,80
11111100140,東京外環自動車道,一般国道２９８号,川口市・草加市境,11203,1,2,川口東IC～草加IC,47613,川口東IC～草加IC,48813,96426,1.42,1.17,46.5,31,22,80
11111100150,東京外環自動車道,川口市・草加市境,一般国道２９８号,11221,1,1.4,川口東IC～草加IC,47613,川口東IC～草加IC,48813,96426,1.42,1.17,23.5,38.2,22,80
11111100160,東京外環自動車道,一般国道２９８号,草加市・八潮市境,11221,1,3.9,草加IC～外環三郷西IC,42572,草加IC～外環三郷西IC,44863,87435,1.43,1.07,22.4,34.5,22,80
11111100170,東京外環自動車道,草加市・八潮市境,八潮市・三郷市境,11234,1,1.2,草加IC～外環三郷西IC,42572,草加IC～外環三郷西IC,44863,87435,1.43,1.07,27.1,61.6,22,80
11111100180,東京外環自動車道,八潮市・三郷市境,一般国道２９８号,11237,1,0.6,草加IC～外環三郷西IC,42572,草加IC～外環三郷西IC,44863,87435,1.43,1.07,16,65.9,22,80
11111100190,東京外環自動車道,一般国道２９８号,常磐自動車道,11237,1,1.2,外環三郷西IC～三郷JCT,22004,外環三郷西IC～三郷JCT,38700,60704,1.47,0.82,14.4,72.2,22,80
11111100200,東京外環自動車道,常磐自動車道,一般国道２９８号,11237,1,1.4,三郷JCT～三郷中央IC,30937,三郷JCT～三郷中央IC,36938,67875,1.43,0.82,16.7,70.3,22,80
11111100210,東京外環自動車道,一般国道２９８号,一般国道２９８号,11237,1,2.7,三郷中央IC～三郷南IC,34643,三郷中央IC～三郷南IC,36938,71581,1.42,0.83,38.2,62.8,21.75,80
11111100230,東京外環自動車道,,,11237,1,2.4,三郷南IC～東京都境,27870,三郷南IC～東京都境,29931,57801,1.43,0.69,57.4,40,22,80
11114000010,常磐自動車道,東京外環自動車道,三郷市道,11237,1,4.2,三郷～三郷料金所スマート,51383,三郷～三郷料金所スマート,52115,103498,1.44,0.98,37.2,55.2,31,80
11114000020,常磐自動車道,三郷市道,常磐自動車道,11243,1,1.4,三郷料金所スマート～流山,53506,三郷料金所スマート～流山,53729,107235,1.43,1.01,41.9,70.8,31,80
11118000010,関越自動車道,関越自動車道,関越自動車道,11230,1,4.4,東京都境(大泉JCT）～所沢IC,46401,東京都境(大泉JCT）～所沢IC,48339,94740,1.4,0.78,70.2,77.6,29,100
11118000030,関越自動車道,関越自動車道,一般国道４６３号,11208,1,0.8,東京都境(大泉JCT）～所沢IC,46401,東京都境(大泉JCT）～所沢IC,48339,94740,1.4,0.78,88.3,84.3,29,100
11118000040,関越自動車道,一般国道４６３号,所沢市・三芳町境,11208,1,1.8,所沢～三芳スマート,43909,所沢～三芳スマート,41915,85824,1.38,0.79,83.9,85.1,30.5,100
11118000050,関越自動車道,所沢市・三芳町境,三芳町道,11324,1,2.7,所沢～三芳スマート,43909,所沢～三芳スマート,41915,85824,1.38,0.79,85.6,82.9,30.5,100
11118000060,関越自動車道,三芳町道,三芳町・ふじみ野市境,11324,1,0.9,三芳スマート～川越,47058,三芳スマート～川越,44524,91582,1.36,0.86,82.3,74.3,30.5,100
11118000070,関越自動車道,三芳町・ふじみ野市境,ふじみ野市・川越市境,11245,1,1.8,三芳スマート～川越,47058,三芳スマート～川越,44524,91582,1.36,0.86,85.5,78.6,30.5,100
11118000080,関越自動車道,ふじみ野市・川越市境,一般国道１６号,11201,1,4.6,三芳スマート～川越,47058,三芳スマート～川越,44524,91582,1.36,0.86,83.7,77.5,30.5,100
11118000090,関越自動車道,一般国道１６号,川越市・鶴ヶ島市境,11201,1,5.6,川越～鶴ヶ島JCT,45157,川越～鶴ヶ島JCT,42620,87777,1.34,0.84,77.9,74.6,33.5,100
11118000100,関越自動車道,川越市・鶴ヶ島市境,一般国道４６８号（圏央道）,11241,1,1,川越～鶴ヶ島JCT,45157,川越～鶴ヶ島JCT,42620,87777,1.34,0.84,71.3,73.5,33.5,100
11118000110,関越自動車道,一般国道４６８号（圏央道）,一般国道４０７号,11241,1,1.8,鶴ヶ島JCT～鶴ヶ島,49513,鶴ヶ島JCT～鶴ヶ島,46400,95913,1.36,0.98,58.3,71.9,33.5,100
11118000120,関越自動車道,一般国道４０７号,鶴ヶ島市・坂戸市境,11241,1,1.2,鶴ヶ島～坂戸西スマート～東松山,46239,鶴ヶ島～坂戸西スマート～東松山,43188,89427,1.36,0.95,57.5,73.9,33.5,100
11118000125,関越自動車道,鶴ヶ島市・坂戸市境,坂戸市道,11239,1,1.9,鶴ヶ島～坂戸西スマート～東松山,46239,鶴ヶ島～坂戸西スマート～東松山,43188,89427,1.36,0.95,,,33.5,100
11118000130,関越自動車道,坂戸市道,坂戸市・東松山市境,11239,1,1.6,鶴ヶ島～坂戸西スマート～東松山,46239,鶴ヶ島～坂戸西スマート～東松山,43188,89427,1.36,0.95,54.9,,33.5,100
11118000140,関越自動車道,坂戸市・東松山市境,一般国道２５４号,11212,1,5.1,鶴ヶ島～坂戸西スマート～東松山,46239,鶴ヶ島～坂戸西スマート～東松山,43188,89427,1.36,0.95,58.4,82.7,33.5,100
11118000150,関越自動車道,一般国道２５４号,東松山市・滑川町境,11212,1,1.7,東松山～嵐山小川,37183,東松山～嵐山小川,34435,71618,1.36,0.77,67.5,90.1,32,100
11118000160,関越自動車道,東松山市・滑川町境,滑川町・嵐山町境,11341,1,3,東松山～嵐山小川,37183,東松山～嵐山小川,34435,71618,1.36,0.77,73.4,89.4,32,100
11118000170,関越自動車道,滑川町・嵐山町境,嵐山町・滑川町境,11342,1,0.3,東松山～嵐山小川,37183,東松山～嵐山小川,34435,71618,1.36,0.77,78,93.9,32,100
11118000180,関越自動車道,嵐山町・滑川町境,滑川町・嵐山町境,11341,1,0.6,東松山～嵐山小川,37183,東松山～嵐山小川,34435,71618,1.36,0.77,78.4,91.4,32,100
11118000190,関越自動車道,滑川町・嵐山町境,熊谷小川秩父線,11342,1,2.4,東松山～嵐山小川,37183,東松山～嵐山小川,34435,71618,1.36,0.77,81.1,88.5,32,100
11118000200,関越自動車道,熊谷小川秩父線,嵐山町・小川町境,11342,1,3.2,嵐山小川～花園,34338,嵐山小川～花園,31739,66077,1.36,0.71,87.1,88,32,100
11118000210,関越自動車道,嵐山町・小川町境,小川町・寄居町境,11343,1,0.8,嵐山小川～花園,34338,嵐山小川～花園,31739,66077,1.36,0.71,90.6,92.8,32,100
11118000220,関越自動車道,小川町・寄居町境,寄居町・深谷市境,11408,1,1.8,嵐山小川～花園,34338,嵐山小川～花園,31739,66077,1.36,0.71,91.2,91.8,32,100
11118000230,関越自動車道,寄居町・深谷市境,深谷市・寄居町境,11218,1,0.6,嵐山小川～花園,34338,嵐山小川～花園,31739,66077,1.36,0.71,92.6,92.3,32,100
11118000240,関越自動車道,深谷市・寄居町境,寄居町・深谷市境,11408,1,1.2,嵐山小川～花園,34338,嵐山小川～花園,31739,66077,1.36,0.71,91.6,92.1,32,100
11118000250,関越自動車道,寄居町・深谷市境,一般国道１４０号,11218,1,1.1,嵐山小川～花園,34338,嵐山小川～花園,31739,66077,1.36,0.71,90.2,90.7,32,100
11118000260,関越自動車道,一般国道１４０号,深谷市・寄居町境,11218,1,4.4,花園～寄居スマート～本庄児玉,29789,花園～寄居スマート～本庄児玉,27506,57295,1.37,0.61,94,93.1,32,100
11118000265,関越自動車道,深谷市・寄居町境,,11408,1,3.3,花園～寄居スマート～本庄児玉,29789,花園～寄居スマート～本庄児玉,27506,57295,1.37,0.61,90.3,94.4,32,100
11118000270,関越自動車道,,寄居町・深谷市境,11408,1,0.2,花園～寄居スマート～本庄児玉,29789,花園～寄居スマート～本庄児玉,27506,57295,1.37,0.61,89.3,92.5,32,100
11118000280,関越自動車道,寄居町・深谷市境,深谷市・美里町境,11218,1,0.3,花園～寄居スマート～本庄児玉,29789,花園～寄居スマート～本庄児玉,27506,57295,1.37,0.61,90.8,94.3,32,100
11118000290,関越自動車道,深谷市・美里町境,美里町・本庄市境,11381,1,4.3,花園～寄居スマート～本庄児玉,29789,花園～寄居スマート～本庄児玉,27506,57295,1.37,0.61,93.8,95.1,32,100
11118000300,関越自動車道,美里町・本庄市境,一般国道４６２号,11211,1,1,花園～寄居スマート～本庄児玉,29789,花園～寄居スマート～本庄児玉,27506,57295,1.37,0.61,95.5,93.4,32,100
11118000310,関越自動車道,一般国道４６２号,本庄市・上里町境,11211,1,1.6,本庄児玉～上里スマート～藤岡JCT,27658,本庄児玉～上里スマート～藤岡JCT,25238,52896,1.37,0.56,93.6,93.2,32,100
11118000320,関越自動車道,本庄市・上里町境,関越自動車道,11385,1,5.1,本庄児玉～上里スマート～藤岡JCT,27658,本庄児玉～上里スマート～藤岡JCT,25238,52896,1.37,0.56,92.8,91.6,32,100
11200500030,高速５号池袋線,高速５号池袋線,和光市・戸田市境,11229,1,0.1,都県境～戸田南出入口,26840,都県境～戸田南出入口,32648,59488,1.51,0.68,71.8,17.3,18.2,60
11200500020,高速５号池袋線,和光市・戸田市境,一般国道１７号,11224,1,0.6,都県境～戸田南出入口,26840,都県境～戸田南出入口,32648,59488,1.51,0.68,70.4,18.5,18.2,60
11200500010,高速５号池袋線,一般国道１７号,東京外環自動車道,11224,1,2.4,戸田南出入口～美女木JCT・戸田出入口,24628,戸田南出入口～美女木JCT・戸田出入口,27243,51871,1.53,0.55,66.2,34.2,18.2,60
11200510010,高速埼玉大宮線,東京外環自動車道,戸田市・さいたま市南区境,11224,1,0.9,美女木JCT・戸田出入口～浦和南出入口,23753,美女木JCT・戸田出入口～浦和南出入口,23805,47558,1.46,0.48,51.7,60,19.45,80
11200510020,高速埼玉大宮線,戸田市・さいたま市南区境,一般国道１７号,11108,1,0.3,美女木JCT・戸田出入口～浦和南出入口,23753,美女木JCT・戸田出入口～浦和南出入口,23805,47558,1.46,0.48,62.3,38.2,19.45,80
11200510030,高速埼玉大宮線,一般国道１７号,さいたま市南区・さいたま市桜区境,11108,1,0.7,浦和南出入口～浦和北出入口,18286,浦和南出入口～浦和北出入口,17827,36113,1.45,0.36,74.6,52.8,19.45,80
11200510040,高速埼玉大宮線,さいたま市南区・さいたま市桜区境,さいたま市桜区・さいたま市中央区境,11106,1,2.8,浦和南出入口～浦和北出入口,18286,浦和南出入口～浦和北出入口,17827,36113,1.45,0.36,74.4,78.1,19.45,80
11200510050,高速埼玉大宮線,さいたま市桜区・さいたま市中央区境,一般国道１７号,11105,1,0.1,浦和南出入口～浦和北出入口,18286,浦和南出入口～浦和北出入口,17827,36113,1.45,0.36,85.6,78.5,19.45,80
11200510060,高速埼玉大宮線,一般国道１７号,さいたま市中央区・さいたま市桜区境,11105,1,0.1,浦和北出入口～与野JCT・与野出入口,18863,浦和北出入口～与野JCT・与野出入口,18050,36913,1.45,0.37,85.6,78.5,19.45,80
11200510070,高速埼玉大宮線,さいたま市中央区・さいたま市桜区境,さいたま市桜区・さいたま市中央区境,11106,1,0.1,浦和北出入口～与野JCT・与野出入口,18863,浦和北出入口～与野JCT・与野出入口,18050,36913,1.45,0.37,85.4,77.6,19.45,80
11200510080,高速埼玉大宮線,さいたま市桜区・さいたま市中央区境,一般国道１７号,11105,1,2.2,浦和北出入口～与野JCT・与野出入口,18863,浦和北出入口～与野JCT・与野出入口,18050,36913,1.45,0.37,75.7,47.6,19.45,80
11200510090,高速埼玉大宮線,一般国道１７号,さいたま市中央区・さいたま市大宮区境,11105,1,1.3,与野JCT・与野出入口～新都心西出入口,8890,与野JCT・与野出入口～新都心西出入口,9225,18115,1.34,0.83,64.5,54.2,15.4,40
11200510100,高速埼玉新都心線,さいたま市中央区・さいたま市大宮区境,さいたまふじみ野所沢線,11103,1,0.7,与野JCT・与野出入口～新都心西出入口,8890,与野JCT・与野出入口～新都心西出入口,9225,18115,1.34,0.83,69.6,70.7,20.3,60
11200510110,高速埼玉新都心線,さいたまふじみ野所沢線,さいたま市大宮区・さいたま市中央区境,11103,1,0.1,新都心西出入口～新都心出入口,4355,新都心西出入口～新都心出入口,3802,8157,1.34,0.41,75,77.3,20.3,60
11200510120,高速埼玉新都心線,さいたま市大宮区・さいたま市中央区境,さいたま市中央区・さいたま市大宮区境,11105,1,0.6,新都心西出入口～新都心出入口,4355,新都心西出入口～新都心出入口,3802,8157,1.34,0.41,76.8,78.9,20.3,60
11200510130,高速埼玉新都心線,さいたま市中央区・さいたま市大宮区境,さいたま市大宮区・さいたま市中央区境,11103,1,0.1,新都心西出入口～新都心出入口,4355,新都心西出入口～新都心出入口,3802,8157,1.34,0.41,69.7,73.6,20.3,60
11200510140,高速埼玉新都心線,さいたま市大宮区・さいたま市中央区境,市道７１５号線,11105,1,1,新都心西出入口～新都心出入口,4355,新都心西出入口～新都心出入口,3802,8157,1.34,0.41,80.8,80.2,20.3,60
11200510150,高速埼玉新都心線,市道７１５号線,,11103,1,0.1,新都心西出入口～新都心出入口,4355,新都心西出入口～新都心出入口,3802,8157,1.34,0.12,91.1,82.7,20.3,60
11200510160,高速埼玉新都心線,,さいたま市大宮区・さいたま市浦和区境,11103,1,1,新都心出入口～さいたま見沼出入口,3173,新都心出入口～さいたま見沼出入口,3093,6266,1.35,0.1,83.5,80.9,20.3,60
11200510170,高速埼玉新都心線,さいたま市大宮区・さいたま市浦和区境,さいたま市浦和区・さいたま市見沼区境,11107,1,0.5,新都心出入口～さいたま見沼出入口,3173,新都心出入口～さいたま見沼出入口,3093,6266,1.35,0.34,75.6,76.9,14.2,60
11200510180,高速埼玉新都心線,さいたま市浦和区・さいたま市見沼区境,さいたま市見沼区・さいたま市緑区境,11104,1,1,新都心出入口～さいたま見沼出入口,3173,新都心出入口～さいたま見沼出入口,3093,6266,1.35,0.34,70.6,72.2,14.2,60
11200510190,高速埼玉新都心線,さいたま市見沼区・さいたま市緑区境,さいたま川口線,11109,1,0.1,新都心出入口～さいたま見沼出入口,3173,新都心出入口～さいたま見沼出入口,3093,6266,1.35,0.34,38.8,18.7,14.2,60
11200600010,高速６号三郷線,高速６号三郷線,平方東京線,11234,1,1.2,都県境～平方東京線八潮南出入口,41060,都県境～平方東京線八潮南出入口,47305,88365,1.49,1.06,14.1,75,19.25,80
11200600020,高速６号三郷線,平方東京線,松戸草加線,11234,1,1.5,八潮南出入口～八潮出入口,37722,八潮南出入口～八潮出入口,43466,81188,1.49,0.93,11.4,70.6,19.25,80
11200600030,高速６号三郷線,松戸草加線,八潮市・三郷市境,11234,1,1.6,八潮出入口～三郷JCT・三郷出入口,35494,八潮出入口～三郷JCT・三郷出入口,41351,76845,1.5,0.84,16.4,72.1,19.25,80
11200600040,高速６号三郷線,八潮市・三郷市境,東京外環自動車道,11237,1,1.4,八潮出入口～三郷JCT・三郷出入口,35494,八潮出入口～三郷JCT・三郷出入口,41351,76845,1.5,0.84,19.4,73,19.25,80
11201300010,高速川口線,高速川口線,足立川口線,11203,1,0.6,都県境～東領家出口,41328,都県境～東領家出口,43848,85176,1.44,0.89,25.3,62.8,19.25,60
11201300020,高速川口線,足立川口線,足立川口線,11203,1,0.3,東領家出口～加賀出入口,42828,東領家出口～加賀出入口,43848,86676,1.44,0.91,18.6,63.3,19.25,80
11201300030,高速川口線,足立川口線,高速川口線,11203,1,0.4,加賀出入口～都県境,38245,加賀出入口～都県境,38881,77126,1.44,0.85,17.1,71.7,19.25,80
11201300050,高速川口線,高速川口線,足立川口線,11203,1,0.8,都県境～新郷出入口,39415,都県境～新郷出入口,42091,81506,1.44,0.9,13.5,67.4,19.25,80
11201300060,高速川口線,足立川口線,足立川口線,11203,1,1.3,新郷出入口～安行出入口,37659,新郷出入口～安行出入口,41173,78832,1.42,0.9,14.1,68.6,19.25,80
11201300070,高速川口線,足立川口線,足立川口線,11203,1,2.2,安行出入口～新井宿出入口,36042,安行出入口～新井宿出入口,38771,74813,1.43,0.87,16.9,76.1,19.25,80
11201300080,高速川口線,足立川口線,東北自動車道,11203,1,1,新井宿出入口～川口JCT,32385,新井宿出入口～川口JCT,33765,66150,1.41,0.82,41.6,78,19.25,80
11300040010,一般国道４号,一般国道４号,川口草加線,11221,0,1.3,草加市谷塚仲町376-15地先,17760,草加市谷塚仲町376-15地先,18407,36167,1.46,1,50,15.9,20.43,60
11300040020,一般国道４号,川口草加線,さいたま草加線,11221,0,2.2,草加市谷塚仲町376-15地先,17760,草加市谷塚仲町376-15地先,18407,36167,1.46,1,15.4,16,20.43,60
11300040030,一般国道４号,さいたま草加線,一般国道２９８号,11221,0,1.4,草加市谷塚仲町376-15地先,17760,草加市谷塚仲町376-15地先,18407,36167,1.46,1,9.3,12.3,20.43,60
11300040040,一般国道４号,一般国道２９８号,金明町鳩ヶ谷線,11221,0,0.4,越谷市七左町6丁目62番地先,18995,越谷市七左町6丁目62番地先,18296,37291,1.51,0.91,11.4,21.1,20.43,60
11300040050,一般国道４号,金明町鳩ヶ谷線,草加市・越谷市境,11221,0,1,越谷市七左町6丁目62番地先,18995,越谷市七左町6丁目62番地先,18296,37291,1.51,0.91,11.4,26.7,20.43,60
11300040060,一般国道４号,草加市・越谷市境,蒲生岩槻線,11222,0,0.5,越谷市七左町6丁目62番地先,18995,越谷市七左町6丁目62番地先,18296,37291,1.51,0.98,17.5,11.3,21,60
11300040070,一般国道４号,蒲生岩槻線,越谷市道,11222,0,0.9,越谷市七左町6丁目62番地先,18995,越谷市七左町6丁目62番地先,18296,37291,1.51,0.98,17.4,18.6,21,60
11300040080,一般国道４号,越谷市道,越谷市道,11222,0,2.9,越谷市七左町6丁目62番地先,18995,越谷市七左町6丁目62番地先,18296,37291,1.51,0.98,22.9,22.8,21,60
11300040090,一般国道４号,越谷市道,一般国道４６３号,11222,0,0.4,越谷市七左町6丁目62番地先,18995,越谷市七左町6丁目62番地先,18296,37291,1.51,0.85,12.2,15.5,21,60
11300040100,一般国道４号,一般国道４６３号,越谷岩槻線,11222,0,0.5,越谷市七左町6丁目62番地先,18995,越谷市七左町6丁目62番地先,18296,37291,1.51,0.95,11.6,17.4,21,60
11300040110,一般国道４号,越谷岩槻線,大野島越谷線,11222,0,1.1,越谷市七左町6丁目62番地先,18995,越谷市七左町6丁目62番地先,18296,37291,1.51,0.79,13.6,18.2,21,60
11300040120,一般国道４号,大野島越谷線,一般国道４号,11222,0,1.1,越谷市七左町6丁目62番地先,18995,越谷市七左町6丁目62番地先,18296,37291,1.51,0.8,19.4,35.6,21.25,60
11300040130,一般国道４号,一般国道４号,越谷八潮線,11222,0,1.2,越谷市七左町6丁目62番地先,18995,越谷市七左町6丁目62番地先,18296,37291,1.51,0.76,46.3,14.4,41.2,60
11300040140,一般国道４号,越谷八潮線,野田岩槻線,11222,0,1.7,越谷市七左町6丁目62番地先,18995,越谷市七左町6丁目62番地先,18296,37291,1.51,0.77,11.4,14.4,26.5,60
11300040150,一般国道４号,野田岩槻線,越谷市・春日部市境,11222,0,0.7,春日部市水角1517地先,20063,春日部市水角1517地先,20555,40618,1.45,1.11,22.2,13.8,33.4,60
11300040160,一般国道４号,越谷市・春日部市境,春日部松伏線,11214,0,0.6,春日部市水角1517地先,20063,春日部市水角1517地先,20555,40618,1.45,1.23,32.9,11.1,32.7,60
11300040170,一般国道４号,春日部松伏線,一般国道１６号,11214,0,3.7,春日部市水角1517地先,20063,春日部市水角1517地先,20555,40618,1.45,1.14,18.5,32.4,26.92,60
11300040180,一般国道４号,一般国道１６号,西金野井春日部線,11214,0,0.5,春日部市水角1517地先,20063,春日部市水角1517地先,20555,40618,1.45,1.14,40.9,54.3,23.3,60
11300040190,一般国道４号,西金野井春日部線,西宝珠花春日部線,11214,0,1.7,春日部市下柳41-1地先,13611,春日部市下柳41-1地先,13230,26841,1.53,0.68,33.4,27.7,46.55,60
11300040200,一般国道４号,西宝珠花春日部線,春日部市・杉戸町境,11214,0,2.5,春日部市下柳41-1地先,13611,春日部市下柳41-1地先,13230,26841,1.53,0.68,36.1,35.9,46.55,60
11300040210,一般国道４号,春日部市・杉戸町境,次木杉戸線,11464,0,0.7,春日部市下柳41-1地先,13611,春日部市下柳41-1地先,13230,26841,1.53,1.79,24.2,30.6,49.65,50
11300040220,一般国道４号,次木杉戸線,杉戸町・幸手市境,11464,0,0.7,春日部市下柳41-1地先,13611,春日部市下柳41-1地先,13230,26841,1.53,1.79,48.5,42.5,49.65,50
11300040230,一般国道４号,杉戸町・幸手市境,惣新田春日部線,11240,0,0.4,春日部市下柳41-1地先,13611,春日部市下柳41-1地先,13230,26841,1.53,1.76,45.3,40.4,46.05,50
11300040240,一般国道４号,惣新田春日部線,惣新田幸手線,11240,0,1.1,春日部市下柳41-1地先,13611,春日部市下柳41-1地先,13230,26841,1.53,1.76,41.1,32.7,46.05,50
11300040250,一般国道４号,惣新田幸手線,境杉戸線,11240,0,2.8,春日部市下柳41-1地先,13611,春日部市下柳41-1地先,13230,26841,1.53,1.76,42.7,30.3,46.05,50
11300040260,一般国道４号,境杉戸線,一般国道４号,11240,0,0.4,幸手市上宇和田572-5地先,15542,幸手市上宇和田572-5地先,14859,30401,1.5,2.08,13,35.8,40,60
11300040280,一般国道４号,一般国道４号,越谷市・春日部市境,11222,0,2.1,越谷市下間久里110-1地先,8980,越谷市下間久里110-1地先,8310,17290,1.35,1.12,16.7,14.6,12.99,60
11300040290,一般国道４号,越谷市・春日部市境,野田岩槻線,11214,0,0.9,越谷市下間久里110-1地先,8980,越谷市下間久里110-1地先,8310,17290,1.35,1.11,15.7,20.1,11.6,50
11300040300,一般国道４号,野田岩槻線,さいたま春日部線,11214,0,4.1,春日部市備後東7丁目26-10地先,8407,春日部市備後東7丁目26-10地先,8970,17377,1.46,1.04,15.1,17.2,11.6,50
11300040310,一般国道４号,さいたま春日部線,西宝珠花春日部線,11214,0,0.7,春日部市備後東7丁目26-10地先,8407,春日部市備後東7丁目26-10地先,8970,17377,1.46,1.04,16.1,21.6,11.6,50
11300040320,一般国道４号,西宝珠花春日部線,さいたま春日部線,11214,0,0.3,春日部市備後東7丁目26-10地先,8407,春日部市備後東7丁目26-10地先,8970,17377,1.46,1.04,22.4,24.3,11.6,50
11300040330,一般国道４号,さいたま春日部線,惣新田春日部線,11214,0,0.4,春日部市備後東7丁目26-10地先,8407,春日部市備後東7丁目26-10地先,8970,17377,1.46,1.04,25.9,22.2,11.6,50
11300040340,一般国道４号,惣新田春日部線,一般国道１６号,11214,0,0.1,春日部市備後東7丁目26-10地先,8407,春日部市備後東7丁目26-10地先,8970,17377,1.46,1.04,20.1,10.6,11.6,50
11300040350,一般国道４号,一般国道１６号,春日部市・杉戸町境,11214,0,1,北葛飾郡杉戸町堤根3927地先,8109,北葛飾郡杉戸町堤根3927地先,7149,15258,1.33,1.26,14.3,25.7,17.39,50
11300040360,一般国道４号,春日部市・杉戸町境,堤根杉戸線,11464,0,2.6,北葛飾郡杉戸町堤根3927地先,8109,北葛飾郡杉戸町堤根3927地先,7149,15258,1.33,1.26,24.5,30.8,13.5,50
11300040370,一般国道４号,堤根杉戸線,蓮田杉戸線,11464,0,1.1,北葛飾郡杉戸町堤根3927地先,8109,北葛飾郡杉戸町堤根3927地先,7149,15258,1.33,1.32,26.5,24.9,15,50
11300040380,一般国道４号,蓮田杉戸線,境杉戸線,11464,0,0.9,北葛飾郡杉戸町堤根3927地先,8109,北葛飾郡杉戸町堤根3927地先,7149,15258,1.33,1.36,21.3,22,16.85,50
11300040390,一般国道４号,境杉戸線,杉戸町・幸手市境,11464,0,2.5,北葛飾郡杉戸町杉戸7丁目4-3地先,7358,北葛飾郡杉戸町杉戸7丁目4-3地先,7012,14370,1.3,0.94,23.6,22.5,14,50
11300040395,一般国道４号,杉戸町・幸手市境,並塚幸手線,11240,0,1.2,北葛飾郡杉戸町杉戸7丁目4-3地先,7358,北葛飾郡杉戸町杉戸7丁目4-3地先,7012,14370,1.3,1.1,21.3,20.7,16.93,50
11300040400,一般国道４号,並塚幸手線,幸手市道,11240,0,0.9,北葛飾郡杉戸町杉戸7丁目4-3地先,7358,北葛飾郡杉戸町杉戸7丁目4-3地先,7012,14370,1.3,1.1,22,21.5,16.93,50
11300040410,一般国道４号,幸手市道,幸手停車場線,11240,0,0.6,北葛飾郡杉戸町杉戸7丁目4-3地先,7358,北葛飾郡杉戸町杉戸7丁目4-3地先,7012,14370,1.3,1.1,15.1,15.8,16.93,50
11300040420,一般国道４号,幸手停車場線,幸手市道,11240,0,0.6,北葛飾郡杉戸町杉戸7丁目4-3地先,7358,北葛飾郡杉戸町杉戸7丁目4-3地先,7012,14370,1.3,1.1,17.2,22.7,16.93,50
11300040430,一般国道４号,幸手市道,幸手境線,11240,0,0.4,北葛飾郡杉戸町杉戸7丁目4-3地先,7358,北葛飾郡杉戸町杉戸7丁目4-3地先,7012,14370,1.3,1.1,16.1,21.1,16.93,50
11300040440,一般国道４号,幸手境線,さいたま幸手線,11240,0,0.6,幸手市高須賀665地先,7978,幸手市高須賀665地先,7825,15803,1.28,1.39,22.4,21.2,16,50
11300040450,一般国道４号,さいたま幸手線,加須幸手線,11240,0,0.5,幸手市高須賀665地先,7978,幸手市高須賀665地先,7825,15803,1.28,1.41,28.3,13,16.71,50
11300040460,一般国道４号,加須幸手線,幸手市・久喜市境,11240,0,1.8,幸手市高須賀665地先,7978,幸手市高須賀665地先,7825,15803,1.28,1.35,32.4,42.3,19.3,50
11300040470,一般国道４号,幸手市・久喜市境,西関宿栗橋線,11232,0,2.1,幸手市高須賀665地先,7978,幸手市高須賀665地先,7825,15803,1.28,0.62,51.9,47.3,27,50
11300040480,一般国道４号,西関宿栗橋線,一般国道１２５号,11232,0,1.2,幸手市高須賀665地先,7978,幸手市高須賀665地先,7825,15803,1.28,0.71,32.3,34.5,20.83,50
11300040490,一般国道４号,一般国道１２５号,一般国道４号,11232,0,1.1,久喜市栗橋東6-1地先,16939,久喜市栗橋東6-1地先,17279,34218,1.4,1.31,26.1,35.6,32,50
11300040510,一般国道４号東埼玉道路,一般国道２９８号,八潮市・草加市境,11234,0,0.1,越谷市レイクタウン6丁目18-3地先,7695,越谷市レイクタウン6丁目18-3地先,8356,16051,1.33,0.95,7.7,31.8,83,60
11300040520,一般国道４号東埼玉道路,八潮市・草加市境,草加市・八潮市境,11221,0,0.2,越谷市レイクタウン6丁目18-3地先,7695,越谷市レイクタウン6丁目18-3地先,8356,16051,1.33,1.01,14.1,36.7,95.7,60
11300040530,一般国道４号東埼玉道路,草加市・八潮市境,八潮市・草加市境,11234,0,0.1,越谷市レイクタウン6丁目18-3地先,7695,越谷市レイクタウン6丁目18-3地先,8356,16051,1.33,0.98,18.3,31.1,95.4,60
11300040540,一般国道４号東埼玉道路,八潮市・草加市境,草加市・八潮市境,11221,0,0,越谷市レイクタウン6丁目18-3地先,7695,越谷市レイクタウン6丁目18-3地先,8356,16051,1.33,1.04,21.7,29.1,87.4,60
11300040550,一般国道４号東埼玉道路,草加市・八潮市境,八潮市・草加市境,11234,0,0.4,越谷市レイクタウン6丁目18-3地先,7695,越谷市レイクタウン6丁目18-3地先,8356,16051,1.33,1.15,26.5,18.5,74.3,60
11300040560,一般国道４号東埼玉道路,八潮市・草加市境,柿木町蒲生線,11221,0,0.9,越谷市レイクタウン6丁目18-3地先,7695,越谷市レイクタウン6丁目18-3地先,8356,16051,1.33,1.21,23,15.8,57.2,60
11300040570,一般国道４号東埼玉道路,柿木町蒲生線,草加市・越谷市境,11221,0,0.6,越谷市レイクタウン6丁目18-3地先,7695,越谷市レイクタウン6丁目18-3地先,8356,16051,1.33,1.1,14.2,23.7,67.4,60
11300040580,一般国道４号東埼玉道路,草加市・越谷市境,越谷流山線,11222,0,1.6,越谷市レイクタウン6丁目18-3地先,7695,越谷市レイクタウン6丁目18-3地先,8356,16051,1.33,1.23,19.1,14.2,58,60
11300040590,一般国道４号東埼玉道路,越谷流山線,平方東京線,11222,0,1.4,越谷市レイクタウン6丁目18-3地先,7695,越谷市レイクタウン6丁目18-3地先,8356,16051,1.33,1.25,18.1,18.9,58.4,60
11300040600,一般国道４号東埼玉道路,平方東京線,越谷市・吉川市境,11222,0,0.1,吉川市川藤346地先,2348,吉川市川藤346地先,1435,3783,1.23,0.5,22.5,41.5,68.3,40
11300040610,一般国道４号東埼玉道路,越谷市・吉川市境,,11243,0,0.3,吉川市川藤346地先,2348,吉川市川藤346地先,1435,3783,1.23,0.5,29.1,34.2,66,40
11300160010,一般国道１６号,一般国道１６号,狭山下宮寺線,11225,0,0.9,入間市宮寺2811-8地先,16939,入間市宮寺2811-8地先,16934,33873,1.51,0.87,37.6,25.5,20,50
11300160020,一般国道１６号,狭山下宮寺線,川越入間線,11225,0,1.1,入間市宮寺2811-8地先,16939,入間市宮寺2811-8地先,16934,33873,1.51,0.88,26.2,34.2,18.6,50
11300160030,一般国道１６号,川越入間線,一般国道４６８号（圏央道）,11225,0,1.1,入間市宮寺2811-8地先,16939,入間市宮寺2811-8地先,16934,33873,1.51,0.91,23.4,20,18.67,50
11300160040,一般国道１６号,一般国道４６８号（圏央道）,一般国道２９９号,11225,0,1.2,入間市宮寺2811-8地先,16939,入間市宮寺2811-8地先,16934,33873,1.51,0.8,26.5,12.3,18.42,50
11300160050,一般国道１６号,一般国道２９９号,青梅入間線,11225,0,0.6,入間市扇町屋5丁目5-12地先,12517,入間市扇町屋5丁目5-12地先,14385,26902,1.44,0.79,14.1,23.9,18.7,50
11300160060,一般国道１６号,青梅入間線,一般国道４６３号,11225,0,1.7,埼玉県入間市高倉5,16695,埼玉県入間市高倉5,17091,33786,1.47,0.98,26.4,23.6,20,50
11300160070,一般国道１６号,一般国道４６３号,入間市道,11225,0,0.1,埼玉県入間市高倉5,16695,埼玉県入間市高倉5,17091,33786,1.47,0.98,8.4,16.8,20,50
11300160080,一般国道１６号,入間市道,入間市・狭山市境,11225,0,0.6,狭山市入間川4丁目8-5地先,13605,狭山市入間川4丁目8-5地先,13839,27444,1.4,0.79,12.5,29,23,50
11300160090,一般国道１６号,入間市・狭山市境,所沢狭山線,11215,0,1.9,狭山市入間川4丁目8-5地先,13605,狭山市入間川4丁目8-5地先,13839,27444,1.4,1,29,18.2,20.05,50
11300160100,一般国道１６号,所沢狭山線,笠幡狭山線,11215,0,0.5,狭山市入間川2丁目32-10地先,17746,狭山市入間川2丁目32-10地先,17438,35184,1.37,1.03,20.2,22.6,20,50
11300160110,一般国道１６号,笠幡狭山線,所沢堀兼狭山線,11215,0,1.4,狭山市入間川2丁目32-10地先,17746,狭山市入間川2丁目32-10地先,17438,35184,1.37,0.91,27.1,27.5,20.05,50
11300160120,一般国道１６号,所沢堀兼狭山線,狭山市・川越市境,11215,0,2.1,川越市南大塚2丁目14-1地先,17987,川越市南大塚2丁目14-1地先,19720,37707,1.46,1.02,25.8,29.7,18.5,50
11300160130,一般国道１６号,狭山市・川越市境,川越越生線,11201,0,1.1,川越市南大塚2丁目14-1地先,17987,川越市南大塚2丁目14-1地先,19720,37707,1.46,1.2,34.1,17.9,18.39,50
11300160140,一般国道１６号,川越越生線,関越自動車道,11201,0,1.5,川越市南大塚2丁目14-1地先,17987,川越市南大塚2丁目14-1地先,19720,37707,1.46,1.07,11,23.2,18.8,50
11300160150,一般国道１６号,関越自動車道,川越北環状線,11201,0,1.5,川越市南大塚2丁目14-1地先,17987,川越市南大塚2丁目14-1地先,19720,37707,1.46,1.43,25.1,18.7,18.48,50
11300160160,一般国道１６号,川越北環状線,川越所沢線,11201,0,0.9,川越市旭町1丁目9-11地先,18276,川越市旭町1丁目9-11地先,15708,33984,1.47,1.03,17.4,13.7,18.36,40
11300160170,一般国道１６号,川越所沢線,一般国道２５４号,11201,0,0.6,川越市旭町1丁目9-11地先,18276,川越市旭町1丁目9-11地先,15708,33984,1.47,1.01,13.1,12,18.4,40
11300160180,一般国道１６号,一般国道２５４号,一般国道２５４号,11201,0,1.9,川越市旭町1丁目9-11地先,18276,川越市旭町1丁目9-11地先,15708,33984,1.47,0.89,16.7,23.3,24.34,50
11300160190,一般国道１６号,一般国道２５４号,川越新座線,11201,0,0.2,川越市旭町1丁目9-11地先,18276,川越市旭町1丁目9-11地先,15708,33984,1.47,0.97,25.4,18.1,24.5,50
11300160200,一般国道１６号,川越新座線,川越日高線,11201,0,0.4,川越市古谷上5276-13地先,22149,川越市古谷上5276-13地先,22068,44217,1.46,1.55,20.1,17.8,30.55,60
11300160210,一般国道１６号,川越日高線,川越市・さいたま市西区境,11201,0,4.5,川越市古谷上5276-13地先,22149,川越市古谷上5276-13地先,22068,44217,1.46,1.55,20.3,27,30.55,60
11300160220,一般国道１６号,川越市・さいたま市西区境,さいたま春日部線,11101,0,0.6,,22143,,23652,45795,1.51,0.91,19.7,59.6,30.55,60
11300160230,一般国道１６号,さいたま春日部線,大谷本郷さいたま線,11101,0,2.8,さいたま市西区宮前町1976-1地先,16117,さいたま市西区宮前町1976-1地先,20491,36608,1.48,1.05,18.6,31.2,35.9,60
11300160240,一般国道１６号,大谷本郷さいたま線,一般国道１７号,11101,0,0.5,さいたま市西区宮前町1976-1地先,16117,さいたま市西区宮前町1976-1地先,20491,36608,1.48,0.83,11.8,40.6,34.5,60
11300160250,一般国道１６号,一般国道１７号,さいたま市西区・さいたま市北区境,11101,0,1.1,さいたま市西区宮前町1976-1地先,16117,さいたま市西区宮前町1976-1地先,20491,36608,1.48,0.48,46.6,30.9,28.52,60
11300160260,一般国道１６号,さいたま市西区・さいたま市北区境,一般国道１７号,11102,0,2.4,さいたま市北区日進町3-416-1地先,34434,さいたま市北区日進町3-416-1地先,34908,69342,1.55,1.64,30.5,14.5,28.8,60
11300160270,一般国道１６号,一般国道１７号,川口上尾線,11102,0,0.5,さいたま市北区吉野町1-405-3地先,27822,さいたま市北区吉野町1-405-3地先,34451,62273,1.54,1.66,30.1,19.5,25.15,60
11300160280,一般国道１６号,川口上尾線,さいたま市北区・上尾市境,11102,0,0.9,さいたま市北区吉野町1-405-3地先,27822,さいたま市北区吉野町1-405-3地先,34451,62273,1.54,1.66,11.6,30.3,25.15,60
11300160290,一般国道１６号,さいたま市北区・上尾市境,さいたま菖蒲線,11219,0,0.2,,33434,,40064,73498,1.48,2.96,10,51.3,30.35,60
11300160300,一般国道１６号,さいたま菖蒲線,さいたま栗橋線,11219,0,0.9,上尾市原市3806地先,16793,上尾市原市3806地先,19867,36660,1.57,1.05,8.7,52.9,38.2,60
11300160310,一般国道１６号,さいたま栗橋線,上尾市・さいたま市見沼区境,11219,0,1.6,上尾市原市3806地先,16793,上尾市原市3806地先,19867,36660,1.57,0.89,29.2,14.4,32,60
11300160320,一般国道１６号,上尾市・さいたま市見沼区境,東門前蓮田線,11104,0,0.4,,17497,,17775,35272,1.51,0.84,34.7,8.1,33.2,60
11300160330,一般国道１６号,東門前蓮田線,さいたま春日部線,11104,0,3.2,,17497,,17775,35272,1.51,0.91,16.5,18.9,25.2,60
11300160340,一般国道１６号,さいたま春日部線,さいたま市見沼区・さいたま市岩槻区境,11104,0,0.2,さいたま市岩槻区城南1丁目1-3地先,21763,さいたま市岩槻区城南1丁目1-3地先,22131,43894,1.54,1.24,19.8,16,27.5,60
11300160350,一般国道１６号,さいたま市見沼区・さいたま市岩槻区境,東北自動車道,11110,0,0.1,さいたま市岩槻区城南1丁目1-3地先,21763,さいたま市岩槻区城南1丁目1-3地先,22131,43894,1.54,0.95,11.4,16.4,27.4,60
11300160360,一般国道１６号,東北自動車道,一般国道１２２号,11110,0,0.4,さいたま市岩槻区城南1丁目1-3地先,21763,さいたま市岩槻区城南1丁目1-3地先,22131,43894,1.54,1.03,13.3,10.2,33,60
11300160370,一般国道１６号,一般国道１２２号,越谷岩槻線,11110,0,1.7,さいたま市岩槻区城南1丁目1-3地先,21763,さいたま市岩槻区城南1丁目1-3地先,22131,43894,1.54,1.11,15.5,16.7,20,60
11300160380,一般国道１６号,越谷岩槻線,野田岩槻線,11110,0,0.1,さいたま市岩槻区府内1丁目6-1地先,22046,さいたま市岩槻区府内1丁目6-1地先,21910,43956,1.53,1.07,15.5,16.2,20,60
11300160390,一般国道１６号,野田岩槻線,野田岩槻線,11110,0,1.1,さいたま市岩槻区府内1丁目6-1地先,22046,さいたま市岩槻区府内1丁目6-1地先,21910,43956,1.53,1.07,15.5,12,20,60
11300160400,一般国道１６号,野田岩槻線,さいたま市岩槻区・春日部市境,11110,0,0.5,さいたま市岩槻区府内1丁目6-1地先,22046,さいたま市岩槻区府内1丁目6-1地先,21910,43956,1.53,0.66,11.2,35.5,24.4,60
11300160410,一般国道１６号,さいたま市岩槻区・春日部市境,春日部市・さいたま市岩槻区境,11214,0,0.2,春日部市増戸242-1地先,18476,春日部市増戸242-1地先,19025,37501,1.55,0.9,19.2,38.3,20,60
11300160420,一般国道１６号,春日部市・さいたま市岩槻区境,さいたま市岩槻区・春日部市境,11110,0,0,さいたま市岩槻区府内1丁目6-1地先,22046,さいたま市岩槻区府内1丁目6-1地先,21910,43956,1.53,0.66,22.4,44.7,20,60
11300160430,一般国道１６号,さいたま市岩槻区・春日部市境,さいたま春日部線,11214,0,2.5,春日部市浜川戸2丁目12-1地先,19001,春日部市浜川戸2丁目12-1地先,19193,38194,1.45,1.06,24.3,31.3,20,60
11300160440,一般国道１６号,さいたま春日部線,春日部菖蒲線,11214,0,1.5,春日部市浜川戸2丁目12-1地先,19001,春日部市浜川戸2丁目12-1地先,19193,38194,1.45,1.04,19.5,17.2,25.2,60
11300160450,一般国道１６号,春日部菖蒲線,春日部久喜線,11214,0,0.2,春日部市浜川戸2丁目12-1地先,19001,春日部市浜川戸2丁目12-1地先,19193,38194,1.45,0.96,12.7,16.1,24.72,60
11300160460,一般国道１６号,春日部久喜線,一般国道４号,11214,0,1.2,春日部市浜川戸2丁目12-1地先,19001,春日部市浜川戸2丁目12-1地先,19193,38194,1.45,1.04,11.4,23.7,25.3,60
11300160470,一般国道１６号,一般国道４号,惣新田春日部線,11214,0,0.1,春日部市浜川戸2丁目12-1地先,19001,春日部市浜川戸2丁目12-1地先,19193,38194,1.45,0.8,14.9,60.2,38.92,60
11300160480,一般国道１６号,惣新田春日部線,さいたま春日部線,11214,0,0.5,春日部市浜川戸2丁目12-1地先,19001,春日部市浜川戸2丁目12-1地先,19193,38194,1.45,0.63,23.7,23.1,37.82,60
11300160490,一般国道１６号,さいたま春日部線,西宝珠花春日部線,11214,0,0.8,春日部市浜川戸2丁目12-1地先,19001,春日部市浜川戸2丁目12-1地先,19193,38194,1.45,0.73,28.8,38.9,25.41,60
11300160500,一般国道１６号,西宝珠花春日部線,西金野井春日部線,11214,0,1.4,春日部市浜川戸2丁目12-1地先,19001,春日部市浜川戸2丁目12-1地先,19193,38194,1.45,0.66,32.2,38.5,25.01,60
11300160510,一般国道１６号,西金野井春日部線,一般国道４号,11214,0,0.9,春日部市浜川戸2丁目12-1地先,19001,春日部市浜川戸2丁目12-1地先,19193,38194,1.45,0.92,23.9,22.4,24.77,60
11300160520,一般国道１６号,一般国道４号,春日部市道,11214,0,0.8,春日部市浜川戸2丁目12-1地先,19001,春日部市浜川戸2丁目12-1地先,19193,38194,1.45,0.83,24.6,18.4,62.58,60
11300160530,一般国道１６号,春日部市道,一般国道１６号,11214,0,1.6,春日部市浜川戸2丁目12-1地先,19001,春日部市浜川戸2丁目12-1地先,19193,38194,1.45,0.9,20.2,16.2,27.5,60
11300170010,一般国道１７号,一般国道１７号,和光市・戸田市境,11229,0,0.1,埼玉県戸田市早瀬,35377,埼玉県戸田市早瀬,32536,67913,1.46,0.79,50.6,53.8,52.84,60
11300170020,一般国道１７号,和光市・戸田市境,練馬川口線,11224,0,0.6,埼玉県戸田市早瀬,35377,埼玉県戸田市早瀬,32536,67913,1.46,1.31,51.3,29,42.85,60
11300170030,一般国道１７号,練馬川口線,高速５号池袋線,11224,0,1.7,埼玉県戸田市早瀬,35377,埼玉県戸田市早瀬,32536,67913,1.46,1.31,13.6,25.8,42.85,60
11300170040,一般国道１７号,高速５号池袋線,一般国道２９８号,11224,0,0.6,埼玉県戸田市早瀬,35377,埼玉県戸田市早瀬,32536,67913,1.46,1.31,22.7,21.5,42.85,60
11300170050,一般国道１７号,一般国道２９８号,早瀬さいたま線,11224,0,0.3,戸田市美女木1丁目32-33地先,30363,戸田市美女木1丁目32-33地先,27956,58319,1.55,0.82,11.5,35.5,42.85,60
11300170060,一般国道１７号,早瀬さいたま線,戸田市・さいたま市南区境,11224,0,0.8,戸田市美女木1丁目32-33地先,30363,戸田市美女木1丁目32-33地先,27956,58319,1.55,0.82,23.9,30.6,42.85,60
11300170070,一般国道１７号,戸田市・さいたま市南区境,高速埼玉大宮線,11108,0,0.8,さいたま市桜区田島4丁目35地先,27469,さいたま市桜区田島8丁目3-29地先,25594,53063,1.58,0.8,34.4,18,51,60
11300170080,一般国道１７号,高速埼玉大宮線,さいたま市南区・さいたま市桜区境,11108,0,0.3,さいたま市桜区田島4丁目35地先,27469,さいたま市桜区田島8丁目3-29地先,25594,53063,1.58,0.8,29.2,13.3,51,60
11300170090,一般国道１７号,さいたま市南区・さいたま市桜区境,さいたま東村山線,11106,0,0.8,さいたま市桜区田島4丁目35地先,27469,さいたま市桜区田島8丁目3-29地先,25594,53063,1.58,0.82,12.6,33.5,42.7,60
11300170100,一般国道１７号,さいたま東村山線,さいたま鴻巣線,11106,0,1.5,さいたま市桜区田島4丁目35地先,27469,さいたま市桜区田島8丁目3-29地先,25594,53063,1.58,0.82,21.5,13.8,42.7,60
11300170110,一般国道１７号,さいたま鴻巣線,高速埼玉大宮線,11106,0,0.7,さいたま市桜区田島4丁目35地先,27469,さいたま市桜区田島8丁目3-29地先,25594,53063,1.58,0.82,20.2,53.4,42.7,60
11300170120,一般国道１７号,高速埼玉大宮線,一般国道４６３号,11106,0,0.4,さいたま市桜区田島4丁目35地先,27469,さいたま市桜区田島8丁目3-29地先,25594,53063,1.58,0.82,49.2,58.8,42.7,60
11300170130,一般国道１７号,一般国道４６３号,さいたま市桜区・さいたま市中央区境,11106,0,0.1,さいたま市中央区本町西1-8地先,30207,さいたま市中央区本町西1-8地先,28884,59091,1.52,0.93,48.9,58.5,42.7,60
11300170140,一般国道１７号,さいたま市桜区・さいたま市中央区境,宗岡さいたま線,11105,0,0.6,さいたま市中央区本町西1-8地先,30207,さいたま市中央区本町西1-8地先,28884,59091,1.52,1.01,36.2,23.8,42.74,60
11300170150,一般国道１７号,宗岡さいたま線,宗岡さいたま線,11105,0,1.6,さいたま市中央区本町西1-8地先,30207,さいたま市中央区本町西1-8地先,28884,59091,1.52,1.01,21.9,21.5,42.74,60
11300170160,一般国道１７号,宗岡さいたま線,高速埼玉大宮線,11105,0,0.2,さいたま市中央区本町西1-8地先,30207,さいたま市中央区本町西1-8地先,28884,59091,1.52,1.01,17.5,14.1,42.74,60
11300170170,一般国道１７号,高速埼玉大宮線,さいたまふじみ野所沢線,11105,0,0.2,さいたま市中央区本町西1-8地先,30207,さいたま市中央区本町西1-8地先,28884,59091,1.52,1.01,25.5,10.6,42.74,60
11300170180,一般国道１７号,さいたまふじみ野所沢線,さいたま市中央区・さいたま市大宮区境,11105,0,0.5,さいたま市大宮区三橋2丁目446-1地先,33198,さいたま市大宮区三橋2丁目446-1地先,31899,65097,1.49,1.16,23.1,9.3,42.74,60
11300170190,一般国道１７号,さいたま市中央区・さいたま市大宮区境,さいたまふじみ野所沢線,11103,0,0.7,さいたま市大宮区三橋2丁目446-1地先,33198,さいたま市大宮区三橋2丁目446-1地先,31899,65097,1.49,1.14,17.3,9.9,36.52,60
11300170200,一般国道１７号,さいたまふじみ野所沢線,さいたま市大宮区・さいたま市西区境,11103,0,0.6,さいたま市大宮区三橋2丁目446-1地先,33198,さいたま市大宮区三橋2丁目446-1地先,31899,65097,1.49,1.14,8.3,26.6,36.52,60
11300170210,一般国道１７号,さいたま市大宮区・さいたま市西区境,さいたま春日部線,11101,0,0.7,さいたま市大宮区三橋2丁目446-1地先,33198,さいたま市大宮区三橋2丁目446-1地先,31899,65097,1.49,1.12,12.7,14.4,60.1,60
11300170220,一般国道１７号,さいたま春日部線,一般国道１６号,11101,0,1.9,さいたま市大宮区三橋2丁目446-1地先,33198,さいたま市大宮区三橋2丁目446-1地先,31899,65097,1.49,1.12,14.2,24.7,41.8,60
11300170240,一般国道１７号,一般国道１６号,さいたま市北区・上尾市境,11102,0,1.5,さいたま市北区吉野町2丁目211-8地先,19845,さいたま市北区吉野町2丁目211-8地先,19632,39477,1.56,1.09,23.9,13.2,20.25,60
11300170250,一般国道１７号,さいたま市北区・上尾市境,川口上尾線,11219,0,0.3,上尾市日の出2丁目1地先,27409,上尾市日の出2丁目1地先,24795,52204,1.57,1.4,16.6,19.8,20.23,60
11300170260,一般国道１７号,川口上尾線,川越上尾線,11219,0,0.8,上尾市日の出2丁目1地先,27409,上尾市日の出2丁目1地先,24795,52204,1.57,1.4,30.1,17.1,20.23,60
11300170270,一般国道１７号,川越上尾線,上尾停車場線,11219,0,1,上尾市宮本町15-17地先,24095,上尾市宮本町15-17地先,25457,49552,1.54,1.48,13.1,14,20.2,60
11300170280,一般国道１７号,上尾停車場線,上尾久喜線,11219,0,2,上尾市宮本町15-17地先,24095,上尾市宮本町15-17地先,25457,49552,1.54,1.31,13.4,22.5,20.2,60
11300170290,一般国道１７号,上尾久喜線,上尾市・桶川市境,11219,0,0.9,上尾市宮本町15-17地先,24095,上尾市宮本町15-17地先,25457,49552,1.54,1.41,26.5,18.8,20.2,60
11300170300,一般国道１７号,上尾市・桶川市境,川越栗橋線,11231,0,1.7,上尾市宮本町15-17地先,24095,上尾市宮本町15-17地先,25457,49552,1.54,1.34,21.7,17.3,38.2,60
11300170310,一般国道１７号,川越栗橋線,東松山桶川線,11231,0,0.9,北本市本宿4-82-3地先,20730,北本市本宿4-82-3地先,19622,40352,1.46,1.17,18,26.7,20.16,60
11300170320,一般国道１７号,東松山桶川線,桶川市・北本市境,11231,0,0.1,北本市本宿4-82-3地先,20730,北本市本宿4-82-3地先,19622,40352,1.46,1.17,17.1,23.5,20.16,60
11300170330,一般国道１７号,桶川市・北本市境,下石戸上菖蒲線,11233,0,1.8,北本市本宿4-82-3地先,20730,北本市本宿4-82-3地先,19622,40352,1.46,1.06,28.8,30.5,20.16,60
11300170340,一般国道１７号,下石戸上菖蒲線,下石戸上菖蒲線,11233,0,0.5,北本市本宿4-82-3地先,20730,北本市本宿4-82-3地先,19622,40352,1.46,1.18,22.5,23.3,20.16,60
11300170350,一般国道１７号,下石戸上菖蒲線,蓮田鴻巣線,11233,0,1,北本市本宿4-82-3地先,20730,北本市本宿4-82-3地先,19622,40352,1.46,1,26.5,28.6,20.18,60
11300170360,一般国道１７号,蓮田鴻巣線,北本市・鴻巣市境,11233,0,1.9,北本市本宿4-82-3地先,20730,北本市本宿4-82-3地先,19622,40352,1.46,0.86,33.2,34.5,20.16,60
11300170370,一般国道１７号,北本市・鴻巣市境,東松山鴻巣線,11217,0,0.4,北本市本宿4-82-3地先,20730,北本市本宿4-82-3地先,19622,40352,1.46,1.16,39.1,15.3,20.24,60
11300170380,一般国道１７号,東松山鴻巣線,内田ヶ谷鴻巣線,11217,0,0.2,埼玉県鴻巣市箕田4040,21259,埼玉県鴻巣市箕田4040,21140,42399,1.46,1.07,12.5,21.3,20,60
11300170390,一般国道１７号,内田ヶ谷鴻巣線,鴻巣停車場線,11217,0,0.4,埼玉県鴻巣市箕田4040,21259,埼玉県鴻巣市箕田4040,21140,42399,1.46,1.38,15.1,22,20,60
11300170400,一般国道１７号,鴻巣停車場線,鴻巣羽生線,11217,0,0.7,埼玉県鴻巣市箕田4040,21259,埼玉県鴻巣市箕田4040,21140,42399,1.46,1.17,18.6,20.6,20,60
11300170410,一般国道１７号,鴻巣羽生線,鴻巣桶川さいたま線,11217,0,1,埼玉県鴻巣市箕田4040,21259,埼玉県鴻巣市箕田4040,21140,42399,1.46,1.1,24,36.3,20.2,60
11300170420,一般国道１７号,鴻巣桶川さいたま線,鴻巣川島線,11217,0,1.9,埼玉県鴻巣市箕田4040,21259,埼玉県鴻巣市箕田4040,21140,42399,1.46,1.14,33.7,20.6,20.2,60
11300170430,一般国道１７号,鴻巣川島線,一般国道１７号,11217,0,0.2,埼玉県鴻巣市箕田4040,21259,埼玉県鴻巣市箕田4040,21140,42399,1.46,1.14,10.8,16.3,20.2,60
11300170440,一般国道１７号,一般国道１７号,鴻巣市・行田市境,11217,0,0.9,鴻巣市箕田1897地先,9862,鴻巣市箕田1897地先,9490,19352,1.62,0.44,30.2,32.1,73.7,60
11300170450,一般国道１７号,鴻巣市・行田市境,行田市・鴻巣市境,11206,0,1.5,鴻巣市箕田1897地先,9862,鴻巣市箕田1897地先,9490,19352,1.62,0.52,47.3,51.3,64.2,60
11300170460,一般国道１７号,行田市・鴻巣市境,鴻巣市・行田市境,11217,0,0.1,鴻巣市箕田1897地先,9862,鴻巣市箕田1897地先,9490,19352,1.62,0.48,38.8,54.4,63.5,60
11300170470,一般国道１７号,鴻巣市・行田市境,騎西鴻巣線,11206,0,1,鴻巣市箕田1897地先,9862,鴻巣市箕田1897地先,9490,19352,1.62,0.48,48,39.3,61.95,60
11300170480,一般国道１７号,騎西鴻巣線,上中森鴻巣線,11206,0,0.9,鴻巣市箕田1897地先,9862,鴻巣市箕田1897地先,9490,19352,1.62,0.52,30.5,46.2,70.35,60
11300170490,一般国道１７号,上中森鴻巣線,行田東松山線,11206,0,1.1,鴻巣市箕田1897地先,9862,鴻巣市箕田1897地先,9490,19352,1.62,0.53,39.9,24.4,66.2,60
11300170500,一般国道１７号,行田東松山線,熊谷羽生線,11206,0,2.7,鴻巣市箕田1897地先,9862,鴻巣市箕田1897地先,9490,19352,1.62,0.62,21,22.1,77.99,60
11300170510,一般国道１７号,熊谷羽生線,行田市・熊谷市境,11206,0,1.6,鴻巣市箕田1897地先,9862,鴻巣市箕田1897地先,9490,19352,1.62,0.55,61.9,61.5,57.5,60
11300170520,一般国道１７号,行田市・熊谷市境,一般国道１２５号,11202,0,0.9,鴻巣市箕田1897地先,9862,鴻巣市箕田1897地先,9490,19352,1.62,0.41,49.4,34.7,54.53,60
11300170530,一般国道１７号,一般国道１２５号,熊谷羽生線,11202,0,0.4,熊谷市上之964-4地先,27100,熊谷市上之964-4地先,27830,54930,1.45,1.26,31.5,29.7,54.53,60
11300170540,一般国道１７号,熊谷羽生線,熊谷市道,11202,0,2.4,熊谷市上之964-4地先,27100,熊谷市上之964-4地先,27830,54930,1.45,1.26,32.1,31.9,54.53,60
11300170550,一般国道１７号,熊谷市道,太田熊谷線,11202,0,0.7,熊谷市上之964-4地先,27100,熊谷市上之964-4地先,27830,54930,1.45,1.26,17.4,40.5,54.53,60
11300170560,一般国道１７号,太田熊谷線,一般国道４０７号,11202,0,1.2,熊谷市上之964-4地先,27100,熊谷市上之964-4地先,27830,54930,1.45,1.26,31.8,52.4,54.53,60
11300170570,一般国道１７号,一般国道４０７号,一般国道１７号,11202,0,0.8,熊谷市上之964-4地先,27100,熊谷市上之964-4地先,27830,54930,1.45,1.26,64.8,65.3,54.53,60
11300170580,一般国道１７号,一般国道１７号,葛和田新堀線,11202,0,1,熊谷市西別府1456地先,19374,熊谷市西別府1456地先,18600,37974,1.5,0.82,54.9,44.9,54.53,60
11300170590,一般国道１７号,葛和田新堀線,新堀尾島線,11202,0,2.9,熊谷市西別府1456地先,19374,熊谷市西別府1456地先,18600,37974,1.5,0.8,46.7,36.2,59.6,60
11300170600,一般国道１７号,新堀尾島線,一般国道１７号,11202,0,0.1,深谷市矢島253地先,8761,深谷市矢島253地先,8331,17092,1.42,0.37,16.1,24.9,106.4,60
11300170610,一般国道１７号,一般国道１７号,熊谷市・深谷市境,11202,0,0.1,深谷市矢島253地先,8761,深谷市矢島253地先,8331,17092,1.42,0.26,16.5,31.1,144,60
11300170620,一般国道１７号,熊谷市・深谷市境,弁財深谷線,11218,0,1.3,深谷市矢島253地先,8761,深谷市矢島253地先,8331,17092,1.42,1.02,39.7,21.2,32,60
11300170630,一般国道１７号,弁財深谷線,深谷飯塚線,11218,0,1.7,深谷市矢島253地先,8761,深谷市矢島253地先,8331,17092,1.42,1.04,27,44.9,33,60
11300170640,一般国道１７号,深谷飯塚線,由良深谷線,11218,0,0.4,深谷市矢島253地先,8761,深谷市矢島253地先,8331,17092,1.42,1.12,33.2,38.8,67.7,60
11300170650,一般国道１７号,由良深谷線,伊勢崎深谷線,11218,0,2.2,深谷市矢島253地先,8761,深谷市矢島253地先,8331,17092,1.42,1.03,30.1,29.9,38,60
11300170660,一般国道１７号,伊勢崎深谷線,中瀬普済寺線,11218,0,2,深谷市矢島253地先,8761,深谷市矢島253地先,8331,17092,1.42,1.06,37.3,45.1,31.5,60
11300170670,一般国道１７号,中瀬普済寺線,新野岡部停車場線,11218,0,1.3,深谷市矢島253地先,8761,深谷市矢島253地先,8331,17092,1.42,1.02,38.2,37.4,40,60
11300170680,一般国道１７号,新野岡部停車場線,一般国道１７号,11218,0,1.4,深谷市矢島253地先,8761,深谷市矢島253地先,8331,17092,1.42,1.06,36.7,24.1,42.7,60
11300170690,一般国道１７号,一般国道１７号,深谷市・本庄市境,11218,0,0.8,本庄市鵜森481地先,11203,本庄市鵜森481地先,10399,21602,1.35,1.48,23.9,21.2,14,50
11300170700,一般国道１７号,深谷市・本庄市境,藤岡本庄線,11211,0,1.2,本庄市鵜森481地先,11203,本庄市鵜森481地先,10399,21602,1.35,1.42,28.8,18,16.15,50
11300170710,一般国道１７号,藤岡本庄線,勅使河原本庄線,11211,0,0.4,本庄市鵜森481地先,11203,本庄市鵜森481地先,10399,21602,1.35,1.77,20.4,26.6,16.98,50
11300170720,一般国道１７号,勅使河原本庄線,本庄寄居線,11211,0,1.4,本庄市鵜森481地先,11203,本庄市鵜森481地先,10399,21602,1.35,1.65,30.4,29.5,17.45,50
11300170730,一般国道１７号,本庄寄居線,一般国道４６２号,11211,0,1.3,本庄市鵜森481地先,11203,本庄市鵜森481地先,10399,21602,1.35,1.67,21.7,21.1,17.8,50
11300170740,一般国道１７号,一般国道４６２号,沼和田杉山線,11211,0,1.3,児玉郡上里町勅使河原1807地先,13391,児玉郡上里町勅使河原1807地先,13423,26814,1.39,1.85,17.3,25.7,13.9,50
11300170750,一般国道１７号,沼和田杉山線,本庄市・上里町境,11211,0,0.6,児玉郡上里町勅使河原1807地先,13391,児玉郡上里町勅使河原1807地先,13423,26814,1.39,1.62,24.3,27.8,13.4,50
11300170760,一般国道１７号,本庄市・上里町境,上里鬼石線,11385,0,0.5,児玉郡上里町勅使河原1807地先,13391,児玉郡上里町勅使河原1807地先,13423,26814,1.39,1.62,33,23.9,14.68,50
11300170770,一般国道１７号,上里鬼石線,神保原停車場線,11385,0,0.5,児玉郡上里町勅使河原1807地先,13391,児玉郡上里町勅使河原1807地先,13423,26814,1.39,1.71,22.5,26.3,14.99,50
11300170780,一般国道１７号,神保原停車場線,勅使河原本庄線,11385,0,0.5,児玉郡上里町勅使河原1807地先,13391,児玉郡上里町勅使河原1807地先,13423,26814,1.39,1.64,35.8,22.4,13.54,50
11300170790,一般国道１７号,勅使河原本庄線,児玉新町線,11385,0,1.6,児玉郡上里町勅使河原1807地先,13391,児玉郡上里町勅使河原1807地先,13423,26814,1.39,1.75,27.5,11,12.21,50
11300170800,一般国道１７号,児玉新町線,勅使河原本庄線,11385,0,0.4,児玉郡上里町勅使河原1807地先,13391,児玉郡上里町勅使河原1807地先,13423,26814,1.39,1.64,27.5,7.2,13.48,50
11300170810,一般国道１７号,勅使河原本庄線,一般国道１７号,11385,0,0.8,児玉郡上里町勅使河原1807地先,13391,児玉郡上里町勅使河原1807地先,13423,26814,1.39,1.69,19.9,15.1,10.88,50
11300170830,一般国道１７号,一般国道１７号,練馬川口線,11224,0,0.6,蕨市錦町1丁目6-3地先,7585,蕨市錦町1丁目6-3地先,6294,13879,1.48,0.38,15,8.2,22.84,50
11300170840,一般国道１７号,練馬川口線,戸田市・蕨市境,11224,0,1.4,蕨市錦町1丁目6-3地先,7585,蕨市錦町1丁目6-3地先,6294,13879,1.48,0.91,11.5,15.5,21.2,40
11300170850,一般国道１７号,戸田市・蕨市境,新倉蕨線,11223,0,0.6,蕨市錦町1丁目6-3地先,7585,蕨市錦町1丁目6-3地先,6294,13879,1.48,1.03,23.1,24.9,16.16,40
11300170860,一般国道１７号,新倉蕨線,蕨停車場線,11223,0,0.2,蕨市錦町1丁目6-3地先,7585,蕨市錦町1丁目6-3地先,6294,13879,1.48,1.06,23.2,16.8,16.21,40
11300170870,一般国道１７号,蕨停車場線,朝霞蕨線,11223,0,0.4,蕨市錦町1丁目6-3地先,7585,蕨市錦町1丁目6-3地先,6294,13879,1.48,0.98,18.9,24.6,16.16,40
11300170880,一般国道１７号,朝霞蕨線,蕨市・さいたま市南区境,11223,0,0.9,蕨市錦町1丁目6-3地先,7585,蕨市錦町1丁目6-3地先,6294,13879,1.48,0.97,12.7,15.5,16.25,40
11300170890,一般国道１７号,蕨市・さいたま市南区境,一般国道２９８号,11108,0,0.4,さいたま市南区辻7丁目2-8地先,5550,さいたま市南区辻7丁目2-8地先,7220,12770,1.43,0.97,14.9,11.9,17,40
11300170900,一般国道１７号,一般国道２９８号,曲本さいたま線,11108,0,1.8,さいたま市南区辻3丁目1-26地先,7188,さいたま市南区辻3丁目1-26地先,8339,15527,1.44,1.1,17.5,14.3,15.2,40
11300170910,一般国道１７号,曲本さいたま線,さいたま市南区・さいたま市浦和区境,11108,0,1.1,さいたま市南区辻3丁目1-26地先,7188,さいたま市南区辻3丁目1-26地先,8339,15527,1.44,1.23,10.6,14.9,16.15,40
11300170920,一般国道１７号,さいたま市南区・さいたま市浦和区境,一般国道４６３号,11107,0,0.1,さいたま市南区辻3丁目1-26地先,7188,さいたま市南区辻3丁目1-26地先,8339,15527,1.44,1.2,18.3,11.3,15.9,40
11300170930,一般国道１７号,一般国道４６３号,さいたま鴻巣線,11107,0,0.8,さいたま市南区辻3丁目1-26地先,7188,さいたま市南区辻3丁目1-26地先,8339,15527,1.44,1.12,14.5,12.8,16,40
11300170940,一般国道１７号,さいたま鴻巣線,一般国道４６３号,11107,0,0.3,さいたま市南区辻3丁目1-26地先,7188,さいたま市南区辻3丁目1-26地先,8339,15527,1.44,1.12,13.5,11.9,15.9,40
11300170950,一般国道１７号,一般国道４６３号,一般国道４６３号,11107,0,0.5,さいたま市南区辻3丁目1-26地先,7188,さいたま市南区辻3丁目1-26地先,8339,15527,1.44,1.18,14.3,10.8,16,40
11300170960,一般国道１７号,一般国道４６３号,さいたま市浦和区・さいたま市中央区境,11107,0,0.5,さいたま市南区辻3丁目1-26地先,7188,さいたま市南区辻3丁目1-26地先,8339,15527,1.44,1.12,9.3,18.9,15.95,40
11300170970,一般国道１７号,さいたま市浦和区・さいたま市中央区境,与野停車場線,11105,0,1.4,さいたま市南区辻3丁目1-26地先,7188,さいたま市南区辻3丁目1-26地先,8339,15527,1.44,1.12,18.9,15.1,18.16,40
11300170980,一般国道１７号,与野停車場線,さいたま北袋線,11105,0,0.3,さいたま市南区辻3丁目1-26地先,7188,さいたま市南区辻3丁目1-26地先,8339,15527,1.44,1.07,16.8,12.6,16.24,40
11300170990,一般国道１７号,さいたま北袋線,さいたまふじみ野所沢線,11105,0,0.7,さいたま市南区辻3丁目1-26地先,7188,さいたま市南区辻3丁目1-26地先,8339,15527,1.44,0.74,18.9,20.3,20,40
11300171000,一般国道１７号,さいたまふじみ野所沢線,宗岡さいたま線,11105,0,0.1,さいたま市南区辻3丁目1-26地先,7188,さいたま市南区辻3丁目1-26地先,8339,15527,1.44,0.66,14.6,13.5,24,40
11300171010,一般国道１７号,宗岡さいたま線,さいたまふじみ野所沢線,11105,0,0.7,さいたま市南区辻3丁目1-26地先,7188,さいたま市南区辻3丁目1-26地先,8339,15527,1.44,0.49,15.2,18.2,25.06,40
11300171020,一般国道１７号,さいたまふじみ野所沢線,桜木広路線,11105,0,0.5,さいたま市大宮区桜木町4丁目381地先,6271,さいたま市大宮区桜木町4丁目381地先,5421,11692,1.44,0.77,14.1,8.5,16.2,40
11300171030,一般国道１７号,桜木広路線,新方須賀さいたま線,11103,0,0.4,さいたま市大宮区桜木町4丁目381地先,6271,さいたま市大宮区桜木町4丁目381地先,5421,11692,1.44,0.77,11.5,4.8,16.1,40
11300171040,一般国道１７号,新方須賀さいたま線,さいたま春日部線,11103,0,0.3,さいたま市大宮区桜木町4丁目381地先,6271,さいたま市大宮区桜木町4丁目381地先,5421,11692,1.44,0.77,10.2,8,16,40
11300171050,一般国道１７号,さいたま春日部線,上野さいたま線,11103,0,1.3,さいたま市北区大成町4丁目631地先,9363,さいたま市北区大成町4丁目631地先,9918,19281,1.35,1.5,9.8,13.6,16.2,40
11300171060,一般国道１７号,上野さいたま線,さいたま市大宮区・さいたま市北区境,11103,0,0.1,さいたま市北区大成町4丁目631地先,9363,さいたま市北区大成町4丁目631地先,9918,19281,1.35,1.27,11.7,16,16.1,40
11300171070,一般国道１７号,さいたま市大宮区・さいたま市北区境,鴻巣桶川さいたま線,11102,0,1.6,さいたま市北区大成町4丁目631地先,9363,さいたま市北区大成町4丁目631地先,9918,19281,1.35,1.04,15.9,20.2,16.2,40
11300171080,一般国道１７号,鴻巣桶川さいたま線,一般国道１６号,11102,0,1.9,さいたま市北区大成町4丁目631地先,9363,さいたま市北区大成町4丁目631地先,9918,19281,1.35,0.77,22.1,28.5,20.2,50
11300171100,一般国道１７号,一般国道１６号,大谷本郷さいたま線,11101,0,2.1,さいたま市西区内野本郷1007-6地先,12421,さいたま市西区内野本郷1007-6地先,12478,24899,1.34,0.79,27.6,31.8,58.5,60
11300171110,一般国道１７号,大谷本郷さいたま線,さいたま市西区・上尾市境,11101,0,0.3,さいたま市西区内野本郷1007-6地先,12421,さいたま市西区内野本郷1007-6地先,12478,24899,1.34,0.79,24.7,21.9,57,60
11300171120,一般国道１７号,さいたま市西区・上尾市境,大谷本郷さいたま線,11219,0,0.2,上尾市地頭方486-20地先,13176,上尾市地頭方486-20地先,12904,26080,1.32,1.09,24.3,19,66.55,60
11300171130,一般国道１７号,大谷本郷さいたま線,川越上尾線,11219,0,1.2,上尾市地頭方486-20地先,13176,上尾市地頭方486-20地先,12904,26080,1.32,1.09,34,20.6,52.59,60
11300171140,一般国道１７号,川越上尾線,上尾環状線,11219,0,1,上尾市地頭方486-20地先,13176,上尾市地頭方486-20地先,12904,26080,1.32,1.09,18.4,20.4,62,60
11300171590,一般国道１７号,上尾環状線,さいたま鴻巣線,11219,0,0.7,桶川市川田谷539-1地先,7119,桶川市川田谷539-1地先,7006,14125,1.3,1.24,21.8,20.1,57,60
11300171600,一般国道１７号,さいたま鴻巣線,上尾市・桶川市境,11219,0,2.1,桶川市川田谷539-1地先,7119,桶川市川田谷539-1地先,7006,14125,1.3,1.24,23.5,22.8,57,60
11300171610,一般国道１７号,上尾市・桶川市境,川越栗橋線,11231,0,1.9,桶川市川田谷539-1地先,7119,桶川市川田谷539-1地先,7006,14125,1.3,1.25,25.1,25.5,57.7,60
11300171160,一般国道１７号,川越栗橋線,,11231,0,0.9,桶川市川田谷2820地先,6812,桶川市川田谷2820地先,7884,14696,1.3,0.53,14.4,32.1,67.83,60
11300171170,一般国道１７号,,一般国道４６８号（圏央道）,11231,0,0.8,桶川市川田谷2820地先,6812,桶川市川田谷2820地先,7884,14696,1.3,0.53,34.6,31.5,60.2,60
11300171180,一般国道１７号,一般国道４６８号（圏央道）,さいたま鴻巣線,11231,0,0.6,桶川市川田谷2820地先,6812,桶川市川田谷2820地先,7884,14696,1.3,1.42,34.5,31.9,58.99,60
11300171190,一般国道１７号,さいたま鴻巣線,さいたま鴻巣線,11233,0,0,桶川市川田谷2820地先,6812,桶川市川田谷2820地先,7884,14696,1.3,1.62,27,31.9,58.99,60
11300171210,一般国道１７号,一般国道１７号,上中森鴻巣線,11217,0,0.9,熊谷市太井1426-55地先,7372,熊谷市太井1426-55地先,8320,15692,1.3,0.6,15.3,36.8,20,60
11300171220,一般国道１７号,上中森鴻巣線,鴻巣市道,11217,0,0.5,熊谷市太井1426-55地先,7372,熊谷市太井1426-55地先,8320,15692,1.3,0.77,26.4,39.1,19.88,60
11300171230,一般国道１７号,鴻巣市道,福田鴻巣線,11217,0,0.9,熊谷市太井1426-55地先,7372,熊谷市太井1426-55地先,8320,15692,1.3,0.77,48.5,45.8,20,60
11300171240,一般国道１７号,福田鴻巣線,騎西鴻巣線,11217,0,1.6,熊谷市太井1426-55地先,7372,熊谷市太井1426-55地先,8320,15692,1.3,0.79,40.3,38,20.2,60
11300171250,一般国道１７号,騎西鴻巣線,行田東松山線,11217,0,0.1,熊谷市太井1426-55地先,7372,熊谷市太井1426-55地先,8320,15692,1.3,0.81,25.4,18.9,19.98,60
11300171260,一般国道１７号,行田東松山線,行田東松山線,11217,0,0.7,熊谷市太井1426-55地先,7372,熊谷市太井1426-55地先,8320,15692,1.3,0.75,30.3,33.1,20.2,60
11300171270,一般国道１７号,行田東松山線,鎌塚鴻巣線,11217,0,0.4,熊谷市太井1426-55地先,7372,熊谷市太井1426-55地先,8320,15692,1.3,0.79,16.8,30,20.1,60
11300171280,一般国道１７号,鎌塚鴻巣線,鴻巣市・行田市境,11217,0,0.7,熊谷市太井1426-55地先,7372,熊谷市太井1426-55地先,8320,15692,1.3,1.24,25.2,26.8,20.03,50
11300171290,一般国道１７号,鴻巣市・行田市境,行田停車場線,11206,0,0.3,熊谷市太井1426-55地先,7372,熊谷市太井1426-55地先,8320,15692,1.3,1.36,31,14.8,17.7,50
11300171300,一般国道１７号,行田停車場線,行田市・熊谷市境,11206,0,0.1,熊谷市太井1426-55地先,7372,熊谷市太井1426-55地先,8320,15692,1.3,1.41,14,18.5,16.7,50
11300171310,一般国道１７号,行田市・熊谷市境,冑山熊谷線,11202,0,1.9,熊谷市太井1426-55地先,7372,熊谷市太井1426-55地先,8320,15692,1.3,1.41,20.9,21.4,13.2,50
11300171320,一般国道１７号,冑山熊谷線,熊谷羽生線,11202,0,1.2,熊谷市太井1426-55地先,7372,熊谷市太井1426-55地先,8320,15692,1.3,1.29,26.3,30,14.33,50
11300171330,一般国道１７号,熊谷羽生線,熊谷羽生線,11202,0,1.7,熊谷市石原572地先,10916,熊谷市石原572地先,9768,20684,1.31,0.65,25.3,21.1,24.97,50
11300171340,一般国道１７号,熊谷羽生線,一般国道４０７号,11202,0,0.9,熊谷市石原572地先,10916,熊谷市石原572地先,9768,20684,1.31,0.59,20.2,18.7,29.06,40
11300171350,一般国道１７号,一般国道４０７号,石原停車場線,11202,0,0.7,熊谷市石原572地先,10916,熊谷市石原572地先,9768,20684,1.31,0.63,20.5,18.1,25,40
11300171360,一般国道１７号,石原停車場線,一般国道１４０号,11202,0,1,熊谷市石原572地先,10916,熊谷市石原572地先,9768,20684,1.31,1.5,19.1,13.4,10.51,40
11300171365,一般国道１７号,一般国道１４０号,熊谷館林線,11202,0,1.4,熊谷市新島186地先,6367,熊谷市新島186地先,5918,12285,1.27,0.84,17.1,26.1,13.1,40
11300171370,一般国道１７号,熊谷館林線,原郷熊谷線,11202,0,0.7,熊谷市新島186地先,6367,熊谷市新島186地先,5918,12285,1.27,0.84,20.5,26.6,13.1,40
11300171380,一般国道１７号,原郷熊谷線,一般国道１７号,11202,0,0.6,埼玉県深谷市幡羅町１,7517,埼玉県深谷市幡羅町１,7268,14785,1.38,1.03,25,20.8,20,50
11300171385,一般国道１７号,一般国道１７号,葛和田新堀線,11202,0,0.5,埼玉県深谷市幡羅町１,7517,埼玉県深谷市幡羅町１,7268,14785,1.38,1.03,25,26.9,20,50
11300171390,一般国道１７号,葛和田新堀線,篭原停車場線,11202,0,0.8,埼玉県深谷市幡羅町１,7517,埼玉県深谷市幡羅町１,7268,14785,1.38,1.03,25.7,16.4,20,50
11300171400,一般国道１７号,篭原停車場線,美土里町新堀線,11202,0,0.2,埼玉県深谷市幡羅町１,7517,埼玉県深谷市幡羅町１,7268,14785,1.38,1.03,16.7,14.2,20,50
11300171410,一般国道１７号,美土里町新堀線,熊谷市・深谷市境,11202,0,0.7,埼玉県深谷市幡羅町１,7517,埼玉県深谷市幡羅町１,7268,14785,1.38,0.89,14,33.2,14.33,50
11300171420,一般国道１７号,熊谷市・深谷市境,弁財深谷線,11218,0,2.9,埼玉県深谷市幡羅町１,7517,埼玉県深谷市幡羅町１,7268,14785,1.38,0.97,26.2,25.1,28,50
11300171430,一般国道１７号,弁財深谷線,深谷飯塚線,11218,0,0.6,埼玉県深谷市幡羅町１,7517,埼玉県深谷市幡羅町１,7268,14785,1.38,0.91,29.4,26.5,13.7,50
11300171440,一般国道１７号,深谷飯塚線,深谷嵐山線,11218,0,0.5,埼玉県深谷市幡羅町１,7517,埼玉県深谷市幡羅町１,7268,14785,1.38,0.93,21.6,16.7,16.16,50
11300171450,一般国道１７号,深谷嵐山線,深谷東松山線,11218,0,0.2,埼玉県深谷市幡羅町１,7517,埼玉県深谷市幡羅町１,7268,14785,1.38,1.05,12.6,16.5,16.39,50
11300171460,一般国道１７号,深谷東松山線,伊勢崎深谷線,11218,0,0.4,埼玉県深谷市幡羅町１,7517,埼玉県深谷市幡羅町１,7268,14785,1.38,1.05,14.1,18.9,16.14,50
11300171470,一般国道１７号,伊勢崎深谷線,児玉町蛭川普済寺線,11218,0,3,埼玉県深谷市幡羅町１,7517,埼玉県深谷市幡羅町１,7268,14785,1.38,0.97,23.8,27.6,12.05,50
11300171480,一般国道１７号,児玉町蛭川普済寺線,新野岡部停車場線,11218,0,1.3,埼玉県深谷市幡羅町１,7517,埼玉県深谷市幡羅町１,7268,14785,1.38,0.92,36.3,36.6,11.4,50
11300171490,一般国道１７号,新野岡部停車場線,一般国道１７号,11218,0,1.5,埼玉県深谷市幡羅町１,7517,埼玉県深谷市幡羅町１,7268,14785,1.38,0.94,34.7,19.5,15.64,50
11300171510,一般国道１７号,一般国道１７号,原郷熊谷線,11202,0,1.6,熊谷市玉井1157-1地先,4508,熊谷市玉井1157-1地先,4077,8585,1.33,0.76,40.4,38.5,29.6,50
11300171520,一般国道１７号,原郷熊谷線,一般国道１７号,11202,0,0.3,熊谷市玉井1157-1地先,4508,熊谷市玉井1157-1地先,4077,8585,1.33,0.77,24.2,19.2,29.35,50
11300171540,一般国道１７号,一般国道１７号,熊谷市・深谷市境,11202,0,0.8,深谷市石塚702-4地先,12208,深谷市石塚702-4地先,13459,25667,1.47,0.67,20.7,39.4,68,60
11300171550,一般国道１７号,熊谷市・深谷市境,弁財深谷線,11218,0,1,深谷市石塚702-4地先,12208,深谷市石塚702-4地先,13459,25667,1.47,1.8,45,20.8,35,60
11300171560,一般国道１７号,弁財深谷線,深谷飯塚線,11218,0,1,深谷市石塚702-4地先,12208,深谷市石塚702-4地先,13459,25667,1.47,1.8,28.9,12.1,35,60
11300171570,一般国道１７号,深谷飯塚線,一般国道１７号,11218,0,2.9,深谷市石塚702-4地先,12208,深谷市石塚702-4地先,13459,25667,1.47,1.8,19.8,31.4,35,60
11301220010,一般国道１２２号,一般国道１２２号,佐野行田線,11216,0,0.4,羽生市上新郷6608,9369,羽生市上新郷6608,9344,18713,1.33,1.39,28.5,9.6,10.75,50
11301220020,一般国道１２２号,佐野行田線,羽生妻沼線,11216,0,1,羽生市上新郷6608,9369,羽生市上新郷6608,9344,18713,1.33,1.39,29.3,29.1,10.75,50
11301220030,一般国道１２２号,羽生妻沼線,熊谷羽生線,11216,0,1.4,羽生市上新郷6608,9369,羽生市上新郷6608,9344,18713,1.33,1.39,39.8,37.9,10.75,50
11301220040,一般国道１２２号,熊谷羽生線,羽生外野栗橋線,11216,0,1.5,羽生市中岩瀬1059,11676,羽生市中岩瀬1059,11825,23501,1.31,0.72,32.2,27.1,23.25,50
11301220050,一般国道１２２号,羽生外野栗橋線,鴻巣羽生線,11216,0,0.6,羽生市中岩瀬1059,11676,羽生市中岩瀬1059,11825,23501,1.31,0.72,27.2,23,23.25,50
11301220060,一般国道１２２号,鴻巣羽生線,一般国道１２５号,11216,0,0.9,埼玉県羽生市下川崎１６２-１,10780,埼玉県羽生市下川崎１６２-１,10731,21511,1.38,0.68,21.6,31.4,21,50
11301220070,一般国道１２２号,一般国道１２５号,一般国道１２５号,11216,0,1.4,埼玉県羽生市下川崎１６２-１,10780,埼玉県羽生市下川崎１６２-１,10731,21511,1.38,0.68,32.5,28.7,21,50
11301220080,一般国道１２２号,一般国道１２５号,羽生市・加須市境,11216,0,0.8,埼玉県羽生市下川崎１６２-１,10780,埼玉県羽生市下川崎１６２-１,10731,21511,1.38,0.68,27.9,26.3,21,50
11301220090,一般国道１２２号,羽生市・加須市境,加須鴻巣線,11210,0,0.2,埼玉県羽生市下川崎１６２-１,10780,埼玉県羽生市下川崎１６２-１,10731,21511,1.38,0.78,24.6,13.7,23.5,50
11301220100,一般国道１２２号,加須鴻巣線,騎西鴻巣線,11210,0,2.7,埼玉県羽生市下川崎１６２-１,10780,埼玉県羽生市下川崎１６２-１,10731,21511,1.38,0.78,29.9,41.1,23.5,50
11301220110,一般国道１２２号,騎西鴻巣線,加須鴻巣線,11210,0,1.5,埼玉県羽生市下川崎１６２-１,10780,埼玉県羽生市下川崎１６２-１,10731,21511,1.38,0.78,30.8,28.3,23.5,50
11301220120,一般国道１２２号,加須鴻巣線,加須鴻巣線,11210,0,0.8,加須市芋茎1248-11,12838,加須市芋茎1248-11,13625,26463,1.37,0.72,22.9,26.8,25.5,40
11301220130,一般国道１２２号,加須鴻巣線,加須菖蒲線,11210,0,2.1,加須市芋茎1248-11,12838,加須市芋茎1248-11,13625,26463,1.37,0.72,39,32.9,25.5,40
11301220140,一般国道１２２号,加須菖蒲線,加須市・久喜市境,11210,0,0.7,加須市芋茎1248-11,12838,加須市芋茎1248-11,13625,26463,1.37,0.72,39.9,26.1,25.5,40
11301220150,一般国道１２２号,加須市・久喜市境,川越栗橋線,11232,0,1.6,加須市芋茎1248-11,12838,加須市芋茎1248-11,13625,26463,1.37,1.04,32.6,28,25,50
11301220160,一般国道１２２号,川越栗橋線,下早見菖蒲線,11232,0,1.3,久喜市菖蒲町三箇2446,12488,久喜市菖蒲町三箇2446,12485,24973,1.38,0.76,25.5,29.2,25,50
11301220170,一般国道１２２号,下早見菖蒲線,春日部菖蒲線,11232,0,1.8,久喜市菖蒲町三箇2446,12488,久喜市菖蒲町三箇2446,12485,24973,1.38,0.76,30.9,32.5,25,50
11301220180,一般国道１２２号,春日部菖蒲線,首都圏中央連絡自動車道,11232,0,0.5,埼玉県白岡市荒井新田８８３?４,14380,埼玉県白岡市荒井新田８８３?４,14284,28664,1.38,0.91,24.7,23.4,25,50
11301220190,一般国道１２２号,首都圏中央連絡自動車道,久喜市・白岡市境,11232,0,0.2,埼玉県白岡市荒井新田８８３?４,14380,埼玉県白岡市荒井新田８８３?４,14284,28664,1.38,0.91,13.5,27,25,50
11301220200,一般国道１２２号,久喜市・白岡市境,白岡市・蓮田市境,11246,0,1.5,埼玉県白岡市荒井新田８８３?４,14380,埼玉県白岡市荒井新田８８３?４,14284,28664,1.38,0.98,30.6,22.5,24.25,50
11301220210,一般国道１２２号,白岡市・蓮田市境,上尾久喜線,11238,0,0.4,,15359,,15096,30455,1.39,0.96,24.8,15,24.25,50
11301220220,一般国道１２２号,上尾久喜線,行田蓮田線,11238,0,1.6,,15359,,15096,30455,1.39,0.96,28.2,27.1,24.25,50
11301220230,一般国道１２２号,行田蓮田線,さいたま栗橋線,11238,0,2.3,蓮田市閏戸512,14592,蓮田市閏戸512,15210,29802,1.38,0.88,15.1,23.4,24.25,50
11301220240,一般国道１２２号,さいたま栗橋線,上尾蓮田線,11238,0,0.8,,10940,,9815,20755,1.34,0.63,17.8,25.4,24.25,50
11301220250,一般国道１２２号,上尾蓮田線,蓮田鴻巣線,11238,0,0.9,,10940,,9815,20755,1.34,0.63,27.6,21.3,24.25,50
11301220260,一般国道１２２号,蓮田鴻巣線,,11238,0,1.2,埼玉県蓮田市東4?11?３,12943,埼玉県蓮田市東4?11?３,11950,24893,1.34,1.12,19.3,21.6,25,50
11301220265,一般国道１２２号,,一般国道１２２号,11110,0,0.9,蓮田市東4?11?３,12943,蓮田市東4?11?３,11950,24893,1.34,1.06,61,35.3,28.2,50
11301220270,一般国道１２２号,一般国道１２２号,一般国道１２２号,11110,0,0.4,蓮田市東4?11?３,12943,蓮田市東4?11?３,11950,24893,1.34,1.06,38.4,16.5,28.2,50
11301220280,一般国道１２２号,一般国道１２２号,一般国道１２２号,11110,0,2.8,さいたま市岩槻区平林寺１７４,7510,さいたま市岩槻区平林寺１７４,7148,14658,1.33,0.81,37.5,17.5,28.2,50
11301220290,一般国道１２２号,一般国道１２２号,一般国道１６号,11110,0,0.3,さいたま市岩槻区加倉３丁目２-２,8115,さいたま市岩槻区加倉３丁目２-２,8077,16192,1.7,0.67,5.8,13.3,28.2,60
11301220300,一般国道１２２号,一般国道１６号,新方須賀さいたま線,11110,0,3.8,さいたま市岩槻区大字笹久保新田806番地先,19180,さいたま市岩槻区大字笹久保新田806番地先,18585,37765,1.4,0.58,22.2,48,28.2,60
11301220305,一般国道１２２号,新方須賀さいたま線,美園1号線,11109,0,0.7,さいたま市岩槻区大字笹久保新田806番地先,19180,さいたま市岩槻区大字笹久保新田806番地先,18585,37765,1.4,0.96,58.7,47.8,28.2,60
11301220310,一般国道１２２号,美園1号線,東北自動車道,11109,0,1.8,さいたま市岩槻区大字笹久保新田806番地先,19180,さいたま市岩槻区大字笹久保新田806番地先,18585,37765,1.4,0.96,58.7,14.9,28.2,60
11301220320,一般国道１２２号,東北自動車道,東北自動車道,11109,0,0.8,さいたま市岩槻区大字笹久保新田806番地先,19180,さいたま市岩槻区大字笹久保新田806番地先,18585,37765,1.4,0.96,49.4,9.7,28.2,60
11301220330,一般国道１２２号,東北自動車道,さいたま鳩ヶ谷線,11109,0,0.3,さいたま市緑区大門1734番地先,25192,さいたま市緑区大門1734番地先,26174,51366,1.43,1.56,23.4,16.5,28.2,60
11301220340,一般国道１２２号,さいたま鳩ヶ谷線,一般国道４６３号,11109,0,0.3,さいたま市緑区大門1734番地先,25192,さいたま市緑区大門1734番地先,26174,51366,1.43,1.88,13.1,38.5,28,50
11301220350,一般国道１２２号,一般国道４６３号,,11109,0,1.5,川口市座間3-2-15,21230,川口市座間3-2-15,23281,44511,1.42,1.22,11.8,24.8,28,50
11301220360,一般国道１２２号,,吉場安行東京線,11203,0,1.4,埼玉県川口市座間3-2-15,21230,埼玉県川口市座間3-2-15,23281,44511,1.42,3.16,21.4,12.8,11,50
11301220370,一般国道１２２号,吉場安行東京線,一般国道２９８号,11203,0,0.4,埼玉県川口市座間3-2-15,21230,埼玉県川口市座間3-2-15,23281,44511,1.42,3.16,16.2,33.3,11,50
11301220380,一般国道１２２号,一般国道２９８号,足立川口線,11203,0,0.9,,18105,,17751,35856,1.41,2.19,18.2,26.4,11,50
11301220390,一般国道１２２号,足立川口線,,11203,0,1.1,,17340,,16196,33536,1.4,1.21,19.4,25.5,19.5,50
11301220400,一般国道１２２号,,蕨桜町線,11203,0,0.6,,17340,,16196,33536,1.4,1.21,33.7,13.1,19.5,50
11301220410,一般国道１２２号,蕨桜町線,さいたま草加線,11203,0,0.6,埼玉県川口市朝日2-26-11,15325,埼玉県川口市朝日2-26-11,15131,30456,1.39,0.98,21.5,12.7,19.5,50
11301220420,一般国道１２２号,さいたま草加線,さいたま鳩ヶ谷線,11203,0,0.6,埼玉県川口市朝日2-26-11,15325,埼玉県川口市朝日2-26-11,15131,30456,1.39,1.04,24.4,16.2,18,50
11301220430,一般国道１２２号,さいたま鳩ヶ谷線,東京鳩ヶ谷線,11203,0,0,埼玉県川口市朝日2-26-11,15325,埼玉県川口市朝日2-26-11,15131,30456,1.39,1.04,15.7,13.7,18,50
11301220440,一般国道１２２号,東京鳩ヶ谷線,,11203,0,1.1,埼玉県川口市朝日2-26-11,15325,埼玉県川口市朝日2-26-11,15131,30456,1.39,1.04,10.8,20.9,18,50
11301220450,一般国道１２２号,,東京川口線,11203,0,0.8,埼玉県川口市朝日2-26-11,15325,埼玉県川口市朝日2-26-11,15131,30456,1.39,1.04,24,15,18,50
11301220460,一般国道１２２号,東京川口線,川口停車場線,11203,0,1.2,埼玉県川口市舟戸町2-3,22122,埼玉県川口市舟戸町2-3,20259,42381,1.43,1.82,17.1,5.3,18,50
11301220470,一般国道１２２号,川口停車場線,一般国道１２２号,11203,0,1.1,埼玉県川口市舟戸町2-3,22122,埼玉県川口市舟戸町2-3,20259,42381,1.43,1.82,14.3,18.9,18,50
11301220605,一般国道１２２号,蓮田市道,一般国道１２２号,11110,0,1.1,さいたま市岩槻区馬込２５０?１,2026,さいたま市岩槻区馬込２５０?１,511,2537,1.21,0.46,32.6,26.7,7,40
11301220620,一般国道１２２号,一般国道１２２号,さいたま春日部線,11110,0,2.9,さいたま市岩槻区岩槻5113番地先,4421,さいたま市岩槻区岩槻5113番地先,3885,8306,1.3,0.67,18,17.9,7.5,40
11301220630,一般国道１２２号,さいたま春日部線,蒲生岩槻線,11110,0,0.4,さいたま市岩槻区本町２丁目１-３４,4871,さいたま市岩槻区本町２丁目１-３４,4562,9433,1.3,0.7,13.8,13.8,16,40
11301220640,一般国道１２２号,蒲生岩槻線,一般国道１２２号,11110,0,1.1,さいたま市岩槻区本町２丁目１-３４,4871,さいたま市岩槻区本町２丁目１-３４,4562,9433,1.3,0.7,20.5,11.6,16,40
11301250010,一般国道１２５号,一般国道４号,一般国道１２５号,11232,0,3,,18274,,17468,35742,1.41,1.13,39.4,30,15,50
11301250595,一般国道１２５号（栗橋大利根バイパス）,一般国道１２５号,阿佐間幸手線,11232,0,0.4,,,,,,,,20.2,25.9,34.5,60
11301250600,一般国道１２５号（栗橋大利根バイパス）,阿佐間幸手線,久喜市・加須市境,11232,0,0.5,,,,,,,,33.4,44.2,31.75,60
11301250605,一般国道１２５号（栗橋大利根バイパス）,久喜市・加須市境,砂原北大桑線,11210,0,2.4,,,,,,,,40.1,48,25,60
11301250610,一般国道１２５号（栗橋大利根バイパス）,砂原北大桑線,一般国道１２５号,11210,0,0.6,,,,,,,,27.2,32,26.75,60
11301250050,一般国道１２５号,一般国道１２５号,東北自動車道,11210,0,0.8,,8137,,8106,16243,1.33,1.19,23.6,29.2,10.25,50
11301250060,一般国道１２５号,東北自動車道,加須幸手線,11210,0,1,,11937,,11759,23696,1.37,0.99,38.3,13.8,27.25,50
11301250070,一般国道１２５号,加須幸手線,加須幸手線,11210,0,0.3,,11937,,11759,23696,1.37,1.07,16.6,27,26,50
11301250080,一般国道１２５号,加須幸手線,加須菖蒲線,11210,0,1.4,羽生市町屋235,9250,羽生市町屋235,9451,18701,1.34,0.83,25.8,36.3,26,50
11301250090,一般国道１２５号,加須菖蒲線,三田ヶ谷礼羽線,11210,0,1.9,羽生市町屋235,9250,羽生市町屋235,9451,18701,1.34,0.83,33.4,33.7,26,50
11301250100,一般国道１２５号,三田ヶ谷礼羽線,加須市・羽生市境,11210,0,1.6,羽生市町屋235,9250,羽生市町屋235,9451,18701,1.34,1.21,29.9,42.4,11.25,50
11301250110,一般国道１２５号,加須市・羽生市境,加須羽生線,11216,0,0.3,羽生市町屋235,9250,羽生市町屋235,9451,18701,1.34,1.24,37.2,22.4,11.25,50
11301250120,一般国道１２５号,加須羽生線,一般国道１２２号,11216,0,1.5,羽生市町屋235,9250,羽生市町屋235,9451,18701,1.34,1.24,30.5,26,11.25,50
11301250140,一般国道１２５号,一般国道１２２号,鴻巣羽生線,11216,0,0.8,埼玉県羽生市下新郷１９６９?１,14343,埼玉県羽生市下新郷１９６９?１,13053,27396,1.34,0.9,20.7,31.6,24.25,50
11301250150,一般国道１２５号,鴻巣羽生線,鴻巣羽生線,11216,0,0.4,埼玉県羽生市下新郷１９６９?１,14343,埼玉県羽生市下新郷１９６９?１,13053,27396,1.34,0.9,21.3,19.6,24.25,50
11301250160,一般国道１２５号,鴻巣羽生線,羽生市・行田市境,11216,0,1.2,埼玉県羽生市下新郷１９６９?１,14343,埼玉県羽生市下新郷１９６９?１,13053,27396,1.34,0.9,37.4,36.3,24.25,50
11301250170,一般国道１２５号,羽生市・行田市境,新郷停車場線,11206,0,0.6,埼玉県羽生市下新郷１９６９?１,14343,埼玉県羽生市下新郷１９６９?１,13053,27396,1.34,1.87,51,49.8,11.5,50
11301250180,一般国道１２５号,新郷停車場線,上中森鴻巣線,11206,0,2.3,埼玉県羽生市下新郷１９６９?１,14343,埼玉県羽生市下新郷１９６９?１,13053,27396,1.34,1.87,44.5,45.4,11.5,50
11301250190,一般国道１２５号,上中森鴻巣線,佐野行田線,11206,0,0.9,行田市長野645,16358,行田市長野645,16167,32525,1.38,2.32,35.4,31.1,23.5,50
11301250200,一般国道１２５号,佐野行田線,行田市停車場酒巻線,11206,0,1,行田市長野645,16358,行田市長野645,16167,32525,1.38,0.91,18.9,24.1,24.75,50
11301250210,一般国道１２５号,行田市停車場酒巻線,行田市停車場酒巻線,11206,0,0.8,行田市長野645,16358,行田市長野645,16167,32525,1.38,0.91,28.8,37.3,24.75,50
11301250220,一般国道１２５号,行田市停車場酒巻線,熊谷羽生線,11206,0,1.7,行田市長野645,16358,行田市長野645,16167,32525,1.38,0.91,40.8,35.5,24.75,50
11301250230,一般国道１２５号,熊谷羽生線,行田市・熊谷市境,11206,0,0.2,,10066,,9864,19930,1.34,0.46,24.3,34.9,26.25,40
11301250240,一般国道１２５号,行田市・熊谷市境,弥藤吾行田線,11202,0,0.6,,10066,,9864,19930,1.34,0.47,44.4,34.8,24.5,40
11301250250,一般国道１２５号,弥藤吾行田線,熊谷市・行田市境,11202,0,0.3,,10066,,9864,19930,1.34,0.47,34.8,33.7,24.5,40
11301250260,一般国道１２５号,熊谷市・行田市境,行田市・熊谷市境,11206,0,0.1,,10066,,9864,19930,1.34,1.11,56,14.7,25.5,40
11301250270,一般国道１２５号,行田市・熊谷市境,一般国道１７号,11202,0,0.2,,10066,,9864,19930,1.34,1.53,32.1,7.4,8.5,50
11301250020,一般国道１２５号,一般国道１２５号,さいたま栗橋線,11232,0,0.5,久喜市高柳2253,12461,久喜市高柳2253,12039,24500,1.41,0.72,22.8,36.7,29.5,50
11301250030,一般国道１２５号,さいたま栗橋線,久喜市・加須市境,11232,0,0.9,埼玉県久喜市高柳１７４１?１,1632,埼玉県久喜市高柳１７４１?１,2268,3900,1.33,0.42,26.6,31,11.5,50
11301250040,一般国道１２５号,久喜市・加須市境,北中曽根北大桑線,11210,0,1.9,埼玉県久喜市高柳１７４１?１,1632,埼玉県久喜市高柳１７４１?１,2268,3900,1.33,0.4,36.2,36.1,10.75,50
11301250045,一般国道１２５号,北中曽根北大桑線,一般国道１２５号（栗橋大利根バイパス）,11210,0,0.4,埼玉県久喜市高柳１７４１?１,1632,埼玉県久喜市高柳１７４１?１,2268,3900,1.33,0.48,32.3,24.5,10.25,50
11301400010,一般国道１４０号,一般国道１７号,武蔵丘陵森林公園広瀬線,11202,0,1.9,熊谷市広瀬450-1,16090,熊谷市広瀬450-1,14737,30827,1.39,0.98,21.3,15.6,20,60
11301400020,一般国道１４０号,武蔵丘陵森林公園広瀬線,一般国道１４０号,11202,0,0.2,熊谷市広瀬450-1,16090,熊谷市広瀬450-1,14737,30827,1.39,0.98,9.8,23.1,20,60
11301400030,一般国道１４０号,一般国道１４０号,深谷東松山線,11202,0,2.1,埼玉県深谷市長在家１２７９?２,10523,埼玉県深谷市長在家１２７９?２,10306,20829,1.37,0.91,37.8,34.8,23.5,50
11301400040,一般国道１４０号,深谷東松山線,熊谷市・深谷市境,11202,0,1.2,埼玉県深谷市長在家１２７９?２,10523,埼玉県深谷市長在家１２７９?２,10306,20829,1.37,0.91,31.5,55.5,23.5,50
11301400050,一般国道１４０号,熊谷市・深谷市境,深谷嵐山線,11218,0,2.7,埼玉県深谷市長在家１２７９?２,10523,埼玉県深谷市長在家１２７９?２,10306,20829,1.37,0.66,39,36.3,23.75,50
11301400060,一般国道１４０号,深谷嵐山線,一般国道１４０号,11218,0,3.7,深谷市上原291,12615,深谷市上原291,11472,24087,1.28,0.8,31.9,36.6,23.75,50
11301400070,一般国道１４０号,一般国道１４０号,関越自動車道,11218,0,1,埼玉県深谷市小前田４５６,12410,埼玉県深谷市小前田４５６,11710,24120,1.37,0.77,34.4,39.8,23.5,50
11301400080,一般国道１４０号,関越自動車道,菅谷寄居線,11218,0,0.5,埼玉県深谷市小前田４５６,12410,埼玉県深谷市小前田４５６,11710,24120,1.37,0.77,38.1,16.2,23.5,50
11301400090,一般国道１４０号,菅谷寄居線,深谷市・寄居町境,11218,0,2.2,埼玉県深谷市小前田４５６,12410,埼玉県深谷市小前田４５６,11710,24120,1.37,0.77,35.7,43.1,23.5,50
11301400100,一般国道１４０号,深谷市・寄居町境,一般国道２５４号,11408,0,0.4,埼玉県深谷市小前田４５６,12410,埼玉県深谷市小前田４５６,11710,24120,1.37,0.75,45.8,23.2,25,50
11301400110,一般国道１４０号,一般国道２５４号,一般国道１４０号,11408,0,0.4,埼玉県深谷市小前田４５６,12410,埼玉県深谷市小前田４５６,11710,24120,1.37,0.75,26.8,21.6,25,50
11301400120,一般国道１４０号,一般国道１４０号,一般国道２５４号,11408,0,0.8,埼玉県深谷市小前田４５６,12410,埼玉県深谷市小前田４５６,11710,24120,1.37,0.75,25,20.9,25,50
11301400130,一般国道１４０号,一般国道２５４号,飯能寄居線,11408,0,2.1,埼玉県深谷市小前田４５６,12410,埼玉県深谷市小前田４５６,11710,24120,1.37,0.75,27.1,29.9,25,50
11301400140,一般国道１４０号,飯能寄居線,一般国道１４０号,11408,0,0.6,寄居町末野361,11483,寄居町末野361,11614,23097,1.35,0.58,42.9,40.4,24.5,50
11301400150,一般国道１４０号,一般国道１４０号,広木折原線,11408,0,0.1,寄居町末野361,11483,寄居町末野361,11614,23097,1.35,0.58,42.8,24,24.5,50
11301400160,一般国道１４０号,広木折原線,長瀞玉淀自然公園線,11408,0,1.7,寄居町末野361,11483,寄居町末野361,11614,23097,1.35,1.65,34.4,30.2,7,50
11301400170,一般国道１４０号,長瀞玉淀自然公園線,寄居町・長瀞町境,11408,0,0.5,,6985,,6644,13629,1.32,1.22,22.8,45.4,7,50
11301400180,一般国道１４０号,寄居町・長瀞町境,岩田樋口停車場線,11363,0,3.4,,6985,,6644,13629,1.32,1.06,41.7,49.9,10.75,50
11301400190,一般国道１４０号,岩田樋口停車場線,長瀞児玉線,11363,0,1.9,,6985,,6644,13629,1.32,1.06,47.2,45.4,10.75,50
11301400200,一般国道１４０号,長瀞児玉線,前橋長瀞線,11363,0,0.6,,6985,,6644,13629,1.32,1.06,30.9,32.2,10.75,50
11301400210,一般国道１４０号,前橋長瀞線,野上停車場線,11363,0,0.6,,6985,,6644,13629,1.32,1.06,28.3,34.2,10.75,50
11301400220,一般国道１４０号,野上停車場線,長瀞停車場線,11363,0,2,,6985,,6644,13629,1.32,1.06,40.4,39.4,10.75,50
11301400230,一般国道１４０号,長瀞停車場線,上長瀞停車場線,11363,0,1.1,,6985,,6644,13629,1.32,1.06,34.6,36.3,10.75,50
11301400240,一般国道１４０号,上長瀞停車場線,長瀞町・皆野町境,11363,0,0,,6985,,6644,13629,1.32,1.06,34,31.9,10.75,50
11301400250,一般国道１４０号,長瀞町・皆野町境,皆野両神荒川線,11362,0,0.6,,6985,,6644,13629,1.32,1.32,33.9,28.8,15.25,40
11301400260,一般国道１４０号,皆野両神荒川線,下戦場塩貝戸線,11362,0,0.4,,6985,,6644,13629,1.32,1.32,32,32.6,15.25,40
11301400270,一般国道１４０号,下戦場塩貝戸線,一般国道１４０号,11362,0,2.1,,6985,,6644,13629,1.32,1.32,31.9,28.3,15.25,40
11301400280,一般国道１４０号,一般国道１４０号,皆野停車場線,11362,0,0.5,,10180,,10378,20558,1.34,1.34,14.3,27.3,15.25,40
11301400290,一般国道１４０号,皆野停車場線,皆野町・秩父市境,11362,0,0.1,,10180,,10378,20558,1.34,1.01,25.7,26.6,11,50
11301400300,一般国道１４０号,皆野町・秩父市境,秩父市道,11207,0,1.5,,10180,,10378,20558,1.34,1.13,35.6,26.2,15,50
11301400310,一般国道１４０号,秩父市道,長瀞玉淀自然公園線,11207,0,2.9,秩父市黒谷415-1,10032,秩父市黒谷415-1,10358,20390,1.31,1.21,24.9,26.7,15,50
11301400320,一般国道１４０号,長瀞玉淀自然公園線,大野原停車場線,11207,0,0.4,秩父市黒谷415-1,10032,秩父市黒谷415-1,10358,20390,1.31,1.21,15.3,22.3,15,50
11301400330,一般国道１４０号,大野原停車場線,一般国道２９９号,11207,0,3,秩父市黒谷415-1,10032,秩父市黒谷415-1,10358,20390,1.31,1.21,22.2,23.4,15,50
11301400340,一般国道１４０号,一般国道２９９号,西武秩父停車場線,11207,0,0.7,秩父市下影森809-1,7004,秩父市下影森809-1,6178,13182,1.32,1.01,15,16.3,9.75,50
11301400350,一般国道１４０号,西武秩父停車場線,秩父上名栗線,11207,0,0.9,秩父市下影森809-1,7004,秩父市下影森809-1,6178,13182,1.32,1.01,18.4,19.6,9.75,50
11301400360,一般国道１４０号,秩父上名栗線,小鹿野影森停車場線,11207,0,1.1,秩父市下影森809-1,7004,秩父市下影森809-1,6178,13182,1.32,1.01,26.5,32.2,9.75,50
11301400370,一般国道１４０号,小鹿野影森停車場線,小鹿野影森停車場線,11207,0,0.3,秩父市下影森809-1,7004,秩父市下影森809-1,6178,13182,1.32,1.01,27.2,24.5,9.75,50
11301400380,一般国道１４０号,小鹿野影森停車場線,秩父上名栗線,11207,0,1,秩父市下影森809-1,7004,秩父市下影森809-1,6178,13182,1.32,1.01,34.2,33,9.75,50
11301400390,一般国道１４０号,秩父上名栗線,秩父荒川線,11207,0,4.7,秩父市下影森809-1,7004,秩父市下影森809-1,6178,13182,1.32,1.01,39.1,39.7,9.75,50
11301400400,一般国道１４０号,秩父荒川線,皆野荒川線,11207,0,0.9,,9853,,8488,18341,1.34,1.21,37.2,37.1,9,40
11301400405,一般国道１４０号,皆野荒川線,皆野両神荒川線,11207,0,2.9,,9853,,8488,18341,1.34,1.21,40,42.5,9,40
11301400410,一般国道１４０号,皆野両神荒川線,,11207,0,0.4,,9853,,8488,18341,1.34,1.21,37.2,41.3,9,40
11301400420,一般国道１４０号,,中津川三峰口停車場線,11207,0,0.2,,9853,,8488,18341,1.34,1.21,44.2,43.2,9,40
11301400430,一般国道１４０号,中津川三峰口停車場線,一般国道１４０号,11207,0,9.2,秩父市大滝4277-2,2889,秩父市大滝4277-2,2777,5666,1.26,0.72,43.1,41.8,7.5,40
11301400440,一般国道１４０号,一般国道１４０号,中津川三峰口停車場線,11207,0,7.4,秩父市大滝4277-2,2889,秩父市大滝4277-2,2777,5666,1.26,0.72,45.9,45.4,7.5,40
11301400450,一般国道１４０号,中津川三峰口停車場線,秩父市道,11207,0,2.5,秩父市大滝4277-2,2889,秩父市大滝4277-2,2777,5666,1.26,0.72,60.2,51.3,7.5,40
11301400460,一般国道１４０号,秩父市道,一般国道１４０号,11207,0,0.3,秩父市大滝4277-2,2889,秩父市大滝4277-2,2777,5666,1.26,0.72,31.7,52.2,7.5,40
11301400470,一般国道１４０号,一般国道１４０号,一般国道１４０号,11207,0,10.2,秩父市大滝3433,808,秩父市大滝3433,795,1603,1.21,0.17,58.8,54.2,8.75,40
11301400490,一般国道１４０号,一般国道１４０号,深谷東松山線,11202,0,2.1,埼玉県熊谷市大麻生６０６?２,3960,埼玉県熊谷市大麻生６０６?２,3588,7548,1.28,0.73,28.7,39,8,50
11301400500,一般国道１４０号,深谷東松山線,熊谷市・深谷市境,11202,0,0.8,埼玉県熊谷市大麻生６０６?２,3960,埼玉県熊谷市大麻生６０６?２,3588,7548,1.28,0.73,41.2,45.9,8,50
11301400510,一般国道１４０号,熊谷市・深谷市境,深谷嵐山線,11218,0,3.2,埼玉県熊谷市大麻生６０６?２,3960,埼玉県熊谷市大麻生６０６?２,3588,7548,1.28,0.75,39.3,37.7,8.75,50
11301400520,一般国道１４０号,深谷嵐山線,深谷嵐山線,11218,0,0.2,埼玉県熊谷市大麻生６０６?２,3960,埼玉県熊谷市大麻生６０６?２,3588,7548,1.28,0.75,16.9,15.6,8.75,50
11301400530,一般国道１４０号,深谷嵐山線,一般国道１４０号,11218,0,2.6,深谷市永田306-3,5096,深谷市永田306-3,5443,10539,1.3,0.91,29,29.8,8.75,50
11301400540,一般国道１４０号,一般国道１４０号,花園本庄線,11218,0,1.3,埼玉県深谷市小前田１２９,4503,埼玉県深谷市小前田１２９,4370,8873,1.3,0.67,27,29.1,11,50
11301400550,一般国道１４０号,花園本庄線,小前田児玉線,11218,0,1.5,埼玉県深谷市小前田１２９,4503,埼玉県深谷市小前田１２９,4370,8873,1.3,0.67,29.8,32.4,11,50
11301400560,一般国道１４０号,小前田児玉線,深谷市・寄居町境,11218,0,0.6,埼玉県深谷市小前田１２９,4503,埼玉県深谷市小前田１２９,4370,8873,1.3,0.67,35.4,34.4,11,50
11301400570,一般国道１４０号,深谷市・寄居町境,一般国道１４０号,11408,0,0.8,埼玉県深谷市小前田１２９,4503,埼玉県深谷市小前田１２９,4370,8873,1.3,0.63,37.5,19.2,10.75,50
11301400590,一般国道１４０号,一般国道１４０号,秩父多摩甲斐国立公園三峰線,11207,0,4.2,秩父市大滝3925-1,1233,秩父市大滝3925-1,1194,2427,1.22,0.47,48,37,6.5,40
11301400600,一般国道１４０号,秩父多摩甲斐国立公園三峰線,秩父市道,11207,0,0.6,,206,,194,400,1.11,0.37,14,17.4,4.75,30
11301400610,一般国道１４０号,秩父市道,一般国道１４０号,11207,0,5.9,,206,,194,400,1.11,0.37,35.5,37.5,4.75,30
11301400650,一般国道１４０号,一般国道１４０号,広木折原線,11408,0,0.8,皆野町皆野147-1,4796,皆野町皆野147-1,5137,9933,1.3,0.85,59.1,62.7,10.5,60
11301400660,一般国道１４０号,広木折原線,寄居町道（寄居風布アクセス道路）,11408,0,2.3,皆野町皆野147-1,4796,皆野町皆野147-1,5137,9933,1.3,0.85,65.1,65.9,10.5,60
11301400670,一般国道１４０号,寄居町道（寄居風布アクセス道路）,寄居町・皆野町境,11408,0,1.8,皆野町皆野147-1,4796,皆野町皆野147-1,5137,9933,1.3,0.85,69.1,68.1,10.5,60
11301400680,一般国道１４０号,寄居町・皆野町境,長瀞玉淀自然公園線,11362,0,2.8,皆野町皆野147-1,4796,皆野町皆野147-1,5137,9933,1.3,0.83,58.2,60,10.5,40
11301400690,一般国道１４０号,長瀞玉淀自然公園線,一般国道１４０号,11362,0,2.4,皆野町皆野147-1,4796,皆野町皆野147-1,5137,9933,1.3,0.83,63.7,61.6,10.5,40
11301400700,一般国道１４０号,一般国道１４０号,皆野町・秩父市境,11362,0,0.4,,3178,,3516,6694,1.28,0.82,67.2,69.2,9.75,40
11301400710,一般国道１４０号,皆野町・秩父市境,秩父児玉線,11207,0,0.3,,3178,,3516,6694,1.28,0.9,67.1,66.5,7.5,40
11301400760,一般国道１４０号,秩父児玉線,吉田久長秩父線,11207,0,3,秩父市蒔田1516-28,2071,秩父市蒔田1516-28,2487,4558,1.24,0.42,66.3,65.4,8,40
11301400780,一般国道１４０号,吉田久長秩父線,一般国道２９９号,11207,0,1.1,秩父市蒔田1516-28,2071,秩父市蒔田1516-28,2487,4558,1.24,0.42,36,42.8,8,40
11302540010,一般国道２５４号,一般国道２５４号,練馬川口線,11229,0,0.5,埼玉県和光市本町27-21,18314,埼玉県和光市本町27-21,19760,38074,1.42,1.32,17.3,11.2,18,50
11302540020,一般国道２５４号,練馬川口線,和光インター線,11229,0,0.9,埼玉県和光市本町27-21,18314,埼玉県和光市本町27-21,19760,38074,1.42,1.32,14.2,20,18,50
11302540030,一般国道２５４号,和光インター線,和光市・朝霞市境,11229,0,0.9,埼玉県和光市本町27-21,18314,埼玉県和光市本町27-21,19760,38074,1.42,1.32,13.2,19.5,18,50
11302540040,一般国道２５４号,和光市・朝霞市境,東京朝霞線,11227,0,0.9,埼玉県和光市本町27-21,18314,埼玉県和光市本町27-21,19760,38074,1.42,0.93,20,12.2,18,50
11302540050,一般国道２５４号,東京朝霞線,朝霞蕨線,11227,0,0.6,埼玉県和光市本町27-21,18314,埼玉県和光市本町27-21,19760,38074,1.42,0.93,11.1,28,18,50
11302540060,一般国道２５４号,朝霞蕨線,朝霞市・新座市境,11227,0,0.6,埼玉県朝霞市膝折町2-9-18,18733,埼玉県朝霞市膝折町2-9-18,20098,38831,1.42,1.43,12.8,23.2,18,50
11302540070,一般国道２５４号,朝霞市・新座市境,保谷志木線,11230,0,0.3,埼玉県朝霞市膝折町2-9-18,18733,埼玉県朝霞市膝折町2-9-18,20098,38831,1.42,1.47,14.1,23.7,18,50
11302540080,一般国道２５４号,保谷志木線,さいたま東村山線,11230,0,2,埼玉県朝霞市膝折町2-9-18,18733,埼玉県朝霞市膝折町2-9-18,20098,38831,1.42,1.47,18.8,11.6,18,50
11302540090,一般国道２５４号,さいたま東村山線,新座和光線,11230,0,1.3,埼玉県朝霞市膝折町2-9-18,18733,埼玉県朝霞市膝折町2-9-18,20098,38831,1.42,1.47,15,21,18,50
11302540100,一般国道２５４号,新座和光線,一般国道２５４号,11230,0,0.6,埼玉県朝霞市膝折町2-9-18,18733,埼玉県朝霞市膝折町2-9-18,20098,38831,1.42,1.47,17,21.6,18,50
11302540110,一般国道２５４号,一般国道２５４号,新座市・三芳町境,11230,0,0.4,埼玉県新座市中野2-26,18933,埼玉県新座市中野2-26,20101,39034,1.42,1.17,13.8,19.3,25.75,50
11302540120,一般国道２５４号,新座市・三芳町境,三芳町・富士見市境,11324,0,0.7,埼玉県新座市中野2-26,18933,埼玉県新座市中野2-26,20101,39034,1.42,1.11,24,12.7,26,50
11302540130,一般国道２５４号,三芳町・富士見市境,ふじみ野朝霞線,11235,0,2.2,埼玉県新座市中野2-26,18933,埼玉県新座市中野2-26,20101,39034,1.42,1.17,15.9,18.9,25.75,50
11302540140,一般国道２５４号,ふじみ野朝霞線,一般国道４６３号,11235,0,0.8,埼玉県新座市中野2-26,18933,埼玉県新座市中野2-26,20101,39034,1.42,1.17,24.4,23.3,25.75,50
11302540150,一般国道２５４号,一般国道４６３号,三芳富士見線,11235,0,2.5,埼玉県富士見市勝瀬,20294,埼玉県富士見市勝瀬,21716,42010,1.41,0.85,18,31.1,24.25,50
11302540160,一般国道２５４号,三芳富士見線,富士見市・ふじみ野市境,11235,0,1.8,埼玉県富士見市勝瀬,20294,埼玉県富士見市勝瀬,21716,42010,1.41,0.85,29.4,21.3,24.25,50
11302540170,一般国道２５４号,富士見市・ふじみ野市境,東大久保ふじみ野線,11245,0,0.1,埼玉県富士見市勝瀬,20294,埼玉県富士見市勝瀬,21716,42010,1.41,0.93,52.6,51.1,24.5,50
11302540180,一般国道２５４号,東大久保ふじみ野線,ふじみ野市・川越市境,11245,0,1.3,埼玉県ふじみ野市中福岡字宮田122,20942,埼玉県ふじみ野市中福岡字宮田122,20762,41704,1.41,0.93,41.1,31.2,24.5,50
11302540190,一般国道２５４号,ふじみ野市・川越市境,さいたまふじみ野所沢線,11201,0,0.3,埼玉県ふじみ野市中福岡字宮田122,20942,埼玉県ふじみ野市中福岡字宮田122,20762,41704,1.41,0.98,38.2,18,24.25,50
11302540200,一般国道２５４号,さいたまふじみ野所沢線,並木川崎線,11201,0,1.5,埼玉県ふじみ野市中福岡字宮田122,20942,埼玉県ふじみ野市中福岡字宮田122,20762,41704,1.41,0.98,24.9,31.5,24.25,50
11302540210,一般国道２５４号,並木川崎線,今福木野目線,11201,0,0.8,埼玉県ふじみ野市中福岡字宮田122,20942,埼玉県ふじみ野市中福岡字宮田122,20762,41704,1.41,0.98,37.5,11.1,24.25,50
11302540220,一般国道２５４号,今福木野目線,一般国道１６号,11201,0,2.5,川越市南田島524-1,20719,川越市南田島524-1,21672,42391,1.43,1.14,22.1,23.4,24.25,50
11302540230,一般国道２５４号,一般国道１６号,川越日高線,11201,0,0.6,川越市山田1656-1,15507,川越市山田1656-1,16008,31515,1.38,0.86,36.3,13.8,24.25,50
11302540240,一般国道２５４号,川越日高線,川越上尾線,11201,0,1.3,川越市山田1656-1,15507,川越市山田1656-1,16008,31515,1.38,1.12,23,15.8,18.5,50
11302540250,一般国道２５４号,川越上尾線,川越栗橋線,11201,0,0.8,川越市山田1656-1,15507,川越市山田1656-1,16008,31515,1.38,1.12,17.8,17.5,18.5,50
11302540260,一般国道２５４号,川越栗橋線,川越北環状線,11201,0,2.2,川越市山田1656-1,15507,川越市山田1656-1,16008,31515,1.38,1.12,28.7,29.2,18.5,50
11302540270,一般国道２５４号,川越北環状線,川越市・川島町境,11201,0,1,埼玉県川越市福田１２１?１,22415,埼玉県川越市福田１２１?１,21227,43642,1.43,1.53,12,32.1,18.5,50
11302540280,一般国道２５４号,川越市・川島町境,鴻巣川島線,11346,0,0.5,埼玉県川越市福田１２１?１,22415,埼玉県川越市福田１２１?１,21227,43642,1.43,1.24,11.9,27.5,23.5,50
11302540290,一般国道２５４号,鴻巣川島線,鴻巣川島線,11346,0,1.2,埼玉県川越市福田１２１?１,22415,埼玉県川越市福田１２１?１,21227,43642,1.43,1.24,15.1,17.6,23.5,50
11302540300,一般国道２５４号,鴻巣川島線,一般国道４６８号（圏央道）,11346,0,0.8,埼玉県川越市福田１２１?１,22415,埼玉県川越市福田１２１?１,21227,43642,1.43,1.05,21.4,26.9,24.25,50
11302540310,一般国道２５４号,一般国道４６８号（圏央道）,日高川島線,11346,0,1.6,埼玉県川越市福田１２１?１,22415,埼玉県川越市福田１２１?１,21227,43642,1.43,1.05,41.8,34.4,24.25,50
11302540320,一般国道２５４号,日高川島線,川島町・東松山市境,11346,0,1.3,埼玉県比企郡川島町正直５９?１,16810,埼玉県比企郡川島町正直５９?１,15782,32592,1.4,0.91,39.3,39.8,24.25,50
11302540330,一般国道２５４号,川島町・東松山市境,小八林久保田下青鳥線,11212,0,2.1,埼玉県比企郡川島町正直５９?１,16810,埼玉県比企郡川島町正直５９?１,15782,32592,1.4,1.16,37.7,24.4,23.75,50
11302540340,一般国道２５４号,小八林久保田下青鳥線,一般国道４０７号,11212,0,0.3,埼玉県比企郡川島町正直５９?１,16810,埼玉県比企郡川島町正直５９?１,15782,32592,1.4,1.16,14.7,22.7,23.75,50
11302540350,一般国道２５４号,一般国道４０７号,一般国道４０７号,11212,0,1.4,東松山市下野本1325-1,10248,東松山市下野本1325-1,9995,20243,1.35,1.5,28.6,33.9,9.25,50
11302540360,一般国道２５４号,一般国道４０７号,行田東松山線,11212,0,0.8,東松山市上野本1789-1,12828,東松山市上野本1789-1,12422,25250,1.42,1.68,26.8,29.8,9.25,50
11302540370,一般国道２５４号,行田東松山線,東松山越生線,11212,0,1.2,東松山市上野本1789-1,12828,東松山市上野本1789-1,12422,25250,1.42,1.68,28,29.3,9.25,50
11302540380,一般国道２５４号,東松山越生線,関越自動車道,11212,0,0.6,東松山市上野本1789-1,12828,東松山市上野本1789-1,12422,25250,1.42,1.68,16.2,19.7,9.25,50
11302540390,一般国道２５４号,関越自動車道,東松山市・滑川町境,11212,0,3,埼玉県東松山市上唐子１５０２?１,11393,埼玉県東松山市上唐子１５０２?１,10464,21857,1.36,0.59,21.6,25.9,23.5,50
11302540400,一般国道２５４号,東松山市・滑川町境,滑川町・東松山市境,11341,0,0.9,埼玉県東松山市上唐子１５０２?１,11393,埼玉県東松山市上唐子１５０２?１,10464,21857,1.36,0.59,39.6,36.4,23.75,50
11302540410,一般国道２５４号,滑川町・東松山市境,大野東松山線,11212,0,1,埼玉県東松山市上唐子１５０２?１,11393,埼玉県東松山市上唐子１５０２?１,10464,21857,1.36,0.69,27.2,24.2,26.75,50
11302540420,一般国道２５４号,大野東松山線,東松山市・嵐山町境,11212,0,0.5,埼玉県東松山市上唐子１５０２?１,11393,埼玉県東松山市上唐子１５０２?１,10464,21857,1.36,0.72,26.9,38.1,23.75,50
11302540430,一般国道２５４号,東松山市・嵐山町境,深谷嵐山線,11342,0,1.2,埼玉県東松山市上唐子１５０２?１,11393,埼玉県東松山市上唐子１５０２?１,10464,21857,1.36,0.83,36.2,27.8,25.5,50
11302540440,一般国道２５４号,深谷嵐山線,一般国道２５４号,11342,0,1.9,埼玉県東松山市上唐子１５０２?１,11393,埼玉県東松山市上唐子１５０２?１,10464,21857,1.36,0.83,31.6,28.2,25.5,50
11302540450,一般国道２５４号,一般国道２５４号,嵐山町・小川町境,11342,0,0.6,嵐山町志賀1793-1,7976,嵐山町志賀1793-1,7188,15164,1.32,0.62,33.8,42.9,14,50
11302540460,一般国道２５４号,嵐山町・小川町境,熊谷小川秩父線,11343,0,1.3,嵐山町志賀1793-1,7976,嵐山町志賀1793-1,7188,15164,1.32,0.58,38.1,36.1,14,50
11302540470,一般国道２５４号,熊谷小川秩父線,熊谷小川秩父線,11343,0,1.6,嵐山町志賀1793-1,7976,嵐山町志賀1793-1,7188,15164,1.32,0.58,37.3,39.2,14,50
11302540480,一般国道２５４号,熊谷小川秩父線,赤浜小川線,11343,0,2.4,,6131,,5907,12038,1.31,0.88,33.1,33.2,14,50
11302540490,一般国道２５４号,赤浜小川線,小川町・寄居町境,11343,0,2.8,,6131,,5907,12038,1.31,0.88,42.4,41.7,14,50
11302540500,一般国道２５４号,小川町・寄居町境,一般国道２５４号,11408,0,0.3,,6131,,5907,12038,1.31,0.87,36.8,30.8,10.75,50
11302540510,一般国道２５４号,一般国道２５４号,熊谷寄居線,11408,0,3.4,寄居町保田原185-4,6676,寄居町保田原185-4,7361,14037,1.32,1.09,33.5,33,9,50
11302540520,一般国道２５４号,熊谷寄居線,飯能寄居線,11408,0,0.6,寄居町保田原185-4,6676,寄居町保田原185-4,7361,14037,1.32,1.09,20.3,26.3,9,50
11302540530,一般国道２５４号,飯能寄居線,一般国道１４０号,11408,0,1.6,寄居町保田原185-4,6676,寄居町保田原185-4,7361,14037,1.32,1.09,33.8,30.3,9,50
11302540550,一般国道２５４号,一般国道１４０号,深谷寄居線,11408,0,0.3,埼玉県大里郡寄居町用土８１０?２,7221,埼玉県大里郡寄居町用土８１０?２,7470,14691,1.33,1.27,19.7,17.6,15.25,50
11302540560,一般国道２５４号,深谷寄居線,寄居町・深谷市境,11408,0,1.1,埼玉県大里郡寄居町用土８１０?２,7221,埼玉県大里郡寄居町用土８１０?２,7470,14691,1.33,1.27,19.5,31.3,15.25,50
11302540570,一般国道２５４号,寄居町・深谷市境,深谷市・寄居町境,11218,0,0.4,埼玉県大里郡寄居町用土８１０?２,7221,埼玉県大里郡寄居町用土８１０?２,7470,14691,1.33,1.29,37.9,29.2,14.75,50
11302540580,一般国道２５４号,深谷市・寄居町境,寄居岡部深谷線,11408,0,0.1,埼玉県大里郡寄居町用土８１０?２,7221,埼玉県大里郡寄居町用土８１０?２,7470,14691,1.33,1.45,32.6,19.2,15,50
11302540590,一般国道２５４号,寄居岡部深谷線,寄居町・美里町境,11408,0,0.7,,7518,,7571,15089,1.33,1.19,36.1,41.7,15,50
11302540595,一般国道２５４号,寄居町・美里町境,本庄寄居線,11381,0,0.9,,7518,,7571,15089,1.33,1.08,47.2,46.2,16,50
11302541080,一般国道２５４号,本庄寄居線,小前田児玉線,11381,0,1.1,,7518,,7571,15089,1.33,1.31,34.9,42,13,50
11302540610,一般国道２５４号,小前田児玉線,広木折原線,11381,0,3.1,,7518,,7571,15089,1.33,1.2,36.4,34,13.5,50
11302540620,一般国道２５４号,広木折原線,美里町・本庄市境,11381,0,0.1,,7518,,7571,15089,1.33,1.2,23.4,29,13.5,50
11302540630,一般国道２５４号,美里町・本庄市境,小前田児玉線,11211,0,1.1,,7518,,7571,15089,1.33,1.07,33.7,29.7,12.5,50
11302540640,一般国道２５４号,小前田児玉線,熊谷児玉線,11211,0,0.6,埼玉県本庄市児玉町八幡山３１?１,5071,埼玉県本庄市児玉町八幡山３１?１,4584,9655,1.31,0.79,27.4,28.9,14.75,50
11302540650,一般国道２５４号,熊谷児玉線,一般国道４６２号,11211,0,1.6,埼玉県本庄市児玉町八幡山３１?１,5071,埼玉県本庄市児玉町八幡山３１?１,4584,9655,1.31,0.79,25.6,25.1,14.75,50
11302540660,一般国道２５４号,一般国道４６２号,本庄市道,11211,0,0.2,埼玉県本庄市児玉町八幡山３１?１,5071,埼玉県本庄市児玉町八幡山３１?１,4584,9655,1.31,0.79,16.2,15,14.75,50
11302540670,一般国道２５４号,本庄市道,本庄市・神川町境,11211,0,0.3,埼玉県本庄市児玉町八幡山３１?１,5071,埼玉県本庄市児玉町八幡山３１?１,4584,9655,1.31,0.79,20.8,19.7,14.75,50
11302540680,一般国道２５４号,本庄市・神川町境,上里鬼石線,11383,0,3.2,埼玉県本庄市児玉町八幡山３１?１,5071,埼玉県本庄市児玉町八幡山３１?１,4584,9655,1.31,0.72,37.4,38.4,17.25,50
11302540690,一般国道２５４号,上里鬼石線,神川町・上里町境,11383,0,1,埼玉県児玉郡上里町長浜１２１,10169,埼玉県児玉郡上里町長浜１２１,10447,20616,1.34,1.3,35.9,34.9,17.25,50
11302540700,一般国道２５４号,神川町・上里町境,藤岡本庄線,11385,0,0.6,埼玉県児玉郡上里町長浜１２１,10169,埼玉県児玉郡上里町長浜１２１,10447,20616,1.34,1.37,35.4,7.9,10.75,50
11302540710,一般国道２５４号,藤岡本庄線,上里町・神川町境,11385,0,0.3,埼玉県児玉郡上里町長浜１２１,10169,埼玉県児玉郡上里町長浜１２１,10447,20616,1.34,1.37,12.2,14.4,10.75,50
11302540720,一般国道２５４号,上里町・神川町境,一般国道２５４号,11383,0,0.2,埼玉県児玉郡上里町長浜１２１,10169,埼玉県児玉郡上里町長浜１２１,10447,20616,1.34,1.25,12.4,16.4,10.5,50
11302540740,一般国道２５４号,一般国道２５４号,新座市・三芳町境,11230,0,1.1,埼玉県新座市中野2-13-24,13201,埼玉県新座市中野2-13-24,12682,25883,1.51,1.35,26.7,13.1,12.75,40
11302540750,一般国道２５４号,新座市・三芳町境,三芳富士見線,11324,0,2,埼玉県新座市中野2-13-24,13201,埼玉県新座市中野2-13-24,12682,25883,1.51,1.72,14.6,17.3,11.25,40
11302540760,一般国道２５４号,三芳富士見線,三芳町道,11324,0,1,埼玉県入間郡三芳町藤久保2-6,10849,埼玉県入間郡三芳町藤久保2-6,10848,21697,1.34,1.59,8.9,13.1,11.25,40
11302540770,一般国道２５４号,三芳町道,三芳町・ふじみ野市境,11324,0,0,埼玉県入間郡三芳町藤久保2-6,10849,埼玉県入間郡三芳町藤久保2-6,10848,21697,1.34,1.59,9.5,15.6,11.25,40
11302540780,一般国道２５４号,三芳町・ふじみ野市境,ふじみ野朝霞線,11245,0,1.2,埼玉県入間郡三芳町藤久保2-6,10849,埼玉県入間郡三芳町藤久保2-6,10848,21697,1.34,1.6,18.2,15.6,9.25,40
11302540790,一般国道２５４号,ふじみ野朝霞線,ふじみ野市・富士見市境,11245,0,0.1,,8425,,8320,16745,1.33,1.31,10.6,18.2,9.25,40
11302540800,一般国道２５４号,ふじみ野市・富士見市境,富士見市・ふじみ野市境,11235,0,0.1,,8425,,8320,16745,1.33,1.5,15.2,20.1,11.25,40
11302540810,一般国道２５４号,富士見市・ふじみ野市境,東大久保ふじみ野線,11245,0,0.7,,8425,,8320,16745,1.33,1.35,18,12.3,13,40
11302540820,一般国道２５４号,東大久保ふじみ野線,さいたまふじみ野所沢線,11245,0,0.3,,8425,,8320,16745,1.33,1.35,17.8,9.8,13,40
11302540830,一般国道２５４号,さいたまふじみ野所沢線,ふじみ野市・川越市境,11245,0,0.9,埼玉県ふじみ野市鶴ケ舞3-9-1,9606,埼玉県ふじみ野市鶴ケ舞3-9-1,8554,18160,1.33,1.17,15.1,19.9,17.5,40
11302540840,一般国道２５４号,ふじみ野市・川越市境,今福木野目線,11201,0,2.8,埼玉県ふじみ野市鶴ケ舞3-9-1,9606,埼玉県ふじみ野市鶴ケ舞3-9-1,8554,18160,1.33,1.15,18.1,18.8,11.25,40
11302540850,一般国道２５４号,今福木野目線,川越入間線,11201,0,0.1,埼玉県ふじみ野市鶴ケ舞3-9-1,9606,埼玉県ふじみ野市鶴ケ舞3-9-1,8554,18160,1.33,1.15,15.8,8.2,11.25,40
11302540860,一般国道２５４号,川越入間線,一般国道１６号,11201,0,0.8,埼玉県ふじみ野市鶴ケ舞3-9-1,9606,埼玉県ふじみ野市鶴ケ舞3-9-1,8554,18160,1.33,1.15,18.6,5.9,11.25,40
11302540880,一般国道２５４号,一般国道２５４号,嵐山町・小川町境,11342,0,0.6,小川町小川344,4787,小川町小川344,4550,9337,1.3,0.75,31.2,44.5,8.25,40
11302540890,一般国道２５４号,嵐山町・小川町境,熊谷小川秩父線,11343,0,2.8,小川町小川344,4787,小川町小川344,4550,9337,1.3,0.69,41.6,40,10,40
11302540900,一般国道２５４号,熊谷小川秩父線,飯能寄居線,11343,0,0.8,小川町小川344,4787,小川町小川344,4550,9337,1.3,0.69,23.8,22,10,40
11302540910,一般国道２５４号,飯能寄居線,小川町停車場線,11343,0,0.1,小川町小川344,4787,小川町小川344,4550,9337,1.3,0.69,13.6,11.9,10,40
11302540920,一般国道２５４号,小川町停車場線,熊谷小川秩父線,11343,0,0.2,小川町小川344,4787,小川町小川344,4550,9337,1.3,0.69,16.1,14.4,10,40
11302540930,一般国道２５４号,熊谷小川秩父線,赤浜小川線,11343,0,1.5,埼玉県大里郡寄居町富田２５５５,1796,埼玉県大里郡寄居町富田２５５５,2024,3820,1.23,0.51,20,22.9,12,40
11302540940,一般国道２５４号,赤浜小川線,小川町・寄居町境,11343,0,4.4,埼玉県大里郡寄居町富田２５５５,1796,埼玉県大里郡寄居町富田２５５５,2024,3820,1.23,0.51,46.5,45.1,12,40
11302540950,一般国道２５４号,小川町・寄居町境,一般国道２５４号,11408,0,0.3,埼玉県大里郡寄居町富田２５５５,1796,埼玉県大里郡寄居町富田２５５５,2024,3820,1.23,0.67,27.3,22,10.75,50
11302541020,一般国道２５４号,東京外環自動車道,和光市・朝霞市境,11229,0,0.6,朝霞市大字根岸（朝霞大橋）,9657,朝霞市大字根岸（朝霞大橋）,9284,18941,1.32,1.15,12.4,31.9,32.5,50
11302541030,一般国道２５４号,和光市・朝霞市境,朝霞蕨線,11227,0,1.9,朝霞市大字根岸（朝霞大橋）,9657,朝霞市大字根岸（朝霞大橋）,9284,18941,1.32,1.47,36,20.3,11.5,50
11302980010,一般国道２９８号,東京外環自動車道,和光市・戸田市境,11229,0,1.1,戸田市内谷2887地先,13110,戸田市内谷2887地先,13729,26839,1.43,1.17,26.3,48.5,70,60
11302980020,一般国道２９８号,和光市・戸田市境,東京外環自動車道,11224,0,1.2,戸田市内谷2887地先,13110,戸田市内谷2887地先,13729,26839,1.43,0.48,56.5,28.6,70,60
11302980030,一般国道２９８号,東京外環自動車道,一般国道１７号,11224,0,0.6,戸田市内谷2887地先,13110,戸田市内谷2887地先,13729,26839,1.43,1.03,18.3,12.1,70,60
11302980040,一般国道２９８号,一般国道１７号,東京外環自動車道,11224,0,1,戸田市美女木1161地先,16749,戸田市美女木1161地先,18704,35453,1.54,1.05,15.3,15.8,70,60
11302980050,一般国道２９８号,東京外環自動車道,朝霞蕨線,11224,0,0.4,戸田市美女木1161地先,16749,戸田市美女木1161地先,18704,35453,1.54,1.05,29.2,11.3,70,60
11302980060,一般国道２９８号,朝霞蕨線,朝霞蕨線,11224,0,0.2,戸田市美女木1161地先,16749,戸田市美女木1161地先,18704,35453,1.54,1.05,22.3,15.2,70,60
11302980070,一般国道２９８号,朝霞蕨線,戸田市・さいたま市南区境,11224,0,0.1,戸田市美女木1161地先,16749,戸田市美女木1161地先,18704,35453,1.54,1.05,17.1,17.2,70,60
11302980080,一般国道２９８号,戸田市・さいたま市南区境,一般国道１７号,11108,0,1,さいたま市南区文蔵5丁目28-1地先,21207,さいたま市南区文蔵5丁目28-1地先,24824,46031,1.54,1.52,18.1,24.7,70,60
11302980090,一般国道２９８号,一般国道１７号,東京外環自動車道,11108,0,0.8,さいたま市南区文蔵5丁目28-1地先,21207,さいたま市南区文蔵5丁目28-1地先,24824,46031,1.54,1.52,21.9,25.3,70,60
11302980100,一般国道２９８号,東京外環自動車道,さいたま市南区・川口市境,11108,0,0.1,さいたま市南区文蔵3丁目28地先,22721,さいたま市南区文蔵3丁目28地先,27159,49880,1.54,1.65,14.3,43.2,70,60
11302980110,一般国道２９８号,さいたま市南区・川口市境,川口上尾線,11203,0,1.5,川口市伊刈850地先,19115,川口市伊刈850地先,19348,38463,1.6,1.17,26,27.5,70,60
11302980120,一般国道２９８号,川口上尾線,東京外環自動車道,11203,0,0.9,川口市伊刈850地先,19115,川口市伊刈850地先,19348,38463,1.6,1.17,34.9,10.2,70,60
11302980130,一般国道２９８号,東京外環自動車道,大間木蕨線,11203,0,0.4,川口市神戸316-2地先,22188,川口市神戸316-2地先,23752,45940,1.56,1.12,35.9,10.7,70,60
11302980140,一般国道２９８号,大間木蕨線,さいたま草加線,11203,0,0.2,川口市神戸316-2地先,22188,川口市神戸316-2地先,23752,45940,1.56,1.12,18.4,18.5,70,60
11302980150,一般国道２９８号,さいたま草加線,さいたま川口線,11203,0,0.7,川口市神戸316-2地先,22188,川口市神戸316-2地先,23752,45940,1.56,1.12,12.2,34.7,70,60
11302980160,一般国道２９８号,さいたま川口線,東京外環自動車道,11203,0,0.5,川口市神戸316-2地先,22188,川口市神戸316-2地先,23752,45940,1.56,1.12,18.3,40.4,70,60
11302980170,一般国道２９８号,東京外環自動車道,一般国道１２２号,11203,0,1.4,川口市神戸316-2地先,22188,川口市神戸316-2地先,23752,45940,1.56,0.94,43.7,34.4,70,60
11302980180,一般国道２９８号,一般国道１２２号,さいたま鳩ヶ谷線,11203,0,0.4,川口市神戸316-2地先,22188,川口市神戸316-2地先,23752,45940,1.56,0.94,48.1,14.2,70,60
11302980190,一般国道２９８号,さいたま鳩ヶ谷線,東京外環自動車道,11203,0,0.5,川口市安行吉蔵97-1地先,17055,川口市安行吉蔵97-1地先,19008,36063,1.55,0.77,21.7,22.7,70,60
11302980200,一般国道２９８号,東京外環自動車道,越谷川口線,11203,0,0.8,川口市安行吉蔵97-1地先,17055,川口市安行吉蔵97-1地先,19008,36063,1.55,0.77,24.5,29.8,70,60
11302980210,一般国道２９８号,越谷川口線,吉場安行東京線,11203,0,0.4,川口市安行吉蔵97-1地先,17055,川口市安行吉蔵97-1地先,19008,36063,1.55,0.77,19.7,23.4,70,60
11302980220,一般国道２９８号,吉場安行東京線,川口市・草加市境,11203,0,1.4,川口市安行吉蔵97-1地先,17055,川口市安行吉蔵97-1地先,19008,36063,1.55,0.84,25.6,21.1,74.95,60
11302980230,一般国道２９８号,川口市・草加市境,金明町鳩ヶ谷線,11221,0,0,川口市安行吉蔵97-1地先,17055,川口市安行吉蔵97-1地先,19008,36063,1.55,0.8,19.4,15.9,81.82,60
11302980240,一般国道２９８号,金明町鳩ヶ谷線,一般国道４号,11221,0,1.3,川口市安行吉蔵97-1地先,17055,川口市安行吉蔵97-1地先,19008,36063,1.55,0.8,16.5,30,81.82,60
11302980250,一般国道２９８号,一般国道４号,東京外環自動車道,11221,0,0.3,川口市安行吉蔵97-1地先,17055,川口市安行吉蔵97-1地先,19008,36063,1.55,0.8,34.6,26,81.82,60
11302980260,一般国道２９８号,東京外環自動車道,足立越谷線,11221,0,1.1,川口市安行吉蔵97-1地先,17055,川口市安行吉蔵97-1地先,19008,36063,1.55,0.8,31.2,15.7,81.82,60
11302980270,一般国道２９８号,足立越谷線,越谷八潮線,11221,0,0.3,草加市青柳4丁目11地先,14578,草加市青柳4丁目11地先,16433,31011,1.59,0.84,9.1,16.2,81.82,60
11302980280,一般国道２９８号,越谷八潮線,草加市・八潮市境,11221,0,2.3,草加市青柳4丁目11地先,14578,草加市青柳4丁目11地先,16433,31011,1.59,0.84,9.2,26.3,81.82,60
11302980290,一般国道２９８号,草加市・八潮市境,一般国道４号東埼玉道路,11234,0,0,草加市青柳4丁目11地先,14578,草加市青柳4丁目11地先,16433,31011,1.59,0.82,15.3,18.7,81.82,60
11302980300,一般国道２９８号,一般国道４号東埼玉道路,草加流山線,11234,0,0.6,草加市青柳4丁目11地先,14578,草加市青柳4丁目11地先,16433,31011,1.59,0.82,15.2,41.2,81.82,60
11302980310,一般国道２９８号,草加流山線,平方東京線,11234,0,0.5,草加市青柳4丁目11地先,14578,草加市青柳4丁目11地先,16433,31011,1.59,0.82,19.4,41.9,81.82,60
11302980320,一般国道２９８号,平方東京線,八潮市・三郷市境,11234,0,0.2,草加市青柳4丁目11地先,14578,草加市青柳4丁目11地先,16433,31011,1.59,0.82,31.2,25,81.82,60
11302980330,一般国道２９８号,八潮市・三郷市境,葛飾吉川松伏線,11237,0,0.1,草加市青柳4丁目11地先,14578,草加市青柳4丁目11地先,16433,31011,1.59,0.78,36.5,17.4,79,60
11302980340,一般国道２９８号,葛飾吉川松伏線,東京外環自動車道,11237,0,0.6,草加市青柳4丁目11地先,14578,草加市青柳4丁目11地先,16433,31011,1.59,0.78,38,12.3,79,60
11302980350,一般国道２９８号,東京外環自動車道,葛飾吉川松伏線,11237,0,0.1,草加市青柳4丁目11地先,14578,草加市青柳4丁目11地先,16433,31011,1.59,0.72,30,12.3,70,60
11302980360,一般国道２９８号,葛飾吉川松伏線,東京外環自動車道,11237,0,0.6,草加市青柳4丁目11地先,14578,草加市青柳4丁目11地先,16433,31011,1.59,0.72,10,33.8,70,60
11302980370,一般国道２９８号,東京外環自動車道,東京外環自動車道,11237,0,1.3,草加市青柳4丁目11地先,14578,草加市青柳4丁目11地先,16433,31011,1.59,0.72,29.8,32.6,70,60
11302980380,一般国道２９８号,東京外環自動車道,上笹塚谷口線,11237,0,0.8,草加市青柳4丁目11地先,14578,草加市青柳4丁目11地先,16433,31011,1.59,0.72,15.6,31.6,72,60
11302980390,一般国道２９８号,上笹塚谷口線,,11237,0,2.4,三郷市栄4丁目72-1地先,15461,三郷市栄4丁目72-1地先,17173,32634,1.46,0.82,30.8,34.8,72,60
11302980400,一般国道２９８号,,松戸草加線,11237,0,0.2,三郷市栄4丁目72-1地先,15461,三郷市栄4丁目72-1地先,17173,32634,1.46,0.85,48,35.3,70,60
11302980410,一般国道２９８号,松戸草加線,東京外環自動車道,11237,0,0.3,三郷市栄4丁目72-1地先,15461,三郷市栄4丁目72-1地先,17173,32634,1.46,0.85,48,35.3,70,60
11302980420,一般国道２９８号,東京外環自動車道,松戸三郷線,11237,0,0.2,三郷市栄4丁目72-1地先,15461,三郷市栄4丁目72-1地先,17173,32634,1.46,0.85,32.6,15.2,70,60
11302980430,一般国道２９８号,松戸三郷線,,11237,0,0.3,三郷市高州1丁目385-8地先,18785,三郷市高州1丁目385-8地先,18117,36902,1.43,1.26,21.6,39.4,70,60
11302980440,一般国道２９８号,,松戸草加線,11237,0,0.6,三郷市高州1丁目385-8地先,18785,三郷市高州1丁目385-8地先,18117,36902,1.43,1.26,40.6,30.5,70,60
11302980450,一般国道２９８号,松戸草加線,松戸草加線,11237,0,0.6,三郷市高州2丁目187-1地先,19044,三郷市高州2丁目187-1地先,18440,37484,1.43,1.76,36.2,24.5,70,60
11302980460,一般国道２９８号,松戸草加線,一般国道２９８号,11237,0,0.2,三郷市高州2丁目187-1地先,19044,三郷市高州2丁目187-1地先,18440,37484,1.43,1.76,26.1,33.8,70,60
11302990010,一般国道２９９号,一般国道２９９号,一般国道２９９号,11365,0,13,小鹿野町下小鹿野1166,4650,小鹿野町下小鹿野1166,5052,9702,1.2,1,51.2,58.5,7.75,40
11302990020,一般国道２９９号,一般国道２９９号,一般国道２９９号,11365,0,0.3,小鹿野町下小鹿野1166,4650,小鹿野町下小鹿野1166,5052,9702,1.2,1,56.9,53.6,7.75,40
11302990030,一般国道２９９号,一般国道２９９号,一般国道２９９号,11365,0,0.4,小鹿野町下小鹿野1166,4650,小鹿野町下小鹿野1166,5052,9702,1.2,1,55.9,57.3,7.75,40
11302990040,一般国道２９９号,一般国道２９９号,一般国道２９９号,11365,0,1.3,小鹿野町下小鹿野1166,4650,小鹿野町下小鹿野1166,5052,9702,1.2,1,57.8,58.1,7.75,40
11302990050,一般国道２９９号,一般国道２９９号,皆野両神荒川線,11365,0,3.7,小鹿野町下小鹿野1166,4650,小鹿野町下小鹿野1166,5052,9702,1.2,1,43,43.5,7.75,40
11302990060,一般国道２９９号,皆野両神荒川線,小鹿野影森停車場線,11365,0,1,小鹿野町下小鹿野1166,4650,小鹿野町下小鹿野1166,5052,9702,1.2,1,29.6,28.2,7.75,40
11302990070,一般国道２９９号,小鹿野影森停車場線,下小鹿野吉田線,11365,0,3.8,小鹿野町下小鹿野1166,4650,小鹿野町下小鹿野1166,5052,9702,1.2,1,33,34.2,7.75,40
11302990080,一般国道２９９号,下小鹿野吉田線,皆野荒川線,11365,0,0.9,小鹿野町下小鹿野1166,4650,小鹿野町下小鹿野1166,5052,9702,1.2,1,20.8,23.1,7.75,40
11302990090,一般国道２９９号,皆野荒川線,小鹿野町・秩父市境,11365,0,1,秩父市蒔田2863-16,4136,秩父市蒔田2863-16,3967,8103,1.21,0.84,27,36,7.75,40
11302990095,一般国道２９９号,小鹿野町・秩父市境,一般国道１４０号,11207,0,2.8,秩父市蒔田2863-16,4136,秩父市蒔田2863-16,3967,8103,1.21,0.8,45.9,45.3,12,40
11302990100,一般国道２９９号,一般国道１４０号,吉田久長秩父線,11207,0,0.7,秩父市蒔田2863-16,4136,秩父市蒔田2863-16,3967,8103,1.21,0.8,30.7,26.8,12,40
11302990110,一般国道２９９号,吉田久長秩父線,秩父荒川線,11207,0,1.9,秩父市蒔田2863-16,4136,秩父市蒔田2863-16,3967,8103,1.21,0.8,37.1,30.9,12,40
11302990120,一般国道２９９号,秩父荒川線,秩父児玉線,11207,0,0.4,秩父市蒔田2863-16,4136,秩父市蒔田2863-16,3967,8103,1.21,0.8,18.8,27.9,12,40
11302990130,一般国道２９９号,秩父児玉線,秩父停車場秩父公園線,11207,0,2.5,秩父市蒔田2863-16,4136,秩父市蒔田2863-16,3967,8103,1.21,0.8,22.6,20.2,12,40
11302990140,一般国道２９９号,秩父停車場秩父公園線,秩父上名栗線,11207,0,0.3,秩父市蒔田2863-16,4136,秩父市蒔田2863-16,3967,8103,1.21,0.8,13.8,14,12,40
11302990150,一般国道２９９号,秩父上名栗線,一般国道１４０号,11207,0,0.5,秩父市蒔田2863-16,4136,秩父市蒔田2863-16,3967,8103,1.21,0.8,11.1,12.3,12,40
11302990160,一般国道２９９号,一般国道１４０号,秩父市・横瀬町境,11207,0,0.5,横瀬町横瀬4324-1,9257,横瀬町横瀬4324-1,8921,18178,1.34,1.48,15.4,19,12,40
11302990170,一般国道２９９号,秩父市・横瀬町境,熊谷小川秩父線,11361,0,0.2,横瀬町横瀬4324-1,9257,横瀬町横瀬4324-1,8921,18178,1.34,1.45,20.2,16.5,10.5,40
11302990180,一般国道２９９号,熊谷小川秩父線,横瀬停車場線,11361,0,0.7,横瀬町横瀬4324-1,9257,横瀬町横瀬4324-1,8921,18178,1.34,1.45,22.7,26.9,10.5,40
11302990190,一般国道２９９号,横瀬停車場線,青梅秩父線,11361,0,8.5,横瀬町横瀬4324-1,9257,横瀬町横瀬4324-1,8921,18178,1.34,1.45,37.2,40,10.5,40
11302990200,一般国道２９９号,青梅秩父線,横瀬町・飯能市境,11361,0,1.1,横瀬町芦ヶ久保1663,2819,横瀬町芦ヶ久保1663,2658,5477,1.26,0.92,45.8,50.8,9,40
11302990210,一般国道２９９号,横瀬町・飯能市境,南川上名栗線,11209,0,4.1,横瀬町芦ヶ久保1663,2819,横瀬町芦ヶ久保1663,2658,5477,1.26,0.97,47.7,49.4,11,40
11302990220,一般国道２９９号,南川上名栗線,一般国道２９９号,11209,0,4.5,横瀬町芦ヶ久保1663,2819,横瀬町芦ヶ久保1663,2658,5477,1.26,0.97,49,47.4,11,40
11302990230,一般国道２９９号,一般国道２９９号,一般国道２９９号,11209,0,1.6,,3118,,2876,5994,1.27,0.96,41.3,43.5,11.5,40
11302990570,一般国道２９９号,一般国道２９９号,一般国道２９９号,11209,0,0.7,,,,,,,,40,45.6,7.5,40
11302990250,一般国道２９９号,一般国道２９９号,東吾野停車場線,11209,0,3.5,,6614,,6639,13253,1.32,1.29,48,46.7,11.5,40
11302990260,一般国道２９９号,東吾野停車場線,飯能市・日高市境,11209,0,2.5,,6614,,6639,13253,1.32,1.29,45.8,45.5,11.5,40
11302990270,一般国道２９９号,飯能市・日高市境,川越日高線,11242,0,2.6,,6614,,6639,13253,1.32,1.39,46.5,43.4,11,40
11302990275,一般国道２９９号,川越日高線,一般国道２９９号,11242,0,0.9,,8387,,8586,16973,1.33,1.12,26.9,28.9,15.25,40
11302990590,一般国道２９９号,一般国道２９９号,日高市・飯能市境,11242,0,0.9,,,,,,,,51.2,44.8,12.5,40
11302990600,一般国道２９９号,日高市・飯能市境,一般国道２９９号,11209,0,0.4,,,,,,,,39.3,32.9,15.5,40
11302990290,一般国道２９９号,一般国道２９９号,一般国道２９９号,11209,0,1.5,埼玉県飯能市飯能９４８?３,2751,埼玉県飯能市飯能９４８?３,2496,5247,1.33,0.48,26.3,22.1,16,40
11302990300,一般国道２９９号,一般国道２９９号,飯能寄居線,11209,0,1.2,埼玉県入間市新光３０６?８４８,9651,埼玉県入間市新光３０６?８４８,10237,19888,1.34,1.26,23.1,16.1,12.5,50
11302990310,一般国道２９９号,飯能寄居線,馬引沢飯能線,11209,0,0.5,埼玉県入間市新光３０６?８４８,9651,埼玉県入間市新光３０６?８４８,10237,19888,1.34,0.99,8.2,33.5,11.5,50
11302990320,一般国道２９９号,馬引沢飯能線,馬引沢飯能線,11209,0,0.5,埼玉県入間市新光３０６?８４８,9651,埼玉県入間市新光３０６?８４８,10237,19888,1.34,0.99,25.8,23.5,11.5,50
11302990330,一般国道２９９号,馬引沢飯能線,飯能市・入間市境,11209,0,0.3,埼玉県入間市新光３０６?８４８,9651,埼玉県入間市新光３０６?８４８,10237,19888,1.34,0.99,45.2,42.4,11.5,50
11302990340,一般国道２９９号,飯能市・入間市境,入間市・狭山市境,11225,0,1.5,埼玉県入間市新光３０６?８４８,9651,埼玉県入間市新光３０６?８４８,10237,19888,1.34,0.5,47.5,41.3,23.75,50
11302990350,一般国道２９９号,入間市・狭山市境,一般国道２９９号,11215,0,0.6,埼玉県入間市新光３０６?８４８,9651,埼玉県入間市新光３０６?８４８,10237,19888,1.34,0.49,32.5,14.4,23.5,50
11302990360,一般国道２９９号,一般国道２９９号,狭山市・入間市境,11215,0,0.5,埼玉県狭山市笹井２８２１?３,18498,埼玉県狭山市笹井２８２１?３,20467,38965,1.41,2.74,10.2,38.3,25.75,50
11302990370,一般国道２９９号,狭山市・入間市境,富岡入間線,11225,0,0.2,埼玉県狭山市笹井２８２１?３,18498,埼玉県狭山市笹井２８２１?３,20467,38965,1.41,2.4,14.8,46.4,9.75,50
11302990380,一般国道２９９号,富岡入間線,一般国道１６号,11225,0,2.1,埼玉県狭山市笹井２８２１?３,18498,埼玉県狭山市笹井２８２１?３,20467,38965,1.41,2.4,28.2,17.9,9.75,50
11302990400,一般国道２９９号,一般国道２９９号,一般国道２９９号,11365,0,0.4,,172,,177,349,1.11,0.03,25.3,26.2,6.75,40
11302990420,一般国道２９９号,一般国道２９９号,一般国道２９９号,11365,0,1.3,,172,,177,349,1.11,0.04,30.2,30.2,6.25,40
11302990440,一般国道２９９号,一般国道２９９号,一般国道２９９号,11209,0,1.6,,130,,122,252,1.37,0.02,43.2,44.8,7.75,40
11302990240,一般国道２９９号,一般国道２９９号,一般国道２９９号,11209,0,0.1,,5372,,5742,11114,1.31,1.21,29.9,20.7,17.25,40
11302990245,一般国道２９９号,一般国道２９９号,一般国道２９９号,11209,0,1.3,,5372,,5742,11114,1.31,1.52,23.1,38.4,8.5,40
11302990280,一般国道２９９号,一般国道２９９号,日高市・飯能市境,11242,0,0.6,,8387,,8586,16973,1.33,1.35,26.6,28.9,5.5,40
11302990285,一般国道２９９号,日高市・飯能市境,一般国道２９９号,11209,0,0.6,,8387,,8586,16973,1.33,1.14,38.3,27.8,8,40
11302990460,一般国道２９９号,一般国道２９９号,青梅飯能線,11209,0,0.9,,5474,,5434,10908,1.31,1.04,14.2,13,11,40
11302990470,一般国道２９９号,青梅飯能線,飯能停車場線,11209,0,0.1,,5474,,5434,10908,1.31,1.04,7.7,8.7,11,40
11302990480,一般国道２９９号,飯能停車場線,飯能市・入間市境,11209,0,2.4,,5474,,5434,10908,1.31,1.05,14.2,16.1,13.5,40
11302990490,一般国道２９９号,飯能市・入間市境,入間市・狭山市境,11225,0,1.6,埼玉県狭山市笹井２８２１?３,6911,埼玉県狭山市笹井２８２１?３,7134,14045,1.32,1.06,21.7,19.1,11.75,50
11302990500,一般国道２９９号,入間市・狭山市境,一般国道２９９号,11215,0,0.2,埼玉県狭山市笹井２８２１?３,6911,埼玉県狭山市笹井２８２１?３,7134,14045,1.32,0.8,18.6,7.1,11.75,50
11302990510,一般国道２９９号,一般国道２９９号,一般国道４０７号,11215,0,1.8,埼玉県入間市春日町１丁目３?６,9664,埼玉県入間市春日町１丁目３?６,8280,17944,1.33,1.41,20.3,20.4,11.75,50
11302990520,一般国道２９９号,一般国道４０７号,狭山市・入間市境,11215,0,0.5,埼玉県入間市春日町１丁目３?６,9664,埼玉県入間市春日町１丁目３?６,8280,17944,1.33,1.41,11,23.7,11.75,50
11302990530,一般国道２９９号,狭山市・入間市境,富岡入間線,11225,0,0.3,埼玉県入間市春日町１丁目３?６,9664,埼玉県入間市春日町１丁目３?６,8280,17944,1.33,1.37,11.7,17.3,16,40
11302990540,一般国道２９９号,富岡入間線,富岡入間線,11225,0,0.6,埼玉県入間市春日町１丁目３?６,9664,埼玉県入間市春日町１丁目３?６,8280,17944,1.33,1.37,12.3,7.6,16,40
11302990550,一般国道２９９号,富岡入間線,入間市道,11225,0,0.2,埼玉県入間市春日町１丁目３?６,9664,埼玉県入間市春日町１丁目３?６,8280,17944,1.33,1.37,13,5.9,16,40
11809990130,一般国道２９９号,入間市道,一般国道１６号,11225,0,0.1,,,,,,,,9.4,5.3,11.5,40
11303540100,一般国道３５４号,一般国道３５４号,柳生停車場線,11210,0,0.2,加須市小野袋518,3882,加須市小野袋518,3436,7318,1.28,0.62,36.1,28.6,11.5,50
11303540110,一般国道３５４号,柳生停車場線,加須北川辺線,11210,0,1.8,加須市小野袋518,3882,加須市小野袋518,3436,7318,1.28,0.62,41.6,39.2,11.5,50
11303540050,一般国道３５４号,加須北川辺線,一般国道３５４号,11210,0,2.2,,4630,,4592,9222,1.3,0.81,30.2,36.2,10.5,40
11304070010,一般国道４０７号,一般国道４０７号,太田熊谷線,11202,0,0.7,熊谷市中奈良752-1,11981,熊谷市中奈良752-1,11641,23622,1.37,0.71,13.1,32,24.25,60
11304070020,一般国道４０７号,太田熊谷線,本庄妻沼線,11202,0,0.9,熊谷市中奈良752-1,11981,熊谷市中奈良752-1,11641,23622,1.37,0.71,16.5,39.5,24.25,60
11304070030,一般国道４０７号,本庄妻沼線,弁財深谷線,11202,0,2.7,熊谷市中奈良752-1,11981,熊谷市中奈良752-1,11641,23622,1.37,0.71,40.6,33.3,24.25,60
11304070040,一般国道４０７号,弁財深谷線,葛和田新堀線,11202,0,1.9,熊谷市中奈良752-1,11981,熊谷市中奈良752-1,11641,23622,1.37,0.71,48.6,52.4,24.25,60
11304070050,一般国道４０７号,葛和田新堀線,一般国道１７号,11202,0,1.4,熊谷市中奈良752-1,11981,熊谷市中奈良752-1,11641,23622,1.37,0.71,30.9,28.2,24.25,60
11304070055,一般国道４０７号,一般国道１７号,熊谷館林線,11202,0,0.4,熊谷市石原459,13351,熊谷市石原459,13244,26595,1.36,0.56,16.4,25,24,60
11304070060,一般国道４０７号,熊谷館林線,一般国道１７号,11202,0,1.6,熊谷市石原459,13351,熊谷市石原459,13244,26595,1.36,0.56,27.1,14.3,24,60
11304070080,一般国道４０７号,一般国道１７号,熊谷小川秩父線,11202,0,2.1,熊谷市榎町400,14801,熊谷市榎町400,14644,29445,1.35,2.46,13.3,12.7,18,50
11304070090,一般国道４０７号,熊谷小川秩父線,熊谷市・東松山市境,11202,0,3,,5879,,5738,11617,1.31,1.01,29.7,36.3,9.5,40
11304070100,一般国道４０７号,熊谷市・東松山市境,大谷材木町線,11212,0,1.2,,5879,,5738,11617,1.31,0.83,31.4,42.2,11,40
11304070110,一般国道４０７号,大谷材木町線,東松山市・熊谷市境,11212,0,1.8,埼玉県東松山市東平２４５３?１,5613,埼玉県東松山市東平２４５３?１,5548,11161,1.31,0.73,43.8,41.9,11,40
11304070120,一般国道４０７号,東松山市・熊谷市境,福田鴻巣線,11202,0,0.1,埼玉県東松山市東平２４５３?１,5613,埼玉県東松山市東平２４５３?１,5548,11161,1.31,0.77,33.8,30,15,40
11304070130,一般国道４０７号,福田鴻巣線,冑山熊谷線,11202,0,0.5,,6013,,6010,12023,1.31,0.84,31.8,31.6,15,40
11304070140,一般国道４０７号,冑山熊谷線,熊谷市・東松山市境,11202,0,0,,6013,,6010,12023,1.31,0.84,22.8,29,15,40
11304070150,一般国道４０７号,熊谷市・東松山市境,行田東松山線,11212,0,1.7,,6013,,6010,12023,1.31,0.85,24.6,24,15,50
11304070160,一般国道４０７号,行田東松山線,今泉東松山線,11212,0,1.7,,15350,,16399,31749,1.39,1.2,28.3,32.5,19,50
11304070170,一般国道４０７号,今泉東松山線,,11212,0,0.7,東松山市松山2750,12632,東松山市松山2750,13323,25955,1.37,0.92,24.6,23,20.75,50
11304070180,一般国道４０７号,,東松山鴻巣線,11212,0,1.2,東松山市松山2750,12632,東松山市松山2750,13323,25955,1.37,0.92,21.4,23.7,20.75,50
11304070190,一般国道４０７号,東松山鴻巣線,一般国道２５４号,11212,0,1.4,,15350,,16399,31749,1.39,1.11,34,23.2,19,50
11304070210,一般国道４０７号,一般国道２５４号,小八林久保田下青鳥線,11212,0,0.7,東松山市上野本1631-4,13198,東松山市上野本1631-4,13284,26482,1.35,1.8,35.2,34.5,36.5,50
11304070220,一般国道４０７号,小八林久保田下青鳥線,石坂高坂停車場線,11212,0,1.7,東松山市上野本1631-4,13198,東松山市上野本1631-4,13284,26482,1.35,0.65,26.6,33,29.25,50
11304070225,一般国道４０７号,石坂高坂停車場線,岩殿観音南戸守線,11212,0,0.4,埼玉県坂戸市上吉田６５９,20103,埼玉県坂戸市上吉田６５９,19707,39810,1.41,0.95,20.8,22.1,23.75,50
11304070230,一般国道４０７号,岩殿観音南戸守線,石坂高坂停車場線,11212,0,1.3,埼玉県坂戸市上吉田６５９,20103,埼玉県坂戸市上吉田６５９,19707,39810,1.41,0.95,28.2,12,23.75,50
11304070240,一般国道４０７号,石坂高坂停車場線,東松山市・坂戸市境,11212,0,0.3,埼玉県坂戸市上吉田６５９,20103,埼玉県坂戸市上吉田６５９,19707,39810,1.41,0.95,25.1,11.2,23.75,50
11304070250,一般国道４０７号,東松山市・坂戸市境,片柳川越線,11239,0,0.1,埼玉県坂戸市上吉田６５９,20103,埼玉県坂戸市上吉田６５９,19707,39810,1.41,1.16,23.7,10.1,23.5,40
11304070260,一般国道４０７号,片柳川越線,日高川島線,11239,0,1.7,埼玉県坂戸市上吉田６５９,20103,埼玉県坂戸市上吉田６５９,19707,39810,1.41,1.16,27.3,35.9,23.5,40
11304070270,一般国道４０７号,日高川島線,上伊草坂戸線,11239,0,0.4,埼玉県坂戸市上吉田６５９,20103,埼玉県坂戸市上吉田６５９,19707,39810,1.41,1.16,27.3,27.2,23.5,40
11304070280,一般国道４０７号,上伊草坂戸線,川越坂戸毛呂山線,11239,0,0.7,,16944,,17258,34202,1.4,1.33,24.5,15.9,22.5,50
11304070290,一般国道４０７号,川越坂戸毛呂山線,坂戸市道,11239,0,0.4,,17214,,17846,35060,1.4,2.59,11.3,17.6,7.25,50
11304070300,一般国道４０７号,坂戸市道,坂戸市・鶴ヶ島市境,11239,0,0.5,,17214,,17846,35060,1.4,2.59,12.1,18.7,7.25,50
11304070310,一般国道４０７号,坂戸市・鶴ヶ島市境,関越自動車道,11241,0,0.3,,17214,,17846,35060,1.4,1.15,12.8,38.4,26.25,50
11304070320,一般国道４０７号,関越自動車道,川越越生線,11241,0,1.7,,17214,,17846,35060,1.4,1.15,26.6,20.9,26.25,50
11304070330,一般国道４０７号,川越越生線,鶴ヶ島市道,11241,0,1.4,埼玉県鶴ヶ島市高倉１１２３?３,9654,埼玉県鶴ヶ島市高倉１１２３?３,8616,18270,1.34,0.58,30.3,20.2,26.25,50
11304070340,一般国道４０７号,鶴ヶ島市道,鶴ヶ島市・川越市境,11241,0,0.5,埼玉県鶴ヶ島市高倉１１２３?３,9654,埼玉県鶴ヶ島市高倉１１２３?３,8616,18270,1.34,1.35,17.4,32.5,26.75,50
11304070350,一般国道４０７号,鶴ヶ島市・川越市境,川越市・日高市境,11201,0,0.3,埼玉県鶴ヶ島市高倉１１２３?３,9654,埼玉県鶴ヶ島市高倉１１２３?３,8616,18270,1.34,1.24,30.1,23.2,27.5,50
11304070360,一般国道４０７号,川越市・日高市境,一般国道４０７号,11242,0,1.1,日高市高萩1756-11,9476,日高市高萩1756-11,9978,19454,1.32,1.6,19,23.1,26,50
11304070370,一般国道４０７号,一般国道４０７号,川越日高線,11242,0,1,日高市高萩1756-11,9476,日高市高萩1756-11,9978,19454,1.32,0.54,21.8,33.4,34,50
11304070380,一般国道４０７号,川越日高線,,11242,0,0.8,日高市高萩1756-11,9476,日高市高萩1756-11,9978,19454,1.32,0.54,37.4,12.7,34,50
11304070390,一般国道４０７号,,日高市・狭山市境,11242,0,2.7,日高市高萩1756-11,9476,日高市高萩1756-11,9978,19454,1.32,1.39,26,18.7,14,50
11304070400,一般国道４０７号,日高市・狭山市境,日高狭山線,11215,0,0.3,,7194,,7244,14438,1.32,1.09,27.8,11.3,9.75,50
11304070410,一般国道４０７号,日高狭山線,日高狭山線,11215,0,0.8,,7194,,7244,14438,1.32,1.09,24.2,15.8,9.75,50
11304070420,一般国道４０７号,日高狭山線,一般国道２９９号,11215,0,0.6,,7194,,7244,14438,1.32,1.09,17.9,16.7,9.75,50
11304070460,一般国道４０７号,,鶴ヶ島市・日高市境,11241,0,0.8,,,,,,,,26.4,22.5,25,50
11304070490,一般国道４０７号,鶴ヶ島市・日高市境,一般国道４０７号,11242,0,1.4,,,,,,,,26.4,22.5,25,50
11304620010,一般国道４６２号,一般国道４６２号,上里鬼石線,11383,0,0.1,埼玉県児玉郡神川町二ノ宮６２５?３,2877,埼玉県児玉郡神川町二ノ宮６２５?３,2948,5825,1.28,0.69,13,8.3,10,40
11304620020,一般国道４６２号,上里鬼石線,神川町・本庄市境,11383,0,2,埼玉県児玉郡神川町二ノ宮６２５?３,2877,埼玉県児玉郡神川町二ノ宮６２５?３,2948,5825,1.28,0.69,35,45.3,10,40
11304620030,一般国道４６２号,神川町・本庄市境,本庄市・神川町境,11211,0,0.1,埼玉県児玉郡神川町二ノ宮６２５?３,2877,埼玉県児玉郡神川町二ノ宮６２５?３,2948,5825,1.28,0.65,50.8,49.5,15,40
11304620040,一般国道４６２号,本庄市・神川町境,神川町・本庄市境,11383,0,0,埼玉県児玉郡神川町二ノ宮６２５?３,2877,埼玉県児玉郡神川町二ノ宮６２５?３,2948,5825,1.28,0.7,50.2,48.1,10.25,40
11304620045,一般国道４６２号,神川町・本庄市境,秩父児玉線,11211,0,3.4,埼玉県児玉郡神川町二ノ宮６２５?３,2877,埼玉県児玉郡神川町二ノ宮６２５?３,2948,5825,1.28,0.73,38.9,39.6,12.25,40
11304620050,一般国道４６２号,秩父児玉線,長瀞児玉線,11211,0,0.6,埼玉県児玉郡神川町二ノ宮６２５?３,2877,埼玉県児玉郡神川町二ノ宮６２５?３,2948,5825,1.28,0.73,25,30.7,12.25,40
11304620060,一般国道４６２号,長瀞児玉線,小前田児玉線,11211,0,0.3,埼玉県児玉郡神川町二ノ宮６２５?３,2877,埼玉県児玉郡神川町二ノ宮６２５?３,2948,5825,1.28,0.73,20.4,19.4,12.25,40
11302540980,一般国道４６２号,小前田児玉線,児玉停車場線,11211,0,0.2,,1413,,1305,2718,1.21,0.26,12.2,16.4,16,40
11302540990,一般国道４６２号,児玉停車場線,本庄市道,11211,0,0.5,,1413,,1305,2718,1.21,0.26,22.6,22.5,16,40
11304620080,一般国道４６２号,本庄市道,一般国道２５４号,11211,0,0.2,本庄市児玉町蛭川146,7043,本庄市児玉町蛭川146,8030,15073,1.33,1.07,10.4,14.3,18,40
11304620090,一般国道４６２号,一般国道２５４号,児玉町蛭川普済寺線,11211,0,2,本庄市児玉町蛭川146,7043,本庄市児玉町蛭川146,8030,15073,1.33,1.06,25,29.4,11,40
11304620100,一般国道４６２号,児玉町蛭川普済寺線,関越自動車道,11211,0,2.1,本庄市児玉町蛭川146,7043,本庄市児玉町蛭川146,8030,15073,1.33,1.06,24.4,25,11,40
11304620110,一般国道４６２号,関越自動車道,花園本庄線,11211,0,0.2,本庄市栄1-5-41,9769,本庄市栄1-5-41,9999,19768,1.27,0.87,27.4,10.8,22,50
11304620120,一般国道４６２号,花園本庄線,藤岡本庄線,11211,0,0.7,本庄市栄1-5-41,9769,本庄市栄1-5-41,9999,19768,1.27,0.87,17.7,18.7,22,50
11304620130,一般国道４６２号,藤岡本庄線,勅使河原本庄線,11211,0,1.5,本庄市栄1-5-41,9769,本庄市栄1-5-41,9999,19768,1.27,0.87,21.7,26.1,22,50
11304620140,一般国道４６２号,勅使河原本庄線,一般国道１７号,11211,0,0.9,本庄市栄1-5-41,9769,本庄市栄1-5-41,9999,19768,1.27,0.87,27.2,21.8,22,50
11304620150,一般国道４６２号,一般国道１７号,沼和田杉山線,11211,0,0.4,埼玉県本庄市沼和田３０３?１,16254,埼玉県本庄市沼和田３０３?１,16575,32829,1.41,0.66,13.6,24.2,26,50
11304620160,一般国道４６２号,沼和田杉山線,一般国道４６２号,11211,0,1.5,埼玉県本庄市沼和田３０３?１,16254,埼玉県本庄市沼和田３０３?１,16575,32829,1.41,0.66,40,27.6,26,50
11304630530,一般国道４６３号,一般国道４号,,11222,0,1.3,埼玉県越谷市北後谷840-1,12415,埼玉県越谷市北後谷840-1,10541,22956,1.34,0.63,18.2,30.2,38.5,40
11304630540,一般国道４６３号,,蒲生岩槻線,11110,0,1.4,さいたま市岩槻区釣上新田820,17066,さいたま市岩槻区釣上新田820,14400,31466,1.39,0.89,33.1,26.4,24.5,60
11304630550,一般国道４６３号,蒲生岩槻線,さいたま市岩槻区・さいたま市緑区境,11110,0,0.6,さいたま市岩槻区釣上新田820,17066,さいたま市岩槻区釣上新田820,14400,31466,1.39,0.89,19.7,15.7,24.5,60
11304630555,一般国道４６３号,さいたま市岩槻区・さいたま市緑区境,浦和東京線,11109,0,0.3,さいたま市岩槻区釣上新田820,17066,さいたま市岩槻区釣上新田820,14400,31466,1.39,0.89,24.9,7.4,24.5,60
11304630560,一般国道４６３号,浦和東京線,東北自動車道,11109,0,0.7,さいたま市岩槻区釣上新田820,17066,さいたま市岩槻区釣上新田820,14400,31466,1.39,0.89,13.5,27.8,24.5,60
11304630570,一般国道４６３号,東北自動車道,さいたま鳩ヶ谷線,11109,0,0.2,さいたま市岩槻区釣上新田820,17066,さいたま市岩槻区釣上新田820,14400,31466,1.39,1.1,30.5,14.7,27.5,60
11304630580,一般国道４６３号,さいたま鳩ヶ谷線,,11109,0,1.4,さいたま市岩槻区釣上新田820,17066,さいたま市岩槻区釣上新田820,14400,31466,1.39,1.1,29.4,31.2,27.5,60
11304630590,一般国道４６３号（新見沼大橋有料道路）,,,11109,0,1.3,,2849,,2844,5693,1.26,0.25,45.4,46.9,27.5,60
11304630600,一般国道４６３号,,さいたま川口線,11109,0,1.4,さいたま市緑区中尾1290番地12先,14046,さいたま市緑区中尾1290番地12先,15320,29366,1.37,0.43,23.9,24.5,27.5,60
11304630610,一般国道４６３号,さいたま川口線,さいたま川口線,11109,0,0.5,さいたま市浦和区本太5丁目26番地17先,13985,さいたま市浦和区本太5丁目26番地17先,14875,28860,1.37,0.5,30.8,22.4,27.5,60
11304630620,一般国道４６３号,さいたま川口線,川口上尾線,11109,0,1.2,さいたま市浦和区本太5丁目26番地17先,13985,さいたま市浦和区本太5丁目26番地17先,14875,28860,1.37,0.5,23.5,11.3,27.5,60
11304630630,一般国道４６３号,川口上尾線,さいたま市緑区・さいたま市浦和区境,11109,0,0.1,さいたま市浦和区本太5丁目26番地17先,13985,さいたま市浦和区本太5丁目26番地17先,14875,28860,1.37,0.8,14,9.3,20.5,60
11304630640,一般国道４６３号,さいたま市緑区・さいたま市浦和区境,一般国道４６３号,11107,0,0.1,さいたま市浦和区本太5丁目26番地17先,13985,さいたま市浦和区本太5丁目26番地17先,14875,28860,1.37,1.11,12.1,9.8,27,40
11304630650,一般国道４６３号,一般国道４６３号,一般国道４６３号,11107,0,1,さいたま市浦和区本太４丁目１５-１,9203,さいたま市浦和区本太４丁目１５-１,9355,18558,1.38,1.32,9.5,15.5,27,60
11304630660,一般国道４６３号,一般国道４６３号,一般国道１７号,11107,0,0.6,さいたま市浦和区本太４丁目１５-１,9203,さいたま市浦和区本太４丁目１５-１,9355,18558,1.38,1.15,16.1,7.2,19,40
11304630240,一般国道４６３号,一般国道１７号,さいたま市浦和区・さいたま市中央区境,11107,0,0.7,さいたま市桜区山久保2丁目9番地10先,10257,さいたま市桜区山久保2丁目9番地10先,10169,20426,1.34,1.61,11.6,21.4,21,50
11304630250,一般国道４６３号,さいたま市浦和区・さいたま市中央区境,大谷本郷さいたま線,11105,0,0.8,さいたま市桜区山久保2丁目9番地10先,10257,さいたま市桜区山久保2丁目9番地10先,10169,20426,1.34,1.29,18.8,9.9,20,50
11304630260,一般国道４６３号,大谷本郷さいたま線,さいたま市中央区・さいたま市桜区境,11105,0,0.1,さいたま市桜区山久保2丁目9番地10先,10257,さいたま市桜区山久保2丁目9番地10先,10169,20426,1.34,1.29,10.8,10.5,19,50
11304630270,一般国道４６３号,さいたま市中央区・さいたま市桜区境,さいたま市桜区・さいたま市中央区境,11106,0,0.3,さいたま市桜区山久保2丁目9番地10先,10257,さいたま市桜区山久保2丁目9番地10先,10169,20426,1.34,1.55,10.5,8.8,19,50
11304630280,一般国道４６３号,さいたま市桜区・さいたま市中央区境,一般国道１７号,11105,0,0.1,さいたま市桜区山久保2丁目9番地10先,10257,さいたま市桜区山久保2丁目9番地10先,10169,20426,1.34,1.29,11.6,7,19,50
11304630290,一般国道４６３号,一般国道１７号,宗岡さいたま線,11106,0,1.3,さいたま市桜区栄和4丁目10番地先,11527,さいたま市桜区栄和4丁目10番地先,9868,21395,1.35,1.2,11.8,10.1,19,50
11304630300,一般国道４６３号,宗岡さいたま線,さいたま鴻巣線,11106,0,0.7,さいたま市桜区栄和4丁目10番地先,11527,さいたま市桜区栄和4丁目10番地先,9868,21395,1.35,0.59,20.3,20,19,50
11304630310,一般国道４６３号,さいたま鴻巣線,,11106,0,1.2,富士見市南畑新田1249,17019,富士見市南畑新田1249,18029,35048,1.41,1.06,7.2,36.6,25,50
11304630320,一般国道４６３号,,志木市・富士見市境,11228,0,0.4,埼玉県富士見市南畑新田1249,17019,埼玉県富士見市南畑新田1249,18029,35048,1.41,2.03,13.8,22.8,10,50
11304630330,一般国道４６３号,志木市・富士見市境,富士見市・志木市境,11235,0,0.2,埼玉県富士見市南畑新田1249,17019,埼玉県富士見市南畑新田1249,18029,35048,1.41,0.77,18.7,15.2,25.75,50
11304630340,一般国道４６３号,富士見市・志木市境,宗岡さいたま線,11228,0,0,埼玉県富士見市南畑新田1249,17019,埼玉県富士見市南畑新田1249,18029,35048,1.41,1.19,19.4,14.9,25.25,50
11304630350,一般国道４６３号,宗岡さいたま線,保谷志木線,11228,0,0.6,埼玉県富士見市南畑新田1249,17019,埼玉県富士見市南畑新田1249,18029,35048,1.41,1.19,25.1,11.5,25.25,50
11304630360,一般国道４６３号,保谷志木線,志木市・富士見市境,11228,0,0.1,埼玉県富士見市下南畑2364-1,18074,埼玉県富士見市下南畑2364-1,19102,37176,1.41,1.16,13.8,13.6,25.25,50
11304630370,一般国道４６３号,志木市・富士見市境,一般国道２５４号,11235,0,0.3,埼玉県富士見市下南畑2364-1,18074,埼玉県富士見市下南畑2364-1,19102,37176,1.41,1.17,20.4,12.5,25,50
11304630390,一般国道４６３号,一般国道２５４号,新座市・所沢市境,11230,0,0.1,埼玉県新座市中野1-1-3,24723,埼玉県新座市中野1-1-3,22426,47149,1.43,1.36,28.6,15.4,41.75,50
11304630400,一般国道４６３号,新座市・所沢市境,所沢青梅線,11208,0,0.1,埼玉県新座市中野1-1-3,24723,埼玉県新座市中野1-1-3,22426,47149,1.43,1.26,30.9,16.9,25,50
11304630410,一般国道４６３号,所沢青梅線,関越自動車道,11208,0,0.7,埼玉県新座市中野1-1-3,24723,埼玉県新座市中野1-1-3,22426,47149,1.43,1.26,23.1,41.4,25,50
11304630420,一般国道４６３号,関越自動車道,練馬所沢線,11208,0,3.6,所沢市牛沼437-5,9143,所沢市牛沼437-5,7183,16326,1.33,0.55,20,19.7,25,50
11304630430,一般国道４６３号,練馬所沢線,さいたまふじみ野所沢線,11208,0,1.8,所沢市牛沼437-5,9143,所沢市牛沼437-5,7183,16326,1.33,1.35,17.2,9.7,16,40
11304630440,一般国道４６３号,さいたまふじみ野所沢線,川越所沢線,11208,0,1.8,所沢市有楽町14-14,10724,所沢市有楽町14-14,10786,21510,1.33,2.9,12.9,14.4,16,40
11304630450,一般国道４６３号,川越所沢線,一般国道４６３号,11208,0,0.4,所沢市有楽町14-14,10724,所沢市有楽町14-14,10786,21510,1.33,2.9,10.8,12.4,16,40
11304630460,一般国道４６３号,一般国道４６３号,東京所沢線,11208,0,0.5,所沢市西所沢2-4-12,6117,所沢市西所沢2-4-12,6200,12317,1.31,0.88,15.4,12.1,16,40
11304630470,一般国道４６３号,東京所沢線,東京所沢線,11208,0,1.4,埼玉県所沢市林３丁目５５７?１,16987,埼玉県所沢市林３丁目５５７?１,19708,36695,1.4,2.73,10,10.6,8.25,40
11304630480,一般国道４６３号,東京所沢線,狭山ヶ丘停車場線,11208,0,3.2,埼玉県所沢市林３丁目５５７?１,16987,埼玉県所沢市林３丁目５５７?１,19708,36695,1.4,1.05,16.9,18.1,25.25,40
11304630490,一般国道４６３号,狭山ヶ丘停車場線,所沢市・入間市境,11208,0,1.2,埼玉県所沢市林３丁目５５７?１,16987,埼玉県所沢市林３丁目５５７?１,19708,36695,1.4,1.05,17.7,21.4,25.25,40
11304630500,一般国道４６３号,所沢市・入間市境,川越入間線,11225,0,0.8,埼玉県所沢市林３丁目５５７?１,16987,埼玉県所沢市林３丁目５５７?１,19708,36695,1.4,0.97,21.2,11.6,25.25,40
11304630510,一般国道４６３号,川越入間線,一般国道１６号,11225,0,1.8,入間市上藤沢741-3,17193,入間市上藤沢741-3,16649,33842,1.33,1.21,15.7,21.7,23.75,40
11304630680,一般国道４６３号,さいたま幸手線,一般国道４６３号,11107,0,0.2,さいたま市浦和区常盤3丁目７番地1先,1508,さいたま市浦和区常盤3丁目７番地1先,727,2235,1.21,4.72,7.3,10.6,9.5,50
11304630020,一般国道４６３号,,蒲生岩槻線,11110,0,0.1,さいたま市緑区東大門3-2-7,8464,さいたま市緑区東大門3-2-7,7964,16428,1.4,1.06,22.6,14.4,11.15,40
11304630030,一般国道４６３号,蒲生岩槻線,蒲生岩槻線,11110,0,0.4,さいたま市緑区東大門3-2-7,8464,さいたま市緑区東大門3-2-7,7964,16428,1.4,1.06,21.1,14,11.15,40
11304630040,一般国道４６３号,蒲生岩槻線,さいたま市岩槻区・さいたま市緑区境,11110,0,0.3,さいたま市緑区東大門3-2-7,8464,さいたま市緑区東大門3-2-7,7964,16428,1.4,1.06,16.7,14.7,11.15,40
11304630050,一般国道４６３号,さいたま市岩槻区・さいたま市緑区境,東大門安行西立野線,11109,0,0.4,さいたま市緑区東大門3-2-7,8464,さいたま市緑区東大門3-2-7,7964,16428,1.4,1.08,17.3,11.7,11.15,40
11304630060,一般国道４６３号,東大門安行西立野線,さいたま鳩ヶ谷線,11109,0,0.5,さいたま市緑区東大門3-2-7,8464,さいたま市緑区東大門3-2-7,7964,16428,1.4,1.08,11,14.7,11.15,40
11304630070,一般国道４６３号,さいたま鳩ヶ谷線,さいたま鳩ヶ谷線,11109,0,0.7,さいたま市緑区東大門3-2-7,8464,さいたま市緑区東大門3-2-7,7964,16428,1.4,1.08,18.7,9.8,11.15,40
11304630080,一般国道４６３号,さいたま鳩ヶ谷線,一般国道１２２号,11109,0,0.1,さいたま市緑区東大門3-2-7,8464,さいたま市緑区東大門3-2-7,7964,16428,1.4,1.1,9.8,6.8,11.15,40
11304630090,一般国道４６３号,一般国道１２２号,大間木蕨線,11109,0,2.9,さいたま市緑区大間木５４４,7452,さいたま市緑区大間木５４４,6721,14173,1.32,1.1,19.3,20.6,14.3,40
11304630100,一般国道４６３号,大間木蕨線,さいたま川口線,11109,0,1.6,さいたま市緑区大間木５４４,7452,さいたま市緑区大間木５４４,6721,14173,1.32,1.1,20.4,18.7,14.3,40
11304630110,一般国道４６３号,さいたま川口線,さいたま川口線,11109,0,0.4,さいたま市緑区大間木５４４,7452,さいたま市緑区大間木５４４,6721,14173,1.32,1.25,14.7,15.3,10.9,40
11304630120,一般国道４６３号,さいたま川口線,川口上尾線,11109,0,1.1,さいたま市緑区大間木５４４,7452,さいたま市緑区大間木５４４,6721,14173,1.32,1.25,16.4,11.6,10.9,40
11304630130,一般国道４６３号,川口上尾線,さいたま市緑区・さいたま市浦和区境,11109,0,0.3,さいたま市緑区大間木５４４,7452,さいたま市緑区大間木５４４,6721,14173,1.32,1.05,11.8,10.5,10.9,40
11304630140,一般国道４６３号,さいたま市緑区・さいたま市浦和区境,一般国道４６３号,11107,0,0.1,さいたま市緑区大間木５４４,7452,さいたま市緑区大間木５４４,6721,14173,1.32,1.31,12.4,5.6,10.9,40
11304630150,一般国道４６３号,一般国道４６３号,さいたま幸手線,11107,0,1.2,さいたま市浦和区本太２丁目８-１７,7076,さいたま市浦和区本太２丁目８-１７,6092,13168,1.31,1.13,7.3,14.6,17.6,30
11304630160,一般国道４６３号,さいたま幸手線,さいたま草加線,11107,0,0.5,さいたま市浦和区仲町１丁目４-９,5658,さいたま市浦和区仲町１丁目４-９,5152,10810,1.31,0.83,9.7,7.8,17.6,30
11304630170,一般国道４６３号,さいたま草加線,一般国道１７号,11107,0,0.7,さいたま市浦和区高砂３丁目１６-４５,3381,さいたま市浦和区高砂３丁目１６-４５,3519,6900,1.29,0.6,13.3,14.4,17.6,30
11304630190,一般国道４６３号,一般国道４６３号,所沢市・入間市境,11208,0,4.3,埼玉県入間市東藤沢２丁目１０?１,1537,埼玉県入間市東藤沢２丁目１０?１,8729,10266,1.33,1.17,18.2,15.1,14,40
11304630200,一般国道４６３号,所沢市・入間市境,川越入間線,11225,0,1.1,埼玉県入間市東藤沢２丁目１０?１,1537,埼玉県入間市東藤沢２丁目１０?１,8729,10266,1.33,1.01,18.5,18.6,15,40
11304630210,一般国道４６３号,川越入間線,入間市停車場線,11225,0,2.7,入間市豊岡1-8-8,4942,入間市豊岡1-8-8,4925,9867,1.31,0.74,16.1,15.9,10.25,40
11304630220,一般国道４６３号,入間市停車場線,一般国道１６号,11225,0,0.6,入間市豊岡1-8-8,4942,入間市豊岡1-8-8,4925,9867,1.31,0.73,14.9,9.8,14.75,40
11304680010,一般国道４６８号（圏央道）,一般国道４６８号（圏央道）,一般国道１６号,11225,1,4.7,青梅～入間,34171,青梅～入間,34166,68337,1.49,1.1,70.9,76.6,22,80
11304680020,一般国道４６８号（圏央道）,一般国道１６号,入間市・狭山市境,11225,1,2.9,入間～狭山日高,37398,入間～狭山日高,36844,74242,1.46,1.19,66.4,72,22,80
11304680030,一般国道４６８号（圏央道）,入間市・狭山市境,日高狭山線,11215,1,3.1,入間～狭山日高,37398,入間～狭山日高,36844,74242,1.46,1.19,50.9,70,22,80
11304680040,一般国道４６８号（圏央道）,日高狭山線,狭山市・日高市境,11215,1,0.5,狭山日高～圏央鶴ヶ島,39544,狭山日高～圏央鶴ヶ島,38921,78465,1.44,1.2,59.8,64.7,22,80
11304680050,一般国道４６８号（圏央道）,狭山市・日高市境,日高市・川越市境,11242,1,4.9,狭山日高～圏央鶴ヶ島,39544,狭山日高～圏央鶴ヶ島,38921,78465,1.44,1.2,58.6,66.3,22,80
11304680060,一般国道４６８号（圏央道）,日高市・川越市境,川越市・鶴ヶ島市境,11201,1,0.8,狭山日高～圏央鶴ヶ島,39544,狭山日高～圏央鶴ヶ島,38921,78465,1.44,1.2,61.3,68.1,22,80
11304680070,一般国道４６８号（圏央道）,川越市・鶴ヶ島市境,鶴ヶ島市道,11241,1,0.6,狭山日高～圏央鶴ヶ島,39544,狭山日高～圏央鶴ヶ島,38921,78465,1.44,1.2,60.2,64.3,22,80
11304680080,一般国道４６８号（圏央道）,鶴ヶ島市道,関越自動車道,11241,1,2.2,圏央鶴ヶ島～鶴ヶ島JCT,42174,圏央鶴ヶ島～鶴ヶ島JCT,41528,83702,1.43,1.27,46.2,72.9,22,80
11304680090,一般国道４６８号（圏央道）,関越自動車道,鶴ヶ島市・川越市境,11241,1,2.6,鶴ヶ島JCT～坂戸,30817,鶴ヶ島JCT～坂戸,30747,61564,1.43,0.82,60.6,85.4,22,80
11304680100,一般国道４６８号（圏央道）,鶴ヶ島市・川越市境,川越市・坂戸市境,11201,1,1.1,鶴ヶ島JCT～坂戸,30817,鶴ヶ島JCT～坂戸,30747,61564,1.43,0.82,70.5,83.7,22,80
11304680110,一般国道４６８号（圏央道）,川越市・坂戸市境,坂戸市・川越市境,11239,1,0.2,鶴ヶ島JCT～坂戸,30817,鶴ヶ島JCT～坂戸,30747,61564,1.43,0.82,73.6,84.9,22,80
11304680120,一般国道４６８号（圏央道）,坂戸市・川越市境,川越市・坂戸市境,11201,1,0.2,鶴ヶ島JCT～坂戸,30817,鶴ヶ島JCT～坂戸,30747,61564,1.43,0.82,73.4,85.5,22,80
11304680130,一般国道４６８号（圏央道）,川越市・坂戸市境,坂戸市・川越市境,11239,1,0.2,鶴ヶ島JCT～坂戸,30817,鶴ヶ島JCT～坂戸,30747,61564,1.43,0.82,72.4,84,22,80
11304680140,一般国道４６８号（圏央道）,坂戸市・川越市境,川越市・坂戸市境,11201,1,0.1,鶴ヶ島JCT～坂戸,30817,鶴ヶ島JCT～坂戸,30747,61564,1.43,0.82,73.1,81.1,22,80
11304680150,一般国道４６８号（圏央道）,川越市・坂戸市境,上伊草坂戸線,11239,1,0.8,鶴ヶ島JCT～坂戸,30817,鶴ヶ島JCT～坂戸,30747,61564,1.43,0.82,74.2,82.3,22,80
11304680160,一般国道４６８号（圏央道）,上伊草坂戸線,坂戸市・川島町境,11239,1,1.6,坂戸～川島,30826,坂戸～川島,30681,61507,1.43,0.88,76.7,82.6,22,80
11304680170,一般国道４６８号（圏央道）,坂戸市・川島町境,一般国道２５４号,11346,1,0.9,坂戸～川島,30826,坂戸～川島,30681,61507,1.43,0.88,77.9,81.5,22,80
11304680180,一般国道４６８号（圏央道）,一般国道２５４号,川島町・桶川市境,11346,1,4.1,川島～桶川北本,31292,川島～桶川北本,31128,62420,1.42,0.91,80.8,80,23.5,80
11304680190,一般国道４６８号（圏央道）,川島町・桶川市境,一般国道１７号,11231,1,1.6,川島～桶川北本,31292,川島～桶川北本,31128,62420,1.42,0.91,82.2,81.8,23.5,80
11304680290,一般国道４６８号,一般国道１７号,桶川市・北本市境,11231,1,2.9,桶川北本～桶川加納～白岡菖蒲,29615,桶川北本～桶川加納～白岡菖蒲,29786,59401,1.43,0.89,82.1,84.7,23.5,100
11304680300,一般国道４６８号,桶川市・北本市境,北本市・桶川市境,11233,1,0.7,桶川北本～桶川加納～白岡菖蒲,29615,桶川北本～桶川加納～白岡菖蒲,29786,59401,1.43,0.89,75.7,81.8,23.5,100
11304680310,一般国道４６８号,北本市・桶川市境,桶川市・北本市境,11231,1,0.2,桶川北本～桶川加納～白岡菖蒲,29615,桶川北本～桶川加納～白岡菖蒲,29786,59401,1.43,0.89,74.3,81.8,23.5,100
11304680320,一般国道４６８号,桶川市・北本市境,北本市・桶川市境,11233,1,0.5,桶川北本～桶川加納～白岡菖蒲,29615,桶川北本～桶川加納～白岡菖蒲,29786,59401,1.43,0.89,77.7,77.7,23.5,100
11304680330,一般国道４６８号,北本市・桶川市境,川越栗橋線,11231,1,0.3,桶川北本～桶川加納～白岡菖蒲,29615,桶川北本～桶川加納～白岡菖蒲,29786,59401,1.43,0.89,79.1,80.1,23.5,100
11304680340,一般国道４６８号,川越栗橋線,桶川市・久喜市境,11231,1,2.1,桶川北本～桶川加納～白岡菖蒲,29615,桶川北本～桶川加納～白岡菖蒲,29786,59401,1.43,0.89,76.9,77.2,23.5,100
11304680350,一般国道４６８号,桶川市・久喜市境,久喜市・白岡市境,11232,1,2.9,桶川北本～桶川加納～白岡菖蒲,29615,桶川北本～桶川加納～白岡菖蒲,29786,59401,1.43,0.89,75.4,73.2,23.5,100
11304680360,一般国道４６８号,久喜市・白岡市境,白岡市・久喜市境,11246,1,1,桶川北本～桶川加納～白岡菖蒲,29615,桶川北本～桶川加納～白岡菖蒲,29786,59401,1.43,0.89,79.5,60.9,23.5,100
11304680370,一般国道４６８号,白岡市・久喜市境,一般国道１２２号,11232,1,0.2,桶川北本～桶川加納～白岡菖蒲,29615,桶川北本～桶川加納～白岡菖蒲,29786,59401,1.43,0.89,79.3,51.4,23.5,100
11304680210,首都圏中央連絡自動車道,一般国道１２２号,東北自動車道,11232,1,3.3,白岡菖蒲～久喜白岡JCT,30759,白岡菖蒲～久喜白岡JCT,30968,61727,1.41,0.96,80.9,46.4,23.5,80
11304680230,一般国道４６８号,東北自動車道,久喜市・白岡市境,11232,1,1.8,久喜白岡JCT～幸手,18130,久喜白岡JCT～幸手,17527,35657,1.36,2.1,74.7,29.9,10.5,70
11304680240,一般国道４６８号,久喜市・白岡市境,白岡市・久喜市境,11246,1,0.1,久喜白岡JCT～幸手,18130,久喜白岡JCT～幸手,17527,35657,1.36,2.1,63.9,58.1,10.5,70
11304680250,一般国道４６８号,白岡市・久喜市境,久喜市・宮代町境,11232,1,0.9,久喜白岡JCT～幸手,18130,久喜白岡JCT～幸手,17527,35657,1.36,2.1,62.8,62.6,10.5,70
11304680260,一般国道４６８号,久喜市・宮代町境,宮代町・久喜市境,11442,1,1,久喜白岡JCT～幸手,18130,久喜白岡JCT～幸手,17527,35657,1.36,2.1,54.3,65.9,10.5,70
11304680270,一般国道４６８号,宮代町・久喜市境,久喜市・幸手市境,11232,1,1.4,久喜白岡JCT～幸手,18130,久喜白岡JCT～幸手,17527,35657,1.36,2.1,22.4,75.9,10.5,70
11304680280,一般国道４６８号（圏央道）,久喜市・幸手市境,惣新田幸手線,11240,1,2.2,久喜白岡JCT～幸手,18130,久喜白岡JCT～幸手,17527,35657,1.36,2.1,18.5,86.2,10.5,70
11304680390,一般国道４６８号（圏央道）,惣新田幸手線,一般国道４６８号,11240,1,3.6,幸手～五霞,14548,幸手～五霞,13955,28503,1.36,1.69,50.6,75.8,10.5,70
11400010010,さいたま川口線,さいたま春日部線,新方須賀さいたま線,11104,0,1.3,さいたま市緑区三室363番地先,13078,さいたま市緑区三室363番地先,13260,26338,1.37,0.94,14.2,11.8,20,50
11400010020,さいたま川口線,新方須賀さいたま線,新方須賀さいたま線,11104,0,0.1,さいたま市緑区三室363番地先,13078,さいたま市緑区三室363番地先,13260,26338,1.37,0.94,14.5,7.2,20,50
11400010030,さいたま川口線,新方須賀さいたま線,さいたま市見沼区・さいたま市緑区境,11104,0,1.4,さいたま市緑区三室363番地先,13078,さいたま市緑区三室363番地先,13260,26338,1.37,0.94,15.7,28.7,20,50
11400010040,さいたま川口線,さいたま市見沼区・さいたま市緑区境,高速埼玉新都心線,11109,0,0.3,さいたま市緑区三室363番地先,13078,さいたま市緑区三室363番地先,13260,26338,1.37,0.85,25.3,21.5,20,50
11400010050,さいたま川口線,高速埼玉新都心線,さいたま市緑区・さいたま市浦和区境,11109,0,0.1,さいたま市緑区三室363番地先,13078,さいたま市緑区三室363番地先,13260,26338,1.37,0.85,19.2,31.6,20,50
11400010060,さいたま川口線,さいたま市緑区・さいたま市浦和区境,さいたま市浦和区・さいたま市緑区境,11107,0,0.2,さいたま市緑区三室363番地先,13078,さいたま市緑区三室363番地先,13260,26338,1.37,0.51,28.5,25.3,20,50
11400010070,さいたま川口線,さいたま市浦和区・さいたま市緑区境,さいたま幸手線,11109,0,0.1,さいたま市緑区三室363番地先,13078,さいたま市緑区三室363番地先,13260,26338,1.37,0.95,24.9,13.2,20,50
11400010080,さいたま川口線,さいたま幸手線,さいたま川口線,11109,0,1.1,さいたま市緑区三室363番地先,13078,さいたま市緑区三室363番地先,13260,26338,1.37,0.95,23.5,29.6,20,50
11400010090,さいたま川口線,さいたま川口線,さいたま川口線,11109,0,0.8,さいたま市緑区三室363番地先,13078,さいたま市緑区三室363番地先,13260,26338,1.37,0.95,17.2,16.3,20,50
11400010100,さいたま川口線,さいたま川口線,一般国道４６３号,11109,0,0.5,さいたま市緑区三室363番地先,13078,さいたま市緑区三室363番地先,13260,26338,1.37,0.95,17.6,11.4,20,50
11400010110,さいたま川口線,一般国道４６３号,一般国道４６３号,11109,0,0.3,さいたま市南区大谷口5629,14138,さいたま市南区大谷口5629,13752,27890,1.38,0.94,11.5,12.8,27,50
11400010120,さいたま川口線,一般国道４６３号,さいたま市緑区・さいたま市南区境,11109,0,0.8,さいたま市南区大谷口5629,14138,さいたま市南区大谷口5629,13752,27890,1.38,0.94,17.7,27.3,27,50
11400010130,さいたま川口線,さいたま市緑区・さいたま市南区境,さいたま川口線,11108,0,0.9,さいたま市南区大谷口5629,14138,さいたま市南区大谷口5629,13752,27890,1.38,1.02,23.8,14.5,27,50
11400010140,さいたま川口線,さいたま川口線,さいたま市南区・川口市境,11108,0,0.6,さいたま市南区大谷口5629,14138,さいたま市南区大谷口5629,13752,27890,1.38,1.02,10.5,16.9,27,50
11400010150,さいたま川口線,さいたま市南区・川口市境,川口市・さいたま市南区境,11203,0,0.1,さいたま市南区大谷口5629,14138,さいたま市南区大谷口5629,13752,27890,1.38,0.44,26,12.4,27,50
11400010160,さいたま川口線,川口市・さいたま市南区境,さいたま川口線,11108,0,0.1,さいたま市南区大谷口5629,14138,さいたま市南区大谷口5629,13752,27890,1.38,0.84,23.1,11.3,27,50
11400010170,さいたま川口線,さいたま川口線,,11108,0,0.1,さいたま市南区大谷口5629,14138,さいたま市南区大谷口5629,13752,27890,1.38,0.84,17,12,27,50
11400010180,さいたま川口線,,大間木蕨線,11203,0,0.7,,17436,,18233,35669,1.41,1.48,15,17.3,25.25,40
11400010190,さいたま川口線,大間木蕨線,一般国道２９８号,11203,0,0.9,,17436,,18233,35669,1.41,1.48,23.7,13.8,25.25,40
11400010210,さいたま川口線,川口上尾線,さいたま幸手線,11107,0,1.4,さいたま市浦和区上木崎７丁目１０-１３,5117,さいたま市浦和区上木崎７丁目１０-１３,4940,10057,1.3,0.98,15,16.5,12.2,40
11400010220,さいたま川口線,さいたま幸手線,さいたま市浦和区・さいたま市緑区境,11107,0,0.6,さいたま市浦和区上木崎７丁目１０-１３,5117,さいたま市浦和区上木崎７丁目１０-１３,4940,10057,1.3,0.98,19.5,14.4,12.2,40
11400010230,さいたま川口線,さいたま市浦和区・さいたま市緑区境,さいたま川口線,11109,0,0.1,さいたま市浦和区上木崎７丁目１０-１３,5117,さいたま市浦和区上木崎７丁目１０-１３,4940,10057,1.3,0.85,21,11.1,7,30
11400010240,さいたま川口線,さいたま川口線,さいたま川口線,11109,0,1,さいたま市浦和区上木崎７丁目１０-１３,5117,さいたま市浦和区上木崎７丁目１０-１３,4940,10057,1.3,0.99,15.6,19.3,7,40
11400010250,さいたま川口線,さいたま川口線,一般国道４６３号,11109,0,0.5,さいたま市南区大谷口５６０５,3699,さいたま市南区大谷口５６０５,2882,6581,1.25,0.8,12.5,9.5,7,40
11400010260,さいたま川口線,一般国道４６３号,一般国道４６３号,11109,0,0.2,さいたま市南区大谷口５６０５,3699,さいたま市南区大谷口５６０５,2882,6581,1.25,0.84,7,9.3,11,40
11400010270,さいたま川口線,一般国道４６３号,さいたま市緑区・さいたま市南区境,11109,0,1.1,さいたま市南区大谷口５６０５,3699,さいたま市南区大谷口５６０５,2882,6581,1.25,0.7,15.2,19.2,11,40
11400010280,さいたま川口線,さいたま市緑区・さいたま市南区境,さいたま川口線,11108,0,0.8,さいたま市南区大谷口５６０５,3699,さいたま市南区大谷口５６０５,2882,6581,1.25,0.84,20,20,11,40
11400010290,さいたま川口線,さいたま川口線,さいたま市南区・川口市境,11108,0,0.6,さいたま市南区大谷口５６０５,3699,さいたま市南区大谷口５６０５,2882,6581,1.25,0.84,13.1,21.6,11,40
11400010300,さいたま川口線,さいたま市南区・川口市境,川口市・さいたま市南区境,11203,0,0.1,さいたま市南区大谷口５６０５,3699,さいたま市南区大谷口５６０５,2882,6581,1.25,0.67,24.6,11.8,11,40
11400010310,さいたま川口線,川口市・さいたま市南区境,さいたま川口線,11108,0,0.1,さいたま市南区大谷口５６０５,3699,さいたま市南区大谷口５６０５,2882,6581,1.25,0.88,16.9,10.4,11.5,40
11400020010,さいたま春日部線,一般国道１６号,さいたま鴻巣線,11101,0,0.7,さいたま市西区指扇２１８０,6690,さいたま市西区指扇２１８０,7549,14239,1.33,1.06,12.9,14.2,14.5,40
11400020020,さいたま春日部線,さいたま鴻巣線,大谷本郷さいたま線,11101,0,2.2,さいたま市西区指扇２１８０,6690,さいたま市西区指扇２１８０,7549,14239,1.33,1.06,19.5,17.5,14.5,40
11400020030,さいたま春日部線,大谷本郷さいたま線,一般国道１７号,11101,0,0.2,さいたま市西区指扇２１８０,6690,さいたま市西区指扇２１８０,7549,14239,1.33,1.06,15.7,10,14.5,40
11400020040,さいたま春日部線,一般国道１７号,さいたま市西区・さいたま市大宮区境,11101,0,0.2,さいたま市西区三橋5丁目1660先,8578,さいたま市西区三橋5丁目1660先,7453,16031,1.32,1.11,8.3,16.2,14.5,40
11400020050,さいたま春日部線,さいたま市西区・さいたま市大宮区境,一般国道１７号,11103,0,1.8,さいたま市西区三橋5丁目1660先,8578,さいたま市西区三橋5丁目1660先,7453,16031,1.32,1.11,16.2,10.6,13,50
11400020060,さいたま春日部線,一般国道１７号,大宮停車場大成線,11103,0,0.1,さいたま市大宮区宮町１丁目２８,8058,さいたま市大宮区宮町１丁目２８,7906,15964,1.48,1.07,6.8,9.6,15,40
11400020070,さいたま春日部線,大宮停車場大成線,大宮停車場線,11103,0,0.8,さいたま市大宮区宮町１丁目２８,8058,さいたま市大宮区宮町１丁目２８,7906,15964,1.48,1.07,7.6,10.3,15,40
11400020080,さいたま春日部線,大宮停車場線,川口上尾線,11103,0,0.7,さいたま市大宮区宮町１丁目２８,8058,さいたま市大宮区宮町１丁目２８,7906,15964,1.48,1.07,10,7.2,15,40
11400020090,さいたま春日部線,川口上尾線,さいたま市大宮区・さいたま市見沼区境,11103,0,1.3,さいたま市大宮区宮町１丁目２８,8058,さいたま市大宮区宮町１丁目２８,7906,15964,1.48,1.32,7.9,21.9,18,40
11400020100,さいたま春日部線,さいたま市大宮区・さいたま市見沼区境,さいたま川口線,11104,0,0.6,さいたま市大宮区宮町１丁目２８,8058,さいたま市大宮区宮町１丁目２８,7906,15964,1.48,1.13,23.5,11.4,12,40
11400020110,さいたま春日部線,さいたま川口線,大和田停車場線,11104,0,0.5,さいたま市見沼区東門前３０-１１,7623,さいたま市見沼区東門前３０-１１,7762,15385,1.32,1.14,8.2,19,14.25,40
11400020120,さいたま春日部線,大和田停車場線,さいたま鳩ヶ谷線,11104,0,1.8,さいたま市見沼区東門前３０-１１,7623,さいたま市見沼区東門前３０-１１,7762,15385,1.32,1.14,12.4,14.8,14.25,40
11400020130,さいたま春日部線,さいたま鳩ヶ谷線,さいたま幸手線,11104,0,0.9,さいたま市見沼区東門前３０-１１,7623,さいたま市見沼区東門前３０-１１,7762,15385,1.32,1.14,21.1,8.1,14.25,40
11400020140,さいたま春日部線,さいたま幸手線,一般国道１６号,11104,0,0.2,さいたま市見沼区東門前３０-１１,7623,さいたま市見沼区東門前３０-１１,7762,15385,1.32,1.14,13.3,5.1,14.25,40
11400020150,さいたま春日部線,一般国道１６号,さいたま市見沼区・さいたま市岩槻区境,11104,0,0.2,さいたま市岩槻区東岩槻５-７?２,7519,さいたま市岩槻区東岩槻５-７?２,7459,14978,1.32,1.18,8.4,10.7,14.25,40
11400020160,さいたま春日部線,さいたま市見沼区・さいたま市岩槻区境,一般国道１２２号,11110,0,0.4,さいたま市岩槻区東岩槻５-７?２,7519,さいたま市岩槻区東岩槻５-７?２,7459,14978,1.32,1.11,15.2,6.1,16.5,40
11400020180,さいたま春日部線,一般国道１２２号,さいたま幸手線,11110,0,0.3,さいたま市岩槻区東岩槻５-７?２,7519,さいたま市岩槻区東岩槻５-７?２,7459,14978,1.32,1.26,17.2,14.2,11,40
11400020190,さいたま春日部線,さいたま幸手線,,11110,0,1.9,さいたま市岩槻区東岩槻５-７?２,7519,さいたま市岩槻区東岩槻５-７?２,7459,14978,1.32,1.26,17.3,19.2,11,40
11400020200,さいたま春日部線,,一般国道１６号,11214,0,2,,5427,,5073,10500,1.3,1.03,21.6,15.2,8.5,40
11400020210,さいたま春日部線,一般国道１６号,春日部久喜線,11214,0,1.4,春日部市西八木崎1-2-5,5611,春日部市西八木崎1-2-5,5761,11372,1.3,1.16,13,14.3,7.5,40
11400020220,さいたま春日部線,春日部久喜線,春日部久喜線,11214,0,0.4,春日部市西八木崎1-2-5,5611,春日部市西八木崎1-2-5,5761,11372,1.3,1.16,7.5,8.9,7.5,40
11400020230,さいたま春日部線,春日部久喜線,さいたま春日部線,11214,0,0.2,春日部市西八木崎1-2-5,5611,春日部市西八木崎1-2-5,5761,11372,1.3,1.16,15.4,13.1,7.5,40
11400020240,さいたま春日部線,さいたま春日部線,一般国道４号,11214,0,0.6,春日部市西八木崎1-2-5,5611,春日部市西八木崎1-2-5,5761,11372,1.3,1.16,16.4,14.6,7.5,40
11400020250,さいたま春日部線,一般国道４号,一般国道１６号,11214,0,0.6,春日部市西八木崎1-2-5,5611,春日部市西八木崎1-2-5,5761,11372,1.3,1.16,15.9,14.7,7.5,40
11400020270,さいたま春日部線,さいたま春日部線,一般国道４号,11214,0,0.8,春日部市粕壁東1-5-11,3961,春日部市粕壁東1-5-11,4148,8109,1.29,0.57,15.9,14.2,15,40
11400030010,さいたま栗橋線,一般国道１６号,上尾市・伊奈町境,11219,0,1,,20098,,17455,37553,1.41,1.59,10.7,21.1,20,50
11400030020,さいたま栗橋線,上尾市・伊奈町境,伊奈町道,11301,0,0.8,,19968,,17585,37553,1.41,1.39,31.9,16,21,50
11400030025,さいたま栗橋線,伊奈町道,蓮田鴻巣線,11301,0,0.3,,19968,,17585,37553,1.41,1.39,20.6,15,21,50
11400030030,さいたま栗橋線,蓮田鴻巣線,伊奈町・蓮田市境,11301,0,0.5,,19968,,17585,37553,1.41,1.39,22,32.4,21,50
11400030040,さいたま栗橋線,伊奈町・蓮田市境,上尾蓮田線,11238,0,0.9,,19968,,17585,37553,1.41,1.23,27,21.7,23,50
11400030050,さいたま栗橋線,上尾蓮田線,一般国道１２２号,11238,0,0.5,,20098,,17455,37553,1.41,1.46,13,19,21,50
11400030060,さいたま栗橋線,一般国道１２２号,白岡停車場南新宿線,11238,0,1.5,,14070,,16084,30154,1.38,1.44,19.8,25,21.25,50
11400030070,さいたま栗橋線,白岡停車場南新宿線,蓮田市・白岡市境,11238,0,0.6,,14070,,16084,30154,1.38,1.44,31,32,21.25,50
11400030080,さいたま栗橋線,蓮田市・白岡市境,春日部菖蒲線,11246,0,2.9,,14070,,16084,30154,1.38,1.27,24.2,17.3,21.25,50
11400030090,さいたま栗橋線,春日部菖蒲線,春日部菖蒲線,11246,0,0.2,埼玉県久喜市樋ノ口 内谷２５７?１,17162,埼玉県久喜市樋ノ口 内谷２５７?１,16963,34125,1.41,1.07,21.1,25.2,21.25,50
11400030100,さいたま栗橋線,春日部菖蒲線,白岡市・久喜市境,11246,0,0,埼玉県久喜市樋ノ口 内谷２５７?１,17162,埼玉県久喜市樋ノ口 内谷２５７?１,16963,34125,1.41,1.07,16.6,25.8,21.25,50
11400030110,さいたま栗橋線,白岡市・久喜市境,上尾久喜線,11232,0,0.8,埼玉県久喜市樋ノ口 内谷２５７?１,17162,埼玉県久喜市樋ノ口 内谷２５７?１,16963,34125,1.41,1.06,29.6,20.1,21.25,50
11400030120,さいたま栗橋線,上尾久喜線,,11232,0,0.1,埼玉県久喜市樋ノ口 内谷２５７?１,17162,埼玉県久喜市樋ノ口 内谷２５７?１,16963,34125,1.41,1.03,13,19.5,23.75,50
11400030125,さいたま栗橋線,,下早見菖蒲線,11232,0,0.3,埼玉県久喜市樋ノ口 内谷２５７?１,17162,埼玉県久喜市樋ノ口 内谷２５７?１,16963,34125,1.41,1.03,12.7,19.5,23.75,50
11400030130,さいたま栗橋線,下早見菖蒲線,蓮田白岡久喜線,11232,0,0.4,埼玉県久喜市樋ノ口 内谷２５７?１,17162,埼玉県久喜市樋ノ口 内谷２５７?１,16963,34125,1.41,1.03,12.8,24.1,23.75,50
11400030140,さいたま栗橋線,蓮田白岡久喜線,東北自動車道,11232,0,0.7,埼玉県久喜市樋ノ口 内谷２５７?１,17162,埼玉県久喜市樋ノ口 内谷２５７?１,16963,34125,1.41,1.03,26.9,29,23.75,50
11400030150,さいたま栗橋線,東北自動車道,春日部久喜線,11232,0,1,,19046,,17707,36753,1.41,0.79,34.3,15.8,21.25,50
11400030160,さいたま栗橋線,春日部久喜線,,11232,0,0.2,,19046,,17707,36753,1.41,0.95,11.4,18.1,21.75,50
11400030170,さいたま栗橋線,,久喜騎西線,11232,0,0.3,,19046,,17707,36753,1.41,0.95,12.6,14.9,21.75,50
11400030180,さいたま栗橋線,久喜騎西線,六万部久喜停車場線,11232,0,0.2,久喜市西大輪1653-1,18715,久喜市西大輪1653-1,17826,36541,1.42,1.04,13.4,14.6,21,50
11400030190,さいたま栗橋線,六万部久喜停車場線,幸手久喜線,11232,0,0.5,久喜市西大輪1653-1,18715,久喜市西大輪1653-1,17826,36541,1.42,1.04,10.1,14.1,21,50
11400030200,さいたま栗橋線,幸手久喜線,川越栗橋線,11232,0,2.1,久喜市西大輪1653-1,18715,久喜市西大輪1653-1,17826,36541,1.42,1.04,22.4,26.1,21,50
11400030210,さいたま栗橋線,川越栗橋線,加須幸手線,11232,0,0.5,久喜市西大輪1653-1,18715,久喜市西大輪1653-1,17826,36541,1.42,1.04,13.5,18.8,21,50
11400030220,さいたま栗橋線,加須幸手線,加須幸手線,11232,0,0.6,久喜市西大輪1653-1,18715,久喜市西大輪1653-1,17826,36541,1.42,1.04,22,27.9,21,50
11400030230,さいたま栗橋線,加須幸手線,一般国道１２５号,11232,0,2.2,久喜市西大輪1653-1,18715,久喜市西大輪1653-1,17826,36541,1.42,1.04,31,32.9,21,50
11400040010,東京所沢線,東京所沢線,久米所沢線,11208,0,0.8,所沢市北秋津125,9094,所沢市北秋津125,7798,16892,1.33,1.35,20.7,10.3,12,40
11400040020,東京所沢線,久米所沢線,一般国道４６３号,11208,0,1.6,,12435,,10041,22476,1.35,1.8,13.6,15,16.5,40
11400550010,東京所沢線,一般国道４６３号,西所沢停車場線,11208,0,0.3,,4334,,4424,8758,1.3,0.64,6.1,6.1,9,40
11400550020,東京所沢線,西所沢停車場線,東京所沢線,11208,0,0.7,,4334,,4424,8758,1.3,0.64,5.9,10.2,9,40
11400040040,東京所沢線,東京所沢線,一般国道４６３号,11208,0,1,,12676,,10169,22845,1.35,1.22,23.8,21,25,40
11400040060,東京所沢線,,東京所沢線,11208,0,0.9,,,,,,,,17.2,17.8,25,40
11400050010,さいたま菖蒲線,さいたま川口線,東大宮停車場線,11104,0,3.5,さいたま市見沼区東大宮４-１２?６,9889,さいたま市見沼区東大宮４-１２?６,10235,20124,1.35,0.8,19.2,16.4,22,40
11400050020,さいたま菖蒲線,東大宮停車場線,,11104,0,0.7,さいたま市見沼区東大宮４-１２?６,9889,さいたま市見沼区東大宮４-１２?６,10235,20124,1.35,0.8,11.5,21.1,22,40
11400050030,さいたま菖蒲線,,一般国道１６号,11219,0,0.7,,10836,,12186,23022,1.35,0.75,17.6,29.4,22.25,40
11400050040,さいたま菖蒲線,一般国道１６号,上尾環状線,11219,0,2.3,上尾市原市1005-12,7022,上尾市原市1005-12,6526,13548,1.32,0.44,28.5,19.6,22.25,40
11400050050,さいたま菖蒲線,上尾環状線,上尾環状線,11219,0,0.2,上尾市原市1005-12,7022,上尾市原市1005-12,6526,13548,1.32,1.14,13.7,6.9,8.5,40
11400050060,さいたま菖蒲線,上尾環状線,上尾蓮田線,11219,0,0.7,上尾市原市1005-12,7022,上尾市原市1005-12,6526,13548,1.32,1.14,9.7,19.1,8.5,40
11400050070,さいたま菖蒲線,上尾蓮田線,上尾市・伊奈町境,11219,0,2.5,上尾市平塚2151-1,7319,上尾市平塚2151-1,7185,14504,1.33,1.16,21.9,21.4,12,40
11400050080,さいたま菖蒲線,上尾市・伊奈町境,蓮田鴻巣線,11301,0,0.3,上尾市平塚2151-1,7319,上尾市平塚2151-1,7185,14504,1.33,1.2,15,12,12,40
11400050090,さいたま菖蒲線,蓮田鴻巣線,上尾久喜線,11301,0,0.2,上尾市平塚2151-1,7319,上尾市平塚2151-1,7185,14504,1.33,1.2,14.8,13,12,40
11400050100,さいたま菖蒲線,上尾久喜線,伊奈町・蓮田市境,11301,0,2.8,,5028,,5022,10050,1.3,1.03,23.4,22.9,12,40
11400050110,さいたま菖蒲線,伊奈町・蓮田市境,行田蓮田線,11238,0,0.5,,5028,,5022,10050,1.3,0.78,36.4,21.8,7.5,40
11400050120,さいたま菖蒲線,行田蓮田線,蓮田市・白岡市境,11238,0,1,,4471,,4581,9052,1.33,0.89,36.6,34.1,8.25,40
11400050130,さいたま菖蒲線,蓮田市・白岡市境,白岡市・久喜市境,11246,0,0.6,,4260,,4372,8632,1.3,0.76,24,16.1,13.25,40
11400050140,さいたま菖蒲線,白岡市・久喜市境,久喜市道,11232,0,2.3,,4260,,4372,8632,1.3,0.77,34.9,38.4,12,40
11400050150,さいたま菖蒲線,久喜市道,,11232,0,0.8,,4260,,4372,8632,1.3,0.92,21.4,19.8,12,40
11301220530,さいたま菖蒲線,,北根菖蒲線,11232,0,0.5,久喜市菖蒲町三箇835-2,4070,久喜市菖蒲町三箇835-2,4593,8663,1.3,0.87,22.2,20.1,9.5,50
11301220520,さいたま菖蒲線,北根菖蒲線,久喜市道,11232,0,0.2,久喜市菖蒲町三箇835-2,4070,久喜市菖蒲町三箇835-2,4593,8663,1.3,0.8,21,26.8,10.25,50
11301220510,さいたま菖蒲線,久喜市道,加須菖蒲線,11232,0,0.1,久喜市菖蒲町三箇835-2,4070,久喜市菖蒲町三箇835-2,4593,8663,1.3,0.8,12.1,14.7,10.25,50
11400060010,川越所沢線,一般国道１６号,川越入間線,11201,0,1.7,,6930,,6806,13736,1.32,0.77,7.9,13.4,9.5,40
11400060020,川越所沢線,川越入間線,川越市・ふじみ野市境,11201,0,3.7,,6930,,6806,13736,1.32,0.77,22.3,21.5,9.5,40
11400060030,川越所沢線,川越市・ふじみ野市境,ふじみ野市・川越市境,11245,0,0,,6930,,6806,13736,1.32,0.73,20,31.5,9,40
11400060040,川越所沢線,ふじみ野市・川越市境,川越市・狭山市境,11201,0,0.7,,6930,,6806,13736,1.32,0.7,34.2,24.6,10.5,40
11400060050,川越所沢線,川越市・狭山市境,狭山ふじみ野線,11215,0,0,,6930,,6806,13736,1.32,0.79,16.9,14.9,10.5,40
11400060060,川越所沢線,狭山ふじみ野線,狭山市・所沢市境,11215,0,1.1,所沢市下富1001,12298,所沢市下富1001,12976,25274,1.46,1.46,15.3,14.5,10.5,40
11400060070,川越所沢線,狭山市・所沢市境,所沢堀兼狭山線,11208,0,0.2,所沢市下富1001,12298,所沢市下富1001,12976,25274,1.46,1.81,20.9,10.6,18,40
11400060080,川越所沢線,所沢堀兼狭山線,所沢狭山線,11208,0,3.6,所沢市下富1001,12298,所沢市下富1001,12976,25274,1.46,1.81,15.1,11.5,18,40
11400060090,川越所沢線,所沢狭山線,一般国道４６３号,11208,0,1.7,所沢市下富1001,12298,所沢市下富1001,12976,25274,1.46,1.81,15.3,12.8,18,40
11400060100,川越所沢線,一般国道４６３号,所沢青梅線,11208,0,0.4,所沢市下富1001,12298,所沢市下富1001,12976,25274,1.46,1.81,9,15.9,18,40
11400060110,川越所沢線,所沢青梅線,久米所沢線,11208,0,0.6,所沢市上安松1286-7,6902,所沢市上安松1286-7,6575,13477,1.32,1.11,14.5,10.8,11.25,40
11400060120,川越所沢線,久米所沢線,所沢市道,11208,0,2.7,所沢市上安松1286-7,6902,所沢市上安松1286-7,6575,13477,1.32,1.11,11,14.9,11.25,40
11400070010,佐野行田線,一般国道１２２号,羽生妻沼線,11216,0,1.1,羽生市上新郷1471,3259,羽生市上新郷1471,3257,6516,1.27,0.81,20,32.5,12,40
11400070020,佐野行田線,羽生妻沼線,熊谷羽生線,11216,0,0.6,羽生市上新郷1471,3259,羽生市上新郷1471,3257,6516,1.27,0.81,27.6,28.6,12,40
11400070030,佐野行田線,熊谷羽生線,羽生市・行田市境,11216,0,1.4,羽生市上新郷1471,3259,羽生市上新郷1471,3257,6516,1.27,0.79,34,47.6,9.75,40
11400070040,佐野行田線,羽生市・行田市境,熊谷羽生線,11206,0,0.5,羽生市上新郷1471,3259,羽生市上新郷1471,3257,6516,1.27,0.75,45.7,40.7,7.25,40
11400070050,佐野行田線,熊谷羽生線,武州荒木停車場線,11206,0,0.6,羽生市上新郷1471,3259,羽生市上新郷1471,3257,6516,1.27,0.75,24.6,34.4,7.25,40
11400070060,佐野行田線,武州荒木停車場線,足利邑楽行田線,11206,0,0.7,羽生市上新郷1471,3259,羽生市上新郷1471,3257,6516,1.27,0.75,37.2,32.6,7.25,40
11400070070,佐野行田線,足利邑楽行田線,一般国道１２５号,11206,0,0.7,羽生市上新郷1471,3259,羽生市上新郷1471,3257,6516,1.27,0.75,31.9,27.1,7.25,40
11400070080,佐野行田線,一般国道１２５号,熊谷羽生線,11206,0,1.4,羽生市上新郷1471,3259,羽生市上新郷1471,3257,6516,1.27,0.75,18.9,18.6,7.25,40
11400080010,川越入間線,一般国道２５４号,川越所沢線,11201,0,1.6,狭山市中新田４,3611,狭山市中新田４,3407,7018,1.27,0.86,15.8,13,6.75,40
11400080020,川越入間線,川越所沢線,川越市・狭山市境,11201,0,2.2,狭山市中新田４,3611,狭山市中新田４,3407,7018,1.27,0.86,19.9,34.8,6.75,40
11400080030,川越入間線,川越市・狭山市境,中新田入間川線,11215,0,1,狭山市中新田４,3611,狭山市中新田４,3407,7018,1.27,0.78,39.5,17,8.75,40
11400080040,川越入間線,中新田入間川線,所沢堀兼狭山線,11215,0,2.2,狭山市中新田４,3611,狭山市中新田４,3407,7018,1.27,0.78,19.4,18.2,8.75,40
11400080050,川越入間線,所沢堀兼狭山線,所沢狭山線,11215,0,2.3,狭山市中新田４,3611,狭山市中新田４,3407,7018,1.27,0.78,24.6,19.6,8.75,40
11400080060,川越入間線,所沢狭山線,入曽停車場線,11215,0,0.2,,4846,,4719,9565,1.3,1.1,6.9,9,9.25,40
11400080070,川越入間線,入曽停車場線,狭山市・入間市境,11215,0,1.3,,4846,,4719,9565,1.3,1.1,15.4,18.4,9.25,40
11400080080,川越入間線,狭山市・入間市境,一般国道４６３号,11225,0,0.4,,4846,,4719,9565,1.3,0.91,11.3,5.8,11.25,40
11400080090,川越入間線,一般国道４６３号,武蔵藤沢停車場線,11225,0,0.3,,4846,,4719,9565,1.3,0.91,2.6,18.3,11.25,40
11400080100,川越入間線,武蔵藤沢停車場線,一般国道４６３号,11225,0,1.6,,4846,,4719,9565,1.3,0.91,19.2,17.3,11.25,40
11400080110,川越入間線,一般国道４６３号,一般国道１６号,11225,0,1.9,,4846,,4719,9565,1.3,0.91,14.6,22,11.25,40
11400090010,佐野古河線,佐野古河線,佐野古河線,11210,0,0.5,,6589,,6134,12723,1.32,1.17,44.6,47.3,7.75,60
11400090030,佐野古河線,佐野古河線,加須北川辺線,11210,0,0.9,,6589,,6134,12723,1.32,1.12,43.3,25.2,7,60
11303540030,佐野古河線,加須北川辺線,加須市道,11210,0,0.2,,4630,,4592,9222,1.3,0.94,24.5,24.7,16,40
11303540070,佐野古河線,加須市道,飯積向古河線,11210,0,1.4,加須市向古河666,8118,加須市向古河666,8509,16627,1.34,1.51,42.3,35,6.75,40
11303540080,佐野古河線,飯積向古河線,一般国道３５４号,11210,0,0.2,加須市向古河666,8118,加須市向古河666,8509,16627,1.34,1.51,21.7,34,6.75,40
11400100010,春日部松伏線,一般国道４号,西金野井春日部線,11214,0,1.5,春日部市藤塚1297-34,5073,春日部市藤塚1297-34,4682,9755,1.3,1.04,17.9,23.4,11,40
11400100020,春日部松伏線,西金野井春日部線,一般国道４号,11214,0,4.3,春日部市藤塚1297-34,5073,春日部市藤塚1297-34,4682,9755,1.3,1.04,18.2,19.9,11,40
11400100030,春日部松伏線,一般国道４号,野田岩槻線,11214,0,1,,7854,,7945,15799,1.37,1.29,14.4,24,12,40
11400100040,春日部松伏線,野田岩槻線,春日部市・松伏町境,11214,0,0.4,,7854,,7945,15799,1.37,1.29,11.1,31.6,12,40
11400100050,春日部松伏線,春日部市・松伏町境,越谷野田線,11465,0,3.3,,7854,,7945,15799,1.37,1.38,21.4,15.8,9.5,40
11400110010,熊谷小川秩父線,一般国道４０７号,ときがわ熊谷線,11202,0,0.5,熊谷市御正新田1291,4719,熊谷市御正新田1291,4385,9104,1.3,0.37,16,23.2,37.5,30
11400110020,熊谷小川秩父線,ときがわ熊谷線,熊谷寄居線,11202,0,0.6,熊谷市御正新田1291,4719,熊谷市御正新田1291,4385,9104,1.3,0.74,32.6,22.8,13,40
11400110030,熊谷小川秩父線,熊谷寄居線,武蔵丘陵森林公園広瀬線,11202,0,0.3,熊谷市御正新田1291,4719,熊谷市御正新田1291,4385,9104,1.3,0.74,20.3,19.4,13,40
11400110040,熊谷小川秩父線,武蔵丘陵森林公園広瀬線,深谷東松山線,11202,0,3.3,熊谷市御正新田1291,4719,熊谷市御正新田1291,4385,9104,1.3,0.74,27.2,26.9,13,40
11400110050,熊谷小川秩父線,深谷東松山線,熊谷市・嵐山町境,11202,0,2.2,,3836,,3699,7535,1.29,0.69,35.8,40.7,12,40
11400110060,熊谷小川秩父線,熊谷市・嵐山町境,深谷嵐山線,11342,0,1.1,,3836,,3699,7535,1.29,0.68,38.8,33,12,40
11400110070,熊谷小川秩父線,深谷嵐山線,嵐山町・小川町境,11342,0,0.1,,3836,,3699,7535,1.29,0.68,21.6,22.9,12,40
11400110080,熊谷小川秩父線,嵐山町・小川町境,小川町・嵐山町境,11343,0,0.6,,3836,,3699,7535,1.29,0.55,49.7,47.5,10.5,40
11400110090,熊谷小川秩父線,小川町・嵐山町境,嵐山町・小川町境,11342,0,1.1,,3836,,3699,7535,1.29,0.59,48.8,49.8,10.5,40
11400110100,熊谷小川秩父線,嵐山町・小川町境,菅谷寄居線,11343,0,0.2,,3836,,3699,7535,1.29,0.73,37.3,22.4,7,40
11400110105,熊谷小川秩父線,菅谷寄居線,本田小川線,11343,0,0.5,小川町高谷2653-1,6338,小川町高谷2653-1,5971,12309,1.32,0.99,28.8,28.6,7,40
11400110110,熊谷小川秩父線,本田小川線,本田小川線,11343,0,0.7,小川町高谷2653-1,6338,小川町高谷2653-1,5971,12309,1.32,0.99,31.8,28.4,7,40
11400110120,熊谷小川秩父線,本田小川線,一般国道２５４号,11343,0,0.3,小川町高谷2653-1,6338,小川町高谷2653-1,5971,12309,1.32,0.99,17.7,13.1,7,40
11400110130,熊谷小川秩父線,一般国道２５４号,一般国道２５４号,11343,0,2,小川町高谷2653-1,6338,小川町高谷2653-1,5971,12309,1.32,0.99,26.7,27.7,7,40
11400110150,熊谷小川秩父線,一般国道２５４号,西平小川線,11343,0,1.3,小川町腰越64,4277,小川町腰越64,4034,8311,1.3,0.7,30.3,29.6,10.25,40
11400110160,熊谷小川秩父線,西平小川線,小川町・東秩父村境,11343,0,2.6,小川町腰越64,4277,小川町腰越64,4034,8311,1.3,0.7,41.9,40.1,10.25,40
11400110170,熊谷小川秩父線,小川町・東秩父村境,坂本寄居線,11369,0,4.7,小川町腰越64,4277,小川町腰越64,4034,8311,1.3,0.83,44.5,42.2,9.75,40
11400110180,熊谷小川秩父線,坂本寄居線,三沢坂本線,11369,0,1.8,,96,,86,182,1.37,0.02,40.6,42.4,6,30
11400110190,熊谷小川秩父線,三沢坂本線,東秩父村・秩父市境,11369,0,9.6,,96,,86,182,1.37,0.02,44.5,45.9,6,30
11400110200,熊谷小川秩父線,東秩父村・秩父市境,長瀞玉淀自然公園線,11207,0,8.8,横瀬町横瀬6135,4205,横瀬町横瀬6135,4276,8481,1.3,0.89,54.7,80.9,6,30
11400110210,熊谷小川秩父線,長瀞玉淀自然公園線,長瀞玉淀自然公園線,11207,0,0.7,横瀬町横瀬6135,4205,横瀬町横瀬6135,4276,8481,1.3,0.89,22.2,16.9,6,30
11400110220,熊谷小川秩父線,長瀞玉淀自然公園線,秩父市・横瀬町境,11207,0,1.6,横瀬町横瀬6135,4205,横瀬町横瀬6135,4276,8481,1.3,0.89,26.8,35.9,6,30
11400110230,熊谷小川秩父線,秩父市・横瀬町境,一般国道２９９号,11361,0,2.5,横瀬町横瀬6135,4205,横瀬町横瀬6135,4276,8481,1.3,0.64,36.3,30.5,10.5,40
11400110250,熊谷小川秩父線,深谷嵐山線,関越自動車道,11342,0,1.1,嵐山町杉山370,4315,嵐山町杉山370,4285,8600,1.29,0.81,29.5,31.9,12,50
11400110260,熊谷小川秩父線,関越自動車道,嵐山町・小川町境,11342,0,0.3,嵐山町杉山370,4315,嵐山町杉山370,4285,8600,1.29,0.81,29.4,31.5,12,50
11400110270,熊谷小川秩父線,嵐山町・小川町境,菅谷寄居線,11343,0,0.1,嵐山町杉山370,4315,嵐山町杉山370,4285,8600,1.29,0.77,30.7,22.7,25,50
11400110280,熊谷小川秩父線,菅谷寄居線,一般国道２５４号,11343,0,1.3,嵐山町杉山370,4315,嵐山町杉山370,4285,8600,1.29,0.77,43.7,36.1,25,50
11400110300,熊谷小川秩父線,一般国道２５４号,飯能寄居線,11343,0,1,,4036,,3645,7681,1.29,0.64,29.8,18.2,14,50
11400120010,川越栗橋線,川越坂戸毛呂山線,一般国道２５４号,11201,0,1.3,川越市宮元町38,4475,川越市宮元町38,5525,10000,1.3,0.65,14.3,12.8,11,40
11400120020,川越栗橋線,一般国道２５４号,川越市・川島町境,11201,0,2.4,川越市府川1304-18,8383,川越市府川1304-18,7564,15947,1.33,1.17,15.2,29,11,40
11400120030,川越栗橋線,川越市・川島町境,平沼中老袋線,11346,0,0.9,川越市府川1304-18,8383,川越市府川1304-18,7564,15947,1.33,1.27,10.2,27.6,8,40
11400120040,川越栗橋線,平沼中老袋線,日高川島線,11346,0,2.4,,9261,,8341,17602,1.38,1.39,31.6,26.4,10.5,40
11400120050,川越栗橋線,日高川島線,川島町・桶川市境,11346,0,1.4,,9261,,8341,17602,1.38,1.39,15.6,24,10.5,40
11400120060,川越栗橋線,川島町・桶川市境,さいたま鴻巣線,11231,0,0.9,,9261,,8341,17602,1.38,1.45,22.1,20.8,12.25,40
11400120070,川越栗橋線,さいたま鴻巣線,一般国道１７号,11231,0,0.6,,9261,,8341,17602,1.38,1.45,18.3,16.8,12.25,40
11400120080,川越栗橋線,一般国道１７号,さいたま鴻巣線,11231,0,1,,14372,,14626,28998,1.38,1.3,19.8,27.1,22,50
11400120090,川越栗橋線,さいたま鴻巣線,鴻巣桶川さいたま線,11231,0,2.6,,14372,,14626,28998,1.38,1.3,24.5,22.1,22,50
11400120100,川越栗橋線,鴻巣桶川さいたま線,一般国道１７号,11231,0,0.6,,14372,,14626,28998,1.38,1.3,17.6,12.1,22,50
11400120105,川越栗橋線,一般国道１７号,一般国道４６８号,11231,0,1,,9319,,9544,18863,1.34,1.3,10.7,22.6,28,40
11400120110,川越栗橋線,一般国道４６８号,蓮田鴻巣線,11231,0,0.6,,9319,,9544,18863,1.34,1.3,36.4,12.3,28,40
11400120120,川越栗橋線,蓮田鴻巣線,桶川市・久喜市境,11231,0,1.4,,9319,,9544,18863,1.34,1.3,20.6,17.7,28,40
11400120130,川越栗橋線,桶川市・久喜市境,行田蓮田線,11232,0,0.2,,9319,,9544,18863,1.34,1.45,16.5,21.1,12,40
11400120140,川越栗橋線,行田蓮田線,行田蓮田線,11232,0,0.3,,9319,,9544,18863,1.34,1.45,15.3,22.5,12,40
11400120150,川越栗橋線,行田蓮田線,笠原菖蒲線,11232,0,2.1,,9319,,9544,18863,1.34,1.45,30,31.6,12,40
11400120160,川越栗橋線,笠原菖蒲線,北根菖蒲線,11232,0,1.8,,9319,,9544,18863,1.34,1.45,28.3,26,12,40
11400120170,川越栗橋線,北根菖蒲線,加須菖蒲線,11232,0,0.3,,9319,,9544,18863,1.34,1.45,15.2,19.1,12,40
11400120180,川越栗橋線,加須菖蒲線,一般国道１２２号,11232,0,1.2,,9319,,9544,18863,1.34,1.54,22.3,19.2,14,40
11400120190,川越栗橋線,一般国道１２２号,北中曽根北大桑線,11232,0,0.8,,8756,,8386,17142,1.33,0.8,18.9,26.9,14,40
11400120200,川越栗橋線,北中曽根北大桑線,六万部久喜停車場線,11232,0,2.4,久喜市所久喜703-1,9768,久喜市所久喜703-1,9784,19552,1.34,1.35,24.5,17.4,12,40
11400120210,川越栗橋線,六万部久喜停車場線,久喜騎西線,11232,0,1,久喜市所久喜703-1,9768,久喜市所久喜703-1,9784,19552,1.34,1.35,19,35.5,12,40
11400120220,川越栗橋線,久喜騎西線,さいたま栗橋線,11232,0,3,,8756,,8386,17142,1.33,1.35,20.2,22.7,9.25,40
11400130010,前橋長瀞線,前橋長瀞線,矢納浄法寺線,11383,0,0.1,神川町下阿久原300-1,1528,神川町下阿久原300-1,1576,3104,1.21,0.59,21.8,23,8.75,30
11400130020,前橋長瀞線,矢納浄法寺線,神川町・本庄市境,11383,0,2.7,神川町下阿久原300-1,1528,神川町下阿久原300-1,1576,3104,1.21,0.59,36.1,36.4,8.75,30
11400130030,前橋長瀞線,神川町・本庄市境,秩父児玉線,11211,0,1.7,神川町下阿久原300-1,1528,神川町下阿久原300-1,1576,3104,1.21,0.61,40,39,10.5,30
11400130040,前橋長瀞線,秩父児玉線,本庄市・皆野町境,11211,0,1.5,神川町下阿久原300-1,1528,神川町下阿久原300-1,1576,3104,1.21,0.61,35.2,44.1,10.5,30
11400130050,前橋長瀞線,本庄市・皆野町境,秩父児玉線,11362,0,0.6,神川町下阿久原300-1,1528,神川町下阿久原300-1,1576,3104,1.21,0.63,45.6,37.7,12,40
11400130060,前橋長瀞線,秩父児玉線,皆野町・長瀞町境,11362,0,1.8,神川町下阿久原300-1,1528,神川町下阿久原300-1,1576,3104,1.21,0.63,33.3,39.7,12,40
11400130070,前橋長瀞線,皆野町・長瀞町境,一般国道１４０号,11363,0,2.5,神川町下阿久原300-1,1528,神川町下阿久原300-1,1576,3104,1.21,0.66,43.5,37.5,7.5,40
11400140010,伊勢崎深谷線,伊勢崎深谷線,中瀬牧西線,11218,0,0.7,深谷市戸森346,4287,深谷市戸森346,4361,8648,1.3,0.65,45,47.1,7.75,40
11400140020,伊勢崎深谷線,中瀬牧西線,成塚中瀬線,11218,0,0.1,深谷市戸森346,4287,深谷市戸森346,4361,8648,1.3,0.65,35.9,26.1,7.75,40
11400140030,伊勢崎深谷線,成塚中瀬線,中瀬普済寺線,11218,0,0.3,深谷市戸森346,4287,深谷市戸森346,4361,8648,1.3,0.65,28.1,29.7,7.75,40
11400140040,伊勢崎深谷線,中瀬普済寺線,本庄妻沼線,11218,0,1.6,深谷市戸森346,4287,深谷市戸森346,4361,8648,1.3,0.65,38.4,38,7.75,40
11400140050,伊勢崎深谷線,本庄妻沼線,一般国道１７号,11218,0,1.5,深谷市戸森346,4287,深谷市戸森346,4361,8648,1.3,0.65,34,29.7,7.75,40
11400140060,伊勢崎深谷線,一般国道１７号,一般国道１７号,11218,0,2,深谷市戸森346,4287,深谷市戸森346,4361,8648,1.3,0.65,26.6,20.9,7.75,40
11400150010,川越日高線,一般国道１６号,一般国道２５４号,11201,0,0.4,川越市小仙波932-1,7838,川越市小仙波932-1,8599,16437,1.33,1.25,11.3,13.8,15,40
11400150020,川越日高線,一般国道２５４号,川越坂戸毛呂山線,11201,0,1.2,川越市小仙波932-1,7838,川越市小仙波932-1,8599,16437,1.33,1.25,12.9,9.4,15,40
11400150030,川越日高線,川越坂戸毛呂山線,川越坂戸毛呂山線,11201,0,0.2,川越市小室463,8178,川越市小室463,7074,15252,1.34,1.03,10.6,9.3,15.25,40
11400150040,川越日高線,川越坂戸毛呂山線,川越市停車場線,11201,0,0.3,川越市小室463,8178,川越市小室463,7074,15252,1.34,1.03,9.1,15.4,15.25,40
11400150050,川越日高線,川越市停車場線,川越北環状線,11201,0,1.1,川越市小室463,8178,川越市小室463,7074,15252,1.34,1.03,10.2,21.8,15.25,40
11400150060,川越日高線,川越北環状線,川越越生線,11201,0,3,川越市小室463,8178,川越市小室463,7074,15252,1.34,1.03,15.5,17.1,15.25,40
11400150070,川越日高線,川越越生線,笠幡狭山線,11201,0,3.1,,4964,,5290,10254,1.3,0.78,16,17.3,15.25,40
11400150080,川越日高線,笠幡狭山線,川越市・日高市境,11201,0,1,,4964,,5290,10254,1.3,0.78,24.3,27.7,15.25,40
11400150090,川越日高線,川越市・日高市境,一般国道４０７号,11242,0,1.4,,4964,,5290,10254,1.3,0.62,32.2,29.2,10.5,40
11400150100,川越日高線,一般国道４０７号,,11242,0,0.3,,6493,,6311,12804,1.32,1.38,15.9,17.1,11.5,40
11400150110,川越日高線,,武蔵高萩停車場線,11242,0,0.4,,6493,,6311,12804,1.32,1.38,16.1,22.7,11.5,40
11400150120,川越日高線,武蔵高萩停車場線,日高市道,11242,0,3.5,日高市鹿山248-6,7511,日高市鹿山248-6,7295,14806,1.26,1.09,22.1,23,10.25,40
11400150130,川越日高線,日高市道,飯能寄居線,11242,0,0.2,日高市鹿山248-6,7511,日高市鹿山248-6,7295,14806,1.26,1.09,22.6,10.1,10.25,40
11400150140,川越日高線,飯能寄居線,一般国道２９９号,11242,0,3.3,日高市鹿山248-6,7511,日高市鹿山248-6,7295,14806,1.26,1.09,25.7,29.1,10.25,40
11400190010,越谷野田線,大野島越谷線,足立越谷線,11222,0,0.1,埼玉県越谷市大吉888,8165,埼玉県越谷市大吉888,8264,16429,1.33,1.36,9.3,11.5,14.75,40
11400190020,越谷野田線,足立越谷線,足立越谷線,11222,0,1.1,埼玉県越谷市大吉888,8165,埼玉県越谷市大吉888,8264,16429,1.33,1.36,18.3,9.3,14.75,40
11400190030,越谷野田線,足立越谷線,越谷八潮線,11222,0,1.8,埼玉県越谷市大吉888,8165,埼玉県越谷市大吉888,8264,16429,1.33,1.45,16.5,22.2,12,40
11400190040,越谷野田線,越谷八潮線,平方東京線,11222,0,1.1,埼玉県越谷市大吉888,8165,埼玉県越谷市大吉888,8264,16429,1.33,1.45,17.4,17.1,12,40
11400190050,越谷野田線,平方東京線,平方東京線,11222,0,0.2,埼玉県越谷市大吉888,8165,埼玉県越谷市大吉888,8264,16429,1.33,1.45,14.1,20.2,12,40
11400190060,越谷野田線,平方東京線,越谷市・松伏町境,11222,0,0.1,埼玉県越谷市大吉888,8165,埼玉県越谷市大吉888,8264,16429,1.33,1.45,11,28.5,12,40
11400190070,越谷野田線,越谷市・松伏町境,春日部松伏線,11465,0,1,埼玉県越谷市大吉888,8165,埼玉県越谷市大吉888,8264,16429,1.33,1.37,14.2,19.9,11.25,40
11400190080,越谷野田線,春日部松伏線,越谷野田線,11465,0,0.2,埼玉県越谷市大吉888,8165,埼玉県越谷市大吉888,8264,16429,1.33,1.45,12.5,22.2,10.25,40
11400190090,越谷野田線,葛飾吉川松伏線,中井松伏線,11465,0,1.9,北葛飾郡松伏町ゆめみ野東1-2-10,2088,北葛飾郡松伏町ゆめみ野東1-2-10,1968,4056,1.21,0.2,26.3,22.4,25,50
11400190100,越谷野田線,中井松伏線,松伏町・吉川市境,11465,0,1.5,,12543,,12597,25140,1.46,1.62,25.6,24.2,11.5,40
11400190110,越谷野田線,松伏町・吉川市境,吉川市・松伏町境,11243,0,0.8,,12543,,12597,25140,1.46,1.65,32.2,9,8.25,40
11400190120,越谷野田線,吉川市・松伏町境,三郷松伏線,11465,0,0.2,,12543,,12597,25140,1.46,1.45,23.4,9.2,8.75,40
11400190130,越谷野田線,三郷松伏線,越谷野田線,11465,0,0.3,,12543,,12597,25140,1.46,1.45,11.6,17.3,8.75,40
11400190150,越谷野田線,,越谷野田線,11465,0,0.3,,,,,,,,,,25,50
11400200010,足利邑楽行田線,足利邑楽行田線,羽生妻沼線,11206,0,0.5,,4885,,4712,9597,1.3,1.12,21.3,9.9,7,40
11400200020,足利邑楽行田線,羽生妻沼線,熊谷羽生線,11206,0,1.9,行田市須加2015-2,4836,行田市須加2015-2,4221,9057,1.29,0.89,31,38.3,7.5,40
11400200030,足利邑楽行田線,熊谷羽生線,佐野行田線,11206,0,0.9,行田市須加2015-2,4836,行田市須加2015-2,4221,9057,1.29,0.89,38.5,31.9,7.5,40
11400210010,三郷松伏線,松戸草加線,上笹塚谷口線,11237,0,6,三郷市鷹野3-16,3708,三郷市鷹野3-16,3880,7588,1.29,0.84,27,24.6,6.75,40
11400210020,三郷松伏線,上笹塚谷口線,草加流山線,11237,0,0.5,三郷市鷹野3-16,3708,三郷市鷹野3-16,3880,7588,1.29,0.84,18.3,7.7,6.75,40
11400210030,三郷松伏線,草加流山線,越谷流山線,11237,0,1.7,,4906,,4956,9862,1.41,1.27,14.6,21.3,11,40
11400210040,三郷松伏線,越谷流山線,三郷市・吉川市境,11237,0,0.8,,4906,,4956,9862,1.41,1.27,25.8,29.2,11,40
11400210050,三郷松伏線,三郷市・吉川市境,吉川市道,11243,0,0,,4906,,4956,9862,1.41,0.86,34.7,23,15.25,40
11400210060,三郷松伏線,吉川市道,加藤平沼線,11243,0,2.9,,4906,,4956,9862,1.41,0.9,38.7,38.1,14,50
11400210070,三郷松伏線,加藤平沼線,川藤野田線,11243,0,2.4,,4906,,4956,9862,1.41,0.9,39.5,21.4,14,50
11400210080,三郷松伏線,川藤野田線,川藤野田線,11243,0,0.3,,4906,,4956,9862,1.41,1.08,14.6,14.1,14.25,40
11400210090,三郷松伏線,川藤野田線,吉川市・松伏町境,11243,0,4,吉川市八子新田379,7005,吉川市八子新田379,7441,14446,1.32,1.09,35.8,26.9,10.25,50
11400210100,三郷松伏線,吉川市・松伏町境,越谷野田線,11465,0,0.3,吉川市八子新田379,7005,吉川市八子新田379,7441,14446,1.32,1.21,25.4,4.3,6.75,50
11400220010,上里鬼石線,一般国道１７号,勅使河原本庄線,11385,0,0.2,上里町三町854,6058,上里町三町854,5560,11618,1.31,0.83,10.8,18.9,18.25,50
11400220020,上里鬼石線,勅使河原本庄線,藤岡本庄線,11385,0,2.4,上里町三町854,6058,上里町三町854,5560,11618,1.31,0.83,26.5,19.9,18.25,50
11400220030,上里鬼石線,藤岡本庄線,児玉新町線,11385,0,1.5,上里町三町854,6058,上里町三町854,5560,11618,1.31,0.83,26.6,24.5,18.25,50
11400220040,上里鬼石線,児玉新町線,藤岡本庄線,11385,0,0.2,上里町三町854,6058,上里町三町854,5560,11618,1.31,0.83,13.1,12.4,18.25,50
11400220050,上里鬼石線,藤岡本庄線,上里町・神川町境,11385,0,1.3,上里町大御堂1130,3173,上里町大御堂1130,2777,5950,1.27,0.64,30.7,43.3,10.5,40
11400220060,上里鬼石線,上里町・神川町境,一般国道２５４号,11383,0,0.4,上里町大御堂1130,3173,上里町大御堂1130,2777,5950,1.27,0.68,36.5,27.4,11,40
11400220070,上里鬼石線,一般国道２５４号,一般国道４６２号,11383,0,6.1,神川町二の宮60-1,2975,神川町二の宮60-1,2727,5702,1.26,0.53,36,35.1,11,40
11400220080,上里鬼石線,一般国道４６２号,矢納浄法寺線,11383,0,2.7,神川町渡瀬863-1,2575,神川町渡瀬863-1,2483,5058,1.26,0.58,37.2,36.2,13.25,40
11400220090,上里鬼石線,矢納浄法寺線,上里鬼石線,11383,0,0.1,神川町渡瀬863-1,2575,神川町渡瀬863-1,2483,5058,1.26,0.58,13.5,24.4,13.25,40
11400230010,藤岡本庄線,一般国道２５４号,上里鬼石線,11385,0,2.7,上里町長浜1202,3658,上里町長浜1202,4556,8214,1.28,0.67,26.9,37.6,10.5,40
11400230030,藤岡本庄線,上里鬼石線,上里町・本庄市境,11385,0,2.2,,4817,,4938,9755,1.3,0.71,23.6,23.3,16.25,50
11400230040,藤岡本庄線,上里町・本庄市境,一般国道４６２号,11211,0,0.5,,4817,,4938,9755,1.3,0.76,31,18.4,16,40
11400230050,藤岡本庄線,一般国道４６２号,本庄寄居線,11211,0,2,,4817,,4938,9755,1.3,0.76,16.7,17,16,40
11400230060,藤岡本庄線,本庄寄居線,花園本庄線,11211,0,1.2,,4817,,4938,9755,1.3,0.76,22,25,16,40
11400230070,藤岡本庄線,花園本庄線,一般国道１７号,11211,0,0.8,,4817,,4938,9755,1.3,0.76,22.6,14.3,16,40
11400240005,練馬所沢線,練馬所沢線,前沢保谷線,11230,0,0.1,,1280,,1049,2329,1.2,0.3,16.4,12.1,10.5,40
11400240010,練馬所沢線,前沢保谷線,飯田橋石神井新座線,11230,0,1,,1280,,1049,2329,1.2,0.3,14.3,14.5,10.5,40
11400240020,練馬所沢線,飯田橋石神井新座線,前沢保谷線,11230,0,0.3,,1280,,1049,2329,1.2,0.3,11.5,15.2,10.5,40
11400240030,練馬所沢線,前沢保谷線,練馬所沢線,11230,0,0.2,埼玉県新座市栗原1-12-12,1148,埼玉県新座市栗原1-12-12,1276,2424,1.2,0.43,9.6,12.9,4.5,40
11400240050,練馬所沢線,練馬所沢線,練馬所沢線,11230,0,0.7,,0,,1742,1742,1.21,0.41,,16.6,4,30
11400240065,練馬所沢線,練馬所沢線,所沢市道,11208,0,0,,6896,,7991,14887,1.33,1.28,16.1,16.1,22,50
11400240110,練馬所沢線,所沢市道,練馬所沢線,11208,0,0.8,,,,,,,,,,21.25,50
11400240080,練馬所沢線,川越所沢線,練馬所沢線,11208,0,0.6,所沢市東所沢和田3-15,8971,所沢市東所沢和田3-15,10138,19109,1.33,1.65,16.7,15.4,10.25,40
11400240090,練馬所沢線,練馬所沢線,一般国道４６３号,11208,0,1.1,所沢市東所沢和田3-15,8971,所沢市東所沢和田3-15,10138,19109,1.33,0.8,16.6,18.2,22,50
11400250010,飯田橋石神井新座線,飯田橋石神井新座線,練馬所沢線,11230,0,0.8,,7923,,8012,15935,1.33,1.2,19,15.2,8.25,40
11400260010,境杉戸線,境杉戸線,松伏春日部関宿線,11240,0,0.4,,4077,,3638,7715,1.29,0.83,31.1,21.6,13.5,40
11400260020,境杉戸線,松伏春日部関宿線,一般国道４号,11240,0,0.5,,4077,,3638,7715,1.29,0.83,23.8,13.8,13.5,40
11400260030,境杉戸線,一般国道４号,下吉羽幸手線,11240,0,1.1,,4077,,3638,7715,1.29,0.83,14.8,26.7,13.5,40
11400260040,境杉戸線,下吉羽幸手線,惣新田幸手線,11240,0,1.6,,3609,,4057,7666,1.29,0.84,25.2,29,12.5,40
11400260050,境杉戸線,惣新田幸手線,惣新田幸手線,11240,0,0.1,,3609,,4057,7666,1.29,0.84,22.5,13.7,12.5,40
11400260060,境杉戸線,惣新田幸手線,幸手市・杉戸町境,11240,0,0.5,,3609,,4057,7666,1.29,0.84,24.2,35.9,12.25,40
11400260070,境杉戸線,幸手市・杉戸町境,杉戸町・幸手市境,11464,0,0.2,,3609,,4057,7666,1.29,0.75,45.7,43.8,12,40
11400260080,境杉戸線,杉戸町・幸手市境,並塚幸手線,11240,0,0.5,,3609,,4057,7666,1.29,0.81,32.2,24.5,12,40
11400260090,境杉戸線,並塚幸手線,幸手市・杉戸町境,11240,0,1.1,,3403,,3738,7141,1.28,0.65,39.5,43.3,12,40
11400260100,境杉戸線,幸手市・杉戸町境,一般国道４号,11464,0,1.4,,3403,,3738,7141,1.28,0.7,29.1,22.1,9.75,40
11400270100,東松山鴻巣線,一般国道２５４号,一般国道４０７号,11212,0,0.9,東松山市柏崎826-1,10490,東松山市柏崎826-1,11621,22111,1.34,1.48,28.8,19.5,36,40
11400270120,東松山鴻巣線,一般国道４０７号,東松山市・吉見町境,11212,0,0.4,東松山市柏崎826-1,10490,東松山市柏崎826-1,11621,22111,1.34,1.48,9.9,18.6,36,40
11400270130,東松山鴻巣線,東松山市・吉見町境,東松山桶川線,11347,0,1.3,東松山市柏崎826-1,10490,東松山市柏崎826-1,11621,22111,1.34,1.52,27.4,25.9,10.75,40
11400270040,東松山鴻巣線,東松山桶川線,小八林久保田下青鳥線,11347,0,1.3,,7911,,7798,15709,1.33,1.69,31.2,29.8,9,40
11400270050,東松山鴻巣線,小八林久保田下青鳥線,鴻巣川島線,11347,0,1.9,埼玉県比企郡吉見町久保田１７３７,7720,埼玉県比企郡吉見町久保田１７３７,7821,15541,1.33,1.12,19.1,28,23.5,40
11400270060,東松山鴻巣線,鴻巣川島線,吉見町・鴻巣市境,11347,0,1.8,埼玉県比企郡吉見町久保田１７３７,7720,埼玉県比企郡吉見町久保田１７３７,7821,15541,1.33,1.12,42,39.9,23.5,40
11400270070,東松山鴻巣線,吉見町・鴻巣市境,さいたま鴻巣線,11217,0,2.5,埼玉県比企郡吉見町久保田１７３７,7720,埼玉県比企郡吉見町久保田１７３７,7821,15541,1.33,1.34,15.9,12.1,16,40
11400270080,東松山鴻巣線,さいたま鴻巣線,一般国道１７号,11217,0,0.6,埼玉県比企郡吉見町久保田１７３７,7720,埼玉県比企郡吉見町久保田１７３７,7821,15541,1.33,1.34,15.4,8.3,16,40
11400280010,青梅飯能線,青梅飯能線,下畑軍畑線,11209,0,0.3,飯能市美杉台6-6,4106,飯能市美杉台6-6,3958,8064,1.26,0.67,31.1,17.8,10.25,40
11400280020,青梅飯能線,下畑軍畑線,飯能下名栗線,11209,0,2.7,飯能市美杉台6-6,4106,飯能市美杉台6-6,3958,8064,1.26,0.67,34.2,38.2,10.25,40
11400280030,青梅飯能線,飯能下名栗線,二本木飯能線,11209,0,1.1,飯能市美杉台6-6,4106,飯能市美杉台6-6,3958,8064,1.26,0.67,18.4,18.6,10.25,40
11400280040,青梅飯能線,二本木飯能線,一般国道２９９号,11209,0,0.4,飯能市美杉台6-6,4106,飯能市美杉台6-6,3958,8064,1.26,0.67,20.1,17.5,10.25,40
11400290010,草加流山線,さいたま草加線,越谷八潮線,11221,0,1,,6455,,6712,13167,1.32,1.23,6.2,12.8,16.25,40
11400290020,草加流山線,越谷八潮線,草加市・八潮市境,11221,0,1.3,,6455,,6712,13167,1.32,1.23,11.1,13.9,16.25,40
11400290030,草加流山線,草加市・八潮市境,一般国道２９８号,11234,0,0.4,,6455,,6712,13167,1.32,0.99,10,7.6,15.75,40
11400290040,草加流山線,一般国道２９８号,平方東京線,11234,0,0.5,埼玉県八潮市八條3888,11029,埼玉県八潮市八條3888,8074,19103,1.34,1.18,13.6,6.1,15.75,40
11400290050,草加流山線,平方東京線,八潮市・三郷市境,11234,0,0.1,埼玉県八潮市八條3888,11029,埼玉県八潮市八條3888,8074,19103,1.34,1.31,13.1,5.8,6,40
11400290060,草加流山線,八潮市・三郷市境,三郷市道,11237,0,0.1,埼玉県八潮市八條3888,11029,埼玉県八潮市八條3888,8074,19103,1.34,1.31,11.2,7.4,11.75,40
11400290070,草加流山線,三郷市道,葛飾吉川松伏線,11237,0,0.8,埼玉県八潮市八條3888,11029,埼玉県八潮市八條3888,8074,19103,1.34,1.31,8.2,19.8,11.75,40
11400290080,草加流山線,葛飾吉川松伏線,三郷松伏線,11237,0,2.6,埼玉県三郷市早稲田2-8-7,9493,埼玉県三郷市早稲田2-8-7,7359,16852,1.33,1.2,16.2,18.3,11.75,40
11400290090,草加流山線,三郷松伏線,越谷流山線,11237,0,0.3,埼玉県三郷市早稲田2-8-7,9493,埼玉県三郷市早稲田2-8-7,7359,16852,1.33,1.2,17.1,3.2,11.75,40
11400290100,草加流山線,越谷流山線,草加流山線,11237,0,0.6,埼玉県三郷市早稲田2-8-7,9493,埼玉県三郷市早稲田2-8-7,7359,16852,1.33,1.2,12.7,6.5,11.75,40
11400300010,飯能寄居線,一般国道２９９号,飯能市・日高市境,11209,0,2.4,,7806,,9009,16815,1.33,1.32,20.9,29.8,16,40
11400300020,飯能寄居線,飯能市・日高市境,日高狭山線,11242,0,0.5,,7806,,9009,16815,1.33,1.56,36,34.6,10.5,50
11400300290,飯能寄居線,,川越日高線,11242,0,1,日高市上鹿山216,7734,日高市上鹿山216,7385,15119,1.3,0.93,29.5,15.2,15,50
11400300295,飯能寄居線,川越日高線,高麗川停車場線,11242,0,0.3,日高市上鹿山216,7734,日高市上鹿山216,7385,15119,1.3,0.93,8.8,19.6,15,50
11400300300,飯能寄居線,高麗川停車場線,,11242,0,0.4,日高市上鹿山216,7734,日高市上鹿山216,7385,15119,1.3,0.93,17.2,23.5,15,50
11400300400,飯能寄居線,,,11242,0,0.7,,,,,,,,32.5,27.7,15,50
11400300380,飯能寄居線,,,11242,0,0.7,日高市新堀478,8242,日高市新堀478,7432,15674,1.33,1.07,35.2,39.7,17,50
11400300430,飯能寄居線,日高川島線,,11242,0,1.7,,,,,,,,20.1,39.2,15,50
11400300075,飯能寄居線,日高川島線,飯能寄居線,11326,0,0.3,,9685,,9344,19029,1.34,1.35,21.6,12.6,18.5,50
11400300320,飯能寄居線,飯能寄居線,川越坂戸毛呂山線,11326,0,2.5,入間郡毛呂山町岩井西2-3-31,8012,入間郡毛呂山町岩井西2-3-31,8226,16238,1.33,0.98,15.3,16.8,15.25,50
11400300330,飯能寄居線,川越坂戸毛呂山線,川越越生線,11326,0,0.7,入間郡毛呂山町岩井西2-3-31,8012,入間郡毛呂山町岩井西2-3-31,8226,16238,1.33,0.98,18.4,20.5,15.25,50
11400300340,飯能寄居線,川越越生線,毛呂山町・越生町境,11326,0,0.5,,8338,,8338,16676,1.33,1.14,15.9,29.4,15.25,50
11400300345,飯能寄居線,毛呂山町・越生町境,飯能寄居線,11327,0,2,入間郡越生町西和田84-1,8467,入間郡越生町西和田84-1,8465,16932,1.33,1.23,35,30,15,50
11400300349,飯能寄居線,飯能寄居線,越生町道,11327,0,0.2,入間郡越生町西和田84-1,8467,入間郡越生町西和田84-1,8465,16932,1.33,1.13,24.1,25.5,15.25,50
11400300350,飯能寄居線,越生町道,東松山越生線,11327,0,0.3,,8338,,8338,16676,1.33,1.07,32.4,27.2,15.25,50
11400300360,飯能寄居線,東松山越生線,越生町道,11327,0,1,,8338,,8338,16676,1.33,1.07,39.5,39.1,15.25,50
11400300170,飯能寄居線,越生町道,越生町・ときがわ町境,11327,0,1.8,,9685,,9344,19029,1.34,1.38,42.8,44.3,8,40
11400300180,飯能寄居線,越生町・ときがわ町境,大野東松山線,11349,0,2.1,,5206,,5349,10555,1.3,1.08,41.1,40.7,12,40
11400300190,飯能寄居線,大野東松山線,ときがわ坂戸線,11349,0,1.6,ときがわ町本郷840-1,5278,ときがわ町本郷840-1,5139,10417,1.3,1.01,37.2,22,12.25,40
11400300200,飯能寄居線,ときがわ坂戸線,ときがわ町・小川町境,11349,0,2,ときがわ町本郷840-1,5278,ときがわ町本郷840-1,5139,10417,1.3,1.01,28.1,44.4,12.25,40
11400300210,飯能寄居線,ときがわ町・小川町境,熊谷小川秩父線,11343,0,2.1,ときがわ町本郷840-1,5278,ときがわ町本郷840-1,5139,10417,1.3,1.08,37,23.3,9.75,40
11400300220,飯能寄居線,熊谷小川秩父線,一般国道２５４号,11343,0,0.4,ときがわ町本郷840-1,5278,ときがわ町本郷840-1,5139,10417,1.3,1.08,24.3,15.5,9.75,40
11400300240,飯能寄居線,一般国道２５４号,鉢形停車場線,11408,0,0.8,寄居町大字鉢形808,4970,寄居町大字鉢形808,4972,9942,1.3,0.89,20.6,32,9.25,40
11400300250,飯能寄居線,鉢形停車場線,坂本寄居線,11408,0,0.8,寄居町大字鉢形808,4970,寄居町大字鉢形808,4972,9942,1.3,0.89,27.2,28,9.25,40
11400300260,飯能寄居線,坂本寄居線,寄居停車場線,11408,0,0.7,寄居町大字鉢形808,4970,寄居町大字鉢形808,4972,9942,1.3,0.89,20.7,19.8,9.25,40
11400300270,飯能寄居線,寄居停車場線,一般国道１４０号,11408,0,1.3,寄居町大字鉢形808,4970,寄居町大字鉢形808,4972,9942,1.3,0.89,25.6,25.1,9.25,40
11400300080,飯能寄居線,飯能寄居線,毛呂停車場鎌北湖線,11326,0,1.7,,9685,,9344,19029,1.34,1.3,11.6,36.3,8,40
11400300090,飯能寄居線,毛呂停車場鎌北湖線,毛呂停車場鎌北湖線,11326,0,0.6,,9685,,9344,19029,1.34,1.3,17.5,16.2,8,40
11400300100,飯能寄居線,毛呂停車場鎌北湖線,川越坂戸毛呂山線,11326,0,0.2,,9685,,9344,19029,1.34,1.3,13.8,12.4,8,40
11400300110,飯能寄居線,川越坂戸毛呂山線,毛呂山町・越生町境,11326,0,1,,9685,,9344,19029,1.34,1.3,24,25.7,8,40
11400300120,飯能寄居線,毛呂山町・越生町境,川越越生線,11327,0,0.2,,9685,,9344,19029,1.34,1.81,28.1,19.1,9.25,30
11400300130,飯能寄居線,川越越生線,越生停車場線,11327,0,1.5,,9685,,9344,19029,1.34,1.81,30.1,30,9.25,30
11400300140,飯能寄居線,越生停車場線,越生長沢線,11327,0,0.8,,9685,,9344,19029,1.34,1.81,27.6,28.5,9.25,30
11400410105,飯能寄居線,飯能寄居線,越生町道,11327,0,0.5,,2589,,2551,5140,1.26,1.08,16.1,24.6,3.5,40
11400610080,飯能寄居線,越生町道,飯能寄居線,11327,0,0.3,,,,,,,,14.4,20.5,5.75,40
11400310010,本庄寄居線,一般国道１７号,勅使河原本庄線,11211,0,0.6,,7252,,7029,14281,1.32,1.36,15.2,21.8,18,40
11400310020,本庄寄居線,勅使河原本庄線,本庄市道,11211,0,0.5,,7252,,7029,14281,1.32,1.36,22.8,19.6,18,40
11400310030,本庄寄居線,本庄市道,藤岡本庄線,11211,0,0.9,,7252,,7029,14281,1.32,1.36,20.1,16.2,18,40
11400310040,本庄寄居線,藤岡本庄線,花園本庄線,11211,0,1.1,,7252,,7029,14281,1.32,1.36,14.8,19.4,18,40
11400310050,本庄寄居線,花園本庄線,本庄市・美里町境,11211,0,1,,7252,,7029,14281,1.32,1.36,20.2,26.5,18,40
11400310060,本庄寄居線,本庄市・美里町境,児玉町蛭川普済寺線,11381,0,0.1,,7252,,7029,14281,1.32,1.25,24.4,20.2,11.75,40
11400310070,本庄寄居線,児玉町蛭川普済寺線,熊谷児玉線,11381,0,1.4,,3806,,3806,7612,1.29,0.83,25.2,26.4,11.75,40
11400310080,本庄寄居線,熊谷児玉線,熊谷児玉線,11381,0,0.3,,3806,,3806,7612,1.29,0.83,23.7,22.4,11.75,40
11400310090,本庄寄居線,熊谷児玉線,小前田児玉線,11381,0,4,美里町甘粕696,3256,美里町甘粕696,3382,6638,1.24,0.62,34,34.1,12,40
11302540600,本庄寄居線,小前田児玉線,一般国道２５４号,11381,0,0.6,美里町甘粕696,3256,美里町甘粕696,3382,6638,1.24,0.61,21.2,26.6,10.75,60
11400320010,鴻巣羽生線,一般国道１７号,行田蓮田線,11217,0,1.2,鴻巣市屈巣2734,4945,鴻巣市屈巣2734,5053,9998,1.3,0.89,12.7,17.4,13,40
11400320020,鴻巣羽生線,行田蓮田線,行田蓮田線,11217,0,2.5,鴻巣市屈巣2734,4945,鴻巣市屈巣2734,5053,9998,1.3,0.89,34.4,31.8,13,40
11400320030,鴻巣羽生線,行田蓮田線,騎西鴻巣線,11217,0,2.3,,2920,,3102,6022,1.27,0.64,35.8,39.1,13,40
11400320040,鴻巣羽生線,騎西鴻巣線,騎西鴻巣線,11217,0,1.7,,2920,,3102,6022,1.27,0.64,32.3,34.1,13,40
11400320050,鴻巣羽生線,騎西鴻巣線,鴻巣市・行田市境,11217,0,0.2,,2920,,3102,6022,1.27,0.64,43.2,44.4,13,40
11400320060,鴻巣羽生線,鴻巣市・行田市境,熊谷羽生線,11206,0,2.5,行田市真名板2000,4337,行田市真名板2000,4910,9247,1.3,0.9,40.1,39.2,8.75,40
11400320070,鴻巣羽生線,熊谷羽生線,行田市・羽生市境,11206,0,0,行田市真名板2000,4337,行田市真名板2000,4910,9247,1.3,0.9,10.8,19.5,8.75,40
11400320080,鴻巣羽生線,行田市・羽生市境,一般国道１２５号,11216,0,1.5,行田市真名板2000,4337,行田市真名板2000,4910,9247,1.3,0.85,26.6,18.5,9.75,40
11400320100,鴻巣羽生線,一般国道１２５号,一般国道１２２号,11216,0,0.5,羽生市小松台一丁目603-27,6854,羽生市小松台一丁目603-27,7244,14098,1.32,0.76,23.4,22.2,25,50
11400330010,東松山桶川線,東松山鴻巣線,小八林久保田下青鳥線,11347,0,1.2,,6019,,6287,12306,1.31,1.21,34.3,33,14,50
11400330020,東松山桶川線,小八林久保田下青鳥線,鴻巣川島線,11347,0,2.5,比企郡吉見町江和井278,7273,比企郡吉見町江和井278,7081,14354,1.31,1.15,28.9,35.9,10.5,50
11400330030,東松山桶川線,鴻巣川島線,吉見町・北本市境,11347,0,2.7,比企郡吉見町江和井278,7273,比企郡吉見町江和井278,7081,14354,1.31,1.15,28.9,38.4,10.5,50
11400330040,東松山桶川線,吉見町・北本市境,さいたま鴻巣線,11233,0,1.5,比企郡吉見町江和井278,7273,比企郡吉見町江和井278,7081,14354,1.31,1.21,23,18.3,12.5,50
11400330050,東松山桶川線,さいたま鴻巣線,下石戸上菖蒲線,11233,0,0.2,比企郡吉見町江和井278,7273,比企郡吉見町江和井278,7081,14354,1.31,0.55,10.3,19.9,36.75,40
11400330060,東松山桶川線,下石戸上菖蒲線,鴻巣桶川さいたま線,11233,0,3.3,桶川市上日出谷664-3,5759,桶川市上日出谷664-3,5520,11279,1.31,1,26.5,23.8,9,40
11400330070,東松山桶川線,鴻巣桶川さいたま線,一般国道１７号,11233,0,0.6,桶川市上日出谷664-3,5759,桶川市上日出谷664-3,5520,11279,1.31,1.05,13.2,17.6,19.5,50
11400340010,さいたま草加線,一般国道４６３号,さいたま市浦和区・さいたま市南区境,11107,0,1.4,さいたま市浦和区東高砂町19番地5先,6158,さいたま市浦和区東高砂町19番地5先,6565,12723,1.32,0.4,14.7,12.3,25,40
11400340020,さいたま草加線,さいたま市浦和区・さいたま市南区境,川口上尾線,11108,0,1.6,さいたま市浦和区前地3丁目10番地20先,1010,さいたま市浦和区前地3丁目10番地20先,628,1638,1.22,0.23,17.3,14.7,7,40
11400340030,さいたま草加線,川口上尾線,川口上尾線,11108,0,0.8,さいたま市南区太田窪2367番地先,9631,さいたま市南区太田窪2367番地先,10557,20188,1.35,1.5,16.8,18.6,13.8,40
11400340040,さいたま草加線,川口上尾線,,11108,0,0.3,川口市芝5062,4183,川口市芝5062,4749,8932,1.3,0.72,9.8,18.1,14.5,40
11400340050,さいたま草加線,,大間木蕨線,11203,0,1.2,埼玉県川口市芝5062,4183,埼玉県川口市芝5062,4749,8932,1.3,0.79,19.8,17,10.25,40
11400340060,さいたま草加線,大間木蕨線,一般国道２９８号,11203,0,0.2,埼玉県川口市芝5062,4183,埼玉県川口市芝5062,4749,8932,1.3,0.79,10.5,6.3,10.25,40
11400340080,さいたま草加線,一般国道２９８号,根岸本町線,11203,0,1,,12409,,12290,24699,1.36,0.94,25.8,25.3,35,40
11400340090,さいたま草加線,根岸本町線,,11203,0,0.2,埼玉県川口市新井宿700,12163,埼玉県川口市新井宿700,12156,24319,1.35,0.78,9.6,27.2,25,40
11400340100,さいたま草加線,,蕨桜町線,11203,0,1,埼玉県川口市新井宿700,12163,埼玉県川口市新井宿700,12156,24319,1.35,0.78,21.9,20.9,25,40
11400340110,さいたま草加線,蕨桜町線,一般国道１２２号,11203,0,0.7,埼玉県川口市新井宿700,12163,埼玉県川口市新井宿700,12156,24319,1.35,0.78,11.5,14.3,25,40
11400340115,さいたま草加線,一般国道１２２号,さいたま鳩ヶ谷線,11203,0,0.2,,10528,,10345,20873,1.34,0.81,17.7,15,30.5,40
11400340120,さいたま草加線,さいたま鳩ヶ谷線,,11203,0,0.9,,10528,,10345,20873,1.34,0.81,21.8,18.5,30.5,40
11400340130,さいたま草加線,,台東川口線,11203,0,0.4,,10528,,10345,20873,1.34,0.81,26.6,18.8,30.5,40
11400340140,さいたま草加線,台東川口線,,11203,0,0.2,,10528,,10345,20873,1.34,1.64,12.2,12.3,9.75,40
11400340150,さいたま草加線,,足立川口線,11203,0,0.9,,10528,,10345,20873,1.34,1.64,23.3,10.2,9.75,40
11400340160,さいたま草加線,足立川口線,吉場安行東京線,11203,0,2,,10658,,10880,21538,1.35,2.02,11.9,14.3,9.5,40
11400340170,さいたま草加線,吉場安行東京線,川口市・草加市境,11203,0,0.2,,5170,,5417,10587,1.3,1.06,12.6,10.3,12,40
11400340180,さいたま草加線,川口市・草加市境,さいたま草加線,11221,0,0.1,,5170,,5417,10587,1.3,1.05,12.7,8.9,12.25,40
11400340190,さいたま草加線,さいたま草加線,一般国道４号,11221,0,0.7,,5170,,5417,10587,1.3,0.44,19.5,11.9,23,40
11400340200,さいたま草加線,一般国道４号,草加流山線,11221,0,1.4,,5170,,5417,10587,1.3,0.99,10.2,11.2,18,40
11400340240,さいたま草加線,吉場安行東京線,川口市・草加市境,11203,0,0.3,埼玉県川口市峯520-1,4401,埼玉県川口市峯520-1,5367,9768,1.3,0.88,14.7,12.4,25,40
11400340250,さいたま草加線,川口市・草加市境,さいたま草加線,11221,0,0.1,埼玉県川口市峯520-1,4401,埼玉県川口市峯520-1,5367,9768,1.3,0.95,18.8,11.9,12.25,40
11400350010,川口上尾線,練馬川口線,川口市・蕨市境,11203,0,2,川口市芝中田2丁目23番地27先,8037,川口市芝中田2丁目23番地27先,9004,17041,1.33,1.19,14,15.1,15,40
11400350020,川口上尾線,川口市・蕨市境,蕨市・川口市境,11223,0,0.6,川口市芝中田2丁目23番地27先,8037,川口市芝中田2丁目23番地27先,9004,17041,1.33,1.19,19.6,18.4,15,40
11400350030,川口上尾線,蕨市・川口市境,蕨桜町線,11203,0,0.6,川口市芝中田2丁目23番地27先,8037,川口市芝中田2丁目23番地27先,9004,17041,1.33,1.19,21.4,13.3,20,40
11400350040,川口上尾線,蕨桜町線,大間木蕨線,11203,0,1,埼玉県川口市芝7231-4,6888,埼玉県川口市芝7231-4,6014,12902,1.32,0.7,17.9,24.3,20,40
11400350050,川口上尾線,大間木蕨線,一般国道２９８号,11203,0,0.8,埼玉県川口市芝7231-4,6888,埼玉県川口市芝7231-4,6014,12902,1.32,0.7,25,23.4,20,40
11400350060,川口上尾線,一般国道２９８号,,11203,0,0.6,埼玉県川口市芝7231-4,6888,埼玉県川口市芝7231-4,6014,12902,1.32,0.7,13,12.8,20,40
11400350070,川口上尾線,,さいたま草加線,11108,0,0.1,川口市芝7231-4,6888,川口市芝7231-4,6014,12902,1.32,0.56,16.6,18.3,16.25,40
11400350090,川口上尾線,さいたま草加線,さいたま市南区・さいたま市緑区境,11108,0,1.4,さいたま市南区太田窪4丁目15番地4先,10448,さいたま市南区太田窪4丁目15番地4先,9383,19831,1.34,1.38,21.5,15.9,13.8,40
11400350100,川口上尾線,さいたま市南区・さいたま市緑区境,一般国道４６３号,11109,0,0.5,さいたま市南区太田窪4丁目15番地4先,10448,さいたま市南区太田窪4丁目15番地4先,9383,19831,1.34,1.51,14.3,11.5,11.4,40
11400350110,川口上尾線,一般国道４６３号,一般国道４６３号,11109,0,0.2,さいたま市南区太田窪4丁目15番地4先,10448,さいたま市南区太田窪4丁目15番地4先,9383,19831,1.34,1.51,10.7,8.8,11.4,40
11400350120,川口上尾線,一般国道４６３号,さいたま市緑区・さいたま市浦和区境,11109,0,0.1,さいたま市大宮区天沼町２丁目４３８-２,6618,さいたま市大宮区天沼町２丁目４３８-２,7353,13971,1.32,1.14,7.1,14.6,11.4,40
11400350130,川口上尾線,さいたま市緑区・さいたま市浦和区境,さいたま幸手線,11107,0,1.6,さいたま市大宮区天沼町２丁目４３８-２,6618,さいたま市大宮区天沼町２丁目４３８-２,7353,13971,1.32,1.03,12.7,16.7,13.8,40
11400350140,川口上尾線,さいたま幸手線,さいたま川口線,11107,0,0.9,さいたま市大宮区天沼町２丁目４３８-２,6618,さいたま市大宮区天沼町２丁目４３８-２,7353,13971,1.32,1.03,15.2,14.1,13.8,40
11400350150,川口上尾線,さいたま川口線,さいたま市浦和区・さいたま市大宮区境,11107,0,0.3,さいたま市大宮区天沼町２丁目４３８-２,6618,さいたま市大宮区天沼町２丁目４３８-２,7353,13971,1.32,0.87,8.5,21.8,13.6,40
11400350160,川口上尾線,さいたま市浦和区・さいたま市大宮区境,さいたま北袋線,11103,0,0.2,さいたま市大宮区天沼町２丁目４３８-２,6618,さいたま市大宮区天沼町２丁目４３８-２,7353,13971,1.32,0.38,11,15.8,25,40
11400350170,川口上尾線,さいたま北袋線,さいたま市大宮区・さいたま市浦和区境,11103,0,0.1,さいたま市大宮区天沼町２丁目４３８-２,6618,さいたま市大宮区天沼町２丁目４３８-２,7353,13971,1.32,0.38,13.7,27,25,40
11400350180,川口上尾線,さいたま市大宮区・さいたま市浦和区境,さいたま市浦和区・さいたま市大宮区境,11107,0,0.1,さいたま市大宮区天沼町２丁目４３８-２,6618,さいたま市大宮区天沼町２丁目４３８-２,7353,13971,1.32,0.23,21.8,29.2,25,40
11400350190,川口上尾線,さいたま市浦和区・さいたま市大宮区境,さいたまふじみ野所沢線,11103,0,0.4,さいたま市大宮区天沼町２丁目４３８-２,6618,さいたま市大宮区天沼町２丁目４３８-２,7353,13971,1.32,0.53,26.2,22.3,25,40
11400350200,川口上尾線,さいたまふじみ野所沢線,新方須賀さいたま線,11103,0,1.5,さいたま市大宮区天沼町２丁目４３８-２,6618,さいたま市大宮区天沼町２丁目４３８-２,7353,13971,1.32,1.11,15.9,14,11.2,40
11400350210,川口上尾線,新方須賀さいたま線,さいたま春日部線,11103,0,0.4,さいたま市大宮区天沼町２丁目４３８-２,6618,さいたま市大宮区天沼町２丁目４３８-２,7353,13971,1.32,1.11,8.4,9.1,11.2,40
11400350220,川口上尾線,さいたま春日部線,さいたま市大宮区・さいたま市北区境,11103,0,1.7,さいたま市大宮区堀の内町３-２?１,7532,さいたま市大宮区堀の内町３-２?１,7783,15315,1.34,1.19,15.1,21,11.2,40
11400350230,川口上尾線,さいたま市大宮区・さいたま市北区境,一般国道１６号,11102,0,3.8,さいたま市大宮区堀の内町３-２?１,7532,さいたま市大宮区堀の内町３-２?１,7783,15315,1.34,1.02,18.6,18,16,40
11400350240,川口上尾線,一般国道１６号,,11102,0,1.2,さいたま市大宮区堀の内町３-２?１,7532,さいたま市大宮区堀の内町３-２?１,7783,15315,1.34,1.02,22.7,23.9,16,40
11400350250,川口上尾線,,一般国道１７号,11219,0,0.2,,8694,,6536,15230,1.33,1.02,21,10.8,11.5,40
11400360010,保谷志木線,練馬所沢線,一般国道２５４号,11230,0,4.5,新座市道場2-18-9,7605,新座市道場2-18-9,7751,15356,1.33,1.24,15.5,16.4,14,40
11400360020,保谷志木線,一般国道２５４号,新座市・朝霞市境,11230,0,0.3,,5728,,6350,12078,1.31,1.21,14.3,9.9,8.25,40
11400360030,保谷志木線,新座市・朝霞市境,新座和光線,11227,0,0.4,,5728,,6350,12078,1.31,1.25,7.2,18.1,7,40
11400360040,保谷志木線,新座和光線,新座和光線,11227,0,0.1,,5728,,6350,12078,1.31,1.25,15.2,9.5,7,40
11400360050,保谷志木線,新座和光線,朝霞市・新座市境,11227,0,2.2,朝霞市三原1-33,4659,朝霞市三原1-33,4416,9075,1.3,0.8,19.6,20.8,8.75,40
11400360060,保谷志木線,朝霞市・新座市境,さいたま東村山線,11230,0,0,朝霞市三原1-33,4659,朝霞市三原1-33,4416,9075,1.3,0.54,17.8,14.1,13.5,40
11400360070,保谷志木線,さいたま東村山線,新座市・志木市境,11230,0,0.4,志木市本町5-17-5,5334,志木市本町5-17-5,4725,10059,1.3,0.77,18.7,17.4,18.5,40
11400360080,保谷志木線,新座市・志木市境,和光志木線,11228,0,0.8,志木市本町5-17-5,5334,志木市本町5-17-5,4725,10059,1.3,0.77,18.1,10.4,16,40
11400360090,保谷志木線,和光志木線,志木停車場線,11228,0,0.1,志木市本町5-17-5,5334,志木市本町5-17-5,4725,10059,1.3,0.77,11.7,7.4,16,40
11400360100,保谷志木線,志木停車場線,川越新座線,11228,0,0.6,志木市本町5-17-5,5334,志木市本町5-17-5,4725,10059,1.3,0.77,8.8,7.8,16,40
11400360110,保谷志木線,川越新座線,ふじみ野朝霞線,11228,0,0.1,志木市上宗岡5-10-7,4742,志木市上宗岡5-10-7,4926,9668,1.3,0.85,9.2,9,16,40
11400360120,保谷志木線,ふじみ野朝霞線,さいたま東村山線,11228,0,0.3,志木市上宗岡5-10-7,4742,志木市上宗岡5-10-7,4926,9668,1.3,0.85,8.2,17.5,16,40
11400360130,保谷志木線,さいたま東村山線,宗岡さいたま線,11228,0,1,志木市上宗岡5-10-7,4742,志木市上宗岡5-10-7,4926,9668,1.3,0.85,11.6,19.1,16,40
11400360140,保谷志木線,宗岡さいたま線,一般国道４６３号,11228,0,0.4,志木市上宗岡5-10-7,4742,志木市上宗岡5-10-7,4926,9668,1.3,0.85,21.2,8.5,16,40
11400370010,皆野両神荒川線,一般国道１４０号,親鼻停車場線,11362,0,0.4,皆野町皆野2367-1,2725,皆野町皆野2367-1,2945,5670,1.26,0.5,18.7,35.5,8.25,40
11400370020,皆野両神荒川線,親鼻停車場線,皆野荒川線,11362,0,1.1,皆野町皆野2367-1,2725,皆野町皆野2367-1,2945,5670,1.26,0.5,29.3,25.8,8.25,40
11400370030,皆野両神荒川線,皆野荒川線,秩父児玉線,11362,0,1.4,,2074,,1880,3954,1.23,0.47,23,22.3,10.5,40
11400370040,皆野両神荒川線,秩父児玉線,秩父児玉線,11362,0,1.3,,2074,,1880,3954,1.23,0.47,29.8,29.6,10.5,40
11400370050,皆野両神荒川線,秩父児玉線,皆野町・秩父市境,11362,0,2.8,秩父市下吉田7358-2,1991,秩父市下吉田7358-2,2096,4087,1.24,0.45,39,38.1,10.5,40
11400370060,皆野両神荒川線,皆野町・秩父市境,吉田久長秩父線,11207,0,0.7,秩父市下吉田7358-2,1991,秩父市下吉田7358-2,2096,4087,1.24,0.44,34,34.7,10.75,40
11400370070,皆野両神荒川線,吉田久長秩父線,秩父市道,11207,0,2.1,秩父市下吉田7358-2,1991,秩父市下吉田7358-2,2096,4087,1.24,0.44,37.3,35.5,10.75,40
11400370080,皆野両神荒川線,秩父市道,石間下吉田線,11207,0,3.1,秩父市下吉田7358-2,1991,秩父市下吉田7358-2,2096,4087,1.24,0.51,49.8,48.3,12,40
11400370090,皆野両神荒川線,石間下吉田線,高崎神流秩父線,11207,0,1.2,秩父市下吉田7358-2,1991,秩父市下吉田7358-2,2096,4087,1.24,0.51,49,44.2,12,40
11400370100,皆野両神荒川線,高崎神流秩父線,秩父市・小鹿野町境,11207,0,1.6,秩父市下吉田7358-2,1991,秩父市下吉田7358-2,2096,4087,1.24,0.51,34.7,45.7,12,40
11400370110,皆野両神荒川線,秩父市・小鹿野町境,一般国道２９９号,11365,0,0.4,秩父市下吉田7358-2,1991,秩父市下吉田7358-2,2096,4087,1.24,0.41,38.2,25.2,10.25,40
11400370120,皆野両神荒川線,一般国道２９９号,小鹿野町道,11365,0,1,小鹿野町両神薄2331-3,1933,小鹿野町両神薄2331-3,1830,3763,1.23,0.69,38.7,43.9,11,40
11400370130,皆野両神荒川線,小鹿野町道,両神小鹿野線,11365,0,1.1,小鹿野町両神薄2331-3,1933,小鹿野町両神薄2331-3,1830,3763,1.23,0.69,41.7,43.9,11,40
11400370140,皆野両神荒川線,両神小鹿野線,薄小森線,11365,0,2.2,小鹿野町両神薄2331-3,1933,小鹿野町両神薄2331-3,1830,3763,1.23,0.69,35.4,38.3,11,40
11400370150,皆野両神荒川線,薄小森線,小鹿野町・秩父市境,11365,0,2.5,,1695,,1599,3294,1.23,0.44,37,34.9,10.75,30
11400370155,皆野両神荒川線,小鹿野町・秩父市境,（旧）皆野両神荒川線,11207,0,2.2,,1695,,1599,3294,1.23,0.61,44.2,42.3,5.5,30
11400370230,皆野両神荒川線,（旧）皆野両神荒川線,一般国道１４０号,11207,0,0.7,,,,,,,,38.8,29.6,10.75,30
11301250340,加須鴻巣線,一般国道１２２号,礼羽騎西線,11210,0,2.5,加須市愛宕1-6-48,8997,加須市愛宕1-6-48,8760,17757,1.33,1.22,36.9,33.6,16,50
11301250330,加須鴻巣線,礼羽騎西線,加須停車場線,11210,0,0.4,加須市愛宕1-6-48,8997,加須市愛宕1-6-48,8760,17757,1.33,1.22,25.6,18.1,16,50
11301250320,加須鴻巣線,加須停車場線,加須羽生線,11210,0,0.5,加須市愛宕1-6-48,8997,加須市愛宕1-6-48,8760,17757,1.33,1.22,24.1,24,16,50
11301250310,加須鴻巣線,加須羽生線,加須停車場線,11210,0,0.6,加須市愛宕1-6-48,8997,加須市愛宕1-6-48,8760,17757,1.33,1.22,22,25.1,16,50
11400380010,加須鴻巣線,,加須停車場線,11210,0,0.4,加須市上高柳521-1,4920,加須市上高柳521-1,4595,9515,1.29,0.7,11,14.1,18,40
11400380020,加須鴻巣線,加須停車場線,加須幸手線,11210,0,0.2,加須市上高柳521-1,4920,加須市上高柳521-1,4595,9515,1.29,0.7,13.5,15.3,18,40
11400380025,加須鴻巣線,加須幸手線,久喜騎西線(下高柳バイパス),11210,0,1.2,加須市上高柳521-1,4920,加須市上高柳521-1,4595,9515,1.29,0.7,16,17.8,18,40
11400380030,加須鴻巣線,久喜騎西線(下高柳バイパス),久喜騎西線,11210,0,0.9,加須市上高柳521-1,4920,加須市上高柳521-1,4595,9515,1.29,0.7,33.6,30.3,18,40
11400380040,加須鴻巣線,久喜騎西線,一般国道１２２号,11210,0,1.7,加須市上高柳521-1,4920,加須市上高柳521-1,4595,9515,1.29,0.7,27.5,26.9,18,40
11400380060,加須鴻巣線,一般国道１２２号,北根菖蒲線,11210,0,1.9,加須市上種足2043,5871,加須市上種足2043,5806,11677,1.31,1.18,26.4,35.9,9.25,40
11400380070,加須鴻巣線,北根菖蒲線,加須市・鴻巣市境,11210,0,1.1,加須市上種足2043,5871,加須市上種足2043,5806,11677,1.31,1.18,26.9,27,9.25,40
11400380080,加須鴻巣線,加須市・鴻巣市境,行田蓮田線,11217,0,1.8,加須市上種足2043,5871,加須市上種足2043,5806,11677,1.31,1.09,41.2,35.3,12,40
11400380090,加須鴻巣線,行田蓮田線,一般国道１７号,11217,0,2.6,加須市上種足2043,5871,加須市上種足2043,5806,11677,1.31,1.09,26,14.8,12,40
11400390010,川越坂戸毛呂山線,一般国道１６号,川越日高線,11201,0,2,,5936,,4168,10104,1.3,0.95,14.3,15.8,8.25,40
11400390030,川越坂戸毛呂山線,川越日高線,川越栗橋線,11201,0,0.7,,11045,,10605,21650,1.35,1.91,11.4,11.5,6.5,40
11400390040,川越坂戸毛呂山線,川越栗橋線,片柳川越線,11201,0,1.2,,11045,,10605,21650,1.35,1.91,12.6,13.1,6.5,40
11400390050,川越坂戸毛呂山線,片柳川越線,川越北環状線,11201,0,0.5,,11045,,10605,21650,1.35,1.91,11.1,16.2,6.5,40
11400390060,川越坂戸毛呂山線,川越北環状線,鯨井狭山線,11201,0,2.1,,11045,,10605,21650,1.35,1.91,16.3,23.3,6.5,40
11400390070,川越坂戸毛呂山線,鯨井狭山線,川越市・鶴ヶ島市境,11201,0,1.7,鶴ヶ島市五味ヶ谷１,7664,鶴ヶ島市五味ヶ谷１,7253,14917,1.32,1.3,21,18.9,8.25,40
11400390075,川越坂戸毛呂山線,川越市・鶴ヶ島市境,鶴ヶ島市道,11241,0,0.6,鶴ヶ島市五味ヶ谷１,7664,鶴ヶ島市五味ヶ谷１,7253,14917,1.32,1.3,15.9,12.4,8.75,40
11400390190,川越坂戸毛呂山線,鶴ヶ島市道,鶴ヶ島市・坂戸市境,11241,0,1.4,,6204,,6636,12840,1.32,0.8,16,17,18,40
11400390200,川越坂戸毛呂山線,鶴ヶ島市・坂戸市境,一般国道４０７号,11239,0,1.2,,6204,,6636,12840,1.32,0.88,17.9,12.7,18,40
11400390210,川越坂戸毛呂山線,一般国道４０７号,日高川島線,11239,0,0.8,,6204,,6636,12840,1.32,0.88,13.8,18.7,18,40
11400390215,川越坂戸毛呂山線,日高川島線,坂戸市道,11239,0,1.5,,6204,,6636,12840,1.32,0.88,12.4,14.3,18,40
11400390220,川越坂戸毛呂山線,坂戸市道,ときがわ坂戸線,11239,0,2.1,,6204,,6636,12840,1.32,0.88,21.5,25.6,18,40
11400390230,川越坂戸毛呂山線,ときがわ坂戸線,坂戸市道,11239,0,0.3,,6204,,6636,12840,1.32,0.88,24.5,28.6,18,40
11400390130,川越坂戸毛呂山線,川越坂戸毛呂山線,坂戸市・毛呂山町境,11239,0,0.5,,5740,,4500,10240,1.3,0.77,29.2,30.9,9.75,40
11400390140,川越坂戸毛呂山線,坂戸市・毛呂山町境,川越越生線,11326,0,2,,6142,,5817,11959,1.31,1,31.1,17.4,8.5,40
11400390150,川越坂戸毛呂山線,川越越生線,川越越生線,11326,0,1.5,,6142,,5817,11959,1.31,1,21.2,22.4,8.5,40
11400390160,川越坂戸毛呂山線,川越越生線,飯能寄居線,11326,0,0.8,,6142,,5817,11959,1.31,1,15.8,16.2,8.5,40
11400390170,川越坂戸毛呂山線,飯能寄居線,飯能寄居線,11326,0,0.8,,6142,,5817,11959,1.31,1,13.7,18.5,8.5,40
11400400010,さいたま東村山線,一般国道１７号,さいたま市南区・さいたま市桜区境,11108,0,1.3,さいたま市南区関2丁目6番地1先,4270,さいたま市南区関2丁目6番地1先,4088,8358,1.3,0.67,16.4,17.3,12.5,40
11400400020,さいたま東村山線,さいたま市南区・さいたま市桜区境,朝霞蕨線,11106,0,0.4,さいたま市南区関2丁目6番地1先,4270,さいたま市南区関2丁目6番地1先,4088,8358,1.3,0.54,16.3,8.9,12.5,40
11400400030,さいたま東村山線,朝霞蕨線,大谷本郷さいたま線,11106,0,0.1,さいたま市南区関2丁目6番地1先,4270,さいたま市南区関2丁目6番地1先,4088,8358,1.3,0.67,10.6,10.5,12.5,40
11400400040,さいたま東村山線,大谷本郷さいたま線,一般国道１７号,11106,0,0.5,さいたま市南区関2丁目6番地1先,4270,さいたま市南区関2丁目6番地1先,4088,8358,1.3,0.67,11.1,15.1,12.5,40
11400400050,さいたま東村山線,一般国道１７号,,11106,0,2.1,さいたま市桜区田島9-30,8703,さいたま市桜区田島9-30,10698,19401,1.4,1.44,13.4,12.6,12.5,40
11400400060,さいたま東村山線,,朝霞蕨線,11228,0,0.3,志木市中宗岡3-1-1,4969,志木市中宗岡3-1-1,5575,10544,1.3,1.05,15.4,14.5,10,40
11400400070,さいたま東村山線,朝霞蕨線,保谷志木線,11228,0,2,志木市中宗岡3-1-1,4969,志木市中宗岡3-1-1,5575,10544,1.3,1.05,14.2,16.6,10,40
11400400090,さいたま東村山線,保谷志木線,新座和光線,11230,0,2.8,,4571,,4149,8720,1.3,0.77,16.1,14.9,18,40
11400400100,さいたま東村山線,新座和光線,一般国道２５４号,11230,0,0.5,,4571,,4149,8720,1.3,0.77,11.2,4.7,18,40
11400400110,さいたま東村山線,一般国道２５４号,さいたま東村山線,11230,0,2,埼玉県新座市あたご2-3-45,7549,埼玉県新座市あたご2-3-45,7978,15527,1.52,1.01,8.7,14.2,18,40
11400410010,東松山越生線,行田東松山線,深谷東松山線,11212,0,0.5,鳩山町奥田501-4,2920,鳩山町奥田501-4,2828,5748,1.26,0.57,14.1,18.6,11.5,40
11400410020,東松山越生線,深谷東松山線,一般国道２５４号,11212,0,1.4,鳩山町奥田501-4,2920,鳩山町奥田501-4,2828,5748,1.26,0.57,13.9,17.4,11.5,40
11400410030,東松山越生線,一般国道２５４号,小八林久保田下青鳥線,11212,0,0.3,鳩山町奥田501-4,2920,鳩山町奥田501-4,2828,5748,1.26,0.57,14,19.4,11.5,40
11400410040,東松山越生線,小八林久保田下青鳥線,高坂上唐子線,11212,0,0.8,鳩山町奥田501-4,2920,鳩山町奥田501-4,2828,5748,1.26,0.57,21.6,19.8,11.5,40
11400410050,東松山越生線,高坂上唐子線,高坂上唐子線,11212,0,0.8,鳩山町奥田501-4,2920,鳩山町奥田501-4,2828,5748,1.26,0.57,17.3,17,11.5,40
11400410060,東松山越生線,高坂上唐子線,東松山市・鳩山町境,11212,0,4.5,鳩山町奥田501-4,2920,鳩山町奥田501-4,2828,5748,1.26,0.57,44.5,45.5,11.5,40
11400410070,東松山越生線,東松山市・鳩山町境,ときがわ坂戸線,11348,0,2.1,鳩山町奥田501-4,2920,鳩山町奥田501-4,2828,5748,1.26,0.59,45.9,32.5,12,40
11400410080,東松山越生線,ときがわ坂戸線,ときがわ坂戸線,11348,0,0.9,鳩山町奥田501-4,2920,鳩山町奥田501-4,2828,5748,1.26,0.59,16.6,18.8,12,40
11400410090,東松山越生線,ときがわ坂戸線,鳩山町・越生町境,11348,0,2.7,,2589,,2551,5140,1.26,0.59,42.3,46.2,12.25,40
11400410100,東松山越生線,鳩山町・越生町境,飯能寄居線,11327,0,1.2,,2589,,2551,5140,1.26,0.59,45.6,37.6,10.25,40
11400420010,松伏春日部関宿線,越谷野田線,野田岩槻線,11465,0,2.4,,3958,,4723,8681,1.36,0.92,13.8,28.1,9,40
11400420020,松伏春日部関宿線,野田岩槻線,松伏町・春日部市境,11465,0,1.6,,3958,,4723,8681,1.36,0.92,37.1,46.4,9,40
11400420030,松伏春日部関宿線,松伏町・春日部市境,春日部市道,11214,0,3.8,,3958,,4723,8681,1.36,0.86,21.9,22.2,11.5,40
11400420040,松伏春日部関宿線,春日部市道,西金野井春日部線,11214,0,0.4,北葛飾郡杉戸町椿113,3311,北葛飾郡杉戸町椿113,3505,6816,1.29,0.82,23.2,24.4,10.75,40
11400420050,松伏春日部関宿線,西金野井春日部線,西宝珠花春日部線,11214,0,1.9,北葛飾郡杉戸町椿113,3311,北葛飾郡杉戸町椿113,3505,6816,1.29,0.82,35.6,35.9,10.75,40
11400420060,松伏春日部関宿線,西宝珠花春日部線,春日部市・杉戸町境,11214,0,2.3,北葛飾郡杉戸町椿113,3311,北葛飾郡杉戸町椿113,3505,6816,1.29,0.82,43,43.6,10.75,40
11400420070,松伏春日部関宿線,春日部市・杉戸町境,次木杉戸線,11464,0,0.7,北葛飾郡杉戸町椿113,3311,北葛飾郡杉戸町椿113,3505,6816,1.29,0.81,37.6,33.7,10.5,40
11400420080,松伏春日部関宿線,次木杉戸線,西宝珠花屏風線,11464,0,0.8,,5831,,4836,10667,1.3,0.97,38,30,10.5,40
11400420090,松伏春日部関宿線,西宝珠花屏風線,杉戸町・幸手市境,11464,0,0.8,,5831,,4836,10667,1.3,0.97,38.6,26.8,10.5,40
11400420100,松伏春日部関宿線,杉戸町・幸手市境,惣新田春日部線,11240,0,0.1,,5831,,4836,10667,1.3,0.87,26.6,16.6,10.25,40
11400420110,松伏春日部関宿線,惣新田春日部線,松伏春日部関宿線,11240,0,3.7,幸手市惣新田3822,1772,幸手市惣新田3822,2093,3865,1.23,0.62,45.5,42.8,9.75,40
11400420120,松伏春日部関宿線,松伏春日部関宿線,境杉戸線,11240,0,0.1,幸手市惣新田3822,1772,幸手市惣新田3822,2093,3865,1.23,0.62,14.1,13.5,9.75,40
11400420140,松伏春日部関宿線,松伏春日部関宿線,西関宿栗橋線,11240,0,0.3,,3776,,3856,7632,1.29,0.7,22.4,22.9,13,40
11400430010,皆野荒川線,皆野両神荒川線,皆野停車場線,11362,0,0.3,秩父市小柱131-3,4775,秩父市小柱131-3,4984,9759,1.3,1.66,18.4,23,7.25,40
11400430020,皆野荒川線,皆野停車場線,皆野停車場線,11362,0,0.1,秩父市小柱131-3,4775,秩父市小柱131-3,4984,9759,1.3,1.66,8.6,19.1,7.25,40
11400430030,皆野荒川線,皆野停車場線,皆野町・秩父市境,11362,0,0.8,秩父市小柱131-3,4775,秩父市小柱131-3,4984,9759,1.3,1.66,18.7,25.1,7.25,40
11400430040,皆野荒川線,皆野町・秩父市境,秩父児玉線,11207,0,0.1,秩父市小柱131-3,4775,秩父市小柱131-3,4984,9759,1.3,1.29,33.7,9.1,5.5,30
11400430050,皆野荒川線,秩父児玉線,秩父児玉線,11207,0,0.3,秩父市小柱131-3,4775,秩父市小柱131-3,4984,9759,1.3,1.14,22.3,19.5,13,40
11400430060,皆野荒川線,秩父児玉線,吉田久長秩父線,11207,0,3.5,秩父市小柱131-3,4775,秩父市小柱131-3,4984,9759,1.3,1.85,39.5,42.1,4.5,30
11400430070,皆野荒川線,吉田久長秩父線,秩父市・小鹿野町境,11207,0,2.9,秩父市小柱131-3,4775,秩父市小柱131-3,4984,9759,1.3,1.85,36.8,38.5,4.5,30
11400430080,皆野荒川線,秩父市・小鹿野町境,一般国道２９９号,11365,0,1.3,秩父市小柱131-3,4775,秩父市小柱131-3,4984,9759,1.3,1.78,32.4,33.3,4.75,30
11400430090,皆野荒川線,一般国道２９９号,小鹿野影森停車場線,11365,0,2.1,秩父市小柱131-3,4775,秩父市小柱131-3,4984,9759,1.3,1.78,36.9,35.3,4.75,30
11400430100,皆野荒川線,小鹿野影森停車場線,小鹿野影森停車場線,11365,0,1.4,小鹿野町般若898-2,2680,小鹿野町般若898-2,2664,5344,1.25,0.67,36.2,37.3,8.25,40
11400430110,皆野荒川線,小鹿野影森停車場線,小鹿野町・秩父市境,11365,0,2.6,小鹿野町般若898-2,2680,小鹿野町般若898-2,2664,5344,1.25,0.67,44.6,43.2,8.25,40
11400430120,皆野荒川線,小鹿野町・秩父市境,一般国道１４０号,11207,0,2.5,小鹿野町般若898-2,2680,小鹿野町般若898-2,2664,5344,1.25,1.02,32.9,32.9,4.25,40
11400440010,秩父児玉線,一般国道２９９号,秩父市道,11207,0,3.2,,6996,,6661,13657,1.32,0.96,35.4,35.8,10.75,40
11400440020,秩父児玉線,秩父市道,,11207,0,1,秩父市寺尾548,6423,秩父市寺尾548,6152,12575,1.33,0.85,28.1,38,10.75,40
11400440030,秩父児玉線,,一般国道１４０号,11207,0,0.4,秩父市寺尾548,6423,秩父市寺尾548,6152,12575,1.33,0.85,35,18.4,10.75,40
11400440040,秩父児玉線,一般国道１４０号,,11207,0,0.4,秩父市寺尾548,6423,秩父市寺尾548,6152,12575,1.33,0.85,17,27,10.75,40
11400440050,秩父児玉線,,皆野荒川線,11207,0,0.3,秩父市寺尾548,6423,秩父市寺尾548,6152,12575,1.33,0.85,41.4,27.4,10.75,40
11400440070,秩父児玉線,皆野荒川線,秩父市・皆野町境,11207,0,0.1,,7229,,6870,14099,1.32,1.24,19.2,39.3,15.5,40
11400440080,秩父児玉線,秩父市・皆野町境,皆野両神荒川線,11362,0,0.3,,7229,,6870,14099,1.32,1.22,29.9,29.8,7.5,40
11400440100,秩父児玉線,皆野両神荒川線,下日野沢東門平吉田線,11362,0,1.6,,3245,,3077,6322,1.27,0.63,35,38.9,10.25,40
11400440110,秩父児玉線,下日野沢東門平吉田線,前橋長瀞線,11362,0,3.9,,3245,,3077,6322,1.27,0.63,33.8,38.6,10.25,40
11400440125,秩父児玉線,前橋長瀞線,本庄市道,11211,0,8.9,本庄市児玉町太駄34-1,2118,本庄市児玉町太駄34-1,2247,4365,1.24,0.56,45.7,45.6,14,40
11400440220,秩父児玉線,本庄市道,一般国道４６２号,11211,0,0.9,本庄市児玉町八幡山523,3723,本庄市児玉町八幡山523,3464,7187,1.29,0.56,29.8,30.3,18,40
11400440200,秩父児玉線,一般国道４６２号,秩父児玉線,11211,0,0.7,本庄市児玉町八幡山523,3723,本庄市児玉町八幡山523,3464,7187,1.29,0.57,28.6,28.3,18,50
11400440180,秩父児玉線,秩父児玉線,一般国道４６２号,11211,0,0.8,本庄市児玉町八幡山523,3723,本庄市児玉町八幡山523,3464,7187,1.29,0.57,25.5,29.2,18,50
11400450010,本庄妻沼線,一般国道１７号,本庄市・深谷市境,11211,0,1.3,,3519,,3270,6789,1.28,0.7,24.8,33.8,12.5,40
11400450020,本庄妻沼線,本庄市・深谷市境,深谷市・本庄市境,11218,0,0.1,,3519,,3270,6789,1.28,0.75,46.9,49.6,12.5,40
11400450030,本庄妻沼線,深谷市・本庄市境,中瀬牧西線,11211,0,0.2,,3519,,3270,6789,1.28,0.69,35.7,31.3,8.75,40
11400450040,本庄妻沼線,中瀬牧西線,新野岡部停車場線,11211,0,1.4,,3519,,3270,6789,1.28,0.69,36.2,37.8,8.75,40
11400450050,本庄妻沼線,新野岡部停車場線,本庄市・深谷市境,11211,0,0.2,,3519,,3270,6789,1.28,0.69,26,34.6,8.75,40
11400450060,本庄妻沼線,本庄市・深谷市境,中瀬普済寺線,11218,0,1,,3519,,3270,6789,1.28,0.6,44.3,41.9,7.75,40
11400450070,本庄妻沼線,中瀬普済寺線,伊勢崎深谷線,11218,0,1.5,,3519,,3270,6789,1.28,0.6,38.8,34.5,7.75,40
11400450080,本庄妻沼線,伊勢崎深谷線,成塚中瀬線,11218,0,1.8,,3519,,3270,6789,1.28,0.6,32.5,36,7.75,40
11400450090,本庄妻沼線,成塚中瀬線,由良深谷線,11218,0,1,深谷市江原６９,3563,深谷市江原６９,3389,6952,1.28,0.77,43.4,43.8,12.25,40
11400450100,本庄妻沼線,由良深谷線,由良深谷線,11218,0,0.3,深谷市江原６９,3563,深谷市江原６９,3389,6952,1.28,0.77,28.1,14.1,12.25,40
11400450110,本庄妻沼線,由良深谷線,深谷市・熊谷市境,11218,0,3,深谷市江原６９,3563,深谷市江原６９,3389,6952,1.28,0.77,35.3,40,12.25,40
11400450120,本庄妻沼線,深谷市・熊谷市境,新堀尾島線,11202,0,0.5,深谷市江原６９,3563,深谷市江原６９,3389,6952,1.28,0.97,39.5,31.4,6,40
11400450130,本庄妻沼線,新堀尾島線,深谷飯塚線,11202,0,1.6,深谷市江原６９,3563,深谷市江原６９,3389,6952,1.28,0.97,43.1,42.5,6,40
11400450140,本庄妻沼線,深谷飯塚線,新堀尾島線,11202,0,0.9,深谷市江原６９,3563,深谷市江原６９,3389,6952,1.28,0.97,30.5,29,6,40
11400450150,本庄妻沼線,新堀尾島線,一般国道４０７号,11202,0,0.3,深谷市江原６９,3563,深谷市江原６９,3389,6952,1.28,0.97,22.5,9.8,6,40
11400460020,加須北川辺線,一般国道１２５号,羽生栗橋線,11210,0,3,加須市下三俣1044,4886,加須市下三俣1044,4646,9532,1.3,0.88,34.2,37.5,12,40
11400460030,加須北川辺線,羽生栗橋線,羽生外野栗橋線,11210,0,2.7,加須市下三俣1044,4886,加須市下三俣1044,4646,9532,1.3,0.88,36.2,35.2,12,40
11400460040,加須北川辺線,羽生外野栗橋線,麦倉川俣停車場線,11210,0,3,加須市佐波258-1,11336,加須市佐波258-1,10926,22262,1.35,1.93,20.7,31.9,9,50
11400460050,加須北川辺線,麦倉川俣停車場線,一般国道３５４号,11210,0,1.2,加須市佐波258-1,11336,加須市佐波258-1,10926,22262,1.35,1.93,39.5,40.8,9,50
11303540040,加須北川辺線,一般国道３５４号,佐野古河線,11210,0,0.8,,4630,,4592,9222,1.3,0.87,35.8,30.4,12.5,40
11400470010,深谷東松山線,一般国道１７号,深谷寄居線,11218,0,0.2,熊谷市新堀新田６２１,6966,熊谷市新堀新田６２１,6796,13762,1.32,1.14,7.4,11.2,16,40
11400470020,深谷東松山線,深谷寄居線,深谷嵐山線,11218,0,0.2,熊谷市新堀新田６２１,6966,熊谷市新堀新田６２１,6796,13762,1.32,1.14,9.5,11.9,16,40
11400470030,深谷東松山線,深谷嵐山線,深谷市・熊谷市境,11218,0,4,熊谷市新堀新田６２１,6966,熊谷市新堀新田６２１,6796,13762,1.32,1.14,20.7,21.5,16,40
11400470040,深谷東松山線,深谷市・熊谷市境,美土里町新堀線,11202,0,1,熊谷市新堀新田６２１,6966,熊谷市新堀新田６２１,6796,13762,1.32,1.11,16.7,15.3,10.5,40
11400470050,深谷東松山線,美土里町新堀線,熊谷児玉線,11202,0,0.4,熊谷市新堀新田６２１,6966,熊谷市新堀新田６２１,6796,13762,1.32,1.11,23.4,20,10.5,40
11400470060,深谷東松山線,熊谷児玉線,一般国道１４０号,11202,0,2,熊谷市新堀新田６２１,6966,熊谷市新堀新田６２１,6796,13762,1.32,1.11,20.7,18.2,10.5,40
11400470070,深谷東松山線,一般国道１４０号,一般国道１４０号,11202,0,0.4,熊谷市新堀新田６２１,6966,熊谷市新堀新田６２１,6796,13762,1.32,1.11,16.7,15.9,10.5,40
11400470080,深谷東松山線,一般国道１４０号,熊谷寄居線,11202,0,1.7,熊谷市新堀新田６２１,6966,熊谷市新堀新田６２１,6796,13762,1.32,1.11,23.5,20.3,10.5,40
11400470090,深谷東松山線,熊谷寄居線,小江川本田線,11202,0,2.1,,4360,,4572,8932,1.3,0.83,22.9,35.8,12,40
11400470100,深谷東松山線,小江川本田線,熊谷小川秩父線,11202,0,0.1,,4360,,4572,8932,1.3,0.83,21.5,20.2,12,40
11400470110,深谷東松山線,熊谷小川秩父線,熊谷市・滑川町境,11202,0,2.8,,4360,,4572,8932,1.3,0.83,42.4,44.9,12,40
11400470120,深谷東松山線,熊谷市・滑川町境,ときがわ熊谷線,11341,0,3.3,,4360,,4572,8932,1.3,0.83,40.2,39.2,9,40
11400470130,深谷東松山線,ときがわ熊谷線,ときがわ熊谷線,11341,0,0.5,滑川町羽尾2573-3,9813,滑川町羽尾2573-3,9235,19048,1.37,1.22,27.2,19.1,12,40
11400470140,深谷東松山線,ときがわ熊谷線,森林公園停車場武蔵丘陵森林公園線,11341,0,0.6,滑川町羽尾2573-3,9813,滑川町羽尾2573-3,9235,19048,1.37,0.53,44.2,59.5,18.5,40
11400470150,深谷東松山線,森林公園停車場武蔵丘陵森林公園線,深谷東松山線,11341,0,2.5,滑川町羽尾2573-3,9813,滑川町羽尾2573-3,9235,19048,1.37,0.53,39.5,35.2,18.5,40
11400470160,深谷東松山線,深谷東松山線,森林公園停車場武蔵丘陵森林公園線,11341,0,0.1,滑川町みなみ野4丁目5-8,14110,滑川町みなみ野4丁目5-8,14074,28184,1.38,1,17.5,16,25,50
11400470170,深谷東松山線,森林公園停車場武蔵丘陵森林公園線,滑川町・東松山市境,11341,0,0.7,滑川町みなみ野4丁目5-8,14110,滑川町みなみ野4丁目5-8,14074,28184,1.38,1,29.6,26.9,25,50
11400470180,深谷東松山線,滑川町・東松山市境,深谷東松山線,11212,0,1.1,滑川町みなみ野4丁目5-8,14110,滑川町みなみ野4丁目5-8,14074,28184,1.38,0.99,27.8,25.3,25,50
11400470190,深谷東松山線,深谷東松山線,,11212,0,0.3,,5258,,5620,10878,1.31,1.73,,8.9,16.5,40
11400470210,深谷東松山線,深谷東松山線,関越自動車道,11212,0,0.2,,7036,,7517,14553,1.32,0.41,51.5,56.4,15,50
11400470230,深谷東松山線,深谷東松山線,滑川町・東松山市境,11341,0,0.6,,4247,,4438,8685,1.3,0.71,18.3,29.4,11.75,40
11400470240,深谷東松山線,滑川町・東松山市境,大谷材木町線,11212,0,1.7,,4247,,4438,8685,1.3,0.91,22.4,23.4,8.25,40
11400470250,深谷東松山線,大谷材木町線,東松山越生線,11212,0,0.5,,4247,,4438,8685,1.3,0.91,16.4,12.2,8.25,40
11400480010,越谷岩槻線,一般国道４号,,11222,0,2.9,,5800,,5820,11620,1.45,0.88,20,19,9.5,40
11400480020,越谷岩槻線,,新方須賀さいたま線,11110,0,0.9,さいたま市岩槻区飯塚２３３,5647,さいたま市岩槻区飯塚２３３,6081,11728,1.35,0.95,23,20.8,12.25,40
11400480030,越谷岩槻線,新方須賀さいたま線,新方須賀さいたま線,11110,0,0.3,さいたま市岩槻区飯塚２３３,5647,さいたま市岩槻区飯塚２３３,6081,11728,1.35,0.95,10.4,11.3,12.25,40
11400480040,越谷岩槻線,新方須賀さいたま線,蒲生岩槻線,11110,0,3.3,さいたま市岩槻区飯塚２３３,5647,さいたま市岩槻区飯塚２３３,6081,11728,1.35,0.95,29.7,22,12.25,40
11400480050,越谷岩槻線,蒲生岩槻線,一般国道１６号,11110,0,0.1,さいたま市岩槻区飯塚２３３,5647,さいたま市岩槻区飯塚２３３,6081,11728,1.35,0.95,13.1,5.8,12.25,40
11400490010,足立越谷線,足立越谷線,谷塚停車場線,11221,0,0.6,草加市吉町3-2-49,7538,草加市吉町3-2-49,7624,15162,1.33,1.28,16.5,15.8,15.75,40
11400490020,足立越谷線,谷塚停車場線,松戸草加線,11221,0,0.5,草加市吉町3-2-49,7538,草加市吉町3-2-49,7624,15162,1.33,1.28,17.2,15.5,15.75,40
11400490030,足立越谷線,松戸草加線,草加八潮三郷線,11221,0,1.1,草加市吉町3-2-49,7538,草加市吉町3-2-49,7624,15162,1.33,1.36,19.6,14.6,12.5,40
11400490040,足立越谷線,草加八潮三郷線,草加流山線,11221,0,1.1,草加市吉町3-2-49,7538,草加市吉町3-2-49,7624,15162,1.33,1.36,15.6,7.9,12.5,40
11400490050,足立越谷線,草加流山線,獨協大学前停車場線,11221,0,0.8,草加市吉町3-2-49,7538,草加市吉町3-2-49,7624,15162,1.33,1.36,7.9,19,12.5,40
11400490060,足立越谷線,獨協大学前停車場線,一般国道２９８号,11221,0,0.7,草加市吉町3-2-49,7538,草加市吉町3-2-49,7624,15162,1.33,1.36,16.5,7.3,12.5,40
11400490070,足立越谷線,一般国道２９８号,金明町鳩ヶ谷線,11221,0,0.4,埼玉県草加市金明町71,7772,埼玉県草加市金明町71,8223,15995,1.33,1.17,7.4,13.2,17.25,40
11400490080,足立越谷線,金明町鳩ヶ谷線,草加市・越谷市境,11221,0,0.5,埼玉県草加市金明町71,7772,埼玉県草加市金明町71,8223,15995,1.33,1.17,10.1,18,17.25,40
11400490090,足立越谷線,草加市・越谷市境,蒲生岩槻線,11222,0,0.8,埼玉県草加市金明町71,7772,埼玉県草加市金明町71,8223,15995,1.33,1.17,20.8,18.4,16,40
11400490095,足立越谷線,蒲生岩槻線,越谷川口線,11222,0,0.9,埼玉県草加市金明町71,7772,埼玉県草加市金明町71,8223,15995,1.33,1.17,17.1,14.1,16,40
11400490100,足立越谷線,越谷川口線,越谷流山線,11222,0,0.9,埼玉県草加市金明町71,7772,埼玉県草加市金明町71,8223,15995,1.33,1.17,9.7,11.8,16,40
11400490110,足立越谷線,越谷流山線,越谷流山線,11222,0,0.7,越谷市越ケ谷3-7-1,7800,越谷市越ケ谷3-7-1,7524,15324,1.33,1.11,17,12.8,16,40
11400490120,足立越谷線,越谷流山線,越谷停車場線,11222,0,0.3,越谷市越ケ谷3-7-1,7800,越谷市越ケ谷3-7-1,7524,15324,1.33,1.11,11.7,12.1,15,40
11400490130,足立越谷線,越谷停車場線,越谷流山線,11222,0,1,越谷市越ケ谷3-7-1,7800,越谷市越ケ谷3-7-1,7524,15324,1.33,1.11,10.9,16.4,15,40
11400490140,足立越谷線,越谷流山線,越谷野田線,11222,0,0.1,越谷市越ケ谷3-7-1,7800,越谷市越ケ谷3-7-1,7524,15324,1.33,1.11,9.3,16.1,15,40
11400490160,足立越谷線,越谷野田線,一般国道４号,11222,0,1.8,越谷市大里386,6208,越谷市大里386,5841,12049,1.32,0.86,26.8,21.5,12,40
11400500010,所沢狭山線,川越所沢線,所沢市・狭山市境,11208,0,2.3,所沢市北岩岡258番地34先,6167,所沢市北岩岡258番地34先,4907,11074,1.4,1.07,18,17.5,8.25,40
11400500020,所沢狭山線,所沢市・狭山市境,川越入間線,11215,0,1.5,所沢市北岩岡258番地34先,6167,所沢市北岩岡258番地34先,4907,11074,1.4,1,13.2,11.7,16.25,40
11400500030,所沢狭山線,川越入間線,狭山市停車場線,11215,0,2,所沢市北岩岡258番地34先,6167,所沢市北岩岡258番地34先,4907,11074,1.4,1,16,15.9,16.25,40
11400500040,所沢狭山線,狭山市停車場線,中新田入間川線,11215,0,1.3,所沢市北岩岡258番地34先,6167,所沢市北岩岡258番地34先,4907,11074,1.4,1,16.1,12.3,16.25,40
11400500050,所沢狭山線,中新田入間川線,一般国道１６号,11215,0,0.3,所沢市北岩岡258番地34先,6167,所沢市北岩岡258番地34先,4907,11074,1.4,1,14.3,6,16.25,40
11400510010,川越上尾線,川越日高線,一般国道２５４号,11201,0,1.5,川越市氷川344,5642,川越市氷川344,4962,10604,1.3,1.06,13,13.3,12,40
11400510020,川越上尾線,一般国道２５４号,平沼中老袋線,11201,0,4.7,川越市氷川344,5642,川越市氷川344,4962,10604,1.3,1.06,22.6,23.3,12,40
11400510030,川越上尾線,平沼中老袋線,川越市・上尾市境,11201,0,0.8,埼玉県上尾市平方１６９６?４,6673,埼玉県上尾市平方１６９６?４,6689,13362,1.34,1.39,17.2,26.3,12,40
11400510040,川越上尾線,川越市・上尾市境,さいたま鴻巣線,11219,0,0.4,埼玉県上尾市平方１６９６?４,6673,埼玉県上尾市平方１６９６?４,6689,13362,1.34,1.1,15.5,14.3,16,40
11400510050,川越上尾線,さいたま鴻巣線,上尾市道,11219,0,0.4,埼玉県上尾市平方１６９６?４,6673,埼玉県上尾市平方１６９６?４,6689,13362,1.34,1.37,6.7,21,17.75,40
11400510060,川越上尾線,上尾市道,さいたま鴻巣線,11219,0,0.9,埼玉県上尾市平方１６９６?４,6673,埼玉県上尾市平方１６９６?４,6689,13362,1.34,1.35,11.2,29.3,17.75,40
11400510070,川越上尾線,さいたま鴻巣線,上尾環状線,11219,0,0.6,埼玉県上尾市平方１６９６?４,6673,埼玉県上尾市平方１６９６?４,6689,13362,1.34,1.51,20.6,17.8,16,40
11400510080,川越上尾線,上尾環状線,一般国道１７号,11219,0,0.6,埼玉県上尾市平方１６９６?４,6673,埼玉県上尾市平方１６９６?４,6689,13362,1.34,1.44,20.8,18.1,16,40
11400510090,川越上尾線,一般国道１７号,大谷本郷さいたま線,11219,0,1.3,,11076,,10893,21969,1.35,1.55,18.7,15.9,16,40
11400510100,川越上尾線,大谷本郷さいたま線,鴻巣桶川さいたま線,11219,0,1.3,,11076,,10893,21969,1.35,1.55,15.8,11.8,16,40
11400510110,川越上尾線,鴻巣桶川さいたま線,一般国道１７号,11219,0,0.5,,11076,,10893,21969,1.35,1.55,10.4,8.3,16,40
11400520010,越谷流山線,一般国道４号,北越谷停車場線,11222,0,0.8,越谷市神明町2-170,4365,越谷市神明町2-170,5051,9416,1.3,0.8,16.3,15,8.25,40
11400520020,越谷流山線,北越谷停車場線,越谷流山線,11222,0,1.2,越谷市神明町2-170,4365,越谷市神明町2-170,5051,9416,1.3,0.8,16.7,18,8.25,40
11400520030,越谷流山線,越谷流山線,越谷停車場線,11222,0,0.7,越谷市神明町2-170,4365,越谷市神明町2-170,5051,9416,1.3,0.8,9,13.7,8.25,40
11400520040,越谷流山線,越谷停車場線,足立越谷線,11222,0,0.4,越谷市神明町2-170,4365,越谷市神明町2-170,5051,9416,1.3,0.8,8.2,9.9,8.25,40
11400520060,越谷流山線,足立越谷線,越谷八潮線,11222,0,0.6,越谷市相模町3-211,12794,越谷市相模町3-211,14255,27049,1.36,0.96,10.2,18.6,32,50
11400520070,越谷流山線,越谷八潮線,一般国道４号東埼玉道路,11222,0,2.4,越谷市相模町3-211,12794,越谷市相模町3-211,14255,27049,1.36,0.96,19.1,20.7,32,50
11400520080,越谷流山線,一般国道４号東埼玉道路,越谷流山線,11222,0,0.3,越谷市相模町3-211,12794,越谷市相模町3-211,14255,27049,1.36,0.96,9.6,17.2,32,50
11400520090,越谷流山線,越谷流山線,平方東京線,11222,0,0.6,,10305,,9070,19375,1.34,1.3,14,13.6,17.75,50
11400520100,越谷流山線,平方東京線,越谷市・吉川市境,11222,0,0.8,,10305,,9070,19375,1.34,1.3,19.5,7.3,17.75,50
11400520110,越谷流山線,越谷市・吉川市境,越谷流山線,11243,0,0.2,,10305,,9070,19375,1.34,1.56,26.7,8.1,14.5,50
11400520115,越谷流山線,越谷流山線,葛飾吉川松伏線,11243,0,0.5,埼玉県吉川市中曽根1598,4587,埼玉県吉川市中曽根1598,4837,9424,1.3,0.89,7.7,7.4,17,40
11400520120,越谷流山線,葛飾吉川松伏線,吉川市・三郷市境,11243,0,2.6,埼玉県吉川市中曽根1598,4587,埼玉県吉川市中曽根1598,4837,9424,1.3,0.84,18.5,25.4,11,40
11400520130,越谷流山線,吉川市・三郷市境,三郷市道,11237,0,1.7,埼玉県吉川市中曽根1598,4587,埼玉県吉川市中曽根1598,4837,9424,1.3,0.75,39,37.6,12.5,40
11400520140,越谷流山線,三郷市道,三郷松伏線,11237,0,0.6,埼玉県吉川市中曽根1598,4587,埼玉県吉川市中曽根1598,4837,9424,1.3,0.87,22.7,14.8,8,30
11400520150,越谷流山線,三郷松伏線,草加流山線,11237,0,2.1,埼玉県吉川市中曽根1598,4587,埼玉県吉川市中曽根1598,4837,9424,1.3,0.87,19.5,17.5,8,30
11400520170,越谷流山線,越谷流山線,足立越谷線,11222,0,0.2,,4085,,3939,8024,1.29,0.6,14.3,7.5,11,40
11400520190,越谷流山線,越谷流山線,平方東京線,11222,0,0.8,,7050,,7166,14216,1.32,1.11,25.7,26.8,8,40
11400520200,越谷流山線,平方東京線,越谷市・吉川市境,11222,0,0.2,,7050,,7166,14216,1.32,1.11,22.7,9.2,8,40
11400520210,越谷流山線,越谷市・吉川市境,葛飾吉川松伏線,11243,0,0.3,,7050,,7166,14216,1.32,1.52,25.9,6.2,8.75,40
11400520220,越谷流山線,葛飾吉川松伏線,加藤平沼線,11243,0,0.1,,7050,,7166,14216,1.32,1.52,13.3,15.5,8.75,40
11400520230,越谷流山線,加藤平沼線,越谷流山線,11243,0,0.4,,7050,,7166,14216,1.32,1.52,16.4,12.6,8.75,40
11400530010,青梅秩父線,青梅秩父線,飯能下名栗線,11209,0,1.8,飯能市下名栗965-1,1758,飯能市下名栗965-1,1733,3491,1.23,0.45,41,40.1,6.5,40
11400530020,青梅秩父線,飯能下名栗線,南川上名栗線,11209,0,5.9,飯能市下名栗965-1,1758,飯能市下名栗965-1,1733,3491,1.23,0.45,45.4,45,6.5,40
11400530030,青梅秩父線,南川上名栗線,秩父上名栗線,11209,0,3.3,飯能市下名栗965-1,1758,飯能市下名栗965-1,1733,3491,1.23,0.45,44.6,49.3,6.5,40
11400530040,青梅秩父線,秩父上名栗線,飯能市・横瀬町境,11209,0,6.1,飯能市下名栗965-1,1758,飯能市下名栗965-1,1733,3491,1.23,0.45,37.2,37.2,6.5,40
11400530050,青梅秩父線,飯能市・横瀬町境,一般国道２９９号,11361,0,2.9,飯能市下名栗965-1,1758,飯能市下名栗965-1,1733,3491,1.23,0.5,39.2,39.1,5.75,40
11400540010,松戸草加線,松戸草加線,一般国道２９８号,11237,0,0.3,,4566,,4473,9039,1.3,0.86,27.4,10.2,7.75,40
11400540020,松戸草加線,一般国道２９８号,三郷松伏線,11237,0,0.5,,4566,,4473,9039,1.3,0.86,12.2,14.6,7.75,40
11400540030,松戸草加線,三郷松伏線,一般国道２９８号,11237,0,0.4,,4566,,4473,9039,1.3,0.86,13.8,10.5,7.75,40
11400540170,松戸草加線,一般国道２９８号,葛飾吉川松伏線,11237,0,1.4,,,,,,,,20.3,17.6,25,40
11400540240,松戸草加線,葛飾吉川松伏線,三郷市・八潮市境,11237,0,0.2,,,,,,,,7.4,26.9,22,50
11400540190,松戸草加線,三郷市・八潮市境,松戸草加線,11234,0,1.6,,,,,,,,23.9,18.5,25,50
11400540100,松戸草加線,松戸草加線,平方東京線,11234,0,1.3,,5341,,4244,9585,1.3,0.45,17.7,20.8,22,40
11400540110,松戸草加線,平方東京線,越谷八潮線,11234,0,0.8,,5341,,4244,9585,1.3,0.45,21.4,17.9,22,40
11400540120,松戸草加線,越谷八潮線,越谷八潮線,11234,0,0.2,,5341,,4244,9585,1.3,1.04,14.9,9.1,16,40
11400540130,松戸草加線,越谷八潮線,,11234,0,1.2,,5716,,5331,11047,1.31,1.11,9.5,11,9,50
11400540140,松戸草加線,,八潮市・草加市境,11234,0,0.1,,5716,,5331,11047,1.31,1.11,18.1,18,9,50
11400540150,松戸草加線,八潮市・草加市境,足立越谷線,11221,0,0.8,,5716,,5331,11047,1.31,0.49,22.6,13.4,22,50
11400540070,松戸草加線,葛飾吉川松伏線,三郷市・八潮市境,11237,0,0.3,,6334,,7480,13814,1.48,1.1,7,6.3,7.5,40
11400540080,松戸草加線,三郷市・八潮市境,高速６号三郷線,11234,0,1.9,,6334,,7480,13814,1.48,0.96,14.8,11.9,10.5,40
11400540090,松戸草加線,高速６号三郷線,松戸草加線,11234,0,0.8,,5341,,4244,9585,1.3,0.5,19.6,10.2,25.75,50
11400550030,所沢武蔵村山立川線,東京所沢線,東京都東大和市道,11208,0,4.2,,3724,,4011,7735,1.43,0.64,17.6,21.1,8.75,40
11400550050,所沢武蔵村山立川線,東京都東大和市道,東京都東大和市道,11208,0,1.4,,3876,,3740,7616,1.4,0.9,38.3,36.2,12.25,30
11400560010,さいたまふじみ野所沢線,川口上尾線,けやき通東線,11103,0,0.3,さいたま市大宮区吉敷町4丁目107番地先,8242,さいたま市大宮区吉敷町4丁目107番地先,8334,16576,1.33,0.48,15.2,21.4,28.6,40
11400560020,さいたまふじみ野所沢線,けやき通東線,鴻巣桶川さいたま線,11103,0,0.1,さいたま市大宮区吉敷町4丁目107番地先,8242,さいたま市大宮区吉敷町4丁目107番地先,8334,16576,1.33,0.48,13,20.8,28.6,40
11400560030,さいたまふじみ野所沢線,鴻巣桶川さいたま線,さいたま市大宮区・さいたま市中央区境,11103,0,0.2,さいたま市大宮区吉敷町4丁目107番地先,8242,さいたま市大宮区吉敷町4丁目107番地先,8334,16576,1.33,0.48,29.6,47.7,28.6,40
11400560040,さいたまふじみ野所沢線,さいたま市大宮区・さいたま市中央区境,市道７１５号線,11105,0,0.1,さいたま市大宮区吉敷町4丁目107番地先,8242,さいたま市大宮区吉敷町4丁目107番地先,8334,16576,1.33,0.54,45.9,32.9,28.6,40
11400560050,さいたまふじみ野所沢線,市道７１５号線,新都心南通り線,11105,0,0.3,さいたま市大宮区吉敷町4丁目107番地先,8242,さいたま市大宮区吉敷町4丁目107番地先,8334,16576,1.33,0.54,20.8,9.3,28.6,40
11400560060,さいたまふじみ野所沢線,新都心南通り線,一般国道１７号,11105,0,0.2,さいたま市大宮区吉敷町4丁目107番地先,8242,さいたま市大宮区吉敷町4丁目107番地先,8334,16576,1.33,0.67,15.2,9.5,28.6,40
11400560080,さいたまふじみ野所沢線,一般国道１７号,さいたま市中央区・さいたま市大宮区境,11105,0,0.4,さいたま市中央区上落合8丁目10番地13先,13706,さいたま市中央区上落合8丁目10番地13先,14899,28605,1.38,1.03,11,12.3,22.2,50
11400560090,さいたまふじみ野所沢線,さいたま市中央区・さいたま市大宮区境,桜木広路線,11103,0,0.1,さいたま市中央区上落合8丁目10番地13先,13706,さいたま市中央区上落合8丁目10番地13先,14899,28605,1.38,0.96,14.1,8.9,22.2,50
11400560100,さいたまふじみ野所沢線,桜木広路線,高速埼玉新都心線,11103,0,0.1,さいたま市中央区上落合8丁目10番地13先,13706,さいたま市中央区上落合8丁目10番地13先,14899,28605,1.38,0.7,11.1,19.3,32.2,50
11400560110,さいたまふじみ野所沢線,高速埼玉新都心線,さいたま市大宮区・さいたま市中央区境,11103,0,0.6,さいたま市中央区上落合8丁目10番地13先,13706,さいたま市中央区上落合8丁目10番地13先,14899,28605,1.38,0.7,24.7,25.2,32.2,50
11400560120,さいたまふじみ野所沢線,さいたま市大宮区・さいたま市中央区境,大谷本郷さいたま線,11105,0,0.1,さいたま市中央区上落合8丁目10番地13先,13706,さいたま市中央区上落合8丁目10番地13先,14899,28605,1.38,0.79,23.3,14.2,32.2,50
11400560130,さいたまふじみ野所沢線,大谷本郷さいたま線,一般国道１７号,11105,0,0.2,さいたま市中央区上落合8丁目10番地13先,13706,さいたま市中央区上落合8丁目10番地13先,14899,28605,1.38,0.79,18.1,16.3,32.2,50
11400560150,さいたまふじみ野所沢線,一般国道１７号,さいたま市大宮区・さいたま市西区境,11103,0,0.4,さいたま市大宮区三橋4丁目23番地1先,6449,さいたま市大宮区三橋4丁目23番地1先,8385,14834,1.32,1.32,5.4,10.1,12.5,40
11400560160,さいたまふじみ野所沢線,さいたま市大宮区・さいたま市西区境,大谷本郷さいたま線,11101,0,0.7,さいたま市大宮区三橋4丁目23番地1先,6449,さいたま市大宮区三橋4丁目23番地1先,8385,14834,1.32,1.1,6,8.1,10,40
11400560170,さいたまふじみ野所沢線,大谷本郷さいたま線,さいたま鴻巣線,11101,0,0.1,さいたま市大宮区三橋4丁目23番地1先,6449,さいたま市大宮区三橋4丁目23番地1先,8385,14834,1.32,1.11,6.1,9.3,12.5,40
11400560180,さいたまふじみ野所沢線,さいたま鴻巣線,さいたま鴻巣線,11101,0,1.3,さいたま市西区飯田新田260-4,5323,さいたま市西区飯田新田260-4,5104,10427,1.38,0.66,15.7,21.6,12.5,40
11400560190,さいたまふじみ野所沢線,さいたま鴻巣線,さいたま市西区・川越市境,11101,0,2.1,さいたま市西区飯田新田260-4,5323,さいたま市西区飯田新田260-4,5104,10427,1.38,0.66,12.4,22.1,12.5,40
11400560200,さいたまふじみ野所沢線,さいたま市西区・川越市境,川越市・さいたま市西区境,11201,0,0.2,さいたま市西区飯田新田260-4,5323,さいたま市西区飯田新田260-4,5104,10427,1.38,0.6,8.4,18.6,12.5,40
11400560210,さいたまふじみ野所沢線,川越市・さいたま市西区境,,11101,0,0.9,さいたま市西区飯田新田260-4,5323,さいたま市西区飯田新田260-4,5104,10427,1.38,0.72,13.6,23.6,10.5,40
11400560220,さいたまふじみ野所沢線,,川越新座線,11235,0,0.4,,5827,,6131,11958,1.35,0.95,29.3,13,9,40
11400560230,さいたまふじみ野所沢線,川越新座線,川越新座線,11235,0,0.2,川越市古市場334,2341,川越市古市場334,2440,4781,1.25,0.59,8.4,15.9,9,40
11400560240,さいたまふじみ野所沢線,川越新座線,富士見市・川越市境,11235,0,0.2,川越市古市場334,2341,川越市古市場334,2440,4781,1.25,0.59,13.9,27.5,9,40
11400560250,さいたまふじみ野所沢線,富士見市・川越市境,一般国道２５４号,11201,0,0.9,川越市古市場334,2341,川越市古市場334,2440,4781,1.25,0.53,39.8,23,12,40
11400560260,さいたまふじみ野所沢線,一般国道２５４号,川越市・ふじみ野市境,11201,0,1.2,川越市古市場334,2341,川越市古市場334,2440,4781,1.25,0.53,26,30.9,12,40
11400560270,さいたまふじみ野所沢線,川越市・ふじみ野市境,並木川崎線,11245,0,0.2,川越市古市場334,2341,川越市古市場334,2440,4781,1.25,0.67,27.3,10.9,9.25,40
11400560280,さいたまふじみ野所沢線,並木川崎線,一般国道２５４号,11245,0,2.6,ふじみ野市清見2-1-2,5240,ふじみ野市清見2-1-2,6169,11409,1.31,1.2,11.7,12,9.25,40
11400560290,さいたまふじみ野所沢線,一般国道２５４号,狭山ふじみ野線,11245,0,1.4,,5815,,5784,11599,1.33,1.08,8.7,13.8,9,40
11400560300,さいたまふじみ野所沢線,狭山ふじみ野線,ふじみ野市・三芳町境,11245,0,0.8,,5815,,5784,11599,1.33,1.08,16.6,16.9,9,40
11400560310,さいたまふじみ野所沢線,ふじみ野市・三芳町境,三芳町道,11324,0,1.5,,5815,,5784,11599,1.33,0.9,19,12.9,18,40
11400560320,さいたまふじみ野所沢線,三芳町道,三芳富士見線,11324,0,1.1,,5815,,5784,11599,1.33,0.9,19.2,28.2,18,40
11400560330,さいたまふじみ野所沢線,三芳富士見線,三芳町・所沢市境,11324,0,1,入間郡三芳町上富1141番地先,6880,入間郡三芳町上富1141番地先,5498,12378,1.37,1.22,25.3,20.4,10,40
11400560340,さいたまふじみ野所沢線,三芳町・所沢市境,所沢堀兼狭山線,11208,0,1.2,入間郡三芳町上富1141番地先,6880,入間郡三芳町上富1141番地先,5498,12378,1.37,1.27,11.5,13.4,9.75,40
11400560350,さいたまふじみ野所沢線,所沢堀兼狭山線,一般国道４６３号,11208,0,2.5,入間郡三芳町上富1141番地先,6880,入間郡三芳町上富1141番地先,5498,12378,1.37,1.27,13.3,11.7,9.75,40
11400570010,さいたま鴻巣線,一般国道１７号,さいたま市浦和区・さいたま市中央区境,11107,0,0.4,さいたま市中央区大戸1丁目33番地12先,4552,さいたま市中央区大戸1丁目33番地12先,4363,8915,1.3,0.7,10,15.4,10.75,40
11400570020,さいたま鴻巣線,さいたま市浦和区・さいたま市中央区境,さいたま市中央区・さいたま市桜区境,11105,0,0.6,さいたま市中央区大戸1丁目33番地12先,4552,さいたま市中央区大戸1丁目33番地12先,4363,8915,1.3,0.61,19.7,23,10.75,40
11400570030,さいたま鴻巣線,さいたま市中央区・さいたま市桜区境,大谷本郷さいたま線,11106,0,0.5,さいたま市中央区大戸1丁目33番地12先,4552,さいたま市中央区大戸1丁目33番地12先,4363,8915,1.3,0.7,25.4,20.9,10.75,40
11400570040,さいたま鴻巣線,大谷本郷さいたま線,大谷本郷さいたま線,11106,0,0.5,さいたま市中央区大戸1丁目33番地12先,4552,さいたま市中央区大戸1丁目33番地12先,4363,8915,1.3,0.7,17.6,12.6,10.75,40
11400570050,さいたま鴻巣線,大谷本郷さいたま線,一般国道１７号,11106,0,0.3,さいたま市中央区大戸1丁目33番地12先,4552,さいたま市中央区大戸1丁目33番地12先,4363,8915,1.3,0.7,17.9,4.1,10.75,40
11400570060,さいたま鴻巣線,一般国道１７号,一般国道４６３号,11106,0,2.2,さいたま市桜区道場２丁目１３-６,2950,さいたま市桜区道場２丁目１３-６,3214,6164,1.32,0.59,14,11.8,12,40
11400570070,さいたま鴻巣線,一般国道４６３号,さいたま市桜区・さいたま市西区境,11106,0,2.3,さいたま市桜区在家65番地1先,6316,さいたま市桜区在家65番地1先,6369,12685,1.31,1.04,16.6,19.9,12,40
11400570080,さいたま鴻巣線,さいたま市桜区・さいたま市西区境,さいたまふじみ野所沢線,11101,0,2.6,さいたま市桜区在家65番地1先,6316,さいたま市桜区在家65番地1先,6369,12685,1.31,1.09,22.5,20.8,12,40
11400570100,さいたま鴻巣線,さいたまふじみ野所沢線,さいたま春日部線,11101,0,3.3,さいたま市西区西遊馬２７１,5132,さいたま市西区西遊馬２７１,4465,9597,1.3,1.05,19.1,18.1,11.5,40
11400570110,さいたま鴻巣線,さいたま春日部線,,11101,0,2.7,上尾市上野本郷５７３?１,4147,上尾市上野本郷５７３?１,3867,8014,1.27,1.08,18.2,19.8,11.5,40
11400570120,さいたま鴻巣線,,川越上尾線,11219,0,1.1,埼玉県上尾市上野本郷５７３?１,4261,埼玉県上尾市上野本郷５７３?１,3951,8212,1.3,0.71,25.5,7.3,7.25,40
11400570350,さいたま鴻巣線,川越上尾線,上尾市道,11219,0,0.7,,4411,,4456,8867,1.3,0.89,12.9,19.1,9,40
11400570139,さいたま鴻巣線,上尾市道,一般国道１７号,11219,0,0.8,,4411,,4456,8867,1.3,0.84,21.8,12.3,8.25,40
11400570140,さいたま鴻巣線,一般国道１７号,上尾環状線,11219,0,1.3,,4411,,4456,8867,1.3,0.84,18.1,21.9,8.25,40
11400570150,さいたま鴻巣線,上尾環状線,上尾環状線,11219,0,0.5,,4411,,4456,8867,1.3,0.84,17.3,20.1,8.25,40
11400570160,さいたま鴻巣線,上尾環状線,上尾市・桶川市境,11219,0,1.7,,5976,,5857,11833,1.31,1.37,26.3,29.1,4.5,40
11400570170,さいたま鴻巣線,上尾市・桶川市境,桶川市・上尾市境,11231,0,0.2,,5976,,5857,11833,1.31,1.09,7.9,28.5,9,40
11400570180,さいたま鴻巣線,桶川市・上尾市境,上尾市・桶川市境,11219,0,0.8,,5976,,5857,11833,1.31,0.99,27.5,27,11.5,40
11400570190,さいたま鴻巣線,上尾市・桶川市境,川越栗橋線,11231,0,0.5,,5976,,5857,11833,1.31,0.75,25.8,23.5,12,40
11400570210,さいたま鴻巣線,川越栗橋線,一般国道１７号,11231,0,1.8,,2371,,2012,4383,1.24,0.52,32.6,37.2,7.75,40
11400570230,さいたま鴻巣線,一般国道１７号,東松山桶川線,11233,0,2.2,,2371,,2012,4383,1.24,0.52,26.4,17.3,12.25,40
11400570240,さいたま鴻巣線,東松山桶川線,北本市・鴻巣市境,11233,0,1.2,北本市石戸宿2丁目234,2025,北本市石戸宿2丁目234,1901,3926,1.26,0.52,22.7,27.2,12.25,40
11400570250,さいたま鴻巣線,北本市・鴻巣市境,鴻巣市・北本市境,11217,0,0.1,北本市深井１丁目34,5449,北本市深井１丁目34,4774,10223,1.3,0.61,42.2,42.6,8.75,40
11400570260,さいたま鴻巣線,鴻巣市・北本市境,北本市・鴻巣市境,11233,0,0.2,北本市深井１丁目34,5449,北本市深井１丁目34,4774,10223,1.3,0.76,42.2,42.6,8.75,40
11400570270,さいたま鴻巣線,北本市・鴻巣市境,鴻巣市・北本市境,11217,0,1.7,北本市深井１丁目34,5449,北本市深井１丁目34,4774,10223,1.3,0.85,21.6,18.6,8.75,40
11400570280,さいたま鴻巣線,鴻巣市・北本市境,鴻巣桶川さいたま線,11233,0,0.1,北本市深井１丁目34,5449,北本市深井１丁目34,4774,10223,1.3,0.62,8.2,8.4,8.25,40
11400570290,さいたま鴻巣線,鴻巣桶川さいたま線,北本市・鴻巣市境,11233,0,0,北本市深井１丁目34,5449,北本市深井１丁目34,4774,10223,1.3,0.62,9.9,17.9,8.25,40
11400570300,さいたま鴻巣線,北本市・鴻巣市境,東松山鴻巣線,11217,0,1,北本市深井１丁目34,5449,北本市深井１丁目34,4774,10223,1.3,0.87,18.9,18,10.75,40
11400570320,さいたま鴻巣線,一般国道１７号,さいたま市浦和区・さいたま市中央区境,11107,0,0.5,さいたま市中央区大戸４丁目３６８－５,7128,さいたま市中央区大戸４丁目３６８－５,6586,13714,1.29,0.54,11.8,17.5,35.98,50
11400570330,さいたま鴻巣線,さいたま市浦和区・さいたま市中央区境,,11105,0,0.6,さいたま市中央区大戸４丁目３６８－５,7128,さいたま市中央区大戸４丁目３６８－５,6586,13714,1.29,0.57,21.8,22.9,30.28,50
11400580010,台東川口線,台東川口線,川口草加線,11221,0,0.1,埼玉県川口市棒松158-3,10120,埼玉県川口市棒松158-3,9788,19908,1.35,0.78,14.1,11,25.25,40
11400580020,台東川口線,川口草加線,草加市・川口市境,11221,0,0.1,埼玉県川口市棒松158-3,10120,埼玉県川口市棒松158-3,9788,19908,1.35,0.78,14.7,26.4,25.25,40
11400580030,台東川口線,草加市・川口市境,足立川口線,11203,0,0.9,埼玉県川口市棒松158-3,10120,埼玉県川口市棒松158-3,9788,19908,1.35,0.67,20.2,12.6,25.25,40
11400580040,台東川口線,足立川口線,さいたま草加線,11203,0,1.2,埼玉県川口市棒松158-3,10120,埼玉県川口市棒松158-3,9788,19908,1.35,0.67,14.4,18.6,25.25,40
11400590010,羽生妻沼線,一般国道１２２号,佐野行田線,11216,0,0.5,,3576,,3319,6895,1.28,0.6,20.6,24.2,12,40
11400590020,羽生妻沼線,佐野行田線,羽生市・行田市境,11216,0,0.7,,3576,,3319,6895,1.28,0.77,29,31.9,12.25,40
11400590030,羽生妻沼線,羽生市・行田市境,足利邑楽行田線,11206,0,2.3,,3576,,3319,6895,1.28,0.56,41.2,41.5,9.75,40
11400590040,羽生妻沼線,足利邑楽行田線,行田市停車場酒巻線,11206,0,1.7,埼玉県行田市北河原４７０?５,3291,埼玉県行田市北河原４７０?５,3239,6530,1.27,0.57,26.2,40.4,10,40
11400590050,羽生妻沼線,行田市停車場酒巻線,北河原熊谷線,11206,0,1.6,埼玉県行田市北河原４７０?５,3291,埼玉県行田市北河原４７０?５,3239,6530,1.27,0.57,45.3,46.4,10,40
11400590060,羽生妻沼線,北河原熊谷線,熊谷館林線,11206,0,1.3,埼玉県行田市北河原４７０?５,3291,埼玉県行田市北河原４７０?５,3239,6530,1.27,0.57,41.7,36.8,10,40
11400590070,羽生妻沼線,熊谷館林線,行田市・熊谷市境,11206,0,0.8,埼玉県行田市北河原４７０?５,3291,埼玉県行田市北河原４７０?５,3239,6530,1.27,0.57,34,40.2,10,40
11400590080,羽生妻沼線,行田市・熊谷市境,葛和田新堀線,11202,0,0.7,埼玉県行田市北河原４７０?５,3291,埼玉県行田市北河原４７０?５,3239,6530,1.27,0.58,42.8,32,12.25,40
11400590090,羽生妻沼線,葛和田新堀線,熊谷館林線,11202,0,0.4,埼玉県行田市北河原４７０?５,3291,埼玉県行田市北河原４７０?５,3239,6530,1.27,0.58,23.5,24,12.25,40
11400590100,羽生妻沼線,熊谷館林線,弁財深谷線,11202,0,1.5,埼玉県行田市北河原４７０?５,3291,埼玉県行田市北河原４７０?５,3239,6530,1.27,0.58,37,42.9,12.25,40
11400590110,羽生妻沼線,弁財深谷線,太田熊谷線,11202,0,3.3,熊谷市善ヶ島180,2641,熊谷市善ヶ島180,2545,5186,1.24,0.52,35.5,30.1,8.5,40
11400590120,羽生妻沼線,太田熊谷線,太田熊谷線,11202,0,0.3,熊谷市善ヶ島180,2641,熊谷市善ヶ島180,2545,5186,1.24,0.52,22.9,20.8,8.5,40
11400590130,羽生妻沼線,太田熊谷線,一般国道４０７号,11202,0,0.7,熊谷市善ヶ島180,2641,熊谷市善ヶ島180,2545,5186,1.24,0.52,22,25.2,8.5,40
11400600010,羽生外野栗橋線,一般国道１２２号,熊谷羽生線,11216,0,1.3,埼玉県羽生市三田ケ谷２９９?１,1400,埼玉県羽生市三田ケ谷２９９?１,1506,2906,1.21,0.43,18.6,18.6,11,40
11400600020,羽生外野栗橋線,熊谷羽生線,加須羽生線,11216,0,0.2,埼玉県羽生市三田ケ谷２９９?１,1400,埼玉県羽生市三田ケ谷２９９?１,1506,2906,1.21,0.43,8.1,12.1,11,40
11400600030,羽生外野栗橋線,加須羽生線,今泉館林線,11216,0,4.8,埼玉県羽生市三田ケ谷２９９?１,1400,埼玉県羽生市三田ケ谷２９９?１,1506,2906,1.21,0.43,27,27.8,11,40
11400600040,羽生外野栗橋線,今泉館林線,三田ヶ谷礼羽線,11216,0,2.8,埼玉県羽生市三田ケ谷２９９?１,1400,埼玉県羽生市三田ケ谷２９９?１,1506,2906,1.21,0.43,43,43.2,11,40
11400600050,羽生外野栗橋線,三田ヶ谷礼羽線,羽生市・加須市境,11216,0,0.4,埼玉県羽生市三田ケ谷２９９?１,1400,埼玉県羽生市三田ケ谷２９９?１,1506,2906,1.21,0.43,33.8,33.4,11,40
11400600060,羽生外野栗橋線,羽生市・加須市境,加須北川辺線,11210,0,3.9,埼玉県羽生市三田ケ谷２９９?１,1400,埼玉県羽生市三田ケ谷２９９?１,1506,2906,1.21,0.39,38.4,34.6,14.25,40
11400600070,羽生外野栗橋線,加須北川辺線,砂原北大桑線,11210,0,1.6,加須市旗井1994-7,4461,加須市旗井1994-7,4572,9033,1.29,0.71,29,40.6,10,40
11400600080,羽生外野栗橋線,砂原北大桑線,羽生栗橋線,11210,0,4.1,加須市旗井1994-7,4461,加須市旗井1994-7,4572,9033,1.29,0.71,42,39.2,10,40
11400600090,羽生外野栗橋線,羽生栗橋線,加須市・久喜市境,11210,0,0.3,加須市旗井1994-7,4461,加須市旗井1994-7,4572,9033,1.29,0.71,22.5,29.7,10,40
11400600100,羽生外野栗橋線,加須市・久喜市境,栗橋停車場線,11232,0,0.9,加須市旗井1994-7,4461,加須市旗井1994-7,4572,9033,1.29,0.77,28.1,27.9,10.5,40
11400600110,羽生外野栗橋線,栗橋停車場線,一般国道４号,11232,0,0.8,加須市旗井1994-7,4461,加須市旗井1994-7,4572,9033,1.29,0.77,24.2,20,10.5,40
11400300150,越生長沢線,飯能寄居線,越生町道,11327,0,0.3,,9685,,9344,19029,1.34,1.8,26.7,29.2,7,30
11400610010,越生長沢線,越生町道,,11327,0,7.6,入間郡越生町小杉1,1591,入間郡越生町小杉1,1533,3124,1.25,0.35,43.1,48,7.25,40
11400610030,越生長沢線,,越生町・飯能市境,11327,0,1.2,,,,,,,,,,5.25,40
11400610040,越生長沢線,越生町・飯能市境,,11209,0,1.7,,,,,,,,,,2,40
11400610060,越生長沢線,,一般国道２９９号,11209,0,1.3,飯能市長沢1218,99,飯能市長沢1218,98,197,1.14,0.04,21,20.8,6.5,20
11400620010,深谷寄居線,深谷東松山線,寄居岡部深谷線,11218,0,0.2,,4550,,4644,9194,1.3,0.71,10.5,14.2,12,40
11400620020,深谷寄居線,寄居岡部深谷線,熊谷児玉線,11218,0,3.4,,4550,,4644,9194,1.3,0.71,19.2,21.3,12,40
11400620030,深谷寄居線,熊谷児玉線,花園本庄線,11218,0,1.8,,4550,,4644,9194,1.3,0.71,29.6,29.9,12,40
11400620040,深谷寄居線,花園本庄線,花園本庄線,11218,0,1.7,,4550,,4644,9194,1.3,0.71,34.1,33.8,12,40
11400620050,深谷寄居線,花園本庄線,小前田児玉線,11218,0,2.2,,4550,,4644,9194,1.3,0.71,37.5,35.8,12,40
11400620060,深谷寄居線,小前田児玉線,深谷市・寄居町境,11218,0,0.3,,4550,,4644,9194,1.3,0.71,21.1,32.5,12,40
11400620070,深谷寄居線,深谷市・寄居町境,一般国道２５４号,11408,0,1,,4550,,4644,9194,1.3,0.7,31.9,24.9,8.75,40
11400630010,青梅入間線,青梅入間線,二本木飯能線,11225,0,0.8,入間市下谷ケ貫806,4529,入間市下谷ケ貫806,4147,8676,1.31,0.76,29,25.6,7.5,40
11400630020,青梅入間線,二本木飯能線,二本木飯能線,11225,0,0.4,入間市下谷ケ貫806,4529,入間市下谷ケ貫806,4147,8676,1.31,0.76,11.2,16.9,7.5,40
11400630030,青梅入間線,二本木飯能線,一般国道１６号,11225,0,4.9,入間市下谷ケ貫806,4529,入間市下谷ケ貫806,4147,8676,1.31,0.76,28.5,23,7.5,40
11400650010,さいたま幸手線,一般国道４６３号,一般国道４６３号,11107,0,0.7,さいたま市浦和区北浦和１丁目２１－１６,3801,さいたま市浦和区北浦和１丁目２１－１６,4799,8600,1.41,1.02,15.4,9.4,7,40
11400650020,さいたま幸手線,一般国道４６３号,鴻巣桶川さいたま線,11107,0,0.8,さいたま市浦和区北浦和１丁目２１－１６,3801,さいたま市浦和区北浦和１丁目２１－１６,4799,8600,1.41,0.92,14.1,8.5,11,40
11400650030,さいたま幸手線,鴻巣桶川さいたま線,川口上尾線,11107,0,1.1,さいたま市浦和区北浦和１丁目２１－１６,3801,さいたま市浦和区北浦和１丁目２１－１６,4799,8600,1.41,0.9,13.2,18,11,40
11400650040,さいたま幸手線,川口上尾線,さいたま川口線,11107,0,0.9,さいたま市浦和区北浦和１丁目２１－１６,3801,さいたま市浦和区北浦和１丁目２１－１６,4799,8600,1.41,0.9,11.2,17,11,40
11400650050,さいたま幸手線,さいたま川口線,さいたま市浦和区・さいたま市緑区境,11107,0,0.4,さいたま市浦和区北浦和１丁目２１－１６,3801,さいたま市浦和区北浦和１丁目２１－１６,4799,8600,1.41,0.9,14.4,14,11,40
11400650060,さいたま幸手線,さいたま市浦和区・さいたま市緑区境,さいたま川口線,11109,0,0.2,さいたま市浦和区北浦和１丁目２１－１６,3801,さいたま市浦和区北浦和１丁目２１－１６,4799,8600,1.41,0.75,20.4,7.5,14,40
11400650070,さいたま幸手線,さいたま川口線,さいたま市緑区・さいたま市見沼区境,11109,0,0.6,さいたま市緑区三浦201番地先(大道橋）,6122,さいたま市緑区三浦201番地先(大道橋）,6846,12968,1.31,0.86,17.1,21.1,14,40
11400650080,さいたま幸手線,さいたま市緑区・さいたま市見沼区境,新方須賀さいたま線,11104,0,1.4,さいたま市緑区三浦201番地先(大道橋）,6122,さいたま市緑区三浦201番地先(大道橋）,6846,12968,1.31,1.03,14,21.6,12,40
11400650090,さいたま幸手線,新方須賀さいたま線,さいたま鳩ヶ谷線,11104,0,2.3,さいたま市緑区三浦201番地先(大道橋）,6122,さいたま市緑区三浦201番地先(大道橋）,6846,12968,1.31,1.03,16.9,14.8,12,40
11400650100,さいたま幸手線,さいたま鳩ヶ谷線,さいたま春日部線,11104,0,1.3,さいたま市緑区三浦201番地先(大道橋）,6122,さいたま市緑区三浦201番地先(大道橋）,6846,12968,1.31,1.03,16.3,14,12,40
11400650120,さいたま幸手線,さいたま春日部線,蓮田杉戸線,11110,0,5.4,さいたま市岩槻区鹿室７４６?１,5429,さいたま市岩槻区鹿室７４６?１,6003,11432,1.49,0.86,15.8,20,11,40
11400650130,さいたま幸手線,蓮田杉戸線,,11110,0,0.4,さいたま市岩槻区鹿室７４６?１,5429,さいたま市岩槻区鹿室７４６?１,6003,11432,1.49,0.86,15.5,22.4,11,40
11400650140,さいたま幸手線,,春日部菖蒲線,11246,0,0.6,,6773,,6769,13542,1.41,1.14,26.1,7.4,10.25,40
11400650150,さいたま幸手線,春日部菖蒲線,白岡市・宮代町境,11246,0,3.3,,6773,,6769,13542,1.41,0.83,29.7,35.4,14,40
11400650160,さいたま幸手線,白岡市・宮代町境,春日部久喜線,11442,0,1.6,,6667,,7526,14193,1.32,1.18,21.9,11.4,12,40
11400650170,さいたま幸手線,春日部久喜線,宮代町・杉戸町境,11442,0,0.3,,6667,,7526,14193,1.32,1.18,6.2,20.3,12,40
11400650180,さいたま幸手線,宮代町・杉戸町境,下高野杉戸線,11464,0,0,,6667,,7526,14193,1.32,1.26,6.8,14.2,11.25,40
11400650190,さいたま幸手線,下高野杉戸線,杉戸町・幸手市境,11464,0,1.9,,5807,,6377,12184,1.31,1.22,18.7,26.4,11.25,40
11400650200,さいたま幸手線,杉戸町・幸手市境,幸手停車場線,11240,0,1.8,,5807,,6377,12184,1.31,1.96,21.1,17.4,10.5,40
11400650210,さいたま幸手線,幸手停車場線,幸手久喜線,11240,0,0.4,,5807,,6377,12184,1.31,1.96,18.3,16.3,10.5,40
11400650220,さいたま幸手線,幸手久喜線,,11240,0,0.4,,5803,,6381,12184,1.31,1.24,10.1,16.2,10,30
11400650230,さいたま幸手線,,一般国道４号,11240,0,1,,5803,,6381,12184,1.31,1.24,19.9,21.3,10,30
11400660010,行田東松山線,熊谷羽生線,行田蓮田線,11206,0,1.2,行田市大字下忍210-1,5736,行田市大字下忍210-1,5915,11651,1.29,1.17,15.6,18.2,12.25,40
11400660020,行田東松山線,行田蓮田線,一般国道１７号,11206,0,0.9,行田市大字下忍210-1,5736,行田市大字下忍210-1,5915,11651,1.29,1.17,23.3,21.5,12.25,40
11400660030,行田東松山線,一般国道１７号,行田市・鴻巣市境,11206,0,0.8,,6650,,6481,13131,1.32,0.46,22.4,37.3,22,50
11400660040,行田東松山線,行田市・鴻巣市境,一般国道１７号,11217,0,0.9,,6650,,6481,13131,1.32,0.55,32.5,21.7,22.25,50
11400660060,行田東松山線,一般国道１７号,行田東松山線,11217,0,0.2,,9562,,8961,18523,1.34,1.67,12.1,14.4,25.75,40
11400660070,行田東松山線,行田東松山線,鴻巣市・熊谷市境,11217,0,2.9,,9562,,8961,18523,1.34,1.37,34.8,18.5,7,40
11400660080,行田東松山線,鴻巣市・熊谷市境,小八林久保田下青鳥線,11202,0,0.2,,9562,,8961,18523,1.34,1.26,44.1,18.9,9.5,40
11400660090,行田東松山線,小八林久保田下青鳥線,福田鴻巣線,11202,0,0.3,,9562,,8961,18523,1.34,1.53,33.1,10.6,8.25,40
11400660100,行田東松山線,福田鴻巣線,熊谷市・東松山市境,11202,0,1.3,,9562,,8961,18523,1.34,1.53,15.6,26.3,8.25,40
11400660110,行田東松山線,熊谷市・東松山市境,東松山市・吉見町境,11212,0,0.3,東松山市東平2081-4,5790,東松山市東平2081-4,5416,11206,1.3,1.01,15.6,26.3,12.75,40
11400660120,行田東松山線,東松山市・吉見町境,吉見町・東松山市境,11347,0,0.8,東松山市東平2081-4,5790,東松山市東平2081-4,5416,11206,1.3,0.84,47.8,48.8,12.75,40
11400660130,行田東松山線,吉見町・東松山市境,一般国道４０７号,11212,0,0.9,東松山市東平2081-4,5790,東松山市東平2081-4,5416,11206,1.3,0.94,31.3,22.5,12.5,40
11400660140,行田東松山線,一般国道４０７号,,11212,0,2.3,,9005,,9608,18613,1.34,1.12,21.7,22.1,8.75,40
11400660150,行田東松山線,,東松山越生線,11212,0,0.3,,9005,,9608,18613,1.34,1.12,12.6,11.3,8.75,40
11400660160,行田東松山線,東松山越生線,東松山停車場線,11212,0,0.2,東松山市上野本1871-2,6989,東松山市上野本1871-2,6268,13257,1.32,0.97,16.3,10.7,8,40
11400660170,行田東松山線,東松山停車場線,一般国道２５４号,11212,0,1.1,東松山市上野本1871-2,6989,東松山市上野本1871-2,6268,13257,1.32,0.97,18.9,15.6,8,40
11400660190,行田東松山線,一般国道１７号,吹上停車場線,11217,0,0.5,,6918,,7030,13948,1.32,0.79,17.9,20.4,24.25,40
11400660200,行田東松山線,吹上停車場線,行田東松山線,11217,0,0.6,,6918,,7030,13948,1.32,1.5,21.6,18.6,11.75,40
11400670010,葛飾吉川松伏線,葛飾吉川松伏線,松戸草加線,11237,0,0.6,三郷市戸ケ崎2-284,5226,三郷市戸ケ崎2-284,5887,11113,1.31,0.87,14.5,10.4,8.75,40
11400670020,葛飾吉川松伏線,松戸草加線,松戸草加線,11237,0,0.7,三郷市戸ケ崎2-284,5226,三郷市戸ケ崎2-284,5887,11113,1.31,0.87,11.4,22.9,8.75,40
11400670030,葛飾吉川松伏線,松戸草加線,上笹塚谷口線,11237,0,2.2,,4762,,5604,10366,1.3,0.96,15.8,22.2,8,40
11400670040,葛飾吉川松伏線,上笹塚谷口線,八潮三郷線,11237,0,1.4,,4762,,5604,10366,1.3,0.96,34.9,36.5,8,40
11400670050,葛飾吉川松伏線,八潮三郷線,一般国道２９８号,11237,0,2.1,,4762,,5604,10366,1.3,0.96,39.5,36.5,8,40
11400670140,葛飾吉川松伏線,一般国道２９８号,草加流山線,11237,0,0.6,吉川市彦川戸1-291,9986,吉川市彦川戸1-291,11520,21506,1.34,0.75,8.9,13.8,22,40
11400670160,葛飾吉川松伏線,草加流山線,三郷市・吉川市境,11237,0,1.4,吉川市彦川戸1-291,9986,吉川市彦川戸1-291,11520,21506,1.34,0.75,21.5,22.8,22,40
11400670170,葛飾吉川松伏線,三郷市・吉川市境,越谷流山線,11243,0,2.2,吉川市彦川戸1-291,9986,吉川市彦川戸1-291,11520,21506,1.34,0.97,27.3,23.2,21.25,40
11400670100,葛飾吉川松伏線,越谷流山線,川藤野田線,11243,0,1.3,吉川市吉川2-24-2,7465,吉川市吉川2-24-2,7803,15268,1.32,1.2,13.1,24.5,9.5,40
11400670110,葛飾吉川松伏線,川藤野田線,吉川市・松伏町境,11243,0,1,吉川市吉川2-24-2,7465,吉川市吉川2-24-2,7803,15268,1.32,1.2,19.2,33.8,9.5,40
11400670120,葛飾吉川松伏線,吉川市・松伏町境,越谷野田線,11465,0,3.2,吉川市吉川2-24-2,7465,吉川市吉川2-24-2,7803,15268,1.32,1.13,24.3,25.1,12,40
11400680010,練馬川口線,練馬川口線,一般国道２５４号,11229,0,1.1,埼玉県和光市白子4-1-1,18571,埼玉県和光市白子4-1-1,19645,38216,1.42,1.2,18.3,18.8,18.75,50
11400680020,練馬川口線,一般国道２５４号,和光インター線,11229,0,2.7,埼玉県和光市白子4-1-1,18571,埼玉県和光市白子4-1-1,19645,38216,1.42,1.2,28.6,15.9,18.75,50
11400680030,練馬川口線,和光インター線,練馬川口線,11229,0,0.1,埼玉県和光市白子4-1-1,18571,埼玉県和光市白子4-1-1,19645,38216,1.42,1.2,10.7,11,18.75,50
11400680050,練馬川口線,一般国道１７号,新倉蕨線,11224,0,2.4,,6511,,5751,12262,1.31,1.1,13.9,16.8,11,40
11400680060,練馬川口線,新倉蕨線,一般国道１７号,11224,0,0.9,,6511,,5751,12262,1.31,1.1,16.9,10.3,11,40
11400680070,練馬川口線,一般国道１７号,戸田市・川口市境,11224,0,1.4,,6511,,5751,12262,1.31,1.1,9.4,16.9,11,40
11400680080,練馬川口線,戸田市・川口市境,川口蕨線,11203,0,0.4,,6511,,5751,12262,1.31,0.99,12.5,13,12.25,40
11400680090,練馬川口線,川口蕨線,川口上尾線,11203,0,1.4,,6511,,5751,12262,1.31,0.99,17.5,19.5,12.25,40
11400690010,深谷嵐山線,一般国道１７号,深谷東松山線,11218,0,0.2,深谷市人見421-1,5567,深谷市人見421-1,5522,11089,1.24,1.05,6.9,11.9,13,40
11400690020,深谷嵐山線,深谷東松山線,熊谷児玉線,11218,0,3.4,深谷市人見421-1,5567,深谷市人見421-1,5522,11089,1.24,1.05,20.4,23.1,13,40
11400690030,深谷嵐山線,熊谷児玉線,一般国道１４０号,11218,0,1.7,深谷市人見421-1,5567,深谷市人見421-1,5522,11089,1.24,1.05,30.3,26.5,13,40
11400690040,深谷嵐山線,一般国道１４０号,一般国道１４０号,11218,0,1.1,深谷市人見421-1,5567,深谷市人見421-1,5522,11089,1.24,1.05,23.1,11.3,13,40
11400690060,深谷嵐山線,一般国道１４０号,熊谷寄居線,11218,0,1.7,,2820,,2996,5816,1.26,0.65,19.8,16.7,9.5,40
11400690070,深谷嵐山線,熊谷寄居線,本田小川線,11218,0,1.2,,2820,,2996,5816,1.26,0.65,24,33.7,9.5,40
11400690080,深谷嵐山線,本田小川線,小江川本田線,11218,0,0.7,,2820,,2996,5816,1.26,0.65,45.6,32,9.5,40
11400690090,深谷嵐山線,小江川本田線,深谷市・寄居町境,11218,0,0.7,,2820,,2996,5816,1.26,0.65,29.8,44.1,9.5,40
11400690100,深谷嵐山線,深谷市・寄居町境,寄居町・嵐山町境,11408,0,0.7,,2820,,2996,5816,1.26,0.66,37.5,37.8,9.25,40
11400690110,深谷嵐山線,寄居町・嵐山町境,熊谷小川秩父線,11342,0,1.6,,2820,,2996,5816,1.26,0.59,45.7,39.5,9.5,40
11400690120,深谷嵐山線,熊谷小川秩父線,熊谷小川秩父線,11342,0,2.3,嵐山町広野386-1,2657,嵐山町広野386-1,2847,5504,1.26,0.74,41.6,40.3,10,40
11400690130,深谷嵐山線,熊谷小川秩父線,嵐山町・滑川町境,11342,0,4,嵐山町広野386-1,2657,嵐山町広野386-1,2847,5504,1.26,0.74,32.3,31.9,10,40
11400690140,深谷嵐山線,嵐山町・滑川町境,ときがわ熊谷線,11341,0,0.1,嵐山町広野386-1,2657,嵐山町広野386-1,2847,5504,1.26,0.91,22,15.7,8,30
11400690150,深谷嵐山線,ときがわ熊谷線,滑川町・嵐山町境,11341,0,0.1,嵐山町広野386-1,2657,嵐山町広野386-1,2847,5504,1.26,0.91,13.4,21.3,8,30
11400690160,深谷嵐山線,滑川町・嵐山町境,武蔵嵐山停車場線,11342,0,0.4,嵐山町広野386-1,2657,嵐山町広野386-1,2847,5504,1.26,0.74,20.6,14.6,7,30
11400690170,深谷嵐山線,武蔵嵐山停車場線,菅谷寄居線,11342,0,0.1,嵐山町広野386-1,2657,嵐山町広野386-1,2847,5504,1.26,0.69,18.8,16.5,7.75,40
11400690180,深谷嵐山線,菅谷寄居線,一般国道２５４号,11342,0,0.8,嵐山町広野386-1,2657,嵐山町広野386-1,2847,5504,1.26,0.69,19.1,20.3,7.75,40
11400700010,飯能下名栗線,青梅飯能線,南飯能線,11209,0,5,飯能市小瀬戸87,4670,飯能市小瀬戸87,4448,9118,1.29,0.96,34.1,33.6,9.75,40
11400700020,飯能下名栗線,南飯能線,原市場下成木線,11209,0,3.4,飯能市小瀬戸87,4670,飯能市小瀬戸87,4448,9118,1.29,0.96,37,33.1,9.75,40
11400700030,飯能下名栗線,原市場下成木線,青梅秩父線,11209,0,4.6,飯能市小瀬戸87,4670,飯能市小瀬戸87,4448,9118,1.29,0.96,46,43.1,9.75,40
11400710010,高崎神流秩父線,高崎神流秩父線,藤倉吉田線,11207,0,7.2,秩父市上吉田2679-2,1131,秩父市上吉田2679-2,1185,2316,1.22,0.28,52,46.3,6.75,40
11400710020,高崎神流秩父線,藤倉吉田線,皆野両神荒川線,11207,0,3.9,秩父市上吉田2679-2,1131,秩父市上吉田2679-2,1185,2316,1.22,0.28,41.4,40.7,6.75,40
11400720010,秩父荒川線,一般国道２９９号,秩父停車場秩父公園線,11207,0,2.2,秩父市寺尾2318-5,6618,秩父市寺尾2318-5,6055,12673,1.32,1.05,29.1,35.2,10.25,40
11400720020,秩父荒川線,秩父停車場秩父公園線,小鹿野影森停車場線,11207,0,2.6,秩父市寺尾2318-5,6618,秩父市寺尾2318-5,6055,12673,1.32,1.05,38.1,34.8,10.25,40
11400720030,秩父荒川線,小鹿野影森停車場線,小鹿野影森停車場線,11207,0,0.5,秩父市寺尾2318-5,6618,秩父市寺尾2318-5,6055,12673,1.32,1.05,29.3,24.3,10.25,40
11400720040,秩父荒川線,小鹿野影森停車場線,一般国道１４０号,11207,0,5.3,秩父市寺尾2318-5,6618,秩父市寺尾2318-5,6055,12673,1.32,1.05,45.6,43.4,10.25,40
11400730010,秩父上名栗線,一般国道２９９号,一般国道１４０号,11207,0,1.7,,3661,,3944,7605,1.29,0.83,18.5,17.9,6.25,40
11400730030,秩父上名栗線,一般国道１４０号,,11207,0,10.9,秩父市荒川久那3866-1,288,秩父市荒川久那3866-1,300,588,1.14,0.08,36.2,40.9,8.5,40
11400730050,秩父上名栗線,,秩父市・飯能市境,11207,0,4.7,,,,,,,,,,1.5,40
11400730060,秩父上名栗線,秩父市・飯能市境,,11209,0,2.2,,,,,,,,,,1.5,40
11400730080,秩父上名栗線,,青梅秩父線,11209,0,2.5,飯能市上名栗1738,79,飯能市上名栗1738,86,165,1.08,0.16,27.9,40.9,4.5,40
11400300070,日高川島線,飯能寄居線,日高市道,11242,0,1.7,,9685,,9344,19029,1.34,1.27,16.9,18.1,18,40
11400740010,日高川島線,日高市道,日高市・坂戸市境,11242,0,2.4,埼玉県日高市田波目１４６?１,3960,埼玉県日高市田波目１４６?１,3906,7866,1.28,0.57,17.3,37.8,9.75,40
11400740020,日高川島線,日高市・坂戸市境,川越越生線,11239,0,2.4,埼玉県日高市田波目１４６?１,3960,埼玉県日高市田波目１４６?１,3906,7866,1.28,0.57,19.5,13.6,7.75,40
11400740030,日高川島線,川越越生線,坂戸市・鶴ヶ島市境,11239,0,1.4,埼玉県日高市田波目１４６?１,3960,埼玉県日高市田波目１４６?１,3906,7866,1.28,0.57,16.8,27.7,7.75,40
11400740040,日高川島線,坂戸市・鶴ヶ島市境,鶴ヶ島市・坂戸市境,11241,0,0.2,埼玉県日高市田波目１４６?１,3960,埼玉県日高市田波目１４６?１,3906,7866,1.28,0.71,30.9,31.4,9.75,40
11400740050,日高川島線,鶴ヶ島市・坂戸市境,坂戸停車場線,11239,0,1.4,埼玉県日高市田波目１４６?１,3960,埼玉県日高市田波目１４６?１,3906,7866,1.28,0.83,15.6,16.3,7.75,40
11400740060,日高川島線,坂戸停車場線,坂戸市道,11239,0,0.1,埼玉県日高市田波目１４６?１,3960,埼玉県日高市田波目１４６?１,3906,7866,1.28,0.83,14.2,6.7,7.75,40
11400740070,日高川島線,坂戸市道,川越坂戸毛呂山線,11239,0,0.5,埼玉県日高市田波目１４６?１,3960,埼玉県日高市田波目１４６?１,3906,7866,1.28,0.83,19.1,15.2,7.75,40
11400740080,日高川島線,川越坂戸毛呂山線,一般国道４０７号,11239,0,1.2,埼玉県日高市田波目１４６?１,3960,埼玉県日高市田波目１４６?１,3906,7866,1.28,0.83,14.3,16.5,7.75,40
11400740090,日高川島線,一般国道４０７号,片柳川越線,11239,0,1.1,,5770,,5348,11118,1.31,1.08,16.8,23.4,7.75,40
11400740100,日高川島線,片柳川越線,片柳川越線,11239,0,0.2,,5770,,5348,11118,1.31,1.08,11.9,18,7.75,40
11400740110,日高川島線,片柳川越線,坂戸市・川島町境,11239,0,2.4,,5770,,5348,11118,1.31,1.08,33.1,29.7,7.75,40
11400740120,日高川島線,坂戸市・川島町境,岩殿観音南戸守線,11346,0,0.6,,5770,,5348,11118,1.31,0.84,26.5,11.4,6,50
11400740130,日高川島線,岩殿観音南戸守線,一般国道２５４号,11346,0,1.5,,5770,,5348,11118,1.31,0.84,22.6,25.2,6,50
11400740140,日高川島線,一般国道２５４号,鴻巣川島線,11346,0,1.3,,3684,,3321,7005,1.28,0.69,30.2,34.1,9.5,40
11400740150,日高川島線,鴻巣川島線,川越栗橋線,11346,0,4.1,,3684,,3321,7005,1.28,0.69,40,39.1,9.5,40
11400750010,熊谷児玉線,深谷東松山線,熊谷市・深谷市境,11202,0,3.3,,4779,,4818,9597,1.3,0.78,34.8,39.1,12,40
11400750020,熊谷児玉線,熊谷市・深谷市境,深谷嵐山線,11218,0,1.2,,3254,,2933,6187,1.27,0.64,21.2,25.7,13,40
11400750030,熊谷児玉線,深谷嵐山線,深谷寄居線,11218,0,2.1,,3254,,2933,6187,1.27,0.64,28.1,30.9,13,40
11400750040,熊谷児玉線,深谷寄居線,寄居岡部深谷線,11218,0,1.8,,3254,,2933,6187,1.27,0.64,35.2,33.9,13,40
11400750050,熊谷児玉線,寄居岡部深谷線,針ヶ谷岡線,11218,0,1.6,,3254,,2933,6187,1.27,0.64,25.9,30.2,13,40
11400750060,熊谷児玉線,針ヶ谷岡線,花園本庄線,11218,0,0.2,,3254,,2933,6187,1.27,0.64,22.2,15.7,13,40
11400750070,熊谷児玉線,花園本庄線,花園本庄線,11218,0,0.4,,3254,,2933,6187,1.27,0.64,28.3,28,13,40
11400750080,熊谷児玉線,花園本庄線,深谷市・美里町境,11218,0,1.4,,3254,,2933,6187,1.27,0.64,41.6,43.4,13,40
11400750090,熊谷児玉線,深谷市・美里町境,本庄寄居線,11381,0,2.2,,4683,,4716,9399,1.3,0.97,39.8,35.8,12.25,40
11400750110,熊谷児玉線,本庄寄居線,美里町・本庄市境,11381,0,2.2,,3223,,2888,6111,1.27,0.7,32.2,33.7,13,40
11400750120,熊谷児玉線,美里町・本庄市境,本庄市・美里町境,11211,0,0.2,,3223,,2888,6111,1.27,0.67,48.8,45.4,12,40
11400750130,熊谷児玉線,本庄市・美里町境,美里町・本庄市境,11381,0,0.4,,3223,,2888,6111,1.27,0.68,46.5,45.4,12,40
11400750140,熊谷児玉線,美里町・本庄市境,一般国道２５４号,11211,0,0.9,,3223,,2888,6111,1.27,0.78,38.8,23.2,9,40
11400760140,鴻巣川島線,一般国道１７号,鎌塚鴻巣線,11217,0,0.7,,,,,,,,7.5,11.2,26.5,40
11400760030,鴻巣川島線,鎌塚鴻巣線,鴻巣市・吉見町境,11217,0,2,,2253,,2163,4416,1.24,0.35,16.7,32.4,12,50
11400760040,鴻巣川島線,鴻巣市・吉見町境,今泉東松山線,11347,0,1.6,比企郡吉見町明秋491-1,5362,比企郡吉見町明秋491-1,5474,10836,1.3,1.19,39.7,48.5,10.5,50
11400760050,鴻巣川島線,今泉東松山線,東松山鴻巣線,11347,0,1.7,,4332,,4383,8715,1.3,1.15,22.8,23.8,4.25,40
11400760060,鴻巣川島線,東松山鴻巣線,東松山桶川線,11347,0,2,,4332,,4383,8715,1.3,1.15,29.8,31.8,4.25,40
11400760070,鴻巣川島線,東松山桶川線,吉見町・川島町境,11347,0,0.4,,4332,,4383,8715,1.3,1.15,25.2,34.5,4.25,40
11400760080,鴻巣川島線,吉見町・川島町境,日高川島線,11346,0,2.7,,4332,,4383,8715,1.3,0.78,38.9,34.4,9.25,40
11400760090,鴻巣川島線,日高川島線,平沼中老袋線,11346,0,1.2,,4332,,4383,8715,1.3,0.78,23.5,26.7,9.25,40
11400760100,鴻巣川島線,平沼中老袋線,一般国道２５４号,11346,0,0.9,,4332,,4383,8715,1.3,0.78,30.6,23.5,9.25,40
11400760110,鴻巣川島線,一般国道２５４号,上伊草坂戸線,11346,0,0.8,,4332,,4383,8715,1.3,0.78,26.3,19.4,9.25,40
11400760120,鴻巣川島線,上伊草坂戸線,一般国道２５４号,11346,0,0.7,,4332,,4383,8715,1.3,0.78,14.9,12,9.25,40
11400770010,行田蓮田線,熊谷羽生線,行田東松山線,11206,0,1.1,,3491,,3362,6853,1.28,0.7,15.9,17.2,15,40
11400770020,行田蓮田線,行田東松山線,上中森鴻巣線,11206,0,0.8,,3491,,3362,6853,1.28,0.7,21.1,28,15,40
11400770030,行田蓮田線,上中森鴻巣線,騎西鴻巣線,11206,0,1.9,,3491,,3362,6853,1.28,0.7,38,31.3,15,40
11400770040,行田蓮田線,騎西鴻巣線,行田市・鴻巣市境,11206,0,2.3,,3491,,3362,6853,1.28,0.7,37.8,40.2,15,40
11400770050,行田蓮田線,行田市・鴻巣市境,鴻巣羽生線,11217,0,1,,3491,,3362,6853,1.28,0.72,36.2,32.3,12,40
11400770070,行田蓮田線,鴻巣羽生線,内田ヶ谷鴻巣線,11217,0,1.2,,4308,,4667,8975,1.3,0.84,24.2,28.4,14,40
11400770080,行田蓮田線,内田ヶ谷鴻巣線,加須鴻巣線,11217,0,2,,4308,,4667,8975,1.3,0.84,36.3,34.8,14,40
11400770090,行田蓮田線,加須鴻巣線,鴻巣市・久喜市境,11217,0,1.3,,4308,,4667,8975,1.3,0.84,21.9,28.6,14,40
11400770100,行田蓮田線,鴻巣市・久喜市境,笠原菖蒲線,11232,0,0,,4308,,4667,8975,1.3,1.02,29.8,30.7,5.5,40
11400770110,行田蓮田線,笠原菖蒲線,下石戸上菖蒲線,11232,0,1.7,久喜市菖蒲町栢間3843,2434,久喜市菖蒲町栢間3843,3031,5465,1.26,0.79,43.8,40.8,5.5,40
11400770120,行田蓮田線,下石戸上菖蒲線,川越栗橋線,11232,0,1.3,久喜市菖蒲町栢間3843,2434,久喜市菖蒲町栢間3843,3031,5465,1.26,0.79,38.9,30.5,5.5,40
11400770140,行田蓮田線,川越栗橋線,久喜市・桶川市境,11232,0,0.9,,4558,,4439,8997,1.3,1.03,20.4,27,5.75,30
11400770150,行田蓮田線,久喜市・桶川市境,桶川市・蓮田市境,11231,0,1.4,,4558,,4439,8997,1.3,0.79,33.6,32.7,7.5,40
11400770160,行田蓮田線,桶川市・蓮田市境,さいたま菖蒲線,11238,0,0.7,,4558,,4439,8997,1.3,0.78,37.6,20.6,8.25,40
11400770170,行田蓮田線,さいたま菖蒲線,上尾久喜線,11238,0,2.6,,4558,,4439,8997,1.3,0.78,33.5,24.9,8.25,40
11400770180,行田蓮田線,上尾久喜線,一般国道１２２号,11238,0,1.5,,4558,,4439,8997,1.3,0.78,28.4,25.7,8.25,40
11400780010,春日部菖蒲線,一般国道１６号,春日部市・白岡市境,11214,0,3.2,,8090,,7247,15337,1.32,1.32,18.2,26.6,11.5,50
11400780020,春日部菖蒲線,春日部市・白岡市境,蓮田杉戸線,11246,0,0.4,白岡市白岡1647-1,10322,白岡市白岡1647-1,9679,20001,1.34,1.42,32.6,14.5,12,40
11400780030,春日部菖蒲線,蓮田杉戸線,さいたま幸手線,11246,0,0.9,白岡市白岡1647-1,10322,白岡市白岡1647-1,9679,20001,1.34,1.42,20.1,9.6,12,40
11400780040,春日部菖蒲線,さいたま幸手線,さいたま栗橋線,11246,0,6.1,白岡市白岡1647-1,10322,白岡市白岡1647-1,9679,20001,1.34,1.21,24.6,22.1,16,40
11400780060,春日部菖蒲線,さいたま栗橋線,白岡市・久喜市境,11246,0,0.2,,3680,,3888,7568,1.29,1.04,8.1,13.8,6.5,40
11400780070,春日部菖蒲線,白岡市・久喜市境,上尾久喜線,11232,0,0.1,,3680,,3888,7568,1.29,0.98,9.7,15.1,7,40
11400780080,春日部菖蒲線,上尾久喜線,一般国道１２２号,11232,0,2.4,久喜市除堀351,4096,久喜市除堀351,4228,8324,1.28,0.77,35.1,39.6,8,40
11400790010,朝霞蕨線,一般国道２５４号,新座和光線,11227,0,0,朝霞市膝折町1-10-8,2580,朝霞市膝折町1-10-8,2366,4946,1.26,0.49,9.4,17.1,7.25,40
11400790020,朝霞蕨線,新座和光線,新座和光線,11227,0,0.6,朝霞市膝折町1-10-8,2580,朝霞市膝折町1-10-8,2366,4946,1.26,0.49,22.9,13.8,7.25,40
11400790030,朝霞蕨線,新座和光線,和光志木線,11227,0,2.2,朝霞市膝折町1-10-8,2580,朝霞市膝折町1-10-8,2366,4946,1.26,0.49,14.2,14.2,7.25,40
11400790040,朝霞蕨線,和光志木線,ふじみ野朝霞線,11227,0,2.6,朝霞市根岸台2-16-44,2776,朝霞市根岸台2-16-44,2957,5733,1.26,0.54,19.5,19.9,7.25,40
11400790050,朝霞蕨線,ふじみ野朝霞線,一般国道２５４号,11227,0,0.4,朝霞市根岸台2-16-44,2776,朝霞市根岸台2-16-44,2957,5733,1.26,0.54,15.3,7.9,7.25,40
11400790060,朝霞蕨線,一般国道２５４号,朝霞市・志木市境,11227,0,1.4,朝霞市上内間木686-12,6866,朝霞市上内間木686-12,6696,13562,1.32,1.38,16.3,19.5,7.25,40
11400790070,朝霞蕨線,朝霞市・志木市境,さいたま東村山線,11228,0,0.3,朝霞市上内間木686-12,6866,朝霞市上内間木686-12,6696,13562,1.32,1.09,32.7,9,8.75,40
11400790090,朝霞蕨線,さいたま東村山線,さいたま市桜区・さいたま市南区境,11106,0,0.7,さいたま市南区内谷5-1-20,5786,さいたま市南区内谷5-1-20,4683,10469,1.26,1.2,11,24,15,40
11400790100,朝霞蕨線,さいたま市桜区・さいたま市南区境,曲本さいたま線,11108,0,0.9,さいたま市南区内谷5-1-20,5786,さいたま市南区内谷5-1-20,4683,10469,1.26,1.2,16.4,15.1,15,40
11400790110,朝霞蕨線,曲本さいたま線,,11108,0,0.4,さいたま市南区内谷5-1-20,5786,さいたま市南区内谷5-1-20,4683,10469,1.26,1.2,18.2,18.5,15,40
11400790120,朝霞蕨線,,早瀬さいたま線,11224,0,0.4,,5664,,4655,10319,1.3,1.22,13.2,14.1,8,40
11400790130,朝霞蕨線,早瀬さいたま線,一般国道２９８号,11224,0,1.2,,5664,,4655,10319,1.3,1.22,17.7,13,8,40
11400790160,朝霞蕨線,,,11108,0,0.2,さいたま市南区辻8-24-16,3498,さいたま市南区辻8-24-16,3724,7222,1.28,0.67,8.8,6.1,11,40
11400790190,朝霞蕨線,一般国道２９８号,朝霞蕨線,11224,0,0.2,,3435,,3212,6647,1.28,0.63,7.3,18.3,26.5,40
11400790150,朝霞蕨線,朝霞蕨線,,11224,0,0.2,,3384,,3528,6912,1.28,0.61,15.1,15.6,18.75,40
11400790170,朝霞蕨線,,一般国道１７号,11223,0,1.3,,2856,,2353,5209,1.26,0.69,22,18.3,12,40
11400790140,朝霞蕨線,一般国道２９８号,朝霞蕨線,11224,0,0.2,,3384,,3528,6912,1.28,0.49,24,24,11.5,40
11400800010,野田岩槻線,松伏春日部関宿線,松伏町・春日部市境,11465,0,2.2,,5525,,5619,11144,1.31,0.94,30.9,33.8,9.5,40
11400800020,野田岩槻線,松伏町・春日部市境,春日部松伏線,11214,0,0.1,,5525,,5619,11144,1.31,0.98,17.3,12.8,7.5,40
11400800030,野田岩槻線,春日部松伏線,春日部市・越谷市境,11214,0,0.6,,5999,,5886,11885,1.35,1.06,13.2,20.1,7.5,40
11400800040,野田岩槻線,春日部市・越谷市境,平方東京線,11222,0,0.3,,5999,,5886,11885,1.35,1.19,18.4,16.1,9.5,40
11400800050,野田岩槻線,平方東京線,一般国道４号,11222,0,0.3,,3593,,3343,6936,1.28,0.64,20.6,11.7,9.5,40
11400800060,野田岩槻線,一般国道４号,越谷市・春日部市境,11222,0,1.6,,3593,,3343,6936,1.28,0.64,20.3,15.4,9.5,40
11400800070,野田岩槻線,越谷市・春日部市境,一般国道４号,11214,0,0,,3593,,3343,6936,1.28,0.53,18.9,9.2,8.5,40
11400800080,野田岩槻線,一般国道４号,,11214,0,2.5,埼玉県春日部市増田新田３９０?１,6504,埼玉県春日部市増田新田３９０?１,6500,13004,1.38,1.36,13.4,16.3,10,40
11400800090,野田岩槻線,,大野島越谷線,11110,0,2.7,さいたま市岩槻区長宮２４９,5519,さいたま市岩槻区長宮２４９,4832,10351,1.42,0.88,34.6,20.3,13,40
11400800100,野田岩槻線,大野島越谷線,一般国道１６号,11110,0,0.3,さいたま市岩槻区長宮２４９,5519,さいたま市岩槻区長宮２４９,4832,10351,1.42,0.88,17.8,4.2,13,40
11400800120,野田岩槻線,一般国道１６号,一般国道１６号,11110,0,1.4,さいたま市岩槻区城町2丁目6-5先,3829,さいたま市岩槻区城町2丁目6-5先,5054,8883,1.27,0.77,15.5,15.2,12.3,40
11400810010,熊谷寄居線,熊谷小川秩父線,武蔵丘陵森林公園広瀬線,11202,0,0.5,,4341,,4052,8393,1.3,0.9,15.4,21.1,12,40
11400810020,熊谷寄居線,武蔵丘陵森林公園広瀬線,深谷東松山線,11202,0,3.4,,4341,,4052,8393,1.3,0.9,34.7,28,12,40
11400810030,熊谷寄居線,深谷東松山線,熊谷市・深谷市境,11202,0,1,,4341,,4052,8393,1.3,0.9,21.6,37.9,12,40
11400810040,熊谷寄居線,熊谷市・深谷市境,深谷嵐山線,11218,0,3.3,,4341,,4052,8393,1.3,0.85,43.1,41.1,12.25,50
11400810050,熊谷寄居線,深谷嵐山線,深谷市・寄居町境,11218,0,2.4,,3477,,3526,7003,1.28,0.73,32.6,37.5,12,50
11400810060,熊谷寄居線,深谷市・寄居町境,菅谷寄居線,11408,0,1.2,,3477,,3526,7003,1.28,0.74,43.5,36.6,12,50
11400810070,熊谷寄居線,菅谷寄居線,赤浜小川線,11408,0,0.4,,3477,,3526,7003,1.28,0.74,27,33.9,12,50
11400810080,熊谷寄居線,赤浜小川線,一般国道２５４号,11408,0,2,,3477,,3526,7003,1.28,0.74,38.2,21.6,12,50
11400820010,長瀞玉淀自然公園線,一般国道１４０号,寄居町・長瀞町境,11408,0,1.7,,3059,,3330,6389,1.27,0.77,33.6,43.8,10.75,40
11400820020,長瀞玉淀自然公園線,寄居町・長瀞町境,岩田樋口停車場線,11363,0,1.9,,3059,,3330,6389,1.27,0.8,51,52.7,11.25,40
11400820030,長瀞玉淀自然公園線,岩田樋口停車場線,長瀞児玉線,11363,0,3,,3059,,3330,6389,1.27,0.8,49.1,47.1,11.25,40
11400820040,長瀞玉淀自然公園線,長瀞児玉線,長瀞町道（寄居風布アクセス道路）,11363,0,0.8,長瀞町井戸473-2,3592,長瀞町井戸473-2,4320,7912,1.29,0.85,36.7,41.7,12.25,40
11400820050,長瀞玉淀自然公園線,長瀞町道（寄居風布アクセス道路）,長瀞町・皆野町境,11363,0,1.7,長瀞町井戸473-2,3592,長瀞町井戸473-2,4320,7912,1.29,0.85,52,51.4,12.25,40
11400820060,長瀞玉淀自然公園線,長瀞町・皆野町境,一般国道１４０号,11362,0,2.5,長瀞町井戸473-2,3592,長瀞町井戸473-2,4320,7912,1.29,0.82,47.2,43.9,10.5,40
11400820070,長瀞玉淀自然公園線,一般国道１４０号,三沢坂本線,11362,0,1.9,皆野町三沢1588-1,1288,皆野町三沢1588-1,1290,2578,1.2,0.36,40,44.6,10.5,40
11400820080,長瀞玉淀自然公園線,三沢坂本線,皆野町・秩父市境,11362,0,3.9,皆野町三沢1588-1,1288,皆野町三沢1588-1,1290,2578,1.2,0.36,43.3,40.2,10.5,40
11400820090,長瀞玉淀自然公園線,皆野町・秩父市境,熊谷小川秩父線,11207,0,1.4,皆野町三沢1588-1,1288,皆野町三沢1588-1,1290,2578,1.2,0.36,37.5,31.5,10.5,40
11400820110,長瀞玉淀自然公園線,熊谷小川秩父線,一般国道１４０号,11207,0,1.2,,1029,,1013,2042,1.21,0.26,24.1,17.5,9.25,40
11400830030,熊谷館林線,一般国道１７号,弥藤吾行田線,11202,0,1.9,,2363,,2070,4433,1.24,0.55,25.3,28.7,8.75,40
11400830040,熊谷館林線,弥藤吾行田線,弥藤吾行田線,11202,0,0.7,,2363,,2070,4433,1.24,0.55,23.9,23.6,8.75,40
11400830050,熊谷館林線,弥藤吾行田線,熊谷市・行田市境,11202,0,1.3,,2363,,2070,4433,1.24,0.55,39.7,45.1,8.75,40
11400830060,熊谷館林線,熊谷市・行田市境,羽生妻沼線,11206,0,0.5,,2363,,2070,4433,1.24,0.47,32.1,17.7,9,40
11400830080,熊谷館林線,羽生妻沼線,,11202,0,1,,2339,,2257,4596,1.25,0.84,27.6,32.5,5.25,30
11400830100,熊谷館林線,一般国道１７号,一般国道４０７号,11202,0,1.3,熊谷市原島228-1,5692,熊谷市原島228-1,5493,11185,1.31,0.75,19.2,25.5,19,50
11400840010,羽生栗橋線,一般国道１２２号,加須羽生線,11216,0,1.3,羽生市大沼一丁目1,8226,羽生市大沼一丁目1,8533,16759,1.33,0.81,20.7,34.9,22,50
11400840020,羽生栗橋線,加須羽生線,東北自動車道,11216,0,3.8,羽生市大沼一丁目1,8226,羽生市大沼一丁目1,8533,16759,1.33,0.81,34.6,32.2,22,50
11400840030,羽生栗橋線,東北自動車道,羽生市・加須市境,11216,0,0.6,,6807,,6664,13471,1.32,1.41,28.9,22.7,10.25,40
11400840040,羽生栗橋線,羽生市・加須市境,加須市・羽生市境,11210,0,0.6,,6807,,6664,13471,1.32,1.37,28.1,25.8,10.5,40
11400840050,羽生栗橋線,加須市・羽生市境,三田ヶ谷礼羽線,11216,0,0.2,,6807,,6664,13471,1.32,1.19,25.3,17.8,10.5,40
11400840060,羽生栗橋線,三田ヶ谷礼羽線,羽生市・加須市境,11216,0,1,加須市町屋新田1358-1,4109,加須市町屋新田1358-1,3855,7964,1.3,0.72,35.7,43.3,10.5,40
11400840070,羽生栗橋線,羽生市・加須市境,加須北川辺線,11210,0,1.3,加須市町屋新田1358-1,4109,加須市町屋新田1358-1,3855,7964,1.3,0.76,43.1,39.3,7.25,40
11400840080,羽生栗橋線,加須北川辺線,羽生栗橋線,11210,0,2.3,加須市町屋新田1358-1,4109,加須市町屋新田1358-1,3855,7964,1.3,0.76,30,34.7,7.25,40
11400840090,羽生栗橋線,羽生栗橋線,砂原北大桑線,11210,0,1.1,加須市町屋新田1358-1,4109,加須市町屋新田1358-1,3855,7964,1.3,0.76,38,35.7,7.25,40
11400840100,羽生栗橋線,砂原北大桑線,羽生外野栗橋線,11210,0,4.1,加須市町屋新田1358-1,4109,加須市町屋新田1358-1,3855,7964,1.3,0.76,27.3,25.5,7.25,40
11400840120,羽生栗橋線,羽生栗橋線,砂原北大桑線,11210,0,1.3,加須市新利根2-7,2617,加須市新利根2-7,2800,5417,1.26,0.57,34.2,35.7,16,40
11400850010,春日部久喜線,一般国道１６号,さいたま春日部線,11214,0,0.9,,1728,,1912,3640,1.23,0.51,16.6,19.4,7.25,30
11400850030,春日部久喜線,さいたま春日部線,春日部市・宮代町境,11214,0,1.9,,7299,,6317,13616,1.32,1.09,26,26.9,10.75,40
11400850040,春日部久喜線,春日部市・宮代町境,姫宮停車場線,11442,0,0.5,,7299,,6317,13616,1.32,1.27,36.6,34.2,13,40
11400850050,春日部久喜線,姫宮停車場線,蓮田杉戸線,11442,0,2.2,,7299,,6317,13616,1.32,0.9,33.4,31.3,11.25,40
11400850150,春日部久喜線,蓮田杉戸線,宮代町道,11442,0,0.6,,7195,,7322,14517,1.32,1.19,16.6,20.2,16,40
11400850080,春日部久喜線,宮代町道,蓮田杉戸線,11442,0,0.2,,7195,,7322,14517,1.32,1.25,27.1,15.3,15.25,40
11400850090,春日部久喜線,蓮田杉戸線,和戸停車場線,11442,0,4,,3248,,3396,6644,1.28,0.74,22.3,22.7,12.5,30
11400850100,春日部久喜線,和戸停車場線,さいたま幸手線,11442,0,0.4,,1765,,1618,3383,1.23,0.39,25.1,14.7,11,40
11400850105,春日部久喜線,さいたま幸手線,宮代町道,11442,0,1.4,,1765,,1618,3383,1.23,0.39,19.2,31.3,11,40
11400850170,春日部久喜線,宮代町道,宮代町・久喜市境,11442,0,0.3,,1765,,1618,3383,1.23,0.41,24.6,29.4,15.75,40
11400850180,春日部久喜線,宮代町・久喜市境,久喜市道,11232,0,1,,1765,,1618,3383,1.23,0.43,17.8,14.3,14.5,40
11400850120,春日部久喜線,久喜市道,上尾久喜線,11232,0,0.5,,1765,,1618,3383,1.23,0.47,21,14.1,14.5,40
11400850130,春日部久喜線,上尾久喜線,さいたま栗橋線,11232,0,1.2,,1765,,1618,3383,1.23,0.47,20.2,15.1,14.5,40
11400860010,花園本庄線,一般国道１４０号,深谷寄居線,11218,0,2.6,深谷市武蔵野3427,1222,深谷市武蔵野3427,1315,2537,1.21,0.39,27.4,25.6,14,40
11400860030,花園本庄線,深谷寄居線,寄居岡部深谷線,11218,0,2.9,深谷市櫛引100,2735,深谷市櫛引100,2762,5497,1.26,0.5,35.7,30.7,10.5,40
11400860040,花園本庄線,寄居岡部深谷線,熊谷児玉線,11218,0,0.8,深谷市櫛引100,2735,深谷市櫛引100,2762,5497,1.26,0.5,36.9,31.4,10.5,40
11400860060,花園本庄線,熊谷児玉線,児玉町蛭川普済寺線,11218,0,3,埼玉県深谷市榛沢７８１,3841,埼玉県深谷市榛沢７８１,3921,7762,1.3,0.81,37.1,37.4,6.75,40
11400860070,花園本庄線,児玉町蛭川普済寺線,児玉町蛭川普済寺線,11218,0,1.1,埼玉県深谷市榛沢７８１,3841,埼玉県深谷市榛沢７８１,3921,7762,1.3,0.81,21.5,28,6.75,40
11400860080,花園本庄線,児玉町蛭川普済寺線,深谷市・本庄市境,11218,0,1.1,埼玉県深谷市榛沢７８１,3841,埼玉県深谷市榛沢７８１,3921,7762,1.3,0.81,28.8,32,6.75,40
11400860090,花園本庄線,深谷市・本庄市境,藤岡本庄線,11211,0,1.1,埼玉県深谷市榛沢７８１,3841,埼玉県深谷市榛沢７８１,3921,7762,1.3,0.78,31,18.4,11.25,40
11400860130,花園本庄線,本庄寄居線,一般国道４６２号,11211,0,2.2,,,,,,,,26.5,23.7,12.75,50
11400870010,上尾久喜線,一般国道１７号,上尾市・伊奈町境,11219,0,2.6,,7637,,6858,14495,1.32,1.06,19,21.9,12.25,40
11400870020,上尾久喜線,上尾市・伊奈町境,蓮田鴻巣線,11301,0,0,,7637,,6858,14495,1.32,1.21,16.6,10,16,40
11400870030,上尾久喜線,蓮田鴻巣線,さいたま菖蒲線,11301,0,0.4,,7637,,6858,14495,1.32,1.21,13.2,15.1,16,40
11400870040,上尾久喜線,さいたま菖蒲線,伊奈町・蓮田市境,11301,0,1.5,,7637,,6858,14495,1.32,1.21,14.9,23.2,16,40
11400870050,上尾久喜線,伊奈町・蓮田市境,行田蓮田線,11238,0,1.1,,7637,,6858,14495,1.32,1,30.5,12.6,7.75,40
11400870060,上尾久喜線,行田蓮田線,一般国道１２２号,11238,0,0.8,,7637,,6858,14495,1.32,1,16.2,15.2,7.75,40
11400870070,上尾久喜線,一般国道１２２号,蓮田市・白岡市境,11238,0,1,,4308,,4574,8882,1.35,0.77,19.4,26.8,7.75,40
11400870080,上尾久喜線,蓮田市・白岡市境,白岡市・久喜市境,11246,0,0.7,,4308,,4574,8882,1.35,0.87,28.1,18.3,7.5,40
11400870090,上尾久喜線,白岡市・久喜市境,久喜市・白岡市境,11232,0,0.1,,4308,,4574,8882,1.35,1.03,12.3,8,8.5,40
11400870100,上尾久喜線,久喜市・白岡市境,白岡市・久喜市境,11246,0,0.1,,4308,,4574,8882,1.35,1.28,9.2,16.3,6,40
11400870110,上尾久喜線,白岡市・久喜市境,春日部菖蒲線,11232,0,0.5,,3203,,3303,6506,1.27,0.69,24.1,23.8,8.25,40
11400870120,上尾久喜線,春日部菖蒲線,さいたま栗橋線,11232,0,1.2,,3203,,3303,6506,1.27,0.69,25.4,21.8,8.25,40
11400870130,上尾久喜線,さいたま栗橋線,蓮田白岡久喜線,11232,0,0.6,久喜市北青柳210-1,5814,久喜市北青柳210-1,6581,12395,1.32,1,7,16.4,8.25,40
11400870140,上尾久喜線,蓮田白岡久喜線,春日部久喜線,11232,0,1.9,久喜市北青柳210-1,5814,久喜市北青柳210-1,6581,12395,1.32,1.13,17.5,15.4,6,40
11400880010,和光インター線,一般国道２５４号,新座和光線,11229,0,0.1,和光市新倉2-2-39,2727,和光市新倉2-2-39,2758,5485,1.27,0.7,9.9,13.2,7,40
11400880020,和光インター線,新座和光線,東京外環自動車道,11229,0,0.4,和光市新倉2-2-39,2727,和光市新倉2-2-39,2758,5485,1.27,0.7,10.4,21.8,7,40
11400880030,和光インター線,東京外環自動車道,新倉蕨線,11229,0,0.4,和光市新倉2-2-39,2727,和光市新倉2-2-39,2758,5485,1.27,0.7,28.4,13.9,7,40
11400880035,和光インター線,新倉蕨線,和光インター線,11229,0,1.5,和光市新倉2-2-39,2727,和光市新倉2-2-39,2758,5485,1.27,0.7,15.9,15,7,40
11400880040,和光インター線,和光インター線,練馬川口線,11229,0,1.8,和光市下新倉5-19-35,8372,和光市下新倉5-19-35,8313,16685,1.27,1.7,16.1,12.7,7,40
11400880060,和光インター線,東京外環自動車道,和光インター線,11229,0,0.5,,,,,,,,14.9,14.6,7.75,40
11400890010,川口停車場線,,根岸本町線,11203,0,0.4,川口市本町4-1,5767,川口市本町4-1,3656,9423,1.31,1.08,16,6.3,20,40
11400890020,川口停車場線,根岸本町線,一般国道１２２号,11203,0,0.4,川口市本町4-1,5767,川口市本町4-1,3656,9423,1.31,1.08,10.9,4.7,20,40
11400900010,大宮停車場線,,鴻巣桶川さいたま線,11103,0,0.1,さいたま市大宮区大門町１丁目３２,4270,さいたま市大宮区大門町１丁目３２,4138,8408,1.8,0.65,7.1,5.9,15,40
11400900020,大宮停車場線,鴻巣桶川さいたま線,さいたま春日部線,11103,0,0.4,さいたま市大宮区大門町１丁目３２,4270,さいたま市大宮区大門町１丁目３２,4138,8408,1.8,0.65,7.2,6.8,15,40
11400910010,熊谷停車場線,,一般国道１７号,11202,0,0.2,,11242,,6339,17581,1.33,1.5,9.4,8.6,25,40
11601020010,平方東京線,野田岩槻線,越谷野田線,11222,0,4.3,越谷市船渡1760,1122,越谷市船渡1760,1104,2226,1.21,0.55,31.3,29.1,4.5,30
11601020030,平方東京線,越谷野田線,一般国道４号東埼玉道路,11222,0,3.3,越谷市増森2-122,4849,越谷市増森2-122,4568,9417,1.3,0.71,19.1,26.3,11.25,40
11601020040,平方東京線,一般国道４号東埼玉道路,越谷流山線,11222,0,1.6,越谷市増森2-122,4849,越谷市増森2-122,4568,9417,1.3,0.71,29.9,27.4,11.25,40
11601020060,平方東京線,越谷流山線,越谷市・草加市境,11222,0,1,,7692,,6343,14035,1.4,1.45,18.7,27.1,12.5,50
11601020070,平方東京線,越谷市・草加市境,柿木町蒲生線,11221,0,0.6,,7692,,6343,14035,1.4,1.09,35.6,24,12.25,50
11601020080,平方東京線,柿木町蒲生線,草加市・八潮市境,11221,0,0.9,埼玉県草加市柿木町162,7325,埼玉県草加市柿木町162,5267,12592,1.39,0.89,22.2,24.7,12.25,50
11601020090,平方東京線,草加市・八潮市境,一般国道２９８号,11234,0,1.1,埼玉県草加市柿木町162,7325,埼玉県草加市柿木町162,5267,12592,1.39,1.04,26.1,11.5,12,50
11601020110,平方東京線,草加流山線,一般国道２９８号,11234,0,0.3,埼玉県八潮市浮塚409-1,9355,埼玉県八潮市浮塚409-1,9597,18952,1.34,1.08,4.5,25.2,7.25,40
11601020120,平方東京線,一般国道２９８号,草加八潮三郷線,11234,0,1.2,埼玉県八潮市浮塚409-1,9355,埼玉県八潮市浮塚409-1,9597,18952,1.34,1.08,35.7,31.9,7.25,40
11601020130,平方東京線,草加八潮三郷線,松戸草加線,11234,0,1.8,埼玉県八潮市浮塚409-1,9355,埼玉県八潮市浮塚409-1,9597,18952,1.34,1.08,19.3,15.4,7.25,40
11601020140,平方東京線,松戸草加線,越谷八潮線,11234,0,1.6,埼玉県八潮市浮塚409-1,9355,埼玉県八潮市浮塚409-1,9597,18952,1.34,1.08,16.2,18.7,7.25,40
11601020150,平方東京線,越谷八潮線,八潮三郷線,11234,0,0.5,埼玉県八潮市浮塚409-1,9355,埼玉県八潮市浮塚409-1,9597,18952,1.34,1.08,17.8,10.3,7.25,40
11601020160,平方東京線,八潮三郷線,高速６号三郷線,11234,0,0,埼玉県八潮市浮塚409-1,9355,埼玉県八潮市浮塚409-1,9597,18952,1.34,1.08,12.6,9.3,7.25,40
11601020170,平方東京線,高速６号三郷線,,11234,0,0.9,埼玉県八潮市浮塚409-1,9355,埼玉県八潮市浮塚409-1,9597,18952,1.34,1.08,15.9,10.6,7.25,40
11601030010,吉場安行東京線,大間木蕨線,,11109,0,1.2,さいたま市緑区下山口新田11,3122,さいたま市緑区下山口新田11,3365,6487,1.27,0.64,12.4,22.9,14.6,40
11601030020,吉場安行東京線,,一般国道１２２号,11203,0,1.5,,3139,,3228,6367,1.27,0.61,19.4,15.4,11.25,40
11601030030,吉場安行東京線,一般国道１２２号,さいたま鳩ヶ谷線,11203,0,0.2,,3139,,3228,6367,1.27,0.61,5,9,11.25,40
11601030040,吉場安行東京線,さいたま鳩ヶ谷線,越谷川口線,11203,0,1.9,,3139,,3228,6367,1.27,0.61,18.8,20.7,11.25,40
11601030050,吉場安行東京線,越谷川口線,一般国道２９８号,11203,0,0.5,,3139,,3228,6367,1.27,0.61,11,13.7,11.25,40
11601030060,吉場安行東京線,一般国道２９８号,金明町鳩ヶ谷線,11203,0,1.4,川口市安行領家324,5539,川口市安行領家324,5468,11007,1.3,1.23,16.6,19.3,9,40
11601030070,吉場安行東京線,金明町鳩ヶ谷線,さいたま草加線,11203,0,1.4,川口市安行領家324,5539,川口市安行領家324,5468,11007,1.3,1.23,18.6,22.5,9,40
11601030080,吉場安行東京線,さいたま草加線,さいたま草加線,11203,0,0.1,川口市安行領家324,5539,川口市安行領家324,5468,11007,1.3,0.48,17.6,9,25,40
11601030090,吉場安行東京線,さいたま草加線,川口市・草加市境,11203,0,0,埼玉県草加市谷塚上町94-10,6445,埼玉県草加市谷塚上町94-10,6524,12969,1.31,0.47,12,13.9,25,40
11601030100,吉場安行東京線,川口市・草加市境,草加市・川口市境,11221,0,0.1,埼玉県草加市谷塚上町94-10,6445,埼玉県草加市谷塚上町94-10,6524,12969,1.31,1.2,13.8,16.1,25,40
11601030110,吉場安行東京線,草加市・川口市境,川口市・草加市境,11203,0,1.1,埼玉県草加市谷塚上町94-10,6445,埼玉県草加市谷塚上町94-10,6524,12969,1.31,1.16,16.2,10.2,10.5,40
11601030120,吉場安行東京線,川口市・草加市境,川口草加線,11221,0,0.8,埼玉県草加市谷塚上町94-10,6445,埼玉県草加市谷塚上町94-10,6524,12969,1.31,1.17,13.6,15.1,11.25,40
11601030130,吉場安行東京線,川口草加線,吉場安行東京線,11221,0,1.2,埼玉県草加市谷塚上町94-10,6445,埼玉県草加市谷塚上町94-10,6524,12969,1.31,1.17,17.6,14.4,11.25,40
11601040010,川口草加線,東京川口線,川口草加線,11203,0,1.4,川口市弥平2-21-11,5491,川口市弥平2-21-11,6282,11773,1.31,1.09,17.3,17.4,9,40
11601040030,川口草加線,台東川口線,吉場安行東京線,11221,0,1.6,草加市新里町1210,5075,草加市新里町1210,4779,9854,1.3,0.86,13.1,14.8,11.25,40
11601040040,川口草加線,吉場安行東京線,一般国道４号,11221,0,0.6,草加市新里町1210,5075,草加市新里町1210,4779,9854,1.3,0.86,13.3,8.3,11.25,40
11601040050,川口草加線,一般国道４号,足立越谷線,11221,0,1,草加市新里町1210,5075,草加市新里町1210,4779,9854,1.3,0.86,8.8,10.5,11.25,40
11601050010,さいたま鳩ヶ谷線,さいたま春日部線,さいたま幸手線,11104,0,0.8,さいたま市見沼区膝子57番地4先,5386,さいたま市見沼区膝子57番地4先,5445,10831,1.35,0.84,10.5,12.2,10,40
11601050020,さいたま鳩ヶ谷線,さいたま幸手線,さいたま市見沼区・さいたま市緑区境,11104,0,2.3,さいたま市見沼区膝子57番地4先,5386,さいたま市見沼区膝子57番地4先,5445,10831,1.35,0.84,25.4,28.1,10,40
11601050030,さいたま鳩ヶ谷線,さいたま市見沼区・さいたま市緑区境,新方須賀さいたま線,11109,0,0.7,さいたま市見沼区膝子57番地4先,5386,さいたま市見沼区膝子57番地4先,5445,10831,1.35,0.83,33.4,22.1,10,40
11601050040,さいたま鳩ヶ谷線,新方須賀さいたま線,新方須賀さいたま線,11109,0,0.6,さいたま市見沼区膝子57番地4先,5386,さいたま市見沼区膝子57番地4先,5445,10831,1.35,0.83,13.8,11.6,10,40
11601050050,さいたま鳩ヶ谷線,新方須賀さいたま線,一般国道４６３号,11109,0,2.5,さいたま市見沼区膝子57番地4先,5386,さいたま市見沼区膝子57番地4先,5445,10831,1.35,0.83,20.8,16.8,10,40
11601050060,さいたま鳩ヶ谷線,一般国道４６３号,一般国道１２２号,11109,0,0.4,さいたま市緑区東大門1-11-16,4520,さいたま市緑区東大門1-11-16,3860,8380,1.3,0.79,14,5.5,15.7,40
11601050070,さいたま鳩ヶ谷線,一般国道１２２号,一般国道４６３号,11109,0,0.2,さいたま市緑区東大門1-11-16,4520,さいたま市緑区東大門1-11-16,3860,8380,1.3,0.79,4.1,19.1,15.7,40
11601050090,さいたま鳩ヶ谷線,一般国道４６３号,,11109,0,0.4,さいたま市緑区東大門1-11-16,4520,さいたま市緑区東大門1-11-16,3860,8380,1.3,0.82,12.5,21.7,8.25,40
11601050100,さいたま鳩ヶ谷線,,吉場安行東京線,11203,0,2.6,,4032,,3302,7334,1.28,0.87,17.4,14.6,6.25,30
11601050110,さいたま鳩ヶ谷線,吉場安行東京線,一般国道２９８号,11203,0,0.9,,4032,,3302,7334,1.28,0.87,18.2,20.6,6.25,30
11601050120,さいたま鳩ヶ谷線,一般国道２９８号,足立川口線,11203,0,0.6,,1767,,1770,3537,1.23,0.38,9.3,14.8,6.25,30
11601050130,さいたま鳩ヶ谷線,足立川口線,,11203,0,0.8,川口市桜町2丁目4番地24先,2786,川口市桜町2丁目4番地24先,2765,5551,1.24,0.59,17.5,20.7,14,30
11601050140,さいたま鳩ヶ谷線,,越谷川口線,11203,0,0.4,川口市桜町2丁目4番地24先,2786,川口市桜町2丁目4番地24先,2765,5551,1.24,0.59,27.5,22.1,14,30
11601050150,さいたま鳩ヶ谷線,越谷川口線,蕨桜町線,11203,0,0.3,川口市桜町2丁目4番地24先,2786,川口市桜町2丁目4番地24先,2765,5551,1.24,0.59,18.2,21.9,14,30
11601050160,さいたま鳩ヶ谷線,蕨桜町線,金明町鳩ヶ谷線,11203,0,0.2,川口市桜町2丁目4番地24先,2786,川口市桜町2丁目4番地24先,2765,5551,1.24,0.59,16.7,17.1,14,30
11601050170,さいたま鳩ヶ谷線,金明町鳩ヶ谷線,さいたま草加線,11203,0,0.5,川口市桜町2丁目4番地24先,2786,川口市桜町2丁目4番地24先,2765,5551,1.24,0.59,12,9.4,14,30
11601050180,さいたま鳩ヶ谷線,さいたま草加線,一般国道１２２号,11203,0,0.5,川口市桜町2丁目4番地24先,2786,川口市桜町2丁目4番地24先,2765,5551,1.24,0.59,18.1,14.8,14,30
11601060010,東京鳩ヶ谷線,東京鳩ヶ谷線,一般国道１２２号,11203,0,2,川口市八幡木2-30-19,3412,川口市八幡木2-30-19,3723,7135,1.28,0.67,17.5,14.3,16,40
11601070010,東京川口線,東京川口線,足立川口線,11203,0,0.2,川口市新井町17-22,6705,川口市新井町17-22,7295,14000,1.32,1.21,7.9,16,15.25,40
11601070020,東京川口線,足立川口線,川口草加線,11203,0,1.6,川口市新井町17-22,6705,川口市新井町17-22,7295,14000,1.32,1.21,18.5,17.4,15.25,40
11601070030,東京川口線,川口草加線,一般国道１２２号,11203,0,1,川口市新井町17-22,6705,川口市新井町17-22,7295,14000,1.32,1.21,15.9,11.1,15.25,40
11601080010,東京朝霞線,東京朝霞線,東京朝霞線,11230,0,0,,5582,,5698,11280,1.31,1.04,14.7,6.5,25,40
11601080020,東京朝霞線,東京朝霞線,新座市・朝霞市境,11230,0,0.6,,5582,,5698,11280,1.31,1.04,9.8,20.8,25,40
11601080030,東京朝霞線,新座市・朝霞市境,一般国道２５４号,11227,0,0.6,,5582,,5698,11280,1.31,0.89,21.5,6.8,25.25,40
11601080040,東京朝霞線,一般国道２５４号,新座和光線,11227,0,0.1,,5582,,5698,11280,1.31,0.89,7,9.3,25.25,40
11601080060,東京朝霞線,,東京朝霞線,11230,0,0.5,,5276,,6466,11742,1.31,1.13,11.9,11,12.25,40
11601090010,新座和光線,一般国道２５４号,新座和光線,11230,0,0.2,,7189,,7417,14606,1.32,1.21,3.1,10.4,11,40
11601090020,新座和光線,新座和光線,さいたま東村山線,11230,0,1.2,,7189,,7417,14606,1.32,1.21,11.3,18.1,11,40
11601090030,新座和光線,さいたま東村山線,新座市・朝霞市境,11230,0,1.2,,7189,,7417,14606,1.32,1.21,14.6,14.5,11,40
11601090040,新座和光線,新座市・朝霞市境,保谷志木線,11227,0,0.4,,7189,,7417,14606,1.32,1.06,16.4,13.7,10,40
11601090060,新座和光線,保谷志木線,朝霞蕨線,11227,0,0.6,朝霞市膝折町3-2-68,7065,朝霞市膝折町3-2-68,6242,13307,1.32,1.27,10.5,12.2,12.5,40
11601090080,新座和光線,朝霞蕨線,東京朝霞線,11227,0,0.6,,6411,,5955,12366,1.31,1.14,19.2,11.8,11.75,40
11601090090,新座和光線,東京朝霞線,朝霞市・和光市境,11227,0,0.9,,6411,,5955,12366,1.31,1.14,15.5,17.1,11.75,40
11601090100,新座和光線,朝霞市・和光市境,和光志木線,11229,0,0.2,,6411,,5955,12366,1.31,1.18,21.4,12.6,11.5,40
11601090110,新座和光線,和光志木線,和光インター線,11229,0,0.7,,6411,,5955,12366,1.31,1.18,12.5,11.2,11.5,40
11601090120,新座和光線,和光インター線,一般国道２５４号,11229,0,1.2,,6411,,5955,12366,1.31,1.18,13.5,13.4,11.5,40
11601090140,新座和光線,一般国道２５４号,新座和光線,11230,0,0.3,新座市大和田4-7-13,339,新座市大和田4-7-13,6130,6469,1.33,0.88,13.2,10.7,8.75,40
11601100010,川口蕨線,練馬川口線,川口市・蕨市境,11203,0,1.2,川口市西川口1丁目19番地16先,3307,川口市西川口1丁目19番地16先,3344,6651,1.28,0.57,13.1,12,15,40
11601100020,川口蕨線,川口市・蕨市境,蕨停車場線,11223,0,1.8,川口市西川口1丁目19番地16先,3307,川口市西川口1丁目19番地16先,3344,6651,1.28,0.6,15.1,14.7,15,40
11601110010,蕨桜町線,蕨停車場線,蕨市・川口市境,11223,0,0.2,,6325,,6296,12621,1.32,0.94,8.9,8.9,9.5,40
11601110020,蕨桜町線,蕨市・川口市境,大間木蕨線,11203,0,0.3,,6325,,6296,12621,1.32,0.94,12.2,8.3,15,40
11601110030,蕨桜町線,大間木蕨線,川口上尾線,11203,0,1,,6325,,6296,12621,1.32,0.94,15.9,11.4,15,40
11601110040,蕨桜町線,川口上尾線,根岸本町線,11203,0,1.4,,6325,,6296,12621,1.32,0.94,14.3,14.8,15,40
11601110050,蕨桜町線,根岸本町線,,11203,0,0.7,埼玉県川口市上青木6-28-9,4370,埼玉県川口市上青木6-28-9,5076,9446,1.32,0.8,16.6,16.6,10,40
11601110060,蕨桜町線,,さいたま草加線,11203,0,0.5,,8127,,8652,16779,1.33,1.4,15.7,13.8,10,40
11601110070,蕨桜町線,さいたま草加線,一般国道１２２号,11203,0,0.4,,8127,,8652,16779,1.33,2.79,,12.9,6.25,40
11601110080,蕨桜町線,一般国道１２２号,さいたま鳩ヶ谷線,11203,0,0.5,,8127,,8652,16779,1.33,2.79,,16.2,6.25,40
11601120010,和光志木線,新座和光線,新倉蕨線,11229,0,0.9,朝霞市仲町2-10-14,6278,朝霞市仲町2-10-14,6514,12792,1.31,1.28,20.1,15.1,7.5,40
11601120020,和光志木線,新倉蕨線,和光市・朝霞市境,11229,0,0.2,朝霞市仲町2-10-14,6278,朝霞市仲町2-10-14,6514,12792,1.31,1.28,12.1,15.7,7.5,40
11601120030,和光志木線,和光市・朝霞市境,朝霞蕨線,11227,0,0.7,朝霞市仲町2-10-14,6278,朝霞市仲町2-10-14,6514,12792,1.31,1.38,14.6,13.9,8.5,40
11601120040,和光志木線,朝霞蕨線,ふじみ野朝霞線,11227,0,2.5,朝霞市朝志ヶ丘4-3-35,6161,朝霞市朝志ヶ丘4-3-35,6425,12586,1.31,1,20.6,21.8,8.5,40
11601120050,和光志木線,ふじみ野朝霞線,朝霞市・志木市境,11227,0,1.2,朝霞市朝志ヶ丘4-3-35,6161,朝霞市朝志ヶ丘4-3-35,6425,12586,1.31,1,13,15.5,8.5,40
11601120060,和光志木線,朝霞市・志木市境,保谷志木線,11228,0,0.5,朝霞市朝志ヶ丘4-3-35,6161,朝霞市朝志ヶ丘4-3-35,6425,12586,1.31,0.95,15.3,11.9,8.25,40
11601130010,川越新座線,一般国道１６号,南古谷停車場線,11201,0,2.5,川越市並木810番地先,5614,川越市並木810番地先,5174,10788,1.35,0.83,17.4,17.8,12.25,40
11601130020,川越新座線,南古谷停車場線,川越市・富士見市境,11201,0,2.9,川越市並木810番地先,5614,川越市並木810番地先,5174,10788,1.35,0.83,25.9,33.4,12.25,40
11601130030,川越新座線,川越市・富士見市境,さいたまふじみ野所沢線,11235,0,0.3,川越市並木810番地先,5614,川越市並木810番地先,5174,10788,1.35,0.82,32.9,13.7,11.25,40
11601130050,川越新座線,さいたまふじみ野所沢線,東大久保ふじみ野線,11235,0,1.5,埼玉県志木市上宗岡3-18-8,4091,埼玉県志木市上宗岡3-18-8,3559,7650,1.29,0.68,27.7,32.4,10,40
11601130060,川越新座線,東大久保ふじみ野線,三芳富士見線,11235,0,1.1,埼玉県志木市上宗岡3-18-8,4091,埼玉県志木市上宗岡3-18-8,3559,7650,1.29,0.68,30.2,20.6,10,40
11601130070,川越新座線,三芳富士見線,富士見市・志木市境,11235,0,2.2,埼玉県志木市上宗岡3-18-8,4091,埼玉県志木市上宗岡3-18-8,3559,7650,1.29,0.68,21,25,10,40
11601130080,川越新座線,富士見市・志木市境,一般国道４６３号,11228,0,0.4,埼玉県志木市上宗岡3-18-8,4091,埼玉県志木市上宗岡3-18-8,3559,7650,1.29,0.65,28.3,9.6,10,40
11601130100,川越新座線,保谷志木線,志木市・新座市境,11228,0,2.4,志木市幸町4-3-6,6370,志木市幸町4-3-6,6193,12563,1.31,1.01,14.5,19.1,18,40
11601130110,川越新座線,志木市・新座市境,新座和光線,11230,0,1.3,志木市幸町4-3-6,6370,志木市幸町4-3-6,6193,12563,1.31,1.01,17.9,9.8,8.75,40
11601140010,川越越生線,一般国道１６号,鯨井狭山線,11201,0,2.6,川越市池辺1516,10572,川越市池辺1516,10470,21042,1.35,1.27,12.6,17.1,18,40
11601140020,川越越生線,鯨井狭山線,川越日高線,11201,0,1,,7228,,6500,13728,1.32,0.96,19.4,12.4,12.25,40
11601140030,川越越生線,川越日高線,鯨井狭山線,11201,0,2,,7228,,6500,13728,1.32,0.96,11.3,9.6,12.25,40
11601140040,川越越生線,鯨井狭山線,川越市・鶴ヶ島市境,11201,0,2.4,,7228,,6500,13728,1.32,0.96,20.5,19.2,12.25,40
11601140050,川越越生線,川越市・鶴ヶ島市境,一般国道４０７号,11241,0,2.5,,7228,,6500,13728,1.32,0.71,17.2,13.6,16,40
11601140060,川越越生線,一般国道４０７号,鶴ヶ島市・坂戸市境,11241,0,2.2,埼玉県鶴ヶ島市下新田３?３,4991,埼玉県鶴ヶ島市下新田３?３,4658,9649,1.3,0.75,17.6,16.4,7.5,40
11601140070,川越越生線,鶴ヶ島市・坂戸市境,日高川島線,11239,0,0.1,埼玉県鶴ヶ島市下新田３?３,4991,埼玉県鶴ヶ島市下新田３?３,4658,9649,1.3,0.76,8.5,5.5,7.25,40
11601140080,川越越生線,日高川島線,坂戸市・毛呂山町境,11239,0,1.1,,7666,,6995,14661,1.32,1.22,13,24.5,7.25,40
11601140090,川越越生線,坂戸市・毛呂山町境,川越坂戸毛呂山線,11326,0,2.2,,7666,,6995,14661,1.32,1.01,27.3,20.2,12,40
11601140110,川越越生線,川越坂戸毛呂山線,岩殿岩井線,11326,0,0.4,,8778,,8069,16847,1.33,1.61,24.8,22,10.75,40
11601140120,川越越生線,岩殿岩井線,飯能寄居線,11326,0,0.4,,8778,,8069,16847,1.33,1.61,22.5,12.5,10.75,40
11601140130,川越越生線,飯能寄居線,毛呂山町・越生町境,11326,0,0.3,,8778,,8069,16847,1.33,1.61,20.9,23.1,10.75,40
11601140140,川越越生線,毛呂山町・越生町境,飯能寄居線,11327,0,0.4,,8778,,8069,16847,1.33,2.3,19.5,16.7,5.5,40
11601150010,越谷八潮線,一般国道４号,越谷野田線,11222,0,2.5,越谷市花田1-12-3,8602,越谷市花田1-12-3,7643,16245,1.33,1.19,15.9,21.5,16,40
11601150020,越谷八潮線,越谷野田線,越谷流山線,11222,0,2.9,越谷市花田1-12-3,8602,越谷市花田1-12-3,7643,16245,1.33,1.19,14.6,12.5,16,40
11601150040,越谷八潮線,越谷流山線,柿木町蒲生線,11222,0,1.9,埼玉県越谷市蒲生南町16-6,6912,埼玉県越谷市蒲生南町16-6,6861,13773,1.32,1.24,21.4,14.9,10.5,40
11601150050,越谷八潮線,柿木町蒲生線,越谷市・草加市境,11222,0,1.1,埼玉県越谷市蒲生南町16-6,6912,埼玉県越谷市蒲生南町16-6,6861,13773,1.32,1.19,17.2,18.3,16,40
11601150060,越谷八潮線,越谷市・草加市境,一般国道２９８号,11221,0,0.5,埼玉県越谷市蒲生南町16-6,6912,埼玉県越谷市蒲生南町16-6,6861,13773,1.32,1.22,13.8,10.5,16,40
11601150070,越谷八潮線,一般国道２９８号,草加流山線,11221,0,1.2,埼玉県越谷市蒲生南町16-6,6912,埼玉県越谷市蒲生南町16-6,6861,13773,1.32,1.22,9.6,7.6,16,40
11601150080,越谷八潮線,草加流山線,草加八潮三郷線,11221,0,1.4,,8386,,8687,17073,1.33,1.29,8.1,16.9,15.75,40
11601150090,越谷八潮線,草加八潮三郷線,草加市・八潮市境,11221,0,0.1,,8386,,8687,17073,1.33,1.29,11.9,16.7,15.75,40
11601150100,越谷八潮線,草加市・八潮市境,松戸草加線,11234,0,1,,8386,,8687,17073,1.33,1.29,15.8,12,16,40
11601150120,越谷八潮線,松戸草加線,平方東京線,11234,0,1,,6889,,6877,13766,1.32,1.07,13.9,22.1,16,40
11601160020,八潮三郷線,平方東京線,高速６号三郷線,11234,0,1.5,,12948,,13801,26749,1.37,1.24,17.8,22.7,28.5,50
11601160040,八潮三郷線,松戸草加線,八潮市・三郷市境,11234,0,0.8,,10107,,12514,22621,1.4,3.03,14,10.5,7.5,40
11601160050,八潮三郷線,八潮市・三郷市境,葛飾吉川松伏線,11237,0,0.3,,10107,,12514,22621,1.4,2.58,11.3,20.7,7.5,40
11601160060,八潮三郷線,葛飾吉川松伏線,東京外環自動車道,11237,0,1.3,,10107,,12514,22621,1.4,2.58,10.1,19.8,7.5,40
11601170010,蕨停車場線,,川口蕨線,11223,0,0.1,蕨市中央4-1-11,5136,蕨市中央4-1-11,5994,11130,1.31,0.92,16.1,6.4,16,30
11601170020,蕨停車場線,川口蕨線,蕨桜町線,11223,0,0.2,蕨市中央4-1-11,5136,蕨市中央4-1-11,5994,11130,1.31,0.92,14.2,6.8,16,30
11601170030,蕨停車場線,蕨桜町線,一般国道１７号,11223,0,0.9,蕨市中央4-1-11,5136,蕨市中央4-1-11,5994,11130,1.31,0.92,9.8,8.8,16,30
11601180010,北浦和停車場線,,一般国道１７号,11107,0,0.1,さいたま市浦和区北浦和４丁目３-１８,1762,さいたま市浦和区北浦和４丁目３-１８,1504,3266,1.23,0.36,9.6,6.7,25.1,30
11601190010,与野停車場線,一般国道１７号,,11105,0,0.3,さいたま市中央区下落合（大字） １０３９,1167,さいたま市中央区下落合（大字） １０３９,1680,2847,1.23,0.35,13.8,17.2,19.75,30
11601200010,上木崎与野停車場線,さいたま川口線,鴻巣桶川さいたま線,11107,0,0.6,さいたま市浦和区上木崎２丁目１４-１４,3957,さいたま市浦和区上木崎２丁目１４-１４,3984,7941,1.29,0.57,16,14.5,16,40
11601200020,上木崎与野停車場線,鴻巣桶川さいたま線,,11107,0,0.1,さいたま市浦和区上木崎２丁目１４-１４,3957,さいたま市浦和区上木崎２丁目１４-１４,3984,7941,1.29,0.57,3.3,7.8,16,40
11601210010,大宮停車場大成線,,さいたま春日部線,11103,0,0.5,さいたま市大宮区桜木町２丁目３０３,1407,,,1407,1.22,0.07,9.2,,15,30
11601260010,所沢堀兼狭山線,一般国道４６３号,さいたまふじみ野所沢線,11208,0,2.3,所沢市中富南1-1,14768,所沢市中富南1-1,14922,29690,1.36,0.79,19.1,20.7,25,50
11601260020,所沢堀兼狭山線,さいたまふじみ野所沢線,川越所沢線,11208,0,2.7,所沢市中富南1-1,14768,所沢市中富南1-1,14922,29690,1.36,0.79,15.4,20,25,50
11601260080,所沢堀兼狭山線,川越所沢線,所沢市・狭山市境,11208,0,0.8,,,,,,,,29.3,10.2,25,50
11601260070,所沢堀兼狭山線,所沢市・狭山市境,,11215,0,1.3,,,,,,,,31.1,34.1,27,50
11601260040,所沢堀兼狭山線,,川越入間線,11215,0,0.8,,,,,,,,11,12.8,25,50
11601260050,所沢堀兼狭山線,川越入間線,中新田入間川線,11215,0,2.3,狭山市狭山台2-2-32,11963,狭山市狭山台2-2-32,12989,24952,1.35,0.67,18.6,24.9,25,50
11601260060,所沢堀兼狭山線,中新田入間川線,一般国道１６号,11215,0,0.5,狭山市狭山台2-2-32,11963,狭山市狭山台2-2-32,12989,24952,1.35,0.67,45.3,15.1,25,50
11601270010,深谷飯塚線,一般国道１７号,原郷熊谷線,11218,0,1.2,,3437,,3398,6835,1.28,0.67,16.6,22.2,7.75,40
11601270020,深谷飯塚線,原郷熊谷線,由良深谷線,11218,0,0.2,,3437,,3398,6835,1.28,0.67,18.3,22.3,7.75,40
11601270030,深谷飯塚線,由良深谷線,一般国道１７号,11218,0,0.5,,3437,,3398,6835,1.28,0.67,27.2,22.7,7.75,40
11601270040,深谷飯塚線,一般国道１７号,一般国道１７号,11218,0,2.3,,3437,,3398,6835,1.28,0.67,29.8,26.1,7.75,40
11601270050,深谷飯塚線,一般国道１７号,深谷市・熊谷市境,11218,0,0.6,,3437,,3398,6835,1.28,0.67,21.7,29.3,7.75,40
11601270060,深谷飯塚線,深谷市・熊谷市境,新堀尾島線,11202,0,0.6,,3437,,3398,6835,1.28,0.69,41.7,33.8,7.25,40
11601270070,深谷飯塚線,新堀尾島線,本庄妻沼線,11202,0,1.8,,3437,,3398,6835,1.28,0.69,37.9,35.2,7.25,40
11601280010,熊谷羽生線,一般国道１７号,熊谷市道,11202,0,2.4,熊谷市上之499,2013,熊谷市上之499,1771,3784,1.29,0.32,16.8,17.3,7.25,40
11400830010,熊谷羽生線,熊谷市道,一般国道１７号,11202,0,0.5,,8677,,8838,17515,1.33,1.19,12.2,11.6,18,40
11301250490,熊谷羽生線,一般国道１７号,熊谷市・行田市境,11202,0,1.8,,7341,,7641,14982,1.33,0.83,29.3,25.2,11,50
11301250480,熊谷羽生線,熊谷市・行田市境,一般国道１７号,11206,0,0.9,,7341,,7641,14982,1.33,1.12,27.9,26.2,11,40
11301250470,熊谷羽生線,一般国道１７号,弥藤吾行田線,11206,0,1.9,行田市城西4-4,7587,行田市城西4-4,6866,14453,1.32,0.95,19.6,21.1,11,40
11301250460,熊谷羽生線,弥藤吾行田線,行田蓮田線,11206,0,0.3,行田市城西4-4,7587,行田市城西4-4,6866,14453,1.32,0.95,17,13.1,11,40
11301250450,熊谷羽生線,行田蓮田線,行田市停車場線,11206,0,0.1,行田市城西4-4,7587,行田市城西4-4,6866,14453,1.32,0.95,17.4,14.2,11,40
11301250440,熊谷羽生線,行田市停車場線,行田東松山線,11206,0,0.5,行田市城西4-4,7587,行田市城西4-4,6866,14453,1.32,0.95,22,20.5,11,40
11301250430,熊谷羽生線,行田東松山線,佐野行田線,11206,0,0.4,行田市城西4-4,7587,行田市城西4-4,6866,14453,1.32,0.95,19.2,15.6,11,40
11301250420,熊谷羽生線,佐野行田線,上中森鴻巣線,11206,0,0.8,行田市城西4-4,7587,行田市城西4-4,6866,14453,1.32,1.02,19.6,16.5,13.25,50
11301250410,熊谷羽生線,上中森鴻巣線,新郷停車場線,11206,0,2.5,,5219,,5945,11164,1.31,0.95,31.9,30,15,50
11301250400,熊谷羽生線,新郷停車場線,行田市・羽生市境,11206,0,1.2,,5219,,5945,11164,1.31,0.87,42.8,37.4,12,50
11301250390,熊谷羽生線,行田市・羽生市境,羽生市・行田市境,11216,0,0.3,,5219,,5945,11164,1.31,0.83,43.6,45.1,11,50
11301250380,熊谷羽生線,羽生市・行田市境,鴻巣羽生線,11206,0,0.3,,5219,,5945,11164,1.31,0.99,20.5,33.7,18,50
11301250370,熊谷羽生線,鴻巣羽生線,行田市・羽生市境,11206,0,0,,5219,,5945,11164,1.31,0.99,20.2,15.5,18,50
11301250360,熊谷羽生線,行田市・羽生市境,羽生市・加須市境,11216,0,0.2,,5219,,5945,11164,1.31,0.83,32.8,18.2,18,50
11301250350,熊谷羽生線,羽生市・加須市境,一般国道１２２号,11210,0,3,,5219,,5945,11164,1.31,1.01,27.6,40,10.75,50
11603030100,熊谷羽生線,一般国道１２５号,熊谷市道,11206,0,0.3,,823,,827,1650,1.21,0.24,20.1,20.8,13.25,40
11601280060,熊谷羽生線,熊谷市道,行田市停車場酒巻線,11206,0,2.1,,2184,,2145,4329,1.24,0.62,41.3,36,10,40
11601280070,熊谷羽生線,行田市停車場酒巻線,行田市道,11206,0,0.5,行田市斎条679,1534,行田市斎条679,1413,2947,1.23,0.43,35.5,32.4,6.5,40
11601280075,熊谷羽生線,行田市道,行田市道,11206,0,0.2,行田市斎条679,1534,行田市斎条679,1413,2947,1.23,0.43,28.5,31.9,6.5,40
11601280180,熊谷羽生線,行田市道,,11206,0,0.1,行田市斎条679,1534,行田市斎条679,1413,2947,1.23,0.48,20.8,29.5,5.75,30
11601280090,熊谷羽生線,,足利邑楽行田線,11206,0,1.7,行田市斎条679,1534,行田市斎条679,1413,2947,1.23,0.43,38.4,36.7,12,30
11601280100,熊谷羽生線,足利邑楽行田線,佐野行田線,11206,0,0.7,行田市斎条679,1534,行田市斎条679,1413,2947,1.23,0.43,33,32.6,12,30
11601280120,熊谷羽生線,佐野行田線,上新郷埼玉線,11216,0,0.5,,2107,,2224,4331,1.24,0.65,29.3,27.1,11.25,40
11601280130,熊谷羽生線,上新郷埼玉線,一般国道１２２号,11216,0,1.2,,2107,,2224,4331,1.24,0.65,22.8,24.7,11.25,40
11601280140,熊谷羽生線,一般国道１２２号,羽生外野栗橋線,11216,0,1.5,,2107,,2224,4331,1.24,0.65,19.4,18.4,11.25,40
11601280160,熊谷羽生線,,一般国道１７号,11202,0,1.2,熊谷市上之3885-1,4952,熊谷市上之3885-1,4788,9740,1.3,0.61,30.5,24.9,25,50
11601290010,加須羽生線,加須鴻巣線,三田ヶ谷礼羽線,11210,0,0.6,,2706,,2961,5667,1.26,0.55,21.3,34.5,6,40
11601290020,加須羽生線,三田ヶ谷礼羽線,三田ヶ谷礼羽線,11210,0,0.2,,2706,,2961,5667,1.26,0.55,26.6,18.6,6,40
11601290030,加須羽生線,三田ヶ谷礼羽線,加須市・羽生市境,11210,0,1.7,,2706,,2961,5667,1.26,0.55,26.6,18.6,6,40
11601290040,加須羽生線,加須市・羽生市境,一般国道１２５号,11216,0,0,,2706,,2961,5667,1.26,0.41,33.2,36.4,14.25,40
11601290050,加須羽生線,一般国道１２５号,南羽生停車場線,11216,0,3.1,,2706,,2961,5667,1.26,0.41,33.2,36.4,14.25,40
11601290060,加須羽生線,南羽生停車場線,羽生栗橋線,11216,0,0.4,羽生市南五丁目9-26,3784,羽生市南五丁目9-26,3913,7697,1.29,0.65,17.1,15.6,12.25,40
11601290070,加須羽生線,羽生栗橋線,羽生外野栗橋線,11216,0,0.9,羽生市南五丁目9-26,3784,羽生市南五丁目9-26,3913,7697,1.29,0.65,18.2,16.6,12.25,40
11601300010,小江川本田線,深谷東松山線,熊谷市・深谷市境,11202,0,2.1,,3423,,3680,7103,1.28,0.68,34.1,40.3,10,40
11601300020,小江川本田線,熊谷市・深谷市境,深谷嵐山線,11218,0,2,,3423,,3680,7103,1.28,0.64,47.1,34.9,10.25,40
11601310010,児玉新町線,一般国道２５４号,本庄市・神川町境,11211,0,1.2,,3021,,2986,6007,1.27,0.65,19.1,24.8,12,40
11601310020,児玉新町線,本庄市・神川町境,神川町・上里町境,11383,0,1.3,,3021,,2986,6007,1.27,0.57,29.7,32.1,12.25,40
11601310030,児玉新町線,神川町・上里町境,上里町・神川町境,11385,0,0,,3021,,2986,6007,1.27,0.56,27.2,39.9,11,40
11601310040,児玉新町線,上里町・神川町境,神川町・上里町境,11383,0,0,,3021,,2986,6007,1.27,0.52,35.9,44.3,11.25,40
11601310050,児玉新町線,神川町・上里町境,上里鬼石線,11385,0,1.8,,3021,,2986,6007,1.27,0.59,40.6,34.4,12,40
11601310060,児玉新町線,上里鬼石線,一般国道１７号,11385,0,3.6,上里町勅使河原631-6,3113,上里町勅使河原631-6,2752,5865,1.26,0.64,28.8,22.3,12,40
11601320010,宮原停車場線,,鴻巣桶川さいたま線,11102,0,0.1,さいたま市北区宮原町３丁目３１８,1271,さいたま市北区宮原町３丁目３１８,1695,2966,1.23,0.34,10.9,7.4,15,40
11601330010,上尾停車場線,鴻巣桶川さいたま線,一般国道１７号,11219,0,0.4,,6703,,7812,14515,1.32,1.12,7.3,7.5,16,40
11601340010,桶川停車場線,,鴻巣桶川さいたま線,11231,0,0.2,,3999,,3853,7852,1.29,0.65,7.2,5.5,6.75,30
11601350010,北本停車場線,,鴻巣桶川さいたま線,11233,0,0.1,,2417,,2607,5024,1.26,0.49,13.6,6.8,14,30
11601360010,鴻巣停車場線,,鴻巣桶川さいたま線,11217,0,0.2,鴻巣市本町4-3-3,2830,鴻巣市本町4-3-3,3262,6092,1.27,0.61,9.7,9.8,16,40
11601360020,鴻巣停車場線,鴻巣桶川さいたま線,一般国道１７号,11217,0,0.5,鴻巣市本町4-3-3,2830,鴻巣市本町4-3-3,3262,6092,1.27,0.61,15.6,13,16,40
11601370010,吹上停車場線,,行田東松山線,11217,0,0.1,,2417,,2607,5024,1.26,0.73,13.6,11.6,29.75,40
11601380010,行田停車場線,,一般国道１７号,11206,0,0.3,,2417,,2607,5024,1.26,0.49,12.3,9.5,18,30
11601390010,篭原停車場線,,一般国道１７号,11202,0,0.3,,2417,,2607,5024,1.26,0.67,24.1,13.7,7.25,40
11601410010,深谷停車場線,,深谷東松山線,11218,0,0.3,,2417,,2607,5024,1.26,0.62,12.4,11.6,17,30
11601420010,本庄停車場線,,本庄市道,11211,0,0.1,本庄市本庄1-6-1,3988,本庄市本庄1-6-1,3699,7687,1.29,0.6,14.2,13.1,15,30
11601420020,本庄停車場線,本庄市道,勅使河原本庄線,11211,0,0.3,本庄市本庄1-6-1,3988,本庄市本庄1-6-1,3699,7687,1.29,0.6,14.9,13.1,15,30
11601420030,本庄停車場線,勅使河原本庄線,勅使河原本庄線,11211,0,0.3,本庄市本庄1-6-1,3988,本庄市本庄1-6-1,3699,7687,1.29,0.6,11.5,15.7,15,30
11601430010,神保原停車場線,,勅使河原本庄線,11385,0,0.4,,4059,,3913,7972,1.29,0.73,23.4,14.7,6.5,30
11601430020,神保原停車場線,勅使河原本庄線,一般国道１７号,11385,0,0.1,,4059,,3913,7972,1.29,0.73,10.4,11.2,6.5,30
11601440010,東大宮停車場線,,さいたま菖蒲線,11104,0,0.3,さいたま市見沼区東大宮４丁目９-３,1164,さいたま市見沼区東大宮４丁目９-３,1070,2234,1.21,0.25,11.8,6.9,16.5,40
11601450010,白岡停車場南新宿線,,白岡市・蓮田市境,11246,0,1,,4389,,4398,8787,1.3,0.63,25,20.2,7.5,40
11601450020,白岡停車場南新宿線,白岡市・蓮田市境,さいたま栗橋線,11238,0,1,,4389,,4398,8787,1.3,0.59,19.6,16.8,7.5,40
11601460005,六万部久喜停車場線,川越栗橋線,,11232,0,0.6,久喜市下清久329,6472,久喜市下清久329,5940,12412,1.31,1.05,15.7,22,10,40
11601460050,六万部久喜停車場線,,さいたま栗橋線,11232,0,0.8,,,,,,,,22.1,9.8,16,40
11601460030,六万部久喜停車場線,さいたま栗橋線,,11232,0,1.4,久喜市本町六丁目1-16,5077,久喜市本町六丁目1-16,4700,9777,1.3,0.78,17.7,17.3,20,30
11601470010,栗橋停車場線,,羽生外野栗橋線,11232,0,0.9,久喜市栗橋北二丁目2744-63,1024,久喜市栗橋北二丁目2744-63,913,1937,1.2,0.21,15.9,18.2,7,30
11601480010,騎西鴻巣線,一般国道１２２号,内田ヶ谷鴻巣線,11210,0,1.1,,1652,,1785,3437,1.23,0.4,18.2,37.5,7,40
11601480020,騎西鴻巣線,内田ヶ谷鴻巣線,加須市・鴻巣市境,11210,0,1.9,,1652,,1785,3437,1.23,0.4,41.8,43.5,7,40
11601480030,騎西鴻巣線,加須市・鴻巣市境,鴻巣羽生線,11217,0,0.3,,1652,,1785,3437,1.23,0.43,26.3,25.4,6,40
11601480050,騎西鴻巣線,鴻巣羽生線,鴻巣市・行田市境,11217,0,0.7,,3894,,4037,7931,1.29,0.86,25.2,30.7,12.25,40
11601480060,騎西鴻巣線,鴻巣市・行田市境,上新郷埼玉線,11206,0,1.3,,3894,,4037,7931,1.29,0.68,45.2,38.7,8,40
11601480070,騎西鴻巣線,上新郷埼玉線,行田蓮田線,11206,0,0.2,,3894,,4037,7931,1.29,0.68,16.7,10.2,8,40
11601480080,騎西鴻巣線,行田蓮田線,一般国道１７号,11206,0,1.1,,3894,,4037,7931,1.29,0.68,19.9,19.6,8,40
11601480090,騎西鴻巣線,一般国道１７号,上中森鴻巣線,11206,0,0.3,,2768,,2641,5409,1.26,0.66,11.1,7.3,8,40
11601480100,騎西鴻巣線,上中森鴻巣線,行田市・鴻巣市境,11206,0,0.8,,2768,,2641,5409,1.26,0.66,20.7,25,8,40
11601480110,騎西鴻巣線,行田市・鴻巣市境,一般国道１７号,11217,0,1,,2768,,2641,5409,1.26,0.63,29.6,22.1,7.25,40
11400460010,加須菖蒲線,一般国道１２５号,加須幸手線,11210,0,0.4,,5106,,4779,9885,1.3,0.83,10,15.9,16.5,40
11601490010,加須菖蒲線,加須幸手線,加須幸手線,11210,0,0.3,加須市牛重1144-1,6220,加須市牛重1144-1,6014,12234,1.3,0.99,13.2,13.6,7.5,40
11601490020,加須菖蒲線,加須幸手線,加須幸手線,11210,0,0.3,加須市牛重1144-1,6220,加須市牛重1144-1,6014,12234,1.3,0.99,12.8,13.4,7.5,40
11601490025,加須菖蒲線,加須幸手線,久喜騎西線(下高柳バイパス),11210,0,1.5,加須市牛重1144-1,6220,加須市牛重1144-1,6014,12234,1.3,0.99,15.6,18.4,7.5,40
11601490030,加須菖蒲線,久喜騎西線(下高柳バイパス),久喜騎西線,11210,0,0.8,加須市牛重1144-1,6220,加須市牛重1144-1,6014,12234,1.3,0.99,24.5,19.9,7.5,40
11601490040,加須菖蒲線,久喜騎西線,一般国道１２２号,11210,0,2.5,加須市牛重1144-1,6220,加須市牛重1144-1,6014,12234,1.3,0.99,32.4,30.4,7.5,40
11301220490,加須菖蒲線,一般国道１２２号,加須市・久喜市境,11210,0,1,,4162,,3919,8081,1.29,0.82,27.2,26.2,13,40
11301220500,加須菖蒲線,加須市・久喜市境,さいたま菖蒲線,11232,0,1.1,,4162,,3919,8081,1.29,1.04,28.2,20.9,11.5,40
11601500010,上尾蓮田線,一般国道１７号,さいたま菖蒲線,11219,0,1.6,,5406,,4737,10143,1.3,1.02,12.7,15.4,16,40
11601500020,上尾蓮田線,さいたま菖蒲線,上尾市・伊奈町境,11219,0,0.5,,5406,,4737,10143,1.3,1.02,13.2,17.2,16,40
11601500030,上尾蓮田線,上尾市・伊奈町境,蓮田市道,11301,0,1.7,,5532,,5005,10537,1.3,0.82,18.1,20.2,8.25,40
11601500040,上尾蓮田線,蓮田市道,伊奈町・蓮田市境,11301,0,1.2,,5532,,5005,10537,1.3,0.82,17.8,22.6,8.25,40
11601500050,上尾蓮田線,伊奈町・蓮田市境,さいたま栗橋線,11238,0,0.4,,5406,,4737,10143,1.3,1.02,20.4,6,7.75,40
11601500060,上尾蓮田線,さいたま栗橋線,一般国道１２２号,11238,0,0.4,,5406,,4737,10143,1.3,1.02,6.5,10.1,7.75,40
11601510010,久喜騎西線,さいたま栗橋線,川越栗橋線,11232,0,1.7,加須市水深45,5284,加須市水深45,5301,10585,1.3,0.87,21.2,25.4,7.5,40
11601510020,久喜騎西線,川越栗橋線,久喜市・加須市境,11232,0,1.4,加須市水深45,5284,加須市水深45,5301,10585,1.3,0.87,19.5,37.8,7.5,40
11601510030,久喜騎西線,久喜市・加須市境,北中曽根北大桑線,11210,0,1.5,加須市水深45,5284,加須市水深45,5301,10585,1.3,0.86,44.4,37.1,12.25,40
11601510040,久喜騎西線,北中曽根北大桑線,加須市道,11210,0,0.6,加須市水深45,5284,加須市水深45,5301,10585,1.3,0.86,25.9,28.9,12.25,40
11601510050,久喜騎西線,加須市道,加須菖蒲線,11210,0,1.6,加須市水深45,5284,加須市水深45,5301,10585,1.3,0.86,31.2,31,12.25,40
11601510060,久喜騎西線,加須菖蒲線,加須鴻巣線,11210,0,1.4,加須市水深45,5284,加須市水深45,5301,10585,1.3,0.86,36.3,32.5,12.25,40
11601510070,久喜騎西線,加須鴻巣線,礼羽騎西線,11210,0,1.4,加須市水深45,5284,加須市水深45,5301,10585,1.3,0.86,30.2,33.7,12.25,40
11601510080,久喜騎西線,礼羽騎西線,一般国道１２２号,11210,0,1.3,加須市水深45,5284,加須市水深45,5301,10585,1.3,0.86,21.9,21.1,12.25,40
11601510100,久喜騎西線(下高柳バイパス),加須菖蒲線,加須鴻巣線,11210,0,0.9,加須市下高柳1654-1,3097,加須市下高柳1654-1,2761,5858,1.26,0.54,,,15,60
11601520010,加須幸手線,加須鴻巣線,加須菖蒲線,11210,0,0.3,,4145,,3678,7823,1.29,0.7,15.8,22.7,8,40
11601520030,加須幸手線,加須菖蒲線,一般国道１２５号,11210,0,1.4,埼玉県久喜市鷲宮３丁目２７?２２７８?１,6953,埼玉県久喜市鷲宮３丁目２７?２２７８?１,6731,13684,1.32,1.07,37.4,23.4,11.5,40
11601520040,加須幸手線,一般国道１２５号,北中曽根北大桑線,11210,0,2,埼玉県久喜市鷲宮３丁目２７?２２７８?１,6953,埼玉県久喜市鷲宮３丁目２７?２２７８?１,6731,13684,1.32,1.07,20.5,29,11.5,40
11601520050,加須幸手線,北中曽根北大桑線,加須市・久喜市境,11210,0,1.9,埼玉県久喜市鷲宮３丁目２７?２２７８?１,6953,埼玉県久喜市鷲宮３丁目２７?２２７８?１,6731,13684,1.32,1.07,27.6,31.7,11.5,40
11601520060,加須幸手線,加須市・久喜市境,鷲宮停車場線,11232,0,1,埼玉県久喜市鷲宮３丁目２７?２２７８?１,6953,埼玉県久喜市鷲宮３丁目２７?２２７８?１,6731,13684,1.32,1.35,27.3,25.1,11.25,40
11601520070,加須幸手線,鷲宮停車場線,さいたま栗橋線,11232,0,0.8,,6759,,7007,13766,1.32,1.47,26.6,16,9.5,40
11601520130,加須幸手線,さいたま栗橋線,久喜市・幸手市境,11232,0,2.5,久喜市八甫三丁目217-1,5091,久喜市八甫三丁目217-1,4472,9563,1.3,0.41,32.4,43,22,40
11601520140,加須幸手線,久喜市・幸手市境,阿佐間幸手線,11240,0,1,久喜市八甫三丁目217-1,5091,久喜市八甫三丁目217-1,4472,9563,1.3,0.39,57.1,49.5,20,60
11601520150,加須幸手線,阿佐間幸手線,一般国道４号,11240,0,1.1,久喜市八甫三丁目217-1,5091,久喜市八甫三丁目217-1,4472,9563,1.3,0.39,34.1,24.7,20,60
11301250290,加須幸手線,加須停車場線,一般国道１２５号,11210,0,1.4,,8730,,8145,16875,1.33,1.32,26.4,27.6,16,50
11601530010,幸手久喜線,さいたま幸手線,幸手市・久喜市境,11240,0,1,,5405,,5297,10702,1.3,1.13,9.5,13.3,7.75,30
11601530020,幸手久喜線,幸手市・久喜市境,さいたま栗橋線,11232,0,4,,5405,,5297,10702,1.3,0.87,20.4,17.6,18,40
11601540010,蓮田杉戸線,一般国道１２２号,蓮田白岡久喜線,11238,0,1.3,,3475,,3309,6784,1.34,0.8,16,21,9.25,30
11601540020,蓮田杉戸線,蓮田白岡久喜線,,11238,0,2.9,,3475,,3309,6784,1.34,0.8,29,31.8,9.25,30
11601540050,蓮田杉戸線,春日部菖蒲線,白岡市・宮代町境,11246,0,0.5,,2092,,2242,4334,1.24,0.44,18.5,44.3,12,40
11601540060,蓮田杉戸線,白岡市・宮代町境,春日部久喜線,11442,0,2.1,南埼玉郡宮代町金原63,2105,南埼玉郡宮代町金原63,2088,4193,1.25,0.58,30,28.8,12.25,40
11601540030,蓮田杉戸線,,さいたま幸手線,11110,0,0.3,さいたま市岩槻区鹿室３５０,3565,さいたま市岩槻区鹿室３５０,3315,6880,1.28,0.97,37.7,8.7,12,40
11400850060,蓮田杉戸線,春日部久喜線,宮代町道,11442,0,0.5,,5300,,5311,10611,1.3,0.95,17.6,30.5,8.25,30
11601540080,蓮田杉戸線,宮代町道,宮代町・杉戸町境,11442,0,0.4,,5300,,5311,10611,1.3,0.89,18.6,11.7,7.25,30
11601540090,蓮田杉戸線,宮代町・杉戸町境,堤根杉戸線,11464,0,0.1,,5300,,5311,10611,1.3,1.08,14.7,8.6,16,30
11601540100,蓮田杉戸線,堤根杉戸線,一般国道４号,11464,0,0.2,,5300,,5311,10611,1.3,1.08,9,8.2,16,30
11601590010,さいたま北袋線,一般国道１７号,新都心南通り線,11105,0,0.5,さいたま市浦和区上木崎１丁目８-２０,9107,さいたま市浦和区上木崎１丁目８-２０,8597,17704,1.25,0.58,11.9,17.4,23.5,40
11601590020,さいたま北袋線,新都心南通り線,鴻巣桶川さいたま線,11107,0,0.2,さいたま市浦和区上木崎１丁目８-２０,9107,さいたま市浦和区上木崎１丁目８-２０,8597,17704,1.25,0.64,16.4,22.4,23.5,40
11601590030,さいたま北袋線,鴻巣桶川さいたま線,川口上尾線,11107,0,0.6,さいたま市浦和区上木崎１丁目８-２０,9107,さいたま市浦和区上木崎１丁目８-２０,8597,17704,1.25,0.64,28.9,12,23.5,40
11601600010,川越北環状線,一般国道２５４号,片柳川越線,11201,0,1.7,川越市寺山405,11698,川越市寺山405,11376,23074,1.33,0.64,19.6,32.2,25,50
11601600020,川越北環状線,片柳川越線,川越坂戸毛呂山線,11201,0,0.6,川越市寺山405,11698,川越市寺山405,11376,23074,1.33,0.64,21.7,24.6,25,50
11601600030,川越北環状線,川越坂戸毛呂山線,川越日高線,11201,0,1.8,川越市寺山405,11698,川越市寺山405,11376,23074,1.33,0.64,8.2,19.4,25,50
11601600050,川越北環状線,川越日高線,一般国道１６号,11201,0,1.4,川越市上野田町20,9340,川越市上野田町20,9214,18554,1.33,1.29,10.2,11.6,16,40
11601610140,越谷川口線,足立越谷線,一般国道４号,11222,0,1.4,越谷市南越谷４丁目１８?１２,5328,越谷市南越谷４丁目１８?１２,6001,11329,1.31,0.89,12,9.1,16,40
11601610020,越谷川口線,一般国道４号,蒲生岩槻線,11222,0,0.5,,7843,,7533,15376,1.33,1.34,7.3,15.7,9.75,40
11601610030,越谷川口線,蒲生岩槻線,越谷市・草加市境,11222,0,0.7,,7843,,7533,15376,1.33,1.34,12.3,19,9.75,40
11601610040,越谷川口線,越谷市・草加市境,草加市・川口市境,11221,0,0.8,埼玉県草加市新栄2-14-3,5568,埼玉県草加市新栄2-14-3,5938,11506,1.32,1.24,20,18.7,12,40
11601610050,越谷川口線,草加市・川口市境,東大門安行西立野線,11203,0,1,埼玉県草加市新栄2-14-3,5568,埼玉県草加市新栄2-14-3,5938,11506,1.32,1.24,14.9,12.8,13,40
11601610060,越谷川口線,東大門安行西立野線,吉場安行東京線,11203,0,0.1,埼玉県草加市新栄2-14-3,5568,埼玉県草加市新栄2-14-3,5938,11506,1.32,1.24,14.1,11.3,13,40
11601610070,越谷川口線,吉場安行東京線,一般国道２９８号,11203,0,0.4,埼玉県草加市新栄2-14-3,5568,埼玉県草加市新栄2-14-3,5938,11506,1.32,1.24,10.1,9.1,13,40
11601610080,越谷川口線,一般国道２９８号,足立川口線,11203,0,0.9,,2088,,2184,4272,1.24,0.41,9.3,9.7,13,40
11601610090,越谷川口線,足立川口線,,11203,0,0.7,,2333,,2192,4525,1.25,0.43,14.7,19.9,10,40
11601610100,越谷川口線,,さいたま鳩ヶ谷線,11203,0,0.4,,2333,,2192,4525,1.25,0.43,19.2,17.7,10,40
11601620005,蓮田白岡久喜線,蓮田杉戸線,東北自動車道,11238,0,2.1,,3767,,3716,7483,1.29,0.84,16.9,20.3,12,40
11601620010,蓮田白岡久喜線,東北自動車道,蓮田市・白岡市境,11238,0,0.5,,3767,,3716,7483,1.29,0.84,38.9,46.5,12,40
11601620020,蓮田白岡久喜線,蓮田市・白岡市境,白岡市・久喜市境,11246,0,5.4,,3767,,3716,7483,1.29,0.66,29.3,27.7,7,40
11601620030,蓮田白岡久喜線,白岡市・久喜市境,上尾久喜線,11232,0,0.3,,4148,,3475,7623,1.29,0.68,27.9,10.6,11.7,40
11601620040,蓮田白岡久喜線,上尾久喜線,さいたま栗橋線,11232,0,0.7,,4148,,3475,7623,1.29,0.83,30,24.1,6.25,40
11601630010,狭山ふじみ野線,川越所沢線,川越市・ふじみ野市境,11201,0,1,,4385,,4577,8962,1.3,1,13,25.3,8,40
11601630020,狭山ふじみ野線,川越市・ふじみ野市境,さいたまふじみ野所沢線,11245,0,1.9,ふじみ野市亀久保1807番地3先,6699,ふじみ野市亀久保1807番地3先,5807,12506,1.35,0.49,27.9,17,8,40
11601640010,鴻巣桶川さいたま線,一般国道１７号,鎌塚鴻巣線,11217,0,0.6,,4332,,3854,8186,1.29,0.77,16.7,23.5,10.75,40
11601640020,鴻巣桶川さいたま線,鎌塚鴻巣線,鴻巣停車場線,11217,0,0.9,,4332,,3854,8186,1.29,0.77,16.7,11.8,10.75,40
11601640030,鴻巣桶川さいたま線,鴻巣停車場線,東松山鴻巣線,11217,0,0.4,,4332,,3854,8186,1.29,0.77,13.7,11.1,10.75,40
11601640050,鴻巣桶川さいたま線,さいたま鴻巣線,北本停車場線,11233,0,2.1,,5783,,5226,11009,1.31,0.82,24.5,26,16,40
11601640060,鴻巣桶川さいたま線,北本停車場線,下石戸上菖蒲線,11233,0,0.8,,5783,,5226,11009,1.31,0.82,15,12.9,16,40
11601640070,鴻巣桶川さいたま線,下石戸上菖蒲線,東松山桶川線,11233,0,1.7,桶川市北2丁目4-14,6747,桶川市北2丁目4-14,6899,13646,1.33,0.97,20.8,20.7,16,40
11601640080,鴻巣桶川さいたま線,東松山桶川線,北本市・桶川市境,11233,0,0.6,桶川市北2丁目4-14,6747,桶川市北2丁目4-14,6899,13646,1.33,0.97,13.2,18.1,16,40
11601640090,鴻巣桶川さいたま線,北本市・桶川市境,川越栗橋線,11231,0,0.6,桶川市北2丁目4-14,6747,桶川市北2丁目4-14,6899,13646,1.33,1.11,21.6,12.2,11.25,40
11601640100,鴻巣桶川さいたま線,川越栗橋線,桶川停車場線,11231,0,0.7,,5752,,6155,11907,1.31,0.84,10.5,15.2,11.25,40
11601640110,鴻巣桶川さいたま線,桶川停車場線,桶川市・上尾市境,11231,0,0.7,,5752,,6155,11907,1.31,0.84,18.2,20.3,11.25,40
11601640120,鴻巣桶川さいたま線,桶川市・上尾市境,上尾環状線,11219,0,0.9,,5752,,6155,11907,1.31,0.78,24.5,24.6,17.5,40
11601640130,鴻巣桶川さいたま線,上尾環状線,上尾停車場線,11219,0,2,,5752,,6155,11907,1.31,0.78,16.5,13.9,17.5,40
11601640140,鴻巣桶川さいたま線,上尾停車場線,川越上尾線,11219,0,0.9,,5752,,6155,11907,1.31,0.78,12.1,12.8,17.5,40
11601640150,鴻巣桶川さいたま線,川越上尾線,,11219,0,1,,5709,,6190,11899,1.31,0.8,15,24.2,17.5,40
11601640160,鴻巣桶川さいたま線,,宮原停車場線,11102,0,2.3,さいたま市北区宮原町４丁目１０２-５,7222,さいたま市北区宮原町４丁目１０２-５,7752,14974,1.32,1.2,18.6,19,10.5,40
11601640170,鴻巣桶川さいたま線,宮原停車場線,一般国道１７号,11102,0,0.8,さいたま市北区宮原町４丁目１０２-５,7222,さいたま市北区宮原町４丁目１０２-５,7752,14974,1.32,1.2,20.5,17.5,10.5,40
11601640180,鴻巣桶川さいたま線,一般国道１７号,加茂宮広路線,11102,0,0.8,さいたま市大宮区土手町1丁目303番地先,10201,さいたま市大宮区土手町1丁目303番地先,8944,19145,1.33,1.67,14.9,17.5,10.5,40
11601640190,鴻巣桶川さいたま線,加茂宮広路線,さいたま市北区・さいたま市大宮区境,11102,0,1.2,さいたま市大宮区土手町1丁目303番地先,10201,さいたま市大宮区土手町1丁目303番地先,8944,19145,1.33,1.67,15.6,16.5,10.5,40
11601640200,鴻巣桶川さいたま線,さいたま市北区・さいたま市大宮区境,さいたま春日部線,11103,0,1,さいたま市大宮区土手町1丁目303番地先,10201,さいたま市大宮区土手町1丁目303番地先,8944,19145,1.33,1.4,17.7,9.1,15.25,40
11601640220,鴻巣桶川さいたま線,大宮停車場線,新方須賀さいたま線,11103,0,0.7,さいたま市大宮区下町１丁目６,5814,さいたま市大宮区下町１丁目６,6086,11900,1.32,0.85,10.7,12.1,17,40
11601640230,鴻巣桶川さいたま線,新方須賀さいたま線,けやき通北線,11103,0,0.5,さいたま市浦和区北浦和１丁目４-１,5824,さいたま市浦和区北浦和１丁目４-１,4906,10730,1.3,0.82,17.3,22.1,17,40
11601640240,鴻巣桶川さいたま線,けやき通北線,けやき通中央線,11103,0,0.2,さいたま市浦和区北浦和１丁目４-１,5824,さいたま市浦和区北浦和１丁目４-１,4906,10730,1.3,0.82,13.7,14,17,40
11601640250,鴻巣桶川さいたま線,けやき通中央線,さいたまふじみ野所沢線,11103,0,0.1,さいたま市浦和区北浦和１丁目４-１,5824,さいたま市浦和区北浦和１丁目４-１,4906,10730,1.3,0.82,24.7,18,17,40
11601640260,鴻巣桶川さいたま線,さいたまふじみ野所沢線,さいたま市大宮区・さいたま市浦和区境,11103,0,0.5,さいたま市浦和区北浦和１丁目４-１,5824,さいたま市浦和区北浦和１丁目４-１,4906,10730,1.3,0.82,17.9,15.2,17,40
11601640270,鴻巣桶川さいたま線,さいたま市大宮区・さいたま市浦和区境,さいたま北袋線,11107,0,0.2,さいたま市浦和区北浦和１丁目４-１,5824,さいたま市浦和区北浦和１丁目４-１,4906,10730,1.3,1.01,15.5,10.3,12.85,30
11601640280,鴻巣桶川さいたま線,さいたま北袋線,上木崎与野停車場線,11107,0,0.3,さいたま市浦和区北浦和１丁目４-１,5824,さいたま市浦和区北浦和１丁目４-１,4906,10730,1.3,1.01,17,11.3,12.85,30
11601640290,鴻巣桶川さいたま線,上木崎与野停車場線,さいたま幸手線,11107,0,1.4,さいたま市浦和区北浦和１丁目４-１,5824,さいたま市浦和区北浦和１丁目４-１,4906,10730,1.3,1.01,15.4,15.5,12.85,30
11601650010,大谷本郷さいたま線,川越上尾線,一般国道１７号,11219,0,2,,2042,,2222,4264,1.24,0.56,25.3,26.3,6.5,30
11601650030,大谷本郷さいたま線,一般国道１７号,上野さいたま線,11101,0,1.4,さいたま市西区清河寺８６７,1250,さいたま市西区清河寺８６７,1194,2444,1.21,0.33,28.2,20.4,11.2,30
11601650040,大谷本郷さいたま線,上野さいたま線,一般国道１６号,11101,0,0.9,さいたま市西区宮前町856番地先,1667,さいたま市西区宮前町856番地先,1875,3542,1.23,0.32,18,15,11.2,30
11601650050,大谷本郷さいたま線,一般国道１６号,さいたま春日部線,11101,0,1.7,さいたま市西区三橋６丁目３９６,2980,さいたま市西区三橋６丁目３９６,3864,6844,1.28,0.62,16.9,14.9,7.5,30
11601650060,大谷本郷さいたま線,さいたま春日部線,さいたまふじみ野所沢線,11101,0,1.4,さいたま市西区三橋６丁目３９６,2980,さいたま市西区三橋６丁目３９６,3864,6844,1.28,0.62,16,19.9,7.5,30
11601650080,大谷本郷さいたま線,新方須賀さいたま線,さいたま市大宮区・さいたま市中央区境,11103,0,1.4,さいたま市中央区本町東３丁目８-１３,5622,さいたま市中央区本町東３丁目８-１３,5155,10777,1.21,1.08,13.1,15.4,7.5,40
11601650090,大谷本郷さいたま線,さいたま市大宮区・さいたま市中央区境,さいたまふじみ野所沢線,11105,0,0.1,さいたま市中央区本町東３丁目８-１３,5622,さいたま市中央区本町東３丁目８-１３,5155,10777,1.21,1.08,12.7,16,7.5,40
11601650100,大谷本郷さいたま線,さいたまふじみ野所沢線,宗岡さいたま線,11105,0,0.5,さいたま市中央区本町東３丁目８-１３,5622,さいたま市中央区本町東３丁目８-１３,5155,10777,1.21,1.08,12.5,15,7.5,40
11601650110,大谷本郷さいたま線,宗岡さいたま線,宗岡さいたま線,11105,0,0.9,さいたま市中央区本町東３丁目８-１３,5622,さいたま市中央区本町東３丁目８-１３,5155,10777,1.21,1.08,14.8,17.7,7.5,40
11601650120,大谷本郷さいたま線,宗岡さいたま線,宗岡さいたま線,11105,0,0.5,さいたま市中央区本町東３丁目８-１３,5622,さいたま市中央区本町東３丁目８-１３,5155,10777,1.21,1.08,12.5,13.5,7.5,40
11601650130,大谷本郷さいたま線,宗岡さいたま線,一般国道４６３号,11105,0,0.9,さいたま市中央区本町東３丁目８-１３,5622,さいたま市中央区本町東３丁目８-１３,5155,10777,1.21,1.08,17.5,15.6,7.5,40
11601650140,大谷本郷さいたま線,一般国道４６３号,さいたま市中央区・さいたま市桜区境,11105,0,0.6,さいたま市中央区鈴谷2丁目781番地先,4084,さいたま市中央区鈴谷2丁目781番地先,3906,7990,1.28,0.66,9.1,16.4,7.5,40
11601650150,大谷本郷さいたま線,さいたま市中央区・さいたま市桜区境,さいたま鴻巣線,11106,0,0.5,さいたま市中央区鈴谷2丁目781番地先,4084,さいたま市中央区鈴谷2丁目781番地先,3906,7990,1.28,0.65,24.7,19.8,7.5,40
11601650170,大谷本郷さいたま線,さいたま鴻巣線,さいたま東村山線,11106,0,1.4,さいたま市桜区西堀６丁目１４－２４,4697,さいたま市桜区西堀６丁目１４－２４,3553,8250,1.3,0.73,13.9,15.7,13.35,40
11601710010,ときがわ坂戸線,飯能寄居線,ときがわ坂戸線,11349,0,2.4,鳩山町須江234,2794,鳩山町須江234,3255,6049,1.27,0.56,35,34.7,9.75,40
11601710020,ときがわ坂戸線,ときがわ坂戸線,ときがわ坂戸線,11349,0,0.7,鳩山町須江234,2794,鳩山町須江234,3255,6049,1.27,0.56,22.1,26.4,9.75,40
11601710030,ときがわ坂戸線,ときがわ坂戸線,ときがわ町・鳩山町境,11349,0,0.6,鳩山町須江234,2794,鳩山町須江234,3255,6049,1.27,0.56,35.7,40.1,9.75,40
11601710040,ときがわ坂戸線,ときがわ町・鳩山町境,東松山越生線,11348,0,2.9,鳩山町須江234,2794,鳩山町須江234,3255,6049,1.27,0.56,42.1,40.5,9.5,40
11601710060,ときがわ坂戸線,東松山越生線,岩殿岩井線,11348,0,2.1,,5563,,6281,11844,1.31,1.25,29.1,31.5,9.25,40
11601710070,ときがわ坂戸線,岩殿岩井線,鳩山町・毛呂山町境,11348,0,0.3,,5563,,6281,11844,1.31,1.25,15,19.5,9.25,40
11601710080,ときがわ坂戸線,鳩山町・毛呂山町境,毛呂山町・坂戸市境,11326,0,0.8,,5563,,6281,11844,1.31,1.07,32.4,38.9,7.5,40
11601710090,ときがわ坂戸線,毛呂山町・坂戸市境,川越坂戸毛呂山線,11239,0,1,,3171,,3513,6684,1.28,0.67,33.1,25.4,7.25,40
11601710120,ときがわ坂戸線,ときがわ坂戸線,大野東松山線,11349,0,0.8,,3514,,3827,7341,1.28,0.69,24.4,22.7,7.5,40
11601710130,ときがわ坂戸線,大野東松山線,ときがわ坂戸線,11349,0,0.4,,3514,,3827,7341,1.28,0.69,20.2,20.1,7.5,40
11601720010,大野東松山線,,西平小川線,11349,0,10.3,ときがわ町大野2095-7,400,ときがわ町大野2095-7,372,772,1.19,0.15,33.7,34,4.5,40
11601720020,大野東松山線,西平小川線,飯能寄居線,11349,0,3,ときがわ町大野2095-7,400,ときがわ町大野2095-7,372,772,1.19,0.15,40.4,39.2,4.5,40
11601720030,大野東松山線,飯能寄居線,明覚停車場線,11349,0,1.5,ときがわ町大野2095-7,400,ときがわ町大野2095-7,372,772,1.19,0.15,29,27.8,4.5,40
11601720040,大野東松山線,明覚停車場線,ときがわ坂戸線,11349,0,1,ときがわ町大野2095-7,400,ときがわ町大野2095-7,372,772,1.19,0.15,33.5,28.1,4.5,40
11601720060,大野東松山線,ときがわ坂戸線,ときがわ町・嵐山町境,11349,0,1.2,,4483,,4482,8965,1.3,0.78,34,37.5,9,40
11601720070,大野東松山線,ときがわ町・嵐山町境,嵐山町・東松山市境,11342,0,2.6,,4483,,4482,8965,1.3,0.8,37,38.5,10.25,40
11601720080,大野東松山線,嵐山町・東松山市境,高坂上唐子線,11212,0,0.9,,4483,,4482,8965,1.3,0.75,37.5,21.1,10,40
11601720090,大野東松山線,高坂上唐子線,一般国道２５４号,11212,0,0.7,,4483,,4482,8965,1.3,0.84,31.7,31.7,9.75,40
11601730010,ときがわ熊谷線,ときがわ坂戸線,ときがわ町・嵐山町境,11349,0,1.4,嵐山町鎌形2857,3996,嵐山町鎌形2857,4034,8030,1.22,0.63,36.4,40.4,10.25,40
11601730020,ときがわ熊谷線,ときがわ町・嵐山町境,一般国道２５４号,11342,0,2.5,嵐山町鎌形2857,3996,嵐山町鎌形2857,4034,8030,1.22,0.64,39.2,34.3,12,40
11601730040,ときがわ熊谷線,深谷嵐山線,滑川町・嵐山町境,11341,0,0.6,滑川町水房110-1,2427,滑川町水房110-1,2416,4843,1.26,0.54,22.8,24.1,7.25,40
11601730050,ときがわ熊谷線,滑川町・嵐山町境,嵐山町・滑川町境,11342,0,1.1,滑川町水房110-1,2427,滑川町水房110-1,2416,4843,1.26,0.61,26.4,29.6,10.25,50
11601730060,ときがわ熊谷線,嵐山町・滑川町境,深谷東松山線,11341,0,2.6,滑川町水房110-1,2427,滑川町水房110-1,2416,4843,1.26,0.6,41.9,39.9,12,50
11601730080,ときがわ熊谷線,深谷東松山線,福田鴻巣線,11341,0,0.9,,7856,,7291,15147,1.33,0.52,51.8,46.8,23.75,40
11601730090,ときがわ熊谷線,福田鴻巣線,滑川町・熊谷市境,11341,0,2.5,,7856,,7291,15147,1.33,0.52,48.4,49,23.75,40
11601730100,ときがわ熊谷線,滑川町・熊谷市境,武蔵丘陵森林公園広瀬線,11202,0,1.8,,7856,,7291,15147,1.33,0.78,56.7,62.7,23.75,40
11601730110,ときがわ熊谷線,武蔵丘陵森林公園広瀬線,熊谷小川秩父線,11202,0,1.1,,7856,,7291,15147,1.33,0.78,43.3,36.8,23.75,40
11601750010,小前田児玉線,一般国道１４０号,深谷寄居線,11218,0,1.2,,3642,,3849,7491,1.29,0.73,18.8,18.9,7,40
11601750020,小前田児玉線,深谷寄居線,深谷市・寄居町境,11218,0,1.3,,3642,,3849,7491,1.29,0.73,28.5,34.9,7,40
11601750030,小前田児玉線,深谷市・寄居町境,寄居岡部深谷線,11408,0,1,,3642,,3849,7491,1.29,0.7,33,31.2,11.25,40
11601750040,小前田児玉線,寄居岡部深谷線,寄居町・美里町境,11408,0,0.7,,3642,,3849,7491,1.29,0.7,26.6,28.6,11.25,40
11601750050,小前田児玉線,寄居町・美里町境,本庄寄居線,11381,0,0.9,,3948,,3893,7841,1.29,0.74,38.2,31.6,10.25,40
11302540605,小前田児玉線,本庄寄居線,一般国道２５４号,11381,0,0.5,,3948,,3893,7841,1.29,0.83,25.8,18.8,9,60
11302540970,小前田児玉線,一般国道２５４号,一般国道４６２号,11211,0,1.7,本庄市児玉町児玉1223,1505,本庄市児玉町児玉1223,1581,3086,1.21,0.33,27.8,29.2,10,40
11601780010,北河原熊谷線,羽生妻沼線,上中条斉条線,11206,0,1.3,行田市南河原386,650,行田市南河原386,696,1346,1.22,0.16,33.7,30.6,10.25,40
11601780020,北河原熊谷線,上中条斉条線,行田市・熊谷市境,11206,0,1.8,行田市南河原386,650,行田市南河原386,696,1346,1.22,0.16,32.5,32.6,10.25,40
11601780030,北河原熊谷線,行田市・熊谷市境,弥藤吾行田線,11202,0,0.7,行田市南河原386,650,行田市南河原386,696,1346,1.22,0.6,37.6,32.9,5.75,40
11601790010,所沢青梅線,一般国道４６３号,練馬所沢線,11208,0,4.5,所沢市本郷1106,6698,所沢市本郷1106,7266,13964,1.32,1.05,18.8,19.3,14,40
11601790030,所沢青梅線,川越所沢線,一般国道４６３号,11208,0,0.4,,9482,,9372,18854,1.34,1.33,11.2,13.3,14,40
11601790050,所沢青梅線,一般国道４６３号,狭山ヶ丘停車場線,11208,0,4,,6930,,7756,14686,1.42,1.12,13.5,18.4,8.25,40
11601790060,所沢青梅線,狭山ヶ丘停車場線,所沢市・入間市境,11208,0,1.3,,6930,,7756,14686,1.42,1.12,27.8,26,8.25,40
11601790070,所沢青梅線,所沢市・入間市境,所沢青梅線,11225,0,1.9,,4595,,4577,9172,1.3,0.85,26.4,19.4,7.75,40
11601800010,南古谷停車場線,,川越新座線,11201,0,0.2,,2417,,2607,5024,1.26,0.52,13.4,8.6,18,40
11601810010,武蔵高萩停車場線,,川越日高線,11242,0,0.1,日高市高萩620-4,536,日高市高萩620-4,609,1145,1.21,0.14,7.1,6,6.75,30
11601820010,高麗川停車場線,,日高市,11242,0,0.1,,3999,,3853,7852,1.29,0.56,32.7,18,25.25,40
11601820020,高麗川停車場線,日高市,飯能寄居線,11242,0,0.3,,,,,,,,15,13.7,18,40
11601830010,次木杉戸線,,西宝珠花屏風線,11214,0,0.6,春日部市上吉妻337,444,春日部市上吉妻337,403,847,1.14,0.13,10.4,8.3,9,40
11601830020,次木杉戸線,西宝珠花屏風線,西宝珠花春日部線,11214,0,0.3,春日部市上吉妻337,444,春日部市上吉妻337,403,847,1.14,0.13,7.9,26.4,9,40
11601830030,次木杉戸線,西宝珠花春日部線,春日部市・杉戸町境,11214,0,2.3,春日部市上吉妻337,444,春日部市上吉妻337,403,847,1.14,0.13,29.1,39.4,9,40
11601830040,次木杉戸線,春日部市・杉戸町境,松伏春日部関宿線,11464,0,0.9,春日部市上吉妻337,444,春日部市上吉妻337,403,847,1.14,0.11,25.9,21.7,16,40
11601830050,次木杉戸線,松伏春日部関宿線,一般国道４号,11464,0,0.3,北葛飾郡杉戸町並塚1018,2872,北葛飾郡杉戸町並塚1018,2901,5773,1.27,0.6,17,13.4,6.75,40
11601830060,次木杉戸線,一般国道４号,惣新田春日部線,11464,0,0.9,北葛飾郡杉戸町並塚1018,2872,北葛飾郡杉戸町並塚1018,2901,5773,1.27,0.6,20.3,26,6.75,40
11601830070,次木杉戸線,惣新田春日部線,惣新田春日部線,11464,0,0.3,北葛飾郡杉戸町並塚1018,2872,北葛飾郡杉戸町並塚1018,2901,5773,1.27,0.6,7,23.5,6.75,40
11601830080,次木杉戸線,惣新田春日部線,並塚幸手線,11464,0,0.4,北葛飾郡杉戸町並塚1018,2872,北葛飾郡杉戸町並塚1018,2901,5773,1.27,0.6,16.5,17.7,6.75,40
11601830090,次木杉戸線,並塚幸手線,一般国道４号,11464,0,3,北葛飾郡杉戸町並塚1018,2872,北葛飾郡杉戸町並塚1018,2901,5773,1.27,0.6,30,27.3,6.75,40
11601840010,本田小川線,深谷嵐山線,深谷市・寄居町境,11218,0,1.2,,2338,,2042,4380,1.24,0.57,42,46.1,6.25,40
11601840020,本田小川線,深谷市・寄居町境,菅谷寄居線,11408,0,0.8,,2338,,2042,4380,1.24,0.54,36,34,11,40
11601840030,本田小川線,菅谷寄居線,寄居町・小川町境,11408,0,0.4,小川町高谷1622-2,535,小川町高谷1622-2,610,1145,1.3,0.19,30.7,32.8,11,40
11601840040,本田小川線,寄居町・小川町境,菅谷寄居線,11343,0,1.1,小川町高谷1622-2,535,小川町高谷1622-2,610,1145,1.3,0.18,46.3,37.5,12,40
11601840045,本田小川線,菅谷寄居線,本田小川線,11343,0,1.2,小川町高谷1622-2,535,小川町高谷1622-2,610,1145,1.3,0.18,32.6,38.5,12,40
11601840050,本田小川線,本田小川線,熊谷小川秩父線,11343,0,1.3,小川町高谷1622-2,535,小川町高谷1622-2,610,1145,1.3,0.18,38.9,30.1,12,40
11601840090,本田小川線,本田小川線,熊谷小川秩父線,11343,0,0.9,,,,,,,,28.3,38.9,13.5,50
11601850010,東飯能停車場線,,馬引沢飯能線,11209,0,0.1,,2417,,2607,5024,1.26,0.59,11.4,10.2,11,40
11601850020,東飯能停車場線,馬引沢飯能線,一般国道２９９号,11209,0,0.3,,2417,,2607,5024,1.26,0.59,17.8,16.5,11,40
11601860010,毛呂停車場鎌北湖線,,飯能寄居線,11326,0,0.2,,3999,,3853,7852,1.29,0.83,20.5,11,7,40
11601860030,毛呂停車場鎌北湖線,飯能寄居線,,11326,0,3.3,,515,,497,1012,1.2,0.25,18.5,37.2,10,40
11601870010,越生停車場線,,飯能寄居線,11327,0,0.1,,2447,,2638,5085,1.26,0.52,11.7,8,10.75,30
11601880010,明覚停車場線,,大野東松山線,11349,0,0.1,,113,,109,222,1.37,0.05,4,5,12.75,30
11601890010,小川町停車場線,,一般国道２５４号,11343,0,0.4,小川町大塚45-1,3255,小川町大塚45-1,1461,4716,1.24,0.46,20.4,13.3,13,40
11601900010,寄居停車場線,,飯能寄居線,11408,0,0.2,,2417,,2607,5024,1.26,0.53,17.1,11.4,10.25,30
11601910010,児玉停車場線,,一般国道４６２号,11211,0,0.4,,4059,,3913,7972,1.29,0.57,24.1,20.5,18.5,40
11601930010,下畑軍畑線,青梅飯能線,下畑軍畑線,11209,0,1.2,,1433,,1582,3015,1.22,0.45,34.4,39.6,8.25,40
11601950010,富岡入間線,富岡入間線,二本木飯能線,11209,0,2.8,,6018,,5869,11887,1.31,0.8,34.5,32.6,12.25,40
11601950020,富岡入間線,二本木飯能線,飯能市・入間市境,11209,0,1.6,,6018,,5869,11887,1.31,0.8,22.6,30.2,12.25,40
11601950030,富岡入間線,飯能市・入間市境,一般国道２９９号,11225,0,2.5,,6018,,5869,11887,1.31,1.17,20.2,19.1,16,40
11601950040,富岡入間線,一般国道２９９号,富岡入間線,11225,0,0.8,,6018,,5869,11887,1.31,1.17,17.9,12.5,16,40
11601950050,富岡入間線,富岡入間線,一般国道２９９号,11225,0,1.1,,6018,,5869,11887,1.31,1.17,17.8,21.7,16,40
11601950070,富岡入間線,富岡入間線,一般国道２９９号,11225,0,0.6,,5237,,5032,10269,1.3,1.06,24.8,11.4,9.5,40
11601960010,新郷停車場線,,上新郷埼玉線,11216,0,0.1,,2447,,2638,5085,1.26,0.83,14.5,14.5,6,40
11603640010,新郷停車場線,上新郷埼玉線,羽生市・行田市境,11216,0,2,羽生市大字上新郷151,1318,羽生市大字上新郷151,1316,2634,1.21,0.3,38.4,36.4,7.25,40
11603640020,新郷停車場線,羽生市・行田市境,一般国道１２５号,11206,0,0.2,羽生市大字上新郷151,1318,羽生市大字上新郷151,1316,2634,1.21,0.3,29.9,14.7,12.25,40
11603640030,新郷停車場線,一般国道１２５号,熊谷羽生線,11206,0,1.4,羽生市大字上新郷151,1318,羽生市大字上新郷151,1316,2634,1.21,0.3,31,30.5,12.25,40
11601970010,武州荒木停車場線,,佐野行田線,11206,0,0.2,,3666,,3342,7008,1.28,0.51,5.1,6.5,7.5,30
11601980010,行田市停車場線,,行田市停車場酒巻線,11206,0,0.1,,2417,,2607,5024,1.26,0.62,15.7,15.7,11,30
11601980020,行田市停車場線,行田市停車場酒巻線,熊谷羽生線,11206,0,0.2,,2417,,2607,5024,1.26,0.62,12.4,12.3,11,30
11601990010,行田市停車場酒巻線,行田市停車場線,一般国道１２５号,11206,0,1.6,行田市谷郷2-13-9,3231,行田市谷郷2-13-9,2942,6173,1.26,0.67,24.2,23.7,11,40
11601990070,行田市停車場酒巻線,一般国道１２５号,熊谷羽生線,11206,0,1.1,,,,,,,,37.1,39,16.25,40
11601990090,行田市停車場酒巻線,熊谷羽生線,上中条斉条線,11206,0,1.1,,,,,,,,43.7,43.6,14.5,60
11603620040,行田市停車場酒巻線,上中条斉条線,行田市道,11206,0,0.6,行田市大字犬塚1388,1174,行田市大字犬塚1388,1368,2542,1.21,0.4,36.3,16.1,21.25,40
11601990050,行田市停車場酒巻線,行田市道,羽生妻沼線,11206,0,1.3,,2899,,2641,5540,1.26,0.5,42.5,34.1,6.25,40
11602000010,石原停車場線,,一般国道１７号,11202,0,0.6,,2417,,2607,5024,1.26,0.77,15.9,13.5,7.25,30
11602010010,岩田樋口停車場線,長瀞玉淀自然公園線,一般国道１４０号,11363,0,0.5,,515,,497,1012,1.2,0.29,28.2,32.5,6.25,30
11602020010,野上停車場線,,一般国道１４０号,11363,0,0.1,,3666,,3342,7008,1.28,0.65,3.8,9.1,5.75,30
11602030010,長瀞停車場線,,一般国道１４０号,11363,0,0.1,長瀞町長瀞532-6,1388,長瀞町長瀞532-6,1316,2704,1.21,0.3,7,10.7,27.5,30
11602040010,上長瀞停車場線,,一般国道１４０号,11363,0,0.2,,3666,,3342,7008,1.28,0.47,10.4,8.4,15.5,30
11602050010,親鼻停車場線,,下戦場塩貝戸線,11362,0,0.1,,4059,,3913,7972,1.29,0.87,5.1,3.5,5.5,30
11602050020,親鼻停車場線,下戦場塩貝戸線,皆野両神荒川線,11362,0,0,,4059,,3913,7972,1.29,0.87,19.5,16.7,5.5,30
11602060010,皆野停車場線,,皆野荒川線,11362,0,0,,2367,,2555,4922,1.26,0.53,8,5.7,7.25,40
11602060030,皆野停車場線,皆野荒川線,一般国道１４０号,11362,0,1.2,,2367,,2555,4922,1.26,0.45,33.8,27.3,9.25,40
11602070010,大野原停車場線,,一般国道１４０号,11207,0,0.4,,2490,,2682,5172,1.26,1.06,23.2,13.2,7.5,40
11602080010,秩父停車場秩父公園線,,一般国道２９９号,11207,0,0.2,秩父市中村町4丁目2589-2,5258,秩父市中村町4丁目2589-2,5132,10390,1.31,0.68,12.6,10.9,16,40
11602080020,秩父停車場秩父公園線,一般国道２９９号,秩父荒川線,11207,0,1.4,秩父市中村町4丁目2589-2,5258,秩父市中村町4丁目2589-2,5132,10390,1.31,0.68,20.7,16.6,16,40
11400370180,小鹿野影森停車場線,一般国道２９９号,小鹿野町道,11365,0,0.4,,1514,,1305,2819,1.21,0.37,18.7,19.1,7.75,40
11602090010,小鹿野影森停車場線,小鹿野町道,皆野荒川線,11365,0,4.6,小鹿野町般若260,2981,小鹿野町般若260,2575,5556,1.24,0.6,30.1,36.7,10.25,40
11602090030,小鹿野影森停車場線,皆野荒川線,小鹿野町・秩父市境,11365,0,1.9,,515,,497,1012,1.2,0.24,32.9,33.6,7.75,40
11602090040,小鹿野影森停車場線,小鹿野町・秩父市境,秩父荒川線,11207,0,1.6,,515,,497,1012,1.2,0.25,36.8,34.1,9,40
11602090060,小鹿野影森停車場線,秩父荒川線,一般国道１４０号,11207,0,1.3,秩父市上影森715-7,3892,秩父市上影森715-7,4154,8046,1.3,0.56,26.1,13.3,10,40
11602090080,小鹿野影森停車場線,一般国道１４０号,,11207,0,0.4,,4135,,3984,8119,1.29,0.9,12.6,14.2,6.25,30
11602100010,中津川三峰口停車場線,,一般国道１４０号,11207,0,13,秩父市中津川543-1,556,秩父市中津川543-1,565,1121,1.19,0.42,33.9,39.2,1.75,30
11602100030,中津川三峰口停車場線,一般国道１４０号,,11207,0,0.4,,3475,,3169,6644,1.28,0.46,16.4,10.4,10.25,30
11602120010,岩殿観音南戸守線,岩殿岩井線,東松山市道,11212,0,1.7,,4295,,4155,8450,1.3,0.68,34.9,33.7,16.25,50
11602120070,岩殿観音南戸守線,東松山市道,,11212,0,0.5,,,,,,,,33.5,26.8,17.5,50
11602120090,岩殿観音南戸守線,,,11212,0,0.8,,,,,,,,36,33.2,16.25,50
11602120110,岩殿観音南戸守線,,一般国道４０７号,11212,0,0.8,,,,,,,,23,20.8,16,50
11602120040,岩殿観音南戸守線,一般国道４０７号,東松山市・川島町境,11212,0,1.4,,4295,,4155,8450,1.3,0.79,26.4,35.1,11.75,40
11602120050,岩殿観音南戸守線,東松山市・川島町境,日高川島線,11346,0,2,,4295,,4155,8450,1.3,0.75,35,16.7,12,40
11602130010,曲本さいたま線,朝霞蕨線,一般国道１７号,11108,0,1.7,さいたま市南区沼影１丁目１０-１,6287,さいたま市南区沼影１丁目１０-１,6379,12666,1.4,1.07,15.2,10.9,16,30
11602130020,曲本さいたま線,一般国道１７号,さいたま市南区・さいたま市浦和区境,11108,0,0.9,さいたま市浦和区神明2丁目14番地5先,4726,さいたま市浦和区神明2丁目14番地5先,4986,9712,1.3,0.73,11,16.1,16,30
11602130030,曲本さいたま線,さいたま市南区・さいたま市浦和区境,一般国道４６３号,11107,0,0.8,さいたま市浦和区神明2丁目14番地5先,4726,さいたま市浦和区神明2丁目14番地5先,4986,9712,1.3,0.73,12.9,11.8,16,30
11602140010,新方須賀さいたま線,大野島越谷線,越谷岩槻線,11110,0,0.3,さいたま市緑区寺山829番地先,6044,さいたま市緑区寺山829番地先,6859,12903,1.38,1,14.1,7.6,13.5,40
11602140030,新方須賀さいたま線,越谷岩槻線,蒲生岩槻線,11110,0,2.2,さいたま市緑区寺山829番地先,6044,さいたま市緑区寺山829番地先,6859,12903,1.38,0.99,21,32.4,12,40
11602140040,新方須賀さいたま線,蒲生岩槻線,一般国道１２２号,11110,0,1.3,さいたま市緑区寺山829番地先,6044,さいたま市緑区寺山829番地先,6859,12903,1.38,0.99,23.2,22.9,12,40
11602140050,新方須賀さいたま線,一般国道１２２号,さいたま鳩ヶ谷線,11109,0,1.2,さいたま市緑区寺山829番地先,6044,さいたま市緑区寺山829番地先,6859,12903,1.38,0.97,19.5,13.2,12,40
11602140070,新方須賀さいたま線,さいたま鳩ヶ谷線,さいたま市緑区・さいたま市見沼区境,11109,0,0.5,さいたま市見沼区加田屋2丁目52番地先,5609,さいたま市見沼区加田屋2丁目52番地先,5857,11466,1.33,0.86,9.6,32.3,12.6,40
11602140080,新方須賀さいたま線,さいたま市緑区・さいたま市見沼区境,さいたま幸手線,11104,0,2.5,さいたま市見沼区加田屋2丁目52番地先,5609,さいたま市見沼区加田屋2丁目52番地先,5857,11466,1.33,0.91,21.9,17.1,12.6,40
11602140090,新方須賀さいたま線,さいたま幸手線,さいたま川口線,11104,0,1.4,さいたま市見沼区加田屋2丁目52番地先,5609,さいたま市見沼区加田屋2丁目52番地先,5857,11466,1.33,1.02,15.2,11.7,12.6,40
11602140110,新方須賀さいたま線,さいたま川口線,さいたま市見沼区・さいたま市大宮区境,11104,0,0.7,さいたま市見沼区南中丸88番地15先,4015,さいたま市見沼区南中丸88番地15先,3848,7863,1.28,0.82,15.9,23.5,8,40
11602140120,新方須賀さいたま線,さいたま市見沼区・さいたま市大宮区境,川口上尾線,11103,0,1.4,さいたま市見沼区南中丸88番地15先,4015,さいたま市見沼区南中丸88番地15先,3848,7863,1.28,0.88,18.5,11,8,40
11602140130,新方須賀さいたま線,川口上尾線,大宮停車場線,11103,0,0.7,さいたま市見沼区南中丸88番地15先,4015,さいたま市見沼区南中丸88番地15先,3848,7863,1.28,0.3,10.1,10.3,22.4,40
11602140150,新方須賀さいたま線,鴻巣桶川さいたま線,一般国道１７号,11103,0,0.3,さいたま市中央区上落合9丁目1番地2先,12347,さいたま市中央区上落合9丁目1番地2先,14802,27149,1.37,0.87,6.5,13.6,21,40
11602140170,新方須賀さいたま線,一般国道１７号,大谷本郷さいたま線,11103,0,1.3,さいたま市大宮区上小町６２３-１,5409,さいたま市大宮区上小町６２３-１,4582,9991,1.29,0.4,18.6,22.2,27.5,40
11602140180,新方須賀さいたま線,大谷本郷さいたま線,一般国道１７号,11103,0,0.3,さいたま市大宮区上小町６２３-１,5409,さいたま市大宮区上小町６２３-１,4582,9991,1.29,0.36,19.2,7.6,27.5,40
11602150010,宗岡さいたま線,保谷志木線,一般国道４６３号,11228,0,0.9,,3039,,2439,5478,1.26,0.76,18.6,13.7,6.75,40
11602150030,宗岡さいたま線,一般国道４６３号,さいたま市桜区・さいたま市中央区境,11106,0,1.1,さいたま市桜区上大久保519番地7先,5416,さいたま市桜区上大久保519番地7先,3644,9060,1.3,0.83,15.9,13.7,15.4,40
11602150040,宗岡さいたま線,さいたま市桜区・さいたま市中央区境,一般国道１７号,11105,0,0.4,さいたま市桜区上大久保519番地7先,5416,さいたま市桜区上大久保519番地7先,3644,9060,1.3,0.83,14.1,3.8,15.4,40
11602150050,宗岡さいたま線,一般国道１７号,大谷本郷さいたま線,11105,0,0.6,さいたま市桜区上大久保519番地7先,5416,さいたま市桜区上大久保519番地7先,3644,9060,1.3,0.8,5.5,12.1,11.4,40
11602150070,宗岡さいたま線,大谷本郷さいたま線,一般国道１７号,11105,0,1,さいたま市中央区本町東２丁目１７-１５,2770,さいたま市中央区本町東２丁目１７-１５,2934,5704,1.26,0.51,13.5,14.2,10,30
11602150090,宗岡さいたま線,一般国道１７号,大谷本郷さいたま線,11105,0,0.5,さいたま市中央区上落合４丁目９-９,6238,さいたま市中央区上落合４丁目９-９,6014,12252,1.28,1.08,9.8,10.6,8,40
11602150100,宗岡さいたま線,大谷本郷さいたま線,一般国道１７号,11105,0,1,さいたま市中央区上落合４丁目９-９,6238,さいたま市中央区上落合４丁目９-９,6014,12252,1.28,1.08,12.9,12.7,8,40
11602160010,上野さいたま線,川越上尾線,,11219,0,1.2,,7784,,7918,15702,1.27,1.19,22.6,23.5,12,40
11602160020,上野さいたま線,,大谷本郷さいたま線,11101,0,1.7,さいたま市西区高木１３９９-２,5397,さいたま市西区高木１３９９-２,5586,10983,1.25,0.89,24.4,21.8,12,40
11602160030,上野さいたま線,大谷本郷さいたま線,一般国道１６号,11101,0,1.2,さいたま市西区宮前町1339先,8008,さいたま市西区宮前町1339先,7213,15221,1.32,1.23,21.9,22.5,12,40
11602160040,上野さいたま線,一般国道１６号,さいたま市西区・さいたま市北区境,11101,0,0.5,さいたま市西区宮前町1339先,8008,さいたま市西区宮前町1339先,7213,15221,1.32,1.16,16.7,14.7,12,40
11602160050,上野さいたま線,さいたま市西区・さいたま市北区境,さいたま市北区・さいたま市大宮区境,11102,0,1.6,さいたま市西区宮前町1339先,8008,さいたま市西区宮前町1339先,7213,15221,1.32,1.41,18.2,14.5,7,40
11602160060,上野さいたま線,さいたま市北区・さいたま市大宮区境,一般国道１７号,11103,0,0.3,さいたま市西区宮前町1339先,8008,さいたま市西区宮前町1339先,7213,15221,1.32,1.39,15,6,12,40
11602180010,二本木飯能線,二本木飯能線,青梅入間線,11225,0,2.7,,4845,,4208,9053,1.3,0.95,29.9,28.9,7.25,40
11602180030,二本木飯能線,青梅入間線,入間市・飯能市境,11225,0,1.5,,5728,,5373,11101,1.31,0.96,25.8,42.9,7.5,40
11602180040,二本木飯能線,入間市・飯能市境,富岡入間線,11209,0,1,,5728,,5373,11101,1.31,1.4,40.5,15.3,6.5,40
11602180050,二本木飯能線,富岡入間線,青梅飯能線,11209,0,2.8,,5728,,5373,11101,1.31,1.4,16.9,20.6,6.5,40
11602190010,狭山下宮寺線,狭山下宮寺線,一般国道１６号,11225,0,1.1,,880,,913,1793,1.21,0.16,27.1,23.1,9.75,40
11602210010,原市場下成木線,飯能下名栗線,原市場下成木線,11209,0,5.1,,756,,850,1606,1.22,0.21,44.8,46.8,8.25,40
11602220010,西所沢停車場線,,東京所沢線,11208,0,0.1,,2417,,2607,5024,1.26,0.56,6.9,5.3,7.75,30
11602230010,狭山ヶ丘停車場線,,一般国道４６３号,11208,0,0.8,所沢市西狭山ヶ丘1-2421,4482,所沢市西狭山ヶ丘1-2421,5033,9515,1.3,0.82,11.1,13.8,10,40
11602230020,狭山ヶ丘停車場線,一般国道４６３号,所沢青梅線,11208,0,1.8,所沢市西狭山ヶ丘1-2421,4482,所沢市西狭山ヶ丘1-2421,5033,9515,1.3,0.82,19.3,24.9,10,40
11602240010,武蔵藤沢停車場線,,川越入間線,11225,0,0.4,,2417,,2607,5024,1.26,0.68,9.4,12.6,6,40
11602250010,入曽停車場線,,川越入間線,11215,0,0.2,,3999,,3853,7852,1.29,0.64,14.3,11.3,7,30
11602260010,入間市停車場線,,一般国道４６３号,11225,0,0.5,,2417,,2607,5024,1.26,0.62,17.4,15.7,41.25,40
11602270010,狭山市停車場線,,所沢狭山線,11215,0,0.6,,2417,,2607,5024,1.26,0.54,28.2,20.5,16.25,40
11602270030,狭山市停車場線,,,11215,0,0.1,,,,,,,,13.1,13.4,16,40
11602280010,飯能停車場線,,一般国道２９９号,11209,0,0.1,,2417,,2607,5024,1.26,0.62,10.3,5,15,40
11602290010,本川越停車場線,,川越日高線,11201,0,0.3,,2417,,2607,5024,1.26,0.65,11,11,11.5,40
11602300010,東吾野停車場線,,一般国道２９９号,11209,0,0.1,,113,,109,222,1.37,0.04,6.8,6.8,12,40
11602310010,横瀬停車場線,,一般国道２９９号,11361,0,0.3,,4059,,3913,7972,1.29,0.68,19.4,16.8,9.5,30
11602320010,西武秩父停車場線,,一般国道１４０号,11207,0,0.1,,3238,,3167,6405,1.27,0.57,18,18.9,19.25,30
11602340010,前沢保谷線,練馬所沢線,前沢保谷線,11230,0,0.2,,5139,,5442,10581,1.3,0.91,16.3,14.5,12.75,40
11602340030,前沢保谷線,練馬所沢線,前沢保谷線,11230,0,0,,,,,,,,14.4,16.4,36,40
11602350010,大間木蕨線,一般国道４６３号,吉場安行東京線,11109,0,1.2,さいたま市緑区東浦和1-21-7,3914,さいたま市緑区東浦和1-21-7,3383,7297,1.28,0.58,12.7,11.8,16,40
11602350020,大間木蕨線,吉場安行東京線,,11109,0,0.3,さいたま市緑区東浦和1-21-7,3914,さいたま市緑区東浦和1-21-7,3383,7297,1.28,0.56,7.5,12.1,16,40
11602350030,大間木蕨線,,さいたま川口線,11203,0,1.1,,3815,,3084,6899,1.28,0.66,16.5,16,16,40
11602350040,大間木蕨線,さいたま川口線,さいたま草加線,11203,0,0.4,,3815,,3084,6899,1.28,0.66,8.4,6.2,16,40
11602350050,大間木蕨線,さいたま草加線,一般国道２９８号,11203,0,0.1,川口市芝高木1-21-34,5781,川口市芝高木1-21-34,5207,10988,1.31,0.85,11.7,6.9,16,40
11602350060,大間木蕨線,一般国道２９８号,川口上尾線,11203,0,1.3,川口市芝高木1-21-34,5781,川口市芝高木1-21-34,5207,10988,1.31,0.85,14.9,18.6,16,40
11602350070,大間木蕨線,川口上尾線,蕨桜町線,11203,0,1.4,川口市芝高木1-21-34,5781,川口市芝高木1-21-34,5207,10988,1.31,0.85,17.5,15.4,16,40
11602360010,新倉蕨線,和光志木線,和光インター線,11229,0,0.8,和光市新倉1-10-85,4599,和光市新倉1-10-85,5011,9610,1.3,0.9,11.4,15.2,8.75,40
11602360030,新倉蕨線,練馬川口線,戸田市・蕨市境,11224,0,1.6,戸田市上戸田4丁目2番地33先,2016,戸田市上戸田4丁目2番地33先,2157,4173,1.24,0.44,13.2,13.8,12,40
11602360040,新倉蕨線,戸田市・蕨市境,一般国道１７号,11223,0,0.3,戸田市上戸田4丁目2番地33先,2016,戸田市上戸田4丁目2番地33先,2157,4173,1.24,0.42,16.2,9.4,12,40
11602390010,足立川口線,足立川口線,高速川口線,11203,0,0.7,埼玉県川口市江戸袋2-7-22,9798,埼玉県川口市江戸袋2-7-22,9064,18862,1.34,0.83,19.3,21.8,29.25,50
11602390020,足立川口線,高速川口線,台東川口線,11203,0,0.1,埼玉県川口市江戸袋2-7-22,9798,埼玉県川口市江戸袋2-7-22,9064,18862,1.34,0.83,14.4,8.9,29.25,50
11602390030,足立川口線,台東川口線,,11203,0,0.2,埼玉県川口市江戸袋2-7-22,9798,埼玉県川口市江戸袋2-7-22,9064,18862,1.34,0.83,9.5,13.2,29.25,50
11602390040,足立川口線,,さいたま草加線,11203,0,0.4,埼玉県川口市江戸袋2-7-22,9798,埼玉県川口市江戸袋2-7-22,9064,18862,1.34,0.83,12.7,8.5,29.25,50
11602390050,足立川口線,さいたま草加線,高速川口線,11203,0,1.2,川口市新井宿233-2,11068,川口市新井宿233-2,10895,21963,1.35,1.1,13.1,36.5,29.5,50
11602390060,足立川口線,高速川口線,金明町鳩ヶ谷線,11203,0,0.4,川口市新井宿233-2,11068,川口市新井宿233-2,10895,21963,1.35,1.1,30.6,18.5,29.5,50
11602390070,足立川口線,金明町鳩ヶ谷線,越谷川口線,11203,0,1.1,川口市新井宿233-2,11068,川口市新井宿233-2,10895,21963,1.35,1.1,32.4,35.5,29.5,50
11602390080,足立川口線,越谷川口線,高速川口線,11203,0,0.7,川口市新井宿233-2,11068,川口市新井宿233-2,10895,21963,1.35,1.1,29,32.4,29.5,50
11602390090,足立川口線,高速川口線,さいたま鳩ヶ谷線,11203,0,0.2,川口市新井宿233-2,11068,川口市新井宿233-2,10895,21963,1.35,1.1,28.2,10.8,29.5,50
11602390100,足立川口線,さいたま鳩ヶ谷線,一般国道１２２号,11203,0,0.3,川口市新井宿233-2,11068,川口市新井宿233-2,10895,21963,1.35,1.1,23.5,16.6,29.5,50
11602440010,志木停車場線,,保谷志木線,11228,0,0.8,志木市本町6-11-3,3749,志木市本町6-11-3,3599,7348,1.29,0.68,12.4,10.7,9,30
11602450040,鶴瀬停車場線,,,11235,0,0.1,,2417,,2607,5024,1.26,0.62,8,8,20,30
11602450030,鶴瀬停車場線,,,11235,0,0.1,,2417,,2607,5024,1.26,0.62,10,12.1,20,30
11602450010,鶴瀬停車場線,,ふじみ野朝霞線,11235,0,0.1,,2417,,2607,5024,1.26,0.62,4.9,2.4,20,30
11602460010,川越市停車場線,,川越日高線,11201,0,0.5,,2417,,2607,5024,1.26,0.58,13.5,10.5,7.5,30
11602470010,坂戸停車場線,,日高川島線,11239,0,0.3,坂戸市日の出町10-3,2016,坂戸市日の出町10-3,1380,3396,1.23,0.3,17.6,11.9,9.75,30
11602480010,石坂高坂停車場線,岩殿岩井線,鳩山町・東松山市境,11348,0,1.3,東松山市田木58,3741,東松山市田木58,4236,7977,1.29,0.83,40.8,46.9,10,50
11602480020,石坂高坂停車場線,鳩山町・東松山市境,一般国道４０７号,11212,0,2.3,東松山市田木58,3741,東松山市田木58,4236,7977,1.29,0.74,44.3,35.1,7.75,40
11602120030,石坂高坂停車場線,一般国道４０７号,東松山市道,11212,0,0.7,,4295,,4155,8450,1.3,0.83,22.2,21.4,9.5,40
11602480040,石坂高坂停車場線,東松山市道,高坂上唐子線,11212,0,0.3,,3641,,3404,7045,1.28,0.64,22.5,20.8,10.5,40
11602480050,石坂高坂停車場線,高坂上唐子線,,11212,0,0.1,,3641,,3404,7045,1.28,0.64,7.9,21.1,10.5,40
11602490010,東松山停車場線,,行田東松山線,11212,0,0.4,,2417,,2607,5024,1.26,0.62,12.8,9.9,13,40
11602500010,森林公園停車場武蔵丘陵森林公園線,,深谷東松山線,11341,0,0.3,,2447,,2638,5085,1.26,0.51,13.9,17.8,12.75,40
11602500030,森林公園停車場武蔵丘陵森林公園線,深谷東松山線,福田鴻巣線,11341,0,2.4,,515,,497,1012,1.2,0.22,48.9,45.5,12.25,40
11602510010,武蔵嵐山停車場線,,深谷嵐山線,11342,0,0.2,,3999,,3853,7852,1.29,0.7,26.7,14.3,9,40
11602520010,東伴場地男衾停車場線,赤浜小川線,,11408,0,0.6,,3594,,3278,6872,1.28,0.62,15.3,20.1,12.25,60
11602530010,鉢形停車場線,,飯能寄居線,11408,0,0,,3666,,3342,7008,1.28,0.44,6.8,4.4,8.25,60
11602560010,片柳川越線,一般国道４０７号,日高川島線,11239,0,2,坂戸市石井1336-1,3349,坂戸市石井1336-1,3299,6648,1.26,0.6,23.2,36.6,9.25,40
11602560030,片柳川越線,日高川島線,上伊草坂戸線,11239,0,0.7,,5019,,4654,9673,1.3,1.01,17.9,20,7.75,40
11602560040,片柳川越線,上伊草坂戸線,坂戸市・川越市境,11239,0,1.3,,5019,,4654,9673,1.3,1.01,25.4,21.4,7.75,40
11602560050,片柳川越線,坂戸市・川越市境,川越市・坂戸市境,11201,0,1,,5019,,4654,9673,1.3,0.95,31.1,27.9,9.25,40
11602560060,片柳川越線,川越市・坂戸市境,坂戸市・川越市境,11239,0,1.4,,5019,,4654,9673,1.3,0.95,31.9,27.7,7.75,40
11602560070,片柳川越線,坂戸市・川越市境,川越北環状線,11201,0,2.5,,5019,,4654,9673,1.3,0.94,23.7,21.8,10.5,40
11602560080,片柳川越線,川越北環状線,川越坂戸毛呂山線,11201,0,0.7,,5019,,4654,9673,1.3,0.94,23.8,23.1,10.5,40
11602570010,冑山熊谷線,一般国道４０７号,福田鴻巣線,11202,0,0.6,,4604,,4552,9156,1.3,1.08,22.6,21.2,5.25,50
11602570013,冑山熊谷線,福田鴻巣線,熊谷市道,11202,0,1.9,,4604,,4552,9156,1.3,1.08,29.1,35.4,5.25,50
11602570040,冑山熊谷線,熊谷市道,,11202,0,1.6,,,,,,,,44,41.4,15,50
11602570020,冑山熊谷線,熊谷市道,一般国道１７号,11202,0,2.5,熊谷市屈戸186-1,5326,熊谷市屈戸186-1,5156,10482,1.3,0.97,20.5,23.2,10.75,30
11602580010,中瀬牧西線,伊勢崎深谷線,中瀬牧西線,11218,0,0.3,深谷市中瀬１５８７,2752,深谷市中瀬１５８７,2842,5594,1.26,0.71,7.4,31.8,11,40
11602580030,中瀬牧西線,中瀬牧西線,本庄妻沼線,11211,0,2.4,,2204,,2143,4347,1.24,0.59,34.9,26.6,8.75,40
11602590010,新野岡部停車場線,新野岡部停車場線,深谷市・本庄市境,11218,0,0.8,本庄市滝瀬1498-1,1355,本庄市滝瀬1498-1,1400,2755,1.21,0.38,46,45.3,5.75,40
11602590020,新野岡部停車場線,深谷市・本庄市境,本庄妻沼線,11211,0,0.9,本庄市滝瀬1498-1,1355,本庄市滝瀬1498-1,1400,2755,1.21,0.34,39.6,33.3,6.5,40
11602590030,新野岡部停車場線,本庄妻沼線,本庄市・深谷市境,11211,0,0.7,本庄市滝瀬1498-1,1355,本庄市滝瀬1498-1,1400,2755,1.21,0.34,32.3,44.5,6.5,40
11602590040,新野岡部停車場線,本庄市・深谷市境,一般国道１７号,11218,0,0.5,本庄市滝瀬1498-1,1355,本庄市滝瀬1498-1,1400,2755,1.21,0.27,33.9,27.3,15.25,40
11602590050,新野岡部停車場線,一般国道１７号,一般国道１７号,11218,0,0.5,本庄市滝瀬1498-1,1355,本庄市滝瀬1498-1,1400,2755,1.21,0.27,19.6,22.6,15.25,40
11602590060,新野岡部停車場線,一般国道１７号,針ヶ谷岡線,11218,0,0.3,本庄市滝瀬1498-1,1355,本庄市滝瀬1498-1,1400,2755,1.21,0.27,19.1,24.5,15.25,40
11602590070,新野岡部停車場線,針ヶ谷岡線,児玉町蛭川普済寺線,11218,0,0.3,本庄市滝瀬1498-1,1355,本庄市滝瀬1498-1,1400,2755,1.21,0.27,19.1,16.9,15.25,40
11602590080,新野岡部停車場線,児玉町蛭川普済寺線,,11218,0,0.3,本庄市滝瀬1498-1,1355,本庄市滝瀬1498-1,1400,2755,1.21,0.27,15.4,14.6,15.25,40
11602600010,鯨井狭山線,川越坂戸毛呂山線,川越越生線,11201,0,0.5,,1750,,1775,3525,1.23,0.35,20.8,11.9,9,30
11602600030,鯨井狭山線,川越越生線,川越市・狭山市境,11201,0,1.9,狭山市柏原3689,5044,狭山市柏原3689,5729,10773,1.3,1.2,20.8,27.4,12,40
11602600040,鯨井狭山線,川越市・狭山市境,笠幡狭山線,11215,0,2.1,狭山市柏原3689,5044,狭山市柏原3689,5729,10773,1.3,1.22,31.1,21.9,12,40
11602600050,鯨井狭山線,笠幡狭山線,堀兼根岸線,11215,0,0.4,狭山市柏原3689,5044,狭山市柏原3689,5729,10773,1.3,1.22,14.2,5.9,12,40
11602600060,鯨井狭山線,堀兼根岸線,笠幡狭山線,11215,0,1.4,狭山市柏原3689,5044,狭山市柏原3689,5729,10773,1.3,1.22,21.9,25,12,40
11602600070,鯨井狭山線,笠幡狭山線,日高狭山線,11215,0,0.5,狭山市柏原3689,5044,狭山市柏原3689,5729,10773,1.3,1.22,15.9,14.5,12,40
11602610010,笠幡狭山線,川越日高線,川越市・日高市境,11201,0,1.1,,5785,,5484,11269,1.31,0.94,21,35.7,9.25,40
11602610020,笠幡狭山線,川越市・日高市境,日高市・狭山市境,11242,0,1.1,,5785,,5484,11269,1.31,0.94,25,13.7,9.25,40
11602610030,笠幡狭山線,日高市・狭山市境,鯨井狭山線,11215,0,1.2,狭山市柏原709,6889,狭山市柏原709,6747,13636,1.31,1.06,21.5,21.5,7.5,40
11602610050,笠幡狭山線,鯨井狭山線,一般国道１６号,11215,0,0.3,,7417,,7232,14649,1.32,0.86,13.5,10.4,15.75,40
11400300030,日高狭山線,飯能寄居線,日高市道,11242,0,0.7,,7806,,9009,16815,1.33,1.62,23.7,23.8,10.25,40
11602620010,日高狭山線,日高市道,日高市・飯能市境,11242,0,1.6,,4409,,5068,9477,1.3,0.84,32,39,11.75,40
11602620020,日高狭山線,日高市・飯能市境,飯能市・日高市境,11209,0,1.6,,4409,,5068,9477,1.3,0.71,43.7,36.8,11.75,40
11602620030,日高狭山線,飯能市・日高市境,日高市・狭山市境,11242,0,1.1,,4409,,5068,9477,1.3,0.67,21.2,25,10.5,40
11602620040,日高狭山線,日高市・狭山市境,日高狭山線,11215,0,0.5,,5658,,5929,11587,1.31,0.92,15.9,11.7,12,40
11602620050,日高狭山線,日高狭山線,一般国道４０７号,11215,0,0.7,,5658,,5929,11587,1.31,0.92,26.1,8.4,12,40
11602620070,日高狭山線,一般国道２９９号,鯨井狭山線,11215,0,2,狭山市下広瀬249-11,6297,狭山市下広瀬249-11,6419,12716,1.32,1.01,15.6,18,9,40
11602620080,日高狭山線,鯨井狭山線,一般国道１６号,11215,0,0.3,狭山市下広瀬249-11,6297,狭山市下広瀬249-11,6419,12716,1.32,1.01,12.4,8,9,40
11602620100,日高狭山線,日高狭山線,一般国道４６８号（圏央道）,11215,0,0.4,,7263,,7340,14603,1.32,1.11,9.9,8.4,23.5,50
11602620110,日高狭山線,一般国道４６８号（圏央道）,一般国道４０７号,11215,0,0.1,,7263,,7340,14603,1.32,1.11,14.6,5.7,23.5,50
11602630010,弁財深谷線,羽生妻沼線,弥藤吾行田線,11202,0,1.2,熊谷市西城32,1335,熊谷市西城32,1510,2845,1.21,0.43,34.3,36.3,12.25,40
11602630020,弁財深谷線,弥藤吾行田線,弥藤吾行田線,11202,0,0.4,熊谷市西城32,1335,熊谷市西城32,1510,2845,1.21,0.43,29.1,29.5,12.25,40
11602630030,弁財深谷線,弥藤吾行田線,太田熊谷線,11202,0,2.3,熊谷市西城32,1335,熊谷市西城32,1510,2845,1.21,0.43,37.7,29,12.25,40
11602630040,弁財深谷線,太田熊谷線,太田熊谷線,11202,0,0,,642,,713,1355,1.22,0.18,19.1,15.8,12.5,40
11602630050,弁財深谷線,太田熊谷線,一般国道４０７号,11202,0,0.4,,642,,713,1355,1.22,0.2,15.5,20.3,5.75,40
11602630060,弁財深谷線,一般国道４０７号,新堀尾島線,11202,0,2.9,,642,,713,1355,1.22,0.2,31.7,34.8,5.75,40
11602630070,弁財深谷線,新堀尾島線,熊谷市・深谷市境,11202,0,0.7,,642,,713,1355,1.22,0.2,25.3,32.1,5.75,40
11602630080,弁財深谷線,熊谷市・深谷市境,一般国道１７号,11218,0,0.3,,642,,713,1355,1.22,0.26,31.3,20.6,4.25,40
11602630090,弁財深谷線,一般国道１７号,一般国道１７号,11218,0,0.9,,642,,713,1355,1.22,0.26,23.6,13.4,4.25,40
11602630100,弁財深谷線,一般国道１７号,原郷熊谷線,11218,0,2,深谷市東方1275-1,6827,深谷市東方1275-1,5823,12650,1.32,0.76,24.2,33.6,22.25,50
11602630110,弁財深谷線,原郷熊谷線,原郷熊谷線,11218,0,0.3,深谷市東方1275-1,6827,深谷市東方1275-1,5823,12650,1.32,2.36,17.7,20.4,7.25,40
11602630120,弁財深谷線,原郷熊谷線,一般国道１７号,11218,0,1.2,深谷市東方1275-1,6827,深谷市東方1275-1,5823,12650,1.32,2.36,26,21.6,7.25,40
11602640010,原郷熊谷線,深谷飯塚線,弁財深谷線,11218,0,1.8,,3583,,3695,7278,1.28,0.89,33.4,31.7,9.5,40
11602640030,原郷熊谷線,弁財深谷線,深谷市・熊谷市境,11218,0,1.6,,5350,,4999,10349,1.3,0.82,26.5,35.4,7,40
11602640040,原郷熊谷線,深谷市・熊谷市境,新堀尾島線,11202,0,0.6,,5350,,4999,10349,1.3,0.82,30.2,25.6,7.25,40
11602640050,原郷熊谷線,新堀尾島線,新堀尾島線,11202,0,0.2,,5350,,4999,10349,1.3,0.82,14.8,17.2,7.25,40
11602640060,原郷熊谷線,新堀尾島線,葛和田新堀線,11202,0,1,,5350,,4999,10349,1.3,0.82,25.4,26,7.25,40
11602640070,原郷熊谷線,葛和田新堀線,一般国道１７号,11202,0,0.5,,5350,,4999,10349,1.3,0.82,25.4,20.4,7.25,40
11602640080,原郷熊谷線,一般国道１７号,一般国道１７号,11202,0,0.4,,5350,,4999,10349,1.3,0.82,17.7,20.1,7.25,40
11602650010,寄居岡部深谷線,一般国道２５４号,小前田児玉線,11408,0,1.1,深谷市本郷1919,1814,深谷市本郷1919,1884,3698,1.21,0.47,25.7,36.3,12,40
11602650020,寄居岡部深谷線,小前田児玉線,寄居町・深谷市境,11408,0,1.9,深谷市本郷1919,1814,深谷市本郷1919,1884,3698,1.21,0.47,35,35.7,12,40
11602650030,寄居岡部深谷線,寄居町・深谷市境,花園本庄線,11218,0,1.4,深谷市本郷1919,1814,深谷市本郷1919,1884,3698,1.21,0.41,37.2,33.9,7.5,40
11602650050,寄居岡部深谷線,熊谷児玉線,深谷寄居線,11218,0,4,深谷市萱場243-3,1508,深谷市萱場243-3,1991,3499,1.23,0.43,22.4,25.9,12.25,40
11602660010,ふじみ野朝霞線,一般国道２５４号,ふじみ野市・富士見市境,11245,0,1.6,,5654,,6222,11876,1.31,0.85,13,18.6,15.5,40
11602660020,ふじみ野朝霞線,ふじみ野市・富士見市境,鶴瀬停車場線,11235,0,1.5,,5654,,6222,11876,1.31,0.85,20.4,15,8.75,40
11602660030,ふじみ野朝霞線,鶴瀬停車場線,三芳富士見線,11235,0,0.3,,5654,,6222,11876,1.31,0.85,16.3,17.3,8.75,40
11602660040,ふじみ野朝霞線,三芳富士見線,一般国道２５４号,11235,0,2.9,,5654,,6222,11876,1.31,0.85,16.8,16.4,8.75,40
11602660050,ふじみ野朝霞線,一般国道２５４号,富士見市・志木市境,11235,0,1.1,志木市中宗岡1-1,4358,志木市中宗岡1-1,4438,8796,1.3,0.93,13.2,22.3,8.75,40
11602660060,ふじみ野朝霞線,富士見市・志木市境,保谷志木線,11228,0,0.1,志木市中宗岡1-1,4358,志木市中宗岡1-1,4438,8796,1.3,0.87,19.6,6.8,8.5,40
11602660080,ふじみ野朝霞線,和光志木線,朝霞蕨線,11227,0,1.2,朝霞市浜岡4-13-63,3729,朝霞市浜岡4-13-63,4319,8048,1.29,0.67,13.2,13.1,8.5,40
11602670010,幸手境線,一般国道４号,下吉羽幸手線,11240,0,0.5,,6151,,5915,12066,1.31,0.86,12.8,22.3,7.5,40
11602670020,幸手境線,下吉羽幸手線,幸手境線,11240,0,0.3,,6151,,5915,12066,1.31,0.86,18.1,21.6,7.5,40
11602670040,幸手境線,,下吉羽幸手線,11240,0,0.6,,,,,,,,26.8,26.1,16,50
11602670050,幸手境線,下吉羽幸手線,幸手境線,11240,0,0.3,,,,,,,,22.6,30.4,16,50
11602680010,西関宿栗橋線,松伏春日部関宿線,西関宿栗橋線,11240,0,0.7,幸手市西関宿330-5,1894,幸手市西関宿330-5,2062,3956,1.23,0.68,32,48.1,7.5,40
11602680030,西関宿栗橋線,西関宿栗橋線,一般国道４号,11232,0,0.1,,3293,,2435,5728,1.26,0.56,33.9,10.3,10,50
11602690010,上伊草坂戸線,鴻巣川島線,川島町・坂戸市境,11346,0,0.6,,7068,,7503,14571,1.32,1.02,15.4,14,9.75,40
11602690020,上伊草坂戸線,川島町・坂戸市境,上伊草坂戸線,11239,0,0.7,,7068,,7503,14571,1.32,0.82,13.8,34.6,12,40
11602690030,上伊草坂戸線,上伊草坂戸線,片柳川越線,11239,0,3.1,,7068,,7503,14571,1.32,0.82,28.7,28.4,12,40
11602690040,上伊草坂戸線,片柳川越線,一般国道４０７号,11239,0,1.4,,7068,,7503,14571,1.32,0.82,25.3,16.8,12,40
11602690060,上伊草坂戸線,上伊草坂戸線,一般国道４６８号（圏央道）,11239,0,0.8,坂戸市横沼562,1525,坂戸市横沼562,1483,3008,1.21,0.41,31.2,39.6,12,50
11602700010,吉田久長秩父線,皆野両神荒川線,皆野荒川線,11207,0,2.4,秩父市伊古田202-1,2103,秩父市伊古田202-1,2105,4208,1.23,0.55,39.1,42.7,22.25,40
11602700015,吉田久長秩父線,皆野荒川線,一般国道１４０号,11207,0,1.7,秩父市伊古田202-1,2103,秩父市伊古田202-1,2105,4208,1.23,0.55,32.8,38.2,22.25,40
11602700020,吉田久長秩父線,一般国道１４０号,一般国道２９９号,11207,0,0.6,秩父市伊古田202-1,2103,秩父市伊古田202-1,2105,4208,1.23,0.55,33.5,23.2,22.25,40
11602710010,今泉東松山線,鴻巣川島線,小八林久保田下青鳥線,11347,0,1.8,比企郡吉見町北吉見1208,3863,比企郡吉見町北吉見1208,4392,8255,1.3,0.73,33.8,25.2,9.75,40
11602710020,今泉東松山線,小八林久保田下青鳥線,小八林久保田下青鳥線,11347,0,0.2,比企郡吉見町北吉見1208,3863,比企郡吉見町北吉見1208,4392,8255,1.3,0.73,19.4,18.7,9.75,40
11602710030,今泉東松山線,小八林久保田下青鳥線,吉見町・東松山市境,11347,0,2.9,比企郡吉見町北吉見1208,3863,比企郡吉見町北吉見1208,4392,8255,1.3,0.73,34.9,38.3,9.75,40
11602710040,今泉東松山線,吉見町・東松山市境,一般国道４０７号,11212,0,0.6,比企郡吉見町北吉見1208,3863,比企郡吉見町北吉見1208,4392,8255,1.3,0.69,33.5,18.1,10.25,40
11602720010,東大久保ふじみ野線,川越新座線,富士見市・ふじみ野市境,11235,0,0.3,富士見市東大久保205番地先,2591,富士見市東大久保205番地先,2419,5010,1.3,0.53,16.1,35.4,15.5,40
11602720020,東大久保ふじみ野線,富士見市・ふじみ野市境,一般国道２５４号,11245,0,0.5,富士見市東大久保205番地先,2591,富士見市東大久保205番地先,2419,5010,1.3,0.55,42.5,44,10,40
11602720030,東大久保ふじみ野線,一般国道２５４号,一般国道２５４号,11245,0,3.2,富士見市東大久保205番地先,2591,富士見市東大久保205番地先,2419,5010,1.3,0.55,18.7,14.3,10,40
11602730010,西平小川線,大野東松山線,ときがわ町・小川町境,11349,0,2.2,小川町上古寺543,566,小川町上古寺543,550,1116,1.2,0.19,36,33.1,5.25,30
11602730020,西平小川線,ときがわ町・小川町境,熊谷小川秩父線,11343,0,3.8,小川町上古寺543,566,小川町上古寺543,550,1116,1.2,0.19,43.4,42.8,5,30
11602740010,赤浜小川線,熊谷寄居線,東伴場地男衾停車場線,11408,0,0.6,小川町原川681,2085,小川町原川681,2159,4244,1.25,0.61,23.6,29.7,5.25,40
11602740020,赤浜小川線,東伴場地男衾停車場線,寄居町・小川町境,11408,0,3.3,小川町原川681,2085,小川町原川681,2159,4244,1.25,0.61,33.2,37.2,5.25,40
11602740030,赤浜小川線,寄居町・小川町境,一般国道２５４号,11343,0,1.6,小川町原川681,2085,小川町原川681,2159,4244,1.25,0.54,49.7,41.7,14,40
11602740040,赤浜小川線,一般国道２５４号,一般国道２５４号,11343,0,1.2,小川町原川681,2085,小川町原川681,2159,4244,1.25,0.54,19.6,23.8,14,40
11602750010,由良深谷線,,本庄妻沼線,11218,0,0.5,,1675,,1725,3400,1.23,0.44,28.1,29,6.75,40
11602750030,由良深谷線,本庄妻沼線,成塚中瀬線,11218,0,0.8,深谷市明戸604,1594,深谷市明戸604,1511,3105,1.23,0.39,39.8,35.5,7.25,40
11602750040,由良深谷線,成塚中瀬線,一般国道１７号,11218,0,1.5,深谷市明戸604,1594,深谷市明戸604,1511,3105,1.23,0.39,37.5,32.5,7.25,40
11602750050,由良深谷線,一般国道１７号,深谷飯塚線,11218,0,0.3,深谷市明戸604,1594,深谷市明戸604,1511,3105,1.23,0.39,17.1,26.6,7.25,40
11602760010,新堀尾島線,一般国道１７号,原郷熊谷線,11202,0,0.2,,8364,,8339,16703,1.33,1.48,11.2,12.2,7,40
11602760030,新堀尾島線,原郷熊谷線,一般国道１７号,11202,0,2.2,熊谷市西別府2257-1,5345,熊谷市西別府2257-1,5203,10548,1.3,0.95,24.8,24.2,10.75,40
11602760040,新堀尾島線,一般国道１７号,弁財深谷線,11202,0,1,熊谷市下増田997,2794,熊谷市下増田997,2643,5437,1.26,0.56,19.3,18.2,10.25,40
11602760050,新堀尾島線,弁財深谷線,深谷飯塚線,11202,0,1,熊谷市下増田997,2794,熊谷市下増田997,2643,5437,1.26,0.56,31.4,25.3,10.25,40
11602760060,新堀尾島線,深谷飯塚線,本庄妻沼線,11202,0,1.1,熊谷市下増田997,2794,熊谷市下増田997,2643,5437,1.26,0.56,30,32,10.25,40
11602760070,新堀尾島線,本庄妻沼線,本庄妻沼線,11202,0,3.6,熊谷市下増田997,2794,熊谷市下増田997,2643,5437,1.26,0.56,38.2,38.7,10.25,40
11602760090,新堀尾島線,新堀尾島線,妻沼小島太田線,11202,0,1.6,,2977,,2989,5966,1.27,0.75,33.5,56,6.75,40
11602760100,新堀尾島線,妻沼小島太田線,新堀尾島線,11202,0,1.9,,2977,,2989,5966,1.27,0.75,58.5,59,6.75,40
11602780010,秩父多摩甲斐国立公園三峰線,,一般国道１４０号,11207,0,9.3,秩父市三峰3855-28,1028,秩父市三峰3855-28,1035,2063,1.22,0.34,43,36.1,7.25,40
11602790010,両神小鹿野線,,皆野両神荒川線,11365,0,10.8,小鹿野町両神薄3817,406,小鹿野町両神薄3817,457,863,1.19,0.34,40.8,41.5,3,40
11602820010,藤倉吉田線,,小鹿野町・秩父市境,11365,0,8.4,秩父市上吉田4850-1,539,秩父市上吉田4850-1,551,1090,1.14,0.24,36,30.6,4.25,40
11602820020,藤倉吉田線,小鹿野町・秩父市境,高崎神流秩父線,11207,0,1.1,秩父市上吉田4850-1,539,秩父市上吉田4850-1,551,1090,1.14,0.18,43.7,41.6,9.25,40
11602830010,下小鹿野吉田線,一般国道２９９号,小鹿野町・秩父市境,11365,0,1.2,秩父市下吉田3207,1268,秩父市下吉田3207,1445,2713,1.21,0.33,23.2,34.2,8.75,40
11602830020,下小鹿野吉田線,小鹿野町・秩父市境,下日野沢東門平吉田線,11207,0,3.1,秩父市下吉田3207,1268,秩父市下吉田3207,1445,2713,1.21,0.37,27.7,32,7.25,40
11602840010,下日野沢東門平吉田線,秩父児玉線,皆野町・秩父市境,11362,0,10.2,皆野町下日野沢490-1,788,皆野町下日野沢490-1,866,1654,1.21,0.27,27.9,26.2,5,30
11602840020,下日野沢東門平吉田線,皆野町・秩父市境,秩父市道,11207,0,3.8,皆野町下日野沢490-1,788,皆野町下日野沢490-1,866,1654,1.21,0.32,32.8,32,4,40
11602840030,下日野沢東門平吉田線,秩父市道,下小鹿野吉田線,11207,0,0.7,皆野町下日野沢490-1,788,皆野町下日野沢490-1,866,1654,1.21,0.32,25.6,30.4,4,40
11602870010,長瀞児玉線,長瀞玉淀自然公園線,一般国道１４０号,11363,0,1.4,,1165,,1227,2392,1.2,0.31,23.6,23.9,10.25,40
11602870030,長瀞児玉線,一般国道１４０号,長瀞町・本庄市境,11363,0,4.3,本庄市児玉町金屋51-4,796,本庄市児玉町金屋51-4,854,1650,1.2,0.26,37.6,40.8,7.75,30
11602870040,長瀞児玉線,長瀞町・本庄市境,本庄市・長瀞町境,11211,0,1.3,本庄市児玉町金屋51-4,796,本庄市児玉町金屋51-4,854,1650,1.2,0.24,45.7,51.2,11.5,30
11602870050,長瀞児玉線,本庄市・長瀞町境,長瀞町・本庄市境,11363,0,0.3,本庄市児玉町金屋51-4,796,本庄市児玉町金屋51-4,854,1650,1.2,0.26,40.6,47,8,30
11602870060,長瀞児玉線,長瀞町・本庄市境,本庄市道,11211,0,5.9,本庄市児玉町金屋51-4,796,本庄市児玉町金屋51-4,854,1650,1.2,0.28,36.6,38.7,8,30
11400440140,長瀞児玉線,本庄市道,一般国道４６２号,11211,0,0.4,本庄市児玉町金屋51-4,796,本庄市児玉町金屋51-4,854,1650,1.2,0.33,17.8,19.8,8.25,40
11602890010,矢納浄法寺線,吉田太田部譲原線,前橋長瀞線,11383,0,6.2,神川町下阿久原110,1332,神川町下阿久原110,1340,2672,1.21,0.32,25.4,28.3,7.5,40
11602890020,矢納浄法寺線,前橋長瀞線,上里鬼石線,11383,0,1.6,神川町下阿久原110,1332,神川町下阿久原110,1340,2672,1.21,0.32,40.1,40.1,7.5,40
11602940010,坂本寄居線,熊谷小川秩父線,東秩父村・寄居町境,11369,0,3.2,寄居町秋山480,714,寄居町秋山480,772,1486,1.22,0.21,42.6,42.8,7.25,40
11602940020,坂本寄居線,東秩父村・寄居町境,寄居町道（寄居風布アクセス道路）,11408,0,1.3,寄居町秋山480,714,寄居町秋山480,772,1486,1.22,0.21,41.3,42.4,7.25,40
11602940030,坂本寄居線,寄居町道（寄居風布アクセス道路）,飯能寄居線,11408,0,2.9,寄居町秋山480,714,寄居町秋山480,772,1486,1.22,0.21,34.9,29.2,7.25,40
11602950010,松戸三郷線,松戸三郷線,一般国道２９８号,11237,0,1,,7999,,8594,16593,1.33,2.05,8.6,9.4,10.75,40
11602960010,菅谷寄居線,深谷嵐山線,嵐山町・小川町境,11342,0,2.5,小川町下横田185,3837,小川町下横田185,3656,7493,1.28,0.79,22.5,28.3,8.25,40
11602960020,菅谷寄居線,嵐山町・小川町境,熊谷小川秩父線,11343,0,0.6,小川町下横田185,3837,小川町下横田185,3656,7493,1.28,0.64,34.8,26.2,7.5,40
11602960030,菅谷寄居線,熊谷小川秩父線,熊谷小川秩父線,11343,0,2,小川町下横田185,3837,小川町下横田185,3656,7493,1.28,0.64,39.3,38.4,7.5,40
11602960040,菅谷寄居線,熊谷小川秩父線,本田小川線,11343,0,1.4,小川町下横田185,3837,小川町下横田185,3656,7493,1.28,0.64,40.1,45,7.5,40
11602960060,菅谷寄居線,本田小川線,熊谷寄居線,11408,0,2.9,寄居町富田152-8,4400,寄居町富田152-8,4253,8653,1.3,0.75,31.1,32.8,12.25,40
11602960070,菅谷寄居線,熊谷寄居線,寄居町・深谷市境,11408,0,0.8,寄居町富田152-8,4400,寄居町富田152-8,4253,8653,1.3,0.75,31.5,19.7,12.25,40
11602960080,菅谷寄居線,寄居町・深谷市境,一般国道１４０号,11218,0,0.4,寄居町富田152-8,4400,寄居町富田152-8,4253,8653,1.3,0.78,28.2,9.1,9.75,40
11602960090,菅谷寄居線,一般国道１４０号,一般国道１４０号,11218,0,0.5,寄居町富田152-8,4400,寄居町富田152-8,4253,8653,1.3,0.78,10.8,13.2,9.75,40
11602960110,菅谷寄居線,一般国道１４０号,飯能寄居線,11408,0,1.6,寄居町桜沢480-5,3258,寄居町桜沢480-5,3898,7156,1.27,0.78,19.3,18.9,10,40
11603010010,妻沼小島太田線,新堀尾島線,妻沼小島太田線,11202,0,1.3,,400,,512,912,1.19,0.15,41,48.3,9,40
11603030010,弥藤吾行田線,太田熊谷線,弁財深谷線,11202,0,3,熊谷市江波542-2,1804,熊谷市江波542-2,1870,3674,1.23,0.37,30.9,36.5,12.25,30
11603030030,弥藤吾行田線,弁財深谷線,葛和田新堀線,11202,0,1.3,熊谷市上中条1989,3559,熊谷市上中条1989,3625,7184,1.29,0.66,40.9,41.6,12,40
11603030040,弥藤吾行田線,葛和田新堀線,熊谷館林線,11202,0,1.1,熊谷市上中条1989,3559,熊谷市上中条1989,3625,7184,1.29,0.66,38.4,21.8,12,40
11603030060,弥藤吾行田線,熊谷館林線,上中条斉条線,11202,0,0.4,熊谷市下川上1292-5,1712,熊谷市下川上1292-5,1857,3569,1.23,0.44,30.5,36.7,12,50
11603030070,弥藤吾行田線,上中条斉条線,北河原熊谷線,11202,0,1.3,熊谷市下川上1292-5,1712,熊谷市下川上1292-5,1857,3569,1.23,0.44,45.1,46.5,12,50
11603030080,弥藤吾行田線,北河原熊谷線,熊谷市道,11202,0,1.8,熊谷市下川上1292-5,1712,熊谷市下川上1292-5,1857,3569,1.23,0.44,34.8,33.1,12,50
11601280030,弥藤吾行田線,熊谷市道,一般国道１２５号,11202,0,0.4,,2184,,2145,4329,1.24,0.61,21.7,35.2,19.75,50
11603030110,弥藤吾行田線,一般国道１２５号,熊谷羽生線,11206,0,2.8,行田市皿尾370,883,行田市皿尾370,786,1669,1.21,0.25,27.1,24.7,6,40
11603040010,今泉館林線,羽生外野栗橋線,,11216,0,1.7,羽生市上村君456-4,591,羽生市上村君456-4,657,1248,1.22,0.17,28.4,37.4,10.25,40
11603050010,礼羽騎西線,加須鴻巣線,久喜騎西線,11210,0,2.7,加須市戸崎107,4725,加須市戸崎107,4885,9610,1.3,0.74,28.7,29.4,8.25,40
11603060010,上中森鴻巣線,佐野行田線,一般国道１２５号,11206,0,0.5,,2732,,2697,5429,1.26,0.7,22.9,23.2,7,40
11603060020,上中森鴻巣線,一般国道１２５号,熊谷羽生線,11206,0,1.1,,2732,,2697,5429,1.26,0.7,30.5,20.2,7,40
11603060030,上中森鴻巣線,熊谷羽生線,行田蓮田線,11206,0,2.5,,2732,,2697,5429,1.26,0.7,19.9,22.3,7,40
11603060040,上中森鴻巣線,行田蓮田線,一般国道１７号,11206,0,1,,2732,,2697,5429,1.26,0.7,34.2,36.1,7,40
11603060050,上中森鴻巣線,一般国道１７号,騎西鴻巣線,11206,0,0.6,,2732,,2697,5429,1.26,0.7,38.4,30.8,7,40
11603060060,上中森鴻巣線,騎西鴻巣線,行田市・鴻巣市境,11206,0,1,,2732,,2697,5429,1.26,0.7,39.4,43,7,40
11603060070,上中森鴻巣線,行田市・鴻巣市境,一般国道１７号,11217,0,1.7,,2732,,2697,5429,1.26,0.64,34.8,29.4,7.5,40
11603070010,福田鴻巣線,ときがわ熊谷線,森林公園停車場武蔵丘陵森林公園線,11341,0,1.5,,3206,,3209,6415,1.27,0.81,32.6,36.8,15.75,40
11603070020,福田鴻巣線,森林公園停車場武蔵丘陵森林公園線,滑川町・東松山市境,11341,0,0.2,,3206,,3209,6415,1.27,0.81,26.1,35.7,15.75,40
11603070030,福田鴻巣線,滑川町・東松山市境,大谷材木町線,11212,0,2.1,,3206,,3209,6415,1.27,0.84,47,45.9,12,40
11603070040,福田鴻巣線,大谷材木町線,東松山市・熊谷市境,11212,0,0.9,,3548,,3690,7238,1.28,0.67,42,42.7,12,40
11603070050,福田鴻巣線,東松山市・熊谷市境,一般国道４０７号,11202,0,0.2,,3548,,3690,7238,1.28,0.63,27.8,13.4,12.25,40
11603070070,福田鴻巣線,一般国道４０７号,冑山熊谷線,11202,0,0.2,熊谷市箕輪234-3,1913,熊谷市箕輪234-3,1996,3909,1.23,0.41,13.2,22.8,11.25,40
11603070080,福田鴻巣線,冑山熊谷線,行田東松山線,11202,0,2,熊谷市箕輪234-3,1913,熊谷市箕輪234-3,1996,3909,1.23,0.41,35.3,31.5,11.25,40
11603070100,福田鴻巣線,行田東松山線,鎌塚鴻巣線,11217,0,0.5,,3642,,3040,6682,1.28,0.7,23.1,27.6,9.25,40
11603070110,福田鴻巣線,鎌塚鴻巣線,一般国道１７号,11217,0,1,,3642,,3040,6682,1.28,0.7,25.9,21.5,9.25,40
11603080010,内田ヶ谷鴻巣線,騎西鴻巣線,加須市・鴻巣市境,11210,0,1.5,加須市上崎52,3060,加須市上崎52,2938,5998,1.27,0.57,35.9,41.6,12.25,40
11603080020,内田ヶ谷鴻巣線,加須市・鴻巣市境,北根菖蒲線,11217,0,1.2,加須市上崎52,3060,加須市上崎52,2938,5998,1.27,0.61,28.7,27.9,12,40
11603080030,内田ヶ谷鴻巣線,北根菖蒲線,北根菖蒲線,11217,0,0.5,加須市上崎52,3060,加須市上崎52,2938,5998,1.27,0.61,24.3,30,12,40
11603080040,内田ヶ谷鴻巣線,北根菖蒲線,行田蓮田線,11217,0,2.5,加須市上崎52,3060,加須市上崎52,2938,5998,1.27,0.61,42.4,43.3,12,40
11603080050,内田ヶ谷鴻巣線,行田蓮田線,一般国道１７号,11217,0,1.5,加須市上崎52,3060,加須市上崎52,2938,5998,1.27,0.61,21.8,16.7,12,40
11603100010,笠原菖蒲線,行田蓮田線,久喜市・鴻巣市境,11232,0,0.1,久喜市菖蒲町上栢間4363-4,2434,久喜市菖蒲町上栢間4363-4,2312,4746,1.21,0.57,12.4,36,12.25,40
11603100020,笠原菖蒲線,久喜市・鴻巣市境,鴻巣市・久喜市境,11217,0,0.5,久喜市菖蒲町上栢間4363-4,2434,久喜市菖蒲町上栢間4363-4,2312,4746,1.21,0.67,30.9,42.3,12,40
11603100030,笠原菖蒲線,鴻巣市・久喜市境,下石戸上菖蒲線,11232,0,2.1,久喜市菖蒲町上栢間4363-4,2434,久喜市菖蒲町上栢間4363-4,2312,4746,1.21,0.63,39.6,33.4,12,40
11603100040,笠原菖蒲線,下石戸上菖蒲線,川越栗橋線,11232,0,0.6,久喜市菖蒲町上栢間4363-4,2434,久喜市菖蒲町上栢間4363-4,2312,4746,1.21,0.63,25.6,21,12,40
11301220570,蓮田鴻巣線,一般国道１２２号,東門前蓮田線,11238,0,0.3,,3162,,2555,5717,1.26,0.66,12.1,12.6,18,40
11603110010,蓮田鴻巣線,東門前蓮田線,蓮田市・伊奈町境,11238,0,1.3,,6959,,6510,13469,1.32,1.54,12.9,13.8,7,40
11603110015,蓮田鴻巣線,蓮田市・伊奈町境,伊奈町道,11301,0,0.1,,6959,,6510,13469,1.32,1.2,14.9,10,12,40
11603110160,蓮田鴻巣線,伊奈町道,さいたま栗橋線,11301,0,0.2,,,,,,,,12.9,11.6,22.75,40
11603110150,蓮田鴻巣線,さいたま栗橋線,上尾環状線,11301,0,0.9,,,,,,,,21.8,18.1,18,40
11603110050,蓮田鴻巣線,上尾蓮田線,さいたま菖蒲線,11301,0,3.3,,9117,,8367,17484,1.33,1.6,19.6,21.8,16,40
11603110070,蓮田鴻巣線,上尾久喜線,上尾市・伊奈町境,11219,0,0.6,桶川市倉田27-3,8884,桶川市倉田27-3,8351,17235,1.32,1.51,15.4,24.6,8,40
11603110080,蓮田鴻巣線,上尾市・伊奈町境,伊奈町・桶川市境,11301,0,0.6,桶川市倉田27-3,8884,桶川市倉田27-3,8351,17235,1.32,1.56,22.4,19,7.25,40
11603110090,蓮田鴻巣線,伊奈町・桶川市境,川越栗橋線,11231,0,2.8,桶川市倉田27-3,8884,桶川市倉田27-3,8351,17235,1.32,1.52,23,17.5,12,40
11603110100,蓮田鴻巣線,川越栗橋線,桶川市・北本市境,11231,0,1.2,,4467,,4966,9433,1.3,0.68,24.6,36,12,40
11603110110,蓮田鴻巣線,桶川市・北本市境,下石戸上菖蒲線,11233,0,0.8,,4467,,4966,9433,1.3,0.72,27.8,24.6,8.25,40
11603110120,蓮田鴻巣線,下石戸上菖蒲線,下石戸上菖蒲線,11233,0,0.4,,4467,,4966,9433,1.3,0.72,11.6,21.4,8.25,40
11603110130,蓮田鴻巣線,下石戸上菖蒲線,一般国道１７号,11233,0,1.2,,4467,,4966,9433,1.3,0.72,25.1,15.4,8.25,40
11603120010,下石戸上菖蒲線,東松山桶川線,鴻巣桶川さいたま線,11233,0,2,,8232,,10476,18708,1.34,0.67,23.2,24,22,50
11603120020,下石戸上菖蒲線,鴻巣桶川さいたま線,一般国道１７号,11233,0,0.7,,8232,,10476,18708,1.34,0.67,24.5,14.7,22,50
11603120040,下石戸上菖蒲線,一般国道１７号,蓮田鴻巣線,11233,0,0.6,,4898,,4062,8960,1.3,0.91,13.8,17.8,7.5,40
11603120060,下石戸上菖蒲線,蓮田鴻巣線,北本市・鴻巣市境,11233,0,0.9,,6221,,5675,11896,1.31,1.05,21.2,28.8,10.25,40
11603120070,下石戸上菖蒲線,北本市・鴻巣市境,鴻巣市・久喜市境,11217,0,0.9,,6221,,5675,11896,1.31,0.96,28.7,24.4,10,40
11603120080,下石戸上菖蒲線,鴻巣市・久喜市境,行田蓮田線,11232,0,0.1,,6221,,5675,11896,1.31,0.97,21.2,11.5,7.5,40
11603120090,下石戸上菖蒲線,行田蓮田線,笠原菖蒲線,11232,0,1.7,,6221,,5675,11896,1.31,0.97,31.1,32,7.5,40
11603130010,北根菖蒲線,鴻巣羽生線,内田ヶ谷鴻巣線,11217,0,4,鴻巣市広田4184-1,3167,鴻巣市広田4184-1,3508,6675,1.27,0.6,39.4,36.6,8.25,40
11603130030,北根菖蒲線,内田ヶ谷鴻巣線,鴻巣市・加須市境,11217,0,0.1,加須市上種足3382,2752,加須市上種足3382,2816,5568,1.26,0.72,22.5,30,9,40
11603130040,北根菖蒲線,鴻巣市・加須市境,加須鴻巣線,11210,0,1.2,加須市上種足3382,2752,加須市上種足3382,2816,5568,1.26,0.57,39.4,28.1,9,40
11603130050,北根菖蒲線,加須鴻巣線,加須市・久喜市境,11210,0,2.8,,1709,,1868,3577,1.23,0.47,37.8,40.7,9,40
11603130060,北根菖蒲線,加須市・久喜市境,川越栗橋線,11232,0,2,,1709,,1868,3577,1.23,0.69,33.1,29.8,5.5,40
11603130070,北根菖蒲線,川越栗橋線,久喜市道,11232,0,0.2,,1709,,1868,3577,1.23,0.69,12.6,13.5,5.5,40
11603130080,北根菖蒲線,久喜市道,さいたま菖蒲線,11232,0,0.2,,1634,,1821,3455,1.23,0.57,21.4,14.2,12.25,30
11603160010,阿佐間幸手線,砂原北大桑線,加須市・久喜市境,11210,0,2.5,,3763,,3869,7632,1.29,1.03,32.8,35,8.75,40
11603160070,阿佐間幸手線,加須市・久喜市境,一般国道１２５号（栗橋大利根バイパス）,11232,0,0.1,,,,,,,,11.5,28.7,6,40
11603160030,阿佐間幸手線,一般国道１２５号,久喜市・幸手市境,11232,0,3.8,,5090,,5042,10132,1.3,0.92,24.3,37.5,17.25,40
11603160040,阿佐間幸手線,久喜市・幸手市境,加須幸手線,11240,0,0.4,,5090,,5042,10132,1.3,1.07,37.6,20.7,12,40
11603180010,並塚幸手線,次木杉戸線,杉戸町・幸手市境,11464,0,2.5,,3433,,3747,7180,1.28,0.54,41.3,43.6,10.25,40
11603180020,並塚幸手線,杉戸町・幸手市境,境杉戸線,11240,0,0.5,,3433,,3747,7180,1.28,0.55,41.4,33,10.5,40
11603180025,並塚幸手線,境杉戸線,幸手市道,11240,0,2.5,,3243,,3684,6927,1.28,0.56,31.3,27.2,10.5,40
11603180050,並塚幸手線,幸手市道,一般国道４号,11240,0,0.5,,3243,,3684,6927,1.28,0.83,18.9,12.3,9,60
11603190010,惣新田春日部線,松伏春日部関宿線,一般国道４号,11240,0,0.6,,697,,651,1348,1.43,0.17,19,20.3,6,40
11603190020,惣新田春日部線,一般国道４号,幸手市・杉戸町境,11240,0,0.7,,697,,651,1348,1.43,0.17,35.3,37.9,6,40
11603190030,惣新田春日部線,幸手市・杉戸町境,次木杉戸線,11464,0,0.3,,697,,651,1348,1.43,0.14,45.1,21.6,7,40
11603190050,惣新田春日部線,次木杉戸線,杉戸町・春日部市境,11464,0,4.3,,4051,,3450,7501,1.29,0.73,39.8,41.7,13,40
11603190060,惣新田春日部線,杉戸町・春日部市境,一般国道１６号,11214,0,1.4,,4051,,3450,7501,1.29,0.94,28.4,22.7,8,40
11603190070,惣新田春日部線,一般国道１６号,一般国道４号,11214,0,0.2,,4051,,3450,7501,1.29,0.94,12.5,9.1,8,40
11603190080,惣新田春日部線,一般国道４号,さいたま春日部線,11214,0,0.8,,4051,,3450,7501,1.29,0.94,19.1,18.1,8,40
11603200010,西宝珠花春日部線,次木杉戸線,松伏春日部関宿線,11214,0,2.9,春日部市八丁目1853,4711,春日部市八丁目1853,4970,9681,1.3,0.95,35.1,35.6,12,40
11603200020,西宝珠花春日部線,松伏春日部関宿線,一般国道４号,11214,0,0.5,春日部市八丁目1853,4711,春日部市八丁目1853,4970,9681,1.3,0.95,22.3,18.8,12,40
11603200030,西宝珠花春日部線,一般国道４号,一般国道１６号,11214,0,2.5,春日部市八丁目1853,4711,春日部市八丁目1853,4970,9681,1.3,0.95,31.7,21.3,12,40
11603200040,西宝珠花春日部線,一般国道１６号,一般国道４号,11214,0,1.1,春日部市八丁目1853,4711,春日部市八丁目1853,4970,9681,1.3,0.95,21.1,21.9,12,40
11603210010,西金野井春日部線,,松伏春日部関宿線,11214,0,1.6,春日部市上柳487,3384,春日部市上柳487,3315,6699,1.26,0.78,32.9,29.6,12,40
11603210020,西金野井春日部線,松伏春日部関宿線,一般国道４号,11214,0,0.2,春日部市上柳487,3384,春日部市上柳487,3315,6699,1.26,0.78,11.4,12.6,12,40
11603210030,西金野井春日部線,一般国道４号,一般国道１６号,11214,0,0.9,春日部市上柳487,3384,春日部市上柳487,3315,6699,1.26,0.78,20.3,21.4,12,40
11603210040,西金野井春日部線,一般国道１６号,春日部松伏線,11214,0,0.9,春日部市上柳487,3384,春日部市上柳487,3315,6699,1.26,0.78,18.8,24.2,12,40
11603220010,東門前蓮田線,さいたま春日部線,一般国道１６号,11104,0,4.6,さいたま市見沼区丸ヶ崎１１８３,7018,さいたま市見沼区丸ヶ崎１１８３,6698,13716,1.37,1.13,15.6,15.1,12,40
11603220020,東門前蓮田線,一般国道１６号,,11104,0,0.3,さいたま市見沼区丸ヶ崎１１８３,7018,さいたま市見沼区丸ヶ崎１１８３,6698,13716,1.37,1.13,7.8,20.9,12,40
11603220030,東門前蓮田線,,蓮田市道,11238,0,1.5,,8812,,8428,17240,1.35,1.4,11.4,23.3,12,40
11603220060,東門前蓮田線,蓮田市道,蓮田市道,11238,0,0.7,,2460,,2787,5247,1.26,0.44,19.7,20.1,12,40
11301220590,東門前蓮田線,蓮田市道,蓮田市道,11238,0,0,,3162,,2555,5717,1.26,0.78,13.1,19,7,40
11301220580,東門前蓮田線,蓮田市道,蓮田鴻巣線,11238,0,0.3,,3162,,2555,5717,1.26,0.78,13.1,19,7,40
11603230010,上尾環状線,川越上尾線,一般国道１７号,11219,0,1,,10336,,10723,21059,1.34,1.42,12.2,16.7,12,40
11603230020,上尾環状線,一般国道１７号,さいたま鴻巣線,11219,0,1.5,,10336,,10723,21059,1.34,1.42,19.7,22,12,40
11603230040,上尾環状線,さいたま鴻巣線,鴻巣桶川さいたま線,11219,0,2.1,,3814,,4702,8516,1.3,1.06,16.8,14.2,12,40
11603230050,上尾環状線,鴻巣桶川さいたま線,一般国道１７号,11219,0,0.3,,3814,,4702,8516,1.3,1.06,11.7,8.7,12,40
11603230100,上尾環状線,さいたま菖蒲線,一般国道１７号,11219,0,1.1,,10250,,12867,23117,1.35,1.64,10.8,11,16,40
11603230080,上尾環状線,伊奈町・上尾市境,さいたま菖蒲線,11219,0,0.5,伊奈町小室394-4,3702,伊奈町小室394-4,4508,8210,1.3,0.73,26.6,11.9,16.75,40
11603230070,上尾環状線,伊奈町道,伊奈町・上尾市境,11301,0,1.4,伊奈町小室394-4,3702,伊奈町小室394-4,4508,8210,1.3,0.94,16.7,22,6.75,40
11603110035,上尾環状線,蓮田市道,伊奈町道,11301,0,0.4,,4088,,4571,8659,1.3,0.86,24.8,23.7,7,40
11603240010,蒲生岩槻線,足立越谷線,一般国道４号,11222,0,1.4,,5458,,5505,10963,1.37,0.98,16.6,11.2,6.5,40
11603240020,蒲生岩槻線,一般国道４号,越谷川口線,11222,0,0.6,,5458,,5505,10963,1.37,0.98,9.1,20,6.5,40
11603240030,蒲生岩槻線,越谷川口線,蒲生岩槻線,11222,0,2.2,,5458,,5505,10963,1.37,0.98,19.3,21.3,6.5,40
11603240040,蒲生岩槻線,蒲生岩槻線,,11222,0,1.7,,5458,,5505,10963,1.37,0.77,32.2,29.7,12.25,50
11603240050,蒲生岩槻線,,一般国道４６３号,11110,0,0.3,さいたま市岩槻区釣上１５２９,6134,さいたま市岩槻区釣上１５２９,5660,11794,1.32,0.93,25.8,9.5,12,50
11603240060,蒲生岩槻線,一般国道４６３号,一般国道４６３号,11110,0,0.9,さいたま市岩槻区釣上１５２９,6134,さいたま市岩槻区釣上１５２９,5660,11794,1.32,0.93,17.5,17.2,12,50
11603240070,蒲生岩槻線,一般国道４６３号,新方須賀さいたま線,11110,0,3.1,さいたま市岩槻区笹久保２０５２,6387,さいたま市岩槻区笹久保２０５２,6973,13360,1.32,0.99,25.2,26.8,12,50
11603240080,蒲生岩槻線,新方須賀さいたま線,越谷岩槻線,11110,0,2.6,さいたま市岩槻区笹久保２０５２,6387,さいたま市岩槻区笹久保２０５２,6973,13360,1.32,0.99,19.6,16.7,12,50
11603240100,蒲生岩槻線,一般国道１６号,一般国道１２２号,11110,0,1,さいたま市岩槻区笹久保２０５２,6387,さいたま市岩槻区笹久保２０５２,6973,13360,1.32,1.03,18.5,17.7,16,40
11603240120,蒲生岩槻線,蒲生岩槻線,,11222,0,1.4,,2242,,2596,4838,1.29,2.5,18.8,27.8,4.5,30
11603240130,蒲生岩槻線,,一般国道４６３号,11110,0,0.4,さいたま市岩槻区釣上新田389,2779,さいたま市岩槻区釣上新田389,2835,5614,1.3,0.59,24.4,18.3,8.5,40
11603250010,大野島越谷線,野田岩槻線,新方須賀さいたま線,11110,0,2.8,越谷市三野宮28-3,3737,越谷市三野宮28-3,3742,7479,1.39,0.57,27.6,21.9,11,40
11603250020,大野島越谷線,新方須賀さいたま線,,11110,0,0.9,越谷市三野宮28-3,3737,越谷市三野宮28-3,3742,7479,1.39,0.57,30.1,33.7,11,40
11603250030,大野島越谷線,,一般国道４号,11222,0,2.8,埼玉県越谷市三野宮28-3,3468,埼玉県越谷市三野宮28-3,3335,6803,1.26,0.56,31.6,20,8.25,40
11603250040,大野島越谷線,一般国道４号,越谷野田線,11222,0,1.4,埼玉県越谷市三野宮28-3,3468,埼玉県越谷市三野宮28-3,3335,6803,1.26,0.56,14.5,21.4,8.25,40
11603250050,大野島越谷線,越谷野田線,越谷流山線,11222,0,1.2,埼玉県越谷市三野宮28-3,3468,埼玉県越谷市三野宮28-3,3335,6803,1.26,0.56,17.3,11.6,8.25,40
11603260010,川藤野田線,葛飾吉川松伏線,中井松伏線,11243,0,1.7,吉川市川藤3595,4912,吉川市川藤3595,4163,9075,1.3,0.79,17.5,23.4,6.75,40
11603260020,川藤野田線,中井松伏線,吉川市道,11243,0,0.1,吉川市川藤3595,4912,吉川市川藤3595,4163,9075,1.3,0.79,17.8,17.9,6.75,40
11603260030,川藤野田線,吉川市道,三郷松伏線,11243,0,0.9,吉川市川藤3595,4912,吉川市川藤3595,4163,9075,1.3,0.79,32.8,9.3,6.75,40
11603260050,川藤野田線,三郷松伏線,川藤野田線,11243,0,0.8,埼玉県吉川市鍋小路464,11004,埼玉県吉川市鍋小路464,10378,21382,1.4,1.25,15.5,21.7,13.25,40
11603270010,草加八潮三郷線,足立越谷線,草加市・八潮市境,11221,0,0.7,,4829,,4557,9386,1.3,0.84,10.5,10.7,16.25,40
11603270020,草加八潮三郷線,草加市・八潮市境,八潮市・草加市境,11234,0,0.5,,4829,,4557,9386,1.3,0.84,5.8,9.4,16.25,40
11603270030,草加八潮三郷線,八潮市・草加市境,越谷八潮線,11221,0,0.1,,4829,,4557,9386,1.3,0.84,7.7,5,16.25,40
11603270040,草加八潮三郷線,越谷八潮線,草加市・八潮市境,11221,0,0.4,,4829,,4557,9386,1.3,0.84,8.9,15.9,16.25,40
11603270050,草加八潮三郷線,草加市・八潮市境,平方東京線,11234,0,1.2,,4829,,4557,9386,1.3,0.77,20.8,18.9,16.25,40
11603280010,金明町鳩ヶ谷線,足立越谷線,一般国道４号,11221,0,1.3,埼玉県川口市安行吉蔵68-2,5234,埼玉県川口市安行吉蔵68-2,5040,10274,1.3,1.11,13.3,12.3,12.25,40
11603280020,金明町鳩ヶ谷線,一般国道４号,一般国道２９８号,11221,0,1.4,埼玉県川口市安行吉蔵68-2,5234,埼玉県川口市安行吉蔵68-2,5040,10274,1.3,1.11,15.2,17.4,12.25,40
11603280030,金明町鳩ヶ谷線,一般国道２９８号,草加市・川口市境,11221,0,0,,3371,,2870,6241,1.27,0.61,6.8,13,12.25,40
11603280040,金明町鳩ヶ谷線,草加市・川口市境,吉場安行東京線,11203,0,1,,3371,,2870,6241,1.27,0.66,12.5,13.9,8.5,40
11603280050,金明町鳩ヶ谷線,吉場安行東京線,足立川口線,11203,0,0.8,,3371,,2870,6241,1.27,0.66,10.1,8.5,8.5,40
11603280060,金明町鳩ヶ谷線,足立川口線,,11203,0,0.9,川口市鳩ヶ谷本町3丁目33番地9先,3812,川口市鳩ヶ谷本町3丁目33番地9先,4106,7918,1.28,0.97,15.8,20.4,10,40
11603280070,金明町鳩ヶ谷線,,さいたま鳩ヶ谷線,11203,0,0.6,川口市鳩ヶ谷本町3丁目33番地9先,3812,川口市鳩ヶ谷本町3丁目33番地9先,4106,7918,1.28,0.97,20.7,16.3,10,40
11603310010,吉田太田部譲原線,吉田太田部譲原線,秩父市・神川町境,11207,0,1.4,,,,,,,,37.7,28.4,7.25,60
11603310020,吉田太田部譲原線,秩父市・神川町境,矢納浄法寺線,11383,0,11.3,,193,,207,400,1.11,0.12,25.9,26.9,3.75,60
11603310030,吉田太田部譲原線,矢納浄法寺線,吉田太田部譲原線,11383,0,0.6,,193,,207,400,1.11,0.12,33.6,36.3,3.75,60
11603320010,根岸本町線,さいたま草加線,蕨桜町線,11203,0,1.4,川口市上青木西2-12,4332,川口市上青木西2-12,4191,8523,1.3,0.81,16.7,16.9,11,40
11603320020,根岸本町線,蕨桜町線,,11203,0,3.5,川口市上青木西2-12,4332,川口市上青木西2-12,4191,8523,1.3,0.77,13.9,15.5,9,40
11603320030,根岸本町線,,川口停車場線,11203,0,0.3,川口市上青木西2-12,4332,川口市上青木西2-12,4191,8523,1.3,0.72,13.3,13.3,18,40
11603340010,三芳富士見線,さいたまふじみ野所沢線,一般国道２５４号,11324,0,2.6,三芳町北永井955,6195,三芳町北永井955,6934,13129,1.32,0.92,19.9,15.7,10,40
11603340020,三芳富士見線,一般国道２５４号,三芳町・富士見市境,11324,0,1,,4321,,4316,8637,1.3,0.71,14,17.9,12.25,40
11603340030,三芳富士見線,三芳町・富士見市境,ふじみ野朝霞線,11235,0,0.7,,4321,,4316,8637,1.3,0.81,13.6,6.6,8.25,40
11603340050,三芳富士見線,鶴瀬停車場線,一般国道２５４号,11235,0,1.3,富士見市諏訪1-13,4611,富士見市諏訪1-13,3363,7974,1.3,0.78,14.2,19.5,20,40
11603340060,三芳富士見線,一般国道２５４号,川越新座線,11235,0,0.8,富士見市諏訪1-13,4611,富士見市諏訪1-13,3363,7974,1.3,0.97,22.3,15.3,10,40
11603350010,並木川崎線,川越新座線,今福木野目線,11201,0,0.5,,6144,,6199,12343,1.31,0.96,13.3,24.7,18,40
11603350020,並木川崎線,今福木野目線,一般国道２５４号,11201,0,0.2,,6144,,6199,12343,1.31,0.96,25.1,15.6,18,40
11603350030,並木川崎線,一般国道２５４号,川越市・ふじみ野市境,11201,0,0.4,,6144,,6199,12343,1.31,0.96,15.4,11.6,18,40
11603350040,並木川崎線,川越市・ふじみ野市境,さいたまふじみ野所沢線,11245,0,0.6,,6144,,6199,12343,1.31,0.71,20,17.5,16,40
11603360010,今福木野目線,一般国道２５４号,一般国道２５４号,11201,0,2.6,川越市牛子393,5122,川越市牛子393,4944,10066,1.3,1.4,22.2,19.8,5.25,30
11603360020,今福木野目線,一般国道２５４号,並木川崎線,11201,0,0.4,川越市牛子393,5122,川越市牛子393,4944,10066,1.3,1.4,15.9,13.6,5.25,30
11603370010,久米所沢線,東京所沢線,川越所沢線,11208,0,0.9,,2527,,2565,5092,1.26,0.64,14.3,12.6,7.5,40
11603390010,平沼中老袋線,鴻巣川島線,川越栗橋線,11346,0,3.7,川島町飯島367-1,984,川島町飯島367-1,646,1630,1.3,0.24,32.1,30.4,16,50
11603390020,平沼中老袋線,川越栗橋線,川島町・川越市境,11346,0,4.3,川島町飯島367-1,984,川島町飯島367-1,646,1630,1.3,0.24,41.4,38.7,16,50
11603390030,平沼中老袋線,川島町・川越市境,川越上尾線,11201,0,0.8,川島町飯島367-1,984,川島町飯島367-1,646,1630,1.3,0.3,40.2,12.5,6.75,40
11603400010,中新田入間川線,川越入間線,所沢堀兼狭山線,11215,0,3.3,狭山市青柳417,3035,狭山市青柳417,3223,6258,1.26,1.02,22.3,19.2,6.5,30
11603400020,中新田入間川線,所沢堀兼狭山線,所沢狭山線,11215,0,1.9,狭山市青柳417,3035,狭山市青柳417,3223,6258,1.26,1.02,17.9,18.8,6.5,30
11603410010,太田熊谷線,一般国道４０７号,羽生妻沼線,11202,0,0.9,,3517,,3625,7142,1.28,0.97,19.1,38.4,18.5,40
11603410030,太田熊谷線,羽生妻沼線,弥藤吾行田線,11202,0,0.7,,7175,,7555,14730,1.32,1.23,18.1,20.1,10.75,40
11603410040,太田熊谷線,弥藤吾行田線,弁財深谷線,11202,0,1.8,,7175,,7555,14730,1.32,1.23,28.7,28.5,10.75,40
11603410060,太田熊谷線,弁財深谷線,葛和田新堀線,11202,0,1.6,熊谷市下奈良413-4,5926,熊谷市下奈良413-4,5767,11693,1.31,0.89,33.9,36.5,22,40
11603410070,太田熊谷線,葛和田新堀線,一般国道１７号,11202,0,2.5,熊谷市下奈良413-4,5926,熊谷市下奈良413-4,5767,11693,1.31,0.89,35.7,25.4,22,40
11603410080,太田熊谷線,一般国道１７号,一般国道１７号,11202,0,2.3,熊谷市柿沼620,7680,熊谷市柿沼620,7123,14803,1.33,0.98,14.3,15.3,22,40
11603430010,岩殿岩井線,岩殿観音南戸守線,東松山市・鳩山町境,11212,0,0.2,東松山市岩殿1229,2819,東松山市岩殿1229,2814,5633,1.25,0.44,40.8,40.4,10.5,40
11603430020,岩殿岩井線,東松山市・鳩山町境,石坂高坂停車場線,11348,0,2.9,東松山市岩殿1229,2819,東松山市岩殿1229,2814,5633,1.25,0.45,39,37,10.5,40
11603430030,岩殿岩井線,石坂高坂停車場線,ときがわ坂戸線,11348,0,2.7,東松山市岩殿1229,2819,東松山市岩殿1229,2814,5633,1.25,0.45,27.3,22,10.5,40
11603430040,岩殿岩井線,ときがわ坂戸線,鳩山町・毛呂山町境,11348,0,1.1,,5201,,5173,10374,1.3,0.84,26.2,32.5,10.5,40
11603430050,岩殿岩井線,鳩山町・毛呂山町境,川越越生線,11326,0,2.7,,5201,,5173,10374,1.3,0.87,35.4,31.8,9,40
11603440010,高坂上唐子線,石坂高坂停車場線,東松山越生線,11212,0,2.3,東松山市西本宿996,3156,東松山市西本宿996,3085,6241,1.26,0.75,30.5,22.7,10.5,40
11603440030,高坂上唐子線,東松山越生線,大野東松山線,11212,0,3.9,東松山市下唐子1197-2,3459,東松山市下唐子1197-2,4002,7461,1.29,0.67,26.5,27,10.75,40
11603450010,小八林久保田下青鳥線,行田東松山線,熊谷市・吉見町境,11202,0,0.8,,362,,268,630,1.14,0.88,22.4,43.3,3.25,40
11603450020,小八林久保田下青鳥線,熊谷市・吉見町境,今泉東松山線,11347,0,3.2,,362,,268,630,1.14,0.05,44.4,42.3,3.5,40
11603450040,小八林久保田下青鳥線,今泉東松山線,東松山鴻巣線,11347,0,1.6,,5700,,5889,11589,1.28,1.35,34.3,23.1,6.5,40
11603450050,小八林久保田下青鳥線,東松山鴻巣線,東松山桶川線,11347,0,1.5,,5700,,5889,11589,1.28,1.35,33.6,36,6.5,40
11603450060,小八林久保田下青鳥線,東松山桶川線,吉見町・東松山市境,11347,0,1.1,,5700,,5889,11589,1.28,1.35,28.7,30.9,6.5,40
11603450070,小八林久保田下青鳥線,吉見町・東松山市境,一般国道２５４号,11212,0,0.6,,5700,,5889,11589,1.28,1.23,33.9,19.4,8.5,40
11603450080,小八林久保田下青鳥線,一般国道２５４号,一般国道４０７号,11212,0,1.9,東松山市下青鳥580-1,3034,東松山市下青鳥580-1,3299,6333,1.28,0.76,26.8,27.4,10.75,50
11603450090,小八林久保田下青鳥線,一般国道４０７号,東松山越生線,11212,0,2.1,東松山市下青鳥580-1,3034,東松山市下青鳥580-1,3299,6333,1.28,0.76,27.6,23,10.75,50
11603460010,砂原北大桑線,羽生外野栗橋線,羽生栗橋線,11210,0,2.2,加須市阿佐間200,3799,加須市阿佐間200,3773,7572,1.28,0.76,41.6,45.3,12.75,40
11603460020,砂原北大桑線,羽生栗橋線,羽生栗橋線,11210,0,0.3,加須市阿佐間200,3799,加須市阿佐間200,3773,7572,1.28,0.76,24.8,28.4,12.75,40
11603460030,砂原北大桑線,羽生栗橋線,阿佐間幸手線,11210,0,0.6,加須市阿佐間200,3799,加須市阿佐間200,3773,7572,1.28,0.76,28.6,26.6,12.75,40
11603460035,砂原北大桑線,阿佐間幸手線,一般国道１２５号（栗橋大利根バイパス）,11210,0,1.2,加須市阿佐間200,3799,加須市阿佐間200,3773,7572,1.28,0.76,33.5,28.6,12.75,40
11603460040,砂原北大桑線,一般国道１２５号（栗橋大利根バイパス）,一般国道１２５号,11210,0,0.4,加須市阿佐間200,3799,加須市阿佐間200,3773,7572,1.28,0.76,17.8,21.3,12.75,40
11603470010,馬引沢飯能線,日高狭山線,狭山市・飯能市境,11215,0,0.2,,9260,,9253,18513,1.34,1.33,8.1,19.7,21,40
11603470020,馬引沢飯能線,狭山市・飯能市境,飯能市・入間市境,11209,0,1.3,,9260,,9253,18513,1.34,1.21,22.9,27.1,10,40
11603470030,馬引沢飯能線,飯能市・入間市境,入間市・飯能市境,11225,0,0.9,,8712,,9935,18647,1.34,1.37,27.7,19.1,11,40
11603470040,馬引沢飯能線,入間市・飯能市境,一般国道２９９号,11209,0,0.3,,8712,,9935,18647,1.34,1.42,28.2,13.8,10.25,40
11603470060,馬引沢飯能線,一般国道２９９号,東飯能停車場線,11209,0,1.9,飯能市双柳391-30,3410,飯能市双柳391-30,3546,6956,1.3,0.97,15.4,17.9,8,40
11603480010,下戦場塩貝戸線,一般国道１４０号,一般国道１４０号,11362,0,0.8,,1115,,1170,2285,1.2,0.26,29.3,23.3,9.25,40
11603480020,下戦場塩貝戸線,一般国道１４０号,親鼻停車場線,11362,0,0.3,,1115,,1170,2285,1.2,0.26,10,17.3,9.25,40
11603490010,広木折原線,一般国道２５４号,美里町・寄居町境,11381,0,5.3,美里町白石194-1,658,美里町白石194-1,772,1430,1.21,0.16,41.4,45.8,10.25,40
11603490020,広木折原線,美里町・寄居町境,一般国道１４０号,11408,0,2.4,,805,,744,1549,1.22,0.23,34.3,29.3,14.5,40
11603490030,広木折原線,一般国道１４０号,一般国道１４０号,11408,0,1,,889,,807,1696,1.21,0.21,27.4,40.9,14.5,40
11603500010,南飯能線,,飯能下名栗線,11209,0,7.1,,3567,,3684,7251,1.28,0.98,34.4,31.1,4.75,30
11304620180,沼和田杉山線,一般国道４６２号,,11211,0,0.6,本庄市沼和田953-1,4827,本庄市沼和田953-1,5057,9884,1.3,0.91,24.8,17.5,10.25,40
11603510010,沼和田杉山線,,一般国道１７号,11211,0,1.7,本庄市沼和田953-1,4827,本庄市沼和田953-1,5057,9884,1.3,0.91,32.1,28.4,10.25,40
11603520010,児玉町蛭川普済寺線,一般国道４６２号,本庄市・美里町境,11211,0,1.7,,3996,,3739,7735,1.29,0.91,30.1,39.3,12.25,40
11603520020,児玉町蛭川普済寺線,本庄市・美里町境,本庄寄居線,11381,0,2.3,,3996,,3739,7735,1.29,0.87,33.7,30.9,7.75,40
11603520030,児玉町蛭川普済寺線,本庄寄居線,美里町・本庄市境,11381,0,0.4,,3388,,3378,6766,1.28,0.76,18.9,28.1,7.75,40
11603520040,児玉町蛭川普済寺線,美里町・本庄市境,本庄市・美里町境,11211,0,0.1,,3388,,3378,6766,1.28,0.78,49.4,48.9,14.5,40
11603520050,児玉町蛭川普済寺線,本庄市・美里町境,美里町・深谷市境,11381,0,0.4,,3388,,3378,6766,1.28,0.69,46.2,47.4,16.25,40
11603520060,児玉町蛭川普済寺線,美里町・深谷市境,花園本庄線,11218,0,1.5,,3388,,3378,6766,1.28,0.78,44.3,39.4,12.5,50
11603520080,児玉町蛭川普済寺線,花園本庄線,針ヶ谷岡線,11218,0,1.3,,1427,,1578,3005,1.22,0.58,24.8,24.3,6.25,40
11603520090,児玉町蛭川普済寺線,針ヶ谷岡線,新野岡部停車場線,11218,0,0.3,,1427,,1578,3005,1.22,0.58,16.6,19.9,6.25,40
11603520100,児玉町蛭川普済寺線,新野岡部停車場線,一般国道１７号,11218,0,1.1,,1427,,1578,3005,1.22,0.58,25.3,18.6,6.25,40
11603530010,針ヶ谷岡線,熊谷児玉線,児玉町蛭川普済寺線,11218,0,3.3,,1812,,1834,3646,1.23,0.42,32.2,33,14,40
11603530020,針ヶ谷岡線,児玉町蛭川普済寺線,新野岡部停車場線,11218,0,0.6,,1812,,1834,3646,1.23,0.42,20.7,11.1,14,40
11603550010,中瀬普済寺線,伊勢崎深谷線,本庄妻沼線,11218,0,2.2,深谷市矢島,2960,深谷市矢島,3019,5979,1.25,0.54,35.4,35.8,12,40
11603550020,中瀬普済寺線,本庄妻沼線,一般国道１７号,11218,0,1.3,深谷市矢島,2960,深谷市矢島,3019,5979,1.25,0.54,31.4,37.1,12,40
11603550030,中瀬普済寺線,一般国道１７号,一般国道１７号,11218,0,1.2,深谷市矢島,2960,深谷市矢島,3019,5979,1.25,0.54,28.3,29.3,12,40
11603560010,成塚中瀬線,由良深谷線,本庄妻沼線,11218,0,0.9,,1675,,1725,3400,1.23,0.43,25.9,25.5,10.5,40
11603560020,成塚中瀬線,本庄妻沼線,伊勢崎深谷線,11218,0,2.6,,1675,,1725,3400,1.23,0.43,36.7,34.6,10.5,40
11603570010,美土里町新堀線,深谷東松山線,一般国道１７号,11202,0,1.9,熊谷市新堀新田487-1,9109,熊谷市新堀新田487-1,8548,17657,1.34,1.41,14,13.1,18,40
11603590010,葛和田新堀線,羽生妻沼線,弥藤吾行田線,11202,0,2.1,熊谷市下奈良758-2,1523,熊谷市下奈良758-2,1642,3165,1.21,0.38,38.2,38.6,12,30
11603590020,葛和田新堀線,弥藤吾行田線,太田熊谷線,11202,0,2.2,熊谷市下奈良758-2,1523,熊谷市下奈良758-2,1642,3165,1.21,0.38,38.9,39.5,12,30
11603590030,葛和田新堀線,太田熊谷線,一般国道４０７号,11202,0,0.8,熊谷市下奈良758-2,1523,熊谷市下奈良758-2,1642,3165,1.21,0.38,22,26.8,12,30
11603590040,葛和田新堀線,一般国道４０７号,一般国道１７号,11202,0,1.4,熊谷市下奈良758-2,1523,熊谷市下奈良758-2,1642,3165,1.21,0.38,26.6,27.7,12,30
11603590050,葛和田新堀線,一般国道１７号,原郷熊谷線,11202,0,1.3,熊谷市下奈良758-2,1523,熊谷市下奈良758-2,1642,3165,1.21,0.38,24.3,23.6,12,30
11603590060,葛和田新堀線,原郷熊谷線,一般国道１７号,11202,0,0.2,,,,,,,,17.5,13,12,40
11603610010,三沢坂本線,長瀞玉淀自然公園線,皆野町・東秩父村境,11362,0,7.9,皆野町三沢619,303,皆野町三沢619,273,576,1.14,0.13,29.1,32.8,4.5,30
11603610020,三沢坂本線,皆野町・東秩父村境,熊谷小川秩父線,11369,0,6.5,皆野町三沢619,303,皆野町三沢619,273,576,1.14,0.13,30.4,29.7,4.5,30
11603620010,上中条斉条線,弥藤吾行田線,熊谷市・行田市境,11202,0,0.6,,1270,,1371,2641,1.21,0.37,52.7,54.6,12,40
11603620020,上中条斉条線,熊谷市・行田市境,北河原熊谷線,11206,0,1.3,,1270,,1371,2641,1.21,0.36,40.6,35.8,13.25,40
11603620035,上中条斉条線,北河原熊谷線,行田市停車場酒巻線,11206,0,1.5,,1135,,1037,2172,1.21,0.37,32.8,31.6,6.25,40
11603630010,石間下吉田線,,皆野両神荒川線,11207,0,5.1,,211,,191,402,1.11,0.06,31.3,34.1,6,40
11601960020,上新郷埼玉線,熊谷羽生線,新郷停車場線,11216,0,0.1,,2447,,2638,5085,1.26,0.69,17.6,18.6,7.25,40
11603640040,上新郷埼玉線,熊谷羽生線,騎西鴻巣線,11206,0,2.8,,1266,,1173,2439,1.21,0.33,33.6,34.3,7,40
11603650010,鎌塚鴻巣線,一般国道１７号,行田東松山線,11217,0,0.4,鴻巣市鎌塚1841-1,4465,鴻巣市鎌塚1841-1,3669,8134,1.3,0.7,15.5,12.1,11.75,40
11603650030,鎌塚鴻巣線,福田鴻巣線,,11217,0,0.2,,1823,,2157,3980,1.23,1.06,23.5,,6.25,40
11603650040,鎌塚鴻巣線,,鴻巣市道,11217,0,2.5,鴻巣市前砂970,2305,鴻巣市前砂970,2651,4956,1.23,0.49,37.1,32.2,9.5,40
11400760020,鎌塚鴻巣線,鴻巣市道,鴻巣川島線,11217,0,1.2,,2253,,2163,4416,1.24,0.49,26.2,20.7,7.5,30
11603650060,鎌塚鴻巣線,鴻巣川島線,鴻巣桶川さいたま線,11217,0,2.1,鴻巣市宮前451-2,3046,鴻巣市宮前451-2,3458,6504,1.28,0.65,22.3,22.8,7.75,40
11603660010,三田ヶ谷礼羽線,羽生外野栗橋線,羽生栗橋線,11216,0,2.2,加須市戸川1579-2,1997,加須市戸川1579-2,2194,4191,1.23,0.38,37.9,32.8,8.75,40
11603660020,三田ヶ谷礼羽線,羽生栗橋線,羽生市・加須市境,11216,0,0.1,加須市戸川1579-2,1997,加須市戸川1579-2,2194,4191,1.23,0.38,16.5,27.6,8.75,40
11603660030,三田ヶ谷礼羽線,羽生市・加須市境,一般国道１２５号,11210,0,2.4,加須市戸川1579-2,1997,加須市戸川1579-2,2194,4191,1.23,0.4,39.1,35.8,12.25,40
11603660040,三田ヶ谷礼羽線,一般国道１２５号,加須羽生線,11210,0,0.7,加須市戸川1579-2,1997,加須市戸川1579-2,2194,4191,1.23,0.4,24.9,28.2,12.25,40
11603660060,三田ヶ谷礼羽線,加須羽生線,加須鴻巣線,11210,0,0.2,,4145,,3678,7823,1.29,0.8,13.5,9,9.5,40
11603670010,薄小森線,,皆野両神荒川線,11365,0,13.8,,211,,191,402,1.11,0.1,32.3,29,3.5,30
11603680010,飯積向古河線,麦倉川俣停車場線,佐野古河線,11210,0,8.3,加須市栄2216-1,1307,加須市栄2216-1,1193,2500,1.2,0.32,35.3,33.5,6.5,40
11603690010,麦倉川俣停車場線,加須北川辺線,柳生停車場線,11210,0,1,,2660,,2638,5298,1.26,0.57,24.4,30.1,13.5,40
11603690020,麦倉川俣停車場線,柳生停車場線,飯積向古河線,11210,0,1.4,,2660,,2638,5298,1.26,0.57,40.6,45.7,13.5,40
11603690030,麦倉川俣停車場線,飯積向古河線,麦倉川俣停車場線,11210,0,0.4,,2660,,2638,5298,1.26,0.57,49.2,49.5,13.5,40
11603700010,北中曽根北大桑線,川越栗橋線,久喜市・加須市境,11232,0,0.7,,3080,,2736,5816,1.26,0.54,16.6,34.3,12.25,40
11603700020,北中曽根北大桑線,久喜市・加須市境,久喜騎西線,11210,0,1.8,,3080,,2736,5816,1.26,0.53,39.1,35.5,12,50
11603700070,北中曽根北大桑線,久喜騎西線,,11210,0,1,,,,,,,,31.2,32.7,12,50
11603700040,北中曽根北大桑線,加須市道,加須幸手線,11210,0,1.3,加須市花崎1-25-7,3646,加須市花崎1-25-7,2728,6374,1.26,0.8,8.9,7.9,12,40
11603700050,北中曽根北大桑線,加須幸手線,一般国道１２５号,11210,0,1.2,加須市花崎1-25-7,3646,加須市花崎1-25-7,2728,6374,1.26,0.8,17.8,26.5,12,40
11603710010,下吉羽幸手線,境杉戸線,幸手市道,11240,0,1.2,幸手市木立254-2,2106,幸手市木立254-2,2283,4389,1.26,0.43,33.4,33.3,15,50
11603710015,下吉羽幸手線,幸手市道,幸手境線,11240,0,1.9,幸手市北三丁目732,6543,幸手市北三丁目732,6075,12618,1.32,1.07,31,28.6,15,50
11603710020,下吉羽幸手線,幸手境線,幸手境線,11240,0,0.6,幸手市北三丁目732,6543,幸手市北三丁目732,6075,12618,1.32,1.07,24.4,21.9,15,50
11603710030,下吉羽幸手線,幸手境線,一般国道４号,11240,0,0.9,幸手市北三丁目732,6543,幸手市北三丁目732,6075,12618,1.32,1.07,17,10.6,15,50
11603720010,下高野杉戸線,さいたま幸手線,東武動物公園停車場線,11464,0,3.3,北葛飾郡杉戸町下高野503-1,2551,北葛飾郡杉戸町下高野503-1,3460,6011,1.27,0.6,24.2,28.4,8,40
11603730010,堤根杉戸線,一般国道４号,蓮田杉戸線,11464,0,1,北葛飾郡杉戸町清地三丁目405,2548,北葛飾郡杉戸町清地三丁目405,2570,5118,1.26,0.45,28.4,32,11,40
11603730020,堤根杉戸線,蓮田杉戸線,東武動物公園停車場線,11464,0,0.7,北葛飾郡杉戸町清地三丁目405,2548,北葛飾郡杉戸町清地三丁目405,2570,5118,1.26,0.45,21.5,25.1,11,40
11603750010,西宝珠花屏風線,次木杉戸線,春日部市・杉戸町境,11214,0,1.3,,2707,,2594,5301,1.26,0.52,37.9,46.4,12,40
11603750020,西宝珠花屏風線,春日部市・杉戸町境,松伏春日部関宿線,11464,0,2.2,,2707,,2594,5301,1.26,0.5,37.4,35.6,7.5,40
11603760010,上笹塚谷口線,三郷松伏線,一般国道２９８号,11237,0,2.1,三郷市幸房106-1,6605,三郷市幸房106-1,7343,13948,1.32,1.21,16.7,19.2,14,40
11603760020,上笹塚谷口線,一般国道２９８号,葛飾吉川松伏線,11237,0,0.5,三郷市幸房106-1,6605,三郷市幸房106-1,7343,13948,1.32,1.21,17.3,11.6,14,40
11400210130,加藤平沼線,三郷松伏線,吉川市道,11243,0,0.5,吉川市栄町887,3893,吉川市栄町887,4024,7917,1.3,0.69,29.8,25.9,9.5,40
11603770010,加藤平沼線,吉川市道,中井松伏線,11243,0,1.1,吉川市栄町887,3893,吉川市栄町887,4024,7917,1.3,0.69,29.8,25.9,9.5,40
11603770020,加藤平沼線,中井松伏線,越谷流山線,11243,0,2.7,吉川市栄町887,3893,吉川市栄町887,4024,7917,1.3,0.82,17.1,13.9,9.25,40
11603780010,中井松伏線,加藤平沼線,川藤野田線,11243,0,2,吉川市南広島1045-3,7181,吉川市南広島1045-3,6858,14039,1.31,1.33,27.6,23.4,12,40
11603780020,中井松伏線,川藤野田線,吉川市道,11243,0,1,吉川市南広島1045-3,7181,吉川市南広島1045-3,6858,14039,1.31,1.33,20.2,32.8,12,40
11603780030,中井松伏線,吉川市道,吉川市・松伏町境,11243,0,2.1,吉川市南広島1045-3,7181,吉川市南広島1045-3,6858,14039,1.31,1.33,31,24.2,12,40
11603780040,中井松伏線,吉川市・松伏町境,越谷野田線,11465,0,0.8,吉川市南広島1045-3,7181,吉川市南広島1045-3,6858,14039,1.31,1.19,18.3,31.5,15.5,40
11603800010,柿木町蒲生線,平方東京線,一般国道４号東埼玉道路,11221,0,0.3,埼玉県越谷市川柳町5-293-2,4253,埼玉県越谷市川柳町5-293-2,4639,8892,1.29,1.17,15.1,13.6,11.75,40
11603800020,柿木町蒲生線,一般国道４号東埼玉道路,草加市・越谷市境,11221,0,0.7,埼玉県越谷市川柳町5-293-2,4253,埼玉県越谷市川柳町5-293-2,4639,8892,1.29,1.17,22.5,28.8,11.75,40
11603800030,柿木町蒲生線,草加市・越谷市境,越谷八潮線,11222,0,1.6,埼玉県越谷市川柳町5-293-2,4253,埼玉県越谷市川柳町5-293-2,4639,8892,1.29,1.12,20.8,12,9,40
11603800040,柿木町蒲生線,越谷八潮線,足立越谷線,11222,0,0.8,埼玉県越谷市川柳町5-293-2,4253,埼玉県越谷市川柳町5-293-2,4639,8892,1.29,1.12,11.6,11.3,9,40
11603810010,東大門安行西立野線,一般国道４６３号,,11109,0,0.3,さいたま市緑区東大門3-15-10,6886,さいたま市緑区東大門3-15-10,8368,15254,1.32,1.19,7.9,19.6,16,40
11603810020,東大門安行西立野線,,越谷川口線,11203,0,3.6,,6747,,7826,14573,1.32,1.47,17.5,16.4,10.25,40
11603820010,早瀬さいたま線,一般国道１７号,朝霞蕨線,11224,0,0.4,,5551,,4546,10097,1.3,1.22,21.1,22.2,8.75,40
11603830010,惣新田幸手線,松伏春日部関宿線,一般国道４号,11240,0,0.7,幸手市中野283-2,4305,幸手市中野283-2,4306,8611,1.27,0.77,20.8,14.8,10,40
11603830020,惣新田幸手線,一般国道４号,境杉戸線,11240,0,2.1,幸手市中野283-2,4305,幸手市中野283-2,4306,8611,1.27,0.77,27.3,19.6,10,40
11603830035,惣新田幸手線,境杉戸線,一般国道４６８号（圏央道）,11240,0,1.1,,3484,,3390,6874,1.28,0.52,25.7,28.3,10,50
11603830060,惣新田幸手線,一般国道４６８号（圏央道）,並塚幸手線,11240,0,1.8,,1336,,913,2249,1.2,0.25,41.3,41.1,11.2,60
11603850010,武蔵丘陵森林公園広瀬線,ときがわ熊谷線,熊谷小川秩父線,11202,0,0.7,熊谷市樋春,9514,熊谷市樋春,7825,17339,1.31,1.47,36.6,38.2,13.75,40
11603850020,武蔵丘陵森林公園広瀬線,熊谷小川秩父線,熊谷寄居線,11202,0,0.5,熊谷市樋春,9514,熊谷市樋春,7825,17339,1.31,1.47,18.6,24.2,13.75,40
11603850030,武蔵丘陵森林公園広瀬線,熊谷寄居線,一般国道１４０号,11202,0,3.7,熊谷市樋春,9514,熊谷市樋春,7825,17339,1.31,1.47,36.6,22,13.75,40
11603910010,大谷材木町線,一般国道４０７号,福田鴻巣線,11212,0,2.2,東松山市大谷2316-1,1931,東松山市大谷2316-1,2022,3953,1.23,0.42,40.5,40.1,9.25,40
11603910020,大谷材木町線,福田鴻巣線,深谷東松山線,11212,0,4,東松山市大谷2316-1,1931,東松山市大谷2316-1,2022,3953,1.23,0.45,32.1,34.5,12,40
11603920010,勅使河原本庄線,一般国道１７号,一般国道１７号,11385,0,1.8,,2102,,1811,3913,1.24,0.54,11.5,33.2,9.5,40
11603920020,勅使河原本庄線,一般国道１７号,神保原停車場線,11385,0,0.5,,3154,,3150,6304,1.27,0.55,13.7,30,8.5,40
11603920030,勅使河原本庄線,神保原停車場線,上里鬼石線,11385,0,0.5,,3154,,3150,6304,1.27,0.55,28.5,24.5,8.5,40
11603920040,勅使河原本庄線,上里鬼石線,上里町・本庄市境,11385,0,0.5,,3154,,3150,6304,1.27,0.55,26.4,30.9,8.5,40
11603920050,勅使河原本庄線,上里町・本庄市境,一般国道４６２号,11211,0,1.9,,3154,,3150,6304,1.27,0.67,30.4,23.6,9.25,40
11603920060,勅使河原本庄線,一般国道４６２号,本庄停車場線,11211,0,1,,3154,,3150,6304,1.27,0.67,19.4,20.1,9.25,40
11603920080,勅使河原本庄線,本庄停車場線,本庄寄居線,11211,0,0.4,,3114,,3399,6513,1.27,0.7,17.3,13.1,11,40
11603920090,勅使河原本庄線,本庄寄居線,一般国道１７号,11211,0,1.3,,3114,,3399,6513,1.27,0.7,27.2,22.1,11,40
11603950010,南川上名栗線,一般国道２９９号,青梅秩父線,11209,0,7.1,,211,,191,402,1.11,0.66,34.4,35.8,4.5,60
11603960050,下早見菖蒲線,さいたま栗橋線,,11232,0,0.3,久喜市菖蒲町昭和沼1,5120,久喜市菖蒲町昭和沼1,5163,10283,1.3,0.9,8.3,32.3,18,50
11603960010,下早見菖蒲線,,一般国道１２２号,11232,0,3.2,久喜市菖蒲町昭和沼1,5120,久喜市菖蒲町昭和沼1,5163,10283,1.3,0.9,30.9,30.1,18,50
11603970010,堀兼根岸線,一般国道１６号,鯨井狭山線,11215,0,1.7,,5892,,5956,11848,1.31,1.04,22.9,11.3,18,50
11603970020,堀兼根岸線,鯨井狭山線,一般国道４０７号,11215,0,2.4,狭山市広瀬台3-2,6589,狭山市広瀬台3-2,5137,11726,1.31,1.06,14.2,13.6,18,50
11603980010,大和田停車場線,,さいたま春日部線,11104,0,0.8,さいたま市見沼区大和田町１丁目１５５４-７,2698,さいたま市見沼区大和田町１丁目１５５４-７,2892,5590,1.29,0.67,11.7,13.7,10.6,40
11603990010,岩槻停車場線,,一般国道１２２号,11110,0,0.2,さいたま市岩槻区本町１丁目５-４,4662,さいたま市岩槻区本町１丁目５-４,4718,9380,1.3,0.81,9.3,8.8,14,40
11604000010,春日部停車場線,,さいたま春日部線,11214,0,0.2,,3150,,3079,6229,1.27,0.7,12.3,9.9,33.25,40
11604010010,谷塚停車場線,,足立越谷線,11221,0,0.1,,3150,,3079,6229,1.27,0.56,13.6,7.8,24,40
11604020010,草加停車場線,,足立越谷線,11221,0,0.3,,2417,,2607,5024,1.26,0.62,10.2,9.4,20,30
11604030010,獨協大学前停車場線,,足立越谷線,11221,0,0.2,,3999,,3853,7852,1.29,0.77,6.5,7.7,15.75,40
11604040010,越谷停車場線,越谷市道,越谷流山線,11222,0,0.2,,3999,,3853,7852,1.29,1.36,18.8,15.4,7.75,40
11604040020,越谷停車場線,越谷流山線,足立越谷線,11222,0,0.1,,3999,,3853,7852,1.29,0.4,11.3,,9.25,40
11604050010,北越谷停車場線,,越谷流山線,11222,0,0.7,,2417,,2607,5024,1.26,0.62,15.9,9.9,16,40
11604050020,北越谷停車場線,越谷流山線,一般国道４号,11222,0,0.4,,2417,,2607,5024,1.26,0.62,14.8,6.6,16,40
11604060010,姫宮停車場線,,春日部久喜線,11442,0,0.6,,358,,385,743,1.19,0.11,13.7,12.8,4.5,30
11604080010,東武動物公園停車場線,,宮代町・杉戸町境,11442,0,0.1,北葛飾郡杉戸町杉戸三丁目42,3130,北葛飾郡杉戸町杉戸三丁目42,2751,5881,1.27,0.59,6.8,11.6,8,30
11604080020,東武動物公園停車場線,宮代町・杉戸町境,下高野杉戸線,11464,0,0.2,北葛飾郡杉戸町杉戸三丁目42,3130,北葛飾郡杉戸町杉戸三丁目42,2751,5881,1.27,0.8,16.8,13.9,9,30
11604080030,東武動物公園停車場線,下高野杉戸線,堤根杉戸線,11464,0,0.1,北葛飾郡杉戸町杉戸三丁目42,3130,北葛飾郡杉戸町杉戸三丁目42,2751,5881,1.27,0.8,10.5,9,9,30
11604080040,東武動物公園停車場線,堤根杉戸線,一般国道４号,11464,0,0.5,北葛飾郡杉戸町杉戸三丁目42,3130,北葛飾郡杉戸町杉戸三丁目42,2751,5881,1.27,0.8,13.5,17.3,9,30
11604090010,和戸停車場線,,春日部久喜線,11442,0,0.1,,389,,462,851,1.19,0.09,9.6,8.7,7.75,30
11604100010,鷲宮停車場線,,加須幸手線,11232,0,1,,4094,,4777,8871,1.3,0.79,20.4,18.4,8.75,40
11604110010,加須停車場線,,加須鴻巣線,11210,0,0.3,,2417,,2607,5024,1.26,0.59,19.5,13,18,40
11301250300,加須停車場線,加須鴻巣線,加須幸手線,11210,0,0.5,,8730,,8145,16875,1.33,1.36,23.2,23,16,50
11604110020,加須停車場線,加須鴻巣線,加須鴻巣線,11210,0,1.1,,2417,,2607,5024,1.26,0.62,19.5,20.7,8.25,40
11604120010,南羽生停車場線,,加須羽生線,11216,0,2.1,,3666,,3342,7008,1.28,0.59,31.5,28.1,9.5,30
11604130010,羽生停車場線,,羽生外野栗橋線,11216,0,0.2,,3999,,3853,7852,1.29,0.62,9.1,7.1,15,40
11604140010,幸手停車場線,,さいたま幸手線,11240,0,0.3,,3260,,3630,6890,1.28,0.54,16,16.1,18,30
11604140030,幸手停車場線,さいたま幸手線,一般国道４号,11240,0,0.4,,5010,,4831,9841,1.3,1.05,8,16.8,8.25,30
11604150010,柳生停車場線,,加須市道,11210,0,0.3,,3666,,3342,7008,1.28,0.54,13.4,9.2,10.25,40
11604150015,柳生停車場線,加須市道,一般国道３５４号,11210,0,0.7,,3666,,3342,7008,1.28,0.54,29.4,28.8,10.25,40
11604150020,柳生停車場線,一般国道３５４号,麦倉川俣停車場線,11210,0,0.5,,3666,,3342,7008,1.28,0.54,24.4,28.1,10.25,40
11700530010,新都心南通り線,さいたま北袋線,市道７１５号線,11107,0,0.5,さいたま市浦和区上木崎1丁目１５,2060,さいたま市浦和区上木崎1丁目１５,2787,4847,1.22,0.23,17.7,22,22.5,40
11700530020,新都心南通り線,市道７１５号線,さいたまふじみ野所沢線,11105,0,0.3,さいたま市浦和区上木崎1丁目１５,2060,さいたま市浦和区上木崎1丁目１５,2787,4847,1.22,0.2,19.5,16.7,22.5,40
11700810010,三橋中央通線,,一般国道１７号,11103,0,0.4,さいたま市大宮区桜木町１丁目１１-３,5390,さいたま市大宮区桜木町１丁目１１-３,6630,12020,1.43,0.5,8.8,9,26.5,40
11700960010,けやき通北線,鴻巣桶川さいたま線,けやき通東線,11103,0,0.3,さいたま市大宮区吉敷町４丁目２４１,2313,さいたま市大宮区吉敷町４丁目２４１,977,3290,1.21,0.17,13.9,15.7,25,40
11700970010,けやき通東線,さいたまふじみ野所沢線,けやき通中央線,11103,0,0.1,さいたま市大宮区吉敷町４丁目２６７,1309,さいたま市大宮区吉敷町４丁目２６７,3197,4506,1.19,0.27,12.8,12.8,25,40
11700970020,けやき通東線,けやき通中央線,けやき通北線,11103,0,0.3,さいたま市大宮区吉敷町４丁目２６７,1309,さいたま市大宮区吉敷町４丁目２６７,3197,4506,1.19,0.27,15.8,17.2,25,40
11700980010,けやき通中央線,鴻巣桶川さいたま線,けやき通東線,11103,0,0.3,さいたま市大宮区吉敷町４丁目２６７,1309,さいたま市大宮区吉敷町４丁目２６７,3197,4506,1.19,0.38,12.8,17.6,22,40
11700990010,桜木広路線,さいたまふじみ野所沢線,一般国道１７号,11103,0,0.7,さいたま市大宮区桜木町４丁目３８８,7691,さいたま市大宮区桜木町４丁目３８８,6949,14640,1.33,0.51,12.6,10.1,27,40
11701100010,加茂宮広路線,鴻巣桶川さいたま線,,11102,0,0.6,さいたま市北区植竹町１丁目８１６ー１,2944,さいたま市北区植竹町１丁目８１６ー１,2979,5923,1.2,0.25,12.6,14.3,23,40
11701100020,加茂宮広路線,,,11102,0,0.1,さいたま市北区植竹町１丁目８１６ー１,2944,さいたま市北区植竹町１丁目８１６ー１,2979,5923,1.2,0.25,17.3,12.8,23,40
11701100030,加茂宮広路線,,,11102,0,0.2,さいたま市北区植竹町１丁目８１６ー１,2944,さいたま市北区植竹町１丁目８１６ー１,2979,5923,1.2,0.25,15.8,12.6,23,40
11704350010,南浦和越谷線,,,11108,0,0.6,さいたま市南区太田窪3501-2先,11408,さいたま市南区太田窪3501-2先,11666,23074,1.3,0.68,19.7,29.4,21,40
11705380010,浦和東京線,一般国道４６３号,一般国道４６３号,11109,0,0.8,さいたま市緑区(大門）４３１４,8484,さいたま市緑区(大門）４３１４,9611,18095,1.25,0.7,11.8,10.4,27,40
11705410010,浦和岩槻線,美園1号線,一般国道４６３号,11109,0,1.7,さいたま市緑区下野田（大字）７０３－１,6843,さいたま市緑区下野田（大字）７０３－１,7951,14794,1.3,0.51,30.5,24.1,29,40
11705960010,美園1号線,一般国道１２２号,浦和岩槻線,11109,0,0.8,さいたま市緑区下野田（大字）７０３－１,6843,さいたま市緑区下野田（大字）７０３－１,7951,14794,1.3,0.26,26.6,27.8,27,40
11706450010,南浦和越谷線,,,11109,0,0.4,さいたま市緑区大間木１７１３,13417,さいたま市緑区大間木１７１３,12453,25870,1.35,0.88,31,42.1,24,40
11707150010,市道７１５号線,さいたまふじみ野所沢線,高速埼玉新都心線,11105,0,0.1,さいたま市中央区新都心２－１,1159,さいたま市中央区新都心２－１,755,1914,1.16,0.21,18.5,15.6,12,40
11707150020,市道７１５号線,高速埼玉新都心線,新都心南通り線,11105,0,0.3,さいたま市中央区新都心２－１,1159,さいたま市中央区新都心２－１,755,1914,1.16,0.17,8.4,14.9,12,40
