交通調査基本区間番号,路線名,起点側／路線名等,終点側／路線名等,市区町村コード,自動車専用道路の別,区間延長（ｋｍ）,上り／交通量観測地点地名,上り／２４時間自動車類交通量／合計（台）,下り／交通量観測地点地名,下り／２４時間自動車類交通量／合計（台）,２４時間自動車類交通量（上下合計）／合計（台）,昼夜率,混雑度,朝夕（混雑時）／上り／旅行速度／合計（ｋｍ／ｈ）,朝夕（混雑時）／下り／旅行速度／合計（ｋｍ／ｈ）,幅員構成／道路部幅員（ｍ）,指定最高速度（ｋｍ／ｈ）
22110100005,東名高速道路,東名高速道路,小山町道２３１６号線,22344,1,7.7,大井松田～足柄スマート～御殿場,41031,大井松田～足柄スマート～御殿場,39352,80383,1.8,0.97,89.8,79,39.45,80
22110100010,東名高速道路,小山町道２３１６号線,小山町・御殿場市境,22344,1,0.4,大井松田～足柄スマート～御殿場,41031,大井松田～足柄スマート～御殿場,39352,80383,1.8,0.97,81,80.3,39.45,80
22110100020,東名高速道路,小山町・御殿場市境,一般国道１３８号,22215,1,2.5,大井松田～足柄スマート～御殿場,41031,大井松田～足柄スマート～御殿場,39352,80383,1.8,0.97,88.4,83,39.45,100
22110100025,東名高速道路,一般国道１３８号,新東名高速道路,22215,1,4.6,御殿場～御殿場JCT,37809,御殿場～御殿場JCT,37304,75113,1.87,1.59,90.1,85.6,26.4,100
22110100029,東名高速道路,新東名高速道路,御殿場市道３６９８号,22215,1,3.4,御殿場JCT～駒門スマート～裾野,13293,御殿場JCT～駒門スマート～裾野,13220,26513,1.57,0.5,89.3,94.2,26.4,100
22110100030,東名高速道路,御殿場市道３６９８号,御殿場市・裾野市境,22215,1,1.3,御殿場JCT～駒門スマート～裾野,13293,御殿場JCT～駒門スマート～裾野,13220,26513,1.57,0.5,87.1,89.8,26.4,100
22110100040,東名高速道路,御殿場市・裾野市境,裾野インタ－線,22220,1,0.8,御殿場JCT～駒門スマート～裾野,13293,御殿場JCT～駒門スマート～裾野,13220,26513,1.57,0.5,85.7,84.1,26.4,100
22110100050,東名高速道路,裾野インタ－線,裾野市・長泉町境,22220,1,6.4,裾野～沼津,13838,裾野～沼津,13879,27717,1.53,0.42,82,71.3,26.4,100
22110100060,東名高速道路,裾野市・長泉町境,長泉町・沼津市境,22342,1,2.8,裾野～沼津,13838,裾野～沼津,13879,27717,1.53,0.42,85.2,77.3,27.1,100
22110100070,東名高速道路,長泉町・沼津市境,一般国道１号（伊豆縦貫道）,22203,1,0.3,裾野～沼津,13838,裾野～沼津,13879,27717,1.53,0.42,84.1,86.1,26.4,100
22110100075,東名高速道路,一般国道１号（伊豆縦貫道）,沼津市道０１０５号線,22203,1,2.5,沼津～愛鷹スマート～富士,16025,沼津～愛鷹スマート～富士,15668,31693,1.47,0.61,86.7,87.3,27.1,100
22110100080,東名高速道路,沼津市道０１０５号線,沼津市・富士市境,22203,1,6.3,沼津～愛鷹スマート～富士,16025,沼津～愛鷹スマート～富士,15668,31693,1.47,0.61,88.1,88.4,27.1,100
22110100090,東名高速道路,沼津市・富士市境,一般国道１３９号（西富士道路）,22210,1,9.4,沼津～愛鷹スマート～富士,16025,沼津～愛鷹スマート～富士,15668,31693,1.47,0.61,92.1,88.5,26.4,100
22110100100,東名高速道路,一般国道１３９号（西富士道路）,富士市道,22210,1,6,富士～富士川スマート,14372,富士～富士川スマート,14046,28418,1.48,0.49,87.4,58.6,26.4,100
22110100110,東名高速道路,富士市道,富士市・静岡市清水区境,22210,1,3.2,富士川スマート～清水JCT,14404,富士川スマート～清水JCT,14244,28648,1.49,0.39,70.5,49.8,26.4,100
22110100115,東名高速道路,富士市・静岡市清水区境,新東名高速道路（連絡道）,22103,1,15.7,富士川スマート～清水JCT,14404,富士川スマート～清水JCT,14244,28648,1.49,0.39,77.2,76,26.4,100
22110100120,東名高速道路,新東名高速道路（連絡道）,一般国道１号（静清ＢＰ）,22103,1,1.4,清水JCT～清水,17965,清水JCT～清水,18296,36261,1.41,0.51,83.3,78.7,26.4,100
22110100130,東名高速道路,一般国道１号（静清ＢＰ）,静岡市清水区・静岡市葵区境,22103,1,5.2,清水～日本平久能山スマート～静岡,16474,清水～日本平久能山スマート～静岡,16477,32951,1.42,0.44,89.3,83.5,26.4,100
22110100140,東名高速道路,静岡市清水区・静岡市葵区境,静岡市葵区・静岡市駿河区境,22101,1,0.5,清水～日本平久能山スマート～静岡,16474,清水～日本平久能山スマート～静岡,16477,32951,1.42,0.44,91.2,86.5,26.4,100
22110100145,東名高速道路,静岡市葵区・静岡市駿河区境,宮川４号線,22102,1,5.3,清水～日本平久能山スマート～静岡,16474,清水～日本平久能山スマート～静岡,16477,32951,1.42,0.44,90.3,85.5,26.4,100
22110100150,東名高速道路,宮川４号線,中島南安倍線,22102,1,3,清水～日本平久能山スマート～静岡,16474,清水～日本平久能山スマート～静岡,16477,32951,1.42,0.44,87.3,82.5,26.4,100
22110100160,東名高速道路,中島南安倍線,静岡市駿河区・焼津市境,22102,1,6.7,静岡～焼津,19376,静岡～焼津,18795,38171,1.38,0.68,91.6,90.7,26.4,100
22110100170,東名高速道路,静岡市駿河区・焼津市境,焼津森線,22212,1,5.1,静岡～焼津,19376,静岡～焼津,18795,38171,1.38,0.68,91.6,83.1,26.4,100
22110100180,東名高速道路,焼津森線,焼津市・藤枝市境,22212,1,3.9,焼津～大井川焼津藤枝スマート～吉田,18868,焼津～大井川焼津藤枝スマート～吉田,18828,37696,1.39,0.65,87,86.9,26.4,100
22110100190,東名高速道路,焼津市・藤枝市境,藤枝市・焼津市境,22214,1,0.4,焼津～大井川焼津藤枝スマート～吉田,18868,焼津～大井川焼津藤枝スマート～吉田,18828,37696,1.39,0.65,87.7,88.9,26.4,100
22110100200,東名高速道路,藤枝市・焼津市境,焼津市・藤枝市境,22212,1,0.2,焼津～大井川焼津藤枝スマート～吉田,18868,焼津～大井川焼津藤枝スマート～吉田,18828,37696,1.39,0.65,89,87.4,26.4,100
22110100210,東名高速道路,焼津市・藤枝市境,藤枝市・焼津市境,22214,1,0.4,焼津～大井川焼津藤枝スマート～吉田,18868,焼津～大井川焼津藤枝スマート～吉田,18828,37696,1.39,0.65,89.2,85.4,26.4,100
22110100220,東名高速道路,藤枝市・焼津市境,焼津市・藤枝市境,22212,1,1.2,焼津～大井川焼津藤枝スマート～吉田,18868,焼津～大井川焼津藤枝スマート～吉田,18828,37696,1.39,0.65,89.6,83.2,26.4,100
22110100230,東名高速道路,焼津市・藤枝市境,藤枝市・焼津市境,22214,1,1.4,焼津～大井川焼津藤枝スマート～吉田,18868,焼津～大井川焼津藤枝スマート～吉田,18828,37696,1.39,0.65,88.8,80.8,26.4,100
22110100235,東名高速道路,藤枝市・焼津市境,焼津市道０１０５号線,22212,1,0.6,焼津～大井川焼津藤枝スマート～吉田,18868,焼津～大井川焼津藤枝スマート～吉田,18828,37696,1.39,0.65,86.9,78.6,26.4,100
22110100240,東名高速道路,焼津市道０１０５号線,焼津市・島田市境,22212,1,2.1,焼津～大井川焼津藤枝スマート～吉田,18868,焼津～大井川焼津藤枝スマート～吉田,18828,37696,1.39,0.65,89.1,82.5,26.4,100
22110100250,東名高速道路,焼津市・島田市境,島田市・吉田町境,22209,1,0.5,焼津～大井川焼津藤枝スマート～吉田,18868,焼津～大井川焼津藤枝スマート～吉田,18828,37696,1.39,0.65,84.9,87.3,26.3,100
22110100260,東名高速道路,島田市・吉田町境,吉田町・島田市境,22424,1,0.9,焼津～大井川焼津藤枝スマート～吉田,18868,焼津～大井川焼津藤枝スマート～吉田,18828,37696,1.39,0.65,88.3,88.2,26.4,100
22110100270,東名高速道路,吉田町・島田市境,島田吉田線,22209,1,0.4,焼津～大井川焼津藤枝スマート～吉田,18868,焼津～大井川焼津藤枝スマート～吉田,18828,37696,1.39,0.65,87.3,87.7,26.4,100
22110100280,東名高速道路,島田吉田線,吉田町・島田市境,22424,1,0.5,吉田～相良牧之原,16363,吉田～相良牧之原,16614,32977,1.42,0.67,89.3,89.1,26.4,100
22110100290,東名高速道路,吉田町・島田市境,島田市・吉田町境,22209,1,0.3,吉田～相良牧之原,16363,吉田～相良牧之原,16614,32977,1.42,0.67,89.1,89.8,26.4,100
22110100300,東名高速道路,島田市・吉田町境,吉田町・牧之原市境,22424,1,0.7,吉田～相良牧之原,16363,吉田～相良牧之原,16614,32977,1.42,0.67,90.8,91.8,26.4,100
22110100310,東名高速道路,吉田町・牧之原市境,一般国道４７３号,22226,1,9.5,吉田～相良牧之原,16363,吉田～相良牧之原,16614,32977,1.42,0.67,90.6,87.7,26.4,100
22110100320,東名高速道路,一般国道４７３号,牧之原市・菊川市境,22226,1,0.7,相良牧之原～菊川,16841,相良牧之原～菊川,17150,33991,1.42,0.63,89.5,89.4,26.4,100
22110100330,東名高速道路,牧之原市・菊川市境,吉田大東線,22224,1,4.5,相良牧之原～菊川,16841,相良牧之原～菊川,17150,33991,1.42,0.63,86,91.9,26.4,100
22110100340,東名高速道路,吉田大東線,菊川市・掛川市境,22224,1,3,菊川～掛川,16521,菊川～掛川,16923,33444,1.41,0.61,91.1,89.1,26.4,100
22110100350,東名高速道路,菊川市・掛川市境,掛川大東線,22213,1,3,菊川～掛川,16521,菊川～掛川,16923,33444,1.41,0.61,89.1,90.7,26.4,100
22110100360,東名高速道路,掛川大東線,掛川市・袋井市境,22213,1,6.2,掛川～袋井,16001,掛川～袋井,16496,32497,1.41,0.47,89.2,88.9,26.4,100
22110100370,東名高速道路,掛川市・袋井市境,浜北袋井線,22216,1,5.4,掛川～袋井,16001,掛川～袋井,16496,32497,1.41,0.47,89.7,89.6,26.4,100
22110100380,東名高速道路,浜北袋井線,袋井市・磐田市境,22216,1,1.5,袋井～磐田,16368,袋井～磐田,17128,33496,1.4,0.52,89.5,88.8,26.4,100
22110100390,東名高速道路,袋井市・磐田市境,磐田インター線,22211,1,2.5,袋井～磐田,16368,袋井～磐田,17128,33496,1.4,0.52,90.7,88.7,26.4,100
22110100400,東名高速道路,磐田インター線,磐田市道,22211,1,1.9,磐田～遠州豊田スマート,16410,磐田～遠州豊田スマート,16966,33376,1.4,0.56,88.8,87.2,26.4,100
22110100410,東名高速道路,磐田市道,磐田市・浜松市東区境,22211,1,2.4,遠州豊田スマート～浜松,16802,遠州豊田スマート～浜松,17331,34133,1.4,0.6,86.9,88.2,26.4,100
22110100420,東名高速道路,磐田市・浜松市東区境,浜松環状線,22132,1,2.3,遠州豊田スマート～浜松,16802,遠州豊田スマート～浜松,17331,34133,1.4,0.6,84.5,80.2,26.4,100
22110100425,東名高速道路,浜松環状線,有玉南初生線,22132,1,5.1,浜松～三方原スマート～浜松西,15890,浜松～三方原スマート～浜松西,16568,32458,1.45,0.52,71.8,84.5,26.4,100
22110100430,東名高速道路,有玉南初生線,浜松市東区・浜松市北区境,22132,1,0.3,浜松～三方原スマート～浜松西,15890,浜松～三方原スマート～浜松西,16568,32458,1.45,0.52,70.3,73,26.4,100
22110100440,東名高速道路,浜松市東区・浜松市北区境,浜松市北区・浜松市中区境,22135,1,1.6,浜松～三方原スマート～浜松西,15890,浜松～三方原スマート～浜松西,16568,32458,1.45,0.52,76.8,81.8,26.4,100
22110100450,東名高速道路,浜松市北区・浜松市中区境,浜松市中区・浜松市西区境,22131,1,2.3,浜松～三方原スマート～浜松西,15890,浜松～三方原スマート～浜松西,16568,32458,1.45,0.52,77.4,85.6,26.4,100
22110100460,東名高速道路,浜松市中区・浜松市西区境,浜松環状線,22133,1,1.2,浜松～三方原スマート～浜松西,15890,浜松～三方原スマート～浜松西,16568,32458,1.45,0.52,73.8,86.5,26.4,100
22110100465,東名高速道路,浜松環状線,引佐舘山寺線,22133,1,4.2,浜松西～舘山寺スマート～三ヶ日,13629,浜松西～舘山寺スマート～三ヶ日,14245,27874,1.52,0.47,73.1,90.1,26.4,100
22110100470,東名高速道路,引佐舘山寺線,浜松市西区・浜松市北区境,22133,1,2.3,浜松西～舘山寺スマート～三ヶ日,13629,浜松西～舘山寺スマート～三ヶ日,14245,27874,1.52,0.47,88.1,88.4,26.4,100
22110100480,東名高速道路,浜松市西区・浜松市北区境,三ヶ日インター線,22135,1,4.1,浜松西～舘山寺スマート～三ヶ日,13629,浜松西～舘山寺スマート～三ヶ日,14245,27874,1.52,0.47,87.1,87.8,26.4,100
22110100485,東名高速道路,三ヶ日インター線,新東名高速道路（連絡道）,22135,1,4.7,三ケ日～三ケ日JCT,12958,三ケ日～三ケ日JCT,13561,26519,1.56,0.36,87.8,88.5,26.4,100
22110100490,東名高速道路,新東名高速道路（連絡道）,東名高速道路,22135,1,2.9,三ヶ日JCT～豊川,13517,三ヶ日JCT～豊川,14231,27748,1.71,0.37,87.4,86.8,26.4,100
22111400010,中部横断自動車道,新東名高速道路,中部横断自動車道,22103,1,11.5,新清水JCT～富沢,2214,新清水JCT～富沢,2082,4296,1.33,0.54,78.3,82,9.8,70
22119000370,新東名高速道路,一般国道１３８号,東名高速道路,22215,1,7.1,新御殿場～御殿場JCT,2230,新御殿場～御殿場JCT,2198,4428,1.32,0.13,95.4,96.1,23.5,100
22119000010,新東名高速道路,東名高速道路,御殿場市・裾野市境,22215,1,3.2,御殿場JCT～長泉沼津,26746,御殿場JCT～長泉沼津,26282,53028,2,0.87,87.4,88.6,32,120
22119000020,新東名高速道路,御殿場市・裾野市境,裾野市・長泉町境,22220,1,7.3,御殿場JCT～長泉沼津,26746,御殿場JCT～長泉沼津,26282,53028,2,0.87,98.4,97,32,120
22119000030,新東名高速道路,裾野市・長泉町境,一般国道１号（伊豆縦貫道）,22342,1,2.6,御殿場JCT～長泉沼津,26746,御殿場JCT～長泉沼津,26282,53028,2,0.87,92.5,90.7,32,120
22119000040,新東名高速道路,一般国道１号（伊豆縦貫道）,長泉町・沼津市境,22342,1,0.1,長泉沼津～駿河湾沼津スマート～新富士,28631,長泉沼津～駿河湾沼津スマート～新富士,29089,57720,1.92,0.91,95.2,88.1,32,120
22119000045,新東名高速道路,長泉町・沼津市境,沼津市道０２７５号線,22203,1,5.1,長泉沼津～駿河湾沼津スマート～新富士,28631,長泉沼津～駿河湾沼津スマート～新富士,29089,57720,1.92,0.91,93.7,88.9,32,120
22119000050,新東名高速道路,沼津市道０２７５号線,沼津市・富士市境,22203,1,3.2,長泉沼津～駿河湾沼津スマート～新富士,28631,長泉沼津～駿河湾沼津スマート～新富士,29089,57720,1.92,0.91,85.9,87.7,32,120
22119000060,新東名高速道路,沼津市・富士市境,一般国道１３９号（西富士道路）,22210,1,12,長泉沼津～駿河湾沼津スマート～新富士,28631,長泉沼津～駿河湾沼津スマート～新富士,29089,57720,1.92,0.91,95.9,89.2,32,120
22119000070,新東名高速道路,一般国道１３９号（西富士道路）,富士市・富士宮市境,22210,1,1.9,新富士～新清水,27927,新富士～新清水,28476,56403,1.97,0.81,91.2,91.3,32,120
22119000080,新東名高速道路,富士市・富士宮市境,富士宮市・富士市境,22207,1,2.9,新富士～新清水,27927,新富士～新清水,28476,56403,1.97,0.81,94.3,90.7,32,120
22119000090,新東名高速道路,富士宮市・富士市境,富士市・富士宮市境,22210,1,5.7,新富士～新清水,27927,新富士～新清水,28476,56403,1.97,0.81,101.9,88.8,32,120
22119000100,新東名高速道路,富士市・富士宮市境,富士宮市・静岡市清水区境,22207,1,1.9,新富士～新清水,27927,新富士～新清水,28476,56403,1.97,0.81,102,91.9,32,120
22119000110,新東名高速道路,富士宮市・静岡市清水区境,一般国道５２号,22103,1,1.9,新富士～新清水,27927,新富士～新清水,28476,56403,1.97,0.81,95.7,89.1,32,120
22119000120,新東名高速道路,一般国道５２号,中部横断自動車道,22103,1,9.9,新清水～新清水JCT,28475,新清水～新清水JCT,29171,57646,1.96,0.63,93.6,89.8,32,120
22119000130,新東名高速道路,中部横断自動車道,静岡市清水区・静岡市葵区境,22103,1,3.1,新清水JCT～新静岡,27065,新清水JCT～新静岡,27223,54288,2.1,0.79,96.9,93.4,32,120
22119000140,新東名高速道路,静岡市清水区・静岡市葵区境,山脇大谷線,22101,1,5.7,新清水JCT～新静岡,27065,新清水JCT～新静岡,27223,54288,2.1,0.79,93.4,95.6,32,120
22119000144,新東名高速道路,山脇大谷線,静岡ＳＡスマートアクセス道路,22101,1,10.1,新静岡～静岡SAスマート,25945,新静岡～静岡SAスマート,26139,52084,2.19,0.77,94.7,93.7,32,120
22119000147,新東名高速道路,静岡ＳＡスマートアクセス道路,静岡ＳＡスマートアクセス道路,22101,1,1.1,新静岡～静岡SAスマート,25945,新静岡～静岡SAスマート,26139,52084,2.19,0.77,91.1,89.1,32,120
22119000150,新東名高速道路,静岡ＳＡスマートアクセス道路,静岡市葵区・藤枝市境,22101,1,1.9,静岡SAスマート～藤枝岡部,26143,静岡SAスマート～藤枝岡部,26280,52423,2.19,0.76,98.8,91.3,32,120
22119000160,新東名高速道路,静岡市葵区・藤枝市境,一般国道１号,22214,1,5.4,静岡SAスマート～藤枝岡部,26143,静岡SAスマート～藤枝岡部,26280,52423,2.19,0.76,97.1,93.9,32,120
22119000170,新東名高速道路,一般国道１号,藤枝市・島田市境,22214,1,6.7,藤枝岡部～島田金谷,26483,藤枝岡部～島田金谷,26293,52776,2.2,0.65,97.2,90.4,32,120
22119000180,新東名高速道路,藤枝市・島田市境,一般国道４７３号,22209,1,7.9,藤枝岡部～島田金谷,26483,藤枝岡部～島田金谷,26293,52776,2.2,0.65,93.9,95.4,32,120
22119000190,新東名高速道路,一般国道４７３号,島田市・掛川市境,22209,1,4.8,島田金谷～森掛川,26104,島田金谷～森掛川,26012,52116,2.24,0.59,98.7,92.6,32,120
22119000200,新東名高速道路,島田市・掛川市境,掛川市・森町境,22213,1,11.9,島田金谷～森掛川,26104,島田金谷～森掛川,26012,52116,2.24,0.59,93.7,94,32,120
22119000210,新東名高速道路,掛川市・森町境,掛川天竜線,22461,1,0.6,島田金谷～森掛川,26104,島田金谷～森掛川,26012,52116,2.24,0.59,90.9,91.5,32,120
22119000215,新東名高速道路,掛川天竜線,森町町道,22461,1,3.4,森掛川～遠州森町スマート,26267,森掛川～遠州森町スマート,26157,52424,2.24,0.62,88.5,91.4,32,120
22119000220,新東名高速道路,森町町道,森町・磐田市境,22461,1,2.9,遠州森町スマート～新磐田スマート～浜松浜北,26422,遠州森町スマート～新磐田スマート～浜松浜北,26240,52662,2.23,0.6,91.6,83.9,32,120
22119000225,新東名高速道路,森町・磐田市境,,22211,1,1.2,遠州森町スマート～新磐田スマート～浜松浜北,26422,遠州森町スマート～新磐田スマート～浜松浜北,26240,52662,2.23,0.6,92.2,76.1,32,120
22119000230,新東名高速道路,,磐田市・浜松市浜北区境,22211,1,3.1,遠州森町スマート～新磐田スマート～浜松浜北,26422,遠州森町スマート～新磐田スマート～浜松浜北,26240,52662,2.23,0.6,92.1,83.6,32,120
22119000240,新東名高速道路,磐田市・浜松市浜北区境,一般国道１５２号,22136,1,1.4,遠州森町スマート～新磐田スマート～浜松浜北,26422,遠州森町スマート～新磐田スマート～浜松浜北,26240,52662,2.23,0.6,91.9,87.7,32,120
22119000245,新東名高速道路,一般国道１５２号,,22136,1,6.2,浜松浜北～浜松SAスマート,25905,浜松浜北～浜松SAスマート,25610,51515,2.26,0.4,90.2,90.2,32,120
22119000250,新東名高速道路,,浜松市浜北区・浜松市北区境,22136,1,1.5,浜松SAスマート～浜松いなさJCT,25887,浜松SAスマート～浜松いなさJCT,25637,51524,2.25,0.59,89.2,91.5,32,120
22119000260,新東名高速道路,浜松市浜北区・浜松市北区境,新東名高速道路（連絡道）,22135,1,9.4,浜松SAスマート～浜松いなさJCT,25887,浜松SAスマート～浜松いなさJCT,25637,51524,2.25,0.59,97.7,95.6,32,120
22119000330,新東名高速道路,新東名高速道路（連絡道）,新東名高速道路,22135,1,2.2,浜松いなさJCT～新城,24406,浜松いなさJCT～新城,24165,48571,2.16,0.94,87.6,89.1,32,100
22119000300,新東名高速道路（連絡道）,中部横断自動車道,清水富士宮線,22103,1,1.9,新清水JCT～清水いはら,7141,新清水JCT～清水いはら,6471,13612,1.42,0.27,85.3,86.7,31.5,100
22119000310,新東名高速道路（連絡道）,清水富士宮線,東名高速道路,22103,1,2.3,清水いはら～清水JCT,6744,清水いはら～清水JCT,6253,12997,1.42,0.26,85.1,90,31.5,100
22119000350,新東名高速道路（連絡道）,新東名高速道路,一般国道２５７号,22135,1,1.9,浜松いなさJCT～浜松いなさ,5238,浜松いなさJCT～浜松いなさ,5172,10410,1.66,0.26,90.3,89.6,29,100
22119000280,新東名高速道路（連絡道）,一般国道２５７号,東名高速道路,22135,1,11,浜松いなさ～三ケ日JCT,5184,浜松いなさ～三ケ日JCT,5073,10257,1.67,0.26,91.8,89.8,29,80
22300010010,一般国道１号,一般国道１号,函南町・三島市境,22325,0,1.9,田方郡函南町桑原,4918,田方郡函南町桑原,4896,9814,1.41,0.52,48.7,45.3,17.3,40
22300010020,一般国道１号,函南町・三島市境,三島市・函南町境,22206,0,0.1,田方郡函南町桑原,4918,田方郡函南町桑原,4896,9814,1.41,0.36,51.3,40.7,14.25,40
22300010030,一般国道１号,三島市・函南町境,函南町・三島市境,22325,0,2.3,田方郡函南町桑原,4918,田方郡函南町桑原,4896,9814,1.41,0.36,57,46.6,18.7,50
22300010034,一般国道１号,函南町・三島市境,三島市道山中新田１４号線,22206,0,0.7,田方郡函南町桑原,4918,田方郡函南町桑原,4896,9814,1.41,0.27,57.9,45.8,20.4,50
22300011990,一般国道１号,三島市道山中新田１４号線,三島市道山中新田１４号線,22206,0,1.1,田方郡函南町桑原,4918,田方郡函南町桑原,4896,9814,1.41,0.66,57.9,45.8,17.9,50
22300012000,一般国道１号,三島市道山中新田１４号線,三島市道笹原新田３０号線,22206,0,2.7,田方郡函南町桑原,4918,田方郡函南町桑原,4896,9814,1.41,0.66,60.7,60.7,17.9,50
22300010040,一般国道１号,三島市道笹原新田３０号線,三ツ谷谷田線,22206,0,0.9,田方郡函南町桑原,4918,田方郡函南町桑原,4896,9814,1.41,0.69,54.3,42.9,13.9,50
22300010050,一般国道１号,三ツ谷谷田線,一般国道１号（伊豆縦貫道）,22206,0,3.7,田方郡函南町桑原,4918,田方郡函南町桑原,4896,9814,1.41,0.69,37.6,28.8,13.9,50
22300010060,一般国道１号,一般国道１号（伊豆縦貫道）,三島富士線,22206,0,1.5,三島市谷田,9547,三島市谷田,8776,18323,1.34,1.04,38,28,13.9,50
22300010070,一般国道１号,三島富士線,三ツ谷谷田線,22206,0,0.9,三島市谷田,9547,三島市谷田,8776,18323,1.34,1.04,20.6,20.4,13.9,50
22300010080,一般国道１号,三ツ谷谷田線,一般国道１３６号,22206,0,0.8,三島市南二日町,13188,三島市南二日町,11623,24811,1.38,1.29,12.5,31.3,13.9,50
22300010090,一般国道１号,一般国道１３６号,三島停車場線,22206,0,0.4,三島市玉川,20698,三島市玉川,19486,40184,1.36,1.06,20.2,14.6,21.5,50
22300010100,一般国道１号,三島停車場線,三島市・清水町境,22206,0,0.6,三島市玉川,20698,三島市玉川,19486,40184,1.36,1.07,13.6,12.8,24,60
22300010110,一般国道１号,三島市・清水町境,下土狩徳倉沼津港線,22341,0,0.3,三島市玉川,20698,三島市玉川,19486,40184,1.36,1.2,17.4,9.8,23.8,60
22300010120,一般国道１号,下土狩徳倉沼津港線,沼津三島線,22341,0,0.8,三島市玉川,20698,三島市玉川,19486,40184,1.36,1.2,15.7,16,23.8,60
22300010130,一般国道１号,沼津三島線,富士清水線,22341,0,0.2,三島市玉川,20698,三島市玉川,19486,40184,1.36,0.86,11.2,39.2,25.35,60
22300010140,一般国道１号,富士清水線,清水町・長泉町境,22341,0,0.9,三島市玉川,20698,三島市玉川,19486,40184,1.36,0.86,12.6,56,25.35,60
22300010150,一般国道１号,清水町・長泉町境,長泉町・沼津市境,22342,0,0.5,三島市玉川,20698,三島市玉川,19486,40184,1.36,0.41,39,53.8,22.95,60
22300010160,一般国道１号,長泉町・沼津市境,一般国道２４６号,22203,0,0.5,三島市玉川,20698,三島市玉川,19486,40184,1.36,0.66,47.5,45.8,32,60
22300010170,一般国道１号,一般国道２４６号,沼津市道,22203,0,1.2,沼津市共栄町,24075,沼津市共栄町,28147,52222,1.35,1.13,32.1,11.2,32,60
22300010180,一般国道１号,沼津市道,三島富士線,22203,0,0.7,沼津市共栄町,24075,沼津市共栄町,28147,52222,1.35,1.14,11.4,15.9,32,60
22300010185,一般国道１号,三島富士線,沼津市道０１０５号線,22203,0,2.7,沼津市西沢田,29901,沼津市西沢田,31252,61153,1.39,1.04,11.2,21.9,31.6,60
22300010190,一般国道１号,沼津市道０１０５号線,西椎路松長線,22203,0,1.1,沼津市西沢田,29901,沼津市西沢田,31252,61153,1.39,1.49,27,16.7,31.6,60
22300010200,一般国道１号,西椎路松長線,原停車場線,22203,0,2.1,沼津市原,23149,沼津市原,23346,46495,1.42,1.33,25.3,25.1,20.85,60
22300010210,一般国道１号,原停車場線,石川一本松線,22203,0,2.5,沼津市原,23149,沼津市原,23346,46495,1.42,1.33,23.9,38.5,20.85,60
22300010220,一般国道１号,石川一本松線,沼津市・富士市境,22203,0,1.8,沼津市原,23149,沼津市原,23346,46495,1.42,1.33,50.3,35.5,20.85,60
22300010230,一般国道１号,沼津市・富士市境,須津東田子浦停車場線,22210,0,1.3,富士市中里,20386,富士市中里,19839,40225,1.45,1.1,33.6,33.3,19.5,60
22300010240,一般国道１号,須津東田子浦停車場線,一般国道１３９号,22210,0,2.9,富士市中里,20386,富士市中里,19839,40225,1.45,1.1,52.2,52.7,19.5,60
22300010250,一般国道１号,一般国道１３９号,一般国道１３９号,22210,0,3.6,富士市中里,20386,富士市中里,19839,40225,1.45,1.2,72.7,45,24.2,60
22300010260,一般国道１号,一般国道１３９号,富士停車場線,22210,0,1.3,富士市中里,20386,富士市中里,19839,40225,1.45,1.2,27.6,14,24.2,60
22300010270,一般国道１号,富士停車場線,富士市・静岡市清水区境,22210,0,3,富士市中里,20386,富士市中里,19839,40225,1.45,0.95,26.9,40.7,28.25,60
22300010280,一般国道１号,富士市・静岡市清水区境,富士由比線,22103,0,9.4,静岡市清水区由比今宿,23542,静岡市清水区由比今宿,24831,48373,1.45,1.71,68.6,69.8,21,60
22300010290,一般国道１号,富士由比線,一般国道１号,22103,0,4.5,静岡市清水区興津東町,28925,静岡市清水区興津東町,29162,58087,1.42,1.89,67.8,65.5,21.95,60
22300010300,一般国道１号（静清ＢＰ）,一般国道１号,一般国道１号,22103,0,0.3,静岡市清水区庵原町,26011,静岡市清水区庵原町,27903,53914,1.44,1.63,71.1,54.1,29.9,60
22300010310,一般国道１号（静清ＢＰ）,一般国道１号,興津停車場線,22103,0,0.7,静岡市清水区庵原町,26011,静岡市清水区庵原町,27903,53914,1.44,1.63,66.1,42.7,29.9,60
22300010320,一般国道１号（静清ＢＰ）,興津停車場線,茂畑横砂線,22103,0,2.6,静岡市清水区庵原町,26011,静岡市清水区庵原町,27903,53914,1.44,1.63,65.9,24.6,29.9,60
22300010330,一般国道１号（静清ＢＰ）,茂畑横砂線,清水富士宮線,22103,0,1.4,静岡市清水区庵原町,26011,静岡市清水区庵原町,27903,53914,1.44,1.63,28.8,14.5,29.9,60
22300010340,一般国道１号（静清ＢＰ）,清水富士宮線,東名高速道路,22103,0,0.4,静岡市清水区八坂東,31076,静岡市清水区八坂東,35325,66401,1.42,1.93,11.5,18.4,29.9,60
22300010350,一般国道１号（静清ＢＰ）,東名高速道路,一般国道１号（静清ＢＰ）,22103,0,0.6,静岡市清水区八坂東,31076,静岡市清水区八坂東,35325,66401,1.42,1.93,18.4,17.5,29.9,60
22300010360,一般国道１号（静清ＢＰ）,一般国道１号（静清ＢＰ）,一般国道１号（静清ＢＰ）,22103,1,1.4,静岡市清水区八坂東,27719,静岡市清水区八坂東,32404,60123,1.43,0.73,15.2,58.7,51.2,60
22300010370,一般国道１号（静清ＢＰ）,一般国道１号（静清ＢＰ）,一般国道１号（静清ＢＰ）,22103,1,0.5,静岡市清水区八坂東,27719,静岡市清水区八坂東,32404,60123,1.43,0.73,19.4,67.3,51.2,60
22300010380,一般国道１号（静清ＢＰ）,一般国道１号（静清ＢＰ）,一般国道１号（静清ＢＰ）,22103,1,1.6,静岡市清水区八坂東,27719,静岡市清水区八坂東,32404,60123,1.43,0.73,36,72.8,51.2,60
22300010390,一般国道１号（静清ＢＰ）,一般国道１号（静清ＢＰ）,一般国道１号（静清ＢＰ）,22103,1,1.5,静岡市清水区鳥坂,24051,静岡市清水区鳥坂,27391,51442,1.42,0.68,44,69.4,61.05,60
22300010400,一般国道１号（静清ＢＰ）,一般国道１号（静清ＢＰ）,一般国道１号（静清ＢＰ）,22101,1,0.4,静岡市清水区鳥坂,24051,静岡市清水区鳥坂,27391,51442,1.42,0.68,66.9,67,49.8,60
22300010410,一般国道１号（静清ＢＰ）,一般国道１号（静清ＢＰ）,一般国道１号（静清ＢＰ）,22101,1,2.2,静岡市葵区瀬名中央三丁目,35117,静岡市葵区瀬名中央三丁目,38844,73961,1.58,0.87,64.6,57,49.8,60
22300010420,一般国道１号（静清ＢＰ）,一般国道１号（静清ＢＰ）,一般国道１号（静清ＢＰ）,22101,1,1.3,静岡市葵区大岩4丁目,33854,静岡市葵区大岩4丁目,33736,67590,1.39,0.94,62.5,64.6,53.75,60
22300010430,一般国道１号（静清ＢＰ）,一般国道１号（静清ＢＰ）,麻機街道線,22101,0,0.5,静岡市葵区大岩4丁目,33854,静岡市葵区大岩4丁目,33736,67590,1.39,0.94,70.1,70.8,47.7,60
22300010440,一般国道１号（静清ＢＰ）,麻機街道線,一般国道１号（静清ＢＰ）,22101,0,1.1,静岡市葵区大岩4丁目,33854,静岡市葵区大岩4丁目,33736,67590,1.39,0.96,65.9,61.7,24.4,60
22300010450,一般国道１号（静清ＢＰ）,一般国道１号（静清ＢＰ）,一般国道１号（静清ＢＰ）,22101,0,1,静岡市葵区大岩4丁目,33854,静岡市葵区大岩4丁目,33736,67590,1.39,0.94,71.2,73.7,53.6,60
22300010460,一般国道１号（静清ＢＰ）,一般国道１号（静清ＢＰ）,梅ヶ島温泉昭和線,22101,0,1.2,静岡市葵区大岩4丁目,33854,静岡市葵区大岩4丁目,33736,67590,1.39,0.94,66.9,73,32.3,60
22300010470,一般国道１号（静清ＢＰ）,梅ヶ島温泉昭和線,一般国道３６２号,22101,0,1.3,静岡市葵区大岩4丁目,33854,静岡市葵区大岩4丁目,33736,67590,1.39,0.94,67.8,70.2,32.3,60
22300010480,一般国道１号（静清ＢＰ）,一般国道３６２号,奈良間手越線,22101,0,0.6,静岡市葵区牧ケ谷,24880,静岡市葵区牧ケ谷,24868,49748,1.46,0.65,64.8,70.5,32.3,60
22300010490,一般国道１号（静清ＢＰ）,奈良間手越線,静岡市葵区・静岡市駿河区境,22101,0,1.4,静岡市葵区牧ケ谷,24880,静岡市葵区牧ケ谷,24868,49748,1.46,0.65,70.8,57.2,22,60
22300010500,一般国道１号（静清ＢＰ）,静岡市葵区・静岡市駿河区境,一般国道１号,22102,0,1.3,静岡市葵区牧ケ谷,24880,静岡市葵区牧ケ谷,24868,49748,1.46,0.67,70.7,29.2,22,60
22300010510,一般国道１号,一般国道１号,藤枝静岡線,22102,0,0.6,静岡市駿河区丸子二軒屋,31728,静岡市駿河区丸子二軒屋,32457,64185,1.41,0.68,53.7,19.5,50.75,60
22300010520,一般国道１号,藤枝静岡線,藤枝静岡線,22102,0,2.3,静岡市駿河区丸子二軒屋,31728,静岡市駿河区丸子二軒屋,32457,64185,1.41,1.37,35.4,38,38.9,60
22300010530,一般国道１号,藤枝静岡線,静岡市駿河区・藤枝市境,22102,0,0.6,静岡市駿河区丸子二軒屋,31728,静岡市駿河区丸子二軒屋,32457,64185,1.41,1.37,41.1,64,38.9,60
22300010540,一般国道１号,静岡市駿河区・藤枝市境,島田岡部線,22214,0,4.2,藤枝市岡部町内谷,26806,藤枝市岡部町内谷,26977,53783,1.43,0.99,50.2,58.7,19.95,60
22300010550,一般国道１号（藤枝ＢＰ）,島田岡部線,一般国道１号,22214,1,0.8,藤枝市横内,12097,藤枝市横内,11888,23985,1.4,1.09,59.9,11.4,10.25,60
22300010560,一般国道１号（藤枝ＢＰ）,一般国道１号,静岡朝比奈藤枝線,22214,1,1.6,藤枝市潮,16997,藤枝市潮,14661,31658,1.45,1.71,27.5,34.2,10.25,60
22300010570,一般国道１号（藤枝ＢＰ）,静岡朝比奈藤枝線,伊久美藤枝線,22214,1,0.6,藤枝市薮田,15269,藤枝市薮田,16207,31476,1.51,2.09,22.2,24.8,10.25,60
22300010580,一般国道１号（藤枝ＢＰ）,伊久美藤枝線,藤枝黒俣線,22214,1,3.4,藤枝市堀之内,17830,藤枝市堀之内,18797,36627,1.46,2.14,25.5,34.8,10.25,60
22300010590,一般国道１号（藤枝ＢＰ）,藤枝黒俣線,藤枝市・島田市境,22214,1,2.2,藤枝市堀之内,17830,藤枝市堀之内,18797,36627,1.46,2.14,31.7,42.6,10.25,60
22300010600,一般国道１号（藤枝ＢＰ）,藤枝市・島田市境,伊久美元島田線,22209,1,3.4,島田市野田,12567,島田市野田,13376,25943,1.53,1.97,19.6,46.2,10.4,60
22300010610,一般国道１号（島田金谷ＢＰ）,伊久美元島田線,一般国道４７３号,22209,0,5.5,島田市向谷元町,14682,島田市向谷元町,14261,28943,1.52,1.34,31.4,27.8,10.94,60
22300010620,一般国道１号（島田金谷ＢＰ）,一般国道４７３号,島田岡部線,22209,0,4.4,島田市番生寺,14833,島田市番生寺,14947,29780,1.5,1.34,34.8,44.6,9.1,60
22300010630,一般国道１号（島田金谷ＢＰ）,島田岡部線,島田市・掛川市境,22209,0,0.2,島田市番生寺,14833,島田市番生寺,14947,29780,1.5,1.34,45.9,49.6,12,60
22300010640,一般国道１号（日坂ＢＰ）,島田市・掛川市境,日坂沢田線,22213,0,2,島田市番生寺,14833,島田市番生寺,14947,29780,1.5,1.8,51.2,54.6,9.5,60
22300010650,一般国道１号（日坂ＢＰ）,日坂沢田線,日坂沢田線,22213,0,2.6,島田市番生寺,14833,島田市番生寺,14947,29780,1.5,1.34,54,55.8,11.06,60
22300010660,一般国道１号（掛川ＢＰ）,日坂沢田線,方の橋薗ケ谷線,22213,0,2,島田市番生寺,14833,島田市番生寺,14947,29780,1.5,1.34,59.6,41.5,11,60
22300010670,一般国道１号（掛川ＢＰ）,方の橋薗ケ谷線,掛川川根線,22213,0,3.6,掛川市千羽,14909,掛川市千羽,13920,28829,1.54,1.36,55.1,45.9,10.1,60
22300010680,一般国道１号（掛川ＢＰ）,掛川川根線,掛川天竜線,22213,0,2.3,掛川市沢田,17410,掛川市沢田,23216,40626,1.43,2.33,32.6,34.7,21.05,60
22300010690,一般国道１号（掛川ＢＰ）,掛川天竜線,日坂沢田線,22213,0,1.5,掛川市沢田,17410,掛川市沢田,23216,40626,1.43,2.33,35.1,41.6,10.85,60
22300010700,一般国道１号（袋井ＢＰ）,日坂沢田線,小笠山総合運動公園線,22213,0,1.1,掛川市梅橋,29426,掛川市梅橋,28708,58134,1.39,0.91,30.6,40.3,39.5,60
22300010710,一般国道１号（袋井ＢＰ）,小笠山総合運動公園線,掛川袋井線,22213,0,0.5,掛川市梅橋,29426,掛川市梅橋,28708,58134,1.39,0.84,21.5,40.2,34,60
22300010720,一般国道１号（袋井ＢＰ）,掛川袋井線,掛川市・袋井市境,22213,0,0.3,掛川市原川,30434,掛川市原川,29619,60053,1.4,0.87,27.2,44.5,34,60
22300010730,一般国道１号（袋井ＢＰ）,掛川市・袋井市境,掛川袋井線,22216,0,0.3,掛川市原川,30434,掛川市原川,29619,60053,1.4,0.86,41.4,33.4,37,60
22300010740,一般国道１号（袋井ＢＰ）,掛川袋井線,磐田袋井線,22216,0,1.5,掛川市原川,30434,掛川市原川,29619,60053,1.4,0.84,44.1,40.4,36,60
22300010750,一般国道１号（袋井ＢＰ）,磐田袋井線,袋井春野線,22216,0,2.3,袋井市国本,22333,袋井市国本,23287,45620,1.48,0.62,71.4,71.2,19.5,60
22300010760,一般国道１号（袋井ＢＰ）,袋井春野線,浜北袋井線,22216,0,1,袋井市国本,22333,袋井市国本,23287,45620,1.48,0.6,68.2,69.1,19.5,60
22300010770,一般国道１号（袋井ＢＰ）,浜北袋井線,袋井市・磐田市境,22216,0,1.2,袋井市玉腰,28012,袋井市玉腰,30912,58924,1.43,0.87,68,68.2,21.4,60
22300010780,一般国道１号（袋井ＢＰ）,袋井市・磐田市境,磐田袋井線,22211,0,1.5,袋井市玉腰,28012,袋井市玉腰,30912,58924,1.43,0.87,66.9,61.1,19.8,60
22300010790,一般国道１号（磐田ＢＰ）,磐田袋井線,磐田インター線,22211,0,2.6,磐田市岩井,37833,磐田市岩井,37451,75284,1.4,1.03,58.4,52.3,20.3,60
22300010800,一般国道１号（磐田ＢＰ）,磐田インター線,磐田天竜線,22211,0,1.2,磐田市見付,38839,磐田市見付,38525,77364,1.39,1.01,52.1,51.9,20.35,60
22300010810,一般国道１号（磐田ＢＰ）,磐田天竜線,磐田袋井線,22211,0,3,磐田市加茂,36134,磐田市加茂,35277,71411,1.41,0.92,33.5,60.5,18.95,60
22300010820,一般国道１号（磐田ＢＰ）,磐田袋井線,,22211,0,0.3,磐田市小立野,45301,磐田市小立野,44077,89378,1.38,1.21,27.3,54.2,28.2,60
22300010830,一般国道１号（浜松ＢＰ）,,磐田市・浜松市東区境,22211,0,0.5,磐田市小立野,45301,磐田市小立野,44077,89378,1.38,0.6,24.3,40.6,36.4,60
22300010840,一般国道１号（浜松ＢＰ）,磐田市・浜松市東区境,磐田細江線,22132,0,0.7,浜松市東区中野町,45301,浜松市東区中野町,44077,89378,1.38,0.6,25.3,29,36.4,60
22300010850,一般国道１号（浜松ＢＰ）,磐田細江線,中野市野線,22132,0,1,浜松市東区中野町,45301,浜松市東区中野町,44077,89378,1.38,1.34,34,13.9,41.1,60
22300010860,一般国道１号（浜松ＢＰ）,中野市野線,一般国道１５２号,22132,0,0.2,浜松市東区中野町,45301,浜松市東区中野町,44077,89378,1.38,1.8,27.4,16.6,54.4,60
22300010870,一般国道１号（浜松ＢＰ）,一般国道１５２号,中野子安線,22132,0,0.4,浜松市南区石原町,19276,浜松市南区石原町,19201,38477,1.46,0.29,14.3,39.7,32.6,60
22300010874,一般国道１号（浜松ＢＰ）,中野子安線,浜松市東区・浜松市南区境,22132,0,0.6,浜松市南区石原町,19276,浜松市南区石原町,19201,38477,1.46,0.3,61.5,55.8,25.5,60
22300010876,一般国道１号（浜松ＢＰ）,浜松市東区・浜松市南区境,浜松市南区・浜松市東区境,22134,0,0.5,浜松市南区石原町,19276,浜松市南区石原町,19201,38477,1.46,0.56,61.2,17.8,27.47,60
22300010878,一般国道１号（浜松ＢＰ）,浜松市南区・浜松市東区境,浜松市東区・浜松市南区境,22132,0,0.4,浜松市南区石原町,19276,浜松市南区石原町,19201,38477,1.46,1.13,17.4,16.2,43.35,60
22300010880,一般国道１号（浜松ＢＰ）,浜松市東区・浜松市南区境,笠井飯田線,22134,0,0.5,浜松市南区石原町,19276,浜松市南区石原町,19201,38477,1.46,0.99,11.5,37.4,39.88,60
22300010890,一般国道１号（浜松ＢＰ）,笠井飯田線,五島天竜川停車場線,22134,0,0.1,浜松市南区石原町,19276,浜松市南区石原町,19201,38477,1.46,0.89,13.1,26.3,39.4,60
22300010900,一般国道１号（浜松ＢＰ）,五島天竜川停車場線,一般国道１５０号,22134,0,2,浜松市南区石原町,19276,浜松市南区石原町,19201,38477,1.46,0.78,20.3,14,40,60
22300010910,一般国道１号（浜松ＢＰ）,一般国道１５０号,舞阪竜洋線,22134,0,1.3,浜松市南区大柳町,15593,浜松市南区大柳町,14996,30589,1.47,0.9,15.7,35.6,46.35,60
22300010920,一般国道１号（浜松ＢＰ）,舞阪竜洋線,一般国道１５０号,22134,0,0.9,浜松市南区大柳町,15593,浜松市南区大柳町,14996,30589,1.47,0.77,26.8,36.3,39,60
22300010930,一般国道１号（浜松ＢＰ）,一般国道１５０号,曳馬中田島線,22134,0,1.1,浜松市南区小沢渡町,17566,浜松市南区小沢渡町,16784,34350,1.45,0.85,24.6,17.5,50,60
22300010940,一般国道１号（浜松ＢＰ）,曳馬中田島線,米津東若林線,22134,0,3.4,浜松市南区小沢渡町,17566,浜松市南区小沢渡町,16784,34350,1.45,0.81,41.5,37.8,40,60
22300010950,一般国道１号（浜松ＢＰ）,米津東若林線,上島柏原線,22134,0,2.8,浜松市南区小沢渡町,17566,浜松市南区小沢渡町,16784,34350,1.45,0.81,44.8,42,39.8,60
22300010960,一般国道１号（浜松ＢＰ）,上島柏原線,,22133,0,0.2,浜松市南区小沢渡町,17566,浜松市南区小沢渡町,16784,34350,1.45,0.82,19.9,44.9,39.6,60
22300010970,一般国道１号（浜松ＢＰ）,,一般国道１号,22133,0,0.3,浜松市南区小沢渡町,17566,浜松市南区小沢渡町,16784,34350,1.45,0.82,33.5,62.4,40,60
22300010975,一般国道１号（浜名ＢＰ）,一般国道１号,,22133,1,0.9,浜松市西区坪井町,19205,浜松市西区坪井町,20284,39489,1.53,0.55,65,76,22,80
22300010980,一般国道１号（浜名ＢＰ）,,浜松環状線,22133,1,1.5,浜松市西区坪井町,19205,浜松市西区坪井町,20284,39489,1.53,0.55,79.4,75.9,23.5,80
22300010990,一般国道１号（浜名ＢＰ）,浜松環状線,細江舞阪線,22133,1,1.9,浜松市西区馬郡町,21844,浜松市西区馬郡町,22661,44505,1.49,0.59,80.8,81.7,23.5,80
22300011000,一般国道１号（浜名ＢＰ）,細江舞阪線,浜松市西区・湖西市境,22133,1,2.7,湖西市新居町,23162,湖西市新居町,23194,46356,1.42,0.78,81.6,80.8,23.5,80
22300011010,一般国道１号（浜名ＢＰ）,浜松市西区・湖西市境,一般国道１号,22221,1,6,湖西市新居町浜名,19315,湖西市新居町浜名,19508,38823,1.46,0.51,79.6,54.4,25.1,80
22300011020,一般国道１号（潮見ＢＰ）,一般国道１号,一般国道４２号,22221,1,1.6,湖西市白須賀,16689,湖西市白須賀,16599,33288,1.51,1.51,44,54.3,10,60
22300011030,一般国道１号（潮見ＢＰ）,一般国道４２号,一般国道１号,22221,1,3.5,湖西市白須賀元町,15441,湖西市白須賀元町,15610,31051,1.46,1.37,44.5,61.4,10,60
22300011900,一般国道１号（伊豆縦貫道）,一般国道１３６号,函南町・三島市境,22325,1,2.1,田方郡函南町上沢,7805,田方郡函南町上沢,6587,14392,1.26,0.72,65.9,46.2,11.3,60
22300011910,一般国道１号（伊豆縦貫道）,函南町・三島市境,清水函南停車場線,22206,1,0.5,田方郡函南町上沢,7805,田方郡函南町上沢,6587,14392,1.26,0.78,66.1,32.8,12.5,60
22300011920,一般国道１号（伊豆縦貫道）,清水函南停車場線,三ツ谷谷田線,22206,1,2.9,三島市錦が丘,16202,三島市錦が丘,12329,28531,1.3,1.55,38.5,21.1,12.5,60
22300011930,一般国道１号（伊豆縦貫道）,三ツ谷谷田線,一般国道１号,22206,1,1.3,三島市錦が丘,16202,三島市錦が丘,12329,28531,1.3,1.55,20.9,21.6,12.5,60
22300011045,一般国道１号（伊豆縦貫道）,一般国道１号,,22206,1,1.1,三島市徳倉,22054,三島市徳倉,22351,44405,1.27,0.75,25.7,72.2,20.8,80
22300011050,一般国道１号（伊豆縦貫道）,,三島裾野線,22206,1,3.5,三島市徳倉,22054,三島市徳倉,22351,44405,1.27,0.75,64.4,77.9,20.8,80
22300011060,一般国道１号（伊豆縦貫道）,三島裾野線,三島市・裾野市境,22206,1,0.2,三島市徳倉,22054,三島市徳倉,22351,44405,1.27,0.75,82.7,82.2,20.8,80
22300011070,一般国道１号（伊豆縦貫道）,三島市・裾野市境,裾野市・長泉町境,22220,1,0.2,駿東郡長泉町上長窪,14508,駿東郡長泉町上長窪,11095,25603,1.28,0.45,83.1,77.6,21,80
22300011080,一般国道１号（伊豆縦貫道）,裾野市・長泉町境,長泉町・裾野市境,22342,1,0.1,駿東郡長泉町上長窪,14508,駿東郡長泉町上長窪,11095,25603,1.28,0.45,81.4,61.7,21,80
22300011090,一般国道１号（伊豆縦貫道）,長泉町・裾野市境,裾野市・長泉町境,22220,1,0.1,駿東郡長泉町上長窪,14508,駿東郡長泉町上長窪,11095,25603,1.28,0.45,81.2,43.8,26.75,80
22300011100,一般国道１号（伊豆縦貫道）,裾野市・長泉町境,一般国道２４６号,22342,1,0.8,駿東郡長泉町上長窪,14508,駿東郡長泉町上長窪,11095,25603,1.28,1.57,71.8,37.9,10,60
22300011105,一般国道１号（伊豆縦貫道）,一般国道２４６号,新東名高速道路,22342,1,1.5,駿東郡長泉町上長窪,14508,駿東郡長泉町上長窪,11095,25603,1.28,1.57,45.5,63.3,10,60
22300011110,一般国道１号（伊豆縦貫道）,新東名高速道路,長泉町・沼津市境,22342,1,1,沼津市足高,9481,沼津市足高,6968,16449,1.25,1.28,64.6,77.6,10,60
22300011120,一般国道１号（伊豆縦貫道）,長泉町・沼津市境,東名高速道路,22203,1,1,沼津市足高,9481,沼津市足高,6968,16449,1.25,1.28,61,49.6,20.65,60
22300011140,一般国道１号,一般国道１号,一般国道１号（静清ＢＰ）,22103,0,0.3,静岡市清水区袖師町,7066,静岡市清水区袖師町,7328,14394,1.23,1.32,24,7.7,13.5,50
22300011150,一般国道１号,一般国道１号（静清ＢＰ）,興津停車場線,22103,0,0.7,静岡市清水区袖師町,7066,静岡市清水区袖師町,7328,14394,1.23,1.32,14.2,22.4,13.5,50
22300011160,一般国道１号,興津停車場線,茂畑横砂線,22103,0,2.4,静岡市清水区袖師町,7066,静岡市清水区袖師町,7328,14394,1.23,1.32,28.1,26.3,13.5,50
22300011170,一般国道１号,茂畑横砂線,清水インタ－線,22103,0,1,静岡市清水区袖師町,7066,静岡市清水区袖師町,7328,14394,1.23,1.32,26.2,22.8,13.5,50
22300011180,一般国道１号,清水インタ－線,一般国道１４９号,22103,0,1.5,静岡市清水区袖師町,7066,静岡市清水区袖師町,7328,14394,1.23,1.13,22.7,19.1,26.9,50
22300011190,一般国道１号,一般国道１４９号,清水富士宮線,22103,0,0.5,静岡市清水区江尻大和町,9486,静岡市清水区江尻大和町,9238,18724,1.27,1.6,12.3,16.3,21.55,50
22300011200,一般国道１号,清水富士宮線,清水停車場線,22103,0,0.2,静岡市清水区江尻大和町,9486,静岡市清水区江尻大和町,9238,18724,1.27,1.6,20.4,10.5,21.55,50
22300011210,一般国道１号,清水停車場線,入江富士見線,22103,0,0.8,静岡市清水区江尻大和町,9486,静岡市清水区江尻大和町,9238,18724,1.27,1.6,14.3,18.8,21.55,50
22300011220,一般国道１号,入江富士見線,日の出町押切線,22103,0,1,静岡市駿河区国吉田,16969,静岡市駿河区国吉田,17064,34033,1.26,1.19,29.2,29,25.1,60
22300011230,一般国道１号,日の出町押切線,一里山長崎２号線,22103,0,1.5,静岡市駿河区国吉田,16969,静岡市駿河区国吉田,17064,34033,1.26,1.19,17.1,20.7,25.1,60
22300011235,一般国道１号,一里山長崎２号線,草薙３２号線,22103,0,1.1,静岡市駿河区国吉田,16969,静岡市駿河区国吉田,17064,34033,1.26,1.19,17,29.7,25.1,60
22300011240,一般国道１号,草薙３２号線,平山草薙停車場線,22103,0,0.4,静岡市駿河区国吉田,16969,静岡市駿河区国吉田,17064,34033,1.26,1.19,25.1,21.6,25.1,60
22300011245,一般国道１号,平山草薙停車場線,平山草薙停車場線,22102,0,0.5,静岡市駿河区国吉田,16969,静岡市駿河区国吉田,17064,34033,1.26,1.06,20.5,24.4,24.6,60
22300011250,一般国道１号,平山草薙停車場線,静岡市駿河区・静岡市葵区境,22102,0,0.9,静岡市駿河区国吉田,16969,静岡市駿河区国吉田,17064,34033,1.26,1.06,21.5,26.9,24.6,60
22300011260,一般国道１号,静岡市駿河区・静岡市葵区境,山脇大谷線,22101,0,0.8,静岡市駿河区国吉田,16969,静岡市駿河区国吉田,17064,34033,1.26,1.03,29.8,10.6,23.65,60
22300011265,一般国道１号,山脇大谷線,東静岡南北線,22101,0,0.9,静岡市葵区長沼,18324,静岡市葵区長沼,14308,32632,1.31,1.07,13.9,30.7,27.4,60
22300011270,一般国道１号,東静岡南北線,東町豊田線,22101,0,1.3,静岡市葵区長沼,18324,静岡市葵区長沼,14308,32632,1.31,1.07,28.9,24,27.4,60
22300011280,一般国道１号,東町豊田線,静岡環状線,22101,0,0.6,静岡市葵区長沼,18324,静岡市葵区長沼,14308,32632,1.31,1.02,23.7,16.4,21.8,60
22300011290,一般国道１号,静岡環状線,井川湖御幸線,22101,0,0.6,静岡市葵区長沼,18324,静岡市葵区長沼,14308,32632,1.31,0.95,18.4,15,30.05,60
22300011300,一般国道１号,井川湖御幸線,一般国道３６２号,22101,0,0.4,静岡市葵区長沼,18324,静岡市葵区長沼,14308,32632,1.31,0.95,13.9,17.1,30.05,60
22300011310,一般国道１号,一般国道３６２号,西門町新富町線,22101,0,0.4,静岡市葵区南安部,14536,静岡市葵区南安部,13088,27624,1.3,1.07,13,28.9,30.55,60
22300011320,一般国道１号,西門町新富町線,中島南安倍線,22101,0,1,静岡市葵区南安部,14536,静岡市葵区南安部,13088,27624,1.3,1.07,26.7,23.4,30.55,60
22300011330,一般国道１号,中島南安倍線,静岡市葵区・静岡市駿河区境,22101,0,0.6,静岡市葵区南安部,14536,静岡市葵区南安部,13088,27624,1.3,0.73,19.6,37,14.8,50
22300011340,一般国道１号,静岡市葵区・静岡市駿河区境,丸子新田広野３丁目線,22102,0,0.4,静岡市葵区南安部,14536,静岡市葵区南安部,13088,27624,1.3,0.98,41.2,47.1,16.75,50
22300011350,一般国道１号,丸子新田広野３丁目線,奈良間手越線,22102,0,1,静岡市葵区南安部,14536,静岡市葵区南安部,13088,27624,1.3,0.98,26.6,22.9,16.75,50
22300011360,一般国道１号,奈良間手越線,藤枝静岡線,22102,0,0.2,静岡市駿河区丸子新田,13392,静岡市駿河区丸子新田,13793,27185,1.3,1.82,23.6,26.4,16.05,50
22300011370,一般国道１号,藤枝静岡線,丸子池田線,22102,0,0.7,静岡市駿河区丸子新田,13392,静岡市駿河区丸子新田,13793,27185,1.3,4.04,31.4,29.3,15.65,50
22300011380,一般国道１号,丸子池田線,一般国道１号（静清ＢＰ）,22102,0,1.9,静岡市駿河区丸子新田,13392,静岡市駿河区丸子新田,13793,27185,1.3,4.04,20.5,33.4,15.65,50
22300011690,一般国道１号,一般国道１号（浜松ＢＰ）,一般国道３０１号,22133,0,0.3,浜松市西区篠原町,7514,浜松市西区篠原町,7773,15287,1.31,1.18,45.1,39.9,15.5,50
22300011780,一般国道１号（静清ＢＰ）,一般国道１号（静清ＢＰ）,一般国道１号（静清ＢＰ）,22103,0,1.4,静岡市清水区下野,2908,静岡市清水区下野,1809,4717,1.21,0.59,16.1,20.1,37.2,40
22300011790,一般国道１号（静清ＢＰ）,一般国道１号（静清ＢＰ）,一般国道１号（静清ＢＰ）,22103,0,0.5,静岡市清水区下野,2908,静岡市清水区下野,1809,4717,1.21,0.59,13.2,12.6,37.2,40
22300011800,一般国道１号（静清ＢＰ）,一般国道１号（静清ＢＰ）,一般国道１号（静清ＢＰ）,22103,0,1.6,静岡市清水区下野,2908,静岡市清水区下野,1809,4717,1.21,0.59,16.6,20.8,37.2,40
22300011810,一般国道１号（静清ＢＰ）,一般国道１号（静清ＢＰ）,一般国道１号（静清ＢＰ）,22103,0,1.5,静岡市清水区長崎,2192,静岡市清水区長崎,1992,4184,1.24,0.36,18.4,34,50.5,40
22300011830,一般国道１号（静清ＢＰ）,一般国道１号（静清ＢＰ）,一般国道１号（静清ＢＰ）,22101,0,2.2,静岡市葵区瀬名,2301,静岡市葵区瀬名,2245,4546,1.15,0.46,23.7,20.2,49.95,40
22300011840,一般国道１号（静清ＢＰ）,一般国道１号（静清ＢＰ）,一般国道１号（静清ＢＰ）,22101,0,1.3,静岡市葵区千代田上土,1533,静岡市葵区千代田上土,1727,3260,1.15,0.28,23.7,28.1,43.25,40
22300011860,一般国道１号（静清ＢＰ）,一般国道１号（静清ＢＰ）,一般国道１号（静清ＢＰ）,22101,0,1,静岡市葵区平和二丁目,4983,静岡市葵区平和二丁目,4772,9755,1.26,0.81,33.3,17.4,50.15,40
22300011950,一般国道１号,一般国道１号（藤枝ＢＰ）,新東名高速道路,22214,1,2.1,藤枝市仮宿,2466,藤枝市仮宿,2454,4920,1.38,0.47,49.1,55.8,10.75,60
22300011760,一般国道１号,一般国道１号（浜名ＢＰ）,新居浜名線,22221,0,0.2,湖西市新居町浜名字浜畑2728-7地先,3308,湖西市新居町浜名字浜畑2728-7地先,3339,6647,1.19,0.83,13.1,17.8,14.59,30
22300420010,一般国道４２号,新居浜名線,一般国道１号（潮見ＢＰ）,22221,0,1.9,湖西市白須賀字新町153-1,3856,湖西市白須賀字新町153-1,3739,7595,1.31,0.99,38.4,41.3,12.8,50
22300420020,一般国道４２号,一般国道１号（潮見ＢＰ）,湖西東細谷線,22221,0,1.9,湖西市白須賀字新町153-1,3856,湖西市白須賀字新町153-1,3739,7595,1.31,0.99,44.6,29.5,12.8,50
22300420030,一般国道４２号,湖西東細谷線,一般国道４２号,22221,0,1.5,湖西市白須賀,1121,湖西市白須賀,1317,2438,1.25,0.29,28.2,39,7.8,50
22300520010,一般国道５２号,一般国道１号（静清ＢＰ）,清水富士宮線,22103,0,5.8,静岡市清水区興津中町,6010,静岡市清水区興津中町,5211,11221,1.25,0.73,24.5,29.2,14,50
22300520020,一般国道５２号,清水富士宮線,清水富士宮線,22103,0,6.4,静岡市清水区小河内,2579,静岡市清水区小河内,2546,5125,1.28,0.64,50.7,50.3,10.9,50
22300520025,一般国道５２号,清水富士宮線,一般国道５２号,22103,0,0.3,静岡市清水区宍原,2872,静岡市清水区宍原,2937,5809,1.39,0.65,37.9,28.2,10.9,50
22300520030,一般国道５２号,一般国道５２号,宍原塩出線,22103,0,3.5,静岡市清水区宍原,2143,静岡市清水区宍原,2111,4254,1.27,0.7,47.2,49.8,11.1,50
22300520040,一般国道５２号,宍原塩出線,静岡市清水区・富士宮市境,22103,0,0.1,静岡市清水区宍原,2143,静岡市清水区宍原,2111,4254,1.27,0.7,50.3,51.2,11.1,50
22300520050,一般国道５２号,静岡市清水区・富士宮市境,一般国道５２号,22207,0,3.3,静岡市清水区宍原,1845,静岡市清水区宍原,1682,3527,1.28,0.72,47.9,48.4,8.25,50
22300520070,一般国道５２号,新東名高速道路,一般国道５２号,22103,0,0.2,静岡市清水区宍原,1615,静岡市清水区宍原,1701,3316,1.16,0.7,32.1,12.1,16,30
22301350010,一般国道１３５号,一般国道１３６号,須崎柿崎線,22219,0,1.3,下田市柿崎3-15,7483,下田市柿崎3-15,6850,14333,1.31,0.84,32.8,35,19.6,50
22301350020,一般国道１３５号,須崎柿崎線,下田市・河津町境,22219,0,7.5,下田市白浜1071-3,4090,下田市白浜1071-3,3433,7523,1.26,0.8,45,44.9,11.25,40
22301350030,一般国道１３５号,下田市・河津町境,下佐ケ野谷津線,22302,0,5.1,下田市白浜1071-3,4090,下田市白浜1071-3,3433,7523,1.26,1.13,42.9,42,7,40
22301350040,一般国道１３５号,下佐ケ野谷津線,河津町・東伊豆町境,22302,0,4.8,賀茂郡東伊豆町稲取523-24,5102,賀茂郡東伊豆町稲取523-24,4897,9999,1.28,0.68,41.3,43,10.7,50
22301350050,一般国道１３５号,河津町・東伊豆町境,稲取港線,22301,0,1.5,賀茂郡東伊豆町稲取523-24,5102,賀茂郡東伊豆町稲取523-24,4897,9999,1.28,0.67,41.8,43.6,8,50
22301350060,一般国道１３５号,稲取港線,稲取停車場線,22301,0,0.9,賀茂郡東伊豆町稲取523-24,5102,賀茂郡東伊豆町稲取523-24,4897,9999,1.28,0.67,38,42.7,8,50
22301350070,一般国道１３５号,稲取停車場線,熱川片瀬線,22301,0,5,賀茂郡東伊豆町稲取523-24,5102,賀茂郡東伊豆町稲取523-24,4897,9999,1.28,0.67,42.3,40.1,8,50
22301350080,一般国道１３５号,熱川片瀬線,熱川片瀬線,22301,0,1.9,伊東市赤沢167-11,5853,伊東市赤沢168-271,5802,11655,1.17,1.08,43.8,39.5,7.1,50
22301350090,一般国道１３５号,熱川片瀬線,東伊豆町・伊東市境,22301,0,4.7,伊東市赤沢167-11,5853,伊東市赤沢168-271,5802,11655,1.17,1.08,48.6,49,7.1,50
22301350100,一般国道１３５号,東伊豆町・伊東市境,中大見八幡野線,22208,0,4.3,伊東市赤沢167-11,5853,伊東市赤沢168-271,5802,11655,1.17,0.92,40,38.1,10.8,50
22301350110,一般国道１３５号,中大見八幡野線,伊東川奈八幡野線,22208,0,0.8,伊東市赤沢167-11,5853,伊東市赤沢168-271,5802,11655,1.17,1.01,28.2,29.4,17,50
22301350120,一般国道１３５号,伊東川奈八幡野線,遠笠山富戸線,22208,0,3.2,伊東市富戸1020-488,8860,伊東市富戸1020-200,8868,17728,1.33,1.06,41.7,40.1,10.8,50
22301350130,一般国道１３５号,遠笠山富戸線,一般国道１３５号,22208,0,6.5,伊東市吉田747-120,10323,伊東市吉田747-120,10433,20756,1.35,1.18,30.6,27.7,10.8,50
22301350140,一般国道１３５号,一般国道１３５号,伊東川奈八幡野線,22208,0,2.9,伊東市玖須美元和田715?86,6255,伊東市玖須美元和田715?86,6737,12992,1.19,1.05,43.7,48.1,9.75,50
22301350150,一般国道１３５号,伊東川奈八幡野線,伊東港線,22208,0,1.2,伊東市玖須美元和田715?86,6255,伊東市玖須美元和田715?86,6737,12992,1.19,1.05,50.9,44.8,9.75,50
22301350160,一般国道１３５号,伊東港線,一般国道１３５号,22208,0,1.7,伊東市東松原1?178?36,9058,伊東市東松原1?178?36,9486,18544,1.33,0.47,36.6,35.5,25,50
22301350170,一般国道１３５号,一般国道１３５号,宇佐美停車場線,22208,0,3.3,伊東市湯川570?4,11389,伊東市湯川570?4,12093,23482,1.36,0.59,44.9,41.4,24.5,50
22301350180,一般国道１３５号,宇佐美停車場線,伊東大仁線,22208,0,0.2,伊東市湯川570?4,11389,伊東市湯川570?4,12093,23482,1.36,0.59,33.4,24.8,24.5,50
22301350190,一般国道１３５号,伊東大仁線,伊東市・熱海市境,22208,0,4.5,伊東市宇佐美1737?1,6355,伊東市宇佐美1737?1,6779,13134,1.28,0.64,39.4,40.3,9.75,40
22301350200,一般国道１３５号,伊東市・熱海市境,網代停車場線,22205,0,3.1,伊東市宇佐美1737?1,6355,伊東市宇佐美1737?1,6779,13134,1.28,0.62,41.5,43.2,12.9,40
22301350210,一般国道１３５号,網代停車場線,熱海大仁線,22205,0,1.5,熱海市下多賀555?3,8762,熱海市下多賀555?3,8733,17495,1.34,1.24,38,34.9,11,40
22301350220,一般国道１３５号,熱海大仁線,伊豆多賀停車場線,22205,0,1.2,熱海市熱海1993,10024,熱海市熱海1993,10624,20648,1.35,1.24,34.9,32.1,13.4,40
22301350230,一般国道１３５号,伊豆多賀停車場線,熱海函南線,22205,0,4.6,熱海市熱海1993,10024,熱海市熱海1993,10624,20648,1.35,1.24,34.8,34.6,13.4,40
22301350240,一般国道１３５号,熱海函南線,熱海停車場線,22205,0,1.6,熱海市東海岸15-45,7284,熱海市東海岸15-45,10213,17497,1.33,0.74,22.3,28.3,19,40
22301350250,一般国道１３５号,熱海停車場線,十国峠伊豆山線,22205,0,2.2,熱海市泉,10590,熱海市泉,8477,19067,1.24,1.03,25.2,30.1,10.75,40
22301350260,一般国道１３５号,十国峠伊豆山線,一般国道１３５号,22205,0,4,熱海市泉,10590,熱海市泉,8477,19067,1.24,1.1,40.8,37.9,9.6,40
22301350280,一般国道１３５号,一般国道１３５号,伊東港線,22208,0,3.4,伊東市玖須美元和田730?104,7129,伊東市玖須美元和田730?104,7276,14405,1.32,1.15,22.2,25,10,40
22301350290,一般国道１３５号,伊東港線,伊東修善寺線,22208,0,0.5,伊東市竹の内2丁目2?21,1598,伊東市竹の内2丁目2?21,1444,3042,1.24,0.3,22,19,10,40
22301350300,一般国道１３５号,伊東修善寺線,伊東停車場線,22208,0,0.5,伊東市湯川2丁目11?1,3953,伊東市湯川2丁目11?1,3049,7002,1.26,0.7,18.7,20.4,12,40
22301350310,一般国道１３５号,伊東停車場線,一般国道１３５号,22208,0,0.4,伊東市湯川2丁目11?1,3953,伊東市湯川2丁目11?1,3049,7002,1.26,0.7,12.2,18.3,12,40
22301360010,一般国道１３６号,一般国道１３５号,一般国道４１４号,22219,0,0.2,下田市一丁目15-24,7988,下田市一丁目15-24,8121,16109,1.19,1.45,19.8,9.7,10.5,40
22301360020,一般国道１３６号,一般国道４１４号,下田南伊豆線,22219,0,0.8,下田市一丁目15-24,7988,下田市一丁目15-24,8121,16109,1.19,1.45,11.9,17.4,10.5,40
22301360030,一般国道１３６号,下田南伊豆線,下田港線,22219,0,0.2,下田市吉佐美555-2,4811,下田市吉佐美555-2,5188,9999,1.15,0.87,25.3,21.4,10.5,40
22301360040,一般国道１３６号,下田港線,下田市・南伊豆町境,22219,0,4.8,下田市吉佐美555-2,4811,下田市吉佐美555-2,5188,9999,1.15,0.87,38.9,38.7,10.5,40
22301360050,一般国道１３６号,下田市・南伊豆町境,下田石廊松崎線,22304,0,2.8,賀茂郡南伊豆町青市896-1,4048,賀茂郡南伊豆町青市896-1,4134,8182,1.26,0.72,45.2,42.7,12.5,50
22301360060,一般国道１３６号,下田石廊松崎線,南伊豆松崎線,22304,0,2,賀茂郡南伊豆町下賀茂字小島20-1,3702,賀茂郡南伊豆町下賀茂字小島20-1,3897,7599,1.26,0.57,33.7,37.1,9.1,40
22301360070,一般国道１３６号,南伊豆松崎線,下田石廊松崎線,22304,0,5.3,賀茂郡南伊豆町加納590-1,1981,賀茂郡南伊豆町加納590-1,1988,3969,1.24,0.45,39.4,39.7,8.5,40
22301360080,一般国道１３６号,下田石廊松崎線,下田南伊豆線,22304,0,6.9,賀茂郡南伊豆町入間16,290,賀茂郡南伊豆町入間16,321,611,1.17,0.08,41,38.6,8,40
22301360090,一般国道１３６号,下田南伊豆線,波勝崎線,22304,0,7.1,賀茂郡南伊豆町子浦1778-5,271,賀茂郡南伊豆町子浦1778-5,326,597,1.17,0.07,47,42,8,40
22301360100,一般国道１３６号,波勝崎線,南伊豆町・松崎町境,22304,0,1,賀茂郡松崎町岩地128,776,賀茂郡松崎町岩地128,867,1643,1.2,0.18,54.4,44.4,8,40
22301360110,一般国道１３６号,南伊豆町・松崎町境,南伊豆松崎線,22305,0,11.5,賀茂郡松崎町岩地128,776,賀茂郡松崎町岩地128,867,1643,1.2,0.18,37.6,39.3,7.25,40
22301360120,一般国道１３６号,南伊豆松崎線,下田松崎線,22305,0,1,賀茂郡松崎町江奈629-6,5080,賀茂郡松崎町江奈629-6,5005,10085,1.28,0.8,26,29.2,12.6,40
22301360130,一般国道１３６号,下田松崎線,松崎港線,22305,0,0.4,賀茂郡松崎町江奈629-6,5080,賀茂郡松崎町江奈629-6,5005,10085,1.28,0.8,19.4,20.1,12.6,40
22301360140,一般国道１３６号,松崎港線,松崎町・西伊豆町境,22305,0,0.7,賀茂郡松崎町江奈629-6,5080,賀茂郡松崎町江奈629-6,5005,10085,1.28,0.8,31.2,36.3,12.6,40
22301360150,一般国道１３６号,松崎町・西伊豆町境,伊東西伊豆線,22306,0,0.7,賀茂郡松崎町江奈629-6,5080,賀茂郡松崎町江奈629-6,5005,10085,1.28,0.67,38.5,36.1,8.2,40
22301360160,一般国道１３６号,伊東西伊豆線,仁科峠宇久須線,22306,0,10.6,賀茂郡西伊豆町仁科2125-1,3993,賀茂郡西伊豆町仁科2125-1,3998,7991,1.26,0.57,41.7,41.5,10.5,50
22301360170,一般国道１３６号,仁科峠宇久須線,西伊豆町・伊豆市境,22306,0,2.2,賀茂郡西伊豆町宇久須424-1,1928,賀茂郡西伊豆町宇久須424-1,2303,4231,1.25,0.33,35.7,37.5,13.2,50
22301360180,一般国道１３６号,西伊豆町・伊豆市境,沼津土肥線,22222,0,9.1,伊豆市土肥2908-3,2825,伊豆市土肥2908-3,2715,5540,1.16,0.46,48.1,45,9.5,50
22301360190,一般国道１３６号,沼津土肥線,西天城高原線,22222,0,10.6,伊豆市上船原1234-37,2392,伊豆市上船原1234-37,2709,5101,1.25,0.59,46.1,47.8,7.5,50
22301360195,一般国道１３６号,西天城高原線,一般国道１３６号,22222,0,7.8,伊豆市下船原370-1,3042,伊豆市下船原370-1,3385,6427,1.26,0.64,49.8,48.1,7.5,50
22301360200,一般国道１３６号,一般国道１３６号,一般国道１３６号,22222,0,1,伊豆市下船原370-1,3042,伊豆市下船原370-1,3385,6427,1.26,0.64,40,35.2,7.5,50
22301360210,一般国道１３６号,一般国道１３６号,一般国道４１４号（伊豆縦貫道）,22222,0,3.7,伊豆市松ヶ瀬字宮ノ上48-1,3255,伊豆市松ヶ瀬字宮ノ上48-1,3366,6621,1.16,0.55,40,37.3,9.7,50
22301360440,一般国道１３６号,一般国道４１４号（伊豆縦貫道）,一般国道１３６号,22222,0,1.8,伊豆市大平字泉138-11,2679,伊豆市大平字泉138-11,3043,5722,1.26,0.5,38.8,32.7,8.95,50
22301360230,一般国道１３６号,一般国道１３６号,伊東修善寺線,22222,0,1.1,伊豆市瓜生野字松原189-5,10569,伊豆市瓜生野字松原189-5,12395,22964,1.36,1.25,32.4,26.8,13.5,50
22301360240,一般国道１３６号,伊東修善寺線,韮山伊豆長岡修善寺線,22222,0,0.7,伊豆市瓜生野字松原189-5,10569,伊豆市瓜生野字松原189-5,12395,22964,1.36,1.25,14.1,32.6,13.5,50
22301360250,一般国道１３６号,韮山伊豆長岡修善寺線,熱海大仁線,22222,0,1,伊豆市瓜生野字松原189-5,10569,伊豆市瓜生野字松原189-5,12395,22964,1.36,1.25,31.7,33.5,13.5,50
22301360260,一般国道１３６号,熱海大仁線,伊豆の国市・伊豆市境,22225,0,0.4,伊豆市瓜生野字松原189-5,10569,伊豆市瓜生野字松原189-5,12395,22964,1.36,1.17,29.6,39.2,10.75,50
22301360270,一般国道１３６号,伊豆の国市・伊豆市境,一般国道１３６号,22222,0,0.2,伊豆市瓜生野字松原189-5,10569,伊豆市瓜生野字松原189-5,12395,22964,1.36,1.62,44.5,39.2,10.5,50
22301360280,一般国道１３６号,一般国道１３６号,伊豆市・伊豆の国市境,22222,0,0.7,伊豆の国市三福字奥田242-1,9565,伊豆の国市三福字奥田242-1,7720,17285,1.34,1.12,28.3,27.3,10.1,50
22301360290,一般国道１３６号,伊豆市・伊豆の国市境,一般国道１３６号,22225,0,0.2,伊豆の国市三福字奥田242-1,9565,伊豆の国市三福字奥田242-1,7720,17285,1.34,1.42,25.9,20.9,13.95,50
22301360300,一般国道１３６号,一般国道１３６号,一般国道４１４号,22225,0,1.6,伊豆の国市三福字奥田242-1,9565,伊豆の国市三福字奥田242-1,7720,17285,1.34,1.42,17.5,24.1,13.95,50
22301360310,一般国道１３６号,一般国道４１４号,韮山反射炉線,22225,0,3.1,伊豆の国市三福字奥田242-1,9565,伊豆の国市三福字奥田242-1,7720,17285,1.34,1.35,26.2,24.8,11.4,50
22301360320,一般国道１３６号,韮山反射炉線,古奈伊豆長岡停車場線,22225,0,0.3,伊豆の国市三福字奥田242-1,9565,伊豆の国市三福字奥田242-1,7720,17285,1.34,1.35,19.6,17.9,11.4,50
22301360330,一般国道１３６号,古奈伊豆長岡停車場線,静浦港韮山停車場線,22225,0,1.7,田方郡函南町新田字新宿90-2,11656,田方郡函南町新田字新宿90-2,12312,23968,1.29,1.84,20.9,24.3,10.2,50
22301360340,一般国道１３６号,静浦港韮山停車場線,静浦港韮山停車場線,22225,0,0.3,田方郡函南町新田字新宿90-2,11656,田方郡函南町新田字新宿90-2,12312,23968,1.29,1.84,20.4,27.6,10.2,50
22301360350,一般国道１３６号,静浦港韮山停車場線,韮山伊豆長岡修善寺線,22225,0,0.4,田方郡函南町新田字新宿90-2,11656,田方郡函南町新田字新宿90-2,12312,23968,1.29,1.84,19.2,29.3,10.2,50
22301360360,一般国道１３６号,韮山伊豆長岡修善寺線,原木停車場線,22225,0,0.6,田方郡函南町新田字新宿90-2,11656,田方郡函南町新田字新宿90-2,12312,23968,1.29,1.84,20.7,27.3,10.2,50
22301360370,一般国道１３６号,原木停車場線,伊豆の国市・函南町境,22225,0,0.2,田方郡函南町新田字新宿90-2,11656,田方郡函南町新田字新宿90-2,12312,23968,1.29,1.84,21.7,30.9,10.2,50
22301360380,一般国道１３６号,伊豆の国市・函南町境,御園伊豆仁田停車場線,22325,0,1.4,田方郡函南町新田字新宿90-2,11656,田方郡函南町新田字新宿90-2,12312,23968,1.29,1.68,24.2,26.2,11.3,50
22301360390,一般国道１３６号,御園伊豆仁田停車場線,一般国道１３６号,22325,0,0.5,田方郡函南町新田字新宿90-2,11656,田方郡函南町新田字新宿90-2,12312,23968,1.29,1.68,24.4,21.6,11.3,50
22301360400,一般国道１３６号,一般国道１３６号,函南町・三島市境,22325,0,0.2,三島市梅名449-1,17795,三島市梅名449-1,18076,35871,1.4,0.61,18.2,27.3,20.9,50
22301360410,一般国道１３６号,函南町・三島市境,清水函南停車場線,22206,0,1.7,三島市梅名449-1,17795,三島市梅名449-1,18076,35871,1.4,1.56,28,21.4,16,50
22301360420,一般国道１３６号,清水函南停車場線,一般国道１号,22206,0,2.1,三島市梅名449-1,17795,三島市梅名449-1,18076,35871,1.4,1.56,26.2,25.9,16,50
22301360220,一般国道１３６号,一般国道１３６号,一般国道１３６号,22222,1,1.9,伊豆市大平字畑29-6,5249,伊豆市大平字畑29-6,6546,11795,1.26,0.67,66,66.5,10.5,80
22301360460,一般国道１３６号,一般国道１３６号,一般国道１３６号,22222,1,2.1,伊豆の国市熊坂329-3,5491,伊豆の国市熊坂329-3,6922,12413,1.36,0.58,70.5,65.8,10.5,60
22301360470,一般国道１３６号,一般国道１３６号,一般国道１３６号,22225,1,0.7,伊豆の国市大仁705-2ほか,5001,伊豆の国市大仁705-2ほか,6228,11229,1.37,0.55,45,40.7,10.5,60
22301360480,一般国道１３６号,一般国道１３６号,一般国道４１４号,22225,1,1.9,伊豆の国市吉田305地先,11599,伊豆の国市吉田305地先,12755,24354,1.23,1.23,58,58.8,10.5,60
22301360490,一般国道１３６号,一般国道４１４号,伊豆長岡三津線,22225,0,2.6,伊豆の国市小坂字寺川山1248-7,14396,伊豆の国市小坂字寺川山1248-7,16544,30940,1.39,1.57,54.8,48.4,8.5,50
22301360500,一般国道１３６号,伊豆長岡三津線,一般国道４１４号,22225,0,2,伊豆の国市長岡字山田550-2,13731,伊豆の国市長岡字山田550-2,14597,28328,1.26,2.02,46.8,46.1,7.5,50
22301360510,一般国道１３６号,一般国道４１４号,静浦港韮山停車場線,22225,0,1.1,伊豆の国市南江間1785-1,12696,伊豆の国市南江間1785-1,11697,24393,1.24,1.6,49.1,47,9,50
22301360520,一般国道１３６号,静浦港韮山停車場線,伊豆の国市・函南町境,22225,0,1.1,伊豆の国市北江間1628地先,9468,伊豆の国市北江間1628地先,8545,18013,1.26,1.29,46.4,43.5,9,50
22301360530,一般国道１３６号,伊豆の国市・函南町境,,22325,0,1,伊豆の国市北江間1628地先,9468,伊豆の国市北江間1628地先,8545,18013,1.26,1.17,59.8,60.9,9,50
22301360540,一般国道１３６号,,一般国道１号（伊豆縦貫道）,22325,0,1.1,田方郡函南町塚本字北田316-1,10436,田方郡函南町塚本字北田316-1,10761,21197,1.3,1.24,55.4,56.3,13.5,50
22301360550,一般国道１３６号,一般国道１号（伊豆縦貫道）,一般国道１３６号,22325,0,0.6,田方郡函南町塚本字北田316-1,10436,田方郡函南町塚本字北田316-1,10761,21197,1.3,0.33,45.1,57.4,25.4,50
22301360570,一般国道１３６号,一般国道１号（伊豆縦貫道）,一般国道１３６号,22325,0,0.5,田方郡函南町間宮420-1,7392,田方郡函南町間宮420-1,8124,15516,1.29,0.55,40.2,31.6,41.5,50
22301360580,一般国道１３６号,一般国道１３６号,熱海函南線,22325,0,1.4,田方郡函南町間宮420-1,11614,田方郡函南町間宮420-1,11809,23423,1.36,0.88,23.5,24.3,39,50
22301360600,一般国道１３６号,一般国道１３６号,一般国道４１４号,22222,0,0.7,,3301,,3435,6736,1.22,0.53,46.7,45.4,10.75,50
22304140140,一般国道１３６号,一般国道４１４号,一般国道１３６号,22222,0,0.7,,3301,,3435,6736,1.22,0.79,20.6,19.5,9,40
22301380010,一般国道１３８号,一般国道１３８号,足柄停車場富士公園線,22344,1,5.5,駿東郡小山町須走,3652,駿東郡小山町須走,3357,7009,1.41,0.69,49.6,49,10.1,50
22301380020,一般国道１３８号,足柄停車場富士公園線,一般国道１３８号（東富士五湖道）,22344,1,0.3,駿東郡小山町須走,3652,駿東郡小山町須走,3357,7009,1.41,0.69,28.3,16.2,10.1,50
22301380170,一般国道１３８号,足柄停車場富士公園線,小山町・御殿場市境,22344,1,2.2,駿東郡小山町須走,5916,駿東郡小山町須走,7113,13029,1.24,1.13,68,68.6,22,60
22301380180,一般国道１３８号,小山町・御殿場市境,須走御殿場線,22215,1,0.8,駿東郡小山町須走,5916,駿東郡小山町須走,7113,13029,1.24,0.4,79.3,65.8,28.5,60
22301380190,一般国道１３８号,須走御殿場線,仁杉柴怒田線,22215,1,1.5,御殿場市仁杉,7037,御殿場市仁杉,7563,14600,1.24,0.39,73.6,71.3,28.5,60
22301380200,一般国道１３８号,仁杉柴怒田線,一般国道４６９号,22215,1,0.7,御殿場市中畑,6027,御殿場市中畑,6286,12313,1.26,0.31,48.7,56.7,28.5,60
22301380210,一般国道１３８号,一般国道４６９号,須走御殿場線,22215,1,0.3,御殿場市中畑,6027,御殿場市中畑,6286,12313,1.26,0.31,33,44.5,28.5,60
22301380080,一般国道１３８号,須走御殿場線,一般国道２４６号,22215,0,1.4,御殿場市萩原,5712,御殿場市萩原,5144,10856,1.22,0.97,34.9,37,13.1,50
22301380090,一般国道１３８号,一般国道２４６号,御殿場大井線,22215,0,0.9,御殿場市新橋,8572,御殿場市新橋,8569,17141,1.21,0.67,28.5,25.8,30.3,60
22301380100,一般国道１３８号,御殿場大井線,東名高速道路,22215,0,1.8,御殿場市新橋,8572,御殿場市新橋,8569,17141,1.21,0.67,24.4,25.9,30.3,60
22301380110,一般国道１３８号,東名高速道路,御殿場箱根線,22215,0,1.5,,12305,,12713,25018,1.37,0.67,32.7,34.3,36.3,50
22301380120,一般国道１３８号,御殿場箱根線,御殿場箱根線,22215,0,1.5,御殿場市深沢字長尾1813-1,4800,御殿場市深沢字長尾1813-1,4248,9048,1.28,0.81,38.8,44.2,9.4,50
22301380130,一般国道１３８号,御殿場箱根線,一般国道１３８号,22215,0,4,御殿場市深沢字長尾1813-1,4800,御殿場市深沢字長尾1813-1,4248,9048,1.28,0.77,51.1,50.1,7.5,40
22301380150,一般国道１３８号（東富士五湖道）,一般国道１３８号（東富士五湖道）,一般国道１３８号,22344,1,4.2,～一般国道１３８号(須走IC),3111,～一般国道１３８号(須走IC),3192,6303,1.25,0.89,63.3,59.3,10.5,70
22301390010,一般国道１３９号,一般国道１号,富士富士宮由比線,22210,0,0.3,富士市錦町1丁目11-12,9354,富士市錦町1丁目11-12,9480,18834,1.35,1.76,18.9,10.8,16,50
22301390020,一般国道１３９号,富士富士宮由比線,吉原停車場吉原線,22210,0,1.1,富士市錦町1丁目11-12,9354,富士市錦町1丁目11-12,9480,18834,1.35,1.76,28.5,21.2,16,50
22301390030,一般国道１３９号,吉原停車場吉原線,吉原停車場吉原線,22210,0,0.2,富士市錦町1丁目11-12,9354,富士市錦町1丁目11-12,9480,18834,1.35,1.76,24.7,15.9,16,50
22301390040,一般国道１３９号,吉原停車場吉原線,吉原田子浦港線,22210,0,1.3,富士市錦町1丁目11-12,9354,富士市錦町1丁目11-12,9480,18834,1.35,1.76,16.3,18.6,16,50
22301390050,一般国道１３９号,吉原田子浦港線,吉原田子浦港線,22210,0,0.2,富士市錦町1丁目11-12,9354,富士市錦町1丁目11-12,9480,18834,1.35,1.76,20.8,18.4,16,50
22301390060,一般国道１３９号,吉原田子浦港線,一般国道１３９号,22210,0,0.6,富士市錦町1丁目11-12,9354,富士市錦町1丁目11-12,9480,18834,1.35,1.76,24,16.5,16,50
22301390070,一般国道１３９号,一般国道１３９号,三島富士線,22210,0,0.6,富士市蓼原,6671,富士市蓼原,6597,13268,1.34,1.06,13.1,8.8,16.75,50
22301390080,一般国道１３９号,三島富士線,富士富士宮線,22210,0,1.6,富士市蓼原,6671,富士市蓼原,6597,13268,1.34,1.06,14.7,14.8,16.75,50
22301390270,一般国道１３９号（西富士道路）,田子浦港富士インタ－線,東名高速道路,22210,1,0.5,富士市伝法,20299,富士市伝法,19564,39863,1.33,0.49,8.6,67.2,21.5,60
22301390280,一般国道１３９号（西富士道路）,東名高速道路,,22210,1,1,富士市伝法,22784,富士市伝法,23621,46405,1.35,0.58,29.7,58.7,22,80
22301390285,一般国道１３９号（西富士道路）,,新東名高速道路,22210,1,1.9,富士市伝法,14483,富士市伝法,13416,27899,1.38,0.34,80,79.6,22,80
22301390290,一般国道１３９号（西富士道路）,新東名高速道路,,22210,1,2.6,富士市天間,19270,富士市天間,19493,38763,1.35,0.56,75.5,68.4,21,80
22301390300,一般国道１３９号（西富士道路）,,富士市・富士宮市境,22210,1,0.1,富士宮市小泉,20138,富士宮市小泉,14075,34213,1.4,0.52,68.4,27.1,27.2,60
22301390310,一般国道１３９号（西富士道路）,富士市・富士宮市境,富士富士宮由比線,22207,1,0.8,富士宮市小泉,20138,富士宮市小泉,14075,34213,1.4,0.52,47.6,15.8,21.45,60
22301390160,一般国道１３９号,富士富士宮由比線,富士根停車場線,22207,0,0.6,富士宮市阿幸地町,17394,富士宮市阿幸地町,17888,35282,1.31,0.94,13.9,16.1,24.8,60
22301390170,一般国道１３９号,富士根停車場線,大坂富士宮線,22207,0,1.3,富士宮市阿幸地町,17394,富士宮市阿幸地町,17888,35282,1.31,0.94,12.4,15.4,24.8,60
22301390180,一般国道１３９号,大坂富士宮線,富士宮富士公園線,22207,0,1.5,富士宮市阿幸地町,17394,富士宮市阿幸地町,17888,35282,1.31,0.94,22.1,21,24.8,60
22301390190,一般国道１３９号,富士宮富士公園線,,22207,0,2.1,富士宮市阿幸地町,17394,富士宮市阿幸地町,17888,35282,1.31,0.94,20.6,24,24.8,60
22301390200,一般国道１３９号,,一般国道４６９号,22207,1,1.7,富士宮市北山,6800,富士宮市北山,6499,13299,1.31,0.3,41.1,62,11.75,60
22301390210,一般国道１３９号,一般国道４６９号,富士白糸滝公園線,22207,1,4.3,富士宮市北山,6800,富士宮市北山,6499,13299,1.31,0.3,62.5,73.8,11.75,60
22301390220,一般国道１３９号,富士白糸滝公園線,,22207,1,2.6,富士宮市根原,2812,富士宮市根原,2854,5666,1.29,0.5,63.3,65.8,11.5,60
22301390230,一般国道１３９号,,清水富士宮線,22207,0,5.5,富士宮市根原,2812,富士宮市根原,2854,5666,1.29,0.59,56.3,50.8,13.45,50
22301390240,一般国道１３９号,清水富士宮線,富士富士宮線,22207,0,1.2,富士宮市根原,2812,富士宮市根原,2854,5666,1.29,0.59,59.6,57,13.45,50
22301390250,一般国道１３９号,富士富士宮線,一般国道１３９号,22207,0,6.3,富士宮市根原,2812,富士宮市根原,2854,5666,1.29,0.59,55.8,58.2,13.45,50
22301390330,一般国道１３９号,一般国道１号,,22210,0,0.1,富士市鮫島,3978,富士市鮫島,6155,10133,1.25,1.25,27.8,22.6,27.2,50
22301390350,一般国道１３９号,,田子浦港富士インタ－線,22210,0,0.5,富士市蓼原,2528,富士市蓼原,2463,4991,1.27,0.26,20.8,28.3,26.85,50
22301390360,一般国道１３９号,田子浦港富士インタ－線,一般国道１３９号,22210,0,0.2,富士市津田,3771,富士市津田,3168,6939,1.24,0.54,14,9.5,26.85,50
22301490010,一般国道１４９号,一般国道１５０号,清水富士宮線,22103,0,1.2,静岡市清水区相生町,9456,静岡市清水区相生町,7775,17231,1.31,0.78,20,18.1,30.1,50
22301490020,一般国道１４９号,清水富士宮線,静岡草薙清水線,22103,0,0.4,静岡市清水区相生町,9456,静岡市清水区相生町,7775,17231,1.31,0.78,20.5,21.4,30.1,50
22301490030,一般国道１４９号,静岡草薙清水線,一般国道１号,22103,0,1,静岡市清水区相生町,9456,静岡市清水区相生町,7775,17231,1.31,0.63,25.3,18.9,30.1,50
22301500010,一般国道１５０号,一般国道１４９号,三保駒越線,22103,0,2.5,静岡市清水区駒越東町,14196,静岡市清水区駒越東町,13056,27252,1.28,0.89,28,25.5,22.1,50
22301500020,一般国道１５０号,三保駒越線,一般国道１５０号,22103,0,0.2,静岡市清水区蛇塚,9495,静岡市清水区蛇塚,9305,18800,1.29,0.63,13.9,28.4,22.4,50
22301500025,一般国道１５０号,一般国道１５０号,駒越富士見線,22103,0,1.2,静岡市清水区蛇塚,9495,静岡市清水区蛇塚,9305,18800,1.29,0.63,39,43.2,22.4,50
22301500030,一般国道１５０号,駒越富士見線,一般国道１５０号,22103,0,2.3,静岡市清水区蛇塚,9495,静岡市清水区蛇塚,9305,18800,1.29,0.57,55.6,55,22.5,50
22301500040,一般国道１５０号,一般国道１５０号,静岡市清水区・静岡市駿河区境,22103,0,0.3,静岡市清水区蛇塚,9495,静岡市清水区蛇塚,9305,18800,1.29,0.34,36.7,32.6,22.9,50
22301500050,一般国道１５０号,静岡市清水区・静岡市駿河区境,山脇大谷線,22102,0,4.4,静岡市駿河区大谷二丁目,10384,静岡市駿河区大谷二丁目,10612,20996,1.32,0.67,43.3,43.3,12.4,50
22301500060,一般国道１５０号,山脇大谷線,高松日出線,22102,0,0.3,静岡市駿河区中島3111-1,11621,静岡市駿河区中島3111-1,11453,23074,1.3,0.99,25.5,28.9,22.1,50
22301500070,一般国道１５０号,高松日出線,静岡下島線,22102,0,1.2,静岡市駿河区中島3111-1,11621,静岡市駿河区中島3111-1,11453,23074,1.3,0.9,40.2,48.1,21.7,50
22301500080,一般国道１５０号,静岡下島線,静岡市道,22102,0,0.9,静岡市駿河区中島3111-1,11621,静岡市駿河区中島3111-1,11453,23074,1.3,1.45,44.2,35.1,22.1,50
22301500090,一般国道１５０号,静岡市道,静岡市道,22102,0,2.1,静岡市駿河区中島3111-1,11621,静岡市駿河区中島3111-1,11453,23074,1.3,1.45,32.4,34.1,22.1,50
22301500100,一般国道１５０号,静岡市道,静岡焼津線,22102,0,2.6,静岡市駿河区下川原南,18024,静岡市駿河区下川原南,17614,35638,1.42,1.33,18.7,20.5,20,50
22301500110,一般国道１５０号,静岡焼津線,,22102,0,4.5,静岡市駿河区広野三丁目,15165,静岡市駿河区広野三丁目,15267,30432,1.33,0.77,33.9,51.9,19.8,50
22301500120,一般国道１５０号,,焼津岡部線,22212,0,3.6,焼津市大覚寺三丁目20-30,17201,焼津市大覚寺三丁目20-30,19773,36974,1.43,0.97,35.8,34,22,60
22301500130,一般国道１５０号,焼津岡部線,焼津森線,22212,0,0.4,焼津市大覚寺三丁目20-30,17201,焼津市大覚寺三丁目20-30,19773,36974,1.43,0.97,32.9,16.5,22,60
22301500140,一般国道１５０号,焼津森線,上青島焼津線,22212,0,2.4,焼津市大覚寺三丁目20-30,17201,焼津市大覚寺三丁目20-30,19773,36974,1.43,0.94,19.8,27.7,25,60
22301500150,一般国道１５０号,上青島焼津線,高洲和田線,22212,0,3.4,焼津市三右衛門新田405-2,16376,焼津市三右衛門新田405-2,15858,32234,1.4,1.27,25.5,28.1,25,60
22301500160,一般国道１５０号,高洲和田線,一般国道１５０号,22212,0,0.3,焼津市三右衛門新田405-2,16376,焼津市三右衛門新田405-2,15858,32234,1.4,1.27,27.2,6,25,60
22301500170,一般国道１５０号,一般国道１５０号,藤枝大井川線,22212,0,2.6,焼津市相川字道下1207-4,9136,焼津市相川字道下1207-4,8812,17948,1.34,1.2,23.2,23,14.2,50
22301500175,一般国道１５０号,藤枝大井川線,焼津市道０１０５号線,22212,0,0.7,焼津市相川字道下1207-4,9136,焼津市相川字道下1207-4,8812,17948,1.34,1.2,18.1,18.2,14.2,50
22301500180,一般国道１５０号,焼津市道０１０５号線,河原大井川港線,22212,0,1.5,焼津市相川字道下1207-4,9136,焼津市相川字道下1207-4,8812,17948,1.34,1.2,21.2,15.8,14.2,50
22301500190,一般国道１５０号,河原大井川港線,河原大井川港線,22212,0,0.2,榛原郡吉田町大幡地先河川敷,11008,榛原郡吉田町大幡地先河川敷,10964,21972,1.35,1.49,28.9,19.4,14.5,50
22301500200,一般国道１５０号,河原大井川港線,焼津市・吉田町境,22212,0,0.4,榛原郡吉田町大幡地先河川敷,11008,榛原郡吉田町大幡地先河川敷,10964,21972,1.35,1.17,24.4,29.7,9.5,50
22301500210,一般国道１５０号,焼津市・吉田町境,吉田大東線,22424,0,0.5,榛原郡吉田町大幡地先河川敷,11008,榛原郡吉田町大幡地先河川敷,10964,21972,1.35,1.17,24.9,32.6,9.5,50
22301500215,一般国道１５０号,吉田大東線,島田吉田線,22424,0,1.8,榛原郡吉田町大幡地先河川敷,11008,榛原郡吉田町大幡地先河川敷,10964,21972,1.35,1.33,16.7,26.8,13.5,50
22301500220,一般国道１５０号,島田吉田線,吉田町道,22424,0,0.5,榛原郡吉田町大幡地先河川敷,11008,榛原郡吉田町大幡地先河川敷,10964,21972,1.35,1.11,20.6,22.7,15.5,50
22301500230,一般国道１５０号,吉田町道,住吉金谷線,22424,0,0.7,牧之原市細江1986-1,7030,牧之原市細江1986-1,7571,14601,1.31,0.91,24.4,24,16.5,50
22301500240,一般国道１５０号,住吉金谷線,吉田町・牧之原市境,22424,0,1.2,牧之原市細江1986-1,7030,牧之原市細江1986-1,7571,14601,1.31,0.96,20.6,22.9,18.5,50
22301500250,一般国道１５０号,吉田町・牧之原市境,細江金谷線,22226,0,0.3,牧之原市細江1986-1,7030,牧之原市細江1986-1,7571,14601,1.31,1.11,22.5,17.6,15.5,50
22301500260,一般国道１５０号,細江金谷線,牧之原市道,22226,0,1.2,牧之原市細江1986-1,7030,牧之原市細江1986-1,7571,14601,1.31,0.95,24.6,23.9,14.7,50
22301500265,一般国道１５０号,牧之原市道,一般国道１５０号,22226,0,0.8,牧之原市細江1986-1,7030,牧之原市細江1986-1,7571,14601,1.31,1.01,27.6,25,14,50
22301500270,一般国道１５０号,一般国道１５０号,榛原金谷線,22226,0,0.5,牧之原市細江1986-1,7030,牧之原市細江1986-1,7571,14601,1.31,1.06,24,24.8,16,50
22301500280,一般国道１５０号,榛原金谷線,菊川榛原線,22226,0,0.8,牧之原市細江1986-1,7030,牧之原市細江1986-1,7571,14601,1.31,0.96,24.4,22.2,16.5,50
22301500290,一般国道１５０号,菊川榛原線,相良大須賀線,22226,0,5.4,牧之原市平田658-126,9208,牧之原市平田658-126,9296,18504,1.34,1.56,38.9,37.2,11.5,50
22301500300,一般国道１５０号,相良大須賀線,一般国道４７３号,22226,0,1.1,牧之原市須々木2688-10地先道路敷,6222,牧之原市須々木2688-10地先道路敷,6060,12282,1.25,1.25,31.8,34.7,12,50
22301500310,一般国道１５０号,一般国道４７３号,相良浜岡線,22226,0,1.8,牧之原市須々木2688-10地先道路敷,6222,牧之原市須々木2688-10地先道路敷,6060,12282,1.25,1.25,37.6,39.7,12,50
22301500320,一般国道１５０号,相良浜岡線,薄原地頭方線,22226,0,3.3,牧之原市須々木2688-10地先道路敷,6222,牧之原市須々木2688-10地先道路敷,6060,12282,1.25,1.25,47.2,46.1,12,50
22301500330,一般国道１５０号,薄原地頭方線,一般国道１５０号,22226,0,0.7,牧之原市地頭方505-11,3848,牧之原市地頭方505-11,3972,7820,1.26,0.64,29.8,26.7,12,50
22301500340,一般国道１５０号,一般国道１５０号,大東相良線,22226,0,0.5,牧之原市地頭方500-56,5548,牧之原市地頭方500-56,5667,11215,1.28,0.92,26.9,34.5,12,50
22301500350,一般国道１５０号,大東相良線,牧之原市・御前崎市境,22226,0,0.5,御前崎市佐倉4537-59,7919,御前崎市佐倉4537-59,8026,15945,1.31,1.23,36.2,35.7,8.6,50
22301500360,一般国道１５０号,牧之原市・御前崎市境,御前崎堀野新田線,22223,0,0.4,御前崎市佐倉4537-59,7919,御前崎市佐倉4537-59,8026,15945,1.31,0.49,52.1,42.6,25,50
22301500370,一般国道１５０号,御前崎堀野新田線,佐倉御前崎港線,22223,0,1.7,御前崎市佐倉4537-59,7919,御前崎市佐倉4537-59,8026,15945,1.31,0.49,48.4,44.9,25,50
22301500380,一般国道１５０号,佐倉御前崎港線,掛川浜岡線,22223,0,3.3,御前崎市佐倉4537-59,7919,御前崎市佐倉4537-59,8026,15945,1.31,0.49,41.6,44,25,50
22301500390,一般国道１５０号,掛川浜岡線,御前崎市・掛川市境,22223,0,4.4,御前崎市塩原新田1523-1,6354,御前崎市塩原新田1523-1,5926,12280,1.28,0.82,47.1,46.1,9.5,50
22301500400,一般国道１５０号,御前崎市・掛川市境,大東菊川線,22213,0,0.1,御前崎市塩原新田1523-1,6354,御前崎市塩原新田1523-1,5926,12280,1.28,0.96,28.1,18.3,9.5,50
22301500410,一般国道１５０号,大東菊川線,掛川大東線,22213,0,3.3,御前崎市塩原新田1523-1,6354,御前崎市塩原新田1523-1,5926,12280,1.28,1.12,30.6,37.7,8.5,50
22301500420,一般国道１５０号,掛川大東線,袋井大須賀線,22213,0,7.5,掛川市大渕8570-1,6001,掛川市大渕8570-1,6210,12211,1.27,1.14,35.4,42,8.5,50
22301500430,一般国道１５０号,袋井大須賀線,掛川市・袋井市境,22213,0,0.1,袋井市西同笠22-1					,6913,袋井市西同笠22-1					,7198,14111,1.29,1.08,23,31,10.75,50
22301500440,一般国道１５０号,掛川市・袋井市境,西同笠浅羽線,22216,0,2.9,袋井市西同笠22-1					,6913,袋井市西同笠22-1					,7198,14111,1.29,1.14,34.5,36,13.1,50
22301500450,一般国道１５０号,西同笠浅羽線,袋井市・磐田市境,22216,0,2.5,磐田市福田3000,7936,磐田市福田3000,8146,16082,1.29,1.29,30.3,39.4,13.1,50
22301500460,一般国道１５０号,袋井市・磐田市境,豊浜磐田線,22211,0,0.8,磐田市福田3000,7936,磐田市福田3000,8146,16082,1.29,1.68,29.1,30.7,12.8,50
22301500470,一般国道１５０号,豊浜磐田線,磐田福田線,22211,0,2.2,磐田市福田3000,7936,磐田市福田3000,8146,16082,1.29,1.85,29.3,28.4,11.5,50
22301500480,一般国道１５０号,磐田福田線,磐田停車場長野線,22211,0,4,磐田市南田103-1					,7497,磐田市南田103-1					,7451,14948,1.29,1.02,30.5,29.6,12.1,50
22301500490,一般国道１５０号,磐田停車場長野線,豊田竜洋線,22211,0,1.7,磐田市南田103-1					,7497,磐田市南田103-1					,7451,14948,1.29,1.39,30.9,29.3,9.1,50
22301500500,一般国道１５０号,豊田竜洋線,磐田竜洋線,22211,0,1.6,磐田市掛塚1079,8673,磐田市掛塚1079,9574,18247,1.36,1.85,26.1,28,8,50
22301500510,一般国道１５０号,磐田竜洋線,上野部豊田竜洋線,22211,0,0.1,磐田市掛塚1079,8673,磐田市掛塚1079,9574,18247,1.36,1.85,25.3,22.5,8,50
22301500520,一般国道１５０号,上野部豊田竜洋線,,22211,0,0.8,磐田市本町1055,10211,磐田市本町1055,10772,20983,1.29,2.12,21.7,32.8,8,50
22301500530,一般国道１５０号,,二俣浜松線,22134,0,0.3,浜松市南区河輪町,9847,浜松市南区河輪町,10824,20671,1.37,1.02,19,31.4,9.85,40
22301500540,一般国道１５０号,二俣浜松線,舞阪竜洋線,22134,0,0.1,浜松市南区河輪町,9847,浜松市南区河輪町,10824,20671,1.37,1.02,10.4,23.8,9.85,40
22301500550,一般国道１５０号,舞阪竜洋線,五島天竜川停車場線,22134,0,0.4,浜松市南区立野97-1,5944,浜松市南区立野97-1,5000,10944,1.28,0.91,10.6,27.4,9.75,50
22301500560,一般国道１５０号,五島天竜川停車場線,五島天竜川停車場線,22134,0,0.5,浜松市南区立野97-1,5944,浜松市南区立野97-1,5000,10944,1.28,0.91,27.6,27.6,9.75,50
22301500570,一般国道１５０号,五島天竜川停車場線,一般国道１号（浜松ＢＰ）,22134,0,1.1,浜松市南区立野97-1,5944,浜松市南区立野97-1,5000,10944,1.28,0.91,26.8,11.1,9.75,50
22301500580,一般国道１５０号,一般国道１号（浜松ＢＰ）,浜松市道掛塚砂山線,22134,0,0.7,浜松市南区立野97-1,5944,浜松市南区立野97-1,5000,10944,1.28,0.91,10.8,14.7,9.75,50
22301500590,一般国道１５０号,浜松市道掛塚砂山線,中郡福塚線,22134,0,1,浜松市中区相生町320-2,5983,浜松市中区相生町320-2,5578,11561,1.28,1.1,21.4,19.9,8.5,40
22301500600,一般国道１５０号,中郡福塚線,浜松市南区・浜松市中区境,22134,0,0.3,浜松市中区相生町320-2,5983,浜松市中区相生町320-2,5578,11561,1.28,1.1,14.2,17.5,8.5,40
22301500605,一般国道１５０号,浜松市南区・浜松市中区境,小池三島線,22131,0,0.5,浜松市中区相生町320-2,5983,浜松市中区相生町320-2,5578,11561,1.28,0.92,17.2,10.8,8,40
22301500610,一般国道１５０号,小池三島線,一般国道１５２号,22131,0,0.5,浜松市中区相生町320-2,5983,浜松市中区相生町320-2,5578,11561,1.28,0.92,19.2,13.4,8,40
22301500630,一般国道１５０号,一般国道１５０号,駒越富士見線,22103,0,1.1,静岡市清水区駒越南町7,1209,静岡市清水区駒越南町7,1588,2797,1.24,0.39,25.6,37,14.6,50
22301500640,一般国道１５０号,駒越富士見線,一般国道１５０号,22103,0,2.5,静岡市清水区蛇塚,941,静岡市清水区蛇塚,717,1658,1.24,0.35,30.9,31.9,11,50
22301500720,一般国道１５０号,,,22211,0,4.7,磐田市駒場7314-12					,5099,磐田市駒場7314-12					,5290,10389,1.26,1.28,31.7,32.5,15.3,50
22301500730,一般国道１５０号,,磐田市・浜松市南区境,22211,0,1.1,磐田市掛塚1818,5935,磐田市掛塚1818,5930,11865,1.26,1.28,35.1,45.4,10.75,50
22301500740,一般国道１５０号,磐田市・浜松市南区境,,22134,0,0.1,磐田市掛塚1818,5935,磐田市掛塚1818,5930,11865,1.26,1.28,29.5,35.5,10.75,50
22301500750,一般国道１５０号,,五島天竜川停車場線,22134,0,1.3,浜松市南区福島町252,5896,浜松市南区福島町252,5834,11730,1.27,0.37,17.6,28.5,27,50
22301500760,一般国道１５０号,五島天竜川停車場線,一般国道１号（浜松ＢＰ）,22134,0,2.5,浜松市南区福島町252,5896,浜松市南区福島町252,5834,11730,1.27,0.37,24.1,24.8,27,50
22301500840,一般国道１５０号,一般国道１５０号,,22212,0,1.7,焼津市藤守1518-2,7048,焼津市藤守1518-2,5326,12374,1.27,0.55,22.1,30,25,50
22301500780,一般国道１５０号,,焼津榛原線,22212,0,0.3,焼津市藤守1518-2,7048,焼津市藤守1518-2,5326,12374,1.27,0.55,36.8,37.2,25,50
22301500790,一般国道１５０号,焼津榛原線,,22212,0,1,焼津市藤守1518-2,7048,焼津市藤守1518-2,5326,12374,1.27,0.55,43.7,28.8,25,50
22301500890,一般国道１５０号,,焼津榛原線,22212,0,0.2,焼津市藤守1518-2,7048,焼津市藤守1518-2,5326,12374,1.27,1.5,26,32.2,11.5,50
22301500810,一般国道１５０号,一般国道４７３号,相良浜岡線,22226,0,2.9,牧之原市須々木1871-4,5437,牧之原市須々木1871-4,4484,9921,1.27,1.11,64.9,61.9,12,60
22301500820,一般国道１５０号,相良浜岡線,一般国道１５０号,22226,0,3.6,牧之原市落居1359-4,4247,牧之原市落居1359-4,4049,8296,1.26,0.94,55.8,47.4,12,60
22301500860,一般国道１５０号,焼津榛原線,吉田町・牧之原市境,22424,0,0.6,牧之原市落居1359-4,4247,牧之原市落居1359-4,4049,8296,1.26,0.83,24.2,29.7,12.25,40
22301500870,一般国道１５０号,吉田町・牧之原市境,一般国道１５０号,22226,0,0.7,牧之原市落居1359-4,4247,牧之原市落居1359-4,4049,8296,1.26,0.83,47.7,43.9,12.5,40
22301520020,一般国道１５２号,浜松市道,浜松市道水窪白倉川線,22137,0,8.3,浜松市天竜区水窪町奥領家,393,浜松市天竜区水窪町奥領家,413,806,1.18,0.12,35.3,40.6,9,40
22301520030,一般国道１５２号,浜松市道水窪白倉川線,水窪森線,22137,0,1.3,浜松市天竜区佐久間町相月2227-2,887,浜松市天竜区佐久間町相月2227-2,873,1760,1.2,0.22,38.2,31.2,7,50
22301520040,一般国道１５２号,水窪森線,水窪羽ケ庄佐久間線,22137,0,2.2,浜松市天竜区佐久間町相月2227-2,887,浜松市天竜区佐久間町相月2227-2,873,1760,1.2,0.22,41.6,45.6,7,50
22301520050,一般国道１５２号,水窪羽ケ庄佐久間線,一般国道４７３号,22137,0,10.5,浜松市天竜区佐久間町相月2227-2,887,浜松市天竜区佐久間町相月2227-2,873,1760,1.2,0.22,41.4,41.2,7,50
22301520060,一般国道１５２号,一般国道４７３号,大輪天竜線,22137,0,2.3,浜松市天竜区佐久間町大井,977,浜松市天竜区佐久間町大井,997,1974,1.23,0.28,49.1,49,7,50
22301520070,一般国道１５２号,大輪天竜線,白倉西川線,22137,0,11.5,浜松市天竜区龍山町瀬尻982-2,1166,浜松市天竜区龍山町瀬尻982-2,1198,2364,1.23,0.43,48.9,48.5,7,50
22301520080,一般国道１５２号,白倉西川線,大輪天竜線,22137,0,0.7,浜松市天竜区谷山,2196,浜松市天竜区谷山,2242,4438,1.26,0.68,45.8,43.6,9.8,50
22301520090,一般国道１５２号,大輪天竜線,大輪天竜線,22137,0,2.4,浜松市天竜区谷山,2196,浜松市天竜区谷山,2242,4438,1.26,0.68,27.7,22.6,9.8,50
22301520100,一般国道１５２号,大輪天竜線,横山熊線,22137,0,2,浜松市天竜区谷山,2196,浜松市天竜区谷山,2242,4438,1.26,0.68,50.5,44.8,9.8,50
22301520110,一般国道１５２号,横山熊線,大輪天竜線,22137,0,0.4,浜松市天竜区谷山,2196,浜松市天竜区谷山,2242,4438,1.26,0.68,36.7,45.2,9.8,50
22301520120,一般国道１５２号,大輪天竜線,渡ヶ島横山線,22137,0,5.9,浜松市天竜区谷山,2196,浜松市天竜区谷山,2242,4438,1.26,0.68,53.3,53.8,9.8,50
22301520130,一般国道１５２号,渡ヶ島横山線,渡ヶ島横山線,22137,0,0.8,浜松市天竜区谷山,2196,浜松市天竜区谷山,2242,4438,1.26,0.68,47.5,47.1,9.8,50
22301520140,一般国道１５２号,渡ヶ島横山線,一般国道３６２号,22137,0,2.4,浜松市天竜区谷山,2196,浜松市天竜区谷山,2242,4438,1.26,0.68,28.7,25.5,9.8,50
22301520150,一般国道１５２号,一般国道３６２号,両島二俣線,22137,0,0.8,浜松市天竜区山東,6544,浜松市天竜区山東,6604,13148,1.29,1.3,16.6,20,10.48,40
22301520160,一般国道１５２号,両島二俣線,掛川天竜線,22137,0,0.8,浜松市天竜区山東,6544,浜松市天竜区山東,6604,13148,1.29,1.3,24,16.4,10.48,40
22301520170,一般国道１５２号,掛川天竜線,天竜東栄線,22137,0,1.4,浜松市天竜区二俣町鹿島,7484,浜松市天竜区二俣町鹿島,7734,15218,1.21,0.6,18.5,24.2,10.48,40
22301520180,一般国道１５２号,天竜東栄線,天竜浜松線,22137,0,0.2,浜松市天竜区二俣町鹿島,7484,浜松市天竜区二俣町鹿島,7734,15218,1.21,0.6,17.1,21.8,10.48,40
22301520190,一般国道１５２号,天竜浜松線,浜松市天竜区・浜松市浜北区境,22137,0,0.5,浜松市浜北区於呂2941,6812,浜松市浜北区於呂2941,6868,13680,1.29,1.38,15.4,34.8,9.3,40
22301520200,一般国道１５２号,浜松市天竜区・浜松市浜北区境,一般国道３６２号,22136,0,0.9,浜松市浜北区於呂2941,6812,浜松市浜北区於呂2941,6868,13680,1.29,1.4,32,20.3,9.5,40
22301520210,一般国道１５２号,一般国道３６２号,一般国道１５２号,22136,0,2.7,浜松市浜北区於呂2941,6812,浜松市浜北区於呂2941,6868,13680,1.29,1.4,26.5,22.8,9.5,40
22301520220,一般国道１５２号,一般国道１５２号,浜北袋井線,22136,0,1.7,浜松市浜北区平口2669-1,14039,浜松市浜北区平口2669-1,13325,27364,1.39,1,32.1,32.1,22,60
22301520230,一般国道１５２号,浜北袋井線,熊小松天竜川停車場線,22136,0,0.8,浜松市浜北区平口2669-1,14039,浜松市浜北区平口2669-1,13325,27364,1.39,1,27.3,28.4,22,60
22301520240,一般国道１５２号,熊小松天竜川停車場線,細江浜北線,22136,0,2.2,浜松市浜北区平口2669-1,14039,浜松市浜北区平口2669-1,13325,27364,1.39,1,30.6,29.2,22,60
22301520250,一般国道１５２号,細江浜北線,浜松環状線,22136,0,1.9,浜松市浜北区平口2669-1,14039,浜松市浜北区平口2669-1,13325,27364,1.39,1,21.5,18.8,22,60
22301520255,一般国道１５２号,浜松環状線,（足）有玉南初生線,22132,0,2.3,浜松市東区有玉北町1151-1,16915,浜松市東区有玉北町1151-1,17689,34604,1.4,1.19,21.4,18.9,22,50
22301520260,一般国道１５２号,（足）有玉南初生線,磐田細江線,22132,0,1,浜松市東区有玉南町1867,14571,浜松市東区有玉南町1867,15390,29961,1.4,1.01,23.3,10,22,50
22301520270,一般国道１５２号,磐田細江線,浜松市東区・浜松市中区境,22132,0,0.2,浜松市東区有玉南町1867,14571,浜松市東区有玉南町1867,15390,29961,1.4,1.01,19.9,29.4,22,50
22301520275,一般国道１５２号,浜松市東区・浜松市中区境,上島１０２号線,22131,0,0.4,浜松市東区有玉南町1867,14571,浜松市東区有玉南町1867,15390,29961,1.4,0.89,28,14.5,25,50
22301520280,一般国道１５２号,上島１０２号線,和地山曳馬停車場線,22131,0,1.2,浜松市中区上島6丁目3-32,16150,浜松市中区上島6丁目3-32,16233,32383,1.4,1.05,13.3,24.5,25,50
22301520290,一般国道１５２号,和地山曳馬停車場線,中野町三方原線,22131,0,1.4,浜松市中区上島6丁目3-32,16150,浜松市中区上島6丁目3-32,16233,32383,1.4,1.05,22,12.9,25,50
22301520300,一般国道１５２号,中野町三方原線,植松和地線,22131,0,1,浜松市中区元城町103-2,20726,浜松市中区元城町103-2,20990,41716,1.43,0.84,12.3,18.2,23,50
22301520310,一般国道１５２号,植松和地線,一般国道２５７号,22131,0,0.8,浜松市中区元城町103-2,20726,浜松市中区元城町103-2,20990,41716,1.43,0.84,13.4,12.2,23,50
22301520320,一般国道１５２号,一般国道２５７号,曳馬中田島線,22131,0,0.6,浜松市中区神明町315-1,10749,浜松市中区神明町315-1,10487,21236,1.35,0.66,9.2,16.6,27,40
22301520330,一般国道１５２号,曳馬中田島線,一般国道１５０号,22131,0,1,浜松市中区神明町315-1,10749,浜松市中区神明町315-1,10487,21236,1.35,0.66,20.3,15.6,27,40
22301520335,一般国道１５２号,一般国道１５０号,小池三島線,22131,0,0.4,浜松市中区相生町168-6,10954,浜松市中区相生町168-6,10543,21497,1.35,0.61,17.7,11.6,27,40
22301520340,一般国道１５２号,小池三島線,浜松市中区・浜松市東区境,22131,0,0.4,浜松市中区相生町168-6,10954,浜松市中区相生町168-6,10543,21497,1.35,0.61,14.1,23.9,27,40
22301520350,一般国道１５２号,浜松市中区・浜松市東区境,中野子安線,22132,0,0.7,浜松市中区相生町168-6,10954,浜松市中区相生町168-6,10543,21497,1.35,0.71,21.9,21.8,20,50
22301520360,一般国道１５２号,中野子安線,植松和地線,22132,0,0.4,浜松市東区和田町563,23442,浜松市東区和田町563,20756,44198,1.42,1.46,10.9,27.3,20,50
22301520370,一般国道１５２号,植松和地線,天竜浜松線,22132,0,0.5,浜松市東区和田町563,23442,浜松市東区和田町563,20756,44198,1.42,1.46,21.7,10.8,20,50
22301520380,一般国道１５２号,天竜浜松線,熊小松天竜川停車場線,22132,0,1.1,浜松市東区和田町563,23442,浜松市東区和田町563,20756,44198,1.42,1.46,11.7,21.1,20,50
22301520390,一般国道１５２号,熊小松天竜川停車場線,一般国道１号（浜松ＢＰ）,22132,0,1,浜松市東区和田町563,23442,浜松市東区和田町563,20756,44198,1.42,1.46,15.9,20.6,20,50
22304740010,一般国道１５２号,,浜松市道,22137,0,2.9,浜松市天竜区水窪町奥領家,77,浜松市天竜区水窪町奥領家,63,140,1.15,0.03,17.9,29.8,11,50
22301520480,一般国道１５２号,,掛川天竜線,22137,0,0.1,浜松市天竜区二俣町阿蔵,176,浜松市天竜区二俣町阿蔵,237,413,1.29,0.05,8.1,7.8,17.3,40
22301520410,一般国道１５２号,掛川天竜線,,22137,0,0.1,浜松市天竜区二俣町阿蔵,6074,浜松市天竜区二俣町阿蔵,6021,12095,1.29,0.84,7.3,30.1,14.7,40
22301520420,一般国道１５２号,,,22211,0,0.1,天竜区二俣町阿蔵３０１?１７付近,6074,天竜区二俣町阿蔵３０１?１７付近,6021,12095,1.29,0.99,10.7,42.3,11.7,50
22301520430,一般国道１５２号,,二俣浜松線,22136,0,0.6,浜松市浜北区上島,6074,浜松市浜北区上島,5856,11930,1.23,1.23,19.8,49.5,22.6,50
22301520440,一般国道１５２号,二俣浜松線,,22136,0,1.7,浜松市浜北区中瀬7457,5447,浜松市浜北区中瀬7457,4838,10285,1.28,1.01,19,25.4,22.6,50
22301520445,一般国道１５２号,,新東名高速道路,22136,0,0.9,浜松市浜北区中瀬7457,5447,浜松市浜北区中瀬7457,4838,10285,1.28,0.42,31.2,61.6,28.5,50
22301520450,一般国道１５２号,新東名高速道路,天竜浜松線,22136,0,0.7,浜松市浜北区中瀬1685-1,6486,浜松市浜北区中瀬1685-1,7992,14478,1.29,0.51,44,21.4,28.5,50
22301520460,一般国道１５２号,天竜浜松線,一般国道１５２号,22136,0,1.1,浜松市浜北区中瀬1685-1,6486,浜松市浜北区中瀬1685-1,7992,14478,1.29,0.55,22.1,17,26.5,50
22302460010,一般国道２４６号,一般国道２４６号,沼津小山線,22344,0,0.5,駿東郡小山町小山,7969,駿東郡小山町小山,7840,15809,1.41,0.66,36.9,31.2,17.55,60
22302460015,一般国道２４６号,沼津小山線,山中湖小山線,22344,0,3.1,駿東郡小山町小山,7969,駿東郡小山町小山,7840,15809,1.41,0.66,52.6,59.3,17.55,60
22302460020,一般国道２４６号,山中湖小山線,須走小山線,22344,0,3.8,駿東郡小山町小山,7969,駿東郡小山町小山,7840,15809,1.41,0.66,52.6,59.3,17.55,60
22302460030,一般国道２４６号,須走小山線,小山町・御殿場市境,22344,0,1.4,御殿場市塚原,11934,御殿場市塚原,11782,23716,1.41,1.01,37.1,46.1,17.55,60
22302460040,一般国道２４６号,小山町・御殿場市境,足柄停車場富士公園線,22215,0,0.6,御殿場市塚原,11934,御殿場市塚原,11782,23716,1.41,1.09,49,34.9,25.2,60
22302460050,一般国道２４６号,足柄停車場富士公園線,一般国道１３８号,22215,0,2.8,御殿場市塚原,11934,御殿場市塚原,11782,23716,1.41,1.09,41.9,40.4,25.2,60
22302460060,一般国道２４６号,一般国道１３８号,御殿場箱根線,22215,0,0.5,御殿場市萩原,11095,御殿場市萩原,10844,21939,1.35,0.8,33.3,13.5,25.2,60
22302460070,一般国道２４６号,御殿場箱根線,御殿場停車場線,22215,0,0.4,御殿場市萩原,11095,御殿場市萩原,10844,21939,1.35,0.8,16.2,15.9,25.2,60
22302460080,一般国道２４６号,御殿場停車場線,滝ケ原富士岡線,22215,0,3.5,御殿場市萩原,11095,御殿場市萩原,10844,21939,1.35,0.82,30.1,31.1,26.45,60
22302460090,一般国道２４６号,滝ケ原富士岡線,滝ケ原富士岡線,22215,0,0.9,御殿場市神山,16572,御殿場市神山,17016,33588,1.37,0.99,32.7,36.2,26.45,60
22302460100,一般国道２４６号,滝ケ原富士岡線,滝ケ原富士岡線,22215,0,1.3,御殿場市神山,16572,御殿場市神山,17016,33588,1.37,0.99,33.4,33.3,26.45,60
22302460105,一般国道２４６号,滝ケ原富士岡線,御殿場市道３６９８号,22215,0,2,御殿場市神山,16572,御殿場市神山,17016,33588,1.37,0.99,43.6,40.8,26.45,60
22302460110,一般国道２４６号,御殿場市道３６９８号,御殿場市・裾野市境,22215,0,1.5,御殿場市神山,16572,御殿場市神山,17016,33588,1.37,0.99,26.3,49.8,26.45,60
22302460120,一般国道２４６号,御殿場市・裾野市境,裾野インタ－線,22220,0,1,御殿場市神山,16572,御殿場市神山,17016,33588,1.37,0.96,29.4,22.9,25,60
22302460130,一般国道２４６号,裾野インタ－線,仙石原新田線,22220,0,0.9,駿東郡長泉町南一色,24283,駿東郡長泉町南一色,21661,45944,1.4,1.06,21.1,23,25,60
22302460140,一般国道２４６号,仙石原新田線,沼津小山線,22220,0,0.5,駿東郡長泉町南一色,24283,駿東郡長泉町南一色,21661,45944,1.4,1.06,26.4,27.4,25,60
22302460150,一般国道２４６号,沼津小山線,富士裾野線,22220,0,2,駿東郡長泉町南一色,24283,駿東郡長泉町南一色,21661,45944,1.4,1.06,26.2,37.2,25,60
22302460160,一般国道２４６号,富士裾野線,裾野市・長泉町境,22220,0,3.7,駿東郡長泉町南一色,24283,駿東郡長泉町南一色,21661,45944,1.4,1.06,50.9,20.7,25,60
22302460170,一般国道２４６号,裾野市・長泉町境,一般国道１号（伊豆縦貫道）,22342,0,1,駿東郡長泉町南一色,24283,駿東郡長泉町南一色,21661,45944,1.4,1.2,24.3,13.2,26.35,60
22302460175,一般国道２４６号,一般国道１号（伊豆縦貫道）,大岡元長窪線,22342,0,1.5,駿東郡長泉町下長窪,18089,駿東郡長泉町下長窪,17263,35352,1.4,1.04,14.9,27.2,26.35,60
22302460180,一般国道２４６号,大岡元長窪線,長泉町・沼津市境,22342,0,0.2,駿東郡長泉町下長窪,18089,駿東郡長泉町下長窪,17263,35352,1.4,1.04,24.6,31.5,26.35,60
22302460190,一般国道２４６号,長泉町・沼津市境,沼津インタ－線,22203,0,1.2,駿東郡長泉町下長窪,18089,駿東郡長泉町下長窪,17263,35352,1.4,1.86,39.1,31,25.1,60
22302460200,一般国道２４６号,沼津インタ－線,三島富士線,22203,0,0.7,沼津市大岡,16181,沼津市大岡,17304,33485,1.31,1,20.7,31.6,26,60
22302460210,一般国道２４６号,三島富士線,一般国道１号,22203,0,0.7,沼津市大岡,16181,沼津市大岡,17304,33485,1.31,1,25.3,26.6,26,60
22302570010,一般国道２５７号,一般国道１号,舞阪竜洋線,22133,0,0.9,浜松市南区若林町957-4,7611,浜松市南区若林町957-4,6338,13949,1.3,0.95,28.7,33.4,17.3,50
22302570020,一般国道２５７号,舞阪竜洋線,浜松市西区・浜松市南区境,22133,0,0.4,浜松市南区若林町957-4,7611,浜松市南区若林町957-4,6338,13949,1.3,0.95,31.2,26.4,17.3,50
22302570030,一般国道２５７号,浜松市西区・浜松市南区境,上島柏原線,22134,0,0.3,浜松市南区若林町957-4,7611,浜松市南区若林町957-4,6338,13949,1.3,1.06,23.2,12.9,15,50
22302570040,一般国道２５７号,上島柏原線,高塚停車場線,22134,0,0.1,浜松市南区若林町957-4,7611,浜松市南区若林町957-4,6338,13949,1.3,1.06,10.2,19.3,15,50
22302570045,一般国道２５７号,高塚停車場線,鴨江倉松線,22134,0,1.8,浜松市南区若林町957-4,7611,浜松市南区若林町957-4,6338,13949,1.3,1.06,24.4,21.9,15,50
22302570050,一般国道２５７号,鴨江倉松線,米津東若林線,22134,0,1.2,浜松市南区若林町957-4,7611,浜松市南区若林町957-4,6338,13949,1.3,1.06,20.9,26.3,15,50
22302570060,一般国道２５７号,米津東若林線,浜松市南区・浜松市中区境,22134,0,0.7,浜松市中区菅原町79-6,9573,浜松市中区菅原町79-6,11249,20822,1.35,0.56,22.2,17.6,15.5,50
22302570070,一般国道２５７号,浜松市南区・浜松市中区境,浜松雄踏線,22131,0,1.2,浜松市中区菅原町79-6,9573,浜松市中区菅原町79-6,11249,20822,1.35,0.64,21.4,18.7,29.05,50
22302570080,一般国道２５７号,浜松雄踏線,一般国道１５２号,22131,0,1,浜松市中区菅原町79-6,9573,浜松市中区菅原町79-6,11249,20822,1.35,0.64,18.1,11.1,29.05,50
22302570090,一般国道２５７号,一般国道１５２号,舘山寺鹿谷線,22131,0,1.7,浜松市中区高町204-5,7786,浜松市中区高町204-5,7570,15356,1.31,1.2,11.1,14.1,10.8,40
22302570100,一般国道２５７号,舘山寺鹿谷線,宇布見浜松線,22131,0,0.4,浜松市中区高町204-5,7786,浜松市中区高町204-5,7570,15356,1.31,1.2,7.2,16.5,10.8,40
22302570110,一般国道２５７号,宇布見浜松線,和地山曳馬停車場線,22131,0,1.5,浜松市中区高町204-5,7786,浜松市中区高町204-5,7570,15356,1.31,1.2,10.8,9.9,10.8,40
22302570115,一般国道２５７号,和地山曳馬停車場線,萩湖東線,22131,0,1.9,浜松市中区住吉3丁目32-7,7924,浜松市中区住吉3丁目32-7,7157,15081,1.31,0.99,16.2,13.5,17.45,40
22302570120,一般国道２５７号,萩湖東線,磐田細江線,22131,0,1.2,浜松市中区住吉3丁目32-7,7924,浜松市中区住吉3丁目32-7,7157,15081,1.31,0.99,9.3,21.3,17.45,40
22302570130,一般国道２５７号,磐田細江線,村櫛三方原線,22135,0,1.9,浜松市北区三方原町963-1,7476,浜松市北区三方原町963-1,7310,14786,1.27,1.34,18,16.8,15.3,40
22302570140,一般国道２５７号,村櫛三方原線,一般国道２５７号,22135,0,0.3,浜松市北区三方原町963-1,7476,浜松市北区三方原町963-1,7310,14786,1.27,1.34,20.1,8.8,15.3,40
22302570150,一般国道２５７号,一般国道２５７号,金指停車場和地線,22135,0,2.5,浜松市北区根洗町1109,7996,浜松市北区根洗町1109,7467,15463,1.31,0.93,14.5,14.6,9,40
22302570160,一般国道２５７号,金指停車場和地線,一般国道３６２号,22135,0,2.5,浜松市北区根洗町1109,7996,浜松市北区根洗町1109,7467,15463,1.31,0.93,26,32.1,9,40
22302570170,一般国道２５７号,一般国道３６２号,金指停車場和地線,22135,0,0.3,浜松市北区引佐町金指1141-1,8192,浜松市北区引佐町金指1141-1,7939,16131,1.29,1.15,25,14.2,9,40
22302570180,一般国道２５７号,金指停車場和地線,一般国道３６２号,22135,0,0.5,浜松市北区引佐町金指1141-1,8192,浜松市北区引佐町金指1141-1,7939,16131,1.29,1.15,15.1,16.9,9,40
22302570190,一般国道２５７号,一般国道３６２号,新城引佐線,22135,0,1.8,浜松市北区引佐町金指1141-1,8192,浜松市北区引佐町金指1141-1,7939,16131,1.29,1.15,26.5,26.7,9,40
22302570200,一般国道２５７号,新城引佐線,浜北三ケ日線,22135,0,4.2,浜松市北区引佐町黒田,2457,浜松市北区引佐町黒田,2104,4561,1.2,0.39,42.6,43.7,9,40
22302570210,一般国道２５７号,浜北三ケ日線,新東名高速道路（連絡道）,22135,0,1.5,浜松市北区引佐町黒田,2457,浜松市北区引佐町黒田,2104,4561,1.2,0.39,51.2,43.3,9,40
22302570220,一般国道２５７号,新東名高速道路（連絡道）,引佐六郎沢線,22135,0,1.2,浜松市北区引佐町黒田,2457,浜松市北区引佐町黒田,2104,4561,1.2,0.39,46.2,45.1,9,40
22302570230,一般国道２５７号,引佐六郎沢線,長沢田沢線,22135,0,2,浜松市北区引佐町黒田,2457,浜松市北区引佐町黒田,2104,4561,1.2,0.39,55.3,56.5,9,40
22302570240,一般国道２５７号,長沢田沢線,一般国道２５７号,22135,0,0.5,浜松市北区引佐町黒田,2457,浜松市北区引佐町黒田,2104,4561,1.2,0.39,48.8,54.7,9,40
22302570255,一般国道２５７号,中野町三方原線,萩湖東線,22131,0,0.3,浜松市中区小豆餅2丁目1400-1,24374,浜松市中区小豆餅2丁目1400-1,19057,43431,1.42,1.55,19.1,12.1,25,50
22302570260,一般国道２５７号,萩湖東線,磐田細江線,22131,0,0.6,浜松市中区小豆餅2丁目1400-1,24374,浜松市中区小豆餅2丁目1400-1,19057,43431,1.42,1.55,14.5,10,25,50
22302570270,一般国道２５７号,磐田細江線,浜松環状線,22135,0,2.5,浜松市中区小豆餅2丁目1400-1,24374,浜松市中区小豆餅2丁目1400-1,19057,43431,1.42,1.12,15.9,16,25.3,50
22302570280,一般国道２５７号,浜松環状線,一般国道２５７号,22135,0,1.8,浜松市北区三方原町735-1,14614,浜松市北区三方原町735-1,14570,29184,1.38,0.79,14.4,20.4,25,60
22300011700,一般国道３０１号,一般国道１号,浜松環状線,22133,0,1.4,浜松市西区篠原町23309-1,9093,浜松市西区篠原町23309-1,8420,17513,1.29,1.22,33.6,25.6,15.5,50
22300011710,一般国道３０１号,浜松環状線,細江舞阪線,22133,0,1.6,浜松市西区舞阪町337-1,7258,浜松市西区舞阪町337-1,6848,14106,1.26,1.07,38,39.4,15.45,50
22300011720,一般国道３０１号,細江舞阪線,細江舞阪線,22133,0,1.1,浜松市西区舞阪町337-1,7258,浜松市西区舞阪町337-1,6848,14106,1.26,1.3,29.8,29.2,15.75,50
22300011730,一般国道３０１号,細江舞阪線,舘山寺弁天島線,22133,0,2.1,浜松市西区舞阪町337-1,7258,浜松市西区舞阪町337-1,6848,14106,1.26,1.31,30,33.8,12.35,50
22300011740,一般国道３０１号,舘山寺弁天島線,新居浜名線,22221,0,3,湖西市新居町新居字向島3380-8,5853,湖西市新居町新居字向島3380-8,6034,11887,1.28,1.09,31.2,28.7,18.65,50
22303010010,一般国道３０１号,新居浜名線,豊橋湖西線,22221,0,3.3,湖西市新居町中之郷字中庄司1400-1,6722,湖西市新居町中之郷字中庄司1440-1,6867,13589,1.33,1.59,19.7,20.2,12,40
22303010020,一般国道３０１号,豊橋湖西線,湖西東細谷線,22221,0,0.5,湖西市鷲津字後庵410-7,5887,湖西市鷲津字後庵410-7,5190,11077,1.23,1.24,15.3,17,18,40
22303010030,一般国道３０１号,湖西東細谷線,一般国道３０１号,22221,0,1.5,湖西市鷲津字後庵410-7,5887,湖西市鷲津字後庵410-7,5190,11077,1.23,1.24,26.7,18.9,18,40
22303010040,一般国道３０１号,一般国道３０１号,新所原停車場日の岡線,22221,0,1.1,湖西市新所字前向4424-11,9399,湖西市新所字前向4424-1,10364,19763,1.35,1.53,26.7,19.7,12,40
22303010050,一般国道３０１号,新所原停車場日の岡線,入出太田線,22221,0,1.4,湖西市新所字大坪3941-1,6641,湖西市新所字大坪3941-1,6729,13370,1.29,1.16,32.4,17.1,11,40
22303010060,一般国道３０１号,入出太田線,豊橋大知波線,22221,0,1.9,湖西市新所字大坪3941-1,6641,湖西市新所字大坪3941-1,6729,13370,1.29,1.16,19.1,33.8,11,40
22303010070,一般国道３０１号,豊橋大知波線,瀬戸佐久米線,22221,0,3.8,湖西市新所字大坪3941-1,6641,湖西市新所字大坪3941-1,6729,13370,1.29,1.13,25.5,29,10.5,40
22303010080,一般国道３０１号,瀬戸佐久米線,,22221,0,0.1,,4083,,4162,8245,1.26,0.82,9.5,35.8,9.75,40
22303010090,一般国道３０１号,,一般国道３６２号,22135,0,4.3,浜松市北区三ヶ日町鵺代749-1,3746,浜松市北区三ヶ日町鵺代749-1,3825,7571,1.26,0.57,38.6,41.1,9,40
22303010100,一般国道３０１号,一般国道３６２号,一般国道３６２号,22135,0,0.3,浜松市北区三ヶ日町鵺代749-1,3746,浜松市北区三ヶ日町鵺代749-1,3825,7571,1.26,0.57,14.8,18.2,9,40
22303010110,一般国道３０１号,一般国道３６２号,浜北三ケ日線,22135,0,1.2,浜松市北区三ヶ日町平山,1176,浜松市北区三ヶ日町平山,1123,2299,1.23,0.55,20.8,22.7,8,40
22303010120,一般国道３０１号,浜北三ケ日線,一般国道３０１号,22135,0,4.7,浜松市北区三ヶ日町平山,1176,浜松市北区三ヶ日町平山,1123,2299,1.23,0.55,43.8,44.6,8,40
22303010140,一般国道３０１号,豊橋湖西線,一般国道３０１号,22221,0,1.1,湖西市古見字高田988-1,6314,湖西市古見字高田988-1,6532,12846,1.28,0.94,17.2,25.5,16,50
22303620010,一般国道３６２号,一般国道３６２号,一般国道３０１号,22135,0,6.4,浜松市北区三ヶ日町釣407-370,3723,浜松市北区三ヶ日町釣407-370,3598,7321,1.27,0.65,50.7,49.8,12,50
22303620030,一般国道３６２号,一般国道３０１号,三ヶ日インター線,22135,0,3.5,浜松市北区三ヶ日町三ヶ日500-1,7222,浜松市北区三ヶ日町三ヶ日500-1,7101,14323,1.28,1.1,30.1,29.5,15,40
22303620040,一般国道３６２号,三ヶ日インター線,瀬戸佐久米線,22135,0,1.4,浜松市北区三ヶ日町都筑1089-4,7574,浜松市北区三ヶ日町都筑1089-4,7467,15041,1.25,1.06,23.7,39,10.3,40
22303620050,一般国道３６２号,瀬戸佐久米線,気賀停車場線,22135,0,7,浜松市北区三ヶ日町都筑1089-4,7574,浜松市北区三ヶ日町都筑1089-4,7467,15041,1.25,1.06,36.7,34.2,10.3,40
22303620060,一般国道３６２号,気賀停車場線,細江舞阪線,22135,0,0.4,浜松市北区三ヶ日町都筑1089-4,7574,浜松市北区三ヶ日町都筑1089-4,7467,15041,1.25,1.06,21.2,13.4,10.3,40
22303620070,一般国道３６２号,細江舞阪線,引佐舘山寺線,22135,0,0.5,浜松市北区細江町気賀8-3,6563,浜松市北区細江町気賀8-3,6258,12821,1.26,1,13.2,17.7,14.1,40
22303620080,一般国道３６２号,引佐舘山寺線,一般国道２５７号,22135,0,1.9,浜松市北区細江町気賀8-3,6563,浜松市北区細江町気賀8-3,6258,12821,1.26,1,36,25.7,14.1,40
22303620100,一般国道３６２号,一般国道２５７号,渋川都田停車場線,22135,0,3.8,浜松市北区細江町三和261-1,3971,浜松市北区細江町三和261-1,4607,8578,1.26,0.99,33.1,40.3,8.5,50
22303620110,一般国道３６２号,渋川都田停車場線,渋川都田停車場線,22135,0,0.4,浜松市北区都田町5563-16,4280,浜松市北区都田町5563-16,4323,8603,1.25,0.97,30.5,20.7,10.5,40
22303620115,一般国道３６２号,渋川都田停車場線,一般国道３６２号,22135,0,0.3,浜松市北区都田町5563-16,4280,浜松市北区都田町5563-16,4323,8603,1.25,0.97,14,37.6,10.5,40
22303620580,一般国道３６２号,一般国道３６２号,一般国道３６２号,22136,0,0.5,浜松市北区都田町5563-16,4280,浜松市北区都田町5563-16,4323,8603,1.25,0.81,33.9,31.5,12.4,40
22303620130,一般国道３６２号,一般国道３６２号,一般国道３６２号,22135,0,1.4,浜松市北区都田町5563-16,4280,浜松市北区都田町5563-16,4323,8603,1.25,0.8,48.1,36.1,14,40
22303620560,一般国道３６２号,一般国道３６２号,,22135,0,1.5,浜松市北区都田町7800-2,3815,浜松市北区都田町7800-2,3490,7305,1.26,0.83,41,34.4,27.5,40
22303620640,一般国道３６２号,,浜松市北区・浜松市浜北区境,22135,0,0.3,浜松市北区都田町7800-2,3815,浜松市北区都田町7800-2,3490,7305,1.26,0.83,22.8,17.8,27.5,40
22303620650,一般国道３６２号,浜松市北区・浜松市浜北区境,浜北三ケ日線,22136,0,0.5,浜松市北区都田町7800-2,3815,浜松市北区都田町7800-2,3490,7305,1.26,0.83,47.9,44.5,27.5,40
22303620490,一般国道３６２号,浜北三ケ日線,熊小松天竜川停車場線,22136,0,0.1,浜北区宮口,5835,浜北区宮口,5712,11547,1.35,1.19,17.4,22,27.5,40
22303620495,一般国道３６２号,熊小松天竜川停車場線,一般国道３６２号,22136,0,1,浜北区宮口,5835,浜北区宮口,5712,11547,1.35,1.19,34,40.4,27.5,40
22303620500,一般国道３６２号,一般国道３６２号,,22136,0,0.4,浜北区宮口,5835,浜北区宮口,5712,11547,1.35,1.19,22.8,26.7,27.5,40
22303620180,一般国道３６２号,,岩水寺停車場線,22136,0,1.4,浜北区宮口,5835,浜北区宮口,5712,11547,1.35,1.29,32.4,31.9,9,40
22303620190,一般国道３６２号,岩水寺停車場線,一般国道１５２号,22136,0,0.4,浜北区宮口,5835,浜北区宮口,5712,11547,1.35,1.29,21.1,12.8,9,40
22303620210,一般国道３６２号,一般国道１５２号,藤枝天竜線,22137,0,5.8,浜松市天竜区山東49-2,2265,浜松市天竜区山東49-2,2226,4491,1.2,0.45,28.1,40.1,11.15,40
22303620220,一般国道３６２号,藤枝天竜線,横川磐田線,22137,0,2,浜松市天竜区山東49-2,2265,浜松市天竜区山東49-2,2226,4491,1.2,0.45,52,53,11.15,40
22303620230,一般国道３６２号,横川磐田線,鮎釣東雲名春野線,22137,0,6,浜松市天竜区山東49-2,2265,浜松市天竜区山東49-2,2226,4491,1.2,0.45,55.2,52.6,11.15,40
22303620240,一般国道３６２号,鮎釣東雲名春野線,袋井春野線,22137,0,1.8,浜松市天竜区春野町領家,1767,浜松市天竜区春野町領家,1597,3364,1.24,0.34,46.1,44.5,12.2,50
22303620250,一般国道３６２号,袋井春野線,春野下泉停車場線,22137,0,2.5,浜松市天竜区春野町豊岡2460-8,411,浜松市天竜区春野町豊岡2460-8,273,684,1.17,0.09,51.3,49.6,10.5,50
22303620260,一般国道３６２号,春野下泉停車場線,水窪森線,22137,0,6.7,浜松市天竜区春野町豊岡2460-8,411,浜松市天竜区春野町豊岡2460-8,273,684,1.17,0.09,49.4,49.3,10.5,50
22303620270,一般国道３６２号,水窪森線,水窪森線,22137,0,4.6,浜松市天竜区春野町杉,179,浜松市天竜区春野町杉,164,343,1.16,0.04,47.4,40.3,9.55,40
22303620280,一般国道３６２号,水窪森線,,22137,0,13.9,浜松市天竜区春野町杉,179,浜松市天竜区春野町杉,164,343,1.16,0.04,35.5,36.5,9.55,40
22303620290,一般国道３６２号,,春野下泉停車場線,22429,0,2.9,榛原郡川根本町下長尾1984-4,133,榛原郡川根本町下長尾1984-4,132,265,1.21,0.04,38.2,38.2,7,40
22303620300,一般国道３６２号,春野下泉停車場線,一般国道４７３号,22429,0,7,榛原郡川根本町下長尾1984-4,133,榛原郡川根本町下長尾1984-4,132,265,1.21,0.03,31.2,28.6,8,40
22303620310,一般国道３６２号,一般国道４７３号,春野下泉停車場線,22429,0,1.7,榛原郡川根本町上長尾283-2,3461,榛原郡川根本町上長尾283-2,3323,6784,1.26,0.79,32.7,31.4,7,40
22303620315,一般国道３６２号,春野下泉停車場線,,22429,0,8.9,榛原郡川根本町上長尾283-2,3461,榛原郡川根本町上長尾283-2,3323,6784,1.26,0.6,44.6,44.2,14,40
22303620535,一般国道３６２号,,川根本町道,22429,0,0.3,榛原郡川根本町上長尾283-2,3461,榛原郡川根本町上長尾283-2,3323,6784,1.26,0.71,53.1,52.6,10.25,40
22303620620,一般国道３６２号,川根本町道,川根本町道,22429,0,0.9,榛原郡川根本町上長尾283-2,3461,榛原郡川根本町上長尾283-2,3323,6784,1.26,0.61,59.3,59.5,10.25,40
22400770140,一般国道３６２号,川根本町道,川根本町道,22429,0,0.4,榛原郡川根本町上長尾283-2,3461,榛原郡川根本町上長尾283-2,3323,6784,1.26,0.62,59.7,55.3,11.5,30
22303620330,一般国道３６２号,川根本町道,川根寸又峡線,22429,0,1.1,榛原郡川根本町上長尾283-2,3461,榛原郡川根本町上長尾283-2,3323,6784,1.26,0.6,53.3,53.5,11.5,40
22303620340,一般国道３６２号,川根寸又峡線,川根寸又峡線,22429,0,1.6,榛原郡川根本町上長尾283-2,3461,榛原郡川根本町上長尾283-2,3323,6784,1.26,0.63,44.3,37.4,14,40
22303620350,一般国道３６２号,川根寸又峡線,,22429,0,11.7,,260,,260,520,1.16,0.06,37.5,35.7,8,40
22303620360,一般国道３６２号,,藤枝黒俣線,22101,0,6.7,静岡市葵区黒俣,368,静岡市葵区黒俣,349,717,1.16,0.37,34.2,37.4,4.5,30
22303620370,一般国道３６２号,藤枝黒俣線,相俣岡部線,22101,0,1.8,静岡市葵区黒俣,439,静岡市葵区黒俣,422,861,1.18,0.14,39.1,41.2,7,30
22303620380,一般国道３６２号,相俣岡部線,南アルプス公園線,22101,0,1.5,静岡市葵区黒俣,439,静岡市葵区黒俣,422,861,1.18,0.14,41.8,40.4,7,30
22303620390,一般国道３６２号,南アルプス公園線,奈良間手越線,22101,0,2.9,静岡市葵区富沢844-6,2455,静岡市葵区富沢844-6,2473,4928,1.25,0.49,48.1,48.7,11,50
22303620394,一般国道３６２号,奈良間手越線,,22101,0,0.5,静岡市葵区大原1097-1,2205,静岡市葵区大原1097-1,2200,4405,1.25,0.49,48.1,51.4,11,50
22303620520,一般国道３６２号,,,22101,0,1.7,静岡市葵区大原1097-1,2205,静岡市葵区大原1097-1,2200,4405,1.25,0.52,44.3,46.5,15.3,50
22303620400,一般国道３６２号,,静岡市道,22101,0,5.3,静岡市葵区大原1097-1,2205,静岡市葵区大原1097-1,2200,4405,1.25,0.52,43.3,44.4,14.2,50
22303620410,一般国道３６２号,静岡市道,静岡朝比奈藤枝線,22101,0,1.4,静岡市葵区大原1097-1,2205,静岡市葵区大原1097-1,2200,4405,1.25,0.52,25.3,14.6,14.2,50
22303620420,一般国道３６２号,静岡朝比奈藤枝線,一般国道１号（静清ＢＰ）,22101,0,0.5,静岡市葵区山崎二丁目,8455,静岡市葵区山崎二丁目,9393,17848,1.27,1.3,10.4,11.4,12.3,40
22303620600,一般国道３６２号,一般国道１号（静清ＢＰ）,一般国道３６２号,22101,0,0.7,静岡市葵区山崎二丁目,8455,静岡市葵区山崎二丁目,9393,17848,1.27,0.52,17.6,28.1,27,40
22303620440,一般国道３６２号,一般国道３６２号,静岡環状線,22101,0,1,静岡市葵区山崎二丁目,8455,静岡市葵区山崎二丁目,9393,17848,1.27,0.52,31.5,19.6,27,40
22303620450,一般国道３６２号,静岡環状線,静岡環状線,22101,0,0.2,静岡市葵区山崎二丁目,8455,静岡市葵区山崎二丁目,9393,17848,1.27,0.5,17.8,15.8,22,40
22303620460,一般国道３６２号,静岡環状線,藤枝静岡線,22101,0,0.9,静岡市葵区安西四丁目,6403,静岡市葵区安西四丁目,7166,13569,1.33,0.75,14.8,24.9,21.8,50
22303620470,一般国道３６２号,藤枝静岡線,一般国道１号,22101,0,0.8,静岡市葵区安西四丁目,6403,静岡市葵区安西四丁目,7166,13569,1.33,0.56,14.5,10.3,21.7,50
22303620120,一般国道３６２号,一般国道３６２号,横尾根洗線,22135,0,0.3,,,,,,,,32.7,28.1,8.2,30
22303620125,一般国道３６２号,横尾根洗線,一般国道３６２号,22135,0,0.4,,,,,,,,32.7,28.1,8.2,30
22303620140,一般国道３６２号,一般国道３６２号,浜松市北区・浜松市浜北区境,22135,0,1,浜松市浜北区宮口107-18,2585,浜松市浜北区宮口107-18,2424,5009,1.19,0.64,24.9,34.3,14,40
22303620150,一般国道３６２号,浜松市北区・浜松市浜北区境,浜北三ケ日線,22136,0,2.1,浜松市浜北区宮口107-18,2585,浜松市浜北区宮口107-18,2424,5009,1.19,0.59,38.5,36,10.6,40
22303620160,一般国道３６２号,浜北三ケ日線,浜北三ケ日線,22136,0,0.2,浜松市浜北区宮口107-18,2585,浜松市浜北区宮口107-18,2424,5009,1.19,0.59,24.5,27.6,10.6,40
22303620170,一般国道３６２号,浜北三ケ日線,一般国道３６２号,22136,0,0.7,浜松市浜北区宮口107-18,2585,浜松市浜北区宮口107-18,2424,5009,1.19,0.59,35.6,28.4,10.6,40
22303620430,一般国道３６２号,一般国道１号（静清ＢＰ）,一般国道３６２号,22101,0,0.8,静岡市葵区山崎1丁目25-21,296,静岡市葵区山崎1丁目25-21,612,908,1.32,0.37,12.5,16.2,9.6,30
22304140010,一般国道４１４号,一般国道１３６号,一般国道４１４号,22219,0,2.1,下田市東中6-8,5162,下田市東中6-8,4799,9961,1.14,1.11,21,26.7,16,40
22304140020,一般国道４１４号,一般国道４１４号,河津下田線,22219,0,3.6,下田市河内字湯ヶ田15-3,4330,下田市河内字湯ヶ田15-3,4422,8752,1.26,0.55,40.6,41.4,11.6,50
22304140030,一般国道４１４号,河津下田線,下田松崎線,22219,0,1.2,下田市箕作字三森753-1,4170,下田市箕作字三森753-1,4383,8553,1.27,0.65,43.4,44.8,11.6,50
22304140040,一般国道４１４号,下田松崎線,下田市・河津町境,22219,0,4.5,下田市箕作388,2407,下田市箕作388,2611,5018,1.25,0.64,45.7,49.1,11.5,50
22304140050,一般国道４１４号,下田市・河津町境,下佐ケ野谷津線,22302,0,6.9,賀茂郡河津町川津筏場字下天川130-2,365,賀茂郡河津町川津筏場字下天川130-2,461,826,1.25,0.13,41.3,40.2,10.8,40
22304140060,一般国道４１４号,下佐ケ野谷津線,湯ケ野松崎線,22302,0,1,賀茂郡河津町梨本字中川合野85-2-2,3079,賀茂郡河津町梨本字中川合野85-2-2,2793,5872,1.26,0.78,37,41.5,12.5,40
22304140070,一般国道４１４号,湯ケ野松崎線,一般国道４１４号,22302,0,6.7,賀茂郡河津町梨本字中川合野85-2-2,3079,賀茂郡河津町梨本字中川合野85-2-2,2793,5872,1.26,1.13,41.8,43.3,7.5,40
22304140080,一般国道４１４号,一般国道４１４号,河津町・伊豆市境,22302,0,2.8,賀茂郡河津町梨本（二階滝駐車場）,2383,賀茂郡河津町梨本（二階滝駐車場）,2131,4514,1.25,0.56,44.9,45.1,8.4,40
22304140090,一般国道４１４号,河津町・伊豆市境,一般国道４１４号,22222,0,0.3,賀茂郡河津町梨本（二階滝駐車場）,2383,賀茂郡河津町梨本（二階滝駐車場）,2131,4514,1.25,0.56,48.6,55.5,8.3,40
22304140100,一般国道４１４号,一般国道４１４号,伊東西伊豆線,22222,0,8.3,伊豆市湯ヶ島字日陰山2887-7,2523,伊豆市湯ヶ島字日陰山2887-7,3050,5573,1.26,0.76,45.4,46.7,8.5,40
22304140110,一般国道４１４号,伊東西伊豆線,伊東西伊豆線,22222,0,0.4,伊豆市月ヶ瀬字宿屋敷533-2,3539,伊豆市月ヶ瀬字宿屋敷533-2,3579,7118,1.17,0.63,42.5,40.3,9,40
22304140120,一般国道４１４号,伊東西伊豆線,修善寺天城湯ケ島線,22222,0,1.3,伊豆市月ヶ瀬字宿屋敷533-2,3539,伊豆市月ヶ瀬字宿屋敷533-2,3579,7118,1.17,0.55,38.9,38.4,9.5,40
22304140130,一般国道４１４号,修善寺天城湯ケ島線,吉奈門野原線,22222,0,0.9,伊豆市月ヶ瀬字宿屋敷533-2,3539,伊豆市月ヶ瀬字宿屋敷533-2,3579,7118,1.17,0.53,42.1,41,10.9,40
22304140135,一般国道４１４号,吉奈門野原線,一般国道１３６号,22222,0,1.9,伊豆市月ヶ瀬字宿屋敷533-2,3539,伊豆市月ヶ瀬字宿屋敷533-2,3579,7118,1.17,0.63,36,32.7,9,40
22304140160,一般国道４１４号,一般国道１３６号,一般国道１３６号,22225,0,0.2,伊豆の国市長岡字越巻612-1,4560,伊豆の国市長岡字越巻612-1,4479,9039,1.26,1.78,24,15.4,9.7,50
22304140170,一般国道４１４号,一般国道１３６号,韮山伊豆長岡修善寺線,22225,0,1.3,伊豆の国市長岡字越巻612-1,4560,伊豆の国市長岡字越巻612-1,4479,9039,1.26,1.78,36,30.6,9.7,50
22304140180,一般国道４１４号,韮山伊豆長岡修善寺線,伊豆長岡三津線,22225,0,1.2,伊豆の国市長岡字越巻612-1,4560,伊豆の国市長岡字越巻612-1,4479,9039,1.26,1.78,33.5,32.6,9.7,50
22304140190,一般国道４１４号,伊豆長岡三津線,一般国道１３６号,22225,0,1.9,伊豆の国市長岡字越巻612-1,4560,伊豆の国市長岡字越巻612-1,4479,9039,1.26,1.78,29.3,29.1,9.7,50
22304140200,一般国道４１４号,一般国道１３６号,静浦港韮山停車場線,22225,0,0.9,伊豆の国市南江間字鉾田1643-4,6526,伊豆の国市南江間字鉾田1643-4,7194,13720,1.26,1.82,37.5,37.7,9.7,50
22304140210,一般国道４１４号,静浦港韮山停車場線,伊豆の国市・沼津市境,22225,0,0.5,伊豆の国市北江間字小坂1448,7889,伊豆の国市北江間字小坂1448,7957,15846,1.29,1.1,30.7,27.4,8.15,50
22304140220,一般国道４１４号,伊豆の国市・沼津市境,沼津土肥線,22203,0,0.1,伊豆の国市北江間字小坂1448,7889,伊豆の国市北江間字小坂1448,7957,15846,1.29,1.36,29.5,15.4,7.8,50
22304140230,一般国道４１４号,沼津土肥線,三島静浦港線,22203,0,0.6,沼津市下香貫島郷2973-1,8839,沼津市下香貫島郷2973-1,7071,15910,1.29,1.48,25.8,30.1,8.5,40
22304140240,一般国道４１４号,三島静浦港線,下土狩徳倉沼津港線,22203,0,5.6,沼津市馬込31-1,7121,沼津市馬込31-1,6829,13950,1.29,1.37,27.1,25.7,8.5,40
22304140250,一般国道４１４号,下土狩徳倉沼津港線,下土狩徳倉沼津港線,22203,0,0.5,沼津市上香貫1393,9223,沼津市上香貫1393,10361,19584,1.35,1,15.4,16.7,17,50
22304140260,一般国道４１４号,下土狩徳倉沼津港線,原木沼津線,22203,0,1.6,沼津市上香貫1393,9223,沼津市上香貫1393,10361,19584,1.35,1,18.8,18.2,17,50
22304140270,一般国道４１４号,原木沼津線,富士清水線,22203,0,0.4,沼津市御幸町2-12,10768,沼津市御幸町2-12,9284,20052,1.27,0.97,15.4,10.3,17,50
22304140280,一般国道４１４号,富士清水線,沼津市道,22203,0,1.1,沼津市御幸町2-12,10768,沼津市御幸町2-12,9284,20052,1.27,0.81,9,16,24.8,40
22304140290,一般国道４１４号,沼津市道,大岡元長窪線,22203,0,2,沼津市大岡2240-16,7760,沼津市大岡2240-16,7549,15309,1.32,1.18,17.6,13.8,10.6,40
22304140300,一般国道４１４号,大岡元長窪線,一般国道１号,22203,0,0.2,沼津市大岡2240-16,7760,沼津市大岡2240-16,7549,15309,1.32,0.93,5.2,33.5,11.65,40
22304140320,一般国道４１４号,一般国道４１４号,蓮台寺本郷線,22219,0,0.5,沼津市大岡2240-16,7760,沼津市大岡2240-16,7549,15309,1.32,8.79,18.9,23.4,6.25,30
22304140340,一般国道４１４号,一般国道４１４号,河津町・伊豆市境,22302,0,4.5,賀茂郡河津町梨本,47,賀茂郡河津町梨本,34,81,1.25,0.08,19.8,19.8,5,60
22304140350,一般国道４１４号,河津町・伊豆市境,一般国道４１４号,22222,0,1.9,賀茂郡河津町梨本,47,賀茂郡河津町梨本,34,81,1.25,0.08,19.8,19.8,5,60
22304140370,一般国道４１４号（伊豆縦貫道）,一般国道１３６号,一般国道１３６号,22222,1,5.1,伊豆市湯ヶ島,4659,伊豆市湯ヶ島,4630,9289,1.23,0.8,67.4,68.8,8.2,60
22304690010,一般国道４６９号,須走御殿場線,御殿場富士公園線,22215,0,1.5,御殿場市茱萸沢字上込野内691-1,1915,御殿場市茱萸沢字上込野内691-1,2083,3998,1.25,0.6,15.8,19.8,9.5,40
22304690020,一般国道４６９号,御殿場富士公園線,滝ケ原富士岡線,22215,0,3,御殿場市川島田字大沢1308-1,7176,御殿場市川島田字大沢1308-1,6886,14062,1.32,0.53,23.1,24.8,9.9,40
22304690030,一般国道４６９号,滝ケ原富士岡線,御殿場市・裾野市境,22215,0,2.2,裾野市須山2955,1657,裾野市須山2955,1500,3157,1.27,0.37,32.8,37.8,7.5,50
22304690040,一般国道４６９号,御殿場市・裾野市境,富士裾野線,22220,0,4.4,裾野市須山2955,1657,裾野市須山2955,1500,3157,1.27,0.37,45.7,44.9,7.1,50
22304690050,一般国道４６９号,富士裾野線,五本地御殿場線,22220,0,3.5,裾野市須山,1304,裾野市須山,1259,2563,1.26,0.39,43.4,40.4,7.5,40
22304690060,一般国道４６９号,五本地御殿場線,裾野市・富士市境,22220,0,3.6,裾野市須山2311-1,3773,裾野市須山2311-1,3817,7590,1.26,0.97,48.8,48.3,8,40
22304690070,一般国道４６９号,裾野市・富士市境,富士裾野線,22210,0,3.2,富士市桑崎１０２６?２３,4180,富士市桑崎１０２６?２３,3947,8127,1.26,1.43,49.2,50.2,8.25,50
22304690080,一般国道４６９号,富士裾野線,富士白糸滝公園線,22210,0,5.5,富士市大淵７８１５?２,2397,富士市大淵７８１５?２,2559,4956,1.24,0.73,55.4,58.5,9,50
22304690090,一般国道４６９号,富士白糸滝公園線,富士市・富士宮市境,22210,0,2.4,富士市大淵７８１５?２,2397,富士市大淵７８１５?２,2559,4956,1.24,0.73,58.6,57.5,10.05,50
22304690100,一般国道４６９号,富士市・富士宮市境,富士白糸滝公園線,22207,0,1.7,富士市大淵７８１５?２,2397,富士市大淵７８１５?２,2559,4956,1.24,0.73,61,59.9,10,50
22304690110,一般国道４６９号,富士白糸滝公園線,富士宮市道,22207,0,0.4,富士宮市村山1220-12,1913,富士宮市村山1220-12,2121,4034,1.23,0.54,53.7,58.9,8.3,40
22304690250,一般国道４６９号,富士宮市道,,22207,0,1.4,富士宮市村山1220-12,1913,富士宮市村山1220-12,2121,4034,1.23,0.55,49,47.3,12.65,50
22304690255,一般国道４６９号,,富士宮富士公園線,22207,0,0.8,富士宮市村山1220-12,1913,富士宮市村山1220-12,2121,4034,1.23,0.55,30,31.4,12.65,50
22304690260,一般国道４６９号,富士宮富士公園線,富士根停車場線,22207,0,0.1,富士宮市山宮2478-1,4057,富士宮市山宮2478-1,4154,8211,1.26,1.1,9.3,22.8,12.65,50
22304690140,一般国道４６９号,富士根停車場線,一般国道１３９号,22207,0,2.5,富士宮市山宮2478-1,4057,富士宮市山宮2478-1,4154,8211,1.26,1.23,30.9,28.9,12,40
22304690150,一般国道４６９号,一般国道１３９号,富士富士宮線,22207,0,0.6,富士宮市山宮2478-1,4057,富士宮市山宮2478-1,4154,8211,1.26,1.23,27.4,19.1,12,40
22304690160,一般国道４６９号,富士富士宮線,白糸富士宮線,22207,0,2.5,富士宮市上条425,1444,富士宮市上条425,1503,2947,1.24,0.44,33.3,35,7.15,40
22304690170,一般国道４６９号,白糸富士宮線,清水富士宮線,22207,0,0.5,富士宮市上条425,1444,富士宮市上条425,1503,2947,1.24,0.44,33,28,7.15,40
22304690180,一般国道４６９号,清水富士宮線,清水富士宮線,22207,0,0.3,富士宮市上条425,1444,富士宮市上条425,1503,2947,1.24,0.44,33.2,37.5,7.15,40
22304690190,一般国道４６９号,清水富士宮線,清水富士宮線,22207,0,2.8,富士宮市精進川1607-1,563,富士宮市精進川1607-1,630,1193,1.18,0.29,41.8,37.6,8.8,30
22304690200,一般国道４６９号,清水富士宮線,清水富士宮線,22207,0,0.4,富士宮市精進川1607-1,563,富士宮市精進川1607-1,630,1193,1.18,0.29,21.8,16.7,8.8,30
22304690210,一般国道４６９号,清水富士宮線,上稲子長貫線,22207,0,5,,118,,111,229,1.14,0.06,50.2,40.8,5.3,60
22304690220,一般国道４６９号,上稲子長貫線,上稲子長貫線,22207,0,4,,487,,534,1021,1.17,0.27,26.7,29.5,13.3,30
22304690230,一般国道４６９号,上稲子長貫線,一般国道４６９号,22207,0,1.1,,487,,534,1021,1.17,0.27,17.2,12.6,13.3,30
22304690280,一般国道４６９号,,一般国道１３８号,22215,0,0.6,御殿場市中畑字四人畑10-1,1497,御殿場市中畑字四人畑10-1,2223,3720,1.24,0.49,34.1,26.5,25,50
22304730005,一般国道４７３号,一般国道４７３号,一般国道４７４号（三遠南信道）,22137,0,0.6,浜松市天竜区佐久間町浦川,80,浜松市天竜区佐久間町浦川,293,373,1.18,0.27,31.7,39,5,40
22304730010,一般国道４７３号,一般国道４７４号（三遠南信道）,飯田富山佐久間線,22137,0,0.6,浜松市天竜区佐久間町浦川,80,浜松市天竜区佐久間町浦川,293,373,1.18,0.27,32.8,30.3,5,40
22304730020,一般国道４７３号,飯田富山佐久間線,下川合停車場線,22137,0,3.2,浜松市天竜区佐久間町川合,358,浜松市天竜区佐久間町川合,368,726,1.19,0.14,38.1,38.6,6.5,40
22304730025,一般国道４７３号,下川合停車場線,一般国道４７４号（三遠南信道）,22137,0,0.7,浜松市天竜区佐久間町川合,358,浜松市天竜区佐久間町川合,368,726,1.19,0.14,39.5,39.8,6.5,40
22304730029,一般国道４７３号,一般国道４７４号（三遠南信道）,一般国道４７３号,22137,0,0.7,浜松市天竜区佐久間町川合,444,浜松市天竜区佐久間町川合,460,904,1.19,0.11,44,38.1,6.5,40
22304730500,一般国道４７３号,一般国道４７３号,飯田富山佐久間線,22137,0,0.2,浜松市天竜区佐久間町川合,444,浜松市天竜区佐久間町川合,460,904,1.19,0.11,19.3,21.2,6.5,40
22400010010,一般国道４７３号,飯田富山佐久間線,一般国道４７３号,22137,0,0.8,浜松市天竜区佐久間町川合,444,浜松市天竜区佐久間町川合,460,904,1.19,0.11,32.9,26.9,6.5,40
22304730050,一般国道４７３号,一般国道４７３号,水窪羽ケ庄佐久間線,22137,0,1.5,浜松市天竜区佐久間町佐久間,1230,浜松市天竜区佐久間町佐久間,1207,2437,1.23,0.25,33.3,31.2,10.5,40
22304730060,一般国道４７３号,水窪羽ケ庄佐久間線,一般国道１５２号,22137,0,5.3,浜松市天竜区佐久間町佐久間,1230,浜松市天竜区佐久間町佐久間,1207,2437,1.23,0.25,39.2,38.3,10.5,40
22304730080,一般国道４７３号,一般国道３６２号,川根本町・島田市境,22429,0,5.7,島田市川根町家山799-2,966,島田市川根町家山799-2,886,1852,1.2,1.09,25.7,33.1,4.5,40
22304730090,一般国道４７３号,川根本町・島田市境,川根寸又峡線,22209,0,3.8,島田市川根町家山799-2,966,島田市川根町家山799-2,886,1852,1.2,0.79,38.4,29.9,5,40
22304730100,一般国道４７３号,川根寸又峡線,藤枝天竜線,22209,0,4.7,島田市川根町家山799-2,966,島田市川根町家山799-2,886,1852,1.2,0.79,39.3,34.8,5,40
22304730110,一般国道４７３号,藤枝天竜線,家山停車場線,22209,0,0.3,島田市神尾75-228,1676,島田市神尾75-228,1871,3547,1.26,0.46,18.2,25,7,40
22304730115,一般国道４７３号,家山停車場線,一般国道４７３号,22209,0,14.4,島田市神尾75-228,1676,島田市神尾75-228,1871,3547,1.26,0.36,45.8,45.9,8,40
22304730120,一般国道４７３号,一般国道４７３号,焼津森線,22209,0,0.6,島田市横岡新田275-1,4287,島田市横岡新田275-1,4205,8492,1.26,0.94,32.8,35.5,12.5,40
22304730130,一般国道４７３号,焼津森線,一般国道１号（島田金谷ＢＰ）,22209,0,0.8,島田市横岡新田275-1,4287,島田市横岡新田275-1,4205,8492,1.26,0.94,26.9,27.4,12.5,40
22304730140,一般国道４７３号,一般国道１号（島田金谷ＢＰ）,新金谷停車場線,22209,0,1.6,島田市金谷栄町3436,3769,島田市金谷栄町3436,3320,7089,1.26,0.6,27.2,22.3,12,40
22304730150,一般国道４７３号,新金谷停車場線,島田岡部線,22209,0,0.3,島田市金谷3267,6180,島田市金谷3267,5835,12015,1.28,1.92,23.3,20.8,12,40
22304730160,一般国道４７３号,島田岡部線,細江金谷線,22209,0,3.8,島田市金谷3267,6180,島田市金谷3267,5835,12015,1.28,1.92,26.2,25.8,12,40
22304730340,一般国道４７３号,細江金谷線,一般国道４７３号,22224,0,2.7,菊川市倉沢689-34,3137,菊川市倉沢689-34,2857,5994,1.26,0.87,50,60.2,11.6,60
22304730350,一般国道４７３号,一般国道４７３号,一般国道４７３号,22224,0,1.8,菊川市倉沢689-34,3137,菊川市倉沢689-34,2857,5994,1.26,0.9,20.6,21.3,12.2,60
22304730240,一般国道４７３号,一般国道４７３号,一般国道４７３号,22226,0,0.4,牧之原市東萩間2149-5,4024,牧之原市東萩間2149-5,3958,7982,1.26,0.86,25.9,22.1,18,40
22304730370,一般国道４７３号,一般国道４７３号,東名高速道路,22226,0,0.5,牧之原市東萩間2221-7,5311,牧之原市東萩間2221-7,4933,10244,1.27,0.92,15.8,25.9,19.1,60
22304730440,一般国道４７３号,東名高速道路,一般国道４７３号,22226,0,4.1,牧之原市東萩間2216-14,5315,牧之原市東萩間2216-14,5339,10654,1.27,1.17,47.3,49.9,11,60
22304730265,一般国道４７３号,一般国道４７３号,,22226,0,1.2,牧之原市菅ケ谷1127－5,5095,牧之原市菅ケ谷1127－5,4850,9945,1.26,1.06,61.5,64,11,60
22304730270,一般国道４７３号,,牧之原市道,22226,0,4.4,牧之原市大寄441-10,4572,牧之原市大寄441-10,4462,9034,1.27,0.82,62.5,62.4,10,40
22304730280,一般国道４７３号,牧之原市道,一般国道１５０号,22226,0,1.6,牧之原市大沢990,3847,牧之原市大沢990,3452,7299,1.26,0.82,62.8,61.3,11,40
22304730290,一般国道４７３号,一般国道１５０号,一般国道４７３号,22226,0,0.3,牧之原市大沢671-5,2991,牧之原市大沢671-5,2959,5950,1.26,0.5,22.9,15.3,17,40
22304730300,一般国道４７３号,一般国道４７３号,相良大須賀線,22226,0,0.5,牧之原市波津828－1地先,2136,牧之原市波津828－1地先,2228,4364,1.25,0.35,23.7,18.7,12,40
22304730310,一般国道４７３号,相良大須賀線,相良大須賀線,22226,0,0.2,牧之原市波津828－1地先,2136,牧之原市波津828－1地先,2228,4364,1.25,0.35,23.6,18,12,40
22304730320,一般国道４７３号,相良大須賀線,一般国道１５０号,22226,0,0.6,牧之原市波津828－1地先,2136,牧之原市波津828－1地先,2228,4364,1.25,0.35,24.2,15.5,12,40
22304730460,一般国道４７３号,一般国道４７３号,新東名高速道路,22209,0,0.4,,,,,,,,25.9,31.3,12,40
22304730030,一般国道４７３号,一般国道４７３号,中部天竜停車場線,22137,0,1.3,浜松市天竜区佐久間町中部,762,浜松市天竜区佐久間町中部,781,1543,1.19,0.16,12.1,18.3,8.2,40
22304730040,一般国道４７３号,中部天竜停車場線,一般国道４７３号,22137,0,0.1,浜松市天竜区佐久間町中部,762,浜松市天竜区佐久間町中部,781,1543,1.19,0.16,12.1,12.3,8.2,40
22304730170,一般国道４７３号,一般国道４７３号,島田市・菊川市境,22209,0,1.2,菊川市倉沢1687-1,4260,菊川市倉沢1687-1,4271,8531,1.26,1.17,36.5,47.4,12,40
22304730180,一般国道４７３号,島田市・菊川市境,吉田大東線,22224,0,1.2,菊川市倉沢1687-1,4260,菊川市倉沢1687-1,4271,8531,1.26,1.06,44.4,41.2,10.6,50
22304730190,一般国道４７３号,吉田大東線,一般国道４７３号,22224,0,0.3,菊川市倉沢1687-1,4260,菊川市倉沢1687-1,4271,8531,1.26,1.06,25,23.7,10.6,50
22304730200,一般国道４７３号,一般国道４７３号,牧之原市・菊川市境,22226,0,0.3,菊川市倉沢1687-1,4260,菊川市倉沢1687-1,4271,8531,1.26,1.19,29.1,29.8,7.5,40
22304730210,一般国道４７３号,牧之原市・菊川市境,菊川榛原線,22224,0,1.1,菊川市倉沢1687-1,4260,菊川市倉沢1687-1,4271,8531,1.26,1.11,48.6,50.9,6.7,40
22304730220,一般国道４７３号,菊川榛原線,浜岡菊川線,22224,0,0.7,菊川市倉沢1687-1,4260,菊川市倉沢1687-1,4271,8531,1.26,1.11,46.5,50.6,6.7,40
22304730230,一般国道４７３号,浜岡菊川線,一般国道４７３号,22226,0,0.2,菊川市倉沢1687-1,4260,菊川市倉沢1687-1,4271,8531,1.26,1.23,16.8,14.9,10.5,40
22304730250,一般国道４７３号,一般国道４７３号,菊川榛原線,22226,0,0.3,牧之原市東萩間2149-1,3714,牧之原市東萩間2149-1,3816,7530,1.26,0.84,18.2,25.5,12,40
22304730260,一般国道４７３号,菊川榛原線,一般国道４７３号,22226,0,4.3,牧之原市東萩間545－3地先,1723,牧之原市東萩間545－3地先,1720,3443,1.18,0.45,42.2,45.6,6.75,40
22304730390,一般国道４７３号,一般国道４７３号,牧之原市道,22226,0,5.1,牧之原市黒子188-1地先,1288,牧之原市黒子188-1地先,1192,2480,1.23,0.29,38.7,36.8,10.6,40
22304730400,一般国道４７３号,牧之原市道,一般国道４７３号,22226,0,0.8,牧之原市黒子188-1地先,1288,牧之原市黒子188-1地先,1192,2480,1.23,0.25,23,21.9,12.1,60
22304740024,一般国道４７４号（三遠南信道）,新東名高速道路,引佐六郎沢線,22135,1,0.5,浜松市北区引佐町東黒田,495,浜松市北区引佐町東黒田,534,1029,1.16,0.04,61.9,60.2,17.45,60
22304740027,一般国道４７４号（三遠南信道）,引佐六郎沢線,,22135,1,6.9,浜松市北区引佐町別所,1219,浜松市北区引佐町別所,1176,2395,1.18,0.43,72,74.6,11.25,60
22304740030,一般国道４７４号（三遠南信道）,,一般国道４７４号（三遠南信道）,22135,1,0.8,浜松市北区引佐町,839,浜松市北区引佐町,726,1565,1.16,0.23,75.8,74.8,10.2,60
22304740050,一般国道４７４号（三遠南信道）,一般国道４７４号（三遠南信道）,一般国道４７３号,22137,1,2.7,愛知県北設楽郡東栄町三輪,775,愛知県北設楽郡東栄町三輪,860,1635,1.14,0.2,72.9,77.2,9.65,60
22304740060,一般国道４７４号（三遠南信道）,一般国道４７３号,一般国道４７３号,22137,1,3.2,浜松市天竜区佐久間町川合,516,浜松市天竜区佐久間町川合,528,1044,1.14,0.15,75.7,64.9,14.7,60
22400010005,飯田富山佐久間線,大嵐佐久間線,一般国道４７３号,22137,0,2.3,浜松市天竜区佐久間町佐久間,175,浜松市天竜区佐久間町佐久間,180,355,1.16,0.04,37.5,29.5,7.7,40
22400010030,飯田富山佐久間線,一般国道４７３号,御園浦川停車場線,22137,0,0.6,浜松市天竜区佐久間町浦川,480,浜松市天竜区佐久間町浦川,482,962,1.2,0.13,30.3,26.7,9.9,40
22400010040,飯田富山佐久間線,御園浦川停車場線,天竜東栄線,22137,0,6.1,浜松市天竜区佐久間町浦川,480,浜松市天竜区佐久間町浦川,482,962,1.2,0.13,43.7,38.7,9.9,40
22400030010,豊橋湖西線,豊橋湖西線,新所原停車場日の岡線,22221,0,0.3,湖西市新所原東,4090,湖西市新所原東,4528,8618,1.32,1.01,31.1,26.2,17,40
22400030020,豊橋湖西線,新所原停車場日の岡線,湖西市道,22221,0,0.4,湖西市新所原東,4090,湖西市新所原東,4528,8618,1.32,0.97,21.7,21.9,17,40
22603300025,豊橋湖西線,湖西市道,新所原停車場日の岡線,22221,0,0.3,,3957,,4291,8248,1.26,0.79,33.7,20.1,16,40
22400030090,豊橋湖西線,新所原停車場日の岡線,湖西市道,22221,0,0.1,湖西市ときわ三丁目1175-9,5447,湖西市ときわ三丁目1175-9,5505,10952,1.28,1.08,18.4,14.8,16,40
22400030100,豊橋湖西線,湖西市道,新所原停車場白須賀線,22221,0,1.3,湖西市ときわ三丁目1175-9,5447,湖西市ときわ三丁目1175-9,5505,10952,1.28,1,23.5,24,16,40
22400030110,豊橋湖西線,新所原停車場白須賀線,湖西市道,22221,0,0.4,湖西市ときわ三丁目1175-9,5447,湖西市ときわ三丁目1175-9,5505,10952,1.28,1,17.8,24.8,16,50
22400030040,豊橋湖西線,湖西市道,湖西東細谷線,22221,0,2.1,湖西市吉美字新地2312-3,6217,湖西市吉美字新地2312-3,6536,12753,1.29,1.1,28,25.1,16,50
22400030050,豊橋湖西線,湖西東細谷線,一般国道３０１号,22221,0,0.7,湖西市古見字馬黒895-6,6160,湖西市古見字馬黒895-6,5760,11920,1.27,1.58,26.5,18,8.25,40
22400030060,豊橋湖西線,一般国道３０１号,湖西東細谷線,22221,0,0.5,湖西市鷲津字尻枝749-2,5234,湖西市鷲津字尻枝749-2,4824,10058,1.27,0.92,13.8,21.3,18,40
22400030070,豊橋湖西線,湖西東細谷線,一般国道３０１号,22221,0,0.5,湖西市鷲津字尻枝749-2,5234,湖西市鷲津字尻枝749-2,4824,10058,1.27,0.92,15,15.3,18,40
22400040010,豊橋大知波線,豊橋大知波線,一般国道３０１号,22221,0,3.9,湖西市大知波,3323,湖西市大知波,3067,6390,1.32,1.26,48.6,36.4,7.5,40
22400090010,天竜東栄線,一般国道１５２号,浜松市天竜区・浜松市浜北区境,22137,0,0.3,浜松市天竜区両島,1613,浜松市天竜区両島,1482,3095,1.24,0.45,12.1,30.3,9.5,40
22400090020,天竜東栄線,浜松市天竜区・浜松市浜北区境,浜松市浜北区・浜松市天竜区境,22136,0,0.1,浜松市天竜区両島,1613,浜松市天竜区両島,1482,3095,1.24,0.45,33.2,30.5,11.5,40
22400090030,天竜東栄線,浜松市浜北区・浜松市天竜区境,両島二俣線,22137,0,4.1,浜松市天竜区両島,1613,浜松市天竜区両島,1482,3095,1.24,0.44,42.6,43.5,10,40
22400090040,天竜東栄線,両島二俣線,熊小松天竜川停車場線,22137,0,3.5,浜松市天竜区両島,1613,浜松市天竜区両島,1482,3095,1.24,0.44,43.2,46.3,10,40
22400090050,天竜東栄線,熊小松天竜川停車場線,熊小松天竜川停車場線,22137,0,1.7,浜松市天竜区両島,1613,浜松市天竜区両島,1482,3095,1.24,0.44,42.7,42.7,10,40
22400090060,天竜東栄線,熊小松天竜川停車場線,長沢田沢線,22137,0,4.8,浜松市天竜区長沢442,537,浜松市天竜区長沢442,518,1055,1.17,0.14,42.6,42.6,6.5,40
22400090070,天竜東栄線,長沢田沢線,引佐六郎沢線,22137,0,3.6,浜松市天竜区長沢442,537,浜松市天竜区長沢442,518,1055,1.17,0.14,44.4,40,6.5,40
22400090080,天竜東栄線,引佐六郎沢線,熊小松天竜川停車場線,22137,0,2.7,浜松市天竜区熊2030-2,180,浜松市天竜区熊2030-2,174,354,1.18,0.04,46.4,44.6,7.5,40
22400090090,天竜東栄線,熊小松天竜川停車場線,横山熊線,22137,0,1.3,浜松市天竜区熊2030-2,180,浜松市天竜区熊2030-2,174,354,1.18,0.04,33.7,16.4,7.5,40
22400090100,天竜東栄線,横山熊線,鳳来佐久間線,22137,0,10,浜松市天竜区佐久間町浦川515-10,151,浜松市天竜区佐久間町浦川515-10,155,306,1.13,0.27,36.1,36.1,5,40
22400090110,天竜東栄線,鳳来佐久間線,飯田富山佐久間線,22137,0,4.7,浜松市天竜区佐久間町浦川515-10,151,浜松市天竜区佐久間町浦川515-10,155,306,1.13,0.27,36.1,36.1,5,40
22400090120,天竜東栄線,飯田富山佐久間線,天竜東栄線,22137,0,0.2,浜松市天竜区佐久間町浦川515-10,151,浜松市天竜区佐久間町浦川515-10,155,306,1.13,0.27,32.4,32.3,5,40
22400100010,富士川身延線,岩淵富士川停車場線,富士市道,22210,0,1.1,富士市木島６９５,9996,富士市木島６９５,9363,19359,1.34,1.45,16.8,32.1,11,50
22400100020,富士川身延線,富士市道,富士富士宮由比線,22210,0,4.8,富士市木島６９５,9996,富士市木島６９５,9363,19359,1.34,1.45,25.7,32.7,11,50
22400100030,富士川身延線,富士富士宮由比線,富士市・富士宮市境,22210,0,1.9,富士市北松野４０６９?１９,4215,富士市北松野４０６９?１９,3970,8185,1.26,0.64,40.1,44.4,11,50
22400100040,富士川身延線,富士市・富士宮市境,富士宮芝川線,22207,0,0.4,富士市北松野４０６９?１９,4215,富士市北松野４０６９?１９,3970,8185,1.26,0.74,35.8,27.1,10.45,40
22400100050,富士川身延線,富士宮芝川線,富士川身延線,22207,0,0.4,富士宮市羽鮒1416-5,6250,富士宮市羽鮒1416-5,5870,12120,1.28,0.96,29.6,37.1,13.7,40
22400100060,富士川身延線,富士川身延線,富士川身延線,22207,0,0.7,富士宮市羽鮒1416-5,6250,富士宮市羽鮒1416-5,5870,12120,1.28,0.96,36.1,23.5,13.7,40
22400100070,富士川身延線,富士川身延線,上稲子長貫線,22207,0,0.4,富士宮市羽鮒1416-5,6250,富士宮市羽鮒1416-5,5870,12120,1.28,0.96,19,22.7,13.7,40
22400100080,富士川身延線,上稲子長貫線,清水富士宮線,22207,0,0.6,富士宮市羽鮒1416-5,6250,富士宮市羽鮒1416-5,5870,12120,1.28,0.96,29.1,33.8,13.7,40
22400100090,富士川身延線,清水富士宮線,富士川身延線,22207,0,4.1,富士宮市内房峰,71,富士宮市内房峰,73,144,1.15,0.02,37.8,49.8,13.7,40
22400100110,富士川身延線,富士川身延線,清水富士宮線,22207,0,0.4,富士宮市長貫1120-4付近,1361,富士宮市長貫1120-4付近,1383,2744,1.23,1.48,27.5,25.6,6.45,30
22400100120,富士川身延線,清水富士宮線,富士川身延線,22207,0,0.4,富士宮市長貫1120-4付近,1361,富士宮市長貫1120-4付近,1383,2744,1.23,1.48,25.6,12.1,6.45,30
22400750130,富士川身延線,富士川身延線,清水富士宮線,22207,0,0.8,富士宮市内房3347-1付近,1843,富士宮市内房3347-1付近,1581,3424,1.23,0.49,31.3,27.8,6.6,30
22400110010,熱海函南線,一般国道１３５号,熱海箱根峠線,22205,0,0.8,熱海市梅園町7?19,5699,熱海市梅園町7?19,5811,11510,1.28,0.8,13.8,14.1,11.2,40
22400110020,熱海函南線,熱海箱根峠線,熱海函南線,22205,0,3.6,熱海市梅園町7?19,5699,熱海市梅園町7?19,5811,11510,1.28,0.8,30.4,34.3,11.2,40
22400110030,熱海函南線,熱海函南線,熱海市・函南町境,22205,0,2,田方郡函南町畑,5068,田方郡函南町畑,5448,10516,1.27,1.1,46.6,55,9.5,50
22400110040,熱海函南線,熱海市・函南町境,田原野函南停車場線,22325,0,2,田方郡函南町畑,5068,田方郡函南町畑,5448,10516,1.27,1.06,56.1,57.3,9,50
22400110050,熱海函南線,田原野函南停車場線,田原野函南停車場線,22325,0,2.7,田方郡函南町畑,5068,田方郡函南町畑,5448,10516,1.27,1.06,50.6,52.6,9,50
22400110060,熱海函南線,田原野函南停車場線,熱海函南線,22325,0,2.9,田方郡函南町平井字宮ノ前1102-4,8871,田方郡函南町平井字宮ノ前1102-4,8000,16871,1.23,1.39,46,34.6,7.5,40
22400110070,熱海函南線,熱海函南線,田原野函南停車場線,22325,0,1,田方郡函南町平井字宮ノ前1102-4,8871,田方郡函南町平井字宮ノ前1102-4,8000,16871,1.23,1.39,31.3,17.8,7.5,40
22400110080,熱海函南線,田原野函南停車場線,函南停車場反射炉線,22325,0,1.2,田方郡函南町平井字宮ノ前1102-4,8871,田方郡函南町平井字宮ノ前1102-4,8000,16871,1.23,1.48,17.2,12,16.15,50
22400110085,熱海函南線,函南停車場反射炉線,一般国道１３６号,22325,0,0.6,田方郡函南町平井字宮ノ前1102-4,8871,田方郡函南町平井字宮ノ前1102-4,8000,16871,1.23,1.48,13,18.2,14.25,50
22400110110,熱海函南線,熱海函南線,熱海市・函南町境,22205,0,2.7,,213,,249,462,1.21,0.06,36.7,37.7,8,40
22400110120,熱海函南線,熱海市・函南町境,熱海箱根峠線,22325,0,0.1,,213,,249,462,1.21,0.07,30,40.8,6,40
22400110130,熱海函南線,熱海箱根峠線,熱海函南線,22325,0,9.8,,213,,249,462,1.21,0.07,36.1,36,6,40
22400120010,伊東修善寺線,一般国道１３５号,伊東西伊豆線,22208,0,1.2,伊東市広野1丁目3?33,8052,伊東市広野1丁目3?33,8173,16225,1.32,1.09,17.2,18.2,12,40
22400120020,伊東修善寺線,伊東西伊豆線,池東松原線,22208,0,3.6,伊東市鎌田1021?1,8324,伊東市鎌田1021?1,8119,16443,1.32,1.2,28.2,27.3,12,40
22400120030,伊東修善寺線,池東松原線,伊東市・伊豆市境,22208,0,5.1,伊東市鎌田1302?1,2831,伊東市鎌田1302?1,2723,5554,1.25,0.59,44.4,46.4,12,40
22400120040,伊東修善寺線,伊東市・伊豆市境,中大見八幡野線,22222,0,0.4,伊東市鎌田1302?1,2831,伊東市鎌田1302?1,2723,5554,1.25,0.52,49.6,35.4,7.5,40
22400120050,伊東修善寺線,中大見八幡野線,伊東西伊豆線,22222,0,3.7,伊豆市徳永字宝道184-4,3424,伊豆市徳永字宝道184-4,3413,6837,1.26,0.56,46.7,44.5,8.5,50
22400120060,伊東修善寺線,伊東西伊豆線,伊豆スカイライン,22222,0,0.4,伊豆市冷川字横金510-3,4040,伊豆市冷川字横金510-3,4122,8162,1.26,0.6,27.6,36,8.5,50
22400120070,伊東修善寺線,伊豆スカイライン,伊東西伊豆線,22222,0,2.5,伊豆市冷川字横金510-3,4040,伊豆市冷川字横金510-3,4122,8162,1.26,0.6,48.3,47.6,8.5,50
22400120080,伊東修善寺線,伊東西伊豆線,修善寺天城湯ケ島線,22222,0,5.9,伊豆市上白岩字宮ノ前427-1,6916,伊豆市上白岩字宮ノ前427-1,6422,13338,1.31,0.91,36.6,36.4,10,50
22400120090,伊東修善寺線,修善寺天城湯ケ島線,一般国道１３６号,22222,0,0.8,伊豆市上白岩字宮ノ前427-1,6916,伊豆市上白岩字宮ノ前427-1,6422,13338,1.31,1.08,23.1,10.8,11,50
22400140005,下佐ケ野谷津線,一般国道４１４号,下佐ケ野谷津線,22302,0,2.7,賀茂郡河津町川津筏場831-7,3695,賀茂郡河津町川津筏場831-7,3724,7419,1.26,0.52,42.1,40.7,7.5,40
22400140010,下佐ケ野谷津線,下佐ケ野谷津線,一般国道１３５号,22302,0,2.6,賀茂郡河津町川津筏場831-7,3695,賀茂郡河津町川津筏場831-7,3724,7419,1.26,0.6,35.6,31.1,6.5,40
22400140030,下佐ケ野谷津線,下佐ケ野谷津線,,22302,0,0.8,,,,,,,,49.2,50,16.1,40
22400150010,下田松崎線,一般国道４１４号,下田市・松崎町境,22219,0,8.8,下田市相玉135-1,2337,下田市相玉135-1,2351,4688,1.25,0.43,48.5,49.2,9.5,50
22400150020,下田松崎線,下田市・松崎町境,湯ケ野松崎線,22305,0,4.9,下田市相玉135-1,2337,下田市相玉135-1,2351,4688,1.25,0.42,48.6,49.5,8,40
22400150030,下田松崎線,湯ケ野松崎線,一般国道１３６号,22305,0,5,下田市相玉135-1,2337,下田市相玉135-1,2351,4688,1.25,0.44,40.7,38.1,10.1,50
22400160010,下田石廊松崎線,一般国道１３６号,手石湊線,22304,0,0.8,賀茂郡南伊豆町湊369-1,2625,賀茂郡南伊豆町湊369-1,2705,5330,1.24,0.4,39.8,36.8,10,50
22400160020,下田石廊松崎線,手石湊線,一般国道１３６号,22304,0,14.6,賀茂郡南伊豆町湊369-1,2625,賀茂郡南伊豆町湊369-1,2705,5330,1.24,0.4,42.6,41.1,10,50
22400170010,沼津土肥線,一般国道４１４号,伊豆長岡三津線,22203,0,3.6,沼津市内浦重寺65,2822,沼津市内浦重寺65,2531,5353,1.25,0.4,38.9,38.7,13.3,40
22400170020,沼津土肥線,伊豆長岡三津線,船原西浦高原線,22203,0,6.7,沼津市内浦重寺65,2822,沼津市内浦重寺65,2531,5353,1.25,0.4,39.9,40,11.85,40
22400170030,沼津土肥線,船原西浦高原線,修善寺戸田線,22203,0,18.7,沼津市西浦久料144-47,399,沼津市西浦久料144-47,339,738,1.19,0.1,36,37.6,8,40
22400170040,沼津土肥線,修善寺戸田線,沼津市・伊豆市境,22203,0,10.1,沼津市西浦久料144-47,399,沼津市西浦久料144-47,339,738,1.19,0.1,40,42.3,10.5,40
22400170050,沼津土肥線,沼津市・伊豆市境,土肥港線,22222,0,5.7,沼津市西浦久料144-47,399,沼津市西浦久料144-47,339,738,1.19,0.1,35.6,34.8,8,40
22400170060,沼津土肥線,土肥港線,一般国道１３６号,22222,0,0.1,沼津市西浦久料144-47,399,沼津市西浦久料144-47,339,738,1.19,0.1,19.3,17.4,8,40
22400180010,修善寺戸田線,一般国道１３６号,船原西浦高原線,22222,0,12.1,伊豆市修善寺838-1,3632,伊豆市修善寺838-1,3847,7479,1.26,5.48,34.4,37,4,40
22400180020,修善寺戸田線,船原西浦高原線,船原西浦高原線,22203,0,3.6,伊豆市修善寺,372,伊豆市修善寺,406,778,1.21,0.1,33.7,33.5,7.25,40
22400180030,修善寺戸田線,船原西浦高原線,沼津土肥線,22203,0,6.4,沼津市戸田1294-3,1331,沼津市戸田1294-3,1381,2712,1.23,0.31,38,37.6,10.2,40
22400190010,伊東大仁線,一般国道１３５号,伊東市道,22208,0,6,伊東市宇佐美1110,3587,伊東市宇佐美1110,4270,7857,1.26,0.48,36.5,43.6,20,50
22400190020,伊東大仁線,伊東市道,伊東市道,22208,0,1,伊東市宇佐美3494,3397,伊東市宇佐美3494,3409,6806,1.23,0.63,48.5,45.5,8.1,40
22400190030,伊東大仁線,伊東市道,伊豆スカイライン,22208,0,0.2,伊東市宇佐美3494,3397,伊東市宇佐美3494,3409,6806,1.23,0.63,42.1,47.4,8.1,40
22400190040,伊東大仁線,伊豆スカイライン,熱海大仁線,22225,0,3.8,伊東市宇佐美3494,3397,伊東市宇佐美3494,3409,6806,1.23,0.67,54.5,53.2,7.5,40
22400190050,伊東大仁線,熱海大仁線,田原野函南停車場線,22225,0,0.9,伊豆の国市田京字山田39-4,6639,伊豆の国市田京字山田39-4,7100,13739,1.29,0.94,44.8,46.7,17.5,50
22400190060,伊東大仁線,田原野函南停車場線,伊豆の国市・伊豆市境,22225,0,0.6,伊豆の国市田京字山田39-4,6639,伊豆の国市田京字山田39-4,7100,13739,1.29,0.94,57.3,53.4,17.5,50
22400190070,伊東大仁線,伊豆の国市・伊豆市境,伊豆市・伊豆の国市境,22222,0,0.7,伊豆の国市田京字山田39-4,6639,伊豆の国市田京字山田39-4,7100,13739,1.29,1.01,55.3,50.6,12,50
22400190080,伊東大仁線,伊豆市・伊豆の国市境,,22225,0,4.9,伊豆の国市田京字山田39-4,6639,伊豆の国市田京字山田39-4,7100,13739,1.29,1.02,41,40.6,7.5,50
22400190090,伊東大仁線,,一般国道１３６号,22225,0,0.1,伊豆の国市田京字山田39-4,6639,伊豆の国市田京字山田39-4,7100,13739,1.29,1.02,26.2,43.2,7.5,50
22400200010,熱海箱根峠線,熱海函南線,熱海函南線,22205,0,4.7,熱海市西山町18,458,熱海市福道町8-71,467,925,1.19,0.12,34.5,31,6.5,40
22400200030,熱海箱根峠線,熱海函南線,,22325,0,7,田方郡函南町桑原茨ﾉ平1364-1,990,田方郡函南町桑原茨ﾉ平1364-1,1041,2031,1.23,0.24,45.7,45.8,6.5,40
22400200040,熱海箱根峠線,,,22325,0,0.1,田方郡函南町桑原茨ﾉ平1364-1,990,田方郡函南町桑原茨ﾉ平1364-1,1041,2031,1.23,0.2,34.2,39.9,17,50
22400200050,熱海箱根峠線,,一般国道１号,22325,0,2.5,田方郡函南町桑原茨ﾉ平1364-1,990,田方郡函南町桑原茨ﾉ平1364-1,1041,2031,1.23,0.2,50.2,45.6,10.5,50
22400210010,三島裾野線,一般国道１号,三島富士線,22206,0,0.9,三島市幸原町一丁目37,7129,三島市幸原町一丁目37,7116,14245,1.32,1.1,12.2,14.5,8,40
22400210020,三島裾野線,三島富士線,三島裾野線,22206,0,3.5,三島市幸原町一丁目37,7129,三島市幸原町一丁目37,7116,14245,1.32,1.1,13.5,16.1,8,40
22400210030,三島裾野線,三島裾野線,三島市・裾野市境,22206,0,0.6,三島市幸原町一丁目37,7129,三島市幸原町一丁目37,7116,14245,1.32,0.93,20.7,18.1,11.25,40
22400210035,三島裾野線,三島市・裾野市境,裾野市道,22220,0,1.1,三島市幸原町一丁目37,7129,三島市幸原町一丁目37,7116,14245,1.32,0.86,19.7,19,11.3,40
22400210090,三島裾野線,裾野市道,沼津小山線,22220,0,0.3,三島市幸原町一丁目37,7129,三島市幸原町一丁目37,7116,14245,1.32,0.74,11.1,10.2,13.8,40
22400210070,三島裾野線,三島裾野線,一般国道１号（伊豆縦貫道）,22206,0,0.4,三島市幸原町一丁目37,7129,三島市幸原町一丁目37,7116,14245,1.32,0.56,11.4,12.8,27.2,50
22400210110,三島裾野線,,,22342,0,0.3,駿東郡長泉町中土狩550,5245,駿東郡長泉町中土狩550,4205,9450,1.27,0.48,20.4,14,30,50
22400210130,三島裾野線,,,22342,0,0.2,駿東郡長泉町中土狩550,5245,駿東郡長泉町中土狩550,4205,9450,1.27,0.48,26.1,21.7,30,50
22400220010,三島富士線,一般国道１号,三島裾野線,22206,0,1.5,三島市泉町36,1171,三島市泉町36,721,1892,1.29,0.25,20.1,15.4,14.1,30
22400220020,三島富士線,三島裾野線,三島田町停車場線,22206,0,0.2,三島市泉町36,1171,三島市泉町36,721,1892,1.29,0.25,9.8,12.9,14.1,30
22400220030,三島富士線,三島田町停車場線,三島停車場線,22206,0,0.1,三島市泉町36,1171,三島市泉町36,721,1892,1.29,0.25,11.6,7.9,14.1,30
22400220040,三島富士線,三島停車場線,沼津三島線,22206,0,0.3,三島市泉町36,1171,三島市泉町36,721,1892,1.29,0.25,6.4,9.8,14.1,30
22400220050,三島富士線,沼津三島線,三島市・長泉町境,22206,0,0.7,三島市泉町36,1171,三島市泉町36,721,1892,1.29,0.25,16.4,19.5,14.1,30
22400220060,三島富士線,三島市・長泉町境,下土狩徳倉沼津港線,22342,0,0.2,三島市泉町36,1171,三島市泉町36,721,1892,1.29,0.29,15.1,14.3,7,30
22400220070,三島富士線,下土狩徳倉沼津港線,大岡元長窪線,22342,0,1.3,三島市泉町36,1171,三島市泉町36,721,1892,1.29,0.29,13.6,10.3,7,30
22400220080,三島富士線,大岡元長窪線,長泉町・沼津市境,22342,0,0.2,駿東郡長泉町下土狩1070,4099,駿東郡長泉町下土狩1070,4620,8719,1.26,0.8,7.8,21.3,9.25,30
22400220090,三島富士線,長泉町・沼津市境,一般国道２４６号,22203,0,1.5,駿東郡長泉町下土狩1070,4099,駿東郡長泉町下土狩1070,4620,8719,1.26,2.28,24.1,14.4,5.5,30
22400220100,三島富士線,一般国道２４６号,足高三枚橋線,22203,0,1,駿東郡長泉町下土狩1070,4099,駿東郡長泉町下土狩1070,4620,8719,1.26,2.28,18,15.4,5.5,30
22400220110,三島富士線,足高三枚橋線,一般国道１号,22203,0,0.8,駿東郡長泉町下土狩1070,4099,駿東郡長泉町下土狩1070,4620,8719,1.26,2.28,12.6,11.9,5.5,30
22400220115,三島富士線,一般国道１号,沼津市道０１０５号線,22203,0,2.3,沼津市中沢田457,4713,沼津市中沢田457,3267,7980,1.26,1.56,14.6,19.4,5.5,30
22400220120,三島富士線,沼津市道０１０５号線,西椎路松長線,22203,0,1.1,沼津市中沢田457,4713,沼津市中沢田457,3267,7980,1.26,1.56,12,18.9,5.5,30
22400220130,三島富士線,西椎路松長線,原停車場線,22203,0,2.2,沼津市平沼833-1,2849,沼津市平沼833-1,2683,5532,1.27,1.37,21.9,25.2,7.7,30
22400220135,三島富士線,原停車場線,沼津市道０２７５号線,22203,0,1.5,沼津市平沼833-1,2849,沼津市平沼833-1,2683,5532,1.27,1.37,26,30.9,7.7,30
22400220140,三島富士線,沼津市道０２７５号線,石川一本松線,22203,0,1.3,沼津市平沼833-1,2849,沼津市平沼833-1,2683,5532,1.27,1.37,27.7,25,7.7,30
22400220150,三島富士線,石川一本松線,三島富士線,22203,0,0.7,沼津市石川459,2469,沼津市石川459,2170,4639,1.26,0.77,33,34,9.5,40
22400220160,三島富士線,三島富士線,須津東田子浦停車場線,22210,0,3.4,富士市原田61-5,4405,富士市原田61-5,4188,8593,1.26,1.22,31.3,27.3,6.4,30
22400220170,三島富士線,須津東田子浦停車場線,富士富士宮由比線,22210,0,1.1,富士市原田61-5,4405,富士市原田61-5,4188,8593,1.26,1.22,28.2,23.7,6.4,30
22400220180,三島富士線,富士富士宮由比線,吉永吉原停車場線,22210,0,1.1,富士市原田61-5,4405,富士市原田61-5,4188,8593,1.26,1.22,27.9,26.4,6.4,30
22400220190,三島富士線,吉永吉原停車場線,富士裾野線,22210,0,2.7,富士市原田61-5,4405,富士市原田61-5,4188,8593,1.26,1.22,22.3,21.2,6.4,30
22400220200,三島富士線,富士裾野線,吉原停車場吉原線,22210,0,0.2,富士市原田61-5,4405,富士市原田61-5,4188,8593,1.26,1.22,10.8,9.7,6.4,30
22400220210,三島富士線,吉原停車場吉原線,一般国道１３９号,22210,0,1,富士市吉原２丁目８,4795,富士市吉原２丁目８,6965,11760,1.26,1.42,14.2,12.5,6.4,30
22400220230,三島富士線,沼津市道０１０５号線,,22203,0,0.4,沼津市東椎路843-2,3997,沼津市東椎路843-2,3978,7975,1.26,0.54,27.4,36.2,20,40
22400220310,三島富士線,,,22203,0,1.1,沼津市石川,4712,沼津市石川,4901,9613,1.26,0.76,39.8,26.6,10.75,50
22400220250,三島富士線,,石川一本松線,22203,0,0.8,沼津市石川,4712,沼津市石川,4901,9613,1.26,0.76,34.8,38.9,10.75,50
22400220260,三島富士線,石川一本松線,沼津市・富士市境,22203,0,0.7,沼津市石川,4712,沼津市石川,4901,9613,1.26,0.76,36.8,43.5,10.75,50
22400220270,三島富士線,沼津市・富士市境,三島富士線,22210,0,0.2,沼津市石川,4712,沼津市石川,4901,9613,1.26,1.02,43.2,33.4,7.7,50
22400230010,御殿場富士公園線,一般国道２４６号,一般国道４６９号,22215,0,1.9,御殿場市中畑字西沢2108-6,362,御殿場市中畑字西沢2108-6,404,766,1.24,0.12,21.2,28,11.7,50
22400230020,御殿場富士公園線,一般国道４６９号,滝ケ原富士岡線,22215,0,0.9,御殿場市中畑字西沢2108-6,362,御殿場市中畑字西沢2108-6,404,766,1.24,0.14,36.2,36.4,11.7,50
22400230030,御殿場富士公園線,滝ケ原富士岡線,富士公園太郎坊線,22215,0,10.4,御殿場市中畑字西沢2108-6,362,御殿場市中畑字西沢2108-6,404,766,1.24,0.13,48.4,48.7,11.5,50
22400240010,富士裾野線,三島富士線,一色久沢線,22210,0,3,富士市今泉２０３７,7458,富士市今泉２０３７,8168,15626,1.32,1.41,16.8,18.8,10.4,40
22400240020,富士裾野線,一色久沢線,富士富士宮由比線,22210,0,2.2,富士市今泉２０３７,7458,富士市今泉２０３７,8168,15626,1.32,1.41,26.4,30.4,10.4,40
22400240030,富士裾野線,富士富士宮由比線,富士裾野線,22210,0,1,富士市今宮７３７－４,1473,富士市今宮７３７－４,1404,2877,1.23,0.47,45.1,38.9,8,40
22400240040,富士裾野線,富士裾野線,一般国道４６９号,22210,0,5.7,富士市今宮７３７－４,1473,富士市今宮７３７－４,1404,2877,1.23,0.47,52.4,48.6,8,40
22400240060,富士裾野線,一般国道４６９号,一般国道２４６号,22220,0,9.9,裾野市須山1593-12,1561,裾野市須山1593-12,1520,3081,1.24,0.38,37,41.9,11.5,40
22400240070,富士裾野線,一般国道２４６号,沼津小山線,22220,0,1.2,,4088,,4106,8194,1.26,1.04,23,18.8,11.5,40
22400240090,富士裾野線,,富士富士宮由比線,22210,0,1.3,富士市神戸,1762,富士市神戸,1514,3276,1.24,0.46,41.4,36,14,50
22400240100,富士裾野線,富士富士宮由比線,富士裾野線,22210,0,1.3,富士市神戸,1762,富士市神戸,1514,3276,1.24,0.46,48.6,46.4,14,50
22400250010,富士宮芝川線,富士宮富士公園線,白糸富士宮線,22207,0,0.2,富士宮市野中608,7009,富士宮市野中608,6261,13270,1.28,1.23,8.4,16,10,50
22400250020,富士宮芝川線,白糸富士宮線,富士宮芝川線,22207,0,4.5,富士宮市野中608,7009,富士宮市野中608,6261,13270,1.28,1.23,31.1,32.3,10,50
22400250030,富士宮芝川線,富士宮芝川線,富士川身延線,22207,0,1.9,富士宮市羽鮒1531付近,2635,富士宮市羽鮒1531付近,2520,5155,1.25,0.66,43.5,38.9,10.1,50
22400250050,富士宮芝川線,富士宮芝川線,富士川身延線,22207,0,0.6,富士宮市羽鮒1531付近,337,富士宮市羽鮒1531付近,283,620,1.25,0.38,40,29.8,5.55,30
22400270010,井川湖御幸線,,三ツ峰落合線,22101,0,22.8,静岡市葵区落合,381,静岡市葵区落合,389,770,1.17,0.4,24.7,26.8,5.4,40
22400270020,井川湖御幸線,三ツ峰落合線,梅ヶ島温泉昭和線,22101,0,4.1,静岡市葵区油島,942,静岡市葵区油島,973,1915,1.2,0.39,42.6,44.8,7.3,40
22400270030,井川湖御幸線,梅ヶ島温泉昭和線,梅ヶ島温泉昭和線,22101,0,3.1,静岡市葵区油島,1724,静岡市葵区油島,1746,3470,1.25,0.44,47.2,50.5,10.3,50
22400270040,井川湖御幸線,梅ヶ島温泉昭和線,梅ヶ島温泉昭和線,22101,0,2.5,静岡市葵区油山,1112,静岡市葵区油山,1091,2203,1.23,0.29,23,30,9.1,40
22400270050,井川湖御幸線,梅ヶ島温泉昭和線,梅ヶ島温泉昭和線,22101,0,0.4,静岡市葵区牛妻,2987,静岡市葵区牛妻,3239,6226,1.26,0.8,26,25.6,7.9,40
22400270060,井川湖御幸線,梅ヶ島温泉昭和線,井川湖御幸線,22101,0,3.5,静岡市葵区牛妻,2987,静岡市葵区牛妻,3239,6226,1.26,0.64,47.2,48.3,12,40
22400270170,井川湖御幸線,井川湖御幸線,山脇大谷線,22101,0,0.7,静岡市葵区下,7111,静岡市葵区下,7578,14689,1.25,1.4,25.2,20.5,12,40
22400270180,井川湖御幸線,山脇大谷線,,22101,0,0.6,静岡市葵区下,5361,静岡市葵区下,5927,11288,1.24,0.9,35.3,37.3,12,40
22400270190,井川湖御幸線,,静岡市道,22101,0,1.3,静岡市葵区下,5361,静岡市葵区下,5927,11288,1.24,0.9,29.6,29,12,40
22400270080,井川湖御幸線,静岡市道,一般国道１号（静清ＢＰ）,22101,0,2,静岡市葵区下,5361,静岡市葵区下,5927,11288,1.24,0.9,22.6,25.6,12,40
22400270090,井川湖御幸線,一般国道１号（静清ＢＰ）,駒形井宮線,22101,0,1.4,静岡市葵区材木町,9665,静岡市葵区材木町,10463,20128,1.31,0.63,26.4,27.5,25.1,50
22400270100,井川湖御幸線,駒形井宮線,静岡環状線,22101,0,1,静岡市葵区材木町,9665,静岡市葵区材木町,10463,20128,1.31,0.7,17.6,14.8,27.1,50
22400270110,井川湖御幸線,静岡環状線,藤枝静岡線,22101,0,0.5,静岡市葵区材木町,9665,静岡市葵区材木町,10463,20128,1.31,0.7,15.6,14.6,27.1,50
22400270120,井川湖御幸線,藤枝静岡線,静岡清水線,22101,0,0.6,静岡市葵区追手町,12240,静岡市葵区追手町,12557,24797,1.37,0.86,17.1,17.4,21.9,40
22400270130,井川湖御幸線,静岡清水線,一般国道１号,22101,0,0.3,静岡市葵区追手町,12240,静岡市葵区追手町,12557,24797,1.37,0.86,19.4,9.4,21.9,40
22400270150,井川湖御幸線,梅ヶ島温泉昭和線,井川湖御幸線,22101,0,1,静岡市葵区下,3228,静岡市葵区下,3018,6246,1.23,0.55,44.2,28.5,11.7,40
22400290010,梅ヶ島温泉昭和線,,井川湖御幸線,22101,0,30,静岡市葵区横山143,969,静岡市葵区横山143,1007,1976,1.17,0.48,38.5,39.3,7.2,40
22400290030,梅ヶ島温泉昭和線,井川湖御幸線,井川湖御幸線,22101,0,2.3,静岡市葵区牛妻,2176,静岡市葵区牛妻,2307,4483,1.25,0.38,53.1,53.4,11.7,50
22400290050,梅ヶ島温泉昭和線,井川湖御幸線,大川静岡線,22101,0,3.6,静岡市葵区中ノ郷,3947,静岡市葵区中ノ郷,4006,7953,1.26,0.76,40.6,41.8,9.2,40
22400290055,梅ヶ島温泉昭和線,大川静岡線,井川湖御幸線,22101,0,0.8,静岡市葵区中ノ郷,3947,静岡市葵区中ノ郷,4006,7953,1.26,0.76,18.4,20.8,9.2,40
22400290060,梅ヶ島温泉昭和線,井川湖御幸線,大川静岡線,22101,0,3.6,静岡市葵区与左衛門新田,8374,静岡市葵区与左衛門新田,8738,17112,1.29,1.17,30.4,29.9,9.2,40
22400290070,梅ヶ島温泉昭和線,大川静岡線,一般国道１号（静清ＢＰ）,22101,0,2.4,静岡市葵区与左衛門新田,4095,静岡市葵区与左衛門新田,4560,8655,1.2,0.86,39.4,43.7,14.2,50
22400290080,梅ヶ島温泉昭和線,一般国道１号（静清ＢＰ）,一般国道３６２号,22101,0,1.3,静岡市葵区山崎二丁目,3220,静岡市葵区山崎二丁目,3025,6245,1.2,0.61,38.6,28.8,6.7,50
22400300010,焼津藤枝線,静岡焼津線,焼津森線,22212,0,0.4,藤枝市田中２丁目3-42,3641,藤枝市田中２丁目3-42,3807,7448,1.26,0.7,12.2,9.1,11,40
22400300020,焼津藤枝線,焼津森線,焼津岡部線,22212,0,0.7,藤枝市田中２丁目3-42,3641,藤枝市田中２丁目3-42,3807,7448,1.26,0.7,14,17.1,11,40
22400300030,焼津藤枝線,焼津岡部線,焼津森線,22212,0,0.2,藤枝市田中２丁目3-42,3641,藤枝市田中２丁目3-42,3807,7448,1.26,0.7,13.9,8.4,11,40
22400300040,焼津藤枝線,焼津森線,焼津市・藤枝市境,22212,0,3.2,藤枝市田中２丁目3-42,3641,藤枝市田中２丁目3-42,3807,7448,1.26,0.7,26,27.3,11,40
22400300050,焼津藤枝線,焼津市・藤枝市境,大富藤枝線,22214,0,1,藤枝市田中２丁目3-42,3641,藤枝市田中２丁目3-42,3807,7448,1.26,0.66,22.7,14.5,11,40
22400300060,焼津藤枝線,大富藤枝線,島田岡部線,22214,0,0.1,藤枝市田中２丁目3-42,3641,藤枝市田中２丁目3-42,3807,7448,1.26,0.71,10.3,4.8,14,40
22400310010,焼津榛原線,,静岡焼津線,22212,0,0.5,焼津市田尻384-2,3228,焼津市田尻384-2,3504,6732,1.26,0.74,11.5,13.8,8,40
22400310020,焼津榛原線,静岡焼津線,上青島焼津線,22212,0,0.9,焼津市田尻384-2,3228,焼津市田尻384-2,3504,6732,1.26,0.74,16.3,19.4,8,40
22400310030,焼津榛原線,上青島焼津線,焼津大井川線,22212,0,2.2,焼津市田尻384-2,3228,焼津市田尻384-2,3504,6732,1.26,0.74,26.9,20.3,8,40
22400310040,焼津榛原線,焼津大井川線,高洲和田線,22212,0,2.1,焼津市田尻384-2,3228,焼津市田尻384-2,3504,6732,1.26,0.74,21.6,18.6,8,40
22400310050,焼津榛原線,高洲和田線,一般国道１５０号,22212,0,2.2,焼津市田尻384-2,3228,焼津市田尻384-2,3504,6732,1.26,0.74,15.9,31.3,8,40
22400310210,焼津榛原線,一般国道１５０号,島田大井川線,22212,0,0.6,焼津市藤守1518-2,7048,焼津市藤守1518-2,5326,12374,1.27,1.37,35.2,21.5,9,40
22602270065,焼津榛原線,島田大井川線,焼津市道,22212,0,0.3,焼津市利右衛門379-2,2120,焼津市利右衛門379-2,1978,4098,1.26,0.72,19.8,27.1,11,40
22400310070,焼津榛原線,焼津市道,,22212,0,2.5,焼津市利右衛門379-2,2120,焼津市利右衛門379-2,1978,4098,1.26,0.64,26,24.1,8,40
22400310080,焼津榛原線,,焼津市・吉田町境,22212,0,0.4,焼津市飯渕1252-3,7744,焼津市飯渕1252-3,7100,14844,1.23,1.2,31.9,26.8,9.75,40
22400310085,焼津榛原線,焼津市・吉田町境,吉田町道,22424,0,0.8,焼津市飯渕1252-3,7744,焼津市飯渕1252-3,7100,14844,1.23,1.5,38.1,20.7,9.75,40
22400310180,焼津榛原線,吉田町道,,22424,0,0.5,榛原郡吉田町住吉3513-3,5940,榛原郡吉田町住吉3513-3,5638,11578,1.26,0.98,22.1,25.8,16.5,40
22400310190,焼津榛原線,,,22424,0,1.3,榛原郡吉田町住吉3513-3,5940,榛原郡吉田町住吉3513-3,5638,11578,1.26,0.9,30,36.6,25,40
22400310120,焼津榛原線,,,22424,0,0.4,榛原郡吉田町住吉3513-3,5940,榛原郡吉田町住吉3513-3,5638,11578,1.26,0.9,31.9,45.9,25,40
22400310130,焼津榛原線,,吉田港線,22424,0,0.3,榛原郡吉田町住吉3513-3,5940,榛原郡吉田町住吉3513-3,5638,11578,1.26,0.96,35.1,21.9,25.6,40
22400310140,焼津榛原線,吉田港線,,22424,0,0.8,榛原郡吉田町住吉3513-3,5940,榛原郡吉田町住吉3513-3,5638,11578,1.26,0.9,30.7,32.4,25,40
22400310160,焼津榛原線,,,22424,0,0.6,榛原郡吉田町住吉3513-3,5940,榛原郡吉田町住吉3513-3,5638,11578,1.26,0.9,42.4,43.4,26,40
22400310170,焼津榛原線,,一般国道１５０号,22424,0,0.3,榛原郡吉田町住吉3513-3,5940,榛原郡吉田町住吉3513-3,5638,11578,1.26,0.96,41.5,35.3,25,40
22400320010,藤枝黒俣線,伊久美藤枝線,一般国道１号（藤枝ＢＰ）,22214,0,3.4,藤枝市音羽町２丁目27-3,6120,藤枝市音羽町２丁目27-3,6018,12138,1.28,1.06,20.3,20.5,15,30
22400320020,藤枝黒俣線,一般国道１号（藤枝ＢＰ）,焼津森線,22214,0,5.1,藤枝市本郷251,1774,藤枝市本郷251,1762,3536,1.24,0.33,36.7,36.6,12,40
22400320030,藤枝黒俣線,焼津森線,焼津森線,22214,0,2.2,藤枝市本郷251,1774,藤枝市本郷251,1762,3536,1.24,0.33,32.4,31.7,12,40
22400320040,藤枝黒俣線,焼津森線,蔵田島田線,22214,0,9.6,藤枝市瀬戸ノ谷字寺前3603-1,800,藤枝市瀬戸ノ谷字寺前3603-1,781,1581,1.18,0.17,44.3,42.6,10.5,40
22400320050,藤枝黒俣線,蔵田島田線,藤枝天竜線,22214,0,7.2,藤枝市瀬戸ノ谷字寺前3603-1,800,藤枝市瀬戸ノ谷字寺前3603-1,781,1581,1.18,0.17,35.4,35.4,10.5,40
22400320060,藤枝黒俣線,藤枝天竜線,,22214,0,1.4,藤枝市瀬戸ノ谷字寺前3603-1,800,藤枝市瀬戸ノ谷字寺前3603-1,781,1581,1.18,0.17,24.2,21.8,10.5,40
22400320070,藤枝黒俣線,,一般国道３６２号,22101,0,7.5,静岡市葵区黒俣,113,静岡市葵区黒俣,114,227,1.18,0.42,25,25.5,3.7,30
22400330010,藤枝大井川線,島田岡部線,上青島焼津線,22214,0,1,藤枝市田沼３丁目381-5,9781,藤枝市田沼３丁目381-5,8763,18544,1.34,1.21,11.9,15.5,13,40
22400330020,藤枝大井川線,上青島焼津線,高洲和田線,22214,0,1.5,藤枝市田沼３丁目381-5,9781,藤枝市田沼３丁目381-5,8763,18544,1.34,1.08,13.2,18.1,13,40
22400330030,藤枝大井川線,高洲和田線,藤枝市・焼津市境,22214,0,2.2,藤枝市大東町1003-7,3160,藤枝市大東町1003-7,2999,6159,1.26,0.72,25.6,25.6,13,40
22400330040,藤枝大井川線,藤枝市・焼津市境,島田大井川線,22212,0,0.4,藤枝市大東町1003-7,3160,藤枝市大東町1003-7,2999,6159,1.26,0.77,25.1,29.4,12.7,40
22400330050,藤枝大井川線,島田大井川線,一般国道１５０号,22212,0,0.5,藤枝市大東町1003-7,3160,藤枝市大東町1003-7,2999,6159,1.26,0.77,32.5,9.5,12.7,40
22400340010,島田吉田線,島田岡部線,島田川根線,22209,0,1.5,島田市本通6丁目8349-2,4768,島田市本通6丁目8349-2,5030,9798,1.27,1.16,16.3,20.4,12,40
22400340020,島田吉田線,島田川根線,島田停車場線,22209,0,0.7,島田市本通6丁目8349-2,4768,島田市本通6丁目8349-2,5030,9798,1.27,1.16,19.8,20.3,12,40
22400340030,島田吉田線,島田停車場線,島田吉田線,22209,0,1.5,島田市本通6丁目8349-2,4768,島田市本通6丁目8349-2,5030,9798,1.27,1.16,18.4,16.8,12,40
22400340130,島田吉田線,島田吉田線,住吉金谷線,22209,0,5,島田市阪本字谷口上4812-4,7169,島田市阪本字谷口上4812-4,7612,14781,1.23,1.51,20.8,33,16,50
22400340290,島田吉田線,住吉金谷線,島田吉田線,22209,0,1,島田市阪本字谷口上4812-4,7169,島田市阪本字谷口上4812-4,7612,14781,1.23,1.51,21.3,23.4,16,50
22400340070,島田吉田線,島田吉田線,島田吉田線,22209,0,0.7,島田市船木328-12,8297,島田市船木328-12,8619,16916,1.23,0.6,25.6,27.1,20,50
22400340080,島田吉田線,島田吉田線,東名高速道路,22209,0,0.8,島田市船木328-12,8297,島田市船木328-12,8619,16916,1.23,0.6,29.1,23.1,20,50
22400340210,島田吉田線,東名高速道路,吉田大東線,22424,0,0.7,榛原郡吉田町神戸1606-10,9480,榛原郡吉田町神戸1606-10,9218,18698,1.32,0.77,29,22.9,22,50
22400340215,島田吉田線,吉田大東線,住吉金谷線,22424,0,0.2,榛原郡吉田町神戸1606-10,9480,榛原郡吉田町神戸1606-10,9218,18698,1.32,0.7,19,13.5,22,50
22400340240,島田吉田線,住吉金谷線,一般国道１５０号,22424,0,1.3,榛原郡吉田町神戸1606-10,9480,榛原郡吉田町神戸1606-10,9218,18698,1.32,0.54,30.3,26,22,50
22400340040,島田吉田線,島田吉田線,河原大井川港線,22209,0,0.7,島田市阪本468-2,7096,島田市阪本468-2,6313,13409,1.29,1.03,21.1,24.7,10.1,40
22400340050,島田吉田線,河原大井川港線,河原大井川港線,22209,0,0.9,島田市阪本468-2,7096,島田市阪本468-2,6313,13409,1.29,1.03,36.3,10.9,10.1,40
22400340060,島田吉田線,河原大井川港線,住吉金谷線,22209,0,2.7,島田市阪本468-2,7096,島田市阪本468-2,6313,13409,1.29,1.03,15.6,28.5,10.1,40
22400340065,島田吉田線,住吉金谷線,島田吉田線,22209,0,0.8,島田市阪本468-2,7096,島田市阪本468-2,6313,13409,1.29,1.03,25.3,23.3,10.1,40
22400340150,島田吉田線,島田吉田線,島田市・吉田町境,22209,0,0.5,,7606,,7752,15358,1.31,0,20.7,27.9,27,40
22400340160,島田吉田線,島田市・吉田町境,吉田町・島田市境,22424,0,0.2,,7606,,7752,15358,1.31,0,47.6,22.8,27,40
22400340170,島田吉田線,吉田町・島田市境,島田市・焼津市境,22209,0,1.2,,7606,,7752,15358,1.31,2.34,33.2,27.9,11.25,40
22400340260,島田吉田線,島田市・焼津市境,河原大井川港線,22212,0,0.7,,7606,,7752,15358,1.31,1.5,34.7,43.3,11.25,50
22400340270,島田吉田線,河原大井川港線,,22212,0,0.3,,7606,,7752,15358,1.31,2.68,23.2,33.3,8.5,30
22400340190,島田吉田線,,,22212,0,1.4,,,,,,,,16.6,12,25.36,50
22400370004,掛川浜岡線,日坂沢田線,掛川市道,22213,0,0.2,掛川市下俣213-7,423,掛川市下俣213-7,1090,1513,1.25,0.26,6.3,20.4,16,40
22400370330,掛川浜岡線,掛川市道,掛川市道,22213,0,0.4,掛川市下俣213-7,423,掛川市下俣213-7,1090,1513,1.25,0.26,19.9,29.2,16,40
22400370010,掛川浜岡線,掛川市道,掛川停車場線,22213,0,0.7,掛川市下俣213-7,423,掛川市下俣213-7,1090,1513,1.25,0.26,22.3,21,16,40
22400370020,掛川浜岡線,掛川停車場線,掛川停車場線,22213,0,0.2,掛川市下俣213-7,423,掛川市下俣213-7,1090,1513,1.25,0.26,12.5,14.2,16,40
22400370030,掛川浜岡線,掛川停車場線,掛川大東線,22213,0,0.5,掛川市下俣213-7,423,掛川市下俣213-7,1090,1513,1.25,0.26,15.4,12.9,16,40
22400370040,掛川浜岡線,掛川大東線,掛川市・菊川市境,22213,0,3.9,掛川市満水553-1,4588,掛川市満水553-1,4239,8827,1.27,0.65,28.2,34.1,11.8,50
22400370050,掛川浜岡線,掛川市・菊川市境,菊川停車場伊達方線,22224,0,1.5,掛川市満水553-1,4588,掛川市満水553-1,4239,8827,1.27,0.6,43.8,38.7,9.95,50
22400370060,掛川浜岡線,菊川停車場伊達方線,吉田大東線,22224,0,1.6,菊川市西方1273-9,7083,菊川市西方1273-9,6725,13808,1.29,1.29,23.8,22.2,11.2,40
22400370070,掛川浜岡線,吉田大東線,吉田大東線,22224,0,0.8,菊川市西方1273-9,7083,菊川市西方1273-9,6725,13808,1.29,1.29,15.7,22,11.2,40
22400370210,掛川浜岡線,吉田大東線,吉田大東線,22224,0,1.7,菊川市加茂137-1,6237,菊川市加茂137-1,6181,12418,1.27,1.06,21.2,17.1,16,50
22400370220,掛川浜岡線,吉田大東線,菊川市道,22224,0,2.4,菊川市加茂5242,7926,菊川市加茂5242,7950,15876,1.31,1.13,29.3,30.4,16,50
22400370105,掛川浜岡線,菊川市道,掛川浜岡線,22224,0,0.2,菊川市奈良野590-7,9435,菊川市奈良野590-7,10962,20397,1.31,1.86,15.4,15.5,17,40
22400370110,掛川浜岡線,掛川浜岡線,小笠掛川線,22224,0,0.4,菊川市奈良野590-7,9435,菊川市奈良野590-7,10962,20397,1.31,1.96,15,24.7,7,40
22400370120,掛川浜岡線,小笠掛川線,相良大須賀線,22224,0,1.7,菊川市奈良野590-7,9435,菊川市奈良野590-7,10962,20397,1.31,1.59,36.6,37.3,9.6,40
22400370130,掛川浜岡線,相良大須賀線,相良大須賀線,22224,0,0.2,菊川市赤土1346-3,4849,菊川市赤土1346-3,4310,9159,1.26,0.79,23.7,25.8,13.2,40
22400370140,掛川浜岡線,相良大須賀線,袋井小笠線,22224,0,2.4,菊川市赤土1346-3,4849,菊川市赤土1346-3,4310,9159,1.26,0.79,28.5,29.6,13.2,40
22400370150,掛川浜岡線,袋井小笠線,大東菊川線,22224,0,0.4,御前崎市池新田793-2,5648,御前崎市池新田793-2,5448,11096,1.28,1.1,26.2,25.8,16,40
22400370160,掛川浜岡線,大東菊川線,菊川市・御前崎市境,22224,0,1,御前崎市池新田793-2,5648,御前崎市池新田793-2,5448,11096,1.28,1.1,38.8,43.9,16,40
22400370170,掛川浜岡線,菊川市・御前崎市境,掛川浜岡線,22223,0,2.9,御前崎市池新田793-2,5648,御前崎市池新田793-2,5448,11096,1.28,1.08,38.2,34.1,16,50
22400370180,掛川浜岡線,掛川浜岡線,大東相良線,22223,0,0.5,御前崎市池新田2499-1,3403,御前崎市池新田2499-1,3911,7314,1.26,0.55,19.2,23.9,16,50
22400370190,掛川浜岡線,大東相良線,一般国道１５０号,22223,0,1.5,御前崎市池新田2499-1,3403,御前崎市池新田2499-1,3911,7314,1.26,0.57,25.6,27.2,16,40
22400370310,掛川浜岡線,掛川浜岡線,,22224,0,0.6,菊川市赤土1346-3,4849,菊川市赤土1346-3,4310,9159,1.26,0.62,36.8,46.3,16,50
22400370290,掛川浜岡線,,相良大須賀線,22224,0,1,菊川市赤土1346-3,4849,菊川市赤土1346-3,4310,9159,1.26,0.62,46.1,44.3,16,50
22400370250,掛川浜岡線,相良大須賀線,,22224,0,0.3,,,,,,,,34.6,25.5,16,50
22400370240,掛川浜岡線,,,22224,0,0.9,,,,,,,,37,36.7,16,40
22400370270,掛川浜岡線,掛川浜岡線,相良浜岡線,22223,0,1.1,御前崎市池新田3021-2,2954,御前崎市池新田3021-2,3075,6029,1.27,0.71,33,27,16,50
22400380010,掛川大東線,掛川浜岡線,東名高速道路,22213,0,1.2,掛川市上張243,7498,掛川市上張243,7343,14841,1.22,1.15,11.9,15.9,11.4,50
22400380020,掛川大東線,東名高速道路,小笠掛川線,22213,0,2.3,掛川市上張243,7498,掛川市上張243,7343,14841,1.22,1.15,29.9,27.7,11.4,50
22400380030,掛川大東線,小笠掛川線,掛川大東大須賀線,22213,0,0.6,掛川市高瀬1392-3,7137,掛川市高瀬1392-3,6740,13877,1.29,1.2,35.2,27.4,9.5,50
22400380040,掛川大東線,掛川大東大須賀線,吉田大東線,22213,0,3.1,掛川市高瀬1392-3,7137,掛川市高瀬1392-3,6740,13877,1.29,1.2,38.6,31.3,9.5,50
22400380050,掛川大東線,吉田大東線,袋井小笠線,22213,0,2.4,掛川市大坂542-1,4069,掛川市大坂542-1,4124,8193,1.26,0.59,39.6,41.3,14,50
22400380060,掛川大東線,袋井小笠線,相良大須賀線,22213,0,3,掛川市大坂542-1,4069,掛川市大坂542-1,4124,8193,1.26,0.59,39.8,38.5,14,50
22400380070,掛川大東線,相良大須賀線,相良大須賀線,22213,0,0.8,掛川市大坂542-1,4069,掛川市大坂542-1,4124,8193,1.26,0.59,18.6,18.9,14,50
22400380080,掛川大東線,相良大須賀線,一般国道１５０号,22213,0,1.1,掛川市大坂542-1,4069,掛川市大坂542-1,4124,8193,1.26,0.59,34.5,27.4,14,50
22400390010,掛川川根線,日坂沢田線,一般国道１号（掛川ＢＰ）,22213,0,1.3,掛川市弥生町234,5857,掛川市弥生町234,6471,12328,1.27,0.56,23.6,25.5,13.9,50
22400390020,掛川川根線,一般国道１号（掛川ＢＰ）,方の橋薗ケ谷線,22213,0,0.4,掛川市弥生町234,5857,掛川市弥生町234,6471,12328,1.27,0.56,22.2,15.5,13.9,50
22400390030,掛川川根線,方の橋薗ケ谷線,焼津森線,22213,0,1.9,掛川市上西郷4639-1,646,掛川市上西郷4639-1,609,1255,1.23,0.08,33.5,33,13.9,50
22400390040,掛川川根線,焼津森線,大和田森線,22213,0,6.1,掛川市上西郷4639-1,646,掛川市上西郷4639-1,609,1255,1.23,0.19,38.9,47.7,11.1,40
22400390050,掛川川根線,大和田森線,,22213,0,3.6,掛川市上西郷4639-1,646,掛川市上西郷4639-1,609,1255,1.23,0.19,41.7,36.6,11.1,40
22400390070,掛川川根線,,掛川市・島田市境,22213,0,8.6,,,,,,,,,,2.5,20
22400390080,掛川川根線,掛川市・島田市境,,22209,0,4.2,,,,,,,,,,0.6,20
22400390100,掛川川根線,,藤枝天竜線,22209,0,1,,,,,,,,,,9,30
22400400010,掛川天竜線,日坂沢田線,一般国道１号（掛川ＢＰ）,22213,0,0.4,掛川市冨部653-6,6956,掛川市冨部653-6,7019,13975,1.29,1.04,14.3,16.8,12.5,50
22400400020,掛川天竜線,一般国道１号（掛川ＢＰ）,掛川山梨線,22213,0,2.3,掛川市冨部653-6,6956,掛川市冨部653-6,7019,13975,1.29,1.04,20.5,27.9,12.5,50
22400400030,掛川天竜線,掛川山梨線,焼津森線,22213,0,2.9,掛川市冨部653-6,6956,掛川市冨部653-6,7019,13975,1.29,1.04,39.8,35.9,12.5,50
22400400040,掛川天竜線,焼津森線,大和田森線,22213,0,1.8,掛川市幡鎌597-1,6440,掛川市幡鎌597-1,6340,12780,1.28,1.2,25.1,28.4,11.5,50
22400400050,掛川天竜線,大和田森線,掛川天竜線,22213,0,0.7,掛川市幡鎌597-1,6440,掛川市幡鎌597-1,6340,12780,1.28,1.2,43,42.7,11.5,50
22400400060,掛川天竜線,掛川天竜線,新東名高速道路,22213,0,0.4,掛川市幡鎌597-1,6440,掛川市幡鎌597-1,6340,12780,1.28,1.21,34.9,30.2,11.25,50
22400400070,掛川天竜線,新東名高速道路,掛川天竜線,22461,0,0.1,掛川市幡鎌597-1,6440,掛川市幡鎌597-1,6340,12780,1.28,1.37,18.8,20,15.2,50
22400400080,掛川天竜線,掛川天竜線,袋井春野線,22461,0,1.9,周智郡森町睦実638,4404,周智郡森町睦実638,4264,8668,1.26,0.73,43.8,44.3,14,50
22400400090,掛川天竜線,袋井春野線,山梨一宮線,22461,0,1.9,周智郡森町草ケ谷417					,3779,周智郡森町草ケ谷417					,3589,7368,1.26,0.74,34.1,33,12.5,50
22400400095,掛川天竜線,山梨一宮線,森町町道,22461,0,0.4,周智郡森町草ケ谷417					,3779,周智郡森町草ケ谷417					,3589,7368,1.26,0.71,32.9,29.8,11.5,50
22400400100,掛川天竜線,森町町道,宮代赤根線,22461,0,1,周智郡森町草ケ谷417					,3779,周智郡森町草ケ谷417					,3589,7368,1.26,0.65,39.5,41.6,12.6,50
22400400110,掛川天竜線,宮代赤根線,焼津森線,22461,0,0.2,周智郡森町草ケ谷417					,3779,周智郡森町草ケ谷417					,3589,7368,1.26,0.83,31,30.1,12.8,50
22400400120,掛川天竜線,焼津森線,遠江一宮停車場線,22461,0,0.5,周智郡森町一宮175					,5373,周智郡森町一宮175					,5554,10927,1.27,1.03,31.5,31.9,12.4,50
22400400130,掛川天竜線,遠江一宮停車場線,森町・袋井市境,22461,0,1.4,周智郡森町一宮175					,5373,周智郡森町一宮175					,5554,10927,1.27,1.03,48.6,47,12.4,50
22400400140,掛川天竜線,森町・袋井市境,袋井市・磐田市境,22216,0,0.2,周智郡森町一宮175					,5373,周智郡森町一宮175					,5554,10927,1.27,1.03,44.7,45.4,11.3,50
22400400150,掛川天竜線,袋井市・磐田市境,山梨敷地停車場線,22211,0,0.5,周智郡森町一宮175					,5373,周智郡森町一宮175					,5554,10927,1.27,1.07,37.4,20.7,12,50
22400400160,掛川天竜線,山梨敷地停車場線,山梨敷地停車場線,22211,0,0.6,周智郡森町一宮175					,5373,周智郡森町一宮175					,5554,10927,1.27,1.07,21.9,35,12,50
22400400170,掛川天竜線,山梨敷地停車場線,横川磐田線,22211,0,0.6,周智郡森町一宮175					,5373,周智郡森町一宮175					,5554,10927,1.27,1.07,44.5,37.5,12,50
22400400180,掛川天竜線,横川磐田線,磐田天竜線,22211,0,2.2,磐田市下野部827-5					,3352,磐田市下野部827-5					,3395,6747,1.26,0.86,37.2,38.8,10.3,50
22400400190,掛川天竜線,磐田天竜線,上野部停車場線,22211,0,0.4,磐田市下野部827-5					,3352,磐田市下野部827-5					,3395,6747,1.26,0.94,29.3,33.5,9.9,40
22400400200,掛川天竜線,上野部停車場線,上野部豊田竜洋線,22211,0,1.5,磐田市下野部827-5					,3352,磐田市下野部827-5					,3395,6747,1.26,0.94,37.8,30.5,9.9,40
22400400210,掛川天竜線,上野部豊田竜洋線,,22211,0,1.1,磐田市下野部827-5					,3352,磐田市下野部827-5					,3395,6747,1.26,0.94,37.2,22.8,9.9,40
22400400220,掛川天竜線,,一般国道１５２号,22137,0,0.1,浜松市天竜区二俣町阿蔵115,6268,浜松市天竜区二俣町阿蔵115,6222,12490,1.29,0.76,37.1,10,15,40
22400400230,掛川天竜線,一般国道１５２号,一般国道１５２号,22137,0,1.1,浜松市天竜区二俣町阿蔵115,6268,浜松市天竜区二俣町阿蔵115,6222,12490,1.29,0.76,17.9,13,15,40
22400400250,掛川天竜線,掛川天竜線,掛川天竜線,22213,0,0.4,,5868,,5621,11489,1.28,9.62,25.8,31.2,5.2,40
22400410010,袋井大須賀線,磐田袋井線,掛川袋井線,22216,0,0.1,袋井市諸井1940-2					,6696,袋井市諸井1940-2					,7044,13740,1.25,1.14,12.1,18.3,13.85,40
22400410020,袋井大須賀線,掛川袋井線,中野諸井線,22216,0,3.5,袋井市諸井1940-2					,6696,袋井市諸井1940-2					,7044,13740,1.25,1.14,22.1,23.4,13.85,40
22400410030,袋井大須賀線,中野諸井線,磐田掛川線,22216,0,1.1,袋井市諸井1940-2					,6696,袋井市諸井1940-2					,7044,13740,1.25,1.14,30.3,26.2,13.85,40
22400410040,袋井大須賀線,磐田掛川線,西同笠浅羽線,22216,0,0.8,袋井市諸井1940-2					,6696,袋井市諸井1940-2					,7044,13740,1.25,1.14,31.7,28.3,13.85,40
22400410050,袋井大須賀線,西同笠浅羽線,袋井市・掛川市境,22216,0,3.1,袋井市山崎4825-2					,3467,袋井市山崎4825-2					,3298,6765,1.26,0.64,35.6,35.4,11.15,40
22400410060,袋井大須賀線,袋井市・掛川市境,相良大須賀線,22213,0,2,袋井市山崎4825-2					,3467,袋井市山崎4825-2					,3298,6765,1.26,0.66,35.8,35.9,10,40
22400410070,袋井大須賀線,相良大須賀線,一般国道１５０号,22213,0,1,袋井市山崎4825-2					,3467,袋井市山崎4825-2					,3298,6765,1.26,0.66,32.4,30.5,10,40
22400430010,磐田福田線,磐田袋井線,磐田掛川線,22211,0,1.7,磐田市二之宮東3-2					,10250,磐田市二之宮東3-2					,8809,19059,1.34,0.23,15.1,21.4,20,50
22400430015,磐田福田線,磐田掛川線,磐田掛川線,22211,0,0.2,磐田市大原2923-1					,4577,磐田市大原2923-1					,4346,8923,1.26,0.3,16.2,10,20,40
22400430020,磐田福田線,磐田掛川線,一般国道１５０号,22211,0,4.4,磐田市大原2923-1					,4577,磐田市大原2923-1					,4346,8923,1.26,0.78,23.9,26,12.7,40
22400440010,磐田天竜線,磐田袋井線,一般国道１号（磐田ＢＰ）,22211,0,1.5,磐田市富丘971-3					,5994,磐田市富丘971-3					,5754,11748,1.28,0.9,15.4,22.4,16,40
22400440020,磐田天竜線,一般国道１号（磐田ＢＰ）,豊田竜洋線,22211,0,1.1,磐田市富丘971-3					,5994,磐田市富丘971-3					,5754,11748,1.28,0.9,13.3,20.7,16,40
22400440030,磐田天竜線,豊田竜洋線,磐田市道,22211,0,1.4,磐田市富丘971-3					,5994,磐田市富丘971-3					,5754,11748,1.28,0.77,34.9,37.5,10.5,40
22400440040,磐田天竜線,磐田市道,浜松袋井線,22211,0,1.3,磐田市富丘971-3					,5994,磐田市富丘971-3					,5754,11748,1.28,0.77,35.1,18.7,10.5,40
22400440050,磐田天竜線,浜松袋井線,浜北袋井線,22211,0,5.3,磐田市富丘971-3					,5994,磐田市富丘971-3					,5754,11748,1.28,0.77,39.6,38.3,10.5,40
22400440060,磐田天竜線,浜北袋井線,浜北袋井線,22211,0,0.8,磐田市上神増979-1					,1888,磐田市上神増979-1					,2223,4111,1.25,0.52,26.5,31.7,10.5,40
22400440070,磐田天竜線,浜北袋井線,掛川天竜線,22211,0,2.5,磐田市上神増979-1					,1888,磐田市上神増979-1					,2223,4111,1.25,0.52,31.2,31.1,10.5,40
22400450010,天竜浜松線,一般国道１５２号,二俣浜松線,22137,0,0.1,浜松市浜北区中瀬3022-1,2115,浜松市浜北区中瀬3022-1,2285,4400,1.25,0.43,9.8,19.6,12,40
22400450020,天竜浜松線,二俣浜松線,浜松市天竜区・浜松市浜北区境,22137,0,1.1,浜松市浜北区中瀬3022-1,2115,浜松市浜北区中瀬3022-1,2285,4400,1.25,0.43,15.5,25.4,12,40
22400450030,天竜浜松線,浜松市天竜区・浜松市浜北区境,一般国道１５２号,22136,0,1.7,浜松市浜北区中瀬3022-1,2115,浜松市浜北区中瀬3022-1,2285,4400,1.25,0.16,27.7,21,27,40
22400450040,天竜浜松線,一般国道１５２号,天竜浜松線,22136,0,0.4,浜松市浜北区中瀬3022-1,2115,浜松市浜北区中瀬3022-1,2285,4400,1.25,0.16,15.5,14.9,27,40
22400450050,天竜浜松線,天竜浜松線,浜北袋井線,22136,0,1.5,浜松市浜北区中瀬3022-1,2115,浜松市浜北区中瀬3022-1,2285,4400,1.25,0.16,28.5,33.2,27,40
22400450060,天竜浜松線,浜北袋井線,高薗貴布祢線,22136,0,2,浜松市東区豊町1990-1,5761,浜松市東区豊町1990-1,5077,10838,1.28,1.08,28.1,24.9,8,40
22400450070,天竜浜松線,高薗貴布祢線,浜松市浜北区・浜松市東区境,22136,0,0.7,浜松市東区豊町1990-1,5761,浜松市東区豊町1990-1,5077,10838,1.28,1.08,24.1,31.3,8,40
22400450080,天竜浜松線,浜松市浜北区・浜松市東区境,小松笠井線,22132,0,1.3,浜松市東区豊町1990-1,5761,浜松市東区豊町1990-1,5077,10838,1.28,1.02,30.4,29.8,8.7,40
22400450090,天竜浜松線,小松笠井線,浜松環状線,22132,0,0.2,浜松市東区豊町1990-1,5761,浜松市東区豊町1990-1,5077,10838,1.28,1.02,23.5,28.6,8.7,40
22400450100,天竜浜松線,浜松環状線,浜松袋井線,22132,0,0.8,浜松市東区豊町1990-1,5761,浜松市東区豊町1990-1,5077,10838,1.28,1.02,23.3,25.1,8.7,40
22400450110,天竜浜松線,浜松袋井線,笠井飯田線,22132,0,0.5,浜松市東区豊町1990-1,5761,浜松市東区豊町1990-1,5077,10838,1.28,1.02,22.2,24.7,8.7,40
22400450120,天竜浜松線,笠井飯田線,浜松環状線,22132,0,0.4,浜松市東区豊町1990-1,5761,浜松市東区豊町1990-1,5077,10838,1.28,1.02,21.1,17.9,8.7,40
22400450130,天竜浜松線,浜松環状線,磐田細江線,22132,0,2.3,浜松市東区上石田町,7075,浜松市東区上石田町,7143,14218,1.29,1.23,27.8,19.1,10,40
22400450140,天竜浜松線,磐田細江線,熊小松天竜川停車場線,22132,0,0.5,浜松市東区宮竹町322-1,8691,浜松市東区宮竹町322-1,7438,16129,1.31,1.28,20.8,12,10,40
22400450150,天竜浜松線,熊小松天竜川停車場線,一般国道１５２号,22132,0,2.4,浜松市東区宮竹町322-1,8691,浜松市東区宮竹町322-1,7438,16129,1.31,1.28,16.2,15.1,10,40
22400450170,天竜浜松線,一般国道１５２号,天竜浜松線,22136,0,0.4,浜松市浜北区中瀬１丁目,6819,浜松市浜北区中瀬１丁目,5689,12508,1.28,1.11,29.1,23.2,6.5,40
22400450190,天竜浜松線,小松笠井線,浜松市浜北区・浜松市東区境,22136,0,0.4,浜松市浜北区寺島,3722,浜松市浜北区寺島,3132,6854,1.26,0.37,24.1,35.4,25,50
22400450200,天竜浜松線,浜松市浜北区・浜松市東区境,浜松環状線,22132,0,0.5,浜松市浜北区寺島,3722,浜松市浜北区寺島,3132,6854,1.26,0.37,35,24.3,25,50
22400470005,引佐六郎沢線,一般国道２５７号,一般国道４７４号（三遠南信道）,22135,0,1,浜松市北区引佐町東黒田,1669,浜松市北区引佐町東黒田,1557,3226,1.2,0.45,39.9,51.5,15,40
22400470010,引佐六郎沢線,一般国道４７４号（三遠南信道）,長沢田沢線,22135,0,0.7,浜松市北区引佐町東黒田,1669,浜松市北区引佐町東黒田,1557,3226,1.2,0.45,35.4,47.7,15,40
22400470020,引佐六郎沢線,長沢田沢線,長沢田沢線,22135,0,1.2,浜松市北区引佐町東黒田,1669,浜松市北区引佐町東黒田,1557,3226,1.2,0.45,47.8,48.1,15,40
22400470030,引佐六郎沢線,長沢田沢線,渋川都田停車場線,22135,0,4,浜松市北区引佐町東黒田,1669,浜松市北区引佐町東黒田,1557,3226,1.2,0.45,40.8,43.5,15,40
22400470040,引佐六郎沢線,渋川都田停車場線,渋川鳳来線,22135,0,0.3,浜松市北区引佐町渋川3407-2,164,浜松市北区引佐町渋川3407-2,118,282,1.18,0.11,25.7,26.4,6.1,60
22400470050,引佐六郎沢線,渋川鳳来線,浜松市北区・浜松市天竜区境,22135,0,4.1,浜松市北区引佐町渋川3407-2,164,浜松市北区引佐町渋川3407-2,118,282,1.18,0.11,27.3,26.2,6.1,60
22400470060,引佐六郎沢線,浜松市北区・浜松市天竜区境,天竜東栄線,22137,0,3.7,浜松市北区引佐町渋川3407-2,164,浜松市北区引佐町渋川3407-2,118,282,1.18,1.06,27.3,26.2,3.6,60
22400480010,舘山寺鹿谷線,,引佐舘山寺線,22133,0,0.4,浜松市西区平松町2016-1,4313,浜松市西区平松町2016-1,4365,8678,1.27,0.7,15.8,14.4,11.1,40
22400480020,舘山寺鹿谷線,引佐舘山寺線,舘山寺弁天島線,22133,0,0.2,浜松市西区平松町2016-1,4313,浜松市西区平松町2016-1,4365,8678,1.27,0.7,18.9,16.7,11.1,40
22400480030,舘山寺鹿谷線,舘山寺弁天島線,舘山寺弁天島線,22133,0,0.5,浜松市西区平松町2016-1,4313,浜松市西区平松町2016-1,4365,8678,1.27,0.7,22.4,20.7,11.1,40
22400480040,舘山寺鹿谷線,舘山寺弁天島線,村櫛三方原線,22133,0,3.1,浜松市西区平松町2016-1,4313,浜松市西区平松町2016-1,4365,8678,1.27,0.7,38.2,39.7,11.1,40
22400480050,舘山寺鹿谷線,村櫛三方原線,細江舞阪線,22133,0,0.9,浜松市西区和地町5680-1,5053,浜松市西区和地町5680-1,5071,10124,1.27,0.72,31.2,18.5,8.5,40
22400480060,舘山寺鹿谷線,細江舞阪線,細江舞阪線,22133,0,0.3,浜松市西区和地町5680-1,5053,浜松市西区和地町5680-1,5071,10124,1.27,0.72,16.9,17.8,8.5,40
22400480070,舘山寺鹿谷線,細江舞阪線,湖東和合線,22133,0,0.8,浜松市西区和地町5680-1,5053,浜松市西区和地町5680-1,5071,10124,1.27,0.72,23.5,22.3,8.5,40
22400480080,舘山寺鹿谷線,湖東和合線,浜松環状線,22133,0,0.8,浜松市中区富塚町1949-1,5681,浜松市中区富塚町1949-1,5504,11185,1.21,1.03,22.1,18.5,9.5,40
22400480090,舘山寺鹿谷線,浜松環状線,浜松市西区・浜松市中区境,22133,0,2.8,浜松市中区富塚町1949-1,5681,浜松市中区富塚町1949-1,5504,11185,1.21,1.03,17.3,19.6,9.5,40
22400480100,舘山寺鹿谷線,浜松市西区・浜松市中区境,上島柏原線,22131,0,0.3,浜松市中区富塚町1949-1,5681,浜松市中区富塚町1949-1,5504,11185,1.21,0.83,13.9,15.5,18,40
22400480110,舘山寺鹿谷線,上島柏原線,宇布見浜松線,22131,0,1.2,浜松市中区富塚町1949-1,5681,浜松市中区富塚町1949-1,5504,11185,1.21,0.83,19.8,21,18,40
22400480120,舘山寺鹿谷線,宇布見浜松線,宇布見浜松線,22131,0,1.2,浜松市中区富塚町1949-1,5681,浜松市中区富塚町1949-1,5504,11185,1.21,0.83,20,19.3,18,40
22400480130,舘山寺鹿谷線,宇布見浜松線,舘山寺鹿谷線,22131,0,0.7,浜松市中区富塚町1949-1,5681,浜松市中区富塚町1949-1,5504,11185,1.21,0.83,20.9,19.7,18,40
22400480140,舘山寺鹿谷線,舘山寺鹿谷線,（足）植松和地線,22131,0,0.1,浜松市中区富塚町1949-1,5681,浜松市中区富塚町1949-1,5504,11185,1.21,0.65,12.5,4.9,22,50
22400480145,舘山寺鹿谷線,（足）植松和地線,舘山寺鹿谷線,22131,0,0.1,浜松市中区富塚町1949-1,5681,浜松市中区富塚町1949-1,5504,11185,1.21,0.65,23.6,6.5,22,50
22400480150,舘山寺鹿谷線,舘山寺鹿谷線,一般国道２５７号,22131,0,0.1,浜松市中区富塚町1949-1,5681,浜松市中区富塚町1949-1,5504,11185,1.21,0.65,15.2,5.5,22,50
22400480170,舘山寺鹿谷線,舘山寺鹿谷線,舘山寺鹿谷線,22131,0,0.1,浜松市中区布橋2丁目356-2,380,浜松市中区布橋2丁目356-2,604,984,1.17,0.14,23.6,10.1,6.6,40
22400480180,舘山寺鹿谷線,舘山寺鹿谷線,一般国道２５７号,22131,0,0.1,浜松市中区鹿谷町391,706,浜松市中区鹿谷町391,106,812,1.19,0.2,13.3,21.2,6.6,40
22400490010,細江舞阪線,一般国道３６２号,引佐舘山寺線,22135,0,2.7,浜松市北区細江町気賀201-2,3676,浜松市北区細江町気賀201-2,3649,7325,1.27,0.67,27.6,26.8,11.5,40
22400490020,細江舞阪線,引佐舘山寺線,浜松市北区・浜松市西区境,22135,0,1.7,浜松市西区和地町3532-1,3371,浜松市西区和地町3532-1,3591,6962,1.26,0.81,45,49.1,12,40
22400490030,細江舞阪線,浜松市北区・浜松市西区境,金指停車場和地線,22133,0,0.4,浜松市西区和地町3532-1,3371,浜松市西区和地町3532-1,3591,6962,1.26,0.87,38.3,35.2,11,40
22400490040,細江舞阪線,金指停車場和地線,湖東舘山寺線,22133,0,1.2,浜松市西区和地町3532-1,3371,浜松市西区和地町3532-1,3591,6962,1.26,0.87,30.8,36.2,11,40
22400490050,細江舞阪線,湖東舘山寺線,舘山寺鹿谷線,22133,0,0.3,浜松市西区和地町3532-1,3371,浜松市西区和地町3532-1,3591,6962,1.26,0.87,19.7,15.7,11,40
22400490070,細江舞阪線,舘山寺鹿谷線,村櫛三方原線,22133,0,5.6,浜松市西区古人見町1066-1,5143,浜松市西区古人見町1066-1,5294,10437,1.28,0.77,27.9,32.7,10.7,50
22400490080,細江舞阪線,村櫛三方原線,浜松市道雄踏小山山崎線,22133,0,1.4,浜松市西区古人見町1066-1,5143,浜松市西区古人見町1066-1,5294,10437,1.28,0.77,38.3,39.3,10.7,50
22400490090,細江舞阪線,浜松市道雄踏小山山崎線,舘山寺弁天島線,22133,0,1.5,浜松市西区雄踏町宇布見9611-1,6424,浜松市西区雄踏町宇布見9611-1,7098,13522,1.29,1.28,32,25.2,9.3,40
22400490100,細江舞阪線,舘山寺弁天島線,浜松雄踏線,22133,0,1.7,浜松市西区雄踏町宇布見9611-1,6424,浜松市西区雄踏町宇布見9611-1,7098,13522,1.29,1.28,37.3,35,9.3,40
22400490110,細江舞阪線,浜松雄踏線,細江舞阪線,22133,0,1.3,浜松市西区雄踏町宇布見9611-1,6424,浜松市西区雄踏町宇布見9611-1,7098,13522,1.29,1.28,19.8,25.5,9.3,40
22400490120,細江舞阪線,細江舞阪線,一般国道３０１号,22133,0,0.3,浜松市西区雄踏町宇布見9611-1,6424,浜松市西区雄踏町宇布見9611-1,7098,13522,1.29,1.28,17.1,9.1,9.3,40
22400490130,細江舞阪線,一般国道３０１号,一般国道１号（浜名ＢＰ）,22133,0,0.4,浜松市西区雄踏町宇布見9611-1,6424,浜松市西区雄踏町宇布見9611-1,7098,13522,1.29,1.28,19.8,31.1,9.3,40
22400490150,細江舞阪線,細江舞阪線,舞阪停車場線,22133,0,0.2,浜松市西区雄踏町宇布見9611-1,6424,浜松市西区雄踏町宇布見9611-1,7098,13522,1.29,1.56,15.1,21.1,19.4,40
22400490160,細江舞阪線,舞阪停車場線,一般国道３０１号,22133,0,0.8,浜松市西区雄踏町宇布見9611-1,6424,浜松市西区雄踏町宇布見9611-1,7098,13522,1.29,1.56,27.9,21.1,19.4,40
22400500010,伊東停車場線,,一般国道１３５号,22208,0,0.2,伊東市湯川2丁目17-8,3238,伊東市湯川2丁目17-8,2960,6198,1.27,0.44,17.3,8,14.4,40
22400510010,三島停車場線,,三島富士線,22206,0,0.7,三島市大宮町1丁目1,7992,三島市大宮町1丁目1,8015,16007,1.31,1.45,11.2,9.7,14.6,40
22400510020,三島停車場線,三島富士線,一般国道１号,22206,0,1,三島市大宮町1丁目1,7992,三島市大宮町1丁目1,8015,16007,1.31,1.45,14.8,15.2,14.6,40
22400520010,沼津停車場線,沼津停車場東沢田線,沼津港線,22203,0,0.3,沼津市大手町3丁目5-21,4636,沼津市大手町3丁目5-21,4388,9024,1.38,0.32,9.4,11.8,24.6,40
22400530010,富士宮停車場線,富士富士宮由比線,富士富士宮線,22207,0,0.3,富士宮市中央町9-13,5038,富士宮市中央町9-13,3126,8164,1.31,0.63,10.9,19.9,20,40
22400540010,清水停車場線,,一般国道１号,22103,0,0.1,静岡市清水区本郷町,3679,静岡市清水区本郷町,1990,5669,1.26,0.47,10.7,5.3,30.1,50
22400540025,清水停車場線,一般国道１号,辻町北脇３号線,22103,0,0.6,静岡市清水区八坂南町,7190,静岡市清水区八坂南町,8470,15660,1.35,1.24,22.5,27.3,19.2,50
22400540030,清水停車場線,辻町北脇３号線,一般国道１号（静清ＢＰ）,22103,0,0.7,静岡市清水区八坂南町,9510,静岡市清水区八坂南町,10479,19989,1.35,0.7,16.7,9.2,20,50
22400550010,島田停車場線,,島田吉田線,22209,0,0.2,島田市日之出町1-17,1112,島田市日之出町1-17,1320,2432,1.27,0.27,14.5,16.7,16,40
22400550020,島田停車場線,島田吉田線,島田岡部線,22209,0,0.6,島田市日之出町1-17,1112,島田市日之出町1-17,1320,2432,1.27,0.27,14,12.7,16,40
22400550030,島田停車場線,島田岡部線,島田岡部線,22209,0,0.3,島田市日之出町1-17,1112,島田市日之出町1-17,1320,2432,1.27,0.26,20.6,14.9,13.6,50
22400560010,磐田停車場線,磐田竜洋線,磐田細江線,22211,0,0.7,磐田市中泉115-11					,3540,磐田市中泉115-11					,3568,7108,1.26,0.55,16.9,11.5,15,40
22400560020,磐田停車場線,磐田細江線,磐田袋井線,22211,0,0.8,磐田市中泉115-11					,3540,磐田市中泉115-11					,3568,7108,1.26,0.55,16.7,13.3,15,40
22400580010,袋井春野線,掛川袋井線,一般国道１号（袋井ＢＰ）,22216,0,0.7,袋井市葵町3丁目1-7,6543,袋井市葵町3丁目1-7,5491,12034,1.21,1.13,16.5,19.6,16,40
22400580020,袋井春野線,一般国道１号（袋井ＢＰ）,山梨敷地停車場線,22216,0,3.2,袋井市葵町3丁目1-7,6543,袋井市葵町3丁目1-7,5491,12034,1.21,1.13,22.7,20.4,16,40
22400580030,袋井春野線,山梨敷地停車場線,掛川山梨線,22216,0,0.7,袋井市葵町3丁目1-7,6543,袋井市葵町3丁目1-7,5491,12034,1.21,1.13,24.6,24.7,16,40
22400580040,袋井春野線,掛川山梨線,袋井市・森町境,22216,0,0.5,周智郡森町飯田3310-1					,4527,周智郡森町飯田3310-1					,4616,9143,1.27,0.94,39.5,33.9,12.1,40
22400580050,袋井春野線,袋井市・森町境,焼津森線,22461,0,1.5,周智郡森町飯田3310-1					,4527,周智郡森町飯田3310-1					,4616,9143,1.27,1.05,38.6,29.7,8.2,40
22400580060,袋井春野線,焼津森線,焼津森線,22461,0,1,周智郡森町飯田3310-1					,4527,周智郡森町飯田3310-1					,4616,9143,1.27,1.05,22.8,25.2,8.2,40
22400580070,袋井春野線,焼津森線,掛川天竜線,22461,0,1.6,周智郡森町飯田3310-1					,4527,周智郡森町飯田3310-1					,4616,9143,1.27,1.05,35.3,33.1,8.2,40
22400580080,袋井春野線,掛川天竜線,遠江森停車場線,22461,0,1.3,周智郡森町飯田3310-1					,4527,周智郡森町飯田3310-1					,4616,9143,1.27,0.96,31.3,26.2,8.8,40
22400580090,袋井春野線,遠江森停車場線,大河内森線,22461,0,2.8,周智郡森町飯田3310-1					,4527,周智郡森町飯田3310-1					,4616,9143,1.27,0.88,39.5,40.6,10.5,40
22400580095,袋井春野線,大河内森線,森町町道,22461,0,6,周智郡森町西俣147					,1271,周智郡森町西俣147					,1194,2465,1.23,0.31,47.2,47.7,10,50
22400580150,袋井春野線,森町町道,藤枝天竜線,22461,0,0.5,周智郡森町三倉3453					,716,周智郡森町三倉3453					,680,1396,1.18,0.17,52.9,47.7,10.7,40
22400580110,袋井春野線,藤枝天竜線,藤枝天竜線,22461,0,0.7,周智郡森町三倉3453					,716,周智郡森町三倉3453					,680,1396,1.18,0.18,49.5,46.7,10.1,40
22400580120,袋井春野線,藤枝天竜線,,22461,0,4.3,周智郡森町三倉3453					,716,周智郡森町三倉3453					,680,1396,1.18,0.16,46.7,43.5,10.4,40
22400580130,袋井春野線,,一般国道３６２号,22137,0,5.6,浜松市天竜区春野町堀之内,600,浜松市天竜区春野町堀之内,636,1236,1.17,0.15,46.9,45.8,7,40
22400590010,伊東西伊豆線,伊東修善寺線,伊東市・伊豆市境,22208,0,7.6,伊東市鎌田246-6,603,伊東市鎌田246-6,683,1286,1.18,0.18,32.1,32.9,7,30
22400590020,伊東西伊豆線,伊東市・伊豆市境,伊東修善寺線,22222,0,3.7,伊東市鎌田246-6,603,伊東市鎌田246-6,683,1286,1.18,0.19,32.9,35.7,6.5,30
22400590040,伊東西伊豆線,伊東修善寺線,一般国道４１４号,22222,0,15.2,伊豆市柳瀬字城山532,773,伊豆市柳瀬字城山532,1154,1927,1.2,0.25,32.2,34.2,7,40
22400590060,伊東西伊豆線,一般国道４１４号,西天城高原線,22222,0,13.3,伊豆市湯ヶ島字湯之上2645-1,220,伊豆市湯ヶ島字湯之上2645-1,205,425,1.21,0.06,34.1,34.3,7,40
22400590070,伊東西伊豆線,西天城高原線,伊豆市・西伊豆町境,22222,0,1.2,賀茂郡西伊豆町大沢里172-1,139,賀茂郡西伊豆町大沢里172-1,131,270,1.18,0.03,48.2,45.8,8.5,40
22400590080,伊東西伊豆線,伊豆市・西伊豆町境,仁科峠宇久須線,22306,0,1,賀茂郡西伊豆町大沢里172-1,139,賀茂郡西伊豆町大沢里172-1,131,270,1.18,0.03,36.4,39.6,10,40
22400590090,伊東西伊豆線,仁科峠宇久須線,一般国道１３６号,22306,0,21.5,賀茂郡西伊豆町大沢里172-1,139,賀茂郡西伊豆町大沢里172-1,131,270,1.18,0.03,37,37,10,40
22400600010,南アルプス公園線,,三ツ峰落合線,22101,0,41.1,静岡市葵区口坂本富士見峠,149,静岡市葵区口坂本富士見峠,177,326,1.18,0.27,32.2,34,6,30
22400600020,南アルプス公園線,三ツ峰落合線,大川静岡線,22101,0,23.8,静岡市葵区日向,391,静岡市葵区日向,368,759,1.19,0.3,30.2,29.9,7.3,30
22400600030,南アルプス公園線,大川静岡線,一般国道３６２号,22101,0,9.3,静岡市葵区日向,415,静岡市葵区日向,379,794,1.19,0.12,39,39.1,7.2,30
22400610010,浜北袋井線,一般国道１５２号,天竜浜松線,22136,0,2.4,浜松市浜北区永島1322,6935,浜松市浜北区永島1322,6436,13371,1.29,1.21,13,15.8,16,50
22400610020,浜北袋井線,天竜浜松線,二俣浜松線,22136,0,1.2,浜松市浜北区永島1322,6935,浜松市浜北区永島1322,6436,13371,1.29,1.21,24.4,13.2,16,50
22400610030,浜北袋井線,二俣浜松線,,22136,0,0.6,浜松市浜北区永島1322,6935,浜松市浜北区永島1322,6436,13371,1.29,1.21,17.6,34.5,16,50
22400610040,浜北袋井線,,上野部豊田竜洋線,22211,0,0.5,磐田市三家768-8					,9874,磐田市三家768-8					,9970,19844,1.27,1.88,18.9,39.7,12,40
22400610050,浜北袋井線,上野部豊田竜洋線,磐田天竜線,22211,0,1.6,磐田市三家768-8					,9874,磐田市三家768-8					,9970,19844,1.27,1.88,17.2,26.5,12,40
22400610070,浜北袋井線,磐田天竜線,山梨敷地停車場線,22211,0,1.8,磐田市上神増186					,5720,磐田市上神増186					,5269,10989,1.27,1.05,31.7,37.4,16.2,40
22400610080,浜北袋井線,山梨敷地停車場線,磐田市・袋井市境,22211,0,0.1,袋井市太田1-4					,4148,袋井市太田1-4					,4421,8569,1.26,0.86,13.5,38.7,16.2,40
22400610090,浜北袋井線,磐田市・袋井市境,横川磐田線,22216,0,0.3,袋井市太田1-4					,4148,袋井市太田1-4					,4421,8569,1.26,0.9,31.9,50.8,12,40
22400610100,浜北袋井線,横川磐田線,山梨敷地停車場線,22216,0,1.5,袋井市太田1-4					,4148,袋井市太田1-4					,4421,8569,1.26,0.9,45.9,45.6,12,40
22400610110,浜北袋井線,山梨敷地停車場線,袋井市・森町境,22216,0,2.3,袋井市太田1-4					,4148,袋井市太田1-4					,4421,8569,1.26,0.9,33.4,37.4,12,40
22400610120,浜北袋井線,袋井市・森町境,森町・袋井市境,22461,0,0.3,袋井市太田1-4					,4148,袋井市太田1-4					,4421,8569,1.26,0.81,46.4,49.5,9.5,40
22400610130,浜北袋井線,森町・袋井市境,磐田山梨線,22216,0,0.6,袋井市太田1-4					,4148,袋井市太田1-4					,4421,8569,1.26,0.95,45.1,32,12,40
22400610140,浜北袋井線,磐田山梨線,磐田山梨線,22216,0,0.1,袋井市太田1-4					,4148,袋井市太田1-4					,4421,8569,1.26,0.95,13.6,28.9,12,40
22400610150,浜北袋井線,磐田山梨線,東名高速道路,22216,0,3.2,袋井市太田1-4					,4148,袋井市太田1-4					,4421,8569,1.26,0.95,31.1,28.1,12,40
22400610160,浜北袋井線,東名高速道路,一般国道１号（袋井ＢＰ）,22216,0,0.9,袋井市堀越343-1					,7912,袋井市堀越343-1					,9600,17512,1.35,0.44,19.8,14.9,12,40
22400610170,浜北袋井線,一般国道１号（袋井ＢＰ）,掛川袋井線,22216,0,0.9,袋井市堀越343-1					,7912,袋井市堀越343-1					,9600,17512,1.35,0.44,17.8,19.8,12,40
22400620005,浜松雄踏線,一般国道２５７号,鴨江倉松線,22131,0,2.5,浜松市西区入野町9918-1,13089,浜松市西区入野町9918-1,12860,25949,1.22,0.75,16.3,23.4,25,50
22400620010,浜松雄踏線,鴨江倉松線,浜松市中区・浜松市西区境,22131,0,0,浜松市西区入野町9918-1,13089,浜松市西区入野町9918-1,12860,25949,1.22,0.75,9.6,15.6,25,50
22400620015,浜松雄踏線,浜松市中区・浜松市西区境,泉倉松線,22133,0,0.9,浜松市西区入野町9918-1,13089,浜松市西区入野町9918-1,12860,25949,1.22,0.74,23.5,24.4,27.1,50
22400620020,浜松雄踏線,泉倉松線,高塚停車場入野線,22133,0,0.5,浜松市西区入野町9918-1,13089,浜松市西区入野町9918-1,12860,25949,1.22,0.74,21.3,24.5,27.1,50
22400620030,浜松雄踏線,高塚停車場入野線,上島柏原線,22133,0,0.6,浜松市西区入野町9918-1,13089,浜松市西区入野町9918-1,12860,25949,1.22,0.74,32.4,17.5,27.1,50
22400620040,浜松雄踏線,上島柏原線,浜松環状線,22133,0,2.8,浜松市西区入野町9918-1,13089,浜松市西区入野町9918-1,12860,25949,1.22,0.74,25.7,25.3,27.1,50
22400620050,浜松雄踏線,浜松環状線,細江舞阪線,22133,0,1.7,浜松市西区雄踏2丁目112-18,7532,浜松市西区雄踏2丁目112-18,8244,15776,1.31,0.41,30.5,26.5,20,50
22400630010,藤枝天竜線,藤枝黒俣線,川根寸又峡線,22209,0,14.3,島田市川根町笹間下347-6,270,島田市川根町笹間下347-6,268,538,1.21,0.03,32,32,8,40
22400630020,藤枝天竜線,川根寸又峡線,島田川根線,22209,0,4.6,島田市川根町笹間渡245-8,4280,島田市川根町笹間渡245-8,4400,8680,1.26,0.32,47.1,44.5,8,40
22400630030,藤枝天竜線,島田川根線,一般国道４７３号,22209,0,1.1,島田市川根町家山294-8,3309,島田市川根町家山294-8,3373,6682,1.17,0.55,36.7,34.6,6.5,40
22400630040,藤枝天竜線,一般国道４７３号,掛川川根線,22209,0,0.1,島田市川根町家山897,467,島田市川根町家山897,505,972,1.17,0.1,15.6,19.5,6.5,40
22400630050,藤枝天竜線,掛川川根線,島田市・森町境,22209,0,9.2,島田市川根町家山897,467,島田市川根町家山897,505,972,1.17,0.1,30.6,34,6.5,40
22400630060,藤枝天竜線,島田市・森町境,大河内森線,22461,0,3.7,周智郡森町三倉2314-1,26,周智郡森町三倉2314-1,28,54,1.15,0.06,30.6,35.1,5,40
22400630070,藤枝天竜線,大河内森線,森町町道,22461,0,9.8,周智郡森町三倉2314-1,26,周智郡森町三倉2314-1,28,54,1.15,0.11,34.8,28.8,5.1,40
22400580105,藤枝天竜線,森町町道,袋井春野線,22461,0,0.4,周智郡森町三倉2314-1,26,周智郡森町三倉2314-1,28,54,1.15,0.01,8.6,30.6,7.5,40
22400630090,藤枝天竜線,袋井春野線,水窪森線,22461,0,2.1,周智郡森町三倉3424-7					,136,周智郡森町三倉3424-7					,146,282,1.17,0.03,29.1,28,8,40
22400630100,藤枝天竜線,水窪森線,,22461,0,5.4,周智郡森町三倉3424-7					,136,周智郡森町三倉3424-7					,146,282,1.17,0.37,33.6,33.6,5,40
22400630110,藤枝天竜線,,横川磐田線,22137,0,6.8,浜松市天竜区只来,106,浜松市天竜区只来,111,217,1.14,0.38,27.8,29.2,4,30
22400630120,藤枝天竜線,横川磐田線,横川磐田線,22137,0,0.3,浜松市天竜区只来,106,浜松市天竜区只来,111,217,1.14,0.38,27.8,29.2,4,30
22400630130,藤枝天竜線,横川磐田線,一般国道３６２号,22137,0,2.9,浜松市天竜区只来,106,浜松市天竜区只来,111,217,1.14,0.38,27.8,29.2,4,30
22400640010,島田川根線,島田吉田線,島田岡部線,22209,0,0.6,島田市相賀2510,6377,島田市相賀2510,6592,12969,1.2,1.04,16.4,18.1,12,40
22400640020,島田川根線,島田岡部線,焼津森線,22209,0,5,島田市相賀2510,6377,島田市相賀2510,6592,12969,1.2,1.04,20.6,24.7,12,40
22400640030,島田川根線,焼津森線,焼津森線,22209,0,0.2,島田市相賀2510,6377,島田市相賀2510,6592,12969,1.2,1.04,44.8,44,12,40
22400640040,島田川根線,焼津森線,蔵田島田線,22209,0,6.6,島田市相賀2510,6377,島田市相賀2510,6592,12969,1.2,1.04,45.6,45,12,40
22400640050,島田川根線,蔵田島田線,藤枝天竜線,22209,0,6.5,島田市川根町身成4743,3626,島田市川根町身成4743,3817,7443,1.23,0.81,50.8,51.1,8,40
22400650010,浜松環状線,一般国道１号（浜名ＢＰ）,一般国道３０１号,22133,0,0.5,浜松市西区坪井町442-14,13659,浜松市西区坪井町442-14,14147,27806,1.38,1.05,18.3,16,25,60
22400650020,浜松環状線,一般国道３０１号,舞阪竜洋線,22133,0,0.3,浜松市西区坪井町442-14,13659,浜松市西区坪井町442-14,14147,27806,1.38,1.05,8.5,21.9,25,60
22400650030,浜松環状線,舞阪竜洋線,浜松雄踏線,22133,0,1.6,浜松市西区坪井町442-14,13659,浜松市西区坪井町442-14,14147,27806,1.38,1.05,37.7,23.2,25,60
22400650040,浜松環状線,浜松雄踏線,宇布見浜松線,22133,0,2,浜松市西区大人見町3393-6,13182,浜松市西区大人見町3393-6,12432,25614,1.37,0.83,28.3,39.7,25,60
22400650050,浜松環状線,宇布見浜松線,浜松市道伊左地２０１号線,22133,0,4,浜松市西区大人見町3393-6,13182,浜松市西区大人見町3393-6,12432,25614,1.37,0.83,40.3,37.6,25,60
22400650060,浜松環状線,浜松市道伊左地２０１号線,舘山寺鹿谷線,22133,0,1,浜松市西区湖東町3385-1,18253,浜松市西区湖東町3385-1,17525,35778,1.4,0.95,35.8,22.6,25,60
22400650070,浜松環状線,舘山寺鹿谷線,湖東和合線,22133,0,0.8,浜松市西区湖東町3385-1,18253,浜松市西区湖東町3385-1,17525,35778,1.4,0.95,21.8,28.2,25,60
22400650080,浜松環状線,湖東和合線,東名高速道路,22133,0,0.7,浜松市西区湖東町3385-1,18253,浜松市西区湖東町3385-1,17525,35778,1.4,0.95,20.2,23,25,60
22400650090,浜松環状線,東名高速道路,浜松市西区・浜松市中区境,22133,0,0.7,浜松市西区西丘町201,15934,浜松市西区西丘町201,17540,33474,1.39,0.81,20.4,25.7,25,60
22400650095,浜松環状線,浜松市西区・浜松市中区境,西丘深萩線,22131,0,0.1,浜松市西区西丘町201,15934,浜松市西区西丘町201,17540,33474,1.39,0.83,30.6,21.2,25,60
22400650100,浜松環状線,西丘深萩線,磐田細江線,22131,0,1.8,浜松市西区西丘町201,15934,浜松市西区西丘町201,17540,33474,1.39,0.83,34.9,19.7,25,60
22400650110,浜松環状線,磐田細江線,一般国道２５７号,22135,0,0.5,浜松市西区西丘町201,15934,浜松市西区西丘町201,17540,33474,1.39,1.3,9.9,17.9,25,60
22400650130,浜松環状線,一般国道２５７号,浜松市北区・浜松市東区境,22135,0,0.8,浜松市東区半田町721-2,13611,浜松市東区半田町721-2,14447,28058,1.38,0.87,12.3,25.1,25,60
22400650140,浜松環状線,浜松市北区・浜松市東区境,一般国道１５２号,22132,0,2,浜松市東区半田町721-2,13611,浜松市東区半田町721-2,14447,28058,1.38,1.06,21.5,23.4,25,60
22400650150,浜松環状線,一般国道１５２号,熊小松天竜川停車場線,22132,0,1.2,浜松市東区西ケ崎町835-1,7322,浜松市東区西ケ崎町835-1,7721,15043,1.29,0.54,23.5,11.1,25,60
22400650160,浜松環状線,熊小松天竜川停車場線,天竜浜松線,22132,0,2.1,浜松市東区中郡町684-1,5268,浜松市東区中郡町684-1,6191,11459,1.36,0.34,12,21.8,27,40
22400650170,浜松環状線,天竜浜松線,浜松袋井線,22132,0,0.8,浜松市東区笠井町962-4,12009,浜松市東区笠井町962-4,11949,23958,1.36,0.83,23.8,18.1,27,40
22400650180,浜松環状線,浜松袋井線,天竜浜松線,22132,0,0.7,浜松市東区笠井町962-4,12009,浜松市東区笠井町962-4,11949,23958,1.36,0.83,29.1,25,27,40
22400650190,浜松環状線,天竜浜松線,東名高速道路,22132,0,1.5,浜松市東区松小池町112-1,17376,浜松市東区松小池町112-1,18579,35955,1.4,1.11,26.4,29.7,25,50
22400650200,浜松環状線,東名高速道路,磐田細江線,22132,0,0.3,浜松市東区松小池町112-1,17376,浜松市東区松小池町112-1,18579,35955,1.4,1.11,27,15.1,25,50
22400650210,浜松環状線,磐田細江線,中野市野線,22132,0,1.1,浜松市東区松小池町112-1,17376,浜松市東区松小池町112-1,18579,35955,1.4,1.11,22.2,16.6,25,50
22400650220,浜松環状線,中野市野線,一般国道１号（浜松ＢＰ）,22132,0,0.5,浜松市東区松小池町112-1,17376,浜松市東区松小池町112-1,18579,35955,1.4,1.11,13.2,17.6,25,50
22400650240,浜松環状線,天竜浜松線,天竜浜松線,22132,0,0.5,浜松市東区笠井町1050,1151,浜松市東区笠井町1050,372,1523,1.18,0.23,21,13.6,8,40
22400670010,静岡清水線,井川湖御幸線,静岡環状線,22101,0,0.7,静岡市葵区追手町,7462,静岡市葵区追手町,5885,13347,1.31,1.11,13.9,9,20,40
22400670020,静岡清水線,静岡環状線,千代田麻機線,22101,0,1.4,静岡市葵区水落町,9603,静岡市葵区水落町,9924,19527,1.4,0.58,13.8,20.3,20,40
22400670030,静岡清水線,千代田麻機線,山脇大谷線,22101,0,1.4,静岡市葵区沓谷五丁目,9147,静岡市葵区沓谷五丁目,6830,15977,1.27,0.89,26.3,26.4,20.1,50
22400670040,静岡清水線,山脇大谷線,静岡清水線,22101,0,1,静岡市葵区沓谷五丁目,10325,静岡市葵区沓谷五丁目,9432,19757,1.36,0.7,20.1,23.8,20,50
22400670050,静岡清水線,静岡清水線,静岡清水線,22101,0,0.6,静岡市葵区沓谷五丁目,10325,静岡市葵区沓谷五丁目,9432,19757,1.36,0.7,24.6,21.6,20,50
22400670060,静岡清水線,静岡清水線,平山草薙停車場線,22101,0,0.2,静岡市葵区沓谷五丁目,10325,静岡市葵区沓谷五丁目,9432,19757,1.36,0.7,19.2,9.4,20,50
22400670070,静岡清水線,平山草薙停車場線,平山草薙停車場線,22101,0,0.2,静岡市葵区沓谷五丁目,10325,静岡市葵区沓谷五丁目,9432,19757,1.36,0.7,15.1,13.4,20,50
22400670080,静岡清水線,平山草薙停車場線,一般国道１号（静清ＢＰ）,22101,0,0.4,静岡市葵区沓谷五丁目,10325,静岡市葵区沓谷五丁目,9432,19757,1.36,0.79,19,13.6,20.1,50
22400670090,静岡清水線,一般国道１号（静清ＢＰ）,能島押切線,22103,0,3.2,静岡市清水区大内,6998,静岡市清水区大内,6986,13984,1.29,1.37,21.9,25.4,10.7,40
22400670100,静岡清水線,能島押切線,一般国道１号（静清ＢＰ）,22103,0,0.6,静岡市清水区大内,6998,静岡市清水区大内,6986,13984,1.29,1.37,22.1,11.4,10.7,40
22400670110,静岡清水線,一般国道１号（静清ＢＰ）,辻町北脇３号線,22103,0,1,静岡市清水区大内,6998,静岡市清水区大内,6986,13984,1.29,1.37,21.6,17.3,10.7,40
22400670120,静岡清水線,辻町北脇３号線,一般国道１号,22103,0,0.7,静岡市清水区天神二丁目,4721,静岡市清水区天神二丁目,5847,10568,1.28,0.7,16.5,12.8,19.2,50
22400670140,静岡清水線,静岡清水線,静岡清水線,22101,0,0.7,静岡市葵区川合一丁目,4324,静岡市葵区川合一丁目,3943,8267,1.26,0.72,15.2,11.5,10.6,40
22400680010,浜北三ケ日線,,一般国道３６２号,22136,0,0.1,浜松市浜北区灰木305,1349,浜松市浜北区灰木305,1235,2584,1.23,0.35,29.2,5.2,7.3,40
22400680030,浜北三ケ日線,一般国道３６２号,熊小松天竜川停車場線,22136,0,0.9,浜松市浜北区灰木305,1349,浜松市浜北区灰木305,1235,2584,1.23,0.35,24.9,22,13,40
22400680040,浜北三ケ日線,熊小松天竜川停車場線,一般国道３６２号,22136,0,0.3,浜松市浜北区灰木305,1349,浜松市浜北区灰木305,1235,2584,1.23,0.35,24.2,20.8,13,40
22400680050,浜北三ケ日線,一般国道３６２号,渋川都田停車場線,22136,0,5.6,浜松市浜北区灰木305,1349,浜松市浜北区灰木305,1235,2584,1.23,0.35,43,43.7,13,40
22400680060,浜北三ケ日線,渋川都田停車場線,浜松市浜北区・浜松市北区境,22136,0,1.7,浜松市浜北区四大地2-70,962,浜松市浜北区四大地2-70,903,1865,1.19,0.28,48.4,43.3,13,40
22400680070,浜北三ケ日線,浜松市浜北区・浜松市北区境,渋川都田停車場線,22135,0,0.1,浜松市浜北区四大地2-70,962,浜松市浜北区四大地2-70,903,1865,1.19,0.31,58.3,43.2,7.95,40
22400680080,浜北三ケ日線,渋川都田停車場線,一般国道２５７号,22135,0,8.9,浜松市浜北区四大地2-70,962,浜松市浜北区四大地2-70,903,1865,1.19,0.31,42.4,37.5,7.95,40
22400680100,浜北三ケ日線,新東名高速道路（連絡道）,新城引佐線,22135,0,4,浜松市北区引佐町東黒田649-2,427,浜松市北区引佐町東黒田649-2,371,798,1.16,0.11,40.3,51.1,12.2,40
22400680110,浜北三ケ日線,新城引佐線,新城引佐線,22135,0,1.2,浜松市北区引佐町狩宿887-21,645,浜松市北区引佐町狩宿887-21,662,1307,1.2,0.13,38.7,41.8,12.2,40
22400680120,浜北三ケ日線,新城引佐線,鳳来三ヶ日線,22135,0,10.5,浜松市北区引佐町奥山1576-59,154,浜松市北区引佐町奥山1576-59,163,317,1.15,0.04,23.3,23.9,9,40
22400680130,浜北三ケ日線,鳳来三ヶ日線,鳳来三ヶ日線,22135,0,1.8,浜松市北区三ヶ日町福長113,221,浜松市北区三ヶ日町福長113,199,420,1.17,0.04,45.4,45.7,9,40
22400680140,浜北三ケ日線,鳳来三ヶ日線,一般国道３０１号,22135,0,1.3,浜松市北区三ヶ日町福長113,221,浜松市北区三ヶ日町福長113,199,420,1.17,0.04,41.4,33.8,9,40
22400690010,相良大須賀線,一般国道１５０号,一般国道４７３号,22226,0,1.1,牧之原市相良149－1,2923,牧之原市相良149－1,3056,5979,1.18,0.59,20.6,22.4,16,40
22400690030,相良大須賀線,一般国道４７３号,牧之原市・御前崎市境,22226,0,3.7,御前崎市上朝比奈1794-5,1035,御前崎市上朝比奈1794-5,1064,2099,1.18,1.24,28.3,31.1,4.7,30
22400690040,相良大須賀線,牧之原市・御前崎市境,浜岡菊川線,22223,0,1.9,御前崎市上朝比奈1794-5,1035,御前崎市上朝比奈1794-5,1064,2099,1.18,1.21,47.1,39.7,5.7,40
22400690050,相良大須賀線,浜岡菊川線,御前崎市・菊川市境,22223,0,0.4,菊川市高橋594-11,802,菊川市高橋594-11,777,1579,1.18,0.25,35.9,35,12.2,40
22400690060,相良大須賀線,御前崎市・菊川市境,大東菊川線,22224,0,2.2,菊川市高橋594-11,802,菊川市高橋594-11,777,1579,1.18,0.25,47.7,45.7,9,40
22400690070,相良大須賀線,大東菊川線,大東菊川線,22224,0,0.4,菊川市猿渡192-4,2002,菊川市猿渡192-4,2017,4019,1.24,0.43,32.5,39.8,16.45,40
22400690080,相良大須賀線,大東菊川線,掛川浜岡線,22224,0,2.6,菊川市猿渡192-4,2002,菊川市猿渡192-4,2017,4019,1.24,0.43,38.7,36.5,16.45,40
22400690090,相良大須賀線,掛川浜岡線,掛川浜岡線,22224,0,0.6,菊川市猿渡192-4,2002,菊川市猿渡192-4,2017,4019,1.24,0.43,25.2,24.3,16.45,40
22400690110,相良大須賀線,掛川浜岡線,中方千浜線,22224,0,1.4,菊川市嶺田97-1,537,菊川市嶺田97-1,458,995,1.17,0.12,26.8,29.6,10,40
22400690120,相良大須賀線,中方千浜線,中方千浜線,22224,0,0.3,掛川市大坂6717-1,1082,掛川市大坂6717-1,1099,2181,1.24,0.23,18.3,19.6,10.7,40
22400690130,相良大須賀線,中方千浜線,菊川市・掛川市境,22224,0,0.5,掛川市大坂6717-1,1082,掛川市大坂6717-1,1099,2181,1.24,0.27,28.6,40.8,10.5,40
22400690135,相良大須賀線,菊川市・掛川市境,掛川市道,22213,0,0.9,掛川市大坂6717-1,1082,掛川市大坂6717-1,1099,2181,1.24,0.29,28.2,31.2,9.5,40
22400690210,相良大須賀線,掛川市道,袋井小笠線,22213,0,0.9,掛川市大坂6717-1,1082,掛川市大坂6717-1,1099,2181,1.24,0.24,37.1,33.1,11.25,40
22602510075,相良大須賀線,袋井小笠線,掛川市道,22213,0,0.4,掛川市大坂6717-1,1082,掛川市大坂6717-1,1099,2181,1.24,0.29,25,24.6,11.8,40
22400690150,相良大須賀線,掛川市道,掛川大東線,22213,0,2,掛川市大坂6717-1,1082,掛川市大坂6717-1,1099,2181,1.24,0.21,33.8,31,9.7,40
22400690170,相良大須賀線,掛川大東線,掛川大東大須賀線,22213,0,4.1,掛川市横須賀1090-9,5986,掛川市横須賀1090-9,6058,12044,1.28,1.06,36.2,38.3,12,40
22400690180,相良大須賀線,掛川大東大須賀線,大須賀掛川停車場線,22213,0,1.6,掛川市横須賀1090-9,5986,掛川市横須賀1090-9,6058,12044,1.28,1.06,26.3,32.7,12,40
22400690190,相良大須賀線,大須賀掛川停車場線,袋井大須賀線,22213,0,1.2,掛川市横須賀1090-9,5986,掛川市横須賀1090-9,6058,12044,1.28,1.06,22.2,24.8,12,40
22400710010,富士宮鳴沢線,富士白糸滝公園線,清水富士宮線,22207,0,4.8,富士宮市上井出3748,1899,富士宮市上井出3748,1595,3494,1.23,0.39,51.1,51.8,10.6,40
22400710020,富士宮鳴沢線,清水富士宮線,富士宮鳴沢線,22207,0,5.6,富士宮市人穴728,1442,富士宮市人穴728,1186,2628,1.2,0.36,49.8,50.3,10.6,40
22400720010,富士白糸滝公園線,富士富士宮線,一色久沢線,22210,0,2.5,富士市中野三ツ倉６２０－１２,5358,富士市中野三ツ倉６２０－１２,5194,10552,1.23,1.01,15.7,19.8,9.5,40
22400720020,富士白糸滝公園線,一色久沢線,一色久沢線,22210,0,0.3,富士市中野三ツ倉６２０－１２,5358,富士市中野三ツ倉６２０－１２,5194,10552,1.23,0.83,16.2,16.7,18.85,40
22400720030,富士白糸滝公園線,一色久沢線,富士富士宮由比線,22210,0,1.6,富士市中野２３１?１２,5862,富士市中野２３１?１２,6212,12074,1.29,1.13,25.3,21.1,7.7,40
22400720040,富士白糸滝公園線,富士富士宮由比線,一般国道４６９号,22210,0,4.6,富士市中野２３１?１２,5862,富士市中野２３１?１２,6212,12074,1.29,1.02,37.1,36.7,11.35,40
22400720060,富士白糸滝公園線,一般国道４６９号,富士宮富士公園線,22207,0,2,富士宮市上井出1321-9,2626,富士宮市上井出1321-9,2732,5358,1.26,0.75,46,45.9,10.9,50
22400720070,富士白糸滝公園線,富士宮富士公園線,一般国道１３９号,22207,0,7.1,富士宮市上井出1321-9,2626,富士宮市上井出1321-9,2732,5358,1.26,0.75,48.6,48.1,10.9,50
22400720080,富士白糸滝公園線,一般国道１３９号,富士宮鳴沢線,22207,0,0.8,富士宮市上井出1321-9,2626,富士宮市上井出1321-9,2732,5358,1.26,0.75,15.6,23.5,10.9,50
22400730010,細江金谷線,一般国道１５０号,吉田大東線,22226,0,2.9,牧之原市細江6398-4,2438,牧之原市細江6398-4,2357,4795,1.25,0.44,26.5,25.4,11.5,40
22400730020,細江金谷線,吉田大東線,吉田大東線,22226,0,1.2,牧之原市細江6398-4,4457,牧之原市細江6398-4,4398,8855,1.26,1.02,30,35.6,10.1,40
22400730023,細江金谷線,吉田大東線,牧之原市道,22226,0,2.3,牧之原市坂口623-5,2527,牧之原市坂口623-5,2378,4905,1.24,0.63,37.5,41,8.5,40
22400730080,細江金谷線,牧之原市道,牧之原市道,22226,0,2.6,牧之原市坂口623-5,2527,牧之原市坂口623-5,2378,4905,1.24,0.66,56.4,54.8,11.5,40
22400730030,細江金谷線,牧之原市道,静岡空港線,22226,0,0.9,牧之原市坂口623-5,2527,牧之原市坂口623-5,2378,4905,1.24,0.7,50.8,34,13,50
22400730040,細江金谷線,静岡空港線,牧之原市・島田市境,22226,0,0.5,牧之原市坂口3608-2,3079,牧之原市坂口3608-2,2869,5948,1.25,0.77,37.6,49,14,50
22400730050,細江金谷線,牧之原市・島田市境,榛原金谷線,22209,0,1.9,牧之原市坂口3608-2,3079,牧之原市坂口3608-2,2869,5948,1.25,0.81,57.2,53.8,14,50
22400730060,細江金谷線,榛原金谷線,一般国道４７３号,22209,0,0.4,牧之原市坂口3608-2,3079,牧之原市坂口3608-2,2869,5948,1.25,0.81,36.2,22.8,14,50
22400740094,山脇大谷線,新東名高速道路,山脇大谷線,22101,1,0.3,静岡市葵区下,4185,静岡市葵区下,4951,9136,1.27,0.65,61.6,64.6,9.5,60
22400740097,山脇大谷線,山脇大谷線,,22101,1,0.5,静岡市葵区豊地,6894,静岡市葵区豊地,7116,14010,1.3,0.96,61.4,65.3,9.5,60
22400740100,山脇大谷線,,山脇大谷線,22101,1,2.7,静岡市葵区豊地,6894,静岡市葵区豊地,7116,14010,1.3,0.96,57.8,33.8,9.5,60
22400740020,山脇大谷線,山脇大谷線,一般国道１号（静清ＢＰ）,22101,0,0.4,静岡市葵区沓谷五丁目,12903,静岡市葵区沓谷五丁目,10928,23831,1.3,0.8,32.6,8.6,20.1,50
22400740030,山脇大谷線,一般国道１号（静清ＢＰ）,竜南１号線,22101,0,0.6,静岡市葵区沓谷五丁目,12903,静岡市葵区沓谷五丁目,10928,23831,1.3,0.8,11.4,21.7,20.1,50
22400740040,山脇大谷線,竜南１号線,静岡清水線,22101,0,1,静岡市葵区沓谷五丁目,12903,静岡市葵区沓谷五丁目,10928,23831,1.3,1.28,18.5,18.5,19.1,50
22400740050,山脇大谷線,静岡清水線,一般国道１号,22101,0,0.9,静岡市葵区沓谷五丁目,12903,静岡市葵区沓谷五丁目,10928,23831,1.3,1.28,14.4,6.8,19.1,50
22400740055,山脇大谷線,一般国道１号,,22101,0,0.3,静岡市駿河区池田,12388,静岡市駿河区池田,12759,25147,1.37,1.27,31.2,18.1,15.6,50
22400740060,山脇大谷線,,静岡草薙清水線,22102,0,0.4,静岡市駿河区池田,12388,静岡市駿河区池田,12759,25147,1.37,1.27,31.2,18.1,15.6,50
22400740070,山脇大谷線,静岡草薙清水線,中野小鹿線,22102,0,1.4,静岡市駿河区池田,12388,静岡市駿河区池田,12759,25147,1.37,0.93,13.4,22.9,20,50
22400740075,山脇大谷線,中野小鹿線,山脇大谷線,22102,0,1.9,静岡市駿河区大谷,5076,静岡市駿河区大谷,4175,9251,1.27,0.57,22.7,24,25,30
22400740080,山脇大谷線,山脇大谷線,一般国道１５０号,22102,0,0.5,静岡市駿河区大谷,5076,静岡市駿河区大谷,4175,9251,1.27,0.57,28.3,21.4,25,30
22400740010,山脇大谷線,井川湖御幸線,静岡市道,22101,0,3.6,静岡市葵区あさはた一丁目,1491,静岡市葵区あさはた一丁目,1592,3083,1.24,0.38,27,32.1,11.8,40
22400740014,山脇大谷線,静岡市道,,22101,0,0.8,静岡市葵区豊地,6079,静岡市葵区豊地,7106,13185,1.32,0.94,17.2,28.1,11.8,40
22400740017,山脇大谷線,,山脇大谷線,22101,0,2.4,静岡市葵区豊地,6079,静岡市葵区豊地,7106,13185,1.32,0.94,20.3,19.7,9.1,40
22400740120,山脇大谷線,山脇大谷線,井川湖御幸線,22101,0,0.7,静岡市葵区下,5279,静岡市葵区下,5398,10677,1.3,0.66,32.2,10.3,24.3,40
22400740140,山脇大谷線,大谷改良区１０号線,山脇大谷線,22102,0,0.7,静岡市駿河区宮川,7741,静岡市駿河区宮川,6057,13798,1.29,1.17,23.1,27.8,7.1,30
22400750010,清水富士宮線,一般国道１４９号,入江富士見線,22103,0,1.1,,,静岡市清水区本町10-5,202,202,1.26,0.01,,12.6,30.2,30
22400750020,清水富士宮線,入江富士見線,静岡草薙清水線,22103,0,0.8,,,静岡市清水区本町10-5,202,202,1.26,0.04,11.5,11.5,9.1,40
22400750030,清水富士宮線,静岡草薙清水線,一般国道１号,22103,0,1.1,,,静岡市清水区本町10-5,202,202,1.26,0.04,15.2,11.9,9.1,40
22400750040,清水富士宮線,一般国道１号,一般国道１号（静清ＢＰ）,22103,0,2.1,,,静岡市清水区本町10-5,202,202,1.26,0.03,20.7,19.1,6.6,40
22400750045,清水富士宮線,一般国道１号（静清ＢＰ）,庵原町杉山２号線,22103,0,2,静岡市清水区庵原町,3877,静岡市清水区庵原町,2116,5993,1.26,0.28,19,32.3,6.6,40
22400750050,清水富士宮線,庵原町杉山２号線,大向福士線,22103,0,10.3,静岡市清水区庵原町,2139,静岡市清水区庵原町,1501,3640,1.2,0.59,25,32.3,6.6,40
22400750060,清水富士宮線,大向福士線,高瀬福士線,22103,0,1.3,静岡市清水区清地,1492,静岡市清水区清地,1305,2797,1.24,0.35,35.2,35.2,6.6,40
22400750070,清水富士宮線,高瀬福士線,一般国道５２号,22103,0,3.6,静岡市清水区清地,1492,静岡市清水区清地,1305,2797,1.24,0.29,40.4,40.3,7.8,40
22400750090,清水富士宮線,一般国道５２号,,22103,0,1.7,静岡市清水区宍原195,600,静岡市清水区宍原195,515,1115,1.18,0.16,38.6,41.3,9.1,30
22400750100,清水富士宮線,,清水富士宮線,22207,0,4.2,富士宮市内房4394-1,1055,富士宮市内房4394-1,923,1978,1.18,0.23,46.7,46.5,10.5,40
22400750110,清水富士宮線,清水富士宮線,清水富士宮線,22207,0,0.6,富士宮市内房4394-1,1055,富士宮市内房4394-1,923,1978,1.18,0.23,54.5,56.9,10.5,40
22400750120,清水富士宮線,清水富士宮線,富士川身延線,22207,0,1,富士宮市内房4394-1,1055,富士宮市内房4394-1,923,1978,1.18,0.23,37,32.4,10.5,40
22400750150,清水富士宮線,富士川身延線,三沢富士宮線,22207,0,5.5,富士宮市大久保38-1,1641,富士宮市大久保38-1,1592,3233,1.24,0.42,37.1,38.8,12.1,30
22400750160,清水富士宮線,三沢富士宮線,一般国道４６９号,22207,0,1.4,富士宮市大久保38-1,1641,富士宮市大久保38-1,1592,3233,1.24,0.42,32.7,31.2,12.1,30
22400750180,清水富士宮線,一般国道４６９号,一般国道４６９号,22207,0,4,富士宮市上柚野848-4,143,富士宮市上柚野848-4,131,274,1.19,0.04,38.3,38.2,7.45,30
22400750200,清水富士宮線,一般国道４６９号,白糸富士宮線,22207,0,0.8,富士宮市狩宿105,898,富士宮市狩宿105,988,1886,1.2,0.3,43.7,41.9,10,30
22400750210,清水富士宮線,白糸富士宮線,富士富士宮線,22207,0,2.6,富士宮市狩宿105,898,富士宮市狩宿105,988,1886,1.2,0.3,43.7,41.6,10,30
22400750220,清水富士宮線,富士富士宮線,富士宮鳴沢線,22207,0,1.2,富士宮市上井出676-2,3567,富士宮市上井出676-2,3160,6727,1.26,0.7,34.3,25.9,10.2,50
22400750240,清水富士宮線,富士宮鳴沢線,一般国道１３９号,22207,0,2.9,富士宮市上井出676-2,3567,富士宮市上井出676-2,3160,6727,1.26,1.51,37.4,22.7,5.7,40
22400750280,清水富士宮線,山切１５号線,新東名高速道路（連絡道）,22103,0,0.4,静岡市清水区原867,701,静岡市清水区原867,521,1222,1.19,0.15,37.9,40.2,13.3,30
22500050010,清水富士宮線,一般国道１号（静清ＢＰ）,,22103,0,0.5,静岡市清水区庵原町,3874,静岡市清水区庵原町,2229,6103,1.22,1.19,6.2,25.1,28.8,40
22400750300,清水富士宮線,,庵原町５８号線,22103,0,0.2,静岡市清水区庵原町,3874,静岡市清水区庵原町,2229,6103,1.22,0.26,25.7,27.1,27.1,40
22400750360,清水富士宮線,庵原町５８号線,山切１５号線,22103,0,0.9,静岡市清水区庵原町,2906,静岡市清水区庵原町,2173,5079,1.25,0.48,41.4,39.9,27.1,40
22400750380,清水富士宮線,,,22103,0,1.2,,,,,,,,48.7,49.3,10.5,40
22400750260,清水富士宮線,清水富士宮線,清水富士宮線,22207,0,0.6,,421,,451,872,1.19,0.13,18.1,37.7,14.1,50
22400760010,富士富士宮由比線,田子浦港大野線,吉永吉原停車場線,22210,0,0.3,富士市今井１丁目１?２６,566,富士市今井１丁目１?２６,733,1299,1.26,0.2,12.8,15.3,10.1,40
22400760020,富士富士宮由比線,吉永吉原停車場線,一般国道１３９号,22210,0,0.3,富士市今井１丁目１?２６,566,富士市今井１丁目１?２６,733,1299,1.26,0.2,29.8,18.5,10.1,40
22400760040,富士富士宮由比線,一般国道１号,吉永吉原停車場線,22210,0,0.3,富士市間門２１５,2916,富士市間門２１５,2942,5858,1.25,0.37,22.6,15,32.65,40
22400760050,富士富士宮由比線,吉永吉原停車場線,三島富士線,22210,0,2,富士市間門２１５,2916,富士市間門２１５,2942,5858,1.25,0.37,14.5,21.4,32.65,40
22400760060,富士富士宮由比線,三島富士線,富士裾野線,22210,0,4.5,富士市間門２１５,2916,富士市間門２１５,2942,5858,1.25,0.59,38.7,36.6,12.2,40
22400760070,富士富士宮由比線,富士裾野線,富士裾野線,22210,0,0.7,富士市大淵２８８０,3733,富士市大淵２８８０,3273,7006,1.26,0.68,30.7,32.7,9,40
22400760080,富士富士宮由比線,富士裾野線,富士白糸滝公園線,22210,0,3,富士市大淵２８８０,3733,富士市大淵２８８０,3273,7006,1.26,0.75,37.5,33.3,8.6,50
22400760090,富士富士宮由比線,富士白糸滝公園線,富士市・富士宮市境,22210,0,2,富士市大淵２８８０,3733,富士市大淵２８８０,3273,7006,1.26,0.82,26.1,25.9,7.9,40
22400760100,富士富士宮由比線,富士市・富士宮市境,一般国道１３９号（西富士道路）,22207,0,2.5,富士市大淵２８８０,3733,富士市大淵２８８０,3273,7006,1.26,0.68,28.9,18.9,12,40
22301390150,富士富士宮由比線,一般国道１３９号（西富士道路）,富士根停車場線,22207,0,0.5,富士宮市小泉2160-1,4213,富士宮市小泉2160-1,4302,8515,1.26,0.57,6.5,27.9,8.65,40
22400760120,富士富士宮由比線,富士根停車場線,富士根停車場線,22207,0,0.7,富士宮市矢立町900,6613,富士宮市矢立町900,7008,13621,1.3,1.22,16.5,20.5,16,40
22400760130,富士富士宮由比線,富士根停車場線,大坂富士宮線,22207,0,1.5,富士宮市矢立町900,6613,富士宮市矢立町900,7008,13621,1.3,1.22,16.4,12.6,16,40
22400760140,富士富士宮由比線,大坂富士宮線,富士宮停車場線,22207,0,0.3,富士宮市矢立町900,6613,富士宮市矢立町900,7008,13621,1.3,1.22,13.9,17.9,16,40
22400760150,富士富士宮由比線,富士宮停車場線,富士宮富士公園線,22207,0,0.5,富士宮市矢立町900,6613,富士宮市矢立町900,7008,13621,1.3,1.22,17.6,10.9,16,40
22400760160,富士富士宮由比線,富士宮富士公園線,富士富士宮線,22207,0,0.2,富士市北松野,6044,富士市北松野,6111,12155,1.27,1.01,11.4,9.5,13,40
22400760170,富士富士宮由比線,富士富士宮線,富士宮市・富士市境,22207,0,4.7,富士市北松野,6044,富士市北松野,6111,12155,1.27,1.01,25.4,30.4,13,40
22400760180,富士富士宮由比線,富士宮市・富士市境,富士川身延線,22210,0,0.1,富士市北松野,6044,富士市北松野,6111,12155,1.27,0.85,34.7,10.4,10.85,40
22400760190,富士富士宮由比線,富士川身延線,,22210,0,6.8,富士市北松野１４４４?１?１,333,富士市北松野１４４４?１?１,408,741,1.21,0.08,37.6,39.9,7,40
22400760200,富士富士宮由比線,,由比停車場線,22103,0,5.8,静岡市清水区由比入山1971-7,747,静岡市清水区由比入山1971-7,807,1554,1.21,0.2,44,41.9,8.1,40
22400770110,川根寸又峡線,藤枝天竜線,島田市・川根本町境,22209,0,0.1,,2934,,3045,5979,1.26,0.73,51.3,51.6,10,40
22400770120,川根寸又峡線,島田市・川根本町境,川根寸又峡線,22429,0,1,,2934,,3045,5979,1.26,0.75,49.8,53.7,9.3,40
22400770030,川根寸又峡線,川根寸又峡線,春野下泉停車場線,22429,0,5.1,榛原郡川根本町下泉58-1,3438,榛原郡川根本町下泉58-1,3360,6798,1.26,0.82,47.6,47.5,8,50
22400770035,川根寸又峡線,春野下泉停車場線,川根本町道,22429,0,10.1,榛原郡川根本町田野口213-7,233,榛原郡川根本町田野口213-7,249,482,1.21,1.11,41.8,40.1,4.6,40
22400770040,川根寸又峡線,川根本町道,川根本町道,22429,0,3.9,榛原郡川根本町田野口213-7,233,榛原郡川根本町田野口213-7,249,482,1.21,0.05,32.1,39.6,7,30
22400770050,川根寸又峡線,川根本町道,一般国道３６２号,22429,0,0.2,榛原郡川根本町田野口213-7,233,榛原郡川根本町田野口213-7,249,482,1.21,0.05,31.1,31.1,8,30
22400770070,川根寸又峡線,一般国道３６２号,川根寸又峡線,22429,0,0.9,榛原郡川根本町千頭985-25,1816,榛原郡川根本町千頭985-25,1858,3674,1.23,0.53,27.6,30.3,6.5,40
22400770080,川根寸又峡線,川根寸又峡線,接岨峡線,22429,0,5.3,榛原郡川根本町千頭985-25,1816,榛原郡川根本町千頭985-25,1858,3674,1.23,0.53,48.7,51.2,6.5,40
22400770090,川根寸又峡線,接岨峡線,,22429,0,9.3,榛原郡川根本町千頭985-25,1816,榛原郡川根本町千頭985-25,1858,3674,1.23,0.53,29.8,32.4,6.5,40
22400770010,川根寸又峡線,一般国道４７３号,島田市・川根本町境,22209,0,1.6,榛原郡川根本町地名194-7,925,榛原郡川根本町地名194-7,549,1474,1.19,0.25,40.8,38,9.25,40
22400770020,川根寸又峡線,島田市・川根本町境,川根寸又峡線,22429,0,0.8,榛原郡川根本町地名194-7,925,榛原郡川根本町地名194-7,549,1474,1.19,0.24,34.4,26.5,8.6,40
22400770160,川根寸又峡線,,川根寸又峡線,22429,0,0.2,榛原郡川根本町東藤川705-8,1122,榛原郡川根本町東藤川705-8,1178,2300,1.22,0.33,21.5,21,9.5,40
22400780010,御殿場大井線,一般国道１３８号,沼津小山線,22215,0,1.1,御殿場市萩原字花の木354-1,5938,御殿場市萩原字花の木354-1,6282,12220,1.29,0.93,16.2,21.4,10,40
22400780015,御殿場大井線,沼津小山線,御殿場市道２３１６号線他,22215,0,1.5,御殿場市御殿場字土手丸430-1,2577,御殿場市御殿場字土手丸430-1,2448,5025,1.25,0.58,26,34.8,8.5,40
22400780020,御殿場大井線,御殿場市道２３１６号線他,御殿場市・小山町境,22215,0,1.2,御殿場市深沢,2479,御殿場市深沢,2348,4827,1.27,0.62,40.3,44.5,8.5,40
22400780030,御殿場大井線,御殿場市・小山町境,竹之下小山線,22344,0,1.5,御殿場市深沢,2479,御殿場市深沢,2348,4827,1.27,0.65,37.2,36.8,9,40
22400780040,御殿場大井線,竹之下小山線,足柄峠線,22344,0,6.1,御殿場市深沢,2479,御殿場市深沢,2348,4827,1.27,5.37,37.2,36.8,5,40
22400780050,御殿場大井線,足柄峠線,御殿場大井,22344,0,1.1,御殿場市深沢,2479,御殿場市深沢,2348,4827,1.27,0.63,30.3,31,8,40
22400790010,吉田大東線,一般国道１５０号,島田吉田線,22424,0,1.2,榛原郡吉田町大幡1148-2地先,2565,榛原郡吉田町大幡1148-2地先,2925,5490,1.25,0.63,15,30.1,14,40
22400790020,吉田大東線,島田吉田線,吉田町道,22424,0,0.2,榛原郡吉田町大幡1148-2地先,2565,榛原郡吉田町大幡1148-2地先,2925,5490,1.25,0.63,13.5,14.8,14,40
22400790030,吉田大東線,吉田町道,吉田町・牧之原市境,22424,0,1.3,榛原郡吉田町大幡1148-2地先,2565,榛原郡吉田町大幡1148-2地先,2925,5490,1.25,0.63,29.8,29.4,14,40
22400790040,吉田大東線,吉田町・牧之原市境,細江金谷線,22226,0,0.8,榛原郡吉田町大幡1148-2地先,2565,榛原郡吉田町大幡1148-2地先,2925,5490,1.25,0.57,31.6,33.4,10.7,40
22400790060,吉田大東線,細江金谷線,榛原金谷線,22226,0,2.6,牧之原市布引原444-2,1742,牧之原市布引原444-2,1522,3264,1.24,0.38,40.5,37.6,10.5,40
22400790070,吉田大東線,榛原金谷線,榛原金谷線,22226,0,0.1,牧之原市布引原444-2,1742,牧之原市布引原444-2,1522,3264,1.24,0.38,22.4,19.9,10.5,40
22400790080,吉田大東線,榛原金谷線,吉田大東線,22226,0,5.7,牧之原市布引原444-2,1742,牧之原市布引原444-2,1522,3264,1.24,0.38,37.7,34.8,10.5,40
22400790090,吉田大東線,吉田大東線,一般国道４７３号,22226,0,0.1,,1168,,1211,2379,1.23,0.37,9.5,17.2,10.6,40
22400790095,吉田大東線,一般国道４７３号,菊川市道,22224,0,4,,1168,,1211,2379,1.23,0.28,37.7,46.6,8.6,40
22400790230,吉田大東線,菊川市道,吉沢金谷線,22224,0,0.5,,1168,,1211,2379,1.23,0.31,47,48,14.1,40
22602340005,吉田大東線,吉沢金谷線,菊川市道,22224,0,0.1,菊川市吉沢755-24,2611,菊川市吉沢755-24,2123,4734,1.24,0.55,39.8,45,12.1,40
22400790120,吉田大東線,菊川市道,菊川榛原線,22224,0,0.5,菊川市吉沢755-24,2611,菊川市吉沢755-24,2123,4734,1.24,0.52,30.8,33.8,10.5,40
22400790130,吉田大東線,菊川榛原線,掛川浜岡線,22224,0,2.3,菊川市本所318-1,5586,菊川市本所318-1,5302,10888,1.27,1.25,26.1,24.2,12,40
22400370080,吉田大東線,掛川浜岡線,東名高速道路,22224,0,0.7,菊川市本所318-1,5586,菊川市本所318-1,5302,10888,1.27,1.31,20.3,11.3,7.75,40
22400370090,吉田大東線,東名高速道路,川上菊川線,22224,0,0.3,菊川市本所318-1,5586,菊川市本所318-1,5302,10888,1.27,1.24,15.7,12.5,17,40
22400790150,吉田大東線,川上菊川線,掛川浜岡線,22224,0,0.2,菊川市加茂1682-1,2273,菊川市加茂1682-1,2517,4790,1.25,0.79,7.5,9,18,40
22400790160,吉田大東線,掛川浜岡線,小笠掛川線,22224,0,2,菊川市加茂1682-1,2273,菊川市加茂1682-1,2517,4790,1.25,0.67,28.8,30.9,16,40
22400790170,吉田大東線,小笠掛川線,小笠掛川線,22224,0,1.5,菊川市加茂1682-1,2273,菊川市加茂1682-1,2517,4790,1.25,0.67,34.9,28.9,16,40
22400790180,吉田大東線,小笠掛川線,菊川市・掛川市境,22224,0,1.5,菊川市中内田6818-1,2988,菊川市中内田6818-1,3026,6014,1.26,0.65,33,44.7,10,50
22400790190,吉田大東線,菊川市・掛川市境,掛川大東線,22213,0,0.5,菊川市中内田6818-1,2988,菊川市中内田6818-1,3026,6014,1.26,0.77,34.3,19.9,10.3,40
22400790210,吉田大東線,吉田大東線,一般国道４７３号,22226,0,0.2,牧之原市勝田2310-4,2119,牧之原市勝田2310-4,2161,4280,1.25,0.76,28.4,19.8,10.1,40
22400800010,熱海大仁線,一般国道１３５号,伊豆スカイライン,22205,0,5.6,熱海市下多賀1522-81,795,熱海市下多賀1522,739,1534,1.18,0.17,34.7,34.2,9,30
22400800020,熱海大仁線,伊豆スカイライン,田原野函南停車場線,22225,0,3.5,熱海市下多賀1522-81,795,熱海市下多賀1522,739,1534,1.18,0.19,45.1,48,6.5,30
22400800030,熱海大仁線,田原野函南停車場線,伊東大仁線,22225,0,1.7,熱海市下多賀1522-81,795,熱海市下多賀1522,739,1534,1.18,0.19,44.6,41.4,6.5,30
22400800040,熱海大仁線,伊東大仁線,伊豆の国市・伊豆市境,22225,0,1,伊豆市大野字竹ノ坂777-2,657,伊豆市大野字竹ノ坂777-2,589,1246,1.17,0.62,28.8,31.2,5,40
22400800050,熱海大仁線,伊豆の国市・伊豆市境,伊豆市・伊豆の国市境,22222,0,8.6,伊豆市大野字竹ノ坂777-2,657,伊豆市大野字竹ノ坂777-2,589,1246,1.17,0.11,36,35.1,8,40
22400800060,熱海大仁線,伊豆市・伊豆の国市境,大仁停車場線,22225,0,0.3,伊豆市大野字竹ノ坂777-2,657,伊豆市大野字竹ノ坂777-2,589,1246,1.17,0.12,17.5,11.4,10.8,40
22400800070,熱海大仁線,大仁停車場線,伊豆の国市・伊豆市境,22225,0,0.2,伊豆市大野字竹ノ坂777-2,657,伊豆市大野字竹ノ坂777-2,589,1246,1.17,0.12,21.3,19.1,10.8,40
22400800080,熱海大仁線,伊豆の国市・伊豆市境,一般国道１３６号,22222,0,0.1,伊豆市大野字竹ノ坂777-2,657,伊豆市大野字竹ノ坂777-2,589,1246,1.17,0.15,29.9,5.8,11.45,40
22400810010,焼津森線,焼津藤枝線,焼津藤枝線,22212,0,0.6,焼津市駅北3丁目38,6455,焼津市駅北3丁目38,6580,13035,1.29,0.61,19.9,22.8,25,50
22400810020,焼津森線,焼津藤枝線,一般国道１５０号,22212,0,0.7,焼津市駅北3丁目38,6455,焼津市駅北3丁目38,6580,13035,1.29,0.61,24.8,19.2,25,50
22400810030,焼津森線,一般国道１５０号,東名高速道路,22212,0,0.8,焼津市八楠766-3,11709,焼津市八楠766-3,12073,23782,1.38,1.03,15,20.4,25,50
22400810040,焼津森線,東名高速道路,焼津市・藤枝市境,22212,0,0.8,藤枝市下当間645 ,10105,藤枝市下当間645 ,10167,20272,1.34,0.81,16.5,18.7,25,50
22400810050,焼津森線,焼津市・藤枝市境,島田岡部線,22214,0,2.2,藤枝市下当間645 ,10105,藤枝市下当間645 ,10167,20272,1.34,1.54,20.8,22.7,10,40
22400810060,焼津森線,島田岡部線,一般国道１号,22214,0,1,藤枝市岡部町内谷924-2 ,4684,藤枝市岡部町内谷924-2 ,4669,9353,1.26,0.75,21.3,14.6,6.2,30
22400810070,焼津森線,一般国道１号,焼津岡部線,22214,0,0.5,藤枝市岡部町内谷924-2 ,4684,藤枝市岡部町内谷924-2 ,4669,9353,1.26,0.64,11.3,22.9,16,40
22400810080,焼津森線,焼津岡部線,藤枝静岡線,22214,0,0.3,藤枝市岡部町内谷924-2 ,4684,藤枝市岡部町内谷924-2 ,4669,9353,1.26,0.64,27.8,22.4,16,40
22400810090,焼津森線,藤枝静岡線,静岡朝比奈藤枝線,22214,0,1.7,藤枝市岡部町子持坂63-3 ,1515,藤枝市岡部町子持坂63-3 ,1628,3143,1.23,0.43,29.8,34,10.5,40
22400810100,焼津森線,静岡朝比奈藤枝線,静岡朝比奈藤枝線,22214,0,0.2,藤枝市岡部町子持坂63-3 ,1515,藤枝市岡部町子持坂63-3 ,1628,3143,1.23,0.38,25.4,37.9,12,40
22400810110,焼津森線,静岡朝比奈藤枝線,伊久美藤枝線,22214,0,4.5,藤枝市岡部町子持坂63-3 ,1515,藤枝市岡部町子持坂63-3 ,1628,3143,1.23,0.38,28.8,31.3,9,30
22400810120,焼津森線,伊久美藤枝線,藤枝黒俣線,22214,0,3.6,藤枝市西方793-3,12,藤枝市西方793-3,16,28,1.23,0,24,27.1,7,40
22400810140,焼津森線,藤枝黒俣線,伊久美藤枝線,22214,0,2.4,藤枝市滝沢183-1 ,795,藤枝市滝沢183-1 ,833,1628,1.18,0.2,45,35,10,40
22400810150,焼津森線,伊久美藤枝線,伊久美元島田線,22214,0,2.7,藤枝市滝沢183-1 ,795,藤枝市滝沢183-1 ,833,1628,1.18,0.2,42.3,26.8,10,40
22400810160,焼津森線,伊久美元島田線,伊久美元島田線,22209,0,2.7,藤枝市滝沢183-1 ,795,藤枝市滝沢183-1 ,833,1628,1.18,6.97,42.3,26.9,3.5,40
22400810170,焼津森線,伊久美元島田線,島田川根線,22209,0,4.1,藤枝市滝沢183-1 ,795,藤枝市滝沢183-1 ,833,1628,1.18,6.97,51,47.9,3.5,40
22400810190,焼津森線,島田川根線,,22209,0,1.1,,533,,548,1081,1.18,0.94,24.4,25.1,4.2,40
22400810210,焼津森線,一般国道４７３号,島田市・掛川市境,22209,0,9.4,島田市大代影島155-1,1147,島田市大代影島155-1,1234,2381,1.22,0.34,39.5,39.5,12,40
22400810220,焼津森線,島田市・掛川市境,掛川川根線,22213,0,10.2,掛川市倉真3730-1,773,掛川市倉真3730-1,730,1503,1.17,0.18,39.5,39.5,8.5,40
22400810230,焼津森線,掛川川根線,原里大池線,22213,0,3.8,掛川市倉真3730-1,773,掛川市倉真3730-1,730,1503,1.17,0.19,40,41.7,10,40
22400810240,焼津森線,原里大池線,掛川天竜線,22213,0,3.3,掛川市倉真3730-1,773,掛川市倉真3730-1,730,1503,1.17,0.19,45,36.1,10,40
22400810250,焼津森線,掛川天竜線,遠江原谷停車場線,22213,0,0.2,袋井市宇刈2529					,605,袋井市宇刈2529					,646,1251,1.18,0.17,11.2,18.6,10.5,40
22400810260,焼津森線,遠江原谷停車場線,掛川市・袋井市境,22213,0,1.5,袋井市宇刈2529					,605,袋井市宇刈2529					,646,1251,1.18,0.17,32.6,37.8,10.5,40
22400810270,焼津森線,掛川市・袋井市境,袋井市・森町境,22216,0,1.7,袋井市宇刈2529					,605,袋井市宇刈2529					,646,1251,1.18,0.17,44.9,44.5,8.5,40
22400810280,焼津森線,袋井市・森町境,袋井春野線,22461,0,1,袋井市宇刈2529					,605,袋井市宇刈2529					,646,1251,1.18,0.22,38.7,27.9,8.5,40
22400810300,焼津森線,袋井春野線,山梨一宮線,22461,0,2,周智郡森町谷中192					,517,周智郡森町谷中192					,591,1108,1.18,0.19,38.9,38.2,10,40
22400810310,焼津森線,山梨一宮線,掛川天竜線,22461,0,1.9,周智郡森町谷中192					,517,周智郡森町谷中192					,591,1108,1.18,0.19,33,33.7,10,40
22400810330,焼津森線,島田岡部線,一般国道１号（藤枝ＢＰ）,22214,0,0.6,藤枝市仮宿1473-6 ,8485,藤枝市仮宿1473-6 ,7677,16162,1.37,0.78,17.7,17.2,27,50
22400820010,裾野インタ－線,東名高速道路,一般国道２４６号,22220,0,1,裾野市御宿,5337,裾野市御宿,5859,11196,1.28,0.43,14.2,22.1,22,50
22400830010,沼津インタ－線,一般国道２４６号,沼津インタ－線,22203,0,1.7,沼津市岡宮焼土手1302-8,9282,沼津市岡宮焼土手1302-8,8929,18211,1.29,0.55,32.6,36.8,26,50
22400830020,沼津インタ－線,沼津インタ－線,東名高速道路,22203,0,0.1,沼津市岡宮焼土手1302-8,9282,沼津市岡宮焼土手1302-8,8929,18211,1.29,0.55,31.4,37.7,26,50
22400830040,沼津インタ－線,沼津インタ－線,足高三枚橋線,22203,0,0.1,沼津市岡宮,3245,沼津市岡宮,3184,6429,1.26,0.15,6.6,6.7,26,40
22400840010,中島南安倍線,一般国道１５０号,東名高速道路,22102,0,0.9,静岡市駿河区中野新田,18395,静岡市駿河区中野新田,20096,38491,1.4,0.85,21.1,26,20.1,50
22400840020,中島南安倍線,東名高速道路,中野小鹿線,22102,0,0.4,静岡市駿河区中野新田,18395,静岡市駿河区中野新田,20096,38491,1.4,0.85,25.5,26.4,20.1,50
22400840030,中島南安倍線,中野小鹿線,丸子池田線,22102,0,0.7,静岡市駿河区中野新田,18395,静岡市駿河区中野新田,20096,38491,1.4,0.85,19.7,10.7,20.1,50
22400840040,中島南安倍線,丸子池田線,静岡環状線,22102,0,0.6,静岡市駿河区緑が丘町,14012,静岡市駿河区緑が丘町,13022,27034,1.27,0.75,17.3,18.1,20,50
22400840045,中島南安倍線,静岡環状線,,22102,0,0.4,静岡市駿河区南安倍3丁目5,12795,静岡市駿河区南安倍3丁目5,11225,24020,1.27,0.89,22.9,6.1,20,50
22400840050,中島南安倍線,,一般国道１号,22101,0,0.1,静岡市駿河区南安倍3丁目5,12795,静岡市駿河区南安倍3丁目5,11225,24020,1.27,0.89,22.9,6.1,20,50
22400850010,三ヶ日インター線,一般国道３６２号,東名高速道路,22135,0,0.7,浜松市北区三ヶ日町都筑1313-665,3651,浜松市北区三ヶ日町都筑1313-665,3568,7219,1.26,0.65,25.8,36.8,7,40
22400860010,磐田インター線,磐田袋井線,一般国道１号（磐田ＢＰ）,22211,0,1.7,磐田市見付2345-3					,7540,磐田市見付2345-3					,8231,15771,1.31,1.11,14.7,17.7,18,40
22400860020,磐田インター線,一般国道１号（磐田ＢＰ）,横川磐田線,22211,0,0.8,磐田市見付2345-3					,7540,磐田市見付2345-3					,8231,15771,1.31,0.48,19,24,27,50
22400860030,磐田インター線,横川磐田線,東名高速道路,22211,1,0.2,磐田市見付2345-3					,7540,磐田市見付2345-3					,8231,15771,1.31,0.77,13,33.9,12.6,50
22400870010,大岡元長窪線,一般国道４１４号,沼津市・長泉町境,22203,0,0.4,駿東郡長泉町下土狩,8260,駿東郡長泉町下土狩,8925,17185,1.33,1.4,12.2,26.8,10.75,40
22400870020,大岡元長窪線,沼津市・長泉町境,三島富士線,22342,0,1.6,駿東郡長泉町下土狩,8260,駿東郡長泉町下土狩,8925,17185,1.33,1.31,15.2,21.8,20,40
22400870030,大岡元長窪線,三島富士線,,22342,0,0.5,駿東郡長泉町下土狩,8260,駿東郡長泉町下土狩,8925,17185,1.33,1.31,19.2,22.7,20,40
22603940005,大岡元長窪線,,沼津小山線,22342,0,0.2,駿東郡長泉町下土狩,8260,駿東郡長泉町下土狩,8925,17185,1.33,1.29,17.1,15.3,12.4,50
22400870090,大岡元長窪線,沼津小山線,一般国道２４６号,22342,0,0.5,駿東郡長泉町下土狩961-2,4880,駿東郡長泉町下土狩961-2,3440,8320,1.26,0.51,17.7,17.7,27,50
22400870070,大岡元長窪線,一般国道２４６号,新東名高速道路,22342,0,1.4,駿東郡長泉町下長窪,3117,駿東郡長泉町下長窪,3391,6508,1.26,0.88,23.7,39.2,12.25,50
22400870050,大岡元長窪線,新東名高速道路,足高三枚橋線,22342,0,0.6,駿東郡長泉町下長窪,3117,駿東郡長泉町下長窪,3391,6508,1.26,0.87,35.6,25.4,9.2,50
22400880010,一色久沢線,富士裾野線,富士白糸滝公園線,22210,0,2.7,富士市一色１８３?１０,2199,富士市一色１８３?１０,2661,4860,1.26,0.65,25.7,21.8,7.65,40
22400880022,一色久沢線,富士白糸滝公園線,一色久沢線,22210,0,0.9,富士市大淵２７１０?１,3093,富士市大淵２７１０?１,2595,5688,1.26,0.37,28,31.3,24.85,50
22400880023,一色久沢線,一色久沢線,,22210,0,0.2,富士市大淵２７１０?１,3093,富士市大淵２７１０?１,2595,5688,1.26,0.65,9.4,27.4,17.55,30
22400880050,一色久沢線,,富士市道,22210,0,1.6,富士市大淵２７１０?１,3093,富士市大淵２７１０?１,2595,5688,1.26,0.61,28.2,30.6,11.55,40
22400880030,一色久沢線,富士市道,富士富士宮線,22210,0,1.3,富士市大淵２７１０?１,3093,富士市大淵２７１０?１,2595,5688,1.26,1.51,19.8,14.9,8.4,40
22400880070,一色久沢線,一色久沢線,新東名高速道路,22210,1,0.9,富士市大淵２７１０?１,3093,富士市大淵２７１０?１,2595,5688,1.26,0.21,33.2,51.7,16.5,60
22601020010,十国峠伊豆山線,熱海函南線,,22205,0,3.4,,,,,,,,25.2,25.2,1,20
22601020030,十国峠伊豆山線,,一般国道１３５号,22205,0,10.8,熱海市七尾原1173-172,616,熱海市七尾原1173-172,621,1237,1.18,0.43,33.7,35.3,6.5,20
22601030010,熱海停車場線,一般国道１３５号,,22205,0,0.6,熱海市田原本町5-14,5855,熱海市田原本町5-14,5208,11063,1.27,0.85,16.8,15.7,11,40
22601050010,伊豆多賀停車場線,,一般国道１３５号,22205,0,0.8,熱海市上多賀148,1323,熱海市上多賀148,1522,2845,1.24,0.29,15.9,7.9,6,30
22601070010,網代停車場線,,一般国道１３５号,22205,0,0.5,熱海市下多賀164-1,856,熱海市下多賀164-1,933,1789,1.2,0.68,18.4,8.7,5.5,30
22601080010,宇佐美停車場線,,一般国道１３５号,22208,0,0.3,伊東市宇佐美1803-3,745,伊東市宇佐美1803-3,751,1496,1.2,0.19,16.7,12.8,9.7,30
22601090010,伊東川奈八幡野線,一般国道１３５号,一般国道１３５号,22208,0,15.2,伊東市富戸545,1847,伊東市富戸545,1642,3489,1.24,0.33,39.1,36.5,14,40
22601100010,伊東港線,一般国道１３５号,一般国道１３５号,22208,0,0.7,伊東市静海町5-19,1268,伊東市静海町5-19,1615,2883,1.25,0.54,17.6,26,8.3,40
22601110010,遠笠山富戸線,,伊豆スカイライン,22222,0,6.9,伊豆市冷川字大幡野1524-364,640,伊豆市冷川字大幡野1524-364,543,1183,1.17,0.16,42.5,44.8,7.8,40
22601110020,遠笠山富戸線,伊豆スカイライン,中大見八幡野線,22222,0,1.7,伊豆市冷川字大幡野1524-364,640,伊豆市冷川字大幡野1524-364,543,1183,1.17,0.16,36,39.4,7.8,40
22601110030,遠笠山富戸線,中大見八幡野線,池東松原線,22208,0,3.7,伊東市池675-24,1060,伊東市池675-24,1054,2114,1.17,0.25,50.3,52.4,7.6,40
22601110040,遠笠山富戸線,池東松原線,一般国道１３５号,22208,0,3.8,伊東市池675-24,1060,伊東市池675-24,1054,2114,1.17,0.25,43,38.3,7.6,40
22601120010,中大見八幡野線,伊東修善寺線,遠笠山富戸線,22222,0,3.7,,296,,381,677,1.19,0.18,44.4,41.9,6.5,30
22601120020,中大見八幡野線,遠笠山富戸線,,22208,0,1.4,,,,,,,,,,1.5,30
22601120035,中大見八幡野線,,中大見八幡野線,22208,0,4.4,伊東市池526-4,2372,伊東市池526-4,2488,4860,1.25,0.51,29.3,29.3,7.5,40
22601120040,中大見八幡野線,中大見八幡野線,一般国道１３５号,22208,0,0.7,伊東市池526-4,2372,伊東市池526-4,2488,4860,1.25,0.38,44.5,36.3,12,40
22601120060,中大見八幡野線,中大見八幡野線,,22208,0,1,,,,,,,,38.4,38,12,40
22601130010,熱川片瀬線,一般国道１３５号,一般国道１３５号,22301,0,3.2,賀茂郡東伊豆町片瀬字磯1-1,314,賀茂郡東伊豆町片瀬字磯1-1,347,661,1.18,0.09,31.7,24.7,7,30
22601140010,稲取港線,,一般国道１３５号,22301,0,1,賀茂郡東伊豆町稲取410-1,1519,賀茂郡東伊豆町稲取410-1,1771,3290,1.24,0.99,17.9,17,7.4,30
22601150010,湯ケ野松崎線,一般国道４１４号,,22302,0,4.3,賀茂郡河津町大鍋字下的場62,130,賀茂郡河津町大鍋字下的場62,132,262,1.14,0.11,35.6,35.6,6,40
22601150030,湯ケ野松崎線,,下田松崎線,22305,0,7.9,賀茂郡松崎町池代字中之段1-5,166,賀茂郡松崎町池代字中之段1-5,171,337,1.15,0.34,31.8,31.8,4,30
22601160010,須崎柿崎線,,一般国道１３５号,22219,0,3.1,下田市柿崎36-54,2056,下田市柿崎36-54,1888,3944,1.25,0.39,32.3,27.6,7.55,40
22601170010,下田港線,,一般国道１３６号,22219,0,0.9,下田市五丁目4-16,1978,下田市五丁目4-16,1882,3860,1.25,0.25,18,12,12,30
22601180010,蓮台寺本郷線,一般国道４１４号,,22219,0,1.5,下田市立野136,1694,下田市立野136,1689,3383,1.2,0.6,30.2,33,5.95,30
22601190010,下田南伊豆線,一般国道１３６号,下田市・南伊豆町境,22219,0,6.1,下田市大賀茂528-3,1533,下田市大賀茂528-3,1303,2836,1.23,0.31,37.3,37,10.5,40
22601190020,下田南伊豆線,下田市・南伊豆町境,南伊豆松崎線,22304,0,4.1,下田市大賀茂528-3,1533,下田市大賀茂528-3,1303,2836,1.23,0.34,47.6,49,10,40
22601190030,下田南伊豆線,南伊豆松崎線,下田南伊豆線,22304,0,1.3,賀茂郡南伊豆町上小野239-1,132,賀茂郡南伊豆町上小野239-1,131,263,1.15,0.1,46.5,49.2,5,30
22601190080,下田南伊豆線,下田南伊豆線,下田南伊豆線,22304,0,0.3,賀茂郡南伊豆町上小野239-1,132,賀茂郡南伊豆町上小野239-1,131,263,1.15,0.02,50,51.1,12.15,40
22601190050,下田南伊豆線,下田南伊豆線,南伊豆松崎線,22304,0,0.4,賀茂郡南伊豆町上小野239-1,132,賀茂郡南伊豆町上小野239-1,131,263,1.15,0.1,50.9,50.1,5,30
22601190060,下田南伊豆線,南伊豆松崎線,一般国道１３６号,22304,0,8.1,賀茂郡南伊豆町上小野239-1,132,賀茂郡南伊豆町上小野239-1,131,263,1.15,0.1,30.3,30.3,5,30
22601190040,下田南伊豆線,下田南伊豆線,下田南伊豆線,22304,0,0.3,,109,,99,208,1.15,0.1,30.3,30.3,5,30
22601200010,手石湊線,下田石廊松崎線,,22304,0,1.4,賀茂郡南伊豆町湊972,1121,賀茂郡南伊豆町湊972,1045,2166,1.22,0.24,24.8,28.9,8.3,40
22601210010,南伊豆松崎線,一般国道１３６号,下田南伊豆線,22304,0,1.9,賀茂郡南伊豆町上賀茂261-1,1353,賀茂郡南伊豆町上賀茂261-1,1471,2824,1.2,0.16,23.8,27.4,11.5,30
22601210030,南伊豆松崎線,下田南伊豆線,南伊豆町・松崎町境,22304,0,9,賀茂郡南伊豆町下小野210,1094,賀茂郡南伊豆町下小野210,1072,2166,1.2,1.65,38.4,33.4,4.3,30
22601210040,南伊豆松崎線,南伊豆町・松崎町境,一般国道１３６号,22305,0,9.2,賀茂郡松崎町岩科北側370-2,869,賀茂郡松崎町岩科北側370-2,866,1735,1.19,0.2,40.1,39.4,12,40
22601220010,松崎港線,,一般国道１３６号,22305,0,0.7,賀茂郡松崎町江奈212-17,636,賀茂郡松崎町江奈212-17,613,1249,1.25,0.47,36,36,6,30
22601240010,吉奈門野原線,,一般国道４１４号,22222,0,1.2,伊豆市吉奈字煤垣21,517,伊豆市吉奈字煤垣21,487,1004,1.23,0.27,37,21.6,6.5,30
22601250010,土肥港線,,沼津土肥線,22222,0,0.2,伊豆市土肥212-2,129,伊豆市土肥212-2,142,271,1.2,0.24,11.3,20,5,30
22601270010,船原西浦高原線,西天城高原線,修善寺戸田線,22222,0,9.9,伊豆市修善寺,90,伊豆市修善寺,100,190,1.21,0.02,47.7,43.6,6.5,40
22601270030,船原西浦高原線,修善寺戸田線,沼津土肥線,22203,0,8,沼津市西浦古宇342-2,664,沼津市西浦古宇342-2,785,1449,1.18,0.21,41.9,44.3,9,40
22601290010,韮山伊豆長岡修善寺線,一般国道１３６号,原木沼津線,22225,0,0.9,伊豆の国市南江間字楠木9-2,4539,伊豆の国市南江間字楠木9-2,4957,9496,1.27,3.05,20.4,22.3,4.5,30
22601290020,韮山伊豆長岡修善寺線,原木沼津線,函南町・伊豆の国市境,22325,0,0.4,伊豆の国市南江間字楠木9-2,4539,伊豆の国市南江間字楠木9-2,4957,9496,1.27,0.51,38.2,39.1,7.5,40
22601290030,韮山伊豆長岡修善寺線,函南町・伊豆の国市境,静浦港韮山停車場線,22225,0,1.1,伊豆の国市南江間字楠木9-2,4539,伊豆の国市南江間字楠木9-2,4957,9496,1.27,0.49,33.2,22.2,6.75,30
22601290040,韮山伊豆長岡修善寺線,静浦港韮山停車場線,古奈伊豆長岡停車場線,22225,0,2.4,伊豆の国市南江間字楠木9-2,4539,伊豆の国市南江間字楠木9-2,4957,9496,1.27,0.49,26.2,25.1,6.75,30
22601290050,韮山伊豆長岡修善寺線,古奈伊豆長岡停車場線,伊豆長岡三津線,22225,0,0.6,伊豆の国市南江間字楠木9-2,4539,伊豆の国市南江間字楠木9-2,4957,9496,1.27,0.49,22.2,17.3,6.75,30
22601290060,韮山伊豆長岡修善寺線,伊豆長岡三津線,一般国道４１４号,22225,0,1.2,伊豆の国市南江間字楠木9-2,4539,伊豆の国市南江間字楠木9-2,4957,9496,1.27,0.49,26,23,6.75,30
22601290070,韮山伊豆長岡修善寺線,一般国道４１４号,伊豆の国市・伊豆市境,22225,0,3.5,伊豆の国市神島字石取場1406-11,180,伊豆の国市神島字石取場1406-11,230,410,1.2,1.44,35,34.2,3.5,40
22601290080,韮山伊豆長岡修善寺線,伊豆の国市・伊豆市境,一般国道１３６号,22222,0,2.2,伊豆の国市神島字石取場1406-11,180,伊豆の国市神島字石取場1406-11,230,410,1.2,0.09,,26.8,7.5,30
22601300010,伊豆長岡三津線,韮山伊豆長岡修善寺線,一般国道４１４号,22225,0,0.8,伊豆の国市長岡猿渡1103-1,4235,伊豆の国市長岡猿渡1103-1,4232,8467,1.26,0.61,18.8,19.4,10.4,40
22601300020,伊豆長岡三津線,一般国道４１４号,一般国道１３６号,22225,0,0.3,伊豆の国市長岡猿渡1103-1,4235,伊豆の国市長岡猿渡1103-1,4232,8467,1.26,0.61,20.5,21.8,10.4,40
22601300030,伊豆長岡三津線,一般国道１３６号,伊豆の国市・沼津市境,22225,0,1.4,伊豆の国市長瀬字三津坂104-4,1769,伊豆の国市長瀬字三津坂104-4,1580,3349,1.24,0.4,40.5,48.5,7.5,40
22601300040,伊豆長岡三津線,伊豆の国市・沼津市境,沼津土肥線,22203,0,1.5,伊豆の国市長瀬字三津坂104-4,1769,伊豆の国市長瀬字三津坂104-4,1580,3349,1.24,0.5,38.5,34.4,8.55,30
22601310010,古奈伊豆長岡停車場線,韮山伊豆長岡修善寺線,一般国道１３６号,22225,0,1.1,伊豆の国市古奈字中ノ台240-7,2870,伊豆の国市古奈字中ノ台240-7,2963,5833,1.26,0.57,19.1,12.9,9.3,40
22601320010,韮山反射炉線,一般国道１３６号,函南停車場反射炉線,22225,0,1.1,伊豆の国市中字富士見317-1,1926,伊豆の国市中字富士見317-1,3552,5478,1.25,0.7,24,31.6,9,40
22601320020,韮山反射炉線,函南停車場反射炉線,,22225,0,0.3,伊豆の国市中字宮下281-1,124,伊豆の国市中字宮下281-1,149,273,1.17,0.04,20,19.5,9,40
22601330005,韮山韮山停車場線,,函南停車場反射炉線,22225,0,0.1,伊豆の国市四日町字土手前210-3,1173,伊豆の国市四日町字土手前210-3,1206,2379,1.23,0.28,21.5,11.9,8.5,30
22601330010,韮山韮山停車場線,函南停車場反射炉線,静浦港韮山停車場線,22225,0,0.9,伊豆の国市四日町字土手前210-3,1173,伊豆の国市四日町字土手前210-3,1206,2379,1.23,0.28,22.1,24.4,8.5,30
22601330030,韮山韮山停車場線,静浦港韮山停車場線,,22225,0,0.1,伊豆の国市四日町字土手前210-3,1173,伊豆の国市四日町字土手前210-3,1206,2379,1.23,0.28,8.5,8.8,8.5,30
22601340010,静浦港韮山停車場線,一般国道４１４号,一般国道１３６号,22225,0,1.1,伊豆の国市南江間字押坂1775-1,2605,伊豆の国市南江間字押坂1775-1,2949,5554,1.26,0.64,38.5,35.7,9.7,40
22601340020,静浦港韮山停車場線,一般国道１３６号,韮山伊豆長岡修善寺線,22225,0,0.9,伊豆の国市南江間字山之神戸1206-1,3972,伊豆の国市南江間字山之神戸1206-1,3662,7634,1.26,0.86,22.1,26.8,9.7,40
22601340030,静浦港韮山停車場線,韮山伊豆長岡修善寺線,一般国道１３６号,22225,0,1.1,伊豆の国市南江間字山之神戸1206-1,3972,伊豆の国市南江間字山之神戸1206-1,3662,7634,1.26,0.86,22.1,21.3,9.7,40
22601340050,静浦港韮山停車場線,一般国道１３６号,韮山韮山停車場線,22225,0,0.3,,3073,,3048,6121,1.26,1.02,12.2,20.3,7.7,40
22601350010,田原野函南停車場線,伊東大仁線,熱海大仁線,22225,0,2.1,伊豆の国市浮橋字城口435-2,258,伊豆の国市浮橋字城口435-2,233,491,1.21,0.19,33.5,39.1,5,30
22601350020,田原野函南停車場線,熱海大仁線,,22225,0,5.6,伊豆の国市浮橋字城口435-2,258,伊豆の国市浮橋字城口435-2,233,491,1.21,0.19,35.8,35.5,5,30
22601350040,田原野函南停車場線,,伊豆の国市・函南町境,22225,0,1.4,,,,,,,,39.1,27.3,2,20
22601350050,田原野函南停車場線,伊豆の国市・函南町境,,22325,0,0.9,,,,,,,,,,2,20
22601350070,田原野函南停車場線,,熱海函南線,22325,0,1.7,,424,,509,933,1.18,1.13,32.6,32.6,4,30
22601350080,田原野函南停車場線,熱海函南線,熱海函南線,22325,0,4.1,田方郡函南町丹那333-1,440,田方郡函南町丹那333-1,531,971,1.19,0.14,32.6,32.6,6.5,30
22601350100,田原野函南停車場線,熱海函南線,清水函南停車場線,22325,0,1.5,田方郡函南町丹那333-1,440,田方郡函南町丹那333-1,531,971,1.19,0.6,27.1,37,5.5,30
22601350110,田原野函南停車場線,清水函南停車場線,,22325,0,0.3,田方郡函南町丹那333-1,440,田方郡函南町丹那333-1,531,971,1.19,0.6,24.4,24.9,5.5,30
22601360010,函南停車場反射炉線,熱海函南線,函南町・伊豆の国市境,22325,0,2.4,田方郡函南町畑毛字城ヶ下360-2,2670,田方郡函南町畑毛字城ヶ下360-2,2496,5166,1.25,0.43,17.6,26.4,8.55,30
22601360020,函南停車場反射炉線,函南町・伊豆の国市境,韮山韮山停車場線,22225,0,3.7,田方郡函南町畑毛字城ヶ下360-2,2670,田方郡函南町畑毛字城ヶ下360-2,2496,5166,1.25,0.43,30,32.1,7,40
22601360030,函南停車場反射炉線,韮山韮山停車場線,韮山反射炉線,22225,0,2.2,伊豆の国市四日町字土手前211-1,4081,伊豆の国市四日町字土手前211-1,4113,8194,1.26,0.74,37.2,39.2,7,40
22601370010,原木停車場線,一般国道１３６号,,22225,0,0.1,,206,,203,409,1.18,0.13,10.3,8.6,5,30
22601380010,御園伊豆仁田停車場線,三島静浦港線,一般国道１号（伊豆縦貫道）,22206,0,0.2,田方郡函南町塚本字株良130-3,1584,田方郡函南町塚本字株良130-3,1275,2859,1.23,0.38,13.2,24.8,8.7,40
22601380020,御園伊豆仁田停車場線,一般国道１号（伊豆縦貫道）,一般国道１３６号,22325,0,1.4,田方郡函南町塚本字株良130-3,1584,田方郡函南町塚本字株良130-3,1275,2859,1.23,1.25,23.7,16.6,5.85,30
22601380030,御園伊豆仁田停車場線,一般国道１３６号,,22325,0,0.4,田方郡函南町塚本字株良130-3,1584,田方郡函南町塚本字株良130-3,1275,2859,1.23,0.91,8.5,11.5,5.7,30
22601390010,原木沼津線,韮山伊豆長岡修善寺線,函南町・沼津市境,22325,0,1.9,沼津市大平1816-1,4844,沼津市大平1816-1,5152,9996,1.25,1.06,36.3,32.1,6,40
22601390020,原木沼津線,函南町・沼津市境,三島静浦港線,22203,0,0.2,沼津市大平1816-1,4844,沼津市大平1816-1,5152,9996,1.25,1.47,35.2,20.6,10.85,30
22601390030,原木沼津線,三島静浦港線,沼津市道,22203,0,0.3,沼津市大平1816-1,4844,沼津市大平1816-1,5152,9996,1.25,1.47,11.5,35.2,10.85,30
22601400055,原木沼津線,沼津市道,三島静浦港線,22203,0,1.3,沼津市大平1816-1,4844,沼津市大平1816-1,5152,9996,1.25,0.95,34.5,39.8,10.6,40
22601390140,原木沼津線,三島静浦港線,,22203,0,0.5,駿東郡清水町徳倉230-1,5928,駿東郡清水町徳倉230-1,6032,11960,1.25,0.93,36.7,38.9,11.2,40
22601390110,原木沼津線,,沼津市・清水町境,22203,0,0.6,駿東郡清水町徳倉230-1,5928,駿東郡清水町徳倉230-1,6032,11960,1.25,1.1,30.9,32.4,12.05,40
22601390120,原木沼津線,沼津市・清水町境,下土狩徳倉沼津港線,22341,0,0.7,駿東郡清水町徳倉230-1,5928,駿東郡清水町徳倉230-1,6032,11960,1.25,1.06,28,20.6,12.7,40
22601440065,原木沼津線,下土狩徳倉沼津港線,原木沼津線,22341,0,1.1,駿東郡清水町徳倉1553,5154,駿東郡清水町徳倉1553,4686,9840,1.27,0.78,19.2,18,11.76,40
22601390070,原木沼津線,原木沼津線,清水町・沼津市境,22341,0,1.6,駿東郡清水町徳倉1553,5154,駿東郡清水町徳倉1553,4686,9840,1.27,0.83,21.6,23.2,8.8,40
22601390080,原木沼津線,清水町・沼津市境,一般国道４１４号,22203,0,2.4,沼津市本郷町4-2,7944,沼津市本郷町4-2,6746,14690,1.31,1.27,19.7,15.3,18,40
22601390090,原木沼津線,一般国道４１４号,沼津港線,22203,0,0.5,沼津市上土町100-1,6683,沼津市上土町100-1,8570,15253,1.2,1.54,12.3,14.1,18,40
22601390060,原木沼津線,清水町道,原木沼津線,22341,0,0.2,沼津市上土町100-1,6683,沼津市上土町100-1,8570,15253,1.2,1.76,8.9,15.7,14.4,40
22601400010,三島静浦港線,一般国道１号,清水函南停車場線,22206,0,2.2,三島市松本275-1,7712,三島市松本275-1,9294,17006,1.32,1.18,16.3,20.1,9.6,40
22601400020,三島静浦港線,清水函南停車場線,御園伊豆仁田停車場線,22206,0,1.5,三島市松本275-1,7712,三島市松本275-1,9294,17006,1.32,1.18,24.4,20.3,9.6,40
22601400030,三島静浦港線,御園伊豆仁田停車場線,三島市・沼津市境,22206,0,0.4,三島市御園,4270,三島市御園,4427,8697,1.21,0.91,8.3,27.6,9.6,40
22601400040,三島静浦港線,三島市・沼津市境,原木沼津線,22203,0,0.2,三島市御園,4270,三島市御園,4427,8697,1.21,0.81,30.1,18.1,6.5,40
22601400060,三島静浦港線,原木沼津線,,22203,0,0.6,,9066,,10802,19868,1.35,41.93,32.7,47.8,4,40
22601400080,三島静浦港線,,一般国道４１４号,22203,0,2.9,,,,,,,,,,1.2,20
22601410010,清水函南停車場線,下土狩徳倉沼津港線,清水町・三島市境,22341,0,1,駿東郡清水町湯川176-12,4396,駿東郡清水町湯川176-12,3701,8097,1.26,0.72,18.2,24.4,10,40
22601410020,清水函南停車場線,清水町・三島市境,三島静浦港線,22206,0,0.6,駿東郡清水町湯川176-12,4396,駿東郡清水町湯川176-12,3701,8097,1.26,0.71,16.8,13.1,12.5,40
22601410030,清水函南停車場線,三島静浦港線,一般国道１３６号,22206,0,1,駿東郡清水町湯川176-12,4396,駿東郡清水町湯川176-12,3701,8097,1.26,0.68,17.2,16,9.5,40
22601410035,清水函南停車場線,一般国道１３６号,一般国道１号（伊豆縦貫道）,22206,0,2.2,田方郡函南町上沢字下向井342-1,2701,田方郡函南町上沢字下向井342-1,2550,5251,1.25,0.66,14.7,14.6,10.1,40
22601410040,清水函南停車場線,一般国道１号（伊豆縦貫道）,三島市・函南町境,22206,0,0.2,田方郡函南町上沢字下向井342-1,2701,田方郡函南町上沢字下向井342-1,2550,5251,1.25,0.42,13.1,25.8,15.5,40
22601410050,清水函南停車場線,三島市・函南町境,田原野函南停車場線,22325,0,2.4,田方郡函南町上沢字下向井342-1,2701,田方郡函南町上沢字下向井342-1,2550,5251,1.25,0.45,32.5,32.2,14.4,40
22601420005,三ツ谷谷田線,一般国道１号,一般国道１号（伊豆縦貫道）,22206,0,4.5,三島市谷田973-1,4385,三島市谷田973-1,4299,8684,1.26,0.66,33.7,30.5,14.5,40
22601420010,三ツ谷谷田線,一般国道１号（伊豆縦貫道）,一般国道１号,22206,0,2.7,三島市谷田973-1,4385,三島市谷田973-1,4299,8684,1.26,0.66,28.4,23.8,12.2,40
22601430010,三島田町停車場線,,三島富士線,22206,0,0.3,三島市本町14,1206,三島市本町14,1467,2673,1.27,0.28,22.6,13.6,9.7,30
22601440010,下土狩徳倉沼津港線,三島富士線,長泉町・清水町境,22342,0,0.6,,8234,,7324,15558,1.31,1.19,,20.3,5.71,30
22601440020,下土狩徳倉沼津港線,長泉町・清水町境,沼津三島線,22341,0,0.4,,8234,,7324,15558,1.31,0.84,,12.4,4.2,30
22601440030,下土狩徳倉沼津港線,沼津三島線,一般国道１号,22341,0,0.9,駿東郡清水町堂庭6-1,8049,駿東郡清水町堂庭6-1,6992,15041,1.31,1.32,10.7,12.9,14,30
22601440040,下土狩徳倉沼津港線,一般国道１号,清水函南停車場線,22341,0,1.7,駿東郡清水町堂庭6-1,8049,駿東郡清水町堂庭6-1,6992,15041,1.31,1.32,12.9,13.7,14,30
22601440050,下土狩徳倉沼津港線,清水函南停車場線,清水町道,22341,0,0.4,駿東郡清水町徳倉1762-2,9518,駿東郡清水町徳倉1762-2,8597,18115,1.21,1.79,13.1,20.6,14,30
22601440070,下土狩徳倉沼津港線,原木沼津線,清水町・沼津市境,22341,0,1,沼津市下香貫1160-3,5411,沼津市下香貫1160-3,6183,11594,1.28,0.97,17.6,31.7,12.55,40
22601440080,下土狩徳倉沼津港線,清水町・沼津市境,一般国道４１４号,22203,0,1.7,沼津市下香貫1160-3,5411,沼津市下香貫1160-3,6183,11594,1.28,1.1,27.8,17.5,12.8,40
22601440100,下土狩徳倉沼津港線,一般国道４１４号,,22203,0,1.2,沼津市下香貫3204-4,1352,沼津市下香貫3204-4,1033,2385,1.28,0.23,16.5,16,7,40
22601450010,沼津三島線,富士清水線,沼津市・清水町境,22203,0,0.7,沼津市大岡　黄瀬川橋,2660,沼津市大岡　黄瀬川橋,3083,5743,1.26,0.49,19.2,29,8.5,40
22601450020,沼津三島線,沼津市・清水町境,一般国道１号,22341,0,0.9,沼津市大岡　黄瀬川橋,2660,沼津市大岡　黄瀬川橋,3083,5743,1.26,0.66,14.1,14.3,8,40
22601450030,沼津三島線,一般国道１号,下土狩徳倉沼津港線,22341,0,1,駿東郡清水町伏見,6355,駿東郡清水町伏見,5508,11863,1.26,1.32,14.6,20.4,8,40
22601450040,沼津三島線,下土狩徳倉沼津港線,清水町・三島市境,22341,0,0.1,駿東郡清水町伏見,6355,駿東郡清水町伏見,5508,11863,1.26,1.32,18.2,16.4,8,40
22601450050,沼津三島線,清水町・三島市境,三島富士線,22206,0,0.7,駿東郡清水町伏見,6355,駿東郡清水町伏見,5508,11863,1.26,1.53,17.9,14,7.75,40
22601460010,駿河小山停車場線,沼津小山線,,22344,0,0.7,駿東郡小山町小山字アラオ339-6,1236,駿東郡小山町小山字アラオ339-6,1312,2548,1.27,0.34,26.4,32.8,9,40
22601470005,山中湖小山線,山中湖小山,小山町道,22344,0,9.7,駿東郡小山町湯船字下原960-2,1015,駿東郡小山町湯船字下原960-2,1279,2294,1.2,0.25,44.7,44.7,12,40
22601470030,山中湖小山線,小山町道,一般国道２４６号,22344,0,0.4,駿東郡小山町湯船字下原960-2,1015,駿東郡小山町湯船字下原960-2,1279,2294,1.2,0.22,26.1,30.8,10.25,40
22601490010,竹之下小山線,御殿場大井線,足柄峠線,22344,0,2,駿東郡小山町竹之下字合士ヶ久保987-1,2042,駿東郡小山町竹之下字合士ヶ久保987-1,2066,4108,1.24,0.45,32,37.3,6.5,40
22601490020,竹之下小山線,足柄峠線,沼津小山線,22344,0,1.3,駿東郡小山町竹之下字合士ヶ久保987-1,2042,駿東郡小山町竹之下字合士ヶ久保987-1,2066,4108,1.24,0.43,38.5,32,7,40
22601500010,足柄停車場富士公園線,御殿場大井線,小山町・御殿場市境,22344,0,3.4,駿東郡小山町大胡田字馬場1-1,784,駿東郡小山町大胡田字馬場1-1,712,1496,1.18,0.15,41,39.6,10.95,40
22601500020,足柄停車場富士公園線,小山町・御殿場市境,沼津小山線,22215,0,0.6,駿東郡小山町大胡田字馬場1-1,784,駿東郡小山町大胡田字馬場1-1,712,1496,1.18,0.16,38.1,30.8,7,40
22601500030,足柄停車場富士公園線,沼津小山線,一般国道２４６号,22215,0,0.8,御殿場市古沢字平石7-11,1101,御殿場市古沢字平石7-11,1219,2320,1.23,0.41,26.5,21.5,8.5,40
22601500040,足柄停車場富士公園線,一般国道２４６号,御殿場市・小山町境,22215,0,4.7,御殿場市古沢字平石7-11,1101,御殿場市古沢字平石7-11,1219,2320,1.23,0.35,42.3,41.7,9,40
22601500050,足柄停車場富士公園線,御殿場市・小山町境,須走御殿場線,22344,0,0.8,御殿場市古沢字平石7-11,1101,御殿場市古沢字平石7-11,1219,2320,1.23,0.81,48.5,25.6,5.8,40
22601500070,足柄停車場富士公園線,須走御殿場線,須走小山線,22344,0,0.7,,893,,1029,1922,1.2,0.37,38.2,25.1,12.2,40
22601500080,足柄停車場富士公園線,須走小山線,一般国道１３８号,22344,0,0.6,,893,,1029,1922,1.2,0.41,27.4,20.1,11.4,40
22601500100,足柄停車場富士公園線,一般国道１３８号,,22344,0,11.5,,893,,1029,1922,1.2,0.27,44.2,40.4,11.3,40
22601500120,足柄停車場富士公園線,,富士上吉田線,22344,0,6.9,,,,,,,,,,2,40
22601510010,須走小山線,足柄停車場富士公園線,小山町・御殿場市境,22344,0,2.2,駿東郡小山町須走字下原16-12,2277,駿東郡小山町須走字下原16-12,2304,4581,1.24,0.4,38.8,43.4,7.5,40
22601510020,須走小山線,小山町・御殿場市境,御殿場市・小山町境,22215,0,1.8,駿東郡小山町須走字下原16-12,2277,駿東郡小山町須走字下原16-12,2304,4581,1.24,0.39,49.6,52.8,7.5,40
22601510030,須走小山線,御殿場市・小山町境,一般国道２４６号,22344,0,4.5,駿東郡小山町用沢,3298,駿東郡小山町用沢,3315,6613,1.25,0.81,37.9,33.9,7,50
22601510040,須走小山線,一般国道２４６号,沼津小山線,22344,0,0.9,駿東郡小山町用沢,3298,駿東郡小山町用沢,3315,6613,1.25,0.79,21.2,24.6,10.35,50
22601520010,富士公園太郎坊線,富士公園太郎坊線,,22207,0,4.3,,,,,,,,,,2,20
22601520030,富士公園太郎坊線,,富士宮市・富士市境,22207,0,11.3,富士宮市粟倉,43,富士宮市粟倉,42,85,1.15,0.01,41.9,35.4,9.15,40
22601520040,富士公園太郎坊線,富士宮市・富士市境,富士宮富士公園線,22210,0,2.2,富士宮市粟倉,43,富士宮市粟倉,42,85,1.15,0.01,42.3,43.1,7.75,40
22601520050,富士公園太郎坊線,富士宮富士公園線,富士市・裾野市境,22210,0,0.9,御殿場市中畑字西沢2109-69,356,御殿場市中畑字西沢2109-69,311,667,1.17,0.07,47.1,42.4,7.7,40
22601520060,富士公園太郎坊線,富士市・裾野市境,裾野市・御殿場市境,22220,0,1.4,御殿場市中畑字西沢2109-69,356,御殿場市中畑字西沢2109-69,311,667,1.17,0.06,43.4,43.9,8.1,40
22601520070,富士公園太郎坊線,裾野市・御殿場市境,御殿場富士公園線,22215,0,4.2,御殿場市中畑字西沢2109-69,356,御殿場市中畑字西沢2109-69,311,667,1.17,0.07,52.1,50.5,7.7,40
22601520090,富士公園太郎坊線,富士公園太郎坊線,,22215,0,10.4,,,,,,,,,,3,20
22601520110,富士公園太郎坊線,,御殿場富士公園線,22215,0,1.7,御殿場市中畑字西沢2109-63,72,御殿場市中畑字西沢2109-63,65,137,1.21,0.02,29.1,24.4,7,60
22601530010,御殿場停車場線,,沼津小山線,22215,0,0.2,,4543,,5420,9963,1.27,0.46,,13.1,7.3,40
22601530020,御殿場停車場線,沼津小山線,一般国道２４６号,22215,0,0.9,御殿場市茱萸沢字六角堂1359-1,4215,御殿場市茱萸沢字六角堂1359-1,5399,9614,1.27,0.63,14.5,19.1,8.65,40
22601550010,滝ケ原富士岡線,御殿場富士公園線,五本地御殿場線,22215,0,2.1,御殿場市川柳字萩原道116-1,1492,御殿場市川柳字萩原道116-1,1602,3094,1.24,0.42,25.5,33,8.5,40
22601550020,滝ケ原富士岡線,五本地御殿場線,一般国道４６９号,22215,0,1.8,御殿場市川柳字萩原道116-1,1492,御殿場市川柳字萩原道116-1,1602,3094,1.24,0.43,34.1,34.6,9,40
22601550030,滝ケ原富士岡線,一般国道４６９号,一般国道２４６号,22215,0,2.7,御殿場市神場字芹沢58-4,3798,御殿場市神場字芹沢58-4,3610,7408,1.25,1,26.5,31.9,8.25,40
22601550040,滝ケ原富士岡線,一般国道２４６号,一般国道２４６号,22215,0,0.8,御殿場市神場字芹沢58-4,3798,御殿場市神場字芹沢58-4,3610,7408,1.25,1.04,18.8,28.6,7.7,40
22601550060,滝ケ原富士岡線,一般国道２４６号,沼津小山線,22215,0,1.5,御殿場市駒門字風穴84-3,2296,御殿場市駒門字風穴84-3,2125,4421,1.24,0.6,23,25.8,12.3,40
22601560010,富士岡停車場線,,沼津小山線,22215,0,0.2,御殿場市中山字アラ田470-2,386,御殿場市中山字アラ田470-2,470,856,1.26,0.11,18.4,9,6.75,30
22601570010,五本地御殿場線,一般国道４６９号,裾野市・御殿場市境,22220,0,0.5,,,,,,,,42.4,42.4,7,40
22601570020,五本地御殿場線,裾野市・御殿場市境,,22215,0,3.6,,,,,,,,,,2,20
22601570040,五本地御殿場線,,滝ケ原富士岡線,22215,0,3.6,御殿場市印野字丸尾1668-1,1207,御殿場市印野字丸尾1668-1,1320,2527,1.2,0.31,37.8,39.8,6.85,40
22601580010,大坂富士宮線,一般国道４６９号,富士市・富士宮市境,22210,0,4.1,富士宮市村山292-2,1315,富士宮市村山292-2,1368,2683,1.2,0.49,48,52.5,7.3,50
22601580020,大坂富士宮線,富士市・富士宮市境,富士根停車場線,22207,0,2.4,富士宮市村山292-2,1315,富士宮市村山292-2,1368,2683,1.2,0.45,44.7,45.2,9,50
22601580030,大坂富士宮線,富士根停車場線,一般国道１３９号,22207,0,1.4,富士宮市東阿幸地396,3760,富士宮市東阿幸地396,3074,6834,1.26,0.68,20.6,16.7,10.05,30
22601580040,大坂富士宮線,一般国道１３９号,富士富士宮由比線,22207,0,0.8,富士宮市東阿幸地396,3760,富士宮市東阿幸地396,3074,6834,1.26,0.68,14.8,14.7,10.05,30
22601590010,沼津港線,,原木沼津線,22203,0,1.6,沼津市下河原町466-1,4840,沼津市下河原町466-1,5016,9856,1.27,0.4,20.5,20.1,22,40
22601590020,沼津港線,原木沼津線,沼津停車場線,22203,0,0.3,沼津市上土町100-1,5742,沼津市上土町100-1,6440,12182,1.27,0.41,16.2,15.4,22,40
22601600010,千本城内線,,東柏原沼津線,22203,0,0.4,沼津市下本町4,1830,沼津市下本町4,2242,4072,1.26,0.36,18.7,11.2,20,40
22601600020,千本城内線,東柏原沼津線,原木沼津線,22203,0,0.5,沼津市下本町4,1830,沼津市下本町4,2242,4072,1.26,0.36,14.4,12.7,20,40
22601620010,沼津停車場東沢田線,沼津停車場線,一般国道１号,22203,0,2.3,沼津市新宿町12-1,6776,沼津市新宿町12-1,7914,14690,1.31,0.82,19.5,16.7,25.2,40
22601630010,東柏原沼津線,富士清水線,富士市・沼津市境,22210,0,0.3,沼津市西間門470-1,4217,沼津市西間門470-1,5501,9718,1.27,0.82,13.7,37.7,9.2,40
22601630020,東柏原沼津線,富士市・沼津市境,石川一本松線,22203,0,2,沼津市西間門470-1,4217,沼津市西間門470-1,5501,9718,1.27,0.92,36.2,37.5,9,40
22601630030,東柏原沼津線,石川一本松線,原停車場線,22203,0,1.8,沼津市西間門470-1,4217,沼津市西間門470-1,5501,9718,1.27,0.92,30.3,31.8,9,40
22601630040,東柏原沼津線,原停車場線,原停車場線,22203,0,0.5,沼津市西間門470-1,4217,沼津市西間門470-1,5501,9718,1.27,0.92,20.3,11.8,9,40
22601630050,東柏原沼津線,原停車場線,西椎路松長線,22203,0,2.2,沼津市西間門470-1,4217,沼津市西間門470-1,5501,9718,1.27,0.92,20.1,19.8,9,40
22601630060,東柏原沼津線,西椎路松長線,富士清水線,22203,0,2.7,沼津市西間門470-1,4217,沼津市西間門470-1,5501,9718,1.27,0.92,19.9,17.3,9,40
22601630070,東柏原沼津線,富士清水線,千本城内線,22203,0,1.3,沼津市本874,7600,沼津市本874,9002,16602,1.32,0.53,13,15.9,9,40
22601640010,西椎路松長線,三島富士線,一般国道１号,22203,0,0.5,沼津市松長450,2032,沼津市松長450,1779,3811,1.25,0.42,24.3,16.9,14,40
22601640020,西椎路松長線,一般国道１号,東柏原沼津線,22203,0,0.6,沼津市松長450,2032,沼津市松長450,1779,3811,1.25,0.42,10.7,14.5,14,40
22601650010,原停車場線,,東柏原沼津線,22203,0,0.1,沼津市原346,1037,沼津市原346,1147,2184,1.27,0.41,12.5,18.9,8.6,40
22601650030,原停車場線,東柏原沼津線,一般国道１号,22203,0,0.3,沼津市原906-2,4459,沼津市原906-2,4839,9298,1.26,0.65,16.4,9,20,40
22601650040,原停車場線,一般国道１号,三島富士線,22203,0,1.4,沼津市原906-2,4459,沼津市原906-2,4839,9298,1.26,0.65,20.5,20,20,40
22601660010,石川一本松線,三島富士線,三島富士線,22203,0,0.3,沼津市一本松,1552,沼津市一本松,1590,3142,1.24,0.43,17.5,15.3,7.5,40
22601660020,石川一本松線,三島富士線,一般国道１号,22203,0,1.2,沼津市一本松,1552,沼津市一本松,1590,3142,1.24,0.43,27.3,27.8,7.5,40
22601660030,石川一本松線,一般国道１号,東柏原沼津線,22203,0,0.3,沼津市一本松,1552,沼津市一本松,1590,3142,1.24,0.43,16.2,16.9,7.5,40
22601670010,須津東田子浦停車場線,三島富士線,一般国道１号,22210,0,2.7,富士市神谷158-4,2868,富士市神谷158-4,3311,6179,1.26,0.84,23,21.7,10,40
22601670020,須津東田子浦停車場線,一般国道１号,富士清水線,22210,0,0.3,富士市神谷158-4,2868,富士市神谷158-4,3311,6179,1.26,0.84,15.6,11.6,10,40
22601670030,須津東田子浦停車場線,富士清水線,富士清水線,22210,0,0.3,富士市神谷158-4,2868,富士市神谷158-4,3311,6179,1.26,0.84,23.6,18.9,10,40
22601690010,吉永吉原停車場線,三島富士線,富士富士宮由比線,22210,0,1.5,富士市比奈６１８?６,3568,富士市比奈６１８?６,3325,6893,1.26,0.62,15.5,12.7,9.25,40
22601690030,吉永吉原停車場線,富士富士宮由比線,田子浦港大野線,22210,0,0.8,富士市今井４丁目２?１,808,富士市今井４丁目２?１,1384,2192,1.26,0.42,28.3,34.8,7.6,40
22601690040,吉永吉原停車場線,田子浦港大野線,田子浦港大野線,22210,0,0.1,富士市今井４丁目２?１,808,富士市今井４丁目２?１,1384,2192,1.26,0.42,15.9,13,7.6,40
22601690050,吉永吉原停車場線,田子浦港大野線,,22210,0,0.1,富士市今井４丁目２?１,808,富士市今井４丁目２?１,1384,2192,1.26,0.42,3,7.7,7.6,40
22601700010,田子浦港大野線,,吉永吉原停車場線,22210,0,0.2,富士市鈴川本町１?１,1014,富士市鈴川本町１?１,610,1624,1.26,0.26,25.7,20.9,6.4,40
22601700030,田子浦港大野線,吉永吉原停車場線,富士富士宮由比線,22210,0,0.8,富士市今井２丁目７－１,2637,富士市今井２丁目７－１,2333,4970,1.25,0.62,20.8,18.5,10,30
22601700040,田子浦港大野線,富士富士宮由比線,富士清水線,22210,0,1.5,富士市今井２丁目７－１,2637,富士市今井２丁目７－１,2333,4970,1.25,0.62,40.7,33.3,10,30
22601710010,吉原停車場吉原線,吉永吉原停車場線,一般国道１３９号,22210,0,0.4,富士市依田橋１９０?３,2124,富士市依田橋１９０?３,2155,4279,1.26,0.55,22,14.8,9.85,40
22601710030,吉原停車場吉原線,一般国道１３９号,三島富士線,22210,0,2,富士市吉原２丁目１１,4071,富士市吉原２丁目１１,5710,9781,1.26,0.94,15.4,15.5,15,40
22601720010,吉原田子浦港線,三島富士線,一般国道１３９号,22210,0,0.7,,,富士市御幸町6-21,2531,2531,1.18,0.43,,13.1,4.95,30
22601720030,吉原田子浦港線,一般国道１３９号,田子浦港富士インタ－線,22210,0,0.8,富士市津田町１４９?１,3626,富士市津田町１４９?１,3445,7071,1.26,0.53,12.5,17.4,16,40
22601720040,吉原田子浦港線,田子浦港富士インタ－線,,22210,0,0.4,富士市津田157-1,7557,富士市津田157-1,6675,14232,1.23,0.96,22,17.6,8.5,40
22601730010,湖西東細谷線,一般国道３０１号,豊橋湖西線,22221,0,0.3,湖西市鷲津字釜田722-18,573,湖西市鷲津字釜田722-18,687,1260,1.26,0.18,18.1,12.1,7.3,30
22601730030,湖西東細谷線,豊橋湖西線,新所原停車場白須賀線,22221,0,5,湖西市吉美字一ノ宮1821-3,4372,湖西市吉美字一ノ宮1821-3,3947,8319,1.26,0.98,29.2,27.9,16.6,40
22601730040,湖西東細谷線,新所原停車場白須賀線,一般国道４２号,22221,0,0.2,湖西市吉美字一ノ宮1821-3,4372,湖西市吉美字一ノ宮1821-3,3947,8319,1.26,1.3,14.7,6.8,8.6,40
22601730050,湖西東細谷線,一般国道４２号,湖西東細谷線,22221,0,1.3,湖西市境宿字南11-16,1565,湖西市境宿字南11-16,1282,2847,1.23,0.47,33,34.7,13.3,50
22601740010,富士停車場線,鷹岡富士停車場線,一般国道１号,22210,0,2.8,富士市横割５丁目１０?６,16733,富士市横割５丁目１０?６,16131,32864,1.4,1.09,17.2,12.6,22,40
22601750010,鷹岡富士停車場線,富士富士宮線,富士由比線,22210,0,3.2,富士市中島535-4,6359,富士市中島535-4,5407,11766,1.28,0.96,16.6,17.4,16,40
22601750020,鷹岡富士停車場線,富士由比線,富士停車場線,22210,0,0.6,富士市中島535-4,6359,富士市中島535-4,5407,11766,1.28,0.96,9.1,14.9,16,40
22601760010,鷹岡柚木線,富士根停車場線,富士由比線,22210,0,6.4,富士市岩本57-2,2513,富士市岩本57-2,2801,5314,1.25,0.62,23.3,24.8,8.4,40
22601800010,富士宮富士公園線,富士宮芝川線,富士富士宮由比線,22207,0,0.3,富士宮市元城町1689,5434,富士宮市元城町1689,6008,11442,1.28,1.03,13.1,10,10.55,40
22601800020,富士宮富士公園線,富士富士宮由比線,一般国道１３９号,22207,0,2,富士宮市元城町1689,5434,富士宮市元城町1689,6008,11442,1.28,1.03,18.5,15,10.55,40
22601800030,富士宮富士公園線,一般国道１３９号,富士根停車場線,22207,0,2.9,富士宮市元城町1689,5434,富士宮市元城町1689,6008,11442,1.28,1.03,19.3,23.3,10.55,40
22601800035,富士宮富士公園線,富士根停車場線,一般国道４６９号,22207,0,0.2,富士宮市元城町1689,5434,富士宮市元城町1689,6008,11442,1.28,0.86,17.1,19.4,10.55,40
22601800040,富士宮富士公園線,一般国道４６９号,富士白糸滝公園線,22207,0,2.9,富士宮市山宮719-4,1752,富士宮市山宮719-4,1689,3441,1.25,0.64,37.5,40.3,10.55,40
22601800050,富士宮富士公園線,富士白糸滝公園線,富士宮市・富士市境,22207,0,12.2,富士宮市山宮3756-185,790,富士宮市山宮3756-185,775,1565,1.19,0.28,49.5,47.4,7.8,40
22601800060,富士宮富士公園線,富士宮市・富士市境,富士公園太郎坊線,22210,0,1.9,富士宮市山宮3756-185,790,富士宮市山宮3756-185,775,1565,1.19,0.28,55.1,48,7.75,40
22601810010,富士停車場伝法線,富士停車場線,富士由比線,22210,0,1.5,富士市青葉町７８,5482,富士市青葉町７８,4010,9492,1.27,0.82,18.3,14.6,10.3,40
22601810020,富士停車場伝法線,富士由比線,富士富士宮線,22210,0,2.3,富士市青葉町７８,5482,富士市青葉町７８,4010,9492,1.27,0.82,15.8,14.9,10.3,40
22601810040,富士停車場伝法線,,富士富士宮線,22210,0,0.8,富士市伝法1144,1985,富士市伝法1144,2471,4456,1.25,1.62,,,25,40
22601820010,三沢富士宮線,清水富士宮線,白糸富士宮線,22207,0,5.4,富士宮市中里東町240,1500,富士宮市中里東町240,1712,3212,1.24,0.35,34.9,31.4,12,30
22601840010,白糸富士宮線,富士富士宮線,清水富士宮線,22207,0,3.1,富士宮市半野460-1,575,富士宮市半野460-1,749,1324,1.19,0.09,42.6,43.5,7.8,30
22601840020,白糸富士宮線,清水富士宮線,一般国道４６９号,22207,0,1.2,富士宮市半野460-1,575,富士宮市半野460-1,749,1324,1.19,0.09,29.1,29.4,7.8,30
22601840030,白糸富士宮線,一般国道４６９号,三沢富士宮線,22207,0,7,富士宮市青木303,2659,富士宮市青木303,2856,5515,1.25,0.54,29.3,30.5,14,30
22601840040,白糸富士宮線,三沢富士宮線,富士宮芝川線,22207,0,0.2,富士宮市青木303,2659,富士宮市青木303,2856,5515,1.25,0.54,12.9,11.4,14,30
22601880010,岩淵富士川停車場線,富士川身延線,富士由比線,22210,0,1.8,富士市岩淵２６６,3468,富士市岩淵２６６,3215,6683,1.26,0.8,20.5,20.3,6,30
22601890010,三ツ峰落合線,南アルプス公園線,井川湖御幸線,22101,0,19.4,静岡市葵区落合,428,静岡市葵区落合,463,891,1.19,0.43,38.2,38.6,5.6,30
22601900010,塩出尾崎線,宍原塩出線,富士川身延線,22207,0,2.6,富士宮市内房,2033,富士宮市内房,2283,4316,1.25,0.54,48.1,47.7,11,50
22601920005,宍原塩出線,一般国道５２号,日向宿線,22103,0,3.3,静岡市清水区宍原2353,8,静岡市清水区宍原2353,8,16,1.14,0.03,23.9,23.9,4.5,30
22601920010,宍原塩出線,日向宿線,宍原塩出線,22103,0,1.8,静岡市清水区宍原2353,8,静岡市清水区宍原2353,8,16,1.14,0.03,26.8,26.4,4.2,30
22601930010,興津停車場線,,一般国道１号,22103,0,0.1,静岡市清水区興津中町,1124,静岡市清水区興津中町,1089,2213,1.18,0.34,6.7,5.6,9.5,40
22601930020,興津停車場線,一般国道１号,一般国道１号（静清ＢＰ）,22103,0,0.1,静岡市清水区興津中町,1124,静岡市清水区興津中町,1089,2213,1.18,0.34,7.1,16.2,9.5,40
22601950010,高瀬福士線,清水富士宮線,,22103,0,8.7,静岡市清水区清地,1034,静岡市清水区清地,992,2026,1.2,0.34,34.1,27.8,8.2,40
22601950030,高瀬福士線,,,22103,0,2,,,,,,,,,,0.7,20
22601960010,大向福士線,清水富士宮線,,22103,0,12.7,静岡市清水区茂野島320-4,1119,静岡市清水区茂野島320-4,1108,2227,1.18,0.47,39.9,38.2,8.8,40
22601960030,大向福士線,,大向福士線,22103,0,1.2,,,,,,,,,,3.6,20
22601970010,入江富士見線,一般国道１号,静岡草薙清水線,22103,0,0.6,静岡市清水区春日一丁目,7515,静岡市清水区春日一丁目,7236,14751,1.22,0.47,15.3,10.6,21.8,50
22601970020,入江富士見線,静岡草薙清水線,駒越富士見線,22103,0,0.5,静岡市清水区春日一丁目,7515,静岡市清水区春日一丁目,7236,14751,1.22,0.47,16.1,20.2,21.8,50
22601970030,入江富士見線,駒越富士見線,清水富士宮線,22103,0,0.5,静岡市清水区春日一丁目,7515,静岡市清水区春日一丁目,7236,14751,1.22,0.47,13.1,19.4,21.8,50
22601970040,入江富士見線,清水富士宮線,一般国道１４９号,22103,0,0.3,静岡市清水区春日一丁目,7515,静岡市清水区春日一丁目,7236,14751,1.22,0.66,25.1,21.1,22,50
22601980040,駒越富士見線,一般国道１５０号,一般国道１５０号,22103,0,0.2,静岡市清水区村松,11488,静岡市清水区村松,11096,22584,1.38,0.77,17.9,23.5,20,50
22601980010,駒越富士見線,一般国道１５０号,清水日本平線,22103,0,0.8,静岡市清水区村松,11488,静岡市清水区村松,11096,22584,1.38,1.14,27.5,32.2,18.2,50
22601980015,駒越富士見線,清水日本平線,日の出町押切線,22103,0,2.5,静岡市清水区村松,11488,静岡市清水区村松,11096,22584,1.38,1.14,23.4,23.4,18.2,50
22601980020,駒越富士見線,日の出町押切線,入江富士見線,22103,0,0.9,静岡市清水区村松,11488,静岡市清水区村松,11096,22584,1.38,1.14,21.6,17.7,18.2,50
22601990010,三保駒越線,,一般国道１５０号,22103,0,3.1,静岡市清水区駒越東町,11468,静岡市清水区駒越東町,11360,22828,1.27,0.75,25.3,20.4,14.7,50
22602010010,平山草薙停車場線,,静岡市道,22101,0,3.1,静岡市葵区瀬名三丁目,2833,静岡市葵区瀬名三丁目,3052,5885,1.23,0.5,32.4,30.2,7.3,40
22602010020,平山草薙停車場線,静岡市道,一般国道１号（静清ＢＰ）,22101,0,3.1,静岡市葵区瀬名三丁目,2833,静岡市葵区瀬名三丁目,3052,5885,1.23,0.6,24.6,19.4,12,40
22602010030,平山草薙停車場線,一般国道１号（静清ＢＰ）,静岡清水線,22101,0,0.3,静岡市葵区瀬名三丁目,2833,静岡市葵区瀬名三丁目,3052,5885,1.23,0.6,9.4,15,12,40
22700070010,平山草薙停車場線,静岡清水線,静岡市葵区・静岡市駿河区境,22101,0,0.5,静岡市葵区瀬名川二丁目,3722,静岡市葵区瀬名川二丁目,3728,7450,1.31,0.48,15.3,23.5,22,50
22700070020,平山草薙停車場線,静岡市葵区・静岡市駿河区境,一般国道１号,22102,0,0.6,静岡市葵区瀬名川二丁目,3722,静岡市葵区瀬名川二丁目,3728,7450,1.31,0.54,29.2,6.4,22,50
22602010050,平山草薙停車場線,静岡清水線,一般国道１号,22101,0,1,静岡市駿河区中吉田,7892,静岡市駿河区中吉田,8373,16265,1.26,1.6,15.1,9.4,9,40
22602010060,平山草薙停車場線,一般国道１号,,22103,0,0.7,静岡市駿河区中吉田,7892,静岡市駿河区中吉田,8373,16265,1.26,0.6,12.3,15.8,12.1,40
22602050010,大川静岡線,南アルプス公園線,,22101,0,1.7,静岡市葵区日向,15,静岡市葵区日向,29,44,1.18,0.1,18.3,18.5,4,20
22602050030,大川静岡線,,,22101,0,4.5,,,,,,,,,,0.5,20
22602050050,大川静岡線,,梅ヶ島温泉昭和線,22101,0,9,静岡市葵区足久保口組174-6,1814,静岡市葵区足久保口組174-6,1845,3659,1.19,0.45,23.6,26.8,6.5,30
22602050070,大川静岡線,梅ヶ島温泉昭和線,一般国道１号（静清ＢＰ）,22101,0,2.3,静岡市葵区新伝馬三丁目,6666,静岡市葵区新伝馬三丁目,7507,14173,1.32,1.34,23.7,22.5,8.6,40
22602070010,奈良間手越線,一般国道３６２号,静岡朝比奈藤枝線,22101,0,4.3,静岡市葵区小瀬戸,1645,静岡市葵区小瀬戸,1642,3287,1.16,0.75,34.1,38.5,10.1,40
22602070020,奈良間手越線,静岡朝比奈藤枝線,静岡朝比奈藤枝線,22101,0,4.6,静岡市葵区小瀬戸,2239,静岡市葵区小瀬戸,2395,4634,1.26,0.47,37.1,34.2,10.1,40
22602070030,奈良間手越線,静岡朝比奈藤枝線,一般国道１号（静清ＢＰ）,22101,0,0.5,静岡市葵区牧ケ谷,5490,静岡市葵区牧ケ谷,5699,11189,1.3,0.97,26.8,24.6,16,40
22602070040,奈良間手越線,一般国道１号（静清ＢＰ）,静岡市葵区・静岡市駿河区境,22101,0,0.8,静岡市葵区牧ケ谷,5490,静岡市葵区牧ケ谷,5699,11189,1.3,0.97,28.3,30.4,16,40
22602070050,奈良間手越線,静岡市葵区・静岡市駿河区境,手越向敷地１号線,22102,0,0.9,静岡市葵区牧ケ谷,5490,静岡市葵区牧ケ谷,5699,11189,1.3,1.05,36.4,25.2,13,40
22602070060,奈良間手越線,手越向敷地１号線,一般国道１号,22102,0,1.4,静岡市駿河区向敷地,1400,静岡市駿河区向敷地,1902,3302,1.24,0.81,20.5,17.1,5.3,30
22602080010,藤枝静岡線,島田岡部線,島田岡部線,22214,0,1.5,藤枝市水守1 ,2718,藤枝市水守1 ,2521,5239,1.26,1.9,17,26.3,6,30
22300011410,藤枝静岡線,島田岡部線,島田岡部線,22214,0,0.4,藤枝市水守1 ,2718,藤枝市水守1 ,2521,5239,1.26,0.74,18.8,12.6,13.7,50
22602080030,藤枝静岡線,焼津森線,相俣岡部線,22214,0,1.1,藤枝市岡部町岡部9-2 ,5703,藤枝市岡部町岡部9-2 ,4818,10521,1.27,0.91,26,29.4,10.2,40
22602080040,藤枝静岡線,相俣岡部線,,22214,0,3.3,藤枝市岡部町岡部9-2 ,5703,藤枝市岡部町岡部9-2 ,4818,10521,1.27,0.91,26.5,35.6,10.2,40
22602080050,藤枝静岡線,,一般国道１号,22102,0,1.2,静岡市駿河区宇津ノ谷758-1,191,静岡市駿河区宇津ノ谷758-1,161,352,1.26,0.06,29.9,30.7,7,30
22602080070,藤枝静岡線,一般国道１号,丸子池田線,22102,0,2.1,静岡市駿河区丸子六丁目,3553,静岡市駿河区丸子六丁目,2705,6258,1.31,0.91,27.1,26.9,8.2,30
22602080080,藤枝静岡線,丸子池田線,丸子池田線,22102,0,0.5,静岡市駿河区丸子六丁目,3553,静岡市駿河区丸子六丁目,2705,6258,1.31,0.91,18.8,16.8,8.2,30
22602080090,藤枝静岡線,丸子池田線,一般国道１号,22102,0,0.5,静岡市駿河区丸子六丁目,3553,静岡市駿河区丸子六丁目,2705,6258,1.31,0.91,15.6,10.4,8.2,30
22602080110,藤枝静岡線,一般国道１号,手越向敷地１号線,22102,0,1.1,静岡市葵区弥勒一丁目,6781,静岡市葵区弥勒一丁目,7764,14545,1.26,1.1,21.3,21.6,14.5,40
22602080120,藤枝静岡線,手越向敷地１号線,静岡環状線,22101,0,0.9,静岡市葵区弥勒一丁目,6781,静岡市葵区弥勒一丁目,7764,14545,1.26,1.16,13,20.8,9.3,40
22602080130,藤枝静岡線,静岡環状線,西門町新富町線,22101,0,0.9,静岡市葵区本通三丁目,10949,静岡市葵区本通三丁目,12051,23000,1.37,0.75,23.1,30.3,30,50
22602080140,藤枝静岡線,西門町新富町線,一般国道３６２号,22101,0,0.3,静岡市葵区本通三丁目,10949,静岡市葵区本通三丁目,12051,23000,1.37,0.75,26.5,17.6,30,50
22602080150,藤枝静岡線,一般国道３６２号,井川湖御幸線,22101,0,0.5,静岡市葵区本通三丁目,10949,静岡市葵区本通三丁目,12051,23000,1.37,0.74,19.1,13.4,30,50
22602090010,静岡朝比奈藤枝線,一般国道３６２号,奈良間手越線,22101,0,0.6,静岡市葵区牧ケ谷,4760,静岡市葵区牧ケ谷,4355,9115,1.19,1.23,11.5,21.4,8.6,40
22602090025,静岡朝比奈藤枝線,奈良間手越線,静岡ＳＡスマートアクセス道路,22101,0,0.5,静岡市葵区小瀬戸,1062,静岡市葵区小瀬戸,905,1967,1.17,0.24,32.4,41.9,10,40
22602090030,静岡朝比奈藤枝線,静岡ＳＡスマートアクセス道路,,22101,0,4,静岡市葵区小瀬戸,154,静岡市葵区小瀬戸,141,295,1.17,0.43,26.3,26.3,4.1,30
22602090040,静岡朝比奈藤枝線,,相俣岡部線,22214,0,2.3,藤枝市岡部町桂島1073-1,2312,藤枝市岡部町桂島1073-1,2277,4589,1.25,18.92,37.5,37.5,3.5,30
22602090050,静岡朝比奈藤枝線,相俣岡部線,相俣岡部線,22214,0,6.4,藤枝市岡部町桂島1073-1,2312,藤枝市岡部町桂島1073-1,2277,4589,1.25,0.38,33.6,41.7,12,40
22602090060,静岡朝比奈藤枝線,相俣岡部線,焼津森線,22214,0,1.5,藤枝市岡部町桂島1073-1,2312,藤枝市岡部町桂島1073-1,2277,4589,1.25,0.38,42.4,45.6,12,40
22602090075,静岡朝比奈藤枝線,焼津森線,新東名高速道路,22214,0,0.5,藤枝市高田217 ,3034,藤枝市高田217 ,3455,6489,1.25,0.78,34.3,37.4,12,40
22602090080,静岡朝比奈藤枝線,新東名高速道路,一般国道１号（藤枝ＢＰ）,22214,0,2.7,藤枝市高田217 ,3034,藤枝市高田217 ,3455,6489,1.25,0.8,36.2,32.3,12,40
22602090090,静岡朝比奈藤枝線,一般国道１号（藤枝ＢＰ）,伊久美藤枝線,22214,0,0.7,藤枝市高田217 ,3034,藤枝市高田217 ,3455,6489,1.25,0.87,17.8,20.3,16,40
22602100010,相俣岡部線,一般国道３６２号,,22101,0,1.8,静岡市葵区相俣173,31,静岡市葵区相俣173,37,68,1.17,0.07,23.8,16.7,4,30
22602100030,相俣岡部線,,,22101,0,1.3,,,,,,,,,,3.5,20
22602100050,相俣岡部線,,,22101,0,3.3,静岡市葵区小布杉1084,55,静岡市葵区小布杉1084,48,103,1.18,0.06,29.8,30.5,5.2,30
22602100060,相俣岡部線,,静岡朝比奈藤枝線,22214,0,3.3,藤枝市岡部町宮島1527-2 ,376,藤枝市岡部町宮島1527-2 ,386,762,1.18,0.07,31.8,36.9,6.5,30
22602100080,相俣岡部線,静岡朝比奈藤枝線,藤枝静岡線,22214,0,1.6,藤枝市岡部町岡部454-8,1798,藤枝市岡部町岡部454-8,1723,3521,1.2,0.44,43.1,39.2,15,40
22602130010,焼津岡部線,焼津藤枝線,一般国道１５０号,22212,0,0.8,藤枝市岡部町三輪639-41 ,4778,藤枝市岡部町三輪639-41 ,4946,9724,1.27,1.02,20.1,19.2,8,40
22602130020,焼津岡部線,一般国道１５０号,焼津市・藤枝市境,22212,0,2.5,藤枝市岡部町三輪639-41 ,4778,藤枝市岡部町三輪639-41 ,4946,9724,1.27,1.02,23.9,29.8,8,40
22602130030,焼津岡部線,焼津市・藤枝市境,焼津森線,22214,0,2.2,藤枝市岡部町三輪639-41 ,4778,藤枝市岡部町三輪639-41 ,4946,9724,1.27,1.1,33.1,30.4,12,40
22602150010,伊久美藤枝線,蔵田島田線,,22209,0,1.2,,,,,,,,,,3.5,20
22602150030,伊久美藤枝線,,伊久美元島田線,22209,0,0.5,藤枝市滝沢2998-1 ,92,藤枝市滝沢2998-1 ,100,192,1.26,0.12,29.4,29.4,4.4,20
22602150040,伊久美藤枝線,伊久美元島田線,焼津森線,22214,0,4,藤枝市滝沢2998-1 ,92,藤枝市滝沢2998-1 ,100,192,1.26,0.11,29.4,29.4,4.5,30
22602150060,伊久美藤枝線,焼津森線,一般国道１号（藤枝ＢＰ）,22214,0,4.2,藤枝市上薮田721-3 ,4362,藤枝市上薮田721-3 ,4602,8964,1.26,0.43,33.3,29.8,22,40
22602150070,伊久美藤枝線,一般国道１号（藤枝ＢＰ）,静岡朝比奈藤枝線,22214,0,0.5,藤枝市上薮田721-3 ,4362,藤枝市上薮田721-3 ,4602,8964,1.26,0.43,22.1,28.8,22,40
22602150080,伊久美藤枝線,静岡朝比奈藤枝線,伊久美藤枝線,22214,0,0.2,藤枝市五十海３丁目199 ,4799,藤枝市五十海３丁目199 ,5884,10683,1.27,0.56,13.5,13.7,22,40
22602150090,伊久美藤枝線,伊久美藤枝線,島田岡部線,22214,0,1.5,藤枝市五十海３丁目199 ,4799,藤枝市五十海３丁目199 ,5884,10683,1.27,0.87,19.2,14.2,12,40
22300011440,伊久美藤枝線,島田岡部線,島田岡部線,22214,0,1.2,藤枝市五十海３丁目199 ,4799,藤枝市五十海３丁目199 ,5884,10683,1.27,0.72,21.4,15.6,13.5,50
22602150130,伊久美藤枝線,島田岡部線,上青島焼津線,22214,0,1.5,藤枝市稲川847 ,11206,藤枝市稲川847 ,10170,21376,1.35,1.37,17.8,16.4,11,40
22602150110,伊久美藤枝線,伊久美藤枝線,,22214,0,0.8,,5468,,5816,11284,1.28,0.62,22.6,30,22,40
22602160010,堀之内青島線,一般国道１号（藤枝ＢＰ）,島田岡部線,22214,0,2.5,藤枝市南駿河台１丁目28 ,9484,藤枝市南駿河台１丁目28 ,10581,20065,1.35,0.86,29.5,24.1,22,50
22300011470,堀之内青島線,島田岡部線,藤枝停車場線,22214,0,0.6,藤枝市青木２丁目143-2,8365,藤枝市青木２丁目143-2,8890,17255,1.26,1.14,13.3,18,15.6,50
22602170010,伊久美元島田線,伊久美藤枝線,,22209,0,2.3,,,,,,,,,,0.5,20
22602170030,伊久美元島田線,,焼津森線,22209,0,2.2,,2383,,2390,4773,1.25,4.78,31.9,31.9,3.5,40
22602170050,伊久美元島田線,焼津森線,,22209,0,2.1,,,,,,,,,,0.5,20
22602170070,伊久美元島田線,,一般国道１号（藤枝ＢＰ）,22209,0,7.9,島田市野田891,2675,島田市野田891,2581,5256,1.25,0.16,31.9,31.9,8,40
22300011520,伊久美元島田線,一般国道１号（藤枝ＢＰ）,島田岡部線,22209,0,1.1,島田市野田1254-1,5885,島田市野田1254-1,7246,13131,1.2,2.25,16.8,13.7,11.9,40
22602200010,蔵田島田線,藤枝黒俣線,藤枝市・島田市境,22214,0,6.6,藤枝市瀬戸ノ谷11027-1 ,55,藤枝市瀬戸ノ谷11027-1 ,56,111,1.19,0.14,38.4,38.2,3.5,30
22602200020,蔵田島田線,藤枝市・島田市境,伊久美藤枝線,22209,0,4.1,藤枝市瀬戸ノ谷11027-1 ,55,藤枝市瀬戸ノ谷11027-1 ,56,111,1.19,0.14,38.2,38.2,4.5,40
22602200030,蔵田島田線,伊久美藤枝線,島田川根線,22209,0,6.5,藤枝市瀬戸ノ谷11027-1 ,55,藤枝市瀬戸ノ谷11027-1 ,56,111,1.19,0.14,31,31,4.5,40
22602220010,上青島焼津線,島田岡部線,善左衛門藤枝停車場線,22214,0,3,藤枝市上青島150-7 ,4021,藤枝市上青島150-7 ,4783,8804,1.26,0.74,25.2,23.2,12,40
22602220020,上青島焼津線,善左衛門藤枝停車場線,藤枝停車場線,22214,0,0.6,藤枝市上青島150-7 ,4021,藤枝市上青島150-7 ,4783,8804,1.26,0.76,13.8,15.4,18,40
22602220030,上青島焼津線,藤枝停車場線,藤枝大井川線,22214,0,0.4,藤枝市上青島150-7 ,4021,藤枝市上青島150-7 ,4783,8804,1.26,0.76,13.2,11.9,18,40
22602220040,上青島焼津線,藤枝大井川線,伊久美藤枝線,22214,0,1.5,藤枝市築地308-1,12067,藤枝市築地308-1,11953,24020,1.25,1.02,18.7,18.6,18,50
22602220050,上青島焼津線,伊久美藤枝線,藤枝市・焼津市境,22214,0,0.9,藤枝市築地308-1,12067,藤枝市築地308-1,11953,24020,1.25,1.02,22.9,33.1,18,50
22602220060,上青島焼津線,藤枝市・焼津市境,大富藤枝線,22212,0,0.7,藤枝市築地308-1,12067,藤枝市築地308-1,11953,24020,1.25,0.93,27.4,20.8,18,50
22602220070,上青島焼津線,大富藤枝線,一般国道１５０号,22212,0,1.3,焼津市三ケ名1372-3,7485,焼津市三ケ名1372-3,7208,14693,1.31,1.4,32.2,32.6,18,50
22602220080,上青島焼津線,一般国道１５０号,静岡焼津線,22212,0,1.7,焼津市三ケ名1372-3,7485,焼津市三ケ名1372-3,7208,14693,1.31,1.4,18.6,17.4,18,50
22602220090,上青島焼津線,静岡焼津線,焼津榛原線,22212,0,0.4,焼津市三ケ名1372-3,7485,焼津市三ケ名1372-3,7208,14693,1.31,1.4,13.9,12.2,18,50
22602240005,大富藤枝線,高洲和田線,高洲和田線,22212,0,0.4,焼津市中新田512-6,3648,焼津市中新田512-6,3558,7206,1.26,0.73,24.2,25.4,16,40
22602240010,大富藤枝線,高洲和田線,上青島焼津線,22212,0,2.3,焼津市中新田512-6,3648,焼津市中新田512-6,3558,7206,1.26,0.73,20.4,19.7,16,40
22602240020,大富藤枝線,上青島焼津線,焼津市・藤枝市境,22212,0,1.1,藤枝市田中１丁目5-10,2945,藤枝市田中１丁目5-10,2462,5407,1.26,0.5,19,20.1,16,40
22602240030,大富藤枝線,焼津市・藤枝市境,焼津藤枝線,22214,0,1,藤枝市田中１丁目5-10,2945,藤枝市田中１丁目5-10,2462,5407,1.26,0.59,22.4,13.8,17,40
22602250010,藤枝停車場線,,上青島焼津線,22214,0,0.1,藤枝市駅前２丁目7-19,2486,藤枝市駅前２丁目7-19,2637,5123,1.25,0.35,12.3,12.1,22,40
22602250020,藤枝停車場線,上青島焼津線,堀之内青島線,22214,0,0.7,藤枝市駅前２丁目7-19,2486,藤枝市駅前２丁目7-19,2637,5123,1.25,0.43,15,11.8,18,40
22602260010,高洲和田線,藤枝大井川線,藤枝市・焼津市境,22214,0,1.4,藤枝市高洲１丁目932-3,4252,藤枝市高洲１丁目932-3,5950,10202,1.27,0.95,15,24.9,7.25,40
22602260020,高洲和田線,藤枝市・焼津市境,大富藤枝線,22212,0,1.6,藤枝市高洲１丁目932-3,4252,藤枝市高洲１丁目932-3,5950,10202,1.27,0.91,35.7,31.4,8.8,40
22602260030,高洲和田線,大富藤枝線,一般国道１５０号,22212,0,0.9,焼津市中根新田174-8地先,2765,焼津市中根新田174-8地先,3487,6252,1.24,0.72,24.8,20.9,13,40
22602260050,高洲和田線,一般国道１５０号,焼津榛原線,22212,0,1.5,焼津市一色656-2,1880,焼津市一色656-2,1684,3564,1.25,0.49,25.7,32.3,11.3,40
22602260070,高洲和田線,,大富藤枝線,22212,0,0.5,,,,,,,,30.1,25.3,25,40
22602270010,島田大井川線,島田岡部線,島田市・藤枝市境,22209,0,2,島田市東町1670-1,4167,島田市東町1670-1,4844,9011,1.27,0.39,16.7,19.5,14,40
22602270020,島田大井川線,島田市・藤枝市境,善左衛門藤枝停車場線,22214,0,1.7,島田市東町1670-1,4167,島田市東町1670-1,4844,9011,1.27,0.29,32.9,29.5,10,40
22602270030,島田大井川線,善左衛門藤枝停車場線,藤枝市・焼津市境,22214,0,1.2,島田市東町1670-1,4167,島田市東町1670-1,4844,9011,1.27,0.29,19.4,17,10,40
22602270040,島田大井川線,藤枝市・焼津市境,藤枝大井川線,22212,0,1.6,島田市東町1670-1,4167,島田市東町1670-1,4844,9011,1.27,0.24,35.2,31.3,12.5,40
22602270060,島田大井川線,一般国道１５０号,焼津市道,22212,0,2.8,焼津市宗高1205-3,2566,焼津市宗高1205-3,2527,5093,1.26,0.62,24.8,28.6,6.5,40
22602270070,島田大井川線,焼津榛原線,焼津大井川線,22212,0,0.6,焼津市宗高1205-3,2566,焼津市宗高1205-3,2527,5093,1.26,0.63,26.5,25.2,14,40
22602270080,島田大井川線,焼津大井川線,,22212,0,1.2,焼津市宗高1205-3,2566,焼津市宗高1205-3,2527,5093,1.26,0.54,37.7,29.1,7.2,40
22602280010,新金谷停車場線,,一般国道４７３号,22209,0,0.4,島田市金谷扇町1940,1093,島田市金谷扇町1940,588,1681,1.24,0.26,10.3,8.2,6.9,30
22602290010,吉田港線,吉田町道,焼津榛原線,22424,0,0.5,榛原郡吉田町片岡1618-3,3208,榛原郡吉田町片岡1618-3,3746,6954,1.25,0.58,25.5,25.5,12.6,40
22602290020,吉田港線,焼津榛原線,,22424,0,0.5,榛原郡吉田町片岡1618-3,3208,榛原郡吉田町片岡1618-3,3746,6954,1.25,0.62,15.7,16.5,12,40
22602300010,住吉金谷線,吉田町道,一般国道１５０号,22424,0,1.2,榛原郡吉田町住吉553-3,2735,榛原郡吉田町住吉553-3,2930,5665,1.26,0.46,27,25.5,12,40
22602300020,住吉金谷線,一般国道１５０号,吉田町道,22424,0,2.2,榛原郡吉田町片岡2603-7,5128,榛原郡吉田町片岡2603-7,5142,10270,1.26,0.61,29.6,31.6,12,40
22400340220,住吉金谷線,吉田町道,島田吉田線,22424,0,0.2,榛原郡吉田町片岡2603-7,5128,榛原郡吉田町片岡2603-7,5142,10270,1.26,0.54,10.8,11.6,15,40
22602300040,住吉金谷線,島田吉田線,島田吉田線,22209,0,0.3,島田市阪本1500-4,5201,島田市阪本1500-4,4954,10155,1.27,0.88,12.2,13.5,12,40
22602300050,住吉金谷線,島田吉田線,島田市道,22209,0,0.8,島田市阪本1500-4,5201,島田市阪本1500-4,4954,10155,1.27,0.88,25.6,32.7,12,40
22602300090,住吉金谷線,島田市道,静岡空港線,22209,0,2.4,島田市阪本1500-4,5201,島田市阪本1500-4,4954,10155,1.27,0.8,29.6,25.5,16,30
22602300100,住吉金谷線,静岡空港線,島田市道,22209,0,0.2,島田市湯日820-2,738,島田市湯日820-2,709,1447,1.18,0.17,26.5,29.8,16,30
22602300070,住吉金谷線,島田市道,一般国道４７３号,22209,0,6.1,島田市湯日820-2,738,島田市湯日820-2,709,1447,1.18,0.19,36.9,33.8,12,40
22602330010,榛原金谷線,一般国道１５０号,吉田大東線,22226,0,5,牧之原市中1356,2120,牧之原市中1356,1905,4025,1.25,0.38,25.4,28.9,12,40
22602330030,榛原金谷線,吉田大東線,牧之原市・島田市境,22226,0,5.4,牧之原市切山42-1地先,910,牧之原市切山42-1地先,930,1840,1.2,0.2,52.1,46,11,50
22602330040,榛原金谷線,牧之原市・島田市境,細江金谷線,22209,0,1.6,牧之原市切山42-1地先,910,牧之原市切山42-1地先,930,1840,1.2,0.27,35,31.7,6.5,30
22602340010,吉沢金谷線,吉田大東線,菊川市・島田市境,22224,0,3.6,菊川市友田791-1,1089,菊川市友田791-1,1066,2155,1.24,0.27,45.3,46.7,10,40
22602340020,吉沢金谷線,菊川市・島田市境,島田岡部線,22209,0,3.2,島田市神谷城43-1,717,島田市神谷城43-1,707,1424,1.24,0.19,40.6,41.2,7,40
22602350010,菊川榛原線,吉田大東線,一般国道４７３号,22224,0,4,菊川市沢水加728-2,250,菊川市沢水加728-2,239,489,1.18,0.06,38.7,41.8,8,40
22602350030,菊川榛原線,一般国道４７３号,一般国道１５０号,22226,0,9.3,牧之原市牧之原114-10,2996,牧之原市牧之原114-10,3049,6045,1.25,0.63,38.4,35.8,10.5,50
22602390010,相良浜岡線,一般国道１５０号,一般国道１５０号,22226,0,0.9,御前崎市比木2865-1,3633,御前崎市比木2865-1,3770,7403,1.25,0.98,21.7,36.3,12.5,40
22602390020,相良浜岡線,一般国道１５０号,牧之原市・御前崎市境,22226,0,0.2,御前崎市比木2865-1,3633,御前崎市比木2865-1,3770,7403,1.25,0.98,46,41.3,12.5,40
22602390030,相良浜岡線,牧之原市・御前崎市境,掛川浜岡線,22223,0,4.8,御前崎市比木2865-1,3633,御前崎市比木2865-1,3770,7403,1.25,0.86,47.3,46.5,10.6,50
22602390040,相良浜岡線,掛川浜岡線,大東相良線,22223,0,0.3,御前崎市比木2865-1,3633,御前崎市比木2865-1,3770,7403,1.25,0.86,24.2,17.3,10.6,50
22602400010,御前崎堀野新田線,佐倉御前崎港線,薄原地頭方線,22223,0,3.9,御前崎市御前崎3577-1,1863,御前崎市御前崎3577-1,1782,3645,1.25,0.43,26.6,29.7,7,40
22602400020,御前崎堀野新田線,薄原地頭方線,一般国道１５０号,22223,0,3.3,御前崎市白羽3565-1,3017,御前崎市白羽3565-1,2628,5645,1.26,0.53,35.3,25.8,7,40
22602400030,御前崎堀野新田線,一般国道１５０号,大東相良線,22226,0,0.5,御前崎市白羽3565-1,3017,御前崎市白羽3565-1,2628,5645,1.26,0.61,36.8,22,8.1,40
22602410010,薄原地頭方線,御前崎堀野新田線,御前崎市・牧之原市境,22223,0,1,牧之原市新庄2309-2,1514,牧之原市新庄2309-2,1689,3203,1.24,0.48,27,28.3,6.8,40
22602410020,薄原地頭方線,御前崎市・牧之原市境,一般国道１５０号,22226,0,2,牧之原市新庄2309-2,1514,牧之原市新庄2309-2,1689,3203,1.24,0.38,37.6,33.3,7.7,40
22602420010,浜岡菊川線,掛川浜岡線,相良大須賀線,22223,0,5.9,御前崎市下朝比奈1228-6,1042,御前崎市下朝比奈1228-6,1088,2130,1.2,0.24,44.3,44.4,10.5,40
22602420020,浜岡菊川線,相良大須賀線,,22224,0,0.3,菊川市丹野974-42,2302,菊川市丹野974-42,1962,4264,1.25,0.61,30.5,39.3,10.7,40
22602420030,浜岡菊川線,,,22224,0,0.9,菊川市丹野974-42,2302,菊川市丹野974-42,1962,4264,1.25,0.69,40.9,38.6,8,40
22602420040,浜岡菊川線,,菊川市・牧之原市境,22224,0,4.9,菊川市丹野974-42,2302,菊川市丹野974-42,1962,4264,1.25,0.68,53,53,6.5,40
22602420050,浜岡菊川線,菊川市・牧之原市境,大東菊川線,22226,0,0.8,菊川市丹野974-42,2302,菊川市丹野974-42,1962,4264,1.25,0.62,36.2,40.4,10.5,40
22602420060,浜岡菊川線,大東菊川線,一般国道４７３号,22224,0,1.3,菊川市丹野974-42,2302,菊川市丹野974-42,1962,4264,1.25,0.62,24.3,21.3,10.5,40
22602440010,大東菊川線,一般国道１５０号,大東相良線,22213,0,1,掛川市坂里520-1,1902,掛川市坂里520-1,1823,3725,1.25,0.59,28.8,31.2,8,40
22602440020,大東菊川線,大東相良線,掛川市・菊川市境,22213,0,2,掛川市坂里520-1,1902,掛川市坂里520-1,1823,3725,1.25,0.59,29,41.4,8,40
22602440030,大東菊川線,掛川市・菊川市境,掛川浜岡線,22224,0,1.7,掛川市坂里520-1,1902,掛川市坂里520-1,1823,3725,1.25,0.5,35.1,37.3,8,40
22602440040,大東菊川線,掛川浜岡線,相良大須賀線,22224,0,2.8,菊川市高橋1572-1,1243,菊川市高橋1572-1,1295,2538,1.22,0.36,46.6,47.1,8,40
22602440060,大東菊川線,相良大須賀線,川上菊川線,22224,0,1.3,,1425,,1510,2935,1.24,0.37,36.3,37.1,10.5,40
22602440070,大東菊川線,川上菊川線,,22224,0,2.6,,1425,,1510,2935,1.24,0.37,40.1,34.8,10.5,40
22602440090,大東菊川線,,,22224,0,1.8,,,,,,,,,,3,30
22602440110,大東菊川線,,浜岡菊川線,22224,0,1.2,,1425,,1510,2935,1.24,0.41,52,37.3,7.7,40
22602450010,川上菊川線,大東菊川線,吉田大東線,22224,0,5.8,菊川市半済650-1,4301,菊川市半済650-1,4704,9005,1.26,1.14,41.1,35.3,9.5,50
22602470010,中方千浜線,掛川大東線,掛川市・菊川市境,22213,0,3,掛川市岩滑758-1,2670,掛川市岩滑758-1,2829,5499,1.25,0.71,33.9,39.5,10.1,40
22602470020,中方千浜線,掛川市・菊川市境,相良大須賀線,22224,0,0.1,掛川市岩滑758-1,2670,掛川市岩滑758-1,2829,5499,1.25,0.8,33.7,19.8,8.5,40
22602470040,中方千浜線,相良大須賀線,袋井小笠線,22224,0,1.6,掛川市千浜4530-1,2187,掛川市千浜4530-1,2377,4564,1.25,0.52,35.7,37.4,10,50
22602470050,中方千浜線,袋井小笠線,菊川市・掛川市境,22224,0,0.3,掛川市千浜4530-1,2187,掛川市千浜4530-1,2377,4564,1.25,0.52,31.7,38.2,10,50
22602470060,中方千浜線,菊川市・掛川市境,大東相良線,22213,0,2.1,掛川市千浜4530-1,2187,掛川市千浜4530-1,2377,4564,1.25,0.54,35.5,32.3,12,50
22602490010,掛川大東大須賀線,掛川大東線,袋井小笠線,22213,0,2.5,掛川市入山瀬276-1,3811,掛川市入山瀬276-1,3878,7689,1.26,0.92,27.6,39.8,10.1,40
22602490020,掛川大東大須賀線,袋井小笠線,袋井小笠線,22213,0,1.8,掛川市入山瀬276-1,3811,掛川市入山瀬276-1,3878,7689,1.26,0.92,47.8,42,10.1,40
22602490030,掛川大東大須賀線,袋井小笠線,相良大須賀線,22213,0,6,掛川市大渕11306-1,1172,掛川市大渕11306-1,1314,2486,1.23,0.37,42.9,43.2,7.5,40
22602500010,菊川停車場伊達方線,掛川浜岡線,菊川市・掛川市境,22224,0,1.8,菊川市西方7029,2228,菊川市西方7029,1897,4125,1.24,0.57,34.8,46.9,7,40
22602500020,菊川停車場伊達方線,菊川市・掛川市境,日坂沢田線,22213,0,1.6,菊川市西方7029,2228,菊川市西方7029,1897,4125,1.24,0.54,44.6,36.4,7,40
22602510010,袋井小笠線,袋井停車場線,磐田掛川線,22216,0,3.9,袋井市豊沢2498-2,1707,袋井市豊沢2498-2,2019,3726,1.24,0.58,26.8,27.6,12,40
22602510020,袋井小笠線,磐田掛川線,袋井市・掛川市境,22216,0,5.9,袋井市豊沢2498-2,1707,袋井市豊沢2498-2,2019,3726,1.24,0.58,29.3,34.3,12,40
22602510030,袋井小笠線,袋井市・掛川市境,大須賀掛川停車場線,22213,0,1.6,袋井市豊沢2498-2,1707,袋井市豊沢2498-2,2019,3726,1.24,0.59,32.6,34.5,6.5,40
22602510040,袋井小笠線,大須賀掛川停車場線,掛川大東大須賀線,22213,0,1.6,袋井市豊沢2498-2,1707,袋井市豊沢2498-2,2019,3726,1.24,0.59,34.7,37.6,6.5,40
22602510060,袋井小笠線,掛川大東大須賀線,掛川大東線,22213,0,2,,447,,405,852,1.19,0.1,38.3,39.9,17,40
22602510070,袋井小笠線,掛川大東線,掛川市道,22213,0,3,,447,,405,852,1.19,0.12,38.3,35.1,10.1,40
22602510080,袋井小笠線,相良大須賀線,掛川市・菊川市境,22213,0,0.4,,447,,405,852,1.19,0.13,16.6,37.6,9,40
22602510090,袋井小笠線,掛川市・菊川市境,菊川市・掛川市境,22224,0,0.5,,447,,405,852,1.19,0.1,35.9,49.5,9.2,40
22602510100,袋井小笠線,菊川市・掛川市境,中方千浜線,22213,0,0.5,,447,,405,852,1.19,0.13,47.7,35.5,6.7,40
22602510110,袋井小笠線,中方千浜線,掛川浜岡線,22224,0,2,,447,,405,852,1.19,0.11,32.3,32.4,10,40
22602530010,掛川袋井線,日坂沢田線,一般国道１号（掛川ＢＰ）,22213,0,2.2,掛川市大池819,2827,掛川市大池819,2437,5264,1.23,0.7,19.3,23.5,8.5,40
22602530020,掛川袋井線,一般国道１号（掛川ＢＰ）,一般国道１号（袋井ＢＰ）,22213,0,1.4,掛川市大池819,2827,掛川市大池819,2437,5264,1.23,0.7,21.9,16.8,8.5,40
22602530040,掛川袋井線,一般国道１号（袋井ＢＰ）,磐田袋井線,22216,0,3.2,袋井市国本2493-4,1504,袋井市国本2493-4,1441,2945,1.24,0.32,28.7,31.8,8.8,40
22602530050,掛川袋井線,磐田袋井線,袋井春野線,22216,0,0.7,袋井市国本3033-8					,5582,袋井市国本3033-8					,6251,11833,1.31,0.91,23.1,17.6,18,50
22602530060,掛川袋井線,袋井春野線,袋井停車場線,22216,0,0.3,,5028,,5688,10716,1.27,0.96,17.1,19.5,16.05,40
22602530070,掛川袋井線,袋井停車場線,袋井大須賀線,22216,0,0.6,袋井市川井395,1024,袋井市川井395,878,1902,1.23,0.21,18.7,27.4,8.2,40
22602530080,掛川袋井線,袋井大須賀線,浜北袋井線,22216,0,0.5,袋井市川井395,1024,袋井市川井395,878,1902,1.23,0.21,17.4,15.2,8.2,40
22602540010,掛川停車場線,,掛川浜岡線,22213,0,0.3,掛川市紺屋町7,1020,掛川市紺屋町7,846,1866,1.27,0.28,11.1,10.5,22,40
22602540030,掛川停車場線,掛川浜岡線,日坂沢田線,22213,0,0.5,掛川市掛川1138-41,4148,掛川市掛川1138-41,4659,8807,1.26,0.85,19.3,14,16,40
22602550010,中野諸井線,豊浜磐田線,磐田市・袋井市境,22211,0,1,袋井市冨里205					,1427,袋井市冨里205					,1556,2983,1.23,0.4,32.9,43.5,10,40
22602550020,中野諸井線,磐田市・袋井市境,磐田掛川線,22216,0,1.8,袋井市冨里205					,1427,袋井市冨里205					,1556,2983,1.23,0.38,39.7,35.7,10,40
22602550030,中野諸井線,磐田掛川線,袋井大須賀線,22216,0,2.2,袋井市冨里205					,1427,袋井市冨里205					,1556,2983,1.23,0.38,32.4,30.3,10,40
22602570010,西同笠浅羽線,一般国道１５０号,袋井大須賀線,22216,0,2.9,袋井市豊住829					,2596,袋井市豊住829					,2925,5521,1.25,0.67,28,31.5,12,40
22602580010,豊浜磐田線,一般国道１５０号,中野諸井線,22211,0,0.7,磐田市東小島275-2					,2338,磐田市東小島275-2					,2311,4649,1.25,2.22,35.7,34.8,4.6,40
22602580020,豊浜磐田線,中野諸井線,磐田掛川線,22211,0,5,磐田市東小島275-2					,2338,磐田市東小島275-2					,2311,4649,1.25,0.52,35.8,34.2,14,40
22602580030,豊浜磐田線,磐田掛川線,磐田袋井線,22211,0,2.1,磐田市城之崎二丁目11-10					,1902,磐田市城之崎二丁目11-10					,1669,3571,1.24,0.68,17.7,17.4,8,40
22602590010,磐田竜洋線,磐田停車場線,磐田停車場長野線,22211,0,0.9,磐田市前野2312-2					,3005,磐田市前野2312-2					,3306,6311,1.26,0.73,16.7,19,8.4,40
22602590020,磐田竜洋線,磐田停車場長野線,豊田竜洋線,22211,0,3.7,磐田市前野2312-2					,3005,磐田市前野2312-2					,3306,6311,1.26,0.73,30.8,32.7,8.4,40
22602590030,磐田竜洋線,豊田竜洋線,一般国道１５０号,22211,0,2.3,磐田市前野2312-2					,3005,磐田市前野2312-2					,3306,6311,1.26,0.73,28.1,21.2,8.4,40
22602600010,磐田停車場長野線,磐田竜洋線,一般国道１５０号,22211,0,3.7,磐田市天龍800					,5367,磐田市天龍800					,6090,11457,1.28,0.85,25.7,26.6,10,40
22602610010,磐田細江線,磐田停車場線,磐田袋井線,22211,0,3.9,磐田市宮之一色658					,6522,磐田市宮之一色658					,6515,13037,1.29,1.11,20.6,20.7,10.4,40
22602610020,磐田細江線,磐田袋井線,上野部豊田竜洋線,22211,0,0.3,磐田市宮之一色658					,6522,磐田市宮之一色658					,6515,13037,1.29,1.11,21.9,10.3,10.4,40
22602610030,磐田細江線,上野部豊田竜洋線,,22211,0,0.5,磐田市小立野668-2					,7811,磐田市小立野668-2					,9164,16975,1.26,1.81,23.3,14.1,10.4,40
22602610040,磐田細江線,,二俣浜松線,22132,0,0.4,浜松市東区中野町,8972,浜松市東区中野町,9961,18933,1.33,1.82,24.1,13.7,17.65,40
22602610050,磐田細江線,二俣浜松線,笠井飯田線,22132,0,0.3,浜松市東区中野町,8972,浜松市東区中野町,9961,18933,1.33,1.82,13.4,11.3,17.65,40
22602610060,磐田細江線,笠井飯田線,一般国道１号（浜松ＢＰ）,22132,0,0.1,浜松市東区中野町,8972,浜松市東区中野町,9961,18933,1.33,1.82,9.7,6.6,17.65,40
22602610070,磐田細江線,一般国道１号（浜松ＢＰ）,二俣浜松線,22132,0,0.3,浜松市東区中野町2445,9571,浜松市東区中野町2445,10167,19738,1.28,0.63,12.2,12.9,19.95,40
22602610080,磐田細江線,二俣浜松線,笠井飯田線,22132,0,0.9,浜松市東区中野町2445,9571,浜松市東区中野町2445,10167,19738,1.28,0.63,12.6,19,19.95,40
22602610090,磐田細江線,笠井飯田線,浜松環状線,22132,0,0.6,浜松市東区中野町2445,9571,浜松市東区中野町2445,10167,19738,1.28,0.63,16.6,11,19.95,40
22602610100,磐田細江線,浜松環状線,中野市野線,22132,0,0.7,浜松市東区中野町2445,9571,浜松市東区中野町2445,10167,19738,1.28,0.63,16,17.5,19.95,40
22602610110,磐田細江線,中野市野線,天竜浜松線,22132,0,1,浜松市東区中野町2445,9571,浜松市東区中野町2445,10167,19738,1.28,0.63,22,21.9,19.95,40
22602610120,磐田細江線,天竜浜松線,熊小松天竜川停車場線,22132,0,0.1,浜松市東区中野町2445,9571,浜松市東区中野町2445,10167,19738,1.28,0.63,7.8,13.6,19.95,40
22602610125,磐田細江線,熊小松天竜川停車場線,小池三島線,22132,0,1.6,浜松市東区市野町2521,5815,浜松市東区市野町2521,6713,12528,1.29,0.38,18.2,16,12.6,40
22602610130,磐田細江線,小池三島線,一般国道１５２号,22132,0,1,浜松市東区市野町2521,5815,浜松市東区市野町2521,6713,12528,1.29,0.38,14.8,12.5,12.6,40
22602610140,磐田細江線,一般国道１５２号,上島１０２号線,22132,0,1.2,浜松市東区有玉西町174,4390,浜松市東区有玉西町174,4458,8848,1.29,0.63,14.8,22.4,10,40
22602610150,磐田細江線,上島１０２号線,浜松市中区・浜松市東区境,22131,0,0.1,浜松市東区有玉西町174,4390,浜松市東区有玉西町174,4458,8848,1.29,0.8,19.2,19.6,8.5,40
22602610160,磐田細江線,浜松市中区・浜松市東区境,浜松市東区・浜松市中区境,22132,0,0.3,浜松市東区有玉西町174,4390,浜松市東区有玉西町174,4458,8848,1.29,0.71,22.3,19,12.85,40
22602610170,磐田細江線,浜松市東区・浜松市中区境,一般国道２５７号,22131,0,0.8,浜松市東区有玉西町174,4390,浜松市東区有玉西町174,4458,8848,1.29,0.72,21.1,10.3,20.6,40
22602610180,磐田細江線,一般国道２５７号,一般国道２５７号,22131,0,0.7,浜松市東区有玉西町174,4390,浜松市東区有玉西町174,4458,8848,1.29,0.72,13,13.8,20.6,40
22602610190,磐田細江線,一般国道２５７号,村櫛三方原線,22131,0,1.5,浜松市東区有玉西町174,4390,浜松市東区有玉西町174,4458,8848,1.29,0.72,15.3,18.8,20.6,40
22602610200,磐田細江線,村櫛三方原線,浜松環状線,22131,0,0.3,浜松市東区有玉西町174,4390,浜松市東区有玉西町174,4458,8848,1.29,0.72,17.4,5.8,20.6,40
22602610210,磐田細江線,浜松環状線,村櫛三方原線,22131,0,0.2,浜松市中区葵西5丁目23-40,5687,浜松市中区葵西5丁目23-40,7633,13320,1.28,1.24,5.8,20.6,11.47,40
22602610220,磐田細江線,村櫛三方原線,浜松市中区・浜松市西区境,22131,0,0.3,浜松市中区葵西5丁目23-40,5687,浜松市中区葵西5丁目23-40,7633,13320,1.28,1.24,8.9,26.9,11.47,40
22602610230,磐田細江線,浜松市中区・浜松市西区境,浜松市西区・浜松市北区境,22133,0,1,浜松市中区葵西5丁目23-40,5687,浜松市中区葵西5丁目23-40,7633,13320,1.28,1.29,20,19.5,8.5,40
22602610240,磐田細江線,浜松市西区・浜松市北区境,金指停車場和地線,22135,0,0.9,浜松市中区葵西5丁目23-40,5687,浜松市中区葵西5丁目23-40,7633,13320,1.28,1.19,20.7,16.5,12.4,40
22602610250,磐田細江線,金指停車場和地線,一般国道３６２号,22135,0,4,浜松市中区葵西5丁目23-40,5687,浜松市中区葵西5丁目23-40,7633,13320,1.28,1.19,24.7,26.3,12.4,40
22602620010,豊田竜洋線,磐田天竜線,一般国道１号（磐田ＢＰ）,22211,0,3,磐田市加茂132-1					,3306,磐田市加茂132-1					,3201,6507,1.26,0.75,25.6,25.2,8,40
22602620030,豊田竜洋線,磐田袋井線,磐田竜洋線,22211,0,4.1,磐田市竜洋中島732					,2833,磐田市竜洋中島732					,3267,6100,1.26,0.69,22.8,29.7,9.5,40
22602620040,豊田竜洋線,磐田竜洋線,一般国道１５０号,22211,0,2.2,磐田市竜洋中島732					,2833,磐田市竜洋中島732					,3267,6100,1.26,0.69,28,27,9.5,40
22602630010,春野下泉停車場線,一般国道３６２号,水窪森線,22137,0,5.6,浜松市天竜区春野町長蔵寺,381,浜松市天竜区春野町長蔵寺,346,727,1.12,0.1,37.2,43.3,7.5,50
22602630020,春野下泉停車場線,水窪森線,水窪森線,22137,0,4.2,浜松市天竜区春野町長蔵寺,381,浜松市天竜区春野町長蔵寺,346,727,1.12,0.1,48.5,45.3,7.5,50
22602630030,春野下泉停車場線,水窪森線,,22137,0,9.8,浜松市天竜区春野町長蔵寺,381,浜松市天竜区春野町長蔵寺,346,727,1.12,0.1,48.5,45.3,7.5,50
22602630040,春野下泉停車場線,,一般国道３６２号,22429,0,3.8,榛原郡川根本町下長尾1731-5,59,榛原郡川根本町下長尾1731-5,47,106,1.21,0.1,37.9,34.7,4,40
22602630060,春野下泉停車場線,一般国道３６２号,川根寸又峡線,22429,0,0.7,榛原郡川根本町下長尾285-7,2987,榛原郡川根本町下長尾285-7,3145,6132,1.21,0.99,41.6,43,8.5,40
22602650010,家山停車場線,,一般国道４７３号,22209,0,0.2,島田市川根町家山434-4,414,島田市川根町家山434-4,432,846,1.24,0.14,7.2,7.1,10.3,40
22602690010,大和田森線,掛川川根線,原里大池線,22213,0,5.3,掛川市寺島722,1124,掛川市寺島722,1327,2451,1.19,0.4,43.9,44.5,10.5,40
22602690020,大和田森線,原里大池線,掛川天竜線,22213,0,2.5,掛川市寺島722,1124,掛川市寺島722,1327,2451,1.19,0.4,47.5,45.7,10.5,40
22602700010,方の橋薗ケ谷線,掛川川根線,一般国道１号（掛川ＢＰ）,22213,0,4.9,掛川市千羽531-1,3201,掛川市千羽531-1,3238,6439,1.26,0.93,40.3,42,12.7,40
22602700020,方の橋薗ケ谷線,一般国道１号（掛川ＢＰ）,日坂沢田線,22213,0,0.3,掛川市千羽531-1,3201,掛川市千羽531-1,3238,6439,1.26,0.93,11.2,10.8,12.7,40
22602710010,掛川山梨線,掛川天竜線,掛川市・袋井市境,22213,0,3.8,袋井市宇刈784-3					,3321,袋井市宇刈784-3					,3375,6696,1.26,0.71,39.7,41.4,9.7,40
22602710020,掛川山梨線,掛川市・袋井市境,袋井春野線,22216,0,3.3,袋井市宇刈784-3					,3321,袋井市宇刈784-3					,3375,6696,1.26,0.68,31,28.6,10,40
22602720010,遠江原谷停車場線,,焼津森線,22213,0,0.2,掛川市本郷1415-6,568,掛川市本郷1415-6,664,1232,1.18,1.07,11.4,15.5,5.8,30
22602730010,山梨敷地停車場線,袋井春野線,磐田山梨線,22216,0,0.8,袋井市上山梨1445					,5641,袋井市上山梨1445					,5169,10810,1.25,1.08,15,22,20,50
22602730020,山梨敷地停車場線,磐田山梨線,袋井市・森町境,22216,0,0.6,袋井市上山梨1445					,5641,袋井市上山梨1445					,5169,10810,1.25,1.08,27.1,28.1,20,50
22602730030,山梨敷地停車場線,袋井市・森町境,山梨一宮線,22461,0,0.7,袋井市上山梨1445					,5641,袋井市上山梨1445					,5169,10810,1.25,1.12,25.8,23.9,11.7,50
22602730040,山梨敷地停車場線,山梨一宮線,森町・袋井市境,22461,0,0.9,袋井市川会261-1					,1765,袋井市川会261-1					,1826,3591,1.25,0.5,28,32,11.7,50
22602730050,山梨敷地停車場線,森町・袋井市境,浜北袋井線,22216,0,1.4,袋井市川会261-1					,1765,袋井市川会261-1					,1826,3591,1.25,0.44,31.8,37.1,9.75,50
22602730070,山梨敷地停車場線,浜北袋井線,掛川天竜線,22211,0,0.2,磐田市大当所102-1					,4639,磐田市大当所102-1					,4534,9173,1.25,0.84,12.4,10.5,15.9,50
22602730090,山梨敷地停車場線,掛川天竜線,,22211,0,0.1,磐田市敷地404-2					,60,磐田市敷地404-2					,58,118,1.25,0.01,4.9,9.3,6.5,50
22602750010,袋井停車場線,,袋井小笠線,22216,0,0.1,袋井市高尾町2-5,2205,袋井市高尾町2-5,1700,3905,1.27,0.44,16.1,21.4,20,40
22602750020,袋井停車場線,袋井小笠線,掛川袋井線,22216,0,0.5,袋井市高尾町2-5,2205,袋井市高尾町2-5,1700,3905,1.27,0.44,22.5,24.6,20,40
22602770010,磐田山梨線,磐田袋井線,浜松袋井線,22211,0,5.7,磐田市向笠竹之内108					,3936,磐田市向笠竹之内108					,3674,7610,1.26,0.81,28.2,28.1,10.2,40
22602770020,磐田山梨線,浜松袋井線,磐田市・袋井市境,22211,0,0.9,磐田市向笠竹之内108					,3936,磐田市向笠竹之内108					,3674,7610,1.26,0.81,31.4,43.6,10.2,40
22602770030,磐田山梨線,磐田市・袋井市境,浜北袋井線,22216,0,0.9,磐田市向笠竹之内108					,3936,磐田市向笠竹之内108					,3674,7610,1.26,0.81,47.2,22.2,10.4,40
22602770050,磐田山梨線,浜北袋井線,山梨敷地停車場線,22216,0,1.7,磐田市向笠竹之内108					,3936,磐田市向笠竹之内108					,3674,7610,1.26,0.86,29.5,32.4,9.9,40
22602770060,磐田山梨線,山梨敷地停車場線,袋井春野線,22216,0,0.3,磐田市向笠竹之内108					,3936,磐田市向笠竹之内108					,3674,7610,1.26,0.86,21.4,12,9.9,40
22602780010,遠江森停車場線,,袋井春野線,22461,0,0.8,周智郡森町森800-1					,1540,周智郡森町森800-1					,1657,3197,1.18,0.34,19.1,15.6,7.7,40
22602790010,山梨一宮線,山梨敷地停車場線,焼津森線,22461,0,1.5,周智郡森町谷中486-8					,1856,周智郡森町谷中486-8					,2064,3920,1.25,0.54,37.1,36.8,9.5,50
22602790020,山梨一宮線,焼津森線,掛川天竜線,22461,0,1,周智郡森町谷中486-8					,1856,周智郡森町谷中486-8					,2064,3920,1.25,0.54,30.4,29,9.5,50
22602800010,宮代赤根線,,掛川天竜線,22461,0,2.4,周智郡森町一宮3822					,1281,周智郡森町一宮3822					,1335,2616,1.23,0.28,51.6,45.8,10,40
22602810010,遠江一宮停車場線,,掛川天竜線,22461,0,0.5,周智郡森町一宮1260-1,669,周智郡森町一宮1260-1,981,1650,1.21,0.34,31.5,22.6,6.3,40
22602830010,横川磐田線,一般国道３６２号,,22137,0,0.3,浜松市天竜区横川3215,10,浜松市天竜区横川3215,8,18,1.35,0,20,35.3,5.9,40
22602830030,横川磐田線,,,22137,0,1.9,,,,,,,,35.3,35.3,5,40
22602830050,横川磐田線,,藤枝天竜線,22137,0,0.5,浜松市天竜区横川,79,浜松市天竜区横川,92,171,1.35,0.06,35.3,35.3,5,40
22602830070,横川磐田線,藤枝天竜線,,22137,0,1.3,浜松市天竜区横川,79,浜松市天竜区横川,92,171,1.35,0.09,25,25.2,4.5,40
22602830080,横川磐田線,,掛川天竜線,22211,0,6.9,磐田市家田476-2					,510,磐田市家田476-2					,542,1052,1.17,1.21,35.3,36.7,4,40
22602830100,横川磐田線,浜北袋井線,袋井市・磐田市境,22216,0,2,磐田市大久保49-2,1980,磐田市大久保49-2,1920,3900,1.24,0.52,39.2,39.2,7.5,40
22602830110,横川磐田線,袋井市・磐田市境,浜松袋井線,22211,0,4,磐田市大久保49-2,1980,磐田市大久保49-2,1920,3900,1.24,0.45,41.7,43.4,10.6,40
22602830120,横川磐田線,浜松袋井線,磐田インター線,22211,0,2.9,磐田市大久保49-2,1980,磐田市大久保49-2,1920,3900,1.24,0.45,32.4,33.4,10.6,40
22602840010,上野部停車場線,掛川天竜線,,22211,0,0.1,磐田市新開144-5					,86,磐田市新開144-5					,76,162,1.18,0.02,9,5.5,11.9,30
22602850010,大輪天竜線,一般国道１５２号,鮎釣東雲名春野線,22137,0,12.9,,,,,,,,28.9,28.9,5,30
22602850020,大輪天竜線,鮎釣東雲名春野線,一般国道１５２号,22137,0,3.4,,,,,,,,37.5,37.5,5,30
22602850040,大輪天竜線,一般国道１５２号,鮎釣東雲名春野線,22137,0,0.5,,,,,,,,30.8,35.4,5,30
22602850050,大輪天竜線,鮎釣東雲名春野線,鮎釣東雲名春野線,22137,0,1.7,,,,,,,,18.4,18.4,5,30
22602850060,大輪天竜線,鮎釣東雲名春野線,一般国道１５２号,22137,0,3.3,,,,,,,,37,37,5,30
22602860010,鮎釣東雲名春野線,大輪天竜線,大輪天竜線,22137,0,3.6,浜松市天竜区春野町領家,138,浜松市天竜区春野町領家,150,288,1.17,0.09,31,31,6.5,30
22602860030,鮎釣東雲名春野線,大輪天竜線,一般国道３６２号,22137,0,11.5,浜松市天竜区春野町領家,138,浜松市天竜区春野町領家,150,288,1.17,0.24,39.4,39.6,4.5,30
22602870010,津具大嵐停車場線,飯田富山佐久間線,大嵐佐久間線,22137,0,0.3,浜松市天竜区水窪町奥領家,24,浜松市天竜区水窪町奥領家,22,46,1.35,0.06,20,20,4.4,60
22602880010,大嵐佐久間線,津具大嵐停車場線,,22137,0,1.7,,,,,,,,31.1,31.1,3.7,30
22602880030,大嵐佐久間線,,,22137,0,8.2,,,,,,,,31.1,31.1,4,30
22602880050,大嵐佐久間線,,飯田富山佐久間線,22137,0,8.1,,,,,,,,31.1,31.1,3.5,30
22602900010,水窪羽ケ庄佐久間線,一般国道１５２号,一般国道４７３号,22137,0,11.9,浜松市天竜区佐久間町奥領家1528-4,119,浜松市天竜区佐久間町奥領家1528-4,122,241,1.17,0.33,43.7,33.7,4,30
22602910010,中部天竜停車場線,一般国道４７３号,,22137,0,0.4,浜松市天竜区佐久間町中部,325,浜松市天竜区佐久間町中部,339,664,1.18,0.44,13.8,6.8,6.5,60
22602920010,下川合停車場線,,一般国道４７３号,22137,0,0.3,浜松市天竜区佐久間町川合26,105,浜松市天竜区佐久間町川合26,102,207,1.17,0.02,16.2,5.2,9.6,30
22602940010,御園浦川停車場線,飯田富山佐久間線,,22137,0,0.2,浜松市天竜区佐久間町浦川2820-50,99,浜松市天竜区佐久間町浦川2820-50,78,177,1.15,0.05,5.3,10.9,6.8,60
22602950010,横山熊線,一般国道１５２号,渡ヶ島横山線,22137,0,0.4,浜松市天竜区横山町1146-1,164,浜松市天竜区横山町1146-1,162,326,1.18,0.16,35.2,31.8,6.5,30
22602950020,横山熊線,渡ヶ島横山線,天竜東栄線,22137,0,12.2,浜松市天竜区横山町1146-1,164,浜松市天竜区横山町1146-1,162,326,1.18,0.16,35.2,31.8,6.5,30
22602960010,熊小松天竜川停車場線,天竜東栄線,天竜東栄線,22137,0,10.3,浜松市天竜区西藤平324-4,203,浜松市天竜区西藤平324-4,201,404,1.18,0.47,30.9,29.4,4.5,30
22602960030,熊小松天竜川停車場線,天竜東栄線,浜松市天竜区・浜松市浜北区境,22137,0,3.3,浜松市浜北区堀谷,103,浜松市浜北区堀谷,83,186,1.21,0.27,36.2,28.8,4.5,40
22602960040,熊小松天竜川停車場線,浜松市天竜区・浜松市浜北区境,浜松市浜北区・浜松市天竜区境,22136,0,2.3,浜松市浜北区堀谷,103,浜松市浜北区堀谷,83,186,1.21,0.14,48.9,48.9,7.5,40
22602960050,熊小松天竜川停車場線,浜松市浜北区・浜松市天竜区境,浜松市天竜区・浜松市浜北区境,22137,0,0.2,浜松市浜北区堀谷,103,浜松市浜北区堀谷,83,186,1.21,0.74,39.1,37.4,4.75,40
22602960060,熊小松天竜川停車場線,浜松市天竜区・浜松市浜北区境,一般国道３６２号,22136,0,3.1,浜松市浜北区堀谷,103,浜松市浜北区堀谷,83,186,1.21,0.05,41.1,41.3,8.7,40
22602960070,熊小松天竜川停車場線,一般国道３６２号,浜北三ケ日線,22136,0,0.1,浜松市浜北区堀谷,103,浜松市浜北区堀谷,83,186,1.21,0.05,10.9,19,8.7,40
22602960090,熊小松天竜川停車場線,一般国道３６２号,一般国道１５２号,22136,0,2.2,浜松市浜北区小松442,4126,浜松市浜北区小松442,3657,7783,1.26,0.77,25.4,24.8,10.8,40
22602960100,熊小松天竜川停車場線,一般国道１５２号,細江浜北線,22136,0,1.9,浜松市浜北区小松442,4126,浜松市浜北区小松442,3657,7783,1.26,0.77,27.6,24.4,10.8,40
22602960110,熊小松天竜川停車場線,細江浜北線,小松笠井線,22136,0,0.9,浜松市浜北区小松442,4126,浜松市浜北区小松442,3657,7783,1.26,0.77,16.6,13.5,10.8,40
22602960120,熊小松天竜川停車場線,小松笠井線,浜松市浜北区・浜松市東区境,22136,0,0.5,浜松市東区西ケ崎町542-1,3882,浜松市東区西ケ崎町542-1,5114,8996,1.23,1.21,14,12.8,16,40
22602960130,熊小松天竜川停車場線,浜松市浜北区・浜松市東区境,浜松環状線,22132,0,0.8,浜松市東区西ケ崎町542-1,3882,浜松市東区西ケ崎町542-1,5114,8996,1.23,1.03,23.9,18.3,8.8,40
22602960140,熊小松天竜川停車場線,浜松環状線,浜松市道（足）有玉南積志線,22132,0,0.3,浜松市東区市野町,3461,浜松市東区市野町,2921,6382,1.26,0.92,14.9,21,11.2,40
22602960150,熊小松天竜川停車場線,浜松市道（足）有玉南積志線,浜松市道積志１２号線,22132,0,0.1,浜松市東区市野町,3461,浜松市東区市野町,2921,6382,1.26,0.92,19.7,30.6,11.2,40
22602960160,熊小松天竜川停車場線,浜松市道積志１２号線,磐田細江線,22132,0,3.1,浜松市東区市野町,3461,浜松市東区市野町,2921,6382,1.26,0.92,24.8,23.2,11.2,40
22602960170,熊小松天竜川停車場線,磐田細江線,天竜浜松線,22132,0,0.3,浜松市東区篠ケ瀬町1377-2,3174,浜松市東区篠ケ瀬町1377-2,4002,7176,1.26,0.74,21.9,8.7,8.25,40
22602960180,熊小松天竜川停車場線,天竜浜松線,一般国道１５２号,22132,0,1.9,浜松市東区篠ケ瀬町1377-2,3174,浜松市東区篠ケ瀬町1377-2,4002,7176,1.26,0.74,12.6,17,8.25,40
22602960190,熊小松天竜川停車場線,一般国道１５２号,中野子安線,22132,0,0.4,浜松市東区篠ケ瀬町1377-2,3174,浜松市東区篠ケ瀬町1377-2,4002,7176,1.26,0.74,9.1,12.6,8.25,40
22602960200,熊小松天竜川停車場線,中野子安線,,22132,0,0.3,浜松市東区篠ケ瀬町1377-2,3174,浜松市東区篠ケ瀬町1377-2,4002,7176,1.26,0.74,9,17.4,8.25,40
22602970010,両島二俣線,天竜東栄線,渡ヶ島横山線,22137,0,0.9,浜松市天竜区両島1050-3,782,浜松市天竜区両島1050-3,861,1643,1.2,0.2,27.1,39.1,10,40
22602970020,両島二俣線,渡ヶ島横山線,一般国道１５２号,22137,0,2.4,浜松市天竜区両島1050-3,782,浜松市天竜区両島1050-3,861,1643,1.2,0.2,30.9,21.9,10,40
22602980010,渋川鳳来線,引佐六郎沢線,渋川鳳来線,22135,0,4.8,浜松市北区引佐町渋川40-3,149,浜松市北区引佐町渋川40-3,87,236,1.21,0.04,32.2,30.1,8.5,40
22602990010,渋川都田停車場線,引佐六郎沢線,長沢田沢線,22135,0,2.6,浜松市北区引佐町西久留女木334-4,66,浜松市北区引佐町西久留女木334-4,71,137,1.18,0.02,36.3,34,6.75,40
22602990020,渋川都田停車場線,長沢田沢線,長沢田沢線,22135,0,1.7,浜松市北区引佐町西久留女木334-4,66,浜松市北区引佐町西久留女木334-4,71,137,1.18,0.02,36.3,34,6.75,40
22602990030,渋川都田停車場線,長沢田沢線,浜北三ケ日線,22135,0,6.5,浜松市北区引佐町西久留女木334-4,66,浜松市北区引佐町西久留女木334-4,71,137,1.18,0.02,48,46.3,6.75,40
22602990050,渋川都田停車場線,浜北三ケ日線,渋川都田停車場線,22135,0,7.2,浜松市北区都田町4471-2,273,浜松市北区都田町4471-2,276,549,1.18,0.06,26.9,26.9,8.5,40
22602990060,渋川都田停車場線,渋川都田停車場線,一般国道３６２号,22135,0,0.3,浜松市北区都田町4471-2,273,浜松市北区都田町4471-2,276,549,1.18,0.06,19.7,22.8,8.5,40
22602990080,渋川都田停車場線,渋川都田停車場線,一般国道３６２号,22135,0,0.7,浜松市北区都田町4471-2,273,浜松市北区都田町4471-2,276,549,1.18,0.06,17.8,17.8,8.4,40
22603030010,新城引佐線,新城引佐線,浜北三ケ日線,22135,0,4.1,浜松市北区引佐町狩宿,225,浜松市北区引佐町狩宿,238,463,1.16,0.05,21.3,38.1,7,40
22603030030,新城引佐線,浜北三ケ日線,引佐舘山寺線,22135,0,5.3,浜松市北区引佐町奥山1222,1282,浜松市北区引佐町奥山1222,1290,2572,1.26,0.29,35.8,35.7,7.9,40
22603030040,新城引佐線,引佐舘山寺線,一般国道２５７号,22135,0,0.4,浜松市北区引佐町奥山1222,1282,浜松市北区引佐町奥山1222,1290,2572,1.26,0.29,24,13.8,7.9,40
22603040010,岩水寺停車場線,,一般国道３６２号,22136,0,0.9,浜松市浜北区根堅1857,1219,浜松市浜北区根堅1857,1134,2353,1.23,0.32,38.6,31.5,11.2,40
22603050010,金指停車場和地線,,一般国道２５７号,22135,0,0.1,浜松市北区引佐町金指1141-1,105,浜松市北区引佐町金指1141-1,244,349,1.28,0.46,11,3.4,5.5,60
22603050030,金指停車場和地線,一般国道２５７号,磐田細江線,22135,0,1.7,浜松市北区引佐町金指1141-1,105,浜松市北区引佐町金指1141-1,244,349,1.28,0.06,17.5,15.5,13.65,40
22603050040,金指停車場和地線,磐田細江線,浜松市北区・浜松市西区境,22135,0,0.7,浜松市北区引佐町金指1141-1,105,浜松市北区引佐町金指1141-1,244,349,1.28,0.06,9.9,33.1,13.65,40
22603050050,金指停車場和地線,浜松市北区・浜松市西区境,細江舞阪線,22133,0,2.2,浜松市北区引佐町金指1141-1,105,浜松市北区引佐町金指1141-1,244,349,1.28,0.06,39.4,38.1,8.3,40
22603060010,気賀停車場線,,一般国道３６２号,22135,0,0.2,浜松市北区細江町気賀521-2,979,浜松市北区細江町気賀521-2,1027,2006,1.2,0.27,11.2,15.8,12.1,40
22603080010,鳳来三ヶ日線,鳳来三ヶ日線,浜北三ケ日線,22135,0,4.8,浜松市北区三ヶ日町福長112-5,185,浜松市北区三ヶ日町福長112-5,191,376,1.27,0.04,37.6,40.9,7,40
22603080030,鳳来三ヶ日線,浜北三ケ日線,東名高速道路,22135,0,6,浜松市北区三ヶ日町駒場101-1,1089,浜松市北区三ヶ日町駒場101-1,1200,2289,1.16,0.34,42.3,39.1,7,40
22603100025,瀬戸佐久米線,一般国道３６２号,三ヶ日大崎神田口号線,22135,0,3.1,浜松市北区三ヶ日町大崎284-48,3881,浜松市北区三ヶ日町大崎284-48,4266,8147,1.26,0.66,52.5,55.8,7.5,60
22603100030,瀬戸佐久米線,三ヶ日大崎神田口号線,一般国道３０１号,22135,0,1.9,浜松市北区三ヶ日町大崎284-48,3881,浜松市北区三ヶ日町大崎284-48,4266,8147,1.26,0.66,48.3,41.7,7.5,60
22603100005,瀬戸佐久米線,一般国道３０１号,三ヶ日大崎２号線,22135,0,1.4,浜松市北区三ヶ日町大崎1919-1,424,浜松市北区三ヶ日町大崎1919-1,429,853,1.17,0.12,20.7,38.6,7,40
22603100010,瀬戸佐久米線,三ヶ日大崎２号線,一般国道３６２号,22135,0,4.6,浜松市北区三ヶ日町大崎1919-1,424,浜松市北区三ヶ日町大崎1919-1,429,853,1.17,0.12,37.9,40,7,40
22603110005,小松笠井線,熊小松天竜川停車場線,天竜浜松線,22136,0,1.8,浜松市浜北区寺島3183,402,浜松市浜北区寺島3183,302,704,1.18,0.11,16.8,16.1,16,40
22603110010,小松笠井線,天竜浜松線,浜松市浜北区・浜松市東区境,22136,0,0.3,浜松市浜北区寺島3183,402,浜松市浜北区寺島3183,302,704,1.18,0.11,36,41.1,16,40
22603110020,小松笠井線,浜松市浜北区・浜松市東区境,天竜浜松線,22132,0,0.4,浜松市東区笠井上町253-1,3753,浜松市東区笠井上町253-1,3790,7543,1.18,0.88,20.6,28.1,7.95,40
22603120010,中野子安線,一般国道１号（浜松ＢＰ）,中野市野線,22132,0,1,浜松市東区和田町808-1,8707,浜松市東区和田町808-1,6221,14928,1.35,1.32,20,24.4,16,40
22603120020,中野子安線,中野市野線,一般国道１号（浜松ＢＰ）,22132,0,0.4,浜松市東区和田町808-1,8707,浜松市東区和田町808-1,6221,14928,1.35,1.32,20.4,19.5,16,40
22603120030,中野子安線,一般国道１号（浜松ＢＰ）,熊小松天竜川停車場線,22132,0,0.9,浜松市東区和田町808-1,8707,浜松市東区和田町808-1,6221,14928,1.35,1.32,22,14.9,16,40
22603120040,中野子安線,熊小松天竜川停車場線,五島天竜川停車場線,22132,0,0.3,浜松市東区和田町808-1,8707,浜松市東区和田町808-1,6221,14928,1.35,1.32,16.6,14.2,16,40
22603120050,中野子安線,五島天竜川停車場線,一般国道１５２号,22132,0,1.5,浜松市東区和田町808-1,8707,浜松市東区和田町808-1,6221,14928,1.35,1.32,18.2,14.5,16,40
22603130010,笠井飯田線,天竜浜松線,磐田細江線,22132,0,2,浜松市東区国吉町392,1370,浜松市東区国吉町392,1524,2894,1.23,0.41,29.9,27.8,9,40
22603130030,笠井飯田線,磐田細江線,中野市野線,22132,0,0.3,浜松市東区国吉町392,1370,浜松市東区国吉町392,1524,2894,1.23,0.41,10.4,22.5,10.9,40
22603130040,笠井飯田線,中野市野線,二俣浜松線,22132,0,1.5,浜松市東区国吉町392,1370,浜松市東区国吉町392,1524,2894,1.23,0.41,32.7,31.1,10.9,40
22603130050,笠井飯田線,二俣浜松線,浜松市東区・浜松市南区境,22132,0,0.6,浜松市東区国吉町392,1370,浜松市東区国吉町392,1524,2894,1.23,0.41,33.1,41,10.9,40
22603130060,笠井飯田線,浜松市東区・浜松市南区境,一般国道１号（浜松ＢＰ）,22134,0,1.7,浜松市東区国吉町392,1370,浜松市東区国吉町392,1524,2894,1.23,0.42,26.9,23.9,16,40
22603130070,笠井飯田線,一般国道１号（浜松ＢＰ）,五島天竜川停車場線,22134,0,0.1,浜松市東区国吉町392,1370,浜松市東区国吉町392,1524,2894,1.23,0.42,7.1,11.7,16,40
22603140010,中野市野線,二俣浜松線,笠井飯田線,22132,0,0.2,浜松市東区中野町1138-1,537,浜松市東区中野町1138-1,378,915,1.19,0.12,13.9,18.8,9.6,40
22603140020,中野市野線,笠井飯田線,中野子安線,22132,0,0.9,浜松市東区中野町1138-1,537,浜松市東区中野町1138-1,378,915,1.19,0.12,27.9,24.1,9.6,40
22603140030,中野市野線,中野子安線,一般国道１号（浜松ＢＰ）,22132,0,0.1,浜松市東区中野町1138-1,537,浜松市東区中野町1138-1,378,915,1.19,0.12,10.2,4.1,9.6,40
22603140040,中野市野線,一般国道１号（浜松ＢＰ）,浜松市道積志１２号線,22132,0,0.1,浜松市東区中野町1138-1,537,浜松市東区中野町1138-1,378,915,1.19,0.12,14.2,15.8,9.6,40
22603140050,中野市野線,浜松市道積志１２号線,浜松環状線,22132,0,0.3,浜松市東区中野町1138-1,537,浜松市東区中野町1138-1,378,915,1.19,0.12,14.2,15.8,9.6,40
22603140060,中野市野線,浜松環状線,磐田細江線,22132,0,1,浜松市東区下石田町,2443,浜松市東区下石田町,3231,5674,1.25,0.53,13.2,19.7,9.6,40
22603150010,五島天竜川停車場線,,一般国道１５０号,22134,0,0.7,浜松市南区河輪町731-1,1223,浜松市南区河輪町731-1,1013,2236,1.23,0.43,28.2,26.8,15.05,50
22603150020,五島天竜川停車場線,一般国道１５０号,舞阪竜洋線,22134,0,2.4,浜松市南区河輪町731-1,1223,浜松市南区河輪町731-1,1013,2236,1.23,0.43,28.2,26.8,15.05,50
22603150030,五島天竜川停車場線,舞阪竜洋線,一般国道１５０号,22134,0,0.3,浜松市南区河輪町731-1,1223,浜松市南区河輪町731-1,1013,2236,1.23,0.43,15.7,12.1,15.05,50
22603150050,五島天竜川停車場線,一般国道１５０号,一般国道１号（浜松ＢＰ）,22134,0,2.6,浜松市南区下飯田506,3658,浜松市南区下飯田506,3832,7490,1.25,0.88,22.6,20,8,40
22603150060,五島天竜川停車場線,一般国道１号（浜松ＢＰ）,笠井飯田線,22134,0,0.1,浜松市南区下飯田506,3658,浜松市南区下飯田506,3832,7490,1.25,0.88,5.8,7.2,8,40
22603150070,五島天竜川停車場線,笠井飯田線,浜松市南区・浜松市東区境,22134,0,0.5,浜松市南区下飯田506,3658,浜松市南区下飯田506,3832,7490,1.25,0.88,16.5,26,8,40
22603150080,五島天竜川停車場線,浜松市南区・浜松市東区境,浜松市東区・浜松市南区境,22132,0,0.1,浜松市南区下飯田506,3658,浜松市南区下飯田506,3832,7490,1.25,0.79,20.1,20.8,7.4,40
22603150090,五島天竜川停車場線,浜松市東区・浜松市南区境,浜松市南区・浜松市東区境,22134,0,0.1,浜松市南区下飯田506,3658,浜松市南区下飯田506,3832,7490,1.25,1.02,19.8,10.7,10.2,40
22603150100,五島天竜川停車場線,浜松市南区・浜松市東区境,中野子安線,22132,0,0.5,浜松市南区下飯田506,3658,浜松市南区下飯田506,3832,7490,1.25,0.93,25,11.2,10,40
22603160010,舞阪竜洋線,細江舞阪線,浜松環状線,22133,0,1.6,浜松市西区坪井町1323-2,2840,浜松市西区坪井町1323-2,2827,5667,1.26,0.5,30.5,28.1,13.5,40
22603160020,舞阪竜洋線,浜松環状線,一般国道２５７号,22133,0,2.2,浜松市西区坪井町1323-2,2840,浜松市西区坪井町1323-2,2827,5667,1.26,0.5,22.7,29.8,13.5,40
22603160030,舞阪竜洋線,一般国道２５７号,浜松市西区・浜松市南区境,22133,0,0.6,浜松市南区小沢渡町806,3180,浜松市南区小沢渡町806,2879,6059,1.26,0.5,10.7,23,7.7,40
22603160040,舞阪竜洋線,浜松市西区・浜松市南区境,上島柏原線,22134,0,0.1,浜松市南区小沢渡町806,3180,浜松市南区小沢渡町806,2879,6059,1.26,0.57,30.9,24.2,10.5,40
22603160050,舞阪竜洋線,上島柏原線,米津東若林線,22134,0,3,浜松市南区小沢渡町806,3180,浜松市南区小沢渡町806,2879,6059,1.26,0.57,25.7,29.5,10.5,40
22603160060,舞阪竜洋線,米津東若林線,曳馬中田島線,22134,0,2.9,浜松市南区小沢渡町806,3180,浜松市南区小沢渡町806,2879,6059,1.26,0.57,23.4,23.4,10.5,40
22603160070,舞阪竜洋線,曳馬中田島線,中郡福塚線,22134,0,1.5,浜松市南区小沢渡町806,3180,浜松市南区小沢渡町806,2879,6059,1.26,0.57,19.8,20.1,10.5,40
22603160080,舞阪竜洋線,中郡福塚線,一般国道１号（浜松ＢＰ）,22134,0,0.5,浜松市南区小沢渡町806,3180,浜松市南区小沢渡町806,2879,6059,1.26,0.57,20,12.2,10.5,40
22603160090,舞阪竜洋線,一般国道１号（浜松ＢＰ）,五島天竜川停車場線,22134,0,2,浜松市南区下江町566,5011,浜松市南区下江町566,4515,9526,1.28,0.95,22.4,28.1,8,40
22603160100,舞阪竜洋線,五島天竜川停車場線,一般国道１５０号,22134,0,0.3,浜松市南区下江町566,5011,浜松市南区下江町566,4515,9526,1.28,0.95,24.5,6.7,8,40
22603170010,米津東若林線,一般国道１号（浜松ＢＰ）,舞阪竜洋線,22134,0,0.9,浜松市南区堤町102,3113,浜松市南区堤町102,3346,6459,1.26,0.66,19.9,28.1,13.5,40
22603170020,米津東若林線,舞阪竜洋線,一般国道２５７号,22134,0,0.9,浜松市南区堤町102,3113,浜松市南区堤町102,3346,6459,1.26,0.66,21.8,16.5,13.5,40
22603180010,横尾根洗線,一般国道３６２号,細江浜北線,22135,0,3.8,浜松市北区都田町1854,996,浜松市北区都田町1854,1045,2041,1.24,0.26,41.3,39.2,12.7,40
22603180020,横尾根洗線,細江浜北線,一般国道２５７号,22135,0,1.1,浜松市北区都田町1854,996,浜松市北区都田町1854,1045,2041,1.24,0.26,28.5,13.6,12.7,40
22603190010,村櫛三方原線,,舘山寺弁天島線,22133,0,0.9,浜松市西区庄和町1684-5,662,浜松市西区庄和町1684-5,581,1243,1.18,0.17,36.9,28.6,10.5,40
22603190020,村櫛三方原線,舘山寺弁天島線,舘山寺弁天島線,22133,0,0.6,浜松市西区庄和町1684-5,662,浜松市西区庄和町1684-5,581,1243,1.18,0.17,40.9,45.4,10.5,40
22603190030,村櫛三方原線,舘山寺弁天島線,舘山寺弁天島線,22133,0,2,浜松市西区庄和町1684-5,662,浜松市西区庄和町1684-5,581,1243,1.18,0.17,38.7,34.2,10.5,40
22603190040,村櫛三方原線,舘山寺弁天島線,村櫛三方原線,22133,0,3.9,浜松市西区白洲町3850-2,511,浜松市西区白洲町3850-2,409,920,1.17,0.12,38.7,34.2,15.5,40
22603190050,村櫛三方原線,村櫛三方原線,舘山寺鹿谷線,22133,0,4.6,浜松市西区白洲町3850-2,511,浜松市西区白洲町3850-2,409,920,1.17,0.12,39.7,36.7,15.5,40
22603190065,村櫛三方原線,舘山寺鹿谷線,西丘深萩線,22133,0,1.4,浜松市西区大山町169-1,6912,浜松市西区大山町169-1,5860,12772,1.27,1.1,27.6,28.6,11.3,40
22603190070,村櫛三方原線,西丘深萩線,浜松市西区・浜松市中区境,22133,0,1.4,浜松市西区大山町169-1,6912,浜松市西区大山町169-1,5860,12772,1.27,1.1,25.7,32.1,11.3,40
22603190080,村櫛三方原線,浜松市西区・浜松市中区境,磐田細江線,22131,0,2.4,浜松市西区大山町169-1,6912,浜松市西区大山町169-1,5860,12772,1.27,1.24,35,31.8,8,40
22603190100,村櫛三方原線,磐田細江線,一般国道２５７号,22135,0,0.5,,5328,,5514,10842,1.27,3.08,15.2,16,5,30
22603190120,村櫛三方原線,村櫛三方原線,細江舞阪線,22133,0,1.3,浜松市西区古人見2769-1ほか,347,浜松市西区古人見2769-1ほか,348,695,1.19,0.07,50.3,46.1,12.5,50
22603200010,引佐舘山寺線,新城引佐線,一般国道３６２号,22135,0,2.8,浜松市北区引佐町井伊谷1903-2,3118,浜松市北区引佐町井伊谷1903-2,3277,6395,1.26,0.57,37.6,35.9,10.6,40
22603200030,引佐舘山寺線,細江舞阪線,浜松市北区・浜松市西区境,22135,0,2.1,浜松市北区細江町気賀4315-7,1275,浜松市北区細江町気賀4315-7,1320,2595,1.25,0.3,41.7,41.9,11.6,50
22603200035,引佐舘山寺線,浜松市北区・浜松市西区境,引佐舘山寺線,22133,0,0.2,浜松市北区細江町気賀4315-7,1275,浜松市北区細江町気賀4315-7,1320,2595,1.25,0.34,33,25.6,11.4,50
22603200040,引佐舘山寺線,引佐舘山寺線,湖東舘山寺線,22133,0,0.7,浜松市西区呉松町913-1,2389,浜松市西区呉松町913-1,1919,4308,1.25,0.59,34.8,36.6,11.4,50
22603200050,引佐舘山寺線,湖東舘山寺線,舘山寺弁天島線,22133,0,2.1,浜松市西区呉松町913-1,2389,浜松市西区呉松町913-1,1919,4308,1.25,0.59,39.5,38.2,11.4,50
22603200060,引佐舘山寺線,舘山寺弁天島線,舘山寺鹿谷線,22133,0,0.6,浜松市西区呉松町913-1,2389,浜松市西区呉松町913-1,1919,4308,1.25,0.59,20.9,17.9,11.4,50
22603200080,引佐舘山寺線,東名高速道路,引佐舘山寺線,22133,0,0.3,浜松市西区呉松町913-1,2389,浜松市西区呉松町913-1,1919,4308,1.25,0.6,35.7,25.1,15.05,50
22603200100,引佐舘山寺線,東名高速道路,湖東舘山寺線,22133,0,0.4,浜松市西区呉松町,628,浜松市西区呉松町,660,1288,1.4,0.13,28.5,25.5,15,50
22603210010,和地山曳馬停車場線,一般国道２５７号,中野町三方原線,22131,0,0.2,浜松市中区住吉5丁目292,4904,浜松市中区住吉5丁目292,7003,11907,1.28,1.08,7.3,6.1,10.9,40
22603210020,和地山曳馬停車場線,中野町三方原線,一般国道１５２号,22131,0,0.9,浜松市中区住吉5丁目292,4904,浜松市中区住吉5丁目292,7003,11907,1.28,1.08,15.7,20.2,10.9,40
22603210030,和地山曳馬停車場線,一般国道１５２号,曳馬中田島線,22131,0,0.6,浜松市中区住吉5丁目292,4904,浜松市中区住吉5丁目292,7003,11907,1.28,1.08,14.2,11.6,10.9,40
22603230010,舘山寺弁天島線,引佐舘山寺線,舘山寺鹿谷線,22133,0,0.4,浜松市西区庄内町626-1,1474,浜松市西区庄内町626-1,1369,2843,1.23,0.31,23.3,40.6,7.7,60
22603230020,舘山寺弁天島線,舘山寺鹿谷線,村櫛三方原線,22133,0,4.1,浜松市西区庄内町626-1,1474,浜松市西区庄内町626-1,1369,2843,1.23,0.31,56.1,56.4,7.7,60
22603230060,舘山寺弁天島線,村櫛三方原線,舘山寺弁天島線,22133,0,5.3,浜松市西区舞阪町弁天島5007-2,6893,浜松市西区舞阪町弁天島5007-2,6765,13658,1.3,0.94,54.7,51.4,9.5,60
22603230070,舘山寺弁天島線,舘山寺弁天島線,一般国道３０１号,22133,0,2.3,浜松市西区舞阪町弁天島5007-2,6893,浜松市西区舞阪町弁天島5007-2,6765,13658,1.3,0.94,27.4,23.2,9.5,60
22603230040,舘山寺弁天島線,舘山寺鹿谷線,村櫛三方原線,22133,0,2,浜松市西区庄内町2-7,1143,浜松市西区庄内町2-7,1268,2411,1.23,0.21,34.8,31.1,9.6,40
22603230090,舘山寺弁天島線,舘山寺弁天島線,細江舞阪線,22133,0,0.6,浜松市西区雄踏町宇布見9985-1,8578,浜松市西区雄踏町宇布見9985-1,8828,17406,1.33,1.16,14.3,20.4,9.5,60
22603250010,宇布見浜松線,細江舞阪線,浜松市道雄踏西ヶ崎堂嶋線,22133,0,0.8,浜松市西区神ヶ谷町9412-1,3307,浜松市西区神ヶ谷町9412-1,3371,6678,1.26,0.75,23.2,26.1,6.35,30
22603250020,宇布見浜松線,浜松市道雄踏西ヶ崎堂嶋線,浜松市道雄踏中原小山線,22133,0,0.8,,,浜松市西区神ヶ谷町9412-1,3371,3371,1.26,0.64,,34.8,6.3,30
22603250030,宇布見浜松線,浜松市道雄踏中原小山線,浜松環状線,22133,0,2.4,浜松市西区神ヶ谷町9412-1,3307,浜松市西区神ヶ谷町9412-1,3371,6678,1.26,0.7,29.8,31.9,7.5,40
22603250040,宇布見浜松線,浜松環状線,上島柏原線,22133,0,4.4,浜松市西区神ヶ谷町9412-1,3307,浜松市西区神ヶ谷町9412-1,3371,6678,1.26,0.7,33.6,35,7.5,40
22603250050,宇布見浜松線,上島柏原線,浜松市西区・浜松市中区境,22133,0,0.2,浜松市西区神ヶ谷町9412-1,3307,浜松市西区神ヶ谷町9412-1,3371,6678,1.26,0.7,17.9,32,7.5,40
22603250060,宇布見浜松線,浜松市西区・浜松市中区境,舘山寺鹿谷線,22131,0,1.1,浜松市西区神ヶ谷町9412-1,3307,浜松市西区神ヶ谷町9412-1,3371,6678,1.26,0.73,25,16,7.5,40
22603250080,宇布見浜松線,舘山寺鹿谷線,一般国道２５７号,22131,0,0.8,浜松市西区神ヶ谷町9412-1,3307,浜松市西区神ヶ谷町9412-1,3371,6678,1.26,0.83,18.5,13,7,40
22603260010,高塚停車場入野線,高塚停車場線,浜松市南区・浜松市西区境,22134,0,0.7,浜松市南区高塚町,4548,浜松市南区高塚町,3845,8393,1.2,1.49,22.5,18.1,8.5,40
22603260020,高塚停車場入野線,浜松市南区・浜松市西区境,浜松雄踏線,22133,0,0.4,浜松市南区高塚町,4548,浜松市南区高塚町,3845,8393,1.2,1.15,25.2,11.5,13.6,40
22603270010,高塚停車場線,高塚停車場入野線,一般国道２５７号,22134,0,0.5,浜松市南区高塚町4701-2,737,浜松市南区高塚町4701-2,594,1331,1.18,0.59,23.1,16.7,6.95,30
22603280010,舞阪停車場線,,細江舞阪線,22133,0,0.3,浜松市西区馬郡町2138-1,411,浜松市西区馬郡町2138-1,349,760,1.18,0.13,9.6,15.9,7,30
22603300010,新所原停車場日の岡線,,豊橋湖西線,22221,0,0.1,湖西市新所原三丁目5842-9,866,湖西市新所原三丁目5842-9,859,1725,1.26,0.26,7.7,8.2,17.5,40
22603300030,新所原停車場日の岡線,豊橋湖西線,新所原停車場白須賀線,22221,0,1.3,湖西市岡崎字上ノ原821-10,3555,湖西市岡崎字上ノ原821-10,3003,6558,1.26,0.99,35.8,24.4,12.2,40
22603300040,新所原停車場日の岡線,新所原停車場白須賀線,一般国道３０１号,22221,0,1.8,湖西市岡崎字上ノ原821-10,3555,湖西市岡崎字上ノ原821-10,3003,6558,1.26,0.88,25.7,24.7,9.8,40
22603320010,新所原停車場白須賀線,新所原停車場日の岡線,湖西市道,22221,0,0.7,湖西市白須賀字宿北3985-742,3737,湖西市白須賀字宿北3985-742,3305,7042,1.26,0.95,23.3,27.1,8.65,40
22603320015,新所原停車場白須賀線,湖西市道,豊橋湖西線,22221,0,0.3,湖西市白須賀字宿北3985-742,3737,湖西市白須賀字宿北3985-742,3305,7042,1.26,0.95,26.5,20.1,12.4,40
22603320020,新所原停車場白須賀線,豊橋湖西線,湖西東細谷線,22221,0,3.3,湖西市白須賀字宿北3985-742,3737,湖西市白須賀字宿北3985-742,3305,7042,1.26,0.83,30.2,27.2,7.1,40
22603330010,入出太田線,,一般国道３０１号,22221,0,2.4,湖西市入出字横須賀1799-1,482,湖西市入出字横須賀1799-1,476,958,1.17,0.37,27.7,24.5,6.3,30
22603340010,太田中原線,一般国道３０１号,太田中原線,22221,0,3.7,湖西市神座,2838,湖西市神座,3046,5884,1.3,0.97,28,40,10.6,40
22603370010,仙石原新田線,箱根スカイライン,裾野市・御殿場市境,22220,0,6.5,裾野市深良,1147,裾野市深良,787,1934,1.2,0.33,34.6,35.3,9.5,40
22603370020,仙石原新田線,裾野市・御殿場市境,御殿場市・裾野市境,22215,0,0.4,裾野市深良,1147,裾野市深良,787,1934,1.2,0.33,32,18.8,11.5,40
22603370030,仙石原新田線,御殿場市・裾野市境,沼津小山線,22220,0,0.1,裾野市深良,1147,裾野市深良,787,1934,1.2,0.61,30.2,7.7,10.58,40
22603370040,仙石原新田線,沼津小山線,一般国道２４６号,22220,0,0.7,裾野市深良,1147,裾野市深良,787,1934,1.2,0.61,20.9,20.7,10.58,40
22603380010,清水インタ－線,一般国道１号,一般国道１号（静清ＢＰ）,22103,0,1.1,静岡市清水区庵原町,7111,静岡市清水区庵原町,8048,15159,1.23,0.55,27.8,12.8,30.2,60
22603410010,水神田子ノ浦港線,,,22210,0,8,富士市鮫島４５２?６,3199,富士市鮫島４５２?６,3392,6591,1.26,0.93,35.7,35.5,11.6,50
22603420010,河原大井川港線,島田岡部線,島田吉田線,22209,0,4.9,島田市宝来町6299-3,6740,島田市宝来町6299-3,7304,14044,1.29,1.29,23.5,33.7,7,50
22603420030,河原大井川港線,島田吉田線,島田市・藤枝市境,22209,0,1.1,島田市細島1878-10,4297,島田市細島1878-10,4163,8460,1.28,0.3,15.2,35.7,6,40
22603420040,河原大井川港線,島田市・藤枝市境,善左衛門藤枝停車場線,22214,0,1.9,島田市細島1878-10,4297,島田市細島1878-10,4163,8460,1.28,0.27,46.6,48.7,6.5,40
22603420050,河原大井川港線,善左衛門藤枝停車場線,藤枝市・焼津市境,22214,0,0.3,焼津市相川字堤外2147-2,2672,焼津市相川字堤外2147-2,1872,4544,1.25,0.19,41.9,45.4,7,40
22603420055,河原大井川港線,藤枝市・焼津市境,島田吉田線,22212,0,1.2,焼津市相川字堤外2147-2,2672,焼津市相川字堤外2147-2,1872,4544,1.25,0.2,54.3,52.5,6.5,40
22603420060,河原大井川港線,島田吉田線,一般国道１５０号,22212,0,1.6,焼津市相川字堤外2147-2,2672,焼津市相川字堤外2147-2,1872,4544,1.25,0.18,46.7,9.9,8.2,40
22603420080,河原大井川港線,一般国道１５０号,,22212,0,3.2,焼津市中島245-5地先河川敷,705,焼津市中島245-5地先河川敷,675,1380,1.25,0.21,38.6,51.9,7,40
22603430010,上野部豊田竜洋線,掛川天竜線,浜北袋井線,22211,0,4.3,磐田市壱貫地38-21,3066,磐田市壱貫地38-21,3376,6442,1.26,0.84,50.5,51.4,6.5,50
22603430020,上野部豊田竜洋線,浜北袋井線,磐田細江線,22211,0,9.4,磐田市匂坂上615-3,4494,磐田市匂坂上615-3,5448,9942,1.27,1.31,46.9,52.8,6.5,50
22603430030,上野部豊田竜洋線,磐田細江線,一般国道１５０号,22211,0,6.4,磐田市匂坂上615-3,4494,磐田市匂坂上615-3,5448,9942,1.27,1.31,49,38,6.5,50
22603440010,二俣浜松線,天竜浜松線,浜松市天竜区・浜松市浜北区境,22137,0,0.3,浜松市浜北区中瀬,2302,浜松市浜北区中瀬,2308,4610,1.26,0.62,6.4,33.8,7.7,40
22603440020,二俣浜松線,浜松市天竜区・浜松市浜北区境,一般国道１５２号,22136,0,0.8,浜松市浜北区中瀬,2302,浜松市浜北区中瀬,2308,4610,1.26,0.46,45,53.1,8,50
22603440030,二俣浜松線,一般国道１５２号,浜北袋井線,22136,0,5,浜松市浜北区中瀬,2302,浜松市浜北区中瀬,2308,4610,1.26,0.46,55.6,54.2,8,50
22603440040,二俣浜松線,浜北袋井線,高薗貴布祢線,22136,0,2.1,浜松市東区豊町,6207,浜松市東区豊町,6772,12979,1.29,1.04,21.4,45.6,7.5,50
22603440050,二俣浜松線,高薗貴布祢線,浜松市浜北区・浜松市東区境,22136,0,1.4,浜松市東区豊町,6207,浜松市東区豊町,6772,12979,1.29,1.04,53.7,49.2,7.5,50
22603440060,二俣浜松線,浜松市浜北区・浜松市東区境,浜松袋井線,22132,0,1.6,浜松市東区豊町,6207,浜松市東区豊町,6772,12979,1.29,1.03,50.1,23.5,7.6,50
22603440070,二俣浜松線,浜松袋井線,二俣浜松線,22132,0,3.6,浜松市東区豊町,6207,浜松市東区豊町,6772,12979,1.29,1.03,35.4,43.9,7.6,50
22603440110,二俣浜松線,二俣浜松線,磐田細江線,22132,0,0.4,浜松市東区豊町,6207,浜松市東区豊町,6772,12979,1.29,1.37,24.9,12.8,14,50
22603440130,二俣浜松線,笠井飯田線,浜松市東区・浜松市南区境,22132,0,0.3,浜松市南区鶴見町,748,浜松市南区鶴見町,1384,2132,1.2,0.14,12.3,43.6,7,50
22603440140,二俣浜松線,浜松市東区・浜松市南区境,,22134,0,3.8,浜松市南区鶴見町,748,浜松市南区鶴見町,1384,2132,1.2,0.15,12.3,43.6,6.3,50
22603440180,二俣浜松線,,一般国道１５０号,22134,0,0.9,浜松市南区河輪町,505,浜松市南区河輪町,1385,1890,1.22,0.51,51.3,22.1,5.8,40
22603440080,二俣浜松線,二俣浜松線,磐田細江線,22132,0,0.6,浜松市南区河輪町,505,浜松市南区河輪町,1385,1890,1.22,0.37,40.8,41.3,7.6,50
22603440090,二俣浜松線,磐田細江線,中野市野線,22132,0,0.3,浜松市南区河輪町,505,浜松市南区河輪町,1385,1890,1.22,0.37,18.6,31.2,7.6,50
22603450010,裾野停車場線,,裾野市道,22220,0,0.1,裾野市佐野,1995,裾野市佐野,1617,3612,1.27,0.49,4.5,5,7,30
22603450020,裾野停車場線,裾野市道,沼津小山線,22220,0,0.2,裾野市佐野,1995,裾野市佐野,1617,3612,1.27,0.44,11.4,9.4,10.4,30
22603470010,波勝崎線,,一般国道１３６号,22304,0,3.4,賀茂郡南伊豆町伊浜字平造2558-1,27,賀茂郡南伊豆町伊浜字平造2558-1,27,54,1.18,0.01,34.8,34.8,7.2,30
22603480010,稲取停車場線,,一般国道１３５号,22301,0,0.3,賀茂郡東伊豆町稲取2839-2,2586,賀茂郡東伊豆町稲取2839-2,2317,4903,1.2,0.43,22.2,29,6.6,30
22603490003,修善寺天城湯ケ島線,伊東修善寺線,伊豆市道,22222,0,0.7,伊豆市加殿字鹿群1-14,3011,伊豆市加殿字鹿群1-14,3162,6173,1.26,0.49,26.7,38.5,15.5,40
22603490005,修善寺天城湯ケ島線,伊豆市道,伊豆市道,22222,0,1,伊豆市加殿字鹿群1-14,3011,伊豆市加殿字鹿群1-14,3162,6173,1.26,0.44,17,25.4,12.6,40
22603490010,修善寺天城湯ケ島線,伊豆市道,一般国道４１４号,22222,0,7.6,伊豆市加殿字鹿群1-14,3011,伊豆市加殿字鹿群1-14,3162,6173,1.26,0.43,49.4,45.3,13.5,40
22603510010,池東松原線,遠笠山富戸線,伊東修善寺線,22208,0,4.9,伊東市十足620-69,3278,伊東市十足620-69,3216,6494,1.26,0.53,29.3,26.5,7.5,40
22603530005,田子浦港富士インタ－線,吉原田子浦港線,一般国道１３９号,22210,0,0.6,富士市津田２２２?１,6191,富士市津田２２２?１,5960,12151,1.28,0.73,28.2,16.4,22,50
22603530010,田子浦港富士インタ－線,一般国道１３９号,富士由比線,22210,0,0.3,富士市津田２２２?１,6191,富士市津田２２２?１,5960,12151,1.28,0.73,23.1,8.1,22,50
22603530020,田子浦港富士インタ－線,富士由比線,一般国道１３９号,22210,0,2,富士市伝法３０９８?１２,23976,富士市伝法３０９８?１２,23806,47782,1.28,1.98,18.5,14.7,22,50
22603540010,静岡環状線,中島南安倍線,宝台院下島線,22102,0,1.2,静岡市駿河区馬渕二丁目,10049,静岡市駿河区馬渕二丁目,10000,20049,1.36,0.69,20.1,23.7,19,50
22603540020,静岡環状線,宝台院下島線,静岡下島線,22102,0,0.4,静岡市駿河区馬渕二丁目,10049,静岡市駿河区馬渕二丁目,10000,20049,1.36,0.69,16,19.8,19,50
22603540030,静岡環状線,静岡下島線,高松日出線,22102,0,0.5,静岡市駿河区馬渕二丁目,10049,静岡市駿河区馬渕二丁目,10000,20049,1.36,0.69,18.2,18.7,19,50
22603540040,静岡環状線,高松日出線,一般国道１号,22102,0,0.6,静岡市葵区西草深町,5828,静岡市葵区西草深町,6829,12657,1.28,0.66,14.4,18.3,36,40
22603540050,静岡環状線,一般国道１号,静岡清水線,22101,0,0.8,静岡市葵区西草深町,5828,静岡市葵区西草深町,6829,12657,1.28,1.06,11.8,8.4,22,40
22603540060,静岡環状線,静岡清水線,麻機街道線,22101,0,1.2,静岡市葵区西草深町,5828,静岡市葵区西草深町,6829,12657,1.28,1.06,14.8,18.8,22,40
22603540070,静岡環状線,麻機街道線,井川湖御幸線,22101,0,0.1,静岡市葵区西草深町,5828,静岡市葵区西草深町,6829,12657,1.28,1.06,16,9,22,40
22603540080,静岡環状線,井川湖御幸線,一般国道３６２号,22101,0,0.8,静岡市葵区西草深町,5828,静岡市葵区西草深町,6829,12657,1.28,1.06,22,20.7,22,40
22603540100,静岡環状線,一般国道３６２号,西門町新富町線,22101,0,0.2,静岡市葵区弥勒一丁目,5712,静岡市葵区弥勒一丁目,6174,11886,1.28,0.91,10.9,18,20,40
22603540110,静岡環状線,西門町新富町線,藤枝静岡線,22101,0,1.3,静岡市葵区弥勒一丁目,5712,静岡市葵区弥勒一丁目,6174,11886,1.28,0.91,25.9,23.7,20,40
22603540120,静岡環状線,藤枝静岡線,一般国道１号,22101,0,0.4,静岡市葵区弥勒一丁目,6134,静岡市葵区弥勒一丁目,6405,12539,1.28,0.8,9,14.4,30.1,40
22603550010,焼津大井川線,焼津榛原線,島田大井川線,22212,0,7.9,焼津市田尻北1331-2,1786,焼津市田尻北1331-2,1484,3270,1.24,0.58,35.8,34.2,6.5,40
22603560010,善左衛門藤枝停車場線,河原大井川港線,島田大井川線,22214,0,1.3,藤枝市善左衛門１丁目21-57,4849,藤枝市善左衛門１丁目21-57,5045,9894,1.26,1,27.3,29.2,12,40
22603560020,善左衛門藤枝停車場線,島田大井川線,上青島焼津線,22214,0,2.4,藤枝市善左衛門１丁目21-57,4849,藤枝市善左衛門１丁目21-57,5045,9894,1.26,1,16.1,15.8,12,40
22603560030,善左衛門藤枝停車場線,上青島焼津線,島田岡部線,22214,0,0.5,藤枝市善左衛門１丁目21-57,4849,藤枝市善左衛門１丁目21-57,5045,9894,1.26,0.43,16.1,10.7,22,50
22603570010,佐倉御前崎港線,大東相良線,一般国道１５０号,22223,0,0.8,御前崎市白羽6159-28,750,御前崎市白羽6159-28,756,1506,1.2,0.18,23.4,21.8,10.3,50
22603570020,佐倉御前崎港線,一般国道１５０号,御前崎堀野新田線,22223,0,9,御前崎市白羽6159-28,750,御前崎市白羽6159-28,756,1506,1.2,0.18,44.3,46.7,10.3,50
22603590010,長沢田沢線,天竜東栄線,浜松市天竜区・浜松市北区境,22137,0,4.8,浜松市天竜区懐山134,23,浜松市天竜区懐山134,27,50,1.18,0.06,24.4,25.2,5,60
22603590020,長沢田沢線,浜松市天竜区・浜松市北区境,渋川都田停車場線,22135,0,3.7,浜松市天竜区懐山134,23,浜松市天竜区懐山134,27,50,1.18,0.22,24.4,25.2,4,60
22603590040,長沢田沢線,渋川都田停車場線,引佐六郎沢線,22135,0,1.8,浜松市北区引佐町渋川4375-1,464,浜松市北区引佐町渋川4375-1,469,933,1.18,0.13,45.4,44.9,7,60
22603590060,長沢田沢線,引佐六郎沢線,一般国道２５７号,22135,0,2.4,浜松市北区引佐町田沢369-7,290,浜松市北区引佐町田沢369-7,281,571,1.18,0.08,45.2,42.3,8,60
22603600010,渡ヶ島横山線,両島二俣線,一般国道１５２号,22137,0,2.6,浜松市天竜区月661,47,浜松市天竜区月661,52,99,1.18,0.01,31.1,29.1,9.3,30
22603600030,渡ヶ島横山線,一般国道１５２号,横山熊線,22137,0,7.4,浜松市天竜区月661,47,浜松市天竜区月661,52,99,1.18,0.02,37.1,37.1,7,30
22603610010,白倉西川線,,一般国道１５２号,22137,0,7,浜松市天竜区龍山町大嶺,86,浜松市天竜区龍山町大嶺,83,169,1.15,0.27,30.7,31.3,4,30
22603630010,高薗貴布祢線,二俣浜松線,天竜浜松線,22136,0,1.6,浜松市浜北区善地468-2,2535,浜松市浜北区善地468-2,2774,5309,1.25,0.66,25.6,26.5,7.5,40
22603630020,高薗貴布祢線,天竜浜松線,細江浜北線,22136,0,1.8,浜松市浜北区善地468-2,2535,浜松市浜北区善地468-2,2774,5309,1.25,0.66,13,14.3,7.5,40
22603640010,湖東和合線,舘山寺鹿谷線,浜松環状線,22133,0,0.9,浜松市西区伊左地町2238-7,9566,浜松市西区伊左地町2238-7,9422,18988,1.34,1.21,24.3,25.7,13,40
22603640020,湖東和合線,浜松環状線,浜松市西区・浜松市中区境,22133,0,3.3,浜松市西区伊左地町2238-7,9566,浜松市西区伊左地町2238-7,9422,18988,1.34,1.21,15.3,20,13,40
22603640030,湖東和合線,浜松市西区・浜松市中区境,一般国道２５７号,22131,0,2.2,浜松市西区伊左地町2238-7,9566,浜松市西区伊左地町2238-7,9422,18988,1.34,1.31,22.1,15.2,11.5,40
22603650010,足柄峠線,御殿場大井線,竹之下小山線,22344,0,6.2,駿東郡小山町竹之下字石尊松3660-59,101,駿東郡小山町竹之下字石尊松3660-59,112,213,1.14,0.08,30.6,34.3,5.5,30
22603660010,用宗停車場丸子線,,静岡焼津線,22102,0,0.1,静岡市駿河区用宗四丁目,355,静岡市駿河区用宗四丁目,281,636,1.27,0.1,6.5,6.5,16,40
22604160020,用宗停車場丸子線,静岡焼津線,静岡焼津線,22102,0,0.4,静岡市駿河区用宗四丁目,2349,静岡市駿河区用宗四丁目,2799,5148,1.24,0.7,25.7,31.2,16,40
22603660030,用宗停車場丸子線,静岡焼津線,丸子池田線,22102,0,2.3,静岡市駿河区青木317,5247,静岡市駿河区青木317,4564,9811,1.27,1.11,25.8,18.2,9,40
22603660040,用宗停車場丸子線,丸子池田線,一般国道１号,22102,0,0.6,静岡市駿河区青木317,5247,静岡市駿河区青木317,4564,9811,1.27,1.02,14.2,6.2,9.5,40
22603680005,湖東舘山寺線,細江舞阪線,引佐舘山寺線,22133,0,1.8,浜松市西区呉松町168-11,806,浜松市西区呉松町168-11,816,1622,1.19,0.19,39.7,45,10.5,40
22603680010,湖東舘山寺線,引佐舘山寺線,引佐舘山寺線,22133,0,0.6,浜松市西区呉松町278-1,1094,浜松市西区呉松町278-1,943,2037,1.19,0.27,41.3,35.8,10.5,40
22603700010,由比停車場線,富士由比線,富士富士宮由比線,22103,0,2.1,静岡市清水区由比町屋原148,970,静岡市清水区由比町屋原148,1229,2199,1.23,0.38,27.4,25.7,6.8,30
22603710010,茂畑横砂線,,一般国道１号（静清ＢＰ）,22103,0,4.4,静岡市清水区横砂,2162,静岡市清水区横砂,2209,4371,1.29,0.6,21.9,18.2,6.9,30
22603710020,茂畑横砂線,一般国道１号（静清ＢＰ）,一般国道１号,22103,0,0.2,静岡市清水区横砂,2459,静岡市清水区横砂,1808,4267,1.29,0.47,7.1,9.2,8.7,30
22603720010,大東相良線,掛川大東線,中方千浜線,22213,0,3.2,御前崎市塩原新田64-1,2519,御前崎市塩原新田64-1,2225,4744,1.24,0.75,29.8,28.1,8.5,40
22603720020,大東相良線,中方千浜線,大東菊川線,22213,0,0.6,御前崎市塩原新田64-1,2519,御前崎市塩原新田64-1,2225,4744,1.24,0.75,32,28.1,8.5,40
22603720030,大東相良線,大東菊川線,掛川市・御前崎市境,22213,0,0.1,御前崎市塩原新田64-1,2519,御前崎市塩原新田64-1,2225,4744,1.24,0.75,21.9,25.2,8.5,40
22603720040,大東相良線,掛川市・御前崎市境,掛川浜岡線,22223,0,4.7,御前崎市塩原新田64-1,2519,御前崎市塩原新田64-1,2225,4744,1.24,0.65,36.4,35,12,40
22603720050,大東相良線,掛川浜岡線,相良浜岡線,22223,0,0.5,御前崎市塩原新田64-1,2519,御前崎市塩原新田64-1,2225,4744,1.24,0.65,22.3,21.7,12,40
22603720060,大東相良線,相良浜岡線,佐倉御前崎港線,22223,0,3.1,御前崎市塩原新田64-1,2519,御前崎市塩原新田64-1,2225,4744,1.24,0.65,32.8,32.8,12,40
22603720070,大東相良線,佐倉御前崎港線,御前崎市・牧之原市境,22223,0,1.2,御前崎市塩原新田64-1,2519,御前崎市塩原新田64-1,2225,4744,1.24,0.65,35,34.7,12,40
22603720080,大東相良線,御前崎市・牧之原市境,御前崎堀野新田線,22226,0,0.6,御前崎市塩原新田64-1,2519,御前崎市塩原新田64-1,2225,4744,1.24,0.61,46.1,43.5,8.3,40
22603720090,大東相良線,御前崎堀野新田線,一般国道１５０号,22226,0,0.6,御前崎市塩原新田64-1,2519,御前崎市塩原新田64-1,2225,4744,1.24,0.61,31.7,28,8.3,40
22603730010,原里大池線,大和田森線,,22213,0,0.6,掛川市原里1200,264,掛川市原里1200,210,474,1.26,0.05,40.4,45.8,9.2,40
22603730030,原里大池線,焼津森線,日坂沢田線,22213,0,4.7,掛川市大池2314-1,4553,掛川市大池2314-1,4591,9144,1.26,0.67,32.8,30.1,12,40
22603740010,浜松袋井線,浜松環状線,天竜浜松線,22132,0,0.4,浜松市東区恒武町361-1,4539,浜松市東区恒武町361-1,3876,8415,1.37,0.69,19.8,17,16,50
22603740020,浜松袋井線,天竜浜松線,二俣浜松線,22132,0,1,浜松市東区恒武町361-1,4539,浜松市東区恒武町361-1,3876,8415,1.37,0.69,17,15.2,16,50
22603740030,浜松袋井線,二俣浜松線,,22132,0,1,浜松市東区豊西町,11751,浜松市東区豊西町,11557,23308,1.31,1.99,27.4,30.3,16,50
22603740040,浜松袋井線,,磐田天竜線,22211,0,0.9,磐田市匂坂中1600-7,13333,磐田市匂坂中1600-7,12884,26217,1.39,1.77,16.8,23.5,16,50
22603740050,浜松袋井線,磐田天竜線,横川磐田線,22211,0,2.2,磐田市向笠新屋678,3748,磐田市向笠新屋678,3775,7523,1.26,0.8,20.8,30.3,10.3,40
22603740060,浜松袋井線,横川磐田線,磐田山梨線,22211,0,2.7,磐田市向笠新屋678,3748,磐田市向笠新屋678,3775,7523,1.26,0.8,31.3,31.6,10.3,40
22603800010,富士清水線,一般国道１３９号,田子浦港大野線,22210,0,1.6,富士市今井４３０?３,7914,富士市今井４３０?３,7891,15805,1.34,1.09,25.6,30.4,10.1,50
22603800020,富士清水線,田子浦港大野線,須津東田子浦停車場線,22210,0,1.4,富士市今井４３０?３,7914,富士市今井４３０?３,7891,15805,1.34,1.09,34.7,33.4,10.1,50
22603800040,富士清水線,須津東田子浦停車場線,東柏原沼津線,22210,0,0.5,富士市東柏原新田230-2,8551,富士市東柏原新田230-2,8420,16971,1.38,1.14,14.5,27,10.4,50
22603800050,富士清水線,東柏原沼津線,富士市・沼津市境,22210,0,0.3,沼津市原町荒浜17-22,7850,沼津市原町荒浜17-22,7394,15244,1.31,1.08,16.8,43.7,10.4,50
22603800060,富士清水線,富士市・沼津市境,東柏原沼津線,22203,0,9.1,沼津市原町荒浜17-22,7850,沼津市原町荒浜17-22,7394,15244,1.31,1.05,28.5,23.3,12.2,50
22603800070,富士清水線,東柏原沼津線,沼津停車場線,22203,0,1.4,沼津市東間門2丁目6-2,8058,沼津市東間門2丁目6-2,9598,17656,1.33,1.15,18.2,19.9,12.2,50
22603800080,富士清水線,沼津停車場線,一般国道４１４号,22203,0,0.4,沼津市東間門2丁目6-2,8058,沼津市東間門2丁目6-2,9598,17656,1.33,1.15,18.1,10.3,12.2,50
22603800090,富士清水線,一般国道４１４号,沼津三島線,22203,0,1.8,沼津市大岡1452-1,12869,沼津市大岡1452-1,12486,25355,1.39,0.87,20.7,16.6,27,50
22603800100,富士清水線,沼津三島線,沼津市・清水町境,22203,0,0.7,駿東郡清水町八幡17-1,10536,駿東郡清水町八幡17-1,9444,19980,1.39,0.57,16.5,22.3,27,50
22603800110,富士清水線,沼津市・清水町境,一般国道１号,22341,0,0.7,駿東郡清水町八幡17-1,10536,駿東郡清水町八幡17-1,9444,19980,1.39,1.24,14.1,14.9,13.15,50
22603810070,島田岡部線,吉沢金谷線,一般国道１号（島田金谷ＢＰ）,22209,0,2,島田市金谷104-5,4605,島田市金谷104-5,4704,9309,1.27,0.87,43.4,46,8.3,40
22603810060,島田岡部線,一般国道４７３号,吉沢金谷線,22209,0,2.3,島田市金谷104-5,4605,島田市金谷104-5,4704,9309,1.27,0.87,36.1,34.5,8.3,40
22603810040,島田岡部線,河原大井川港線,一般国道４７３号,22209,0,1.8,島田市向島町,11193,島田市向島町,10789,21982,1.21,1.78,14.6,19.8,13.1,50
22603810030,島田岡部線,島田吉田線,河原大井川港線,22209,0,0.1,島田市河原１丁目4046-35,9627,島田市河原１丁目4046-35,10115,19742,1.34,1.96,23.1,9.3,13.1,50
22603810020,島田岡部線,島田川根線,島田吉田線,22209,0,1.7,島田市河原１丁目4046-35,9627,島田市河原１丁目4046-35,10115,19742,1.34,1.96,21.9,15.6,13.1,50
22603810010,島田岡部線,島田停車場線,島田川根線,22209,0,0.7,島田市河原１丁目4046-35,9627,島田市河原１丁目4046-35,10115,19742,1.34,1.96,18.3,22.7,13.1,50
22300011510,島田岡部線,伊久美元島田線,島田大井川線,22209,0,2.9,島田市道悦５丁目151-1-1-1,9269,島田市道悦５丁目151-1-1-1,9627,18896,1.28,1.45,20.9,20.3,13.6,50
22300011500,島田岡部線,島田大井川線,島田市・藤枝市境,22209,0,0.3,島田市道悦５丁目151-1-1-1,9269,島田市道悦５丁目151-1-1-1,9627,18896,1.28,1.16,23.2,37.9,14,50
22300011490,島田岡部線,島田市・藤枝市境,上青島焼津線,22214,0,0.4,島田市道悦５丁目151-1-1-1,9269,島田市道悦５丁目151-1-1-1,9627,18896,1.28,1.29,21.3,27.8,13.9,50
22300011480,島田岡部線,上青島焼津線,堀之内青島線,22214,0,2.9,島田市道悦５丁目151-1-1-1,9269,島田市道悦５丁目151-1-1-1,9627,18896,1.28,1.39,23.2,27.7,40,50
22300011460,島田岡部線,藤枝停車場線,藤枝大井川線,22214,0,0.5,藤枝市青木２丁目143-2,8365,藤枝市青木２丁目143-2,8890,17255,1.26,1.3,15.5,20.5,16.2,50
22300011450,島田岡部線,藤枝大井川線,伊久美藤枝線,22214,0,0.9,藤枝市青木２丁目143-2,8365,藤枝市青木２丁目143-2,8890,17255,1.26,1.17,20.2,17.8,12.2,50
22300011430,島田岡部線,伊久美藤枝線,藤枝静岡線,22214,0,0.9,藤枝市青木２丁目143-2,8365,藤枝市青木２丁目143-2,8890,17255,1.26,1.25,14.8,17.9,16,50
22300011420,島田岡部線,藤枝静岡線,藤枝静岡線,22214,0,1.2,藤枝市青木２丁目143-2,8365,藤枝市青木２丁目143-2,8890,17255,1.26,1.14,22.2,18,13.8,50
22300011400,島田岡部線,藤枝静岡線,一般国道１号,22214,0,1,藤枝市青木２丁目143-2,8365,藤枝市青木２丁目143-2,8890,17255,1.26,1.3,16.3,13.9,13.4,50
22603840010,高松日出線,一般国道１５０号,西島高松線,22102,0,1.1,静岡市駿河区豊田三丁目,11513,静岡市駿河区豊田三丁目,10219,21732,1.35,1.03,22.6,24.2,22,50
22603840020,高松日出線,西島高松線,中野小鹿線,22102,0,1.3,静岡市駿河区豊田三丁目,11513,静岡市駿河区豊田三丁目,10219,21732,1.35,1.03,28.9,33.3,22,50
22603840030,高松日出線,中野小鹿線,中野小鹿線,22102,0,0.2,静岡市駿河区豊田三丁目,11513,静岡市駿河区豊田三丁目,10219,21732,1.35,1.03,15.3,21.4,22,50
22603840040,高松日出線,中野小鹿線,丸子池田線,22102,0,0.8,静岡市駿河区豊田三丁目,11513,静岡市駿河区豊田三丁目,10219,21732,1.35,1.03,19.2,23.3,22,50
22603840050,高松日出線,丸子池田線,静岡環状線,22102,0,0.6,静岡市駿河区八幡二丁目,3392,静岡市駿河区八幡二丁目,4386,7778,1.35,0.58,14.3,14.9,6.8,30
22603860010,小笠掛川線,掛川浜岡線,吉田大東線,22224,0,1.4,菊川市下内田1297-1,4148,菊川市下内田1297-1,4215,8363,1.26,1.03,27.5,29,9.7,50
22603860030,小笠掛川線,吉田大東線,菊川市・掛川市境,22224,0,1.1,掛川市上内田695,3258,掛川市上内田695,3616,6874,1.25,0.59,24.9,40.4,11.5,50
22603860040,小笠掛川線,菊川市・掛川市境,掛川大東線,22213,0,1.7,掛川市上内田695,3258,掛川市上内田695,3616,6874,1.25,0.62,31.2,26.5,11,50
22603880010,接岨峡線,,川根寸又峡線,22429,0,7.6,榛原郡川根本町犬間540-8,479,榛原郡川根本町犬間540-8,530,1009,1.18,0.16,39.1,41.8,6.5,40
22603890010,水窪森線,一般国道１５２号,一般国道３６２号,22137,0,38,,,,,,,,31.8,31.8,5,30
22603890030,水窪森線,一般国道３６２号,春野下泉停車場線,22137,0,6.5,浜松市天竜区春野町石打松下,52,浜松市天竜区春野町石打松下,47,99,1.21,0.14,24.3,25.6,5,30
22603890050,水窪森線,春野下泉停車場線,,22137,0,12.3,浜松市天竜区春野町石打松下,52,浜松市天竜区春野町石打松下,47,99,1.21,0.35,24.3,25.6,4,30
22603890060,水窪森線,,,22461,0,0.5,,31,,32,63,1.35,0.01,12.2,34,6.5,30
22603890070,水窪森線,,,22137,0,1.7,浜松市天竜区春野町堀之内,34,浜松市天竜区春野町堀之内,30,64,1.21,0.34,35.2,36.9,4.5,30
22603890080,水窪森線,,藤枝天竜線,22461,0,3.3,,31,,32,63,1.35,0.07,31.1,31.1,5,30
22603900010,鳳来佐久間線,鳳来佐久間線,天竜東栄線,22137,0,3.5,浜松市天竜区佐久間町浦川,22,浜松市天竜区佐久間町浦川,17,39,1.35,0.03,34.6,34.2,4.3,60
22603910010,細江浜北線,横尾根洗線,東三方都田線,22135,0,2,浜松市北区三幸町421,6251,浜松市北区三幸町421,6296,12547,1.28,0.91,21.2,17.3,9.2,40
22603910020,細江浜北線,東三方都田線,浜松市北区・浜松市浜北区境,22135,0,1.4,浜松市北区三幸町421,6251,浜松市北区三幸町421,6296,12547,1.28,0.91,33.1,18.5,9.2,40
22603910025,細江浜北線,浜松市北区・浜松市浜北区境,細江浜北線,22136,0,0.4,浜松市北区三幸町421,6251,浜松市北区三幸町421,6296,12547,1.28,0.93,17.6,16.3,8.5,40
22603910030,細江浜北線,細江浜北線,細江浜北線,22136,0,1.9,浜松市浜北区平口,5933,浜松市浜北区平口,5499,11432,1.28,0.98,20.7,27.2,8.5,40
22603910040,細江浜北線,細江浜北線,一般国道１５２号,22136,0,0.1,浜松市浜北区平口,9389,浜松市浜北区平口,10325,19714,1.35,1.83,26.5,7.2,8.5,40
22603910050,細江浜北線,一般国道１５２号,熊小松天竜川停車場線,22136,0,1.2,浜松市浜北区小松1600,7523,浜松市浜北区小松1600,6659,14182,1.29,0.93,18.5,17.9,8.5,40
22603910070,細江浜北線,熊小松天竜川停車場線,高薗貴布祢線,22136,0,0.9,浜松市浜北区小松4806-7,7691,浜松市浜北区小松4806-7,7740,15431,1.29,1.45,13.8,23.3,8,40
22709020010,細江浜北線,細江浜北線,,22136,0,0.5,浜松市浜北区染地台6丁目11-10,5524,浜松市浜北区染地台6丁目11-10,4332,9856,1.28,0.86,13.2,17.3,16.5,50
22603910090,細江浜北線,,細江浜北線,22136,0,1.1,浜松市浜北区染地台5丁目,9610,浜松市浜北区染地台5丁目,8889,18499,1.33,0.85,36.5,33.8,27,50
22603940010,沼津小山線,大岡元長窪線,長泉町・裾野市境,22342,0,1.4,駿東郡長泉町納米里,9421,駿東郡長泉町納米里,9886,19307,1.28,1.46,15.9,18.3,12.4,50
22603940015,沼津小山線,長泉町・裾野市境,三島裾野線,22220,0,1.7,駿東郡長泉町納米里,9421,駿東郡長泉町納米里,9886,19307,1.28,1.38,23.6,22.5,11.5,50
22603940020,沼津小山線,三島裾野線,裾野停車場線,22220,0,0.8,駿東郡長泉町納米里,9421,駿東郡長泉町納米里,9886,19307,1.28,1.49,13.3,16.1,10.8,50
22603940030,沼津小山線,裾野停車場線,富士裾野線,22220,0,0.8,駿東郡長泉町納米里,9421,駿東郡長泉町納米里,9886,19307,1.28,1.36,15.3,17.9,10.9,40
22603940040,沼津小山線,富士裾野線,裾野市道,22220,0,0.2,裾野市深良,6970,裾野市深良,6539,13509,1.29,1.26,16.2,23.4,12.01,40
22603940050,沼津小山線,裾野市道,一般国道２４６号,22220,0,2.7,裾野市深良,6970,裾野市深良,6539,13509,1.29,1.26,26.1,17.5,12.01,40
22603940070,沼津小山線,仙石原新田線,裾野市・御殿場市境,22220,0,0.4,御殿場市竈字大石840-1,5672,御殿場市竈字大石840-1,5711,11383,1.28,0.96,16,28.7,11.06,40
22603940080,沼津小山線,裾野市・御殿場市境,滝ケ原富士岡線,22215,0,2.8,御殿場市竈字大石840-1,5672,御殿場市竈字大石840-1,5711,11383,1.28,0.84,31.4,29.7,11.16,50
22603940090,沼津小山線,滝ケ原富士岡線,富士岡停車場線,22215,0,1.1,御殿場市竈字大石840-1,5672,御殿場市竈字大石840-1,5711,11383,1.28,0.84,25.6,28.2,9.9,50
22603940100,沼津小山線,富士岡停車場線,御殿場停車場線,22215,0,5.3,御殿場市竈字大石840-1,5672,御殿場市竈字大石840-1,5711,11383,1.28,0.83,30.6,25.9,11.5,50
22603940110,沼津小山線,御殿場停車場線,御殿場箱根線,22215,0,0.4,御殿場市竈字大石840-1,5672,御殿場市竈字大石840-1,5711,11383,1.28,0.96,17.2,10.9,10,50
22603940120,沼津小山線,御殿場箱根線,一般国道１３８号,22215,0,0.5,御殿場市竈字大石840-1,5672,御殿場市竈字大石840-1,5711,11383,1.28,0.96,11.1,13.7,11.3,50
22603940140,沼津小山線,御殿場大井線,足柄停車場富士公園線,22215,0,2.1,御殿場市山之尻字大北89-1,4057,御殿場市山之尻字大北89-1,4238,8295,1.26,0.68,33.6,35.7,10.05,50
22603940150,沼津小山線,足柄停車場富士公園線,御殿場市・小山町境,22215,0,0.1,御殿場市山之尻字大北89-1,4057,御殿場市山之尻字大北89-1,4238,8295,1.26,0.73,24.6,30.5,11,50
22603940160,沼津小山線,御殿場市・小山町境,須走小山線,22344,0,1.5,御殿場市山之尻字大北89-1,4057,御殿場市山之尻字大北89-1,4238,8295,1.26,0.65,33.6,33.3,11.4,50
22603940170,沼津小山線,須走小山線,竹之下小山線,22344,0,4.2,駿東郡小山町菅沼字天神下884-1,3079,駿東郡小山町菅沼字天神下884-1,3021,6100,1.18,0.53,37,38.9,9.95,50
22603940180,沼津小山線,竹之下小山線,小山町道,22344,0,0.3,駿東郡小山町菅沼字天神下884-1,3079,駿東郡小山町菅沼字天神下884-1,3021,6100,1.18,0.58,19.2,24.7,10.05,40
22603940190,沼津小山線,小山町道,駿河小山停車場線,22344,0,0.2,駿東郡小山町菅沼字天神下884-1,3079,駿東郡小山町菅沼字天神下884-1,3021,6100,1.18,0.62,18.2,17.1,9.25,40
22603940200,沼津小山線,駿河小山停車場線,一般国道２４６号,22344,0,1.6,駿東郡小山町菅沼字天神下884-1,3079,駿東郡小山町菅沼字天神下884-1,3021,6100,1.18,0.55,46.4,33.3,6.7,50
22603960010,富士由比線,一般国道１３９号,田子浦港富士インタ－線,22210,0,0.2,富士市松岡１８１５?１,11025,富士市松岡１８１５?１,11463,22488,1.29,1.67,16.7,9.4,10.6,50
22603960020,富士由比線,田子浦港富士インタ－線,富士停車場伝法線,22210,0,1.1,富士市松岡１８１５?１,11025,富士市松岡１８１５?１,11463,22488,1.29,1.67,16.9,11.7,10.6,50
22603960030,富士由比線,富士停車場伝法線,鷹岡富士停車場線,22210,0,1,富士市松岡１８１５?１,11025,富士市松岡１８１５?１,11463,22488,1.29,1.67,21.1,13,10.6,50
22603960040,富士由比線,鷹岡富士停車場線,鷹岡柚木線,22210,0,1.3,富士市松岡１８１５?１,11025,富士市松岡１８１５?１,11463,22488,1.29,1.67,15.6,18,10.6,50
22603960050,富士由比線,鷹岡柚木線,富士川身延線,22210,0,1.5,富士市松岡１８１５?１,11025,富士市松岡１８１５?１,11463,22488,1.29,1.67,18.2,12.3,10.6,50
22603960060,富士由比線,富士川身延線,岩淵富士川停車場線,22210,0,1.5,富士市岩淵８５５?３９,6654,富士市岩淵８５５?３９,6570,13224,1.34,1.09,12.4,29.9,10.6,50
22603960070,富士由比線,岩淵富士川停車場線,,22210,0,1.1,富士市岩淵８５５?３９,6654,富士市岩淵８５５?３９,6570,13224,1.34,1.08,29.1,32.6,13,40
22603960080,富士由比線,,富士富士宮由比線,22103,0,5.9,静岡市清水区蒲原堰沢293,3713,静岡市清水区蒲原堰沢293,3838,7551,1.27,0.59,34.2,34.3,10,40
22603960090,富士由比線,富士富士宮由比線,由比停車場線,22103,0,2,静岡市清水区蒲原堰沢293,3713,静岡市清水区蒲原堰沢293,3838,7551,1.27,0.59,33.3,35.4,10,40
22603960100,富士由比線,由比停車場線,一般国道１号,22103,0,0.5,静岡市清水区由比寺尾,4065,静岡市清水区由比寺尾,4405,8470,1.27,0.82,36.4,36.9,8.7,40
22603970010,富士根停車場線,,鷹岡柚木線,22210,0,0.1,富士宮市小泉258-1,2545,富士宮市小泉258-1,2837,5382,1.27,0.73,17.1,9.3,6.2,30
22603970020,富士根停車場線,鷹岡柚木線,富士市・富士宮市境,22210,0,0.3,富士宮市小泉258-1,2545,富士宮市小泉258-1,2837,5382,1.27,0.73,34.8,33.8,6.2,30
22603970030,富士根停車場線,富士市・富士宮市境,富士富士宮線,22207,0,0.7,富士宮市小泉258-1,2545,富士宮市小泉258-1,2837,5382,1.27,0.31,17.5,14.1,9.5,40
22301390140,富士根停車場線,富士富士宮線,富士富士宮由比線,22207,0,0.6,富士宮市小泉539-1,4234,富士宮市小泉539-1,4848,9082,1.27,0.59,16,24.7,9.15,40
22603970050,富士根停車場線,富士富士宮由比線,一般国道１３９号,22207,0,0.3,富士宮市大岩1502-3,5190,富士宮市大岩1502-3,5315,10505,1.27,1.15,16.3,6.6,10.9,40
22603970060,富士根停車場線,一般国道１３９号,大坂富士宮線,22207,0,1.4,富士宮市大岩1502-3,5190,富士宮市大岩1502-3,5315,10505,1.27,1.15,17.2,19.8,10.9,40
22603970070,富士根停車場線,大坂富士宮線,富士宮市道,22207,0,2.8,富士宮市大岩1502-3,5190,富士宮市大岩1502-3,5315,10505,1.27,1.15,28.3,22,10.9,40
22304690130,富士根停車場線,富士宮市道,富士宮富士公園線,22207,0,1.6,,3755,,3867,7622,1.26,1.04,36.6,29.2,10,40
22304690135,富士根停車場線,富士宮富士公園線,一般国道４６９号,22207,0,0.2,,3755,,3867,7622,1.26,1.04,10.5,21.4,10,40
22603980010,上稲子長貫線,,一般国道４６９号,22207,0,3.3,富士宮市上稲子3844,132,富士宮市上稲子3844,130,262,1.14,0.05,40.7,40.7,10.75,30
22603980030,上稲子長貫線,一般国道４６９号,富士川身延線,22207,0,3.7,富士宮市長貫字楠金817-1,1605,富士宮市長貫字楠金817-1,1745,3350,1.24,0.47,40.4,41.6,10.7,40
22603990010,大河内森線,藤枝天竜線,袋井春野線,22461,0,15.3,周智郡森町問詰1115-1					,446,周智郡森町問詰1115-1					,469,915,1.18,0.15,38.2,35.3,8,40
22604000010,大仁停車場線,熱海大仁線,,22225,0,0.3,伊豆の国市大仁字上宿481,6231,伊豆の国市大仁字上宿481,5765,11996,1.25,1.41,13,15.8,6.25,30
22604010010,御殿場箱根線,一般国道１３８号,一般国道２４６号,22215,0,1.6,御殿場市茱萸沢字中畑道176-1,4517,御殿場市茱萸沢字中畑道176-1,5126,9643,1.23,1.12,23.1,25.2,9.8,40
22604010020,御殿場箱根線,一般国道２４６号,沼津小山線,22215,0,0.8,,9548,,8809,18357,1.33,1.54,19.2,16.9,10.4,50
22604010030,御殿場箱根線,沼津小山線,東名高速道路,22215,0,1.4,,9548,,8809,18357,1.33,1.57,20.8,23.9,10.4,50
22604010040,御殿場箱根線,東名高速道路,一般国道１３８号,22215,0,2,,9548,,8809,18357,1.33,1.18,30.3,30,12.5,50
22604010060,御殿場箱根線,一般国道１３８号,箱根スカイライン,22215,0,7.3,御殿場市東田中字箱根道3569,209,御殿場市東田中字箱根道3569,109,318,1.14,0.05,34.7,36.8,6,40
22604010070,御殿場箱根線,箱根スカイライン,御殿場箱根,22215,0,0.2,御殿場市東田中字箱根道3569,209,御殿場市東田中字箱根道3569,109,318,1.14,0.05,25.9,20.3,5.5,40
22604020010,小笠山総合運動公園線,磐田掛川線,一般国道１号（袋井ＢＰ）,22213,0,1.3,掛川市領家524-1,9080,掛川市領家524-1,9937,19017,1.29,0.62,19.9,11.7,24.8,50
22604030100,磐田掛川線,磐田福田線,磐田掛川線,22211,0,0.6,,6093,,5930,12023,1.28,0.96,20.9,26.5,16,40
22604030010,磐田掛川線,磐田掛川線,豊浜磐田線,22211,0,0.2,,6093,,5930,12023,1.28,1.2,32,29.1,7.5,40
22604030020,磐田掛川線,豊浜磐田線,磐田市・袋井市境,22211,0,2.7,磐田市新出575					,6359,磐田市新出575					,6186,12545,1.29,1.11,28.4,30.3,13.3,40
22604030030,磐田掛川線,磐田市・袋井市境,中野諸井線,22216,0,1.2,磐田市新出575					,6359,磐田市新出575					,6186,12545,1.29,1.27,27.3,29.6,9.75,40
22604030040,磐田掛川線,中野諸井線,袋井大須賀線,22216,0,1.6,磐田市新出575					,6359,磐田市新出575					,6186,12545,1.29,1.27,24.9,19.8,9.75,40
22604030050,磐田掛川線,袋井大須賀線,袋井小笠線,22216,0,4.7,袋井市岡崎6635-8					,2978,袋井市岡崎6635-8					,3103,6081,1.26,0.7,36.9,38.4,12.9,50
22604030060,磐田掛川線,袋井小笠線,袋井市・掛川市境,22216,0,2.3,袋井市豊沢2289-2					,6296,袋井市豊沢2289-2					,6887,13183,1.29,1.45,38.9,43.3,12.9,50
22604030070,磐田掛川線,袋井市・掛川市境,小笠山総合運動公園線,22213,0,0.3,袋井市豊沢2289-2					,6296,袋井市豊沢2289-2					,6887,13183,1.29,0.64,36.4,16.8,25,50
22604030080,磐田掛川線,小笠山総合運動公園線,東名高速道路,22213,0,4.9,掛川市下俣1291-1,11327,掛川市下俣1291-1,9549,20876,1.33,0.81,31.3,42.3,25,50
22604030005,磐田掛川線,磐田福田線,磐田掛川線,22211,0,0.6,磐田市西貝塚550-1,3149,磐田市西貝塚550-1,2744,5893,1.26,0.49,25.8,19.4,9.6,40
22604040010,河津下田線,,一般国道４１４号,22219,0,0.9,,,,,,,,10.5,9,10.05,60
22604050010,足高三枚橋線,,足高三枚橋線,22203,0,1.2,沼津市岡宮,4479,沼津市岡宮,2477,6956,1.26,0.66,31,37.9,11,40
22604050020,足高三枚橋線,足高三枚橋線,東名高速道路,22203,0,0.5,沼津市岡宮,4479,沼津市岡宮,2477,6956,1.26,0.66,21.9,13,11,40
22604050030,足高三枚橋線,東名高速道路,沼津インタ－線,22203,0,0.4,沼津市岡宮,4479,沼津市岡宮,2477,6956,1.26,0.66,10.5,15.8,11,40
22604050040,足高三枚橋線,沼津インタ－線,三島富士線,22203,0,2.1,沼津市岡宮,4479,沼津市岡宮,2477,6956,1.26,0.66,33.2,14.3,11,40
22604050080,足高三枚橋線,足高三枚橋線,沼津市・長泉町境,22203,0,0.6,沼津市足高,2489,沼津市足高,2472,4961,1.23,0.75,34.1,47.2,12.5,40
22604050090,足高三枚橋線,沼津市・長泉町境,大岡元長窪線,22342,0,0.3,沼津市足高,2489,沼津市足高,2472,4961,1.23,0.92,36.5,29.5,12.5,50
22604060010,仁杉柴怒田線,須走御殿場線,一般国道１３８号,22215,0,0.8,御殿場市仁杉字中畑ケ703-1,1726,御殿場市仁杉字中畑ケ703-1,1366,3092,1.23,0.43,14.1,29.1,25,50
22604070010,静岡草薙清水線,静岡環状線,東町豊田線,22102,0,0.6,静岡市駿河区曲金六丁目,14248,静岡市駿河区曲金六丁目,15437,29685,1.39,0.98,21.2,19,20,50
22604070015,静岡草薙清水線,東町豊田線,東静岡南北線,22102,0,1.3,静岡市駿河区曲金六丁目,14248,静岡市駿河区曲金六丁目,15437,29685,1.39,0.98,19.3,18.6,20,50
22604070020,静岡草薙清水線,東静岡南北線,山脇大谷線,22102,0,1,静岡市駿河区曲金六丁目,14248,静岡市駿河区曲金六丁目,15437,29685,1.39,0.98,25.4,21.7,20,50
22604070030,静岡草薙清水線,山脇大谷線,静岡市駿河区・静岡市清水区境,22102,0,1.9,静岡市清水区草薙一丁目,12270,静岡市清水区草薙一丁目,12611,24881,1.4,0.96,19.6,24.8,20,50
22604070035,静岡草薙清水線,静岡市駿河区・静岡市清水区境,日の出町押切線,22103,0,3.3,静岡市清水区草薙一丁目,12270,静岡市清水区草薙一丁目,12611,24881,1.4,0.84,24.9,20.8,20,50
22604070040,静岡草薙清水線,日の出町押切線,入江富士見線,22103,0,0.9,静岡市清水区草薙一丁目,12270,静岡市清水区草薙一丁目,12611,24881,1.4,0.84,27,14,20,50
22604070050,静岡草薙清水線,入江富士見線,清水富士宮線,22103,0,0.3,静岡市清水区春日一丁目,6872,静岡市清水区春日一丁目,6073,12945,1.22,0.56,11.3,20.6,20,50
22604070060,静岡草薙清水線,清水富士宮線,一般国道１４９号,22103,0,0.7,静岡市清水区相生町,5258,静岡市清水区相生町,4644,9902,1.22,0.85,17.5,17.9,20,50
22604080010,静岡空港線,,細江金谷線,22226,0,1,牧之原市坂口3597-2,1050,牧之原市坂口3597-2,884,1934,1.23,0.12,50.4,41.9,27,50
22604080020,静岡空港線,細江金谷線,住吉金谷線,22209,0,2.2,島田市湯日464-17,2246,島田市湯日464-17,2182,4428,1.25,0.64,43.9,49.2,13,50
22604090010,大須賀掛川停車場線,相良大須賀線,袋井小笠線,22213,0,6,掛川市横須賀898-5,1048,掛川市横須賀898-5,1158,2206,1.2,0.3,44.3,44.8,11.5,40
22604100010,仁科峠宇久須線,伊東西伊豆線,一般国道１３６号,22306,0,11.4,賀茂郡西伊豆町宇久須1269-1,448,賀茂郡西伊豆町宇久須1269-1,454,902,1.17,0.68,29.1,29.6,5.5,40
22604110010,西天城高原線,伊東西伊豆線,船原西浦高原線,22222,0,7.9,伊豆市湯々島,88,伊豆市湯々島,84,172,1.18,0.02,54.7,56.3,9.26,40
22604110020,西天城高原線,船原西浦高原線,一般国道１３６号,22222,0,2.3,伊豆市湯々島,88,伊豆市湯々島,84,172,1.18,0.02,37.3,35.9,9.26,40
22300011670,磐田袋井線,磐田細江線,一般国道１号（磐田ＢＰ）,22211,0,0.1,磐田市国府台68-1					,11273,磐田市国府台68-1					,9908,21181,1.36,1.08,17.3,13.2,14,40
22300011660,磐田袋井線,磐田天竜線,磐田細江線,22211,0,3.7,磐田市国府台68-1					,11273,磐田市国府台68-1					,9908,21181,1.36,1.34,24.9,28.1,13.6,50
22300011650,磐田袋井線,磐田福田線,磐田天竜線,22211,0,0.5,磐田市国府台68-1					,11273,磐田市国府台68-1					,9908,21181,1.36,1.48,14.8,14.9,15,40
22300011640,磐田袋井線,豊浜磐田線,磐田福田線,22211,0,0.4,磐田市見付4859,8462,磐田市見付4859,8009,16471,1.34,1.27,24.5,14.4,16.8,50
22300011630,磐田袋井線,磐田山梨線,豊浜磐田線,22211,0,0.7,磐田市見付4859,8462,磐田市見付4859,8009,16471,1.34,1.27,22.5,20.3,17.8,40
22300011620,磐田袋井線,一般国道１号（袋井ＢＰ）,磐田山梨線,22211,0,2,磐田市見付4859,8462,磐田市見付4859,8009,16471,1.34,1.1,25.6,22.2,14.1,50
22604130010,磐田袋井線,一般国道１号（袋井ＢＰ）,磐田市・袋井市境,22211,0,1,磐田市西島36					,5768,磐田市西島36					,6113,11881,1.26,1.01,22.6,31.4,12.3,50
22604130020,磐田袋井線,磐田市・袋井市境,浜北袋井線,22216,0,1.2,磐田市西島36					,5768,磐田市西島36					,6113,11881,1.26,1.04,27.4,19.4,16.6,50
22604130030,磐田袋井線,浜北袋井線,袋井大須賀線,22216,0,0.6,袋井市国本2760-3,4497,袋井市国本2760-3,3326,7823,1.26,0.62,14.7,22.3,15,50
22604130040,磐田袋井線,袋井大須賀線,袋井春野線,22216,0,0.5,袋井市国本2760-3,4497,袋井市国本2760-3,3326,7823,1.26,0.62,21.5,21.7,15,50
22604130060,磐田袋井線,掛川袋井線,一般国道１号（袋井ＢＰ）,22216,0,0.6,袋井市国本2760-3,4497,袋井市国本2760-3,3326,7823,1.26,0.64,36.7,35,13.6,50
22301390090,富士富士宮線,一般国道１３９号,富士停車場伝法線,22210,0,0.7,富士市伝法２５６１?３,10351,富士市伝法２５６１?３,10643,20994,1.28,1.37,15.8,26.5,16.5,50
22301390095,富士富士宮線,富士白糸滝公園線,富士停車場伝法線,22210,0,0.4,富士市伝法２５６１?３,10351,富士市伝法２５６１?３,10643,20994,1.28,1.32,19.4,23.4,12.1,50
22301390100,富士富士宮線,富士停車場伝法線,鷹岡富士停車場線,22210,0,1,富士市伝法２５６１?３,10351,富士市伝法２５６１?３,10643,20994,1.28,1.32,26.6,19.1,12.1,50
22301390110,富士富士宮線,鷹岡富士停車場線,一色久沢線,22210,0,0.9,富士市伝法２５６１?３,10351,富士市伝法２５６１?３,10643,20994,1.28,1.43,18.8,21.2,12.7,50
22301390120,富士富士宮線,一色久沢線,富士市・富士宮市境,22210,0,2.4,富士市伝法２５６１?３,10351,富士市伝法２５６１?３,10643,20994,1.28,1.31,21.3,24.4,15.15,50
22301390130,富士富士宮線,富士市・富士宮市境,富士根停車場線,22207,0,0.2,富士市伝法２５６１?３,10351,富士市伝法２５６１?３,10643,20994,1.28,1.5,21.6,14.2,11.35,50
22604140080,富士富士宮線,富士根停車場線,富士宮停車場線,22207,0,2.3,富士宮市前田町71,10254,富士宮市前田町71,9005,19259,1.26,1.58,14.4,16.3,16,50
22604140070,富士富士宮線,富士宮停車場線,富士富士宮由比線,22207,0,0.4,富士宮市前田町71,10254,富士宮市前田町71,9005,19259,1.26,1.58,12.3,14.4,16,50
22604140060,富士富士宮線,富士富士宮由比線,富士宮芝川線,22207,0,0.5,富士宮市前田町71,10254,富士宮市前田町71,9005,19259,1.26,1.58,20.2,12.7,16,50
22604140050,富士富士宮線,富士宮芝川線,一般国道４６９号,22207,0,6,富士宮市北山5181-18,5365,富士宮市北山5181-18,4920,10285,1.33,0.94,22.3,20.1,12.15,50
22604140040,富士富士宮線,一般国道４６９号,清水富士宮線,22207,0,3.3,富士宮市北山3312,4957,富士宮市北山3312,4462,9419,1.33,0.87,41.7,41.3,12.15,50
22604140020,富士富士宮線,白糸富士宮線,富士宮鳴沢線,22207,0,1.7,,726,,682,1408,1.18,0.5,28.3,19.2,6.1,50
22604140010,富士富士宮線,一般国道１３９号,白糸富士宮線,22207,0,9.1,,343,,342,685,1.19,0.18,44.9,41.5,6.1,50
22604150010,日坂沢田線,一般国道１号（日坂ＢＰ）,一般国道１号（日坂ＢＰ）,22213,0,2.3,掛川市八坂632-3,3334,掛川市八坂632-3,3577,6911,1.26,0.79,40.1,34.2,15.1,50
22300011540,日坂沢田線,一般国道１号（日坂ＢＰ）,菊川停車場伊達方線,22213,0,0.3,掛川市成滝411-1,5508,掛川市成滝411-1,5915,11423,1.23,0.82,14.1,26.1,16.3,50
22300011550,日坂沢田線,菊川停車場伊達方線,方の橋薗ケ谷線,22213,0,2.1,掛川市成滝411-1,5508,掛川市成滝411-1,5915,11423,1.23,0.87,42.1,34.2,14.95,50
22300011560,日坂沢田線,方の橋薗ケ谷線,掛川川根線,22213,0,3.5,掛川市成滝411-1,5508,掛川市成滝411-1,5915,11423,1.23,0.95,24.3,25.3,20.9,50
22300011570,日坂沢田線,掛川川根線,掛川浜岡線,22213,0,1.1,掛川市二瀬川4-21,8500,掛川市二瀬川4-21,8959,17459,1.24,1.25,22.3,24,10.5,50
22300011580,日坂沢田線,掛川浜岡線,掛川袋井線,22213,0,0.6,掛川市二瀬川4-21,8500,掛川市二瀬川4-21,8959,17459,1.24,1.12,24.7,17.9,10.55,40
22300011590,日坂沢田線,掛川袋井線,掛川天竜線,22213,0,0.3,掛川市二瀬川4-21,8500,掛川市二瀬川4-21,8959,17459,1.24,1.13,25.3,18.2,11.8,50
22300011600,日坂沢田線,掛川天竜線,一般国道１号（掛川ＢＰ）,22213,0,1.4,掛川市二瀬川4-21,8500,掛川市二瀬川4-21,8959,17459,1.24,1.01,17.2,32.9,13.8,50
22604160010,静岡焼津線,一般国道１５０号,用宗停車場丸子線,22102,0,1,静岡市駿河区広野三丁目,4833,静岡市駿河区広野三丁目,4756,9589,1.24,0.83,17.9,24,16.2,40
22604160030,静岡焼津線,用宗停車場丸子線,静岡市道,22102,0,1.5,静岡市駿河区用宗四丁目,2067,静岡市駿河区用宗四丁目,1623,3690,1.24,0.52,38.4,38,8.4,40
22604160040,静岡焼津線,静岡市道,,22102,0,1.8,静岡市駿河区石部47-24,1493,静岡市駿河区石部47-24,1143,2636,1.24,0.33,38.3,38.3,6.5,30
22604160050,静岡焼津線,,焼津榛原線,22212,0,4.5,焼津市浜当目１丁目490-5,1406,焼津市浜当目１丁目490-5,1228,2634,1.17,0.43,34.9,33.7,15,40
22604160060,静岡焼津線,焼津榛原線,焼津藤枝線,22212,0,0.2,焼津市浜当目１丁目490-5,1406,焼津市浜当目１丁目490-5,1228,2634,1.17,0.43,26,19.9,15,40
22604160070,静岡焼津線,焼津藤枝線,上青島焼津線,22212,0,0.4,焼津市浜当目１丁目490-5,1406,焼津市浜当目１丁目490-5,1228,2634,1.17,0.43,21.4,19.3,15,40
22604160080,静岡焼津線,上青島焼津線,一般国道１５０号,22212,0,4.7,焼津市焼津5丁目635-6,6650,焼津市焼津5丁目635-6,7072,13722,1.29,1.04,22.3,22.7,16,50
22300011750,新居浜名線,一般国道３０１号,一般国道１号,22221,0,3.5,湖西市新居町浜名字道下2299-1,3574,湖西市新居町浜名字道下2299-1,3859,7433,1.31,0.82,32.2,25.7,13.75,50
22301380030,須走御殿場線,一般国道１３８号,一般国道１３８号,22344,0,0.6,駿東郡小山町須走字西沢645,2005,駿東郡小山町須走字西沢645,1430,3435,1.26,0.04,62.6,51.2,36.4,60
22301380040,須走御殿場線,足柄停車場富士公園線,足柄停車場富士公園線,22344,0,1.3,駿東郡小山町須走字西沢645,2005,駿東郡小山町須走字西沢645,1430,3435,1.26,0.04,37.2,31.6,36.4,60
22301380050,須走御殿場線,足柄停車場富士公園線,小山町・御殿場市境,22344,0,1,御殿場市柴怒田字シシケ橋526-1,1536,御殿場市柴怒田字シシケ橋526-1,1584,3120,1.26,0.05,35.7,44.6,36.4,60
22301380055,須走御殿場線,小山町・御殿場市境,一般国道１３８号,22215,0,0.8,御殿場市柴怒田字シシケ橋526-1,1536,御殿場市柴怒田字シシケ橋526-1,1584,3120,1.26,0.54,47.1,48.1,10.5,50
22301380060,須走御殿場線,一般国道１３８号,一般国道４６９号,22215,0,2.3,御殿場市柴怒田字シシケ橋526-1,1536,御殿場市柴怒田字シシケ橋526-1,1584,3120,1.26,0.54,45.6,49.1,10.5,50
22301380065,須走御殿場線,一般国道４６９号,仁杉柴怒田線,22215,0,0.3,御殿場市柴怒田字シシケ橋526-1,1536,御殿場市柴怒田字シシケ橋526-1,1584,3120,1.26,0.54,31.3,25.3,10.5,50
22301380070,須走御殿場線,仁杉柴怒田線,一般国道１３８号,22215,0,0.3,御殿場市中畑,42,御殿場市中畑,55,97,1.24,0.02,23.7,30.4,10.5,50
22609510010,伊豆スカイライン,熱海函南線,函南町・熱海市境,22325,1,1.3,函南町畑字玄嶽526-358地先,581,函南町畑字玄嶽526-358地先,449,1030,1.18,0.12,44.1,47,7.5,60
22609510020,伊豆スカイライン,函南町・熱海市境,熱海市・函南町境,22205,1,0.3,函南町畑字玄嶽526-358地先,581,函南町畑字玄嶽526-358地先,449,1030,1.18,0.12,61.4,62.5,7.5,60
22609510030,伊豆スカイライン,熱海市・函南町境,函南町・熱海市境,22325,1,1.2,函南町畑字玄嶽526-358地先,581,函南町畑字玄嶽526-358地先,449,1030,1.18,0.12,58.2,60,7.5,60
22609510040,伊豆スカイライン,函南町・熱海市境,熱海市・函南町境,22205,1,1.8,函南町畑字玄嶽526-358地先,581,函南町畑字玄嶽526-358地先,449,1030,1.18,0.12,54.2,55,7.5,60
22609510050,伊豆スカイライン,熱海市・函南町境,函南町・伊豆の国市境,22325,1,2.4,函南町畑字玄嶽526-358地先,581,函南町畑字玄嶽526-358地先,449,1030,1.18,0.12,51.7,53.2,7.4,50
22609510060,伊豆スカイライン,函南町・伊豆の国市境,伊豆の国市・熱海市境,22225,1,4.1,函南町畑字玄嶽526-358地先,581,函南町畑字玄嶽526-358地先,449,1030,1.18,0.12,51.2,54.7,7.4,50
22609510070,伊豆スカイライン,伊豆の国市・熱海市境,熱海市・伊豆の国市境,22205,1,0.3,函南町畑字玄嶽526-358地先,581,函南町畑字玄嶽526-358地先,449,1030,1.18,0.12,58.9,61.8,7.4,50
22609510080,伊豆スカイライン,熱海市・伊豆の国市境,熱海大仁線,22225,1,1.2,函南町畑字玄嶽526-358地先,581,函南町畑字玄嶽526-358地先,449,1030,1.18,0.12,50.7,55.8,7.4,50
22609510090,伊豆スカイライン,熱海大仁線,伊豆の国市・熱海市境,22225,1,1.5,函南町畑字玄嶽526-358地先,581,函南町畑字玄嶽526-358地先,449,1030,1.18,0.12,50.4,51.2,7.4,50
22609510100,伊豆スカイライン,伊豆の国市・熱海市境,熱海市・伊豆の国市境,22205,1,0.9,函南町畑字玄嶽526-358地先,581,函南町畑字玄嶽526-358地先,449,1030,1.18,0.12,56.3,56.9,7.4,50
22609510110,伊豆スカイライン,熱海市・伊豆の国市境,伊豆の国市・伊東市境,22225,1,0.8,函南町畑字玄嶽526-358地先,581,函南町畑字玄嶽526-358地先,449,1030,1.18,0.12,55.1,64.4,7.4,50
22609510120,伊豆スカイライン,伊豆の国市・伊東市境,伊東市・伊豆の国市境,22208,1,0.5,函南町畑字玄嶽526-358地先,581,函南町畑字玄嶽526-358地先,449,1030,1.18,0.12,56.6,63.6,7.4,50
22609510130,伊豆スカイライン,伊東市・伊豆の国市境,伊東大仁線,22225,1,0.2,函南町畑字玄嶽526-358地先,581,函南町畑字玄嶽526-358地先,449,1030,1.18,0.11,46.4,35.1,14.7,60
22609510140,伊豆スカイライン,伊東大仁線,伊豆の国市・伊豆市境,22225,1,1.7,函南町畑字玄嶽526-358地先,581,函南町畑字玄嶽526-358地先,449,1030,1.18,0.12,53.2,56,7,60
22609510150,伊豆スカイライン,伊豆の国市・伊豆市境,伊東修善寺線,22222,1,12.9,函南町畑字玄嶽526-358地先,581,函南町畑字玄嶽526-358地先,449,1030,1.18,0.12,48,55.4,7,60
22609510160,伊豆スカイライン,伊東修善寺線,遠笠山富戸線,22222,1,9.5,伊東市宇佐美字南野3216-6地先,232,伊東市宇佐美字南野3216-6地先,218,450,1.18,0.04,51.7,54.1,8,60
22609530010,箱根スカイライン,仙石原新田線,裾野市・御殿場市境,22220,1,0.7,御殿場市神山丸嶽落合1920-9,198,御殿場市神山丸嶽落合1920-9,126,324,1.14,0.04,47,42.9,7.5,40
22609530020,箱根スカイライン,裾野市・御殿場市境,御殿場箱根線,22215,1,4.3,御殿場市神山丸嶽落合1920-9,198,御殿場市神山丸嶽落合1920-9,126,324,1.14,0.04,39.1,35.6,7.5,40
22700050010,西島高松線,静岡下島線,高松日出線,22102,0,1.1,静岡市駿河区敷地一丁目,4136,静岡市駿河区敷地一丁目,5535,9671,1.27,0.36,25.6,25.1,30,50
22700050020,西島高松線,高松日出線,大谷改良区７号線,22102,0,0.1,静岡市駿河区高松一丁目,1853,静岡市駿河区高松一丁目,2023,3876,1.27,0.18,17.9,24,30,50
22700140010,駒形井宮線,一般国道３６２号,平和町伝馬町新田１号線,22101,0,1.1,静岡市葵区北番町,6984,静岡市葵区北番町,8215,15199,1.31,0.86,17.9,15.7,22,50
22700140020,駒形井宮線,平和町伝馬町新田１号線,井川湖御幸線,22101,0,0.4,静岡市葵区北番町,6984,静岡市葵区北番町,8215,15199,1.31,0.72,14.8,16.2,22,50
22700160010,西門町新富町線,一般国道１号,藤枝静岡線,22101,0,0.7,静岡市葵区川辺町二丁目,5013,静岡市葵区川辺町二丁目,3865,8878,1.26,0.62,15.6,17.1,25,40
22700160020,西門町新富町線,藤枝静岡線,静岡環状線,22101,0,0.8,静岡市葵区川辺町二丁目,5013,静岡市葵区川辺町二丁目,3865,8878,1.26,0.51,20.6,18.7,20,40
22700180010,麻機街道線,静岡環状線,一般国道１号（静清ＢＰ）,22101,0,2.5,静岡市葵区大岩町1-41,8251,静岡市葵区大岩町1-41,7653,15904,1.34,0.59,26.4,29.1,20,50
22700180020,麻機街道線,一般国道１号（静清ＢＰ）,,22101,0,0.3,静岡市葵区大岩町1-41,8251,静岡市葵区大岩町1-41,7653,15904,1.34,0.75,17.6,15.8,20,40
22700270010,丸子池田線,一般国道１号,藤枝静岡線,22102,0,0.2,静岡市駿河区丸子六丁目,3467,静岡市駿河区丸子六丁目,3840,7307,1.26,0.78,5.6,19.2,17,40
22700270030,丸子池田線,藤枝静岡線,用宗停車場丸子線,22102,0,0.3,静岡市駿河区鎌田,8198,静岡市駿河区鎌田,7451,15649,1.31,1.27,18.3,11.9,16,40
22700270040,丸子池田線,用宗停車場丸子線,丸子新田広野３丁目線,22102,0,1.1,静岡市駿河区鎌田,8521,静岡市駿河区鎌田,8371,16892,1.34,1.3,14.4,13.6,16,40
22700270050,丸子池田線,丸子新田広野３丁目線,中島南安倍線,22102,0,1.2,静岡市駿河区緑が丘町,14737,静岡市駿河区緑が丘町,13221,27958,1.28,1.11,26.2,17,21.5,50
22700270060,丸子池田線,中島南安倍線,宝台院下島線,22102,0,1.3,静岡市駿河区馬渕四丁目,12966,静岡市駿河区馬渕四丁目,13033,25999,1.39,0.8,15.9,22.6,25,50
22700270070,丸子池田線,宝台院下島線,静岡下島線,22102,0,0.3,静岡市駿河区馬渕四丁目,12966,静岡市駿河区馬渕四丁目,13033,25999,1.39,0.8,16.3,13.8,25,50
22700270080,丸子池田線,静岡下島線,高松日出線,22102,0,0.7,静岡市駿河区八幡五丁目,9261,静岡市駿河区八幡五丁目,8808,18069,1.34,0.64,18,22.4,25,50
22700270090,丸子池田線,高松日出線,東町豊田線,22102,0,0.3,静岡市駿河区八幡五丁目,9261,静岡市駿河区八幡五丁目,8808,18069,1.34,0.64,25.2,14,25,50
22700270100,丸子池田線,東町豊田線,,22102,0,1,静岡市駿河区八幡五丁目,9261,静岡市駿河区八幡五丁目,8808,18069,1.34,1.29,17.5,12.7,16.5,40
22700280010,中野小鹿線,中島南安倍線,宝台院下島線,22102,0,1.2,静岡市駿河区石田三丁目,14773,静岡市駿河区石田三丁目,16044,30817,1.4,0.85,19.5,23.6,20,50
22700280020,中野小鹿線,宝台院下島線,静岡下島線,22102,0,0.4,静岡市駿河区石田三丁目,14773,静岡市駿河区石田三丁目,16044,30817,1.4,0.85,21.6,15.5,20,50
22700280030,中野小鹿線,静岡下島線,高松日出線,22102,0,0.8,静岡市駿河区石田三丁目,14773,静岡市駿河区石田三丁目,16044,30817,1.4,0.85,21.2,21.6,20,50
22700280050,中野小鹿線,高松日出線,山脇大谷線,22102,0,1.6,静岡市駿河区小鹿,12010,静岡市駿河区小鹿,10691,22701,1.37,0.79,24.7,21.6,20,50
22700310010,東町豊田線,一般国道１号,静岡草薙清水線,22101,0,0.4,静岡市駿河区小黒三丁目,9727,静岡市駿河区小黒三丁目,9789,19516,1.36,0.9,14,17.6,21.9,50
22700310020,東町豊田線,静岡草薙清水線,丸子池田線,22102,0,0.5,静岡市駿河区小黒三丁目,9727,静岡市駿河区小黒三丁目,9789,19516,1.36,0.66,13.8,18.4,21.8,50
22700310030,東町豊田線,丸子池田線,高松日出線,22102,0,0.8,静岡市駿河区小黒三丁目,9727,静岡市駿河区小黒三丁目,9789,19516,1.36,0.85,18.6,30,21.8,50
22700330010,静岡下島線,,静岡環状線,22102,0,0.5,静岡市駿河区大坪町,10712,静岡市駿河区大坪町,9686,20398,1.35,0.88,14.1,12.8,22,40
22700330020,静岡下島線,静岡環状線,丸子池田線,22102,0,0.5,静岡市駿河区大坪町,10712,静岡市駿河区大坪町,9686,20398,1.35,0.88,15.9,18.9,22,40
22700330030,静岡下島線,丸子池田線,中野小鹿線,22102,0,0.7,静岡市駿河区大坪町,10712,静岡市駿河区大坪町,9686,20398,1.35,0.88,21.2,18.5,22,40
22700330040,静岡下島線,中野小鹿線,西島高松線,22102,0,1.4,静岡市駿河区石田二丁目,9896,静岡市駿河区石田二丁目,9224,19120,1.35,0.6,15.7,25.6,22,50
22700330050,静岡下島線,西島高松線,静岡市道,22102,0,0.5,静岡市駿河区石田二丁目,9896,静岡市駿河区石田二丁目,9224,19120,1.35,0.83,21.3,17.8,20.1,50
22301500660,静岡下島線,静岡市道,一般国道１５０号,22102,0,0.2,静岡市駿河区石田二丁目,9896,静岡市駿河区石田二丁目,9224,19120,1.35,0.96,11.4,9.9,20,50
22700340010,宝台院下島線,一般国道１号,静岡市葵区・静岡市駿河区境,22101,0,0.2,静岡市駿河区中田1丁目14-14,10003,静岡市駿河区中田1丁目14-14,9348,19351,1.35,0.99,6.9,15,20,50
22700340020,宝台院下島線,静岡市葵区・静岡市駿河区境,静岡環状線,22102,0,0.4,静岡市駿河区中田1丁目14-14,10003,静岡市駿河区中田1丁目14-14,9348,19351,1.35,0.92,13.1,16.1,20,50
22700340030,宝台院下島線,静岡環状線,丸子池田線,22102,0,0.5,静岡市駿河区中田1丁目14-14,10003,静岡市駿河区中田1丁目14-14,9348,19351,1.35,0.92,18.4,18.1,20,50
22700340040,宝台院下島線,丸子池田線,中野小鹿線,22102,0,0.7,静岡市駿河区中田1丁目14-14,10003,静岡市駿河区中田1丁目14-14,9348,19351,1.35,0.92,22.3,20.7,20,50
22700510010,一里山長崎２号線,一般国道１号（静清ＢＰ）,一般国道１号,22103,0,0.9,静岡市清水区七ツ新屋,9703,静岡市清水区七ツ新屋,8158,17861,1.36,0.84,19.9,15.9,24,50
22700540040,辻町北脇３号線,清水停車場線,,22103,0,0.5,静岡市清水区八坂南町,2498,静岡市清水区八坂南町,613,3111,1.26,0.35,15.7,12.4,18,40
22700540010,辻町北脇３号線,,静岡清水線,22103,0,0.3,静岡市清水区八坂南町,2498,静岡市清水区八坂南町,613,3111,1.26,0.37,15.7,12.4,18,40
22700540020,辻町北脇３号線,静岡清水線,日の出町押切線,22103,0,1.1,静岡市清水区八坂南町,2498,静岡市清水区八坂南町,613,3111,1.26,0.36,15.4,18.6,16,40
22700550090,日の出町押切線,静岡草薙清水線,駒越富士見線,22103,0,1.6,静岡市清水区大沢町,6800,静岡市清水区大沢町,6194,12994,1.29,1.13,19.2,18,15,40
22700550070,日の出町押切線,,静岡草薙清水線,22103,0,0.3,静岡市清水区追分四丁目,6768,静岡市清水区追分四丁目,7316,14084,1.29,1.15,7.5,14,17,40
22700550010,日の出町押切線,一般国道１号,,22103,0,0.5,静岡市清水区追分四丁目,6768,静岡市清水区追分四丁目,7316,14084,1.29,1.26,10.7,17,16,40
22700550020,日の出町押切線,辻町北脇３号線,一般国道１号,22103,0,0.1,静岡市清水区北脇,4313,静岡市清水区北脇,4799,9112,1.27,0.35,15.2,6,17,40
22700550030,日の出町押切線,,辻町北脇３号線,22103,0,0.1,静岡市清水区北脇,4313,静岡市清水区北脇,4799,9112,1.27,0.35,2.8,5.3,17,40
22700550050,能島押切線,一般国道１号（静清ＢＰ）,静岡清水線,22103,0,0.3,静岡市清水区押切846,3195,静岡市清水区押切846,2879,6074,1.26,0.64,19.3,9.6,16,40
22700860010,平和町伝馬町新田１号線,駒形井宮線,辰起町伝馬町新田提線,22101,0,0.5,静岡市葵区平和1丁目5-16　交差点,8074,静岡市葵区平和1丁目5-16　交差点,8071,16145,1.33,0.61,12.1,28.3,22,50
22700870010,辰起町伝馬町新田提線,平和町伝馬町新田１号線,一般国道１号（静清ＢＰ）,22101,0,0.2,静岡市葵区平和二丁目,8885,静岡市葵区平和二丁目,8912,17797,1.33,1.02,22.1,15.9,22,50
22700880010,手越向敷地１号線,藤枝静岡線,奈良間手越線,22102,0,0.9,静岡市駿河区向敷地,7001,静岡市駿河区向敷地,6584,13585,1.3,1.13,15.6,31.7,122,40
22700970010,千代田麻機線,静岡清水線,竜南１号線,22101,0,1,静岡市葵区北安東五丁目,6181,静岡市葵区北安東五丁目,6215,12396,1.28,1.13,13.9,17.8,12,40
22700970020,千代田麻機線,竜南１号線,一般国道１号（静清ＢＰ）,22101,0,1,静岡市葵区北安東五丁目,6181,静岡市葵区北安東五丁目,6215,12396,1.28,1.13,14.9,11.7,12,40
22700970030,千代田麻機線,一般国道１号（静清ＢＰ）,,22101,0,0.5,静岡市葵区北安東五丁目,6181,静岡市葵区北安東五丁目,6215,12396,1.28,0.65,13.4,15.2,25,40
22700980010,竜南１号線,千代田麻機線,山脇大谷線,22101,0,1.1,静岡市葵区川合三丁目,4806,静岡市葵区川合三丁目,4686,9492,1.29,0.76,17.9,16.7,12.9,40
22700980020,竜南１号線,山脇大谷線,一般国道１号（静清ＢＰ）,22101,0,0.6,静岡市葵区川合三丁目,4806,静岡市葵区川合三丁目,4686,9492,1.29,0.76,11.2,13.2,12.9,40
22700980030,竜南１号線,一般国道１号（静清ＢＰ）,,22101,0,0.2,静岡市葵区川合三丁目,4806,静岡市葵区川合三丁目,4686,9492,1.29,0.38,6.1,8.6,22,40
22701000010,庵原町５８号線,,清水富士宮線,22103,0,0.2,静岡市清水区庵原町,1270,静岡市清水区庵原町,1851,3121,1.22,0.26,21.4,20.6,18.5,40
22701010010,池田日本平線,,静岡市駿河区・静岡市清水区境,22102,0,6.5,静岡市駿河区池田1770,1149,静岡市駿河区池田1770,1516,2665,1.17,0.44,46.9,48,7,40
22701010020,池田日本平線,静岡市駿河区・静岡市清水区境,旧道日本平線,22103,0,0.8,静岡市駿河区池田1770,1149,静岡市駿河区池田1770,1516,2665,1.17,0.41,37.6,41,8,40
22701020010,丸子新田広野３丁目線,一般国道１号,丸子池田線,22102,0,1,静岡市駿河区広野三丁目,4944,静岡市駿河区広野三丁目,5567,10511,1.35,0.81,16.3,15.5,16,40
22701020020,丸子新田広野３丁目線,丸子池田線,一般国道１５０号,22102,0,1.8,静岡市駿河区広野三丁目,4944,静岡市駿河区広野三丁目,5567,10511,1.35,0.81,15.7,18,18,40
22701030010,清水日本平線,駒越富士見線,旧道日本平線,22103,0,4,静岡市清水区村松,632,静岡市清水区村松,677,1309,1.18,0.18,31.3,42.5,7.2,40
22701050010,旧道日本平線,清水日本平線,池田日本平線,22103,0,0.2,静岡市清水区村松,625,静岡市清水区村松,680,1305,1.18,0.24,20.3,16.9,8.9,40
22701100010,三ヶ日大崎２号線,瀬戸佐久米線,,22135,0,0.3,浜松市北区三ヶ日町大崎1530-1,328,浜松市北区三ヶ日町大崎1530-1,351,679,1.18,0.09,33.9,43.9,11.6,60
22701100020,三ヶ日大崎神田口号線,,瀬戸佐久米線,22135,0,0.5,浜松市北区三ヶ日町大崎438-2,326,浜松市北区三ヶ日町大崎438-2,358,684,1.19,0.07,33.5,39.6,8.5,60
22301520010,浜松市道,,一般国道１５２号,22137,0,3.7,,,,,,,,,,4.5,30
22702010010,山切１５号線,庵原町杉山２号線,清水富士宮線,22103,0,0.6,静岡市清水区山切,910,静岡市清水区山切,771,1681,1.2,0.23,23.4,26.3,9,30
22702020010,庵原町杉山２号線,清水富士宮線,山切１５号線,22103,0,1.1,静岡市清水区庵原町,1173,静岡市清水区庵原町,1165,2338,1.2,0.34,42.4,40.4,11,50
22703010010,東静岡南北線,一般国道１号,静岡市葵区・静岡市駿河区境,22101,0,0.3,静岡市駿河区曲金六丁目,6172,静岡市駿河区曲金六丁目,5096,11268,1.28,0.58,10.1,30.1,19.4,50
22703010020,東静岡南北線,静岡市葵区・静岡市駿河区境,静岡草薙清水線,22102,0,0.3,静岡市駿河区曲金六丁目,6172,静岡市駿河区曲金六丁目,5096,11268,1.28,0.48,27,14.2,30.1,50
22709010010,静岡ＳＡスマートアクセス道路,静岡朝比奈藤枝線,新東名高速道路,22101,0,0.6,静岡市葵区小瀬戸,955,静岡市葵区小瀬戸,804,1759,1.19,0.24,37.6,41.7,7.7,40
22709010020,静岡ＳＡスマートアクセス道路,新東名高速道路,新東名高速道路,22101,0,1.9,静岡市葵区小瀬戸,955,静岡市葵区小瀬戸,804,1759,1.19,0.24,42.2,43.3,7.7,40
22709030010,竜禅寺雄踏線,一般国道２５７号,曳馬中田島線,22131,0,0.7,浜松市中区海老塚町2丁目113-17,7805,浜松市中区海老塚町2丁目113-17,6913,14718,1.29,0.71,9.7,10,25,50
22709920030,大谷改良区７号線,西島高松線,宮川４号線,22102,0,0.5,静岡市駿河区宮川,6517,静岡市駿河区宮川,6120,12637,1.28,1.29,,,12.4,40
22709920040,大谷改良区７号線,宮川４号線,,22102,0,0.2,静岡市駿河区宮川,6517,静岡市駿河区宮川,6120,12637,1.28,1.29,,,12.4,40
22709950010,大谷改良区１０号線,大谷改良区７号線,山脇大谷線,22102,0,0.1,静岡市駿河区宮川,6476,静岡市駿河区宮川,5896,12372,1.28,0.79,8.7,8.3,30,40
22710000010,宮川４号線,大谷改良区７号線,東名高速道路,22102,0,0.1,静岡市駿河区宮川,5986,静岡市駿河区宮川,5741,11727,1.28,0.83,,,19,40
22711200010,草薙３２号線,一般国道１号,,22103,0,0.2,静岡市清水区草薙,1508,静岡市清水区草薙,1418,2926,1.23,0.48,8.3,15.6,14,40
22730010010,中野町三方原線,一般国道１５２号,小池三島線,22132,0,1.4,浜松市中区新津町955-1,17743,浜松市中区新津町955-1,18207,35950,1.42,1.21,16.8,18.8,25,50
22730010020,中野町三方原線,浜松市東区・浜松市中区境,曳馬中田島線,22131,0,1.2,浜松市中区新津町955-1,17743,浜松市中区新津町955-1,18207,35950,1.42,0.93,16.8,18.8,24,50
22730010030,中野町三方原線,曳馬中田島線,一般国道１５２号,22131,0,0.7,浜松市中区新津町955-1,17743,浜松市中区新津町955-1,18207,35950,1.42,0.93,16.8,18.8,24,50
22730010040,中野町三方原線,一般国道１５２号,和地山曳馬停車場線,22131,0,1.4,浜松市中区住吉2丁目753-16,16843,浜松市中区住吉2丁目753-16,16966,33809,1.4,0.84,15.2,15.2,24,50
22730010050,中野町三方原線,和地山曳馬停車場線,一般国道２５７号,22131,0,1.7,浜松市中区住吉2丁目753-16,16843,浜松市中区住吉2丁目753-16,16966,33809,1.4,0.84,15.2,15.2,24,50
22730020010,東三方都田線,一般国道２５７号,細江浜北線,22135,0,2.6,浜松市北区豊岡町300-1,10569,浜松市北区豊岡町300-1,10884,21453,1.34,0.89,24.2,33.5,38.5,60
22730020020,東三方都田線,細江浜北線,一般国道３６２号,22135,0,2.8,浜松市北区豊岡町300-1,10569,浜松市北区豊岡町300-1,10884,21453,1.34,0.89,24.2,33.5,38.5,60
22730030010,上島柏原線,舘山寺鹿谷線,浜松市中区・浜松市西区境,22131,0,0.8,浜松市西区大平台2丁目116-5,8705,浜松市西区大平台2丁目116-5,8530,17235,1.32,0.69,25,25.4,25,50
22730030020,上島柏原線,浜松市中区・浜松市西区境,宇布見浜松線,22133,0,0.3,浜松市西区大平台2丁目116-5,8705,浜松市西区大平台2丁目116-5,8530,17235,1.32,0.65,25,25.4,25,50
22730030030,上島柏原線,宇布見浜松線,浜松雄踏線,22133,0,3.1,浜松市西区大平台2丁目116-5,8705,浜松市西区大平台2丁目116-5,8530,17235,1.32,0.65,25,25.4,25,50
22730030040,上島柏原線,浜松雄踏線,浜松市西区・浜松市南区境,22133,0,0.3,浜松市南区高塚町1610-1,9668,浜松市南区高塚町1610-1,9688,19356,1.35,0.8,25,25.4,25,50
22730030045,上島柏原線,浜松市西区・浜松市南区境,高塚１０１号線,22134,0,0.2,浜松市南区高塚町1610-1,9668,浜松市南区高塚町1610-1,9688,19356,1.35,0.79,25,25.4,25,50
22730030050,上島柏原線,高塚１０１号線,一般国道２５７号,22134,0,0.5,浜松市南区高塚町1610-1,9668,浜松市南区高塚町1610-1,9688,19356,1.35,0.79,25.7,12.3,25,50
22730030060,上島柏原線,一般国道２５７号,舞阪竜洋線,22134,0,0.5,浜松市南区高塚町1610-1,9668,浜松市南区高塚町1610-1,9688,19356,1.35,0.79,18.7,21.9,25,50
22730030070,上島柏原線,舞阪竜洋線,一般国道１号（浜松ＢＰ）,22133,0,0.5,浜松市南区高塚町1610-1,9668,浜松市南区高塚町1610-1,9688,19356,1.35,0.86,36,10.3,25.5,50
22730040010,中郡福塚線,一般国道１５２号,浜松市東区・浜松市南区境,22132,0,0.7,浜松市東区植松町,4667,浜松市東区植松町,4342,9009,1.28,0.34,18,14.6,30,50
22730040020,中郡福塚線,浜松市東区・浜松市南区境,浜松市南区・浜松市中区境,22134,0,0.1,浜松市東区植松町,4667,浜松市東区植松町,4342,9009,1.28,0.31,18,14.6,30,50
22730040030,中郡福塚線,浜松市南区・浜松市中区境,浜松市中区・浜松市南区境,22131,0,0.5,浜松市東区植松町,4667,浜松市東区植松町,4342,9009,1.28,0.33,18,14.6,30,50
22730040040,中郡福塚線,浜松市中区・浜松市南区境,一般国道１５０号,22134,0,0.1,浜松市東区植松町,4667,浜松市東区植松町,4342,9009,1.28,0.36,18,14.6,30,50
22730040050,中郡福塚線,一般国道１５０号,舞阪竜洋線,22134,0,2,浜松市南区参野町70-1,11539,浜松市南区参野町70-1,11019,22558,1.36,0.84,27.8,23,30,50
22730040060,中郡福塚線,舞阪竜洋線,一般国道１号（浜松ＢＰ）,22134,0,0.9,浜松市南区参野町70-1,11539,浜松市南区参野町70-1,11019,22558,1.36,0.84,27.8,23,30,50
22730050010,植松和地線,一般国道１５２号,浜松市東区・浜松市中区境,22132,0,1,浜松市中区佐藤町2丁目393-1,12588,浜松市中区佐藤町2丁目393-1,11201,23789,1.36,0.67,26.7,27.6,22,50
22730050015,植松和地線,浜松市東区・浜松市中区境,小池三島線,22131,0,0.3,浜松市中区佐藤町2丁目393-1,12588,浜松市中区佐藤町2丁目393-1,11201,23789,1.36,0.92,26.7,27.6,25,50
22730050020,植松和地線,小池三島線,曳馬中田島線,22131,0,1.3,浜松市中区佐藤町2丁目393-1,12588,浜松市中区佐藤町2丁目393-1,11201,23789,1.36,0.92,26.7,27.6,25,50
22730050030,植松和地線,曳馬中田島線,一般国道１５２号,22131,0,0.6,浜松市中区佐藤町2丁目393-1,12588,浜松市中区佐藤町2丁目393-1,11201,23789,1.36,0.92,26.7,27.6,25,50
22730050040,植松和地線,一般国道１５２号,布橋２号線,22131,0,0.7,浜松市中区佐藤町2丁目393-1,12588,浜松市中区佐藤町2丁目393-1,11201,23789,1.36,0.92,26.7,27.6,25,50
22730060010,布橋２号線,植松和地線,一般国道２５７号,22131,0,0.4,浜松市中区布橋1丁目641-36,7379,浜松市中区布橋1丁目641-36,8540,15919,1.31,0.55,11.3,13.9,25,40
22730070005,（足）植松和地線,舘山寺鹿谷線,泉倉松線,22131,0,0.5,浜松市中区広沢1丁目5-1,9930,浜松市中区広沢1丁目5-1,11187,21117,1.37,0.85,26.7,27.6,22,50
22730070010,（足）植松和地線,泉倉松線,舘山寺鹿谷線,22131,0,1.2,浜松市中区広沢1丁目5-1,9930,浜松市中区広沢1丁目5-1,11187,21117,1.37,0.85,26.7,27.6,22,50
22730080070,曳馬中田島線,和地山曳馬停車場線,中野町三方原線,22131,0,1.6,浜松市中区曳馬1丁目738-1,10081,浜松市中区曳馬1丁目738-1,11349,21430,1.35,0.7,36.7,39,30,50
22813080010,曳馬中田島線,中野町三方原線,植松和地線,22131,0,0.6,浜松市中区八幡町139-4,11644,浜松市中区八幡町139-4,10985,22629,1.34,1.03,5.5,6.6,30,50
22730080050,曳馬中田島線,植松和地線,一般国道１５２号,22131,0,0.6,浜松市中区中央町1丁目112-7,15226,浜松市中区中央町1丁目112-7,14849,30075,1.39,1.18,16.7,14.7,30,50
22730080005,曳馬中田島線,一般国道１５２号,竜禅寺雄踏線,22131,0,1,浜松市南区三島町149-3,6578,浜松市南区三島町149-3,7097,13675,1.29,0.3,18.6,14.5,36.8,50
22730080010,曳馬中田島線,竜禅寺雄踏線,浜松市中区・浜松市南区境,22131,0,0.6,浜松市南区三島町149-3,6578,浜松市南区三島町149-3,7097,13675,1.29,0.3,18.6,14.5,36.8,50
22730080020,曳馬中田島線,浜松市中区・浜松市南区境,舞阪竜洋線,22134,0,1.8,浜松市南区三島町149-3,6578,浜松市南区三島町149-3,7097,13675,1.29,0.51,18.6,14.5,20,50
22730080030,曳馬中田島線,舞阪竜洋線,一般国道１号（浜松ＢＰ）,22134,0,0.9,浜松市南区三島町149-3,6578,浜松市南区三島町149-3,7097,13675,1.29,0.51,18.6,14.5,20,50
22730090010,（足）有玉南初生線,一般国道１５２号,上島半田１号線,22132,0,0.8,浜松市東区有玉南町,4269,浜松市東区有玉南町,3112,7381,1.26,0.42,20.6,26.8,25,50
22730090020,（足）有玉南初生線,上島半田１号線,,22132,0,0.8,浜松市東区有玉南町,4269,浜松市東区有玉南町,3112,7381,1.26,0.42,20.6,26.8,25,50
22730100010,上島半田１号線,有玉南初生線,（足）有玉南初生線,22132,0,0.4,浜松市東区有玉台1丁目1-1,5227,浜松市東区有玉台1丁目1-1,6292,11519,1.28,0.92,20.8,26.9,9,40
22730110010,有玉南初生線,上島半田１号線,東名高速道路,22132,0,0.7,浜松市東区有玉西町777-1,2570,浜松市東区有玉西町777-1,3289,5859,1.25,0.68,20.8,26.9,12.5,40
22730120040,上島１０２号線,一般国道１５２号,磐田細江線,22131,0,0.8,浜松市中区上島6丁目2681-7,9641,浜松市中区上島6丁目2681-7,7869,17510,1.32,0.93,8.1,20.5,20,50
22730130010,上島１３４号線,一般国道１５２号,上島１０１号線,22131,0,0.5,浜松市中区上島5丁目923-1,8846,浜松市中区上島5丁目923-1,9565,18411,1.33,0.82,10.3,2.5,27,50
22730140010,上島１０１号線,上島１３４号線,小池５２号線,22131,0,0.4,浜松市中区上島4丁目767-13,9922,浜松市中区上島4丁目767-13,10001,19923,1.34,0.79,23.8,16.7,22,50
22730150010,小池５２号線,上島１０１号線,小池三島線,22132,0,0.6,浜松市中区上島4丁目767-13,9922,浜松市中区上島4丁目767-13,10001,19923,1.34,0.74,26.3,15.3,22,50
22730160010,高塚１０１号線,上島柏原線,高塚１２１号線,22134,0,0.3,浜松市南区高塚町742-1,849,浜松市南区高塚町742-1,514,1363,1.18,0.23,9.3,22.8,16,40
22730170010,高塚１２１号線,高塚１０１号線,,22134,0,0.2,浜松市南区高塚町742-1,849,浜松市南区高塚町742-1,514,1363,1.18,0.19,21.7,13,16,40
22730180010,（足）小池三島線,,小池三島線,22132,0,0.3,東区小池町１３３７?２,9573,東区小池町１３３７?２,9235,18808,1.33,0.77,20.5,37,22,50
22730190010,小池三島線,（足）小池三島線,磐田細江線,22132,0,0.3,浜松市東区小池町1337-2,9573,浜松市東区小池町1337-2,9235,18808,1.33,0.81,20.5,37,22,50
22730190020,小池三島線,磐田細江線,小池５２号線,22132,0,0.5,浜松市東区小池町1337-2,9573,浜松市東区小池町1337-2,9235,18808,1.33,0.81,20.5,37,22,50
22730190030,小池三島線,小池５２号線,,22132,0,0.7,浜松市中区細島町,14390,浜松市中区細島町,13703,28093,1.38,0.95,30.4,27.7,22,50
22730190040,小池三島線,,浜松市東区・浜松市中区境,22132,0,1.2,浜松市中区細島町,14390,浜松市中区細島町,13703,28093,1.38,0.95,30.4,27.7,22,50
22730190050,小池三島線,浜松市東区・浜松市中区境,,22131,0,0.1,浜松市中区細島町,14390,浜松市中区細島町,13703,28093,1.38,0.95,30.4,27.7,22,50
22730190060,小池三島線,,中野町三方原線,22131,0,0.6,浜松市中区細島町,14390,浜松市中区細島町,13703,28093,1.38,0.95,30.4,27.7,22,50
22730190070,小池三島線,中野町三方原線,植松和地線,22131,0,0.6,浜松市中区佐藤3丁目124-2,14950,浜松市中区佐藤3丁目124-2,13674,28624,1.38,0.85,14.9,6.8,32,50
22730190080,小池三島線,植松和地線,一般国道１５２号,22131,0,0.4,浜松市中区佐藤3丁目574-2,13515,浜松市中区佐藤3丁目574-2,13248,26763,1.37,0.87,13.4,10,32,50
22730190090,小池三島線,一般国道１５２号,一般国道１５０号,22131,0,0.5,浜松市中区向宿1丁目184-2,10491,浜松市中区向宿1丁目184-2,10620,21111,1.35,0.63,10.1,17.4,32,50
22730190100,小池三島線,一般国道１５０号,,22131,0,0.2,浜松市中区向宿1丁目184-2,10491,浜松市中区向宿1丁目184-2,10620,21111,1.35,0.63,10.1,17.4,32,50
22730200010,上島４３号線,（足）有玉高林線,和地山曳馬停車場線,22131,0,0.7,浜松市中区上島2丁目3011,10592,浜松市中区上島2丁目3011,12884,23476,1.36,0.84,25.5,30.6,30,50
22730210010,泉倉松線,（足）植松和地線,浜松市中区・浜松市西区境,22131,0,2.7,浜松市中区蜆塚4丁目22-1,7750,浜松市中区蜆塚4丁目22-1,9201,16951,1.32,0.59,25.5,29.9,20,50
22730210020,泉倉松線,浜松市中区・浜松市西区境,浜松雄踏線,22133,0,0.3,浜松市中区蜆塚4丁目22-1,7750,浜松市中区蜆塚4丁目22-1,9201,16951,1.32,0.59,25.5,29.9,20,50
22730220010,鴨江倉松線,,浜松雄踏線,22131,0,1.4,浜松市中区西伊場町62-3,9780,浜松市中区西伊場町62-3,9178,18958,1.33,1.08,28.8,29.9,20,50
22730220020,鴨江倉松線,浜松雄踏線,浜松市中区・浜松市西区境,22131,0,0.5,浜松市中区西伊場町55-1,9152,浜松市中区西伊場町55-1,8525,17677,1.32,0.94,27.7,23.9,20,50
22730220030,鴨江倉松線,浜松市中区・浜松市西区境,浜松市西区・浜松市南区境,22133,0,0.1,浜松市中区西伊場町55-1,9152,浜松市中区西伊場町55-1,8525,17677,1.32,0.94,27.7,23.9,20,50
22730220040,鴨江倉松線,浜松市西区・浜松市南区境,一般国道２５７号,22134,0,0.7,浜松市中区西伊場町55-1,9152,浜松市中区西伊場町55-1,8525,17677,1.32,0.94,27.7,23.9,20,50
22730230010,西丘深萩線,浜松環状線,,22131,0,0.3,浜松市西区桜台3丁目28-1,2372,浜松市西区桜台3丁目28-1,3420,5792,1.26,0.48,27.5,27.6,25,50
22730230020,西丘深萩線,,村櫛三方原線,22133,0,1.7,浜松市西区桜台3丁目28-1,2372,浜松市西区桜台3丁目28-1,3420,5792,1.26,0.48,27.5,27.6,25,50
22730240010,萩湖東線,一般国道２５７号,一般国道２５７号,22131,0,0.4,浜松市中区小豆餅1丁目13-16,7758,浜松市中区小豆餅1丁目13-16,9131,16889,1.32,1,6.1,6.9,23.3,50
22730240020,萩湖東線,一般国道２５７号,,22131,0,3.3,浜松市中区高丘西1丁目2-7,7777,浜松市中区高丘西1丁目2-7,6541,14318,1.29,1.24,25.7,24.2,23.3,50
22730240030,萩湖東線,,東名高速道路,22133,0,0.7,浜松市中区高丘西1丁目2-7,7777,浜松市中区高丘西1丁目2-7,6541,14318,1.29,1.24,25.7,24.2,23.3,50
22730250010,（足）有玉高林線,上島１３４号線,上島４３号線,22131,0,0.4,浜松市中区上島2丁目3011,10580,浜松市中区上島2丁目3011,12896,23476,1.36,0.92,25.5,30.6,30,50
