交通調査基本区間番号,路線名,起点側／路線名等,終点側／路線名等,市区町村コード,自動車専用道路の別,区間延長（ｋｍ）,上り／交通量観測地点地名,上り／２４時間自動車類交通量／合計（台）,下り／交通量観測地点地名,下り／２４時間自動車類交通量／合計（台）,２４時間自動車類交通量（上下合計）／合計（台）,昼夜率,混雑度,朝夕（混雑時）／上り／旅行速度／合計（ｋｍ／ｈ）,朝夕（混雑時）／下り／旅行速度／合計（ｋｍ／ｈ）,幅員構成／道路部幅員（ｍ）,指定最高速度（ｋｍ／ｈ）
30117200010,阪和自動車道,阪和自動車道,和歌山市・岩出市境,30201,1,0.2,阪南～和歌山JCT(北),14409,阪南～和歌山JCT(北),14133,28542,1.29,0.51,78.5,86.6,21,80
30117200020,阪和自動車道,和歌山市・岩出市境,岩出市・和歌山市境,30209,1,0.8,阪南～和歌山JCT(北),14409,阪南～和歌山JCT(北),14133,28542,1.29,0.51,73.8,85.7,21,80
30117200024,阪和自動車道,岩出市・和歌山市境,一般国道２４号,30201,1,1.7,阪南～和歌山JCT(北),14409,阪南～和歌山JCT(北),14133,28542,1.29,0.51,74.9,83.6,22.5,80
30117200027,阪和自動車道,一般国道２４号,一般国道２４号（京奈和自動車道）,30201,1,4,和歌山JCT(北)～和歌山JCT(南),13173,和歌山JCT(北)～和歌山JCT(南),12870,26043,1.29,0.47,84.3,86,22.5,80
30117200030,阪和自動車道,一般国道２４号（京奈和自動車道）,小豆島船所線,30201,1,3.1,和歌山JCT(南)～和歌山北,17830,和歌山JCT(南)～和歌山北,17424,35254,1.27,0.75,85.9,86.6,22.5,80
30117200040,阪和自動車道,小豆島船所線,一般国道２４号,30201,1,1.9,和歌山北～和歌山,14164,和歌山北～和歌山,13810,27974,1.26,0.52,74.4,65.6,20.5,80
30117200045,阪和自動車道,一般国道２４号,和歌山橋本線,30201,1,4.2,和歌山～和歌山南スマート,14082,和歌山～和歌山南スマート,13328,27410,1.24,0.53,83.5,87.1,22.5,80
30117200050,阪和自動車道,和歌山橋本線,和歌山市・海南市境,30201,1,3.1,和歌山南スマート～海南東,13889,和歌山南スマート～海南東,12981,26870,1.24,0.54,86.5,90.7,22.5,80
30117200060,阪和自動車道,和歌山市・海南市境,海南金屋線,30202,1,2.9,和歌山南スマート～海南東,13889,和歌山南スマート～海南東,12981,26870,1.24,0.54,87.2,86.8,22.5,80
30117200070,阪和自動車道,海南金屋線,一般国道４２号,30202,1,2.8,海南東～海南,12063,海南東～海南,11124,23187,1.24,0.47,88.8,87,22.5,80
30117200080,阪和自動車道,一般国道４２号,興加茂郷停車場線,30202,1,1.6,海南～下津,16029,海南～下津,15064,31093,1.25,0.9,81.7,79.3,17,80
30117200090,阪和自動車道,興加茂郷停車場線,海南市・有田川町境,30202,1,3,下津～有田,15503,下津～有田,14571,30074,1.25,0.85,84.3,89.7,17,80
30117200100,阪和自動車道,海南市・有田川町境,一般国道４２号,30366,1,4.1,下津～有田,15503,下津～有田,14571,30074,1.25,0.85,81.9,87.2,17,80
30117200120,阪和自動車道,一般国道４２号（湯浅御坊道路）,御坊中津線,30205,1,1.1,御坊～御坊南,4715,御坊～御坊南,4315,9030,1.2,0.29,75.7,76.5,17,70
30117200130,阪和自動車道,御坊中津線,御坊市・印南町境,30205,1,2.3,御坊南～印南,5817,御坊南～印南,5457,11274,1.2,1.08,72.9,75.3,10.5,70
30117200140,阪和自動車道,御坊市・印南町境,印南原印南線,30390,1,6.1,御坊南～印南,5817,御坊南～印南,5457,11274,1.2,1.08,81.6,76.7,10.5,70
30117200150,阪和自動車道,印南原印南線,印南町・みなべ町境,30390,1,4.9,印南～みなべ,5645,印南～みなべ,5262,10907,1.19,1.04,87.1,87,10.5,70
30117200160,阪和自動車道,印南町・みなべ町境,一般国道４２４号,30391,1,6.7,印南～みなべ,5645,印南～みなべ,5262,10907,1.19,1.04,82.9,83.9,9,70
30117200170,阪和自動車道,一般国道４２４号,みなべ町・田辺市境,30391,1,1.9,みなべ～南紀田辺,5149,みなべ～南紀田辺,4857,10006,1.18,0.96,88.2,89.6,9.5,70
30117200180,阪和自動車道,みなべ町・田辺市境,紀勢自動車道,30206,1,3.9,みなべ～南紀田辺,5149,みなべ～南紀田辺,4857,10006,1.18,0.96,72.8,73.6,9.5,70
30100720060,紀勢自動車道,一般国道４２号,日置川大塔線,30401,1,9,西牟婁郡白浜町冨田,5200,西牟婁郡白浜町冨田,5348,10548,1.2,1,72.1,76.5,10.5,70
30100720080,紀勢自動車道,日置川大塔線,白浜町・すさみ町境,30401,1,2.2,西牟婁郡すさみ町周参見,3262,西牟婁郡すさみ町周参見,3373,6635,1.21,0.75,78.1,78.6,10.5,70
30100720090,紀勢自動車道,白浜町・すさみ町境,すさみ古座線,30406,1,3.4,西牟婁郡すさみ町周参見,3262,西牟婁郡すさみ町周参見,3373,6635,1.21,0.75,78.5,76.2,10.5,70
30100720110,紀勢自動車道,すさみ古座線,上富田すさみ線,30406,1,9.8,西牟婁郡すさみ町和深川,2650,西牟婁郡すさみ町和深川,2752,5402,1.21,0.65,68.1,69.4,10.5,70
30100720010,紀勢自動車道,阪和自動車道,田辺市・上富田町境,30206,1,6.8,田辺市下万呂,4507,田辺市下万呂,4762,9269,1.19,0.86,71.3,71.5,10.5,70
30100720020,紀勢自動車道,田辺市・上富田町境,一般国道４２号,30404,1,1.2,田辺市下万呂,4507,田辺市下万呂,4762,9269,1.19,0.86,75.7,72.2,10.5,70
30100720035,紀勢自動車道,一般国道４２号,,30404,1,1.5,西牟婁郡白浜町平,5476,西牟婁郡白浜町平,5682,11158,1.2,1,70.8,78.2,10.5,70
30100720040,紀勢自動車道,,上富田町・白浜町境,30404,1,1.3,西牟婁郡白浜町平,5476,西牟婁郡白浜町平,5682,11158,1.2,1,72.3,72.9,10.5,70
30100720050,紀勢自動車道,上富田町・白浜町境,一般国道４２号,30401,1,4,西牟婁郡白浜町平,5476,西牟婁郡白浜町平,5682,11158,1.2,1,75.5,74.8,10.5,70
30300240010,一般国道２４号,一般国道２４号,隅田停車場線,30203,0,0.8,橋本市隅田町上兵庫,5400,橋本市隅田町上兵庫,4428,9828,1.22,0.76,32.7,37.8,12,50
30300240020,一般国道２４号,隅田停車場線,一般国道２４号（京奈和自動車道）,30203,0,0.1,橋本市隅田町上兵庫,5400,橋本市隅田町上兵庫,4428,9828,1.22,0.76,25.2,20,12,50
30300240030,一般国道２４号,一般国道２４号（京奈和自動車道）,山内恋野線,30203,0,0.1,橋本市隅田町上兵庫,5400,橋本市隅田町上兵庫,4428,9828,1.22,0.76,19.4,17.2,12,50
30300240040,一般国道２４号,山内恋野線,山内恋野線,30203,0,0.1,橋本市隅田町上兵庫,5400,橋本市隅田町上兵庫,4428,9828,1.22,0.76,18.6,18.3,12,50
30300240050,一般国道２４号,山内恋野線,,30203,0,1.5,橋本市隅田町上兵庫,5400,橋本市隅田町上兵庫,4428,9828,1.22,0.76,26.6,30.7,12,50
30300240060,一般国道２４号,,橋本停車場線,30203,0,2,橋本市隅田町上兵庫,5400,橋本市隅田町上兵庫,4428,9828,1.22,0.88,26.5,28.3,12,50
30300240070,一般国道２４号,橋本停車場線,一般国道３７０号,30203,0,0.2,橋本市隅田町上兵庫,5400,橋本市隅田町上兵庫,4428,9828,1.22,0.88,32.5,24.6,12,50
30300240080,一般国道２４号,一般国道３７０号,一般国道３７１号,30203,0,1,橋本市東家,6297,橋本市東家,6210,12507,1.17,1.03,19.7,15.8,12,50
30300240090,一般国道２４号,一般国道３７１号,高野橋本線,30203,0,1.7,橋本市野,5576,橋本市野,6691,12267,1.21,1.06,28,31,12,50
30300240100,一般国道２４号,高野橋本線,山田岸上線,30203,0,0.7,橋本市野,5576,橋本市野,6691,12267,1.21,1.06,25.1,26,12,50
30300240110,一般国道２４号,山田岸上線,高野口野上線,30203,0,2.2,橋本市野,5576,橋本市野,6691,12267,1.21,1.06,23.6,23.3,12,50
30300240120,一般国道２４号,高野口野上線,高野口停車場線,30203,0,0.1,橋本市野,5576,橋本市野,6691,12267,1.21,1.06,20.4,23.1,12,50
30300240130,一般国道２４号,高野口停車場線,市道,30203,0,1,橋本市野,5576,橋本市野,6691,12267,1.21,1.06,21.4,22.7,12,50
30300240140,一般国道２４号,市道,橋本市・かつらぎ町境,30203,0,0.3,伊都郡かつらぎ町妙寺,4839,伊都郡かつらぎ町妙寺,4453,9292,1.21,0.84,17.8,24.8,12,50
30300240150,一般国道２４号,橋本市・かつらぎ町境,堺かつらぎ線,30341,0,2.1,伊都郡かつらぎ町妙寺,4839,伊都郡かつらぎ町妙寺,4453,9292,1.21,0.74,30.8,30.7,17,50
30300240160,一般国道２４号,堺かつらぎ線,三谷妙寺停車場線,30341,0,0.5,伊都郡かつらぎ町新田,5103,伊都郡かつらぎ町新田,5014,10117,1.17,1.04,27.5,28.6,13,50
30300240165,一般国道２４号,三谷妙寺停車場線,町道,30341,0,1.9,伊都郡かつらぎ町新田,5103,伊都郡かつらぎ町新田,5014,10117,1.17,1.04,29.1,31.2,13,50
30300240170,一般国道２４号,町道,笠田停車場線,30341,0,1.7,伊都郡かつらぎ町笠田東,5231,伊都郡かつらぎ町笠田東,4543,9774,1.22,0.76,28.2,29.1,13,50
30300240180,一般国道２４号,笠田停車場線,一般国道４８０号,30341,0,0.4,伊都郡かつらぎ町笠田東,5231,伊都郡かつらぎ町笠田東,4543,9774,1.22,0.76,27,28.7,13,50
30300240190,一般国道２４号,一般国道４８０号,那賀かつらぎ線,30341,0,0.3,伊都郡かつらぎ町笠田東,5231,伊都郡かつらぎ町笠田東,4543,9774,1.22,0.76,26.4,22.4,13,50
30300240200,一般国道２４号,那賀かつらぎ線,かつらぎ町・紀の川市境,30341,0,2.5,伊都郡かつらぎ町高田,4804,伊都郡かつらぎ町高田,4352,9156,1.19,0.61,41.7,41.3,13,50
30300240210,一般国道２４号,かつらぎ町・紀の川市境,一般国道４８０号,30208,0,0.2,紀の川市穴伏,4644,紀の川市穴伏,4846,9490,1.19,1.07,46.3,42.7,12.5,50
30300240220,一般国道２４号,一般国道４８０号,上鞆淵那賀線,30208,0,0.8,紀の川市名手市場,4912,紀の川市名手市場,4118,9030,1.26,0.79,42.1,35.4,12.5,50
30300240230,一般国道２４号,上鞆淵那賀線,西川原名手市場線,30208,0,0.5,紀の川市名手市場,4912,紀の川市名手市場,4118,9030,1.26,0.79,26.5,30.1,12.5,50
30300240240,一般国道２４号,西川原名手市場線,粉河加太線,30208,0,2.5,紀の川市名手市場,4912,紀の川市名手市場,4118,9030,1.26,0.79,31.3,27.8,12.5,50
30300240250,一般国道２４号,粉河加太線,粉河寺線,30208,0,1.2,紀の川市松井,5896,紀の川市松井,5024,10920,1.29,0.84,19.1,27.2,12.5,50
30300240260,一般国道２４号,粉河寺線,和歌山打田線,30208,0,1.7,紀の川市松井,5896,紀の川市松井,5024,10920,1.29,0.84,38.9,36.7,12.5,50
30300240270,一般国道２４号,和歌山打田線,一般国道４２４号,30208,0,0.6,紀の川市下井阪,10247,紀の川市下井阪,9781,20028,1.27,0.46,34.9,30.6,26,60
30300240280,一般国道２４号,一般国道４２４号,中三谷下井阪線,30208,0,2.9,紀の川市下井阪,10247,紀の川市下井阪,9781,20028,1.27,0.46,31.8,37.4,26,60
30300240290,一般国道２４号,中三谷下井阪線,紀の川市・岩出市境,30208,0,0.5,紀の川市下井阪,10247,紀の川市下井阪,9781,20028,1.27,0.46,19.1,37.8,26,60
30300240300,一般国道２４号,紀の川市・岩出市境,新田広芝岩出停車場線,30209,0,1.3,紀の川市下井阪,10247,紀の川市下井阪,9781,20028,1.27,0.56,30.9,31.4,26.5,60
30300240310,一般国道２４号,新田広芝岩出停車場線,泉佐野岩出線,30209,0,1,紀の川市下井阪,10247,紀の川市下井阪,9781,20028,1.27,0.56,19.3,21,26.5,60
30300240320,一般国道２４号,泉佐野岩出線,小豆島岩出線,30209,0,1,和歌山市中筋日延,15573,和歌山市中筋日延,14796,30369,1.28,0.81,26.4,31.8,29,60
30300240330,一般国道２４号,小豆島岩出線,岩出市・和歌山市境,30209,0,2.6,和歌山市中筋日延,15573,和歌山市中筋日延,14796,30369,1.28,0.81,32.4,30.4,29,60
30300240340,一般国道２４号,岩出市・和歌山市境,和歌山貝塚線,30201,0,0.7,和歌山市中筋日延,15573,和歌山市中筋日延,14796,30369,1.28,0.89,39.2,36,29,60
30300240350,一般国道２４号,和歌山貝塚線,和歌山貝塚線,30201,0,0.1,和歌山市中筋日延,15573,和歌山市中筋日延,14796,30369,1.28,0.89,17.8,17.1,29,60
30300240360,一般国道２４号,和歌山貝塚線,和歌山貝塚線,30201,0,0.7,和歌山市永穂,15832,和歌山市永穂,14287,30119,1.27,0.88,25.8,39.4,29,60
30300240370,一般国道２４号,和歌山貝塚線,和歌山貝塚線,30201,0,0.3,和歌山市永穂,15832,和歌山市永穂,14287,30119,1.27,0.88,35.8,25.6,29,60
30300240380,一般国道２４号,和歌山貝塚線,,30201,0,1,和歌山市永穂,15832,和歌山市永穂,14287,30119,1.27,0.88,29.1,36.7,29,60
30300240390,一般国道２４号,,紀伊停車場田井ノ瀬線,30201,0,1.5,和歌山市永穂,15832,和歌山市永穂,14287,30119,1.27,0.67,36,34.7,29,60
30300240400,一般国道２４号,紀伊停車場田井ノ瀬線,紀伊停車場田井ノ瀬線,30201,0,0.3,和歌山市永穂,15832,和歌山市永穂,14287,30119,1.27,0.67,33.9,22.3,29,60
30300240410,一般国道２４号,紀伊停車場田井ノ瀬線,小豆島船所線,30201,0,0.8,和歌山市田屋,15865,和歌山市田屋,14930,30795,1.29,0.79,21.9,28.2,24.5,60
30300240415,一般国道２４号,小豆島船所線,一般国道２４号,30201,0,0.7,和歌山市田屋,15865,和歌山市田屋,14930,30795,1.29,0.79,52.7,42.1,24.5,60
30300240420,一般国道２４号,一般国道２４号,一般国道２４号,30201,0,0.4,和歌山市田屋,15865,和歌山市田屋,14930,30795,1.29,0.79,61.4,15.6,24.5,60
30300240470,一般国道２４号,一般国道２４号,八軒家鳴神線,30201,0,0.2,和歌山市加納,8054,和歌山市加納,7835,15889,1.27,1.16,15.9,13.8,14,50
30300240480,一般国道２４号,八軒家鳴神線,有功天王線,30201,0,2.7,和歌山市加納,8054,和歌山市加納,7835,15889,1.27,1.16,14.6,14.7,14,50
30300240490,一般国道２４号,有功天王線,一般国道２６号（和歌山北バイパス）,30201,0,1.1,和歌山市嘉家作丁,7031,和歌山市嘉家作丁,6853,13884,1.27,1.28,14.7,17,14,50
30300240500,一般国道２４号,一般国道２６号（和歌山北バイパス）,新和歌浦梅原線,30201,0,1,和歌山市西布経丁,10728,和歌山市西布経丁,11824,22552,1.29,0.85,12.9,13.9,30,50
30300240510,一般国道２４号,新和歌浦梅原線,和歌山阪南線,30201,0,0.8,和歌山市西布経丁,10728,和歌山市西布経丁,11824,22552,1.29,0.63,15.4,17,35.5,50
30300240520,一般国道２４号,和歌山阪南線,一般国道４２号,30201,0,0.5,和歌山市一番丁,13758,和歌山市一番丁,14283,28041,1.22,0.81,13.1,17.3,35.5,50
30300240580,一般国道２４号,一般国道２４号,一般国道２４号,30201,0,0.3,和歌山市出島,2497,和歌山市出島,2685,5182,1.26,0.41,53.3,4.4,16,50
30300240590,一般国道２４号,一般国道２４号,一般国道２４号,30201,0,0.2,和歌山市出島,2497,和歌山市出島,2685,5182,1.26,0.41,17.2,28.4,16,50
30300240430,一般国道２４号,一般国道２４号,阪和自動車道,30201,0,0.5,和歌山市栗栖,18743,和歌山市栗栖,18494,37237,1.27,0.85,56.7,9.3,27,50
30300240435,一般国道２４号,阪和自動車道,井ノ口秋月線,30201,0,0.4,和歌山市栗栖,18743,和歌山市栗栖,18494,37237,1.27,0.85,14.5,8.2,27,50
30300240440,一般国道２４号,井ノ口秋月線,井ノ口秋月線,30201,0,1,和歌山市栗栖,18743,和歌山市栗栖,18494,37237,1.27,0.85,14.9,13.1,27,50
30300240450,一般国道２４号,井ノ口秋月線,鳴神木広線,30201,0,0.2,和歌山市栗栖,18743,和歌山市栗栖,18494,37237,1.27,0.85,17.6,17.5,27,50
30300240540,一般国道２４号（京奈和自動車道）,一般国道２４号（京奈和自動車道）,一般国道２４号,30203,1,0.4,五條市釜窪町（五條西IC～橋本東IC間）,9611,五條市釜窪町（五條西IC～橋本東IC間）,10057,19668,1.3,1.23,72,70.4,11,70
30300240550,一般国道２４号（京奈和自動車道）,一般国道２４号,一般国道３７１号,30203,1,5.1,橋本市隅田町垂井（橋本東IC～橋本IC間）,9399,橋本市隅田町垂井（橋本東IC～橋本IC間）,8931,18330,1.29,1.3,72.6,71.5,11,70
30300240560,一般国道２４号（京奈和自動車道）,一般国道３７１号,市道,30203,1,5.6,橋本市市脇（橋本IC～高野口IC間）,11637,橋本市市脇（橋本IC～高野口IC間）,11503,23140,1.28,1.45,70.6,67.6,11,70
30300240610,一般国道２４号（京奈和自動車道）,市道,橋本市・かつらぎ町境,30203,1,0.1,伊都郡かつらぎ町丁ノ町（高野口IC～紀北かつらぎIC間）,11695,伊都郡かつらぎ町丁ノ町（高野口IC～紀北かつらぎIC間）,11733,23428,1.28,1.6,70.9,74.5,11,70
30300240620,一般国道２４号（京奈和自動車道）,橋本市・かつらぎ町境,町道,30341,1,3.9,伊都郡かつらぎ町丁ノ町（高野口IC～紀北かつらぎIC間）,11695,伊都郡かつらぎ町丁ノ町（高野口IC～紀北かつらぎIC間）,11733,23428,1.28,1.6,69.6,72.9,11,70
30300240635,一般国道２４号（京奈和自動車道）,町道,那賀かつらぎ線,30341,1,2.2,伊都郡かつらぎ町大藪(紀北かつらぎIC～かつらぎ西IC間),11462,伊都郡かつらぎ町大藪(紀北かつらぎIC～かつらぎ西IC間),11535,22997,1.28,1.68,68.1,69.8,11,70
30300240640,一般国道２４号（京奈和自動車道）,那賀かつらぎ線,かつらぎ町・紀の川市境,30341,1,2.3,紀の川市上丹生谷(かつらぎ西IC～紀の川東IC間),11829,紀の川市上丹生谷(かつらぎ西IC～紀の川東IC間),11680,23509,1.28,1.71,69.6,67.5,11,70
30300240650,一般国道２４号（京奈和自動車道）,かつらぎ町・紀の川市境,西川原粉河線,30208,1,3.6,紀の川市上丹生谷(かつらぎ西IC～紀の川東IC間),11829,紀の川市上丹生谷(かつらぎ西IC～紀の川東IC間),11680,23509,1.28,1.71,65.1,67.2,11,70
30300240660,一般国道２４号（京奈和自動車道）,西川原粉河線,泉佐野打田線,30208,1,4.5,紀の川市東毛(紀の川東IC～紀の川IC間),11736,紀の川市東毛(紀の川東IC～紀の川IC間),11929,23665,1.28,1.66,68.7,69.5,11,70
30300240670,一般国道２４号（京奈和自動車道）,泉佐野打田線,紀の川市・岩出市境,30208,1,3.2,紀の川市神領(紀の川IC～岩出IC間),9595,紀の川市神領(紀の川IC～岩出IC間),9666,19261,1.28,1.43,70.4,71.6,11,70
30300240690,一般国道２４号（京奈和自動車道）,紀の川市・岩出市境,泉佐野岩出線,30209,1,2.6,紀の川市神領(紀の川IC～岩出IC間),9595,紀の川市神領(紀の川IC～岩出IC間),9666,19261,1.28,1.43,67.4,73.3,11,70
30300240710,一般国道２４号（京奈和自動車道）,泉佐野岩出線,一般国道２４号,30209,1,2.9,岩出市山（岩出根来IC～和歌山JCT）,4866,岩出市山（岩出根来IC～和歌山JCT）,4550,9416,1.24,0.9,54.5,60,11,70
30300240720,一般国道２４号（京奈和自動車道）,一般国道２４号,岩出市・和歌山市境,30209,1,0.3,岩出市山（岩出根来IC～和歌山JCT）,4866,岩出市山（岩出根来IC～和歌山JCT）,4550,9416,1.24,0.9,80.5,74.3,11,70
30300240730,一般国道２４号（京奈和自動車道）,岩出市・和歌山市境,,30201,1,2.4,岩出市山（岩出根来IC～和歌山JCT）,4866,岩出市山（岩出根来IC～和歌山JCT）,4550,9416,1.24,0.9,73.9,74.8,11,70
30300240740,一般国道２４号（京奈和自動車道）,,阪和自動車道,30201,1,1,岩出市山（岩出根来IC～和歌山JCT）,4866,岩出市山（岩出根来IC～和歌山JCT）,4550,9416,1.24,0.9,74.6,71.1,11,70
30300260200,一般国道２６号（和歌山岬道路）,一般国道２６号（和歌山岬道路）,市道１００６,30201,1,0.6,和歌山市平井（和歌山岬トンネル～平井ランプ間）,8751,和歌山市平井（和歌山岬トンネル～平井ランプ間）,9180,17931,1.38,1.5,65.8,63.1,10.5,60
30300260140,一般国道２６号（和歌山岬道路）,市道１００６,一般国道２６号,30201,1,1.8,和歌山市平井（平井ランプ～大谷ランプ間）,11897,和歌山市平井（平井ランプ～大谷ランプ間）,11543,23440,1.3,1.71,66.2,31.9,10.5,60
30300260090,一般国道２６号（和歌山北バイパス）,一般国道２６号,一般国道２６号,30201,0,1.1,和歌山市楠見中,12609,和歌山市楠見中,11569,24178,1.29,0.39,65.6,13.6,19.6,60
30300260100,一般国道２６号（和歌山北バイパス）,一般国道２６号,一般国道２４号,30201,0,0.9,和歌山市粟（紀の国大橋）,17437,和歌山市粟（紀の国大橋）,18523,35960,1.29,1.39,35.6,14.7,25.3,60
30300260120,一般国道２６号,一般国道２６号（和歌山北バイパス）,一般国道２６号,30201,0,0.8,和歌山市楠見中,3731,和歌山市楠見中,3137,6868,1.26,0.6,15.1,11.9,21,40
30300260130,一般国道２６号,一般国道２６号,善明寺北島線,30201,0,0.3,和歌山市楠見中,3731,和歌山市楠見中,3137,6868,1.26,0.6,12.3,9.8,21,40
30300260210,一般国道２６号,一般国道２６号,一般国道２６号（和歌山北バイパス）,30201,0,0.4,和歌山市粟,4821,和歌山市粟,6965,11786,1.28,1.43,44.9,9.6,11,40
30300420010,一般国道４２号,一般国道４２号,一般国道４２号,30207,0,0.4,新宮市神倉1丁目・2丁目地先,7733,新宮市神倉1丁目・2丁目地先,7435,15168,1.19,0.88,35.1,13.2,10,40
30300420020,一般国道４２号,一般国道４２号,池田港線,30207,0,0.6,新宮市神倉1丁目・2丁目地先,7733,新宮市神倉1丁目・2丁目地先,7435,15168,1.19,1.24,17.4,13.3,18,40
30300420030,一般国道４２号,池田港線,一般国道１６８号,30207,0,0.7,新宮市神倉1丁目・2丁目地先,7733,新宮市神倉1丁目・2丁目地先,7435,15168,1.19,1.24,14,13.5,18,40
30300420040,一般国道４２号,一般国道１６８号,（旧）あけぼの広角線,30207,0,1.4,新宮市神倉1丁目・2丁目地先,7733,新宮市神倉1丁目・2丁目地先,7435,15168,1.19,0.37,19.2,32.4,21,50
30300420050,一般国道４２号,（旧）あけぼの広角線,あけぼの広角線,30207,0,0.3,新宮市神倉1丁目・2丁目地先,7733,新宮市神倉1丁目・2丁目地先,7435,15168,1.19,0.51,36.9,34.5,21,50
30300420060,一般国道４２号,あけぼの広角線,一般国道４２号,30207,0,1,新宮市神倉1丁目・2丁目地先,7733,新宮市神倉1丁目・2丁目地先,7435,15168,1.19,0.45,28.9,38.1,26,50
30300420070,一般国道４２号,一般国道４２号,三輪崎港線,30207,0,0.5,新宮市三輪崎地先,8037,新宮市三輪崎地先,7419,15456,1.16,1.06,17.3,37.4,13,50
30300420080,一般国道４２号,三輪崎港線,市道,30207,0,2.3,新宮市三輪崎地先,8037,新宮市三輪崎地先,7419,15456,1.16,1.28,30.7,29.9,13,50
30300420090,一般国道４２号,市道,新宮市・那智勝浦町境,30207,0,0.8,新宮市三輪崎地先,8037,新宮市三輪崎地先,7419,15456,1.16,1.02,30.4,37.1,11,50
30300420100,一般国道４２号,新宮市・那智勝浦町境,宇久井港線,30421,0,1.5,新宮市三輪崎地先,8037,新宮市三輪崎地先,7419,15456,1.16,1.17,45.9,38.4,12,50
30300420110,一般国道４２号,宇久井港線,那智勝浦古座川線,30421,0,3.6,新宮市三輪崎地先,8037,新宮市三輪崎地先,7419,15456,1.16,1.14,45.8,46.2,12.5,50
30300420120,一般国道４２号,那智勝浦古座川線,那智山勝浦線,30421,0,0.5,東牟婁郡那智勝浦町二河地先,2875,東牟婁郡那智勝浦町二河地先,2439,5314,1.13,0.42,32.3,22.1,9,50
30300420130,一般国道４２号,那智山勝浦線,（旧）那智山勝浦線,30421,0,0.1,東牟婁郡那智勝浦町二河地先,2875,東牟婁郡那智勝浦町二河地先,2439,5314,1.13,0.48,16.4,14,8.5,50
30300420140,一般国道４２号,（旧）那智山勝浦線,勝浦港湯川線,30421,0,3.8,東牟婁郡那智勝浦町二河地先,2875,東牟婁郡那智勝浦町二河地先,2439,5314,1.13,0.43,32.9,32.4,14.5,50
30300420150,一般国道４２号,勝浦港湯川線,那智勝浦町・太地町境,30421,0,2.2,東牟婁郡那智勝浦町二河地先,2875,東牟婁郡那智勝浦町二河地先,2439,5314,1.13,0.44,46.4,47.4,10,50
30300420160,一般国道４２号,那智勝浦町・太地町境,梶取崎線,30422,0,1,東牟婁郡那智勝浦町二河地先,2875,東牟婁郡那智勝浦町二河地先,2439,5314,1.13,0.42,45.4,35.1,10,50
30300420170,一般国道４２号,梶取崎線,太地町・那智勝浦町境,30422,0,0.9,東牟婁郡太地町森浦地先,2647,東牟婁郡太地町森浦地先,2571,5218,1.14,0.41,37.2,37.9,9.5,60
30300420180,一般国道４２号,太地町・那智勝浦町境,南平野下里停車場線,30421,0,0.7,東牟婁郡太地町森浦地先,2647,東牟婁郡太地町森浦地先,2571,5218,1.14,0.46,47.2,34.7,9.5,60
30300420190,一般国道４２号,南平野下里停車場線,南平野下里停車場線,30421,0,0.8,東牟婁郡太地町森浦地先,2647,東牟婁郡太地町森浦地先,2571,5218,1.14,0.44,22.5,34.8,11,60
30300420200,一般国道４２号,南平野下里停車場線,那智勝浦本宮線,30421,0,0.5,東牟婁郡太地町森浦地先,2647,東牟婁郡太地町森浦地先,2571,5218,1.14,0.43,34.8,37.5,12,60
30300420210,一般国道４２号,那智勝浦本宮線,那智勝浦町・串本町境,30421,0,4.9,東牟婁郡太地町森浦地先,2647,東牟婁郡太地町森浦地先,2571,5218,1.14,0.42,51.2,52.1,8.5,60
30300420220,一般国道４２号,那智勝浦町・串本町境,長井古座線,30428,0,1.9,東牟婁郡太地町森浦地先,2647,東牟婁郡太地町森浦地先,2571,5218,1.14,0.42,54.6,55.6,8.5,60
30300420230,一般国道４２号,長井古座線,田原古座線,30428,0,6.6,東牟婁郡太地町森浦地先,2647,東牟婁郡太地町森浦地先,2571,5218,1.14,0.42,47.5,49.5,9,60
30300420240,一般国道４２号,田原古座線,すさみ古座線,30428,0,0.9,東牟婁郡太地町森浦地先,2647,東牟婁郡太地町森浦地先,2571,5218,1.14,0.41,44.9,46.6,9,60
30300420250,一般国道４２号,すさみ古座線,樫野串本線,30428,0,7.4,東牟婁郡串本町鬮野川地先,4630,東牟婁郡串本町鬮野川地先,4570,9200,1.13,0.76,37.1,37.1,10,50
30300420260,一般国道４２号,樫野串本線,潮岬周遊線,30428,0,0.3,東牟婁郡串本町鬮野川地先,4630,東牟婁郡串本町鬮野川地先,4570,9200,1.13,0.86,20.3,21.4,11,50
30300420270,一般国道４２号,潮岬周遊線,一般国道３７１号,30428,0,3.2,東牟婁郡串本町鬮野川地先,4630,東牟婁郡串本町鬮野川地先,4570,9200,1.13,0.81,37.8,45.7,9,50
30300420280,一般国道４２号,一般国道３７１号,紀伊有田停車場線,30428,0,2.9,東牟婁郡串本町有田地先,3837,東牟婁郡串本町有田地先,3322,7159,1.12,0.63,47.3,47.9,11,60
30300420290,一般国道４２号,紀伊有田停車場線,串本古座川線,30428,0,9.7,東牟婁郡串本町有田地先,3837,東牟婁郡串本町有田地先,3322,7159,1.12,0.92,49.9,52,9.5,60
30300420300,一般国道４２号,串本古座川線,串本町・すさみ町境,30428,0,2.5,東牟婁郡串本町有田地先,3837,東牟婁郡串本町有田地先,3322,7159,1.12,0.91,48.9,49.3,10,60
30300420310,一般国道４２号,串本町・すさみ町境,（元）上富田すさみ線,30406,0,3.5,東牟婁郡串本町有田地先,3837,東牟婁郡串本町有田地先,3322,7159,1.12,0.62,51.4,52.6,9,60
30300420315,一般国道４２号,（元）上富田すさみ線,上富田すさみ線,30406,0,1,東牟婁郡串本町有田地先,3837,東牟婁郡串本町有田地先,3322,7159,1.12,0.62,40.2,37.1,9,60
30300420320,一般国道４２号,上富田すさみ線,大附見老津停車場線,30406,0,3.2,西牟婁郡すさみ町江住地先,498,西牟婁郡すさみ町江住地先,476,974,1.09,0.13,51.5,48.9,9,60
30300420330,一般国道４２号,大附見老津停車場線,城すさみ線,30406,0,9.6,西牟婁郡すさみ町見老津地先,373,西牟婁郡すさみ町見老津地先,397,770,1.09,0.1,48.2,52.5,9,60
30300420340,一般国道４２号,城すさみ線,すさみ古座線,30406,0,0.6,西牟婁郡すさみ町見老津地先,373,西牟婁郡すさみ町見老津地先,397,770,1.09,0.12,31.5,27.3,8,60
30300420350,一般国道４２号,すさみ古座線,日置川すさみ線,30406,0,1.8,西牟婁郡すさみ町見老津地先,373,西牟婁郡すさみ町見老津地先,397,770,1.09,0.1,45,46.5,10.5,60
30300420360,一般国道４２号,日置川すさみ線,すさみ町・白浜町境,30406,0,0.8,西牟婁郡すさみ町見老津地先,373,西牟婁郡すさみ町見老津地先,397,770,1.09,0.11,71,67.2,10,60
30300420370,一般国道４２号,すさみ町・白浜町境,日置川すさみ線,30401,0,1,西牟婁郡すさみ町見老津地先,373,西牟婁郡すさみ町見老津地先,397,770,1.09,0.11,69.3,69,8,60
30300420380,一般国道４２号,日置川すさみ線,日置川大塔線,30401,0,1.8,西牟婁郡白浜町庄川地先,2182,西牟婁郡白浜町庄川地先,2458,4640,1.15,0.41,57.3,51,8,60
30300420390,一般国道４２号,日置川大塔線,椿停車場線,30401,0,9.4,西牟婁郡白浜町庄川地先,2182,西牟婁郡白浜町庄川地先,2458,4640,1.15,0.41,41.4,36.9,8,60
30300420395,一般国道４２号,椿停車場線,紀勢自動車道,30401,0,6.2,西牟婁郡白浜町庄川地先,2182,西牟婁郡白浜町庄川地先,2458,4640,1.15,0.41,47.9,40.5,8,60
30300420400,一般国道４２号,紀勢自動車道,白浜温泉線,30401,0,0.4,西牟婁郡白浜町庄川地先,2182,西牟婁郡白浜町庄川地先,2458,4640,1.15,0.41,16.8,17.9,8,60
30300420410,一般国道４２号,白浜温泉線,白浜久木線,30401,0,2,西牟婁郡白浜町庄川地先,2182,西牟婁郡白浜町庄川地先,2458,4640,1.15,0.41,43.7,44.8,8,60
30300420420,一般国道４２号,白浜久木線,岩田保呂線,30401,0,1.7,西牟婁郡白浜町内ノ川地先,2610,西牟婁郡白浜町内ノ川地先,2516,5126,1.17,0.52,45.8,49.1,10,60
30300420430,一般国道４２号,岩田保呂線,白浜町・上富田町境,30401,0,0.1,西牟婁郡白浜町内ノ川地先,2610,西牟婁郡白浜町内ノ川地先,2516,5126,1.17,0.4,32.2,14.4,14,60
30300420440,一般国道４２号,白浜町・上富田町境,田辺白浜線,30404,0,0.1,西牟婁郡白浜町内ノ川地先,2610,西牟婁郡白浜町内ノ川地先,2516,5126,1.17,0.4,31.7,9,14,60
30300420450,一般国道４２号,田辺白浜線,一般国道３１１号,30404,0,1.4,西牟婁郡上富田町岩崎地先,4736,西牟婁郡上富田町岩崎地先,4740,9476,1.17,0.85,39.3,42,11,60
30300420460,一般国道４２号,一般国道３１１号,,30404,0,0.5,西牟婁郡上富田町岩崎地先,4694,西牟婁郡上富田町岩崎地先,3530,8224,1.17,0.75,25.8,27.6,8,40
30300420465,一般国道４２号,,紀勢自動車道,30404,0,1.5,西牟婁郡上富田町岩崎地先,4694,西牟婁郡上富田町岩崎地先,3530,8224,1.17,0.75,22.1,24.2,8,40
30300420470,一般国道４２号,紀勢自動車道,上富田町・田辺市境,30404,0,0.4,西牟婁郡上富田町岩崎地先,4694,西牟婁郡上富田町岩崎地先,3530,8224,1.17,0.75,30,37.3,8,40
30300420480,一般国道４２号,上富田町・田辺市境,一般国道４２号,30206,0,0.3,西牟婁郡上富田町岩崎地先,4694,西牟婁郡上富田町岩崎地先,3530,8224,1.17,0.6,33.4,48.7,29,40
30300420490,一般国道４２号,一般国道４２号,一般国道４２号,30206,0,0.8,田辺市新庄町地先,10086,田辺市新庄町地先,11273,21359,1.17,1.59,28.3,55.6,8.5,60
30300420500,一般国道４２号,一般国道４２号,温川田辺線,30206,0,1.2,田辺市新庄町地先,10086,田辺市新庄町地先,11273,21359,1.17,0.57,38.7,60.3,21,60
30300420510,一般国道４２号,温川田辺線,上万呂北新町線,30206,0,1.4,田辺市新庄町地先,10086,田辺市新庄町地先,11273,21359,1.17,0.52,59.4,56.8,21,60
30300420520,一般国道４２号,上万呂北新町線,田辺龍神線,30206,0,0.8,田辺市新庄町地先,10086,田辺市新庄町地先,11273,21359,1.17,0.66,34.3,31.5,26,60
30300420530,一般国道４２号,田辺龍神線,一般国道４２号,30206,0,1.2,田辺市新庄町地先,10086,田辺市新庄町地先,11273,21359,1.17,0.52,65.7,66.2,19,60
30300420540,一般国道４２号,一般国道４２号,秋津川田辺線,30206,0,0.3,田辺市新庄町地先,10086,田辺市新庄町地先,11273,21359,1.17,0.32,30.9,14.2,21,60
30300420550,一般国道４２号,秋津川田辺線,一般国道４２４号,30206,0,0.5,田辺市稲成町地先,6736,田辺市稲成町地先,5264,12000,1.2,1,15.1,11.3,17,50
30300420560,一般国道４２号,一般国道４２４号,田辺港線,30206,0,1.5,田辺市稲成町地先,6736,田辺市稲成町地先,5264,12000,1.2,1.05,20.4,20.4,15,50
30300420570,一般国道４２号,田辺港線,芳養清川線,30206,0,1.9,田辺市芳養町地先,6739,田辺市芳養町地先,5431,12170,1.23,1.27,27.2,23.8,10,50
30300420580,一般国道４２号,芳養清川線,田辺市・みなべ町境,30206,0,1.6,田辺市芳養町地先,6739,田辺市芳養町地先,5431,12170,1.23,1.27,24.1,38.6,10,50
30300420590,一般国道４２号,田辺市・みなべ町境,中芳養南部線,30391,0,2.9,日高郡みなべ町堺地先,6305,日高郡みなべ町堺地先,6254,12559,1.28,1.07,40.8,41.2,9.5,50
30300420600,一般国道４２号,中芳養南部線,南部停車場線,30391,0,0.3,日高郡みなべ町堺地先,6305,日高郡みなべ町堺地先,6254,12559,1.28,1.16,22.7,37,14,50
30300420610,一般国道４２号,南部停車場線,一般国道４２４号,30391,0,0.5,日高郡みなべ町堺地先,6305,日高郡みなべ町堺地先,6254,12559,1.28,1.07,31.2,31.3,17,50
30300420620,一般国道４２号,一般国道４２４号,みなべ町・印南町境,30391,0,5.9,御坊市名田町野島地先,5424,御坊市名田町野島地先,5322,10746,1.3,0.8,44,49.7,10,60
30300420630,一般国道４２号,みなべ町・印南町境,（元）滝切目停車場線,30390,0,4.7,御坊市名田町野島地先,5424,御坊市名田町野島地先,5322,10746,1.3,0.9,54.6,53.7,9.5,60
30300420640,一般国道４２号,（元）滝切目停車場線,滝切目停車場線,30390,0,0.7,御坊市名田町野島地先,5424,御坊市名田町野島地先,5322,10746,1.3,0.82,44.5,34.5,12.5,60
30300420650,一般国道４２号,滝切目停車場線,印南停車場線,30390,0,2.5,御坊市名田町野島地先,5424,御坊市名田町野島地先,5322,10746,1.3,0.85,49.2,48.6,11,60
30300420660,一般国道４２号,印南停車場線,印南原印南線,30390,0,0.5,御坊市名田町野島地先,5424,御坊市名田町野島地先,5322,10746,1.3,0.99,41.3,38.8,11,60
30300420670,一般国道４２号,印南原印南線,印南町・御坊市境,30390,0,1.5,御坊市名田町野島地先,5424,御坊市名田町野島地先,5322,10746,1.3,0.88,47.4,48.8,11,60
30300420680,一般国道４２号,印南町・御坊市境,,30205,0,6.4,御坊市名田町野島地先,5424,御坊市名田町野島地先,5322,10746,1.3,0.75,50.2,50.3,13,60
30300420690,一般国道４２号,,一般国道４２５号,30205,0,1.1,御坊市塩屋町南塩屋,4737,御坊市塩屋町南塩屋,5110,9847,1.2,0.84,41.8,39.5,11,50
30300420700,一般国道４２号,一般国道４２５号,御坊中津線,30205,0,1.2,御坊市塩屋町南塩屋,4737,御坊市塩屋町南塩屋,5110,9847,1.2,0.91,37.6,32.8,11.5,50
30300420710,一般国道４２号,御坊中津線,井関御坊線,30205,0,0.6,御坊市塩屋町南塩屋,4737,御坊市塩屋町南塩屋,5110,9847,1.2,0.95,30,21.3,11,50
30300420720,一般国道４２号,井関御坊線,日高港線,30205,0,0.5,御坊市名屋町2丁目地先,6870,御坊市名屋町2丁目地先,6596,13466,1.27,1.1,28.4,29.6,18,50
30300420730,一般国道４２号,日高港線,柏御坊線,30205,0,0.3,御坊市名屋町2丁目地先,6870,御坊市名屋町2丁目地先,6596,13466,1.27,1.05,30.5,23.5,15,50
30300420740,一般国道４２号,柏御坊線,柏御坊線,30205,0,0.4,御坊市名屋町2丁目地先,6870,御坊市名屋町2丁目地先,6596,13466,1.27,1.09,24.7,25.2,15,50
30300420750,一般国道４２号,柏御坊線,御坊美山線,30205,0,0.9,御坊市名屋町2丁目地先,6870,御坊市名屋町2丁目地先,6596,13466,1.27,1.09,17.9,19.4,15,50
30300420760,一般国道４２号,御坊美山線,御坊由良線,30205,0,0.8,御坊市名屋町2丁目地先,6870,御坊市名屋町2丁目地先,6596,13466,1.27,0.94,26.4,20.9,15,50
30300420770,一般国道４２号,御坊由良線,井関御坊線,30205,0,0.3,御坊市名屋町2丁目地先,6870,御坊市名屋町2丁目地先,6596,13466,1.27,1.22,18.8,24.7,10,50
30300420780,一般国道４２号,井関御坊線,御坊市・日高町境,30205,0,1.2,御坊市名屋町2丁目地先,6870,御坊市名屋町2丁目地先,6596,13466,1.27,0.96,31.6,28.8,12,50
30300420790,一般国道４２号,御坊市・日高町境,井関御坊線,30382,0,0.6,日高郡由良町里,4649,日高郡由良町里,5171,9820,1.37,0.89,31.8,31.5,13.25,50
30300420800,一般国道４２号,井関御坊線,比井紀伊内原停車場線,30382,0,0.5,日高郡由良町里,4649,日高郡由良町里,5171,9820,1.37,0.89,33.3,26.8,13.25,50
30300420810,一般国道４２号,比井紀伊内原停車場線,日高印南線,30382,0,0.4,日高郡由良町里,4649,日高郡由良町里,5171,9820,1.37,0.89,24,30.7,13.25,50
30300420820,一般国道４２号,日高印南線,御坊湯浅線,30382,0,0.4,日高郡由良町里,4649,日高郡由良町里,5171,9820,1.37,0.89,29.8,29,13.25,50
30300420830,一般国道４２号,御坊湯浅線,日高町・由良町境,30382,0,2.6,日高郡由良町里,4649,日高郡由良町里,5171,9820,1.37,0.89,51.5,54.5,13.25,50
30300420840,一般国道４２号,日高町・由良町境,御坊湯浅線,30383,0,2,日高郡由良町里,4649,日高郡由良町里,5171,9820,1.37,0.88,50.9,50.7,9,50
30300420850,一般国道４２号,御坊湯浅線,御坊湯浅線,30383,0,0.9,日高郡由良町門前,4440,日高郡由良町門前,4873,9313,1.19,0.95,31.3,31.6,13.25,50
30300420860,一般国道４２号,御坊湯浅線,南金屋由良線,30383,0,2.5,日高郡由良町畑,3811,日高郡由良町畑,4042,7853,1.49,0.79,42.2,45.3,13.25,50
30300420870,一般国道４２号,南金屋由良線,,30383,0,1.7,日高郡由良町畑,3811,日高郡由良町畑,4042,7853,1.49,0.73,46.7,44.7,9.5,40
30300420880,一般国道４２号,,南金屋由良線,30383,0,1,日高郡由良町畑,3811,日高郡由良町畑,4042,7853,1.49,0.73,45.4,47.7,9.5,40
30300420890,一般国道４２号,南金屋由良線,由良町・広川町境,30383,0,0.3,日高郡由良町畑,3811,日高郡由良町畑,4042,7853,1.49,0.73,55.4,55.4,9.5,40
30300420900,一般国道４２号,由良町・広川町境,広川川辺線,30362,0,3.3,有田郡広川町河瀬,3442,有田郡広川町河瀬,3733,7175,1.52,0.7,47.6,49.5,10.75,40
30300420910,一般国道４２号,広川川辺線,一般国道４２号（湯浅御坊道路）,30362,0,0.7,有田郡広川町河瀬,3442,有田郡広川町河瀬,3733,7175,1.52,0.7,34,30,10.75,40
30300420920,一般国道４２号,一般国道４２号（湯浅御坊道路）,南金屋由良線,30362,0,0.8,有田郡広川町井関,6035,有田郡広川町井関,5786,11821,1.4,0.97,24.8,24.9,10.25,50
30300420930,一般国道４２号,南金屋由良線,湯浅広港線,30362,0,1.3,有田郡広川町井関,6035,有田郡広川町井関,5786,11821,1.4,0.97,36.5,35.1,10.25,50
30300420940,一般国道４２号,湯浅広港線,広川町・湯浅町境,30362,0,0.3,有田郡広川町井関,6035,有田郡広川町井関,5786,11821,1.4,0.97,29.5,28.7,10.25,50
30300420950,一般国道４２号,広川町・湯浅町境,町道,30361,0,0.5,有田郡湯浅町別所,8541,有田郡湯浅町別所,8016,16557,1.37,1.17,31.8,29.3,11.5,50
30300420960,一般国道４２号,町道,御坊湯浅線,30361,0,0.9,有田郡湯浅町別所,8541,有田郡湯浅町別所,8016,16557,1.37,1.17,28.5,24.7,11.5,50
30300420970,一般国道４２号,御坊湯浅線,吉原湯浅線,30361,0,0.7,有田郡湯浅町栖原,10359,有田郡湯浅町栖原,9948,20307,1.36,1.44,19.5,26.3,11.5,50
30300420980,一般国道４２号,吉原湯浅線,湯浅町・有田川町境,30361,0,0.6,有田郡湯浅町栖原,10359,有田郡湯浅町栖原,9948,20307,1.36,1.44,29.6,24.4,11.5,50
30300420990,一般国道４２号,湯浅町・有田川町境,阪和自動車道,30366,0,0.4,有田郡湯浅町栖原,10359,有田郡湯浅町栖原,9948,20307,1.36,1.22,22.9,24.9,10.5,50
30300421000,一般国道４２号,阪和自動車道,吉備金屋線,30366,0,0.7,有田郡湯浅町栖原,10359,有田郡湯浅町栖原,9948,20307,1.36,1.22,21,24.1,10.5,50
30300421010,一般国道４２号,吉備金屋線,海南吉備線,30366,0,1.4,有田郡有田川町野田,7504,有田郡有田川町野田,7186,14690,1.44,0.95,32,41.6,10.5,50
30300421020,一般国道４２号,海南吉備線,有田川町・有田市境,30366,0,0.1,有田郡有田川町野田,7504,有田郡有田川町野田,7186,14690,1.44,0.95,29.1,26.3,10.5,50
30300421030,一般国道４２号,有田川町・有田市境,沓掛糸我線,30204,0,1.7,有田郡有田川町野田,7504,有田郡有田川町野田,7186,14690,1.44,0.89,28.3,28.3,11,50
30300421040,一般国道４２号,沓掛糸我線,千田箕島線,30204,0,3,有田郡有田川町野田,7504,有田郡有田川町野田,7186,14690,1.44,0.89,37.1,37.3,11,50
30300421050,一般国道４２号,千田箕島線,有田湯浅線,30204,0,1.3,有田郡有田川町野田,7504,有田郡有田川町野田,7186,14690,1.44,0.89,38,40.4,11,50
30300421060,一般国道４２号,有田湯浅線,有田湯浅線,30204,0,0.1,有田郡有田川町野田,7504,有田郡有田川町野田,7186,14690,1.44,0.89,18,19.6,11,50
30300421070,一般国道４２号,有田湯浅線,宮崎古江見線,30204,0,1.5,有田郡有田川町野田,7504,有田郡有田川町野田,7186,14690,1.44,0.89,27.2,28.7,11,50
30300421080,一般国道４２号,宮崎古江見線,一般国道４８０号,30204,0,0.6,有田郡有田川町野田,7504,有田郡有田川町野田,7186,14690,1.44,0.89,46.3,32.4,11,50
30300421090,一般国道４２号,一般国道４８０号,有田市・海南市境,30204,0,3.1,有田市港町,8633,有田市港町,10102,18735,1.27,1.5,25.4,30.1,12.5,50
30300421100,一般国道４２号,有田市・海南市境,引尾下津線,30202,0,2.3,有田市港町,8633,有田市港町,10102,18735,1.27,1.38,38.2,18.3,9.5,50
30300421110,一般国道４２号,引尾下津線,引尾下津線,30202,0,0.2,有田市港町,8633,有田市港町,10102,18735,1.27,1.38,18.5,16.5,9.5,50
30300421120,一般国道４２号,引尾下津線,興加茂郷停車場線,30202,0,2.3,有田市港町,8633,有田市港町,10102,18735,1.27,1.43,24.6,18.9,10.75,50
30300421130,一般国道４２号,興加茂郷停車場線,阪和自動車道,30202,0,4.4,海南市冷水,12006,海南市冷水,11643,23649,1.33,1.66,25.5,32,8,50
30300421140,一般国道４２号,阪和自動車道,海南吉備線,30202,0,0.5,海南市船尾,18726,海南市船尾,17954,36680,1.32,1.39,12.3,24.5,20,50
30300421150,一般国道４２号,海南吉備線,和歌山海南線,30202,0,0.1,海南市船尾,18726,海南市船尾,17954,36680,1.32,1.39,11.6,20.5,20,50
30300421160,一般国道４２号,和歌山海南線,一般国道３７０号,30202,0,1.7,海南市船尾,18726,海南市船尾,17954,36680,1.32,1.39,15.5,26,20,50
30300421170,一般国道４２号,一般国道３７０号,岩出海南線,30202,0,0.3,海南市船尾,18726,海南市船尾,17954,36680,1.32,1.16,19.3,19,25,50
30300421180,一般国道４２号,岩出海南線,海南市・和歌山市境,30202,0,0.8,海南市船尾,18726,海南市船尾,17954,36680,1.32,1.16,26.1,26.5,25,50
30300421190,一般国道４２号,海南市・和歌山市境,和歌山海南線,30201,0,1.6,海南市船尾,18726,海南市船尾,17954,36680,1.32,1.51,30,24.8,20,50
30300421200,一般国道４２号,和歌山海南線,和歌山海南線,30201,0,1.5,海南市船尾,18726,海南市船尾,17954,36680,1.32,1.51,16.3,27.3,20,50
30300421210,一般国道４２号,和歌山海南線,新和歌浦線,30201,0,1.4,和歌山市紀三井寺,11271,和歌山市紀三井寺,12308,23579,1.28,1,13.9,23.2,21,50
30300421215,一般国道４２号,新和歌浦線,和歌山橋本線,30201,0,1.4,和歌山市紀三井寺,11271,和歌山市紀三井寺,12308,23579,1.28,1,24.4,23,21,50
30300421220,一般国道４２号,和歌山橋本線,,30201,0,0.5,和歌山市紀三井寺,11271,和歌山市紀三井寺,12308,23579,1.28,1,18.8,29.6,21,50
30300421230,一般国道４２号,,（元）和歌山橋本線,30201,0,0.8,和歌山市堀止南ノ丁,16211,和歌山市堀止南ノ丁,16412,32623,1.24,0.78,28.7,20.8,36,50
30300421240,一般国道４２号,（元）和歌山橋本線,一般国道２４号,30201,0,1.3,和歌山市堀止南ノ丁,16211,和歌山市堀止南ノ丁,16412,32623,1.24,0.78,19.2,17.4,36,50
30300421260,一般国道４２号,,一般国道４２号,30207,0,0.4,,,新宮市大橋通1丁目地先,3396,3396,1.11,0.55,,9.5,8,40
30300421280,一般国道４２号,一般国道４２号,市道,30207,1,1.9,東牟婁郡那智勝浦町高津気,5957,東牟婁郡那智勝浦町高津気,6040,11997,1.18,0.91,46,58.6,12,60
30300421290,一般国道４２号,市道,新宮市・那智勝浦町境,30207,1,2.3,東牟婁郡那智勝浦町高津気,5957,東牟婁郡那智勝浦町高津気,6040,11997,1.18,0.91,72.3,71,11,70
30300421300,一般国道４２号,新宮市・那智勝浦町境,那智山勝浦線,30421,1,4.6,東牟婁郡那智勝浦町高津気,5957,東牟婁郡那智勝浦町高津気,6040,11997,1.18,0.91,73.7,75.7,11,70
30300421500,一般国道４２号,那智山勝浦線,南平野下里停車場線,30421,1,6.3,東牟婁郡那智勝浦町橋ノ川,4159,東牟婁郡那智勝浦町橋ノ川,4158,8317,1.18,0.65,52.4,39.8,11.5,70
30300421320,一般国道４２号,一般国道４２号,田辺白浜線,30206,0,0.5,田辺市新庄町地先,3512,田辺市新庄町地先,3513,7025,1.18,0.63,19,27.6,30,40
30300421330,一般国道４２号,田辺白浜線,一般国道４２号,30206,0,0.3,田辺市新庄町地先,3512,田辺市新庄町地先,3513,7025,1.18,0.55,11.7,35.6,30,40
30300421350,一般国道４２号,一般国道４２号,紀勢自動車道,30206,0,0.9,田辺市稲成町地先,8507,田辺市稲成町地先,8709,17216,1.19,0.4,35.1,26.1,24,60
30300421480,一般国道４２号,紀勢自動車道,芳養清川線,30206,0,1.6,田辺市芳養町地先,5450,田辺市芳養町地先,4866,10316,1.25,1,29.2,35.8,12.75,60
30300421365,一般国道４２号（湯浅御坊道路）,阪和自動車道,,30366,1,0.7,有田～有田南,7936,有田～有田南,7461,15397,1.22,1.38,73.3,78.4,10,70
30300421370,一般国道４２号（湯浅御坊道路）,,町道,30366,1,0.5,有田～有田南,7936,有田～有田南,7461,15397,1.22,1.38,72.2,74,10,70
30300421380,一般国道４２号（湯浅御坊道路）,町道,有田川町・湯浅町境,30366,1,1.9,有田南～湯浅,9265,有田南～湯浅,8847,18112,1.22,1.66,64.8,65.7,10.5,70
30300421390,一般国道４２号（湯浅御坊道路）,有田川町・湯浅町境,町道,30361,1,0.8,有田南～湯浅,9265,有田南～湯浅,8847,18112,1.22,1.66,64.3,68.6,10.5,70
30300421400,一般国道４２号（湯浅御坊道路）,町道,湯浅町・広川町境,30361,1,0.5,湯浅～広川,8949,湯浅～広川,8507,17456,1.22,1.61,65.4,71.2,9,70
30300421410,一般国道４２号（湯浅御坊道路）,湯浅町・広川町境,一般国道４２号,30362,1,2,湯浅～広川,8949,湯浅～広川,8507,17456,1.22,1.61,66.5,74.5,9,70
30300421420,一般国道４２号（湯浅御坊道路）,一般国道４２号,井関御坊線,30362,1,4.5,広川～広川南,8900,広川～広川南,8491,17391,1.22,1.5,67,70.4,9,70
30300421430,一般国道４２号（湯浅御坊道路）,井関御坊線,広川町・日高川町境,30362,1,1.7,広川南～川辺,8715,広川南～川辺,8315,17030,1.22,1.51,71.6,67.5,9,70
30300421440,一般国道４２号（湯浅御坊道路）,広川町・日高川町境,玄子小松原線,30392,1,2.3,広川南～川辺,8715,広川南～川辺,8315,17030,1.22,1.51,66.5,70.9,9,70
30300421450,一般国道４２号（湯浅御坊道路）,玄子小松原線,日高川町・御坊市境,30392,1,3.5,川辺～御坊,7052,川辺～御坊,6621,13673,1.21,1.21,68.6,77.8,10.5,70
30300421460,一般国道４２号（湯浅御坊道路）,日高川町・御坊市境,阪和自動車道,30205,1,1,川辺～御坊,7052,川辺～御坊,6621,13673,1.21,1.21,71.1,73.5,10.5,70
30301680010,一般国道１６８号,一般国道４２号,一般国道１６８号,30207,0,0.7,新宮市神倉三丁目,4446,新宮市神倉三丁目,4334,8780,1.27,0.77,16.3,25.9,12,50
30301680020,一般国道１６８号,一般国道１６８号,一般国道１６８号,30207,0,0.9,,3724,,3727,7451,1.27,0.76,45.3,47.4,12.6,50
30301680030,一般国道１６８号,一般国道１６８号,高田相賀線,30207,0,4,新宮市南檜杖,3711,新宮市南檜杖,3453,7164,1.27,0.65,44.4,49.9,9.9,50
30301680040,一般国道１６８号,高田相賀線,,30207,0,6.9,新宮市相賀,2593,新宮市相賀,2395,4988,1.26,0.63,34.3,40.7,9.9,50
30301680044,一般国道１６８号,,一般国道１６８号,30207,0,2.4,新宮市相賀,2593,新宮市相賀,2395,4988,1.26,0.63,45,44.9,9.9,50
30301680150,一般国道１６８号,一般国道１６８号,一般国道１６８号,30207,0,0.4,,,,,,,,53.4,48.5,10,50
30301680160,一般国道１６８号,一般国道１６８号,一般国道１６８号,30207,0,1.3,,,,,,,,61.3,59,10,50
30301680070,一般国道１６８号,一般国道１６８号,（旧）一般国道１６９号,30207,0,3.8,新宮市熊野川町日足,2291,新宮市熊野川町日足,2139,4430,1.25,0.58,56.9,57.7,9.9,50
30301680080,一般国道１６８号,（旧）一般国道１６９号,新宮市・田辺市境,30207,0,6.4,新宮市熊野川町相須,2120,新宮市熊野川町相須,1901,4021,1.25,0.46,70.1,69.4,12.1,50
30301680090,一般国道１６８号,新宮市・田辺市境,那智勝浦本宮線,30206,0,2.8,新宮市熊野川町相須,2120,新宮市熊野川町相須,1901,4021,1.25,0.52,61.1,57,11,50
30301680100,一般国道１６８号,那智勝浦本宮線,一般国道３１１号,30206,0,0.7,,1384,,1515,2899,1.25,0.32,56,51.7,14,50
30301680104,一般国道１６８号,一般国道３１１号,一般国道１６８号,30206,0,4.3,,1384,,1515,2899,1.25,0.32,41.2,43.9,14,50
30301680120,一般国道１６８号,一般国道１６８号,一般国道１６８号,30206,0,2.8,田辺市本宮町切畑,692,田辺市本宮町切畑,679,1371,1.17,0.16,56.6,62.1,12.8,50
30301680110,一般国道１６８号,一般国道１６８号,一般国道１６８号,30206,0,1.1,,562,,525,1087,1.11,0.16,70,67.6,10.5,50
30301680047,一般国道１６８号,一般国道１６８号,一般国道１６８号,30207,0,0.8,,2776,,2679,5455,1.26,0.7,46.1,55.8,9.9,50
30301680050,一般国道１６８号,一般国道１６８号,那智勝浦熊野川線,30207,0,0.7,,551,,532,1083,1.17,0.13,52.9,47.6,9.9,50
30301680060,一般国道１６８号,那智勝浦熊野川線,一般国道１６８号,30207,0,1.2,,551,,532,1083,1.17,0.13,37.7,30.9,9.9,50
30301680130,一般国道１６８号,一般国道１６８号,一般国道１６８号,30207,0,0.8,,4184,,4121,8305,1.27,1.02,41.9,15.7,16,50
30301690004,一般国道１６９号,一般国道１６９号,一般国道１６９号,30427,0,3.4,東牟婁郡北山村下尾井,389,東牟婁郡北山村下尾井,376,765,1.21,0.1,45.8,47.6,16.1,40
30301690120,一般国道１６９号,一般国道１６９号,一般国道１６９号,30427,0,0.2,東牟婁郡北山村下尾井,389,東牟婁郡北山村下尾井,376,765,1.21,0.1,45.3,48.6,16.1,40
30301690008,一般国道１６９号,一般国道１６９号,（旧）一般国道１６９号,30427,0,0.5,東牟婁郡北山村下尾井,389,東牟婁郡北山村下尾井,376,765,1.21,0.1,31.9,23.7,16.1,40
30301690140,一般国道１６９号,（旧）一般国道１６９号,（旧）一般国道１６９号,30427,0,0.1,東牟婁郡北山村下尾井,389,東牟婁郡北山村下尾井,376,765,1.21,0.1,13.1,19.8,16.1,40
30301690010,一般国道１６９号,（旧）一般国道１６９号,御浜北山線,30427,0,3.7,東牟婁郡北山村下尾井,389,東牟婁郡北山村下尾井,376,765,1.21,0.1,41.4,43.9,16.1,40
30301690020,一般国道１６９号,御浜北山線,一般国道１６９号,30427,0,8.3,東牟婁郡北山村下尾井,389,東牟婁郡北山村下尾井,376,765,1.21,0.1,40.9,44.5,16.1,40
30301690040,一般国道１６９号,一般国道１６９号,一般国道１６９号,30207,0,0.3,,282,,309,591,1.17,0.17,56.7,57.2,7,40
30301690050,一般国道１６９号,一般国道１６９号,一般国道１６９号,30207,0,2.2,,282,,309,591,1.17,0.17,70.1,78.8,7,40
30301690070,一般国道１６９号,一般国道１６９号,一般国道１６９号,30207,0,1.3,,282,,309,591,1.17,0.17,66,65.6,7,40
30301690110,一般国道１６９号,一般国道１６９号,一般国道１６９号,30207,0,0.6,新宮市熊野川町四瀧,631,新宮市熊野川町四瀧,644,1275,1.17,0.21,63.2,67.8,8,40
30301690095,一般国道１６９号,一般国道１６９号,（旧）一般国道１６９号,30207,0,4.6,新宮市熊野川町四瀧,631,新宮市熊野川町四瀧,644,1275,1.17,0.21,57.5,56.8,8,40
30301690160,一般国道１６９号,（旧）一般国道１６９号,一般国道１６８号,30207,0,0.3,新宮市熊野川町四瀧,631,新宮市熊野川町四瀧,644,1275,1.17,0.21,43.3,35.3,8,40
30301690007,一般国道１６９号,一般国道１６９号,一般国道１６９号,30427,0,0.2,,217,,184,401,1.21,0.61,45.5,45.5,5.3,40
30301690080,一般国道１６９号,一般国道１６９号,一般国道１６９号,30207,0,2.9,,282,,309,591,1.17,0.77,29,31.6,4.5,40
30301690060,一般国道１６９号,一般国道１６９号,一般国道１６９号,30207,0,4,,236,,221,457,1.2,0.65,30.5,28.6,5,40
30301690093,一般国道１６９号,一般国道１６９号,一般国道１６９号,30207,0,0.7,,503,,494,997,1.17,1.3,78.1,78.1,4.7,40
30303110010,一般国道３１１号,一般国道３１１号,一般国道３１１号,30207,0,2.8,新宮市熊野川町嶋津,347,新宮市熊野川町嶋津,367,714,1.17,0.09,34.7,35.4,12,50
30303110030,一般国道３１１号,一般国道１６８号,静川請川線,30206,0,1.5,田辺市本宮町耳打,1750,田辺市本宮町耳打,1766,3516,1.25,0.44,49.6,51.6,18.3,50
30303110040,一般国道３１１号,静川請川線,,30206,0,10.7,田辺市本宮町皆地,1267,田辺市本宮町皆地,1320,2587,1.24,0.38,55.8,55.9,18.3,50
30303110050,一般国道３１１号,,近露平瀬線,30206,0,7.9,田辺市中辺路町野中,1241,田辺市中辺路町野中,1304,2545,1.22,0.31,62.2,62.1,18.3,50
30303110060,一般国道３１１号,近露平瀬線,一般国道３７１号,30206,0,9.5,田辺市中辺路町福定,1614,田辺市中辺路町福定,1794,3408,1.25,0.37,54,52.5,16,60
30303110070,一般国道３１１号,一般国道３７１号,龍神中辺路線,30206,0,2.7,田辺市中辺路町栗栖川,2967,田辺市中辺路町栗栖川,3037,6004,1.26,0.64,41.3,41.5,16,60
30303110080,一般国道３１１号,龍神中辺路線,一般国道３７１号,30206,0,1.5,,3284,,3355,6639,1.26,0.78,49.7,49.5,16,60
30303110090,一般国道３１１号,一般国道３７１号,平瀬上三栖線,30206,0,2.1,田辺市鮎川,3370,田辺市鮎川,3469,6839,1.27,0.6,53.8,55.8,20.55,50
30303110100,一般国道３１１号,平瀬上三栖線,市鹿野鮎川線,30206,0,4.3,田辺市鮎川,3370,田辺市鮎川,3469,6839,1.27,0.6,50.2,49.6,20.55,50
30303110110,一般国道３１１号,市鹿野鮎川線,田辺市・上富田町境,30206,0,0.9,田辺市鮎川,3370,田辺市鮎川,3469,6839,1.27,0.6,48.9,48.2,20.55,50
30303110120,一般国道３１１号,田辺市・上富田町境,上富田南部線,30404,0,4,田辺市鮎川,3370,田辺市鮎川,3469,6839,1.27,0.64,35.9,39,22.15,50
30303110130,一般国道３１１号,上富田南部線,上富田南部線,30404,0,1.9,西牟婁郡上富田町岩田,3421,西牟婁郡上富田町岩田,3408,6829,1.13,0.59,39.8,42.4,24.9,60
30303110140,一般国道３１１号,上富田南部線,上富田すさみ線,30404,0,1,西牟婁郡上富田町岩田,3421,西牟婁郡上富田町岩田,3408,6829,1.13,0.59,32.7,35.5,24.9,60
30303110150,一般国道３１１号,上富田すさみ線,一般国道４２号,30404,0,1.4,西牟婁郡上富田町岩田,3421,西牟婁郡上富田町岩田,3408,6829,1.13,0.59,41.2,32,24.9,60
30303700010,一般国道３７０号,一般国道４２号,和歌山海南線,30202,0,0.3,海南市日方,5275,海南市日方,5420,10695,1.26,0.92,11.8,9.6,13.7,40
30303700020,一般国道３７０号,和歌山海南線,海南金屋線,30202,0,0.5,,2770,,4150,6920,1.26,0.79,15.2,19.3,13.7,40
30303700030,一般国道３７０号,海南金屋線,和歌山海南線,30202,0,0.5,海南市日方,2306,海南市日方,2821,5127,1.26,0.4,13.3,16.5,13.7,40
30303700040,一般国道３７０号,和歌山海南線,秋月海南線,30202,0,1,海南市大野中,11984,海南市大野中,11971,23955,1.31,0.91,20.4,28.3,20.3,40
30303700050,一般国道３７０号,秋月海南線,海南金屋線,30202,0,1,海南市大野中,11984,海南市大野中,11971,23955,1.31,0.91,27.9,25.7,20.3,40
30303700060,一般国道３７０号,海南金屋線,海南金屋線,30202,0,0.9,海南市幡川,9361,海南市幡川,9324,18685,1.22,0.57,38.4,30.5,20,40
30303700065,一般国道３７０号,海南金屋線,一般国道３７０号（阪井バイパス）,30202,0,1.3,,7977,,8310,16287,1.31,0.48,27.4,31,20,40
30303700070,一般国道３７０号,一般国道３７０号（阪井バイパス）,沖野々森小手穂線,30202,0,1.7,,7977,,8310,16287,1.31,0.48,29.8,35.1,20,40
30303700080,一般国道３７０号,沖野々森小手穂線,一般国道４２４号,30202,0,0.5,,8180,,8418,16598,1.31,1.38,28.4,35.6,17.5,40
30303700090,一般国道３７０号,一般国道４２４号,一般国道４２４号（木津バイパス）,30202,0,0.4,,972,,895,1867,1.22,0.2,41.3,29.1,15.4,40
30303700100,一般国道３７０号,一般国道４２４号（木津バイパス）,一般国道３７０号,30202,0,0.2,,972,,895,1867,1.22,0.2,17.6,31.2,15.4,40
30303700400,一般国道３７０号,一般国道３７０号,海南市・紀美野町境,30202,0,1.1,海南市野上中,4935,海南市野上中,4839,9774,1.27,0.73,36.3,35.3,19,40
30303700410,一般国道３７０号,海南市・紀美野町境,,30304,0,0.7,海南市野上中,4935,海南市野上中,4839,9774,1.27,0.87,30.8,35.8,13.6,50
30303700450,一般国道３７０号,,岩出野上線,30304,0,0.6,海南市野上中,4935,海南市野上中,4839,9774,1.27,0.87,46,36.1,13.6,50
30303700460,一般国道３７０号,岩出野上線,,30304,0,1.4,,,,,,,,39.6,35.3,14.1,50
30303700430,一般国道３７０号,,奥佐々阪井線,30304,0,0.8,海草郡紀美野町下佐々,2402,海草郡紀美野町下佐々,2383,4785,1.25,0.83,39.3,36.3,14.1,50
30601690010,一般国道３７０号,奥佐々阪井線,一般国道３７０号,30304,0,1.1,,795,,754,1549,1.2,0.18,47.3,43.1,8.7,40
30303700350,一般国道３７０号,一般国道３７０号,（旧）一般国道３７０号,30304,0,0.1,,795,,754,1549,1.2,0.21,11.4,18.5,9.2,40
30303700150,一般国道３７０号,（旧）一般国道３７０号,高野口野上線,30304,0,0.7,,3335,,3275,6610,1.26,1.15,39.4,42.1,7.9,40
30303700160,一般国道３７０号,高野口野上線,美里龍神線,30304,0,2.9,,3335,,3275,6610,1.26,1.15,23.9,34.3,7.9,40
30303700163,一般国道３７０号,美里龍神線,一般国道３７０号,30304,0,5.8,海草郡紀美野町桂瀬,637,海草郡紀美野町桂瀬,905,1542,1.18,0.47,34.4,33,7.9,40
30303700550,一般国道３７０号（桂瀬松ヶ峯トンネル）,一般国道３７０号,一般国道３７０号,30304,0,0.5,海草郡紀美野町桂瀬,637,海草郡紀美野町桂瀬,905,1542,1.18,0.26,61,55.6,8.2,40
30303700165,一般国道３７０号,一般国道３７０号,（元）一般国道３７０号,30304,0,7.9,海草郡紀美野町桂瀬,637,海草郡紀美野町桂瀬,905,1542,1.18,0.67,43.4,45.7,7.9,40
30303700380,一般国道３７０号,（元）一般国道３７０号,（元）一般国道３７０号,30304,0,1.5,,,,,,,,50.5,51,8.5,40
30303700180,一般国道３７０号,（元）一般国道３７０号,花園美里線,30304,0,2.8,,595,,602,1197,1.18,0.25,53.9,53,7.9,40
30303700190,一般国道３７０号,花園美里線,紀美野町・かつらぎ町境,30304,0,1.5,海草郡紀美野町長谷宮,404,海草郡紀美野町長谷宮,413,817,1.17,0.16,52.9,53.3,7.9,40
30303700200,一般国道３７０号,紀美野町・かつらぎ町境,かつらぎ町・高野町境,30341,0,4,伊都郡かつらぎ町新城,433,伊都郡かつらぎ町新城,482,915,1.17,0.13,48.9,47.7,12.3,40
30303700210,一般国道３７０号,かつらぎ町・高野町境,一般国道４８０号,30344,0,1,伊都郡かつらぎ町新城,433,伊都郡かつらぎ町新城,482,915,1.17,0.15,46.1,40.5,12,40
30303700220,一般国道３７０号,一般国道４８０号,一般国道４８０号,30344,0,1.7,伊都郡高野町花坂,2113,伊都郡高野町花坂,1990,4103,1.22,0.82,43.3,36.5,12,40
30303700230,一般国道３７０号,一般国道４８０号,高野町・九度山町境,30344,0,3.9,伊都郡高野町花坂,2113,伊都郡高野町花坂,1990,4103,1.22,0.82,23.6,22.2,12,40
30303700240,一般国道３７０号,高野町・九度山町境,高野橋本線,30343,0,6.3,伊都郡九度山町中古沢,726,伊都郡九度山町中古沢,757,1483,1.18,0.26,30.1,32.5,7,40
30303700250,一般国道３７０号,高野橋本線,高野橋本線,30343,0,0.6,伊都郡九度山町中古沢,726,伊都郡九度山町中古沢,757,1483,1.18,0.26,34.6,32.4,7,40
30303700260,一般国道３７０号,高野橋本線,和歌山橋本線,30343,0,2.1,伊都郡九度山町九度山,1007,伊都郡九度山町九度山,978,1985,1.23,0.27,32,28.3,7.8,40
30303700270,一般国道３７０号,和歌山橋本線,九度山町・橋本市境,30343,0,0.9,橋本市清水,3830,橋本市清水,3643,7473,1.27,0.78,26.8,35.1,8.3,50
30303700280,一般国道３７０号,九度山町・橋本市境,高野橋本線,30203,0,0.8,橋本市清水,3830,橋本市清水,3643,7473,1.27,0.82,37.7,33.7,12.5,50
30303700290,一般国道３７０号,高野橋本線,高野橋本線,30203,0,0.3,橋本市清水,3830,橋本市清水,3643,7473,1.27,0.82,15.6,39.9,12.5,50
30303700300,一般国道３７０号,高野橋本線,一般国道３７１号,30203,0,2.3,橋本市清水,3830,橋本市清水,3643,7473,1.27,0.82,36.2,43.3,12.5,50
30303700310,一般国道３７０号,一般国道３７１号,一般国道３７１号,30203,0,1.3,橋本市清水,3830,橋本市清水,3643,7473,1.27,0.82,33,35.5,12.5,50
30303700320,一般国道３７０号,一般国道３７１号,橋本五條線,30203,0,0.1,橋本市橋本1丁目,2284,橋本市橋本1丁目,2210,4494,1.25,0.38,29.4,18.8,12.4,50
30303700330,一般国道３７０号,橋本五條線,一般国道２４号,30203,0,0.3,橋本市橋本1丁目,2284,橋本市橋本1丁目,2210,4494,1.25,0.38,23.8,16.4,12.4,50
30303700520,一般国道３７０号（阪井バイパス）,一般国道３７０号,一般国道４２４号,30202,0,2.3,,,,,,,,43.2,41.4,20.9,50
30303700530,一般国道３７０号（阪井バイパス）,一般国道４２４号,一般国道４２４号（木津バイパス）,30202,0,0.2,,,,,,,,33.3,19.2,20.9,50
30303700110,一般国道３７０号,一般国道３７０号,和歌山野上線,30202,0,0.9,,972,,895,1867,1.22,1.3,17.8,21.6,6.5,40
30303700120,一般国道３７０号,和歌山野上線,海南市・紀美野町境,30202,0,0.3,,972,,895,1867,1.22,0.22,43.4,39.2,7.2,40
30303700130,一般国道３７０号,海南市・紀美野町境,（旧）一般国道３７０号,30304,0,1.7,,972,,895,1867,1.22,1.23,34.5,26,5.7,40
30303700360,一般国道３７０号,一般国道３７０号,,30304,0,4,海草郡紀美野町福田,1680,海草郡紀美野町福田,1701,3381,1.25,0.32,47,45.8,11.8,40
30303700164,一般国道３７０号,一般国道３７０号,一般国道３７０号,30304,0,1.8,,550,,604,1154,1.18,0.2,28.6,28.6,8.1,40
30303710010,一般国道３７１号,一般国道３７１号,一般国道３７１号,30203,0,1.1,橋本市柱本,7125,橋本市柱本,7002,14127,1.32,1.13,45.4,36.2,9,40
30303710030,一般国道３７１号,一般国道３７１号,紀見峠停車場線,30203,0,0.5,,6579,,6580,13159,1.29,0.41,27.1,33,20.8,40
30303710050,一般国道３７１号,紀見峠停車場線,一般国道３７１号,30203,0,0.6,,6579,,6580,13159,1.29,0.4,32.9,21.3,26.2,40
30303710530,一般国道３７１号,一般国道３７１号,,30203,0,1.3,橋本市三石台2丁目,9199,橋本市三石台2丁目,8208,17407,1.32,0.4,31.4,25.2,20.4,50
30303710630,一般国道３７１号（橋本バイパス）,,一般国道２４号（京奈和自動車道）,30203,0,2.9,,9430,,8600,18030,1.32,0.51,36.5,34.9,25,40
30303710090,一般国道３７１号,一般国道２４号（京奈和自動車道）,一般国道２４号,30203,0,1.1,橋本市東家,9116,橋本市東家,9855,18971,1.32,0.75,25.7,32.1,22.7,40
30303710100,一般国道３７１号,一般国道２４号,一般国道３７０号,30203,0,0.7,,6997,,8089,15086,1.31,1.3,17.9,17.9,15,40
30303710120,一般国道３７１号,一般国道３７０号,宿九度山線,30203,0,7.7,橋本市向副,227,橋本市向副,256,483,1.21,0.36,35.4,36.6,5,40
30303710130,一般国道３７１号,宿九度山線,橋本市・高野町境,30203,0,5.3,橋本市向副,227,橋本市向副,256,483,1.21,0.36,34.4,35.9,5,40
30303710140,一般国道３７１号,橋本市・高野町境,高野天川線,30344,0,7.6,伊都郡高野町南,128,伊都郡高野町南,135,263,1.13,0.41,33.4,33.5,5,40
30303710150,一般国道３７１号,高野天川線,高野天川線,30344,0,0.8,伊都郡高野町高野山,436,伊都郡高野町高野山,432,868,1.2,0.14,31.9,32.8,6.2,40
30303710155,一般国道３７１号,高野天川線,一般国道３７１号,30344,0,0.8,伊都郡高野町高野山,436,伊都郡高野町高野山,432,868,1.2,0.14,42.2,39.6,6.2,40
30303710160,一般国道３７１号,一般国道３７１号,高野町・かつらぎ町境,30344,0,10.8,伊都郡高野町高野山,436,伊都郡高野町高野山,432,868,1.2,0.14,46.2,43.7,6.2,40
30303710170,一般国道３７１号,高野町・かつらぎ町境,かつらぎ町・田辺市境,30341,0,10,伊都郡高野町高野山,436,伊都郡高野町高野山,432,868,1.2,0.13,46.2,43.7,7.5,40
30303710180,一般国道３７１号,かつらぎ町・田辺市境,美里龍神線,30206,0,20.9,田辺市龍神村龍神,211,田辺市龍神村龍神,231,442,1.21,0.07,39.5,38.8,7.3,40
30303710190,一般国道３７１号,美里龍神線,一般国道４２５号,30206,0,7,田辺市龍神村龍神,417,田辺市龍神村龍神,408,825,1.18,0.12,26.5,35,7.3,40
30303710200,一般国道３７１号,一般国道４２５号,,30206,0,0.4,田辺市龍神村廣井原,657,田辺市龍神村廣井原,680,1337,1.22,0.16,54.3,56.2,7.3,40
30303710210,一般国道３７１号,,一般国道４２５号,30206,0,13.1,田辺市龍神村廣井原,657,田辺市龍神村廣井原,680,1337,1.22,0.16,54.5,55.2,7.3,40
30303710220,一般国道３７１号,一般国道４２５号,（旧）一般国道３７１号,30206,0,0.7,,705,,771,1476,1.19,0.21,41.5,38.5,8.5,60
30607350010,一般国道３７１号,（旧）一般国道３７１号,龍神十津川線,30206,0,5.7,田辺市龍神村殿原,272,田辺市龍神村殿原,239,511,1.17,0.07,41.5,38.5,8.5,40
30303710250,一般国道３７１号,龍神十津川線,,30206,0,1.5,,,,,,,,16.6,16.6,7,30
30303710670,一般国道３７１号,,,30206,0,1.6,,,,,,,,48.2,45.4,8.6,40
30303710270,一般国道３７１号,,温川田辺線,30206,0,10,田辺市中辺路町小松原,63,田辺市中辺路町小松原,41,104,1.2,0.02,41.5,41.4,8,60
30303710280,一般国道３７１号,温川田辺線,,30206,0,0.2,田辺市中辺路町川合,282,田辺市中辺路町川合,265,547,1.2,0.09,50.9,21.2,8,60
30303710290,一般国道３７１号,,,30206,0,0.6,田辺市中辺路町川合,282,田辺市中辺路町川合,265,547,1.2,0.08,50.9,21.2,8.6,60
30303710300,一般国道３７１号,,一般国道３１１号,30206,0,0.8,田辺市中辺路町川合,282,田辺市中辺路町川合,265,547,1.2,0.08,44.4,29.8,8.6,60
30303710320,一般国道３７１号,一般国道３１１号,近露平瀬線,30206,0,11,田辺市中辺路町石船,57,田辺市中辺路町石船,60,117,1.32,0.89,38,38.4,4.5,60
30303710330,一般国道３７１号,近露平瀬線,下川上牟婁線,30206,0,3.3,田辺市下川下,165,田辺市下川下,158,323,1.18,0.04,38.5,35.1,10,60
30303710340,一般国道３７１号,下川上牟婁線,下川上牟婁線,30206,0,1,田辺市下川下,165,田辺市下川下,158,323,1.18,0.04,47.7,48,10,60
30303710350,一般国道３７１号,下川上牟婁線,日置川大塔線,30206,0,8.6,田辺市西大谷,65,田辺市西大谷,56,121,1.13,0.26,27.8,27.5,5,60
30303710360,一般国道３７１号,日置川大塔線,一般国道３７１号,30206,0,20.7,田辺市合川,176,田辺市合川,174,350,1.18,0.78,31.6,32.1,4.5,60
30303710380,一般国道３７１号,一般国道３７１号,田辺市・古座川町境,30206,0,3.1,,,,,,,,,,9,60
30303710390,一般国道３７１号,田辺市・古座川町境,一般国道３７１号,30424,0,2,,,,,,,,,,4,40
30303710410,一般国道３７１号,一般国道３７１号,すさみ古座線,30424,0,11.1,,30,,35,65,1.32,0.05,33.2,34.9,5,40
30303710420,一般国道３７１号,すさみ古座線,古座川熊野川線,30424,0,1.3,東牟婁郡古座川町大川,335,東牟婁郡古座川町大川,368,703,1.18,0.39,33.2,34.9,6.5,40
30303710424,一般国道３７１号,古座川熊野川線,一般国道３７１号,30424,0,2.2,東牟婁郡古座川町大川,335,東牟婁郡古座川町大川,368,703,1.18,0.39,26.5,24.6,6.5,40
30303710650,一般国道３７１号,一般国道３７１号,一般国道３７１号,30424,0,0.1,東牟婁郡古座川町大川,335,東牟婁郡古座川町大川,368,703,1.18,0.39,4.8,35.4,6.5,40
30303710430,一般国道３７１号,一般国道３７１号,串本古座川線,30424,0,4.5,東牟婁郡古座川町大川,335,東牟婁郡古座川町大川,368,703,1.18,0.39,43.9,47,6.5,40
30303710440,一般国道３７１号,串本古座川線,（旧）一般国道３７１号,30424,0,0.4,,246,,262,508,1.17,0.08,50.3,54.5,11,40
30303710590,一般国道３７１号,（旧）一般国道３７１号,（旧）一般国道３７１号,30424,0,0.7,,246,,262,508,1.17,0.08,56.4,59.5,9.9,40
30303710464,一般国道３７１号,（旧）一般国道３７１号,一般国道３７１号,30424,0,0.6,,246,,262,508,1.17,0.09,50.3,53.5,6.5,40
30303710610,一般国道３７１号,一般国道３７１号,一般国道３７１号,30424,0,0.3,,246,,262,508,1.17,0.09,37.9,41.6,6.2,40
30303710470,一般国道３７１号,一般国道３７１号,すさみ古座線,30424,0,4.6,,246,,262,508,1.17,0.08,57.4,56.2,9.6,40
30303710480,一般国道３７１号,すさみ古座線,古座川町・串本町境,30424,0,2.9,東牟婁郡串本町高富,278,東牟婁郡串本町高富,300,578,1.17,0.11,36.6,25.7,7.3,40
30303710490,一般国道３７１号,古座川町・串本町境,一般国道４２号,30428,0,5.1,東牟婁郡串本町高富,278,東牟婁郡串本町高富,300,578,1.17,0.11,39,37.9,7.4,40
30303710510,一般国道３７１号,一般国道３７１号（旧）,一般国道３７１号,30203,0,3.2,,6759,,7167,13926,1.3,1,43.6,36.7,7.1,40
30303710060,一般国道３７１号,一般国道３７１号,二見御幸辻停車場線,30203,0,2.2,橋本市御幸辻,4293,橋本市御幸辻,4668,8961,1.27,0.79,32.3,30.1,9.8,40
30303710070,一般国道３７１号,二見御幸辻停車場線,,30203,0,1.3,橋本市御幸辻,4293,橋本市御幸辻,4668,8961,1.27,0.79,24.8,29.7,9.8,40
30303710080,一般国道３７１号,,一般国道２４号（京奈和自動車道）,30203,0,0.5,橋本市御幸辻,4293,橋本市御幸辻,4668,8961,1.27,0.79,19.3,8.2,9.8,40
30304800660,一般国道３７１号,一般国道４８０号,一般国道３７１号,30344,0,1.5,伊都郡高野町高野山,332,伊都郡高野町高野山,258,590,1.22,0.09,54.5,57.8,7.3,40
30304800670,一般国道３７１号,一般国道３７１号,一般国道３７１号,30344,0,2.2,伊都郡高野町高野山,332,伊都郡高野町高野山,258,590,1.22,0.09,58.6,58.6,7.3,40
30303710427,一般国道３７１号,一般国道３７１号,一般国道３７１号,30424,0,0.1,,245,,253,498,1.18,0.11,3.4,37.4,7.8,40
30303710467,一般国道３７１号,一般国道３７１号,一般国道３７１号,30424,0,0.2,,246,,262,508,1.17,0.09,54.9,57.9,6.2,40
30304240430,一般国道４２４号,田辺白浜線,上万呂北新町線,30206,0,1.1,,705,,771,1476,1.19,0.26,22.9,25.8,13.3,40
30304240440,一般国道４２４号,上万呂北新町線,田辺龍神線,30206,0,0.1,,705,,771,1476,1.19,0.26,28.6,18.3,13.3,40
30304240450,一般国道４２４号,田辺龍神線,田辺龍神線,30206,0,0.1,,705,,771,1476,1.19,0.26,22.7,20.8,13.3,40
30304240460,一般国道４２４号,田辺龍神線,一般国道４２号,30206,0,0.7,,705,,771,1476,1.19,0.26,25.2,21,13.3,40
30304240010,一般国道４２４号,一般国道４２号,上富田南部線,30391,0,1.4,日高郡みなべ町西本庄,2761,日高郡みなべ町西本庄,2695,5456,1.25,0.64,26.4,31.2,10.9,50
30304240020,一般国道４２４号,上富田南部線,阪和自動車道,30391,0,0.2,日高郡みなべ町西本庄,2761,日高郡みなべ町西本庄,2695,5456,1.25,0.64,27.9,24.1,10.9,50
30304240030,一般国道４２４号,阪和自動車道,田辺印南線,30391,0,3.3,日高郡みなべ町西本庄,2761,日高郡みなべ町西本庄,2695,5456,1.25,0.64,39.9,40.3,10.9,50
30304240040,一般国道４２４号,田辺印南線,田辺印南線,30391,0,1.1,日高郡みなべ町西本庄,2761,日高郡みなべ町西本庄,2695,5456,1.25,0.64,46.8,47,10.9,50
30304240050,一般国道４２４号,田辺印南線,滝切目停車場線,30391,0,3.9,,3173,,2845,6018,1.26,0.73,56.8,54.6,10.1,50
30304240054,一般国道４２４号,滝切目停車場線,一般国道４２４号,30391,0,0.2,,3173,,2845,6018,1.26,0.73,57.6,51,10.1,50
30304240530,一般国道４２４号,一般国道４２４号,一般国道４２４号,30391,0,2,,615,,607,1222,1.18,0.14,55.3,53.5,10.8,40
30304240055,一般国道４２４号,一般国道４２４号,一般国道４２４号,30391,0,1.2,日高郡みなべ町東神野川,860,日高郡みなべ町東神野川,829,1689,1.17,0.18,48.9,48.3,12.7,40
30304240590,一般国道４２４号,一般国道４２４号,,30391,0,0.9,日高郡みなべ町東神野川,860,日高郡みなべ町東神野川,829,1689,1.17,0.18,61.3,57.9,12.7,40
30304240600,一般国道４２４号,,一般国道４２４号,30391,0,0.2,日高郡みなべ町東神野川,860,日高郡みなべ町東神野川,829,1689,1.17,0.17,52.4,55.2,11.4,40
30304240056,一般国道４２４号,一般国道４２４号,一般国道４２４号,30391,0,0.2,日高郡みなべ町東神野川,860,日高郡みなべ町東神野川,829,1689,1.17,0.21,37.1,52.4,12.2,50
30304240610,一般国道４２４号,一般国道４２４号,一般国道４２４号,30391,0,0.3,日高郡みなべ町東神野川,860,日高郡みなべ町東神野川,829,1689,1.17,0.21,48.6,46.4,12.2,50
30304240060,一般国道４２４号,一般国道４２４号,芳養清川線,30391,0,0.8,日高郡みなべ町東神野川,860,日高郡みなべ町東神野川,829,1689,1.17,0.21,50.4,48.4,12.2,50
30304240070,一般国道４２４号,芳養清川線,みなべ町・田辺市境,30391,0,4.8,田辺市龍神村福井,198,田辺市龍神村福井,197,395,1.18,0.05,44.9,36.7,10.8,50
30304240080,一般国道４２４号,みなべ町・田辺市境,一般国道４２５号,30206,0,3.5,田辺市龍神村福井,198,田辺市龍神村福井,197,395,1.18,0.06,40.7,42.1,6.6,50
30304240090,一般国道４２４号,一般国道４２５号,一般国道４２５号,30206,0,0.1,,973,,944,1917,1.22,0.3,26.5,21.1,10.8,50
30304240100,一般国道４２４号,一般国道４２５号,一般国道４２５号,30206,0,5.6,,973,,944,1917,1.22,0.3,59.5,59.1,10.8,50
30304240110,一般国道４２４号,一般国道４２５号,田辺龍神線,30206,0,4,,973,,944,1917,1.22,0.3,53,53.2,10.8,50
30304240120,一般国道４２４号,田辺龍神線,田辺市・日高川町境,30206,0,0.3,,529,,638,1167,1.18,0.21,60.5,59.5,7.8,50
30304240122,一般国道４２４号,田辺市・日高川町境,一般国道４２４号,30392,0,8.5,,529,,638,1167,1.18,0.17,57.1,58.8,9.7,50
30304240550,一般国道４２４号,一般国道４２４号,一般国道４２４号,30392,0,0.5,,,,,,,,58,56.7,8,40
30304240126,一般国道４２４号,一般国道４２４号,一般国道４２４号,30392,0,0.5,,973,,944,1917,1.22,0.3,61,62.6,9.9,50
30304240570,一般国道４２４号,一般国道４２４号,一般国道４２４号,30392,0,0.2,,,,,,,,55.1,57.4,9.7,40
30304240130,一般国道４２４号,一般国道４２４号,御坊美山線,30392,0,4.3,日高郡日高川町上越方,1166,日高郡日高川町上越方,1192,2358,1.22,0.34,56.8,57.3,9.9,50
30304240140,一般国道４２４号,御坊美山線,日高川町・有田川町境,30392,0,4,日高郡日高川町弥谷,533,日高郡日高川町弥谷,1237,1770,1.17,0.27,60.6,58,9.9,50
30304240150,一般国道４２４号,日高川町・有田川町境,,30366,0,2.1,,588,,662,1250,1.18,0.4,59.1,57.8,7.2,50
30304240160,一般国道４２４号,,たかの金屋線,30366,0,3.2,,588,,662,1250,1.18,0.4,67.5,68.7,7.2,50
30304240170,一般国道４２４号,たかの金屋線,,30366,0,0.1,,588,,662,1250,1.18,0.4,54.6,55.8,7.2,50
30304240180,一般国道４２４号,,吉原湯浅線,30366,0,7.2,有田郡有田川町修理川,680,有田郡有田川町修理川,782,1462,1.18,0.28,51.8,51.8,7.2,50
30304240190,一般国道４２４号,吉原湯浅線,一般国道４２４号,30366,0,1.9,有田郡有田川町吉原,1700,有田郡有田川町吉原,1877,3577,1.18,0.5,34.9,26.5,14.1,40
30304240500,一般国道４２４号,一般国道４２４号,一般国道４８０号,30366,0,0.7,有田郡有田川町中井原,1892,有田郡有田川町中井原,1736,3628,1.25,0.47,26.6,33.1,8.5,60
30304240510,一般国道４２４号,一般国道４８０号,一般国道４２４号,30366,0,1.3,有田郡有田川町中井原,1892,有田郡有田川町中井原,1736,3628,1.25,0.47,36.1,40.6,8.5,60
30304240235,一般国道４２４号,一般国道４２４号,楠本小川線,30366,0,1.1,,2044,,2131,4175,1.25,0.96,43.5,46.8,7.5,40
30304240240,一般国道４２４号,楠本小川線,（元）楠本小川線,30366,0,0.9,,1210,,1287,2497,1.22,0.66,39,34.8,5,40
30304240243,一般国道４２４号,（元）楠本小川線,一般国道４２４号（青田工区）,30366,0,0.4,,1210,,1287,2497,1.22,0.66,39,34.8,5,40
30304240245,一般国道４２４号,一般国道４２４号（青田工区）,生石公園線,30366,0,5.3,,186,,201,387,1.22,0.17,26.3,23.9,5,40
30304240250,一般国道４２４号,生石公園線,生石公園線,30366,0,0.3,有田郡有田川町彦ヶ瀬,179,有田郡有田川町彦ヶ瀬,189,368,1.18,0.18,35.7,37,5,40
30304240260,一般国道４２４号,生石公園線,有田川町・海南市境,30366,0,1.5,,186,,201,387,1.22,0.17,35.7,37,5,40
30304240265,一般国道４２４号,有田川町・海南市境,一般国道４２４号,30202,0,7.2,海南市上谷,209,海南市上谷,215,424,1.18,0.07,38.3,38.7,14.3,40
30304240290,一般国道４２４号（木津バイパス）,一般国道４２４号,一般国道３７０号（阪井バイパス）,30202,0,0.2,,,,,,,,20.3,17.5,10.5,40
30304240285,一般国道４２４号（木津バイパス）,一般国道３７０号（阪井バイパス）,一般国道３７０号,30202,0,0.7,,,,,,,,28.1,28.3,10.5,40
30304240300,一般国道４２４号,一般国道３７０号,和歌山野上線,30202,0,0.9,海南市原野,4482,海南市原野,4588,9070,1.27,1.12,26.9,34.6,9.6,40
30304240310,一般国道４２４号,和歌山野上線,和歌山野上線,30202,0,0.1,海南市原野,4482,海南市原野,4588,9070,1.27,1.12,26.3,23.7,9.6,40
30304240320,一般国道４２４号,和歌山野上線,岩出野上線,30202,0,4.4,海南市原野,4482,海南市原野,4588,9070,1.27,1.12,39.3,35.9,9.6,40
30304240330,一般国道４２４号,岩出野上線,海南市・紀の川市境,30202,0,0.2,海南市原野,4482,海南市原野,4588,9070,1.27,1.12,14,17.5,9.6,40
30304240340,一般国道４２４号,海南市・紀の川市境,岩出野上線,30208,0,0.1,,6755,,6811,13566,1.3,1.09,14.2,15.6,9.5,50
30304240350,一般国道４２４号,岩出野上線,垣内貴志川線,30208,0,0.4,,6755,,6811,13566,1.3,1.55,12.8,23.8,12,50
30304240360,一般国道４２４号,垣内貴志川線,和歌山橋本線,30208,0,1.7,,6755,,6811,13566,1.3,1.55,32.3,19,12,50
30304240370,一般国道４２４号,和歌山橋本線,桃山下井阪線,30208,0,4.1,紀の川市桃山町調月,5962,紀の川市桃山町調月,5829,11791,1.18,1.14,34.5,28.2,10.5,50
30304240380,一般国道４２４号,桃山下井阪線,かつらぎ桃山線,30208,0,0.7,紀の川市桃山町段新田,5965,紀の川市桃山町段新田,6439,12404,1.28,1.06,10.9,22.5,10.5,50
30304240390,一般国道４２４号,かつらぎ桃山線,和歌山橋本線,30208,0,1.9,紀の川市桃山町段新田,5965,紀の川市桃山町段新田,6439,12404,1.28,1.06,41.5,37.3,10.5,50
30304240400,一般国道４２４号,和歌山橋本線,和歌山打田線,30208,0,1.3,,3201,,3511,6712,1.26,0.66,43,47.9,12,50
30304240410,一般国道４２４号,和歌山打田線,一般国道２４号,30208,0,0.4,,3201,,3511,6712,1.26,0.66,19.1,14.5,12,50
30304240053,一般国道４２４号,一般国道４２４号,一般国道４２４号,30391,0,1.8,,573,,516,1089,1.17,0.15,42.1,39.7,10.8,50
30304240059,一般国道４２４号,一般国道４２４号,一般国道４２４号,30391,0,0.4,,573,,516,1089,1.17,0.15,47.9,47.9,10.8,50
30304240128,一般国道４２４号,一般国道４２４号,一般国道４２４号,30392,0,0.2,,973,,944,1917,1.22,0.3,59.1,59.1,9.9,50
30304240200,一般国道４２４号,一般国道４２４号,吉備金屋線,30366,0,0.5,,1474,,1477,2951,1.25,0.36,21.9,20.1,8.5,60
30304240210,一般国道４２４号,吉備金屋線,一般国道４８０号,30366,0,0.2,,1474,,1477,2951,1.25,0.79,14.8,21.3,6,60
30304240220,一般国道４２４号,一般国道４８０号,一般国道４８０号,30366,0,0.3,,1474,,1477,2951,1.25,1.02,15.4,18.4,9.7,60
30304240225,一般国道４２４号,一般国道４８０号,海南金屋線（市場バイパス）,30366,0,1,,1474,,1477,2951,1.25,1.51,17.6,12.2,4.5,40
30304240230,一般国道４２４号,海南金屋線（市場バイパス）,一般国道４２４号,30366,0,0.2,,686,,828,1514,1.2,0.79,42.5,10.4,4.5,40
30304240620,一般国道４２４号（青田工区）,楠本小川線,一般国道４２４号,30366,0,0.2,,,,,,,,35.4,21.2,8.7,40
30304240270,一般国道４２４号,一般国道４２４号,一般国道３７０号（阪井バイパス）,30202,0,0.1,,600,,685,1285,1.18,0.19,15.9,25.1,8.2,40
30304240280,一般国道４２４号,一般国道３７０号（阪井バイパス）,一般国道３７０号,30202,0,0.8,,600,,685,1285,1.18,0.19,16,15.3,8.2,40
30304250010,一般国道４２５号,一般国道４２５号,一般国道３７１号,30206,0,15.9,田辺市龍神村小又川,9,田辺市龍神村小又川,7,16,1.32,0.01,23.6,20.4,10,40
30304250030,一般国道４２５号,一般国道３７１号,田辺龍神線,30206,0,4.2,田辺市龍神村柳瀬,1362,田辺市龍神村柳瀬,1424,2786,1.25,0.32,44.9,45.3,11.6,60
30304250040,一般国道４２５号,田辺龍神線,一般国道４２５号,30206,0,1.2,田辺市龍神村柳瀬,1362,田辺市龍神村柳瀬,1424,2786,1.25,0.32,38.4,38.1,11.6,60
30304250240,一般国道４２５号,一般国道４２５号,一般国道４２５号,30206,0,1,,,,,,,,52.4,55.7,10.8,30
30304250260,一般国道４２５号,一般国道４２５号,一般国道４２４号,30206,0,1,,,,,,,,52.2,50.9,9.75,30
30304250100,一般国道４２５号,一般国道４２４号,田辺市・印南町境,30206,0,3.8,,154,,156,310,1.2,0.05,30.4,31.5,6.1,40
30304250102,一般国道４２５号,田辺市・印南町境,,30390,0,5.2,日高郡印南町川又,165,日高郡印南町川又,176,341,1.18,0.06,39.1,42.8,8.3,40
30304250340,一般国道４２５号,,,30390,0,0.2,日高郡印南町川又,165,日高郡印南町川又,176,341,1.18,0.15,52.6,58.5,6.5,30
30304250104,一般国道４２５号,,一般国道４２５号,30390,0,0.6,日高郡印南町川又,165,日高郡印南町川又,176,341,1.18,0.06,24.7,50.7,8,40
30304250320,一般国道４２５号,一般国道４２５号,一般国道４２５号,30390,0,0.2,日高郡印南町川又,165,日高郡印南町川又,176,341,1.18,0.06,47.1,50.5,8,40
30304250110,一般国道４２５号,一般国道４２５号,たかの金屋線,30390,0,0.3,日高郡印南町川又,165,日高郡印南町川又,176,341,1.18,0.06,31.3,51.8,8,40
30304250115,一般国道４２５号,たかの金屋線,,30390,0,0.5,日高郡印南町川又,165,日高郡印南町川又,176,341,1.18,0.06,42,50.8,8,40
30304250119,一般国道４２５号,,たかの金屋線,30390,0,0.4,日高郡印南町川又,165,日高郡印南町川又,176,341,1.18,0.06,35.2,55.2,7.5,40
30304250295,一般国道４２５号（切目川バイパス）,たかの金屋線,（元）一般国道４２５号,30390,0,0.4,,,,,,,,40.5,57.8,10,40
30304250300,一般国道４２５号（切目川バイパス）,（元）一般国道４２５号,,30390,0,1.5,,,,,,,,68.9,67.2,7.5,40
30304250280,一般国道４２５号,（元）一般国道４２５号,（元）一般国道４２５号,30390,0,1.3,,463,,496,959,1.17,0.16,54.3,68.4,8.1,40
30304250160,一般国道４２５号,（元）一般国道４２５号,日高印南線,30390,0,6.9,日高郡印南町松原,439,日高郡印南町松原,461,900,1.17,0.12,47.5,49.3,10,60
30304250170,一般国道４２５号,日高印南線,田辺印南線,30390,0,1.4,日高郡印南町松原,439,日高郡印南町松原,461,900,1.17,0.12,51.6,50.8,10,60
30304250180,一般国道４２５号,田辺印南線,滝之口古井口線,30390,0,1,日高郡印南町明神川,1732,日高郡印南町明神川,2157,3889,1.25,0.55,36.9,39.2,10,30
30304250190,一般国道４２５号,滝之口古井口線,印南原印南線,30390,0,1.6,日高郡印南町明神川,1732,日高郡印南町明神川,2157,3889,1.25,0.55,45.8,31.4,10,30
30304250200,一般国道４２５号,印南原印南線,印南原印南線,30390,0,0.2,日高郡印南町明神川,1732,日高郡印南町明神川,2157,3889,1.25,0.55,36.4,28.9,10,30
30304250210,一般国道４２５号,印南原印南線,印南町・御坊市境,30390,0,4.2,日高郡印南町明神川,1732,日高郡印南町明神川,2157,3889,1.25,0.55,55.3,57.1,10,30
30304250220,一般国道４２５号,印南町・御坊市境,一般国道４２号,30205,0,3.3,日高郡印南町明神川,1732,日高郡印南町明神川,2157,3889,1.25,0.53,45.2,35.7,12.1,30
30304250080,一般国道４２５号,一般国道４２５号,一般国道４２４号,30206,0,1.5,,1803,,1773,3576,1.25,1.49,35.1,35.1,7.7,60
30304250103,一般国道４２５号,,,30390,0,0.4,,179,,177,356,1.18,0.06,33,33.3,8.6,40
30304250107,一般国道４２５号,一般国道４２５号,一般国道４２５号,30390,0,0.3,,179,,177,356,1.18,0.07,33,33.3,8,40
30304800710,一般国道４８０号（鍋谷峠道路）,一般国道４８０号（鍋谷峠道路）,（元）一般国道４８０号,30341,0,1.4,,,,,,,,58.8,60.2,8.5,40
30304800410,一般国道４８０号,（元）一般国道４８０号,一般国道４８０号,30341,0,0.1,,439,,408,847,1.17,0.1,56.9,59.1,8.5,40
30304800420,一般国道４８０号,一般国道４８０号,那賀かつらぎ線,30341,0,4,伊都郡かつらぎ町滝,3944,伊都郡かつらぎ町滝,3732,7676,1.13,1.11,56.1,58.4,8.1,40
30304800040,一般国道４８０号,那賀かつらぎ線,粉河那賀線,30208,0,2.9,紀の川市平野,399,紀の川市平野,393,792,1.17,0.82,32.1,31.4,5,40
30304800050,一般国道４８０号,粉河那賀線,一般国道２４号,30208,0,1.3,,422,,450,872,1.17,0.1,29.8,21.8,11.3,40
30304800070,一般国道４８０号,一般国道２４号,和歌山橋本線,30341,0,1.6,伊都郡かつらぎ町笠田東,4112,伊都郡かつらぎ町笠田東,3987,8099,1.25,0.63,28.9,24.4,10,40
30304800080,一般国道４８０号,和歌山橋本線,（旧）高野口野上線,30341,0,3.5,伊都郡かつらぎ町東渋田,3284,伊都郡かつらぎ町東渋田,3117,6401,1.25,0.62,40.9,41,10,40
30304800090,一般国道４８０号,（旧）高野口野上線,高野口野上線,30341,0,0.3,,2714,,2424,5138,1.25,0.46,40.7,31.2,10,40
30304800100,一般国道４８０号,高野口野上線,かつらぎ桃山線,30341,0,3.2,,1459,,1372,2831,1.25,0.29,50.4,49.4,10,40
30304800104,一般国道４８０号,かつらぎ桃山線,一般国道４８０号,30341,0,0.9,伊都郡かつらぎ町志賀,2208,伊都郡かつらぎ町志賀,2090,4298,1.25,0.37,57,57.2,10,40
30304800440,一般国道４８０号（梨ノ木バイパス）,一般国道４８０号,一般国道４８０号,30341,0,0.9,,,,,,,,59.3,59.4,8.6,40
30304800110,一般国道４８０号,一般国道４８０号,志賀三谷線,30341,0,0.5,,1766,,1598,3364,1.25,0.42,56.5,54.7,14.6,40
30304800120,一般国道４８０号,志賀三谷線,かつらぎ町・高野町境,30341,0,1.2,,1766,,1598,3364,1.25,0.42,66.9,62.7,14.6,40
30304800130,一般国道４８０号,かつらぎ町・高野町境,一般国道３７０号,30344,0,0.4,,1766,,1598,3364,1.25,0.42,59.3,58.9,10.2,40
30304800144,一般国道４８０号,一般国道３７０号,一般国道４８０号,30344,0,5.8,伊都郡高野町高野山,2053,伊都郡高野町高野山,2042,4095,1.25,0.51,34.6,36.8,10,40
30304800490,一般国道４８０号,一般国道４８０号,一般国道４８０号,30344,0,0.4,伊都郡高野町高野山,2053,伊都郡高野町高野山,2042,4095,1.25,0.58,44.8,41.8,7,40
30304800145,一般国道４８０号,一般国道４８０号,高野天川線,30344,0,1,伊都郡高野町高野山,2053,伊都郡高野町高野山,2042,4095,1.25,0.58,29.2,30.5,10.3,40
30304800655,一般国道４８０号,高野天川線,一般国道３７１号,30344,0,0.3,,,,,,,,29.2,30.5,10.3,40
30304800510,一般国道４８０号,一般国道３７１号,（旧）一般国道３７１号,30344,0,6.5,伊都郡かつらぎ町花園北寺,148,伊都郡かつらぎ町花園北寺,168,316,1.2,0.04,,,10.3,40
30303710560,一般国道４８０号,（旧）一般国道３７１号,高野町・かつらぎ町境,30344,0,0.9,伊都郡かつらぎ町花園北寺,148,伊都郡かつらぎ町花園北寺,168,316,1.2,0.03,27.4,27.4,9.4,40
30303710570,一般国道４８０号,高野町・かつらぎ町境,一般国道４８０号,30341,0,6.5,伊都郡かつらぎ町花園北寺,148,伊都郡かつらぎ町花園北寺,168,316,1.2,0.03,33.9,33.9,9.4,40
30304800170,一般国道４８０号,一般国道４８０号,花園美里線,30341,0,7.8,伊都郡かつらぎ町花園北寺,148,伊都郡かつらぎ町花園北寺,168,316,1.2,0.03,36.7,36.9,9.4,40
30304800180,一般国道４８０号,花園美里線,かつらぎ町・有田川町境,30341,0,1,伊都郡かつらぎ町花園北寺,148,伊都郡かつらぎ町花園北寺,168,316,1.2,0.03,20.6,29,9.4,40
30304800184,一般国道４８０号,かつらぎ町・有田川町境,（旧）一般国道４８０号,30366,0,2.5,有田郡有田川町久野原,312,有田郡有田川町久野原,302,614,1.2,0.1,35.8,30.7,8,40
30304800690,一般国道４８０号,（旧）一般国道４８０号,（旧）一般国道４８０号,30366,0,0.8,有田郡有田川町久野原,312,有田郡有田川町久野原,302,614,1.2,0.1,49.8,55,8,40
30304800190,一般国道４８０号,（旧）一般国道４８０号,美里龍神線,30366,0,9.8,有田郡有田川町久野原,312,有田郡有田川町久野原,302,614,1.2,0.1,40.4,40.7,8,40
30304800200,一般国道４８０号,美里龍神線,美里龍神線,30366,0,0.8,,917,,963,1880,1.21,0.25,49.2,45.8,10,40
30304800210,一般国道４８０号,美里龍神線,美里龍神線,30366,0,1.1,,917,,963,1880,1.21,0.25,56,45.3,10.6,40
30304800220,一般国道４８０号,美里龍神線,美里龍神線,30366,0,0.6,,917,,963,1880,1.21,0.25,52,51.5,10.6,40
30304800230,一般国道４８０号,美里龍神線,境川金屋線,30366,0,2.2,有田郡有田川町二川,825,有田郡有田川町二川,872,1697,1.2,0.23,38.4,39,10.3,40
30304800240,一般国道４８０号,境川金屋線,楠本小川線,30366,0,3.9,有田郡有田川町二川,825,有田郡有田川町二川,872,1697,1.2,0.23,40.9,43,10.3,40
30304800250,一般国道４８０号,楠本小川線,境川金屋線,30366,0,2.3,有田郡有田川町二川,825,有田郡有田川町二川,872,1697,1.2,0.23,50.2,50,10.3,40
30304800260,一般国道４８０号,境川金屋線,下湯川金屋線,30366,0,3.1,,1057,,1067,2124,1.22,0.25,51.7,50.3,6.8,40
30304800264,一般国道４８０号,下湯川金屋線,一般国道４８０号,30366,0,4.4,,1057,,1067,2124,1.22,0.25,52.8,52.6,6.8,40
30304800480,一般国道４８０号（岩野河バイパス）,一般国道４８０号,一般国道４８０号,30366,0,1.5,,,,,,,,52.6,53.3,7.5,40
30304800270,一般国道４８０号,一般国道４８０号,,30366,0,0.6,有田郡有田川町長谷川,1559,有田郡有田川町長谷川,1714,3273,1.25,0.31,41.1,41.5,6,40
30304800280,一般国道４８０号,,一般国道４２４号,30366,0,7.3,有田郡有田川町長谷川,1559,有田郡有田川町長谷川,1714,3273,1.25,0.31,45.2,44.5,6,40
30304800290,一般国道４８０号,一般国道４２４号,一般国道４２４号,30366,0,0.6,,2235,,2376,4611,1.25,0.86,17.6,20.1,5.5,40
30304800310,一般国道４８０号,一般国道４２４号,海南金屋線,30366,0,1.1,有田郡有田川町大谷,2362,有田郡有田川町大谷,2377,4739,1.25,0.46,26.2,19.2,11.3,40
30304800320,一般国道４８０号,海南金屋線,海南吉備線,30366,0,3.5,有田郡有田川町大谷,2362,有田郡有田川町大谷,2377,4739,1.25,0.46,38.8,40,11.3,40
30304800330,一般国道４８０号,海南吉備線,海南吉備線,30366,0,0.9,有田郡有田川町大谷,2362,有田郡有田川町大谷,2377,4739,1.25,0.47,35.9,39.3,10.5,40
30304800340,一般国道４８０号,海南吉備線,有田川町・有田市境,30366,0,1.1,有田郡有田川町大谷,2362,有田郡有田川町大谷,2377,4739,1.25,0.47,41.6,46.5,10.5,40
30304800350,一般国道４８０号,有田川町・有田市境,沓掛糸我線,30204,0,1.7,有田郡有田川町大谷,2362,有田郡有田川町大谷,2377,4739,1.25,0.45,36.7,40.1,16.4,40
30304800360,一般国道４８０号,沓掛糸我線,沓掛糸我線,30204,0,0.3,有田市山田原,5021,有田市山田原,5314,10335,1.28,1.16,29.7,33.6,9.9,40
30304800370,一般国道４８０号,沓掛糸我線,千田箕島線,30204,0,2.7,有田市山田原,5021,有田市山田原,5314,10335,1.28,1.16,43.8,39.7,9.9,40
30304800380,一般国道４８０号,千田箕島線,有田湯浅線,30204,0,1.9,有田市新堂,3220,有田市新堂,2609,5829,1.15,0.73,35,35,9.9,40
30304800390,一般国道４８０号,有田湯浅線,一般国道４２号,30204,0,0.9,,2652,,2598,5250,1.26,0.52,30.3,36.1,9.9,40
30304800020,一般国道４８０号,（元）一般国道４８０号,一般国道４８０号,30341,0,0.1,,758,,789,1547,1.2,1.49,56.5,43.5,5,40
30304800107,一般国道４８０号,一般国道４８０号,一般国道４８０号,30341,0,0.7,,1766,,1598,3364,1.25,0.44,44.7,66.8,7.5,40
30304800147,一般国道４８０号,一般国道４８０号,一般国道４８０号,30344,0,0.9,,1933,,1870,3803,1.25,0.46,76.5,64.7,7.6,40
30400030010,かつらぎ桃山線,一般国道４８０号,かつらぎ町・紀の川市境,30341,0,1.3,,272,,279,551,1.17,0.08,26.9,30.7,6.5,40
30400030020,かつらぎ桃山線,かつらぎ町・紀の川市境,高野口野上線,30208,0,1.7,紀の川市中鞆渕,236,紀の川市中鞆渕,225,461,1.18,0.2,33.2,38.1,5.9,40
30400030030,かつらぎ桃山線,高野口野上線,高野口野上線,30208,0,5.8,紀の川市中鞆渕,236,紀の川市中鞆渕,225,461,1.18,0.2,43.5,30.9,5.9,40
30400030040,かつらぎ桃山線,高野口野上線,一般国道４２４号,30208,0,10.7,紀の川市桃山町神田,774,紀の川市桃山町神田,821,1595,1.21,0.19,42.5,42.5,8,40
30400040010,高野口野上線,一般国道２４号,橋本市・九度山町境,30203,0,1,,1641,,1839,3480,1.25,0.42,12.2,12,6.1,30
30400040020,高野口野上線,橋本市・九度山町境,和歌山橋本線,30343,0,0.3,,1641,,1839,3480,1.25,0.33,30,19,11.5,20
30400040025,高野口野上線,和歌山橋本線,,30343,0,0.1,,3874,,3964,7838,1.27,0.9,19,11.2,11.5,20
30400040030,高野口野上線,,和歌山橋本線,30343,0,1.4,,3874,,3964,7838,1.27,0.9,27.5,35.1,11.5,20
30400040040,高野口野上線,和歌山橋本線,,30343,0,0.2,,,,,,,,10.9,7.1,14.5,20
30400040060,高野口野上線,,九度山町・かつらぎ町境,30343,0,1.5,,,,,,,,,,14.5,20
30400040070,高野口野上線,九度山町・かつらぎ町境,志賀三谷線,30341,0,3.8,,,,,,,,,,2.2,20
30400040090,高野口野上線,志賀三谷線,志賀三谷線,30341,0,1.1,,178,,157,335,1.18,0.19,31.6,31.9,5.8,40
30400040100,高野口野上線,志賀三谷線,一般国道４８０号,30341,0,4,,178,,157,335,1.18,0.04,41.4,34.5,9.2,40
30400040220,高野口野上線,一般国道４８０号,（旧）高野口野上線,30341,0,0.7,伊都郡かつらぎ町御所,165,伊都郡かつらぎ町御所,132,297,1.18,0.15,25.2,45,7.5,40
30400040120,高野口野上線,（旧）高野口野上線,かつらぎ町・紀の川市境,30341,0,2.5,伊都郡かつらぎ町御所,165,伊都郡かつらぎ町御所,132,297,1.18,0.04,23.4,26.2,7.1,40
30400040130,高野口野上線,かつらぎ町・紀の川市境,上鞆淵那賀線,30208,0,0,伊都郡かつらぎ町御所,165,伊都郡かつらぎ町御所,132,297,1.18,0.17,21.2,34.3,5.8,40
30400040140,高野口野上線,上鞆淵那賀線,かつらぎ桃山線,30208,0,3.4,,272,,279,551,1.17,0.32,36.4,33.2,5.6,40
30400040160,高野口野上線,かつらぎ桃山線,垣内貴志川線,30208,0,5.1,,272,,279,551,1.17,0.07,33.4,33.4,8,40
30400040170,高野口野上線,垣内貴志川線,紀の川市・紀美野町境,30208,0,1.2,,272,,279,551,1.17,0.38,32.5,32.5,5.4,40
30400040174,高野口野上線,紀の川市・紀美野町境,高野口野上線,30304,0,1,,272,,279,551,1.17,0.21,40.6,36.6,6.3,40
30400040200,高野口野上線,高野口野上線,高野口野上線,30304,0,1.3,,,,,,,,46.7,41.4,7,40
30400040180,高野口野上線,高野口野上線,一般国道３７０号,30304,0,10.3,海草郡紀美野町蓑垣内,236,海草郡紀美野町蓑垣内,258,494,1.17,0.23,32.2,32.7,5.8,40
30400070005,粉河加太線,一般国道２４号,市道粉河６５号線,30208,0,0.1,,2759,,2833,5592,1.26,0.76,5.4,15.7,10.3,50
30400070010,粉河加太線,市道粉河６５号線,荒見粉河線,30208,0,0.2,,2759,,2833,5592,1.26,0.76,18.8,16.6,10.3,50
30400070020,粉河加太線,荒見粉河線,西川原粉河線,30208,0,0.6,,2759,,2833,5592,1.26,0.76,21.5,20.3,10.3,50
30400070030,粉河加太線,西川原粉河線,粉河寺線,30208,0,0.2,紀の川市北勢田,2222,紀の川市北勢田,2410,4632,1.26,0.44,21.2,25.1,6.5,50
30400070035,粉河加太線,粉河寺線,西川原粉河線,30208,0,0.6,紀の川市北勢田,2222,紀の川市北勢田,2410,4632,1.26,0.44,32.3,28.3,6.5,50
30400070040,粉河加太線,西川原粉河線,泉佐野打田線,30208,0,2.8,紀の川市北勢田,2222,紀の川市北勢田,2410,4632,1.26,0.44,34.4,34.1,6.5,50
30400070050,粉河加太線,泉佐野打田線,中三谷下井阪線,30208,0,2.5,,4615,,4947,9562,1.28,1.2,32.9,37.3,6.5,50
30400070060,粉河加太線,中三谷下井阪線,紀の川市・岩出市境,30208,0,0.8,岩出市新田広芝,3847,岩出市新田広芝,4630,8477,1.27,0.92,25.4,33.9,9,50
30400070070,粉河加太線,紀の川市・岩出市境,新田広芝岩出停車場線,30209,0,0.6,岩出市新田広芝,3847,岩出市新田広芝,4630,8477,1.27,0.93,34.8,31.5,9.2,50
30400070080,粉河加太線,新田広芝岩出停車場線,泉佐野岩出線,30209,0,1.6,岩出市新田広芝,3847,岩出市新田広芝,4630,8477,1.27,0.93,23.8,23.7,9.2,50
30400070090,粉河加太線,泉佐野岩出線,泉佐野岩出線,30209,0,0.5,岩出市新田広芝,3847,岩出市新田広芝,4630,8477,1.27,0.93,23.3,17.7,9.2,50
30400070100,粉河加太線,泉佐野岩出線,岩出市・和歌山市境,30209,0,2.9,岩出市新田広芝,3847,岩出市新田広芝,4630,8477,1.27,0.93,20.9,20.4,9.2,50
30400070110,粉河加太線,岩出市・和歌山市境,和歌山貝塚線,30201,0,0.7,,5707,,6295,12002,1.29,1.14,29.4,22.2,14,40
30400070120,粉河加太線,和歌山貝塚線,紀伊停車場田井ノ瀬線,30201,0,3.2,,6737,,6709,13446,1.3,1.36,25.7,25.7,6.3,50
30400070125,粉河加太線,紀伊停車場田井ノ瀬線,粉河加太線,30201,0,2.6,,6737,,6709,13446,1.3,1.4,29.6,27.4,6.3,50
30400070130,粉河加太線,粉河加太線,有功天王線,30201,0,0.2,和歌山市六十谷,14928,和歌山市六十谷,14636,29564,1.29,0.71,32.8,19.9,25.1,50
30400070140,粉河加太線,有功天王線,有功天王線,30201,0,0.5,和歌山市六十谷,14928,和歌山市六十谷,14636,29564,1.29,0.71,33.7,22.5,25.1,50
30400070144,粉河加太線,有功天王線,（元）粉河加太線,30201,0,0.3,,11704,,12299,24003,1.33,0.55,28.2,22.9,25.1,50
30400070320,粉河加太線,（元）粉河加太線,（元）粉河加太線,30201,0,0.6,,11704,,12299,24003,1.33,0.55,25.2,23.7,25.1,50
30400070150,粉河加太線,（元）粉河加太線,善明寺北島線,30201,0,0.5,,11704,,12299,24003,1.33,0.55,35.1,17.8,25.1,50
30400070160,粉河加太線,善明寺北島線,一般国道２６号（和歌山北バイパス）,30201,0,1.8,和歌山市大谷,13232,和歌山市大谷,12919,26151,1.2,0.74,21.4,9.2,25.1,50
30400070170,粉河加太線,一般国道２６号（和歌山北バイパス）,紀ノ川停車場平井線,30201,0,0.8,,13451,,13561,27012,1.35,0.7,8.3,23.2,25,40
30400070180,粉河加太線,紀ノ川停車場平井線,新和歌浦梅原線,30201,0,1.3,和歌山市栄谷,12534,和歌山市栄谷,11739,24273,1.33,0.78,29.5,22.7,25,40
30400070190,粉河加太線,新和歌浦梅原線,新和歌浦梅原線,30201,0,1.1,和歌山市梶取,6040,和歌山市梶取,5120,11160,1.31,1.03,11.4,11.3,11.1,50
30400070200,粉河加太線,新和歌浦梅原線,和歌山阪南線,30201,0,0.8,,7926,,7364,15290,1.31,1.19,12.1,10.1,11.1,50
30400070210,粉河加太線,和歌山阪南線,西脇梅原線,30201,0,3.9,和歌山市松江北,7237,和歌山市松江北,8080,15317,1.31,1.49,18.8,18.5,11.1,50
30400070220,粉河加太線,西脇梅原線,加太停車場線,30201,0,3.6,和歌山市磯ノ浦,3144,和歌山市磯ノ浦,2903,6047,1.26,0.44,41.2,43.6,7.5,50
30400070230,粉河加太線,加太停車場線,岬加太港線,30201,0,0.9,和歌山市磯ノ浦,3144,和歌山市磯ノ浦,2903,6047,1.26,0.46,34.3,30.7,7.4,50
30400070250,粉河加太線,和歌山貝塚線,紀伊停車場田井ノ瀬線,30201,0,2.6,和歌山市弘西,9493,和歌山市弘西,9285,18778,1.25,0.6,33.3,32.8,20,50
30400070340,粉河加太線,紀伊停車場田井ノ瀬線,紀伊停車場田井ノ瀬線,30201,0,0.5,,,,,,,,39.5,35.3,20,50
30400070350,粉河加太線,紀伊停車場田井ノ瀬線,,30201,0,1.2,和歌山市直川,9691,和歌山市直川,9944,19635,1.32,0.58,31.1,27.8,20,50
30400070270,粉河加太線,,粉河加太線,30201,0,0.7,,8190,,8159,16349,1.31,0.52,25,30.6,25,50
30400090010,岩出海南線,岩出野上線,井ノ口秋月線,30201,0,6,和歌山市東田中,6472,和歌山市東田中,6565,13037,1.28,0.95,28.8,26.4,14,50
30400090020,岩出海南線,井ノ口秋月線,井ノ口秋月線,30201,0,0.2,和歌山市明王寺,5406,和歌山市明王寺,5144,10550,1.28,0.96,11.6,28.4,13.75,50
30400090030,岩出海南線,井ノ口秋月線,岩出海南線,30201,0,2.6,和歌山市明王寺,5406,和歌山市明王寺,5144,10550,1.28,0.96,39.6,42.7,13.75,50
30400090040,岩出海南線,岩出海南線,岩出海南線,30201,0,0.5,和歌山市明王寺,5406,和歌山市明王寺,5144,10550,1.28,0.96,45.3,44.3,13.75,50
30400090050,岩出海南線,岩出海南線,和歌山橋本線,30201,0,0.7,和歌山市明王寺,5406,和歌山市明王寺,5144,10550,1.28,0.96,35.9,10.8,13.75,50
30400090060,岩出海南線,和歌山橋本線,山東停車場線,30201,0,0.2,,4796,,4380,9176,1.27,1.32,13,15.4,6,40
30400090070,岩出海南線,山東停車場線,和歌山野上線,30201,0,0.1,,4796,,4380,9176,1.27,1.32,15.8,17.2,6,40
30400090080,岩出海南線,和歌山野上線,岩出海南線,30201,0,1.9,和歌山市口須佐,1482,和歌山市口須佐,1549,3031,1.25,0.46,26.6,30.8,6,40
30400090090,岩出海南線,岩出海南線,沖野々森小手穂線,30201,0,0.3,和歌山市口須佐,1482,和歌山市口須佐,1549,3031,1.25,0.46,35,34.4,6,40
30400090100,岩出海南線,沖野々森小手穂線,岩出海南線,30201,0,0.2,,4288,,4358,8646,1.27,0.74,31.3,35.7,6,40
30400090110,岩出海南線,岩出海南線,,30201,0,0.8,,4288,,4358,8646,1.27,0.74,39.6,39.8,6,40
30400090130,岩出海南線,,和歌山市・海南市境,30201,0,0.4,,,,,,,,41.2,46,2,40
30400090140,岩出海南線,和歌山市・海南市境,,30202,0,0.3,,,,,,,,126.3,126.3,2.5,40
30400090160,岩出海南線,,秋月海南線,30202,0,0.3,,,,,,,,126.3,126.3,5.5,40
30400090170,岩出海南線,秋月海南線,小野田内原線,30202,0,0.3,,2995,,2882,5877,1.26,1.21,26.7,25.3,5.5,40
30400090180,岩出海南線,小野田内原線,秋月海南線,30202,0,0.2,,2995,,2882,5877,1.26,1.21,24.1,9.3,5.5,40
30400090190,岩出海南線,秋月海南線,三田海南線,30202,0,2.2,,2995,,2882,5877,1.26,0.54,34.3,36,8.8,40
30400090200,岩出海南線,三田海南線,和歌山海南線,30202,0,0.3,海南市黒江,4411,海南市黒江,4312,8723,1.26,1.1,25.6,26.5,6.4,40
30400090210,岩出海南線,和歌山海南線,和歌山海南線,30202,0,0.5,海南市黒江,4411,海南市黒江,4312,8723,1.26,1.1,22.1,14.1,6.4,40
30400090220,岩出海南線,和歌山海南線,一般国道４２号,30202,0,0.6,海南市黒江,4411,海南市黒江,4312,8723,1.26,1.1,18.8,17,6.4,40
30400090240,岩出海南線,岩出海南線,岩出海南線,30201,0,0.5,,4796,,4968,9764,1.28,1.02,27.5,27.5,13.75,50
30400090260,岩出海南線,岩出海南線,岩出海南線,30201,0,0.4,,4239,,4304,8543,1.27,0.72,34.9,34.9,13.5,40
30400100010,岩出野上線,和歌山打田線,岩出海南線,30209,0,0.2,,10218,,9752,19970,1.32,1.55,17.7,18.2,25.5,50
30400100020,岩出野上線,岩出海南線,岩出市・紀の川市境,30209,0,1.6,岩出市山崎,10728,岩出市山崎,10313,21041,1.32,1.56,19,20.1,14.9,40
30400100030,岩出野上線,岩出市・紀の川市境,桃山丸栖線,30208,0,0.2,岩出市山崎,10728,岩出市山崎,10313,21041,1.32,1.95,25.9,15.7,11.8,40
30400100040,岩出野上線,桃山丸栖線,,30208,0,1.8,岩出市山崎,10728,岩出市山崎,10313,21041,1.32,1.95,20.5,20.8,11.8,40
30400100050,岩出野上線,,和歌山橋本線,30208,0,1.1,紀の川市貴志川町前田,6386,紀の川市貴志川町前田,6708,13094,1.3,1.1,26.1,30.3,10.4,40
30400100060,岩出野上線,和歌山橋本線,和歌山橋本線,30208,0,0.5,紀の川市貴志川町前田,6386,紀の川市貴志川町前田,6708,13094,1.3,1.1,17.2,18.8,10.4,40
30400100070,岩出野上線,和歌山橋本線,一般国道４２４号,30208,0,2,紀の川市貴志川町神戸,5008,紀の川市貴志川町神戸,4676,9684,1.27,1,28.9,24.4,10.4,40
30400100090,岩出野上線,一般国道４２４号,海南市・紀美野町境,30202,0,0.6,海草郡紀美野町動木,3064,海草郡紀美野町動木,3044,6108,1.26,0.57,24.6,35.4,13.5,40
30400100100,岩出野上線,海南市・紀美野町境,一般国道３７０号,30304,0,3.3,海草郡紀美野町動木,3064,海草郡紀美野町動木,3044,6108,1.26,0.54,36.4,32.1,13.5,40
30400100120,岩出野上線,一般国道３７０号,一般国道３７０号,30304,0,0.2,海草郡紀美野町動木,3064,海草郡紀美野町動木,3044,6108,1.26,0.57,20.1,18.1,12.8,40
30810070030,和歌山橋本線,,新和歌浦梅原線,30201,0,0.5,,,,,,,,20.1,15.7,27,50
30810070020,和歌山橋本線,新和歌浦梅原線,一般国道４２号,30201,0,1,和歌山市西浜,7768,和歌山市西浜,7391,15159,1.3,1.24,11,10.1,7,30
30810070010,和歌山橋本線,一般国道４２号,和歌山海南線,30201,0,1.4,,,,,,,,16.1,13.7,30.3,50
30601350190,和歌山橋本線,和歌山海南線,和歌山海南線,30201,0,0.3,和歌山市田尻,14710,和歌山市田尻,14158,28868,1.33,1.35,7.7,23.3,31.2,50
30601420010,和歌山橋本線,和歌山海南線,三田三葛線,30201,0,1.1,和歌山市田尻,14710,和歌山市田尻,14158,28868,1.33,0.74,17.9,28.4,30,50
30601420030,和歌山橋本線,三田三葛線,秋月海南線,30201,0,0.4,和歌山市田尻,14710,和歌山市田尻,14158,28868,1.33,0.74,23.5,23.1,30,50
30601420050,和歌山橋本線,秋月海南線,秋月海南線,30201,0,0.5,和歌山市田尻,14710,和歌山市田尻,14158,28868,1.33,0.74,26.6,20.7,30,50
30400130340,和歌山橋本線,秋月海南線,沖野々森小手穂線,30201,0,1.5,和歌山市森小手穂,8953,和歌山市森小手穂,9017,17970,1.2,0.83,27,35.8,22.6,60
30400130350,和歌山橋本線,沖野々森小手穂線,阪和自動車道,30201,0,0.2,和歌山市森小手穂,8953,和歌山市森小手穂,9017,17970,1.2,0.83,20.6,20.9,22.6,60
30400130360,和歌山橋本線,阪和自動車道,和歌山野上線,30201,0,0.7,和歌山市吉礼,8241,和歌山市吉礼,8042,16283,1.3,1.38,26.9,25.4,10.5,60
30400130070,和歌山橋本線,和歌山野上線,岩出海南線,30201,0,1.7,和歌山市吉礼,8241,和歌山市吉礼,8042,16283,1.3,1.29,20.3,20,11,40
30400130080,和歌山橋本線,岩出海南線,和歌山市・紀の川市境,30201,0,2.6,紀の川市貴志川町長山,6225,紀の川市貴志川町長山,6650,12875,1.29,1.12,21.9,41.4,11,40
30400130090,和歌山橋本線,和歌山市・紀の川市境,岩出野上線,30208,0,3.3,紀の川市貴志川町長山,6225,紀の川市貴志川町長山,6650,12875,1.29,1.2,31.1,26.2,11.2,50
30400130110,和歌山橋本線,岩出野上線,一般国道４２４号,30208,0,1.3,,5967,,6660,12627,1.29,1.11,24.8,24.8,12,50
30400130125,和歌山橋本線,一般国道４２４号,（旧）和歌山橋本線,30208,0,0.9,紀の川市風市,3755,紀の川市風市,3905,7660,1.26,0.75,32.9,36.7,10.2,40
30400130320,和歌山橋本線,（旧）和歌山橋本線,,30208,0,1.4,紀の川市風市,3755,紀の川市風市,3905,7660,1.26,0.78,45.1,51.5,8.3,40
30400130240,和歌山橋本線,,（旧）和歌山橋本線,30208,0,1.8,紀の川市風市,3755,紀の川市風市,3905,7660,1.26,0.69,47.2,41.9,14.6,40
30400130140,和歌山橋本線,（旧）和歌山橋本線,上鞆淵那賀線,30208,0,3.6,伊都郡かつらぎ町西渋田,2801,伊都郡かつらぎ町西渋田,2887,5688,1.26,0.6,42.1,42.6,10.1,50
30400130150,和歌山橋本線,上鞆淵那賀線,紀の川市・かつらぎ町境,30208,0,1.1,伊都郡かつらぎ町西渋田,2801,伊都郡かつらぎ町西渋田,2887,5688,1.26,0.6,47.4,46.3,10.1,50
30400130154,和歌山橋本線,紀の川市・かつらぎ町境,（旧）和歌山橋本線,30341,0,1.1,伊都郡かつらぎ町西渋田,2801,伊都郡かつらぎ町西渋田,2887,5688,1.26,0.57,53.8,51.8,11.1,50
30400130280,和歌山橋本線,（旧）和歌山橋本線,（旧）和歌山橋本線,30341,0,1.5,,9561,,9732,19293,1.32,1.18,46.7,43.8,12,40
30400130160,和歌山橋本線,（旧）和歌山橋本線,一般国道４８０号,30341,0,0.3,,2941,,3074,6015,1.26,0.67,30.5,30.1,11.1,50
30400130170,和歌山橋本線,一般国道４８０号,志賀三谷線,30341,0,4.1,伊都郡かつらぎ町兄井,2774,伊都郡かつらぎ町兄井,2740,5514,1.26,0.53,46.2,48.5,11.1,50
30400130180,和歌山橋本線,志賀三谷線,三谷妙寺停車場線,30341,0,0.2,,3627,,3670,7297,1.27,0.75,35.6,38.6,11.1,50
30400130190,和歌山橋本線,三谷妙寺停車場線,かつらぎ町・九度山町境,30341,0,1.1,,3627,,3670,7297,1.27,0.75,47.1,46.4,11.1,50
30400130200,和歌山橋本線,かつらぎ町・九度山町境,高野口野上線,30343,0,1.7,,3627,,3670,7297,1.27,0.74,41.8,39.4,10.2,50
30400130220,和歌山橋本線,高野口野上線,一般国道３７０号,30343,0,0.8,,3751,,3841,7592,1.27,0.98,22,23.3,8.3,40
30400140010,和歌山打田線,一般国道２４号,紀伊停車場田井ノ瀬線,30201,0,0.6,和歌山市出島,6289,和歌山市出島,5858,12147,1.26,0.87,19.1,14.5,10.2,60
30400140020,和歌山打田線,紀伊停車場田井ノ瀬線,岩橋栗栖線,30201,0,0.7,和歌山市出島,6289,和歌山市出島,5858,12147,1.26,0.87,12.3,28.5,10.2,60
30400140030,和歌山打田線,岩橋栗栖線,和歌山貝塚線,30201,0,2.4,和歌山市出島,6289,和歌山市出島,5858,12147,1.26,0.87,33.6,32.2,10.2,60
30400140040,和歌山打田線,和歌山貝塚線,布施屋停車場線,30201,0,0.2,和歌山市小倉,5996,和歌山市小倉,6411,12407,1.35,0.96,6.3,24.6,10.2,60
30400140050,和歌山打田線,布施屋停車場線,和歌山市・岩出市境,30201,0,4.5,和歌山市小倉,5996,和歌山市小倉,6411,12407,1.35,0.96,38.7,44.3,10.2,60
30400140060,和歌山打田線,和歌山市・岩出市境,岩出野上線,30209,0,0.2,和歌山市小倉,5996,和歌山市小倉,6411,12407,1.35,0.87,31.7,10.9,12.5,60
30400140070,和歌山打田線,岩出野上線,泉佐野岩出線,30209,0,0.6,岩出市宮,12281,岩出市宮,12988,25269,1.32,0.76,15.3,23.9,22,60
30400140080,和歌山打田線,泉佐野岩出線,小豆島岩出線,30209,0,0.2,岩出市岡田,3891,岩出市岡田,4090,7981,1.27,0.72,11.8,14.2,9.8,40
30400140090,和歌山打田線,小豆島岩出線,新田広芝岩出停車場線,30209,0,0.7,岩出市岡田,3891,岩出市岡田,4090,7981,1.27,0.72,13.8,11.9,9.8,40
30400140100,和歌山打田線,新田広芝岩出停車場線,岩出市・紀の川市境,30209,0,1.2,岩出市岡田,3891,岩出市岡田,4090,7981,1.27,0.72,23.8,29.2,9.8,40
30400140110,和歌山打田線,岩出市・紀の川市境,中三谷下井阪線,30208,0,0.5,岩出市岡田,3891,岩出市岡田,4090,7981,1.27,0.71,35.7,19.3,8.1,40
30400140120,和歌山打田線,中三谷下井阪線,一般国道４２４号,30208,0,3,,3413,,3535,6948,1.26,0.61,31.8,30.5,8.1,40
30400140130,和歌山打田線,一般国道４２４号,一般国道２４号,30208,0,0.6,,3413,,3535,6948,1.26,0.61,21.6,19.6,8.1,40
30400150010,新和歌浦梅原線,,新和歌浦線,30201,0,0.7,和歌山市西浜,1898,和歌山市西浜,1821,3719,1.25,0.46,25,13.5,8.4,50
30400150020,新和歌浦梅原線,新和歌浦線,,30201,0,1.6,和歌山市西浜,1898,和歌山市西浜,1821,3719,1.25,0.46,28.6,22.9,8.4,50
30400150025,新和歌浦梅原線,,和歌山橋本線,30201,0,0.7,,12304,,12995,25299,1.34,0.95,19.7,14.9,17,50
30400150030,新和歌浦梅原線,和歌山橋本線,和歌山港線,30201,0,2.5,和歌山市西浜,9339,和歌山市西浜,10470,19809,1.34,0.78,23.1,22,17,50
30400150040,新和歌浦梅原線,和歌山港線,和歌山阪南線,30201,0,0.5,,12000,,11768,23768,1.33,1.06,13,26.3,17,50
30400150050,新和歌浦梅原線,和歌山阪南線,和歌山阪南線,30201,0,0.1,,12000,,11768,23768,1.33,1.06,20.6,23.8,17,50
30400150060,新和歌浦梅原線,和歌山阪南線,一般国道２４号,30201,0,1.1,,12000,,11768,23768,1.33,1.06,22.9,18.2,17,50
30400150070,新和歌浦梅原線,一般国道２４号,善明寺北島線,30201,0,1,和歌山市北島,9672,和歌山市北島,11084,20756,1.23,1.77,17.3,15.6,10.4,50
30400150080,新和歌浦梅原線,善明寺北島線,（元）和歌山港北島線,30201,0,0.2,和歌山市北島,9672,和歌山市北島,11084,20756,1.23,1.77,10.7,17.8,10.4,50
30400150090,新和歌浦梅原線,（元）和歌山港北島線,粉河加太線,30201,0,0.4,和歌山市北島,9672,和歌山市北島,11084,20756,1.23,1.77,7.7,12.7,10.4,50
30400150110,新和歌浦梅原線,粉河加太線,和歌山阪南線,30201,0,1.1,,7651,,6711,14362,1.3,1.2,26.5,19.7,10.7,50
30400160010,和歌山港線,一般国道２４号,新和歌浦梅原線,30201,0,1,和歌山市築港,5832,和歌山市築港,6091,11923,1.29,0.53,25.2,16.2,25.5,50
30400160020,和歌山港線,新和歌浦梅原線,,30201,0,1.3,和歌山市築港,5832,和歌山市築港,6091,11923,1.29,0.53,24.5,31.3,25.5,50
30400170010,和歌山停車場線,,和歌山海南線,30201,0,0.8,和歌山市北ノ新地,11944,和歌山市北ノ新地,14019,25963,1.34,0.71,20.3,21.5,50,40
30400170020,和歌山停車場線,和歌山海南線,一般国道２４号,30201,0,1.2,和歌山市北ノ新地,11944,和歌山市北ノ新地,14019,25963,1.34,0.71,21.5,16,50,40
30400180010,海南金屋線,一般国道３７０号,秋月海南線,30202,0,1.1,海南市日方,5741,海南市日方,5973,11714,1.29,1,23.1,24,18.2,40
30400180020,海南金屋線,秋月海南線,阪和自動車道,30202,0,0.8,海南市日方,5741,海南市日方,5973,11714,1.29,1,26.3,27.9,18.2,40
30400180030,海南金屋線,阪和自動車道,一般国道３７０号,30202,0,0.3,海南市日方,5741,海南市日方,5973,11714,1.29,1,13.9,11.7,18.2,40
30400180044,海南金屋線,一般国道３７０号,海南金屋線,30202,0,1.5,,1892,,1553,3445,1.25,0.46,23.8,24.5,12,40
30400180080,海南金屋線,海南金屋線,海南金屋線,30202,0,1,,556,,530,1086,1.17,0.15,53.8,50.4,13,40
30400180050,海南金屋線,海南金屋線,海南市・有田川町境,30202,0,6.3,海南市別所,812,海南市別所,754,1566,1.2,0.31,33.4,32,6,40
30400180060,海南金屋線,海南市・有田川町境,一般国道４８０号,30366,0,8.2,有田郡有田川町黒松,650,有田郡有田川町黒松,648,1298,1.17,0.19,44.8,45.1,6,40
30400180100,海南金屋線（市場バイパス）,一般国道４８０号,一般国道４２４号,30366,0,1.2,有田郡有田川町市場,889,有田郡有田川町市場,858,1747,1.17,0.2,48.2,43.4,9.75,40
30400180047,海南金屋線,海南金屋線,海南金屋線,30202,0,1,,1892,,1553,3445,1.25,0.43,51.8,51.8,12,40
30400190010,美里龍神線,一般国道３７０号,紀美野町・有田川町境,30304,0,8.7,海草郡紀美野町蓑六,8,海草郡紀美野町蓑六,7,15,1.13,0.01,22.9,26.3,6,40
30400190020,美里龍神線,紀美野町・有田川町境,野上清水線,30366,0,5.7,,61,,68,129,1.32,0.19,32.2,27.8,4,60
30400190030,美里龍神線,野上清水線,一般国道４８０号,30366,0,1.1,,61,,68,129,1.32,0.19,32.2,27.8,4,60
30400190050,美里龍神線,一般国道４８０号,一般国道４８０号,30366,0,1.9,,1637,,1728,3365,1.25,0.49,22,29.8,12,40
30400190070,美里龍神線,一般国道４８０号,美里龍神線,30366,0,2.4,,274,,261,535,1.17,0.06,39.2,40.9,7,40
30400190080,美里龍神線,美里龍神線,美里龍神線,30366,0,0.6,,274,,261,535,1.17,0.06,30.6,41.5,7,40
30400190090,美里龍神線,美里龍神線,下湯川金屋線,30366,0,1.5,,274,,261,535,1.17,0.16,32.1,37.8,6.4,40
30400190100,美里龍神線,下湯川金屋線,,30366,0,4.9,,274,,261,535,1.17,0.16,30.5,30.5,6.4,40
30400190110,美里龍神線,,,30366,0,1,,,,,,,,14.9,14.1,3.5,40
30400190130,美里龍神線,,有田川町・日高川町境,30366,0,3,,,,,,,,,,0.5,40
30400190140,美里龍神線,有田川町・日高川町境,日高川町・田辺市境,30392,0,4.8,,,,,,,,,,1,40
30400190150,美里龍神線,日高川町・田辺市境,田辺市・日高川町境,30206,0,0.7,,,,,,,,,,1,40
30400190160,美里龍神線,田辺市・日高川町境,日高川町・田辺市境,30392,0,1,,,,,,,,,,1,40
30400190170,美里龍神線,日高川町・田辺市境,,30206,0,4.3,,,,,,,,,,2,40
30400190190,美里龍神線,,一般国道３７１号,30206,0,0.8,,,,,,,,26.6,26.6,2,40
30400200010,有田湯浅線,一般国道４８０号,宮崎古江見線,30204,0,0.2,,2151,,2070,4221,1.25,0.41,11.1,15.5,9.9,40
30400200020,有田湯浅線,宮崎古江見線,一般国道４２号,30204,0,0.6,,2151,,2070,4221,1.25,0.41,25.4,21.5,9.9,40
30400200040,有田湯浅線,一般国道４２号,千田箕島線,30204,0,1.6,,2151,,2070,4221,1.25,0.6,27.2,32.2,7.2,40
30400200050,有田湯浅線,千田箕島線,有田市・湯浅町境,30204,0,1.5,有田市千田,1405,有田市千田,1469,2874,1.25,0.35,21.1,18.8,6.1,40
30400200054,有田湯浅線,有田市・湯浅町境,（旧）有田湯浅線,30361,0,1.9,有田市千田,1405,有田市千田,1469,2874,1.25,0.27,40.6,43.1,13,40
30400200080,有田湯浅線,（旧）有田湯浅線,（旧）有田湯浅線,30361,0,0.9,有田郡湯浅町栖原,1773,有田郡湯浅町栖原,1895,3668,1.25,0.48,51.2,51.5,5.5,40
30400200060,有田湯浅線,（旧）有田湯浅線,御坊湯浅線,30361,0,2.7,有田郡湯浅町栖原,1773,有田郡湯浅町栖原,1895,3668,1.25,0.4,21.2,24.3,9.8,40
30400210005,広川川辺線,一般国道４２号,（旧）広川川辺線,30362,0,5.7,有田郡広川町下津木,764,有田郡広川町下津木,797,1561,1.25,0.18,46.3,49.8,9.6,40
30400210050,広川川辺線,（旧）広川川辺線,（旧）広川川辺線,30362,0,0.3,有田郡広川町下津木,764,有田郡広川町下津木,797,1561,1.25,0.27,40.6,39.6,4.4,40
30400210020,広川川辺線,（旧）広川川辺線,広川町・日高川町境,30362,0,2.9,,1217,,1216,2433,1.22,0.3,49.4,47.6,8.5,40
30400210030,広川川辺線,広川町・日高川町境,御坊美山線,30392,0,3,,253,,258,511,1.17,0.1,40,40.1,8.5,40
30400220090,吉備金屋線,一般国道４２号,,30366,0,0.9,,,,,,,,30.2,28.9,14,40
30400220070,吉備金屋線,,阪和自動車道,30366,0,0.2,,,,,,,,12.6,14.8,14,40
30400220050,吉備金屋線,阪和自動車道,一般国道４２４号,30366,0,4.6,有田郡有田川町西丹生図,5816,有田郡有田川町西丹生図,5864,11680,1.21,0.94,30.4,28.6,15,40
30400220010,吉備金屋線,一般国道４２号,海南吉備線,30366,0,0.8,,4823,,4449,9272,1.27,0.74,17.3,20.1,14,40
30400220020,吉備金屋線,海南吉備線,海南吉備線,30366,0,0.1,,4823,,4449,9272,1.27,0.74,15.4,17.1,14,40
30400220030,吉備金屋線,海南吉備線,一般国道４２４号,30366,0,4.9,有田郡有田川町垣倉,2782,有田郡有田川町垣倉,3049,5831,1.27,0.76,31.5,30.6,14,40
30400230010,御坊湯浅線,一般国道４２号,井関御坊線,30382,0,0.3,,170,,170,340,1.18,0.43,13.7,31.4,5,40
30400230020,御坊湯浅線,井関御坊線,日高町・由良町境,30382,0,2.9,,170,,170,340,1.18,0.43,20.4,34,5,40
30400230030,御坊湯浅線,日高町・由良町境,御坊由良線,30383,0,2.2,,170,,170,340,1.18,0.24,22.5,22.5,5.5,40
30400230040,御坊湯浅線,御坊由良線,御坊由良線,30383,0,0.3,,678,,594,1272,1.18,0.13,22.3,22.9,17.75,40
30400230050,御坊湯浅線,御坊由良線,一般国道４２号,30383,0,1.1,,678,,594,1272,1.18,0.13,22.4,22.3,17.75,40
30400230063,御坊湯浅線,一般国道４２号,御坊湯浅線,30383,0,1.3,,637,,594,1231,1.18,0.18,40.6,50.6,8.4,40
30400230220,御坊湯浅線,御坊湯浅線,御坊湯浅線,30383,0,0.6,,637,,594,1231,1.18,0.18,62.2,53,8.4,40
30400230065,御坊湯浅線,御坊湯浅線,御坊由良線,30383,0,0,,637,,594,1231,1.18,0.18,22.5,36.3,8.4,40
30400230210,御坊湯浅線,御坊由良線,町道,30383,0,2.7,,1322,,1541,2863,1.25,0.29,43.3,45.2,7.8,40
30400230080,御坊湯浅線,町道,由良町・広川町境,30383,0,0.9,,1322,,1541,2863,1.25,0.29,46.1,46.6,7.8,40
30400230090,御坊湯浅線,由良町・広川町境,御坊湯浅線,30362,0,3.3,有田郡広川町唐尾,1174,有田郡広川町唐尾,1231,2405,1.22,0.29,49.8,50.8,11.3,40
30400230100,御坊湯浅線,御坊湯浅線,御坊湯浅線,30362,0,0,,1696,,1459,3155,1.25,0.21,53.3,57.1,10.6,40
30400230110,御坊湯浅線,御坊湯浅線,湯浅広港線,30362,0,1.8,,1696,,1459,3155,1.25,0.21,36.7,40.3,10.6,40
30400230120,御坊湯浅線,湯浅広港線,湯浅広港線,30362,0,0.3,,1696,,1459,3155,1.25,0.25,23.1,14.9,6.5,40
30400230130,御坊湯浅線,湯浅広港線,広川町・湯浅町境,30362,0,0.5,,1696,,1459,3155,1.25,0.25,24.9,20.8,6.5,40
30400230140,御坊湯浅線,広川町・湯浅町境,湯浅広港湯浅停車場線,30361,0,0.1,,1696,,1459,3155,1.25,1.07,24.5,24.3,5.4,40
30400230150,御坊湯浅線,湯浅広港湯浅停車場線,湯浅広港湯浅停車場線,30361,0,0.2,,1696,,1459,3155,1.25,1.07,15.9,9.8,5.4,40
30400230160,御坊湯浅線,湯浅広港湯浅停車場線,有田湯浅線,30361,0,0.1,,1696,,1459,3155,1.25,0.56,,18.2,4.5,40
30400230170,御坊湯浅線,有田湯浅線,一般国道４２号,30361,0,1,,1696,,1459,3155,1.25,0.56,,10.8,4.5,40
30400230190,御坊湯浅線,御坊湯浅線,御坊湯浅線,30362,0,0.4,,976,,1143,2119,1.22,1.28,21.8,52.5,4.3,40
30400240010,御坊由良線,一般国道４２号,御坊市・美浜町境,30205,0,0.4,日高郡美浜町和田,2356,日高郡美浜町和田,2745,5101,1.25,0.46,22.2,26.4,6.4,40
30400240020,御坊由良線,御坊市・美浜町境,柏御坊線,30381,0,1.5,日高郡美浜町和田,2356,日高郡美浜町和田,2745,5101,1.25,0.54,44.7,39.6,8,40
30400240030,御坊由良線,柏御坊線,柏御坊線,30381,0,0.8,日高郡美浜町和田,2356,日高郡美浜町和田,2745,5101,1.25,0.62,38.5,32.6,9.7,40
30400240040,御坊由良線,柏御坊線,日の岬公園線,30381,0,5.3,日高郡美浜町三尾,832,日高郡美浜町三尾,815,1647,1.21,0.22,38.7,35.6,9.7,40
30400240050,御坊由良線,日の岬公園線,美浜町・日高町境,30381,0,0.7,日高郡日高町産湯,567,日高郡日高町産湯,588,1155,1.18,0.24,42.9,35.1,5,40
30400240060,御坊由良線,美浜町・日高町境,比井紀伊内原停車場線,30382,0,5.8,日高郡日高町産湯,567,日高郡日高町産湯,588,1155,1.18,0.22,28.2,31.9,11.6,40
30400240070,御坊由良線,比井紀伊内原停車場線,柏御坊線,30382,0,6.3,日高郡日高町小浦,121,日高郡日高町小浦,127,248,1.2,0.07,33.3,31.8,6.3,40
30400240080,御坊由良線,柏御坊線,日高町・由良町境,30382,0,1.2,日高郡日高町志賀,163,日高郡日高町志賀,187,350,1.2,0.06,28.2,37.5,6.3,40
30400240090,御坊由良線,日高町・由良町境,御坊湯浅線,30383,0,1.3,日高郡日高町志賀,163,日高郡日高町志賀,187,350,1.2,0.05,32.6,24,13.1,40
30400240110,御坊由良線,御坊湯浅線,,30383,0,7.6,日高郡由良町神谷,291,日高郡由良町神谷,253,544,1.17,0.07,30.7,30.2,10.4,40
30400240114,御坊由良線,,（元）御坊由良線,30383,0,2.2,日高郡由良町小引,179,日高郡由良町小引,187,366,1.32,0.19,22.1,22.1,5.3,40
30400240140,御坊由良線,（元）御坊由良線,（元）御坊由良線,30383,0,0.3,,82,,75,157,1.32,0.05,32.8,40.9,6,40
30400240160,御坊由良線,（元）御坊由良線,（元）御坊由良線,30383,0,2.4,,82,,75,157,1.32,0.05,36.2,34.2,6,40
30400240120,御坊由良線,（元）御坊由良線,御坊湯浅線,30383,0,0.5,日高郡由良町衣奈,789,日高郡由良町衣奈,741,1530,1.18,0.18,36.2,34.2,12.5,40
30400230070,御坊由良線,町道,御坊湯浅線,30383,0,1.4,日高郡由良町衣奈,789,日高郡由良町衣奈,741,1530,1.18,0.19,39.4,40.4,9.5,40
30400250010,御坊中津線,一般国道４２号,阪和自動車道,30205,0,2.6,御坊市熊野,2325,御坊市熊野,2231,4556,1.25,0.53,27.6,36.7,13.8,40
30400250020,御坊中津線,阪和自動車道,御坊市・日高川町境,30205,0,1.5,御坊市熊野,2325,御坊市熊野,2231,4556,1.25,0.53,52.5,49.3,13.8,40
30400250030,御坊中津線,御坊市・日高川町境,日高印南線,30392,0,0.7,御坊市熊野,2325,御坊市熊野,2231,4556,1.25,0.49,45.7,51.2,10.4,40
30400250040,御坊中津線,日高印南線,玄子和佐線,30392,0,0.1,日高郡日高川町江川,2657,日高郡日高川町江川,2618,5275,1.25,0.62,35.3,40.1,10.4,40
30400250050,御坊中津線,玄子和佐線,江川小松原線,30392,0,1.4,日高郡日高川町江川,2657,日高郡日高川町江川,2618,5275,1.25,0.62,47.4,47,10.4,40
30400250060,御坊中津線,江川小松原線,日高印南線,30392,0,0.8,日高郡日高川町山野,290,日高郡日高川町山野,293,583,1.18,0.1,49.1,48.5,8.6,40
30400250070,御坊中津線,日高印南線,たかの金屋線,30392,0,10.8,日高郡日高川町山野,290,日高郡日高川町山野,293,583,1.18,0.09,37.1,37.6,8.4,40
30400250080,御坊中津線,たかの金屋線,たかの金屋線,30392,0,3.2,日高郡日高川町上田原,52,日高郡日高川町上田原,50,102,1.32,0.02,34.6,34.6,6,60
30400250084,御坊中津線,たかの金屋線,,30392,0,3.5,日高郡日高川町上田原,52,日高郡日高川町上田原,50,102,1.32,0.02,42.4,42.4,6,60
30400250100,御坊中津線,,,30392,0,0.9,日高郡日高川町上田原,52,日高郡日高川町上田原,50,102,1.32,0.16,11.8,11.8,5.2,40
30400250090,御坊中津線,,御坊美山線,30392,0,3.2,日高郡日高川町上田原,52,日高郡日高川町上田原,50,102,1.32,0.06,41.4,41.5,6,60
30400260010,御坊美山線,一般国道４２号,井関御坊線,30205,0,0.4,御坊市湯川町財部,6677,御坊市湯川町財部,6742,13419,1.17,1.34,9.2,14.4,12.5,40
30400260020,御坊美山線,井関御坊線,御坊停車場線,30205,0,0.8,御坊市湯川町財部,6677,御坊市湯川町財部,6742,13419,1.17,1.34,17.7,16.5,12.5,40
30400260030,御坊美山線,御坊停車場線,日高印南線,30205,0,0.9,御坊市湯川町財部,6677,御坊市湯川町財部,6742,13419,1.17,1.34,18.5,19.8,12.5,40
30400260040,御坊美山線,日高印南線,日高印南線,30205,0,0.7,御坊市藤田町吉田,3347,御坊市藤田町吉田,3002,6349,1.25,0.54,23.2,35.3,14,40
30400260050,御坊美山線,日高印南線,御坊市・日高川町境,30205,0,0.6,御坊市藤田町吉田,3347,御坊市藤田町吉田,3002,6349,1.25,0.54,35,34.2,14,40
30400260060,御坊美山線,御坊市・日高川町境,江川小松原線,30392,0,0.4,御坊市藤田町吉田,3347,御坊市藤田町吉田,3002,6349,1.25,0.58,26.8,20.1,14,40
30400260070,御坊美山線,江川小松原線,江川小松原線,30392,0,0.3,御坊市藤田町吉田,3347,御坊市藤田町吉田,3002,6349,1.25,0.58,13.7,17.5,14,40
30400260080,御坊美山線,江川小松原線,玄子小松原線,30392,0,3.2,日高郡日高川町土生,2180,日高郡日高川町土生,2088,4268,1.25,0.44,45.7,42.9,14,40
30400260090,御坊美山線,玄子小松原線,広川川辺線,30392,0,5.2,日高郡日高川町土生,2180,日高郡日高川町土生,2088,4268,1.25,0.44,56.6,55.9,14,40
30400260100,御坊美山線,広川川辺線,船津和佐線,30392,0,3.4,,1945,,1833,3778,1.25,0.44,57.6,52.1,9.9,40
30400260104,御坊美山線,船津和佐線,御坊美山線,30392,0,0.2,,1945,,1833,3778,1.25,0.44,58.8,56,9.9,40
30400260160,御坊美山線,御坊美山線,御坊美山線,30392,0,0.6,,,,,,,,59.2,56.9,12.3,40
30400260110,御坊美山線,御坊美山線,たかの金屋線,30392,0,2.2,日高郡日高川町高津尾,1955,日高郡日高川町高津尾,1895,3850,1.25,0.48,45,44.4,9.9,40
30400260120,御坊美山線,たかの金屋線,たかの金屋線,30392,0,0.6,日高郡日高川町高津尾,1955,日高郡日高川町高津尾,1895,3850,1.25,0.48,47.8,41.1,9.9,40
30400260130,御坊美山線,たかの金屋線,御坊中津線,30392,0,3.4,日高郡日高川町高津尾,1061,日高郡日高川町高津尾,1077,2138,1.21,0.27,53.4,52.7,12.5,40
30400260140,御坊美山線,御坊中津線,一般国道４２４号,30392,0,5.5,,1017,,995,2012,1.21,0.29,53.8,48.9,10,40
30400270010,日高印南線,一般国道４２号,日高町・御坊市境,30382,0,1.6,,4562,,5491,10053,1.28,0.82,24.3,26.6,9,40
30400270020,日高印南線,日高町・御坊市境,,30205,0,0.6,,4562,,5491,10053,1.28,1.66,36.8,32.7,5.2,40
30400270040,日高印南線,,,30205,0,1.1,,4562,,5491,10053,1.28,1.88,30.8,30.8,5.1,40
30400270060,日高印南線,,玄子小松原線,30205,0,0.1,,4562,,5491,10053,1.28,1.35,34.3,37.7,5.4,40
30400270070,日高印南線,玄子小松原線,玄子小松原線,30205,0,0.1,,4562,,5491,10053,1.28,1.35,27.9,30.2,5.4,40
30400270080,日高印南線,玄子小松原線,江川小松原線,30205,0,0.6,,4562,,5491,10053,1.28,1.35,23.4,21.2,5.4,40
30400270090,日高印南線,江川小松原線,江川小松原線,30205,0,0.6,,4562,,5491,10053,1.28,1.35,20,20.4,5.4,40
30400270100,日高印南線,江川小松原線,御坊美山線,30205,0,0.1,,4562,,5491,10053,1.28,1.35,26,21.2,5.4,40
30400270120,日高印南線,御坊美山線,阪和自動車道,30205,0,1.3,御坊市野口,3441,御坊市野口,3580,7021,1.27,0.56,28.2,27.4,13.1,40
30400270130,日高印南線,阪和自動車道,御坊市・日高川町境,30205,0,1.6,御坊市野口,3441,御坊市野口,3580,7021,1.27,0.56,48.1,46.8,13.1,40
30400270140,日高印南線,御坊市・日高川町境,御坊中津線,30392,0,0.8,御坊市野口,3441,御坊市野口,3580,7021,1.27,0.61,49,43.9,9.8,40
30400270160,日高印南線,御坊中津線,日高川町・印南町境,30392,0,1.2,日高郡日高川町江川,1416,日高郡日高川町江川,1429,2845,1.25,0.41,47.7,47.9,9,40
30400270170,日高印南線,日高川町・印南町境,印南原印南線,30390,0,0.8,日高郡日高川町江川,1416,日高郡日高川町江川,1429,2845,1.25,0.35,53.8,55.4,10.6,40
30400270180,日高印南線,印南原印南線,一般国道４２５号,30390,0,3.1,日高郡日高川町江川,1416,日高郡日高川町江川,1429,2845,1.25,0.43,42.3,37.4,5.8,40
30400280010,印南原印南線,日高印南線,一般国道４２５号,30390,0,1.8,日高郡印南町印南原,1097,日高郡印南町印南原,1146,2243,1.21,0.3,51,49.6,12.6,40
30400280030,印南原印南線,一般国道４２５号,滝之口古井口線,30390,0,1.8,日高郡印南町印南,2179,日高郡印南町印南,1961,4140,1.25,0.46,49.8,51.5,10.3,60
30400280040,印南原印南線,滝之口古井口線,阪和自動車道,30390,0,3.2,日高郡印南町印南,2179,日高郡印南町印南,1961,4140,1.25,0.46,49.3,49.8,10.3,60
30400280050,印南原印南線,阪和自動車道,一般国道４２号,30390,0,0.8,日高郡印南町印南,2179,日高郡印南町印南,1961,4140,1.25,0.46,36.5,32.5,10.3,60
30400290010,田辺龍神線,田辺白浜線,秋津川田辺線,30206,0,0.9,,4488,,4496,8984,1.27,0.97,12.2,12.6,11.2,30
30400290020,田辺龍神線,秋津川田辺線,一般国道４２４号,30206,0,0.5,,4488,,4496,8984,1.27,0.97,19.8,17.4,11.2,30
30400290040,田辺龍神線,一般国道４２４号,一般国道４２号,30206,0,0.7,,5165,,4654,9819,1.28,0.95,16.5,15.3,12.5,60
30400290045,田辺龍神線,一般国道４２号,上富田南部線,30206,0,0.7,田辺市秋津町,4895,田辺市秋津町,4388,9283,1.28,0.75,19.7,27.7,12.5,60
30400290050,田辺龍神線,上富田南部線,上富田南部線,30206,0,0.1,田辺市秋津町,4895,田辺市秋津町,4388,9283,1.28,0.75,20.7,22,12.5,60
30400290060,田辺龍神線,上富田南部線,長野上秋津線,30206,0,1.5,田辺市秋津町,4895,田辺市秋津町,4388,9283,1.28,0.75,33,33.8,12.5,60
30400290070,田辺龍神線,長野上秋津線,田辺印南線,30206,0,5.2,田辺市秋津川,632,田辺市秋津川,553,1185,1.22,0.16,41.9,41,8.8,60
30400290080,田辺龍神線,田辺印南線,田辺市・みなべ町境,30206,0,7.6,田辺市秋津川,632,田辺市秋津川,553,1185,1.22,0.16,46.9,47.3,8.8,60
30400290090,田辺龍神線,田辺市・みなべ町境,みなべ町・田辺市境,30391,0,2.7,,555,,514,1069,1.17,0.12,46.9,47.3,14,40
30400290100,田辺龍神線,みなべ町・田辺市境,田辺市・みなべ町境,30206,0,0.6,,555,,514,1069,1.17,0.12,39.8,51.6,8,40
30400290110,田辺龍神線,田辺市・みなべ町境,みなべ町・田辺市境,30391,0,0.8,,555,,514,1069,1.17,0.15,53.9,50.9,7.5,40
30400290120,田辺龍神線,みなべ町・田辺市境,龍神中辺路線,30206,0,4.9,,555,,514,1069,1.17,0.14,52.3,59.2,6.5,40
30400290130,田辺龍神線,龍神中辺路線,一般国道４２５号,30206,0,0.5,,555,,514,1069,1.17,0.14,35.2,34.6,6.5,40
30400290150,田辺龍神線,一般国道４２４号,田辺市・日高川町境,30206,0,2.8,日高郡日高川町寒川,239,日高郡日高川町寒川,244,483,1.22,0.78,34.2,40.2,3.5,40
30400290160,田辺龍神線,田辺市・日高川町境,,30392,0,8.5,日高郡日高川町寒川,239,日高郡日高川町寒川,244,483,1.22,0.78,40.2,40.2,4,40
30400290180,田辺龍神線,,日高川町・田辺市境,30392,0,2.9,,,,,,,,,,0.5,40
30400290190,田辺龍神線,日高川町・田辺市境,田辺市・日高川町境,30206,0,0.1,,,,,,,,,,0.5,40
30400290200,田辺龍神線,田辺市・日高川町境,日高川町・田辺市境,30392,0,0.4,,,,,,,,,,0.5,40
30400290210,田辺龍神線,日高川町・田辺市境,,30206,0,3.6,,,,,,,,,,0.5,40
30400300010,田辺印南線,田辺龍神線,秋津川田辺線,30206,0,0.9,,1438,,1568,3006,1.25,0.61,23.2,17.9,5.5,60
30400300020,田辺印南線,秋津川田辺線,秋津川田辺線,30206,0,3.1,田辺市秋津川,47,田辺市秋津川,45,92,1.32,0.05,27.2,30.7,5.5,60
30400300030,田辺印南線,秋津川田辺線,芳養清川線,30206,0,1.6,,1438,,1568,3006,1.25,0.61,33.9,56.1,5.5,60
30400300040,田辺印南線,芳養清川線,芳養清川線,30206,0,1.7,田辺市上芳養,988,田辺市上芳養,1048,2036,1.22,0.23,47.3,51.7,11.7,60
30400300050,田辺印南線,芳養清川線,田辺市・みなべ町境,30206,0,1.5,,1438,,1568,3006,1.25,0.34,28.3,47.8,11.7,60
30400300060,田辺印南線,田辺市・みなべ町境,一般国道４２４号,30391,0,3.7,,3654,,4103,7757,1.27,1.27,30.3,35.8,5.5,40
30400300080,田辺印南線,一般国道４２４号,滝切目停車場線,30391,0,5.9,,206,,184,390,1.22,0.05,41.9,36.7,9,40
30400300090,田辺印南線,滝切目停車場線,みなべ町・印南町境,30391,0,0.5,日高郡印南町樮川,209,日高郡印南町樮川,224,433,1.21,0.31,28.8,22.2,4.5,40
30400300100,田辺印南線,みなべ町・印南町境,滝切目停車場線,30390,0,3.8,日高郡印南町樮川,209,日高郡印南町樮川,224,433,1.21,0.15,33.1,34.6,5.7,40
30400300110,田辺印南線,滝切目停車場線,古井西の地線,30390,0,2.2,日高郡印南町樮川,209,日高郡印南町樮川,224,433,1.21,0.15,40.4,41,5.7,40
30400300120,田辺印南線,古井西の地線,一般国道４２５号,30390,0,0.1,日高郡印南町樮川,209,日高郡印南町樮川,224,433,1.21,0.15,29.5,33.6,5.7,40
30400310010,田辺白浜線,田辺龍神線,一般国道４２４号,30206,0,0.7,,8143,,8042,16185,1.31,0.61,16.3,,21.2,30
30400310020,田辺白浜線,一般国道４２４号,文里港線,30206,0,1,田辺市東山,7475,田辺市東山,7731,15206,1.31,1.3,23.9,17.8,18.5,30
30400310030,田辺白浜線,文里港線,温川田辺線,30206,0,0.2,田辺市新庄町,8852,田辺市新庄町,8579,17431,1.31,1.38,12.2,18.2,18.5,30
30400310040,田辺白浜線,温川田辺線,一般国道４２号,30206,0,1.3,田辺市新庄町,8852,田辺市新庄町,8579,17431,1.31,1.38,21.8,15.3,18.5,30
30400310060,田辺白浜線,一般国道４２号,上富田町・白浜町境,30404,0,0.8,西牟婁郡白浜町堅田,2714,西牟婁郡白浜町堅田,2880,5594,1.26,0.38,31.1,18.8,15.5,40
30400310070,田辺白浜線,上富田町・白浜町境,田辺白浜線,30401,0,1.1,西牟婁郡白浜町堅田,2714,西牟婁郡白浜町堅田,2880,5594,1.26,0.37,12.3,21.1,20.8,40
30400310080,田辺白浜線,田辺白浜線,白浜停車場線,30401,0,0.7,西牟婁郡白浜町堅田,2714,西牟婁郡白浜町堅田,2880,5594,1.26,0.37,26.1,27.1,20.8,40
30400310090,田辺白浜線,白浜停車場線,南紀白浜空港線,30401,0,1.4,西牟婁郡白浜町堅田,2714,西牟婁郡白浜町堅田,2880,5594,1.26,0.37,30.1,31.4,20.8,40
30400310100,田辺白浜線,南紀白浜空港線,南紀白浜空港線,30401,0,0.4,西牟婁郡白浜町堅田,2714,西牟婁郡白浜町堅田,2880,5594,1.26,0.37,27.7,17.5,20.8,40
30400310110,田辺白浜線,南紀白浜空港線,南紀白浜空港線,30401,0,0.2,西牟婁郡白浜町,5385,西牟婁郡白浜町,4955,10340,1.28,0.74,26.9,29.4,15.5,40
30400310120,田辺白浜線,南紀白浜空港線,白浜温泉線,30401,0,2,西牟婁郡白浜町,5385,西牟婁郡白浜町,4955,10340,1.28,0.74,25.5,27.7,15.5,40
30400310130,田辺白浜線,白浜温泉線,白浜温泉線,30401,0,0.9,西牟婁郡白浜町,5385,西牟婁郡白浜町,4955,10340,1.28,0.74,21.1,12.3,15.5,40
30400310150,田辺白浜線,田辺白浜線,白浜町・田辺市境,30401,0,0.7,,,,,,,,29.6,46.1,22.6,40
30400310160,田辺白浜線,白浜町・田辺市境,,30206,0,0.7,,,,,,,,47.9,48.6,18.5,40
30400320010,紀伊田辺停車場線,,秋津川田辺線,30206,0,0,,4488,,4496,8984,1.27,0.64,6.5,16.9,21.5,30
30400320020,紀伊田辺停車場線,秋津川田辺線,田辺龍神線,30206,0,0.2,,4488,,4496,8984,1.27,0.64,10.1,12.5,21.5,30
30400330005,南紀白浜空港線,,白浜温泉線,30401,0,0.6,,3809,,3486,7295,1.27,0.86,14.4,15.5,17,60
30400330010,南紀白浜空港線,白浜温泉線,田辺白浜線,30401,0,2.3,,3809,,3486,7295,1.27,0.86,29,25.5,17,60
30400330030,南紀白浜空港線,田辺白浜線,南紀白浜空港線,30401,0,0.3,田辺市新庄町,9788,田辺市新庄町,10225,20013,1.32,1.3,21.5,23.4,19.5,60
30400330040,南紀白浜空港線,南紀白浜空港線,白浜町・田辺市境,30401,0,1.6,田辺市新庄町,9788,田辺市新庄町,10225,20013,1.32,1.3,44.7,46.5,19.5,60
30400330050,南紀白浜空港線,白浜町・田辺市境,一般国道４２号,30206,0,3.3,田辺市新庄町,9788,田辺市新庄町,10225,20013,1.32,1.14,29.5,26.1,8,60
30400330070,南紀白浜空港線,田辺白浜線,南紀白浜空港線,30401,0,0.2,,,,,,,,16.3,10.1,12.2,60
30400340010,白浜温泉線,田辺白浜線,田辺白浜線,30401,0,4,西牟婁郡白浜町,608,西牟婁郡白浜町,624,1232,1.18,0.16,28.8,28.5,18.8,60
30400340020,白浜温泉線,田辺白浜線,栄岩崎線,30401,0,7.2,西牟婁郡白浜町,779,西牟婁郡白浜町,913,1692,1.21,0.15,32.3,35.8,22.3,50
30400340030,白浜温泉線,栄岩崎線,白浜停車場線,30401,0,1.4,,971,,1040,2011,1.21,0.22,38.4,29.7,22.3,50
30400340040,白浜温泉線,白浜停車場線,栄岩崎線,30401,0,1.2,,1894,,1910,3804,1.25,0.34,34.2,27.4,7,50
30400340050,白浜温泉線,栄岩崎線,栄岩崎線,30401,0,0.5,,1894,,1910,3804,1.25,0.34,30.3,33,7,50
30400340060,白浜温泉線,栄岩崎線,一般国道４２号,30401,0,0.3,,2120,,1819,3939,1.25,0.45,26.8,12.5,8.2,50
30400340075,白浜温泉線,南紀白浜空港線,栄岩崎線,30401,0,1.7,西牟婁郡白浜町,1913,西牟婁郡白浜町,1941,3854,1.25,0.29,51.7,49.9,8,50
30400340080,白浜温泉線,栄岩崎線,栄岩崎線,30401,0,1.7,西牟婁郡白浜町,1913,西牟婁郡白浜町,1941,3854,1.25,0.29,58.9,54.5,8,50
30400340090,白浜温泉線（都）白浜空港フラワーライン線,栄岩崎線,紀勢自動車道,30401,0,1,西牟婁郡白浜町栄,2972,西牟婁郡白浜町栄,2742,5714,1.25,0.43,48.4,48.9,8,60
30400350010,上富田南部線,一般国道３１１号,下川上牟婁線,30404,0,0.6,西牟婁郡上富田町岡,4036,西牟婁郡上富田町岡,4911,8947,1.28,0.88,15.8,28,9,60
30400350020,上富田南部線,下川上牟婁線,一般国道３１１号,30404,0,1.3,西牟婁郡上富田町岡,4036,西牟婁郡上富田町岡,4911,8947,1.28,0.88,18.2,16.1,9,60
30400350030,上富田南部線,一般国道３１１号,上野岩田線,30404,0,1.7,西牟婁郡上富田町岡,4036,西牟婁郡上富田町岡,4911,8947,1.28,0.74,34.1,42.8,12.1,60
30400350040,上富田南部線,上野岩田線,上富田町・田辺市境,30404,0,0.7,西牟婁郡上富田町岡,4036,西牟婁郡上富田町岡,4911,8947,1.28,0.74,48.4,46.1,12.1,60
30400350050,上富田南部線,上富田町・田辺市境,温川田辺線,30206,0,1.8,西牟婁郡上富田町岡,4036,西牟婁郡上富田町岡,4911,8947,1.28,1.07,31.5,26.3,11.3,60
30400350060,上富田南部線,温川田辺線,温川田辺線,30206,0,0.9,田辺市下万呂,1939,田辺市下万呂,2204,4143,1.25,0.37,29.9,36.2,10,40
30400350063,上富田南部線,温川田辺線,上富田南部線,30206,0,1,田辺市下万呂,1939,田辺市下万呂,2204,4143,1.25,1.04,17.1,18.5,6.8,40
30400350180,上富田南部線,上富田南部線,上富田南部線,30206,0,0.5,田辺市下万呂,1939,田辺市下万呂,2204,4143,1.25,0.38,34.5,40.3,12,40
30400350065,上富田南部線,上富田南部線,上富田南部線,30206,0,0.2,田辺市下万呂,1939,田辺市下万呂,2204,4143,1.25,0.36,38,38,10.2,60
30400350160,上富田南部線,上富田南部線,田辺龍神線,30206,0,1,田辺市下万呂,1939,田辺市下万呂,2204,4143,1.25,0.42,26.9,25.4,12,40
30400350080,上富田南部線,田辺龍神線,秋津川田辺線,30206,0,3.4,,359,,350,709,1.18,1.22,25.8,30.6,3.8,60
30400350090,上富田南部線,秋津川田辺線,秋津川田辺線,30206,0,0.1,田辺市稲成町,745,田辺市稲成町,776,1521,1.17,0.22,26.5,20.8,13,60
30400350100,上富田南部線,秋津川田辺線,芳養清川線,30206,0,2.4,,1672,,1583,3255,1.25,0.31,35.4,33.7,16.5,40
30400350110,上富田南部線,芳養清川線,芳養清川線,30206,0,0.2,,1672,,1583,3255,1.25,0.38,18.7,27.4,7.9,40
30400350120,上富田南部線,芳養清川線,田辺市・みなべ町境,30206,0,0.8,,1672,,1583,3255,1.25,0.38,31.9,34.4,7.9,40
30400350130,上富田南部線,田辺市・みなべ町境,中芳養南部線,30391,0,2.1,,323,,360,683,1.18,0.07,40.9,37.9,16.5,40
30400350140,上富田南部線,中芳養南部線,一般国道４２４号,30391,0,0.5,,323,,360,683,1.18,0.07,26.5,20.7,16.5,40
30400350064,上富田南部線,上富田南部線,上富田南部線,30206,0,0.5,,4824,,5196,10020,1.28,2.42,37.7,35.2,5.3,60
30400360010,上富田すさみ線,一般国道３１１号,一般国道３１１号,30404,0,1.4,,1446,,1415,2861,1.25,0.4,22.1,21.2,6,40
30400360020,上富田すさみ線,一般国道３１１号,岩田保呂線,30404,0,0.4,西牟婁郡上富田町生馬,892,西牟婁郡上富田町生馬,822,1714,1.22,0.21,16.1,27.5,10,40
30400360024,上富田すさみ線,岩田保呂線,（元）上富田すさみ線,30404,0,4.4,西牟婁郡上富田町生馬,892,西牟婁郡上富田町生馬,822,1714,1.22,0.21,50.4,48.4,10,40
30400360170,上富田すさみ線,（元）上富田すさみ線,（元）上富田すさみ線,30404,0,0.8,西牟婁郡上富田町生馬,892,西牟婁郡上富田町生馬,822,1714,1.22,0.22,55.6,54.5,7.5,40
30400360030,上富田すさみ線,（元）上富田すさみ線,上富田町・白浜町境,30404,0,3.2,,329,,263,592,1.17,0.07,53.1,38.7,8.5,40
30400360040,上富田すさみ線,上富田町・白浜町境,日置川大塔線,30401,0,2.6,,329,,263,592,1.17,0.08,34.9,49.6,7.7,40
30400360050,上富田すさみ線,日置川大塔線,日置川大塔線,30401,0,4.1,西牟婁郡白浜町大,160,西牟婁郡白浜町大,139,299,1.21,0.58,32.3,35.6,5,60
30400360060,上富田すさみ線,日置川大塔線,,30401,0,7,,66,,63,129,1.32,0.12,26.3,26.3,5,60
30400360070,上富田すさみ線,,白浜町・すさみ町境,30401,0,1,,66,,63,129,1.32,0.12,31.4,16.7,5,60
30400360080,上富田すさみ線,白浜町・すさみ町境,大附見老津停車場線,30406,0,5.7,,82,,67,149,1.32,0.26,34.1,25.8,4.3,40
30400360090,上富田すさみ線,大附見老津停車場線,上富田すさみ線,30406,0,1.3,,,,,,,,,,4.3,40
30400360110,上富田すさみ線,上富田すさみ線,上富田すさみ線,30406,0,2.4,,,,,,,,,,2,40
30400360130,上富田すさみ線,上富田すさみ線,すさみ古座線,30406,0,4.3,,82,,67,149,1.32,0.2,25.7,25,4.6,40
30400360140,上富田すさみ線,すさみ古座線,すさみ古座線,30406,0,2.9,西牟婁郡すさみ町大鎌,36,西牟婁郡すさみ町大鎌,29,65,1.32,0.01,55.2,44.8,8.2,40
30400360145,上富田すさみ線,すさみ古座線,（元）上富田すさみ線,30406,0,8.6,西牟婁郡すさみ町大鎌,36,西牟婁郡すさみ町大鎌,29,65,1.32,0.07,39.2,39.2,4,40
30400360200,上富田すさみ線,（元）上富田すさみ線,紀勢自動車道,30406,0,0.1,西牟婁郡すさみ町江住,2444,西牟婁郡すさみ町江住,2042,4486,1.25,0.45,20.2,29.4,8.5,40
30400360190,上富田すさみ線,紀勢自動車道,一般国道４２号,30406,0,1.3,西牟婁郡すさみ町江住,2444,西牟婁郡すさみ町江住,2042,4486,1.25,0.45,44.9,37.1,8.5,40
30400370005,日置川大塔線,一般国道４２号,紀勢自動車道,30401,0,1.1,西牟婁郡白浜町大古,2490,西牟婁郡白浜町大古,2628,5118,1.25,0.46,35.7,39.7,9,60
30400370010,日置川大塔線,紀勢自動車道,白浜久木線,30401,0,12.1,西牟婁郡白浜町向平,121,西牟婁郡白浜町向平,141,262,1.17,0.04,44.5,41,9,60
30400370020,日置川大塔線,白浜久木線,上富田すさみ線,30401,0,3.5,西牟婁郡白浜町向平,121,西牟婁郡白浜町向平,141,262,1.17,0.04,40.3,41.2,9,60
30400370040,日置川大塔線,上富田すさみ線,市鹿野鮎川線,30401,0,3.4,,296,,289,585,1.17,0.21,36.3,33.8,6.4,60
30400370050,日置川大塔線,市鹿野鮎川線,白浜町・田辺市境,30401,0,4.6,,296,,289,585,1.17,0.21,28.7,33.8,6.4,60
30400370060,日置川大塔線,白浜町・田辺市境,市鹿野鮎川線,30206,0,0.2,,296,,289,585,1.17,0.36,16.5,15.5,5.5,60
30400370070,日置川大塔線,市鹿野鮎川線,一般国道３７１号,30206,0,3.6,,296,,289,585,1.17,0.36,33.6,29.3,5.5,60
30400380010,すさみ古座線,一般国道４２号,すさみ古座線,30406,0,0.1,,881,,870,1751,1.21,0.18,11.1,24.9,10,40
30400380220,すさみ古座線,すさみ古座線,すさみ古座線,30406,0,0.4,西牟婁郡すさみ町周参見,1079,西牟婁郡すさみ町周参見,1122,2201,1.18,0.29,31.9,38.6,7.2,40
30400380055,すさみ古座線,すさみ古座線,すさみ古座線,30406,0,2.2,西牟婁郡すさみ町周参見,1079,西牟婁郡すさみ町周参見,1122,2201,1.18,0.22,33.1,39.6,10.2,40
30400380060,すさみ古座線,すさみ古座線,大附見老津停車場線,30406,0,8.7,西牟婁郡すさみ町周参見,266,西牟婁郡すさみ町周参見,243,509,1.18,1.06,37.9,36.4,4,40
30400380070,すさみ古座線,大附見老津停車場線,大附見老津停車場線,30406,0,0.2,西牟婁郡すさみ町小河内,160,西牟婁郡すさみ町小河内,143,303,1.13,0.07,39.7,34.7,8.3,40
30400380080,すさみ古座線,大附見老津停車場線,上富田すさみ線,30406,0,2.3,西牟婁郡すさみ町小河内,160,西牟婁郡すさみ町小河内,143,303,1.13,0.07,39.7,34.7,8.3,40
30400380100,すさみ古座線,上富田すさみ線,佐本深谷三尾川線,30406,0,3.2,東牟婁郡古座川町添野川,118,東牟婁郡古座川町添野川,117,235,1.13,0.05,40.6,47.7,8.75,40
30400380110,すさみ古座線,佐本深谷三尾川線,すさみ町・古座川町境,30406,0,2.5,東牟婁郡古座川町添野川,118,東牟婁郡古座川町添野川,117,235,1.13,0.06,39.5,36.4,6.4,40
30400380120,すさみ古座線,すさみ町・古座川町境,一般国道３７１号,30424,0,4.2,東牟婁郡古座川町添野川,118,東牟婁郡古座川町添野川,117,235,1.13,0.06,37.6,37.9,6.2,40
30400380140,すさみ古座線,一般国道３７１号,那智勝浦古座川線,30424,0,3.5,東牟婁郡古座川町一雨,642,東牟婁郡古座川町一雨,662,1304,1.18,0.19,51.9,51.9,9.6,40
30400380150,すさみ古座線,那智勝浦古座川線,高瀬古座停車場線,30424,0,1.4,,700,,736,1436,1.18,0.15,48.4,51.7,9.6,40
30400380160,すさみ古座線,高瀬古座停車場線,高瀬古座停車場線,30424,0,3,,700,,736,1436,1.18,0.15,46.2,51.7,9.6,40
30400380170,すさみ古座線,高瀬古座停車場線,古座川町・串本町境,30424,0,0.1,,791,,801,1592,1.2,0.21,22.6,33.4,9.5,50
30400380180,すさみ古座線,古座川町・串本町境,高瀬古座停車場線,30428,0,0.1,,791,,801,1592,1.2,0.24,38.2,39.4,9,50
30400380190,すさみ古座線,高瀬古座停車場線,高瀬古座停車場線,30428,0,1.9,東牟婁郡串本町古田,821,東牟婁郡串本町古田,818,1639,1.18,0.19,27.7,25,9.75,50
30400380200,すさみ古座線,高瀬古座停車場線,一般国道４２号,30428,0,0.7,東牟婁郡串本町西向,2387,東牟婁郡串本町西向,2406,4793,1.2,0.46,27,25,8.7,50
30400380240,すさみ古座線,紀勢自動車道,すさみ古座線,30406,0,0.7,,,,,,,,35.7,18.2,8.1,40
30400390010,串本古座川線,一般国道４２号,串本町・古座川町境,30428,0,5.5,東牟婁郡串本町里川,122,東牟婁郡串本町里川,105,227,1.32,0.06,32.4,30.2,7,40
30400390020,串本古座川線,串本町・古座川町境,佐本深谷三尾川線,30424,0,3.9,東牟婁郡串本町里川,122,東牟婁郡串本町里川,105,227,1.32,0.06,36,33.9,6,40
30400390030,串本古座川線,佐本深谷三尾川線,一般国道３７１号,30424,0,0.1,東牟婁郡串本町里川,122,東牟婁郡串本町里川,105,227,1.32,0.19,27.8,23.3,5.5,40
30400400010,樫野串本線,,潮岬周遊線,30428,0,8.6,東牟婁郡串本町大島,1115,東牟婁郡串本町大島,1157,2272,1.18,0.34,46.2,43.9,9.4,40
30400400020,樫野串本線,潮岬周遊線,一般国道４２号,30428,0,1.2,,1455,,1540,2995,1.25,0.3,32.9,28.7,9.4,40
30400410010,潮岬周遊線,一般国道４２号,,30428,0,4.7,東牟婁郡串本町潮岬,1205,東牟婁郡串本町潮岬,1096,2301,1.21,0.37,39.5,45.9,9,40
30400410020,潮岬周遊線,,樫野串本線,30428,0,5.5,東牟婁郡串本町潮岬,460,東牟婁郡串本町潮岬,510,970,1.22,0.14,44.2,47.3,9,40
30400420010,新宮停車場線,池田港線,一般国道４２号,30207,0,0.9,新宮市下本町二丁目,3743,新宮市下本町二丁目,3398,7141,1.13,0.8,10.6,10.6,9.2,30
30400430010,那智勝浦古座川線,一般国道４２号,那智山勝浦線,30421,0,0.3,東牟婁郡那智勝浦町川関,2721,東牟婁郡那智勝浦町川関,2645,5366,1.25,0.49,11,22.3,9.8,40
30400430020,那智勝浦古座川線,那智山勝浦線,（旧）那智山勝浦線,30421,0,0.3,東牟婁郡那智勝浦町川関,2721,東牟婁郡那智勝浦町川関,2645,5366,1.25,0.49,43.2,44.1,9.8,40
30400430030,那智勝浦古座川線,（旧）那智山勝浦線,那智山勝浦線,30421,0,2.3,東牟婁郡那智勝浦町川関,2721,東牟婁郡那智勝浦町川関,2645,5366,1.25,0.49,48.1,49.1,9.8,40
30400430040,那智勝浦古座川線,那智山勝浦線,南平野下里停車場線,30421,0,5.9,東牟婁郡那智勝浦町井関,198,東牟婁郡那智勝浦町井関,188,386,1.21,0.07,33.2,33.8,6.4,40
30400430050,那智勝浦古座川線,南平野下里停車場線,那智勝浦本宮線,30421,0,7.6,東牟婁郡那智勝浦町井関,198,東牟婁郡那智勝浦町井関,188,386,1.21,0.07,26.8,26.8,6.4,40
30400430060,那智勝浦古座川線,那智勝浦本宮線,那智勝浦本宮線,30421,0,4.9,,83,,85,168,1.32,0.16,28.3,28.3,5,30
30400430070,那智勝浦古座川線,那智勝浦本宮線,那智勝浦町・古座川町境,30421,0,9.5,,83,,85,168,1.32,0.16,27.7,27.4,5,30
30400430074,那智勝浦古座川線,那智勝浦町・古座川町境,（元）那智勝浦古座川線,30424,0,19.5,東牟婁郡古座川町小川,16,東牟婁郡古座川町小川,12,28,1.13,0.01,27.7,27.4,8.3,40
30400430090,那智勝浦古座川線,（元）那智勝浦古座川線,（元）那智勝浦古座川線,30424,0,1.3,東牟婁郡古座川町小川,16,東牟婁郡古座川町小川,12,28,1.13,0.01,60.3,66.4,8,40
30400430080,那智勝浦古座川線,（元）那智勝浦古座川線,すさみ古座線,30424,0,3.4,東牟婁郡古座川町小川,16,東牟婁郡古座川町小川,12,28,1.13,0.01,49.1,52.1,8.3,40
30400440010,那智勝浦熊野川線,那智勝浦本宮線,那智勝浦町・新宮市境,30421,0,0.8,,73,,83,156,1.32,0.1,25.9,27.4,5.4,60
30400440020,那智勝浦熊野川線,那智勝浦町・新宮市境,那智勝浦熊野川線,30207,0,17.6,,73,,83,156,1.32,0.22,25.9,27.4,4.8,60
30400440030,那智勝浦熊野川線,那智勝浦熊野川線,古座川熊野川線,30207,0,0.2,,251,,246,497,1.18,0.15,18.8,24.8,8.5,40
30400440040,那智勝浦熊野川線,古座川熊野川線,那智勝浦熊野川線,30207,0,0.3,,251,,246,497,1.18,0.15,39.3,17.2,8.5,40
30400440050,那智勝浦熊野川線,那智勝浦熊野川線,一般国道１６８号,30207,0,7.2,新宮市熊野川町赤木,336,新宮市熊野川町赤木,336,672,1.17,0.11,44.5,47.4,8.8,40
30400440070,那智勝浦熊野川線,那智勝浦熊野川線,那智勝浦熊野川線,30207,0,0.7,,282,,294,576,1.18,0.38,,,4.5,40
30400450010,那智勝浦本宮線,一般国道４２号,長井古座線,30421,0,7.8,東牟婁郡那智勝浦町南大居,691,東牟婁郡那智勝浦町南大居,680,1371,1.22,0.15,35.9,31,7.6,50
30400450020,那智勝浦本宮線,長井古座線,那智勝浦古座川線,30421,0,12.9,東牟婁郡那智勝浦町南大居,691,東牟婁郡那智勝浦町南大居,680,1371,1.22,0.15,35,40.8,7.6,50
30400450040,那智勝浦本宮線,那智勝浦古座川線,那智勝浦熊野川線,30421,0,5.2,,73,,83,156,1.32,0.63,25.8,25.8,3.8,60
30400450050,那智勝浦本宮線,那智勝浦熊野川線,,30421,0,1.3,,73,,83,156,1.32,0.63,23.9,23.9,3.8,60
30400450070,那智勝浦本宮線,,那智勝浦町・新宮市境,30421,0,2.3,,73,,83,156,1.32,0,,,1,60
30400450080,那智勝浦本宮線,那智勝浦町・新宮市境,,30207,0,5.6,,,,,,,,,,1,20
30400450100,那智勝浦本宮線,,古座川熊野川線,30207,0,1.7,,,,,,,,33.1,36.9,5.5,20
30400450120,那智勝浦本宮線,,,30207,0,0.3,,,,,,,,,,1,20
30400450140,那智勝浦本宮線,,古座川熊野川線,30207,0,0.4,,,,,,,,32,29.4,4.5,20
30400450160,那智勝浦本宮線,,新宮市・田辺市境,30207,0,4.4,,,,,,,,,,1,20
30400450170,那智勝浦本宮線,新宮市・田辺市境,,30206,0,6,,,,,,,,,,1,20
30400450190,那智勝浦本宮線,,静川請川線,30206,0,0.8,,82,,74,156,1.32,0.13,43.6,42.3,5.8,40
30400450200,那智勝浦本宮線,静川請川線,一般国道１６８号,30206,0,1.1,,82,,74,156,1.32,0.13,37.3,31.7,5.8,40
30400460010,那智山勝浦線,,那智勝浦古座川線,30421,0,12.3,,3148,,3006,6154,1.26,0.7,44.5,44.5,8.4,40
30400460030,那智山勝浦線,那智勝浦古座川線,一般国道４２号,30421,0,0.2,,,,,,,,30.2,18.2,17.1,40
30400460040,那智山勝浦線,一般国道４２号,一般国道４２号,30421,0,0.3,,,,,,,,15.8,11.7,17.1,40
30400460050,那智山勝浦線,一般国道４２号,勝浦港湯川線,30421,0,2.1,東牟婁郡那智勝浦町天満,2574,東牟婁郡那智勝浦町天満,2504,5078,1.26,0.36,24.9,25.3,13,30
30400520010,御浜北山線,御浜北山線,一般国道１６９号,30427,0,0.1,,113,,113,226,1.13,0.27,19.5,30.6,5.2,30
30304800150,高野天川線,一般国道４８０号,一般国道３７１号,30344,0,1.6,伊都郡高野町高野山,2286,伊都郡高野町高野山,2187,4473,1.24,0.5,22.1,22.1,7.6,40
30303710550,高野天川線,一般国道３７１号,一般国道３７１号,30344,0,1.8,伊都郡高野町高野山,2286,伊都郡高野町高野山,2187,4473,1.24,0.5,28,26.3,7.6,40
30400530010,高野天川線,一般国道３７１号,高野天川線,30344,0,3.8,伊都郡高野町高野山,62,伊都郡高野町高野山,67,129,1.32,0.11,30.6,30.6,5.1,30
30400550010,橋本五條線,一般国道３７０号,山内恋野線,30203,0,3.7,橋本市赤塚,1426,橋本市赤塚,1591,3017,1.17,0.35,38.5,37.7,10.1,40
30400550020,橋本五條線,山内恋野線,橋本五條線,30203,0,1.4,橋本市赤塚,1426,橋本市赤塚,1591,3017,1.17,0.35,47.7,48.4,10.1,40
30400610010,堺かつらぎ線,堺かつらぎ線,一般国道２４号,30341,0,9,伊都郡かつらぎ町妙寺,162,伊都郡かつらぎ町妙寺,193,355,1.18,0.04,34.3,34.3,7.5,40
30400620010,泉佐野打田線,泉佐野打田線,一般国道２４号（京奈和自動車道）,30208,0,6.2,紀の川市重行,1865,紀の川市重行,1922,3787,1.2,0.56,46.9,44.8,7.2,40
30400620020,泉佐野打田線,一般国道２４号（京奈和自動車道）,粉河加太線,30208,0,1,紀の川市北勢田,5152,紀の川市北勢田,5044,10196,1.27,1.2,26.4,24.8,7.2,40
30400620030,泉佐野打田線,粉河加太線,一般国道２４号,30208,0,1.9,紀の川市東大井,4198,紀の川市東大井,4022,8220,1.26,0.93,32.6,23.7,7.2,40
30400630150,泉佐野岩出線,泉佐野岩出線（新）,泉佐野岩出線,30209,0,0.2,,,,,,,,55.5,56,20.5,40
30400630010,泉佐野岩出線,泉佐野岩出線,泉佐野岩出線,30209,0,0.5,岩出市押川,8708,岩出市押川,8348,17056,1.36,0.54,47.7,36.5,20.5,50
30400630020,泉佐野岩出線,泉佐野岩出線,泉佐野岩出線,30209,0,0.8,岩出市押川,8708,岩出市押川,8348,17056,1.36,0.54,65.1,58.4,20.5,50
30400630030,泉佐野岩出線,泉佐野岩出線,一般国道２４号（京奈和自動車道）,30209,0,1.7,,13243,,12933,26176,1.34,1.1,51.3,54,20,50
30400630040,泉佐野岩出線,一般国道２４号（京奈和自動車道）,粉河加太線,30209,0,1,岩出市根来,9138,岩出市根来,8186,17324,1.32,0.73,38.5,40.5,20,50
30400630050,泉佐野岩出線,粉河加太線,泉佐野岩出線,30209,0,1.4,岩出市堀口,8269,岩出市堀口,7701,15970,1.31,0.78,22.1,27.1,20.8,50
30400630060,泉佐野岩出線,泉佐野岩出線,一般国道２４号,30209,0,0.8,岩出市堀口,8269,岩出市堀口,7701,15970,1.31,0.78,23,20.5,20.8,50
30400630070,泉佐野岩出線,一般国道２４号,小豆島岩出線,30209,0,0.5,岩出市高瀬,9852,岩出市高瀬,10263,20115,1.31,0.57,12,20.8,25,60
30400630080,泉佐野岩出線,小豆島岩出線,和歌山打田線,30209,0,0.2,岩出市高瀬,9852,岩出市高瀬,10263,20115,1.31,0.57,29.5,20,25,60
30400630005,泉佐野岩出線,泉佐野岩出線,泉佐野岩出線,30209,0,0.2,,9924,,8571,18495,1.37,0.44,62.2,60.7,20.5,40
30400630100,泉佐野岩出線,泉佐野岩出線,泉佐野岩出線,30209,0,1,,8931,,8045,16976,1.31,1.76,38.9,38.9,7.6,40
30400640010,和歌山貝塚線,和歌山打田線,小豆島岩出線,30201,0,0.8,和歌山市布施屋,7027,和歌山市布施屋,6923,13950,1.27,1.23,20.8,27.3,13,40
30400640020,和歌山貝塚線,小豆島岩出線,一般国道２４号,30201,0,0.3,和歌山市布施屋,7027,和歌山市布施屋,6923,13950,1.27,1.23,17.2,7.8,13,40
30400640030,和歌山貝塚線,一般国道２４号,一般国道２４号,30201,0,0.3,,3668,,3543,7211,1.27,0.71,13.3,27.8,8.4,40
30400640040,和歌山貝塚線,一般国道２４号,和歌山貝塚線,30201,0,0.5,,3668,,3543,7211,1.27,0.71,39.7,31.1,8.4,40
30400640050,和歌山貝塚線,和歌山貝塚線,一般国道２４号,30201,0,0.4,,3668,,3543,7211,1.27,0.71,32.9,16.4,8.4,40
30400640065,和歌山貝塚線,一般国道２４号,粉河加太線,30201,0,0.4,和歌山市里,6050,和歌山市里,4791,10841,1.27,0.77,8.9,21.2,18,40
30400640070,和歌山貝塚線,粉河加太線,粉河加太線,30201,0,1.1,和歌山市里,6050,和歌山市里,4791,10841,1.27,0.77,27,17.7,18,40
30400640080,和歌山貝塚線,粉河加太線,和歌山貝塚線,30201,0,5.3,和歌山市滝畑,828,和歌山市滝畑,898,1726,1.24,0.25,38.9,43.2,8,40
30400640100,和歌山貝塚線,,和歌山貝塚線,30201,0,0.4,,2656,,2173,4829,1.25,3.91,16.2,20.5,4.1,40
30400650010,岬加太港線,岬加太港線,岬加太港線,30201,0,1,和歌山市加太,959,和歌山市加太,925,1884,1.23,0.2,48.9,47.6,11,50
30400650020,岬加太港線,岬加太港線,岬加太港線,30201,0,1.4,和歌山市加太,959,和歌山市加太,925,1884,1.23,0.2,61.7,62.7,11,50
30400650030,岬加太港線,岬加太港線,粉河加太線,30201,0,2,和歌山市加太,959,和歌山市加太,925,1884,1.23,0.2,41,46.1,11,50
30400650040,岬加太港線,粉河加太線,,30201,0,1.3,和歌山市加太,959,和歌山市加太,925,1884,1.23,0.2,30.6,27.9,11,50
30400650060,岬加太港線,岬加太港線,岬加太港線,30201,0,3.3,,1594,,1360,2954,1.25,0.44,27.6,27.6,10,30
30601020010,宿九度山線,一般国道３７１号,橋本市・九度山町境,30203,0,0.8,伊都郡九度山町丹生川,63,伊都郡九度山町丹生川,60,123,1.13,0.15,29.7,29.7,5,40
30601020020,宿九度山線,橋本市・九度山町境,高野橋本線,30343,0,7.8,伊都郡九度山町丹生川,63,伊都郡九度山町丹生川,60,123,1.13,0.58,30.3,30.3,7,40
30601030010,山田岸上線,山田御幸辻停車場線,一般国道２４号,30203,0,3.6,橋本市吉原,240,橋本市吉原,264,504,1.17,0.28,21.1,23.9,5.5,30
30601030040,山田岸上線,,,30203,0,0.5,,,,,,,,36,22.2,17,30
30601030030,山田岸上線,一般国道２４号,,30203,0,0.4,,,,,,,,15.1,24.2,17,30
30601040010,山内恋野線,,二見御幸辻停車場線,30203,0,1.9,橋本市隅田町垂井,644,橋本市隅田町垂井,765,1409,1.18,0.51,9.6,15.3,5.2,40
30601040020,山内恋野線,二見御幸辻停車場線,一般国道２４号,30203,0,2.4,橋本市隅田町垂井,644,橋本市隅田町垂井,765,1409,1.18,0.51,31.3,37.5,5.2,40
30601040040,山内恋野線,一般国道２４号,橋本五條線,30203,0,0.7,橋本市隅田町芋生,1798,橋本市隅田町芋生,1663,3461,1.25,0.39,19.4,22.7,8.4,20
30601050010,山田御幸辻停車場線,,山田岸上線,30203,0,1.1,,223,,202,425,1.21,0.55,18.9,18.9,5,60
30601050020,山田御幸辻停車場線,山田岸上線,二見御幸辻停車場線,30203,0,3.4,橋本市御幸辻,996,橋本市御幸辻,1012,2008,1.22,0.32,20.5,23.8,6.7,30
30601050030,山田御幸辻停車場線,二見御幸辻停車場線,,30203,0,0.1,橋本市御幸辻,996,橋本市御幸辻,1012,2008,1.22,0.32,16.3,9.3,6.7,30
30601060010,紀見峠停車場線,,一般国道３７１号,30203,0,0.8,,213,,192,405,1.21,0.41,9.8,11.6,4.6,60
30601070010,橋本停車場線,,一般国道２４号,30203,0,0.1,,213,,192,405,1.21,0.03,,6.8,7,30
30601080010,隅田停車場線,,一般国道２４号,30203,0,0.5,,923,,1047,1970,1.21,0.29,8.4,10.1,6.4,60
30601090010,志賀三谷線,一般国道４８０号,高野口野上線,30341,0,4.6,,178,,157,335,1.18,0.24,32.3,32.9,5.6,60
30601090030,志賀三谷線,高野口野上線,和歌山橋本線,30341,0,6.2,,178,,157,335,1.18,0.05,36,27.4,7.5,60
30601100010,三谷妙寺停車場線,和歌山橋本線,一般国道２４号,30341,0,0.8,伊都郡かつらぎ町妙寺,1219,伊都郡かつらぎ町妙寺,1219,2438,1.22,1.39,11.2,13.6,6,40
30601100030,三谷妙寺停車場線,一般国道２４号,,30341,0,0,伊都郡かつらぎ町妙寺,1219,伊都郡かつらぎ町妙寺,1219,2438,1.22,1.14,1.9,6,4.5,40
30601110010,笠田停車場線,,一般国道２４号,30341,0,0.3,,578,,598,1176,1.18,0.44,7.6,7.9,5.9,40
30601120010,九重名倉線,,高野口停車場線,30203,0,6,橋本市高野口町大野,25,橋本市高野口町大野,41,66,1.32,0.06,23.5,31.1,5.5,40
30601130010,高野口停車場線,,九重名倉線,30203,0,0.3,,1590,,1781,3371,1.25,0.39,13.5,9.8,12.3,40
30601130020,高野口停車場線,九重名倉線,一般国道２４号,30203,0,0.3,,1590,,1781,3371,1.25,0.39,21.6,9.8,12.3,40
30601140010,九度山停車場線,,一般国道３７０号,30343,0,0.1,,393,,426,819,1.17,0.59,9.1,3.4,5.4,30
30601150010,花園美里線,一般国道４８０号,,30341,0,3,,357,,382,739,1.18,0.11,20.2,21.1,6.7,60
30601150020,花園美里線,,かつらぎ町・紀美野町境,30341,0,1.3,伊都郡かつらぎ町花園梁瀬,238,伊都郡かつらぎ町花園梁瀬,259,497,1.17,0.08,67.3,72.5,8.1,30
30601150024,花園美里線,かつらぎ町・紀美野町境,花園美里線,30304,0,2,伊都郡かつらぎ町花園梁瀬,238,伊都郡かつらぎ町花園梁瀬,259,497,1.17,0.08,42.7,47.7,8.1,30
30601150050,花園美里線,花園美里線,花園美里線,30304,0,0.1,,,,,,,,38.6,34.2,5.5,30
30601150030,花園美里線,花園美里線,一般国道３７０号,30304,0,0.9,,357,,382,739,1.18,0.14,38.9,37.8,5.2,30
30601150027,花園美里線,花園美里線,花園美里線,30304,0,0.1,,357,,382,739,1.18,1.29,37.6,29.4,3,30
30601180010,高野橋本線,,,30344,0,2.7,,421,,454,875,1.17,1.34,23.3,23.3,3.3,30
30601180030,高野橋本線,,,30344,0,0.9,,421,,454,875,1.17,0,,,3.3,30
30601180050,高野橋本線,,高野町・九度山町境,30344,0,1.2,,421,,454,875,1.17,1.34,17.3,48.6,3.1,30
30601180060,高野橋本線,高野町・九度山町境,,30343,0,0.2,,421,,454,875,1.17,1.34,17.3,48.6,2.5,30
30601180080,高野橋本線,,,30343,0,1.5,,421,,454,875,1.17,0,,,3.3,30
30601180100,高野橋本線,,一般国道３７０号,30343,0,2.3,,421,,454,875,1.17,1.34,76.1,139.3,3.5,30
30601180120,高野橋本線,一般国道３７０号,宿九度山線,30343,0,1.8,,421,,454,875,1.17,0.33,35.1,33.7,5,30
30601180130,高野橋本線,宿九度山線,九度山町・橋本市境,30343,0,2.3,橋本市学文路,124,橋本市学文路,120,244,1.21,0.32,13.3,21.9,4.5,30
30601180140,高野橋本線,九度山町・橋本市境,一般国道３７０号,30203,0,2.1,橋本市学文路,124,橋本市学文路,120,244,1.21,0.32,13.3,21.9,6.4,30
30601180160,高野橋本線,一般国道３７０号,一般国道２４号,30203,0,2,橋本市岸上,265,橋本市岸上,321,586,1.17,0.08,23,22.9,7.8,50
30601190010,中三谷下井阪線,粉河加太線,一般国道２４号,30208,0,1.9,,3546,,3980,7526,1.27,0.57,27.1,25.5,12.6,40
30601190020,中三谷下井阪線,一般国道２４号,和歌山打田線,30208,0,0.3,,3546,,3980,7526,1.27,0.57,7.9,17.6,12.6,40
30601200010,上鞆淵那賀線,高野口野上線,紀の川市・かつらぎ町境,30208,0,0.5,,720,,711,1431,1.18,1.49,22.7,22.7,4,20
30601200020,上鞆淵那賀線,紀の川市・かつらぎ町境,かつらぎ町・紀の川市境,30341,0,0.6,,720,,711,1431,1.18,1.49,22.7,22.7,4,30
30601200024,上鞆淵那賀線,かつらぎ町・紀の川市境,上鞆淵那賀線,30208,0,0.6,,720,,711,1431,1.18,0.78,29.4,17.8,5.6,30
30601200060,上鞆淵那賀線,上鞆淵那賀線,上鞆淵那賀線,30208,0,0.4,,720,,711,1431,1.18,0.78,29.4,17.8,5.6,30
30601200030,上鞆淵那賀線,上鞆淵那賀線,和歌山橋本線,30208,0,4.6,,720,,711,1431,1.18,0.78,30.4,29.3,5.6,30
30601200040,上鞆淵那賀線,和歌山橋本線,一般国道２４号,30208,0,0.9,,720,,711,1431,1.18,0.83,23.4,17.9,5.6,30
30601200027,上鞆淵那賀線,上鞆淵那賀線,上鞆淵那賀線,30208,0,0.3,,720,,711,1431,1.18,0.78,22.7,22.7,5.6,30
30601210010,西川原名手市場線,西川原粉河線,粉河那賀線,30208,0,3.1,,337,,365,702,1.18,0.1,28.9,17.7,6,40
30601210020,西川原名手市場線,粉河那賀線,一般国道２４号,30208,0,1.7,紀の川市名手市場,367,紀の川市名手市場,391,758,1.17,0.12,28.9,17.7,6,40
30601220010,西川原粉河線,西川原名手市場線,西川原粉河線,30208,0,3.1,,368,,358,726,1.18,0.13,29.7,25.8,6,40
30601220020,西川原粉河線,西川原粉河線,粉河加太線,30208,0,1.6,,846,,773,1619,1.2,0.19,35.9,28.9,6,40
30601220035,西川原粉河線,一般国道２４号（京奈和自動車道）,西川原粉河線,30208,0,0.2,紀の川市粉河,2568,紀の川市粉河,2846,5414,1.26,0.96,18.1,22.1,6,40
30601220040,西川原粉河線,粉河加太線,一般国道２４号（京奈和自動車道）,30208,0,1.6,,1995,,2035,4030,1.25,0.87,49.7,48.4,6,40
30601230010,荒見粉河線,（旧）和歌山橋本線,一般国道２４号,30208,0,0.8,紀の川市粉河,1428,紀の川市粉河,1602,3030,1.25,0.76,16.6,11.4,6.3,40
30601230030,荒見粉河線,粉河加太線,粉河寺線,30208,0,0.3,,2303,,2478,4781,1.25,0.52,15.4,21.9,12,30
30601240010,粉河寺線,,粉河加太線,30208,0,0.1,,2306,,2483,4789,1.25,0.72,11.2,12.4,12,40
30601240020,粉河寺線,粉河加太線,荒見粉河線,30208,0,0.8,,2306,,2483,4789,1.25,0.72,22,18.4,12,40
30601240030,粉河寺線,荒見粉河線,一般国道２４号,30208,0,1.1,,2306,,2483,4789,1.25,0.72,37.4,28.6,12,40
30601250010,那賀かつらぎ線,一般国道４８０号,一般国道４８０号,30341,0,0.1,,732,,588,1320,1.18,0.31,20.1,21,7.5,40
30601250015,那賀かつらぎ線,一般国道４８０号,一般国道２４号（京奈和自動車道）,30341,0,1.6,伊都郡かつらぎ町笠田中,4312,伊都郡かつらぎ町笠田中,4366,8678,1.22,0.43,39.3,33.3,7.5,40
30601250019,那賀かつらぎ線,一般国道２４号（京奈和自動車道）,那賀かつらぎ線,30341,0,0.7,伊都郡かつらぎ町笠田中,3345,伊都郡かつらぎ町笠田中,3704,7049,1.25,0.82,40.6,35.4,7.5,40
30601250040,那賀かつらぎ線,那賀かつらぎ線,一般国道２４号,30341,0,0.5,伊都郡かつらぎ町笠田中,3345,伊都郡かつらぎ町笠田中,3704,7049,1.25,0.44,21.9,10.3,7.5,40
30601250020,那賀かつらぎ線,那賀かつらぎ線,一般国道２４号,30341,0,0.5,,1410,,1421,2831,1.25,0.37,37.1,22.7,7.5,40
30601260010,粉河那賀線,西川原粉河線,西川原名手市場線,30208,0,1.5,紀の川市下丹生谷,1522,紀の川市下丹生谷,1499,3021,1.25,0.38,37,41.3,8,40
30601260020,粉河那賀線,西川原名手市場線,中尾名手市場線,30208,0,0.8,紀の川市下丹生谷,1522,紀の川市下丹生谷,1499,3021,1.25,0.38,28.8,17.4,8,40
30601260030,粉河那賀線,中尾名手市場線,一般国道４８０号,30208,0,1.2,紀の川市下丹生谷,1522,紀の川市下丹生谷,1499,3021,1.25,0.38,19.9,36,8,40
30601270010,中尾名手市場線,,粉河那賀線,30208,0,6.2,,2301,,2313,4614,1.25,0.53,33.4,32.9,11,40
30601270020,中尾名手市場線,粉河那賀線,一般国道２４号,30208,0,1.3,紀の川市西野山,1343,紀の川市西野山,1412,2755,1.25,0.37,33.7,32.4,11,40
30601280010,桃山下井阪線,一般国道４２４号,和歌山打田線,30208,0,2,,2009,,2282,4291,1.25,0.5,18.2,26.9,10,50
30601290010,垣内貴志川線,高野口野上線,,30208,0,9.4,紀の川市桃山町野田原,166,紀の川市桃山町野田原,157,323,1.18,0.04,31.5,33.4,6.5,40
30601290014,垣内貴志川線,,垣内貴志川線,30208,0,0.8,,929,,1086,2015,1.21,0.29,36.5,39.5,6.5,40
30601290040,垣内貴志川線,垣内貴志川線,垣内貴志川線,30208,0,0.1,,,,,,,,38,36.5,6.5,40
30601290020,垣内貴志川線,垣内貴志川線,一般国道４２４号,30208,0,2.6,紀の川市貴志川町井ノ口,974,紀の川市貴志川町井ノ口,1071,2045,1.22,0.26,34.2,34.5,6.5,40
30601290017,垣内貴志川線,垣内貴志川線,垣内貴志川線,30208,0,0.2,,929,,1086,2015,1.21,0.29,54,54,6.5,40
30601300010,桃山丸栖線,一般国道４２４号,岩出野上線,30208,0,2.2,,3546,,3980,7526,1.27,0.71,23,28.8,8,50
30601310010,新田広芝岩出停車場線,粉河加太線,一般国道２４号,30209,0,1.6,岩出市水栖,1533,岩出市水栖,1529,3062,1.24,0.28,20.8,21.2,11.8,30
30601310020,新田広芝岩出停車場線,一般国道２４号,和歌山打田線,30209,0,0.6,岩出市水栖,1533,岩出市水栖,1529,3062,1.24,0.28,14.4,14,11.8,30
30601310030,新田広芝岩出停車場線,和歌山打田線,小豆島岩出線,30209,0,0.4,岩出市水栖,1533,岩出市水栖,1529,3062,1.24,0.28,13,23.4,11.8,30
30601320010,船戸停車場線,岩出野上線,,30209,0,0.3,,3506,,3932,7438,1.27,5.06,9.6,18.4,4,30
30601340010,小豆島岩出線,紀伊停車場田井ノ瀬線,,30201,0,0.8,,3505,,3618,7123,1.27,0.75,51.6,51.4,6.5,50
30601340020,小豆島岩出線,,和歌山貝塚線,30201,0,1.7,,3505,,3618,7123,1.27,0.75,50,35.2,6.5,50
30601340030,小豆島岩出線,和歌山貝塚線,和歌山市・岩出市境,30201,0,1.3,,3505,,3618,7123,1.27,0.75,28.4,40.8,6.5,50
30601340040,小豆島岩出線,和歌山市・岩出市境,小豆島岩出線,30209,0,3.3,岩出市中島,4323,岩出市中島,4380,8703,1.26,1.12,45.8,43.9,6,50
30601340050,小豆島岩出線,小豆島岩出線,泉佐野岩出線,30209,0,0.5,岩出市西野,5421,岩出市西野,4660,10081,1.27,1.01,14.9,12.6,6,50
30601340060,小豆島岩出線,泉佐野岩出線,和歌山打田線,30209,0,0.3,岩出市西野,5421,岩出市西野,4660,10081,1.27,1.01,13,9.8,6,50
30601340070,小豆島岩出線,和歌山打田線,新田広芝岩出停車場線,30209,0,0.8,岩出市西野,5421,岩出市西野,4660,10081,1.27,1.01,17.7,18.7,6,50
30601340090,小豆島岩出線,一般国道２４号,和歌山市・岩出市境,30201,0,0.9,,1998,,2085,4083,1.25,0.7,22.6,23.3,5.3,40
30601340100,小豆島岩出線,和歌山市・岩出市境,一般国道２４号,30209,0,2.9,,3546,,3980,7526,1.27,0.75,22.6,23.3,7.5,40
30601340110,小豆島岩出線,一般国道２４号,小豆島岩出線,30209,0,0.5,,3546,,3980,7526,1.27,0.75,16.2,19.5,7.5,40
30601350010,和歌山海南線,和歌山停車場線,和歌山野上線,30201,0,0.4,,4108,,4892,9000,1.27,1.1,17,14.7,12.5,40
30601350020,和歌山海南線,和歌山野上線,（元）和歌山橋本線,30201,0,1.6,,5161,,5947,11108,1.28,1.32,16.1,16.1,12.5,40
30601350030,和歌山海南線,（元）和歌山橋本線,和歌山橋本線,30201,0,1.4,,8404,,7903,16307,1.31,1.38,17.6,15.7,7.8,40
30601350040,和歌山海南線,和歌山橋本線,紀三井寺停車場線,30201,0,1.6,,8404,,7903,16307,1.31,1.38,19.6,26.5,7.8,40
30601350050,和歌山海南線,紀三井寺停車場線,紀三井寺線,30201,0,0.4,,8404,,7903,16307,1.31,1.38,22.3,25.2,7.8,40
30601350060,和歌山海南線,紀三井寺線,和歌山海南線,30201,0,1.9,,8404,,7903,16307,1.31,1.38,22.6,31.8,7.8,40
30601350070,和歌山海南線,和歌山海南線,和歌山市・海南市境,30201,0,0.4,海南市黒江,1377,海南市黒江,1453,2830,1.25,0.31,20,25.3,8.3,40
30601350080,和歌山海南線,和歌山市・海南市境,岩出海南線,30202,0,0.8,海南市黒江,1377,海南市黒江,1453,2830,1.25,0.34,30.8,26.7,8,40
30601350150,和歌山海南線,岩出海南線,一般国道３７０号,30202,0,0.5,,2995,,2882,5877,1.26,0.45,18.5,13.3,10,40
30601350170,和歌山海南線,一般国道３７０号,一般国道４２号,30202,0,0.7,海南市鳥居,4331,海南市鳥居,5631,9962,1.26,0.91,12.9,11.2,7.4,40
30601350100,和歌山海南線,（元）和歌山橋本線,和歌山橋本線,30201,0,1.4,和歌山市小雑賀,14637,和歌山市小雑賀,13497,28134,1.35,0.8,23.2,14.8,27.2,50
30601350110,和歌山海南線,和歌山橋本線,一般国道４２号,30201,0,1.8,和歌山市三葛,12563,和歌山市三葛,12496,25059,1.36,0.91,23.3,22.2,27.2,50
30601350130,和歌山海南線,一般国道４２号,和歌山海南線,30201,0,1.1,和歌山市内原,4636,和歌山市内原,5390,10026,1.28,1.23,9,23.8,9.5,40
30601360010,秋月海南線,和歌山野上線,（元）和歌山橋本線,30201,0,1.2,和歌山市津秦,4984,和歌山市津秦,4215,9199,1.28,1.13,18.5,22.3,6.7,40
30400130255,秋月海南線,（元）和歌山橋本線,（都）松島本渡線,30201,0,0.2,,9561,,9732,19293,1.32,0.57,11,9.1,25,40
30400130260,秋月海南線,（都）松島本渡線,（元）和歌山橋本線,30201,0,1,和歌山市神前,10678,和歌山市神前,10212,20890,1.32,0.65,21.8,26,25,40
30400130300,秋月海南線,（元）和歌山橋本線,和歌山橋本線,30201,0,0.8,和歌山市神前,10678,和歌山市神前,10212,20890,1.32,0.66,32.9,16.5,24,40
30601360110,秋月海南線,和歌山橋本線,秋月海南線,30201,0,0.3,和歌山市和田,10339,和歌山市和田,9393,19732,1.29,0.9,10.6,23.9,22,40
30601360040,秋月海南線,秋月海南線,,30201,0,0.5,和歌山市和田,3842,和歌山市和田,3488,7330,1.29,0.78,21.1,38.8,8.2,40
30601360050,秋月海南線,,和歌山市・海南市境,30201,0,2.9,和歌山市和田,3842,和歌山市和田,3488,7330,1.29,0.78,30.4,29.6,8.2,40
30601360060,秋月海南線,和歌山市・海南市境,岩出海南線,30202,0,0.2,,3848,,3088,6936,1.26,1.46,25.7,22.9,5.4,40
30601360080,秋月海南線,岩出海南線,海南金屋線,30202,0,1.9,海南市且来,3791,海南市且来,3865,7656,1.27,0.99,33.2,34.6,5.6,40
30601360090,秋月海南線,海南金屋線,一般国道３７０号,30202,0,0.7,海南市且来,3791,海南市且来,3865,7656,1.27,0.99,22.8,16.6,5.6,40
30400130040,秋月海南線,（元）和歌山橋本線,（元）和歌山橋本線,30201,0,0.9,,3877,,4250,8127,1.27,0.23,15.7,18.4,26.9,40
30601360025,秋月海南線,（元）和歌山橋本線,和歌山橋本線,30201,0,0.7,,3325,,3471,6796,1.26,0.79,18.6,19.2,8.2,40
30601360030,秋月海南線,和歌山橋本線,三田海南線,30201,0,0.3,,3579,,3699,7278,1.27,0.72,16.1,14.7,8.2,40
30601360035,秋月海南線,三田海南線,秋月海南線,30201,0,0.5,,4888,,4440,9328,1.27,0.92,28.3,25.7,8.2,40
30601370010,三田海南線,秋月海南線,三田三葛線,30201,0,0.1,,4119,,3181,7300,1.27,0.9,16.1,13.2,7.3,40
30601370015,三田海南線,三田三葛線,三田海南線,30201,0,1.9,,3482,,2998,6480,1.26,0.83,32,30,7.3,40
30601370020,三田海南線,三田海南線,小野田内原線,30201,0,1.1,,3482,,2998,6480,1.26,0.83,29.6,15.4,7.3,40
30601370030,三田海南線,小野田内原線,小野田内原線,30201,0,0.2,,4763,,5990,10753,1.28,0.45,10.8,16.1,8.3,50
30601370040,三田海南線,小野田内原線,和歌山市・海南市境,30201,0,0.2,,3848,,3088,6936,1.26,0.94,6.3,6.8,7,40
30601370050,三田海南線,和歌山市・海南市境,岩出海南線,30202,0,0.6,,3848,,3088,6936,1.26,0.82,17.9,19.1,7,40
30601370070,三田海南線,秋月海南線,三田海南線,30201,0,1.4,和歌山市広原,6646,和歌山市広原,6246,12892,1.29,0.45,33.9,32.9,22,50
30601380010,和歌山野上線,一般国道２４号,和歌山海南線,30201,0,1.4,和歌山市片岡町,15175,和歌山市片岡町,14733,29908,1.35,1.17,18.7,20,25,50
30601380020,和歌山野上線,和歌山海南線,鳴神木広線,30201,0,0.5,和歌山市片岡町,15175,和歌山市片岡町,14733,29908,1.35,1.17,17.1,10.8,25,50
30601380030,和歌山野上線,鳴神木広線,秋月海南線,30201,0,1.3,,6090,,5641,11731,1.29,0.75,,22.8,6.5,40
30601380040,和歌山野上線,秋月海南線,井ノ口秋月線,30201,0,0.4,,6090,,5641,11731,1.29,0.92,9.1,8.6,6.5,40
30601380050,和歌山野上線,井ノ口秋月線,（元）和歌山橋本線,30201,0,3,和歌山市井辺,2711,和歌山市井辺,2276,4987,1.34,0.47,19.6,23.6,8,40
30400130060,和歌山野上線,（元）和歌山橋本線,沖野々森小手穂線,30201,0,0.1,,8587,,8070,16657,1.31,0.47,16.2,14.1,26.9,40
30400130065,和歌山野上線,沖野々森小手穂線,和歌山橋本線,30201,0,0.9,,7030,,6710,13740,1.3,1.15,21.5,32.3,11,40
30601380070,和歌山野上線,岩出海南線,和歌山市・海南市境,30201,0,4.5,和歌山市南畑,324,和歌山市南畑,383,707,1.18,0.24,32.9,32.9,6,40
30601380080,和歌山野上線,和歌山市・海南市境,一般国道４２４号,30202,0,1.8,和歌山市南畑,324,和歌山市南畑,383,707,1.18,0.09,19.1,19.1,7.4,40
30601380100,和歌山野上線,一般国道４２４号,一般国道３７０号,30202,0,0.9,,327,,310,637,1.18,0.12,22.4,23.1,12.5,40
30601390010,小豆島船所線,紀伊停車場田井ノ瀬線,一般国道２４号,30201,0,0.7,和歌山市園部,7732,和歌山市園部,6516,14248,1.31,1.35,26.4,37,9.75,40
30601390020,小豆島船所線,一般国道２４号,阪和自動車道,30201,0,0.4,和歌山市園部,7732,和歌山市園部,6516,14248,1.31,1.35,24,18.8,9.75,40
30601390030,小豆島船所線,阪和自動車道,,30201,0,1.2,和歌山市園部,7732,和歌山市園部,6516,14248,1.31,1.35,25.9,22.7,9.75,40
30601390040,小豆島船所線,,有功天王線,30201,0,0.5,和歌山市園部,7732,和歌山市園部,6516,14248,1.31,1.35,31.9,10.4,9.75,40
30601390050,小豆島船所線,有功天王線,善明寺北島線,30201,0,1.8,和歌山市園部,7732,和歌山市園部,6516,14248,1.31,1.35,24.9,30.5,9.75,40
30601400010,善明寺北島線,粉河加太線,小豆島船所線,30201,0,1.2,,7192,,7315,14507,1.3,1.36,30,33,8.4,40
30601400020,善明寺北島線,小豆島船所線,一般国道２６号,30201,0,0.9,和歌山市福島,6307,和歌山市福島,4499,10806,1.3,0.71,20.6,21.5,8.3,40
30601400030,善明寺北島線,一般国道２６号,新和歌浦梅原線,30201,0,1.3,和歌山市福島,6307,和歌山市福島,4499,10806,1.3,0.71,20.4,6.5,8.3,40
30601410010,有功天王線,,粉河加太線,30201,0,0.1,,,,,,,,7.6,4.9,6,40
30601410030,有功天王線,粉河加太線,小豆島船所線,30201,0,0.4,和歌山市有本,5402,和歌山市有本,5643,11045,1.25,1.1,13.4,10.1,14.2,40
30601410040,有功天王線,小豆島船所線,一般国道２４号,30201,0,2.2,和歌山市有本,5402,和歌山市有本,5643,11045,1.25,1.1,17.2,20,14.2,40
30601420005,三田三葛線,三田海南線,和歌山橋本線,30201,0,0.5,,6796,,7706,14502,1.3,0.52,23.4,17.5,6.8,40
30601430010,井ノ口秋月線,,岩出海南線,30201,0,0.3,,5226,,5712,10938,1.28,1.22,11.1,19.3,6.6,40
30601430020,井ノ口秋月線,岩出海南線,岩橋栗栖線,30201,0,2.2,,5226,,5712,10938,1.28,1.22,22.1,23.9,6.6,40
30601430030,井ノ口秋月線,岩橋栗栖線,井ノ口秋月線,30201,0,1.5,,5226,,5712,10938,1.28,1.22,30.3,13.5,6.6,40
30601430040,井ノ口秋月線,井ノ口秋月線,八軒家鳴神線,30201,0,0.3,,5226,,5712,10938,1.28,1.22,15.1,12.8,6.6,40
30601430050,井ノ口秋月線,八軒家鳴神線,和歌山野上線,30201,0,0.2,,5226,,5712,10938,1.28,1.22,16,9.7,6.6,40
30601430090,井ノ口秋月線,岩出海南線,岩橋栗栖線,30201,0,1.5,和歌山市和佐中,7882,和歌山市和佐中,8971,16853,1.31,0.52,28.7,25.1,25,40
30601430100,井ノ口秋月線,岩橋栗栖線,,30201,0,1.1,,6564,,7401,13965,1.3,0.55,27.1,29.8,26.5,50
30601430120,井ノ口秋月線,,一般国道２４号,30201,0,0.5,,6564,,7401,13965,1.3,0.55,27,20.1,26.5,50
30601430070,井ノ口秋月線,井ノ口秋月線,一般国道２４号,30201,0,0.2,,5226,,5712,10938,1.28,1.72,24.7,2.9,5.6,50
30601440010,岩橋栗栖線,井ノ口秋月線,井ノ口秋月線,30201,0,0.7,和歌山市岩橋,3422,和歌山市岩橋,3992,7414,1.29,0.82,20.2,12.9,8.8,40
30601440020,岩橋栗栖線,井ノ口秋月線,和歌山打田線,30201,0,0.8,和歌山市岩橋,3422,和歌山市岩橋,3992,7414,1.29,0.82,14.8,14.1,8.8,40
30601450010,鳴神木広線,八軒家鳴神線,一般国道２４号,30201,0,0.6,,6874,,6727,13601,1.3,1.39,22.5,8.7,5.4,50
30601450030,鳴神木広線,一般国道２４号,和歌山野上線,30201,0,1.5,和歌山市秋月,17751,和歌山市秋月,16610,34361,1.28,2.32,13.9,14.6,38.05,50
30601460010,西脇梅原線,粉河加太線,木ノ本岬線,30201,0,0.7,和歌山市木ノ本,3544,和歌山市木ノ本,3386,6930,1.26,1.05,18.1,17.2,5.8,40
30601460020,西脇梅原線,木ノ本岬線,和歌山阪南線,30201,0,2.5,和歌山市木ノ本,3544,和歌山市木ノ本,3386,6930,1.26,1.05,19.4,15.2,5.8,40
30601470010,八軒家鳴神線,一般国道２４号,鳴神木広線,30201,0,1.2,,6936,,6786,13722,1.3,0.96,15.9,15.9,10,40
30601470030,八軒家鳴神線,一般国道２４号,井ノ口秋月線,30201,0,0.1,,6936,,6786,13722,1.3,1.81,5.6,12.6,4.7,40
30601480010,和歌山港北島線,,,30201,0,0.6,和歌山市湊,4086,和歌山市湊,4190,8276,1.23,0.88,39.8,40.5,11.25,60
30601480020,和歌山港北島線,,和歌山阪南線,30201,0,1.8,和歌山市湊,3540,和歌山市湊,3712,7252,1.27,0.68,38.2,27.9,16.5,50
30300260045,和歌山港北島線,和歌山阪南線,和歌山阪南線,30201,0,0.5,,17940,,16694,34634,1.34,0.98,16.5,17,21,50
30601480050,和歌山港北島線,和歌山阪南線,新和歌浦梅原線,30201,0,1.4,,,,,,,,23.1,14.2,8.6,40
30601490005,紀伊停車場田井ノ瀬線,粉河加太線,粉河加太線,30201,0,0.6,,2831,,3412,6243,1.26,0.57,20.2,23.9,16,50
30601490010,紀伊停車場田井ノ瀬線,粉河加太線,一般国道２４号,30201,0,0.8,,3932,,4828,8760,1.27,0.92,29.8,24,16,50
30601490030,紀伊停車場田井ノ瀬線,一般国道２４号,小豆島船所線,30201,0,0.4,和歌山市小豆島,3217,和歌山市小豆島,3408,6625,1.2,0.77,15.5,15.2,16,50
30601490040,紀伊停車場田井ノ瀬線,小豆島船所線,和歌山打田線,30201,0,0.9,和歌山市小豆島,3217,和歌山市小豆島,3408,6625,1.2,0.65,28.4,6,16,50
30601490080,紀伊停車場田井ノ瀬線,粉河加太線,一般国道２４号,30201,0,0.7,和歌山市小豆島,4390,和歌山市小豆島,4406,8796,1.27,0.76,25.7,19.5,15.1,40
30601490060,紀伊停車場田井ノ瀬線,小豆島岩出線,小豆島船所線,30201,0,0.3,,3345,,3633,6978,1.26,0.61,36,27.8,16,50
30601500010,紀ノ川停車場平井線,,紀ノ川停車場線,30201,0,0.3,,4178,,3996,8174,1.27,0.83,7,6.8,9,40
30601500020,紀ノ川停車場平井線,紀ノ川停車場線,粉河加太線,30201,0,0.4,,4178,,3996,8174,1.27,0.83,11.4,11.1,9,40
30601510010,新和歌浦線,一般国道４２号,新和歌浦線,30201,0,0.4,和歌山市新和歌浦,573,和歌山市新和歌浦,618,1191,1.27,0.13,9.8,22.9,10,40
30601510020,新和歌浦線,新和歌浦線,新和歌浦梅原線,30201,0,4.1,和歌山市新和歌浦,573,和歌山市新和歌浦,618,1191,1.27,0.13,26.7,26.8,10,40
30601510040,新和歌浦線,新和歌浦線,,30201,0,0.4,,5826,,4350,10176,1.28,0.51,9.8,17,14.6,40
30601520010,紀ノ川停車場線,紀ノ川停車場平井線,粉河加太線,30201,0,1.1,和歌山市福島,4434,和歌山市福島,3321,7755,1.27,0.88,19.2,15.1,7.5,40
30601530010,紀和停車場線,,和歌山停車場線,30201,0,1.2,,7961,,9226,17187,1.31,0.53,14.6,13.8,15.7,40
30601540010,紀三井寺線,一般国道４２号,和歌山海南線,30201,0,0.2,,2990,,2880,5870,1.26,0.6,7.2,14,7.5,40
30601550010,紀三井寺停車場線,,和歌山海南線,30201,0,0.1,,4710,,5927,10637,1.28,1.09,19.3,19.3,9.3,30
30601560010,加太停車場線,,粉河加太線,30201,0,0.1,,3704,,3487,7191,1.27,2.25,4.8,4.8,8,30
30601570010,山東停車場線,,岩出海南線,30201,0,0.1,,327,,310,637,1.18,1.17,7.3,1.6,3.6,30
30601580010,布施屋停車場線,和歌山打田線,,30201,0,0.8,,4710,,5927,10637,1.28,1.58,11.9,7.6,14.6,40
30601590010,海南吉備線,一般国道４２号,,30202,0,0.1,,,,,,,,4.3,15.5,4,30
30601590030,海南吉備線,,,30202,0,4,,,,,,,,,,2.8,30
30601590050,海南吉備線,,興加茂郷停車場線,30202,0,0.6,,3555,,2182,5737,1.26,2.19,23,21,5.1,40
30601590060,海南吉備線,興加茂郷停車場線,引尾下津線,30202,0,2.6,,3555,,2182,5737,1.26,2.19,25.5,26.9,5.1,40
30601590070,海南吉備線,引尾下津線,海南市・有田川町境,30202,0,1.7,,3555,,2182,5737,1.26,2.19,27.8,25.3,5.1,40
30601590080,海南吉備線,海南市・有田川町境,一般国道４８０号,30366,0,5.1,有田郡有田川町賢,114,有田郡有田川町賢,114,228,1.17,0.17,37.2,28.9,5.5,40
30601590100,海南吉備線,一般国道４８０号,吉備金屋線,30366,0,2,,329,,340,669,1.18,0.07,26.4,19.3,13,40
30601590120,海南吉備線,吉備金屋線,一般国道４２号,30366,0,0.7,,5279,,5705,10984,1.28,0.82,24.1,21.3,7.4,40
30601600010,沖野々森小手穂線,一般国道３７０号,小野田内原線,30202,0,2,和歌山市境原,769,和歌山市境原,819,1588,1.21,0.58,30.6,35,5,40
30601600020,沖野々森小手穂線,小野田内原線,海南市・和歌山市境,30202,0,1.4,和歌山市境原,769,和歌山市境原,819,1588,1.21,0.58,27.5,20.7,5,40
30601600030,沖野々森小手穂線,海南市・和歌山市境,和歌山市・海南市境,30201,0,0.5,和歌山市境原,769,和歌山市境原,819,1588,1.21,0.21,37.2,48.1,8.5,40
30601600040,沖野々森小手穂線,和歌山市・海南市境,海南市・和歌山市境,30202,0,0.1,和歌山市境原,769,和歌山市境原,819,1588,1.21,0.22,47.4,52.5,6.9,40
30601600050,沖野々森小手穂線,海南市・和歌山市境,岩出海南線,30201,0,1.6,和歌山市境原,769,和歌山市境原,819,1588,1.21,0.22,44.9,45,6.7,40
30601600065,沖野々森小手穂線,岩出海南線,和歌山橋本線,30201,0,2.6,和歌山市相坂,2335,和歌山市相坂,2394,4729,1.27,0.57,20.3,23.1,8,40
30601600070,沖野々森小手穂線,和歌山橋本線,和歌山野上線,30201,0,0.3,和歌山市相坂,2335,和歌山市相坂,2394,4729,1.27,0.57,14.7,18.2,8,40
30601610010,小野田内原線,沖野々森小手穂線,岩出海南線,30202,0,2.5,,3778,,3685,7463,1.27,0.6,25.2,30,10.9,50
30601610030,小野田内原線,岩出海南線,海南市・和歌山市境,30202,0,0.4,和歌山市本渡,3080,和歌山市本渡,3504,6584,1.28,0.67,20.5,42.7,8,50
30601610040,小野田内原線,海南市・和歌山市境,三田海南線,30201,0,1.4,和歌山市本渡,3080,和歌山市本渡,3504,6584,1.28,0.69,42,28.8,7.5,50
30601610060,小野田内原線,三田海南線,和歌山海南線,30201,0,1.2,和歌山市本渡,3080,和歌山市本渡,3504,6584,1.28,0.72,23.4,25.1,10,50
30601620010,海南港線,,一般国道４２号,30202,0,0.1,,2995,,2882,5877,1.26,0.83,21.6,9.5,6,40
30601640010,沓掛糸我線,,海南市・有田市境,30202,0,0.6,,,,,,,,,,2.5,30
30601640020,沓掛糸我線,海南市・有田市境,,30204,0,1.3,,,,,,,,,,2.7,30
30601640040,沓掛糸我線,,一般国道４８０号,30204,0,2.2,,2295,,2486,4781,1.25,1.37,17.2,17.2,5,40
30601640060,沓掛糸我線,一般国道４８０号,一般国道４２号,30204,0,0.5,,2229,,2416,4645,1.25,0.48,17,19.8,6.9,40
30601650010,引尾下津線,海南吉備線,,30202,0,5,,,,,,,,18.9,19.8,4,30
30601650030,引尾下津線,,,30202,0,0.8,,,,,,,,,,2.5,30
30601650040,引尾下津線,,,30202,0,0.4,海南市下津町小畑,151,海南市下津町小畑,171,322,1.17,0.31,,,5,40
30601650060,引尾下津線,,一般国道４２号,30202,0,3.2,海南市下津町小畑,151,海南市下津町小畑,171,322,1.17,0.05,32.1,50.1,12.7,40
30601650080,引尾下津線,一般国道４２号,下津港下津停車場線,30202,0,1,,1742,,1696,3438,1.25,0.46,22.8,27.7,7.2,40
30601660010,興加茂郷停車場線,,海南吉備線,30202,0,0.4,,3526,,2167,5693,1.26,6.99,12.9,16.9,4,40
30601660030,興加茂郷停車場線,海南吉備線,興加茂郷停車場線,30202,0,0.3,海南市下津町小松原,1343,海南市下津町小松原,1307,2650,1.22,0.35,34.8,36.2,7.2,40
30601660040,興加茂郷停車場線,興加茂郷停車場線,阪和自動車道,30202,0,1,海南市下津町小松原,1343,海南市下津町小松原,1307,2650,1.22,0.35,49,49.6,7.2,40
30601660050,興加茂郷停車場線,阪和自動車道,一般国道４２号,30202,0,3.7,海南市下津町小松原,1343,海南市下津町小松原,1307,2650,1.22,0.35,34.2,28.4,7.2,40
30601660060,興加茂郷停車場線,一般国道４２号,大崎加茂郷停車場線,30202,0,0.7,,1742,,1696,3438,1.25,0.46,11.8,19.7,6,40
30601660070,興加茂郷停車場線,大崎加茂郷停車場線,,30202,0,0,,1742,,1696,3438,1.25,0.46,11.8,19.7,6,40
30601670010,大崎加茂郷停車場線,,興加茂郷停車場線,30202,0,5,,1763,,1716,3479,1.25,0.44,32,31.9,6,40
30601680010,下津港下津停車場線,,引尾下津線,30202,0,1.2,海南市下津町下津,515,海南市下津町下津,500,1015,1.2,0.12,27.9,24.8,7.2,40
30601680020,下津港下津停車場線,引尾下津線,,30202,0,0.1,海南市下津町下津,515,海南市下津町下津,500,1015,1.2,0.12,3.9,2.5,7.2,40
30601690020,奥佐々阪井線,一般国道３７０号,紀美野町・海南市境,30304,0,2,海草郡紀美野町下佐々,1075,海草郡紀美野町下佐々,984,2059,1.2,0.28,44,43.3,6.4,40
30601690030,奥佐々阪井線,紀美野町・海南市境,一般国道４２４号,30202,0,2.5,海草郡紀美野町下佐々,1075,海草郡紀美野町下佐々,984,2059,1.2,0.27,39.2,40.8,9,40
30601710010,宮崎古江見線,,一般国道４２号,30204,0,3.5,有田市宮崎町,2493,有田市宮崎町,2662,5155,1.25,0.49,15.8,15.8,6,40
30601710020,宮崎古江見線,一般国道４２号,有田湯浅線,30204,0,0.9,有田市宮崎町,2493,有田市宮崎町,2662,5155,1.25,0.41,36.8,32.3,7.8,40
30601720010,千田箕島線,有田湯浅線,一般国道４２号,30204,0,1.3,,1623,,1828,3451,1.25,0.51,25,22.1,8.25,40
30601720020,千田箕島線,一般国道４２号,一般国道４８０号,30204,0,0.2,,1623,,1828,3451,1.25,0.6,11.7,10.8,8.9,40
30601730010,有田港線,,一般国道４２号,30204,0,1.3,,4522,,3866,8388,1.27,1.16,27.2,23,6.3,40
30601740010,箕島停車場線,,一般国道４８０号,30204,0,0.2,,1619,,1824,3443,1.25,0.46,10.1,9.1,6.5,40
30601750010,湯浅広港湯浅停車場線,,御坊湯浅線,30361,0,0.8,,980,,1145,2125,1.22,0.23,19.4,20.2,8,40
30601750030,湯浅広港湯浅停車場線,御坊湯浅線,,30361,0,0.3,,980,,1145,2125,1.22,0.21,14,13.5,8,40
30601760160,井関御坊線,（旧）広川川辺線,（旧）井関御坊線,30362,0,0.1,,,,,,,,31.8,15.8,9.8,40
30601760010,井関御坊線,,一般国道４２号（湯浅御坊道路）,30362,0,1.7,有田郡広川町上津木,382,有田郡広川町上津木,398,780,1.18,0.11,37.5,40.1,7.4,40
30601760020,井関御坊線,一般国道４２号（湯浅御坊道路）,広川町・日高町境,30362,0,2.3,有田郡広川町上津木,382,有田郡広川町上津木,398,780,1.18,0.11,50.6,49.4,7.4,40
30601760024,井関御坊線,広川町・日高町境,井関御坊線,30382,0,0.4,有田郡広川町上津木,382,有田郡広川町上津木,398,780,1.18,0.11,48.6,52.5,7.3,40
30601760140,井関御坊線,井関御坊線,井関御坊線,30382,0,1.5,,,,,,,,47.7,45.4,5.2,40
30601760030,井関御坊線,井関御坊線,御坊湯浅線,30382,0,4.5,日高郡日高町原谷,860,日高郡日高町原谷,836,1696,1.18,0.65,35,42.6,5.5,40
30601760050,井関御坊線,一般国道４２号,比井紀伊内原停車場線,30382,0,0.4,,4562,,5491,10053,1.28,0.97,22,17.6,6.1,40
30601760060,井関御坊線,比井紀伊内原停車場線,一般国道４２号,30382,0,0.5,,4562,,5491,10053,1.28,0.97,15.3,14.5,6.1,40
30601760080,井関御坊線,一般国道４２号,江川小松原線,30205,0,0.2,御坊市御坊,666,御坊市御坊,62,728,1.18,0.12,8.1,17.6,14.8,40
30601760090,井関御坊線,江川小松原線,御坊美山線,30205,0,0.7,御坊市御坊,666,御坊市御坊,62,728,1.18,0.12,22.8,16.7,14.8,40
30601760100,井関御坊線,御坊美山線,柏御坊線,30205,0,1,御坊市御坊,666,御坊市御坊,62,728,1.18,0.06,11.6,,12.7,40
30601760110,井関御坊線,柏御坊線,日高港線,30205,0,0.6,御坊市御坊,666,御坊市御坊,62,728,1.18,0.06,25.5,,12.7,40
30601760120,井関御坊線,日高港線,一般国道４２号,30205,0,0.6,御坊市御坊,666,御坊市御坊,62,728,1.18,0.06,26.8,,12.7,40
30601770010,南金屋由良線,一般国道４２号,,30362,0,0.5,,,,,,,,28.7,21,3.1,20
30601770030,南金屋由良線,,広川町・由良町境,30362,0,5.6,,,,,,,,,,2.5,20
30601770040,南金屋由良線,広川町・由良町境,,30383,0,1.8,,,,,,,,,,2.5,40
30601770060,南金屋由良線,一般国道４２号,一般国道４２号,30383,0,2.6,,279,,307,586,1.17,0.52,50.3,85.4,4.1,40
30601780010,湯浅広港線,,御坊湯浅線,30362,0,0.3,,991,,1154,2145,1.22,0.27,22.1,23.6,10.8,40
30601780030,湯浅広港線,御坊湯浅線,一般国道４２号,30362,0,0.6,,,,,,,,24.7,12.1,9.25,40
30601790010,吉原湯浅線,一般国道４２４号,,30366,0,1.1,,2030,,1888,3918,1.25,0.54,9.8,9.8,9.6,40
30601790020,吉原湯浅線,,,30366,0,2,,,,,,,,36.3,32.1,9.6,40
30601790030,吉原湯浅線,,,30366,0,0.4,,1774,,1815,3589,1.25,0.42,21.4,25.1,8.9,40
30601790050,吉原湯浅線,,,30366,0,1.3,有田郡有田川町奥,1485,有田郡有田川町奥,1635,3120,1.22,12,,,3,40
30601790070,吉原湯浅線,,町道,30366,0,1.3,有田郡有田川町奥,1485,有田郡有田川町奥,1635,3120,1.22,0.33,11.8,29.3,8.8,40
30601790080,吉原湯浅線,町道,有田川町・湯浅町境,30366,0,1.1,,1774,,1815,3589,1.25,0.41,35.8,32.3,12.8,40
30601790090,吉原湯浅線,有田川町・湯浅町境,一般国道４２号,30361,0,0.4,,1774,,1815,3589,1.25,0.42,20,19,9.5,40
30601800004,野上清水線,一般国道３７０号,野上清水線,30304,0,5.4,海草郡紀美野町梅本,576,海草郡紀美野町梅本,550,1126,1.18,0.42,34.2,36.8,5,40
30601800007,野上清水線,野上清水線,野上清水線,30304,0,0.1,海草郡紀美野町梅本,576,海草郡紀美野町梅本,550,1126,1.18,0.42,34.2,36.8,5,40
30601800010,野上清水線,野上清水線,紀美野町・有田川町境,30304,0,5.1,海草郡紀美野町梅本,576,海草郡紀美野町梅本,550,1126,1.18,0.42,24.3,24.3,5,40
30601800020,野上清水線,紀美野町・有田川町境,生石公園線,30366,0,0,海草郡紀美野町梅本,576,海草郡紀美野町梅本,550,1126,1.18,0.36,18.2,24.3,8.1,40
30601800030,野上清水線,生石公園線,美里龍神線,30366,0,10.9,,9,,8,17,1.32,0.01,18.2,24.3,5.3,40
30601800050,野上清水線,野上清水線,野上清水線,30304,0,0.1,,,,,,,,42.4,30.9,7,40
30601810010,下湯川金屋線,美里龍神線,,30366,0,1.1,,,,,,,,,,4.7,20
30601810030,下湯川金屋線,,,30366,0,1.5,,,,,,,,,,1,20
30601810050,下湯川金屋線,,一般国道４８０号,30366,0,8.5,,15,,13,28,1.32,0.02,53.9,53.5,5,40
30601820004,境川金屋線,一般国道４８０号,,30366,0,1.5,,68,,82,150,1.32,0.12,30.4,31.6,5,40
30601820070,境川金屋線,,,30366,0,0.2,,68,,82,150,1.32,0.31,,,4.6,20
30601820010,境川金屋線,,一般国道４８０号,30366,0,5.2,,68,,82,150,1.32,0.49,30.4,31.6,4.2,20
30601820030,境川金屋線,,,30366,0,10,,,,,,,,,,4.6,20
30601820050,境川金屋線,,一般国道４２４号,30366,0,3.3,有田郡有田川町小川,67,有田郡有田川町小川,64,131,1.32,0.26,27.2,31.4,4.2,40
30601830010,楠本小川線,一般国道４８０号,楠本小川線,30366,0,0.3,,,,,,,,28.1,28.1,3.1,20
30601830030,楠本小川線,楠本小川線,,30366,0,1.8,,,,,,,,,,1.5,20
30601830045,楠本小川線,,（元）楠本小川線,30366,0,7.7,有田郡有田川町大薗,217,有田郡有田川町大薗,212,429,1.22,0.59,30.3,30.3,4.8,20
30601830090,楠本小川線,（元）楠本小川線,,30366,0,0.6,有田郡有田川町小川,1142,有田郡有田川町小川,1191,2333,1.22,0.29,52.4,50.8,11.25,40
30601830070,楠本小川線,,一般国道４２４号,30366,0,0.6,有田郡有田川町小川,1142,有田郡有田川町小川,1191,2333,1.22,0.29,52.5,50.9,11.25,40
30601840010,生石公園線,野上清水線,紀美野町・有田川町境,30304,0,3.2,有田郡有田川町生石,27,有田郡有田川町生石,19,46,1.32,0.02,30.1,30.9,7.4,40
30601840015,生石公園線,紀美野町・有田川町境,一般国道４２４号,30366,0,14.9,有田郡有田川町生石,27,有田郡有田川町生石,19,46,1.32,0.02,30.1,30.9,6,40
30601850010,御坊停車場線,,江川小松原線,30205,0,0.1,御坊市湯川町小松原,4403,御坊市湯川町小松原,4067,8470,1.25,0.53,6,5,18,40
30601850020,御坊停車場線,江川小松原線,江川小松原線,30205,0,0.3,御坊市湯川町小松原,4403,御坊市湯川町小松原,4067,8470,1.25,0.53,31.5,27.4,18,40
30601850030,御坊停車場線,江川小松原線,玄子小松原線,30205,0,0.3,御坊市湯川町小松原,4403,御坊市湯川町小松原,4067,8470,1.25,0.53,40.4,31.5,18,40
30601850040,御坊停車場線,玄子小松原線,御坊美山線,30205,0,0.1,御坊市湯川町小松原,4403,御坊市湯川町小松原,4067,8470,1.25,0.53,19.8,9.5,18,40
30601850050,御坊停車場線,御坊美山線,一般国道４２号,30205,0,2.2,御坊市湯川町小松原,4403,御坊市湯川町小松原,4067,8470,1.25,0.53,28.9,31.6,18,40
30601860010,日高港線,,美浜町・御坊市境,30381,0,0.6,日高郡美浜町田井,554,日高郡美浜町田井,623,1177,1.17,0.12,16.8,23.4,9.4,40
30601860020,日高港線,美浜町・御坊市境,一般国道４２号,30205,0,0.1,日高郡美浜町田井,554,日高郡美浜町田井,623,1177,1.17,0.12,20.4,8.9,9.8,40
30601860030,日高港線,一般国道４２号,井関御坊線,30205,0,0.5,日高郡美浜町田井,554,日高郡美浜町田井,623,1177,1.17,0.27,10.3,,3.5,40
30601870010,日の岬公園線,,御坊由良線,30381,0,2.6,,876,,857,1733,1.21,0.64,32.6,40.5,6,40
30601880010,柏御坊線,御坊由良線,比井紀伊内原停車場線,30382,0,4.6,日高郡日高町志賀,187,日高郡日高町志賀,178,365,1.2,0.07,84.1,30.9,6,40
30601880020,柏御坊線,比井紀伊内原停車場線,比井紀伊内原停車場線,30382,0,1.4,日高郡日高町志賀,187,日高郡日高町志賀,178,365,1.2,0.05,18.6,34.4,17.2,40
30601880030,柏御坊線,比井紀伊内原停車場線,日高町・美浜町境,30382,0,2,日高郡日高町志賀,187,日高郡日高町志賀,178,365,1.2,0.05,40.6,43.1,17.2,40
30601880040,柏御坊線,日高町・美浜町境,御坊由良線,30381,0,0.1,日高郡日高町志賀,187,日高郡日高町志賀,178,365,1.2,0.06,39.6,41.1,12,40
30601880060,柏御坊線,御坊由良線,美浜町・御坊市境,30381,0,2.4,日高郡美浜町吉原,2276,日高郡美浜町吉原,2535,4811,1.25,0.38,35.2,30.6,14.6,30
30601880070,柏御坊線,美浜町・御坊市境,一般国道４２号,30205,0,0,日高郡美浜町吉原,2276,日高郡美浜町吉原,2535,4811,1.25,0.36,21.8,6.7,8.4,30
30601880090,柏御坊線,一般国道４２号,井関御坊線,30205,0,0.5,,2956,,2509,5465,1.26,0.63,13.8,16.5,6,30
30601890010,比井紀伊内原停車場線,御坊由良線,柏御坊線,30382,0,2.6,,2384,,2435,4819,1.25,0.36,39.8,44.8,12.5,40
30601890030,比井紀伊内原停車場線,柏御坊線,一般国道４２号,30382,0,2,日高郡日高町小中,2066,日高郡日高町小中,2133,4199,1.25,0.44,33.4,30.4,12.1,40
30601890040,比井紀伊内原停車場線,一般国道４２号,井関御坊線,30382,0,0.1,日高郡日高町小中,2066,日高郡日高町小中,2133,4199,1.25,0.44,7.9,11,12.1,40
30601890050,比井紀伊内原停車場線,井関御坊線,,30382,0,0.1,日高郡日高町小中,2066,日高郡日高町小中,2133,4199,1.25,0.44,4.3,6.2,12.1,40
30601900004,玄子小松原線,御坊美山線,玄子小松原線,30392,0,0.5,,189,,208,397,1.22,0.05,42.4,35,8,40
30601900090,玄子小松原線,玄子小松原線,玄子小松原線,30392,0,0.7,,189,,208,397,1.22,0.07,31.1,50.1,10,40
30601900010,玄子小松原線,玄子小松原線,一般国道４２号（湯浅御坊道路）,30392,0,0.3,,189,,208,397,1.22,0.07,42.8,40.4,10,40
30601900020,玄子小松原線,一般国道４２号（湯浅御坊道路）,日高川町・御坊市境,30392,0,2.6,日高郡日高川町千津川,2534,日高郡日高川町千津川,2480,5014,1.25,0.57,48.1,49.2,12,40
30601900030,玄子小松原線,日高川町・御坊市境,日高印南線,30205,0,1.3,御坊市藤田町吉田,272,御坊市藤田町吉田,303,575,1.25,0.27,37.4,39.3,5.5,40
30601900050,玄子小松原線,日高印南線,江川小松原線,30205,0,1.1,,1818,,1918,3736,1.25,2.26,10.5,16.3,4.1,30
30601900060,玄子小松原線,江川小松原線,江川小松原線,30205,0,0.4,,1818,,1918,3736,1.25,2.26,33.5,24.3,4.1,30
30601900070,玄子小松原線,江川小松原線,御坊停車場線,30205,0,0.4,,1818,,1918,3736,1.25,2.26,28.4,31,4.1,30
30601900007,玄子小松原線,玄子小松原線,玄子小松原線,30392,0,0.8,,189,,208,397,1.22,0.06,52.7,51.4,8.5,40
30601910010,江川小松原線,御坊中津線,船津和佐線,30392,0,2.5,,1831,,1879,3710,1.25,0.41,39.4,40.2,7.3,40
30601910020,江川小松原線,船津和佐線,玄子和佐線,30392,0,0.1,,218,,237,455,1.2,0.06,39.4,40.2,8.5,40
30601910030,江川小松原線,玄子和佐線,玄子和佐線,30392,0,0.5,,51,,48,99,1.32,0.01,34.9,46.9,12.1,40
30601910040,江川小松原線,玄子和佐線,御坊美山線,30392,0,2.4,,51,,48,99,1.32,0.01,30.9,29,12.1,40
30601910060,江川小松原線,御坊美山線,日高川町・御坊市境,30392,0,0.4,,1818,,1918,3736,1.25,0.49,13.8,24.1,6,40
30601910070,江川小松原線,日高川町・御坊市境,日高印南線,30205,0,0.3,,1818,,1918,3736,1.25,0.49,25.2,25.5,6,40
30601910090,江川小松原線,日高印南線,玄子小松原線,30205,0,1,,5050,,4798,9848,1.28,2.04,42.9,33,5,40
30601910110,江川小松原線,玄子小松原線,御坊停車場線,30205,0,0.2,,5050,,4798,9848,1.28,0.84,,21.3,5.2,40
30601910130,江川小松原線,御坊停車場線,井関御坊線,30205,0,0.8,御坊市湯川町小松原,5362,御坊市湯川町小松原,5571,10933,1.29,0.93,26.1,21.2,16,40
30601910140,江川小松原線,井関御坊線,一般国道４２号,30205,0,0.2,御坊市湯川町小松原,5362,御坊市湯川町小松原,5571,10933,1.29,0.93,11.3,9.7,16,40
30601920010,玄子和佐線,御坊美山線,江川小松原線,30392,0,3.2,,209,,229,438,1.2,0.21,16.3,22.6,6,40
30601920030,玄子和佐線,江川小松原線,御坊中津線,30392,0,1.7,,4562,,5491,10053,1.28,0.73,42.4,41.7,8.2,40
30601930010,船津和佐線,御坊美山線,江川小松原線,30392,0,10.5,日高郡日高川町三百瀬,185,日高郡日高川町三百瀬,194,379,1.18,0.05,24.5,24.5,9.7,40
30601940010,上初湯川皆瀬線,一般国道４２４号,,30392,0,17.3,日高郡日高川町上初湯川,50,日高郡日高川町上初湯川,61,111,1.32,0.1,33.3,33.3,5,20
30601960010,たかの金屋線,滝切目停車場線,みなべ町・印南町境,30391,0,4.2,,41,,40,81,1.32,0.08,33.4,31.6,5,40
30601960020,たかの金屋線,みなべ町・印南町境,（元）一般国道４２５号,30390,0,1.5,,41,,40,81,1.32,0.06,41.2,28.4,5.3,40
30304250120,たかの金屋線,（元）一般国道４２５号,一般国道４２５号,30390,0,0.2,,463,,496,959,1.17,0.5,16.8,16.8,6,40
30601960040,たかの金屋線,一般国道４２５号,,30390,0,0.4,,,,,,,,,,5.2,40
30601960060,たかの金屋線,,印南町・日高川町境,30390,0,2.6,,,,,,,,,,2.6,40
30601960070,たかの金屋線,印南町・日高川町境,,30392,0,3.1,,,,,,,,,,3,40
30601960090,たかの金屋線,,御坊中津線,30392,0,1.7,,,,,,,,22.1,22.3,3.4,30
30601960110,たかの金屋線,御坊中津線,御坊美山線,30392,0,6,日高郡日高川町高津尾,542,日高郡日高川町高津尾,573,1115,1.16,0.19,48.6,41.6,7.6,30
30601960130,たかの金屋線,御坊美山線,,30392,0,4.8,,666,,619,1285,1.18,1.33,29.3,28.6,4,30
30601960150,たかの金屋線,,日高川町・有田川町境,30392,0,1.2,,,,,,,,,,2.5,30
30601960160,たかの金屋線,日高川町・有田川町境,,30366,0,1.3,,,,,,,,,,1,20
30601960180,たかの金屋線,,一般国道４２４号,30366,0,1.1,,,,,,,,,,3,20
30601970010,滝切目停車場線,一般国道４２４号,たかの金屋線,30391,0,3.1,,742,,794,1536,1.2,1.41,31.8,31.8,7,40
30601970020,滝切目停車場線,たかの金屋線,田辺印南線,30391,0,3.6,,742,,794,1536,1.2,1.41,31.8,33.5,7,40
30601970040,滝切目停車場線,田辺印南線,古井西の地線,30390,0,3.5,,,,,,,,27.3,35.8,5.5,40
30601970050,滝切目停車場線,古井西の地線,古井西の地線,30390,0,0.5,,,,,,,,44.5,47,9.8,40
30601970055,滝切目停車場線,古井西の地線,（元）滝切目停車場線,30390,0,2.5,,,,,,,,29.4,39.5,6.6,40
30601970070,滝切目停車場線,（元）滝切目停車場線,古井西の地線,30390,0,0.5,日高郡印南町西ノ地,616,日高郡印南町西ノ地,630,1246,1.18,0.3,39.3,42.4,7,40
30602020030,滝切目停車場線,古井西の地線,一般国道４２号,30390,0,2.2,,541,,544,1085,1.17,0.33,41.4,35.6,7,40
30601980010,龍神中辺路線,田辺龍神線,温川田辺線,30206,0,5.7,田辺市中辺路町熊野川,872,田辺市中辺路町熊野川,852,1724,1.2,0.23,63.9,65.7,9,60
30601980020,龍神中辺路線,温川田辺線,温川田辺線,30206,0,1.5,田辺市中辺路町熊野川,872,田辺市中辺路町熊野川,852,1724,1.2,0.23,45.2,46.2,9,60
30601980030,龍神中辺路線,温川田辺線,一般国道３１１号,30206,0,4.8,田辺市中辺路町熊野川,872,田辺市中辺路町熊野川,852,1724,1.2,0.23,50.3,47.1,9,60
30601990005,芳養清川線,一般国道４２号,一般国道４２号,30206,0,0.3,田辺市中芳養,3775,田辺市中芳養,3495,7270,1.26,0.82,9.7,12.8,13.3,40
30601990010,芳養清川線,一般国道４２号,上富田南部線,30206,0,2.6,田辺市中芳養,3775,田辺市中芳養,3495,7270,1.26,0.82,37.3,43.1,13.3,40
30601990020,芳養清川線,上富田南部線,芳養清川線,30206,0,0.5,田辺市中芳養,3775,田辺市中芳養,3495,7270,1.26,0.82,32.4,42.1,13.3,40
30601990024,芳養清川線,芳養清川線,芳養清川線,30206,0,0.2,田辺市中芳養,3775,田辺市中芳養,3495,7270,1.26,0.82,46.5,40.7,13.3,40
30601990050,芳養清川線,芳養清川線,芳養清川線,30206,0,0.4,,,,,,,,51.1,48.7,7,40
30601990025,芳養清川線,芳養清川線,芳養清川線,30206,0,0.5,,1003,,1108,2111,1.22,0.87,52.2,46.4,6,40
30601990140,芳養清川線,芳養清川線,芳養清川線,30206,0,0.7,,,,,,,,54.9,54.8,9.3,40
30601990040,芳養清川線,芳養清川線,田辺印南線,30206,0,1.8,,1003,,1108,2111,1.22,0.23,37.7,40.2,11.8,40
30601990055,芳養清川線,田辺印南線,芳養清川線,30206,0,5.7,田辺市上芳養,161,田辺市上芳養,157,318,1.13,0.2,38.3,24.2,5.5,40
30601990110,芳養清川線（面谷トンネル）,芳養清川線,田辺市・みなべ町境,30206,0,0.4,田辺市上芳養,161,田辺市上芳養,157,318,1.13,0.05,64.2,64.2,6.5,40
30601990120,芳養清川線（面谷トンネル）,田辺市・みなべ町境,芳養清川線,30391,0,0.5,田辺市上芳養,161,田辺市上芳養,157,318,1.13,0.05,62.1,62.1,6.5,40
30601990070,芳養清川線,芳養清川線,一般国道４２４号,30391,0,2.3,田辺市上芳養,161,田辺市上芳養,157,318,1.13,0.2,32.5,27,5.5,40
30601990090,芳養清川線,上富田南部線,芳養清川線,30206,0,0.5,,1003,,1108,2111,1.22,0.34,22.6,34,13.4,40
30601990030,芳養清川線,芳養清川線,中芳養南部線,30206,0,0.9,,1003,,1108,2111,1.22,0.23,26.1,31,11.8,40
30601990035,芳養清川線,中芳養南部線,芳養清川線,30206,0,0.1,,1003,,1108,2111,1.22,0.23,32.4,24.3,11.8,40
30601990060,芳養清川線,芳養清川線,田辺市・みなべ町境,30206,0,0.5,,109,,91,200,1.13,0.15,54.3,54.3,5.5,40
30601990065,芳養清川線,田辺市・みなべ町境,芳養清川線,30391,0,1,,1037,,1143,2180,1.22,0.78,44.4,44.4,5.5,40
30602000010,中芳養南部線,芳養清川線,田辺市・みなべ町境,30206,0,0.6,田辺市中芳養,313,田辺市中芳養,295,608,1.18,0.23,36.2,36,6,40
30602000020,中芳養南部線,田辺市・みなべ町境,上富田南部線,30391,0,3.4,日高郡みなべ町晩稲,413,日高郡みなべ町晩稲,395,808,1.17,0.09,34.6,34.2,13.5,40
30602000030,中芳養南部線,上富田南部線,一般国道４２号,30391,0,1.7,日高郡みなべ町晩稲,413,日高郡みなべ町晩稲,395,808,1.17,0.09,26.5,25.5,13.5,40
30602010010,南部停車場線,,一般国道４２号,30391,0,0.4,,4522,,5444,9966,1.28,0.96,15.2,10.1,13,40
30602020010,古井西の地線,田辺印南線,滝切目停車場線,30390,0,3.5,,742,,794,1536,1.2,0.17,44.7,50.8,8.92,60
30602020025,古井西の地線,滝切目停車場線,滝切目停車場線,30390,0,1.9,,541,,544,1085,1.17,0.13,33.1,44.8,10,60
30602030010,滝之口古井口線,印南原印南線,一般国道４２５号,30390,0,2.9,,1831,,1879,3710,1.25,0.48,37.3,38,6,60
30602040010,印南停車場線,,一般国道４２号,30390,0,0.6,,4509,,5429,9938,1.28,2.31,17.8,9.7,4.9,30
30602050010,上野岩田線,平瀬上三栖線,田辺市・上富田町境,30206,0,2.6,,82,,67,149,1.32,1.53,27.4,24.8,4.2,60
30602050020,上野岩田線,田辺市・上富田町境,上富田南部線,30404,0,3.7,,82,,67,149,1.32,1.53,27.4,24.8,3,60
30602060010,文里湊線,文里港線,田辺龍神線,30206,0,2.7,田辺市磯間,3074,田辺市磯間,3306,6380,1.27,0.36,22.9,24,27.2,30
30602070010,上万呂北新町線,温川田辺線,一般国道４２号,30206,0,1.5,田辺市中万呂,6583,田辺市中万呂,6778,13361,1.3,1.58,26.1,19.5,5.5,30
30602070020,上万呂北新町線,一般国道４２号,一般国道４２４号,30206,0,1.3,田辺市中万呂,6583,田辺市中万呂,6778,13361,1.3,1.58,19.5,24,5.5,30
30602070030,上万呂北新町線,一般国道４２４号,秋津川田辺線,30206,0,0.4,田辺市中万呂,6583,田辺市中万呂,6778,13361,1.3,1.58,12.6,15.1,5.5,30
30602070040,上万呂北新町線,秋津川田辺線,,30206,0,0.1,田辺市中万呂,6583,田辺市中万呂,6778,13361,1.3,1.58,15.2,9.3,5.5,30
30602080010,秋津川田辺線,田辺印南線,田辺印南線,30206,0,8.2,,323,,360,683,1.18,0.51,27.8,24.2,5.1,60
30602080020,秋津川田辺線,田辺印南線,上富田南部線,30206,0,5.5,,323,,360,683,1.18,0.33,39.1,43.9,5.5,60
30602080040,秋津川田辺線,上富田南部線,一般国道４２号,30206,0,2.4,田辺市稲成町,2639,田辺市稲成町,2841,5480,1.26,0.44,39.1,33.6,10.4,60
30602080060,秋津川田辺線,一般国道４２号,田辺龍神線,30206,0,0.6,田辺市稲成町,2639,田辺市稲成町,2841,5480,1.26,0.42,17.2,20.3,12.7,60
30602080070,秋津川田辺線,田辺龍神線,上万呂北新町線,30206,0,0.3,田辺市稲成町,2639,田辺市稲成町,2841,5480,1.26,0.32,,21.5,10.75,60
30602080080,秋津川田辺線,上万呂北新町線,紀伊田辺停車場線,30206,0,0.4,田辺市稲成町,2639,田辺市稲成町,2841,5480,1.26,0.32,,17.4,10.75,60
30602090010,長野上秋津線,平瀬上三栖線,温川田辺線,30206,0,1.8,田辺市上秋津,382,田辺市上秋津,355,737,1.21,0.69,10.7,22.2,5,60
30602090020,長野上秋津線,温川田辺線,田辺龍神線,30206,0,6,田辺市上秋津,382,田辺市上秋津,355,737,1.21,0.69,34.7,35.6,5,60
30602100010,田辺港線,,,30206,0,0.5,,4488,,4496,8984,1.27,0.71,11.1,11.2,12,30
30602100020,田辺港線,,一般国道４２号,30206,0,1.4,田辺市上の山二丁目,3876,田辺市上の山二丁目,3631,7507,1.27,0.63,22.8,17,12,30
30602110010,文里港線,,文里湊線,30206,0,0.2,田辺市文里,5775,田辺市文里,5971,11746,1.27,0.85,7.1,10.4,8.2,30
30602110020,文里港線,文里湊線,田辺白浜線,30206,0,1.1,田辺市文里,5775,田辺市文里,5971,11746,1.27,0.85,28.2,13.9,8.2,30
30602120003,栄岩崎線,白浜温泉線,白浜温泉線,30401,0,0.6,,83,,90,173,1.13,0.02,35.9,41.1,6.9,60
30602120005,栄岩崎線,白浜温泉線,白浜温泉線,30401,0,3.4,,83,,90,173,1.13,0.02,21.1,21.1,6.9,60
30602120010,栄岩崎線,白浜温泉線,白浜温泉線,30401,0,0.3,,83,,90,173,1.13,0.02,16.4,11.2,6.9,60
30602120030,栄岩崎線,白浜温泉線,白浜町・上富田町境,30401,0,3.3,西牟婁郡白浜町平,64,西牟婁郡白浜町平,76,140,1.13,0.03,36.8,41.8,6.1,60
30602120040,栄岩崎線,白浜町・上富田町境,一般国道４２号,30404,0,0.5,西牟婁郡白浜町平,64,西牟婁郡白浜町平,76,140,1.13,0.17,38.9,19.3,5.1,60
30602130010,白浜久木線,一般国道４２号,,30401,0,2.9,西牟婁郡白浜町庄川,307,西牟婁郡白浜町庄川,280,587,1.17,0.87,38.4,37.3,2.5,40
30602130020,白浜久木線,,,30401,0,2.6,,,,,,,,,,2.5,40
30602130040,白浜久木線,,日置川大塔線,30401,0,3.7,,,,,,,,,,1.8,40
30602140010,白浜停車場線,田辺白浜線,白浜温泉線,30401,0,1.9,西牟婁郡白浜町堅田,3257,西牟婁郡白浜町堅田,3177,6434,1.26,0.65,28.2,28.9,12.5,50
30602150010,椿停車場線,一般国道４２号,,30401,0,1.3,,385,,362,747,1.18,0.1,20.6,21.3,6.5,30
30602160010,温川田辺線,一般国道３７１号,龍神中辺路線,30206,0,7,,698,,713,1411,1.18,0.7,38,36,5.5,60
30602160030,温川田辺線,龍神中辺路線,長野上秋津線,30206,0,12.9,,2730,,2678,5408,1.26,9.58,46,46.6,3.6,60
30602160040,温川田辺線,長野上秋津線,平瀬上三栖線,30206,0,1,,2730,,2678,5408,1.26,9.58,46,46.6,3.6,60
30602160050,温川田辺線,平瀬上三栖線,上富田南部線,30206,0,3.9,,2730,,2678,5408,1.26,9.58,33,35.2,3.6,60
30602160070,温川田辺線,上富田南部線,上万呂北新町線,30206,0,0.1,田辺市新庄町,5629,田辺市新庄町,5522,11151,1.29,0.82,29.7,13.1,11,60
30602160080,温川田辺線,上万呂北新町線,一般国道４２号,30206,0,1.4,田辺市新庄町,5629,田辺市新庄町,5522,11151,1.29,0.82,24.5,22.9,11,60
30602160090,温川田辺線,一般国道４２号,田辺白浜線,30206,0,0.5,田辺市新庄町,5629,田辺市新庄町,5522,11151,1.29,0.82,18.7,13.3,11,60
30602170010,近露平瀬線,,一般国道３１１号,30206,0,0.9,田辺市和田,15,田辺市和田,5,20,1.32,0.01,32.9,16.4,6,60
30602170020,近露平瀬線,一般国道３１１号,一般国道３７１号,30206,0,9.2,田辺市和田,15,田辺市和田,5,20,1.32,0.01,33.8,33.8,6,60
30602180010,平瀬上三栖線,一般国道３１１号,,30206,0,3.5,西牟婁郡上富田町岡,3,西牟婁郡上富田町岡,2,5,1.32,0,49.2,45.5,9.4,60
30602180030,平瀬上三栖線,,,30206,0,1.8,西牟婁郡上富田町岡,3,西牟婁郡上富田町岡,2,5,1.32,0.02,29.8,29.8,2.4,60
30602180050,平瀬上三栖線,,,30206,0,1,西牟婁郡上富田町岡,3,西牟婁郡上富田町岡,2,5,1.32,0.02,29.8,29.8,3.2,60
30602180060,平瀬上三栖線,,,30404,0,0.5,西牟婁郡上富田町岡,3,西牟婁郡上富田町岡,2,5,1.32,0.02,29.8,29.8,4.1,60
30602180070,平瀬上三栖線,,,30206,0,0.5,西牟婁郡上富田町岡,3,西牟婁郡上富田町岡,2,5,1.32,0.02,29.8,29.8,3.3,60
30602180080,平瀬上三栖線,上野岩田線,長野上秋津線,30206,0,4.2,,4,,4,8,1.32,0.01,18.1,18.1,5.3,60
30602180090,平瀬上三栖線,長野上秋津線,温川田辺線,30206,0,3.2,,4,,4,8,1.32,0.01,22.3,32.2,5.3,60
30602190010,下川上牟婁線,,一般国道３７１号,30206,0,5,,113,,110,223,1.13,0.19,34.5,37.9,4.6,60
30602190030,下川上牟婁線,一般国道３７１号,市鹿野鮎川線,30206,0,9.8,田辺市鮎川,383,田辺市鮎川,392,775,1.18,0.12,38.3,43.3,7.6,60
30602190040,下川上牟婁線,市鹿野鮎川線,市鹿野鮎川線,30206,0,0.9,田辺市鮎川,909,田辺市鮎川,904,1813,1.13,0.21,40.8,41.7,11,60
30602190050,下川上牟婁線,市鹿野鮎川線,田辺市・上富田町境,30206,0,2.1,田辺市鮎川,909,田辺市鮎川,904,1813,1.13,0.21,29.8,36.4,11,60
30602190060,下川上牟婁線,田辺市・上富田町境,岩田保呂線,30404,0,3.9,田辺市鮎川,909,田辺市鮎川,904,1813,1.13,0.21,39.8,45.7,12.9,60
30602190070,下川上牟婁線,岩田保呂線,上富田南部線,30404,0,0.3,田辺市鮎川,909,田辺市鮎川,904,1813,1.13,0.21,31.6,17.8,12.9,60
30602200010,岩田保呂線,下川上牟婁線,上富田すさみ線,30404,0,1.6,西牟婁郡上富田町岩田,438,西牟婁郡上富田町岩田,448,886,1.18,0.62,29.7,28.9,5.5,60
30602200020,岩田保呂線,上富田すさみ線,上富田町・白浜町境,30404,0,1.5,西牟婁郡上富田町岩田,438,西牟婁郡上富田町岩田,448,886,1.18,0.62,47.5,50.6,5.5,60
30602200030,岩田保呂線,上富田町・白浜町境,一般国道４２号,30401,0,1.1,西牟婁郡上富田町岩田,438,西牟婁郡上富田町岩田,448,886,1.18,0.13,46,40.3,8.5,60
30602210010,市鹿野鮎川線,,日置川大塔線,30401,0,0.8,,201,,237,438,1.2,0.29,13.5,17.8,5.5,60
30602210024,市鹿野鮎川線,日置川大塔線,市鹿野鮎川線,30206,0,7.2,田辺市鮎川,226,田辺市鮎川,238,464,1.2,0.1,44.3,45.3,7,40
30602210060,市鹿野鮎川線,市鹿野鮎川線,市鹿野鮎川線,30206,0,0.5,田辺市鮎川,226,田辺市鮎川,238,464,1.2,0.1,53.1,58.5,7,40
30602210030,市鹿野鮎川線,市鹿野鮎川線,下川上牟婁線,30206,0,1.5,田辺市鮎川,226,田辺市鮎川,238,464,1.2,0.1,45.6,47.9,7,40
30602210050,市鹿野鮎川線,下川上牟婁線,一般国道３１１号,30206,0,0.2,,297,,364,661,1.18,0.1,24.1,12.5,9,60
30602220010,城すさみ線,,白浜町・すさみ町境,30401,0,1.9,,,,,,,,,,1.5,20
30602220020,城すさみ線,白浜町・すさみ町境,,30406,0,0.7,,,,,,,,,,1.8,20
30602220050,城すさみ線,,すさみ古座線,30406,0,9.1,西牟婁郡すさみ町周参見,49,西牟婁郡すさみ町周参見,50,99,1.32,0.1,12.7,11.6,5,30
30602220060,城すさみ線,すさみ古座線,一般国道４２号,30406,0,0.9,西牟婁郡すさみ町周参見,49,西牟婁郡すさみ町周参見,50,99,1.32,0.1,12.7,11.6,5,30
30602230010,日置港線,,一般国道４２号,30401,0,0.5,,398,,378,776,1.18,0.07,18.4,20.2,6.8,30
30602240010,佐本深谷三尾川線,すさみ古座線,,30406,0,0.3,,,,,,,,,,6,30
30602240030,佐本深谷三尾川線,,,30406,0,2,,,,,,,,,,1.3,30
30602240050,佐本深谷三尾川線,,すさみ町・古座川町境,30406,0,0.9,,,,,,,,28.4,27,4,30
30602240060,佐本深谷三尾川線,すさみ町・古座川町境,串本古座川線,30424,0,6,,82,,67,149,1.32,0.24,28.4,27,4.4,40
30602250010,大附見老津停車場線,上富田すさみ線,すさみ古座線,30406,0,4.2,,82,,67,149,1.32,0.54,33.1,29.6,4.5,30
30602250030,大附見老津停車場線,すさみ古座線,一般国道４２号,30406,0,9.7,,83,,70,153,1.32,0.56,27.2,27.6,3.5,30
30602260010,紀伊有田停車場線,,一般国道４２号,30428,0,0.5,,167,,166,333,1.18,0.21,24.3,14.1,5.5,30
30602270010,田原古座線,長井古座線,串本町・古座川町境,30428,0,4.1,東牟婁郡串本町佐部,227,東牟婁郡串本町佐部,212,439,1.19,0.07,44.7,45.9,6.5,40
30602270020,田原古座線,串本町・古座川町境,高瀬古座停車場線,30424,0,3.1,東牟婁郡串本町佐部,227,東牟婁郡串本町佐部,212,439,1.19,0.07,35.5,37.6,6.4,40
30602270030,田原古座線,高瀬古座停車場線,古座川町・串本町境,30424,0,1.2,東牟婁郡串本町中湊,1466,東牟婁郡串本町中湊,1529,2995,1.25,0.91,27.3,28.3,5.6,30
30602270040,田原古座線,古座川町・串本町境,高瀬古座停車場線,30428,0,0.3,東牟婁郡串本町中湊,1466,東牟婁郡串本町中湊,1529,2995,1.25,0.21,30.5,25.6,7.5,30
30602270050,田原古座線,高瀬古座停車場線,一般国道４２号,30428,0,1.2,,1893,,1893,3786,1.25,0.31,29.6,26.1,7.5,30
30602280010,高瀬古座停車場線,すさみ古座線,高瀬古座停車場線,30424,0,0.1,,,,,,,,4.3,4.3,2.6,30
30602280030,高瀬古座停車場線,高瀬古座停車場線,高瀬古座停車場線,30424,0,2.3,,,,,,,,,,1.5,30
30602280050,高瀬古座停車場線,高瀬古座停車場線,古座川町・串本町境,30424,0,0.4,,,,,,,,5.7,5.7,4.6,30
30602280060,高瀬古座停車場線,古座川町・串本町境,すさみ古座線,30428,0,0.4,,,,,,,,32.5,18.3,10,30
30602280080,高瀬古座停車場線,すさみ古座線,田原古座線,30424,0,0.5,,168,,167,335,1.18,0.04,34.6,40.8,9.3,40
30602280100,高瀬古座停車場線,田原古座線,すさみ古座線,30428,0,0.5,,168,,167,335,1.18,0.05,38.4,20,6.7,30
30602290010,古座川熊野川線,一般国道３７１号,古座川町・新宮市境,30424,0,23.8,,174,,172,346,1.18,0.19,29.6,28.6,5.7,30
30602290020,古座川熊野川線,古座川町・新宮市境,,30207,0,5.9,,438,,397,835,1.17,0.13,29.6,28.6,6,20
30602290040,古座川熊野川線,那智勝浦本宮線,,30207,0,0.8,,438,,397,835,1.17,0.56,15.6,15.2,4.5,20
30602290060,古座川熊野川線,那智勝浦本宮線,那智勝浦熊野川線,30207,0,11.4,,438,,397,835,1.17,0.56,24.6,25,4.5,20
30602300010,高田相賀線,,一般国道１６８号,30207,0,7.6,新宮市高田,305,新宮市高田,317,622,1.18,0.1,38.8,40.2,6.4,40
30602310010,あけぼの広角線,,（旧）あけぼの広角線,30207,0,1.4,新宮市王子町三丁目,3949,新宮市王子町三丁目,3550,7499,1.25,0.54,23.5,25.3,12,40
30602310040,あけぼの広角線,（旧）あけぼの広角線,一般国道４２号,30207,0,1.7,新宮市新宮,5134,新宮市新宮,5705,10839,1.25,0.78,40.3,35.5,14,40
30602320010,池田港線,,新宮停車場線,30207,0,0.7,新宮市千穂三丁目,1229,新宮市千穂三丁目,1299,2528,1.23,0.21,14.2,12.6,10.3,30
30602320020,池田港線,新宮停車場線,一般国道４２号,30207,0,0.7,新宮市千穂三丁目,1229,新宮市千穂三丁目,1299,2528,1.23,0.31,15.7,13.1,16.2,30
30602330010,三輪崎港線,,一般国道４２号,30207,0,0.9,,672,,730,1402,1.18,0.23,20.7,16.4,7,40
30602340010,長井古座線,那智勝浦本宮線,,30421,0,2.3,,75,,78,153,1.32,0.01,39,39,10.2,60
30602340030,長井古座線,,那智勝浦町・串本町境,30421,0,2.7,,,,,,,,,,1,20
30602340040,長井古座線,那智勝浦町・串本町境,,30428,0,1.6,,,,,,,,,,2.4,20
30602340054,長井古座線,,（元）長井古座線,30428,0,5.1,,425,,423,848,1.17,0.61,23.8,23.1,5.4,20
30602340090,長井古座線,（元）長井古座線,（元）長井古座線,30428,0,0.2,,425,,423,848,1.17,0.11,31,29.4,10.81,40
30602340060,長井古座線,（元）長井古座線,田原古座線,30428,0,0.4,,425,,423,848,1.17,0.11,37.9,41.3,10.81,40
30602340070,長井古座線,田原古座線,一般国道４２号,30428,0,0.9,東牟婁郡串本町上田原,553,東牟婁郡串本町上田原,559,1112,1.17,0.15,42.1,34.7,10.81,40
30602350005,南平野下里停車場線,那智勝浦古座川線,一般国道４２号,30421,0,11,,496,,555,1051,1.17,1.07,,,4,40
30602350010,南平野下里停車場線,一般国道４２号,一般国道４２号,30421,0,0.3,,496,,555,1051,1.17,0.15,28.9,20.8,10.5,40
30602350030,南平野下里停車場線,一般国道４２号,太地港下里線,30421,0,0.3,,496,,554,1050,1.16,0.32,15.7,20.9,7.9,40
30602350040,南平野下里停車場線,太地港下里線,太地港下里線,30421,0,0.2,,496,,554,1050,1.16,0.32,27.5,26,7.9,40
30602350050,南平野下里停車場線,太地港下里線,,30421,0,0.2,,496,,554,1050,1.16,0.32,15,26.4,7.9,40
30602360010,勝浦港湯川線,那智山勝浦線,紀伊勝浦停車場線,30421,0,0.1,,3036,,2900,5936,1.26,0.7,14.6,18.1,10.6,60
30602360020,勝浦港湯川線,紀伊勝浦停車場線,,30421,0,1.1,,,,,,,,15.8,20.1,12.7,20
30602360040,勝浦港湯川線,,那智勝浦町・太地町境,30421,0,0.4,,,,,,,,,,1,20
30602360050,勝浦港湯川線,那智勝浦町・太地町境,,30422,0,0.6,,,,,,,,,,1,20
30602360070,勝浦港湯川線,,太地町・那智勝浦町境,30422,0,1.1,,,,,,,,32.1,25.5,8,20
30602360080,勝浦港湯川線,太地町・那智勝浦町境,一般国道４２号,30421,0,0.4,,,,,,,,23.9,19.2,8,20
30602370010,宇久井港線,,一般国道４２号,30421,0,1.2,,542,,491,1033,1.17,0.12,21.5,21.5,9,40
30602380010,紀伊勝浦停車場線,,勝浦港湯川線,30421,0,0.2,,3036,,2900,5936,1.26,0.4,13,10.4,14.6,30
30602390010,太地港下里線,梶取崎線,太地町・那智勝浦町境,30422,0,1.2,東牟婁郡那智勝浦町下里,880,東牟婁郡那智勝浦町下里,895,1775,1.2,0.15,24.5,31,7,30
30602390020,太地港下里線,太地町・那智勝浦町境,南平野下里停車場線,30421,0,1.5,東牟婁郡那智勝浦町下里,880,東牟婁郡那智勝浦町下里,895,1775,1.2,0.21,39.4,44.1,5.5,30
30602390040,太地港下里線,南平野下里停車場線,一般国道４２号,30421,0,0.6,,353,,355,708,1.18,0.1,16.9,19.5,6,30
30602400010,梶取崎線,,太地港下里線,30422,0,2.5,東牟婁郡太地町太地,260,東牟婁郡太地町太地,288,548,1.17,0.07,26.3,23.1,8.8,40
30602400020,梶取崎線,太地港下里線,一般国道４２号,30422,0,2.9,東牟婁郡太地町太地,260,東牟婁郡太地町太地,288,548,1.17,0.06,30.2,26.3,12.8,40
30602410010,静川請川線,,静川請川線,30206,0,4.7,田辺市本宮町川湯,272,田辺市本宮町川湯,293,565,1.17,0.28,31.6,32.7,6.8,30
30602410020,静川請川線,静川請川線,那智勝浦本宮線,30206,0,1.6,田辺市本宮町川湯,272,田辺市本宮町川湯,293,565,1.17,0.2,31.6,32.7,6.8,30
30602410040,静川請川線,静川請川線,一般国道３１１号,30206,0,0.6,,438,,397,835,1.17,0.14,42.5,33.7,8,30
30602430010,日置川すさみ線,一般国道４２号,一般国道４２号,30401,0,3.6,,96,,60,156,1.32,0.02,36.4,34,13.5,60
30602430020,日置川すさみ線,一般国道４２号,一般国道４２号,30401,0,0.3,,96,,60,156,1.32,0.02,42.1,42.1,10,60
30602430030,日置川すさみ線,一般国道４２号,白浜町・すさみ町境,30401,0,0.6,,96,,60,156,1.32,0.02,41.5,40.7,10,60
30602430040,日置川すさみ線,白浜町・すさみ町境,一般国道４２号,30406,0,1.4,,81,,71,152,1.32,0.05,38.8,32,8,60
30607310010,二見御幸辻停車場線,二見御幸辻停車場線,山内恋野線,30203,0,1.6,橋本市隅田町霜草,228,橋本市隅田町霜草,197,425,1.21,0.7,25.6,18.4,11.1,40
30607310020,二見御幸辻停車場線,山内恋野線,一般国道３７１号,30203,0,5.4,橋本市隅田町霜草,228,橋本市隅田町霜草,197,425,1.21,0.7,29.2,23.7,11.1,40
30607310030,二見御幸辻停車場線,一般国道３７１号,山田御幸辻停車場線,30203,0,0.4,橋本市隅田町霜草,228,橋本市隅田町霜草,197,425,1.21,0.7,29.9,24.3,11.1,40
30607320010,阪本五條線,阪本五條線,川津高野線,30344,0,5.2,伊都郡高野町東富貴,230,伊都郡高野町東富貴,233,463,1.21,0.69,23.6,32.7,4,40
30607320020,阪本五條線,川津高野線,阪本五條線,30344,0,4.8,伊都郡高野町東富貴,230,伊都郡高野町東富貴,233,463,1.21,0.69,28.5,30.8,4,40
30607330010,川津高野線,川津高野線,阪本五條線,30344,0,8,伊都郡高野町上筒香,73,伊都郡高野町上筒香,71,144,1.32,0.35,28.7,31.3,4.3,40
30607350020,龍神十津川線,一般国道３７１号,竜神十津川線,30206,0,12.4,田辺市龍神村丹生ノ川,97,田辺市龍神村丹生ノ川,83,180,1.32,0.04,30.2,29.5,8.5,40
30607510010,木ノ本岬線,西脇梅原線,木ノ本岬線,30201,0,1.8,,3114,,3182,6296,1.26,0.74,15.6,24.1,11.3,40
30300260005,和歌山阪南線,和歌山阪南線,市道１００６,30201,0,0.4,和歌山市中,3494,和歌山市中,3665,7159,1.3,0.75,44.1,31.9,7.5,50
30300260010,和歌山阪南線,市道１００６,新和歌浦梅原線,30201,0,2.2,,8099,,7967,16066,1.38,0.51,40.3,36.9,7.5,50
30300260020,和歌山阪南線,新和歌浦梅原線,西脇梅原線,30201,0,0.1,,8099,,7967,16066,1.38,0.51,20,18.4,7.5,50
30300260030,和歌山阪南線,西脇梅原線,粉河加太線,30201,0,1.6,,11491,,11755,23246,1.33,0.67,12.6,14.2,21,50
30300260040,和歌山阪南線,粉河加太線,和歌山港北島線,30201,0,1.3,和歌山市湊,16366,和歌山市湊,16798,33164,1.21,1.15,17,13.3,21,50
30300260050,和歌山阪南線,和歌山港北島線,和歌山阪南線,30201,0,0.4,和歌山市湊,16366,和歌山市湊,16798,33164,1.21,1.15,16.1,28,21,50
30300260060,和歌山阪南線,和歌山阪南線,和歌山阪南線,30201,0,0.4,和歌山市湊,16366,和歌山市湊,16798,33164,1.21,1.15,21.6,40,21,50
30300260070,和歌山阪南線,和歌山阪南線,一般国道２４号,30201,0,0.4,,12384,,15895,28279,1.28,0.91,19.2,11.2,21,50
30300260150,和歌山阪南線,和歌山阪南線,新和歌浦梅原線,30201,0,0.3,,6820,,8772,15592,1.28,0.76,34.2,16,9,40
30300260170,和歌山阪南線,新和歌浦梅原線,和歌山阪南線,30201,0,0.3,,1710,,1342,3052,1.24,0.27,9.8,31.8,12.8,40
30607800010,熊野川紀和線,一般国道１６８号,熊野川紀和線,30207,0,0.2,,,,,,,,32.5,35.8,10,40
