交通調査基本区間番号,路線名,起点側／路線名等,終点側／路線名等,市区町村コード,自動車専用道路の別,区間延長（ｋｍ）,上り／交通量観測地点地名,上り／２４時間自動車類交通量／合計（台）,下り／交通量観測地点地名,下り／２４時間自動車類交通量／合計（台）,２４時間自動車類交通量（上下合計）／合計（台）,昼夜率,混雑度,朝夕（混雑時）／上り／旅行速度／合計（ｋｍ／ｈ）,朝夕（混雑時）／下り／旅行速度／合計（ｋｍ／ｈ）,幅員構成／道路部幅員（ｍ）,指定最高速度（ｋｍ／ｈ）
6110810010,日本海東北自動車道,,山形自動車道,6203,1,1.5,鶴岡JCT料金所～鶴岡JCT,670,鶴岡JCT料金所～鶴岡JCT,585,1255,1.4,0.15,74.1,74.2,12,70
6114300010,山形自動車道,山形自動車道,一般国道２８６号,6201,1,2,笹谷～関沢,7297,笹谷～関沢,7572,14869,1.28,0.32,88.5,86.8,21.75,80
6114300020,山形自動車道,一般国道２８６号,一般国道２８６号,6201,1,7.5,関沢～山形蔵王,5592,関沢～山形蔵王,5929,11521,1.29,0.31,84.9,93,21.75,80
6114300030,山形自動車道,一般国道２８６号,一般国道１３号,6201,1,6.3,山形蔵王～山形北,3779,山形蔵王～山形北,3646,7425,1.27,0.23,88.8,90.7,21,80
6114300040,山形自動車道,一般国道１３号,東北中央自動車道,6201,1,4.6,山形北～山形JCT,3381,山形北～山形JCT,3185,6566,1.2,0.17,89.9,92.3,23.5,80
6114300050,山形自動車道,東北中央自動車道,山形市・中山町境,6201,1,1.8,山形JCT～寒河江,3411,山形JCT～寒河江,3190,6601,1.17,0.5,83.8,87.4,12,70
6114300060,山形自動車道,山形市・中山町境,中山町・寒河江市境,6302,1,4,山形JCT～寒河江,3411,山形JCT～寒河江,3190,6601,1.17,0.5,81.8,83.3,12,70
6114300070,山形自動車道,中山町・寒河江市境,一般国道１１２号,6206,1,0.9,山形JCT～寒河江,3411,山形JCT～寒河江,3190,6601,1.17,0.5,86.1,87.3,12,70
6114300080,山形自動車道,一般国道１１２号,市道（寒河江スマートＩＣ）,6206,1,2.9,寒河江～寒河江SAスマート,2503,寒河江～寒河江SAスマート,2454,4957,1.18,0.14,86,88.9,23.5,80
6114300090,山形自動車道,市道（寒河江スマートＩＣ）,大江町・寒河江市境,6324,1,0.6,寒河江SAスマート～西川,2186,寒河江SAスマート～西川,2121,4307,1.18,0.63,80.3,89.4,13,70
6114300100,山形自動車道,大江町・寒河江市境,寒河江市・西川町境,6206,1,6.2,寒河江SAスマート～西川,2186,寒河江SAスマート～西川,2121,4307,1.18,0.63,82.2,83.5,13,70
6114300110,山形自動車道,寒河江市・西川町境,一般国道１１２号,6322,1,4.1,寒河江SAスマート～西川,2186,寒河江SAスマート～西川,2121,4307,1.18,0.63,84.1,80.9,13,70
6114300120,山形自動車道,一般国道１１２号,一般国道１１２号,6322,1,16.2,西川～月山,2127,西川～月山,2100,4227,1.18,0.62,72.9,73.7,13,70
6114300140,山形自動車道,一般国道１１２号,余目温海線,6203,1,9.4,湯殿山～庄内あさひ,2072,湯殿山～庄内あさひ,1974,4046,1.16,0.48,82.1,83.2,12,70
6114300150,山形自動車道,余目温海線,一般国道７号,6203,1,13.9,庄内あさひ～鶴岡,1791,庄内あさひ～鶴岡,1734,3525,1.15,0.28,83.8,85.2,12,70
6114300159,山形自動車道,一般国道７号,日本海東北自動車道,6203,1,2.6,鶴岡～鶴岡JCT,1230,鶴岡～鶴岡JCT,1219,2449,1.15,0.25,74.9,74.6,12,70
6114300160,山形自動車道,山形自動車道,鶴岡市・酒田市境,6203,1,7.2,鶴岡JCT～庄内空港IC,1900,鶴岡JCT～庄内空港,1804,3704,1.22,0.35,83.8,83.9,12,70
6114300170,山形自動車道,鶴岡市・酒田市境,庄内空港立川線,6204,1,0.6,鶴岡JCT～庄内空港IC,1900,鶴岡JCT～庄内空港,1804,3704,1.22,0.35,85.4,87.4,12,70
6114300180,山形自動車道,庄内空港立川線,一般国道７号,6204,1,7.1,庄内空港～酒田,1763,庄内空港～酒田,1654,3417,1.22,0.34,82.8,83.6,12,70
6114300185,山形自動車道,一般国道７号,一般国道４７号（余目酒田道路）,6204,1,4.9,酒田～酒田中央ＪＣＴ,1147,酒田～酒田中央ＪＣＴ,916,2063,1.25,0.22,80.3,84.8,12,70
6114300190,山形自動車道,一般国道４７号（余目酒田道路）,酒田八幡線,6204,1,7,酒田中央ＪＣＴ～酒田みなと,1021,酒田中央ＪＣＴ～酒田みなと,805,1826,1.28,0.18,79.2,80.4,12,70
6114500100,東北中央自動車道,一般国道１３号,高畠町・南陽市境,6381,1,2.8,南陽高畠～かみのやま温泉,3186,南陽高畠～かみのやま温泉,2897,6083,1.2,0.46,84,89.3,12,70
6114500110,東北中央自動車道,高畠町・南陽市境,南陽市・上山市境,6213,1,7.5,南陽高畠～かみのやま温泉,3186,南陽高畠～かみのやま温泉,2897,6083,1.2,0.46,81.5,81.9,12,70
6114500120,東北中央自動車道,南陽市・上山市境,一般国道１３号,6207,1,5,南陽高畠～かみのやま温泉,3186,南陽高畠～かみのやま温泉,2897,6083,1.2,0.46,89.2,90,12,70
6114500130,東北中央自動車道,一般国道１３号,一般国道１３号,6207,1,9.2,かみのやま温泉～山形上山,2955,かみのやま温泉～山形上山,2701,5656,1.2,0.43,84.2,85.9,12,70
6114500010,東北中央自動車道,一般国道１３号,上山市・山形市境,6207,1,0.2,山形上山～山形中央,2600,山形上山～山形中央,2488,5088,1.16,0.43,86.6,88.6,12,70
6114500020,東北中央自動車道,上山市・山形市境,山形朝日線,6201,1,10.2,山形上山～山形中央,2600,山形上山～山形中央,2488,5088,1.16,0.43,83.1,85.9,12,70
6114500030,東北中央自動車道,山形朝日線,山形自動車道,6201,1,5.1,山形中央～山形JCT,3615,山形中央～山形JCT,3544,7159,1.15,0.62,85.8,86,12,70
6114500040,東北中央自動車道,山形自動車道,山形市・天童市境,6201,1,2.6,山形JCT～天童,2585,山形JCT～天童,2539,5124,1.16,0.51,82.3,87.7,12,70
6114500050,東北中央自動車道,山形市・天童市境,天童大江線,6210,1,4,山形JCT～天童,2585,山形JCT～天童,2539,5124,1.16,0.51,80.9,84.1,12,70
6114500060,東北中央自動車道,天童大江線,天童市・東根市境,6210,1,3.6,天童～東根,2093,天童～東根,2121,4214,1.16,0.44,54,75.3,12,70
6114500070,東北中央自動車道,天童市・東根市境,一般国道２８７号,6211,1,1.4,天童～東根,2093,天童～東根,2121,4214,1.16,0.44,87.1,85.1,12,70
6135010010,日本海沿岸東北自動車道,温海川木野俣大岩川線,菅野代堅苔沢線,6203,1,8.5,あつみ温泉ＩＣ,2570,あつみ温泉ＩＣ,2177,4747,1.29,0.55,76.2,78.7,9.5,70
6135010020,日本海沿岸東北自動車道,菅野代堅苔沢線,,6203,1,4.6,小波渡トンネル北,3274,小波渡トンネル北,2761,6035,1.28,0.64,79.5,78.1,9.5,70
6135010030,日本海沿岸東北自動車道,,一般国道７号,6203,1,9.1,三瀬トンネル南,3823,三瀬トンネル南,3128,6951,1.27,0.52,81.8,82.4,12,70
6135010040,日本海沿岸東北自動車道,一般国道７号,,6203,1,2.5,鶴岡料金所,708,鶴岡料金所,569,1277,1.32,0.15,78.5,83.6,12,70
6105010060,日本海沿岸東北自動車道,酒田八幡線,酒田市・遊佐町境,6204,1,2.7,酒田みなとＩＣ,1108,酒田みなとＩＣ,782,1890,1.24,0.22,75.6,65.9,13.5,70
6105010070,日本海沿岸東北自動車道,酒田市・遊佐町境,一般国道７号,6461,1,3,酒田みなとＩＣ,1108,酒田みなとＩＣ,782,1890,1.24,0.22,73.7,64.6,13.5,70
6300070010,一般国道７号,一般国道７号,一般国道３４５号,6203,0,0.2,鶴岡市鼠ヶ関,2689,鶴岡市鼠ヶ関,2471,5160,1.34,0.43,50.7,51.8,11.5,60
6300070020,一般国道７号,一般国道３４５号,市道（旧余目温海線）,6203,0,8.5,釜谷坂,2736,釜谷坂,2597,5333,1.32,0.49,54.8,54.8,10.5,60
6300070029,一般国道７号,市道（旧余目温海線）,余目温海線,6203,0,0.4,釜谷坂,2736,釜谷坂,2597,5333,1.32,0.49,47.7,49.7,10.5,60
6300070030,一般国道７号,余目温海線,菅野代堅苔沢線,6203,0,7.3,鶴岡市温海,2208,鶴岡市温海,2097,4305,1.21,0.42,58.8,58.8,10.5,60
6300070040,一般国道７号,菅野代堅苔沢線,三瀬水沢線,6203,0,5.3,小波渡,1954,小波渡,2171,4125,1.21,0.43,60.4,58.4,10.5,60
6300070050,一般国道７号,三瀬水沢線,藤島由良線,6203,0,1.7,鶴岡市由良,2004,鶴岡市由良,2346,4350,1.26,0.59,43.7,51.5,10.3,60
6300070060,一般国道７号,藤島由良線,羽前水沢停車場由良線,6203,0,1.4,鶴岡市由良,2004,鶴岡市由良,2346,4350,1.26,0.59,58,57.3,10.3,60
6300070070,一般国道７号,羽前水沢停車場由良線,羽前水沢停車場由良線,6203,0,2.6,鶴岡市由良,2004,鶴岡市由良,2346,4350,1.26,0.59,60.8,61.1,10.3,60
6300070080,一般国道７号,羽前水沢停車場由良線,湯田川羽前水沢停車場線,6203,0,2.2,鶴岡市由良,2004,鶴岡市由良,2346,4350,1.26,0.59,55.9,54.5,10.3,60
6300070090,一般国道７号,湯田川羽前水沢停車場線,酒田鶴岡線,6203,0,0.6,鶴岡西ＩＣ南,3884,鶴岡西ＩＣ南,4045,7929,1.17,0.82,35,37.8,15.5,60
6300070099,一般国道７号,酒田鶴岡線,日本海沿岸東北自動車道,6203,0,1.6,鶴岡西ＩＣ南,3884,鶴岡西ＩＣ南,4045,7929,1.17,0.82,48.5,50,15.5,60
6300070100,一般国道７号,日本海沿岸東北自動車道,,6203,0,1.2,鶴岡西ＩＣ北,6905,鶴岡西ＩＣ北,6825,13730,1.2,0.48,44.6,45.3,26,60
6300070104,一般国道７号,,面野山鶴岡線,6203,0,0.3,鶴岡西ＩＣ北,6905,鶴岡西ＩＣ北,6825,13730,1.2,0.48,41.7,23.1,26,60
6300070107,一般国道７号,面野山鶴岡線,湯田川大山線,6203,0,0.2,鶴岡西ＩＣ北,6905,鶴岡西ＩＣ北,6825,13730,1.2,0.48,24.1,40.9,26,60
6300070110,一般国道７号,湯田川大山線,市道（旧一般県道湯田川大山線）,6203,0,0.4,鶴岡西ＩＣ北,6905,鶴岡西ＩＣ北,6825,13730,1.2,0.48,50.4,40.9,26,60
6300070120,一般国道７号,市道（旧一般県道湯田川大山線）,,6203,0,0.6,鶴岡西ＩＣ北,6905,鶴岡西ＩＣ北,6825,13730,1.2,0.48,52.5,54.8,26,60
6300070140,一般国道７号,,山形自動車道,6203,0,1.1,鶴岡市大淀川,4698,鶴岡市大淀川,5031,9729,1.2,0.4,38.3,36.5,27.5,60
6300070150,一般国道７号,山形自動車道,一般国道１１２号,6203,0,0.6,鶴岡市大淀川,4698,鶴岡市大淀川,5031,9729,1.2,0.4,32.8,19,27.5,60
6300070160,一般国道７号,一般国道１１２号,面野山鶴岡線,6203,0,2.2,本田交差点,7361,本田交差点,7688,15049,1.23,0.42,38.9,30,27.5,60
6300070170,一般国道７号,面野山鶴岡線,,6203,0,0.9,本田交差点,7361,本田交差点,7688,15049,1.23,0.42,35.5,31.1,27.5,60
6300070190,一般国道７号,,たらのき代鶴岡線,6203,0,0.4,本田交差点,7361,本田交差点,7688,15049,1.23,0.87,25.1,22.6,14.5,60
6300070200,一般国道７号,たらのき代鶴岡線,藤島由良線,6203,0,1.2,青山南,10320,青山南,10274,20594,1.21,1.31,32,53.1,14.5,60
6300070210,一般国道７号,藤島由良線,鶴岡市・三川町境,6203,0,1.6,青山南,10320,青山南,10274,20594,1.21,1.31,56.9,55.1,14.5,60
6300070220,一般国道７号,鶴岡市・三川町境,東沼長沼余目線,6426,0,0.8,青山南,10320,青山南,10274,20594,1.21,1.33,50.3,30.4,14.5,60
6300070230,一般国道７号,東沼長沼余目線,庄内空港立川線,6426,0,2.6,青山北,9212,青山北,9076,18288,1.22,1.14,43.1,49.7,14.5,60
6300070240,一般国道７号,庄内空港立川線,,6426,0,0.9,猪子交差点,8200,猪子交差点,7941,16141,1.22,0.37,36.8,41.1,28,60
6300070260,一般国道７号,,小浜猪子線,6426,0,0.2,猪子交差点,8200,猪子交差点,7941,16141,1.22,0.99,31.3,28.5,12.3,60
6300070270,一般国道７号,小浜猪子線,三川町・酒田市境,6426,0,0.5,成田新田交差点,8927,成田新田交差点,8219,17146,1.22,1.03,42.3,43.9,12.3,60
6300070280,一般国道７号,三川町・酒田市境,鶴岡広野線,6204,0,0.5,成田新田交差点,8927,成田新田交差点,8219,17146,1.22,1.06,43,31.4,14.5,60
6300070290,一般国道７号,鶴岡広野線,浜中余目線,6204,0,2,酒田市広野,10682,酒田市広野,10648,21330,1.21,1.52,39.9,40.1,13.3,60
6300070300,一般国道７号,浜中余目線,浜中余目線,6204,0,0.2,酒田市広野,10682,酒田市広野,10648,21330,1.21,1.29,40.6,33.4,13.3,60
6300070310,一般国道７号,浜中余目線,,6204,0,1.9,酒田市広野,10682,酒田市広野,10648,21330,1.21,0.47,45,45.8,24.5,60
6300070330,一般国道７号,,山形自動車道,6204,0,0.5,酒田市広野,10682,酒田市広野,10648,21330,1.21,0.41,44.4,46.3,24.5,60
6300070340,一般国道７号,山形自動車道,酒田鶴岡線,6204,0,1.2,酒田市広野字佐渡尻,12907,酒田市広野字佐渡尻,13396,26303,1.21,0.55,50.2,41.3,26,60
6300070350,一般国道７号,酒田鶴岡線,酒田鶴岡線,6204,0,0.5,酒田市京田,17834,酒田市京田,17132,34966,1.23,1.05,12.1,38.6,26,60
6300070360,一般国道７号,酒田鶴岡線,吹浦酒田線,6204,0,1,酒田市両羽町,17884,酒田市両羽町,18562,36446,1.23,0.95,27.9,49,20.5,60
6300070370,一般国道７号,吹浦酒田線,,6204,0,0.3,酒田市両羽町,17884,酒田市両羽町,18562,36446,1.23,0.95,35.1,14.4,20.5,60
6300070380,一般国道７号,,一般国道４７号（余目酒田道路）,6204,0,1.9,東大町交差点,12939,東大町交差点,12743,25682,1.22,1.03,25.7,21.9,26,60
6300070390,一般国道７号,一般国道４７号（余目酒田道路）,生石酒田停車場線,6204,0,1.5,酒田市吉田新田,11378,酒田市吉田新田,11260,22638,1.17,0.78,31.5,25.4,26,60
6300070400,一般国道７号,生石酒田停車場線,一般国道３４４号,6204,0,1,酒田市吉田新田,11378,酒田市吉田新田,11260,22638,1.17,0.78,32.1,32.1,26,60
6300070410,一般国道７号,一般国道３４４号,吹浦酒田線,6204,0,1.6,酒田市宮海,6407,酒田市宮海,6292,12699,1.18,0.63,47,42.8,26,60
6300070420,一般国道７号,吹浦酒田線,一般国道１１２号,6204,0,1.4,酒田市宮海,6407,酒田市宮海,6292,12699,1.18,0.63,41.6,43,26,60
6300070430,一般国道７号,一般国道１１２号,酒田八幡線,6204,0,1.6,酒田市宮海,6407,酒田市宮海,6292,12699,1.18,0.63,65.2,52.6,26,60
6300070440,一般国道７号,酒田八幡線,,6204,0,0.6,酒田市宮海,6407,酒田市宮海,6292,12699,1.18,0.63,45.4,42.2,26,60
6300070460,一般国道７号,,酒田市・遊佐町境,6204,0,1.6,酒田市宮海,6407,酒田市宮海,6292,12699,1.18,1.25,46.6,46.9,12.5,60
6300070470,一般国道７号,酒田市・遊佐町境,比子八幡線,6461,0,0.9,酒田市宮海,6407,酒田市宮海,6292,12699,1.18,1.24,52.6,51.5,14.5,60
6300070480,一般国道７号,比子八幡線,比子南鳥海停車場線,6461,0,1.3,遊佐町十里塚,4716,遊佐町十里塚,4114,8830,1.3,1.04,44.5,46.5,14.5,60
6300070485,一般国道７号,比子南鳥海停車場線,日本海沿岸東北自動車道,6461,0,0.6,遊佐町十里塚,4716,遊佐町十里塚,4114,8830,1.3,1.04,44.7,48,14.5,60
6300070490,一般国道７号,日本海沿岸東北自動車道,遊佐停車場藤崎線,6461,0,0.8,遊佐町十里塚,4716,遊佐町十里塚,4114,8830,1.3,1.04,46.2,46.3,14.5,60
6300070500,一般国道７号,遊佐停車場藤崎線,十里塚遊佐線,6461,0,3,遊佐町十里塚,4716,遊佐町十里塚,4114,8830,1.3,1.04,60.1,57.5,14.5,60
6300070510,一般国道７号,十里塚遊佐線,一般国道３４５号,6461,0,2.4,遊佐町十里塚,4716,遊佐町十里塚,4114,8830,1.3,1.04,55.5,53.2,14.5,60
6300070520,一般国道７号,一般国道３４５号,一般国道３４５号,6461,0,0.5,遊佐町西浜,5569,遊佐町西浜,4918,10487,1.3,1.07,36.4,34.8,14.5,60
6300070530,一般国道７号,一般国道３４５号,鳥海公園吹浦線,6461,0,2.6,遊佐町三崎,3381,遊佐町三崎,2863,6244,1.3,0.52,52.7,57.1,14.5,60
6300070540,一般国道７号,鳥海公園吹浦線,一般国道３４５号,6461,0,2.5,遊佐町三崎,3381,遊佐町三崎,2863,6244,1.3,0.52,61.7,65.4,14.5,60
6300070550,一般国道７号,一般国道３４５号,一般国道７号,6461,0,2.4,遊佐町三崎,3381,遊佐町三崎,2863,6244,1.3,0.52,59.1,59.7,14.5,60
6300130010,一般国道１３号,一般国道１３号,桧原板谷線,6202,0,0.1,福島市飯坂町中野字赤落,435,福島市飯坂町中野字赤落,496,931,1.21,0.23,61.2,51.8,11.5,50
6300130020,一般国道１３号,桧原板谷線,一般国道１３号,6202,0,1.1,福島市飯坂町中野字赤落,435,福島市飯坂町中野字赤落,496,931,1.21,0.23,60.8,60.2,11.5,50
6300130040,一般国道１３号,一般国道１３号,,6202,0,5,福島市飯坂町中野字赤落,435,福島市飯坂町中野字赤落,496,931,1.21,0.23,69.9,72.7,9.5,50
6300130050,一般国道１３号,,関根刈安線,6202,0,2.5,米沢市万世町梓山,794,米沢市万世町梓山,888,1682,1.32,0.18,52.9,37.1,9.5,50
6300130060,一般国道１３号,関根刈安線,東北中央自動車道,6202,0,5.1,米沢市万世町梓山,794,米沢市万世町梓山,888,1682,1.32,0.19,60.2,59,12.7,50
6300130070,一般国道１３号,東北中央自動車道,万世窪田線,6202,0,1.4,米沢市万世町桑山,3433,米沢市万世町桑山,3395,6828,1.19,0.9,42.5,49.6,12.7,50
6300130080,一般国道１３号,万世窪田線,市道（旧一般国道１２１号）,6202,0,0.6,米沢市万世町桑山,3433,米沢市万世町桑山,3395,6828,1.19,0.9,28.3,31.7,12.7,50
6300130090,一般国道１３号,市道（旧一般国道１２１号）,米沢高畠線,6202,0,1.2,米沢市万世町片子,4904,米沢市万世町片子,5826,10730,1.19,1.13,35,31.5,20,50
6300130100,一般国道１３号,米沢高畠線,米沢高畠線,6202,0,1.3,米沢市万世町片子,4904,米沢市万世町片子,5826,10730,1.19,1.13,27.9,25.7,20,50
6300130110,一般国道１３号,米沢高畠線,米沢浅川高畠線,6202,0,2,米沢市中田町字一本松西,8042,米沢市中田町字一本松西,8193,16235,1.26,1.16,32.3,29.9,20,50
6300130120,一般国道１３号,米沢浅川高畠線,米沢北ＩＣアクセス道路,6202,0,0.7,米沢市中田町字一本松西,8042,米沢市中田町字一本松西,8193,16235,1.26,1.16,21.6,16.1,20,50
6300130130,一般国道１３号,米沢北ＩＣアクセス道路,一般国道１２１号,6202,0,0.8,米沢市中田町字一本松西,8042,米沢市中田町字一本松西,8193,16235,1.26,1.24,28.9,29,11.8,50
6300130140,一般国道１３号,一般国道１２１号,万世窪田線,6202,0,0.6,米沢市中田町字一本松西,8042,米沢市中田町字一本松西,8193,16235,1.26,1.24,36.9,36.3,11.8,50
6300130150,一般国道１３号,万世窪田線,米沢市・高畠町境,6202,0,1.3,米沢市中田町字一本松西,8042,米沢市中田町字一本松西,8193,16235,1.26,1.24,27.3,28.9,11.8,50
6300130160,一般国道１３号,米沢市・高畠町境,玉庭時田糠野目線,6381,0,0.1,米沢市中田町字一本松西,8042,米沢市中田町字一本松西,8193,16235,1.26,1.18,22.8,27.5,13.25,50
6300130170,一般国道１３号,玉庭時田糠野目線,糠野目亀岡線,6381,0,2.6,高畠町字福沢,8704,高畠町字福沢,9040,17744,1.24,1.17,41,39.8,13.25,50
6300130180,一般国道１３号,糠野目亀岡線,高畠川西線,6381,0,2,高畠町字福沢,8704,高畠町字福沢,9040,17744,1.24,1.17,31.4,30.8,13.25,50
6300130190,一般国道１３号,高畠川西線,高畠町・南陽市境,6381,0,1.5,南陽市鍋田,7545,南陽市鍋田,7646,15191,1.32,1.07,32.2,38.9,13.25,50
6300130200,一般国道１３号,高畠町・南陽市境,赤湯停車場大橋線,6213,0,0.9,南陽市鍋田,7545,南陽市鍋田,7646,15191,1.32,1.26,48.7,48.5,15.8,50
6300130210,一般国道１３号,赤湯停車場大橋線,一般国道３９９号,6213,0,0.5,南陽市鍋田,7545,南陽市鍋田,7646,15191,1.32,1.26,45.4,32.8,15.8,50
6301130320,一般国道１３号,一般国道３９９号,南陽市・高畠町境,6213,1,0.9,高畠町大字深沼,5373,高畠町大字深沼,4775,10148,1.18,0.77,69,66,12,70
6300130259,一般国道１３号,南陽川西線（旧一般国道１３号）,南陽川西線,6213,0,4,南陽市大字川樋字高野,10670,南陽市大字川樋字高野,10197,20867,1.3,1.45,55.1,56.5,14.15,50
6300131340,一般国道１３号,南陽川西線,南陽川西線,6213,0,2.3,南陽市元中山,9800,南陽市元中山,9522,19322,1.26,1.51,48.4,54.9,11,60
6300131350,一般国道１３号,南陽川西線,南陽市・上山市境,6213,0,0.4,南陽市元中山,9800,南陽市元中山,9522,19322,1.26,1.51,43.9,61,11,60
6300131360,一般国道１３号,南陽市・上山市境,山形上山線,6207,0,2.7,南陽市元中山,9800,南陽市元中山,9522,19322,1.26,1.74,55.2,58.4,15,60
6300130290,一般国道１３号,山形上山線,市道（石曽根川口線）,6207,0,2.2,上山市大字川口,10764,上山市大字川口,10279,21043,1.26,1.66,57.8,59.2,14.5,60
6300130300,一般国道１３号,市道（石曽根川口線）,東北中央自動車道,6207,0,1.4,上山市大字川口,10764,上山市大字川口,10279,21043,1.26,1.66,58,54.9,14.5,60
6300130310,一般国道１３号,東北中央自動車道,市道,6207,0,1.4,上山市大字川口,10764,上山市大字川口,10279,21043,1.26,1.68,39.6,50.3,11,60
6300130320,一般国道１３号,市道,萱平河崎線,6207,0,1.1,上山市大字川口,10764,上山市大字川口,10279,21043,1.26,1.68,55.5,52.2,11,60
6300130330,一般国道１３号,萱平河崎線,十日町仙石線,6207,0,1.4,上山市大字金谷,12627,上山市大字金谷,12755,25382,1.24,0.84,44.6,42.3,28,60
6300130340,一般国道１３号,十日町仙石線,白石上山線,6207,0,1.9,上山市大字金谷,12627,上山市大字金谷,12755,25382,1.24,0.84,44.9,50.6,28,60
6300130350,一般国道１３号,白石上山線,一般国道１３号,6207,0,1.4,上山市大字金瓶,14102,上山市大字金瓶,14003,28105,1.26,0.97,49.2,49.8,28,60
6300130360,一般国道１３号,一般国道１３号,十日町山形線,6207,0,0.9,上山市大字金瓶,14102,上山市大字金瓶,14003,28105,1.26,0.97,45.4,37.4,28,60
6300130370,一般国道１３号,十日町山形線,東北中央自動車道,6207,0,0.3,上山市大字金瓶,14102,上山市大字金瓶,14003,28105,1.26,0.97,35.1,46.7,28,60
6300130380,一般国道１３号,東北中央自動車道,,6201,0,0.2,山形市表蔵王,16678,山形市表蔵王,17618,34296,1.23,0.95,57.8,63.7,28,60
6300130390,一般国道１３号,,蔵王公園線,6201,0,0.6,山形市表蔵王,16678,山形市表蔵王,17618,34296,1.23,0.95,46.1,35.2,28,60
6300130400,一般国道１３号,蔵王公園線,蔵王成沢長谷堂線,6201,0,1.5,山形市表蔵王,16678,山形市表蔵王,17618,34296,1.23,0.95,34.5,32.7,28,60
6300130410,一般国道１３号,蔵王成沢長谷堂線,一般国道１１２号,6201,0,0.9,山形市表蔵王,16678,山形市表蔵王,17618,34296,1.23,0.95,19.1,32.8,28,60
6300130420,一般国道１３号,一般国道１１２号,山形永野線,6201,0,2.8,山形市青田二丁目,18935,山形市青田二丁目,18431,37366,1.23,1.53,25.1,16.5,25.55,60
6300130430,一般国道１３号,山形永野線,一般国道２８６号,6201,0,0.7,山形市青田二丁目,18935,山形市青田二丁目,18431,37366,1.23,1.53,26.1,42.9,25.55,60
6300130440,一般国道１３号,一般国道２８６号,山形停車場線,6201,0,0.6,山形市鈴川四丁目,21794,山形市鈴川四丁目,21703,43497,1.25,1.35,55.7,62.3,25.55,60
6300130450,一般国道１３号,山形停車場線,山形山寺線,6201,0,5.1,山形市鈴川四丁目,21794,山形市鈴川四丁目,21703,43497,1.25,1.35,36.1,30.5,25.55,60
6300130460,一般国道１３号,山形山寺線,山形山寺線,6201,0,0.3,山形市鈴川四丁目,21794,山形市鈴川四丁目,21703,43497,1.25,1.35,27.9,64.7,25.55,60
6300130470,一般国道１３号,山形山寺線,山形自動車道,6201,0,0.8,山形市鈴川四丁目,21794,山形市鈴川四丁目,21703,43497,1.25,1.31,42.2,62.8,27,60
6300130480,一般国道１３号,山形自動車道,東山七浦線,6201,0,0.7,天童市中里七丁目,17729,天童市中里七丁目,18163,35892,1.27,1.52,63.6,46.2,27,60
6300130490,一般国道１３号,東山七浦線,大森中野線,6201,0,1.5,天童市中里七丁目,17729,天童市中里七丁目,18163,35892,1.27,1.52,41.3,19.7,27,60
6300130500,一般国道１３号,大森中野線,山形市・天童市境,6201,0,0.8,天童市中里七丁目,17729,天童市中里七丁目,18163,35892,1.27,1.52,26.5,49.6,27,60
6300130510,一般国道１３号,山形市・天童市境,天童寒河江線,6210,0,0.6,天童市中里七丁目,17729,天童市中里七丁目,18163,35892,1.27,1.43,46.1,23.4,26.1,60
6300130520,一般国道１３号,天童寒河江線,天童山寺公園線,6210,0,2.5,天童市中里七丁目,17729,天童市中里七丁目,18163,35892,1.27,1.43,29.1,28.3,26.1,60
6300130530,一般国道１３号,天童山寺公園線,天童大江線,6210,0,1.4,天童市中里七丁目,17729,天童市中里七丁目,18163,35892,1.27,1.43,19.3,40.1,26.1,60
6300130540,一般国道１３号,天童大江線,天童停車場若松線,6210,0,0.9,天童市中里七丁目,17729,天童市中里七丁目,18163,35892,1.27,1.51,29.7,37.3,25.9,60
6300130550,一般国道１３号,天童停車場若松線,一般国道４８号,6210,0,1.5,天童市中里七丁目,17729,天童市中里七丁目,18163,35892,1.27,1.51,31.9,25.3,25.9,60
6300130560,一般国道１３号,一般国道４８号,山形天童線,6210,0,2,天童市大字乱川字押切,18270,天童市大字乱川字押切,17763,36033,1.26,1.11,27.8,39.2,25.9,60
6300130570,一般国道１３号,山形天童線,天童市・東根市境,6210,0,0.6,天童市大字乱川字押切,18270,天童市大字乱川字押切,17763,36033,1.26,1.11,57.6,48.8,25.9,60
6300130580,一般国道１３号,天童市・東根市境,山形空港線,6211,0,0.5,東根市大字蟹沢,15103,東根市大字蟹沢,14305,29408,1.26,0.9,43.2,22.1,23.55,60
6300130590,一般国道１３号,山形空港線,山形空港線,6211,0,0.4,東根市大字蟹沢,15103,東根市大字蟹沢,14305,29408,1.26,0.9,22.5,37,23.55,60
6300130600,一般国道１３号,山形空港線,一般国道２８７号,6211,0,2.6,東根市大字蟹沢,15103,東根市大字蟹沢,14305,29408,1.26,0.9,46.2,43.8,23.55,60
6300130605,一般国道１３号,一般国道２８７号,東根長島線,6211,0,0.3,東根市大字蟹沢,13915,東根市大字蟹沢,12572,26487,1.26,0.91,34.7,46.6,23.55,60
6300130610,一般国道１３号,東根長島線,市道（旧東根長島線）,6211,0,2.3,村山市中央一丁目,13204,村山市中央一丁目,15170,28374,1.22,1.03,44.5,48,23.55,60
6300130620,一般国道１３号,市道（旧東根長島線）,東根市・村山市境,6211,0,2.1,村山市中央一丁目,13204,村山市中央一丁目,15170,28374,1.22,1.03,43.7,51.1,23.55,60
6300130630,一般国道１３号,東根市・村山市境,寒河江村山線,6208,0,1.4,村山市中央一丁目,13204,村山市中央一丁目,15170,28374,1.22,0.98,42.1,33.8,23.5,60
6300130640,一般国道１３号,寒河江村山線,新庄次年子村山線,6208,0,3.8,村山市中央一丁目,13204,村山市中央一丁目,15170,28374,1.22,0.98,47.6,38.8,23.5,60
6300130650,一般国道１３号,新庄次年子村山線,東根尾花沢線,6208,0,1.2,村山市大字土生田,12933,村山市大字土生田,12276,25209,1.26,0.73,57.9,54.9,23.5,60
6300130660,一般国道１３号,東根尾花沢線,東根尾花沢線,6208,0,3.6,村山市大字土生田,12933,村山市大字土生田,12276,25209,1.26,0.73,53,51.6,23.5,60
6300130670,一般国道１３号,東根尾花沢線,東根尾花沢線,6208,0,1.4,尾花沢市大字五十沢,7090,尾花沢市大字五十沢,7580,14670,1.3,0.48,61.4,60.2,23.5,60
6300130680,一般国道１３号,東根尾花沢線,村山市・大石田町境,6208,0,0.2,尾花沢市大字五十沢,7090,尾花沢市大字五十沢,7580,14670,1.3,0.48,56.9,60,23.5,60
6300130690,一般国道１３号,村山市・大石田町境,大石田町・尾花沢市境,6341,0,0.1,尾花沢市大字五十沢,7090,尾花沢市大字五十沢,7580,14670,1.3,0.29,68.7,64.2,28,60
6300130700,一般国道１３号,大石田町・尾花沢市境,上五十沢横内線,6212,0,0.8,尾花沢市大字五十沢,7090,尾花沢市大字五十沢,7580,14670,1.3,0.29,70.7,68.6,28,60
6300130710,一般国道１３号,上五十沢横内線,東根尾花沢線,6212,0,0.3,尾花沢市大字五十沢,7090,尾花沢市大字五十沢,7580,14670,1.3,0.29,70.2,70.9,28,60
6300130720,一般国道１３号,東根尾花沢線,尾花沢市・大石田町境,6212,0,0.3,尾花沢市大字五十沢,7090,尾花沢市大字五十沢,7580,14670,1.3,0.29,70.8,71.3,28,60
6300130730,一般国道１３号,尾花沢市・大石田町境,大石田町・尾花沢市境,6341,0,0.8,尾花沢市大字五十沢,7090,尾花沢市大字五十沢,7580,14670,1.3,0.29,68.7,67.6,28,60
6300130740,一般国道１３号,大石田町・尾花沢市境,尾花沢最上線,6212,0,1.1,尾花沢市大字五十沢,7090,尾花沢市大字五十沢,7580,14670,1.3,0.63,48.4,56,53.3,60
6300130750,一般国道１３号,尾花沢最上線,一般国道３４７号,6212,0,1.4,尾花沢市大字尾花沢,4368,尾花沢市大字尾花沢,4790,9158,1.24,0.7,55.6,47.7,15.5,60
6300130760,一般国道１３号,一般国道３４７号,荻袋大浦線,6212,0,1.6,尾花沢市大字荻袋,3790,尾花沢市大字荻袋,4033,7823,1.26,0.62,52.9,53,15.5,60
6300130770,一般国道１３号,荻袋大浦線,尾花沢市・大石田町境,6212,0,0.3,尾花沢市大字荻袋,3790,尾花沢市大字荻袋,4033,7823,1.26,0.62,49.2,38.8,15.5,60
6300130780,一般国道１３号,尾花沢市・大石田町境,大石田町・尾花沢市境,6341,0,0.6,尾花沢市大字荻袋,3790,尾花沢市大字荻袋,4033,7823,1.26,0.61,61.3,60.8,14.5,60
6300130790,一般国道１３号,大石田町・尾花沢市境,一般国道１３号（尾花沢新庄道路）,6212,0,0.7,尾花沢市大字荻袋,3790,尾花沢市大字荻袋,4033,7823,1.26,0.65,48.8,51.6,13.5,60
6300130800,一般国道１３号,一般国道１３号（尾花沢新庄道路）,東根尾花沢線,6212,0,1,尾花沢市大字毒沢,2218,尾花沢市大字毒沢,2402,4620,1.56,0.33,45.3,47,12.5,50
6300130810,一般国道１３号,東根尾花沢線,一般国道１３号（尾花沢新庄道路）,6212,0,1.7,尾花沢市大字毒沢,2218,尾花沢市大字毒沢,2402,4620,1.56,0.33,37.6,43.1,12.5,50
6300130820,一般国道１３号,一般国道１３号（尾花沢新庄道路）,芦沢停車場実栗屋線,6212,0,0.9,尾花沢市大字毒沢,2218,尾花沢市大字毒沢,2402,4620,1.56,0.33,51.4,52.9,12.5,50
6300130830,一般国道１３号,芦沢停車場実栗屋線,芦沢停車場実栗屋線,6212,0,2,尾花沢市大字毒沢,2218,尾花沢市大字毒沢,2402,4620,1.56,0.33,51.7,51.4,12.5,50
6300130840,一般国道１３号,芦沢停車場実栗屋線,一般国道１３号（尾花沢新庄道路）,6212,0,0.8,尾花沢市大字毒沢,2218,尾花沢市大字毒沢,2402,4620,1.56,0.33,40.8,52.8,12.5,50
6300130850,一般国道１３号,一般国道１３号（尾花沢新庄道路）,尾花沢市・舟形町境,6212,0,1.3,舟形町大字舟形,2705,舟形町大字舟形,2874,5579,1.4,0.37,55.3,55.2,8.5,50
6300130860,一般国道１３号,尾花沢市・舟形町境,舟形大蔵線,6363,0,1,舟形町大字舟形,2705,舟形町大字舟形,2874,5579,1.4,0.42,26.6,33.1,11.1,40
6300130870,一般国道１３号,舟形大蔵線,新庄舟形線,6363,0,0.4,舟形町大字舟形,2705,舟形町大字舟形,2874,5579,1.4,0.42,28.5,28.3,11.1,40
6300130880,一般国道１３号,新庄舟形線,新庄舟形線,6363,0,1,最上郡舟形町舟形,3342,最上郡舟形町舟形,3409,6751,1.25,0.58,50.7,51.1,12.6,50
6300130890,一般国道１３号,新庄舟形線,舟形町・新庄市境,6363,0,1.6,新庄市大字鳥越,4716,新庄市大字鳥越,4887,9603,1.23,0.65,56,55,12.6,50
6300130900,一般国道１３号,舟形町・新庄市境,角沢鳥越線,6205,0,2,新庄市大字鳥越,4716,新庄市大字鳥越,4887,9603,1.23,0.75,48.1,47.6,13.3,50
6300130910,一般国道１３号,角沢鳥越線,一般国道４７号,6205,0,1.1,新庄市大字鳥越,4716,新庄市大字鳥越,4887,9603,1.23,0.78,36.2,28.9,19.95,60
6300130920,一般国道１３号,一般国道４７号,新庄長沢尾花沢線（旧一般国道４７号）,6205,0,0.3,新庄市金沢,7291,新庄市金沢,8038,15329,1.21,1.39,14.1,28.6,19.95,60
6300130930,一般国道１３号,新庄長沢尾花沢線（旧一般国道４７号）,瀬見新庄線,6205,0,0.6,新庄市金沢,7291,新庄市金沢,8038,15329,1.21,1.39,22.1,24,19.95,60
6300130940,一般国道１３号,瀬見新庄線,泉田新庄線,6205,0,1.4,新庄市金沢,7291,新庄市金沢,8038,15329,1.21,1.39,27.5,24.5,19.95,60
6300130950,一般国道１３号,泉田新庄線,曲川新庄線,6205,0,0.6,新庄市金沢,7291,新庄市金沢,8038,15329,1.21,1.39,27.8,33.3,19.95,60
6300130960,一般国道１３号,曲川新庄線,一般国道４５８号,6205,0,0.5,新庄市金沢,7291,新庄市金沢,8038,15329,1.21,1.39,35.1,25.3,19.95,60
6300130970,一般国道１３号,一般国道４５８号,土内五日町線,6205,0,0.4,新庄市金沢,7291,新庄市金沢,8038,15329,1.21,1.15,19,28.2,10.8,60
6300130980,一般国道１３号,土内五日町線,,6205,0,2.8,新庄市泉田字小橋,7351,新庄市泉田字小橋,7202,14553,1.21,1.19,44.3,45.5,10.8,60
6300130990,一般国道１３号,,新庄鮭川戸沢線,6205,0,1.4,新庄市泉田字小橋,7351,新庄市泉田字小橋,7202,14553,1.21,1.37,46.5,41.9,13.1,60
6300131000,一般国道１３号,新庄鮭川戸沢線,赤坂真室川線,6205,0,2.8,新庄市泉田字小橋,7351,新庄市泉田字小橋,7202,14553,1.21,1.37,46,45.9,13.1,60
6300131010,一般国道１３号,赤坂真室川線,新庄市・金山町境,6205,0,1.6,最上郡金山町大字山崎,4530,最上郡金山町大字山崎,3664,8194,1.34,0.81,39.3,43.3,13.1,60
6300131020,一般国道１３号,新庄市・金山町境,仁田山平岡線,6361,0,2.7,最上郡金山町大字山崎,4530,最上郡金山町大字山崎,3664,8194,1.34,1.07,57.5,55.2,12.15,60
6300131030,一般国道１３号,仁田山平岡線,雄勝金山線,6361,0,1.9,最上郡金山町大字山崎,4530,最上郡金山町大字山崎,3664,8194,1.34,0.84,39.4,37.8,13.55,60
6300131040,一般国道１３号,雄勝金山線,一般国道３４４号,6361,0,0.6,最上郡金山町大字山崎,4530,最上郡金山町大字山崎,3664,8194,1.34,0.84,38.1,41,13.55,60
6300131050,一般国道１３号,一般国道３４４号,平岡日当線,6361,0,3,最上郡金山町大字飛森,2150,最上郡金山町大字飛森,1686,3836,1.34,0.83,62.5,60.8,10.7,60
6300131060,一般国道１３号,平岡日当線,一般国道１３号,6361,0,1,最上郡金山町大字飛森,2150,最上郡金山町大字飛森,1686,3836,1.34,0.83,61.1,59.7,10.7,60
6300131070,一般国道１３号,一般国道１３号,釜渕中田線,6361,0,1.4,最上郡金山町大字中田,192,最上郡金山町大字中田,192,384,1.17,0.04,45.9,34.3,8,60
6300131080,一般国道１３号,釜渕中田線,一般国道１３号,6361,0,3.5,最上郡金山町大字中田,268,最上郡金山町大字中田,249,517,1.39,0.05,16.9,51.7,9.45,60
6300131090,一般国道１３号,一般国道１３号,金山町・真室川町境,6361,0,2.5,最上郡金山町大字中田,268,最上郡金山町大字中田,249,517,1.39,0.05,16.9,51.7,7.4,60
6300131100,一般国道１３号,金山町・真室川町境,真室川鮭川線,6364,0,1.8,最上郡金山町大字中田,268,最上郡金山町大字中田,249,517,1.39,0.06,40.3,24.9,7,60
6300131110,一般国道１３号,真室川鮭川線,一般国道１３号,6364,0,0.8,最上郡金山町大字中田,268,最上郡金山町大字中田,249,517,1.39,0.07,40.3,24.9,11.45,60
6300131120,一般国道１３号,一般国道１３号,一般国道１３号,6364,0,2.8,最上郡真室川町大字及位,2000,最上郡真室川町大字及位,1588,3588,1.39,0.63,63.5,65.4,12.5,60
6300131140,東北中央自動車道,一般国道１２１号,米沢市・高畠町境,6202,1,2.9,米沢北～南陽高畠,3328,米沢北～南陽高畠,2826,6154,1.18,0.48,70.9,75.4,12,70
6300131150,東北中央自動車道,米沢市・高畠町境,一般国道１３号,6381,1,6.6,米沢北～南陽高畠,3328,米沢北～南陽高畠,2826,6154,1.18,0.48,84.4,85.2,12,70
6301130330,一般国道１３号,南陽市・高畠町境,東北中央自動車道,6381,1,0.3,高畠町大字深沼,5373,高畠町大字深沼,4775,10148,1.18,0.93,34.8,15.6,12,70
6300131160,一般国道１３号,東北中央自動車道,一般国道３９９号,6381,0,0.6,南陽市椚塚,5883,南陽市椚塚,4586,10469,1.27,1,22.2,48.7,11,60
6300131170,一般国道１３号,一般国道３９９号,高畠町・南陽市境,6381,0,0.5,南陽市椚塚,5883,南陽市椚塚,4586,10469,1.27,1,55.5,60.3,11,60
6300131180,一般国道１３号,高畠町・南陽市境,赤湯停車場線,6213,0,1.6,南陽市椚塚,5883,南陽市椚塚,4586,10469,1.27,1.04,50.3,48.3,11,60
6300131190,一般国道１３号,赤湯停車場線,南陽川西線（旧一般国道１３号）,6213,0,1.1,南陽市椚塚,5883,南陽市椚塚,4586,10469,1.27,1.04,45.9,54.8,11,60
6300131200,一般国道１３号（尾花沢新庄道路）,東北中央自動車道,尾花沢市・大石田町境,6212,1,3,尾花沢市大字荻袋,5790,尾花沢市大字荻袋,5481,11271,1.16,0.83,74,73,12,70
6300131400,一般国道１３号（尾花沢新庄道路）,尾花沢市・大石田町境,大石田町・尾花沢市境,6341,1,0.6,尾花沢市大字荻袋,5790,尾花沢市大字荻袋,5481,11271,1.16,0.83,74.5,75.5,12,70
6300131410,一般国道１３号（尾花沢新庄道路）,大石田町・尾花沢市境,一般国道１３号,6212,1,0.6,尾花沢市大字荻袋,5790,尾花沢市大字荻袋,5481,11271,1.16,0.83,75.8,72.4,10.5,70
6300131210,一般国道１３号（尾花沢新庄道路）,一般国道１３号,一般国道１３号,6212,1,3,尾花沢市大字野黒沢,8099,尾花沢市大字野黒沢,7771,15870,1.26,0.92,71.5,71.1,11.5,70
6300131220,一般国道１３号（尾花沢新庄道路）,一般国道１３号,一般国道１３号,6212,1,4,尾花沢市大字野黒沢,8099,尾花沢市大字野黒沢,7771,15870,1.26,0.92,70.7,70.7,11.5,70
6300131230,一般国道１３号（尾花沢新庄道路）,一般国道１３号,尾花沢市・舟形町境,6212,1,1.7,尾花沢市大字毒沢字川原子,7336,尾花沢市大字毒沢字川原子,7250,14586,1.14,1.03,71.9,67.7,11.5,70
6300131240,一般国道１３号（尾花沢新庄道路）,尾花沢市・舟形町境,新庄舟形線,6363,1,1.4,尾花沢市大字毒沢字川原子,7336,尾花沢市大字毒沢字川原子,7250,14586,1.14,1.43,74.7,67.7,12,70
6300131250,一般国道１３号（尾花沢新庄道路）,新庄舟形線,舟形町・新庄市境,6363,1,0.8,新庄市大字鳥越,7244,新庄市大字鳥越,7473,14717,1.18,1.39,79.7,75.8,12,70
6300131260,一般国道１３号（尾花沢新庄道路）,舟形町・新庄市境,一般国道４７号（新庄南バイパス）,6205,1,4.2,新庄市大字鳥越,7244,新庄市大字鳥越,7473,14717,1.18,0.98,73.8,72.7,12,70
6300131380,一般国道１３号,一般国道４７号（新庄南バイパス）,曲川新庄線,6205,1,4.7,新庄市大字松本,3123,新庄市大字松本,2077,5200,1.14,0.57,71.7,66.7,12,70
6300131300,一般国道１３号,一般国道１３号,一般国道１３号,6361,1,4.5,金山町大字中田,1899,金山町大字中田,1815,3714,1.24,0.73,75.4,73.9,12,70
6300131310,一般国道１３号,一般国道１３号,金山町・真室川町境,6361,1,2.3,金山町大字中田,1899,金山町大字中田,1815,3714,1.24,0.73,75.4,73.9,12,70
6300131320,一般国道１３号,金山町・真室川町境,一般国道１３号,6364,1,2,金山町大字中田,1899,金山町大字中田,1815,3714,1.24,0.73,67.9,71.7,9.5,70
6300131280,一般国道１３号,十日町山形線,一般国道１３号,6207,0,0.2,上山市大字金瓶,955,上山市大字金瓶,1010,1965,1.15,0.31,23.2,14.8,12.8,50
6300470010,一般国道４７号,一般国道４７号,尾花沢最上線,6362,0,6.5,最上郡最上町大字堺田,1362,最上郡最上町大字堺田,1377,2739,1.28,0.55,56.6,60,9.75,60
6300470020,一般国道４７号,尾花沢最上線,最上鬼首線,6362,0,4.9,最上郡最上町大字志茂,3531,最上郡最上町大字志茂,3553,7084,1.28,0.77,51.1,51.1,13.2,50
6300470030,一般国道４７号,最上鬼首線,向町最上西公園線,6362,0,0.3,最上郡最上町大字志茂,3531,最上郡最上町大字志茂,3553,7084,1.28,0.77,33.9,25.9,13.2,50
6300470040,一般国道４７号,向町最上西公園線,東法田大堀線,6362,0,4.1,最上郡最上町大字志茂,3531,最上郡最上町大字志茂,3553,7084,1.28,0.77,45.3,46.9,13.2,50
6300470050,一般国道４７号,東法田大堀線,最上西公園線,6362,0,1.5,最上郡最上町大字志茂,3531,最上郡最上町大字志茂,3553,7084,1.28,0.77,53,56.8,13.2,50
6300470060,一般国道４７号,最上西公園線,最上町・舟形町境,6362,0,6.7,最上郡最上町大字志茂,3531,最上郡最上町大字志茂,3553,7084,1.28,0.99,54.2,54.5,8,50
6300470070,一般国道４７号,最上町・舟形町境,新庄舟形線,6363,0,1.3,最上郡最上町大字志茂,3531,最上郡最上町大字志茂,3553,7084,1.28,1.03,57.7,58.5,7.5,60
6300470080,一般国道４７号,新庄舟形線,舟形町・新庄市境,6363,0,5.5,最上郡最上町大字志茂,3531,最上郡最上町大字志茂,3553,7084,1.28,0.97,61.1,58.6,12.5,60
6300470090,一般国道４７号,舟形町・新庄市境,一般国道１３号,6205,0,3.2,最上郡最上町大字志茂,3531,最上郡最上町大字志茂,3553,7084,1.28,1.01,42,33.3,12.5,60
6300470100,一般国道４７号（新庄南バイパス）,一般国道１３号,一般国道１３号（尾花沢新庄道路）,6205,1,0.9,新庄市大字鳥越,4655,新庄市大字鳥越,4912,9567,1.21,0.72,24.6,56.7,12,70
6300470110,一般国道４７号（新庄南バイパス）,一般国道１３号（尾花沢新庄道路）,一般国道４７号（新庄古口道路）,6205,1,2.8,新庄市大字福田字福田山,5217,新庄市大字福田字福田山,5570,10787,1.21,0.93,66.2,67.8,12,70
6300470120,一般国道４７号,一般国道４７号（新庄古口道路）,一般国道４５８号,6205,0,2.4,新庄市大字本合海,3642,新庄市大字本合海,3353,6995,1.22,0.67,45.3,45.9,12.4,50
6300470129,一般国道４７号,一般国道４５８号,新庄舟形線,6205,0,1.3,新庄市大字本合海字本合海,4077,新庄市大字本合海字本合海,4133,8210,1.24,0.65,47.3,45.9,12.4,50
6300470130,一般国道４７号,新庄舟形線,一般国道４５８号,6205,0,0.5,新庄市大字本合海字本合海,4077,新庄市大字本合海字本合海,4133,8210,1.24,0.65,35.5,34.3,12.4,50
6300470140,一般国道４７号,一般国道４５８号,大石田畑線,6205,0,2.4,最上郡新庄市大字本合海字矢筈山,3348,最上郡新庄市大字本合海字矢筈山,2902,6250,1.24,0.54,51.4,53.7,12,50
6300470150,一般国道４７号,大石田畑線,新庄市・戸沢村境,6205,0,1.2,最上郡新庄市大字本合海字矢筈山,3348,最上郡新庄市大字本合海字矢筈山,2902,6250,1.24,0.54,56.3,56.7,12,50
6300470160,一般国道４７号,新庄市・戸沢村境,新庄戸沢線,6367,0,3.9,最上郡新庄市大字本合海字矢筈山,3348,最上郡新庄市大字本合海字矢筈山,2902,6250,1.24,0.55,57,55.4,9.7,60
6300470165,一般国道４７号,新庄戸沢線,一般国道４７号（新庄古口道路）,6367,0,0.7,最上郡新庄市大字本合海字矢筈山,3348,最上郡新庄市大字本合海字矢筈山,2902,6250,1.24,0.56,52.4,52.4,11.3,50
6300470170,一般国道４７号,一般国道４７号（新庄古口道路）,戸沢大蔵線,6367,0,1.7,最上郡戸沢村大字古口字本町,4292,最上郡戸沢村大字古口字本町,4226,8518,1.24,0.83,43.1,45.9,10.35,40
6300470180,一般国道４７号,戸沢大蔵線,戸沢村・庄内町境,6367,0,11.1,最上郡戸沢村大字古口字本町,4292,最上郡戸沢村大字古口字本町,4226,8518,1.24,1.12,54.6,55.6,8,60
6300470190,一般国道４７号,戸沢村・庄内町境,立川羽黒山線,6428,0,2.2,庄内町立川,4178,庄内町立川,4244,8422,1.21,0.84,55.4,53.8,13,60
6300470200,一般国道４７号,立川羽黒山線,大沼新田清川停車場線,6428,0,0.1,庄内町立川,4178,庄内町立川,4244,8422,1.21,0.84,37.1,28.1,13,60
6300470210,一般国道４７号,大沼新田清川停車場線,羽黒立川線,6428,0,1.6,庄内町立川,4178,庄内町立川,4244,8422,1.21,0.84,54.2,53.7,13,60
6300470220,一般国道４７号,羽黒立川線,一般国道３４５号,6428,0,2.7,庄内町狩川,3230,庄内町狩川,3259,6489,1.21,0.58,52.1,49.2,13,60
6300470230,一般国道４７号,一般国道３４５号,一般国道３４５号,6428,0,0.8,庄内町狩川,3230,庄内町狩川,3259,6489,1.21,0.58,43,39.1,13,60
6300470240,一般国道４７号,一般国道３４５号,中川代川尻余目線,6428,0,2.5,余目東交差点,4706,余目東交差点,4767,9473,1.21,0.91,45,50,17,60
6300470250,一般国道４７号,中川代川尻余目線,西袋廻館線,6428,0,1.5,余目東交差点,4706,余目東交差点,4767,9473,1.21,0.91,50.1,46.3,17,60
6300470254,一般国道４７号,西袋廻館線,,6428,0,0.6,余目東交差点,4706,余目東交差点,4767,9473,1.21,0.91,51.3,54.3,17,60
6300470257,一般国道４７号,,余目松山線,6428,0,1.1,余目東交差点,4706,余目東交差点,4767,9473,1.21,0.91,51.8,47.6,17,60
6300470430,一般国道４７号（新庄古口道路）,一般国道４７号（新庄南バイパス）,一般国道４５８号,6205,1,2.4,新庄市大字本合海字福宮,1424,新庄市大字本合海字福宮,1394,2818,1.17,0.27,62.6,59,12,70
6300470700,一般国道４７号（新庄古口道路）,新庄戸沢線,一般国道４７号,6367,1,2.1,戸沢村大字古口字皿島,1328,戸沢村大字古口字皿島,1417,2745,1.17,0.24,56.5,54.9,12,70
6300470620,一般国道４７号（余目酒田道路）,山形自動車道,一般国道７号,6204,0,2.1,酒田市遊摺部,9647,酒田市遊摺部,9783,19430,1.17,0.67,52.5,40.5,39,60
6300470710,一般国道４７号（余目酒田道路）,一般国道４７号,余目温海線,6428,1,3.4,余目東ＩＣ,3150,余目東ＩＣ,3378,6528,1.2,0.25,73.8,72.7,17,70
6300470720,一般国道４７号（余目酒田道路）,余目温海線,庄内町・酒田市境,6428,1,0.7,余目ＩＣ,4778,余目ＩＣ,4759,9537,1.19,0.33,75.3,72.7,17,70
6300470730,一般国道４７号（余目酒田道路）,庄内町・酒田市境,酒田市・庄内町境,6204,1,0.2,余目ＩＣ,4778,余目ＩＣ,4759,9537,1.19,0.33,72.9,72.1,17,70
6300470740,一般国道４７号（余目酒田道路）,酒田市・庄内町境,余目温海線,6428,1,1.7,余目ＩＣ,4778,余目ＩＣ,4759,9537,1.19,0.33,74.8,74.1,17,70
6300470750,一般国道４７号（余目酒田道路）,酒田鶴岡線,山形自動車道,6204,1,4.1,新堀,6768,新堀,6748,13516,1.18,0.45,71.2,71,17,70
6300480020,一般国道４８号,尾花沢関山線,新田神町停車場線,6211,0,0.6,東根市大字沼沢,2387,東根市大字沼沢,2438,4825,1.33,0.56,37.8,36,10.5,50
6300480030,一般国道４８号,新田神町停車場線,田麦野行沢線,6211,0,1.7,東根市大字沼沢,2387,東根市大字沼沢,2438,4825,1.33,0.56,44.5,49.6,10.5,50
6300480040,一般国道４８号,田麦野行沢線,東根市・天童市境,6211,0,0.4,東根市大字沼沢,2387,東根市大字沼沢,2438,4825,1.33,0.56,41.4,41.5,10.5,50
6300480050,一般国道４８号,東根市・天童市境,天童河北線,6210,0,3.2,東根市大字沼沢,2387,東根市大字沼沢,2438,4825,1.33,0.52,46.2,48.2,12,60
6300480060,一般国道４８号,天童河北線,荒谷原崎線,6210,0,1.3,東根市大字沼沢,2387,東根市大字沼沢,2438,4825,1.33,0.52,43.8,36.6,12,60
6300480070,一般国道４８号,荒谷原崎線,一般国道１３号,6210,0,1.3,東根市大字沼沢,2387,東根市大字沼沢,2438,4825,1.33,0.52,37.4,30.7,12,60
6300480010,一般国道４８号,一般国道４８号,尾花沢関山線,6211,0,10.8,東根市大字関山,3826,東根市大字関山,3780,7606,1.33,0.97,56.7,52.6,8.75,60
6301120010,一般国道１１２号,一般国道１３号,一般国道２８６号,6201,0,2.3,山形市鉄砲町三丁目,5762,山形市鉄砲町三丁目,5748,11510,1.23,1.12,17.4,15.1,13.5,40
6301120020,一般国道１１２号,一般国道２８６号,山形白鷹線,6201,0,0.9,山形市鉄砲町三丁目,5762,山形市鉄砲町三丁目,5748,11510,1.23,1.12,16.5,16.3,13.5,40
6301120030,一般国道１１２号,山形白鷹線,山形停車場線,6201,0,0.4,山形市鉄砲町三丁目,5762,山形市鉄砲町三丁目,5748,11510,1.23,1.36,19.8,12.5,13.5,40
6301120040,一般国道１１２号,山形停車場線,山形山寺線,6201,0,1,,,山形市十日町四丁目,7539,7539,1.23,0.63,,14.8,15,40
6301120050,一般国道１１２号,山形山寺線,山形朝日線,6201,0,0.2,山形市七日町一丁目,1812,山形市七日町一丁目,2636,4448,1.23,0.73,9.7,9.5,17.6,40
6301120060,一般国道１１２号,山形朝日線,山形天童線,6201,0,0.3,山形市旅篭町二丁目,9620,山形市旅篭町二丁目,2797,12417,1.23,1.48,19.6,16.2,30,60
6301120070,一般国道１１２号,山形天童線,北山形停車場城北線,6201,0,0.7,山形市大手町,10566,山形市大手町,10763,21329,1.23,1.17,13.4,25.4,31,60
6301120080,一般国道１１２号,北山形停車場城北線,山形山辺線,6201,0,0.5,山形市大手町,10566,山形市大手町,10763,21329,1.23,1.17,20.6,19.9,31,60
6301120090,一般国道１１２号,山形山辺線,市道,6201,0,0.6,山形市下条四丁目,8188,,,8188,1.23,1.45,12.1,,8.1,30
6301120100,一般国道１１２号,市道,山形山辺線,6201,0,1.7,山形市下条四丁目,8190,山形市下条四丁目,8678,16868,1.23,1.53,17.8,18.8,8.65,40
6301120110,一般国道１１２号,山形山辺線,山形羽入線,6201,0,0.1,山形市下条四丁目,8190,山形市下条四丁目,8678,16868,1.23,0.83,17.1,17.1,26.2,60
6301120120,一般国道１１２号,山形羽入線,山形山辺線,6201,0,0.4,山形市下条四丁目,8190,山形市下条四丁目,8678,16868,1.23,1.62,15.9,22.8,8.9,40
6301120130,一般国道１１２号,山形山辺線,山形山辺線,6201,0,1,山形市下条四丁目,8190,山形市下条四丁目,8678,16868,1.23,1.62,28.6,31.4,8.9,40
6301120140,一般国道１１２号,山形山辺線,大森中野線,6201,0,2.4,山形市下条四丁目,8190,山形市下条四丁目,8678,16868,1.23,1.48,33.6,35.6,9.45,40
6301120150,一般国道１１２号,大森中野線,山形市・中山町境,6201,0,1.2,中山町大字達磨寺,9085,中山町大字達磨寺,9873,18958,1.29,1.24,42.6,37.3,9.5,60
6301120160,一般国道１１２号,山形市・中山町境,山辺船町線,6302,0,0.1,中山町大字達磨寺,9085,中山町大字達磨寺,9873,18958,1.29,1.28,30.5,26,11.2,60
6301120170,一般国道１１２号,山辺船町線,天童寒河江線,6302,0,1.9,中山町大字達磨寺,9085,中山町大字達磨寺,9873,18958,1.29,1.28,39.7,42.8,11.2,60
6301120180,一般国道１１２号,天童寒河江線,羽前長崎停車場線,6302,0,0.7,東村山郡中山町大字長崎字新町,12434,東村山郡中山町大字長崎字新町,12810,25244,1.23,1.01,29.8,31.4,28.1,60
6301120190,一般国道１１２号,羽前長崎停車場線,天童寒河江線,6302,0,0.4,東村山郡中山町大字長崎字新町,12434,東村山郡中山町大字長崎字新町,12810,25244,1.23,1.01,41.4,23,28.1,60
6301120200,一般国道１１２号,天童寒河江線,中山町・寒河江市境,6302,0,0.5,東村山郡中山町大字長崎字新町,12434,東村山郡中山町大字長崎字新町,12810,25244,1.23,1.01,32.1,34,28.1,60
6301120210,一般国道１１２号,中山町・寒河江市境,皿沼河北線,6206,0,0.2,東村山郡中山町大字長崎字新町,12434,東村山郡中山町大字長崎字新町,12810,25244,1.23,0.74,41.4,23.7,25.35,60
6301120220,一般国道１１２号,皿沼河北線,山形自動車道,6206,0,1.9,寒河江市大字高屋字台下,9866,寒河江市大字高屋字台下,9617,19483,1.29,0.54,51.2,48.9,25.35,60
6301120230,一般国道１１２号,山形自動車道,元町高屋線,6206,0,0.7,寒河江市本楯三丁目,10001,寒河江市本楯三丁目,10031,20032,1.28,0.95,44.8,42.4,27,60
6301120240,一般国道１１２号,元町高屋線,天童大江線,6206,0,0.8,寒河江市本楯三丁目,10001,寒河江市本楯三丁目,10031,20032,1.28,0.95,30.6,28.1,27,60
6301120250,一般国道１１２号,天童大江線,寒河江村山線,6206,0,3,寒河江市大字西根,6640,寒河江市大字西根,5811,12451,1.24,0.87,34,38.7,13,60
6301120260,一般国道１１２号,寒河江村山線,寒河江西川線,6206,0,2.2,寒河江市大字白岩字東畑,3967,寒河江市大字白岩字東畑,3505,7472,1.2,0.6,35.4,42.7,17.5,60
6301120270,一般国道１１２号,寒河江西川線,一般国道２８７号,6206,0,0.5,寒河江市大字白岩字東畑,3967,寒河江市大字白岩字東畑,3505,7472,1.2,0.7,38.1,31.8,25,60
6301120280,一般国道１１２号,一般国道２８７号,寒河江西川線,6206,0,0.7,寒河江市大字白岩字東畑,3967,寒河江市大字白岩字東畑,3505,7472,1.2,0.7,33.2,31.2,25,60
6301120290,一般国道１１２号,寒河江西川線,日和田松川線,6206,0,0.9,寒河江市大字白岩字東畑,3967,寒河江市大字白岩字東畑,3505,7472,1.2,0.62,49.2,50.5,17,60
6301120300,一般国道１１２号,日和田松川線,寒河江西川線,6206,0,2,寒河江市大字白岩字東畑,3967,寒河江市大字白岩字東畑,3505,7472,1.2,0.62,59.5,60.4,17,60
6301120310,一般国道１１２号,寒河江西川線,一般国道４５８号,6206,0,0.9,寒河江市大字白岩字東畑,3967,寒河江市大字白岩字東畑,3505,7472,1.2,0.64,54.1,54,13.2,50
6301120320,一般国道１１２号,一般国道４５８号,一般国道４５８号,6206,0,0.7,寒河江市大字白岩字東畑,3967,寒河江市大字白岩字東畑,3505,7472,1.2,0.64,50.9,48.8,13.2,50
6301120330,一般国道１１２号,一般国道４５８号,寒河江市・西川町境,6206,0,0.1,西村山郡西川町大字睦合,3980,西村山郡西川町大字睦合,3612,7592,1.17,0.75,37.1,41.7,13.2,50
6301120340,一般国道１１２号,寒河江市・西川町境,小山海味線,6322,0,2.8,西村山郡西川町大字睦合,3980,西村山郡西川町大字睦合,3612,7592,1.17,0.72,52.8,51.8,12.1,50
6301120350,一般国道１１２号,小山海味線,山形自動車道,6322,0,0.6,西村山郡西川町大字睦合,3980,西村山郡西川町大字睦合,3612,7592,1.17,0.72,50.6,46.9,12.1,50
6301120360,一般国道１１２号,山形自動車道,寒河江西川線,6322,0,2.4,西村山郡西川町大字睦合,3980,西村山郡西川町大字睦合,3612,7592,1.17,0.72,48.8,48.1,12.1,50
6301120370,一般国道１１２号,寒河江西川線,岩根沢綱取線,6322,0,1.9,西村山郡西川町大字睦合,3980,西村山郡西川町大字睦合,3612,7592,1.17,0.72,54.3,51.1,12.1,50
6301120380,一般国道１１２号,岩根沢綱取線,一般国道１１２号,6322,0,11.7,西村山郡西川町大字砂子関,2009,西村山郡西川町大字砂子関,2146,4155,1.36,0.77,52.9,56,12.1,50
6301120390,一般国道１１２号,一般国道１１２号,大江西川線,6322,0,0.5,西村山郡西川町大字砂子関,2009,西村山郡西川町大字砂子関,2146,4155,1.36,0.77,56.2,54,12.1,50
6301120400,一般国道１１２号,大江西川線,山形自動車道,6322,0,0.3,西村山郡西川町大字砂子関,2009,西村山郡西川町大字砂子関,2146,4155,1.36,0.77,62,59.5,12.1,50
6301120410,一般国道１１２号,山形自動車道,,6322,0,0.4,西村山郡西川町大字月山沢,3481,西村山郡西川町大字月山沢,3239,6720,1.19,0.7,60.7,60.5,12.1,50
6301120420,一般国道１１２号,,西川町・鶴岡市境,6322,1,8.1,西村山郡西川町大字月山沢,3481,西村山郡西川町大字月山沢,3239,6720,1.19,0.6,62.2,67.4,12.5,60
6301120430,一般国道１１２号,西川町・鶴岡市境,,6203,1,7.8,月山,3752,月山,3609,7361,1.17,0.77,61.3,67.5,7.5,60
6301120440,一般国道１１２号,,山形自動車道,6203,0,4.2,月山,3752,月山,3609,7361,1.17,0.82,61,57.9,12,50
6301120450,一般国道１１２号,山形自動車道,一般国道１１２号,6203,0,0.9,鶴岡市上名川,1951,鶴岡市上名川,1828,3779,1.17,0.52,61.1,61.1,12,50
6301120460,一般国道１１２号,一般国道１１２号,一般国道１１２号,6203,0,1.6,鶴岡市上名川,1951,鶴岡市上名川,1828,3779,1.17,0.52,61.4,60,12,50
6301120480,一般国道１１２号,一般国道１１２号,一般国道１１２号,6203,0,1.4,,,鶴岡市上名川,1828,1828,1.17,0.46,,64.1,6,50
6301120520,一般国道１１２号,一般国道１１２号,たらのき代大網線,6203,0,0.8,鶴岡市上名川,1951,鶴岡市上名川,1828,3779,1.17,0.59,61.8,63.3,11,50
6301120530,一般国道１１２号,たらのき代大網線,余目温海線,6203,0,6.1,鶴岡市上名川,1951,鶴岡市上名川,1828,3779,1.17,0.59,54.7,54.6,11,50
6301120540,一般国道１１２号,余目温海線,鶴岡村上線,6203,0,3.2,鶴岡市常磐木,4389,鶴岡市常磐木,4494,8883,1.17,0.69,44.8,47.8,17,50
6301120550,一般国道１１２号,鶴岡村上線,鶴岡村上線,6203,0,0.5,鶴岡市常磐木,4389,鶴岡市常磐木,4494,8883,1.17,0.69,54.6,57.4,17,50
6301120560,一般国道１１２号,鶴岡村上線,鶴岡村上線,6203,0,1.4,鶴岡市常磐木,4389,鶴岡市常磐木,4494,8883,1.17,0.72,50.1,47.3,17,60
6301120570,一般国道１１２号,鶴岡村上線,板井川下山添線,6203,0,3.3,鶴岡市常磐木,4389,鶴岡市常磐木,4494,8883,1.17,0.72,49.6,52,17,60
6301120580,一般国道１１２号,板井川下山添線,,6203,0,0.8,鶴岡市常磐木,4389,鶴岡市常磐木,4494,8883,1.17,0.72,50.7,43.9,17,60
6301120600,一般国道１１２号,,たらのき代鶴岡線,6203,0,1.3,鶴岡市斎藤川原,4052,鶴岡市斎藤川原,4704,8756,1.17,0.32,42,44.2,24,60
6301120610,一般国道１１２号,たらのき代鶴岡線,一般国道３４５号,6203,0,0.4,鶴岡市斎藤川原,4052,鶴岡市斎藤川原,4704,8756,1.17,0.73,32.4,31.2,13,60
6301120620,一般国道１１２号,一般国道３４５号,たらのき代鶴岡線,6203,0,0.7,鶴岡市斎藤川原,4052,鶴岡市斎藤川原,4704,8756,1.17,0.73,27.3,25.2,13,60
6301120630,一般国道１１２号,たらのき代鶴岡線,鶴岡羽黒線,6203,0,1.6,鶴岡市斎藤川原,4052,鶴岡市斎藤川原,4704,8756,1.17,0.73,29.2,24.5,13,60
6301120640,一般国道１１２号,鶴岡羽黒線,一般国道３４５号,6203,0,1.8,鶴岡市大宝寺,8479,鶴岡市大宝寺,9153,17632,1.21,1.66,26,25.1,9.5,60
6301120650,一般国道１１２号,一般国道３４５号,,6203,0,0.9,鶴岡市道形,9005,鶴岡市道形,10447,19452,1.2,0.55,28.9,43.6,26,60
6301120670,一般国道１１２号,,たらのき代鶴岡線,6203,0,0.4,鶴岡市道形,9005,鶴岡市道形,10447,19452,1.2,0.88,34.6,28.1,26,60
6301120910,一般国道１１２号,たらのき代鶴岡線,一般国道７号,6203,0,2,本田交差点,5624,本田交差点,5789,11413,1.2,0.52,27.8,34.6,28,60
6301120500,一般国道１１２号,一般国道１１２号,一般国道１１２号,6203,0,1.4,鶴岡市上名川,1951,,,1951,1.17,0.61,65.8,,7,50
6301120750,一般国道１１２号,一般国道７号,酒田鶴岡線,6203,0,3.2,鶴岡市中野京田字大坪,6213,鶴岡市中野京田字大坪,6212,12425,1.24,0.98,33.6,34.5,12.94,40
6301120760,一般国道１１２号,酒田鶴岡線,酒田鶴岡線,6203,0,0.7,鶴岡市中野京田字大坪,6213,鶴岡市中野京田字大坪,6212,12425,1.24,0.98,22.3,28.3,12.94,40
6301120770,一般国道１１２号,酒田鶴岡線,西目大山線,6203,0,0.9,鶴岡市中野京田字大坪,6213,鶴岡市中野京田字大坪,6212,12425,1.24,0.98,43.2,39,12.94,40
6301120780,一般国道１１２号,西目大山線,藤島由良線,6203,0,2.7,鶴岡市中野京田字大坪,6213,鶴岡市中野京田字大坪,6212,12425,1.24,0.98,42.6,44.4,12.94,40
6301120790,一般国道１１２号,藤島由良線,余目加茂線,6203,0,4.5,酒田市浜中八間山,2372,酒田市浜中八間山,2138,4510,1.23,0.44,38.2,39.8,14,40
6301120800,一般国道１１２号,余目加茂線,鶴岡市・酒田市境,6203,0,2.1,酒田市浜中八間山,2372,酒田市浜中八間山,2138,4510,1.23,0.5,39.3,48.4,6.6,40
6301120810,一般国道１１２号,鶴岡市・酒田市境,庄内空港線,6204,0,1.9,酒田市浜中八間山,2372,酒田市浜中八間山,2138,4510,1.23,0.48,49.3,49.7,13.5,60
6301120820,一般国道１１２号,庄内空港線,浜中余目線,6204,0,1,酒田市浜中八間山,2372,酒田市浜中八間山,2138,4510,1.23,0.48,38.8,40.5,13.5,60
6301120830,一般国道１１２号,浜中余目線,宮野浦坂野辺新田線,6204,0,8.9,酒田市浜中八間山,2372,酒田市浜中八間山,2138,4510,1.23,0.48,48.4,48.9,13.5,60
6301120840,一般国道１１２号,宮野浦坂野辺新田線,吹浦酒田線,6204,0,1.9,酒田市堤町,12539,酒田市堤町,10858,23397,1.28,1.41,29.3,24.9,25.2,50
6301120850,一般国道１１２号,吹浦酒田線,酒田松山線,6204,0,0.7,酒田市山居町一丁目,4461,酒田市山居町一丁目,5449,9910,1.24,0.87,19.5,17.6,20,40
6301120860,一般国道１１２号,酒田松山線,酒田停車場線,6204,0,0.8,酒田市山居町一丁目,4461,酒田市山居町一丁目,5449,9910,1.24,0.87,14.1,18.2,20,40
6301120870,一般国道１１２号,酒田停車場線,吹浦酒田線,6204,0,0.4,酒田市光ヶ丘四丁目,3486,酒田市光ヶ丘四丁目,3150,6636,1.23,0.79,16.6,12.6,11,50
6301120880,一般国道１１２号,吹浦酒田線,吹浦酒田線,6204,0,0.9,酒田市光ヶ丘四丁目,3486,酒田市光ヶ丘四丁目,3150,6636,1.23,0.79,22.2,27.8,11,50
6301120890,一般国道１１２号,吹浦酒田線,一般国道７号,6204,0,3,酒田市光ヶ丘四丁目,3486,酒田市光ヶ丘四丁目,3150,6636,1.23,0.79,35.6,34.9,11,50
6301120710,一般国道１１２号,一般国道１１２号,月山志津線,6322,0,6.3,,384,,283,667,1.16,0.13,41.6,45,12,30
6301120720,一般国道１１２号,月山志津線,西川町・鶴岡市境,6322,0,6.6,,299,,284,583,1.17,0.11,30.5,27.8,12,30
6301120730,一般国道１１２号,西川町・鶴岡市境,一般国道１１２号,6203,0,14.2,,299,,284,583,1.17,0.43,29.4,32.9,5.5,60
6301130010,一般国道１１３号,一般国道１１３号,玉川沼沢線,6401,0,0.5,西置賜郡小国町大字玉川字時巣沢,1969,西置賜郡小国町大字玉川字時巣沢,1793,3762,1.3,0.51,53.3,54.1,9,50
6301130020,一般国道１１３号,玉川沼沢線,五味沢小国線,6401,0,6.3,西置賜郡小国町大字小国小坂町,2586,西置賜郡小国町大字小国小坂町,2573,5159,1.24,0.78,49.5,47.5,9,50
6301130030,一般国道１１３号,五味沢小国線,小国停車場線,6401,0,0.4,西置賜郡小国町岩井沢,3595,西置賜郡小国町岩井沢,3145,6740,1.26,0.51,30.4,28.8,16.05,50
6301130040,一般国道１１３号,小国停車場線,川西小国線,6401,0,1.8,西置賜郡小国町町原,3691,西置賜郡小国町町原,3496,7187,1.26,0.59,39.6,42.6,16.05,50
6301130050,一般国道１１３号,川西小国線,玉川沼沢線,6401,0,12.9,西置賜郡小国町大字松岡,3166,西置賜郡小国町大字松岡,3169,6335,1.21,0.7,57.4,56.8,11.1,50
6301130060,一般国道１１３号,玉川沼沢線,小国町・飯豊町境,6401,0,4.1,西置賜郡小国町沼沢,2776,西置賜郡小国町沼沢,2716,5492,1.29,0.78,59.2,57.8,11.1,50
6301130070,一般国道１１３号,小国町・飯豊町境,米沢飯豊線,6403,0,4.4,西置賜郡飯豊町大字手ノ子,3084,西置賜郡飯豊町大字手ノ子,3040,6124,1.29,1.07,53.3,51.9,11,50
6301130080,一般国道１１３号,米沢飯豊線,長井飯豊線,6403,0,0.3,西置賜郡飯豊町大字手ノ子,3084,西置賜郡飯豊町大字手ノ子,3040,6124,1.29,1.07,53.4,47.7,11,50
6301130090,一般国道１１３号,長井飯豊線,椿川西線,6403,0,3,西置賜郡飯豊町添川,2313,西置賜郡飯豊町添川,2393,4706,1.29,0.49,46.1,45.5,12.7,60
6301130100,一般国道１１３号,椿川西線,飯豊町・川西町境,6403,0,3.6,西置賜郡飯豊町添川,2313,西置賜郡飯豊町添川,2393,4706,1.29,0.49,50.4,51,12.7,60
6301130110,一般国道１１３号,飯豊町・川西町境,川西町・長井市境,6382,0,0.5,長井市今泉,2877,長井市今泉,2755,5632,1.29,0.48,62.6,64,12.8,60
6301130120,一般国道１１３号,川西町・長井市境,,6209,0,1.5,西置賜郡飯豊町大字手ノ子,2341,西置賜郡飯豊町大字手ノ子,2326,4667,1.29,0.43,48.5,49,12.3,60
6301130130,一般国道１１３号,,一般国道２８７号,6209,0,0.6,西置賜郡飯豊町大字手ノ子,2341,西置賜郡飯豊町大字手ノ子,2326,4667,1.29,0.44,34.9,22.2,11.9,50
6301130140,一般国道１１３号,一般国道２８７号,長井市・川西町境,6209,0,0.5,南陽市竹原,7215,南陽市竹原,7198,14413,1.25,1.41,39.2,38.1,11.9,50
6301130150,一般国道１１３号,長井市・川西町境,一般国道２８７号,6382,0,0.6,南陽市竹原,7215,南陽市竹原,7198,14413,1.25,1.29,35.6,27,10.7,50
6301130160,一般国道１１３号,一般国道２８７号,上伊佐沢川西線,6382,0,0.3,南陽市竹原,7215,南陽市竹原,7198,14413,1.25,1.29,20.8,25.7,10.7,50
6301130170,一般国道１１３号,上伊佐沢川西線,大塚米沢線,6382,0,0.8,南陽市竹原,7215,南陽市竹原,7198,14413,1.25,1.29,22.1,47.1,10.7,50
6301130180,一般国道１１３号,大塚米沢線,川西町・南陽市境,6382,0,0.1,南陽市竹原,7215,南陽市竹原,7198,14413,1.25,1.29,24,47.7,10.7,50
6301130190,一般国道１１３号,川西町・南陽市境,梨郷下伊佐沢線,6213,0,0.6,南陽市竹原,7215,南陽市竹原,7198,14413,1.25,1.23,28.3,54.2,12,60
6301130200,一般国道１１３号,梨郷下伊佐沢線,梨郷宮内線,6213,0,1.1,南陽市竹原,7215,南陽市竹原,7198,14413,1.25,1.23,37.9,54,12,60
6301130210,一般国道１１３号,梨郷宮内線,梨郷停車場線,6213,0,1,南陽市竹原,7215,南陽市竹原,7198,14413,1.25,1.23,41.8,44.7,12,60
6301130220,一般国道１１３号,梨郷停車場線,一般国道３９９号,6213,0,0.7,南陽市竹原,7215,南陽市竹原,7198,14413,1.25,1.23,38.4,29.3,12,60
6301130290,一般国道１１３号,一般国道３９９号,米沢南陽白鷹線,6213,1,2,南陽市萩生田字三助,4525,南陽市萩生田字三助,4999,9524,1.23,0.92,42.7,39.1,12,70
6301130300,一般国道１１３号,米沢南陽白鷹線,南陽川西線,6213,1,1.4,南陽市萩生田字三助,4525,南陽市萩生田字三助,4999,9524,1.23,0.92,58.5,66.6,12,70
6301130310,一般国道１１３号,南陽川西線,一般国道１３号,6213,1,1.9,南陽市萩生田字三助,4525,南陽市萩生田字三助,4999,9524,1.23,0.92,68.6,68,12,70
6301130340,一般国道１１３号,東北中央自動車道,一般国道３９９号,6381,0,2.8,東置賜郡高畠町大字深沼,7465,東置賜郡高畠町大字深沼,8080,15545,1.26,1.16,26.3,34.8,10.6,50
6301130350,一般国道１１３号,一般国道３９９号,米沢高畠線,6381,0,0.7,東置賜郡高畠町大字深沼,7465,東置賜郡高畠町大字深沼,8080,15545,1.26,1.16,31.3,37.2,10.6,50
6301130360,一般国道１１３号,米沢高畠線,楢下高畠線,6381,0,5.9,東置賜郡高畠町大字深沼,7465,東置賜郡高畠町大字深沼,8080,15545,1.26,1.16,60,59.7,10.6,50
6301130370,一般国道１１３号,楢下高畠線,一般国道１１３号,6381,0,5.9,,740,,881,1621,1.21,0.26,60,59.7,10.5,50
6301210495,一般国道１２１号,一般国道１３号,東北中央自動車道,6202,0,0.2,米沢市窪田町窪田,1458,米沢市窪田町窪田,1865,3323,1.22,0.36,31.8,31.9,14,40
6301210500,一般国道１２１号,東北中央自動車道,一般国道２８７号（米沢北バイパス）,6202,0,0.1,米沢市窪田町窪田,1458,米沢市窪田町窪田,1865,3323,1.22,0.36,29.3,31.5,14,40
6301210510,一般国道１２１号,一般国道２８７号（米沢北バイパス）,米沢環状線,6202,0,3.2,米沢市塩井町塩野,4140,米沢市塩井町塩野,4340,8480,1.23,0.76,45.8,33.8,20,50
6301210140,一般国道１２１号,米沢環状線,米沢南陽白鷹線,6202,0,0.4,米沢市塩井町塩野,4140,米沢市塩井町塩野,4340,8480,1.23,0.83,23.1,15.1,20,50
6301210150,一般国道１２１号,米沢南陽白鷹線,米沢浅川高畑線,6202,0,1,米沢市成島町二丁目,4605,米沢市成島町二丁目,4239,8844,1.23,0.69,25.6,17.6,20,50
6301210080,一般国道１２１号,綱木米沢停車場線（旧一般国道１２１号）,口田沢川西線,6202,0,4.2,米沢市大字口田沢,2395,米沢市大字口田沢,2248,4643,1.21,0.68,53.5,57.2,13.5,60
6301210090,一般国道１２１号,口田沢川西線,米沢飯豊線,6202,0,4.6,米沢市大字神原,1904,米沢市大字神原,1801,3705,1.22,0.53,61.6,59.9,13.5,60
6301210100,一般国道１２１号,米沢飯豊線,,6202,0,8.7,米沢市大字神原,1904,米沢市大字神原,1801,3705,1.22,0.53,63.1,61.7,13.5,60
6301210180,一般国道１２１号,,一般国道１２１号,6202,0,3.7,,1069,,1111,2180,1.22,3.17,68.1,67.9,5.4,40
6301210160,一般国道１２１号,米沢浅川高畑線,綱木米沢停車場線（旧一般国道１２１号）,6202,0,1.9,,1069,,1111,2180,1.22,3.17,35.2,40.7,5.4,40
6302860010,一般国道２８６号,一般国道２８６号,山形自動車道,6201,0,5.3,,,,,,,,54.3,44,5.4,40
6302860020,一般国道２８６号,山形自動車道,宝沢坊原線,6201,0,6.4,山形市大字滑川,2497,山形市大字滑川,2557,5054,1.22,0.47,51,51.6,11,50
6302860030,一般国道２８６号,宝沢坊原線,山形自動車道,6201,0,1.6,山形市大字滑川,2497,山形市大字滑川,2557,5054,1.22,0.47,47.3,44.6,11,50
6302860040,一般国道２８６号,山形自動車道,妙見寺西蔵王公園線,6201,0,0.6,山形市松波一丁目,7774,山形市松波一丁目,8234,16008,1.26,0.45,34.7,36.1,32,50
6302860050,一般国道２８６号,妙見寺西蔵王公園線,十日町山形線,6201,0,0.7,山形市松波一丁目,7774,山形市松波一丁目,8234,16008,1.26,0.45,25.5,34.7,32,50
6302860060,一般国道２８６号,十日町山形線,一般国道１３号,6201,0,1.3,山形市松波一丁目,7774,山形市松波一丁目,8234,16008,1.26,0.6,28.1,34.6,20,50
6302860070,一般国道２８６号,一般国道１３号,一般国道１１２号,6201,0,1.7,山形市荒楯町一丁目,13447,山形市荒楯町一丁目,14191,27638,1.29,0.85,21.1,20.3,20,50
6302870060,一般国道２８７号,一般国道１２１号,広幡窪田線,6202,0,3,米沢市成島町二丁目,5394,米沢市成島町二丁目,5020,10414,1.24,0.93,26.1,38.6,13.5,40
6302870070,一般国道２８７号,広幡窪田線,米沢市・川西町境,6202,0,2.7,米沢市広幡町京塚,3432,米沢市広幡町京塚,3254,6686,1.23,0.69,48.1,49.2,13.5,40
6302870080,一般国道２８７号,米沢市・川西町境,玉庭時田糠野目線,6382,0,0.4,米沢市広幡町京塚,3432,米沢市広幡町京塚,3254,6686,1.23,0.85,39.6,36,6.5,40
6302870090,一般国道２８７号,玉庭時田糠野目線,玉庭時田糠野目線,6382,0,0.3,米沢市広幡町京塚,3432,米沢市広幡町京塚,3254,6686,1.23,0.98,33.8,34,12.5,50
6302870100,一般国道２８７号,玉庭時田糠野目線,椿川西線,6382,0,4.3,米沢市広幡町京塚,3432,米沢市広幡町京塚,3254,6686,1.23,0.98,38.3,36.5,12.5,50
6302870110,一般国道２８７号,椿川西線,川西小国線,6382,0,0.9,米沢市広幡町京塚,3432,米沢市広幡町京塚,3254,6686,1.23,0.94,24.8,20.7,8,40
6302870800,一般国道２８７号,川西小国線,高畠川西線,6382,0,0.4,東置賜郡川西町大字西大塚,3440,東置賜郡川西町大字西大塚,3105,6545,1.22,0.62,23.2,22.5,16,50
6302870140,一般国道２８７号,高畠川西線,南陽川西線,6382,0,0.2,東置賜郡川西町大字西大塚,3440,東置賜郡川西町大字西大塚,3105,6545,1.22,0.59,14.8,32.4,9.4,50
6302870150,一般国道２８７号,南陽川西線,犬川犬川停車場線,6382,0,1.2,東置賜郡川西町大字西大塚,3440,東置賜郡川西町大字西大塚,3105,6545,1.22,0.59,50.3,51.6,9.4,50
6302870160,一般国道２８７号,犬川犬川停車場線,上伊佐沢川西線,6382,0,1.1,東置賜郡川西町大字西大塚,3440,東置賜郡川西町大字西大塚,3105,6545,1.22,0.59,51,49.9,9.4,50
6302870170,一般国道２８７号,上伊佐沢川西線,一般国道１１３号,6382,0,2,東置賜郡川西町大字西大塚,3440,東置賜郡川西町大字西大塚,3105,6545,1.22,0.53,44.8,39.5,16.05,50
6302870180,一般国道２８７号,一般国道１１３号,川西町・長井市境,6382,0,0.9,山形県長井市今泉,5710,山形県長井市今泉,5383,11093,1.22,0.84,36.5,48.4,16.05,50
6302870185,一般国道２８７号,川西町・長井市境,,6209,0,1.7,山形県長井市今泉,5710,山形県長井市今泉,5383,11093,1.22,0.81,58.9,60.1,13.5,60
6302870200,一般国道２８７号,,中時庭線,6209,0,0.6,山形県長井市舘町北,7290,山形県長井市舘町北,7434,14724,1.26,0.89,20.5,31.2,12.25,50
6302870205,一般国道２８７号,中時庭線,一般国道２８７号,6209,0,0.9,山形県長井市舘町北,7290,山形県長井市舘町北,7434,14724,1.26,0.89,34.6,28,12.25,50
6302870210,一般国道２８７号,一般国道２８７号,長井飯豊線,6209,0,1.7,山形県長井市舘町北,7290,山形県長井市舘町北,7434,14724,1.26,0.89,34.4,26.9,12.25,50
6302870220,一般国道２８７号,長井飯豊線,長井大江線,6209,0,0.8,山形県長井市舘町北,7290,山形県長井市舘町北,7434,14724,1.26,0.99,18.9,24.4,16,40
6302870230,一般国道２８７号,長井大江線,長井停車場線,6209,0,0.5,山形県長井市舘町北,7290,山形県長井市舘町北,7434,14724,1.26,0.99,29.6,26.4,16,40
6302870240,一般国道２８７号,長井停車場線,寺泉舟場線,6209,0,0.6,山形県長井市舘町北,7290,山形県長井市舘町北,7434,14724,1.26,0.96,26.9,20.8,16,50
6302870244,一般国道２８７号,寺泉舟場線,,6209,0,1.5,山形県長井市舘町北,7290,山形県長井市舘町北,7434,14724,1.26,0.96,35,45.3,16,50
6302870600,一般国道２８７号,,,6209,0,1.5,山形県長井市舘町北,7290,山形県長井市舘町北,7434,14724,1.26,0.8,56.6,56.1,17.5,60
6302870250,一般国道２８７号,,長井市・白鷹町境,6209,0,0.9,山形県西置賜郡白鷹町大字畔藤,6679,山形県西置賜郡白鷹町大字畔藤,6116,12795,1.25,0.91,58.9,57.5,16.5,60
6302870260,一般国道２８７号,長井市・白鷹町境,高玉広野線,6402,0,2.2,山形県西置賜郡白鷹町大字畔藤,6679,山形県西置賜郡白鷹町大字畔藤,6116,12795,1.25,1.01,54.6,52.8,16.5,40
6302870270,一般国道２８７号,高玉広野線,米沢南陽白鷹線,6402,0,2.3,山形県西置賜郡白鷹町大字畔藤,6679,山形県西置賜郡白鷹町大字畔藤,6116,12795,1.25,1.01,49.5,50.7,16.5,40
6302870280,一般国道２８７号,米沢南陽白鷹線,一般国道３４８号,6402,0,1.6,山形県西置賜郡白鷹町大字畔藤,6679,山形県西置賜郡白鷹町大字畔藤,6116,12795,1.25,1.01,32.6,31,16.5,40
6302870290,一般国道２８７号,一般国道３４８号,長井白鷹線,6402,0,0.3,山形県西置賜郡白鷹町大字下山,1994,山形県西置賜郡白鷹町大字下山,1798,3792,1.21,0.39,19.4,26,20,40
6302870300,一般国道２８７号,長井白鷹線,荒砥停車場線,6402,0,0.7,山形県西置賜郡白鷹町大字下山,1994,山形県西置賜郡白鷹町大字下山,1798,3792,1.21,0.39,31.6,37.1,20,40
6302870310,一般国道２８７号,荒砥停車場線,深山下山線,6402,0,1.7,山形県西置賜郡白鷹町大字下山,1994,山形県西置賜郡白鷹町大字下山,1798,3792,1.21,0.39,49.8,51,20,40
6302870320,一般国道２８７号,深山下山線,長井大江線,6402,0,4.8,山形県西置賜郡白鷹町大字下山,1994,山形県西置賜郡白鷹町大字下山,1798,3792,1.21,0.42,53.6,34.1,12.7,50
6302870330,一般国道２８７号,長井大江線,長井大江線,6402,0,1.1,山形県西置賜郡白鷹町大字下山,1994,山形県西置賜郡白鷹町大字下山,1798,3792,1.21,0.42,25.9,46.9,12.7,50
6302870340,一般国道２８７号,長井大江線,白鷹町・朝日町境,6402,0,0.4,西村山郡朝日町大字宮宿,2170,西村山郡朝日町大字宮宿,2122,4292,1.21,0.41,51.6,30.6,12.7,50
6302870350,一般国道２８７号,白鷹町・朝日町境,宮宿浮島線,6323,0,8.1,西村山郡朝日町大字宮宿,2170,西村山郡朝日町大字宮宿,2122,4292,1.21,0.49,43.3,44.6,13,50
6302870360,一般国道２８７号,宮宿浮島線,山形朝日線,6323,0,0.8,西村山郡朝日町大字和合字北又,4530,西村山郡朝日町大字和合字北又,4658,9188,1.23,0.84,35.6,41.7,13,50
6302870370,一般国道２８７号,山形朝日線,左沢浮島線,6323,0,4.5,西村山郡朝日町大字和合字北又,4530,西村山郡朝日町大字和合字北又,4658,9188,1.23,0.7,55.5,56.5,16.5,50
6302870380,一般国道２８７号,左沢浮島線,朝日町・大江町境,6323,0,1.6,西村山郡大江町大字藤田字藤田原,5690,西村山郡大江町大字藤田字藤田原,5459,11149,1.24,0.9,56.4,57.4,16.5,50
6302870390,一般国道２８７号,朝日町・大江町境,左沢浮島線,6324,0,1.7,西村山郡大江町大字藤田字藤田原,5690,西村山郡大江町大字藤田字藤田原,5459,11149,1.24,0.94,50.3,50.2,16.5,50
6302870400,一般国道２８７号,左沢浮島線,大江町・寒河江市境,6324,0,0.7,西村山郡大江町大字藤田字藤田原,5690,西村山郡大江町大字藤田字藤田原,5459,11149,1.24,0.94,26.6,28,16.5,50
6302870410,一般国道２８７号,大江町・寒河江市境,一般国道４５８号,6206,0,0.8,西村山郡大江町大字藤田字藤田原,5690,西村山郡大江町大字藤田字藤田原,5459,11149,1.24,0.96,41.7,28.6,15.5,50
6302870420,一般国道２８７号,一般国道４５８号,天童寒河江線,6206,0,0.6,寒河江市大字慈恩寺字醍醐,6000,寒河江市大字慈恩寺字醍醐,5874,11874,1.24,1.1,27.5,30.8,16.5,50
6302870430,一般国道２８７号,天童寒河江線,天童大江線,6206,0,1.5,寒河江市大字慈恩寺字醍醐,6000,寒河江市大字慈恩寺字醍醐,5874,11874,1.24,1.1,42.1,45,16.5,50
6302870440,一般国道２８７号,天童大江線,一般国道１１２号,6206,0,2.2,寒河江市大字慈恩寺字醍醐,6000,寒河江市大字慈恩寺字醍醐,5874,11874,1.24,1.1,38.7,41.4,16.5,50
6302870450,一般国道２８７号,一般国道１１２号,日和田河原線,6206,0,1.3,寒河江市大字慈恩寺字醍醐,6000,寒河江市大字慈恩寺字醍醐,5874,11874,1.24,1.1,46.9,49.4,16.5,50
6302870460,一般国道２８７号,日和田河原線,日和田松川線,6206,0,0.5,西村山郡河北町大字西里字白山堂,5340,西村山郡河北町大字西里字白山堂,5379,10719,1.24,0.92,47.5,52,16.5,50
6302870470,一般国道２８７号,日和田松川線,寒河江市・河北町境,6206,0,0.4,西村山郡河北町大字西里字白山堂,5340,西村山郡河北町大字西里字白山堂,5379,10719,1.24,0.92,56.3,56.1,16.5,50
6302870480,一般国道２８７号,寒河江市・河北町境,湯野沢寒河江線,6321,0,1.8,西村山郡河北町大字西里字白山堂,5340,西村山郡河北町大字西里字白山堂,5379,10719,1.24,1.01,49.2,48.2,16,50
6302870490,一般国道２８７号,湯野沢寒河江線,天童河北線,6321,0,0.4,西村山郡河北町大字西里字白山堂,5340,西村山郡河北町大字西里字白山堂,5379,10719,1.24,1.01,34.2,31.1,16,50
6302870500,一般国道２８７号,天童河北線,一般国道３４７号,6321,0,1.4,西村山郡河北町大字西里字白山堂,5340,西村山郡河北町大字西里字白山堂,5379,10719,1.24,1.01,42.3,41.1,16,50
6302870510,一般国道２８７号,一般国道３４７号,皿沼河北線,6321,0,0.4,西村山郡河北町谷地字真木,9181,西村山郡河北町谷地字真木,9145,18326,1.27,1.46,19.7,18.2,16,50
6302870520,一般国道２８７号,皿沼河北線,,6321,0,0.7,西村山郡河北町谷地字真木,9181,西村山郡河北町谷地字真木,9145,18326,1.27,1.41,21.8,27.8,16,50
6302870523,一般国道２８７号,,皿沼河北線,6321,0,0.1,西村山郡河北町谷地字真木,9181,西村山郡河北町谷地字真木,9145,18326,1.27,1.41,26.4,25.9,16,50
6302870525,一般国道２８７号,皿沼河北線,天童河北線,6321,0,0.5,西村山郡河北町谷地字真木,9181,西村山郡河北町谷地字真木,9145,18326,1.27,1.41,24.4,34.4,16,50
6302870530,一般国道２８７号,天童河北線,,6321,0,0.2,西村山郡河北町谷地字真木,9181,西村山郡河北町谷地字真木,9145,18326,1.27,1.41,23.6,35.3,16,50
6302870540,一般国道２８７号,,町道（旧天童河北線）,6321,0,0.5,西村山郡河北町谷地字真木,9181,西村山郡河北町谷地字真木,9145,18326,1.27,1.41,33.9,47.2,16,50
6302870550,一般国道２８７号,町道（旧天童河北線）,天童河北線,6321,0,0.2,西村山郡河北町谷地字真木,9181,西村山郡河北町谷地字真木,9145,18326,1.27,1.41,32.4,31.8,16,50
6302870560,一般国道２８７号,天童河北線,東北中央自動車道,6211,0,1,東根市大字羽入字角地,7523,東根市大字羽入字角地,7927,15450,1.25,1.34,33.9,45.1,15.5,60
6302870570,一般国道２８７号,東北中央自動車道,山形羽入線,6211,0,1.2,東根市大字羽入字角地,7523,東根市大字羽入字角地,7927,15450,1.25,1.34,37.1,24.8,15.5,60
6302870580,一般国道２８７号,山形羽入線,長瀞野田線,6211,0,2,東根市大字郡山字ク子カラミ,7151,東根市大字郡山字ク子カラミ,7800,14951,1.25,1.25,35.6,37.6,14.5,60
6302870590,一般国道２８７号,長瀞野田線,一般国道１３号,6211,0,0.9,東根市大字郡山字ク子カラミ,7151,東根市大字郡山字ク子カラミ,7800,14951,1.25,1.25,32.4,16.8,14.5,60
6301210520,一般国道２８７号（米沢北バイパス）,一般国道１２１号,広幡窪田線,6202,0,0.5,米沢市窪田町小瀬,2214,米沢市窪田町小瀬,2365,4579,1.21,0.46,28,48.2,11.5,50
6302870640,一般国道２８７号,一般国道１１３号,,6209,0,0.6,,9246,,9207,18453,1.26,1.41,28.2,28.2,11,50
6302870650,一般国道２８７号,,,6209,0,0.9,,9246,,9207,18453,1.26,1.41,44.1,44.5,11,50
6302870700,一般国道２８７号,,一般国道２８７号,6209,0,0.6,,9246,,9207,18453,1.26,1.41,58.9,60.1,11,50
6303440010,一般国道３４４号,一般国道１３号,金山町・真室川町境,6361,0,4.5,最上郡真室川町大字平岡字平岡,1504,最上郡真室川町大字平岡字平岡,1608,3112,1.23,0.31,46.6,48.4,11,50
6303440020,一般国道３４４号,金山町・真室川町境,仁田山平岡線,6364,0,0.2,最上郡真室川町大字平岡字平岡,1504,最上郡真室川町大字平岡字平岡,1608,3112,1.23,0.26,57.9,61.8,11,50
6303440030,一般国道３４４号,仁田山平岡線,平岡日当線,6364,0,1.2,最上郡真室川町大字平岡字平岡,1504,最上郡真室川町大字平岡字平岡,1608,3112,1.23,0.26,60.1,62.4,11,50
6303440040,一般国道３４４号,平岡日当線,真室川鮭川線,6364,0,2.6,最上郡真室川町大字平岡字平岡,1504,最上郡真室川町大字平岡字平岡,1608,3112,1.23,0.26,47.3,48.3,11,50
6303440050,一般国道３４４号,真室川鮭川線,真室川鮭川線,6364,0,0.3,最上郡真室川町大字大沢字以上沢,1570,最上郡真室川町大字大沢字以上沢,1563,3133,1.22,0.39,18.5,17.5,11,50
6303440059,一般国道３４４号,真室川鮭川線,,6364,0,1.2,最上郡真室川町大字大沢字以上沢,1570,最上郡真室川町大字大沢字以上沢,1563,3133,1.22,0.39,40.5,40.6,11,50
6303440190,一般国道３４４号,,蟻喰羽前豊里停車場線,6364,0,1.7,最上郡真室川町大字大沢字以上沢,1570,最上郡真室川町大字大沢字以上沢,1563,3133,1.22,0.38,40.5,40.6,14.2,50
6303440070,一般国道３４４号,蟻喰羽前豊里停車場線,砂子沢小又釜渕線,6364,0,2.9,最上郡真室川町大字大沢字以上沢,1570,最上郡真室川町大字大沢字以上沢,1563,3133,1.22,0.37,52.5,53.5,15.5,50
6303440080,一般国道３４４号,砂子沢小又釜渕線,真室川町・酒田市境,6364,0,14.1,最上郡真室川町大字差首鍋字西川,584,最上郡真室川町大字差首鍋字西川,568,1152,1.17,0.16,43.7,47.3,11,50
6303440090,一般国道３４４号,真室川町・酒田市境,鳥海公園青沢線,6204,0,10.5,最上郡真室川町大字差首鍋字西川,584,最上郡真室川町大字差首鍋字西川,568,1152,1.17,0.16,51.3,55.3,8.5,60
6303440100,一般国道３４４号,鳥海公園青沢線,升田観音寺線,6204,0,8.5,酒田市常禅寺字西田,928,酒田市常禅寺字西田,965,1893,1.22,0.2,49.9,53.5,16,50
6303440110,一般国道３４４号,升田観音寺線,一般国道３４５号,6204,0,0.3,酒田市常禅寺字西田,928,酒田市常禅寺字西田,965,1893,1.22,0.2,26.2,23.6,16,50
6303440120,一般国道３４４号,一般国道３４５号,一般国道３４５号,6204,0,0.6,酒田市小泉字前田,4403,酒田市小泉字前田,4495,8898,1.23,0.88,27.2,30.2,12,40
6303440130,一般国道３４４号,一般国道３４５号,酒田八幡線,6204,0,1.1,酒田市上野曽根字郷野目端,3516,酒田市上野曽根字郷野目端,3666,7182,1.23,0.66,32.5,37.1,16.5,60
6303440140,一般国道３４４号,酒田八幡線,安田砂越停車場線,6204,0,4,酒田市上野曽根字郷野目端,3516,酒田市上野曽根字郷野目端,3666,7182,1.23,0.66,43.8,44.3,16.5,60
6303440150,一般国道３４４号,安田砂越停車場線,酒田遊佐線,6204,0,0.1,酒田市上野曽根字郷野目端,3516,酒田市上野曽根字郷野目端,3666,7182,1.23,0.66,29,23.7,16.5,60
6303440160,一般国道３４４号,酒田遊佐線,酒田遊佐線,6204,0,0.5,酒田市上野曽根字郷野目端,3516,酒田市上野曽根字郷野目端,3666,7182,1.23,0.66,35.3,39.8,16.5,60
6303440170,一般国道３４４号,酒田遊佐線,一般国道７号,6204,0,2.5,酒田市上野曽根字郷野目端,3516,酒田市上野曽根字郷野目端,3666,7182,1.23,0.66,41.6,31.3,16.5,60
6303450010,一般国道３４５号,一般国道７号,山北関川線,6203,0,14.3,鶴岡市鼠ヶ関字橋掛,274,鶴岡市鼠ヶ関字橋掛,285,559,1.12,0.09,45.9,37.6,7,60
6303450020,一般国道３４５号,山北関川線,温海川木野俣大岩川線,6203,0,6.1,鶴岡市鼠ヶ関字橋掛,274,鶴岡市鼠ヶ関字橋掛,285,559,1.12,0.09,26.2,32.4,7,60
6303450030,一般国道３４５号,温海川木野俣大岩川線,余目温海線,6203,0,4.2,鶴岡市温海川字越沢,372,鶴岡市温海川字越沢,394,766,1.17,0.13,48.1,50.5,9.8,60
6303450040,一般国道３４５号,余目温海線,菅野代堅苔沢線,6203,0,4.8,鶴岡市温海川字越沢,372,鶴岡市温海川字越沢,394,766,1.17,0.13,58.6,63.8,9.8,60
6303450050,一般国道３４５号,菅野代堅苔沢線,湯田川羽前水沢停車場線,6203,0,8.1,鶴岡市坂野下,490,鶴岡市坂野下,506,996,1.19,0.16,55.9,57.2,10,40
6303450060,一般国道３４５号,湯田川羽前水沢停車場線,湯田川大山線,6203,0,2.2,鶴岡市藤沢字東側,1272,鶴岡市藤沢字東側,1496,2768,1.22,0.3,55.5,53.6,16,40
6303450070,一般国道３４５号,湯田川大山線,鶴岡村上線,6203,0,5.2,鶴岡市藤沢字東側,1272,鶴岡市藤沢字東側,1496,2768,1.22,0.3,44.8,40.8,16,40
6303450080,一般国道３４５号,鶴岡村上線,たらのき代鶴岡線,6203,0,1.6,鶴岡市藤沢字東側,1272,鶴岡市藤沢字東側,1496,2768,1.22,0.32,45.3,39.5,9.5,60
6303450090,一般国道３４５号,たらのき代鶴岡線,一般国道１１２号,6203,0,0.4,鶴岡市藤沢字東側,1272,鶴岡市藤沢字東側,1496,2768,1.22,0.32,25,14.6,9.5,60
6303450110,一般国道３４５号,一般国道１１２号,添川上藤島線,6203,0,5.4,鶴岡市藤島字笹花,7167,鶴岡市藤島字笹花,6849,14016,1.25,1.16,37.2,44.5,15.5,60
6303450120,一般国道３４５号,添川上藤島線,余目温海線,6203,0,1.3,鶴岡市藤島字笹花,7167,鶴岡市藤島字笹花,6849,14016,1.25,1.16,42.8,41.1,15.5,60
6303450130,一般国道３４５号,余目温海線,藤島羽黒線,6203,0,0.3,鶴岡市藤島字笹花,7167,鶴岡市藤島字笹花,6849,14016,1.25,1.16,25.8,20.5,15.5,60
6303450140,一般国道３４５号,藤島羽黒線,添津藤島停車場線,6203,0,0.5,鶴岡市藤島字笹花,7167,鶴岡市藤島字笹花,6849,14016,1.25,1.16,22.3,25.6,15.5,60
6303450150,一般国道３４５号,添津藤島停車場線,余目温海線,6203,0,0.9,鶴岡市藤島字笹花,7167,鶴岡市藤島字笹花,6849,14016,1.25,1.16,42.1,40.8,15.5,60
6303450160,一般国道３４５号,余目温海線,中川代川尻余目線,6203,0,2.1,東田川郡庄内町京島字海道端,2510,東田川郡庄内町京島字海道端,2315,4825,1.25,0.56,59,56.4,15.5,60
6303450170,一般国道３４５号,中川代川尻余目線,鶴岡市・庄内町境,6203,0,0.1,東田川郡庄内町京島字海道端,2510,東田川郡庄内町京島字海道端,2315,4825,1.25,0.56,57.8,55.7,15.5,60
6303450180,一般国道３４５号,鶴岡市・庄内町境,中川代川尻余目線,6428,0,0.3,東田川郡庄内町京島字海道端,2510,東田川郡庄内町京島字海道端,2315,4825,1.25,0.55,57.6,55.4,13,60
6303450190,一般国道３４５号,中川代川尻余目線,庄内空港立川線,6428,0,3.3,東田川郡庄内町京島字海道端,2510,東田川郡庄内町京島字海道端,2315,4825,1.25,0.55,57.9,57.3,13,60
6303450200,一般国道３４５号,庄内空港立川線,一般国道４７号,6428,0,0.7,東田川郡庄内町京島字海道端,2510,東田川郡庄内町京島字海道端,2315,4825,1.25,0.55,46.1,29.8,13,60
6303450220,一般国道３４５号,一般国道４７号,庄内町・酒田市境,6428,0,2.1,酒田市竹田,3360,酒田市竹田,3446,6806,1.23,0.72,43.6,58.6,6.5,40
6303450230,一般国道３４５号,庄内町・酒田市境,大沼新田清川停車場線,6204,0,0.2,酒田市竹田,3360,酒田市竹田,3446,6806,1.23,0.59,41.8,33.3,12.5,40
6303450240,一般国道３４５号,大沼新田清川停車場線,海ヶ沢松山線,6204,0,2.8,酒田市竹田,3360,酒田市竹田,3446,6806,1.23,0.59,60.3,62.1,12.5,40
6303450250,一般国道３４５号,海ヶ沢松山線,余目松山線,6204,0,3.4,酒田市竹田,3360,酒田市竹田,3446,6806,1.23,0.59,60.1,60.9,12.5,40
6303450260,一般国道３４５号,余目松山線,酒田市・庄内町境,6204,0,0.3,酒田市竹田,3360,酒田市竹田,3446,6806,1.23,0.59,33.3,41.8,12.5,40
6303450270,一般国道３４５号,酒田市・庄内町境,庄内町・酒田市境,6428,0,0.1,酒田市竹田,3360,酒田市竹田,3446,6806,1.23,0.59,56.2,54.5,12.85,60
6303450280,一般国道３４５号,庄内町・酒田市境,酒田松山線,6204,0,0.9,酒田市竹田,3360,酒田市竹田,3446,6806,1.23,0.59,58.4,58.7,12.85,60
6303450290,一般国道３４５号,酒田松山線,,6204,0,2.1,酒田市竹田,3360,酒田市竹田,3446,6806,1.23,0.59,45.1,50.7,15.5,60
6303450299,一般国道３４５号,,酒田松山線,6204,0,0.2,酒田市生石字登路田,2022,酒田市生石字登路田,2077,4099,1.21,0.48,22.8,29.2,15.5,60
6303450300,一般国道３４５号,酒田松山線,砂越停車場山楯線,6204,0,1.5,酒田市生石字登路田,2022,酒田市生石字登路田,2077,4099,1.21,0.48,51.2,54.2,15.5,60
6303450310,一般国道３４５号,砂越停車場山楯線,生石酒田停車場線,6204,0,2.3,酒田市生石字登路田,2022,酒田市生石字登路田,2077,4099,1.21,0.48,58.2,59.2,15.5,60
6303450320,一般国道３４５号,生石酒田停車場線,北境曙線,6204,0,1.9,酒田市生石字登路田,2022,酒田市生石字登路田,2077,4099,1.21,0.48,58.8,59.4,15.5,60
6303450330,一般国道３４５号,北境曙線,一般国道３４４号,6204,0,2.9,酒田市生石字登路田,2022,酒田市生石字登路田,2077,4099,1.21,0.48,51.8,49.2,15.5,60
6303450350,一般国道３４５号,一般国道３４４号,酒田市・遊佐町境,6204,0,2,飽海郡遊佐町庄泉字後藤寺田,1915,飽海郡遊佐町庄泉字後藤寺田,1616,3531,1.21,0.42,47.5,49.9,13.5,50
6303450360,一般国道３４５号,酒田市・遊佐町境,杉沢南鳥海停車場線,6461,0,1,飽海郡遊佐町庄泉字後藤寺田,1915,飽海郡遊佐町庄泉字後藤寺田,1616,3531,1.21,0.34,51.1,53.3,12.5,50
6303450370,一般国道３４５号,杉沢南鳥海停車場線,杉沢南鳥海停車場線,6461,0,0.3,飽海郡遊佐町庄泉字後藤寺田,1915,飽海郡遊佐町庄泉字後藤寺田,1616,3531,1.21,0.34,37.7,40.8,12.5,50
6303450380,一般国道３４５号,杉沢南鳥海停車場線,一般国道３４５号,6461,0,1.4,飽海郡遊佐町庄泉字後藤寺田,1915,飽海郡遊佐町庄泉字後藤寺田,1616,3531,1.21,0.34,53.1,52.5,12.5,50
6303450390,一般国道３４５号,一般国道３４５号,遊佐停車場藤崎線,6461,0,0.8,飽海郡遊佐町庄泉字後藤寺田,1915,飽海郡遊佐町庄泉字後藤寺田,1616,3531,1.21,0.53,26,28,13.25,60
6303450400,一般国道３４５号,遊佐停車場藤崎線,酒田遊佐線,6461,0,0.6,飽海郡遊佐町庄泉字後藤寺田,1915,飽海郡遊佐町庄泉字後藤寺田,1616,3531,1.21,0.53,30.5,29.4,13.25,60
6303450410,一般国道３４５号,酒田遊佐線,十里塚遊佐線,6461,0,1.2,飽海郡遊佐町庄泉字後藤寺田,1915,飽海郡遊佐町庄泉字後藤寺田,1616,3531,1.21,0.4,47.1,49.7,13.75,60
6303450420,一般国道３４５号,十里塚遊佐線,町道,6461,0,2.5,飽海郡遊佐町庄泉字後藤寺田,1915,飽海郡遊佐町庄泉字後藤寺田,1616,3531,1.21,0.4,58.5,61,13.75,60
6303450430,一般国道３４５号,町道,吹浦酒田線,6461,0,2.1,飽海郡遊佐町庄泉字後藤寺田,1915,飽海郡遊佐町庄泉字後藤寺田,1616,3531,1.21,0.4,56.5,57.6,13.75,60
6303450440,一般国道３４５号,吹浦酒田線,一般国道７号,6461,0,1.3,飽海郡遊佐町庄泉字後藤寺田,1915,飽海郡遊佐町庄泉字後藤寺田,1616,3531,1.21,0.4,42.1,41.1,13.75,60
6303450460,一般国道３４５号,一般国道７号,吹浦酒田線,6461,0,0.9,,857,,863,1720,1.2,0.22,32.4,45.8,11,40
6303450470,一般国道３４５号,吹浦酒田線,鳥海公園吹浦線,6461,0,1.2,,857,,863,1720,1.2,0.22,51.1,48.1,11,40
6303450480,一般国道３４５号,鳥海公園吹浦線,一般国道７号,6461,0,3.3,,857,,863,1720,1.2,0.22,55.6,45,11,40
6303450500,一般国道３４５号,一般国道３４５号,酒田遊佐線,6461,0,0.9,,817,,1031,1848,1.2,0.16,28,27.4,15,60
6303450510,一般国道３４５号,酒田遊佐線,遊佐停車場藤崎線,6461,0,0.4,,817,,1031,1848,1.2,0.16,18.1,14.7,15,60
6303450520,一般国道３４５号,遊佐停車場藤崎線,十里塚遊佐線,6461,0,0.3,,817,,1031,1848,1.2,0.18,25.1,23.6,11.5,40
6303450530,一般国道３４５号,十里塚遊佐線,町道,6461,0,1.4,,817,,1031,1848,1.2,0.18,45,37.4,11.5,40
6303470010,一般国道３４７号,一般国道２８７号,寒河江村山線,6321,0,1,西村山郡河北町大字岩木字原ノ内,4907,西村山郡河北町大字岩木字原ノ内,4586,9493,1.23,0.82,22.4,28.9,12,40
6303470020,一般国道３４７号,寒河江村山線,樽石河北線,6321,0,1.7,西村山郡河北町大字岩木字原ノ内,4907,西村山郡河北町大字岩木字原ノ内,4586,9493,1.23,0.82,32.6,33.1,12,40
6303470030,一般国道３４７号,樽石河北線,河北町・村山市境,6321,0,2.5,西村山郡河北町大字岩木字原ノ内,4907,西村山郡河北町大字岩木字原ノ内,4586,9493,1.23,0.82,45.6,47.7,12,40
6303470040,一般国道３４７号,河北町・村山市境,大久保村山停車場線,6208,0,1.4,西村山郡河北町大字岩木字原ノ内,4907,西村山郡河北町大字岩木字原ノ内,4586,9493,1.23,0.81,52.2,49,16.5,60
6303470050,一般国道３４７号,大久保村山停車場線,樽石碁点線,6208,0,2.1,村山市大字長善寺字楯道,3640,村山市大字長善寺字楯道,3385,7025,1.23,0.71,52.4,50.3,12.25,60
6303470060,一般国道３４７号,樽石碁点線,樽石碁点線,6208,0,0.5,村山市大字長善寺字楯道,3640,村山市大字長善寺字楯道,3385,7025,1.23,0.71,38.3,41.1,12.25,60
6303470070,一般国道３４７号,樽石碁点線,東根長島線,6208,0,3.8,村山市大字長善寺字楯道,3640,村山市大字長善寺字楯道,3385,7025,1.23,0.71,52.5,53.5,12.25,60
6303470080,一般国道３４７号,東根長島線,新庄次年子村山線,6208,0,3.2,村山市大字長善寺字楯道,3640,村山市大字長善寺字楯道,3385,7025,1.23,0.71,57.8,55.7,12.25,60
6303470090,一般国道３４７号,新庄次年子村山線,村山市・大石田町境,6208,0,1.8,北村山郡大石田町大字横山字来迎寺,3066,北村山郡大石田町大字横山字来迎寺,3159,6225,1.23,0.67,49.5,50.5,8,60
6303470100,一般国道３４７号,村山市・大石田町境,尾花沢大石田線,6341,0,3.8,北村山郡大石田町大字横山字来迎寺,3066,北村山郡大石田町大字横山字来迎寺,3159,6225,1.23,0.64,55.7,55.7,11.5,60
6303470110,一般国道３４７号,尾花沢大石田線,大石田土生田線,6341,0,0.3,北村山郡大石田町大字横山字来迎寺,3066,北村山郡大石田町大字横山字来迎寺,3159,6225,1.23,0.64,59.8,55,11.5,60
6303470120,一般国道３４７号,大石田土生田線,大石田町・尾花沢市境,6341,0,0.7,北村山郡大石田町大字横山字来迎寺,3066,北村山郡大石田町大字横山字来迎寺,3159,6225,1.23,0.64,57.9,54.9,11.5,60
6303470130,一般国道３４７号,大石田町・尾花沢市境,大石田畑線,6212,0,0.2,北村山郡大石田町大字横山字来迎寺,3066,北村山郡大石田町大字横山字来迎寺,3159,6225,1.23,0.65,34.9,26.8,16.25,60
6303470140,一般国道３４７号,大石田畑線,尾花沢大石田線,6212,0,0.6,北村山郡大石田町大字横山字来迎寺,3066,北村山郡大石田町大字横山字来迎寺,3159,6225,1.23,0.65,32.8,34.2,16.25,60
6303470145,一般国道３４７号,尾花沢大石田線,一般国道１３号（尾花沢新庄道路）,6212,0,1.3,尾花沢市大字尾花沢字赤坂,2726,尾花沢市大字尾花沢字赤坂,2799,5525,1.22,0.52,54.1,51.9,16.25,60
6303470150,一般国道３４７号,一般国道１３号（尾花沢新庄道路）,一般国道１３号,6212,0,0.5,尾花沢市大字尾花沢字赤坂,2726,尾花沢市大字尾花沢字赤坂,2799,5525,1.22,0.59,56.8,56.1,8.5,60
6303470160,一般国道３４７号,一般国道１３号,東根尾花沢線,6212,0,0.5,尾花沢市大字二藤袋字久保,2018,尾花沢市大字二藤袋字久保,2103,4121,1.22,0.42,43.6,37.5,8.5,60
6303470170,一般国道３４７号,東根尾花沢線,尾花沢最上線,6212,0,2.6,尾花沢市大字二藤袋字久保,2018,尾花沢市大字二藤袋字久保,2103,4121,1.22,0.42,52.5,52.1,8.5,60
6303470180,一般国道３４７号,尾花沢最上線,尾花沢関山線,6212,0,5.6,尾花沢市大字二藤袋字久保,2018,尾花沢市大字二藤袋字久保,2103,4121,1.22,0.42,48,44.5,8.5,60
6303470190,一般国道３４７号,尾花沢関山線,一般国道３４７号,6212,0,8.6,尾花沢市大字鶴巻田字上宿,611,尾花沢市大字鶴巻田字上宿,673,1284,1.19,0.16,49.2,47.7,8.5,60
6303480010,一般国道３４８号,一般国道２８７号,山形白鷹線,6402,0,0.4,山形県西置賜郡白鷹町大字滝野,3048,山形県西置賜郡白鷹町大字滝野,3248,6296,1.22,0.66,24.2,28.7,11,60
6303480020,一般国道３４８号,山形白鷹線,山形白鷹線,6402,0,1.3,山形県西置賜郡白鷹町大字滝野,3048,山形県西置賜郡白鷹町大字滝野,3248,6296,1.22,0.66,42,47.1,11,60
6303480030,一般国道３４８号,山形白鷹線,白鷹町・南陽市境,6402,0,7.5,山形県西置賜郡白鷹町大字滝野,3048,山形県西置賜郡白鷹町大字滝野,3248,6296,1.22,0.66,47.4,50.9,11,60
6303480040,一般国道３４８号,白鷹町・南陽市境,山形南陽線,6213,0,2.8,山形県西置賜郡白鷹町大字滝野,3048,山形県西置賜郡白鷹町大字滝野,3248,6296,1.22,0.65,57.4,57.2,9.6,50
6303480050,一般国道３４８号,山形南陽線,南陽市・上山市境,6213,0,0.7,上山市狸森,3658,上山市狸森,3925,7583,1.2,0.91,55.5,56.5,8.5,50
6303480060,一般国道３４８号,南陽市・上山市境,狸森上山線,6207,0,5.4,上山市狸森,3658,上山市狸森,3925,7583,1.2,0.87,56.1,58.7,11.5,50
6303480070,一般国道３４８号,狸森上山線,上山市・山形市境,6207,0,0.6,上山市狸森,3658,上山市狸森,3925,7583,1.2,0.87,59.5,57.9,11.5,50
6303480080,一般国道３４８号,上山市・山形市境,一般国道４５８号,6201,0,3.6,上山市狸森,3658,上山市狸森,3925,7583,1.2,0.79,49.8,47.3,9.5,50
6303480090,一般国道３４８号,一般国道４５８号,蔵王成沢長谷堂線,6201,0,0.4,山形市明石堂,5510,山形市明石堂,6057,11567,1.24,0.99,24,28.9,18,50
6303480100,一般国道３４８号,蔵王成沢長谷堂線,山形上山線,6201,0,2.5,山形市明石堂,5510,山形市明石堂,6057,11567,1.24,0.99,37.5,26,18,50
6303480110,一般国道３４８号,山形上山線,山形白鷹線,6201,0,0.8,山形市南館五丁目,16629,山形市南館五丁目,14997,31626,1.3,0.98,14.7,15.1,20,50
6303480120,一般国道３４８号,山形白鷹線,山形南陽線,6201,0,0.7,山形市南館二丁目,10312,山形市南館二丁目,11433,21745,1.27,0.78,14.9,20.8,20,50
6303480130,一般国道３４８号,山形南陽線,一般国道１１２号,6201,0,1.4,山形市深町一丁目,13259,山形市深町一丁目,13612,26871,1.3,0.9,17,20,20,50
6303990010,一般国道３９９号,一般国道３９９号,米沢高畠線,6381,0,12.2,東置賜郡高畠町大字小郡山,1264,東置賜郡高畠町大字小郡山,1354,2618,1.22,1.76,69.2,69.2,6.75,60
6303990020,一般国道３９９号,米沢高畠線,米沢高畠線,6381,0,0.5,東置賜郡高畠町大字小郡山,1264,東置賜郡高畠町大字小郡山,1354,2618,1.22,0.35,37.2,29.6,16,40
6303990030,一般国道３９９号,米沢高畠線,高畠川西線,6381,0,0.4,東置賜郡高畠町大字小郡山,1264,東置賜郡高畠町大字小郡山,1354,2618,1.22,0.35,24.2,24.4,16,40
6303990040,一般国道３９９号,高畠川西線,一般国道１１３号,6381,0,0.7,東置賜郡高畠町大字小郡山,1264,東置賜郡高畠町大字小郡山,1354,2618,1.22,0.35,26.3,26.7,16,40
6301130230,一般国道３９９号,一般国道１１３号,米沢南陽白鷹線,6213,0,2.2,,5177,,5047,10224,1.25,0.81,29.8,37.7,10.1,50
6301130240,一般国道３９９号,米沢南陽白鷹線,赤湯停車場線,6213,0,3.3,,5522,,5603,11125,1.25,1.09,32.2,32.1,10.1,50
6301130250,一般国道３９９号,赤湯停車場線,南陽川西線（旧一般国道３９９号）,6213,0,1.3,,5522,,5603,11125,1.25,1.27,18.8,21.3,11,40
6301130260,一般国道３９９号,一般国道３９９号,南陽市・高畠町境,6213,0,1.7,,5204,,5422,10626,1.24,0.96,26.6,31.8,12.7,50
6301130270,一般国道３９９号,南陽市・高畠町境,一般国道１３号,6381,0,0.3,,5204,,5422,10626,1.24,0.8,24.8,15.3,18,50
6300130220,一般国道３９９号,南陽川西線,一般国道１３号,6213,0,1.2,,7465,,8722,16187,1.32,1.34,26.4,29.5,15.8,50
6300130230,一般国道３９９号,南陽川西線（旧一般国道３９９号）,南陽川西線,6213,0,0.9,,7465,,8722,16187,1.32,1.34,32.5,26.6,15.8,50
6304580010,一般国道４５８号,一般国道１３号,曲川新庄線,6205,0,0.7,新庄市五日町,4317,新庄市五日町,4351,8668,1.23,0.61,14,20.3,18,40
6304580020,一般国道４５８号,曲川新庄線,曲川新庄線,6205,0,0.1,新庄市五日町,4317,新庄市五日町,4351,8668,1.23,0.61,11.8,18.4,18,40
6304580030,一般国道４５８号,曲川新庄線,泉田新庄線,6205,0,0.2,新庄市五日町,4317,新庄市五日町,4351,8668,1.23,0.95,10.9,12.5,9.5,50
6304580040,一般国道４５８号,泉田新庄線,曲川新庄線,6205,0,0.2,新庄市五日町,4317,新庄市五日町,4351,8668,1.23,0.95,16.5,14.7,9.5,50
6304580050,一般国道４５８号,曲川新庄線,新庄次年子村山線,6205,0,0.3,新庄市十日町字下西山,2476,新庄市十日町字下西山,2319,4795,1.22,0.62,19.1,18.9,9.5,50
6304580060,一般国道４５８号,新庄次年子村山線,新庄市・鮭川村境,6205,0,2.8,新庄市十日町字下西山,2476,新庄市十日町字下西山,2319,4795,1.22,0.62,35.6,35.6,9.5,50
6304580070,一般国道４５８号,新庄市・鮭川村境,真室川鮭川線,6366,0,5.1,新庄市十日町字下西山,2476,新庄市十日町字下西山,2319,4795,1.22,0.45,47.7,43.2,7,50
6304580080,一般国道４５８号,真室川鮭川線,神田川口線,6366,0,1.1,新庄市大字枡形字堂ノ沢,1525,新庄市大字桝形字堂ノ沢,1606,3131,1.22,0.42,35.4,37,10,40
6304580090,一般国道４５８号,神田川口線,鮭川村・新庄市境,6366,0,2.7,新庄市大字枡形字堂ノ沢,1525,新庄市大字桝形字堂ノ沢,1606,3131,1.22,0.42,48.6,49,10,40
6304580100,一般国道４５８号,鮭川村・新庄市境,新庄戸沢線,6205,0,2.1,新庄市大字枡形字堂ノ沢,1525,新庄市大字桝形字堂ノ沢,1606,3131,1.22,0.52,52.7,46.6,12,50
6304580105,一般国道４５８号,新庄戸沢線,一般国道４７号（新庄古口道路）,6205,0,0.9,新庄市大字枡形字堂ノ沢,1525,新庄市大字桝形字堂ノ沢,1606,3131,1.22,0.52,32.4,37.3,12,50
6304580110,一般国道４５８号,一般国道４７号（新庄古口道路）,一般国道４７号,6205,0,0.5,新庄市大字枡形字堂ノ沢,1525,新庄市大字桝形字堂ノ沢,1606,3131,1.22,0.52,44.1,28.6,12,50
6304580130,一般国道４５８号,一般国道４７号,,6205,0,0.3,,698,,650,1348,1.2,0.19,18.8,29.4,9,40
6304580140,一般国道４５８号,,新庄市・大蔵村境,6205,0,0.8,,698,,650,1348,1.2,0.19,42.1,37.8,9,40
6304580150,一般国道４５８号,新庄市・大蔵村境,,6365,0,1.4,,698,,650,1348,1.2,0.16,45.7,38.8,10,40
6304580160,一般国道４５８号,,舟形大蔵線,6365,0,0.8,,698,,650,1348,1.2,0.14,46.3,44.6,17.5,40
6304580170,一般国道４５８号,舟形大蔵線,一般国道４５８号,6365,0,0.8,,698,,650,1348,1.2,0.14,35.6,32,17.5,40
6304580180,一般国道４５８号,一般国道４５８号,大石田畑線,6365,0,0.7,最上郡大蔵村大字清水字白須賀,1425,最上郡大蔵村大字清水字白須賀,1313,2738,1.22,0.31,19.5,21.3,17.5,40
6304580185,一般国道４５８号,大石田畑線,一般国道４５８号,6365,0,1,最上郡大蔵村大字清水字白須賀,1425,最上郡大蔵村大字清水字白須賀,1313,2738,1.22,0.31,38.6,36.8,17.5,40
6304580190,一般国道４５８号,一般国道４５８号,福寿野熊高線,6365,0,1.1,最上郡大蔵村大字清水字白須賀,1425,最上郡大蔵村大字清水字白須賀,1313,2738,1.22,0.31,43.2,47,17.5,40
6304580200,一般国道４５８号,福寿野熊高線,片倉塩線,6365,0,1.6,最上郡大蔵村大字清水字白須賀,1425,最上郡大蔵村大字清水字白須賀,1313,2738,1.22,0.31,48.8,49.2,17.5,40
6304580210,一般国道４５８号,片倉塩線,戸沢大蔵線,6365,0,10.2,最上郡大蔵村大字清水字白須賀,1425,最上郡大蔵村大字清水字白須賀,1313,2738,1.22,0.29,47.3,45,8.3,60
6304580220,一般国道４５８号,戸沢大蔵線,大蔵村・寒河江市境,6365,0,18.2,,265,,261,526,1.12,2.27,33.6,45,4,60
6304580230,一般国道４５８号,大蔵村・寒河江市境,一般国道１１２号,6206,0,17.5,,265,,261,526,1.12,2.27,33.6,33.6,6,40
6304580250,一般国道４５８号,一般国道１１２号,寒河江市・西川町境,6206,0,0.6,西村山郡大江町大字左沢字弁財天,1165,西村山郡大江町大字左沢字弁財天,1253,2418,1.22,0.28,38,46.2,12.5,40
6304580260,一般国道４５８号,寒河江市・西川町境,寒河江西川線,6322,0,0.1,西村山郡大江町大字左沢字弁財天,1165,西村山郡大江町大字左沢字弁財天,1253,2418,1.22,0.28,32.2,17.1,12,40
6304580270,一般国道４５８号,寒河江西川線,西川町・寒河江市境,6322,0,0.4,西村山郡大江町大字左沢字弁財天,1165,西村山郡大江町大字左沢字弁財天,1253,2418,1.22,0.28,39.6,41.7,12,40
6304580280,一般国道４５８号,西川町・寒河江市境,寒河江市・大江町境,6206,0,1.4,西村山郡大江町大字左沢字弁財天,1165,西村山郡大江町大字左沢字弁財天,1253,2418,1.22,0.26,56.9,54.9,11,40
6304580290,一般国道４５８号,寒河江市・大江町境,大江西川線,6324,0,2.4,西村山郡大江町大字左沢字弁財天,1165,西村山郡大江町大字左沢字弁財天,1253,2418,1.22,0.28,50.9,48.4,11,40
6304580300,一般国道４５８号,大江西川線,天童大江線,6324,0,0.3,寒河江市大字中郷字角田,3616,寒河江市大字中郷字角田,4036,7652,1.23,0.63,28.9,21.3,18.5,40
6304580310,一般国道４５８号,天童大江線,,6324,0,0.2,寒河江市大字中郷字角田,3616,寒河江市大字中郷字角田,4036,7652,1.23,0.63,16,19.4,18.5,40
6304580320,一般国道４５８号,,大江町・寒河江市境,6324,0,0.2,寒河江市大字中郷字角田,3616,寒河江市大字中郷字角田,4036,7652,1.23,0.63,32,41.9,18.5,40
6304580330,一般国道４５８号,大江町・寒河江市境,一般国道２８７号,6206,0,0.8,寒河江市大字中郷字角田,3616,寒河江市大字中郷字角田,4036,7652,1.23,0.53,36.9,31.7,18.5,40
6304580340,一般国道４５８号,一般国道２８７号,中山三郷寒河江線,6206,0,0.9,寒河江市大字平塩字中ノ目,6160,寒河江市大字平塩字中ノ目,5122,11282,1.24,1.07,36.5,47.1,13,50
6304580350,一般国道４５８号,中山三郷寒河江線,中山三郷寒河江線,6206,0,1,寒河江市大字平塩字中ノ目,6160,寒河江市大字平塩字中ノ目,5122,11282,1.24,0.98,54.5,54.3,9,50
6304580360,一般国道４５８号,中山三郷寒河江線,市道（寒河江スマートＩＣ）,6206,0,1.1,寒河江市大字平塩字中ノ目,6160,寒河江市大字平塩字中ノ目,5122,11282,1.24,0.98,54,53.7,9,50
6304580370,一般国道４５８号,市道（寒河江スマートＩＣ）,寒河江西川線,6206,0,1.2,寒河江市大字平塩字中ノ目,6160,寒河江市大字平塩字中ノ目,5122,11282,1.24,0.98,47.1,46.8,9,50
6304580380,一般国道４５８号,寒河江西川線,寒河江市・中山町境,6206,0,0.3,東村山郡山辺町大字大寺,1566,東村山郡山辺町大字大寺,1679,3245,1.23,13.74,38.6,34.6,5,40
6304580390,一般国道４５８号,寒河江市・中山町境,中山町・山辺町境,6302,0,4.4,東村山郡山辺町大字大寺,1566,東村山郡山辺町大字大寺,1679,3245,1.23,3.43,22.2,27.9,5.5,40
6304580400,一般国道４５８号,中山町・山辺町境,山形朝日線,6301,0,1.2,東村山郡山辺町大字大寺,1566,東村山郡山辺町大字大寺,1679,3245,1.23,0.44,37,35.7,10.5,40
6304580410,一般国道４５８号,山形朝日線,山辺中山線,6301,0,0.7,東村山郡山辺町大字山辺,4075,東村山郡山辺町大字山辺,4820,8895,1.23,1.05,18.4,27.7,12,60
6304580420,一般国道４５８号,山辺中山線,羽前山辺停車場線,6301,0,0.9,東村山郡山辺町大字山辺,4075,東村山郡山辺町大字山辺,4820,8895,1.23,1.05,34.7,28.2,12,60
6304580800,一般国道４５８号,羽前山辺停車場線,山形山辺線（旧山形朝日線）,6301,0,0.2,東村山郡山辺町大字山辺,4075,東村山郡山辺町大字山辺,4820,8895,1.23,1.03,13.1,24.2,16,60
6304580810,一般国道４５８号,山形山辺線（旧山形朝日線）,山形朝日線,6301,0,0.3,山形市大字村木沢,6439,山形市大字村木沢,6669,13108,1.25,1.49,20.8,22.4,16,60
6304580660,一般国道４５８号,山形朝日線,町道（旧一般国道４５８号）,6301,0,0.6,山形市大字村木沢,6439,山形市大字村木沢,6669,13108,1.25,1.49,25.5,36.4,16,60
6304580450,一般国道４５８号,町道（旧一般国道４５８号）,山辺町・山形市境,6301,0,1.4,山形市大字村木沢,6439,山形市大字村木沢,6669,13108,1.25,1.33,34.8,32.8,10.85,50
6304580460,一般国道４５８号,山辺町・山形市境,下原山形停車場線,6201,0,1.2,山形市大字村木沢,6439,山形市大字村木沢,6669,13108,1.25,1.32,39.4,30,10.5,60
6304580470,一般国道４５８号,下原山形停車場線,下原山形停車場線,6201,0,0.2,山形市大字村木沢,6439,山形市大字村木沢,6669,13108,1.25,1.32,26.9,16.5,10.5,60
6304580480,一般国道４５８号,下原山形停車場線,山形白鷹線,6201,0,2.7,山形市大字村木沢,6439,山形市大字村木沢,6669,13108,1.25,1.32,40.1,36.8,10.5,60
6304580490,一般国道４５８号,山形白鷹線,一般国道３４８号,6201,0,2.6,山形市大字柏倉,5410,山形市大字柏倉,5512,10922,1.23,1.05,39.5,34.3,10.5,50
6304580500,一般国道４５８号,一般国道３４８号,山形市・上山市境,6201,0,2.9,上山市久保手,2135,上山市久保手,2187,4322,1.22,0.51,39.8,42.1,14,40
6304580510,一般国道４５８号,山形市・上山市境,上山市・山形市境,6207,0,0.4,上山市久保手,2135,上山市久保手,2187,4322,1.22,0.52,62,58.6,12,40
6304580520,一般国道４５８号,上山市・山形市境,山形市・上山市境,6201,0,0.2,上山市久保手,2135,上山市久保手,2187,4322,1.22,0.5,57.3,54.9,17.5,40
6304580529,一般国道４５８号,山形市・上山市境,市道（旧一般国道４５８号）,6207,0,1.5,上山市久保手,2135,上山市久保手,2187,4322,1.22,0.53,50.1,49.8,12,60
6304580640,一般国道４５８号,市道（旧一般国道４５８号）,山形上山線,6207,0,1.5,上山市久保手,2135,上山市久保手,2187,4322,1.22,0.57,38.7,27.3,16,60
6304580540,一般国道４５８号,山形上山線,狸森上山線,6207,0,1.1,上山市軽井沢一丁目,8444,上山市軽井沢一丁目,8802,17246,1.26,1.17,29.6,34.8,16,60
6304580550,一般国道４５８号,狸森上山線,狸森上山線,6207,0,0.1,上山市軽井沢一丁目,8444,上山市軽井沢一丁目,8802,17246,1.26,1.17,27.7,25.8,16,60
6304580560,一般国道４５８号,狸森上山線,萱平河崎線,6207,0,0.9,上山市軽井沢一丁目,8444,上山市軽井沢一丁目,8802,17246,1.26,1.17,34.4,33.4,16,60
6304580570,一般国道４５８号,萱平河崎線,市道（石曽根川口線）,6207,0,2.2,上山市軽井沢一丁目,8444,上山市軽井沢一丁目,8802,17246,1.26,1.17,36.8,37.6,16,60
6304580580,一般国道４５８号,市道（石曽根川口線）,東北中央自動車道,6207,0,0.7,,7835,,7901,15736,1.25,1.25,38.7,35.2,16,60
6304580240,一般国道４５８号,一般国道４５８号,一般国道４５８号,6365,0,0.8,,,,,,,,9.1,16.5,16,60
6114500200,東北中央自動車道,東北中央自動車道,一般国道１３号,6202,1,11,米沢市万世町刈安,4442,米沢市万世町刈安,4215,8657,1.38,1.06,75.8,77.7,12,70
6114500210,東北中央自動車道,一般国道１３号,米沢高畠線,6202,1,3.7,米沢市万世町桑山,3854,米沢市万世町桑山,3685,7539,1.37,0.54,73.1,61.8,13.5,80
6114500220,東北中央自動車道,米沢高畠線,一般国道１２１号,6202,1,5.4,米沢市川井,3810,米沢市川井,3631,7441,1.34,0.55,37.1,68.3,13.5,80
6114500080,東北中央自動車道,一般国道２８７号,寒河江村山線,6211,1,4.3,東根市大字野田,1750,東根市大字野田,1731,3481,1.17,0.33,82.2,88.8,13.5,80
6300131500,東北中央自動車道,大石田土生田線,村山市・大石田町境,6208,1,0.9,北村山郡大石田町大字今宿,4789,北村山郡大石田町大字今宿,4281,9070,1.16,0.68,56.1,54.6,12,70
6300131510,東北中央自動車道,村山市・大石田町境,大石田町・尾花沢市境,6341,1,2.4,北村山郡大石田町大字今宿,4789,北村山郡大石田町大字今宿,4281,9070,1.16,0.68,72.2,76.2,12,70
6300131520,東北中央自動車道,大石田町・尾花沢市境,一般国道１３号（尾花沢新庄道路）,6212,1,1.9,北村山郡大石田町大字今宿,4789,北村山郡大石田町大字今宿,4281,9070,1.16,0.68,76.9,75,12,70
6400010130,米沢高畠線,,一般国道１３号,6202,0,0.5,,5058,,4379,9437,1.23,0.48,19.8,16.5,31,50
6400010020,米沢高畠線,東北中央自動車道,万世窪田線,6202,0,0.9,米沢市大字川井,3448,米沢市大字川井,3308,6756,1.23,0.52,30.7,26.5,14,40
6400010034,米沢高畠線,万世窪田線,,6202,0,1,米沢市大字川井,3448,米沢市大字川井,3308,6756,1.23,0.52,38.2,34.4,14,40
6400010150,米沢高畠線,,,6202,0,1.4,米沢市大字川井,3448,米沢市大字川井,3308,6756,1.23,0.52,40.5,53.9,14,40
6400010040,米沢高畠線,,米沢市・高畠町境,6202,0,0.2,米沢市大字川井,3448,米沢市大字川井,3308,6756,1.23,0.52,51.9,54.3,14,40
6400010050,米沢高畠線,米沢市・高畠町境,上和田浅川線,6381,0,3.1,米沢市大字川井,3448,米沢市大字川井,3308,6756,1.23,0.62,51.7,49.6,16,40
6400010060,米沢高畠線,上和田浅川線,糠野目亀岡線,6381,0,2.8,東置賜郡高畠町大字元和田,2862,東置賜郡高畠町大字元和田,3536,6398,1.22,1.03,42,41.9,16,40
6400010070,米沢高畠線,糠野目亀岡線,米沢浅川高畠線,6381,0,1.6,東置賜郡高畠町大字元和田,2862,東置賜郡高畠町大字元和田,3536,6398,1.22,1.03,39.2,47.7,16,40
6400010080,米沢高畠線,米沢浅川高畠線,一般国道３９９号,6381,0,1.7,東置賜郡高畠町大字元和田,2862,東置賜郡高畠町大字元和田,3536,6398,1.22,1.03,31.2,27.4,16,40
6400010100,米沢高畠線,一般国道３９９号,高畠川西線,6381,0,0.4,,3662,,3075,6737,1.23,1.25,20.4,19.2,16,40
6400010110,米沢高畠線,高畠川西線,一般国道１１３号,6381,0,0.6,,3662,,3075,6737,1.23,1.25,25.7,21.3,16,40
6400010010,米沢高畠線,米沢環状線,一般国道１３号,6202,0,1.2,米沢市大字川井,3448,米沢市大字川井,3308,6756,1.23,0.52,17.1,19.6,14,40
6400010015,米沢高畠線,一般国道１３号,東北中央自動車道,6202,0,0.5,米沢市大字川井,3448,米沢市大字川井,3308,6756,1.23,0.52,15.2,15,14,40
6400020020,米沢猪苗代線,綱木米沢停車場線（旧板谷米沢停車場線）,南堀端町大町線,6202,0,0.3,米沢市丸の内一丁目,4597,米沢市丸の内一丁目,4399,8996,1.24,0.95,10.2,14.4,8.55,40
6400020030,米沢猪苗代線,南堀端町大町線,米沢環状線,6202,0,0.8,米沢市丸の内一丁目,4597,米沢市丸の内一丁目,4399,8996,1.24,0.95,19.9,15.8,8.55,40
6400020040,米沢猪苗代線,米沢環状線,笹野下矢来線,6202,0,2.5,米沢市泉町二丁目,3662,米沢市泉町二丁目,3736,7398,1.23,0.78,27.2,30.2,8.55,40
6400020050,米沢猪苗代線,笹野下矢来線,関根李山線,6202,0,1.6,,849,,820,1669,1.21,0.22,46.3,47.6,8.55,40
6400020060,米沢猪苗代線,関根李山線,綱木小野川館山線,6202,0,3.9,,849,,820,1669,1.21,0.22,50.7,43.9,8.55,40
6400020070,米沢猪苗代線,綱木小野川館山線,米沢猪苗代線,6202,0,16.4,,313,,349,662,1.16,0.13,40.4,40.9,8.55,40
6400020010,米沢猪苗代線,米沢南陽白鷹線,綱木米沢停車場線（旧板谷米沢停車場線）,6202,0,0.5,,313,,349,662,1.16,0.13,16.6,17.8,8.55,40
6302870020,米沢南陽白鷹線,米沢停車場線（旧一般国道２８７号）,米沢猪苗代線,6202,0,0.6,米沢市中央七丁目,4081,米沢市中央七丁目,3541,7622,1.23,0.65,16.5,17.1,15.5,40
6302870030,米沢南陽白鷹線,米沢猪苗代線,米沢浅川高畠線,6202,0,0.5,米沢市中央七丁目,4081,米沢市中央七丁目,3541,7622,1.23,0.65,17.9,12.1,15.5,40
6302870040,米沢南陽白鷹線,米沢浅川高畠線,米沢浅川高畑線,6202,0,0.7,米沢市中央七丁目,4081,米沢市中央七丁目,3541,7622,1.23,0.65,19.1,21.7,15.5,40
6400030010,米沢南陽白鷹線,米沢浅川高畑線,一般国道１２１号,6202,0,0.4,米沢市塩井町塩野,4320,米沢市塩井町塩野,3773,8093,1.23,0.67,11.3,11.9,12,40
6400030020,米沢南陽白鷹線,一般国道１２１号,広幡窪田線,6202,0,2.3,米沢市塩井町塩野,4320,米沢市塩井町塩野,3773,8093,1.23,0.67,22.5,34.3,12,40
6400030030,米沢南陽白鷹線,広幡窪田線,,6202,0,0.6,米沢市塩井町塩野,4320,米沢市塩井町塩野,3773,8093,1.23,0.67,35.5,35.8,12,40
6400030039,米沢南陽白鷹線,,広幡窪田線,6202,0,0.1,米沢市塩井町塩野,4320,米沢市塩井町塩野,3773,8093,1.23,0.67,46,42.6,12,40
6400030040,米沢南陽白鷹線,広幡窪田線,大塚米沢線,6202,0,0.8,米沢市塩井町塩野,4320,米沢市塩井町塩野,3773,8093,1.23,0.67,49.2,50.7,12,40
6400030050,米沢南陽白鷹線,大塚米沢線,米沢市・川西町境,6202,0,2,東置賜郡川西町大字尾長島,2405,東置賜郡川西町大字尾長島,2129,4534,1.21,0.68,45.2,50.3,12.5,50
6400030060,米沢南陽白鷹線,米沢市・川西町境,玉庭時田糠野目線,6382,0,0.3,東置賜郡川西町大字尾長島,2405,東置賜郡川西町大字尾長島,2129,4534,1.21,0.6,35,23.8,7.7,50
6400030070,米沢南陽白鷹線,玉庭時田糠野目線,高畠川西線,6382,0,3.7,東置賜郡川西町大字尾長島,2405,東置賜郡川西町大字尾長島,2129,4534,1.21,0.6,41.1,43.6,7.7,50
6400030080,米沢南陽白鷹線,高畠川西線,南陽川西線,6382,0,2.9,南陽市長瀞,1941,南陽市長瀞,1750,3691,1.23,0.41,47,44.1,10,50
6400030090,米沢南陽白鷹線,南陽川西線,川西町・南陽市境,6382,0,0.4,南陽市長瀞,1941,南陽市長瀞,1750,3691,1.23,0.41,26.1,38.6,10,50
6400030100,米沢南陽白鷹線,川西町・南陽市境,南陽川西線,6213,0,1.2,南陽市長瀞,1941,南陽市長瀞,1750,3691,1.23,0.4,50.7,49.9,7.7,50
6400030110,米沢南陽白鷹線,南陽川西線,梨郷赤湯停車場線,6213,0,1.6,南陽市長瀞,1941,南陽市長瀞,1750,3691,1.23,0.4,45.2,47.1,7.7,50
6400030120,米沢南陽白鷹線,梨郷赤湯停車場線,梨郷赤湯停車場線,6213,0,0.9,南陽市長瀞,1941,南陽市長瀞,1750,3691,1.23,0.4,42.3,46.2,7.7,50
6400030130,米沢南陽白鷹線,梨郷赤湯停車場線,一般国道１１３号,6213,0,0.5,南陽市長瀞,1941,南陽市長瀞,1750,3691,1.23,0.4,36.9,41.5,7.7,50
6400030140,米沢南陽白鷹線,一般国道１１３号,一般国道３９９号,6213,0,1.5,南陽市長瀞,1941,南陽市長瀞,1750,3691,1.23,0.4,42.8,38.2,7.7,50
6400030150,米沢南陽白鷹線,一般国道３９９号,山形南陽線,6213,0,0.9,南陽市池黒,1036,南陽市池黒,1099,2135,1.22,0.26,24.7,27.3,6.5,30
6400030160,米沢南陽白鷹線,山形南陽線,梨郷宮内線,6213,0,1.2,南陽市池黒,1036,南陽市池黒,1099,2135,1.22,0.26,31.4,30.9,6.5,30
6400030170,米沢南陽白鷹線,梨郷宮内線,南陽市・長井市境,6213,0,7.2,,160,,188,348,1.13,1.29,31.4,30.9,4.4,40
6400030180,米沢南陽白鷹線,南陽市・長井市境,,6209,0,0.8,,244,,259,503,1.12,2.29,,,4,60
6400030190,米沢南陽白鷹線,,,6209,0,1.3,,244,,259,503,1.12,2.29,36.6,36.6,4,60
6400030200,米沢南陽白鷹線,,長井市・白鷹町境,6209,0,2,,244,,259,503,1.12,2.29,,,4,60
6400030230,米沢南陽白鷹線,長井市・白鷹町境,,6402,0,1.9,,244,,259,503,1.12,0.07,,,10,60
6400030210,米沢南陽白鷹線,,一般国道２８７号,6402,0,3.5,,244,,259,503,1.12,0.07,37.5,38.7,10,60
6400040010,米沢飯豊線,一般国道１２１号,米沢市・川西町境,6202,0,0.9,,189,,142,331,1.13,0.06,36.8,37.4,7.5,60
6400040020,米沢飯豊線,米沢市・川西町境,川西小国線,6382,0,6,,189,,142,331,1.13,0.06,43.7,45.5,7.5,60
6400040030,米沢飯豊線,川西小国線,川西町・飯豊町境,6382,0,4.8,,105,,95,200,1.14,1.14,38.2,30.4,5,60
6400040040,米沢飯豊線,川西町・飯豊町境,川西小国線,6403,0,4,,105,,95,200,1.14,0.03,42.5,34.9,8.5,60
6400040050,米沢飯豊線,川西小国線,一般国道１１３号,6403,0,12.7,,890,,914,1804,1.21,0.19,51,52.4,8.5,60
6400050010,山形南陽線,山形白鷹線,一般国道３４８号,6201,0,0.7,山形市上町五丁目,7847,山形市上町五丁目,5653,13500,1.25,1.04,20.6,13.2,16,40
6400050030,山形南陽線,一般国道３４８号,原中川停車場線,6213,0,9.9,,1101,,1102,2203,1.22,0.27,52.9,55.6,10.2,50
6400050070,山形南陽線,原中川停車場線,,6213,0,1.1,南陽市金山,1347,南陽市金山,1352,2699,1.22,0.28,50.7,47.9,15.5,50
6400050040,山形南陽線,,赤湯宮内線,6213,0,3.3,南陽市金山,1347,南陽市金山,1352,2699,1.22,0.28,50.7,47.9,15.5,50
6400050050,山形南陽線,赤湯宮内線,米沢南陽白鷹線,6213,0,0.9,南陽市金山,1347,南陽市金山,1352,2699,1.22,0.36,18.8,19.9,10.8,40
6400060010,米沢停車場線,板谷米沢停車場線,米沢停車場線（旧一般国道２８７号）,6202,0,1.3,米沢市駅前二丁目,3044,米沢市駅前二丁目,3177,6221,1.23,0.67,20.2,19.7,16,40
6302870010,米沢停車場線（旧一般国道２８７号）,綱木米沢停車場線（旧板谷米沢停車場線）,米沢南陽白鷹線,6202,0,0.2,,5006,,5296,10302,1.24,1.29,12.3,15.2,16.2,40
6400070010,高畠川西線,米沢高畠線,一般国道３９９号,6381,0,0.5,,2918,,2959,5877,1.22,0.77,11.9,14.4,12,40
6400070030,高畠川西線,一般国道３９９号,一般国道１３号,6381,0,4,東置賜郡高畠町大字一本柳,2942,東置賜郡高畠町大字一本柳,3181,6123,1.22,0.58,35.4,33.2,10.5,40
6400070040,高畠川西線,一般国道１３号,高畠町・川西町境,6381,0,1,東置賜郡高畠町大字一本柳,2942,東置賜郡高畠町大字一本柳,3181,6123,1.22,0.53,30.5,41.4,12,50
6400070050,高畠川西線,高畠町・川西町境,米沢南陽白鷹線,6382,0,2.4,東置賜郡高畠町大字一本柳,2942,東置賜郡高畠町大字一本柳,3181,6123,1.22,0.56,55.6,54.4,8,50
6400070060,高畠川西線,米沢南陽白鷹線,大塚米沢線,6382,0,2.9,東置賜郡川西町大字小松,2792,東置賜郡川西町大字小松,2734,5526,1.21,0.53,44.8,48.4,8,50
6400070070,高畠川西線,大塚米沢線,一般国道２８７号,6382,0,2,東置賜郡川西町大字小松,2792,東置賜郡川西町大字小松,2734,5526,1.21,0.53,43.7,38.9,8,50
6400080010,川西小国線,一般国道２８７号,椿川西線,6382,0,1.5,東置賜郡川西町大字下小松,2711,東置賜郡川西町大字下小松,2757,5468,1.22,0.53,40.6,37.2,7,40
6400080020,川西小国線,椿川西線,椿川西線,6382,0,1,,517,,511,1028,1.19,0.13,33.6,37.6,7,40
6400080030,川西小国線,椿川西線,玉庭時田糠野目線,6382,0,8.3,,517,,511,1028,1.19,0.13,46,48.3,7,40
6400080040,川西小国線,玉庭時田糠野目線,米沢飯豊線,6382,0,1.8,,517,,511,1028,1.19,0.13,45.1,45.6,7,40
6400080060,川西小国線,米沢飯豊線,岳谷上屋地線,6403,0,6.4,,304,,307,611,1.16,0.08,49.5,50,9,60
6400080070,川西小国線,岳谷上屋地線,飯豊町・小国町境,6403,0,2.2,,304,,307,611,1.16,0.08,30,31.5,6.5,60
6400080080,川西小国線,飯豊町・小国町境,玉川沼沢線,6401,0,10.6,,304,,307,611,1.16,0.07,32.9,43.6,9,60
6400080090,川西小国線,玉川沼沢線,玉川沼沢線,6401,0,1.7,,296,,299,595,1.16,0.06,63.1,53.9,9,60
6400080100,川西小国線,玉川沼沢線,一般国道１１３号,6401,0,7.6,,438,,455,893,1.17,0.11,52.1,41.2,9,60
6400090010,長井大江線,一般国道２８７号,椿長井線,6209,0,0.4,山形県長井市五十川,1711,山形県長井市五十川,1414,3125,1.23,0.35,14.4,13.4,12,30
6400090020,長井大江線,椿長井線,長井停車場線,6209,0,0.5,山形県長井市五十川,1711,山形県長井市五十川,1414,3125,1.23,0.35,23,22.6,12,30
6400090030,長井大江線,長井停車場線,寺泉舟場線,6209,0,0.7,山形県長井市五十川,1711,山形県長井市五十川,1414,3125,1.23,0.35,18.3,17.7,12,30
6400090040,長井大江線,寺泉舟場線,勧進代舟場線,6209,0,3.3,山形県長井市五十川,1711,山形県長井市五十川,1414,3125,1.23,0.35,33.4,33.5,12,30
6400090050,長井大江線,勧進代舟場線,勧進代舟場線,6209,0,0.2,山形県長井市五十川,1711,山形県長井市五十川,1414,3125,1.23,0.35,36.1,33.7,12,30
6400090060,長井大江線,勧進代舟場線,長井市・白鷹町境,6209,0,1.5,山形県長井市五十川,1711,山形県長井市五十川,1414,3125,1.23,0.35,39.5,44.4,12,30
6400090070,長井大江線,長井市・白鷹町境,高玉広野線,6402,0,0.8,山形県長井市五十川,1711,山形県長井市五十川,1414,3125,1.23,0.37,46.9,42.6,6.5,50
6400090080,長井大江線,高玉広野線,長井白鷹線,6402,0,2.7,山形県長井市五十川,1711,山形県長井市五十川,1414,3125,1.23,0.37,37.7,40.6,6.5,50
6400090090,長井大江線,長井白鷹線,黒鴨鮎貝線,6402,0,0.8,,746,,763,1509,1.19,0.17,38.2,40.7,18,40
6400090100,長井大江線,黒鴨鮎貝線,長井白鷹線,6402,0,0.4,,746,,763,1509,1.19,0.17,29.7,38.3,18,40
6400090110,長井大江線,長井白鷹線,深山下山線,6402,0,1.9,,746,,763,1509,1.19,0.15,41.2,47.5,7,60
6400090120,長井大江線,深山下山線,深山下山線,6402,0,0.7,,746,,763,1509,1.19,0.15,40.8,46.5,7,60
6400090130,長井大江線,深山下山線,白鷹町・朝日町境,6402,0,4.7,,746,,763,1509,1.19,0.15,25.6,28.3,7,60
6400090140,長井大江線,白鷹町・朝日町境,朝日町・白鷹町境,6323,0,0.5,,746,,763,1509,1.19,0.14,29.5,15.8,7.5,60
6400090150,長井大江線,朝日町・白鷹町境,一般国道２８７号,6402,0,0.1,,746,,763,1509,1.19,0.12,19.3,7.9,9,60
6400090160,長井大江線,一般国道２８７号,白鷹町・朝日町境,6402,0,0.1,,45,,53,98,1.1,0.1,32.4,40.3,6,60
6400090170,長井大江線,白鷹町・朝日町境,白滝宮宿線,6323,0,5.4,,45,,53,98,1.1,0.01,32.4,40.3,11,60
6400090180,長井大江線,白滝宮宿線,宮宿浮島線,6323,0,2.4,西村山郡朝日町大字大谷字高野,249,西村山郡朝日町大字大谷字高野,226,475,1.12,0.07,27.8,32.9,11,60
6400090190,長井大江線,宮宿浮島線,宮宿浮島線,6323,0,0.4,西村山郡朝日町大字大谷字高野,249,西村山郡朝日町大字大谷字高野,226,475,1.12,0.07,50.1,50.2,11,60
6400090200,長井大江線,宮宿浮島線,左沢浮島線,6323,0,6.7,西村山郡朝日町大字大谷字高野,249,西村山郡朝日町大字大谷字高野,226,475,1.12,0.07,40.3,44.4,11,60
6400090500,長井大江線,左沢浮島線,左沢浮島線,6323,0,0.4,,299,,312,611,1.16,0.07,38.6,22.2,9.4,40
6400090510,長井大江線,左沢浮島線,朝日町・大江町境,6323,0,1.6,,299,,312,611,1.16,0.07,59,60,9.4,40
6400090219,長井大江線,朝日町・大江町境,,6324,0,2.9,,299,,312,611,1.16,0.07,43.5,38.1,9.4,60
6400090220,長井大江線,,大江西川線,6324,0,0.5,,299,,312,611,1.16,0.07,43.5,38.1,11.8,40
6400100010,長井飯豊線,一般国道２８７号,椿長井線,6209,0,0.4,山形県長井市館野,3915,山形県長井市館野,3875,7790,1.23,0.65,14.9,17.2,16,40
6400100020,長井飯豊線,椿長井線,椿長井線,6209,0,0.3,山形県長井市館野,3915,山形県長井市館野,3875,7790,1.23,0.65,15.2,14.1,16,40
6400100030,長井飯豊線,椿長井線,萩生九野本線,6209,0,1.2,山形県長井市館野,3915,山形県長井市館野,3875,7790,1.23,0.65,36.2,31.6,16,40
6400100040,長井飯豊線,萩生九野本線,長井白鷹線,6209,0,0.9,山形県長井市館野,3915,山形県長井市館野,3875,7790,1.23,0.65,34.5,33.5,16,40
6400100050,長井飯豊線,長井白鷹線,木地山九野本線,6209,0,0.2,山形県長井市館野,3915,山形県長井市館野,3875,7790,1.23,0.65,28.4,38.5,16,40
6400100060,長井飯豊線,木地山九野本線,長井市・飯豊町境,6209,0,1,山形県長井市館野,3915,山形県長井市館野,3875,7790,1.23,0.65,49.7,49.6,16,40
6400100070,長井飯豊線,長井市・飯豊町境,中時庭線,6403,0,1.3,山形県長井市館野,3915,山形県長井市館野,3875,7790,1.23,0.63,52,51.6,11,50
6400100080,長井飯豊線,中時庭線,萩生黒沢線,6403,0,1.4,山形県長井市館野,3915,山形県長井市館野,3875,7790,1.23,0.63,43.1,38.8,11,50
6400100090,長井飯豊線,萩生黒沢線,椿長井線,6403,0,2,山形県長井市館野,3915,山形県長井市館野,3875,7790,1.23,0.63,40.9,39.1,11,50
6400100100,長井飯豊線,椿長井線,椿川西線,6403,0,0.6,山形県西置賜郡飯豊町大字椿,2087,山形県西置賜郡飯豊町大字椿,2010,4097,1.22,0.46,38,37.8,8.5,40
6400100110,長井飯豊線,椿川西線,一般国道１１３号,6403,0,3.5,山形県西置賜郡飯豊町大字椿,2087,山形県西置賜郡飯豊町大字椿,2010,4097,1.22,0.46,48.1,47.1,8.5,40
6400110010,長井白鷹線,長井飯豊線,寺泉舟場線,6209,0,3.1,山形県長井市勧進代,1334,山形県長井市勧進代,1299,2633,1.22,0.34,38,42.8,9.5,50
6400110020,長井白鷹線,寺泉舟場線,勧進代舟場線,6209,0,4.7,山形県長井市勧進代,1334,山形県長井市勧進代,1299,2633,1.22,0.34,49.5,53.1,9.5,50
6400110030,長井白鷹線,勧進代舟場線,長井市・白鷹町境,6209,0,1.2,山形県長井市勧進代,1334,山形県長井市勧進代,1299,2633,1.22,0.34,49.1,54.8,9.5,50
6400110040,長井白鷹線,長井市・白鷹町境,高玉広野線,6402,0,0.8,山形県長井市勧進代,1334,山形県長井市勧進代,1299,2633,1.22,0.34,53,49,10,50
6400110050,長井白鷹線,高玉広野線,長井大江線,6402,0,4.8,山形県長井市勧進代,1334,山形県長井市勧進代,1299,2633,1.22,0.34,54,49.2,10,50
6400110070,長井白鷹線,長井大江線,一般国道２８７号,6402,0,2,山形県西置賜郡白鷹町大字荒砥甲,2642,山形県西置賜郡白鷹町大字荒砥甲,2691,5333,1.22,0.44,38.2,33,11,40
6400120010,白石上山線,白石上山線,白石上山線,6207,0,0.9,,191,,205,396,1.12,0.09,46.9,45,7.2,40
6400120030,白石上山線,白石上山線,白石上山線,6207,0,12.6,,809,,746,1555,1.2,0.16,45,47.8,7.5,40
6400120040,白石上山線,白石上山線,山形永野線,6207,0,0.2,上山市永野,827,上山市永野,858,1685,1.2,0.22,37.7,37.3,7.5,40
6400120050,白石上山線,山形永野線,上山蔵王公園線,6207,0,8.4,上山市永野,827,上山市永野,858,1685,1.2,0.22,45,45.8,7.5,40
6400120060,白石上山線,上山蔵王公園線,一般国道１３号,6207,0,1.1,上山市永野,827,上山市永野,858,1685,1.2,0.22,25.3,18.2,7.5,40
6400120070,白石上山線,一般国道１３号,山形上山線,6207,0,1.2,上山市弁天一丁目,3124,上山市弁天一丁目,3026,6150,1.22,0.54,26.4,21.2,9,30
6400120080,白石上山線,山形上山線,上山七ヶ宿線,6207,0,1.2,,2288,,2381,4669,1.22,0.53,24,30,9,30
6400120100,白石上山線,山形永野線,白石上山線,6207,0,0.1,,724,,774,1498,1.2,0.22,27.7,24.9,7.5,40
6400130010,上山七ヶ宿線,白石上山線,十日町仙石線,6207,0,0.9,上山市十日町,2996,上山市十日町,2894,5890,1.22,0.45,25.1,23.1,16,40
6400130020,上山七ヶ宿線,十日町仙石線,狸森上山線,6207,0,0.3,上山市十日町,2996,上山市十日町,2894,5890,1.22,0.45,18.1,16.5,16,40
6400130030,上山七ヶ宿線,狸森上山線,萱平河崎線,6207,0,0.6,上山市十日町,2996,上山市十日町,2894,5890,1.22,0.45,25.6,25.4,16,40
6400130040,上山七ヶ宿線,萱平河崎線,萱平河崎線,6207,0,1,上山市長清水一丁目,3368,上山市長清水一丁目,3110,6478,1.21,0.59,25.9,18.8,16,40
6400130050,上山七ヶ宿線,萱平河崎線,小穴二日町線,6207,0,1.2,上山市長清水一丁目,3368,上山市長清水一丁目,3110,6478,1.21,0.59,30.8,37.1,16,40
6400130060,上山七ヶ宿線,小穴二日町線,市道,6207,0,0.3,上山市皆沢,789,上山市皆沢,762,1551,1.21,0.15,30.8,37.1,12,40
6400130070,上山七ヶ宿線,市道,楢下高畠線,6207,0,8.1,上山市皆沢,789,上山市皆沢,762,1551,1.21,0.15,48.4,51.8,12,40
6400130080,上山七ヶ宿線,楢下高畠線,上山七ヶ宿線,6207,0,0.5,,150,,159,309,1.15,1.62,32.2,22.2,4.5,30
6400130090,上山七ヶ宿線,上山七ヶ宿線,上山七ケ宿線,6207,0,4.3,,150,,159,309,1.15,1.62,26.3,30.7,4.5,30
6400130110,上山七ヶ宿線,上山七ヶ宿線,,6207,0,2,,,,,,,,35.8,33.3,9.3,30
6400140010,上山蔵王公園線,白石上山線,山形永野線,6207,0,9.5,上山市小倉字大森,937,上山市小倉字大森,909,1846,1.22,0.21,40.5,37.4,8.5,40
6400140020,上山蔵王公園線,山形永野線,上山市・山形市境,6207,0,0.5,上山市小倉字大森,937,上山市小倉字大森,909,1846,1.22,0.21,48,47.4,8.5,40
6400140030,上山蔵王公園線,上山市・山形市境,山形永野線,6201,0,0.6,上山市小倉字大森,937,上山市小倉字大森,909,1846,1.22,0.16,33.1,37.5,11,40
6400140040,上山蔵王公園線,山形永野線,蔵王公園線,6201,0,0.4,,447,,455,902,1.17,0.14,16,11.6,11,40
6400150010,玉川沼沢線,一般国道１１３号,長者原下新田線,6401,0,2.9,,343,,366,709,1.18,0.08,45.7,45.6,8.5,60
6400150020,玉川沼沢線,長者原下新田線,川西小国線,6401,0,18.5,,79,,73,152,1.12,0.02,26.3,26.3,8.5,60
6400150040,玉川沼沢線,川西小国線,一般国道１１３号,6401,0,9,,87,,88,175,1.13,0.96,23,20.9,4,60
6400160010,山形停車場線,,下原山形停車場線,6201,0,0.2,山形市幸町,4225,山形市幸町,2931,7156,1.23,0.29,8.7,11.4,27,50
6400160020,山形停車場線,下原山形停車場線,一般国道１１２号,6201,0,0.5,山形市幸町,4225,山形市幸町,2931,7156,1.23,0.29,13.6,15,27,50
6400160030,山形停車場線,一般国道１１２号,一般国道１３号,6201,0,1.7,山形市諏訪町二丁目,7938,山形市諏訪町二丁目,9391,17329,1.26,0.54,22.2,21.4,27,50
6400170010,山形白鷹線,一般国道１１２号,山形南陽線,6201,0,1.8,山形市若葉町,1515,山形市若葉町,2042,3557,1.21,0.49,14.7,16.7,12,40
6400170020,山形白鷹線,山形南陽線,山形上山線,6201,0,0.7,山形市若葉町,1515,山形市若葉町,2042,3557,1.21,0.49,16,13,12,40
6400170030,山形白鷹線,山形上山線,一般国道３４８号,6201,0,0.6,,,,,,,,25.1,14.8,20,50
6400170040,山形白鷹線,一般国道３４８号,一般国道４５８号,6201,0,3.1,山形市南館西,10680,山形市南館西,7286,17966,1.26,1.59,28.6,29.6,20,50
6400170050,山形白鷹線,一般国道４５８号,山形市・山辺町境,6201,0,9.4,山形市富神前,1304,山形市富神前,1107,2411,1.22,0.37,41,37.3,7,50
6400170060,山形白鷹線,山形市・山辺町境,山形山辺線,6301,0,3.7,山形市富神前,1304,山形市富神前,1107,2411,1.22,0.38,40.9,38.3,7.25,50
6400170070,山形白鷹線,山形山辺線,山辺町・白鷹町境,6301,0,4.5,,1088,,1161,2249,1.17,0.28,44.9,44.8,7,40
6400170080,山形白鷹線,山辺町・白鷹町境,中山三郷寒河江線,6402,0,1.5,,1088,,1161,2249,1.17,0.28,57,51.5,11,60
6400170090,山形白鷹線,中山三郷寒河江線,一般国道３４８号,6402,0,6.2,,1088,,1161,2249,1.17,0.28,49.3,48.1,11,60
6400170110,山形白鷹線,一般国道３４８号,一般国道２８７号,6402,0,0.3,山形県西置賜郡白鷹町大字荒砥乙,3138,山形県西置賜郡白鷹町大字荒砥乙,2907,6045,1.22,0.53,19.9,19.5,16,40
6400180170,山形朝日線,一般国道１１２号,下原山形停車場線,6201,0,0.9,山形市城南町二丁目,9767,山形市城南町二丁目,10581,20348,1.27,1.71,12.4,12.4,18,40
6400180020,山形朝日線,下原山形停車場線,下原山形停車場線,6201,0,1,山形市城南町二丁目,9767,山形市城南町二丁目,10581,20348,1.27,0.5,15.5,20.1,30,40
6400180030,山形朝日線,下原山形停車場線,山形上山線,6201,0,1.1,山形市城南町二丁目,9767,山形市城南町二丁目,10581,20348,1.27,1.87,15.3,11.9,9.5,40
6400180040,山形朝日線,山形上山線,山形山辺線,6201,0,0.5,,17207,,17631,34838,1.31,1.14,15.4,18,20,50
6400180050,山形朝日線,山形山辺線,東北中央自動車道,6201,0,1.8,山形市大字黄金,7014,山形市大字黄金,6852,13866,1.25,0.48,17.1,39.9,30,60
6400180060,山形朝日線,東北中央自動車道,山形市・山辺町境,6201,0,2.2,山形市大字志戸田,6012,山形市大字志戸田,5162,11174,1.24,0.53,44,40.4,30,60
6400180065,山形朝日線,山形市・山辺町境,町道（旧山形朝日線）,6301,0,1.2,山形市大字志戸田,6012,山形市大字志戸田,5162,11174,1.24,1.39,35.2,33,14.5,50
6400180220,山形朝日線,町道（旧山形朝日線）,,6301,0,0.3,東村山郡山辺町大字山辺,2440,東村山郡山辺町大字山辺,2294,4734,1.22,0.78,14.8,31.2,16,60
6400180230,山形朝日線,,一般国道４５８号,6301,0,0.1,東村山郡山辺町大字山辺,2440,東村山郡山辺町大字山辺,2294,4734,1.22,0.78,27.6,20.4,16,60
6400180240,山形朝日線,一般国道４５８号,町道（旧山形山辺線）,6301,0,0.6,東村山郡山辺町大字山辺,2440,東村山郡山辺町大字山辺,2294,4734,1.22,0.71,22.3,28.6,16,60
6400180200,山形朝日線,町道（旧山形山辺線）,町道（旧山形朝日線）,6301,0,0.8,東村山郡山辺町大字山辺,2440,東村山郡山辺町大字山辺,2294,4734,1.22,0.71,17.3,23.7,16,60
6400180110,山形朝日線,町道（旧山形朝日線）,一般国道４５８号,6301,0,1.3,東村山郡山辺町大字山辺,2440,東村山郡山辺町大字山辺,2294,4734,1.22,2.05,38.2,38.7,7,30
6400180120,山形朝日線,一般国道４５８号,山辺町・朝日町境,6301,0,12.3,,691,,685,1376,1.2,0.17,48.4,48.3,8,40
6400180130,山形朝日線,山辺町・朝日町境,中山三郷寒河江線,6323,0,0.8,,691,,685,1376,1.2,0.18,54.6,56.3,8,60
6400180140,山形朝日線,中山三郷寒河江線,中山三郷寒河江線,6323,0,0.8,,691,,685,1376,1.2,0.18,44.9,53.8,8,60
6400180150,山形朝日線,中山三郷寒河江線,一般国道２８７号,6323,0,2,,691,,685,1376,1.2,0.18,52.6,49.2,8,60
6400190010,山形山寺線,一般国道１１２号,山形山辺線,6201,0,0.3,山形市印役町二丁目,3732,山形市印役町二丁目,3814,7546,1.23,0.69,8.7,11.1,7.8,40
6400190020,山形山寺線,山形山辺線,山形山寺線,6201,0,3.8,山形市印役町二丁目,3732,山形市印役町二丁目,3814,7546,1.23,0.69,20.1,23.2,7.8,40
6601740010,山形山寺線,山形山寺線,一般国道１３号,6201,0,0.1,山形市大字風間,4175,山形市大字風間,4140,8315,1.23,0.88,14.5,8.4,13,60
6400190150,山形山寺線,一般国道１３号,,6201,0,1.7,山形市大字風間,4175,山形市大字風間,4140,8315,1.23,0.88,40.2,45.7,13,60
6400190050,山形山寺線,,東山七浦線,6201,0,1,山形市大字風間,4175,山形市大字風間,4140,8315,1.23,1.12,40.7,27.9,9.1,40
6400190060,山形山寺線,東山七浦線,東山七浦線,6201,0,0.8,山形市大字風間,4175,山形市大字風間,4140,8315,1.23,1.12,30,38,9.1,40
6400190070,山形山寺線,東山七浦線,大森中野線,6201,0,0.9,山形市大字風間,4175,山形市大字風間,4140,8315,1.23,1.12,36.3,27.8,9.1,40
6400190080,山形山寺線,大森中野線,山形市・天童市境,6201,0,0.7,山形市大字風間,4175,山形市大字風間,4140,8315,1.23,1.12,25.5,23.5,9.1,40
6400190090,山形山寺線,山形市・天童市境,荒谷原崎線,6210,0,0.1,山形市大字風間,4175,山形市大字風間,4140,8315,1.23,1.09,16.5,9.8,9.05,40
6400190100,山形山寺線,荒谷原崎線,天童寒河江線,6210,0,1,山形市大字山寺,1767,山形市大字山寺,1747,3514,1.22,0.27,23.5,31.3,10.5,40
6400190110,山形山寺線,天童寒河江線,天童市・山形市境,6210,0,0.5,山形市大字山寺,1767,山形市大字山寺,1747,3514,1.22,0.27,51,49.2,10.5,40
6400190120,山形山寺線,天童市・山形市境,天童山寺公園線,6201,0,1.1,山形市大字山寺,1767,山形市大字山寺,1747,3514,1.22,0.28,36.9,42.1,9.5,40
6400190130,山形山寺線,天童山寺公園線,仙台山寺線,6201,0,1.8,山形市大字山寺,1767,山形市大字山寺,1747,3514,1.22,0.28,31.1,30.2,9.5,40
6400190030,山形山寺線,山形山寺線,北山形停車場大野目線,6201,0,0.2,,4417,,4227,8644,1.23,0.92,12.1,30.3,7.8,40
6400190040,山形山寺線,北山形停車場大野目線,一般国道１３号,6201,0,0.1,,4417,,4227,8644,1.23,0.92,23.5,23.5,7.8,40
6400200010,山形羽入線,一般国道１１２号,大野目内表線,6201,0,0.9,山形市嶋南,12198,山形市嶋南,12871,25069,1.28,0.59,19.3,18.9,28.5,50
6400200020,山形羽入線,大野目内表線,中野長町線,6201,0,1.6,山形市嶋北,8943,山形市嶋北,10043,18986,1.26,0.49,26.6,35.1,28.5,50
6400200030,山形羽入線,中野長町線,大森中野線,6201,0,1.2,山形市嶋北,8943,山形市嶋北,10043,18986,1.26,0.49,37.4,34.6,28.5,50
6400200040,山形羽入線,大森中野線,山形市・天童市境,6201,0,2.6,山形市大字渋江,7702,山形市大字渋江,8485,16187,1.26,0.5,38.9,43.1,28.5,50
6400200050,山形羽入線,山形市・天童市境,天童市・山形市境,6210,0,0.1,山形市大字渋江,7702,山形市大字渋江,8485,16187,1.26,1.13,51.4,51.5,15.5,50
6400200060,山形羽入線,天童市・山形市境,山形市・天童市境,6201,0,0.1,山形市大字渋江,7702,山形市大字渋江,8485,16187,1.26,1.13,46.2,27.4,15.5,50
6400200070,山形羽入線,山形市・天童市境,天童寒河江線,6210,0,0.1,山形市大字渋江,7702,山形市大字渋江,8485,16187,1.26,1.41,42.1,16,15.5,50
6400200080,山形羽入線,天童寒河江線,天童市・山形市境,6210,0,0.5,山形市大字中野目,3048,山形市大字中野目,2836,5884,1.22,0.63,25.1,44.8,17.5,50
6400200090,山形羽入線,天童市・山形市境,天童寒河江線,6201,0,0.4,山形市大字中野目,3048,山形市大字中野目,2836,5884,1.22,0.72,42.1,31.8,17.5,50
6400200100,山形羽入線,天童寒河江線,山形市・天童市境,6201,0,0.6,山形市大字中野目,3048,山形市大字中野目,2836,5884,1.22,0.71,35.9,44.9,9.5,40
6400200110,山形羽入線,山形市・天童市境,長岡中山線,6210,0,0.6,山形市大字中野目,3048,山形市大字中野目,2836,5884,1.22,0.79,38.8,32.9,7,40
6400200120,山形羽入線,長岡中山線,長岡中山線,6210,0,0.1,山形市大字中野目,3048,山形市大字中野目,2836,5884,1.22,0.79,20.3,20.5,7,40
6400200125,山形羽入線,長岡中山線,天童大江線,6210,0,2.8,山形市大字中野目,3048,山形市大字中野目,2836,5884,1.22,0.79,36.6,33.6,7,40
6400200130,山形羽入線,天童大江線,市道（旧天童大江線）,6210,0,0.3,山形市大字中野目,3048,山形市大字中野目,2836,5884,1.22,0.79,18.3,24.1,7,40
6400200140,山形羽入線,市道（旧天童大江線）,天童河北線,6210,0,2.7,天童市大字窪野目,4225,天童市大字窪野目,3972,8197,1.23,0.94,46.6,47.7,12,50
6400200150,山形羽入線,天童河北線,天童市・東根市境,6210,0,0.8,天童市大字窪野目,4225,天童市大字窪野目,3972,8197,1.23,0.94,38.3,44.1,12,50
6400200160,山形羽入線,天童市・東根市境,山形空港線,6211,0,1.2,,3909,,3914,7823,1.23,1.24,49.4,40.1,11.85,50
6400200170,山形羽入線,山形空港線,一般国道２８７号,6211,0,0.8,,3909,,3914,7823,1.23,1.24,29.5,20.7,11.85,50
6400210010,蔵王公園線,上山蔵王公園線,山形永野線,6201,0,1.7,山形市蔵王半郷,2145,山形市蔵王半郷,2099,4244,1.22,0.37,35.1,30.6,9,40
6400210020,蔵王公園線,山形永野線,山形永野線,6201,0,1.6,山形市蔵王半郷,2145,山形市蔵王半郷,2099,4244,1.22,0.37,52.3,50.9,9,40
6400210030,蔵王公園線,山形永野線,十日町山形線,6201,0,7.6,山形市蔵王半郷,2145,山形市蔵王半郷,2099,4244,1.22,0.37,43,42,9,40
6400210040,蔵王公園線,十日町山形線,一般国道１３号,6201,0,0.4,山形市蔵王半郷,2145,山形市蔵王半郷,2099,4244,1.22,0.37,16.3,15.3,9,40
6400220010,山形天童線,一般国道１１２号,北山形停車場大野目線,6201,0,1.2,山形市宮町五丁目,6510,山形市宮町五丁目,7609,14119,1.25,1.02,16,20.1,18,40
6400220020,山形天童線,北山形停車場大野目線,山形天童線,6201,0,1.5,山形市宮町五丁目,6510,山形市宮町五丁目,7609,14119,1.25,1.02,19.1,19.3,18,40
6400220170,山形天童線,山形天童線,北山形停車場大野目線,6201,0,0.7,山形市落合町,9013,山形市落合町,9245,18258,1.27,1.63,21.8,14.4,18.85,50
6400220180,山形天童線,北山形停車場大野目線,東山七浦線,6201,0,2.1,,13546,,11346,24892,1.28,0.59,28.7,36.6,32.6,50
6400220190,山形天童線,東山七浦線,大森中野線,6201,0,1,,13546,,11346,24892,1.28,0.59,33.5,28,32.6,50
6400220200,山形天童線,大森中野線,山形市・天童市境,6201,0,1.1,,13546,,11346,24892,1.28,0.59,26.8,33.2,32.6,50
6400220210,山形天童線,山形市・天童市境,天童寒河江線,6210,0,0.5,,13546,,11346,24892,1.28,0.66,36.6,22.3,32,50
6400240040,山形天童線（旧天童寒河江線）,天童寒河江線,山形天童線,6210,0,0.5,,7615,,7664,15279,1.25,1.33,14,25.7,13.8,50
6400220090,山形天童線,山形天童線（旧天童寒河江線）,長岡中山線,6210,0,0.7,天童市大字芳賀,2645,天童市大字芳賀,2976,5621,1.24,0.5,30.3,34.2,18,40
6400220095,山形天童線,長岡中山線,,6210,0,0.9,天童市大字芳賀,2645,天童市大字芳賀,2976,5621,1.24,0.5,32.5,30.1,18,40
6400220100,山形天童線,,天童山寺公園線,6210,0,1.4,天童市五日町一丁目,6427,天童市五日町一丁目,6129,12556,1.25,0.84,22.2,21.5,18,40
6400220110,山形天童線,天童山寺公園線,天童停車場若松線,6210,0,1.3,天童市五日町一丁目,6427,天童市五日町一丁目,6129,12556,1.25,0.84,23.8,25,18,40
6400220120,山形天童線,天童停車場若松線,天童大江線,6210,0,0.6,天童市五日町一丁目,6427,天童市五日町一丁目,6129,12556,1.25,0.84,20.6,15.9,18,40
6400220130,山形天童線,天童大江線,山形天童線,6210,0,0.4,天童市北久野本三丁目,4760,天童市北久野本三丁目,4632,9392,1.24,1,10.7,20.7,18,40
6400220140,山形天童線,山形天童線,天童河北線,6210,0,2.5,天童市北久野本三丁目,4760,天童市北久野本三丁目,4632,9392,1.24,1,25,29.3,18,40
6400220150,山形天童線,天童河北線,一般国道１３号,6210,0,0.6,天童市北久野本三丁目,4760,天童市北久野本三丁目,4632,9392,1.24,1,37.2,34.8,18,40
6400220030,山形天童線,山形天童線,大野目内表線,6201,0,0.9,山形市千歳二丁目,3390,山形市千歳二丁目,3111,6501,1.22,0.74,28.9,22.2,7.5,40
6400220040,山形天童線,大野目内表線,中野長町線,6201,0,0.8,山形市千歳二丁目,3390,山形市千歳二丁目,3111,6501,1.22,0.74,20,28.2,7.5,40
6400220050,山形天童線,中野長町線,東山七浦線,6201,0,1.6,山形市千歳二丁目,3390,山形市千歳二丁目,3111,6501,1.22,0.74,32.9,29.3,7.5,40
6400220060,山形天童線,東山七浦線,大森中野線,6201,0,0.8,山形市千歳二丁目,3390,山形市千歳二丁目,3111,6501,1.22,0.74,21.9,22.1,7.5,40
6400220070,山形天童線,大森中野線,山形市・天童市境,6201,0,1.6,山形市千歳二丁目,3390,山形市千歳二丁目,3111,6501,1.22,0.74,29.7,30.5,7.5,40
6400220080,山形天童線,山形市・天童市境,山形天童線（旧天童寒河江線）,6210,0,0.4,山形市千歳二丁目,3390,山形市千歳二丁目,3111,6501,1.22,0.75,35.8,29.6,7.8,40
6400220230,山形天童線,山形天童線,天童河北線,6210,0,0.5,天童市大字高木,2333,天童市大字高木,2729,5062,1.22,3.42,19.1,17.5,6,40
6400220240,山形天童線,天童河北線,,6210,0,1.8,天童市大字高木,2333,天童市大字高木,2729,5062,1.22,0.41,15.6,15.6,11.8,40
6400230010,天童大江線,一般国道１３号,天童停車場若松線,6210,0,1.2,天童市大字蔵増,5557,天童市大字蔵増,5619,11176,1.25,0.9,22.8,27.1,16,40
6400230020,天童大江線,天童停車場若松線,山形天童線,6210,0,1,天童市大字蔵増,5557,天童市大字蔵増,5619,11176,1.25,0.9,19,19,16,40
6400230030,天童大江線,山形天童線,東北中央自動車道,6210,0,1.8,天童市大字蔵増,5557,天童市大字蔵増,5619,11176,1.25,0.9,27.4,36.9,16,40
6400230050,天童大江線,市道（旧天童大江線）,天童市・寒河江市境,6210,0,0.7,天童市大字蔵増,5557,天童市大字蔵増,5619,11176,1.25,0.9,48.1,50,16,40
6400230060,天童大江線,天童市・寒河江市境,皿沼河北線,6206,0,2,天童市大字蔵増,5557,天童市大字蔵増,5619,11176,1.25,0.76,43.9,33.5,16.5,40
6400230070,天童大江線,皿沼河北線,一般国道１１２号,6206,0,0.5,天童市大字蔵増,5557,天童市大字蔵増,5619,11176,1.25,0.76,27.1,15,16.5,40
6400230080,天童大江線,一般国道１１２号,寒河江村山線,6206,0,1.3,寒河江市丸内一丁目,6550,寒河江市丸内一丁目,6343,12893,1.25,0.96,16.9,18.6,20,40
6400230090,天童大江線,寒河江村山線,寒河江西川線,6206,0,0.3,寒河江市丸内一丁目,6550,寒河江市丸内一丁目,6343,12893,1.25,0.96,12.5,19,20,40
6400230100,天童大江線,寒河江西川線,寒河江西川線,6206,0,0.5,寒河江市丸内一丁目,6550,寒河江市丸内一丁目,6343,12893,1.25,0.96,18.7,24.7,20,40
6400230110,天童大江線,寒河江西川線,中山三郷寒河江線,6206,0,1.6,寒河江市大字寒河江字塩水,3881,寒河江市大字寒河江字塩水,3593,7474,1.22,0.62,28.9,23.6,20,40
6400230120,天童大江線,中山三郷寒河江線,一般国道２８７号,6206,0,0.8,寒河江市大字寒河江字塩水,3881,寒河江市大字寒河江字塩水,3593,7474,1.22,0.62,39,29.1,20,40
6400230130,天童大江線,一般国道２８７号,日和田松川線,6206,0,2.2,寒河江市大字谷沢字平野山,1763,寒河江市大字谷沢字平野山,1868,3631,1.21,0.37,41.7,45.6,10.6,40
6400230140,天童大江線,日和田松川線,寒河江市・大江町境,6206,0,0.1,寒河江市大字谷沢字平野山,1763,寒河江市大字谷沢字平野山,1868,3631,1.21,0.37,50.1,48.4,10.6,40
6400230150,天童大江線,寒河江市・大江町境,左沢浮島線,6324,0,1,寒河江市大字谷沢字平野山,1763,寒河江市大字谷沢字平野山,1868,3631,1.21,0.37,45.4,43.8,10.6,40
6400230160,天童大江線,左沢浮島線,一般国道４５８号,6324,0,0.2,寒河江市大字谷沢字平野山,1763,寒河江市大字谷沢字平野山,1868,3631,1.21,0.37,19.7,12.8,10.6,40
6400230300,天童大江線,東北中央自動車道,山形羽入線,6210,0,1.6,,,,,,,,45.4,34.7,10.6,40
6400230310,天童大江線,山形羽入線,市道（旧天童大江線）,6210,0,0.3,,,,,,,,24.6,38.2,10.6,40
6400240010,天童寒河江線,山形山寺線,荒谷原崎線,6210,0,1,天童市荒谷,3325,天童市荒谷,3213,6538,1.22,0.59,23.6,25.6,12,50
6400240020,天童寒河江線,荒谷原崎線,一般国道１３号,6210,0,2.3,天童市荒谷,3325,天童市荒谷,3213,6538,1.22,0.59,30.1,23,12,50
6400240030,天童寒河江線,一般国道１３号,山形天童線,6210,0,0.5,天童市荒谷,3325,天童市荒谷,3213,6538,1.22,0.31,7.5,18.4,20,50
6400240050,天童寒河江線,山形天童線,山形羽入線,6210,0,2,天童市大字高擶,6162,天童市大字高擶,7206,13368,1.25,0.78,32.1,36.2,20,50
6400240070,天童寒河江線,山形羽入線,山形市・中山町境,6201,0,1.4,東村山郡中山町大字長崎,2435,東村山郡中山町大字長崎,2767,5202,1.22,0.47,39.2,47.4,15.5,40
6400240080,天童寒河江線,山形市・中山町境,長岡中山線,6302,0,2.1,東村山郡中山町大字長崎,2435,東村山郡中山町大字長崎,2767,5202,1.22,0.49,41.5,36.1,17.5,50
6400240090,天童寒河江線,長岡中山線,長岡中山線,6302,0,0.2,東村山郡中山町大字長崎,2435,東村山郡中山町大字長崎,2767,5202,1.22,0.54,22.9,30.6,16,40
6400240100,天童寒河江線,長岡中山線,一般国道１１２号,6302,0,0.3,東村山郡中山町大字長崎,2435,東村山郡中山町大字長崎,2767,5202,1.22,0.54,27,14.7,16,40
6400240120,天童寒河江線,一般国道１１２号,中山町・寒河江市境,6302,0,2.8,東村山郡中山町大字小塩,9328,東村山郡中山町大字小塩,8662,17990,1.25,1.66,31.7,33.1,18,40
6400240130,天童寒河江線,中山町・寒河江市境,寒河江西川線,6206,0,0.2,寒河江市平塩字山崎,3574,寒河江市平塩字山崎,3145,6719,1.22,0.65,43.3,40.4,11.5,50
6400240140,天童寒河江線,寒河江西川線,寒河江市・中山町境,6206,0,0.6,寒河江市平塩字山崎,3574,寒河江市平塩字山崎,3145,6719,1.22,0.65,44,52.7,10,40
6400240150,天童寒河江線,寒河江市・中山町境,中山町・寒河江市境,6302,0,0.1,寒河江市平塩字山崎,3574,寒河江市平塩字山崎,3145,6719,1.22,0.65,55.2,56,10,40
6400240160,天童寒河江線,中山町・寒河江市境,寒河江西川線,6206,0,1.2,寒河江市平塩字山崎,3574,寒河江市平塩字山崎,3145,6719,1.22,0.63,41,32.5,17.25,40
6400240170,天童寒河江線,寒河江西川線,市道（寒河江スマートＩＣ）,6206,0,0.6,寒河江市元町三丁目,6553,寒河江市元町三丁目,6956,13509,1.25,0.8,25.8,23.7,17.25,40
6400240180,天童寒河江線,市道（寒河江スマートＩＣ）,中山三郷寒河江線,6206,0,2.2,寒河江市元町三丁目,6553,寒河江市元町三丁目,6956,13509,1.25,0.8,41.2,40.6,17.25,40
6400240190,天童寒河江線,中山三郷寒河江線,一般国道２８７号,6206,0,1.7,寒河江市元町三丁目,6553,寒河江市元町三丁目,6956,13509,1.25,0.8,51,30.8,17.25,40
6400250010,寒河江村山線,天童大江線,一般国道１１２号,6206,0,2.2,寒河江市大字西根字石川西,8372,寒河江市大字西根字石川西,5390,13762,1.23,3.01,21.3,22.5,16,40
6400250020,寒河江村山線,一般国道１１２号,日和田河原線,6206,0,1.1,西村山郡河北町西里字下槇,4062,西村山郡河北町西里字下槇,3869,7931,1.23,0.86,27.5,32.4,16,40
6400250030,寒河江村山線,日和田河原線,寒河江市・河北町境,6206,0,0.2,西村山郡河北町西里字下槇,4062,西村山郡河北町西里字下槇,3869,7931,1.23,0.86,28.4,32,16,40
6400250040,寒河江村山線,寒河江市・河北町境,一般国道２８７号,6321,0,2,西村山郡河北町西里字下槇,4062,西村山郡河北町西里字下槇,3869,7931,1.23,0.81,44.1,35.3,14,40
6400250060,寒河江村山線,一般国道３４７号,天童河北線,6321,0,0.5,西村山郡河北町谷地字東,2575,西村山郡河北町谷地字東,2453,5028,1.21,0.58,21.5,21.1,16,50
6400250070,寒河江村山線,天童河北線,樽石河北線,6321,0,1,西村山郡河北町谷地字東,2575,西村山郡河北町谷地字東,2453,5028,1.21,0.58,28.3,29.1,16,50
6400250080,寒河江村山線,樽石河北線,河北町・東根市境,6321,0,2.3,西村山郡河北町谷地字東,2575,西村山郡河北町谷地字東,2453,5028,1.21,0.58,35.3,37.7,16,50
6400250084,寒河江村山線,河北町・東根市境,東北中央自動車道,6211,0,1.2,西村山郡河北町谷地字東,2575,西村山郡河北町谷地字東,2453,5028,1.21,0.46,35.3,37.7,16,50
6400250086,寒河江村山線,東北中央自動車道,市道（旧寒河江村山線）,6211,0,0.9,寒河江市大字西根字石川西,8372,寒河江市大字西根字石川西,5390,13762,1.23,2.1,55.3,54.3,16,50
6400250180,寒河江村山線,市道（旧寒河江村山線）,東根長島線,6211,0,0.5,寒河江市大字西根字石川西,8372,寒河江市大字西根字石川西,5390,13762,1.23,2.1,49.2,36.3,16,50
6603030110,寒河江村山線（旧東根長島線）,東根長島線,市道（旧寒河江村山線）,6211,0,0.4,寒河江市大字西根字石川西,8372,寒河江市大字西根字石川西,5390,13762,1.23,2.1,31.2,46.6,16,50
6400250090,寒河江村山線,市道（旧寒河江村山線）,市道（旧東根長島線）,6211,0,0.6,西村山郡河北町谷地字東,2575,西村山郡河北町谷地字東,2453,5028,1.21,0.37,54.2,55.4,13.5,50
6400250100,寒河江村山線,市道（旧東根長島線）,東根市・村山市境,6211,0,1.2,東根市大字松沢字松道,3716,東根市大字松沢字松道,3414,7130,1.22,0.54,54.5,54.6,13.5,50
6400250110,寒河江村山線,東根市・村山市境,大久保村山停車場線,6208,0,1.1,東根市大字松沢字松道,3716,東根市大字松沢字松道,3414,7130,1.22,0.76,44.5,30.8,16,40
6400250120,寒河江村山線,大久保村山停車場線,村山大石田線,6208,0,1,東根市大字松沢字松道,3716,東根市大字松沢字松道,3414,7130,1.22,0.76,29.3,33.2,16,40
6400250130,寒河江村山線,村山大石田線,一般国道１３号,6208,0,0.4,東根市大字松沢字松道,3716,東根市大字松沢字松道,3414,7130,1.22,0.76,24.5,12,16,40
6400250140,寒河江村山線,一般国道１３号,大久保村山停車場線,6208,0,0.5,東根市大字松沢字松道,3716,東根市大字松沢字松道,3414,7130,1.22,0.76,10.7,17.2,16,40
6400250150,寒河江村山線,大久保村山停車場線,尾花沢関山線,6208,0,0.2,東根市大字松沢字松道,3716,東根市大字松沢字松道,3414,7130,1.22,0.76,15.9,12.4,16,40
6400260010,寒河江西川線,一般国道４５８号,天童寒河江線,6206,0,0.1,,1608,,1299,2907,1.22,0.39,53.8,51,11.5,50
6400260030,寒河江西川線,天童寒河江線,天童大江線,6206,0,0.8,寒河江市元町三丁目,2884,寒河江市元町三丁目,2727,5611,1.22,0.64,25,22.7,16,40
6400260050,寒河江西川線,天童大江線,一般国道１１２号,6206,0,2.3,寒河江市大字寒河江字追方,2001,寒河江市大字寒河江字追方,1936,3937,1.21,0.44,29,25.3,13.5,40
6400260070,寒河江西川線,一般国道１１２号,日和田松川線,6206,0,0.8,寒河江市白岩字新町,1007,寒河江市白岩字新町,1096,2103,1.22,0.32,18.9,32.2,12,50
6400260080,寒河江西川線,日和田松川線,田代白岩線,6206,0,0.7,寒河江市白岩字新町,1007,寒河江市白岩字新町,1096,2103,1.22,0.32,45.4,36.5,12,50
6400260090,寒河江西川線,田代白岩線,一般国道１１２号,6206,0,1.6,寒河江市白岩字新町,1007,寒河江市白岩字新町,1096,2103,1.22,0.32,48.8,39.5,12,50
6400260110,寒河江西川線,一般国道４５８号,小山海味線,6322,0,4.3,西村山郡西川町大字吉川字稲沢,1118,西村山郡西川町大字吉川字稲沢,1007,2125,1.22,0.25,51.7,52.7,10,50
6400260120,寒河江西川線,小山海味線,貫見間沢線,6322,0,3,西村山郡西川町大字吉川字稲沢,1118,西村山郡西川町大字吉川字稲沢,1007,2125,1.22,0.25,56.5,53.5,10,50
6400260130,寒河江西川線,貫見間沢線,一般国道１１２号,6322,0,0.5,西村山郡西川町大字吉川字稲沢,1118,西村山郡西川町大字吉川字稲沢,1007,2125,1.22,0.25,18.7,12.2,10,50
6400270005,大江西川線,一般国道４５８号,長井大江線,6324,0,0.7,西村山郡大江町大字本郷字前表,1504,西村山郡大江町大字本郷字前表,1444,2948,1.23,0.29,46.3,43.7,11,40
6400270009,大江西川線,長井大江線,,6324,0,0.4,西村山郡大江町大字本郷字前表,1504,西村山郡大江町大字本郷字前表,1444,2948,1.23,0.29,34,28.3,11,40
6400270010,大江西川線,,貫見間沢線,6324,0,9.1,西村山郡大江町大字本郷字前表,1504,西村山郡大江町大字本郷字前表,1444,2948,1.23,0.29,50.6,49.5,11,40
6400270014,大江西川線,貫見間沢線,大江西川線,6324,0,4.3,,333,,358,691,1.18,0.09,11.4,19.9,11,40
6400270018,大江西川線,大江西川線,大江西川線,6324,0,4.3,,333,,358,691,1.18,0.09,11.4,19.9,11,40
6400270050,大江西川線,大江西川線,,6324,0,0.2,,333,,358,691,1.18,0.75,55.9,53.2,7.56,40
6400270020,大江西川線,,大江町・西川町境,6324,0,3,,333,,358,691,1.18,0.09,36,41.6,11,40
6400270030,大江西川線,大江町・西川町境,一般国道１１２号,6322,0,15.7,,492,,460,952,1.17,0.23,49.9,47,8.5,50
6400270200,大江西川線,大江西川線,大江西川線,6324,0,2,,,,,,,,54.4,65.5,8.5,50
6400280010,尾花沢最上線,一般国道１３号,東根尾花沢線,6212,0,0.4,尾花沢市若葉町二丁目,1521,尾花沢市若葉町二丁目,1367,2888,1.21,0.32,13.5,24.9,8.5,50
6400280020,尾花沢最上線,東根尾花沢線,東根尾花沢線,6212,0,0.4,尾花沢市若葉町二丁目,1521,尾花沢市若葉町二丁目,1367,2888,1.21,0.32,28.2,22.5,8.5,50
6400280030,尾花沢最上線,東根尾花沢線,鶴子尾花沢線,6212,0,0.8,尾花沢市若葉町二丁目,1521,尾花沢市若葉町二丁目,1367,2888,1.21,0.32,19.6,16.9,8.5,50
6400280040,尾花沢最上線,鶴子尾花沢線,一般国道３４７号,6212,0,1.7,尾花沢市若葉町二丁目,1521,尾花沢市若葉町二丁目,1367,2888,1.21,0.32,23.6,24.3,8.5,50
6400280050,尾花沢最上線,一般国道３４７号,荻袋正厳線,6212,0,2.2,,1339,,1204,2543,1.19,0.29,39.5,45.5,8.5,50
6400280060,尾花沢最上線,荻袋正厳線,尾花沢市・最上町境,6212,0,13,,1339,,1204,2543,1.19,0.29,56.3,56.7,8.5,50
6400280070,尾花沢最上線,尾花沢市・最上町境,最上小野田線,6362,0,2,,1339,,1204,2543,1.19,0.22,57.4,59.6,7,40
6400280080,尾花沢最上線,最上小野田線,最上小野田線,6362,0,1.9,最上郡最上町大字富澤,1207,最上郡最上町大字富澤,1168,2375,1.22,0.27,52.2,52.1,11.5,40
6400280090,尾花沢最上線,最上小野田線,一般国道４７号,6362,0,1.7,最上郡最上町大字富澤,1207,最上郡最上町大字富澤,1168,2375,1.22,0.27,53.5,52.7,11.5,40
6400290010,尾花沢関山線,一般国道３４７号,銀山温泉線,6212,0,2.8,,581,,655,1236,1.19,0.14,35.1,44.8,6.5,40
6400290020,尾花沢関山線,銀山温泉線,鶴子尾花沢線,6212,0,1.1,,643,,673,1316,1.2,0.22,37.3,45.6,7,60
6400290030,尾花沢関山線,鶴子尾花沢線,鶴子尾花沢線,6212,0,2.5,,643,,673,1316,1.2,0.22,40.7,51.3,7,60
6400290040,尾花沢関山線,鶴子尾花沢線,尾花沢市・村山市境,6212,0,6.5,,643,,673,1316,1.2,0.22,38,29.9,7,60
6400290050,尾花沢関山線,尾花沢市・村山市境,東根尾花沢線,6208,0,7.5,,643,,673,1316,1.2,0.22,27.6,31.5,12,60
6400290060,尾花沢関山線,東根尾花沢線,寒河江村山線,6208,0,0.9,村山市楯岡五日町（旧13号）,4079,村山市楯岡五日町（旧13号）,4101,8180,1.23,0.87,27.9,24.6,10.5,40
6400290070,尾花沢関山線,寒河江村山線,東根尾花沢線,6208,0,0.6,村山市楯岡五日町（旧13号）,4079,村山市楯岡五日町（旧13号）,4101,8180,1.23,0.87,19.8,16.4,10.5,40
6400290080,尾花沢関山線,東根尾花沢線,中島新田楯岡線,6208,0,0.4,村山市楯岡五日町（旧13号）,4079,村山市楯岡五日町（旧13号）,4101,8180,1.23,0.87,14.6,19.9,11,40
6400290090,尾花沢関山線,中島新田楯岡線,村山市・東根市境,6208,0,1,東根市温泉町一丁目,2224,東根市温泉町一丁目,2236,4460,1.22,0.36,21.7,30.5,16,40
6400290100,尾花沢関山線,村山市・東根市境,市道（旧主要地方道尾花沢関山線）,6211,0,2.7,東根市温泉町一丁目,2224,東根市温泉町一丁目,2236,4460,1.22,0.35,37.2,34.6,16,40
6400290170,尾花沢関山線,市道（旧主要地方道尾花沢関山線）,市道（旧主要地方道尾花沢関山線）,6211,0,1,東根市温泉町一丁目,2224,東根市温泉町一丁目,2236,4460,1.22,0.38,27.6,25.8,16,40
6400290120,尾花沢関山線,市道（旧主要地方道尾花沢関山線）,中島新田楯岡線,6211,0,0.3,東根市温泉町一丁目,2224,東根市温泉町一丁目,2236,4460,1.22,0.33,13.5,21.7,14,50
6400290130,尾花沢関山線,中島新田楯岡線,東根大森工業団地線,6211,0,1.9,東根市大字観音寺字新田,2503,東根市大字観音寺字新田,2423,4926,1.22,0.47,42.2,29,14,50
6400290140,尾花沢関山線,東根大森工業団地線,野川行沢線,6211,0,2.5,東根市大字観音寺字新田,2503,東根市大字観音寺字新田,2423,4926,1.22,0.47,43.9,46.3,14,50
6400290150,尾花沢関山線,野川行沢線,一般国道４８号,6211,0,2,東根市大字観音寺字新田,2503,東根市大字観音寺字新田,2423,4926,1.22,0.47,45.4,37.9,14,50
6400300010,大石田畑線,一般国道３４７号,尾花沢市・大石田町境,6212,0,0.2,,1127,,1076,2203,1.22,0.27,18.2,25.7,18,50
6400300020,大石田畑線,尾花沢市・大石田町境,,6341,0,0.8,,1127,,1076,2203,1.22,0.36,41.4,34.3,7.5,40
6400300040,大石田畑線,尾花沢大石田線,尾花沢大石田線,6341,0,0.5,,515,,770,1285,1.2,0.13,21.8,15.9,12,60
6400300050,大石田畑線,尾花沢大石田線,荻袋大浦線,6341,0,5.8,,515,,770,1285,1.2,0.13,49.3,46,12,60
6400300060,大石田畑線,荻袋大浦線,次年子大浦線,6341,0,1.7,,515,,770,1285,1.2,0.13,40.3,37.2,12,60
6400300070,大石田畑線,次年子大浦線,大石田町・舟形町境,6341,0,2.5,,515,,770,1285,1.2,0.13,50.4,50.1,12,60
6400300080,大石田畑線,大石田町・舟形町境,芦沢停車場実栗屋線,6363,0,1.2,,515,,770,1285,1.2,0.14,53,55.7,7.7,50
6400300090,大石田畑線,芦沢停車場実栗屋線,新庄次年子村山線,6363,0,3.4,,515,,770,1285,1.2,0.14,54.5,50.2,7.7,50
6400300100,大石田畑線,新庄次年子村山線,舟形町・大蔵村境,6363,0,2.8,,678,,634,1312,1.2,0.14,45.3,52.8,12,60
6400300110,大石田畑線,舟形町・大蔵村境,福寿野熊高線,6365,0,0.6,,678,,634,1312,1.2,0.15,49.8,44.4,7,60
6400300120,大石田畑線,福寿野熊高線,福寿野熊高線,6365,0,1.1,,678,,634,1312,1.2,0.15,45.4,39.6,7,60
6400300130,大石田畑線,福寿野熊高線,一般国道４５８号,6365,0,2.1,,678,,634,1312,1.2,0.15,40.4,42.5,7,60
6400300150,大石田畑線,一般国道４５８号,大蔵村・新庄市境,6365,0,3.9,,189,,195,384,1.13,0.05,44,41.2,11,60
6400300160,大石田畑線,大蔵村・新庄市境,一般国道４７号,6205,0,1.1,,189,,195,384,1.13,0.05,46.3,45.5,8.5,60
6400310010,舟形大蔵線,一般国道１３号,新庄次年子村山線,6363,0,3.7,最上郡舟形町長者原,1412,最上郡舟形町長者原,1382,2794,1.22,0.28,31.1,34.4,7,40
6400310020,舟形大蔵線,新庄次年子村山線,福寿野熊高線,6363,0,1.1,最上郡舟形町長者原,1412,最上郡舟形町長者原,1382,2794,1.22,0.28,36.2,37.5,7,40
6400310030,舟形大蔵線,福寿野熊高線,舟形町・新庄市境,6363,0,0.7,最上郡舟形町長者原,1412,最上郡舟形町長者原,1382,2794,1.22,0.28,42.5,42.5,7,40
6400310040,舟形大蔵線,舟形町・新庄市境,新庄市・大蔵村境,6205,0,0.2,最上郡舟形町長者原,1412,最上郡舟形町長者原,1382,2794,1.22,0.36,42.3,40,6.4,40
6400310050,舟形大蔵線,新庄市・大蔵村境,一般国道４５８号,6365,0,3.1,最上郡舟形町長者原,1412,最上郡舟形町長者原,1382,2794,1.22,0.33,35.5,30.9,7,60
6400320010,新庄停車場線,,泉田新庄線,6205,0,0.1,新庄市沖の町,3255,新庄市沖の町,2740,5995,1.22,0.54,6.9,11.6,20,40
6400320020,新庄停車場線,泉田新庄線,泉田新庄線,6205,0,0.4,新庄市沖の町,3255,新庄市沖の町,2740,5995,1.22,0.54,17.7,23.6,20,40
6400320030,新庄停車場線,泉田新庄線,新庄戸沢線,6205,0,0.4,新庄市沖の町,3255,新庄市沖の町,2740,5995,1.22,0.54,15.2,16.7,20,40
6400330010,庄内空港立川線,,庄内空港線,6204,0,0.2,酒田市浜中字粮畑,1514,酒田市浜中字粮畑,1515,3029,1.21,0.37,33.9,22.2,14.25,60
6400330020,庄内空港立川線,庄内空港線,山形自動車道,6204,0,1.3,酒田市浜中字粮畑,1514,酒田市浜中字粮畑,1515,3029,1.21,0.37,46.2,50.2,14.25,60
6400330030,庄内空港立川線,山形自動車道,酒田鶴岡線,6204,0,0.4,酒田市浜中字粮畑,1514,酒田市浜中字粮畑,1515,3029,1.21,0.37,40.6,28,14.25,60
6400330040,庄内空港立川線,酒田鶴岡線,酒田市・鶴岡市境,6204,0,1.6,酒田市浜中字粮畑,1514,酒田市浜中字粮畑,1515,3029,1.21,0.37,50.1,57.1,14.25,60
6400330050,庄内空港立川線,酒田市・鶴岡市境,鶴岡市・三川町境,6203,0,0.1,酒田市浜中字粮畑,1514,酒田市浜中字粮畑,1515,3029,1.21,0.37,61.7,60,12.5,60
6400330060,庄内空港立川線,鶴岡市・三川町境,一般国道７号,6426,0,0.8,酒田市浜中字粮畑,1514,酒田市浜中字粮畑,1515,3029,1.21,0.39,53.6,43.6,14.5,60
6400330070,庄内空港立川線,一般国道７号,小浜猪子線,6426,0,0.5,酒田市浜中字粮畑,1514,酒田市浜中字粮畑,1515,3029,1.21,0.39,13.4,21.7,14.5,60
6400330080,庄内空港立川線,小浜猪子線,余目加茂線,6426,0,0.6,東田川郡三川町大字猪子,2645,東田川郡三川町大字猪子,2624,5269,1.22,0.4,37.4,29.3,14.25,40
6400330090,庄内空港立川線,余目加茂線,余目加茂線,6426,0,0.7,東田川郡三川町大字猪子,2645,東田川郡三川町大字猪子,2624,5269,1.22,0.4,30.3,32.6,14.25,40
6400330100,庄内空港立川線,余目加茂線,鶴岡広野線,6426,0,0.7,鶴岡市長沼,1421,鶴岡市長沼,1444,2865,1.22,0.38,40.1,45.6,8.8,50
6400330110,庄内空港立川線,鶴岡広野線,三川町・鶴岡市境,6426,0,1.7,鶴岡市長沼,1421,鶴岡市長沼,1444,2865,1.22,0.38,42.5,50.8,8.8,50
6400330120,庄内空港立川線,三川町・鶴岡市境,長沼八色木線,6203,0,0.3,鶴岡市長沼,1421,鶴岡市長沼,1444,2865,1.22,0.34,37.2,30.8,13.5,60
6400330130,庄内空港立川線,長沼八色木線,鶴岡市・庄内町境,6203,0,2.5,鶴岡市長沼,1421,鶴岡市長沼,1444,2865,1.22,0.34,52.8,53,13.5,60
6400330140,庄内空港立川線,鶴岡市・庄内町境,余目温海線,6428,0,0.1,鶴岡市長沼,1421,鶴岡市長沼,1444,2865,1.22,0.34,55.2,54.1,16.5,50
6400330150,庄内空港立川線,余目温海線,余目温海線,6428,0,0.3,,1119,,1090,2209,1.22,0.24,39.6,52.1,16.5,50
6400330155,庄内空港立川線,余目温海線,余目温海線,6428,0,0.1,,1119,,1090,2209,1.22,0.24,54.8,28.9,16.5,50
6400330160,庄内空港立川線,余目温海線,西袋廻館線,6428,0,0.3,,1119,,1090,2209,1.22,0.24,29.1,26.7,16.5,50
6400330170,庄内空港立川線,西袋廻館線,中川代川尻余目線,6428,0,2.4,,1119,,1090,2209,1.22,0.24,49.5,52.6,16.5,50
6400330180,庄内空港立川線,中川代川尻余目線,中川代川尻余目線,6428,0,0.3,,1119,,1090,2209,1.22,0.24,54.4,53.2,16.5,50
6400330190,庄内空港立川線,中川代川尻余目線,一般国道３４５号,6428,0,2,,1119,,1090,2209,1.22,0.24,41.8,40.4,16.5,50
6400330200,庄内空港立川線,一般国道３４５号,羽黒立川線,6428,0,1.1,,1119,,1090,2209,1.22,0.24,28.7,26.7,16.5,50
6400340010,新庄戸沢線,新庄長沢尾花沢線（旧一般国道４７号）,瀬見新庄線,6205,0,0.2,新庄市上金沢町,2329,新庄市上金沢町,2359,4688,1.22,0.49,12.7,17.1,12,40
6400340020,新庄戸沢線,瀬見新庄線,新庄停車場線,6205,0,1.5,新庄市上金沢町,2329,新庄市上金沢町,2359,4688,1.22,0.49,22.8,23.7,12,40
6400340030,新庄戸沢線,新庄停車場線,新庄戸沢線,6205,0,0.5,新庄市上金沢町,2329,新庄市上金沢町,2359,4688,1.22,0.49,20.8,19.9,12,40
6400340040,新庄戸沢線,新庄戸沢線,新庄次年子村山線,6205,0,0.4,新庄市大字枡形字上ミ野,2238,新庄市大字桝形字上ミ野,2097,4335,1.22,0.46,17.9,16,12,40
6400340050,新庄戸沢線,新庄次年子村山線,一般国道４５８号,6205,0,4.4,新庄市大字枡形字上ミ野,2238,新庄市大字桝形字上ミ野,2097,4335,1.22,0.46,46.8,47.9,12,40
6400340060,新庄戸沢線,一般国道４５８号,新庄市・戸沢村境,6205,0,3.9,最上郡戸沢村大字古口字岩花,990,最上郡戸沢村大字古口字岩花,939,1929,1.22,0.22,49.9,51.4,12.4,50
6400340070,新庄戸沢線,新庄市・戸沢村境,新庄鮭川戸沢線,6367,0,2.2,最上郡戸沢村大字古口字岩花,990,最上郡戸沢村大字古口字岩花,939,1929,1.22,0.21,40.6,43.2,12,50
6400340075,新庄戸沢線,新庄鮭川戸沢線,一般国道４７号（新庄古口道路）,6367,0,0.8,最上郡戸沢村大字古口字岩花,990,最上郡戸沢村大字古口字岩花,939,1929,1.22,0.21,42.3,45.8,12,50
6400340080,新庄戸沢線,一般国道４７号（新庄古口道路）,一般国道４７号,6367,0,1.9,最上郡戸沢村大字古口字岩花,990,最上郡戸沢村大字古口字岩花,939,1929,1.22,0.21,48,47.2,12,50
6400340100,新庄戸沢線,一般国道１３号（尾花沢新庄道路）,新庄長沢尾花沢線（旧一般国道４７号）,6205,0,0.9,新庄市大字松本字向野,3604,新庄市大字松本字向野,4036,7640,1.23,0.69,31.1,28.1,14,50
6400340110,新庄戸沢線,新庄長沢尾花沢線（旧一般国道４７号）,新庄戸沢線,6205,0,1.1,新庄市大字松本字向野,3604,新庄市大字松本字向野,4036,7640,1.23,0.69,28.1,23.8,14,50
6400350008,真室川鮭川線,一般国道１３号,町道（旧真室川鮭川線）,6364,0,7.3,最上郡真室川町大字釜淵字八敷代,336,最上郡真室川町大字釜淵字八敷代,360,696,1.17,0.13,49.5,51.5,6,40
6400350140,真室川鮭川線,町道（旧真室川鮭川線）,町道（旧真室川鮭川線）,6364,0,1,最上郡鮭川村大字佐渡字日下,1485,最上郡鮭川村大字佐渡字日下,1681,3166,1.22,0.41,61.2,63,10,60
6400350010,真室川鮭川線,町道（旧真室川鮭川線）,釜渕中田線,6364,0,3,最上郡真室川町大字釜淵字八敷代,336,最上郡真室川町大字釜淵字八敷代,360,696,1.17,0.1,50.4,56.2,10,60
6400350020,真室川鮭川線,釜渕中田線,砂子沢小又釜渕線,6364,0,0.5,最上郡真室川町大字川の内字安久土,1297,最上郡真室川町大字川の内字安久土,1720,3017,1.23,0.32,31.5,40.5,8,40
6400350030,真室川鮭川線,砂子沢小又釜渕線,一般国道３４４号,6364,0,8.9,最上郡真室川町大字川の内字安久土,1297,最上郡真室川町大字川の内字安久土,1720,3017,1.23,0.32,46.4,41.9,8,40
6400350040,真室川鮭川線,一般国道３４４号,赤坂真室川線,6364,0,0.1,最上郡鮭川村大字佐渡字日下,1485,最上郡鮭川村大字佐渡字日下,1681,3166,1.22,0.47,15,22.7,8,40
6400350050,真室川鮭川線,赤坂真室川線,一般国道３４４号,6364,0,0.3,最上郡鮭川村大字佐渡字日下,1485,最上郡鮭川村大字佐渡字日下,1681,3166,1.22,0.47,18.3,14.5,8,40
6400350060,真室川鮭川線,一般国道３４４号,蟻喰羽前豊里停車場線,6364,0,1.8,最上郡鮭川村大字佐渡字日下,1485,最上郡鮭川村大字佐渡字日下,1681,3166,1.22,0.46,32.7,40.2,13,40
6400350070,真室川鮭川線,蟻喰羽前豊里停車場線,真室川町・鮭川村境,6364,0,0.6,最上郡鮭川村大字佐渡字日下,1485,最上郡鮭川村大字佐渡字日下,1681,3166,1.22,0.46,50.6,52.5,13,40
6400350080,真室川鮭川線,真室川町・鮭川村境,蟻喰羽前豊里停車場線,6366,0,0.1,最上郡鮭川村大字佐渡字日下,1485,最上郡鮭川村大字佐渡字日下,1681,3166,1.22,0.44,50.5,51,12.1,40
6400350090,真室川鮭川線,蟻喰羽前豊里停車場線,新庄鮭川戸沢線,6366,0,0.8,最上郡鮭川村大字佐渡字日下,1485,最上郡鮭川村大字佐渡字日下,1681,3166,1.22,0.44,44.9,43.2,12.1,40
6400350100,真室川鮭川線,新庄鮭川戸沢線,新庄鮭川戸沢線,6366,0,0.2,最上郡鮭川村大字佐渡字日下,1485,最上郡鮭川村大字佐渡字日下,1681,3166,1.22,0.44,24.7,30,12.1,40
6400350110,真室川鮭川線,新庄鮭川戸沢線,曲川新庄線,6366,0,1.1,最上郡鮭川村大字佐渡字日下,1485,最上郡鮭川村大字佐渡字日下,1681,3166,1.22,0.44,48.8,43.4,12.1,40
6400350120,真室川鮭川線,曲川新庄線,一般国道４５８号,6366,0,3.3,最上郡鮭川村大字佐渡字日下,1485,最上郡鮭川村大字佐渡字日下,1681,3166,1.22,0.44,44.2,45.3,12.1,40
6400360010,新庄次年子村山線,一般国道４５８号,新庄戸沢線,6205,0,1.6,新庄市城西町,4196,新庄市城西町,3762,7958,1.23,0.77,20.6,19.3,12,40
6400360020,新庄次年子村山線,新庄戸沢線,新庄長沢尾花沢線（旧一般国道４７号）,6205,0,1.3,新庄市城西町,4196,新庄市城西町,3762,7958,1.23,0.77,38.3,28.1,12,40
6400360030,新庄次年子村山線,新庄長沢尾花沢線（旧一般国道４７号）,角沢鳥越線,6205,0,2.6,,1020,,955,1975,1.22,0.24,47.8,50.9,10,40
6400360040,新庄次年子村山線,角沢鳥越線,新庄舟形線,6205,0,2.1,,1020,,955,1975,1.22,0.24,48.8,49.5,10,40
6400360050,新庄次年子村山線,新庄舟形線,新庄市・舟形町境,6205,0,1.2,,965,,877,1842,1.2,0.26,55,51.2,10,40
6400360060,新庄次年子村山線,新庄市・舟形町境,舟形大蔵線,6363,0,1.1,,965,,877,1842,1.2,0.25,47.8,46.3,10,40
6400360070,新庄次年子村山線,舟形大蔵線,大石田畑線,6363,0,3.6,,965,,877,1842,1.2,0.25,46.3,47.4,10,40
6400360080,新庄次年子村山線,大石田畑線,舟形町・大石田町境,6363,0,10.8,,965,,877,1842,1.2,0.25,33.1,33.1,10,40
6400360090,新庄次年子村山線,舟形町・大石田町境,次年子大浦線,6341,0,0.6,,965,,877,1842,1.2,0.25,31.3,31.3,9.25,60
6400360100,新庄次年子村山線,次年子大浦線,大石田町・村山市境,6341,0,4.2,,461,,454,915,1.17,0.12,54.1,58.7,9.25,60
6400360110,新庄次年子村山線,大石田町・村山市境,一般国道３４７号,6208,0,6.4,,461,,454,915,1.17,0.11,47.5,56.1,12.5,60
6400360120,新庄次年子村山線,一般国道３４７号,村山大石田線,6208,0,2.8,村山市大字富並字境ノ目,1741,村山市大字富並字境ノ目,1717,3458,1.21,0.54,32.8,37.4,13.5,50
6400360130,新庄次年子村山線,村山大石田線,村山大石田線,6208,0,0.9,村山市大字富並字境ノ目,1741,村山市大字富並字境ノ目,1717,3458,1.21,0.54,54.2,56.8,13.5,50
6400360140,新庄次年子村山線,村山大石田線,一般国道１３号,6208,0,2.4,村山市大字富並字境ノ目,1741,村山市大字富並字境ノ目,1717,3458,1.21,0.54,49.1,32.1,13.5,50
6400360150,新庄次年子村山線,一般国道１３号,東根尾花沢線,6208,0,0.3,村山市大字富並字境ノ目,1741,村山市大字富並字境ノ目,1717,3458,1.21,0.54,11.5,15.2,13.5,50
6400380010,酒田鶴岡線,一般国道７号,宮野浦坂野辺新田線,6204,0,0.6,酒田市浜中字小浜,4870,酒田市浜中字小浜,5200,10070,1.23,0.72,17.6,23.3,32.8,50
6400380020,酒田鶴岡線,宮野浦坂野辺新田線,浜中余目線,6204,0,3.4,酒田市浜中字小浜,4870,酒田市浜中字小浜,5200,10070,1.23,0.94,46,47.8,16.5,60
6400380030,酒田鶴岡線,浜中余目線,酒田市・三川町境,6204,0,1.4,酒田市浜中字小浜,4870,酒田市浜中字小浜,5200,10070,1.23,0.94,48.3,54.1,16.5,60
6400380040,酒田鶴岡線,酒田市・三川町境,小浜猪子線,6426,0,0.2,酒田市浜中字小浜,4870,酒田市浜中字小浜,5200,10070,1.23,1,47.3,47.4,10.75,60
6400380050,酒田鶴岡線,小浜猪子線,三川町・酒田市境,6426,0,0.1,鶴岡市茨新田,3330,鶴岡市茨新田,3585,6915,1.23,0.85,53.8,50.2,11,60
6400380060,酒田鶴岡線,三川町・酒田市境,浜中余目線,6204,0,0.7,鶴岡市茨新田,3330,鶴岡市茨新田,3585,6915,1.23,0.81,57.1,59.3,11.75,60
6400380070,酒田鶴岡線,浜中余目線,庄内空港立川線,6204,0,2,鶴岡市茨新田,3330,鶴岡市茨新田,3585,6915,1.23,0.81,58.7,58.8,11.75,60
6400380080,酒田鶴岡線,庄内空港立川線,酒田市・鶴岡市境,6204,0,0.6,鶴岡市茨新田,3330,鶴岡市茨新田,3585,6915,1.23,0.81,45.1,44,11.75,60
6400380090,酒田鶴岡線,酒田市・鶴岡市境,余目加茂線,6203,0,2.8,鶴岡市茨新田,3330,鶴岡市茨新田,3585,6915,1.23,0.82,54.8,54.9,12.5,50
6400380100,酒田鶴岡線,余目加茂線,藤島由良線,6203,0,4.4,鶴岡市馬町字駒繋,4336,鶴岡市馬町字駒繋,4668,9004,1.23,0.79,45.1,46.9,12.5,50
6400380110,酒田鶴岡線,藤島由良線,一般国道１１２号,6203,0,1.2,鶴岡市馬町字駒繋,4336,鶴岡市馬町字駒繋,4668,9004,1.23,0.79,33.4,24.3,12.5,50
6300470330,酒田鶴岡線,余目温海線,庄内町・酒田市境,6428,0,0.2,酒田市落野目,2880,酒田市落野目,2583,5463,1.24,0.55,21.3,44,10,60
6300470340,酒田鶴岡線,庄内町・酒田市境,家根合新堀線,6204,0,0.2,酒田市落野目,2880,酒田市落野目,2583,5463,1.24,0.56,45.5,47.1,18,60
6300470350,酒田鶴岡線,家根合新堀線,,6204,0,2,酒田市落野目,2880,酒田市落野目,2583,5463,1.24,0.56,56,54.9,18,60
6300470370,酒田鶴岡線,,一般国道７号,6204,0,2.2,酒田市落野目,2880,酒田市落野目,2583,5463,1.24,0.39,59.5,65,28,60
6400380130,酒田鶴岡線,一般国道１１２号,一般国道７号,6203,0,4.6,,941,,847,1788,1.21,0.28,39.8,38.1,7.5,40
6400400010,酒田松山線,一般国道１１２号,酒田港線,6204,0,0.4,酒田市緑町,9427,酒田市緑町,9046,18473,1.26,0.81,14.8,14.8,25,40
6400400020,酒田松山線,酒田港線,一般国道７号,6204,0,1.6,酒田市緑町,9427,酒田市緑町,9046,18473,1.26,0.81,21.7,20.8,25,40
6400400030,酒田松山線,山形自動車道,安田砂越停車場線,6204,0,1.7,酒田市茨野新田字大坪,4662,酒田市茨野新田字大坪,4537,9199,1.25,0.91,56.2,55.9,13.5,60
6400400040,酒田松山線,安田砂越停車場線,酒田松山線,6204,0,0.9,酒田市茨野新田字大坪,4662,酒田市茨野新田字大坪,4537,9199,1.25,0.83,55.2,48.6,12,60
6400400110,酒田松山線,酒田松山線,一般国道３４５号,6204,0,2,酒田市飛鳥字八乙女,3629,酒田市飛鳥字八乙女,3142,6771,1.23,0.7,39,18,13,60
6400400150,酒田松山線,一般国道３４５号,,6204,0,0.3,,224,,224,448,1.12,0.06,24.8,27.4,13.2,60
6400400080,酒田松山線,,円能寺砂越停車場線,6204,0,0.6,,224,,224,448,1.12,0.06,47.9,46.2,13.2,60
6400400090,酒田松山線,円能寺砂越停車場線,一般国道３４５号,6204,0,1.9,,224,,224,448,1.12,0.06,40.9,40.7,13.2,60
6400410010,酒田停車場線,,酒田港線,6204,0,0.3,酒田市相生町一丁目,2546,酒田市相生町一丁目,2282,4828,1.22,0.54,13.2,16.5,15,40
6400410020,酒田停車場線,酒田港線,一般国道１１２号,6204,0,0.3,酒田市相生町一丁目,2546,酒田市相生町一丁目,2282,4828,1.22,0.54,26.4,29.4,15,40
6400420010,酒田港線,,吹浦酒田線,6204,0,0.5,酒田市中町三丁目,3063,酒田市中町三丁目,3460,6523,1.22,0.64,22.7,26.4,14.25,30
6400420020,酒田港線,吹浦酒田線,一般国道１１２号,6204,0,0.4,酒田市中町三丁目,3063,酒田市中町三丁目,3460,6523,1.22,0.64,15.6,17.2,14.25,30
6400420040,酒田港線,酒田松山線,酒田停車場線,6204,0,0.8,酒田市泉町,7088,酒田市泉町,6780,13868,1.25,0.95,18.7,20.7,21,50
6400420050,酒田港線,酒田停車場線,吹浦酒田線,6204,0,1.1,酒田市泉町,7088,酒田市泉町,6780,13868,1.25,0.95,19.6,22,21,50
6400420060,酒田港線,吹浦酒田線,一般国道７号,6204,0,1.4,酒田市泉町,7088,酒田市泉町,6780,13868,1.25,0.95,22.4,19,21,50
6400430010,余目加茂線,砂越余目線,余目温海線,6428,0,0.6,,1787,,1955,3742,1.17,0.46,17.1,18.3,10.5,50
6400430020,余目加茂線,余目温海線,東沼長沼余目線,6428,0,0.6,,1787,,1955,3742,1.17,0.46,27.6,33.1,10.5,50
6400430030,余目加茂線,東沼長沼余目線,家根合新堀線,6428,0,2.9,,1787,,1955,3742,1.17,0.46,46.9,47.3,10.5,50
6400430040,余目加茂線,家根合新堀線,庄内町・三川町境,6428,0,0.8,,1787,,1955,3742,1.17,0.46,40.3,37.6,10.5,50
6400430050,余目加茂線,庄内町・三川町境,鶴岡広野線,6426,0,2.5,,1787,,1955,3742,1.17,0.47,46.8,36,10.7,50
6400430060,余目加茂線,鶴岡広野線,庄内空港立川線,6426,0,0.1,,1787,,1955,3742,1.17,0.52,22.5,19.3,13.7,50
6400430080,余目加茂線,庄内空港立川線,東沼長沼余目線,6426,0,2.9,鶴岡市辻興屋,1417,鶴岡市辻興屋,1430,2847,1.22,0.35,50.3,50.4,11.7,40
6400430090,余目加茂線,東沼長沼余目線,三川町・鶴岡市境,6426,0,1.4,鶴岡市辻興屋,1417,鶴岡市辻興屋,1430,2847,1.22,0.35,58.2,58.1,11.7,40
6400430100,余目加茂線,三川町・鶴岡市境,面野山鶴岡線,6203,0,0.3,鶴岡市辻興屋,1417,鶴岡市辻興屋,1430,2847,1.22,0.33,54.3,59,12.5,40
6400430110,余目加茂線,面野山鶴岡線,酒田鶴岡線,6203,0,1.1,鶴岡市辻興屋,1417,鶴岡市辻興屋,1430,2847,1.22,0.33,50.2,34.3,12.5,40
6400430120,余目加茂線,酒田鶴岡線,一般国道１１２号,6203,0,2.9,鶴岡市辻興屋,1417,鶴岡市辻興屋,1430,2847,1.22,0.33,44,44.6,12.5,40
6400440060,余目温海線,余目松山線,庄内空港立川線,6428,0,3.8,東田川郡庄内町払田字村東,1630,東田川郡庄内町払田字村東,1443,3073,1.23,0.33,45.3,51,11.5,30
6300470280,余目温海線,余目松山線,余目加茂線,6428,0,0.5,,5521,,5896,11417,1.24,0.8,23.5,20,16,40
6300470290,余目温海線,余目温海線,余目温海線,6428,0,0.4,,5521,,5896,11417,1.24,0.8,39.9,51,16,40
6300470300,余目温海線,余目温海線,庄内町・酒田市境,6428,0,0.2,,5521,,5896,11417,1.24,0.8,45.2,47.4,16,40
6300470310,余目温海線,庄内町・酒田市境,酒田市・庄内町境,6204,0,0.2,,5521,,5896,11417,1.24,0.68,57.5,56.8,13,60
6300470320,余目温海線,酒田市・庄内町境,庄内町道（旧　余目温海線）,6428,0,0.5,,5521,,5896,11417,1.24,0.68,56.9,57.4,10,60
6400440075,余目温海線,庄内空港立川線,余目温海線,6428,0,0.1,東田川郡庄内町払田字村東,1630,東田川郡庄内町払田字村東,1443,3073,1.23,11.15,57.1,51.3,4.5,40
6400440080,余目温海線,余目温海線,庄内町・鶴岡市境,6428,0,0.2,鶴岡市藤島,1969,鶴岡市藤島,1906,3875,1.22,0.43,53.4,47.5,10.25,40
6400440090,余目温海線,庄内町・鶴岡市境,長沼八色木線,6203,0,1.8,鶴岡市藤島,1969,鶴岡市藤島,1906,3875,1.22,0.39,56,53.6,12.65,40
6400440100,余目温海線,長沼八色木線,藤島由良線,6203,0,1.9,鶴岡市藤島,1969,鶴岡市藤島,1906,3875,1.22,0.39,44.5,42,12.65,40
6400440110,余目温海線,藤島由良線,一般国道３４５号,6203,0,0.3,鶴岡市藤島,1969,鶴岡市藤島,1906,3875,1.22,0.39,40,18.8,12.65,40
6400440130,余目温海線,一般国道３４５号,添川上藤島線,6203,0,1.3,,979,,993,1972,1.22,0.24,40,50.6,10,40
6400440140,余目温海線,添川上藤島線,鶴岡羽黒線,6203,0,3.9,,979,,993,1972,1.22,0.24,51.4,47.3,10,40
6400440150,余目温海線,鶴岡羽黒線,たらのき代鶴岡線,6203,0,5.5,,979,,993,1972,1.22,0.24,44.6,47,10,40
6400440160,余目温海線,たらのき代鶴岡線,鶴岡村上線,6203,0,5.4,鶴岡市東岩本,1300,鶴岡市東岩本,1346,2646,1.21,0.36,41.9,35.7,10,40
6400440170,余目温海線,鶴岡村上線,山形自動車道,6203,0,1.6,鶴岡市東岩本,1300,鶴岡市東岩本,1346,2646,1.21,0.37,52.3,52.6,12,50
6400440180,余目温海線,山形自動車道,一般国道１１２号,6203,0,1.3,鶴岡市東岩本,1300,鶴岡市東岩本,1346,2646,1.21,0.37,49.6,44.8,12,50
6400440190,余目温海線,一般国道１１２号,鶴岡村上線,6203,0,2.8,鶴岡市本郷,1390,鶴岡市本郷,1307,2697,1.22,0.35,41.6,48.4,12,50
6400440210,余目温海線,一般国道３４５号,温海川木野俣大岩川線,6203,0,11.3,鶴岡市本郷,1390,鶴岡市本郷,1307,2697,1.22,0.33,36.1,37.9,11.5,60
6400440219,余目温海線,温海川木野俣大岩川線,市道（旧余目温海線）,6203,0,1.1,鶴岡市温海,2094,鶴岡市温海,2325,4419,1.22,0.75,44.8,47.1,11.5,60
6400440240,余目温海線,市道（旧余目温海線）,一般国道７号,6203,0,0.1,鶴岡市温海,2094,鶴岡市温海,2325,4419,1.22,0.5,16.8,14.4,15.5,60
6400440260,余目温海線,庄内空港立川線,余目温海線,6428,0,0.1,,1682,,1407,3089,1.23,0.38,25.8,51.6,10.25,40
6300470285,余目温海線,余目加茂線,余目温海線,6428,0,1.1,,5521,,5896,11417,1.24,0.84,20,26.1,16,40
6300470325,余目温海線,余目温海線,一般国道４７号（余目酒田道路）,6428,0,0.9,,5521,,5896,11417,1.24,0.72,51,49,10,60
6400450010,立川羽黒山線,一般国道４７号,大中島工藤沢線,6428,0,13.3,東田川郡庄内町肝煎字東前田,497,東田川郡庄内町肝煎字東前田,472,969,1.17,0.11,50,52.1,8.5,60
6400450020,立川羽黒山線,大中島工藤沢線,庄内町・鶴岡市境,6428,0,3.7,東田川郡庄内町肝煎字東前田,497,東田川郡庄内町肝煎字東前田,472,969,1.17,0.11,55.2,56.8,8.5,60
6400450030,立川羽黒山線,庄内町・鶴岡市境,鶴岡羽黒線,6203,0,0.9,東田川郡庄内町肝煎字東前田,497,東田川郡庄内町肝煎字東前田,472,969,1.17,0.12,51.5,27.1,10.5,60
6400460010,羽黒立川線,鶴岡羽黒線,添川上藤島線,6203,0,4.1,,764,,836,1600,1.21,0.19,42.2,48.1,7,40
6400460020,羽黒立川線,添川上藤島線,鶴岡市・庄内町境,6203,0,0.9,,764,,836,1600,1.21,0.19,50.7,49.9,7,40
6400460030,羽黒立川線,鶴岡市・庄内町境,添津藤島停車場線,6428,0,1.3,,764,,836,1600,1.21,0.19,51,55.3,11,50
6400460040,羽黒立川線,添津藤島停車場線,庄内空港立川線,6428,0,3.9,,764,,836,1600,1.21,0.19,38.9,35.9,11,50
6400460050,羽黒立川線,庄内空港立川線,一般国道４７号,6428,0,2.7,東田川郡庄内町狩川字東興野,886,東田川郡庄内町狩川字東興野,859,1745,1.2,0.27,40.7,36.2,11,50
6400470010,鶴岡羽黒線,一般国道７号,面野山鶴岡線,6203,0,0.7,鶴岡市苗津,4504,鶴岡市苗津,5100,9604,1.23,0.68,19.2,17.8,18,40
6400470020,鶴岡羽黒線,面野山鶴岡線,鶴岡村上線,6203,0,2,鶴岡市苗津,4504,鶴岡市苗津,5100,9604,1.23,0.68,20.9,18.8,18,40
6400470030,鶴岡羽黒線,鶴岡村上線,たらのき代鶴岡線,6203,0,0.6,鶴岡市苗津,4504,鶴岡市苗津,5100,9604,1.23,0.68,11.6,16.4,18,40
6400470040,鶴岡羽黒線,たらのき代鶴岡線,一般国道１１２号,6203,0,1.4,鶴岡市苗津,4504,鶴岡市苗津,5100,9604,1.23,0.68,20.6,21.2,18,40
6400470050,鶴岡羽黒線,一般国道１１２号,余目温海線,6203,0,3.5,鶴岡市日の出二丁目,6585,鶴岡市日の出二丁目,6334,12919,1.25,1.23,30.2,40.5,18,40
6400470060,鶴岡羽黒線,余目温海線,藤島羽黒線,6203,0,3.8,鶴岡市羽黒町荒川,3586,鶴岡市羽黒町荒川,3350,6936,1.23,0.61,36.7,34.4,9.5,40
6400470070,鶴岡羽黒線,藤島羽黒線,羽黒立川線,6203,0,1.6,鶴岡市羽黒町荒川,3586,鶴岡市羽黒町荒川,3350,6936,1.23,0.61,48.3,45.8,9.5,40
6400470080,鶴岡羽黒線,羽黒立川線,鶴岡市道（旧　鶴岡羽黒線）,6203,0,3.2,鶴岡市羽黒町荒川,3586,鶴岡市羽黒町荒川,3350,6936,1.23,0.58,53,55,10,60
6400470090,鶴岡羽黒線,鶴岡市道（旧　鶴岡羽黒線）,立川羽黒山線,6203,0,0.3,鶴岡市羽黒町荒川,3586,鶴岡市羽黒町荒川,3350,6936,1.23,0.58,48.6,47.6,10,60
6400470110,鶴岡羽黒線,鶴岡市道（旧　鶴岡羽黒線）,,6203,0,1.5,,894,,778,1672,1.21,0.23,54.7,59.5,11.9,60
6400470130,鶴岡羽黒線,,鶴岡市道（旧　鶴岡羽黒線）,6203,0,1.5,,,,,,,,61.9,62.8,11.9,60
6400480010,鶴岡停車場線,,鶴岡村上線,6203,0,0.3,鶴岡市末広町,2288,鶴岡市末広町,1712,4000,1.22,0.33,12.3,9.3,22,40
6400490010,山形山辺線,山形山寺線,一般国道１１２号,6201,0,0.2,山形市旅篭町三丁目,5072,山形市旅篭町三丁目,8341,13413,1.3,1.19,13,11.3,19.4,40
6400490030,山形山辺線,一般国道１１２号,市道,6201,0,0.1,山形市城南町五丁目,6888,山形市城南町五丁目,8002,14890,1.25,0.63,15.5,8,20,50
6400490040,山形山辺線,市道,山形朝日線,6201,0,1.1,山形市城南町五丁目,6888,山形市城南町五丁目,8002,14890,1.25,0.63,14,19.4,20,50
6400490050,山形山辺線,山形朝日線,一般国道１１２号,6201,0,1.3,山形市西田三丁目,18788,山形市西田三丁目,19226,38014,1.31,1.38,18.5,26.3,20,50
6400490065,山形山辺線,一般国道１１２号,山形山辺線,6201,0,3.1,山形市大字吉野宿,3514,山形市大字吉野宿,3052,6566,1.24,0.82,31.1,35.4,8.75,30
6400490070,山形山辺線,山形山辺線,山形市・山辺町境,6201,0,0.5,山形市大字吉野宿,3514,山形市大字吉野宿,3052,6566,1.24,0.82,49.5,47.9,8.75,30
6400490080,山形山辺線,山形市・山辺町境,町道（旧山形朝日線）,6301,0,0.7,山形市大字吉野宿,3514,山形市大字吉野宿,3052,6566,1.24,1.01,21.1,16.3,15.5,40
6400180080,山形山辺線（旧山形朝日線）,町道（旧山形朝日線）,町道（旧一般国道４５８号）,6301,0,0.1,山形市大字吉野宿,3514,山形市大字吉野宿,3052,6566,1.24,0.95,10.6,7.9,7.4,30
6304580440,山形山辺線（旧山形朝日線）,町道（旧一般国道４５８号）,,6301,0,0.1,山形市大字吉野宿,3514,山形市大字吉野宿,3052,6566,1.24,0.95,11,12.5,7.4,30
6400180095,山形山辺線（旧山形朝日線）,,一般国道４５８号,6301,0,0.1,山形市大字吉野宿,3514,山形市大字吉野宿,3052,6566,1.24,0.95,14,15.1,7.4,30
6400490210,山形山辺線,町道（旧一般国道４５８号）,町道（旧山形山辺線）,6301,0,1.1,山辺町大字要害,981,山辺町大字要害,1425,2406,1.22,0.37,34.2,36.4,10,60
6400490220,山形山辺線,町道（旧山形山辺線）,下原山形停車場線,6301,0,1.9,山辺町大字要害,981,山辺町大字要害,1425,2406,1.22,0.4,45.6,46.3,10,50
6400490110,山形山辺線,下原山形停車場線,山辺町・山形市境,6301,0,0.6,,232,,237,469,1.12,0.06,25.7,28.5,7.75,60
6400490120,山形山辺線,山辺町・山形市境,山形市・山辺町境,6201,0,1.1,,232,,237,469,1.12,0.06,38.1,38.3,7.75,60
6400490130,山形山辺線,山形市・山辺町境,山辺町・山形市境,6301,0,0.2,,232,,237,469,1.12,0.06,31.3,37.2,7.75,60
6400490140,山形山辺線,山辺町・山形市境,山形市・山辺町境,6201,0,3.5,,232,,237,469,1.12,0.06,47.6,24.8,8,40
6400490150,山形山辺線,山形市・山辺町境,山形白鷹線,6301,0,5.7,,232,,237,469,1.12,0.06,39.1,40.9,9,40
6400490240,山形山辺線,一般国道１１２号,山形山辺線,6201,0,0.2,,,,,,,,17.1,25.5,12.5,60
6500490260,山形山辺線,山形山辺線,山形山辺線,6201,0,1.8,,,,,,,,47.9,52,12.5,60
6400500010,藤島由良線,余目温海線,藤島羽黒線,6203,0,1.1,東田川郡三川町大字横内字日野宮,2665,東田川郡三川町大字横内字日野宮,2534,5199,1.21,0.71,26.8,30.8,7,50
6400500020,藤島由良線,藤島羽黒線,鶴岡市・三川町境,6203,0,2.3,東田川郡三川町大字横内字日野宮,2665,東田川郡三川町大字横内字日野宮,2534,5199,1.21,0.71,27.7,23.1,7,50
6400500030,藤島由良線,鶴岡市・三川町境,鶴岡広野線,6426,0,2.8,東田川郡三川町大字横内字日野宮,2665,東田川郡三川町大字横内字日野宮,2534,5199,1.21,0.62,47.9,38.7,17,50
6400500040,藤島由良線,鶴岡広野線,三川町・鶴岡市境,6426,0,0.4,東田川郡三川町大字横山,7638,東田川郡三川町大字横山,7124,14762,1.23,1.2,27.1,18.7,11.6,40
6400500050,藤島由良線,三川町・鶴岡市境,鶴岡広野線,6203,0,0.2,東田川郡三川町大字横山,7638,東田川郡三川町大字横山,7124,14762,1.23,1.07,37.1,24.2,10.3,40
6400500060,藤島由良線,鶴岡広野線,面野山鶴岡線,6203,0,4.1,,609,,464,1073,1.19,0.17,42.4,45.6,8.5,50
6400500070,藤島由良線,面野山鶴岡線,酒田鶴岡線,6203,0,3.9,,609,,464,1073,1.19,0.17,52.9,54.1,8.5,50
6400500090,藤島由良線,一般国道１１２号,羽前水沢停車場由良線,6203,0,6.9,,669,,641,1310,1.2,0.15,47.8,48,12.5,50
6400500100,藤島由良線,羽前水沢停車場由良線,一般国道７号,6203,0,1.5,,669,,641,1310,1.2,0.15,45.3,39.3,12.5,50
6400500120,藤島由良線,一般国道７号,,6203,0,0.3,,652,,586,1238,1.19,0.16,26.6,30.1,13,60
6400510010,山形上山線,山形朝日線,下原山形停車場線,6201,0,0.6,山形市あかねヶ丘一丁目,16213,山形市あかねヶ丘一丁目,13735,29948,1.31,0.94,20.1,14.8,20,50
6400510020,山形上山線,下原山形停車場線,山形白鷹線,6201,0,1.2,山形市あかねヶ丘一丁目,16213,山形市あかねヶ丘一丁目,13735,29948,1.31,0.94,23.2,31.9,20,50
6400510040,山形上山線,一般国道３４８号,蔵王成沢長谷堂線,6201,0,2.5,山形市大字谷柏,11517,山形市大字谷柏,12774,24291,1.27,0.67,24.7,30.2,30,60
6400510050,山形上山線,蔵王成沢長谷堂線,山形市・上山市境,6201,0,3,山形市大字松原,10984,山形市大字松原,11575,22559,1.27,0.61,42.9,46.8,30,60
6400510060,山形上山線,山形市・上山市境,十日町山形線,6207,0,1.2,上山市金瓶字高谷山,7581,上山市金瓶字高谷山,7924,15505,1.25,0.59,37.9,35.3,32,50
6400510070,山形上山線,十日町山形線,白石上山線,6207,0,0.7,上山市金瓶字高谷山,7581,上山市金瓶字高谷山,7924,15505,1.25,1.39,25.9,24.9,12.5,40
6400510080,山形上山線,白石上山線,市道（旧一般国道４５８号）,6207,0,0.7,上山市金瓶字高谷山,7581,上山市金瓶字高谷山,7924,15505,1.25,1.39,34.6,32.2,12.5,40
6304580539,山形上山線,市道（旧一般国道４５８号）,一般国道４５８号,6207,0,0.3,上山市金瓶字高谷山,7581,上山市金瓶字高谷山,7924,15505,1.25,1.51,30.3,27.5,16.4,50
6300130289,山形上山線,南陽川西線,一般国道１３号,6207,0,2.5,上山市中山,406,上山市中山,700,1106,1.2,0.18,43.6,34.3,12.7,60
6400520010,山北関川線,主要地方道山北関川線,一般国道３４５号,6203,0,2,,160,,188,348,1.13,1.29,32.9,27.8,4.5,60
6400530010,山形永野線,一般国道１３号,妙見寺西蔵王公園線,6201,0,4.8,山形市小立四丁目,1683,山形市小立四丁目,1766,3449,1.22,0.45,31,35.8,9,40
6400530020,山形永野線,妙見寺西蔵王公園線,蔵王公園線,6201,0,5.5,,934,,961,1895,1.21,0.2,47.3,49.8,9,40
6400530040,山形永野線,蔵王公園線,山形市・上山市境,6201,0,0.1,,676,,720,1396,1.2,0.21,47.9,50.9,8,40
6400530050,山形永野線,山形市・上山市境,上山蔵王公園線,6207,0,0.2,,676,,720,1396,1.2,0.21,50,50.8,8,40
6400530070,山形永野線,上山蔵王公園線,山形市・上山市境,6201,0,1.8,,676,,720,1396,1.2,0.22,39.5,31.8,8,40
6400530080,山形永野線,山形市・上山市境,白石上山線,6207,0,6.1,,676,,720,1396,1.2,0.22,41,40.6,8,40
6400530090,山形永野線,白石上山線,白石上山線,6207,0,0.2,,676,,720,1396,1.2,0.22,31.2,29.9,8,40
6400540010,貫見間沢線,大江西川線,大江町・西川町境,6324,0,4.6,,166,,159,325,1.15,0.44,30.3,24.1,4,60
6400540020,貫見間沢線,大江町・西川町境,小山海味線,6322,0,5.5,,166,,159,325,1.15,0.44,30.3,24.1,4.5,60
6400540030,貫見間沢線,小山海味線,寒河江西川線,6322,0,0.5,,166,,159,325,1.15,0.44,47.5,45.8,4.5,60
6400560130,新庄舟形線,一般国道４７号,,6205,0,1,,369,,436,805,1.17,0.11,59.8,61.5,13,50
6400560020,新庄舟形線,,新庄市・大蔵村境,6205,0,1.4,,369,,436,805,1.17,0.11,55.2,61.1,13,50
6400560030,新庄舟形線,新庄市・大蔵村境,大蔵村・新庄市境,6365,0,1.1,,369,,436,805,1.17,0.15,43.1,45.2,6.5,50
6400560040,新庄舟形線,大蔵村・新庄市境,新庄次年子村山線,6205,0,1.6,,369,,436,805,1.17,0.12,44.8,43.8,6.5,50
6400560050,新庄舟形線,新庄次年子村山線,新庄市・舟形町境,6205,0,3,,369,,436,805,1.17,0.12,46.8,52,6.5,50
6400560060,新庄舟形線,新庄市・舟形町境,一般国道１３号（尾花沢新庄道路）,6363,0,0.8,,369,,436,805,1.17,0.13,54.2,47.4,15.5,50
6400560070,新庄舟形線,一般国道１３号（尾花沢新庄道路）,一般国道１３号,6363,0,0.7,,369,,436,805,1.17,0.13,47.2,35.8,15.5,50
6400560090,新庄舟形線,一般国道１３号,新庄長沢尾花沢線,6363,0,4,,719,,709,1428,1.2,0.18,41.2,51.3,13.4,50
6400560100,新庄舟形線,新庄長沢尾花沢線,新庄長沢尾花沢線,6363,0,0.8,,719,,709,1428,1.2,0.18,44.9,53.8,13.4,50
6400560110,新庄舟形線,新庄長沢尾花沢線,一般国道４７号,6363,0,4.7,,719,,709,1428,1.2,0.18,57.2,54.5,13.4,50
6400570010,戸沢大蔵線,一般国道４７号,片倉塩線,6367,0,13.4,最上郡戸沢村大字角川字稲村,480,最上郡戸沢村大字角川字稲村,498,978,1.19,0.17,50.9,33.8,7,50
6400570020,戸沢大蔵線,片倉塩線,戸沢村・大蔵村境,6367,0,2.5,最上郡戸沢村大字角川字稲村,480,最上郡戸沢村大字角川字稲村,498,978,1.19,0.17,22.5,26.5,7,50
6400570030,戸沢大蔵線,戸沢村・大蔵村境,一般国道４５８号,6365,0,7.3,最上郡戸沢村大字角川字稲村,480,最上郡戸沢村大字角川字稲村,498,978,1.19,0.17,33.3,34.1,7,60
6400580010,新庄鮭川戸沢線,一般国道１３号,萩野泉田停車場線,6205,0,1,,472,,485,957,1.17,0.12,30,24.1,8,40
6400580020,新庄鮭川戸沢線,萩野泉田停車場線,新庄市・鮭川村境,6205,0,1.7,,472,,485,957,1.17,0.12,30,44.7,8,40
6400580030,新庄鮭川戸沢線,新庄市・鮭川村境,真室川鮭川線,6366,0,5.6,,472,,485,957,1.17,0.13,50.7,49.9,7.5,40
6400580050,新庄鮭川戸沢線,真室川鮭川線,西郡居口線,6366,0,5.1,,58,,54,112,1.1,0.02,23.6,24.3,7,60
6400580060,新庄鮭川戸沢線,西郡居口線,曲川新庄線,6366,0,0.7,,58,,54,112,1.1,0.02,18.4,20.4,7,60
6400580070,新庄鮭川戸沢線,曲川新庄線,曲川新庄線,6366,0,2.3,,259,,251,510,1.12,0.07,47.1,40.5,6.5,60
6400580080,新庄鮭川戸沢線,曲川新庄線,平田鮭川線,6366,0,2.8,,259,,251,510,1.12,0.07,34.1,48.4,6.5,60
6400580090,新庄鮭川戸沢線,平田鮭川線,平田鮭川線,6366,0,0.8,,259,,251,510,1.12,0.07,44.6,45.7,6.5,60
6400580100,新庄鮭川戸沢線,平田鮭川線,鮭川村・戸沢村境,6366,0,1.2,,259,,251,510,1.12,0.07,39.6,43.6,6.5,60
6400580110,新庄鮭川戸沢線,鮭川村・戸沢村境,神田川口線,6367,0,3.8,,259,,251,510,1.12,0.07,47.7,48,7,40
6400580120,新庄鮭川戸沢線,神田川口線,新庄戸沢線,6367,0,2.4,,259,,251,510,1.12,0.07,40.5,36.8,7,40
6400590010,酒田八幡線,一般国道７号,吹浦酒田線,6204,0,1.1,酒田市宮海字新林,1014,酒田市宮海字新林,932,1946,1.23,0.32,40.8,55.8,15,60
6400590020,酒田八幡線,吹浦酒田線,山形自動車道,6204,0,0.9,酒田市宮海字新林,1014,酒田市宮海字新林,932,1946,1.23,0.32,52.6,61.4,15,60
6400590030,酒田八幡線,山形自動車道,酒田遊佐線,6204,0,2.3,酒田市宮海字新林,1014,酒田市宮海字新林,932,1946,1.23,0.33,50.6,47.5,11,60
6400590040,酒田八幡線,酒田遊佐線,一般国道３４４号,6204,0,3.4,酒田市宮海字新林,1014,酒田市宮海字新林,932,1946,1.23,0.33,44.7,46.6,11,60
6400600110,酒田遊佐線,一般国道３４４号,酒田遊佐線,6204,0,0.6,,,,,,,,32.3,45.1,13,60
6400600020,酒田遊佐線,酒田遊佐線,酒田八幡線,6204,0,2.1,酒田市宮内字本楯,2594,酒田市宮内字本楯,2502,5096,1.22,0.59,45,42.4,10.5,60
6400600030,酒田遊佐線,酒田八幡線,比子八幡線,6204,0,2.7,酒田市宮内字本楯,2594,酒田市宮内字本楯,2502,5096,1.22,0.59,40.2,36.3,11,50
6400600040,酒田遊佐線,比子八幡線,比子南鳥海停車場線,6204,0,0.4,酒田市宮内字本楯,2594,酒田市宮内字本楯,2502,5096,1.22,0.59,36.1,41.5,11,50
6400600050,酒田遊佐線,比子南鳥海停車場線,比子南鳥海停車場線,6204,0,0.5,酒田市宮内字本楯,2594,酒田市宮内字本楯,2502,5096,1.22,0.59,57.7,56.8,11,50
6400600060,酒田遊佐線,比子南鳥海停車場線,酒田市・遊佐町境,6204,0,0.7,酒田市宮内字本楯,2594,酒田市宮内字本楯,2502,5096,1.22,0.59,59.8,57.1,11,50
6400600070,酒田遊佐線,酒田市・遊佐町境,一般国道３４５号,6461,0,1.4,酒田市宮内字本楯,2594,酒田市宮内字本楯,2502,5096,1.22,0.59,60.9,53.7,10,50
6400600090,酒田遊佐線,一般国道３４５号,,6461,0,11.6,,915,,937,1852,1.2,1.27,33.1,30.3,5.5,60
6400600010,酒田遊佐線,一般国道３４４号,酒田遊佐線,6204,0,0.2,酒田市宮内字本楯,2594,酒田市宮内字本楯,2502,5096,1.22,0.59,26.3,24.1,10.5,60
6400610009,菅野代堅苔沢線,一般国道３４５号,日本海沿岸東北自動車道,6203,0,12.8,鶴岡市五十川字安土,434,鶴岡市五十川字安土,442,876,1.18,0.13,38.8,39.2,8,60
6400610010,菅野代堅苔沢線,日本海沿岸東北自動車道,一般国道７号,6203,0,1.2,鶴岡市五十川字安土,434,鶴岡市五十川字安土,442,876,1.18,0.13,37.4,34.4,8,60
6400620010,仙台山寺線,,山形山寺線,6201,0,7,,182,,201,383,1.13,0.7,31.7,33.2,4.25,40
6400630010,最上鬼首線,一般国道４７号,最上小野田線,6362,0,0.4,,226,,237,463,1.12,0.06,17.2,16.6,8,60
6400630020,最上鬼首線,最上小野田線,最上鬼首線,6362,0,12.3,,226,,237,463,1.12,0.06,30.8,30.8,8,60
6400730010,雄勝金山線,,稲沢下野明線,6361,0,6.2,,858,,860,1718,1.21,0.25,44.9,45.9,11,50
6400730020,雄勝金山線,稲沢下野明線,一般国道１３号,6361,0,2.9,,858,,860,1718,1.21,0.25,46.5,44,11,50
6302870050,米沢浅川高畑線,一般国道１２１号,米沢南陽白鷹線,6202,0,1.2,米沢市成島町三丁目,1315,米沢市成島町三丁目,1609,2924,1.23,0.27,17.7,21.1,7.6,40
6601010010,米沢浅川高畠線,米沢南陽白鷹線,米沢環状線,6202,0,0.4,米沢市中田町,4658,米沢市中田町,4563,9221,1.23,0.74,12.2,10.9,13.1,40
6601010020,米沢浅川高畠線,米沢環状線,一般国道１３号,6202,0,2.2,米沢市中田町,4658,米沢市中田町,4563,9221,1.23,0.74,16.1,19.2,13.1,40
6601010030,米沢浅川高畠線,一般国道１３号,万世窪田線,6202,0,1.5,米沢市大字下新田,3214,米沢市大字下新田,3248,6462,1.23,0.8,19,35.3,12,50
6601010040,米沢浅川高畠線,万世窪田線,万世窪田線,6202,0,0.7,米沢市大字下新田,3214,米沢市大字下新田,3248,6462,1.23,0.8,49.7,52.2,12,50
6601010050,米沢浅川高畠線,万世窪田線,上和田浅川線,6202,0,0.4,米沢市大字下新田,3214,米沢市大字下新田,3248,6462,1.23,0.8,35.1,36.4,12,50
6601010060,米沢浅川高畠線,上和田浅川線,米沢市・高畠町境,6202,0,1.8,米沢市大字下新田,3214,米沢市大字下新田,3248,6462,1.23,0.84,30.4,49.3,12,50
6601010070,米沢浅川高畠線,米沢市・高畠町境,糠野目亀岡線,6381,0,2.2,米沢市大字下新田,3214,米沢市大字下新田,3248,6462,1.23,0.83,43.5,41.7,8,50
6601010080,米沢浅川高畠線,糠野目亀岡線,米沢高畠線,6381,0,1.5,米沢市大字下新田,3214,米沢市大字下新田,3248,6462,1.23,0.83,48.9,41.1,8,50
6300130280,南陽川西線,山形上山線,一般国道１３号,6213,0,0.3,,1049,,618,1667,1.21,0.28,44.2,42.1,14.2,50
6300130270,南陽川西線,一般国道１３号,原中川停車場線,6213,0,1,,1049,,618,1667,1.21,0.19,29.2,39.5,8.2,50
6300130260,南陽川西線,原中川停車場線,一般国道１３号,6213,0,1.6,,1049,,618,1667,1.21,0.19,36.1,26.5,8.2,50
6300130250,南陽川西線（旧一般国道１３号）,赤湯停車場線,一般国道１３号,6213,0,1.2,,4579,,5470,10049,1.37,0.6,34.9,44.4,14.1,50
6300130240,南陽川西線（旧一般国道３９９号）,一般国道３９９号,赤湯停車場線,6213,0,0.3,,4579,,5470,10049,1.37,0.6,27.1,22.9,14.1,50
6601020010,南陽川西線,一般国道３９９号,赤湯停車場大橋線,6213,0,1.4,南陽市島貫字西原西,3824,南陽市島貫字西原西,3761,7585,1.23,0.88,19.7,20.7,14.2,50
6601020020,南陽川西線,赤湯停車場大橋線,梨郷赤湯停車場線,6213,0,0.8,南陽市島貫字西原西,3824,南陽市島貫字西原西,3761,7585,1.23,0.88,24.8,21.4,14.2,50
6601020030,南陽川西線,梨郷赤湯停車場線,一般国道１１３号,6213,0,0.3,南陽市島貫字西原西,3824,南陽市島貫字西原西,3761,7585,1.23,0.88,19.1,17.9,14.2,50
6601020040,南陽川西線,一般国道１１３号,米沢南陽白鷹線,6213,0,2.8,南陽市島貫字西原西,3824,南陽市島貫字西原西,3761,7585,1.23,0.88,46.4,45.8,14.2,50
6601020060,南陽川西線,米沢南陽白鷹線,大塚米沢線,6382,0,2.1,,1004,,1147,2151,1.22,0.23,47.1,46.7,7,50
6601020070,南陽川西線,大塚米沢線,一般国道２８７号,6382,0,2.5,,1004,,1147,2151,1.22,0.23,46.7,44.9,7,50
6601040010,狸森上山線,一般国道３４８号,一般国道４５８号,6207,0,7.1,,295,,305,600,1.16,1.61,24.1,24.1,4.5,40
6601040030,狸森上山線,一般国道４５８号,上山七ヶ宿線,6207,0,0.7,上山市松山二丁目,815,上山市松山二丁目,978,1793,1.21,0.16,18.3,29.6,15,40
6601040040,狸森上山線,上山七ヶ宿線,,6207,0,0.4,上山市松山二丁目,815,上山市松山二丁目,978,1793,1.21,0.16,10.3,14.8,15,40
6601050010,山辺中山線,町道（旧山形朝日線）,羽前山辺停車場線,6301,0,0.1,東村山郡山辺町大字山辺,6746,東村山郡山辺町大字山辺,6880,13626,1.25,1.43,21.1,20.1,12,40
6601050020,山辺中山線,羽前山辺停車場線,山辺船町線,6301,0,0.6,東村山郡山辺町大字山辺,6746,東村山郡山辺町大字山辺,6880,13626,1.25,1.43,25.5,31.8,12,40
6601050030,山辺中山線,山辺船町線,一般国道４５８号,6301,0,0.3,東村山郡山辺町大字山辺,6746,東村山郡山辺町大字山辺,6880,13626,1.25,1.43,35.9,29.1,12,40
6601050040,山辺中山線,一般国道４５８号,山辺町・中山町境,6301,0,1.9,東村山郡山辺町大字山辺,4016,東村山郡山辺町大字山辺,3938,7954,1.23,0.97,12.6,21.3,7.5,50
6601050050,山辺中山線,山辺町・中山町境,一般国道１１２号,6302,0,1.4,東村山郡山辺町大字山辺,4016,東村山郡山辺町大字山辺,3938,7954,1.23,0.91,33.6,14.4,10,50
6601100010,天童河北線,一般国道４８号,山形天童線,6210,0,2.9,天童市大字道満,717,天童市大字道満,756,1473,1.19,0.17,37.7,37.4,8.1,40
6601100030,天童河北線,山形天童線,山形羽入線,6210,0,2.9,天童市大字大町,3400,天童市大字大町,3367,6767,1.22,0.72,32.4,34.4,12,40
6601100040,天童河北線,山形羽入線,天童市・河北町境,6210,0,1.8,天童市大字大町,3400,天童市大字大町,3367,6767,1.22,0.72,45.3,47.2,12,40
6601100049,天童河北線,天童市・河北町境,町道（旧天童河北線）,6321,0,1.5,西村山郡河北町谷地甲,2062,西村山郡河北町谷地甲,2215,4277,1.22,0.48,48,48.8,6,40
6601100110,天童河北線,町道（旧天童河北線）,一般国道２８７号,6321,0,0.2,西村山郡河北町谷地甲,2062,西村山郡河北町谷地甲,2215,4277,1.22,0.36,34.1,12,9.5,40
6601100300,天童河北線,一般国道２８７号,,6321,0,0.3,西村山郡河北町谷地甲,2062,西村山郡河北町谷地甲,2215,4277,1.22,0.36,25.1,46.5,9.5,40
6601100070,天童河北線,,寒河江村山線,6321,0,2.1,西村山郡河北町谷地甲,2062,西村山郡河北町谷地甲,2215,4277,1.22,0.36,28.4,24.2,16,40
6601100090,天童河北線,一般国道３４７号,一般国道２８７号,6321,0,1.7,西村山郡河北町谷地字嶋,1903,西村山郡河北町谷地字嶋,1890,3793,1.23,0.41,40.6,29.6,16,40
6601110010,天童山寺公園線,山形天童線,一般国道１３号,6210,0,0.7,天童市大字原町,2392,天童市大字原町,2384,4776,1.22,0.46,15.2,10,9,40
6601110020,天童山寺公園線,一般国道１３号,荒谷原崎線,6210,0,2.7,天童市大字原町,2392,天童市大字原町,2384,4776,1.22,0.46,26.6,33.2,9,40
6601110030,天童山寺公園線,荒谷原崎線,天童市・山形市境,6210,0,1.6,天童市大字原町,2392,天童市大字原町,2384,4776,1.22,0.46,38.4,42.3,9,40
6601110040,天童山寺公園線,天童市・山形市境,山形山寺線,6201,0,0.8,天童市大字原町,2392,天童市大字原町,2384,4776,1.22,0.41,43.8,36.6,8,40
6601120010,左沢浮島線,,天童大江線,6324,0,0.1,,1710,,2083,3793,1.21,0.44,8,15,16,40
6601120030,左沢浮島線,一般国道４５８号,,6324,0,0.1,西村山郡大江町大字左沢字横町,1176,西村山郡大江町大字左沢字横町,994,2170,1.22,0.2,14.2,14.3,8,40
6601120040,左沢浮島線,,一般国道２８７号,6324,0,1.4,西村山郡大江町大字左沢字横町,1176,西村山郡大江町大字左沢字横町,994,2170,1.22,0.2,32.1,29.5,8,40
6701120300,左沢浮島線,一般国道２８７号,長井大江線,6323,0,1.1,,423,,436,859,1.17,0.04,45.8,51.2,9.2,60
6601120070,左沢浮島線,長井大江線,宮宿浮島線,6323,0,6.7,,423,,436,859,1.17,0.04,27.7,34.1,9.5,60
6601130010,宮宿浮島線,一般国道２８７号,長井大江線,6323,0,1.8,,856,,849,1705,1.21,0.15,27.2,32.1,11,40
6601130030,宮宿浮島線,長井大江線,左沢浮島線,6323,0,6.1,,28,,24,52,1.08,0.04,25.8,22.6,6,60
6601140010,月山志津線,,一般国道１１２号,6322,0,5.4,,236,,269,505,1.12,0.6,34.7,27.6,6,60
6601150010,藤島羽黒線,藤島由良線,添津藤島停車場線,6203,0,0.1,鶴岡市羽黒町町屋,1516,鶴岡市羽黒町町屋,1515,3031,1.23,0.33,34.6,21.5,16,40
6601150020,藤島羽黒線,添津藤島停車場線,一般国道３４５号,6203,0,0.6,鶴岡市羽黒町町屋,1516,鶴岡市羽黒町町屋,1515,3031,1.23,0.33,25.2,20.7,16,40
6601150030,藤島羽黒線,一般国道３４５号,添川上藤島線,6203,0,2,鶴岡市羽黒町町屋,1516,鶴岡市羽黒町町屋,1515,3031,1.23,0.33,32.4,42.5,10,60
6601150040,藤島羽黒線,添川上藤島線,中川代川尻余目線,6203,0,2.5,鶴岡市羽黒町町屋,1516,鶴岡市羽黒町町屋,1515,3031,1.23,0.33,54.7,52.7,10,60
6601150050,藤島羽黒線,中川代川尻余目線,鶴岡羽黒線,6203,0,0.9,鶴岡市羽黒町町屋,1516,鶴岡市羽黒町町屋,1515,3031,1.23,0.33,49.9,49.5,10,60
6601170010,余目松山線,余目加茂線,庄内町・酒田市境,6428,0,3.7,東田川郡庄内町廿六木字下台,2569,東田川郡庄内町廿六木字下台,2467,5036,1.22,0.63,38.2,38.1,10,50
6601170020,余目松山線,庄内町・酒田市境,一般国道３４５号,6204,0,0.2,東田川郡庄内町廿六木字下台,2569,東田川郡庄内町廿六木字下台,2467,5036,1.22,0.77,29.4,15.1,5.5,40
6300470260,余目松山線,一般国道４７号,庄内町道（旧　余目停車場線）,6428,0,1.3,東田川郡庄内町余目字大乗向,3550,東田川郡庄内町余目字大乗向,3495,7045,1.23,0.44,40.7,40.1,17,60
6300470270,余目松山線,庄内町道（旧　余目停車場線）,余目温海線,6428,0,0.3,東田川郡庄内町余目字大乗向,3550,東田川郡庄内町余目字大乗向,3495,7045,1.23,0.44,25.5,25.2,17,60
6601180010,庄内空港線,庄内空港立川線,一般国道１１２号,6204,0,0.8,,2760,,1978,4738,1.22,0.4,49,37.6,14,60
6601200010,東根尾花沢線,一般国道１３号,山形空港線,6211,0,0.7,東根市神町北二丁目,4646,東根市神町北二丁目,3787,8433,1.23,0.82,33.5,23.4,8,40
6601200020,東根尾花沢線,山形空港線,新田神町停車場線,6211,0,0.6,東根市神町北二丁目,4646,東根市神町北二丁目,3787,8433,1.23,0.82,23.3,17.3,8,40
6601200030,東根尾花沢線,新田神町停車場線,新田神町停車場線,6211,0,0.4,東根市神町北二丁目,4646,東根市神町北二丁目,3787,8433,1.23,0.82,26.5,24.5,8,40
6601200040,東根尾花沢線,新田神町停車場線,東根大森工業団地線,6211,0,1.5,東根市神町北二丁目,4646,東根市神町北二丁目,3787,8433,1.23,0.82,29,26,8,40
6601200050,東根尾花沢線,東根大森工業団地線,東根停車場線,6211,0,2.4,東根市宮崎三丁目,3678,東根市宮崎三丁目,3377,7055,1.23,0.66,20.7,20.5,10,40
6601200060,東根尾花沢線,東根停車場線,東根停車場線,6211,0,0.4,東根市宮崎三丁目,3678,東根市宮崎三丁目,3377,7055,1.23,0.66,31,31.2,10,40
6601200070,東根尾花沢線,東根停車場線,東根市・村山市境,6211,0,2.1,東根市宮崎三丁目,3678,東根市宮崎三丁目,3377,7055,1.23,0.66,27,29.3,10,40
6601200080,東根尾花沢線,東根市・村山市境,尾花沢関山線,6208,0,0.8,東根市宮崎三丁目,3678,東根市宮崎三丁目,3377,7055,1.23,0.66,17.8,21.1,8,40
6601200100,東根尾花沢線,尾花沢関山線,新庄次年子村山線,6208,0,2.6,村山市大字林崎字中宿,1777,村山市大字林崎字中宿,1733,3510,1.21,0.43,36.8,36.1,7.5,40
6601200120,東根尾花沢線,一般国道１３号,一般国道１３号,6208,0,3.3,,552,,548,1100,1.19,0.14,30.8,28.4,8.5,30
6601200130,東根尾花沢線,一般国道１３号,大石田土生田線,6208,0,0.1,村山市大字土生田字第七,136,村山市大字土生田字第七,171,307,1.22,0.06,11,36.9,12.4,50
6601200140,東根尾花沢線,大石田土生田線,一般国道１３号,6208,0,1.3,村山市大字土生田字第七,136,村山市大字土生田字第七,171,307,1.22,0.06,41,41.8,12.4,50
6601200160,東根尾花沢線,一般国道１３号,尾花沢市・大石田町境,6212,0,0.3,尾花沢市上町三丁目,2247,尾花沢市上町三丁目,2301,4548,1.22,0.48,54,58.8,11,50
6601200170,東根尾花沢線,尾花沢市・大石田町境,大石田町・尾花沢市境,6341,0,0.1,尾花沢市上町三丁目,2247,尾花沢市上町三丁目,2301,4548,1.22,0.48,55.2,51.1,11,50
6601200180,東根尾花沢線,大石田町・尾花沢市境,尾花沢市・大石田町境,6212,0,0.4,尾花沢市上町三丁目,2247,尾花沢市上町三丁目,2301,4548,1.22,0.48,48.7,45.6,11,50
6601200190,東根尾花沢線,尾花沢市・大石田町境,大石田町・尾花沢市境,6341,0,0.1,尾花沢市上町三丁目,2247,尾花沢市上町三丁目,2301,4548,1.22,0.48,53.1,52.4,11,50
6601200200,東根尾花沢線,大石田町・尾花沢市境,尾花沢最上線,6212,0,1.1,尾花沢市上町三丁目,2247,尾花沢市上町三丁目,2301,4548,1.22,0.51,46.8,42.9,11,50
6601200220,東根尾花沢線,尾花沢最上線,鶴子尾花沢線,6212,0,0.5,尾花沢市梺町三丁目,1572,尾花沢市梺町三丁目,1419,2991,1.23,0.4,19.2,20.5,9.5,50
6601200230,東根尾花沢線,鶴子尾花沢線,一般国道３４７号,6212,0,1.3,尾花沢市梺町三丁目,1572,尾花沢市梺町三丁目,1419,2991,1.23,0.4,24.3,23.6,9.5,50
6601200240,東根尾花沢線,一般国道３４７号,荻袋正厳線,6212,0,1.1,尾花沢市梺町三丁目,1572,尾花沢市梺町三丁目,1419,2991,1.23,0.3,39.4,43.8,10,40
6601200250,東根尾花沢線,荻袋正厳線,荻袋正厳線,6212,0,0.5,尾花沢市梺町三丁目,1572,尾花沢市梺町三丁目,1419,2991,1.23,0.3,42.9,33.9,10,40
6601200260,東根尾花沢線,荻袋正厳線,一般国道１３号,6212,0,2.6,尾花沢市梺町三丁目,1572,尾花沢市梺町三丁目,1419,2991,1.23,0.3,41.4,37,10,40
6601210010,尾花沢大石田線,一般国道１３号,一般国道３４７号,6212,0,1.2,尾花沢市大字尾花沢字南原,1445,尾花沢市大字尾花沢字南原,1366,2811,1.23,0.37,15.6,24.9,9,40
6601210020,尾花沢大石田線,一般国道３４７号,尾花沢市・大石田町境,6212,0,0.4,尾花沢市大字尾花沢字南原,1445,尾花沢市大字尾花沢字南原,1366,2811,1.23,0.37,13,22.4,9,40
6601210030,尾花沢大石田線,尾花沢市・大石田町境,大石田名木沢線,6341,0,0.4,尾花沢市大字尾花沢字南原,1445,尾花沢市大字尾花沢字南原,1366,2811,1.23,0.44,30.4,31.4,10.1,40
6601210040,尾花沢大石田線,大石田名木沢線,大石田畑線,6341,0,0.7,尾花沢市大字尾花沢字南原,1445,尾花沢市大字尾花沢字南原,1366,2811,1.23,0.44,20.1,28,10.1,40
6601210060,尾花沢大石田線,大石田畑線,大石田土生田線,6341,0,0.2,,2054,,2014,4068,1.21,4.12,24.2,20.6,6,40
6601210070,尾花沢大石田線,大石田土生田線,一般国道３４７号,6341,0,1,,2054,,2014,4068,1.21,4.12,21.4,25.9,6,40
6601220010,東根大森工業団地線,一般国道１３号,東根尾花沢線,6211,0,0.5,東根市大字東根乙字大森北,5634,東根市大字東根乙字大森北,5537,11171,1.24,0.7,7.6,25.6,22,60
6601220020,東根大森工業団地線,東根尾花沢線,中島新田楯岡線,6211,0,1.7,東根市大字東根乙字大森北,5634,東根市大字東根乙字大森北,5537,11171,1.24,0.7,29,27.6,22,60
6601220030,東根大森工業団地線,中島新田楯岡線,尾花沢関山線,6211,0,0.8,東根市大字東根乙字大森北,5634,東根市大字東根乙字大森北,5537,11171,1.24,0.7,34.5,34.5,22,60
6601230010,荻袋大浦線,一般国道１３号,尾花沢市・大石田町境,6212,0,0.5,,221,,210,431,1.12,0.07,35.4,45.1,8,60
6601230020,荻袋大浦線,尾花沢市・大石田町境,大石田名木沢線,6341,0,0.7,,221,,210,431,1.12,0.06,31.5,41.3,11.5,60
6601230030,荻袋大浦線,大石田名木沢線,大石田畑線,6341,0,3.7,,221,,210,431,1.12,0.06,42.9,43.7,11.5,60
6601240010,荻袋正厳線,一般国道１３号,東根尾花沢線,6212,0,0.5,,978,,824,1802,1.2,0.31,15.5,29.7,8,60
6601240030,荻袋正厳線,東根尾花沢線,尾花沢最上線,6212,0,4.6,,105,,67,172,1.13,0.02,43.7,37.9,8,50
6601310010,羽前水沢停車場由良線,湯田川羽前水沢停車場線,西目大山線,6203,0,2,,203,,234,437,1.12,0.09,60.9,15.2,10.1,40
6601310020,羽前水沢停車場由良線,西目大山線,一般国道７号,6203,0,0.7,,342,,423,765,1.17,0.11,43.4,41.7,10.1,40
6601310040,羽前水沢停車場由良線,一般国道７号,藤島由良線,6203,0,0.4,,325,,400,725,1.17,0.14,16.6,23.5,6.2,60
6601430010,中山三郷寒河江線,山形白鷹線,白鷹町・朝日町境,6402,0,1.1,,34,,46,80,1.11,0.1,31.3,46.6,5.5,60
6601430020,中山三郷寒河江線,白鷹町・朝日町境,朝日町・山辺町境,6323,0,1.8,,34,,46,80,1.11,0.06,31.3,47.3,5.5,40
6601430030,中山三郷寒河江線,朝日町・山辺町境,山辺町・朝日町境,6301,0,0.2,,34,,46,80,1.11,0.06,47.1,41.8,5.5,40
6601430040,中山三郷寒河江線,山辺町・朝日町境,朝日町・山辺町境,6323,0,1,,34,,46,80,1.11,0.06,46.2,45.5,5.5,40
6601430050,中山三郷寒河江線,朝日町・山辺町境,山辺町・朝日町境,6301,0,0.8,,34,,46,80,1.11,0.06,11.2,30.3,5.5,40
6601430060,中山三郷寒河江線,山辺町・朝日町境,山形朝日線,6323,0,4,,34,,46,80,1.11,0.06,35.2,35.8,5.5,40
6601430080,中山三郷寒河江線,山形朝日線,朝日町・大江町境,6323,0,5.3,西村山郡大江町大字三郷字中宿,48,西村山郡大江町大字三郷字中宿,42,90,1.12,0.32,37.6,37.9,3,40
6601430090,中山三郷寒河江線,朝日町・大江町境,大江町・寒河江市境,6324,0,9,西村山郡大江町大字三郷字中宿,48,西村山郡大江町大字三郷字中宿,42,90,1.12,0.32,37.6,37.9,3.5,40
6601430100,中山三郷寒河江線,大江町・寒河江市境,一般国道４５８号,6206,0,1.1,西村山郡大江町大字三郷字中宿,48,西村山郡大江町大字三郷字中宿,42,90,1.12,0.01,34.9,29.6,8.5,40
6601430120,中山三郷寒河江線,一般国道４５８号,寒河江市・大江町境,6206,0,0.6,,767,,696,1463,1.2,0.18,34.3,35.6,12,50
6601430130,中山三郷寒河江線,寒河江市・大江町境,大江町・寒河江市境,6324,0,0.1,,767,,696,1463,1.2,0.17,33.3,31.2,9.5,50
6601430140,中山三郷寒河江線,大江町・寒河江市境,天童寒河江線,6206,0,0.4,,767,,696,1463,1.2,0.17,34,36.3,9.5,50
6601430150,中山三郷寒河江線,天童寒河江線,天童大江線,6206,0,0.9,,767,,696,1463,1.2,0.17,40.4,32.1,9.5,50
6601440010,元町高屋線,天童寒河江線,皿沼河北線,6206,0,0.7,寒河江市大字寒河江字横道,4318,寒河江市大字寒河江字横道,4723,9041,1.23,1,20.2,17.9,16,40
6601440020,元町高屋線,皿沼河北線,一般国道１１２号,6206,0,1,寒河江市大字寒河江字横道,4318,寒河江市大字寒河江字横道,4723,9041,1.23,1,24,18.7,16,40
6601510010,関根李山線,板谷米沢停車場線,米沢猪苗代線,6202,0,3.6,,748,,673,1421,1.2,0.18,52.8,46.6,14.5,60
6601520010,米沢環状線,米沢高畠線,米沢浅川高畠線,6202,0,0.6,米沢市金池三丁目,6661,米沢市金池三丁目,6237,12898,1.25,1.08,17.1,14.2,20,50
6601520020,米沢環状線,米沢浅川高畠線,一般国道１２１号,6202,0,0.5,米沢市金池三丁目,6661,米沢市金池三丁目,6237,12898,1.25,1.08,17.8,21.3,20,50
6601520040,米沢環状線,一般国道１２１号,西米沢停車場線,6202,0,0.6,米沢市堀川町,4786,米沢市堀川町,5246,10032,1.24,0.87,16.1,24.7,20,50
6601520080,米沢環状線,,一般国道１３号,6202,0,0.5,米沢市万世町片子,2773,米沢市万世町片子,3062,5835,1.22,0.61,43.5,27.6,22,50
6601520050,米沢環状線,西米沢停車場線,綱木米沢停車場線（旧板谷米沢停車場線）,6202,0,0.5,,,,,,,,22.8,17.3,22,50
6601520060,米沢環状線,綱木米沢停車場線（旧板谷米沢停車場線）,米沢猪苗代線,6202,0,2,,,,,,,,24,23.4,22,50
6601530010,西米沢停車場線,,米沢環状線,6202,0,0.5,米沢市城北二丁目,3000,米沢市城北二丁目,3681,6681,1.22,0.59,7.6,7.9,11.7,40
6601530020,西米沢停車場線,米沢環状線,米沢南陽白鷹線,6202,0,1.7,米沢市城北二丁目,3000,米沢市城北二丁目,3681,6681,1.22,0.59,21.2,20,11.7,40
6601540020,桧原板谷線,板谷米沢停車場線,,6202,0,6.3,,295,,305,600,1.16,0.4,33.3,21.2,5.5,30
6601540010,桧原板谷線,一般国道１３号,板谷米沢停車場線,6202,0,0.9,,295,,305,600,1.16,0.4,34,31.5,5.5,30
6601550010,糠野目亀岡線,一般国道１３号,米沢浅川高畠線,6381,0,2.5,東置賜郡高畠町大字入生田,3442,東置賜郡高畠町大字入生田,3356,6798,1.23,0.77,32.5,37.6,12.5,40
6601550020,糠野目亀岡線,米沢浅川高畠線,米沢高畠線,6381,0,1.3,東置賜郡高畠町大字入生田,3442,東置賜郡高畠町大字入生田,3356,6798,1.23,0.77,44.8,30,12.5,40
6601560010,赤湯停車場線,,赤湯停車場大橋線,6213,0,0.1,南陽市赤湯,5087,南陽市赤湯,4842,9929,1.23,0.83,4.6,4.3,9.65,30
6601560020,赤湯停車場線,赤湯停車場大橋線,一般国道３９９号,6213,0,0.7,南陽市赤湯,5087,南陽市赤湯,4842,9929,1.23,0.83,21.8,23.5,9.65,30
6601560030,赤湯停車場線,一般国道３９９号,赤湯宮内線,6213,0,0.6,南陽市赤湯,5087,南陽市赤湯,4842,9929,1.23,0.83,16.5,24.7,9.65,30
6601560040,赤湯停車場線,赤湯宮内線,南陽川西線（旧一般国道３９９号）,6213,0,0.6,南陽市赤湯,5087,南陽市赤湯,4842,9929,1.23,0.83,23.5,19.3,9.65,30
6601560050,赤湯停車場線,南陽川西線（旧一般国道３９９号）,一般国道１３号,6213,0,0.3,南陽市赤湯,5087,南陽市赤湯,4842,9929,1.23,0.83,13.5,13.4,9.65,30
6601570010,赤湯停車場大橋線,赤湯停車場線,南陽川西線,6213,0,0.3,南陽市中ノ目,1719,南陽市中ノ目,1929,3648,1.21,0.45,23.7,19.2,7,30
6601570020,赤湯停車場大橋線,南陽川西線,一般国道１３号,6213,0,1.9,南陽市中ノ目,1719,南陽市中ノ目,1929,3648,1.21,0.45,38,35.1,7,30
6601580010,梨郷停車場線,,梨郷宮内線,6213,0,0.1,,881,,731,1612,1.21,0.32,10.9,12.4,6.2,30
6601580020,梨郷停車場線,梨郷宮内線,梨郷宮内線,6213,0,0.3,,881,,731,1612,1.21,0.32,20.5,25.7,6.2,30
6601580030,梨郷停車場線,梨郷宮内線,一般国道１１３号,6213,0,0.2,,881,,731,1612,1.21,0.32,14,13.1,6.2,30
6601590010,小国停車場線,,一般国道１１３号,6401,0,0.3,,1354,,1487,2841,1.22,0.42,15.2,13.3,10.5,40
6601620010,長井停車場線,,長井大江線,6209,0,0.3,山形県長井市ままの上,2453,山形県長井市ままの上,2298,4751,1.22,0.48,9.6,10.3,11,40
6601620020,長井停車場線,長井大江線,一般国道２８７号,6209,0,0.5,山形県長井市ままの上,2453,山形県長井市ままの上,2298,4751,1.22,0.48,15.5,11.3,11,40
6601640010,深山下山線,黒鴨鮎貝線,長井大江線,6402,0,3,,75,,77,152,1.12,0.17,39.9,35.1,5.5,60
6601640030,深山下山線,長井大江線,一般国道２８７号,6402,0,0.4,山形県西置賜郡白鷹町大字高岡,822,山形県西置賜郡白鷹町大字高岡,871,1693,1.22,1.71,38.5,38.9,5.5,40
6601650010,荒砥停車場線,,一般国道２８７号,6402,0,0.5,山形県西置賜郡白鷹町大字荒砥甲,725,山形県西置賜郡白鷹町大字荒砥甲,512,1237,1.22,0.17,40.9,41.3,19,40
6601660010,久保桜線,上伊佐沢川西線,一般国道２８７号,6209,0,2.5,山形県長井市日の出町,3120,山形県長井市日の出町,3199,6319,1.23,0.59,39.7,44,15.5,40
6601670010,妙見寺西蔵王公園線,一般国道２８６号,山形永野線,6201,0,8,山形市大字妙見寺,430,山形市大字妙見寺,382,812,1.19,0.12,42,41.4,8.5,40
6601680010,山辺船町線,山辺中山線,山辺町・山形市境,6301,0,1.8,東村山郡山辺町大字山辺,504,東村山郡山辺町大字山辺,477,981,1.19,0.15,21.1,24.2,6.5,40
6601680020,山辺船町線,山辺町・山形市境,山形市・中山町境,6201,0,1,東村山郡山辺町大字山辺,504,東村山郡山辺町大字山辺,477,981,1.19,0.17,35.8,37.8,6.5,40
6601680030,山辺船町線,山形市・中山町境,一般国道１１２号,6302,0,0.1,東村山郡山辺町大字山辺,504,東村山郡山辺町大字山辺,477,981,1.19,0.2,17.2,7.4,10,40
6601690010,十日町仙石線,上山七ヶ宿線,一般国道１３号,6207,0,1.3,上山市仙石,3745,上山市仙石,4388,8133,1.23,0.67,20.8,18.7,18,50
6601700010,蔵王成沢長谷堂線,一般国道１３号,,6201,0,0.8,山形市大字松原,5589,山形市大字松原,5673,11262,1.23,0.78,11,22.5,16,50
6601700020,蔵王成沢長谷堂線,,山形上山線,6201,0,0.6,山形市大字松原,5589,山形市大字松原,5673,11262,1.23,0.78,24,16.7,16,50
6601700030,蔵王成沢長谷堂線,山形上山線,一般国道３４８号,6201,0,2,山形市大字谷柏,3675,山形市大字谷柏,3629,7304,1.22,0.78,33.2,36.2,16,50
6601720010,北山形停車場大野目線,,山形天童線,6201,0,0.4,,6901,,8350,15251,1.25,1.37,10.6,10.1,15,40
6601720030,北山形停車場大野目線,山形天童線,大野目内表線,6201,0,1,,9373,,12241,21614,1.27,0.78,22.2,18.8,25,50
6601720040,北山形停車場大野目線,大野目内表線,山形山寺線,6201,0,0.3,山形市浜崎,2610,山形市浜崎,3953,6563,1.23,0.26,14.5,25.5,25,50
6601730010,北山形停車場城北線,,一般国道１１２号,6201,0,0.6,山形市北山形一丁目,5003,山形市北山形一丁目,5040,10043,1.23,0.97,21.8,9.8,11,40
6601740020,大野目内表線,山形山寺線,北山形停車場大野目線,6201,0,0.2,山形市浜崎,7680,山形市浜崎,10054,17734,1.27,0.57,12.2,13.4,30,50
6601740040,大野目内表線,山形天童線,山形天童線,6201,0,0.5,山形市馬見ヶ崎,12979,山形市馬見ヶ崎,14209,27188,1.28,0.74,11.7,33.9,25,50
6601740045,大野目内表線,山形天童線,,6201,0,1.4,山形市馬見ヶ崎,12979,山形市馬見ヶ崎,14209,27188,1.28,0.74,21.7,21.4,25,50
6601740050,大野目内表線,,山形羽入線,6201,0,0.7,山形市馬見ヶ崎,12979,山形市馬見ヶ崎,14209,27188,1.28,0.74,21.3,16.6,25,50
6601740060,大野目内表線,山形羽入線,一般国道１１２号,6201,0,1.1,山形市北江俣,6614,山形市北江俣,5776,12390,1.23,0.41,24.2,26.2,32,50
6601770010,羽前山辺停車場線,,山辺中山線,6301,0,0.1,,180,,197,377,1.13,0.08,7.5,7.4,11.2,30
6601770020,羽前山辺停車場線,山辺中山線,一般国道４５８号,6301,0,0.1,,180,,197,377,1.13,0.08,10.6,24.7,11.2,30
6601780010,羽前長崎停車場線,,一般国道１１２号,6302,0,0.7,,1416,,1553,2969,1.22,0.44,23.5,19.2,9.5,30
6601800010,寒河江停車場線,,皿沼河北線,6206,0,0,,4637,,4443,9080,1.23,0.67,14.3,8.9,18,30
6601840010,山形空港線,,一般国道２８７号,6211,0,0.6,,5402,,5293,10695,1.24,0.93,34.4,19.5,14.5,50
6601840030,山形空港線,山形羽入線,一般国道１３号,6211,0,1.3,東根市神町西六丁目,5309,東根市神町西六丁目,4893,10202,1.23,0.96,31.1,22.3,11.1,50
6601840050,山形空港線,一般国道１３号,東根尾花沢線,6211,0,0.4,東根市神町西五丁目,2887,東根市神町西五丁目,3656,6543,1.22,0.77,10.4,13,11.1,40
6601870010,芦沢停車場実栗屋線,,大石田名木沢線,6212,0,0.5,,389,,374,763,1.17,0.1,39.6,39.6,12,60
6601870020,芦沢停車場実栗屋線,大石田名木沢線,一般国道１３号,6212,0,0.6,,389,,374,763,1.17,0.1,49.6,44.2,9,40
6601870040,芦沢停車場実栗屋線,一般国道１３号,尾花沢市・舟形町境,6212,0,2.3,,259,,276,535,1.12,0.09,29,21.5,7.5,60
6601870050,芦沢停車場実栗屋線,尾花沢市・舟形町境,大石田畑線,6363,0,1.5,,259,,276,535,1.12,3.08,49.3,41.7,4.8,60
6601880010,銀山温泉線,,尾花沢関山線,6212,0,3.9,,906,,871,1777,1.21,0.19,32.9,33,12,40
6601890010,大石田土生田線,尾花沢大石田線,一般国道３４７号,6341,0,0.7,村山市大字土生田字道出,1270,村山市大字土生田字道出,1347,2617,1.22,0.23,29.3,37.3,11.8,40
6601890020,大石田土生田線,一般国道３４７号,大石田町・村山市境,6341,0,2.3,村山市大字土生田字道出,1270,村山市大字土生田字道出,1347,2617,1.22,0.23,53.9,55.7,10.7,40
6601890025,大石田土生田線,大石田町・村山市境,東北中央自動車道,6208,0,0.6,村山市大字土生田字道出,1270,村山市大字土生田字道出,1347,2617,1.22,0.27,60.3,58.2,13,40
6601890030,大石田土生田線,東北中央自動車道,東根尾花沢線,6208,0,0.6,村山市大字土生田字道出,1270,村山市大字土生田字道出,1347,2617,1.22,0.27,47.3,40.7,13,40
6601920010,釜渕中田線,真室川鮭川線,真室川町・金山町境,6364,0,3.8,,187,,180,367,1.13,0.05,43.3,45.4,10.25,60
6601920020,釜渕中田線,真室川町・金山町境,一般国道１３号,6361,0,4.4,,187,,180,367,1.13,0.05,48.2,43.3,10,60
6601990010,余目停車場線,,庄内町道（旧　余目温海線）,6428,0,0.1,,1354,,1487,2841,1.22,0.35,11.4,5.5,11.5,30
6602050010,砂越停車場山楯線,,砂越余目線（旧酒田松山線）,6204,0,0.9,,760,,764,1524,1.2,0.23,37.1,57.6,9.5,40
6602050020,砂越停車場山楯線（旧酒田松山線）,砂越余目線（旧酒田松山線）,酒田松山線,6204,0,0.7,,760,,764,1524,1.2,0.23,30.6,31.6,9.5,40
6602050030,砂越停車場山楯線,酒田松山線,一般国道３４５号,6204,0,2.8,,549,,507,1056,1.19,0.15,42.8,46.6,10.5,40
6602060010,本楯停車場線,,吹浦酒田線,6204,0,2.4,,221,,196,417,1.12,0.05,34.8,29.2,12.75,60
6602080010,遊佐停車場藤崎線,,一般国道３４５号,6461,0,0.2,飽海郡遊佐町遊佐字鶴田,2824,飽海郡遊佐町遊佐字鶴田,2744,5568,1.22,0.41,25.8,10.8,11.5,30
6602080020,遊佐停車場藤崎線,一般国道３４５号,一般国道３４５号,6461,0,0.8,飽海郡遊佐町遊佐字鶴田,2824,飽海郡遊佐町遊佐字鶴田,2744,5568,1.22,0.41,26.2,19.1,11.5,30
6602080040,遊佐停車場藤崎線,一般国道３４５号,吹浦酒田線,6461,0,2.4,飽海郡遊佐町庄泉字開元,1305,飽海郡遊佐町庄泉字開元,1297,2602,1.22,0.27,44.1,44.8,12,40
6602080050,遊佐停車場藤崎線,吹浦酒田線,一般国道７号,6461,0,1.7,飽海郡遊佐町庄泉字開元,1305,飽海郡遊佐町庄泉字開元,1297,2602,1.22,0.27,46.9,38.4,12,40
6602100010,鳥海公園吹浦線,鳥海公園小滝線,一般国道７号,6461,0,16.7,,372,,362,734,1.17,0.08,44.4,44.2,7,40
6602100020,鳥海公園吹浦線,一般国道７号,一般国道３４５号,6461,0,1.3,,372,,362,734,1.17,0.08,26.6,36,7,40
6602110010,月山公園線,,鶴岡市・庄内町境,6203,0,0.3,,368,,432,800,1.17,0.04,14.4,13.9,8,60
6602110020,月山公園線,鶴岡市・庄内町境,庄内町・鶴岡市境,6428,0,0.4,,368,,432,800,1.17,0.34,30.1,36.6,5.5,60
6602110030,月山公園線,庄内町・鶴岡市境,鶴岡市・庄内町境,6203,0,0.1,,368,,432,800,1.17,0.34,27.4,12.8,5.5,60
6602110040,月山公園線,鶴岡市・庄内町境,庄内町・鶴岡市境,6428,0,5.8,,368,,432,800,1.17,0.34,30.4,28.7,5.5,60
6602110050,月山公園線,庄内町・鶴岡市境,立川羽黒山線,6203,0,11.9,,368,,432,800,1.17,0.34,34.4,34.7,5.5,60
6602320010,板谷米沢停車場線,桧原板谷線,関根刈安線,6202,0,15,,41,,32,73,1.1,0.43,24,26.1,4,40
6602320020,板谷米沢停車場線,関根刈安線,関根李山線,6202,0,2.2,米沢市福田町一丁目,4133,米沢市福田町一丁目,3717,7850,1.23,21.78,40.7,36.4,4,40
6602320030,板谷米沢停車場線,関根李山線,板谷米沢停車場線,6202,0,4.8,米沢市福田町一丁目,4133,米沢市福田町一丁目,3717,7850,1.23,21.78,24.3,24.9,4,40
6602320040,板谷米沢停車場線,板谷米沢停車場線,板谷米沢停車場線（旧一般国道１２１号）,6202,0,0.8,米沢市相生町,4484,米沢市相生町,3903,8387,1.23,26.74,23.3,20.1,4,40
6602320060,板谷米沢停車場線,市道（旧一般国道１２１号）,米沢停車場線,6202,0,0.6,米沢市駅前二丁目,1726,米沢市駅前二丁目,2211,3937,1.22,0.36,15,18.9,10.7,30
6602320080,板谷米沢停車場線,板谷米沢停車場線,南堀端町大町線,6202,0,1,米沢市大町,1373,米沢市大町,1518,2891,1.22,0.32,16.7,18.7,10.7,30
6602320090,板谷米沢停車場線,南堀端町大町線,板谷米沢停車場線（旧一般国道１２１号）,6202,0,0.3,米沢市大町,1373,米沢市大町,1518,2891,1.22,0.32,16.3,15.6,10.7,30
6301210030,板谷米沢停車場線（旧一般国道１２１号）,米沢停車場線（旧一般国道２８７号）,板谷米沢停車場線,6202,0,0.5,,4175,,4562,8737,1.23,1.02,20.7,16.2,10.7,30
6301210040,綱木米沢停車場線（旧板谷米沢停車場線）,米沢猪苗代線,米沢停車場線（旧一般国道２８７号）,6202,0,0.5,,4175,,4562,8737,1.23,1.02,13.9,16.3,10.7,30
6301210020,板谷米沢停車場線,板谷米沢停車場線（旧一般国道１２１号）,市道（旧一般国道１２１号）,6202,0,0.3,米沢市駅前二丁目,1726,米沢市駅前二丁目,2211,3937,1.22,0.32,12.4,15.5,10.7,30
6602330010,綱木米沢停車場線,,綱木小野川館山線,6202,0,1.1,,104,,109,213,1.16,0.02,20.9,13.7,7.7,40
6602330020,綱木米沢停車場線,綱木小野川館山線,綱木小野川館山線,6202,0,11.8,,104,,109,213,1.16,0.02,39.9,43,7.7,40
6602330030,綱木米沢停車場線,綱木小野川館山線,一般国道１２１号,6202,0,2,,104,,109,213,1.16,0.04,43,38.9,11.9,40
6301210070,綱木米沢停車場線（旧一般国道１２１号）,一般国道１２１号,笹野下矢来線,6202,0,0.3,米沢市丸の内二丁目,4875,米沢市丸の内二丁目,5103,9978,1.24,1.11,32,33.7,11.9,40
6301210060,綱木米沢停車場線（旧一般国道１２１号）,笹野下矢来線,米沢環状線,6202,0,1.5,米沢市丸の内二丁目,4875,米沢市丸の内二丁目,5103,9978,1.24,1.11,19.4,18.3,11.9,40
6301210050,綱木米沢停車場線（旧板谷米沢停車場線）,米沢環状線,米沢猪苗代線,6202,0,1.6,米沢市丸の内二丁目,4875,米沢市丸の内二丁目,5103,9978,1.24,1.11,24.4,25.1,11.9,40
6602340010,綱木小野川館山線,綱木米沢停車場線,米沢猪苗代線,6202,0,7.4,,295,,305,600,1.16,0.05,18.3,18.3,7.3,40
6602340020,綱木小野川館山線,米沢猪苗代線,綱木米沢停車場線,6202,0,7.4,,412,,442,854,1.17,0.15,55.5,58.6,7.3,40
6602350010,万世窪田線,一般国道１３号,米沢高畠線,6202,0,2.6,米沢市万世町金谷,3024,米沢市万世町金谷,2905,5929,1.22,0.63,28.8,32.7,14.55,50
6602350020,万世窪田線,米沢高畠線,米沢浅川高畠線,6202,0,3,,246,,275,521,1.12,0.34,29.8,33.2,5.5,40
6602350040,万世窪田線,米沢浅川高畠線,一般国道１３号,6202,0,1.5,,1334,,1227,2561,1.22,0.46,33.8,23.7,6,40
6602360010,上和田浅川線,,米沢高畠線,6381,0,3.2,,1120,,1160,2280,1.22,0.3,43.2,45.2,7.5,40
6602360020,上和田浅川線,米沢高畠線,高畠町・米沢市境,6381,0,1.1,米沢市大字浅川字大南,1556,米沢市大字浅川字大南,1548,3104,1.21,0.34,37.2,42,7.5,40
6602360030,上和田浅川線,高畠町・米沢市境,米沢浅川高畠線,6202,0,2,米沢市大字浅川字大南,1556,米沢市大字浅川字大南,1548,3104,1.21,0.35,49.1,51.3,9.5,50
6602370009,広幡窪田線,一般国道２８７号,,6202,0,1.3,米沢市広幡町小山田,1249,米沢市広幡町小山田,1112,2361,1.22,0.27,49.4,49.6,16.85,40
6602370050,広幡窪田線,,米沢南陽白鷹線,6202,0,0.6,米沢市広幡町小山田,1249,米沢市広幡町小山田,1112,2361,1.22,0.27,49.4,49.6,16.85,40
6602370025,広幡窪田線,米沢南陽白鷹線,一般国道２８７号（米沢北バイパス）,6202,0,2.3,米沢市窪田町小瀬,787,米沢市窪田町小瀬,828,1615,1.21,0.18,33.6,39.8,18.5,50
6602370030,広幡窪田線,一般国道２８７号（米沢北バイパス）,一般国道１３号,6202,0,1.1,米沢市窪田町小瀬,787,米沢市窪田町小瀬,828,1615,1.21,0.18,34.1,21.9,18.5,50
6602380010,原中川停車場線,山形南陽線,南陽川西線,6213,0,5.4,,403,,322,725,1.18,0.09,48.9,29.6,8.4,40
6602380030,原中川停車場線,南陽川西線,,6213,0,0.7,,303,,315,618,1.16,0.16,16.8,10.6,6.4,40
6602390010,玉庭時田糠野目線,川西小国線,口田沢川西線,6382,0,4.5,,297,,311,608,1.16,0.09,46.4,48.1,7,40
6602390020,玉庭時田糠野目線,口田沢川西線,口田沢川西線,6382,0,0.5,,297,,311,608,1.16,0.09,41.6,39.8,7,40
6602390030,玉庭時田糠野目線,口田沢川西線,一般国道２８７号,6382,0,3.8,,297,,311,608,1.16,0.09,51.1,42.4,7,40
6602390050,玉庭時田糠野目線,一般国道２８７号,川西町・米沢市境,6382,0,0.7,米沢市六郷町長橋,1214,米沢市六郷町長橋,1398,2612,1.22,0.3,32.1,42,9,60
6602390060,玉庭時田糠野目線,川西町・米沢市境,大塚米沢線,6202,0,1.2,米沢市六郷町長橋,1214,米沢市六郷町長橋,1398,2612,1.22,0.33,50.3,41.8,8.5,60
6602390070,玉庭時田糠野目線,大塚米沢線,米沢市・川西町境,6202,0,1.2,米沢市六郷町長橋,1214,米沢市六郷町長橋,1398,2612,1.22,0.33,43.7,49.6,8.5,60
6602390080,玉庭時田糠野目線,米沢市・川西町境,米沢南陽白鷹線,6382,0,0.1,米沢市六郷町長橋,1214,米沢市六郷町長橋,1398,2612,1.22,0.36,24.1,25.5,9,60
6602390090,玉庭時田糠野目線,米沢南陽白鷹線,川西町・米沢市境,6382,0,0.4,米沢市六郷町長橋,1214,米沢市六郷町長橋,1398,2612,1.22,0.36,25.9,40.8,9,60
6602390100,玉庭時田糠野目線,川西町・米沢市境,米沢市・高畠町境,6202,0,1.8,米沢市六郷町長橋,1214,米沢市六郷町長橋,1398,2612,1.22,0.36,56.3,53.9,6.6,60
6602390110,玉庭時田糠野目線,米沢市・高畠町境,一般国道１３号,6381,0,0.4,米沢市六郷町長橋,1214,米沢市六郷町長橋,1398,2612,1.22,0.4,42.4,24.2,6.8,60
6602400010,犬川犬川停車場線,,一般国道２８７号,6382,0,0.5,,325,,400,725,1.17,0.04,15,20,15.64,30
6602410010,梨郷赤湯停車場線,一般国道１１３号,米沢南陽白鷹線,6213,0,2.1,,975,,856,1831,1.2,0.11,46.5,43.4,10.5,50
6602410030,梨郷赤湯停車場線,米沢南陽白鷹線,南陽川西線,6213,0,1.2,南陽市中落合,1718,南陽市中落合,1445,3163,1.22,0.14,35.3,35.5,9.5,50
6602420010,大塚米沢線,一般国道１１３号,南陽川西線,6382,0,3.4,東置賜郡川西町大字大塚,898,東置賜郡川西町大字大塚,706,1604,1.2,0.2,44.7,49.3,7.25,50
6602420020,大塚米沢線,南陽川西線,高畠川西線,6382,0,1.2,東置賜郡川西町大字大塚,898,東置賜郡川西町大字大塚,706,1604,1.2,0.2,41.8,42.9,7.25,50
6602420030,大塚米沢線,高畠川西線,川西町・米沢市境,6382,0,4.3,東置賜郡川西町大字堀金,2988,東置賜郡川西町大字堀金,2949,5937,1.22,0.71,42.4,44.6,11.5,50
6602420040,大塚米沢線,川西町・米沢市境,玉庭時田糠野目線,6202,0,0.1,東置賜郡川西町大字堀金,2988,東置賜郡川西町大字堀金,2949,5937,1.22,0.75,34.8,28.5,9.5,50
6602420050,大塚米沢線,玉庭時田糠野目線,米沢南陽白鷹線,6202,0,2.3,東置賜郡川西町大字堀金,2988,東置賜郡川西町大字堀金,2949,5937,1.22,0.75,47.8,48.2,9.5,50
6602430010,梨郷下伊佐沢線,一般国道１１３号,南陽市・長井市境,6213,0,2.4,,200,,202,402,1.12,0.05,35.9,42.3,8,30
6602430020,梨郷下伊佐沢線,南陽市・長井市境,上伊佐沢川西線,6209,0,0.6,,200,,202,402,1.12,0.05,47.6,40.6,8,60
6602440010,口田沢川西線,一般国道１２１号,米沢市・川西町境,6202,0,1.9,,41,,39,80,1.1,0.37,22,23.8,3.6,40
6602440020,口田沢川西線,米沢市・川西町境,玉庭時田糠野目線,6382,0,6.9,,41,,39,80,1.1,0.01,50.8,31,7,40
6602440040,口田沢川西線,玉庭時田糠野目線,椿川西線,6382,0,5.7,,1017,,1067,2084,1.22,0.24,36.4,31.9,7,40
6602450010,笹野下矢来線,米沢猪苗代線,綱木米沢停車場線（旧一般国道１２１号）,6202,0,4.6,米沢市遠山町,1623,米沢市遠山町,1543,3166,1.22,0.35,41.7,40.3,16,50
6602460010,赤湯宮内線,赤湯停車場線,山形南陽線,6213,0,3.6,南陽市宮内,3682,南陽市宮内,3399,7081,1.23,0.58,33.2,32.6,16,50
6602470010,梨郷宮内線,一般国道１１３号,梨郷停車場線,6213,0,0.6,,1334,,1227,2561,1.22,0.14,21,16.8,7,30
6602470030,梨郷宮内線,梨郷停車場線,米沢南陽白鷹線,6213,0,2.4,,554,,507,1061,1.19,0.22,37.2,35.8,5.7,30
6602480010,上伊佐沢川西線,久保桜線,梨郷下伊佐沢線,6209,0,2.7,山形県長井市中伊佐沢,1834,山形県長井市中伊佐沢,1981,3815,1.21,0.44,45.6,52.2,10,50
6602480020,上伊佐沢川西線,梨郷下伊佐沢線,長井市・川西町境,6209,0,0.6,山形県長井市中伊佐沢,1834,山形県長井市中伊佐沢,1981,3815,1.21,0.44,51.3,53.7,10,50
6602480030,上伊佐沢川西線,長井市・川西町境,一般国道１１３号,6382,0,1.8,山形県長井市中伊佐沢,1834,山形県長井市中伊佐沢,1981,3815,1.21,0.48,40,28.4,13,50
6602480040,上伊佐沢川西線,一般国道１１３号,一般国道２８７号,6382,0,1.9,,834,,845,1679,1.21,0.22,36.5,40.7,13,50
6602490010,南堀端町大町線,米沢猪苗代線,板谷米沢停車場線,6202,0,0.3,,4261,,4664,8925,1.23,0.93,13.3,14.1,15.7,40
6602500010,椿川西線,長井飯豊線,一般国道１１３号,6403,0,1.4,山形県西置賜郡飯豊町大字添川,1503,山形県西置賜郡飯豊町大字添川,1503,3006,1.22,0.32,30.2,29.9,8,50
6602500020,椿川西線,一般国道１１３号,飯豊町・川西町境,6403,0,2.8,山形県西置賜郡飯豊町大字添川,1503,山形県西置賜郡飯豊町大字添川,1503,3006,1.22,0.32,49.1,54.6,8,50
6602500030,椿川西線,飯豊町・川西町境,川西小国線,6382,0,1.1,山形県西置賜郡飯豊町大字添川,1503,山形県西置賜郡飯豊町大字添川,1503,3006,1.22,0.3,51.4,52.3,12.65,40
6602500050,椿川西線,川西小国線,口田沢川西線,6382,0,0.4,,1023,,1136,2159,1.22,0.41,22.4,24.1,11,40
6602500060,椿川西線,口田沢川西線,一般国道２８７号,6382,0,0.3,,1023,,1136,2159,1.22,0.41,25.2,19.2,11,40
6602510010,椿長井線,長井飯豊線,萩生黒沢線,6403,0,3.5,山形県西置賜郡飯豊町大字黒沢,1276,山形県西置賜郡飯豊町大字黒沢,1146,2422,1.22,0.27,40,42.9,12,50
6602510020,椿長井線,萩生黒沢線,飯豊町・長井市境,6403,0,1.3,山形県西置賜郡飯豊町大字黒沢,1276,山形県西置賜郡飯豊町大字黒沢,1146,2422,1.22,0.27,48.6,50.4,12,50
6602510030,椿長井線,飯豊町・長井市境,中時庭線,6209,0,1.1,山形県西置賜郡飯豊町大字黒沢,1276,山形県西置賜郡飯豊町大字黒沢,1146,2422,1.22,0.29,37.5,40.1,12.5,50
6602510040,椿長井線,中時庭線,長井飯豊線,6209,0,2.4,山形県西置賜郡飯豊町大字黒沢,1276,山形県西置賜郡飯豊町大字黒沢,1146,2422,1.22,0.29,31.5,29.2,12.5,50
6602510060,椿長井線,長井飯豊線,長井大江線,6209,0,1.3,,1020,,1114,2134,1.22,0.25,26.7,26.7,16,40
6602520008,木地山九野本線,,,6209,0,12.3,,471,,493,964,1.17,0.49,45.7,30.4,5,60
6602520030,木地山九野本線,,,6209,0,3.6,,471,,493,964,1.17,0.06,48,46.5,7,60
6602520010,木地山九野本線,,長井飯豊線,6209,0,2.6,,471,,493,964,1.17,0.07,40,36.4,9,60
6602530010,寺泉舟場線,長井白鷹線,長井大江線,6209,0,2.8,山形県長井市幸町,2277,山形県長井市幸町,2161,4438,1.22,0.59,33.1,21.6,8.5,40
6602530020,寺泉舟場線,長井大江線,一般国道２８７号,6209,0,0.4,山形県長井市幸町,2277,山形県長井市幸町,2161,4438,1.22,0.59,19.6,20.8,8.5,40
6602540010,高玉広野線,長井白鷹線,長井大江線,6402,0,1.3,山形県西置賜郡白鷹町大字広野,1747,山形県西置賜郡白鷹町大字広野,1797,3544,1.21,0.4,35.3,27.3,10,50
6602540020,高玉広野線,長井大江線,一般国道２８７号,6402,0,1.9,山形県西置賜郡白鷹町大字広野,1747,山形県西置賜郡白鷹町大字広野,1797,3544,1.21,0.4,43.3,41.9,10,50
6602550010,黒鴨鮎貝線,,深山下山線,6402,0,1.1,,486,,473,959,1.17,0.11,28.6,40.2,8,40
6602550020,黒鴨鮎貝線,深山下山線,長井大江線,6402,0,3.6,,486,,473,959,1.17,0.11,30.7,34.7,8,40
6602560010,萩生九野本線,萩生黒沢線,中時庭線,6403,0,1.6,,831,,788,1619,1.21,0.19,46.3,49,7,50
6602560020,萩生九野本線,中時庭線,飯豊町・長井市境,6403,0,0.9,,831,,788,1619,1.21,0.19,52,51.9,7,50
6602560030,萩生九野本線,飯豊町・長井市境,長井飯豊線,6209,0,1.7,,831,,788,1619,1.21,0.19,42.7,37.5,8.8,50
6602570010,中時庭線,長井飯豊線,萩生九野本線,6403,0,0.9,山形県長井市時庭,921,山形県長井市時庭,1393,2314,1.22,0.37,25.5,15.7,6.5,40
6602570020,中時庭線,萩生九野本線,飯豊町・長井市境,6403,0,0.4,山形県長井市時庭,921,山形県長井市時庭,1393,2314,1.22,0.37,43.3,46,6.5,40
6602570030,中時庭線,飯豊町・長井市境,椿長井線,6209,0,1.7,山形県長井市時庭,921,山形県長井市時庭,1393,2314,1.22,0.37,43.3,44.7,6.5,40
6602570040,中時庭線,椿長井線,一般国道２８７号,6209,0,0.6,山形県長井市時庭,921,山形県長井市時庭,1393,2314,1.22,0.37,35.3,20.4,6.5,40
6602580010,萩生黒沢線,長井飯豊線,萩生九野本線,6403,0,0.8,,786,,820,1606,1.21,0.18,27.6,15.4,12,40
6602580020,萩生黒沢線,萩生九野本線,椿長井線,6403,0,1,,786,,820,1606,1.21,0.18,29.9,30.3,12,40
6602590010,勧進代舟場線,長井白鷹線,長井大江線,6209,0,2.1,,210,,209,419,1.12,0.6,54,51.1,5.5,60
6602590030,勧進代舟場線,長井大江線,一般国道２８７号,6209,0,3.8,山形県長井市成田,3058,山形県長井市成田,3081,6139,1.22,0.62,36.9,37.5,10,50
6602600010,長者原下新田線,,玉川沼沢線,6401,0,11,,293,,302,595,1.16,0.08,52.8,41.7,8,60
6602610008,五味沢小国線,,,6401,0,11,山形県西置賜郡小国町大字大宮,1190,山形県西置賜郡小国町大字大宮,1209,2399,1.22,0.44,49.6,54.3,7.5,40
6602610030,五味沢小国線,,,6401,0,0.7,山形県西置賜郡小国町大字大宮,1190,山形県西置賜郡小国町大字大宮,1209,2399,1.22,0.44,46,33.1,7.5,40
6602610010,五味沢小国線,,一般国道１１３号,6401,0,5.8,山形県西置賜郡小国町大字大宮,1190,山形県西置賜郡小国町大字大宮,1209,2399,1.22,0.44,26.4,29,7.5,40
6602620010,最上小野田線,最上鬼首線,尾花沢最上線,6362,0,7,最上郡最上町大字満沢字満沢,334,最上郡最上町大字満沢字満沢,364,698,1.17,0.08,47.6,50.4,11,60
6602620030,最上小野田線,尾花沢最上線,,6362,0,12,,77,,76,153,1.12,0.92,44.2,47.8,4,60
6602630004,萱平河崎線,,,6207,0,9,上山市須田坂,1251,上山市須田坂,1326,2577,1.22,0.26,39.4,41,8,50
6602630070,萱平河崎線,,,6207,0,1,上山市須田坂,1251,上山市須田坂,1326,2577,1.22,0.26,58.2,56.9,13,50
6602630010,萱平河崎線,,泥部宮脇線,6207,0,1,上山市須田坂,1251,上山市須田坂,1326,2577,1.22,0.26,57,58.2,8,50
6602630020,萱平河崎線,泥部宮脇線,一般国道１３号,6207,0,1,上山市須田坂,1251,上山市須田坂,1326,2577,1.22,0.26,38.1,30.1,8,50
6602630030,萱平河崎線,一般国道１３号,上山七ヶ宿線,6207,0,1.3,上山市金生西二丁目,2926,上山市金生西二丁目,2836,5762,1.22,0.48,21.7,23,18,40
6602630050,萱平河崎線,上山七ヶ宿線,一般国道４５８号,6207,0,0.2,,2228,,2410,4638,1.22,0.75,22.4,18.7,22,40
6602640010,泥部宮脇線,,萱平河崎線,6207,0,6.4,,344,,372,716,1.18,0.45,26.1,31.8,6,40
6602660010,小穴二日町線,,上山七ヶ宿線,6207,0,3.7,上山市藤吾,995,上山市藤吾,1119,2114,1.22,0.23,29.2,27.3,6.5,40
6602670010,十日町山形線,山形上山線,一般国道１３号,6207,0,0.6,上山市金瓶,3268,上山市金瓶,3707,6975,1.23,0.67,23.4,29.9,11.5,40
6602670020,十日町山形線,一般国道１３号,一般国道１３号,6207,0,1,上山市金瓶,3268,上山市金瓶,3707,6975,1.23,0.67,25,34.1,11.5,40
6602670030,十日町山形線,一般国道１３号,上山市・山形市境,6207,0,0.4,上山市金瓶,3268,上山市金瓶,3707,6975,1.23,0.67,13.9,31.9,11.5,40
6602670040,十日町山形線,上山市・山形市境,蔵王公園線,6201,0,0.6,上山市金瓶,3268,上山市金瓶,3707,6975,1.23,0.66,35,34.5,10.5,40
6602670050,十日町山形線,蔵王公園線,一般国道１３号,6201,0,2.8,山形市蔵王成沢,5148,山形市蔵王成沢,5044,10192,1.24,0.93,25,31.2,10.5,40
6602670070,十日町山形線,一般国道１３号,一般国道２８６号,6201,0,0.7,,8964,,9557,18521,1.26,0.74,23.1,25.2,25,50
6602680010,楢下高畠線,上山七ヶ宿線,上山市・高畠町境,6207,0,4.3,,582,,608,1190,1.15,0.24,59,59.2,9,40
6602680020,楢下高畠線,上山市・高畠町境,一般国道１１３号,6381,0,6.5,,582,,608,1190,1.15,0.26,60.7,51.2,8.5,40
6602710010,下原山形停車場線,山形山辺線,一般国道４５８号,6201,0,1.5,,3271,,3050,6321,1.22,0.46,44,44.1,8.5,40
6602710030,下原山形停車場線,一般国道４５８号,山形上山線,6201,0,4.1,山形市飯塚町,2828,山形市飯塚町,2961,5789,1.22,0.5,30.8,24,7.5,40
6602710040,下原山形停車場線,山形上山線,山形朝日線,6201,0,0.9,,2321,,2587,4908,1.22,0.61,14.2,25.2,11.9,40
6602710060,下原山形停車場線,山形朝日線,山形停車場線,6201,0,0.4,山形市香澄町,5549,山形市香澄町,5715,11264,1.24,0.88,10.4,10.4,18,40
6602720010,宝沢坊原線,,一般国道２８６号,6201,0,7.1,,202,,202,404,1.12,0.06,33.4,23,7,40
6602740010,中野長町線,大森中野線,山形羽入線,6201,0,1.4,山形市長町,2518,山形市長町,2566,5084,1.22,0.5,37.8,35.3,12.7,50
6602740020,中野長町線,山形羽入線,山形天童線,6201,0,2.3,山形市長町,2518,山形市長町,2566,5084,1.22,0.52,33,28.7,7,40
6602750010,大森中野線,山形山寺線,一般国道１３号,6201,0,1.8,山形市大字十文字字矢萩段,4533,山形市大字十文字字矢萩段,3869,8402,1.23,0.69,22.7,20.6,15,50
6602750020,大森中野線,一般国道１３号,山形天童線,6201,0,1,,5101,,5037,10138,1.24,0.95,14.2,21.2,15,50
6602750030,大森中野線,山形天童線,山形天童線,6201,0,0.9,,5101,,5037,10138,1.24,0.95,21.8,26.5,15,50
6602750040,大森中野線,山形天童線,山形羽入線,6201,0,2.1,,6135,,5695,11830,1.24,1.37,29,25.6,15,50
6602750050,大森中野線,山形羽入線,中野長町線,6201,0,0.7,,6135,,5695,11830,1.24,1.37,33.5,35,15,50
6602750060,大森中野線,中野長町線,一般国道１１２号,6201,0,0.9,,6135,,5695,11830,1.24,1.37,30.8,16,15,50
6602760010,東山七浦線,,山形山寺線,6201,0,3.2,山形市大字下東山,2706,山形市大字下東山,2832,5538,1.22,0.65,47,45.1,13,40
6602760030,東山七浦線,山形山寺線,一般国道１３号,6201,0,0.8,山形市大字青柳,4736,山形市大字青柳,4154,8890,1.23,24.67,16.2,20,3.8,40
6602760040,東山七浦線,一般国道１３号,山形天童線,6201,0,1.2,山形市大字青柳,4736,山形市大字青柳,4154,8890,1.23,0.91,23.6,28.3,9.5,40
6602760050,東山七浦線,山形天童線,山形天童線,6201,0,0.9,山形市大字青柳,4736,山形市大字青柳,4154,8890,1.23,0.91,23.3,22.8,9.5,40
6602770010,長岡中山線,山形天童線,山形羽入線,6210,0,3.6,天童市大字高擶,1834,天童市大字高擶,1948,3782,1.23,0.6,31.2,30.3,6.5,40
6602770030,長岡中山線,山形羽入線,天童市・中山町境,6210,0,0.7,東村山郡中山町大字長崎,2569,東村山郡中山町大字長崎,2412,4981,1.22,0.74,31.7,38.4,12.5,30
6602770040,長岡中山線,天童市・中山町境,長岡中山線,6302,0,2,東村山郡中山町大字長崎,2569,東村山郡中山町大字長崎,2412,4981,1.22,0.65,46.8,47.6,9.5,50
6602770050,長岡中山線,長岡中山線,天童寒河江線,6302,0,1.4,東村山郡中山町大字長崎,2569,東村山郡中山町大字長崎,2412,4981,1.22,0.7,12,14.5,7.2,30
6602770070,長岡中山線,天童寒河江線,一般国道１１２号,6302,0,1.6,東村山郡中山町大字達磨寺,1274,東村山郡中山町大字達磨寺,1117,2391,1.22,0.29,43.9,46.2,8,40
6602770090,長岡中山線,長岡中山線,,6302,0,0.7,,,,,,,,26.2,22.3,20,50
6602790010,荒谷原崎線,山形山寺線,天童寒河江線,6210,0,0.5,天童市大字貫津,4145,天童市大字貫津,3893,8038,1.23,1.22,15.3,30.8,12,50
6602790020,荒谷原崎線,天童寒河江線,天童山寺公園線,6210,0,1.1,天童市大字貫津,4145,天童市大字貫津,3893,8038,1.23,1.22,35,37.4,12,50
6602790030,荒谷原崎線,天童山寺公園線,天童停車場若松線,6210,0,4.2,天童市大字貫津,4145,天童市大字貫津,3893,8038,1.23,1.22,36.5,39.2,12,50
6602790040,荒谷原崎線,天童停車場若松線,一般国道４８号,6210,0,1.8,天童市大字貫津,4145,天童市大字貫津,3893,8038,1.23,1.22,44.2,28.7,12,50
6602800010,天童停車場若松線,,山形天童線,6210,0,0.1,天童市鎌田一丁目,2515,天童市鎌田一丁目,2738,5253,1.22,0.47,8.5,7.8,15,40
6602800020,天童停車場若松線,山形天童線,天童大江線,6210,0,0.5,天童市鎌田一丁目,2515,天童市鎌田一丁目,2738,5253,1.22,0.47,17,17.2,15,40
6602800030,天童停車場若松線,天童大江線,一般国道１３号,6210,0,1,天童市鎌田一丁目,2515,天童市鎌田一丁目,2738,5253,1.22,0.47,19.1,15.9,15,40
6602800040,天童停車場若松線,一般国道１３号,荒谷原崎線,6210,0,0.5,,172,,188,360,1.13,0.08,20.5,20.4,8.2,30
6602800050,天童停車場若松線,荒谷原崎線,,6210,0,2.1,,172,,188,360,1.13,2.01,25.1,13.9,4.2,30
6602810010,天童高原山口線,,田麦野行沢線,6210,0,3.6,,442,,478,920,1.16,0.13,37.7,38.1,6.5,40
6602810020,天童高原山口線,田麦野行沢線,一般国道４８号,6210,0,6.4,,442,,478,920,1.16,0.13,37.9,38.3,6.5,40
6602820010,皿沼河北線,一般国道１１２号,元町高屋線,6206,0,2.8,寒河江市大字島字島東,4135,寒河江市大字島字島東,4316,8451,1.23,0.66,30.2,30.1,10,40
6602820020,皿沼河北線,元町高屋線,寒河江停車場線,6206,0,0.6,寒河江市大字島字島東,4135,寒河江市大字島字島東,4316,8451,1.23,0.66,27,27.5,10,40
6602820030,皿沼河北線,寒河江停車場線,天童大江線,6206,0,0.4,寒河江市大字島字島東,4135,寒河江市大字島字島東,4316,8451,1.23,0.66,18.6,12.5,10,40
6602820050,皿沼河北線,天童大江線,寒河江市・河北町境,6206,0,1.6,寒河江市大字日田字五反,3695,寒河江市大字日田字五反,3529,7224,1.23,0.81,30.6,33.6,10,40
6602820060,皿沼河北線,寒河江市・河北町境,溝延河原線,6321,0,1.9,寒河江市大字日田字五反,3695,寒河江市大字日田字五反,3529,7224,1.23,0.79,37.2,34.8,8.5,40
6602820065,皿沼河北線,溝延河原線,一般国道２８７号,6321,0,2.6,,643,,693,1336,1.2,0.24,29,21.9,8.5,40
6602820090,皿沼河北線,一般国道２８７号,寒河江村山線,6321,0,1,西村山郡河北町谷地中央,4387,西村山郡河北町谷地中央,4232,8619,1.23,0.65,16,20.9,16,40
6602830010,日和田河原線,日和田松川線,一般国道２８７号,6206,0,0.2,,462,,448,910,1.17,3.03,19.3,8.9,4.2,40
6602830020,日和田河原線,一般国道２８７号,湯野沢寒河江線,6206,0,2.3,,462,,448,910,1.17,0.09,32,45.9,10,40
6602830030,日和田河原線,湯野沢寒河江線,寒河江村山線,6206,0,0.3,,462,,448,910,1.17,0.09,31.9,25.1,10,40
6602840010,溝延河原線,寒河江村山線,寒河江市・河北町境,6206,0,0.1,,741,,644,1385,1.2,0.14,16.7,33.4,13,50
6602840020,溝延河原線,寒河江市・河北町境,皿沼河北線,6321,0,2.2,,741,,644,1385,1.2,0.15,38.8,42.8,11,50
6602850010,湯野沢寒河江線,樽石河北線,村山市・河北町境,6208,0,0.5,,848,,847,1695,1.21,0.26,33.5,34.2,7.5,50
6602850020,湯野沢寒河江線,村山市・河北町境,一般国道２８７号,6321,0,5.9,,848,,847,1695,1.21,0.27,39.5,38.3,6.5,50
6602850030,湯野沢寒河江線,一般国道２８７号,河北町・寒河江市境,6321,0,1.2,,848,,847,1695,1.21,0.27,23.7,19.6,6.5,50
6602850040,湯野沢寒河江線,河北町・寒河江市境,日和田河原線,6206,0,0.5,,848,,847,1695,1.21,0.29,33.6,16.1,10,50
6602860010,田代白岩線,,寒河江西川線,6206,0,6.7,,572,,573,1145,1.19,0.63,42.4,43.1,6.5,30
6602890010,白滝宮宿線,,長井大江線,6323,0,13.6,,517,,561,1078,1.19,1.23,30,27.5,4,40
6602910010,小山海味線,,貫見間沢線,6322,0,8.9,,298,,286,584,1.17,0.11,35.1,37,7,60
6602910030,小山海味線,寒河江西川線,一般国道１１２号,6322,0,1,,541,,550,1091,1.19,0.16,19.4,21.4,12,40
6602920010,岩根沢綱取線,,一般国道１１２号,6322,0,2.9,,222,,243,465,1.12,0.07,23.5,12,7.5,60
6602940010,大久保村山停車場線,一般国道３４７号,樽石碁点線,6208,0,2.5,村山市大字大久保甲字水南,1810,村山市大字大久保甲字水南,1795,3605,1.21,0.41,30.3,32.1,10.5,40
6602940020,大久保村山停車場線,樽石碁点線,東根長島線,6208,0,1.9,村山市大字河島甲字浦,3758,村山市大字河島甲字浦,3991,7749,1.23,0.66,36.7,40.4,16.5,50
6602940030,大久保村山停車場線,東根長島線,寒河江村山線,6208,0,0.5,村山市大字河島甲字浦,3758,村山市大字河島甲字浦,3991,7749,1.23,0.66,34.5,27.5,16.5,50
6602940050,大久保村山停車場線,寒河江村山線,中島新田楯岡線,6208,0,0.6,村山市楯岡五日町,2247,村山市楯岡五日町,2561,4808,1.22,0.43,21.6,27,16,40
6602940060,大久保村山停車場線,中島新田楯岡線,,6208,0,0.1,村山市楯岡五日町,2247,村山市楯岡五日町,2561,4808,1.22,0.43,4.8,5.1,16,40
6602950010,東根停車場線,,東根尾花沢線,6211,0,0.1,,4610,,3597,8207,1.23,0.62,9.8,4.2,10.2,40
6602950030,東根停車場線,東根尾花沢線,尾花沢関山線,6211,0,0.9,,4610,,3597,8207,1.23,0.88,18.8,24,7.6,40
6602960010,新田神町停車場線,一般国道４８号,野川行沢線,6211,0,1.3,東根市神町東二丁目,1589,東根市神町東二丁目,1762,3351,1.23,0.37,32.8,38.4,8.5,40
6602960020,新田神町停車場線,野川行沢線,中島新田楯岡線,6211,0,2.6,東根市神町東二丁目,1589,東根市神町東二丁目,1762,3351,1.23,0.37,41.8,40.3,8.5,40
6602960030,新田神町停車場線,中島新田楯岡線,東根尾花沢線,6211,0,2.6,東根市神町東二丁目,1589,東根市神町東二丁目,1762,3351,1.23,0.37,30.2,27.4,8.5,40
6602960050,新田神町停車場線,東根尾花沢線,,6211,0,0.1,,1354,,1487,2841,1.22,0.39,5.1,7.5,8.5,40
6602970010,田麦野行沢線,天童高原山口線,天童市・東根市境,6210,0,1.8,,214,,223,437,1.12,0.62,26.6,26.6,6,40
6602970020,田麦野行沢線,天童市・東根市境,一般国道４８号,6211,0,6.3,,214,,223,437,1.12,0.09,34.2,31.5,7.5,60
6602980010,野川行沢線,尾花沢関山線,新田神町停車場線,6211,0,0.4,,947,,1039,1986,1.22,0.21,16.5,9.3,13,40
6602980020,野川行沢線,新田神町停車場線,一般国道４８号,6211,0,0.9,,947,,1039,1986,1.22,0.21,36.3,23,13,40
6602990010,樽石河北線,樽石碁点線,湯野沢寒河江線,6208,0,4.1,,240,,257,497,1.12,0.07,39.9,39.9,10.5,60
6602990020,樽石河北線,湯野沢寒河江線,村山市・河北町境,6208,0,0.5,,240,,257,497,1.12,0.07,34.3,35.6,10.5,60
6602990030,樽石河北線,村山市・河北町境,一般国道３４７号,6321,0,2.6,,240,,257,497,1.12,0.1,37,32.6,6.5,30
6602990040,樽石河北線,一般国道３４７号,寒河江村山線,6321,0,0.5,,240,,257,497,1.12,0.1,32,34,6.5,30
6603000010,樽石碁点線,樽石河北線,一般国道３４７号,6208,0,2.3,,1248,,1392,2640,1.22,0.39,39.7,40,15.5,40
6603000030,樽石碁点線,一般国道３４７号,大久保村山停車場線,6208,0,1.7,,1009,,1128,2137,1.22,0.32,34.2,28.8,9.5,40
6603010010,鶴子尾花沢線,,尾花沢関山線,6212,0,5.6,,415,,416,831,1.17,0.16,38.9,37.7,7.5,40
6603010030,鶴子尾花沢線,尾花沢関山線,尾花沢最上線,6212,0,5.9,尾花沢市新町三丁目,1380,尾花沢市新町三丁目,1441,2821,1.22,0.32,40.5,39.8,7.5,40
6603010040,鶴子尾花沢線,尾花沢最上線,東根尾花沢線,6212,0,0.7,尾花沢市新町三丁目,1380,尾花沢市新町三丁目,1441,2821,1.22,0.32,17.1,19.1,7.5,40
6603020010,上五十沢横内線,,村山市・尾花沢市境,6208,0,1.4,,104,,111,215,1.12,0.04,39,37.7,7.5,60
6603020020,上五十沢横内線,村山市・尾花沢市境,一般国道１３号,6212,0,3.1,,104,,111,215,1.12,0.04,27.5,34.7,10,60
6603030040,東根長島線,大久保村山停車場線,市道（旧東根長島線）,6208,0,1.5,,973,,885,1858,1.2,0.21,29.4,17,15.5,40
6603030070,東根長島線,市道（旧東根長島線）,,6208,0,0.8,,973,,885,1858,1.2,0.21,33.6,37.5,16.54,40
6603030090,東根長島線,,市道（旧東根長島線）,6208,0,0.7,,973,,885,1858,1.2,0.21,40.4,36.6,16.54,40
6603030050,東根長島線,市道（旧東根長島線）,一般国道３４７号,6208,0,3.2,,973,,885,1858,1.2,0.21,56,50.2,15.5,40
6603030100,東根長島線,一般国道１３号,市道（旧長瀞野田線）,6211,0,0.9,,973,,885,1858,1.2,0.21,12.7,35.1,15.5,40
6603030105,東根長島線,市道（旧長瀞野田線）,寒河江村山線（旧東根長島線）,6211,0,0.6,,973,,885,1858,1.2,0.21,24.8,32.4,15.5,40
6603040010,中島新田楯岡線,新田神町停車場線,東根大森工業団地線,6211,0,1.7,東根市中央東三丁目,2277,東根市中央東三丁目,2158,4435,1.21,0.77,37.1,35.6,11.2,40
6603040020,中島新田楯岡線,東根大森工業団地線,尾花沢関山線,6211,0,1.8,東根市中央東三丁目,2277,東根市中央東三丁目,2158,4435,1.21,0.77,32.8,38.2,11.2,40
6603040040,中島新田楯岡線,市道（旧主要地方道尾花沢関山線）,東根市・村山市境,6211,0,3.2,東根市本丸北二丁目,3149,東根市本丸北二丁目,3712,6861,1.23,0.59,43,50.2,16,40
6603040050,中島新田楯岡線,東根市・村山市境,尾花沢関山線,6208,0,1.3,東根市本丸北二丁目,3149,東根市本丸北二丁目,3712,6861,1.23,0.66,35.9,29.4,7.3,40
6603040070,中島新田楯岡線,尾花沢関山線,大久保村山停車場線,6208,0,0.1,,2057,,2175,4232,1.22,0.49,11.8,18.2,20,40
6603050010,大石田名木沢線,芦沢停車場実栗屋線,尾花沢市・大石田町境,6212,0,1.9,北村山郡大石田町大字海谷字沢向,979,北村山郡大石田町大字海谷字沢向,939,1918,1.22,0.21,47.9,45.8,6.7,40
6603050020,大石田名木沢線,尾花沢市・大石田町境,荻袋大浦線,6341,0,2.4,北村山郡大石田町大字海谷字沢向,979,北村山郡大石田町大字海谷字沢向,939,1918,1.22,0.21,44.3,44.6,11,40
6603050030,大石田名木沢線,荻袋大浦線,尾花沢大石田線,6341,0,2.5,北村山郡大石田町大字海谷字沢向,979,北村山郡大石田町大字海谷字沢向,939,1918,1.22,0.21,41.1,42.3,11,40
6603060010,次年子大浦線,新庄次年子村山線,大石田畑線,6341,0,3,,297,,297,594,1.16,0.09,51.9,49.3,8,60
6603070010,土内五日町線,,仁田山平岡線,6205,0,3.9,,872,,925,1797,1.21,0.28,53.8,50.6,7,60
6603070020,土内五日町線,仁田山平岡線,萩野泉田停車場線,6205,0,3.4,,872,,925,1797,1.21,0.31,48.4,41.2,10,60
6603070030,土内五日町線,萩野泉田停車場線,一般国道１３号,6205,0,4.9,,872,,925,1797,1.21,0.31,49.5,40.9,10,60
6603080010,曲川新庄線,,新庄鮭川戸沢線,6366,0,4.6,,150,,164,314,1.15,1.77,35.3,41.4,4.5,60
6603080030,曲川新庄線,新庄鮭川戸沢線,真室川鮭川線,6366,0,4.3,,650,,665,1315,1.2,0.17,43.3,41.5,7,40
6603080040,曲川新庄線,真室川鮭川線,鮭川村・新庄市境,6366,0,4.3,新庄市十日町字上西山町,3169,新庄市十日町字上西山町,3215,6384,1.22,0.71,45.4,53.6,7,50
6603080049,曲川新庄線,鮭川村・新庄市境,一般国道１３号,6205,0,3.1,新庄市十日町字上西山町,3169,新庄市十日町字上西山町,3215,6384,1.22,0.63,47.1,45.9,11,50
6603080050,曲川新庄線,一般国道１３号,一般国道４５８号,6205,0,1.2,新庄市十日町字上西山町,3169,新庄市十日町字上西山町,3215,6384,1.22,0.63,26.4,25.9,11,50
6603080060,曲川新庄線,一般国道４５８号,一般国道４５８号,6205,0,0.3,新庄市十日町字上西山町,3169,新庄市十日町字上西山町,3215,6384,1.22,0.63,23.2,19,11,50
6603080080,曲川新庄線,一般国道４５８号,一般国道１３号,6205,0,1.3,新庄市常葉町,1366,新庄市常葉町,1798,3164,1.21,0.43,16,18.3,16,30
6603090010,角沢鳥越線,新庄次年子村山線,一般国道１３号,6205,0,2.7,,562,,626,1188,1.2,1.13,38.3,34.9,6,40
6603100010,瀬見新庄線,,一般国道１３号,6205,0,4.1,,245,,279,524,1.12,0.07,46,42.3,6.5,60
6603100020,瀬見新庄線,一般国道１３号,新庄戸沢線,6205,0,0.4,,245,,279,524,1.12,0.07,12,21.8,6.5,60
6603110010,萩野泉田停車場線,土内五日町線,一般国道１３号,6205,0,2.4,,845,,838,1683,1.21,0.22,26.8,33.1,6.5,40
6603110030,萩野泉田停車場線,新庄鮭川戸沢線,,6205,0,0.1,,885,,1011,1896,1.21,0.23,29.2,11.5,8.3,40
6603120010,金沢五日町線,,一般国道１３号,6205,0,6,新庄市五日町,1473,新庄市五日町,1196,2669,1.21,0.39,36.5,36.5,6.5,40
6603130010,泉田新庄線,新庄鮭川戸沢線,一般国道４５８号,6205,0,5.1,新庄市茶屋町,2481,新庄市茶屋町,2605,5086,1.22,0.68,37.3,33.5,7,40
6603130030,泉田新庄線,一般国道４５８号,新庄停車場線,6205,0,0.9,新庄市大手町,1385,新庄市大手町,1943,3328,1.21,0.29,17.8,16.6,12.5,40
6603130050,泉田新庄線,新庄停車場線,一般国道１３号,6205,0,1,新庄市金沢字沖,3136,新庄市金沢字沖,3821,6957,1.23,0.62,18.6,17.1,32,40
6603140010,向町最上西公園線,一般国道４７号,杉ノ入月楯線,6362,0,3.2,最上郡最上町大字月楯字月楯,134,最上郡最上町大字月楯字月楯,150,284,1.15,0.06,27.5,26.9,6,60
6603140020,向町最上西公園線,杉ノ入月楯線,最上西公園線,6362,0,2.2,最上郡最上町大字月楯字月楯,134,最上郡最上町大字月楯字月楯,150,284,1.15,0.06,33,40.3,6,60
6603140030,向町最上西公園線,最上西公園線,,6362,0,0.1,最上郡最上町大字月楯字月楯,134,最上郡最上町大字月楯字月楯,150,284,1.15,0.06,7.5,9.9,6,60
6603150010,平田鮭川線,田沢下新田線,,6204,0,4.8,,50,,49,99,1.1,0.01,14.3,37.3,8,60
6603150030,平田鮭川線,,新庄鮭川戸沢線,6366,0,4.9,,336,,373,709,1.18,0.12,29.9,37.8,7,60
6603150050,平田鮭川線,新庄鮭川戸沢線,一般国道４５８号,6366,0,2.6,,727,,766,1493,1.2,0.22,47.5,43.7,7,40
6603160010,最上西公園線,向町最上西公園線,一般国道４７号,6362,0,2.1,,162,,166,328,1.15,1.59,26.3,43.4,5,60
6300470420,新庄長沢尾花沢線（旧一般国道４７号）,一般国道４７号（新庄南バイパス）,新庄次年子村山線,6205,0,1.4,新庄市福田,3765,新庄市福田,3455,7220,1.23,0.91,38.9,34.8,9.8,40
6300470410,新庄長沢尾花沢線（旧一般国道４７号）,新庄次年子村山線,新庄戸沢線,6205,0,0.9,新庄市松本,2012,新庄市松本,1906,3918,1.21,0.34,29.4,34.1,9.8,40
6300470400,新庄長沢尾花沢線（旧一般国道４７号）,新庄戸沢線,新庄戸沢線,6205,0,1,新庄市松本,2012,新庄市松本,1906,3918,1.21,0.35,34.4,33.9,16,40
6300470390,新庄長沢尾花沢線（旧一般国道４７号）,新庄戸沢線,一般国道１３号,6205,0,0.5,新庄市松本,2012,新庄市松本,1906,3918,1.21,0.35,32.2,19.8,16,40
6603180010,新庄長沢尾花沢線,,新庄舟形線,6363,0,4.6,,36,,33,69,1.1,0.07,32.4,26.4,6,60
6603180030,新庄長沢尾花沢線,新庄舟形線,舟形町・尾花沢市境,6363,0,2.8,,82,,117,199,1.2,0.3,23.6,23.6,3.5,60
6603180040,新庄長沢尾花沢線,舟形町・尾花沢市境,東根尾花沢線,6212,0,11.7,,82,,117,199,1.2,0.01,23.6,23.6,8,60
6603190010,赤坂真室川線,一般国道１３号,新庄市・鮭川村境,6205,0,2.3,,786,,815,1601,1.21,0.22,48.5,56.3,12,50
6603190020,赤坂真室川線,新庄市・鮭川村境,鮭川村・新庄市境,6366,0,0.8,,786,,815,1601,1.21,0.22,60.4,57.6,9.7,50
6603190030,赤坂真室川線,鮭川村・新庄市境,新庄市・真室川町境,6205,0,1,,786,,815,1601,1.21,0.22,59.8,58.6,10,50
6603190040,赤坂真室川線,新庄市・真室川町境,真室川鮭川線,6364,0,4.8,,786,,815,1601,1.21,0.24,39,40.8,6.5,50
6603200010,仁田山平岡線,土内五日町線,新庄市・金山町境,6205,0,1.8,,487,,420,907,1.17,0.16,44.9,45.5,7,60
6603200020,仁田山平岡線,新庄市・金山町境,稲沢下野明線,6361,0,2,,487,,420,907,1.17,0.16,55.4,49.6,7.5,60
6603200030,仁田山平岡線,稲沢下野明線,一般国道１３号,6361,0,1.5,,487,,420,907,1.17,0.16,36.6,42,7.5,60
6603200040,仁田山平岡線,一般国道１３号,金山町・真室川町境,6361,0,4,,146,,147,293,1.15,0.05,39.5,33.9,9.5,60
6603200050,仁田山平岡線,金山町・真室川町境,一般国道３４４号,6364,0,0.1,,146,,147,293,1.15,0.05,38.1,28,6.5,60
6603210010,蟻喰羽前豊里停車場線,一般国道３４４号,真室川鮭川線,6364,0,3,,586,,653,1239,1.19,0.25,55.5,50.2,7.5,60
6603210030,蟻喰羽前豊里停車場線,真室川鮭川線,,6366,0,0.3,,770,,805,1575,1.21,0.26,21.9,26.7,6.7,40
6603220010,砂子沢小又釜渕線,一般国道３４４号,真室川鮭川線,6364,0,13.9,,267,,281,548,1.12,0.09,37.3,39,7,60
6603230010,稲沢下野明線,雄勝金山線,仁田山平岡線,6361,0,6.4,最上郡金山町大字安沢字安沢,278,最上郡金山町大字安沢字安沢,264,542,1.13,0.59,38.4,40.1,5,60
6603240010,平岡日当線,一般国道３４４号,真室川町・金山町境,6364,0,0.6,,314,,309,623,1.16,0.09,47.6,46.9,8.5,60
6603240020,平岡日当線,真室川町・金山町境,一般国道１３号,6361,0,5.8,,314,,309,623,1.16,0.1,56.4,53.1,8.5,60
6603250010,東法田大堀線,,一般国道４７号,6362,0,6.8,,441,,473,914,1.17,0.14,27,30.4,10,60
6603260010,杉ノ入月楯線,,向町最上西公園線,6362,0,3.2,,149,,159,308,1.15,0.3,47,45.5,4.6,60
6603280010,神田川口線,新庄鮭川戸沢線,戸沢村・鮭川村境,6367,0,4.9,,888,,863,1751,1.21,0.25,43.3,48.8,8,60
6603280020,神田川口線,戸沢村・鮭川村境,一般国道４５８号,6366,0,1.7,,888,,863,1751,1.21,0.25,42.7,41.4,12,60
6603300010,福寿野熊高線,舟形大蔵線,舟形町・大蔵村境,6363,0,0.8,,712,,675,1387,1.2,0.16,46.7,49.3,8.6,40
6603300020,福寿野熊高線,舟形町・大蔵村境,大石田畑線,6365,0,1.2,,712,,675,1387,1.2,0.16,55.7,52.8,10.6,60
6603300040,福寿野熊高線,大石田畑線,一般国道４５８号,6365,0,1.7,,466,,455,921,1.17,0.15,53.1,51.6,11,60
6603310010,片倉塩線,戸沢大蔵線,戸沢村・大蔵村境,6367,0,1.8,,100,,106,206,1.16,1.38,18.1,23.6,4.4,60
6603310020,片倉塩線,戸沢村・大蔵村境,一般国道４５８号,6365,0,4.8,,100,,106,206,1.16,0.2,8.3,12.2,5.5,60
6603320010,面野山鶴岡線,余目加茂線,藤島由良線,6203,0,2.3,鶴岡市覚岸寺字水上,2551,鶴岡市覚岸寺字水上,2837,5388,1.22,0.69,47.7,49.2,11,50
6603320020,面野山鶴岡線,藤島由良線,一般国道７号,6203,0,2.4,鶴岡市覚岸寺字水上,2551,鶴岡市覚岸寺字水上,2837,5388,1.22,0.69,40.1,31.2,11,50
6603320030,面野山鶴岡線,一般国道７号,鶴岡村上線,6203,0,1.9,鶴岡市覚岸寺字水上,2551,鶴岡市覚岸寺字水上,2837,5388,1.22,0.66,19.5,17,15,50
6603320040,面野山鶴岡線,鶴岡村上線,鶴岡羽黒線,6203,0,2.1,鶴岡市東新斎町,8533,鶴岡市東新斎町,9122,17655,1.26,1.33,18.2,19.2,15,40
6603320050,面野山鶴岡線,鶴岡羽黒線,市道（旧湯田川大山線）,6203,0,2.5,鶴岡市東新斎町,8533,鶴岡市東新斎町,9122,17655,1.26,1.2,26,28.2,16.4,40
6603320055,面野山鶴岡線,市道（旧湯田川大山線）,湯田川大山線,6203,0,0.4,鶴岡市東新斎町,8533,鶴岡市東新斎町,9122,17655,1.26,1.2,22.4,22.6,16.4,40
6603320059,面野山鶴岡線,湯田川大山線,,6203,0,0.4,鶴岡市東新斎町,8533,鶴岡市東新斎町,9122,17655,1.26,1.2,21.2,22.3,16.4,40
6603320200,面野山鶴岡線,,一般国道７号,6203,0,0.1,鶴岡市東新斎町,8533,鶴岡市東新斎町,9122,17655,1.26,1.2,23.9,8.7,16.4,40
6603330010,鶴岡広野線,たらのき代鶴岡線,藤島由良線,6203,0,1.2,鶴岡市文下,7777,鶴岡市文下,8179,15956,1.25,0.52,37.3,38,15.3,50
6603330030,鶴岡広野線,藤島由良線,東沼長沼余目線,6426,0,1.7,東田川郡三川町大字押切新田,5348,東田川郡三川町大字押切新田,6156,11504,1.25,0.85,30.9,40.7,10.1,50
6603330040,鶴岡広野線,東沼長沼余目線,庄内空港立川線,6426,0,2.1,東田川郡三川町大字押切新田,5348,東田川郡三川町大字押切新田,6156,11504,1.25,0.85,43.3,45,10.1,50
6603330060,鶴岡広野線,余目加茂線,三川町・酒田市境,6426,0,1.5,,3099,,3402,6501,1.22,0.55,44.7,48.2,12.1,50
6603330070,鶴岡広野線,三川町・酒田市境,一般国道７号,6204,0,0.3,,3099,,3402,6501,1.22,0.62,29.9,13,14.3,50
6603340010,三瀬水沢線,一般国道７号,湯田川羽前水沢停車場線,6203,0,8.4,,72,,95,167,1.13,0.02,24.6,24.9,9.35,60
6603340020,三瀬水沢線,湯田川羽前水沢停車場線,湯田川羽前水沢停車場線,6203,0,0.3,,72,,95,167,1.13,0.02,42.7,33.8,9.35,60
6603340030,三瀬水沢線,湯田川羽前水沢停車場線,一般国道７号,6203,0,0.6,,72,,95,167,1.13,0.02,25.3,16.9,9.35,60
6603350010,湯田川羽前水沢停車場線,一般国道３４５号,三瀬水沢線,6203,0,2,,365,,364,729,1.17,0.1,38.3,41.7,6.5,40
6603350030,湯田川羽前水沢停車場線,三瀬水沢線,一般国道７号,6203,0,0.4,,239,,229,468,1.12,0.07,17.7,19.7,9.31,30
6603350040,湯田川羽前水沢停車場線,一般国道７号,羽前水沢停車場由良線,6203,0,0.5,,239,,229,468,1.12,0.07,19,33.5,9.31,30
6603360010,西目大山線,羽前水沢停車場由良線,一般国道１１２号,6203,0,3.6,,1005,,1026,2031,1.22,0.3,52.7,49,10.5,40
6603380009,湯田川大山線,一般国道３４５号,市道（旧湯田川大山線）,6203,0,3.1,鶴岡市白山字西木村,2271,鶴岡市白山字西木村,2225,4496,1.21,0.5,41.1,43.9,10,50
6603380050,湯田川大山線,市道（旧湯田川大山線）,面野山鶴岡線,6203,0,0.3,鶴岡市白山字西木村,2271,鶴岡市白山字西木村,2225,4496,1.21,0.53,23.4,23.9,17.5,50
6603380100,湯田川大山線,面野山鶴岡線,一般国道７号,6203,0,0.2,鶴岡市白山字西木村,2271,鶴岡市白山字西木村,2225,4496,1.21,0.53,15.2,15.5,17.5,50
6603380030,湯田川大山線,一般国道７号,一般国道１１２号,6203,0,2.4,鶴岡市矢馳字上矢馳,2992,鶴岡市矢馳字上矢馳,2815,5807,1.22,0.75,29,29.9,13,50
6603390010,添津藤島停車場線,羽黒立川線,庄内町・鶴岡市境,6428,0,0.9,鶴岡市野田目字家ノ腰,1408,鶴岡市野田目字家ノ腰,1350,2758,1.22,0.35,48.9,55.8,8,60
6603390020,添津藤島停車場線,庄内町・鶴岡市境,中川代川尻余目線,6203,0,1,鶴岡市野田目字家ノ腰,1408,鶴岡市野田目字家ノ腰,1350,2758,1.22,0.37,53.3,41.6,10.5,40
6603390030,添津藤島停車場線,中川代川尻余目線,中川代川尻余目線,6203,0,0.6,鶴岡市野田目字家ノ腰,1408,鶴岡市野田目字家ノ腰,1350,2758,1.22,0.37,53.8,50.5,10.5,40
6603390040,添津藤島停車場線,中川代川尻余目線,一般国道３４５号,6203,0,1.9,鶴岡市野田目字家ノ腰,1408,鶴岡市野田目字家ノ腰,1350,2758,1.22,0.37,50.3,45.4,10.5,40
6603390050,添津藤島停車場線,一般国道３４５号,藤島羽黒線,6203,0,0.4,鶴岡市野田目字家ノ腰,1408,鶴岡市野田目字家ノ腰,1350,2758,1.22,0.37,17.2,16.3,10.5,40
6603390070,添津藤島停車場線,藤島由良線,,6203,0,0.7,,721,,900,1621,1.21,0.22,27.4,30.9,7.3,30
6603400010,長沼八色木線,庄内空港立川線,東沼長沼余目線,6203,0,1,,972,,973,1945,1.22,0.21,41.1,42.5,12,50
6603400020,長沼八色木線,東沼長沼余目線,余目温海線,6203,0,2.3,,972,,973,1945,1.22,0.21,52.6,44.7,12,50
6603410010,東沼長沼余目線,余目加茂線,一般国道７号,6426,0,0.8,東田川郡三川町大字青山字外川原,2573,東田川郡三川町大字青山字外川原,2494,5067,1.22,0.48,48.9,32.8,20,60
6603410020,東沼長沼余目線,一般国道７号,鶴岡広野線,6426,0,1,東田川郡三川町大字青山字外川原,2573,東田川郡三川町大字青山字外川原,2494,5067,1.22,0.48,14.7,28.8,20,60
6603410030,東沼長沼余目線,鶴岡広野線,三川町・鶴岡市境,6426,0,3.2,,682,,554,1236,1.19,0.2,42.4,42.2,7.3,60
6603410040,東沼長沼余目線,三川町・鶴岡市境,長沼八色木線,6203,0,0.1,,682,,554,1236,1.19,0.2,33.3,26.2,7,60
6603410060,東沼長沼余目線,庄内空港立川線,鶴岡市・庄内町境,6203,0,1.9,,1184,,1040,2224,1.22,0.3,38.1,42.2,7.8,60
6603410070,東沼長沼余目線,鶴岡市・庄内町境,余目加茂線,6428,0,2.7,,1184,,1040,2224,1.22,0.31,58.1,53.4,10,60
6603420010,西袋廻館線,庄内空港立川線,一般国道４７号,6428,0,2.5,,112,,120,232,1.12,0.03,21,24.3,8,40
6603430010,添川上藤島線,羽黒立川線,中川代川尻余目線,6203,0,2.7,,561,,597,1158,1.19,0.22,51.7,60.9,6.5,40
6603430020,添川上藤島線,中川代川尻余目線,藤島羽黒線,6203,0,1.9,,561,,597,1158,1.19,0.22,40.4,44.6,6.5,40
6603430030,添川上藤島線,藤島羽黒線,余目温海線,6203,0,1.2,,561,,597,1158,1.19,0.22,32.9,29.6,6.5,40
6603430040,添川上藤島線,余目温海線,一般国道３４５号,6203,0,2.4,,561,,597,1158,1.19,0.22,31.6,30.1,6.5,40
6603440010,大中島工藤沢線,,立川羽黒山線,6428,0,5.6,,524,,576,1100,1.19,0.18,35.5,49.7,7,40
6603460010,中川代川尻余目線,,鶴岡羽黒線,6203,0,7.1,,1732,,1633,3365,1.21,0.39,53.6,54.2,7.5,60
6603460030,中川代川尻余目線,藤島羽黒線,添川上藤島線,6203,0,3.2,,408,,367,775,1.17,0.13,47.6,48.6,10.25,60
6603460040,中川代川尻余目線,添川上藤島線,添津藤島停車場線,6203,0,1.7,,408,,367,775,1.17,0.13,44.9,35.5,10.25,60
6603460060,中川代川尻余目線,添津藤島停車場線,一般国道３４５号,6203,0,1.7,,214,,252,466,1.12,0.07,44.1,47.7,8.75,60
6603460080,中川代川尻余目線,一般国道３４５号,庄内空港立川線,6428,0,1.9,,477,,446,923,1.16,0.1,48.8,48.5,7.5,60
6603460100,中川代川尻余目線,庄内空港立川線,一般国道４７号,6428,0,1.5,,299,,249,548,1.12,0.08,31.8,28.2,8.5,40
6603480009,温海川木野俣大岩川線,一般国道３４５号,日本海沿岸東北自動車道,6203,0,11.5,,428,,452,880,1.17,0.14,51.7,40.1,7,60
6603480010,温海川木野俣大岩川線,日本海沿岸東北自動車道,余目温海線,6203,0,1.1,,428,,452,880,1.17,0.14,41.6,39.2,7,60
6603490010,鶴岡村上線,一般国道１１２号,たらのき代鶴岡線,6203,0,0.7,鶴岡市宝町,4704,鶴岡市宝町,5122,9826,1.24,0.9,15.4,16.1,15.2,40
6603490020,鶴岡村上線,たらのき代鶴岡線,鶴岡停車場線,6203,0,0.1,鶴岡市宝町,4704,鶴岡市宝町,5122,9826,1.24,0.9,14.3,13.1,15.2,40
6603490030,鶴岡村上線,鶴岡停車場線,面野山鶴岡線,6203,0,0.6,鶴岡市宝町,4704,鶴岡市宝町,5122,9826,1.24,0.9,16.5,13.3,15.2,40
6603490040,鶴岡村上線,面野山鶴岡線,鶴岡羽黒線,6203,0,1.2,鶴岡市馬場町,5722,鶴岡市馬場町,6463,12185,1.25,0.82,11.6,15.6,11,40
6603490050,鶴岡村上線,鶴岡羽黒線,一般国道３４５号,6203,0,2.8,鶴岡市青龍寺字村下,2503,鶴岡市青龍寺字村下,2839,5342,1.22,0.62,23.8,24.4,11,40
6603490060,鶴岡村上線,一般国道３４５号,一般国道１１２号,6203,0,6.9,鶴岡市青龍寺字村下,2503,鶴岡市青龍寺字村下,2839,5342,1.22,0.56,48.5,42.4,15.6,40
6603490130,鶴岡村上線,一般国道１１２号,板井川下山添線,6203,0,0.2,,1120,,1160,2280,1.22,0.29,14.1,27,10.5,40
6603490140,鶴岡村上線,板井川下山添線,,6203,0,0.8,,1120,,1160,2280,1.22,0.29,32.1,28.6,10.5,40
6603830010,鶴岡村上線,,一般国道１１２号,6203,0,0.7,,1120,,1160,2280,1.22,0.31,39.6,47.8,9.7,40
6603490080,鶴岡村上線,一般国道１１２号,,6203,0,0.6,,935,,917,1852,1.2,0.19,45.9,54.6,14.1,60
6603490090,鶴岡村上線,,余目温海線,6203,0,0.5,,935,,917,1852,1.2,0.19,47.4,37.6,14.1,60
6603490102,鶴岡村上線,余目温海線,,6203,0,4.8,,1232,,1109,2341,1.22,0.3,44.5,41.1,8.5,60
6603490200,鶴岡村上線,,,6203,0,1,,1232,,1109,2341,1.22,0.3,57.3,54.1,8.5,60
6603490104,鶴岡村上線,,,6203,0,5.1,,1232,,1109,2341,1.22,0.3,43.8,43.7,8.5,60
6603490170,鶴岡村上線,,,6203,0,1.1,,1232,,1109,2341,1.22,0.3,19.8,54.6,8.5,60
6603490110,鶴岡村上線,,一般県道鶴岡村上線,6203,0,20,,1232,,1109,2341,1.22,0.3,25.2,22.8,8.5,60
6603490105,鶴岡村上線,,,6203,0,1,,1232,,1109,2341,1.22,0.3,50.4,54.8,8.5,60
6603500010,たらのき代鶴岡線,たらのき代大網線,余目温海線,6203,0,6.3,,1284,,1426,2710,1.22,0.34,38.2,40.4,13.05,50
6603500020,たらのき代鶴岡線,余目温海線,一般国道１１２号,6203,0,4.7,鶴岡市我老林字村西,2316,鶴岡市我老林字村西,2498,4814,1.22,0.56,46,43.7,14,40
6603500040,たらのき代鶴岡線,一般国道１１２号,一般国道３４５号,6203,0,0.5,鶴岡市昭和町,3277,鶴岡市昭和町,2647,5924,1.22,0.66,25,31.5,10.8,40
6603500050,たらのき代鶴岡線,一般国道３４５号,鶴岡羽黒線,6203,0,2.4,鶴岡市昭和町,3277,鶴岡市昭和町,2647,5924,1.22,0.66,19.4,19,10.8,40
6603500060,たらのき代鶴岡線,鶴岡羽黒線,鶴岡停車場線,6203,0,1.5,鶴岡市昭和町,3277,鶴岡市昭和町,2647,5924,1.22,0.66,19.9,18,10.8,40
6603500080,たらのき代鶴岡線,鶴岡村上線,一般国道１１２号,6203,0,1.3,鶴岡市宝田二丁目,7064,鶴岡市宝田二丁目,7026,14090,1.25,0.89,23.2,22.6,16.1,40
6301120680,たらのき代鶴岡線,一般国道１１２号,鶴岡広野線,6203,0,1.5,鶴岡市宝田三丁目,6915,鶴岡市宝田三丁目,6201,13116,1.25,1.2,24,29.4,15.6,40
6301120690,たらのき代鶴岡線,鶴岡広野線,一般国道７号,6203,0,1.1,鶴岡市文下,4183,鶴岡市文下,4003,8186,1.23,0.94,30.9,27.7,14.8,50
6603510010,たらのき代大網線,たらのき代鶴岡線,一般国道１１２号,6203,0,16.3,,315,,340,655,1.16,0.8,29.3,27.3,5,60
6603520010,生石酒田停車場線,一般国道３４５号,安田砂越停車場線,6204,0,4.6,酒田市富士見町三丁目,2985,酒田市富士見町三丁目,3354,6339,1.23,0.5,48.1,49.7,10,60
6603520020,生石酒田停車場線,安田砂越停車場線,北境曙線,6204,0,0.8,酒田市富士見町三丁目,2985,酒田市富士見町三丁目,3354,6339,1.23,0.5,43.3,45.1,10,60
6603520030,生石酒田停車場線,北境曙線,一般国道７号,6204,0,1.5,酒田市富士見町三丁目,2985,酒田市富士見町三丁目,3354,6339,1.23,0.5,23.9,21.1,10,60
6603520040,生石酒田停車場線,一般国道７号,,6204,0,1,酒田市富士見町三丁目,2985,酒田市富士見町三丁目,3354,6339,1.23,0.51,15.3,19.9,16,40
6603530010,吹浦酒田線,一般国道３４５号,菅里直世下野沢線,6461,0,1.2,飽海郡遊佐町北目字蟻塚,300,飽海郡遊佐町北目字蟻塚,259,559,1.16,0.08,36.4,35.2,6.5,40
6603530020,吹浦酒田線,菅里直世下野沢線,一般国道３４５号,6461,0,1.2,飽海郡遊佐町北目字蟻塚,300,飽海郡遊佐町北目字蟻塚,259,559,1.16,0.08,33.6,26.6,6.5,40
6603530030,吹浦酒田線,一般国道３４５号,十里塚遊佐線,6461,0,2.8,飽海郡遊佐町北目字蟻塚,300,飽海郡遊佐町北目字蟻塚,259,559,1.16,0.08,43.3,35.7,6.5,40
6603530040,吹浦酒田線,十里塚遊佐線,十里塚遊佐線,6461,0,0.2,飽海郡遊佐町北目字蟻塚,300,飽海郡遊佐町北目字蟻塚,259,559,1.16,0.08,37.8,32.9,6.5,40
6603530050,吹浦酒田線,十里塚遊佐線,遊佐停車場藤崎線,6461,0,2,飽海郡遊佐町北目字蟻塚,300,飽海郡遊佐町北目字蟻塚,259,559,1.16,0.08,20.3,32.4,6.5,40
6603530060,吹浦酒田線,遊佐停車場藤崎線,比子南鳥海停車場線,6461,0,1.5,酒田市藤塚字家の前,4430,酒田市藤塚字家の前,4360,8790,1.23,0.87,36.9,38.4,7.5,40
6603530070,吹浦酒田線,比子南鳥海停車場線,遊佐町・酒田市境,6461,0,0.9,酒田市藤塚字家の前,4430,酒田市藤塚字家の前,4360,8790,1.23,0.87,42.5,44.5,7.5,40
6603530080,吹浦酒田線,遊佐町・酒田市境,比子八幡線,6204,0,0.5,酒田市藤塚字家の前,4430,酒田市藤塚字家の前,4360,8790,1.23,0.72,52.8,54.9,16.5,40
6603530090,吹浦酒田線,比子八幡線,比子八幡線,6204,0,0.4,酒田市藤塚字家の前,4430,酒田市藤塚字家の前,4360,8790,1.23,0.72,34.7,26.4,16.5,40
6603530100,吹浦酒田線,比子八幡線,本楯停車場線,6204,0,0.5,酒田市藤塚字家の前,4430,酒田市藤塚字家の前,4360,8790,1.23,0.72,30.3,31.9,16.5,40
6603530110,吹浦酒田線,本楯停車場線,酒田八幡線,6204,0,2.1,酒田市藤塚字家の前,4430,酒田市藤塚字家の前,4360,8790,1.23,0.72,53.4,56.4,16.5,40
6603530120,吹浦酒田線,酒田八幡線,一般国道７号,6204,0,2.2,酒田市藤塚字家の前,4430,酒田市藤塚字家の前,4360,8790,1.23,0.72,53.9,48.8,16.5,40
6603530130,吹浦酒田線,一般国道７号,酒田港線,6204,0,1.4,酒田市ゆたか二丁目,6230,酒田市ゆたか二丁目,6024,12254,1.25,1.02,19.2,18.4,18,50
6603530140,吹浦酒田線,酒田港線,一般国道１１２号,6204,0,1.4,酒田市光ヶ丘一丁目,2534,酒田市光ヶ丘一丁目,2506,5040,1.22,0.55,19.4,20,11,40
6603530160,吹浦酒田線,一般国道１１２号,酒田港線,6204,0,0.7,酒田市寿町,3083,酒田市寿町,3586,6669,1.22,0.74,14.1,19.4,9,40
6603530180,吹浦酒田線,酒田松山線,一般国道１１２号,6204,0,0.7,酒田市上本町,4848,酒田市上本町,4878,9726,1.23,1.07,19.2,17.7,15,50
6603530190,吹浦酒田線,一般国道１１２号,一般国道７号,6204,0,2.3,酒田市亀ヶ崎六丁目,7075,酒田市亀ヶ崎六丁目,6434,13509,1.25,1.16,21.9,27.8,18,40
6603540010,勝浦法木線,,,6204,0,3.3,,158,,188,346,1.13,0.06,38.1,38.1,7.5,60
6603550010,宮野浦坂野辺新田線,,一般国道１１２号,6204,0,1.1,,4867,,4192,9059,1.23,0.8,17.1,8.7,10,30
6603550020,宮野浦坂野辺新田線,一般国道１１２号,酒田鶴岡線,6204,0,2.5,酒田市坂野辺新田字東狢山,5177,酒田市坂野辺新田字東狢山,5278,10455,1.23,0.45,27.7,40.8,33,60
6603560010,小浜猪子線,酒田鶴岡線,一般国道７号,6426,0,2.8,東田川郡三川町成田新田,1768,東田川郡三川町成田新田,2129,3897,1.21,0.39,51.1,44.9,10.5,60
6603560020,小浜猪子線,一般国道７号,庄内空港立川線,6426,0,1,東田川郡三川町成田新田,1768,東田川郡三川町成田新田,2129,3897,1.21,0.39,20.2,29.8,10.5,60
6603570010,浜中余目線,一般国道１１２号,酒田鶴岡線,6204,0,2.8,,413,,454,867,1.17,0.17,32,25.4,7,60
6603570030,浜中余目線,酒田鶴岡線,一般国道７号,6204,0,2.3,,974,,904,1878,1.21,0.25,44.3,35.2,7.5,60
6603570050,浜中余目線,一般国道７号,酒田市・庄内町境,6204,0,1,酒田市広野字大渕,648,酒田市広野字大渕,530,1178,1.2,0.2,27.4,22.7,9.5,60
6603570060,浜中余目線,酒田市・庄内町境,家根合新堀線,6428,0,1.9,酒田市広野字大渕,648,酒田市広野字大渕,530,1178,1.2,0.19,44.4,45.6,8,60
6603570070,浜中余目線,家根合新堀線,庄内町・酒田市境,6428,0,0.1,酒田市広野字大渕,648,酒田市広野字大渕,530,1178,1.2,0.19,21.8,32.5,8,60
6603570080,浜中余目線,庄内町・酒田市境,家根合新堀線,6204,0,0.5,酒田市広野字大渕,648,酒田市広野字大渕,530,1178,1.2,0.19,32.8,37.2,12.5,40
6603570090,浜中余目線,家根合新堀線,酒田市・庄内町境,6204,0,0.4,酒田市広野字大渕,648,酒田市広野字大渕,530,1178,1.2,0.19,31.8,31.6,12.5,40
6603570100,浜中余目線,酒田市・庄内町境,余目温海線,6428,0,0.5,酒田市広野字大渕,648,酒田市広野字大渕,530,1178,1.2,0.21,35.6,20.9,13.5,40
6603570110,浜中余目線,余目温海線,砂越余目線,6428,0,1.3,酒田市広野字大渕,648,酒田市広野字大渕,530,1178,1.2,0.21,23.6,21.5,13.5,40
6603580010,廻館松山線,一般国道４７号,庄内町・酒田市境,6428,0,3,,173,,157,330,1.15,0.06,21.6,31.3,8.5,60
6603580020,廻館松山線,庄内町・酒田市境,,6204,0,0.2,,173,,157,330,1.15,0.14,16.7,22.3,6,60
6603590010,家根合新堀線,余目加茂線,浜中余目線,6428,0,2,,173,,152,325,1.15,0.05,28.7,24.2,6.5,40
6603590030,家根合新堀線,浜中余目線,酒田鶴岡線,6204,0,2.1,,684,,704,1388,1.2,0.17,26.8,24.1,11.5,60
6603600040,砂越余目線（旧酒田松山線）,砂越停車場山楯線,,6204,0,0.1,東田川郡庄内町平岡字平岡,2886,東田川郡庄内町平岡字平岡,3022,5908,1.23,0.65,26.2,16.8,16.8,60
6400440020,砂越余目線,庄内町道（旧　余目温海線）,浜中余目線,6428,0,0.3,,1682,,1407,3089,1.23,0.35,27,20.1,11.5,30
6603600010,砂越余目線,,酒田市・庄内町境,6204,0,0.8,東田川郡庄内町平岡字平岡,2886,東田川郡庄内町平岡字平岡,3022,5908,1.23,0.54,30.9,35.8,13,60
6400440030,砂越余目線,浜中余目線,余目加茂線,6428,0,0.2,,1682,,1407,3089,1.23,0.35,19.1,16.4,11.5,30
6603600020,砂越余目線,酒田市・庄内町境,庄内町道（旧　余目温海線）,6428,0,3.8,東田川郡庄内町平岡字平岡,2886,東田川郡庄内町平岡字平岡,3022,5908,1.23,0.69,39.6,36,13,60
6603610010,大沼新田清川停車場線,一般国道３４５号,田沢下新田線,6204,0,1.4,酒田市地見興屋字下谷地,821,酒田市地見興屋字下谷地,864,1685,1.22,0.2,59.8,58.4,13.5,50
6603610020,大沼新田清川停車場線,田沢下新田線,酒田市・庄内町境,6204,0,3,酒田市地見興屋字下谷地,821,酒田市地見興屋字下谷地,864,1685,1.22,0.2,61.3,60.3,13.5,50
6603610030,大沼新田清川停車場線,酒田市・庄内町境,一般国道４７号,6428,0,0.3,酒田市地見興屋字下谷地,821,酒田市地見興屋字下谷地,864,1685,1.22,0.2,43.6,18.1,7,60
6603620010,海ヶ沢松山線,,円能寺砂越停車場線,6204,0,6.5,,352,,358,710,1.18,0.1,19.1,16.8,11,60
6603620020,海ヶ沢松山線,円能寺砂越停車場線,円能寺砂越停車場線,6204,0,0.9,,618,,521,1139,1.19,0.15,53.1,53.1,11,60
6603620030,海ヶ沢松山線,円能寺砂越停車場線,田沢下新田線,6204,0,0.3,,618,,521,1139,1.19,0.15,34.3,36.1,11,60
6603620040,海ヶ沢松山線,田沢下新田線,一般国道３４５号,6204,0,7.3,,618,,521,1139,1.19,0.15,42,40.6,11,60
6603630010,田沢下新田線,海ヶ沢松山線,平田鮭川線,6204,0,6.3,,895,,769,1664,1.21,0.24,40.4,52.4,9.5,60
6603630020,田沢下新田線,平田鮭川線,大沼新田清川停車場線,6204,0,6.4,,25,,25,50,1.04,0.01,38.7,39.3,9.5,60
6603640010,安田砂越停車場線,一般国道３４４号,北境曙線,6204,0,1.7,,434,,480,914,1.17,0.86,18.5,32.2,7,60
6603640020,安田砂越停車場線,北境曙線,北境曙線,6204,0,0.4,,434,,480,914,1.17,0.1,50.6,52.7,11.5,60
6603640030,安田砂越停車場線,北境曙線,生石酒田停車場線,6204,0,1.2,,434,,480,914,1.17,0.1,40.7,40,11.5,60
6603640040,安田砂越停車場線,生石酒田停車場線,酒田松山線,6204,0,3.1,,434,,480,914,1.17,0.1,41.6,38.9,11.5,60
6603650010,円能寺砂越停車場線,,海ヶ沢松山線,6204,0,4.2,,324,,362,686,1.18,0.13,39.7,26.9,6.75,60
6603650030,円能寺砂越停車場線,海ヶ沢松山線,酒田松山線,6204,0,3.8,酒田市楢橋字上川原,1862,酒田市楢橋字上川原,1895,3757,1.21,0.46,52.8,53.5,11.5,60
6603660010,升田観音寺線,,鳥海公園青沢線,6204,0,0.4,,949,,998,1947,1.22,0.28,16.2,19,9.5,50
6603660020,升田観音寺線,鳥海公園青沢線,鳥海公園青沢線,6204,0,2.2,,949,,998,1947,1.22,0.28,44.3,50.5,9.5,50
6603660030,升田観音寺線,鳥海公園青沢線,一般国道３４４号,6204,0,8.6,,949,,998,1947,1.22,0.28,55.7,52.6,9.5,50
6603670010,北境曙線,一般国道３４５号,安田砂越停車場線,6204,0,4.3,,1007,,1129,2136,1.22,0.29,52.5,57.1,8,60
6603670030,北境曙線,安田砂越停車場線,生石酒田停車場線,6204,0,1.6,,1059,,1094,2153,1.22,0.31,44.3,33.8,10.5,60
6603680010,鳥海公園青沢線,,升田観音寺線,6204,0,11.5,,185,,179,364,1.13,0.05,40.5,40.9,7.5,60
6603680030,鳥海公園青沢線,升田観音寺線,一般国道３４４号,6204,0,4.8,,78,,75,153,1.12,0.27,45.4,35.1,5,60
6603690010,比子八幡線,一般国道７号,遊佐町・酒田市境,6461,0,1.5,,915,,879,1794,1.21,0.3,30.7,38.6,19.5,60
6603690020,比子八幡線,遊佐町・酒田市境,吹浦酒田線,6204,0,0.1,,915,,879,1794,1.21,0.3,24.1,10.1,12,60
6603690040,比子八幡線,吹浦酒田線,酒田遊佐線,6204,0,1.9,,398,,364,762,1.17,0.09,45.9,42.2,10.5,60
6603690050,比子八幡線,酒田遊佐線,一般国道３４４号,6204,0,5.4,,398,,364,762,1.17,0.09,42.5,43.8,10.5,60
6603710010,菅里直世下野沢線,吹浦酒田線,一般国道３４５号,6461,0,6,飽海郡遊佐町当山字森ノ下,427,飽海郡遊佐町当山字森ノ下,446,873,1.17,0.13,40.5,32.1,7,60
6603730010,杉沢南鳥海停車場線,,一般国道３４５号,6461,0,6.4,,576,,656,1232,1.19,0.2,43.7,38.9,12,60
6603730030,杉沢南鳥海停車場線,一般国道３４５号,遊佐町・酒田市境,6461,0,1.4,,447,,503,950,1.17,0.16,38.3,42.2,10,60
6603730040,杉沢南鳥海停車場線,遊佐町・酒田市境,比子南鳥海停車場線,6204,0,0.9,,447,,503,950,1.17,0.16,36.3,34,12,60
6603730050,杉沢南鳥海停車場線,比子南鳥海停車場線,,6204,0,0.1,,447,,503,950,1.17,0.16,7.6,18.2,12,60
6603740010,比子南鳥海停車場線,,一般国道７号,6461,0,0.3,,310,,334,644,1.16,0.09,11.8,9.5,8.5,40
6603740020,比子南鳥海停車場線,一般国道７号,吹浦酒田線,6461,0,1.1,,310,,334,644,1.16,0.09,34.9,35.8,8.5,40
6603740030,比子南鳥海停車場線,吹浦酒田線,遊佐町・酒田市境,6461,0,0,,310,,334,644,1.16,0.09,18.3,17.9,8.5,40
6603740040,比子南鳥海停車場線,遊佐町・酒田市境,酒田遊佐線,6204,0,2.4,,310,,334,644,1.16,0.08,57.4,53.9,10.5,60
6603740060,比子南鳥海停車場線,酒田遊佐線,杉沢南鳥海停車場線,6204,0,0.4,,436,,427,863,1.17,0.12,32.3,32.5,10.5,60
6603750010,十里塚遊佐線,一般国道７号,吹浦酒田線,6461,0,1.5,飽海郡遊佐町藤崎字下モ山,170,飽海郡遊佐町藤崎字下モ山,155,325,1.12,0.22,18.9,23.8,5.5,60
6603750030,十里塚遊佐線,吹浦酒田線,一般国道３４５号,6461,0,2.4,,555,,603,1158,1.19,0.14,55.3,46.3,10.5,60
6603750040,十里塚遊佐線,一般国道３４５号,一般国道３４５号,6461,0,0.6,,555,,603,1158,1.19,0.14,22.2,19.3,10.5,60
6603760010,関根刈安線,板谷米沢停車場線,一般国道１３号,6202,0,7,,105,,113,218,1.16,0.03,39.2,38.5,7,40
6603770010,西郡居口線,,真室川町・鮭川村境,6364,0,4.6,,44,,41,85,1.1,0.13,28.8,29.9,4,60
6603770020,西郡居口線,真室川町・鮭川村境,新庄鮭川戸沢線,6366,0,6.6,,44,,41,85,1.1,0.13,28.8,29.9,4,60
6603780010,岳谷上屋地線,,川西小国線,6403,0,6,,138,,141,279,1.13,0.03,48,46.8,8,60
6603790010,日和田松川線,一般国道２８７号,日和田河原線,6206,0,0.7,,223,,206,429,1.12,0.05,27,22.8,12,40
6603790020,日和田松川線,日和田河原線,寒河江西川線,6206,0,1.8,,223,,206,429,1.12,0.05,35.6,34.3,12,40
6603790030,日和田松川線,寒河江西川線,一般国道１１２号,6206,0,0.5,,223,,206,429,1.12,0.05,16.6,9.8,12,40
6603790040,日和田松川線,一般国道１１２号,天童大江線,6206,0,3,,223,,206,429,1.12,0.05,21.8,18,12,40
6603800010,長瀞野田線,東根長島線,一般国道２８７号,6211,0,2.8,東根市大字蟹沢字羽黒堂,2215,東根市大字蟹沢字羽黒堂,2436,4651,1.22,0.7,49.8,39.1,9,60
6603810010,村山大石田線,寒河江村山線,新庄次年子村山線,6208,0,5.5,,953,,870,1823,1.2,0.24,44.9,45.9,9.5,40
6603810030,村山大石田線,新庄次年子村山線,村山市・大石田町境,6208,0,1.6,,192,,187,379,1.13,0.08,45.3,50.8,12.52,40
6603810040,村山大石田線,村山市・大石田町境,一般国道３４７号,6341,0,4.5,,192,,187,379,1.13,0.08,36.3,35.2,10.5,40
6603830030,板井川下山添線,鶴岡村上線,一般国道１１２号,6203,0,3.5,,991,,1053,2044,1.22,0.16,40.4,39.3,12.4,40
